wall_time,elapsed_s,sessions,scans_total,scans_in_window,scan_rate_hz,drspaam_fps,t_det_ms_mean,t_det_ms_p95,t_det_ms_max,t_track_ms_mean,t_track_ms_p95,t_track_ms_max,t_lat_ms_mean,t_lat_ms_p95,t_lat_ms_max,t_scan_ms_mean,t_scan_ms_p95,t_scan_ms_max,t_fwd_ms_mean,t_fwd_ms_p95,t_fwd_ms_max,inference_ms_mean,inference_ms_p95,inference_ms_max,loss_percent,jitter_ms,wire_ms_mean,wire_ms_p95,wire_ms_max,busy_drop_in_window,bad_packets_in_window,gpu_util_percent,drspaam_gpu_duty_percent,gpu_mem_util_percent,gpu_mem_used_mb,gpu_mem_total_mb,gpu_proc_mem_mb,torch_alloc_mb,torch_reserved_mb,torch_peak_mb,gpu_power_w,gpu_temp_c,gpu_sm_clock_mhz,cpu_percent_system,cpu_percent_process,proc_threads,ram_used_mb,ram_total_mb,ram_percent,proc_rss_mb,swap_used_mb,swap_total_mb,swap_percent
2026-09-04T13:11:59.637,1.005,1,0,0,0.0,,,,,,,,,,,,,,,,,,,,0.0,0.62,7.967,8.399,8.457,8,0,19.0,,15.0,515.6,4096.0,170.0,25.2,84.0,103.7,13.91,65.0,1575.0,10.2,97.4,65,8544.0,15708.2,54.4,964.5,0.0,4352.0,0.0
2026-09-04T13:12:00.637,2.005,1,1,1,1.0,0.69,1440.927,1440.927,1440.927,0.954,0.954,0.954,1442.681,1442.681,1442.681,,,,1416.02,1416.02,1416.02,1439.812,1439.812,1439.812,0.0,5.44,15.35,39.111,46.82,4,0,16.0,143.99,15.0,509.6,4096.0,164.0,22.9,78.0,891.2,14.86,64.0,1575.0,14.1,136.0,72,8674.8,15708.2,55.2,1128.3,0.0,4352.0,0.0
2026-09-04T13:12:01.637,3.005,1,4,3,3.0,2.5,400.312,1036.459,1148.675,0.695,0.758,0.767,515.457,1189.48,1297.16,900.614,1280.324,1300.097,390.912,1026.678,1138.867,400.145,1036.314,1148.537,0.0,4.55,8.552,9.015,9.089,2,0,10.0,120.05,9.0,537.6,4096.0,192.0,23.8,98.0,897.3,15.21,64.0,1575.0,7.8,70.0,72,8735.2,15708.2,55.6,1220.9,0.0,4352.0,0.0
2026-09-04T13:12:02.637,4.005,1,6,2,2.0,37.1,27.151,27.421,27.45,0.736,0.749,0.751,29.679,29.982,30.016,497.887,588.762,598.86,16.995,17.002,17.003,26.957,27.238,27.269,0.0,4.04,8.446,8.452,8.453,0,0,14.0,5.39,12.0,537.6,4096.0,192.0,23.8,98.0,897.3,12.62,64.0,1575.0,6.1,7.0,72,8656.9,15708.2,55.1,1220.9,0.0,4352.0,0.0
2026-09-04T13:12:03.639,5.007,1,8,2,2.0,11.99,83.593,134.632,140.303,0.727,0.745,0.747,85.523,136.075,141.692,400.921,402.441,402.61,73.608,124.58,130.244,83.407,134.456,140.128,0.0,5.93,22.29,45.758,49.885,0,0,15.0,16.65,10.0,543.6,4096.0,198.0,24.9,104.0,897.3,12.9,64.0,1575.0,7.6,52.9,72,8654.4,15708.2,55.1,1221.0,0.0,4352.0,0.0
2026-09-04T13:12:04.637,6.005,1,11,3,3.01,34.97,28.782,31.293,31.549,0.754,0.919,0.944,30.959,33.865,34.245,398.679,401.44,401.899,18.546,20.085,20.263,28.593,31.078,31.325,0.0,7.65,8.301,8.327,8.33,0,0,16.0,8.59,14.0,543.6,4096.0,198.0,23.8,104.0,897.3,13.02,64.0,1575.0,7.4,38.1,72,8659.6,15708.2,55.1,1221.0,0.0,4352.0,0.0
2026-09-04T13:12:05.637,7.005,1,14,3,3.0,33.28,30.25,32.106,32.12,0.869,0.993,0.995,32.555,34.825,34.959,400.448,402.008,402.22,19.278,20.462,20.471,30.045,31.902,31.921,0.0,6.33,8.496,8.766,8.81,0,0,0.0,9.01,0.0,543.6,4096.0,198.0,23.8,104.0,897.3,12.8,64.0,1575.0,9.8,76.0,72,8662.4,15708.2,55.1,1221.0,0.0,4352.0,0.0
2026-09-04T13:12:06.637,8.005,1,16,2,2.0,31.3,32.156,32.752,32.818,0.966,0.974,0.974,34.316,34.537,34.561,400.929,402.03,402.153,20.399,20.443,20.448,31.945,32.528,32.593,0.0,8.31,25.448,43.69,45.717,0,0,0.0,6.39,0.0,543.6,4096.0,198.0,23.8,104.0,897.3,12.55,64.0,1575.0,9.3,70.0,72,8670.9,15708.2,55.2,1221.0,0.0,4352.0,0.0
2026-09-04T13:12:07.637,9.005,1,19,3,3.0,35.7,28.179,30.581,30.957,0.746,0.838,0.85,30.373,32.309,32.593,397.78,399.074,399.295,18.015,19.82,20.132,28.01,30.389,30.76,0.0,8.95,8.481,8.72,8.758,0,0,0.0,8.4,0.0,543.6,4096.0,198.0,23.8,104.0,897.3,12.85,64.0,1575.0,6.7,44.0,72,8668.9,15708.2,55.2,1221.1,0.0,4352.0,0.0
2026-09-04T13:12:08.638,10.007,1,20,1,1.0,36.93,27.264,27.264,27.264,0.744,0.744,0.744,28.739,28.739,28.739,402.608,402.608,402.608,17.043,17.043,17.043,27.082,27.082,27.082,0.0,7.87,8.28,8.302,8.304,0,0,0.0,2.7,0.0,529.6,4096.0,184.0,38.0,90.0,897.3,12.55,64.0,1575.0,6.9,30.0,72,8677.2,15708.2,55.2,1221.3,0.0,4352.0,0.0
2026-09-04T13:12:09.637,11.005,1,22,2,2.0,1.89,530.144,980.671,1030.729,0.77,0.855,0.865,648.977,994.638,1033.045,601.888,782.704,802.795,520.576,971.065,1021.119,529.973,980.493,1030.55,0.0,8.92,21.23,43.137,46.994,1,0,5.0,106.17,2.0,537.6,4096.0,192.0,24.8,98.0,905.6,15.24,65.0,1575.0,13.3,145.2,72,8673.9,15708.2,55.2,1221.5,0.0,4352.0,0.0
2026-09-04T13:12:10.637,12.005,1,25,3,3.0,32.71,30.75,32.999,33.061,0.75,0.859,0.877,32.974,35.583,35.756,397.802,399.25,399.505,18.119,19.973,20.298,30.574,32.818,32.88,0.0,10.14,8.066,8.263,8.285,0,0,19.0,9.17,14.0,537.6,4096.0,192.0,23.8,98.0,905.6,13.22,65.0,1575.0,8.4,39.0,72,8678.3,15708.2,55.2,1221.5,0.0,4352.0,0.0
2026-09-04T13:12:11.637,13.005,1,28,3,3.0,35.44,28.42,30.596,30.96,0.794,0.859,0.87,31.104,33.362,33.743,400.512,401.761,401.962,18.062,19.858,20.174,28.219,30.352,30.709,0.0,8.5,8.699,9.281,9.377,0,0,0.0,8.47,0.0,537.6,4096.0,192.0,23.8,98.0,905.6,12.92,65.0,1575.0,6.9,42.0,72,8665.1,15708.2,55.2,1221.5,0.0,4352.0,0.0
2026-09-04T13:12:12.637,14.005,1,30,2,2.0,33.54,29.998,32.059,32.288,0.943,1.048,1.06,32.203,33.907,34.097,399.569,399.619,399.625,18.653,20.151,20.317,29.815,31.869,32.098,0.0,10.43,27.309,47.213,49.424,0,0,0.0,5.96,0.0,537.6,4096.0,192.0,23.8,98.0,905.6,12.58,65.0,1575.0,7.0,40.0,72,8654.6,15708.2,55.1,1221.5,0.0,4352.0,0.0
2026-09-04T13:12:13.639,15.007,1,32,2,2.0,34.15,29.462,31.381,31.594,0.891,1.041,1.058,32.099,34.117,34.341,399.621,399.633,399.634,18.737,20.204,20.367,29.285,31.194,31.406,0.0,10.95,7.882,8.243,8.293,0,0,0.0,5.85,0.0,537.6,4096.0,192.0,45.1,98.0,905.6,12.93,65.0,1575.0,7.7,44.9,72,8664.4,15708.2,55.2,1221.6,0.0,4352.0,0.0
2026-09-04T13:12:14.637,16.005,1,34,2,2.0,1.89,528.972,978.48,1028.426,0.768,0.818,0.824,647.128,992.573,1030.955,596.828,776.929,796.941,519.386,968.804,1018.74,528.822,978.326,1028.27,0.0,9.68,8.277,8.342,8.349,1,0,28.0,105.94,18.0,537.6,4096.0,192.0,23.9,98.0,905.6,14.89,65.0,1575.0,13.8,156.2,72,8658.8,15708.2,55.1,1222.0,0.0,4352.0,0.0
2026-09-04T13:12:15.638,17.005,1,36,2,2.0,36.15,27.865,27.884,27.886,0.857,0.947,0.957,30.466,30.607,30.622,399.643,399.687,399.692,17.087,17.104,17.106,27.665,27.676,27.677,0.0,10.63,22.49,46.488,50.721,0,0,0.0,5.53,0.0,553.6,4096.0,208.0,23.9,114.0,905.6,13.82,65.0,1575.0,7.9,33.9,72,8664.6,15708.2,55.2,1222.0,0.0,4352.0,0.0
2026-09-04T13:12:16.637,18.005,1,39,3,3.0,32.86,30.672,33.442,33.675,0.801,0.853,0.859,33.238,36.034,36.283,400.342,402.038,402.061,19.3,20.662,20.714,30.429,33.215,33.46,0.0,11.83,8.427,8.458,8.461,0,0,17.0,9.13,14.0,553.6,4096.0,208.0,23.8,114.0,905.6,12.99,65.0,1575.0,7.8,53.1,72,8659.6,15708.2,55.1,1222.0,0.0,4352.0,0.0
2026-09-04T13:12:17.637,19.005,1,42,3,3.0,33.07,30.429,32.293,32.393,0.841,0.98,0.999,32.407,35.098,35.343,399.615,402.417,402.834,19.159,20.229,20.241,30.242,32.099,32.199,0.0,9.79,8.491,8.748,8.79,0,0,0.0,9.07,0.0,553.6,4096.0,208.0,23.8,114.0,905.6,12.99,65.0,1575.0,9.5,75.0,72,8659.5,15708.2,55.1,1222.0,0.0,4352.0,0.0
2026-09-04T13:12:18.638,20.007,1,44,2,2.0,35.07,28.69,30.671,30.892,0.781,0.853,0.861,31.229,33.288,33.517,399.181,399.739,399.801,18.626,20.097,20.261,28.514,30.474,30.692,0.0,11.38,26.346,45.119,47.205,0,0,0.0,5.69,0.0,553.6,4096.0,208.0,23.8,114.0,905.6,12.67,65.0,1575.0,9.0,39.9,72,8583.9,15708.2,54.6,1222.0,0.0,4352.0,0.0
2026-09-04T13:12:19.637,21.005,1,47,3,3.01,34.38,29.272,30.327,30.336,0.782,0.826,0.829,31.763,32.856,32.881,399.767,401.835,402.005,19.069,20.164,20.176,29.087,30.126,30.133,0.0,11.7,9.254,10.86,11.137,0,0,0.0,8.74,0.0,553.6,4096.0,208.0,23.8,114.0,905.6,13.01,65.0,1575.0,11.4,72.1,72,8558.2,15708.2,54.5,1222.0,0.0,4352.0,0.0
2026-09-04T13:12:20.637,22.005,1,49,2,2.0,34.26,29.363,30.691,30.839,0.809,0.849,0.853,30.869,32.181,32.326,401.029,402.052,402.166,18.683,20.076,20.23,29.186,30.513,30.66,0.0,10.44,8.397,8.417,8.419,0,0,17.0,5.84,14.0,553.6,4096.0,208.0,23.8,114.0,905.6,13.0,65.0,1575.0,7.6,39.0,72,8555.6,15708.2,54.5,1222.0,0.0,4352.0,0.0
2026-09-04T13:12:21.637,23.005,1,52,3,3.0,32.5,30.962,31.617,31.707,0.864,0.92,0.924,33.567,34.099,34.164,398.8,399.659,399.677,20.286,20.498,20.519,30.772,31.428,31.519,0.0,11.01,21.192,42.969,46.81,0,0,0.0,9.23,0.0,553.6,4096.0,208.0,23.9,114.0,905.6,13.02,65.0,1575.0,11.5,97.0,72,8446.1,15708.2,53.8,1222.0,0.0,4352.0,0.0
2026-09-04T13:12:22.637,24.005,1,54,2,2.0,34.35,29.353,31.358,31.581,0.787,0.793,0.793,31.539,33.111,33.286,399.666,399.72,399.726,18.586,20.028,20.188,29.116,31.081,31.299,0.0,12.03,7.971,8.373,8.418,0,0,20.0,5.82,14.0,553.6,4096.0,208.0,23.8,114.0,905.6,13.03,66.0,1575.0,7.3,49.0,72,8424.0,15708.2,53.6,1222.0,0.0,4352.0,0.0
2026-09-04T13:12:23.639,25.007,1,57,3,2.99,35.6,28.277,30.384,30.721,0.784,0.904,0.92,30.577,33.069,33.412,399.426,401.762,401.999,18.031,19.743,20.044,28.089,30.189,30.522,0.0,9.93,8.49,8.601,8.618,0,0,0.0,8.41,0.0,553.6,4096.0,208.0,23.8,114.0,905.6,13.05,65.0,1575.0,7.9,42.9,72,8430.6,15708.2,53.7,1222.0,0.0,4352.0,0.0
2026-09-04T13:12:24.637,26.005,1,59,2,2.0,37.58,26.768,27.306,27.366,0.673,0.675,0.675,29.252,29.916,29.99,398.562,399.581,399.694,16.988,17.015,17.018,26.608,27.145,27.204,0.0,11.35,26.443,44.403,46.398,0,0,0.0,5.33,0.0,553.6,4096.0,208.0,23.8,114.0,905.6,12.7,65.0,1575.0,4.6,6.0,72,8426.3,15708.2,53.6,1222.0,0.0,4352.0,0.0
2026-09-04T13:12:25.637,27.005,1,62,3,3.0,34.16,29.459,31.171,31.19,0.819,0.872,0.878,31.934,33.488,33.56,400.348,401.849,402.089,19.194,20.343,20.355,29.273,30.962,30.978,0.0,11.45,8.326,8.374,8.376,0,0,0.0,8.78,0.0,553.6,4096.0,208.0,23.8,114.0,905.6,13.05,65.0,1575.0,10.8,73.0,72,8431.8,15708.2,53.7,1222.0,0.0,4352.0,0.0
2026-09-04T13:12:26.637,28.005,1,64,2,2.0,31.88,31.568,32.031,32.082,0.895,0.965,0.973,34.409,34.931,34.989,398.412,399.578,399.708,20.301,20.404,20.416,31.368,31.816,31.866,0.0,10.08,8.368,8.427,8.433,0,0,19.0,6.27,14.0,553.6,4096.0,208.0,23.9,114.0,905.6,13.09,66.0,1575.0,9.0,74.0,72,8427.5,15708.2,53.7,1222.1,0.0,4352.0,0.0
2026-09-04T13:12:27.637,29.005,1,67,3,3.0,35.9,28.029,30.167,30.519,0.764,0.901,0.921,30.19,31.88,32.165,366.02,479.694,499.722,18.023,19.798,20.111,27.858,29.987,30.336,0.0,11.32,21.313,46.344,50.576,0,0,0.0,8.36,0.0,553.6,4096.0,208.0,23.8,114.0,905.6,13.07,65.0,1575.0,7.5,41.0,72,8423.2,15708.2,53.6,1222.1,0.0,4352.0,0.0
2026-09-04T13:12:28.639,30.007,1,72,5,4.99,35.9,28.019,30.126,30.753,0.712,0.773,0.789,30.125,32.703,33.361,220.694,282.252,301.983,17.643,19.429,20.0,27.854,29.957,30.584,0.0,10.63,8.024,9.688,10.028,0,0,17.0,13.9,14.0,553.6,4096.0,208.0,23.8,114.0,905.6,13.73,66.0,1575.0,7.8,46.9,72,8419.0,15708.2,53.6,1222.1,0.0,4352.0,0.0
2026-09-04T13:12:29.637,31.005,1,82,10,10.02,32.52,30.954,33.368,33.651,0.903,1.076,1.084,33.315,36.011,36.126,100.06,100.683,100.721,19.382,20.588,20.61,30.749,33.141,33.423,0.0,6.5,8.947,13.177,14.439,0,0,19.0,30.81,14.0,553.6,4096.0,208.0,23.8,114.0,905.6,15.34,66.0,1575.0,22.9,264.4,72,8421.1,15708.2,53.6,1222.1,0.0,4352.0,0.0
2026-09-04T13:12:30.637,32.005,1,92,10,10.0,33.51,30.043,32.136,32.287,0.799,0.865,0.871,32.588,34.77,34.964,99.716,100.656,100.804,18.966,20.351,20.374,29.845,31.906,32.038,0.0,10.46,13.808,42.276,69.964,0,0,36.0,29.84,28.0,553.6,4096.0,208.0,23.7,114.0,905.6,15.78,66.0,1575.0,20.6,227.0,72,8420.5,15708.2,53.6,1222.1,0.0,4352.0,0.0
2026-09-04T13:12:31.637,33.005,1,102,10,10.0,35.38,28.47,31.421,32.016,0.818,1.031,1.147,30.75,33.407,33.57,99.545,101.086,101.269,17.663,20.086,20.103,28.264,31.202,31.797,0.0,5.77,8.19,9.039,9.073,0,0,20.0,28.27,14.0,553.6,4096.0,208.0,23.8,114.0,905.6,16.02,66.0,1575.0,11.6,96.0,72,8427.3,15708.2,53.6,1222.1,0.0,4352.0,0.0
2026-09-04T13:12:32.637,34.005,1,112,10,10.0,34.85,28.906,31.936,32.064,0.763,0.818,0.833,30.73,34.372,34.446,100.532,100.995,101.08,18.066,20.413,20.462,28.691,31.709,31.829,0.0,3.53,9.464,12.718,13.529,0,0,20.0,28.69,14.0,553.6,4096.0,208.0,23.8,114.0,905.6,15.72,66.0,1575.0,12.6,128.0,72,8424.1,15708.2,53.6,1222.1,0.0,4352.0,0.0
2026-09-04T13:12:33.639,35.007,1,122,10,9.98,36.0,27.96,31.397,31.761,0.737,0.823,0.826,30.412,33.619,34.541,99.801,100.872,100.944,17.631,20.192,20.259,27.774,31.184,31.571,0.0,9.67,14.019,44.477,73.954,0,0,33.0,27.71,28.0,553.6,4096.0,208.0,23.8,114.0,905.6,15.74,66.0,1575.0,12.1,95.8,72,8421.9,15708.2,53.6,1222.1,0.0,4352.0,0.0
2026-09-04T13:12:34.637,36.005,1,132,10,10.02,37.37,26.939,27.574,27.659,0.698,0.762,0.768,29.454,30.561,30.779,99.724,100.644,100.667,17.002,17.107,17.135,26.76,27.403,27.496,0.0,5.41,8.586,9.99,10.97,0,0,17.0,26.81,14.0,553.6,4096.0,208.0,23.8,114.0,905.6,16.0,66.0,1575.0,6.8,32.1,72,8426.2,15708.2,53.6,1222.2,0.0,4352.0,0.0
2026-09-04T13:12:35.637,37.005,1,142,10,10.0,35.48,28.351,31.028,31.043,0.802,0.901,0.939,30.96,33.447,33.53,99.689,100.751,100.76,17.973,20.259,20.322,28.183,30.864,30.876,0.0,3.04,8.153,8.396,8.4,0,0,17.0,28.18,14.0,553.6,4096.0,208.0,23.7,114.0,905.6,15.73,66.0,1575.0,14.7,125.0,72,8433.9,15708.2,53.7,1222.2,0.0,4352.0,0.0
2026-09-04T13:12:36.637,38.005,1,152,10,10.0,33.15,30.357,33.041,33.79,0.845,0.973,1.009,33.221,37.577,37.926,99.87,101.094,101.325,19.034,20.545,20.637,30.165,32.825,33.534,0.0,6.32,15.518,45.777,48.296,0,0,13.0,30.17,10.0,553.6,4096.0,208.0,23.8,114.0,905.6,15.46,67.0,1575.0,25.3,232.0,72,8425.5,15708.2,53.6,1222.2,0.0,4352.0,0.0
2026-09-04T13:12:37.638,39.005,1,160,8,8.0,36.17,27.863,30.649,30.811,0.721,0.816,0.828,30.25,32.796,33.36,125.021,230.688,300.638,17.371,19.08,20.102,27.649,30.381,30.629,0.56,3.65,8.444,8.983,9.323,0,1,17.0,22.12,14.0,553.6,4096.0,208.0,23.8,114.0,905.6,15.47,67.0,1575.0,8.8,58.0,72,8420.8,15708.2,53.6,1222.2,0.0,4352.0,0.0
2026-09-04T13:12:38.643,40.01,1,170,10,9.95,31.99,31.505,32.878,32.959,0.86,0.932,0.95,34.398,36.268,37.272,99.549,100.686,100.72,19.917,20.41,20.472,31.262,32.455,32.544,0.53,2.31,8.041,8.473,8.486,0,0,20.0,31.11,14.0,553.6,4096.0,208.0,23.8,114.0,905.6,15.84,67.0,1575.0,26.7,328.3,72,8418.8,15708.2,53.6,1222.2,0.0,4352.0,0.0
2026-09-04T13:12:39.637,41.005,1,180,10,10.05,31.25,32.212,36.517,37.66,0.921,1.048,1.053,34.553,38.972,39.293,100.002,101.524,101.679,19.472,20.622,20.63,32.003,36.301,37.46,0.0,5.22,14.297,44.879,45.174,0,0,16.0,32.17,10.0,553.6,4096.0,208.0,23.9,114.0,905.6,15.56,67.0,1575.0,23.6,268.5,72,8416.0,15708.2,53.6,1222.2,0.0,4352.0,0.0
2026-09-04T13:12:40.638,42.005,1,190,10,10.0,32.85,30.642,35.854,37.787,0.852,1.041,1.042,32.876,39.036,40.988,100.048,101.271,101.306,18.758,20.597,20.61,30.441,35.628,37.567,0.0,2.81,8.359,8.429,8.44,0,0,17.0,30.44,14.0,553.6,4096.0,208.0,23.8,114.0,905.6,16.22,67.0,1575.0,18.3,198.8,72,8422.4,15708.2,53.6,1222.2,0.0,4352.0,0.0
2026-09-04T13:12:41.637,43.005,1,200,10,10.0,31.96,31.516,35.084,36.154,0.923,1.075,1.082,34.741,39.264,40.52,99.738,101.408,101.488,19.427,20.671,20.688,31.284,34.72,35.659,0.0,1.58,8.399,8.695,8.7,0,0,17.0,31.28,14.0,553.6,4096.0,208.0,23.7,114.0,905.6,15.86,67.0,1575.0,23.2,262.3,72,8428.7,15708.2,53.7,1222.2,0.0,4352.0,0.0
2026-09-04T13:12:42.637,44.005,1,210,10,10.0,33.76,29.803,34.512,35.856,0.827,0.983,1.0,31.88,37.147,38.598,100.102,101.455,101.867,18.447,20.715,20.852,29.622,34.307,35.642,0.0,5.14,12.403,30.549,48.592,0,0,3.0,29.62,3.0,553.6,4096.0,208.0,23.8,114.0,905.6,15.53,67.0,1575.0,15.0,161.0,72,8408.9,15708.2,53.5,1222.2,0.0,4352.0,0.0
2026-09-04T13:12:43.640,45.008,1,220,10,9.97,31.97,31.48,32.804,32.99,0.905,1.04,1.047,34.123,35.672,36.006,99.626,101.638,101.85,19.711,20.581,20.607,31.277,32.585,32.766,0.0,3.22,7.925,8.608,8.694,0,0,19.0,31.18,14.0,553.6,4096.0,208.0,44.8,114.0,905.6,15.95,67.0,1575.0,25.5,298.0,72,8412.9,15708.2,53.6,1222.2,0.0,4352.0,0.0
2026-09-04T13:12:44.637,46.005,1,230,10,10.03,33.75,29.818,34.623,36.079,0.77,0.867,0.868,32.179,37.213,38.845,99.835,101.105,101.313,18.907,21.794,22.511,29.629,34.42,35.861,0.0,2.14,8.335,9.841,10.757,0,0,20.0,29.72,14.0,553.6,4096.0,208.0,31.2,114.0,905.6,15.9,67.0,1575.0,18.2,195.6,72,8403.3,15708.2,53.5,1222.2,0.0,4352.0,0.0
2026-09-04T13:12:45.637,47.005,1,240,10,10.0,34.39,29.26,32.473,32.901,0.743,0.818,0.83,31.238,34.478,34.517,100.307,101.549,101.604,18.269,20.889,20.919,29.08,32.301,32.724,0.0,5.48,12.411,30.335,48.055,0,0,4.0,29.08,4.0,553.6,4096.0,208.0,44.9,114.0,905.6,15.62,67.0,1575.0,14.1,127.1,72,8405.2,15708.2,53.5,1222.2,0.0,4352.0,0.0
2026-09-04T13:12:46.637,48.005,1,250,10,10.0,33.83,29.753,31.769,32.157,0.775,0.872,0.885,32.388,34.644,35.086,99.504,101.334,101.414,18.859,20.24,20.246,29.556,31.58,31.964,0.0,3.0,8.303,8.596,8.668,0,0,17.0,29.55,14.0,553.6,4096.0,208.0,32.0,114.0,905.6,15.89,67.0,1575.0,18.4,196.9,72,8404.8,15708.2,53.5,1222.2,0.0,4352.0,0.0
2026-09-04T13:12:47.637,49.005,1,260,10,10.0,32.92,30.572,33.713,34.706,0.804,0.945,0.999,32.851,36.707,37.877,99.757,100.807,100.96,19.126,20.963,21.237,30.378,33.485,34.443,0.0,1.65,8.412,8.774,8.816,0,0,17.0,30.38,14.0,553.6,4096.0,208.0,38.9,114.0,905.6,15.97,67.0,1575.0,20.0,230.1,72,8408.4,15708.2,53.5,1222.2,0.0,4352.0,0.0
2026-09-04T13:12:48.640,50.008,1,270,10,9.97,33.8,29.787,33.65,34.119,0.856,1.138,1.271,31.976,36.601,37.031,100.231,101.852,102.026,18.739,20.783,21.137,29.589,33.406,33.864,0.0,4.98,12.383,30.499,46.231,0,0,9.0,29.51,8.0,553.6,4096.0,208.0,31.1,114.0,905.6,15.71,67.0,1575.0,28.2,189.5,72,8618.4,15708.2,54.9,1222.2,0.0,4352.0,0.0
2026-09-04T13:12:49.637,51.005,1,280,10,10.03,32.74,30.741,35.375,35.723,0.833,0.961,0.993,33.231,37.706,37.824,99.243,101.449,101.553,19.696,22.534,23.625,30.542,35.125,35.494,0.0,3.31,7.925,9.484,10.091,0,0,20.0,30.63,14.0,553.6,4096.0,208.0,24.9,114.0,905.6,15.97,67.0,1575.0,30.0,249.8,72,8610.6,15708.2,54.8,1222.2,0.0,4352.0,0.0
2026-09-04T13:12:50.638,52.005,1,290,10,10.0,35.64,28.25,31.327,31.391,0.782,0.998,1.129,29.986,33.468,33.879,100.613,101.389,101.629,17.995,20.183,20.188,28.059,31.139,31.198,0.0,1.91,8.366,8.541,8.688,0,0,19.0,28.05,14.0,553.6,4096.0,208.0,34.3,114.0,905.6,15.95,67.0,1575.0,21.8,120.9,72,8694.3,15708.2,55.3,1222.2,0.0,4352.0,0.0
2026-09-04T13:12:51.637,53.005,1,300,10,10.0,33.96,29.646,31.469,31.578,0.815,0.938,0.976,32.192,34.204,34.319,99.509,101.32,101.544,18.882,20.346,20.483,29.45,31.234,31.359,0.0,4.88,11.906,28.052,43.726,0,0,15.0,29.45,11.0,553.6,4096.0,208.0,31.4,114.0,905.6,15.85,68.0,1575.0,28.3,192.1,72,8718.6,15708.2,55.5,1222.2,0.0,4352.0,0.0
2026-09-04T13:12:52.637,54.005,1,310,10,10.0,32.45,31.008,34.366,36.236,0.892,1.08,1.101,33.409,37.217,39.243,100.288,101.531,101.835,19.822,22.977,24.975,30.819,34.182,36.052,0.0,2.84,8.662,9.992,11.041,0,0,20.0,30.82,14.0,553.6,4096.0,208.0,31.0,114.0,905.6,16.05,68.0,1575.0,23.4,257.1,72,8726.5,15708.2,55.6,1222.2,0.0,4352.0,0.0
2026-09-04T13:12:53.638,55.007,1,320,10,9.98,35.63,28.242,33.836,35.385,0.745,0.853,0.87,30.387,37.424,38.897,100.022,101.415,101.437,18.406,22.664,24.664,28.064,33.645,35.204,0.0,2.1,8.586,10.539,12.06,0,0,17.0,28.01,14.0,553.6,4096.0,208.0,24.9,114.0,905.6,15.98,68.0,1575.0,20.9,114.8,72,8830.7,15708.2,56.2,1222.2,0.0,4352.0,0.0
2026-09-04T13:12:54.638,56.005,1,330,10,10.02,35.17,28.616,32.456,33.856,0.793,0.9,0.912,30.847,36.004,38.378,99.659,100.778,100.799,18.323,20.321,20.387,28.43,32.248,33.631,0.0,5.66,12.196,30.744,48.7,0,0,8.0,28.48,7.0,553.6,4096.0,208.0,40.3,114.0,905.6,15.73,68.0,1575.0,23.9,158.1,72,8871.3,15708.2,56.5,1222.2,0.0,4352.0,0.0
2026-09-04T13:12:55.637,57.005,1,340,10,10.0,32.37,31.097,35.635,37.628,0.806,0.902,0.904,33.281,38.544,40.311,100.109,101.882,101.923,19.722,24.057,27.09,30.888,35.415,37.437,0.0,3.68,8.366,10.152,11.483,0,0,20.0,30.89,14.0,553.6,4096.0,208.0,31.9,114.0,905.6,16.08,68.0,1575.0,19.7,224.2,72,8864.2,15708.2,56.4,1222.2,0.0,4352.0,0.0
2026-09-04T13:12:56.637,58.005,1,350,10,10.0,33.69,29.865,33.022,33.663,0.794,0.892,0.918,32.457,35.684,36.13,99.82,101.194,101.203,18.878,21.55,22.587,29.681,32.828,33.477,0.0,2.49,8.547,9.816,10.12,0,0,19.0,29.68,14.0,553.6,4096.0,208.0,33.3,114.0,905.6,16.04,68.0,1575.0,19.7,198.9,72,8866.2,15708.2,56.4,1222.2,0.0,4352.0,0.0
2026-09-04T13:12:57.637,59.005,1,360,10,10.0,31.04,32.43,38.524,40.136,0.819,0.896,0.907,34.9,41.615,43.033,99.919,101.535,101.707,20.29,25.052,27.621,32.22,38.24,39.88,0.0,5.64,12.472,30.737,47.904,0,0,10.0,32.22,8.0,553.6,4096.0,208.0,24.9,114.0,905.6,15.88,68.0,1575.0,22.3,263.2,72,8837.3,15708.2,56.3,1222.2,0.0,4352.0,0.0
2026-09-04T13:12:58.639,60.007,1,367,7,6.99,31.92,31.529,32.961,33.169,0.85,0.948,0.97,34.08,35.921,35.969,99.957,101.256,101.257,19.861,20.513,20.547,31.328,32.748,32.962,0.0,3.29,8.083,8.593,8.687,2,0,0.0,21.89,0.0,531.6,4096.0,186.0,37.9,92.0,905.6,15.83,68.0,1575.0,23.3,248.6,72,8816.3,15708.2,56.1,1222.3,0.0,4352.0,0.0
2026-09-04T13:12:59.637,61.005,1,371,4,4.01,3.5,285.893,893.953,1045.536,0.835,0.912,0.922,299.755,902.751,1048.303,324.763,864.908,999.738,273.468,880.481,1032.126,285.685,893.742,1045.338,0.0,2.18,7.756,8.468,8.481,7,0,17.0,114.5,11.0,553.6,4096.0,208.0,24.9,114.0,905.6,15.81,68.0,1575.0,18.1,213.4,72,8787.1,15708.2,55.9,1222.5,0.0,4352.0,0.0
2026-09-04T13:13:00.638,62.005,1,381,10,10.0,33.68,29.885,33.625,34.327,0.778,0.875,0.875,32.052,36.195,37.623,100.302,100.887,100.926,18.484,20.492,20.536,29.689,33.395,34.068,0.0,5.38,11.94,29.561,46.813,0,0,11.0,29.68,9.0,553.6,4096.0,208.0,32.4,114.0,905.6,15.96,68.0,1575.0,16.0,171.8,72,8767.0,15708.2,55.8,1222.5,0.0,4352.0,0.0
2026-09-04T13:13:01.637,63.005,1,391,10,10.0,32.89,30.6,37.331,41.126,0.809,0.952,0.988,33.359,40.257,43.985,99.487,101.262,101.771,19.53,25.248,28.851,30.407,37.125,40.922,0.0,2.99,8.531,9.207,9.343,0,0,19.0,30.41,14.0,553.6,4096.0,208.0,24.8,114.0,905.6,16.11,68.0,1575.0,19.9,198.1,72,8747.8,15708.2,55.7,1222.5,0.0,4352.0,0.0
2026-09-04T13:13:02.638,64.005,1,401,10,10.0,34.45,29.216,33.922,35.007,0.983,1.427,1.447,31.18,36.852,37.888,100.278,101.161,101.284,18.273,21.451,22.165,29.027,33.726,34.798,0.0,1.61,8.349,8.454,8.485,0,0,17.0,29.03,14.0,553.6,4096.0,208.0,24.9,114.0,905.6,16.09,68.0,1575.0,13.5,133.9,72,8722.9,15708.2,55.5,1223.3,0.0,4352.0,0.0
2026-09-04T13:13:03.639,65.007,1,411,10,9.98,33.83,29.761,32.842,32.956,0.883,1.074,1.116,32.553,35.87,35.923,99.525,101.142,101.272,18.77,21.162,21.715,29.561,32.608,32.747,0.0,5.41,12.131,30.397,48.022,0,0,13.0,29.51,12.0,553.6,4096.0,208.0,24.8,114.0,905.6,15.95,68.0,1575.0,17.7,186.9,72,8715.3,15708.2,55.5,1223.3,0.0,4352.0,0.0
2026-09-04T13:13:04.637,66.005,1,421,10,10.02,32.76,30.732,33.122,33.451,0.806,0.888,0.923,33.309,36.131,36.241,99.812,101.6,101.846,18.993,20.497,20.588,30.529,32.907,33.22,0.0,3.29,8.427,10.415,11.342,0,0,20.0,30.58,14.0,553.6,4096.0,208.0,24.9,114.0,905.6,16.17,68.0,1575.0,21.2,236.3,72,8695.4,15708.2,55.4,1223.3,0.0,4352.0,0.0
2026-09-04T13:13:05.637,67.005,1,431,10,10.0,31.38,32.071,33.635,33.812,1.026,1.471,1.527,34.409,35.238,35.345,100.28,101.478,101.933,20.066,20.815,21.033,31.868,33.438,33.643,0.0,2.7,9.245,13.375,16.626,0,0,20.0,31.88,14.0,553.6,4096.0,208.0,24.9,114.0,905.6,16.19,68.0,1575.0,25.8,323.2,72,8684.6,15708.2,55.3,1223.3,0.0,4352.0,0.0
2026-09-04T13:13:06.637,68.005,1,436,5,5.0,35.26,28.563,31.116,31.449,1.877,2.309,2.316,31.446,35.239,36.109,100.544,100.913,100.927,17.892,20.241,20.955,28.358,30.901,31.222,0.0,5.53,12.076,29.065,45.847,4,0,22.0,14.18,21.0,567.6,4096.0,222.0,61.2,128.0,905.6,15.75,68.0,1575.0,12.8,129.0,72,8668.2,15708.2,55.2,1223.5,0.0,4352.0,0.0
2026-09-04T13:13:07.638,69.006,1,443,7,7.0,5.82,171.964,729.253,1028.535,1.593,2.097,2.261,180.973,743.825,1032.129,227.095,724.91,992.222,161.293,718.43,1017.657,171.746,729.045,1028.328,0.0,3.08,8.454,8.859,8.894,5,0,19.0,120.14,14.0,537.6,4096.0,192.0,23.7,98.0,905.6,16.74,68.0,1575.0,13.6,151.8,72,8660.6,15708.2,55.1,1223.7,0.0,4352.0,0.0
2026-09-04T13:13:08.640,70.008,1,453,10,9.97,33.85,29.745,33.262,33.773,1.761,2.445,2.485,32.687,36.717,37.287,100.379,102.399,102.998,18.535,20.666,20.808,29.544,33.04,33.531,0.0,2.1,8.964,11.463,13.474,0,0,20.0,29.46,14.0,569.6,4096.0,224.0,23.8,130.0,905.6,16.18,68.0,1575.0,18.7,171.6,72,8675.7,15708.2,55.2,1223.7,0.0,4352.0,0.0
2026-09-04T13:13:09.638,71.005,1,462,9,9.03,32.5,30.968,32.85,32.856,1.225,1.639,1.649,33.624,36.287,36.707,100.245,101.191,101.372,19.638,20.82,21.133,30.769,32.637,32.645,0.0,5.47,11.999,29.698,44.992,0,0,17.0,27.78,14.0,569.6,4096.0,224.0,24.8,130.0,905.6,16.12,69.0,1575.0,23.1,275.7,72,8671.6,15708.2,55.2,1223.7,0.0,4352.0,0.0
2026-09-04T13:13:10.637,72.005,1,473,11,11.0,33.93,29.663,34.545,37.383,0.802,0.882,0.887,32.334,37.412,40.291,99.277,100.875,100.978,18.383,20.195,20.215,29.474,34.346,37.165,0.0,2.93,8.292,8.438,8.441,0,0,17.0,32.43,14.0,569.6,4096.0,224.0,23.7,130.0,905.6,16.17,69.0,1575.0,17.2,182.2,72,8667.3,15708.2,55.2,1223.7,0.0,4352.0,0.0
2026-09-04T13:13:11.637,73.005,1,483,10,10.0,33.47,30.067,32.425,32.911,0.848,0.957,0.993,32.487,35.344,35.985,99.814,101.278,101.644,19.013,20.589,20.723,29.878,32.229,32.694,0.0,1.61,8.418,8.62,8.749,0,0,20.0,29.87,14.0,569.6,4096.0,224.0,23.8,130.0,905.6,16.18,69.0,1575.0,19.8,210.8,72,8661.1,15708.2,55.1,1223.7,0.0,4352.0,0.0
2026-09-04T13:13:12.637,74.005,1,493,10,10.0,34.01,29.593,32.727,32.868,0.848,0.935,0.943,31.647,35.227,35.736,100.211,101.108,101.176,18.375,20.408,20.477,29.399,32.519,32.648,0.0,5.05,12.283,30.027,47.717,0,0,17.0,29.4,14.0,569.6,4096.0,224.0,23.8,130.0,905.6,16.19,69.0,1575.0,22.5,172.2,72,8682.6,15708.2,55.3,1223.7,0.0,4352.0,0.0
2026-09-04T13:13:13.642,75.01,1,502,9,8.95,35.47,28.37,31.896,32.494,0.806,0.945,0.978,30.639,34.666,35.344,100.403,101.546,101.946,17.83,20.502,20.613,28.191,31.696,32.302,0.0,3.07,8.382,9.86,11.064,0,0,17.0,25.24,14.0,569.6,4096.0,224.0,24.8,130.0,905.6,16.11,69.0,1575.0,18.4,111.3,72,8688.1,15708.2,55.3,1223.7,0.0,4352.0,0.0
2026-09-04T13:13:14.637,76.005,1,513,11,11.05,30.79,32.668,38.937,44.734,0.882,0.994,1.009,35.298,41.294,47.395,99.102,101.477,101.714,20.129,20.998,21.405,32.476,38.721,44.548,0.0,2.31,8.407,10.735,12.63,0,0,19.0,35.9,14.0,569.6,4096.0,224.0,23.8,130.0,905.6,16.24,69.0,1575.0,29.8,328.8,72,8686.4,15708.2,55.3,1223.7,0.0,4352.0,0.0
2026-09-04T13:13:15.637,77.005,1,523,10,10.0,35.36,28.453,32.102,32.448,0.715,0.802,0.804,29.942,34.053,34.14,100.556,101.142,101.266,17.867,20.872,20.941,28.278,31.914,32.244,0.0,5.51,12.385,30.47,48.482,0,0,17.0,28.28,14.0,569.6,4096.0,224.0,23.8,130.0,905.6,16.23,69.0,1575.0,12.5,107.0,72,8686.5,15708.2,55.3,1223.7,0.0,4352.0,0.0
2026-09-04T13:13:16.637,78.005,1,533,10,10.0,32.0,31.466,33.3,34.255,0.859,1.036,1.123,34.036,36.158,37.026,99.522,101.262,101.309,20.015,20.893,21.269,31.255,33.09,34.057,0.0,3.17,8.567,9.722,10.78,0,0,19.0,31.25,14.0,569.6,4096.0,224.0,23.9,130.0,905.6,16.21,69.0,1575.0,27.3,311.9,72,8685.9,15708.2,55.3,1223.7,0.0,4352.0,0.0
2026-09-04T13:13:17.637,79.005,1,543,10,10.0,32.54,30.938,33.985,34.204,0.906,1.132,1.177,32.893,36.245,36.329,100.576,102.02,102.869,19.379,21.128,21.261,30.735,33.747,33.953,0.0,1.71,8.403,8.567,8.575,0,0,17.0,30.74,14.0,569.6,4096.0,224.0,23.8,130.0,905.6,16.24,69.0,1575.0,27.3,225.0,72,8670.0,15708.2,55.2,1223.7,0.0,4352.0,0.0
2026-09-04T13:13:18.640,80.008,1,553,10,9.97,32.04,31.41,34.053,34.149,0.962,1.054,1.064,34.362,37.414,37.456,99.472,101.285,101.74,19.601,20.947,21.048,31.207,33.836,33.921,0.0,4.99,12.195,29.446,46.649,0,0,20.0,31.11,14.0,569.6,4096.0,224.0,23.8,130.0,905.6,16.22,69.0,1575.0,39.2,241.1,72,8619.4,15708.2,54.9,1223.7,0.0,4352.0,0.0
2026-09-04T13:13:19.637,81.005,1,563,10,10.03,32.99,30.513,32.926,33.384,0.893,1.023,1.024,33.402,36.374,37.069,99.266,100.635,100.687,19.112,20.738,20.965,30.31,32.735,33.176,0.0,3.25,7.685,8.432,8.481,0,0,19.0,30.4,14.0,569.6,4096.0,224.0,23.8,130.0,905.6,16.26,69.0,1575.0,28.4,223.7,72,8611.9,15708.2,54.8,1223.7,0.0,4352.0,0.0
2026-09-04T13:13:20.637,82.005,1,573,10,10.0,32.29,31.148,33.795,34.379,0.853,1.011,1.031,33.407,36.645,37.267,100.585,102.085,102.767,19.595,20.98,21.058,30.965,33.605,34.185,0.0,3.01,10.169,18.12,25.732,0,0,20.0,30.97,14.0,569.6,4096.0,224.0,23.8,130.0,905.6,16.3,69.0,1575.0,22.8,257.0,72,8607.1,15708.2,54.8,1223.7,0.0,4352.0,0.0
2026-09-04T13:13:21.637,83.005,1,583,10,10.0,32.9,30.602,33.237,33.4,0.91,1.219,1.242,33.22,35.817,36.528,100.009,101.549,101.59,19.095,20.74,20.898,30.393,33.015,33.201,0.0,6.05,12.973,31.984,49.496,0,0,19.0,30.4,14.0,569.6,4096.0,224.0,23.7,130.0,905.6,16.33,69.0,1575.0,25.4,220.0,72,8602.4,15708.2,54.8,1223.7,0.0,4352.0,0.0
2026-09-04T13:13:22.637,84.005,1,593,10,10.0,35.79,28.121,31.474,31.745,0.765,0.978,1.028,30.531,33.646,34.373,99.51,100.672,100.716,17.647,20.216,20.232,27.939,31.282,31.543,0.0,3.35,8.495,9.135,9.7,0,0,17.0,27.94,14.0,569.6,4096.0,224.0,23.8,130.0,905.6,16.22,69.0,1575.0,13.9,100.0,72,8596.9,15708.2,54.7,1223.7,0.0,4352.0,0.0
2026-09-04T13:13:23.641,85.009,1,603,10,9.96,30.83,32.648,33.837,33.949,0.941,1.087,1.166,34.992,36.718,37.359,99.999,100.771,100.886,20.483,20.785,20.942,32.432,33.587,33.679,0.0,1.82,8.439,8.616,8.697,0,0,19.0,32.31,14.0,569.6,4096.0,224.0,23.8,130.0,905.6,16.3,69.0,1575.0,32.0,363.7,72,8583.1,15708.2,54.6,1223.7,0.0,4352.0,0.0
2026-09-04T13:13:24.643,86.011,1,612,9,8.98,31.16,32.313,34.509,34.72,0.928,1.039,1.048,34.619,36.937,37.211,100.383,101.354,101.681,19.987,21.273,21.393,32.095,34.295,34.501,0.0,5.46,11.075,28.412,44.677,0,0,20.0,28.83,15.0,569.6,4096.0,224.0,61.5,130.0,905.6,16.35,69.0,1575.0,34.2,278.3,72,8513.1,15708.2,54.2,1223.7,0.0,4352.0,0.0
2026-09-04T13:13:25.637,87.005,1,623,11,11.06,28.85,34.869,59.818,81.341,0.834,1.019,1.032,37.669,62.192,83.167,99.645,101.241,101.72,22.091,40.935,56.954,34.663,59.577,81.12,0.0,3.88,7.111,10.255,11.257,0,0,17.0,38.35,14.0,569.6,4096.0,224.0,23.8,130.0,905.6,16.3,69.0,1575.0,34.0,153.0,72,8585.3,15708.2,54.7,1223.7,0.0,4352.0,0.0
2026-09-04T13:13:26.637,88.005,1,633,10,10.0,33.6,29.955,33.472,34.036,0.891,1.187,1.313,32.472,36.997,37.426,100.117,101.778,101.893,18.814,20.849,21.051,29.759,33.235,33.791,0.0,2.43,7.767,8.701,8.896,0,0,17.0,29.75,14.0,569.6,4096.0,224.0,23.7,130.0,905.6,16.28,69.0,1575.0,20.7,187.9,72,8581.5,15708.2,54.6,1223.7,0.0,4352.0,0.0
2026-09-04T13:13:27.637,89.005,1,643,10,10.0,32.75,30.742,33.958,34.928,0.887,1.034,1.035,33.641,37.276,38.273,99.46,101.825,102.095,19.111,20.702,20.714,30.532,33.713,34.653,0.0,5.64,12.44,30.034,47.103,0,0,19.0,30.53,14.0,569.6,4096.0,224.0,23.8,130.0,905.6,16.27,69.0,1575.0,23.5,228.0,72,8799.7,15708.2,56.0,1223.7,0.0,4352.0,0.0
2026-09-04T13:13:28.639,90.007,1,653,10,9.98,33.51,30.024,32.877,32.956,0.86,1.017,1.019,32.506,35.569,35.737,99.994,101.203,101.237,18.775,20.552,20.613,29.842,32.688,32.768,0.0,3.64,7.817,8.769,8.868,0,0,17.0,29.79,14.0,569.6,4096.0,224.0,23.8,130.0,905.6,16.36,69.0,1575.0,20.4,196.7,72,8652.3,15708.2,55.1,1223.7,0.0,4352.0,0.0
2026-09-04T13:13:29.637,91.005,1,663,10,10.02,34.13,29.514,32.972,33.733,0.836,1.043,1.065,31.932,35.699,36.679,100.148,101.52,101.581,18.391,20.564,20.728,29.297,32.72,33.474,0.0,2.27,7.963,8.513,8.515,0,0,19.0,29.35,14.0,569.6,4096.0,224.0,23.8,130.0,905.6,16.24,69.0,1575.0,16.8,155.3,72,8755.7,15708.2,55.7,1223.7,0.0,4352.0,0.0
2026-09-04T13:13:30.637,92.005,1,673,10,10.0,32.99,30.522,33.029,33.085,0.846,0.969,0.988,33.129,35.617,36.058,99.746,101.553,101.624,18.991,20.544,20.585,30.315,32.795,32.811,0.0,5.54,12.496,30.796,49.003,0,0,17.0,30.31,14.0,569.6,4096.0,224.0,23.9,130.0,905.6,16.32,70.0,1575.0,20.4,235.0,72,8681.3,15708.2,55.3,1223.7,0.0,4352.0,0.0
2026-09-04T13:13:31.637,93.005,1,683,10,10.0,33.6,29.962,32.918,32.956,0.811,1.001,1.014,32.478,35.884,35.984,99.512,100.675,100.725,18.686,20.63,20.771,29.76,32.693,32.722,0.0,2.94,8.474,8.571,8.59,0,0,20.0,29.76,14.0,569.6,4096.0,224.0,23.8,130.0,905.6,16.3,69.0,1575.0,18.3,196.9,72,8640.5,15708.2,55.0,1223.7,0.0,4352.0,0.0
2026-09-04T13:13:32.637,94.005,1,693,10,10.0,31.25,32.242,37.152,37.277,1.219,1.543,1.58,34.655,40.043,40.424,100.274,100.814,100.931,19.174,21.075,21.503,32.003,36.87,37.005,0.0,1.89,8.683,10.431,11.881,0,0,20.0,32.0,14.0,569.6,4096.0,224.0,23.8,130.0,905.6,16.34,69.0,1575.0,19.9,228.1,72,8637.6,15708.2,55.0,1223.7,0.0,4352.0,0.0
2026-09-04T13:13:33.641,95.009,1,703,10,9.96,32.63,30.854,34.826,36.667,0.936,1.091,1.092,33.483,37.695,39.523,100.029,100.817,100.884,19.503,23.037,25.152,30.643,34.603,36.434,0.0,5.06,12.117,28.757,45.192,0,0,19.0,30.53,14.0,569.6,4096.0,224.0,23.7,130.0,905.6,16.37,70.0,1575.0,26.9,234.1,72,8590.9,15708.2,54.7,1223.7,0.0,4352.0,0.0
2026-09-04T13:13:34.637,96.005,1,706,3,3.01,31.84,31.607,35.18,35.56,1.964,3.866,4.186,35.24,39.901,40.435,98.915,100.185,100.407,19.299,20.434,20.434,31.405,34.959,35.338,0.0,2.69,8.446,8.566,8.623,5,0,15.0,9.46,12.0,523.6,4096.0,178.0,45.9,84.0,905.6,15.93,70.0,1575.0,19.9,167.7,72,8544.9,15708.2,54.4,1223.9,0.0,4352.0,0.0
2026-09-04T13:13:35.637,97.005,1,714,8,8.0,6.54,152.989,672.297,1017.094,0.777,0.823,0.823,157.5,679.398,1019.753,212.688,686.983,1002.712,142.674,661.547,1006.717,152.795,672.111,1016.923,0.0,1.46,8.457,8.588,8.62,4,0,19.0,122.22,14.0,537.6,4096.0,192.0,23.9,98.0,905.6,16.74,69.0,1575.0,18.6,213.9,72,8524.6,15708.2,54.3,1224.0,0.0,4352.0,0.0
2026-09-04T13:13:36.637,98.005,1,724,10,10.0,33.34,30.186,33.795,35.382,0.784,0.923,0.997,32.327,35.704,37.295,99.77,101.394,101.588,19.005,20.652,20.924,29.995,33.566,35.141,0.0,5.02,12.385,30.207,47.654,0,0,20.0,30.0,14.0,537.6,4096.0,192.0,23.8,98.0,905.6,16.38,70.0,1575.0,20.4,232.1,72,8519.3,15708.2,54.2,1224.0,0.0,4352.0,0.0
2026-09-04T13:13:37.637,99.005,1,734,10,10.0,32.19,31.272,32.629,32.666,0.918,0.992,1.0,33.888,35.478,35.518,99.748,100.608,100.675,19.739,20.51,20.536,31.061,32.428,32.464,0.0,2.87,8.67,9.614,10.292,0,0,19.0,31.06,14.0,537.6,4096.0,192.0,23.7,98.0,905.6,16.37,70.0,1575.0,24.5,291.9,72,8513.8,15708.2,54.2,1224.0,0.0,4352.0,0.0
2026-09-04T13:13:38.639,100.007,1,744,10,9.98,33.91,29.675,32.89,33.223,0.875,1.119,1.173,32.141,35.127,35.27,99.717,100.896,100.936,18.627,20.492,20.595,29.486,32.695,33.032,0.0,1.86,8.727,10.736,12.562,0,0,20.0,29.42,14.0,537.6,4096.0,192.0,23.8,98.0,905.6,16.36,70.0,1575.0,18.5,194.6,72,8515.8,15708.2,54.2,1224.0,0.0,4352.0,0.0
2026-09-04T13:13:39.637,101.005,1,754,10,10.02,36.11,27.877,30.754,30.8,0.736,0.811,0.824,29.568,32.893,33.339,100.607,101.308,101.797,17.712,20.172,20.178,27.692,30.575,30.633,0.0,5.13,12.14,28.974,45.698,0,0,17.0,27.75,14.0,537.6,4096.0,192.0,23.8,98.0,905.6,16.3,70.0,1575.0,11.0,93.2,72,8516.9,15708.2,54.2,1224.0,0.0,4352.0,0.0
2026-09-04T13:13:40.637,102.005,1,764,10,10.0,33.72,29.854,32.426,32.605,1.244,2.295,2.622,32.865,36.695,37.178,99.406,101.136,101.26,18.953,20.439,20.502,29.656,32.213,32.399,0.0,2.85,8.436,8.938,9.185,0,0,19.0,29.65,14.0,537.6,4096.0,192.0,23.9,98.0,905.6,16.32,70.0,1575.0,19.9,227.9,72,8519.0,15708.2,54.2,1224.0,0.0,4352.0,0.0
2026-09-04T13:13:41.637,103.005,1,774,10,10.0,34.35,29.316,32.958,33.279,2.056,2.649,2.651,33.24,38.055,38.854,99.818,101.504,101.619,18.394,20.568,20.597,29.114,32.733,33.04,0.0,4.82,12.636,31.138,48.0,0,0,17.0,29.12,14.0,537.6,4096.0,192.0,23.8,98.0,905.6,16.34,70.0,1575.0,16.0,164.0,72,8516.9,15708.2,54.2,1224.0,0.0,4352.0,0.0
2026-09-04T13:13:42.637,104.005,1,784,10,10.0,33.63,29.954,32.912,32.94,2.154,2.697,2.701,33.441,37.623,37.806,100.345,101.141,101.398,18.815,20.685,20.801,29.735,32.674,32.712,0.0,7.45,12.486,32.198,49.703,0,0,17.0,29.74,14.0,553.6,4096.0,208.0,23.8,114.0,905.6,16.34,70.0,1575.0,18.9,198.0,72,8478.3,15708.2,54.0,1224.1,0.0,4352.0,0.0
2026-09-04T13:13:43.639,105.007,1,794,10,9.98,34.26,29.396,33.011,33.086,1.93,2.442,2.448,33.443,38.375,38.438,99.466,101.062,101.274,18.357,20.534,20.548,29.19,32.788,32.861,0.0,3.93,8.428,8.514,8.55,0,0,19.0,29.14,14.0,553.6,4096.0,208.0,23.8,114.0,905.6,16.36,70.0,1575.0,16.5,166.8,72,8486.7,15708.2,54.0,1224.1,0.0,4352.0,0.0
2026-09-04T13:13:44.638,106.005,1,804,10,10.01,32.16,31.298,33.232,33.281,2.143,2.431,2.436,34.949,37.115,37.635,99.823,101.747,102.159,19.775,20.632,20.637,31.091,33.013,33.057,0.0,2.11,8.404,8.51,8.512,0,0,20.0,31.13,14.0,553.6,4096.0,208.0,23.8,114.0,905.6,16.42,70.0,1575.0,24.6,295.3,72,8485.3,15708.2,54.0,1224.1,0.0,4352.0,0.0
2026-09-04T13:13:45.637,107.005,1,814,10,10.0,34.0,29.622,33.981,34.309,1.951,2.411,2.413,32.949,37.873,38.822,100.508,101.209,101.502,18.489,20.792,21.015,29.41,33.732,34.062,0.0,5.85,12.794,32.625,51.944,0,0,17.0,29.42,14.0,569.6,4096.0,224.0,23.8,130.0,905.6,16.39,70.0,1575.0,15.4,166.1,72,8477.3,15708.2,54.0,1224.1,0.0,4352.0,0.0
2026-09-04T13:13:46.637,108.005,1,824,10,10.0,33.18,30.338,33.246,33.259,2.201,2.631,2.639,34.46,37.881,37.924,99.215,100.92,101.064,19.033,20.469,20.486,30.135,33.032,33.042,0.0,3.22,8.343,8.503,8.514,0,0,17.0,30.14,14.0,569.6,4096.0,224.0,23.8,130.0,905.6,16.34,70.0,1575.0,20.7,231.0,72,8482.9,15708.2,54.0,1224.1,0.0,4352.0,0.0
2026-09-04T13:13:47.637,109.005,1,834,10,10.0,34.13,29.493,33.189,33.467,1.669,2.432,2.496,32.122,36.855,36.96,100.379,101.437,101.607,18.433,20.525,20.546,29.296,32.966,33.24,0.0,1.73,8.436,8.544,8.565,0,0,20.0,29.3,14.0,569.6,4096.0,224.0,23.8,130.0,905.6,16.39,70.0,1575.0,15.7,164.0,72,8486.8,15708.2,54.0,1224.1,0.0,4352.0,0.0
2026-09-04T13:13:48.640,110.008,1,844,10,9.98,32.51,30.969,33.257,33.265,1.893,2.246,2.265,34.465,37.234,37.563,99.741,101.18,101.387,19.423,20.53,20.533,30.755,33.038,33.079,0.0,5.81,12.43,32.153,51.274,0,0,19.0,30.68,14.0,569.6,4096.0,224.0,23.7,130.0,905.6,16.41,70.0,1575.0,31.4,242.4,72,8678.7,15708.2,55.2,1224.1,0.0,4352.0,0.0
2026-09-04T13:13:49.637,111.005,1,854,10,10.03,32.78,30.725,32.618,32.69,1.954,2.351,2.366,34.389,37.337,37.758,99.679,101.028,101.16,19.426,20.523,20.568,30.506,32.409,32.479,0.0,3.32,8.133,8.548,8.614,0,0,17.0,30.59,14.0,569.6,4096.0,224.0,23.8,130.0,905.6,16.44,70.0,1575.0,30.0,255.8,72,8680.5,15708.2,55.3,1224.1,0.0,4352.0,0.0
2026-09-04T13:13:50.637,112.005,1,864,10,10.0,33.21,30.315,33.074,33.667,1.677,2.27,2.285,33.199,36.525,36.69,100.036,101.312,101.706,19.412,20.727,20.916,30.11,32.831,33.392,0.0,1.98,8.054,8.395,8.406,0,0,20.0,30.1,14.0,569.6,4096.0,224.0,23.8,130.0,905.6,16.39,70.0,1575.0,30.4,245.9,72,8737.8,15708.2,55.6,1224.1,0.0,4352.0,0.0
2026-09-04T13:13:51.637,113.005,1,874,10,10.0,34.87,28.869,32.558,32.66,1.57,2.181,2.244,31.93,36.542,36.549,99.826,100.854,100.89,18.331,20.343,20.369,28.682,32.33,32.455,0.0,6.98,13.466,37.896,61.804,0,0,17.0,28.69,14.0,569.6,4096.0,224.0,23.7,130.0,905.6,16.41,70.0,1575.0,24.0,151.1,72,8726.5,15708.2,55.6,1224.1,0.0,4352.0,0.0
2026-09-04T13:13:52.637,114.005,1,884,10,10.0,30.77,32.734,36.047,37.339,1.971,2.595,2.81,36.083,39.91,40.561,100.043,101.511,101.513,20.225,21.293,21.611,32.496,35.793,37.079,0.0,3.95,8.102,8.525,8.532,0,0,19.0,32.49,14.0,569.6,4096.0,224.0,23.8,130.0,905.6,16.46,70.0,1575.0,27.8,322.9,72,8730.5,15708.2,55.6,1224.1,0.0,4352.0,0.0
2026-09-04T13:13:53.639,115.007,1,894,10,9.98,34.7,29.018,33.243,34.687,1.492,2.065,2.239,31.944,36.196,37.305,99.759,101.585,101.671,18.68,20.824,21.217,28.822,33.009,34.449,0.0,2.68,7.758,8.451,8.454,0,0,17.0,28.76,14.0,569.6,4096.0,224.0,23.7,130.0,905.6,16.43,70.0,1575.0,26.1,182.6,72,8842.1,15708.2,56.3,1224.1,0.0,4352.0,0.0
2026-09-04T13:13:54.637,116.005,1,904,10,10.02,34.37,29.292,32.339,32.44,1.74,2.415,2.555,32.613,36.549,36.799,99.727,101.002,101.133,18.645,20.489,20.523,29.094,32.091,32.185,0.0,8.26,13.736,41.201,67.954,0,0,17.0,29.16,14.0,569.6,4096.0,224.0,23.8,130.0,905.6,16.37,70.0,1575.0,22.8,185.4,72,8920.3,15708.2,56.8,1224.1,0.0,4352.0,0.0
2026-09-04T13:13:55.637,117.005,1,914,10,10.0,32.79,30.688,33.196,33.542,1.843,2.537,2.546,33.783,36.289,36.387,100.094,100.826,100.907,19.142,20.685,20.689,30.495,32.979,33.3,0.0,4.58,8.012,8.437,8.44,0,0,20.0,30.49,14.0,569.6,4096.0,224.0,23.8,130.0,905.6,16.45,70.0,1575.0,20.0,226.9,72,8917.7,15708.2,56.8,1224.1,0.0,4352.0,0.0
2026-09-04T13:13:56.637,118.005,1,924,10,10.0,32.57,30.901,33.435,33.959,1.214,1.742,1.82,33.651,36.783,38.13,100.032,101.179,101.571,19.319,20.537,20.598,30.705,33.245,33.764,0.0,2.67,8.107,8.588,8.685,0,0,19.0,30.71,14.0,569.6,4096.0,224.0,23.7,130.0,905.6,16.49,70.0,1575.0,22.7,263.0,72,8905.2,15708.2,56.7,1224.1,0.0,4352.0,0.0
2026-09-04T13:13:57.637,119.005,1,934,10,10.0,33.6,29.961,32.421,32.648,0.838,1.008,1.025,32.383,35.285,35.46,99.44,100.872,100.947,18.988,20.405,20.406,29.763,32.215,32.443,0.0,8.57,14.118,43.047,69.963,0,0,17.0,29.76,14.0,569.6,4096.0,224.0,23.8,130.0,905.6,16.43,70.0,1575.0,20.0,226.0,72,8873.8,15708.2,56.5,1224.1,0.0,4352.0,0.0
2026-09-04T13:13:58.641,120.008,1,944,10,9.97,34.38,29.285,32.446,32.695,0.856,1.069,1.152,31.298,35.259,35.667,100.49,101.26,101.275,18.376,20.394,20.532,29.083,32.218,32.463,0.0,5.29,8.08,9.891,10.949,0,0,17.0,28.98,14.0,569.6,4096.0,224.0,23.8,130.0,905.6,16.45,70.0,1575.0,16.8,161.5,72,8850.5,15708.2,56.3,1224.1,0.0,4352.0,0.0
2026-09-04T13:13:59.637,121.005,1,954,10,10.04,32.63,30.849,32.949,33.267,0.964,1.346,1.484,33.498,35.185,35.347,99.619,100.968,101.277,19.355,20.542,20.641,30.643,32.729,33.059,0.0,3.08,8.204,8.758,8.831,0,0,17.0,30.75,14.0,569.6,4096.0,224.0,23.8,130.0,905.6,16.52,70.0,1575.0,22.8,267.1,72,8827.8,15708.2,56.2,1224.1,0.0,4352.0,0.0
2026-09-04T13:14:00.637,122.005,1,964,10,10.0,34.83,28.897,31.857,32.304,1.748,2.237,2.366,32.265,35.613,35.838,100.021,101.176,101.279,18.276,20.236,20.241,28.708,31.654,32.121,0.0,8.96,14.072,44.319,71.417,0,0,17.0,28.7,14.0,569.6,4096.0,224.0,23.8,130.0,905.6,16.39,70.0,1575.0,15.9,161.9,72,8808.6,15708.2,56.1,1224.1,0.0,4352.0,0.0
2026-09-04T13:14:01.637,123.005,1,974,10,10.0,33.58,29.991,32.593,32.61,1.729,2.346,2.541,33.276,36.409,36.515,99.786,101.026,101.171,18.705,20.543,20.553,29.78,32.372,32.381,0.0,5.06,8.196,8.623,8.636,0,0,20.0,29.78,14.0,569.6,4096.0,224.0,23.8,130.0,905.6,16.43,70.0,1575.0,18.0,199.0,72,8796.5,15708.2,56.0,1224.1,0.0,4352.0,0.0
2026-09-04T13:14:02.637,124.005,1,984,10,10.0,34.3,29.369,31.775,31.793,1.464,1.961,2.1,32.472,35.502,35.78,100.033,101.23,101.285,18.296,20.217,20.259,29.153,31.532,31.539,0.0,3.03,8.39,9.552,9.843,0,0,17.0,29.16,14.0,569.6,4096.0,224.0,23.7,130.0,905.6,16.5,70.0,1575.0,16.0,162.1,72,8784.3,15708.2,55.9,1224.1,0.0,4352.0,0.0
2026-09-04T13:14:03.639,125.007,1,994,10,9.98,31.39,32.07,35.19,36.019,1.264,1.87,1.871,35.38,39.752,42.052,99.662,100.993,101.112,19.88,20.882,21.004,31.858,34.977,35.811,0.0,9.56,14.148,45.276,75.37,0,0,20.0,31.8,14.0,569.6,4096.0,224.0,23.8,130.0,905.6,16.48,71.0,1575.0,25.4,296.4,72,8771.3,15708.2,55.8,1224.1,0.0,4352.0,0.0
2026-09-04T13:14:04.637,126.005,1,1004,10,10.02,34.54,29.149,32.966,33.116,1.013,1.246,1.28,31.79,35.647,36.054,99.922,101.325,101.431,18.37,20.575,20.577,28.955,32.73,32.861,0.0,5.3,8.118,8.563,8.573,0,0,20.0,29.01,14.0,569.6,4096.0,224.0,23.8,130.0,905.6,16.46,70.0,1575.0,16.2,163.3,72,8746.7,15708.2,55.7,1224.1,0.0,4352.0,0.0
2026-09-04T13:14:05.637,127.005,1,1014,10,10.0,35.31,28.521,32.098,32.284,1.09,1.985,2.534,31.355,35.435,35.595,99.953,101.368,102.013,17.996,20.421,20.425,28.322,31.884,32.067,0.0,3.03,8.159,8.558,8.572,0,0,17.0,28.32,14.0,569.6,4096.0,224.0,23.7,130.0,905.6,16.41,71.0,1575.0,13.2,126.0,72,8734.4,15708.2,55.6,1224.1,0.0,4352.0,0.0
2026-09-04T13:14:06.637,128.005,1,1024,10,10.0,31.87,31.598,35.271,36.714,2.17,2.672,2.681,35.428,41.109,43.454,99.966,102.011,102.068,19.503,20.797,20.932,31.379,35.033,36.477,0.0,9.57,15.049,47.693,78.512,0,0,19.0,31.38,14.0,569.6,4096.0,224.0,23.8,130.0,905.6,16.47,70.0,1575.0,22.9,265.0,72,8725.1,15708.2,55.5,1224.1,0.0,4352.0,0.0
2026-09-04T13:14:07.637,129.005,1,1034,10,10.0,32.82,30.689,33.417,33.563,2.226,2.636,2.648,34.471,37.517,37.647,100.11,101.525,101.619,19.122,20.629,20.647,30.473,33.178,33.349,0.0,5.75,8.645,10.829,11.332,0,0,16.0,30.48,14.0,569.6,4096.0,224.0,23.7,130.0,905.6,16.51,70.0,1575.0,20.1,232.1,72,8716.2,15708.2,55.5,1224.1,0.0,4352.0,0.0
2026-09-04T13:14:08.639,130.007,1,1044,10,9.98,33.77,29.812,33.074,33.175,1.792,2.638,2.646,33.238,37.741,37.811,99.288,100.993,101.301,18.718,20.599,20.625,29.613,32.857,32.961,0.0,3.26,8.373,9.017,9.408,0,0,17.0,29.55,12.0,569.6,4096.0,224.0,23.8,130.0,905.6,16.45,70.0,1575.0,18.4,193.6,72,8710.8,15708.2,55.5,1224.1,0.0,4352.0,0.0
2026-09-04T13:14:09.637,131.005,1,1054,10,10.02,32.33,31.133,36.145,36.618,1.695,2.302,2.641,35.006,42.258,45.448,100.788,103.13,104.388,19.074,21.046,21.054,30.93,35.917,36.377,0.0,9.32,15.031,46.367,77.285,0,0,19.0,30.99,14.0,569.6,4096.0,224.0,23.8,130.0,905.6,16.56,71.0,1575.0,18.4,199.4,72,8706.5,15708.2,55.4,1224.1,0.0,4352.0,0.0
2026-09-04T13:14:10.637,132.005,1,1064,10,10.0,31.75,31.699,33.504,33.67,1.304,1.83,1.837,34.987,36.818,36.907,99.271,100.935,101.324,19.777,20.623,20.634,31.491,33.275,33.459,0.0,5.6,8.733,11.231,11.752,0,0,20.0,31.49,15.0,569.6,4096.0,224.0,23.8,130.0,905.6,16.5,70.0,1575.0,25.0,298.0,72,8706.6,15708.2,55.4,1224.1,0.0,4352.0,0.0
2026-09-04T13:14:11.637,133.005,1,1074,10,10.0,31.96,31.56,32.933,32.991,0.818,0.872,0.876,33.812,35.974,36.26,100.246,101.648,101.863,19.643,20.443,20.473,31.291,32.608,32.664,0.0,4.34,9.876,17.682,24.585,0,0,19.0,31.29,14.0,569.6,4096.0,224.0,23.8,130.0,905.6,16.53,70.0,1575.0,24.4,296.9,72,8704.7,15708.2,55.4,1224.1,0.0,4352.0,0.0
2026-09-04T13:14:12.637,134.005,1,1078,4,4.0,33.19,30.348,32.619,32.922,0.805,0.851,0.853,33.454,35.487,35.829,99.819,101.876,101.985,18.59,20.221,20.23,30.13,32.403,32.704,0.0,7.76,15.605,46.674,48.442,4,0,27.0,12.06,21.0,523.6,4096.0,178.0,31.8,84.0,905.6,16.25,71.0,1575.0,15.2,169.1,72,8706.6,15708.2,55.4,1224.3,0.0,4352.0,0.0
2026-09-04T13:14:13.639,135.007,1,1085,7,6.98,5.82,172.037,724.983,1021.587,0.863,0.969,0.971,177.541,733.777,1024.025,228.773,730.662,1000.405,160.965,714.185,1011.481,171.818,724.79,1021.415,0.0,4.58,8.277,9.249,9.379,5,0,15.0,119.99,12.0,537.6,4096.0,192.0,23.8,98.0,905.6,16.87,71.0,1575.0,17.6,192.5,72,8702.6,15708.2,55.4,1224.4,0.0,4352.0,0.0
2026-09-04T13:14:14.638,136.005,1,1095,10,10.02,32.57,30.925,32.363,32.761,0.854,0.917,0.92,33.744,35.206,35.548,99.266,100.726,100.795,19.641,20.413,20.476,30.699,32.11,32.465,0.0,2.67,8.51,9.428,9.604,0,0,18.0,30.77,15.0,537.6,4096.0,192.0,23.8,98.0,905.6,16.59,70.0,1575.0,24.5,297.4,72,8698.3,15708.2,55.4,1224.4,0.0,4352.0,0.0
2026-09-04T13:14:15.637,137.005,1,1105,10,10.0,34.59,29.136,32.304,32.315,0.799,0.943,0.972,31.754,35.146,35.194,99.971,101.218,101.258,18.338,20.437,20.515,28.91,32.068,32.088,0.0,7.09,16.424,45.519,47.213,0,0,21.0,28.92,18.0,537.6,4096.0,192.0,23.8,98.0,905.6,16.48,70.0,1575.0,16.2,163.2,72,8690.9,15708.2,55.3,1224.4,0.0,4352.0,0.0
2026-09-04T13:14:16.637,138.005,1,1115,10,10.0,34.32,29.346,31.871,31.93,0.805,0.882,0.884,31.656,34.774,35.03,99.806,101.345,101.438,18.637,20.43,20.51,29.135,31.661,31.731,0.0,4.28,9.179,11.725,12.822,0,0,21.0,29.13,15.0,537.6,4096.0,192.0,23.8,98.0,905.6,16.55,71.0,1575.0,17.7,193.0,72,8688.5,15708.2,55.3,1224.4,0.0,4352.0,0.0
2026-09-04T13:14:17.638,139.005,1,1125,10,10.0,32.41,31.085,33.465,33.567,0.89,1.144,1.313,34.165,37.128,37.365,99.784,100.898,100.995,19.809,21.115,21.398,30.857,33.176,33.266,0.0,2.25,8.59,9.108,9.449,0,0,22.0,30.85,15.0,537.6,4096.0,192.0,23.7,98.0,905.6,16.58,71.0,1575.0,28.8,291.7,72,8733.3,15708.2,55.6,1224.4,0.0,4352.0,0.0
2026-09-04T13:14:18.641,140.008,1,1135,10,9.97,34.79,28.926,32.493,32.686,0.781,0.893,0.894,31.15,35.128,35.229,100.031,100.724,100.928,17.99,20.388,20.425,28.743,32.302,32.504,0.0,5.53,12.541,30.329,46.864,0,0,26.0,28.65,23.0,537.6,4096.0,192.0,23.8,98.0,905.6,16.55,70.0,1575.0,16.7,129.6,72,8636.4,15708.2,55.0,1224.4,0.0,4352.0,0.0
2026-09-04T13:14:19.637,141.005,1,1145,10,10.04,32.01,31.448,36.859,39.625,0.879,1.057,1.058,34.006,39.343,41.509,99.997,101.177,101.249,19.231,20.879,21.008,31.24,36.655,39.415,0.0,3.49,7.736,8.863,9.184,0,0,20.0,31.36,14.0,537.6,4096.0,192.0,23.8,98.0,905.6,16.6,71.0,1575.0,29.2,228.9,72,8669.6,15708.2,55.2,1224.4,0.0,4352.0,0.0
2026-09-04T13:14:20.637,142.005,1,1155,10,10.0,32.56,30.919,32.66,32.716,0.855,0.996,1.009,33.571,36.006,36.313,99.812,101.414,101.444,19.454,20.919,21.187,30.713,32.429,32.493,0.0,2.02,8.561,8.935,9.224,0,0,20.0,30.71,14.0,537.6,4096.0,192.0,23.8,98.0,905.6,16.58,71.0,1575.0,25.4,246.9,72,8652.9,15708.2,55.1,1224.4,0.0,4352.0,0.0
2026-09-04T13:14:21.637,143.005,1,1165,10,10.0,33.12,30.402,32.637,32.765,0.821,0.957,0.994,32.903,35.611,35.837,99.715,101.536,101.868,19.07,20.643,20.649,30.19,32.339,32.419,0.0,1.7,8.699,10.534,10.675,0,0,22.0,30.19,16.0,537.6,4096.0,192.0,23.8,98.0,905.6,16.59,71.0,1575.0,22.3,227.0,72,8665.5,15708.2,55.2,1224.4,0.0,4352.0,0.0
2026-09-04T13:14:22.637,144.005,1,1175,10,10.0,33.75,29.821,33.25,33.266,0.822,1.15,1.271,32.413,36.158,36.293,99.841,101.38,101.487,18.416,20.619,20.674,29.629,33.036,33.05,0.0,1.39,7.987,8.686,8.764,0,0,18.0,29.63,13.0,537.6,4096.0,192.0,23.8,98.0,905.6,16.55,71.0,1575.0,17.1,161.0,72,8555.4,15708.2,54.5,1224.4,0.0,4352.0,0.0
2026-09-04T13:14:23.646,145.013,1,1185,10,9.92,30.78,32.704,44.139,49.007,1.152,2.703,4.138,36.022,49.835,58.094,99.645,100.851,100.895,20.323,27.204,31.909,32.493,43.884,48.717,0.0,1.41,7.584,8.558,8.561,0,0,19.0,32.22,14.0,537.6,4096.0,192.0,23.8,98.0,905.6,16.62,71.0,1575.0,35.2,224.0,72,8651.9,15708.2,55.1,1224.4,0.0,4352.0,0.0
2026-09-04T13:14:24.637,146.005,1,1195,10,10.08,30.76,32.727,45.066,54.921,0.88,1.065,1.087,35.358,48.991,59.295,100.131,101.001,101.121,18.833,20.858,21.059,32.51,44.833,54.66,0.0,5.58,11.651,29.882,44.629,0,0,32.0,32.79,25.0,569.6,4096.0,224.0,31.8,130.0,905.6,16.44,71.0,1575.0,25.8,162.3,72,8661.7,15708.2,55.1,1224.4,0.0,4352.0,0.0
2026-09-04T13:14:25.637,147.005,1,1196,1,1.0,32.18,31.256,31.256,31.256,0.732,0.732,0.732,34.057,34.057,34.057,99.321,99.321,99.321,19.686,19.686,19.686,31.076,31.076,31.076,0.0,3.3,8.678,9.579,9.728,8,0,32.0,3.11,27.0,509.6,4096.0,164.0,26.1,70.0,911.0,16.72,71.0,1575.0,13.1,126.1,72,8640.1,15708.2,55.0,1224.8,0.0,4352.0,0.0
2026-09-04T13:14:26.637,148.005,1,1206,10,10.0,7.66,130.688,578.871,1024.444,0.911,1.029,1.033,136.225,591.698,1027.044,189.844,596.551,1002.069,119.12,567.265,1014.491,130.487,578.68,1024.285,0.0,2.78,9.927,13.549,16.037,1,0,18.0,130.45,14.0,537.6,4096.0,192.0,32.0,98.0,911.0,17.12,71.0,1575.0,22.7,272.8,72,8633.6,15708.2,55.0,1224.8,0.0,4352.0,0.0
2026-09-04T13:14:27.637,149.005,1,1216,10,10.0,31.5,31.966,34.431,34.442,0.979,1.159,1.214,34.483,37.515,37.579,99.784,101.092,101.329,19.702,21.365,21.704,31.743,34.227,34.236,0.0,5.39,12.524,28.881,44.328,0,0,36.0,31.74,28.0,537.6,4096.0,192.0,31.9,98.0,911.0,16.66,71.0,1575.0,25.3,261.1,72,8628.8,15708.2,54.9,1224.8,0.0,4352.0,0.0
2026-09-04T13:14:28.641,150.008,1,1226,10,9.97,32.1,31.375,34.394,34.598,0.966,1.109,1.119,34.009,37.117,37.512,99.769,100.614,100.625,19.221,21.268,21.822,31.156,34.166,34.39,0.0,3.18,8.16,8.844,9.024,0,0,20.0,31.05,16.0,537.6,4096.0,192.0,34.2,98.0,911.0,16.85,71.0,1575.0,23.8,233.1,72,8630.5,15708.2,54.9,1224.8,0.0,4352.0,0.0
2026-09-04T13:14:29.637,151.005,1,1236,10,10.03,34.08,29.545,37.336,41.509,0.851,1.18,1.255,31.697,39.971,44.632,99.72,100.66,100.72,18.919,25.107,28.765,29.341,37.072,41.235,0.0,2.16,8.372,9.591,10.364,0,0,17.0,29.44,14.0,537.6,4096.0,192.0,24.9,98.0,911.0,16.68,71.0,1575.0,14.6,119.5,72,8616.6,15708.2,54.9,1224.8,0.0,4352.0,0.0
2026-09-04T13:14:30.637,152.005,1,1246,10,10.0,33.38,30.151,35.381,37.423,0.886,1.143,1.187,32.186,37.875,39.415,100.254,101.237,101.346,18.551,21.051,21.22,29.957,35.161,37.205,0.0,5.75,11.688,29.84,46.268,0,0,39.0,29.95,28.0,537.6,4096.0,192.0,24.9,98.0,911.0,16.48,71.0,1575.0,18.0,165.9,72,8605.9,15708.2,54.8,1224.8,0.0,4352.0,0.0
2026-09-04T13:14:31.637,153.005,1,1256,10,10.0,32.11,31.348,33.736,33.741,0.938,1.107,1.147,33.661,35.864,35.975,100.232,101.34,101.495,19.497,20.671,20.711,31.14,33.516,33.518,0.0,3.47,8.986,10.563,11.59,0,0,20.0,31.14,14.0,537.6,4096.0,192.0,24.9,98.0,911.0,16.81,71.0,1575.0,22.8,261.2,72,8606.4,15708.2,54.8,1224.8,0.0,4352.0,0.0
2026-09-04T13:14:32.637,154.005,1,1266,10,10.0,36.44,27.612,30.383,30.677,0.723,0.827,0.828,30.02,32.482,33.296,99.9,100.738,100.775,17.584,20.117,20.128,27.439,30.209,30.498,0.0,2.17,8.34,9.259,9.877,0,0,16.0,27.43,14.0,537.6,4096.0,192.0,34.2,98.0,911.0,16.61,71.0,1575.0,11.8,98.9,72,8604.5,15708.2,54.8,1224.8,0.0,4352.0,0.0
2026-09-04T13:14:33.640,155.008,1,1276,10,9.97,32.13,31.323,35.368,35.851,0.836,0.907,0.907,33.421,37.641,38.48,99.984,101.128,101.171,19.844,23.242,25.428,31.121,35.159,35.652,0.0,5.45,11.644,29.361,46.296,0,0,35.0,31.03,25.0,537.6,4096.0,192.0,24.9,98.0,911.0,16.48,71.0,1575.0,23.3,260.3,72,8608.3,15708.2,54.8,1224.8,0.0,4352.0,0.0
2026-09-04T13:14:34.637,156.005,1,1286,10,10.03,34.09,29.521,32.268,32.42,0.789,0.845,0.846,31.96,35.032,35.312,99.768,100.758,100.914,18.723,20.874,20.967,29.33,32.078,32.221,0.0,3.18,7.281,8.623,8.717,0,0,16.0,29.41,14.0,537.6,4096.0,192.0,24.9,98.0,911.0,16.9,71.0,1575.0,20.8,196.6,72,8611.5,15708.2,54.8,1224.8,0.0,4352.0,0.0
2026-09-04T13:14:35.637,157.005,1,1296,10,10.0,33.16,30.369,35.399,37.083,0.892,1.193,1.207,32.572,37.917,39.026,99.988,101.195,101.332,18.287,21.067,21.248,30.158,35.185,36.868,0.0,1.87,5.368,5.862,6.153,0,0,17.0,30.16,14.0,537.6,4096.0,192.0,24.9,98.0,911.0,16.57,71.0,1575.0,27.4,135.9,72,8633.3,15708.2,55.0,1224.8,0.0,4352.0,0.0
2026-09-04T13:14:36.637,158.005,1,1306,10,10.0,33.42,30.124,35.119,36.117,0.885,1.162,1.247,32.529,37.064,38.055,99.793,101.043,101.059,18.623,21.034,21.035,29.919,34.853,35.812,0.0,5.24,9.394,26.441,41.252,0,0,39.0,29.92,28.0,537.6,4096.0,192.0,25.1,98.0,911.0,16.54,71.0,1575.0,23.9,165.0,72,8619.9,15708.2,54.9,1224.8,0.0,4352.0,0.0
2026-09-04T13:14:37.638,159.005,1,1316,10,10.0,33.22,30.312,33.145,33.3,0.902,1.032,1.035,33.182,36.21,36.297,99.726,101.081,101.413,18.745,20.65,20.724,30.1,32.914,33.067,0.0,3.4,7.652,8.583,8.64,0,0,17.0,30.09,14.0,537.6,4096.0,192.0,24.9,98.0,911.0,16.93,71.0,1575.0,19.3,197.9,72,8601.0,15708.2,54.8,1224.8,0.0,4352.0,0.0
2026-09-04T13:14:38.639,160.007,1,1326,10,9.98,31.16,32.299,35.24,36.863,1.004,1.057,1.058,34.653,37.491,38.603,100.12,101.372,101.411,19.881,20.709,20.726,32.089,35.018,36.618,0.0,2.87,7.854,9.72,9.866,0,0,17.0,32.03,14.0,537.6,4096.0,192.0,24.9,98.0,911.0,16.64,71.0,1575.0,25.5,284.6,72,8597.0,15708.2,54.7,1224.8,0.0,4352.0,0.0
2026-09-04T13:14:39.638,161.005,1,1336,10,10.02,34.5,29.194,32.83,33.508,0.79,0.941,0.995,31.608,35.373,36.432,99.971,101.165,101.409,18.42,20.579,20.679,28.984,32.604,33.291,0.0,6.52,11.217,29.847,47.302,0,0,36.0,29.04,28.0,537.6,4096.0,192.0,24.9,98.0,911.0,16.59,71.0,1575.0,17.5,168.2,72,8582.7,15708.2,54.6,1224.8,0.0,4352.0,0.0
2026-09-04T13:14:40.637,162.005,1,1346,10,10.0,33.5,30.05,33.537,33.868,0.865,1.065,1.076,32.492,35.998,36.385,99.813,101.012,101.288,18.735,20.523,20.53,29.851,33.312,33.658,0.0,3.89,8.178,8.608,8.608,0,0,19.0,29.86,14.0,537.6,4096.0,192.0,24.9,98.0,911.0,16.94,71.0,1575.0,18.1,193.1,72,8581.8,15708.2,54.6,1224.8,0.0,4352.0,0.0
2026-09-04T13:14:41.637,163.005,1,1356,10,10.0,32.23,31.238,34.087,34.161,0.922,1.057,1.064,33.48,37.031,37.225,100.027,101.356,101.753,19.252,20.747,20.776,31.027,33.849,33.902,0.0,2.89,7.331,9.158,9.742,0,0,17.0,31.03,14.0,537.6,4096.0,192.0,24.9,98.0,911.0,16.67,71.0,1575.0,21.6,223.0,72,8580.2,15708.2,54.6,1224.8,0.0,4352.0,0.0
2026-09-04T13:14:42.637,164.005,1,1366,10,10.0,34.51,29.171,32.838,32.872,0.817,1.051,1.088,31.658,35.896,35.961,99.791,101.239,101.274,18.067,20.554,20.628,28.975,32.607,32.671,0.0,6.06,12.512,31.51,48.904,0,0,33.0,28.97,27.0,537.6,4096.0,192.0,24.8,98.0,911.0,16.59,71.0,1575.0,14.1,127.9,72,8573.6,15708.2,54.6,1224.8,0.0,4352.0,0.0
2026-09-04T13:14:43.639,165.007,1,1376,10,9.98,35.0,28.757,32.576,33.017,0.771,0.987,1.007,30.928,34.763,34.795,99.997,101.343,101.761,17.755,20.452,20.454,28.575,32.371,32.817,0.0,3.53,8.016,8.46,8.464,0,0,17.0,28.51,14.0,537.6,4096.0,192.0,24.9,98.0,911.0,16.88,71.0,1575.0,11.8,94.8,72,8577.6,15708.2,54.6,1224.8,0.0,4352.0,0.0
2026-09-04T13:14:44.637,166.005,1,1386,10,10.02,32.13,31.322,33.307,33.495,0.931,1.023,1.027,33.715,35.653,35.751,100.059,101.779,102.292,19.395,20.488,20.546,31.122,33.115,33.32,0.0,2.18,8.305,9.334,10.051,0,0,19.0,31.2,14.0,537.6,4096.0,192.0,24.8,98.0,911.0,16.63,71.0,1575.0,21.9,257.5,72,8579.6,15708.2,54.6,1224.8,0.0,4352.0,0.0
2026-09-04T13:14:45.637,167.005,1,1396,10,10.0,34.06,29.563,34.669,36.542,0.806,0.955,0.994,32.123,37.713,39.92,99.739,100.903,101.233,18.135,21.094,21.688,29.362,34.381,36.202,0.0,5.72,11.564,29.365,46.081,0,0,39.0,29.36,28.0,537.6,4096.0,192.0,24.9,98.0,911.0,16.53,71.0,1575.0,15.2,135.1,72,8580.2,15708.2,54.6,1224.8,0.0,4352.0,0.0
2026-09-04T13:14:46.637,168.005,1,1406,10,10.0,31.13,32.334,36.09,38.184,0.959,1.084,1.092,34.86,38.479,39.956,100.057,101.345,101.789,19.599,20.722,20.756,32.121,35.857,37.962,0.0,3.31,8.258,8.965,9.149,0,0,17.0,32.11,14.0,537.6,4096.0,192.0,24.8,98.0,911.0,17.0,71.0,1575.0,29.4,276.8,72,8556.6,15708.2,54.5,1224.8,0.0,4352.0,0.0
2026-09-04T13:14:47.637,169.005,1,1416,10,10.0,32.74,30.743,37.191,40.572,0.861,1.045,1.049,33.513,40.31,43.764,99.745,101.052,101.091,18.767,20.637,20.731,30.546,36.969,40.337,0.0,2.18,8.134,8.932,8.983,0,0,19.0,30.55,14.0,537.6,4096.0,192.0,24.9,98.0,911.0,16.67,71.0,1575.0,18.3,199.0,72,8555.5,15708.2,54.5,1224.8,0.0,4352.0,0.0
2026-09-04T13:14:48.639,170.007,1,1427,11,10.98,31.94,31.525,36.944,40.617,0.908,1.037,1.055,33.999,39.497,42.593,100.081,101.057,101.36,19.509,20.674,20.701,31.312,36.729,40.404,0.0,6.34,11.713,31.365,45.089,0,0,39.0,34.38,28.0,537.6,4096.0,192.0,23.8,98.0,911.0,16.69,71.0,1575.0,34.4,258.7,72,8757.5,15708.2,55.8,1224.8,0.0,4352.0,0.0
2026-09-04T13:14:49.638,171.005,1,1436,9,9.02,34.55,29.147,32.4,32.752,0.83,1.026,1.058,31.588,35.372,35.826,100.0,101.269,101.546,18.598,20.752,20.896,28.947,32.179,32.528,0.0,3.6,8.098,8.545,8.556,0,0,17.0,26.1,14.0,537.6,4096.0,192.0,23.7,98.0,911.0,16.96,71.0,1575.0,24.5,171.1,72,8810.0,15708.2,56.1,1224.8,0.0,4352.0,0.0
2026-09-04T13:14:50.637,172.005,1,1447,11,11.0,33.03,30.467,35.934,36.487,0.865,1.094,1.181,33.161,38.335,39.211,99.667,101.055,101.141,18.46,20.847,20.956,30.274,35.713,36.266,0.0,2.52,7.835,8.548,8.566,0,0,17.0,33.31,14.0,537.6,4096.0,192.0,23.8,98.0,911.0,16.6,72.0,1575.0,25.3,140.2,72,8831.2,15708.2,56.2,1224.8,0.0,4352.0,0.0
2026-09-04T13:14:51.637,173.005,1,1457,10,10.0,33.33,30.225,34.198,34.897,0.874,1.079,1.13,32.362,36.578,36.849,100.104,101.349,101.351,19.006,21.487,21.582,30.005,33.927,34.688,0.0,5.5,13.015,32.433,46.822,0,0,36.0,30.0,28.0,537.6,4096.0,192.0,23.8,98.0,911.0,16.63,71.0,1575.0,26.0,187.0,72,8833.4,15708.2,56.2,1224.8,0.0,4352.0,0.0
2026-09-04T13:14:52.638,174.005,1,1467,9,9.0,34.41,29.269,32.836,32.877,0.818,1.063,1.069,31.43,35.467,35.923,100.324,101.501,101.713,18.219,20.575,20.586,29.058,32.614,32.682,0.0,3.4,7.135,8.539,8.59,0,0,17.0,26.15,14.0,537.6,4096.0,192.0,23.7,98.0,911.0,16.95,72.0,1575.0,17.6,147.8,72,8823.4,15708.2,56.2,1224.8,0.0,4352.0,0.0
2026-09-04T13:14:53.642,175.01,1,1476,10,9.95,30.3,33.236,36.882,37.665,1.08,1.235,1.266,36.119,40.059,40.886,99.254,100.925,101.17,19.659,21.212,21.489,33.008,36.632,37.422,0.0,2.46,7.823,8.527,8.543,0,0,17.0,32.85,14.0,537.6,4096.0,192.0,24.8,98.0,911.0,16.66,72.0,1575.0,31.2,248.9,72,8921.5,15708.2,56.8,1224.8,0.0,4352.0,0.0
2026-09-04T13:14:54.637,176.005,1,1487,11,11.05,33.11,30.4,41.379,48.748,0.839,1.084,1.182,32.832,44.04,52.181,100.014,101.373,101.884,18.615,21.121,21.252,30.204,41.135,48.473,0.0,5.65,11.944,29.597,46.81,0,0,39.0,33.39,28.0,537.6,4096.0,192.0,23.8,98.0,911.0,16.65,71.0,1575.0,23.1,173.0,72,8966.3,15708.2,57.1,1224.8,0.0,4352.0,0.0
2026-09-04T13:14:55.637,177.005,1,1497,10,10.0,32.03,31.425,34.138,34.351,0.901,1.026,1.026,33.558,36.466,36.524,100.086,101.229,101.254,19.546,21.012,21.275,31.222,33.928,34.135,0.0,3.28,7.624,8.512,8.524,0,0,19.0,31.22,14.0,537.6,4096.0,192.0,23.8,98.0,911.0,17.05,72.0,1575.0,23.9,265.0,72,8948.6,15708.2,57.0,1224.8,0.0,4352.0,0.0
2026-09-04T13:14:56.637,178.005,1,1507,10,10.0,33.71,29.849,32.034,32.137,0.81,0.949,0.961,32.332,34.608,34.721,99.773,101.441,101.513,18.969,20.536,20.572,29.663,31.826,31.933,0.0,2.55,7.545,8.82,8.823,0,0,16.0,29.66,14.0,537.6,4096.0,192.0,23.7,98.0,911.0,16.65,72.0,1575.0,21.0,213.8,72,8944.1,15708.2,56.9,1224.8,0.0,4352.0,0.0
2026-09-04T13:14:57.637,179.005,1,1517,10,10.0,30.6,32.915,34.58,34.639,1.057,1.273,1.304,35.673,37.669,37.671,100.075,101.497,101.649,19.698,21.235,21.273,32.682,34.339,34.42,0.0,5.81,10.362,27.573,42.888,0,0,36.0,32.68,28.0,537.6,4096.0,192.0,23.8,98.0,911.0,16.69,71.0,1575.0,24.7,263.0,72,8930.4,15708.2,56.9,1224.8,0.0,4352.0,0.0
2026-09-04T13:14:58.640,180.008,1,1527,10,9.97,32.21,31.253,33.484,33.629,0.887,1.078,1.105,33.812,36.592,37.336,99.76,101.7,101.742,19.789,20.881,21.079,31.046,33.222,33.36,0.0,3.22,8.487,8.675,8.693,0,0,17.0,30.96,14.0,537.6,4096.0,192.0,23.8,98.0,911.0,17.05,72.0,1575.0,26.2,298.3,72,8915.9,15708.2,56.8,1224.8,0.0,4352.0,0.0
2026-09-04T13:14:59.637,181.005,1,1537,10,10.03,34.54,29.14,31.594,32.065,0.828,0.897,0.899,31.154,33.661,33.787,100.29,102.223,102.85,18.374,20.352,20.389,28.952,31.378,31.827,0.0,2.7,7.968,10.106,11.321,0,0,17.0,29.04,14.0,537.6,4096.0,192.0,23.8,98.0,911.0,16.68,72.0,1575.0,16.8,157.5,72,8894.2,15708.2,56.6,1224.8,0.0,4352.0,0.0
2026-09-04T13:15:00.637,182.005,1,1547,10,10.0,35.13,28.652,31.631,31.734,0.77,0.954,0.981,31.237,34.441,34.675,99.49,100.971,101.085,17.976,20.299,20.31,28.469,31.411,31.501,0.0,5.66,11.402,28.521,44.807,0,0,36.0,28.47,27.0,537.6,4096.0,192.0,23.7,98.0,911.0,16.66,72.0,1575.0,15.6,140.0,72,8873.5,15708.2,56.5,1224.8,0.0,4352.0,0.0
2026-09-04T13:15:01.637,183.005,1,1557,10,10.0,35.22,28.596,31.999,32.048,0.783,0.984,0.993,30.886,34.827,34.985,99.442,101.378,101.792,18.032,20.413,20.445,28.389,31.782,31.862,0.0,3.41,8.367,9.543,10.259,0,0,17.0,28.38,14.0,537.6,4096.0,192.0,23.8,98.0,911.0,16.96,72.0,1575.0,13.0,123.9,72,8856.9,15708.2,56.4,1224.8,0.0,4352.0,0.0
2026-09-04T13:15:02.637,184.005,1,1567,10,10.0,34.49,29.187,32.365,32.491,0.838,1.016,1.017,31.811,35.522,36.406,100.071,101.391,101.797,18.388,20.612,20.644,28.99,32.134,32.272,0.0,2.96,7.305,8.548,8.563,0,0,16.0,28.99,14.0,537.6,4096.0,192.0,23.8,98.0,911.0,16.68,72.0,1575.0,17.6,162.0,72,8838.0,15708.2,56.3,1224.8,0.0,4352.0,0.0
2026-09-04T13:15:03.641,185.009,1,1577,10,9.96,33.07,30.447,34.599,35.417,0.888,1.072,1.075,32.428,37.098,37.458,100.344,100.864,100.892,18.832,20.693,20.749,30.238,34.363,35.167,0.0,6.12,11.958,30.544,46.173,0,0,39.0,30.12,28.0,537.6,4096.0,192.0,23.8,98.0,911.0,16.66,71.0,1575.0,18.7,192.2,72,8826.0,15708.2,56.2,1224.8,0.0,4352.0,0.0
2026-09-04T13:15:04.637,186.005,1,1587,10,10.04,33.19,30.338,32.806,32.814,0.873,0.97,0.972,32.96,35.748,35.768,99.643,101.499,101.533,19.066,20.514,20.552,30.13,32.589,32.599,0.0,3.77,8.266,9.79,10.813,0,0,17.0,30.25,14.0,537.6,4096.0,192.0,23.8,98.0,911.0,17.07,72.0,1575.0,21.4,235.0,72,8816.6,15708.2,56.1,1224.8,0.0,4352.0,0.0
2026-09-04T13:15:05.637,187.005,1,1597,10,10.0,32.66,30.812,33.228,33.68,0.894,1.013,1.017,33.057,35.744,35.873,100.25,101.13,101.19,19.429,20.611,20.635,30.617,33.028,33.476,0.0,2.5,7.56,8.64,8.649,0,0,17.0,30.62,14.0,537.6,4096.0,192.0,23.8,98.0,911.0,16.73,72.0,1575.0,22.0,258.0,72,8801.5,15708.2,56.0,1224.8,0.0,4352.0,0.0
2026-09-04T13:15:06.637,188.005,1,1607,10,10.0,33.2,30.317,33.254,33.474,0.862,1.001,1.014,32.385,35.666,35.954,100.052,101.025,101.109,19.076,20.608,20.691,30.123,33.035,33.231,0.0,5.7,12.328,30.099,47.175,0,0,36.0,30.12,28.0,537.6,4096.0,192.0,23.8,98.0,911.0,16.71,72.0,1575.0,20.1,218.9,72,8815.5,15708.2,56.1,1224.8,0.0,4352.0,0.0
2026-09-04T13:15:07.637,189.005,1,1617,10,10.0,31.0,32.467,33.453,33.55,0.974,1.024,1.036,34.881,36.393,36.679,100.49,102.315,103.503,20.285,20.94,20.994,32.26,33.25,33.355,0.0,3.56,8.193,9.208,9.286,0,0,19.0,32.26,14.0,569.6,4096.0,224.0,23.8,130.0,911.0,17.11,72.0,1575.0,27.8,322.0,72,8797.4,15708.2,56.0,1224.8,0.0,4352.0,0.0
2026-09-04T13:15:08.640,190.008,1,1626,9,8.98,31.87,31.576,33.029,33.053,0.936,1.016,1.02,33.99,36.039,36.146,100.288,101.619,102.225,19.811,20.765,20.852,31.373,32.814,32.857,0.0,3.32,10.288,16.519,18.953,0,0,19.0,28.16,14.0,569.6,4096.0,224.0,24.8,130.0,911.0,16.74,72.0,1575.0,26.9,277.3,72,9068.1,15708.2,57.7,1224.8,0.0,4352.0,0.0
2026-09-04T13:15:09.637,191.005,1,1637,11,11.03,33.58,29.985,34.458,35.8,0.864,1.051,1.073,32.65,37.525,38.598,99.62,103.023,103.539,18.315,20.704,20.716,29.778,34.223,35.561,0.0,7.11,11.923,31.482,49.31,0,0,33.0,32.86,28.0,569.6,4096.0,224.0,23.8,130.0,911.0,16.69,71.0,1575.0,17.7,164.6,72,9070.4,15708.2,57.7,1224.8,0.0,4352.0,0.0
2026-09-04T13:15:10.637,192.005,1,1647,10,10.0,34.63,29.083,31.984,32.019,0.821,1.003,1.053,31.754,34.938,35.078,99.6,101.216,101.316,18.359,20.678,21.089,28.88,31.778,31.817,0.0,4.2,8.16,9.1,9.159,0,0,19.0,28.88,14.0,569.6,4096.0,224.0,23.8,130.0,911.0,16.97,72.0,1575.0,17.6,162.0,72,8966.5,15708.2,57.1,1224.8,0.0,4352.0,0.0
2026-09-04T13:15:11.637,193.005,1,1657,10,10.0,32.75,30.741,33.274,33.576,0.852,0.943,0.97,33.383,35.944,35.955,99.662,100.906,100.944,19.58,21.322,21.797,30.532,33.053,33.354,0.0,3.0,8.057,10.003,10.149,0,0,19.0,30.53,14.0,569.6,4096.0,224.0,23.7,130.0,911.0,16.71,72.0,1575.0,23.9,260.0,72,8949.2,15708.2,57.0,1224.8,0.0,4352.0,0.0
2026-09-04T13:15:12.637,194.005,1,1666,9,9.0,34.54,29.178,32.314,33.143,0.823,1.103,1.174,34.93,52.081,62.529,110.449,159.968,198.562,18.091,20.442,20.542,28.95,31.91,32.585,0.0,6.39,11.778,31.233,48.829,1,0,30.0,26.05,24.0,569.6,4096.0,224.0,23.8,130.0,911.0,16.34,72.0,1575.0,15.5,121.9,72,8959.2,15708.2,57.0,1224.8,0.0,4352.0,0.0
2026-09-04T13:15:13.639,195.007,1,1676,10,9.98,32.78,30.714,33.336,33.69,0.868,1.055,1.144,33.255,35.976,36.4,99.909,101.436,101.702,19.382,20.813,20.99,30.509,33.101,33.434,0.0,3.77,7.803,9.484,9.662,0,0,19.0,30.46,14.0,569.6,4096.0,224.0,23.8,130.0,911.0,17.04,72.0,1575.0,24.2,262.6,72,8948.2,15708.2,57.0,1224.8,0.0,4352.0,0.0
2026-09-04T13:15:14.637,196.005,1,1686,10,10.02,30.82,32.659,33.356,33.372,0.989,1.05,1.057,35.568,36.573,36.58,99.892,102.881,103.792,20.523,20.817,20.991,32.449,33.158,33.178,0.0,2.24,9.314,10.551,11.198,0,0,19.0,32.51,14.0,569.6,4096.0,224.0,23.8,130.0,911.0,16.8,72.0,1575.0,30.9,362.5,72,8956.3,15708.2,57.0,1224.8,0.0,4352.0,0.0
2026-09-04T13:15:15.637,197.005,1,1696,10,10.0,35.33,28.488,32.197,32.478,0.783,1.004,1.044,30.603,35.059,35.544,100.047,101.604,101.743,18.035,20.389,20.416,28.306,31.983,32.262,0.0,5.32,12.906,30.125,45.917,0,0,25.0,28.31,20.0,569.6,4096.0,224.0,23.8,130.0,911.0,16.73,72.0,1575.0,14.5,130.1,72,8947.8,15708.2,57.0,1224.8,0.0,4352.0,0.0
2026-09-04T13:15:16.637,198.005,1,1706,10,10.0,31.76,31.685,36.667,39.211,0.961,1.167,1.204,34.268,39.116,41.257,100.113,102.554,103.305,19.991,23.341,25.244,31.482,36.424,38.968,0.0,3.39,8.623,10.605,11.37,0,0,16.0,31.48,14.0,569.6,4096.0,224.0,23.8,130.0,911.0,16.97,72.0,1575.0,38.6,247.0,72,9148.4,15708.2,58.2,1224.8,0.0,4352.0,0.0
2026-09-04T13:15:17.637,199.005,1,1716,10,10.0,34.28,29.376,34.836,36.038,0.835,1.066,1.124,32.159,37.874,39.154,99.673,101.726,101.765,18.092,20.788,20.884,29.169,34.607,35.841,0.0,2.42,9.111,10.862,11.049,0,0,16.0,29.17,14.0,569.6,4096.0,224.0,23.7,130.0,911.0,16.64,72.0,1575.0,25.1,130.0,72,9230.8,15708.2,58.8,1224.8,0.0,4352.0,0.0
2026-09-04T13:15:18.642,200.01,1,1726,10,9.95,32.99,30.516,34.33,35.528,0.911,1.078,1.122,32.692,36.564,37.25,99.895,101.608,101.706,18.842,20.96,20.969,30.316,34.108,35.295,0.0,6.02,12.2,31.043,48.361,0,0,26.0,30.16,21.0,569.6,4096.0,224.0,23.8,130.0,911.0,16.71,72.0,1575.0,25.5,185.0,72,9179.2,15708.2,58.4,1224.8,0.0,4352.0,0.0
2026-09-04T13:15:19.637,201.005,1,1736,10,10.05,32.96,30.542,35.187,36.865,0.924,1.158,1.18,33.192,37.629,38.845,100.13,101.777,101.922,18.525,20.98,21.183,30.339,34.94,36.605,0.0,3.26,8.49,8.703,8.754,0,0,17.0,30.5,14.0,569.6,4096.0,224.0,23.8,130.0,911.0,16.95,72.0,1575.0,25.1,159.9,72,9155.5,15708.2,58.3,1224.8,0.0,4352.0,0.0
2026-09-04T13:15:20.637,202.005,1,1746,10,10.0,33.71,29.853,32.661,32.88,0.899,1.011,1.024,32.458,35.554,35.815,99.62,101.895,101.943,18.51,20.833,20.89,29.665,32.413,32.616,0.0,1.87,8.35,8.591,8.61,0,0,19.0,29.66,14.0,569.6,4096.0,224.0,23.9,130.0,911.0,16.66,72.0,1575.0,22.1,155.9,72,9170.7,15708.2,58.4,1224.8,0.0,4352.0,0.0
2026-09-04T13:15:21.637,203.005,1,1756,10,10.0,33.17,30.346,32.829,32.914,0.879,1.028,1.033,32.559,35.566,35.872,100.114,102.304,102.536,18.886,20.875,21.12,30.146,32.631,32.718,0.0,6.18,12.661,33.764,51.792,0,0,30.0,30.15,22.0,569.6,4096.0,224.0,23.8,130.0,911.0,16.78,72.0,1575.0,25.5,185.0,72,9172.4,15708.2,58.4,1224.8,0.0,4352.0,0.0
2026-09-04T13:15:22.637,204.005,1,1766,10,10.0,33.78,29.817,32.551,32.599,1.338,2.43,2.713,32.901,36.101,36.244,99.999,101.809,101.996,18.782,20.676,20.761,29.606,32.328,32.378,0.0,4.39,9.661,14.482,16.206,0,0,19.0,29.6,14.0,569.6,4096.0,224.0,23.8,130.0,911.0,17.02,72.0,1575.0,25.9,189.9,72,9053.2,15708.2,57.6,1224.8,0.0,4352.0,0.0
2026-09-04T13:15:23.640,205.008,1,1776,10,9.97,31.98,31.5,33.574,33.808,2.441,2.675,2.678,35.638,38.185,38.407,99.799,102.25,102.457,19.478,20.615,20.636,31.265,33.353,33.575,0.0,2.7,8.129,8.57,8.616,0,0,19.0,31.17,14.0,569.6,4096.0,224.0,23.7,130.0,911.0,16.77,72.0,1575.0,30.3,259.2,72,9059.9,15708.2,57.7,1224.8,0.0,4352.0,0.0
2026-09-04T13:15:24.637,206.005,1,1786,10,10.03,32.01,31.447,33.616,33.722,2.0,2.526,2.55,35.398,37.859,37.904,99.596,101.944,101.957,19.598,20.86,20.905,31.236,33.403,33.523,0.0,6.62,12.556,33.956,54.052,0,0,31.0,31.33,26.0,569.6,4096.0,224.0,23.8,130.0,911.0,16.79,72.0,1575.0,28.9,261.8,72,9053.2,15708.2,57.6,1224.8,0.0,4352.0,0.0
2026-09-04T13:15:25.637,207.005,1,1796,10,10.0,32.0,31.464,33.088,33.243,1.613,1.762,1.768,34.586,36.262,36.38,100.145,101.257,101.347,19.804,20.581,20.581,31.246,32.864,33.052,0.0,3.57,8.456,8.653,8.743,0,0,19.0,31.25,14.0,569.6,4096.0,224.0,23.7,130.0,911.0,17.17,72.0,1575.0,31.4,284.1,72,9052.2,15708.2,57.6,1224.8,0.0,4352.0,0.0
2026-09-04T13:15:26.637,208.005,1,1806,10,10.0,31.83,31.65,35.325,36.541,0.973,1.208,1.222,34.54,39.156,40.194,99.91,101.743,102.087,19.215,21.039,21.073,31.421,35.102,36.312,0.0,2.01,8.439,8.737,8.897,0,0,20.0,31.41,15.0,569.6,4096.0,224.0,23.9,130.0,911.0,16.81,72.0,1575.0,27.4,227.9,72,8997.9,15708.2,57.3,1224.8,0.0,4352.0,0.0
2026-09-04T13:15:27.637,209.005,1,1816,10,10.0,33.81,29.777,34.036,34.633,0.972,1.17,1.197,32.462,36.594,37.708,99.883,102.338,102.498,18.533,20.927,21.037,29.578,33.825,34.415,0.0,5.9,12.987,33.297,53.509,0,0,31.0,29.59,26.0,569.6,4096.0,224.0,23.8,130.0,911.0,16.82,72.0,1575.0,32.5,150.1,72,8994.3,15708.2,57.3,1224.8,0.0,4352.0,0.0
2026-09-04T13:15:28.639,210.007,1,1826,10,9.98,33.46,30.091,33.357,34.017,0.892,1.012,1.016,32.709,36.379,37.066,99.517,101.267,101.949,18.737,20.544,20.545,29.888,33.125,33.78,0.0,3.68,8.357,9.944,10.948,0,0,17.0,29.82,14.0,569.6,4096.0,224.0,23.8,130.0,911.0,17.08,72.0,1575.0,24.5,190.5,72,8990.9,15708.2,57.2,1224.8,0.0,4352.0,0.0
2026-09-04T13:15:29.637,211.005,1,1836,10,10.02,32.58,30.908,35.734,37.612,0.896,0.989,0.995,33.018,38.626,40.466,100.665,103.421,104.492,19.518,23.678,25.845,30.697,35.532,37.423,0.0,3.62,9.847,18.905,22.013,0,0,19.0,30.76,14.0,569.6,4096.0,224.0,23.8,130.0,911.0,16.8,72.0,1575.0,30.8,194.4,72,8964.2,15708.2,57.1,1224.8,0.0,4352.0,0.0
2026-09-04T13:15:30.637,212.005,1,1846,10,10.0,32.24,31.234,35.522,36.309,0.931,1.115,1.178,34.218,38.85,39.767,99.523,101.417,101.609,19.139,20.764,20.872,31.018,35.273,36.052,0.0,7.61,13.095,35.689,57.441,0,0,36.0,31.02,25.0,569.6,4096.0,224.0,23.8,130.0,911.0,16.84,72.0,1575.0,26.5,228.1,72,8959.5,15708.2,57.0,1224.8,0.0,4352.0,0.0
2026-09-04T13:15:31.637,213.005,1,1856,10,10.0,33.32,30.234,33.568,34.368,0.932,1.246,1.388,32.479,36.262,36.789,100.023,102.013,102.205,18.177,20.671,20.689,30.011,33.307,34.064,0.0,4.39,7.924,8.674,8.756,0,0,19.0,30.01,14.0,569.6,4096.0,224.0,23.8,130.0,911.0,17.12,72.0,1575.0,21.5,129.0,72,8962.7,15708.2,57.1,1224.8,0.0,4352.0,0.0
2026-09-04T13:15:32.637,214.005,1,1866,10,10.0,35.84,28.11,30.588,31.881,0.869,1.087,1.172,30.82,34.255,35.505,99.908,101.396,101.846,17.368,18.882,20.304,27.903,30.37,31.659,0.0,2.5,8.629,9.55,10.373,0,0,17.0,27.9,14.0,569.6,4096.0,224.0,23.8,130.0,911.0,16.76,72.0,1575.0,15.5,64.0,72,8959.8,15708.2,57.0,1224.8,0.0,4352.0,0.0
2026-09-04T13:15:33.639,215.007,1,1876,10,9.98,32.54,30.934,34.512,34.856,0.878,1.111,1.189,33.768,37.452,37.846,99.653,101.147,101.163,19.139,20.876,21.004,30.728,34.289,34.61,0.0,8.76,13.933,42.972,70.88,0,0,36.0,30.66,27.0,569.6,4096.0,224.0,23.8,130.0,911.0,16.82,72.0,1575.0,28.5,228.4,72,8929.6,15708.2,56.8,1224.8,0.0,4352.0,0.0
2026-09-04T13:15:34.637,216.005,1,1886,10,10.02,31.71,31.747,34.815,35.455,0.945,1.11,1.163,33.851,37.281,37.472,100.115,101.436,101.65,20.029,22.416,23.452,31.541,34.561,35.178,0.0,4.9,8.181,8.607,8.616,0,0,17.0,31.61,14.0,569.6,4096.0,224.0,23.8,130.0,911.0,17.16,72.0,1575.0,29.2,258.5,72,8924.3,15708.2,56.8,1224.8,0.0,4352.0,0.0
2026-09-04T13:15:35.637,217.005,1,1896,10,10.0,32.55,30.96,34.32,34.347,0.925,1.061,1.075,33.885,37.42,37.524,99.599,101.865,101.912,19.147,20.641,20.713,30.721,34.029,34.105,0.0,2.88,8.179,8.678,8.7,0,0,16.0,30.72,14.0,569.6,4096.0,224.0,23.8,130.0,911.0,16.83,72.0,1575.0,26.9,226.0,72,8920.5,15708.2,56.8,1224.8,0.0,4352.0,0.0
2026-09-04T13:15:36.637,218.005,1,1901,5,5.0,33.79,29.814,32.074,32.112,0.891,0.985,0.985,32.212,34.601,34.851,100.989,104.05,104.906,18.42,20.457,20.467,29.592,31.871,31.915,0.0,8.06,13.276,39.678,65.127,3,0,20.0,14.79,19.0,555.6,4096.0,210.0,31.3,116.0,911.0,16.48,73.0,1575.0,21.3,155.0,72,8918.4,15708.2,56.8,1225.0,0.0,4352.0,0.0
2026-09-04T13:15:37.637,219.005,1,1907,6,6.0,4.99,200.598,796.054,1048.435,1.091,1.298,1.299,212.507,810.243,1051.776,249.348,778.273,1003.844,188.497,783.728,1037.785,200.389,795.841,1048.246,0.0,4.64,8.396,9.628,9.92,6,0,17.0,120.26,14.0,537.6,4096.0,192.0,23.8,98.0,911.0,17.44,72.0,1575.0,21.7,143.1,72,8913.9,15708.2,56.7,1225.1,0.0,4352.0,0.0
2026-09-04T13:15:38.640,220.008,1,1917,10,9.97,33.51,30.05,33.389,33.722,1.749,2.32,2.361,33.36,37.004,37.113,99.769,101.469,101.471,18.889,20.827,20.909,29.84,33.15,33.49,0.0,3.44,8.287,10.407,10.587,0,0,19.0,29.76,14.0,537.6,4096.0,192.0,23.8,98.0,911.0,16.8,72.0,1575.0,24.4,194.5,72,8913.7,15708.2,56.7,1225.1,0.0,4352.0,0.0
2026-09-04T13:15:39.637,221.005,1,1927,10,10.03,32.2,31.296,34.301,35.562,2.139,2.693,2.711,34.704,37.976,39.093,100.321,101.693,101.89,18.907,20.859,20.873,31.058,34.048,35.314,0.0,8.3,13.432,39.377,64.439,0,0,39.0,31.14,28.0,537.6,4096.0,192.0,23.8,98.0,911.0,16.88,73.0,1575.0,25.5,195.6,72,8914.3,15708.2,56.7,1225.1,0.0,4352.0,0.0
2026-09-04T13:15:40.637,222.005,1,1937,10,10.0,31.47,32.028,34.81,35.207,2.379,3.018,3.084,36.089,39.533,39.938,99.745,101.437,101.565,19.348,20.465,20.536,31.776,34.535,34.957,0.0,4.79,8.388,9.56,10.051,0,0,19.0,31.78,14.0,537.6,4096.0,192.0,23.8,98.0,911.0,17.22,73.0,1575.0,29.2,267.0,72,8912.6,15708.2,56.7,1225.1,0.0,4352.0,0.0
2026-09-04T13:15:41.637,223.005,1,1947,10,10.0,32.3,31.18,34.491,35.063,1.358,1.952,2.108,34.079,37.524,37.555,100.133,101.633,101.911,19.205,20.993,21.32,30.957,34.234,34.817,0.0,3.13,8.357,10.009,11.071,0,0,17.0,30.95,14.0,537.6,4096.0,192.0,23.8,98.0,911.0,16.89,73.0,1575.0,28.0,226.0,72,8909.9,15708.2,56.7,1225.1,0.0,4352.0,0.0
2026-09-04T13:15:42.637,224.005,1,1957,10,10.0,33.44,30.128,32.637,32.755,1.227,1.433,1.47,33.04,36.035,36.215,99.629,101.726,102.821,18.809,20.678,20.682,29.903,32.413,32.541,0.0,8.63,13.761,42.027,69.135,0,0,33.0,29.9,28.0,537.6,4096.0,192.0,23.8,98.0,911.0,16.81,73.0,1575.0,25.0,186.0,72,8907.9,15708.2,56.7,1225.1,0.0,4352.0,0.0
2026-09-04T13:15:43.639,225.007,1,1967,10,9.98,34.12,29.521,32.855,33.003,1.107,1.408,1.423,31.93,35.838,36.345,100.01,101.704,102.019,18.492,20.81,20.824,29.312,32.635,32.778,0.0,5.16,7.891,8.68,8.736,0,0,19.0,29.24,14.0,537.6,4096.0,192.0,23.7,98.0,911.0,17.17,73.0,1575.0,22.9,158.6,72,8909.7,15708.2,56.7,1225.1,0.0,4352.0,0.0
2026-09-04T13:15:44.637,226.005,1,1968,1,1.0,35.69,28.206,28.206,28.206,0.961,0.961,0.961,30.88,30.88,30.88,100.677,100.677,100.677,17.274,17.274,17.274,28.02,28.02,28.02,0.0,3.27,8.357,9.854,10.709,7,0,20.0,2.81,13.0,489.6,4096.0,144.0,36.9,50.0,911.0,16.39,73.0,1575.0,17.4,122.3,72,8909.8,15708.2,56.7,1225.4,0.0,4352.0,0.0
2026-09-04T13:15:45.637,227.005,1,1978,10,10.0,7.66,130.805,586.431,1038.02,1.052,1.414,1.496,136.69,604.378,1040.918,190.54,597.48,1002.659,119.501,574.218,1026.819,130.6,586.213,1037.829,0.0,8.17,13.398,39.24,64.374,2,0,33.0,130.57,28.0,569.6,4096.0,224.0,23.8,130.0,911.0,17.38,73.0,1575.0,22.9,175.9,72,8916.2,15708.2,56.8,1225.5,0.0,4352.0,0.0
2026-09-04T13:15:46.637,228.005,1,1988,10,10.0,35.03,28.759,32.499,32.82,1.452,1.839,1.972,32.313,36.602,36.825,99.479,101.721,102.138,18.067,20.617,20.692,28.545,32.287,32.597,0.0,4.71,8.203,9.232,9.57,0,0,16.0,28.55,14.0,569.6,4096.0,224.0,23.8,130.0,911.0,17.13,73.0,1575.0,20.7,129.1,72,8909.2,15708.2,56.7,1225.5,0.0,4352.0,0.0
2026-09-04T13:15:47.637,229.005,1,1998,10,10.0,33.03,30.505,33.718,34.109,1.891,2.54,2.828,34.268,38.098,38.693,99.519,102.007,102.072,19.312,21.322,21.444,30.279,33.488,33.889,0.0,2.81,8.05,8.554,8.586,0,0,19.0,30.28,14.0,569.6,4096.0,224.0,23.8,130.0,911.0,16.85,73.0,1575.0,27.5,221.0,72,8904.0,15708.2,56.7,1225.5,0.0,4352.0,0.0
2026-09-04T13:15:48.639,230.007,1,2008,10,9.97,32.32,31.179,37.492,38.129,2.829,4.068,4.249,36.459,46.484,49.13,99.978,101.548,101.588,18.667,21.19,21.286,30.94,37.266,37.907,0.0,9.08,14.041,44.693,73.226,0,0,39.0,30.86,28.0,569.6,4096.0,224.0,23.8,130.0,911.0,16.85,73.0,1575.0,32.1,156.6,72,9082.4,15708.2,57.8,1225.5,0.0,4352.0,0.0
2026-09-04T13:15:49.637,231.005,1,2018,10,10.02,29.61,34.012,37.36,37.993,2.749,3.537,3.701,37.977,42.217,42.672,100.107,101.93,102.431,20.64,21.51,21.583,33.775,37.063,37.672,0.0,5.03,8.121,8.617,8.626,0,0,19.0,33.85,14.0,569.6,4096.0,224.0,23.8,130.0,911.0,17.24,73.0,1575.0,40.5,311.7,72,9082.9,15708.2,57.8,1225.5,0.0,4352.0,0.0
2026-09-04T13:15:50.637,232.005,1,2028,10,10.0,32.56,30.934,33.164,33.561,2.246,3.199,3.368,35.113,38.277,38.883,99.379,101.426,101.999,19.686,21.39,21.71,30.713,32.948,33.36,0.0,2.95,8.158,8.643,8.668,0,0,16.0,30.71,14.0,569.6,4096.0,224.0,23.8,130.0,911.0,16.94,73.0,1575.0,37.4,245.0,72,9086.7,15708.2,57.8,1225.5,0.0,4352.0,0.0
2026-09-04T13:15:51.637,233.005,1,2038,10,10.0,35.38,28.477,31.185,31.685,1.741,2.429,2.456,31.423,34.424,34.931,100.177,102.319,102.894,17.455,19.167,20.818,28.267,30.963,31.502,0.0,9.9,14.911,48.619,79.47,0,0,33.0,28.28,28.0,569.6,4096.0,224.0,23.8,130.0,911.0,16.82,73.0,1575.0,22.8,64.0,72,9148.6,15708.2,58.2,1225.5,0.0,4352.0,0.0
2026-09-04T13:15:52.637,234.005,1,2048,10,10.0,30.96,32.527,35.333,36.194,1.387,1.734,1.75,35.545,38.8,39.657,100.245,101.994,102.239,19.659,21.026,21.083,32.298,35.088,35.973,0.0,5.54,8.122,8.812,8.985,0,0,17.0,32.3,14.0,569.6,4096.0,224.0,23.8,130.0,911.0,17.23,73.0,1575.0,34.6,249.0,72,9134.7,15708.2,58.2,1225.5,0.0,4352.0,0.0
2026-09-04T13:15:53.640,235.008,1,2058,10,9.97,34.22,29.423,32.185,32.192,1.091,1.287,1.348,32.127,34.863,35.185,99.458,101.527,102.139,18.764,20.835,21.006,29.22,31.958,31.963,0.0,3.15,8.31,9.035,9.351,0,0,17.0,29.14,14.0,569.6,4096.0,224.0,23.7,130.0,911.0,16.89,73.0,1575.0,30.0,181.5,72,9272.5,15708.2,59.0,1225.5,0.0,4352.0,0.0
2026-09-04T13:15:54.637,236.005,1,2067,9,9.03,36.59,27.543,30.189,31.226,1.561,2.211,2.448,31.11,33.151,34.189,99.586,101.015,101.15,17.348,19.073,20.43,27.333,29.998,31.041,0.0,6.38,15.359,42.875,43.7,0,0,17.0,24.67,14.0,569.6,4096.0,224.0,23.8,130.0,911.0,16.83,73.0,1575.0,22.4,56.2,72,8979.2,15708.2,57.2,1225.5,0.0,4352.0,0.0
2026-09-04T13:15:55.637,237.005,1,2076,9,9.0,31.98,31.517,34.112,34.488,2.118,2.384,2.385,35.078,38.307,38.539,122.535,221.888,301.914,19.414,20.677,20.693,31.268,33.813,34.148,0.05,3.64,8.509,8.685,8.743,0,1,17.0,28.14,14.0,569.6,4096.0,224.0,23.8,130.0,911.0,16.25,73.0,1575.0,25.9,225.0,72,8974.8,15708.2,57.1,1225.5,0.0,4352.0,0.0
2026-09-04T13:15:56.637,238.005,1,2086,10,10.0,31.13,32.357,34.589,35.32,1.755,2.777,3.059,35.547,38.708,38.724,100.227,101.746,102.122,20.011,21.337,21.65,32.124,34.35,35.066,0.05,2.54,7.632,8.704,8.785,0,0,19.0,32.12,14.0,569.6,4096.0,224.0,23.7,130.0,911.0,16.94,73.0,1575.0,33.4,292.9,72,8974.9,15708.2,57.1,1225.5,0.0,4352.0,0.0
2026-09-04T13:15:57.637,239.005,1,2096,10,10.0,32.54,30.947,34.474,34.881,2.136,2.664,2.793,35.123,39.104,39.734,99.21,101.376,101.391,19.416,21.558,21.56,30.729,34.231,34.629,0.05,5.74,12.248,29.271,45.575,0,0,17.0,30.73,14.0,569.6,4096.0,224.0,23.8,130.0,911.0,16.96,73.0,1575.0,27.7,225.1,72,8971.0,15708.2,57.1,1225.5,0.0,4352.0,0.0
2026-09-04T13:15:58.643,240.01,1,2106,10,9.95,31.86,31.628,33.023,33.251,2.193,2.444,2.489,35.74,37.793,38.174,100.095,101.637,101.734,19.849,20.93,20.949,31.391,32.783,33.017,0.05,3.14,8.25,8.761,8.871,0,0,19.0,31.25,14.0,569.6,4096.0,224.0,23.8,130.0,911.0,16.95,73.0,1575.0,32.3,287.2,72,8975.2,15708.2,57.1,1225.5,0.0,4352.0,0.0
2026-09-04T13:15:59.637,241.005,1,2116,10,10.05,30.42,33.153,36.448,38.337,2.144,2.664,2.742,37.347,42.417,46.345,99.884,102.299,102.598,20.248,21.172,21.585,32.873,35.982,37.694,0.05,1.85,8.42,8.56,8.589,0,0,19.0,33.02,14.0,569.6,4096.0,224.0,23.8,130.0,911.0,17.03,73.0,1575.0,33.9,333.1,72,8967.0,15708.2,57.1,1225.5,0.0,4352.0,0.0
2026-09-04T13:16:00.637,242.005,1,2126,10,10.0,30.68,32.807,35.396,35.798,2.304,3.06,3.117,37.123,40.363,40.939,99.893,101.59,101.812,19.628,21.035,21.038,32.591,35.149,35.529,0.05,5.09,14.654,44.807,45.026,0,0,19.0,32.58,14.0,569.6,4096.0,224.0,23.8,130.0,911.0,16.97,73.0,1575.0,29.8,262.8,72,8959.7,15708.2,57.0,1225.5,0.0,4352.0,0.0
2026-09-04T13:16:01.638,243.005,1,2136,10,10.0,30.33,33.2,35.393,36.309,2.038,2.507,2.532,37.257,41.451,42.964,99.962,101.575,102.075,20.62,20.894,20.949,32.973,35.167,36.085,0.05,3.22,8.285,9.246,9.684,0,0,19.0,32.97,14.0,569.6,4096.0,224.0,23.8,130.0,911.0,17.04,73.0,1575.0,36.9,358.0,72,8955.7,15708.2,57.0,1225.5,0.0,4352.0,0.0
2026-09-04T13:16:02.637,244.005,1,2146,10,10.0,31.91,31.709,35.511,35.62,1.863,2.525,2.561,35.134,38.502,39.023,100.155,101.591,101.676,19.56,20.844,20.875,31.339,34.598,35.155,0.04,1.87,8.537,9.052,9.3,0,0,17.0,31.35,14.0,569.6,4096.0,224.0,23.7,130.0,911.0,17.0,73.0,1575.0,30.8,253.2,72,8953.5,15708.2,57.0,1225.5,0.0,4352.0,0.0
2026-09-04T13:16:03.640,245.007,1,2156,10,9.98,33.49,30.057,34.272,35.014,1.476,1.938,1.956,33.431,37.271,37.894,99.497,102.14,102.337,18.524,20.835,21.034,29.861,34.034,34.766,0.04,5.24,12.338,29.113,44.58,0,0,19.0,29.81,14.0,569.6,4096.0,224.0,23.8,130.0,911.0,16.91,73.0,1575.0,22.1,162.6,72,8944.1,15708.2,56.9,1225.5,0.0,4352.0,0.0
2026-09-04T13:16:04.637,246.005,1,2166,10,10.01,34.33,29.325,33.036,33.218,1.646,2.426,2.466,32.171,36.601,37.074,100.397,102.114,102.542,18.223,20.992,21.242,29.129,32.826,33.007,0.04,3.13,8.4,10.03,11.219,0,0,19.0,29.17,14.0,569.6,4096.0,224.0,23.8,130.0,911.0,16.97,73.0,1575.0,20.1,125.3,72,8940.2,15708.2,56.9,1225.5,0.0,4352.0,0.0
2026-09-04T13:16:05.638,247.006,1,2176,10,10.0,30.73,32.831,34.997,35.257,2.242,2.974,3.112,36.781,38.669,39.074,99.586,102.031,102.29,20.398,21.547,21.774,32.546,34.448,34.46,0.04,2.09,9.081,11.433,11.698,0,0,19.0,32.54,14.0,569.6,4096.0,224.0,23.8,130.0,911.0,16.98,73.0,1575.0,33.1,319.9,72,8933.9,15708.2,56.9,1225.5,0.0,4352.0,0.0
2026-09-04T13:16:06.639,248.006,1,2186,10,9.99,30.89,32.693,36.621,38.614,2.9,3.508,3.635,37.394,41.774,43.756,100.182,101.938,102.071,19.798,20.76,20.945,32.369,35.923,37.554,0.04,5.39,12.522,30.646,48.21,0,0,17.0,32.35,14.0,569.6,4096.0,224.0,23.7,130.0,911.0,17.01,73.0,1575.0,33.6,293.4,72,8927.3,15708.2,56.8,1225.5,0.0,4352.0,0.0
2026-09-04T13:16:07.637,249.005,1,2196,10,10.01,30.02,33.607,36.645,38.487,2.565,3.265,3.483,38.217,42.133,44.483,99.646,102.316,103.873,20.247,20.836,20.868,33.316,36.161,37.827,0.04,2.89,8.491,8.633,8.647,0,0,19.0,33.36,14.0,569.6,4096.0,224.0,23.8,130.0,911.0,17.01,73.0,1575.0,35.2,333.9,72,8917.1,15708.2,56.8,1225.5,0.0,4352.0,0.0
2026-09-04T13:16:08.640,250.008,1,2206,10,9.97,32.42,31.056,34.174,35.244,2.442,3.183,3.19,35.207,38.666,39.144,100.006,101.741,101.996,19.584,21.052,21.233,30.842,33.964,35.025,0.04,1.91,8.072,8.563,8.592,0,0,19.0,30.76,14.0,569.6,4096.0,224.0,23.8,130.0,911.0,17.02,73.0,1575.0,29.9,256.3,72,8908.4,15708.2,56.7,1225.5,0.0,4352.0,0.0
2026-09-04T13:16:09.637,251.005,1,2216,10,10.03,33.9,29.755,36.275,39.101,2.423,3.224,3.387,34.035,41.627,44.763,99.811,101.497,101.646,18.097,20.716,20.818,29.496,35.807,38.436,0.04,6.2,13.128,33.978,52.45,0,0,17.0,29.57,14.0,569.6,4096.0,224.0,23.8,130.0,911.0,16.94,73.0,1575.0,20.0,132.4,72,8904.6,15708.2,56.7,1225.5,0.0,4352.0,0.0
2026-09-04T13:16:10.637,252.005,1,2226,10,10.0,32.18,31.295,34.268,34.418,2.439,3.294,3.296,35.622,39.392,39.811,99.97,101.661,101.663,18.786,20.707,20.754,31.072,34.047,34.179,0.04,4.11,9.155,12.005,14.723,0,0,19.0,31.07,14.0,569.6,4096.0,224.0,23.7,130.0,911.0,16.92,73.0,1575.0,25.0,194.0,72,8908.0,15708.2,56.7,1225.5,0.0,4352.0,0.0
2026-09-04T13:16:11.637,253.005,1,2227,1,1.0,27.16,37.056,37.056,37.056,3.384,3.384,3.384,42.365,42.365,42.365,97.378,97.378,97.378,20.511,20.511,20.511,36.814,36.814,36.814,0.04,2.28,8.379,8.707,8.795,8,0,20.0,3.68,14.0,489.6,4096.0,144.0,37.1,50.0,911.0,16.58,74.0,1575.0,20.4,159.0,72,8903.1,15708.2,56.7,1225.8,0.0,4352.0,0.0
2026-09-04T13:16:12.637,254.005,1,2236,9,9.0,6.65,150.636,680.456,1111.587,1.838,2.872,3.36,156.418,689.089,1115.399,210.934,701.071,1100.575,138.971,668.562,1100.419,150.42,680.217,1111.373,0.04,5.44,12.144,29.637,46.793,2,0,16.0,135.35,14.0,537.6,4096.0,192.0,34.3,98.0,911.0,17.15,73.0,1575.0,24.4,174.9,72,8902.7,15708.2,56.7,1225.8,0.0,4352.0,0.0
2026-09-04T13:16:13.641,255.009,1,2246,10,9.96,32.0,31.467,33.835,33.862,2.43,3.79,3.864,35.21,38.822,38.889,99.906,101.247,101.318,19.404,20.813,20.863,31.249,33.605,33.628,0.04,3.2,8.23,8.736,8.815,0,0,19.0,31.13,14.0,537.6,4096.0,192.0,44.9,98.0,911.0,16.96,73.0,1575.0,27.1,228.0,72,8900.4,15708.2,56.7,1225.8,0.0,4352.0,0.0
2026-09-04T13:16:14.637,256.005,1,2256,10,10.04,32.01,31.456,37.886,40.979,2.378,3.09,3.139,35.375,42.141,44.433,100.164,101.803,102.185,19.617,22.718,24.119,31.244,37.661,40.753,0.04,1.75,8.603,8.818,8.846,0,0,19.0,31.37,14.0,537.6,4096.0,192.0,51.8,98.0,911.0,17.0,73.0,1575.0,27.3,227.0,72,8902.2,15708.2,56.7,1225.8,0.0,4352.0,0.0
2026-09-04T13:16:15.637,257.005,1,2266,10,10.0,29.95,33.639,39.074,41.942,2.178,3.343,3.42,37.308,43.043,45.501,100.152,101.839,102.028,20.154,21.33,21.375,33.393,38.755,41.578,0.04,5.78,12.82,32.748,52.355,0,0,19.0,33.39,14.0,537.6,4096.0,192.0,23.8,98.0,911.0,17.02,73.0,1575.0,31.1,299.0,72,8900.7,15708.2,56.7,1225.8,0.0,4352.0,0.0
2026-09-04T13:16:16.637,258.005,1,2276,10,10.0,32.79,30.73,33.516,33.83,1.568,1.934,1.98,34.327,37.465,37.492,99.637,101.13,101.14,18.702,20.509,20.517,30.5,33.254,33.596,0.04,3.11,8.389,8.562,8.597,0,0,17.0,30.5,14.0,537.6,4096.0,192.0,30.8,98.0,911.0,16.99,73.0,1575.0,25.6,192.0,72,8893.4,15708.2,56.6,1225.8,0.0,4352.0,0.0
2026-09-04T13:16:17.637,259.005,1,2286,10,10.0,30.1,33.452,35.316,35.402,1.184,1.684,1.869,36.196,38.142,38.566,100.282,101.881,102.1,20.026,20.672,20.681,33.223,35.06,35.131,0.04,1.95,8.706,10.145,10.547,0,0,19.0,33.22,14.0,537.6,4096.0,192.0,23.9,98.0,911.0,17.06,73.0,1575.0,33.2,296.9,72,8898.4,15708.2,56.6,1225.8,0.0,4352.0,0.0
2026-09-04T13:16:18.640,260.008,1,2296,10,9.97,31.3,32.176,36.82,37.028,1.037,1.455,1.61,35.14,40.221,40.684,99.534,100.884,101.198,19.824,23.126,24.567,31.951,36.569,36.755,0.04,5.34,12.038,29.377,45.931,0,0,19.0,31.86,14.0,537.6,4096.0,192.0,31.4,98.0,911.0,17.0,73.0,1575.0,30.8,240.4,72,8836.6,15708.2,56.3,1225.8,0.0,4352.0,0.0
2026-09-04T13:16:19.637,261.005,1,2306,10,10.03,31.55,31.913,34.064,34.135,1.319,1.792,1.805,34.702,37.245,37.682,99.989,101.561,101.745,20.09,21.754,22.028,31.693,33.801,33.847,0.04,2.91,8.497,8.696,8.741,0,0,16.0,31.8,14.0,537.6,4096.0,192.0,31.9,98.0,911.0,17.04,73.0,1575.0,30.8,241.8,72,8670.0,15708.2,55.2,1225.8,0.0,4352.0,0.0
2026-09-04T13:16:20.637,262.005,1,2316,10,10.0,31.25,32.21,33.908,34.086,2.3,2.623,2.649,36.481,38.636,38.838,99.646,100.604,100.789,20.17,20.867,20.953,31.997,33.678,33.865,0.04,1.94,8.253,8.717,8.762,0,0,19.0,31.99,14.0,537.6,4096.0,192.0,31.9,98.0,911.0,17.05,73.0,1575.0,27.8,332.9,72,8593.4,15708.2,54.7,1225.8,0.0,4352.0,0.0
2026-09-04T13:16:21.637,263.005,1,2326,10,10.0,33.88,29.724,34.583,35.583,2.055,2.615,2.66,32.879,38.138,39.086,100.421,101.901,101.939,18.702,21.893,22.937,29.518,34.365,35.369,0.04,5.31,12.889,31.416,48.097,0,0,17.0,29.52,14.0,537.6,4096.0,192.0,24.9,98.0,911.0,17.02,73.0,1575.0,17.2,161.1,72,8587.9,15708.2,54.7,1225.8,0.0,4352.0,0.0
2026-09-04T13:16:22.637,264.005,1,2336,10,10.0,35.6,28.295,32.509,32.631,1.819,2.403,2.487,31.477,36.133,36.786,99.885,101.873,102.288,17.724,20.548,20.564,28.091,32.261,32.378,0.04,3.3,7.93,8.64,8.647,0,0,17.0,28.09,14.0,537.6,4096.0,192.0,31.8,98.0,911.0,16.95,73.0,1575.0,13.3,97.0,72,8430.4,15708.2,53.7,1225.8,0.0,4352.0,0.0
2026-09-04T13:16:23.640,265.008,1,2346,10,9.97,32.92,30.59,33.118,33.282,2.011,2.389,2.422,34.245,37.333,37.674,99.541,102.082,102.219,19.225,20.649,20.662,30.374,32.876,33.018,0.04,2.11,8.209,8.656,8.665,0,0,19.0,30.3,14.0,537.6,4096.0,192.0,24.9,98.0,911.0,17.01,73.0,1575.0,21.4,226.4,72,8435.7,15708.2,53.7,1225.8,0.0,4352.0,0.0
2026-09-04T13:16:24.637,266.005,1,2356,10,10.03,32.6,30.903,35.33,37.049,2.155,2.835,3.1,34.411,40.394,42.114,100.067,101.79,101.881,19.186,20.828,21.036,30.676,35.09,36.799,0.04,5.69,12.788,32.075,51.299,0,0,19.0,30.75,14.0,537.6,4096.0,192.0,31.1,98.0,911.0,17.05,74.0,1575.0,20.9,236.6,72,8433.4,15708.2,53.7,1225.8,0.0,4352.0,0.0
2026-09-04T13:16:25.637,267.005,1,2366,10,10.0,35.54,28.348,33.428,36.123,2.109,2.379,2.465,32.335,37.754,40.558,99.857,101.703,101.937,17.979,22.032,23.689,28.135,33.179,35.833,0.04,3.37,8.987,10.664,11.309,0,0,16.0,28.13,14.0,537.6,4096.0,192.0,38.6,98.0,911.0,17.0,73.0,1575.0,11.5,102.9,72,8430.7,15708.2,53.7,1225.8,0.0,4352.0,0.0
2026-09-04T13:16:26.637,268.005,1,2376,10,10.0,32.39,31.09,33.482,33.709,2.971,3.666,3.817,35.639,38.498,38.932,100.02,102.032,102.077,19.626,21.176,21.341,30.872,33.265,33.496,0.04,1.95,8.758,9.246,9.422,0,0,17.0,30.88,14.0,569.6,4096.0,224.0,34.5,130.0,911.0,17.01,73.0,1575.0,23.1,257.1,72,8430.9,15708.2,53.7,1225.8,0.0,4352.0,0.0
2026-09-04T13:16:27.637,269.005,1,2386,10,10.0,30.8,32.691,37.527,39.51,3.188,4.15,4.369,37.524,42.085,43.372,99.709,101.166,101.251,20.477,24.211,27.118,32.463,37.298,39.294,0.04,5.11,12.263,29.354,46.257,0,0,19.0,32.46,14.0,569.6,4096.0,224.0,24.9,130.0,911.0,17.06,74.0,1575.0,26.4,300.2,72,8435.2,15708.2,53.7,1225.8,0.0,4352.0,0.0
2026-09-04T13:16:28.642,270.009,1,2396,10,9.96,33.65,29.911,33.203,33.241,2.581,3.881,3.904,33.608,38.446,39.368,100.321,102.403,102.609,18.748,20.562,20.581,29.714,32.988,33.008,0.04,3.05,8.155,8.619,8.631,0,0,17.0,29.59,14.0,569.6,4096.0,224.0,40.3,130.0,911.0,17.02,73.0,1575.0,19.3,208.0,72,8434.0,15708.2,53.7,1225.8,0.0,4352.0,0.0
2026-09-04T13:16:29.637,271.005,1,2406,10,10.04,32.26,31.197,37.889,42.078,2.019,2.992,3.296,35.112,42.582,47.23,99.417,101.434,101.704,19.976,25.477,29.491,31.002,37.647,41.795,0.04,2.22,8.574,10.112,10.762,0,0,17.0,31.13,14.0,569.6,4096.0,224.0,25.0,130.0,911.0,17.02,73.0,1575.0,20.8,229.9,72,8426.8,15708.2,53.6,1225.8,0.0,4352.0,0.0
2026-09-04T13:16:30.638,272.005,1,2416,10,10.0,31.5,31.955,33.735,33.752,1.368,1.858,1.889,34.679,37.052,37.41,100.057,101.655,102.222,19.948,20.936,20.989,31.75,33.481,33.484,0.04,5.05,12.273,28.616,44.525,0,0,17.0,31.74,14.0,569.6,4096.0,224.0,25.2,130.0,911.0,17.05,74.0,1575.0,24.4,296.0,72,8426.9,15708.2,53.6,1225.8,0.0,4352.0,0.0
2026-09-04T13:16:31.637,273.005,1,2426,10,10.0,31.59,31.864,33.489,33.69,0.949,1.049,1.053,34.297,36.021,36.227,100.019,101.06,101.301,19.866,20.766,20.9,31.656,33.27,33.48,0.04,2.72,8.515,8.658,8.675,0,0,19.0,31.66,14.0,569.6,4096.0,224.0,24.8,130.0,911.0,17.08,73.0,1575.0,26.4,297.1,72,8396.1,15708.2,53.5,1225.8,0.0,4352.0,0.0
2026-09-04T13:16:32.637,274.005,1,2436,10,10.0,32.29,31.16,33.367,33.488,0.895,1.032,1.032,33.794,36.309,36.433,99.637,101.911,102.542,19.445,20.716,20.909,30.966,33.163,33.286,0.04,1.58,8.736,9.307,9.56,0,0,17.0,30.97,14.0,569.6,4096.0,224.0,24.9,130.0,911.0,17.07,73.0,1575.0,23.2,265.1,72,8395.6,15708.2,53.4,1225.8,0.0,4352.0,0.0
2026-09-04T13:16:33.641,275.009,1,2446,10,9.96,32.72,30.764,33.885,34.081,0.859,1.063,1.1,33.033,37.013,37.535,100.415,102.107,102.274,19.193,21.035,21.156,30.564,33.676,33.875,0.04,5.05,11.92,28.809,45.193,0,0,17.0,30.44,14.0,569.6,4096.0,224.0,24.8,130.0,911.0,17.03,74.0,1575.0,21.0,226.0,72,8410.5,15708.2,53.5,1225.8,0.0,4352.0,0.0
2026-09-04T13:16:34.637,276.005,1,2456,10,10.04,32.56,30.916,36.304,38.44,0.884,1.131,1.211,34.069,39.806,41.551,99.114,101.485,101.757,19.171,21.465,22.253,30.711,36.072,38.237,0.04,3.03,8.158,8.776,8.893,0,0,19.0,30.83,14.0,569.6,4096.0,224.0,24.9,130.0,911.0,17.07,74.0,1575.0,20.3,235.9,72,8410.5,15708.2,53.5,1225.8,0.0,4352.0,0.0
2026-09-04T13:16:35.637,277.005,1,2467,11,11.0,30.85,32.646,39.19,41.355,0.964,1.244,1.259,35.17,41.249,43.275,100.067,101.73,101.819,19.522,21.256,21.291,32.416,38.956,41.157,0.04,1.7,8.499,8.761,8.858,0,0,19.0,35.67,14.0,569.6,4096.0,224.0,23.8,130.0,911.0,17.06,74.0,1575.0,24.7,282.3,72,8411.6,15708.2,53.5,1225.8,0.0,4352.0,0.0
2026-09-04T13:16:36.637,278.005,1,2476,9,9.0,31.33,32.135,33.285,33.468,1.34,1.872,1.994,34.797,35.975,36.022,100.081,101.647,101.667,20.052,20.513,20.528,31.917,33.066,33.247,0.04,5.52,12.347,30.784,48.618,0,0,19.0,28.72,14.0,569.6,4096.0,224.0,23.8,130.0,911.0,17.08,74.0,1575.0,25.3,294.8,72,8408.7,15708.2,53.5,1225.8,0.0,4352.0,0.0
2026-09-04T13:16:37.637,279.005,1,2487,11,11.0,33.84,29.748,34.011,34.629,1.58,1.866,1.871,33.174,37.848,38.479,99.7,102.174,102.291,18.269,20.617,20.637,29.547,33.769,34.389,0.04,3.24,8.758,9.901,10.056,0,0,19.0,32.5,14.0,569.6,4096.0,224.0,23.8,130.0,911.0,17.01,74.0,1575.0,17.4,165.0,72,8400.7,15708.2,53.5,1225.8,0.0,4352.0,0.0
2026-09-04T13:16:38.643,280.01,1,2496,9,8.96,32.58,30.882,32.98,33.01,1.522,1.925,1.999,33.911,36.766,36.813,100.16,101.825,102.11,19.294,20.528,20.543,30.693,32.775,32.805,0.04,2.12,8.355,9.129,9.424,0,0,16.0,27.5,14.0,569.6,4096.0,224.0,24.9,130.0,911.0,17.02,74.0,1575.0,21.4,245.6,72,8400.4,15708.2,53.5,1225.8,0.0,4352.0,0.0
2026-09-04T13:16:39.638,281.005,1,2506,10,10.05,30.44,33.066,42.48,47.719,1.952,2.844,3.263,36.404,45.645,50.154,100.135,101.659,102.022,19.276,21.431,21.445,32.853,42.256,47.486,0.04,5.43,12.171,29.792,46.934,0,0,17.0,33.01,14.0,569.6,4096.0,224.0,24.7,130.0,911.0,17.06,74.0,1575.0,21.3,232.1,72,8391.1,15708.2,53.4,1225.8,0.0,4352.0,0.0
2026-09-04T13:16:40.637,282.005,1,2517,11,11.0,31.6,31.849,38.067,41.153,1.826,2.719,3.385,35.373,42.359,44.427,99.65,101.54,101.623,19.5,22.114,23.278,31.641,37.842,40.976,0.04,2.94,8.624,8.825,8.911,0,0,19.0,34.8,14.0,569.6,4096.0,224.0,23.8,130.0,911.0,16.99,74.0,1575.0,19.7,228.1,72,8391.7,15708.2,53.4,1225.8,0.0,4352.0,0.0
2026-09-04T13:16:41.639,283.005,1,2527,9,9.0,33.61,29.942,32.66,33.063,1.183,1.714,1.728,32.344,35.344,35.558,100.25,101.797,101.899,18.938,20.73,20.795,29.757,32.466,32.86,0.04,1.92,8.016,9.001,9.042,0,0,17.0,26.78,14.0,569.6,4096.0,224.0,23.7,130.0,911.0,17.09,74.0,1575.0,21.3,225.7,72,8395.4,15708.2,53.4,1225.8,0.0,4352.0,0.0
2026-09-04T13:16:42.637,284.005,1,2537,11,11.0,32.42,31.054,33.474,33.811,0.898,1.036,1.042,33.995,36.67,36.713,99.608,101.613,101.701,19.433,20.627,20.789,30.848,33.266,33.604,0.04,5.35,12.683,30.967,47.338,0,0,17.0,33.94,14.0,569.6,4096.0,224.0,23.8,130.0,911.0,17.04,74.0,1575.0,23.8,264.4,72,8396.6,15708.2,53.5,1225.8,0.0,4352.0,0.0
2026-09-04T13:16:43.641,285.009,1,2547,10,9.96,33.59,29.965,33.562,33.57,0.865,1.058,1.062,32.306,36.067,36.617,99.976,101.868,102.12,18.744,20.594,20.613,29.772,33.325,33.33,0.04,3.12,8.171,8.611,8.624,0,0,16.0,29.66,14.0,569.6,4096.0,224.0,23.7,130.0,911.0,17.03,74.0,1575.0,20.7,202.3,72,8402.2,15708.2,53.5,1225.8,0.0,4352.0,0.0
2026-09-04T13:16:44.637,286.005,1,2557,10,10.04,31.4,32.057,34.744,34.769,0.928,1.029,1.04,35.024,37.932,38.708,99.812,101.497,101.629,19.795,20.661,20.684,31.849,34.526,34.561,0.04,1.93,8.239,8.8,8.849,0,0,19.0,31.96,14.0,569.6,4096.0,224.0,23.8,130.0,911.0,17.06,74.0,1575.0,26.9,302.1,72,8398.1,15708.2,53.5,1225.8,0.0,4352.0,0.0
2026-09-04T13:16:45.637,287.005,1,2567,10,10.0,31.09,32.372,34.942,35.97,0.917,1.003,1.006,34.776,38.114,39.186,100.008,102.402,102.543,19.947,21.111,21.487,32.165,34.715,35.722,0.04,6.28,10.917,30.114,47.687,0,0,22.0,32.17,17.0,569.6,4096.0,224.0,23.8,130.0,911.0,17.07,74.0,1575.0,28.9,296.2,72,8438.4,15708.2,53.7,1225.8,0.0,4352.0,0.0
2026-09-04T13:16:46.637,288.005,1,2577,10,10.0,34.43,29.24,33.423,33.543,0.806,0.951,0.96,31.471,35.758,36.146,99.946,101.191,101.201,18.096,20.628,20.779,29.04,33.192,33.286,0.04,4.19,6.641,9.005,9.284,0,0,17.0,29.04,14.0,569.6,4096.0,224.0,23.8,130.0,911.0,17.04,74.0,1575.0,16.6,139.0,72,8439.6,15708.2,53.7,1225.8,0.0,4352.0,0.0
2026-09-04T13:16:47.637,289.005,1,2587,10,10.0,33.76,29.837,33.325,34.26,0.818,0.911,0.925,32.101,35.866,37.113,100.611,103.433,104.807,18.891,21.378,21.677,29.619,33.1,34.028,0.04,3.36,7.975,10.115,10.305,0,0,17.0,29.62,14.0,569.6,4096.0,224.0,23.7,130.0,911.0,17.06,74.0,1575.0,22.0,190.1,72,8455.8,15708.2,53.8,1225.8,0.0,4352.0,0.0
2026-09-04T13:16:48.642,290.01,1,2597,10,9.95,34.63,29.091,32.242,32.457,0.868,1.042,1.07,31.791,35.066,35.242,98.675,100.573,100.589,18.579,20.376,20.377,28.88,32.012,32.221,0.04,5.88,11.545,28.437,44.603,0,0,20.0,28.73,17.0,569.6,4096.0,224.0,23.9,130.0,911.0,17.01,74.0,1575.0,27.4,177.9,72,8642.9,15708.2,55.0,1225.8,0.0,4352.0,0.0
2026-09-04T13:16:49.637,291.005,1,2607,10,10.05,33.01,30.509,37.617,37.945,0.917,1.241,1.271,32.532,40.365,40.576,100.346,101.557,101.815,18.304,21.234,21.376,30.294,37.337,37.673,0.04,3.46,8.451,9.475,9.743,0,0,17.0,30.45,14.0,569.6,4096.0,224.0,23.8,130.0,911.0,17.06,74.0,1575.0,22.0,131.8,72,8669.2,15708.2,55.2,1225.8,0.0,4352.0,0.0
2026-09-04T13:16:50.637,292.005,1,2617,10,10.0,34.51,29.198,31.748,31.914,1.44,2.185,2.232,32.269,35.367,35.57,99.533,101.387,101.908,18.685,20.641,20.782,28.981,31.511,31.69,0.04,2.4,8.65,10.491,11.352,0,0,22.0,28.97,16.0,569.6,4096.0,224.0,23.9,130.0,911.0,17.02,74.0,1575.0,26.5,177.9,72,8680.9,15708.2,55.3,1225.8,0.0,4352.0,0.0
2026-09-04T13:16:51.637,293.005,1,2627,10,10.0,33.51,30.06,34.233,34.88,1.672,2.295,2.315,33.269,37.594,38.033,100.292,101.564,101.567,18.828,21.099,21.388,29.841,33.995,34.632,0.04,5.66,13.991,35.933,47.094,0,0,20.0,29.84,15.0,569.6,4096.0,224.0,23.8,130.0,911.0,17.1,74.0,1575.0,26.2,180.1,72,8675.4,15708.2,55.2,1225.8,0.0,4352.0,0.0
2026-09-04T13:16:52.637,294.005,1,2637,10,10.0,34.3,29.358,32.718,32.798,1.72,2.372,2.404,32.736,36.474,36.863,99.938,101.176,101.195,18.405,20.555,20.567,29.158,32.488,32.569,0.04,3.09,8.555,8.7,8.726,0,0,17.0,29.16,15.0,569.6,4096.0,224.0,23.8,130.0,911.0,17.07,74.0,1575.0,17.0,168.1,72,8682.7,15708.2,55.3,1225.8,0.0,4352.0,0.0
2026-09-04T13:16:53.640,295.008,1,2647,10,9.97,35.92,28.021,31.456,31.68,1.633,2.216,2.23,31.211,35.294,35.549,99.851,101.279,101.35,18.262,20.289,20.302,27.837,31.242,31.46,0.04,1.71,8.543,8.715,8.788,0,0,16.0,27.76,13.0,569.6,4096.0,224.0,23.8,130.0,911.0,17.11,74.0,1575.0,23.0,144.5,72,8895.9,15708.2,56.6,1225.8,0.0,4352.0,0.0
2026-09-04T13:16:54.637,296.005,1,2657,10,10.03,35.3,28.518,32.77,32.817,1.726,2.264,2.29,31.978,36.904,36.974,99.518,100.903,101.042,18.349,20.624,20.664,28.327,32.539,32.584,0.04,5.17,12.686,30.532,46.809,0,0,24.0,28.4,21.0,569.6,4096.0,224.0,23.8,130.0,911.0,17.0,74.0,1575.0,19.7,155.3,72,8844.3,15708.2,56.3,1225.8,0.0,4352.0,0.0
2026-09-04T13:16:55.637,297.005,1,2667,10,10.0,34.91,28.851,33.076,33.578,1.13,1.462,1.49,30.958,35.417,35.88,100.274,101.126,101.184,18.092,20.619,20.622,28.642,32.835,33.304,0.04,2.83,8.541,8.672,8.674,0,0,15.0,28.64,13.0,569.6,4096.0,224.0,23.8,130.0,911.0,17.1,74.0,1575.0,13.0,126.0,72,8841.1,15708.2,56.3,1225.8,0.0,4352.0,0.0
2026-09-04T13:16:56.637,298.005,1,2677,10,10.0,33.99,29.618,32.964,33.216,1.172,1.494,1.506,32.436,35.915,36.036,99.926,100.972,101.178,18.721,20.547,20.563,29.422,32.753,32.999,0.04,1.51,8.644,8.738,8.761,0,0,19.0,29.43,14.0,569.6,4096.0,224.0,23.8,130.0,911.0,17.0,74.0,1575.0,18.4,205.1,72,8826.2,15708.2,56.2,1225.8,0.0,4352.0,0.0
2026-09-04T13:16:57.637,299.005,1,2687,10,10.0,32.65,30.829,33.467,33.703,1.176,1.433,1.447,33.461,35.951,36.071,100.093,101.243,101.619,19.388,20.542,20.608,30.628,33.253,33.489,0.04,5.03,12.735,30.512,45.521,0,0,24.0,30.62,18.0,569.6,4096.0,224.0,23.7,130.0,911.0,17.06,74.0,1575.0,21.9,258.8,72,8817.8,15708.2,56.1,1225.8,0.0,4352.0,0.0
2026-09-04T13:16:58.639,300.007,1,2690,3,2.99,31.09,32.358,33.151,33.256,1.012,1.118,1.119,35.276,36.185,36.325,98.745,100.563,100.842,20.388,20.523,20.543,32.161,32.951,33.053,0.04,3.22,8.71,10.657,11.054,5,0,25.0,9.63,20.0,523.6,4096.0,178.0,45.6,84.0,911.0,16.84,74.0,1575.0,19.0,214.8,72,8798.0,15708.2,56.0,1226.0,0.0,4352.0,0.0
2026-09-04T13:16:59.637,301.005,1,2698,8,8.01,6.52,153.653,678.138,1025.689,0.889,1.022,1.035,159.808,689.765,1028.487,212.427,684.148,998.168,142.885,666.663,1014.739,153.455,677.955,1025.509,0.04,2.53,9.643,15.01,20.202,4,0,17.0,122.97,14.0,537.6,4096.0,192.0,23.8,98.0,911.0,17.56,74.0,1575.0,14.1,144.2,72,8771.9,15708.2,55.8,1226.2,0.0,4352.0,0.0
2026-09-04T13:17:00.637,302.005,1,2708,10,10.0,34.45,29.218,32.787,33.212,1.168,1.868,2.182,32.062,35.981,37.412,99.784,101.387,101.438,18.326,20.393,20.402,29.024,32.56,32.981,0.04,6.45,13.09,32.76,52.002,0,0,27.0,29.03,22.0,537.6,4096.0,192.0,23.8,98.0,911.0,17.05,74.0,1575.0,16.8,176.2,72,8763.4,15708.2,55.8,1226.2,0.0,4352.0,0.0
2026-09-04T13:17:01.637,303.005,1,2718,10,10.0,35.68,28.212,31.806,32.734,1.374,1.851,1.947,31.072,34.708,36.318,100.026,101.181,101.297,17.767,20.508,20.751,28.025,31.615,32.54,0.04,3.54,8.472,8.705,8.72,0,0,19.0,28.02,15.0,569.6,4096.0,224.0,23.9,130.0,911.0,17.19,74.0,1575.0,11.3,95.0,72,8758.0,15708.2,55.8,1226.2,0.0,4352.0,0.0
2026-09-04T13:17:02.637,304.005,1,2728,10,10.0,32.65,30.851,32.722,32.856,1.101,1.755,1.779,33.521,35.967,36.021,100.007,102.067,102.792,19.432,20.793,20.959,30.625,32.528,32.662,0.0,2.04,8.912,9.899,10.227,0,0,23.0,30.62,15.0,569.6,4096.0,224.0,23.7,130.0,911.0,17.07,74.0,1575.0,22.7,259.0,72,8741.3,15708.2,55.6,1226.2,0.0,4352.0,0.0
2026-09-04T13:17:03.640,305.008,1,2738,10,9.97,31.46,31.99,35.446,36.921,0.867,1.051,1.053,34.706,38.941,40.765,99.524,101.299,101.47,20.161,21.266,21.381,31.786,35.2,36.642,0.0,6.6,13.136,35.247,56.874,0,0,31.0,31.69,23.0,569.6,4096.0,224.0,23.8,130.0,911.0,17.23,74.0,1575.0,28.7,329.9,72,8707.2,15708.2,55.4,1226.2,0.0,4352.0,0.0
2026-09-04T13:17:04.637,306.005,1,2748,10,10.03,32.6,30.888,32.885,32.955,0.981,1.502,1.563,33.214,36.432,36.536,100.219,101.633,101.644,19.246,20.972,20.973,30.675,32.689,32.756,0.0,3.56,8.567,8.724,8.727,0,0,18.0,30.78,15.0,569.6,4096.0,224.0,23.8,130.0,911.0,17.23,74.0,1575.0,20.5,228.8,72,8694.4,15708.2,55.3,1226.2,0.0,4352.0,0.0
2026-09-04T13:17:05.637,307.005,1,2758,10,10.0,35.27,28.544,32.473,33.376,1.923,2.238,2.243,32.279,36.388,37.4,99.807,101.067,101.279,17.772,20.832,20.895,28.349,32.271,33.16,0.0,1.92,8.682,9.001,9.021,0,0,22.0,28.35,18.0,569.6,4096.0,224.0,23.8,130.0,911.0,17.07,74.0,1575.0,11.4,97.0,72,8689.4,15708.2,55.3,1226.2,0.0,4352.0,0.0
2026-09-04T13:17:06.637,308.005,1,2768,10,10.0,34.05,29.579,32.833,32.885,1.622,2.127,2.133,33.003,36.827,36.828,99.724,100.914,101.372,18.26,20.279,20.325,29.366,32.599,32.659,0.0,6.12,12.973,33.817,54.147,0,0,30.0,29.37,24.0,569.6,4096.0,224.0,23.8,130.0,911.0,17.06,74.0,1575.0,15.8,163.0,72,8686.0,15708.2,55.3,1226.2,0.0,4352.0,0.0
2026-09-04T13:17:07.637,309.005,1,2778,10,10.0,34.91,28.838,32.409,32.618,1.785,2.412,2.776,32.044,35.885,36.274,100.088,101.629,101.732,18.042,20.606,20.751,28.647,32.216,32.411,0.0,3.28,8.618,8.729,8.746,0,0,17.0,28.65,13.0,569.6,4096.0,224.0,23.8,130.0,911.0,17.16,74.0,1575.0,13.8,129.0,72,8677.1,15708.2,55.2,1226.2,0.0,4352.0,0.0
2026-09-04T13:17:08.639,310.007,1,2788,10,9.98,34.87,28.858,32.871,32.985,1.469,2.111,2.276,31.842,36.036,36.089,100.039,101.11,101.316,18.036,20.555,20.641,28.682,32.685,32.803,0.0,2.4,7.872,8.674,8.681,0,0,21.0,28.63,16.0,569.6,4096.0,224.0,23.8,130.0,911.0,17.12,74.0,1575.0,14.2,128.8,72,8668.3,15708.2,55.2,1226.2,0.0,4352.0,0.0
2026-09-04T13:17:09.637,311.005,1,2798,10,10.02,37.06,27.167,28.598,29.094,1.356,1.895,2.012,30.368,32.123,33.1,99.751,100.736,100.769,17.004,17.081,17.084,26.984,28.406,28.901,0.0,6.73,13.703,36.732,59.129,0,0,30.0,27.03,26.0,569.6,4096.0,224.0,23.8,130.0,911.0,17.0,74.0,1575.0,7.3,33.1,72,8670.9,15708.2,55.2,1226.2,0.0,4352.0,0.0
2026-09-04T13:17:10.637,312.005,1,2808,10,10.0,34.13,29.496,31.873,31.923,1.226,1.438,1.445,32.54,35.322,35.433,99.689,101.808,101.982,18.58,20.322,20.339,29.302,31.698,31.749,0.0,3.66,8.523,8.75,8.782,0,0,18.0,29.3,15.0,569.6,4096.0,224.0,23.8,130.0,911.0,17.34,74.0,1575.0,18.1,194.0,72,8661.2,15708.2,55.1,1226.2,0.0,4352.0,0.0
2026-09-04T13:17:11.638,313.005,1,2818,10,10.0,36.16,27.835,30.99,31.194,0.805,0.989,1.034,30.395,33.324,34.097,99.896,101.507,101.568,17.613,20.18,20.208,27.652,30.781,30.969,0.0,2.09,8.511,8.968,9.18,0,0,16.0,27.64,14.0,569.6,4096.0,224.0,23.8,130.0,911.0,17.05,74.0,1575.0,11.1,95.9,72,8665.1,15708.2,55.2,1226.2,0.0,4352.0,0.0
2026-09-04T13:17:12.637,314.005,1,2828,10,10.01,32.41,31.054,33.776,33.967,0.916,1.184,1.196,33.327,36.716,37.469,100.291,101.811,101.977,19.465,20.634,20.713,30.851,33.543,33.751,0.0,7.2,13.619,38.112,62.156,0,0,34.0,30.87,25.0,569.6,4096.0,224.0,23.8,130.0,911.0,16.94,74.0,1575.0,23.1,267.4,72,8647.0,15708.2,55.0,1226.2,0.0,4352.0,0.0
2026-09-04T13:17:13.639,315.007,1,2838,10,9.98,32.59,30.887,32.827,32.908,0.832,1.074,1.145,33.568,35.661,35.99,99.672,101.13,101.629,19.326,20.7,20.857,30.681,32.624,32.701,0.0,4.17,8.316,8.714,8.722,0,0,20.0,30.61,14.0,569.6,4096.0,224.0,23.7,130.0,911.0,17.42,74.0,1575.0,22.3,259.4,72,8645.1,15708.2,55.0,1226.2,0.0,4352.0,0.0
2026-09-04T13:17:14.637,316.005,1,2848,10,10.02,33.7,29.863,33.015,33.315,0.815,0.916,0.934,32.356,35.408,35.464,100.097,101.017,101.059,18.686,20.553,20.648,29.673,32.826,33.121,0.0,2.39,8.829,9.606,9.815,0,0,19.0,29.74,16.0,569.6,4096.0,224.0,23.8,130.0,911.0,17.18,74.0,1575.0,18.5,195.4,72,8650.6,15708.2,55.1,1226.2,0.0,4352.0,0.0
2026-09-04T13:17:15.637,317.005,1,2858,10,10.0,32.83,30.678,33.426,34.301,0.848,0.95,0.963,33.279,36.741,37.796,99.757,101.344,101.458,19.302,20.435,20.534,30.464,33.191,34.065,0.0,7.48,13.931,39.493,64.598,0,0,36.0,30.46,26.0,569.6,4096.0,224.0,23.8,130.0,911.0,17.07,74.0,1575.0,22.1,264.1,72,8647.6,15708.2,55.1,1226.2,0.0,4352.0,0.0
2026-09-04T13:17:16.637,318.005,1,2868,10,10.0,32.75,30.76,33.032,33.404,0.867,0.976,1.037,32.975,35.648,36.32,100.068,100.927,101.005,19.337,20.519,20.649,30.535,32.776,33.138,0.0,4.39,7.886,8.737,8.756,0,0,19.0,30.53,14.0,569.6,4096.0,224.0,23.8,130.0,911.0,17.36,74.0,1575.0,23.0,264.0,72,8641.5,15708.2,55.0,1226.2,0.0,4352.0,0.0
2026-09-04T13:17:17.637,319.005,1,2878,10,10.0,33.31,30.23,33.75,33.985,0.81,0.976,1.023,32.702,36.122,36.337,99.965,100.897,101.01,18.987,20.532,20.553,30.023,33.513,33.729,0.0,2.43,8.535,8.806,8.842,0,0,17.0,30.02,14.0,569.6,4096.0,224.0,23.7,130.0,911.0,17.14,74.0,1575.0,19.8,228.9,72,8640.4,15708.2,55.0,1226.2,0.0,4352.0,0.0
2026-09-04T13:17:18.639,320.007,1,2888,10,9.98,34.73,28.984,31.881,32.234,0.793,0.947,0.952,31.063,34.602,35.046,99.82,101.229,101.347,18.35,20.362,20.405,28.797,31.676,32.016,0.0,10.1,16.146,51.36,70.492,0,0,33.0,28.74,28.0,569.6,4096.0,224.0,23.8,130.0,911.0,17.05,74.0,1575.0,17.7,155.8,72,8568.4,15708.2,54.5,1226.2,0.0,4352.0,0.0
2026-09-04T13:17:19.637,321.005,1,2898,10,10.02,35.28,28.53,32.711,32.723,0.763,0.973,1.004,30.733,35.231,35.835,100.247,100.925,101.014,18.019,20.444,20.516,28.345,32.493,32.502,0.0,5.78,8.552,9.969,11.005,0,0,18.0,28.4,13.0,569.6,4096.0,224.0,23.8,130.0,911.0,17.25,74.0,1575.0,14.6,130.3,72,8556.0,15708.2,54.5,1226.2,0.0,4352.0,0.0
2026-09-04T13:17:20.637,322.005,1,2908,10,10.0,34.56,29.142,32.378,33.92,0.856,1.102,1.169,31.8,35.155,36.876,99.529,100.759,100.761,17.778,20.682,21.298,28.934,32.157,33.684,0.0,3.77,9.356,12.619,15.757,0,0,17.0,28.93,14.0,569.6,4096.0,224.0,23.8,130.0,911.0,17.09,74.0,1575.0,11.3,95.0,72,8550.1,15708.2,54.4,1226.2,0.0,4352.0,0.0
2026-09-04T13:17:21.637,323.005,1,2918,10,10.0,33.54,30.025,36.114,37.845,0.826,1.11,1.24,32.659,39.302,41.264,99.528,101.024,101.252,18.449,20.978,21.289,29.819,35.867,37.55,0.0,9.54,14.661,45.116,74.886,0,0,38.0,29.82,28.0,569.6,4096.0,224.0,23.8,130.0,911.0,17.01,74.0,1575.0,15.5,162.0,72,8552.3,15708.2,54.4,1226.2,0.0,4352.0,0.0
2026-09-04T13:17:22.637,324.005,1,2928,10,10.0,33.69,29.88,31.593,31.755,0.803,0.893,0.898,31.762,34.563,35.096,100.196,101.151,101.366,18.976,20.313,20.353,29.682,31.39,31.554,0.0,5.29,8.371,8.927,9.076,0,0,19.0,29.68,14.0,569.6,4096.0,224.0,23.8,130.0,911.0,17.4,74.0,1575.0,20.1,225.9,72,8426.4,15708.2,53.6,1226.2,0.0,4352.0,0.0
2026-09-04T13:17:23.639,325.007,1,2938,10,9.98,32.03,31.437,34.201,35.203,0.825,0.94,0.975,33.692,36.614,38.037,100.374,101.759,101.895,19.757,20.947,21.336,31.223,33.955,34.94,0.0,3.23,8.177,8.797,8.878,0,0,20.0,31.17,14.0,569.6,4096.0,224.0,23.8,130.0,911.0,17.06,74.0,1575.0,25.5,297.6,72,8426.3,15708.2,53.6,1226.2,0.0,4352.0,0.0
2026-09-04T13:17:24.637,326.005,1,2948,10,10.02,35.6,28.309,33.117,34.566,1.132,1.686,1.691,31.283,36.705,38.815,99.762,101.502,101.549,17.645,20.406,20.604,28.087,32.859,34.317,0.0,9.47,14.586,46.075,76.029,0,0,38.0,28.14,27.0,569.6,4096.0,224.0,23.8,130.0,911.0,17.01,74.0,1575.0,11.2,96.2,72,8436.0,15708.2,53.7,1226.2,0.0,4352.0,0.0
2026-09-04T13:17:25.637,327.005,1,2958,10,10.0,32.25,31.218,32.759,32.893,1.869,2.202,2.207,34.773,36.748,37.141,99.514,101.213,101.67,19.598,20.337,20.339,31.01,32.547,32.666,0.0,5.25,8.322,8.731,8.737,0,0,19.0,31.01,14.0,569.6,4096.0,224.0,23.8,130.0,911.0,17.43,74.0,1575.0,25.2,296.0,72,8435.9,15708.2,53.7,1226.2,0.0,4352.0,0.0
2026-09-04T13:17:26.637,328.005,1,2968,10,10.0,34.05,29.555,33.025,33.297,1.372,1.623,1.676,32.145,36.135,37.076,100.427,101.714,101.773,18.737,20.691,20.877,29.366,32.807,33.089,0.0,3.16,8.527,9.652,10.214,0,0,17.0,29.36,14.0,569.6,4096.0,224.0,23.8,130.0,911.0,17.08,74.0,1575.0,17.8,197.0,72,8441.1,15708.2,53.7,1226.2,0.0,4352.0,0.0
2026-09-04T13:17:27.637,329.005,1,2978,10,10.0,34.92,28.842,31.628,31.657,1.231,1.525,1.544,31.689,34.831,35.035,100.112,101.235,101.607,18.252,20.176,20.184,28.64,31.386,31.41,0.0,8.8,14.717,44.125,72.647,0,0,33.0,28.64,28.0,569.6,4096.0,224.0,23.8,130.0,911.0,17.02,74.0,1575.0,15.5,162.0,72,8442.1,15708.2,53.7,1226.2,0.0,4352.0,0.0
2026-09-04T13:17:28.639,330.007,1,2988,10,9.98,35.46,28.388,32.13,32.391,1.41,1.632,1.641,31.654,35.757,35.768,99.528,100.979,101.109,18.067,20.447,20.652,28.2,31.921,32.186,0.0,4.86,8.34,8.733,8.747,0,0,19.0,28.13,14.0,569.6,4096.0,224.0,23.7,130.0,911.0,17.27,74.0,1575.0,13.8,127.7,72,8443.1,15708.2,53.7,1226.2,0.0,4352.0,0.0
2026-09-04T13:17:29.637,331.005,1,2998,10,10.02,32.15,31.309,32.484,32.634,1.252,1.658,1.679,34.314,35.866,36.221,99.782,100.752,100.791,19.975,20.439,20.444,31.101,32.251,32.391,0.0,2.88,8.244,8.704,8.705,0,0,19.0,31.17,14.0,569.6,4096.0,224.0,23.8,130.0,911.0,17.11,74.0,1575.0,27.2,329.7,72,8437.1,15708.2,53.7,1226.2,0.0,4352.0,0.0
2026-09-04T13:17:30.637,332.005,1,3008,10,10.0,33.11,30.413,33.094,33.995,1.032,1.736,1.952,32.956,37.647,40.085,100.014,101.095,101.344,19.056,20.46,20.479,30.205,32.901,33.803,0.0,9.83,14.308,47.113,78.49,0,0,39.0,30.2,28.0,569.6,4096.0,224.0,23.8,130.0,911.0,17.06,74.0,1575.0,19.7,223.0,72,8435.0,15708.2,53.7,1226.2,0.0,4352.0,0.0
2026-09-04T13:17:31.637,333.005,1,3018,10,10.0,32.32,31.157,32.594,32.611,1.041,1.359,1.594,33.704,35.603,35.648,100.291,101.37,101.406,19.657,20.44,20.454,30.937,32.364,32.394,0.0,5.48,8.25,8.702,8.705,0,0,19.0,30.94,14.0,569.6,4096.0,224.0,23.8,130.0,911.0,17.41,74.0,1575.0,24.7,297.0,72,8432.1,15708.2,53.7,1226.2,0.0,4352.0,0.0
2026-09-04T13:17:32.637,334.005,1,3028,10,10.0,32.78,30.713,32.766,32.86,0.904,1.073,1.13,33.318,35.742,35.749,99.766,101.296,101.39,19.388,20.508,20.574,30.509,32.55,32.644,0.0,3.16,8.368,8.847,8.887,0,0,19.0,30.51,14.0,569.6,4096.0,224.0,23.8,130.0,911.0,17.07,74.0,1575.0,22.4,261.1,72,8427.8,15708.2,53.7,1226.2,0.0,4352.0,0.0
2026-09-04T13:17:33.639,335.007,1,3038,10,9.98,33.69,29.882,34.808,36.446,0.825,1.049,1.124,32.985,40.582,44.503,99.511,100.994,101.013,18.716,20.869,21.196,29.687,34.604,36.244,0.0,9.84,15.635,49.847,81.084,0,0,37.0,29.61,27.0,569.6,4096.0,224.0,23.7,130.0,911.0,16.92,74.0,1575.0,18.8,193.5,72,8431.0,15708.2,53.7,1226.2,0.0,4352.0,0.0
2026-09-04T13:17:34.637,336.005,1,3048,10,10.02,32.53,30.935,32.499,32.564,0.843,1.07,1.211,33.227,35.351,35.497,99.974,102.217,102.936,19.667,20.641,20.745,30.737,32.298,32.349,0.0,5.42,8.344,8.762,8.791,0,0,20.0,30.81,15.0,569.6,4096.0,224.0,23.8,130.0,911.0,17.42,74.0,1575.0,24.7,295.6,72,8427.7,15708.2,53.7,1226.2,0.0,4352.0,0.0
2026-09-04T13:17:35.637,337.005,1,3058,10,10.0,33.62,29.936,32.352,32.486,0.792,0.847,0.863,32.074,34.948,35.011,100.086,100.98,101.178,18.72,20.434,20.482,29.744,32.123,32.239,0.0,3.13,8.469,9.95,10.962,0,0,19.0,29.74,14.0,569.6,4096.0,224.0,23.8,130.0,911.0,17.05,73.0,1575.0,17.9,194.1,72,8429.2,15708.2,53.7,1226.2,0.0,4352.0,0.0
2026-09-04T13:17:36.637,338.005,1,3068,10,10.0,35.51,28.349,31.669,32.242,0.807,1.076,1.151,30.992,34.711,35.25,99.747,101.03,101.279,17.696,20.365,20.387,28.165,31.467,32.032,0.0,6.79,15.576,46.889,49.832,0,0,19.0,28.16,14.0,569.6,4096.0,224.0,23.8,130.0,911.0,16.64,73.0,1575.0,11.0,97.0,72,8426.2,15708.2,53.6,1226.2,0.0,4352.0,0.0
2026-09-04T13:17:37.637,339.005,1,3078,10,10.0,33.93,29.657,32.904,33.176,0.813,0.976,0.991,31.603,35.453,35.773,100.323,101.231,101.618,18.789,20.576,20.603,29.472,32.692,32.95,0.0,3.83,8.346,8.753,8.797,0,0,17.0,29.47,14.0,569.6,4096.0,224.0,23.8,130.0,911.0,17.35,74.0,1575.0,17.9,194.0,72,8434.0,15708.2,53.7,1226.2,0.0,4352.0,0.0
2026-09-04T13:17:38.639,340.007,1,3088,10,9.98,34.25,29.391,31.35,31.439,0.748,0.832,0.833,31.718,34.122,34.132,99.738,101.235,101.432,18.897,20.328,20.332,29.2,31.132,31.214,0.0,2.29,8.18,8.665,8.685,0,0,19.0,29.14,14.0,569.6,4096.0,224.0,23.8,130.0,911.0,17.0,73.0,1575.0,20.2,222.6,72,8436.4,15708.2,53.7,1226.2,0.0,4352.0,0.0
2026-09-04T13:17:39.637,341.005,1,3098,10,10.02,35.89,28.049,31.278,31.323,0.888,1.367,1.522,30.831,34.293,34.478,99.714,100.843,100.953,17.903,20.138,20.164,27.862,31.103,31.14,0.0,5.6,15.4,44.37,45.617,0,0,16.0,27.92,14.0,569.6,4096.0,224.0,23.7,130.0,911.0,16.64,74.0,1575.0,13.4,128.2,72,8430.5,15708.2,53.7,1226.2,0.0,4352.0,0.0
2026-09-04T13:17:40.637,342.005,1,3108,10,10.0,34.01,29.601,31.41,31.482,1.567,2.051,2.083,32.595,34.608,34.958,99.817,101.214,101.355,18.896,20.285,20.322,29.406,31.212,31.308,0.0,3.24,8.339,8.942,9.156,0,0,19.0,29.4,14.0,569.6,4096.0,224.0,23.8,130.0,911.0,17.32,74.0,1575.0,19.7,225.0,72,8429.8,15708.2,53.7,1226.2,0.0,4352.0,0.0
2026-09-04T13:17:41.637,343.005,1,3118,10,10.0,35.55,28.314,31.951,32.406,1.686,2.001,2.012,31.573,35.616,36.68,100.305,100.819,100.825,17.954,20.245,20.255,28.129,31.737,32.19,0.0,1.96,8.341,8.738,8.765,0,0,16.0,28.13,14.0,569.6,4096.0,224.0,23.8,130.0,911.0,16.99,73.0,1575.0,13.4,128.0,72,8425.1,15708.2,53.6,1226.2,0.0,4352.0,0.0
2026-09-04T13:17:42.637,344.005,1,3128,10,10.0,35.18,28.628,31.869,32.3,1.486,2.01,2.038,31.962,35.222,35.503,99.506,101.158,101.255,18.227,20.184,20.237,28.427,31.647,32.059,0.0,5.39,12.019,28.668,44.338,0,0,1.0,28.42,1.0,569.6,4096.0,224.0,23.8,130.0,911.0,16.64,73.0,1575.0,15.4,163.0,72,8425.5,15708.2,53.6,1226.2,0.0,4352.0,0.0
2026-09-04T13:17:43.639,345.007,1,3138,10,9.98,34.42,29.259,31.436,31.439,1.169,1.401,1.424,31.628,34.395,34.499,100.04,101.16,101.613,18.665,20.353,20.391,29.057,31.228,31.234,0.0,3.11,8.886,9.906,10.833,0,0,19.0,28.99,14.0,569.6,4096.0,224.0,23.8,130.0,911.0,16.96,74.0,1575.0,18.4,190.5,72,8428.9,15708.2,53.7,1226.2,0.0,4352.0,0.0
2026-09-04T13:17:44.637,346.005,1,3148,10,10.02,36.43,27.657,31.215,32.238,1.482,1.671,1.672,30.953,34.492,35.908,99.751,100.911,100.914,17.601,20.126,20.272,27.447,30.995,32.001,0.0,3.58,10.811,21.535,31.959,0,0,16.0,27.51,14.0,569.6,4096.0,224.0,23.8,130.0,911.0,16.96,73.0,1575.0,11.4,98.2,72,8435.4,15708.2,53.7,1226.2,0.0,4352.0,0.0
2026-09-04T13:17:45.637,347.005,1,3158,10,10.0,33.66,29.93,33.927,34.422,1.933,2.423,2.713,33.141,37.058,38.011,99.979,101.288,101.723,18.721,20.85,21.014,29.712,33.699,34.175,0.0,6.2,12.538,29.633,45.871,0,0,0.0,29.71,0.0,569.6,4096.0,224.0,23.8,130.0,911.0,16.62,73.0,1575.0,21.7,187.0,72,8432.6,15708.2,53.7,1226.2,0.0,4352.0,0.0
2026-09-04T13:17:46.637,348.005,1,3168,10,10.0,33.89,29.717,33.105,33.467,1.546,2.246,2.559,33.173,37.013,37.558,99.57,100.957,101.146,18.623,20.407,20.483,29.508,32.89,33.248,0.0,3.36,8.412,8.693,8.719,0,0,19.0,29.51,14.0,569.6,4096.0,224.0,23.8,130.0,911.0,17.0,73.0,1575.0,18.4,199.0,72,8432.4,15708.2,53.7,1226.2,0.0,4352.0,0.0
2026-09-04T13:17:47.638,349.006,1,3178,10,9.99,35.34,28.49,32.344,32.903,0.831,1.15,1.274,31.169,34.742,35.898,99.93,100.898,100.998,18.001,20.439,20.456,28.296,32.14,32.686,0.0,1.93,8.679,9.664,10.236,0,0,17.0,28.28,14.0,569.6,4096.0,224.0,23.8,130.0,911.0,16.96,73.0,1575.0,13.5,126.9,72,8437.7,15708.2,53.7,1226.2,0.0,4352.0,0.0
2026-09-04T13:17:48.642,350.009,1,3188,10,9.97,32.7,30.861,35.415,36.92,0.861,1.078,1.156,33.281,38.376,40.226,100.119,101.518,101.537,19.388,20.805,20.99,30.582,34.741,35.847,0.0,5.22,12.478,29.729,45.742,0,0,3.0,30.48,3.0,569.6,4096.0,224.0,23.8,130.0,911.0,16.71,73.0,1575.0,31.5,241.1,72,8626.9,15708.2,54.9,1226.2,0.0,4352.0,0.0
2026-09-04T13:17:49.638,351.005,1,3198,10,10.04,34.82,28.903,32.134,32.537,0.829,0.951,0.957,31.503,36.005,36.655,99.754,100.738,100.748,18.331,20.47,20.514,28.723,31.922,32.352,0.0,3.01,8.677,8.929,8.995,0,0,16.0,28.85,14.0,569.6,4096.0,224.0,23.8,130.0,911.0,16.96,73.0,1575.0,22.3,148.5,72,8654.0,15708.2,55.1,1226.2,0.0,4352.0,0.0
2026-09-04T13:17:50.637,352.005,1,3208,10,10.0,33.52,30.058,33.829,34.601,0.932,1.102,1.12,32.693,37.64,39.156,99.82,100.939,101.097,18.988,20.455,20.478,29.837,33.548,34.263,0.0,1.69,8.878,9.964,11.148,0,0,19.0,29.83,14.0,569.6,4096.0,224.0,23.8,130.0,911.0,16.95,73.0,1575.0,28.7,217.1,72,8656.6,15708.2,55.1,1226.2,0.0,4352.0,0.0
2026-09-04T13:17:51.637,353.005,1,3218,10,10.0,32.63,30.852,35.224,37.586,0.874,1.033,1.066,33.156,37.523,39.463,100.255,101.298,101.375,19.032,20.435,20.451,30.65,35.01,37.371,0.0,5.04,12.691,30.698,47.495,0,0,0.0,30.66,0.0,569.6,4096.0,224.0,23.8,130.0,911.0,16.74,74.0,1575.0,28.4,216.1,72,8633.3,15708.2,55.0,1226.2,0.0,4352.0,0.0
2026-09-04T13:17:52.637,354.005,1,3228,10,10.0,35.14,28.73,32.272,32.531,0.764,0.911,0.921,31.232,35.004,35.228,99.545,100.756,100.796,18.015,20.644,20.831,28.458,32.055,32.301,0.0,2.74,8.71,8.965,9.056,0,0,16.0,28.46,14.0,569.6,4096.0,224.0,23.8,130.0,911.0,16.96,73.0,1575.0,14.3,123.0,72,8633.5,15708.2,55.0,1226.2,0.0,4352.0,0.0
2026-09-04T13:17:53.642,355.01,1,3238,10,9.95,30.87,32.605,35.983,37.146,0.915,1.216,1.255,34.703,38.513,39.747,100.281,100.734,100.769,20.188,21.412,21.487,32.396,35.789,36.975,0.0,1.91,8.72,9.489,9.521,0,0,19.0,32.23,14.0,569.6,4096.0,224.0,23.8,130.0,911.0,17.01,73.0,1575.0,35.1,274.5,72,8684.7,15708.2,55.3,1226.2,0.0,4352.0,0.0
2026-09-04T13:17:54.637,356.005,1,3248,10,10.05,33.74,29.913,35.507,37.207,0.824,1.047,1.094,32.862,40.453,43.672,99.716,100.683,100.691,18.669,20.494,20.537,29.639,34.867,36.224,0.0,5.38,12.522,30.447,47.324,0,0,5.0,29.79,5.0,569.6,4096.0,224.0,23.9,130.0,911.0,16.68,74.0,1575.0,25.7,189.1,72,8724.4,15708.2,55.5,1226.2,0.0,4352.0,0.0
2026-09-04T13:17:55.637,357.005,1,3258,10,10.0,31.99,31.458,36.106,36.783,0.898,1.111,1.122,33.956,38.461,38.702,99.772,100.759,100.816,19.476,20.835,21.07,31.261,35.89,36.551,0.0,3.61,8.293,9.599,10.211,0,0,17.0,31.26,14.0,569.6,4096.0,224.0,23.8,130.0,911.0,17.03,73.0,1575.0,27.1,257.0,72,8778.3,15708.2,55.9,1226.2,0.0,4352.0,0.0
2026-09-04T13:17:56.636,358.005,1,3268,10,10.0,34.56,29.13,32.636,34.45,0.797,0.939,1.007,31.482,34.603,35.994,100.053,101.26,101.434,17.44,18.926,20.221,28.932,32.444,34.248,0.0,2.08,8.497,8.894,9.074,0,0,17.0,28.93,14.0,569.6,4096.0,224.0,23.8,130.0,911.0,16.96,73.0,1575.0,10.2,63.0,72,8769.9,15708.2,55.8,1226.2,0.0,4352.0,0.0
2026-09-04T13:17:57.637,359.005,1,3278,10,10.0,32.18,31.295,32.834,32.932,0.863,1.018,1.032,33.996,35.632,35.821,99.736,101.073,101.352,19.563,21.02,21.184,31.08,32.607,32.739,0.0,5.69,12.276,30.406,48.144,0,0,8.0,31.07,7.0,569.6,4096.0,224.0,30.9,130.0,911.0,16.75,74.0,1575.0,24.1,255.8,72,8758.0,15708.2,55.8,1226.2,0.0,4352.0,0.0
2026-09-04T13:17:58.641,360.009,1,3288,10,9.96,32.83,30.669,36.526,38.643,0.871,1.193,1.244,32.774,38.967,41.354,100.321,101.338,101.433,19.123,22.331,23.183,30.461,36.327,38.44,0.0,3.64,8.732,10.615,11.872,0,0,16.0,30.34,14.0,569.6,4096.0,224.0,30.9,130.0,911.0,16.99,73.0,1575.0,19.9,193.2,72,8761.7,15708.2,55.8,1226.2,0.0,4352.0,0.0
2026-09-04T13:17:59.637,361.005,1,3298,10,10.04,34.32,29.317,34.026,35.902,0.759,0.933,0.958,31.878,36.754,38.674,99.451,101.436,101.583,18.504,20.33,20.361,29.14,33.839,35.721,0.0,2.06,8.742,9.227,9.615,0,0,17.0,29.25,14.0,569.6,4096.0,224.0,31.0,130.0,911.0,17.0,73.0,1575.0,18.2,153.7,72,8739.1,15708.2,55.6,1226.2,0.0,4352.0,0.0
2026-09-04T13:18:00.637,362.005,1,3308,10,10.0,30.67,32.832,35.058,35.941,1.052,1.281,1.365,35.241,37.536,37.864,100.328,101.333,101.377,20.275,20.892,20.937,32.608,34.826,35.69,0.0,5.35,12.271,29.43,45.801,0,0,8.0,32.62,7.0,569.6,4096.0,224.0,23.8,130.0,911.0,16.8,74.0,1575.0,28.3,330.1,72,8724.0,15708.2,55.5,1226.2,0.0,4352.0,0.0
2026-09-04T13:18:01.637,363.005,1,3318,10,10.0,34.17,29.45,31.905,31.942,0.787,0.944,1.01,31.868,34.369,34.579,100.05,101.011,101.147,18.373,20.517,20.736,29.262,31.702,31.784,0.0,2.91,8.793,9.246,9.319,0,0,16.0,29.26,14.0,569.6,4096.0,224.0,30.9,130.0,911.0,16.99,73.0,1575.0,19.8,156.9,72,8716.7,15708.2,55.5,1226.2,0.0,4352.0,0.0
2026-09-04T13:18:02.637,364.005,1,3328,10,10.0,34.81,28.922,33.086,34.077,0.779,0.995,1.148,31.699,35.844,36.915,99.502,100.813,100.901,17.944,20.569,20.726,28.727,32.845,33.805,0.0,1.66,8.632,8.923,9.004,0,0,19.0,28.72,14.0,569.6,4096.0,224.0,30.9,130.0,911.0,16.93,73.0,1575.0,20.4,92.0,72,8756.5,15708.2,55.7,1226.2,0.0,4352.0,0.0
