wall_time,elapsed_s,clients,scans_total,scans_in_window,scan_rate_hz,drspaam_fps,t_det_ms_mean,t_det_ms_p95,t_det_ms_max,t_track_ms_mean,t_track_ms_p95,t_track_ms_max,t_lat_ms_mean,t_lat_ms_p95,t_lat_ms_max,t_scan_ms_mean,t_scan_ms_p95,t_scan_ms_max,t_fwd_ms_mean,t_fwd_ms_p95,t_fwd_ms_max,inference_ms_mean,inference_ms_p95,inference_ms_max,wire_ms_mean,wire_ms_p95,wire_ms_max,gpu_util_percent,drspaam_gpu_duty_percent,gpu_mem_util_percent,gpu_mem_used_mb,gpu_mem_total_mb,gpu_proc_mem_mb,torch_alloc_mb,torch_reserved_mb,torch_peak_mb,gpu_power_w,gpu_temp_c,gpu_sm_clock_mhz,cpu_percent_system,cpu_percent_process,proc_threads,ram_used_mb,ram_total_mb,ram_percent,proc_rss_mb,swap_used_mb,swap_total_mb,swap_percent
2026-09-04T12:07:37.163,1.012,0,0,0,0.0,,,,,,,,,,,,,,,,,,,,,,,0.0,,0.0,471.6,4096.0,126.0,7.6,56.0,38.8,13.43,74.0,1575.0,12.7,3.0,82,8155.1,15708.2,51.9,751.8,0.0,4352.0,0.0
2026-09-04T12:07:38.163,2.012,1,0,0,0.0,,,,,,,,,,,,,,,,,,,,,,,0.0,,0.0,477.6,4096.0,132.0,17.6,56.0,38.8,13.41,73.0,1575.0,14.2,22.0,83,8197.6,15708.2,52.2,836.1,0.0,4352.0,0.0
2026-09-04T12:07:39.163,3.012,1,0,0,0.0,,,,,,,,,,,,,,,,,,,,,,,47.0,,41.0,485.6,4096.0,140.0,17.9,54.0,1132.3,15.39,74.0,1575.0,13.6,102.1,83,8337.0,15708.2,53.1,989.2,0.0,4352.0,0.0
2026-09-04T12:07:40.163,4.012,1,10,10,10.0,4.69,213.699,939.826,1496.805,1.768,2.012,2.097,215.744,941.791,1498.887,99.86,101.268,101.38,187.687,907.73,1460.024,213.39,939.078,1495.598,2779.141,3067.292,3090.141,45.0,213.41,41.0,565.6,4096.0,220.0,27.7,126.0,1132.3,20.6,75.0,1717.0,13.6,132.9,90,8551.7,15708.2,54.4,1203.1,0.0,4352.0,0.0
2026-09-04T12:07:41.165,5.014,1,28,18,17.97,19.71,50.979,54.767,55.82,1.844,2.442,2.904,53.089,57.113,58.418,99.912,101.968,102.126,23.144,23.307,23.325,50.742,54.533,55.549,2296.194,2658.23,2697.688,45.0,91.17,41.0,565.6,4096.0,220.0,29.8,126.0,1132.3,26.83,76.0,1717.0,25.4,102.8,90,8610.3,15708.2,54.8,1204.8,0.0,4352.0,0.0
2026-09-04T12:07:42.163,6.012,1,48,20,20.04,20.72,48.48,50.317,53.302,1.093,1.219,1.299,49.834,51.716,54.814,100.048,101.372,102.368,23.015,23.088,23.113,48.263,50.102,53.049,1398.524,1822.657,1862.824,44.0,96.7,40.0,565.6,4096.0,220.0,29.8,126.0,1132.3,26.98,76.0,1717.0,10.6,101.2,90,8604.9,15708.2,54.8,1199.0,0.0,4352.0,0.0
2026-09-04T12:07:43.163,7.012,1,66,18,18.0,20.86,48.163,49.573,50.281,1.018,1.185,1.216,49.446,50.801,51.384,99.783,100.947,101.088,23.038,23.101,23.149,47.934,49.325,50.045,458.101,830.686,870.237,43.0,86.29,40.0,565.6,4096.0,220.0,27.7,126.0,1132.3,27.44,76.0,1717.0,11.3,90.0,90,8556.7,15708.2,54.5,1202.0,0.0,4352.0,0.0
2026-09-04T12:07:44.163,8.012,1,76,10,10.0,21.48,46.855,48.082,48.247,1.59,2.236,2.341,48.843,50.434,50.761,100.018,102.497,102.677,23.036,23.116,23.174,46.561,47.782,47.926,105.519,108.252,108.67,25.0,46.56,22.0,565.6,4096.0,220.0,27.7,126.0,1132.3,22.01,76.0,1717.0,11.1,52.0,90,8589.7,15708.2,54.7,1200.8,0.0,4352.0,0.0
2026-09-04T12:07:45.163,9.012,1,86,10,10.0,21.67,46.457,50.176,51.339,1.881,2.408,2.618,48.682,52.161,53.255,99.796,101.353,101.382,23.417,23.986,23.997,46.138,49.813,50.978,110.337,126.999,139.765,24.0,46.14,21.0,565.6,4096.0,220.0,27.7,126.0,1132.3,20.88,75.0,1575.0,16.3,52.0,90,8549.5,15708.2,54.4,1200.2,0.0,4352.0,0.0
2026-09-04T12:07:46.164,10.013,1,96,10,9.99,21.97,45.826,48.773,49.063,1.417,2.2,2.568,47.644,50.801,50.97,100.143,102.278,102.937,23.996,24.149,24.152,45.52,48.474,48.785,106.374,110.136,110.727,24.0,45.46,21.0,565.6,4096.0,220.0,27.7,126.0,1132.3,18.84,75.0,1575.0,14.8,51.9,90,8549.7,15708.2,54.4,1200.3,0.0,4352.0,0.0
2026-09-04T12:07:47.163,11.012,1,106,10,10.01,22.31,45.147,48.501,49.022,1.836,2.69,2.753,47.368,50.029,50.565,99.418,101.792,101.946,23.969,24.117,24.124,44.828,48.246,48.769,106.931,109.661,110.186,24.0,44.89,21.0,565.6,4096.0,220.0,27.7,126.0,1132.3,18.88,75.0,1575.0,10.6,49.1,90,8542.2,15708.2,54.4,1199.2,0.0,4352.0,0.0
2026-09-04T12:07:48.163,12.012,1,116,10,10.0,22.41,44.941,47.653,47.95,2.435,3.98,4.368,47.773,50.206,50.226,100.423,104.029,105.452,23.982,24.096,24.1,44.62,47.352,47.662,113.363,132.206,146.673,24.0,44.62,21.0,565.6,4096.0,220.0,39.1,126.0,1132.3,18.85,75.0,1575.0,21.6,52.0,90,8642.7,15708.2,55.0,1200.9,0.0,4352.0,0.0
2026-09-04T12:07:49.163,13.012,1,126,10,10.0,24.87,40.486,41.665,41.724,2.271,2.788,3.076,43.129,44.408,44.543,99.413,102.164,103.001,23.908,23.934,23.935,40.208,41.381,41.476,107.271,110.875,111.027,24.0,40.21,21.0,565.6,4096.0,220.0,87.5,126.0,1132.3,18.94,75.0,1575.0,17.5,47.0,90,8732.6,15708.2,55.6,1200.9,0.0,4352.0,0.0
2026-09-04T12:07:50.163,14.012,1,136,10,10.0,24.81,40.606,41.165,41.222,2.29,3.032,3.086,43.341,44.067,44.145,99.997,102.787,103.625,23.904,23.964,23.968,40.312,40.831,40.893,110.206,115.108,115.603,24.0,40.3,21.0,565.6,4096.0,220.0,67.5,126.0,1132.3,18.88,75.0,1575.0,19.0,46.0,90,8663.5,15708.2,55.2,1201.0,0.0,4352.0,0.0
2026-09-04T12:07:51.164,15.013,1,146,10,9.99,24.74,40.711,41.859,42.149,2.675,3.617,4.076,43.789,45.42,45.982,99.854,101.566,101.816,23.934,24.026,24.036,40.42,41.577,41.887,114.321,130.528,142.021,24.0,40.37,21.0,565.6,4096.0,220.0,44.6,126.0,1132.3,18.88,75.0,1575.0,18.9,46.0,90,8740.6,15708.2,55.6,1201.0,0.0,4352.0,0.0
2026-09-04T12:07:52.163,16.012,1,156,10,10.02,24.2,41.629,43.048,43.721,2.566,3.711,4.1,44.633,47.195,48.268,100.203,102.635,102.895,23.932,23.983,24.0,41.317,42.7,43.373,109.499,112.533,112.596,24.0,41.38,21.0,565.6,4096.0,220.0,27.7,126.0,1132.3,18.88,75.0,1575.0,14.6,47.1,90,8743.3,15708.2,55.7,1200.4,0.0,4352.0,0.0
2026-09-04T12:07:53.163,17.012,1,166,10,10.0,24.88,40.464,43.572,44.055,2.429,2.703,2.749,43.289,46.541,47.141,99.841,101.428,101.578,23.91,23.981,23.995,40.19,43.243,43.77,115.474,139.65,156.98,25.0,40.19,21.0,565.6,4096.0,220.0,29.8,126.0,1132.3,18.86,75.0,1575.0,17.3,47.0,90,8849.6,15708.2,56.3,1201.0,0.0,4352.0,0.0
2026-09-04T12:07:54.163,18.012,1,176,10,10.0,25.05,40.199,41.019,41.183,2.332,2.995,3.35,42.976,43.677,43.698,99.688,101.438,101.676,23.926,23.982,23.989,39.926,40.768,40.929,111.529,132.792,146.6,24.0,39.93,20.0,565.6,4096.0,220.0,67.5,126.0,1132.3,18.98,76.0,1575.0,13.6,46.0,90,8891.6,15708.2,56.6,1201.0,0.0,4352.0,0.0
2026-09-04T12:07:55.163,19.012,1,186,10,10.0,24.52,41.052,41.95,42.024,1.794,2.182,2.281,43.283,44.232,44.275,100.092,101.761,101.954,23.882,23.924,23.926,40.777,41.682,41.732,110.329,115.893,117.916,24.0,40.78,21.0,565.6,4096.0,220.0,40.7,126.0,1132.3,18.9,76.0,1575.0,9.9,46.0,90,8906.7,15708.2,56.7,1201.0,0.0,4352.0,0.0
2026-09-04T12:07:56.164,20.013,1,196,10,9.99,24.07,41.838,43.391,44.032,1.742,2.123,2.126,44.045,45.755,46.64,99.767,101.614,101.624,23.957,24.145,24.257,41.549,43.135,43.763,107.458,111.416,112.322,24.0,41.5,21.0,565.6,4096.0,220.0,29.8,126.0,1132.3,18.99,75.0,1575.0,13.2,47.0,90,8888.1,15708.2,56.6,1201.1,0.0,4352.0,0.0
2026-09-04T12:07:57.163,21.012,1,206,10,10.01,24.22,41.591,42.565,42.841,2.071,2.875,3.07,44.128,45.218,45.281,99.723,101.294,101.62,23.921,24.009,24.042,41.284,42.263,42.536,110.887,129.754,143.982,24.0,41.33,21.0,565.6,4096.0,220.0,29.8,126.0,1132.3,18.92,76.0,1575.0,9.2,47.0,90,8873.8,15708.2,56.5,1201.1,0.0,4352.0,0.0
2026-09-04T12:07:58.163,22.012,1,216,10,10.0,24.28,41.503,43.757,45.622,2.364,2.766,2.785,44.317,46.689,48.337,99.929,101.977,102.026,23.892,23.988,24.016,41.19,43.406,45.248,107.437,111.028,111.75,24.0,41.19,21.0,565.6,4096.0,220.0,29.8,126.0,1132.3,18.91,75.0,1575.0,9.8,48.0,90,8851.6,15708.2,56.4,1201.1,0.0,4352.0,0.0
2026-09-04T12:07:59.163,23.012,1,226,10,10.0,24.64,40.888,42.224,42.934,2.899,3.269,3.371,44.236,45.179,45.814,100.065,101.053,101.167,23.892,23.94,23.948,40.587,41.887,42.636,107.381,110.231,110.395,24.0,40.59,21.0,565.6,4096.0,220.0,29.8,126.0,1132.3,18.91,75.0,1575.0,8.7,47.0,90,8823.6,15708.2,56.2,1201.1,0.0,4352.0,0.0
2026-09-04T12:08:00.163,24.012,1,236,10,10.0,25.03,40.236,40.897,41.098,2.932,3.215,3.227,43.592,44.415,44.616,99.902,101.74,101.953,23.892,23.966,23.972,39.949,40.627,40.823,113.024,132.916,147.598,24.0,39.95,21.0,565.6,4096.0,220.0,29.8,126.0,1132.3,18.92,76.0,1575.0,8.4,47.0,90,8783.0,15708.2,55.9,1201.1,0.0,4352.0,0.0
2026-09-04T12:08:01.164,25.013,1,246,10,9.99,24.99,40.306,40.729,40.783,2.311,2.78,2.926,43.039,43.593,43.594,100.013,102.608,103.971,23.892,23.939,23.945,40.018,40.423,40.463,110.28,112.33,113.052,24.0,39.98,21.0,565.6,4096.0,220.0,29.8,126.0,1132.3,18.91,75.0,1575.0,7.1,47.0,90,8737.7,15708.2,55.6,1201.1,0.0,4352.0,0.0
2026-09-04T12:08:02.163,26.012,1,256,10,10.01,24.52,41.061,43.924,46.3,1.713,2.265,2.476,43.226,46.72,49.385,99.741,101.135,101.434,23.901,24.006,24.056,40.779,43.578,45.914,108.529,111.725,111.839,24.0,40.82,21.0,565.6,4096.0,220.0,29.8,126.0,1132.3,18.9,75.0,1575.0,12.8,47.0,90,8718.0,15708.2,55.5,1201.1,0.0,4352.0,0.0
2026-09-04T12:08:03.163,27.012,1,266,10,10.0,24.56,40.997,41.567,41.582,0.975,1.25,1.284,42.39,43.176,43.262,99.477,101.035,101.243,23.889,23.948,23.959,40.724,41.271,41.285,110.487,130.087,144.362,24.0,40.72,21.0,565.6,4096.0,220.0,29.8,126.0,1132.3,18.91,75.0,1575.0,8.6,45.0,90,8708.9,15708.2,55.4,1201.1,0.0,4352.0,0.0
2026-09-04T12:08:04.163,28.012,1,276,10,10.0,24.66,40.829,41.382,41.578,1.125,1.428,1.501,42.377,43.106,43.294,100.563,101.452,101.461,23.883,23.923,23.936,40.549,41.091,41.277,108.382,113.904,115.682,24.0,40.55,21.0,565.6,4096.0,220.0,29.8,126.0,1132.3,18.9,75.0,1575.0,8.6,46.0,90,8705.4,15708.2,55.4,1201.2,0.0,4352.0,0.0
2026-09-04T12:08:05.163,29.012,1,286,10,10.0,24.61,40.898,41.471,41.599,1.196,1.469,1.494,42.521,43.105,43.122,99.506,101.087,101.218,23.927,23.98,24.0,40.626,41.206,41.329,106.414,108.719,108.789,24.0,40.63,20.0,565.6,4096.0,220.0,29.8,126.0,1132.3,18.91,75.0,1575.0,8.7,46.0,90,8695.2,15708.2,55.4,1201.2,0.0,4352.0,0.0
2026-09-04T12:08:06.164,30.013,1,296,10,9.99,24.45,41.169,42.267,42.414,0.78,0.918,0.981,42.372,43.402,43.471,100.277,102.561,103.495,23.94,24.145,24.249,40.902,42.014,42.153,110.577,129.776,146.08,24.0,40.86,20.0,565.6,4096.0,220.0,29.8,126.0,1132.3,18.9,76.0,1575.0,9.4,45.0,90,8709.0,15708.2,55.4,1201.2,0.0,4352.0,0.0
2026-09-04T12:08:07.163,31.012,1,306,10,10.01,24.24,41.526,44.986,47.39,1.248,1.687,1.783,43.213,46.779,49.147,99.744,101.623,102.048,23.902,23.979,24.0,41.256,44.658,47.024,106.696,109.783,110.106,24.0,41.3,21.0,565.6,4096.0,220.0,29.8,126.0,1132.3,18.91,75.0,1575.0,12.7,47.1,90,8696.9,15708.2,55.4,1201.2,0.0,4352.0,0.0
2026-09-04T12:08:08.163,32.012,1,316,10,10.0,24.61,40.903,41.885,42.16,1.379,1.732,1.786,42.717,43.772,43.885,99.88,101.392,101.41,23.878,23.908,23.909,40.626,41.557,41.825,107.276,110.028,110.374,24.0,40.62,21.0,565.6,4096.0,220.0,29.8,126.0,1132.3,18.91,75.0,1575.0,9.8,46.0,90,8686.7,15708.2,55.3,1201.2,0.0,4352.0,0.0
2026-09-04T12:08:09.163,33.012,1,326,10,10.0,24.31,41.42,42.571,43.241,1.036,1.363,1.475,42.883,44.29,45.108,99.847,102.213,102.366,23.938,24.087,24.167,41.143,42.302,42.984,110.712,130.778,145.681,24.0,41.15,20.0,565.6,4096.0,220.0,29.8,126.0,1132.3,18.92,76.0,1575.0,8.8,46.0,90,8686.7,15708.2,55.3,1201.2,0.0,4352.0,0.0
2026-09-04T12:08:10.163,34.012,1,336,10,10.0,24.35,41.348,43.157,43.276,1.026,1.485,1.516,42.816,44.858,44.992,99.684,102.104,103.39,23.905,23.984,24.034,41.071,42.893,43.039,106.543,110.025,110.998,24.0,41.07,21.0,565.6,4096.0,220.0,29.8,126.0,1132.3,18.92,75.0,1575.0,14.0,46.0,90,8657.8,15708.2,55.1,1201.2,0.0,4352.0,0.0
2026-09-04T12:08:11.164,35.013,1,346,10,9.99,24.48,41.125,42.978,43.958,0.849,0.935,0.976,42.396,44.238,45.183,100.424,101.796,102.029,23.921,24.015,24.019,40.848,42.71,43.71,107.869,111.801,112.386,24.0,40.8,21.0,565.6,4096.0,220.0,29.8,126.0,1132.3,18.92,75.0,1575.0,7.5,46.0,90,8653.8,15708.2,55.1,1203.1,0.0,4352.0,0.0
2026-09-04T12:08:12.163,36.012,1,356,10,10.01,24.49,41.111,42.126,42.198,0.977,1.45,1.569,42.543,43.763,44.044,99.39,101.014,101.168,23.885,23.951,23.953,40.826,41.845,41.93,111.723,131.124,147.784,24.0,40.88,21.0,565.6,4096.0,220.0,29.8,126.0,1132.3,18.93,76.0,1575.0,8.1,46.1,90,8661.4,15708.2,55.1,1205.1,0.0,4352.0,0.0
2026-09-04T12:08:13.163,37.012,1,366,10,10.0,24.56,41.01,42.556,43.785,1.505,1.701,1.707,42.959,44.664,45.901,100.505,102.355,103.64,23.865,23.911,23.917,40.724,42.256,43.479,110.223,112.909,114.097,24.0,40.72,21.0,565.6,4096.0,220.0,29.8,126.0,1132.3,18.92,76.0,1575.0,6.7,45.0,90,8659.6,15708.2,55.1,1201.2,0.0,4352.0,0.0
2026-09-04T12:08:14.163,38.012,1,376,10,10.0,24.33,41.385,43.501,44.433,1.756,2.481,2.515,43.598,45.961,46.51,99.249,101.462,101.558,23.926,24.037,24.105,41.095,43.226,44.167,108.113,112.542,113.726,24.0,41.09,21.0,565.6,4096.0,220.0,29.8,126.0,1132.3,18.93,75.0,1575.0,8.7,47.0,90,8644.8,15708.2,55.0,1205.3,0.0,4352.0,0.0
2026-09-04T12:08:15.163,39.012,1,386,10,10.0,24.23,41.55,44.596,46.783,2.07,2.385,2.421,44.07,47.214,49.291,100.364,101.671,101.718,23.893,23.919,23.922,41.264,44.338,46.536,110.86,127.987,143.061,24.0,41.27,21.0,565.6,4096.0,220.0,29.8,126.0,1132.3,18.92,76.0,1575.0,8.9,47.0,90,8657.9,15708.2,55.1,1205.3,0.0,4352.0,0.0
2026-09-04T12:08:16.164,40.013,1,396,10,9.99,23.91,42.095,44.958,45.412,1.704,2.226,2.299,44.273,47.477,48.121,99.424,100.942,100.965,23.919,23.971,23.975,41.828,44.695,45.17,106.768,110.516,111.157,24.0,41.79,20.0,565.6,4096.0,220.0,29.8,126.0,1132.3,18.91,76.0,1575.0,23.3,46.0,90,8655.2,15708.2,55.1,1201.2,0.0,4352.0,0.0
2026-09-04T12:08:17.163,41.012,1,406,10,10.01,23.78,42.349,45.541,47.151,0.854,1.307,1.422,43.67,47.223,49.142,100.627,101.509,101.572,23.915,23.981,24.006,42.05,45.207,46.812,108.722,115.767,120.886,24.0,42.09,20.0,565.6,4096.0,220.0,29.8,126.0,1132.3,18.91,75.0,1575.0,9.2,48.0,90,8652.4,15708.2,55.1,1203.5,0.0,4352.0,0.0
2026-09-04T12:08:18.165,42.012,1,417,10,9.99,24.19,41.634,43.547,44.244,0.742,0.789,0.795,42.842,44.742,45.398,99.773,101.311,101.484,23.922,24.011,24.025,41.341,43.258,43.983,110.733,131.313,148.905,24.0,41.32,21.0,565.6,4096.0,220.0,27.7,126.0,1132.3,18.94,76.0,1575.0,11.3,44.9,90,8574.0,15708.2,54.6,1199.5,0.0,4352.0,0.0
2026-09-04T12:08:19.164,43.013,1,427,11,11.0,24.33,41.377,42.267,42.543,0.855,0.992,1.094,42.676,43.624,43.879,99.483,101.467,102.414,23.897,23.959,23.96,41.104,41.967,42.25,106.158,108.544,109.109,24.0,45.2,21.0,565.6,4096.0,220.0,27.7,126.0,1132.3,18.95,76.0,1575.0,10.8,47.1,90,8564.7,15708.2,54.5,1199.5,0.0,4352.0,0.0
2026-09-04T12:08:20.163,44.012,1,436,9,9.01,24.42,41.243,42.326,42.341,1.527,1.805,1.861,43.225,44.251,44.355,100.395,101.781,101.925,23.947,24.086,24.13,40.953,42.015,42.044,107.539,112.323,113.784,24.0,36.89,20.0,565.6,4096.0,220.0,27.7,126.0,1132.3,18.94,76.0,1575.0,13.9,46.0,90,8559.7,15708.2,54.5,1199.5,0.0,4352.0,0.0
2026-09-04T12:08:21.166,45.015,1,447,11,10.97,24.32,41.389,43.293,43.994,2.086,2.421,2.454,43.927,45.676,46.247,99.489,101.12,101.3,23.905,23.98,24.011,41.112,43.01,43.709,110.178,126.702,142.681,24.0,45.08,20.0,565.6,4096.0,220.0,27.7,126.0,1132.3,18.95,76.0,1575.0,8.6,47.9,90,8562.9,15708.2,54.5,1199.5,0.0,4352.0,0.0
2026-09-04T12:08:22.163,46.012,1,457,10,10.03,24.56,41.032,41.636,41.825,2.426,2.64,2.677,43.896,44.429,44.445,100.419,101.816,102.106,23.923,23.999,24.006,40.72,41.361,41.567,106.482,108.531,108.77,24.0,40.85,21.0,565.6,4096.0,220.0,27.7,126.0,1132.3,18.96,76.0,1575.0,10.3,46.2,90,8446.6,15708.2,53.8,1199.5,0.0,4352.0,0.0
2026-09-04T12:08:23.163,47.012,1,467,10,10.0,24.55,41.051,41.642,41.693,2.44,2.739,2.766,43.928,44.513,44.643,99.643,101.336,101.683,23.905,23.932,23.934,40.741,41.28,41.294,105.974,108.567,108.657,24.0,40.74,20.0,565.6,4096.0,220.0,27.7,126.0,1132.3,18.97,76.0,1575.0,9.0,47.0,90,8452.4,15708.2,53.8,1199.5,0.0,4352.0,0.0
2026-09-04T12:08:24.163,48.012,1,477,10,10.0,23.21,43.378,45.029,45.657,2.791,3.309,3.488,46.602,48.071,48.796,99.453,100.322,100.349,23.977,24.069,24.072,43.078,44.757,45.394,110.499,127.167,141.688,24.0,43.06,21.0,565.6,4096.0,220.0,27.7,126.0,1132.3,18.96,76.0,1575.0,13.8,51.0,90,8444.0,15708.2,53.8,1199.5,0.0,4352.0,0.0
2026-09-04T12:08:25.164,49.012,1,487,10,10.0,23.17,43.443,44.908,45.732,2.075,2.688,2.933,45.968,47.869,48.371,100.445,101.447,101.674,23.927,23.977,23.98,43.156,44.603,45.45,108.506,110.948,111.116,24.0,43.17,21.0,565.6,4096.0,220.0,27.7,126.0,1132.3,18.97,76.0,1575.0,8.8,48.0,90,8447.3,15708.2,53.8,1199.5,0.0,4352.0,0.0
2026-09-04T12:08:26.164,50.013,1,497,10,9.99,23.19,43.397,46.855,47.371,1.325,2.223,2.652,45.151,49.286,49.304,99.627,101.192,101.421,23.945,24.06,24.093,43.115,46.584,47.131,107.17,111.048,111.466,24.0,43.07,20.0,565.6,4096.0,220.0,27.7,126.0,1132.3,18.97,76.0,1575.0,9.7,49.0,90,8457.2,15708.2,53.8,1199.5,0.0,4352.0,0.0
2026-09-04T12:08:27.163,51.012,1,507,10,10.01,23.39,43.038,43.613,43.668,0.855,0.956,1.017,44.345,44.984,45.159,99.921,101.972,102.172,23.9,23.995,24.06,42.753,43.294,43.328,110.267,126.739,139.584,24.0,42.79,21.0,565.6,4096.0,220.0,27.7,126.0,1132.3,18.97,76.0,1575.0,8.8,48.1,90,8462.2,15708.2,53.9,1199.5,0.0,4352.0,0.0
2026-09-04T12:08:28.163,52.012,1,517,10,10.0,23.61,42.632,43.439,43.648,1.088,1.358,1.413,44.158,45.107,45.397,99.985,101.78,102.102,23.906,23.948,23.951,42.362,43.165,43.35,115.072,148.567,172.825,24.0,42.36,21.0,565.6,4096.0,220.0,27.7,126.0,1132.3,18.97,76.0,1575.0,8.8,47.0,90,8457.1,15708.2,53.8,1199.5,0.0,4352.0,0.0
2026-09-04T12:08:29.163,53.012,1,527,10,10.0,23.98,41.98,45.035,45.916,0.81,0.848,0.848,43.261,46.448,47.387,99.901,101.309,101.472,23.921,23.982,23.983,41.699,44.727,45.594,107.276,110.313,110.497,24.0,41.7,21.0,565.6,4096.0,220.0,27.7,126.0,1132.3,18.97,76.0,1575.0,12.3,47.0,90,8439.8,15708.2,53.7,1199.5,0.0,4352.0,0.0
2026-09-04T12:08:30.163,54.012,1,537,10,10.0,24.34,41.364,42.624,42.628,1.019,1.404,1.533,42.826,44.021,44.185,100.231,102.126,102.179,23.912,23.974,23.988,41.087,42.279,42.349,110.64,127.625,141.373,24.0,41.09,21.0,565.6,4096.0,220.0,27.7,126.0,1132.3,18.98,76.0,1575.0,9.5,46.0,90,8469.5,15708.2,53.9,1199.5,0.0,4352.0,0.0
2026-09-04T12:08:31.164,55.013,1,547,10,9.99,24.54,41.041,42.039,42.156,1.665,1.91,1.958,43.137,44.278,44.506,99.443,100.978,101.033,23.896,23.949,23.95,40.752,41.757,41.877,106.66,108.225,108.324,24.0,40.7,21.0,565.6,4096.0,220.0,27.7,126.0,1132.3,19.0,76.0,1575.0,8.6,45.9,90,8469.9,15708.2,53.9,1199.5,0.0,4352.0,0.0
2026-09-04T12:08:32.163,56.012,1,557,10,10.01,24.52,41.091,42.145,42.229,1.632,1.959,1.991,43.167,44.2,44.435,100.293,101.447,101.746,23.931,24.0,24.016,40.79,41.801,41.841,107.718,112.354,114.568,24.0,40.84,21.0,565.6,4096.0,220.0,27.7,126.0,1132.3,18.99,76.0,1575.0,13.1,47.1,90,8453.5,15708.2,53.8,1199.5,0.0,4352.0,0.0
2026-09-04T12:08:33.163,57.012,1,567,10,10.0,24.55,40.994,41.667,41.77,1.401,1.861,1.99,42.835,43.363,43.412,99.792,101.484,101.589,23.888,23.93,23.952,40.737,41.394,41.499,110.679,130.52,145.257,24.0,40.74,21.0,565.6,4096.0,220.0,27.7,126.0,1132.3,18.98,76.0,1575.0,8.4,46.0,90,8440.2,15708.2,53.7,1199.5,0.0,4352.0,0.0
2026-09-04T12:08:34.163,58.012,1,577,10,10.0,24.39,41.285,41.932,41.971,1.619,1.913,2.006,43.336,44.048,44.199,99.353,100.589,100.877,23.899,23.932,23.933,41.005,41.676,41.729,106.056,108.661,110.154,24.0,41.01,21.0,565.6,4096.0,220.0,27.7,126.0,1132.3,18.99,76.0,1575.0,8.6,46.0,90,8423.7,15708.2,53.6,1199.5,0.0,4352.0,0.0
2026-09-04T12:08:35.163,59.012,1,587,10,10.0,24.32,41.386,42.443,42.702,1.387,1.655,1.673,43.208,44.163,44.386,100.166,101.78,102.02,23.897,23.969,23.99,41.124,42.178,42.452,120.363,165.55,191.458,24.0,41.12,20.0,565.6,4096.0,220.0,27.7,126.0,1132.3,18.99,76.0,1575.0,9.0,46.0,90,8425.4,15708.2,53.6,1199.5,0.0,4352.0,0.0
2026-09-04T12:08:36.164,60.013,1,597,10,9.99,24.23,41.567,44.654,46.612,1.286,1.588,1.615,43.305,46.606,48.839,100.291,101.405,101.614,23.918,24.005,24.044,41.28,44.34,46.256,111.334,128.514,142.142,24.0,41.24,21.0,565.6,4096.0,220.0,27.7,126.0,1132.3,18.98,76.0,1575.0,12.6,47.0,90,8435.2,15708.2,53.7,1199.5,0.0,4352.0,0.0
2026-09-04T12:08:37.163,61.012,1,607,10,10.01,24.48,41.125,41.813,41.99,0.852,1.228,1.255,42.437,43.268,43.357,99.666,100.649,100.672,23.901,23.982,23.985,40.845,41.507,41.672,109.642,111.48,111.554,24.0,40.88,21.0,565.6,4096.0,220.0,27.7,126.0,1132.3,18.98,76.0,1575.0,7.3,45.0,90,8426.9,15708.2,53.6,1199.5,0.0,4352.0,0.0
2026-09-04T12:08:38.163,62.012,1,617,10,10.0,24.02,41.895,43.35,43.502,1.048,1.417,1.45,43.389,45.015,45.175,99.53,100.587,100.911,23.928,23.99,23.997,41.63,43.062,43.204,107.944,111.025,111.054,24.0,41.64,20.0,565.6,4096.0,220.0,27.7,126.0,1132.3,18.98,76.0,1575.0,8.9,47.0,90,8413.6,15708.2,53.6,1199.5,0.0,4352.0,0.0
2026-09-04T12:08:39.163,63.012,1,627,10,10.0,24.21,41.567,42.779,42.848,1.455,1.896,1.954,43.433,44.765,44.89,100.265,101.911,102.309,23.882,23.932,23.932,41.308,42.538,42.6,121.118,166.352,186.195,0.0,41.3,0.0,565.6,4096.0,220.0,27.7,126.0,1132.3,18.51,75.0,1575.0,9.4,47.0,90,8407.8,15708.2,53.5,1199.6,0.0,4352.0,0.0
2026-09-04T12:08:40.163,64.012,1,637,10,10.0,23.9,42.124,43.292,43.454,1.01,1.294,1.295,43.567,44.712,44.776,99.987,101.241,101.413,23.958,24.187,24.24,41.843,43.019,43.151,107.307,110.865,110.89,24.0,41.84,21.0,565.6,4096.0,220.0,27.7,126.0,1132.3,18.99,76.0,1575.0,9.6,46.0,90,8418.4,15708.2,53.6,1199.6,0.0,4352.0,0.0
2026-09-04T12:08:41.164,65.013,1,647,10,9.99,24.23,41.559,42.886,43.162,1.068,1.647,1.937,43.059,44.486,44.918,99.433,101.111,101.27,23.981,24.141,24.197,41.271,42.563,42.853,107.779,110.738,111.311,24.0,41.23,21.0,565.6,4096.0,220.0,27.7,126.0,1132.3,18.98,76.0,1575.0,13.5,46.0,90,8406.8,15708.2,53.5,1199.6,0.0,4352.0,0.0
2026-09-04T12:08:42.163,66.012,1,657,10,10.01,23.56,42.749,45.215,45.96,1.863,2.582,2.585,45.07,47.47,48.255,100.345,102.919,104.288,23.965,24.014,24.022,42.45,44.898,45.666,111.717,130.933,145.853,24.0,42.49,21.0,565.6,4096.0,220.0,27.7,126.0,1132.3,18.97,76.0,1575.0,9.5,48.0,90,8417.3,15708.2,53.6,1199.6,0.0,4352.0,0.0
2026-09-04T12:08:43.163,67.012,1,667,10,10.0,24.05,41.908,42.964,42.973,1.624,2.354,2.501,43.965,44.946,44.994,99.664,101.943,101.953,24.001,24.134,24.214,41.581,42.697,42.706,107.452,110.362,110.484,24.0,41.58,21.0,565.6,4096.0,220.0,27.7,126.0,1132.3,18.97,76.0,1575.0,9.0,47.0,90,8403.2,15708.2,53.5,1199.6,0.0,4352.0,0.0
2026-09-04T12:08:44.163,68.012,1,677,10,10.0,24.73,40.72,41.804,42.227,1.316,1.6,1.64,42.434,43.551,43.876,99.684,100.763,100.804,23.907,23.985,24.032,40.433,41.467,41.83,110.099,112.074,112.314,24.0,40.43,21.0,565.6,4096.0,220.0,27.7,126.0,1132.3,18.98,76.0,1575.0,7.3,45.0,90,8425.9,15708.2,53.6,1199.6,0.0,4352.0,0.0
2026-09-04T12:08:45.163,69.012,1,687,10,10.0,24.54,41.014,42.49,43.007,1.347,1.666,1.784,42.798,44.386,44.713,100.101,102.286,103.169,24.031,24.479,24.792,40.742,42.188,42.677,115.671,137.784,144.481,24.0,40.74,21.0,565.6,4096.0,220.0,27.7,126.0,1132.3,18.98,76.0,1575.0,14.9,46.0,90,8492.0,15708.2,54.1,1199.6,0.0,4352.0,0.0
2026-09-04T12:08:46.164,70.013,1,697,10,9.99,24.49,41.117,42.337,42.617,1.287,1.786,1.894,42.854,44.352,44.443,99.503,100.704,100.835,23.939,24.026,24.046,40.827,42.025,42.305,109.546,111.773,112.197,24.0,40.79,21.0,565.6,4096.0,220.0,27.7,126.0,1132.3,18.98,76.0,1575.0,14.5,46.9,90,8513.5,15708.2,54.2,1199.6,0.0,4352.0,0.0
2026-09-04T12:08:47.163,71.012,1,707,10,10.01,24.77,40.619,41.45,41.607,0.916,1.008,1.039,41.955,42.875,43.022,100.569,101.354,101.486,23.923,24.099,24.201,40.364,41.184,41.347,111.006,113.66,114.06,24.0,40.41,21.0,565.6,4096.0,220.0,27.7,126.0,1132.3,18.99,76.0,1575.0,7.7,45.1,90,8512.1,15708.2,54.2,1199.6,0.0,4352.0,0.0
2026-09-04T12:08:48.163,72.012,1,717,10,10.0,24.48,41.124,43.407,44.455,0.897,1.19,1.366,42.446,44.954,46.317,99.478,100.913,101.185,23.919,24.006,24.025,40.845,43.138,44.164,113.606,129.626,143.798,24.0,40.83,21.0,565.6,4096.0,220.0,27.7,126.0,1132.3,19.0,76.0,1575.0,15.4,47.0,90,8642.8,15708.2,55.0,1199.6,0.0,4352.0,0.0
2026-09-04T12:08:49.163,73.012,1,727,10,10.0,24.01,41.946,44.121,44.323,0.902,1.1,1.141,43.29,45.556,45.709,99.505,101.021,101.237,23.93,24.023,24.026,41.653,43.778,43.977,109.153,111.216,111.485,24.0,41.66,21.0,565.6,4096.0,220.0,27.7,126.0,1132.3,18.99,76.0,1575.0,27.3,46.0,90,8714.0,15708.2,55.5,1199.6,0.0,4352.0,0.0
2026-09-04T12:08:50.163,74.012,1,737,10,10.0,24.44,41.208,43.698,44.873,0.894,1.181,1.332,42.521,45.031,45.98,100.09,100.977,101.152,23.956,24.086,24.131,40.922,43.382,44.549,109.846,112.013,112.202,24.0,40.93,21.0,565.6,4096.0,220.0,27.7,126.0,1132.3,18.99,76.0,1575.0,22.7,46.0,90,8723.1,15708.2,55.5,1199.6,0.0,4352.0,0.0
2026-09-04T12:08:51.164,75.013,1,747,10,9.99,23.7,42.482,46.46,47.196,0.997,1.424,1.511,43.929,48.369,49.089,100.043,101.611,102.15,23.957,24.056,24.084,42.187,46.124,46.861,113.186,128.983,142.942,24.0,42.14,21.0,565.6,4096.0,220.0,27.7,126.0,1132.3,19.0,76.0,1575.0,31.3,46.9,90,8756.7,15708.2,55.7,1199.6,0.0,4352.0,0.0
2026-09-04T12:08:52.163,76.012,1,757,10,10.01,24.01,41.947,45.292,45.614,1.287,1.588,1.617,43.712,47.279,47.444,99.744,101.413,101.64,23.962,24.097,24.133,41.649,44.908,45.257,110.084,112.804,112.995,24.0,41.69,21.0,565.6,4096.0,220.0,27.7,126.0,1132.3,19.0,76.0,1575.0,24.7,48.0,90,8779.5,15708.2,55.9,1199.6,0.0,4352.0,0.0
2026-09-04T12:08:53.163,77.012,1,767,10,10.0,24.19,41.618,42.983,43.607,1.423,1.952,1.965,43.534,44.803,45.103,100.466,102.272,103.087,23.959,24.002,24.025,41.332,42.693,43.301,110.505,113.741,114.295,24.0,41.34,21.0,565.6,4096.0,220.0,27.7,126.0,1132.3,19.03,76.0,1575.0,24.2,47.0,90,8932.0,15708.2,56.9,1199.6,0.0,4352.0,0.0
2026-09-04T12:08:54.163,78.012,1,777,10,10.0,24.51,41.087,43.613,44.774,1.039,1.446,1.52,42.558,45.02,46.124,99.1,101.134,101.507,23.944,24.115,24.151,40.799,43.259,44.443,112.193,128.313,142.259,24.0,40.8,21.0,565.6,4096.0,220.0,27.7,126.0,1132.3,19.03,76.0,1575.0,20.5,46.0,90,8905.8,15708.2,56.7,1199.6,0.0,4352.0,0.0
2026-09-04T12:08:55.163,79.012,1,787,10,10.0,24.9,40.418,41.11,41.134,0.839,1.234,1.314,41.659,42.505,42.585,100.281,101.075,101.14,23.873,23.918,23.918,40.16,40.822,40.823,109.377,111.796,112.006,24.0,40.16,21.0,565.6,4096.0,220.0,27.7,126.0,1132.3,19.06,76.0,1575.0,11.0,45.0,90,8907.8,15708.2,56.7,1199.6,0.0,4352.0,0.0
2026-09-04T12:08:56.164,80.013,1,797,10,9.99,24.39,41.269,45.825,47.716,1.347,2.121,2.452,43.009,48.262,49.82,99.757,101.061,101.089,23.911,24.071,24.105,41.006,45.534,47.452,109.773,111.046,111.108,24.0,40.96,21.0,565.6,4096.0,220.0,27.7,126.0,1132.3,19.08,76.0,1575.0,8.5,46.0,90,8905.7,15708.2,56.7,1199.6,0.0,4352.0,0.0
2026-09-04T12:08:57.163,81.012,1,807,10,10.01,24.92,40.396,41.045,41.319,1.077,1.441,1.565,41.881,42.788,42.979,99.641,101.143,101.657,23.902,23.962,23.971,40.122,40.772,41.048,111.552,126.555,139.222,24.0,40.17,21.0,565.6,4096.0,220.0,27.7,126.0,1132.3,19.09,76.0,1575.0,9.6,45.0,90,8879.9,15708.2,56.5,1199.6,0.0,4352.0,0.0
2026-09-04T12:08:58.163,82.012,1,817,10,10.0,24.77,40.642,41.096,41.107,0.871,1.215,1.226,41.945,42.493,42.499,100.166,101.545,101.689,23.886,23.963,24.011,40.365,40.812,40.813,108.065,110.816,110.927,24.0,40.37,21.0,565.6,4096.0,220.0,27.7,126.0,1132.3,19.08,76.0,1575.0,7.4,46.0,90,8841.0,15708.2,56.3,1199.6,0.0,4352.0,0.0
2026-09-04T12:08:59.163,83.012,1,827,10,10.0,24.73,40.729,41.557,41.788,0.918,1.334,1.371,42.076,43.272,43.407,99.705,101.113,101.138,23.906,23.97,23.978,40.433,41.192,41.379,107.355,111.273,111.749,24.0,40.43,21.0,565.6,4096.0,220.0,27.7,126.0,1132.3,19.06,76.0,1575.0,8.3,45.0,90,8818.3,15708.2,56.1,1199.6,0.0,4352.0,0.0
2026-09-04T12:09:00.163,84.012,1,837,10,10.0,24.57,40.99,41.515,41.693,0.956,1.307,1.317,42.386,43.003,43.025,100.191,101.294,101.31,23.923,24.004,24.032,40.699,41.194,41.316,110.731,126.892,140.911,24.0,40.7,21.0,565.6,4096.0,220.0,27.7,126.0,1132.3,19.06,76.0,1575.0,7.3,46.0,90,8793.4,15708.2,56.0,1199.6,0.0,4352.0,0.0
2026-09-04T12:09:01.164,85.013,1,847,10,9.99,24.42,41.253,43.211,43.848,1.733,1.85,1.854,43.439,45.531,46.224,99.939,101.219,101.477,23.912,23.987,24.007,40.949,42.85,43.483,108.267,111.433,111.86,24.0,40.91,21.0,565.6,4096.0,220.0,27.7,126.0,1132.3,19.06,76.0,1575.0,11.8,47.0,90,8801.9,15708.2,56.0,1199.6,0.0,4352.0,0.0
2026-09-04T12:09:02.163,86.012,1,857,10,10.01,24.35,41.352,42.622,43.331,1.802,2.404,2.614,43.556,45.334,46.342,99.391,100.825,100.875,23.898,23.934,23.945,41.069,42.352,43.052,106.397,108.482,108.6,24.0,41.11,20.0,565.6,4096.0,220.0,27.7,126.0,1132.3,19.05,76.0,1575.0,9.2,46.0,90,8786.0,15708.2,55.9,1199.6,0.0,4352.0,0.0
2026-09-04T12:09:03.163,87.012,1,867,10,10.0,24.33,41.377,42.143,42.184,1.129,1.486,1.624,42.978,43.765,43.868,100.067,101.345,101.542,23.905,23.977,23.982,41.105,41.834,41.91,111.015,127.212,128.62,24.0,41.1,21.0,565.6,4096.0,220.0,27.7,126.0,1132.3,19.05,76.0,1575.0,7.5,46.0,90,8774.0,15708.2,55.9,1199.6,0.0,4352.0,0.0
2026-09-04T12:09:04.163,88.012,1,877,10,10.0,24.6,40.924,41.376,41.425,0.84,0.988,1.036,42.172,42.614,42.738,100.183,101.095,101.359,23.901,23.938,23.941,40.643,41.084,41.109,106.935,109.236,109.334,24.0,40.64,21.0,565.6,4096.0,220.0,27.7,126.0,1132.3,19.07,76.0,1575.0,6.9,46.0,90,8721.1,15708.2,55.5,1199.6,0.0,4352.0,0.0
2026-09-04T12:09:05.163,89.012,1,887,10,10.0,24.72,40.726,41.279,41.343,0.842,1.02,1.036,41.956,42.464,42.528,99.854,101.5,101.509,23.893,23.964,23.974,40.445,40.997,41.057,106.291,108.573,108.963,24.0,40.45,21.0,565.6,4096.0,220.0,27.7,126.0,1132.3,19.06,76.0,1575.0,7.9,45.0,90,8716.2,15708.2,55.5,1199.6,0.0,4352.0,0.0
2026-09-04T12:09:06.164,90.013,1,897,10,9.99,24.55,41.008,42.947,44.199,0.933,1.004,1.022,42.342,44.318,45.514,99.953,101.006,101.107,23.9,24.011,24.058,40.734,42.675,43.948,109.013,118.918,127.986,24.0,40.69,21.0,565.6,4096.0,220.0,27.7,126.0,1132.3,19.05,77.0,1575.0,8.0,46.9,90,8717.8,15708.2,55.5,1199.6,0.0,4352.0,0.0
2026-09-04T12:09:07.164,91.012,1,907,10,10.01,24.64,40.861,41.797,41.938,0.905,1.026,1.031,42.158,43.087,43.271,99.561,101.4,101.66,23.913,23.998,24.011,40.578,41.523,41.67,105.238,107.896,108.11,24.0,40.63,21.0,565.6,4096.0,220.0,27.7,126.0,1132.3,19.06,76.0,1575.0,7.3,46.0,90,8713.5,15708.2,55.5,1199.6,0.0,4352.0,0.0
2026-09-04T12:09:08.163,92.012,1,917,10,10.0,24.67,40.829,42.312,43.267,0.775,1.026,1.027,41.98,43.469,44.496,99.711,101.217,101.318,23.886,23.933,23.936,40.543,41.99,42.906,105.595,107.214,107.562,23.0,40.54,20.0,565.6,4096.0,220.0,27.7,126.0,1132.3,19.06,76.0,1575.0,7.5,45.0,90,8681.7,15708.2,55.3,1199.6,0.0,4352.0,0.0
2026-09-04T12:09:09.163,93.012,1,927,10,10.0,24.38,41.282,42.512,42.635,1.037,1.445,1.572,42.731,44.243,44.429,100.605,101.441,101.447,23.936,24.039,24.054,41.015,42.217,42.326,109.849,122.127,132.003,23.0,41.01,21.0,565.6,4096.0,220.0,27.7,126.0,1132.3,19.05,77.0,1575.0,7.3,45.0,90,8680.9,15708.2,55.3,1199.6,0.0,4352.0,0.0
2026-09-04T12:09:10.163,94.012,1,937,10,10.0,24.55,41.005,42.111,42.704,1.599,1.871,1.963,43.022,44.362,45.044,99.712,101.358,101.612,23.896,23.957,23.982,40.735,41.832,42.434,105.491,108.312,109.468,23.0,40.74,20.0,565.6,4096.0,220.0,27.7,126.0,1132.3,19.05,76.0,1575.0,8.5,46.0,90,8675.6,15708.2,55.2,1199.6,0.0,4352.0,0.0
2026-09-04T12:09:11.164,95.013,1,947,10,9.99,24.38,41.344,43.251,43.442,1.161,1.662,1.749,42.852,45.014,45.121,99.554,100.743,100.776,23.895,23.94,23.957,41.015,42.643,42.698,105.406,107.063,107.589,23.0,40.96,20.0,565.6,4096.0,220.0,27.7,126.0,1132.3,19.07,76.0,1575.0,9.1,46.9,90,8666.5,15708.2,55.2,1199.6,0.0,4352.0,0.0
2026-09-04T12:09:12.163,96.012,1,957,10,10.01,24.44,41.19,43.303,45.158,1.054,1.416,1.517,42.639,44.892,46.608,100.065,101.158,101.419,23.903,23.958,23.959,40.915,43.025,44.919,111.111,133.589,138.305,23.0,40.96,20.0,565.6,4096.0,220.0,27.7,126.0,1132.3,19.06,77.0,1575.0,7.7,45.0,90,8658.4,15708.2,55.1,1199.6,0.0,4352.0,0.0
2026-09-04T12:09:13.163,97.012,1,967,10,10.0,24.45,41.225,43.168,44.623,1.04,1.225,1.246,42.632,44.711,46.097,100.0,100.88,101.023,23.871,23.925,23.941,40.899,42.684,43.979,105.851,107.582,107.96,23.0,40.91,20.0,565.6,4096.0,220.0,27.7,126.0,1132.3,19.07,76.0,1575.0,7.0,46.0,90,8672.5,15708.2,55.2,1199.6,0.0,4352.0,0.0
2026-09-04T12:09:14.163,98.012,1,977,10,10.0,24.52,41.06,43.323,44.879,0.889,1.056,1.097,42.312,44.676,46.179,100.06,102.104,103.001,23.863,23.939,23.96,40.779,43.035,44.616,105.429,108.268,108.492,23.0,40.78,20.0,565.6,4096.0,220.0,27.7,126.0,1132.3,19.07,76.0,1575.0,7.1,46.0,90,8671.8,15708.2,55.2,1199.6,0.0,4352.0,0.0
2026-09-04T12:09:15.163,99.012,1,987,10,10.0,24.49,41.129,43.596,45.015,0.87,0.99,1.023,42.365,44.782,46.032,99.765,101.152,101.263,23.89,23.939,23.951,40.827,43.261,44.699,108.88,123.977,138.064,23.0,40.82,20.0,565.6,4096.0,220.0,27.7,126.0,1132.3,19.07,76.0,1575.0,7.2,45.0,90,8674.1,15708.2,55.2,1200.1,0.0,4352.0,0.0
2026-09-04T12:09:16.164,100.013,1,997,10,9.99,24.28,41.497,42.726,42.894,0.89,1.068,1.091,42.812,44.088,44.346,99.785,101.236,101.331,23.902,23.934,23.944,41.191,42.382,42.534,106.191,108.61,108.767,23.0,41.16,20.0,565.6,4096.0,220.0,27.7,126.0,1132.3,19.07,77.0,1575.0,7.3,47.0,90,8671.1,15708.2,55.2,1200.7,0.0,4352.0,0.0
2026-09-04T12:09:17.163,101.012,1,1007,10,10.01,23.93,42.083,44.358,44.889,0.834,1.125,1.178,43.317,45.762,46.477,99.528,101.046,101.173,23.906,23.963,23.979,41.784,44.037,44.511,108.543,112.231,112.889,23.0,41.82,20.0,565.6,4096.0,220.0,27.7,126.0,1132.3,19.07,76.0,1575.0,7.6,46.0,90,8675.0,15708.2,55.2,1199.6,0.0,4352.0,0.0
2026-09-04T12:09:18.163,102.012,1,1017,10,10.0,24.42,41.245,42.196,42.624,1.281,1.628,1.664,42.903,43.749,43.843,100.432,101.122,101.182,23.895,23.92,23.926,40.947,41.873,42.338,110.698,128.396,141.874,23.0,40.95,20.0,565.6,4096.0,220.0,27.7,126.0,1132.3,19.07,76.0,1575.0,8.8,46.0,90,8597.0,15708.2,54.7,1200.2,0.0,4352.0,0.0
2026-09-04T12:09:19.163,103.012,1,1027,10,10.0,24.55,41.02,42.578,42.665,1.271,1.574,1.625,42.657,44.216,44.494,99.318,100.933,101.168,23.878,23.94,23.947,40.736,42.284,42.326,108.579,111.613,112.13,27.0,40.73,25.0,565.6,4096.0,220.0,27.7,126.0,1132.3,19.06,77.0,1575.0,9.0,46.0,90,8579.5,15708.2,54.6,1200.7,0.0,4352.0,0.0
2026-09-04T12:09:20.163,104.012,1,1037,10,10.0,24.36,41.357,43.169,44.383,1.249,1.569,1.592,43.0,45.112,46.276,100.52,102.648,103.237,23.899,23.962,23.969,41.058,42.872,44.093,109.795,114.522,114.604,23.0,41.06,20.0,565.6,4096.0,220.0,27.7,126.0,1132.3,19.06,76.0,1575.0,9.0,45.0,90,8583.9,15708.2,54.6,1199.6,0.0,4352.0,0.0
2026-09-04T12:09:21.164,105.013,1,1047,10,9.99,24.25,41.532,43.829,45.653,0.973,1.14,1.208,42.858,45.191,47.024,99.626,101.698,101.813,23.884,23.933,23.94,41.243,43.556,45.38,113.17,129.02,143.122,23.0,41.2,20.0,565.6,4096.0,220.0,27.7,126.0,1132.3,19.06,76.0,1575.0,7.2,47.0,90,8578.1,15708.2,54.6,1200.7,0.0,4352.0,0.0
2026-09-04T12:09:22.163,106.012,1,1057,10,10.01,24.16,41.672,44.14,45.324,1.008,1.183,1.224,43.134,45.649,46.824,99.812,101.611,101.658,23.875,23.931,23.938,41.392,43.866,45.046,111.983,115.547,115.927,23.0,41.44,20.0,565.6,4096.0,220.0,27.7,126.0,1132.3,19.07,77.0,1575.0,7.6,45.0,90,8456.0,15708.2,53.8,1199.6,0.0,4352.0,0.0
2026-09-04T12:09:23.163,107.012,1,1067,10,10.0,24.46,41.161,41.973,42.037,0.931,1.108,1.109,42.455,43.284,43.348,100.538,102.665,102.725,23.913,23.96,23.963,40.886,41.702,41.771,109.027,111.857,113.004,23.0,40.88,20.0,565.6,4096.0,220.0,27.7,126.0,1132.3,19.07,76.0,1575.0,6.9,47.0,90,8444.4,15708.2,53.8,1200.2,0.0,4352.0,0.0
2026-09-04T12:09:24.163,108.012,1,1077,10,10.0,24.44,41.19,42.221,42.493,0.987,1.217,1.335,42.558,43.551,43.864,99.479,101.393,101.664,23.883,23.947,23.954,40.908,41.927,42.169,116.25,134.599,150.598,23.0,40.91,21.0,565.6,4096.0,220.0,27.7,126.0,1132.3,19.07,76.0,1575.0,7.1,46.0,90,8454.6,15708.2,53.8,1200.7,0.0,4352.0,0.0
2026-09-04T12:09:25.163,109.012,1,1087,10,10.0,24.53,41.046,42.92,43.821,0.928,1.275,1.431,42.389,44.358,45.384,100.063,101.615,101.763,23.879,23.912,23.912,40.765,42.644,43.576,112.679,116.241,117.03,23.0,40.77,20.0,565.6,4096.0,220.0,27.7,126.0,1132.3,19.08,76.0,1575.0,7.3,45.0,90,8460.5,15708.2,53.9,1200.7,0.0,4352.0,0.0
2026-09-04T12:09:26.164,110.013,1,1097,10,9.99,24.37,41.33,42.973,44.03,1.426,1.634,1.642,43.204,44.799,45.695,99.727,103.397,103.492,23.896,23.948,23.966,41.034,42.661,43.699,115.253,126.907,133.447,23.0,40.98,20.0,565.6,4096.0,220.0,27.7,126.0,1132.3,19.08,76.0,1575.0,7.7,46.9,90,8461.9,15708.2,53.9,1201.3,0.0,4352.0,0.0
2026-09-04T12:09:27.163,111.012,1,1107,10,10.01,24.03,41.908,44.207,46.112,1.338,1.713,1.772,43.698,46.05,47.668,100.013,101.081,101.14,23.927,24.001,24.007,41.621,43.919,45.824,117.784,137.565,154.465,23.0,41.68,20.0,565.6,4096.0,220.0,27.7,126.0,1132.3,19.07,76.0,1575.0,8.2,45.1,90,8469.9,15708.2,53.9,1200.5,0.0,4352.0,0.0
2026-09-04T12:09:28.163,112.012,1,1117,10,10.0,24.4,41.277,42.545,43.442,0.96,1.213,1.247,42.61,43.992,44.875,100.564,101.15,101.384,23.89,23.943,23.947,40.991,42.264,43.197,112.041,115.046,115.777,23.0,40.99,20.0,565.6,4096.0,220.0,27.7,126.0,1132.3,19.07,77.0,1575.0,7.1,47.0,90,8462.1,15708.2,53.9,1199.6,0.0,4352.0,0.0
2026-09-04T12:09:29.163,113.012,1,1127,10,10.0,24.35,41.362,43.48,44.295,1.288,1.698,1.784,43.075,45.027,45.812,99.373,101.011,101.114,23.884,23.926,23.935,41.063,43.137,43.982,111.002,114.778,115.503,23.0,41.06,20.0,565.6,4096.0,220.0,87.5,126.0,1132.3,19.08,76.0,1575.0,7.3,46.0,90,8461.7,15708.2,53.9,1201.3,0.0,4352.0,0.0
2026-09-04T12:09:30.163,114.012,1,1137,10,10.0,24.93,40.394,41.508,41.676,1.514,1.912,1.927,42.361,43.617,43.869,99.94,102.081,102.081,23.885,23.943,23.951,40.108,41.194,41.336,115.901,135.027,151.595,23.0,40.11,20.0,565.6,4096.0,220.0,27.7,126.0,1132.3,19.07,76.0,1575.0,7.6,44.0,90,8462.2,15708.2,53.9,1200.7,0.0,4352.0,0.0
2026-09-04T12:09:31.164,115.013,1,1147,10,9.99,24.63,40.867,43.041,44.523,1.798,2.075,2.084,43.11,45.254,46.692,100.0,100.972,101.094,23.883,23.929,23.935,40.6,42.784,44.265,116.877,127.459,136.776,23.0,40.56,20.0,565.6,4096.0,220.0,27.7,126.0,1132.3,19.06,77.0,1575.0,7.4,46.9,90,8456.8,15708.2,53.8,1201.3,0.0,4352.0,0.0
2026-09-04T12:09:32.163,116.012,1,1157,10,10.01,24.19,41.616,43.593,43.763,1.518,1.73,1.779,43.573,45.695,45.78,99.956,101.502,101.707,23.898,23.957,23.969,41.336,43.3,43.504,114.057,116.197,116.441,23.0,41.37,20.0,565.6,4096.0,220.0,29.8,126.0,1132.3,19.06,76.0,1575.0,8.6,47.0,90,8463.1,15708.2,53.9,1201.3,0.0,4352.0,0.0
2026-09-04T12:09:33.163,117.012,1,1167,10,10.0,24.69,40.791,41.552,41.574,1.953,2.267,2.398,43.189,44.051,44.142,99.601,101.338,101.454,23.887,23.915,23.919,40.51,41.264,41.265,113.669,132.616,148.47,19.0,40.51,16.0,565.6,4096.0,220.0,29.8,126.0,1132.3,19.08,76.0,1575.0,7.0,47.0,90,8465.0,15708.2,53.9,1201.3,0.0,4352.0,0.0
2026-09-04T12:09:34.163,118.012,1,1177,10,10.0,24.79,40.627,41.222,41.333,1.949,2.15,2.177,43.017,43.778,43.933,99.998,101.069,101.277,23.905,23.94,23.94,40.347,40.907,41.022,109.861,111.717,111.958,24.0,40.35,21.0,565.6,4096.0,220.0,29.8,126.0,1132.3,19.02,77.0,1575.0,7.6,47.0,90,8472.9,15708.2,53.9,1201.3,0.0,4352.0,0.0
2026-09-04T12:09:35.163,119.012,1,1187,10,10.0,24.86,40.49,40.883,40.96,1.64,1.787,1.837,42.571,43.06,43.118,100.004,101.264,101.465,23.91,23.958,23.965,40.218,40.609,40.704,110.196,114.886,116.74,21.0,40.22,18.0,565.6,4096.0,220.0,29.8,126.0,1132.3,19.07,77.0,1575.0,7.4,45.0,90,8467.5,15708.2,53.9,1201.3,0.0,4352.0,0.0
2026-09-04T12:09:36.164,120.013,1,1197,10,9.99,24.83,40.557,41.029,41.062,1.347,1.732,1.733,42.345,43.018,43.026,99.8,101.486,101.71,23.918,23.96,23.963,40.282,40.75,40.769,114.234,132.156,147.911,24.0,40.24,21.0,565.6,4096.0,220.0,29.8,126.0,1132.3,19.06,76.0,1575.0,7.3,45.9,90,8471.5,15708.2,53.9,1201.3,0.0,4352.0,0.0
2026-09-04T12:09:37.163,121.012,1,1207,10,10.01,24.46,41.166,42.047,42.616,1.206,1.584,1.657,42.835,44.124,44.6,99.993,101.054,101.277,23.904,23.943,23.95,40.879,41.741,42.295,110.594,111.963,112.033,21.0,40.92,18.0,565.6,4096.0,220.0,29.8,126.0,1132.3,19.04,77.0,1575.0,8.0,45.1,90,8480.3,15708.2,54.0,1202.2,0.0,4352.0,0.0
2026-09-04T12:09:38.163,122.012,1,1217,10,10.0,22.45,44.816,49.632,50.292,1.996,2.416,2.434,47.229,52.211,53.094,99.548,101.134,101.328,23.904,23.976,23.989,44.551,49.352,49.989,110.754,114.584,114.754,22.0,44.55,18.0,565.6,4096.0,220.0,29.8,126.0,1132.3,19.04,77.0,1575.0,7.6,52.0,90,8480.6,15708.2,54.0,1199.6,0.0,4352.0,0.0
2026-09-04T12:09:39.163,123.012,1,1227,10,10.0,23.92,42.087,47.522,47.595,2.265,2.87,2.931,44.777,49.732,49.843,100.533,102.148,102.955,23.889,23.948,23.973,41.804,47.248,47.317,117.131,141.413,147.113,19.0,41.81,16.0,565.6,4096.0,220.0,27.7,126.0,1132.3,19.08,77.0,1575.0,7.0,46.0,90,8477.2,15708.2,54.0,1199.6,0.0,4352.0,0.0
2026-09-04T12:09:40.163,124.012,1,1237,10,10.0,24.74,40.723,41.652,41.954,2.355,2.7,2.716,43.539,44.414,44.737,99.751,100.975,101.061,23.913,23.971,23.988,40.42,41.321,41.61,113.161,124.718,133.444,24.0,40.42,21.0,565.6,4096.0,220.0,29.8,126.0,1132.3,19.13,77.0,1575.0,7.8,48.0,90,8471.6,15708.2,53.9,1201.3,0.0,4352.0,0.0
2026-09-04T12:09:41.164,125.013,1,1247,10,9.99,23.99,41.97,47.91,48.15,2.024,2.259,2.273,44.424,50.369,50.811,99.553,100.801,100.861,23.889,23.934,23.939,41.685,47.643,47.894,109.33,111.497,111.94,24.0,41.64,20.0,565.6,4096.0,220.0,29.8,126.0,1132.3,19.05,77.0,1575.0,6.8,49.0,90,8470.8,15708.2,53.9,1199.6,0.0,4352.0,0.0
2026-09-04T12:09:42.163,126.012,1,1257,10,10.01,21.33,47.173,51.115,51.371,2.028,2.216,2.234,49.643,53.689,54.051,100.231,101.25,101.266,23.905,23.96,23.96,46.892,50.824,51.067,114.889,132.588,149.157,21.0,46.94,18.0,565.6,4096.0,220.0,29.8,126.0,1132.3,19.05,77.0,1575.0,9.2,52.1,90,8468.6,15708.2,53.9,1202.2,0.0,4352.0,0.0
2026-09-04T12:09:43.163,127.012,1,1267,10,10.0,24.15,41.707,43.45,43.999,1.774,2.086,2.144,43.929,45.797,46.659,99.781,101.236,101.608,23.913,23.97,23.973,41.411,43.158,43.693,110.544,113.302,114.566,20.0,41.41,17.0,565.6,4096.0,220.0,29.8,126.0,1132.3,19.08,76.0,1575.0,7.1,48.0,90,8458.2,15708.2,53.8,1201.3,0.0,4352.0,0.0
2026-09-04T12:09:44.163,128.012,1,1277,10,10.0,24.72,40.75,41.31,41.346,1.803,2.017,2.09,42.987,43.624,43.76,99.796,100.923,101.022,23.904,23.967,23.985,40.446,40.971,40.971,109.858,111.265,111.437,23.0,40.44,20.0,565.6,4096.0,220.0,29.8,126.0,1132.3,19.11,77.0,1575.0,7.6,47.0,90,8460.5,15708.2,53.9,1201.3,0.0,4352.0,0.0
2026-09-04T12:09:45.163,129.012,1,1287,10,10.0,24.43,41.222,42.259,42.684,1.384,1.676,1.705,43.017,43.968,44.394,100.005,100.732,100.751,23.924,24.012,24.032,40.935,41.976,42.386,114.413,132.456,148.127,23.0,40.94,20.0,565.6,4096.0,220.0,29.8,126.0,1132.3,19.04,77.0,1575.0,7.5,45.0,90,8462.0,15708.2,53.9,1201.3,0.0,4352.0,0.0
2026-09-04T12:09:46.164,130.013,1,1297,10,9.99,24.77,40.647,41.223,41.25,1.439,1.689,1.707,42.483,42.993,43.0,99.521,100.796,100.826,23.91,23.952,23.956,40.367,40.94,40.966,110.287,112.165,113.124,24.0,40.33,21.0,565.6,4096.0,220.0,29.8,126.0,1132.3,19.2,77.0,1575.0,7.1,47.0,90,8462.3,15708.2,53.9,1201.3,0.0,4352.0,0.0
2026-09-04T12:09:47.163,131.012,1,1307,10,10.01,24.14,41.727,43.7,44.292,1.43,1.841,1.994,43.61,45.809,46.758,100.54,101.202,101.514,23.926,24.001,24.019,41.423,43.41,43.979,111.1,112.808,113.398,24.0,41.47,21.0,565.6,4096.0,220.0,29.8,126.0,1132.3,18.96,77.0,1575.0,8.3,46.0,90,8470.0,15708.2,53.9,1201.3,0.0,4352.0,0.0
2026-09-04T12:09:48.163,132.012,1,1317,10,10.0,24.69,40.785,41.613,41.751,1.3,1.68,1.785,42.512,43.229,43.495,99.427,101.143,101.173,23.899,23.934,23.945,40.5,41.308,41.426,113.614,131.713,147.326,24.0,40.5,21.0,565.6,4096.0,220.0,29.8,126.0,1132.3,19.2,77.0,1575.0,13.4,46.0,90,8614.9,15708.2,54.8,1201.3,0.0,4352.0,0.0
2026-09-04T12:09:49.163,133.012,1,1327,10,10.0,24.74,40.699,42.282,43.051,1.825,2.379,2.476,42.924,44.745,45.168,100.157,100.838,100.877,23.905,23.955,23.957,40.422,41.977,42.792,110.261,111.741,112.015,28.0,40.42,24.0,565.6,4096.0,220.0,29.8,126.0,1132.3,19.13,77.0,1575.0,15.2,46.0,90,8704.0,15708.2,55.4,1201.3,0.0,4352.0,0.0
2026-09-04T12:09:50.163,134.012,1,1337,10,10.0,24.8,40.599,42.586,44.068,1.974,2.478,2.728,42.989,45.163,46.278,99.98,101.585,101.786,23.944,24.043,24.081,40.322,42.249,43.726,110.859,112.712,113.131,27.0,40.32,23.0,565.6,4096.0,220.0,29.8,126.0,1132.3,19.15,77.0,1575.0,16.5,46.0,90,8719.4,15708.2,55.5,1201.3,0.0,4352.0,0.0
2026-09-04T12:09:51.164,135.013,1,1347,10,9.99,24.93,40.373,42.48,43.379,1.513,1.873,1.878,42.294,44.476,45.632,99.567,100.931,101.126,23.912,23.956,23.96,40.106,42.198,43.129,112.887,129.244,143.971,27.0,40.07,23.0,565.6,4096.0,220.0,29.8,126.0,1132.3,19.26,77.0,1575.0,16.3,45.0,90,8746.1,15708.2,55.7,1205.4,0.0,4352.0,0.0
2026-09-04T12:09:52.163,136.012,1,1357,10,10.01,24.72,40.73,42.379,43.623,1.517,1.661,1.7,42.682,44.358,45.655,99.968,100.78,100.846,23.888,23.953,23.955,40.447,42.083,43.361,110.732,111.199,111.557,26.0,40.49,22.0,565.6,4096.0,220.0,29.8,126.0,1132.3,19.11,77.0,1575.0,8.8,46.0,90,8760.8,15708.2,55.8,1202.7,0.0,4352.0,0.0
2026-09-04T12:09:53.163,137.012,1,1367,10,10.0,24.11,41.755,49.292,54.727,1.211,1.478,1.52,43.397,51.064,56.62,100.074,101.503,101.705,23.932,24.097,24.121,41.473,48.922,54.31,109.575,112.804,113.996,43.0,41.47,38.0,565.6,4096.0,220.0,29.8,126.0,1132.3,19.26,77.0,1575.0,23.0,46.0,90,8899.1,15708.2,56.7,1202.3,0.0,4352.0,0.0
2026-09-04T12:09:54.163,138.012,1,1377,10,10.0,24.46,41.131,43.054,43.977,0.898,1.039,1.044,42.47,44.403,45.283,99.983,101.636,101.733,23.912,23.966,23.988,40.878,42.807,43.757,114.623,132.814,148.322,24.0,40.88,21.0,565.6,4096.0,220.0,29.8,126.0,1132.3,19.35,77.0,1575.0,15.9,45.0,90,8810.9,15708.2,56.1,1201.3,0.0,4352.0,0.0
2026-09-04T12:09:55.163,139.012,1,1387,10,10.0,24.84,40.545,41.724,42.376,0.955,1.057,1.094,41.917,43.082,43.697,99.525,100.619,100.633,23.875,23.915,23.933,40.261,41.424,42.06,109.857,111.791,111.968,23.0,40.25,20.0,565.6,4096.0,220.0,29.8,126.0,1132.3,19.21,77.0,1575.0,14.6,45.0,90,8836.0,15708.2,56.3,1203.6,0.0,4352.0,0.0
2026-09-04T12:09:56.164,140.013,1,1397,10,9.99,24.01,41.93,44.955,45.907,0.902,1.307,1.515,43.289,46.499,47.854,99.956,101.446,101.775,23.972,24.185,24.219,41.65,44.696,45.611,114.464,132.352,148.639,5.0,41.61,3.0,565.6,4096.0,220.0,29.8,126.0,1132.3,18.79,77.0,1575.0,10.4,45.9,90,8837.9,15708.2,56.3,1204.4,0.0,4352.0,0.0
2026-09-04T12:09:57.165,141.012,1,1408,10,10.0,24.61,40.915,42.956,44.241,0.916,1.269,1.448,42.255,44.627,46.137,100.112,101.117,101.253,23.882,23.953,23.962,40.633,42.648,43.93,115.136,133.579,150.365,23.0,40.65,21.0,565.6,4096.0,220.0,27.7,126.0,1132.3,19.13,77.0,1575.0,10.1,46.0,90,8810.8,15708.2,56.1,1199.6,0.0,4352.0,0.0
2026-09-04T12:09:58.163,142.012,1,1418,11,11.01,24.41,41.276,42.771,43.187,1.188,1.687,1.847,42.91,44.477,44.821,99.595,101.356,101.464,23.939,24.05,24.097,40.975,42.422,42.887,108.679,111.768,111.888,24.0,45.11,21.0,565.6,4096.0,220.0,27.7,126.0,1132.3,19.25,77.0,1575.0,14.9,45.1,90,8814.7,15708.2,56.1,1199.6,0.0,4352.0,0.0
2026-09-04T12:09:59.164,143.013,1,1428,10,9.99,24.61,40.909,41.452,41.554,1.252,1.734,1.916,42.565,43.454,43.683,100.084,101.303,101.69,23.92,23.954,23.967,40.631,41.154,41.212,110.089,112.339,112.897,23.0,40.59,20.0,565.6,4096.0,220.0,27.7,126.0,1132.3,19.13,77.0,1575.0,7.9,46.9,90,8797.0,15708.2,56.0,1199.6,0.0,4352.0,0.0
2026-09-04T12:10:00.163,144.012,1,1438,10,10.01,24.68,40.783,41.484,41.617,1.453,1.726,1.784,42.65,43.478,43.595,100.2,101.039,101.103,23.9,23.968,23.99,40.512,41.208,41.338,113.863,133.293,149.275,28.0,40.56,25.0,565.6,4096.0,220.0,27.7,126.0,1132.3,19.03,77.0,1575.0,8.5,45.1,90,8802.9,15708.2,56.0,1199.6,0.0,4352.0,0.0
2026-09-04T12:10:01.164,145.013,1,1448,10,9.99,23.83,42.251,44.128,44.56,1.314,1.517,1.563,44.011,45.867,46.489,99.476,101.038,101.091,23.905,23.99,23.993,41.965,43.855,44.285,106.109,108.296,108.62,23.0,41.92,20.0,565.6,4096.0,220.0,27.7,126.0,1132.3,19.32,77.0,1575.0,9.9,47.0,90,8794.3,15708.2,56.0,1199.6,0.0,4352.0,0.0
2026-09-04T12:10:02.163,146.012,1,1458,10,10.01,24.21,41.582,42.922,43.075,0.912,1.266,1.399,42.929,44.167,44.255,100.327,101.775,102.106,23.928,24.055,24.149,41.309,42.605,42.778,108.855,112.56,112.945,22.0,41.35,20.0,565.6,4096.0,220.0,27.7,126.0,1132.3,18.96,77.0,1575.0,8.4,46.0,90,8773.0,15708.2,55.8,1199.6,0.0,4352.0,0.0
2026-09-04T12:10:03.163,147.012,1,1468,10,10.0,24.38,41.301,43.328,44.518,1.278,1.641,1.652,43.004,45.09,46.112,99.301,101.843,101.883,23.915,24.008,24.045,41.017,43.042,44.235,109.963,114.292,114.522,24.0,41.02,21.0,565.6,4096.0,220.0,27.7,126.0,1132.3,19.25,77.0,1575.0,7.3,46.0,90,8758.3,15708.2,55.8,1199.6,0.0,4352.0,0.0
2026-09-04T12:10:04.163,148.012,1,1478,10,10.0,24.43,41.198,42.655,43.11,1.627,2.053,2.213,43.293,44.916,45.342,101.033,104.893,106.851,23.919,23.977,23.984,40.928,42.358,42.79,107.604,110.73,111.707,23.0,40.93,20.0,565.6,4096.0,220.0,27.7,126.0,1132.3,19.05,77.0,1575.0,13.9,47.0,90,8735.3,15708.2,55.6,1199.6,0.0,4352.0,0.0
2026-09-04T12:10:05.163,149.012,1,1488,10,10.0,24.4,41.281,42.725,43.427,1.695,2.231,2.289,43.406,45.173,45.766,99.184,100.958,100.965,23.894,24.002,24.035,40.984,42.415,43.087,107.718,116.273,122.037,23.0,40.99,20.0,565.6,4096.0,220.0,27.7,126.0,1132.3,19.27,77.0,1575.0,9.8,46.0,90,8726.0,15708.2,55.6,1199.6,0.0,4352.0,0.0
2026-09-04T12:10:06.164,150.013,1,1498,10,9.99,24.32,41.416,43.708,45.035,1.884,2.508,2.581,43.763,46.446,47.665,100.131,102.057,102.339,23.928,24.01,24.034,41.114,43.417,44.734,112.038,129.848,142.876,23.0,41.07,20.0,565.6,4096.0,220.0,27.7,126.0,1132.3,19.1,77.0,1575.0,9.6,46.9,90,8721.2,15708.2,55.5,1199.6,0.0,4352.0,0.0
2026-09-04T12:10:07.163,151.012,1,1508,10,10.01,24.44,41.185,42.554,42.915,1.483,2.0,2.336,43.092,44.682,44.893,99.704,101.138,101.418,23.959,24.072,24.096,40.908,42.229,42.655,107.025,109.846,110.832,23.0,40.95,20.0,565.6,4096.0,220.0,27.7,126.0,1132.3,19.14,77.0,1575.0,13.9,47.1,90,8685.5,15708.2,55.3,1199.6,0.0,4352.0,0.0
2026-09-04T12:10:08.163,152.012,1,1518,10,10.0,24.2,41.609,42.838,42.857,1.053,1.493,1.61,43.078,44.706,44.868,99.794,101.195,101.37,23.907,23.968,23.976,41.328,42.525,42.53,109.199,112.003,112.471,24.0,41.33,21.0,565.6,4096.0,220.0,27.7,126.0,1132.3,19.12,77.0,1575.0,7.3,46.0,90,8678.8,15708.2,55.3,1199.6,0.0,4352.0,0.0
2026-09-04T12:10:09.163,153.012,1,1528,10,10.0,23.43,42.946,44.299,44.635,1.217,1.484,1.501,44.581,45.777,46.072,100.058,101.449,101.7,23.915,23.968,23.968,42.687,44.033,44.382,113.883,133.831,150.178,23.0,42.68,20.0,565.6,4096.0,220.0,27.7,126.0,1132.3,19.12,77.0,1575.0,7.9,48.0,90,8690.9,15708.2,55.3,1199.6,0.0,4352.0,0.0
2026-09-04T12:10:10.163,154.012,1,1538,10,10.0,23.83,42.253,42.971,42.99,1.442,1.794,1.832,44.13,44.704,44.733,99.346,100.905,101.245,23.897,23.947,23.951,41.967,42.718,42.723,109.133,111.976,112.258,23.0,41.97,20.0,565.6,4096.0,220.0,27.7,126.0,1132.3,19.13,77.0,1575.0,8.3,47.0,90,8686.2,15708.2,55.3,1199.6,0.0,4352.0,0.0
2026-09-04T12:10:11.164,155.013,1,1548,10,9.99,24.52,41.058,41.826,41.874,1.198,1.41,1.546,42.731,43.514,43.582,100.419,102.807,103.96,23.889,23.952,23.972,40.788,41.566,41.621,110.823,113.346,114.218,23.0,40.74,20.0,565.6,4096.0,220.0,27.7,126.0,1132.3,19.13,77.0,1575.0,7.1,46.9,90,8688.9,15708.2,55.3,1199.6,0.0,4352.0,0.0
2026-09-04T12:10:12.163,156.012,1,1558,10,10.01,24.49,41.078,42.196,42.935,1.249,1.376,1.379,42.789,43.89,44.554,99.539,101.602,101.635,23.895,23.946,23.954,40.826,41.934,42.668,111.849,128.282,141.592,23.0,40.88,20.0,565.6,4096.0,220.0,27.7,126.0,1132.3,19.14,77.0,1575.0,8.5,45.1,90,8675.5,15708.2,55.2,1199.6,0.0,4352.0,0.0
2026-09-04T12:10:13.163,157.012,1,1568,10,10.0,23.84,42.212,43.71,44.105,0.768,0.935,1.032,43.44,44.958,45.307,99.951,100.728,100.836,23.897,23.975,23.991,41.943,43.434,43.819,109.703,111.893,112.021,23.0,41.94,20.0,565.6,4096.0,220.0,27.7,126.0,1132.3,19.13,77.0,1575.0,7.2,47.0,90,8667.4,15708.2,55.2,1199.6,0.0,4352.0,0.0
2026-09-04T12:10:14.163,158.012,1,1578,10,10.0,24.4,41.265,41.737,41.869,0.951,1.465,1.51,42.649,43.351,43.571,99.966,101.783,101.912,23.924,23.971,23.973,40.977,41.434,41.544,106.574,108.444,108.987,23.0,40.97,20.0,565.6,4096.0,220.0,27.7,126.0,1132.3,19.14,77.0,1575.0,9.2,46.0,90,8665.0,15708.2,55.2,1199.6,0.0,4352.0,0.0
2026-09-04T12:10:15.163,159.012,1,1588,10,10.0,24.34,41.373,42.477,42.924,1.725,1.953,1.972,43.528,44.789,45.282,99.937,101.842,101.97,23.93,24.048,24.129,41.088,42.175,42.616,111.828,128.921,143.097,23.0,41.09,20.0,565.6,4096.0,220.0,27.7,126.0,1132.3,19.13,77.0,1575.0,14.1,47.0,90,8666.1,15708.2,55.2,1199.6,0.0,4352.0,0.0
2026-09-04T12:10:16.165,160.013,1,1598,10,9.99,24.19,41.648,43.948,44.434,1.87,2.468,2.606,43.958,46.319,47.023,100.137,101.6,101.783,23.966,24.123,24.184,41.341,43.605,44.1,107.416,110.914,111.333,23.0,41.28,20.0,565.6,4096.0,220.0,27.7,126.0,1132.3,19.12,77.0,1575.0,9.7,47.9,90,8664.2,15708.2,55.2,1199.6,0.0,4352.0,0.0
2026-09-04T12:10:17.163,161.012,1,1608,10,10.01,24.29,41.446,42.068,42.119,1.398,1.91,1.929,43.299,44.416,44.436,99.317,101.263,101.383,23.933,23.992,23.992,41.163,41.784,41.88,107.942,111.178,111.584,23.0,41.22,20.0,565.6,4096.0,220.0,27.7,126.0,1132.3,19.14,77.0,1575.0,9.4,46.1,90,8657.3,15708.2,55.1,1199.6,0.0,4352.0,0.0
2026-09-04T12:10:18.163,162.012,1,1618,10,10.0,24.62,40.89,41.611,41.69,0.829,1.257,1.284,42.135,43.083,43.386,100.267,102.683,103.442,23.92,23.963,23.974,40.624,41.364,41.44,112.494,130.082,144.063,23.0,40.63,20.0,565.6,4096.0,220.0,27.7,126.0,1132.3,19.14,77.0,1575.0,10.5,45.0,90,8616.3,15708.2,54.9,1199.6,0.0,4352.0,0.0
2026-09-04T12:10:19.163,163.012,1,1628,10,10.0,24.3,41.429,42.863,43.455,0.754,0.848,0.892,42.622,44.112,44.648,100.114,101.783,101.839,23.927,23.982,23.991,41.156,42.58,43.169,107.472,110.152,110.291,23.0,41.15,20.0,565.6,4096.0,220.0,27.7,126.0,1132.3,19.14,77.0,1575.0,14.9,46.0,90,8602.4,15708.2,54.8,1199.6,0.0,4352.0,0.0
2026-09-04T12:10:20.163,164.012,1,1638,10,10.0,24.29,41.445,42.838,43.025,0.721,0.838,0.903,42.611,44.024,44.225,99.673,101.138,101.326,23.945,24.02,24.021,41.169,42.56,42.746,108.203,117.986,125.006,23.0,41.17,20.0,565.6,4096.0,220.0,27.7,126.0,1132.3,19.15,77.0,1575.0,10.3,46.0,90,8594.8,15708.2,54.7,1199.6,0.0,4352.0,0.0
2026-09-04T12:10:21.164,165.013,1,1648,10,9.99,24.45,41.176,42.474,42.885,0.828,1.027,1.068,42.431,43.765,44.137,100.067,102.111,102.576,24.026,24.488,24.896,40.908,42.165,42.58,112.053,129.927,144.346,23.0,40.87,20.0,565.6,4096.0,220.0,27.7,126.0,1132.3,19.15,77.0,1575.0,9.4,46.0,90,8488.5,15708.2,54.0,1199.6,0.0,4352.0,0.0
2026-09-04T12:10:22.163,166.012,1,1658,10,10.01,24.71,40.74,41.399,41.457,0.969,1.33,1.371,42.156,42.956,43.075,99.561,101.59,101.966,23.903,23.988,24.013,40.467,41.106,41.133,108.117,114.056,117.667,24.0,40.51,21.0,565.6,4096.0,220.0,27.7,126.0,1132.3,19.16,77.0,1575.0,10.5,46.0,90,8453.6,15708.2,53.8,1199.6,0.0,4352.0,0.0
2026-09-04T12:10:23.163,167.012,1,1668,10,10.0,24.32,41.396,44.408,46.456,1.141,1.593,1.749,42.968,46.296,48.091,99.932,102.29,102.968,23.93,24.024,24.063,41.114,44.107,46.142,108.269,115.95,120.061,23.0,41.11,20.0,565.6,4096.0,220.0,27.7,126.0,1132.3,19.15,77.0,1575.0,12.9,46.0,90,8443.0,15708.2,53.7,1199.6,0.0,4352.0,0.0
2026-09-04T12:10:24.163,168.012,1,1678,10,10.0,24.01,41.944,45.719,47.008,1.691,1.919,2.055,44.13,48.025,49.33,100.36,101.597,101.781,23.929,24.035,24.117,41.655,45.376,46.652,113.768,129.535,143.676,23.0,41.65,20.0,565.6,4096.0,220.0,27.7,126.0,1132.3,19.15,77.0,1575.0,8.0,47.0,90,8455.1,15708.2,53.8,1199.6,0.0,4352.0,0.0
2026-09-04T12:10:25.163,169.012,1,1688,10,10.0,24.77,40.635,41.418,41.532,1.536,1.805,1.854,42.639,43.61,43.733,99.446,101.265,101.611,23.913,23.98,23.988,40.371,41.137,41.246,111.826,120.661,127.669,23.0,40.37,20.0,565.6,4096.0,220.0,27.7,126.0,1132.3,19.15,77.0,1575.0,7.5,46.0,90,8455.1,15708.2,53.8,1199.6,0.0,4352.0,0.0
2026-09-04T12:10:26.164,170.013,1,1698,10,9.99,24.59,40.933,41.586,41.598,1.389,1.756,1.81,42.776,43.325,43.397,100.39,101.445,101.545,23.878,23.937,23.94,40.665,41.318,41.343,108.333,110.726,110.821,23.0,40.62,20.0,565.6,4096.0,220.0,27.7,126.0,1132.3,19.15,77.0,1575.0,9.0,46.0,90,8452.2,15708.2,53.8,1199.6,0.0,4352.0,0.0
2026-09-04T12:10:27.163,171.012,1,1708,10,10.01,24.33,41.373,42.396,42.404,1.074,1.472,1.604,42.888,44.185,44.569,99.425,101.072,101.175,23.904,23.96,23.984,41.1,42.078,42.092,110.213,128.49,144.32,23.0,41.15,20.0,565.6,4096.0,220.0,27.7,126.0,1132.3,19.16,77.0,1575.0,9.0,47.0,90,8458.1,15708.2,53.8,1199.6,0.0,4352.0,0.0
2026-09-04T12:10:28.163,172.012,1,1718,10,10.0,24.61,40.912,41.554,41.937,0.869,1.048,1.171,42.22,42.822,43.18,100.336,101.904,102.146,23.89,23.922,23.931,40.632,41.257,41.608,108.855,113.755,115.379,23.0,40.63,20.0,565.6,4096.0,220.0,27.7,126.0,1132.3,19.15,77.0,1575.0,8.4,46.0,90,8463.8,15708.2,53.9,1199.6,0.0,4352.0,0.0
2026-09-04T12:10:29.163,173.012,1,1728,10,10.0,24.67,40.821,41.25,41.431,1.645,1.777,1.804,42.905,43.386,43.601,99.53,101.113,101.354,23.892,23.946,23.973,40.533,40.927,41.109,110.498,121.44,128.262,23.0,40.54,20.0,565.6,4096.0,220.0,27.7,126.0,1132.3,19.16,77.0,1575.0,7.8,46.0,90,8464.4,15708.2,53.9,1199.6,0.0,4352.0,0.0
2026-09-04T12:10:30.163,174.012,1,1738,10,10.0,24.69,40.764,41.489,41.693,1.541,2.05,2.229,42.731,43.882,43.941,99.931,100.996,101.206,23.901,23.952,23.979,40.5,41.225,41.424,113.051,130.633,145.916,23.0,40.5,20.0,565.6,4096.0,220.0,27.7,126.0,1132.3,19.15,77.0,1575.0,8.0,46.0,90,8468.1,15708.2,53.9,1199.6,0.0,4352.0,0.0
2026-09-04T12:10:31.164,175.013,1,1748,10,9.99,24.56,41.012,41.489,41.583,1.375,2.0,2.014,42.807,43.154,43.155,99.898,101.039,101.444,23.892,23.965,23.973,40.716,41.174,41.282,110.263,112.575,113.514,23.0,40.67,20.0,565.6,4096.0,220.0,27.7,126.0,1132.3,19.17,77.0,1575.0,7.1,46.0,90,8464.6,15708.2,53.9,1199.6,0.0,4352.0,0.0
2026-09-04T12:10:32.163,176.012,1,1758,10,10.01,24.42,41.255,43.487,44.378,2.251,2.914,3.288,43.974,46.606,46.969,100.24,101.42,101.547,23.911,24.008,24.022,40.955,43.147,44.053,108.4,111.089,111.294,23.0,40.99,20.0,565.6,4096.0,220.0,27.7,126.0,1132.3,19.16,77.0,1575.0,13.9,48.0,90,8459.6,15708.2,53.9,1199.6,0.0,4352.0,0.0
2026-09-04T12:10:33.163,177.012,1,1768,10,10.0,24.89,40.456,41.108,41.163,1.832,2.203,2.227,42.708,43.591,43.637,99.528,100.825,100.838,23.87,23.914,23.914,40.184,40.836,40.877,112.978,131.494,146.702,23.0,40.18,20.0,565.6,4096.0,220.0,27.7,126.0,1132.3,19.16,77.0,1575.0,7.0,46.0,90,8449.6,15708.2,53.8,1199.6,0.0,4352.0,0.0
2026-09-04T12:10:34.163,178.012,1,1778,10,10.0,25.0,40.259,40.592,40.598,1.31,1.828,1.894,41.977,42.606,42.722,99.42,101.182,101.272,23.871,23.924,23.956,39.992,40.329,40.334,108.868,113.342,114.479,23.0,39.99,21.0,565.6,4096.0,220.0,27.7,126.0,1132.3,19.16,77.0,1575.0,7.1,45.0,90,8454.1,15708.2,53.8,1199.6,0.0,4352.0,0.0
2026-09-04T12:10:35.163,179.012,1,1788,10,10.0,24.93,40.399,40.933,40.973,1.66,1.922,1.93,42.479,43.233,43.294,100.859,102.669,103.752,23.897,23.954,23.966,40.11,40.613,40.65,111.577,116.182,118.729,23.0,40.11,20.0,565.6,4096.0,220.0,27.7,126.0,1132.3,19.16,77.0,1575.0,7.2,47.0,90,8455.7,15708.2,53.8,1199.6,0.0,4352.0,0.0
2026-09-04T12:10:36.164,180.013,1,1798,10,9.99,24.73,40.749,41.414,41.428,1.928,2.071,2.083,43.107,43.953,43.982,99.5,100.8,100.989,23.894,23.954,23.977,40.441,41.088,41.137,112.797,129.205,144.411,23.0,40.4,20.0,565.6,4096.0,220.0,27.7,126.0,1132.3,19.16,77.0,1575.0,7.1,47.0,90,8463.7,15708.2,53.9,1199.6,0.0,4352.0,0.0
2026-09-04T12:10:37.163,181.012,1,1808,10,10.01,24.9,40.439,40.892,40.981,1.073,1.366,1.488,41.922,42.439,42.484,100.256,100.956,100.964,23.914,24.003,24.011,40.162,40.616,40.714,110.338,111.889,112.211,23.0,40.2,20.0,565.6,4096.0,220.0,27.7,126.0,1132.3,19.17,77.0,1575.0,6.9,45.0,90,8468.5,15708.2,53.9,1199.6,0.0,4352.0,0.0
2026-09-04T12:10:38.163,182.012,1,1818,10,10.0,24.82,40.569,41.343,41.615,1.047,1.21,1.223,42.043,42.935,43.146,99.589,100.677,100.792,23.917,23.987,24.012,40.289,41.042,41.296,110.232,111.213,111.226,23.0,40.29,21.0,565.6,4096.0,220.0,27.7,126.0,1132.3,19.18,77.0,1575.0,7.2,46.0,90,8462.9,15708.2,53.9,1199.6,0.0,4352.0,0.0
2026-09-04T12:10:39.163,183.012,1,1828,10,10.0,24.53,41.059,41.39,41.405,1.08,1.301,1.402,42.579,43.009,43.053,99.757,101.448,101.727,23.898,23.94,23.95,40.768,41.075,41.088,108.807,119.052,124.835,23.0,40.77,20.0,565.6,4096.0,220.0,27.7,126.0,1132.3,19.18,77.0,1575.0,6.8,46.0,90,8463.1,15708.2,53.9,1199.6,0.0,4352.0,0.0
2026-09-04T12:10:40.163,184.012,1,1838,10,10.0,24.65,40.859,41.329,41.488,1.161,1.526,1.615,42.464,43.173,43.192,100.046,101.735,102.172,23.897,23.958,23.976,40.568,41.026,41.161,108.061,111.428,111.876,23.0,40.57,20.0,565.6,4096.0,220.0,27.7,126.0,1132.3,19.18,77.0,1575.0,7.0,45.0,90,8458.6,15708.2,53.8,1199.6,0.0,4352.0,0.0
2026-09-04T12:10:41.164,185.013,1,1848,10,9.99,24.82,40.558,41.358,41.498,1.485,1.789,1.854,42.468,43.443,43.449,100.011,101.612,101.665,23.901,24.008,24.039,40.285,41.08,41.206,109.845,118.098,123.641,23.0,40.24,20.0,565.6,4096.0,220.0,27.7,126.0,1132.3,19.18,77.0,1575.0,6.8,46.0,90,8455.0,15708.2,53.8,1199.6,0.0,4352.0,0.0
2026-09-04T12:10:42.163,186.012,1,1858,10,10.01,24.64,40.878,41.485,41.534,1.565,1.742,1.747,42.886,43.618,43.731,99.978,101.778,101.935,23.922,23.976,23.998,40.589,41.129,41.147,110.905,128.153,142.482,23.0,40.64,21.0,565.6,4096.0,220.0,27.7,126.0,1132.3,19.18,77.0,1575.0,7.1,47.0,90,8446.8,15708.2,53.8,1199.6,0.0,4352.0,0.0
2026-09-04T12:10:43.163,187.012,1,1868,10,10.0,24.85,40.534,40.91,40.921,1.881,2.039,2.047,42.869,43.365,43.386,99.792,101.595,101.849,23.876,23.938,23.944,40.248,40.616,40.638,107.653,110.95,111.733,23.0,40.25,20.0,565.6,4096.0,220.0,27.7,126.0,1132.3,19.18,77.0,1575.0,8.0,46.0,90,8447.9,15708.2,53.8,1199.6,0.0,4352.0,0.0
2026-09-04T12:10:44.163,188.012,1,1878,10,10.0,24.73,40.739,41.855,42.194,1.754,1.991,1.991,42.925,44.283,44.674,100.011,100.966,101.016,23.899,23.969,24.003,40.444,41.472,41.806,107.466,109.293,109.953,23.0,40.44,21.0,565.6,4096.0,220.0,27.7,126.0,1132.3,19.18,77.0,1575.0,9.6,47.0,90,8442.3,15708.2,53.7,1199.6,0.0,4352.0,0.0
2026-09-04T12:10:45.163,189.012,1,1888,10,10.0,24.73,40.728,41.211,41.256,1.766,1.995,2.001,42.921,43.555,43.799,99.722,101.541,102.058,23.908,23.963,23.978,40.433,40.922,40.988,110.595,121.951,127.867,23.0,40.43,20.0,565.6,4096.0,220.0,27.7,126.0,1132.3,19.18,77.0,1575.0,9.8,46.0,90,8463.3,15708.2,53.9,1199.6,0.0,4352.0,0.0
2026-09-04T12:10:46.164,190.013,1,1898,10,9.99,24.29,41.462,43.091,43.332,1.511,1.808,1.922,43.442,45.117,45.267,100.274,101.692,101.874,23.92,24.017,24.058,41.175,42.757,43.027,106.759,108.915,109.361,23.0,41.13,21.0,565.6,4096.0,220.0,27.7,126.0,1132.3,19.17,77.0,1575.0,14.3,47.9,90,8453.2,15708.2,53.8,1199.6,0.0,4352.0,0.0
2026-09-04T12:10:47.163,191.012,1,1908,10,10.01,24.24,41.538,42.725,43.116,1.271,1.676,1.78,43.262,44.194,44.43,99.303,100.856,100.878,23.943,24.002,24.014,41.25,42.451,42.848,106.161,109.267,109.351,23.0,41.3,20.0,565.6,4096.0,220.0,27.7,126.0,1132.3,19.17,77.0,1575.0,9.4,46.1,90,8453.0,15708.2,53.8,1199.6,0.0,4352.0,0.0
2026-09-04T12:10:48.163,192.012,1,1918,10,10.0,23.18,43.436,44.917,45.606,1.65,2.089,2.25,45.512,47.14,47.816,100.206,101.083,101.111,23.949,24.05,24.117,43.145,44.609,45.277,108.389,118.621,127.059,23.0,43.14,20.0,565.6,4096.0,220.0,27.7,126.0,1132.3,19.17,77.0,1575.0,16.4,49.0,90,8596.7,15708.2,54.7,1199.6,0.0,4352.0,0.0
2026-09-04T12:10:49.163,193.012,1,1928,10,10.0,23.86,42.181,42.779,42.971,1.945,2.355,2.404,44.544,45.271,45.298,100.089,101.202,101.26,23.896,23.945,23.964,41.915,42.507,42.694,106.466,107.965,108.105,23.0,41.92,20.0,565.6,4096.0,220.0,27.7,126.0,1132.3,19.19,77.0,1575.0,17.2,48.0,90,8663.4,15708.2,55.2,1199.6,0.0,4352.0,0.0
2026-09-04T12:10:50.164,194.012,1,1938,10,9.99,23.09,43.58,47.952,48.166,1.346,2.054,2.331,45.329,49.579,49.803,99.296,101.493,102.11,23.916,23.982,23.982,43.311,47.691,47.925,105.376,107.626,108.951,23.0,43.29,20.0,565.6,4096.0,220.0,27.7,126.0,1132.3,19.19,77.0,1575.0,23.4,49.0,90,8680.2,15708.2,55.3,1199.6,0.0,4352.0,0.0
2026-09-04T12:10:51.164,195.013,1,1948,10,10.0,20.93,48.101,50.997,51.864,0.93,1.313,1.33,49.413,52.246,53.084,100.223,100.952,101.204,23.897,23.944,23.949,47.771,50.372,50.941,109.374,122.96,134.012,23.0,47.75,20.0,565.6,4096.0,220.0,27.7,126.0,1132.3,19.19,77.0,1575.0,18.2,52.0,90,8689.4,15708.2,55.3,1199.6,0.0,4352.0,0.0
2026-09-04T12:10:52.163,196.012,1,1958,10,10.01,20.28,49.592,50.88,51.03,0.795,0.852,0.867,50.807,52.231,52.425,99.803,100.833,100.925,23.901,23.984,23.992,49.321,50.593,50.741,106.378,108.571,108.601,23.0,49.37,20.0,565.6,4096.0,220.0,27.7,126.0,1132.3,19.19,77.0,1575.0,9.2,54.1,90,8687.5,15708.2,55.3,1199.6,0.0,4352.0,0.0
2026-09-04T12:10:53.163,197.012,1,1968,10,10.0,20.55,48.912,52.195,53.825,0.688,0.746,0.752,49.946,53.321,54.859,99.972,101.11,101.155,23.895,23.94,23.941,48.668,51.962,53.599,106.788,109.627,109.868,23.0,48.66,20.0,565.6,4096.0,220.0,27.7,126.0,1132.3,19.2,77.0,1575.0,15.4,52.0,90,8873.4,15708.2,56.5,1199.6,0.0,4352.0,0.0
2026-09-04T12:10:54.163,198.012,1,1978,10,10.0,20.3,49.548,50.676,50.792,0.882,1.086,1.213,50.811,52.016,52.09,100.028,101.3,101.556,23.885,23.931,23.941,49.256,50.387,50.495,109.055,121.458,132.797,23.0,49.26,20.0,565.6,4096.0,220.0,27.7,126.0,1132.3,19.22,77.0,1575.0,11.5,55.0,90,8788.5,15708.2,55.9,1199.6,0.0,4352.0,0.0
2026-09-04T12:10:55.163,199.012,1,1988,10,10.0,19.94,50.442,51.943,52.87,1.06,1.465,1.484,51.868,53.442,54.121,99.996,100.845,100.852,23.895,23.954,23.957,50.157,51.668,52.578,106.732,108.879,109.433,23.0,50.15,20.0,565.6,4096.0,220.0,27.7,126.0,1132.3,19.22,77.0,1575.0,7.9,55.0,90,8785.6,15708.2,55.9,1199.6,0.0,4352.0,0.0
2026-09-04T12:10:56.165,200.014,1,1998,10,9.98,19.74,51.009,53.88,55.896,1.325,1.691,1.742,52.741,55.825,57.848,100.123,101.064,101.101,23.9,23.953,23.965,50.663,53.386,55.252,105.311,106.625,106.851,23.0,50.58,20.0,565.6,4096.0,220.0,27.7,126.0,1132.3,19.22,77.0,1575.0,7.6,54.9,90,8778.0,15708.2,55.9,1199.6,0.0,4352.0,0.0
2026-09-04T12:10:57.164,201.012,1,2008,10,10.02,19.77,50.855,54.271,56.124,1.075,1.413,1.536,52.332,55.95,57.516,99.474,101.449,101.749,23.867,23.98,23.984,50.594,54.028,55.895,109.18,124.557,137.504,23.0,50.68,20.0,565.6,4096.0,220.0,27.7,126.0,1132.3,19.22,77.0,1575.0,7.8,55.0,90,8701.5,15708.2,55.4,1199.6,0.0,4352.0,0.0
2026-09-04T12:10:58.163,202.012,1,2018,10,10.0,19.73,50.976,52.589,53.71,1.357,1.788,1.813,52.776,54.489,55.186,100.113,102.159,102.535,23.874,23.931,23.939,50.674,52.198,53.225,105.831,108.663,108.857,23.0,50.68,20.0,565.6,4096.0,220.0,27.7,126.0,1132.3,19.23,77.0,1575.0,7.4,57.0,90,8699.2,15708.2,55.4,1200.4,0.0,4352.0,0.0
2026-09-04T12:10:59.163,203.012,1,2028,10,10.0,19.94,50.414,51.502,51.969,1.682,2.085,2.235,52.537,53.956,54.225,100.004,101.714,101.881,23.862,23.888,23.891,50.145,51.238,51.703,107.155,110.32,111.107,23.0,50.14,20.0,565.6,4096.0,220.0,27.7,126.0,1132.3,19.21,77.0,1575.0,8.0,55.0,90,8715.4,15708.2,55.5,1201.4,0.0,4352.0,0.0
2026-09-04T12:11:00.163,204.012,1,2038,10,10.0,20.04,50.191,51.693,52.264,1.512,1.98,2.096,52.061,53.955,54.484,99.341,101.392,101.991,23.882,23.946,23.968,49.893,51.357,51.876,110.715,127.847,141.685,23.0,49.89,20.0,565.6,4096.0,220.0,27.7,126.0,1132.3,19.22,77.0,1575.0,7.6,56.0,90,8718.3,15708.2,55.5,1202.8,0.0,4352.0,0.0
2026-09-04T12:11:01.165,205.013,1,2048,10,9.98,20.04,50.196,51.139,51.262,1.605,1.952,1.952,52.179,53.189,53.683,100.207,101.047,101.129,23.905,24.017,24.1,49.89,50.855,50.967,107.61,111.218,113.319,23.0,49.81,20.0,565.6,4096.0,220.0,27.7,126.0,1132.3,19.21,77.0,1575.0,8.0,54.9,90,8720.5,15708.2,55.5,1202.6,0.0,4352.0,0.0
2026-09-04T12:11:02.163,206.012,1,2058,10,10.02,19.8,50.833,51.778,51.79,2.083,2.95,3.469,53.267,54.625,55.109,99.862,100.971,101.053,23.897,23.972,23.995,50.5,51.461,51.473,108.344,110.723,111.238,23.0,50.58,20.0,565.6,4096.0,220.0,27.7,126.0,1132.3,19.21,77.0,1575.0,7.3,55.1,90,8725.9,15708.2,55.6,1201.2,0.0,4352.0,0.0
2026-09-04T12:11:03.163,207.012,1,2068,10,10.0,19.89,50.545,51.679,51.861,1.47,1.754,1.789,52.371,53.655,53.736,100.194,101.574,102.058,23.926,24.002,24.003,50.265,51.405,51.608,113.798,132.086,147.756,23.0,50.27,20.0,565.6,4096.0,220.0,27.7,126.0,1132.3,19.21,77.0,1575.0,7.9,56.0,90,8728.7,15708.2,55.6,1201.6,0.0,4352.0,0.0
2026-09-04T12:11:04.163,208.012,1,2078,10,10.0,19.8,50.801,51.701,52.038,1.452,1.577,1.583,52.692,53.687,53.771,99.76,101.25,101.404,23.904,23.971,23.975,50.504,51.399,51.756,106.764,109.424,109.956,23.0,50.5,20.0,565.6,4096.0,220.0,27.7,126.0,1132.3,19.21,77.0,1575.0,7.5,55.0,90,8732.3,15708.2,55.6,1203.1,0.0,4352.0,0.0
2026-09-04T12:11:05.163,209.012,1,2088,10,10.0,19.71,51.103,53.247,54.308,1.172,1.76,1.889,52.636,54.538,55.352,99.821,101.796,102.117,23.974,24.135,24.226,50.747,52.939,54.036,110.147,113.644,114.841,23.0,50.75,20.0,565.6,4096.0,220.0,27.7,126.0,1132.3,19.21,77.0,1575.0,8.4,55.0,90,8729.9,15708.2,55.6,1201.4,0.0,4352.0,0.0
2026-09-04T12:11:06.165,210.013,1,2098,10,9.98,20.32,49.494,50.79,51.59,1.446,1.727,1.786,51.307,52.834,53.733,100.106,101.396,101.403,23.873,23.956,23.989,49.22,50.496,51.291,116.629,136.669,153.894,23.0,49.14,20.0,565.6,4096.0,220.0,27.7,126.0,1132.3,19.22,77.0,1575.0,7.4,53.9,90,8726.7,15708.2,55.6,1201.2,0.0,4352.0,0.0
2026-09-04T12:11:07.163,211.012,1,2107,9,9.02,20.07,50.09,52.637,53.591,1.211,1.546,1.587,51.633,54.121,55.082,110.782,160.246,199.594,23.895,23.96,23.96,49.831,52.378,53.337,123.878,175.834,212.048,23.0,44.92,20.0,565.6,4096.0,220.0,27.7,126.0,1132.3,18.73,77.0,1575.0,7.8,50.1,90,8711.2,15708.2,55.5,1201.3,0.0,4352.0,0.0
2026-09-04T12:11:08.163,212.012,1,2117,10,10.0,20.16,49.875,50.611,50.987,1.207,1.487,1.491,51.428,52.115,52.389,100.267,101.045,101.153,23.861,23.913,23.919,49.597,50.345,50.72,111.551,114.251,115.176,23.0,49.59,20.0,565.6,4096.0,220.0,27.7,126.0,1132.3,19.22,77.0,1575.0,7.4,55.0,90,8706.0,15708.2,55.4,1202.1,0.0,4352.0,0.0
2026-09-04T12:11:09.163,213.012,1,2127,10,10.0,19.96,50.368,51.239,51.394,1.184,1.568,1.653,51.917,52.869,52.912,99.774,101.115,101.264,23.908,23.969,24.001,50.097,50.97,51.134,116.546,135.177,152.493,23.0,50.1,20.0,565.6,4096.0,220.0,27.7,126.0,1132.3,19.22,77.0,1575.0,8.0,55.0,90,8707.6,15708.2,55.4,1203.6,0.0,4352.0,0.0
2026-09-04T12:11:10.163,214.012,1,2137,10,10.0,20.03,50.199,51.224,51.633,1.19,1.489,1.501,51.852,52.92,53.127,99.762,101.488,101.886,23.9,23.942,23.947,49.934,50.948,51.39,113.06,115.511,116.289,23.0,49.93,20.0,565.6,4096.0,220.0,27.7,126.0,1132.3,19.21,77.0,1575.0,7.4,54.0,90,8701.6,15708.2,55.4,1199.9,0.0,4352.0,0.0
2026-09-04T12:11:11.164,215.013,1,2147,10,9.99,19.81,50.746,54.035,55.381,1.093,1.287,1.436,52.231,55.589,56.757,100.307,101.01,101.182,23.871,23.951,23.985,50.476,53.724,55.118,113.885,116.164,116.587,23.0,50.42,20.0,565.6,4096.0,220.0,27.7,126.0,1132.3,19.21,77.0,1575.0,8.1,56.0,90,8686.3,15708.2,55.3,1202.6,0.0,4352.0,0.0
2026-09-04T12:11:12.163,216.012,1,2157,10,10.01,19.76,50.898,51.855,52.224,1.051,1.4,1.551,52.376,53.588,54.143,99.487,101.116,101.415,23.898,24.054,24.158,50.613,51.558,51.945,116.257,136.568,153.387,23.0,50.68,20.0,565.6,4096.0,220.0,27.7,126.0,1132.3,19.23,77.0,1575.0,7.4,56.1,90,8680.8,15708.2,55.3,1204.6,0.0,4352.0,0.0
2026-09-04T12:11:13.163,217.012,1,2167,10,10.0,19.86,50.596,52.163,52.5,0.878,1.268,1.29,51.9,53.599,53.737,99.797,101.093,101.097,23.89,23.958,23.991,50.343,51.916,52.243,111.51,115.453,115.598,23.0,50.34,20.0,565.6,4096.0,220.0,27.7,126.0,1132.3,19.23,77.0,1575.0,7.6,55.0,90,8672.3,15708.2,55.2,1205.7,0.0,4352.0,0.0
2026-09-04T12:11:14.163,218.012,1,2177,10,10.0,20.02,50.219,51.936,52.737,1.162,1.48,1.5,51.808,53.452,53.927,100.009,101.425,101.538,23.851,23.925,23.931,49.95,51.688,52.525,110.414,114.275,116.47,23.0,49.95,20.0,565.6,4096.0,220.0,27.9,126.0,1132.3,19.23,77.0,1575.0,7.1,56.0,90,8676.8,15708.2,55.2,1205.7,0.0,4352.0,0.0
2026-09-04T12:11:15.163,219.012,1,2187,10,10.0,20.25,49.663,52.384,53.681,1.159,1.505,1.507,51.219,53.787,55.092,99.94,100.757,100.815,23.935,24.314,24.655,49.393,52.116,53.421,114.672,132.757,146.592,23.0,49.4,20.0,565.6,4096.0,220.0,27.9,126.0,1132.3,19.23,77.0,1575.0,8.1,53.0,90,8679.6,15708.2,55.3,1205.7,0.0,4352.0,0.0
2026-09-04T12:11:16.164,220.013,1,2197,10,9.99,20.08,50.049,52.457,54.278,1.274,1.721,1.9,51.751,54.026,55.606,100.102,101.347,101.449,24.069,25.042,25.964,49.807,52.219,54.04,110.393,112.71,113.174,23.0,49.75,20.0,565.6,4096.0,220.0,27.9,126.0,1132.3,19.23,77.0,1575.0,7.5,54.9,90,8681.3,15708.2,55.3,1205.7,0.0,4352.0,0.0
2026-09-04T12:11:17.163,221.012,1,2207,10,10.01,20.14,49.937,52.114,53.701,1.055,1.435,1.505,51.417,54.009,55.654,100.053,100.85,100.877,24.006,24.668,25.234,49.663,51.849,53.433,109.432,110.91,110.99,23.0,49.72,21.0,565.6,4096.0,220.0,27.7,126.0,1132.3,19.23,77.0,1575.0,7.8,54.1,90,8686.3,15708.2,55.3,1205.7,0.0,4352.0,0.0
2026-09-04T12:11:18.163,222.012,1,2217,10,10.0,19.49,51.587,54.216,54.417,0.882,1.03,1.082,52.902,55.54,55.925,99.908,101.272,101.78,23.866,23.964,24.005,51.308,53.921,54.115,114.839,133.425,143.538,23.0,51.31,20.0,565.6,4096.0,220.0,27.7,126.0,1132.3,19.23,77.0,1575.0,10.6,55.0,90,8634.6,15708.2,55.0,1205.7,0.0,4352.0,0.0
2026-09-04T12:11:19.163,223.012,1,2227,10,10.0,19.63,51.205,53.347,53.977,0.784,1.048,1.145,52.411,54.565,55.096,100.04,101.354,101.362,23.911,23.988,23.99,50.931,53.072,53.748,110.477,114.01,115.205,23.0,50.93,20.0,565.6,4096.0,220.0,27.9,126.0,1132.3,19.2,77.0,1575.0,13.7,56.0,90,8660.1,15708.2,55.1,1205.7,0.0,4352.0,0.0
2026-09-04T12:11:20.163,224.012,1,2237,10,10.0,19.67,51.119,53.491,54.589,0.891,1.003,1.016,52.442,54.751,55.979,99.62,100.916,101.185,23.916,24.034,24.109,50.839,53.227,54.32,109.55,111.823,112.278,23.0,50.84,20.0,565.6,4096.0,220.0,27.9,126.0,1132.3,19.21,77.0,1575.0,7.8,55.0,90,8658.6,15708.2,55.1,1205.7,0.0,4352.0,0.0
2026-09-04T12:11:21.164,225.013,1,2247,10,9.99,19.97,50.339,52.873,54.378,0.739,0.789,0.794,51.519,54.119,55.618,99.77,101.174,101.549,23.877,23.926,23.942,50.064,52.584,54.113,113.962,132.028,148.567,23.0,50.0,20.0,565.6,4096.0,220.0,49.8,126.0,1132.3,19.21,77.0,1575.0,7.8,54.9,90,8644.1,15708.2,55.0,1199.6,0.0,4352.0,0.0
2026-09-04T12:11:22.163,226.012,1,2257,10,10.01,20.11,50.009,51.022,51.077,1.321,1.759,1.782,51.793,52.604,52.629,100.004,101.004,101.314,23.88,23.941,23.951,49.716,50.702,50.718,110.16,111.101,111.243,23.0,49.78,20.0,565.6,4096.0,220.0,40.7,126.0,1132.3,19.22,77.0,1575.0,7.6,55.1,90,8520.2,15708.2,54.2,1199.6,0.0,4352.0,0.0
2026-09-04T12:11:23.163,227.012,1,2267,10,10.0,20.16,49.895,51.116,51.164,1.547,1.881,1.909,51.854,52.882,52.893,99.814,100.69,100.854,23.91,23.961,23.965,49.612,50.824,50.898,109.896,111.154,111.166,23.0,49.61,20.0,565.6,4096.0,220.0,47.4,126.0,1132.3,19.22,77.0,1575.0,7.9,55.0,90,8529.9,15708.2,54.3,1199.6,0.0,4352.0,0.0
2026-09-04T12:11:24.163,228.012,1,2277,10,10.0,19.96,50.36,51.501,51.717,1.288,1.595,1.754,52.083,53.298,53.54,100.246,101.06,101.156,23.91,24.023,24.033,50.101,51.219,51.425,114.603,131.964,147.629,23.0,50.1,20.0,565.6,4096.0,220.0,42.7,126.0,1132.3,19.22,77.0,1575.0,7.1,54.0,90,8524.1,15708.2,54.3,1199.6,0.0,4352.0,0.0
2026-09-04T12:11:25.163,229.012,1,2287,10,10.0,20.17,49.855,50.493,50.617,0.867,1.179,1.181,51.163,51.97,51.998,99.74,101.06,101.3,23.893,23.951,23.955,49.57,50.189,50.33,111.466,121.624,128.181,23.0,49.57,20.0,565.6,4096.0,220.0,29.8,126.0,1132.3,19.21,77.0,1575.0,7.8,54.0,90,8518.3,15708.2,54.2,1199.6,0.0,4352.0,0.0
2026-09-04T12:11:26.164,230.013,1,2297,10,9.99,19.99,50.278,51.041,51.288,1.162,1.467,1.535,51.861,52.914,53.119,100.036,101.153,101.424,23.897,23.972,23.995,50.024,50.761,51.019,111.046,117.575,122.488,23.0,49.96,20.0,565.6,4096.0,220.0,49.8,126.0,1132.3,19.22,77.0,1575.0,7.8,55.9,90,8503.4,15708.2,54.1,1199.6,0.0,4352.0,0.0
2026-09-04T12:11:27.163,231.012,1,2307,10,10.01,19.87,50.587,51.263,51.279,1.078,1.415,1.419,52.097,52.904,53.123,99.461,100.877,101.032,23.912,24.018,24.03,50.337,51.021,51.048,114.116,130.135,144.688,23.0,50.41,20.0,565.6,4096.0,220.0,29.8,126.0,1132.3,19.22,77.0,1575.0,11.0,55.1,90,8501.7,15708.2,54.1,1199.6,0.0,4352.0,0.0
2026-09-04T12:11:28.163,232.012,1,2317,10,10.0,19.84,50.678,51.58,51.975,0.979,1.395,1.401,52.081,52.87,53.223,100.12,101.337,101.406,23.903,24.004,24.054,50.399,51.296,51.693,109.401,111.38,111.462,23.0,50.4,20.0,565.6,4096.0,220.0,29.8,126.0,1132.3,19.21,77.0,1575.0,14.5,54.0,90,8514.9,15708.2,54.2,1199.6,0.0,4352.0,0.0
2026-09-04T12:11:29.163,233.012,1,2327,10,10.0,20.11,49.992,50.883,51.057,1.334,1.685,1.729,51.758,52.642,52.646,100.522,101.079,101.244,23.884,23.975,24.025,49.738,50.638,50.807,110.056,111.241,111.313,23.0,49.74,20.0,565.6,4096.0,220.0,39.7,126.0,1132.3,19.23,77.0,1575.0,8.6,55.0,90,8508.8,15708.2,54.2,1199.6,0.0,4352.0,0.0
2026-09-04T12:11:30.163,234.012,1,2337,10,10.0,19.97,50.338,54.7,58.211,1.265,1.686,1.804,52.009,56.399,59.723,99.507,100.695,100.697,23.876,23.953,23.973,50.081,54.429,57.925,114.24,133.113,150.635,23.0,50.08,20.0,565.6,4096.0,220.0,29.8,126.0,1132.3,19.24,77.0,1575.0,8.3,55.0,90,8512.8,15708.2,54.2,1199.6,0.0,4352.0,0.0
2026-09-04T12:11:31.164,235.013,1,2347,10,9.99,20.72,48.547,50.424,50.782,0.983,1.381,1.429,49.958,51.838,51.94,100.155,101.582,101.991,23.87,23.939,23.946,48.259,50.119,50.465,108.568,110.935,111.042,23.0,48.21,20.0,565.6,4096.0,220.0,29.8,126.0,1132.3,19.23,77.0,1575.0,9.1,53.9,90,8511.0,15708.2,54.2,1199.6,0.0,4352.0,0.0
2026-09-04T12:11:32.163,236.012,1,2357,10,10.01,21.07,47.735,48.66,48.93,0.877,1.038,1.08,49.048,50.073,50.23,99.657,101.777,102.022,23.899,23.949,23.953,47.472,48.395,48.695,107.085,110.403,111.164,23.0,47.52,21.0,565.6,4096.0,220.0,29.8,126.0,1132.3,19.22,77.0,1575.0,13.9,51.0,90,8492.7,15708.2,54.1,1199.6,0.0,4352.0,0.0
2026-09-04T12:11:33.163,237.012,1,2367,10,10.0,23.46,42.896,45.544,46.822,0.809,1.04,1.047,44.131,46.814,48.022,99.423,101.338,101.467,23.893,23.956,23.973,42.628,45.28,46.568,111.105,131.063,146.806,23.0,42.63,20.0,565.6,4096.0,220.0,29.8,126.0,1132.3,19.24,77.0,1575.0,9.2,48.0,90,8500.4,15708.2,54.1,1202.3,0.0,4352.0,0.0
2026-09-04T12:11:34.163,238.012,1,2377,10,10.0,23.38,43.065,44.777,45.743,1.144,1.504,1.522,44.644,46.323,47.227,100.598,102.733,103.767,23.902,23.94,23.956,42.779,44.512,45.482,107.76,111.099,112.135,23.0,42.77,20.0,565.6,4096.0,220.0,29.8,126.0,1132.3,19.23,77.0,1575.0,9.4,48.0,90,8507.6,15708.2,54.2,1202.3,0.0,4352.0,0.0
2026-09-04T12:11:35.163,239.012,1,2387,10,10.0,23.67,42.532,43.641,43.868,1.661,2.059,2.111,44.625,45.419,45.667,99.672,101.138,101.465,23.922,24.084,24.201,42.253,43.375,43.59,106.913,108.766,109.044,23.0,42.26,20.0,565.6,4096.0,220.0,29.8,126.0,1132.3,19.23,77.0,1575.0,10.5,48.0,90,8513.9,15708.2,54.2,1202.3,0.0,4352.0,0.0
2026-09-04T12:11:36.164,240.013,1,2397,10,9.99,24.13,41.733,45.477,47.299,2.233,3.146,3.641,44.417,48.878,50.205,100.369,102.876,103.266,24.069,24.819,25.446,41.445,45.218,47.024,110.685,132.476,150.673,23.0,41.39,20.0,565.6,4096.0,220.0,29.8,126.0,1132.3,19.23,77.0,1575.0,13.2,48.0,90,8499.1,15708.2,54.1,1203.7,0.0,4352.0,0.0
2026-09-04T12:11:37.163,241.012,1,2407,10,10.01,24.52,41.058,42.307,43.066,2.085,2.438,2.566,43.587,45.166,46.043,99.21,101.03,101.089,23.906,23.949,23.95,40.776,42.024,42.812,109.739,121.464,130.1,23.0,40.83,20.0,565.6,4096.0,220.0,29.8,126.0,1132.3,19.24,77.0,1575.0,8.9,46.1,90,8483.0,15708.2,54.0,1203.3,0.0,4352.0,0.0
2026-09-04T12:11:38.163,242.012,1,2417,10,10.0,24.59,40.935,41.945,42.254,2.002,2.476,2.806,43.371,44.879,45.501,100.036,101.232,101.742,23.898,23.947,23.96,40.663,41.666,42.003,106.839,110.43,112.155,23.0,40.67,20.0,565.6,4096.0,220.0,29.8,126.0,1132.3,19.23,77.0,1575.0,9.2,46.0,90,8492.8,15708.2,54.1,1203.1,0.0,4352.0,0.0
2026-09-04T12:11:39.163,243.012,1,2427,10,10.0,24.57,40.99,42.205,42.622,2.264,2.444,2.456,43.719,44.806,45.01,100.773,102.466,102.959,23.901,23.957,23.959,40.692,41.9,42.313,112.068,133.114,147.713,23.0,40.68,20.0,565.6,4096.0,220.0,29.8,126.0,1132.3,19.23,77.0,1575.0,12.8,47.0,90,8478.4,15708.2,54.0,1201.4,0.0,4352.0,0.0
2026-09-04T12:11:40.163,244.012,1,2437,10,10.0,24.62,40.911,41.941,42.186,2.116,2.372,2.437,43.467,44.465,44.768,99.265,101.104,101.331,23.931,23.988,23.99,40.622,41.681,41.937,106.365,109.289,109.337,23.0,40.63,20.0,565.6,4096.0,220.0,29.8,126.0,1132.3,19.23,77.0,1575.0,10.0,47.0,90,8490.0,15708.2,54.0,1205.5,0.0,4352.0,0.0
2026-09-04T12:11:41.165,245.013,1,2447,10,9.98,24.34,41.367,44.583,47.025,2.349,2.64,2.647,44.16,47.279,49.566,99.719,101.191,101.367,23.895,23.926,23.926,41.082,44.272,46.705,106.83,109.883,110.418,23.0,41.01,20.0,565.6,4096.0,220.0,29.8,126.0,1132.3,19.23,77.0,1575.0,9.0,46.9,90,8488.2,15708.2,54.0,1205.5,0.0,4352.0,0.0
2026-09-04T12:11:42.166,246.012,1,2458,10,10.01,24.42,41.242,44.089,46.287,2.337,2.637,2.719,44.039,47.021,49.208,100.285,102.123,102.73,23.873,23.921,23.931,40.95,43.802,46.026,110.879,128.747,143.538,23.0,41.0,20.0,565.6,4096.0,220.0,27.7,126.0,1132.3,19.24,77.0,1575.0,9.8,47.9,90,8480.4,15708.2,54.0,1199.7,0.0,4352.0,0.0
2026-09-04T12:11:43.165,247.013,1,2468,11,10.99,24.14,41.717,43.712,44.141,2.26,3.163,3.686,44.394,47.31,48.349,99.429,102.284,103.137,23.914,23.95,23.967,41.421,43.417,43.818,105.995,110.2,111.382,23.0,45.53,20.0,565.6,4096.0,220.0,27.7,126.0,1132.3,19.25,77.0,1575.0,13.1,47.1,90,8479.1,15708.2,54.0,1199.7,0.0,4352.0,0.0
2026-09-04T12:11:44.166,248.014,1,2478,10,9.99,24.51,41.085,42.275,42.429,1.743,2.236,2.387,43.256,44.607,44.632,100.145,101.99,102.022,23.923,23.979,23.987,40.801,41.991,42.146,106.723,109.791,110.212,23.0,40.75,20.0,565.6,4096.0,220.0,27.7,126.0,1132.3,19.24,77.0,1575.0,9.4,45.9,90,8483.1,15708.2,54.0,1199.7,0.0,4352.0,0.0
2026-09-04T12:11:45.163,249.012,1,2488,10,10.03,24.56,40.993,42.33,42.717,1.645,2.283,2.646,43.072,44.654,45.136,99.752,101.22,101.576,23.922,23.968,23.968,40.721,42.045,42.395,109.903,127.447,143.29,23.0,40.83,20.0,565.6,4096.0,220.0,27.7,126.0,1132.3,19.25,77.0,1575.0,9.2,47.2,90,8485.7,15708.2,54.0,1199.7,0.0,4352.0,0.0
2026-09-04T12:11:46.164,250.013,1,2498,10,9.99,24.62,40.907,41.445,41.45,1.684,1.832,1.845,43.039,43.661,43.74,99.713,101.42,101.81,23.89,23.949,23.959,40.625,41.153,41.16,106.435,109.459,109.554,23.0,40.58,20.0,565.6,4096.0,220.0,27.7,126.0,1132.3,19.25,77.0,1575.0,9.7,45.9,90,8484.7,15708.2,54.0,1199.7,0.0,4352.0,0.0
2026-09-04T12:11:47.163,251.012,1,2507,9,9.01,24.58,40.972,41.851,42.012,1.74,1.977,2.03,43.175,44.041,44.227,100.399,101.963,102.194,23.885,23.925,23.94,40.683,41.576,41.758,110.245,111.914,112.153,23.0,36.66,20.0,565.6,4096.0,220.0,29.8,126.0,1132.3,19.24,77.0,1575.0,7.0,46.1,90,8484.7,15708.2,54.0,1205.5,0.0,4352.0,0.0
2026-09-04T12:11:48.163,252.012,1,2517,10,10.0,24.18,41.67,43.889,44.046,1.85,2.687,2.831,43.943,46.628,47.365,99.773,101.474,101.763,23.893,24.018,24.032,41.364,43.58,43.725,112.994,132.29,149.45,23.0,41.36,20.0,565.6,4096.0,220.0,29.8,126.0,1132.3,19.25,77.0,1575.0,18.5,47.0,90,8617.4,15708.2,54.9,1205.5,0.0,4352.0,0.0
2026-09-04T12:11:49.163,253.012,1,2528,11,11.0,24.26,41.506,45.316,47.642,1.59,1.91,1.969,43.536,47.437,49.664,100.142,102.109,102.207,23.948,24.054,24.126,41.217,44.978,47.33,106.592,109.348,109.782,23.0,45.34,20.0,565.6,4096.0,220.0,27.7,126.0,1132.3,19.24,77.0,1575.0,16.7,46.0,90,8702.9,15708.2,55.4,1199.7,0.0,4352.0,0.0
2026-09-04T12:11:50.163,254.012,1,2538,10,10.0,24.82,40.557,41.443,41.789,1.016,1.279,1.311,41.99,42.926,43.096,99.601,101.659,102.283,23.942,24.05,24.097,40.298,41.167,41.484,107.842,111.146,111.213,23.0,40.29,21.0,565.6,4096.0,220.0,27.7,126.0,1132.3,19.22,77.0,1575.0,27.6,46.0,90,8699.7,15708.2,55.4,1199.7,0.0,4352.0,0.0
2026-09-04T12:11:51.164,255.013,1,2548,10,9.99,24.71,40.751,43.234,44.15,0.877,1.196,1.243,42.051,44.96,45.996,100.22,101.562,101.707,23.907,24.013,24.023,40.475,42.894,43.852,113.397,131.936,147.8,24.0,40.43,21.0,565.6,4096.0,220.0,27.7,126.0,1132.3,19.26,77.0,1575.0,16.5,45.0,90,8707.1,15708.2,55.4,1199.7,0.0,4352.0,0.0
2026-09-04T12:11:52.163,256.012,1,2557,9,9.01,24.62,40.88,42.146,42.49,0.791,1.015,1.089,42.095,43.318,43.677,99.954,102.5,102.917,23.922,23.985,23.991,40.615,41.875,42.233,110.032,112.905,113.676,23.0,36.59,20.0,565.6,4096.0,220.0,29.8,126.0,1132.3,19.26,77.0,1575.0,7.8,45.0,90,8710.8,15708.2,55.5,1205.5,0.0,4352.0,0.0
2026-09-04T12:11:53.163,257.012,1,2568,11,11.0,24.7,40.748,43.572,45.624,0.722,0.866,0.909,41.887,44.753,46.674,99.825,102.346,103.425,23.905,23.964,23.99,40.494,43.307,45.384,108.997,111.955,112.172,23.0,44.55,20.0,565.6,4096.0,220.0,27.7,126.0,1132.3,19.26,78.0,1575.0,15.5,45.0,90,8888.7,15708.2,56.6,1199.7,0.0,4352.0,0.0
2026-09-04T12:11:54.163,258.012,1,2578,10,10.0,24.87,40.466,41.608,42.086,0.807,0.938,0.945,41.688,42.875,43.277,100.107,101.415,101.609,23.873,23.913,23.914,40.215,41.348,41.827,111.993,130.816,146.189,23.0,40.21,20.0,565.6,4096.0,220.0,27.7,126.0,1132.3,19.26,77.0,1575.0,12.3,44.0,90,8802.6,15708.2,56.0,1199.7,0.0,4352.0,0.0
2026-09-04T12:11:55.163,259.012,1,2587,9,9.0,24.83,40.524,41.002,41.006,0.716,0.787,0.79,41.642,42.147,42.186,99.85,100.852,100.91,23.875,23.926,23.926,40.268,40.758,40.772,107.272,110.997,111.342,23.0,36.24,20.0,565.6,4096.0,220.0,29.8,126.0,1132.3,19.26,77.0,1575.0,7.9,45.0,90,8805.7,15708.2,56.1,1205.5,0.0,4352.0,0.0
2026-09-04T12:11:56.164,260.013,1,2598,11,10.99,24.61,40.873,44.314,47.605,0.744,0.923,1.004,42.015,45.511,48.692,99.878,102.926,104.618,23.869,23.922,23.927,40.629,44.07,47.381,110.049,114.051,114.67,23.0,44.65,21.0,565.6,4096.0,220.0,27.7,126.0,1132.3,19.26,78.0,1575.0,7.2,45.0,90,8716.6,15708.2,55.5,1199.7,0.0,4352.0,0.0
2026-09-04T12:11:57.163,261.012,1,2608,10,10.01,24.49,41.107,42.028,42.473,1.272,1.837,1.876,42.826,43.727,43.734,99.977,102.051,102.551,23.911,24.006,24.029,40.836,41.761,42.197,113.269,131.634,147.68,23.0,40.88,20.0,565.6,4096.0,220.0,27.7,126.0,1132.3,19.26,77.0,1575.0,11.6,45.0,90,8707.9,15708.2,55.4,1199.7,0.0,4352.0,0.0
2026-09-04T12:11:58.163,262.012,1,2618,10,10.0,24.87,40.484,41.035,41.09,1.527,1.833,1.843,42.421,42.923,42.978,99.817,101.328,101.74,23.896,23.941,23.942,40.202,40.759,40.834,108.833,111.015,111.186,23.0,40.2,20.0,565.6,4096.0,220.0,27.7,126.0,1132.3,19.25,77.0,1575.0,7.5,46.0,90,8698.6,15708.2,55.4,1199.7,0.0,4352.0,0.0
2026-09-04T12:11:59.163,263.012,1,2628,10,10.0,24.17,41.69,44.913,45.373,1.55,2.124,2.538,43.676,47.294,48.316,99.852,102.995,103.939,23.901,24.006,24.032,41.382,44.542,44.959,109.009,111.813,111.94,23.0,41.38,20.0,565.6,4096.0,220.0,27.7,126.0,1132.3,19.26,78.0,1575.0,7.3,47.0,90,8684.1,15708.2,55.3,1199.7,0.0,4352.0,0.0
2026-09-04T12:12:00.163,264.012,1,2638,10,10.0,23.9,42.116,45.404,47.184,1.884,2.057,2.066,44.464,47.787,49.693,100.185,101.058,101.262,23.928,24.03,24.053,41.835,45.12,46.897,109.869,126.061,139.966,23.0,41.84,20.0,565.6,4096.0,220.0,27.7,126.0,1132.3,19.27,77.0,1575.0,10.0,48.0,90,8693.5,15708.2,55.3,1199.7,0.0,4352.0,0.0
2026-09-04T12:12:01.165,265.013,1,2648,10,9.98,23.94,42.067,43.697,43.804,1.785,2.204,2.287,44.314,45.898,46.053,99.544,101.482,101.899,23.913,23.983,24.004,41.773,43.388,43.479,106.701,109.519,109.711,23.0,41.7,21.0,565.6,4096.0,220.0,27.7,126.0,1132.3,19.27,77.0,1575.0,9.0,46.9,90,8693.9,15708.2,55.3,1199.7,0.0,4352.0,0.0
2026-09-04T12:12:02.163,266.012,1,2658,10,10.02,24.33,41.37,41.811,41.908,1.127,1.341,1.377,42.918,43.478,43.497,99.863,101.502,101.595,23.928,23.99,24.008,41.103,41.552,41.661,107.047,109.449,109.606,23.0,41.18,20.0,565.6,4096.0,220.0,27.7,126.0,1132.3,19.28,78.0,1575.0,9.5,46.1,90,8693.5,15708.2,55.3,1199.7,0.0,4352.0,0.0
2026-09-04T12:12:03.163,267.012,1,2668,10,10.0,24.3,41.436,42.294,42.458,0.938,1.229,1.237,42.807,43.737,44.022,100.182,101.426,101.704,23.901,23.954,23.969,41.159,42.0,42.135,112.134,131.296,147.859,23.0,41.16,20.0,565.6,4096.0,220.0,27.7,126.0,1132.3,19.27,78.0,1575.0,12.7,47.0,90,8687.7,15708.2,55.3,1199.7,0.0,4352.0,0.0
2026-09-04T12:12:04.163,268.012,1,2678,10,10.0,24.03,41.92,43.173,43.277,1.812,2.561,2.846,44.18,45.517,45.71,99.358,101.458,101.712,23.975,24.18,24.245,41.618,42.872,42.944,106.735,111.246,111.385,24.0,41.62,21.0,565.6,4096.0,220.0,27.7,126.0,1132.3,19.28,77.0,1575.0,9.5,48.0,90,8717.9,15708.2,55.5,1199.7,0.0,4352.0,0.0
2026-09-04T12:12:05.163,269.012,1,2688,10,10.0,24.49,41.122,42.417,42.795,1.703,1.961,2.047,43.273,44.826,45.319,99.871,102.02,102.461,23.932,24.027,24.042,40.84,42.102,42.467,107.338,111.06,111.525,28.0,40.84,25.0,565.6,4096.0,220.0,27.7,126.0,1132.3,19.32,78.0,1575.0,9.2,46.0,90,8719.7,15708.2,55.5,1199.7,0.0,4352.0,0.0
2026-09-04T12:12:06.164,270.013,1,2698,10,9.99,24.35,41.358,41.935,42.026,1.551,2.172,2.38,43.38,44.017,44.105,100.618,102.435,103.171,23.906,23.972,23.992,41.068,41.674,41.763,111.608,131.284,145.172,23.0,41.03,20.0,565.6,4096.0,220.0,27.7,126.0,1132.3,19.27,78.0,1575.0,9.9,47.0,90,8703.9,15708.2,55.4,1199.7,0.0,4352.0,0.0
2026-09-04T12:12:07.163,271.012,1,2708,10,10.01,24.6,40.924,42.249,42.274,1.636,1.928,2.027,43.004,44.519,44.598,98.996,100.087,100.236,23.904,24.037,24.068,40.652,41.952,41.992,109.801,116.398,121.531,25.0,40.69,22.0,565.6,4096.0,220.0,27.7,126.0,1132.3,19.26,77.0,1575.0,11.4,45.0,90,8697.4,15708.2,55.4,1199.7,0.0,4352.0,0.0
2026-09-04T12:12:08.163,272.012,1,2718,10,10.0,24.89,40.434,41.077,41.246,1.067,1.203,1.235,41.933,42.453,42.462,100.38,102.71,103.583,23.885,23.968,23.969,40.175,40.81,40.964,111.102,113.473,114.104,22.0,40.17,19.0,565.6,4096.0,220.0,27.7,126.0,1132.3,19.26,78.0,1575.0,7.6,46.0,90,8707.6,15708.2,55.4,1199.7,0.0,4352.0,0.0
2026-09-04T12:12:09.163,273.012,1,2728,10,10.0,24.68,40.769,41.438,41.747,0.748,0.862,0.929,41.91,42.575,42.784,99.851,101.101,101.315,23.922,23.974,23.982,40.512,41.198,41.513,113.803,132.078,148.153,21.0,40.51,18.0,565.6,4096.0,220.0,27.7,126.0,1132.3,19.27,78.0,1575.0,6.9,45.0,90,8694.3,15708.2,55.3,1199.7,0.0,4352.0,0.0
2026-09-04T12:12:10.163,274.012,1,2738,10,10.0,24.61,40.895,41.687,41.814,0.714,0.782,0.791,42.006,42.831,42.952,100.433,101.443,101.49,23.883,23.938,23.953,40.637,41.397,41.51,109.985,111.788,111.998,23.0,40.64,20.0,565.6,4096.0,220.0,27.7,126.0,1132.3,19.21,77.0,1575.0,7.5,46.0,90,8694.3,15708.2,55.3,1199.7,0.0,4352.0,0.0
2026-09-04T12:12:11.164,275.013,1,2748,10,9.99,24.41,41.245,41.781,41.89,1.062,1.419,1.454,42.797,43.287,43.3,99.476,101.442,101.461,23.924,24.07,24.168,40.963,41.506,41.629,107.491,109.737,110.015,22.0,40.91,19.0,565.6,4096.0,220.0,27.7,126.0,1132.3,19.27,78.0,1575.0,8.9,44.9,90,8696.2,15708.2,55.4,1199.7,0.0,4352.0,0.0
2026-09-04T12:12:12.163,276.012,1,2758,10,10.01,24.36,41.33,42.917,43.432,1.682,2.399,2.797,43.465,45.69,46.648,100.296,101.559,101.575,23.947,24.075,24.129,41.058,42.635,43.128,111.284,129.95,145.794,24.0,41.11,21.0,565.6,4096.0,220.0,27.7,126.0,1132.3,19.21,78.0,1575.0,9.5,48.1,90,8683.8,15708.2,55.3,1199.7,0.0,4352.0,0.0
2026-09-04T12:12:13.163,277.012,1,2768,10,10.0,23.08,43.648,44.919,45.298,2.088,2.742,3.02,46.196,47.796,47.92,99.552,101.477,101.521,23.944,24.031,24.055,43.334,44.598,44.976,107.043,111.366,113.814,20.0,43.34,16.0,565.6,4096.0,220.0,27.7,126.0,1132.3,19.26,77.0,1575.0,9.7,48.0,90,8696.1,15708.2,55.4,1199.7,0.0,4352.0,0.0
2026-09-04T12:12:14.163,278.012,1,2778,10,10.0,22.71,44.314,47.586,47.713,1.276,1.575,1.636,46.047,49.335,49.611,100.173,101.224,101.255,23.929,24.041,24.072,44.036,47.278,47.449,107.081,109.241,109.833,24.0,44.04,21.0,565.6,4096.0,220.0,27.7,126.0,1132.3,19.26,78.0,1575.0,13.4,50.0,90,8671.4,15708.2,55.2,1199.7,0.0,4352.0,0.0
2026-09-04T12:12:15.163,279.012,1,2788,10,10.0,23.42,42.963,46.246,47.812,0.949,1.261,1.276,44.361,47.696,49.038,99.791,101.346,101.609,23.936,24.047,24.053,42.698,45.957,47.54,113.138,130.362,143.849,23.0,42.7,20.0,565.6,4096.0,220.0,27.7,126.0,1132.3,19.28,78.0,1575.0,8.5,48.0,90,8663.8,15708.2,55.2,1199.7,0.0,4352.0,0.0
2026-09-04T12:12:16.164,280.013,1,2798,10,9.99,23.48,42.853,44.063,44.226,0.854,0.998,1.04,44.154,45.443,45.627,99.344,101.426,101.524,23.895,23.978,23.996,42.586,43.799,43.948,108.308,116.368,120.965,26.0,42.54,23.0,565.6,4096.0,220.0,27.7,126.0,1132.3,19.34,78.0,1575.0,9.4,47.9,90,8669.2,15708.2,55.2,1199.7,0.0,4352.0,0.0
2026-09-04T12:12:17.163,281.012,1,2808,10,10.01,23.46,42.908,43.884,44.149,0.852,1.043,1.071,44.259,45.314,45.566,100.459,101.429,101.511,23.893,23.942,23.964,42.618,43.543,43.811,108.259,111.049,111.9,24.0,42.67,21.0,565.6,4096.0,220.0,27.7,126.0,1132.3,19.27,77.0,1575.0,9.9,47.1,90,8659.2,15708.2,55.1,1199.7,0.0,4352.0,0.0
2026-09-04T12:12:18.163,282.012,1,2818,10,10.0,22.77,44.198,48.133,50.949,0.872,1.145,1.175,45.524,49.744,52.721,99.467,101.489,101.521,23.986,24.106,24.137,43.909,47.816,50.596,110.725,130.384,145.783,20.0,43.91,17.0,565.6,4096.0,220.0,27.7,126.0,1132.3,19.27,78.0,1575.0,15.1,49.0,90,8598.3,15708.2,54.7,1199.7,0.0,4352.0,0.0
2026-09-04T12:12:19.163,283.012,1,2828,10,10.0,23.41,42.992,44.345,44.402,0.85,1.041,1.067,44.263,45.626,45.644,99.594,101.151,101.588,23.896,23.938,23.946,42.714,44.053,44.098,109.551,111.235,111.301,24.0,42.72,21.0,565.6,4096.0,220.0,27.7,126.0,1132.3,19.37,78.0,1575.0,9.8,48.0,90,8573.0,15708.2,54.6,1199.7,0.0,4352.0,0.0
2026-09-04T12:12:20.163,284.012,1,2838,10,10.0,23.69,42.477,43.49,43.728,0.707,0.823,0.84,43.631,44.73,44.925,101.124,103.141,103.692,23.901,23.992,24.026,42.209,43.194,43.429,111.678,114.657,115.087,23.0,42.21,20.0,565.6,4096.0,220.0,27.7,126.0,1132.3,19.17,77.0,1575.0,7.1,47.0,90,8581.8,15708.2,54.6,1199.7,0.0,4352.0,0.0
2026-09-04T12:12:21.164,285.013,1,2848,10,9.99,23.93,42.054,42.607,42.74,0.725,0.886,0.934,43.198,43.872,43.984,99.395,100.748,100.787,23.887,23.938,23.945,41.793,42.34,42.497,112.883,129.603,144.414,20.0,41.74,17.0,565.6,4096.0,220.0,27.7,126.0,1132.3,19.28,78.0,1575.0,7.6,45.9,90,8579.2,15708.2,54.6,1199.7,0.0,4352.0,0.0
2026-09-04T12:12:22.163,286.012,1,2858,10,10.01,23.4,42.997,43.465,43.513,0.77,0.806,0.815,44.192,44.665,44.707,99.852,101.335,101.357,23.886,23.933,23.94,42.736,43.194,43.243,110.637,112.141,112.343,22.0,42.79,19.0,565.6,4096.0,220.0,27.7,126.0,1132.3,19.23,78.0,1575.0,7.1,48.1,90,8460.6,15708.2,53.9,1199.7,0.0,4352.0,0.0
2026-09-04T12:12:23.163,287.012,1,2868,10,10.0,23.69,42.47,43.175,43.252,0.7,0.797,0.81,43.612,44.329,44.362,100.028,100.993,101.321,23.912,23.966,23.983,42.213,42.923,43.007,110.66,111.96,112.212,23.0,42.21,20.0,565.6,4096.0,220.0,27.7,126.0,1132.3,19.27,77.0,1575.0,7.5,48.0,90,8455.0,15708.2,53.8,1199.7,0.0,4352.0,0.0
2026-09-04T12:12:24.163,288.012,1,2878,10,10.0,23.27,43.254,44.92,45.698,0.754,0.945,1.033,44.438,46.225,47.18,99.4,100.716,100.855,24.003,24.498,24.893,42.976,44.597,45.336,115.617,140.997,146.363,27.0,42.98,23.0,565.6,4096.0,220.0,27.7,126.0,1132.3,19.42,78.0,1575.0,11.8,47.0,90,8430.8,15708.2,53.7,1199.7,0.0,4352.0,0.0
2026-09-04T12:12:25.163,289.012,1,2888,10,10.0,23.92,42.05,42.444,42.517,0.691,0.743,0.743,43.15,43.596,43.656,99.827,100.902,100.974,23.873,23.916,23.926,41.799,42.178,42.256,109.839,111.611,111.954,24.0,41.8,21.0,565.6,4096.0,220.0,27.7,126.0,1132.3,19.35,78.0,1575.0,7.8,47.0,90,8430.7,15708.2,53.7,1199.7,0.0,4352.0,0.0
2026-09-04T12:12:26.164,290.013,1,2898,10,9.99,23.84,42.204,42.71,42.766,0.713,0.765,0.77,43.336,43.882,43.922,100.096,100.978,101.048,23.896,23.93,23.938,41.941,42.437,42.489,115.083,131.731,131.738,22.0,41.89,19.0,565.6,4096.0,220.0,27.7,126.0,1132.3,19.24,78.0,1575.0,6.7,46.9,90,8431.1,15708.2,53.7,1199.7,0.0,4352.0,0.0
2026-09-04T12:12:27.163,291.012,1,2908,10,10.01,23.83,42.217,42.888,42.895,0.737,0.924,0.993,43.378,44.235,44.336,100.277,100.837,100.991,23.89,23.936,23.936,41.962,42.609,42.625,115.237,136.331,147.953,24.0,42.01,21.0,565.6,4096.0,220.0,27.7,126.0,1132.3,19.2,78.0,1575.0,7.1,47.0,90,8436.6,15708.2,53.7,1199.7,0.0,4352.0,0.0
2026-09-04T12:12:28.163,292.012,1,2918,10,10.0,23.73,42.424,43.2,43.3,0.834,1.1,1.27,43.695,44.766,45.05,99.494,101.282,101.403,23.887,23.984,24.004,42.144,42.857,42.945,109.858,112.772,113.265,20.0,42.14,17.0,565.6,4096.0,220.0,27.7,126.0,1132.3,19.38,78.0,1575.0,6.7,47.0,90,8433.8,15708.2,53.7,1199.7,0.0,4352.0,0.0
2026-09-04T12:12:29.163,293.012,1,2928,10,10.0,23.8,42.287,43.175,43.775,0.797,0.904,0.964,43.513,44.394,45.044,100.275,101.054,101.121,23.899,23.969,24.003,42.015,42.899,43.504,109.756,111.368,111.536,24.0,42.02,21.0,565.6,4096.0,220.0,27.7,126.0,1132.3,19.16,78.0,1575.0,7.3,47.0,90,8436.8,15708.2,53.7,1199.7,0.0,4352.0,0.0
2026-09-04T12:12:30.163,294.012,1,2938,10,10.0,23.79,42.304,42.926,42.993,0.711,0.788,0.809,43.447,44.101,44.221,99.399,100.943,101.076,23.893,23.954,23.972,42.039,42.622,42.698,109.521,117.597,122.763,21.0,42.04,19.0,565.6,4096.0,220.0,27.7,126.0,1132.3,19.42,78.0,1575.0,6.8,46.0,90,8436.2,15708.2,53.7,1199.7,0.0,4352.0,0.0
2026-09-04T12:12:31.164,295.013,1,2948,10,9.99,23.88,42.134,42.883,42.893,0.685,0.756,0.776,43.213,43.981,43.981,99.882,100.794,100.914,23.898,23.956,23.977,41.881,42.618,42.642,106.784,107.73,107.86,23.0,41.84,20.0,565.6,4096.0,220.0,27.7,126.0,1132.3,19.31,78.0,1575.0,7.3,48.0,90,8437.6,15708.2,53.7,1199.7,0.0,4352.0,0.0
2026-09-04T12:12:32.163,296.012,1,2958,10,10.01,23.52,42.789,43.311,43.395,0.702,0.768,0.797,43.938,44.458,44.57,100.27,101.142,101.165,23.897,23.95,23.964,42.508,43.023,43.127,108.317,111.653,114.397,30.0,42.55,26.0,565.6,4096.0,220.0,27.7,126.0,1132.3,19.21,78.0,1575.0,6.7,47.1,90,8433.8,15708.2,53.7,1199.7,0.0,4352.0,0.0
2026-09-04T12:12:33.163,297.012,1,2968,10,10.0,23.77,42.317,42.936,42.942,0.709,0.821,0.853,43.456,44.055,44.072,99.43,100.851,100.932,23.876,23.955,23.985,42.063,42.673,42.688,109.134,118.456,124.171,26.0,42.06,23.0,565.6,4096.0,220.0,27.7,126.0,1132.3,19.54,78.0,1575.0,7.2,47.0,90,8434.3,15708.2,53.7,1199.7,0.0,4352.0,0.0
2026-09-04T12:12:34.163,298.012,1,2978,10,10.0,23.33,43.143,44.227,44.422,0.721,0.788,0.802,44.292,45.38,45.567,99.854,101.247,101.48,23.894,23.944,23.951,42.861,43.923,44.108,106.362,109.597,111.397,23.0,42.87,20.0,565.6,4096.0,220.0,27.7,126.0,1132.3,19.38,78.0,1575.0,6.7,48.0,90,8431.3,15708.2,53.7,1199.7,0.0,4352.0,0.0
2026-09-04T12:12:35.163,299.012,1,2988,10,10.0,23.49,42.856,43.735,43.965,0.72,0.887,1.011,44.019,44.85,45.103,100.529,101.272,101.346,23.913,23.978,23.996,42.577,43.447,43.711,107.448,108.874,109.209,25.0,42.58,21.0,565.6,4096.0,220.0,27.7,126.0,1132.3,19.15,78.0,1575.0,7.9,47.0,90,8434.7,15708.2,53.7,1199.7,0.0,4352.0,0.0
2026-09-04T12:12:36.164,300.013,1,2998,10,9.99,23.23,43.349,44.275,44.478,1.759,2.289,2.337,45.56,46.492,46.729,99.251,101.109,101.209,23.919,23.992,24.026,43.049,43.977,44.189,107.944,120.975,132.252,23.0,43.01,20.0,565.6,4096.0,220.0,27.7,126.0,1132.3,19.44,78.0,1575.0,7.0,49.0,90,8432.4,15708.2,53.7,1199.7,0.0,4352.0,0.0
2026-09-04T12:12:37.163,301.012,1,3008,10,10.01,23.77,42.349,43.545,43.931,1.395,1.607,1.608,44.14,45.159,45.487,100.296,101.295,101.31,23.88,23.949,23.96,42.077,43.268,43.666,106.682,107.817,107.894,23.0,42.11,20.0,565.6,4096.0,220.0,27.7,126.0,1132.3,19.2,78.0,1575.0,7.2,48.0,90,8439.9,15708.2,53.7,1199.7,0.0,4352.0,0.0
2026-09-04T12:12:38.163,302.012,1,3018,10,10.0,23.31,43.19,44.411,44.578,1.235,1.658,1.707,44.817,46.05,46.243,99.69,101.484,101.748,23.897,23.969,23.977,42.904,44.145,44.297,106.226,109.251,109.294,24.0,42.91,21.0,565.6,4096.0,220.0,27.7,126.0,1132.3,19.3,78.0,1575.0,7.0,48.0,90,8440.4,15708.2,53.7,1199.7,0.0,4352.0,0.0
2026-09-04T12:12:39.163,303.012,1,3028,10,10.0,23.67,42.521,43.665,44.197,0.744,0.855,0.891,43.639,44.904,45.432,100.056,101.089,101.178,23.903,23.973,23.994,42.243,43.391,43.931,108.69,121.755,133.307,23.0,42.24,20.0,565.6,4096.0,220.0,27.7,126.0,1132.3,19.29,78.0,1575.0,7.0,47.0,90,8434.3,15708.2,53.7,1199.7,0.0,4352.0,0.0
2026-09-04T12:12:40.163,304.012,1,3038,10,10.0,23.62,42.629,44.094,44.388,1.334,1.8,1.803,44.369,45.382,45.442,100.072,101.088,101.137,23.922,23.977,23.988,42.337,43.79,44.103,106.846,108.894,109.917,23.0,42.34,20.0,565.6,4096.0,220.0,27.7,126.0,1132.3,19.23,78.0,1575.0,6.9,47.0,90,8423.2,15708.2,53.6,1199.7,0.0,4352.0,0.0
2026-09-04T12:12:41.164,305.013,1,3048,10,9.98,23.56,42.723,44.225,44.748,1.882,2.488,2.543,44.999,46.581,46.909,99.47,100.644,100.72,23.901,23.967,23.98,42.447,43.939,44.46,106.018,109.897,111.709,23.0,42.38,20.0,565.6,4096.0,220.0,27.7,126.0,1132.3,19.32,78.0,1575.0,7.6,48.9,90,8423.6,15708.2,53.6,1199.7,0.0,4352.0,0.0
2026-09-04T12:12:42.163,306.012,1,3058,10,10.02,23.22,43.351,46.493,49.13,1.733,2.206,2.532,45.475,48.728,51.271,100.004,101.284,101.378,23.935,24.012,24.04,43.07,46.203,48.847,109.961,126.016,140.683,23.0,43.14,20.0,565.6,4096.0,220.0,27.7,126.0,1132.3,19.29,78.0,1575.0,6.9,48.1,90,8419.4,15708.2,53.6,1199.7,0.0,4352.0,0.0
2026-09-04T12:12:43.163,307.012,1,3068,10,10.0,23.44,42.947,44.769,46.161,1.54,1.735,1.804,44.879,46.892,48.297,99.992,101.224,101.428,23.923,24.016,24.044,42.668,44.507,45.911,105.47,107.145,107.229,23.0,42.67,20.0,565.6,4096.0,220.0,27.7,126.0,1132.3,19.31,78.0,1575.0,7.3,48.0,90,8432.0,15708.2,53.7,1199.7,0.0,4352.0,0.0
2026-09-04T12:12:44.163,308.012,1,3078,10,10.0,23.51,42.818,45.186,46.297,1.235,1.543,1.768,44.479,46.786,48.013,99.931,101.467,101.748,23.883,23.935,23.95,42.527,44.887,45.988,105.825,107.142,107.225,23.0,42.53,20.0,565.6,4096.0,220.0,27.7,126.0,1132.3,19.29,78.0,1575.0,7.2,49.0,90,8434.8,15708.2,53.7,1199.7,0.0,4352.0,0.0
2026-09-04T12:12:45.164,309.012,1,3088,10,10.0,23.48,42.877,45.868,47.802,1.265,1.47,1.485,44.532,47.463,49.341,100.196,101.087,101.147,23.894,23.984,23.994,42.583,45.591,47.541,109.041,124.998,139.616,23.0,42.59,20.0,565.6,4096.0,220.0,27.7,126.0,1132.3,19.26,78.0,1575.0,7.6,47.0,90,8432.7,15708.2,53.7,1199.7,0.0,4352.0,0.0
2026-09-04T12:12:46.164,310.013,1,3098,10,9.99,23.47,42.92,44.501,45.037,1.578,1.707,1.728,44.902,46.393,46.782,99.503,100.968,101.045,23.909,23.969,23.976,42.616,44.082,44.529,106.858,111.91,115.316,23.0,42.56,20.0,565.6,4096.0,220.0,27.7,126.0,1132.3,19.32,78.0,1575.0,6.9,49.0,90,8414.7,15708.2,53.6,1200.8,0.0,4352.0,0.0
2026-09-04T12:12:47.163,311.012,1,3108,10,10.01,23.07,43.641,47.712,47.844,1.671,1.782,1.786,45.664,49.638,49.79,99.666,101.665,101.724,23.876,23.934,23.956,43.354,47.421,47.538,106.64,110.422,110.556,23.0,43.41,20.0,565.6,4096.0,220.0,27.7,126.0,1132.3,19.28,78.0,1575.0,7.1,49.1,90,8424.6,15708.2,53.6,1199.7,0.0,4352.0,0.0
2026-09-04T12:12:48.163,312.012,1,3118,10,10.0,20.74,48.49,53.443,56.45,1.667,1.824,1.897,50.571,55.783,58.903,100.395,102.351,102.812,23.932,24.043,24.084,48.22,53.121,56.102,110.092,126.372,139.889,23.0,48.22,20.0,565.6,4096.0,220.0,27.7,126.0,1132.3,19.27,78.0,1575.0,13.9,52.0,90,8569.5,15708.2,54.6,1199.7,0.0,4352.0,0.0
2026-09-04T12:12:49.163,313.012,1,3128,10,10.0,21.14,47.576,50.942,50.986,1.597,1.783,1.812,49.513,52.962,53.042,99.807,100.741,100.786,23.879,23.933,23.94,47.304,50.686,50.736,105.782,107.202,107.533,23.0,47.3,20.0,565.6,4096.0,220.0,27.7,126.0,1132.3,19.31,78.0,1575.0,15.4,53.0,90,8648.7,15708.2,55.1,1202.4,0.0,4352.0,0.0
2026-09-04T12:12:50.163,314.012,1,3138,10,10.0,21.32,47.189,48.907,49.49,1.684,1.938,2.03,49.235,51.229,51.98,99.673,101.275,101.305,23.886,23.926,23.929,46.9,48.574,49.169,109.247,115.178,118.222,17.0,46.9,16.0,565.6,4096.0,220.0,27.7,126.0,1132.3,19.11,78.0,1575.0,17.4,53.0,90,8697.6,15708.2,55.4,1199.7,0.0,4352.0,0.0
2026-09-04T12:12:51.164,315.013,1,3148,10,9.99,21.49,46.817,49.01,50.276,1.246,1.61,1.773,48.414,50.63,51.748,100.159,101.879,102.358,23.893,23.953,23.955,46.534,48.715,49.964,113.069,134.704,145.278,26.0,46.48,22.0,565.6,4096.0,220.0,27.7,126.0,1132.3,19.31,78.0,1575.0,16.2,51.9,90,8730.8,15708.2,55.6,1202.7,0.0,4352.0,0.0
2026-09-04T12:12:52.163,316.012,1,3158,10,10.01,23.48,42.853,47.447,50.517,1.028,1.103,1.105,44.221,48.845,51.906,99.585,101.28,101.588,23.885,23.984,24.028,42.585,47.154,50.215,111.684,114.791,114.792,23.0,42.63,20.0,565.6,4096.0,220.0,27.7,126.0,1132.3,19.43,78.0,1575.0,7.8,47.0,90,8730.8,15708.2,55.6,1200.7,0.0,4352.0,0.0
2026-09-04T12:12:53.163,317.012,1,3168,10,10.0,24.49,41.083,43.34,43.888,1.024,1.412,1.502,42.425,44.588,44.877,100.243,102.317,103.428,23.9,23.971,23.977,40.833,43.089,43.671,110.937,117.162,120.697,23.0,40.83,20.0,565.6,4096.0,220.0,27.7,126.0,1132.3,19.32,78.0,1575.0,14.4,46.0,90,8875.7,15708.2,56.5,1201.1,0.0,4352.0,0.0
2026-09-04T12:12:54.163,318.012,1,3178,10,10.0,23.66,42.549,44.854,45.962,1.788,2.281,2.601,44.723,47.412,48.886,99.547,101.205,101.508,23.884,23.987,23.997,42.261,44.519,45.607,116.498,135.583,148.885,23.0,42.26,20.0,565.6,4096.0,220.0,27.7,126.0,1132.3,19.32,78.0,1575.0,11.5,47.0,90,8742.4,15708.2,55.7,1201.1,0.0,4352.0,0.0
2026-09-04T12:12:55.163,319.012,1,3188,10,10.0,23.86,42.196,43.98,45.205,1.584,1.716,1.758,44.189,46.14,47.35,99.856,101.22,101.416,23.906,23.952,23.969,41.914,43.686,44.912,111.849,115.151,115.576,23.0,41.91,20.0,565.6,4096.0,220.0,27.7,126.0,1132.3,19.34,78.0,1575.0,8.6,47.0,90,8747.3,15708.2,55.7,1201.0,0.0,4352.0,0.0
2026-09-04T12:12:56.164,320.013,1,3198,10,9.99,23.82,42.239,43.591,44.508,1.558,1.64,1.64,44.152,45.542,46.413,100.477,101.484,101.675,23.887,23.942,23.947,41.974,43.307,44.198,111.458,113.706,114.012,23.0,41.93,20.0,565.6,4096.0,220.0,27.7,126.0,1132.3,19.34,78.0,1575.0,7.2,47.9,90,8743.6,15708.2,55.7,1200.8,0.0,4352.0,0.0
2026-09-04T12:12:57.163,321.012,1,3208,10,10.01,23.68,42.497,43.879,44.813,1.602,1.795,1.867,44.526,45.994,46.85,99.44,100.897,101.149,23.887,23.928,23.931,42.226,43.623,44.555,116.987,134.818,150.727,23.0,42.27,20.0,565.6,4096.0,220.0,67.9,126.0,1132.3,19.34,78.0,1575.0,7.3,48.0,90,8736.9,15708.2,55.6,1202.3,0.0,4352.0,0.0
2026-09-04T12:12:58.163,322.012,1,3218,10,10.0,23.86,42.188,43.307,43.944,1.662,1.86,1.99,44.283,45.39,45.981,100.286,100.956,100.995,24.023,24.72,25.351,41.907,43.049,43.692,113.459,115.44,115.792,23.0,41.9,20.0,565.6,4096.0,220.0,27.7,126.0,1132.3,19.34,78.0,1575.0,7.4,45.0,90,8722.9,15708.2,55.5,1200.4,0.0,4352.0,0.0
2026-09-04T12:12:59.163,323.012,1,3228,10,10.0,23.77,42.351,43.498,43.889,1.641,1.745,1.75,44.413,45.653,46.104,99.978,102.529,103.789,23.87,23.923,23.933,42.068,43.227,43.622,112.203,114.295,114.408,23.0,42.07,21.0,565.6,4096.0,220.0,27.7,126.0,1132.3,19.34,78.0,1575.0,6.9,49.0,90,8719.2,15708.2,55.5,1201.1,0.0,4352.0,0.0
2026-09-04T12:13:00.163,324.012,1,3238,10,10.0,23.96,42.027,43.276,43.856,1.631,1.914,1.981,44.12,45.403,45.954,99.263,100.87,101.08,23.886,23.928,23.943,41.741,42.969,43.545,114.672,134.391,146.111,23.0,41.74,20.0,565.6,4096.0,220.0,29.8,126.0,1132.3,19.36,78.0,1575.0,7.5,48.0,90,8704.9,15708.2,55.4,1202.3,0.0,4352.0,0.0
2026-09-04T12:13:01.164,325.013,1,3248,10,9.99,24.11,41.766,42.505,42.618,1.641,1.746,1.762,43.835,44.592,44.776,100.236,101.852,102.71,23.87,23.919,23.936,41.472,42.223,42.339,109.989,116.025,116.336,23.0,41.43,20.0,565.6,4096.0,220.0,27.7,126.0,1132.3,19.35,78.0,1575.0,8.6,46.0,90,8711.4,15708.2,55.5,1201.4,0.0,4352.0,0.0
2026-09-04T12:13:02.163,326.012,1,3258,10,10.01,23.52,42.795,44.8,45.723,1.767,2.034,2.082,44.996,47.004,47.981,100.043,101.326,101.857,23.886,23.978,23.998,42.521,44.507,45.449,113.313,115.685,115.765,23.0,42.57,20.0,565.6,4096.0,220.0,27.7,126.0,1132.3,19.36,78.0,1575.0,7.3,47.1,90,8708.1,15708.2,55.4,1201.4,0.0,4352.0,0.0
2026-09-04T12:13:03.163,327.012,1,3268,10,10.0,23.53,42.771,44.266,45.278,1.592,1.733,1.753,44.797,46.267,47.321,100.101,101.304,101.373,23.911,23.953,23.966,42.494,44.015,45.043,117.543,137.298,154.594,23.0,42.49,20.0,565.6,4096.0,220.0,27.7,126.0,1132.3,19.35,78.0,1575.0,7.0,47.0,90,8705.3,15708.2,55.4,1201.4,0.0,4352.0,0.0
2026-09-04T12:13:04.163,328.012,1,3278,10,10.0,23.57,42.716,44.105,45.014,1.615,1.699,1.713,44.771,46.117,47.044,99.414,100.883,100.896,23.899,23.962,23.964,42.434,43.832,44.748,108.68,114.449,114.842,23.0,42.43,20.0,565.6,4096.0,220.0,29.8,126.0,1132.3,19.35,78.0,1575.0,7.3,50.0,90,8705.2,15708.2,55.4,1202.3,0.0,4352.0,0.0
2026-09-04T12:13:05.163,329.012,1,3288,10,10.0,23.92,42.091,42.962,43.282,1.34,1.625,1.626,43.874,44.804,44.898,100.359,101.579,101.734,23.924,23.997,24.002,41.812,42.682,42.991,108.738,110.744,110.925,23.0,41.81,20.0,565.6,4096.0,220.0,39.1,126.0,1132.3,19.35,78.0,1575.0,7.7,46.0,90,8696.7,15708.2,55.4,1202.3,0.0,4352.0,0.0
2026-09-04T12:13:06.164,330.013,1,3298,10,9.98,24.01,41.899,42.79,42.967,0.883,1.205,1.219,43.215,44.229,44.249,99.392,101.277,101.49,23.889,23.938,23.944,41.643,42.516,42.674,114.185,135.713,144.346,23.0,41.58,20.0,565.6,4096.0,220.0,29.8,126.0,1132.3,19.36,78.0,1575.0,7.5,46.9,90,8690.4,15708.2,55.3,1202.3,0.0,4352.0,0.0
2026-09-04T12:13:07.163,331.012,1,3308,10,10.02,23.64,42.567,43.229,43.306,0.711,0.762,0.771,43.747,44.427,44.522,100.137,101.56,102.109,23.908,24.001,24.023,42.297,42.96,43.03,110.699,112.846,113.795,23.0,42.37,20.0,565.6,4096.0,220.0,59.7,126.0,1132.3,19.35,78.0,1575.0,7.0,46.1,90,8690.1,15708.2,55.3,1202.3,0.0,4352.0,0.0
2026-09-04T12:13:08.163,332.012,1,3318,10,10.0,23.87,42.17,42.815,43.034,0.933,1.305,1.31,43.56,44.309,44.733,100.033,102.426,103.37,23.9,23.959,23.97,41.898,42.527,42.712,109.618,112.217,112.389,23.0,41.9,20.0,565.6,4096.0,220.0,29.8,126.0,1132.3,19.36,78.0,1575.0,7.2,47.0,90,8679.4,15708.2,55.3,1202.3,0.0,4352.0,0.0
2026-09-04T12:13:09.163,333.012,1,3328,10,10.0,23.63,42.596,43.046,43.064,1.245,1.594,1.654,44.298,45.032,45.151,99.76,101.522,101.571,23.887,23.938,23.947,42.325,42.783,42.814,113.977,131.798,145.739,23.0,42.33,20.0,565.6,4096.0,220.0,29.8,126.0,1132.3,19.36,78.0,1575.0,6.7,48.0,90,8673.9,15708.2,55.2,1202.3,0.0,4352.0,0.0
2026-09-04T12:13:10.163,334.012,1,3338,10,10.0,23.51,42.822,44.004,44.627,0.913,1.231,1.275,44.407,46.492,47.917,99.943,101.149,101.332,23.902,23.929,23.934,42.535,43.7,44.341,112.078,116.199,118.114,23.0,42.53,20.0,565.6,4096.0,220.0,49.8,126.0,1132.3,19.36,78.0,1575.0,7.9,46.0,90,8655.2,15708.2,55.1,1192.6,0.0,4352.0,0.0
2026-09-04T12:13:11.164,335.013,1,3348,10,9.99,23.72,42.422,43.372,43.663,0.756,0.877,0.908,43.658,44.798,45.126,100.062,101.529,101.776,23.903,23.951,23.953,42.157,43.035,43.334,110.635,113.367,113.444,23.0,42.11,20.0,565.6,4096.0,220.0,29.8,126.0,1132.3,19.37,78.0,1575.0,6.7,48.0,90,8649.8,15708.2,55.1,1192.6,0.0,4352.0,0.0
2026-09-04T12:13:12.163,336.012,1,3358,10,10.01,23.7,42.471,43.037,43.064,0.7,0.747,0.748,43.617,44.22,44.243,99.74,101.186,101.466,23.984,24.438,24.848,42.197,42.759,42.788,113.838,133.002,149.875,23.0,42.24,20.0,565.6,4096.0,220.0,29.8,126.0,1132.3,19.37,78.0,1575.0,7.2,47.0,90,8659.8,15708.2,55.1,1192.6,0.0,4352.0,0.0
2026-09-04T12:13:13.163,337.012,1,3368,10,10.0,23.62,42.616,43.159,43.324,0.702,0.747,0.76,43.747,44.293,44.478,99.721,101.61,101.834,23.877,23.943,23.958,42.335,42.895,43.064,109.956,113.026,114.201,23.0,42.34,20.0,565.6,4096.0,220.0,29.8,126.0,1132.3,19.36,78.0,1575.0,6.7,47.0,90,8653.9,15708.2,55.1,1192.6,0.0,4352.0,0.0
2026-09-04T12:13:14.163,338.012,1,3378,10,10.0,23.63,42.59,43.069,43.074,0.939,1.249,1.259,43.971,44.474,44.481,100.044,101.809,102.013,23.889,23.927,23.93,42.323,42.828,42.833,110.369,112.363,112.602,23.0,42.32,20.0,565.6,4096.0,220.0,29.8,126.0,1132.3,19.35,78.0,1575.0,7.3,47.0,90,8663.1,15708.2,55.2,1192.6,0.0,4352.0,0.0
2026-09-04T12:13:15.163,339.012,1,3388,10,10.0,23.73,42.42,43.57,43.747,1.488,1.8,1.871,44.335,45.646,46.086,99.853,101.449,101.638,23.877,23.924,23.93,42.145,43.278,43.445,113.749,131.624,146.232,23.0,42.14,20.0,565.6,4096.0,220.0,29.8,126.0,1132.3,19.35,78.0,1575.0,7.1,47.0,90,8658.7,15708.2,55.1,1192.6,0.0,4352.0,0.0
2026-09-04T12:13:16.164,340.013,1,3398,10,9.99,23.93,42.058,42.794,42.984,1.418,2.0,2.291,43.907,45.055,45.698,99.988,100.858,100.862,23.878,23.936,23.952,41.795,42.532,42.711,109.711,111.371,111.825,23.0,41.75,20.0,565.6,4096.0,220.0,29.8,126.0,1132.3,19.36,78.0,1575.0,7.5,47.9,90,8655.7,15708.2,55.1,1192.6,0.0,4352.0,0.0
2026-09-04T12:13:17.163,341.012,1,3408,10,10.01,23.11,43.574,44.951,45.389,1.023,1.315,1.339,45.054,46.301,46.945,100.008,101.379,101.905,23.945,24.062,24.093,43.276,44.623,45.044,111.275,116.928,120.414,23.0,43.33,20.0,565.6,4096.0,220.0,29.8,126.0,1132.3,19.36,78.0,1575.0,6.8,47.1,90,8643.8,15708.2,55.0,1192.6,0.0,4352.0,0.0
2026-09-04T12:13:18.163,342.012,1,3418,10,10.0,23.38,43.058,44.145,44.561,0.931,1.208,1.289,44.407,45.642,45.875,99.658,101.474,101.945,23.934,24.032,24.05,42.771,43.859,44.281,115.0,136.604,146.813,23.0,42.77,20.0,565.6,4096.0,220.0,29.8,126.0,1132.3,19.38,78.0,1575.0,9.2,49.0,90,8573.4,15708.2,54.6,1192.6,0.0,4352.0,0.0
2026-09-04T12:13:19.163,343.012,1,3428,10,10.0,23.56,42.72,43.687,43.774,0.927,1.361,1.374,44.105,45.015,45.095,99.846,101.209,101.53,24.066,24.888,25.665,42.45,43.414,43.527,110.557,112.85,113.449,23.0,42.44,20.0,565.6,4096.0,220.0,29.8,126.0,1132.3,19.37,78.0,1575.0,7.9,47.0,90,8569.0,15708.2,54.6,1192.6,0.0,4352.0,0.0
2026-09-04T12:13:20.163,344.012,1,3438,10,10.0,23.54,42.762,43.592,43.848,0.824,0.888,0.907,44.033,44.918,45.159,100.328,101.383,101.463,24.062,24.682,25.223,42.487,43.312,43.566,110.194,111.864,112.019,23.0,42.49,20.0,565.6,4096.0,220.0,29.8,126.0,1132.3,19.37,78.0,1575.0,7.7,47.0,90,8569.0,15708.2,54.6,1192.6,0.0,4352.0,0.0
2026-09-04T12:13:21.164,345.013,1,3448,10,9.99,23.58,42.672,44.151,44.773,1.001,1.327,1.34,44.112,45.792,46.535,99.731,101.236,101.475,23.913,23.997,24.01,42.403,43.845,44.449,113.826,131.867,148.671,23.0,42.35,21.0,565.6,4096.0,220.0,29.8,126.0,1132.3,19.37,78.0,1575.0,6.9,47.9,90,8566.4,15708.2,54.5,1192.6,0.0,4352.0,0.0
2026-09-04T12:13:22.163,346.012,1,3458,10,10.01,23.21,43.362,45.738,46.55,0.826,0.946,0.973,44.646,47.098,47.809,99.656,100.637,100.691,23.919,23.984,23.996,43.085,45.483,46.311,109.464,111.134,111.192,23.0,43.14,20.0,565.6,4096.0,220.0,29.8,126.0,1132.3,19.36,78.0,1575.0,9.7,48.1,90,8562.0,15708.2,54.5,1192.6,0.0,4352.0,0.0
2026-09-04T12:13:23.163,347.012,1,3468,10,10.0,23.44,42.932,44.878,45.241,1.017,1.418,1.531,44.397,46.175,46.389,100.105,101.164,101.43,23.942,24.113,24.226,42.662,44.621,44.99,113.342,122.828,124.147,23.0,42.66,20.0,565.6,4096.0,220.0,29.8,126.0,1132.3,19.36,78.0,1575.0,8.1,47.0,90,8562.2,15708.2,54.5,1192.7,0.0,4352.0,0.0
2026-09-04T12:13:24.163,348.012,1,3478,10,10.0,23.56,42.74,43.496,43.868,1.194,1.462,1.465,44.403,45.245,45.746,99.817,101.014,101.29,23.911,23.952,23.968,42.447,43.217,43.606,114.238,131.772,148.033,23.0,42.45,20.0,565.6,4096.0,220.0,29.8,126.0,1132.3,19.38,78.0,1575.0,7.0,48.0,90,8554.0,15708.2,54.5,1193.6,0.0,4352.0,0.0
2026-09-04T12:13:25.163,349.012,1,3488,10,10.0,23.14,43.521,44.893,45.044,1.038,1.129,1.151,45.038,46.388,46.551,99.936,100.908,100.908,23.93,24.004,24.044,43.219,44.568,44.748,109.92,112.201,112.4,23.0,43.22,20.0,565.6,4096.0,220.0,29.8,126.0,1132.3,19.37,78.0,1575.0,7.9,47.0,90,8428.9,15708.2,53.7,1192.6,0.0,4352.0,0.0
2026-09-04T12:13:26.164,350.013,1,3498,10,9.99,23.2,43.389,46.293,48.45,0.922,1.267,1.269,44.775,47.665,49.51,100.088,101.399,101.669,23.917,24.003,24.027,43.108,46.01,48.163,111.755,120.169,126.662,23.0,43.06,20.0,565.6,4096.0,220.0,29.8,126.0,1132.3,19.37,78.0,1575.0,7.0,48.9,90,8428.7,15708.2,53.7,1194.9,0.0,4352.0,0.0
2026-09-04T12:13:27.163,351.012,1,3508,10,10.01,23.47,42.89,44.519,45.553,0.854,0.993,1.016,44.174,45.78,46.818,100.003,101.068,101.378,23.903,23.95,23.96,42.604,44.21,45.209,115.092,134.646,151.191,23.0,42.65,20.0,565.6,4096.0,220.0,29.8,126.0,1132.3,19.37,78.0,1575.0,6.9,46.1,90,8431.3,15708.2,53.7,1192.6,0.0,4352.0,0.0
2026-09-04T12:13:28.163,352.012,1,3518,10,10.0,23.4,43.02,44.705,45.776,0.839,1.059,1.236,44.31,45.989,47.008,99.688,101.047,101.163,23.889,23.992,24.042,42.741,44.422,45.502,110.341,112.906,114.095,23.0,42.74,20.0,565.6,4096.0,220.0,29.8,126.0,1132.3,19.38,78.0,1575.0,6.9,48.0,90,8436.0,15708.2,53.7,1192.6,0.0,4352.0,0.0
2026-09-04T12:13:29.163,353.012,1,3528,10,10.0,23.31,43.179,45.247,46.215,0.916,1.258,1.295,44.523,46.472,47.408,99.586,101.405,101.47,23.906,23.96,23.961,42.899,44.963,45.913,110.124,112.082,112.279,23.0,42.9,20.0,565.6,4096.0,220.0,27.7,126.0,1132.3,19.38,78.0,1575.0,7.1,48.0,90,8431.1,15708.2,53.7,1190.0,0.0,4352.0,0.0
2026-09-04T12:13:30.163,354.012,1,3539,11,11.0,23.61,42.62,43.625,43.954,0.922,1.316,1.383,43.969,45.173,45.204,99.804,100.695,100.725,23.885,23.936,23.941,42.346,43.313,43.637,113.768,131.403,150.357,23.0,46.57,20.0,565.6,4096.0,220.0,27.7,126.0,1132.3,19.37,78.0,1575.0,7.2,47.0,90,8422.5,15708.2,53.6,1190.0,0.0,4352.0,0.0
2026-09-04T12:13:31.164,355.013,1,3549,10,9.99,23.9,42.119,42.575,42.616,1.099,1.528,1.72,43.641,44.304,44.478,100.055,101.013,101.031,23.887,23.97,24.018,41.848,42.292,42.338,110.699,112.833,113.697,23.0,41.81,20.0,565.6,4096.0,220.0,27.7,126.0,1132.3,19.37,78.0,1575.0,7.0,47.0,90,8428.6,15708.2,53.7,1190.0,0.0,4352.0,0.0
2026-09-04T12:13:32.163,356.012,1,3558,9,9.01,23.76,42.346,42.972,42.993,0.918,1.066,1.079,43.668,44.375,44.46,99.917,101.038,101.142,23.911,23.99,24.002,42.083,42.673,42.682,110.014,112.914,113.892,23.0,37.91,20.0,565.6,4096.0,220.0,29.8,126.0,1132.3,19.36,78.0,1575.0,6.9,47.0,90,8424.6,15708.2,53.6,1195.8,0.0,4352.0,0.0
2026-09-04T12:13:33.163,357.012,1,3568,10,10.0,23.34,43.135,45.874,48.08,1.035,1.571,1.799,44.594,47.1,49.258,100.552,102.299,103.418,23.884,23.919,23.92,42.837,45.58,47.779,114.596,134.743,151.209,23.0,42.84,20.0,565.6,4096.0,220.0,29.8,126.0,1132.3,19.36,78.0,1575.0,6.9,47.0,90,8435.6,15708.2,53.7,1195.8,0.0,4352.0,0.0
2026-09-04T12:13:34.163,358.012,1,3579,11,11.0,23.39,43.025,45.001,46.841,1.203,1.332,1.383,44.665,46.632,48.423,99.41,101.13,101.32,23.929,23.998,24.01,42.745,44.725,46.558,110.553,112.297,112.51,24.0,47.02,21.0,565.6,4096.0,220.0,27.7,126.0,1132.3,19.36,78.0,1575.0,7.2,47.0,90,8434.5,15708.2,53.7,1190.0,0.0,4352.0,0.0
2026-09-04T12:13:35.163,359.012,1,3589,10,10.0,23.61,42.641,43.389,43.542,0.722,0.817,0.846,43.803,44.501,44.598,99.73,100.575,100.654,23.889,23.922,23.924,42.361,43.085,43.27,109.99,111.444,111.63,24.0,42.36,21.0,565.6,4096.0,220.0,27.7,126.0,1132.3,19.36,78.0,1575.0,7.3,48.0,90,8437.0,15708.2,53.7,1190.0,0.0,4352.0,0.0
2026-09-04T12:13:36.164,360.013,1,3599,10,9.99,23.82,42.253,42.698,42.734,1.026,1.537,1.547,43.737,44.611,44.725,99.828,101.439,101.48,23.872,23.936,23.953,41.987,42.422,42.46,114.24,132.847,147.593,24.0,41.94,21.0,565.6,4096.0,220.0,27.7,126.0,1132.3,19.37,78.0,1575.0,6.8,46.9,90,8429.5,15708.2,53.7,1190.0,0.0,4352.0,0.0
2026-09-04T12:13:37.163,361.012,1,3609,10,10.01,23.75,42.4,42.97,43.092,0.784,0.88,0.881,43.628,44.264,44.349,100.273,101.478,101.607,23.89,23.927,23.928,42.106,42.646,42.764,110.876,112.532,112.59,24.0,42.15,21.0,565.6,4096.0,220.0,27.7,126.0,1132.3,19.37,78.0,1575.0,7.2,46.0,90,8423.2,15708.2,53.6,1190.0,0.0,4352.0,0.0
2026-09-04T12:13:38.163,362.012,1,3619,10,10.0,23.64,42.586,43.209,43.216,0.72,0.763,0.775,43.751,44.393,44.414,99.768,100.931,101.108,23.905,23.978,24.007,42.304,42.909,42.918,111.39,118.33,121.741,24.0,42.3,21.0,565.6,4096.0,220.0,27.7,126.0,1132.3,19.36,78.0,1575.0,6.9,47.0,90,8424.2,15708.2,53.6,1190.0,0.0,4352.0,0.0
2026-09-04T12:13:39.163,363.012,1,3629,10,10.0,23.69,42.478,43.077,43.101,0.695,0.749,0.763,43.603,44.232,44.239,99.497,101.081,101.368,23.898,23.974,23.984,42.216,42.809,42.839,114.131,131.052,146.396,24.0,42.21,21.0,565.6,4096.0,220.0,27.7,126.0,1132.3,19.36,78.0,1575.0,7.0,48.0,90,8427.1,15708.2,53.6,1190.0,0.0,4352.0,0.0
2026-09-04T12:13:40.163,364.012,1,3639,10,10.0,23.54,42.745,43.292,43.316,0.753,0.995,1.131,43.937,44.42,44.424,99.784,100.837,101.015,23.882,23.935,23.954,42.476,43.023,43.034,110.346,111.498,111.607,24.0,42.48,21.0,565.6,4096.0,220.0,27.7,126.0,1132.3,19.37,78.0,1575.0,7.2,47.0,90,8424.3,15708.2,53.6,1190.0,0.0,4352.0,0.0
2026-09-04T12:13:41.164,365.013,1,3649,10,9.99,23.58,42.68,43.227,43.23,0.807,0.866,0.869,43.942,44.571,44.607,100.032,101.239,101.554,23.897,23.926,23.94,42.404,42.947,42.976,111.418,116.84,120.616,24.0,42.35,21.0,565.6,4096.0,220.0,27.7,126.0,1132.3,19.36,77.0,1575.0,6.8,47.9,90,8427.8,15708.2,53.7,1190.0,0.0,4352.0,0.0
2026-09-04T12:13:42.163,366.012,1,3659,10,10.01,23.53,42.781,43.114,43.191,0.711,0.785,0.815,43.934,44.363,44.435,100.263,101.726,102.037,23.893,23.958,23.975,42.505,42.82,42.908,113.495,129.926,144.71,24.0,42.56,21.0,565.6,4096.0,220.0,27.7,126.0,1132.3,19.35,78.0,1575.0,6.9,47.1,90,8434.0,15708.2,53.7,1190.0,0.0,4352.0,0.0
2026-09-04T12:13:43.163,367.012,1,3669,10,10.0,23.59,42.651,43.168,43.169,0.709,0.76,0.766,43.79,44.287,44.301,99.696,100.951,101.033,23.906,23.937,23.942,42.387,42.88,42.892,110.321,112.551,113.265,24.0,42.38,21.0,565.6,4096.0,220.0,27.7,126.0,1132.3,19.35,78.0,1575.0,6.9,46.0,90,8432.2,15708.2,53.7,1190.0,0.0,4352.0,0.0
2026-09-04T12:13:44.163,368.012,1,3679,10,10.0,23.65,42.562,43.042,43.168,0.744,0.931,1.059,43.756,44.298,44.328,99.835,101.54,101.646,23.875,23.957,23.98,42.285,42.718,42.825,110.311,112.572,113.161,24.0,42.28,21.0,565.6,4096.0,220.0,27.7,126.0,1132.3,19.36,77.0,1575.0,6.7,48.0,90,8424.3,15708.2,53.6,1190.0,0.0,4352.0,0.0
2026-09-04T12:13:45.163,369.012,1,3689,10,10.0,23.73,42.43,43.211,43.484,1.092,1.518,1.581,43.94,44.673,44.687,100.012,100.577,100.583,23.893,23.94,23.949,42.145,42.918,43.214,114.703,131.987,147.615,24.0,42.15,21.0,565.6,4096.0,220.0,27.7,126.0,1132.3,19.35,78.0,1575.0,7.4,48.0,90,8426.2,15708.2,53.6,1190.0,0.0,4352.0,0.0
2026-09-04T12:13:46.164,370.013,1,3699,10,9.99,23.61,42.636,43.966,44.039,1.348,1.757,1.79,44.408,46.151,46.263,99.751,101.035,101.14,23.903,23.982,23.985,42.359,43.613,43.643,109.594,111.941,112.455,24.0,42.32,21.0,565.6,4096.0,220.0,27.7,126.0,1132.3,19.35,78.0,1575.0,8.4,47.0,90,8428.1,15708.2,53.7,1190.0,0.0,4352.0,0.0
2026-09-04T12:13:47.163,371.012,1,3709,10,10.01,23.77,42.359,42.901,42.909,1.156,1.481,1.502,43.943,44.475,44.494,99.842,101.289,101.508,23.894,23.951,23.954,42.074,42.583,42.605,110.192,112.007,112.374,24.0,42.12,21.0,565.6,4096.0,220.0,27.7,126.0,1132.3,19.34,78.0,1575.0,7.2,47.1,90,8432.0,15708.2,53.7,1190.0,0.0,4352.0,0.0
2026-09-04T12:13:48.163,372.012,1,3719,10,10.0,23.61,42.62,43.647,43.805,0.955,1.17,1.172,44.033,45.26,45.535,100.057,101.234,101.428,23.916,23.971,23.991,42.351,43.35,43.536,114.094,130.909,144.492,24.0,42.35,21.0,565.6,4096.0,220.0,27.7,126.0,1132.3,19.34,78.0,1575.0,13.7,48.0,90,8587.2,15708.2,54.7,1190.0,0.0,4352.0,0.0
2026-09-04T12:13:49.163,373.012,1,3729,10,10.0,23.12,43.544,47.931,49.54,0.95,1.204,1.214,44.955,49.595,51.305,100.481,102.711,103.293,23.946,24.074,24.103,43.256,47.585,49.152,108.301,111.724,112.19,24.0,43.25,21.0,565.6,4096.0,220.0,27.7,126.0,1132.3,19.34,78.0,1575.0,17.2,48.0,90,8687.6,15708.2,55.3,1190.0,0.0,4352.0,0.0
2026-09-04T12:13:50.163,374.012,1,3739,10,10.0,23.33,43.126,47.644,51.154,0.831,0.995,0.999,44.382,48.946,52.589,99.222,101.445,101.526,23.954,24.079,24.128,42.857,47.369,50.849,109.202,119.856,126.336,24.0,42.85,20.0,565.6,4096.0,220.0,27.7,126.0,1132.3,19.34,78.0,1575.0,20.5,48.0,90,8670.8,15708.2,55.2,1190.0,0.0,4352.0,0.0
2026-09-04T12:13:51.164,375.013,1,3749,10,9.99,21.3,47.19,48.674,49.118,0.715,0.759,0.761,48.315,49.818,50.318,100.056,101.641,101.887,23.906,23.949,23.95,46.946,48.445,48.892,113.844,135.442,141.009,24.0,46.9,21.0,565.6,4096.0,220.0,27.7,126.0,1132.3,19.33,78.0,1575.0,21.4,52.0,90,8662.6,15708.2,55.1,1190.0,0.0,4352.0,0.0
2026-09-04T12:13:52.163,376.012,1,3759,10,10.01,21.3,47.199,48.153,48.595,0.713,0.769,0.773,48.34,49.278,49.731,100.003,101.107,101.126,23.9,23.97,24.0,46.955,47.906,48.355,109.661,111.006,111.043,24.0,47.0,21.0,565.6,4096.0,220.0,27.7,126.0,1132.3,19.34,78.0,1575.0,9.5,51.0,90,8671.6,15708.2,55.2,1190.0,0.0,4352.0,0.0
2026-09-04T12:13:53.163,377.012,1,3769,10,10.0,21.89,45.923,47.926,48.453,0.696,0.827,0.904,46.996,49.044,49.573,99.78,101.123,101.25,23.906,24.057,24.063,45.679,47.638,48.129,109.933,111.93,112.052,24.0,45.68,21.0,565.6,4096.0,220.0,27.7,126.0,1132.3,19.34,78.0,1575.0,14.8,50.0,90,8852.9,15708.2,56.4,1190.0,0.0,4352.0,0.0
2026-09-04T12:13:54.163,378.012,1,3779,10,10.0,21.5,46.786,48.738,49.109,0.717,0.831,0.844,47.92,49.928,50.305,99.953,101.124,101.312,23.903,24.03,24.105,46.517,48.4,48.781,113.61,131.004,146.382,24.0,46.51,21.0,565.6,4096.0,220.0,27.7,126.0,1132.3,19.37,78.0,1575.0,11.8,51.0,90,8851.4,15708.2,56.3,1190.0,0.0,4352.0,0.0
2026-09-04T12:13:55.163,379.012,1,3789,10,10.0,21.0,47.882,48.998,49.506,0.754,0.818,0.819,49.082,50.266,50.79,100.13,101.349,101.7,23.885,23.927,23.928,47.613,48.72,49.212,110.287,111.629,111.758,24.0,47.62,21.0,565.6,4096.0,220.0,27.7,126.0,1132.3,19.38,78.0,1575.0,7.7,53.0,90,8847.2,15708.2,56.3,1190.0,0.0,4352.0,0.0
2026-09-04T12:13:56.164,380.013,1,3799,10,9.99,21.09,47.705,48.966,49.427,0.693,0.777,0.827,48.844,50.18,50.598,99.279,100.663,100.676,23.904,23.962,23.984,47.424,48.699,49.165,109.6,111.635,112.077,24.0,47.37,21.0,565.6,4096.0,220.0,27.7,126.0,1132.3,19.38,78.0,1575.0,7.3,51.9,90,8842.4,15708.2,56.3,1190.0,0.0,4352.0,0.0
2026-09-04T12:13:57.163,381.012,1,3809,10,10.01,20.95,48.0,48.812,48.87,0.737,0.784,0.788,49.167,49.983,50.05,100.286,102.344,103.159,23.933,24.013,24.027,47.733,48.542,48.583,110.652,112.73,112.787,24.0,47.79,21.0,565.6,4096.0,220.0,27.7,126.0,1132.3,19.36,78.0,1575.0,17.3,53.0,90,8885.2,15708.2,56.6,1190.0,0.0,4352.0,0.0
2026-09-04T12:13:58.163,382.012,1,3819,10,10.0,21.24,47.331,48.449,48.547,0.733,0.825,0.846,48.475,49.693,49.817,99.783,100.936,100.973,23.909,23.974,23.984,47.076,48.173,48.284,109.833,111.154,111.24,24.0,47.08,21.0,565.6,4096.0,220.0,27.7,126.0,1132.3,19.37,78.0,1575.0,10.6,52.0,90,8856.8,15708.2,56.4,1190.0,0.0,4352.0,0.0
2026-09-04T12:13:59.163,383.012,1,3829,10,10.0,21.37,47.054,48.118,48.339,0.702,0.77,0.799,48.16,49.297,49.563,99.995,101.042,101.276,23.867,23.919,23.923,46.803,47.848,48.06,109.999,111.582,111.945,24.0,46.8,21.0,565.6,4096.0,220.0,27.7,126.0,1132.3,19.38,78.0,1575.0,9.0,52.0,90,8828.0,15708.2,56.2,1190.0,0.0,4352.0,0.0
2026-09-04T12:14:00.163,384.012,1,3838,9,9.0,21.24,47.365,48.301,48.424,0.723,0.758,0.761,48.533,49.48,49.618,100.24,100.897,101.004,24.005,24.468,24.826,47.09,48.024,48.195,113.841,131.205,144.049,24.0,42.38,21.0,565.6,4096.0,220.0,27.7,126.0,1132.3,19.39,78.0,1575.0,8.4,51.0,90,8827.3,15708.2,56.2,1190.0,0.0,4352.0,0.0
2026-09-04T12:14:01.164,385.013,1,3849,11,10.99,21.0,47.885,48.995,49.278,0.726,0.785,0.796,49.033,50.169,50.42,99.627,101.676,101.825,23.911,23.958,23.962,47.619,48.716,48.982,112.524,125.25,135.073,24.0,52.32,21.0,565.6,4096.0,220.0,27.7,126.0,1132.3,19.39,78.0,1575.0,7.8,53.0,90,8808.4,15708.2,56.1,1190.0,0.0,4352.0,0.0
2026-09-04T12:14:02.163,386.012,1,3859,10,10.01,21.14,47.539,48.285,48.46,0.71,0.747,0.753,48.655,49.456,49.659,100.041,101.139,101.613,23.895,23.931,23.931,47.294,48.041,48.209,110.502,112.066,112.591,24.0,47.35,21.0,565.6,4096.0,220.0,27.7,126.0,1132.3,19.38,78.0,1575.0,7.9,51.1,90,8792.4,15708.2,56.0,1190.0,0.0,4352.0,0.0
2026-09-04T12:14:03.163,387.012,1,3869,10,10.0,21.1,47.659,48.355,48.507,0.706,0.75,0.768,48.778,49.521,49.688,99.699,101.085,101.44,23.9,23.959,23.975,47.391,48.106,48.262,109.908,112.025,112.116,24.0,47.4,21.0,565.6,4096.0,220.0,27.7,126.0,1132.3,19.39,78.0,1575.0,7.5,53.0,90,8787.7,15708.2,55.9,1190.0,0.0,4352.0,0.0
2026-09-04T12:14:04.163,388.012,1,3879,10,10.0,21.42,46.936,47.383,47.456,0.702,0.784,0.79,48.039,48.463,48.501,99.868,100.974,101.015,23.861,23.96,23.969,46.682,47.122,47.186,109.9,111.972,111.976,24.0,46.68,21.0,565.6,4096.0,220.0,27.7,126.0,1132.3,19.4,78.0,1575.0,7.8,51.0,90,8779.8,15708.2,55.9,1190.0,0.0,4352.0,0.0
2026-09-04T12:14:05.163,389.012,1,3889,10,10.0,21.53,46.693,47.609,47.747,0.725,0.871,0.952,47.805,48.838,49.086,100.263,101.504,102.183,23.93,24.176,24.24,46.443,47.375,47.521,110.178,113.602,115.609,24.0,46.44,21.0,565.6,4096.0,220.0,27.7,126.0,1132.3,19.4,78.0,1575.0,7.6,52.0,90,8754.2,15708.2,55.7,1190.0,0.0,4352.0,0.0
2026-09-04T12:14:06.164,390.013,1,3899,10,9.99,21.43,46.931,47.943,48.173,0.726,0.942,1.057,48.072,49.026,49.212,99.483,101.297,101.623,23.872,23.944,23.947,46.669,47.634,47.861,110.733,115.08,118.244,24.0,46.62,21.0,565.6,4096.0,220.0,27.7,126.0,1132.3,19.4,78.0,1575.0,7.8,50.9,90,8743.8,15708.2,55.7,1190.0,0.0,4352.0,0.0
2026-09-04T12:14:07.163,391.012,1,3909,10,10.01,21.36,47.076,47.774,47.973,0.726,0.904,0.971,48.199,48.846,49.05,100.012,101.505,101.521,23.892,23.977,23.993,46.824,47.521,47.74,109.787,113.007,113.416,24.0,46.88,20.0,565.6,4096.0,220.0,27.7,126.0,1132.3,19.39,78.0,1575.0,7.7,51.1,90,8729.0,15708.2,55.6,1190.0,0.0,4352.0,0.0
2026-09-04T12:14:08.163,392.012,1,3919,10,10.0,21.52,46.713,47.634,48.215,0.763,0.876,0.897,47.875,48.902,49.476,99.875,101.693,102.336,23.858,23.903,23.904,46.461,47.39,47.97,107.264,109.606,110.782,24.0,46.46,20.0,565.6,4096.0,220.0,27.7,126.0,1132.3,19.39,78.0,1575.0,7.7,52.0,90,8722.8,15708.2,55.5,1190.0,0.0,4352.0,0.0
2026-09-04T12:14:09.163,393.012,1,3929,10,10.0,21.4,46.981,48.111,48.346,0.71,0.801,0.817,48.104,49.237,49.57,99.914,101.249,101.331,23.911,24.014,24.049,46.721,47.81,48.007,109.2,116.697,120.507,24.0,46.72,21.0,565.6,4096.0,220.0,27.7,126.0,1132.3,19.4,78.0,1575.0,7.3,51.0,90,8704.9,15708.2,55.4,1190.0,0.0,4352.0,0.0
2026-09-04T12:14:10.163,394.012,1,3939,10,10.0,21.41,46.987,47.759,47.929,0.678,0.76,0.799,48.107,48.959,49.106,99.754,100.993,101.146,23.878,23.963,23.989,46.715,47.484,47.654,107.11,110.045,110.534,24.0,46.72,21.0,565.6,4096.0,220.0,27.7,126.0,1132.3,19.4,78.0,1575.0,7.8,51.0,90,8700.3,15708.2,55.4,1190.0,0.0,4352.0,0.0
2026-09-04T12:14:11.164,395.013,1,3949,10,9.99,21.3,47.246,48.299,48.397,0.683,0.778,0.821,48.325,49.42,49.603,100.324,101.605,102.142,23.891,23.933,23.934,46.957,47.979,48.121,108.543,114.348,115.705,24.0,46.9,21.0,565.6,4096.0,220.0,27.7,126.0,1132.3,19.39,78.0,1575.0,8.5,51.9,90,8664.0,15708.2,55.2,1190.0,0.0,4352.0,0.0
2026-09-04T12:14:12.163,396.012,1,3959,10,10.01,20.84,48.256,49.441,49.84,0.709,0.824,0.898,49.381,50.719,51.286,100.01,101.41,101.52,23.926,24.019,24.031,47.991,49.157,49.551,109.021,117.481,121.403,24.0,48.05,20.0,565.6,4096.0,220.0,27.7,126.0,1132.3,19.39,78.0,1575.0,10.6,53.1,90,8700.0,15708.2,55.4,1190.0,0.0,4352.0,0.0
2026-09-04T12:14:13.163,397.012,1,3969,10,10.0,21.28,47.255,48.448,48.506,0.721,0.793,0.821,48.413,49.627,49.66,99.789,101.011,101.198,23.901,23.941,23.95,46.989,48.156,48.236,106.742,108.47,108.707,24.0,46.99,21.0,565.6,4096.0,220.0,27.7,126.0,1132.3,19.4,78.0,1575.0,10.5,52.0,90,8718.9,15708.2,55.5,1190.0,0.0,4352.0,0.0
2026-09-04T12:14:14.163,398.012,1,3979,10,10.0,21.32,47.201,47.978,48.013,0.707,0.763,0.764,48.313,49.124,49.172,99.724,101.451,101.555,23.897,23.951,23.957,46.914,47.646,47.691,106.77,108.908,109.249,24.0,46.92,21.0,565.6,4096.0,220.0,27.7,126.0,1132.3,19.41,78.0,1575.0,11.6,51.0,90,8735.5,15708.2,55.6,1190.0,0.0,4352.0,0.0
2026-09-04T12:14:15.163,399.012,1,3989,10,10.0,20.5,49.06,52.108,52.167,0.735,0.883,0.978,50.263,53.41,53.479,99.98,101.054,101.122,23.916,24.005,24.053,48.779,51.74,51.92,107.389,115.285,121.115,24.0,48.78,21.0,565.6,4096.0,220.0,27.7,126.0,1132.3,19.41,78.0,1575.0,14.4,55.0,90,8709.7,15708.2,55.4,1190.0,0.0,4352.0,0.0
2026-09-04T12:14:16.164,400.013,1,3999,10,9.99,21.12,47.609,48.412,48.594,0.739,0.842,0.903,48.74,49.633,49.92,99.805,101.808,101.854,23.895,23.945,23.97,47.337,48.109,48.266,107.702,109.919,110.608,24.0,47.28,21.0,565.6,4096.0,220.0,27.7,126.0,1132.3,19.42,78.0,1575.0,10.1,51.9,90,8715.1,15708.2,55.5,1190.0,0.0,4352.0,0.0
2026-09-04T12:14:17.163,401.012,1,4009,10,10.01,23.17,43.423,47.04,49.031,0.832,1.037,1.075,44.655,48.378,50.206,100.007,100.985,101.069,23.901,23.971,23.98,43.165,46.806,48.823,107.723,114.216,119.353,24.0,43.21,21.0,565.6,4096.0,220.0,27.7,126.0,1132.3,19.41,78.0,1575.0,10.8,48.0,90,8731.7,15708.2,55.6,1190.0,0.0,4352.0,0.0
2026-09-04T12:14:18.163,402.012,1,4019,10,10.0,23.07,43.605,45.8,46.792,0.768,0.839,0.855,44.842,47.0,48.112,99.773,100.603,100.675,23.968,24.201,24.306,43.347,45.529,46.498,108.595,119.001,128.324,24.0,43.35,21.0,565.6,4096.0,220.0,27.7,126.0,1132.3,19.43,78.0,1575.0,11.4,48.0,90,8663.7,15708.2,55.2,1190.0,0.0,4352.0,0.0
2026-09-04T12:14:19.163,403.012,1,4029,10,10.0,23.17,43.44,46.053,46.675,0.796,0.99,1.072,44.644,47.32,48.017,99.486,100.831,100.888,23.932,24.041,24.08,43.158,45.781,46.393,105.574,108.449,109.756,25.0,43.16,22.0,565.6,4096.0,220.0,27.7,126.0,1132.3,19.41,78.0,1575.0,14.8,48.0,90,8659.8,15708.2,55.1,1190.0,0.0,4352.0,0.0
2026-09-04T12:14:20.163,404.012,1,4039,10,10.0,23.87,42.203,44.843,46.164,0.982,1.361,1.455,43.574,46.297,47.785,100.292,101.043,101.101,23.904,23.933,23.939,41.901,44.555,45.869,106.691,107.972,107.985,24.0,41.9,21.0,565.6,4096.0,220.0,27.7,126.0,1132.3,19.41,78.0,1575.0,10.0,46.0,90,8653.5,15708.2,55.1,1190.0,0.0,4352.0,0.0
2026-09-04T12:14:21.164,405.013,1,4048,9,8.99,24.54,41.025,42.5,42.503,1.506,1.958,2.064,42.862,44.406,44.43,100.021,101.237,101.398,23.9,23.957,23.962,40.753,42.181,42.201,108.403,119.234,126.919,24.0,36.64,21.0,565.6,4096.0,220.0,29.8,126.0,1132.3,19.41,78.0,1575.0,9.4,45.0,90,8660.6,15708.2,55.1,1191.8,0.0,4352.0,0.0
2026-09-04T12:14:22.165,406.012,1,4059,11,11.01,24.56,40.971,41.456,41.474,1.4,1.909,2.033,42.776,43.616,43.737,100.053,101.208,101.338,23.93,23.977,23.978,40.715,41.205,41.252,114.865,151.214,179.285,24.0,44.83,21.0,565.6,4096.0,220.0,27.7,126.0,1132.3,19.42,78.0,1575.0,11.5,48.0,90,8502.9,15708.2,54.1,1190.0,0.0,4352.0,0.0
2026-09-04T12:14:23.163,407.012,1,4069,10,10.0,24.17,41.694,46.199,50.418,1.745,1.939,1.954,43.855,48.46,52.706,99.508,101.348,101.559,23.922,23.999,24.038,41.382,45.74,49.814,106.606,110.777,111.346,24.0,41.38,21.0,565.6,4096.0,220.0,27.7,126.0,1132.3,19.4,78.0,1575.0,12.2,47.1,90,8507.3,15708.2,54.2,1190.0,0.0,4352.0,0.0
2026-09-04T12:14:24.163,408.012,1,4079,10,10.0,24.25,41.531,44.085,45.246,1.901,2.213,2.358,43.827,46.249,47.249,99.848,101.139,101.253,23.913,23.994,23.995,41.243,43.795,44.963,109.972,124.574,136.806,23.0,41.25,20.0,565.6,4096.0,220.0,27.7,126.0,1132.3,19.42,78.0,1575.0,9.8,46.0,90,8491.4,15708.2,54.1,1190.0,0.0,4352.0,0.0
2026-09-04T12:14:25.163,409.012,1,4089,10,10.0,24.17,41.669,43.986,44.659,2.33,2.904,3.102,44.441,46.552,46.894,100.421,101.869,102.634,23.896,23.983,24.01,41.378,43.712,44.403,107.114,110.38,112.174,24.0,41.38,21.0,565.6,4096.0,220.0,27.7,126.0,1132.3,19.42,78.0,1575.0,10.1,48.0,90,8488.8,15708.2,54.0,1190.0,0.0,4352.0,0.0
2026-09-04T12:14:26.164,410.013,1,4099,10,9.98,24.63,41.032,42.014,42.317,2.441,2.786,2.837,43.854,45.013,45.5,99.809,100.775,100.861,23.894,23.944,23.953,40.599,41.27,41.339,107.613,113.553,117.858,24.0,40.53,21.0,565.6,4096.0,220.0,27.7,126.0,1132.3,19.41,78.0,1575.0,13.5,46.9,90,8484.6,15708.2,54.0,1190.7,0.0,4352.0,0.0
2026-09-04T12:14:27.163,411.012,1,4109,10,10.02,24.49,41.111,42.991,43.806,2.169,2.557,2.828,43.678,45.926,46.488,99.82,101.169,101.242,23.908,23.955,23.958,40.826,42.668,43.478,109.007,123.986,137.962,24.0,40.9,21.0,565.6,4096.0,220.0,27.7,126.0,1132.3,19.42,78.0,1575.0,12.3,47.1,90,8503.7,15708.2,54.1,1190.5,0.0,4352.0,0.0
2026-09-04T12:14:28.163,412.012,1,4119,10,10.0,24.61,40.927,42.929,43.758,2.046,2.502,2.614,43.329,44.97,45.965,99.736,101.06,101.377,23.903,23.976,23.995,40.636,42.655,43.484,106.248,108.763,109.384,22.0,40.64,19.0,565.6,4096.0,220.0,27.7,126.0,1132.3,19.43,78.0,1575.0,11.2,47.0,90,8523.5,15708.2,54.3,1191.1,0.0,4352.0,0.0
2026-09-04T12:14:29.163,413.012,1,4129,10,10.0,24.47,41.159,43.205,43.729,1.75,2.14,2.228,43.275,45.684,46.389,99.742,101.14,101.459,23.901,23.956,23.961,40.874,42.889,43.4,106.142,108.769,109.519,19.0,40.87,16.0,565.6,4096.0,220.0,27.7,126.0,1132.3,19.43,78.0,1575.0,12.3,46.0,90,8544.9,15708.2,54.4,1190.8,0.0,4352.0,0.0
2026-09-04T12:14:30.163,414.012,1,4139,10,10.0,23.64,42.596,46.617,48.59,1.145,1.36,1.403,44.096,48.361,50.437,99.851,100.645,100.681,23.973,24.211,24.327,42.298,46.287,48.198,114.234,132.734,149.911,21.0,42.3,18.0,565.6,4096.0,220.0,27.7,126.0,1132.3,19.37,78.0,1575.0,19.0,47.0,90,8550.1,15708.2,54.4,1190.6,0.0,4352.0,0.0
2026-09-04T12:14:31.164,415.013,1,4149,10,9.99,24.54,41.027,42.808,43.962,1.118,1.219,1.25,42.514,44.527,45.656,100.518,101.289,101.455,23.883,23.94,23.952,40.743,42.459,43.602,107.929,112.529,113.685,23.0,40.7,20.0,565.6,4096.0,220.0,27.7,126.0,1132.3,19.43,79.0,1575.0,8.8,45.9,90,8554.3,15708.2,54.5,1191.5,0.0,4352.0,0.0
2026-09-04T12:14:32.163,416.012,1,4159,10,10.01,24.58,40.95,42.844,44.186,1.204,1.464,1.597,42.524,44.637,46.069,99.674,100.817,100.844,23.902,23.939,23.944,40.689,42.584,43.946,107.821,114.34,119.221,26.0,40.73,23.0,565.6,4096.0,220.0,27.7,126.0,1132.3,19.45,78.0,1575.0,7.2,45.1,90,8560.2,15708.2,54.5,1190.1,0.0,4352.0,0.0
2026-09-04T12:14:33.163,417.012,1,4169,10,10.0,23.95,42.039,43.709,44.63,1.422,1.701,1.798,43.788,45.685,46.511,99.846,101.113,101.196,23.956,24.078,24.086,41.758,43.419,44.336,112.923,132.027,149.2,22.0,41.76,19.0,565.6,4096.0,220.0,27.7,126.0,1132.3,19.45,78.0,1575.0,7.4,47.0,90,8559.5,15708.2,54.5,1191.0,0.0,4352.0,0.0
2026-09-04T12:14:34.163,418.012,1,4179,10,10.0,24.05,41.896,43.109,43.809,1.275,1.467,1.5,43.613,44.761,45.342,99.474,101.099,101.276,23.921,23.972,23.978,41.576,42.79,43.508,112.773,115.886,115.943,16.0,41.58,13.0,565.6,4096.0,220.0,27.7,126.0,1132.3,19.45,78.0,1575.0,7.2,47.0,90,8563.2,15708.2,54.5,1191.0,0.0,4352.0,0.0
2026-09-04T12:14:35.163,419.012,1,4189,10,10.0,24.35,41.368,43.021,44.117,1.643,2.004,2.129,43.446,45.266,46.471,100.368,102.407,102.713,23.89,23.956,23.98,41.064,42.699,43.799,112.787,115.956,117.984,23.0,41.06,20.0,565.6,4096.0,220.0,27.7,126.0,1132.3,19.37,78.0,1575.0,7.6,46.0,90,8561.0,15708.2,54.5,1190.8,0.0,4352.0,0.0
2026-09-04T12:14:36.164,420.013,1,4199,10,9.99,24.42,41.225,42.838,44.082,1.692,1.976,1.983,43.284,45.151,46.368,100.111,101.417,101.489,23.911,23.962,23.968,40.948,42.528,43.749,115.129,134.085,150.827,23.0,40.9,20.0,565.6,4096.0,220.0,27.7,126.0,1132.3,19.45,78.0,1575.0,7.0,46.9,90,8552.2,15708.2,54.4,1191.4,0.0,4352.0,0.0
2026-09-04T12:14:37.163,421.012,1,4209,10,10.01,24.44,41.218,43.312,44.465,1.469,1.861,1.96,43.136,45.502,46.902,99.64,101.333,101.358,23.902,23.996,24.025,40.912,43.024,44.203,112.526,115.75,115.842,23.0,40.96,20.0,565.6,4096.0,220.0,27.7,126.0,1132.3,19.44,78.0,1575.0,7.9,46.1,90,8557.4,15708.2,54.5,1191.2,0.0,4352.0,0.0
2026-09-04T12:14:38.163,422.012,1,4219,10,10.0,24.42,41.264,42.859,43.842,1.534,1.785,1.826,43.243,44.955,45.977,99.69,101.66,101.663,23.892,23.936,23.941,40.957,42.542,43.539,111.904,115.172,115.661,14.0,40.95,10.0,565.6,4096.0,220.0,49.8,126.0,1132.3,19.43,79.0,1575.0,9.2,46.0,90,8656.0,15708.2,55.1,1191.8,0.0,4352.0,0.0
2026-09-04T12:14:39.163,423.012,1,4229,10,10.0,24.46,41.187,42.541,42.757,1.187,1.448,1.541,42.811,44.044,44.356,99.814,101.71,101.915,23.927,23.994,23.999,40.891,42.272,42.47,116.068,138.699,156.311,20.0,40.89,18.0,565.6,4096.0,220.0,32.6,126.0,1132.3,19.39,78.0,1575.0,9.8,47.0,90,8827.6,15708.2,56.2,1191.8,0.0,4352.0,0.0
2026-09-04T12:14:40.163,424.012,1,4239,10,10.0,24.51,41.096,41.841,41.967,1.149,1.266,1.269,42.705,43.597,43.684,100.08,100.715,100.83,23.927,24.047,24.048,40.807,41.541,41.651,109.977,111.172,111.33,21.0,40.79,18.0,565.6,4096.0,220.0,52.2,126.0,1132.3,19.34,78.0,1575.0,8.0,44.0,90,8707.4,15708.2,55.4,1191.8,0.0,4352.0,0.0
2026-09-04T12:14:41.165,425.013,1,4249,10,9.99,24.87,40.487,40.873,40.897,1.215,1.895,2.328,42.129,43.066,43.467,99.988,101.166,101.259,23.888,23.927,23.932,40.212,40.6,40.614,110.585,114.143,114.338,22.0,40.17,19.0,565.6,4096.0,220.0,29.8,126.0,1132.3,19.43,79.0,1575.0,7.8,45.9,90,8536.3,15708.2,54.3,1191.8,0.0,4352.0,0.0
2026-09-04T12:14:42.163,426.012,1,4259,10,10.01,24.68,40.814,41.329,41.543,1.458,1.722,1.751,42.726,43.409,43.785,99.572,100.994,101.144,23.897,23.966,23.979,40.524,41.009,41.208,114.161,132.479,148.955,21.0,40.58,19.0,565.6,4096.0,220.0,29.8,126.0,1132.3,19.45,78.0,1575.0,7.3,45.1,90,8474.4,15708.2,53.9,1191.8,0.0,4352.0,0.0
2026-09-04T12:14:43.163,427.012,1,4269,10,10.0,24.79,40.629,41.072,41.178,1.375,1.752,1.767,42.469,43.244,43.276,99.583,100.801,100.815,23.888,23.966,24.004,40.34,40.787,40.86,110.018,111.729,111.815,27.0,40.34,23.0,565.6,4096.0,220.0,29.8,126.0,1132.3,19.59,78.0,1575.0,7.7,47.0,90,8477.7,15708.2,54.0,1191.8,0.0,4352.0,0.0
2026-09-04T12:14:44.163,428.012,1,4279,10,10.0,24.6,40.936,41.627,41.815,1.313,1.764,1.797,42.684,43.468,43.927,100.247,100.858,100.941,23.908,23.974,23.979,40.642,41.284,41.424,110.745,111.647,111.928,20.0,40.64,18.0,565.6,4096.0,220.0,29.8,126.0,1132.3,19.36,78.0,1575.0,6.7,45.0,90,8477.7,15708.2,54.0,1191.8,0.0,4352.0,0.0
2026-09-04T12:14:45.163,429.012,1,4289,10,10.0,24.66,40.851,41.442,41.615,1.487,1.731,1.748,42.788,43.26,43.324,100.024,101.223,101.377,23.91,24.001,24.055,40.556,41.143,41.299,114.241,134.352,150.237,24.0,40.55,21.0,565.6,4096.0,220.0,29.8,126.0,1132.3,19.4,78.0,1575.0,8.1,46.0,90,8489.6,15708.2,54.0,1191.8,0.0,4352.0,0.0
2026-09-04T12:14:46.164,430.013,1,4299,10,9.99,24.56,41.003,41.981,42.011,1.407,1.764,1.798,42.848,43.968,44.127,99.841,101.734,101.845,23.912,24.028,24.065,40.717,41.685,41.734,109.949,111.586,111.748,24.0,40.67,20.0,565.6,4096.0,220.0,29.8,126.0,1132.3,19.51,78.0,1575.0,7.2,46.9,90,8488.4,15708.2,54.0,1191.8,0.0,4352.0,0.0
2026-09-04T12:14:47.163,431.012,1,4309,10,10.01,24.62,40.91,41.685,41.816,1.45,1.821,1.897,42.776,43.763,44.183,99.995,101.295,101.632,23.913,23.975,23.991,40.611,41.354,41.484,111.607,114.791,116.83,23.0,40.66,21.0,565.6,4096.0,220.0,29.8,126.0,1132.3,19.39,78.0,1575.0,7.3,46.1,90,8504.1,15708.2,54.1,1191.8,0.0,4352.0,0.0
2026-09-04T12:14:48.163,432.012,1,4319,10,10.0,24.61,40.918,42.603,43.405,1.207,1.703,1.773,42.558,44.576,45.684,99.756,100.794,100.991,23.894,23.959,23.974,40.639,42.295,43.082,114.316,133.115,150.126,28.0,40.64,24.0,565.6,4096.0,220.0,29.8,126.0,1132.3,19.49,78.0,1575.0,13.0,45.0,90,8670.3,15708.2,55.2,1191.8,0.0,4352.0,0.0
2026-09-04T12:14:49.163,433.012,1,4329,10,10.0,25.35,39.731,40.163,40.269,1.639,1.824,1.866,41.777,42.149,42.219,99.843,101.023,101.047,23.866,23.907,23.924,39.455,39.89,39.989,112.944,121.836,123.603,12.0,39.46,10.0,565.6,4096.0,220.0,29.8,126.0,1132.3,19.31,78.0,1575.0,15.3,45.0,90,8727.1,15708.2,55.6,1191.8,0.0,4352.0,0.0
2026-09-04T12:14:50.163,434.012,1,4339,10,10.0,24.82,40.587,41.538,41.7,1.216,1.621,1.631,42.232,43.048,43.049,100.249,100.969,101.034,23.935,24.02,24.025,40.298,41.236,41.42,110.252,111.648,111.78,26.0,40.29,23.0,565.6,4096.0,220.0,29.8,126.0,1132.3,19.4,78.0,1575.0,21.1,46.0,90,8767.3,15708.2,55.8,1191.8,0.0,4352.0,0.0
2026-09-04T12:14:51.165,435.013,1,4349,10,9.99,24.42,41.25,43.775,43.834,1.181,1.411,1.488,42.882,45.482,45.606,99.762,101.613,101.692,23.947,23.993,23.993,40.945,43.451,43.488,113.29,132.393,148.804,30.0,40.89,25.0,565.6,4096.0,220.0,29.8,126.0,1132.3,19.6,79.0,1575.0,23.4,45.9,90,8811.3,15708.2,56.1,1191.8,0.0,4352.0,0.0
2026-09-04T12:14:52.163,436.012,1,4359,10,10.02,24.36,41.333,42.91,43.272,1.132,1.252,1.257,42.931,44.697,45.127,99.747,101.129,101.335,23.919,23.967,23.971,41.049,42.621,42.981,110.985,113.158,113.868,22.0,41.11,19.0,565.6,4096.0,220.0,29.8,126.0,1132.3,19.45,78.0,1575.0,9.0,46.1,90,8793.1,15708.2,56.0,1191.8,0.0,4352.0,0.0
2026-09-04T12:14:53.163,437.012,1,4369,10,10.0,25.32,39.767,41.105,41.912,1.114,1.406,1.44,41.27,42.595,43.318,99.677,100.744,100.821,23.887,23.946,23.962,39.499,40.85,41.655,110.249,112.959,114.256,25.0,39.5,22.0,565.6,4096.0,220.0,29.8,126.0,1132.3,19.56,78.0,1575.0,17.1,44.0,90,8964.3,15708.2,57.1,1191.8,0.0,4352.0,0.0
2026-09-04T12:14:54.163,438.012,1,4379,10,10.0,24.64,40.868,42.168,42.918,0.992,1.134,1.148,42.309,43.645,44.369,99.889,102.026,102.362,23.998,24.425,24.772,40.592,41.866,42.607,111.186,127.286,139.172,23.0,40.58,20.0,565.6,4096.0,220.0,29.8,126.0,1132.3,19.5,79.0,1575.0,12.7,45.0,90,8872.0,15708.2,56.5,1191.8,0.0,4352.0,0.0
2026-09-04T12:14:55.163,439.012,1,4389,10,10.0,23.87,42.17,44.96,45.129,1.177,1.667,1.804,43.77,46.93,47.36,99.662,101.461,101.752,23.924,24.03,24.052,41.896,44.643,44.781,107.546,111.946,112.437,24.0,41.9,20.0,565.6,4096.0,220.0,29.8,126.0,1132.3,19.53,79.0,1575.0,13.8,48.0,90,8782.5,15708.2,55.9,1191.9,0.0,4352.0,0.0
2026-09-04T12:14:56.164,440.013,1,4399,10,9.99,23.73,42.432,44.958,46.958,1.348,1.777,1.83,44.265,47.016,49.057,100.043,101.442,102.091,23.948,24.11,24.192,42.138,44.642,46.603,108.746,111.175,111.21,21.0,42.1,20.0,565.6,4096.0,220.0,29.8,126.0,1132.3,19.37,78.0,1575.0,10.7,47.0,90,8808.7,15708.2,56.1,1195.9,0.0,4352.0,0.0
2026-09-04T12:14:57.163,441.012,1,4409,10,10.01,23.98,41.981,44.605,45.883,1.051,1.322,1.33,43.496,46.32,47.6,100.299,102.194,102.443,23.922,23.976,23.995,41.705,44.329,45.623,111.231,127.266,140.769,21.0,41.75,18.0,565.6,4096.0,220.0,29.8,126.0,1132.3,19.36,79.0,1575.0,9.2,45.0,90,8804.8,15708.2,56.1,1191.8,0.0,4352.0,0.0
2026-09-04T12:14:58.163,442.012,1,4419,10,10.0,24.51,41.083,42.862,44.091,1.617,1.817,1.861,43.147,44.815,45.905,99.757,101.006,101.013,23.96,24.133,24.25,40.8,42.558,43.801,106.761,110.482,112.168,24.0,40.8,21.0,565.6,4096.0,220.0,29.8,126.0,1132.3,19.55,78.0,1575.0,9.1,47.0,90,8813.7,15708.2,56.1,1195.9,0.0,4352.0,0.0
2026-09-04T12:14:59.163,443.012,1,4429,10,10.0,24.11,41.767,44.311,44.814,1.795,2.226,2.446,44.039,46.818,47.046,99.483,100.946,100.979,23.916,23.987,23.997,41.468,43.987,44.489,107.556,110.328,110.941,24.0,41.47,21.0,565.6,4096.0,220.0,27.7,126.0,1132.3,19.49,79.0,1575.0,13.1,47.0,90,8817.2,15708.2,56.1,1195.9,0.0,4352.0,0.0
2026-09-04T12:15:00.163,444.012,1,4440,11,11.0,24.67,40.814,42.143,42.918,2.106,2.366,2.492,43.375,44.916,45.472,99.918,101.459,101.85,23.904,23.967,23.969,40.53,41.838,42.616,110.11,126.456,143.266,24.0,44.58,20.0,565.6,4096.0,220.0,27.7,126.0,1132.3,19.48,79.0,1575.0,9.6,47.0,90,8811.0,15708.2,56.1,1190.1,0.0,4352.0,0.0
2026-09-04T12:15:01.164,445.013,1,4450,10,9.99,24.68,40.824,41.289,41.301,1.846,2.2,2.369,43.097,43.879,44.112,100.03,101.4,101.951,23.908,23.982,23.992,40.524,40.933,40.956,108.372,111.11,111.401,24.0,40.49,21.0,565.6,4096.0,220.0,27.7,126.0,1132.3,19.47,78.0,1575.0,8.0,46.0,90,8801.8,15708.2,56.0,1190.1,0.0,4352.0,0.0
2026-09-04T12:15:02.163,446.012,1,4459,9,9.01,24.62,40.913,41.27,41.303,1.638,1.739,1.779,42.976,43.35,43.387,100.273,101.738,102.081,23.914,23.979,23.987,40.621,40.974,41.005,110.591,112.432,112.881,22.0,36.59,20.0,565.6,4096.0,220.0,29.8,126.0,1132.3,19.4,79.0,1575.0,7.0,45.0,90,8745.5,15708.2,55.7,1195.7,0.0,4352.0,0.0
2026-09-04T12:15:03.163,447.012,1,4469,10,10.0,24.37,41.324,43.146,44.188,1.524,1.698,1.703,43.284,45.025,46.027,99.901,102.667,103.712,23.903,23.98,23.995,41.034,42.872,43.926,113.91,136.877,148.696,24.0,41.04,21.0,565.6,4096.0,220.0,29.8,126.0,1132.3,19.55,79.0,1575.0,7.3,48.0,90,8745.5,15708.2,55.7,1195.9,0.0,4352.0,0.0
2026-09-04T12:15:04.163,448.012,1,4480,11,11.0,24.15,41.712,44.115,46.295,1.267,1.633,1.633,43.425,45.911,48.335,99.492,102.535,103.608,23.915,23.979,24.008,41.411,43.818,45.999,107.559,110.554,110.621,24.0,45.55,21.0,565.6,4096.0,220.0,27.7,126.0,1132.3,19.48,78.0,1575.0,8.6,46.0,90,8735.0,15708.2,55.6,1190.1,0.0,4352.0,0.0
2026-09-04T12:15:05.164,449.012,1,4490,10,10.0,24.39,41.3,43.272,44.344,1.115,1.227,1.255,42.886,44.911,46.099,100.186,101.315,101.336,23.915,23.99,24.007,41.0,42.953,44.018,108.382,111.638,112.557,24.0,40.98,21.0,565.6,4096.0,220.0,27.7,126.0,1132.3,19.47,78.0,1575.0,13.3,45.0,90,8729.5,15708.2,55.6,1190.1,0.0,4352.0,0.0
2026-09-04T12:15:06.164,450.013,1,4500,10,9.99,24.45,41.195,42.084,42.505,1.667,2.025,2.104,43.309,44.397,44.618,99.845,101.526,101.644,23.901,23.949,23.957,40.906,41.79,42.239,111.481,130.558,145.503,24.0,40.88,21.0,565.6,4096.0,220.0,27.7,126.0,1132.3,19.49,79.0,1575.0,9.2,48.0,90,8732.8,15708.2,55.6,1190.1,0.0,4352.0,0.0
2026-09-04T12:15:07.163,451.012,1,4509,9,9.01,24.32,41.43,43.319,44.43,1.72,1.946,1.969,43.619,45.709,46.921,100.474,101.34,101.379,23.988,24.065,24.068,41.121,42.984,44.063,108.299,110.855,111.5,21.0,37.04,19.0,565.6,4096.0,220.0,29.8,126.0,1132.3,19.39,78.0,1575.0,9.0,46.0,90,8736.2,15708.2,55.6,1195.9,0.0,4352.0,0.0
2026-09-04T12:15:08.163,452.012,1,4520,11,11.0,24.39,41.3,43.896,45.923,1.276,1.489,1.525,43.013,45.574,47.754,99.685,101.425,101.685,23.89,23.934,23.935,41.009,43.639,45.694,107.129,109.914,110.004,24.0,45.12,21.0,565.6,4096.0,220.0,27.7,126.0,1132.3,19.5,78.0,1575.0,9.2,46.0,90,8743.6,15708.2,55.7,1190.1,0.0,4352.0,0.0
2026-09-04T12:15:09.163,453.012,1,4530,10,10.0,24.22,41.572,43.352,43.598,1.932,2.307,2.374,43.981,46.036,46.531,99.794,101.242,101.373,23.942,23.999,24.016,41.282,43.038,43.277,111.617,129.552,145.109,24.0,41.28,21.0,565.6,4096.0,220.0,27.7,126.0,1132.3,19.48,79.0,1575.0,14.2,47.0,90,8684.6,15708.2,55.3,1190.1,0.0,4352.0,0.0
2026-09-04T12:15:10.163,454.012,1,4540,10,10.0,24.51,41.085,42.214,42.525,1.52,2.149,2.288,43.041,44.68,44.787,99.898,101.015,101.035,23.923,24.0,24.04,40.801,41.902,42.191,107.796,111.222,111.554,24.0,40.8,21.0,565.6,4096.0,220.0,27.7,126.0,1132.3,19.48,78.0,1575.0,9.4,46.0,90,8684.3,15708.2,55.3,1190.1,0.0,4352.0,0.0
2026-09-04T12:15:11.164,455.013,1,4550,10,9.99,24.74,40.712,41.245,41.333,1.388,1.749,1.771,42.531,43.175,43.336,100.323,101.403,101.672,23.913,23.949,23.954,40.427,40.97,41.076,108.008,110.457,110.462,24.0,40.39,21.0,565.6,4096.0,220.0,27.7,126.0,1132.3,19.47,78.0,1575.0,8.9,45.9,90,8677.4,15708.2,55.2,1190.1,0.0,4352.0,0.0
2026-09-04T12:15:12.163,456.012,1,4560,10,10.01,24.3,41.444,41.994,42.093,1.617,1.787,1.822,43.491,44.132,44.275,99.528,100.55,100.73,23.918,23.981,23.985,41.153,41.687,41.803,110.796,129.366,145.911,24.0,41.2,21.0,565.6,4096.0,220.0,27.7,126.0,1132.3,19.48,79.0,1575.0,9.3,47.1,90,8688.6,15708.2,55.3,1190.1,0.0,4352.0,0.0
2026-09-04T12:15:13.163,457.012,1,4570,10,10.0,24.18,41.644,44.661,46.593,1.748,2.061,2.183,43.862,47.07,49.191,99.494,100.72,100.804,23.935,24.063,24.161,41.36,44.375,46.32,106.705,108.738,109.152,24.0,41.36,21.0,565.6,4096.0,220.0,27.7,126.0,1132.3,19.48,78.0,1575.0,13.1,47.0,90,8682.7,15708.2,55.3,1190.1,0.0,4352.0,0.0
2026-09-04T12:15:14.163,458.012,1,4580,10,10.0,24.38,41.321,43.332,44.863,2.341,2.891,3.164,44.108,46.627,48.412,100.608,101.751,101.905,23.924,24.036,24.097,41.015,43.0,44.568,108.095,110.956,112.011,24.0,41.01,21.0,565.6,4096.0,220.0,27.7,126.0,1132.3,19.48,78.0,1575.0,10.0,48.0,90,8691.2,15708.2,55.3,1190.1,0.0,4352.0,0.0
2026-09-04T12:15:15.163,459.012,1,4590,10,10.0,24.76,40.667,41.15,41.243,2.406,2.54,2.543,43.542,44.077,44.129,99.757,100.883,101.036,23.903,23.978,24.006,40.38,40.844,40.93,111.311,129.097,142.536,24.0,40.38,21.0,565.6,4096.0,220.0,27.7,126.0,1132.3,19.48,79.0,1575.0,9.3,46.0,90,8696.9,15708.2,55.4,1190.1,0.0,4352.0,0.0
2026-09-04T12:15:16.164,460.013,1,4600,10,9.99,24.17,41.675,43.93,44.959,2.389,2.99,3.39,44.491,47.349,48.771,99.644,101.144,101.565,23.895,23.937,23.941,41.378,43.6,44.632,108.439,113.27,115.051,24.0,41.32,21.0,565.6,4096.0,220.0,27.7,126.0,1132.3,19.48,79.0,1575.0,13.8,47.9,90,8694.4,15708.2,55.3,1190.1,0.0,4352.0,0.0
2026-09-04T12:15:17.163,461.012,1,4610,10,10.01,24.56,40.983,41.808,41.873,1.856,2.348,2.504,43.267,44.308,44.395,100.379,101.872,101.935,23.903,23.962,23.975,40.718,41.557,41.61,108.67,115.075,118.975,24.0,40.77,21.0,565.6,4096.0,220.0,27.7,126.0,1132.3,19.49,79.0,1575.0,8.8,46.1,90,8702.1,15708.2,55.4,1190.1,0.0,4352.0,0.0
2026-09-04T12:15:18.163,462.012,1,4620,10,10.0,24.57,40.965,41.565,41.587,1.468,2.016,2.209,42.885,43.916,44.238,99.855,101.169,101.394,23.914,23.967,23.978,40.696,41.278,41.347,110.365,128.079,144.231,24.0,40.69,21.0,565.6,4096.0,220.0,27.7,126.0,1132.3,19.5,79.0,1575.0,11.2,46.0,90,8656.3,15708.2,55.1,1190.1,0.0,4352.0,0.0
2026-09-04T12:15:19.163,463.012,1,4630,10,10.0,23.27,43.246,44.326,44.765,0.877,1.129,1.285,44.563,45.706,46.138,99.526,100.876,101.078,23.928,23.973,23.977,42.967,44.042,44.473,107.261,109.139,109.161,24.0,42.97,21.0,565.6,4096.0,220.0,27.7,126.0,1132.3,19.49,79.0,1575.0,10.2,49.0,90,8658.7,15708.2,55.1,1190.1,0.0,4352.0,0.0
2026-09-04T12:15:20.163,464.012,1,4640,10,10.0,23.35,43.111,45.095,46.184,0.831,0.969,1.018,44.384,46.466,47.607,99.902,101.131,101.348,23.92,24.009,24.033,42.832,44.811,45.893,107.387,111.434,111.543,24.0,42.83,20.0,565.6,4096.0,220.0,27.7,126.0,1132.3,19.49,79.0,1575.0,14.2,46.0,90,8639.7,15708.2,55.0,1190.1,0.0,4352.0,0.0
2026-09-04T12:15:21.164,465.013,1,4650,10,9.99,23.35,43.089,44.377,44.649,0.751,0.792,0.793,44.26,45.583,45.843,100.366,102.622,102.712,23.908,23.968,23.992,42.818,44.097,44.364,112.293,127.283,140.422,24.0,42.78,21.0,565.6,4096.0,220.0,27.7,126.0,1132.3,19.49,79.0,1575.0,9.1,47.9,90,8643.2,15708.2,55.0,1190.1,0.0,4352.0,0.0
2026-09-04T12:15:22.163,466.012,1,4660,10,10.01,20.9,48.119,48.793,48.92,0.885,1.281,1.318,49.416,50.13,50.131,99.664,102.781,104.34,23.892,23.926,23.931,47.841,48.51,48.643,107.215,110.947,111.203,24.0,47.88,21.0,565.6,4096.0,220.0,27.7,126.0,1132.3,19.49,79.0,1575.0,10.2,53.1,90,8506.9,15708.2,54.2,1190.1,0.0,4352.0,0.0
2026-09-04T12:15:23.163,467.012,1,4670,10,10.0,20.46,49.151,51.054,51.068,1.502,1.948,2.078,51.089,52.715,52.756,99.834,101.771,102.626,23.907,23.979,23.998,48.867,50.797,50.809,107.719,109.609,109.902,24.0,48.88,21.0,565.6,4096.0,220.0,27.7,126.0,1132.3,19.49,78.0,1575.0,9.4,54.0,90,8520.3,15708.2,54.2,1190.1,0.0,4352.0,0.0
2026-09-04T12:15:24.163,468.012,1,4680,10,10.0,19.59,51.324,56.843,61.447,1.069,1.535,1.666,52.809,58.598,63.602,100.272,101.366,101.543,23.892,23.996,24.038,51.053,56.508,61.089,112.738,131.507,147.136,24.0,51.05,21.0,565.6,4096.0,220.0,27.7,126.0,1132.3,19.47,79.0,1575.0,14.2,56.0,90,8508.4,15708.2,54.2,1190.1,0.0,4352.0,0.0
2026-09-04T12:15:25.163,469.012,1,4690,10,10.0,19.5,51.548,52.797,53.06,0.82,1.052,1.101,52.817,54.125,54.183,100.059,101.076,101.431,23.884,23.936,23.937,51.281,52.499,52.777,109.233,112.335,112.501,20.0,51.27,18.0,565.6,4096.0,220.0,27.7,126.0,1132.3,19.36,79.0,1575.0,8.4,56.0,90,8509.9,15708.2,54.2,1190.1,0.0,4352.0,0.0
2026-09-04T12:15:26.164,470.013,1,4700,10,9.99,19.2,52.342,53.037,53.069,0.911,1.271,1.4,53.698,54.32,54.324,99.298,101.742,102.126,23.875,23.907,23.909,52.075,52.774,52.824,109.719,112.194,112.705,24.0,52.03,21.0,565.6,4096.0,220.0,27.7,126.0,1132.3,19.57,78.0,1575.0,8.3,56.9,90,8511.7,15708.2,54.2,1190.1,0.0,4352.0,0.0
2026-09-04T12:15:27.163,471.012,1,4710,10,10.01,19.16,52.46,53.175,53.223,1.035,1.472,1.502,53.919,54.961,54.986,100.232,101.155,101.499,23.864,23.94,23.958,52.186,52.897,52.928,114.093,129.987,144.814,24.0,52.24,21.0,565.6,4096.0,220.0,27.7,126.0,1132.3,19.47,79.0,1575.0,7.4,57.1,90,8509.0,15708.2,54.2,1190.1,0.0,4352.0,0.0
2026-09-04T12:15:28.163,472.012,1,4720,10,10.0,19.57,51.348,53.011,53.131,1.04,1.107,1.118,52.807,54.493,54.594,99.689,100.935,101.073,23.898,23.992,23.993,51.092,52.769,52.904,107.895,111.459,111.53,24.0,51.09,21.0,565.6,4096.0,220.0,27.7,126.0,1132.3,19.54,79.0,1575.0,9.6,56.0,90,8514.6,15708.2,54.2,1190.1,0.0,4352.0,0.0
2026-09-04T12:15:29.163,473.012,1,4730,10,10.0,19.96,50.354,52.383,52.576,0.806,0.931,0.998,51.585,53.645,53.808,100.114,101.119,101.228,24.017,24.623,25.155,50.106,52.085,52.245,110.176,112.203,112.236,24.0,50.1,20.0,565.6,4096.0,220.0,27.7,126.0,1132.3,19.48,78.0,1575.0,7.6,55.0,90,8512.2,15708.2,54.2,1190.1,0.0,4352.0,0.0
2026-09-04T12:15:30.163,474.012,1,4740,10,10.0,20.07,50.082,50.969,51.015,0.821,1.021,1.156,51.329,52.196,52.23,99.374,101.387,101.815,23.883,23.927,23.939,49.818,50.66,50.712,113.537,130.588,145.466,24.0,49.82,21.0,565.6,4096.0,220.0,27.7,126.0,1132.3,19.49,79.0,1575.0,8.5,54.0,90,8510.7,15708.2,54.2,1190.1,0.0,4352.0,0.0
2026-09-04T12:15:31.164,475.013,1,4750,10,9.99,20.02,50.219,51.294,51.575,0.795,0.882,0.884,51.439,52.686,53.034,100.446,101.371,101.475,23.9,23.975,23.997,49.961,51.047,51.35,110.411,112.676,113.134,24.0,49.91,21.0,565.6,4096.0,220.0,27.7,126.0,1132.3,19.5,79.0,1575.0,7.5,54.9,90,8513.1,15708.2,54.2,1190.1,0.0,4352.0,0.0
2026-09-04T12:15:32.163,476.012,1,4760,10,10.01,19.93,50.431,51.881,52.2,0.713,0.751,0.756,51.557,53.073,53.44,99.726,100.83,100.991,23.904,23.969,23.983,50.163,51.625,51.957,112.289,123.289,125.957,24.0,50.21,21.0,565.6,4096.0,220.0,27.7,126.0,1132.3,19.51,79.0,1575.0,7.7,55.1,90,8527.8,15708.2,54.3,1190.1,0.0,4352.0,0.0
2026-09-04T12:15:33.163,477.012,1,4770,10,10.0,19.73,50.992,52.277,52.284,0.753,0.818,0.823,52.184,53.483,53.537,99.776,100.747,100.76,23.905,23.937,23.945,50.674,51.944,51.945,113.251,130.548,144.964,24.0,50.67,21.0,565.6,4096.0,220.0,27.7,126.0,1132.3,19.51,79.0,1575.0,7.2,56.0,90,8518.2,15708.2,54.2,1190.1,0.0,4352.0,0.0
2026-09-04T12:15:34.163,478.012,1,4780,10,10.0,19.92,50.479,51.45,51.691,0.724,0.78,0.783,51.629,52.646,52.918,100.051,100.882,100.94,23.92,24.015,24.035,50.194,51.148,51.364,110.572,111.471,111.665,24.0,50.2,21.0,565.6,4096.0,220.0,27.7,126.0,1132.3,19.51,79.0,1575.0,7.8,54.0,90,8516.4,15708.2,54.2,1190.1,0.0,4352.0,0.0
2026-09-04T12:15:35.163,479.012,1,4790,10,10.0,19.99,50.308,51.609,51.655,0.746,0.823,0.824,51.493,52.781,52.862,99.752,100.703,100.878,23.904,23.972,23.999,50.03,51.316,51.343,112.523,123.354,131.376,24.0,50.03,21.0,565.6,4096.0,220.0,27.7,126.0,1132.3,19.5,78.0,1575.0,7.4,55.0,90,8515.9,15708.2,54.2,1190.1,0.0,4352.0,0.0
2026-09-04T12:15:36.164,480.013,1,4800,10,9.99,19.53,51.478,55.513,56.273,0.766,0.922,0.999,52.669,56.814,57.432,100.041,100.819,100.901,23.948,24.084,24.123,51.202,55.205,56.004,111.163,112.802,113.667,24.0,51.13,20.0,565.6,4096.0,220.0,27.7,126.0,1132.3,19.5,79.0,1575.0,8.0,56.9,90,8524.8,15708.2,54.3,1190.1,0.0,4352.0,0.0
2026-09-04T12:15:37.163,481.012,1,4810,10,10.01,19.5,51.553,55.12,56.116,0.736,0.841,0.883,52.707,56.243,57.266,99.777,100.72,100.77,23.891,23.941,23.942,51.293,54.854,55.832,110.047,111.244,111.407,24.0,51.36,21.0,565.6,4096.0,220.0,27.7,126.0,1132.3,19.49,79.0,1575.0,7.3,56.1,90,8523.0,15708.2,54.3,1190.1,0.0,4352.0,0.0
2026-09-04T12:15:38.163,482.012,1,4820,10,10.0,20.09,50.056,51.445,51.896,0.687,0.753,0.764,51.174,52.59,53.053,99.804,101.139,101.541,23.915,23.989,24.024,49.782,51.187,51.641,110.188,113.836,113.905,24.0,49.78,21.0,565.6,4096.0,220.0,27.7,126.0,1132.3,19.51,78.0,1575.0,14.0,55.0,90,8518.4,15708.2,54.2,1190.1,0.0,4352.0,0.0
2026-09-04T12:15:39.163,483.012,1,4830,10,10.0,20.19,49.781,51.114,51.122,0.705,0.778,0.801,50.883,52.273,52.28,100.239,101.201,101.421,23.908,23.979,23.993,49.524,50.828,50.833,110.724,111.768,111.892,24.0,49.53,21.0,565.6,4096.0,220.0,27.7,126.0,1132.3,19.49,78.0,1575.0,9.4,54.0,90,8510.7,15708.2,54.2,1190.1,0.0,4352.0,0.0
2026-09-04T12:15:40.163,484.012,1,4840,10,10.0,20.18,49.806,50.684,50.755,0.697,0.771,0.782,50.9,51.815,51.839,99.786,100.903,101.067,23.873,23.962,23.981,49.553,50.406,50.493,109.961,111.344,111.714,24.0,49.55,21.0,565.6,4096.0,220.0,27.7,126.0,1132.3,19.51,79.0,1575.0,7.9,55.0,90,8512.3,15708.2,54.2,1190.1,0.0,4352.0,0.0
2026-09-04T12:15:41.164,485.013,1,4850,10,9.99,20.01,50.231,51.854,52.393,0.701,0.751,0.765,51.358,53.067,53.629,99.434,100.734,100.806,23.915,23.979,23.982,49.975,51.594,52.127,111.412,116.355,120.058,24.0,49.91,21.0,565.6,4096.0,220.0,27.7,126.0,1132.3,19.52,78.0,1575.0,7.2,53.9,90,8512.3,15708.2,54.2,1190.1,0.0,4352.0,0.0
2026-09-04T12:15:42.163,486.012,1,4860,10,10.01,20.01,50.233,51.474,51.815,0.703,0.785,0.797,51.373,52.703,53.054,100.099,101.191,101.416,23.899,23.954,23.975,49.971,51.164,51.488,111.237,116.404,118.932,24.0,50.04,21.0,565.6,4096.0,220.0,27.7,126.0,1132.3,19.5,79.0,1575.0,7.8,55.1,90,8522.5,15708.2,54.3,1190.1,0.0,4352.0,0.0
2026-09-04T12:15:43.163,487.012,1,4870,10,10.0,19.97,50.351,51.343,51.663,0.703,0.739,0.741,51.467,52.495,52.822,100.582,101.388,101.709,23.878,23.931,23.935,50.083,51.059,51.403,110.98,112.128,112.448,24.0,50.08,21.0,565.6,4096.0,220.0,27.7,126.0,1132.3,19.5,79.0,1575.0,7.1,55.0,90,8527.0,15708.2,54.3,1190.1,0.0,4352.0,0.0
2026-09-04T12:15:44.163,488.012,1,4880,10,10.0,20.0,50.268,50.947,50.998,0.712,0.785,0.8,51.405,52.067,52.096,99.674,101.089,101.226,23.92,23.972,23.989,50.001,50.679,50.744,109.633,111.84,112.265,24.0,50.0,20.0,565.6,4096.0,220.0,27.7,126.0,1132.3,19.51,78.0,1575.0,7.3,55.0,90,8521.4,15708.2,54.2,1190.1,0.0,4352.0,0.0
2026-09-04T12:15:45.163,489.012,1,4890,10,10.0,19.82,50.723,54.13,55.834,0.733,0.882,0.993,51.878,55.375,56.966,99.406,100.682,100.714,23.934,24.117,24.165,50.454,53.862,55.572,109.783,114.684,117.152,24.0,50.45,21.0,565.6,4096.0,220.0,27.7,126.0,1132.3,19.51,78.0,1575.0,7.8,55.0,90,8513.8,15708.2,54.2,1190.1,0.0,4352.0,0.0
2026-09-04T12:15:46.164,490.013,1,4900,10,9.99,19.75,50.941,53.927,55.14,0.764,0.953,1.062,52.138,55.214,56.251,99.874,101.098,101.274,23.927,24.04,24.085,50.643,53.609,54.888,108.103,111.207,112.103,24.0,50.6,21.0,565.6,4096.0,220.0,27.7,126.0,1132.3,19.51,78.0,1575.0,7.6,56.0,90,8515.5,15708.2,54.2,1190.1,0.0,4352.0,0.0
2026-09-04T12:15:47.163,491.012,1,4910,10,10.01,20.05,50.144,50.898,51.101,0.732,0.784,0.795,51.31,52.078,52.26,100.613,101.269,101.279,23.899,23.979,24.002,49.887,50.64,50.872,110.086,111.723,111.891,24.0,49.94,21.0,565.6,4096.0,220.0,27.7,126.0,1132.3,19.51,79.0,1575.0,7.4,54.0,90,8515.8,15708.2,54.2,1190.1,0.0,4352.0,0.0
2026-09-04T12:15:48.163,492.012,1,4920,10,10.0,19.97,50.331,53.615,56.145,0.698,0.751,0.767,51.447,54.798,57.385,99.744,101.206,101.379,23.912,24.011,24.045,50.075,53.339,55.843,110.428,114.604,116.745,24.0,50.07,21.0,565.6,4096.0,220.0,27.7,126.0,1132.3,19.5,78.0,1575.0,13.6,55.0,90,8673.1,15708.2,55.2,1190.1,0.0,4352.0,0.0
2026-09-04T12:15:49.163,493.012,1,4930,10,10.0,20.66,48.63,50.019,50.2,0.667,0.745,0.758,49.645,51.065,51.297,99.504,101.589,101.845,23.865,23.893,23.896,48.396,49.767,49.961,107.38,112.001,112.649,24.0,48.4,21.0,565.6,4096.0,220.0,27.7,126.0,1132.3,19.5,78.0,1575.0,15.1,53.0,90,8741.9,15708.2,55.7,1190.1,0.0,4352.0,0.0
2026-09-04T12:15:50.163,494.012,1,4940,10,10.0,20.34,49.408,51.478,52.148,0.678,0.801,0.865,50.424,52.575,53.156,99.982,101.542,101.547,23.897,24.03,24.071,49.166,51.234,51.91,107.751,109.366,109.651,24.0,49.16,21.0,565.6,4096.0,220.0,27.7,126.0,1132.3,19.5,79.0,1575.0,16.0,54.0,90,8755.1,15708.2,55.7,1190.1,0.0,4352.0,0.0
2026-09-04T12:15:51.164,495.013,1,4950,10,9.99,20.4,49.278,51.353,51.791,0.745,0.96,1.139,50.414,52.663,52.958,100.284,100.895,101.074,23.908,23.992,23.997,49.025,51.074,51.517,110.301,118.227,123.502,24.0,48.97,21.0,565.6,4096.0,220.0,27.7,126.0,1132.3,19.51,78.0,1575.0,16.5,52.9,90,8741.9,15708.2,55.7,1190.1,0.0,4352.0,0.0
2026-09-04T12:15:52.163,496.012,1,4960,10,10.01,20.09,50.039,51.688,51.859,0.669,0.707,0.707,51.099,52.775,52.958,99.537,101.11,101.137,23.904,23.951,23.953,49.774,51.401,51.588,106.367,108.548,108.572,24.0,49.83,21.0,565.6,4096.0,220.0,27.7,126.0,1132.3,19.53,79.0,1575.0,8.0,55.1,90,8766.9,15708.2,55.8,1190.1,0.0,4352.0,0.0
2026-09-04T12:15:53.163,497.012,1,4970,10,10.0,20.94,48.011,50.36,51.03,0.68,0.743,0.746,49.034,51.444,52.179,100.198,102.786,103.746,23.892,23.988,24.048,47.766,50.114,50.766,107.706,111.152,111.475,24.0,47.77,21.0,565.6,4096.0,220.0,27.7,126.0,1132.3,19.52,79.0,1575.0,15.5,52.0,90,8963.2,15708.2,57.1,1190.1,0.0,4352.0,0.0
2026-09-04T12:15:54.163,498.012,1,4980,10,10.0,20.12,49.973,52.257,52.648,0.707,0.777,0.781,51.087,53.407,53.769,99.54,100.841,101.236,23.89,23.965,23.97,49.705,51.93,52.377,109.171,119.362,126.238,24.0,49.7,21.0,565.6,4096.0,220.0,27.7,126.0,1132.3,19.52,78.0,1575.0,10.3,54.0,90,8827.2,15708.2,56.2,1190.1,0.0,4352.0,0.0
2026-09-04T12:15:55.163,499.012,1,4990,10,10.0,20.01,50.245,51.335,51.48,0.719,0.779,0.784,51.385,52.526,52.654,100.296,101.285,101.343,23.923,23.969,23.981,49.968,51.052,51.185,107.425,109.063,109.081,24.0,49.97,21.0,565.6,4096.0,220.0,27.7,126.0,1132.3,19.53,79.0,1575.0,8.3,55.0,90,8811.5,15708.2,56.1,1190.1,0.0,4352.0,0.0
2026-09-04T12:15:56.164,500.013,1,5000,10,9.99,19.98,50.326,51.274,51.338,0.714,0.789,0.789,51.453,52.431,52.446,99.858,101.555,101.557,23.899,23.989,24.014,50.056,50.994,51.074,106.876,109.15,109.515,24.0,50.0,21.0,565.6,4096.0,220.0,27.7,126.0,1132.3,19.54,79.0,1575.0,7.1,55.9,90,8800.6,15708.2,56.0,1190.1,0.0,4352.0,0.0
2026-09-04T12:15:57.163,501.012,1,5010,10,10.01,19.98,50.305,51.29,51.774,0.687,0.743,0.756,51.399,52.445,52.879,99.719,101.327,101.346,23.884,23.931,23.937,50.04,51.049,51.547,108.706,120.141,129.755,24.0,50.1,21.0,565.6,4096.0,220.0,27.7,126.0,1132.3,19.54,78.0,1575.0,7.7,54.1,90,8789.5,15708.2,56.0,1190.1,0.0,4352.0,0.0
2026-09-04T12:15:58.163,502.012,1,5020,10,10.0,20.01,50.258,50.645,50.681,0.738,0.774,0.785,51.428,51.852,51.924,99.727,101.082,101.132,23.878,23.92,23.927,49.978,50.342,50.359,106.929,109.828,111.401,24.0,49.98,21.0,565.6,4096.0,220.0,27.7,126.0,1132.3,19.53,79.0,1575.0,7.2,55.0,90,8778.2,15708.2,55.9,1190.1,0.0,4352.0,0.0
2026-09-04T12:15:59.163,503.012,1,5030,10,10.0,20.05,50.129,50.787,50.871,0.723,0.795,0.808,51.279,51.917,52.049,100.028,101.31,101.319,23.891,23.964,23.975,49.863,50.511,50.606,106.454,108.271,108.499,24.0,49.86,21.0,565.6,4096.0,220.0,27.7,126.0,1132.3,19.52,78.0,1575.0,7.6,55.0,90,8763.6,15708.2,55.8,1190.1,0.0,4352.0,0.0
2026-09-04T12:16:00.163,504.012,1,5040,10,10.0,20.07,50.09,50.76,50.957,0.718,0.797,0.817,51.231,51.918,52.102,99.976,101.554,101.891,23.89,23.944,23.955,49.819,50.464,50.646,108.891,120.286,129.475,24.0,49.82,21.0,565.6,4096.0,220.0,27.7,126.0,1132.3,19.53,78.0,1575.0,7.4,55.0,90,8755.5,15708.2,55.7,1190.1,0.0,4352.0,0.0
2026-09-04T12:16:01.164,505.013,1,5050,10,9.99,20.12,49.952,50.713,50.789,0.702,0.776,0.779,51.057,51.889,51.89,100.024,100.909,101.04,23.877,23.899,23.901,49.691,50.448,50.513,106.753,109.051,109.739,24.0,49.63,21.0,565.6,4096.0,220.0,27.7,126.0,1132.3,19.53,78.0,1575.0,7.8,53.9,90,8742.7,15708.2,55.7,1190.1,0.0,4352.0,0.0
2026-09-04T12:16:02.163,506.012,1,5060,10,10.01,19.95,50.386,51.126,51.385,0.704,0.744,0.756,51.515,52.239,52.48,100.045,101.287,101.356,23.871,23.941,23.951,50.128,50.907,51.178,106.523,108.2,108.263,24.0,50.19,20.0,565.6,4096.0,220.0,27.7,126.0,1132.3,19.53,79.0,1575.0,7.0,55.1,90,8728.7,15708.2,55.6,1190.1,0.0,4352.0,0.0
2026-09-04T12:16:03.163,507.012,1,5070,10,10.0,19.96,50.375,51.479,52.01,0.73,0.783,0.8,51.512,52.641,53.131,99.543,100.71,100.859,23.893,23.981,23.999,50.108,51.21,51.734,105.837,107.941,109.032,24.0,50.11,20.0,565.6,4096.0,220.0,27.7,126.0,1132.3,19.53,78.0,1575.0,8.0,56.0,90,8730.9,15708.2,55.6,1190.1,0.0,4352.0,0.0
2026-09-04T12:16:04.163,508.012,1,5080,10,10.0,19.7,51.055,53.906,56.072,0.697,0.771,0.776,52.159,55.126,57.249,100.253,101.024,101.101,23.875,23.95,23.95,50.749,53.589,55.802,107.015,108.853,109.835,24.0,50.75,21.0,565.6,4096.0,220.0,27.7,126.0,1132.3,19.52,78.0,1575.0,7.2,54.0,90,8701.2,15708.2,55.4,1190.1,0.0,4352.0,0.0
2026-09-04T12:16:05.163,509.012,1,5090,10,10.0,19.75,50.936,53.532,54.011,0.732,0.796,0.803,52.104,54.672,55.093,99.804,100.824,100.863,23.875,23.963,23.989,50.637,53.118,53.483,105.633,107.054,107.171,24.0,50.64,21.0,565.6,4096.0,220.0,27.7,126.0,1132.3,19.52,79.0,1575.0,8.4,56.0,90,8707.1,15708.2,55.4,1190.1,0.0,4352.0,0.0
2026-09-04T12:16:06.164,510.013,1,5100,10,9.99,19.7,51.022,53.874,55.118,0.806,1.029,1.116,52.249,55.147,56.398,99.882,101.048,101.157,23.876,23.943,23.98,50.756,53.618,54.857,109.481,123.293,135.195,24.0,50.7,21.0,565.6,4096.0,220.0,27.7,126.0,1132.3,19.52,78.0,1575.0,7.4,55.9,90,8705.2,15708.2,55.4,1193.1,0.0,4352.0,0.0
2026-09-04T12:16:07.163,511.012,1,5110,10,10.01,20.01,50.247,52.19,53.314,0.758,0.894,0.914,51.392,53.435,54.557,99.771,100.886,101.117,23.922,23.985,24.01,49.97,51.869,52.987,105.742,107.062,107.154,24.0,50.03,21.0,565.6,4096.0,220.0,27.7,126.0,1132.3,19.52,78.0,1575.0,7.8,54.1,90,8700.8,15708.2,55.4,1191.7,0.0,4352.0,0.0
2026-09-04T12:16:08.163,512.012,1,5120,10,10.0,19.88,50.563,51.452,51.526,0.701,0.749,0.761,51.679,52.611,52.687,99.987,101.261,101.4,23.896,23.972,24.018,50.304,51.181,51.285,106.48,107.567,107.698,24.0,50.3,20.0,565.6,4096.0,220.0,27.7,126.0,1132.3,19.53,79.0,1575.0,7.3,55.0,90,8690.3,15708.2,55.3,1190.1,0.0,4352.0,0.0
2026-09-04T12:16:09.163,513.012,1,5130,10,10.0,19.73,50.948,53.998,56.268,0.715,0.766,0.771,52.053,55.132,57.421,100.002,101.309,101.336,23.914,23.985,24.001,50.677,53.711,55.937,109.693,125.559,140.216,24.0,50.68,21.0,565.6,4096.0,220.0,27.7,126.0,1132.3,19.53,78.0,1575.0,8.0,56.0,90,8701.1,15708.2,55.4,1190.1,0.0,4352.0,0.0
2026-09-04T12:16:10.163,514.012,1,5140,10,10.0,19.71,51.024,54.332,56.31,0.729,0.775,0.779,52.164,55.52,57.499,100.038,100.983,101.083,23.893,23.941,23.961,50.744,54.01,56.0,105.92,106.761,106.87,24.0,50.75,20.0,565.6,4096.0,220.0,27.7,126.0,1132.3,19.54,78.0,1575.0,7.6,55.0,90,8699.6,15708.2,55.4,1190.1,0.0,4352.0,0.0
2026-09-04T12:16:11.164,515.013,1,5150,10,9.99,19.71,50.99,53.107,54.652,0.72,0.77,0.772,52.1,54.27,55.78,99.807,101.548,101.754,23.878,23.95,23.966,50.737,52.87,54.406,106.912,108.869,109.004,24.0,50.68,21.0,565.6,4096.0,220.0,27.7,126.0,1132.3,19.52,78.0,1575.0,8.1,54.9,90,8693.9,15708.2,55.3,1192.8,0.0,4352.0,0.0
2026-09-04T12:16:12.163,516.012,1,5160,10,10.01,19.79,50.819,52.654,52.82,0.728,0.852,0.865,51.917,53.827,54.066,100.222,101.291,101.398,23.896,23.986,24.009,50.539,52.38,52.546,111.164,130.44,140.511,24.0,50.59,21.0,565.6,4096.0,220.0,27.7,126.0,1132.3,19.53,78.0,1575.0,7.3,55.1,90,8696.0,15708.2,55.4,1193.2,0.0,4352.0,0.0
2026-09-04T12:16:13.163,517.012,1,5170,10,10.0,20.19,49.772,50.652,50.78,0.72,0.795,0.821,50.823,51.723,51.861,99.518,101.59,101.93,23.868,23.927,23.96,49.524,50.349,50.481,108.614,110.941,111.487,24.0,49.53,21.0,565.6,4096.0,220.0,27.7,126.0,1132.3,19.52,78.0,1575.0,7.5,55.0,90,8684.8,15708.2,55.3,1193.1,0.0,4352.0,0.0
2026-09-04T12:16:14.163,518.012,1,5180,10,10.0,20.03,50.178,51.379,51.755,0.697,0.757,0.777,51.212,52.427,52.826,100.303,101.914,102.144,23.867,23.921,23.939,49.926,51.093,51.465,107.952,110.166,110.261,24.0,49.92,20.0,565.6,4096.0,220.0,27.7,126.0,1132.3,19.52,78.0,1575.0,7.1,54.0,90,8685.5,15708.2,55.3,1193.3,0.0,4352.0,0.0
2026-09-04T12:16:15.163,519.012,1,5190,10,10.0,20.13,49.947,51.034,51.065,0.712,0.882,1.019,51.009,52.233,52.352,99.397,100.784,100.882,23.889,23.933,23.933,49.68,50.779,50.827,115.615,139.842,144.309,24.0,49.68,21.0,565.6,4096.0,220.0,27.7,126.0,1132.3,19.51,78.0,1575.0,7.9,54.0,90,8683.2,15708.2,55.3,1192.9,0.0,4352.0,0.0
2026-09-04T12:16:16.164,520.013,1,5200,10,9.99,20.02,50.215,51.166,51.329,0.857,1.088,1.244,51.435,52.544,52.567,99.952,101.324,101.502,23.908,23.989,24.026,49.952,50.901,51.055,111.695,113.97,114.342,24.0,49.9,21.0,565.6,4096.0,220.0,27.7,126.0,1132.3,19.52,78.0,1575.0,7.2,54.9,90,8675.5,15708.2,55.2,1192.8,0.0,4352.0,0.0
2026-09-04T12:16:17.163,521.012,1,5210,10,10.01,19.9,50.522,53.381,55.254,0.726,0.876,0.91,51.581,54.568,56.513,100.456,102.27,102.784,24.029,24.63,25.198,50.24,53.118,55.015,110.606,117.004,121.861,24.0,50.3,21.0,565.6,4096.0,220.0,27.7,126.0,1132.3,19.52,78.0,1575.0,8.0,55.1,90,8680.8,15708.2,55.3,1191.7,0.0,4352.0,0.0
2026-09-04T12:16:18.163,522.012,1,5220,10,10.0,19.79,50.79,52.59,53.527,0.721,0.789,0.797,51.861,53.627,54.593,99.661,101.2,101.346,23.88,23.952,23.972,50.534,52.335,53.28,114.733,134.512,148.92,24.0,50.53,21.0,565.6,4096.0,220.0,27.7,126.0,1132.3,19.52,79.0,1575.0,8.6,55.0,90,8622.2,15708.2,54.9,1193.1,0.0,4352.0,0.0
2026-09-04T12:16:19.163,523.012,1,5230,10,10.0,19.9,50.513,52.509,52.6,0.706,0.784,0.809,51.679,53.604,53.657,99.72,100.663,100.667,23.917,24.009,24.017,50.242,52.241,52.347,112.824,115.723,115.755,24.0,50.24,21.0,565.6,4096.0,220.0,27.7,126.0,1132.3,19.52,78.0,1575.0,9.4,55.0,90,8609.4,15708.2,54.8,1193.3,0.0,4352.0,0.0
2026-09-04T12:16:20.163,524.012,1,5240,10,10.0,19.97,50.354,51.295,51.512,0.723,0.797,0.819,51.548,52.538,52.836,100.058,101.075,101.147,23.865,23.924,23.926,50.083,51.008,51.246,112.952,116.672,118.1,24.0,50.09,21.0,565.6,4096.0,220.0,27.7,126.0,1132.3,19.52,78.0,1575.0,7.4,54.0,90,8610.4,15708.2,54.8,1194.6,0.0,4352.0,0.0
2026-09-04T12:16:21.164,525.013,1,5250,10,9.99,20.07,50.086,50.774,50.921,0.724,0.803,0.817,51.242,52.005,52.241,99.726,100.803,100.852,23.877,23.925,23.945,49.828,50.508,50.63,116.62,134.73,148.243,24.0,49.77,21.0,565.6,4096.0,220.0,27.7,126.0,1132.3,19.52,78.0,1575.0,8.0,54.9,90,8489.4,15708.2,54.0,1195.7,0.0,4352.0,0.0
2026-09-04T12:16:22.163,526.012,1,5260,10,10.01,19.82,50.718,52.551,53.715,0.723,0.782,0.795,51.881,53.741,54.922,99.894,101.055,101.118,23.876,23.958,23.972,50.458,52.287,53.462,113.779,119.781,123.226,24.0,50.52,20.0,565.6,4096.0,220.0,27.7,126.0,1132.3,19.52,78.0,1575.0,7.0,54.1,90,8487.4,15708.2,54.0,1193.9,0.0,4352.0,0.0
2026-09-04T12:16:23.163,527.012,1,5270,10,10.0,20.02,50.214,51.143,51.435,0.766,0.951,1.021,51.384,52.307,52.649,100.737,101.535,101.645,23.876,23.938,23.948,49.941,50.89,51.182,110.356,114.285,115.037,24.0,49.95,20.0,565.6,4096.0,220.0,27.7,126.0,1132.3,19.53,78.0,1575.0,7.9,55.0,90,8489.6,15708.2,54.0,1194.4,0.0,4352.0,0.0
2026-09-04T12:16:24.163,528.012,1,5280,10,10.0,19.83,50.689,52.385,53.038,0.799,0.877,0.89,51.857,53.548,54.192,99.559,100.687,100.811,23.899,23.959,23.981,50.423,52.109,52.763,110.614,128.944,146.0,24.0,50.42,21.0,565.6,4096.0,220.0,27.7,126.0,1132.3,19.54,78.0,1575.0,7.1,55.0,90,8494.6,15708.2,54.1,1194.4,0.0,4352.0,0.0
2026-09-04T12:16:25.163,529.012,1,5290,10,10.0,20.11,49.969,51.179,51.297,0.692,0.757,0.781,51.1,52.351,52.491,99.534,100.759,100.791,23.869,23.9,23.903,49.724,50.93,51.054,109.091,112.429,112.758,24.0,49.72,21.0,565.6,4096.0,220.0,27.7,126.0,1132.3,19.52,78.0,1575.0,7.8,54.0,90,8494.5,15708.2,54.1,1195.5,0.0,4352.0,0.0
2026-09-04T12:16:26.164,530.013,1,5300,10,9.99,20.07,50.096,51.309,51.833,0.713,0.772,0.781,51.248,52.45,52.997,100.26,100.774,100.868,23.894,23.956,23.961,49.837,51.064,51.595,110.91,112.602,112.628,24.0,49.78,21.0,565.6,4096.0,220.0,27.7,126.0,1132.3,19.5,78.0,1575.0,7.6,53.9,90,8496.4,15708.2,54.1,1194.4,0.0,4352.0,0.0
2026-09-04T12:16:27.163,531.012,1,5310,10,10.01,20.01,50.245,52.189,53.176,0.807,1.024,1.181,51.488,53.434,54.39,99.789,100.66,100.668,23.882,23.922,23.928,49.975,51.923,52.922,113.529,130.534,145.557,24.0,50.03,20.0,565.6,4096.0,220.0,27.7,126.0,1132.3,19.51,78.0,1575.0,7.4,55.1,90,8500.6,15708.2,54.1,1196.2,0.0,4352.0,0.0
2026-09-04T12:16:28.163,532.012,1,5320,10,10.0,19.44,51.707,54.475,54.492,0.814,1.143,1.166,52.998,55.786,55.919,100.604,102.744,104.275,23.912,24.015,24.038,51.434,54.235,54.258,108.697,112.099,112.874,24.0,51.44,21.0,565.6,4096.0,220.0,27.7,126.0,1132.3,19.51,78.0,1575.0,7.7,55.0,90,8499.1,15708.2,54.1,1194.6,0.0,4352.0,0.0
2026-09-04T12:16:29.163,533.012,1,5330,10,10.0,19.92,50.461,51.529,51.825,0.714,0.769,0.776,51.632,52.715,53.002,99.386,100.573,100.6,23.889,23.923,23.924,50.21,51.289,51.586,108.992,110.867,111.12,24.0,50.2,20.0,565.6,4096.0,220.0,27.9,126.0,1132.3,19.5,78.0,1575.0,7.2,56.0,90,8501.8,15708.2,54.1,1196.2,0.0,4352.0,0.0
2026-09-04T12:16:30.163,534.012,1,5340,10,10.0,19.9,50.52,53.077,54.833,0.731,0.784,0.796,51.67,54.256,56.032,99.619,101.178,101.274,24.0,24.344,24.607,50.259,52.832,54.594,112.426,129.843,144.292,24.0,50.26,21.0,565.6,4096.0,220.0,37.7,126.0,1132.3,19.49,78.0,1575.0,7.9,54.0,90,8503.0,15708.2,54.1,1190.1,0.0,4352.0,0.0
2026-09-04T12:16:31.164,535.013,1,5350,10,9.99,19.45,51.677,55.809,56.232,0.786,0.98,1.036,52.911,57.162,57.505,99.282,101.05,101.354,24.192,25.382,26.474,51.41,55.536,55.973,110.82,113.864,114.66,24.0,51.34,21.0,565.6,4096.0,220.0,44.9,126.0,1132.3,19.51,78.0,1575.0,7.3,55.9,90,8496.2,15708.2,54.1,1190.1,0.0,4352.0,0.0
2026-09-04T12:16:32.163,536.012,1,5360,10,10.01,20.08,50.074,51.083,51.573,0.658,0.706,0.71,51.145,52.18,52.717,100.339,101.405,101.535,23.902,23.993,24.036,49.805,50.817,51.318,110.434,111.516,111.777,24.0,49.87,21.0,565.6,4096.0,220.0,67.9,126.0,1132.3,19.5,78.0,1575.0,7.4,54.1,90,8483.1,15708.2,54.0,1190.1,0.0,4352.0,0.0
2026-09-04T12:16:33.163,537.012,1,5370,10,10.0,20.04,50.182,51.085,51.242,0.69,0.763,0.772,51.318,52.244,52.466,99.774,100.692,100.72,23.856,23.932,23.944,49.91,50.813,50.987,114.228,130.796,145.663,24.0,49.91,21.0,565.6,4096.0,220.0,29.8,126.0,1132.3,19.5,78.0,1575.0,7.3,54.0,90,8480.0,15708.2,54.0,1190.1,0.0,4352.0,0.0
2026-09-04T12:16:34.163,538.012,1,5380,10,10.0,20.18,49.811,51.217,51.907,0.746,1.062,1.122,51.001,52.502,53.326,99.774,100.641,100.687,23.868,23.929,23.939,49.555,50.956,51.647,110.827,112.887,113.697,24.0,49.54,21.0,565.6,4096.0,220.0,29.8,126.0,1132.3,19.51,78.0,1575.0,7.5,55.0,90,8482.5,15708.2,54.0,1190.1,0.0,4352.0,0.0
2026-09-04T12:16:35.163,539.012,1,5390,10,10.0,20.32,49.454,50.35,50.362,0.676,0.748,0.763,50.554,51.468,51.474,100.04,101.098,101.14,23.859,23.932,23.967,49.206,50.107,50.135,110.813,113.786,114.888,24.0,49.22,21.0,565.6,4096.0,220.0,29.8,126.0,1132.3,19.51,78.0,1575.0,7.3,54.0,90,8485.0,15708.2,54.0,1190.1,0.0,4352.0,0.0
2026-09-04T12:16:36.164,540.013,1,5400,10,9.99,20.19,49.79,50.521,50.583,0.669,0.731,0.735,50.877,51.599,51.615,99.687,101.383,101.425,23.885,23.975,24.009,49.533,50.276,50.343,114.979,131.329,147.041,24.0,49.48,21.0,565.6,4096.0,220.0,29.8,126.0,1132.3,19.5,78.0,1575.0,7.6,53.9,90,8487.3,15708.2,54.0,1190.1,0.0,4352.0,0.0
2026-09-04T12:16:37.163,541.012,1,5410,10,10.01,20.1,50.016,50.861,51.007,0.665,0.721,0.734,51.109,51.954,52.094,100.11,101.205,101.511,23.873,23.933,23.946,49.757,50.604,50.744,110.399,112.143,112.694,24.0,49.81,21.0,565.6,4096.0,220.0,29.8,126.0,1132.3,19.51,78.0,1575.0,7.0,54.1,90,8488.5,15708.2,54.0,1190.1,0.0,4352.0,0.0
2026-09-04T12:16:38.163,542.012,1,5420,10,10.0,20.27,49.585,50.45,50.693,0.67,0.7,0.706,50.685,51.546,51.856,99.642,100.872,100.887,23.889,23.938,23.942,49.333,50.177,50.418,110.575,112.671,113.091,24.0,49.33,21.0,565.6,4096.0,220.0,29.8,126.0,1132.3,19.5,78.0,1575.0,7.8,54.0,90,8493.8,15708.2,54.1,1190.1,0.0,4352.0,0.0
2026-09-04T12:16:39.163,543.012,1,5430,10,10.0,20.25,49.634,50.387,50.418,0.677,0.732,0.746,50.733,51.496,51.549,100.168,100.882,100.903,23.873,23.924,23.938,49.391,50.112,50.129,114.928,133.348,149.187,24.0,49.39,21.0,565.6,4096.0,220.0,29.8,126.0,1132.3,19.5,78.0,1575.0,6.8,53.0,90,8482.9,15708.2,54.0,1190.1,0.0,4352.0,0.0
2026-09-04T12:16:40.163,544.012,1,5440,10,10.0,19.96,50.369,51.321,51.408,0.787,0.91,0.931,51.581,52.547,52.603,99.928,101.021,101.15,23.891,23.975,24.004,50.11,51.057,51.143,110.422,111.949,112.176,24.0,50.11,21.0,565.6,4096.0,220.0,29.8,126.0,1132.3,19.5,78.0,1575.0,8.2,55.0,90,8487.2,15708.2,54.0,1190.1,0.0,4352.0,0.0
2026-09-04T12:16:41.164,545.013,1,5450,10,9.99,20.19,49.769,50.556,50.679,0.699,0.79,0.819,50.893,51.718,51.85,100.008,101.273,101.558,23.896,23.987,24.002,49.519,50.326,50.45,111.401,115.285,117.415,24.0,49.46,21.0,565.6,4096.0,220.0,29.8,126.0,1132.3,19.5,78.0,1575.0,7.3,54.9,90,8486.9,15708.2,54.0,1190.1,0.0,4352.0,0.0
2026-09-04T12:16:42.163,546.012,1,5460,10,10.01,20.2,49.758,50.259,50.33,0.699,0.752,0.763,50.896,51.363,51.418,99.603,100.89,100.958,23.903,23.969,23.987,49.495,49.947,50.044,113.619,130.849,146.18,24.0,49.55,21.0,565.6,4096.0,220.0,29.8,126.0,1132.3,19.5,78.0,1575.0,7.5,54.1,90,8480.3,15708.2,54.0,1190.1,0.0,4352.0,0.0
2026-09-04T12:16:43.163,547.012,1,5470,10,10.0,20.07,50.087,50.966,51.208,0.807,0.929,0.971,51.324,52.211,52.489,100.049,101.234,101.438,23.888,23.933,23.94,49.831,50.72,50.959,111.208,112.112,112.347,24.0,49.83,21.0,565.6,4096.0,220.0,29.8,126.0,1132.3,19.5,78.0,1575.0,7.0,54.0,90,8481.2,15708.2,54.0,1190.1,0.0,4352.0,0.0
2026-09-04T12:16:44.163,548.012,1,5480,10,10.0,20.04,50.163,51.048,51.398,0.739,0.819,0.834,51.327,52.235,52.516,100.293,101.356,101.367,23.878,23.915,23.92,49.897,50.719,51.046,110.858,113.153,113.633,24.0,49.89,21.0,565.6,4096.0,220.0,29.8,126.0,1132.3,19.51,78.0,1575.0,7.6,55.0,90,8492.2,15708.2,54.1,1190.1,0.0,4352.0,0.0
2026-09-04T12:16:45.163,549.012,1,5490,10,10.0,19.77,50.853,51.905,52.283,0.746,0.789,0.79,52.033,53.152,53.512,99.507,100.706,100.804,23.914,23.954,23.963,50.59,51.65,52.019,114.029,131.877,148.071,24.0,50.59,21.0,565.6,4096.0,220.0,29.8,126.0,1132.3,19.51,78.0,1575.0,7.6,55.0,90,8492.8,15708.2,54.1,1190.1,0.0,4352.0,0.0
2026-09-04T12:16:46.164,550.013,1,5500,10,9.99,20.07,50.102,51.293,51.743,0.736,0.824,0.833,51.268,52.473,52.947,99.667,100.877,101.016,23.903,23.984,24.005,49.836,51.021,51.457,110.36,112.302,112.41,24.0,49.79,21.0,565.6,4096.0,220.0,29.8,126.0,1132.3,19.51,78.0,1575.0,7.6,54.9,90,8486.5,15708.2,54.0,1190.1,0.0,4352.0,0.0
2026-09-04T12:16:47.163,551.012,1,5510,10,10.01,19.89,50.567,52.97,54.545,0.838,1.037,1.138,51.837,54.419,56.082,100.384,101.517,101.533,23.922,23.954,23.964,50.283,52.68,54.216,110.488,111.973,112.123,24.0,50.33,21.0,565.6,4096.0,220.0,29.8,126.0,1132.3,19.5,78.0,1575.0,7.1,54.1,90,8481.2,15708.2,54.0,1190.1,0.0,4352.0,0.0
2026-09-04T12:16:48.163,552.012,1,5520,10,10.0,20.09,50.071,51.024,51.293,0.805,0.897,0.904,51.315,52.225,52.551,99.736,101.055,101.184,23.907,24.036,24.105,49.788,50.696,50.933,114.089,132.807,149.827,24.0,49.79,21.0,565.6,4096.0,220.0,29.8,126.0,1132.3,19.51,78.0,1575.0,14.2,55.0,90,8622.7,15708.2,54.9,1190.1,0.0,4352.0,0.0
2026-09-04T12:16:49.163,553.012,1,5530,10,10.0,20.42,49.226,50.273,50.668,0.725,0.759,0.765,50.337,51.376,51.709,99.759,100.618,100.66,23.926,24.112,24.124,48.972,50.019,50.427,110.28,111.403,111.53,24.0,48.98,21.0,565.6,4096.0,220.0,29.8,126.0,1132.3,19.51,78.0,1575.0,14.7,54.0,90,8689.7,15708.2,55.3,1190.1,0.0,4352.0,0.0
2026-09-04T12:16:50.163,554.012,1,5540,10,10.0,20.13,49.926,52.068,52.36,0.698,0.77,0.773,51.068,53.395,53.734,100.27,100.82,100.821,24.015,24.601,24.948,49.671,51.772,52.068,110.507,111.986,112.045,24.0,49.67,21.0,565.6,4096.0,220.0,29.8,126.0,1132.3,19.49,78.0,1575.0,17.1,54.0,90,8730.0,15708.2,55.6,1190.1,0.0,4352.0,0.0
2026-09-04T12:16:51.164,555.013,1,5550,10,9.99,20.07,50.068,52.208,52.983,0.731,0.803,0.804,51.182,53.36,54.094,99.555,101.037,101.231,23.905,23.947,23.952,49.82,51.974,52.756,113.741,131.102,146.56,24.0,49.77,21.0,565.6,4096.0,220.0,29.8,126.0,1132.3,19.5,78.0,1575.0,15.6,54.9,90,8715.3,15708.2,55.5,1190.1,0.0,4352.0,0.0
2026-09-04T12:16:52.163,556.012,1,5560,10,10.01,19.68,51.092,54.98,56.985,0.763,0.962,1.035,52.275,56.277,58.411,100.296,101.249,101.444,23.885,24.012,24.053,50.812,54.662,56.621,112.337,116.544,119.164,24.0,50.87,21.0,565.6,4096.0,220.0,29.8,126.0,1132.3,19.52,78.0,1575.0,9.3,54.1,90,8782.6,15708.2,55.9,1190.1,0.0,4352.0,0.0
2026-09-04T12:16:53.163,557.012,1,5570,10,10.0,20.93,48.036,49.7,49.82,0.69,0.847,0.946,49.139,50.955,51.083,99.434,101.009,101.064,23.885,24.039,24.092,47.787,49.395,49.551,109.861,112.221,112.309,24.0,47.79,21.0,565.6,4096.0,220.0,29.8,126.0,1132.3,19.5,79.0,1575.0,15.1,53.0,90,8973.9,15708.2,57.1,1191.8,0.0,4352.0,0.0
2026-09-04T12:16:54.163,558.012,1,5580,10,10.0,20.36,49.366,50.267,50.328,0.703,0.743,0.75,50.465,51.405,51.46,100.349,101.249,101.443,23.884,23.911,23.914,49.126,50.009,50.083,114.904,132.153,147.852,24.0,49.12,20.0,565.6,4096.0,220.0,29.8,126.0,1132.3,19.51,78.0,1575.0,10.6,53.0,90,8844.3,15708.2,56.3,1190.1,0.0,4352.0,0.0
2026-09-04T12:16:55.163,559.012,1,5590,10,10.0,20.09,50.058,50.996,51.131,0.73,0.789,0.794,51.219,52.239,52.328,99.722,101.036,101.204,23.9,24.104,24.253,49.78,50.695,50.845,110.189,112.112,112.168,24.0,49.78,21.0,565.6,4096.0,220.0,29.8,126.0,1132.3,19.54,78.0,1575.0,7.4,56.0,90,8834.9,15708.2,56.2,1190.1,0.0,4352.0,0.0
2026-09-04T12:16:56.164,560.013,1,5600,10,9.99,20.05,50.147,51.789,52.892,0.726,0.879,0.971,51.297,52.928,53.97,99.824,100.96,100.988,23.885,23.928,23.942,49.867,51.479,52.571,110.131,112.172,112.336,24.0,49.81,21.0,565.6,4096.0,220.0,29.8,126.0,1132.3,19.55,79.0,1575.0,7.6,53.9,90,8838.1,15708.2,56.3,1195.9,0.0,4352.0,0.0
2026-09-04T12:16:57.163,561.012,1,5610,10,10.01,20.04,50.158,52.389,53.581,0.752,0.9,0.979,51.356,53.672,54.956,99.681,100.876,100.883,23.884,23.964,24.0,49.9,52.144,53.374,114.305,131.512,147.479,24.0,49.96,21.0,565.6,4096.0,220.0,29.8,126.0,1132.3,19.53,78.0,1575.0,6.9,54.1,90,8828.5,15708.2,56.2,1194.5,0.0,4352.0,0.0
2026-09-04T12:16:58.163,562.012,1,5620,10,10.0,20.15,49.914,51.024,51.614,0.705,0.798,0.825,51.041,52.135,52.636,100.659,101.366,101.378,23.871,23.912,23.914,49.639,50.729,51.333,110.483,112.106,112.153,24.0,49.64,21.0,565.6,4096.0,220.0,29.8,126.0,1132.3,19.53,78.0,1575.0,7.8,54.0,90,8812.4,15708.2,56.1,1191.5,0.0,4352.0,0.0
2026-09-04T12:16:59.163,563.012,1,5630,10,10.0,20.06,50.128,51.508,52.277,0.697,0.773,0.777,51.232,52.596,53.313,99.718,100.955,101.308,23.874,23.938,23.954,49.863,51.255,52.028,110.481,112.693,113.404,24.0,49.86,21.0,565.6,4096.0,220.0,29.8,126.0,1132.3,19.54,79.0,1575.0,6.9,55.0,90,8794.7,15708.2,56.0,1195.0,0.0,4352.0,0.0
2026-09-04T12:17:00.163,564.012,1,5640,10,10.0,20.04,50.166,52.295,52.922,0.707,0.783,0.822,51.288,53.446,54.101,99.501,100.774,100.92,23.885,23.929,23.932,49.901,52.025,52.641,113.29,129.426,143.912,24.0,49.9,21.0,565.6,4096.0,220.0,29.8,126.0,1132.3,19.54,78.0,1575.0,7.9,54.0,90,8793.7,15708.2,56.0,1195.9,0.0,4352.0,0.0
2026-09-04T12:17:01.165,565.014,1,5650,10,9.98,20.05,50.147,52.781,54.741,0.695,0.754,0.763,51.251,53.897,55.844,100.345,101.219,101.287,23.876,23.92,23.923,49.871,52.52,54.508,110.637,111.938,112.358,24.0,49.78,21.0,565.6,4096.0,220.0,29.8,126.0,1132.3,19.54,79.0,1575.0,7.2,53.9,90,8791.3,15708.2,56.0,1194.6,0.0,4352.0,0.0
2026-09-04T12:17:02.164,566.012,1,5661,11,11.02,19.98,50.324,53.872,56.334,0.721,0.869,0.963,51.468,55.086,57.702,99.553,100.641,100.726,23.871,23.928,23.934,50.05,53.584,56.001,110.075,111.573,111.96,24.0,55.15,21.0,565.6,4096.0,220.0,27.7,126.0,1132.3,19.53,79.0,1575.0,7.5,55.1,90,8785.8,15708.2,55.9,1190.1,0.0,4352.0,0.0
2026-09-04T12:17:03.163,567.012,1,5670,9,9.0,20.06,50.108,51.252,51.355,0.748,0.96,1.085,51.328,52.396,52.478,100.221,100.972,100.973,23.88,23.98,23.996,49.839,50.982,51.085,114.815,132.831,146.329,24.0,44.86,21.0,565.6,4096.0,220.0,29.8,126.0,1132.3,19.53,78.0,1575.0,7.4,54.0,90,8788.2,15708.2,55.9,1195.0,0.0,4352.0,0.0
2026-09-04T12:17:04.163,568.012,1,5681,11,11.0,19.97,50.354,52.454,52.868,0.711,0.814,0.836,51.506,53.652,53.969,99.676,100.878,101.129,23.907,24.006,24.049,50.063,52.162,52.582,110.456,111.753,111.988,24.0,55.07,21.0,565.6,4096.0,220.0,27.7,126.0,1132.3,19.53,78.0,1575.0,7.3,55.0,90,8777.5,15708.2,55.9,1190.1,0.0,4352.0,0.0
2026-09-04T12:17:05.163,569.012,1,5690,9,9.0,20.02,50.235,51.909,52.648,0.73,0.857,0.877,51.394,53.048,53.833,100.243,101.181,101.323,24.06,24.631,24.942,49.938,51.603,52.356,110.573,111.972,112.19,24.0,44.94,21.0,565.6,4096.0,220.0,29.8,126.0,1132.3,19.54,79.0,1575.0,7.8,54.0,90,8768.0,15708.2,55.8,1195.9,0.0,4352.0,0.0
2026-09-04T12:17:06.165,570.013,1,5700,10,9.99,19.86,50.622,53.54,54.792,0.693,0.759,0.768,51.748,54.678,55.879,100.061,100.913,100.923,23.909,24.091,24.192,50.351,53.259,54.533,114.553,130.796,145.875,24.0,50.28,20.0,565.6,4096.0,220.0,27.7,126.0,1132.3,19.54,78.0,1575.0,7.5,54.9,90,8755.0,15708.2,55.7,1195.9,0.0,4352.0,0.0
2026-09-04T12:17:07.163,571.012,1,5711,11,11.02,19.99,50.278,52.683,53.738,0.682,0.772,0.787,51.387,53.712,54.722,99.558,100.743,100.778,23.864,23.907,23.915,50.023,52.428,53.513,110.406,111.676,111.792,24.0,55.11,21.0,565.6,4096.0,220.0,27.7,126.0,1132.3,19.53,78.0,1575.0,7.8,54.1,90,8749.0,15708.2,55.7,1190.1,0.0,4352.0,0.0
2026-09-04T12:17:08.164,572.012,1,5721,10,9.99,20.38,49.334,50.242,50.357,0.718,0.793,0.821,50.467,51.352,51.471,100.372,101.447,101.562,23.884,23.951,23.963,49.07,49.995,50.109,112.179,117.231,119.517,24.0,49.04,21.0,565.6,4096.0,220.0,27.7,126.0,1132.3,19.53,79.0,1575.0,7.4,53.9,90,8732.7,15708.2,55.6,1190.1,0.0,4352.0,0.0
2026-09-04T12:17:09.163,573.012,1,5731,10,10.01,20.24,49.665,50.637,50.788,0.674,0.74,0.766,50.747,51.826,52.039,99.472,100.9,100.978,23.869,23.906,23.923,49.401,50.361,50.488,114.122,131.455,147.364,24.0,49.43,21.0,565.6,4096.0,220.0,27.7,126.0,1132.3,19.54,79.0,1575.0,7.3,54.1,90,8728.7,15708.2,55.6,1190.1,0.0,4352.0,0.0
2026-09-04T12:17:10.164,574.013,1,5741,10,9.99,20.07,50.071,50.774,50.783,0.695,0.769,0.778,51.181,51.876,51.92,100.233,100.928,100.929,23.879,23.933,23.938,49.825,50.533,50.533,111.392,112.92,113.317,24.0,49.79,21.0,565.6,4096.0,220.0,27.7,126.0,1132.3,19.54,78.0,1575.0,7.6,53.9,90,8722.7,15708.2,55.5,1190.1,0.0,4352.0,0.0
2026-09-04T12:17:11.164,575.013,1,5751,10,10.0,20.15,49.909,50.503,50.621,0.704,0.761,0.78,51.03,51.599,51.71,99.949,100.954,100.962,23.876,23.944,23.961,49.638,50.253,50.371,110.327,112.304,112.741,24.0,49.62,20.0,565.6,4096.0,220.0,27.7,126.0,1132.3,19.54,79.0,1575.0,7.6,55.0,90,8736.9,15708.2,55.6,1190.1,0.0,4352.0,0.0
2026-09-04T12:17:12.163,576.012,1,5761,10,10.01,20.3,49.512,50.664,50.98,0.675,0.74,0.747,50.579,51.765,52.084,99.562,100.875,100.945,23.848,23.897,23.903,49.267,50.4,50.712,114.699,132.721,146.255,24.0,49.32,21.0,565.6,4096.0,220.0,27.7,126.0,1132.3,19.52,79.0,1575.0,7.4,54.1,90,8724.8,15708.2,55.5,1190.1,0.0,4352.0,0.0
2026-09-04T12:17:13.163,577.012,1,5771,10,10.0,20.19,49.785,50.524,50.555,0.7,0.733,0.734,50.894,51.673,51.691,100.061,101.277,101.39,23.874,23.919,23.919,49.532,50.271,50.312,112.164,121.347,128.799,24.0,49.53,21.0,565.6,4096.0,220.0,27.7,126.0,1132.3,19.53,78.0,1575.0,7.4,54.0,90,8709.3,15708.2,55.4,1190.1,0.0,4352.0,0.0
2026-09-04T12:17:14.163,578.012,1,5781,10,10.0,20.18,49.821,50.44,50.455,0.686,0.754,0.755,50.953,51.579,51.587,99.547,100.921,101.233,23.864,23.901,23.904,49.556,50.178,50.196,110.308,111.87,112.215,24.0,49.55,20.0,565.6,4096.0,220.0,27.7,126.0,1132.3,19.53,79.0,1575.0,7.5,54.0,90,8697.9,15708.2,55.4,1190.1,0.0,4352.0,0.0
2026-09-04T12:17:15.163,579.012,1,5791,10,10.0,20.16,49.868,50.622,50.958,0.701,0.778,0.798,50.992,51.846,52.178,99.795,101.133,101.196,23.881,23.957,23.964,49.599,50.332,50.628,110.553,112.265,112.763,23.0,49.6,20.0,565.6,4096.0,220.0,27.7,126.0,1132.3,19.52,79.0,1575.0,7.8,54.0,90,8699.9,15708.2,55.4,1190.1,0.0,4352.0,0.0
2026-09-04T12:17:16.164,580.013,1,5801,10,9.99,20.21,49.758,51.072,51.288,0.673,0.718,0.73,50.85,52.229,52.446,100.54,101.045,101.115,23.881,23.938,23.956,49.489,50.781,51.0,111.511,113.455,114.616,24.0,49.45,21.0,565.6,4096.0,220.0,27.7,126.0,1132.3,19.53,78.0,1575.0,7.1,54.9,90,8706.3,15708.2,55.4,1190.1,0.0,4352.0,0.0
2026-09-04T12:17:17.163,581.012,1,5811,10,10.01,20.22,49.706,50.433,50.494,0.667,0.71,0.717,50.804,51.566,51.616,99.733,100.669,100.675,23.87,23.905,23.909,49.449,50.191,50.262,110.512,112.008,112.323,24.0,49.49,21.0,565.6,4096.0,220.0,27.7,126.0,1132.3,19.53,79.0,1575.0,7.3,54.1,90,8710.7,15708.2,55.5,1190.1,0.0,4352.0,0.0
2026-09-04T12:17:18.163,582.012,1,5821,10,10.0,20.09,50.064,51.177,51.672,0.702,0.772,0.78,51.181,52.368,52.855,99.859,101.157,101.28,23.866,23.919,23.921,49.776,50.851,51.291,114.316,133.087,150.229,24.0,49.79,20.0,565.6,4096.0,220.0,27.7,126.0,1132.3,19.53,79.0,1575.0,8.8,54.0,90,8627.3,15708.2,54.9,1190.1,0.0,4352.0,0.0
2026-09-04T12:17:19.163,583.012,1,5831,10,10.0,19.72,50.977,52.322,52.456,0.718,0.783,0.803,52.128,53.51,53.6,100.213,101.288,101.377,23.886,23.935,23.954,50.704,52.034,52.183,111.773,112.767,112.805,24.0,50.7,21.0,565.6,4096.0,220.0,27.7,126.0,1132.3,19.52,79.0,1575.0,8.9,56.0,90,8621.2,15708.2,54.9,1190.1,0.0,4352.0,0.0
2026-09-04T12:17:20.163,584.012,1,5841,10,10.0,19.72,51.016,52.071,52.233,0.679,0.707,0.718,52.202,53.345,53.575,99.724,100.858,101.05,23.892,23.984,24.029,50.714,51.751,51.94,110.689,112.131,112.282,24.0,50.72,21.0,565.6,4096.0,220.0,27.7,126.0,1132.3,19.53,78.0,1575.0,7.8,56.0,90,8617.6,15708.2,54.9,1190.1,0.0,4352.0,0.0
2026-09-04T12:17:21.164,585.013,1,5851,10,9.99,19.63,51.225,53.103,53.105,0.71,0.769,0.771,52.376,54.316,54.319,99.804,101.218,101.516,23.9,23.977,23.996,50.955,52.84,52.844,111.022,112.669,112.682,24.0,50.89,21.0,565.6,4096.0,220.0,27.7,126.0,1132.3,19.52,79.0,1575.0,7.8,55.9,90,8501.4,15708.2,54.1,1190.1,0.0,4352.0,0.0
2026-09-04T12:17:22.163,586.012,1,5861,10,10.01,20.15,49.891,50.784,50.959,0.718,0.792,0.799,51.052,51.891,52.055,99.793,100.985,100.988,23.899,23.979,24.008,49.636,50.513,50.672,110.783,112.377,112.628,22.0,49.7,19.0,565.6,4096.0,220.0,27.7,126.0,1132.3,19.52,79.0,1575.0,7.6,54.1,90,8498.3,15708.2,54.1,1190.1,0.0,4352.0,0.0
2026-09-04T12:17:23.163,587.012,1,5871,10,10.0,20.1,50.016,50.636,50.809,0.697,0.769,0.774,51.14,51.72,51.889,99.665,101.178,101.379,23.891,23.94,23.942,49.753,50.381,50.548,110.431,112.73,112.737,24.0,49.75,22.0,565.6,4096.0,220.0,27.7,126.0,1132.3,19.54,78.0,1575.0,7.4,54.0,90,8491.0,15708.2,54.1,1190.1,0.0,4352.0,0.0
2026-09-04T12:17:24.163,588.012,1,5881,10,10.0,20.09,50.058,50.71,50.937,0.704,0.837,0.91,51.22,52.004,52.233,100.396,101.087,101.412,23.878,23.97,24.001,49.767,50.415,50.641,110.79,111.428,111.447,24.0,49.76,21.0,565.6,4096.0,220.0,27.7,126.0,1132.3,19.53,79.0,1575.0,7.3,55.0,90,8506.4,15708.2,54.2,1190.1,0.0,4352.0,0.0
2026-09-04T12:17:25.163,589.012,1,5891,10,10.0,20.11,50.007,51.72,52.325,0.7,0.767,0.796,51.104,52.858,53.413,99.382,101.251,101.434,23.907,23.977,23.978,49.738,51.427,52.033,110.567,112.328,112.508,25.0,49.74,21.0,565.6,4096.0,220.0,27.7,126.0,1132.3,19.6,79.0,1575.0,7.9,54.0,90,8506.6,15708.2,54.2,1190.1,0.0,4352.0,0.0
2026-09-04T12:17:26.164,590.013,1,5901,10,9.99,19.85,50.67,51.977,52.416,0.772,0.981,1.06,51.876,53.23,53.699,100.074,101.242,101.427,23.891,23.974,24.022,50.381,51.66,52.048,112.412,119.985,126.327,27.0,50.33,25.0,565.6,4096.0,220.0,27.7,126.0,1132.3,19.53,78.0,1575.0,7.7,55.9,90,8508.5,15708.2,54.2,1190.1,0.0,4352.0,0.0
2026-09-04T12:17:27.163,591.012,1,5911,10,10.01,20.02,50.227,51.691,51.925,0.803,0.89,0.943,51.452,52.941,53.2,99.73,101.14,101.163,23.898,23.989,24.004,49.94,51.379,51.595,110.872,114.314,116.23,22.0,50.0,20.0,565.6,4096.0,220.0,27.7,126.0,1132.3,19.62,79.0,1575.0,7.4,55.1,90,8491.3,15708.2,54.1,1190.1,0.0,4352.0,0.0
2026-09-04T12:17:28.163,592.012,1,5921,10,10.0,20.19,49.798,50.883,51.183,0.758,0.884,0.924,50.989,52.104,52.444,100.032,100.934,101.045,23.837,23.887,23.897,49.54,50.58,50.921,113.067,122.408,130.268,25.0,49.54,22.0,565.6,4096.0,220.0,27.7,126.0,1132.3,19.53,79.0,1575.0,7.3,54.0,90,8491.2,15708.2,54.1,1190.1,0.0,4352.0,0.0
2026-09-04T12:17:29.163,593.012,1,5931,10,10.0,20.16,49.858,51.288,51.313,0.767,0.824,0.83,51.053,52.517,52.534,99.766,101.329,101.666,23.888,23.932,23.936,49.593,51.007,51.017,110.561,113.028,113.608,24.0,49.59,21.0,565.6,4096.0,220.0,27.7,126.0,1132.3,19.59,79.0,1575.0,7.4,55.0,90,8490.3,15708.2,54.0,1190.1,0.0,4352.0,0.0
2026-09-04T12:17:30.163,594.012,1,5941,10,10.0,20.13,49.941,50.763,50.816,0.706,0.751,0.752,51.049,51.893,51.92,100.252,101.193,101.455,23.882,23.94,23.949,49.675,50.473,50.52,111.328,115.422,117.865,27.0,49.68,24.0,565.6,4096.0,220.0,27.7,126.0,1132.3,19.52,79.0,1575.0,7.4,54.0,90,8487.9,15708.2,54.0,1190.1,0.0,4352.0,0.0
2026-09-04T12:17:31.164,595.013,1,5951,10,9.99,20.17,49.833,50.773,50.868,0.72,0.748,0.752,50.984,51.932,51.989,99.555,101.243,101.542,23.86,23.924,23.946,49.566,50.499,50.57,112.018,125.166,135.181,29.0,49.51,25.0,565.6,4096.0,220.0,27.7,126.0,1132.3,19.73,79.0,1575.0,7.7,53.9,90,8494.2,15708.2,54.1,1190.1,0.0,4352.0,0.0
2026-09-04T12:17:32.163,596.012,1,5961,10,10.01,20.02,50.221,50.943,51.299,0.675,0.729,0.738,51.31,52.066,52.417,100.043,101.113,101.266,23.866,23.897,23.902,49.962,50.666,51.01,110.27,112.153,112.286,26.0,50.02,23.0,565.6,4096.0,220.0,27.7,126.0,1132.3,19.57,79.0,1575.0,7.3,55.1,90,8491.7,15708.2,54.1,1190.1,0.0,4352.0,0.0
2026-09-04T12:17:33.163,597.012,1,5971,10,10.0,20.17,49.838,50.934,51.041,0.686,0.744,0.754,50.915,52.062,52.181,100.199,101.219,101.455,23.894,23.952,23.96,49.589,50.676,50.799,111.693,115.716,117.238,31.0,49.59,28.0,565.6,4096.0,220.0,27.7,126.0,1132.3,19.56,79.0,1575.0,7.6,54.0,90,8484.4,15708.2,54.0,1190.1,0.0,4352.0,0.0
2026-09-04T12:17:34.163,598.012,1,5981,10,10.0,20.09,50.028,51.286,51.493,0.695,0.746,0.749,51.144,52.444,52.669,99.867,101.338,101.506,23.878,23.927,23.932,49.775,51.028,51.251,110.251,112.246,112.711,24.0,49.78,21.0,565.6,4096.0,220.0,27.7,126.0,1132.3,19.63,79.0,1575.0,7.1,55.0,90,8493.3,15708.2,54.1,1190.1,0.0,4352.0,0.0
2026-09-04T12:17:35.163,599.012,1,5991,10,10.0,20.16,49.844,50.481,50.562,0.655,0.732,0.768,50.923,51.556,51.636,99.759,100.996,101.173,23.864,23.903,23.905,49.592,50.253,50.332,110.753,117.787,121.674,26.0,49.59,23.0,565.6,4096.0,220.0,27.7,126.0,1132.3,19.66,79.0,1575.0,8.3,54.0,90,8491.5,15708.2,54.1,1190.1,0.0,4352.0,0.0
2026-09-04T12:17:36.164,600.013,1,6001,10,9.99,20.33,49.461,50.167,50.175,0.717,0.768,0.77,50.582,51.29,51.339,100.237,101.381,101.591,23.875,23.906,23.912,49.19,49.887,49.914,111.022,117.144,121.384,26.0,49.14,23.0,565.6,4096.0,220.0,27.7,126.0,1132.3,19.51,79.0,1575.0,7.2,53.9,90,8491.8,15708.2,54.1,1190.1,0.0,4352.0,0.0
2026-09-04T12:17:37.163,601.012,1,6011,10,10.01,20.2,49.773,50.544,50.659,0.692,0.753,0.783,50.864,51.613,51.724,99.621,100.956,101.234,23.88,23.93,23.948,49.508,50.261,50.394,108.195,111.764,111.946,25.0,49.56,21.0,565.6,4096.0,220.0,27.7,126.0,1132.3,19.69,79.0,1575.0,7.8,54.1,90,8493.2,15708.2,54.1,1190.1,0.0,4352.0,0.0
2026-09-04T12:17:38.163,602.012,1,6021,10,10.0,20.25,49.634,50.376,50.67,0.682,0.733,0.74,50.731,51.522,51.814,99.713,101.926,102.268,23.878,23.936,23.942,49.382,50.123,50.434,107.348,109.525,109.761,25.0,49.38,22.0,565.6,4096.0,220.0,27.7,126.0,1132.3,19.63,79.0,1575.0,6.9,54.0,90,8493.4,15708.2,54.1,1190.1,0.0,4352.0,0.0
2026-09-04T12:17:39.163,603.012,1,6031,10,10.0,20.15,49.888,50.682,50.907,0.696,0.749,0.753,50.972,51.759,51.893,100.324,101.362,101.367,23.879,23.931,23.955,49.622,50.415,50.662,109.842,119.1,126.917,25.0,49.62,22.0,565.6,4096.0,220.0,27.7,126.0,1132.3,19.49,79.0,1575.0,7.4,55.0,90,8504.1,15708.2,54.1,1190.1,0.0,4352.0,0.0
2026-09-04T12:17:40.163,604.012,1,6041,10,10.0,20.32,49.475,50.137,50.147,0.688,0.739,0.75,50.589,51.287,51.327,99.5,101.688,102.098,23.864,23.918,23.922,49.207,49.868,49.877,109.373,116.543,119.961,27.0,49.2,23.0,565.6,4096.0,220.0,27.7,126.0,1132.3,19.68,79.0,1575.0,7.8,54.0,90,8503.6,15708.2,54.1,1190.1,0.0,4352.0,0.0
2026-09-04T12:17:41.164,605.013,1,6051,10,9.99,20.4,49.288,50.173,50.492,1.319,1.615,1.674,51.001,51.936,52.269,99.997,101.439,101.488,23.867,23.93,23.941,49.025,49.878,50.174,107.475,109.305,109.655,25.0,48.96,21.0,565.6,4096.0,220.0,27.7,126.0,1132.3,19.61,79.0,1575.0,7.4,53.9,90,8506.7,15708.2,54.2,1190.1,0.0,4352.0,0.0
2026-09-04T12:17:42.163,606.012,1,6061,10,10.01,19.93,50.443,52.169,53.379,1.361,1.694,1.701,52.219,54.079,55.075,100.318,101.655,101.805,23.907,23.991,24.031,50.168,51.869,53.063,109.445,119.806,128.275,22.0,50.24,20.0,565.6,4096.0,220.0,27.7,126.0,1132.3,19.46,79.0,1575.0,12.9,56.1,90,8495.5,15708.2,54.1,1190.1,0.0,4352.0,0.0
2026-09-04T12:17:43.163,607.012,1,6071,10,10.0,19.97,50.342,51.878,52.218,1.194,1.335,1.409,51.968,53.515,53.788,99.479,101.092,101.388,23.889,23.924,23.936,50.085,51.613,51.965,106.499,108.425,108.509,24.0,50.09,21.0,565.6,4096.0,220.0,27.7,126.0,1132.3,19.66,79.0,1575.0,7.7,55.0,90,8489.4,15708.2,54.0,1190.1,0.0,4352.0,0.0
2026-09-04T12:17:44.163,608.012,1,6081,10,10.0,20.26,49.616,50.414,50.494,0.683,0.773,0.8,50.715,51.596,51.629,100.025,101.142,101.186,23.862,23.915,23.918,49.368,50.14,50.225,107.317,108.811,109.069,22.0,49.36,19.0,565.6,4096.0,220.0,27.7,126.0,1132.3,19.5,79.0,1575.0,7.2,54.0,90,8483.3,15708.2,54.0,1190.1,0.0,4352.0,0.0
2026-09-04T12:17:45.163,609.012,1,6091,10,10.0,20.3,49.534,50.996,51.733,0.953,1.398,1.514,50.867,52.476,53.393,100.049,101.352,101.416,23.877,23.911,23.911,49.254,50.756,51.462,109.613,119.449,127.226,25.0,49.25,21.0,565.6,4096.0,220.0,27.7,126.0,1132.3,19.51,79.0,1575.0,7.8,55.0,90,8481.8,15708.2,54.0,1190.1,0.0,4352.0,0.0
2026-09-04T12:17:46.164,610.013,1,6101,10,9.99,19.78,50.827,53.119,53.354,1.794,2.458,2.473,52.972,55.895,56.152,99.754,101.542,101.573,23.912,24.004,24.039,50.56,52.823,53.074,106.259,109.262,109.416,24.0,50.5,21.0,565.6,4096.0,220.0,27.7,126.0,1132.3,19.65,79.0,1575.0,8.1,56.9,90,8476.1,15708.2,54.0,1190.1,0.0,4352.0,0.0
2026-09-04T12:17:47.163,611.012,1,6111,10,10.01,19.83,50.707,54.799,58.088,1.681,1.785,1.787,52.773,56.938,60.159,100.033,102.11,102.88,23.895,23.944,23.964,50.417,54.48,57.746,107.009,109.542,110.048,20.0,50.48,18.0,565.6,4096.0,220.0,27.7,126.0,1132.3,19.53,79.0,1575.0,7.9,55.1,90,8481.6,15708.2,54.0,1190.1,0.0,4352.0,0.0
2026-09-04T12:17:48.163,612.012,1,6121,10,10.0,19.35,51.954,55.881,57.072,1.67,1.98,2.008,54.028,58.043,59.075,100.0,100.642,100.642,23.954,24.084,24.087,51.671,55.568,56.733,109.865,122.184,132.467,20.0,51.67,18.0,565.6,4096.0,220.0,27.7,126.0,1132.3,19.33,79.0,1575.0,14.9,58.0,90,8606.0,15708.2,54.8,1190.1,0.0,4352.0,0.0
2026-09-04T12:17:49.163,613.012,1,6131,10,10.0,20.49,49.056,50.134,50.442,1.397,1.731,1.875,50.819,52.275,52.496,100.268,101.28,101.459,23.889,23.934,23.959,48.796,49.859,50.129,107.35,110.448,110.606,25.0,48.8,22.0,565.6,4096.0,220.0,27.7,126.0,1132.3,19.51,79.0,1575.0,15.2,54.0,90,8692.5,15708.2,55.3,1190.1,0.0,4352.0,0.0
2026-09-04T12:17:50.163,614.012,1,6141,10,10.0,20.35,49.406,52.057,54.091,1.045,1.369,1.478,50.826,53.86,55.78,99.27,100.837,100.899,23.902,23.963,23.994,49.139,51.754,53.83,105.931,107.602,107.735,28.0,49.14,23.0,565.6,4096.0,220.0,27.7,126.0,1132.3,19.73,79.0,1575.0,16.9,55.0,90,8712.0,15708.2,55.5,1190.1,0.0,4352.0,0.0
2026-09-04T12:17:51.164,615.013,1,6151,10,9.99,19.88,50.61,52.974,54.149,1.246,1.566,1.631,52.22,54.601,55.545,100.283,100.991,101.003,23.941,24.047,24.075,50.308,52.644,53.895,109.395,123.675,136.582,23.0,50.24,20.0,565.6,4096.0,220.0,27.7,126.0,1132.3,19.56,79.0,1575.0,16.4,54.9,90,8717.7,15708.2,55.5,1190.1,0.0,4352.0,0.0
2026-09-04T12:17:52.163,616.012,1,6161,10,10.01,20.14,49.956,54.059,56.772,1.234,1.759,1.8,51.587,55.625,58.535,99.753,101.018,101.03,23.874,23.925,23.934,49.644,53.655,56.296,106.04,107.345,107.378,23.0,49.72,20.0,565.6,4096.0,220.0,27.7,126.0,1132.3,19.62,79.0,1575.0,9.0,54.1,90,8762.5,15708.2,55.8,1190.1,0.0,4352.0,0.0
2026-09-04T12:17:53.164,617.012,1,6171,10,10.0,20.91,48.079,49.924,50.328,1.648,2.149,2.266,50.057,51.837,52.318,99.764,101.643,101.883,23.999,24.497,24.92,47.815,49.69,50.13,106.293,108.778,109.396,24.0,47.81,20.0,565.6,4096.0,220.0,27.7,126.0,1132.3,19.61,79.0,1575.0,15.7,54.0,90,8941.9,15708.2,56.9,1190.1,0.0,4352.0,0.0
2026-09-04T12:17:54.163,618.012,1,6181,10,10.0,20.25,49.724,51.222,51.499,1.614,2.511,2.621,51.778,53.661,54.006,99.869,101.162,101.228,23.891,23.98,23.982,49.392,50.881,51.181,109.433,125.009,138.564,24.0,49.39,21.0,565.6,4096.0,220.0,27.7,126.0,1132.3,19.55,79.0,1575.0,10.9,55.0,90,8843.1,15708.2,56.3,1190.1,0.0,4352.0,0.0
2026-09-04T12:17:55.163,619.012,1,6191,10,10.0,20.24,49.699,51.36,52.598,1.652,1.822,1.888,51.746,53.422,54.665,99.935,101.223,101.666,23.873,23.922,23.931,49.412,51.075,52.319,107.062,108.504,108.966,24.0,49.41,21.0,565.6,4096.0,220.0,27.7,126.0,1132.3,19.55,79.0,1575.0,8.3,55.0,90,8832.9,15708.2,56.2,1190.1,0.0,4352.0,0.0
2026-09-04T12:17:56.164,620.013,1,6201,10,9.99,20.12,49.979,52.609,54.124,1.733,1.928,1.965,52.123,54.802,56.26,99.817,101.089,101.372,23.915,24.037,24.065,49.701,52.319,53.821,106.145,107.809,108.264,24.0,49.65,21.0,565.6,4096.0,220.0,27.7,126.0,1132.3,19.61,79.0,1575.0,7.9,54.9,90,8824.5,15708.2,56.2,1193.3,0.0,4352.0,0.0
2026-09-04T12:17:57.163,621.012,1,6211,10,10.01,20.24,49.665,50.517,50.531,1.679,1.853,1.902,51.689,52.608,52.635,100.128,102.17,102.589,23.906,23.952,23.96,49.417,50.268,50.277,111.64,129.464,144.043,24.0,49.47,21.0,565.6,4096.0,220.0,27.7,126.0,1132.3,19.53,79.0,1575.0,7.9,54.1,90,8819.0,15708.2,56.1,1190.8,0.0,4352.0,0.0
2026-09-04T12:17:58.163,622.012,1,6221,10,10.0,20.36,49.395,50.98,51.891,1.538,1.696,1.715,51.268,52.725,53.432,99.851,101.257,101.373,23.902,23.939,23.939,49.126,50.737,51.655,106.171,107.52,107.628,24.0,49.12,20.0,565.6,4096.0,220.0,27.7,126.0,1132.3,19.59,79.0,1575.0,10.2,55.0,90,8799.0,15708.2,56.0,1193.1,0.0,4352.0,0.0
2026-09-04T12:17:59.163,623.012,1,6231,10,10.0,20.41,49.239,49.921,49.927,1.273,1.642,1.688,50.835,51.483,51.492,99.703,100.898,100.959,23.864,23.932,23.938,48.985,49.661,49.706,108.636,111.866,112.013,24.0,48.98,20.0,565.6,4096.0,220.0,27.7,126.0,1132.3,19.53,79.0,1575.0,7.2,54.0,90,8785.0,15708.2,55.9,1193.0,0.0,4352.0,0.0
2026-09-04T12:18:00.163,624.012,1,6241,10,10.0,20.32,49.488,50.283,50.355,0.864,1.15,1.169,50.672,51.72,51.849,100.098,101.769,101.953,23.886,23.961,23.987,49.224,50.019,50.084,112.732,131.179,146.212,24.0,49.23,21.0,565.6,4096.0,220.0,27.7,126.0,1132.3,19.61,79.0,1575.0,7.6,54.0,90,8769.6,15708.2,55.8,1193.2,0.0,4352.0,0.0
2026-09-04T12:18:01.164,625.013,1,6251,10,9.99,20.06,50.111,50.784,50.839,0.731,0.806,0.818,51.171,51.891,51.902,99.939,101.035,101.2,23.915,23.973,23.978,49.855,50.492,50.524,108.935,111.04,111.443,24.0,49.79,21.0,565.6,4096.0,220.0,27.7,126.0,1132.3,19.58,79.0,1575.0,7.5,54.9,90,8755.6,15708.2,55.7,1193.5,0.0,4352.0,0.0
2026-09-04T12:18:02.163,626.012,1,6261,10,10.01,19.91,50.479,52.31,52.491,0.679,0.718,0.727,51.521,53.361,53.538,100.219,100.94,101.126,23.944,24.088,24.163,50.214,52.046,52.24,107.478,108.98,109.468,24.0,50.28,21.0,565.6,4096.0,220.0,27.7,126.0,1132.3,19.61,79.0,1575.0,7.4,54.1,90,8741.3,15708.2,55.6,1192.4,0.0,4352.0,0.0
2026-09-04T12:18:03.163,627.012,1,6271,10,10.0,20.01,50.24,52.171,52.439,0.728,0.851,0.9,51.282,53.309,53.729,99.607,101.21,101.268,23.868,23.898,23.909,49.985,51.881,52.135,113.81,134.371,151.694,23.0,49.98,21.0,565.6,4096.0,220.0,27.7,126.0,1132.3,19.59,79.0,1575.0,7.2,54.0,90,8719.1,15708.2,55.5,1192.4,0.0,4352.0,0.0
2026-09-04T12:18:04.163,628.012,1,6281,10,10.0,19.9,50.54,51.477,51.603,0.94,1.291,1.325,51.787,52.744,52.799,100.044,103.377,104.747,23.909,23.984,23.989,50.261,51.19,51.299,110.712,112.536,112.732,23.0,50.27,20.0,565.6,4096.0,220.0,27.7,126.0,1132.3,19.55,79.0,1575.0,7.3,56.0,90,8713.4,15708.2,55.5,1192.6,0.0,4352.0,0.0
2026-09-04T12:18:05.163,629.012,1,6291,10,10.0,20.0,50.281,51.601,51.964,1.677,1.875,1.907,52.301,53.636,53.993,100.023,101.138,101.268,23.913,24.043,24.075,50.009,51.332,51.705,109.29,112.022,112.198,23.0,50.01,20.0,565.6,4096.0,220.0,27.7,126.0,1132.3,19.51,79.0,1575.0,7.8,56.0,90,8706.4,15708.2,55.4,1191.5,0.0,4352.0,0.0
2026-09-04T12:18:06.164,630.013,1,6301,10,9.98,19.98,50.32,51.563,51.619,1.665,1.776,1.782,52.332,53.632,53.666,99.641,101.075,101.273,23.903,23.968,23.991,50.042,51.278,51.362,116.607,133.642,148.895,22.0,49.96,20.0,565.6,4096.0,220.0,27.7,126.0,1132.3,19.55,79.0,1575.0,7.9,54.9,90,8701.5,15708.2,55.4,1191.5,0.0,4352.0,0.0
2026-09-04T12:18:07.163,631.012,1,6311,10,10.02,19.99,50.311,53.335,55.534,1.644,1.83,1.904,52.282,55.255,57.573,100.419,101.682,101.755,23.897,23.939,23.943,50.032,53.057,55.247,112.275,114.408,114.827,26.0,50.11,22.0,565.6,4096.0,220.0,27.7,126.0,1132.3,19.53,79.0,1575.0,7.5,55.1,90,8702.6,15708.2,55.4,1192.6,0.0,4352.0,0.0
2026-09-04T12:18:08.163,632.012,1,6321,10,10.0,20.21,49.763,50.612,50.912,1.654,1.725,1.73,51.824,52.623,52.819,99.209,100.891,101.005,23.89,23.947,23.95,49.48,50.326,50.649,113.363,115.895,116.2,23.0,49.48,20.0,565.6,4096.0,220.0,27.7,126.0,1132.3,19.64,79.0,1575.0,7.8,55.0,90,8695.7,15708.2,55.4,1193.6,0.0,4352.0,0.0
2026-09-04T12:18:09.163,633.012,1,6331,10,10.0,20.06,50.13,53.016,53.658,1.725,2.164,2.47,52.27,55.482,55.79,100.004,101.172,101.389,23.87,23.927,23.928,49.847,52.728,53.417,117.556,136.793,153.112,23.0,49.85,20.0,565.6,4096.0,220.0,27.7,126.0,1132.3,19.57,79.0,1575.0,7.5,55.0,90,8700.2,15708.2,55.4,1193.2,0.0,4352.0,0.0
2026-09-04T12:18:10.163,634.012,1,6341,10,10.0,20.46,49.151,49.998,50.185,1.64,1.784,1.842,51.236,52.076,52.194,99.994,101.403,101.562,23.851,23.901,23.919,48.865,49.694,49.879,113.863,116.108,116.641,23.0,48.86,20.0,565.6,4096.0,220.0,27.7,126.0,1132.3,19.58,79.0,1575.0,8.0,55.0,90,8698.2,15708.2,55.4,1193.5,0.0,4352.0,0.0
2026-09-04T12:18:11.164,635.013,1,6351,10,9.99,20.37,49.367,50.189,50.259,1.478,1.686,1.703,51.264,52.228,52.238,99.702,100.756,100.86,23.855,23.915,23.917,49.092,49.95,50.024,111.792,115.305,115.824,23.0,49.04,20.0,565.6,4096.0,220.0,27.7,126.0,1132.3,19.63,79.0,1575.0,8.0,53.9,90,8678.9,15708.2,55.3,1194.6,0.0,4352.0,0.0
2026-09-04T12:18:12.163,636.012,1,6361,10,10.01,20.12,49.973,51.899,52.994,1.634,1.706,1.729,52.028,54.028,55.121,100.401,101.101,101.172,23.872,23.9,23.901,49.697,51.63,52.718,116.651,137.409,149.69,23.0,49.75,21.0,565.6,4096.0,220.0,27.7,126.0,1132.3,19.59,79.0,1575.0,7.6,56.1,90,8675.2,15708.2,55.2,1195.1,0.0,4352.0,0.0
2026-09-04T12:18:13.164,637.012,1,6371,10,10.0,20.22,49.732,51.443,52.278,1.333,1.687,1.689,51.492,53.359,54.187,99.399,101.334,101.336,23.868,23.901,23.912,49.463,51.142,51.972,110.31,115.729,116.152,23.0,49.46,20.0,565.6,4096.0,220.0,47.9,126.0,1132.3,19.6,79.0,1575.0,7.6,54.9,90,8672.5,15708.2,55.2,1190.1,0.0,4352.0,0.0
2026-09-04T12:18:14.163,638.012,1,6381,10,10.0,19.93,50.483,51.426,51.778,0.989,1.424,1.606,51.976,53.121,53.39,99.88,101.264,101.44,23.972,24.307,24.478,50.165,51.058,51.503,110.848,113.453,114.274,23.0,50.17,21.0,565.6,4096.0,220.0,37.7,126.0,1132.3,19.59,79.0,1575.0,7.5,54.0,90,8683.4,15708.2,55.3,1190.1,0.0,4352.0,0.0
2026-09-04T12:18:15.163,639.012,1,6391,10,10.0,19.69,51.062,53.052,53.914,0.792,0.878,0.88,52.288,54.305,55.107,100.537,100.936,100.984,24.077,24.804,25.432,50.778,52.769,53.672,114.846,131.378,146.543,23.0,50.78,20.0,565.6,4096.0,220.0,27.7,126.0,1132.3,19.58,79.0,1575.0,7.3,53.0,90,8665.2,15708.2,55.2,1194.6,0.0,4352.0,0.0
2026-09-04T12:18:16.165,640.014,1,6401,10,9.98,19.92,50.467,51.786,52.319,0.722,0.854,0.924,51.64,52.968,53.522,99.51,101.085,101.361,23.88,23.951,23.977,50.195,51.522,52.094,110.536,112.301,112.308,23.0,50.1,20.0,565.6,4096.0,220.0,57.7,126.0,1132.3,19.6,79.0,1575.0,7.1,55.9,90,8668.6,15708.2,55.2,1190.1,0.0,4352.0,0.0
2026-09-04T12:18:17.163,641.012,1,6411,10,10.02,19.89,50.539,51.697,51.849,0.711,0.821,0.872,51.684,52.868,53.08,99.526,101.05,101.453,23.95,24.223,24.319,50.284,51.412,51.576,111.811,117.696,121.111,23.0,50.38,20.0,565.6,4096.0,220.0,59.7,126.0,1132.3,19.6,79.0,1575.0,7.6,53.1,90,8670.1,15708.2,55.2,1190.1,0.0,4352.0,0.0
2026-09-04T12:18:18.163,642.012,1,6421,10,10.0,19.88,50.555,52.027,52.053,0.726,0.875,0.975,51.674,53.161,53.212,100.014,100.778,100.923,23.936,24.02,24.07,50.306,51.746,51.746,115.677,133.505,148.538,23.0,50.3,20.0,565.6,4096.0,220.0,29.8,126.0,1132.3,19.59,79.0,1575.0,8.6,54.0,90,8601.3,15708.2,54.8,1190.1,0.0,4352.0,0.0
2026-09-04T12:18:19.164,643.012,1,6431,10,10.0,20.11,49.99,50.976,51.14,0.772,0.836,0.85,51.168,52.169,52.286,100.02,102.084,102.654,23.874,23.901,23.908,49.722,50.703,50.88,111.34,114.277,114.702,23.0,49.72,21.0,565.6,4096.0,220.0,57.7,126.0,1132.3,19.58,79.0,1575.0,9.2,53.9,90,8607.6,15708.2,54.8,1190.1,0.0,4352.0,0.0
2026-09-04T12:18:20.164,644.012,1,6441,10,10.0,19.86,50.618,53.551,54.931,0.764,0.939,1.017,51.797,54.861,56.143,100.034,100.911,101.006,24.129,25.238,26.258,50.353,53.228,54.62,111.631,113.278,113.975,23.0,50.36,20.0,565.6,4096.0,220.0,57.7,126.0,1132.3,19.59,79.0,1575.0,7.5,55.0,90,8606.2,15708.2,54.8,1190.1,0.0,4352.0,0.0
2026-09-04T12:18:21.164,645.013,1,6451,10,9.99,19.95,50.389,51.89,52.689,0.77,0.898,0.944,51.569,53.209,54.036,99.781,101.056,101.41,23.914,24.0,24.03,50.135,51.634,52.437,114.796,133.212,149.917,23.0,50.08,20.0,565.6,4096.0,220.0,29.8,126.0,1132.3,19.61,79.0,1575.0,8.1,55.0,90,8481.0,15708.2,54.0,1190.1,0.0,4352.0,0.0
2026-09-04T12:18:22.163,646.012,1,6461,10,10.01,20.0,50.24,50.916,51.095,0.686,0.747,0.763,51.325,52.08,52.235,99.558,100.981,100.986,23.9,23.977,23.98,49.991,50.648,50.825,111.663,114.665,115.436,23.0,50.05,20.0,565.6,4096.0,220.0,29.8,126.0,1132.3,19.6,79.0,1575.0,8.2,54.1,90,8486.8,15708.2,54.0,1190.1,0.0,4352.0,0.0
2026-09-04T12:18:23.163,647.012,1,6471,10,10.0,20.02,50.193,51.55,51.945,0.701,0.749,0.75,51.303,52.703,53.188,100.541,101.526,101.615,23.863,23.903,23.904,49.941,51.288,51.673,111.556,113.405,113.91,23.0,49.94,20.0,565.6,4096.0,220.0,49.8,126.0,1132.3,19.59,79.0,1575.0,8.1,54.0,90,8494.0,15708.2,54.1,1190.1,0.0,4352.0,0.0
2026-09-04T12:18:24.163,648.012,1,6481,10,10.0,20.04,50.161,51.087,51.332,0.706,0.759,0.784,51.26,52.202,52.414,99.754,101.033,101.34,23.893,23.961,23.979,49.889,50.778,50.998,115.065,131.953,146.682,23.0,49.89,20.0,565.6,4096.0,220.0,29.8,126.0,1132.3,19.6,79.0,1575.0,7.3,55.0,90,8486.8,15708.2,54.0,1190.1,0.0,4352.0,0.0
2026-09-04T12:18:25.163,649.012,1,6491,10,10.0,20.06,50.131,51.07,51.19,0.681,0.716,0.724,51.243,52.252,52.361,99.987,101.637,101.66,23.886,23.96,23.979,49.863,50.801,50.925,111.079,113.314,113.441,23.0,49.86,20.0,565.6,4096.0,220.0,29.8,126.0,1132.3,19.6,79.0,1575.0,7.9,54.0,90,8489.5,15708.2,54.0,1190.1,0.0,4352.0,0.0
2026-09-04T12:18:26.164,650.013,1,6501,10,9.99,19.84,50.665,53.568,55.644,0.784,0.998,1.112,51.875,54.653,56.751,99.826,100.928,100.939,23.902,23.948,23.963,50.407,53.321,55.401,111.282,114.354,115.392,23.0,50.35,20.0,565.6,4096.0,220.0,29.8,126.0,1132.3,19.59,79.0,1575.0,8.8,55.0,90,8485.2,15708.2,54.0,1190.1,0.0,4352.0,0.0
2026-09-04T12:18:27.163,651.012,1,6511,10,10.01,19.94,50.389,51.045,51.165,0.737,0.796,0.796,51.545,52.27,52.37,100.251,101.323,101.659,23.901,23.945,23.953,50.144,50.807,50.921,115.33,133.515,148.997,23.0,50.2,20.0,565.6,4096.0,220.0,44.6,126.0,1132.3,19.59,79.0,1575.0,7.6,54.0,90,8489.7,15708.2,54.0,1190.1,0.0,4352.0,0.0
2026-09-04T12:18:28.163,652.012,1,6521,10,10.0,19.82,50.733,52.242,52.44,0.8,0.916,0.989,51.961,53.58,53.881,99.514,101.064,101.477,23.927,23.946,23.948,50.463,51.955,52.136,111.525,115.196,116.302,23.0,50.46,20.0,565.6,4096.0,220.0,29.8,126.0,1132.3,19.59,79.0,1575.0,7.5,56.0,90,8493.3,15708.2,54.1,1190.1,0.0,4352.0,0.0
2026-09-04T12:18:29.163,653.012,1,6531,10,10.0,19.87,50.583,51.697,52.121,0.826,1.121,1.245,51.84,52.909,53.34,100.305,101.001,101.007,23.907,23.997,24.034,50.319,51.443,51.887,111.602,113.204,113.535,23.0,50.32,20.0,565.6,4096.0,220.0,59.7,126.0,1132.3,19.6,79.0,1575.0,8.1,53.0,90,8497.4,15708.2,54.1,1190.1,0.0,4352.0,0.0
2026-09-04T12:18:30.163,654.012,1,6541,10,10.0,20.0,50.253,51.01,51.094,0.835,1.091,1.268,51.518,52.18,52.246,99.498,101.146,101.641,23.891,23.964,24.0,49.998,50.75,50.837,115.055,134.476,148.095,23.0,50.0,20.0,565.6,4096.0,220.0,29.8,126.0,1132.3,19.59,79.0,1575.0,7.7,55.0,90,8499.3,15708.2,54.1,1190.1,0.0,4352.0,0.0
2026-09-04T12:18:31.164,655.013,1,6551,10,9.99,20.04,50.165,51.167,51.319,0.773,0.909,0.945,51.383,52.326,52.471,99.738,100.953,101.041,23.878,23.925,23.931,49.889,50.883,51.03,111.018,112.97,113.686,23.0,49.83,20.0,565.6,4096.0,220.0,29.8,126.0,1132.3,19.58,79.0,1575.0,7.7,54.9,90,8501.4,15708.2,54.1,1190.1,0.0,4352.0,0.0
2026-09-04T12:18:32.163,656.012,1,6561,10,10.01,19.96,50.375,52.101,52.149,0.752,0.887,0.975,51.581,53.427,53.469,100.304,101.047,101.065,23.907,23.976,23.992,50.098,51.772,51.822,111.47,112.581,112.687,23.0,50.16,20.0,565.6,4096.0,220.0,29.8,126.0,1132.3,19.58,79.0,1575.0,8.3,55.1,90,8503.7,15708.2,54.1,1190.1,0.0,4352.0,0.0
2026-09-04T12:18:33.163,657.012,1,6571,10,10.0,20.02,50.206,51.535,51.843,0.821,0.958,1.042,51.44,52.782,53.154,99.519,100.638,100.67,23.91,23.962,23.963,49.94,51.237,51.572,114.932,132.47,148.011,23.0,49.94,20.0,565.6,4096.0,220.0,29.8,126.0,1132.3,19.59,79.0,1575.0,8.3,55.0,90,8515.3,15708.2,54.2,1190.1,0.0,4352.0,0.0
2026-09-04T12:18:34.163,658.012,1,6581,10,10.0,19.94,50.418,51.16,51.192,0.749,0.881,0.914,51.583,52.425,52.503,100.183,100.988,101.108,23.926,24.158,24.326,50.15,50.897,50.918,112.067,114.189,114.245,23.0,50.14,20.0,565.6,4096.0,220.0,29.8,126.0,1132.3,19.58,79.0,1575.0,7.3,55.0,90,8517.3,15708.2,54.2,1190.1,0.0,4352.0,0.0
2026-09-04T12:18:35.163,659.012,1,6591,10,10.0,20.25,49.658,50.672,50.756,0.737,0.799,0.809,50.824,51.911,51.984,99.575,100.878,100.941,23.908,23.953,23.97,49.385,50.407,50.497,110.782,113.118,114.205,23.0,49.38,20.0,565.6,4096.0,220.0,29.8,126.0,1132.3,19.57,79.0,1575.0,16.4,54.0,90,8500.1,15708.2,54.1,1190.1,0.0,4352.0,0.0
2026-09-04T12:18:36.164,660.013,1,6601,10,9.99,19.88,50.576,51.721,52.273,0.703,0.771,0.777,51.696,52.767,53.258,99.835,101.657,101.699,23.917,23.991,24.012,50.304,51.47,52.046,115.313,132.225,147.352,23.0,50.24,20.0,565.6,4096.0,220.0,29.8,126.0,1132.3,19.59,79.0,1575.0,7.3,53.9,90,8517.7,15708.2,54.2,1190.1,0.0,4352.0,0.0
2026-09-04T12:18:37.163,661.012,1,6611,10,10.01,19.9,50.509,51.859,52.206,1.151,1.648,1.678,52.091,53.224,53.321,99.995,101.971,102.327,23.913,24.039,24.097,50.24,51.567,51.921,110.767,114.101,115.149,23.0,50.31,20.0,565.6,4096.0,220.0,29.8,126.0,1132.3,19.59,79.0,1575.0,7.5,55.1,90,8519.6,15708.2,54.2,1190.1,0.0,4352.0,0.0
2026-09-04T12:18:38.163,662.012,1,6621,10,10.0,20.15,49.905,50.734,50.919,1.458,1.688,1.711,51.797,52.736,53.004,100.021,101.546,101.625,23.906,24.01,24.087,49.628,50.428,50.611,111.148,112.486,112.574,23.0,49.63,20.0,565.6,4096.0,220.0,29.8,126.0,1132.3,19.6,79.0,1575.0,7.6,55.0,90,8519.9,15708.2,54.2,1190.1,0.0,4352.0,0.0
2026-09-04T12:18:39.163,663.012,1,6631,10,10.0,20.04,50.158,50.805,50.896,1.396,1.605,1.638,51.97,52.556,52.618,100.054,100.99,101.154,23.977,24.426,24.797,49.892,50.526,50.586,114.887,131.254,146.415,23.0,49.89,20.0,565.6,4096.0,220.0,29.8,126.0,1132.3,19.6,79.0,1575.0,7.6,55.0,90,8521.2,15708.2,54.2,1190.1,0.0,4352.0,0.0
2026-09-04T12:18:40.163,664.012,1,6641,10,10.0,20.17,49.855,50.542,50.66,1.647,1.837,1.842,51.914,52.57,52.713,99.698,100.906,100.995,23.919,24.223,24.484,49.574,50.27,50.405,110.192,112.365,112.457,23.0,49.58,20.0,565.6,4096.0,220.0,29.8,126.0,1132.3,19.59,79.0,1575.0,7.9,55.0,90,8518.3,15708.2,54.2,1190.1,0.0,4352.0,0.0
2026-09-04T12:18:41.164,665.013,1,6651,10,9.99,19.99,50.325,52.552,53.378,2.093,2.304,2.312,52.846,55.14,56.126,100.111,101.235,101.305,24.122,25.227,26.293,50.02,52.254,53.097,111.269,112.814,113.172,23.0,49.96,20.0,565.6,4096.0,220.0,29.8,126.0,1132.3,19.59,79.0,1575.0,8.0,55.9,90,8506.4,15708.2,54.2,1190.1,0.0,4352.0,0.0
2026-09-04T12:18:42.163,666.012,1,6661,10,10.01,19.98,50.316,52.073,52.927,1.802,2.306,2.337,52.543,54.575,55.605,99.997,101.217,101.615,23.915,24.011,24.013,50.041,51.769,52.64,114.862,129.486,143.7,23.0,50.1,20.0,565.6,4096.0,220.0,29.8,126.0,1132.3,19.59,79.0,1575.0,7.7,54.1,90,8501.7,15708.2,54.1,1190.1,0.0,4352.0,0.0
2026-09-04T12:18:43.163,667.012,1,6671,10,10.0,20.03,50.207,51.798,51.902,2.049,2.32,2.376,52.672,54.116,54.16,100.022,101.328,101.449,23.974,24.503,24.981,49.925,51.514,51.621,111.097,113.663,114.484,23.0,49.92,20.0,565.6,4096.0,220.0,29.8,126.0,1132.3,19.6,79.0,1575.0,7.7,56.0,90,8498.1,15708.2,54.1,1190.1,0.0,4352.0,0.0
2026-09-04T12:18:44.163,668.012,1,6681,10,10.0,20.22,49.715,51.482,52.477,1.732,2.146,2.192,51.867,53.883,54.674,99.512,101.106,101.303,23.962,24.558,25.119,49.445,51.214,52.225,111.356,113.579,114.142,23.0,49.45,20.0,565.6,4096.0,220.0,29.8,126.0,1132.3,19.6,79.0,1575.0,7.5,56.0,90,8485.8,15708.2,54.0,1192.7,0.0,4352.0,0.0
2026-09-04T12:18:45.163,669.012,1,6691,10,10.0,20.15,49.891,51.012,51.397,1.723,1.861,1.872,52.043,53.217,53.772,100.255,100.869,101.022,23.857,23.9,23.909,49.623,50.746,51.114,115.469,132.414,145.632,23.0,49.61,20.0,565.6,4096.0,220.0,29.8,126.0,1132.3,19.59,79.0,1575.0,7.9,54.0,90,8498.3,15708.2,54.1,1190.1,0.0,4352.0,0.0
2026-09-04T12:18:46.164,670.013,1,6701,10,9.99,20.12,49.994,52.773,54.166,1.493,2.086,2.313,51.913,54.618,56.126,99.479,101.057,101.118,24.069,24.96,25.795,49.713,52.472,53.867,110.59,112.514,112.544,23.0,49.67,20.0,565.6,4096.0,220.0,29.8,126.0,1132.3,19.59,79.0,1575.0,7.5,56.0,90,8495.6,15708.2,54.1,1193.6,0.0,4352.0,0.0
2026-09-04T12:18:47.163,671.012,1,6711,10,10.01,20.04,50.142,51.523,51.572,1.114,1.282,1.287,51.701,53.19,53.199,100.285,101.303,101.321,23.884,23.948,23.964,49.891,51.246,51.306,111.875,113.919,114.088,23.0,49.95,20.0,565.6,4096.0,220.0,29.8,126.0,1132.3,19.6,79.0,1575.0,7.6,55.1,90,8496.9,15708.2,54.1,1191.9,0.0,4352.0,0.0
2026-09-04T12:18:48.163,672.012,1,6721,10,10.0,20.05,50.145,52.409,52.593,1.46,1.762,1.808,52.02,54.307,54.414,100.064,101.423,101.888,23.884,23.932,23.943,49.868,52.126,52.356,114.081,130.557,145.338,24.0,49.87,20.0,565.6,4096.0,220.0,29.8,126.0,1132.3,19.59,79.0,1575.0,13.8,55.0,90,8648.9,15708.2,55.1,1195.6,0.0,4352.0,0.0
2026-09-04T12:18:49.163,673.012,1,6731,10,10.0,20.54,48.963,50.482,50.589,1.456,1.925,2.171,50.812,52.638,52.826,99.821,100.938,101.118,23.882,23.928,23.941,48.681,50.2,50.341,111.455,112.437,112.808,23.0,48.68,20.0,565.6,4096.0,220.0,29.8,126.0,1132.3,19.6,79.0,1575.0,15.3,53.0,90,8711.5,15708.2,55.5,1193.0,0.0,4352.0,0.0
2026-09-04T12:18:50.163,674.012,1,6741,10,10.0,20.0,50.282,52.062,52.15,1.147,1.575,1.613,51.882,53.666,53.791,99.934,101.145,101.22,23.945,24.172,24.349,49.999,51.769,51.867,111.005,112.562,112.603,23.0,50.0,20.0,565.6,4096.0,220.0,29.8,126.0,1132.3,19.59,79.0,1575.0,16.7,55.0,90,8737.8,15708.2,55.6,1194.1,0.0,4352.0,0.0
2026-09-04T12:18:51.165,675.014,1,6752,11,10.98,20.19,49.794,52.821,54.505,0.871,1.006,1.014,51.077,54.194,55.982,99.584,100.853,100.909,23.899,24.009,24.025,49.536,52.539,54.215,114.417,127.96,140.979,23.0,54.37,20.0,565.6,4096.0,220.0,27.7,126.0,1132.3,19.6,79.0,1575.0,16.5,54.9,90,8733.5,15708.2,55.6,1190.1,0.0,4352.0,0.0
2026-09-04T12:18:52.163,676.012,1,6761,9,9.02,20.26,49.655,50.8,51.331,0.714,0.77,0.776,50.793,51.965,52.475,100.274,101.498,101.769,23.886,23.96,23.969,49.368,50.481,51.003,111.563,112.95,112.994,24.0,44.53,21.0,565.6,4096.0,220.0,27.7,126.0,1132.3,19.61,79.0,1575.0,8.1,53.1,90,8756.6,15708.2,55.7,1190.1,0.0,4352.0,0.0
2026-09-04T12:18:53.163,677.012,1,6772,11,11.0,20.44,49.19,54.56,58.006,1.02,1.363,1.366,50.62,56.247,59.892,99.6,101.342,101.388,23.881,23.98,23.993,48.915,54.258,57.683,110.502,112.813,113.097,23.0,53.81,20.0,565.6,4096.0,220.0,27.7,126.0,1132.3,19.59,79.0,1575.0,19.3,54.0,90,8972.8,15708.2,57.1,1190.1,0.0,4352.0,0.0
2026-09-04T12:18:54.164,678.012,1,6782,10,9.99,20.21,49.784,52.698,53.649,1.615,2.201,2.478,51.861,55.225,56.566,100.03,101.288,101.375,23.908,24.022,24.037,49.482,52.38,53.302,114.425,130.845,145.741,24.0,49.45,20.0,565.6,4096.0,220.0,27.7,126.0,1132.3,19.59,79.0,1575.0,11.2,54.9,90,8883.7,15708.2,56.6,1190.1,0.0,4352.0,0.0
2026-09-04T12:18:55.163,679.012,1,6792,10,10.0,20.22,49.756,51.113,51.467,1.4,1.579,1.585,51.607,53.118,53.54,99.987,101.55,101.605,23.897,23.993,24.011,49.467,50.813,51.16,112.789,118.945,121.451,23.0,49.49,20.0,565.6,4096.0,220.0,27.7,126.0,1132.3,19.61,79.0,1575.0,7.5,55.1,90,8872.0,15708.2,56.5,1190.1,0.0,4352.0,0.0
2026-09-04T12:18:56.165,680.014,1,6802,10,9.98,20.32,49.493,50.533,50.864,1.377,1.717,1.787,51.296,52.136,52.308,100.356,101.456,101.911,23.893,23.95,23.953,49.216,50.253,50.567,111.625,113.046,113.31,23.0,49.12,20.0,565.6,4096.0,220.0,27.7,126.0,1132.3,19.62,79.0,1575.0,7.7,54.9,90,8856.4,15708.2,56.4,1190.1,0.0,4352.0,0.0
2026-09-04T12:18:57.163,681.012,1,6812,10,10.02,20.25,49.665,50.269,50.329,1.186,1.408,1.461,51.291,52.057,52.213,99.447,101.421,101.815,23.879,23.912,23.913,49.393,49.99,50.054,114.917,130.845,144.749,23.0,49.48,20.0,565.6,4096.0,220.0,27.7,126.0,1132.3,19.62,79.0,1575.0,7.0,54.1,90,8843.7,15708.2,56.3,1190.1,0.0,4352.0,0.0
2026-09-04T12:18:58.163,682.012,1,6822,10,10.0,20.13,49.945,51.423,51.474,0.921,0.984,0.994,51.295,52.814,52.894,100.359,101.714,101.947,23.89,23.951,23.952,49.676,51.155,51.211,110.652,111.987,111.996,23.0,49.68,20.0,565.6,4096.0,220.0,27.7,126.0,1132.3,19.61,79.0,1575.0,7.9,55.0,90,8831.3,15708.2,56.2,1190.1,0.0,4352.0,0.0
2026-09-04T12:18:59.163,683.012,1,6832,10,10.0,19.92,50.473,51.386,51.716,1.212,1.564,1.661,52.105,53.162,53.558,99.909,101.367,101.451,23.912,23.968,23.997,50.2,51.089,51.381,110.656,111.899,112.012,23.0,50.2,21.0,565.6,4096.0,220.0,27.7,126.0,1132.3,19.6,79.0,1575.0,7.2,55.0,90,8807.0,15708.2,56.1,1190.1,0.0,4352.0,0.0
2026-09-04T12:19:00.163,684.012,1,6842,10,10.0,20.3,49.522,50.657,51.113,1.619,1.735,1.777,51.557,52.896,53.368,99.816,101.267,101.274,23.896,23.965,23.973,49.258,50.323,50.707,114.616,131.564,146.658,23.0,49.26,20.0,565.6,4096.0,220.0,27.7,126.0,1132.3,19.61,79.0,1575.0,8.3,54.0,90,8792.0,15708.2,56.0,1190.1,0.0,4352.0,0.0
2026-09-04T12:19:01.164,685.013,1,6852,10,9.99,20.23,49.706,50.324,50.392,1.693,1.911,2.025,51.839,52.63,52.692,99.749,101.323,101.804,23.882,23.924,23.924,49.433,50.062,50.12,111.087,112.61,112.887,23.0,49.37,20.0,565.6,4096.0,220.0,27.7,126.0,1132.3,19.61,79.0,1575.0,7.2,54.9,90,8783.5,15708.2,55.9,1190.1,0.0,4352.0,0.0
2026-09-04T12:19:02.163,686.012,1,6862,10,10.01,20.14,49.923,50.527,50.564,1.67,1.779,1.834,52.033,52.718,52.775,100.065,101.446,101.906,23.867,23.92,23.942,49.657,50.252,50.302,111.225,113.251,113.502,23.0,49.72,20.0,565.6,4096.0,220.0,27.7,126.0,1132.3,19.61,79.0,1575.0,8.4,56.1,90,8770.3,15708.2,55.8,1190.1,0.0,4352.0,0.0
2026-09-04T12:19:03.163,687.012,1,6872,10,10.0,19.89,50.559,52.024,52.511,1.861,2.267,2.423,52.858,54.409,54.952,99.738,101.193,101.63,23.905,23.991,24.021,50.28,51.715,52.235,114.735,132.572,148.178,23.0,50.27,20.0,565.6,4096.0,220.0,27.7,126.0,1132.3,19.61,79.0,1575.0,7.3,56.0,90,8756.6,15708.2,55.7,1190.1,0.0,4352.0,0.0
2026-09-04T12:19:04.163,688.012,1,6882,10,10.0,19.88,50.584,51.611,51.707,1.66,1.717,1.736,52.685,53.66,53.76,100.06,101.202,101.305,23.902,23.958,23.966,50.311,51.35,51.427,110.783,112.411,112.442,23.0,50.31,20.0,565.6,4096.0,220.0,27.7,126.0,1132.3,19.6,79.0,1575.0,7.9,55.0,90,8731.7,15708.2,55.6,1190.1,0.0,4352.0,0.0
2026-09-04T12:19:05.163,689.012,1,6892,10,10.0,19.89,50.593,51.938,52.564,1.666,1.962,2.009,52.726,54.195,54.999,99.771,101.533,101.878,23.928,24.004,24.029,50.285,51.607,52.22,110.871,114.285,114.395,23.0,50.28,20.0,565.6,4096.0,220.0,27.7,126.0,1132.3,19.61,79.0,1575.0,7.7,56.0,90,8725.0,15708.2,55.5,1190.1,0.0,4352.0,0.0
2026-09-04T12:19:06.164,690.013,1,6902,10,9.99,20.11,50.014,51.036,51.278,1.537,1.713,1.73,51.972,53.073,53.237,99.894,100.967,101.07,23.88,23.939,23.955,49.727,50.747,50.993,111.115,113.017,113.657,23.0,49.68,20.0,565.6,4096.0,220.0,27.7,126.0,1132.3,19.6,79.0,1575.0,8.2,55.9,90,8720.0,15708.2,55.5,1190.1,0.0,4352.0,0.0
2026-09-04T12:19:07.163,691.012,1,6911,9,9.01,20.05,50.178,50.768,50.891,1.098,1.315,1.44,51.717,52.352,52.459,100.409,102.119,102.3,23.896,23.939,23.942,49.887,50.459,50.596,117.937,151.438,170.787,23.0,44.94,20.0,565.6,4096.0,220.0,29.7,126.0,1132.3,19.6,79.0,1575.0,7.3,55.0,90,8724.1,15708.2,55.5,1195.9,0.0,4352.0,0.0
2026-09-04T12:19:08.163,692.012,1,6922,11,11.0,19.88,50.596,53.27,55.727,0.963,1.042,1.044,51.996,54.691,57.155,99.858,101.098,101.186,23.887,23.95,23.965,50.314,52.975,55.425,111.552,117.019,117.326,23.0,55.35,20.0,565.6,4096.0,220.0,27.7,126.0,1132.3,19.6,79.0,1575.0,8.0,54.0,90,8713.2,15708.2,55.5,1190.1,0.0,4352.0,0.0
2026-09-04T12:19:09.163,693.012,1,6932,10,10.0,19.81,50.761,51.336,51.472,1.249,1.437,1.5,52.458,53.113,53.252,99.796,101.326,101.481,23.878,23.921,23.938,50.48,51.066,51.198,109.452,112.432,113.064,23.0,50.48,20.0,565.6,4096.0,220.0,27.7,126.0,1132.3,19.6,79.0,1575.0,7.5,57.0,90,8708.0,15708.2,55.4,1190.1,0.0,4352.0,0.0
2026-09-04T12:19:10.163,694.012,1,6942,10,10.0,20.05,50.168,50.894,51.096,1.734,2.105,2.195,52.33,52.969,53.084,99.552,100.768,100.864,23.888,23.957,23.982,49.876,50.595,50.776,115.816,137.087,155.854,23.0,49.88,20.0,565.6,4096.0,220.0,27.7,126.0,1132.3,19.6,79.0,1575.0,8.4,56.0,90,8710.6,15708.2,55.5,1190.1,0.0,4352.0,0.0
2026-09-04T12:19:11.164,695.013,1,6952,10,9.99,19.97,50.365,51.398,51.688,1.738,1.945,1.987,52.563,53.71,53.971,99.875,101.239,101.32,23.921,23.959,23.971,50.067,51.093,51.384,111.834,112.593,112.869,23.0,50.0,21.0,565.6,4096.0,220.0,27.7,126.0,1132.3,19.6,79.0,1575.0,7.6,55.9,90,8707.2,15708.2,55.4,1190.1,0.0,4352.0,0.0
2026-09-04T12:19:12.163,696.012,1,6962,10,10.01,20.2,49.787,50.341,50.435,1.936,2.209,2.244,52.162,52.597,52.795,100.258,101.115,101.39,23.881,23.944,23.968,49.517,50.07,50.137,112.036,114.026,114.482,23.0,49.58,20.0,565.6,4096.0,220.0,27.7,126.0,1132.3,19.6,79.0,1575.0,8.2,55.0,90,8704.8,15708.2,55.4,1190.1,0.0,4352.0,0.0
2026-09-04T12:19:13.163,697.012,1,6972,10,10.0,20.04,50.183,51.076,51.227,1.779,1.878,1.886,52.419,53.303,53.531,99.718,100.795,100.908,23.881,23.924,23.925,49.9,50.736,50.873,111.356,112.687,112.95,23.0,49.9,20.0,565.6,4096.0,220.0,27.7,126.0,1132.3,19.62,79.0,1575.0,7.4,56.0,90,8697.0,15708.2,55.4,1190.1,0.0,4352.0,0.0
2026-09-04T12:19:14.163,698.012,1,6982,10,10.0,19.99,50.276,50.892,50.908,1.366,1.733,1.764,52.084,52.635,52.699,100.107,101.546,101.582,23.903,23.968,23.971,50.015,50.638,50.644,110.889,113.112,113.367,23.0,50.02,20.0,565.6,4096.0,220.0,27.7,126.0,1132.3,19.61,79.0,1575.0,7.6,55.0,90,8686.5,15708.2,55.3,1190.1,0.0,4352.0,0.0
2026-09-04T12:19:15.163,699.012,1,6992,10,10.0,20.12,49.955,50.851,50.987,0.931,1.238,1.256,51.287,52.145,52.33,99.453,100.596,100.637,23.89,23.935,23.935,49.69,50.55,50.666,111.699,114.23,114.655,23.0,49.69,20.0,565.6,4096.0,220.0,27.7,126.0,1132.3,19.6,79.0,1575.0,7.6,56.0,90,8687.7,15708.2,55.3,1190.1,0.0,4352.0,0.0
2026-09-04T12:19:16.164,700.013,1,7002,10,9.99,19.93,50.418,51.063,51.138,0.789,0.862,0.889,51.648,52.296,52.401,99.979,101.003,101.273,23.885,23.933,23.953,50.167,50.803,50.88,111.659,114.033,114.425,23.0,50.1,20.0,565.6,4096.0,220.0,27.7,126.0,1132.3,19.6,79.0,1575.0,7.6,54.9,90,8683.7,15708.2,55.3,1190.1,0.0,4352.0,0.0
2026-09-04T12:19:17.163,701.012,1,7012,10,10.01,19.95,50.411,51.18,51.437,0.689,0.744,0.756,51.533,52.32,52.596,100.062,101.312,101.316,23.904,23.975,23.995,50.135,50.883,51.158,110.806,112.16,112.161,23.0,50.19,20.0,565.6,4096.0,220.0,27.7,126.0,1132.3,19.59,79.0,1575.0,7.5,55.1,90,8679.9,15708.2,55.3,1190.1,0.0,4352.0,0.0
2026-09-04T12:19:18.163,702.012,1,7022,10,10.0,19.95,50.395,51.243,51.265,0.704,0.764,0.788,51.53,52.416,52.441,99.761,100.693,100.8,23.879,23.931,23.935,50.128,50.963,50.973,112.396,117.43,118.645,23.0,50.14,20.0,565.6,4096.0,220.0,27.7,126.0,1132.3,19.58,79.0,1575.0,8.9,54.0,90,8613.8,15708.2,54.8,1190.1,0.0,4352.0,0.0
2026-09-04T12:19:19.163,703.012,1,7032,10,10.0,19.95,50.392,51.307,51.433,0.675,0.732,0.745,51.48,52.413,52.571,99.744,101.53,101.533,23.901,23.959,23.97,50.132,51.027,51.174,111.189,115.223,116.347,23.0,50.13,20.0,565.6,4096.0,220.0,27.7,126.0,1132.3,19.59,79.0,1575.0,9.0,55.0,90,8603.3,15708.2,54.8,1190.1,0.0,4352.0,0.0
2026-09-04T12:19:20.163,704.012,1,7042,10,10.0,19.9,50.521,51.008,51.013,0.684,0.712,0.714,51.611,52.106,52.184,99.82,101.157,101.289,23.91,23.97,23.998,50.254,50.745,50.745,110.984,112.749,113.214,23.0,50.25,20.0,565.6,4096.0,220.0,27.7,126.0,1132.3,19.6,79.0,1575.0,8.0,55.0,90,8603.6,15708.2,54.8,1190.1,0.0,4352.0,0.0
2026-09-04T12:19:21.164,705.013,1,7052,10,9.99,19.94,50.42,51.666,51.752,0.708,0.802,0.847,51.52,52.877,53.003,100.282,100.786,100.806,23.901,23.949,23.951,50.147,51.351,51.407,112.749,116.655,119.31,23.0,50.09,20.0,565.6,4096.0,220.0,27.7,126.0,1132.3,19.58,79.0,1575.0,7.9,55.9,90,8473.4,15708.2,53.9,1190.1,0.0,4352.0,0.0
2026-09-04T12:19:22.163,706.012,1,7062,10,10.01,19.65,51.14,52.78,52.908,0.746,1.015,1.219,52.308,53.892,54.076,100.013,101.167,101.255,23.991,24.513,24.96,50.889,52.54,52.662,110.963,112.43,112.526,23.0,50.95,20.0,565.6,4096.0,220.0,27.7,126.0,1132.3,19.59,79.0,1575.0,7.6,54.1,90,8486.2,15708.2,54.0,1190.1,0.0,4352.0,0.0
2026-09-04T12:19:23.163,707.012,1,7072,10,10.0,19.88,50.549,51.137,51.188,1.157,1.755,1.843,52.132,52.854,52.957,99.531,100.665,100.836,23.902,23.962,23.977,50.289,50.894,50.965,111.018,113.366,113.982,23.0,50.29,20.0,565.6,4096.0,220.0,27.7,126.0,1132.3,19.59,79.0,1575.0,7.4,56.0,90,8480.1,15708.2,54.0,1190.1,0.0,4352.0,0.0
2026-09-04T12:19:24.163,708.012,1,7082,10,10.0,19.85,50.65,52.171,52.423,1.672,2.293,2.492,52.727,54.422,54.762,99.86,101.533,102.001,23.909,23.98,24.012,50.372,51.834,52.163,111.722,120.837,124.861,23.0,50.37,20.0,565.6,4096.0,220.0,27.7,126.0,1132.3,19.59,79.0,1575.0,7.8,56.0,90,8487.7,15708.2,54.0,1190.1,0.0,4352.0,0.0
2026-09-04T12:19:25.163,709.012,1,7092,10,10.0,19.95,50.409,51.396,51.543,1.682,1.975,1.986,52.575,53.515,53.717,100.187,101.762,101.945,23.905,23.966,23.98,50.125,51.093,51.297,110.158,112.467,112.767,23.0,50.13,20.0,565.6,4096.0,220.0,27.7,126.0,1132.3,19.6,79.0,1575.0,7.8,55.0,90,8486.3,15708.2,54.0,1190.1,0.0,4352.0,0.0
2026-09-04T12:19:26.164,710.013,1,7102,10,9.99,20.2,49.756,50.426,50.474,1.384,1.629,1.643,51.551,52.437,52.472,99.713,101.258,101.335,23.875,23.919,23.93,49.496,50.18,50.233,110.398,113.544,114.7,23.0,49.44,20.0,565.6,4096.0,220.0,27.7,126.0,1132.3,19.59,79.0,1575.0,7.8,54.9,90,8479.8,15708.2,54.0,1190.1,0.0,4352.0,0.0
2026-09-04T12:19:27.163,711.012,1,7112,10,10.01,19.88,50.565,51.812,51.976,1.002,1.288,1.301,51.986,53.433,53.642,99.979,101.159,101.295,23.885,23.981,24.032,50.293,51.541,51.684,113.66,131.144,135.103,23.0,50.35,20.0,565.6,4096.0,220.0,27.7,126.0,1132.3,19.59,79.0,1575.0,7.6,55.1,90,8477.3,15708.2,54.0,1190.1,0.0,4352.0,0.0
2026-09-04T12:19:28.163,712.012,1,7122,10,10.0,19.8,50.818,51.53,51.609,0.874,1.326,1.401,52.126,53.033,53.221,100.154,100.905,100.91,23.927,23.999,24.009,50.517,51.245,51.343,109.18,112.948,113.444,23.0,50.51,20.0,565.6,4096.0,220.0,27.7,126.0,1132.3,19.6,79.0,1575.0,7.4,56.0,90,8479.9,15708.2,54.0,1190.1,0.0,4352.0,0.0
2026-09-04T12:19:29.163,713.012,1,7132,10,10.0,19.99,50.301,50.806,50.947,0.758,0.841,0.857,51.476,52.097,52.251,99.733,100.979,101.017,23.903,23.971,23.993,50.028,50.518,50.646,107.483,110.431,111.425,23.0,50.03,20.0,565.6,4096.0,220.0,27.7,126.0,1132.3,19.6,79.0,1575.0,7.3,55.0,90,8483.0,15708.2,54.0,1190.1,0.0,4352.0,0.0
2026-09-04T12:19:30.163,714.012,1,7142,10,10.0,20.16,49.868,50.688,50.877,1.194,1.621,1.64,51.492,52.504,52.612,100.028,101.755,101.891,23.909,23.973,23.981,49.593,50.397,50.573,110.206,120.24,128.557,23.0,49.59,20.0,565.6,4096.0,220.0,27.7,126.0,1132.3,19.6,79.0,1575.0,7.7,55.0,90,8481.9,15708.2,54.0,1190.1,0.0,4352.0,0.0
2026-09-04T12:19:31.164,715.013,1,7152,10,9.99,20.12,49.982,51.139,51.384,1.646,1.739,1.756,52.067,53.258,53.464,100.25,101.346,101.347,23.911,23.974,23.984,49.696,50.837,51.066,108.422,111.373,112.619,23.0,49.64,20.0,565.6,4096.0,220.0,27.7,126.0,1132.3,19.61,79.0,1575.0,7.9,54.9,90,8480.9,15708.2,54.0,1190.1,0.0,4352.0,0.0
2026-09-04T12:19:32.163,716.012,1,7162,10,10.01,20.07,50.112,50.776,50.964,1.442,1.641,1.656,51.97,52.797,52.913,99.56,101.442,101.445,23.884,23.988,24.037,49.835,50.495,50.699,111.569,125.15,135.289,23.0,49.89,20.0,565.6,4096.0,220.0,27.7,126.0,1132.3,19.61,79.0,1575.0,7.6,57.1,90,8487.9,15708.2,54.0,1190.1,0.0,4352.0,0.0
2026-09-04T12:19:33.163,717.012,1,7172,10,10.0,20.02,50.217,51.4,51.511,1.243,1.562,1.608,51.86,53.071,53.142,99.69,101.278,101.493,23.899,23.957,23.961,49.96,51.14,51.259,110.091,120.819,129.753,23.0,49.95,20.0,565.6,4096.0,220.0,27.7,126.0,1132.3,19.6,79.0,1575.0,7.9,55.0,90,8486.5,15708.2,54.0,1190.1,0.0,4352.0,0.0
2026-09-04T12:19:34.163,718.012,1,7182,10,10.0,19.87,50.575,51.724,51.924,0.758,0.811,0.815,51.758,52.932,53.168,100.347,101.397,101.418,23.899,23.987,24.004,50.315,51.457,51.647,110.539,121.972,132.001,23.0,50.32,20.0,565.6,4096.0,220.0,27.7,126.0,1132.3,19.6,79.0,1575.0,6.9,55.0,90,8484.6,15708.2,54.0,1190.1,0.0,4352.0,0.0
2026-09-04T12:19:35.163,719.012,1,7192,10,10.0,20.13,49.949,50.653,50.761,0.698,0.763,0.782,51.045,51.773,51.822,99.733,101.193,101.264,23.87,23.932,23.934,49.671,50.391,50.503,107.165,109.033,109.128,23.0,49.67,20.0,565.6,4096.0,220.0,27.7,126.0,1132.3,19.59,79.0,1575.0,8.5,54.0,90,8480.7,15708.2,54.0,1190.1,0.0,4352.0,0.0
2026-09-04T12:19:36.164,720.013,1,7202,10,9.99,20.13,49.939,50.557,50.625,1.062,1.413,1.504,51.414,52.171,52.319,99.962,101.76,101.8,23.871,23.914,23.914,49.666,50.274,50.334,110.515,123.452,132.269,23.0,49.61,20.0,565.6,4096.0,220.0,27.7,126.0,1132.3,19.6,79.0,1575.0,7.1,54.9,90,8478.0,15708.2,54.0,1190.1,0.0,4352.0,0.0
2026-09-04T12:19:37.163,721.012,1,7212,10,10.01,19.98,50.31,51.225,51.308,1.343,1.711,1.744,52.082,52.812,52.857,99.512,101.422,101.738,23.897,23.973,23.993,50.042,50.98,51.048,106.683,109.232,109.253,23.0,50.1,21.0,565.6,4096.0,220.0,27.7,126.0,1132.3,19.6,79.0,1575.0,8.0,56.1,90,8478.3,15708.2,54.0,1190.1,0.0,4352.0,0.0
2026-09-04T12:19:38.163,722.012,1,7222,10,10.0,19.91,50.534,53.188,54.753,1.539,1.76,1.766,52.477,55.328,56.896,99.772,101.078,101.202,23.887,23.978,24.009,50.236,52.867,54.39,106.803,108.168,108.189,23.0,50.24,21.0,565.6,4096.0,220.0,27.7,126.0,1132.3,19.6,79.0,1575.0,7.4,56.0,90,8477.5,15708.2,54.0,1190.1,0.0,4352.0,0.0
2026-09-04T12:19:39.163,723.012,1,7232,10,10.0,20.03,50.182,52.477,52.618,1.474,2.137,2.516,52.057,54.078,54.218,100.04,101.046,101.191,23.929,23.995,24.018,49.92,52.205,52.38,110.402,125.438,138.539,23.0,49.92,20.0,565.6,4096.0,220.0,27.7,126.0,1132.3,19.6,79.0,1575.0,7.8,55.0,90,8499.3,15708.2,54.1,1190.1,0.0,4352.0,0.0
2026-09-04T12:19:40.164,724.012,1,7242,10,10.0,20.31,49.509,50.076,50.163,1.58,1.701,1.713,51.5,52.146,52.249,100.036,100.962,101.138,23.894,23.945,23.953,49.24,49.814,49.901,107.938,111.392,111.866,23.0,49.24,20.0,565.6,4096.0,220.0,27.7,126.0,1132.3,19.6,79.0,1575.0,7.6,54.9,90,8497.2,15708.2,54.1,1190.1,0.0,4352.0,0.0
2026-09-04T12:19:41.165,725.014,1,7252,10,9.97,20.2,49.802,52.085,53.534,1.536,1.681,1.688,51.752,53.958,55.244,100.022,100.891,100.905,23.891,23.934,23.94,49.498,51.651,52.968,107.471,111.468,113.933,23.0,49.37,20.0,565.6,4096.0,220.0,27.7,126.0,1132.3,19.59,79.0,1575.0,8.0,54.9,90,8496.9,15708.2,54.1,1190.1,0.0,4352.0,0.0
2026-09-04T12:19:42.164,726.012,1,7262,10,10.03,19.99,50.35,53.533,55.715,1.321,1.625,1.639,52.078,55.316,57.716,99.984,100.894,100.918,23.882,23.915,23.917,50.037,53.067,55.1,110.088,125.571,138.867,23.0,50.16,20.0,565.6,4096.0,220.0,27.7,126.0,1132.3,19.6,79.0,1575.0,7.4,56.1,90,8491.9,15708.2,54.1,1190.1,0.0,4352.0,0.0
2026-09-04T12:19:43.163,727.012,1,7272,10,10.0,20.04,50.176,52.52,54.022,0.908,1.405,1.593,51.457,54.159,56.04,99.567,101.59,101.844,23.872,23.95,23.954,49.895,52.181,53.64,105.805,108.487,108.587,23.0,49.9,20.0,565.6,4096.0,220.0,27.7,126.0,1132.3,19.6,79.0,1575.0,7.6,54.1,90,8483.6,15708.2,54.0,1191.5,0.0,4352.0,0.0
2026-09-04T12:19:44.163,728.012,1,7282,10,10.0,20.15,49.915,51.558,52.112,0.786,0.9,0.909,51.092,52.793,53.261,100.094,101.368,101.377,23.892,23.94,23.959,49.637,51.271,51.81,107.022,108.537,108.669,23.0,49.63,20.0,565.6,4096.0,220.0,27.7,126.0,1132.3,19.61,79.0,1575.0,6.8,54.0,90,8481.3,15708.2,54.0,1190.1,0.0,4352.0,0.0
2026-09-04T12:19:45.163,729.012,1,7292,10,10.0,20.14,49.896,52.81,54.576,0.731,0.838,0.842,51.015,54.027,55.762,99.743,100.768,101.038,23.892,23.947,23.961,49.643,52.568,54.33,110.503,127.561,141.765,23.0,49.65,20.0,565.6,4096.0,220.0,27.7,126.0,1132.3,19.6,79.0,1575.0,8.0,54.0,90,8487.9,15708.2,54.0,1193.1,0.0,4352.0,0.0
2026-09-04T12:19:46.165,730.013,1,7302,10,9.98,20.11,49.995,51.062,51.48,0.774,0.923,0.982,51.125,52.131,52.593,99.627,101.241,101.334,23.879,23.925,23.943,49.718,50.78,51.192,108.257,112.12,113.341,23.0,49.63,20.0,565.6,4096.0,220.0,27.7,126.0,1132.3,19.59,79.0,1575.0,7.3,54.9,90,8486.1,15708.2,54.0,1190.2,0.0,4352.0,0.0
2026-09-04T12:19:47.163,731.012,1,7312,10,10.02,20.14,49.896,52.343,53.614,0.731,0.815,0.838,50.98,53.52,54.73,100.186,101.182,101.319,23.849,23.891,23.894,49.641,52.087,53.369,110.283,114.947,117.407,23.0,49.72,20.0,565.6,4096.0,220.0,27.7,126.0,1132.3,19.6,79.0,1575.0,7.6,55.1,90,8483.6,15708.2,54.0,1193.1,0.0,4352.0,0.0
2026-09-04T12:19:48.163,732.012,1,7322,10,10.0,19.91,50.494,52.042,52.07,0.731,0.865,0.945,51.604,53.106,53.126,100.051,101.398,101.695,23.904,23.964,23.974,50.232,51.73,51.738,110.649,128.128,144.295,23.0,50.23,21.0,565.6,4096.0,220.0,27.7,126.0,1132.3,19.59,79.0,1575.0,13.5,54.0,90,8631.0,15708.2,54.9,1193.2,0.0,4352.0,0.0
2026-09-04T12:19:49.163,733.012,1,7332,10,10.0,20.18,49.797,52.15,53.193,0.816,1.046,1.222,50.93,53.326,54.424,99.83,101.551,101.57,23.889,23.935,23.937,49.544,51.901,52.962,109.699,112.995,113.528,23.0,49.54,20.0,565.6,4096.0,220.0,27.7,126.0,1132.3,19.59,79.0,1575.0,15.4,54.0,90,8697.5,15708.2,55.4,1190.1,0.0,4352.0,0.0
2026-09-04T12:19:50.163,734.012,1,7342,10,10.0,20.31,49.499,51.736,52.91,0.795,0.955,1.056,50.612,52.991,54.271,100.14,101.316,101.711,23.886,23.952,23.972,49.24,51.454,52.611,112.892,136.817,158.846,23.0,49.24,20.0,565.6,4096.0,220.0,27.7,126.0,1132.3,19.6,79.0,1575.0,16.0,54.0,90,8708.2,15708.2,55.4,1193.1,0.0,4352.0,0.0
2026-09-04T12:19:51.164,735.013,1,7352,10,9.99,19.92,50.463,56.205,57.892,0.75,0.921,0.932,51.565,57.433,59.116,99.535,101.459,101.523,23.892,23.977,23.989,50.213,55.926,57.622,114.614,132.75,147.648,23.0,50.16,20.0,565.6,4096.0,220.0,27.7,126.0,1132.3,19.62,79.0,1575.0,17.1,53.9,90,8703.2,15708.2,55.4,1193.3,0.0,4352.0,0.0
2026-09-04T12:19:52.163,736.012,1,7362,10,10.01,20.15,49.873,50.963,50.999,0.707,0.781,0.797,50.917,52.104,52.146,100.071,103.412,103.582,23.909,24.017,24.077,49.629,50.699,50.745,113.618,117.334,119.077,23.0,49.68,20.0,565.6,4096.0,220.0,27.7,126.0,1132.3,19.62,79.0,1575.0,7.6,54.1,90,8709.2,15708.2,55.4,1191.5,0.0,4352.0,0.0
2026-09-04T12:19:53.163,737.012,1,7372,10,10.0,20.73,48.488,50.121,50.843,0.885,1.267,1.282,49.689,51.387,52.278,100.144,102.0,102.22,23.877,23.932,23.939,48.228,49.845,50.565,112.538,114.11,114.586,23.0,48.23,20.0,565.6,4096.0,220.0,27.7,126.0,1132.3,19.61,79.0,1575.0,19.0,53.0,90,8946.9,15708.2,57.0,1192.8,0.0,4352.0,0.0
2026-09-04T12:19:54.163,738.012,1,7382,10,10.0,20.38,49.338,50.742,51.014,0.845,1.045,1.212,50.565,51.903,52.155,100.049,102.885,103.394,23.878,23.927,23.937,49.073,50.486,50.777,115.267,133.191,148.826,23.0,49.07,20.0,565.6,4096.0,220.0,27.7,126.0,1132.3,19.63,79.0,1575.0,10.5,54.0,90,8839.4,15708.2,56.3,1192.3,0.0,4352.0,0.0
2026-09-04T12:19:55.163,739.012,1,7392,10,10.0,20.23,49.697,50.586,50.886,0.719,0.768,0.77,50.818,51.785,52.064,99.739,101.219,101.28,23.883,23.922,23.928,49.427,50.283,50.553,111.434,113.474,113.625,23.0,49.43,20.0,565.6,4096.0,220.0,27.7,126.0,1132.3,19.64,79.0,1575.0,8.1,54.0,90,8834.9,15708.2,56.2,1192.1,0.0,4352.0,0.0
2026-09-04T12:19:56.165,740.014,1,7402,10,9.98,19.9,50.504,51.478,51.528,0.7,0.764,0.774,51.618,52.625,52.695,99.973,102.2,103.409,23.899,23.958,23.959,50.247,51.214,51.249,113.79,115.625,115.841,23.0,50.14,20.0,565.6,4096.0,220.0,27.7,126.0,1132.3,19.65,79.0,1575.0,8.4,54.9,90,8848.1,15708.2,56.3,1190.1,0.0,4352.0,0.0
2026-09-04T12:19:57.163,741.012,1,7412,10,10.02,19.59,51.406,57.863,60.367,0.741,0.971,1.036,52.615,59.244,61.793,99.763,100.838,100.962,23.91,24.031,24.035,51.057,57.071,59.168,118.292,137.716,153.081,23.0,51.16,20.0,565.6,4096.0,220.0,27.7,126.0,1132.3,19.63,79.0,1575.0,8.0,56.1,90,8825.9,15708.2,56.2,1193.2,0.0,4352.0,0.0
2026-09-04T12:19:58.163,742.012,1,7422,10,10.0,20.2,49.771,50.635,50.993,0.701,0.756,0.757,50.898,51.718,52.053,99.795,100.805,100.975,23.865,23.917,23.92,49.509,50.358,50.717,113.1,116.199,116.354,23.0,49.51,20.0,565.6,4096.0,220.0,27.7,126.0,1132.3,19.63,79.0,1575.0,7.2,54.0,90,8811.8,15708.2,56.1,1193.5,0.0,4352.0,0.0
2026-09-04T12:19:59.163,743.012,1,7432,10,10.0,20.19,49.8,50.79,51.178,0.718,0.901,1.052,50.948,52.097,52.291,100.241,101.249,101.36,23.902,23.954,23.971,49.53,50.53,50.902,113.231,116.261,116.462,23.0,49.53,20.0,565.6,4096.0,220.0,27.7,126.0,1132.3,19.64,79.0,1575.0,7.6,54.0,90,8814.3,15708.2,56.1,1193.6,0.0,4352.0,0.0
2026-09-04T12:20:00.163,744.012,1,7442,10,10.0,20.04,50.182,51.3,51.385,1.403,1.675,1.681,52.023,53.317,53.421,99.279,100.828,101.005,23.899,23.98,24.019,49.905,51.012,51.109,114.877,132.691,147.348,23.0,49.89,20.0,565.6,4096.0,220.0,47.9,126.0,1132.3,19.64,79.0,1575.0,7.6,56.0,90,8812.2,15708.2,56.1,1190.1,0.0,4352.0,0.0
2026-09-04T12:20:01.164,745.013,1,7452,10,9.99,20.38,49.349,49.975,50.139,1.589,1.673,1.688,51.383,52.035,52.27,99.772,101.229,101.402,23.92,24.048,24.108,49.078,49.701,49.851,111.033,113.081,113.204,24.0,49.02,21.0,565.6,4096.0,220.0,27.7,126.0,1132.3,19.64,80.0,1575.0,8.0,54.0,90,8791.6,15708.2,56.0,1196.2,0.0,4352.0,0.0
2026-09-04T12:20:02.163,746.012,1,7462,10,10.01,19.85,50.681,52.592,53.305,1.686,1.79,1.831,52.809,54.72,55.43,100.531,102.163,102.625,23.906,23.979,24.012,50.384,52.297,53.003,111.872,114.667,115.494,23.0,50.46,20.0,565.6,4096.0,220.0,27.7,126.0,1132.3,19.62,79.0,1575.0,7.4,55.1,90,8784.9,15708.2,55.9,1194.6,0.0,4352.0,0.0
2026-09-04T12:20:03.164,747.012,1,7472,10,10.0,19.91,50.501,52.639,53.468,1.657,1.729,1.75,52.594,54.685,55.391,99.515,101.598,101.69,23.895,23.953,23.956,50.214,52.297,53.137,116.31,133.958,144.329,23.0,50.21,20.0,565.6,4096.0,220.0,57.7,126.0,1132.3,19.63,79.0,1575.0,7.8,55.9,90,8791.8,15708.2,56.0,1190.1,0.0,4352.0,0.0
2026-09-04T12:20:04.163,748.012,1,7482,10,10.0,20.12,49.99,50.914,51.145,1.694,1.759,1.767,52.127,53.122,53.37,100.032,101.026,101.236,23.962,24.194,24.335,49.706,50.565,50.781,111.08,112.462,112.583,23.0,49.71,20.0,565.6,4096.0,220.0,27.7,126.0,1132.3,19.63,79.0,1575.0,7.3,55.1,90,8781.0,15708.2,55.9,1196.2,0.0,4352.0,0.0
2026-09-04T12:20:05.163,749.012,1,7492,10,10.0,19.93,50.469,52.815,53.97,1.555,2.046,2.346,52.468,54.761,56.111,100.242,100.788,100.85,23.889,23.951,23.985,50.169,52.508,53.673,110.96,112.222,112.232,23.0,50.17,20.0,565.6,4096.0,220.0,27.7,126.0,1132.3,19.63,79.0,1575.0,8.0,55.0,90,8773.6,15708.2,55.9,1196.2,0.0,4352.0,0.0
2026-09-04T12:20:06.164,750.013,1,7502,10,9.99,20.04,50.186,51.981,52.716,1.372,1.682,1.717,52.006,53.672,54.272,100.066,101.212,101.222,23.899,23.948,23.959,49.891,51.732,52.484,114.582,133.033,149.575,23.0,49.84,20.0,565.6,4096.0,220.0,27.7,126.0,1132.3,19.63,79.0,1575.0,7.6,54.9,90,8751.0,15708.2,55.7,1194.6,0.0,4352.0,0.0
2026-09-04T12:20:07.163,751.012,1,7512,10,10.01,19.98,50.317,51.936,52.942,1.115,1.225,1.235,51.87,53.585,54.508,100.008,101.719,101.849,23.891,23.931,23.935,50.045,51.644,52.623,111.479,113.617,113.965,23.0,50.1,20.0,565.6,4096.0,220.0,27.7,126.0,1132.3,19.64,79.0,1575.0,7.6,55.1,90,8750.0,15708.2,55.7,1195.0,0.0,4352.0,0.0
2026-09-04T12:20:08.163,752.012,1,7522,10,10.0,19.94,50.421,52.01,52.4,0.726,0.784,0.794,51.573,53.203,53.654,99.433,100.7,100.828,23.886,23.935,23.949,50.151,51.747,52.139,110.137,111.5,111.605,25.0,50.15,22.0,565.6,4096.0,220.0,38.7,126.0,1132.3,19.64,79.0,1575.0,7.5,55.0,90,8746.3,15708.2,55.7,1190.1,0.0,4352.0,0.0
2026-09-04T12:20:09.163,753.012,1,7532,10,10.0,19.95,50.39,51.383,51.455,0.8,0.922,1.013,51.634,52.647,52.683,99.854,100.901,101.213,23.884,23.942,23.957,50.127,51.116,51.189,114.963,132.457,148.025,29.0,50.12,27.0,565.6,4096.0,220.0,29.8,126.0,1132.3,19.73,79.0,1575.0,7.3,55.0,90,8751.1,15708.2,55.7,1190.1,0.0,4352.0,0.0
2026-09-04T12:20:10.164,754.012,1,7542,10,10.0,20.19,49.817,50.724,50.855,0.946,1.312,1.367,51.2,52.245,52.388,100.541,102.447,102.909,23.995,24.476,24.891,49.523,50.437,50.576,110.876,113.264,113.611,23.0,49.53,20.0,565.6,4096.0,220.0,57.7,126.0,1132.3,19.64,79.0,1575.0,8.8,53.0,90,8723.9,15708.2,55.5,1190.1,0.0,4352.0,0.0
2026-09-04T12:20:11.165,755.013,1,7552,10,9.98,19.95,50.381,52.624,54.067,1.189,1.631,1.665,51.992,54.062,55.33,99.499,101.081,101.504,24.187,25.555,26.86,50.118,52.376,53.826,110.726,112.244,112.549,25.0,50.04,22.0,565.6,4096.0,220.0,40.0,126.0,1132.3,19.64,79.0,1575.0,7.6,56.0,90,8729.1,15708.2,55.6,1190.1,0.0,4352.0,0.0
2026-09-04T12:20:12.163,756.012,1,7562,10,10.02,20.07,50.079,50.686,50.787,1.32,1.632,1.666,51.836,52.555,52.667,100.023,101.191,101.612,23.888,23.951,23.957,49.814,50.39,50.489,115.166,133.001,149.739,23.0,49.89,20.0,565.6,4096.0,220.0,29.8,126.0,1132.3,19.64,79.0,1575.0,8.1,55.1,90,8721.6,15708.2,55.5,1190.1,0.0,4352.0,0.0
2026-09-04T12:20:13.163,757.012,1,7572,10,10.0,20.12,49.973,50.852,50.987,0.894,1.176,1.185,51.286,52.124,52.125,100.062,101.022,101.168,23.884,23.931,23.933,49.71,50.564,50.678,111.568,113.959,114.264,24.0,49.71,21.0,565.6,4096.0,220.0,29.8,126.0,1132.3,19.64,79.0,1575.0,7.0,55.0,90,8716.9,15708.2,55.5,1190.1,0.0,4352.0,0.0
2026-09-04T12:20:14.163,758.012,1,7582,10,10.0,20.08,50.069,51.037,51.146,0.687,0.748,0.77,51.192,52.131,52.196,99.755,100.811,100.848,23.862,23.893,23.893,49.808,50.753,50.832,110.661,112.022,112.127,24.0,49.82,21.0,565.6,4096.0,220.0,29.8,126.0,1132.3,19.65,79.0,1575.0,7.5,54.0,90,8698.4,15708.2,55.4,1190.1,0.0,4352.0,0.0
2026-09-04T12:20:15.163,759.012,1,7592,10,10.0,20.08,50.071,50.793,50.871,0.683,0.74,0.757,51.173,51.923,52.034,99.779,101.391,101.929,23.913,24.022,24.063,49.807,50.54,50.602,114.001,133.699,151.167,31.0,49.8,28.0,565.6,4096.0,220.0,29.8,126.0,1132.3,19.79,79.0,1575.0,7.6,54.0,90,8691.7,15708.2,55.3,1190.1,0.0,4352.0,0.0
2026-09-04T12:20:16.164,760.013,1,7602,10,9.99,20.25,49.642,50.332,50.433,0.689,0.742,0.751,50.764,51.514,51.622,99.778,100.971,101.142,23.86,23.907,23.927,49.393,50.08,50.175,111.065,112.031,112.047,23.0,49.34,20.0,565.6,4096.0,220.0,29.8,126.0,1132.3,19.68,79.0,1575.0,7.8,53.9,90,8689.9,15708.2,55.3,1190.1,0.0,4352.0,0.0
2026-09-04T12:20:17.163,761.012,1,7612,10,10.01,19.9,50.518,51.055,51.148,0.719,0.76,0.764,51.668,52.244,52.367,100.017,101.154,101.4,23.886,23.952,23.958,50.251,50.778,50.881,110.714,112.432,112.462,27.0,50.31,23.0,565.6,4096.0,220.0,29.8,126.0,1132.3,19.67,79.0,1575.0,7.3,55.1,90,8689.1,15708.2,55.3,1190.1,0.0,4352.0,0.0
2026-09-04T12:20:18.163,762.012,1,7622,10,10.0,19.64,51.182,55.898,58.131,0.81,0.963,1.028,52.448,57.158,59.418,99.549,100.623,100.773,23.91,23.996,24.022,50.912,55.591,57.805,114.288,131.952,147.954,37.0,50.91,34.0,565.6,4096.0,220.0,29.8,126.0,1132.3,19.82,80.0,1575.0,9.3,56.0,90,8609.4,15708.2,54.8,1190.1,0.0,4352.0,0.0
2026-09-04T12:20:19.163,763.012,1,7632,10,10.0,20.1,50.022,51.103,51.264,0.718,0.77,0.775,51.171,52.275,52.376,99.975,100.934,101.143,23.898,23.959,23.969,49.753,50.837,50.984,111.079,113.675,113.89,22.0,49.75,19.0,565.6,4096.0,220.0,29.8,126.0,1132.3,19.71,79.0,1575.0,8.2,54.0,90,8607.0,15708.2,54.8,1190.1,0.0,4352.0,0.0
2026-09-04T12:20:20.163,764.012,1,7642,10,10.0,20.08,50.073,50.954,51.042,0.714,0.757,0.763,51.226,52.135,52.247,100.538,101.785,102.247,23.885,23.943,23.968,49.8,50.664,50.768,110.363,112.098,112.241,28.0,49.8,25.0,565.6,4096.0,220.0,29.8,126.0,1132.3,19.61,79.0,1575.0,8.0,54.0,90,8598.6,15708.2,54.7,1190.1,0.0,4352.0,0.0
2026-09-04T12:20:21.164,765.013,1,7652,10,9.99,20.05,50.147,51.108,51.134,0.717,0.79,0.801,51.301,52.336,52.364,99.523,101.356,101.487,23.884,23.928,23.93,49.871,50.795,50.815,114.116,132.115,148.098,30.0,49.81,26.0,565.6,4096.0,220.0,29.8,126.0,1132.3,19.84,80.0,1575.0,7.1,54.9,90,8595.6,15708.2,54.7,1190.1,0.0,4352.0,0.0
2026-09-04T12:20:22.163,766.012,1,7662,10,10.01,20.2,49.782,50.516,50.582,0.811,0.97,1.057,51.035,51.792,51.85,99.699,101.264,101.529,23.923,24.034,24.079,49.508,50.233,50.305,111.102,112.936,113.534,25.0,49.56,21.0,565.6,4096.0,220.0,29.8,126.0,1132.3,19.71,79.0,1575.0,7.8,54.1,90,8461.9,15708.2,53.9,1190.1,0.0,4352.0,0.0
2026-09-04T12:20:23.163,767.012,1,7672,10,10.0,20.15,49.895,50.462,50.565,0.783,0.89,0.928,51.115,51.63,51.73,100.096,101.123,101.47,23.933,24.054,24.08,49.632,50.216,50.328,110.374,112.585,112.703,31.0,49.63,26.0,565.6,4096.0,220.0,29.8,126.0,1132.3,19.79,79.0,1575.0,6.9,55.0,90,8462.0,15708.2,53.9,1190.1,0.0,4352.0,0.0
2026-09-04T12:20:24.163,768.012,1,7682,10,10.0,20.18,49.824,51.069,51.315,0.812,0.901,0.924,51.104,52.35,52.575,100.288,101.996,102.385,23.885,23.927,23.934,49.56,50.822,51.083,115.665,132.675,145.1,24.0,49.56,21.0,565.6,4096.0,220.0,29.8,126.0,1132.3,19.57,79.0,1575.0,7.5,54.0,90,8482.0,15708.2,54.0,1190.1,0.0,4352.0,0.0
2026-09-04T12:20:25.163,769.012,1,7692,10,10.0,20.21,49.747,50.775,51.067,0.729,0.806,0.807,50.912,52.004,52.252,99.697,101.169,101.271,23.893,23.964,23.974,49.473,50.505,50.806,110.607,112.91,113.419,29.0,49.47,25.0,565.6,4096.0,220.0,29.8,126.0,1132.3,19.78,79.0,1575.0,7.3,54.0,90,8479.3,15708.2,54.0,1190.1,0.0,4352.0,0.0
2026-09-04T12:20:26.164,770.013,1,7702,10,9.99,20.1,50.016,50.761,50.889,0.894,1.202,1.362,51.356,52.109,52.164,99.745,101.497,101.619,23.88,23.993,24.009,49.749,50.476,50.592,110.671,112.563,113.042,28.0,49.7,23.0,565.6,4096.0,220.0,29.8,126.0,1132.3,19.74,80.0,1575.0,7.7,53.9,90,8473.7,15708.2,53.9,1190.1,0.0,4352.0,0.0
2026-09-04T12:20:27.163,771.012,1,7712,10,10.01,19.99,50.281,51.214,51.23,0.781,0.939,1.035,51.486,52.476,52.485,99.863,101.812,102.021,23.969,24.333,24.629,50.021,50.95,50.966,114.252,129.771,143.327,28.0,50.08,24.0,565.6,4096.0,220.0,29.8,126.0,1132.3,19.73,79.0,1575.0,6.9,55.1,90,8475.1,15708.2,54.0,1190.1,0.0,4352.0,0.0
2026-09-04T12:20:28.163,772.012,1,7722,10,10.0,20.2,49.768,51.188,51.412,0.792,0.903,0.907,51.017,52.512,52.749,100.285,101.778,101.789,23.864,23.922,23.925,49.512,50.917,51.12,110.89,113.149,113.306,31.0,49.52,26.0,565.6,4096.0,220.0,29.8,126.0,1132.3,19.71,79.0,1575.0,7.5,54.0,90,8477.3,15708.2,54.0,1190.1,0.0,4352.0,0.0
2026-09-04T12:20:29.163,773.012,1,7732,10,10.0,20.08,50.065,50.618,50.668,0.678,0.784,0.808,51.16,51.729,51.731,99.781,100.99,101.161,23.888,23.962,23.973,49.803,50.332,50.341,110.875,112.82,113.332,29.0,49.8,25.0,565.6,4096.0,220.0,29.8,126.0,1132.3,19.76,79.0,1575.0,7.0,54.0,90,8486.6,15708.2,54.0,1190.1,0.0,4352.0,0.0
2026-09-04T12:20:30.163,774.012,1,7742,10,10.0,20.06,50.112,50.921,50.965,0.704,0.735,0.744,51.237,52.1,52.128,99.795,101.287,101.291,23.939,24.305,24.608,49.844,50.631,50.665,113.599,129.428,143.018,31.0,49.85,26.0,565.6,4096.0,220.0,29.8,126.0,1132.3,19.85,79.0,1575.0,8.2,55.0,90,8488.9,15708.2,54.0,1190.1,0.0,4352.0,0.0
2026-09-04T12:20:31.164,775.013,1,7752,10,9.99,20.07,50.098,51.494,52.496,0.742,0.907,1.029,51.265,52.714,53.653,100.251,101.259,101.364,24.063,24.856,25.576,49.834,51.228,52.245,111.02,112.447,112.596,29.0,49.77,25.0,565.6,4096.0,220.0,29.8,126.0,1132.3,19.72,79.0,1575.0,7.1,53.9,90,8489.6,15708.2,54.0,1190.1,0.0,4352.0,0.0
2026-09-04T12:20:32.163,776.012,1,7762,10,10.01,20.01,50.263,51.057,51.148,0.823,0.897,0.921,51.519,52.233,52.302,99.453,101.273,101.56,24.056,24.866,25.608,49.979,50.755,50.884,110.704,112.46,112.698,26.0,50.03,23.0,565.6,4096.0,220.0,29.8,126.0,1132.3,19.82,79.0,1575.0,8.0,56.0,90,8498.3,15708.2,54.1,1190.2,0.0,4352.0,0.0
2026-09-04T12:20:33.163,777.012,1,7772,10,10.0,20.15,49.898,50.807,51.057,0.698,0.738,0.744,51.009,51.96,52.2,100.026,101.249,101.526,23.886,23.977,23.988,49.63,50.558,50.816,114.385,130.845,145.282,28.0,49.63,23.0,565.6,4096.0,220.0,29.8,126.0,1132.3,19.72,79.0,1575.0,7.0,53.0,90,8494.7,15708.2,54.1,1190.1,0.0,4352.0,0.0
2026-09-04T12:20:34.163,778.012,1,7782,10,10.0,20.19,49.793,50.582,50.603,0.818,1.08,1.181,51.036,51.841,51.842,99.848,101.057,101.341,23.909,24.04,24.123,49.525,50.314,50.352,111.267,113.837,114.703,24.0,49.53,21.0,565.6,4096.0,220.0,29.8,126.0,1132.3,19.7,79.0,1575.0,7.5,55.0,90,8504.4,15708.2,54.1,1191.5,0.0,4352.0,0.0
2026-09-04T12:20:35.163,779.012,1,7792,10,10.0,20.0,50.277,51.681,51.741,0.773,0.904,0.936,51.484,52.997,53.018,99.739,100.822,100.983,23.884,23.926,23.93,50.008,51.441,51.518,110.571,111.646,111.848,24.0,50.0,21.0,565.6,4096.0,220.0,29.8,126.0,1132.3,19.69,79.0,1575.0,7.4,55.0,90,8497.6,15708.2,54.1,1191.8,0.0,4352.0,0.0
2026-09-04T12:20:36.164,780.013,1,7802,10,9.99,20.0,50.295,51.479,52.056,0.803,1.136,1.246,51.56,52.647,53.152,99.859,101.02,101.083,23.922,24.015,24.031,50.011,51.15,51.692,114.396,129.61,143.546,23.0,49.95,20.0,565.6,4096.0,220.0,29.8,126.0,1132.3,19.66,79.0,1575.0,7.7,53.9,90,8494.0,15708.2,54.1,1195.9,0.0,4352.0,0.0
2026-09-04T12:20:37.163,781.012,1,7812,10,10.01,20.01,50.261,52.181,53.198,0.948,1.273,1.289,51.645,53.511,54.301,99.76,100.747,100.765,23.888,23.933,23.939,49.973,51.912,52.939,110.711,112.444,112.963,25.0,50.03,22.0,565.6,4096.0,220.0,29.8,126.0,1132.3,19.7,79.0,1575.0,7.2,55.1,90,8497.6,15708.2,54.1,1195.9,0.0,4352.0,0.0
2026-09-04T12:20:38.163,782.012,1,7822,10,10.0,19.98,50.309,53.89,56.329,0.85,1.127,1.369,51.611,55.122,57.535,100.525,101.385,101.576,23.909,24.002,24.017,50.043,53.617,56.085,110.854,112.327,112.375,27.0,50.05,23.0,565.6,4096.0,220.0,29.8,126.0,1132.3,19.63,79.0,1575.0,7.8,54.0,90,8497.0,15708.2,54.1,1191.5,0.0,4352.0,0.0
2026-09-04T12:20:39.163,783.012,1,7832,10,10.0,20.03,50.189,50.798,50.909,0.758,0.824,0.834,51.377,51.943,52.008,100.047,101.175,101.355,23.891,23.949,23.952,49.924,50.533,50.634,114.199,130.38,145.06,26.0,49.92,22.0,565.6,4096.0,220.0,29.8,126.0,1132.3,19.66,79.0,1575.0,7.0,54.0,90,8493.0,15708.2,54.1,1194.1,0.0,4352.0,0.0
2026-09-04T12:20:40.163,784.012,1,7843,11,11.0,20.11,49.987,51.03,51.374,0.701,0.773,0.78,51.13,52.179,52.458,99.472,101.102,101.383,23.902,23.966,24.015,49.737,50.788,51.148,109.438,111.583,112.228,25.0,54.71,21.0,565.6,4096.0,220.0,27.7,126.0,1132.3,19.82,79.0,1575.0,8.3,55.0,90,8485.3,15708.2,54.0,1190.1,0.0,4352.0,0.0
2026-09-04T12:20:41.165,785.014,1,7852,9,8.98,20.19,49.817,50.776,50.905,0.819,1.025,1.123,51.092,52.22,52.471,100.478,101.159,101.415,23.895,23.932,23.942,49.537,50.476,50.62,110.843,111.84,111.893,23.0,44.48,20.0,565.6,4096.0,220.0,27.7,126.0,1132.3,19.5,79.0,1575.0,7.1,53.8,90,8488.1,15708.2,54.0,1190.1,0.0,4352.0,0.0
2026-09-04T12:20:42.163,786.012,1,7862,10,10.02,19.97,50.351,52.362,52.743,0.763,0.851,0.859,51.532,53.585,53.926,99.938,100.944,100.999,23.897,23.929,23.933,50.078,52.048,52.449,115.58,135.029,144.084,23.0,50.18,20.0,565.6,4096.0,220.0,29.8,126.0,1132.3,19.64,79.0,1575.0,8.3,55.1,90,8479.0,15708.2,54.0,1195.9,0.0,4352.0,0.0
2026-09-04T12:20:43.163,787.012,1,7873,11,11.0,19.88,50.586,52.495,53.805,0.718,0.797,0.819,51.75,53.618,54.893,99.461,100.762,100.812,23.868,23.894,23.896,50.313,52.236,53.521,109.509,111.17,111.241,26.0,55.35,22.0,565.6,4096.0,220.0,27.7,126.0,1132.3,19.77,79.0,1575.0,7.0,56.0,90,8473.8,15708.2,53.9,1190.1,0.0,4352.0,0.0
2026-09-04T12:20:44.163,788.012,1,7883,10,10.0,20.08,50.059,51.228,51.482,0.726,0.901,1.0,51.195,52.532,52.886,100.098,101.365,101.694,23.875,23.916,23.918,49.804,50.92,51.134,109.661,111.08,111.461,23.0,49.81,20.0,565.6,4096.0,220.0,27.7,126.0,1132.3,19.63,79.0,1575.0,7.6,54.0,90,8479.6,15708.2,54.0,1190.1,0.0,4352.0,0.0
2026-09-04T12:20:45.163,789.012,1,7893,10,10.0,20.14,49.942,50.543,50.553,0.746,0.973,1.104,51.095,51.879,52.045,100.036,100.871,100.899,23.885,23.932,23.937,49.662,50.196,50.238,113.011,129.846,145.468,22.0,49.66,20.0,565.6,4096.0,220.0,27.7,126.0,1132.3,19.62,79.0,1575.0,7.4,54.0,90,8479.3,15708.2,54.0,1190.1,0.0,4352.0,0.0
2026-09-04T12:20:46.164,790.013,1,7903,10,9.99,20.12,49.963,50.818,50.858,0.717,0.775,0.797,51.121,52.017,52.018,99.74,100.827,100.827,23.86,23.892,23.895,49.704,50.546,50.606,110.261,112.647,114.294,24.0,49.65,21.0,565.6,4096.0,220.0,27.7,126.0,1132.3,19.63,80.0,1575.0,7.4,54.9,90,8474.9,15708.2,54.0,1190.1,0.0,4352.0,0.0
2026-09-04T12:20:47.163,791.012,1,7913,10,10.01,20.05,50.128,51.011,51.089,0.879,1.178,1.269,51.444,52.383,52.553,100.353,101.345,101.483,23.916,23.987,23.997,49.868,50.716,50.793,109.362,110.826,111.084,23.0,49.92,20.0,565.6,4096.0,220.0,27.7,126.0,1132.3,19.55,79.0,1575.0,7.7,54.1,90,8481.4,15708.2,54.0,1190.1,0.0,4352.0,0.0
2026-09-04T12:20:48.163,792.012,1,7923,10,10.0,20.16,49.879,50.969,51.122,1.088,1.444,1.518,51.391,52.56,52.717,99.718,101.07,101.351,23.897,23.948,23.948,49.607,50.679,50.808,112.313,129.375,144.361,25.0,49.61,21.0,565.6,4096.0,220.0,27.7,126.0,1132.3,19.74,79.0,1575.0,13.7,54.0,90,8629.0,15708.2,54.9,1190.1,0.0,4352.0,0.0
2026-09-04T12:20:49.163,793.012,1,7933,10,10.0,20.56,48.876,50.895,51.384,1.062,1.429,1.616,50.348,52.388,52.466,100.046,101.369,101.518,23.897,23.974,24.011,48.633,50.649,51.152,109.023,110.587,110.757,20.0,48.63,18.0,565.6,4096.0,220.0,27.7,126.0,1132.3,19.55,80.0,1575.0,15.2,54.0,90,8698.7,15708.2,55.4,1190.1,0.0,4352.0,0.0
2026-09-04T12:20:50.163,794.012,1,7943,10,10.0,20.44,49.189,51.535,52.892,0.796,0.923,0.954,50.371,52.743,54.138,99.481,100.556,100.638,23.903,24.0,24.002,48.932,51.281,52.636,108.992,111.451,112.562,23.0,48.94,20.0,565.6,4096.0,220.0,27.7,126.0,1132.3,19.67,79.0,1575.0,16.6,53.0,90,8714.9,15708.2,55.5,1190.1,0.0,4352.0,0.0
2026-09-04T12:20:51.164,795.013,1,7953,10,9.99,20.47,49.077,50.403,50.702,0.714,0.8,0.831,50.2,51.553,51.886,100.364,102.572,103.621,23.88,23.935,23.953,48.844,50.184,50.487,112.604,130.385,146.314,21.0,48.8,19.0,565.6,4096.0,220.0,27.7,126.0,1132.3,19.5,79.0,1575.0,16.3,52.9,90,8751.9,15708.2,55.7,1190.1,0.0,4352.0,0.0
2026-09-04T12:20:52.163,796.012,1,7963,10,10.01,20.43,49.192,49.905,49.989,0.782,0.928,1.009,50.384,51.215,51.431,99.748,101.05,101.266,23.867,23.952,23.968,48.95,49.656,49.76,109.367,116.755,121.663,23.0,49.0,20.0,565.6,4096.0,220.0,27.7,126.0,1132.3,19.63,79.0,1575.0,8.1,53.1,90,8782.4,15708.2,55.9,1190.1,0.0,4352.0,0.0
2026-09-04T12:20:53.163,797.012,1,7973,10,10.0,20.73,48.492,52.553,55.715,0.744,0.868,0.907,49.629,53.817,56.92,100.081,100.986,101.168,23.886,23.943,23.955,48.244,52.262,55.409,108.511,109.827,110.018,23.0,48.24,20.0,565.6,4096.0,220.0,27.7,126.0,1132.3,19.64,80.0,1575.0,15.3,53.0,90,8987.4,15708.2,57.2,1190.1,0.0,4352.0,0.0
2026-09-04T12:20:54.163,798.012,1,7983,10,10.0,20.43,49.202,50.241,50.495,0.87,1.166,1.272,50.497,51.626,51.744,99.717,100.754,100.755,23.867,23.916,23.925,48.936,49.983,50.252,107.674,109.56,109.67,23.0,48.93,20.0,565.6,4096.0,220.0,27.7,126.0,1132.3,19.65,79.0,1575.0,10.3,54.0,90,8840.9,15708.2,56.3,1190.1,0.0,4352.0,0.0
2026-09-04T12:20:55.163,799.012,1,7993,10,10.0,20.27,49.604,50.752,51.024,0.854,1.08,1.224,50.909,52.316,52.743,99.855,101.018,101.201,23.88,23.934,23.935,49.34,50.455,50.731,107.986,109.449,109.51,23.0,49.34,20.0,565.6,4096.0,220.0,27.7,126.0,1132.3,19.65,79.0,1575.0,8.0,54.0,90,8833.5,15708.2,56.2,1190.1,0.0,4352.0,0.0
2026-09-04T12:20:56.164,800.013,1,8003,10,9.99,20.03,50.214,51.123,51.292,0.776,0.913,0.947,51.442,52.353,52.482,100.023,101.272,101.462,23.876,23.918,23.933,49.93,50.857,51.019,108.055,109.639,109.737,23.0,49.89,20.0,565.6,4096.0,220.0,27.7,126.0,1132.3,19.65,80.0,1575.0,7.5,54.0,90,8832.0,15708.2,56.2,1190.1,0.0,4352.0,0.0
2026-09-04T12:20:57.163,801.012,1,8013,10,10.01,20.01,50.226,51.195,51.589,0.72,0.807,0.81,51.388,52.362,52.785,99.938,100.874,100.961,23.883,23.98,23.991,49.967,50.908,51.289,107.995,109.733,109.737,23.0,50.01,21.0,565.6,4096.0,220.0,27.7,126.0,1132.3,19.64,79.0,1575.0,7.3,55.0,90,8806.3,15708.2,56.1,1190.1,0.0,4352.0,0.0
2026-09-04T12:20:58.163,802.012,1,8023,10,10.0,19.8,50.773,51.621,51.753,0.714,0.768,0.775,51.927,52.802,52.891,99.812,101.255,101.469,24.035,24.597,25.122,50.498,51.344,51.487,108.364,110.508,111.229,23.0,50.5,20.0,565.6,4096.0,220.0,27.7,126.0,1132.3,19.64,79.0,1575.0,7.4,55.0,90,8796.4,15708.2,56.0,1190.1,0.0,4352.0,0.0
2026-09-04T12:20:59.163,803.012,1,8033,10,10.0,19.61,51.263,53.321,53.399,0.718,0.807,0.847,52.422,54.446,54.543,100.028,101.182,101.366,23.889,23.933,23.938,51.006,53.055,53.151,109.872,118.437,125.753,12.0,51.01,11.0,565.6,4096.0,220.0,27.7,126.0,1132.3,19.33,79.0,1575.0,7.8,56.0,90,8783.1,15708.2,55.9,1190.1,0.0,4352.0,0.0
2026-09-04T12:21:00.163,804.012,1,8043,10,10.0,19.17,52.474,55.479,55.738,0.801,1.144,1.206,53.714,56.71,56.846,100.051,100.812,100.842,23.924,23.994,24.008,52.17,55.137,55.382,108.147,109.722,109.897,23.0,52.18,20.0,565.6,4096.0,220.0,27.7,126.0,1132.3,19.59,79.0,1575.0,7.7,57.0,90,8772.0,15708.2,55.8,1190.1,0.0,4352.0,0.0
2026-09-04T12:21:01.165,805.014,1,8053,10,9.98,19.5,51.54,54.153,54.179,0.819,0.992,1.004,52.806,55.428,55.543,99.547,101.239,101.565,23.917,23.979,23.991,51.271,53.862,53.9,108.719,116.12,121.899,29.0,51.18,24.0,565.6,4096.0,220.0,27.7,126.0,1132.3,19.63,79.0,1575.0,8.2,56.9,90,8759.9,15708.2,55.8,1190.1,0.0,4352.0,0.0
2026-09-04T12:21:02.163,806.012,1,8063,10,10.02,19.24,52.242,55.564,55.735,0.914,1.213,1.23,53.631,56.957,57.344,99.769,101.05,101.323,23.934,23.982,23.986,51.962,55.29,55.446,108.17,110.602,111.419,23.0,52.05,20.0,565.6,4096.0,220.0,27.7,126.0,1132.3,19.8,80.0,1575.0,7.5,57.1,90,8750.4,15708.2,55.7,1190.1,0.0,4352.0,0.0
2026-09-04T12:21:03.163,807.012,1,8073,10,10.0,19.81,50.776,51.869,52.203,0.84,1.001,1.092,52.091,53.255,53.659,100.271,100.806,100.812,23.976,24.086,24.102,50.482,51.583,51.9,108.588,109.406,109.483,23.0,50.48,21.0,565.6,4096.0,220.0,27.7,126.0,1132.3,19.63,79.0,1575.0,12.7,55.0,90,8724.9,15708.2,55.5,1190.1,0.0,4352.0,0.0
2026-09-04T12:21:04.163,808.012,1,8083,10,10.0,19.88,50.565,51.47,51.969,0.735,0.939,1.044,51.737,52.813,53.429,99.758,101.105,101.264,23.903,23.946,23.957,50.304,51.206,51.686,107.459,109.413,109.547,23.0,50.3,20.0,565.6,4096.0,220.0,27.7,126.0,1132.3,19.64,79.0,1575.0,7.1,55.0,90,8722.6,15708.2,55.5,1190.1,0.0,4352.0,0.0
2026-09-04T12:21:05.163,809.012,1,8093,10,10.0,20.06,50.089,50.979,51.02,0.794,0.868,0.883,51.301,52.238,52.274,99.72,101.167,101.373,23.911,23.995,24.031,49.84,50.726,50.764,108.079,109.843,109.945,23.0,49.84,20.0,565.6,4096.0,220.0,27.7,126.0,1132.3,19.64,79.0,1575.0,7.8,55.0,90,8731.1,15708.2,55.6,1190.1,0.0,4352.0,0.0
2026-09-04T12:21:06.164,810.013,1,8103,10,9.99,20.12,49.976,50.788,50.826,0.704,0.771,0.779,51.104,51.915,51.975,100.105,101.119,101.341,23.89,23.967,23.98,49.708,50.534,50.589,108.447,110.125,110.783,23.0,49.65,21.0,565.6,4096.0,220.0,27.7,126.0,1132.3,19.65,79.0,1575.0,7.1,54.9,90,8725.1,15708.2,55.5,1190.1,0.0,4352.0,0.0
2026-09-04T12:21:07.163,811.012,1,8113,10,10.01,20.19,49.802,50.304,50.466,0.752,0.859,0.904,50.968,51.515,51.683,99.793,100.948,101.058,23.876,23.94,23.947,49.529,50.03,50.193,108.031,111.384,113.574,23.0,49.59,20.0,565.6,4096.0,220.0,27.7,126.0,1132.3,19.66,79.0,1575.0,7.6,54.1,90,8709.4,15708.2,55.4,1190.1,0.0,4352.0,0.0
2026-09-04T12:21:08.163,812.012,1,8123,10,10.0,20.08,50.057,50.732,50.75,0.79,0.847,0.865,51.288,52.014,52.074,99.728,100.818,100.968,23.878,23.94,23.96,49.805,50.473,50.486,108.086,109.217,109.455,23.0,49.8,20.0,565.6,4096.0,220.0,27.7,126.0,1132.3,19.65,79.0,1575.0,6.9,55.0,90,8696.9,15708.2,55.4,1190.1,0.0,4352.0,0.0
2026-09-04T12:21:09.163,813.012,1,8133,10,10.0,20.19,49.799,50.577,50.627,0.769,0.929,1.0,51.002,51.821,51.917,99.974,100.842,100.882,23.891,23.936,23.949,49.533,50.321,50.358,108.353,111.537,113.327,23.0,49.53,20.0,565.6,4096.0,220.0,27.7,126.0,1132.3,19.64,79.0,1575.0,7.6,54.0,90,8687.1,15708.2,55.3,1190.1,0.0,4352.0,0.0
2026-09-04T12:21:10.163,814.012,1,8143,10,10.0,20.1,50.007,51.061,51.077,0.835,1.091,1.283,51.269,52.42,52.486,99.969,101.64,101.85,23.875,23.912,23.918,49.74,50.779,50.79,108.493,111.293,112.194,23.0,49.74,20.0,565.6,4096.0,220.0,27.7,126.0,1132.3,19.64,79.0,1575.0,7.4,54.0,90,8682.9,15708.2,55.3,1190.1,0.0,4352.0,0.0
2026-09-04T12:21:11.164,815.013,1,8153,10,9.99,20.12,49.962,51.457,51.602,0.709,0.769,0.789,51.108,52.586,52.743,99.875,101.595,101.965,23.9,23.958,23.965,49.701,51.193,51.325,108.103,109.76,109.798,23.0,49.65,20.0,565.6,4096.0,220.0,27.7,126.0,1132.3,19.65,79.0,1575.0,7.9,55.0,90,8689.5,15708.2,55.3,1190.1,0.0,4352.0,0.0
2026-09-04T12:21:12.163,816.012,1,8162,9,9.01,19.87,50.605,51.319,51.37,0.774,0.975,1.083,51.799,52.477,52.547,110.711,160.046,199.121,23.907,23.979,23.994,50.32,51.059,51.106,119.342,170.418,207.21,23.0,45.33,21.0,565.6,4096.0,220.0,27.7,126.0,1132.3,19.15,79.0,1575.0,6.9,50.0,90,8686.7,15708.2,55.3,1190.1,0.0,4352.0,0.0
2026-09-04T12:21:13.163,817.012,1,8172,10,10.0,19.8,50.769,51.939,52.399,0.797,0.868,0.87,52.02,53.231,53.688,100.147,101.863,102.073,23.952,24.016,24.037,50.498,51.694,52.131,107.27,109.314,109.468,23.0,50.49,20.0,565.6,4096.0,220.0,27.7,126.0,1132.3,19.64,79.0,1575.0,7.6,56.0,90,8682.9,15708.2,55.3,1190.1,0.0,4352.0,0.0
2026-09-04T12:21:14.163,818.012,1,8182,10,10.0,19.87,50.612,52.167,52.373,0.804,1.063,1.27,51.852,53.402,53.601,99.535,100.748,100.918,23.933,24.107,24.149,50.34,51.876,52.075,105.629,109.011,109.138,23.0,50.34,20.0,565.6,4096.0,220.0,27.7,126.0,1132.3,19.63,79.0,1575.0,7.0,55.0,90,8680.9,15708.2,55.3,1190.1,0.0,4352.0,0.0
2026-09-04T12:21:15.163,819.012,1,8192,10,10.0,20.15,49.887,51.072,51.296,0.826,0.933,0.993,51.15,52.357,52.633,100.563,100.982,101.104,23.895,24.023,24.121,49.619,50.802,51.007,109.039,115.711,120.864,23.0,49.62,21.0,565.6,4096.0,220.0,27.7,126.0,1132.3,19.63,79.0,1575.0,8.3,54.0,90,8678.3,15708.2,55.2,1190.1,0.0,4352.0,0.0
2026-09-04T12:21:16.164,820.013,1,8202,10,9.99,20.17,49.867,50.801,50.844,0.783,0.899,0.9,51.069,52.053,52.068,99.511,100.728,100.737,23.885,23.964,23.985,49.579,50.508,50.535,106.602,109.21,109.536,23.0,49.52,20.0,565.6,4096.0,220.0,27.7,126.0,1132.3,19.63,79.0,1575.0,7.2,54.9,90,8670.6,15708.2,55.2,1190.1,0.0,4352.0,0.0
2026-09-04T12:21:17.163,821.012,1,8212,10,10.01,20.33,49.45,50.213,50.247,0.722,0.77,0.776,50.602,51.436,51.49,99.994,100.95,101.052,23.863,23.901,23.907,49.185,49.975,50.005,106.758,110.271,110.972,23.0,49.24,20.0,565.6,4096.0,220.0,27.7,126.0,1132.3,19.62,79.0,1575.0,7.8,54.1,90,8673.3,15708.2,55.2,1190.1,0.0,4352.0,0.0
2026-09-04T12:21:18.163,822.012,1,8222,10,10.0,20.25,49.625,50.448,50.732,0.692,0.735,0.743,50.732,51.599,51.876,99.905,101.021,101.104,23.888,23.911,23.911,49.373,50.178,50.474,110.747,128.766,135.941,23.0,49.38,20.0,565.6,4096.0,220.0,27.7,126.0,1132.3,19.62,79.0,1575.0,8.5,54.0,90,8597.2,15708.2,54.7,1190.1,0.0,4352.0,0.0
2026-09-04T12:21:19.163,823.012,1,8232,10,10.0,20.31,49.491,50.549,50.776,0.679,0.745,0.762,50.555,51.711,51.95,99.86,101.976,102.044,23.867,23.939,23.968,49.242,50.274,50.49,104.528,106.96,107.436,23.0,49.24,20.0,565.6,4096.0,220.0,27.7,126.0,1132.3,19.62,79.0,1575.0,9.0,54.0,90,8606.2,15708.2,54.8,1190.1,0.0,4352.0,0.0
2026-09-04T12:21:20.163,824.012,1,8242,10,10.0,20.27,49.589,50.399,50.457,0.779,0.928,1.018,50.765,51.716,51.893,99.729,101.047,101.287,23.873,23.92,23.922,49.339,50.112,50.152,105.213,106.739,106.826,23.0,49.33,20.0,565.6,4096.0,220.0,27.7,126.0,1132.3,19.63,79.0,1575.0,7.4,55.0,90,8598.7,15708.2,54.7,1190.1,0.0,4352.0,0.0
2026-09-04T12:21:21.164,825.013,1,8252,10,9.99,19.91,50.497,51.632,51.825,0.879,1.252,1.273,51.792,52.94,52.949,99.75,101.7,101.719,23.892,23.937,23.946,50.237,51.389,51.585,106.695,117.656,126.701,23.0,50.18,20.0,565.6,4096.0,220.0,27.7,126.0,1132.3,19.64,79.0,1575.0,8.2,53.9,90,8472.2,15708.2,53.9,1190.1,0.0,4352.0,0.0
2026-09-04T12:21:22.163,826.012,1,8262,10,10.01,19.93,50.485,51.566,51.642,0.779,0.838,0.849,51.679,52.767,52.789,100.65,101.507,101.598,23.905,24.024,24.081,50.17,51.171,51.211,105.88,108.217,109.307,23.0,50.23,20.0,565.6,4096.0,220.0,27.7,126.0,1132.3,19.64,79.0,1575.0,7.2,55.1,90,8472.4,15708.2,53.9,1190.1,0.0,4352.0,0.0
2026-09-04T12:21:23.163,827.012,1,8272,10,10.0,20.04,50.17,51.152,51.315,0.78,0.986,1.118,51.372,52.309,52.5,99.46,100.847,100.923,23.906,23.991,24.015,49.909,50.854,51.022,103.127,105.202,105.76,23.0,49.91,20.0,565.6,4096.0,220.0,27.7,126.0,1132.3,19.64,79.0,1575.0,7.3,56.0,90,8463.9,15708.2,53.9,1190.1,0.0,4352.0,0.0
2026-09-04T12:21:24.163,828.012,1,8282,10,10.0,19.87,50.652,51.83,51.959,0.873,1.185,1.466,51.959,53.497,53.891,99.662,101.014,101.255,23.893,23.983,24.023,50.319,51.39,51.559,106.965,120.32,132.025,23.0,50.32,21.0,565.6,4096.0,220.0,27.7,126.0,1132.3,19.63,79.0,1575.0,7.4,55.0,90,8473.0,15708.2,53.9,1190.1,0.0,4352.0,0.0
2026-09-04T12:21:25.163,829.012,1,8292,10,10.0,19.83,50.689,52.37,52.373,0.742,0.814,0.815,51.837,53.415,53.435,100.401,101.403,101.473,23.906,23.968,23.976,50.43,52.107,52.126,104.354,106.3,106.308,23.0,50.43,21.0,565.6,4096.0,220.0,27.7,126.0,1132.3,19.63,79.0,1575.0,7.9,54.0,90,8460.5,15708.2,53.9,1190.1,0.0,4352.0,0.0
2026-09-04T12:21:26.165,830.014,1,8302,10,9.98,19.94,50.414,51.963,52.044,0.768,0.987,1.065,51.601,53.326,53.569,99.482,101.167,101.216,23.917,24.005,24.013,50.146,51.676,51.763,104.164,106.632,106.914,23.0,50.05,20.0,565.6,4096.0,220.0,27.7,126.0,1132.3,19.64,79.0,1575.0,7.5,55.9,90,8460.0,15708.2,53.9,1190.1,0.0,4352.0,0.0
2026-09-04T12:21:27.163,831.012,1,8312,10,10.02,19.67,51.12,54.166,54.621,0.859,1.115,1.276,52.348,55.318,55.705,99.972,101.04,101.283,23.972,24.111,24.139,50.827,53.816,54.282,106.823,121.037,133.601,23.0,50.93,20.0,565.6,4096.0,220.0,27.7,126.0,1132.3,19.64,79.0,1575.0,7.6,55.1,90,8459.2,15708.2,53.9,1190.1,0.0,4352.0,0.0
2026-09-04T12:21:28.163,832.012,1,8322,10,10.0,19.76,50.902,51.917,52.03,0.923,1.19,1.258,52.248,53.255,53.408,99.847,100.95,100.958,23.935,24.076,24.109,50.597,51.437,51.513,103.94,105.496,105.726,23.0,50.59,20.0,565.6,4096.0,220.0,27.7,126.0,1132.3,19.64,79.0,1575.0,7.6,56.0,90,8458.0,15708.2,53.8,1191.7,0.0,4352.0,0.0
2026-09-04T12:21:29.163,833.012,1,8332,10,10.0,19.61,51.253,52.526,52.841,0.85,1.243,1.326,52.536,53.971,54.163,99.834,101.158,101.753,23.925,24.018,24.068,50.989,52.218,52.531,103.867,106.655,106.968,23.0,50.99,20.0,565.6,4096.0,220.0,27.7,126.0,1132.3,19.64,79.0,1575.0,7.3,56.0,90,8474.8,15708.2,54.0,1190.1,0.0,4352.0,0.0
2026-09-04T12:21:30.163,834.012,1,8342,10,10.0,19.85,50.63,53.752,55.61,0.866,1.241,1.246,51.891,54.915,56.777,100.189,100.886,100.939,23.895,23.96,23.97,50.38,53.498,55.36,107.113,121.883,135.61,23.0,50.38,20.0,565.6,4096.0,220.0,27.7,126.0,1132.3,19.62,79.0,1575.0,7.9,55.0,90,8469.9,15708.2,53.9,1190.1,0.0,4352.0,0.0
2026-09-04T12:21:31.164,835.013,1,8352,10,9.99,19.91,50.618,52.184,52.587,0.762,0.847,0.87,51.818,53.477,53.849,100.01,101.135,101.241,23.91,23.97,23.992,50.227,51.245,51.429,104.256,106.695,106.772,23.0,50.16,21.0,565.6,4096.0,220.0,27.7,126.0,1132.3,19.63,79.0,1575.0,7.3,54.9,90,8475.8,15708.2,54.0,1190.1,0.0,4352.0,0.0
2026-09-04T12:21:32.163,836.012,1,8362,10,10.01,19.75,50.891,52.686,53.579,0.705,0.751,0.755,51.985,53.876,54.732,99.811,100.678,100.782,23.885,23.929,23.94,50.629,52.436,53.336,103.643,104.534,104.541,23.0,50.7,20.0,565.6,4096.0,220.0,27.7,126.0,1132.3,19.63,79.0,1575.0,7.6,56.1,90,8476.8,15708.2,54.0,1192.3,0.0,4352.0,0.0
2026-09-04T12:21:33.163,837.012,1,8372,10,10.0,19.96,50.351,51.312,51.469,0.752,0.948,1.021,51.491,52.461,52.563,99.785,100.895,100.975,23.876,23.95,23.964,50.109,51.046,51.175,107.474,124.038,139.544,23.0,50.11,20.0,565.6,4096.0,220.0,27.7,126.0,1132.3,19.63,79.0,1575.0,7.3,55.0,90,8476.3,15708.2,54.0,1192.7,0.0,4352.0,0.0
2026-09-04T12:21:34.163,838.012,1,8382,10,10.0,19.78,50.802,52.233,53.033,0.766,0.822,0.823,51.949,53.416,54.211,99.85,100.901,101.056,23.884,23.941,23.974,50.552,51.999,52.791,103.7,105.231,105.531,23.0,50.55,20.0,565.6,4096.0,220.0,27.7,126.0,1132.3,19.63,79.0,1575.0,7.5,55.0,90,8472.3,15708.2,53.9,1192.9,0.0,4352.0,0.0
2026-09-04T12:21:35.163,839.012,1,8392,10,10.0,20.04,50.142,51.326,51.615,0.782,1.13,1.245,51.296,52.444,52.698,100.204,101.264,101.403,23.89,23.923,23.928,49.889,51.052,51.38,104.408,106.156,106.724,23.0,49.89,20.0,565.6,4096.0,220.0,27.7,126.0,1132.3,19.64,79.0,1575.0,7.6,54.0,90,8476.6,15708.2,54.0,1191.6,0.0,4352.0,0.0
2026-09-04T12:21:36.164,840.013,1,8402,10,9.99,19.72,50.961,52.291,52.469,0.889,1.27,1.489,52.284,53.914,54.003,99.984,100.874,101.095,23.924,24.087,24.137,50.704,52.032,52.216,107.252,122.614,136.794,23.0,50.65,20.0,565.6,4096.0,220.0,27.7,126.0,1132.3,19.63,79.0,1575.0,7.6,55.9,90,8477.7,15708.2,54.0,1192.4,0.0,4352.0,0.0
2026-09-04T12:21:37.163,841.012,1,8412,10,10.01,19.92,50.453,51.877,52.52,0.708,0.768,0.772,51.545,53.011,53.611,99.803,101.199,101.271,23.888,23.984,23.99,50.19,51.615,52.255,104.278,106.859,107.215,23.0,50.24,20.0,565.6,4096.0,220.0,27.7,126.0,1132.3,19.62,79.0,1575.0,7.4,54.0,90,8470.5,15708.2,53.9,1193.2,0.0,4352.0,0.0
2026-09-04T12:21:38.163,842.012,1,8422,10,10.0,19.68,51.062,51.64,51.671,0.802,0.935,0.968,52.251,52.766,52.802,99.854,101.175,101.249,23.892,23.963,23.997,50.805,51.356,51.367,103.688,105.194,105.339,23.0,50.81,20.0,565.6,4096.0,220.0,27.7,126.0,1132.3,19.63,79.0,1575.0,7.5,57.0,90,8470.1,15708.2,53.9,1193.8,0.0,4352.0,0.0
2026-09-04T12:21:39.163,843.012,1,8432,10,10.0,19.7,51.031,52.01,52.3,0.903,1.305,1.529,52.28,53.689,54.135,100.069,102.018,102.049,23.911,23.992,24.006,50.763,51.671,51.932,108.776,128.064,143.22,23.0,50.76,20.0,565.6,4096.0,220.0,27.7,126.0,1132.3,19.63,79.0,1575.0,7.2,55.0,90,8464.1,15708.2,53.9,1193.3,0.0,4352.0,0.0
2026-09-04T12:21:40.163,844.012,1,8442,10,10.0,19.71,51.002,51.584,51.596,1.188,1.468,1.622,52.55,53.389,53.542,99.539,100.922,100.962,23.904,23.974,24.013,50.739,51.334,51.359,107.118,110.222,111.29,23.0,50.74,20.0,565.6,4096.0,220.0,27.7,126.0,1132.3,19.63,79.0,1575.0,8.2,56.0,90,8464.2,15708.2,53.9,1193.5,0.0,4352.0,0.0
2026-09-04T12:21:41.164,845.013,1,8452,10,9.99,19.79,50.779,51.44,51.487,1.271,1.578,1.578,52.419,52.977,53.047,100.015,101.464,101.553,23.902,23.935,23.935,50.537,51.197,51.245,109.74,111.367,111.944,23.0,50.48,20.0,565.6,4096.0,220.0,27.7,126.0,1132.3,19.62,79.0,1575.0,8.1,55.9,90,8472.6,15708.2,53.9,1193.1,0.0,4352.0,0.0
2026-09-04T12:21:42.163,846.012,1,8462,10,10.01,19.69,51.065,53.483,54.75,1.266,1.659,1.746,52.651,55.462,56.667,100.011,101.136,101.148,23.938,24.105,24.106,50.798,53.181,54.469,111.933,128.318,143.26,23.0,50.86,20.0,565.6,4096.0,220.0,27.7,126.0,1132.3,19.63,79.0,1575.0,7.8,55.1,90,8477.9,15708.2,54.0,1193.3,0.0,4352.0,0.0
2026-09-04T12:21:43.163,847.012,1,8472,10,10.0,19.91,50.48,51.371,51.381,1.026,1.166,1.22,51.844,52.76,52.774,100.079,101.511,101.592,23.883,23.944,23.953,50.219,51.099,51.126,108.615,110.092,110.4,23.0,50.22,20.0,565.6,4096.0,220.0,27.7,126.0,1132.3,19.64,79.0,1575.0,7.4,55.0,90,8471.8,15708.2,53.9,1193.3,0.0,4352.0,0.0
2026-09-04T12:21:44.163,848.012,1,8482,10,10.0,20.09,50.008,50.704,50.733,0.815,1.013,1.155,51.168,51.841,51.885,99.844,101.249,101.391,23.895,23.931,23.934,49.764,50.474,50.512,108.785,110.382,111.049,23.0,49.76,20.0,565.6,4096.0,220.0,27.7,126.0,1132.3,19.63,79.0,1575.0,7.4,56.0,90,8476.2,15708.2,54.0,1193.5,0.0,4352.0,0.0
2026-09-04T12:21:45.163,849.012,1,8492,10,10.0,20.15,49.884,50.69,50.879,0.728,0.804,0.809,50.996,51.793,51.973,99.815,100.861,100.894,23.862,23.915,23.921,49.637,50.434,50.656,113.892,131.71,148.094,23.0,49.64,20.0,565.6,4096.0,220.0,27.7,126.0,1132.3,19.63,79.0,1575.0,7.4,54.0,90,8468.8,15708.2,53.9,1194.6,0.0,4352.0,0.0
2026-09-04T12:21:46.164,850.013,1,8502,10,9.99,20.15,49.899,52.062,53.32,0.751,0.971,1.078,51.085,53.372,54.504,99.583,101.455,101.628,23.979,24.451,24.852,49.636,51.797,53.06,109.415,112.125,112.42,23.0,49.58,20.0,565.6,4096.0,220.0,27.7,126.0,1132.3,19.62,79.0,1575.0,7.3,52.9,90,8476.9,15708.2,54.0,1193.7,0.0,4352.0,0.0
2026-09-04T12:21:47.163,851.012,1,8512,10,10.01,19.88,50.576,51.747,51.929,0.785,0.837,0.838,51.749,52.909,53.124,100.553,102.243,103.226,23.892,23.961,23.979,50.311,51.472,51.65,110.414,114.136,114.733,23.0,50.37,20.0,565.6,4096.0,220.0,27.7,126.0,1132.3,19.62,79.0,1575.0,7.4,55.1,90,8493.7,15708.2,54.1,1193.7,0.0,4352.0,0.0
2026-09-04T12:21:48.163,852.012,1,8522,10,10.0,20.11,49.996,51.194,51.422,0.761,1.022,1.226,51.192,52.317,52.528,99.234,100.89,101.038,23.914,23.978,23.981,49.723,50.91,51.131,112.182,128.859,142.821,23.0,49.72,20.0,565.6,4096.0,220.0,27.7,126.0,1132.3,19.62,79.0,1575.0,13.8,53.0,90,8639.4,15708.2,55.0,1194.1,0.0,4352.0,0.0
2026-09-04T12:21:49.163,853.012,1,8532,10,10.0,20.32,49.453,51.032,52.136,0.893,1.279,1.287,50.761,52.501,53.795,100.534,101.66,101.833,23.861,23.929,23.944,49.205,50.763,51.874,111.855,113.493,113.778,23.0,49.2,20.0,565.6,4096.0,220.0,27.7,126.0,1132.3,19.61,79.0,1575.0,15.0,54.0,90,8718.7,15708.2,55.5,1194.1,0.0,4352.0,0.0
2026-09-04T12:21:50.163,854.012,1,8542,10,10.0,20.23,49.696,50.84,50.875,0.843,1.122,1.321,50.974,52.124,52.221,99.962,100.731,100.857,23.883,23.93,23.939,49.437,50.569,50.598,111.657,117.869,122.556,23.0,49.44,20.0,565.6,4096.0,220.0,27.7,126.0,1132.3,19.62,79.0,1575.0,16.9,55.0,90,8743.2,15708.2,55.7,1194.2,0.0,4352.0,0.0
2026-09-04T12:21:51.164,855.013,1,8552,10,9.99,20.1,50.01,53.186,53.866,0.738,0.844,0.903,51.179,54.393,55.159,100.094,101.366,101.637,23.892,23.959,23.993,49.76,52.917,53.596,115.063,129.939,143.478,23.0,49.71,20.0,565.6,4096.0,220.0,27.7,126.0,1132.3,19.63,79.0,1575.0,15.3,54.0,90,8717.2,15708.2,55.5,1193.5,0.0,4352.0,0.0
2026-09-04T12:21:52.163,856.012,1,8562,10,10.01,19.28,52.137,55.178,55.331,0.883,1.163,1.191,53.463,56.526,56.797,99.233,101.377,101.437,23.945,24.065,24.087,51.858,54.9,55.017,109.1,113.325,113.989,23.0,51.91,20.0,565.6,4096.0,220.0,47.9,126.0,1132.3,19.64,79.0,1575.0,9.8,57.0,90,8830.0,15708.2,56.2,1190.2,0.0,4352.0,0.0
2026-09-04T12:21:53.163,857.012,1,8572,10,10.0,20.64,48.694,52.446,55.473,0.669,0.835,0.947,49.756,53.706,56.905,100.291,101.469,101.688,23.919,24.113,24.184,48.44,52.173,55.177,107.979,109.555,109.9,23.0,48.44,20.0,565.6,4096.0,220.0,49.8,126.0,1132.3,19.63,79.0,1575.0,14.8,52.0,90,8981.6,15708.2,57.2,1190.2,0.0,4352.0,0.0
2026-09-04T12:21:54.163,858.012,1,8582,10,10.0,20.45,49.164,50.968,51.746,0.738,0.938,1.085,50.336,52.341,53.31,100.048,101.508,101.99,23.895,23.996,24.06,48.902,50.701,51.468,112.407,132.532,147.735,23.0,48.9,20.0,565.6,4096.0,220.0,27.7,126.0,1132.3,19.64,79.0,1575.0,10.3,52.0,90,8876.1,15708.2,56.5,1194.1,0.0,4352.0,0.0
2026-09-04T12:21:55.163,859.012,1,8592,10,10.0,20.28,49.59,51.094,51.622,0.715,0.769,0.783,50.739,52.228,52.711,99.997,101.376,101.452,23.887,23.925,23.934,49.312,50.804,51.347,110.666,113.971,114.073,23.0,49.31,20.0,565.6,4096.0,220.0,27.7,126.0,1132.3,19.64,79.0,1575.0,7.3,54.0,90,8860.7,15708.2,56.4,1194.6,0.0,4352.0,0.0
2026-09-04T12:21:56.165,860.014,1,8602,10,9.98,19.98,50.315,51.899,51.907,0.752,0.861,0.928,51.533,53.139,53.174,99.808,101.33,101.539,23.903,23.953,23.958,50.042,51.607,51.64,108.798,114.007,115.042,23.0,49.95,20.0,565.6,4096.0,220.0,44.6,126.0,1132.3,19.65,79.0,1575.0,9.8,55.9,90,8838.8,15708.2,56.3,1190.2,0.0,4352.0,0.0
2026-09-04T12:21:57.163,861.012,1,8612,10,10.02,19.94,50.404,51.107,51.124,0.822,1.044,1.172,51.684,52.582,52.705,99.499,101.417,101.748,23.879,23.933,23.942,50.144,50.85,50.859,111.642,129.457,145.056,23.0,50.23,20.0,565.6,4096.0,220.0,39.7,126.0,1132.3,19.64,79.0,1575.0,6.9,55.1,90,8818.6,15708.2,56.1,1190.2,0.0,4352.0,0.0
2026-09-04T12:21:58.163,862.012,1,8622,10,10.0,20.19,49.771,50.285,50.313,0.737,0.814,0.841,50.938,51.493,51.522,100.032,101.368,101.676,23.882,23.937,23.943,49.525,50.036,50.046,107.652,109.898,110.572,23.0,49.53,20.0,565.6,4096.0,220.0,52.5,126.0,1132.3,19.64,79.0,1575.0,7.6,53.0,90,8806.0,15708.2,56.1,1190.2,0.0,4352.0,0.0
2026-09-04T12:21:59.164,863.013,1,8632,10,9.99,20.35,49.415,50.633,50.841,0.669,0.732,0.741,50.519,51.727,51.969,100.245,101.328,101.759,23.867,23.904,23.91,49.148,50.378,50.605,108.322,109.971,110.12,23.0,49.1,20.0,565.6,4096.0,220.0,57.7,126.0,1132.3,19.65,79.0,1575.0,7.0,53.9,90,8781.2,15708.2,55.9,1190.2,0.0,4352.0,0.0
2026-09-04T12:22:00.163,864.012,1,8642,10,10.01,20.27,49.604,50.595,50.863,0.852,1.16,1.253,50.901,51.883,51.961,99.526,100.943,101.354,23.961,24.331,24.658,49.329,50.312,50.62,111.891,129.271,144.198,23.0,49.38,21.0,565.6,4096.0,220.0,29.8,126.0,1132.3,19.64,79.0,1575.0,7.7,54.1,90,8787.8,15708.2,55.9,1190.2,0.0,4352.0,0.0
2026-09-04T12:22:01.164,865.013,1,8652,10,9.99,20.35,49.404,49.993,50.011,0.869,1.248,1.29,50.703,51.248,51.253,99.816,101.185,101.551,23.872,23.903,23.904,49.129,49.684,49.711,108.302,109.525,109.578,23.0,49.08,20.0,565.6,4096.0,220.0,29.8,126.0,1132.3,19.64,79.0,1575.0,7.4,52.9,90,8777.4,15708.2,55.9,1190.2,0.0,4352.0,0.0
2026-09-04T12:22:02.163,866.012,1,8662,10,10.01,20.1,50.029,50.488,50.634,0.819,0.887,0.903,51.302,51.724,51.823,100.0,101.154,101.394,23.877,23.917,23.917,49.755,50.21,50.352,107.653,109.687,109.743,23.0,49.8,21.0,565.6,4096.0,220.0,29.8,126.0,1132.3,19.64,79.0,1575.0,7.3,55.1,90,8765.3,15708.2,55.8,1190.2,0.0,4352.0,0.0
2026-09-04T12:22:03.163,867.012,1,8672,10,10.0,19.86,50.612,54.558,58.134,0.837,0.958,1.009,51.907,55.89,59.532,99.984,101.056,101.151,23.906,23.959,23.979,50.344,54.273,57.843,112.224,130.311,146.918,23.0,50.34,21.0,565.6,4096.0,220.0,29.8,126.0,1132.3,19.62,79.0,1575.0,7.4,55.0,90,8755.5,15708.2,55.7,1190.2,0.0,4352.0,0.0
2026-09-04T12:22:04.163,868.012,1,8682,10,10.0,20.15,49.896,50.652,50.723,0.857,1.12,1.319,51.185,52.107,52.193,100.315,101.414,101.455,23.887,23.938,23.941,49.622,50.371,50.431,109.122,111.994,112.831,23.0,49.63,21.0,565.6,4096.0,220.0,42.7,126.0,1132.3,19.62,79.0,1575.0,7.0,54.0,90,8743.6,15708.2,55.7,1190.2,0.0,4352.0,0.0
2026-09-04T12:22:05.163,869.012,1,8692,10,10.0,20.14,49.942,50.986,51.026,0.796,0.912,0.971,51.175,52.238,52.284,99.548,101.635,102.102,23.885,23.919,23.924,49.652,50.675,50.733,107.851,110.789,111.866,23.0,49.65,20.0,565.6,4096.0,220.0,29.8,126.0,1132.3,19.61,79.0,1575.0,7.7,54.0,90,8736.0,15708.2,55.6,1190.2,0.0,4352.0,0.0
2026-09-04T12:22:06.164,870.013,1,8702,10,9.99,20.19,49.81,51.027,51.15,0.883,1.134,1.342,51.121,52.591,52.922,99.991,101.189,101.467,23.864,23.937,23.952,49.537,50.717,50.829,111.898,129.602,145.306,23.0,49.48,20.0,565.6,4096.0,220.0,29.8,126.0,1132.3,19.59,79.0,1575.0,7.3,54.9,90,8722.7,15708.2,55.5,1190.2,0.0,4352.0,0.0
2026-09-04T12:22:07.163,871.012,1,8712,10,10.01,20.16,49.854,51.488,52.009,0.807,0.994,1.016,51.103,52.865,53.418,99.787,100.91,101.212,23.897,23.969,23.974,49.596,51.208,51.726,108.197,109.21,109.447,23.0,49.65,21.0,565.6,4096.0,220.0,29.8,126.0,1132.3,19.59,79.0,1575.0,7.5,54.1,90,8713.6,15708.2,55.5,1190.2,0.0,4352.0,0.0
2026-09-04T12:22:08.163,872.012,1,8722,10,10.0,20.11,50.0,51.068,51.16,0.766,0.856,0.859,51.212,52.312,52.397,99.935,101.386,101.74,23.893,23.984,24.036,49.724,50.799,50.905,108.124,110.908,111.153,23.0,49.72,20.0,565.6,4096.0,220.0,29.8,126.0,1132.3,19.58,79.0,1575.0,7.4,55.0,90,8697.6,15708.2,55.4,1190.2,0.0,4352.0,0.0
2026-09-04T12:22:09.163,873.012,1,8732,10,10.0,19.95,50.398,51.979,52.665,0.816,0.983,1.059,51.646,53.258,53.931,100.363,101.547,101.748,23.895,23.959,23.974,50.123,51.703,52.396,111.281,127.786,142.051,23.0,50.13,20.0,565.6,4096.0,220.0,29.8,126.0,1132.3,19.57,79.0,1575.0,7.6,54.0,90,8695.1,15708.2,55.4,1190.2,0.0,4352.0,0.0
2026-09-04T12:22:10.163,874.012,1,8742,10,10.0,20.13,49.967,50.732,50.974,0.819,0.933,0.991,51.22,51.914,52.151,99.652,100.752,100.756,23.894,23.945,23.951,49.689,50.428,50.665,107.189,109.184,109.268,23.0,49.69,20.0,565.6,4096.0,220.0,29.8,126.0,1132.3,19.56,79.0,1575.0,7.9,55.0,90,8691.9,15708.2,55.3,1190.2,0.0,4352.0,0.0
2026-09-04T12:22:11.164,875.013,1,8752,10,9.99,20.19,49.818,50.671,50.702,0.84,0.904,0.91,51.094,51.979,52.027,99.374,100.521,100.629,23.87,23.937,23.943,49.537,50.374,50.403,108.097,109.421,109.491,23.0,49.48,20.0,565.6,4096.0,220.0,29.8,126.0,1132.3,19.55,79.0,1575.0,7.6,54.9,90,8689.2,15708.2,55.3,1190.2,0.0,4352.0,0.0
2026-09-04T12:22:12.163,876.012,1,8762,10,10.01,20.08,50.068,51.632,52.322,0.713,0.859,0.934,51.194,52.908,53.687,100.051,101.213,101.414,23.88,23.95,23.966,49.797,51.304,51.97,111.989,126.083,138.552,23.0,49.86,20.0,565.6,4096.0,220.0,29.8,126.0,1132.3,19.55,78.0,1575.0,7.3,54.1,90,8678.3,15708.2,55.2,1190.2,0.0,4352.0,0.0
2026-09-04T12:22:13.163,877.012,1,8772,10,10.0,19.64,51.211,56.05,60.218,0.736,0.776,0.786,52.387,57.218,61.413,100.281,100.822,100.838,23.909,24.058,24.127,50.913,55.736,59.882,108.69,109.645,109.891,23.0,50.91,20.0,565.6,4096.0,220.0,29.8,126.0,1132.3,19.55,79.0,1575.0,7.7,55.0,90,8689.7,15708.2,55.3,1190.2,0.0,4352.0,0.0
2026-09-04T12:22:14.163,878.012,1,8782,10,10.0,20.03,50.211,50.769,50.78,0.756,0.849,0.855,51.396,51.987,52.03,99.803,100.928,101.075,23.899,23.972,23.979,49.934,50.488,50.494,107.837,109.259,109.407,23.0,49.94,20.0,565.6,4096.0,220.0,29.8,126.0,1132.3,19.53,79.0,1575.0,7.2,55.0,90,8686.4,15708.2,55.3,1190.2,0.0,4352.0,0.0
2026-09-04T12:22:15.163,879.012,1,8792,10,10.0,20.16,49.875,50.671,50.712,0.78,0.966,1.05,51.071,51.852,51.863,99.734,101.07,101.484,23.891,23.953,23.962,49.605,50.389,50.425,111.821,127.513,141.073,23.0,49.6,20.0,565.6,4096.0,220.0,29.8,126.0,1132.3,19.53,78.0,1575.0,7.6,55.0,90,8690.5,15708.2,55.3,1190.2,0.0,4352.0,0.0
2026-09-04T12:22:16.164,880.013,1,8802,10,9.99,20.15,49.913,51.005,51.096,0.83,1.023,1.122,51.168,52.407,52.415,100.309,100.878,100.998,23.902,24.037,24.071,49.639,50.709,50.796,108.72,110.307,110.376,23.0,49.59,20.0,565.6,4096.0,220.0,29.8,126.0,1132.3,19.52,78.0,1575.0,7.4,53.9,90,8686.0,15708.2,55.3,1190.2,0.0,4352.0,0.0
2026-09-04T12:22:17.163,881.012,1,8812,10,10.01,19.6,51.279,54.455,55.229,0.8,0.912,0.962,52.513,55.642,56.405,99.943,101.075,101.349,23.926,24.025,24.034,51.01,54.18,54.954,108.364,109.749,109.967,23.0,51.06,21.0,565.6,4096.0,220.0,29.8,126.0,1132.3,19.52,78.0,1575.0,7.8,56.1,90,8698.5,15708.2,55.4,1190.2,0.0,4352.0,0.0
2026-09-04T12:22:18.163,882.012,1,8822,10,10.0,19.7,51.043,53.985,54.185,0.877,1.107,1.108,52.342,55.381,55.705,99.813,101.232,101.451,23.975,24.362,24.717,50.773,53.673,53.863,111.574,127.788,142.007,23.0,50.77,20.0,565.6,4096.0,220.0,29.8,126.0,1132.3,19.51,78.0,1575.0,9.0,55.0,90,8622.7,15708.2,54.9,1190.2,0.0,4352.0,0.0
2026-09-04T12:22:19.163,883.012,1,8832,10,10.0,20.26,49.615,50.513,50.696,0.735,0.912,0.979,50.779,51.619,51.814,100.038,101.151,101.472,23.859,23.907,23.92,49.355,50.195,50.351,108.151,109.358,109.751,23.0,49.35,20.0,565.6,4096.0,220.0,29.8,126.0,1132.3,19.5,78.0,1575.0,8.6,54.0,90,8621.7,15708.2,54.9,1190.2,0.0,4352.0,0.0
2026-09-04T12:22:20.163,884.012,1,8842,10,10.0,20.39,49.315,50.026,50.03,0.831,1.055,1.24,50.555,51.283,51.287,99.761,101.533,101.553,23.873,23.95,23.953,49.047,49.721,49.731,108.117,109.889,110.415,23.0,49.05,20.0,565.6,4096.0,220.0,29.8,126.0,1132.3,19.5,78.0,1575.0,7.9,54.0,90,8637.0,15708.2,55.0,1190.2,0.0,4352.0,0.0
2026-09-04T12:22:21.164,885.013,1,8852,10,9.99,19.98,50.296,51.434,51.732,0.82,0.957,1.051,51.557,52.764,52.977,99.926,101.383,101.545,23.852,23.881,23.885,50.038,51.182,51.469,111.876,128.459,143.563,23.0,49.98,20.0,565.6,4096.0,220.0,29.8,126.0,1132.3,19.5,78.0,1575.0,7.8,54.9,90,8513.3,15708.2,54.2,1190.2,0.0,4352.0,0.0
2026-09-04T12:22:22.163,886.012,1,8862,10,10.01,19.81,50.775,52.317,52.552,0.755,0.907,0.993,51.954,53.584,53.674,99.901,101.125,101.501,24.061,24.756,25.382,50.492,52.029,52.27,107.509,108.999,109.014,23.0,50.55,20.0,565.6,4096.0,220.0,29.8,126.0,1132.3,19.5,78.0,1575.0,7.7,55.1,90,8503.8,15708.2,54.1,1190.2,0.0,4352.0,0.0
2026-09-04T12:22:23.163,887.012,1,8872,10,10.0,19.67,51.097,53.383,53.763,0.886,1.223,1.224,52.415,54.607,54.937,99.732,101.418,101.921,23.901,23.976,23.991,50.826,53.115,53.52,107.936,109.651,110.085,23.0,50.82,20.0,565.6,4096.0,220.0,29.8,126.0,1132.3,19.49,78.0,1575.0,7.5,56.0,90,8492.3,15708.2,54.1,1193.2,0.0,4352.0,0.0
2026-09-04T12:22:24.163,888.012,1,8882,10,10.0,19.79,50.799,52.289,52.329,0.824,0.909,0.953,52.061,53.593,53.613,100.04,100.942,100.954,23.936,24.038,24.059,50.531,52.011,52.068,111.851,127.459,140.63,23.0,50.53,20.0,565.6,4096.0,220.0,29.8,126.0,1132.3,19.49,78.0,1575.0,7.2,55.0,90,8482.7,15708.2,54.0,1192.2,0.0,4352.0,0.0
2026-09-04T12:22:25.163,889.012,1,8892,10,10.0,19.86,50.619,52.42,52.714,0.838,1.092,1.258,51.899,53.743,54.108,99.942,100.627,100.667,23.888,23.97,23.993,50.35,52.153,52.46,108.591,109.786,110.192,23.0,50.35,20.0,565.6,4096.0,220.0,29.8,126.0,1132.3,19.48,78.0,1575.0,7.9,55.0,90,8478.8,15708.2,54.0,1193.7,0.0,4352.0,0.0
2026-09-04T12:22:26.164,890.013,1,8902,10,9.99,19.77,50.853,52.471,52.644,0.852,1.107,1.305,52.14,53.753,53.867,100.116,101.27,101.313,23.887,23.943,23.954,50.584,52.218,52.378,108.276,109.52,109.744,23.0,50.53,20.0,565.6,4096.0,220.0,29.8,126.0,1132.3,19.47,78.0,1575.0,7.7,54.9,90,8488.3,15708.2,54.0,1190.2,0.0,4352.0,0.0
2026-09-04T12:22:27.163,891.012,1,8912,10,10.01,19.2,52.346,55.493,55.834,0.761,0.92,1.028,53.528,56.75,57.12,99.807,101.08,101.196,23.971,24.086,24.089,52.09,55.23,55.551,111.768,128.943,144.695,23.0,52.15,20.0,565.6,4096.0,220.0,29.8,126.0,1132.3,19.47,78.0,1575.0,12.6,57.1,90,8490.5,15708.2,54.1,1195.8,0.0,4352.0,0.0
2026-09-04T12:22:28.163,892.012,1,8922,10,10.0,19.63,51.195,54.742,54.756,0.761,0.983,1.056,52.379,56.081,56.211,99.657,101.047,101.463,23.9,24.003,24.011,50.935,54.453,54.498,107.918,110.153,110.502,23.0,50.94,20.0,565.6,4096.0,220.0,27.7,126.0,1132.3,19.45,78.0,1575.0,11.8,55.0,90,8489.4,15708.2,54.0,1190.2,0.0,4352.0,0.0
2026-09-04T12:22:29.163,893.012,1,8933,11,11.0,19.49,51.579,55.577,56.387,0.765,1.079,1.101,52.788,56.716,57.478,99.69,101.098,101.142,23.953,24.103,24.119,51.307,55.32,56.145,107.836,110.096,110.443,23.0,56.44,20.0,565.6,4096.0,220.0,27.7,126.0,1132.3,19.47,78.0,1575.0,7.8,57.0,90,8491.6,15708.2,54.1,1190.2,0.0,4352.0,0.0
2026-09-04T12:22:30.163,894.012,1,8942,9,9.0,19.21,52.37,56.154,56.698,0.783,0.978,0.986,53.625,57.285,57.827,100.224,101.189,101.435,23.948,24.057,24.084,52.068,55.888,56.432,112.624,130.85,144.681,24.0,46.86,21.0,565.6,4096.0,220.0,29.8,126.0,1132.3,19.46,78.0,1575.0,8.1,56.0,90,8485.6,15708.2,54.0,1192.1,0.0,4352.0,0.0
2026-09-04T12:22:31.166,895.015,1,8953,11,10.96,19.27,52.174,55.896,56.135,0.731,0.92,1.083,53.357,57.058,57.327,100.046,101.21,101.339,23.914,23.991,24.013,51.884,55.595,55.808,107.684,109.473,109.48,24.0,56.89,21.0,565.6,4096.0,220.0,27.7,126.0,1132.3,19.46,78.0,1575.0,8.0,55.8,90,8496.0,15708.2,54.1,1190.2,0.0,4352.0,0.0
2026-09-04T12:22:32.163,896.012,1,8962,9,9.03,19.44,51.716,55.295,55.801,0.78,0.946,1.051,52.941,56.466,56.948,99.72,101.055,101.067,23.93,24.018,24.052,51.436,55.0,55.477,109.169,113.934,116.089,24.0,46.44,21.0,565.6,4096.0,220.0,29.8,126.0,1132.3,19.47,78.0,1575.0,7.5,56.2,90,8500.4,15708.2,54.1,1196.0,0.0,4352.0,0.0
2026-09-04T12:22:33.163,897.012,1,8973,11,11.0,19.49,51.589,54.822,55.403,0.75,0.994,1.062,52.784,56.013,56.587,99.612,101.477,101.535,23.948,24.085,24.093,51.305,54.55,55.122,107.446,110.732,111.306,24.0,56.44,21.0,565.6,4096.0,220.0,27.7,126.0,1132.3,19.46,78.0,1575.0,7.8,56.0,90,8501.9,15708.2,54.1,1190.2,0.0,4352.0,0.0
2026-09-04T12:22:34.163,898.012,1,8983,10,10.0,19.39,51.863,55.14,55.59,0.806,1.071,1.093,53.102,56.303,56.746,99.804,101.186,101.474,24.078,24.78,25.37,51.582,54.842,55.238,107.821,109.889,110.223,24.0,51.57,21.0,565.6,4096.0,220.0,27.7,126.0,1132.3,19.45,78.0,1575.0,7.7,57.0,90,8492.4,15708.2,54.1,1190.2,0.0,4352.0,0.0
2026-09-04T12:22:35.164,899.012,1,8993,10,10.0,20.01,50.24,52.075,53.261,0.721,0.775,0.787,51.394,53.253,54.429,100.805,103.548,105.157,23.884,23.994,24.073,49.969,51.812,53.016,108.328,111.63,113.152,24.0,49.95,21.0,565.6,4096.0,220.0,27.7,126.0,1132.3,19.44,78.0,1575.0,7.1,53.9,90,8499.1,15708.2,54.1,1190.2,0.0,4352.0,0.0
2026-09-04T12:22:36.164,900.013,1,9003,10,9.99,20.14,49.918,51.246,51.885,0.686,0.736,0.74,51.027,52.404,53.055,99.255,101.408,101.409,23.88,23.922,23.934,49.654,50.975,51.596,112.242,130.42,145.365,24.0,49.62,20.0,565.6,4096.0,220.0,27.7,126.0,1132.3,19.44,78.0,1575.0,7.8,55.0,90,8484.9,15708.2,54.0,1190.2,0.0,4352.0,0.0
2026-09-04T12:22:37.163,901.012,1,9013,10,10.01,20.04,50.154,50.556,50.625,0.707,0.801,0.836,51.29,51.731,51.743,99.73,100.714,100.744,23.866,23.915,23.931,49.899,50.304,50.385,107.837,108.947,108.955,24.0,49.95,21.0,565.6,4096.0,220.0,27.7,126.0,1132.3,19.44,78.0,1575.0,7.1,54.0,90,8479.8,15708.2,54.0,1190.2,0.0,4352.0,0.0
2026-09-04T12:22:38.163,902.012,1,9023,10,10.0,20.25,49.638,50.322,50.438,0.836,1.21,1.362,50.891,51.456,51.6,100.317,101.597,101.84,23.887,23.93,23.932,49.38,50.034,50.172,107.938,110.047,110.563,24.0,49.39,21.0,565.6,4096.0,220.0,27.7,126.0,1132.3,19.43,78.0,1575.0,7.8,54.0,90,8483.6,15708.2,54.0,1190.2,0.0,4352.0,0.0
2026-09-04T12:22:39.163,903.012,1,9033,10,10.0,20.06,50.098,50.659,50.688,0.838,1.047,1.165,51.355,51.881,51.883,99.752,101.053,101.27,23.893,23.94,23.965,49.856,50.427,50.446,107.797,109.188,109.209,24.0,49.85,21.0,565.6,4096.0,220.0,27.7,126.0,1132.3,19.42,78.0,1575.0,6.9,55.0,90,8494.7,15708.2,54.1,1190.2,0.0,4352.0,0.0
2026-09-04T12:22:40.163,904.012,1,9043,10,10.0,19.93,50.423,51.475,51.775,0.79,0.84,0.844,51.632,52.719,53.017,100.053,101.276,101.293,23.883,23.938,23.942,50.166,51.22,51.508,108.672,110.174,110.197,24.0,50.17,21.0,565.6,4096.0,220.0,27.7,126.0,1132.3,19.41,78.0,1575.0,8.0,54.0,90,8499.2,15708.2,54.1,1190.2,0.0,4352.0,0.0
2026-09-04T12:22:41.164,905.013,1,9053,10,9.99,20.1,50.022,50.861,50.89,0.723,0.794,0.818,51.179,51.96,51.983,99.748,101.268,101.473,23.854,23.89,23.905,49.763,50.577,50.61,108.538,110.298,110.926,24.0,49.7,21.0,565.6,4096.0,220.0,27.7,126.0,1132.3,19.41,78.0,1575.0,7.0,54.9,90,8496.7,15708.2,54.1,1190.2,0.0,4352.0,0.0
2026-09-04T12:22:42.163,906.012,1,9063,10,10.01,19.93,50.458,51.116,51.196,0.765,0.859,0.86,51.654,52.277,52.34,100.009,101.532,101.717,23.881,23.931,23.939,50.177,50.825,50.881,107.562,109.504,109.944,24.0,50.23,21.0,565.6,4096.0,220.0,27.7,126.0,1132.3,19.41,78.0,1575.0,8.1,55.0,90,8503.3,15708.2,54.1,1190.2,0.0,4352.0,0.0
2026-09-04T12:22:43.163,907.012,1,9073,10,10.0,19.89,50.535,51.28,51.317,0.744,0.794,0.798,51.726,52.468,52.469,100.017,101.156,101.222,23.902,23.948,23.948,50.267,51.02,51.085,108.252,109.675,109.794,24.0,50.27,21.0,565.6,4096.0,220.0,27.7,126.0,1132.3,19.41,78.0,1575.0,6.9,56.0,90,8484.6,15708.2,54.0,1190.2,0.0,4352.0,0.0
2026-09-04T12:22:44.163,908.012,1,9083,10,10.0,19.99,50.284,51.22,51.401,0.733,0.808,0.82,51.471,52.374,52.497,99.517,101.216,101.562,23.883,23.921,23.928,50.014,50.958,51.138,107.745,109.997,110.052,24.0,50.01,21.0,565.6,4096.0,220.0,27.7,126.0,1132.3,19.41,78.0,1575.0,7.4,54.0,90,8479.3,15708.2,54.0,1190.2,0.0,4352.0,0.0
2026-09-04T12:22:45.163,909.012,1,9093,10,10.0,20.02,50.201,51.157,51.28,0.717,0.765,0.771,51.336,52.278,52.416,100.286,101.146,101.234,23.903,23.954,23.961,49.938,50.855,50.96,108.003,110.113,110.75,24.0,49.94,21.0,565.6,4096.0,220.0,27.7,126.0,1132.3,19.4,78.0,1575.0,7.7,55.0,90,8482.6,15708.2,54.0,1190.2,0.0,4352.0,0.0
2026-09-04T12:22:46.164,910.013,1,9103,10,9.99,19.98,50.335,51.842,52.136,0.849,1.036,1.135,51.631,53.065,53.438,99.825,101.752,101.764,23.877,23.924,23.93,50.05,51.556,51.825,108.159,110.035,110.082,24.0,50.0,21.0,565.6,4096.0,220.0,27.7,126.0,1132.3,19.39,78.0,1575.0,7.6,54.9,90,8490.1,15708.2,54.0,1190.2,0.0,4352.0,0.0
2026-09-04T12:22:47.163,911.012,1,9113,10,10.01,19.97,50.373,51.004,51.266,0.929,1.261,1.271,51.757,52.562,52.99,100.004,101.46,101.506,23.876,23.955,23.984,50.083,50.694,50.937,107.945,109.62,109.734,24.0,50.13,21.0,565.6,4096.0,220.0,27.7,126.0,1132.3,19.4,78.0,1575.0,7.6,55.1,90,8490.1,15708.2,54.0,1190.2,0.0,4352.0,0.0
2026-09-04T12:22:48.163,912.012,1,9123,10,10.0,19.65,51.151,54.296,55.255,0.832,1.081,1.161,52.425,55.818,56.868,99.768,101.151,101.344,23.931,24.062,24.14,50.878,54.022,54.992,107.995,109.445,109.531,24.0,50.88,21.0,565.6,4096.0,220.0,27.7,126.0,1132.3,19.39,78.0,1575.0,14.1,55.0,90,8622.3,15708.2,54.9,1190.2,0.0,4352.0,0.0
2026-09-04T12:22:49.163,913.012,1,9133,10,10.0,20.57,48.87,50.343,50.618,0.687,0.73,0.734,49.978,51.505,51.782,100.016,100.908,100.961,23.902,23.972,23.984,48.62,50.086,50.353,108.565,110.183,110.847,24.0,48.62,21.0,565.6,4096.0,220.0,27.7,126.0,1132.3,19.4,78.0,1575.0,15.0,53.0,90,8701.6,15708.2,55.4,1190.2,0.0,4352.0,0.0
2026-09-04T12:22:50.163,914.012,1,9143,10,10.0,20.59,48.829,50.636,51.117,0.746,0.921,1.016,49.984,51.911,52.498,99.545,101.201,101.478,23.894,24.021,24.028,48.558,50.326,50.787,108.094,109.723,110.083,22.0,48.56,19.0,565.6,4096.0,220.0,27.7,126.0,1132.3,19.39,78.0,1575.0,16.8,53.0,90,8694.5,15708.2,55.4,1190.2,0.0,4352.0,0.0
2026-09-04T12:22:51.164,915.013,1,9153,10,9.99,20.45,49.155,52.808,54.845,0.69,0.769,0.784,50.273,54.133,56.17,100.037,101.159,101.383,23.868,23.924,23.941,48.898,52.494,54.514,107.817,109.157,109.206,27.0,48.84,24.0,565.6,4096.0,220.0,27.7,126.0,1132.3,19.4,78.0,1575.0,16.1,53.9,90,8779.1,15708.2,55.9,1190.2,0.0,4352.0,0.0
2026-09-04T12:22:52.163,916.012,1,9163,10,10.01,20.5,49.039,49.748,49.802,0.776,0.925,1.005,50.209,50.914,50.986,99.934,101.204,101.414,23.852,23.895,23.898,48.773,49.465,49.527,108.466,109.357,109.441,24.0,48.83,21.0,565.6,4096.0,220.0,27.7,126.0,1132.3,19.4,78.0,1575.0,8.3,53.1,90,8791.8,15708.2,56.0,1190.2,0.0,4352.0,0.0
2026-09-04T12:22:53.163,917.012,1,9173,10,10.0,21.15,47.542,48.989,49.387,0.735,0.88,0.98,48.635,50.251,50.76,100.094,101.278,101.452,23.86,23.971,24.014,47.291,48.724,49.095,108.455,111.706,112.895,27.0,47.29,24.0,565.6,4096.0,220.0,27.7,126.0,1132.3,19.42,78.0,1575.0,15.5,52.0,90,8998.8,15708.2,57.3,1190.2,0.0,4352.0,0.0
2026-09-04T12:22:54.163,918.012,1,9183,10,10.0,20.33,49.456,51.774,52.091,0.699,0.768,0.785,50.557,53.006,53.396,99.443,100.575,100.589,23.923,24.145,24.279,49.198,51.47,51.766,107.814,109.425,109.853,23.0,49.19,20.0,565.6,4096.0,220.0,27.7,126.0,1132.3,19.39,78.0,1575.0,11.7,54.0,90,8874.4,15708.2,56.5,1190.2,0.0,4352.0,0.0
2026-09-04T12:22:55.163,919.012,1,9193,10,10.0,20.22,49.713,50.657,50.671,0.775,0.972,1.057,50.913,51.845,51.868,99.861,100.984,101.203,23.889,23.915,23.916,49.459,50.383,50.411,110.044,121.292,130.733,27.0,49.46,24.0,565.6,4096.0,220.0,27.7,126.0,1132.3,19.49,78.0,1575.0,8.6,54.0,90,8886.9,15708.2,56.6,1190.2,0.0,4352.0,0.0
2026-09-04T12:22:56.164,920.013,1,9203,10,9.99,20.16,49.862,50.782,50.814,0.753,0.816,0.82,51.027,51.993,52.04,100.279,102.281,103.593,23.875,23.92,23.929,49.61,50.536,50.554,108.735,110.772,111.599,25.0,49.56,22.0,565.6,4096.0,220.0,27.7,126.0,1132.3,19.4,78.0,1575.0,7.6,54.9,90,8877.4,15708.2,56.5,1190.2,0.0,4352.0,0.0
2026-09-04T12:22:57.163,921.012,1,9213,10,10.01,20.13,49.924,50.836,50.954,0.679,0.745,0.773,51.028,51.93,52.037,99.761,101.062,101.07,23.874,23.888,23.891,49.67,50.575,50.698,108.669,110.309,110.687,23.0,49.72,19.0,565.6,4096.0,220.0,27.7,126.0,1132.3,19.41,78.0,1575.0,7.4,55.1,90,8872.4,15708.2,56.5,1190.2,0.0,4352.0,0.0
2026-09-04T12:22:58.163,922.012,1,9223,10,10.0,20.13,49.952,51.009,51.073,0.698,0.784,0.827,51.084,52.199,52.292,100.026,100.77,100.835,23.906,23.96,23.971,49.689,50.756,50.83,108.495,109.519,109.588,23.0,49.69,20.0,565.6,4096.0,220.0,27.7,126.0,1132.3,19.34,78.0,1575.0,7.9,54.0,90,8844.2,15708.2,56.3,1190.2,0.0,4352.0,0.0
2026-09-04T12:22:59.163,923.012,1,9233,10,10.0,20.34,49.426,50.365,50.461,0.707,0.745,0.753,50.58,51.522,51.615,99.516,101.174,101.521,23.878,23.96,23.97,49.166,50.114,50.209,107.564,109.285,109.421,21.0,49.17,18.0,565.6,4096.0,220.0,27.7,126.0,1132.3,19.46,78.0,1575.0,7.4,54.0,90,8822.0,15708.2,56.2,1190.2,0.0,4352.0,0.0
2026-09-04T12:23:00.163,924.012,1,9243,10,10.0,20.17,49.843,50.681,50.764,0.895,1.207,1.369,51.174,52.27,52.411,99.984,101.018,101.28,23.85,23.914,23.916,49.572,50.392,50.528,108.681,115.341,119.717,25.0,49.57,22.0,565.6,4096.0,220.0,27.7,126.0,1132.3,19.37,78.0,1575.0,7.9,54.0,90,8797.3,15708.2,56.0,1190.2,0.0,4352.0,0.0
2026-09-04T12:23:01.165,925.014,1,9253,10,9.98,20.09,50.042,50.916,51.052,0.792,0.981,0.995,51.289,52.078,52.097,99.735,100.911,100.97,23.94,24.134,24.17,49.777,50.682,50.831,106.493,109.525,109.734,19.0,49.69,17.0,565.6,4096.0,220.0,27.7,126.0,1132.3,19.4,78.0,1575.0,7.5,54.9,90,8785.5,15708.2,55.9,1190.2,0.0,4352.0,0.0
2026-09-04T12:23:02.163,926.012,1,9263,10,10.02,20.08,50.085,50.811,50.847,0.811,0.96,1.028,51.341,52.004,52.026,100.371,102.443,102.773,23.879,23.909,23.911,49.803,50.539,50.557,108.39,110.78,111.151,22.0,49.9,18.0,565.6,4096.0,220.0,27.7,126.0,1132.3,19.19,78.0,1575.0,7.7,56.1,90,8771.0,15708.2,55.8,1190.2,0.0,4352.0,0.0
2026-09-04T12:23:03.163,927.012,1,9273,10,10.0,20.01,50.245,51.459,51.503,0.799,0.855,0.861,51.471,52.717,52.795,99.772,100.816,100.88,23.894,23.961,23.999,49.971,51.174,51.219,108.046,113.85,116.844,31.0,49.97,27.0,565.6,4096.0,220.0,27.7,126.0,1132.3,19.51,78.0,1575.0,7.4,54.0,90,8765.1,15708.2,55.8,1190.2,0.0,4352.0,0.0
2026-09-04T12:23:04.163,928.012,1,9283,10,10.0,19.93,50.454,52.4,52.49,0.708,0.784,0.807,51.6,53.516,53.554,100.018,101.405,101.593,23.896,23.944,23.962,50.176,52.118,52.183,106.713,110.003,110.356,27.0,50.18,23.0,565.6,4096.0,220.0,27.7,126.0,1132.3,19.46,78.0,1575.0,7.7,56.0,90,8745.5,15708.2,55.7,1190.2,0.0,4352.0,0.0
2026-09-04T12:23:05.163,929.012,1,9293,10,10.0,20.02,50.226,51.419,51.654,0.828,0.956,0.98,51.496,52.709,53.045,99.739,101.331,101.585,23.904,23.947,23.963,49.945,51.129,51.373,105.358,108.126,108.354,26.0,49.94,22.0,565.6,4096.0,220.0,27.7,126.0,1132.3,19.51,78.0,1575.0,7.7,55.0,90,8750.6,15708.2,55.7,1190.2,0.0,4352.0,0.0
2026-09-04T12:23:06.164,930.013,1,9303,10,9.99,20.11,50.005,50.88,51.115,0.869,1.14,1.238,51.302,52.412,52.562,99.759,101.243,101.435,23.89,23.939,23.948,49.732,50.58,50.823,107.198,117.348,126.006,23.0,49.69,20.0,565.6,4096.0,220.0,27.7,126.0,1132.3,19.43,78.0,1575.0,7.6,55.0,90,8748.1,15708.2,55.7,1190.2,0.0,4352.0,0.0
2026-09-04T12:23:07.163,931.012,1,9313,10,10.01,19.9,50.529,51.369,51.792,0.821,0.967,1.013,51.738,52.62,53.04,100.007,101.305,101.447,23.883,23.938,23.954,50.259,51.097,51.527,106.39,115.076,122.225,27.0,50.3,23.0,565.6,4096.0,220.0,27.7,126.0,1132.3,19.37,78.0,1575.0,7.6,54.0,90,8751.8,15708.2,55.7,1190.2,0.0,4352.0,0.0
2026-09-04T12:23:08.163,932.012,1,9323,10,10.0,19.83,50.67,51.389,51.495,0.812,0.89,0.897,51.889,52.497,52.57,99.845,101.511,101.57,23.905,23.959,23.962,50.419,51.148,51.262,105.177,108.777,110.292,23.0,50.42,20.0,565.6,4096.0,220.0,27.7,126.0,1132.3,19.35,78.0,1575.0,7.4,55.0,90,8742.3,15708.2,55.7,1190.2,0.0,4352.0,0.0
2026-09-04T12:23:09.163,933.012,1,9333,10,10.0,19.96,50.38,51.586,51.676,0.703,0.767,0.771,51.529,52.685,52.76,99.632,101.524,101.986,23.912,23.975,23.988,50.101,51.297,51.365,106.17,116.298,124.118,22.0,50.1,19.0,565.6,4096.0,220.0,27.7,126.0,1132.3,19.38,78.0,1575.0,7.6,55.0,90,8735.6,15708.2,55.6,1190.2,0.0,4352.0,0.0
2026-09-04T12:23:10.163,934.012,1,9343,10,10.0,20.02,50.314,51.211,51.295,0.776,0.956,1.073,51.52,52.463,52.492,100.383,101.681,101.796,23.896,23.95,23.967,49.96,50.931,51.032,104.684,106.243,106.406,23.0,49.97,20.0,565.6,4096.0,220.0,27.7,126.0,1132.3,19.23,78.0,1575.0,7.8,55.0,90,8738.9,15708.2,55.6,1190.2,0.0,4352.0,0.0
2026-09-04T12:23:11.164,935.013,1,9353,10,9.99,20.02,50.217,51.626,51.862,0.875,1.249,1.353,51.517,52.839,53.056,100.262,101.326,101.539,23.877,23.923,23.924,49.953,51.364,51.617,105.121,106.77,106.895,22.0,49.89,19.0,565.6,4096.0,220.0,27.7,126.0,1132.3,19.22,78.0,1575.0,7.8,55.9,90,8725.2,15708.2,55.5,1190.2,0.0,4352.0,0.0
2026-09-04T12:23:12.163,936.012,1,9363,10,10.01,19.78,50.824,54.145,56.826,0.699,0.814,0.83,51.948,55.273,58.032,99.489,101.548,101.553,23.921,23.978,23.991,50.56,53.904,56.621,106.15,119.288,129.385,23.0,50.61,20.0,565.6,4096.0,220.0,27.7,126.0,1132.3,19.42,78.0,1575.0,7.3,55.1,90,8714.3,15708.2,55.5,1190.2,0.0,4352.0,0.0
2026-09-04T12:23:13.163,937.012,1,9373,10,10.0,19.91,50.493,51.529,51.581,0.746,0.791,0.798,51.677,52.695,52.708,99.747,101.716,101.728,23.901,23.963,23.979,50.217,51.227,51.318,104.214,106.868,106.88,21.0,50.22,19.0,565.6,4096.0,220.0,27.7,126.0,1132.3,19.32,78.0,1575.0,7.9,55.0,90,8698.0,15708.2,55.4,1190.2,0.0,4352.0,0.0
2026-09-04T12:23:14.163,938.012,1,9383,10,10.0,19.89,50.584,51.552,51.829,0.759,0.876,0.885,51.81,52.831,53.136,100.118,101.327,101.52,23.909,24.077,24.191,50.286,51.229,51.465,104.139,106.679,107.08,25.0,50.28,22.0,565.6,4096.0,220.0,27.7,126.0,1132.3,19.31,78.0,1575.0,7.3,55.0,90,8697.5,15708.2,55.4,1190.2,0.0,4352.0,0.0
2026-09-04T12:23:15.163,939.012,1,9393,10,10.0,20.07,50.087,50.953,51.068,0.791,1.188,1.251,51.281,52.408,52.71,100.266,101.85,102.337,23.877,23.939,23.939,49.821,50.703,50.841,106.855,117.136,124.779,24.0,49.83,21.0,565.6,4096.0,220.0,27.7,126.0,1132.3,19.26,78.0,1575.0,8.3,55.0,90,8694.2,15708.2,55.3,1190.2,0.0,4352.0,0.0
2026-09-04T12:23:16.165,940.014,1,9403,10,9.97,19.84,50.674,51.309,51.391,0.815,0.91,0.912,51.929,52.554,52.644,99.377,100.923,101.433,23.925,23.992,23.996,50.397,51.026,51.149,103.653,105.671,106.16,21.0,50.27,18.0,565.6,4096.0,220.0,27.7,126.0,1132.3,19.39,78.0,1575.0,7.2,55.9,90,8703.2,15708.2,55.4,1190.2,0.0,4352.0,0.0
2026-09-04T12:23:17.163,941.012,1,9413,10,10.02,19.77,50.844,53.959,56.401,0.732,0.849,0.875,52.001,55.197,57.7,99.845,100.799,100.852,23.882,23.934,23.943,50.574,53.67,56.1,104.083,106.724,107.623,23.0,50.7,20.0,565.6,4096.0,220.0,27.7,126.0,1132.3,19.3,78.0,1575.0,7.5,55.1,90,8680.4,15708.2,55.3,1192.1,0.0,4352.0,0.0
2026-09-04T12:23:18.163,942.012,1,9423,10,10.0,19.73,50.952,52.118,52.249,0.734,0.919,1.06,52.048,53.254,53.434,99.863,100.796,100.889,23.902,23.969,23.98,50.681,51.851,51.978,107.912,126.163,134.219,24.0,50.69,20.0,565.6,4096.0,220.0,27.7,126.0,1132.3,19.34,78.0,1575.0,8.6,56.0,90,8611.2,15708.2,54.8,1190.2,0.0,4352.0,0.0
2026-09-04T12:23:19.163,943.012,1,9433,10,10.0,19.95,50.389,52.726,53.932,0.769,0.836,0.845,51.562,53.959,55.154,100.199,102.29,102.749,23.903,23.968,23.977,50.125,52.435,53.672,103.9,105.942,106.251,23.0,50.13,20.0,565.6,4096.0,220.0,27.7,126.0,1132.3,19.28,78.0,1575.0,9.2,55.0,90,8612.8,15708.2,54.8,1190.2,0.0,4352.0,0.0
2026-09-04T12:23:20.163,944.012,1,9443,10,10.0,18.98,52.95,58.508,59.944,0.737,0.852,0.863,54.12,59.709,61.195,99.939,100.98,101.06,23.938,24.085,24.107,52.682,58.224,59.639,103.747,105.389,105.45,25.0,52.68,21.0,565.6,4096.0,220.0,27.7,126.0,1132.3,19.31,78.0,1575.0,7.9,57.0,90,8621.2,15708.2,54.9,1190.7,0.0,4352.0,0.0
2026-09-04T12:23:21.164,945.013,1,9453,10,9.99,19.95,50.387,51.746,52.058,0.705,0.786,0.83,51.483,52.848,53.215,99.816,101.077,101.089,23.911,24.041,24.054,50.115,51.497,51.811,106.886,121.539,133.233,26.0,50.06,22.0,565.6,4096.0,220.0,27.7,126.0,1132.3,19.37,78.0,1575.0,7.7,54.9,90,8617.4,15708.2,54.9,1193.2,0.0,4352.0,0.0
2026-09-04T12:23:22.163,946.012,1,9463,10,10.01,19.82,50.726,52.397,53.312,0.698,0.755,0.757,51.821,53.515,54.477,99.803,101.589,101.599,24.004,24.528,25.004,50.464,52.117,53.038,103.735,105.005,105.162,24.0,50.52,21.0,565.6,4096.0,220.0,27.7,126.0,1132.3,19.38,77.0,1575.0,7.1,56.1,90,8614.9,15708.2,54.8,1192.9,0.0,4352.0,0.0
2026-09-04T12:23:23.163,947.012,1,9473,10,10.0,20.06,50.12,51.286,51.861,0.795,0.977,1.081,51.292,52.61,53.329,99.822,100.846,101.121,23.887,23.942,23.954,49.843,51.01,51.591,103.772,104.798,105.106,24.0,49.85,20.0,565.6,4096.0,220.0,27.7,126.0,1132.3,19.33,77.0,1575.0,7.6,54.0,90,8606.5,15708.2,54.8,1193.6,0.0,4352.0,0.0
2026-09-04T12:23:24.163,948.012,1,9483,10,10.0,20.1,49.993,50.745,50.966,0.892,1.307,1.346,51.259,52.06,52.11,100.031,101.044,101.049,23.896,23.938,23.945,49.745,50.494,50.712,108.102,126.153,142.386,24.0,49.75,21.0,565.6,4096.0,220.0,27.7,126.0,1132.3,19.28,77.0,1575.0,6.7,54.0,90,8602.0,15708.2,54.8,1193.2,0.0,4352.0,0.0
2026-09-04T12:23:25.163,949.012,1,9493,10,10.0,19.63,51.201,54.245,55.176,0.864,1.108,1.124,52.426,55.537,56.346,100.024,101.061,101.15,23.915,24.082,24.163,50.937,53.965,54.905,104.402,106.179,106.439,20.0,50.93,18.0,565.6,4096.0,220.0,27.7,126.0,1132.3,19.14,78.0,1575.0,8.8,57.0,90,8484.4,15708.2,54.0,1193.5,0.0,4352.0,0.0
2026-09-04T12:23:26.165,950.013,1,9503,10,9.98,19.49,51.573,55.066,55.407,0.748,0.802,0.809,52.693,56.248,56.587,99.816,101.492,101.674,23.922,24.063,24.144,51.317,54.822,55.164,104.614,106.353,106.4,24.0,51.23,21.0,565.6,4096.0,220.0,27.7,126.0,1132.3,19.3,77.0,1575.0,7.4,56.9,90,8485.8,15708.2,54.0,1193.7,0.0,4352.0,0.0
2026-09-04T12:23:27.163,951.012,1,9513,10,10.02,19.54,51.459,54.379,55.034,0.779,0.961,0.994,52.579,55.524,56.27,99.994,101.273,101.319,23.889,23.957,23.97,51.184,54.081,54.725,108.32,123.382,137.253,24.0,51.27,21.0,565.6,4096.0,220.0,27.7,126.0,1132.3,19.27,78.0,1575.0,8.2,55.1,90,8494.6,15708.2,54.1,1193.3,0.0,4352.0,0.0
2026-09-04T12:23:28.163,952.012,1,9523,10,10.0,20.13,49.947,50.53,50.602,0.765,0.826,0.828,51.056,51.653,51.689,100.12,101.623,101.643,23.861,23.915,23.921,49.678,50.26,50.342,105.909,108.334,108.768,24.0,49.68,21.0,565.6,4096.0,220.0,27.7,126.0,1132.3,19.29,78.0,1575.0,7.0,54.0,90,8493.6,15708.2,54.1,1194.0,0.0,4352.0,0.0
2026-09-04T12:23:29.163,953.012,1,9533,10,10.0,20.09,50.059,51.013,51.168,0.798,0.92,0.983,51.191,52.14,52.178,99.64,101.478,101.522,23.897,23.959,23.994,49.784,50.711,50.877,105.322,107.359,108.241,24.0,49.78,21.0,565.6,4096.0,220.0,27.7,126.0,1132.3,19.29,77.0,1575.0,7.9,55.0,90,8489.6,15708.2,54.0,1193.3,0.0,4352.0,0.0
2026-09-04T12:23:30.163,954.012,1,9543,10,10.0,20.16,49.893,50.722,50.798,0.802,0.95,1.039,51.077,51.888,51.919,99.92,102.372,102.803,23.877,23.938,23.952,49.613,50.419,50.48,113.255,130.655,146.276,23.0,49.61,20.0,565.6,4096.0,220.0,27.7,126.0,1132.3,19.22,77.0,1575.0,7.5,54.0,90,8498.1,15708.2,54.1,1193.9,0.0,4352.0,0.0
2026-09-04T12:23:31.164,955.013,1,9553,10,9.99,20.11,50.007,51.093,51.65,0.848,1.072,1.24,51.197,52.48,53.226,100.253,102.137,102.418,23.883,23.906,23.909,49.733,50.776,51.338,105.96,109.728,110.902,24.0,49.68,21.0,565.6,4096.0,220.0,27.7,126.0,1132.3,19.28,77.0,1575.0,7.5,54.9,90,8502.7,15708.2,54.1,1193.9,0.0,4352.0,0.0
2026-09-04T12:23:32.163,956.012,1,9563,10,10.01,19.98,50.311,50.92,51.257,0.732,0.808,0.834,51.437,52.011,52.315,99.468,102.422,102.99,23.881,23.938,23.942,50.052,50.663,51.015,109.825,112.599,113.296,23.0,50.1,20.0,565.6,4096.0,220.0,27.7,126.0,1132.3,19.26,77.0,1575.0,7.3,54.0,90,8484.1,15708.2,54.0,1193.8,0.0,4352.0,0.0
2026-09-04T12:23:33.163,957.012,1,9573,10,10.0,20.0,50.268,50.881,51.106,0.722,0.796,0.81,51.407,52.089,52.331,99.988,100.825,100.954,23.879,23.943,23.946,50.003,50.618,50.825,114.238,132.594,149.248,24.0,50.01,21.0,565.6,4096.0,220.0,27.7,126.0,1132.3,19.26,77.0,1575.0,7.7,55.0,90,8485.1,15708.2,54.0,1194.0,0.0,4352.0,0.0
2026-09-04T12:23:34.163,958.012,1,9583,10,10.0,20.02,50.22,51.162,51.316,0.803,0.981,1.109,51.431,52.528,52.545,100.029,101.528,101.785,23.865,23.906,23.914,49.952,50.914,51.085,111.166,112.914,112.938,24.0,49.95,21.0,565.6,4096.0,220.0,27.7,126.0,1132.3,19.26,77.0,1575.0,7.0,54.0,90,8484.4,15708.2,54.0,1193.3,0.0,4352.0,0.0
2026-09-04T12:23:35.163,959.012,1,9593,10,10.0,20.08,50.075,51.084,51.165,0.72,0.832,0.867,51.236,52.266,52.318,100.074,100.995,101.03,23.89,23.95,23.951,49.802,50.784,50.848,111.177,112.94,113.647,24.0,49.8,21.0,565.6,4096.0,220.0,27.7,126.0,1132.3,19.24,77.0,1575.0,7.7,56.0,90,8490.2,15708.2,54.0,1195.4,0.0,4352.0,0.0
2026-09-04T12:23:36.164,960.013,1,9603,10,9.99,19.79,50.799,53.088,54.8,0.728,0.825,0.828,51.98,54.303,55.946,99.248,101.115,101.671,23.894,23.992,24.009,50.522,52.776,54.49,111.872,129.322,144.296,24.0,50.47,21.0,565.6,4096.0,220.0,27.7,126.0,1132.3,19.32,77.0,1575.0,7.2,54.0,90,8493.9,15708.2,54.1,1196.2,0.0,4352.0,0.0
2026-09-04T12:23:37.163,961.012,1,9613,10,10.01,19.93,50.447,52.981,54.865,0.768,0.909,0.974,51.663,54.17,56.03,100.517,101.651,102.07,23.907,23.945,23.947,50.186,52.725,54.6,111.314,113.889,114.259,23.0,50.24,21.0,565.6,4096.0,220.0,27.7,126.0,1132.3,19.19,77.0,1575.0,7.5,54.1,90,8488.1,15708.2,54.0,1194.7,0.0,4352.0,0.0
2026-09-04T12:23:38.163,962.012,1,9623,10,10.0,19.94,50.432,51.674,51.743,0.999,1.501,1.679,51.849,53.443,53.884,99.746,101.197,101.274,23.93,24.024,24.03,50.159,51.408,51.485,110.52,116.076,119.12,24.0,50.16,21.0,565.6,4096.0,220.0,27.7,126.0,1132.3,19.31,77.0,1575.0,7.6,55.0,90,8501.9,15708.2,54.1,1193.9,0.0,4352.0,0.0
2026-09-04T12:23:39.163,963.012,1,9633,10,10.0,19.99,50.285,51.628,52.124,0.838,0.92,0.932,51.566,52.876,53.361,100.068,101.276,101.41,23.866,23.923,23.934,50.02,51.347,51.824,116.055,133.35,147.991,22.0,50.02,20.0,565.6,4096.0,220.0,27.7,126.0,1132.3,19.16,77.0,1575.0,7.4,55.0,90,8510.5,15708.2,54.2,1194.6,0.0,4352.0,0.0
2026-09-04T12:23:40.163,964.012,1,9643,10,10.0,20.13,49.939,51.3,51.982,0.735,0.908,0.992,51.122,52.587,53.232,99.693,101.004,101.353,23.896,23.951,23.977,49.665,51.038,51.745,110.732,114.632,114.805,24.0,49.66,21.0,565.6,4096.0,220.0,27.7,126.0,1132.3,19.26,77.0,1575.0,7.7,54.0,90,8510.0,15708.2,54.2,1196.2,0.0,4352.0,0.0
2026-09-04T12:23:41.165,965.013,1,9653,10,9.98,20.03,50.19,51.877,52.059,0.789,0.849,0.858,51.423,53.146,53.28,99.773,101.45,101.52,23.877,23.903,23.906,49.923,51.616,51.805,109.066,115.776,120.185,24.0,49.84,21.0,565.6,4096.0,220.0,39.1,126.0,1132.3,19.25,77.0,1575.0,7.6,55.9,90,8498.5,15708.2,54.1,1190.2,0.0,4352.0,0.0
2026-09-04T12:23:42.163,966.012,1,9663,10,10.02,20.13,49.948,50.924,51.317,0.958,1.276,1.302,51.347,52.44,52.914,100.333,100.992,101.272,23.866,23.918,23.943,49.672,50.64,51.005,113.369,131.675,147.328,24.0,49.76,21.0,565.6,4096.0,220.0,42.7,126.0,1132.3,19.22,77.0,1575.0,7.6,54.1,90,8498.0,15708.2,54.1,1190.2,0.0,4352.0,0.0
2026-09-04T12:23:43.163,967.012,1,9673,10,10.0,20.06,50.15,51.012,51.166,0.796,0.855,0.862,51.397,52.386,52.6,100.035,101.064,101.477,23.878,23.918,23.919,49.858,50.72,50.909,107.923,111.435,113.484,24.0,49.86,20.0,565.6,4096.0,220.0,27.7,126.0,1132.3,19.25,77.0,1575.0,7.3,53.0,90,8497.0,15708.2,54.1,1194.1,0.0,4352.0,0.0
2026-09-04T12:23:44.163,968.012,1,9683,10,10.0,20.07,50.094,51.361,52.093,0.733,0.824,0.847,51.269,52.571,53.357,99.809,101.212,101.392,23.88,23.954,23.967,49.827,51.096,51.821,108.189,113.106,113.293,24.0,49.83,21.0,565.6,4096.0,220.0,42.7,126.0,1132.3,19.24,77.0,1575.0,7.5,55.0,90,8480.5,15708.2,54.0,1190.2,0.0,4352.0,0.0
2026-09-04T12:23:45.163,969.012,1,9693,10,10.0,20.17,49.861,50.84,50.866,0.697,0.744,0.749,50.975,52.023,52.079,99.48,100.666,100.691,23.881,23.927,23.941,49.579,50.551,50.569,111.895,131.184,149.2,24.0,49.57,21.0,565.6,4096.0,220.0,29.8,126.0,1132.3,19.25,77.0,1575.0,7.9,54.0,90,8482.6,15708.2,54.0,1190.2,0.0,4352.0,0.0
2026-09-04T12:23:46.165,970.014,1,9703,10,9.98,20.19,49.785,50.532,50.596,0.715,0.765,0.769,50.924,51.661,51.768,100.312,101.198,101.464,23.884,23.973,23.996,49.535,50.298,50.353,109.213,112.9,112.911,24.0,49.44,21.0,565.6,4096.0,220.0,72.2,126.0,1132.3,19.24,77.0,1575.0,7.4,53.9,90,8484.7,15708.2,54.0,1190.2,0.0,4352.0,0.0
2026-09-04T12:23:47.163,971.012,1,9713,10,10.02,20.03,50.173,51.155,51.736,0.676,0.735,0.75,51.287,52.298,52.877,99.714,101.572,101.73,23.9,23.946,23.949,49.92,50.907,51.502,108.074,110.303,110.354,24.0,50.02,21.0,565.6,4096.0,220.0,52.5,126.0,1132.3,19.24,77.0,1575.0,7.6,54.1,90,8494.6,15708.2,54.1,1190.2,0.0,4352.0,0.0
2026-09-04T12:23:48.163,972.012,1,9723,10,10.0,20.02,50.19,50.727,50.765,0.723,0.858,0.924,51.316,51.951,52.074,99.84,101.287,101.337,23.905,23.946,23.946,49.95,50.496,50.544,111.716,129.935,146.059,24.0,49.95,21.0,565.6,4096.0,220.0,29.8,126.0,1132.3,19.22,77.0,1575.0,13.7,54.0,90,8632.3,15708.2,55.0,1190.2,0.0,4352.0,0.0
2026-09-04T12:23:49.163,973.012,1,9733,10,10.0,20.17,49.836,51.789,52.694,0.888,1.341,1.461,51.127,53.484,54.262,100.003,101.298,101.304,23.897,23.958,23.979,49.57,51.515,52.45,107.918,109.63,109.645,24.0,49.57,21.0,565.6,4096.0,220.0,29.8,126.0,1132.3,19.23,77.0,1575.0,14.9,55.0,90,8655.9,15708.2,55.1,1190.2,0.0,4352.0,0.0
2026-09-04T12:23:50.163,974.012,1,9743,10,10.0,20.18,49.805,52.423,52.976,0.784,0.819,0.821,50.99,53.633,54.183,100.051,101.395,101.565,23.875,23.95,23.961,49.558,52.162,52.7,108.376,111.053,112.122,24.0,49.56,21.0,565.6,4096.0,220.0,29.8,126.0,1132.3,19.23,77.0,1575.0,16.8,54.0,90,8699.7,15708.2,55.4,1190.2,0.0,4352.0,0.0
2026-09-04T12:23:51.164,975.013,1,9753,10,9.99,20.17,49.824,51.782,52.825,0.683,0.719,0.72,50.903,52.863,53.917,99.782,100.976,101.145,23.902,23.99,24.008,49.575,51.514,52.553,111.425,128.976,145.177,24.0,49.52,20.0,565.6,4096.0,220.0,29.8,126.0,1132.3,19.22,77.0,1575.0,16.0,52.9,90,8683.3,15708.2,55.3,1190.2,0.0,4352.0,0.0
2026-09-04T12:23:52.163,976.012,1,9763,10,10.01,19.79,50.814,53.812,55.26,0.688,0.73,0.731,51.904,54.932,56.394,100.017,101.665,101.867,23.917,23.971,23.974,50.535,53.501,54.943,107.862,109.483,109.507,24.0,50.59,21.0,565.6,4096.0,220.0,29.8,126.0,1132.3,19.22,77.0,1575.0,8.8,56.0,90,8727.3,15708.2,55.6,1190.2,0.0,4352.0,0.0
2026-09-04T12:23:53.163,977.012,1,9773,10,10.0,21.12,47.597,48.596,48.629,0.765,0.932,0.982,48.744,49.812,49.865,100.03,101.175,101.514,23.887,23.972,24.004,47.35,48.365,48.405,108.349,109.847,109.942,24.0,47.35,21.0,565.6,4096.0,220.0,29.8,126.0,1132.3,19.23,77.0,1575.0,15.3,52.0,90,8986.4,15708.2,57.2,1190.2,0.0,4352.0,0.0
2026-09-04T12:23:54.163,978.012,1,9783,10,10.0,20.39,49.297,51.347,51.654,0.747,0.902,0.95,50.485,52.613,53.014,99.533,100.727,100.851,23.88,23.973,23.977,49.04,51.098,51.416,111.411,127.259,141.902,24.0,49.04,20.0,565.6,4096.0,220.0,29.8,126.0,1132.3,19.23,77.0,1575.0,10.5,54.0,90,8841.9,15708.2,56.3,1190.2,0.0,4352.0,0.0
2026-09-04T12:23:55.163,979.012,1,9793,10,10.0,20.3,49.513,49.997,50.085,0.721,0.811,0.832,50.649,51.092,51.127,100.248,100.899,101.106,23.879,23.948,23.952,49.253,49.741,49.824,108.494,109.563,109.691,24.0,49.25,21.0,565.6,4096.0,220.0,29.8,126.0,1132.3,19.24,77.0,1575.0,7.4,53.0,90,8825.6,15708.2,56.2,1190.2,0.0,4352.0,0.0
2026-09-04T12:23:56.164,980.013,1,9803,10,9.99,20.36,49.39,50.564,50.69,0.834,1.143,1.235,50.632,51.763,51.886,99.765,101.568,101.739,23.887,23.944,23.957,49.112,50.3,50.408,107.779,109.384,109.495,24.0,49.06,21.0,565.6,4096.0,220.0,29.8,126.0,1132.3,19.22,77.0,1575.0,8.0,53.9,90,8828.8,15708.2,56.2,1190.2,0.0,4352.0,0.0
2026-09-04T12:23:57.163,981.012,1,9813,10,10.01,20.28,49.563,50.746,51.015,0.776,0.853,0.855,50.753,51.905,52.209,100.05,101.114,101.447,23.871,23.923,23.943,49.31,50.459,50.715,111.794,128.198,143.599,24.0,49.36,21.0,565.6,4096.0,220.0,29.8,126.0,1132.3,19.23,77.0,1575.0,7.1,54.1,90,8815.8,15708.2,56.1,1190.2,0.0,4352.0,0.0
2026-09-04T12:23:58.163,982.012,1,9823,10,10.0,20.42,49.229,50.492,50.823,0.702,0.815,0.828,50.362,51.597,51.936,99.502,101.511,101.518,23.907,23.991,24.023,48.974,50.23,50.572,107.683,109.851,109.966,24.0,48.98,21.0,565.6,4096.0,220.0,29.8,126.0,1132.3,19.22,77.0,1575.0,8.0,54.0,90,8804.0,15708.2,56.0,1190.2,0.0,4352.0,0.0
2026-09-04T12:23:59.163,983.012,1,9833,10,10.0,20.12,49.973,51.5,51.504,0.652,0.72,0.738,51.04,52.642,52.657,99.78,100.752,100.815,23.85,23.9,23.903,49.708,51.219,51.228,108.44,110.513,111.256,24.0,49.7,21.0,565.6,4096.0,220.0,29.8,126.0,1132.3,19.21,77.0,1575.0,7.1,55.0,90,8798.2,15708.2,56.0,1190.2,0.0,4352.0,0.0
2026-09-04T12:24:00.163,984.012,1,9843,10,10.0,20.19,49.801,50.486,50.689,0.926,1.35,1.355,51.15,51.691,51.869,100.502,100.658,100.719,23.89,23.984,23.996,49.535,50.202,50.378,112.173,128.004,143.252,24.0,49.54,21.0,565.6,4096.0,220.0,29.8,126.0,1132.3,19.2,77.0,1575.0,8.2,53.0,90,8789.2,15708.2,56.0,1190.2,0.0,4352.0,0.0
2026-09-04T12:24:01.164,985.013,1,9853,10,9.99,20.18,49.804,51.1,51.619,0.786,0.883,0.903,51.012,52.424,52.949,99.538,100.646,100.693,23.873,23.905,23.91,49.549,50.84,51.357,107.673,109.255,109.554,24.0,49.49,21.0,565.6,4096.0,220.0,29.8,126.0,1132.3,19.21,77.0,1575.0,7.0,53.9,90,8787.9,15708.2,55.9,1190.2,0.0,4352.0,0.0
2026-09-04T12:24:02.163,986.012,1,9863,10,10.01,19.98,50.322,51.395,51.443,0.698,0.735,0.738,51.46,52.521,52.596,99.776,100.846,100.858,23.878,23.926,23.941,50.056,51.089,51.165,108.142,109.19,109.329,24.0,50.11,21.0,565.6,4096.0,220.0,29.8,126.0,1132.3,19.21,77.0,1575.0,7.8,55.1,90,8774.5,15708.2,55.9,1190.2,0.0,4352.0,0.0
2026-09-04T12:24:03.163,987.012,1,9873,10,10.0,19.81,50.751,51.87,51.886,0.933,1.753,2.287,52.102,53.214,53.374,100.295,101.493,101.573,23.885,23.969,24.002,50.477,51.559,51.563,112.308,130.574,145.107,24.0,50.48,20.0,565.6,4096.0,220.0,29.8,126.0,1132.3,19.21,77.0,1575.0,7.0,55.0,90,8767.4,15708.2,55.8,1190.2,0.0,4352.0,0.0
2026-09-04T12:24:04.163,988.012,1,9883,10,10.0,20.32,49.476,50.795,50.812,0.752,0.803,0.812,50.646,51.991,52.042,99.986,101.497,101.605,23.897,24.022,24.026,49.214,50.551,50.581,107.542,109.62,109.636,24.0,49.21,21.0,565.6,4096.0,220.0,29.8,126.0,1132.3,19.2,77.0,1575.0,7.6,53.0,90,8755.0,15708.2,55.7,1190.2,0.0,4352.0,0.0
2026-09-04T12:24:05.163,989.012,1,9893,10,10.0,20.21,49.734,50.658,50.948,0.697,0.771,0.795,50.857,51.855,52.182,99.805,100.55,100.567,23.868,23.959,23.995,49.471,50.401,50.689,107.271,109.078,109.384,24.0,49.47,21.0,565.6,4096.0,220.0,29.8,126.0,1132.3,19.2,77.0,1575.0,7.5,55.0,90,8745.5,15708.2,55.7,1190.2,0.0,4352.0,0.0
2026-09-04T12:24:06.165,990.014,1,9903,10,9.98,20.34,49.423,50.75,50.978,0.684,0.713,0.715,50.517,51.862,52.074,99.751,101.088,101.263,23.846,23.928,23.937,49.164,50.503,50.741,111.522,128.83,144.215,24.0,49.08,21.0,565.6,4096.0,220.0,29.8,126.0,1132.3,19.2,77.0,1575.0,7.5,53.9,90,8740.4,15708.2,55.6,1190.2,0.0,4352.0,0.0
2026-09-04T12:24:07.163,991.012,1,9913,10,10.02,20.05,50.127,52.243,53.667,0.672,0.71,0.717,51.216,53.393,54.831,100.306,102.033,102.936,23.867,23.966,24.016,49.867,51.914,53.319,110.962,121.008,128.672,24.0,49.96,21.0,565.6,4096.0,220.0,29.8,126.0,1132.3,19.2,77.0,1575.0,7.0,53.1,90,8733.6,15708.2,55.6,1190.2,0.0,4352.0,0.0
2026-09-04T12:24:08.163,992.012,1,9923,10,10.0,20.35,49.394,50.529,50.617,0.754,0.914,0.998,50.557,51.642,51.652,99.669,101.016,101.291,23.988,24.463,24.811,49.141,50.265,50.371,107.516,109.615,109.843,24.0,49.14,21.0,565.6,4096.0,220.0,29.8,126.0,1132.3,19.27,77.0,1575.0,7.6,55.0,90,8728.7,15708.2,55.6,1190.2,0.0,4352.0,0.0
2026-09-04T12:24:09.163,993.012,1,9933,10,10.0,20.14,49.917,51.302,51.997,0.736,0.817,0.824,51.075,52.484,53.205,99.61,100.781,100.833,23.858,23.927,23.962,49.658,51.022,51.715,111.581,126.802,140.941,24.0,49.66,21.0,565.6,4096.0,220.0,29.8,126.0,1132.3,19.19,77.0,1575.0,6.7,53.0,90,8720.4,15708.2,55.5,1193.9,0.0,4352.0,0.0
2026-09-04T12:24:10.163,994.012,1,9943,10,10.0,20.06,50.115,51.329,51.598,0.772,0.909,0.943,51.277,52.428,52.653,100.219,101.457,101.516,23.888,23.959,24.004,49.85,51.03,51.287,108.216,109.846,110.269,24.0,49.85,21.0,565.6,4096.0,220.0,29.8,126.0,1132.3,19.19,77.0,1575.0,8.1,54.0,90,8723.2,15708.2,55.5,1190.2,0.0,4352.0,0.0
2026-09-04T12:24:11.164,995.013,1,9953,10,9.98,19.95,50.381,51.53,51.658,0.772,0.844,0.845,51.553,52.638,52.775,99.83,100.897,101.031,23.891,24.008,24.047,50.128,51.302,51.448,108.358,110.23,110.708,24.0,50.05,21.0,565.6,4096.0,220.0,29.8,126.0,1132.3,19.18,77.0,1575.0,7.1,54.9,90,8728.4,15708.2,55.6,1190.3,0.0,4352.0,0.0
2026-09-04T12:24:12.163,996.012,1,9963,10,10.02,19.9,50.519,52.061,52.766,0.737,0.782,0.79,51.695,53.22,53.87,99.752,100.935,101.087,23.882,23.972,24.012,50.256,51.809,52.493,111.24,127.41,142.413,24.0,50.34,21.0,565.6,4096.0,220.0,29.8,126.0,1132.3,19.17,77.0,1575.0,7.8,55.1,90,8724.2,15708.2,55.5,1196.0,0.0,4352.0,0.0
2026-09-04T12:24:13.163,997.012,1,9973,10,10.0,19.79,50.814,52.409,53.229,0.737,0.95,1.071,52.004,53.473,54.255,100.065,101.306,101.415,23.88,23.969,23.976,50.524,52.121,52.903,108.245,110.767,112.075,24.0,50.52,21.0,565.6,4096.0,220.0,29.8,126.0,1132.3,19.18,77.0,1575.0,6.9,55.0,90,8719.8,15708.2,55.5,1193.0,0.0,4352.0,0.0
2026-09-04T12:24:14.163,998.012,1,9983,10,10.0,19.91,50.503,51.482,51.761,0.842,1.092,1.254,51.784,52.668,52.935,100.213,101.369,101.414,23.904,23.925,23.927,50.222,51.162,51.456,108.045,109.634,109.674,24.0,50.22,21.0,565.6,4096.0,220.0,29.8,126.0,1132.3,19.17,77.0,1575.0,7.6,55.0,90,8712.4,15708.2,55.5,1193.1,0.0,4352.0,0.0
2026-09-04T12:24:15.163,999.012,1,9993,10,10.0,19.92,50.459,51.37,51.614,0.716,0.794,0.798,51.603,52.489,52.739,99.689,101.242,101.246,23.921,23.981,24.011,50.197,51.126,51.375,111.658,130.35,145.257,24.0,50.2,21.0,565.6,4096.0,220.0,29.8,126.0,1132.3,19.18,77.0,1575.0,7.2,54.0,90,8710.2,15708.2,55.4,1195.1,0.0,4352.0,0.0
2026-09-04T12:24:16.164,1000.013,1,10003,10,9.99,19.89,50.548,52.072,52.417,0.85,1.017,1.095,51.856,53.242,53.586,99.589,101.324,101.943,23.924,23.968,23.973,50.268,51.798,52.149,107.418,108.994,109.295,24.0,50.21,21.0,565.6,4096.0,220.0,29.8,126.0,1132.3,19.17,77.0,1575.0,7.9,55.9,90,8713.7,15708.2,55.5,1195.9,0.0,4352.0,0.0
2026-09-04T12:24:17.165,1001.013,1,10014,11,11.0,19.63,51.219,54.299,57.04,0.88,1.286,1.335,52.511,55.508,58.173,99.96,101.298,101.354,23.898,23.95,23.962,50.935,54.008,56.708,107.558,109.025,109.269,24.0,56.01,21.0,565.6,4096.0,220.0,27.7,126.0,1132.3,19.16,77.0,1575.0,7.3,55.9,90,8709.3,15708.2,55.4,1190.1,0.0,4352.0,0.0
2026-09-04T12:24:18.163,1002.012,1,10023,9,9.01,19.74,50.932,52.298,52.846,0.869,1.085,1.12,52.236,53.754,54.397,100.167,101.132,101.527,23.94,24.069,24.084,50.667,51.997,52.522,107.634,109.093,109.23,24.0,45.67,21.0,565.6,4096.0,220.0,29.8,126.0,1132.3,19.14,76.0,1575.0,9.6,54.1,90,8634.0,15708.2,55.0,1192.1,0.0,4352.0,0.0
2026-09-04T12:24:19.166,1003.012,1,10034,10,10.0,19.34,51.994,55.732,56.609,0.768,0.996,1.07,53.204,56.909,57.735,99.822,101.512,101.795,23.912,23.987,24.018,51.716,55.465,56.365,108.608,111.782,112.782,24.0,51.71,21.0,565.6,4096.0,220.0,27.7,126.0,1132.3,19.15,77.0,1575.0,9.2,56.8,90,8634.1,15708.2,55.0,1190.1,0.0,4352.0,0.0
2026-09-04T12:24:20.164,1004.012,1,10044,11,11.0,20.08,50.081,51.591,51.943,0.772,0.951,0.99,51.278,52.905,53.323,100.04,101.461,101.625,23.911,24.047,24.106,49.81,51.286,51.639,107.856,109.294,109.544,24.0,54.78,21.0,565.6,4096.0,220.0,27.7,126.0,1132.3,19.16,77.0,1575.0,8.0,55.1,90,8631.0,15708.2,54.9,1190.1,0.0,4352.0,0.0
2026-09-04T12:24:21.164,1005.013,1,10054,10,9.99,20.15,49.886,50.986,50.989,0.775,0.969,1.003,51.072,52.246,52.348,99.799,101.146,101.645,23.867,23.905,23.906,49.63,50.736,50.744,107.692,109.557,109.897,24.0,49.59,21.0,565.6,4096.0,220.0,27.7,126.0,1132.3,19.15,77.0,1575.0,7.5,54.0,90,8511.4,15708.2,54.2,1190.1,0.0,4352.0,0.0
2026-09-04T12:24:22.163,1006.012,1,10064,10,10.01,19.97,50.325,51.124,51.178,0.79,0.845,0.845,51.545,52.345,52.402,99.767,100.845,100.848,23.877,23.943,23.946,50.073,50.873,50.921,107.645,109.942,110.564,24.0,50.13,21.0,565.6,4096.0,220.0,27.7,126.0,1132.3,19.15,77.0,1575.0,7.9,55.1,90,8519.5,15708.2,54.2,1190.1,0.0,4352.0,0.0
2026-09-04T12:24:23.163,1007.012,1,10074,10,10.0,20.18,49.825,50.341,50.392,0.802,1.163,1.275,51.046,51.505,51.583,100.031,100.86,100.883,23.878,23.922,23.923,49.556,50.087,50.154,108.168,110.903,111.868,24.0,49.55,21.0,565.6,4096.0,220.0,27.7,126.0,1132.3,19.14,77.0,1575.0,7.1,54.0,90,8507.4,15708.2,54.2,1190.1,0.0,4352.0,0.0
2026-09-04T12:24:24.163,1008.012,1,10084,10,10.0,20.01,50.247,51.025,51.234,0.756,0.815,0.823,51.43,52.197,52.416,99.726,100.556,100.602,23.872,23.939,23.956,49.98,50.753,50.942,107.094,108.653,108.829,24.0,49.98,21.0,565.6,4096.0,220.0,27.7,126.0,1132.3,19.13,76.0,1575.0,7.8,55.0,90,8504.3,15708.2,54.1,1190.1,0.0,4352.0,0.0
2026-09-04T12:24:25.163,1009.012,1,10094,10,10.0,20.18,49.824,50.616,50.664,0.804,1.132,1.204,51.087,52.014,52.323,100.242,101.278,101.465,23.867,23.994,24.047,49.556,50.36,50.404,108.449,109.457,109.661,24.0,49.55,20.0,565.6,4096.0,220.0,27.7,126.0,1132.3,19.12,76.0,1575.0,7.4,54.0,90,8498.5,15708.2,54.1,1190.1,0.0,4352.0,0.0
2026-09-04T12:24:26.164,1010.013,1,10104,10,9.99,20.29,49.538,50.209,50.351,0.801,0.949,1.021,50.756,51.556,51.795,99.827,101.083,101.303,23.861,23.908,23.915,49.286,49.941,50.052,107.433,108.982,109.274,24.0,49.23,21.0,565.6,4096.0,220.0,27.7,126.0,1132.3,19.13,77.0,1575.0,7.6,53.9,90,8505.5,15708.2,54.1,1190.1,0.0,4352.0,0.0
2026-09-04T12:24:27.163,1011.012,1,10114,10,10.01,20.21,49.734,50.729,50.738,0.854,1.13,1.133,51.007,51.985,51.99,99.797,100.933,101.024,23.865,23.974,24.025,49.473,50.434,50.473,109.244,118.445,125.747,24.0,49.52,21.0,565.6,4096.0,220.0,27.7,126.0,1132.3,19.13,76.0,1575.0,7.4,54.0,90,8502.5,15708.2,54.1,1190.1,0.0,4352.0,0.0
2026-09-04T12:24:28.163,1012.012,1,10124,10,10.0,19.86,50.609,52.151,52.31,0.827,0.901,0.923,51.905,53.485,53.657,100.015,100.807,100.83,23.889,23.943,23.954,50.352,51.909,52.058,107.657,109.106,109.453,24.0,50.36,21.0,565.6,4096.0,220.0,27.7,126.0,1132.3,19.12,76.0,1575.0,7.0,56.0,90,8499.0,15708.2,54.1,1190.1,0.0,4352.0,0.0
2026-09-04T12:24:29.163,1013.012,1,10134,10,10.0,20.1,50.032,50.572,50.72,0.686,0.749,0.777,51.156,51.758,51.874,100.016,101.093,101.216,23.885,23.914,23.916,49.755,50.314,50.474,107.813,108.739,108.755,24.0,49.75,21.0,565.6,4096.0,220.0,27.7,126.0,1132.3,19.14,76.0,1575.0,7.9,54.0,90,8506.6,15708.2,54.2,1190.1,0.0,4352.0,0.0
2026-09-04T12:24:30.163,1014.012,1,10144,10,10.0,20.24,49.668,50.566,50.618,0.77,0.951,1.052,50.858,51.788,51.794,99.527,100.563,100.64,23.847,23.904,23.909,49.404,50.27,50.321,107.527,108.82,108.915,24.0,49.41,21.0,565.6,4096.0,220.0,27.7,126.0,1132.3,19.14,76.0,1575.0,7.4,54.0,90,8504.6,15708.2,54.1,1190.1,0.0,4352.0,0.0
2026-09-04T12:24:31.164,1015.013,1,10154,10,9.99,20.03,50.209,51.768,51.871,0.774,0.848,0.857,51.411,52.91,53.039,100.506,101.288,101.331,23.87,23.908,23.917,49.937,51.466,51.598,108.18,109.717,110.214,24.0,49.88,20.0,565.6,4096.0,220.0,27.7,126.0,1132.3,19.13,76.0,1575.0,7.9,54.9,90,8511.1,15708.2,54.2,1190.1,0.0,4352.0,0.0
2026-09-04T12:24:32.163,1016.012,1,10164,10,10.01,19.54,51.464,52.702,52.843,0.884,1.19,1.296,52.784,54.155,54.302,99.827,101.224,101.526,23.904,23.967,23.969,51.181,52.419,52.568,107.578,109.055,109.336,24.0,51.24,21.0,565.6,4096.0,220.0,27.7,126.0,1132.3,19.14,76.0,1575.0,7.4,56.1,90,8505.6,15708.2,54.1,1190.1,0.0,4352.0,0.0
2026-09-04T12:24:33.163,1017.012,1,10174,10,10.0,19.72,50.989,52.326,53.26,0.786,0.86,0.9,52.237,53.613,54.498,99.758,100.868,100.931,23.893,23.955,23.996,50.711,52.053,52.979,107.016,108.64,108.703,24.0,50.71,20.0,565.6,4096.0,220.0,27.7,126.0,1132.3,19.13,76.0,1575.0,7.7,55.0,90,8502.8,15708.2,54.1,1190.1,0.0,4352.0,0.0
2026-09-04T12:24:34.163,1018.012,1,10184,10,10.0,19.96,50.371,51.281,51.663,0.726,0.82,0.83,51.554,52.42,52.736,100.021,101.08,101.297,23.909,24.003,24.058,50.106,51.026,51.422,107.753,110.636,111.757,24.0,50.11,21.0,565.6,4096.0,220.0,27.7,126.0,1132.3,19.13,76.0,1575.0,7.1,55.0,90,8498.4,15708.2,54.1,1190.1,0.0,4352.0,0.0
2026-09-04T12:24:35.163,1019.012,1,10194,10,10.0,19.89,50.57,53.328,53.367,0.711,0.834,0.848,51.711,54.413,54.458,99.468,100.71,100.822,23.894,23.935,23.942,50.288,53.016,53.086,107.713,108.843,108.95,24.0,50.29,20.0,565.6,4096.0,220.0,27.7,126.0,1132.3,19.11,76.0,1575.0,8.3,55.0,90,8504.6,15708.2,54.1,1190.1,0.0,4352.0,0.0
2026-09-04T12:24:36.164,1020.013,1,10204,10,9.99,19.96,50.381,51.941,52.042,0.723,0.798,0.799,51.546,53.193,53.338,100.511,100.929,101.156,23.883,23.93,23.947,50.113,51.654,51.744,108.224,108.569,108.628,24.0,50.06,21.0,565.6,4096.0,220.0,27.7,126.0,1132.3,19.12,76.0,1575.0,6.9,54.9,90,8509.8,15708.2,54.2,1190.1,0.0,4352.0,0.0
2026-09-04T12:24:37.163,1021.012,1,10214,10,10.01,20.11,49.988,50.88,51.026,0.774,0.953,1.027,51.185,52.204,52.388,100.003,101.549,101.848,23.862,23.886,23.887,49.728,50.597,50.715,107.669,109.652,110.211,24.0,49.79,20.0,565.6,4096.0,220.0,27.7,126.0,1132.3,19.12,76.0,1575.0,7.7,55.1,90,8507.6,15708.2,54.2,1190.1,0.0,4352.0,0.0
2026-09-04T12:24:38.163,1022.012,1,10224,10,10.0,19.89,50.537,51.275,51.478,0.8,0.995,1.044,51.792,52.608,52.824,99.561,101.427,101.951,23.887,23.956,23.971,50.272,51.009,51.203,106.758,108.796,108.844,24.0,50.28,21.0,565.6,4096.0,220.0,27.7,126.0,1132.3,19.12,76.0,1575.0,7.2,54.0,90,8506.6,15708.2,54.2,1190.1,0.0,4352.0,0.0
2026-09-04T12:24:39.163,1023.012,1,10234,10,10.0,19.93,50.428,52.089,52.727,0.83,1.136,1.276,51.672,53.537,54.418,100.03,101.417,101.509,23.859,23.939,23.945,50.167,51.839,52.477,110.752,121.333,126.57,24.0,50.16,21.0,565.6,4096.0,220.0,27.7,126.0,1132.3,19.13,76.0,1575.0,7.9,56.0,90,8504.4,15708.2,54.1,1190.1,0.0,4352.0,0.0
2026-09-04T12:24:40.163,1024.012,1,10244,10,10.0,20.02,50.202,51.374,51.61,0.736,0.844,0.871,51.373,52.589,52.885,99.769,100.693,100.718,23.879,23.931,23.935,49.942,51.107,51.328,107.422,109.218,109.466,24.0,49.94,21.0,565.6,4096.0,220.0,27.7,126.0,1132.3,19.12,76.0,1575.0,7.6,55.0,90,8507.3,15708.2,54.2,1190.1,0.0,4352.0,0.0
2026-09-04T12:24:41.165,1025.014,1,10254,10,9.98,20.1,50.018,50.862,50.986,0.676,0.736,0.742,51.118,52.041,52.175,99.799,101.009,101.058,23.898,23.939,23.94,49.747,50.59,50.728,107.323,108.431,108.477,24.0,49.65,21.0,565.6,4096.0,220.0,27.7,126.0,1132.3,19.12,76.0,1575.0,7.9,53.9,90,8516.1,15708.2,54.2,1190.1,0.0,4352.0,0.0
2026-09-04T12:24:42.163,1026.012,1,10264,10,10.02,20.09,50.046,50.839,51.145,0.684,0.746,0.759,51.152,51.974,52.292,99.81,101.09,101.269,23.864,23.892,23.893,49.768,50.561,50.876,107.536,109.024,109.26,24.0,49.87,20.0,565.6,4096.0,220.0,27.7,126.0,1132.3,19.12,76.0,1575.0,7.4,56.1,90,8514.0,15708.2,54.2,1190.1,0.0,4352.0,0.0
2026-09-04T12:24:43.163,1027.012,1,10274,10,10.0,20.06,50.12,50.782,50.789,0.699,0.762,0.783,51.244,51.963,51.975,100.268,101.81,102.018,23.884,23.964,24.007,49.851,50.532,50.555,107.626,109.414,109.816,24.0,49.85,21.0,565.6,4096.0,220.0,27.7,126.0,1132.3,19.12,76.0,1575.0,7.7,54.0,90,8514.8,15708.2,54.2,1190.1,0.0,4352.0,0.0
2026-09-04T12:24:44.163,1028.012,1,10284,10,10.0,20.04,50.179,51.113,51.302,0.712,0.739,0.741,51.294,52.251,52.428,99.793,101.126,101.382,23.871,23.93,23.94,49.903,50.83,51.04,107.793,110.364,111.43,24.0,49.9,20.0,565.6,4096.0,220.0,27.7,126.0,1132.3,19.11,76.0,1575.0,7.0,55.0,90,8512.6,15708.2,54.2,1190.1,0.0,4352.0,0.0
2026-09-04T12:24:45.163,1029.012,1,10294,10,10.0,20.02,50.222,51.453,51.704,0.72,0.858,0.923,51.377,52.604,52.842,99.772,100.839,100.978,23.878,23.949,23.958,49.951,51.177,51.424,107.98,111.172,112.485,24.0,49.95,21.0,565.6,4096.0,220.0,27.7,126.0,1132.3,19.12,76.0,1575.0,8.3,55.0,90,8521.1,15708.2,54.2,1190.1,0.0,4352.0,0.0
2026-09-04T12:24:46.164,1030.013,1,10304,10,9.99,20.15,49.904,50.543,50.636,0.682,0.747,0.756,51.0,51.613,51.748,100.235,101.574,101.671,23.889,23.92,23.927,49.633,50.297,50.374,108.241,109.611,109.782,24.0,49.59,20.0,565.6,4096.0,220.0,27.7,126.0,1132.3,19.11,76.0,1575.0,7.0,54.0,90,8521.6,15708.2,54.2,1190.1,0.0,4352.0,0.0
2026-09-04T12:24:47.163,1031.012,1,10314,10,10.01,20.08,50.062,50.972,51.25,0.732,0.836,0.9,51.233,52.133,52.447,99.293,101.143,101.696,23.909,23.998,24.0,49.795,50.709,50.987,106.612,108.97,109.642,24.0,49.85,21.0,565.6,4096.0,220.0,27.7,126.0,1132.3,19.1,76.0,1575.0,12.4,54.1,90,8502.1,15708.2,54.1,1190.1,0.0,4352.0,0.0
2026-09-04T12:24:48.163,1032.012,1,10324,10,10.0,19.74,50.925,55.127,56.58,0.743,0.876,0.942,52.104,56.489,57.917,99.668,101.684,101.878,23.906,24.009,24.01,50.654,54.809,56.245,108.433,113.411,115.225,24.0,50.66,21.0,565.6,4096.0,220.0,27.7,126.0,1132.3,19.1,76.0,1575.0,13.4,56.0,90,8617.8,15708.2,54.9,1190.1,0.0,4352.0,0.0
2026-09-04T12:24:49.163,1033.012,1,10334,10,10.0,20.47,49.122,51.238,51.956,0.716,0.8,0.82,50.233,52.393,53.122,100.541,102.822,104.036,23.881,23.927,23.929,48.864,50.974,51.677,107.85,110.411,111.664,24.0,48.86,21.0,565.6,4096.0,220.0,27.7,126.0,1132.3,19.1,76.0,1575.0,15.3,53.0,90,8717.5,15708.2,55.5,1190.1,0.0,4352.0,0.0
2026-09-04T12:24:50.163,1034.012,1,10344,10,10.0,20.33,49.468,51.718,53.24,0.801,1.093,1.094,50.678,53.107,54.755,99.887,100.924,101.044,23.927,24.16,24.18,49.181,51.404,52.894,109.719,121.383,131.655,24.0,49.18,21.0,565.6,4096.0,220.0,27.7,126.0,1132.3,19.08,76.0,1575.0,16.3,55.0,90,8773.2,15708.2,55.9,1190.1,0.0,4352.0,0.0
2026-09-04T12:24:51.164,1035.013,1,10354,10,9.99,19.96,50.377,52.259,52.88,0.827,1.014,1.047,51.595,53.435,54.129,99.669,101.676,101.847,24.01,24.55,25.009,50.106,52.021,52.629,108.199,113.718,116.328,24.0,50.05,21.0,565.6,4096.0,220.0,27.7,126.0,1132.3,19.11,76.0,1575.0,17.2,54.9,90,8735.9,15708.2,55.6,1190.1,0.0,4352.0,0.0
2026-09-04T12:24:52.163,1036.012,1,10364,10,10.01,20.14,49.894,50.894,50.957,0.773,0.862,0.87,51.098,52.114,52.13,100.121,101.176,101.361,23.862,23.897,23.897,49.644,50.63,50.687,107.667,111.065,112.193,24.0,49.7,21.0,565.6,4096.0,220.0,27.7,126.0,1132.3,19.11,76.0,1575.0,7.8,54.1,90,8738.1,15708.2,55.6,1190.1,0.0,4352.0,0.0
2026-09-04T12:24:53.163,1037.012,1,10374,10,10.0,21.03,47.793,50.219,50.859,0.694,0.82,0.867,48.833,51.343,51.945,99.523,101.116,101.289,23.887,23.964,23.979,47.559,49.99,50.645,105.988,108.383,108.385,24.0,47.56,21.0,565.6,4096.0,220.0,27.7,126.0,1132.3,19.09,76.0,1575.0,15.6,53.0,90,8960.2,15708.2,57.0,1190.1,0.0,4352.0,0.0
2026-09-04T12:24:54.163,1038.012,1,10384,10,10.0,20.22,49.726,54.379,57.701,0.855,1.095,1.156,50.977,55.858,59.39,100.55,102.358,103.553,23.885,23.96,23.968,49.455,54.089,57.405,107.623,117.058,121.02,24.0,49.45,20.0,565.6,4096.0,220.0,27.7,126.0,1132.3,19.08,76.0,1575.0,13.7,54.0,90,8834.1,15708.2,56.2,1190.1,0.0,4352.0,0.0
2026-09-04T12:24:55.163,1039.012,1,10394,10,10.0,20.38,49.33,50.16,50.256,0.743,0.856,0.884,50.516,51.465,51.619,99.756,101.052,101.192,23.875,23.912,23.928,49.074,49.89,49.998,105.933,108.473,108.554,24.0,49.07,21.0,565.6,4096.0,220.0,27.7,126.0,1132.3,19.11,76.0,1575.0,7.8,54.0,90,8830.8,15708.2,56.2,1190.1,0.0,4352.0,0.0
2026-09-04T12:24:56.164,1040.013,1,10404,10,9.99,20.25,49.646,50.706,50.826,0.697,0.764,0.776,50.76,51.942,52.122,99.685,101.845,101.898,23.889,23.953,23.954,49.383,50.426,50.548,105.38,111.765,113.461,24.0,49.33,21.0,565.6,4096.0,220.0,27.7,126.0,1132.3,19.11,76.0,1575.0,7.2,53.9,90,8819.0,15708.2,56.1,1190.1,0.0,4352.0,0.0
2026-09-04T12:24:57.163,1041.012,1,10414,10,10.01,20.26,49.647,50.798,50.854,0.683,0.718,0.721,50.736,51.915,52.046,99.831,101.108,101.172,23.881,23.928,23.928,49.36,50.46,50.525,106.438,114.997,122.412,24.0,49.42,21.0,565.6,4096.0,220.0,27.7,126.0,1132.3,19.1,76.0,1575.0,9.2,54.1,90,8841.6,15708.2,56.3,1190.1,0.0,4352.0,0.0
2026-09-04T12:24:58.163,1042.012,1,10424,10,10.0,20.12,49.975,50.711,50.835,0.828,0.979,1.03,51.224,52.04,52.193,99.671,101.783,102.405,23.862,23.926,23.954,49.706,50.441,50.568,104.289,106.721,107.017,24.0,49.71,21.0,565.6,4096.0,220.0,27.7,126.0,1132.3,19.08,76.0,1575.0,7.1,55.0,90,8833.5,15708.2,56.2,1190.1,0.0,4352.0,0.0
2026-09-04T12:24:59.163,1043.012,1,10434,10,10.0,20.24,49.669,50.819,50.837,0.832,1.095,1.27,50.908,52.369,52.586,100.352,101.602,101.669,23.886,23.926,23.927,49.41,50.542,50.556,104.462,106.077,106.388,24.0,49.41,21.0,565.6,4096.0,220.0,27.7,126.0,1132.3,19.09,76.0,1575.0,7.8,54.0,90,8830.7,15708.2,56.2,1190.1,0.0,4352.0,0.0
2026-09-04T12:25:00.163,1044.012,1,10444,10,10.0,20.12,49.965,51.084,51.123,0.761,0.829,0.836,51.155,52.387,52.427,99.443,101.294,101.341,23.874,23.903,23.908,49.694,50.828,50.86,105.785,115.459,122.543,24.0,49.69,21.0,565.6,4096.0,220.0,27.7,126.0,1132.3,19.09,76.0,1575.0,7.6,55.0,90,8820.3,15708.2,56.2,1190.1,0.0,4352.0,0.0
2026-09-04T12:25:01.164,1045.013,1,10454,10,9.99,20.07,50.082,50.728,50.79,0.742,0.803,0.805,51.277,51.86,51.922,100.281,102.67,103.484,23.889,23.951,23.956,49.814,50.484,50.548,104.239,106.28,106.663,24.0,49.77,21.0,565.6,4096.0,220.0,27.7,126.0,1132.3,19.1,76.0,1575.0,7.8,55.0,90,8820.7,15708.2,56.2,1190.1,0.0,4352.0,0.0
2026-09-04T12:25:02.163,1046.012,1,10464,10,10.01,20.12,49.953,50.946,51.235,0.697,0.746,0.751,51.06,52.084,52.35,100.098,101.513,101.53,23.893,23.934,23.935,49.696,50.694,50.998,104.65,106.524,106.538,24.0,49.74,21.0,565.6,4096.0,220.0,27.7,126.0,1132.3,19.09,76.0,1575.0,7.3,54.0,90,8817.2,15708.2,56.1,1190.1,0.0,4352.0,0.0
2026-09-04T12:25:03.163,1047.012,1,10474,10,10.0,20.1,50.02,50.775,50.899,0.712,0.739,0.741,51.148,51.918,52.052,99.802,101.317,101.356,23.884,23.983,24.007,49.745,50.481,50.619,107.283,118.418,124.495,24.0,49.74,21.0,565.6,4096.0,220.0,27.7,126.0,1132.3,19.08,76.0,1575.0,7.3,54.0,90,8812.0,15708.2,56.1,1190.1,0.0,4352.0,0.0
2026-09-04T12:25:04.163,1048.012,1,10484,10,10.0,20.11,49.999,50.896,51.014,0.729,0.757,0.759,51.162,52.064,52.153,99.72,101.77,101.885,23.907,23.96,23.967,49.717,50.58,50.735,103.918,106.46,106.484,24.0,49.72,21.0,565.6,4096.0,220.0,27.7,126.0,1132.3,19.08,76.0,1575.0,7.3,55.0,90,8805.9,15708.2,56.1,1190.1,0.0,4352.0,0.0
2026-09-04T12:25:05.163,1049.012,1,10494,10,10.0,20.03,50.219,50.928,50.992,0.712,0.77,0.772,51.345,52.001,52.079,99.773,100.844,100.877,23.887,23.938,23.942,49.934,50.655,50.713,103.697,106.005,106.771,24.0,49.93,20.0,565.6,4096.0,220.0,27.7,126.0,1132.3,19.08,76.0,1575.0,7.6,55.0,90,8799.0,15708.2,56.0,1190.1,0.0,4352.0,0.0
2026-09-04T12:25:06.165,1050.014,1,10504,10,9.98,19.95,50.494,52.761,54.037,0.718,0.815,0.828,51.6,53.847,55.237,99.671,100.919,101.04,23.895,23.965,23.98,50.114,51.85,52.62,106.177,119.645,130.961,24.0,50.03,21.0,565.6,4096.0,220.0,27.7,126.0,1132.3,19.09,76.0,1575.0,7.7,55.9,90,8780.7,15708.2,55.9,1190.6,0.0,4352.0,0.0
2026-09-04T12:25:07.163,1051.012,1,10514,10,10.02,19.67,51.139,53.619,54.366,0.874,1.215,1.321,52.453,54.825,55.442,100.571,101.445,101.774,23.911,23.974,23.991,50.847,53.329,54.095,105.211,110.387,113.169,24.0,50.94,21.0,565.6,4096.0,220.0,27.7,126.0,1132.3,19.08,76.0,1575.0,7.6,55.1,90,8761.4,15708.2,55.8,1190.1,0.0,4352.0,0.0
2026-09-04T12:25:08.163,1052.012,1,10524,10,10.0,19.76,50.902,52.895,53.957,0.838,0.934,0.951,52.158,54.198,55.156,99.641,101.237,101.599,23.904,23.931,23.934,50.604,52.601,53.68,102.908,104.739,104.795,24.0,50.61,21.0,565.6,4096.0,220.0,27.7,126.0,1132.3,19.07,76.0,1575.0,7.6,55.0,90,8762.5,15708.2,55.8,1190.1,0.0,4352.0,0.0
2026-09-04T12:25:09.163,1053.012,1,10534,10,10.0,19.92,50.471,53.343,54.892,0.718,0.792,0.795,51.58,54.51,56.098,99.738,101.187,101.317,23.886,23.954,23.984,50.202,53.084,54.633,106.603,120.781,132.808,24.0,50.2,21.0,565.6,4096.0,220.0,27.7,126.0,1132.3,19.07,76.0,1575.0,7.6,55.0,90,8747.7,15708.2,55.7,1192.2,0.0,4352.0,0.0
2026-09-04T12:25:10.163,1054.012,1,10544,10,10.0,20.05,50.133,51.061,51.073,0.766,1.034,1.23,51.291,52.487,52.702,100.247,100.995,101.044,23.926,24.075,24.099,49.869,50.782,50.829,103.503,104.726,104.729,24.0,49.87,21.0,565.6,4096.0,220.0,27.7,126.0,1132.3,19.08,76.0,1575.0,8.1,55.0,90,8748.1,15708.2,55.7,1190.4,0.0,4352.0,0.0
2026-09-04T12:25:11.164,1055.013,1,10554,10,9.99,20.13,49.951,50.888,51.11,1.014,1.411,1.543,51.345,52.21,52.298,99.548,100.8,100.827,23.88,23.944,23.953,49.686,50.636,50.876,103.35,104.404,104.543,24.0,49.63,21.0,565.6,4096.0,220.0,27.7,126.0,1132.3,19.07,76.0,1575.0,7.5,56.0,90,8736.7,15708.2,55.6,1193.8,0.0,4352.0,0.0
2026-09-04T12:25:12.163,1056.012,1,10564,10,10.01,20.12,49.989,51.998,52.807,1.185,1.41,1.518,51.541,53.56,54.34,99.742,101.464,101.527,23.869,23.95,23.962,49.703,51.727,52.567,107.163,123.871,136.798,24.0,49.75,21.0,565.6,4096.0,220.0,27.7,126.0,1132.3,19.08,76.0,1575.0,7.8,54.1,90,8742.0,15708.2,55.7,1193.5,0.0,4352.0,0.0
2026-09-04T12:25:13.163,1057.012,1,10574,10,10.0,20.29,49.548,50.687,50.74,1.424,1.71,1.742,51.336,52.303,52.365,99.872,101.251,101.387,23.879,23.929,23.932,49.279,50.388,50.453,103.901,105.873,106.669,24.0,49.28,20.0,565.6,4096.0,220.0,27.7,126.0,1132.3,19.08,76.0,1575.0,7.7,55.0,90,8727.5,15708.2,55.6,1194.1,0.0,4352.0,0.0
2026-09-04T12:25:14.163,1058.012,1,10584,10,10.0,19.97,50.343,51.186,51.518,1.71,2.192,2.237,52.396,53.395,53.47,100.039,101.509,101.719,23.873,23.919,23.933,50.063,50.921,51.257,104.843,106.567,106.902,24.0,50.06,20.0,565.6,4096.0,220.0,27.7,126.0,1132.3,19.06,76.0,1575.0,7.5,55.0,90,8728.1,15708.2,55.6,1193.2,0.0,4352.0,0.0
2026-09-04T12:25:15.163,1059.012,1,10594,10,10.0,20.15,49.911,50.55,50.579,1.923,2.252,2.315,52.19,52.91,52.968,99.926,101.994,102.757,23.884,23.934,23.952,49.629,50.265,50.289,111.747,133.868,142.373,24.0,49.63,21.0,565.6,4096.0,220.0,27.7,126.0,1132.3,19.08,76.0,1575.0,8.0,55.0,90,8733.9,15708.2,55.6,1193.8,0.0,4352.0,0.0
2026-09-04T12:25:16.164,1060.013,1,10604,10,9.99,20.19,49.8,50.393,50.692,2.134,2.528,2.609,52.287,53.034,53.257,99.855,101.304,101.397,23.88,23.93,23.939,49.517,50.11,50.408,106.994,110.137,111.585,24.0,49.46,21.0,565.6,4096.0,220.0,27.7,126.0,1132.3,19.07,76.0,1575.0,8.1,55.9,90,8735.0,15708.2,55.6,1193.5,0.0,4352.0,0.0
2026-09-04T12:25:17.163,1061.012,1,10614,10,10.01,19.92,50.489,51.991,52.079,2.478,3.093,3.45,53.297,54.55,54.607,100.279,101.12,101.125,23.898,23.983,23.99,50.201,51.698,51.781,104.929,108.196,108.312,24.0,50.26,21.0,565.6,4096.0,220.0,27.7,126.0,1132.3,19.08,76.0,1575.0,7.9,57.1,90,8735.0,15708.2,55.6,1194.3,0.0,4352.0,0.0
2026-09-04T12:25:18.163,1062.012,1,10624,10,10.0,19.94,50.415,52.294,52.75,2.164,2.599,2.735,52.913,54.841,55.287,99.79,100.956,101.045,23.907,23.986,24.026,50.144,52.027,52.48,108.037,125.15,140.036,24.0,50.14,21.0,565.6,4096.0,220.0,27.7,126.0,1132.3,19.07,76.0,1575.0,9.8,56.0,90,8633.9,15708.2,55.0,1194.2,0.0,4352.0,0.0
2026-09-04T12:25:19.163,1063.012,1,10634,10,10.0,20.01,50.263,52.142,53.334,2.297,2.483,2.493,52.892,54.903,55.968,99.748,101.181,101.282,23.871,23.949,23.964,49.986,51.888,53.092,107.709,109.887,110.16,24.0,49.99,21.0,565.6,4096.0,220.0,27.7,126.0,1132.3,19.08,76.0,1575.0,9.4,57.0,90,8630.4,15708.2,54.9,1193.7,0.0,4352.0,0.0
2026-09-04T12:25:20.163,1064.012,1,10644,10,10.0,20.18,49.815,50.792,50.885,1.901,2.029,2.061,52.089,53.073,53.089,99.738,101.33,101.878,23.871,23.924,23.931,49.544,50.52,50.6,109.061,111.063,111.192,24.0,49.54,21.0,565.6,4096.0,220.0,27.7,126.0,1132.3,19.08,76.0,1575.0,8.0,54.0,90,8617.2,15708.2,54.9,1191.6,0.0,4352.0,0.0
2026-09-04T12:25:21.164,1065.013,1,10654,10,9.99,20.23,49.682,50.572,50.899,1.618,1.707,1.748,51.742,52.665,52.975,100.053,101.2,101.384,23.875,23.961,24.003,49.427,50.321,50.637,115.278,134.769,151.226,24.0,49.38,21.0,565.6,4096.0,220.0,27.7,126.0,1132.3,19.08,76.0,1575.0,7.9,54.9,90,8505.6,15708.2,54.1,1194.2,0.0,4352.0,0.0
2026-09-04T12:25:22.163,1066.012,1,10664,10,10.01,20.02,50.243,52.11,53.224,1.48,1.642,1.648,52.088,54.109,55.26,100.411,101.521,101.792,23.91,24.028,24.079,49.962,51.839,52.966,108.902,110.638,110.673,24.0,50.01,21.0,565.6,4096.0,220.0,27.7,126.0,1132.3,19.07,76.0,1575.0,8.2,55.1,90,8494.6,15708.2,54.1,1193.3,0.0,4352.0,0.0
2026-09-04T12:25:23.163,1067.012,1,10674,10,10.0,20.17,49.853,50.702,51.057,1.269,1.634,1.746,51.53,52.688,53.15,99.646,100.61,100.664,23.866,23.906,23.906,49.579,50.438,50.784,108.681,110.288,110.452,24.0,49.58,21.0,565.6,4096.0,220.0,27.7,126.0,1132.3,19.08,76.0,1575.0,7.0,55.0,90,8502.2,15708.2,54.1,1193.9,0.0,4352.0,0.0
2026-09-04T12:25:24.163,1068.012,1,10684,10,10.0,20.1,50.022,51.211,51.773,1.011,1.48,1.623,51.477,52.673,53.047,99.516,101.064,101.176,23.891,23.926,23.932,49.75,50.934,51.481,113.898,132.534,148.587,24.0,49.75,21.0,565.6,4096.0,220.0,27.7,126.0,1132.3,19.09,76.0,1575.0,7.8,55.0,90,8502.7,15708.2,54.1,1194.5,0.0,4352.0,0.0
2026-09-04T12:25:25.163,1069.012,1,10694,10,10.0,19.99,50.307,52.162,52.758,1.582,1.694,1.694,52.323,54.129,54.618,100.294,101.258,101.5,23.873,23.915,23.923,50.024,51.835,52.425,111.956,115.792,116.883,24.0,50.02,20.0,565.6,4096.0,220.0,27.7,126.0,1132.3,19.08,76.0,1575.0,7.6,54.0,90,8500.0,15708.2,54.1,1193.6,0.0,4352.0,0.0
2026-09-04T12:25:26.165,1070.013,1,10704,10,9.98,20.02,50.224,52.724,54.074,1.496,1.89,2.018,52.148,54.391,55.665,99.492,101.084,101.485,23.893,24.031,24.072,49.953,52.471,53.838,109.191,112.362,113.318,23.0,49.87,20.0,565.6,4096.0,220.0,59.7,126.0,1132.3,19.06,76.0,1575.0,8.1,56.9,90,8501.1,15708.2,54.1,1190.2,0.0,4352.0,0.0
2026-09-04T12:25:27.163,1071.012,1,10714,10,10.02,20.07,50.115,51.757,52.624,1.538,1.759,1.772,52.063,53.709,54.506,100.037,100.939,100.972,23.906,23.956,23.968,49.831,51.475,52.319,111.277,126.473,140.386,24.0,49.91,21.0,565.6,4096.0,220.0,27.7,126.0,1132.3,19.07,76.0,1575.0,7.3,54.1,90,8500.2,15708.2,54.1,1194.5,0.0,4352.0,0.0
2026-09-04T12:25:28.163,1072.012,1,10724,10,10.0,20.18,49.874,51.299,52.109,1.607,1.932,1.995,51.938,53.607,54.473,100.278,102.411,102.914,23.902,23.96,23.962,49.558,50.983,51.828,110.843,113.649,113.912,24.0,49.56,21.0,565.6,4096.0,220.0,27.9,126.0,1132.3,19.07,76.0,1575.0,7.9,55.0,90,8494.2,15708.2,54.1,1196.2,0.0,4352.0,0.0
2026-09-04T12:25:29.163,1073.012,1,10734,10,10.0,20.01,50.258,52.095,53.403,1.493,1.668,1.677,52.178,54.165,55.504,99.528,100.95,100.986,23.945,24.205,24.407,49.98,51.8,53.099,107.773,110.391,110.965,25.0,49.98,22.0,565.6,4096.0,220.0,30.2,126.0,1132.3,19.07,76.0,1575.0,7.3,56.0,90,8487.2,15708.2,54.0,1190.2,0.0,4352.0,0.0
2026-09-04T12:25:30.163,1074.012,1,10744,10,10.0,20.11,50.0,51.337,51.878,1.211,1.47,1.639,51.657,53.014,53.561,100.417,102.289,103.004,23.893,23.968,23.97,49.729,51.021,51.548,115.248,138.329,144.283,24.0,49.73,20.0,565.6,4096.0,220.0,27.7,126.0,1132.3,19.06,76.0,1575.0,8.3,53.0,90,8487.9,15708.2,54.0,1194.1,0.0,4352.0,0.0
2026-09-04T12:25:31.165,1075.014,1,10754,10,9.98,20.05,50.146,52.223,53.544,1.185,1.259,1.263,51.787,53.967,55.303,99.599,101.456,101.689,23.876,23.935,23.952,49.871,51.932,53.264,108.306,112.163,113.006,23.0,49.78,20.0,565.6,4096.0,220.0,42.7,126.0,1132.3,19.05,76.0,1575.0,7.4,55.9,90,8487.0,15708.2,54.0,1190.2,0.0,4352.0,0.0
2026-09-04T12:25:32.163,1076.012,1,10764,10,10.02,19.87,50.596,51.298,51.644,0.749,0.802,0.804,51.78,52.507,52.778,99.775,101.329,101.893,23.908,23.934,23.94,50.319,51.032,51.371,107.643,109.286,109.862,22.0,50.41,18.0,565.6,4096.0,220.0,30.2,126.0,1132.3,19.05,76.0,1575.0,7.8,54.1,90,8487.2,15708.2,54.0,1190.2,0.0,4352.0,0.0
2026-09-04T12:25:33.163,1077.012,1,10774,10,10.0,20.1,50.038,50.658,50.965,0.937,1.338,1.344,51.452,52.096,52.332,100.046,100.911,101.013,23.871,23.937,23.951,49.746,50.362,50.668,114.227,141.324,143.887,24.0,49.75,21.0,565.6,4096.0,220.0,42.7,126.0,1132.3,19.05,76.0,1575.0,6.9,54.0,90,8485.2,15708.2,54.0,1190.2,0.0,4352.0,0.0
2026-09-04T12:25:34.163,1078.012,1,10784,10,10.0,19.99,50.321,51.115,51.341,1.567,1.989,2.04,52.328,52.989,53.025,99.751,101.417,101.688,23.888,23.943,23.953,50.029,50.796,51.017,107.609,109.283,109.821,23.0,50.03,20.0,565.6,4096.0,220.0,29.8,126.0,1132.3,19.04,76.0,1575.0,8.1,56.0,90,8479.9,15708.2,54.0,1190.2,0.0,4352.0,0.0
2026-09-04T12:25:35.163,1079.012,1,10794,10,10.0,19.92,50.455,51.685,51.72,2.297,2.932,2.968,53.206,54.343,54.462,99.793,100.898,100.94,23.923,23.982,24.001,50.193,51.412,51.438,106.656,108.445,108.7,19.0,50.19,16.0,565.6,4096.0,220.0,49.8,126.0,1132.3,19.05,76.0,1575.0,7.7,56.0,90,8480.0,15708.2,54.0,1190.2,0.0,4352.0,0.0
2026-09-04T12:25:36.165,1080.014,1,10804,10,9.98,19.79,50.808,51.767,51.804,2.031,2.188,2.192,53.278,54.355,54.387,100.253,101.848,102.557,23.897,23.959,23.962,50.538,51.519,51.555,112.077,127.181,140.623,23.0,50.45,20.0,565.6,4096.0,220.0,29.8,126.0,1132.3,18.96,76.0,1575.0,8.1,56.9,90,8493.1,15708.2,54.1,1190.2,0.0,4352.0,0.0
2026-09-04T12:25:37.163,1081.012,1,10814,10,10.02,19.96,50.369,51.256,51.314,1.644,1.936,1.975,52.447,53.331,53.417,99.547,100.87,100.904,23.901,23.975,23.999,50.101,50.98,51.014,107.801,110.169,110.917,23.0,50.19,20.0,565.6,4096.0,220.0,29.8,126.0,1132.3,19.07,76.0,1575.0,7.2,56.1,90,8492.3,15708.2,54.1,1190.2,0.0,4352.0,0.0
2026-09-04T12:25:38.163,1082.012,1,10824,10,10.0,20.03,50.207,50.999,51.187,1.673,1.945,1.951,52.302,52.895,52.9,99.749,100.913,101.155,23.915,24.022,24.087,49.921,50.72,50.926,107.984,109.759,109.932,24.0,49.92,21.0,565.6,4096.0,220.0,29.8,126.0,1132.3,19.1,76.0,1575.0,7.9,55.0,90,8499.3,15708.2,54.1,1190.2,0.0,4352.0,0.0
2026-09-04T12:25:39.163,1083.012,1,10834,10,10.0,20.07,50.087,51.051,51.082,2.28,2.599,2.76,52.789,53.589,53.671,100.533,100.844,100.875,23.895,23.972,23.973,49.822,50.789,50.798,111.942,127.383,142.416,24.0,49.82,21.0,565.6,4096.0,220.0,29.8,126.0,1132.3,18.97,76.0,1575.0,7.3,56.0,90,8490.5,15708.2,54.1,1190.2,0.0,4352.0,0.0
2026-09-04T12:25:40.163,1084.012,1,10844,10,10.0,20.13,49.948,51.067,51.44,2.221,2.462,2.609,52.592,53.867,54.529,99.804,100.689,100.786,23.898,23.952,23.96,49.68,50.791,51.178,107.579,108.537,108.625,25.0,49.68,22.0,565.6,4096.0,220.0,29.8,126.0,1132.3,19.08,76.0,1575.0,8.0,56.0,90,8485.4,15708.2,54.0,1190.2,0.0,4352.0,0.0
2026-09-04T12:25:41.164,1085.013,1,10854,10,9.99,20.04,50.193,51.561,51.806,2.042,2.309,2.391,52.699,53.817,54.252,99.507,100.932,100.991,23.917,24.018,24.034,49.902,51.279,51.51,109.504,118.682,126.76,16.0,49.85,13.0,565.6,4096.0,220.0,29.8,126.0,1132.3,19.04,76.0,1575.0,7.8,55.9,90,8485.3,15708.2,54.0,1190.2,0.0,4352.0,0.0
2026-09-04T12:25:42.163,1086.012,1,10864,10,10.01,19.88,50.547,50.864,50.908,1.492,1.876,2.141,52.483,53.052,53.232,100.285,100.763,100.843,23.911,24.006,24.021,50.293,50.62,50.665,112.331,128.718,143.995,23.0,50.35,20.0,565.6,4096.0,220.0,29.8,126.0,1132.3,18.97,76.0,1575.0,7.7,56.1,90,8479.1,15708.2,54.0,1190.2,0.0,4352.0,0.0
2026-09-04T12:25:43.163,1087.012,1,10874,10,10.0,19.69,51.092,52.873,53.166,1.001,1.448,1.547,52.582,54.404,54.486,99.751,101.098,101.152,23.901,23.952,23.958,50.798,52.582,52.888,106.585,108.954,109.056,29.0,50.79,25.0,565.6,4096.0,220.0,29.8,126.0,1132.3,19.21,76.0,1575.0,7.7,56.0,90,8471.4,15708.2,53.9,1190.2,0.0,4352.0,0.0
2026-09-04T12:25:44.163,1088.012,1,10884,10,10.0,19.11,52.589,58.467,61.708,0.857,0.957,0.988,53.919,59.993,63.255,99.828,101.357,101.409,23.958,24.102,24.125,52.326,58.189,61.403,107.161,109.154,109.242,21.0,52.33,18.0,565.6,4096.0,220.0,29.8,126.0,1132.3,19.05,76.0,1575.0,15.4,57.0,90,8473.4,15708.2,53.9,1190.2,0.0,4352.0,0.0
2026-09-04T12:25:45.163,1089.012,1,10894,10,10.0,19.54,51.468,53.255,53.557,0.802,1.089,1.194,52.746,54.855,55.351,99.585,100.691,100.782,23.915,23.984,23.993,51.175,52.909,53.207,110.016,128.33,140.985,13.0,51.18,11.0,565.6,4096.0,220.0,29.8,126.0,1132.3,18.95,76.0,1575.0,12.2,57.0,90,8484.7,15708.2,54.0,1190.2,0.0,4352.0,0.0
2026-09-04T12:25:46.164,1090.013,1,10904,10,9.99,19.59,51.341,52.946,52.999,0.844,1.002,1.063,52.659,54.244,54.255,100.438,103.081,104.568,23.941,24.114,24.229,51.059,52.66,52.701,107.322,109.022,109.26,23.0,51.01,20.0,565.6,4096.0,220.0,29.8,126.0,1132.3,18.86,76.0,1575.0,9.4,56.0,90,8479.8,15708.2,54.0,1190.2,0.0,4352.0,0.0
2026-09-04T12:25:47.163,1091.012,1,10914,10,10.01,20.14,49.92,50.556,50.576,0.718,0.798,0.832,51.057,51.648,51.667,99.494,101.165,101.238,23.889,23.935,23.945,49.657,50.282,50.286,107.241,108.936,109.076,23.0,49.71,20.0,565.6,4096.0,220.0,29.8,126.0,1132.3,19.16,76.0,1575.0,7.4,54.0,90,8474.6,15708.2,54.0,1190.2,0.0,4352.0,0.0
2026-09-04T12:25:48.163,1092.012,1,10924,10,10.0,20.16,49.872,50.908,51.087,0.792,1.043,1.25,51.103,52.331,52.331,100.18,101.119,101.369,23.905,23.971,23.986,49.599,50.612,50.819,110.531,127.48,142.699,25.0,49.6,22.0,565.6,4096.0,220.0,29.8,126.0,1132.3,19.11,76.0,1575.0,13.7,54.0,90,8644.2,15708.2,55.0,1190.2,0.0,4352.0,0.0
2026-09-04T12:25:49.163,1093.012,1,10934,10,10.0,20.01,50.224,55.252,59.093,0.774,0.955,1.087,51.399,56.553,60.24,99.847,101.058,101.23,24.055,24.847,24.922,49.974,54.952,58.848,108.154,110.572,111.991,16.0,49.98,14.0,565.6,4096.0,220.0,29.8,126.0,1132.3,18.87,76.0,1575.0,15.3,55.0,90,8682.1,15708.2,55.3,1190.2,0.0,4352.0,0.0
2026-09-04T12:25:50.163,1094.012,1,10944,10,10.0,19.86,50.621,54.05,54.677,0.839,1.269,1.637,51.893,55.234,56.022,100.181,100.91,100.95,23.916,24.022,24.027,50.364,53.778,54.391,106.2,108.833,108.886,20.0,50.36,17.0,565.6,4096.0,220.0,29.8,126.0,1132.3,18.95,76.0,1575.0,17.4,55.0,90,8723.9,15708.2,55.5,1190.2,0.0,4352.0,0.0
2026-09-04T12:25:51.164,1095.013,1,10954,10,9.99,19.75,50.872,52.897,53.637,0.771,0.946,1.055,52.076,54.097,54.801,100.54,102.033,102.891,23.935,24.035,24.039,50.621,52.655,53.385,109.003,127.012,143.04,28.0,50.57,24.0,565.6,4096.0,220.0,29.8,126.0,1132.3,18.98,76.0,1575.0,21.7,54.0,90,8739.4,15708.2,55.6,1190.2,0.0,4352.0,0.0
2026-09-04T12:25:52.163,1096.012,1,10964,10,10.01,19.78,50.833,51.804,51.904,0.942,1.182,1.191,52.18,53.279,53.477,99.796,100.794,100.862,23.927,24.058,24.107,50.561,51.554,51.653,106.158,108.213,108.755,28.0,50.61,25.0,565.6,4096.0,220.0,29.8,126.0,1132.3,19.15,76.0,1575.0,10.1,55.1,90,8734.6,15708.2,55.6,1190.2,0.0,4352.0,0.0
2026-09-04T12:25:53.163,1097.012,1,10974,10,10.0,20.42,49.21,51.261,51.822,0.772,0.862,0.873,50.413,52.462,53.019,100.26,100.963,101.109,23.917,24.03,24.067,48.96,51.011,51.591,106.841,107.42,107.556,20.0,48.96,17.0,565.6,4096.0,220.0,29.8,126.0,1132.3,19.0,76.0,1575.0,18.2,54.0,90,9023.8,15708.2,57.4,1190.2,0.0,4352.0,0.0
2026-09-04T12:25:54.163,1098.012,1,10984,10,10.0,19.43,51.727,53.788,53.856,0.804,0.982,1.009,52.935,55.024,55.187,99.462,102.335,102.823,23.979,24.117,24.15,51.467,53.519,53.565,108.259,126.065,141.204,25.0,51.47,22.0,565.6,4096.0,220.0,29.8,126.0,1132.3,19.04,76.0,1575.0,18.4,56.0,90,8914.4,15708.2,56.8,1190.2,0.0,4352.0,0.0
2026-09-04T12:25:55.163,1099.012,1,10994,10,10.0,20.19,49.805,50.889,51.066,1.097,1.743,1.948,51.345,52.255,52.369,99.793,102.103,102.981,23.909,24.051,24.124,49.533,50.61,50.819,105.834,109.82,111.05,19.0,49.53,16.0,565.6,4096.0,220.0,29.8,126.0,1132.3,19.09,76.0,1575.0,9.1,55.0,90,8930.9,15708.2,56.9,1190.2,0.0,4352.0,0.0
2026-09-04T12:25:56.165,1100.013,1,11004,10,9.99,20.28,49.585,50.364,50.396,1.247,1.688,1.823,51.246,52.135,52.269,99.604,101.91,102.385,23.88,23.921,23.937,49.305,50.076,50.144,106.21,109.569,110.61,23.0,49.23,20.0,565.6,4096.0,220.0,29.8,126.0,1132.3,19.09,76.0,1575.0,8.7,54.9,90,9102.4,15708.2,57.9,1190.4,0.0,4352.0,0.0
2026-09-04T12:25:57.163,1101.012,1,11014,10,10.02,20.17,49.848,51.278,51.339,1.32,1.604,1.642,51.619,53.188,53.256,100.117,101.639,101.718,23.912,24.07,24.13,49.58,51.021,51.09,107.07,109.567,109.761,24.0,49.66,21.0,565.6,4096.0,220.0,29.8,126.0,1132.3,19.02,76.0,1575.0,8.5,54.1,90,8986.8,15708.2,57.2,1190.2,0.0,4352.0,0.0
2026-09-04T12:25:58.163,1102.012,1,11024,10,10.0,20.2,49.782,50.652,51.188,1.358,1.875,1.919,51.624,52.869,53.421,99.467,101.599,101.634,23.956,24.241,24.446,49.494,50.362,50.898,106.608,110.744,111.008,28.0,49.49,24.0,565.6,4096.0,220.0,29.8,126.0,1132.3,19.27,76.0,1575.0,8.1,56.0,90,8927.5,15708.2,56.8,1194.1,0.0,4352.0,0.0
2026-09-04T12:25:59.163,1103.012,1,11034,10,10.0,19.98,50.306,51.625,52.372,1.177,1.434,1.518,51.933,53.073,53.847,100.315,103.241,104.441,23.878,23.932,23.94,50.04,51.362,52.127,108.163,111.82,113.826,23.0,50.04,20.0,565.6,4096.0,220.0,29.8,126.0,1132.3,18.93,76.0,1575.0,7.7,55.0,90,8908.6,15708.2,56.7,1191.7,0.0,4352.0,0.0
2026-09-04T12:26:00.163,1104.012,1,11044,10,10.0,19.78,50.865,52.567,53.125,0.914,1.156,1.22,52.205,53.838,54.26,100.092,102.655,103.623,23.872,23.957,23.971,50.566,52.163,52.617,111.251,126.02,137.033,19.0,50.57,17.0,565.6,4096.0,220.0,29.8,126.0,1132.3,19.02,76.0,1575.0,8.5,54.0,90,8896.3,15708.2,56.6,1190.2,0.0,4352.0,0.0
2026-09-04T12:26:01.164,1105.013,1,11054,10,9.99,19.99,50.302,51.675,52.133,0.908,1.167,1.23,51.655,52.838,53.159,99.671,101.211,101.657,23.98,24.271,24.41,50.022,51.314,51.913,106.82,109.685,109.965,20.0,49.96,18.0,565.6,4096.0,220.0,29.8,126.0,1132.3,18.99,76.0,1575.0,8.0,54.9,90,8887.4,15708.2,56.6,1195.5,0.0,4352.0,0.0
2026-09-04T12:26:02.163,1106.012,1,11064,10,10.01,19.83,50.724,52.44,53.112,0.796,1.09,1.175,51.98,53.673,54.306,100.146,101.819,102.132,23.898,24.032,24.072,50.439,52.033,52.751,107.83,111.457,112.539,20.0,50.5,18.0,565.6,4096.0,220.0,29.8,126.0,1132.3,18.96,76.0,1575.0,8.2,55.1,90,8842.1,15708.2,56.3,1191.5,0.0,4352.0,0.0
2026-09-04T12:26:03.163,1107.012,1,11074,10,10.0,20.11,49.989,50.865,51.028,0.699,0.742,0.76,51.133,52.051,52.06,99.682,101.309,101.819,23.9,24.045,24.152,49.736,50.616,50.785,106.608,109.789,110.096,26.0,49.74,23.0,565.6,4096.0,220.0,29.8,126.0,1132.3,19.08,76.0,1575.0,8.1,54.0,90,8841.2,15708.2,56.3,1192.6,0.0,4352.0,0.0
2026-09-04T12:26:04.166,1108.012,1,11085,10,10.0,20.07,50.103,51.232,51.461,0.71,0.775,0.809,51.306,52.428,52.604,99.644,101.298,101.314,23.911,24.115,24.143,49.834,50.972,51.209,107.393,110.156,110.563,20.0,49.84,18.0,565.6,4096.0,220.0,27.7,126.0,1132.3,19.04,76.0,1575.0,7.7,54.8,90,8841.9,15708.2,56.3,1190.2,0.0,4352.0,0.0
2026-09-04T12:26:05.163,1109.012,1,11094,10,10.0,20.16,49.909,51.109,51.615,0.737,0.928,1.029,51.063,52.196,52.704,100.508,101.841,101.947,23.899,24.048,24.121,49.611,50.848,51.355,106.862,109.232,109.712,25.0,49.61,21.0,565.6,4096.0,220.0,29.8,126.0,1132.3,19.04,76.0,1575.0,8.4,54.2,90,8838.4,15708.2,56.3,1195.7,0.0,4352.0,0.0
2026-09-04T12:26:06.164,1110.013,1,11104,10,9.99,19.77,50.849,52.603,53.216,0.855,1.122,1.124,52.116,53.957,54.426,99.429,101.329,101.726,23.906,23.951,23.952,50.583,52.328,52.953,106.288,109.652,109.921,22.0,50.53,19.0,565.6,4096.0,220.0,29.8,126.0,1132.3,19.01,76.0,1575.0,12.7,55.9,90,8827.6,15708.2,56.2,1196.0,0.0,4352.0,0.0
2026-09-04T12:26:07.163,1111.012,1,11114,10,10.01,19.11,52.585,57.244,58.356,0.841,1.114,1.155,53.882,58.45,59.633,100.076,101.937,102.077,23.912,23.965,23.971,52.322,56.981,58.094,107.164,109.444,109.489,19.0,52.38,17.0,565.6,4096.0,220.0,29.8,126.0,1132.3,18.96,76.0,1575.0,12.5,56.1,90,8802.5,15708.2,56.0,1196.0,0.0,4352.0,0.0
2026-09-04T12:26:08.163,1112.012,1,11125,11,11.0,19.47,51.64,54.688,54.869,0.76,1.018,1.06,52.828,55.971,55.977,99.998,101.887,102.026,23.924,24.049,24.051,51.372,54.416,54.598,106.997,110.126,110.864,28.0,56.52,24.0,565.6,4096.0,220.0,27.7,126.0,1132.3,19.02,76.0,1575.0,10.1,56.0,90,8783.3,15708.2,55.9,1190.2,0.0,4352.0,0.0
2026-09-04T12:26:09.163,1113.012,1,11135,10,10.0,19.78,50.826,54.564,55.528,0.74,1.0,1.009,51.961,55.827,56.664,99.198,101.152,101.82,23.923,24.102,24.129,50.551,54.28,55.255,106.873,109.25,109.862,24.0,50.55,21.0,565.6,4096.0,220.0,27.7,126.0,1132.3,19.29,76.0,1575.0,7.9,55.0,90,8784.9,15708.2,55.9,1190.2,0.0,4352.0,0.0
2026-09-04T12:26:10.163,1114.012,1,11145,10,10.0,19.41,51.795,55.837,56.87,0.734,0.876,0.952,53.021,57.017,58.138,100.406,103.271,104.59,23.905,23.999,24.035,51.512,55.557,56.597,106.045,109.933,110.853,23.0,51.51,20.0,565.6,4096.0,220.0,27.7,126.0,1132.3,19.01,76.0,1575.0,9.0,57.0,90,8967.5,15708.2,57.1,1190.2,0.0,4352.0,0.0
2026-09-04T12:26:11.166,1115.015,1,11155,10,9.97,18.69,53.824,56.428,56.637,0.829,1.253,1.463,55.073,57.845,58.076,100.032,102.918,103.671,23.924,24.021,24.031,53.511,55.958,56.288,107.692,111.102,111.728,20.0,53.35,18.0,565.6,4096.0,220.0,27.7,126.0,1132.3,18.83,76.0,1575.0,8.4,57.8,90,8958.0,15708.2,57.0,1190.2,0.0,4352.0,0.0
2026-09-04T12:26:12.163,1116.012,1,11165,10,10.03,18.89,53.206,56.165,56.641,0.852,1.073,1.081,54.525,57.755,58.194,99.403,101.28,101.418,23.922,24.042,24.085,52.94,55.894,56.365,106.622,109.112,109.833,28.0,53.11,23.0,565.6,4096.0,220.0,27.7,126.0,1132.3,19.12,76.0,1575.0,8.3,58.2,90,8852.8,15708.2,56.4,1190.2,0.0,4352.0,0.0
2026-09-04T12:26:13.163,1117.012,1,11175,10,10.0,19.88,50.582,51.553,51.811,0.76,0.986,0.995,51.846,52.735,52.992,100.097,101.371,101.413,23.956,24.18,24.193,50.302,51.276,51.505,106.996,109.299,109.46,24.0,50.3,20.0,565.6,4096.0,220.0,27.7,126.0,1132.3,19.16,76.0,1575.0,7.9,55.0,90,8807.7,15708.2,56.1,1190.2,0.0,4352.0,0.0
2026-09-04T12:26:14.163,1118.012,1,11185,10,10.0,19.8,50.78,51.777,51.981,0.7,0.751,0.764,51.921,52.85,53.025,99.626,101.512,102.006,23.893,24.015,24.05,50.51,51.529,51.742,107.696,110.993,111.375,24.0,50.52,21.0,565.6,4096.0,220.0,27.7,126.0,1132.3,19.05,76.0,1575.0,7.4,55.0,90,8805.9,15708.2,56.1,1190.2,0.0,4352.0,0.0
2026-09-04T12:26:15.163,1119.012,1,11195,10,10.0,20.03,50.198,51.828,52.022,0.812,1.047,1.058,51.442,52.999,53.162,100.159,101.896,101.908,23.874,23.965,23.986,49.916,51.428,51.502,106.321,109.548,109.986,24.0,49.91,21.0,565.6,4096.0,220.0,27.7,126.0,1132.3,19.02,76.0,1575.0,8.6,54.0,90,8811.6,15708.2,56.1,1190.2,0.0,4352.0,0.0
2026-09-04T12:26:16.164,1120.013,1,11205,10,9.99,19.93,50.43,51.343,51.483,0.776,0.866,0.868,51.658,52.588,52.675,100.051,101.648,101.824,23.833,23.869,23.879,50.165,51.061,51.187,107.132,109.785,110.011,24.0,50.11,21.0,565.6,4096.0,220.0,27.7,126.0,1132.3,18.99,76.0,1575.0,7.3,54.9,90,8809.7,15708.2,56.1,1190.2,0.0,4352.0,0.0
2026-09-04T12:26:17.163,1121.012,1,11215,10,10.01,19.98,50.31,51.403,51.479,0.78,0.936,1.011,51.519,52.728,52.927,99.483,102.042,102.087,23.941,24.148,24.215,50.041,51.119,51.168,107.082,110.434,110.692,24.0,50.1,20.0,565.6,4096.0,220.0,27.7,126.0,1132.3,19.01,76.0,1575.0,8.0,56.1,90,8789.5,15708.2,56.0,1190.2,0.0,4352.0,0.0
2026-09-04T12:26:18.163,1122.012,1,11225,10,10.0,20.05,50.145,51.038,51.168,0.984,1.462,1.501,51.539,52.883,53.075,100.317,101.931,101.967,23.888,23.936,23.937,49.864,50.77,50.897,107.184,110.31,110.605,24.0,49.87,21.0,565.6,4096.0,220.0,27.7,126.0,1132.3,19.02,76.0,1575.0,9.7,54.0,90,8732.5,15708.2,55.6,1190.2,0.0,4352.0,0.0
2026-09-04T12:26:19.163,1123.012,1,11235,10,10.0,19.8,50.773,55.961,58.596,1.119,1.389,1.506,52.323,57.505,60.109,99.501,101.553,101.885,23.923,24.059,24.105,50.493,55.638,58.267,106.711,109.381,110.138,24.0,50.49,21.0,565.6,4096.0,220.0,27.7,126.0,1132.3,19.01,76.0,1575.0,17.8,55.0,90,8782.0,15708.2,55.9,1190.2,0.0,4352.0,0.0
2026-09-04T12:26:20.163,1124.012,1,11245,10,10.0,18.89,53.248,58.232,59.015,0.942,1.557,1.561,54.66,60.37,61.21,100.054,101.552,101.666,23.932,24.073,24.135,52.929,57.863,58.62,107.335,111.0,112.205,24.0,52.94,21.0,565.6,4096.0,220.0,27.7,126.0,1132.3,18.99,76.0,1575.0,22.7,59.0,90,8724.5,15708.2,55.5,1190.2,0.0,4352.0,0.0
2026-09-04T12:26:21.164,1125.013,1,11255,10,9.99,20.19,49.784,51.091,51.15,0.777,0.844,0.85,50.976,52.383,52.45,99.884,101.091,101.353,23.863,23.963,24.017,49.531,50.818,50.889,106.43,108.931,109.057,24.0,49.47,21.0,565.6,4096.0,220.0,27.7,126.0,1132.3,19.01,76.0,1575.0,10.0,53.9,90,8711.0,15708.2,55.5,1190.2,0.0,4352.0,0.0
2026-09-04T12:26:22.163,1126.012,1,11265,10,10.01,19.88,50.568,51.693,51.788,0.794,1.042,1.173,51.785,52.902,53.002,100.051,101.804,101.876,23.892,23.961,23.986,50.3,51.419,51.52,107.791,109.981,110.261,24.0,50.36,21.0,565.6,4096.0,220.0,27.7,126.0,1132.3,19.03,76.0,1575.0,12.0,56.1,90,8750.0,15708.2,55.7,1190.2,0.0,4352.0,0.0
2026-09-04T12:26:23.163,1127.012,1,11275,10,10.0,18.97,53.012,57.412,58.011,0.886,1.067,1.162,54.371,58.892,59.494,99.779,102.494,103.114,23.955,24.089,24.107,52.721,57.086,57.685,107.704,112.199,113.872,24.0,52.71,21.0,565.6,4096.0,220.0,27.7,126.0,1132.3,18.97,76.0,1575.0,17.3,57.0,90,8659.0,15708.2,55.1,1190.2,0.0,4352.0,0.0
2026-09-04T12:26:24.163,1128.012,1,11285,10,10.0,19.62,51.225,52.933,53.203,0.729,0.804,0.812,52.427,54.309,54.736,100.103,101.54,101.63,23.934,23.97,23.971,50.956,52.621,52.841,107.342,109.772,110.062,24.0,50.96,21.0,565.6,4096.0,220.0,27.7,126.0,1132.3,19.01,76.0,1575.0,19.8,55.0,90,8721.4,15708.2,55.5,1190.2,0.0,4352.0,0.0
2026-09-04T12:26:25.163,1129.012,1,11295,10,10.0,19.03,52.821,58.093,61.002,0.88,1.174,1.342,54.196,59.868,63.0,100.063,101.823,102.026,23.968,24.128,24.186,52.544,57.778,60.689,106.895,110.938,111.061,24.0,52.53,20.0,565.6,4096.0,220.0,27.7,126.0,1132.3,19.01,76.0,1575.0,24.1,58.0,90,8814.4,15708.2,56.1,1190.2,0.0,4352.0,0.0
2026-09-04T12:26:26.164,1130.013,1,11305,10,9.99,19.63,51.228,54.054,54.142,0.813,1.077,1.207,52.475,55.294,55.342,99.97,101.862,102.043,23.943,24.054,24.092,50.954,53.787,53.881,107.8,111.432,112.082,24.0,50.89,21.0,565.6,4096.0,220.0,27.7,126.0,1132.3,19.04,76.0,1575.0,17.4,55.9,90,8809.3,15708.2,56.1,1190.2,0.0,4352.0,0.0
2026-09-04T12:26:27.163,1131.012,1,11315,10,10.01,18.84,53.38,55.319,55.337,1.015,1.692,2.099,54.808,57.232,57.486,99.82,101.539,101.607,24.043,24.63,25.057,53.08,55.044,55.056,107.786,110.077,110.175,24.0,53.15,20.0,565.6,4096.0,220.0,27.7,126.0,1132.3,19.05,76.0,1575.0,13.3,58.1,90,8914.7,15708.2,56.8,1190.2,0.0,4352.0,0.0
2026-09-04T12:26:28.163,1132.012,1,11325,10,10.0,19.77,50.847,52.973,53.681,0.828,0.963,1.034,52.108,54.284,55.032,99.383,100.704,100.734,23.914,23.981,24.012,50.582,52.685,53.403,107.704,111.388,111.924,24.0,50.59,21.0,565.6,4096.0,220.0,27.7,126.0,1132.3,19.05,76.0,1575.0,8.8,55.0,90,8900.7,15708.2,56.7,1190.2,0.0,4352.0,0.0
2026-09-04T12:26:29.163,1133.012,1,11335,10,10.0,19.57,51.365,52.929,53.286,0.779,1.129,1.249,52.582,54.113,54.489,100.367,104.028,105.66,23.913,24.029,24.099,51.093,52.664,53.008,107.522,110.133,110.216,24.0,51.09,21.0,565.6,4096.0,220.0,27.7,126.0,1132.3,19.05,76.0,1575.0,7.6,57.0,90,8820.3,15708.2,56.2,1190.2,0.0,4352.0,0.0
2026-09-04T12:26:30.163,1134.012,1,11345,10,10.0,20.19,49.79,51.136,51.268,0.791,0.844,0.856,50.982,52.401,52.509,99.71,101.574,101.671,23.873,23.919,23.923,49.537,50.873,51.005,108.334,110.204,110.243,24.0,49.54,21.0,565.6,4096.0,220.0,27.7,126.0,1132.3,19.05,76.0,1575.0,8.5,55.0,90,8982.6,15708.2,57.2,1190.2,0.0,4352.0,0.0
2026-09-04T12:26:31.164,1135.013,1,11355,10,9.99,19.96,50.355,51.143,51.192,0.962,1.296,1.421,51.72,52.557,52.703,99.823,102.075,102.262,23.925,24.07,24.125,50.088,50.892,50.962,106.329,109.105,109.413,24.0,50.04,21.0,565.6,4096.0,220.0,27.7,126.0,1132.3,19.05,76.0,1575.0,8.5,54.9,90,8982.4,15708.2,57.2,1190.2,0.0,4352.0,0.0
2026-09-04T12:26:32.163,1136.012,1,11365,10,10.01,19.51,51.531,54.584,54.662,0.883,1.173,1.275,52.823,55.775,55.847,99.976,101.659,101.864,23.966,24.091,24.094,51.269,54.302,54.361,106.876,109.459,110.049,24.0,51.32,21.0,565.6,4096.0,220.0,27.7,126.0,1132.3,19.04,76.0,1575.0,8.7,56.1,90,8851.5,15708.2,56.3,1190.2,0.0,4352.0,0.0
2026-09-04T12:26:33.163,1137.012,1,11375,10,10.0,20.1,49.997,51.975,52.812,0.784,0.929,0.963,51.172,53.26,53.989,99.864,101.748,101.82,23.918,24.059,24.17,49.743,51.65,52.471,107.791,112.542,114.612,24.0,49.74,21.0,565.6,4096.0,220.0,27.7,126.0,1132.3,19.04,76.0,1575.0,8.3,55.0,90,8840.9,15708.2,56.3,1190.2,0.0,4352.0,0.0
2026-09-04T12:26:34.163,1138.012,1,11385,10,10.0,20.15,49.894,50.675,50.825,0.769,1.019,1.18,51.088,51.923,52.044,100.297,101.927,102.041,23.894,23.96,23.994,49.64,50.389,50.547,107.599,110.292,110.297,24.0,49.65,20.0,565.6,4096.0,220.0,27.7,126.0,1132.3,19.04,76.0,1575.0,14.6,54.0,90,8980.8,15708.2,57.2,1190.2,0.0,4352.0,0.0
2026-09-04T12:26:35.163,1139.012,1,11395,10,10.0,19.17,52.459,55.071,55.776,0.828,0.909,0.925,53.792,56.464,57.226,99.396,100.797,100.871,23.97,24.083,24.103,52.153,54.788,55.474,105.996,108.284,108.344,24.0,52.15,21.0,565.6,4096.0,220.0,27.7,126.0,1132.3,19.02,76.0,1575.0,16.7,58.0,90,9039.9,15708.2,57.5,1190.2,0.0,4352.0,0.0
2026-09-04T12:26:36.164,1140.013,1,11405,10,9.99,18.73,53.676,55.865,56.386,0.769,0.835,0.849,54.914,57.208,57.737,100.533,103.333,103.995,23.938,24.001,24.008,53.382,55.531,56.02,107.339,110.927,111.233,24.0,53.33,21.0,565.6,4096.0,220.0,27.7,126.0,1132.3,19.02,76.0,1575.0,22.3,57.0,90,9030.0,15708.2,57.5,1190.2,0.0,4352.0,0.0
2026-09-04T12:26:37.163,1141.012,1,11415,10,10.01,19.31,52.062,55.171,56.406,0.781,0.946,1.069,53.305,56.347,57.582,99.463,101.597,101.782,23.965,24.075,24.115,51.786,54.891,56.13,106.489,109.863,109.904,24.0,51.83,21.0,565.6,4096.0,220.0,27.7,126.0,1132.3,19.03,76.0,1575.0,21.1,57.0,90,9042.2,15708.2,57.6,1190.2,0.0,4352.0,0.0
2026-09-04T12:26:38.163,1142.012,1,11425,10,10.0,19.63,51.23,52.356,52.453,0.719,0.771,0.772,52.412,53.561,53.65,99.901,101.894,102.395,23.898,23.942,23.953,50.946,52.09,52.181,106.329,110.293,110.894,24.0,50.95,21.0,565.6,4096.0,220.0,27.7,126.0,1132.3,19.05,76.0,1575.0,14.1,57.0,90,9018.3,15708.2,57.4,1190.2,0.0,4352.0,0.0
2026-09-04T12:26:39.163,1143.012,1,11435,10,10.0,19.31,52.08,53.947,54.799,0.749,0.794,0.8,53.27,55.128,55.957,100.302,101.954,102.159,23.935,23.976,23.977,51.784,53.656,54.529,107.975,115.385,120.32,24.0,51.78,21.0,565.6,4096.0,220.0,27.7,126.0,1132.3,19.04,76.0,1575.0,13.3,57.0,90,9029.8,15708.2,57.5,1190.2,0.0,4352.0,0.0
2026-09-04T12:26:40.163,1144.012,1,11445,10,10.0,18.94,53.072,55.443,55.843,0.818,1.009,1.056,54.338,56.843,57.371,99.494,101.272,101.467,23.978,24.149,24.24,52.787,55.142,55.559,105.856,109.111,109.668,24.0,52.78,20.0,565.6,4096.0,220.0,27.7,126.0,1132.3,19.05,76.0,1575.0,17.5,57.0,90,9017.9,15708.2,57.4,1190.2,0.0,4352.0,0.0
2026-09-04T12:26:41.165,1145.013,1,11455,10,9.98,19.81,50.778,51.503,51.839,0.785,0.957,1.034,51.987,52.713,53.021,99.809,101.503,101.906,23.912,23.959,23.981,50.482,51.234,51.554,104.805,108.836,109.386,24.0,50.4,20.0,565.6,4096.0,220.0,27.7,126.0,1132.3,19.05,76.0,1575.0,13.4,55.9,90,9002.0,15708.2,57.3,1190.2,0.0,4352.0,0.0
2026-09-04T12:26:42.163,1146.012,1,11465,10,10.02,19.71,51.011,52.279,52.835,0.779,0.854,0.866,52.269,53.523,53.957,100.467,102.802,103.166,23.933,24.006,24.016,50.743,52.013,52.582,108.723,120.019,127.068,24.0,50.83,21.0,565.6,4096.0,220.0,27.7,126.0,1132.3,19.04,76.0,1575.0,13.9,55.1,90,8999.2,15708.2,57.3,1190.2,0.0,4352.0,0.0
2026-09-04T12:26:43.163,1147.012,1,11475,10,10.0,20.4,49.317,50.437,50.736,1.446,2.327,2.489,51.264,52.281,52.711,99.928,101.614,101.78,23.95,24.017,24.028,49.01,50.119,50.383,105.078,110.271,110.7,24.0,49.01,21.0,565.6,4096.0,220.0,27.7,126.0,1132.3,19.05,76.0,1575.0,15.7,56.0,90,8987.5,15708.2,57.2,1190.2,0.0,4352.0,0.0
2026-09-04T12:26:44.163,1148.012,1,11485,10,10.0,18.9,53.236,69.612,82.595,2.182,2.476,2.599,55.913,72.405,85.587,99.507,101.761,101.941,24.293,25.817,27.248,52.913,69.311,82.291,105.698,110.76,113.932,24.0,52.91,20.0,565.6,4096.0,220.0,27.7,126.0,1132.3,19.04,76.0,1575.0,21.7,56.0,90,8955.8,15708.2,57.0,1190.2,0.0,4352.0,0.0
2026-09-04T12:26:45.163,1149.012,1,11495,10,10.0,21.85,46.095,53.466,53.704,3.02,4.193,4.459,49.583,56.512,56.731,99.861,101.82,101.987,23.975,24.066,24.081,45.776,53.021,53.245,105.905,113.931,117.54,24.0,45.78,21.0,565.6,4096.0,220.0,27.7,126.0,1132.3,19.04,76.0,1575.0,21.4,52.0,90,8950.6,15708.2,57.0,1190.2,0.0,4352.0,0.0
2026-09-04T12:26:46.164,1150.013,1,11505,10,9.99,23.18,43.453,44.631,44.933,2.773,3.074,3.115,46.741,47.741,47.918,99.787,101.032,101.049,23.959,24.004,24.014,43.142,44.351,44.658,104.018,106.313,107.097,24.0,43.1,21.0,565.6,4096.0,220.0,27.7,126.0,1132.3,19.07,76.0,1575.0,15.7,50.9,90,8963.8,15708.2,57.1,1190.2,0.0,4352.0,0.0
2026-09-04T12:26:47.163,1151.012,1,11515,10,10.01,21.06,47.795,51.425,51.499,2.849,3.937,4.06,51.119,54.395,54.454,99.945,101.284,101.315,23.929,23.968,23.975,47.479,51.136,51.186,104.15,107.545,108.178,24.0,47.53,20.0,565.6,4096.0,220.0,27.7,126.0,1132.3,19.05,76.0,1575.0,16.7,55.1,90,8952.1,15708.2,57.0,1190.2,0.0,4352.0,0.0
2026-09-04T12:26:48.163,1152.012,1,11525,10,10.0,22.16,45.477,49.646,50.327,2.794,3.624,3.865,48.74,52.664,53.155,100.397,101.752,101.846,23.996,24.112,24.115,45.118,49.151,49.768,107.134,116.747,122.94,24.0,45.11,21.0,565.6,4096.0,220.0,27.7,126.0,1132.3,19.04,76.0,1575.0,23.7,52.0,90,9070.0,15708.2,57.7,1190.2,0.0,4352.0,0.0
2026-09-04T12:26:49.163,1153.012,1,11535,10,10.0,20.95,48.065,53.559,54.417,2.866,3.8,4.094,51.431,56.718,57.596,99.705,101.823,102.421,23.982,24.111,24.143,47.735,53.202,54.021,105.033,108.671,108.781,24.0,47.74,21.0,565.6,4096.0,220.0,27.7,126.0,1132.3,19.03,76.0,1575.0,29.3,54.0,90,9128.9,15708.2,58.1,1190.2,0.0,4352.0,0.0
2026-09-04T12:26:50.163,1154.012,1,11545,10,10.0,22.71,44.35,46.098,46.477,2.691,3.43,3.543,47.506,49.12,49.206,100.027,100.971,101.118,24.001,24.178,24.251,44.039,45.73,46.081,103.827,105.618,106.404,24.0,44.04,21.0,565.6,4096.0,220.0,27.7,126.0,1132.3,19.04,76.0,1575.0,26.9,50.0,90,9112.0,15708.2,58.0,1190.2,0.0,4352.0,0.0
2026-09-04T12:26:51.165,1155.014,1,11555,10,9.98,22.84,44.099,47.103,47.422,3.025,3.616,3.794,47.618,50.789,50.957,100.479,101.018,101.09,24.006,24.239,24.241,43.791,46.801,47.147,105.862,113.284,119.919,24.0,43.72,21.0,565.6,4096.0,220.0,27.7,126.0,1132.3,19.04,76.0,1575.0,25.5,51.9,90,9127.5,15708.2,58.1,1190.2,0.0,4352.0,0.0
2026-09-04T12:26:52.163,1156.012,1,11565,10,10.02,23.47,42.941,43.758,43.919,3.85,5.243,6.251,47.323,48.323,48.573,99.307,100.5,100.653,23.975,24.224,24.409,42.599,43.445,43.577,106.139,114.334,119.664,24.0,42.68,21.0,565.6,4096.0,220.0,27.7,126.0,1132.3,19.05,76.0,1575.0,19.2,52.1,90,9071.1,15708.2,57.7,1190.2,0.0,4352.0,0.0
2026-09-04T12:26:53.163,1157.012,1,11575,10,10.0,23.72,42.478,45.757,46.007,3.364,4.123,4.609,46.305,50.128,51.095,100.04,102.154,102.332,23.938,24.05,24.091,42.157,45.462,45.706,104.69,107.95,108.583,24.0,42.16,21.0,565.6,4096.0,220.0,27.7,126.0,1132.3,19.05,76.0,1575.0,28.5,48.0,90,9190.1,15708.2,58.5,1190.2,0.0,4352.0,0.0
2026-09-04T12:26:54.163,1158.012,1,11585,10,10.0,23.76,42.414,45.031,45.302,3.376,4.222,4.336,46.265,48.264,48.328,100.049,103.267,104.539,23.941,24.028,24.037,42.085,44.661,44.974,105.97,116.139,122.982,24.0,42.08,20.0,565.6,4096.0,220.0,27.7,126.0,1132.3,19.06,76.0,1575.0,22.2,51.0,90,8782.3,15708.2,55.9,1190.2,0.0,4352.0,0.0
2026-09-04T12:26:55.163,1159.012,1,11595,10,10.0,23.52,42.819,45.935,46.976,3.004,3.917,4.035,46.305,49.167,50.365,100.072,101.645,101.955,23.96,24.042,24.073,42.524,45.632,46.64,104.701,107.631,108.902,23.0,42.53,20.0,565.6,4096.0,220.0,27.7,126.0,1132.3,19.06,76.0,1575.0,17.1,49.0,90,8805.8,15708.2,56.1,1190.2,0.0,4352.0,0.0
2026-09-04T12:26:56.164,1160.013,1,11605,10,9.99,23.05,43.725,44.408,44.553,3.115,3.638,3.674,47.409,48.284,48.645,99.909,102.408,102.931,23.969,24.061,24.092,43.393,44.081,44.232,105.805,109.311,109.72,23.0,43.33,20.0,565.6,4096.0,220.0,27.7,126.0,1132.3,19.06,76.0,1575.0,15.8,51.9,90,8805.8,15708.2,56.1,1190.2,0.0,4352.0,0.0
2026-09-04T12:26:57.163,1161.012,1,11615,10,10.01,22.27,45.21,49.12,51.752,3.367,4.848,4.937,49.068,53.725,57.211,99.536,100.997,101.244,23.968,24.069,24.102,44.908,48.782,51.4,114.371,153.199,175.091,23.0,44.97,20.0,565.6,4096.0,220.0,27.7,126.0,1132.3,19.07,76.0,1575.0,20.9,52.1,90,8828.5,15708.2,56.2,1190.2,0.0,4352.0,0.0
2026-09-04T12:26:58.163,1162.012,1,11625,10,10.0,22.73,44.374,45.35,45.863,2.946,3.317,3.471,47.799,49.11,49.76,100.041,101.068,101.177,23.951,23.996,23.998,43.992,44.659,44.834,107.895,124.766,137.931,23.0,43.99,20.0,565.6,4096.0,220.0,27.7,126.0,1132.3,19.08,76.0,1575.0,15.8,52.0,90,8828.9,15708.2,56.2,1190.2,0.0,4352.0,0.0
2026-09-04T12:26:59.163,1163.012,1,11635,10,10.0,23.65,42.619,46.699,48.6,3.198,3.841,3.975,46.308,50.123,52.076,100.028,100.782,100.84,23.952,24.022,24.028,42.289,46.344,48.262,104.702,107.74,107.821,23.0,42.29,20.0,565.6,4096.0,220.0,27.7,126.0,1132.3,19.09,76.0,1575.0,16.1,49.0,90,8827.7,15708.2,56.2,1190.3,0.0,4352.0,0.0
2026-09-04T12:27:00.163,1164.012,1,11645,10,10.0,23.84,42.249,43.331,43.361,2.569,2.894,2.913,45.239,46.201,46.267,99.477,101.63,101.798,23.948,24.015,24.032,41.951,43.035,43.044,107.405,119.017,126.243,23.0,41.95,20.0,565.6,4096.0,220.0,27.7,126.0,1132.3,19.07,76.0,1575.0,13.9,49.0,90,8826.8,15708.2,56.2,1190.9,0.0,4352.0,0.0
2026-09-04T12:27:01.165,1165.014,1,11655,10,9.98,23.72,42.47,44.015,44.454,3.213,4.019,4.302,46.118,47.573,47.587,100.335,101.973,102.007,23.977,24.13,24.172,42.154,43.694,44.157,103.833,105.114,105.213,23.0,42.05,20.0,565.6,4096.0,220.0,27.7,126.0,1132.3,19.07,76.0,1575.0,14.6,49.9,90,8830.9,15708.2,56.2,1190.2,0.0,4352.0,0.0
2026-09-04T12:27:02.163,1166.012,1,11665,10,10.02,23.53,42.851,46.105,48.176,3.092,3.699,3.761,46.419,50.257,52.366,99.766,100.796,100.954,23.986,24.126,24.21,42.498,45.575,47.558,103.585,105.031,105.387,23.0,42.6,20.0,565.6,4096.0,220.0,27.7,126.0,1132.3,19.07,76.0,1575.0,16.5,49.1,90,8827.7,15708.2,56.2,1191.1,0.0,4352.0,0.0
2026-09-04T12:27:03.163,1167.012,1,11675,10,10.0,23.68,42.563,46.738,50.072,3.098,3.607,3.84,46.137,50.707,54.407,99.521,101.293,101.591,23.975,24.058,24.112,42.232,46.376,49.681,106.952,121.728,133.361,23.0,42.23,21.0,565.6,4096.0,220.0,37.7,126.0,1132.3,19.07,76.0,1575.0,20.4,51.0,90,8824.7,15708.2,56.2,1192.0,0.0,4352.0,0.0
2026-09-04T12:27:04.163,1168.012,1,11685,10,10.0,23.29,43.259,44.963,46.063,2.911,3.216,3.224,46.633,48.516,49.716,100.538,102.048,102.105,24.182,25.137,26.019,42.945,44.64,45.719,104.626,108.388,110.225,23.0,42.95,20.0,565.6,4096.0,220.0,27.7,126.0,1132.3,19.07,76.0,1575.0,15.7,48.0,90,8811.2,15708.2,56.1,1190.2,0.0,4352.0,0.0
2026-09-04T12:27:05.163,1169.012,1,11695,10,10.0,22.8,44.199,45.81,45.858,2.965,3.559,3.631,47.663,49.544,49.928,99.992,100.912,100.994,24.056,24.245,24.256,43.869,45.415,45.48,114.358,154.477,177.187,23.0,43.87,20.0,565.6,4096.0,220.0,27.7,126.0,1132.3,19.05,76.0,1575.0,16.9,51.0,90,8790.1,15708.2,56.0,1190.2,0.0,4352.0,0.0
2026-09-04T12:27:06.167,1170.015,1,11705,10,9.96,21.83,46.123,51.525,52.012,2.736,3.231,3.355,49.327,54.613,55.24,99.566,100.948,101.032,23.985,24.124,24.17,45.808,51.175,51.651,106.573,120.211,131.166,23.0,45.64,21.0,565.6,4096.0,220.0,77.7,126.0,1132.3,19.06,76.0,1575.0,17.0,53.8,90,8795.5,15708.2,56.0,1192.9,0.0,4352.0,0.0
2026-09-04T12:27:07.163,1171.012,1,11715,10,10.03,22.25,45.267,50.709,53.469,2.798,3.426,3.692,48.468,54.191,57.528,99.965,102.051,102.434,24.223,25.401,26.485,44.944,50.376,53.144,104.248,107.925,108.183,23.0,45.1,20.0,565.6,4096.0,220.0,27.7,126.0,1132.3,19.06,76.0,1575.0,20.4,51.2,90,8813.4,15708.2,56.1,1191.1,0.0,4352.0,0.0
2026-09-04T12:27:08.163,1172.012,1,11725,10,10.0,23.35,43.143,45.003,45.618,3.169,3.59,3.664,46.783,48.391,48.603,100.162,102.532,102.899,24.006,24.174,24.237,42.826,44.703,45.303,103.813,106.13,106.783,23.0,42.84,20.0,565.6,4096.0,220.0,27.7,126.0,1132.3,19.08,76.0,1575.0,15.7,50.0,90,8812.3,15708.2,56.1,1191.4,0.0,4352.0,0.0
2026-09-04T12:27:09.163,1173.012,1,11735,10,10.0,23.71,42.473,44.544,45.776,3.278,3.69,3.737,46.143,48.273,49.314,99.438,103.589,104.943,23.971,24.006,24.012,42.17,44.252,45.488,109.205,126.126,137.32,23.0,42.17,20.0,565.6,4096.0,220.0,38.0,126.0,1132.3,19.07,76.0,1575.0,15.9,50.0,90,8804.2,15708.2,56.0,1192.0,0.0,4352.0,0.0
2026-09-04T12:27:10.163,1174.012,1,11745,10,10.0,23.31,43.214,46.186,46.52,3.659,4.693,5.0,47.284,50.67,51.134,100.568,102.071,102.105,24.325,26.02,27.679,42.909,45.881,46.229,105.892,115.186,122.298,23.0,42.91,20.0,565.6,4096.0,220.0,27.7,126.0,1132.3,19.07,76.0,1575.0,16.2,50.0,90,8795.3,15708.2,56.0,1192.0,0.0,4352.0,0.0
2026-09-04T12:27:11.164,1175.013,1,11755,10,9.99,20.61,48.841,52.003,52.403,3.777,4.662,4.837,53.095,55.887,56.036,99.819,103.005,104.254,23.99,24.108,24.146,48.527,51.697,52.132,107.727,119.324,119.378,23.0,48.46,21.0,565.6,4096.0,220.0,27.7,126.0,1132.3,19.07,76.0,1575.0,21.4,56.9,90,8784.6,15708.2,55.9,1194.6,0.0,4352.0,0.0
2026-09-04T12:27:12.163,1176.012,1,11765,10,10.01,20.02,50.268,54.581,55.344,3.548,4.374,4.646,54.235,58.698,59.433,99.978,102.632,102.688,23.99,24.173,24.239,49.955,54.251,55.039,108.029,127.075,142.473,23.0,50.02,20.0,565.6,4096.0,220.0,27.9,126.0,1132.3,19.08,76.0,1575.0,16.5,57.1,90,8769.8,15708.2,55.8,1192.0,0.0,4352.0,0.0
2026-09-04T12:27:13.163,1177.012,1,11775,10,10.0,23.21,43.398,46.674,47.387,2.521,3.041,3.349,46.345,50.046,51.152,99.575,102.845,103.106,23.977,24.053,24.082,43.088,46.352,47.044,106.894,112.892,115.063,24.0,43.09,20.0,565.6,4096.0,220.0,27.7,126.0,1132.3,19.07,76.0,1575.0,16.0,49.0,90,8758.3,15708.2,55.8,1192.0,0.0,4352.0,0.0
2026-09-04T12:27:14.163,1178.012,1,11785,10,10.0,22.62,44.531,46.593,47.86,2.235,2.959,3.123,47.217,49.712,50.575,99.961,101.544,101.676,23.954,24.054,24.072,44.202,46.223,47.521,106.085,108.763,108.887,24.0,44.2,20.0,565.6,4096.0,220.0,27.9,126.0,1132.3,19.08,76.0,1575.0,16.4,50.0,90,8749.6,15708.2,55.7,1192.9,0.0,4352.0,0.0
2026-09-04T12:27:15.163,1179.012,1,11795,10,10.0,22.37,45.03,49.139,51.724,2.551,2.991,3.083,47.996,52.195,54.972,100.151,102.9,103.648,24.06,24.432,24.761,44.7,48.813,51.446,109.84,126.327,139.577,24.0,44.7,20.0,565.6,4096.0,220.0,27.7,126.0,1132.3,19.07,76.0,1575.0,21.1,51.0,90,8728.1,15708.2,55.6,1192.9,0.0,4352.0,0.0
2026-09-04T12:27:16.164,1180.013,1,11805,10,9.99,21.76,46.29,53.32,54.661,2.602,3.415,3.526,49.321,56.591,57.483,100.009,102.731,103.67,23.967,24.098,24.123,45.953,52.969,54.296,108.2,112.525,115.475,23.0,45.91,21.0,565.6,4096.0,220.0,27.7,126.0,1132.3,19.08,76.0,1575.0,16.2,53.0,90,8725.8,15708.2,55.5,1193.3,0.0,4352.0,0.0
2026-09-04T12:27:17.163,1181.012,1,11815,10,10.01,20.13,49.99,51.698,51.986,2.831,3.622,4.198,53.283,54.865,55.098,99.116,101.544,101.768,23.942,24.005,24.03,49.672,51.405,51.69,106.121,109.531,109.891,23.0,49.72,20.0,565.6,4096.0,220.0,52.5,126.0,1132.3,19.07,76.0,1575.0,17.0,57.0,90,8723.7,15708.2,55.5,1190.3,0.0,4352.0,0.0
2026-09-04T12:27:18.163,1182.012,1,11825,10,10.0,19.71,51.073,54.354,54.981,2.879,3.101,3.137,54.422,57.65,58.271,100.065,101.543,101.919,23.948,24.065,24.124,50.744,54.014,54.617,109.809,131.026,142.422,23.0,50.75,20.0,565.6,4096.0,220.0,27.7,126.0,1132.3,19.06,76.0,1575.0,16.7,56.0,90,8667.2,15708.2,55.2,1193.7,0.0,4352.0,0.0
2026-09-04T12:27:19.163,1183.012,1,11835,10,10.0,19.37,51.92,56.827,58.614,2.348,3.07,3.473,54.748,60.272,62.607,100.355,101.577,101.877,23.951,24.087,24.092,51.614,56.474,58.232,107.367,112.08,114.08,23.0,51.61,20.0,565.6,4096.0,220.0,37.7,126.0,1132.3,19.06,76.0,1575.0,24.7,59.0,90,8649.7,15708.2,55.1,1190.3,0.0,4352.0,0.0
2026-09-04T12:27:20.163,1184.012,1,11845,10,10.0,19.25,52.259,58.01,58.079,2.674,3.795,4.088,55.434,61.706,62.578,99.503,101.416,101.59,24.129,24.733,25.243,51.944,57.661,57.757,107.029,119.089,125.408,23.0,51.95,20.0,565.6,4096.0,220.0,29.8,126.0,1132.3,19.05,76.0,1575.0,26.8,60.0,90,8681.6,15708.2,55.3,1190.3,0.0,4352.0,0.0
2026-09-04T12:27:21.165,1185.013,1,11855,10,9.98,22.53,44.682,49.28,49.609,2.739,3.018,3.025,47.893,52.442,52.905,100.156,104.058,104.769,23.967,24.041,24.051,44.392,48.993,49.313,110.679,132.852,149.288,23.0,44.32,21.0,565.6,4096.0,220.0,59.7,126.0,1132.3,19.05,76.0,1575.0,23.2,49.9,90,8724.1,15708.2,55.5,1192.9,0.0,4352.0,0.0
2026-09-04T12:27:22.163,1186.012,1,11865,10,10.02,23.25,43.32,43.935,43.956,2.93,3.858,4.22,46.714,47.848,48.048,99.551,101.604,101.663,23.961,24.052,24.063,43.007,43.637,43.691,106.322,110.781,111.107,23.0,43.08,20.0,565.6,4096.0,220.0,29.8,126.0,1132.3,19.07,76.0,1575.0,22.9,50.1,90,8614.5,15708.2,54.8,1192.9,0.0,4352.0,0.0
2026-09-04T12:27:23.163,1187.012,1,11875,10,10.0,22.63,44.515,46.548,46.658,3.028,4.487,5.01,48.034,51.248,51.496,99.726,101.033,101.092,23.929,24.019,24.049,44.187,46.201,46.292,104.501,108.418,110.204,23.0,44.18,20.0,565.6,4096.0,220.0,29.8,126.0,1132.3,19.09,76.0,1575.0,21.4,51.0,90,8567.5,15708.2,54.5,1192.9,0.0,4352.0,0.0
2026-09-04T12:27:24.163,1188.012,1,11885,10,10.0,23.36,43.104,45.256,45.965,2.435,3.392,3.934,46.001,48.923,50.366,100.536,101.69,102.159,23.983,24.084,24.099,42.802,44.94,45.653,123.665,181.267,205.851,47.0,42.81,41.0,565.6,4096.0,220.0,29.8,126.0,1132.3,19.08,76.0,1575.0,21.9,49.0,90,8593.5,15708.2,54.7,1192.0,0.0,4352.0,0.0
2026-09-04T12:27:25.163,1189.012,1,11895,10,10.0,23.7,42.525,44.767,45.584,2.228,2.439,2.457,45.227,47.664,48.455,99.841,101.185,101.309,23.956,24.021,24.029,42.196,44.422,45.199,104.034,106.754,106.916,23.0,42.2,20.0,565.6,4096.0,220.0,29.8,126.0,1132.3,19.56,76.0,1575.0,22.1,49.0,90,8631.5,15708.2,54.9,1192.0,0.0,4352.0,0.0
2026-09-04T12:27:26.164,1190.013,1,11905,10,9.99,24.06,41.865,43.088,43.242,2.756,3.398,3.418,45.092,46.187,46.354,99.764,102.069,102.866,23.948,24.049,24.093,41.561,42.775,42.96,105.289,111.817,114.045,23.0,41.51,20.0,565.6,4096.0,220.0,29.8,126.0,1132.3,19.08,76.0,1575.0,22.3,49.0,90,8525.1,15708.2,54.3,1192.0,0.0,4352.0,0.0
2026-09-04T12:27:27.163,1191.012,1,11915,10,10.01,22.66,44.478,47.609,48.149,4.072,6.266,6.766,49.06,52.997,53.067,100.008,101.784,102.218,24.015,24.155,24.158,44.13,47.253,47.812,107.764,123.882,138.159,23.0,44.18,20.0,565.6,4096.0,220.0,29.8,126.0,1132.3,19.1,76.0,1575.0,26.6,52.1,90,8557.6,15708.2,54.5,1192.0,0.0,4352.0,0.0
2026-09-04T12:27:28.163,1192.012,1,11925,10,10.0,23.56,42.793,44.509,44.689,3.452,4.15,4.375,46.724,48.254,48.262,99.976,101.567,101.801,23.98,24.147,24.24,42.453,44.186,44.337,105.653,110.394,112.526,23.0,42.45,20.0,565.6,4096.0,220.0,29.8,126.0,1132.3,19.1,76.0,1575.0,21.1,50.0,90,8579.1,15708.2,54.6,1192.9,0.0,4352.0,0.0
2026-09-04T12:27:29.163,1193.012,1,11935,10,10.0,22.44,44.885,47.391,49.012,3.344,3.628,3.639,48.743,51.227,52.999,99.81,101.848,101.856,23.946,24.018,24.062,44.56,47.003,48.6,107.742,112.426,113.403,23.0,44.56,20.0,565.6,4096.0,220.0,29.8,126.0,1132.3,19.09,76.0,1575.0,23.7,52.0,90,8613.7,15708.2,54.8,1192.9,0.0,4352.0,0.0
2026-09-04T12:27:30.163,1194.012,1,11945,10,10.0,22.75,44.303,46.334,46.489,4.226,5.687,5.728,49.006,51.833,52.207,99.755,101.43,101.459,24.026,24.122,24.168,43.964,45.969,46.124,110.26,126.424,139.536,23.0,43.97,20.0,565.6,4096.0,220.0,29.8,126.0,1132.3,19.11,76.0,1575.0,23.4,53.0,90,8619.7,15708.2,54.9,1192.9,0.0,4352.0,0.0
2026-09-04T12:27:31.164,1195.013,1,11955,10,9.99,22.59,44.587,47.016,47.17,3.56,4.367,4.724,48.64,50.829,50.852,100.119,101.719,101.863,23.985,24.053,24.072,44.268,46.681,46.863,111.348,129.233,143.541,23.0,44.22,20.0,565.6,4096.0,220.0,29.8,126.0,1132.3,19.13,76.0,1575.0,20.6,50.9,90,8588.2,15708.2,54.7,1192.9,0.0,4352.0,0.0
2026-09-04T12:27:32.163,1196.012,1,11965,10,10.01,23.11,43.607,44.489,44.508,3.289,4.028,4.07,47.366,48.022,48.268,99.955,100.622,100.714,23.936,24.034,24.067,43.277,44.123,44.152,108.224,110.713,110.777,23.0,43.32,20.0,565.6,4096.0,220.0,29.8,126.0,1132.3,19.13,76.0,1575.0,15.7,51.1,90,8574.0,15708.2,54.6,1192.9,0.0,4352.0,0.0
2026-09-04T12:27:33.163,1197.012,1,11975,10,10.0,21.43,46.951,49.938,49.964,3.079,3.24,3.243,50.498,53.398,53.632,99.614,101.181,101.191,24.018,24.238,24.395,46.653,49.621,49.653,107.248,110.076,110.121,23.0,46.65,20.0,565.6,4096.0,220.0,29.8,126.0,1132.3,19.14,76.0,1575.0,14.9,53.0,90,8572.9,15708.2,54.6,1190.3,0.0,4352.0,0.0
2026-09-04T12:27:34.163,1198.012,1,11985,10,10.0,20.13,49.955,51.643,52.299,2.941,3.814,4.487,53.337,55.105,55.759,100.228,101.735,101.75,23.94,24.076,24.164,49.667,51.329,51.993,108.191,109.893,110.297,23.0,49.67,20.0,565.6,4096.0,220.0,29.8,126.0,1132.3,19.14,76.0,1575.0,15.7,57.0,90,8594.0,15708.2,54.7,1190.3,0.0,4352.0,0.0
2026-09-04T12:27:35.163,1199.012,1,11995,10,10.0,20.71,48.59,52.046,52.278,2.568,3.441,4.193,51.573,55.866,56.394,99.733,101.406,101.672,23.937,24.003,24.006,48.297,51.721,51.952,115.069,147.662,169.82,23.0,48.3,20.0,565.6,4096.0,220.0,29.8,126.0,1132.3,19.13,76.0,1575.0,12.0,55.0,90,8434.2,15708.2,53.7,1190.3,0.0,4352.0,0.0
2026-09-04T12:27:36.164,1200.013,1,12005,10,9.99,22.9,43.963,47.681,47.837,2.483,2.654,2.684,46.885,50.407,50.512,99.884,101.541,101.627,23.876,23.958,23.995,43.67,47.409,47.558,108.818,112.07,113.057,23.0,43.62,20.0,565.6,4096.0,220.0,29.8,126.0,1132.3,19.13,76.0,1575.0,8.1,50.9,90,8344.5,15708.2,53.1,1192.9,0.0,4352.0,0.0
2026-09-04T12:27:37.163,1201.012,1,12015,10,10.01,23.44,42.971,44.22,44.839,2.534,2.855,2.904,45.939,47.231,47.739,100.094,101.701,101.788,23.99,24.337,24.594,42.66,43.923,44.547,107.539,112.251,112.311,23.0,42.7,20.0,565.6,4096.0,220.0,29.8,126.0,1132.3,19.14,76.0,1575.0,7.5,48.1,90,8302.3,15708.2,52.9,1192.9,0.0,4352.0,0.0
2026-09-04T12:27:38.163,1202.012,1,12025,10,10.0,23.7,42.489,43.275,43.523,2.654,2.956,3.053,45.607,46.421,46.597,99.676,101.759,102.235,23.927,23.992,23.992,42.202,42.987,43.233,108.004,113.557,116.371,23.0,42.2,20.0,565.6,4096.0,220.0,29.8,126.0,1132.3,19.12,76.0,1575.0,9.2,50.0,90,8316.8,15708.2,52.9,1192.9,0.0,4352.0,0.0
2026-09-04T12:27:39.163,1203.012,1,12035,10,10.0,23.07,43.65,46.015,47.519,2.798,3.089,3.104,46.908,49.339,50.643,100.172,102.197,102.305,23.935,24.0,24.016,43.353,45.701,47.191,107.153,109.797,110.907,23.0,43.35,20.0,565.6,4096.0,220.0,29.8,126.0,1132.3,19.11,76.0,1575.0,11.7,50.0,90,8333.4,15708.2,53.1,1192.9,0.0,4352.0,0.0
2026-09-04T12:27:40.163,1204.012,1,12045,10,10.0,24.01,41.957,44.441,45.975,3.055,3.292,3.307,45.487,47.968,49.449,99.543,101.866,101.948,23.942,24.053,24.06,41.646,44.153,45.673,105.87,110.145,110.773,23.0,41.65,20.0,565.6,4096.0,220.0,29.8,126.0,1132.3,19.11,76.0,1575.0,10.5,49.0,90,8334.4,15708.2,53.1,1195.8,0.0,4352.0,0.0
2026-09-04T12:27:41.164,1205.013,1,12055,10,9.99,23.5,42.856,43.82,44.253,2.824,3.052,3.076,46.139,46.884,47.088,100.469,103.223,103.691,23.917,23.977,23.991,42.558,43.553,43.988,108.654,113.687,116.499,23.0,42.51,20.0,565.6,4096.0,220.0,29.8,126.0,1132.3,19.13,76.0,1575.0,9.4,48.9,90,8322.7,15708.2,53.0,1192.9,0.0,4352.0,0.0
2026-09-04T12:27:42.163,1206.012,1,12065,10,10.01,22.45,44.835,48.837,49.295,3.012,4.23,4.349,48.285,52.026,52.5,100.538,101.276,101.354,24.133,25.067,25.937,44.539,48.546,49.0,106.518,107.643,108.092,23.0,44.59,21.0,565.6,4096.0,220.0,29.8,126.0,1132.3,19.12,76.0,1575.0,8.5,50.1,90,8319.8,15708.2,53.0,1190.3,0.0,4352.0,0.0
2026-09-04T12:27:43.163,1207.012,1,12075,10,10.0,21.08,47.731,48.778,49.152,2.812,3.044,3.05,50.981,52.099,52.373,99.773,100.641,100.711,23.92,24.01,24.02,47.436,48.475,48.867,106.906,114.495,117.843,23.0,47.44,21.0,565.6,4096.0,220.0,27.7,126.0,1132.3,19.1,76.0,1575.0,8.3,52.0,90,8323.8,15708.2,53.0,1190.3,0.0,4352.0,0.0
2026-09-04T12:27:44.165,1208.013,1,12086,11,10.99,23.9,42.139,43.038,43.265,2.807,3.049,3.061,45.378,46.391,46.742,99.036,101.79,102.384,23.893,23.951,23.988,41.839,42.727,42.896,117.27,147.335,148.579,23.0,45.96,20.0,565.6,4096.0,220.0,27.7,126.0,1132.3,19.1,76.0,1575.0,9.4,52.9,90,8346.5,15708.2,53.1,1190.3,0.0,4352.0,0.0
2026-09-04T12:27:45.167,1209.015,1,12096,10,9.98,24.5,41.118,41.662,41.668,2.771,3.235,3.358,44.328,44.896,44.978,100.024,101.618,101.796,23.877,23.967,23.983,40.82,41.34,41.354,107.09,110.23,110.363,23.0,40.74,20.0,565.6,4096.0,220.0,27.7,126.0,1132.3,19.1,76.0,1575.0,7.7,46.9,90,8336.3,15708.2,53.1,1190.3,0.0,4352.0,0.0
2026-09-04T12:27:46.165,1210.014,1,12105,9,9.01,24.56,40.977,41.903,42.329,2.299,2.578,2.602,43.636,44.867,45.329,100.155,102.983,104.175,23.912,23.971,23.981,40.712,41.623,42.023,176.964,322.469,345.239,33.0,36.7,28.0,565.6,4096.0,220.0,27.7,126.0,1132.3,19.08,77.0,1717.0,8.1,47.1,90,8348.8,15708.2,53.1,1196.1,0.0,4352.0,0.0
2026-09-04T12:27:47.165,1211.013,1,12116,11,11.0,24.7,40.789,43.085,45.07,1.972,2.261,2.271,43.21,45.508,47.309,99.631,101.246,101.257,23.073,23.111,23.117,40.481,42.78,44.802,109.703,127.029,144.34,23.0,44.54,21.0,565.6,4096.0,220.0,27.7,126.0,1132.3,21.79,76.0,1717.0,7.1,47.0,90,8323.9,15708.2,53.0,1190.3,0.0,4352.0,0.0
2026-09-04T12:27:48.163,1212.012,1,12126,10,10.01,24.7,40.767,41.8,41.963,1.877,2.676,2.896,43.091,43.648,43.68,99.841,101.789,101.79,23.334,23.985,24.001,40.485,41.51,41.728,107.225,109.441,109.523,23.0,40.53,20.0,565.6,4096.0,220.0,27.7,126.0,1132.3,21.28,77.0,1575.0,14.5,46.1,90,8460.3,15708.2,53.9,1190.3,0.0,4352.0,0.0
2026-09-04T12:27:49.165,1213.012,1,12136,9,9.0,24.56,40.994,42.644,42.667,1.299,1.825,1.958,42.701,44.441,44.65,100.551,103.184,104.069,23.918,23.968,23.979,40.714,42.363,42.366,109.932,115.43,117.666,23.0,36.65,20.0,565.6,4096.0,220.0,27.7,126.0,1132.3,19.09,76.0,1575.0,14.6,44.9,90,8528.4,15708.2,54.3,1190.3,0.0,4352.0,0.0
2026-09-04T12:27:50.163,1214.012,1,12146,11,11.0,24.38,41.29,45.63,45.979,1.601,2.114,2.228,43.328,48.237,48.539,99.607,101.658,101.672,23.906,24.033,24.061,41.014,45.319,45.648,110.671,129.168,147.956,23.0,45.12,20.0,565.6,4096.0,220.0,27.7,126.0,1132.3,19.1,76.0,1575.0,16.5,48.1,90,8531.8,15708.2,54.3,1190.3,0.0,4352.0,0.0
2026-09-04T12:27:51.164,1215.013,1,12156,10,9.99,24.87,40.497,42.232,42.822,1.46,1.701,1.744,42.387,44.152,44.635,99.902,101.156,101.575,23.909,23.993,24.002,40.206,41.919,42.499,107.032,109.739,110.063,23.0,40.16,20.0,565.6,4096.0,220.0,27.7,126.0,1132.3,19.11,76.0,1575.0,16.8,44.9,90,8513.0,15708.2,54.2,1190.3,0.0,4352.0,0.0
2026-09-04T12:27:52.163,1216.012,1,12166,10,10.01,24.61,40.92,41.49,41.609,1.05,1.374,1.38,42.395,43.259,43.35,99.804,101.824,102.1,23.911,23.983,23.985,40.641,41.201,41.327,106.672,109.98,110.245,23.0,40.69,20.0,565.6,4096.0,220.0,27.7,126.0,1132.3,19.1,76.0,1575.0,8.4,45.1,90,8516.4,15708.2,54.2,1190.3,0.0,4352.0,0.0
2026-09-04T12:27:53.163,1217.012,1,12176,10,10.0,25.05,40.187,42.124,42.402,1.59,1.994,2.051,42.212,44.322,44.858,100.129,101.123,101.365,23.913,23.942,23.944,39.918,41.804,42.121,108.552,127.907,145.676,23.0,39.92,21.0,565.6,4096.0,220.0,27.7,126.0,1132.3,19.09,76.0,1575.0,21.4,46.0,90,8815.7,15708.2,56.1,1190.3,0.0,4352.0,0.0
2026-09-04T12:27:54.163,1218.012,1,12186,10,10.0,25.1,40.095,41.314,41.748,1.502,1.901,1.979,42.016,43.612,44.332,99.95,103.708,105.915,23.896,23.995,24.029,39.837,41.013,41.436,106.776,108.859,109.226,23.0,39.84,21.0,565.6,4096.0,220.0,27.7,126.0,1132.3,19.09,76.0,1575.0,11.5,45.0,90,8692.6,15708.2,55.3,1190.3,0.0,4352.0,0.0
2026-09-04T12:27:55.163,1219.012,1,12196,10,10.0,24.81,40.588,41.036,41.098,1.919,2.236,2.38,42.914,43.707,43.841,100.099,101.584,101.662,23.92,23.98,23.996,40.299,40.714,40.767,107.504,112.053,114.354,23.0,40.3,20.0,565.6,4096.0,220.0,27.7,126.0,1132.3,19.09,76.0,1575.0,8.4,46.0,90,8677.7,15708.2,55.2,1190.3,0.0,4352.0,0.0
2026-09-04T12:27:56.164,1220.013,1,12206,10,9.99,24.82,40.587,41.524,41.764,2.201,2.418,2.438,43.23,44.265,44.458,99.566,101.661,101.933,23.898,23.936,23.948,40.293,41.183,41.405,110.841,130.135,146.155,23.0,40.26,20.0,565.6,4096.0,220.0,27.7,126.0,1132.3,19.08,76.0,1575.0,8.1,47.0,90,8670.0,15708.2,55.2,1190.3,0.0,4352.0,0.0
2026-09-04T12:27:57.163,1221.012,1,12216,10,10.01,24.32,41.398,42.43,42.434,2.064,2.197,2.215,43.889,45.034,45.054,99.936,103.242,104.644,23.905,23.969,23.985,41.118,42.143,42.163,109.528,114.153,114.554,23.0,41.16,20.0,565.6,4096.0,220.0,27.7,126.0,1132.3,19.08,76.0,1575.0,8.3,46.0,90,8639.2,15708.2,55.0,1190.3,0.0,4352.0,0.0
2026-09-04T12:27:58.163,1222.012,1,12226,10,10.0,23.53,42.787,43.612,43.955,1.526,1.847,1.851,44.761,45.541,46.003,100.036,101.485,101.79,23.916,23.977,24.007,42.506,43.321,43.627,104.385,106.722,106.792,23.0,42.5,20.0,565.6,4096.0,220.0,27.7,126.0,1132.3,19.07,76.0,1575.0,9.3,48.0,90,8622.1,15708.2,54.9,1190.3,0.0,4352.0,0.0
2026-09-04T12:27:59.163,1223.012,1,12236,10,10.0,23.53,42.812,43.9,43.921,1.225,1.537,1.601,44.474,45.771,45.953,99.703,101.508,101.515,23.906,23.996,24.007,42.504,43.59,43.632,108.559,125.791,139.789,23.0,42.5,20.0,565.6,4096.0,220.0,27.7,126.0,1132.3,19.07,76.0,1575.0,9.7,48.0,90,8615.0,15708.2,54.8,1190.3,0.0,4352.0,0.0
2026-09-04T12:28:00.163,1224.012,1,12246,10,10.0,23.13,43.515,46.897,49.516,1.112,1.489,1.573,45.101,48.796,51.714,100.238,102.142,102.349,23.93,24.063,24.111,43.236,46.602,49.179,104.571,107.081,107.304,23.0,43.24,20.0,565.6,4096.0,220.0,27.7,126.0,1132.3,19.05,76.0,1575.0,14.0,48.0,90,8585.2,15708.2,54.7,1190.3,0.0,4352.0,0.0
2026-09-04T12:28:01.164,1225.013,1,12256,10,9.99,23.85,42.217,42.65,42.705,1.277,1.691,1.925,43.919,44.709,45.034,99.379,101.321,101.763,23.908,23.957,23.974,41.933,42.338,42.383,105.476,108.228,109.337,23.0,41.89,20.0,565.6,4096.0,220.0,27.7,126.0,1132.3,19.06,76.0,1575.0,8.3,47.9,90,8548.3,15708.2,54.4,1190.3,0.0,4352.0,0.0
2026-09-04T12:28:02.163,1226.012,1,12266,10,10.01,23.72,42.439,42.95,43.126,2.046,2.348,2.422,44.935,45.448,45.57,99.572,101.613,101.903,23.897,23.934,23.94,42.158,42.634,42.805,109.769,126.936,140.638,25.0,42.2,22.0,565.6,4096.0,220.0,27.7,126.0,1132.3,19.06,76.0,1575.0,7.4,48.0,90,8539.9,15708.2,54.4,1190.3,0.0,4352.0,0.0
2026-09-04T12:28:03.163,1227.012,1,12275,9,9.0,23.73,42.424,43.133,43.35,2.012,2.341,2.388,44.886,45.668,45.769,100.737,103.274,103.889,23.918,23.985,24.021,42.141,42.808,43.015,108.173,112.27,113.25,23.0,37.93,20.0,565.6,4096.0,220.0,27.7,126.0,1132.3,19.05,76.0,1575.0,7.9,44.0,90,8512.9,15708.2,54.2,1190.3,0.0,4352.0,0.0
2026-09-04T12:28:04.163,1228.012,1,12286,11,11.0,24.02,41.891,42.696,43.032,2.214,2.401,2.465,44.495,45.337,45.659,99.407,101.419,101.434,23.344,23.888,23.901,41.624,42.423,42.741,145.582,266.886,294.425,23.0,45.79,21.0,565.6,4096.0,220.0,27.7,126.0,1132.3,20.48,77.0,1717.0,7.1,52.0,90,8498.7,15708.2,54.1,1190.3,0.0,4352.0,0.0
2026-09-04T12:28:05.163,1229.012,1,12296,10,10.0,23.9,42.114,44.946,46.903,2.075,2.395,2.446,44.644,47.529,49.279,99.845,101.643,101.744,23.047,23.087,23.101,41.833,44.67,46.63,111.291,130.687,145.992,23.0,41.83,21.0,565.6,4096.0,220.0,27.7,126.0,1132.3,21.72,77.0,1717.0,8.5,48.0,90,8485.3,15708.2,54.0,1190.3,0.0,4352.0,0.0
2026-09-04T12:28:06.167,1230.016,1,12306,10,9.96,20.8,48.357,50.102,50.553,1.623,1.976,2.005,50.432,52.209,52.537,101.223,103.113,103.693,23.822,24.004,24.02,48.079,49.822,50.281,108.844,111.295,112.154,23.0,47.9,20.0,565.6,4096.0,220.0,27.7,126.0,1132.3,19.79,76.0,1575.0,11.1,53.8,90,8509.9,15708.2,54.2,1190.3,0.0,4352.0,0.0
2026-09-04T12:28:07.163,1231.012,1,12316,10,10.04,20.26,49.643,51.553,52.119,1.793,2.072,2.094,51.908,54.057,54.651,99.253,101.458,101.506,23.932,23.972,23.976,49.354,51.25,51.835,106.256,109.798,110.054,23.0,49.54,20.0,565.6,4096.0,220.0,27.7,126.0,1132.3,19.05,76.0,1575.0,15.1,56.2,90,8527.0,15708.2,54.3,1190.3,0.0,4352.0,0.0
2026-09-04T12:28:08.163,1232.012,1,12326,10,10.0,20.01,50.259,52.368,52.608,1.554,1.836,1.836,52.224,54.549,54.701,99.777,101.092,101.314,23.901,23.941,23.947,49.986,52.086,52.307,110.909,125.945,138.661,23.0,49.99,20.0,565.6,4096.0,220.0,27.7,126.0,1132.3,19.04,76.0,1575.0,13.8,55.0,90,8500.4,15708.2,54.1,1190.3,0.0,4352.0,0.0
2026-09-04T12:28:09.163,1233.012,1,12336,10,10.0,20.31,49.497,50.666,50.941,1.181,1.292,1.35,51.089,52.294,52.498,99.999,101.538,101.561,23.871,23.92,23.921,49.234,50.391,50.641,109.657,115.44,118.251,23.0,49.23,20.0,565.6,4096.0,220.0,27.7,126.0,1132.3,19.05,76.0,1575.0,12.0,54.0,90,8484.3,15708.2,54.0,1190.3,0.0,4352.0,0.0
2026-09-04T12:28:10.163,1234.012,1,12346,10,10.0,19.43,51.769,54.557,54.686,1.04,1.419,1.546,53.254,56.272,56.428,99.573,101.814,102.294,23.886,23.927,23.928,51.476,54.188,54.356,107.354,111.231,112.954,23.0,51.47,20.0,565.6,4096.0,220.0,27.7,126.0,1132.3,19.05,76.0,1575.0,7.8,57.0,90,8489.3,15708.2,54.0,1190.3,0.0,4352.0,0.0
2026-09-04T12:28:11.164,1235.013,1,12356,10,9.99,18.76,53.572,54.313,54.392,1.647,1.76,1.785,55.663,56.516,56.63,100.508,102.022,102.027,23.886,23.931,23.942,53.298,54.028,54.11,110.559,126.166,138.515,23.0,53.24,20.0,565.6,4096.0,220.0,27.7,126.0,1132.3,19.03,76.0,1575.0,8.5,58.9,90,8490.1,15708.2,54.0,1190.3,0.0,4352.0,0.0
2026-09-04T12:28:12.163,1236.012,1,12366,10,10.01,19.69,51.078,54.825,55.014,1.491,1.823,1.989,53.018,56.866,57.027,99.417,102.23,102.335,23.902,23.986,24.019,50.791,54.55,54.765,106.191,109.091,109.806,23.0,50.85,21.0,565.6,4096.0,220.0,27.7,126.0,1132.3,19.03,76.0,1575.0,7.7,57.1,90,8484.2,15708.2,54.0,1190.3,0.0,4352.0,0.0
2026-09-04T12:28:13.163,1237.012,1,12376,10,10.0,20.97,47.967,49.199,49.803,1.444,1.837,1.879,49.868,51.221,51.472,99.812,101.365,101.441,23.902,24.016,24.07,47.68,48.92,49.566,107.262,108.78,108.947,23.0,47.68,20.0,565.6,4096.0,220.0,27.7,126.0,1132.3,19.04,76.0,1575.0,8.5,53.0,90,8478.0,15708.2,54.0,1190.3,0.0,4352.0,0.0
2026-09-04T12:28:14.163,1238.012,1,12386,10,10.0,20.82,48.315,49.074,49.157,1.009,1.325,1.359,49.771,50.851,50.937,99.726,101.54,101.933,23.907,23.946,23.948,48.028,48.804,48.891,111.145,127.725,141.217,23.0,48.03,21.0,565.6,4096.0,220.0,27.7,126.0,1132.3,19.03,76.0,1575.0,7.2,53.0,90,8471.8,15708.2,53.9,1190.3,0.0,4352.0,0.0
2026-09-04T12:28:15.163,1239.012,1,12396,10,10.0,20.23,49.736,52.775,53.787,1.328,1.979,2.067,51.511,54.869,55.57,100.157,101.366,101.681,23.968,24.041,24.05,49.439,52.48,53.52,107.708,110.689,111.234,24.0,49.44,21.0,565.6,4096.0,220.0,27.7,126.0,1132.3,19.01,76.0,1575.0,11.6,55.0,90,8503.5,15708.2,54.1,1190.3,0.0,4352.0,0.0
2026-09-04T12:28:16.164,1240.013,1,12406,10,9.99,20.03,50.233,51.558,51.844,2.028,2.854,3.02,52.755,53.931,54.105,99.918,103.694,104.313,24.148,24.703,25.13,49.915,51.21,51.473,107.435,111.162,111.266,23.0,49.87,20.0,565.6,4096.0,220.0,27.7,126.0,1132.3,19.02,76.0,1575.0,12.9,55.9,90,8509.8,15708.2,54.2,1190.3,0.0,4352.0,0.0
2026-09-04T12:28:17.163,1241.012,1,12416,10,10.01,20.06,50.176,52.211,52.219,2.213,2.571,2.717,52.906,54.956,55.103,100.082,101.834,102.03,23.999,24.207,24.259,49.857,51.855,51.87,111.921,129.523,144.105,23.0,49.91,20.0,565.6,4096.0,220.0,27.7,126.0,1132.3,19.03,76.0,1575.0,11.7,56.1,90,8500.7,15708.2,54.1,1190.3,0.0,4352.0,0.0
2026-09-04T12:28:18.163,1242.012,1,12426,10,10.0,20.31,49.522,50.943,51.064,2.137,2.569,2.747,52.148,53.845,54.005,99.774,101.372,101.434,23.968,24.076,24.088,49.234,50.684,50.812,107.801,110.355,110.532,23.0,49.23,20.0,565.6,4096.0,220.0,27.7,126.0,1132.3,19.03,76.0,1575.0,10.6,55.0,90,8427.1,15708.2,53.6,1190.3,0.0,4352.0,0.0
2026-09-04T12:28:19.163,1243.012,1,12436,10,10.0,20.67,48.651,50.54,50.553,1.859,2.106,2.16,50.955,52.737,52.787,99.697,101.349,101.585,23.956,24.16,24.218,48.368,50.259,50.284,106.756,109.39,109.552,27.0,48.37,24.0,565.6,4096.0,220.0,27.7,126.0,1132.3,19.06,76.0,1575.0,13.0,55.0,90,8455.1,15708.2,53.8,1190.3,0.0,4352.0,0.0
2026-09-04T12:28:20.163,1244.012,1,12446,10,10.0,20.58,48.874,52.189,54.033,1.547,1.814,1.897,50.865,54.448,56.538,99.834,102.055,102.246,23.931,24.021,24.049,48.587,51.848,53.666,110.363,128.886,143.647,18.0,48.58,14.0,565.6,4096.0,220.0,27.7,126.0,1132.3,19.02,76.0,1575.0,16.1,54.0,90,8482.3,15708.2,54.0,1190.3,0.0,4352.0,0.0
2026-09-04T12:28:21.164,1245.013,1,12456,10,9.99,20.94,48.028,50.555,52.327,1.626,1.779,1.802,50.13,52.752,54.543,100.46,101.89,102.202,23.919,24.063,24.183,47.748,50.21,51.94,106.321,110.269,111.932,22.0,47.7,19.0,565.6,4096.0,220.0,27.7,126.0,1132.3,18.98,76.0,1575.0,10.8,53.9,90,8367.0,15708.2,53.3,1190.3,0.0,4352.0,0.0
2026-09-04T12:28:22.163,1246.012,1,12466,10,10.01,20.48,49.097,51.947,52.295,1.631,1.898,2.084,51.16,53.983,54.29,99.509,102.754,104.42,23.948,24.086,24.141,48.822,51.687,52.03,105.068,108.514,108.572,23.0,48.88,20.0,565.6,4096.0,220.0,27.7,126.0,1132.3,19.03,76.0,1575.0,12.0,54.1,90,8351.4,15708.2,53.2,1190.3,0.0,4352.0,0.0
2026-09-04T12:28:23.163,1247.012,1,12476,10,10.0,21.1,47.64,48.688,48.791,1.116,1.618,1.67,49.173,50.105,50.21,100.171,101.896,101.96,23.895,24.006,24.028,47.383,48.407,48.501,110.368,127.46,141.629,23.0,47.38,20.0,565.6,4096.0,220.0,27.7,126.0,1132.3,19.03,76.0,1575.0,10.2,52.0,90,8328.3,15708.2,53.0,1190.3,0.0,4352.0,0.0
2026-09-04T12:28:24.163,1248.012,1,12486,10,10.0,21.04,47.792,48.68,48.71,0.964,1.034,1.044,49.187,50.074,50.131,99.943,101.943,101.948,23.885,23.972,23.996,47.518,48.396,48.43,107.045,110.135,110.293,24.0,47.52,21.0,565.6,4096.0,220.0,27.7,126.0,1132.3,19.04,76.0,1575.0,10.6,54.0,90,8354.3,15708.2,53.2,1190.3,0.0,4352.0,0.0
2026-09-04T12:28:25.163,1249.012,1,12496,10,10.0,20.74,48.509,51.088,51.748,1.028,1.249,1.392,49.984,52.614,53.291,100.076,101.769,102.021,23.938,24.064,24.132,48.213,50.801,51.483,107.792,109.916,109.972,23.0,48.21,20.0,565.6,4096.0,220.0,27.7,126.0,1132.3,19.05,76.0,1575.0,13.0,53.0,90,8370.3,15708.2,53.3,1190.3,0.0,4352.0,0.0
2026-09-04T12:28:26.164,1250.013,1,12506,10,9.99,20.15,49.904,53.123,53.852,1.009,1.251,1.44,51.342,54.55,55.323,99.899,101.568,101.796,23.914,24.007,24.034,49.618,52.796,53.534,111.064,129.531,145.223,22.0,49.57,19.0,565.6,4096.0,220.0,27.7,126.0,1132.3,19.05,76.0,1575.0,11.3,53.9,90,8368.1,15708.2,53.3,1190.3,0.0,4352.0,0.0
2026-09-04T12:28:27.163,1251.012,1,12516,10,10.01,21.02,47.854,48.716,48.847,0.982,1.054,1.062,49.255,50.173,50.254,99.897,101.685,101.763,23.898,23.957,23.961,47.564,48.434,48.579,108.096,110.544,111.212,23.0,47.61,20.0,565.6,4096.0,220.0,27.7,126.0,1132.3,19.04,76.0,1575.0,9.3,53.1,90,8367.5,15708.2,53.3,1190.3,0.0,4352.0,0.0
2026-09-04T12:28:28.163,1252.012,1,12526,10,10.0,21.19,47.481,47.969,48.047,1.282,1.832,1.89,49.167,49.956,50.148,99.661,100.602,100.624,23.896,23.933,23.937,47.198,47.67,47.751,108.985,112.509,114.442,22.0,47.2,19.0,565.6,4096.0,220.0,27.7,126.0,1132.3,19.04,76.0,1575.0,8.2,53.0,90,8354.9,15708.2,53.2,1190.3,0.0,4352.0,0.0
2026-09-04T12:28:29.163,1253.012,1,12536,10,10.0,21.05,47.764,48.69,48.739,1.583,1.719,1.736,49.752,50.822,50.908,100.423,101.784,101.991,23.928,23.984,23.995,47.497,48.396,48.443,111.371,129.093,144.391,26.0,47.49,23.0,565.6,4096.0,220.0,27.7,126.0,1132.3,19.04,76.0,1575.0,11.4,53.0,90,8381.2,15708.2,53.4,1190.3,0.0,4352.0,0.0
2026-09-04T12:28:30.163,1254.012,1,12546,10,10.0,21.23,47.369,48.32,48.511,1.449,1.683,1.702,49.243,49.965,50.164,99.905,101.385,101.614,23.921,23.995,24.032,47.105,48.054,48.211,107.598,110.503,110.541,21.0,47.1,17.0,565.6,4096.0,220.0,27.7,126.0,1132.3,19.04,76.0,1575.0,12.0,52.0,90,8361.8,15708.2,53.2,1190.3,0.0,4352.0,0.0
2026-09-04T12:28:31.164,1255.013,1,12556,10,9.99,21.12,47.617,47.902,47.933,1.369,1.845,1.916,49.436,50.196,50.313,99.879,102.254,102.473,23.929,24.013,24.04,47.353,47.636,47.646,106.525,110.429,110.673,25.0,47.31,22.0,565.6,4096.0,220.0,27.7,126.0,1132.3,19.04,76.0,1575.0,10.9,54.0,90,8359.1,15708.2,53.2,1190.3,0.0,4352.0,0.0
2026-09-04T12:28:32.163,1256.012,1,12566,10,10.01,21.01,47.878,48.843,48.877,1.232,1.524,1.546,49.539,50.686,50.763,99.751,101.621,101.727,23.904,23.986,24.008,47.598,48.558,48.596,110.777,127.122,140.236,19.0,47.64,15.0,565.6,4096.0,220.0,27.7,126.0,1132.3,19.04,76.0,1575.0,7.7,53.0,90,8348.5,15708.2,53.1,1190.3,0.0,4352.0,0.0
2026-09-04T12:28:33.163,1257.012,0,12567,1,1.0,20.86,48.23,48.23,48.23,1.596,1.596,1.596,50.277,50.277,50.277,100.92,100.92,100.92,23.976,23.976,23.976,47.949,47.949,47.949,108.444,108.444,108.444,0.0,4.79,0.0,565.6,4096.0,220.0,27.7,126.0,1132.3,15.17,75.0,1575.0,5.7,6.0,90,8356.9,15708.2,53.2,1190.4,0.0,4352.0,0.0
2026-09-04T12:28:34.163,1258.012,0,12567,0,0.0,,,,,,,,,,,,,,,,,,,,,,,0.0,,0.0,565.6,4096.0,220.0,27.7,126.0,1132.3,14.71,75.0,1575.0,3.4,1.0,90,8302.1,15708.2,52.9,1190.4,0.0,4352.0,0.0
2026-09-04T12:28:35.163,1259.012,0,12567,0,0.0,,,,,,,,,,,,,,,,,,,,,,,0.0,,0.0,565.6,4096.0,220.0,27.7,126.0,1132.3,13.68,75.0,1575.0,4.0,1.0,90,8297.4,15708.2,52.8,1190.4,0.0,4352.0,0.0
2026-09-04T12:28:36.164,1260.013,0,12567,0,0.0,,,,,,,,,,,,,,,,,,,,,,,0.0,,0.0,565.6,4096.0,220.0,27.7,126.0,1132.3,13.67,75.0,1575.0,5.6,1.0,90,8300.2,15708.2,52.8,1190.4,0.0,4352.0,0.0
2026-09-04T12:28:37.163,1261.012,0,12567,0,0.0,,,,,,,,,,,,,,,,,,,,,,,0.0,,0.0,565.6,4096.0,220.0,27.7,126.0,1132.3,13.65,75.0,1575.0,3.6,0.0,90,8295.6,15708.2,52.8,1190.4,0.0,4352.0,0.0
2026-09-04T12:28:38.163,1262.012,0,12567,0,0.0,,,,,,,,,,,,,,,,,,,,,,,0.0,,0.0,565.6,4096.0,220.0,27.7,126.0,1132.3,13.64,75.0,1575.0,3.7,2.0,90,8286.8,15708.2,52.8,1190.4,0.0,4352.0,0.0
2026-09-04T12:28:39.163,1263.012,0,12567,0,0.0,,,,,,,,,,,,,,,,,,,,,,,0.0,,0.0,565.6,4096.0,220.0,27.7,126.0,1132.3,13.63,75.0,1575.0,3.5,0.0,90,8289.3,15708.2,52.8,1190.4,0.0,4352.0,0.0
2026-09-04T12:28:40.163,1264.012,0,12567,0,0.0,,,,,,,,,,,,,,,,,,,,,,,0.0,,0.0,565.6,4096.0,220.0,27.7,126.0,1132.3,13.62,75.0,1575.0,5.0,1.0,90,8267.6,15708.2,52.6,1190.4,0.0,4352.0,0.0
2026-09-04T12:28:41.164,1265.013,0,12567,0,0.0,,,,,,,,,,,,,,,,,,,,,,,0.0,,0.0,565.6,4096.0,220.0,27.7,126.0,1132.3,13.6,74.0,1575.0,5.2,0.0,90,8272.4,15708.2,52.7,1190.4,0.0,4352.0,0.0
2026-09-04T12:28:42.163,1266.012,0,12567,0,0.0,,,,,,,,,,,,,,,,,,,,,,,0.0,,0.0,565.6,4096.0,220.0,27.7,126.0,1132.3,13.59,74.0,1575.0,7.3,2.0,90,8297.5,15708.2,52.8,1190.4,0.0,4352.0,0.0
2026-09-04T12:28:43.163,1267.012,0,12567,0,0.0,,,,,,,,,,,,,,,,,,,,,,,0.0,,0.0,565.6,4096.0,220.0,27.7,126.0,1132.3,13.58,74.0,1575.0,5.8,0.0,90,8304.9,15708.2,52.9,1190.4,0.0,4352.0,0.0
2026-09-04T12:28:44.163,1268.012,0,12567,0,0.0,,,,,,,,,,,,,,,,,,,,,,,0.0,,0.0,565.6,4096.0,220.0,27.7,126.0,1132.3,13.57,74.0,1575.0,3.7,0.0,90,8312.7,15708.2,52.9,1190.4,0.0,4352.0,0.0
2026-09-04T12:28:45.163,1269.012,0,12567,0,0.0,,,,,,,,,,,,,,,,,,,,,,,0.0,,0.0,565.6,4096.0,220.0,27.7,126.0,1132.3,13.56,74.0,1575.0,5.2,1.0,90,8314.7,15708.2,52.9,1190.4,0.0,4352.0,0.0
2026-09-04T12:28:46.164,1270.013,0,12567,0,0.0,,,,,,,,,,,,,,,,,,,,,,,0.0,,0.0,565.6,4096.0,220.0,27.7,126.0,1132.3,13.55,74.0,1575.0,5.9,1.0,90,8326.3,15708.2,53.0,1190.4,0.0,4352.0,0.0
2026-09-04T12:28:47.163,1271.012,0,12567,0,0.0,,,,,,,,,,,,,,,,,,,,,,,0.0,,0.0,565.6,4096.0,220.0,27.7,126.0,1132.3,13.54,74.0,1575.0,8.6,1.0,90,8304.8,15708.2,52.9,1190.4,0.0,4352.0,0.0
2026-09-04T12:28:48.163,1272.012,0,12567,0,0.0,,,,,,,,,,,,,,,,,,,,,,,0.0,,0.0,565.6,4096.0,220.0,27.7,126.0,1132.3,13.53,74.0,1575.0,10.1,0.0,90,8423.0,15708.2,53.6,1190.4,0.0,4352.0,0.0
2026-09-04T12:28:49.163,1273.012,0,12567,0,0.0,,,,,,,,,,,,,,,,,,,,,,,0.0,,0.0,565.6,4096.0,220.0,27.7,126.0,1132.3,13.51,74.0,1575.0,13.4,1.0,90,8491.7,15708.2,54.1,1190.4,0.0,4352.0,0.0
2026-09-04T12:28:50.163,1274.012,0,12567,0,0.0,,,,,,,,,,,,,,,,,,,,,,,0.0,,0.0,565.6,4096.0,220.0,27.7,126.0,1132.3,13.5,73.0,1575.0,18.9,1.0,90,8514.9,15708.2,54.2,1190.4,0.0,4352.0,0.0
2026-09-04T12:28:51.164,1275.013,0,12567,0,0.0,,,,,,,,,,,,,,,,,,,,,,,0.0,,0.0,565.6,4096.0,220.0,27.7,126.0,1132.3,11.68,73.0,255.0,13.2,0.0,90,8599.3,15708.2,54.7,1190.4,0.0,4352.0,0.0
2026-09-04T12:28:52.163,1276.012,0,12567,0,0.0,,,,,,,,,,,,,,,,,,,,,,,0.0,,0.0,565.6,4096.0,220.0,27.7,126.0,1132.3,6.03,72.0,210.0,6.1,1.0,90,8605.1,15708.2,54.8,1190.4,0.0,4352.0,0.0
2026-09-04T12:28:53.163,1277.012,0,12567,0,0.0,,,,,,,,,,,,,,,,,,,,,,,0.0,,0.0,565.6,4096.0,220.0,27.7,126.0,1132.3,5.95,72.0,210.0,10.9,0.0,90,8747.8,15708.2,55.7,1190.4,0.0,4352.0,0.0
2026-09-04T12:28:54.163,1278.012,0,12567,0,0.0,,,,,,,,,,,,,,,,,,,,,,,0.0,,0.0,565.6,4096.0,220.0,27.7,126.0,1132.3,5.86,72.0,210.0,7.1,1.0,90,8577.5,15708.2,54.6,1190.4,0.0,4352.0,0.0
2026-09-04T12:28:55.163,1279.012,0,12567,0,0.0,,,,,,,,,,,,,,,,,,,,,,,0.0,,0.0,565.6,4096.0,220.0,27.7,126.0,1132.3,5.84,72.0,210.0,8.7,0.0,90,8555.6,15708.2,54.5,1190.4,0.0,4352.0,0.0
2026-09-04T12:28:56.164,1280.013,0,12567,0,0.0,,,,,,,,,,,,,,,,,,,,,,,0.0,,0.0,565.6,4096.0,220.0,27.7,126.0,1132.3,5.82,72.0,210.0,4.5,2.0,90,8570.1,15708.2,54.6,1190.4,0.0,4352.0,0.0
2026-09-04T12:28:57.163,1281.012,0,12567,0,0.0,,,,,,,,,,,,,,,,,,,,,,,0.0,,0.0,565.6,4096.0,220.0,27.7,126.0,1132.3,5.81,72.0,210.0,3.0,0.0,90,8566.1,15708.2,54.5,1190.4,0.0,4352.0,0.0
2026-09-04T12:28:58.163,1282.012,0,12567,0,0.0,,,,,,,,,,,,,,,,,,,,,,,0.0,,0.0,565.6,4096.0,220.0,27.7,126.0,1132.3,5.79,72.0,210.0,6.5,1.0,90,8557.6,15708.2,54.5,1190.4,0.0,4352.0,0.0
2026-09-04T12:28:59.163,1283.012,0,12567,0,0.0,,,,,,,,,,,,,,,,,,,,,,,0.0,,0.0,565.6,4096.0,220.0,27.7,126.0,1132.3,5.79,72.0,210.0,5.0,1.0,90,8572.2,15708.2,54.6,1190.4,0.0,4352.0,0.0
2026-09-04T12:29:00.163,1284.012,0,12567,0,0.0,,,,,,,,,,,,,,,,,,,,,,,0.0,,0.0,565.6,4096.0,220.0,27.7,126.0,1132.3,5.78,72.0,210.0,4.2,1.0,90,8569.9,15708.2,54.6,1190.4,0.0,4352.0,0.0
2026-09-04T12:29:01.164,1285.013,0,12567,0,0.0,,,,,,,,,,,,,,,,,,,,,,,0.0,,0.0,565.6,4096.0,220.0,27.7,126.0,1132.3,5.76,71.0,210.0,4.5,0.0,90,8555.2,15708.2,54.5,1190.4,0.0,4352.0,0.0
2026-09-04T12:29:02.163,1286.012,0,12567,0,0.0,,,,,,,,,,,,,,,,,,,,,,,0.0,,0.0,565.6,4096.0,220.0,27.7,126.0,1132.3,5.75,71.0,210.0,5.3,1.0,90,8554.9,15708.2,54.5,1190.4,0.0,4352.0,0.0
2026-09-04T12:29:03.163,1287.012,0,12567,0,0.0,,,,,,,,,,,,,,,,,,,,,,,0.0,,0.0,565.6,4096.0,220.0,27.7,126.0,1132.3,5.77,71.0,210.0,2.8,1.0,90,8544.9,15708.2,54.4,1190.4,0.0,4352.0,0.0
2026-09-04T12:29:04.163,1288.012,0,12567,0,0.0,,,,,,,,,,,,,,,,,,,,,,,0.0,,0.0,565.6,4096.0,220.0,27.7,126.0,1132.3,5.75,71.0,210.0,4.0,0.0,90,8522.4,15708.2,54.3,1190.4,0.0,4352.0,0.0
2026-09-04T12:29:05.163,1289.012,0,12567,0,0.0,,,,,,,,,,,,,,,,,,,,,,,0.0,,0.0,565.6,4096.0,220.0,27.7,126.0,1132.3,5.72,71.0,210.0,4.2,1.0,90,8518.6,15708.2,54.2,1190.4,0.0,4352.0,0.0
2026-09-04T12:29:06.164,1290.013,0,12567,0,0.0,,,,,,,,,,,,,,,,,,,,,,,0.0,,0.0,565.6,4096.0,220.0,27.7,126.0,1132.3,5.72,71.0,210.0,4.2,1.0,90,8501.7,15708.2,54.1,1190.4,0.0,4352.0,0.0
2026-09-04T12:29:07.163,1291.012,0,12567,0,0.0,,,,,,,,,,,,,,,,,,,,,,,0.0,,0.0,565.6,4096.0,220.0,27.7,126.0,1132.3,5.71,71.0,210.0,3.3,1.0,90,8498.7,15708.2,54.1,1190.4,0.0,4352.0,0.0
2026-09-04T12:29:08.163,1292.012,0,12567,0,0.0,,,,,,,,,,,,,,,,,,,,,,,0.0,,0.0,565.6,4096.0,220.0,27.7,126.0,1132.3,5.7,71.0,210.0,3.8,0.0,90,8497.8,15708.2,54.1,1190.4,0.0,4352.0,0.0
2026-09-04T12:29:09.163,1293.012,0,12567,0,0.0,,,,,,,,,,,,,,,,,,,,,,,0.0,,0.0,565.6,4096.0,220.0,27.7,126.0,1132.3,5.68,71.0,210.0,3.1,1.0,90,8493.1,15708.2,54.1,1190.4,0.0,4352.0,0.0
2026-09-04T12:29:10.163,1294.012,0,12567,0,0.0,,,,,,,,,,,,,,,,,,,,,,,0.0,,0.0,565.6,4096.0,220.0,27.7,126.0,1132.3,5.67,71.0,210.0,3.3,0.0,90,8488.1,15708.2,54.0,1190.4,0.0,4352.0,0.0
2026-09-04T12:29:11.164,1295.013,0,12567,0,0.0,,,,,,,,,,,,,,,,,,,,,,,0.0,,0.0,565.6,4096.0,220.0,27.7,126.0,1132.3,5.66,70.0,210.0,4.0,2.0,90,8446.8,15708.2,53.8,1190.4,0.0,4352.0,0.0
2026-09-04T12:29:12.163,1296.012,0,12567,0,0.0,,,,,,,,,,,,,,,,,,,,,,,0.0,,0.0,565.6,4096.0,220.0,27.7,126.0,1132.3,5.65,70.0,210.0,3.2,0.0,90,8442.3,15708.2,53.7,1190.4,0.0,4352.0,0.0
2026-09-04T12:29:13.163,1297.012,0,12567,0,0.0,,,,,,,,,,,,,,,,,,,,,,,0.0,,0.0,565.6,4096.0,220.0,27.7,126.0,1132.3,5.63,70.0,210.0,3.4,1.0,90,8427.7,15708.2,53.7,1190.4,0.0,4352.0,0.0
2026-09-04T12:29:14.163,1298.012,0,12567,0,0.0,,,,,,,,,,,,,,,,,,,,,,,0.0,,0.0,565.6,4096.0,220.0,27.7,126.0,1132.3,5.62,70.0,210.0,3.3,0.0,90,8418.9,15708.2,53.6,1190.4,0.0,4352.0,0.0
2026-09-04T12:29:15.163,1299.012,0,12567,0,0.0,,,,,,,,,,,,,,,,,,,,,,,0.0,,0.0,565.6,4096.0,220.0,27.7,126.0,1132.3,5.61,70.0,210.0,3.8,1.0,90,8430.6,15708.2,53.7,1190.4,0.0,4352.0,0.0
2026-09-04T12:29:16.164,1300.013,0,12567,0,0.0,,,,,,,,,,,,,,,,,,,,,,,0.0,,0.0,565.6,4096.0,220.0,27.7,126.0,1132.3,5.6,70.0,210.0,3.5,2.0,90,8436.7,15708.2,53.7,1190.4,0.0,4352.0,0.0
2026-09-04T12:29:17.163,1301.012,0,12567,0,0.0,,,,,,,,,,,,,,,,,,,,,,,0.0,,0.0,565.6,4096.0,220.0,27.7,126.0,1132.3,5.59,70.0,210.0,4.9,0.0,90,8423.1,15708.2,53.6,1190.4,0.0,4352.0,0.0
2026-09-04T12:29:18.163,1302.012,0,12567,0,0.0,,,,,,,,,,,,,,,,,,,,,,,0.0,,0.0,565.6,4096.0,220.0,27.7,126.0,1132.3,5.62,70.0,210.0,5.8,1.0,90,8352.9,15708.2,53.2,1190.4,0.0,4352.0,0.0
2026-09-04T12:29:19.163,1303.012,0,12567,0,0.0,,,,,,,,,,,,,,,,,,,,,,,0.0,,0.0,565.6,4096.0,220.0,27.7,126.0,1132.3,5.63,70.0,210.0,4.8,0.0,90,8334.2,15708.2,53.1,1190.4,0.0,4352.0,0.0
2026-09-04T12:29:20.163,1304.012,0,12567,0,0.0,,,,,,,,,,,,,,,,,,,,,,,0.0,,0.0,565.6,4096.0,220.0,27.7,126.0,1132.3,5.6,70.0,210.0,4.0,1.0,90,8330.2,15708.2,53.0,1190.4,0.0,4352.0,0.0
2026-09-04T12:29:21.164,1305.013,0,12567,0,0.0,,,,,,,,,,,,,,,,,,,,,,,0.0,,0.0,565.6,4096.0,220.0,27.7,126.0,1132.3,5.58,70.0,210.0,3.7,1.0,90,8315.3,15708.2,52.9,1190.4,0.0,4352.0,0.0
2026-09-04T12:29:22.163,1306.012,0,12567,0,0.0,,,,,,,,,,,,,,,,,,,,,,,0.0,,0.0,565.6,4096.0,220.0,27.7,126.0,1132.3,5.57,70.0,210.0,5.7,1.0,90,8256.4,15708.2,52.6,1190.4,0.0,4352.0,0.0
2026-09-04T12:29:23.163,1307.012,0,12567,0,0.0,,,,,,,,,,,,,,,,,,,,,,,0.0,,0.0,565.6,4096.0,220.0,27.7,126.0,1132.3,5.56,69.0,210.0,3.4,0.0,90,8254.7,15708.2,52.6,1190.4,0.0,4352.0,0.0
2026-09-04T12:29:24.163,1308.012,0,12567,0,0.0,,,,,,,,,,,,,,,,,,,,,,,0.0,,0.0,565.6,4096.0,220.0,27.7,126.0,1132.3,5.55,69.0,210.0,5.2,0.0,90,8271.9,15708.2,52.7,1190.4,0.0,4352.0,0.0
2026-09-04T12:29:25.163,1309.012,0,12567,0,0.0,,,,,,,,,,,,,,,,,,,,,,,0.0,,0.0,565.6,4096.0,220.0,27.7,126.0,1132.3,5.54,69.0,210.0,15.2,1.0,90,8308.6,15708.2,52.9,1190.4,0.0,4352.0,0.0
