[0.494s] DEBUG:colcon:Command line arguments: ['/usr/bin/colcon', 'build', '--symlink-install', '--cmake-args', '-DPython3_EXECUTABLE=/usr/bin/python3']
[0.494s] DEBUG:colcon:Parsed command line arguments: Namespace(log_base=None, log_level=None, verb_name='build', build_base='build', install_base='install', merge_install=False, symlink_install=True, test_result_base=None, continue_on_error=False, executor='parallel', parallel_workers=4, event_handlers=None, ignore_user_meta=False, metas=['./colcon.meta'], base_paths=['.'], packages_ignore=None, packages_ignore_regex=None, paths=None, packages_up_to=None, packages_up_to_regex=None, packages_above=None, packages_above_and_dependencies=None, packages_above_depth=None, packages_select_by_dep=None, packages_skip_by_dep=None, packages_skip_up_to=None, packages_select_build_failed=False, packages_skip_build_finished=False, packages_select_test_failures=False, packages_skip_test_passed=False, packages_select=None, packages_skip=None, packages_select_regex=None, packages_skip_regex=None, packages_start=None, packages_end=None, allow_overriding=[], cmake_args=['-DPython3_EXECUTABLE=/usr/bin/python3'], cmake_target=None, cmake_target_skip_unavailable=False, cmake_clean_cache=False, cmake_clean_first=False, cmake_force_configure=False, ament_cmake_args=None, catkin_cmake_args=None, catkin_skip_building_tests=False, verb_parser=<colcon_defaults.argument_parser.defaults.DefaultArgumentsDecorator object at 0xffff8b04cda0>, verb_extension=<colcon_core.verb.build.BuildVerb object at 0xffff8b1fdd90>, main=<bound method BuildVerb.main of <colcon_core.verb.build.BuildVerb object at 0xffff8b1fdd90>>)
[0.666s] Level 1:colcon.colcon_core.package_discovery:discover_packages(colcon_meta) check parameters
[0.666s] Level 1:colcon.colcon_core.package_discovery:discover_packages(recursive) check parameters
[0.666s] Level 1:colcon.colcon_core.package_discovery:discover_packages(ignore) check parameters
[0.666s] Level 1:colcon.colcon_core.package_discovery:discover_packages(path) check parameters
[0.667s] Level 1:colcon.colcon_core.package_discovery:discover_packages(colcon_meta) discover
[0.667s] Level 1:colcon.colcon_core.package_discovery:discover_packages(recursive) discover
[0.667s] INFO:colcon.colcon_core.package_discovery:Crawling recursively for packages in '/home/nilum/proactive-social-nav'
[0.668s] Level 1:colcon.colcon_core.package_identification:_identify(.) by extensions ['ignore', 'ignore_ament_install']
[0.669s] Level 1:colcon.colcon_core.package_identification:_identify(.) by extension 'ignore'
[0.669s] Level 1:colcon.colcon_core.package_identification:_identify(.) by extension 'ignore_ament_install'
[0.669s] Level 1:colcon.colcon_core.package_identification:_identify(.) by extensions ['colcon_pkg']
[0.669s] Level 1:colcon.colcon_core.package_identification:_identify(.) by extension 'colcon_pkg'
[0.670s] Level 1:colcon.colcon_core.package_identification:_identify(.) by extensions ['colcon_meta']
[0.670s] Level 1:colcon.colcon_core.package_identification:_identify(.) by extension 'colcon_meta'
[0.670s] Level 1:colcon.colcon_core.package_identification:_identify(.) by extensions ['ros']
[0.670s] Level 1:colcon.colcon_core.package_identification:_identify(.) by extension 'ros'
[0.782s] Level 1:colcon.colcon_core.package_identification:_identify(.) by extensions ['cmake', 'python']
[0.782s] Level 1:colcon.colcon_core.package_identification:_identify(.) by extension 'cmake'
[0.783s] Level 1:colcon.colcon_core.package_identification:_identify(.) by extension 'python'
[0.783s] Level 1:colcon.colcon_core.package_identification:_identify(.) by extensions ['python_setup_py']
[0.783s] Level 1:colcon.colcon_core.package_identification:_identify(.) by extension 'python_setup_py'
[0.784s] Level 1:colcon.colcon_core.package_identification:_identify(botzilla_control) by extensions ['ignore', 'ignore_ament_install']
[0.784s] Level 1:colcon.colcon_core.package_identification:_identify(botzilla_control) by extension 'ignore'
[0.785s] Level 1:colcon.colcon_core.package_identification:_identify(botzilla_control) by extension 'ignore_ament_install'
[0.785s] Level 1:colcon.colcon_core.package_identification:_identify(botzilla_control) by extensions ['colcon_pkg']
[0.785s] Level 1:colcon.colcon_core.package_identification:_identify(botzilla_control) by extension 'colcon_pkg'
[0.785s] Level 1:colcon.colcon_core.package_identification:_identify(botzilla_control) by extensions ['colcon_meta']
[0.786s] Level 1:colcon.colcon_core.package_identification:_identify(botzilla_control) by extension 'colcon_meta'
[0.786s] Level 1:colcon.colcon_core.package_identification:_identify(botzilla_control) by extensions ['ros']
[0.786s] Level 1:colcon.colcon_core.package_identification:_identify(botzilla_control) by extension 'ros'
[0.795s] DEBUG:colcon.colcon_core.package_identification:Package 'botzilla_control' with type 'ros.ament_python' and name 'botzilla_control'
[0.796s] Level 1:colcon.colcon_core.package_identification:_identify(build) by extensions ['ignore', 'ignore_ament_install']
[0.796s] Level 1:colcon.colcon_core.package_identification:_identify(build) by extension 'ignore'
[0.796s] Level 1:colcon.colcon_core.package_identification:_identify(build) ignored
[0.797s] Level 1:colcon.colcon_core.package_identification:_identify(dr_spaam) by extensions ['ignore', 'ignore_ament_install']
[0.798s] Level 1:colcon.colcon_core.package_identification:_identify(dr_spaam) by extension 'ignore'
[0.798s] Level 1:colcon.colcon_core.package_identification:_identify(dr_spaam) by extension 'ignore_ament_install'
[0.798s] Level 1:colcon.colcon_core.package_identification:_identify(dr_spaam) by extensions ['colcon_pkg']
[0.798s] Level 1:colcon.colcon_core.package_identification:_identify(dr_spaam) by extension 'colcon_pkg'
[0.799s] Level 1:colcon.colcon_core.package_identification:_identify(dr_spaam) by extensions ['colcon_meta']
[0.799s] Level 1:colcon.colcon_core.package_identification:_identify(dr_spaam) by extension 'colcon_meta'
[0.799s] Level 1:colcon.colcon_core.package_identification:_identify(dr_spaam) by extensions ['ros']
[0.799s] Level 1:colcon.colcon_core.package_identification:_identify(dr_spaam) by extension 'ros'
[0.799s] Level 1:colcon.colcon_core.package_identification:_identify(dr_spaam) by extensions ['cmake', 'python']
[0.800s] Level 1:colcon.colcon_core.package_identification:_identify(dr_spaam) by extension 'cmake'
[0.800s] Level 1:colcon.colcon_core.package_identification:_identify(dr_spaam) by extension 'python'
[0.800s] Level 1:colcon.colcon_core.package_identification:_identify(dr_spaam) by extensions ['python_setup_py']
[0.800s] Level 1:colcon.colcon_core.package_identification:_identify(dr_spaam) by extension 'python_setup_py'
[1.860s] DEBUG:colcon.colcon_core.package_identification:Package 'dr_spaam' with type 'python' and name 'dr_spaam'
[1.860s] Level 1:colcon.colcon_core.package_identification:_identify(dr_spaam_ros) by extensions ['ignore', 'ignore_ament_install']
[1.861s] Level 1:colcon.colcon_core.package_identification:_identify(dr_spaam_ros) by extension 'ignore'
[1.861s] Level 1:colcon.colcon_core.package_identification:_identify(dr_spaam_ros) by extension 'ignore_ament_install'
[1.861s] Level 1:colcon.colcon_core.package_identification:_identify(dr_spaam_ros) by extensions ['colcon_pkg']
[1.862s] Level 1:colcon.colcon_core.package_identification:_identify(dr_spaam_ros) by extension 'colcon_pkg'
[1.862s] Level 1:colcon.colcon_core.package_identification:_identify(dr_spaam_ros) by extensions ['colcon_meta']
[1.862s] Level 1:colcon.colcon_core.package_identification:_identify(dr_spaam_ros) by extension 'colcon_meta'
[1.862s] Level 1:colcon.colcon_core.package_identification:_identify(dr_spaam_ros) by extensions ['ros']
[1.862s] Level 1:colcon.colcon_core.package_identification:_identify(dr_spaam_ros) by extension 'ros'
[1.866s] DEBUG:colcon.colcon_core.package_identification:Package 'dr_spaam_ros' with type 'ros.catkin' and name 'dr_spaam_ros'
[1.866s] Level 1:colcon.colcon_core.package_identification:_identify(dr_spaam_ros2) by extensions ['ignore', 'ignore_ament_install']
[1.866s] Level 1:colcon.colcon_core.package_identification:_identify(dr_spaam_ros2) by extension 'ignore'
[1.867s] Level 1:colcon.colcon_core.package_identification:_identify(dr_spaam_ros2) by extension 'ignore_ament_install'
[1.867s] Level 1:colcon.colcon_core.package_identification:_identify(dr_spaam_ros2) by extensions ['colcon_pkg']
[1.867s] Level 1:colcon.colcon_core.package_identification:_identify(dr_spaam_ros2) by extension 'colcon_pkg'
[1.867s] Level 1:colcon.colcon_core.package_identification:_identify(dr_spaam_ros2) by extensions ['colcon_meta']
[1.867s] Level 1:colcon.colcon_core.package_identification:_identify(dr_spaam_ros2) by extension 'colcon_meta'
[1.868s] Level 1:colcon.colcon_core.package_identification:_identify(dr_spaam_ros2) by extensions ['ros']
[1.868s] Level 1:colcon.colcon_core.package_identification:_identify(dr_spaam_ros2) by extension 'ros'
[1.871s] DEBUG:colcon.colcon_core.package_identification:Package 'dr_spaam_ros2' with type 'ros.ament_python' and name 'dr_spaam_ros2'
[1.871s] Level 1:colcon.colcon_core.package_identification:_identify(forg_dataset) by extensions ['ignore', 'ignore_ament_install']
[1.872s] Level 1:colcon.colcon_core.package_identification:_identify(forg_dataset) by extension 'ignore'
[1.872s] Level 1:colcon.colcon_core.package_identification:_identify(forg_dataset) by extension 'ignore_ament_install'
[1.872s] Level 1:colcon.colcon_core.package_identification:_identify(forg_dataset) by extensions ['colcon_pkg']
[1.872s] Level 1:colcon.colcon_core.package_identification:_identify(forg_dataset) by extension 'colcon_pkg'
[1.873s] Level 1:colcon.colcon_core.package_identification:_identify(forg_dataset) by extensions ['colcon_meta']
[1.873s] Level 1:colcon.colcon_core.package_identification:_identify(forg_dataset) by extension 'colcon_meta'
[1.873s] Level 1:colcon.colcon_core.package_identification:_identify(forg_dataset) by extensions ['ros']
[1.873s] Level 1:colcon.colcon_core.package_identification:_identify(forg_dataset) by extension 'ros'
[1.873s] Level 1:colcon.colcon_core.package_identification:_identify(forg_dataset) by extensions ['cmake', 'python']
[1.873s] Level 1:colcon.colcon_core.package_identification:_identify(forg_dataset) by extension 'cmake'
[1.874s] Level 1:colcon.colcon_core.package_identification:_identify(forg_dataset) by extension 'python'
[1.874s] Level 1:colcon.colcon_core.package_identification:_identify(forg_dataset) by extensions ['python_setup_py']
[1.874s] Level 1:colcon.colcon_core.package_identification:_identify(forg_dataset) by extension 'python_setup_py'
[1.874s] Level 1:colcon.colcon_core.package_identification:_identify(frog_dataset) by extensions ['ignore', 'ignore_ament_install']
[1.875s] Level 1:colcon.colcon_core.package_identification:_identify(frog_dataset) by extension 'ignore'
[1.875s] Level 1:colcon.colcon_core.package_identification:_identify(frog_dataset) by extension 'ignore_ament_install'
[1.875s] Level 1:colcon.colcon_core.package_identification:_identify(frog_dataset) by extensions ['colcon_pkg']
[1.875s] Level 1:colcon.colcon_core.package_identification:_identify(frog_dataset) by extension 'colcon_pkg'
[1.875s] Level 1:colcon.colcon_core.package_identification:_identify(frog_dataset) by extensions ['colcon_meta']
[1.876s] Level 1:colcon.colcon_core.package_identification:_identify(frog_dataset) by extension 'colcon_meta'
[1.876s] Level 1:colcon.colcon_core.package_identification:_identify(frog_dataset) by extensions ['ros']
[1.876s] Level 1:colcon.colcon_core.package_identification:_identify(frog_dataset) by extension 'ros'
[1.876s] Level 1:colcon.colcon_core.package_identification:_identify(frog_dataset) by extensions ['cmake', 'python']
[1.877s] Level 1:colcon.colcon_core.package_identification:_identify(frog_dataset) by extension 'cmake'
[1.877s] Level 1:colcon.colcon_core.package_identification:_identify(frog_dataset) by extension 'python'
[1.877s] Level 1:colcon.colcon_core.package_identification:_identify(frog_dataset) by extensions ['python_setup_py']
[1.877s] Level 1:colcon.colcon_core.package_identification:_identify(frog_dataset) by extension 'python_setup_py'
[1.878s] Level 1:colcon.colcon_core.package_identification:_identify(imgs) by extensions ['ignore', 'ignore_ament_install']
[1.878s] Level 1:colcon.colcon_core.package_identification:_identify(imgs) by extension 'ignore'
[1.879s] Level 1:colcon.colcon_core.package_identification:_identify(imgs) by extension 'ignore_ament_install'
[1.879s] Level 1:colcon.colcon_core.package_identification:_identify(imgs) by extensions ['colcon_pkg']
[1.879s] Level 1:colcon.colcon_core.package_identification:_identify(imgs) by extension 'colcon_pkg'
[1.879s] Level 1:colcon.colcon_core.package_identification:_identify(imgs) by extensions ['colcon_meta']
[1.880s] Level 1:colcon.colcon_core.package_identification:_identify(imgs) by extension 'colcon_meta'
[1.880s] Level 1:colcon.colcon_core.package_identification:_identify(imgs) by extensions ['ros']
[1.880s] Level 1:colcon.colcon_core.package_identification:_identify(imgs) by extension 'ros'
[1.880s] Level 1:colcon.colcon_core.package_identification:_identify(imgs) by extensions ['cmake', 'python']
[1.880s] Level 1:colcon.colcon_core.package_identification:_identify(imgs) by extension 'cmake'
[1.881s] Level 1:colcon.colcon_core.package_identification:_identify(imgs) by extension 'python'
[1.881s] Level 1:colcon.colcon_core.package_identification:_identify(imgs) by extensions ['python_setup_py']
[1.881s] Level 1:colcon.colcon_core.package_identification:_identify(imgs) by extension 'python_setup_py'
[1.881s] Level 1:colcon.colcon_core.package_identification:_identify(install) by extensions ['ignore', 'ignore_ament_install']
[1.882s] Level 1:colcon.colcon_core.package_identification:_identify(install) by extension 'ignore'
[1.882s] Level 1:colcon.colcon_core.package_identification:_identify(install) ignored
[1.882s] Level 1:colcon.colcon_core.package_identification:_identify(lidar_grpc_bridge) by extensions ['ignore', 'ignore_ament_install']
[1.883s] Level 1:colcon.colcon_core.package_identification:_identify(lidar_grpc_bridge) by extension 'ignore'
[1.883s] Level 1:colcon.colcon_core.package_identification:_identify(lidar_grpc_bridge) by extension 'ignore_ament_install'
[1.884s] Level 1:colcon.colcon_core.package_identification:_identify(lidar_grpc_bridge) by extensions ['colcon_pkg']
[1.884s] Level 1:colcon.colcon_core.package_identification:_identify(lidar_grpc_bridge) by extension 'colcon_pkg'
[1.884s] Level 1:colcon.colcon_core.package_identification:_identify(lidar_grpc_bridge) by extensions ['colcon_meta']
[1.884s] Level 1:colcon.colcon_core.package_identification:_identify(lidar_grpc_bridge) by extension 'colcon_meta'
[1.884s] Level 1:colcon.colcon_core.package_identification:_identify(lidar_grpc_bridge) by extensions ['ros']
[1.885s] Level 1:colcon.colcon_core.package_identification:_identify(lidar_grpc_bridge) by extension 'ros'
[1.887s] DEBUG:colcon.colcon_core.package_identification:Package 'lidar_grpc_bridge' with type 'ros.ament_python' and name 'lidar_grpc_bridge'
[1.888s] Level 1:colcon.colcon_core.package_identification:_identify(lidar_grpc_client) by extensions ['ignore', 'ignore_ament_install']
[1.888s] Level 1:colcon.colcon_core.package_identification:_identify(lidar_grpc_client) by extension 'ignore'
[1.888s] Level 1:colcon.colcon_core.package_identification:_identify(lidar_grpc_client) by extension 'ignore_ament_install'
[1.889s] Level 1:colcon.colcon_core.package_identification:_identify(lidar_grpc_client) by extensions ['colcon_pkg']
[1.889s] Level 1:colcon.colcon_core.package_identification:_identify(lidar_grpc_client) by extension 'colcon_pkg'
[1.889s] Level 1:colcon.colcon_core.package_identification:_identify(lidar_grpc_client) by extensions ['colcon_meta']
[1.889s] Level 1:colcon.colcon_core.package_identification:_identify(lidar_grpc_client) by extension 'colcon_meta'
[1.889s] Level 1:colcon.colcon_core.package_identification:_identify(lidar_grpc_client) by extensions ['ros']
[1.889s] Level 1:colcon.colcon_core.package_identification:_identify(lidar_grpc_client) by extension 'ros'
[1.892s] DEBUG:colcon.colcon_core.package_identification:Package 'lidar_grpc_client' with type 'ros.ament_python' and name 'lidar_grpc_client'
[1.892s] Level 1:colcon.colcon_core.package_identification:_identify(log) by extensions ['ignore', 'ignore_ament_install']
[1.893s] Level 1:colcon.colcon_core.package_identification:_identify(log) by extension 'ignore'
[1.893s] Level 1:colcon.colcon_core.package_identification:_identify(log) ignored
[1.893s] Level 1:colcon.colcon_core.package_identification:_identify(proactive_nav_msgs) by extensions ['ignore', 'ignore_ament_install']
[1.894s] Level 1:colcon.colcon_core.package_identification:_identify(proactive_nav_msgs) by extension 'ignore'
[1.894s] Level 1:colcon.colcon_core.package_identification:_identify(proactive_nav_msgs) by extension 'ignore_ament_install'
[1.894s] Level 1:colcon.colcon_core.package_identification:_identify(proactive_nav_msgs) by extensions ['colcon_pkg']
[1.894s] Level 1:colcon.colcon_core.package_identification:_identify(proactive_nav_msgs) by extension 'colcon_pkg'
[1.894s] Level 1:colcon.colcon_core.package_identification:_identify(proactive_nav_msgs) by extensions ['colcon_meta']
[1.894s] Level 1:colcon.colcon_core.package_identification:_identify(proactive_nav_msgs) by extension 'colcon_meta'
[1.895s] Level 1:colcon.colcon_core.package_identification:_identify(proactive_nav_msgs) by extensions ['ros']
[1.895s] Level 1:colcon.colcon_core.package_identification:_identify(proactive_nav_msgs) by extension 'ros'
[1.897s] DEBUG:colcon.colcon_core.package_identification:Package 'proactive_nav_msgs' with type 'ros.ament_cmake' and name 'proactive_nav_msgs'
[1.897s] Level 1:colcon.colcon_core.package_identification:_identify(ros2_ws) by extensions ['ignore', 'ignore_ament_install']
[1.898s] Level 1:colcon.colcon_core.package_identification:_identify(ros2_ws) by extension 'ignore'
[1.898s] Level 1:colcon.colcon_core.package_identification:_identify(ros2_ws) by extension 'ignore_ament_install'
[1.898s] Level 1:colcon.colcon_core.package_identification:_identify(ros2_ws) by extensions ['colcon_pkg']
[1.898s] Level 1:colcon.colcon_core.package_identification:_identify(ros2_ws) by extension 'colcon_pkg'
[1.899s] Level 1:colcon.colcon_core.package_identification:_identify(ros2_ws) by extensions ['colcon_meta']
[1.899s] Level 1:colcon.colcon_core.package_identification:_identify(ros2_ws) by extension 'colcon_meta'
[1.899s] Level 1:colcon.colcon_core.package_identification:_identify(ros2_ws) by extensions ['ros']
[1.899s] Level 1:colcon.colcon_core.package_identification:_identify(ros2_ws) by extension 'ros'
[1.899s] Level 1:colcon.colcon_core.package_identification:_identify(ros2_ws) by extensions ['cmake', 'python']
[1.899s] Level 1:colcon.colcon_core.package_identification:_identify(ros2_ws) by extension 'cmake'
[1.900s] Level 1:colcon.colcon_core.package_identification:_identify(ros2_ws) by extension 'python'
[1.900s] Level 1:colcon.colcon_core.package_identification:_identify(ros2_ws) by extensions ['python_setup_py']
[1.900s] Level 1:colcon.colcon_core.package_identification:_identify(ros2_ws) by extension 'python_setup_py'
[1.900s] Level 1:colcon.colcon_core.package_identification:_identify(ros2_ws/build) by extensions ['ignore', 'ignore_ament_install']
[1.901s] Level 1:colcon.colcon_core.package_identification:_identify(ros2_ws/build) by extension 'ignore'
[1.901s] Level 1:colcon.colcon_core.package_identification:_identify(ros2_ws/build) ignored
[1.901s] Level 1:colcon.colcon_core.package_identification:_identify(ros2_ws/install) by extensions ['ignore', 'ignore_ament_install']
[1.902s] Level 1:colcon.colcon_core.package_identification:_identify(ros2_ws/install) by extension 'ignore'
[1.902s] Level 1:colcon.colcon_core.package_identification:_identify(ros2_ws/install) ignored
[1.903s] Level 1:colcon.colcon_core.package_identification:_identify(ros2_ws/log) by extensions ['ignore', 'ignore_ament_install']
[1.904s] Level 1:colcon.colcon_core.package_identification:_identify(ros2_ws/log) by extension 'ignore'
[1.904s] Level 1:colcon.colcon_core.package_identification:_identify(ros2_ws/log) ignored
[1.905s] Level 1:colcon.colcon_core.package_identification:_identify(ros2_ws/src) by extensions ['ignore', 'ignore_ament_install']
[1.905s] Level 1:colcon.colcon_core.package_identification:_identify(ros2_ws/src) by extension 'ignore'
[1.905s] Level 1:colcon.colcon_core.package_identification:_identify(ros2_ws/src) by extension 'ignore_ament_install'
[1.906s] Level 1:colcon.colcon_core.package_identification:_identify(ros2_ws/src) by extensions ['colcon_pkg']
[1.906s] Level 1:colcon.colcon_core.package_identification:_identify(ros2_ws/src) by extension 'colcon_pkg'
[1.906s] Level 1:colcon.colcon_core.package_identification:_identify(ros2_ws/src) by extensions ['colcon_meta']
[1.906s] Level 1:colcon.colcon_core.package_identification:_identify(ros2_ws/src) by extension 'colcon_meta'
[1.906s] Level 1:colcon.colcon_core.package_identification:_identify(ros2_ws/src) by extensions ['ros']
[1.906s] Level 1:colcon.colcon_core.package_identification:_identify(ros2_ws/src) by extension 'ros'
[1.907s] Level 1:colcon.colcon_core.package_identification:_identify(ros2_ws/src) by extensions ['cmake', 'python']
[1.907s] Level 1:colcon.colcon_core.package_identification:_identify(ros2_ws/src) by extension 'cmake'
[1.907s] Level 1:colcon.colcon_core.package_identification:_identify(ros2_ws/src) by extension 'python'
[1.907s] Level 1:colcon.colcon_core.package_identification:_identify(ros2_ws/src) by extensions ['python_setup_py']
[1.907s] Level 1:colcon.colcon_core.package_identification:_identify(ros2_ws/src) by extension 'python_setup_py'
[1.908s] Level 1:colcon.colcon_core.package_identification:_identify(ros2_ws/src/__pycache__) by extensions ['ignore', 'ignore_ament_install']
[1.908s] Level 1:colcon.colcon_core.package_identification:_identify(ros2_ws/src/__pycache__) by extension 'ignore'
[1.908s] Level 1:colcon.colcon_core.package_identification:_identify(ros2_ws/src/__pycache__) by extension 'ignore_ament_install'
[1.908s] Level 1:colcon.colcon_core.package_identification:_identify(ros2_ws/src/__pycache__) by extensions ['colcon_pkg']
[1.908s] Level 1:colcon.colcon_core.package_identification:_identify(ros2_ws/src/__pycache__) by extension 'colcon_pkg'
[1.909s] Level 1:colcon.colcon_core.package_identification:_identify(ros2_ws/src/__pycache__) by extensions ['colcon_meta']
[1.909s] Level 1:colcon.colcon_core.package_identification:_identify(ros2_ws/src/__pycache__) by extension 'colcon_meta'
[1.909s] Level 1:colcon.colcon_core.package_identification:_identify(ros2_ws/src/__pycache__) by extensions ['ros']
[1.909s] Level 1:colcon.colcon_core.package_identification:_identify(ros2_ws/src/__pycache__) by extension 'ros'
[1.909s] Level 1:colcon.colcon_core.package_identification:_identify(ros2_ws/src/__pycache__) by extensions ['cmake', 'python']
[1.909s] Level 1:colcon.colcon_core.package_identification:_identify(ros2_ws/src/__pycache__) by extension 'cmake'
[1.910s] Level 1:colcon.colcon_core.package_identification:_identify(ros2_ws/src/__pycache__) by extension 'python'
[1.910s] Level 1:colcon.colcon_core.package_identification:_identify(ros2_ws/src/__pycache__) by extensions ['python_setup_py']
[1.910s] Level 1:colcon.colcon_core.package_identification:_identify(ros2_ws/src/__pycache__) by extension 'python_setup_py'
[1.911s] Level 1:colcon.colcon_core.package_identification:_identify(ros2_ws/src/ldlidar_stl_ros2) by extensions ['ignore', 'ignore_ament_install']
[1.911s] Level 1:colcon.colcon_core.package_identification:_identify(ros2_ws/src/ldlidar_stl_ros2) by extension 'ignore'
[1.912s] Level 1:colcon.colcon_core.package_identification:_identify(ros2_ws/src/ldlidar_stl_ros2) by extension 'ignore_ament_install'
[1.912s] Level 1:colcon.colcon_core.package_identification:_identify(ros2_ws/src/ldlidar_stl_ros2) by extensions ['colcon_pkg']
[1.912s] Level 1:colcon.colcon_core.package_identification:_identify(ros2_ws/src/ldlidar_stl_ros2) by extension 'colcon_pkg'
[1.912s] Level 1:colcon.colcon_core.package_identification:_identify(ros2_ws/src/ldlidar_stl_ros2) by extensions ['colcon_meta']
[1.913s] Level 1:colcon.colcon_core.package_identification:_identify(ros2_ws/src/ldlidar_stl_ros2) by extension 'colcon_meta'
[1.913s] Level 1:colcon.colcon_core.package_identification:_identify(ros2_ws/src/ldlidar_stl_ros2) by extensions ['ros']
[1.913s] Level 1:colcon.colcon_core.package_identification:_identify(ros2_ws/src/ldlidar_stl_ros2) by extension 'ros'
[1.915s] DEBUG:colcon.colcon_core.package_identification:Package 'ros2_ws/src/ldlidar_stl_ros2' with type 'ros.ament_cmake' and name 'ldlidar_stl_ros2'
[1.917s] Level 1:colcon.colcon_core.package_identification:_identify(venv) by extensions ['ignore', 'ignore_ament_install']
[1.918s] Level 1:colcon.colcon_core.package_identification:_identify(venv) by extension 'ignore'
[1.918s] Level 1:colcon.colcon_core.package_identification:_identify(venv) by extension 'ignore_ament_install'
[1.918s] Level 1:colcon.colcon_core.package_identification:_identify(venv) by extensions ['colcon_pkg']
[1.919s] Level 1:colcon.colcon_core.package_identification:_identify(venv) by extension 'colcon_pkg'
[1.919s] Level 1:colcon.colcon_core.package_identification:_identify(venv) by extensions ['colcon_meta']
[1.919s] Level 1:colcon.colcon_core.package_identification:_identify(venv) by extension 'colcon_meta'
[1.919s] Level 1:colcon.colcon_core.package_identification:_identify(venv) by extensions ['ros']
[1.919s] Level 1:colcon.colcon_core.package_identification:_identify(venv) by extension 'ros'
[1.920s] Level 1:colcon.colcon_core.package_identification:_identify(venv) by extensions ['cmake', 'python']
[1.920s] Level 1:colcon.colcon_core.package_identification:_identify(venv) by extension 'cmake'
[1.920s] Level 1:colcon.colcon_core.package_identification:_identify(venv) by extension 'python'
[1.920s] Level 1:colcon.colcon_core.package_identification:_identify(venv) by extensions ['python_setup_py']
[1.920s] Level 1:colcon.colcon_core.package_identification:_identify(venv) by extension 'python_setup_py'
[1.921s] Level 1:colcon.colcon_core.package_identification:_identify(venv/bin) by extensions ['ignore', 'ignore_ament_install']
[1.921s] Level 1:colcon.colcon_core.package_identification:_identify(venv/bin) by extension 'ignore'
[1.921s] Level 1:colcon.colcon_core.package_identification:_identify(venv/bin) by extension 'ignore_ament_install'
[1.922s] Level 1:colcon.colcon_core.package_identification:_identify(venv/bin) by extensions ['colcon_pkg']
[1.922s] Level 1:colcon.colcon_core.package_identification:_identify(venv/bin) by extension 'colcon_pkg'
[1.922s] Level 1:colcon.colcon_core.package_identification:_identify(venv/bin) by extensions ['colcon_meta']
[1.922s] Level 1:colcon.colcon_core.package_identification:_identify(venv/bin) by extension 'colcon_meta'
[1.922s] Level 1:colcon.colcon_core.package_identification:_identify(venv/bin) by extensions ['ros']
[1.922s] Level 1:colcon.colcon_core.package_identification:_identify(venv/bin) by extension 'ros'
[1.923s] Level 1:colcon.colcon_core.package_identification:_identify(venv/bin) by extensions ['cmake', 'python']
[1.923s] Level 1:colcon.colcon_core.package_identification:_identify(venv/bin) by extension 'cmake'
[1.924s] Level 1:colcon.colcon_core.package_identification:_identify(venv/bin) by extension 'python'
[1.924s] Level 1:colcon.colcon_core.package_identification:_identify(venv/bin) by extensions ['python_setup_py']
[1.924s] Level 1:colcon.colcon_core.package_identification:_identify(venv/bin) by extension 'python_setup_py'
[1.925s] Level 1:colcon.colcon_core.package_identification:_identify(venv/include) by extensions ['ignore', 'ignore_ament_install']
[1.926s] Level 1:colcon.colcon_core.package_identification:_identify(venv/include) by extension 'ignore'
[1.926s] Level 1:colcon.colcon_core.package_identification:_identify(venv/include) by extension 'ignore_ament_install'
[1.926s] Level 1:colcon.colcon_core.package_identification:_identify(venv/include) by extensions ['colcon_pkg']
[1.927s] Level 1:colcon.colcon_core.package_identification:_identify(venv/include) by extension 'colcon_pkg'
[1.927s] Level 1:colcon.colcon_core.package_identification:_identify(venv/include) by extensions ['colcon_meta']
[1.927s] Level 1:colcon.colcon_core.package_identification:_identify(venv/include) by extension 'colcon_meta'
[1.927s] Level 1:colcon.colcon_core.package_identification:_identify(venv/include) by extensions ['ros']
[1.927s] Level 1:colcon.colcon_core.package_identification:_identify(venv/include) by extension 'ros'
[1.928s] Level 1:colcon.colcon_core.package_identification:_identify(venv/include) by extensions ['cmake', 'python']
[1.928s] Level 1:colcon.colcon_core.package_identification:_identify(venv/include) by extension 'cmake'
[1.928s] Level 1:colcon.colcon_core.package_identification:_identify(venv/include) by extension 'python'
[1.928s] Level 1:colcon.colcon_core.package_identification:_identify(venv/include) by extensions ['python_setup_py']
[1.928s] Level 1:colcon.colcon_core.package_identification:_identify(venv/include) by extension 'python_setup_py'
[1.929s] Level 1:colcon.colcon_core.package_identification:_identify(venv/include/python3.12) by extensions ['ignore', 'ignore_ament_install']
[1.930s] Level 1:colcon.colcon_core.package_identification:_identify(venv/include/python3.12) by extension 'ignore'
[1.930s] Level 1:colcon.colcon_core.package_identification:_identify(venv/include/python3.12) by extension 'ignore_ament_install'
[1.930s] Level 1:colcon.colcon_core.package_identification:_identify(venv/include/python3.12) by extensions ['colcon_pkg']
[1.930s] Level 1:colcon.colcon_core.package_identification:_identify(venv/include/python3.12) by extension 'colcon_pkg'
[1.931s] Level 1:colcon.colcon_core.package_identification:_identify(venv/include/python3.12) by extensions ['colcon_meta']
[1.931s] Level 1:colcon.colcon_core.package_identification:_identify(venv/include/python3.12) by extension 'colcon_meta'
[1.931s] Level 1:colcon.colcon_core.package_identification:_identify(venv/include/python3.12) by extensions ['ros']
[1.931s] Level 1:colcon.colcon_core.package_identification:_identify(venv/include/python3.12) by extension 'ros'
[1.932s] Level 1:colcon.colcon_core.package_identification:_identify(venv/include/python3.12) by extensions ['cmake', 'python']
[1.932s] Level 1:colcon.colcon_core.package_identification:_identify(venv/include/python3.12) by extension 'cmake'
[1.932s] Level 1:colcon.colcon_core.package_identification:_identify(venv/include/python3.12) by extension 'python'
[1.932s] Level 1:colcon.colcon_core.package_identification:_identify(venv/include/python3.12) by extensions ['python_setup_py']
[1.932s] Level 1:colcon.colcon_core.package_identification:_identify(venv/include/python3.12) by extension 'python_setup_py'
[1.933s] Level 1:colcon.colcon_core.package_identification:_identify(venv/lib) by extensions ['ignore', 'ignore_ament_install']
[1.933s] Level 1:colcon.colcon_core.package_identification:_identify(venv/lib) by extension 'ignore'
[1.933s] Level 1:colcon.colcon_core.package_identification:_identify(venv/lib) by extension 'ignore_ament_install'
[1.933s] Level 1:colcon.colcon_core.package_identification:_identify(venv/lib) by extensions ['colcon_pkg']
[1.933s] Level 1:colcon.colcon_core.package_identification:_identify(venv/lib) by extension 'colcon_pkg'
[1.934s] Level 1:colcon.colcon_core.package_identification:_identify(venv/lib) by extensions ['colcon_meta']
[1.934s] Level 1:colcon.colcon_core.package_identification:_identify(venv/lib) by extension 'colcon_meta'
[1.934s] Level 1:colcon.colcon_core.package_identification:_identify(venv/lib) by extensions ['ros']
[1.934s] Level 1:colcon.colcon_core.package_identification:_identify(venv/lib) by extension 'ros'
[1.935s] Level 1:colcon.colcon_core.package_identification:_identify(venv/lib) by extensions ['cmake', 'python']
[1.935s] Level 1:colcon.colcon_core.package_identification:_identify(venv/lib) by extension 'cmake'
[1.935s] Level 1:colcon.colcon_core.package_identification:_identify(venv/lib) by extension 'python'
[1.935s] Level 1:colcon.colcon_core.package_identification:_identify(venv/lib) by extensions ['python_setup_py']
[1.935s] Level 1:colcon.colcon_core.package_identification:_identify(venv/lib) by extension 'python_setup_py'
[1.936s] Level 1:colcon.colcon_core.package_identification:_identify(venv/lib/python3.12) by extensions ['ignore', 'ignore_ament_install']
[1.936s] Level 1:colcon.colcon_core.package_identification:_identify(venv/lib/python3.12) by extension 'ignore'
[1.937s] Level 1:colcon.colcon_core.package_identification:_identify(venv/lib/python3.12) by extension 'ignore_ament_install'
[1.937s] Level 1:colcon.colcon_core.package_identification:_identify(venv/lib/python3.12) by extensions ['colcon_pkg']
[1.937s] Level 1:colcon.colcon_core.package_identification:_identify(venv/lib/python3.12) by extension 'colcon_pkg'
[1.938s] Level 1:colcon.colcon_core.package_identification:_identify(venv/lib/python3.12) by extensions ['colcon_meta']
[1.938s] Level 1:colcon.colcon_core.package_identification:_identify(venv/lib/python3.12) by extension 'colcon_meta'
[1.938s] Level 1:colcon.colcon_core.package_identification:_identify(venv/lib/python3.12) by extensions ['ros']
[1.938s] Level 1:colcon.colcon_core.package_identification:_identify(venv/lib/python3.12) by extension 'ros'
[1.939s] Level 1:colcon.colcon_core.package_identification:_identify(venv/lib/python3.12) by extensions ['cmake', 'python']
[1.939s] Level 1:colcon.colcon_core.package_identification:_identify(venv/lib/python3.12) by extension 'cmake'
[1.939s] Level 1:colcon.colcon_core.package_identification:_identify(venv/lib/python3.12) by extension 'python'
[1.940s] Level 1:colcon.colcon_core.package_identification:_identify(venv/lib/python3.12) by extensions ['python_setup_py']
[1.940s] Level 1:colcon.colcon_core.package_identification:_identify(venv/lib/python3.12) by extension 'python_setup_py'
[1.940s] Level 1:colcon.colcon_core.package_identification:_identify(venv/lib/python3.12/site-packages) by extensions ['ignore', 'ignore_ament_install']
[1.940s] Level 1:colcon.colcon_core.package_identification:_identify(venv/lib/python3.12/site-packages) by extension 'ignore'
[1.941s] Level 1:colcon.colcon_core.package_identification:_identify(venv/lib/python3.12/site-packages) by extension 'ignore_ament_install'
[1.941s] Level 1:colcon.colcon_core.package_identification:_identify(venv/lib/python3.12/site-packages) by extensions ['colcon_pkg']
[1.941s] Level 1:colcon.colcon_core.package_identification:_identify(venv/lib/python3.12/site-packages) by extension 'colcon_pkg'
[1.942s] Level 1:colcon.colcon_core.package_identification:_identify(venv/lib/python3.12/site-packages) by extensions ['colcon_meta']
[1.942s] Level 1:colcon.colcon_core.package_identification:_identify(venv/lib/python3.12/site-packages) by extension 'colcon_meta'
[1.942s] Level 1:colcon.colcon_core.package_identification:_identify(venv/lib/python3.12/site-packages) by extensions ['ros']
[1.942s] Level 1:colcon.colcon_core.package_identification:_identify(venv/lib/python3.12/site-packages) by extension 'ros'
[1.943s] Level 1:colcon.colcon_core.package_identification:_identify(venv/lib/python3.12/site-packages) by extensions ['cmake', 'python']
[1.943s] Level 1:colcon.colcon_core.package_identification:_identify(venv/lib/python3.12/site-packages) by extension 'cmake'
[1.943s] Level 1:colcon.colcon_core.package_identification:_identify(venv/lib/python3.12/site-packages) by extension 'python'
[1.943s] Level 1:colcon.colcon_core.package_identification:_identify(venv/lib/python3.12/site-packages) by extensions ['python_setup_py']
[1.944s] Level 1:colcon.colcon_core.package_identification:_identify(venv/lib/python3.12/site-packages) by extension 'python_setup_py'
[1.945s] Level 1:colcon.colcon_core.package_identification:_identify(venv/lib/python3.12/site-packages/pip) by extensions ['ignore', 'ignore_ament_install']
[1.945s] Level 1:colcon.colcon_core.package_identification:_identify(venv/lib/python3.12/site-packages/pip) by extension 'ignore'
[1.946s] Level 1:colcon.colcon_core.package_identification:_identify(venv/lib/python3.12/site-packages/pip) by extension 'ignore_ament_install'
[1.946s] Level 1:colcon.colcon_core.package_identification:_identify(venv/lib/python3.12/site-packages/pip) by extensions ['colcon_pkg']
[1.946s] Level 1:colcon.colcon_core.package_identification:_identify(venv/lib/python3.12/site-packages/pip) by extension 'colcon_pkg'
[1.947s] Level 1:colcon.colcon_core.package_identification:_identify(venv/lib/python3.12/site-packages/pip) by extensions ['colcon_meta']
[1.947s] Level 1:colcon.colcon_core.package_identification:_identify(venv/lib/python3.12/site-packages/pip) by extension 'colcon_meta'
[1.947s] Level 1:colcon.colcon_core.package_identification:_identify(venv/lib/python3.12/site-packages/pip) by extensions ['ros']
[1.947s] Level 1:colcon.colcon_core.package_identification:_identify(venv/lib/python3.12/site-packages/pip) by extension 'ros'
[1.947s] Level 1:colcon.colcon_core.package_identification:_identify(venv/lib/python3.12/site-packages/pip) by extensions ['cmake', 'python']
[1.948s] Level 1:colcon.colcon_core.package_identification:_identify(venv/lib/python3.12/site-packages/pip) by extension 'cmake'
[1.948s] Level 1:colcon.colcon_core.package_identification:_identify(venv/lib/python3.12/site-packages/pip) by extension 'python'
[1.948s] Level 1:colcon.colcon_core.package_identification:_identify(venv/lib/python3.12/site-packages/pip) by extensions ['python_setup_py']
[1.948s] Level 1:colcon.colcon_core.package_identification:_identify(venv/lib/python3.12/site-packages/pip) by extension 'python_setup_py'
[1.949s] Level 1:colcon.colcon_core.package_identification:_identify(venv/lib/python3.12/site-packages/pip/__pycache__) by extensions ['ignore', 'ignore_ament_install']
[1.950s] Level 1:colcon.colcon_core.package_identification:_identify(venv/lib/python3.12/site-packages/pip/__pycache__) by extension 'ignore'
[1.950s] Level 1:colcon.colcon_core.package_identification:_identify(venv/lib/python3.12/site-packages/pip/__pycache__) by extension 'ignore_ament_install'
[1.950s] Level 1:colcon.colcon_core.package_identification:_identify(venv/lib/python3.12/site-packages/pip/__pycache__) by extensions ['colcon_pkg']
[1.950s] Level 1:colcon.colcon_core.package_identification:_identify(venv/lib/python3.12/site-packages/pip/__pycache__) by extension 'colcon_pkg'
[1.950s] Level 1:colcon.colcon_core.package_identification:_identify(venv/lib/python3.12/site-packages/pip/__pycache__) by extensions ['colcon_meta']
[1.951s] Level 1:colcon.colcon_core.package_identification:_identify(venv/lib/python3.12/site-packages/pip/__pycache__) by extension 'colcon_meta'
[1.951s] Level 1:colcon.colcon_core.package_identification:_identify(venv/lib/python3.12/site-packages/pip/__pycache__) by extensions ['ros']
[1.951s] Level 1:colcon.colcon_core.package_identification:_identify(venv/lib/python3.12/site-packages/pip/__pycache__) by extension 'ros'
[1.952s] Level 1:colcon.colcon_core.package_identification:_identify(venv/lib/python3.12/site-packages/pip/__pycache__) by extensions ['cmake', 'python']
[1.952s] Level 1:colcon.colcon_core.package_identification:_identify(venv/lib/python3.12/site-packages/pip/__pycache__) by extension 'cmake'
[1.952s] Level 1:colcon.colcon_core.package_identification:_identify(venv/lib/python3.12/site-packages/pip/__pycache__) by extension 'python'
[1.952s] Level 1:colcon.colcon_core.package_identification:_identify(venv/lib/python3.12/site-packages/pip/__pycache__) by extensions ['python_setup_py']
[1.952s] Level 1:colcon.colcon_core.package_identification:_identify(venv/lib/python3.12/site-packages/pip/__pycache__) by extension 'python_setup_py'
[1.953s] Level 1:colcon.colcon_core.package_identification:_identify(venv/lib/python3.12/site-packages/pip/_internal) by extensions ['ignore', 'ignore_ament_install']
[1.954s] Level 1:colcon.colcon_core.package_identification:_identify(venv/lib/python3.12/site-packages/pip/_internal) by extension 'ignore'
[1.954s] Level 1:colcon.colcon_core.package_identification:_identify(venv/lib/python3.12/site-packages/pip/_internal) by extension 'ignore_ament_install'
[1.954s] Level 1:colcon.colcon_core.package_identification:_identify(venv/lib/python3.12/site-packages/pip/_internal) by extensions ['colcon_pkg']
[1.955s] Level 1:colcon.colcon_core.package_identification:_identify(venv/lib/python3.12/site-packages/pip/_internal) by extension 'colcon_pkg'
[1.955s] Level 1:colcon.colcon_core.package_identification:_identify(venv/lib/python3.12/site-packages/pip/_internal) by extensions ['colcon_meta']
[1.955s] Level 1:colcon.colcon_core.package_identification:_identify(venv/lib/python3.12/site-packages/pip/_internal) by extension 'colcon_meta'
[1.955s] Level 1:colcon.colcon_core.package_identification:_identify(venv/lib/python3.12/site-packages/pip/_internal) by extensions ['ros']
[1.955s] Level 1:colcon.colcon_core.package_identification:_identify(venv/lib/python3.12/site-packages/pip/_internal) by extension 'ros'
[1.956s] Level 1:colcon.colcon_core.package_identification:_identify(venv/lib/python3.12/site-packages/pip/_internal) by extensions ['cmake', 'python']
[1.956s] Level 1:colcon.colcon_core.package_identification:_identify(venv/lib/python3.12/site-packages/pip/_internal) by extension 'cmake'
[1.956s] Level 1:colcon.colcon_core.package_identification:_identify(venv/lib/python3.12/site-packages/pip/_internal) by extension 'python'
[1.956s] Level 1:colcon.colcon_core.package_identification:_identify(venv/lib/python3.12/site-packages/pip/_internal) by extensions ['python_setup_py']
[1.956s] Level 1:colcon.colcon_core.package_identification:_identify(venv/lib/python3.12/site-packages/pip/_internal) by extension 'python_setup_py'
[1.958s] Level 1:colcon.colcon_core.package_identification:_identify(venv/lib/python3.12/site-packages/pip/_internal/__pycache__) by extensions ['ignore', 'ignore_ament_install']
[1.958s] Level 1:colcon.colcon_core.package_identification:_identify(venv/lib/python3.12/site-packages/pip/_internal/__pycache__) by extension 'ignore'
[1.959s] Level 1:colcon.colcon_core.package_identification:_identify(venv/lib/python3.12/site-packages/pip/_internal/__pycache__) by extension 'ignore_ament_install'
[1.959s] Level 1:colcon.colcon_core.package_identification:_identify(venv/lib/python3.12/site-packages/pip/_internal/__pycache__) by extensions ['colcon_pkg']
[1.959s] Level 1:colcon.colcon_core.package_identification:_identify(venv/lib/python3.12/site-packages/pip/_internal/__pycache__) by extension 'colcon_pkg'
[1.959s] Level 1:colcon.colcon_core.package_identification:_identify(venv/lib/python3.12/site-packages/pip/_internal/__pycache__) by extensions ['colcon_meta']
[1.959s] Level 1:colcon.colcon_core.package_identification:_identify(venv/lib/python3.12/site-packages/pip/_internal/__pycache__) by extension 'colcon_meta'
[1.960s] Level 1:colcon.colcon_core.package_identification:_identify(venv/lib/python3.12/site-packages/pip/_internal/__pycache__) by extensions ['ros']
[1.960s] Level 1:colcon.colcon_core.package_identification:_identify(venv/lib/python3.12/site-packages/pip/_internal/__pycache__) by extension 'ros'
[1.960s] Level 1:colcon.colcon_core.package_identification:_identify(venv/lib/python3.12/site-packages/pip/_internal/__pycache__) by extensions ['cmake', 'python']
[1.961s] Level 1:colcon.colcon_core.package_identification:_identify(venv/lib/python3.12/site-packages/pip/_internal/__pycache__) by extension 'cmake'
[1.961s] Level 1:colcon.colcon_core.package_identification:_identify(venv/lib/python3.12/site-packages/pip/_internal/__pycache__) by extension 'python'
[1.961s] Level 1:colcon.colcon_core.package_identification:_identify(venv/lib/python3.12/site-packages/pip/_internal/__pycache__) by extensions ['python_setup_py']
[1.961s] Level 1:colcon.colcon_core.package_identification:_identify(venv/lib/python3.12/site-packages/pip/_internal/__pycache__) by extension 'python_setup_py'
[1.962s] Level 1:colcon.colcon_core.package_identification:_identify(venv/lib/python3.12/site-packages/pip/_internal/cli) by extensions ['ignore', 'ignore_ament_install']
[1.963s] Level 1:colcon.colcon_core.package_identification:_identify(venv/lib/python3.12/site-packages/pip/_internal/cli) by extension 'ignore'
[1.963s] Level 1:colcon.colcon_core.package_identification:_identify(venv/lib/python3.12/site-packages/pip/_internal/cli) by extension 'ignore_ament_install'
[1.964s] Level 1:colcon.colcon_core.package_identification:_identify(venv/lib/python3.12/site-packages/pip/_internal/cli) by extensions ['colcon_pkg']
[1.964s] Level 1:colcon.colcon_core.package_identification:_identify(venv/lib/python3.12/site-packages/pip/_internal/cli) by extension 'colcon_pkg'
[1.964s] Level 1:colcon.colcon_core.package_identification:_identify(venv/lib/python3.12/site-packages/pip/_internal/cli) by extensions ['colcon_meta']
[1.964s] Level 1:colcon.colcon_core.package_identification:_identify(venv/lib/python3.12/site-packages/pip/_internal/cli) by extension 'colcon_meta'
[1.965s] Level 1:colcon.colcon_core.package_identification:_identify(venv/lib/python3.12/site-packages/pip/_internal/cli) by extensions ['ros']
[1.965s] Level 1:colcon.colcon_core.package_identification:_identify(venv/lib/python3.12/site-packages/pip/_internal/cli) by extension 'ros'
[1.965s] Level 1:colcon.colcon_core.package_identification:_identify(venv/lib/python3.12/site-packages/pip/_internal/cli) by extensions ['cmake', 'python']
[1.966s] Level 1:colcon.colcon_core.package_identification:_identify(venv/lib/python3.12/site-packages/pip/_internal/cli) by extension 'cmake'
[1.966s] Level 1:colcon.colcon_core.package_identification:_identify(venv/lib/python3.12/site-packages/pip/_internal/cli) by extension 'python'
[1.966s] Level 1:colcon.colcon_core.package_identification:_identify(venv/lib/python3.12/site-packages/pip/_internal/cli) by extensions ['python_setup_py']
[1.966s] Level 1:colcon.colcon_core.package_identification:_identify(venv/lib/python3.12/site-packages/pip/_internal/cli) by extension 'python_setup_py'
[1.967s] Level 1:colcon.colcon_core.package_identification:_identify(venv/lib/python3.12/site-packages/pip/_internal/cli/__pycache__) by extensions ['ignore', 'ignore_ament_install']
[1.968s] Level 1:colcon.colcon_core.package_identification:_identify(venv/lib/python3.12/site-packages/pip/_internal/cli/__pycache__) by extension 'ignore'
[1.968s] Level 1:colcon.colcon_core.package_identification:_identify(venv/lib/python3.12/site-packages/pip/_internal/cli/__pycache__) by extension 'ignore_ament_install'
[1.968s] Level 1:colcon.colcon_core.package_identification:_identify(venv/lib/python3.12/site-packages/pip/_internal/cli/__pycache__) by extensions ['colcon_pkg']
[1.968s] Level 1:colcon.colcon_core.package_identification:_identify(venv/lib/python3.12/site-packages/pip/_internal/cli/__pycache__) by extension 'colcon_pkg'
[1.969s] Level 1:colcon.colcon_core.package_identification:_identify(venv/lib/python3.12/site-packages/pip/_internal/cli/__pycache__) by extensions ['colcon_meta']
[1.969s] Level 1:colcon.colcon_core.package_identification:_identify(venv/lib/python3.12/site-packages/pip/_internal/cli/__pycache__) by extension 'colcon_meta'
[1.969s] Level 1:colcon.colcon_core.package_identification:_identify(venv/lib/python3.12/site-packages/pip/_internal/cli/__pycache__) by extensions ['ros']
[1.969s] Level 1:colcon.colcon_core.package_identification:_identify(venv/lib/python3.12/site-packages/pip/_internal/cli/__pycache__) by extension 'ros'
[1.970s] Level 1:colcon.colcon_core.package_identification:_identify(venv/lib/python3.12/site-packages/pip/_internal/cli/__pycache__) by extensions ['cmake', 'python']
[1.970s] Level 1:colcon.colcon_core.package_identification:_identify(venv/lib/python3.12/site-packages/pip/_internal/cli/__pycache__) by extension 'cmake'
[1.970s] Level 1:colcon.colcon_core.package_identification:_identify(venv/lib/python3.12/site-packages/pip/_internal/cli/__pycache__) by extension 'python'
[1.970s] Level 1:colcon.colcon_core.package_identification:_identify(venv/lib/python3.12/site-packages/pip/_internal/cli/__pycache__) by extensions ['python_setup_py']
[1.970s] Level 1:colcon.colcon_core.package_identification:_identify(venv/lib/python3.12/site-packages/pip/_internal/cli/__pycache__) by extension 'python_setup_py'
[1.971s] Level 1:colcon.colcon_core.package_identification:_identify(venv/lib/python3.12/site-packages/pip/_internal/commands) by extensions ['ignore', 'ignore_ament_install']
[1.972s] Level 1:colcon.colcon_core.package_identification:_identify(venv/lib/python3.12/site-packages/pip/_internal/commands) by extension 'ignore'
[1.972s] Level 1:colcon.colcon_core.package_identification:_identify(venv/lib/python3.12/site-packages/pip/_internal/commands) by extension 'ignore_ament_install'
[1.973s] Level 1:colcon.colcon_core.package_identification:_identify(venv/lib/python3.12/site-packages/pip/_internal/commands) by extensions ['colcon_pkg']
[1.973s] Level 1:colcon.colcon_core.package_identification:_identify(venv/lib/python3.12/site-packages/pip/_internal/commands) by extension 'colcon_pkg'
[1.973s] Level 1:colcon.colcon_core.package_identification:_identify(venv/lib/python3.12/site-packages/pip/_internal/commands) by extensions ['colcon_meta']
[1.973s] Level 1:colcon.colcon_core.package_identification:_identify(venv/lib/python3.12/site-packages/pip/_internal/commands) by extension 'colcon_meta'
[1.973s] Level 1:colcon.colcon_core.package_identification:_identify(venv/lib/python3.12/site-packages/pip/_internal/commands) by extensions ['ros']
[1.973s] Level 1:colcon.colcon_core.package_identification:_identify(venv/lib/python3.12/site-packages/pip/_internal/commands) by extension 'ros'
[1.974s] Level 1:colcon.colcon_core.package_identification:_identify(venv/lib/python3.12/site-packages/pip/_internal/commands) by extensions ['cmake', 'python']
[1.974s] Level 1:colcon.colcon_core.package_identification:_identify(venv/lib/python3.12/site-packages/pip/_internal/commands) by extension 'cmake'
[1.974s] Level 1:colcon.colcon_core.package_identification:_identify(venv/lib/python3.12/site-packages/pip/_internal/commands) by extension 'python'
[1.975s] Level 1:colcon.colcon_core.package_identification:_identify(venv/lib/python3.12/site-packages/pip/_internal/commands) by extensions ['python_setup_py']
[1.975s] Level 1:colcon.colcon_core.package_identification:_identify(venv/lib/python3.12/site-packages/pip/_internal/commands) by extension 'python_setup_py'
[1.976s] Level 1:colcon.colcon_core.package_identification:_identify(venv/lib/python3.12/site-packages/pip/_internal/commands/__pycache__) by extensions ['ignore', 'ignore_ament_install']
[1.976s] Level 1:colcon.colcon_core.package_identification:_identify(venv/lib/python3.12/site-packages/pip/_internal/commands/__pycache__) by extension 'ignore'
[1.977s] Level 1:colcon.colcon_core.package_identification:_identify(venv/lib/python3.12/site-packages/pip/_internal/commands/__pycache__) by extension 'ignore_ament_install'
[1.977s] Level 1:colcon.colcon_core.package_identification:_identify(venv/lib/python3.12/site-packages/pip/_internal/commands/__pycache__) by extensions ['colcon_pkg']
[1.978s] Level 1:colcon.colcon_core.package_identification:_identify(venv/lib/python3.12/site-packages/pip/_internal/commands/__pycache__) by extension 'colcon_pkg'
[1.978s] Level 1:colcon.colcon_core.package_identification:_identify(venv/lib/python3.12/site-packages/pip/_internal/commands/__pycache__) by extensions ['colcon_meta']
[1.978s] Level 1:colcon.colcon_core.package_identification:_identify(venv/lib/python3.12/site-packages/pip/_internal/commands/__pycache__) by extension 'colcon_meta'
[1.979s] Level 1:colcon.colcon_core.package_identification:_identify(venv/lib/python3.12/site-packages/pip/_internal/commands/__pycache__) by extensions ['ros']
[1.979s] Level 1:colcon.colcon_core.package_identification:_identify(venv/lib/python3.12/site-packages/pip/_internal/commands/__pycache__) by extension 'ros'
[1.979s] Level 1:colcon.colcon_core.package_identification:_identify(venv/lib/python3.12/site-packages/pip/_internal/commands/__pycache__) by extensions ['cmake', 'python']
[1.979s] Level 1:colcon.colcon_core.package_identification:_identify(venv/lib/python3.12/site-packages/pip/_internal/commands/__pycache__) by extension 'cmake'
[1.980s] Level 1:colcon.colcon_core.package_identification:_identify(venv/lib/python3.12/site-packages/pip/_internal/commands/__pycache__) by extension 'python'
[1.980s] Level 1:colcon.colcon_core.package_identification:_identify(venv/lib/python3.12/site-packages/pip/_internal/commands/__pycache__) by extensions ['python_setup_py']
[1.980s] Level 1:colcon.colcon_core.package_identification:_identify(venv/lib/python3.12/site-packages/pip/_internal/commands/__pycache__) by extension 'python_setup_py'
[1.981s] Level 1:colcon.colcon_core.package_identification:_identify(venv/lib/python3.12/site-packages/pip/_internal/distributions) by extensions ['ignore', 'ignore_ament_install']
[1.982s] Level 1:colcon.colcon_core.package_identification:_identify(venv/lib/python3.12/site-packages/pip/_internal/distributions) by extension 'ignore'
[1.982s] Level 1:colcon.colcon_core.package_identification:_identify(venv/lib/python3.12/site-packages/pip/_internal/distributions) by extension 'ignore_ament_install'
[1.982s] Level 1:colcon.colcon_core.package_identification:_identify(venv/lib/python3.12/site-packages/pip/_internal/distributions) by extensions ['colcon_pkg']
[1.983s] Level 1:colcon.colcon_core.package_identification:_identify(venv/lib/python3.12/site-packages/pip/_internal/distributions) by extension 'colcon_pkg'
[1.983s] Level 1:colcon.colcon_core.package_identification:_identify(venv/lib/python3.12/site-packages/pip/_internal/distributions) by extensions ['colcon_meta']
[1.983s] Level 1:colcon.colcon_core.package_identification:_identify(venv/lib/python3.12/site-packages/pip/_internal/distributions) by extension 'colcon_meta'
[1.983s] Level 1:colcon.colcon_core.package_identification:_identify(venv/lib/python3.12/site-packages/pip/_internal/distributions) by extensions ['ros']
[1.984s] Level 1:colcon.colcon_core.package_identification:_identify(venv/lib/python3.12/site-packages/pip/_internal/distributions) by extension 'ros'
[1.984s] Level 1:colcon.colcon_core.package_identification:_identify(venv/lib/python3.12/site-packages/pip/_internal/distributions) by extensions ['cmake', 'python']
[1.985s] Level 1:colcon.colcon_core.package_identification:_identify(venv/lib/python3.12/site-packages/pip/_internal/distributions) by extension 'cmake'
[1.985s] Level 1:colcon.colcon_core.package_identification:_identify(venv/lib/python3.12/site-packages/pip/_internal/distributions) by extension 'python'
[1.985s] Level 1:colcon.colcon_core.package_identification:_identify(venv/lib/python3.12/site-packages/pip/_internal/distributions) by extensions ['python_setup_py']
[1.985s] Level 1:colcon.colcon_core.package_identification:_identify(venv/lib/python3.12/site-packages/pip/_internal/distributions) by extension 'python_setup_py'
[1.986s] Level 1:colcon.colcon_core.package_identification:_identify(venv/lib/python3.12/site-packages/pip/_internal/distributions/__pycache__) by extensions ['ignore', 'ignore_ament_install']
[1.987s] Level 1:colcon.colcon_core.package_identification:_identify(venv/lib/python3.12/site-packages/pip/_internal/distributions/__pycache__) by extension 'ignore'
[1.987s] Level 1:colcon.colcon_core.package_identification:_identify(venv/lib/python3.12/site-packages/pip/_internal/distributions/__pycache__) by extension 'ignore_ament_install'
[1.987s] Level 1:colcon.colcon_core.package_identification:_identify(venv/lib/python3.12/site-packages/pip/_internal/distributions/__pycache__) by extensions ['colcon_pkg']
[1.987s] Level 1:colcon.colcon_core.package_identification:_identify(venv/lib/python3.12/site-packages/pip/_internal/distributions/__pycache__) by extension 'colcon_pkg'
[1.988s] Level 1:colcon.colcon_core.package_identification:_identify(venv/lib/python3.12/site-packages/pip/_internal/distributions/__pycache__) by extensions ['colcon_meta']
[1.988s] Level 1:colcon.colcon_core.package_identification:_identify(venv/lib/python3.12/site-packages/pip/_internal/distributions/__pycache__) by extension 'colcon_meta'
[1.988s] Level 1:colcon.colcon_core.package_identification:_identify(venv/lib/python3.12/site-packages/pip/_internal/distributions/__pycache__) by extensions ['ros']
[1.988s] Level 1:colcon.colcon_core.package_identification:_identify(venv/lib/python3.12/site-packages/pip/_internal/distributions/__pycache__) by extension 'ros'
[1.989s] Level 1:colcon.colcon_core.package_identification:_identify(venv/lib/python3.12/site-packages/pip/_internal/distributions/__pycache__) by extensions ['cmake', 'python']
[1.989s] Level 1:colcon.colcon_core.package_identification:_identify(venv/lib/python3.12/site-packages/pip/_internal/distributions/__pycache__) by extension 'cmake'
[1.989s] Level 1:colcon.colcon_core.package_identification:_identify(venv/lib/python3.12/site-packages/pip/_internal/distributions/__pycache__) by extension 'python'
[1.989s] Level 1:colcon.colcon_core.package_identification:_identify(venv/lib/python3.12/site-packages/pip/_internal/distributions/__pycache__) by extensions ['python_setup_py']
[1.990s] Level 1:colcon.colcon_core.package_identification:_identify(venv/lib/python3.12/site-packages/pip/_internal/distributions/__pycache__) by extension 'python_setup_py'
[1.991s] Level 1:colcon.colcon_core.package_identification:_identify(venv/lib/python3.12/site-packages/pip/_internal/index) by extensions ['ignore', 'ignore_ament_install']
[1.991s] Level 1:colcon.colcon_core.package_identification:_identify(venv/lib/python3.12/site-packages/pip/_internal/index) by extension 'ignore'
[1.991s] Level 1:colcon.colcon_core.package_identification:_identify(venv/lib/python3.12/site-packages/pip/_internal/index) by extension 'ignore_ament_install'
[1.992s] Level 1:colcon.colcon_core.package_identification:_identify(venv/lib/python3.12/site-packages/pip/_internal/index) by extensions ['colcon_pkg']
[1.992s] Level 1:colcon.colcon_core.package_identification:_identify(venv/lib/python3.12/site-packages/pip/_internal/index) by extension 'colcon_pkg'
[1.992s] Level 1:colcon.colcon_core.package_identification:_identify(venv/lib/python3.12/site-packages/pip/_internal/index) by extensions ['colcon_meta']
[1.992s] Level 1:colcon.colcon_core.package_identification:_identify(venv/lib/python3.12/site-packages/pip/_internal/index) by extension 'colcon_meta'
[1.992s] Level 1:colcon.colcon_core.package_identification:_identify(venv/lib/python3.12/site-packages/pip/_internal/index) by extensions ['ros']
[1.992s] Level 1:colcon.colcon_core.package_identification:_identify(venv/lib/python3.12/site-packages/pip/_internal/index) by extension 'ros'
[1.993s] Level 1:colcon.colcon_core.package_identification:_identify(venv/lib/python3.12/site-packages/pip/_internal/index) by extensions ['cmake', 'python']
[1.993s] Level 1:colcon.colcon_core.package_identification:_identify(venv/lib/python3.12/site-packages/pip/_internal/index) by extension 'cmake'
[1.993s] Level 1:colcon.colcon_core.package_identification:_identify(venv/lib/python3.12/site-packages/pip/_internal/index) by extension 'python'
[1.993s] Level 1:colcon.colcon_core.package_identification:_identify(venv/lib/python3.12/site-packages/pip/_internal/index) by extensions ['python_setup_py']
[1.994s] Level 1:colcon.colcon_core.package_identification:_identify(venv/lib/python3.12/site-packages/pip/_internal/index) by extension 'python_setup_py'
[1.995s] Level 1:colcon.colcon_core.package_identification:_identify(venv/lib/python3.12/site-packages/pip/_internal/index/__pycache__) by extensions ['ignore', 'ignore_ament_install']
[1.995s] Level 1:colcon.colcon_core.package_identification:_identify(venv/lib/python3.12/site-packages/pip/_internal/index/__pycache__) by extension 'ignore'
[1.995s] Level 1:colcon.colcon_core.package_identification:_identify(venv/lib/python3.12/site-packages/pip/_internal/index/__pycache__) by extension 'ignore_ament_install'
[1.996s] Level 1:colcon.colcon_core.package_identification:_identify(venv/lib/python3.12/site-packages/pip/_internal/index/__pycache__) by extensions ['colcon_pkg']
[1.996s] Level 1:colcon.colcon_core.package_identification:_identify(venv/lib/python3.12/site-packages/pip/_internal/index/__pycache__) by extension 'colcon_pkg'
[1.996s] Level 1:colcon.colcon_core.package_identification:_identify(venv/lib/python3.12/site-packages/pip/_internal/index/__pycache__) by extensions ['colcon_meta']
[1.996s] Level 1:colcon.colcon_core.package_identification:_identify(venv/lib/python3.12/site-packages/pip/_internal/index/__pycache__) by extension 'colcon_meta'
[1.997s] Level 1:colcon.colcon_core.package_identification:_identify(venv/lib/python3.12/site-packages/pip/_internal/index/__pycache__) by extensions ['ros']
[1.997s] Level 1:colcon.colcon_core.package_identification:_identify(venv/lib/python3.12/site-packages/pip/_internal/index/__pycache__) by extension 'ros'
[1.998s] Level 1:colcon.colcon_core.package_identification:_identify(venv/lib/python3.12/site-packages/pip/_internal/index/__pycache__) by extensions ['cmake', 'python']
[1.998s] Level 1:colcon.colcon_core.package_identification:_identify(venv/lib/python3.12/site-packages/pip/_internal/index/__pycache__) by extension 'cmake'
[1.998s] Level 1:colcon.colcon_core.package_identification:_identify(venv/lib/python3.12/site-packages/pip/_internal/index/__pycache__) by extension 'python'
[1.998s] Level 1:colcon.colcon_core.package_identification:_identify(venv/lib/python3.12/site-packages/pip/_internal/index/__pycache__) by extensions ['python_setup_py']
[1.999s] Level 1:colcon.colcon_core.package_identification:_identify(venv/lib/python3.12/site-packages/pip/_internal/index/__pycache__) by extension 'python_setup_py'
[2.000s] Level 1:colcon.colcon_core.package_identification:_identify(venv/lib/python3.12/site-packages/pip/_internal/locations) by extensions ['ignore', 'ignore_ament_install']
[2.000s] Level 1:colcon.colcon_core.package_identification:_identify(venv/lib/python3.12/site-packages/pip/_internal/locations) by extension 'ignore'
[2.000s] Level 1:colcon.colcon_core.package_identification:_identify(venv/lib/python3.12/site-packages/pip/_internal/locations) by extension 'ignore_ament_install'
[2.001s] Level 1:colcon.colcon_core.package_identification:_identify(venv/lib/python3.12/site-packages/pip/_internal/locations) by extensions ['colcon_pkg']
[2.001s] Level 1:colcon.colcon_core.package_identification:_identify(venv/lib/python3.12/site-packages/pip/_internal/locations) by extension 'colcon_pkg'
[2.001s] Level 1:colcon.colcon_core.package_identification:_identify(venv/lib/python3.12/site-packages/pip/_internal/locations) by extensions ['colcon_meta']
[2.001s] Level 1:colcon.colcon_core.package_identification:_identify(venv/lib/python3.12/site-packages/pip/_internal/locations) by extension 'colcon_meta'
[2.001s] Level 1:colcon.colcon_core.package_identification:_identify(venv/lib/python3.12/site-packages/pip/_internal/locations) by extensions ['ros']
[2.002s] Level 1:colcon.colcon_core.package_identification:_identify(venv/lib/python3.12/site-packages/pip/_internal/locations) by extension 'ros'
[2.002s] Level 1:colcon.colcon_core.package_identification:_identify(venv/lib/python3.12/site-packages/pip/_internal/locations) by extensions ['cmake', 'python']
[2.002s] Level 1:colcon.colcon_core.package_identification:_identify(venv/lib/python3.12/site-packages/pip/_internal/locations) by extension 'cmake'
[2.002s] Level 1:colcon.colcon_core.package_identification:_identify(venv/lib/python3.12/site-packages/pip/_internal/locations) by extension 'python'
[2.003s] Level 1:colcon.colcon_core.package_identification:_identify(venv/lib/python3.12/site-packages/pip/_internal/locations) by extensions ['python_setup_py']
[2.003s] Level 1:colcon.colcon_core.package_identification:_identify(venv/lib/python3.12/site-packages/pip/_internal/locations) by extension 'python_setup_py'
[2.004s] Level 1:colcon.colcon_core.package_identification:_identify(venv/lib/python3.12/site-packages/pip/_internal/locations/__pycache__) by extensions ['ignore', 'ignore_ament_install']
[2.005s] Level 1:colcon.colcon_core.package_identification:_identify(venv/lib/python3.12/site-packages/pip/_internal/locations/__pycache__) by extension 'ignore'
[2.005s] Level 1:colcon.colcon_core.package_identification:_identify(venv/lib/python3.12/site-packages/pip/_internal/locations/__pycache__) by extension 'ignore_ament_install'
[2.005s] Level 1:colcon.colcon_core.package_identification:_identify(venv/lib/python3.12/site-packages/pip/_internal/locations/__pycache__) by extensions ['colcon_pkg']
[2.006s] Level 1:colcon.colcon_core.package_identification:_identify(venv/lib/python3.12/site-packages/pip/_internal/locations/__pycache__) by extension 'colcon_pkg'
[2.006s] Level 1:colcon.colcon_core.package_identification:_identify(venv/lib/python3.12/site-packages/pip/_internal/locations/__pycache__) by extensions ['colcon_meta']
[2.006s] Level 1:colcon.colcon_core.package_identification:_identify(venv/lib/python3.12/site-packages/pip/_internal/locations/__pycache__) by extension 'colcon_meta'
[2.006s] Level 1:colcon.colcon_core.package_identification:_identify(venv/lib/python3.12/site-packages/pip/_internal/locations/__pycache__) by extensions ['ros']
[2.006s] Level 1:colcon.colcon_core.package_identification:_identify(venv/lib/python3.12/site-packages/pip/_internal/locations/__pycache__) by extension 'ros'
[2.007s] Level 1:colcon.colcon_core.package_identification:_identify(venv/lib/python3.12/site-packages/pip/_internal/locations/__pycache__) by extensions ['cmake', 'python']
[2.007s] Level 1:colcon.colcon_core.package_identification:_identify(venv/lib/python3.12/site-packages/pip/_internal/locations/__pycache__) by extension 'cmake'
[2.007s] Level 1:colcon.colcon_core.package_identification:_identify(venv/lib/python3.12/site-packages/pip/_internal/locations/__pycache__) by extension 'python'
[2.007s] Level 1:colcon.colcon_core.package_identification:_identify(venv/lib/python3.12/site-packages/pip/_internal/locations/__pycache__) by extensions ['python_setup_py']
[2.007s] Level 1:colcon.colcon_core.package_identification:_identify(venv/lib/python3.12/site-packages/pip/_internal/locations/__pycache__) by extension 'python_setup_py'
[2.009s] Level 1:colcon.colcon_core.package_identification:_identify(venv/lib/python3.12/site-packages/pip/_internal/metadata) by extensions ['ignore', 'ignore_ament_install']
[2.009s] Level 1:colcon.colcon_core.package_identification:_identify(venv/lib/python3.12/site-packages/pip/_internal/metadata) by extension 'ignore'
[2.009s] Level 1:colcon.colcon_core.package_identification:_identify(venv/lib/python3.12/site-packages/pip/_internal/metadata) by extension 'ignore_ament_install'
[2.010s] Level 1:colcon.colcon_core.package_identification:_identify(venv/lib/python3.12/site-packages/pip/_internal/metadata) by extensions ['colcon_pkg']
[2.010s] Level 1:colcon.colcon_core.package_identification:_identify(venv/lib/python3.12/site-packages/pip/_internal/metadata) by extension 'colcon_pkg'
[2.010s] Level 1:colcon.colcon_core.package_identification:_identify(venv/lib/python3.12/site-packages/pip/_internal/metadata) by extensions ['colcon_meta']
[2.010s] Level 1:colcon.colcon_core.package_identification:_identify(venv/lib/python3.12/site-packages/pip/_internal/metadata) by extension 'colcon_meta'
[2.010s] Level 1:colcon.colcon_core.package_identification:_identify(venv/lib/python3.12/site-packages/pip/_internal/metadata) by extensions ['ros']
[2.010s] Level 1:colcon.colcon_core.package_identification:_identify(venv/lib/python3.12/site-packages/pip/_internal/metadata) by extension 'ros'
[2.011s] Level 1:colcon.colcon_core.package_identification:_identify(venv/lib/python3.12/site-packages/pip/_internal/metadata) by extensions ['cmake', 'python']
[2.011s] Level 1:colcon.colcon_core.package_identification:_identify(venv/lib/python3.12/site-packages/pip/_internal/metadata) by extension 'cmake'
[2.011s] Level 1:colcon.colcon_core.package_identification:_identify(venv/lib/python3.12/site-packages/pip/_internal/metadata) by extension 'python'
[2.011s] Level 1:colcon.colcon_core.package_identification:_identify(venv/lib/python3.12/site-packages/pip/_internal/metadata) by extensions ['python_setup_py']
[2.012s] Level 1:colcon.colcon_core.package_identification:_identify(venv/lib/python3.12/site-packages/pip/_internal/metadata) by extension 'python_setup_py'
[2.013s] Level 1:colcon.colcon_core.package_identification:_identify(venv/lib/python3.12/site-packages/pip/_internal/metadata/__pycache__) by extensions ['ignore', 'ignore_ament_install']
[2.013s] Level 1:colcon.colcon_core.package_identification:_identify(venv/lib/python3.12/site-packages/pip/_internal/metadata/__pycache__) by extension 'ignore'
[2.014s] Level 1:colcon.colcon_core.package_identification:_identify(venv/lib/python3.12/site-packages/pip/_internal/metadata/__pycache__) by extension 'ignore_ament_install'
[2.014s] Level 1:colcon.colcon_core.package_identification:_identify(venv/lib/python3.12/site-packages/pip/_internal/metadata/__pycache__) by extensions ['colcon_pkg']
[2.014s] Level 1:colcon.colcon_core.package_identification:_identify(venv/lib/python3.12/site-packages/pip/_internal/metadata/__pycache__) by extension 'colcon_pkg'
[2.014s] Level 1:colcon.colcon_core.package_identification:_identify(venv/lib/python3.12/site-packages/pip/_internal/metadata/__pycache__) by extensions ['colcon_meta']
[2.014s] Level 1:colcon.colcon_core.package_identification:_identify(venv/lib/python3.12/site-packages/pip/_internal/metadata/__pycache__) by extension 'colcon_meta'
[2.015s] Level 1:colcon.colcon_core.package_identification:_identify(venv/lib/python3.12/site-packages/pip/_internal/metadata/__pycache__) by extensions ['ros']
[2.015s] Level 1:colcon.colcon_core.package_identification:_identify(venv/lib/python3.12/site-packages/pip/_internal/metadata/__pycache__) by extension 'ros'
[2.015s] Level 1:colcon.colcon_core.package_identification:_identify(venv/lib/python3.12/site-packages/pip/_internal/metadata/__pycache__) by extensions ['cmake', 'python']
[2.015s] Level 1:colcon.colcon_core.package_identification:_identify(venv/lib/python3.12/site-packages/pip/_internal/metadata/__pycache__) by extension 'cmake'
[2.016s] Level 1:colcon.colcon_core.package_identification:_identify(venv/lib/python3.12/site-packages/pip/_internal/metadata/__pycache__) by extension 'python'
[2.016s] Level 1:colcon.colcon_core.package_identification:_identify(venv/lib/python3.12/site-packages/pip/_internal/metadata/__pycache__) by extensions ['python_setup_py']
[2.016s] Level 1:colcon.colcon_core.package_identification:_identify(venv/lib/python3.12/site-packages/pip/_internal/metadata/__pycache__) by extension 'python_setup_py'
[2.018s] Level 1:colcon.colcon_core.package_identification:_identify(venv/lib/python3.12/site-packages/pip/_internal/metadata/importlib) by extensions ['ignore', 'ignore_ament_install']
[2.018s] Level 1:colcon.colcon_core.package_identification:_identify(venv/lib/python3.12/site-packages/pip/_internal/metadata/importlib) by extension 'ignore'
[2.019s] Level 1:colcon.colcon_core.package_identification:_identify(venv/lib/python3.12/site-packages/pip/_internal/metadata/importlib) by extension 'ignore_ament_install'
[2.019s] Level 1:colcon.colcon_core.package_identification:_identify(venv/lib/python3.12/site-packages/pip/_internal/metadata/importlib) by extensions ['colcon_pkg']
[2.019s] Level 1:colcon.colcon_core.package_identification:_identify(venv/lib/python3.12/site-packages/pip/_internal/metadata/importlib) by extension 'colcon_pkg'
[2.019s] Level 1:colcon.colcon_core.package_identification:_identify(venv/lib/python3.12/site-packages/pip/_internal/metadata/importlib) by extensions ['colcon_meta']
[2.019s] Level 1:colcon.colcon_core.package_identification:_identify(venv/lib/python3.12/site-packages/pip/_internal/metadata/importlib) by extension 'colcon_meta'
[2.020s] Level 1:colcon.colcon_core.package_identification:_identify(venv/lib/python3.12/site-packages/pip/_internal/metadata/importlib) by extensions ['ros']
[2.020s] Level 1:colcon.colcon_core.package_identification:_identify(venv/lib/python3.12/site-packages/pip/_internal/metadata/importlib) by extension 'ros'
[2.020s] Level 1:colcon.colcon_core.package_identification:_identify(venv/lib/python3.12/site-packages/pip/_internal/metadata/importlib) by extensions ['cmake', 'python']
[2.021s] Level 1:colcon.colcon_core.package_identification:_identify(venv/lib/python3.12/site-packages/pip/_internal/metadata/importlib) by extension 'cmake'
[2.021s] Level 1:colcon.colcon_core.package_identification:_identify(venv/lib/python3.12/site-packages/pip/_internal/metadata/importlib) by extension 'python'
[2.021s] Level 1:colcon.colcon_core.package_identification:_identify(venv/lib/python3.12/site-packages/pip/_internal/metadata/importlib) by extensions ['python_setup_py']
[2.021s] Level 1:colcon.colcon_core.package_identification:_identify(venv/lib/python3.12/site-packages/pip/_internal/metadata/importlib) by extension 'python_setup_py'
[2.022s] Level 1:colcon.colcon_core.package_identification:_identify(venv/lib/python3.12/site-packages/pip/_internal/metadata/importlib/__pycache__) by extensions ['ignore', 'ignore_ament_install']
[2.023s] Level 1:colcon.colcon_core.package_identification:_identify(venv/lib/python3.12/site-packages/pip/_internal/metadata/importlib/__pycache__) by extension 'ignore'
[2.024s] Level 1:colcon.colcon_core.package_identification:_identify(venv/lib/python3.12/site-packages/pip/_internal/metadata/importlib/__pycache__) by extension 'ignore_ament_install'
[2.024s] Level 1:colcon.colcon_core.package_identification:_identify(venv/lib/python3.12/site-packages/pip/_internal/metadata/importlib/__pycache__) by extensions ['colcon_pkg']
[2.024s] Level 1:colcon.colcon_core.package_identification:_identify(venv/lib/python3.12/site-packages/pip/_internal/metadata/importlib/__pycache__) by extension 'colcon_pkg'
[2.024s] Level 1:colcon.colcon_core.package_identification:_identify(venv/lib/python3.12/site-packages/pip/_internal/metadata/importlib/__pycache__) by extensions ['colcon_meta']
[2.025s] Level 1:colcon.colcon_core.package_identification:_identify(venv/lib/python3.12/site-packages/pip/_internal/metadata/importlib/__pycache__) by extension 'colcon_meta'
[2.025s] Level 1:colcon.colcon_core.package_identification:_identify(venv/lib/python3.12/site-packages/pip/_internal/metadata/importlib/__pycache__) by extensions ['ros']
[2.025s] Level 1:colcon.colcon_core.package_identification:_identify(venv/lib/python3.12/site-packages/pip/_internal/metadata/importlib/__pycache__) by extension 'ros'
[2.026s] Level 1:colcon.colcon_core.package_identification:_identify(venv/lib/python3.12/site-packages/pip/_internal/metadata/importlib/__pycache__) by extensions ['cmake', 'python']
[2.026s] Level 1:colcon.colcon_core.package_identification:_identify(venv/lib/python3.12/site-packages/pip/_internal/metadata/importlib/__pycache__) by extension 'cmake'
[2.026s] Level 1:colcon.colcon_core.package_identification:_identify(venv/lib/python3.12/site-packages/pip/_internal/metadata/importlib/__pycache__) by extension 'python'
[2.026s] Level 1:colcon.colcon_core.package_identification:_identify(venv/lib/python3.12/site-packages/pip/_internal/metadata/importlib/__pycache__) by extensions ['python_setup_py']
[2.027s] Level 1:colcon.colcon_core.package_identification:_identify(venv/lib/python3.12/site-packages/pip/_internal/metadata/importlib/__pycache__) by extension 'python_setup_py'
[2.028s] Level 1:colcon.colcon_core.package_identification:_identify(venv/lib/python3.12/site-packages/pip/_internal/models) by extensions ['ignore', 'ignore_ament_install']
[2.028s] Level 1:colcon.colcon_core.package_identification:_identify(venv/lib/python3.12/site-packages/pip/_internal/models) by extension 'ignore'
[2.028s] Level 1:colcon.colcon_core.package_identification:_identify(venv/lib/python3.12/site-packages/pip/_internal/models) by extension 'ignore_ament_install'
[2.029s] Level 1:colcon.colcon_core.package_identification:_identify(venv/lib/python3.12/site-packages/pip/_internal/models) by extensions ['colcon_pkg']
[2.029s] Level 1:colcon.colcon_core.package_identification:_identify(venv/lib/python3.12/site-packages/pip/_internal/models) by extension 'colcon_pkg'
[2.029s] Level 1:colcon.colcon_core.package_identification:_identify(venv/lib/python3.12/site-packages/pip/_internal/models) by extensions ['colcon_meta']
[2.029s] Level 1:colcon.colcon_core.package_identification:_identify(venv/lib/python3.12/site-packages/pip/_internal/models) by extension 'colcon_meta'
[2.030s] Level 1:colcon.colcon_core.package_identification:_identify(venv/lib/python3.12/site-packages/pip/_internal/models) by extensions ['ros']
[2.030s] Level 1:colcon.colcon_core.package_identification:_identify(venv/lib/python3.12/site-packages/pip/_internal/models) by extension 'ros'
[2.030s] Level 1:colcon.colcon_core.package_identification:_identify(venv/lib/python3.12/site-packages/pip/_internal/models) by extensions ['cmake', 'python']
[2.030s] Level 1:colcon.colcon_core.package_identification:_identify(venv/lib/python3.12/site-packages/pip/_internal/models) by extension 'cmake'
[2.030s] Level 1:colcon.colcon_core.package_identification:_identify(venv/lib/python3.12/site-packages/pip/_internal/models) by extension 'python'
[2.031s] Level 1:colcon.colcon_core.package_identification:_identify(venv/lib/python3.12/site-packages/pip/_internal/models) by extensions ['python_setup_py']
[2.031s] Level 1:colcon.colcon_core.package_identification:_identify(venv/lib/python3.12/site-packages/pip/_internal/models) by extension 'python_setup_py'
[2.032s] Level 1:colcon.colcon_core.package_identification:_identify(venv/lib/python3.12/site-packages/pip/_internal/models/__pycache__) by extensions ['ignore', 'ignore_ament_install']
[2.033s] Level 1:colcon.colcon_core.package_identification:_identify(venv/lib/python3.12/site-packages/pip/_internal/models/__pycache__) by extension 'ignore'
[2.033s] Level 1:colcon.colcon_core.package_identification:_identify(venv/lib/python3.12/site-packages/pip/_internal/models/__pycache__) by extension 'ignore_ament_install'
[2.033s] Level 1:colcon.colcon_core.package_identification:_identify(venv/lib/python3.12/site-packages/pip/_internal/models/__pycache__) by extensions ['colcon_pkg']
[2.033s] Level 1:colcon.colcon_core.package_identification:_identify(venv/lib/python3.12/site-packages/pip/_internal/models/__pycache__) by extension 'colcon_pkg'
[2.034s] Level 1:colcon.colcon_core.package_identification:_identify(venv/lib/python3.12/site-packages/pip/_internal/models/__pycache__) by extensions ['colcon_meta']
[2.034s] Level 1:colcon.colcon_core.package_identification:_identify(venv/lib/python3.12/site-packages/pip/_internal/models/__pycache__) by extension 'colcon_meta'
[2.034s] Level 1:colcon.colcon_core.package_identification:_identify(venv/lib/python3.12/site-packages/pip/_internal/models/__pycache__) by extensions ['ros']
[2.034s] Level 1:colcon.colcon_core.package_identification:_identify(venv/lib/python3.12/site-packages/pip/_internal/models/__pycache__) by extension 'ros'
[2.035s] Level 1:colcon.colcon_core.package_identification:_identify(venv/lib/python3.12/site-packages/pip/_internal/models/__pycache__) by extensions ['cmake', 'python']
[2.035s] Level 1:colcon.colcon_core.package_identification:_identify(venv/lib/python3.12/site-packages/pip/_internal/models/__pycache__) by extension 'cmake'
[2.035s] Level 1:colcon.colcon_core.package_identification:_identify(venv/lib/python3.12/site-packages/pip/_internal/models/__pycache__) by extension 'python'
[2.035s] Level 1:colcon.colcon_core.package_identification:_identify(venv/lib/python3.12/site-packages/pip/_internal/models/__pycache__) by extensions ['python_setup_py']
[2.035s] Level 1:colcon.colcon_core.package_identification:_identify(venv/lib/python3.12/site-packages/pip/_internal/models/__pycache__) by extension 'python_setup_py'
[2.038s] Level 1:colcon.colcon_core.package_identification:_identify(venv/lib/python3.12/site-packages/pip/_internal/network) by extensions ['ignore', 'ignore_ament_install']
[2.039s] Level 1:colcon.colcon_core.package_identification:_identify(venv/lib/python3.12/site-packages/pip/_internal/network) by extension 'ignore'
[2.039s] Level 1:colcon.colcon_core.package_identification:_identify(venv/lib/python3.12/site-packages/pip/_internal/network) by extension 'ignore_ament_install'
[2.040s] Level 1:colcon.colcon_core.package_identification:_identify(venv/lib/python3.12/site-packages/pip/_internal/network) by extensions ['colcon_pkg']
[2.040s] Level 1:colcon.colcon_core.package_identification:_identify(venv/lib/python3.12/site-packages/pip/_internal/network) by extension 'colcon_pkg'
[2.040s] Level 1:colcon.colcon_core.package_identification:_identify(venv/lib/python3.12/site-packages/pip/_internal/network) by extensions ['colcon_meta']
[2.040s] Level 1:colcon.colcon_core.package_identification:_identify(venv/lib/python3.12/site-packages/pip/_internal/network) by extension 'colcon_meta'
[2.040s] Level 1:colcon.colcon_core.package_identification:_identify(venv/lib/python3.12/site-packages/pip/_internal/network) by extensions ['ros']
[2.041s] Level 1:colcon.colcon_core.package_identification:_identify(venv/lib/python3.12/site-packages/pip/_internal/network) by extension 'ros'
[2.041s] Level 1:colcon.colcon_core.package_identification:_identify(venv/lib/python3.12/site-packages/pip/_internal/network) by extensions ['cmake', 'python']
[2.041s] Level 1:colcon.colcon_core.package_identification:_identify(venv/lib/python3.12/site-packages/pip/_internal/network) by extension 'cmake'
[2.041s] Level 1:colcon.colcon_core.package_identification:_identify(venv/lib/python3.12/site-packages/pip/_internal/network) by extension 'python'
[2.042s] Level 1:colcon.colcon_core.package_identification:_identify(venv/lib/python3.12/site-packages/pip/_internal/network) by extensions ['python_setup_py']
[2.042s] Level 1:colcon.colcon_core.package_identification:_identify(venv/lib/python3.12/site-packages/pip/_internal/network) by extension 'python_setup_py'
[2.043s] Level 1:colcon.colcon_core.package_identification:_identify(venv/lib/python3.12/site-packages/pip/_internal/network/__pycache__) by extensions ['ignore', 'ignore_ament_install']
[2.043s] Level 1:colcon.colcon_core.package_identification:_identify(venv/lib/python3.12/site-packages/pip/_internal/network/__pycache__) by extension 'ignore'
[2.044s] Level 1:colcon.colcon_core.package_identification:_identify(venv/lib/python3.12/site-packages/pip/_internal/network/__pycache__) by extension 'ignore_ament_install'
[2.044s] Level 1:colcon.colcon_core.package_identification:_identify(venv/lib/python3.12/site-packages/pip/_internal/network/__pycache__) by extensions ['colcon_pkg']
[2.045s] Level 1:colcon.colcon_core.package_identification:_identify(venv/lib/python3.12/site-packages/pip/_internal/network/__pycache__) by extension 'colcon_pkg'
[2.045s] Level 1:colcon.colcon_core.package_identification:_identify(venv/lib/python3.12/site-packages/pip/_internal/network/__pycache__) by extensions ['colcon_meta']
[2.045s] Level 1:colcon.colcon_core.package_identification:_identify(venv/lib/python3.12/site-packages/pip/_internal/network/__pycache__) by extension 'colcon_meta'
[2.045s] Level 1:colcon.colcon_core.package_identification:_identify(venv/lib/python3.12/site-packages/pip/_internal/network/__pycache__) by extensions ['ros']
[2.045s] Level 1:colcon.colcon_core.package_identification:_identify(venv/lib/python3.12/site-packages/pip/_internal/network/__pycache__) by extension 'ros'
[2.046s] Level 1:colcon.colcon_core.package_identification:_identify(venv/lib/python3.12/site-packages/pip/_internal/network/__pycache__) by extensions ['cmake', 'python']
[2.046s] Level 1:colcon.colcon_core.package_identification:_identify(venv/lib/python3.12/site-packages/pip/_internal/network/__pycache__) by extension 'cmake'
[2.046s] Level 1:colcon.colcon_core.package_identification:_identify(venv/lib/python3.12/site-packages/pip/_internal/network/__pycache__) by extension 'python'
[2.047s] Level 1:colcon.colcon_core.package_identification:_identify(venv/lib/python3.12/site-packages/pip/_internal/network/__pycache__) by extensions ['python_setup_py']
[2.047s] Level 1:colcon.colcon_core.package_identification:_identify(venv/lib/python3.12/site-packages/pip/_internal/network/__pycache__) by extension 'python_setup_py'
[2.048s] Level 1:colcon.colcon_core.package_identification:_identify(venv/lib/python3.12/site-packages/pip/_internal/operations) by extensions ['ignore', 'ignore_ament_install']
[2.049s] Level 1:colcon.colcon_core.package_identification:_identify(venv/lib/python3.12/site-packages/pip/_internal/operations) by extension 'ignore'
[2.049s] Level 1:colcon.colcon_core.package_identification:_identify(venv/lib/python3.12/site-packages/pip/_internal/operations) by extension 'ignore_ament_install'
[2.049s] Level 1:colcon.colcon_core.package_identification:_identify(venv/lib/python3.12/site-packages/pip/_internal/operations) by extensions ['colcon_pkg']
[2.050s] Level 1:colcon.colcon_core.package_identification:_identify(venv/lib/python3.12/site-packages/pip/_internal/operations) by extension 'colcon_pkg'
[2.050s] Level 1:colcon.colcon_core.package_identification:_identify(venv/lib/python3.12/site-packages/pip/_internal/operations) by extensions ['colcon_meta']
[2.050s] Level 1:colcon.colcon_core.package_identification:_identify(venv/lib/python3.12/site-packages/pip/_internal/operations) by extension 'colcon_meta'
[2.050s] Level 1:colcon.colcon_core.package_identification:_identify(venv/lib/python3.12/site-packages/pip/_internal/operations) by extensions ['ros']
[2.050s] Level 1:colcon.colcon_core.package_identification:_identify(venv/lib/python3.12/site-packages/pip/_internal/operations) by extension 'ros'
[2.051s] Level 1:colcon.colcon_core.package_identification:_identify(venv/lib/python3.12/site-packages/pip/_internal/operations) by extensions ['cmake', 'python']
[2.051s] Level 1:colcon.colcon_core.package_identification:_identify(venv/lib/python3.12/site-packages/pip/_internal/operations) by extension 'cmake'
[2.051s] Level 1:colcon.colcon_core.package_identification:_identify(venv/lib/python3.12/site-packages/pip/_internal/operations) by extension 'python'
[2.052s] Level 1:colcon.colcon_core.package_identification:_identify(venv/lib/python3.12/site-packages/pip/_internal/operations) by extensions ['python_setup_py']
[2.052s] Level 1:colcon.colcon_core.package_identification:_identify(venv/lib/python3.12/site-packages/pip/_internal/operations) by extension 'python_setup_py'
[2.053s] Level 1:colcon.colcon_core.package_identification:_identify(venv/lib/python3.12/site-packages/pip/_internal/operations/__pycache__) by extensions ['ignore', 'ignore_ament_install']
[2.054s] Level 1:colcon.colcon_core.package_identification:_identify(venv/lib/python3.12/site-packages/pip/_internal/operations/__pycache__) by extension 'ignore'
[2.054s] Level 1:colcon.colcon_core.package_identification:_identify(venv/lib/python3.12/site-packages/pip/_internal/operations/__pycache__) by extension 'ignore_ament_install'
[2.054s] Level 1:colcon.colcon_core.package_identification:_identify(venv/lib/python3.12/site-packages/pip/_internal/operations/__pycache__) by extensions ['colcon_pkg']
[2.055s] Level 1:colcon.colcon_core.package_identification:_identify(venv/lib/python3.12/site-packages/pip/_internal/operations/__pycache__) by extension 'colcon_pkg'
[2.055s] Level 1:colcon.colcon_core.package_identification:_identify(venv/lib/python3.12/site-packages/pip/_internal/operations/__pycache__) by extensions ['colcon_meta']
[2.055s] Level 1:colcon.colcon_core.package_identification:_identify(venv/lib/python3.12/site-packages/pip/_internal/operations/__pycache__) by extension 'colcon_meta'
[2.055s] Level 1:colcon.colcon_core.package_identification:_identify(venv/lib/python3.12/site-packages/pip/_internal/operations/__pycache__) by extensions ['ros']
[2.055s] Level 1:colcon.colcon_core.package_identification:_identify(venv/lib/python3.12/site-packages/pip/_internal/operations/__pycache__) by extension 'ros'
[2.056s] Level 1:colcon.colcon_core.package_identification:_identify(venv/lib/python3.12/site-packages/pip/_internal/operations/__pycache__) by extensions ['cmake', 'python']
[2.056s] Level 1:colcon.colcon_core.package_identification:_identify(venv/lib/python3.12/site-packages/pip/_internal/operations/__pycache__) by extension 'cmake'
[2.057s] Level 1:colcon.colcon_core.package_identification:_identify(venv/lib/python3.12/site-packages/pip/_internal/operations/__pycache__) by extension 'python'
[2.057s] Level 1:colcon.colcon_core.package_identification:_identify(venv/lib/python3.12/site-packages/pip/_internal/operations/__pycache__) by extensions ['python_setup_py']
[2.057s] Level 1:colcon.colcon_core.package_identification:_identify(venv/lib/python3.12/site-packages/pip/_internal/operations/__pycache__) by extension 'python_setup_py'
[2.059s] Level 1:colcon.colcon_core.package_identification:_identify(venv/lib/python3.12/site-packages/pip/_internal/operations/build) by extensions ['ignore', 'ignore_ament_install']
[2.060s] Level 1:colcon.colcon_core.package_identification:_identify(venv/lib/python3.12/site-packages/pip/_internal/operations/build) by extension 'ignore'
[2.060s] Level 1:colcon.colcon_core.package_identification:_identify(venv/lib/python3.12/site-packages/pip/_internal/operations/build) by extension 'ignore_ament_install'
[2.060s] Level 1:colcon.colcon_core.package_identification:_identify(venv/lib/python3.12/site-packages/pip/_internal/operations/build) by extensions ['colcon_pkg']
[2.061s] Level 1:colcon.colcon_core.package_identification:_identify(venv/lib/python3.12/site-packages/pip/_internal/operations/build) by extension 'colcon_pkg'
[2.061s] Level 1:colcon.colcon_core.package_identification:_identify(venv/lib/python3.12/site-packages/pip/_internal/operations/build) by extensions ['colcon_meta']
[2.061s] Level 1:colcon.colcon_core.package_identification:_identify(venv/lib/python3.12/site-packages/pip/_internal/operations/build) by extension 'colcon_meta'
[2.061s] Level 1:colcon.colcon_core.package_identification:_identify(venv/lib/python3.12/site-packages/pip/_internal/operations/build) by extensions ['ros']
[2.061s] Level 1:colcon.colcon_core.package_identification:_identify(venv/lib/python3.12/site-packages/pip/_internal/operations/build) by extension 'ros'
[2.062s] Level 1:colcon.colcon_core.package_identification:_identify(venv/lib/python3.12/site-packages/pip/_internal/operations/build) by extensions ['cmake', 'python']
[2.062s] Level 1:colcon.colcon_core.package_identification:_identify(venv/lib/python3.12/site-packages/pip/_internal/operations/build) by extension 'cmake'
[2.062s] Level 1:colcon.colcon_core.package_identification:_identify(venv/lib/python3.12/site-packages/pip/_internal/operations/build) by extension 'python'
[2.063s] Level 1:colcon.colcon_core.package_identification:_identify(venv/lib/python3.12/site-packages/pip/_internal/operations/build) by extensions ['python_setup_py']
[2.063s] Level 1:colcon.colcon_core.package_identification:_identify(venv/lib/python3.12/site-packages/pip/_internal/operations/build) by extension 'python_setup_py'
[2.064s] Level 1:colcon.colcon_core.package_identification:_identify(venv/lib/python3.12/site-packages/pip/_internal/operations/build/__pycache__) by extensions ['ignore', 'ignore_ament_install']
[2.065s] Level 1:colcon.colcon_core.package_identification:_identify(venv/lib/python3.12/site-packages/pip/_internal/operations/build/__pycache__) by extension 'ignore'
[2.065s] Level 1:colcon.colcon_core.package_identification:_identify(venv/lib/python3.12/site-packages/pip/_internal/operations/build/__pycache__) by extension 'ignore_ament_install'
[2.065s] Level 1:colcon.colcon_core.package_identification:_identify(venv/lib/python3.12/site-packages/pip/_internal/operations/build/__pycache__) by extensions ['colcon_pkg']
[2.066s] Level 1:colcon.colcon_core.package_identification:_identify(venv/lib/python3.12/site-packages/pip/_internal/operations/build/__pycache__) by extension 'colcon_pkg'
[2.066s] Level 1:colcon.colcon_core.package_identification:_identify(venv/lib/python3.12/site-packages/pip/_internal/operations/build/__pycache__) by extensions ['colcon_meta']
[2.066s] Level 1:colcon.colcon_core.package_identification:_identify(venv/lib/python3.12/site-packages/pip/_internal/operations/build/__pycache__) by extension 'colcon_meta'
[2.066s] Level 1:colcon.colcon_core.package_identification:_identify(venv/lib/python3.12/site-packages/pip/_internal/operations/build/__pycache__) by extensions ['ros']
[2.066s] Level 1:colcon.colcon_core.package_identification:_identify(venv/lib/python3.12/site-packages/pip/_internal/operations/build/__pycache__) by extension 'ros'
[2.067s] Level 1:colcon.colcon_core.package_identification:_identify(venv/lib/python3.12/site-packages/pip/_internal/operations/build/__pycache__) by extensions ['cmake', 'python']
[2.067s] Level 1:colcon.colcon_core.package_identification:_identify(venv/lib/python3.12/site-packages/pip/_internal/operations/build/__pycache__) by extension 'cmake'
[2.067s] Level 1:colcon.colcon_core.package_identification:_identify(venv/lib/python3.12/site-packages/pip/_internal/operations/build/__pycache__) by extension 'python'
[2.068s] Level 1:colcon.colcon_core.package_identification:_identify(venv/lib/python3.12/site-packages/pip/_internal/operations/build/__pycache__) by extensions ['python_setup_py']
[2.068s] Level 1:colcon.colcon_core.package_identification:_identify(venv/lib/python3.12/site-packages/pip/_internal/operations/build/__pycache__) by extension 'python_setup_py'
[2.069s] Level 1:colcon.colcon_core.package_identification:_identify(venv/lib/python3.12/site-packages/pip/_internal/operations/install) by extensions ['ignore', 'ignore_ament_install']
[2.069s] Level 1:colcon.colcon_core.package_identification:_identify(venv/lib/python3.12/site-packages/pip/_internal/operations/install) by extension 'ignore'
[2.070s] Level 1:colcon.colcon_core.package_identification:_identify(venv/lib/python3.12/site-packages/pip/_internal/operations/install) by extension 'ignore_ament_install'
[2.070s] Level 1:colcon.colcon_core.package_identification:_identify(venv/lib/python3.12/site-packages/pip/_internal/operations/install) by extensions ['colcon_pkg']
[2.070s] Level 1:colcon.colcon_core.package_identification:_identify(venv/lib/python3.12/site-packages/pip/_internal/operations/install) by extension 'colcon_pkg'
[2.070s] Level 1:colcon.colcon_core.package_identification:_identify(venv/lib/python3.12/site-packages/pip/_internal/operations/install) by extensions ['colcon_meta']
[2.070s] Level 1:colcon.colcon_core.package_identification:_identify(venv/lib/python3.12/site-packages/pip/_internal/operations/install) by extension 'colcon_meta'
[2.071s] Level 1:colcon.colcon_core.package_identification:_identify(venv/lib/python3.12/site-packages/pip/_internal/operations/install) by extensions ['ros']
[2.071s] Level 1:colcon.colcon_core.package_identification:_identify(venv/lib/python3.12/site-packages/pip/_internal/operations/install) by extension 'ros'
[2.071s] Level 1:colcon.colcon_core.package_identification:_identify(venv/lib/python3.12/site-packages/pip/_internal/operations/install) by extensions ['cmake', 'python']
[2.072s] Level 1:colcon.colcon_core.package_identification:_identify(venv/lib/python3.12/site-packages/pip/_internal/operations/install) by extension 'cmake'
[2.072s] Level 1:colcon.colcon_core.package_identification:_identify(venv/lib/python3.12/site-packages/pip/_internal/operations/install) by extension 'python'
[2.072s] Level 1:colcon.colcon_core.package_identification:_identify(venv/lib/python3.12/site-packages/pip/_internal/operations/install) by extensions ['python_setup_py']
[2.072s] Level 1:colcon.colcon_core.package_identification:_identify(venv/lib/python3.12/site-packages/pip/_internal/operations/install) by extension 'python_setup_py'
[2.073s] Level 1:colcon.colcon_core.package_identification:_identify(venv/lib/python3.12/site-packages/pip/_internal/operations/install/__pycache__) by extensions ['ignore', 'ignore_ament_install']
[2.074s] Level 1:colcon.colcon_core.package_identification:_identify(venv/lib/python3.12/site-packages/pip/_internal/operations/install/__pycache__) by extension 'ignore'
[2.074s] Level 1:colcon.colcon_core.package_identification:_identify(venv/lib/python3.12/site-packages/pip/_internal/operations/install/__pycache__) by extension 'ignore_ament_install'
[2.075s] Level 1:colcon.colcon_core.package_identification:_identify(venv/lib/python3.12/site-packages/pip/_internal/operations/install/__pycache__) by extensions ['colcon_pkg']
[2.075s] Level 1:colcon.colcon_core.package_identification:_identify(venv/lib/python3.12/site-packages/pip/_internal/operations/install/__pycache__) by extension 'colcon_pkg'
[2.075s] Level 1:colcon.colcon_core.package_identification:_identify(venv/lib/python3.12/site-packages/pip/_internal/operations/install/__pycache__) by extensions ['colcon_meta']
[2.075s] Level 1:colcon.colcon_core.package_identification:_identify(venv/lib/python3.12/site-packages/pip/_internal/operations/install/__pycache__) by extension 'colcon_meta'
[2.075s] Level 1:colcon.colcon_core.package_identification:_identify(venv/lib/python3.12/site-packages/pip/_internal/operations/install/__pycache__) by extensions ['ros']
[2.076s] Level 1:colcon.colcon_core.package_identification:_identify(venv/lib/python3.12/site-packages/pip/_internal/operations/install/__pycache__) by extension 'ros'
[2.076s] Level 1:colcon.colcon_core.package_identification:_identify(venv/lib/python3.12/site-packages/pip/_internal/operations/install/__pycache__) by extensions ['cmake', 'python']
[2.076s] Level 1:colcon.colcon_core.package_identification:_identify(venv/lib/python3.12/site-packages/pip/_internal/operations/install/__pycache__) by extension 'cmake'
[2.077s] Level 1:colcon.colcon_core.package_identification:_identify(venv/lib/python3.12/site-packages/pip/_internal/operations/install/__pycache__) by extension 'python'
[2.077s] Level 1:colcon.colcon_core.package_identification:_identify(venv/lib/python3.12/site-packages/pip/_internal/operations/install/__pycache__) by extensions ['python_setup_py']
[2.077s] Level 1:colcon.colcon_core.package_identification:_identify(venv/lib/python3.12/site-packages/pip/_internal/operations/install/__pycache__) by extension 'python_setup_py'
[2.079s] Level 1:colcon.colcon_core.package_identification:_identify(venv/lib/python3.12/site-packages/pip/_internal/req) by extensions ['ignore', 'ignore_ament_install']
[2.080s] Level 1:colcon.colcon_core.package_identification:_identify(venv/lib/python3.12/site-packages/pip/_internal/req) by extension 'ignore'
[2.080s] Level 1:colcon.colcon_core.package_identification:_identify(venv/lib/python3.12/site-packages/pip/_internal/req) by extension 'ignore_ament_install'
[2.080s] Level 1:colcon.colcon_core.package_identification:_identify(venv/lib/python3.12/site-packages/pip/_internal/req) by extensions ['colcon_pkg']
[2.080s] Level 1:colcon.colcon_core.package_identification:_identify(venv/lib/python3.12/site-packages/pip/_internal/req) by extension 'colcon_pkg'
[2.081s] Level 1:colcon.colcon_core.package_identification:_identify(venv/lib/python3.12/site-packages/pip/_internal/req) by extensions ['colcon_meta']
[2.081s] Level 1:colcon.colcon_core.package_identification:_identify(venv/lib/python3.12/site-packages/pip/_internal/req) by extension 'colcon_meta'
[2.081s] Level 1:colcon.colcon_core.package_identification:_identify(venv/lib/python3.12/site-packages/pip/_internal/req) by extensions ['ros']
[2.081s] Level 1:colcon.colcon_core.package_identification:_identify(venv/lib/python3.12/site-packages/pip/_internal/req) by extension 'ros'
[2.082s] Level 1:colcon.colcon_core.package_identification:_identify(venv/lib/python3.12/site-packages/pip/_internal/req) by extensions ['cmake', 'python']
[2.082s] Level 1:colcon.colcon_core.package_identification:_identify(venv/lib/python3.12/site-packages/pip/_internal/req) by extension 'cmake'
[2.082s] Level 1:colcon.colcon_core.package_identification:_identify(venv/lib/python3.12/site-packages/pip/_internal/req) by extension 'python'
[2.082s] Level 1:colcon.colcon_core.package_identification:_identify(venv/lib/python3.12/site-packages/pip/_internal/req) by extensions ['python_setup_py']
[2.082s] Level 1:colcon.colcon_core.package_identification:_identify(venv/lib/python3.12/site-packages/pip/_internal/req) by extension 'python_setup_py'
[2.084s] Level 1:colcon.colcon_core.package_identification:_identify(venv/lib/python3.12/site-packages/pip/_internal/req/__pycache__) by extensions ['ignore', 'ignore_ament_install']
[2.084s] Level 1:colcon.colcon_core.package_identification:_identify(venv/lib/python3.12/site-packages/pip/_internal/req/__pycache__) by extension 'ignore'
[2.085s] Level 1:colcon.colcon_core.package_identification:_identify(venv/lib/python3.12/site-packages/pip/_internal/req/__pycache__) by extension 'ignore_ament_install'
[2.085s] Level 1:colcon.colcon_core.package_identification:_identify(venv/lib/python3.12/site-packages/pip/_internal/req/__pycache__) by extensions ['colcon_pkg']
[2.085s] Level 1:colcon.colcon_core.package_identification:_identify(venv/lib/python3.12/site-packages/pip/_internal/req/__pycache__) by extension 'colcon_pkg'
[2.086s] Level 1:colcon.colcon_core.package_identification:_identify(venv/lib/python3.12/site-packages/pip/_internal/req/__pycache__) by extensions ['colcon_meta']
[2.086s] Level 1:colcon.colcon_core.package_identification:_identify(venv/lib/python3.12/site-packages/pip/_internal/req/__pycache__) by extension 'colcon_meta'
[2.086s] Level 1:colcon.colcon_core.package_identification:_identify(venv/lib/python3.12/site-packages/pip/_internal/req/__pycache__) by extensions ['ros']
[2.086s] Level 1:colcon.colcon_core.package_identification:_identify(venv/lib/python3.12/site-packages/pip/_internal/req/__pycache__) by extension 'ros'
[2.087s] Level 1:colcon.colcon_core.package_identification:_identify(venv/lib/python3.12/site-packages/pip/_internal/req/__pycache__) by extensions ['cmake', 'python']
[2.087s] Level 1:colcon.colcon_core.package_identification:_identify(venv/lib/python3.12/site-packages/pip/_internal/req/__pycache__) by extension 'cmake'
[2.087s] Level 1:colcon.colcon_core.package_identification:_identify(venv/lib/python3.12/site-packages/pip/_internal/req/__pycache__) by extension 'python'
[2.087s] Level 1:colcon.colcon_core.package_identification:_identify(venv/lib/python3.12/site-packages/pip/_internal/req/__pycache__) by extensions ['python_setup_py']
[2.087s] Level 1:colcon.colcon_core.package_identification:_identify(venv/lib/python3.12/site-packages/pip/_internal/req/__pycache__) by extension 'python_setup_py'
[2.088s] Level 1:colcon.colcon_core.package_identification:_identify(venv/lib/python3.12/site-packages/pip/_internal/resolution) by extensions ['ignore', 'ignore_ament_install']
[2.089s] Level 1:colcon.colcon_core.package_identification:_identify(venv/lib/python3.12/site-packages/pip/_internal/resolution) by extension 'ignore'
[2.089s] Level 1:colcon.colcon_core.package_identification:_identify(venv/lib/python3.12/site-packages/pip/_internal/resolution) by extension 'ignore_ament_install'
[2.089s] Level 1:colcon.colcon_core.package_identification:_identify(venv/lib/python3.12/site-packages/pip/_internal/resolution) by extensions ['colcon_pkg']
[2.090s] Level 1:colcon.colcon_core.package_identification:_identify(venv/lib/python3.12/site-packages/pip/_internal/resolution) by extension 'colcon_pkg'
[2.090s] Level 1:colcon.colcon_core.package_identification:_identify(venv/lib/python3.12/site-packages/pip/_internal/resolution) by extensions ['colcon_meta']
[2.090s] Level 1:colcon.colcon_core.package_identification:_identify(venv/lib/python3.12/site-packages/pip/_internal/resolution) by extension 'colcon_meta'
[2.090s] Level 1:colcon.colcon_core.package_identification:_identify(venv/lib/python3.12/site-packages/pip/_internal/resolution) by extensions ['ros']
[2.090s] Level 1:colcon.colcon_core.package_identification:_identify(venv/lib/python3.12/site-packages/pip/_internal/resolution) by extension 'ros'
[2.091s] Level 1:colcon.colcon_core.package_identification:_identify(venv/lib/python3.12/site-packages/pip/_internal/resolution) by extensions ['cmake', 'python']
[2.091s] Level 1:colcon.colcon_core.package_identification:_identify(venv/lib/python3.12/site-packages/pip/_internal/resolution) by extension 'cmake'
[2.091s] Level 1:colcon.colcon_core.package_identification:_identify(venv/lib/python3.12/site-packages/pip/_internal/resolution) by extension 'python'
[2.091s] Level 1:colcon.colcon_core.package_identification:_identify(venv/lib/python3.12/site-packages/pip/_internal/resolution) by extensions ['python_setup_py']
[2.092s] Level 1:colcon.colcon_core.package_identification:_identify(venv/lib/python3.12/site-packages/pip/_internal/resolution) by extension 'python_setup_py'
[2.093s] Level 1:colcon.colcon_core.package_identification:_identify(venv/lib/python3.12/site-packages/pip/_internal/resolution/__pycache__) by extensions ['ignore', 'ignore_ament_install']
[2.093s] Level 1:colcon.colcon_core.package_identification:_identify(venv/lib/python3.12/site-packages/pip/_internal/resolution/__pycache__) by extension 'ignore'
[2.093s] Level 1:colcon.colcon_core.package_identification:_identify(venv/lib/python3.12/site-packages/pip/_internal/resolution/__pycache__) by extension 'ignore_ament_install'
[2.094s] Level 1:colcon.colcon_core.package_identification:_identify(venv/lib/python3.12/site-packages/pip/_internal/resolution/__pycache__) by extensions ['colcon_pkg']
[2.094s] Level 1:colcon.colcon_core.package_identification:_identify(venv/lib/python3.12/site-packages/pip/_internal/resolution/__pycache__) by extension 'colcon_pkg'
[2.094s] Level 1:colcon.colcon_core.package_identification:_identify(venv/lib/python3.12/site-packages/pip/_internal/resolution/__pycache__) by extensions ['colcon_meta']
[2.094s] Level 1:colcon.colcon_core.package_identification:_identify(venv/lib/python3.12/site-packages/pip/_internal/resolution/__pycache__) by extension 'colcon_meta'
[2.095s] Level 1:colcon.colcon_core.package_identification:_identify(venv/lib/python3.12/site-packages/pip/_internal/resolution/__pycache__) by extensions ['ros']
[2.095s] Level 1:colcon.colcon_core.package_identification:_identify(venv/lib/python3.12/site-packages/pip/_internal/resolution/__pycache__) by extension 'ros'
[2.095s] Level 1:colcon.colcon_core.package_identification:_identify(venv/lib/python3.12/site-packages/pip/_internal/resolution/__pycache__) by extensions ['cmake', 'python']
[2.096s] Level 1:colcon.colcon_core.package_identification:_identify(venv/lib/python3.12/site-packages/pip/_internal/resolution/__pycache__) by extension 'cmake'
[2.096s] Level 1:colcon.colcon_core.package_identification:_identify(venv/lib/python3.12/site-packages/pip/_internal/resolution/__pycache__) by extension 'python'
[2.096s] Level 1:colcon.colcon_core.package_identification:_identify(venv/lib/python3.12/site-packages/pip/_internal/resolution/__pycache__) by extensions ['python_setup_py']
[2.096s] Level 1:colcon.colcon_core.package_identification:_identify(venv/lib/python3.12/site-packages/pip/_internal/resolution/__pycache__) by extension 'python_setup_py'
[2.098s] Level 1:colcon.colcon_core.package_identification:_identify(venv/lib/python3.12/site-packages/pip/_internal/resolution/legacy) by extensions ['ignore', 'ignore_ament_install']
[2.098s] Level 1:colcon.colcon_core.package_identification:_identify(venv/lib/python3.12/site-packages/pip/_internal/resolution/legacy) by extension 'ignore'
[2.099s] Level 1:colcon.colcon_core.package_identification:_identify(venv/lib/python3.12/site-packages/pip/_internal/resolution/legacy) by extension 'ignore_ament_install'
[2.099s] Level 1:colcon.colcon_core.package_identification:_identify(venv/lib/python3.12/site-packages/pip/_internal/resolution/legacy) by extensions ['colcon_pkg']
[2.099s] Level 1:colcon.colcon_core.package_identification:_identify(venv/lib/python3.12/site-packages/pip/_internal/resolution/legacy) by extension 'colcon_pkg'
[2.099s] Level 1:colcon.colcon_core.package_identification:_identify(venv/lib/python3.12/site-packages/pip/_internal/resolution/legacy) by extensions ['colcon_meta']
[2.100s] Level 1:colcon.colcon_core.package_identification:_identify(venv/lib/python3.12/site-packages/pip/_internal/resolution/legacy) by extension 'colcon_meta'
[2.100s] Level 1:colcon.colcon_core.package_identification:_identify(venv/lib/python3.12/site-packages/pip/_internal/resolution/legacy) by extensions ['ros']
[2.100s] Level 1:colcon.colcon_core.package_identification:_identify(venv/lib/python3.12/site-packages/pip/_internal/resolution/legacy) by extension 'ros'
[2.100s] Level 1:colcon.colcon_core.package_identification:_identify(venv/lib/python3.12/site-packages/pip/_internal/resolution/legacy) by extensions ['cmake', 'python']
[2.101s] Level 1:colcon.colcon_core.package_identification:_identify(venv/lib/python3.12/site-packages/pip/_internal/resolution/legacy) by extension 'cmake'
[2.101s] Level 1:colcon.colcon_core.package_identification:_identify(venv/lib/python3.12/site-packages/pip/_internal/resolution/legacy) by extension 'python'
[2.101s] Level 1:colcon.colcon_core.package_identification:_identify(venv/lib/python3.12/site-packages/pip/_internal/resolution/legacy) by extensions ['python_setup_py']
[2.101s] Level 1:colcon.colcon_core.package_identification:_identify(venv/lib/python3.12/site-packages/pip/_internal/resolution/legacy) by extension 'python_setup_py'
[2.102s] Level 1:colcon.colcon_core.package_identification:_identify(venv/lib/python3.12/site-packages/pip/_internal/resolution/legacy/__pycache__) by extensions ['ignore', 'ignore_ament_install']
[2.103s] Level 1:colcon.colcon_core.package_identification:_identify(venv/lib/python3.12/site-packages/pip/_internal/resolution/legacy/__pycache__) by extension 'ignore'
[2.103s] Level 1:colcon.colcon_core.package_identification:_identify(venv/lib/python3.12/site-packages/pip/_internal/resolution/legacy/__pycache__) by extension 'ignore_ament_install'
[2.104s] Level 1:colcon.colcon_core.package_identification:_identify(venv/lib/python3.12/site-packages/pip/_internal/resolution/legacy/__pycache__) by extensions ['colcon_pkg']
[2.104s] Level 1:colcon.colcon_core.package_identification:_identify(venv/lib/python3.12/site-packages/pip/_internal/resolution/legacy/__pycache__) by extension 'colcon_pkg'
[2.104s] Level 1:colcon.colcon_core.package_identification:_identify(venv/lib/python3.12/site-packages/pip/_internal/resolution/legacy/__pycache__) by extensions ['colcon_meta']
[2.104s] Level 1:colcon.colcon_core.package_identification:_identify(venv/lib/python3.12/site-packages/pip/_internal/resolution/legacy/__pycache__) by extension 'colcon_meta'
[2.105s] Level 1:colcon.colcon_core.package_identification:_identify(venv/lib/python3.12/site-packages/pip/_internal/resolution/legacy/__pycache__) by extensions ['ros']
[2.105s] Level 1:colcon.colcon_core.package_identification:_identify(venv/lib/python3.12/site-packages/pip/_internal/resolution/legacy/__pycache__) by extension 'ros'
[2.106s] Level 1:colcon.colcon_core.package_identification:_identify(venv/lib/python3.12/site-packages/pip/_internal/resolution/legacy/__pycache__) by extensions ['cmake', 'python']
[2.106s] Level 1:colcon.colcon_core.package_identification:_identify(venv/lib/python3.12/site-packages/pip/_internal/resolution/legacy/__pycache__) by extension 'cmake'
[2.106s] Level 1:colcon.colcon_core.package_identification:_identify(venv/lib/python3.12/site-packages/pip/_internal/resolution/legacy/__pycache__) by extension 'python'
[2.106s] Level 1:colcon.colcon_core.package_identification:_identify(venv/lib/python3.12/site-packages/pip/_internal/resolution/legacy/__pycache__) by extensions ['python_setup_py']
[2.106s] Level 1:colcon.colcon_core.package_identification:_identify(venv/lib/python3.12/site-packages/pip/_internal/resolution/legacy/__pycache__) by extension 'python_setup_py'
[2.107s] Level 1:colcon.colcon_core.package_identification:_identify(venv/lib/python3.12/site-packages/pip/_internal/resolution/resolvelib) by extensions ['ignore', 'ignore_ament_install']
[2.108s] Level 1:colcon.colcon_core.package_identification:_identify(venv/lib/python3.12/site-packages/pip/_internal/resolution/resolvelib) by extension 'ignore'
[2.108s] Level 1:colcon.colcon_core.package_identification:_identify(venv/lib/python3.12/site-packages/pip/_internal/resolution/resolvelib) by extension 'ignore_ament_install'
[2.108s] Level 1:colcon.colcon_core.package_identification:_identify(venv/lib/python3.12/site-packages/pip/_internal/resolution/resolvelib) by extensions ['colcon_pkg']
[2.109s] Level 1:colcon.colcon_core.package_identification:_identify(venv/lib/python3.12/site-packages/pip/_internal/resolution/resolvelib) by extension 'colcon_pkg'
[2.109s] Level 1:colcon.colcon_core.package_identification:_identify(venv/lib/python3.12/site-packages/pip/_internal/resolution/resolvelib) by extensions ['colcon_meta']
[2.109s] Level 1:colcon.colcon_core.package_identification:_identify(venv/lib/python3.12/site-packages/pip/_internal/resolution/resolvelib) by extension 'colcon_meta'
[2.109s] Level 1:colcon.colcon_core.package_identification:_identify(venv/lib/python3.12/site-packages/pip/_internal/resolution/resolvelib) by extensions ['ros']
[2.109s] Level 1:colcon.colcon_core.package_identification:_identify(venv/lib/python3.12/site-packages/pip/_internal/resolution/resolvelib) by extension 'ros'
[2.110s] Level 1:colcon.colcon_core.package_identification:_identify(venv/lib/python3.12/site-packages/pip/_internal/resolution/resolvelib) by extensions ['cmake', 'python']
[2.110s] Level 1:colcon.colcon_core.package_identification:_identify(venv/lib/python3.12/site-packages/pip/_internal/resolution/resolvelib) by extension 'cmake'
[2.110s] Level 1:colcon.colcon_core.package_identification:_identify(venv/lib/python3.12/site-packages/pip/_internal/resolution/resolvelib) by extension 'python'
[2.110s] Level 1:colcon.colcon_core.package_identification:_identify(venv/lib/python3.12/site-packages/pip/_internal/resolution/resolvelib) by extensions ['python_setup_py']
[2.110s] Level 1:colcon.colcon_core.package_identification:_identify(venv/lib/python3.12/site-packages/pip/_internal/resolution/resolvelib) by extension 'python_setup_py'
[2.112s] Level 1:colcon.colcon_core.package_identification:_identify(venv/lib/python3.12/site-packages/pip/_internal/resolution/resolvelib/__pycache__) by extensions ['ignore', 'ignore_ament_install']
[2.112s] Level 1:colcon.colcon_core.package_identification:_identify(venv/lib/python3.12/site-packages/pip/_internal/resolution/resolvelib/__pycache__) by extension 'ignore'
[2.112s] Level 1:colcon.colcon_core.package_identification:_identify(venv/lib/python3.12/site-packages/pip/_internal/resolution/resolvelib/__pycache__) by extension 'ignore_ament_install'
[2.113s] Level 1:colcon.colcon_core.package_identification:_identify(venv/lib/python3.12/site-packages/pip/_internal/resolution/resolvelib/__pycache__) by extensions ['colcon_pkg']
[2.113s] Level 1:colcon.colcon_core.package_identification:_identify(venv/lib/python3.12/site-packages/pip/_internal/resolution/resolvelib/__pycache__) by extension 'colcon_pkg'
[2.113s] Level 1:colcon.colcon_core.package_identification:_identify(venv/lib/python3.12/site-packages/pip/_internal/resolution/resolvelib/__pycache__) by extensions ['colcon_meta']
[2.113s] Level 1:colcon.colcon_core.package_identification:_identify(venv/lib/python3.12/site-packages/pip/_internal/resolution/resolvelib/__pycache__) by extension 'colcon_meta'
[2.114s] Level 1:colcon.colcon_core.package_identification:_identify(venv/lib/python3.12/site-packages/pip/_internal/resolution/resolvelib/__pycache__) by extensions ['ros']
[2.114s] Level 1:colcon.colcon_core.package_identification:_identify(venv/lib/python3.12/site-packages/pip/_internal/resolution/resolvelib/__pycache__) by extension 'ros'
[2.114s] Level 1:colcon.colcon_core.package_identification:_identify(venv/lib/python3.12/site-packages/pip/_internal/resolution/resolvelib/__pycache__) by extensions ['cmake', 'python']
[2.114s] Level 1:colcon.colcon_core.package_identification:_identify(venv/lib/python3.12/site-packages/pip/_internal/resolution/resolvelib/__pycache__) by extension 'cmake'
[2.114s] Level 1:colcon.colcon_core.package_identification:_identify(venv/lib/python3.12/site-packages/pip/_internal/resolution/resolvelib/__pycache__) by extension 'python'
[2.115s] Level 1:colcon.colcon_core.package_identification:_identify(venv/lib/python3.12/site-packages/pip/_internal/resolution/resolvelib/__pycache__) by extensions ['python_setup_py']
[2.115s] Level 1:colcon.colcon_core.package_identification:_identify(venv/lib/python3.12/site-packages/pip/_internal/resolution/resolvelib/__pycache__) by extension 'python_setup_py'
[2.116s] Level 1:colcon.colcon_core.package_identification:_identify(venv/lib/python3.12/site-packages/pip/_internal/utils) by extensions ['ignore', 'ignore_ament_install']
[2.117s] Level 1:colcon.colcon_core.package_identification:_identify(venv/lib/python3.12/site-packages/pip/_internal/utils) by extension 'ignore'
[2.117s] Level 1:colcon.colcon_core.package_identification:_identify(venv/lib/python3.12/site-packages/pip/_internal/utils) by extension 'ignore_ament_install'
[2.118s] Level 1:colcon.colcon_core.package_identification:_identify(venv/lib/python3.12/site-packages/pip/_internal/utils) by extensions ['colcon_pkg']
[2.118s] Level 1:colcon.colcon_core.package_identification:_identify(venv/lib/python3.12/site-packages/pip/_internal/utils) by extension 'colcon_pkg'
[2.118s] Level 1:colcon.colcon_core.package_identification:_identify(venv/lib/python3.12/site-packages/pip/_internal/utils) by extensions ['colcon_meta']
[2.118s] Level 1:colcon.colcon_core.package_identification:_identify(venv/lib/python3.12/site-packages/pip/_internal/utils) by extension 'colcon_meta'
[2.119s] Level 1:colcon.colcon_core.package_identification:_identify(venv/lib/python3.12/site-packages/pip/_internal/utils) by extensions ['ros']
[2.119s] Level 1:colcon.colcon_core.package_identification:_identify(venv/lib/python3.12/site-packages/pip/_internal/utils) by extension 'ros'
[2.119s] Level 1:colcon.colcon_core.package_identification:_identify(venv/lib/python3.12/site-packages/pip/_internal/utils) by extensions ['cmake', 'python']
[2.120s] Level 1:colcon.colcon_core.package_identification:_identify(venv/lib/python3.12/site-packages/pip/_internal/utils) by extension 'cmake'
[2.120s] Level 1:colcon.colcon_core.package_identification:_identify(venv/lib/python3.12/site-packages/pip/_internal/utils) by extension 'python'
[2.120s] Level 1:colcon.colcon_core.package_identification:_identify(venv/lib/python3.12/site-packages/pip/_internal/utils) by extensions ['python_setup_py']
[2.120s] Level 1:colcon.colcon_core.package_identification:_identify(venv/lib/python3.12/site-packages/pip/_internal/utils) by extension 'python_setup_py'
[2.122s] Level 1:colcon.colcon_core.package_identification:_identify(venv/lib/python3.12/site-packages/pip/_internal/utils/__pycache__) by extensions ['ignore', 'ignore_ament_install']
[2.122s] Level 1:colcon.colcon_core.package_identification:_identify(venv/lib/python3.12/site-packages/pip/_internal/utils/__pycache__) by extension 'ignore'
[2.122s] Level 1:colcon.colcon_core.package_identification:_identify(venv/lib/python3.12/site-packages/pip/_internal/utils/__pycache__) by extension 'ignore_ament_install'
[2.123s] Level 1:colcon.colcon_core.package_identification:_identify(venv/lib/python3.12/site-packages/pip/_internal/utils/__pycache__) by extensions ['colcon_pkg']
[2.123s] Level 1:colcon.colcon_core.package_identification:_identify(venv/lib/python3.12/site-packages/pip/_internal/utils/__pycache__) by extension 'colcon_pkg'
[2.123s] Level 1:colcon.colcon_core.package_identification:_identify(venv/lib/python3.12/site-packages/pip/_internal/utils/__pycache__) by extensions ['colcon_meta']
[2.124s] Level 1:colcon.colcon_core.package_identification:_identify(venv/lib/python3.12/site-packages/pip/_internal/utils/__pycache__) by extension 'colcon_meta'
[2.124s] Level 1:colcon.colcon_core.package_identification:_identify(venv/lib/python3.12/site-packages/pip/_internal/utils/__pycache__) by extensions ['ros']
[2.124s] Level 1:colcon.colcon_core.package_identification:_identify(venv/lib/python3.12/site-packages/pip/_internal/utils/__pycache__) by extension 'ros'
[2.125s] Level 1:colcon.colcon_core.package_identification:_identify(venv/lib/python3.12/site-packages/pip/_internal/utils/__pycache__) by extensions ['cmake', 'python']
[2.125s] Level 1:colcon.colcon_core.package_identification:_identify(venv/lib/python3.12/site-packages/pip/_internal/utils/__pycache__) by extension 'cmake'
[2.125s] Level 1:colcon.colcon_core.package_identification:_identify(venv/lib/python3.12/site-packages/pip/_internal/utils/__pycache__) by extension 'python'
[2.126s] Level 1:colcon.colcon_core.package_identification:_identify(venv/lib/python3.12/site-packages/pip/_internal/utils/__pycache__) by extensions ['python_setup_py']
[2.126s] Level 1:colcon.colcon_core.package_identification:_identify(venv/lib/python3.12/site-packages/pip/_internal/utils/__pycache__) by extension 'python_setup_py'
[2.127s] Level 1:colcon.colcon_core.package_identification:_identify(venv/lib/python3.12/site-packages/pip/_internal/vcs) by extensions ['ignore', 'ignore_ament_install']
[2.128s] Level 1:colcon.colcon_core.package_identification:_identify(venv/lib/python3.12/site-packages/pip/_internal/vcs) by extension 'ignore'
[2.128s] Level 1:colcon.colcon_core.package_identification:_identify(venv/lib/python3.12/site-packages/pip/_internal/vcs) by extension 'ignore_ament_install'
[2.128s] Level 1:colcon.colcon_core.package_identification:_identify(venv/lib/python3.12/site-packages/pip/_internal/vcs) by extensions ['colcon_pkg']
[2.129s] Level 1:colcon.colcon_core.package_identification:_identify(venv/lib/python3.12/site-packages/pip/_internal/vcs) by extension 'colcon_pkg'
[2.129s] Level 1:colcon.colcon_core.package_identification:_identify(venv/lib/python3.12/site-packages/pip/_internal/vcs) by extensions ['colcon_meta']
[2.129s] Level 1:colcon.colcon_core.package_identification:_identify(venv/lib/python3.12/site-packages/pip/_internal/vcs) by extension 'colcon_meta'
[2.129s] Level 1:colcon.colcon_core.package_identification:_identify(venv/lib/python3.12/site-packages/pip/_internal/vcs) by extensions ['ros']
[2.129s] Level 1:colcon.colcon_core.package_identification:_identify(venv/lib/python3.12/site-packages/pip/_internal/vcs) by extension 'ros'
[2.130s] Level 1:colcon.colcon_core.package_identification:_identify(venv/lib/python3.12/site-packages/pip/_internal/vcs) by extensions ['cmake', 'python']
[2.130s] Level 1:colcon.colcon_core.package_identification:_identify(venv/lib/python3.12/site-packages/pip/_internal/vcs) by extension 'cmake'
[2.130s] Level 1:colcon.colcon_core.package_identification:_identify(venv/lib/python3.12/site-packages/pip/_internal/vcs) by extension 'python'
[2.130s] Level 1:colcon.colcon_core.package_identification:_identify(venv/lib/python3.12/site-packages/pip/_internal/vcs) by extensions ['python_setup_py']
[2.130s] Level 1:colcon.colcon_core.package_identification:_identify(venv/lib/python3.12/site-packages/pip/_internal/vcs) by extension 'python_setup_py'
[2.132s] Level 1:colcon.colcon_core.package_identification:_identify(venv/lib/python3.12/site-packages/pip/_internal/vcs/__pycache__) by extensions ['ignore', 'ignore_ament_install']
[2.132s] Level 1:colcon.colcon_core.package_identification:_identify(venv/lib/python3.12/site-packages/pip/_internal/vcs/__pycache__) by extension 'ignore'
[2.132s] Level 1:colcon.colcon_core.package_identification:_identify(venv/lib/python3.12/site-packages/pip/_internal/vcs/__pycache__) by extension 'ignore_ament_install'
[2.133s] Level 1:colcon.colcon_core.package_identification:_identify(venv/lib/python3.12/site-packages/pip/_internal/vcs/__pycache__) by extensions ['colcon_pkg']
[2.133s] Level 1:colcon.colcon_core.package_identification:_identify(venv/lib/python3.12/site-packages/pip/_internal/vcs/__pycache__) by extension 'colcon_pkg'
[2.133s] Level 1:colcon.colcon_core.package_identification:_identify(venv/lib/python3.12/site-packages/pip/_internal/vcs/__pycache__) by extensions ['colcon_meta']
[2.133s] Level 1:colcon.colcon_core.package_identification:_identify(venv/lib/python3.12/site-packages/pip/_internal/vcs/__pycache__) by extension 'colcon_meta'
[2.133s] Level 1:colcon.colcon_core.package_identification:_identify(venv/lib/python3.12/site-packages/pip/_internal/vcs/__pycache__) by extensions ['ros']
[2.134s] Level 1:colcon.colcon_core.package_identification:_identify(venv/lib/python3.12/site-packages/pip/_internal/vcs/__pycache__) by extension 'ros'
[2.134s] Level 1:colcon.colcon_core.package_identification:_identify(venv/lib/python3.12/site-packages/pip/_internal/vcs/__pycache__) by extensions ['cmake', 'python']
[2.134s] Level 1:colcon.colcon_core.package_identification:_identify(venv/lib/python3.12/site-packages/pip/_internal/vcs/__pycache__) by extension 'cmake'
[2.134s] Level 1:colcon.colcon_core.package_identification:_identify(venv/lib/python3.12/site-packages/pip/_internal/vcs/__pycache__) by extension 'python'
[2.135s] Level 1:colcon.colcon_core.package_identification:_identify(venv/lib/python3.12/site-packages/pip/_internal/vcs/__pycache__) by extensions ['python_setup_py']
[2.135s] Level 1:colcon.colcon_core.package_identification:_identify(venv/lib/python3.12/site-packages/pip/_internal/vcs/__pycache__) by extension 'python_setup_py'
[2.136s] Level 1:colcon.colcon_core.package_identification:_identify(venv/lib/python3.12/site-packages/pip/_vendor) by extensions ['ignore', 'ignore_ament_install']
[2.137s] Level 1:colcon.colcon_core.package_identification:_identify(venv/lib/python3.12/site-packages/pip/_vendor) by extension 'ignore'
[2.137s] Level 1:colcon.colcon_core.package_identification:_identify(venv/lib/python3.12/site-packages/pip/_vendor) by extension 'ignore_ament_install'
[2.138s] Level 1:colcon.colcon_core.package_identification:_identify(venv/lib/python3.12/site-packages/pip/_vendor) by extensions ['colcon_pkg']
[2.138s] Level 1:colcon.colcon_core.package_identification:_identify(venv/lib/python3.12/site-packages/pip/_vendor) by extension 'colcon_pkg'
[2.138s] Level 1:colcon.colcon_core.package_identification:_identify(venv/lib/python3.12/site-packages/pip/_vendor) by extensions ['colcon_meta']
[2.138s] Level 1:colcon.colcon_core.package_identification:_identify(venv/lib/python3.12/site-packages/pip/_vendor) by extension 'colcon_meta'
[2.139s] Level 1:colcon.colcon_core.package_identification:_identify(venv/lib/python3.12/site-packages/pip/_vendor) by extensions ['ros']
[2.139s] Level 1:colcon.colcon_core.package_identification:_identify(venv/lib/python3.12/site-packages/pip/_vendor) by extension 'ros'
[2.139s] Level 1:colcon.colcon_core.package_identification:_identify(venv/lib/python3.12/site-packages/pip/_vendor) by extensions ['cmake', 'python']
[2.139s] Level 1:colcon.colcon_core.package_identification:_identify(venv/lib/python3.12/site-packages/pip/_vendor) by extension 'cmake'
[2.140s] Level 1:colcon.colcon_core.package_identification:_identify(venv/lib/python3.12/site-packages/pip/_vendor) by extension 'python'
[2.140s] Level 1:colcon.colcon_core.package_identification:_identify(venv/lib/python3.12/site-packages/pip/_vendor) by extensions ['python_setup_py']
[2.140s] Level 1:colcon.colcon_core.package_identification:_identify(venv/lib/python3.12/site-packages/pip/_vendor) by extension 'python_setup_py'
[2.141s] Level 1:colcon.colcon_core.package_identification:_identify(venv/lib/python3.12/site-packages/pip/_vendor/__pycache__) by extensions ['ignore', 'ignore_ament_install']
[2.142s] Level 1:colcon.colcon_core.package_identification:_identify(venv/lib/python3.12/site-packages/pip/_vendor/__pycache__) by extension 'ignore'
[2.142s] Level 1:colcon.colcon_core.package_identification:_identify(venv/lib/python3.12/site-packages/pip/_vendor/__pycache__) by extension 'ignore_ament_install'
[2.142s] Level 1:colcon.colcon_core.package_identification:_identify(venv/lib/python3.12/site-packages/pip/_vendor/__pycache__) by extensions ['colcon_pkg']
[2.143s] Level 1:colcon.colcon_core.package_identification:_identify(venv/lib/python3.12/site-packages/pip/_vendor/__pycache__) by extension 'colcon_pkg'
[2.143s] Level 1:colcon.colcon_core.package_identification:_identify(venv/lib/python3.12/site-packages/pip/_vendor/__pycache__) by extensions ['colcon_meta']
[2.143s] Level 1:colcon.colcon_core.package_identification:_identify(venv/lib/python3.12/site-packages/pip/_vendor/__pycache__) by extension 'colcon_meta'
[2.143s] Level 1:colcon.colcon_core.package_identification:_identify(venv/lib/python3.12/site-packages/pip/_vendor/__pycache__) by extensions ['ros']
[2.144s] Level 1:colcon.colcon_core.package_identification:_identify(venv/lib/python3.12/site-packages/pip/_vendor/__pycache__) by extension 'ros'
[2.144s] Level 1:colcon.colcon_core.package_identification:_identify(venv/lib/python3.12/site-packages/pip/_vendor/__pycache__) by extensions ['cmake', 'python']
[2.145s] Level 1:colcon.colcon_core.package_identification:_identify(venv/lib/python3.12/site-packages/pip/_vendor/__pycache__) by extension 'cmake'
[2.145s] Level 1:colcon.colcon_core.package_identification:_identify(venv/lib/python3.12/site-packages/pip/_vendor/__pycache__) by extension 'python'
[2.145s] Level 1:colcon.colcon_core.package_identification:_identify(venv/lib/python3.12/site-packages/pip/_vendor/__pycache__) by extensions ['python_setup_py']
[2.145s] Level 1:colcon.colcon_core.package_identification:_identify(venv/lib/python3.12/site-packages/pip/_vendor/__pycache__) by extension 'python_setup_py'
[2.147s] Level 1:colcon.colcon_core.package_identification:_identify(venv/lib/python3.12/site-packages/pip/_vendor/cachecontrol) by extensions ['ignore', 'ignore_ament_install']
[2.147s] Level 1:colcon.colcon_core.package_identification:_identify(venv/lib/python3.12/site-packages/pip/_vendor/cachecontrol) by extension 'ignore'
[2.147s] Level 1:colcon.colcon_core.package_identification:_identify(venv/lib/python3.12/site-packages/pip/_vendor/cachecontrol) by extension 'ignore_ament_install'
[2.148s] Level 1:colcon.colcon_core.package_identification:_identify(venv/lib/python3.12/site-packages/pip/_vendor/cachecontrol) by extensions ['colcon_pkg']
[2.148s] Level 1:colcon.colcon_core.package_identification:_identify(venv/lib/python3.12/site-packages/pip/_vendor/cachecontrol) by extension 'colcon_pkg'
[2.148s] Level 1:colcon.colcon_core.package_identification:_identify(venv/lib/python3.12/site-packages/pip/_vendor/cachecontrol) by extensions ['colcon_meta']
[2.148s] Level 1:colcon.colcon_core.package_identification:_identify(venv/lib/python3.12/site-packages/pip/_vendor/cachecontrol) by extension 'colcon_meta'
[2.149s] Level 1:colcon.colcon_core.package_identification:_identify(venv/lib/python3.12/site-packages/pip/_vendor/cachecontrol) by extensions ['ros']
[2.149s] Level 1:colcon.colcon_core.package_identification:_identify(venv/lib/python3.12/site-packages/pip/_vendor/cachecontrol) by extension 'ros'
[2.149s] Level 1:colcon.colcon_core.package_identification:_identify(venv/lib/python3.12/site-packages/pip/_vendor/cachecontrol) by extensions ['cmake', 'python']
[2.149s] Level 1:colcon.colcon_core.package_identification:_identify(venv/lib/python3.12/site-packages/pip/_vendor/cachecontrol) by extension 'cmake'
[2.150s] Level 1:colcon.colcon_core.package_identification:_identify(venv/lib/python3.12/site-packages/pip/_vendor/cachecontrol) by extension 'python'
[2.150s] Level 1:colcon.colcon_core.package_identification:_identify(venv/lib/python3.12/site-packages/pip/_vendor/cachecontrol) by extensions ['python_setup_py']
[2.150s] Level 1:colcon.colcon_core.package_identification:_identify(venv/lib/python3.12/site-packages/pip/_vendor/cachecontrol) by extension 'python_setup_py'
[2.151s] Level 1:colcon.colcon_core.package_identification:_identify(venv/lib/python3.12/site-packages/pip/_vendor/cachecontrol/__pycache__) by extensions ['ignore', 'ignore_ament_install']
[2.152s] Level 1:colcon.colcon_core.package_identification:_identify(venv/lib/python3.12/site-packages/pip/_vendor/cachecontrol/__pycache__) by extension 'ignore'
[2.152s] Level 1:colcon.colcon_core.package_identification:_identify(venv/lib/python3.12/site-packages/pip/_vendor/cachecontrol/__pycache__) by extension 'ignore_ament_install'
[2.152s] Level 1:colcon.colcon_core.package_identification:_identify(venv/lib/python3.12/site-packages/pip/_vendor/cachecontrol/__pycache__) by extensions ['colcon_pkg']
[2.152s] Level 1:colcon.colcon_core.package_identification:_identify(venv/lib/python3.12/site-packages/pip/_vendor/cachecontrol/__pycache__) by extension 'colcon_pkg'
[2.153s] Level 1:colcon.colcon_core.package_identification:_identify(venv/lib/python3.12/site-packages/pip/_vendor/cachecontrol/__pycache__) by extensions ['colcon_meta']
[2.153s] Level 1:colcon.colcon_core.package_identification:_identify(venv/lib/python3.12/site-packages/pip/_vendor/cachecontrol/__pycache__) by extension 'colcon_meta'
[2.153s] Level 1:colcon.colcon_core.package_identification:_identify(venv/lib/python3.12/site-packages/pip/_vendor/cachecontrol/__pycache__) by extensions ['ros']
[2.153s] Level 1:colcon.colcon_core.package_identification:_identify(venv/lib/python3.12/site-packages/pip/_vendor/cachecontrol/__pycache__) by extension 'ros'
[2.154s] Level 1:colcon.colcon_core.package_identification:_identify(venv/lib/python3.12/site-packages/pip/_vendor/cachecontrol/__pycache__) by extensions ['cmake', 'python']
[2.154s] Level 1:colcon.colcon_core.package_identification:_identify(venv/lib/python3.12/site-packages/pip/_vendor/cachecontrol/__pycache__) by extension 'cmake'
[2.154s] Level 1:colcon.colcon_core.package_identification:_identify(venv/lib/python3.12/site-packages/pip/_vendor/cachecontrol/__pycache__) by extension 'python'
[2.154s] Level 1:colcon.colcon_core.package_identification:_identify(venv/lib/python3.12/site-packages/pip/_vendor/cachecontrol/__pycache__) by extensions ['python_setup_py']
[2.154s] Level 1:colcon.colcon_core.package_identification:_identify(venv/lib/python3.12/site-packages/pip/_vendor/cachecontrol/__pycache__) by extension 'python_setup_py'
[2.155s] Level 1:colcon.colcon_core.package_identification:_identify(venv/lib/python3.12/site-packages/pip/_vendor/cachecontrol/caches) by extensions ['ignore', 'ignore_ament_install']
[2.156s] Level 1:colcon.colcon_core.package_identification:_identify(venv/lib/python3.12/site-packages/pip/_vendor/cachecontrol/caches) by extension 'ignore'
[2.156s] Level 1:colcon.colcon_core.package_identification:_identify(venv/lib/python3.12/site-packages/pip/_vendor/cachecontrol/caches) by extension 'ignore_ament_install'
[2.157s] Level 1:colcon.colcon_core.package_identification:_identify(venv/lib/python3.12/site-packages/pip/_vendor/cachecontrol/caches) by extensions ['colcon_pkg']
[2.157s] Level 1:colcon.colcon_core.package_identification:_identify(venv/lib/python3.12/site-packages/pip/_vendor/cachecontrol/caches) by extension 'colcon_pkg'
[2.157s] Level 1:colcon.colcon_core.package_identification:_identify(venv/lib/python3.12/site-packages/pip/_vendor/cachecontrol/caches) by extensions ['colcon_meta']
[2.158s] Level 1:colcon.colcon_core.package_identification:_identify(venv/lib/python3.12/site-packages/pip/_vendor/cachecontrol/caches) by extension 'colcon_meta'
[2.158s] Level 1:colcon.colcon_core.package_identification:_identify(venv/lib/python3.12/site-packages/pip/_vendor/cachecontrol/caches) by extensions ['ros']
[2.158s] Level 1:colcon.colcon_core.package_identification:_identify(venv/lib/python3.12/site-packages/pip/_vendor/cachecontrol/caches) by extension 'ros'
[2.159s] Level 1:colcon.colcon_core.package_identification:_identify(venv/lib/python3.12/site-packages/pip/_vendor/cachecontrol/caches) by extensions ['cmake', 'python']
[2.159s] Level 1:colcon.colcon_core.package_identification:_identify(venv/lib/python3.12/site-packages/pip/_vendor/cachecontrol/caches) by extension 'cmake'
[2.159s] Level 1:colcon.colcon_core.package_identification:_identify(venv/lib/python3.12/site-packages/pip/_vendor/cachecontrol/caches) by extension 'python'
[2.159s] Level 1:colcon.colcon_core.package_identification:_identify(venv/lib/python3.12/site-packages/pip/_vendor/cachecontrol/caches) by extensions ['python_setup_py']
[2.160s] Level 1:colcon.colcon_core.package_identification:_identify(venv/lib/python3.12/site-packages/pip/_vendor/cachecontrol/caches) by extension 'python_setup_py'
[2.161s] Level 1:colcon.colcon_core.package_identification:_identify(venv/lib/python3.12/site-packages/pip/_vendor/cachecontrol/caches/__pycache__) by extensions ['ignore', 'ignore_ament_install']
[2.161s] Level 1:colcon.colcon_core.package_identification:_identify(venv/lib/python3.12/site-packages/pip/_vendor/cachecontrol/caches/__pycache__) by extension 'ignore'
[2.161s] Level 1:colcon.colcon_core.package_identification:_identify(venv/lib/python3.12/site-packages/pip/_vendor/cachecontrol/caches/__pycache__) by extension 'ignore_ament_install'
[2.162s] Level 1:colcon.colcon_core.package_identification:_identify(venv/lib/python3.12/site-packages/pip/_vendor/cachecontrol/caches/__pycache__) by extensions ['colcon_pkg']
[2.162s] Level 1:colcon.colcon_core.package_identification:_identify(venv/lib/python3.12/site-packages/pip/_vendor/cachecontrol/caches/__pycache__) by extension 'colcon_pkg'
[2.162s] Level 1:colcon.colcon_core.package_identification:_identify(venv/lib/python3.12/site-packages/pip/_vendor/cachecontrol/caches/__pycache__) by extensions ['colcon_meta']
[2.162s] Level 1:colcon.colcon_core.package_identification:_identify(venv/lib/python3.12/site-packages/pip/_vendor/cachecontrol/caches/__pycache__) by extension 'colcon_meta'
[2.163s] Level 1:colcon.colcon_core.package_identification:_identify(venv/lib/python3.12/site-packages/pip/_vendor/cachecontrol/caches/__pycache__) by extensions ['ros']
[2.163s] Level 1:colcon.colcon_core.package_identification:_identify(venv/lib/python3.12/site-packages/pip/_vendor/cachecontrol/caches/__pycache__) by extension 'ros'
[2.164s] Level 1:colcon.colcon_core.package_identification:_identify(venv/lib/python3.12/site-packages/pip/_vendor/cachecontrol/caches/__pycache__) by extensions ['cmake', 'python']
[2.164s] Level 1:colcon.colcon_core.package_identification:_identify(venv/lib/python3.12/site-packages/pip/_vendor/cachecontrol/caches/__pycache__) by extension 'cmake'
[2.164s] Level 1:colcon.colcon_core.package_identification:_identify(venv/lib/python3.12/site-packages/pip/_vendor/cachecontrol/caches/__pycache__) by extension 'python'
[2.165s] Level 1:colcon.colcon_core.package_identification:_identify(venv/lib/python3.12/site-packages/pip/_vendor/cachecontrol/caches/__pycache__) by extensions ['python_setup_py']
[2.165s] Level 1:colcon.colcon_core.package_identification:_identify(venv/lib/python3.12/site-packages/pip/_vendor/cachecontrol/caches/__pycache__) by extension 'python_setup_py'
[2.166s] Level 1:colcon.colcon_core.package_identification:_identify(venv/lib/python3.12/site-packages/pip/_vendor/certifi) by extensions ['ignore', 'ignore_ament_install']
[2.166s] Level 1:colcon.colcon_core.package_identification:_identify(venv/lib/python3.12/site-packages/pip/_vendor/certifi) by extension 'ignore'
[2.167s] Level 1:colcon.colcon_core.package_identification:_identify(venv/lib/python3.12/site-packages/pip/_vendor/certifi) by extension 'ignore_ament_install'
[2.167s] Level 1:colcon.colcon_core.package_identification:_identify(venv/lib/python3.12/site-packages/pip/_vendor/certifi) by extensions ['colcon_pkg']
[2.167s] Level 1:colcon.colcon_core.package_identification:_identify(venv/lib/python3.12/site-packages/pip/_vendor/certifi) by extension 'colcon_pkg'
[2.167s] Level 1:colcon.colcon_core.package_identification:_identify(venv/lib/python3.12/site-packages/pip/_vendor/certifi) by extensions ['colcon_meta']
[2.167s] Level 1:colcon.colcon_core.package_identification:_identify(venv/lib/python3.12/site-packages/pip/_vendor/certifi) by extension 'colcon_meta'
[2.168s] Level 1:colcon.colcon_core.package_identification:_identify(venv/lib/python3.12/site-packages/pip/_vendor/certifi) by extensions ['ros']
[2.168s] Level 1:colcon.colcon_core.package_identification:_identify(venv/lib/python3.12/site-packages/pip/_vendor/certifi) by extension 'ros'
[2.168s] Level 1:colcon.colcon_core.package_identification:_identify(venv/lib/python3.12/site-packages/pip/_vendor/certifi) by extensions ['cmake', 'python']
[2.168s] Level 1:colcon.colcon_core.package_identification:_identify(venv/lib/python3.12/site-packages/pip/_vendor/certifi) by extension 'cmake'
[2.168s] Level 1:colcon.colcon_core.package_identification:_identify(venv/lib/python3.12/site-packages/pip/_vendor/certifi) by extension 'python'
[2.169s] Level 1:colcon.colcon_core.package_identification:_identify(venv/lib/python3.12/site-packages/pip/_vendor/certifi) by extensions ['python_setup_py']
[2.169s] Level 1:colcon.colcon_core.package_identification:_identify(venv/lib/python3.12/site-packages/pip/_vendor/certifi) by extension 'python_setup_py'
[2.170s] Level 1:colcon.colcon_core.package_identification:_identify(venv/lib/python3.12/site-packages/pip/_vendor/certifi/__pycache__) by extensions ['ignore', 'ignore_ament_install']
[2.170s] Level 1:colcon.colcon_core.package_identification:_identify(venv/lib/python3.12/site-packages/pip/_vendor/certifi/__pycache__) by extension 'ignore'
[2.171s] Level 1:colcon.colcon_core.package_identification:_identify(venv/lib/python3.12/site-packages/pip/_vendor/certifi/__pycache__) by extension 'ignore_ament_install'
[2.171s] Level 1:colcon.colcon_core.package_identification:_identify(venv/lib/python3.12/site-packages/pip/_vendor/certifi/__pycache__) by extensions ['colcon_pkg']
[2.171s] Level 1:colcon.colcon_core.package_identification:_identify(venv/lib/python3.12/site-packages/pip/_vendor/certifi/__pycache__) by extension 'colcon_pkg'
[2.171s] Level 1:colcon.colcon_core.package_identification:_identify(venv/lib/python3.12/site-packages/pip/_vendor/certifi/__pycache__) by extensions ['colcon_meta']
[2.171s] Level 1:colcon.colcon_core.package_identification:_identify(venv/lib/python3.12/site-packages/pip/_vendor/certifi/__pycache__) by extension 'colcon_meta'
[2.172s] Level 1:colcon.colcon_core.package_identification:_identify(venv/lib/python3.12/site-packages/pip/_vendor/certifi/__pycache__) by extensions ['ros']
[2.172s] Level 1:colcon.colcon_core.package_identification:_identify(venv/lib/python3.12/site-packages/pip/_vendor/certifi/__pycache__) by extension 'ros'
[2.172s] Level 1:colcon.colcon_core.package_identification:_identify(venv/lib/python3.12/site-packages/pip/_vendor/certifi/__pycache__) by extensions ['cmake', 'python']
[2.173s] Level 1:colcon.colcon_core.package_identification:_identify(venv/lib/python3.12/site-packages/pip/_vendor/certifi/__pycache__) by extension 'cmake'
[2.173s] Level 1:colcon.colcon_core.package_identification:_identify(venv/lib/python3.12/site-packages/pip/_vendor/certifi/__pycache__) by extension 'python'
[2.173s] Level 1:colcon.colcon_core.package_identification:_identify(venv/lib/python3.12/site-packages/pip/_vendor/certifi/__pycache__) by extensions ['python_setup_py']
[2.173s] Level 1:colcon.colcon_core.package_identification:_identify(venv/lib/python3.12/site-packages/pip/_vendor/certifi/__pycache__) by extension 'python_setup_py'
[2.174s] Level 1:colcon.colcon_core.package_identification:_identify(venv/lib/python3.12/site-packages/pip/_vendor/distlib) by extensions ['ignore', 'ignore_ament_install']
[2.175s] Level 1:colcon.colcon_core.package_identification:_identify(venv/lib/python3.12/site-packages/pip/_vendor/distlib) by extension 'ignore'
[2.175s] Level 1:colcon.colcon_core.package_identification:_identify(venv/lib/python3.12/site-packages/pip/_vendor/distlib) by extension 'ignore_ament_install'
[2.175s] Level 1:colcon.colcon_core.package_identification:_identify(venv/lib/python3.12/site-packages/pip/_vendor/distlib) by extensions ['colcon_pkg']
[2.175s] Level 1:colcon.colcon_core.package_identification:_identify(venv/lib/python3.12/site-packages/pip/_vendor/distlib) by extension 'colcon_pkg'
[2.176s] Level 1:colcon.colcon_core.package_identification:_identify(venv/lib/python3.12/site-packages/pip/_vendor/distlib) by extensions ['colcon_meta']
[2.176s] Level 1:colcon.colcon_core.package_identification:_identify(venv/lib/python3.12/site-packages/pip/_vendor/distlib) by extension 'colcon_meta'
[2.176s] Level 1:colcon.colcon_core.package_identification:_identify(venv/lib/python3.12/site-packages/pip/_vendor/distlib) by extensions ['ros']
[2.176s] Level 1:colcon.colcon_core.package_identification:_identify(venv/lib/python3.12/site-packages/pip/_vendor/distlib) by extension 'ros'
[2.177s] Level 1:colcon.colcon_core.package_identification:_identify(venv/lib/python3.12/site-packages/pip/_vendor/distlib) by extensions ['cmake', 'python']
[2.177s] Level 1:colcon.colcon_core.package_identification:_identify(venv/lib/python3.12/site-packages/pip/_vendor/distlib) by extension 'cmake'
[2.177s] Level 1:colcon.colcon_core.package_identification:_identify(venv/lib/python3.12/site-packages/pip/_vendor/distlib) by extension 'python'
[2.178s] Level 1:colcon.colcon_core.package_identification:_identify(venv/lib/python3.12/site-packages/pip/_vendor/distlib) by extensions ['python_setup_py']
[2.178s] Level 1:colcon.colcon_core.package_identification:_identify(venv/lib/python3.12/site-packages/pip/_vendor/distlib) by extension 'python_setup_py'
[2.179s] Level 1:colcon.colcon_core.package_identification:_identify(venv/lib/python3.12/site-packages/pip/_vendor/distlib/__pycache__) by extensions ['ignore', 'ignore_ament_install']
[2.180s] Level 1:colcon.colcon_core.package_identification:_identify(venv/lib/python3.12/site-packages/pip/_vendor/distlib/__pycache__) by extension 'ignore'
[2.180s] Level 1:colcon.colcon_core.package_identification:_identify(venv/lib/python3.12/site-packages/pip/_vendor/distlib/__pycache__) by extension 'ignore_ament_install'
[2.180s] Level 1:colcon.colcon_core.package_identification:_identify(venv/lib/python3.12/site-packages/pip/_vendor/distlib/__pycache__) by extensions ['colcon_pkg']
[2.180s] Level 1:colcon.colcon_core.package_identification:_identify(venv/lib/python3.12/site-packages/pip/_vendor/distlib/__pycache__) by extension 'colcon_pkg'
[2.181s] Level 1:colcon.colcon_core.package_identification:_identify(venv/lib/python3.12/site-packages/pip/_vendor/distlib/__pycache__) by extensions ['colcon_meta']
[2.181s] Level 1:colcon.colcon_core.package_identification:_identify(venv/lib/python3.12/site-packages/pip/_vendor/distlib/__pycache__) by extension 'colcon_meta'
[2.181s] Level 1:colcon.colcon_core.package_identification:_identify(venv/lib/python3.12/site-packages/pip/_vendor/distlib/__pycache__) by extensions ['ros']
[2.181s] Level 1:colcon.colcon_core.package_identification:_identify(venv/lib/python3.12/site-packages/pip/_vendor/distlib/__pycache__) by extension 'ros'
[2.182s] Level 1:colcon.colcon_core.package_identification:_identify(venv/lib/python3.12/site-packages/pip/_vendor/distlib/__pycache__) by extensions ['cmake', 'python']
[2.182s] Level 1:colcon.colcon_core.package_identification:_identify(venv/lib/python3.12/site-packages/pip/_vendor/distlib/__pycache__) by extension 'cmake'
[2.182s] Level 1:colcon.colcon_core.package_identification:_identify(venv/lib/python3.12/site-packages/pip/_vendor/distlib/__pycache__) by extension 'python'
[2.182s] Level 1:colcon.colcon_core.package_identification:_identify(venv/lib/python3.12/site-packages/pip/_vendor/distlib/__pycache__) by extensions ['python_setup_py']
[2.182s] Level 1:colcon.colcon_core.package_identification:_identify(venv/lib/python3.12/site-packages/pip/_vendor/distlib/__pycache__) by extension 'python_setup_py'
[2.184s] Level 1:colcon.colcon_core.package_identification:_identify(venv/lib/python3.12/site-packages/pip/_vendor/distro) by extensions ['ignore', 'ignore_ament_install']
[2.184s] Level 1:colcon.colcon_core.package_identification:_identify(venv/lib/python3.12/site-packages/pip/_vendor/distro) by extension 'ignore'
[2.184s] Level 1:colcon.colcon_core.package_identification:_identify(venv/lib/python3.12/site-packages/pip/_vendor/distro) by extension 'ignore_ament_install'
[2.185s] Level 1:colcon.colcon_core.package_identification:_identify(venv/lib/python3.12/site-packages/pip/_vendor/distro) by extensions ['colcon_pkg']
[2.185s] Level 1:colcon.colcon_core.package_identification:_identify(venv/lib/python3.12/site-packages/pip/_vendor/distro) by extension 'colcon_pkg'
[2.185s] Level 1:colcon.colcon_core.package_identification:_identify(venv/lib/python3.12/site-packages/pip/_vendor/distro) by extensions ['colcon_meta']
[2.185s] Level 1:colcon.colcon_core.package_identification:_identify(venv/lib/python3.12/site-packages/pip/_vendor/distro) by extension 'colcon_meta'
[2.186s] Level 1:colcon.colcon_core.package_identification:_identify(venv/lib/python3.12/site-packages/pip/_vendor/distro) by extensions ['ros']
[2.186s] Level 1:colcon.colcon_core.package_identification:_identify(venv/lib/python3.12/site-packages/pip/_vendor/distro) by extension 'ros'
[2.186s] Level 1:colcon.colcon_core.package_identification:_identify(venv/lib/python3.12/site-packages/pip/_vendor/distro) by extensions ['cmake', 'python']
[2.186s] Level 1:colcon.colcon_core.package_identification:_identify(venv/lib/python3.12/site-packages/pip/_vendor/distro) by extension 'cmake'
[2.186s] Level 1:colcon.colcon_core.package_identification:_identify(venv/lib/python3.12/site-packages/pip/_vendor/distro) by extension 'python'
[2.187s] Level 1:colcon.colcon_core.package_identification:_identify(venv/lib/python3.12/site-packages/pip/_vendor/distro) by extensions ['python_setup_py']
[2.187s] Level 1:colcon.colcon_core.package_identification:_identify(venv/lib/python3.12/site-packages/pip/_vendor/distro) by extension 'python_setup_py'
[2.188s] Level 1:colcon.colcon_core.package_identification:_identify(venv/lib/python3.12/site-packages/pip/_vendor/distro/__pycache__) by extensions ['ignore', 'ignore_ament_install']
[2.188s] Level 1:colcon.colcon_core.package_identification:_identify(venv/lib/python3.12/site-packages/pip/_vendor/distro/__pycache__) by extension 'ignore'
[2.189s] Level 1:colcon.colcon_core.package_identification:_identify(venv/lib/python3.12/site-packages/pip/_vendor/distro/__pycache__) by extension 'ignore_ament_install'
[2.189s] Level 1:colcon.colcon_core.package_identification:_identify(venv/lib/python3.12/site-packages/pip/_vendor/distro/__pycache__) by extensions ['colcon_pkg']
[2.189s] Level 1:colcon.colcon_core.package_identification:_identify(venv/lib/python3.12/site-packages/pip/_vendor/distro/__pycache__) by extension 'colcon_pkg'
[2.189s] Level 1:colcon.colcon_core.package_identification:_identify(venv/lib/python3.12/site-packages/pip/_vendor/distro/__pycache__) by extensions ['colcon_meta']
[2.189s] Level 1:colcon.colcon_core.package_identification:_identify(venv/lib/python3.12/site-packages/pip/_vendor/distro/__pycache__) by extension 'colcon_meta'
[2.190s] Level 1:colcon.colcon_core.package_identification:_identify(venv/lib/python3.12/site-packages/pip/_vendor/distro/__pycache__) by extensions ['ros']
[2.190s] Level 1:colcon.colcon_core.package_identification:_identify(venv/lib/python3.12/site-packages/pip/_vendor/distro/__pycache__) by extension 'ros'
[2.190s] Level 1:colcon.colcon_core.package_identification:_identify(venv/lib/python3.12/site-packages/pip/_vendor/distro/__pycache__) by extensions ['cmake', 'python']
[2.190s] Level 1:colcon.colcon_core.package_identification:_identify(venv/lib/python3.12/site-packages/pip/_vendor/distro/__pycache__) by extension 'cmake'
[2.191s] Level 1:colcon.colcon_core.package_identification:_identify(venv/lib/python3.12/site-packages/pip/_vendor/distro/__pycache__) by extension 'python'
[2.191s] Level 1:colcon.colcon_core.package_identification:_identify(venv/lib/python3.12/site-packages/pip/_vendor/distro/__pycache__) by extensions ['python_setup_py']
[2.191s] Level 1:colcon.colcon_core.package_identification:_identify(venv/lib/python3.12/site-packages/pip/_vendor/distro/__pycache__) by extension 'python_setup_py'
[2.192s] Level 1:colcon.colcon_core.package_identification:_identify(venv/lib/python3.12/site-packages/pip/_vendor/idna) by extensions ['ignore', 'ignore_ament_install']
[2.193s] Level 1:colcon.colcon_core.package_identification:_identify(venv/lib/python3.12/site-packages/pip/_vendor/idna) by extension 'ignore'
[2.193s] Level 1:colcon.colcon_core.package_identification:_identify(venv/lib/python3.12/site-packages/pip/_vendor/idna) by extension 'ignore_ament_install'
[2.193s] Level 1:colcon.colcon_core.package_identification:_identify(venv/lib/python3.12/site-packages/pip/_vendor/idna) by extensions ['colcon_pkg']
[2.193s] Level 1:colcon.colcon_core.package_identification:_identify(venv/lib/python3.12/site-packages/pip/_vendor/idna) by extension 'colcon_pkg'
[2.193s] Level 1:colcon.colcon_core.package_identification:_identify(venv/lib/python3.12/site-packages/pip/_vendor/idna) by extensions ['colcon_meta']
[2.194s] Level 1:colcon.colcon_core.package_identification:_identify(venv/lib/python3.12/site-packages/pip/_vendor/idna) by extension 'colcon_meta'
[2.194s] Level 1:colcon.colcon_core.package_identification:_identify(venv/lib/python3.12/site-packages/pip/_vendor/idna) by extensions ['ros']
[2.194s] Level 1:colcon.colcon_core.package_identification:_identify(venv/lib/python3.12/site-packages/pip/_vendor/idna) by extension 'ros'
[2.194s] Level 1:colcon.colcon_core.package_identification:_identify(venv/lib/python3.12/site-packages/pip/_vendor/idna) by extensions ['cmake', 'python']
[2.195s] Level 1:colcon.colcon_core.package_identification:_identify(venv/lib/python3.12/site-packages/pip/_vendor/idna) by extension 'cmake'
[2.195s] Level 1:colcon.colcon_core.package_identification:_identify(venv/lib/python3.12/site-packages/pip/_vendor/idna) by extension 'python'
[2.195s] Level 1:colcon.colcon_core.package_identification:_identify(venv/lib/python3.12/site-packages/pip/_vendor/idna) by extensions ['python_setup_py']
[2.195s] Level 1:colcon.colcon_core.package_identification:_identify(venv/lib/python3.12/site-packages/pip/_vendor/idna) by extension 'python_setup_py'
[2.198s] Level 1:colcon.colcon_core.package_identification:_identify(venv/lib/python3.12/site-packages/pip/_vendor/idna/__pycache__) by extensions ['ignore', 'ignore_ament_install']
[2.199s] Level 1:colcon.colcon_core.package_identification:_identify(venv/lib/python3.12/site-packages/pip/_vendor/idna/__pycache__) by extension 'ignore'
[2.199s] Level 1:colcon.colcon_core.package_identification:_identify(venv/lib/python3.12/site-packages/pip/_vendor/idna/__pycache__) by extension 'ignore_ament_install'
[2.200s] Level 1:colcon.colcon_core.package_identification:_identify(venv/lib/python3.12/site-packages/pip/_vendor/idna/__pycache__) by extensions ['colcon_pkg']
[2.200s] Level 1:colcon.colcon_core.package_identification:_identify(venv/lib/python3.12/site-packages/pip/_vendor/idna/__pycache__) by extension 'colcon_pkg'
[2.200s] Level 1:colcon.colcon_core.package_identification:_identify(venv/lib/python3.12/site-packages/pip/_vendor/idna/__pycache__) by extensions ['colcon_meta']
[2.200s] Level 1:colcon.colcon_core.package_identification:_identify(venv/lib/python3.12/site-packages/pip/_vendor/idna/__pycache__) by extension 'colcon_meta'
[2.201s] Level 1:colcon.colcon_core.package_identification:_identify(venv/lib/python3.12/site-packages/pip/_vendor/idna/__pycache__) by extensions ['ros']
[2.201s] Level 1:colcon.colcon_core.package_identification:_identify(venv/lib/python3.12/site-packages/pip/_vendor/idna/__pycache__) by extension 'ros'
[2.201s] Level 1:colcon.colcon_core.package_identification:_identify(venv/lib/python3.12/site-packages/pip/_vendor/idna/__pycache__) by extensions ['cmake', 'python']
[2.201s] Level 1:colcon.colcon_core.package_identification:_identify(venv/lib/python3.12/site-packages/pip/_vendor/idna/__pycache__) by extension 'cmake'
[2.202s] Level 1:colcon.colcon_core.package_identification:_identify(venv/lib/python3.12/site-packages/pip/_vendor/idna/__pycache__) by extension 'python'
[2.202s] Level 1:colcon.colcon_core.package_identification:_identify(venv/lib/python3.12/site-packages/pip/_vendor/idna/__pycache__) by extensions ['python_setup_py']
[2.202s] Level 1:colcon.colcon_core.package_identification:_identify(venv/lib/python3.12/site-packages/pip/_vendor/idna/__pycache__) by extension 'python_setup_py'
[2.203s] Level 1:colcon.colcon_core.package_identification:_identify(venv/lib/python3.12/site-packages/pip/_vendor/msgpack) by extensions ['ignore', 'ignore_ament_install']
[2.204s] Level 1:colcon.colcon_core.package_identification:_identify(venv/lib/python3.12/site-packages/pip/_vendor/msgpack) by extension 'ignore'
[2.204s] Level 1:colcon.colcon_core.package_identification:_identify(venv/lib/python3.12/site-packages/pip/_vendor/msgpack) by extension 'ignore_ament_install'
[2.205s] Level 1:colcon.colcon_core.package_identification:_identify(venv/lib/python3.12/site-packages/pip/_vendor/msgpack) by extensions ['colcon_pkg']
[2.205s] Level 1:colcon.colcon_core.package_identification:_identify(venv/lib/python3.12/site-packages/pip/_vendor/msgpack) by extension 'colcon_pkg'
[2.205s] Level 1:colcon.colcon_core.package_identification:_identify(venv/lib/python3.12/site-packages/pip/_vendor/msgpack) by extensions ['colcon_meta']
[2.206s] Level 1:colcon.colcon_core.package_identification:_identify(venv/lib/python3.12/site-packages/pip/_vendor/msgpack) by extension 'colcon_meta'
[2.206s] Level 1:colcon.colcon_core.package_identification:_identify(venv/lib/python3.12/site-packages/pip/_vendor/msgpack) by extensions ['ros']
[2.206s] Level 1:colcon.colcon_core.package_identification:_identify(venv/lib/python3.12/site-packages/pip/_vendor/msgpack) by extension 'ros'
[2.207s] Level 1:colcon.colcon_core.package_identification:_identify(venv/lib/python3.12/site-packages/pip/_vendor/msgpack) by extensions ['cmake', 'python']
[2.207s] Level 1:colcon.colcon_core.package_identification:_identify(venv/lib/python3.12/site-packages/pip/_vendor/msgpack) by extension 'cmake'
[2.207s] Level 1:colcon.colcon_core.package_identification:_identify(venv/lib/python3.12/site-packages/pip/_vendor/msgpack) by extension 'python'
[2.207s] Level 1:colcon.colcon_core.package_identification:_identify(venv/lib/python3.12/site-packages/pip/_vendor/msgpack) by extensions ['python_setup_py']
[2.207s] Level 1:colcon.colcon_core.package_identification:_identify(venv/lib/python3.12/site-packages/pip/_vendor/msgpack) by extension 'python_setup_py'
[2.209s] Level 1:colcon.colcon_core.package_identification:_identify(venv/lib/python3.12/site-packages/pip/_vendor/msgpack/__pycache__) by extensions ['ignore', 'ignore_ament_install']
[2.209s] Level 1:colcon.colcon_core.package_identification:_identify(venv/lib/python3.12/site-packages/pip/_vendor/msgpack/__pycache__) by extension 'ignore'
[2.209s] Level 1:colcon.colcon_core.package_identification:_identify(venv/lib/python3.12/site-packages/pip/_vendor/msgpack/__pycache__) by extension 'ignore_ament_install'
[2.210s] Level 1:colcon.colcon_core.package_identification:_identify(venv/lib/python3.12/site-packages/pip/_vendor/msgpack/__pycache__) by extensions ['colcon_pkg']
[2.210s] Level 1:colcon.colcon_core.package_identification:_identify(venv/lib/python3.12/site-packages/pip/_vendor/msgpack/__pycache__) by extension 'colcon_pkg'
[2.210s] Level 1:colcon.colcon_core.package_identification:_identify(venv/lib/python3.12/site-packages/pip/_vendor/msgpack/__pycache__) by extensions ['colcon_meta']
[2.210s] Level 1:colcon.colcon_core.package_identification:_identify(venv/lib/python3.12/site-packages/pip/_vendor/msgpack/__pycache__) by extension 'colcon_meta'
[2.211s] Level 1:colcon.colcon_core.package_identification:_identify(venv/lib/python3.12/site-packages/pip/_vendor/msgpack/__pycache__) by extensions ['ros']
[2.211s] Level 1:colcon.colcon_core.package_identification:_identify(venv/lib/python3.12/site-packages/pip/_vendor/msgpack/__pycache__) by extension 'ros'
[2.211s] Level 1:colcon.colcon_core.package_identification:_identify(venv/lib/python3.12/site-packages/pip/_vendor/msgpack/__pycache__) by extensions ['cmake', 'python']
[2.211s] Level 1:colcon.colcon_core.package_identification:_identify(venv/lib/python3.12/site-packages/pip/_vendor/msgpack/__pycache__) by extension 'cmake'
[2.212s] Level 1:colcon.colcon_core.package_identification:_identify(venv/lib/python3.12/site-packages/pip/_vendor/msgpack/__pycache__) by extension 'python'
[2.212s] Level 1:colcon.colcon_core.package_identification:_identify(venv/lib/python3.12/site-packages/pip/_vendor/msgpack/__pycache__) by extensions ['python_setup_py']
[2.212s] Level 1:colcon.colcon_core.package_identification:_identify(venv/lib/python3.12/site-packages/pip/_vendor/msgpack/__pycache__) by extension 'python_setup_py'
[2.214s] Level 1:colcon.colcon_core.package_identification:_identify(venv/lib/python3.12/site-packages/pip/_vendor/packaging) by extensions ['ignore', 'ignore_ament_install']
[2.214s] Level 1:colcon.colcon_core.package_identification:_identify(venv/lib/python3.12/site-packages/pip/_vendor/packaging) by extension 'ignore'
[2.214s] Level 1:colcon.colcon_core.package_identification:_identify(venv/lib/python3.12/site-packages/pip/_vendor/packaging) by extension 'ignore_ament_install'
[2.215s] Level 1:colcon.colcon_core.package_identification:_identify(venv/lib/python3.12/site-packages/pip/_vendor/packaging) by extensions ['colcon_pkg']
[2.215s] Level 1:colcon.colcon_core.package_identification:_identify(venv/lib/python3.12/site-packages/pip/_vendor/packaging) by extension 'colcon_pkg'
[2.215s] Level 1:colcon.colcon_core.package_identification:_identify(venv/lib/python3.12/site-packages/pip/_vendor/packaging) by extensions ['colcon_meta']
[2.215s] Level 1:colcon.colcon_core.package_identification:_identify(venv/lib/python3.12/site-packages/pip/_vendor/packaging) by extension 'colcon_meta'
[2.215s] Level 1:colcon.colcon_core.package_identification:_identify(venv/lib/python3.12/site-packages/pip/_vendor/packaging) by extensions ['ros']
[2.215s] Level 1:colcon.colcon_core.package_identification:_identify(venv/lib/python3.12/site-packages/pip/_vendor/packaging) by extension 'ros'
[2.216s] Level 1:colcon.colcon_core.package_identification:_identify(venv/lib/python3.12/site-packages/pip/_vendor/packaging) by extensions ['cmake', 'python']
[2.216s] Level 1:colcon.colcon_core.package_identification:_identify(venv/lib/python3.12/site-packages/pip/_vendor/packaging) by extension 'cmake'
[2.217s] Level 1:colcon.colcon_core.package_identification:_identify(venv/lib/python3.12/site-packages/pip/_vendor/packaging) by extension 'python'
[2.217s] Level 1:colcon.colcon_core.package_identification:_identify(venv/lib/python3.12/site-packages/pip/_vendor/packaging) by extensions ['python_setup_py']
[2.217s] Level 1:colcon.colcon_core.package_identification:_identify(venv/lib/python3.12/site-packages/pip/_vendor/packaging) by extension 'python_setup_py'
[2.219s] Level 1:colcon.colcon_core.package_identification:_identify(venv/lib/python3.12/site-packages/pip/_vendor/packaging/__pycache__) by extensions ['ignore', 'ignore_ament_install']
[2.219s] Level 1:colcon.colcon_core.package_identification:_identify(venv/lib/python3.12/site-packages/pip/_vendor/packaging/__pycache__) by extension 'ignore'
[2.219s] Level 1:colcon.colcon_core.package_identification:_identify(venv/lib/python3.12/site-packages/pip/_vendor/packaging/__pycache__) by extension 'ignore_ament_install'
[2.220s] Level 1:colcon.colcon_core.package_identification:_identify(venv/lib/python3.12/site-packages/pip/_vendor/packaging/__pycache__) by extensions ['colcon_pkg']
[2.220s] Level 1:colcon.colcon_core.package_identification:_identify(venv/lib/python3.12/site-packages/pip/_vendor/packaging/__pycache__) by extension 'colcon_pkg'
[2.220s] Level 1:colcon.colcon_core.package_identification:_identify(venv/lib/python3.12/site-packages/pip/_vendor/packaging/__pycache__) by extensions ['colcon_meta']
[2.220s] Level 1:colcon.colcon_core.package_identification:_identify(venv/lib/python3.12/site-packages/pip/_vendor/packaging/__pycache__) by extension 'colcon_meta'
[2.220s] Level 1:colcon.colcon_core.package_identification:_identify(venv/lib/python3.12/site-packages/pip/_vendor/packaging/__pycache__) by extensions ['ros']
[2.221s] Level 1:colcon.colcon_core.package_identification:_identify(venv/lib/python3.12/site-packages/pip/_vendor/packaging/__pycache__) by extension 'ros'
[2.221s] Level 1:colcon.colcon_core.package_identification:_identify(venv/lib/python3.12/site-packages/pip/_vendor/packaging/__pycache__) by extensions ['cmake', 'python']
[2.221s] Level 1:colcon.colcon_core.package_identification:_identify(venv/lib/python3.12/site-packages/pip/_vendor/packaging/__pycache__) by extension 'cmake'
[2.221s] Level 1:colcon.colcon_core.package_identification:_identify(venv/lib/python3.12/site-packages/pip/_vendor/packaging/__pycache__) by extension 'python'
[2.222s] Level 1:colcon.colcon_core.package_identification:_identify(venv/lib/python3.12/site-packages/pip/_vendor/packaging/__pycache__) by extensions ['python_setup_py']
[2.222s] Level 1:colcon.colcon_core.package_identification:_identify(venv/lib/python3.12/site-packages/pip/_vendor/packaging/__pycache__) by extension 'python_setup_py'
[2.223s] Level 1:colcon.colcon_core.package_identification:_identify(venv/lib/python3.12/site-packages/pip/_vendor/packaging/licenses) by extensions ['ignore', 'ignore_ament_install']
[2.224s] Level 1:colcon.colcon_core.package_identification:_identify(venv/lib/python3.12/site-packages/pip/_vendor/packaging/licenses) by extension 'ignore'
[2.224s] Level 1:colcon.colcon_core.package_identification:_identify(venv/lib/python3.12/site-packages/pip/_vendor/packaging/licenses) by extension 'ignore_ament_install'
[2.225s] Level 1:colcon.colcon_core.package_identification:_identify(venv/lib/python3.12/site-packages/pip/_vendor/packaging/licenses) by extensions ['colcon_pkg']
[2.225s] Level 1:colcon.colcon_core.package_identification:_identify(venv/lib/python3.12/site-packages/pip/_vendor/packaging/licenses) by extension 'colcon_pkg'
[2.225s] Level 1:colcon.colcon_core.package_identification:_identify(venv/lib/python3.12/site-packages/pip/_vendor/packaging/licenses) by extensions ['colcon_meta']
[2.225s] Level 1:colcon.colcon_core.package_identification:_identify(venv/lib/python3.12/site-packages/pip/_vendor/packaging/licenses) by extension 'colcon_meta'
[2.226s] Level 1:colcon.colcon_core.package_identification:_identify(venv/lib/python3.12/site-packages/pip/_vendor/packaging/licenses) by extensions ['ros']
[2.226s] Level 1:colcon.colcon_core.package_identification:_identify(venv/lib/python3.12/site-packages/pip/_vendor/packaging/licenses) by extension 'ros'
[2.226s] Level 1:colcon.colcon_core.package_identification:_identify(venv/lib/python3.12/site-packages/pip/_vendor/packaging/licenses) by extensions ['cmake', 'python']
[2.226s] Level 1:colcon.colcon_core.package_identification:_identify(venv/lib/python3.12/site-packages/pip/_vendor/packaging/licenses) by extension 'cmake'
[2.226s] Level 1:colcon.colcon_core.package_identification:_identify(venv/lib/python3.12/site-packages/pip/_vendor/packaging/licenses) by extension 'python'
[2.227s] Level 1:colcon.colcon_core.package_identification:_identify(venv/lib/python3.12/site-packages/pip/_vendor/packaging/licenses) by extensions ['python_setup_py']
[2.227s] Level 1:colcon.colcon_core.package_identification:_identify(venv/lib/python3.12/site-packages/pip/_vendor/packaging/licenses) by extension 'python_setup_py'
[2.228s] Level 1:colcon.colcon_core.package_identification:_identify(venv/lib/python3.12/site-packages/pip/_vendor/packaging/licenses/__pycache__) by extensions ['ignore', 'ignore_ament_install']
[2.229s] Level 1:colcon.colcon_core.package_identification:_identify(venv/lib/python3.12/site-packages/pip/_vendor/packaging/licenses/__pycache__) by extension 'ignore'
[2.229s] Level 1:colcon.colcon_core.package_identification:_identify(venv/lib/python3.12/site-packages/pip/_vendor/packaging/licenses/__pycache__) by extension 'ignore_ament_install'
[2.229s] Level 1:colcon.colcon_core.package_identification:_identify(venv/lib/python3.12/site-packages/pip/_vendor/packaging/licenses/__pycache__) by extensions ['colcon_pkg']
[2.229s] Level 1:colcon.colcon_core.package_identification:_identify(venv/lib/python3.12/site-packages/pip/_vendor/packaging/licenses/__pycache__) by extension 'colcon_pkg'
[2.230s] Level 1:colcon.colcon_core.package_identification:_identify(venv/lib/python3.12/site-packages/pip/_vendor/packaging/licenses/__pycache__) by extensions ['colcon_meta']
[2.230s] Level 1:colcon.colcon_core.package_identification:_identify(venv/lib/python3.12/site-packages/pip/_vendor/packaging/licenses/__pycache__) by extension 'colcon_meta'
[2.230s] Level 1:colcon.colcon_core.package_identification:_identify(venv/lib/python3.12/site-packages/pip/_vendor/packaging/licenses/__pycache__) by extensions ['ros']
[2.230s] Level 1:colcon.colcon_core.package_identification:_identify(venv/lib/python3.12/site-packages/pip/_vendor/packaging/licenses/__pycache__) by extension 'ros'
[2.231s] Level 1:colcon.colcon_core.package_identification:_identify(venv/lib/python3.12/site-packages/pip/_vendor/packaging/licenses/__pycache__) by extensions ['cmake', 'python']
[2.231s] Level 1:colcon.colcon_core.package_identification:_identify(venv/lib/python3.12/site-packages/pip/_vendor/packaging/licenses/__pycache__) by extension 'cmake'
[2.231s] Level 1:colcon.colcon_core.package_identification:_identify(venv/lib/python3.12/site-packages/pip/_vendor/packaging/licenses/__pycache__) by extension 'python'
[2.231s] Level 1:colcon.colcon_core.package_identification:_identify(venv/lib/python3.12/site-packages/pip/_vendor/packaging/licenses/__pycache__) by extensions ['python_setup_py']
[2.231s] Level 1:colcon.colcon_core.package_identification:_identify(venv/lib/python3.12/site-packages/pip/_vendor/packaging/licenses/__pycache__) by extension 'python_setup_py'
[2.233s] Level 1:colcon.colcon_core.package_identification:_identify(venv/lib/python3.12/site-packages/pip/_vendor/pkg_resources) by extensions ['ignore', 'ignore_ament_install']
[2.233s] Level 1:colcon.colcon_core.package_identification:_identify(venv/lib/python3.12/site-packages/pip/_vendor/pkg_resources) by extension 'ignore'
[2.233s] Level 1:colcon.colcon_core.package_identification:_identify(venv/lib/python3.12/site-packages/pip/_vendor/pkg_resources) by extension 'ignore_ament_install'
[2.234s] Level 1:colcon.colcon_core.package_identification:_identify(venv/lib/python3.12/site-packages/pip/_vendor/pkg_resources) by extensions ['colcon_pkg']
[2.234s] Level 1:colcon.colcon_core.package_identification:_identify(venv/lib/python3.12/site-packages/pip/_vendor/pkg_resources) by extension 'colcon_pkg'
[2.234s] Level 1:colcon.colcon_core.package_identification:_identify(venv/lib/python3.12/site-packages/pip/_vendor/pkg_resources) by extensions ['colcon_meta']
[2.234s] Level 1:colcon.colcon_core.package_identification:_identify(venv/lib/python3.12/site-packages/pip/_vendor/pkg_resources) by extension 'colcon_meta'
[2.234s] Level 1:colcon.colcon_core.package_identification:_identify(venv/lib/python3.12/site-packages/pip/_vendor/pkg_resources) by extensions ['ros']
[2.234s] Level 1:colcon.colcon_core.package_identification:_identify(venv/lib/python3.12/site-packages/pip/_vendor/pkg_resources) by extension 'ros'
[2.235s] Level 1:colcon.colcon_core.package_identification:_identify(venv/lib/python3.12/site-packages/pip/_vendor/pkg_resources) by extensions ['cmake', 'python']
[2.235s] Level 1:colcon.colcon_core.package_identification:_identify(venv/lib/python3.12/site-packages/pip/_vendor/pkg_resources) by extension 'cmake'
[2.235s] Level 1:colcon.colcon_core.package_identification:_identify(venv/lib/python3.12/site-packages/pip/_vendor/pkg_resources) by extension 'python'
[2.235s] Level 1:colcon.colcon_core.package_identification:_identify(venv/lib/python3.12/site-packages/pip/_vendor/pkg_resources) by extensions ['python_setup_py']
[2.236s] Level 1:colcon.colcon_core.package_identification:_identify(venv/lib/python3.12/site-packages/pip/_vendor/pkg_resources) by extension 'python_setup_py'
[2.238s] Level 1:colcon.colcon_core.package_identification:_identify(venv/lib/python3.12/site-packages/pip/_vendor/pkg_resources/__pycache__) by extensions ['ignore', 'ignore_ament_install']
[2.239s] Level 1:colcon.colcon_core.package_identification:_identify(venv/lib/python3.12/site-packages/pip/_vendor/pkg_resources/__pycache__) by extension 'ignore'
[2.239s] Level 1:colcon.colcon_core.package_identification:_identify(venv/lib/python3.12/site-packages/pip/_vendor/pkg_resources/__pycache__) by extension 'ignore_ament_install'
[2.240s] Level 1:colcon.colcon_core.package_identification:_identify(venv/lib/python3.12/site-packages/pip/_vendor/pkg_resources/__pycache__) by extensions ['colcon_pkg']
[2.240s] Level 1:colcon.colcon_core.package_identification:_identify(venv/lib/python3.12/site-packages/pip/_vendor/pkg_resources/__pycache__) by extension 'colcon_pkg'
[2.240s] Level 1:colcon.colcon_core.package_identification:_identify(venv/lib/python3.12/site-packages/pip/_vendor/pkg_resources/__pycache__) by extensions ['colcon_meta']
[2.240s] Level 1:colcon.colcon_core.package_identification:_identify(venv/lib/python3.12/site-packages/pip/_vendor/pkg_resources/__pycache__) by extension 'colcon_meta'
[2.240s] Level 1:colcon.colcon_core.package_identification:_identify(venv/lib/python3.12/site-packages/pip/_vendor/pkg_resources/__pycache__) by extensions ['ros']
[2.241s] Level 1:colcon.colcon_core.package_identification:_identify(venv/lib/python3.12/site-packages/pip/_vendor/pkg_resources/__pycache__) by extension 'ros'
[2.241s] Level 1:colcon.colcon_core.package_identification:_identify(venv/lib/python3.12/site-packages/pip/_vendor/pkg_resources/__pycache__) by extensions ['cmake', 'python']
[2.241s] Level 1:colcon.colcon_core.package_identification:_identify(venv/lib/python3.12/site-packages/pip/_vendor/pkg_resources/__pycache__) by extension 'cmake'
[2.241s] Level 1:colcon.colcon_core.package_identification:_identify(venv/lib/python3.12/site-packages/pip/_vendor/pkg_resources/__pycache__) by extension 'python'
[2.242s] Level 1:colcon.colcon_core.package_identification:_identify(venv/lib/python3.12/site-packages/pip/_vendor/pkg_resources/__pycache__) by extensions ['python_setup_py']
[2.242s] Level 1:colcon.colcon_core.package_identification:_identify(venv/lib/python3.12/site-packages/pip/_vendor/pkg_resources/__pycache__) by extension 'python_setup_py'
[2.243s] Level 1:colcon.colcon_core.package_identification:_identify(venv/lib/python3.12/site-packages/pip/_vendor/platformdirs) by extensions ['ignore', 'ignore_ament_install']
[2.244s] Level 1:colcon.colcon_core.package_identification:_identify(venv/lib/python3.12/site-packages/pip/_vendor/platformdirs) by extension 'ignore'
[2.244s] Level 1:colcon.colcon_core.package_identification:_identify(venv/lib/python3.12/site-packages/pip/_vendor/platformdirs) by extension 'ignore_ament_install'
[2.245s] Level 1:colcon.colcon_core.package_identification:_identify(venv/lib/python3.12/site-packages/pip/_vendor/platformdirs) by extensions ['colcon_pkg']
[2.245s] Level 1:colcon.colcon_core.package_identification:_identify(venv/lib/python3.12/site-packages/pip/_vendor/platformdirs) by extension 'colcon_pkg'
[2.245s] Level 1:colcon.colcon_core.package_identification:_identify(venv/lib/python3.12/site-packages/pip/_vendor/platformdirs) by extensions ['colcon_meta']
[2.245s] Level 1:colcon.colcon_core.package_identification:_identify(venv/lib/python3.12/site-packages/pip/_vendor/platformdirs) by extension 'colcon_meta'
[2.246s] Level 1:colcon.colcon_core.package_identification:_identify(venv/lib/python3.12/site-packages/pip/_vendor/platformdirs) by extensions ['ros']
[2.246s] Level 1:colcon.colcon_core.package_identification:_identify(venv/lib/python3.12/site-packages/pip/_vendor/platformdirs) by extension 'ros'
[2.246s] Level 1:colcon.colcon_core.package_identification:_identify(venv/lib/python3.12/site-packages/pip/_vendor/platformdirs) by extensions ['cmake', 'python']
[2.247s] Level 1:colcon.colcon_core.package_identification:_identify(venv/lib/python3.12/site-packages/pip/_vendor/platformdirs) by extension 'cmake'
[2.247s] Level 1:colcon.colcon_core.package_identification:_identify(venv/lib/python3.12/site-packages/pip/_vendor/platformdirs) by extension 'python'
[2.247s] Level 1:colcon.colcon_core.package_identification:_identify(venv/lib/python3.12/site-packages/pip/_vendor/platformdirs) by extensions ['python_setup_py']
[2.247s] Level 1:colcon.colcon_core.package_identification:_identify(venv/lib/python3.12/site-packages/pip/_vendor/platformdirs) by extension 'python_setup_py'
[2.248s] Level 1:colcon.colcon_core.package_identification:_identify(venv/lib/python3.12/site-packages/pip/_vendor/platformdirs/__pycache__) by extensions ['ignore', 'ignore_ament_install']
[2.249s] Level 1:colcon.colcon_core.package_identification:_identify(venv/lib/python3.12/site-packages/pip/_vendor/platformdirs/__pycache__) by extension 'ignore'
[2.249s] Level 1:colcon.colcon_core.package_identification:_identify(venv/lib/python3.12/site-packages/pip/_vendor/platformdirs/__pycache__) by extension 'ignore_ament_install'
[2.250s] Level 1:colcon.colcon_core.package_identification:_identify(venv/lib/python3.12/site-packages/pip/_vendor/platformdirs/__pycache__) by extensions ['colcon_pkg']
[2.250s] Level 1:colcon.colcon_core.package_identification:_identify(venv/lib/python3.12/site-packages/pip/_vendor/platformdirs/__pycache__) by extension 'colcon_pkg'
[2.250s] Level 1:colcon.colcon_core.package_identification:_identify(venv/lib/python3.12/site-packages/pip/_vendor/platformdirs/__pycache__) by extensions ['colcon_meta']
[2.250s] Level 1:colcon.colcon_core.package_identification:_identify(venv/lib/python3.12/site-packages/pip/_vendor/platformdirs/__pycache__) by extension 'colcon_meta'
[2.250s] Level 1:colcon.colcon_core.package_identification:_identify(venv/lib/python3.12/site-packages/pip/_vendor/platformdirs/__pycache__) by extensions ['ros']
[2.250s] Level 1:colcon.colcon_core.package_identification:_identify(venv/lib/python3.12/site-packages/pip/_vendor/platformdirs/__pycache__) by extension 'ros'
[2.251s] Level 1:colcon.colcon_core.package_identification:_identify(venv/lib/python3.12/site-packages/pip/_vendor/platformdirs/__pycache__) by extensions ['cmake', 'python']
[2.252s] Level 1:colcon.colcon_core.package_identification:_identify(venv/lib/python3.12/site-packages/pip/_vendor/platformdirs/__pycache__) by extension 'cmake'
[2.252s] Level 1:colcon.colcon_core.package_identification:_identify(venv/lib/python3.12/site-packages/pip/_vendor/platformdirs/__pycache__) by extension 'python'
[2.252s] Level 1:colcon.colcon_core.package_identification:_identify(venv/lib/python3.12/site-packages/pip/_vendor/platformdirs/__pycache__) by extensions ['python_setup_py']
[2.252s] Level 1:colcon.colcon_core.package_identification:_identify(venv/lib/python3.12/site-packages/pip/_vendor/platformdirs/__pycache__) by extension 'python_setup_py'
[2.254s] Level 1:colcon.colcon_core.package_identification:_identify(venv/lib/python3.12/site-packages/pip/_vendor/pygments) by extensions ['ignore', 'ignore_ament_install']
[2.254s] Level 1:colcon.colcon_core.package_identification:_identify(venv/lib/python3.12/site-packages/pip/_vendor/pygments) by extension 'ignore'
[2.254s] Level 1:colcon.colcon_core.package_identification:_identify(venv/lib/python3.12/site-packages/pip/_vendor/pygments) by extension 'ignore_ament_install'
[2.255s] Level 1:colcon.colcon_core.package_identification:_identify(venv/lib/python3.12/site-packages/pip/_vendor/pygments) by extensions ['colcon_pkg']
[2.255s] Level 1:colcon.colcon_core.package_identification:_identify(venv/lib/python3.12/site-packages/pip/_vendor/pygments) by extension 'colcon_pkg'
[2.255s] Level 1:colcon.colcon_core.package_identification:_identify(venv/lib/python3.12/site-packages/pip/_vendor/pygments) by extensions ['colcon_meta']
[2.255s] Level 1:colcon.colcon_core.package_identification:_identify(venv/lib/python3.12/site-packages/pip/_vendor/pygments) by extension 'colcon_meta'
[2.255s] Level 1:colcon.colcon_core.package_identification:_identify(venv/lib/python3.12/site-packages/pip/_vendor/pygments) by extensions ['ros']
[2.255s] Level 1:colcon.colcon_core.package_identification:_identify(venv/lib/python3.12/site-packages/pip/_vendor/pygments) by extension 'ros'
[2.256s] Level 1:colcon.colcon_core.package_identification:_identify(venv/lib/python3.12/site-packages/pip/_vendor/pygments) by extensions ['cmake', 'python']
[2.256s] Level 1:colcon.colcon_core.package_identification:_identify(venv/lib/python3.12/site-packages/pip/_vendor/pygments) by extension 'cmake'
[2.256s] Level 1:colcon.colcon_core.package_identification:_identify(venv/lib/python3.12/site-packages/pip/_vendor/pygments) by extension 'python'
[2.257s] Level 1:colcon.colcon_core.package_identification:_identify(venv/lib/python3.12/site-packages/pip/_vendor/pygments) by extensions ['python_setup_py']
[2.257s] Level 1:colcon.colcon_core.package_identification:_identify(venv/lib/python3.12/site-packages/pip/_vendor/pygments) by extension 'python_setup_py'
[2.258s] Level 1:colcon.colcon_core.package_identification:_identify(venv/lib/python3.12/site-packages/pip/_vendor/pygments/__pycache__) by extensions ['ignore', 'ignore_ament_install']
[2.259s] Level 1:colcon.colcon_core.package_identification:_identify(venv/lib/python3.12/site-packages/pip/_vendor/pygments/__pycache__) by extension 'ignore'
[2.259s] Level 1:colcon.colcon_core.package_identification:_identify(venv/lib/python3.12/site-packages/pip/_vendor/pygments/__pycache__) by extension 'ignore_ament_install'
[2.260s] Level 1:colcon.colcon_core.package_identification:_identify(venv/lib/python3.12/site-packages/pip/_vendor/pygments/__pycache__) by extensions ['colcon_pkg']
[2.260s] Level 1:colcon.colcon_core.package_identification:_identify(venv/lib/python3.12/site-packages/pip/_vendor/pygments/__pycache__) by extension 'colcon_pkg'
[2.260s] Level 1:colcon.colcon_core.package_identification:_identify(venv/lib/python3.12/site-packages/pip/_vendor/pygments/__pycache__) by extensions ['colcon_meta']
[2.260s] Level 1:colcon.colcon_core.package_identification:_identify(venv/lib/python3.12/site-packages/pip/_vendor/pygments/__pycache__) by extension 'colcon_meta'
[2.260s] Level 1:colcon.colcon_core.package_identification:_identify(venv/lib/python3.12/site-packages/pip/_vendor/pygments/__pycache__) by extensions ['ros']
[2.260s] Level 1:colcon.colcon_core.package_identification:_identify(venv/lib/python3.12/site-packages/pip/_vendor/pygments/__pycache__) by extension 'ros'
[2.261s] Level 1:colcon.colcon_core.package_identification:_identify(venv/lib/python3.12/site-packages/pip/_vendor/pygments/__pycache__) by extensions ['cmake', 'python']
[2.261s] Level 1:colcon.colcon_core.package_identification:_identify(venv/lib/python3.12/site-packages/pip/_vendor/pygments/__pycache__) by extension 'cmake'
[2.261s] Level 1:colcon.colcon_core.package_identification:_identify(venv/lib/python3.12/site-packages/pip/_vendor/pygments/__pycache__) by extension 'python'
[2.262s] Level 1:colcon.colcon_core.package_identification:_identify(venv/lib/python3.12/site-packages/pip/_vendor/pygments/__pycache__) by extensions ['python_setup_py']
[2.262s] Level 1:colcon.colcon_core.package_identification:_identify(venv/lib/python3.12/site-packages/pip/_vendor/pygments/__pycache__) by extension 'python_setup_py'
[2.263s] Level 1:colcon.colcon_core.package_identification:_identify(venv/lib/python3.12/site-packages/pip/_vendor/pygments/filters) by extensions ['ignore', 'ignore_ament_install']
[2.263s] Level 1:colcon.colcon_core.package_identification:_identify(venv/lib/python3.12/site-packages/pip/_vendor/pygments/filters) by extension 'ignore'
[2.264s] Level 1:colcon.colcon_core.package_identification:_identify(venv/lib/python3.12/site-packages/pip/_vendor/pygments/filters) by extension 'ignore_ament_install'
[2.264s] Level 1:colcon.colcon_core.package_identification:_identify(venv/lib/python3.12/site-packages/pip/_vendor/pygments/filters) by extensions ['colcon_pkg']
[2.264s] Level 1:colcon.colcon_core.package_identification:_identify(venv/lib/python3.12/site-packages/pip/_vendor/pygments/filters) by extension 'colcon_pkg'
[2.265s] Level 1:colcon.colcon_core.package_identification:_identify(venv/lib/python3.12/site-packages/pip/_vendor/pygments/filters) by extensions ['colcon_meta']
[2.265s] Level 1:colcon.colcon_core.package_identification:_identify(venv/lib/python3.12/site-packages/pip/_vendor/pygments/filters) by extension 'colcon_meta'
[2.265s] Level 1:colcon.colcon_core.package_identification:_identify(venv/lib/python3.12/site-packages/pip/_vendor/pygments/filters) by extensions ['ros']
[2.265s] Level 1:colcon.colcon_core.package_identification:_identify(venv/lib/python3.12/site-packages/pip/_vendor/pygments/filters) by extension 'ros'
[2.266s] Level 1:colcon.colcon_core.package_identification:_identify(venv/lib/python3.12/site-packages/pip/_vendor/pygments/filters) by extensions ['cmake', 'python']
[2.266s] Level 1:colcon.colcon_core.package_identification:_identify(venv/lib/python3.12/site-packages/pip/_vendor/pygments/filters) by extension 'cmake'
[2.266s] Level 1:colcon.colcon_core.package_identification:_identify(venv/lib/python3.12/site-packages/pip/_vendor/pygments/filters) by extension 'python'
[2.266s] Level 1:colcon.colcon_core.package_identification:_identify(venv/lib/python3.12/site-packages/pip/_vendor/pygments/filters) by extensions ['python_setup_py']
[2.266s] Level 1:colcon.colcon_core.package_identification:_identify(venv/lib/python3.12/site-packages/pip/_vendor/pygments/filters) by extension 'python_setup_py'
[2.267s] Level 1:colcon.colcon_core.package_identification:_identify(venv/lib/python3.12/site-packages/pip/_vendor/pygments/filters/__pycache__) by extensions ['ignore', 'ignore_ament_install']
[2.268s] Level 1:colcon.colcon_core.package_identification:_identify(venv/lib/python3.12/site-packages/pip/_vendor/pygments/filters/__pycache__) by extension 'ignore'
[2.268s] Level 1:colcon.colcon_core.package_identification:_identify(venv/lib/python3.12/site-packages/pip/_vendor/pygments/filters/__pycache__) by extension 'ignore_ament_install'
[2.269s] Level 1:colcon.colcon_core.package_identification:_identify(venv/lib/python3.12/site-packages/pip/_vendor/pygments/filters/__pycache__) by extensions ['colcon_pkg']
[2.269s] Level 1:colcon.colcon_core.package_identification:_identify(venv/lib/python3.12/site-packages/pip/_vendor/pygments/filters/__pycache__) by extension 'colcon_pkg'
[2.269s] Level 1:colcon.colcon_core.package_identification:_identify(venv/lib/python3.12/site-packages/pip/_vendor/pygments/filters/__pycache__) by extensions ['colcon_meta']
[2.269s] Level 1:colcon.colcon_core.package_identification:_identify(venv/lib/python3.12/site-packages/pip/_vendor/pygments/filters/__pycache__) by extension 'colcon_meta'
[2.270s] Level 1:colcon.colcon_core.package_identification:_identify(venv/lib/python3.12/site-packages/pip/_vendor/pygments/filters/__pycache__) by extensions ['ros']
[2.270s] Level 1:colcon.colcon_core.package_identification:_identify(venv/lib/python3.12/site-packages/pip/_vendor/pygments/filters/__pycache__) by extension 'ros'
[2.270s] Level 1:colcon.colcon_core.package_identification:_identify(venv/lib/python3.12/site-packages/pip/_vendor/pygments/filters/__pycache__) by extensions ['cmake', 'python']
[2.270s] Level 1:colcon.colcon_core.package_identification:_identify(venv/lib/python3.12/site-packages/pip/_vendor/pygments/filters/__pycache__) by extension 'cmake'
[2.270s] Level 1:colcon.colcon_core.package_identification:_identify(venv/lib/python3.12/site-packages/pip/_vendor/pygments/filters/__pycache__) by extension 'python'
[2.271s] Level 1:colcon.colcon_core.package_identification:_identify(venv/lib/python3.12/site-packages/pip/_vendor/pygments/filters/__pycache__) by extensions ['python_setup_py']
[2.271s] Level 1:colcon.colcon_core.package_identification:_identify(venv/lib/python3.12/site-packages/pip/_vendor/pygments/filters/__pycache__) by extension 'python_setup_py'
[2.272s] Level 1:colcon.colcon_core.package_identification:_identify(venv/lib/python3.12/site-packages/pip/_vendor/pygments/formatters) by extensions ['ignore', 'ignore_ament_install']
[2.272s] Level 1:colcon.colcon_core.package_identification:_identify(venv/lib/python3.12/site-packages/pip/_vendor/pygments/formatters) by extension 'ignore'
[2.273s] Level 1:colcon.colcon_core.package_identification:_identify(venv/lib/python3.12/site-packages/pip/_vendor/pygments/formatters) by extension 'ignore_ament_install'
[2.273s] Level 1:colcon.colcon_core.package_identification:_identify(venv/lib/python3.12/site-packages/pip/_vendor/pygments/formatters) by extensions ['colcon_pkg']
[2.273s] Level 1:colcon.colcon_core.package_identification:_identify(venv/lib/python3.12/site-packages/pip/_vendor/pygments/formatters) by extension 'colcon_pkg'
[2.273s] Level 1:colcon.colcon_core.package_identification:_identify(venv/lib/python3.12/site-packages/pip/_vendor/pygments/formatters) by extensions ['colcon_meta']
[2.273s] Level 1:colcon.colcon_core.package_identification:_identify(venv/lib/python3.12/site-packages/pip/_vendor/pygments/formatters) by extension 'colcon_meta'
[2.274s] Level 1:colcon.colcon_core.package_identification:_identify(venv/lib/python3.12/site-packages/pip/_vendor/pygments/formatters) by extensions ['ros']
[2.274s] Level 1:colcon.colcon_core.package_identification:_identify(venv/lib/python3.12/site-packages/pip/_vendor/pygments/formatters) by extension 'ros'
[2.274s] Level 1:colcon.colcon_core.package_identification:_identify(venv/lib/python3.12/site-packages/pip/_vendor/pygments/formatters) by extensions ['cmake', 'python']
[2.275s] Level 1:colcon.colcon_core.package_identification:_identify(venv/lib/python3.12/site-packages/pip/_vendor/pygments/formatters) by extension 'cmake'
[2.275s] Level 1:colcon.colcon_core.package_identification:_identify(venv/lib/python3.12/site-packages/pip/_vendor/pygments/formatters) by extension 'python'
[2.275s] Level 1:colcon.colcon_core.package_identification:_identify(venv/lib/python3.12/site-packages/pip/_vendor/pygments/formatters) by extensions ['python_setup_py']
[2.275s] Level 1:colcon.colcon_core.package_identification:_identify(venv/lib/python3.12/site-packages/pip/_vendor/pygments/formatters) by extension 'python_setup_py'
[2.278s] Level 1:colcon.colcon_core.package_identification:_identify(venv/lib/python3.12/site-packages/pip/_vendor/pygments/formatters/__pycache__) by extensions ['ignore', 'ignore_ament_install']
[2.279s] Level 1:colcon.colcon_core.package_identification:_identify(venv/lib/python3.12/site-packages/pip/_vendor/pygments/formatters/__pycache__) by extension 'ignore'
[2.279s] Level 1:colcon.colcon_core.package_identification:_identify(venv/lib/python3.12/site-packages/pip/_vendor/pygments/formatters/__pycache__) by extension 'ignore_ament_install'
[2.280s] Level 1:colcon.colcon_core.package_identification:_identify(venv/lib/python3.12/site-packages/pip/_vendor/pygments/formatters/__pycache__) by extensions ['colcon_pkg']
[2.280s] Level 1:colcon.colcon_core.package_identification:_identify(venv/lib/python3.12/site-packages/pip/_vendor/pygments/formatters/__pycache__) by extension 'colcon_pkg'
[2.280s] Level 1:colcon.colcon_core.package_identification:_identify(venv/lib/python3.12/site-packages/pip/_vendor/pygments/formatters/__pycache__) by extensions ['colcon_meta']
[2.280s] Level 1:colcon.colcon_core.package_identification:_identify(venv/lib/python3.12/site-packages/pip/_vendor/pygments/formatters/__pycache__) by extension 'colcon_meta'
[2.280s] Level 1:colcon.colcon_core.package_identification:_identify(venv/lib/python3.12/site-packages/pip/_vendor/pygments/formatters/__pycache__) by extensions ['ros']
[2.281s] Level 1:colcon.colcon_core.package_identification:_identify(venv/lib/python3.12/site-packages/pip/_vendor/pygments/formatters/__pycache__) by extension 'ros'
[2.281s] Level 1:colcon.colcon_core.package_identification:_identify(venv/lib/python3.12/site-packages/pip/_vendor/pygments/formatters/__pycache__) by extensions ['cmake', 'python']
[2.281s] Level 1:colcon.colcon_core.package_identification:_identify(venv/lib/python3.12/site-packages/pip/_vendor/pygments/formatters/__pycache__) by extension 'cmake'
[2.281s] Level 1:colcon.colcon_core.package_identification:_identify(venv/lib/python3.12/site-packages/pip/_vendor/pygments/formatters/__pycache__) by extension 'python'
[2.282s] Level 1:colcon.colcon_core.package_identification:_identify(venv/lib/python3.12/site-packages/pip/_vendor/pygments/formatters/__pycache__) by extensions ['python_setup_py']
[2.282s] Level 1:colcon.colcon_core.package_identification:_identify(venv/lib/python3.12/site-packages/pip/_vendor/pygments/formatters/__pycache__) by extension 'python_setup_py'
[2.283s] Level 1:colcon.colcon_core.package_identification:_identify(venv/lib/python3.12/site-packages/pip/_vendor/pygments/lexers) by extensions ['ignore', 'ignore_ament_install']
[2.284s] Level 1:colcon.colcon_core.package_identification:_identify(venv/lib/python3.12/site-packages/pip/_vendor/pygments/lexers) by extension 'ignore'
[2.284s] Level 1:colcon.colcon_core.package_identification:_identify(venv/lib/python3.12/site-packages/pip/_vendor/pygments/lexers) by extension 'ignore_ament_install'
[2.285s] Level 1:colcon.colcon_core.package_identification:_identify(venv/lib/python3.12/site-packages/pip/_vendor/pygments/lexers) by extensions ['colcon_pkg']
[2.285s] Level 1:colcon.colcon_core.package_identification:_identify(venv/lib/python3.12/site-packages/pip/_vendor/pygments/lexers) by extension 'colcon_pkg'
[2.285s] Level 1:colcon.colcon_core.package_identification:_identify(venv/lib/python3.12/site-packages/pip/_vendor/pygments/lexers) by extensions ['colcon_meta']
[2.285s] Level 1:colcon.colcon_core.package_identification:_identify(venv/lib/python3.12/site-packages/pip/_vendor/pygments/lexers) by extension 'colcon_meta'
[2.286s] Level 1:colcon.colcon_core.package_identification:_identify(venv/lib/python3.12/site-packages/pip/_vendor/pygments/lexers) by extensions ['ros']
[2.286s] Level 1:colcon.colcon_core.package_identification:_identify(venv/lib/python3.12/site-packages/pip/_vendor/pygments/lexers) by extension 'ros'
[2.286s] Level 1:colcon.colcon_core.package_identification:_identify(venv/lib/python3.12/site-packages/pip/_vendor/pygments/lexers) by extensions ['cmake', 'python']
[2.286s] Level 1:colcon.colcon_core.package_identification:_identify(venv/lib/python3.12/site-packages/pip/_vendor/pygments/lexers) by extension 'cmake'
[2.287s] Level 1:colcon.colcon_core.package_identification:_identify(venv/lib/python3.12/site-packages/pip/_vendor/pygments/lexers) by extension 'python'
[2.287s] Level 1:colcon.colcon_core.package_identification:_identify(venv/lib/python3.12/site-packages/pip/_vendor/pygments/lexers) by extensions ['python_setup_py']
[2.287s] Level 1:colcon.colcon_core.package_identification:_identify(venv/lib/python3.12/site-packages/pip/_vendor/pygments/lexers) by extension 'python_setup_py'
[2.289s] Level 1:colcon.colcon_core.package_identification:_identify(venv/lib/python3.12/site-packages/pip/_vendor/pygments/lexers/__pycache__) by extensions ['ignore', 'ignore_ament_install']
[2.289s] Level 1:colcon.colcon_core.package_identification:_identify(venv/lib/python3.12/site-packages/pip/_vendor/pygments/lexers/__pycache__) by extension 'ignore'
[2.290s] Level 1:colcon.colcon_core.package_identification:_identify(venv/lib/python3.12/site-packages/pip/_vendor/pygments/lexers/__pycache__) by extension 'ignore_ament_install'
[2.290s] Level 1:colcon.colcon_core.package_identification:_identify(venv/lib/python3.12/site-packages/pip/_vendor/pygments/lexers/__pycache__) by extensions ['colcon_pkg']
[2.290s] Level 1:colcon.colcon_core.package_identification:_identify(venv/lib/python3.12/site-packages/pip/_vendor/pygments/lexers/__pycache__) by extension 'colcon_pkg'
[2.290s] Level 1:colcon.colcon_core.package_identification:_identify(venv/lib/python3.12/site-packages/pip/_vendor/pygments/lexers/__pycache__) by extensions ['colcon_meta']
[2.291s] Level 1:colcon.colcon_core.package_identification:_identify(venv/lib/python3.12/site-packages/pip/_vendor/pygments/lexers/__pycache__) by extension 'colcon_meta'
[2.291s] Level 1:colcon.colcon_core.package_identification:_identify(venv/lib/python3.12/site-packages/pip/_vendor/pygments/lexers/__pycache__) by extensions ['ros']
[2.291s] Level 1:colcon.colcon_core.package_identification:_identify(venv/lib/python3.12/site-packages/pip/_vendor/pygments/lexers/__pycache__) by extension 'ros'
[2.292s] Level 1:colcon.colcon_core.package_identification:_identify(venv/lib/python3.12/site-packages/pip/_vendor/pygments/lexers/__pycache__) by extensions ['cmake', 'python']
[2.292s] Level 1:colcon.colcon_core.package_identification:_identify(venv/lib/python3.12/site-packages/pip/_vendor/pygments/lexers/__pycache__) by extension 'cmake'
[2.292s] Level 1:colcon.colcon_core.package_identification:_identify(venv/lib/python3.12/site-packages/pip/_vendor/pygments/lexers/__pycache__) by extension 'python'
[2.292s] Level 1:colcon.colcon_core.package_identification:_identify(venv/lib/python3.12/site-packages/pip/_vendor/pygments/lexers/__pycache__) by extensions ['python_setup_py']
[2.293s] Level 1:colcon.colcon_core.package_identification:_identify(venv/lib/python3.12/site-packages/pip/_vendor/pygments/lexers/__pycache__) by extension 'python_setup_py'
[2.294s] Level 1:colcon.colcon_core.package_identification:_identify(venv/lib/python3.12/site-packages/pip/_vendor/pygments/styles) by extensions ['ignore', 'ignore_ament_install']
[2.294s] Level 1:colcon.colcon_core.package_identification:_identify(venv/lib/python3.12/site-packages/pip/_vendor/pygments/styles) by extension 'ignore'
[2.295s] Level 1:colcon.colcon_core.package_identification:_identify(venv/lib/python3.12/site-packages/pip/_vendor/pygments/styles) by extension 'ignore_ament_install'
[2.295s] Level 1:colcon.colcon_core.package_identification:_identify(venv/lib/python3.12/site-packages/pip/_vendor/pygments/styles) by extensions ['colcon_pkg']
[2.295s] Level 1:colcon.colcon_core.package_identification:_identify(venv/lib/python3.12/site-packages/pip/_vendor/pygments/styles) by extension 'colcon_pkg'
[2.295s] Level 1:colcon.colcon_core.package_identification:_identify(venv/lib/python3.12/site-packages/pip/_vendor/pygments/styles) by extensions ['colcon_meta']
[2.296s] Level 1:colcon.colcon_core.package_identification:_identify(venv/lib/python3.12/site-packages/pip/_vendor/pygments/styles) by extension 'colcon_meta'
[2.296s] Level 1:colcon.colcon_core.package_identification:_identify(venv/lib/python3.12/site-packages/pip/_vendor/pygments/styles) by extensions ['ros']
[2.296s] Level 1:colcon.colcon_core.package_identification:_identify(venv/lib/python3.12/site-packages/pip/_vendor/pygments/styles) by extension 'ros'
[2.297s] Level 1:colcon.colcon_core.package_identification:_identify(venv/lib/python3.12/site-packages/pip/_vendor/pygments/styles) by extensions ['cmake', 'python']
[2.297s] Level 1:colcon.colcon_core.package_identification:_identify(venv/lib/python3.12/site-packages/pip/_vendor/pygments/styles) by extension 'cmake'
[2.297s] Level 1:colcon.colcon_core.package_identification:_identify(venv/lib/python3.12/site-packages/pip/_vendor/pygments/styles) by extension 'python'
[2.298s] Level 1:colcon.colcon_core.package_identification:_identify(venv/lib/python3.12/site-packages/pip/_vendor/pygments/styles) by extensions ['python_setup_py']
[2.298s] Level 1:colcon.colcon_core.package_identification:_identify(venv/lib/python3.12/site-packages/pip/_vendor/pygments/styles) by extension 'python_setup_py'
[2.299s] Level 1:colcon.colcon_core.package_identification:_identify(venv/lib/python3.12/site-packages/pip/_vendor/pygments/styles/__pycache__) by extensions ['ignore', 'ignore_ament_install']
[2.300s] Level 1:colcon.colcon_core.package_identification:_identify(venv/lib/python3.12/site-packages/pip/_vendor/pygments/styles/__pycache__) by extension 'ignore'
[2.300s] Level 1:colcon.colcon_core.package_identification:_identify(venv/lib/python3.12/site-packages/pip/_vendor/pygments/styles/__pycache__) by extension 'ignore_ament_install'
[2.300s] Level 1:colcon.colcon_core.package_identification:_identify(venv/lib/python3.12/site-packages/pip/_vendor/pygments/styles/__pycache__) by extensions ['colcon_pkg']
[2.301s] Level 1:colcon.colcon_core.package_identification:_identify(venv/lib/python3.12/site-packages/pip/_vendor/pygments/styles/__pycache__) by extension 'colcon_pkg'
[2.301s] Level 1:colcon.colcon_core.package_identification:_identify(venv/lib/python3.12/site-packages/pip/_vendor/pygments/styles/__pycache__) by extensions ['colcon_meta']
[2.301s] Level 1:colcon.colcon_core.package_identification:_identify(venv/lib/python3.12/site-packages/pip/_vendor/pygments/styles/__pycache__) by extension 'colcon_meta'
[2.301s] Level 1:colcon.colcon_core.package_identification:_identify(venv/lib/python3.12/site-packages/pip/_vendor/pygments/styles/__pycache__) by extensions ['ros']
[2.301s] Level 1:colcon.colcon_core.package_identification:_identify(venv/lib/python3.12/site-packages/pip/_vendor/pygments/styles/__pycache__) by extension 'ros'
[2.302s] Level 1:colcon.colcon_core.package_identification:_identify(venv/lib/python3.12/site-packages/pip/_vendor/pygments/styles/__pycache__) by extensions ['cmake', 'python']
[2.302s] Level 1:colcon.colcon_core.package_identification:_identify(venv/lib/python3.12/site-packages/pip/_vendor/pygments/styles/__pycache__) by extension 'cmake'
[2.302s] Level 1:colcon.colcon_core.package_identification:_identify(venv/lib/python3.12/site-packages/pip/_vendor/pygments/styles/__pycache__) by extension 'python'
[2.303s] Level 1:colcon.colcon_core.package_identification:_identify(venv/lib/python3.12/site-packages/pip/_vendor/pygments/styles/__pycache__) by extensions ['python_setup_py']
[2.303s] Level 1:colcon.colcon_core.package_identification:_identify(venv/lib/python3.12/site-packages/pip/_vendor/pygments/styles/__pycache__) by extension 'python_setup_py'
[2.304s] Level 1:colcon.colcon_core.package_identification:_identify(venv/lib/python3.12/site-packages/pip/_vendor/pyproject_hooks) by extensions ['ignore', 'ignore_ament_install']
[2.305s] Level 1:colcon.colcon_core.package_identification:_identify(venv/lib/python3.12/site-packages/pip/_vendor/pyproject_hooks) by extension 'ignore'
[2.305s] Level 1:colcon.colcon_core.package_identification:_identify(venv/lib/python3.12/site-packages/pip/_vendor/pyproject_hooks) by extension 'ignore_ament_install'
[2.305s] Level 1:colcon.colcon_core.package_identification:_identify(venv/lib/python3.12/site-packages/pip/_vendor/pyproject_hooks) by extensions ['colcon_pkg']
[2.306s] Level 1:colcon.colcon_core.package_identification:_identify(venv/lib/python3.12/site-packages/pip/_vendor/pyproject_hooks) by extension 'colcon_pkg'
[2.306s] Level 1:colcon.colcon_core.package_identification:_identify(venv/lib/python3.12/site-packages/pip/_vendor/pyproject_hooks) by extensions ['colcon_meta']
[2.306s] Level 1:colcon.colcon_core.package_identification:_identify(venv/lib/python3.12/site-packages/pip/_vendor/pyproject_hooks) by extension 'colcon_meta'
[2.306s] Level 1:colcon.colcon_core.package_identification:_identify(venv/lib/python3.12/site-packages/pip/_vendor/pyproject_hooks) by extensions ['ros']
[2.306s] Level 1:colcon.colcon_core.package_identification:_identify(venv/lib/python3.12/site-packages/pip/_vendor/pyproject_hooks) by extension 'ros'
[2.307s] Level 1:colcon.colcon_core.package_identification:_identify(venv/lib/python3.12/site-packages/pip/_vendor/pyproject_hooks) by extensions ['cmake', 'python']
[2.307s] Level 1:colcon.colcon_core.package_identification:_identify(venv/lib/python3.12/site-packages/pip/_vendor/pyproject_hooks) by extension 'cmake'
[2.307s] Level 1:colcon.colcon_core.package_identification:_identify(venv/lib/python3.12/site-packages/pip/_vendor/pyproject_hooks) by extension 'python'
[2.307s] Level 1:colcon.colcon_core.package_identification:_identify(venv/lib/python3.12/site-packages/pip/_vendor/pyproject_hooks) by extensions ['python_setup_py']
[2.307s] Level 1:colcon.colcon_core.package_identification:_identify(venv/lib/python3.12/site-packages/pip/_vendor/pyproject_hooks) by extension 'python_setup_py'
[2.308s] Level 1:colcon.colcon_core.package_identification:_identify(venv/lib/python3.12/site-packages/pip/_vendor/pyproject_hooks/__pycache__) by extensions ['ignore', 'ignore_ament_install']
[2.309s] Level 1:colcon.colcon_core.package_identification:_identify(venv/lib/python3.12/site-packages/pip/_vendor/pyproject_hooks/__pycache__) by extension 'ignore'
[2.309s] Level 1:colcon.colcon_core.package_identification:_identify(venv/lib/python3.12/site-packages/pip/_vendor/pyproject_hooks/__pycache__) by extension 'ignore_ament_install'
[2.309s] Level 1:colcon.colcon_core.package_identification:_identify(venv/lib/python3.12/site-packages/pip/_vendor/pyproject_hooks/__pycache__) by extensions ['colcon_pkg']
[2.310s] Level 1:colcon.colcon_core.package_identification:_identify(venv/lib/python3.12/site-packages/pip/_vendor/pyproject_hooks/__pycache__) by extension 'colcon_pkg'
[2.310s] Level 1:colcon.colcon_core.package_identification:_identify(venv/lib/python3.12/site-packages/pip/_vendor/pyproject_hooks/__pycache__) by extensions ['colcon_meta']
[2.310s] Level 1:colcon.colcon_core.package_identification:_identify(venv/lib/python3.12/site-packages/pip/_vendor/pyproject_hooks/__pycache__) by extension 'colcon_meta'
[2.310s] Level 1:colcon.colcon_core.package_identification:_identify(venv/lib/python3.12/site-packages/pip/_vendor/pyproject_hooks/__pycache__) by extensions ['ros']
[2.310s] Level 1:colcon.colcon_core.package_identification:_identify(venv/lib/python3.12/site-packages/pip/_vendor/pyproject_hooks/__pycache__) by extension 'ros'
[2.311s] Level 1:colcon.colcon_core.package_identification:_identify(venv/lib/python3.12/site-packages/pip/_vendor/pyproject_hooks/__pycache__) by extensions ['cmake', 'python']
[2.311s] Level 1:colcon.colcon_core.package_identification:_identify(venv/lib/python3.12/site-packages/pip/_vendor/pyproject_hooks/__pycache__) by extension 'cmake'
[2.311s] Level 1:colcon.colcon_core.package_identification:_identify(venv/lib/python3.12/site-packages/pip/_vendor/pyproject_hooks/__pycache__) by extension 'python'
[2.311s] Level 1:colcon.colcon_core.package_identification:_identify(venv/lib/python3.12/site-packages/pip/_vendor/pyproject_hooks/__pycache__) by extensions ['python_setup_py']
[2.312s] Level 1:colcon.colcon_core.package_identification:_identify(venv/lib/python3.12/site-packages/pip/_vendor/pyproject_hooks/__pycache__) by extension 'python_setup_py'
[2.313s] Level 1:colcon.colcon_core.package_identification:_identify(venv/lib/python3.12/site-packages/pip/_vendor/pyproject_hooks/_in_process) by extensions ['ignore', 'ignore_ament_install']
[2.313s] Level 1:colcon.colcon_core.package_identification:_identify(venv/lib/python3.12/site-packages/pip/_vendor/pyproject_hooks/_in_process) by extension 'ignore'
[2.313s] Level 1:colcon.colcon_core.package_identification:_identify(venv/lib/python3.12/site-packages/pip/_vendor/pyproject_hooks/_in_process) by extension 'ignore_ament_install'
[2.314s] Level 1:colcon.colcon_core.package_identification:_identify(venv/lib/python3.12/site-packages/pip/_vendor/pyproject_hooks/_in_process) by extensions ['colcon_pkg']
[2.314s] Level 1:colcon.colcon_core.package_identification:_identify(venv/lib/python3.12/site-packages/pip/_vendor/pyproject_hooks/_in_process) by extension 'colcon_pkg'
[2.314s] Level 1:colcon.colcon_core.package_identification:_identify(venv/lib/python3.12/site-packages/pip/_vendor/pyproject_hooks/_in_process) by extensions ['colcon_meta']
[2.314s] Level 1:colcon.colcon_core.package_identification:_identify(venv/lib/python3.12/site-packages/pip/_vendor/pyproject_hooks/_in_process) by extension 'colcon_meta'
[2.314s] Level 1:colcon.colcon_core.package_identification:_identify(venv/lib/python3.12/site-packages/pip/_vendor/pyproject_hooks/_in_process) by extensions ['ros']
[2.315s] Level 1:colcon.colcon_core.package_identification:_identify(venv/lib/python3.12/site-packages/pip/_vendor/pyproject_hooks/_in_process) by extension 'ros'
[2.315s] Level 1:colcon.colcon_core.package_identification:_identify(venv/lib/python3.12/site-packages/pip/_vendor/pyproject_hooks/_in_process) by extensions ['cmake', 'python']
[2.315s] Level 1:colcon.colcon_core.package_identification:_identify(venv/lib/python3.12/site-packages/pip/_vendor/pyproject_hooks/_in_process) by extension 'cmake'
[2.315s] Level 1:colcon.colcon_core.package_identification:_identify(venv/lib/python3.12/site-packages/pip/_vendor/pyproject_hooks/_in_process) by extension 'python'
[2.316s] Level 1:colcon.colcon_core.package_identification:_identify(venv/lib/python3.12/site-packages/pip/_vendor/pyproject_hooks/_in_process) by extensions ['python_setup_py']
[2.316s] Level 1:colcon.colcon_core.package_identification:_identify(venv/lib/python3.12/site-packages/pip/_vendor/pyproject_hooks/_in_process) by extension 'python_setup_py'
[2.318s] Level 1:colcon.colcon_core.package_identification:_identify(venv/lib/python3.12/site-packages/pip/_vendor/pyproject_hooks/_in_process/__pycache__) by extensions ['ignore', 'ignore_ament_install']
[2.319s] Level 1:colcon.colcon_core.package_identification:_identify(venv/lib/python3.12/site-packages/pip/_vendor/pyproject_hooks/_in_process/__pycache__) by extension 'ignore'
[2.319s] Level 1:colcon.colcon_core.package_identification:_identify(venv/lib/python3.12/site-packages/pip/_vendor/pyproject_hooks/_in_process/__pycache__) by extension 'ignore_ament_install'
[2.320s] Level 1:colcon.colcon_core.package_identification:_identify(venv/lib/python3.12/site-packages/pip/_vendor/pyproject_hooks/_in_process/__pycache__) by extensions ['colcon_pkg']
[2.320s] Level 1:colcon.colcon_core.package_identification:_identify(venv/lib/python3.12/site-packages/pip/_vendor/pyproject_hooks/_in_process/__pycache__) by extension 'colcon_pkg'
[2.320s] Level 1:colcon.colcon_core.package_identification:_identify(venv/lib/python3.12/site-packages/pip/_vendor/pyproject_hooks/_in_process/__pycache__) by extensions ['colcon_meta']
[2.320s] Level 1:colcon.colcon_core.package_identification:_identify(venv/lib/python3.12/site-packages/pip/_vendor/pyproject_hooks/_in_process/__pycache__) by extension 'colcon_meta'
[2.320s] Level 1:colcon.colcon_core.package_identification:_identify(venv/lib/python3.12/site-packages/pip/_vendor/pyproject_hooks/_in_process/__pycache__) by extensions ['ros']
[2.321s] Level 1:colcon.colcon_core.package_identification:_identify(venv/lib/python3.12/site-packages/pip/_vendor/pyproject_hooks/_in_process/__pycache__) by extension 'ros'
[2.321s] Level 1:colcon.colcon_core.package_identification:_identify(venv/lib/python3.12/site-packages/pip/_vendor/pyproject_hooks/_in_process/__pycache__) by extensions ['cmake', 'python']
[2.321s] Level 1:colcon.colcon_core.package_identification:_identify(venv/lib/python3.12/site-packages/pip/_vendor/pyproject_hooks/_in_process/__pycache__) by extension 'cmake'
[2.322s] Level 1:colcon.colcon_core.package_identification:_identify(venv/lib/python3.12/site-packages/pip/_vendor/pyproject_hooks/_in_process/__pycache__) by extension 'python'
[2.322s] Level 1:colcon.colcon_core.package_identification:_identify(venv/lib/python3.12/site-packages/pip/_vendor/pyproject_hooks/_in_process/__pycache__) by extensions ['python_setup_py']
[2.322s] Level 1:colcon.colcon_core.package_identification:_identify(venv/lib/python3.12/site-packages/pip/_vendor/pyproject_hooks/_in_process/__pycache__) by extension 'python_setup_py'
[2.323s] Level 1:colcon.colcon_core.package_identification:_identify(venv/lib/python3.12/site-packages/pip/_vendor/requests) by extensions ['ignore', 'ignore_ament_install']
[2.324s] Level 1:colcon.colcon_core.package_identification:_identify(venv/lib/python3.12/site-packages/pip/_vendor/requests) by extension 'ignore'
[2.324s] Level 1:colcon.colcon_core.package_identification:_identify(venv/lib/python3.12/site-packages/pip/_vendor/requests) by extension 'ignore_ament_install'
[2.325s] Level 1:colcon.colcon_core.package_identification:_identify(venv/lib/python3.12/site-packages/pip/_vendor/requests) by extensions ['colcon_pkg']
[2.325s] Level 1:colcon.colcon_core.package_identification:_identify(venv/lib/python3.12/site-packages/pip/_vendor/requests) by extension 'colcon_pkg'
[2.325s] Level 1:colcon.colcon_core.package_identification:_identify(venv/lib/python3.12/site-packages/pip/_vendor/requests) by extensions ['colcon_meta']
[2.325s] Level 1:colcon.colcon_core.package_identification:_identify(venv/lib/python3.12/site-packages/pip/_vendor/requests) by extension 'colcon_meta'
[2.326s] Level 1:colcon.colcon_core.package_identification:_identify(venv/lib/python3.12/site-packages/pip/_vendor/requests) by extensions ['ros']
[2.326s] Level 1:colcon.colcon_core.package_identification:_identify(venv/lib/python3.12/site-packages/pip/_vendor/requests) by extension 'ros'
[2.326s] Level 1:colcon.colcon_core.package_identification:_identify(venv/lib/python3.12/site-packages/pip/_vendor/requests) by extensions ['cmake', 'python']
[2.326s] Level 1:colcon.colcon_core.package_identification:_identify(venv/lib/python3.12/site-packages/pip/_vendor/requests) by extension 'cmake'
[2.327s] Level 1:colcon.colcon_core.package_identification:_identify(venv/lib/python3.12/site-packages/pip/_vendor/requests) by extension 'python'
[2.327s] Level 1:colcon.colcon_core.package_identification:_identify(venv/lib/python3.12/site-packages/pip/_vendor/requests) by extensions ['python_setup_py']
[2.327s] Level 1:colcon.colcon_core.package_identification:_identify(venv/lib/python3.12/site-packages/pip/_vendor/requests) by extension 'python_setup_py'
[2.328s] Level 1:colcon.colcon_core.package_identification:_identify(venv/lib/python3.12/site-packages/pip/_vendor/requests/__pycache__) by extensions ['ignore', 'ignore_ament_install']
[2.329s] Level 1:colcon.colcon_core.package_identification:_identify(venv/lib/python3.12/site-packages/pip/_vendor/requests/__pycache__) by extension 'ignore'
[2.329s] Level 1:colcon.colcon_core.package_identification:_identify(venv/lib/python3.12/site-packages/pip/_vendor/requests/__pycache__) by extension 'ignore_ament_install'
[2.330s] Level 1:colcon.colcon_core.package_identification:_identify(venv/lib/python3.12/site-packages/pip/_vendor/requests/__pycache__) by extensions ['colcon_pkg']
[2.330s] Level 1:colcon.colcon_core.package_identification:_identify(venv/lib/python3.12/site-packages/pip/_vendor/requests/__pycache__) by extension 'colcon_pkg'
[2.330s] Level 1:colcon.colcon_core.package_identification:_identify(venv/lib/python3.12/site-packages/pip/_vendor/requests/__pycache__) by extensions ['colcon_meta']
[2.330s] Level 1:colcon.colcon_core.package_identification:_identify(venv/lib/python3.12/site-packages/pip/_vendor/requests/__pycache__) by extension 'colcon_meta'
[2.330s] Level 1:colcon.colcon_core.package_identification:_identify(venv/lib/python3.12/site-packages/pip/_vendor/requests/__pycache__) by extensions ['ros']
[2.331s] Level 1:colcon.colcon_core.package_identification:_identify(venv/lib/python3.12/site-packages/pip/_vendor/requests/__pycache__) by extension 'ros'
[2.331s] Level 1:colcon.colcon_core.package_identification:_identify(venv/lib/python3.12/site-packages/pip/_vendor/requests/__pycache__) by extensions ['cmake', 'python']
[2.331s] Level 1:colcon.colcon_core.package_identification:_identify(venv/lib/python3.12/site-packages/pip/_vendor/requests/__pycache__) by extension 'cmake'
[2.332s] Level 1:colcon.colcon_core.package_identification:_identify(venv/lib/python3.12/site-packages/pip/_vendor/requests/__pycache__) by extension 'python'
[2.332s] Level 1:colcon.colcon_core.package_identification:_identify(venv/lib/python3.12/site-packages/pip/_vendor/requests/__pycache__) by extensions ['python_setup_py']
[2.332s] Level 1:colcon.colcon_core.package_identification:_identify(venv/lib/python3.12/site-packages/pip/_vendor/requests/__pycache__) by extension 'python_setup_py'
[2.333s] Level 1:colcon.colcon_core.package_identification:_identify(venv/lib/python3.12/site-packages/pip/_vendor/resolvelib) by extensions ['ignore', 'ignore_ament_install']
[2.334s] Level 1:colcon.colcon_core.package_identification:_identify(venv/lib/python3.12/site-packages/pip/_vendor/resolvelib) by extension 'ignore'
[2.334s] Level 1:colcon.colcon_core.package_identification:_identify(venv/lib/python3.12/site-packages/pip/_vendor/resolvelib) by extension 'ignore_ament_install'
[2.334s] Level 1:colcon.colcon_core.package_identification:_identify(venv/lib/python3.12/site-packages/pip/_vendor/resolvelib) by extensions ['colcon_pkg']
[2.334s] Level 1:colcon.colcon_core.package_identification:_identify(venv/lib/python3.12/site-packages/pip/_vendor/resolvelib) by extension 'colcon_pkg'
[2.335s] Level 1:colcon.colcon_core.package_identification:_identify(venv/lib/python3.12/site-packages/pip/_vendor/resolvelib) by extensions ['colcon_meta']
[2.335s] Level 1:colcon.colcon_core.package_identification:_identify(venv/lib/python3.12/site-packages/pip/_vendor/resolvelib) by extension 'colcon_meta'
[2.335s] Level 1:colcon.colcon_core.package_identification:_identify(venv/lib/python3.12/site-packages/pip/_vendor/resolvelib) by extensions ['ros']
[2.335s] Level 1:colcon.colcon_core.package_identification:_identify(venv/lib/python3.12/site-packages/pip/_vendor/resolvelib) by extension 'ros'
[2.336s] Level 1:colcon.colcon_core.package_identification:_identify(venv/lib/python3.12/site-packages/pip/_vendor/resolvelib) by extensions ['cmake', 'python']
[2.336s] Level 1:colcon.colcon_core.package_identification:_identify(venv/lib/python3.12/site-packages/pip/_vendor/resolvelib) by extension 'cmake'
[2.336s] Level 1:colcon.colcon_core.package_identification:_identify(venv/lib/python3.12/site-packages/pip/_vendor/resolvelib) by extension 'python'
[2.336s] Level 1:colcon.colcon_core.package_identification:_identify(venv/lib/python3.12/site-packages/pip/_vendor/resolvelib) by extensions ['python_setup_py']
[2.337s] Level 1:colcon.colcon_core.package_identification:_identify(venv/lib/python3.12/site-packages/pip/_vendor/resolvelib) by extension 'python_setup_py'
[2.338s] Level 1:colcon.colcon_core.package_identification:_identify(venv/lib/python3.12/site-packages/pip/_vendor/resolvelib/__pycache__) by extensions ['ignore', 'ignore_ament_install']
[2.339s] Level 1:colcon.colcon_core.package_identification:_identify(venv/lib/python3.12/site-packages/pip/_vendor/resolvelib/__pycache__) by extension 'ignore'
[2.339s] Level 1:colcon.colcon_core.package_identification:_identify(venv/lib/python3.12/site-packages/pip/_vendor/resolvelib/__pycache__) by extension 'ignore_ament_install'
[2.339s] Level 1:colcon.colcon_core.package_identification:_identify(venv/lib/python3.12/site-packages/pip/_vendor/resolvelib/__pycache__) by extensions ['colcon_pkg']
[2.340s] Level 1:colcon.colcon_core.package_identification:_identify(venv/lib/python3.12/site-packages/pip/_vendor/resolvelib/__pycache__) by extension 'colcon_pkg'
[2.340s] Level 1:colcon.colcon_core.package_identification:_identify(venv/lib/python3.12/site-packages/pip/_vendor/resolvelib/__pycache__) by extensions ['colcon_meta']
[2.340s] Level 1:colcon.colcon_core.package_identification:_identify(venv/lib/python3.12/site-packages/pip/_vendor/resolvelib/__pycache__) by extension 'colcon_meta'
[2.340s] Level 1:colcon.colcon_core.package_identification:_identify(venv/lib/python3.12/site-packages/pip/_vendor/resolvelib/__pycache__) by extensions ['ros']
[2.340s] Level 1:colcon.colcon_core.package_identification:_identify(venv/lib/python3.12/site-packages/pip/_vendor/resolvelib/__pycache__) by extension 'ros'
[2.341s] Level 1:colcon.colcon_core.package_identification:_identify(venv/lib/python3.12/site-packages/pip/_vendor/resolvelib/__pycache__) by extensions ['cmake', 'python']
[2.341s] Level 1:colcon.colcon_core.package_identification:_identify(venv/lib/python3.12/site-packages/pip/_vendor/resolvelib/__pycache__) by extension 'cmake'
[2.341s] Level 1:colcon.colcon_core.package_identification:_identify(venv/lib/python3.12/site-packages/pip/_vendor/resolvelib/__pycache__) by extension 'python'
[2.341s] Level 1:colcon.colcon_core.package_identification:_identify(venv/lib/python3.12/site-packages/pip/_vendor/resolvelib/__pycache__) by extensions ['python_setup_py']
[2.341s] Level 1:colcon.colcon_core.package_identification:_identify(venv/lib/python3.12/site-packages/pip/_vendor/resolvelib/__pycache__) by extension 'python_setup_py'
[2.343s] Level 1:colcon.colcon_core.package_identification:_identify(venv/lib/python3.12/site-packages/pip/_vendor/resolvelib/resolvers) by extensions ['ignore', 'ignore_ament_install']
[2.343s] Level 1:colcon.colcon_core.package_identification:_identify(venv/lib/python3.12/site-packages/pip/_vendor/resolvelib/resolvers) by extension 'ignore'
[2.344s] Level 1:colcon.colcon_core.package_identification:_identify(venv/lib/python3.12/site-packages/pip/_vendor/resolvelib/resolvers) by extension 'ignore_ament_install'
[2.344s] Level 1:colcon.colcon_core.package_identification:_identify(venv/lib/python3.12/site-packages/pip/_vendor/resolvelib/resolvers) by extensions ['colcon_pkg']
[2.344s] Level 1:colcon.colcon_core.package_identification:_identify(venv/lib/python3.12/site-packages/pip/_vendor/resolvelib/resolvers) by extension 'colcon_pkg'
[2.345s] Level 1:colcon.colcon_core.package_identification:_identify(venv/lib/python3.12/site-packages/pip/_vendor/resolvelib/resolvers) by extensions ['colcon_meta']
[2.345s] Level 1:colcon.colcon_core.package_identification:_identify(venv/lib/python3.12/site-packages/pip/_vendor/resolvelib/resolvers) by extension 'colcon_meta'
[2.345s] Level 1:colcon.colcon_core.package_identification:_identify(venv/lib/python3.12/site-packages/pip/_vendor/resolvelib/resolvers) by extensions ['ros']
[2.345s] Level 1:colcon.colcon_core.package_identification:_identify(venv/lib/python3.12/site-packages/pip/_vendor/resolvelib/resolvers) by extension 'ros'
[2.346s] Level 1:colcon.colcon_core.package_identification:_identify(venv/lib/python3.12/site-packages/pip/_vendor/resolvelib/resolvers) by extensions ['cmake', 'python']
[2.346s] Level 1:colcon.colcon_core.package_identification:_identify(venv/lib/python3.12/site-packages/pip/_vendor/resolvelib/resolvers) by extension 'cmake'
[2.346s] Level 1:colcon.colcon_core.package_identification:_identify(venv/lib/python3.12/site-packages/pip/_vendor/resolvelib/resolvers) by extension 'python'
[2.347s] Level 1:colcon.colcon_core.package_identification:_identify(venv/lib/python3.12/site-packages/pip/_vendor/resolvelib/resolvers) by extensions ['python_setup_py']
[2.347s] Level 1:colcon.colcon_core.package_identification:_identify(venv/lib/python3.12/site-packages/pip/_vendor/resolvelib/resolvers) by extension 'python_setup_py'
[2.348s] Level 1:colcon.colcon_core.package_identification:_identify(venv/lib/python3.12/site-packages/pip/_vendor/resolvelib/resolvers/__pycache__) by extensions ['ignore', 'ignore_ament_install']
[2.348s] Level 1:colcon.colcon_core.package_identification:_identify(venv/lib/python3.12/site-packages/pip/_vendor/resolvelib/resolvers/__pycache__) by extension 'ignore'
[2.349s] Level 1:colcon.colcon_core.package_identification:_identify(venv/lib/python3.12/site-packages/pip/_vendor/resolvelib/resolvers/__pycache__) by extension 'ignore_ament_install'
[2.349s] Level 1:colcon.colcon_core.package_identification:_identify(venv/lib/python3.12/site-packages/pip/_vendor/resolvelib/resolvers/__pycache__) by extensions ['colcon_pkg']
[2.349s] Level 1:colcon.colcon_core.package_identification:_identify(venv/lib/python3.12/site-packages/pip/_vendor/resolvelib/resolvers/__pycache__) by extension 'colcon_pkg'
[2.349s] Level 1:colcon.colcon_core.package_identification:_identify(venv/lib/python3.12/site-packages/pip/_vendor/resolvelib/resolvers/__pycache__) by extensions ['colcon_meta']
[2.350s] Level 1:colcon.colcon_core.package_identification:_identify(venv/lib/python3.12/site-packages/pip/_vendor/resolvelib/resolvers/__pycache__) by extension 'colcon_meta'
[2.350s] Level 1:colcon.colcon_core.package_identification:_identify(venv/lib/python3.12/site-packages/pip/_vendor/resolvelib/resolvers/__pycache__) by extensions ['ros']
[2.350s] Level 1:colcon.colcon_core.package_identification:_identify(venv/lib/python3.12/site-packages/pip/_vendor/resolvelib/resolvers/__pycache__) by extension 'ros'
[2.351s] Level 1:colcon.colcon_core.package_identification:_identify(venv/lib/python3.12/site-packages/pip/_vendor/resolvelib/resolvers/__pycache__) by extensions ['cmake', 'python']
[2.351s] Level 1:colcon.colcon_core.package_identification:_identify(venv/lib/python3.12/site-packages/pip/_vendor/resolvelib/resolvers/__pycache__) by extension 'cmake'
[2.351s] Level 1:colcon.colcon_core.package_identification:_identify(venv/lib/python3.12/site-packages/pip/_vendor/resolvelib/resolvers/__pycache__) by extension 'python'
[2.351s] Level 1:colcon.colcon_core.package_identification:_identify(venv/lib/python3.12/site-packages/pip/_vendor/resolvelib/resolvers/__pycache__) by extensions ['python_setup_py']
[2.351s] Level 1:colcon.colcon_core.package_identification:_identify(venv/lib/python3.12/site-packages/pip/_vendor/resolvelib/resolvers/__pycache__) by extension 'python_setup_py'
[2.353s] Level 1:colcon.colcon_core.package_identification:_identify(venv/lib/python3.12/site-packages/pip/_vendor/rich) by extensions ['ignore', 'ignore_ament_install']
[2.354s] Level 1:colcon.colcon_core.package_identification:_identify(venv/lib/python3.12/site-packages/pip/_vendor/rich) by extension 'ignore'
[2.354s] Level 1:colcon.colcon_core.package_identification:_identify(venv/lib/python3.12/site-packages/pip/_vendor/rich) by extension 'ignore_ament_install'
[2.354s] Level 1:colcon.colcon_core.package_identification:_identify(venv/lib/python3.12/site-packages/pip/_vendor/rich) by extensions ['colcon_pkg']
[2.355s] Level 1:colcon.colcon_core.package_identification:_identify(venv/lib/python3.12/site-packages/pip/_vendor/rich) by extension 'colcon_pkg'
[2.355s] Level 1:colcon.colcon_core.package_identification:_identify(venv/lib/python3.12/site-packages/pip/_vendor/rich) by extensions ['colcon_meta']
[2.355s] Level 1:colcon.colcon_core.package_identification:_identify(venv/lib/python3.12/site-packages/pip/_vendor/rich) by extension 'colcon_meta'
[2.355s] Level 1:colcon.colcon_core.package_identification:_identify(venv/lib/python3.12/site-packages/pip/_vendor/rich) by extensions ['ros']
[2.355s] Level 1:colcon.colcon_core.package_identification:_identify(venv/lib/python3.12/site-packages/pip/_vendor/rich) by extension 'ros'
[2.356s] Level 1:colcon.colcon_core.package_identification:_identify(venv/lib/python3.12/site-packages/pip/_vendor/rich) by extensions ['cmake', 'python']
[2.356s] Level 1:colcon.colcon_core.package_identification:_identify(venv/lib/python3.12/site-packages/pip/_vendor/rich) by extension 'cmake'
[2.356s] Level 1:colcon.colcon_core.package_identification:_identify(venv/lib/python3.12/site-packages/pip/_vendor/rich) by extension 'python'
[2.357s] Level 1:colcon.colcon_core.package_identification:_identify(venv/lib/python3.12/site-packages/pip/_vendor/rich) by extensions ['python_setup_py']
[2.357s] Level 1:colcon.colcon_core.package_identification:_identify(venv/lib/python3.12/site-packages/pip/_vendor/rich) by extension 'python_setup_py'
[2.359s] Level 1:colcon.colcon_core.package_identification:_identify(venv/lib/python3.12/site-packages/pip/_vendor/rich/__pycache__) by extensions ['ignore', 'ignore_ament_install']
[2.360s] Level 1:colcon.colcon_core.package_identification:_identify(venv/lib/python3.12/site-packages/pip/_vendor/rich/__pycache__) by extension 'ignore'
[2.360s] Level 1:colcon.colcon_core.package_identification:_identify(venv/lib/python3.12/site-packages/pip/_vendor/rich/__pycache__) by extension 'ignore_ament_install'
[2.360s] Level 1:colcon.colcon_core.package_identification:_identify(venv/lib/python3.12/site-packages/pip/_vendor/rich/__pycache__) by extensions ['colcon_pkg']
[2.361s] Level 1:colcon.colcon_core.package_identification:_identify(venv/lib/python3.12/site-packages/pip/_vendor/rich/__pycache__) by extension 'colcon_pkg'
[2.361s] Level 1:colcon.colcon_core.package_identification:_identify(venv/lib/python3.12/site-packages/pip/_vendor/rich/__pycache__) by extensions ['colcon_meta']
[2.361s] Level 1:colcon.colcon_core.package_identification:_identify(venv/lib/python3.12/site-packages/pip/_vendor/rich/__pycache__) by extension 'colcon_meta'
[2.361s] Level 1:colcon.colcon_core.package_identification:_identify(venv/lib/python3.12/site-packages/pip/_vendor/rich/__pycache__) by extensions ['ros']
[2.361s] Level 1:colcon.colcon_core.package_identification:_identify(venv/lib/python3.12/site-packages/pip/_vendor/rich/__pycache__) by extension 'ros'
[2.362s] Level 1:colcon.colcon_core.package_identification:_identify(venv/lib/python3.12/site-packages/pip/_vendor/rich/__pycache__) by extensions ['cmake', 'python']
[2.362s] Level 1:colcon.colcon_core.package_identification:_identify(venv/lib/python3.12/site-packages/pip/_vendor/rich/__pycache__) by extension 'cmake'
[2.362s] Level 1:colcon.colcon_core.package_identification:_identify(venv/lib/python3.12/site-packages/pip/_vendor/rich/__pycache__) by extension 'python'
[2.363s] Level 1:colcon.colcon_core.package_identification:_identify(venv/lib/python3.12/site-packages/pip/_vendor/rich/__pycache__) by extensions ['python_setup_py']
[2.363s] Level 1:colcon.colcon_core.package_identification:_identify(venv/lib/python3.12/site-packages/pip/_vendor/rich/__pycache__) by extension 'python_setup_py'
[2.364s] Level 1:colcon.colcon_core.package_identification:_identify(venv/lib/python3.12/site-packages/pip/_vendor/tomli) by extensions ['ignore', 'ignore_ament_install']
[2.365s] Level 1:colcon.colcon_core.package_identification:_identify(venv/lib/python3.12/site-packages/pip/_vendor/tomli) by extension 'ignore'
[2.365s] Level 1:colcon.colcon_core.package_identification:_identify(venv/lib/python3.12/site-packages/pip/_vendor/tomli) by extension 'ignore_ament_install'
[2.366s] Level 1:colcon.colcon_core.package_identification:_identify(venv/lib/python3.12/site-packages/pip/_vendor/tomli) by extensions ['colcon_pkg']
[2.366s] Level 1:colcon.colcon_core.package_identification:_identify(venv/lib/python3.12/site-packages/pip/_vendor/tomli) by extension 'colcon_pkg'
[2.366s] Level 1:colcon.colcon_core.package_identification:_identify(venv/lib/python3.12/site-packages/pip/_vendor/tomli) by extensions ['colcon_meta']
[2.366s] Level 1:colcon.colcon_core.package_identification:_identify(venv/lib/python3.12/site-packages/pip/_vendor/tomli) by extension 'colcon_meta'
[2.366s] Level 1:colcon.colcon_core.package_identification:_identify(venv/lib/python3.12/site-packages/pip/_vendor/tomli) by extensions ['ros']
[2.367s] Level 1:colcon.colcon_core.package_identification:_identify(venv/lib/python3.12/site-packages/pip/_vendor/tomli) by extension 'ros'
[2.367s] Level 1:colcon.colcon_core.package_identification:_identify(venv/lib/python3.12/site-packages/pip/_vendor/tomli) by extensions ['cmake', 'python']
[2.367s] Level 1:colcon.colcon_core.package_identification:_identify(venv/lib/python3.12/site-packages/pip/_vendor/tomli) by extension 'cmake'
[2.367s] Level 1:colcon.colcon_core.package_identification:_identify(venv/lib/python3.12/site-packages/pip/_vendor/tomli) by extension 'python'
[2.368s] Level 1:colcon.colcon_core.package_identification:_identify(venv/lib/python3.12/site-packages/pip/_vendor/tomli) by extensions ['python_setup_py']
[2.368s] Level 1:colcon.colcon_core.package_identification:_identify(venv/lib/python3.12/site-packages/pip/_vendor/tomli) by extension 'python_setup_py'
[2.369s] Level 1:colcon.colcon_core.package_identification:_identify(venv/lib/python3.12/site-packages/pip/_vendor/tomli/__pycache__) by extensions ['ignore', 'ignore_ament_install']
[2.369s] Level 1:colcon.colcon_core.package_identification:_identify(venv/lib/python3.12/site-packages/pip/_vendor/tomli/__pycache__) by extension 'ignore'
[2.369s] Level 1:colcon.colcon_core.package_identification:_identify(venv/lib/python3.12/site-packages/pip/_vendor/tomli/__pycache__) by extension 'ignore_ament_install'
[2.370s] Level 1:colcon.colcon_core.package_identification:_identify(venv/lib/python3.12/site-packages/pip/_vendor/tomli/__pycache__) by extensions ['colcon_pkg']
[2.370s] Level 1:colcon.colcon_core.package_identification:_identify(venv/lib/python3.12/site-packages/pip/_vendor/tomli/__pycache__) by extension 'colcon_pkg'
[2.370s] Level 1:colcon.colcon_core.package_identification:_identify(venv/lib/python3.12/site-packages/pip/_vendor/tomli/__pycache__) by extensions ['colcon_meta']
[2.370s] Level 1:colcon.colcon_core.package_identification:_identify(venv/lib/python3.12/site-packages/pip/_vendor/tomli/__pycache__) by extension 'colcon_meta'
[2.371s] Level 1:colcon.colcon_core.package_identification:_identify(venv/lib/python3.12/site-packages/pip/_vendor/tomli/__pycache__) by extensions ['ros']
[2.371s] Level 1:colcon.colcon_core.package_identification:_identify(venv/lib/python3.12/site-packages/pip/_vendor/tomli/__pycache__) by extension 'ros'
[2.371s] Level 1:colcon.colcon_core.package_identification:_identify(venv/lib/python3.12/site-packages/pip/_vendor/tomli/__pycache__) by extensions ['cmake', 'python']
[2.371s] Level 1:colcon.colcon_core.package_identification:_identify(venv/lib/python3.12/site-packages/pip/_vendor/tomli/__pycache__) by extension 'cmake'
[2.372s] Level 1:colcon.colcon_core.package_identification:_identify(venv/lib/python3.12/site-packages/pip/_vendor/tomli/__pycache__) by extension 'python'
[2.372s] Level 1:colcon.colcon_core.package_identification:_identify(venv/lib/python3.12/site-packages/pip/_vendor/tomli/__pycache__) by extensions ['python_setup_py']
[2.372s] Level 1:colcon.colcon_core.package_identification:_identify(venv/lib/python3.12/site-packages/pip/_vendor/tomli/__pycache__) by extension 'python_setup_py'
[2.374s] Level 1:colcon.colcon_core.package_identification:_identify(venv/lib/python3.12/site-packages/pip/_vendor/tomli_w) by extensions ['ignore', 'ignore_ament_install']
[2.374s] Level 1:colcon.colcon_core.package_identification:_identify(venv/lib/python3.12/site-packages/pip/_vendor/tomli_w) by extension 'ignore'
[2.374s] Level 1:colcon.colcon_core.package_identification:_identify(venv/lib/python3.12/site-packages/pip/_vendor/tomli_w) by extension 'ignore_ament_install'
[2.375s] Level 1:colcon.colcon_core.package_identification:_identify(venv/lib/python3.12/site-packages/pip/_vendor/tomli_w) by extensions ['colcon_pkg']
[2.375s] Level 1:colcon.colcon_core.package_identification:_identify(venv/lib/python3.12/site-packages/pip/_vendor/tomli_w) by extension 'colcon_pkg'
[2.375s] Level 1:colcon.colcon_core.package_identification:_identify(venv/lib/python3.12/site-packages/pip/_vendor/tomli_w) by extensions ['colcon_meta']
[2.375s] Level 1:colcon.colcon_core.package_identification:_identify(venv/lib/python3.12/site-packages/pip/_vendor/tomli_w) by extension 'colcon_meta'
[2.376s] Level 1:colcon.colcon_core.package_identification:_identify(venv/lib/python3.12/site-packages/pip/_vendor/tomli_w) by extensions ['ros']
[2.376s] Level 1:colcon.colcon_core.package_identification:_identify(venv/lib/python3.12/site-packages/pip/_vendor/tomli_w) by extension 'ros'
[2.376s] Level 1:colcon.colcon_core.package_identification:_identify(venv/lib/python3.12/site-packages/pip/_vendor/tomli_w) by extensions ['cmake', 'python']
[2.376s] Level 1:colcon.colcon_core.package_identification:_identify(venv/lib/python3.12/site-packages/pip/_vendor/tomli_w) by extension 'cmake'
[2.377s] Level 1:colcon.colcon_core.package_identification:_identify(venv/lib/python3.12/site-packages/pip/_vendor/tomli_w) by extension 'python'
[2.377s] Level 1:colcon.colcon_core.package_identification:_identify(venv/lib/python3.12/site-packages/pip/_vendor/tomli_w) by extensions ['python_setup_py']
[2.377s] Level 1:colcon.colcon_core.package_identification:_identify(venv/lib/python3.12/site-packages/pip/_vendor/tomli_w) by extension 'python_setup_py'
[2.379s] Level 1:colcon.colcon_core.package_identification:_identify(venv/lib/python3.12/site-packages/pip/_vendor/tomli_w/__pycache__) by extensions ['ignore', 'ignore_ament_install']
[2.380s] Level 1:colcon.colcon_core.package_identification:_identify(venv/lib/python3.12/site-packages/pip/_vendor/tomli_w/__pycache__) by extension 'ignore'
[2.380s] Level 1:colcon.colcon_core.package_identification:_identify(venv/lib/python3.12/site-packages/pip/_vendor/tomli_w/__pycache__) by extension 'ignore_ament_install'
[2.380s] Level 1:colcon.colcon_core.package_identification:_identify(venv/lib/python3.12/site-packages/pip/_vendor/tomli_w/__pycache__) by extensions ['colcon_pkg']
[2.380s] Level 1:colcon.colcon_core.package_identification:_identify(venv/lib/python3.12/site-packages/pip/_vendor/tomli_w/__pycache__) by extension 'colcon_pkg'
[2.381s] Level 1:colcon.colcon_core.package_identification:_identify(venv/lib/python3.12/site-packages/pip/_vendor/tomli_w/__pycache__) by extensions ['colcon_meta']
[2.381s] Level 1:colcon.colcon_core.package_identification:_identify(venv/lib/python3.12/site-packages/pip/_vendor/tomli_w/__pycache__) by extension 'colcon_meta'
[2.381s] Level 1:colcon.colcon_core.package_identification:_identify(venv/lib/python3.12/site-packages/pip/_vendor/tomli_w/__pycache__) by extensions ['ros']
[2.381s] Level 1:colcon.colcon_core.package_identification:_identify(venv/lib/python3.12/site-packages/pip/_vendor/tomli_w/__pycache__) by extension 'ros'
[2.382s] Level 1:colcon.colcon_core.package_identification:_identify(venv/lib/python3.12/site-packages/pip/_vendor/tomli_w/__pycache__) by extensions ['cmake', 'python']
[2.382s] Level 1:colcon.colcon_core.package_identification:_identify(venv/lib/python3.12/site-packages/pip/_vendor/tomli_w/__pycache__) by extension 'cmake'
[2.382s] Level 1:colcon.colcon_core.package_identification:_identify(venv/lib/python3.12/site-packages/pip/_vendor/tomli_w/__pycache__) by extension 'python'
[2.383s] Level 1:colcon.colcon_core.package_identification:_identify(venv/lib/python3.12/site-packages/pip/_vendor/tomli_w/__pycache__) by extensions ['python_setup_py']
[2.383s] Level 1:colcon.colcon_core.package_identification:_identify(venv/lib/python3.12/site-packages/pip/_vendor/tomli_w/__pycache__) by extension 'python_setup_py'
[2.384s] Level 1:colcon.colcon_core.package_identification:_identify(venv/lib/python3.12/site-packages/pip/_vendor/truststore) by extensions ['ignore', 'ignore_ament_install']
[2.385s] Level 1:colcon.colcon_core.package_identification:_identify(venv/lib/python3.12/site-packages/pip/_vendor/truststore) by extension 'ignore'
[2.385s] Level 1:colcon.colcon_core.package_identification:_identify(venv/lib/python3.12/site-packages/pip/_vendor/truststore) by extension 'ignore_ament_install'
[2.385s] Level 1:colcon.colcon_core.package_identification:_identify(venv/lib/python3.12/site-packages/pip/_vendor/truststore) by extensions ['colcon_pkg']
[2.386s] Level 1:colcon.colcon_core.package_identification:_identify(venv/lib/python3.12/site-packages/pip/_vendor/truststore) by extension 'colcon_pkg'
[2.386s] Level 1:colcon.colcon_core.package_identification:_identify(venv/lib/python3.12/site-packages/pip/_vendor/truststore) by extensions ['colcon_meta']
[2.386s] Level 1:colcon.colcon_core.package_identification:_identify(venv/lib/python3.12/site-packages/pip/_vendor/truststore) by extension 'colcon_meta'
[2.386s] Level 1:colcon.colcon_core.package_identification:_identify(venv/lib/python3.12/site-packages/pip/_vendor/truststore) by extensions ['ros']
[2.386s] Level 1:colcon.colcon_core.package_identification:_identify(venv/lib/python3.12/site-packages/pip/_vendor/truststore) by extension 'ros'
[2.387s] Level 1:colcon.colcon_core.package_identification:_identify(venv/lib/python3.12/site-packages/pip/_vendor/truststore) by extensions ['cmake', 'python']
[2.387s] Level 1:colcon.colcon_core.package_identification:_identify(venv/lib/python3.12/site-packages/pip/_vendor/truststore) by extension 'cmake'
[2.387s] Level 1:colcon.colcon_core.package_identification:_identify(venv/lib/python3.12/site-packages/pip/_vendor/truststore) by extension 'python'
[2.387s] Level 1:colcon.colcon_core.package_identification:_identify(venv/lib/python3.12/site-packages/pip/_vendor/truststore) by extensions ['python_setup_py']
[2.388s] Level 1:colcon.colcon_core.package_identification:_identify(venv/lib/python3.12/site-packages/pip/_vendor/truststore) by extension 'python_setup_py'
[2.389s] Level 1:colcon.colcon_core.package_identification:_identify(venv/lib/python3.12/site-packages/pip/_vendor/truststore/__pycache__) by extensions ['ignore', 'ignore_ament_install']
[2.389s] Level 1:colcon.colcon_core.package_identification:_identify(venv/lib/python3.12/site-packages/pip/_vendor/truststore/__pycache__) by extension 'ignore'
[2.390s] Level 1:colcon.colcon_core.package_identification:_identify(venv/lib/python3.12/site-packages/pip/_vendor/truststore/__pycache__) by extension 'ignore_ament_install'
[2.390s] Level 1:colcon.colcon_core.package_identification:_identify(venv/lib/python3.12/site-packages/pip/_vendor/truststore/__pycache__) by extensions ['colcon_pkg']
[2.390s] Level 1:colcon.colcon_core.package_identification:_identify(venv/lib/python3.12/site-packages/pip/_vendor/truststore/__pycache__) by extension 'colcon_pkg'
[2.390s] Level 1:colcon.colcon_core.package_identification:_identify(venv/lib/python3.12/site-packages/pip/_vendor/truststore/__pycache__) by extensions ['colcon_meta']
[2.390s] Level 1:colcon.colcon_core.package_identification:_identify(venv/lib/python3.12/site-packages/pip/_vendor/truststore/__pycache__) by extension 'colcon_meta'
[2.391s] Level 1:colcon.colcon_core.package_identification:_identify(venv/lib/python3.12/site-packages/pip/_vendor/truststore/__pycache__) by extensions ['ros']
[2.391s] Level 1:colcon.colcon_core.package_identification:_identify(venv/lib/python3.12/site-packages/pip/_vendor/truststore/__pycache__) by extension 'ros'
[2.391s] Level 1:colcon.colcon_core.package_identification:_identify(venv/lib/python3.12/site-packages/pip/_vendor/truststore/__pycache__) by extensions ['cmake', 'python']
[2.392s] Level 1:colcon.colcon_core.package_identification:_identify(venv/lib/python3.12/site-packages/pip/_vendor/truststore/__pycache__) by extension 'cmake'
[2.392s] Level 1:colcon.colcon_core.package_identification:_identify(venv/lib/python3.12/site-packages/pip/_vendor/truststore/__pycache__) by extension 'python'
[2.392s] Level 1:colcon.colcon_core.package_identification:_identify(venv/lib/python3.12/site-packages/pip/_vendor/truststore/__pycache__) by extensions ['python_setup_py']
[2.392s] Level 1:colcon.colcon_core.package_identification:_identify(venv/lib/python3.12/site-packages/pip/_vendor/truststore/__pycache__) by extension 'python_setup_py'
[2.393s] Level 1:colcon.colcon_core.package_identification:_identify(venv/lib/python3.12/site-packages/pip/_vendor/urllib3) by extensions ['ignore', 'ignore_ament_install']
[2.394s] Level 1:colcon.colcon_core.package_identification:_identify(venv/lib/python3.12/site-packages/pip/_vendor/urllib3) by extension 'ignore'
[2.394s] Level 1:colcon.colcon_core.package_identification:_identify(venv/lib/python3.12/site-packages/pip/_vendor/urllib3) by extension 'ignore_ament_install'
[2.395s] Level 1:colcon.colcon_core.package_identification:_identify(venv/lib/python3.12/site-packages/pip/_vendor/urllib3) by extensions ['colcon_pkg']
[2.395s] Level 1:colcon.colcon_core.package_identification:_identify(venv/lib/python3.12/site-packages/pip/_vendor/urllib3) by extension 'colcon_pkg'
[2.395s] Level 1:colcon.colcon_core.package_identification:_identify(venv/lib/python3.12/site-packages/pip/_vendor/urllib3) by extensions ['colcon_meta']
[2.395s] Level 1:colcon.colcon_core.package_identification:_identify(venv/lib/python3.12/site-packages/pip/_vendor/urllib3) by extension 'colcon_meta'
[2.396s] Level 1:colcon.colcon_core.package_identification:_identify(venv/lib/python3.12/site-packages/pip/_vendor/urllib3) by extensions ['ros']
[2.396s] Level 1:colcon.colcon_core.package_identification:_identify(venv/lib/python3.12/site-packages/pip/_vendor/urllib3) by extension 'ros'
[2.396s] Level 1:colcon.colcon_core.package_identification:_identify(venv/lib/python3.12/site-packages/pip/_vendor/urllib3) by extensions ['cmake', 'python']
[2.397s] Level 1:colcon.colcon_core.package_identification:_identify(venv/lib/python3.12/site-packages/pip/_vendor/urllib3) by extension 'cmake'
[2.397s] Level 1:colcon.colcon_core.package_identification:_identify(venv/lib/python3.12/site-packages/pip/_vendor/urllib3) by extension 'python'
[2.397s] Level 1:colcon.colcon_core.package_identification:_identify(venv/lib/python3.12/site-packages/pip/_vendor/urllib3) by extensions ['python_setup_py']
[2.397s] Level 1:colcon.colcon_core.package_identification:_identify(venv/lib/python3.12/site-packages/pip/_vendor/urllib3) by extension 'python_setup_py'
[2.399s] Level 1:colcon.colcon_core.package_identification:_identify(venv/lib/python3.12/site-packages/pip/_vendor/urllib3/__pycache__) by extensions ['ignore', 'ignore_ament_install']
[2.399s] Level 1:colcon.colcon_core.package_identification:_identify(venv/lib/python3.12/site-packages/pip/_vendor/urllib3/__pycache__) by extension 'ignore'
[2.400s] Level 1:colcon.colcon_core.package_identification:_identify(venv/lib/python3.12/site-packages/pip/_vendor/urllib3/__pycache__) by extension 'ignore_ament_install'
[2.400s] Level 1:colcon.colcon_core.package_identification:_identify(venv/lib/python3.12/site-packages/pip/_vendor/urllib3/__pycache__) by extensions ['colcon_pkg']
[2.400s] Level 1:colcon.colcon_core.package_identification:_identify(venv/lib/python3.12/site-packages/pip/_vendor/urllib3/__pycache__) by extension 'colcon_pkg'
[2.400s] Level 1:colcon.colcon_core.package_identification:_identify(venv/lib/python3.12/site-packages/pip/_vendor/urllib3/__pycache__) by extensions ['colcon_meta']
[2.400s] Level 1:colcon.colcon_core.package_identification:_identify(venv/lib/python3.12/site-packages/pip/_vendor/urllib3/__pycache__) by extension 'colcon_meta'
[2.401s] Level 1:colcon.colcon_core.package_identification:_identify(venv/lib/python3.12/site-packages/pip/_vendor/urllib3/__pycache__) by extensions ['ros']
[2.401s] Level 1:colcon.colcon_core.package_identification:_identify(venv/lib/python3.12/site-packages/pip/_vendor/urllib3/__pycache__) by extension 'ros'
[2.401s] Level 1:colcon.colcon_core.package_identification:_identify(venv/lib/python3.12/site-packages/pip/_vendor/urllib3/__pycache__) by extensions ['cmake', 'python']
[2.401s] Level 1:colcon.colcon_core.package_identification:_identify(venv/lib/python3.12/site-packages/pip/_vendor/urllib3/__pycache__) by extension 'cmake'
[2.402s] Level 1:colcon.colcon_core.package_identification:_identify(venv/lib/python3.12/site-packages/pip/_vendor/urllib3/__pycache__) by extension 'python'
[2.402s] Level 1:colcon.colcon_core.package_identification:_identify(venv/lib/python3.12/site-packages/pip/_vendor/urllib3/__pycache__) by extensions ['python_setup_py']
[2.402s] Level 1:colcon.colcon_core.package_identification:_identify(venv/lib/python3.12/site-packages/pip/_vendor/urllib3/__pycache__) by extension 'python_setup_py'
[2.404s] Level 1:colcon.colcon_core.package_identification:_identify(venv/lib/python3.12/site-packages/pip/_vendor/urllib3/contrib) by extensions ['ignore', 'ignore_ament_install']
[2.404s] Level 1:colcon.colcon_core.package_identification:_identify(venv/lib/python3.12/site-packages/pip/_vendor/urllib3/contrib) by extension 'ignore'
[2.404s] Level 1:colcon.colcon_core.package_identification:_identify(venv/lib/python3.12/site-packages/pip/_vendor/urllib3/contrib) by extension 'ignore_ament_install'
[2.405s] Level 1:colcon.colcon_core.package_identification:_identify(venv/lib/python3.12/site-packages/pip/_vendor/urllib3/contrib) by extensions ['colcon_pkg']
[2.405s] Level 1:colcon.colcon_core.package_identification:_identify(venv/lib/python3.12/site-packages/pip/_vendor/urllib3/contrib) by extension 'colcon_pkg'
[2.405s] Level 1:colcon.colcon_core.package_identification:_identify(venv/lib/python3.12/site-packages/pip/_vendor/urllib3/contrib) by extensions ['colcon_meta']
[2.405s] Level 1:colcon.colcon_core.package_identification:_identify(venv/lib/python3.12/site-packages/pip/_vendor/urllib3/contrib) by extension 'colcon_meta'
[2.406s] Level 1:colcon.colcon_core.package_identification:_identify(venv/lib/python3.12/site-packages/pip/_vendor/urllib3/contrib) by extensions ['ros']
[2.406s] Level 1:colcon.colcon_core.package_identification:_identify(venv/lib/python3.12/site-packages/pip/_vendor/urllib3/contrib) by extension 'ros'
[2.406s] Level 1:colcon.colcon_core.package_identification:_identify(venv/lib/python3.12/site-packages/pip/_vendor/urllib3/contrib) by extensions ['cmake', 'python']
[2.407s] Level 1:colcon.colcon_core.package_identification:_identify(venv/lib/python3.12/site-packages/pip/_vendor/urllib3/contrib) by extension 'cmake'
[2.407s] Level 1:colcon.colcon_core.package_identification:_identify(venv/lib/python3.12/site-packages/pip/_vendor/urllib3/contrib) by extension 'python'
[2.407s] Level 1:colcon.colcon_core.package_identification:_identify(venv/lib/python3.12/site-packages/pip/_vendor/urllib3/contrib) by extensions ['python_setup_py']
[2.407s] Level 1:colcon.colcon_core.package_identification:_identify(venv/lib/python3.12/site-packages/pip/_vendor/urllib3/contrib) by extension 'python_setup_py'
[2.409s] Level 1:colcon.colcon_core.package_identification:_identify(venv/lib/python3.12/site-packages/pip/_vendor/urllib3/contrib/__pycache__) by extensions ['ignore', 'ignore_ament_install']
[2.409s] Level 1:colcon.colcon_core.package_identification:_identify(venv/lib/python3.12/site-packages/pip/_vendor/urllib3/contrib/__pycache__) by extension 'ignore'
[2.409s] Level 1:colcon.colcon_core.package_identification:_identify(venv/lib/python3.12/site-packages/pip/_vendor/urllib3/contrib/__pycache__) by extension 'ignore_ament_install'
[2.410s] Level 1:colcon.colcon_core.package_identification:_identify(venv/lib/python3.12/site-packages/pip/_vendor/urllib3/contrib/__pycache__) by extensions ['colcon_pkg']
[2.410s] Level 1:colcon.colcon_core.package_identification:_identify(venv/lib/python3.12/site-packages/pip/_vendor/urllib3/contrib/__pycache__) by extension 'colcon_pkg'
[2.410s] Level 1:colcon.colcon_core.package_identification:_identify(venv/lib/python3.12/site-packages/pip/_vendor/urllib3/contrib/__pycache__) by extensions ['colcon_meta']
[2.410s] Level 1:colcon.colcon_core.package_identification:_identify(venv/lib/python3.12/site-packages/pip/_vendor/urllib3/contrib/__pycache__) by extension 'colcon_meta'
[2.410s] Level 1:colcon.colcon_core.package_identification:_identify(venv/lib/python3.12/site-packages/pip/_vendor/urllib3/contrib/__pycache__) by extensions ['ros']
[2.410s] Level 1:colcon.colcon_core.package_identification:_identify(venv/lib/python3.12/site-packages/pip/_vendor/urllib3/contrib/__pycache__) by extension 'ros'
[2.411s] Level 1:colcon.colcon_core.package_identification:_identify(venv/lib/python3.12/site-packages/pip/_vendor/urllib3/contrib/__pycache__) by extensions ['cmake', 'python']
[2.411s] Level 1:colcon.colcon_core.package_identification:_identify(venv/lib/python3.12/site-packages/pip/_vendor/urllib3/contrib/__pycache__) by extension 'cmake'
[2.411s] Level 1:colcon.colcon_core.package_identification:_identify(venv/lib/python3.12/site-packages/pip/_vendor/urllib3/contrib/__pycache__) by extension 'python'
[2.412s] Level 1:colcon.colcon_core.package_identification:_identify(venv/lib/python3.12/site-packages/pip/_vendor/urllib3/contrib/__pycache__) by extensions ['python_setup_py']
[2.412s] Level 1:colcon.colcon_core.package_identification:_identify(venv/lib/python3.12/site-packages/pip/_vendor/urllib3/contrib/__pycache__) by extension 'python_setup_py'
[2.413s] Level 1:colcon.colcon_core.package_identification:_identify(venv/lib/python3.12/site-packages/pip/_vendor/urllib3/contrib/emscripten) by extensions ['ignore', 'ignore_ament_install']
[2.413s] Level 1:colcon.colcon_core.package_identification:_identify(venv/lib/python3.12/site-packages/pip/_vendor/urllib3/contrib/emscripten) by extension 'ignore'
[2.414s] Level 1:colcon.colcon_core.package_identification:_identify(venv/lib/python3.12/site-packages/pip/_vendor/urllib3/contrib/emscripten) by extension 'ignore_ament_install'
[2.414s] Level 1:colcon.colcon_core.package_identification:_identify(venv/lib/python3.12/site-packages/pip/_vendor/urllib3/contrib/emscripten) by extensions ['colcon_pkg']
[2.414s] Level 1:colcon.colcon_core.package_identification:_identify(venv/lib/python3.12/site-packages/pip/_vendor/urllib3/contrib/emscripten) by extension 'colcon_pkg'
[2.414s] Level 1:colcon.colcon_core.package_identification:_identify(venv/lib/python3.12/site-packages/pip/_vendor/urllib3/contrib/emscripten) by extensions ['colcon_meta']
[2.414s] Level 1:colcon.colcon_core.package_identification:_identify(venv/lib/python3.12/site-packages/pip/_vendor/urllib3/contrib/emscripten) by extension 'colcon_meta'
[2.415s] Level 1:colcon.colcon_core.package_identification:_identify(venv/lib/python3.12/site-packages/pip/_vendor/urllib3/contrib/emscripten) by extensions ['ros']
[2.415s] Level 1:colcon.colcon_core.package_identification:_identify(venv/lib/python3.12/site-packages/pip/_vendor/urllib3/contrib/emscripten) by extension 'ros'
[2.415s] Level 1:colcon.colcon_core.package_identification:_identify(venv/lib/python3.12/site-packages/pip/_vendor/urllib3/contrib/emscripten) by extensions ['cmake', 'python']
[2.416s] Level 1:colcon.colcon_core.package_identification:_identify(venv/lib/python3.12/site-packages/pip/_vendor/urllib3/contrib/emscripten) by extension 'cmake'
[2.416s] Level 1:colcon.colcon_core.package_identification:_identify(venv/lib/python3.12/site-packages/pip/_vendor/urllib3/contrib/emscripten) by extension 'python'
[2.416s] Level 1:colcon.colcon_core.package_identification:_identify(venv/lib/python3.12/site-packages/pip/_vendor/urllib3/contrib/emscripten) by extensions ['python_setup_py']
[2.416s] Level 1:colcon.colcon_core.package_identification:_identify(venv/lib/python3.12/site-packages/pip/_vendor/urllib3/contrib/emscripten) by extension 'python_setup_py'
[2.418s] Level 1:colcon.colcon_core.package_identification:_identify(venv/lib/python3.12/site-packages/pip/_vendor/urllib3/contrib/emscripten/__pycache__) by extensions ['ignore', 'ignore_ament_install']
[2.418s] Level 1:colcon.colcon_core.package_identification:_identify(venv/lib/python3.12/site-packages/pip/_vendor/urllib3/contrib/emscripten/__pycache__) by extension 'ignore'
[2.419s] Level 1:colcon.colcon_core.package_identification:_identify(venv/lib/python3.12/site-packages/pip/_vendor/urllib3/contrib/emscripten/__pycache__) by extension 'ignore_ament_install'
[2.419s] Level 1:colcon.colcon_core.package_identification:_identify(venv/lib/python3.12/site-packages/pip/_vendor/urllib3/contrib/emscripten/__pycache__) by extensions ['colcon_pkg']
[2.419s] Level 1:colcon.colcon_core.package_identification:_identify(venv/lib/python3.12/site-packages/pip/_vendor/urllib3/contrib/emscripten/__pycache__) by extension 'colcon_pkg'
[2.419s] Level 1:colcon.colcon_core.package_identification:_identify(venv/lib/python3.12/site-packages/pip/_vendor/urllib3/contrib/emscripten/__pycache__) by extensions ['colcon_meta']
[2.420s] Level 1:colcon.colcon_core.package_identification:_identify(venv/lib/python3.12/site-packages/pip/_vendor/urllib3/contrib/emscripten/__pycache__) by extension 'colcon_meta'
[2.420s] Level 1:colcon.colcon_core.package_identification:_identify(venv/lib/python3.12/site-packages/pip/_vendor/urllib3/contrib/emscripten/__pycache__) by extensions ['ros']
[2.420s] Level 1:colcon.colcon_core.package_identification:_identify(venv/lib/python3.12/site-packages/pip/_vendor/urllib3/contrib/emscripten/__pycache__) by extension 'ros'
[2.421s] Level 1:colcon.colcon_core.package_identification:_identify(venv/lib/python3.12/site-packages/pip/_vendor/urllib3/contrib/emscripten/__pycache__) by extensions ['cmake', 'python']
[2.421s] Level 1:colcon.colcon_core.package_identification:_identify(venv/lib/python3.12/site-packages/pip/_vendor/urllib3/contrib/emscripten/__pycache__) by extension 'cmake'
[2.421s] Level 1:colcon.colcon_core.package_identification:_identify(venv/lib/python3.12/site-packages/pip/_vendor/urllib3/contrib/emscripten/__pycache__) by extension 'python'
[2.421s] Level 1:colcon.colcon_core.package_identification:_identify(venv/lib/python3.12/site-packages/pip/_vendor/urllib3/contrib/emscripten/__pycache__) by extensions ['python_setup_py']
[2.421s] Level 1:colcon.colcon_core.package_identification:_identify(venv/lib/python3.12/site-packages/pip/_vendor/urllib3/contrib/emscripten/__pycache__) by extension 'python_setup_py'
[2.423s] Level 1:colcon.colcon_core.package_identification:_identify(venv/lib/python3.12/site-packages/pip/_vendor/urllib3/http2) by extensions ['ignore', 'ignore_ament_install']
[2.423s] Level 1:colcon.colcon_core.package_identification:_identify(venv/lib/python3.12/site-packages/pip/_vendor/urllib3/http2) by extension 'ignore'
[2.424s] Level 1:colcon.colcon_core.package_identification:_identify(venv/lib/python3.12/site-packages/pip/_vendor/urllib3/http2) by extension 'ignore_ament_install'
[2.424s] Level 1:colcon.colcon_core.package_identification:_identify(venv/lib/python3.12/site-packages/pip/_vendor/urllib3/http2) by extensions ['colcon_pkg']
[2.424s] Level 1:colcon.colcon_core.package_identification:_identify(venv/lib/python3.12/site-packages/pip/_vendor/urllib3/http2) by extension 'colcon_pkg'
[2.425s] Level 1:colcon.colcon_core.package_identification:_identify(venv/lib/python3.12/site-packages/pip/_vendor/urllib3/http2) by extensions ['colcon_meta']
[2.425s] Level 1:colcon.colcon_core.package_identification:_identify(venv/lib/python3.12/site-packages/pip/_vendor/urllib3/http2) by extension 'colcon_meta'
[2.425s] Level 1:colcon.colcon_core.package_identification:_identify(venv/lib/python3.12/site-packages/pip/_vendor/urllib3/http2) by extensions ['ros']
[2.425s] Level 1:colcon.colcon_core.package_identification:_identify(venv/lib/python3.12/site-packages/pip/_vendor/urllib3/http2) by extension 'ros'
[2.426s] Level 1:colcon.colcon_core.package_identification:_identify(venv/lib/python3.12/site-packages/pip/_vendor/urllib3/http2) by extensions ['cmake', 'python']
[2.426s] Level 1:colcon.colcon_core.package_identification:_identify(venv/lib/python3.12/site-packages/pip/_vendor/urllib3/http2) by extension 'cmake'
[2.426s] Level 1:colcon.colcon_core.package_identification:_identify(venv/lib/python3.12/site-packages/pip/_vendor/urllib3/http2) by extension 'python'
[2.426s] Level 1:colcon.colcon_core.package_identification:_identify(venv/lib/python3.12/site-packages/pip/_vendor/urllib3/http2) by extensions ['python_setup_py']
[2.426s] Level 1:colcon.colcon_core.package_identification:_identify(venv/lib/python3.12/site-packages/pip/_vendor/urllib3/http2) by extension 'python_setup_py'
[2.428s] Level 1:colcon.colcon_core.package_identification:_identify(venv/lib/python3.12/site-packages/pip/_vendor/urllib3/http2/__pycache__) by extensions ['ignore', 'ignore_ament_install']
[2.428s] Level 1:colcon.colcon_core.package_identification:_identify(venv/lib/python3.12/site-packages/pip/_vendor/urllib3/http2/__pycache__) by extension 'ignore'
[2.428s] Level 1:colcon.colcon_core.package_identification:_identify(venv/lib/python3.12/site-packages/pip/_vendor/urllib3/http2/__pycache__) by extension 'ignore_ament_install'
[2.429s] Level 1:colcon.colcon_core.package_identification:_identify(venv/lib/python3.12/site-packages/pip/_vendor/urllib3/http2/__pycache__) by extensions ['colcon_pkg']
[2.429s] Level 1:colcon.colcon_core.package_identification:_identify(venv/lib/python3.12/site-packages/pip/_vendor/urllib3/http2/__pycache__) by extension 'colcon_pkg'
[2.429s] Level 1:colcon.colcon_core.package_identification:_identify(venv/lib/python3.12/site-packages/pip/_vendor/urllib3/http2/__pycache__) by extensions ['colcon_meta']
[2.429s] Level 1:colcon.colcon_core.package_identification:_identify(venv/lib/python3.12/site-packages/pip/_vendor/urllib3/http2/__pycache__) by extension 'colcon_meta'
[2.430s] Level 1:colcon.colcon_core.package_identification:_identify(venv/lib/python3.12/site-packages/pip/_vendor/urllib3/http2/__pycache__) by extensions ['ros']
[2.430s] Level 1:colcon.colcon_core.package_identification:_identify(venv/lib/python3.12/site-packages/pip/_vendor/urllib3/http2/__pycache__) by extension 'ros'
[2.430s] Level 1:colcon.colcon_core.package_identification:_identify(venv/lib/python3.12/site-packages/pip/_vendor/urllib3/http2/__pycache__) by extensions ['cmake', 'python']
[2.430s] Level 1:colcon.colcon_core.package_identification:_identify(venv/lib/python3.12/site-packages/pip/_vendor/urllib3/http2/__pycache__) by extension 'cmake'
[2.431s] Level 1:colcon.colcon_core.package_identification:_identify(venv/lib/python3.12/site-packages/pip/_vendor/urllib3/http2/__pycache__) by extension 'python'
[2.431s] Level 1:colcon.colcon_core.package_identification:_identify(venv/lib/python3.12/site-packages/pip/_vendor/urllib3/http2/__pycache__) by extensions ['python_setup_py']
[2.431s] Level 1:colcon.colcon_core.package_identification:_identify(venv/lib/python3.12/site-packages/pip/_vendor/urllib3/http2/__pycache__) by extension 'python_setup_py'
[2.432s] Level 1:colcon.colcon_core.package_identification:_identify(venv/lib/python3.12/site-packages/pip/_vendor/urllib3/util) by extensions ['ignore', 'ignore_ament_install']
[2.433s] Level 1:colcon.colcon_core.package_identification:_identify(venv/lib/python3.12/site-packages/pip/_vendor/urllib3/util) by extension 'ignore'
[2.433s] Level 1:colcon.colcon_core.package_identification:_identify(venv/lib/python3.12/site-packages/pip/_vendor/urllib3/util) by extension 'ignore_ament_install'
[2.433s] Level 1:colcon.colcon_core.package_identification:_identify(venv/lib/python3.12/site-packages/pip/_vendor/urllib3/util) by extensions ['colcon_pkg']
[2.433s] Level 1:colcon.colcon_core.package_identification:_identify(venv/lib/python3.12/site-packages/pip/_vendor/urllib3/util) by extension 'colcon_pkg'
[2.434s] Level 1:colcon.colcon_core.package_identification:_identify(venv/lib/python3.12/site-packages/pip/_vendor/urllib3/util) by extensions ['colcon_meta']
[2.434s] Level 1:colcon.colcon_core.package_identification:_identify(venv/lib/python3.12/site-packages/pip/_vendor/urllib3/util) by extension 'colcon_meta'
[2.434s] Level 1:colcon.colcon_core.package_identification:_identify(venv/lib/python3.12/site-packages/pip/_vendor/urllib3/util) by extensions ['ros']
[2.434s] Level 1:colcon.colcon_core.package_identification:_identify(venv/lib/python3.12/site-packages/pip/_vendor/urllib3/util) by extension 'ros'
[2.435s] Level 1:colcon.colcon_core.package_identification:_identify(venv/lib/python3.12/site-packages/pip/_vendor/urllib3/util) by extensions ['cmake', 'python']
[2.435s] Level 1:colcon.colcon_core.package_identification:_identify(venv/lib/python3.12/site-packages/pip/_vendor/urllib3/util) by extension 'cmake'
[2.435s] Level 1:colcon.colcon_core.package_identification:_identify(venv/lib/python3.12/site-packages/pip/_vendor/urllib3/util) by extension 'python'
[2.435s] Level 1:colcon.colcon_core.package_identification:_identify(venv/lib/python3.12/site-packages/pip/_vendor/urllib3/util) by extensions ['python_setup_py']
[2.435s] Level 1:colcon.colcon_core.package_identification:_identify(venv/lib/python3.12/site-packages/pip/_vendor/urllib3/util) by extension 'python_setup_py'
[2.439s] Level 1:colcon.colcon_core.package_identification:_identify(venv/lib/python3.12/site-packages/pip/_vendor/urllib3/util/__pycache__) by extensions ['ignore', 'ignore_ament_install']
[2.439s] Level 1:colcon.colcon_core.package_identification:_identify(venv/lib/python3.12/site-packages/pip/_vendor/urllib3/util/__pycache__) by extension 'ignore'
[2.439s] Level 1:colcon.colcon_core.package_identification:_identify(venv/lib/python3.12/site-packages/pip/_vendor/urllib3/util/__pycache__) by extension 'ignore_ament_install'
[2.440s] Level 1:colcon.colcon_core.package_identification:_identify(venv/lib/python3.12/site-packages/pip/_vendor/urllib3/util/__pycache__) by extensions ['colcon_pkg']
[2.440s] Level 1:colcon.colcon_core.package_identification:_identify(venv/lib/python3.12/site-packages/pip/_vendor/urllib3/util/__pycache__) by extension 'colcon_pkg'
[2.440s] Level 1:colcon.colcon_core.package_identification:_identify(venv/lib/python3.12/site-packages/pip/_vendor/urllib3/util/__pycache__) by extensions ['colcon_meta']
[2.440s] Level 1:colcon.colcon_core.package_identification:_identify(venv/lib/python3.12/site-packages/pip/_vendor/urllib3/util/__pycache__) by extension 'colcon_meta'
[2.441s] Level 1:colcon.colcon_core.package_identification:_identify(venv/lib/python3.12/site-packages/pip/_vendor/urllib3/util/__pycache__) by extensions ['ros']
[2.441s] Level 1:colcon.colcon_core.package_identification:_identify(venv/lib/python3.12/site-packages/pip/_vendor/urllib3/util/__pycache__) by extension 'ros'
[2.441s] Level 1:colcon.colcon_core.package_identification:_identify(venv/lib/python3.12/site-packages/pip/_vendor/urllib3/util/__pycache__) by extensions ['cmake', 'python']
[2.441s] Level 1:colcon.colcon_core.package_identification:_identify(venv/lib/python3.12/site-packages/pip/_vendor/urllib3/util/__pycache__) by extension 'cmake'
[2.442s] Level 1:colcon.colcon_core.package_identification:_identify(venv/lib/python3.12/site-packages/pip/_vendor/urllib3/util/__pycache__) by extension 'python'
[2.442s] Level 1:colcon.colcon_core.package_identification:_identify(venv/lib/python3.12/site-packages/pip/_vendor/urllib3/util/__pycache__) by extensions ['python_setup_py']
[2.442s] Level 1:colcon.colcon_core.package_identification:_identify(venv/lib/python3.12/site-packages/pip/_vendor/urllib3/util/__pycache__) by extension 'python_setup_py'
[2.443s] Level 1:colcon.colcon_core.package_identification:_identify(venv/lib/python3.12/site-packages/pip-26.1.2.dist-info) by extensions ['ignore', 'ignore_ament_install']
[2.443s] Level 1:colcon.colcon_core.package_identification:_identify(venv/lib/python3.12/site-packages/pip-26.1.2.dist-info) by extension 'ignore'
[2.444s] Level 1:colcon.colcon_core.package_identification:_identify(venv/lib/python3.12/site-packages/pip-26.1.2.dist-info) by extension 'ignore_ament_install'
[2.444s] Level 1:colcon.colcon_core.package_identification:_identify(venv/lib/python3.12/site-packages/pip-26.1.2.dist-info) by extensions ['colcon_pkg']
[2.444s] Level 1:colcon.colcon_core.package_identification:_identify(venv/lib/python3.12/site-packages/pip-26.1.2.dist-info) by extension 'colcon_pkg'
[2.445s] Level 1:colcon.colcon_core.package_identification:_identify(venv/lib/python3.12/site-packages/pip-26.1.2.dist-info) by extensions ['colcon_meta']
[2.445s] Level 1:colcon.colcon_core.package_identification:_identify(venv/lib/python3.12/site-packages/pip-26.1.2.dist-info) by extension 'colcon_meta'
[2.445s] Level 1:colcon.colcon_core.package_identification:_identify(venv/lib/python3.12/site-packages/pip-26.1.2.dist-info) by extensions ['ros']
[2.445s] Level 1:colcon.colcon_core.package_identification:_identify(venv/lib/python3.12/site-packages/pip-26.1.2.dist-info) by extension 'ros'
[2.446s] Level 1:colcon.colcon_core.package_identification:_identify(venv/lib/python3.12/site-packages/pip-26.1.2.dist-info) by extensions ['cmake', 'python']
[2.446s] Level 1:colcon.colcon_core.package_identification:_identify(venv/lib/python3.12/site-packages/pip-26.1.2.dist-info) by extension 'cmake'
[2.446s] Level 1:colcon.colcon_core.package_identification:_identify(venv/lib/python3.12/site-packages/pip-26.1.2.dist-info) by extension 'python'
[2.446s] Level 1:colcon.colcon_core.package_identification:_identify(venv/lib/python3.12/site-packages/pip-26.1.2.dist-info) by extensions ['python_setup_py']
[2.446s] Level 1:colcon.colcon_core.package_identification:_identify(venv/lib/python3.12/site-packages/pip-26.1.2.dist-info) by extension 'python_setup_py'
[2.448s] Level 1:colcon.colcon_core.package_identification:_identify(venv/lib/python3.12/site-packages/pip-26.1.2.dist-info/licenses) by extensions ['ignore', 'ignore_ament_install']
[2.448s] Level 1:colcon.colcon_core.package_identification:_identify(venv/lib/python3.12/site-packages/pip-26.1.2.dist-info/licenses) by extension 'ignore'
[2.448s] Level 1:colcon.colcon_core.package_identification:_identify(venv/lib/python3.12/site-packages/pip-26.1.2.dist-info/licenses) by extension 'ignore_ament_install'
[2.449s] Level 1:colcon.colcon_core.package_identification:_identify(venv/lib/python3.12/site-packages/pip-26.1.2.dist-info/licenses) by extensions ['colcon_pkg']
[2.449s] Level 1:colcon.colcon_core.package_identification:_identify(venv/lib/python3.12/site-packages/pip-26.1.2.dist-info/licenses) by extension 'colcon_pkg'
[2.449s] Level 1:colcon.colcon_core.package_identification:_identify(venv/lib/python3.12/site-packages/pip-26.1.2.dist-info/licenses) by extensions ['colcon_meta']
[2.449s] Level 1:colcon.colcon_core.package_identification:_identify(venv/lib/python3.12/site-packages/pip-26.1.2.dist-info/licenses) by extension 'colcon_meta'
[2.449s] Level 1:colcon.colcon_core.package_identification:_identify(venv/lib/python3.12/site-packages/pip-26.1.2.dist-info/licenses) by extensions ['ros']
[2.450s] Level 1:colcon.colcon_core.package_identification:_identify(venv/lib/python3.12/site-packages/pip-26.1.2.dist-info/licenses) by extension 'ros'
[2.450s] Level 1:colcon.colcon_core.package_identification:_identify(venv/lib/python3.12/site-packages/pip-26.1.2.dist-info/licenses) by extensions ['cmake', 'python']
[2.450s] Level 1:colcon.colcon_core.package_identification:_identify(venv/lib/python3.12/site-packages/pip-26.1.2.dist-info/licenses) by extension 'cmake'
[2.450s] Level 1:colcon.colcon_core.package_identification:_identify(venv/lib/python3.12/site-packages/pip-26.1.2.dist-info/licenses) by extension 'python'
[2.451s] Level 1:colcon.colcon_core.package_identification:_identify(venv/lib/python3.12/site-packages/pip-26.1.2.dist-info/licenses) by extensions ['python_setup_py']
[2.451s] Level 1:colcon.colcon_core.package_identification:_identify(venv/lib/python3.12/site-packages/pip-26.1.2.dist-info/licenses) by extension 'python_setup_py'
[2.452s] Level 1:colcon.colcon_core.package_identification:_identify(venv/lib/python3.12/site-packages/pip-26.1.2.dist-info/licenses/src) by extensions ['ignore', 'ignore_ament_install']
[2.453s] Level 1:colcon.colcon_core.package_identification:_identify(venv/lib/python3.12/site-packages/pip-26.1.2.dist-info/licenses/src) by extension 'ignore'
[2.453s] Level 1:colcon.colcon_core.package_identification:_identify(venv/lib/python3.12/site-packages/pip-26.1.2.dist-info/licenses/src) by extension 'ignore_ament_install'
[2.453s] Level 1:colcon.colcon_core.package_identification:_identify(venv/lib/python3.12/site-packages/pip-26.1.2.dist-info/licenses/src) by extensions ['colcon_pkg']
[2.453s] Level 1:colcon.colcon_core.package_identification:_identify(venv/lib/python3.12/site-packages/pip-26.1.2.dist-info/licenses/src) by extension 'colcon_pkg'
[2.454s] Level 1:colcon.colcon_core.package_identification:_identify(venv/lib/python3.12/site-packages/pip-26.1.2.dist-info/licenses/src) by extensions ['colcon_meta']
[2.454s] Level 1:colcon.colcon_core.package_identification:_identify(venv/lib/python3.12/site-packages/pip-26.1.2.dist-info/licenses/src) by extension 'colcon_meta'
[2.454s] Level 1:colcon.colcon_core.package_identification:_identify(venv/lib/python3.12/site-packages/pip-26.1.2.dist-info/licenses/src) by extensions ['ros']
[2.454s] Level 1:colcon.colcon_core.package_identification:_identify(venv/lib/python3.12/site-packages/pip-26.1.2.dist-info/licenses/src) by extension 'ros'
[2.455s] Level 1:colcon.colcon_core.package_identification:_identify(venv/lib/python3.12/site-packages/pip-26.1.2.dist-info/licenses/src) by extensions ['cmake', 'python']
[2.455s] Level 1:colcon.colcon_core.package_identification:_identify(venv/lib/python3.12/site-packages/pip-26.1.2.dist-info/licenses/src) by extension 'cmake'
[2.455s] Level 1:colcon.colcon_core.package_identification:_identify(venv/lib/python3.12/site-packages/pip-26.1.2.dist-info/licenses/src) by extension 'python'
[2.455s] Level 1:colcon.colcon_core.package_identification:_identify(venv/lib/python3.12/site-packages/pip-26.1.2.dist-info/licenses/src) by extensions ['python_setup_py']
[2.456s] Level 1:colcon.colcon_core.package_identification:_identify(venv/lib/python3.12/site-packages/pip-26.1.2.dist-info/licenses/src) by extension 'python_setup_py'
[2.458s] Level 1:colcon.colcon_core.package_identification:_identify(venv/lib/python3.12/site-packages/pip-26.1.2.dist-info/licenses/src/pip) by extensions ['ignore', 'ignore_ament_install']
[2.459s] Level 1:colcon.colcon_core.package_identification:_identify(venv/lib/python3.12/site-packages/pip-26.1.2.dist-info/licenses/src/pip) by extension 'ignore'
[2.459s] Level 1:colcon.colcon_core.package_identification:_identify(venv/lib/python3.12/site-packages/pip-26.1.2.dist-info/licenses/src/pip) by extension 'ignore_ament_install'
[2.460s] Level 1:colcon.colcon_core.package_identification:_identify(venv/lib/python3.12/site-packages/pip-26.1.2.dist-info/licenses/src/pip) by extensions ['colcon_pkg']
[2.460s] Level 1:colcon.colcon_core.package_identification:_identify(venv/lib/python3.12/site-packages/pip-26.1.2.dist-info/licenses/src/pip) by extension 'colcon_pkg'
[2.460s] Level 1:colcon.colcon_core.package_identification:_identify(venv/lib/python3.12/site-packages/pip-26.1.2.dist-info/licenses/src/pip) by extensions ['colcon_meta']
[2.460s] Level 1:colcon.colcon_core.package_identification:_identify(venv/lib/python3.12/site-packages/pip-26.1.2.dist-info/licenses/src/pip) by extension 'colcon_meta'
[2.460s] Level 1:colcon.colcon_core.package_identification:_identify(venv/lib/python3.12/site-packages/pip-26.1.2.dist-info/licenses/src/pip) by extensions ['ros']
[2.460s] Level 1:colcon.colcon_core.package_identification:_identify(venv/lib/python3.12/site-packages/pip-26.1.2.dist-info/licenses/src/pip) by extension 'ros'
[2.461s] Level 1:colcon.colcon_core.package_identification:_identify(venv/lib/python3.12/site-packages/pip-26.1.2.dist-info/licenses/src/pip) by extensions ['cmake', 'python']
[2.461s] Level 1:colcon.colcon_core.package_identification:_identify(venv/lib/python3.12/site-packages/pip-26.1.2.dist-info/licenses/src/pip) by extension 'cmake'
[2.461s] Level 1:colcon.colcon_core.package_identification:_identify(venv/lib/python3.12/site-packages/pip-26.1.2.dist-info/licenses/src/pip) by extension 'python'
[2.462s] Level 1:colcon.colcon_core.package_identification:_identify(venv/lib/python3.12/site-packages/pip-26.1.2.dist-info/licenses/src/pip) by extensions ['python_setup_py']
[2.462s] Level 1:colcon.colcon_core.package_identification:_identify(venv/lib/python3.12/site-packages/pip-26.1.2.dist-info/licenses/src/pip) by extension 'python_setup_py'
[2.463s] Level 1:colcon.colcon_core.package_identification:_identify(venv/lib/python3.12/site-packages/pip-26.1.2.dist-info/licenses/src/pip/_vendor) by extensions ['ignore', 'ignore_ament_install']
[2.464s] Level 1:colcon.colcon_core.package_identification:_identify(venv/lib/python3.12/site-packages/pip-26.1.2.dist-info/licenses/src/pip/_vendor) by extension 'ignore'
[2.464s] Level 1:colcon.colcon_core.package_identification:_identify(venv/lib/python3.12/site-packages/pip-26.1.2.dist-info/licenses/src/pip/_vendor) by extension 'ignore_ament_install'
[2.465s] Level 1:colcon.colcon_core.package_identification:_identify(venv/lib/python3.12/site-packages/pip-26.1.2.dist-info/licenses/src/pip/_vendor) by extensions ['colcon_pkg']
[2.465s] Level 1:colcon.colcon_core.package_identification:_identify(venv/lib/python3.12/site-packages/pip-26.1.2.dist-info/licenses/src/pip/_vendor) by extension 'colcon_pkg'
[2.465s] Level 1:colcon.colcon_core.package_identification:_identify(venv/lib/python3.12/site-packages/pip-26.1.2.dist-info/licenses/src/pip/_vendor) by extensions ['colcon_meta']
[2.465s] Level 1:colcon.colcon_core.package_identification:_identify(venv/lib/python3.12/site-packages/pip-26.1.2.dist-info/licenses/src/pip/_vendor) by extension 'colcon_meta'
[2.465s] Level 1:colcon.colcon_core.package_identification:_identify(venv/lib/python3.12/site-packages/pip-26.1.2.dist-info/licenses/src/pip/_vendor) by extensions ['ros']
[2.466s] Level 1:colcon.colcon_core.package_identification:_identify(venv/lib/python3.12/site-packages/pip-26.1.2.dist-info/licenses/src/pip/_vendor) by extension 'ros'
[2.466s] Level 1:colcon.colcon_core.package_identification:_identify(venv/lib/python3.12/site-packages/pip-26.1.2.dist-info/licenses/src/pip/_vendor) by extensions ['cmake', 'python']
[2.466s] Level 1:colcon.colcon_core.package_identification:_identify(venv/lib/python3.12/site-packages/pip-26.1.2.dist-info/licenses/src/pip/_vendor) by extension 'cmake'
[2.466s] Level 1:colcon.colcon_core.package_identification:_identify(venv/lib/python3.12/site-packages/pip-26.1.2.dist-info/licenses/src/pip/_vendor) by extension 'python'
[2.467s] Level 1:colcon.colcon_core.package_identification:_identify(venv/lib/python3.12/site-packages/pip-26.1.2.dist-info/licenses/src/pip/_vendor) by extensions ['python_setup_py']
[2.467s] Level 1:colcon.colcon_core.package_identification:_identify(venv/lib/python3.12/site-packages/pip-26.1.2.dist-info/licenses/src/pip/_vendor) by extension 'python_setup_py'
[2.468s] Level 1:colcon.colcon_core.package_identification:_identify(venv/lib/python3.12/site-packages/pip-26.1.2.dist-info/licenses/src/pip/_vendor/cachecontrol) by extensions ['ignore', 'ignore_ament_install']
[2.468s] Level 1:colcon.colcon_core.package_identification:_identify(venv/lib/python3.12/site-packages/pip-26.1.2.dist-info/licenses/src/pip/_vendor/cachecontrol) by extension 'ignore'
[2.469s] Level 1:colcon.colcon_core.package_identification:_identify(venv/lib/python3.12/site-packages/pip-26.1.2.dist-info/licenses/src/pip/_vendor/cachecontrol) by extension 'ignore_ament_install'
[2.469s] Level 1:colcon.colcon_core.package_identification:_identify(venv/lib/python3.12/site-packages/pip-26.1.2.dist-info/licenses/src/pip/_vendor/cachecontrol) by extensions ['colcon_pkg']
[2.469s] Level 1:colcon.colcon_core.package_identification:_identify(venv/lib/python3.12/site-packages/pip-26.1.2.dist-info/licenses/src/pip/_vendor/cachecontrol) by extension 'colcon_pkg'
[2.470s] Level 1:colcon.colcon_core.package_identification:_identify(venv/lib/python3.12/site-packages/pip-26.1.2.dist-info/licenses/src/pip/_vendor/cachecontrol) by extensions ['colcon_meta']
[2.470s] Level 1:colcon.colcon_core.package_identification:_identify(venv/lib/python3.12/site-packages/pip-26.1.2.dist-info/licenses/src/pip/_vendor/cachecontrol) by extension 'colcon_meta'
[2.470s] Level 1:colcon.colcon_core.package_identification:_identify(venv/lib/python3.12/site-packages/pip-26.1.2.dist-info/licenses/src/pip/_vendor/cachecontrol) by extensions ['ros']
[2.470s] Level 1:colcon.colcon_core.package_identification:_identify(venv/lib/python3.12/site-packages/pip-26.1.2.dist-info/licenses/src/pip/_vendor/cachecontrol) by extension 'ros'
[2.471s] Level 1:colcon.colcon_core.package_identification:_identify(venv/lib/python3.12/site-packages/pip-26.1.2.dist-info/licenses/src/pip/_vendor/cachecontrol) by extensions ['cmake', 'python']
[2.471s] Level 1:colcon.colcon_core.package_identification:_identify(venv/lib/python3.12/site-packages/pip-26.1.2.dist-info/licenses/src/pip/_vendor/cachecontrol) by extension 'cmake'
[2.471s] Level 1:colcon.colcon_core.package_identification:_identify(venv/lib/python3.12/site-packages/pip-26.1.2.dist-info/licenses/src/pip/_vendor/cachecontrol) by extension 'python'
[2.472s] Level 1:colcon.colcon_core.package_identification:_identify(venv/lib/python3.12/site-packages/pip-26.1.2.dist-info/licenses/src/pip/_vendor/cachecontrol) by extensions ['python_setup_py']
[2.472s] Level 1:colcon.colcon_core.package_identification:_identify(venv/lib/python3.12/site-packages/pip-26.1.2.dist-info/licenses/src/pip/_vendor/cachecontrol) by extension 'python_setup_py'
[2.473s] Level 1:colcon.colcon_core.package_identification:_identify(venv/lib/python3.12/site-packages/pip-26.1.2.dist-info/licenses/src/pip/_vendor/certifi) by extensions ['ignore', 'ignore_ament_install']
[2.473s] Level 1:colcon.colcon_core.package_identification:_identify(venv/lib/python3.12/site-packages/pip-26.1.2.dist-info/licenses/src/pip/_vendor/certifi) by extension 'ignore'
[2.474s] Level 1:colcon.colcon_core.package_identification:_identify(venv/lib/python3.12/site-packages/pip-26.1.2.dist-info/licenses/src/pip/_vendor/certifi) by extension 'ignore_ament_install'
[2.474s] Level 1:colcon.colcon_core.package_identification:_identify(venv/lib/python3.12/site-packages/pip-26.1.2.dist-info/licenses/src/pip/_vendor/certifi) by extensions ['colcon_pkg']
[2.474s] Level 1:colcon.colcon_core.package_identification:_identify(venv/lib/python3.12/site-packages/pip-26.1.2.dist-info/licenses/src/pip/_vendor/certifi) by extension 'colcon_pkg'
[2.475s] Level 1:colcon.colcon_core.package_identification:_identify(venv/lib/python3.12/site-packages/pip-26.1.2.dist-info/licenses/src/pip/_vendor/certifi) by extensions ['colcon_meta']
[2.475s] Level 1:colcon.colcon_core.package_identification:_identify(venv/lib/python3.12/site-packages/pip-26.1.2.dist-info/licenses/src/pip/_vendor/certifi) by extension 'colcon_meta'
[2.475s] Level 1:colcon.colcon_core.package_identification:_identify(venv/lib/python3.12/site-packages/pip-26.1.2.dist-info/licenses/src/pip/_vendor/certifi) by extensions ['ros']
[2.475s] Level 1:colcon.colcon_core.package_identification:_identify(venv/lib/python3.12/site-packages/pip-26.1.2.dist-info/licenses/src/pip/_vendor/certifi) by extension 'ros'
[2.476s] Level 1:colcon.colcon_core.package_identification:_identify(venv/lib/python3.12/site-packages/pip-26.1.2.dist-info/licenses/src/pip/_vendor/certifi) by extensions ['cmake', 'python']
[2.476s] Level 1:colcon.colcon_core.package_identification:_identify(venv/lib/python3.12/site-packages/pip-26.1.2.dist-info/licenses/src/pip/_vendor/certifi) by extension 'cmake'
[2.477s] Level 1:colcon.colcon_core.package_identification:_identify(venv/lib/python3.12/site-packages/pip-26.1.2.dist-info/licenses/src/pip/_vendor/certifi) by extension 'python'
[2.477s] Level 1:colcon.colcon_core.package_identification:_identify(venv/lib/python3.12/site-packages/pip-26.1.2.dist-info/licenses/src/pip/_vendor/certifi) by extensions ['python_setup_py']
[2.477s] Level 1:colcon.colcon_core.package_identification:_identify(venv/lib/python3.12/site-packages/pip-26.1.2.dist-info/licenses/src/pip/_vendor/certifi) by extension 'python_setup_py'
[2.479s] Level 1:colcon.colcon_core.package_identification:_identify(venv/lib/python3.12/site-packages/pip-26.1.2.dist-info/licenses/src/pip/_vendor/distlib) by extensions ['ignore', 'ignore_ament_install']
[2.479s] Level 1:colcon.colcon_core.package_identification:_identify(venv/lib/python3.12/site-packages/pip-26.1.2.dist-info/licenses/src/pip/_vendor/distlib) by extension 'ignore'
[2.480s] Level 1:colcon.colcon_core.package_identification:_identify(venv/lib/python3.12/site-packages/pip-26.1.2.dist-info/licenses/src/pip/_vendor/distlib) by extension 'ignore_ament_install'
[2.480s] Level 1:colcon.colcon_core.package_identification:_identify(venv/lib/python3.12/site-packages/pip-26.1.2.dist-info/licenses/src/pip/_vendor/distlib) by extensions ['colcon_pkg']
[2.480s] Level 1:colcon.colcon_core.package_identification:_identify(venv/lib/python3.12/site-packages/pip-26.1.2.dist-info/licenses/src/pip/_vendor/distlib) by extension 'colcon_pkg'
[2.480s] Level 1:colcon.colcon_core.package_identification:_identify(venv/lib/python3.12/site-packages/pip-26.1.2.dist-info/licenses/src/pip/_vendor/distlib) by extensions ['colcon_meta']
[2.480s] Level 1:colcon.colcon_core.package_identification:_identify(venv/lib/python3.12/site-packages/pip-26.1.2.dist-info/licenses/src/pip/_vendor/distlib) by extension 'colcon_meta'
[2.481s] Level 1:colcon.colcon_core.package_identification:_identify(venv/lib/python3.12/site-packages/pip-26.1.2.dist-info/licenses/src/pip/_vendor/distlib) by extensions ['ros']
[2.481s] Level 1:colcon.colcon_core.package_identification:_identify(venv/lib/python3.12/site-packages/pip-26.1.2.dist-info/licenses/src/pip/_vendor/distlib) by extension 'ros'
[2.481s] Level 1:colcon.colcon_core.package_identification:_identify(venv/lib/python3.12/site-packages/pip-26.1.2.dist-info/licenses/src/pip/_vendor/distlib) by extensions ['cmake', 'python']
[2.482s] Level 1:colcon.colcon_core.package_identification:_identify(venv/lib/python3.12/site-packages/pip-26.1.2.dist-info/licenses/src/pip/_vendor/distlib) by extension 'cmake'
[2.482s] Level 1:colcon.colcon_core.package_identification:_identify(venv/lib/python3.12/site-packages/pip-26.1.2.dist-info/licenses/src/pip/_vendor/distlib) by extension 'python'
[2.482s] Level 1:colcon.colcon_core.package_identification:_identify(venv/lib/python3.12/site-packages/pip-26.1.2.dist-info/licenses/src/pip/_vendor/distlib) by extensions ['python_setup_py']
[2.482s] Level 1:colcon.colcon_core.package_identification:_identify(venv/lib/python3.12/site-packages/pip-26.1.2.dist-info/licenses/src/pip/_vendor/distlib) by extension 'python_setup_py'
[2.484s] Level 1:colcon.colcon_core.package_identification:_identify(venv/lib/python3.12/site-packages/pip-26.1.2.dist-info/licenses/src/pip/_vendor/distro) by extensions ['ignore', 'ignore_ament_install']
[2.484s] Level 1:colcon.colcon_core.package_identification:_identify(venv/lib/python3.12/site-packages/pip-26.1.2.dist-info/licenses/src/pip/_vendor/distro) by extension 'ignore'
[2.484s] Level 1:colcon.colcon_core.package_identification:_identify(venv/lib/python3.12/site-packages/pip-26.1.2.dist-info/licenses/src/pip/_vendor/distro) by extension 'ignore_ament_install'
[2.485s] Level 1:colcon.colcon_core.package_identification:_identify(venv/lib/python3.12/site-packages/pip-26.1.2.dist-info/licenses/src/pip/_vendor/distro) by extensions ['colcon_pkg']
[2.485s] Level 1:colcon.colcon_core.package_identification:_identify(venv/lib/python3.12/site-packages/pip-26.1.2.dist-info/licenses/src/pip/_vendor/distro) by extension 'colcon_pkg'
[2.485s] Level 1:colcon.colcon_core.package_identification:_identify(venv/lib/python3.12/site-packages/pip-26.1.2.dist-info/licenses/src/pip/_vendor/distro) by extensions ['colcon_meta']
[2.485s] Level 1:colcon.colcon_core.package_identification:_identify(venv/lib/python3.12/site-packages/pip-26.1.2.dist-info/licenses/src/pip/_vendor/distro) by extension 'colcon_meta'
[2.486s] Level 1:colcon.colcon_core.package_identification:_identify(venv/lib/python3.12/site-packages/pip-26.1.2.dist-info/licenses/src/pip/_vendor/distro) by extensions ['ros']
[2.486s] Level 1:colcon.colcon_core.package_identification:_identify(venv/lib/python3.12/site-packages/pip-26.1.2.dist-info/licenses/src/pip/_vendor/distro) by extension 'ros'
[2.486s] Level 1:colcon.colcon_core.package_identification:_identify(venv/lib/python3.12/site-packages/pip-26.1.2.dist-info/licenses/src/pip/_vendor/distro) by extensions ['cmake', 'python']
[2.487s] Level 1:colcon.colcon_core.package_identification:_identify(venv/lib/python3.12/site-packages/pip-26.1.2.dist-info/licenses/src/pip/_vendor/distro) by extension 'cmake'
[2.487s] Level 1:colcon.colcon_core.package_identification:_identify(venv/lib/python3.12/site-packages/pip-26.1.2.dist-info/licenses/src/pip/_vendor/distro) by extension 'python'
[2.487s] Level 1:colcon.colcon_core.package_identification:_identify(venv/lib/python3.12/site-packages/pip-26.1.2.dist-info/licenses/src/pip/_vendor/distro) by extensions ['python_setup_py']
[2.487s] Level 1:colcon.colcon_core.package_identification:_identify(venv/lib/python3.12/site-packages/pip-26.1.2.dist-info/licenses/src/pip/_vendor/distro) by extension 'python_setup_py'
[2.488s] Level 1:colcon.colcon_core.package_identification:_identify(venv/lib/python3.12/site-packages/pip-26.1.2.dist-info/licenses/src/pip/_vendor/idna) by extensions ['ignore', 'ignore_ament_install']
[2.489s] Level 1:colcon.colcon_core.package_identification:_identify(venv/lib/python3.12/site-packages/pip-26.1.2.dist-info/licenses/src/pip/_vendor/idna) by extension 'ignore'
[2.489s] Level 1:colcon.colcon_core.package_identification:_identify(venv/lib/python3.12/site-packages/pip-26.1.2.dist-info/licenses/src/pip/_vendor/idna) by extension 'ignore_ament_install'
[2.489s] Level 1:colcon.colcon_core.package_identification:_identify(venv/lib/python3.12/site-packages/pip-26.1.2.dist-info/licenses/src/pip/_vendor/idna) by extensions ['colcon_pkg']
[2.490s] Level 1:colcon.colcon_core.package_identification:_identify(venv/lib/python3.12/site-packages/pip-26.1.2.dist-info/licenses/src/pip/_vendor/idna) by extension 'colcon_pkg'
[2.490s] Level 1:colcon.colcon_core.package_identification:_identify(venv/lib/python3.12/site-packages/pip-26.1.2.dist-info/licenses/src/pip/_vendor/idna) by extensions ['colcon_meta']
[2.490s] Level 1:colcon.colcon_core.package_identification:_identify(venv/lib/python3.12/site-packages/pip-26.1.2.dist-info/licenses/src/pip/_vendor/idna) by extension 'colcon_meta'
[2.490s] Level 1:colcon.colcon_core.package_identification:_identify(venv/lib/python3.12/site-packages/pip-26.1.2.dist-info/licenses/src/pip/_vendor/idna) by extensions ['ros']
[2.490s] Level 1:colcon.colcon_core.package_identification:_identify(venv/lib/python3.12/site-packages/pip-26.1.2.dist-info/licenses/src/pip/_vendor/idna) by extension 'ros'
[2.491s] Level 1:colcon.colcon_core.package_identification:_identify(venv/lib/python3.12/site-packages/pip-26.1.2.dist-info/licenses/src/pip/_vendor/idna) by extensions ['cmake', 'python']
[2.491s] Level 1:colcon.colcon_core.package_identification:_identify(venv/lib/python3.12/site-packages/pip-26.1.2.dist-info/licenses/src/pip/_vendor/idna) by extension 'cmake'
[2.491s] Level 1:colcon.colcon_core.package_identification:_identify(venv/lib/python3.12/site-packages/pip-26.1.2.dist-info/licenses/src/pip/_vendor/idna) by extension 'python'
[2.491s] Level 1:colcon.colcon_core.package_identification:_identify(venv/lib/python3.12/site-packages/pip-26.1.2.dist-info/licenses/src/pip/_vendor/idna) by extensions ['python_setup_py']
[2.491s] Level 1:colcon.colcon_core.package_identification:_identify(venv/lib/python3.12/site-packages/pip-26.1.2.dist-info/licenses/src/pip/_vendor/idna) by extension 'python_setup_py'
[2.493s] Level 1:colcon.colcon_core.package_identification:_identify(venv/lib/python3.12/site-packages/pip-26.1.2.dist-info/licenses/src/pip/_vendor/msgpack) by extensions ['ignore', 'ignore_ament_install']
[2.493s] Level 1:colcon.colcon_core.package_identification:_identify(venv/lib/python3.12/site-packages/pip-26.1.2.dist-info/licenses/src/pip/_vendor/msgpack) by extension 'ignore'
[2.493s] Level 1:colcon.colcon_core.package_identification:_identify(venv/lib/python3.12/site-packages/pip-26.1.2.dist-info/licenses/src/pip/_vendor/msgpack) by extension 'ignore_ament_install'
[2.494s] Level 1:colcon.colcon_core.package_identification:_identify(venv/lib/python3.12/site-packages/pip-26.1.2.dist-info/licenses/src/pip/_vendor/msgpack) by extensions ['colcon_pkg']
[2.494s] Level 1:colcon.colcon_core.package_identification:_identify(venv/lib/python3.12/site-packages/pip-26.1.2.dist-info/licenses/src/pip/_vendor/msgpack) by extension 'colcon_pkg'
[2.494s] Level 1:colcon.colcon_core.package_identification:_identify(venv/lib/python3.12/site-packages/pip-26.1.2.dist-info/licenses/src/pip/_vendor/msgpack) by extensions ['colcon_meta']
[2.494s] Level 1:colcon.colcon_core.package_identification:_identify(venv/lib/python3.12/site-packages/pip-26.1.2.dist-info/licenses/src/pip/_vendor/msgpack) by extension 'colcon_meta'
[2.495s] Level 1:colcon.colcon_core.package_identification:_identify(venv/lib/python3.12/site-packages/pip-26.1.2.dist-info/licenses/src/pip/_vendor/msgpack) by extensions ['ros']
[2.495s] Level 1:colcon.colcon_core.package_identification:_identify(venv/lib/python3.12/site-packages/pip-26.1.2.dist-info/licenses/src/pip/_vendor/msgpack) by extension 'ros'
[2.495s] Level 1:colcon.colcon_core.package_identification:_identify(venv/lib/python3.12/site-packages/pip-26.1.2.dist-info/licenses/src/pip/_vendor/msgpack) by extensions ['cmake', 'python']
[2.495s] Level 1:colcon.colcon_core.package_identification:_identify(venv/lib/python3.12/site-packages/pip-26.1.2.dist-info/licenses/src/pip/_vendor/msgpack) by extension 'cmake'
[2.496s] Level 1:colcon.colcon_core.package_identification:_identify(venv/lib/python3.12/site-packages/pip-26.1.2.dist-info/licenses/src/pip/_vendor/msgpack) by extension 'python'
[2.496s] Level 1:colcon.colcon_core.package_identification:_identify(venv/lib/python3.12/site-packages/pip-26.1.2.dist-info/licenses/src/pip/_vendor/msgpack) by extensions ['python_setup_py']
[2.496s] Level 1:colcon.colcon_core.package_identification:_identify(venv/lib/python3.12/site-packages/pip-26.1.2.dist-info/licenses/src/pip/_vendor/msgpack) by extension 'python_setup_py'
[2.497s] Level 1:colcon.colcon_core.package_identification:_identify(venv/lib/python3.12/site-packages/pip-26.1.2.dist-info/licenses/src/pip/_vendor/packaging) by extensions ['ignore', 'ignore_ament_install']
[2.498s] Level 1:colcon.colcon_core.package_identification:_identify(venv/lib/python3.12/site-packages/pip-26.1.2.dist-info/licenses/src/pip/_vendor/packaging) by extension 'ignore'
[2.498s] Level 1:colcon.colcon_core.package_identification:_identify(venv/lib/python3.12/site-packages/pip-26.1.2.dist-info/licenses/src/pip/_vendor/packaging) by extension 'ignore_ament_install'
[2.499s] Level 1:colcon.colcon_core.package_identification:_identify(venv/lib/python3.12/site-packages/pip-26.1.2.dist-info/licenses/src/pip/_vendor/packaging) by extensions ['colcon_pkg']
[2.499s] Level 1:colcon.colcon_core.package_identification:_identify(venv/lib/python3.12/site-packages/pip-26.1.2.dist-info/licenses/src/pip/_vendor/packaging) by extension 'colcon_pkg'
[2.499s] Level 1:colcon.colcon_core.package_identification:_identify(venv/lib/python3.12/site-packages/pip-26.1.2.dist-info/licenses/src/pip/_vendor/packaging) by extensions ['colcon_meta']
[2.499s] Level 1:colcon.colcon_core.package_identification:_identify(venv/lib/python3.12/site-packages/pip-26.1.2.dist-info/licenses/src/pip/_vendor/packaging) by extension 'colcon_meta'
[2.500s] Level 1:colcon.colcon_core.package_identification:_identify(venv/lib/python3.12/site-packages/pip-26.1.2.dist-info/licenses/src/pip/_vendor/packaging) by extensions ['ros']
[2.500s] Level 1:colcon.colcon_core.package_identification:_identify(venv/lib/python3.12/site-packages/pip-26.1.2.dist-info/licenses/src/pip/_vendor/packaging) by extension 'ros'
[2.500s] Level 1:colcon.colcon_core.package_identification:_identify(venv/lib/python3.12/site-packages/pip-26.1.2.dist-info/licenses/src/pip/_vendor/packaging) by extensions ['cmake', 'python']
[2.500s] Level 1:colcon.colcon_core.package_identification:_identify(venv/lib/python3.12/site-packages/pip-26.1.2.dist-info/licenses/src/pip/_vendor/packaging) by extension 'cmake'
[2.501s] Level 1:colcon.colcon_core.package_identification:_identify(venv/lib/python3.12/site-packages/pip-26.1.2.dist-info/licenses/src/pip/_vendor/packaging) by extension 'python'
[2.501s] Level 1:colcon.colcon_core.package_identification:_identify(venv/lib/python3.12/site-packages/pip-26.1.2.dist-info/licenses/src/pip/_vendor/packaging) by extensions ['python_setup_py']
[2.501s] Level 1:colcon.colcon_core.package_identification:_identify(venv/lib/python3.12/site-packages/pip-26.1.2.dist-info/licenses/src/pip/_vendor/packaging) by extension 'python_setup_py'
[2.502s] Level 1:colcon.colcon_core.package_identification:_identify(venv/lib/python3.12/site-packages/pip-26.1.2.dist-info/licenses/src/pip/_vendor/pkg_resources) by extensions ['ignore', 'ignore_ament_install']
[2.503s] Level 1:colcon.colcon_core.package_identification:_identify(venv/lib/python3.12/site-packages/pip-26.1.2.dist-info/licenses/src/pip/_vendor/pkg_resources) by extension 'ignore'
[2.503s] Level 1:colcon.colcon_core.package_identification:_identify(venv/lib/python3.12/site-packages/pip-26.1.2.dist-info/licenses/src/pip/_vendor/pkg_resources) by extension 'ignore_ament_install'
[2.504s] Level 1:colcon.colcon_core.package_identification:_identify(venv/lib/python3.12/site-packages/pip-26.1.2.dist-info/licenses/src/pip/_vendor/pkg_resources) by extensions ['colcon_pkg']
[2.504s] Level 1:colcon.colcon_core.package_identification:_identify(venv/lib/python3.12/site-packages/pip-26.1.2.dist-info/licenses/src/pip/_vendor/pkg_resources) by extension 'colcon_pkg'
[2.504s] Level 1:colcon.colcon_core.package_identification:_identify(venv/lib/python3.12/site-packages/pip-26.1.2.dist-info/licenses/src/pip/_vendor/pkg_resources) by extensions ['colcon_meta']
[2.504s] Level 1:colcon.colcon_core.package_identification:_identify(venv/lib/python3.12/site-packages/pip-26.1.2.dist-info/licenses/src/pip/_vendor/pkg_resources) by extension 'colcon_meta'
[2.505s] Level 1:colcon.colcon_core.package_identification:_identify(venv/lib/python3.12/site-packages/pip-26.1.2.dist-info/licenses/src/pip/_vendor/pkg_resources) by extensions ['ros']
[2.505s] Level 1:colcon.colcon_core.package_identification:_identify(venv/lib/python3.12/site-packages/pip-26.1.2.dist-info/licenses/src/pip/_vendor/pkg_resources) by extension 'ros'
[2.505s] Level 1:colcon.colcon_core.package_identification:_identify(venv/lib/python3.12/site-packages/pip-26.1.2.dist-info/licenses/src/pip/_vendor/pkg_resources) by extensions ['cmake', 'python']
[2.506s] Level 1:colcon.colcon_core.package_identification:_identify(venv/lib/python3.12/site-packages/pip-26.1.2.dist-info/licenses/src/pip/_vendor/pkg_resources) by extension 'cmake'
[2.506s] Level 1:colcon.colcon_core.package_identification:_identify(venv/lib/python3.12/site-packages/pip-26.1.2.dist-info/licenses/src/pip/_vendor/pkg_resources) by extension 'python'
[2.506s] Level 1:colcon.colcon_core.package_identification:_identify(venv/lib/python3.12/site-packages/pip-26.1.2.dist-info/licenses/src/pip/_vendor/pkg_resources) by extensions ['python_setup_py']
[2.506s] Level 1:colcon.colcon_core.package_identification:_identify(venv/lib/python3.12/site-packages/pip-26.1.2.dist-info/licenses/src/pip/_vendor/pkg_resources) by extension 'python_setup_py'
[2.507s] Level 1:colcon.colcon_core.package_identification:_identify(venv/lib/python3.12/site-packages/pip-26.1.2.dist-info/licenses/src/pip/_vendor/platformdirs) by extensions ['ignore', 'ignore_ament_install']
[2.508s] Level 1:colcon.colcon_core.package_identification:_identify(venv/lib/python3.12/site-packages/pip-26.1.2.dist-info/licenses/src/pip/_vendor/platformdirs) by extension 'ignore'
[2.508s] Level 1:colcon.colcon_core.package_identification:_identify(venv/lib/python3.12/site-packages/pip-26.1.2.dist-info/licenses/src/pip/_vendor/platformdirs) by extension 'ignore_ament_install'
[2.508s] Level 1:colcon.colcon_core.package_identification:_identify(venv/lib/python3.12/site-packages/pip-26.1.2.dist-info/licenses/src/pip/_vendor/platformdirs) by extensions ['colcon_pkg']
[2.508s] Level 1:colcon.colcon_core.package_identification:_identify(venv/lib/python3.12/site-packages/pip-26.1.2.dist-info/licenses/src/pip/_vendor/platformdirs) by extension 'colcon_pkg'
[2.509s] Level 1:colcon.colcon_core.package_identification:_identify(venv/lib/python3.12/site-packages/pip-26.1.2.dist-info/licenses/src/pip/_vendor/platformdirs) by extensions ['colcon_meta']
[2.509s] Level 1:colcon.colcon_core.package_identification:_identify(venv/lib/python3.12/site-packages/pip-26.1.2.dist-info/licenses/src/pip/_vendor/platformdirs) by extension 'colcon_meta'
[2.509s] Level 1:colcon.colcon_core.package_identification:_identify(venv/lib/python3.12/site-packages/pip-26.1.2.dist-info/licenses/src/pip/_vendor/platformdirs) by extensions ['ros']
[2.509s] Level 1:colcon.colcon_core.package_identification:_identify(venv/lib/python3.12/site-packages/pip-26.1.2.dist-info/licenses/src/pip/_vendor/platformdirs) by extension 'ros'
[2.510s] Level 1:colcon.colcon_core.package_identification:_identify(venv/lib/python3.12/site-packages/pip-26.1.2.dist-info/licenses/src/pip/_vendor/platformdirs) by extensions ['cmake', 'python']
[2.510s] Level 1:colcon.colcon_core.package_identification:_identify(venv/lib/python3.12/site-packages/pip-26.1.2.dist-info/licenses/src/pip/_vendor/platformdirs) by extension 'cmake'
[2.510s] Level 1:colcon.colcon_core.package_identification:_identify(venv/lib/python3.12/site-packages/pip-26.1.2.dist-info/licenses/src/pip/_vendor/platformdirs) by extension 'python'
[2.511s] Level 1:colcon.colcon_core.package_identification:_identify(venv/lib/python3.12/site-packages/pip-26.1.2.dist-info/licenses/src/pip/_vendor/platformdirs) by extensions ['python_setup_py']
[2.511s] Level 1:colcon.colcon_core.package_identification:_identify(venv/lib/python3.12/site-packages/pip-26.1.2.dist-info/licenses/src/pip/_vendor/platformdirs) by extension 'python_setup_py'
[2.512s] Level 1:colcon.colcon_core.package_identification:_identify(venv/lib/python3.12/site-packages/pip-26.1.2.dist-info/licenses/src/pip/_vendor/pygments) by extensions ['ignore', 'ignore_ament_install']
[2.512s] Level 1:colcon.colcon_core.package_identification:_identify(venv/lib/python3.12/site-packages/pip-26.1.2.dist-info/licenses/src/pip/_vendor/pygments) by extension 'ignore'
[2.513s] Level 1:colcon.colcon_core.package_identification:_identify(venv/lib/python3.12/site-packages/pip-26.1.2.dist-info/licenses/src/pip/_vendor/pygments) by extension 'ignore_ament_install'
[2.513s] Level 1:colcon.colcon_core.package_identification:_identify(venv/lib/python3.12/site-packages/pip-26.1.2.dist-info/licenses/src/pip/_vendor/pygments) by extensions ['colcon_pkg']
[2.513s] Level 1:colcon.colcon_core.package_identification:_identify(venv/lib/python3.12/site-packages/pip-26.1.2.dist-info/licenses/src/pip/_vendor/pygments) by extension 'colcon_pkg'
[2.513s] Level 1:colcon.colcon_core.package_identification:_identify(venv/lib/python3.12/site-packages/pip-26.1.2.dist-info/licenses/src/pip/_vendor/pygments) by extensions ['colcon_meta']
[2.513s] Level 1:colcon.colcon_core.package_identification:_identify(venv/lib/python3.12/site-packages/pip-26.1.2.dist-info/licenses/src/pip/_vendor/pygments) by extension 'colcon_meta'
[2.514s] Level 1:colcon.colcon_core.package_identification:_identify(venv/lib/python3.12/site-packages/pip-26.1.2.dist-info/licenses/src/pip/_vendor/pygments) by extensions ['ros']
[2.514s] Level 1:colcon.colcon_core.package_identification:_identify(venv/lib/python3.12/site-packages/pip-26.1.2.dist-info/licenses/src/pip/_vendor/pygments) by extension 'ros'
[2.514s] Level 1:colcon.colcon_core.package_identification:_identify(venv/lib/python3.12/site-packages/pip-26.1.2.dist-info/licenses/src/pip/_vendor/pygments) by extensions ['cmake', 'python']
[2.514s] Level 1:colcon.colcon_core.package_identification:_identify(venv/lib/python3.12/site-packages/pip-26.1.2.dist-info/licenses/src/pip/_vendor/pygments) by extension 'cmake'
[2.515s] Level 1:colcon.colcon_core.package_identification:_identify(venv/lib/python3.12/site-packages/pip-26.1.2.dist-info/licenses/src/pip/_vendor/pygments) by extension 'python'
[2.515s] Level 1:colcon.colcon_core.package_identification:_identify(venv/lib/python3.12/site-packages/pip-26.1.2.dist-info/licenses/src/pip/_vendor/pygments) by extensions ['python_setup_py']
[2.515s] Level 1:colcon.colcon_core.package_identification:_identify(venv/lib/python3.12/site-packages/pip-26.1.2.dist-info/licenses/src/pip/_vendor/pygments) by extension 'python_setup_py'
[2.516s] Level 1:colcon.colcon_core.package_identification:_identify(venv/lib/python3.12/site-packages/pip-26.1.2.dist-info/licenses/src/pip/_vendor/pyproject_hooks) by extensions ['ignore', 'ignore_ament_install']
[2.517s] Level 1:colcon.colcon_core.package_identification:_identify(venv/lib/python3.12/site-packages/pip-26.1.2.dist-info/licenses/src/pip/_vendor/pyproject_hooks) by extension 'ignore'
[2.517s] Level 1:colcon.colcon_core.package_identification:_identify(venv/lib/python3.12/site-packages/pip-26.1.2.dist-info/licenses/src/pip/_vendor/pyproject_hooks) by extension 'ignore_ament_install'
[2.518s] Level 1:colcon.colcon_core.package_identification:_identify(venv/lib/python3.12/site-packages/pip-26.1.2.dist-info/licenses/src/pip/_vendor/pyproject_hooks) by extensions ['colcon_pkg']
[2.518s] Level 1:colcon.colcon_core.package_identification:_identify(venv/lib/python3.12/site-packages/pip-26.1.2.dist-info/licenses/src/pip/_vendor/pyproject_hooks) by extension 'colcon_pkg'
[2.518s] Level 1:colcon.colcon_core.package_identification:_identify(venv/lib/python3.12/site-packages/pip-26.1.2.dist-info/licenses/src/pip/_vendor/pyproject_hooks) by extensions ['colcon_meta']
[2.518s] Level 1:colcon.colcon_core.package_identification:_identify(venv/lib/python3.12/site-packages/pip-26.1.2.dist-info/licenses/src/pip/_vendor/pyproject_hooks) by extension 'colcon_meta'
[2.519s] Level 1:colcon.colcon_core.package_identification:_identify(venv/lib/python3.12/site-packages/pip-26.1.2.dist-info/licenses/src/pip/_vendor/pyproject_hooks) by extensions ['ros']
[2.519s] Level 1:colcon.colcon_core.package_identification:_identify(venv/lib/python3.12/site-packages/pip-26.1.2.dist-info/licenses/src/pip/_vendor/pyproject_hooks) by extension 'ros'
[2.519s] Level 1:colcon.colcon_core.package_identification:_identify(venv/lib/python3.12/site-packages/pip-26.1.2.dist-info/licenses/src/pip/_vendor/pyproject_hooks) by extensions ['cmake', 'python']
[2.520s] Level 1:colcon.colcon_core.package_identification:_identify(venv/lib/python3.12/site-packages/pip-26.1.2.dist-info/licenses/src/pip/_vendor/pyproject_hooks) by extension 'cmake'
[2.520s] Level 1:colcon.colcon_core.package_identification:_identify(venv/lib/python3.12/site-packages/pip-26.1.2.dist-info/licenses/src/pip/_vendor/pyproject_hooks) by extension 'python'
[2.520s] Level 1:colcon.colcon_core.package_identification:_identify(venv/lib/python3.12/site-packages/pip-26.1.2.dist-info/licenses/src/pip/_vendor/pyproject_hooks) by extensions ['python_setup_py']
[2.520s] Level 1:colcon.colcon_core.package_identification:_identify(venv/lib/python3.12/site-packages/pip-26.1.2.dist-info/licenses/src/pip/_vendor/pyproject_hooks) by extension 'python_setup_py'
[2.521s] Level 1:colcon.colcon_core.package_identification:_identify(venv/lib/python3.12/site-packages/pip-26.1.2.dist-info/licenses/src/pip/_vendor/requests) by extensions ['ignore', 'ignore_ament_install']
[2.522s] Level 1:colcon.colcon_core.package_identification:_identify(venv/lib/python3.12/site-packages/pip-26.1.2.dist-info/licenses/src/pip/_vendor/requests) by extension 'ignore'
[2.522s] Level 1:colcon.colcon_core.package_identification:_identify(venv/lib/python3.12/site-packages/pip-26.1.2.dist-info/licenses/src/pip/_vendor/requests) by extension 'ignore_ament_install'
[2.523s] Level 1:colcon.colcon_core.package_identification:_identify(venv/lib/python3.12/site-packages/pip-26.1.2.dist-info/licenses/src/pip/_vendor/requests) by extensions ['colcon_pkg']
[2.523s] Level 1:colcon.colcon_core.package_identification:_identify(venv/lib/python3.12/site-packages/pip-26.1.2.dist-info/licenses/src/pip/_vendor/requests) by extension 'colcon_pkg'
[2.523s] Level 1:colcon.colcon_core.package_identification:_identify(venv/lib/python3.12/site-packages/pip-26.1.2.dist-info/licenses/src/pip/_vendor/requests) by extensions ['colcon_meta']
[2.523s] Level 1:colcon.colcon_core.package_identification:_identify(venv/lib/python3.12/site-packages/pip-26.1.2.dist-info/licenses/src/pip/_vendor/requests) by extension 'colcon_meta'
[2.524s] Level 1:colcon.colcon_core.package_identification:_identify(venv/lib/python3.12/site-packages/pip-26.1.2.dist-info/licenses/src/pip/_vendor/requests) by extensions ['ros']
[2.524s] Level 1:colcon.colcon_core.package_identification:_identify(venv/lib/python3.12/site-packages/pip-26.1.2.dist-info/licenses/src/pip/_vendor/requests) by extension 'ros'
[2.525s] Level 1:colcon.colcon_core.package_identification:_identify(venv/lib/python3.12/site-packages/pip-26.1.2.dist-info/licenses/src/pip/_vendor/requests) by extensions ['cmake', 'python']
[2.525s] Level 1:colcon.colcon_core.package_identification:_identify(venv/lib/python3.12/site-packages/pip-26.1.2.dist-info/licenses/src/pip/_vendor/requests) by extension 'cmake'
[2.525s] Level 1:colcon.colcon_core.package_identification:_identify(venv/lib/python3.12/site-packages/pip-26.1.2.dist-info/licenses/src/pip/_vendor/requests) by extension 'python'
[2.526s] Level 1:colcon.colcon_core.package_identification:_identify(venv/lib/python3.12/site-packages/pip-26.1.2.dist-info/licenses/src/pip/_vendor/requests) by extensions ['python_setup_py']
[2.526s] Level 1:colcon.colcon_core.package_identification:_identify(venv/lib/python3.12/site-packages/pip-26.1.2.dist-info/licenses/src/pip/_vendor/requests) by extension 'python_setup_py'
[2.527s] Level 1:colcon.colcon_core.package_identification:_identify(venv/lib/python3.12/site-packages/pip-26.1.2.dist-info/licenses/src/pip/_vendor/resolvelib) by extensions ['ignore', 'ignore_ament_install']
[2.527s] Level 1:colcon.colcon_core.package_identification:_identify(venv/lib/python3.12/site-packages/pip-26.1.2.dist-info/licenses/src/pip/_vendor/resolvelib) by extension 'ignore'
[2.528s] Level 1:colcon.colcon_core.package_identification:_identify(venv/lib/python3.12/site-packages/pip-26.1.2.dist-info/licenses/src/pip/_vendor/resolvelib) by extension 'ignore_ament_install'
[2.528s] Level 1:colcon.colcon_core.package_identification:_identify(venv/lib/python3.12/site-packages/pip-26.1.2.dist-info/licenses/src/pip/_vendor/resolvelib) by extensions ['colcon_pkg']
[2.528s] Level 1:colcon.colcon_core.package_identification:_identify(venv/lib/python3.12/site-packages/pip-26.1.2.dist-info/licenses/src/pip/_vendor/resolvelib) by extension 'colcon_pkg'
[2.528s] Level 1:colcon.colcon_core.package_identification:_identify(venv/lib/python3.12/site-packages/pip-26.1.2.dist-info/licenses/src/pip/_vendor/resolvelib) by extensions ['colcon_meta']
[2.528s] Level 1:colcon.colcon_core.package_identification:_identify(venv/lib/python3.12/site-packages/pip-26.1.2.dist-info/licenses/src/pip/_vendor/resolvelib) by extension 'colcon_meta'
[2.529s] Level 1:colcon.colcon_core.package_identification:_identify(venv/lib/python3.12/site-packages/pip-26.1.2.dist-info/licenses/src/pip/_vendor/resolvelib) by extensions ['ros']
[2.529s] Level 1:colcon.colcon_core.package_identification:_identify(venv/lib/python3.12/site-packages/pip-26.1.2.dist-info/licenses/src/pip/_vendor/resolvelib) by extension 'ros'
[2.530s] Level 1:colcon.colcon_core.package_identification:_identify(venv/lib/python3.12/site-packages/pip-26.1.2.dist-info/licenses/src/pip/_vendor/resolvelib) by extensions ['cmake', 'python']
[2.530s] Level 1:colcon.colcon_core.package_identification:_identify(venv/lib/python3.12/site-packages/pip-26.1.2.dist-info/licenses/src/pip/_vendor/resolvelib) by extension 'cmake'
[2.530s] Level 1:colcon.colcon_core.package_identification:_identify(venv/lib/python3.12/site-packages/pip-26.1.2.dist-info/licenses/src/pip/_vendor/resolvelib) by extension 'python'
[2.530s] Level 1:colcon.colcon_core.package_identification:_identify(venv/lib/python3.12/site-packages/pip-26.1.2.dist-info/licenses/src/pip/_vendor/resolvelib) by extensions ['python_setup_py']
[2.530s] Level 1:colcon.colcon_core.package_identification:_identify(venv/lib/python3.12/site-packages/pip-26.1.2.dist-info/licenses/src/pip/_vendor/resolvelib) by extension 'python_setup_py'
[2.531s] Level 1:colcon.colcon_core.package_identification:_identify(venv/lib/python3.12/site-packages/pip-26.1.2.dist-info/licenses/src/pip/_vendor/rich) by extensions ['ignore', 'ignore_ament_install']
[2.532s] Level 1:colcon.colcon_core.package_identification:_identify(venv/lib/python3.12/site-packages/pip-26.1.2.dist-info/licenses/src/pip/_vendor/rich) by extension 'ignore'
[2.532s] Level 1:colcon.colcon_core.package_identification:_identify(venv/lib/python3.12/site-packages/pip-26.1.2.dist-info/licenses/src/pip/_vendor/rich) by extension 'ignore_ament_install'
[2.533s] Level 1:colcon.colcon_core.package_identification:_identify(venv/lib/python3.12/site-packages/pip-26.1.2.dist-info/licenses/src/pip/_vendor/rich) by extensions ['colcon_pkg']
[2.533s] Level 1:colcon.colcon_core.package_identification:_identify(venv/lib/python3.12/site-packages/pip-26.1.2.dist-info/licenses/src/pip/_vendor/rich) by extension 'colcon_pkg'
[2.533s] Level 1:colcon.colcon_core.package_identification:_identify(venv/lib/python3.12/site-packages/pip-26.1.2.dist-info/licenses/src/pip/_vendor/rich) by extensions ['colcon_meta']
[2.533s] Level 1:colcon.colcon_core.package_identification:_identify(venv/lib/python3.12/site-packages/pip-26.1.2.dist-info/licenses/src/pip/_vendor/rich) by extension 'colcon_meta'
[2.534s] Level 1:colcon.colcon_core.package_identification:_identify(venv/lib/python3.12/site-packages/pip-26.1.2.dist-info/licenses/src/pip/_vendor/rich) by extensions ['ros']
[2.534s] Level 1:colcon.colcon_core.package_identification:_identify(venv/lib/python3.12/site-packages/pip-26.1.2.dist-info/licenses/src/pip/_vendor/rich) by extension 'ros'
[2.534s] Level 1:colcon.colcon_core.package_identification:_identify(venv/lib/python3.12/site-packages/pip-26.1.2.dist-info/licenses/src/pip/_vendor/rich) by extensions ['cmake', 'python']
[2.534s] Level 1:colcon.colcon_core.package_identification:_identify(venv/lib/python3.12/site-packages/pip-26.1.2.dist-info/licenses/src/pip/_vendor/rich) by extension 'cmake'
[2.534s] Level 1:colcon.colcon_core.package_identification:_identify(venv/lib/python3.12/site-packages/pip-26.1.2.dist-info/licenses/src/pip/_vendor/rich) by extension 'python'
[2.535s] Level 1:colcon.colcon_core.package_identification:_identify(venv/lib/python3.12/site-packages/pip-26.1.2.dist-info/licenses/src/pip/_vendor/rich) by extensions ['python_setup_py']
[2.535s] Level 1:colcon.colcon_core.package_identification:_identify(venv/lib/python3.12/site-packages/pip-26.1.2.dist-info/licenses/src/pip/_vendor/rich) by extension 'python_setup_py'
[2.536s] Level 1:colcon.colcon_core.package_identification:_identify(venv/lib/python3.12/site-packages/pip-26.1.2.dist-info/licenses/src/pip/_vendor/tomli) by extensions ['ignore', 'ignore_ament_install']
[2.536s] Level 1:colcon.colcon_core.package_identification:_identify(venv/lib/python3.12/site-packages/pip-26.1.2.dist-info/licenses/src/pip/_vendor/tomli) by extension 'ignore'
[2.537s] Level 1:colcon.colcon_core.package_identification:_identify(venv/lib/python3.12/site-packages/pip-26.1.2.dist-info/licenses/src/pip/_vendor/tomli) by extension 'ignore_ament_install'
[2.538s] Level 1:colcon.colcon_core.package_identification:_identify(venv/lib/python3.12/site-packages/pip-26.1.2.dist-info/licenses/src/pip/_vendor/tomli) by extensions ['colcon_pkg']
[2.538s] Level 1:colcon.colcon_core.package_identification:_identify(venv/lib/python3.12/site-packages/pip-26.1.2.dist-info/licenses/src/pip/_vendor/tomli) by extension 'colcon_pkg'
[2.538s] Level 1:colcon.colcon_core.package_identification:_identify(venv/lib/python3.12/site-packages/pip-26.1.2.dist-info/licenses/src/pip/_vendor/tomli) by extensions ['colcon_meta']
[2.538s] Level 1:colcon.colcon_core.package_identification:_identify(venv/lib/python3.12/site-packages/pip-26.1.2.dist-info/licenses/src/pip/_vendor/tomli) by extension 'colcon_meta'
[2.539s] Level 1:colcon.colcon_core.package_identification:_identify(venv/lib/python3.12/site-packages/pip-26.1.2.dist-info/licenses/src/pip/_vendor/tomli) by extensions ['ros']
[2.539s] Level 1:colcon.colcon_core.package_identification:_identify(venv/lib/python3.12/site-packages/pip-26.1.2.dist-info/licenses/src/pip/_vendor/tomli) by extension 'ros'
[2.539s] Level 1:colcon.colcon_core.package_identification:_identify(venv/lib/python3.12/site-packages/pip-26.1.2.dist-info/licenses/src/pip/_vendor/tomli) by extensions ['cmake', 'python']
[2.540s] Level 1:colcon.colcon_core.package_identification:_identify(venv/lib/python3.12/site-packages/pip-26.1.2.dist-info/licenses/src/pip/_vendor/tomli) by extension 'cmake'
[2.540s] Level 1:colcon.colcon_core.package_identification:_identify(venv/lib/python3.12/site-packages/pip-26.1.2.dist-info/licenses/src/pip/_vendor/tomli) by extension 'python'
[2.540s] Level 1:colcon.colcon_core.package_identification:_identify(venv/lib/python3.12/site-packages/pip-26.1.2.dist-info/licenses/src/pip/_vendor/tomli) by extensions ['python_setup_py']
[2.540s] Level 1:colcon.colcon_core.package_identification:_identify(venv/lib/python3.12/site-packages/pip-26.1.2.dist-info/licenses/src/pip/_vendor/tomli) by extension 'python_setup_py'
[2.541s] Level 1:colcon.colcon_core.package_identification:_identify(venv/lib/python3.12/site-packages/pip-26.1.2.dist-info/licenses/src/pip/_vendor/tomli_w) by extensions ['ignore', 'ignore_ament_install']
[2.542s] Level 1:colcon.colcon_core.package_identification:_identify(venv/lib/python3.12/site-packages/pip-26.1.2.dist-info/licenses/src/pip/_vendor/tomli_w) by extension 'ignore'
[2.542s] Level 1:colcon.colcon_core.package_identification:_identify(venv/lib/python3.12/site-packages/pip-26.1.2.dist-info/licenses/src/pip/_vendor/tomli_w) by extension 'ignore_ament_install'
[2.543s] Level 1:colcon.colcon_core.package_identification:_identify(venv/lib/python3.12/site-packages/pip-26.1.2.dist-info/licenses/src/pip/_vendor/tomli_w) by extensions ['colcon_pkg']
[2.543s] Level 1:colcon.colcon_core.package_identification:_identify(venv/lib/python3.12/site-packages/pip-26.1.2.dist-info/licenses/src/pip/_vendor/tomli_w) by extension 'colcon_pkg'
[2.543s] Level 1:colcon.colcon_core.package_identification:_identify(venv/lib/python3.12/site-packages/pip-26.1.2.dist-info/licenses/src/pip/_vendor/tomli_w) by extensions ['colcon_meta']
[2.544s] Level 1:colcon.colcon_core.package_identification:_identify(venv/lib/python3.12/site-packages/pip-26.1.2.dist-info/licenses/src/pip/_vendor/tomli_w) by extension 'colcon_meta'
[2.544s] Level 1:colcon.colcon_core.package_identification:_identify(venv/lib/python3.12/site-packages/pip-26.1.2.dist-info/licenses/src/pip/_vendor/tomli_w) by extensions ['ros']
[2.544s] Level 1:colcon.colcon_core.package_identification:_identify(venv/lib/python3.12/site-packages/pip-26.1.2.dist-info/licenses/src/pip/_vendor/tomli_w) by extension 'ros'
[2.545s] Level 1:colcon.colcon_core.package_identification:_identify(venv/lib/python3.12/site-packages/pip-26.1.2.dist-info/licenses/src/pip/_vendor/tomli_w) by extensions ['cmake', 'python']
[2.545s] Level 1:colcon.colcon_core.package_identification:_identify(venv/lib/python3.12/site-packages/pip-26.1.2.dist-info/licenses/src/pip/_vendor/tomli_w) by extension 'cmake'
[2.545s] Level 1:colcon.colcon_core.package_identification:_identify(venv/lib/python3.12/site-packages/pip-26.1.2.dist-info/licenses/src/pip/_vendor/tomli_w) by extension 'python'
[2.546s] Level 1:colcon.colcon_core.package_identification:_identify(venv/lib/python3.12/site-packages/pip-26.1.2.dist-info/licenses/src/pip/_vendor/tomli_w) by extensions ['python_setup_py']
[2.546s] Level 1:colcon.colcon_core.package_identification:_identify(venv/lib/python3.12/site-packages/pip-26.1.2.dist-info/licenses/src/pip/_vendor/tomli_w) by extension 'python_setup_py'
[2.547s] Level 1:colcon.colcon_core.package_identification:_identify(venv/lib/python3.12/site-packages/pip-26.1.2.dist-info/licenses/src/pip/_vendor/truststore) by extensions ['ignore', 'ignore_ament_install']
[2.548s] Level 1:colcon.colcon_core.package_identification:_identify(venv/lib/python3.12/site-packages/pip-26.1.2.dist-info/licenses/src/pip/_vendor/truststore) by extension 'ignore'
[2.548s] Level 1:colcon.colcon_core.package_identification:_identify(venv/lib/python3.12/site-packages/pip-26.1.2.dist-info/licenses/src/pip/_vendor/truststore) by extension 'ignore_ament_install'
[2.548s] Level 1:colcon.colcon_core.package_identification:_identify(venv/lib/python3.12/site-packages/pip-26.1.2.dist-info/licenses/src/pip/_vendor/truststore) by extensions ['colcon_pkg']
[2.548s] Level 1:colcon.colcon_core.package_identification:_identify(venv/lib/python3.12/site-packages/pip-26.1.2.dist-info/licenses/src/pip/_vendor/truststore) by extension 'colcon_pkg'
[2.549s] Level 1:colcon.colcon_core.package_identification:_identify(venv/lib/python3.12/site-packages/pip-26.1.2.dist-info/licenses/src/pip/_vendor/truststore) by extensions ['colcon_meta']
[2.549s] Level 1:colcon.colcon_core.package_identification:_identify(venv/lib/python3.12/site-packages/pip-26.1.2.dist-info/licenses/src/pip/_vendor/truststore) by extension 'colcon_meta'
[2.549s] Level 1:colcon.colcon_core.package_identification:_identify(venv/lib/python3.12/site-packages/pip-26.1.2.dist-info/licenses/src/pip/_vendor/truststore) by extensions ['ros']
[2.549s] Level 1:colcon.colcon_core.package_identification:_identify(venv/lib/python3.12/site-packages/pip-26.1.2.dist-info/licenses/src/pip/_vendor/truststore) by extension 'ros'
[2.550s] Level 1:colcon.colcon_core.package_identification:_identify(venv/lib/python3.12/site-packages/pip-26.1.2.dist-info/licenses/src/pip/_vendor/truststore) by extensions ['cmake', 'python']
[2.550s] Level 1:colcon.colcon_core.package_identification:_identify(venv/lib/python3.12/site-packages/pip-26.1.2.dist-info/licenses/src/pip/_vendor/truststore) by extension 'cmake'
[2.550s] Level 1:colcon.colcon_core.package_identification:_identify(venv/lib/python3.12/site-packages/pip-26.1.2.dist-info/licenses/src/pip/_vendor/truststore) by extension 'python'
[2.550s] Level 1:colcon.colcon_core.package_identification:_identify(venv/lib/python3.12/site-packages/pip-26.1.2.dist-info/licenses/src/pip/_vendor/truststore) by extensions ['python_setup_py']
[2.551s] Level 1:colcon.colcon_core.package_identification:_identify(venv/lib/python3.12/site-packages/pip-26.1.2.dist-info/licenses/src/pip/_vendor/truststore) by extension 'python_setup_py'
[2.552s] Level 1:colcon.colcon_core.package_identification:_identify(venv/lib/python3.12/site-packages/pip-26.1.2.dist-info/licenses/src/pip/_vendor/urllib3) by extensions ['ignore', 'ignore_ament_install']
[2.552s] Level 1:colcon.colcon_core.package_identification:_identify(venv/lib/python3.12/site-packages/pip-26.1.2.dist-info/licenses/src/pip/_vendor/urllib3) by extension 'ignore'
[2.553s] Level 1:colcon.colcon_core.package_identification:_identify(venv/lib/python3.12/site-packages/pip-26.1.2.dist-info/licenses/src/pip/_vendor/urllib3) by extension 'ignore_ament_install'
[2.553s] Level 1:colcon.colcon_core.package_identification:_identify(venv/lib/python3.12/site-packages/pip-26.1.2.dist-info/licenses/src/pip/_vendor/urllib3) by extensions ['colcon_pkg']
[2.553s] Level 1:colcon.colcon_core.package_identification:_identify(venv/lib/python3.12/site-packages/pip-26.1.2.dist-info/licenses/src/pip/_vendor/urllib3) by extension 'colcon_pkg'
[2.553s] Level 1:colcon.colcon_core.package_identification:_identify(venv/lib/python3.12/site-packages/pip-26.1.2.dist-info/licenses/src/pip/_vendor/urllib3) by extensions ['colcon_meta']
[2.553s] Level 1:colcon.colcon_core.package_identification:_identify(venv/lib/python3.12/site-packages/pip-26.1.2.dist-info/licenses/src/pip/_vendor/urllib3) by extension 'colcon_meta'
[2.554s] Level 1:colcon.colcon_core.package_identification:_identify(venv/lib/python3.12/site-packages/pip-26.1.2.dist-info/licenses/src/pip/_vendor/urllib3) by extensions ['ros']
[2.554s] Level 1:colcon.colcon_core.package_identification:_identify(venv/lib/python3.12/site-packages/pip-26.1.2.dist-info/licenses/src/pip/_vendor/urllib3) by extension 'ros'
[2.554s] Level 1:colcon.colcon_core.package_identification:_identify(venv/lib/python3.12/site-packages/pip-26.1.2.dist-info/licenses/src/pip/_vendor/urllib3) by extensions ['cmake', 'python']
[2.555s] Level 1:colcon.colcon_core.package_identification:_identify(venv/lib/python3.12/site-packages/pip-26.1.2.dist-info/licenses/src/pip/_vendor/urllib3) by extension 'cmake'
[2.555s] Level 1:colcon.colcon_core.package_identification:_identify(venv/lib/python3.12/site-packages/pip-26.1.2.dist-info/licenses/src/pip/_vendor/urllib3) by extension 'python'
[2.555s] Level 1:colcon.colcon_core.package_identification:_identify(venv/lib/python3.12/site-packages/pip-26.1.2.dist-info/licenses/src/pip/_vendor/urllib3) by extensions ['python_setup_py']
[2.555s] Level 1:colcon.colcon_core.package_identification:_identify(venv/lib/python3.12/site-packages/pip-26.1.2.dist-info/licenses/src/pip/_vendor/urllib3) by extension 'python_setup_py'
[2.556s] Level 1:colcon.colcon_core.package_discovery:discover_packages(recursive) using defaults
[2.556s] Level 1:colcon.colcon_core.package_discovery:discover_packages(ignore) discover
[2.556s] Level 1:colcon.colcon_core.package_discovery:discover_packages(ignore) using defaults
[2.556s] Level 1:colcon.colcon_core.package_discovery:discover_packages(path) discover
[2.556s] Level 1:colcon.colcon_core.package_discovery:discover_packages(path) using defaults
[2.632s] Level 1:colcon.colcon_core.package_discovery:discover_packages(prefix_path) check parameters
[2.632s] Level 1:colcon.colcon_core.package_discovery:discover_packages(prefix_path) discover
[2.649s] DEBUG:colcon.colcon_installed_package_information.package_discovery:Found 290 installed packages in /opt/ros/jazzy
[2.656s] Level 1:colcon.colcon_core.package_discovery:discover_packages(prefix_path) using defaults
[2.874s] Level 5:colcon.colcon_core.verb:set package 'botzilla_control' build argument 'cmake_args' from command line to '['-DPython3_EXECUTABLE=/usr/bin/python3']'
[2.874s] Level 5:colcon.colcon_core.verb:set package 'botzilla_control' build argument 'cmake_target' from command line to 'None'
[2.875s] Level 5:colcon.colcon_core.verb:set package 'botzilla_control' build argument 'cmake_target_skip_unavailable' from command line to 'False'
[2.875s] Level 5:colcon.colcon_core.verb:set package 'botzilla_control' build argument 'cmake_clean_cache' from command line to 'False'
[2.875s] Level 5:colcon.colcon_core.verb:set package 'botzilla_control' build argument 'cmake_clean_first' from command line to 'False'
[2.875s] Level 5:colcon.colcon_core.verb:set package 'botzilla_control' build argument 'cmake_force_configure' from command line to 'False'
[2.875s] Level 5:colcon.colcon_core.verb:set package 'botzilla_control' build argument 'ament_cmake_args' from command line to 'None'
[2.875s] Level 5:colcon.colcon_core.verb:set package 'botzilla_control' build argument 'catkin_cmake_args' from command line to 'None'
[2.875s] Level 5:colcon.colcon_core.verb:set package 'botzilla_control' build argument 'catkin_skip_building_tests' from command line to 'False'
[2.875s] DEBUG:colcon.colcon_core.verb:Building package 'botzilla_control' with the following arguments: {'ament_cmake_args': None, 'build_base': '/home/nilum/proactive-social-nav/build/botzilla_control', 'catkin_cmake_args': None, 'catkin_skip_building_tests': False, 'cmake_args': ['-DPython3_EXECUTABLE=/usr/bin/python3'], 'cmake_clean_cache': False, 'cmake_clean_first': False, 'cmake_force_configure': False, 'cmake_target': None, 'cmake_target_skip_unavailable': False, 'install_base': '/home/nilum/proactive-social-nav/install/botzilla_control', 'merge_install': False, 'path': '/home/nilum/proactive-social-nav/botzilla_control', 'symlink_install': True, 'test_result_base': None}
[2.877s] Level 5:colcon.colcon_core.verb:set package 'dr_spaam' build argument 'cmake_args' from command line to '['-DPython3_EXECUTABLE=/usr/bin/python3']'
[2.877s] Level 5:colcon.colcon_core.verb:set package 'dr_spaam' build argument 'cmake_target' from command line to 'None'
[2.877s] Level 5:colcon.colcon_core.verb:set package 'dr_spaam' build argument 'cmake_target_skip_unavailable' from command line to 'False'
[2.877s] Level 5:colcon.colcon_core.verb:set package 'dr_spaam' build argument 'cmake_clean_cache' from command line to 'False'
[2.877s] Level 5:colcon.colcon_core.verb:set package 'dr_spaam' build argument 'cmake_clean_first' from command line to 'False'
[2.877s] Level 5:colcon.colcon_core.verb:set package 'dr_spaam' build argument 'cmake_force_configure' from command line to 'False'
[2.878s] Level 5:colcon.colcon_core.verb:set package 'dr_spaam' build argument 'ament_cmake_args' from command line to 'None'
[2.878s] Level 5:colcon.colcon_core.verb:set package 'dr_spaam' build argument 'catkin_cmake_args' from command line to 'None'
[2.878s] Level 5:colcon.colcon_core.verb:set package 'dr_spaam' build argument 'catkin_skip_building_tests' from command line to 'False'
[2.878s] DEBUG:colcon.colcon_core.verb:Building package 'dr_spaam' with the following arguments: {'ament_cmake_args': None, 'build_base': '/home/nilum/proactive-social-nav/build/dr_spaam', 'catkin_cmake_args': None, 'catkin_skip_building_tests': False, 'cmake_args': ['-DPython3_EXECUTABLE=/usr/bin/python3'], 'cmake_clean_cache': False, 'cmake_clean_first': False, 'cmake_force_configure': False, 'cmake_target': None, 'cmake_target_skip_unavailable': False, 'install_base': '/home/nilum/proactive-social-nav/install/dr_spaam', 'merge_install': False, 'path': '/home/nilum/proactive-social-nav/dr_spaam', 'symlink_install': True, 'test_result_base': None}
[2.879s] Level 5:colcon.colcon_core.verb:set package 'dr_spaam_ros' build argument 'cmake_args' from command line to '['-DPython3_EXECUTABLE=/usr/bin/python3']'
[2.880s] Level 5:colcon.colcon_core.verb:set package 'dr_spaam_ros' build argument 'cmake_target' from command line to 'None'
[2.880s] Level 5:colcon.colcon_core.verb:set package 'dr_spaam_ros' build argument 'cmake_target_skip_unavailable' from command line to 'False'
[2.880s] Level 5:colcon.colcon_core.verb:set package 'dr_spaam_ros' build argument 'cmake_clean_cache' from command line to 'False'
[2.880s] Level 5:colcon.colcon_core.verb:set package 'dr_spaam_ros' build argument 'cmake_clean_first' from command line to 'False'
[2.880s] Level 5:colcon.colcon_core.verb:set package 'dr_spaam_ros' build argument 'cmake_force_configure' from command line to 'False'
[2.880s] Level 5:colcon.colcon_core.verb:set package 'dr_spaam_ros' build argument 'ament_cmake_args' from command line to 'None'
[2.880s] Level 5:colcon.colcon_core.verb:set package 'dr_spaam_ros' build argument 'catkin_cmake_args' from command line to 'None'
[2.880s] Level 5:colcon.colcon_core.verb:set package 'dr_spaam_ros' build argument 'catkin_skip_building_tests' from command line to 'False'
[2.880s] DEBUG:colcon.colcon_core.verb:Building package 'dr_spaam_ros' with the following arguments: {'ament_cmake_args': None, 'build_base': '/home/nilum/proactive-social-nav/build/dr_spaam_ros', 'catkin_cmake_args': None, 'catkin_skip_building_tests': False, 'cmake_args': ['-DPython3_EXECUTABLE=/usr/bin/python3'], 'cmake_clean_cache': False, 'cmake_clean_first': False, 'cmake_force_configure': False, 'cmake_target': None, 'cmake_target_skip_unavailable': False, 'install_base': '/home/nilum/proactive-social-nav/install/dr_spaam_ros', 'merge_install': False, 'path': '/home/nilum/proactive-social-nav/dr_spaam_ros', 'symlink_install': True, 'test_result_base': None}
[2.881s] Level 5:colcon.colcon_core.verb:set package 'ldlidar_stl_ros2' build argument 'cmake_args' from command line to '['-DPython3_EXECUTABLE=/usr/bin/python3']'
[2.882s] Level 5:colcon.colcon_core.verb:set package 'ldlidar_stl_ros2' build argument 'cmake_target' from command line to 'None'
[2.882s] Level 5:colcon.colcon_core.verb:set package 'ldlidar_stl_ros2' build argument 'cmake_target_skip_unavailable' from command line to 'False'
[2.882s] Level 5:colcon.colcon_core.verb:set package 'ldlidar_stl_ros2' build argument 'cmake_clean_cache' from command line to 'False'
[2.882s] Level 5:colcon.colcon_core.verb:set package 'ldlidar_stl_ros2' build argument 'cmake_clean_first' from command line to 'False'
[2.882s] Level 5:colcon.colcon_core.verb:set package 'ldlidar_stl_ros2' build argument 'cmake_force_configure' from command line to 'False'
[2.882s] Level 5:colcon.colcon_core.verb:set package 'ldlidar_stl_ros2' build argument 'ament_cmake_args' from command line to 'None'
[2.882s] Level 5:colcon.colcon_core.verb:set package 'ldlidar_stl_ros2' build argument 'catkin_cmake_args' from command line to 'None'
[2.882s] Level 5:colcon.colcon_core.verb:set package 'ldlidar_stl_ros2' build argument 'catkin_skip_building_tests' from command line to 'False'
[2.883s] DEBUG:colcon.colcon_core.verb:Building package 'ldlidar_stl_ros2' with the following arguments: {'ament_cmake_args': None, 'build_base': '/home/nilum/proactive-social-nav/build/ldlidar_stl_ros2', 'catkin_cmake_args': None, 'catkin_skip_building_tests': False, 'cmake_args': ['-DPython3_EXECUTABLE=/usr/bin/python3'], 'cmake_clean_cache': False, 'cmake_clean_first': False, 'cmake_force_configure': False, 'cmake_target': None, 'cmake_target_skip_unavailable': False, 'install_base': '/home/nilum/proactive-social-nav/install/ldlidar_stl_ros2', 'merge_install': False, 'path': '/home/nilum/proactive-social-nav/ros2_ws/src/ldlidar_stl_ros2', 'symlink_install': True, 'test_result_base': None}
[2.884s] Level 5:colcon.colcon_core.verb:set package 'proactive_nav_msgs' build argument 'cmake_args' from command line to '['-DPython3_EXECUTABLE=/usr/bin/python3']'
[2.884s] Level 5:colcon.colcon_core.verb:set package 'proactive_nav_msgs' build argument 'cmake_target' from command line to 'None'
[2.884s] Level 5:colcon.colcon_core.verb:set package 'proactive_nav_msgs' build argument 'cmake_target_skip_unavailable' from command line to 'False'
[2.884s] Level 5:colcon.colcon_core.verb:set package 'proactive_nav_msgs' build argument 'cmake_clean_cache' from command line to 'False'
[2.884s] Level 5:colcon.colcon_core.verb:set package 'proactive_nav_msgs' build argument 'cmake_clean_first' from command line to 'False'
[2.885s] Level 5:colcon.colcon_core.verb:set package 'proactive_nav_msgs' build argument 'cmake_force_configure' from command line to 'False'
[2.885s] Level 5:colcon.colcon_core.verb:set package 'proactive_nav_msgs' build argument 'ament_cmake_args' from command line to 'None'
[2.885s] Level 5:colcon.colcon_core.verb:set package 'proactive_nav_msgs' build argument 'catkin_cmake_args' from command line to 'None'
[2.885s] Level 5:colcon.colcon_core.verb:set package 'proactive_nav_msgs' build argument 'catkin_skip_building_tests' from command line to 'False'
[2.885s] DEBUG:colcon.colcon_core.verb:Building package 'proactive_nav_msgs' with the following arguments: {'ament_cmake_args': None, 'build_base': '/home/nilum/proactive-social-nav/build/proactive_nav_msgs', 'catkin_cmake_args': None, 'catkin_skip_building_tests': False, 'cmake_args': ['-DPython3_EXECUTABLE=/usr/bin/python3'], 'cmake_clean_cache': False, 'cmake_clean_first': False, 'cmake_force_configure': False, 'cmake_target': None, 'cmake_target_skip_unavailable': False, 'install_base': '/home/nilum/proactive-social-nav/install/proactive_nav_msgs', 'merge_install': False, 'path': '/home/nilum/proactive-social-nav/proactive_nav_msgs', 'symlink_install': True, 'test_result_base': None}
[2.886s] Level 5:colcon.colcon_core.verb:set package 'dr_spaam_ros2' build argument 'cmake_args' from command line to '['-DPython3_EXECUTABLE=/usr/bin/python3']'
[2.887s] Level 5:colcon.colcon_core.verb:set package 'dr_spaam_ros2' build argument 'cmake_target' from command line to 'None'
[2.887s] Level 5:colcon.colcon_core.verb:set package 'dr_spaam_ros2' build argument 'cmake_target_skip_unavailable' from command line to 'False'
[2.887s] Level 5:colcon.colcon_core.verb:set package 'dr_spaam_ros2' build argument 'cmake_clean_cache' from command line to 'False'
[2.887s] Level 5:colcon.colcon_core.verb:set package 'dr_spaam_ros2' build argument 'cmake_clean_first' from command line to 'False'
[2.887s] Level 5:colcon.colcon_core.verb:set package 'dr_spaam_ros2' build argument 'cmake_force_configure' from command line to 'False'
[2.887s] Level 5:colcon.colcon_core.verb:set package 'dr_spaam_ros2' build argument 'ament_cmake_args' from command line to 'None'
[2.887s] Level 5:colcon.colcon_core.verb:set package 'dr_spaam_ros2' build argument 'catkin_cmake_args' from command line to 'None'
[2.887s] Level 5:colcon.colcon_core.verb:set package 'dr_spaam_ros2' build argument 'catkin_skip_building_tests' from command line to 'False'
[2.887s] DEBUG:colcon.colcon_core.verb:Building package 'dr_spaam_ros2' with the following arguments: {'ament_cmake_args': None, 'build_base': '/home/nilum/proactive-social-nav/build/dr_spaam_ros2', 'catkin_cmake_args': None, 'catkin_skip_building_tests': False, 'cmake_args': ['-DPython3_EXECUTABLE=/usr/bin/python3'], 'cmake_clean_cache': False, 'cmake_clean_first': False, 'cmake_force_configure': False, 'cmake_target': None, 'cmake_target_skip_unavailable': False, 'install_base': '/home/nilum/proactive-social-nav/install/dr_spaam_ros2', 'merge_install': False, 'path': '/home/nilum/proactive-social-nav/dr_spaam_ros2', 'symlink_install': True, 'test_result_base': None}
[2.888s] Level 5:colcon.colcon_core.verb:set package 'lidar_grpc_bridge' build argument 'cmake_args' from command line to '['-DPython3_EXECUTABLE=/usr/bin/python3']'
[2.889s] Level 5:colcon.colcon_core.verb:set package 'lidar_grpc_bridge' build argument 'cmake_target' from command line to 'None'
[2.889s] Level 5:colcon.colcon_core.verb:set package 'lidar_grpc_bridge' build argument 'cmake_target_skip_unavailable' from command line to 'False'
[2.889s] Level 5:colcon.colcon_core.verb:set package 'lidar_grpc_bridge' build argument 'cmake_clean_cache' from command line to 'False'
[2.889s] Level 5:colcon.colcon_core.verb:set package 'lidar_grpc_bridge' build argument 'cmake_clean_first' from command line to 'False'
[2.889s] Level 5:colcon.colcon_core.verb:set package 'lidar_grpc_bridge' build argument 'cmake_force_configure' from command line to 'False'
[2.889s] Level 5:colcon.colcon_core.verb:set package 'lidar_grpc_bridge' build argument 'ament_cmake_args' from command line to 'None'
[2.889s] Level 5:colcon.colcon_core.verb:set package 'lidar_grpc_bridge' build argument 'catkin_cmake_args' from command line to 'None'
[2.889s] Level 5:colcon.colcon_core.verb:set package 'lidar_grpc_bridge' build argument 'catkin_skip_building_tests' from command line to 'False'
[2.890s] DEBUG:colcon.colcon_core.verb:Building package 'lidar_grpc_bridge' with the following arguments: {'ament_cmake_args': None, 'build_base': '/home/nilum/proactive-social-nav/build/lidar_grpc_bridge', 'catkin_cmake_args': None, 'catkin_skip_building_tests': False, 'cmake_args': ['-DPython3_EXECUTABLE=/usr/bin/python3'], 'cmake_clean_cache': False, 'cmake_clean_first': False, 'cmake_force_configure': False, 'cmake_target': None, 'cmake_target_skip_unavailable': False, 'install_base': '/home/nilum/proactive-social-nav/install/lidar_grpc_bridge', 'merge_install': False, 'path': '/home/nilum/proactive-social-nav/lidar_grpc_bridge', 'symlink_install': True, 'test_result_base': None}
[2.891s] Level 5:colcon.colcon_core.verb:set package 'lidar_grpc_client' build argument 'cmake_args' from command line to '['-DPython3_EXECUTABLE=/usr/bin/python3']'
[2.891s] Level 5:colcon.colcon_core.verb:set package 'lidar_grpc_client' build argument 'cmake_target' from command line to 'None'
[2.891s] Level 5:colcon.colcon_core.verb:set package 'lidar_grpc_client' build argument 'cmake_target_skip_unavailable' from command line to 'False'
[2.891s] Level 5:colcon.colcon_core.verb:set package 'lidar_grpc_client' build argument 'cmake_clean_cache' from command line to 'False'
[2.891s] Level 5:colcon.colcon_core.verb:set package 'lidar_grpc_client' build argument 'cmake_clean_first' from command line to 'False'
[2.891s] Level 5:colcon.colcon_core.verb:set package 'lidar_grpc_client' build argument 'cmake_force_configure' from command line to 'False'
[2.892s] Level 5:colcon.colcon_core.verb:set package 'lidar_grpc_client' build argument 'ament_cmake_args' from command line to 'None'
[2.892s] Level 5:colcon.colcon_core.verb:set package 'lidar_grpc_client' build argument 'catkin_cmake_args' from command line to 'None'
[2.892s] Level 5:colcon.colcon_core.verb:set package 'lidar_grpc_client' build argument 'catkin_skip_building_tests' from command line to 'False'
[2.892s] DEBUG:colcon.colcon_core.verb:Building package 'lidar_grpc_client' with the following arguments: {'ament_cmake_args': None, 'build_base': '/home/nilum/proactive-social-nav/build/lidar_grpc_client', 'catkin_cmake_args': None, 'catkin_skip_building_tests': False, 'cmake_args': ['-DPython3_EXECUTABLE=/usr/bin/python3'], 'cmake_clean_cache': False, 'cmake_clean_first': False, 'cmake_force_configure': False, 'cmake_target': None, 'cmake_target_skip_unavailable': False, 'install_base': '/home/nilum/proactive-social-nav/install/lidar_grpc_client', 'merge_install': False, 'path': '/home/nilum/proactive-social-nav/lidar_grpc_client', 'symlink_install': True, 'test_result_base': None}
[2.892s] INFO:colcon.colcon_core.executor:Executing jobs using 'parallel' executor
[2.895s] DEBUG:colcon.colcon_parallel_executor.executor.parallel:run_until_complete
[2.896s] INFO:colcon.colcon_ros.task.ament_cmake.build:Building ROS package in '/home/nilum/proactive-social-nav/proactive_nav_msgs' with build type 'ament_cmake'
[2.897s] INFO:colcon.colcon_cmake.task.cmake.build:Building CMake package in '/home/nilum/proactive-social-nav/proactive_nav_msgs'
[2.907s] INFO:colcon.colcon_core.plugin_system:Skipping extension 'colcon_core.shell.bat': Not used on non-Windows systems
[2.909s] INFO:colcon.colcon_core.shell:Skip shell extension 'powershell' for command environment: Not usable outside of PowerShell
[2.909s] DEBUG:colcon.colcon_core.shell:Skip shell extension 'dsv' for command environment
[2.927s] INFO:colcon.colcon_ros.task.ament_python.build:Building ROS package in '/home/nilum/proactive-social-nav/botzilla_control' with build type 'ament_python'
[2.928s] Level 1:colcon.colcon_core.shell:create_environment_hook('botzilla_control', 'ament_prefix_path')
[2.929s] INFO:colcon.colcon_core.shell:Creating environment hook '/home/nilum/proactive-social-nav/install/botzilla_control/share/botzilla_control/hook/ament_prefix_path.ps1'
[2.932s] INFO:colcon.colcon_core.shell:Creating environment descriptor '/home/nilum/proactive-social-nav/install/botzilla_control/share/botzilla_control/hook/ament_prefix_path.dsv'
[2.935s] INFO:colcon.colcon_core.shell:Creating environment hook '/home/nilum/proactive-social-nav/install/botzilla_control/share/botzilla_control/hook/ament_prefix_path.sh'
[2.939s] INFO:colcon.colcon_core.shell:Skip shell extension 'powershell' for command environment: Not usable outside of PowerShell
[2.939s] DEBUG:colcon.colcon_core.shell:Skip shell extension 'dsv' for command environment
[2.956s] INFO:colcon.colcon_core.task.python.build:Building Python package in '/home/nilum/proactive-social-nav/dr_spaam'
[2.957s] INFO:colcon.colcon_core.shell:Skip shell extension 'powershell' for command environment: Not usable outside of PowerShell
[2.958s] DEBUG:colcon.colcon_core.shell:Skip shell extension 'dsv' for command environment
[2.976s] INFO:colcon.colcon_ros.task.catkin.build:Building ROS package in '/home/nilum/proactive-social-nav/dr_spaam_ros' with build type 'catkin'
[2.977s] INFO:colcon.colcon_cmake.task.cmake.build:Building CMake package in '/home/nilum/proactive-social-nav/dr_spaam_ros'
[2.978s] INFO:colcon.colcon_core.shell:Skip shell extension 'powershell' for command environment: Not usable outside of PowerShell
[2.978s] DEBUG:colcon.colcon_core.shell:Skip shell extension 'dsv' for command environment
[3.015s] DEBUG:colcon.colcon_core.event_handler.log_command:Invoking command in '/home/nilum/proactive-social-nav/build/proactive_nav_msgs': CMAKE_PREFIX_PATH=${CMAKE_PREFIX_PATH}:/opt/ros/jazzy DEBUGINFOD_URLS=https://debuginfod.ubuntu.com /usr/bin/cmake /home/nilum/proactive-social-nav/proactive_nav_msgs -DPython3_EXECUTABLE=/usr/bin/python3 -DAMENT_CMAKE_SYMLINK_INSTALL=1 -DCMAKE_INSTALL_PREFIX=/home/nilum/proactive-social-nav/install/proactive_nav_msgs
[4.304s] INFO:colcon.colcon_core.task.python.build:Building Python package in '/home/nilum/proactive-social-nav/botzilla_control'
[4.305s] INFO:colcon.colcon_core.shell:Skip shell extension 'powershell' for command environment: Not usable outside of PowerShell
[4.305s] DEBUG:colcon.colcon_core.shell:Skip shell extension 'dsv' for command environment
[5.064s] DEBUG:colcon.colcon_parallel_executor.executor.parallel:run_until_complete was interrupted
[5.064s] DEBUG:colcon.colcon_parallel_executor.executor.parallel:run_until_complete again
[5.085s] DEBUG:colcon.colcon_parallel_executor.executor.parallel:run_until_complete finished
[5.086s] DEBUG:colcon.colcon_parallel_executor.executor.parallel:closing loop
[5.087s] DEBUG:colcon.colcon_parallel_executor.executor.parallel:loop closed
[5.087s] DEBUG:colcon.colcon_core.event_reactor:joining thread
[5.090s] DEBUG:colcon.colcon_core.event_reactor:joined thread
[5.091s] INFO:colcon.colcon_core.shell:Creating prefix script '/home/nilum/proactive-social-nav/install/local_setup.ps1'
[5.094s] INFO:colcon.colcon_core.shell:Creating prefix util module '/home/nilum/proactive-social-nav/install/_local_setup_util_ps1.py'
[5.099s] INFO:colcon.colcon_core.shell:Creating prefix chain script '/home/nilum/proactive-social-nav/install/setup.ps1'
[5.103s] INFO:colcon.colcon_core.shell:Creating prefix script '/home/nilum/proactive-social-nav/install/local_setup.sh'
[5.106s] INFO:colcon.colcon_core.shell:Creating prefix util module '/home/nilum/proactive-social-nav/install/_local_setup_util_sh.py'
[5.108s] INFO:colcon.colcon_core.shell:Creating prefix chain script '/home/nilum/proactive-social-nav/install/setup.sh'
[5.112s] INFO:colcon.colcon_core.shell:Creating prefix script '/home/nilum/proactive-social-nav/install/local_setup.bash'
[5.114s] INFO:colcon.colcon_core.shell:Creating prefix chain script '/home/nilum/proactive-social-nav/install/setup.bash'
[5.117s] INFO:colcon.colcon_core.shell:Creating prefix script '/home/nilum/proactive-social-nav/install/local_setup.zsh'
[5.119s] INFO:colcon.colcon_core.shell:Creating prefix chain script '/home/nilum/proactive-social-nav/install/setup.zsh'
