id,timestamp,circles
29923,1398693944.7536898,[]
29924,1398693944.7936988,[]
29925,1398693944.7937207,[]
29926,1398693944.8336544,[]
29927,1398693944.840804,[]
29928,1398693944.877675,[]
29929,1398693944.9176545,[]
29930,1398693944.917681,[]
29931,1398693944.9576898,[]
29932,1398693944.9657137,[]
29933,1398693945.0057404,[]
29934,1398693945.0458133,[]
29935,1398693945.0458446,[]
29936,1398693945.0856888,[]
29937,1398693945.0910804,[]
29938,1398693945.129774,[]
29939,1398693945.169743,[]
29940,1398693945.1697736,[{'idp': 1, 'x': 9.541, 'y': 0.397, 'r': 0.4, 'type': 1}, {'idp': 2, 'x': 9.332, 'y': 1.106, 'r': 0.4, 'type': 1}]
29941,1398693945.2097805,[{'idp': 1, 'x': 9.497, 'y': 0.54, 'r': 0.4, 'type': 1}, {'idp': 2, 'x': 9.291, 'y': 1.035, 'r': 0.4, 'type': 1}]
29942,1398693945.2153542,[{'idp': 1, 'x': 9.439, 'y': 0.537, 'r': 0.4, 'type': 1}, {'idp': 2, 'x': 9.284, 'y': 1.038, 'r': 0.4, 'type': 1}]
29943,1398693945.2537115,[{'idp': 1, 'x': 9.438, 'y': 0.504, 'r': 0.4, 'type': 1}, {'idp': 2, 'x': 9.268, 'y': 1.017, 'r': 0.4, 'type': 1}]
29944,1398693945.2937038,[{'idp': 1, 'x': 9.401, 'y': 0.461, 'r': 0.4, 'type': 1}, {'idp': 2, 'x': 9.27, 'y': 1.003, 'r': 0.4, 'type': 1}]
29945,1398693945.2937357,[{'idp': 1, 'x': 9.376, 'y': 0.471, 'r': 0.4, 'type': 1}, {'idp': 2, 'x': 9.257, 'y': 0.951, 'r': 0.4, 'type': 1}]
29946,1398693945.3336978,[{'idp': 1, 'x': 9.329, 'y': 0.51, 'r': 0.4, 'type': 1}, {'idp': 2, 'x': 9.244, 'y': 0.909, 'r': 0.4, 'type': 1}]
29947,1398693945.3400936,[{'idp': 1, 'x': 9.285, 'y': 0.527, 'r': 0.4, 'type': 1}, {'idp': 2, 'x': 9.204, 'y': 0.885, 'r': 0.4, 'type': 1}]
29948,1398693945.3777275,[{'idp': 1, 'x': 9.241, 'y': 0.525, 'r': 0.4, 'type': 1}, {'idp': 2, 'x': 9.167, 'y': 0.881, 'r': 0.4, 'type': 1}]
29949,1398693945.4177744,[{'idp': 1, 'x': 9.212, 'y': 0.584, 'r': 0.4, 'type': 1}, {'idp': 2, 'x': 9.135, 'y': 0.878, 'r': 0.4, 'type': 1}]
29950,1398693945.4178026,[{'idp': 1, 'x': 9.155, 'y': 0.621, 'r': 0.4, 'type': 1}, {'idp': 2, 'x': 9.096, 'y': 0.854, 'r': 0.4, 'type': 1}]
29951,1398693945.4576945,[{'idp': 1, 'x': 9.1, 'y': 0.637, 'r': 0.4, 'type': 1}, {'idp': 2, 'x': 9.057, 'y': 0.851, 'r': 0.4, 'type': 1}]
29952,1398693945.4651716,[{'idp': 1, 'x': 9.023, 'y': 0.631, 'r': 0.4, 'type': 1}, {'idp': 2, 'x': 8.982, 'y': 0.848, 'r': 0.4, 'type': 1}]
29953,1398693945.5017264,[{'idp': 1, 'x': 9.021, 'y': 0.62, 'r': 0.4, 'type': 1}, {'idp': 2, 'x': 8.963, 'y': 0.831, 'r': 0.4, 'type': 1}]
29954,1398693945.5417762,[{'idp': 1, 'x': 9.123, 'y': 0.48, 'r': 0.4, 'type': 1}, {'idp': 2, 'x': 8.789, 'y': 1.148, 'r': 0.4, 'type': 1}]
29955,1398693945.5418057,[{'idp': 1, 'x': 8.955, 'y': 0.568, 'r': 0.4, 'type': 1}, {'idp': 2, 'x': 8.766, 'y': 1.116, 'r': 0.4, 'type': 1}]
29956,1398693945.5817504,[{'idp': 1, 'x': 8.919, 'y': 0.582, 'r': 0.4, 'type': 1}, {'idp': 2, 'x': 8.76, 'y': 1.076, 'r': 0.4, 'type': 1}]
29957,1398693945.5892355,[{'idp': 1, 'x': 8.881, 'y': 0.597, 'r': 0.4, 'type': 1}, {'idp': 2, 'x': 8.739, 'y': 1.028, 'r': 0.4, 'type': 1}]
29958,1398693945.6257322,[{'idp': 1, 'x': 8.855, 'y': 0.595, 'r': 0.4, 'type': 1}, {'idp': 2, 'x': 8.733, 'y': 0.979, 'r': 0.4, 'type': 1}]
29959,1398693945.6656928,[{'idp': 1, 'x': 8.832, 'y': 0.601, 'r': 0.4, 'type': 1}, {'idp': 2, 'x': 8.713, 'y': 1.003, 'r': 0.4, 'type': 1}]
29960,1398693945.6657171,[{'idp': 1, 'x': 8.812, 'y': 0.6, 'r': 0.4, 'type': 1}, {'idp': 2, 'x': 8.681, 'y': 1.024, 'r': 0.4, 'type': 1}]
29961,1398693945.7058692,[{'idp': 1, 'x': 8.779, 'y': 0.613, 'r': 0.4, 'type': 1}, {'idp': 2, 'x': 8.671, 'y': 0.987, 'r': 0.4, 'type': 1}]
29962,1398693945.7137911,[{'idp': 1, 'x': 8.767, 'y': 0.612, 'r': 0.4, 'type': 1}, {'idp': 2, 'x': 8.665, 'y': 0.987, 'r': 0.4, 'type': 1}]
29963,1398693945.7536755,[{'idp': 1, 'x': 8.769, 'y': 0.603, 'r': 0.4, 'type': 1}, {'idp': 2, 'x': 8.654, 'y': 0.999, 'r': 0.4, 'type': 1}]
29964,1398693945.7936704,[{'idp': 1, 'x': 8.761, 'y': 0.618, 'r': 0.4, 'type': 1}, {'idp': 2, 'x': 8.644, 'y': 0.993, 'r': 0.4, 'type': 1}]
29965,1398693945.7937007,[{'idp': 1, 'x': 8.73, 'y': 0.615, 'r': 0.4, 'type': 1}, {'idp': 2, 'x': 8.601, 'y': 0.988, 'r': 0.4, 'type': 1}]
29966,1398693945.8336875,[{'idp': 1, 'x': 8.67, 'y': 0.564, 'r': 0.4, 'type': 1}, {'idp': 2, 'x': 8.532, 'y': 1.019, 'r': 0.4, 'type': 1}]
29967,1398693945.8384335,[{'idp': 1, 'x': 8.633, 'y': 0.546, 'r': 0.4, 'type': 1}, {'idp': 2, 'x': 8.471, 'y': 0.985, 'r': 0.4, 'type': 1}]
29968,1398693945.8776903,[{'idp': 1, 'x': 8.631, 'y': 0.547, 'r': 0.4, 'type': 1}, {'idp': 2, 'x': 8.473, 'y': 0.961, 'r': 0.4, 'type': 1}]
29969,1398693945.9177582,[{'idp': 1, 'x': 8.591, 'y': 0.581, 'r': 0.4, 'type': 1}, {'idp': 2, 'x': 8.449, 'y': 0.952, 'r': 0.4, 'type': 1}]
29970,1398693945.9177759,[{'idp': 1, 'x': 8.569, 'y': 0.561, 'r': 0.4, 'type': 1}, {'idp': 2, 'x': 8.411, 'y': 0.956, 'r': 0.4, 'type': 1}]
29971,1398693945.9576938,[{'idp': 1, 'x': 8.526, 'y': 0.558, 'r': 0.4, 'type': 1}, {'idp': 2, 'x': 8.362, 'y': 0.972, 'r': 0.4, 'type': 1}]
29972,1398693945.9631765,[{'idp': 1, 'x': 8.49, 'y': 0.556, 'r': 0.4, 'type': 1}, {'idp': 2, 'x': 8.329, 'y': 0.959, 'r': 0.4, 'type': 1}]
29973,1398693946.0016713,[{'idp': 1, 'x': 8.466, 'y': 0.535, 'r': 0.4, 'type': 1}, {'idp': 2, 'x': 8.281, 'y': 0.963, 'r': 0.4, 'type': 1}]
29974,1398693946.0416574,[{'idp': 1, 'x': 8.431, 'y': 0.533, 'r': 0.4, 'type': 1}, {'idp': 2, 'x': 8.252, 'y': 0.984, 'r': 0.4, 'type': 1}]
29975,1398693946.0416913,[{'idp': 1, 'x': 8.396, 'y': 0.568, 'r': 0.4, 'type': 1}, {'idp': 2, 'x': 8.212, 'y': 1.004, 'r': 0.4, 'type': 1}]
29976,1398693946.081683,[{'idp': 1, 'x': 8.364, 'y': 0.584, 'r': 0.4, 'type': 1}, {'idp': 2, 'x': 8.179, 'y': 1.0, 'r': 0.4, 'type': 1}]
29977,1398693946.0884619,[{'idp': 1, 'x': 8.32, 'y': 0.599, 'r': 0.4, 'type': 1}, {'idp': 2, 'x': 8.132, 'y': 1.055, 'r': 0.4, 'type': 1}]
29978,1398693946.1257691,[{'idp': 1, 'x': 8.29, 'y': 0.579, 'r': 0.4, 'type': 1}, {'idp': 2, 'x': 8.107, 'y': 1.085, 'r': 0.4, 'type': 1}]
29979,1398693946.1657085,[{'idp': 1, 'x': 8.268, 'y': 0.614, 'r': 0.4, 'type': 1}, {'idp': 2, 'x': 8.091, 'y': 1.084, 'r': 0.4, 'type': 1}]
29980,1398693946.1657336,[{'idp': 1, 'x': 8.221, 'y': 0.593, 'r': 0.4, 'type': 1}, {'idp': 2, 'x': 8.048, 'y': 1.113, 'r': 0.4, 'type': 1}]
29981,1398693946.20573,[{'idp': 1, 'x': 8.19, 'y': 0.627, 'r': 0.4, 'type': 1}, {'idp': 2, 'x': 7.999, 'y': 1.145, 'r': 0.4, 'type': 1}]
29982,1398693946.2123306,[{'idp': 1, 'x': 8.159, 'y': 0.624, 'r': 0.4, 'type': 1}, {'idp': 2, 'x': 7.958, 'y': 1.172, 'r': 0.4, 'type': 1}]
29983,1398693946.2496493,[{'idp': 1, 'x': 8.106, 'y': 0.656, 'r': 0.4, 'type': 1}, {'idp': 2, 'x': 7.924, 'y': 1.183, 'r': 0.4, 'type': 1}]
29984,1398693946.2897484,[{'idp': 1, 'x': 8.062, 'y': 0.677, 'r': 0.4, 'type': 1}, {'idp': 2, 'x': 7.876, 'y': 1.194, 'r': 0.4, 'type': 1}]
29985,1398693946.2897768,[{'idp': 1, 'x': 8.015, 'y': 0.631, 'r': 0.4, 'type': 1}, {'idp': 2, 'x': 7.798, 'y': 1.219, 'r': 0.4, 'type': 1}]
29986,1398693946.3297417,[{'idp': 1, 'x': 7.981, 'y': 0.629, 'r': 0.4, 'type': 1}, {'idp': 2, 'x': 7.743, 'y': 1.21, 'r': 0.4, 'type': 1}]
29987,1398693946.336885,[{'idp': 1, 'x': 7.973, 'y': 0.656, 'r': 0.4, 'type': 1}, {'idp': 2, 'x': 7.739, 'y': 1.208, 'r': 0.4, 'type': 1}]
29988,1398693946.3736908,[{'idp': 1, 'x': 7.934, 'y': 0.703, 'r': 0.4, 'type': 1}, {'idp': 2, 'x': 7.756, 'y': 1.167, 'r': 0.4, 'type': 1}]
29989,1398693946.413628,[{'idp': 1, 'x': 7.903, 'y': 0.761, 'r': 0.4, 'type': 1}, {'idp': 2, 'x': 7.756, 'y': 1.14, 'r': 0.4, 'type': 1}]
29990,1398693946.4136455,[{'idp': 1, 'x': 7.867, 'y': 0.758, 'r': 0.4, 'type': 1}, {'idp': 2, 'x': 7.731, 'y': 1.119, 'r': 0.4, 'type': 1}]
29991,1398693946.4537022,[{'idp': 1, 'x': 7.851, 'y': 0.715, 'r': 0.4, 'type': 1}, {'idp': 2, 'x': 7.674, 'y': 1.164, 'r': 0.4, 'type': 1}]
29992,1398693946.4618278,[{'idp': 1, 'x': 7.823, 'y': 0.722, 'r': 0.4, 'type': 1}, {'idp': 2, 'x': 7.647, 'y': 1.163, 'r': 0.4, 'type': 1}]
29993,1398693946.5016658,[{'idp': 1, 'x': 7.787, 'y': 0.759, 'r': 0.4, 'type': 1}, {'idp': 2, 'x': 7.611, 'y': 1.158, 'r': 0.4, 'type': 1}]
29994,1398693946.5417056,[{'idp': 1, 'x': 7.759, 'y': 0.756, 'r': 0.4, 'type': 1}, {'idp': 2, 'x': 7.557, 'y': 1.19, 'r': 0.4, 'type': 1}]
29995,1398693946.5417376,[{'idp': 1, 'x': 7.733, 'y': 0.753, 'r': 0.4, 'type': 1}, {'idp': 2, 'x': 7.507, 'y': 1.205, 'r': 0.4, 'type': 1}]
29996,1398693946.5818315,[{'idp': 1, 'x': 7.712, 'y': 0.736, 'r': 0.4, 'type': 1}, {'idp': 2, 'x': 7.456, 'y': 1.214, 'r': 0.4, 'type': 1}]
29997,1398693946.5865972,[{'idp': 1, 'x': 7.677, 'y': 0.733, 'r': 0.4, 'type': 1}, {'idp': 2, 'x': 7.417, 'y': 1.208, 'r': 0.4, 'type': 1}]
29998,1398693946.625729,[{'idp': 1, 'x': 7.627, 'y': 0.751, 'r': 0.4, 'type': 1}, {'idp': 2, 'x': 7.391, 'y': 1.22, 'r': 0.4, 'type': 1}]
29999,1398693946.6657014,[{'idp': 1, 'x': 7.62, 'y': 0.685, 'r': 0.4, 'type': 1}, {'idp': 2, 'x': 7.296, 'y': 1.32, 'r': 0.4, 'type': 1}]
30000,1398693946.665733,[{'idp': 1, 'x': 7.586, 'y': 0.698, 'r': 0.4, 'type': 1}, {'idp': 2, 'x': 7.249, 'y': 1.295, 'r': 0.4, 'type': 1}]
30001,1398693946.705722,[{'idp': 1, 'x': 7.541, 'y': 0.711, 'r': 0.4, 'type': 1}, {'idp': 2, 'x': 7.221, 'y': 1.339, 'r': 0.4, 'type': 1}]
30002,1398693946.711852,[{'idp': 1, 'x': 7.496, 'y': 0.723, 'r': 0.4, 'type': 1}, {'idp': 2, 'x': 7.171, 'y': 1.329, 'r': 0.4, 'type': 1}]
30003,1398693946.7496808,[{'idp': 1, 'x': 7.449, 'y': 0.686, 'r': 0.4, 'type': 1}, {'idp': 2, 'x': 7.155, 'y': 1.294, 'r': 0.4, 'type': 1}]
30004,1398693946.7896628,[{'idp': 1, 'x': 7.411, 'y': 0.699, 'r': 0.4, 'type': 1}, {'idp': 2, 'x': 7.123, 'y': 1.304, 'r': 0.4, 'type': 1}]
30005,1398693946.789689,[{'idp': 1, 'x': 7.364, 'y': 0.694, 'r': 0.4, 'type': 1}, {'idp': 2, 'x': 7.085, 'y': 1.313, 'r': 0.4, 'type': 1}]
30006,1398693946.8297486,[{'idp': 1, 'x': 7.315, 'y': 0.69, 'r': 0.4, 'type': 1}, {'idp': 2, 'x': 7.05, 'y': 1.322, 'r': 0.4, 'type': 1}]
30007,1398693946.836599,[{'idp': 1, 'x': 7.283, 'y': 0.686, 'r': 0.4, 'type': 1}, {'idp': 2, 'x': 7.03, 'y': 1.351, 'r': 0.4, 'type': 1}]
30008,1398693946.873702,[{'idp': 1, 'x': 7.249, 'y': 0.715, 'r': 0.4, 'type': 1}, {'idp': 2, 'x': 7.001, 'y': 1.361, 'r': 0.4, 'type': 1}]
30009,1398693946.913713,[{'idp': 1, 'x': 7.213, 'y': 0.728, 'r': 0.4, 'type': 1}, {'idp': 2, 'x': 6.966, 'y': 1.338, 'r': 0.4, 'type': 1}]
30010,1398693946.913744,[{'idp': 1, 'x': 7.167, 'y': 0.723, 'r': 0.4, 'type': 1}, {'idp': 2, 'x': 6.931, 'y': 1.331, 'r': 0.4, 'type': 1}]
30011,1398693946.9537525,[{'idp': 1, 'x': 7.125, 'y': 0.718, 'r': 0.4, 'type': 1}, {'idp': 2, 'x': 6.886, 'y': 1.338, 'r': 0.4, 'type': 1}]
30012,1398693946.9612272,[{'idp': 1, 'x': 7.078, 'y': 0.729, 'r': 0.4, 'type': 1}, {'idp': 2, 'x': 6.863, 'y': 1.349, 'r': 0.4, 'type': 1}]
30013,1398693946.9977162,[{'idp': 1, 'x': 7.041, 'y': 0.74, 'r': 0.4, 'type': 1}, {'idp': 2, 'x': 6.83, 'y': 1.358, 'r': 0.4, 'type': 1}]
30014,1398693947.0376806,[{'idp': 1, 'x': 7.012, 'y': 0.784, 'r': 0.4, 'type': 1}, {'idp': 2, 'x': 6.825, 'y': 1.325, 'r': 0.4, 'type': 1}]
30015,1398693947.0377104,[{'idp': 1, 'x': 6.988, 'y': 0.749, 'r': 0.4, 'type': 1}, {'idp': 2, 'x': 6.769, 'y': 1.343, 'r': 0.4, 'type': 1}]
30016,1398693947.0777302,[{'idp': 1, 'x': 6.924, 'y': 0.772, 'r': 0.4, 'type': 1}, {'idp': 2, 'x': 6.739, 'y': 1.296, 'r': 0.4, 'type': 1}]
30017,1398693947.0869746,[{'idp': 1, 'x': 6.927, 'y': 0.727, 'r': 0.4, 'type': 1}, {'idp': 2, 'x': 6.716, 'y': 1.333, 'r': 0.4, 'type': 1}]
30018,1398693947.125741,[{'idp': 1, 'x': 6.883, 'y': 0.722, 'r': 0.4, 'type': 1}, {'idp': 2, 'x': 6.666, 'y': 1.371, 'r': 0.4, 'type': 1}]
30019,1398693947.16568,[{'idp': 1, 'x': 6.877, 'y': 0.768, 'r': 0.4, 'type': 1}, {'idp': 2, 'x': 6.621, 'y': 1.376, 'r': 0.4, 'type': 1}]
30020,1398693947.165706,[{'idp': 1, 'x': 6.858, 'y': 0.766, 'r': 0.4, 'type': 1}, {'idp': 2, 'x': 6.586, 'y': 1.399, 'r': 0.4, 'type': 1}]
30021,1398693947.2057142,[{'idp': 1, 'x': 6.818, 'y': 0.76, 'r': 0.4, 'type': 1}, {'idp': 2, 'x': 6.573, 'y': 1.397, 'r': 0.4, 'type': 1}, {'idp': 3, 'x': 9.582, 'y': 0.146, 'r': 0.4, 'type': 1}]
30022,1398693947.2108545,[{'idp': 1, 'x': 6.792, 'y': 0.773, 'r': 0.4, 'type': 1}, {'idp': 2, 'x': 6.523, 'y': 1.416, 'r': 0.4, 'type': 1}, {'idp': 3, 'x': 9.511, 'y': 0.125, 'r': 0.4, 'type': 1}]
30023,1398693947.2497885,[{'idp': 1, 'x': 6.768, 'y': 0.755, 'r': 0.4, 'type': 1}, {'idp': 2, 'x': 6.494, 'y': 1.41, 'r': 0.4, 'type': 1}, {'idp': 3, 'x': 9.499, 'y': 0.104, 'r': 0.4, 'type': 1}]
30024,1398693947.2896705,[{'idp': 1, 'x': 6.753, 'y': 0.753, 'r': 0.4, 'type': 1}, {'idp': 2, 'x': 6.464, 'y': 1.403, 'r': 0.4, 'type': 1}, {'idp': 3, 'x': 9.453, 'y': 0.083, 'r': 0.4, 'type': 1}]
30025,1398693947.2897012,[{'idp': 1, 'x': 6.708, 'y': 0.748, 'r': 0.4, 'type': 1}, {'idp': 2, 'x': 6.42, 'y': 1.409, 'r': 0.4, 'type': 1}, {'idp': 3, 'x': 9.417, 'y': 0.082, 'r': 0.4, 'type': 1}]
30026,1398693947.3296745,[{'idp': 1, 'x': 6.68, 'y': 0.745, 'r': 0.4, 'type': 1}, {'idp': 2, 'x': 6.376, 'y': 1.399, 'r': 0.4, 'type': 1}, {'idp': 3, 'x': 9.361, 'y': 0.082, 'r': 0.4, 'type': 1}]
30027,1398693947.335982,[{'idp': 1, 'x': 6.617, 'y': 0.767, 'r': 0.4, 'type': 1}, {'idp': 2, 'x': 6.332, 'y': 1.404, 'r': 0.4, 'type': 1}, {'idp': 3, 'x': 9.317, 'y': 0.102, 'r': 0.4, 'type': 1}]
30028,1398693947.3737311,[{'idp': 1, 'x': 6.578, 'y': 0.762, 'r': 0.4, 'type': 1}, {'idp': 2, 'x': 6.282, 'y': 1.407, 'r': 0.4, 'type': 1}, {'idp': 3, 'x': 9.251, 'y': 0.101, 'r': 0.4, 'type': 1}]
30029,1398693947.4136877,[{'idp': 1, 'x': 6.53, 'y': 0.786, 'r': 0.4, 'type': 1}, {'idp': 2, 'x': 6.231, 'y': 1.425, 'r': 0.4, 'type': 1}, {'idp': 3, 'x': 9.193, 'y': 0.12, 'r': 0.4, 'type': 1}]
30030,1398693947.413717,[{'idp': 1, 'x': 6.477, 'y': 0.808, 'r': 0.4, 'type': 1}, {'idp': 2, 'x': 6.183, 'y': 1.428, 'r': 0.4, 'type': 1}, {'idp': 3, 'x': 9.151, 'y': 0.079, 'r': 0.4, 'type': 1}]
30031,1398693947.4537048,[{'idp': 1, 'x': 6.424, 'y': 0.816, 'r': 0.4, 'type': 1}, {'idp': 2, 'x': 6.149, 'y': 1.449, 'r': 0.4, 'type': 1}, {'idp': 3, 'x': 9.11, 'y': 0.079, 'r': 0.4, 'type': 1}]
30032,1398693947.4608994,[{'idp': 1, 'x': 6.354, 'y': 0.822, 'r': 0.4, 'type': 1}, {'idp': 2, 'x': 6.102, 'y': 1.438, 'r': 0.4, 'type': 1}, {'idp': 3, 'x': 9.073, 'y': 0.078, 'r': 0.4, 'type': 1}]
30033,1398693947.4976778,[{'idp': 1, 'x': 6.327, 'y': 0.805, 'r': 0.4, 'type': 1}, {'idp': 2, 'x': 6.083, 'y': 1.433, 'r': 0.4, 'type': 1}, {'idp': 3, 'x': 9.001, 'y': 0.098, 'r': 0.4, 'type': 1}]
30034,1398693947.5376956,[{'idp': 1, 'x': 6.292, 'y': 0.787, 'r': 0.4, 'type': 1}, {'idp': 2, 'x': 6.056, 'y': 1.467, 'r': 0.4, 'type': 1}, {'idp': 3, 'x': 8.955, 'y': 0.097, 'r': 0.4, 'type': 1}]
30035,1398693947.5377722,[{'idp': 1, 'x': 6.267, 'y': 0.812, 'r': 0.4, 'type': 1}, {'idp': 2, 'x': 6.047, 'y': 1.533, 'r': 0.4, 'type': 1}, {'idp': 3, 'x': 8.907, 'y': 0.116, 'r': 0.4, 'type': 1}]
30036,1398693947.5777314,[{'idp': 1, 'x': 6.236, 'y': 0.836, 'r': 0.4, 'type': 1}, {'idp': 2, 'x': 6.024, 'y': 1.598, 'r': 0.4, 'type': 1}, {'idp': 3, 'x': 8.88, 'y': 0.135, 'r': 0.4, 'type': 1}]
30037,1398693947.5860193,[{'idp': 1, 'x': 6.208, 'y': 0.832, 'r': 0.4, 'type': 1}, {'idp': 2, 'x': 5.998, 'y': 1.633, 'r': 0.4, 'type': 1}, {'idp': 3, 'x': 8.849, 'y': 0.115, 'r': 0.4, 'type': 1}]
30038,1398693947.6256542,[{'idp': 1, 'x': 6.15, 'y': 0.824, 'r': 0.4, 'type': 1}, {'idp': 2, 'x': 5.982, 'y': 1.654, 'r': 0.4, 'type': 1}, {'idp': 3, 'x': 8.801, 'y': 0.114, 'r': 0.4, 'type': 1}]
30039,1398693947.6656792,[{'idp': 1, 'x': 6.131, 'y': 0.808, 'r': 0.4, 'type': 1}, {'idp': 2, 'x': 5.951, 'y': 1.663, 'r': 0.4, 'type': 1}, {'idp': 3, 'x': 8.752, 'y': 0.094, 'r': 0.4, 'type': 1}]
30040,1398693947.665711,[{'idp': 1, 'x': 6.089, 'y': 0.816, 'r': 0.4, 'type': 1}, {'idp': 2, 'x': 5.928, 'y': 1.655, 'r': 0.4, 'type': 1}, {'idp': 3, 'x': 8.706, 'y': 0.094, 'r': 0.4, 'type': 1}]
30041,1398693947.705752,[{'idp': 1, 'x': 6.058, 'y': 0.826, 'r': 0.4, 'type': 1}, {'idp': 2, 'x': 5.888, 'y': 1.656, 'r': 0.4, 'type': 1}, {'idp': 3, 'x': 8.664, 'y': 0.094, 'r': 0.4, 'type': 1}]
30042,1398693947.7108843,[{'idp': 1, 'x': 6.036, 'y': 0.836, 'r': 0.4, 'type': 1}, {'idp': 2, 'x': 5.865, 'y': 1.682, 'r': 0.4, 'type': 1}, {'idp': 3, 'x': 8.62, 'y': 0.093, 'r': 0.4, 'type': 1}]
30043,1398693947.749682,[{'idp': 1, 'x': 6.015, 'y': 0.833, 'r': 0.4, 'type': 1}, {'idp': 2, 'x': 5.827, 'y': 1.687, 'r': 0.4, 'type': 1}, {'idp': 3, 'x': 8.584, 'y': 0.093, 'r': 0.4, 'type': 1}]
30044,1398693947.789686,[{'idp': 1, 'x': 5.987, 'y': 0.843, 'r': 0.4, 'type': 1}, {'idp': 2, 'x': 5.778, 'y': 1.671, 'r': 0.4, 'type': 1}, {'idp': 3, 'x': 8.527, 'y': 0.092, 'r': 0.4, 'type': 1}]
30045,1398693947.7897182,[{'idp': 1, 'x': 5.968, 'y': 0.84, 'r': 0.4, 'type': 1}, {'idp': 2, 'x': 5.752, 'y': 1.678, 'r': 0.4, 'type': 1}, {'idp': 3, 'x': 8.465, 'y': 0.092, 'r': 0.4, 'type': 1}]
30046,1398693947.8297489,[{'idp': 1, 'x': 5.938, 'y': 0.862, 'r': 0.4, 'type': 1}, {'idp': 2, 'x': 5.739, 'y': 1.703, 'r': 0.4, 'type': 1}, {'idp': 3, 'x': 8.407, 'y': 0.11, 'r': 0.4, 'type': 1}]
30047,1398693947.835482,[{'idp': 1, 'x': 5.902, 'y': 0.871, 'r': 0.4, 'type': 1}, {'idp': 2, 'x': 5.682, 'y': 1.716, 'r': 0.4, 'type': 1}, {'idp': 3, 'x': 8.357, 'y': 0.182, 'r': 0.4, 'type': 1}]
30048,1398693947.87372,[{'idp': 1, 'x': 5.862, 'y': 0.864, 'r': 0.4, 'type': 1}, {'idp': 2, 'x': 5.647, 'y': 1.717, 'r': 0.4, 'type': 1}, {'idp': 3, 'x': 8.307, 'y': 0.145, 'r': 0.4, 'type': 1}]
30049,1398693947.9138184,[{'idp': 1, 'x': 5.839, 'y': 0.874, 'r': 0.4, 'type': 1}, {'idp': 2, 'x': 5.616, 'y': 1.738, 'r': 0.4, 'type': 1}, {'idp': 3, 'x': 8.233, 'y': 0.144, 'r': 0.4, 'type': 1}]
30050,1398693947.9138403,[{'idp': 1, 'x': 5.795, 'y': 0.855, 'r': 0.4, 'type': 1}, {'idp': 2, 'x': 5.586, 'y': 1.76, 'r': 0.4, 'type': 1}, {'idp': 3, 'x': 8.184, 'y': 0.125, 'r': 0.4, 'type': 1}]
30051,1398693947.953766,[{'idp': 1, 'x': 5.749, 'y': 0.861, 'r': 0.4, 'type': 1}, {'idp': 2, 'x': 5.571, 'y': 1.771, 'r': 0.4, 'type': 1}, {'idp': 3, 'x': 8.12, 'y': 0.142, 'r': 0.4, 'type': 1}]
30052,1398693947.9612262,[{'idp': 1, 'x': 5.704, 'y': 0.867, 'r': 0.4, 'type': 1}, {'idp': 2, 'x': 5.553, 'y': 1.79, 'r': 0.4, 'type': 1}, {'idp': 3, 'x': 8.074, 'y': 0.159, 'r': 0.4, 'type': 1}]
30053,1398693947.9976764,[{'idp': 1, 'x': 5.654, 'y': 0.872, 'r': 0.4, 'type': 1}, {'idp': 2, 'x': 5.54, 'y': 1.815, 'r': 0.4, 'type': 1}, {'idp': 3, 'x': 8.06, 'y': 0.176, 'r': 0.4, 'type': 1}]
30054,1398693948.0376499,[{'idp': 1, 'x': 5.622, 'y': 0.879, 'r': 0.4, 'type': 1}, {'idp': 2, 'x': 5.365, 'y': 1.441, 'r': 0.4, 'type': 1}, {'idp': 3, 'x': 8.03, 'y': 0.21, 'r': 0.4, 'type': 1}]
30055,1398693948.0376778,[{'idp': 1, 'x': 5.574, 'y': 0.884, 'r': 0.4, 'type': 1}, {'idp': 2, 'x': 5.374, 'y': 1.439, 'r': 0.4, 'type': 1}, {'idp': 3, 'x': 8.002, 'y': 0.209, 'r': 0.4, 'type': 1}]
30056,1398693948.0777395,[{'idp': 1, 'x': 5.544, 'y': 0.88, 'r': 0.4, 'type': 1}, {'idp': 2, 'x': 5.35, 'y': 1.432, 'r': 0.4, 'type': 1}, {'idp': 3, 'x': 7.941, 'y': 0.207, 'r': 0.4, 'type': 1}]
30057,1398693948.0852282,[{'idp': 1, 'x': 5.504, 'y': 0.861, 'r': 0.4, 'type': 1}, {'idp': 2, 'x': 5.326, 'y': 1.426, 'r': 0.4, 'type': 1}, {'idp': 3, 'x': 7.894, 'y': 0.206, 'r': 0.4, 'type': 1}]
30058,1398693948.1217008,[{'idp': 1, 'x': 5.464, 'y': 0.879, 'r': 0.4, 'type': 1}, {'idp': 2, 'x': 5.298, 'y': 1.443, 'r': 0.4, 'type': 1}, {'idp': 3, 'x': 7.853, 'y': 0.205, 'r': 0.4, 'type': 1}]
30059,1398693948.1617067,[{'idp': 1, 'x': 5.418, 'y': 0.883, 'r': 0.4, 'type': 1}, {'idp': 2, 'x': 5.285, 'y': 1.411, 'r': 0.4, 'type': 1}, {'idp': 3, 'x': 7.799, 'y': 0.238, 'r': 0.4, 'type': 1}]
30060,1398693948.161737,[{'idp': 1, 'x': 5.378, 'y': 0.889, 'r': 0.4, 'type': 1}, {'idp': 2, 'x': 5.272, 'y': 1.382, 'r': 0.4, 'type': 1}, {'idp': 3, 'x': 7.751, 'y': 0.236, 'r': 0.4, 'type': 1}, {'idp': 4, 'x': 7.328, 'y': 0.814, 'r': 0.4, 'type': 1}]
30061,1398693948.2017312,[{'idp': 1, 'x': 5.361, 'y': 0.898, 'r': 0.4, 'type': 1}, {'idp': 2, 'x': 5.257, 'y': 1.335, 'r': 0.4, 'type': 1}, {'idp': 3, 'x': 7.715, 'y': 0.235, 'r': 0.4, 'type': 1}, {'idp': 4, 'x': 7.344, 'y': 0.772, 'r': 0.4, 'type': 1}]
30062,1398693948.2099683,[{'idp': 1, 'x': 5.326, 'y': 0.892, 'r': 0.4, 'type': 1}, {'idp': 2, 'x': 5.223, 'y': 1.309, 'r': 0.4, 'type': 1}, {'idp': 3, 'x': 7.631, 'y': 0.234, 'r': 0.4, 'type': 1}, {'idp': 4, 'x': 7.312, 'y': 0.768, 'r': 0.4, 'type': 1}]
30063,1398693948.2496893,[{'idp': 1, 'x': 5.282, 'y': 0.884, 'r': 0.4, 'type': 1}, {'idp': 2, 'x': 5.178, 'y': 1.295, 'r': 0.4, 'type': 1}, {'idp': 3, 'x': 7.581, 'y': 0.216, 'r': 0.4, 'type': 1}, {'idp': 4, 'x': 7.284, 'y': 0.721, 'r': 0.4, 'type': 1}]
30064,1398693948.2898908,[{'idp': 1, 'x': 5.248, 'y': 0.89, 'r': 0.4, 'type': 1}, {'idp': 2, 'x': 5.144, 'y': 1.287, 'r': 0.4, 'type': 1}, {'idp': 3, 'x': 7.545, 'y': 0.214, 'r': 0.4, 'type': 1}, {'idp': 4, 'x': 7.264, 'y': 0.71, 'r': 0.4, 'type': 1}]
30065,1398693948.2899208,[{'idp': 1, 'x': 5.216, 'y': 0.884, 'r': 0.4, 'type': 1}, {'idp': 2, 'x': 5.103, 'y': 1.277, 'r': 0.4, 'type': 1}, {'idp': 3, 'x': 7.51, 'y': 0.213, 'r': 0.4, 'type': 1}, {'idp': 4, 'x': 7.247, 'y': 0.684, 'r': 0.4, 'type': 1}]
30066,1398693948.3296993,[{'idp': 1, 'x': 5.174, 'y': 0.9, 'r': 0.4, 'type': 1}, {'idp': 2, 'x': 5.048, 'y': 1.287, 'r': 0.4, 'type': 1}, {'idp': 3, 'x': 7.484, 'y': 0.195, 'r': 0.4, 'type': 1}, {'idp': 4, 'x': 7.207, 'y': 0.681, 'r': 0.4, 'type': 1}]
30067,1398693948.340764,[{'idp': 1, 'x': 5.138, 'y': 0.893, 'r': 0.4, 'type': 1}, {'idp': 2, 'x': 5.013, 'y': 1.277, 'r': 0.4, 'type': 1}, {'idp': 3, 'x': 7.441, 'y': 0.194, 'r': 0.4, 'type': 1}, {'idp': 4, 'x': 7.176, 'y': 0.678, 'r': 0.4, 'type': 1}]
30068,1398693948.3776574,[{'idp': 1, 'x': 5.109, 'y': 0.886, 'r': 0.4, 'type': 1}, {'idp': 2, 'x': 4.968, 'y': 1.316, 'r': 0.4, 'type': 1}, {'idp': 3, 'x': 7.403, 'y': 0.193, 'r': 0.4, 'type': 1}, {'idp': 4, 'x': 7.129, 'y': 0.674, 'r': 0.4, 'type': 1}]
30069,1398693948.4176636,[{'idp': 1, 'x': 5.096, 'y': 0.897, 'r': 0.4, 'type': 1}, {'idp': 2, 'x': 4.936, 'y': 1.323, 'r': 0.4, 'type': 1}, {'idp': 3, 'x': 7.377, 'y': 0.144, 'r': 0.4, 'type': 1}, {'idp': 4, 'x': 7.045, 'y': 0.752, 'r': 0.4, 'type': 1}]
30070,1398693948.4176803,[{'idp': 1, 'x': 5.075, 'y': 0.892, 'r': 0.4, 'type': 1}, {'idp': 2, 'x': 4.873, 'y': 1.288, 'r': 0.4, 'type': 1}, {'idp': 3, 'x': 7.341, 'y': 0.16, 'r': 0.4, 'type': 1}, {'idp': 4, 'x': 6.983, 'y': 0.781, 'r': 0.4, 'type': 1}]
30071,1398693948.4577708,[{'idp': 1, 'x': 5.043, 'y': 0.899, 'r': 0.4, 'type': 1}, {'idp': 2, 'x': 4.841, 'y': 1.277, 'r': 0.4, 'type': 1}, {'idp': 3, 'x': 7.31, 'y': 0.159, 'r': 0.4, 'type': 1}, {'idp': 4, 'x': 6.965, 'y': 0.794, 'r': 0.4, 'type': 1}]
30072,1398693948.4591277,[{'idp': 1, 'x': 5.016, 'y': 0.894, 'r': 0.4, 'type': 1}, {'idp': 2, 'x': 4.807, 'y': 1.285, 'r': 0.4, 'type': 1}, {'idp': 3, 'x': 7.264, 'y': 0.142, 'r': 0.4, 'type': 1}, {'idp': 4, 'x': 6.939, 'y': 0.807, 'r': 0.4, 'type': 1}]
30073,1398693948.4977465,[{'idp': 1, 'x': 4.994, 'y': 0.903, 'r': 0.4, 'type': 1}, {'idp': 2, 'x': 4.779, 'y': 1.262, 'r': 0.4, 'type': 1}, {'idp': 3, 'x': 7.225, 'y': 0.141, 'r': 0.4, 'type': 1}, {'idp': 4, 'x': 6.907, 'y': 0.803, 'r': 0.4, 'type': 1}]
30074,1398693948.537689,[{'idp': 1, 'x': 4.956, 'y': 0.906, 'r': 0.4, 'type': 1}, {'idp': 2, 'x': 4.745, 'y': 1.262, 'r': 0.4, 'type': 1}, {'idp': 3, 'x': 7.185, 'y': 0.14, 'r': 0.4, 'type': 1}, {'idp': 4, 'x': 6.88, 'y': 0.8, 'r': 0.4, 'type': 1}]
30075,1398693948.5377192,[{'idp': 1, 'x': 4.928, 'y': 0.901, 'r': 0.4, 'type': 1}, {'idp': 2, 'x': 4.698, 'y': 1.242, 'r': 0.4, 'type': 1}, {'idp': 3, 'x': 7.125, 'y': 0.139, 'r': 0.4, 'type': 1}, {'idp': 4, 'x': 6.851, 'y': 0.796, 'r': 0.4, 'type': 1}]
30076,1398693948.5777209,[{'idp': 1, 'x': 4.892, 'y': 0.894, 'r': 0.4, 'type': 1}, {'idp': 2, 'x': 4.662, 'y': 1.232, 'r': 0.4, 'type': 1}, {'idp': 3, 'x': 7.095, 'y': 0.122, 'r': 0.4, 'type': 1}, {'idp': 4, 'x': 6.804, 'y': 0.791, 'r': 0.4, 'type': 1}]
30077,1398693948.5836015,[{'idp': 1, 'x': 4.861, 'y': 0.91, 'r': 0.4, 'type': 1}, {'idp': 2, 'x': 4.656, 'y': 1.202, 'r': 0.4, 'type': 1}, {'idp': 3, 'x': 7.014, 'y': 0.166, 'r': 0.4, 'type': 1}, {'idp': 4, 'x': 6.768, 'y': 0.742, 'r': 0.4, 'type': 1}]
30078,1398693948.6216977,[{'idp': 1, 'x': 4.808, 'y': 0.901, 'r': 0.4, 'type': 1}, {'idp': 2, 'x': 4.447, 'y': 1.482, 'r': 0.4, 'type': 1}, {'idp': 3, 'x': 6.951, 'y': 0.196, 'r': 0.4, 'type': 1}, {'idp': 4, 'x': 6.745, 'y': 0.687, 'r': 0.4, 'type': 1}]
30079,1398693948.6616771,[{'idp': 1, 'x': 4.767, 'y': 0.926, 'r': 0.4, 'type': 1}, {'idp': 2, 'x': 4.444, 'y': 1.466, 'r': 0.4, 'type': 1}, {'idp': 3, 'x': 6.914, 'y': 0.21, 'r': 0.4, 'type': 1}, {'idp': 4, 'x': 6.732, 'y': 0.66, 'r': 0.4, 'type': 1}]
30080,1398693948.661707,[{'idp': 1, 'x': 4.725, 'y': 0.918, 'r': 0.4, 'type': 1}, {'idp': 2, 'x': 4.413, 'y': 1.456, 'r': 0.4, 'type': 1}, {'idp': 3, 'x': 6.86, 'y': 0.223, 'r': 0.4, 'type': 1}, {'idp': 4, 'x': 6.686, 'y': 0.627, 'r': 0.4, 'type': 1}]
30081,1398693948.7017531,[{'idp': 1, 'x': 4.689, 'y': 0.922, 'r': 0.4, 'type': 1}, {'idp': 2, 'x': 4.41, 'y': 1.455, 'r': 0.4, 'type': 1}, {'idp': 3, 'x': 6.816, 'y': 0.207, 'r': 0.4, 'type': 1}, {'idp': 4, 'x': 6.652, 'y': 0.609, 'r': 0.4, 'type': 1}]
30082,1398693948.7080944,[{'idp': 1, 'x': 4.649, 'y': 0.914, 'r': 0.4, 'type': 1}, {'idp': 2, 'x': 4.402, 'y': 1.432, 'r': 0.4, 'type': 1}, {'idp': 3, 'x': 6.768, 'y': 0.205, 'r': 0.4, 'type': 1}, {'idp': 4, 'x': 6.601, 'y': 0.589, 'r': 0.4, 'type': 1}]
30083,1398693948.7456884,[{'idp': 1, 'x': 4.605, 'y': 0.926, 'r': 0.4, 'type': 1}, {'idp': 2, 'x': 4.394, 'y': 1.396, 'r': 0.4, 'type': 1}, {'idp': 3, 'x': 6.726, 'y': 0.219, 'r': 0.4, 'type': 1}, {'idp': 4, 'x': 6.561, 'y': 0.586, 'r': 0.4, 'type': 1}]
30084,1398693948.7856615,[{'idp': 1, 'x': 4.559, 'y': 0.938, 'r': 0.4, 'type': 1}, {'idp': 2, 'x': 4.394, 'y': 1.334, 'r': 0.4, 'type': 1}, {'idp': 3, 'x': 6.684, 'y': 0.233, 'r': 0.4, 'type': 1}, {'idp': 4, 'x': 6.528, 'y': 0.582, 'r': 0.4, 'type': 1}]
30085,1398693948.7856934,[{'idp': 1, 'x': 4.546, 'y': 0.925, 'r': 0.4, 'type': 1}, {'idp': 2, 'x': 4.388, 'y': 1.277, 'r': 0.4, 'type': 1}, {'idp': 3, 'x': 6.632, 'y': 0.231, 'r': 0.4, 'type': 1}, {'idp': 4, 'x': 6.481, 'y': 0.564, 'r': 0.4, 'type': 1}]
30086,1398693948.8257031,[{'idp': 1, 'x': 4.512, 'y': 0.918, 'r': 0.4, 'type': 1}, {'idp': 2, 'x': 4.357, 'y': 1.241, 'r': 0.4, 'type': 1}, {'idp': 3, 'x': 6.568, 'y': 0.229, 'r': 0.4, 'type': 1}, {'idp': 4, 'x': 6.443, 'y': 0.561, 'r': 0.4, 'type': 1}]
30087,1398693948.8326328,[{'idp': 1, 'x': 4.46, 'y': 0.898, 'r': 0.4, 'type': 1}, {'idp': 2, 'x': 4.328, 'y': 1.206, 'r': 0.4, 'type': 1}, {'idp': 3, 'x': 6.535, 'y': 0.179, 'r': 0.4, 'type': 1}, {'idp': 4, 'x': 6.393, 'y': 0.575, 'r': 0.4, 'type': 1}]
30088,1398693948.8697457,[{'idp': 1, 'x': 4.424, 'y': 0.891, 'r': 0.4, 'type': 1}, {'idp': 2, 'x': 4.301, 'y': 1.177, 'r': 0.4, 'type': 1}, {'idp': 3, 'x': 6.495, 'y': 0.171, 'r': 0.4, 'type': 1}, {'idp': 4, 'x': 6.334, 'y': 0.604, 'r': 0.4, 'type': 1}]
30089,1398693948.9096675,[{'idp': 1, 'x': 4.387, 'y': 0.904, 'r': 0.4, 'type': 1}, {'idp': 2, 'x': 3.946, 'y': 1.608, 'r': 0.4, 'type': 1}, {'idp': 3, 'x': 6.454, 'y': 0.198, 'r': 0.4, 'type': 1}, {'idp': 4, 'x': 6.298, 'y': 0.63, 'r': 0.4, 'type': 1}]
30090,1398693948.9096982,[{'idp': 1, 'x': 4.369, 'y': 0.911, 'r': 0.4, 'type': 1}, {'idp': 2, 'x': 4.059, 'y': 1.458, 'r': 0.4, 'type': 1}, {'idp': 3, 'x': 6.438, 'y': 0.294, 'r': 0.4, 'type': 1}, {'idp': 4, 'x': 6.274, 'y': 0.628, 'r': 0.4, 'type': 1}]
30091,1398693948.9496977,[{'idp': 1, 'x': 4.342, 'y': 0.925, 'r': 0.4, 'type': 1}, {'idp': 2, 'x': 4.023, 'y': 1.465, 'r': 0.4, 'type': 1}, {'idp': 3, 'x': 6.386, 'y': 0.293, 'r': 0.4, 'type': 1}, {'idp': 4, 'x': 6.219, 'y': 0.626, 'r': 0.4, 'type': 1}]
30092,1398693948.956935,[{'idp': 1, 'x': 4.322, 'y': 0.92, 'r': 0.4, 'type': 1}, {'idp': 2, 'x': 3.986, 'y': 1.461, 'r': 0.4, 'type': 1}, {'idp': 3, 'x': 6.334, 'y': 0.331, 'r': 0.4, 'type': 1}, {'idp': 4, 'x': 6.202, 'y': 0.607, 'r': 0.4, 'type': 1}]
30093,1398693948.9937737,[{'idp': 1, 'x': 4.305, 'y': 0.917, 'r': 0.4, 'type': 1}, {'idp': 2, 'x': 3.957, 'y': 1.46, 'r': 0.4, 'type': 1}, {'idp': 3, 'x': 6.285, 'y': 0.337, 'r': 0.4, 'type': 1}, {'idp': 4, 'x': 6.173, 'y': 0.58, 'r': 0.4, 'type': 1}]
30094,1398693949.033668,[{'idp': 1, 'x': 4.294, 'y': 0.925, 'r': 0.4, 'type': 1}, {'idp': 2, 'x': 3.923, 'y': 1.467, 'r': 0.4, 'type': 1}, {'idp': 3, 'x': 6.236, 'y': 0.35, 'r': 0.4, 'type': 1}, {'idp': 4, 'x': 6.153, 'y': 0.549, 'r': 0.4, 'type': 1}]
30095,1398693949.0336983,[{'idp': 1, 'x': 4.268, 'y': 0.939, 'r': 0.4, 'type': 1}, {'idp': 2, 'x': 3.886, 'y': 1.462, 'r': 0.4, 'type': 1}, {'idp': 3, 'x': 6.206, 'y': 0.378, 'r': 0.4, 'type': 1}, {'idp': 4, 'x': 6.145, 'y': 0.522, 'r': 0.4, 'type': 1}]
30096,1398693949.0737736,[{'idp': 1, 'x': 4.253, 'y': 0.945, 'r': 0.4, 'type': 1}, {'idp': 2, 'x': 3.853, 'y': 1.459, 'r': 0.4, 'type': 1}, {'idp': 3, 'x': 6.242, 'y': 0.188, 'r': 0.4, 'type': 1}, {'idp': 4, 'x': 5.908, 'y': 0.939, 'r': 0.4, 'type': 1}]
30097,1398693949.081988,[{'idp': 1, 'x': 4.234, 'y': 0.95, 'r': 0.4, 'type': 1}, {'idp': 2, 'x': 3.836, 'y': 1.462, 'r': 0.4, 'type': 1}, {'idp': 3, 'x': 6.156, 'y': 0.309, 'r': 0.4, 'type': 1}, {'idp': 4, 'x': 5.945, 'y': 0.781, 'r': 0.4, 'type': 1}]
30098,1398693949.1217005,[{'idp': 1, 'x': 4.201, 'y': 0.943, 'r': 0.4, 'type': 1}, {'idp': 2, 'x': 3.812, 'y': 1.447, 'r': 0.4, 'type': 1}, {'idp': 3, 'x': 6.094, 'y': 0.359, 'r': 0.4, 'type': 1}, {'idp': 4, 'x': 5.979, 'y': 0.705, 'r': 0.4, 'type': 1}]
30099,1398693949.1616883,[{'idp': 1, 'x': 4.18, 'y': 0.938, 'r': 0.4, 'type': 1}, {'idp': 2, 'x': 3.788, 'y': 1.456, 'r': 0.4, 'type': 1}, {'idp': 3, 'x': 6.029, 'y': 0.395, 'r': 0.4, 'type': 1}, {'idp': 4, 'x': 5.941, 'y': 0.648, 'r': 0.4, 'type': 1}]
30100,1398693949.161716,[{'idp': 1, 'x': 4.148, 'y': 0.941, 'r': 0.4, 'type': 1}, {'idp': 2, 'x': 3.755, 'y': 1.451, 'r': 0.4, 'type': 1}, {'idp': 3, 'x': 5.983, 'y': 0.391, 'r': 0.4, 'type': 1}, {'idp': 4, 'x': 5.895, 'y': 0.604, 'r': 0.4, 'type': 1}]
30101,1398693949.2017057,[{'idp': 1, 'x': 4.103, 'y': 0.93, 'r': 0.4, 'type': 1}, {'idp': 2, 'x': 3.731, 'y': 1.455, 'r': 0.4, 'type': 1}, {'idp': 3, 'x': 5.992, 'y': 0.021, 'r': 0.4, 'type': 1}, {'idp': 4, 'x': 5.658, 'y': 0.898, 'r': 0.4, 'type': 1}]
30102,1398693949.2061129,[{'idp': 1, 'x': 4.063, 'y': 0.949, 'r': 0.4, 'type': 1}, {'idp': 2, 'x': 3.699, 'y': 1.454, 'r': 0.4, 'type': 1}, {'idp': 3, 'x': 5.92, 'y': 0.22, 'r': 0.4, 'type': 1}, {'idp': 4, 'x': 5.726, 'y': 0.765, 'r': 0.4, 'type': 1}]
30103,1398693949.245723,[{'idp': 1, 'x': 4.019, 'y': 0.958, 'r': 0.4, 'type': 1}, {'idp': 2, 'x': 3.667, 'y': 1.461, 'r': 0.4, 'type': 1}, {'idp': 3, 'x': 5.868, 'y': 0.321, 'r': 0.4, 'type': 1}, {'idp': 4, 'x': 5.747, 'y': 0.677, 'r': 0.4, 'type': 1}]
30104,1398693949.2857492,[{'idp': 1, 'x': 3.984, 'y': 0.968, 'r': 0.4, 'type': 1}, {'idp': 2, 'x': 3.668, 'y': 1.466, 'r': 0.4, 'type': 1}, {'idp': 3, 'x': 5.818, 'y': 0.356, 'r': 0.4, 'type': 1}, {'idp': 4, 'x': 5.72, 'y': 0.635, 'r': 0.4, 'type': 1}]
30105,1398693949.2857792,[{'idp': 1, 'x': 3.951, 'y': 0.96, 'r': 0.4, 'type': 1}, {'idp': 2, 'x': 3.577, 'y': 1.461, 'r': 0.4, 'type': 1}, {'idp': 3, 'x': 5.766, 'y': 0.341, 'r': 0.4, 'type': 1}, {'idp': 4, 'x': 5.668, 'y': 0.619, 'r': 0.4, 'type': 1}]
30106,1398693949.325724,[{'idp': 1, 'x': 3.903, 'y': 0.957, 'r': 0.4, 'type': 1}, {'idp': 2, 'x': 3.575, 'y': 1.463, 'r': 0.4, 'type': 1}, {'idp': 3, 'x': 5.737, 'y': 0.324, 'r': 0.4, 'type': 1}, {'idp': 4, 'x': 5.632, 'y': 0.6, 'r': 0.4, 'type': 1}]
30107,1398693949.3307354,[{'idp': 1, 'x': 3.864, 'y': 0.947, 'r': 0.4, 'type': 1}, {'idp': 2, 'x': 3.525, 'y': 1.466, 'r': 0.4, 'type': 1}, {'idp': 3, 'x': 5.711, 'y': 0.307, 'r': 0.4, 'type': 1}, {'idp': 4, 'x': 5.596, 'y': 0.582, 'r': 0.4, 'type': 1}]
30108,1398693949.3697238,[{'idp': 1, 'x': 3.821, 'y': 0.955, 'r': 0.4, 'type': 1}, {'idp': 2, 'x': 3.511, 'y': 1.47, 'r': 0.4, 'type': 1}, {'idp': 3, 'x': 5.687, 'y': 0.276, 'r': 0.4, 'type': 1}, {'idp': 4, 'x': 5.556, 'y': 0.564, 'r': 0.4, 'type': 1}]
30109,1398693949.409684,[{'idp': 1, 'x': 3.788, 'y': 0.946, 'r': 0.4, 'type': 1}, {'idp': 2, 'x': 3.448, 'y': 1.469, 'r': 0.4, 'type': 1}, {'idp': 3, 'x': 5.783, 'y': 0.23, 'r': 0.4, 'type': 1}, {'idp': 4, 'x': 5.324, 'y': 0.856, 'r': 0.4, 'type': 1}]
30110,1398693949.4097145,[{'idp': 1, 'x': 3.761, 'y': 0.948, 'r': 0.4, 'type': 1}, {'idp': 2, 'x': 3.402, 'y': 1.472, 'r': 0.4, 'type': 1}, {'idp': 3, 'x': 5.655, 'y': 0.26, 'r': 0.4, 'type': 1}, {'idp': 4, 'x': 5.343, 'y': 0.739, 'r': 0.4, 'type': 1}]
30111,1398693949.4496665,[{'idp': 1, 'x': 3.744, 'y': 0.97, 'r': 0.4, 'type': 1}, {'idp': 2, 'x': 3.39, 'y': 1.471, 'r': 0.4, 'type': 1}, {'idp': 3, 'x': 5.626, 'y': 0.258, 'r': 0.4, 'type': 1}, {'idp': 4, 'x': 5.351, 'y': 0.717, 'r': 0.4, 'type': 1}]
30112,1398693949.4542375,[{'idp': 1, 'x': 3.712, 'y': 0.962, 'r': 0.4, 'type': 1}, {'idp': 2, 'x': 3.349, 'y': 1.471, 'r': 0.4, 'type': 1}, {'idp': 3, 'x': 5.58, 'y': 0.33, 'r': 0.4, 'type': 1}, {'idp': 4, 'x': 5.33, 'y': 0.7, 'r': 0.4, 'type': 1}]
30113,1398693949.4937675,[{'idp': 1, 'x': 3.704, 'y': 0.969, 'r': 0.4, 'type': 1}, {'idp': 2, 'x': 3.303, 'y': 1.461, 'r': 0.4, 'type': 1}, {'idp': 3, 'x': 5.51, 'y': 0.327, 'r': 0.4, 'type': 1}, {'idp': 4, 'x': 5.287, 'y': 0.678, 'r': 0.4, 'type': 1}]
30114,1398693949.533705,[{'idp': 1, 'x': 3.67, 'y': 0.968, 'r': 0.4, 'type': 1}, {'idp': 2, 'x': 3.281, 'y': 1.459, 'r': 0.4, 'type': 1}, {'idp': 3, 'x': 5.49, 'y': 0.304, 'r': 0.4, 'type': 1}, {'idp': 4, 'x': 5.251, 'y': 0.691, 'r': 0.4, 'type': 1}]
30115,1398693949.5337362,[{'idp': 1, 'x': 3.646, 'y': 0.97, 'r': 0.4, 'type': 1}, {'idp': 2, 'x': 3.233, 'y': 1.458, 'r': 0.4, 'type': 1}, {'idp': 3, 'x': 5.475, 'y': 0.313, 'r': 0.4, 'type': 1}, {'idp': 4, 'x': 5.218, 'y': 0.71, 'r': 0.4, 'type': 1}]
30116,1398693949.5737646,[{'idp': 1, 'x': 3.6, 'y': 0.983, 'r': 0.4, 'type': 1}, {'idp': 2, 'x': 3.177, 'y': 1.467, 'r': 0.4, 'type': 1}, {'idp': 3, 'x': 5.427, 'y': 0.322, 'r': 0.4, 'type': 1}, {'idp': 4, 'x': 5.175, 'y': 0.711, 'r': 0.4, 'type': 1}]
30117,1398693949.5801105,[{'idp': 1, 'x': 3.575, 'y': 0.993, 'r': 0.4, 'type': 1}, {'idp': 2, 'x': 3.133, 'y': 1.475, 'r': 0.4, 'type': 1}, {'idp': 3, 'x': 5.397, 'y': 0.355, 'r': 0.4, 'type': 1}, {'idp': 4, 'x': 5.153, 'y': 0.688, 'r': 0.4, 'type': 1}]
30118,1398693949.6176336,[{'idp': 1, 'x': 3.53, 'y': 0.99, 'r': 0.4, 'type': 1}, {'idp': 2, 'x': 3.109, 'y': 1.463, 'r': 0.4, 'type': 1}, {'idp': 3, 'x': 5.353, 'y': 0.341, 'r': 0.4, 'type': 1}, {'idp': 4, 'x': 5.141, 'y': 0.652, 'r': 0.4, 'type': 1}]
30119,1398693949.6576636,[{'idp': 1, 'x': 3.509, 'y': 0.976, 'r': 0.4, 'type': 1}, {'idp': 2, 'x': 3.076, 'y': 1.46, 'r': 0.4, 'type': 1}, {'idp': 3, 'x': 5.316, 'y': 0.315, 'r': 0.4, 'type': 1}, {'idp': 4, 'x': 5.112, 'y': 0.625, 'r': 0.4, 'type': 1}]
30120,1398693949.6576836,[{'idp': 1, 'x': 3.472, 'y': 0.974, 'r': 0.4, 'type': 1}, {'idp': 2, 'x': 3.047, 'y': 1.454, 'r': 0.4, 'type': 1}, {'idp': 3, 'x': 5.28, 'y': 0.313, 'r': 0.4, 'type': 1}, {'idp': 4, 'x': 5.112, 'y': 0.579, 'r': 0.4, 'type': 1}]
30121,1398693949.6977382,[{'idp': 1, 'x': 3.436, 'y': 0.97, 'r': 0.4, 'type': 1}, {'idp': 2, 'x': 2.998, 'y': 1.455, 'r': 0.4, 'type': 1}, {'idp': 3, 'x': 5.243, 'y': 0.322, 'r': 0.4, 'type': 1}, {'idp': 4, 'x': 5.092, 'y': 0.555, 'r': 0.4, 'type': 1}]
30122,1398693949.703626,[{'idp': 1, 'x': 3.403, 'y': 0.988, 'r': 0.4, 'type': 1}, {'idp': 2, 'x': 2.957, 'y': 1.452, 'r': 0.4, 'type': 1}, {'idp': 3, 'x': 5.21, 'y': 0.32, 'r': 0.4, 'type': 1}, {'idp': 4, 'x': 5.065, 'y': 0.53, 'r': 0.4, 'type': 1}]
30123,1398693949.7416956,[{'idp': 1, 'x': 3.376, 'y': 0.959, 'r': 0.4, 'type': 1}, {'idp': 2, 'x': 2.907, 'y': 1.435, 'r': 0.4, 'type': 1}, {'idp': 3, 'x': 5.194, 'y': 0.308, 'r': 0.4, 'type': 1}, {'idp': 4, 'x': 5.051, 'y': 0.506, 'r': 0.4, 'type': 1}]
30124,1398693949.7816446,[{'idp': 1, 'x': 3.353, 'y': 0.952, 'r': 0.4, 'type': 1}, {'idp': 2, 'x': 2.845, 'y': 1.404, 'r': 0.4, 'type': 1}, {'idp': 3, 'x': 5.161, 'y': 0.271, 'r': 0.4, 'type': 1}, {'idp': 4, 'x': 5.013, 'y': 0.49, 'r': 0.4, 'type': 1}]
30125,1398693949.7816691,[{'idp': 1, 'x': 3.327, 'y': 0.952, 'r': 0.4, 'type': 1}, {'idp': 2, 'x': 2.789, 'y': 1.399, 'r': 0.4, 'type': 1}, {'idp': 3, 'x': 5.128, 'y': 0.27, 'r': 0.4, 'type': 1}, {'idp': 4, 'x': 4.781, 'y': 0.731, 'r': 0.4, 'type': 1}]
30126,1398693949.8216546,[{'idp': 1, 'x': 3.305, 'y': 0.969, 'r': 0.4, 'type': 1}, {'idp': 2, 'x': 2.711, 'y': 1.381, 'r': 0.4, 'type': 1}, {'idp': 3, 'x': 5.112, 'y': 0.302, 'r': 0.4, 'type': 1}, {'idp': 4, 'x': 4.767, 'y': 0.673, 'r': 0.4, 'type': 1}]
30127,1398693949.828244,[{'idp': 1, 'x': 3.261, 'y': 0.983, 'r': 0.4, 'type': 1}, {'idp': 2, 'x': 2.668, 'y': 1.389, 'r': 0.4, 'type': 1}, {'idp': 3, 'x': 5.064, 'y': 0.299, 'r': 0.4, 'type': 1}, {'idp': 4, 'x': 4.78, 'y': 0.653, 'r': 0.4, 'type': 1}]
30128,1398693949.8657084,[{'idp': 1, 'x': 3.241, 'y': 0.979, 'r': 0.4, 'type': 1}, {'idp': 2, 'x': 2.646, 'y': 1.392, 'r': 0.4, 'type': 1}, {'idp': 3, 'x': 5.037, 'y': 0.286, 'r': 0.4, 'type': 1}, {'idp': 4, 'x': 4.771, 'y': 0.61, 'r': 0.4, 'type': 1}]
30129,1398693949.9056003,[{'idp': 1, 'x': 3.213, 'y': 0.978, 'r': 0.4, 'type': 1}, {'idp': 2, 'x': 2.648, 'y': 1.399, 'r': 0.4, 'type': 1}, {'idp': 3, 'x': 5.004, 'y': 0.284, 'r': 0.4, 'type': 1}, {'idp': 4, 'x': 4.745, 'y': 0.554, 'r': 0.4, 'type': 1}]
30130,1398693949.9056141,[{'idp': 1, 'x': 3.172, 'y': 0.987, 'r': 0.4, 'type': 1}, {'idp': 2, 'x': 2.643, 'y': 1.419, 'r': 0.4, 'type': 1}, {'idp': 3, 'x': 4.969, 'y': 0.293, 'r': 0.4, 'type': 1}, {'idp': 4, 'x': 4.723, 'y': 0.524, 'r': 0.4, 'type': 1}]
30131,1398693949.945651,[{'idp': 1, 'x': 3.13, 'y': 0.989, 'r': 0.4, 'type': 1}, {'idp': 2, 'x': 2.622, 'y': 1.422, 'r': 0.4, 'type': 1}, {'idp': 3, 'x': 4.937, 'y': 0.301, 'r': 0.4, 'type': 1}, {'idp': 4, 'x': 4.447, 'y': 0.772, 'r': 0.4, 'type': 1}]
30132,1398693949.9529967,[{'idp': 1, 'x': 3.096, 'y': 0.989, 'r': 0.4, 'type': 1}, {'idp': 2, 'x': 2.618, 'y': 1.407, 'r': 0.4, 'type': 1}, {'idp': 3, 'x': 4.913, 'y': 0.311, 'r': 0.4, 'type': 1}, {'idp': 4, 'x': 4.493, 'y': 0.644, 'r': 0.4, 'type': 1}]
30133,1398693949.98979,[{'idp': 1, 'x': 3.053, 'y': 1.001, 'r': 0.4, 'type': 1}, {'idp': 2, 'x': 2.671, 'y': 1.346, 'r': 0.4, 'type': 1}, {'idp': 3, 'x': 4.891, 'y': 0.309, 'r': 0.4, 'type': 1}, {'idp': 4, 'x': 4.48, 'y': 0.631, 'r': 0.4, 'type': 1}]
30134,1398693950.029764,[{'idp': 1, 'x': 3.031, 'y': 0.996, 'r': 0.4, 'type': 1}, {'idp': 2, 'x': 2.698, 'y': 1.265, 'r': 0.4, 'type': 1}, {'idp': 3, 'x': 4.875, 'y': 0.287, 'r': 0.4, 'type': 1}, {'idp': 4, 'x': 4.449, 'y': 0.626, 'r': 0.4, 'type': 1}]
30135,1398693950.0297947,[{'idp': 1, 'x': 2.982, 'y': 0.999, 'r': 0.4, 'type': 1}, {'idp': 2, 'x': 2.661, 'y': 1.237, 'r': 0.4, 'type': 1}, {'idp': 3, 'x': 4.844, 'y': 0.317, 'r': 0.4, 'type': 1}, {'idp': 4, 'x': 4.414, 'y': 0.617, 'r': 0.4, 'type': 1}]
30136,1398693950.0697775,[{'idp': 1, 'x': 2.956, 'y': 1.002, 'r': 0.4, 'type': 1}, {'idp': 2, 'x': 2.637, 'y': 1.255, 'r': 0.4, 'type': 1}, {'idp': 3, 'x': 4.812, 'y': 0.314, 'r': 0.4, 'type': 1}, {'idp': 4, 'x': 4.379, 'y': 0.625, 'r': 0.4, 'type': 1}]
30137,1398693950.0779886,[{'idp': 1, 'x': 2.912, 'y': 0.999, 'r': 0.4, 'type': 1}, {'idp': 2, 'x': 2.443, 'y': 1.441, 'r': 0.4, 'type': 1}, {'idp': 3, 'x': 4.8, 'y': 0.303, 'r': 0.4, 'type': 1}, {'idp': 4, 'x': 4.346, 'y': 0.619, 'r': 0.4, 'type': 1}]
30138,1398693950.1176515,[{'idp': 1, 'x': 2.88, 'y': 0.995, 'r': 0.4, 'type': 1}, {'idp': 2, 'x': 2.392, 'y': 1.446, 'r': 0.4, 'type': 1}, {'idp': 3, 'x': 4.776, 'y': 0.302, 'r': 0.4, 'type': 1}, {'idp': 4, 'x': 4.262, 'y': 0.636, 'r': 0.4, 'type': 1}]
30139,1398693950.157668,[{'idp': 1, 'x': 2.846, 'y': 1.005, 'r': 0.4, 'type': 1}, {'idp': 2, 'x': 2.368, 'y': 1.453, 'r': 0.4, 'type': 1}, {'idp': 3, 'x': 4.756, 'y': 0.301, 'r': 0.4, 'type': 1}, {'idp': 4, 'x': 4.226, 'y': 0.631, 'r': 0.4, 'type': 1}]
30140,1398693950.1576977,[{'idp': 1, 'x': 2.815, 'y': 1.017, 'r': 0.4, 'type': 1}, {'idp': 2, 'x': 2.344, 'y': 1.459, 'r': 0.4, 'type': 1}, {'idp': 3, 'x': 4.736, 'y': 0.32, 'r': 0.4, 'type': 1}, {'idp': 4, 'x': 4.2, 'y': 0.645, 'r': 0.4, 'type': 1}]
30141,1398693950.1976776,[{'idp': 1, 'x': 2.794, 'y': 1.04, 'r': 0.4, 'type': 1}, {'idp': 2, 'x': 2.33, 'y': 1.471, 'r': 0.4, 'type': 1}, {'idp': 3, 'x': 4.709, 'y': 0.349, 'r': 0.4, 'type': 1}, {'idp': 4, 'x': 4.164, 'y': 0.667, 'r': 0.4, 'type': 1}]
30142,1398693950.2029977,[{'idp': 1, 'x': 2.769, 'y': 1.045, 'r': 0.4, 'type': 1}, {'idp': 2, 'x': 2.309, 'y': 1.479, 'r': 0.4, 'type': 1}, {'idp': 3, 'x': 4.672, 'y': 0.356, 'r': 0.4, 'type': 1}, {'idp': 4, 'x': 4.134, 'y': 0.661, 'r': 0.4, 'type': 1}]
30143,1398693950.2417321,[{'idp': 1, 'x': 2.741, 'y': 1.033, 'r': 0.4, 'type': 1}, {'idp': 2, 'x': 2.265, 'y': 1.463, 'r': 0.4, 'type': 1}, {'idp': 3, 'x': 4.656, 'y': 0.346, 'r': 0.4, 'type': 1}, {'idp': 4, 'x': 4.081, 'y': 0.653, 'r': 0.4, 'type': 1}]
30144,1398693950.2816675,[{'idp': 1, 'x': 2.708, 'y': 1.028, 'r': 0.4, 'type': 1}, {'idp': 2, 'x': 2.223, 'y': 1.458, 'r': 0.4, 'type': 1}, {'idp': 3, 'x': 4.614, 'y': 0.343, 'r': 0.4, 'type': 1}, {'idp': 4, 'x': 4.056, 'y': 0.649, 'r': 0.4, 'type': 1}]
30145,1398693950.281697,[{'idp': 1, 'x': 2.677, 'y': 1.023, 'r': 0.4, 'type': 1}, {'idp': 2, 'x': 2.181, 'y': 1.459, 'r': 0.4, 'type': 1}, {'idp': 3, 'x': 4.597, 'y': 0.342, 'r': 0.4, 'type': 1}, {'idp': 4, 'x': 4.005, 'y': 0.651, 'r': 0.4, 'type': 1}]
30146,1398693950.3217578,[{'idp': 1, 'x': 2.631, 'y': 1.032, 'r': 0.4, 'type': 1}, {'idp': 2, 'x': 2.137, 'y': 1.456, 'r': 0.4, 'type': 1}, {'idp': 3, 'x': 4.562, 'y': 0.359, 'r': 0.4, 'type': 1}, {'idp': 4, 'x': 3.977, 'y': 0.664, 'r': 0.4, 'type': 1}]
30147,1398693950.3276236,[{'idp': 1, 'x': 2.606, 'y': 1.042, 'r': 0.4, 'type': 1}, {'idp': 2, 'x': 2.095, 'y': 1.471, 'r': 0.4, 'type': 1}, {'idp': 3, 'x': 4.518, 'y': 0.375, 'r': 0.4, 'type': 1}, {'idp': 4, 'x': 3.953, 'y': 0.667, 'r': 0.4, 'type': 1}]
30148,1398693950.3656878,[{'idp': 1, 'x': 2.557, 'y': 1.036, 'r': 0.4, 'type': 1}, {'idp': 2, 'x': 2.04, 'y': 1.465, 'r': 0.4, 'type': 1}, {'idp': 3, 'x': 4.495, 'y': 0.383, 'r': 0.4, 'type': 1}, {'idp': 4, 'x': 3.908, 'y': 0.667, 'r': 0.4, 'type': 1}]
30149,1398693950.4056368,[{'idp': 1, 'x': 2.529, 'y': 1.038, 'r': 0.4, 'type': 1}, {'idp': 2, 'x': 2.01, 'y': 1.459, 'r': 0.4, 'type': 1}, {'idp': 3, 'x': 4.474, 'y': 0.382, 'r': 0.4, 'type': 1}, {'idp': 4, 'x': 3.861, 'y': 0.659, 'r': 0.4, 'type': 1}]
30150,1398693950.4056551,[{'idp': 1, 'x': 2.48, 'y': 1.025, 'r': 0.4, 'type': 1}, {'idp': 2, 'x': 1.982, 'y': 1.477, 'r': 0.4, 'type': 1}, {'idp': 3, 'x': 4.48, 'y': 0.363, 'r': 0.4, 'type': 1}, {'idp': 4, 'x': 3.808, 'y': 0.66, 'r': 0.4, 'type': 1}]
30151,1398693950.4457347,[{'idp': 1, 'x': 2.421, 'y': 1.013, 'r': 0.4, 'type': 1}, {'idp': 2, 'x': 1.948, 'y': 1.477, 'r': 0.4, 'type': 1}, {'idp': 3, 'x': 4.486, 'y': 0.364, 'r': 0.4, 'type': 1}, {'idp': 4, 'x': 3.801, 'y': 0.656, 'r': 0.4, 'type': 1}]
30152,1398693950.4513538,[{'idp': 1, 'x': 2.36, 'y': 0.987, 'r': 0.4, 'type': 1}, {'idp': 2, 'x': 1.9, 'y': 1.464, 'r': 0.4, 'type': 1}, {'idp': 3, 'x': 4.444, 'y': 0.35, 'r': 0.4, 'type': 1}, {'idp': 4, 'x': 3.785, 'y': 0.643, 'r': 0.4, 'type': 1}]
30153,1398693950.4897723,[{'idp': 1, 'x': 2.326, 'y': 0.991, 'r': 0.4, 'type': 1}, {'idp': 2, 'x': 1.879, 'y': 1.447, 'r': 0.4, 'type': 1}, {'idp': 3, 'x': 4.42, 'y': 0.359, 'r': 0.4, 'type': 1}, {'idp': 4, 'x': 3.717, 'y': 0.633, 'r': 0.4, 'type': 1}]
30154,1398693950.529651,[{'idp': 1, 'x': 2.286, 'y': 0.979, 'r': 0.4, 'type': 1}, {'idp': 2, 'x': 1.879, 'y': 1.443, 'r': 0.4, 'type': 1}, {'idp': 3, 'x': 4.379, 'y': 0.385, 'r': 0.4, 'type': 1}, {'idp': 4, 'x': 3.652, 'y': 0.639, 'r': 0.4, 'type': 1}]
30155,1398693950.5296805,[{'idp': 1, 'x': 2.252, 'y': 0.988, 'r': 0.4, 'type': 1}, {'idp': 2, 'x': 1.838, 'y': 1.464, 'r': 0.4, 'type': 1}, {'idp': 3, 'x': 4.33, 'y': 0.39, 'r': 0.4, 'type': 1}, {'idp': 4, 'x': 3.599, 'y': 0.63, 'r': 0.4, 'type': 1}]
30156,1398693950.5697193,[{'idp': 1, 'x': 2.203, 'y': 0.983, 'r': 0.4, 'type': 1}, {'idp': 2, 'x': 1.814, 'y': 1.474, 'r': 0.4, 'type': 1}, {'idp': 3, 'x': 4.298, 'y': 0.396, 'r': 0.4, 'type': 1}, {'idp': 4, 'x': 3.557, 'y': 0.63, 'r': 0.4, 'type': 1}]
30157,1398693950.5766637,[{'idp': 1, 'x': 2.147, 'y': 0.975, 'r': 0.4, 'type': 1}, {'idp': 2, 'x': 1.778, 'y': 1.453, 'r': 0.4, 'type': 1}, {'idp': 3, 'x': 4.275, 'y': 0.404, 'r': 0.4, 'type': 1}, {'idp': 4, 'x': 3.52, 'y': 0.634, 'r': 0.4, 'type': 1}]
30158,1398693950.6136816,[{'idp': 1, 'x': 2.044, 'y': 0.937, 'r': 0.4, 'type': 1}, {'idp': 2, 'x': 1.739, 'y': 1.447, 'r': 0.4, 'type': 1}, {'idp': 3, 'x': 4.23, 'y': 0.39, 'r': 0.4, 'type': 1}, {'idp': 4, 'x': 3.501, 'y': 0.623, 'r': 0.4, 'type': 1}]
30159,1398693950.6536837,[{'idp': 1, 'x': 2.008, 'y': 0.931, 'r': 0.4, 'type': 1}, {'idp': 2, 'x': 1.715, 'y': 1.439, 'r': 0.4, 'type': 1}, {'idp': 3, 'x': 4.222, 'y': 0.399, 'r': 0.4, 'type': 1}, {'idp': 4, 'x': 3.461, 'y': 0.64, 'r': 0.4, 'type': 1}]
30160,1398693950.6537147,[{'idp': 1, 'x': 1.986, 'y': 0.937, 'r': 0.4, 'type': 1}, {'idp': 2, 'x': 1.686, 'y': 1.44, 'r': 0.4, 'type': 1}, {'idp': 3, 'x': 4.191, 'y': 0.387, 'r': 0.4, 'type': 1}, {'idp': 4, 'x': 3.434, 'y': 0.627, 'r': 0.4, 'type': 1}, {'idp': 5, 'x': 2.109, 'y': -1.023, 'r': 0.4, 'type': 1}]
30161,1398693950.6937482,[{'idp': 1, 'x': 1.961, 'y': 0.94, 'r': 0.4, 'type': 1}, {'idp': 2, 'x': 1.656, 'y': 1.437, 'r': 0.4, 'type': 1}, {'idp': 3, 'x': 4.163, 'y': 0.403, 'r': 0.4, 'type': 1}, {'idp': 4, 'x': 3.397, 'y': 0.629, 'r': 0.4, 'type': 1}, {'idp': 5, 'x': 2.108, 'y': -1.0, 'r': 0.4, 'type': 1}]
30162,1398693950.7016275,[{'idp': 1, 'x': 1.933, 'y': 0.943, 'r': 0.4, 'type': 1}, {'idp': 2, 'x': 1.641, 'y': 1.448, 'r': 0.4, 'type': 1}, {'idp': 3, 'x': 4.136, 'y': 0.42, 'r': 0.4, 'type': 1}, {'idp': 4, 'x': 3.354, 'y': 0.644, 'r': 0.4, 'type': 1}, {'idp': 5, 'x': 2.125, 'y': -1.008, 'r': 0.4, 'type': 1}]
30163,1398693950.7376754,[{'idp': 1, 'x': 1.926, 'y': 0.95, 'r': 0.4, 'type': 1}, {'idp': 2, 'x': 1.588, 'y': 1.442, 'r': 0.4, 'type': 1}, {'idp': 3, 'x': 4.101, 'y': 0.426, 'r': 0.4, 'type': 1}, {'idp': 4, 'x': 3.323, 'y': 0.639, 'r': 0.4, 'type': 1}, {'idp': 5, 'x': 2.133, 'y': -1.013, 'r': 0.4, 'type': 1}]
30164,1398693950.7776966,[{'idp': 1, 'x': 1.944, 'y': 0.971, 'r': 0.4, 'type': 1}, {'idp': 2, 'x': 1.567, 'y': 1.44, 'r': 0.4, 'type': 1}, {'idp': 3, 'x': 4.038, 'y': 0.407, 'r': 0.4, 'type': 1}, {'idp': 4, 'x': 3.282, 'y': 0.639, 'r': 0.4, 'type': 1}, {'idp': 5, 'x': 2.155, 'y': -1.023, 'r': 0.4, 'type': 1}]
30165,1398693950.7777333,[{'idp': 1, 'x': 1.928, 'y': 0.974, 'r': 0.4, 'type': 1}, {'idp': 2, 'x': 1.524, 'y': 1.435, 'r': 0.4, 'type': 1}, {'idp': 3, 'x': 4.009, 'y': 0.413, 'r': 0.4, 'type': 1}, {'idp': 4, 'x': 3.239, 'y': 0.624, 'r': 0.4, 'type': 1}, {'idp': 5, 'x': 2.193, 'y': -1.029, 'r': 0.4, 'type': 1}]
30166,1398693950.8177526,[{'idp': 1, 'x': 1.913, 'y': 0.977, 'r': 0.4, 'type': 1}, {'idp': 2, 'x': 1.509, 'y': 1.445, 'r': 0.4, 'type': 1}, {'idp': 3, 'x': 3.993, 'y': 0.45, 'r': 0.4, 'type': 1}, {'idp': 4, 'x': 3.192, 'y': 0.63, 'r': 0.4, 'type': 1}, {'idp': 5, 'x': 2.221, 'y': -1.037, 'r': 0.4, 'type': 1}]
30167,1398693950.8261986,[{'idp': 1, 'x': 1.885, 'y': 0.967, 'r': 0.4, 'type': 1}, {'idp': 2, 'x': 1.452, 'y': 1.429, 'r': 0.4, 'type': 1}, {'idp': 3, 'x': 3.925, 'y': 0.413, 'r': 0.4, 'type': 1}, {'idp': 4, 'x': 3.144, 'y': 0.628, 'r': 0.4, 'type': 1}, {'idp': 5, 'x': 2.247, 'y': -1.038, 'r': 0.4, 'type': 1}]
30168,1398693950.8657296,[{'idp': 1, 'x': 1.894, 'y': 0.989, 'r': 0.4, 'type': 1}, {'idp': 2, 'x': 1.397, 'y': 1.406, 'r': 0.4, 'type': 1}, {'idp': 3, 'x': 3.918, 'y': 0.421, 'r': 0.4, 'type': 1}, {'idp': 4, 'x': 3.096, 'y': 0.619, 'r': 0.4, 'type': 1}, {'idp': 5, 'x': 2.278, 'y': -1.048, 'r': 0.4, 'type': 1}]
30169,1398693950.9056852,[{'idp': 1, 'x': 1.859, 'y': 0.975, 'r': 0.4, 'type': 1}, {'idp': 2, 'x': 1.34, 'y': 1.377, 'r': 0.4, 'type': 1}, {'idp': 3, 'x': 3.945, 'y': 0.477, 'r': 0.4, 'type': 1}, {'idp': 4, 'x': 3.037, 'y': 0.628, 'r': 0.4, 'type': 1}, {'idp': 5, 'x': 2.283, 'y': -1.059, 'r': 0.4, 'type': 1}]
30170,1398693950.9057121,[{'idp': 1, 'x': 1.849, 'y': 0.986, 'r': 0.4, 'type': 1}, {'idp': 2, 'x': 1.264, 'y': 1.321, 'r': 0.4, 'type': 1}, {'idp': 3, 'x': 3.922, 'y': 0.483, 'r': 0.4, 'type': 1}, {'idp': 4, 'x': 2.997, 'y': 0.627, 'r': 0.4, 'type': 1}, {'idp': 5, 'x': 2.325, 'y': -1.063, 'r': 0.4, 'type': 1}]
30171,1398693950.9457104,[{'idp': 1, 'x': 1.819, 'y': 0.995, 'r': 0.4, 'type': 1}, {'idp': 2, 'x': 1.234, 'y': 1.327, 'r': 0.4, 'type': 1}, {'idp': 3, 'x': 3.892, 'y': 0.479, 'r': 0.4, 'type': 1}, {'idp': 4, 'x': 2.973, 'y': 0.636, 'r': 0.4, 'type': 1}, {'idp': 5, 'x': 2.363, 'y': -1.06, 'r': 0.4, 'type': 1}]
30172,1398693950.9509895,[{'idp': 1, 'x': 1.783, 'y': 1.005, 'r': 0.4, 'type': 1}, {'idp': 2, 'x': 1.215, 'y': 1.334, 'r': 0.4, 'type': 1}, {'idp': 3, 'x': 3.843, 'y': 0.49, 'r': 0.4, 'type': 1}, {'idp': 4, 'x': 2.944, 'y': 0.643, 'r': 0.4, 'type': 1}, {'idp': 5, 'x': 2.397, 'y': -1.059, 'r': 0.4, 'type': 1}]
30173,1398693950.9897175,[{'idp': 1, 'x': 1.726, 'y': 0.99, 'r': 0.4, 'type': 1}, {'idp': 2, 'x': 1.191, 'y': 1.344, 'r': 0.4, 'type': 1}, {'idp': 3, 'x': 3.799, 'y': 0.501, 'r': 0.4, 'type': 1}, {'idp': 4, 'x': 2.913, 'y': 0.65, 'r': 0.4, 'type': 1}, {'idp': 5, 'x': 2.453, 'y': -1.067, 'r': 0.4, 'type': 1}]
30174,1398693951.0296388,[{'idp': 1, 'x': 1.69, 'y': 0.996, 'r': 0.4, 'type': 1}, {'idp': 2, 'x': 1.155, 'y': 1.313, 'r': 0.4, 'type': 1}, {'idp': 3, 'x': 3.768, 'y': 0.488, 'r': 0.4, 'type': 1}, {'idp': 4, 'x': 2.877, 'y': 0.641, 'r': 0.4, 'type': 1}, {'idp': 5, 'x': 2.502, 'y': -1.083, 'r': 0.4, 'type': 1}]
30175,1398693951.0296652,[{'idp': 1, 'x': 1.647, 'y': 0.99, 'r': 0.4, 'type': 1}, {'idp': 2, 'x': 1.143, 'y': 1.311, 'r': 0.4, 'type': 1}, {'idp': 3, 'x': 3.745, 'y': 0.468, 'r': 0.4, 'type': 1}, {'idp': 4, 'x': 2.837, 'y': 0.625, 'r': 0.4, 'type': 1}, {'idp': 5, 'x': 2.549, 'y': -1.098, 'r': 0.4, 'type': 1}]
30176,1398693951.0696945,[{'idp': 1, 'x': 1.625, 'y': 0.983, 'r': 0.4, 'type': 1}, {'idp': 2, 'x': 1.142, 'y': 1.32, 'r': 0.4, 'type': 1}, {'idp': 3, 'x': 3.716, 'y': 0.472, 'r': 0.4, 'type': 1}, {'idp': 4, 'x': 2.807, 'y': 0.625, 'r': 0.4, 'type': 1}, {'idp': 5, 'x': 2.567, 'y': -1.107, 'r': 0.4, 'type': 1}]
30177,1398693951.0759888,[{'idp': 1, 'x': 1.592, 'y': 0.991, 'r': 0.4, 'type': 1}, {'idp': 2, 'x': 1.202, 'y': 1.281, 'r': 0.4, 'type': 1}, {'idp': 3, 'x': 3.689, 'y': 0.493, 'r': 0.4, 'type': 1}, {'idp': 4, 'x': 2.773, 'y': 0.631, 'r': 0.4, 'type': 1}, {'idp': 5, 'x': 2.584, 'y': -1.108, 'r': 0.4, 'type': 1}]
30178,1398693951.1136992,[{'idp': 1, 'x': 1.55, 'y': 0.998, 'r': 0.4, 'type': 1}, {'idp': 2, 'x': 1.244, 'y': 1.227, 'r': 0.4, 'type': 1}, {'idp': 3, 'x': 3.673, 'y': 0.507, 'r': 0.4, 'type': 1}, {'idp': 4, 'x': 2.737, 'y': 0.635, 'r': 0.4, 'type': 1}, {'idp': 5, 'x': 2.599, 'y': -1.101, 'r': 0.4, 'type': 1}]
30179,1398693951.1537037,[{'idp': 1, 'x': 1.517, 'y': 0.985, 'r': 0.4, 'type': 1}, {'idp': 2, 'x': 1.215, 'y': 1.214, 'r': 0.4, 'type': 1}, {'idp': 3, 'x': 3.642, 'y': 0.478, 'r': 0.4, 'type': 1}, {'idp': 4, 'x': 2.707, 'y': 0.628, 'r': 0.4, 'type': 1}, {'idp': 5, 'x': 2.618, 'y': -1.109, 'r': 0.4, 'type': 1}]
30180,1398693951.1537313,[{'idp': 1, 'x': 1.494, 'y': 0.973, 'r': 0.4, 'type': 1}, {'idp': 2, 'x': 1.189, 'y': 1.2, 'r': 0.4, 'type': 1}, {'idp': 3, 'x': 3.634, 'y': 0.469, 'r': 0.4, 'type': 1}, {'idp': 4, 'x': 2.681, 'y': 0.622, 'r': 0.4, 'type': 1}, {'idp': 5, 'x': 2.608, 'y': -1.097, 'r': 0.4, 'type': 1}]
30181,1398693951.1937356,[{'idp': 1, 'x': 1.471, 'y': 0.964, 'r': 0.4, 'type': 1}, {'idp': 2, 'x': 1.158, 'y': 1.174, 'r': 0.4, 'type': 1}, {'idp': 3, 'x': 3.607, 'y': 0.457, 'r': 0.4, 'type': 1}, {'idp': 4, 'x': 2.649, 'y': 0.621, 'r': 0.4, 'type': 1}, {'idp': 5, 'x': 2.603, 'y': -1.108, 'r': 0.4, 'type': 1}]
30182,1398693951.2006152,[{'idp': 1, 'x': 1.438, 'y': 0.967, 'r': 0.4, 'type': 1}, {'idp': 2, 'x': 1.125, 'y': 1.169, 'r': 0.4, 'type': 1}, {'idp': 3, 'x': 3.583, 'y': 0.47, 'r': 0.4, 'type': 1}, {'idp': 4, 'x': 2.625, 'y': 0.627, 'r': 0.4, 'type': 1}, {'idp': 5, 'x': 2.622, 'y': -1.103, 'r': 0.4, 'type': 1}]
30183,1398693951.2377107,[{'idp': 1, 'x': 1.396, 'y': 0.963, 'r': 0.4, 'type': 1}, {'idp': 2, 'x': 1.089, 'y': 1.15, 'r': 0.4, 'type': 1}, {'idp': 3, 'x': 3.557, 'y': 0.463, 'r': 0.4, 'type': 1}, {'idp': 4, 'x': 2.607, 'y': 0.627, 'r': 0.4, 'type': 1}, {'idp': 5, 'x': 2.634, 'y': -1.094, 'r': 0.4, 'type': 1}]
30184,1398693951.2776506,[{'idp': 1, 'x': 1.35, 'y': 0.963, 'r': 0.4, 'type': 1}, {'idp': 2, 'x': 1.065, 'y': 1.131, 'r': 0.4, 'type': 1}, {'idp': 3, 'x': 3.549, 'y': 0.48, 'r': 0.4, 'type': 1}, {'idp': 4, 'x': 2.569, 'y': 0.63, 'r': 0.4, 'type': 1}, {'idp': 5, 'x': 2.626, 'y': -1.071, 'r': 0.4, 'type': 1}]
30185,1398693951.27768,[{'idp': 1, 'x': 1.318, 'y': 0.959, 'r': 0.4, 'type': 1}, {'idp': 2, 'x': 1.03, 'y': 1.115, 'r': 0.4, 'type': 1}, {'idp': 3, 'x': 3.517, 'y': 0.483, 'r': 0.4, 'type': 1}, {'idp': 4, 'x': 2.529, 'y': 0.632, 'r': 0.4, 'type': 1}, {'idp': 5, 'x': 2.629, 'y': -1.051, 'r': 0.4, 'type': 1}]
30186,1398693951.317779,[{'idp': 1, 'x': 1.272, 'y': 0.961, 'r': 0.4, 'type': 1}, {'idp': 2, 'x': 1.0, 'y': 1.107, 'r': 0.4, 'type': 1}, {'idp': 3, 'x': 3.495, 'y': 0.465, 'r': 0.4, 'type': 1}, {'idp': 4, 'x': 2.506, 'y': 0.638, 'r': 0.4, 'type': 1}, {'idp': 5, 'x': 2.645, 'y': -1.036, 'r': 0.4, 'type': 1}]
30187,1398693951.3258896,[{'idp': 1, 'x': 1.244, 'y': 0.957, 'r': 0.4, 'type': 1}, {'idp': 2, 'x': 0.965, 'y': 1.126, 'r': 0.4, 'type': 1}, {'idp': 3, 'x': 3.449, 'y': 0.486, 'r': 0.4, 'type': 1}, {'idp': 4, 'x': 2.474, 'y': 0.641, 'r': 0.4, 'type': 1}, {'idp': 5, 'x': 2.708, 'y': -1.047, 'r': 0.4, 'type': 1}]
30188,1398693951.3657327,[{'idp': 1, 'x': 1.201, 'y': 0.952, 'r': 0.4, 'type': 1}, {'idp': 2, 'x': 0.929, 'y': 1.138, 'r': 0.4, 'type': 1}, {'idp': 3, 'x': 3.442, 'y': 0.473, 'r': 0.4, 'type': 1}, {'idp': 4, 'x': 2.45, 'y': 0.651, 'r': 0.4, 'type': 1}, {'idp': 5, 'x': 2.824, 'y': -1.094, 'r': 0.4, 'type': 1}]
30189,1398693951.4056835,[{'idp': 1, 'x': 1.182, 'y': 0.943, 'r': 0.4, 'type': 1}, {'idp': 2, 'x': 0.892, 'y': 1.152, 'r': 0.4, 'type': 1}, {'idp': 3, 'x': 3.383, 'y': 0.484, 'r': 0.4, 'type': 1}, {'idp': 4, 'x': 2.407, 'y': 0.651, 'r': 0.4, 'type': 1}, {'idp': 5, 'x': 2.911, 'y': -1.143, 'r': 0.4, 'type': 1}]
30190,1398693951.4057124,[{'idp': 1, 'x': 1.142, 'y': 0.932, 'r': 0.4, 'type': 1}, {'idp': 2, 'x': 0.859, 'y': 1.178, 'r': 0.4, 'type': 1}, {'idp': 3, 'x': 3.35, 'y': 0.489, 'r': 0.4, 'type': 1}, {'idp': 4, 'x': 2.364, 'y': 0.656, 'r': 0.4, 'type': 1}, {'idp': 5, 'x': 2.894, 'y': -1.162, 'r': 0.4, 'type': 1}]
30191,1398693951.4457147,[{'idp': 1, 'x': 1.122, 'y': 0.927, 'r': 0.4, 'type': 1}, {'idp': 2, 'x': 0.827, 'y': 1.168, 'r': 0.4, 'type': 1}, {'idp': 3, 'x': 3.329, 'y': 0.483, 'r': 0.4, 'type': 1}, {'idp': 4, 'x': 2.327, 'y': 0.665, 'r': 0.4, 'type': 1}, {'idp': 5, 'x': 2.929, 'y': -1.184, 'r': 0.4, 'type': 1}]
30192,1398693951.4493344,[{'idp': 1, 'x': 1.088, 'y': 0.931, 'r': 0.4, 'type': 1}, {'idp': 2, 'x': 0.804, 'y': 1.156, 'r': 0.4, 'type': 1}, {'idp': 3, 'x': 3.29, 'y': 0.491, 'r': 0.4, 'type': 1}, {'idp': 4, 'x': 2.289, 'y': 0.676, 'r': 0.4, 'type': 1}, {'idp': 5, 'x': 2.989, 'y': -1.185, 'r': 0.4, 'type': 1}]
30193,1398693951.4857125,[{'idp': 1, 'x': 1.057, 'y': 0.936, 'r': 0.4, 'type': 1}, {'idp': 2, 'x': 0.777, 'y': 1.153, 'r': 0.4, 'type': 1}, {'idp': 3, 'x': 3.239, 'y': 0.491, 'r': 0.4, 'type': 1}, {'idp': 4, 'x': 2.27, 'y': 0.684, 'r': 0.4, 'type': 1}, {'idp': 5, 'x': 3.048, 'y': -1.193, 'r': 0.4, 'type': 1}]
30194,1398693951.5257618,[{'idp': 1, 'x': 1.031, 'y': 0.946, 'r': 0.4, 'type': 1}, {'idp': 2, 'x': 0.744, 'y': 1.156, 'r': 0.4, 'type': 1}, {'idp': 3, 'x': 3.212, 'y': 0.517, 'r': 0.4, 'type': 1}, {'idp': 4, 'x': 2.227, 'y': 0.694, 'r': 0.4, 'type': 1}, {'idp': 5, 'x': 3.082, 'y': -1.199, 'r': 0.4, 'type': 1}]
30195,1398693951.5257938,[{'idp': 1, 'x': 0.991, 'y': 0.941, 'r': 0.4, 'type': 1}, {'idp': 2, 'x': 0.72, 'y': 1.148, 'r': 0.4, 'type': 1}, {'idp': 3, 'x': 3.154, 'y': 0.524, 'r': 0.4, 'type': 1}, {'idp': 4, 'x': 2.187, 'y': 0.702, 'r': 0.4, 'type': 1}, {'idp': 5, 'x': 3.118, 'y': -1.205, 'r': 0.4, 'type': 1}]
30196,1398693951.565776,[{'idp': 1, 'x': 0.938, 'y': 0.958, 'r': 0.4, 'type': 1}, {'idp': 2, 'x': 0.719, 'y': 1.124, 'r': 0.4, 'type': 1}, {'idp': 3, 'x': 3.118, 'y': 0.555, 'r': 0.4, 'type': 1}, {'idp': 4, 'x': 2.17, 'y': 0.708, 'r': 0.4, 'type': 1}, {'idp': 5, 'x': 3.143, 'y': -1.23, 'r': 0.4, 'type': 1}]
30197,1398693951.5742269,[{'idp': 1, 'x': 0.875, 'y': 0.981, 'r': 0.4, 'type': 1}, {'idp': 2, 'x': 0.752, 'y': 1.064, 'r': 0.4, 'type': 1}, {'idp': 3, 'x': 3.071, 'y': 0.587, 'r': 0.4, 'type': 1}, {'idp': 4, 'x': 2.135, 'y': 0.71, 'r': 0.4, 'type': 1}, {'idp': 5, 'x': 3.174, 'y': -1.231, 'r': 0.4, 'type': 1}]
30198,1398693951.6136885,[{'idp': 1, 'x': 0.823, 'y': 0.983, 'r': 0.4, 'type': 1}, {'idp': 2, 'x': 0.823, 'y': 0.983, 'r': 0.4, 'type': 1}, {'idp': 3, 'x': 3.012, 'y': 0.606, 'r': 0.4, 'type': 1}, {'idp': 4, 'x': 2.096, 'y': 0.712, 'r': 0.4, 'type': 1}, {'idp': 5, 'x': 3.2, 'y': -1.24, 'r': 0.4, 'type': 1}]
30199,1398693951.6536872,[{'idp': 1, 'x': 0.777, 'y': 0.981, 'r': 0.4, 'type': 1}, {'idp': 2, 'x': 0.777, 'y': 0.981, 'r': 0.4, 'type': 1}, {'idp': 3, 'x': 2.961, 'y': 0.595, 'r': 0.4, 'type': 1}, {'idp': 4, 'x': 2.065, 'y': 0.712, 'r': 0.4, 'type': 1}, {'idp': 5, 'x': 3.216, 'y': -1.238, 'r': 0.4, 'type': 1}]
30200,1398693951.6537192,[{'idp': 1, 'x': 0.726, 'y': 0.977, 'r': 0.4, 'type': 1}, {'idp': 2, 'x': 0.726, 'y': 0.977, 'r': 0.4, 'type': 1}, {'idp': 3, 'x': 2.935, 'y': 0.595, 'r': 0.4, 'type': 1}, {'idp': 4, 'x': 2.035, 'y': 0.709, 'r': 0.4, 'type': 1}, {'idp': 5, 'x': 3.224, 'y': -1.239, 'r': 0.4, 'type': 1}]
30201,1398693951.6939023,[{'idp': 1, 'x': 0.666, 'y': 0.95, 'r': 0.4, 'type': 1}, {'idp': 2, 'x': 0.666, 'y': 0.95, 'r': 0.4, 'type': 1}, {'idp': 3, 'x': 2.908, 'y': 0.614, 'r': 0.4, 'type': 1}, {'idp': 4, 'x': 1.988, 'y': 0.72, 'r': 0.4, 'type': 1}, {'idp': 5, 'x': 3.236, 'y': -1.246, 'r': 0.4, 'type': 1}]
30202,1398693951.6986837,[{'idp': 1, 'x': 0.616, 'y': 0.921, 'r': 0.4, 'type': 1}, {'idp': 2, 'x': 0.616, 'y': 0.921, 'r': 0.4, 'type': 1}, {'idp': 3, 'x': 2.838, 'y': 0.598, 'r': 0.4, 'type': 1}, {'idp': 4, 'x': 1.961, 'y': 0.72, 'r': 0.4, 'type': 1}, {'idp': 5, 'x': 3.244, 'y': -1.249, 'r': 0.4, 'type': 1}]
30203,1398693951.7376952,[{'idp': 1, 'x': 0.605, 'y': 0.931, 'r': 0.4, 'type': 1}, {'idp': 2, 'x': 0.605, 'y': 0.931, 'r': 0.4, 'type': 1}, {'idp': 3, 'x': 2.794, 'y': 0.588, 'r': 0.4, 'type': 1}, {'idp': 4, 'x': 1.928, 'y': 0.727, 'r': 0.4, 'type': 1}, {'idp': 5, 'x': 3.267, 'y': -1.256, 'r': 0.4, 'type': 1}]
30204,1398693951.7777443,[{'idp': 1, 'x': 0.595, 'y': 0.931, 'r': 0.4, 'type': 1}, {'idp': 2, 'x': 0.595, 'y': 0.931, 'r': 0.4, 'type': 1}, {'idp': 3, 'x': 2.759, 'y': 0.593, 'r': 0.4, 'type': 1}, {'idp': 4, 'x': 1.903, 'y': 0.725, 'r': 0.4, 'type': 1}, {'idp': 5, 'x': 3.305, 'y': -1.27, 'r': 0.4, 'type': 1}]
30205,1398693951.7777734,[{'idp': 1, 'x': 0.563, 'y': 0.921, 'r': 0.4, 'type': 1}, {'idp': 2, 'x': 0.563, 'y': 0.921, 'r': 0.4, 'type': 1}, {'idp': 3, 'x': 2.72, 'y': 0.616, 'r': 0.4, 'type': 1}, {'idp': 4, 'x': 1.875, 'y': 0.727, 'r': 0.4, 'type': 1}, {'idp': 5, 'x': 3.348, 'y': -1.277, 'r': 0.4, 'type': 1}]
30206,1398693951.8177783,[{'idp': 1, 'x': 0.538, 'y': 0.921, 'r': 0.4, 'type': 1}, {'idp': 2, 'x': 0.538, 'y': 0.921, 'r': 0.4, 'type': 1}, {'idp': 3, 'x': 2.692, 'y': 0.629, 'r': 0.4, 'type': 1}, {'idp': 4, 'x': 1.84, 'y': 0.728, 'r': 0.4, 'type': 1}, {'idp': 5, 'x': 3.4, 'y': -1.278, 'r': 0.4, 'type': 1}]
30207,1398693951.8235812,[{'idp': 1, 'x': 0.511, 'y': 0.925, 'r': 0.4, 'type': 1}, {'idp': 2, 'x': 0.511, 'y': 0.925, 'r': 0.4, 'type': 1}, {'idp': 3, 'x': 2.637, 'y': 0.622, 'r': 0.4, 'type': 1}, {'idp': 4, 'x': 1.804, 'y': 0.732, 'r': 0.4, 'type': 1}, {'idp': 5, 'x': 3.45, 'y': -1.27, 'r': 0.4, 'type': 1}]
30208,1398693951.8616886,[{'idp': 1, 'x': 0.485, 'y': 0.931, 'r': 0.4, 'type': 1}, {'idp': 2, 'x': 0.485, 'y': 0.931, 'r': 0.4, 'type': 1}, {'idp': 3, 'x': 2.583, 'y': 0.614, 'r': 0.4, 'type': 1}, {'idp': 4, 'x': 1.775, 'y': 0.735, 'r': 0.4, 'type': 1}, {'idp': 5, 'x': 3.462, 'y': -1.279, 'r': 0.4, 'type': 1}]
30209,1398693951.901662,[{'idp': 1, 'x': 0.459, 'y': 0.934, 'r': 0.4, 'type': 1}, {'idp': 2, 'x': 0.459, 'y': 0.934, 'r': 0.4, 'type': 1}, {'idp': 3, 'x': 2.54, 'y': 0.631, 'r': 0.4, 'type': 1}, {'idp': 4, 'x': 1.759, 'y': 0.741, 'r': 0.4, 'type': 1}, {'idp': 5, 'x': 3.484, 'y': -1.28, 'r': 0.4, 'type': 1}]
30210,1398693951.9016945,[{'idp': 1, 'x': 0.426, 'y': 0.929, 'r': 0.4, 'type': 1}, {'idp': 2, 'x': 0.426, 'y': 0.929, 'r': 0.4, 'type': 1}, {'idp': 3, 'x': 2.536, 'y': 0.668, 'r': 0.4, 'type': 1}, {'idp': 4, 'x': 1.714, 'y': 0.759, 'r': 0.4, 'type': 1}, {'idp': 5, 'x': 3.505, 'y': -1.291, 'r': 0.4, 'type': 1}]
30211,1398693951.9417331,[{'idp': 1, 'x': 0.395, 'y': 0.915, 'r': 0.4, 'type': 1}, {'idp': 2, 'x': 0.395, 'y': 0.915, 'r': 0.4, 'type': 1}, {'idp': 3, 'x': 2.496, 'y': 0.678, 'r': 0.4, 'type': 1}, {'idp': 4, 'x': 1.69, 'y': 0.76, 'r': 0.4, 'type': 1}, {'idp': 5, 'x': 3.526, 'y': -1.302, 'r': 0.4, 'type': 1}]
30212,1398693951.9482384,[{'idp': 1, 'x': 0.364, 'y': 0.906, 'r': 0.4, 'type': 1}, {'idp': 2, 'x': 0.364, 'y': 0.906, 'r': 0.4, 'type': 1}, {'idp': 3, 'x': 2.471, 'y': 0.686, 'r': 0.4, 'type': 1}, {'idp': 4, 'x': 1.658, 'y': 0.769, 'r': 0.4, 'type': 1}, {'idp': 5, 'x': 3.566, 'y': -1.317, 'r': 0.4, 'type': 1}]
30213,1398693951.9857156,[{'idp': 1, 'x': 0.333, 'y': 0.895, 'r': 0.4, 'type': 1}, {'idp': 2, 'x': 0.333, 'y': 0.895, 'r': 0.4, 'type': 1}, {'idp': 3, 'x': 2.443, 'y': 0.715, 'r': 0.4, 'type': 1}, {'idp': 4, 'x': 1.64, 'y': 0.765, 'r': 0.4, 'type': 1}, {'idp': 5, 'x': 3.579, 'y': -1.313, 'r': 0.4, 'type': 1}]
30214,1398693952.025658,[{'idp': 1, 'x': 0.314, 'y': 0.884, 'r': 0.4, 'type': 1}, {'idp': 2, 'x': 0.314, 'y': 0.884, 'r': 0.4, 'type': 1}, {'idp': 3, 'x': 2.405, 'y': 0.752, 'r': 0.4, 'type': 1}, {'idp': 4, 'x': 1.593, 'y': 0.775, 'r': 0.4, 'type': 1}, {'idp': 5, 'x': 3.611, 'y': -1.316, 'r': 0.4, 'type': 1}]
30215,1398693952.025706,[{'idp': 1, 'x': 0.346, 'y': 0.839, 'r': 0.4, 'type': 1}, {'idp': 2, 'x': 0.346, 'y': 0.839, 'r': 0.4, 'type': 1}, {'idp': 3, 'x': 2.363, 'y': 0.77, 'r': 0.4, 'type': 1}, {'idp': 4, 'x': 1.547, 'y': 0.77, 'r': 0.4, 'type': 1}, {'idp': 5, 'x': 3.633, 'y': -1.307, 'r': 0.4, 'type': 1}]
30216,1398693952.0657866,[{'idp': 1, 'x': 0.34, 'y': 0.825, 'r': 0.4, 'type': 1}, {'idp': 2, 'x': 0.34, 'y': 0.825, 'r': 0.4, 'type': 1}, {'idp': 3, 'x': 2.373, 'y': 0.793, 'r': 0.4, 'type': 1}, {'idp': 4, 'x': 1.495, 'y': 0.765, 'r': 0.4, 'type': 1}, {'idp': 5, 'x': 3.652, 'y': -1.314, 'r': 0.4, 'type': 1}]
30217,1398693952.0728407,[{'idp': 1, 'x': 0.317, 'y': 0.827, 'r': 0.4, 'type': 1}, {'idp': 2, 'x': 0.317, 'y': 0.827, 'r': 0.4, 'type': 1}, {'idp': 3, 'x': 2.334, 'y': 0.784, 'r': 0.4, 'type': 1}, {'idp': 4, 'x': 1.435, 'y': 0.758, 'r': 0.4, 'type': 1}, {'idp': 5, 'x': 3.673, 'y': -1.322, 'r': 0.4, 'type': 1}]
30218,1398693952.1096585,[{'idp': 1, 'x': 0.287, 'y': 0.814, 'r': 0.4, 'type': 1}, {'idp': 2, 'x': 0.287, 'y': 0.814, 'r': 0.4, 'type': 1}, {'idp': 3, 'x': 2.305, 'y': 0.781, 'r': 0.4, 'type': 1}, {'idp': 4, 'x': 1.371, 'y': 0.747, 'r': 0.4, 'type': 1}, {'idp': 5, 'x': 3.675, 'y': -1.305, 'r': 0.4, 'type': 1}]
30219,1398693952.1497898,[{'idp': 1, 'x': 0.265, 'y': 0.813, 'r': 0.4, 'type': 1}, {'idp': 2, 'x': 0.265, 'y': 0.813, 'r': 0.4, 'type': 1}, {'idp': 3, 'x': 2.271, 'y': 0.786, 'r': 0.4, 'type': 1}, {'idp': 4, 'x': 1.303, 'y': 0.73, 'r': 0.4, 'type': 1}, {'idp': 5, 'x': 3.667, 'y': -1.292, 'r': 0.4, 'type': 1}]
30220,1398693952.1498244,[{'idp': 1, 'x': 0.235, 'y': 0.803, 'r': 0.4, 'type': 1}, {'idp': 2, 'x': 0.235, 'y': 0.803, 'r': 0.4, 'type': 1}, {'idp': 3, 'x': 2.242, 'y': 0.787, 'r': 0.4, 'type': 1}, {'idp': 4, 'x': 1.289, 'y': 0.741, 'r': 0.4, 'type': 1}, {'idp': 5, 'x': 3.665, 'y': -1.282, 'r': 0.4, 'type': 1}]
30221,1398693952.189727,[{'idp': 1, 'x': 0.193, 'y': 0.775, 'r': 0.4, 'type': 1}, {'idp': 2, 'x': 0.193, 'y': 0.775, 'r': 0.4, 'type': 1}, {'idp': 3, 'x': 2.211, 'y': 0.792, 'r': 0.4, 'type': 1}, {'idp': 4, 'x': 1.284, 'y': 0.763, 'r': 0.4, 'type': 1}, {'idp': 5, 'x': 3.671, 'y': -1.267, 'r': 0.4, 'type': 1}]
30222,1398693952.197461,[{'idp': 1, 'x': 0.154, 'y': 0.745, 'r': 0.4, 'type': 1}, {'idp': 2, 'x': 0.154, 'y': 0.745, 'r': 0.4, 'type': 1}, {'idp': 3, 'x': 2.178, 'y': 0.795, 'r': 0.4, 'type': 1}, {'idp': 4, 'x': 1.266, 'y': 0.777, 'r': 0.4, 'type': 1}, {'idp': 5, 'x': 3.662, 'y': -1.244, 'r': 0.4, 'type': 1}]
30223,1398693952.2337375,[{'idp': 1, 'x': 0.113, 'y': 0.694, 'r': 0.4, 'type': 1}, {'idp': 2, 'x': 0.113, 'y': 0.694, 'r': 0.4, 'type': 1}, {'idp': 3, 'x': 2.146, 'y': 0.783, 'r': 0.4, 'type': 1}, {'idp': 4, 'x': 1.254, 'y': 0.79, 'r': 0.4, 'type': 1}, {'idp': 5, 'x': 3.665, 'y': -1.236, 'r': 0.4, 'type': 1}]
30224,1398693952.2737598,[{'idp': 1, 'x': 0.103, 'y': 0.715, 'r': 0.4, 'type': 1}, {'idp': 2, 'x': 0.103, 'y': 0.715, 'r': 0.4, 'type': 1}, {'idp': 3, 'x': 2.128, 'y': 0.734, 'r': 0.4, 'type': 1}, {'idp': 4, 'x': 1.243, 'y': 0.804, 'r': 0.4, 'type': 1}, {'idp': 5, 'x': 3.662, 'y': -1.216, 'r': 0.4, 'type': 1}]
30225,1398693952.3135808,[{'idp': 1, 'x': 0.076, 'y': 0.737, 'r': 0.4, 'type': 1}, {'idp': 3, 'x': 2.096, 'y': 0.743, 'r': 0.4, 'type': 1}, {'idp': 4, 'x': 1.224, 'y': 0.813, 'r': 0.4, 'type': 1}, {'idp': 5, 'x': 3.696, 'y': -1.228, 'r': 0.4, 'type': 1}]
30226,1398693952.3135908,[{'idp': 1, 'x': 0.071, 'y': 0.724, 'r': 0.4, 'type': 1}, {'idp': 3, 'x': 2.068, 'y': 0.747, 'r': 0.4, 'type': 1}, {'idp': 4, 'x': 1.204, 'y': 0.821, 'r': 0.4, 'type': 1}, {'idp': 5, 'x': 3.734, 'y': -1.223, 'r': 0.4, 'type': 1}]
30227,1398693952.3537204,[{'idp': 1, 'x': 0.071, 'y': 0.7, 'r': 0.4, 'type': 1}, {'idp': 3, 'x': 2.033, 'y': 0.753, 'r': 0.4, 'type': 1}, {'idp': 4, 'x': 1.175, 'y': 0.826, 'r': 0.4, 'type': 1}, {'idp': 5, 'x': 3.753, 'y': -1.229, 'r': 0.4, 'type': 1}]
30228,1398693952.353745,[{'idp': 1, 'x': 0.058, 'y': 0.699, 'r': 0.4, 'type': 1}, {'idp': 3, 'x': 1.991, 'y': 0.761, 'r': 0.4, 'type': 1}, {'idp': 4, 'x': 1.156, 'y': 0.833, 'r': 0.4, 'type': 1}, {'idp': 5, 'x': 3.794, 'y': -1.27, 'r': 0.4, 'type': 1}]
30229,1398693952.3937137,[{'idp': 1, 'x': 0.052, 'y': 0.695, 'r': 0.4, 'type': 1}, {'idp': 3, 'x': 1.96, 'y': 0.771, 'r': 0.4, 'type': 1}, {'idp': 4, 'x': 1.102, 'y': 0.827, 'r': 0.4, 'type': 1}, {'idp': 5, 'x': 3.894, 'y': -1.295, 'r': 0.4, 'type': 1}]
30230,1398693952.396437,[{'idp': 1, 'x': 0.046, 'y': 0.692, 'r': 0.4, 'type': 1}, {'idp': 3, 'x': 1.933, 'y': 0.785, 'r': 0.4, 'type': 1}, {'idp': 4, 'x': 1.054, 'y': 0.825, 'r': 0.4, 'type': 1}, {'idp': 5, 'x': 3.964, 'y': -1.299, 'r': 0.4, 'type': 1}]
30231,1398693952.4336972,[{'idp': 1, 'x': 0.04, 'y': 0.693, 'r': 0.4, 'type': 1}, {'idp': 3, 'x': 1.899, 'y': 0.79, 'r': 0.4, 'type': 1}, {'idp': 4, 'x': 1.02, 'y': 0.827, 'r': 0.4, 'type': 1}, {'idp': 5, 'x': 4.041, 'y': -1.324, 'r': 0.4, 'type': 1}]
30232,1398693952.4736927,[{'idp': 1, 'x': 0.032, 'y': 0.696, 'r': 0.4, 'type': 1}, {'idp': 3, 'x': 1.875, 'y': 0.792, 'r': 0.4, 'type': 1}, {'idp': 4, 'x': 0.974, 'y': 0.82, 'r': 0.4, 'type': 1}, {'idp': 5, 'x': 4.091, 'y': -1.32, 'r': 0.4, 'type': 1}]
30233,1398693952.473722,[{'idp': 1, 'x': 0.027, 'y': 0.703, 'r': 0.4, 'type': 1}, {'idp': 3, 'x': 1.845, 'y': 0.81, 'r': 0.4, 'type': 1}, {'idp': 4, 'x': 0.945, 'y': 0.812, 'r': 0.4, 'type': 1}, {'idp': 5, 'x': 4.139, 'y': -1.323, 'r': 0.4, 'type': 1}]
30234,1398693952.5137486,[{'idp': 1, 'x': 0.019, 'y': 0.715, 'r': 0.4, 'type': 1}, {'idp': 3, 'x': 1.807, 'y': 0.837, 'r': 0.4, 'type': 1}, {'idp': 4, 'x': 0.921, 'y': 0.811, 'r': 0.4, 'type': 1}, {'idp': 5, 'x': 4.18, 'y': -1.348, 'r': 0.4, 'type': 1}]
30235,1398693952.5223682,[{'idp': 1, 'x': 0.008, 'y': 0.726, 'r': 0.4, 'type': 1}, {'idp': 3, 'x': 1.757, 'y': 0.875, 'r': 0.4, 'type': 1}, {'idp': 4, 'x': 0.892, 'y': 0.807, 'r': 0.4, 'type': 1}, {'idp': 5, 'x': 4.203, 'y': -1.345, 'r': 0.4, 'type': 1}]
30236,1398693952.561643,[{'idp': 1, 'x': 0.008, 'y': 0.726, 'r': 0.4, 'type': 1}, {'idp': 3, 'x': 1.72, 'y': 0.888, 'r': 0.4, 'type': 1}, {'idp': 4, 'x': 0.846, 'y': 0.803, 'r': 0.4, 'type': 1}, {'idp': 5, 'x': 4.23, 'y': -1.336, 'r': 0.4, 'type': 1}]
30237,1398693952.6017237,[{'idp': 3, 'x': 1.693, 'y': 0.886, 'r': 0.4, 'type': 1}, {'idp': 4, 'x': 0.801, 'y': 0.814, 'r': 0.4, 'type': 1}, {'idp': 5, 'x': 4.287, 'y': -1.326, 'r': 0.4, 'type': 1}]
30238,1398693952.601758,[{'idp': 3, 'x': 1.662, 'y': 0.884, 'r': 0.4, 'type': 1}, {'idp': 4, 'x': 0.764, 'y': 0.836, 'r': 0.4, 'type': 1}, {'idp': 5, 'x': 4.287, 'y': -1.338, 'r': 0.4, 'type': 1}]
30239,1398693952.6416972,[{'idp': 3, 'x': 1.629, 'y': 0.882, 'r': 0.4, 'type': 1}, {'idp': 4, 'x': 0.741, 'y': 0.856, 'r': 0.4, 'type': 1}, {'idp': 5, 'x': 4.289, 'y': -1.349, 'r': 0.4, 'type': 1}]
30240,1398693952.646329,[{'idp': 3, 'x': 1.594, 'y': 0.885, 'r': 0.4, 'type': 1}, {'idp': 4, 'x': 0.717, 'y': 0.873, 'r': 0.4, 'type': 1}, {'idp': 5, 'x': 4.309, 'y': -1.334, 'r': 0.4, 'type': 1}]
30241,1398693952.6856472,[{'idp': 3, 'x': 1.563, 'y': 0.878, 'r': 0.4, 'type': 1}, {'idp': 4, 'x': 0.686, 'y': 0.887, 'r': 0.4, 'type': 1}, {'idp': 5, 'x': 4.322, 'y': -1.339, 'r': 0.4, 'type': 1}]
30242,1398693952.7256866,[{'idp': 3, 'x': 1.535, 'y': 0.884, 'r': 0.4, 'type': 1}, {'idp': 4, 'x': 0.649, 'y': 0.902, 'r': 0.4, 'type': 1}, {'idp': 5, 'x': 4.33, 'y': -1.341, 'r': 0.4, 'type': 1}]
30243,1398693952.725716,[{'idp': 3, 'x': 1.505, 'y': 0.889, 'r': 0.4, 'type': 1}, {'idp': 4, 'x': 0.602, 'y': 0.908, 'r': 0.4, 'type': 1}, {'idp': 5, 'x': 4.357, 'y': -1.339, 'r': 0.4, 'type': 1}]
30244,1398693952.7657743,[{'idp': 3, 'x': 1.477, 'y': 0.904, 'r': 0.4, 'type': 1}, {'idp': 4, 'x': 0.565, 'y': 0.913, 'r': 0.4, 'type': 1}, {'idp': 5, 'x': 4.433, 'y': -1.339, 'r': 0.4, 'type': 1}]
30245,1398693952.7723525,[{'idp': 3, 'x': 1.449, 'y': 0.917, 'r': 0.4, 'type': 1}, {'idp': 4, 'x': 0.522, 'y': 0.932, 'r': 0.4, 'type': 1}, {'idp': 5, 'x': 4.457, 'y': -1.327, 'r': 0.4, 'type': 1}]
30246,1398693952.8097491,[{'idp': 3, 'x': 1.412, 'y': 0.929, 'r': 0.4, 'type': 1}, {'idp': 4, 'x': 0.497, 'y': 0.943, 'r': 0.4, 'type': 1}, {'idp': 5, 'x': 4.481, 'y': -1.324, 'r': 0.4, 'type': 1}]
30247,1398693952.8496666,[{'idp': 3, 'x': 1.377, 'y': 0.933, 'r': 0.4, 'type': 1}, {'idp': 4, 'x': 0.461, 'y': 0.952, 'r': 0.4, 'type': 1}, {'idp': 5, 'x': 4.526, 'y': -1.338, 'r': 0.4, 'type': 1}]
30248,1398693952.8496983,[{'idp': 3, 'x': 1.344, 'y': 0.938, 'r': 0.4, 'type': 1}, {'idp': 4, 'x': 0.437, 'y': 0.947, 'r': 0.4, 'type': 1}, {'idp': 5, 'x': 4.521, 'y': -1.339, 'r': 0.4, 'type': 1}]
30249,1398693952.88977,[{'idp': 3, 'x': 1.315, 'y': 0.959, 'r': 0.4, 'type': 1}, {'idp': 4, 'x': 0.405, 'y': 0.959, 'r': 0.4, 'type': 1}, {'idp': 5, 'x': 4.519, 'y': -1.34, 'r': 0.4, 'type': 1}]
30250,1398693952.8957288,[{'idp': 3, 'x': 1.29, 'y': 0.967, 'r': 0.4, 'type': 1}, {'idp': 4, 'x': 0.382, 'y': 0.961, 'r': 0.4, 'type': 1}, {'idp': 5, 'x': 4.567, 'y': -1.344, 'r': 0.4, 'type': 1}]
30251,1398693952.9336948,[{'idp': 3, 'x': 1.252, 'y': 0.966, 'r': 0.4, 'type': 1}, {'idp': 4, 'x': 0.357, 'y': 0.955, 'r': 0.4, 'type': 1}, {'idp': 5, 'x': 4.62, 'y': -1.381, 'r': 0.4, 'type': 1}]
30252,1398693952.9737265,[{'idp': 3, 'x': 1.214, 'y': 0.967, 'r': 0.4, 'type': 1}, {'idp': 4, 'x': 0.332, 'y': 0.959, 'r': 0.4, 'type': 1}, {'idp': 5, 'x': 4.665, 'y': -1.384, 'r': 0.4, 'type': 1}]
30253,1398693952.973765,[{'idp': 3, 'x': 1.18, 'y': 0.961, 'r': 0.4, 'type': 1}, {'idp': 4, 'x': 0.303, 'y': 0.962, 'r': 0.4, 'type': 1}, {'idp': 5, 'x': 4.694, 'y': -1.359, 'r': 0.4, 'type': 1}]
30254,1398693953.013725,[{'idp': 3, 'x': 1.157, 'y': 0.963, 'r': 0.4, 'type': 1}, {'idp': 4, 'x': 0.276, 'y': 0.963, 'r': 0.4, 'type': 1}, {'idp': 5, 'x': 4.723, 'y': -1.334, 'r': 0.4, 'type': 1}]
30255,1398693953.020444,[{'idp': 3, 'x': 1.13, 'y': 0.953, 'r': 0.4, 'type': 1}, {'idp': 4, 'x': 0.258, 'y': 0.959, 'r': 0.4, 'type': 1}, {'idp': 5, 'x': 4.743, 'y': -1.329, 'r': 0.4, 'type': 1}]
30256,1398693953.057693,[{'idp': 3, 'x': 1.104, 'y': 0.944, 'r': 0.4, 'type': 1}, {'idp': 4, 'x': 0.244, 'y': 0.942, 'r': 0.4, 'type': 1}, {'idp': 5, 'x': 4.733, 'y': -1.337, 'r': 0.4, 'type': 1}]
30257,1398693953.0977814,[{'idp': 3, 'x': 1.082, 'y': 0.936, 'r': 0.4, 'type': 1}, {'idp': 4, 'x': 0.228, 'y': 0.943, 'r': 0.4, 'type': 1}, {'idp': 5, 'x': 4.747, 'y': -1.364, 'r': 0.4, 'type': 1}]
30258,1398693953.0978131,[{'idp': 3, 'x': 1.057, 'y': 0.927, 'r': 0.4, 'type': 1}, {'idp': 4, 'x': 0.21, 'y': 0.939, 'r': 0.4, 'type': 1}, {'idp': 5, 'x': 4.737, 'y': -1.35, 'r': 0.4, 'type': 1}]
30259,1398693953.1377006,[{'idp': 3, 'x': 1.03, 'y': 0.927, 'r': 0.4, 'type': 1}, {'idp': 4, 'x': 0.193, 'y': 0.936, 'r': 0.4, 'type': 1}, {'idp': 5, 'x': 4.755, 'y': -1.332, 'r': 0.4, 'type': 1}]
30260,1398693953.1453173,[{'idp': 3, 'x': 1.005, 'y': 0.902, 'r': 0.4, 'type': 1}, {'idp': 4, 'x': 0.169, 'y': 0.939, 'r': 0.4, 'type': 1}, {'idp': 5, 'x': 4.771, 'y': -1.325, 'r': 0.4, 'type': 1}]
30261,1398693953.1817346,[{'idp': 3, 'x': 0.982, 'y': 0.92, 'r': 0.4, 'type': 1}, {'idp': 4, 'x': 0.134, 'y': 0.946, 'r': 0.4, 'type': 1}, {'idp': 5, 'x': 4.761, 'y': -1.311, 'r': 0.4, 'type': 1}]
30262,1398693953.2216814,[{'idp': 3, 'x': 0.958, 'y': 0.926, 'r': 0.4, 'type': 1}, {'idp': 4, 'x': 0.106, 'y': 0.926, 'r': 0.4, 'type': 1}, {'idp': 5, 'x': 4.798, 'y': -1.321, 'r': 0.4, 'type': 1}]
30263,1398693953.2217124,[{'idp': 3, 'x': 0.913, 'y': 0.91, 'r': 0.4, 'type': 1}, {'idp': 4, 'x': 0.078, 'y': 0.897, 'r': 0.4, 'type': 1}, {'idp': 5, 'x': 4.833, 'y': -1.32, 'r': 0.4, 'type': 1}]
30264,1398693953.2617083,[{'idp': 3, 'x': 0.872, 'y': 0.911, 'r': 0.4, 'type': 1}, {'idp': 4, 'x': 0.051, 'y': 0.913, 'r': 0.4, 'type': 1}, {'idp': 5, 'x': 4.898, 'y': -1.326, 'r': 0.4, 'type': 1}]
30265,1398693953.2703676,[{'idp': 3, 'x': 0.83, 'y': 0.914, 'r': 0.4, 'type': 1}, {'idp': 4, 'x': 0.023, 'y': 0.936, 'r': 0.4, 'type': 1}, {'idp': 5, 'x': 4.956, 'y': -1.354, 'r': 0.4, 'type': 1}]
30266,1398693953.309734,[{'idp': 3, 'x': 0.796, 'y': 0.925, 'r': 0.4, 'type': 1}, {'idp': 4, 'x': 0.011, 'y': 1.189, 'r': 0.4, 'type': 1}, {'idp': 5, 'x': 4.993, 'y': -1.352, 'r': 0.4, 'type': 1}]
30267,1398693953.349647,[{'idp': 3, 'x': 0.762, 'y': 0.939, 'r': 0.4, 'type': 1}, {'idp': 4, 'x': 0.011, 'y': 1.189, 'r': 0.4, 'type': 1}, {'idp': 5, 'x': 5.043, 'y': -1.353, 'r': 0.4, 'type': 1}]
30268,1398693953.3496773,[{'idp': 3, 'x': 0.725, 'y': 0.952, 'r': 0.4, 'type': 1}, {'idp': 4, 'x': 0.011, 'y': 1.189, 'r': 0.4, 'type': 1}, {'idp': 5, 'x': 5.052, 'y': -1.367, 'r': 0.4, 'type': 1}]
30269,1398693953.3896778,[{'idp': 3, 'x': 0.682, 'y': 0.955, 'r': 0.4, 'type': 1}, {'idp': 5, 'x': 5.103, 'y': -1.368, 'r': 0.4, 'type': 1}]
30270,1398693953.3948488,[{'idp': 3, 'x': 0.659, 'y': 0.959, 'r': 0.4, 'type': 1}, {'idp': 5, 'x': 5.146, 'y': -1.355, 'r': 0.4, 'type': 1}]
30271,1398693953.4336908,[{'idp': 3, 'x': 0.633, 'y': 0.919, 'r': 0.4, 'type': 1}, {'idp': 5, 'x': 5.185, 'y': -1.39, 'r': 0.4, 'type': 1}]
30272,1398693953.4737887,[{'idp': 3, 'x': 0.605, 'y': 0.908, 'r': 0.4, 'type': 1}, {'idp': 5, 'x': 5.2, 'y': -1.393, 'r': 0.4, 'type': 1}]
30273,1398693953.4738162,[{'idp': 3, 'x': 0.576, 'y': 0.905, 'r': 0.4, 'type': 1}, {'idp': 5, 'x': 5.227, 'y': -1.387, 'r': 0.4, 'type': 1}]
30274,1398693953.513744,[{'idp': 3, 'x': 0.55, 'y': 0.92, 'r': 0.4, 'type': 1}, {'idp': 5, 'x': 5.262, 'y': -1.372, 'r': 0.4, 'type': 1}]
30275,1398693953.519232,[{'idp': 3, 'x': 0.515, 'y': 0.936, 'r': 0.4, 'type': 1}, {'idp': 5, 'x': 5.288, 'y': -1.353, 'r': 0.4, 'type': 1}]
30276,1398693953.5577,[{'idp': 3, 'x': 0.49, 'y': 0.94, 'r': 0.4, 'type': 1}, {'idp': 5, 'x': 5.301, 'y': -1.356, 'r': 0.4, 'type': 1}]
30277,1398693953.5976954,[{'idp': 3, 'x': 0.463, 'y': 0.959, 'r': 0.4, 'type': 1}, {'idp': 5, 'x': 5.3, 'y': -1.368, 'r': 0.4, 'type': 1}]
30278,1398693953.5977292,[{'idp': 3, 'x': 0.436, 'y': 0.966, 'r': 0.4, 'type': 1}, {'idp': 5, 'x': 5.312, 'y': -1.371, 'r': 0.4, 'type': 1}]
30279,1398693953.637683,[{'idp': 3, 'x': 0.399, 'y': 0.956, 'r': 0.4, 'type': 1}, {'idp': 5, 'x': 5.321, 'y': -1.373, 'r': 0.4, 'type': 1}]
30280,1398693953.6445966,[{'idp': 3, 'x': 0.36, 'y': 0.953, 'r': 0.4, 'type': 1}, {'idp': 5, 'x': 5.356, 'y': -1.357, 'r': 0.4, 'type': 1}]
30281,1398693953.6817617,[{'idp': 3, 'x': 0.334, 'y': 0.951, 'r': 0.4, 'type': 1}, {'idp': 5, 'x': 5.383, 'y': -1.364, 'r': 0.4, 'type': 1}]
30282,1398693953.7217278,[{'idp': 3, 'x': 0.31, 'y': 0.951, 'r': 0.4, 'type': 1}, {'idp': 5, 'x': 5.437, 'y': -1.352, 'r': 0.4, 'type': 1}]
30283,1398693953.7218285,[{'idp': 3, 'x': 0.282, 'y': 0.95, 'r': 0.4, 'type': 1}, {'idp': 5, 'x': 5.454, 'y': -1.354, 'r': 0.4, 'type': 1}]
30284,1398693953.761709,[{'idp': 3, 'x': 0.252, 'y': 0.947, 'r': 0.4, 'type': 1}, {'idp': 5, 'x': 5.491, 'y': -1.364, 'r': 0.4, 'type': 1}]
30285,1398693953.7694669,[{'idp': 3, 'x': 0.22, 'y': 0.945, 'r': 0.4, 'type': 1}, {'idp': 5, 'x': 5.525, 'y': -1.359, 'r': 0.4, 'type': 1}]
30286,1398693953.8056653,[{'idp': 3, 'x': 0.194, 'y': 0.929, 'r': 0.4, 'type': 1}, {'idp': 5, 'x': 5.54, 'y': -1.381, 'r': 0.4, 'type': 1}]
30287,1398693953.8456504,[{'idp': 3, 'x': 0.167, 'y': 0.909, 'r': 0.4, 'type': 1}, {'idp': 5, 'x': 5.575, 'y': -1.389, 'r': 0.4, 'type': 1}]
30288,1398693953.8456824,[{'idp': 3, 'x': 0.141, 'y': 0.882, 'r': 0.4, 'type': 1}, {'idp': 5, 'x': 5.584, 'y': -1.391, 'r': 0.4, 'type': 1}]
30289,1398693953.8857849,[{'idp': 3, 'x': 0.118, 'y': 0.845, 'r': 0.4, 'type': 1}, {'idp': 5, 'x': 5.614, 'y': -1.412, 'r': 0.4, 'type': 1}]
30290,1398693953.8939672,[{'idp': 3, 'x': 0.098, 'y': 0.819, 'r': 0.4, 'type': 1}, {'idp': 5, 'x': 5.625, 'y': -1.429, 'r': 0.4, 'type': 1}]
30291,1398693953.933708,[{'idp': 3, 'x': 0.075, 'y': 0.812, 'r': 0.4, 'type': 1}, {'idp': 5, 'x': 5.645, 'y': -1.395, 'r': 0.4, 'type': 1}]
30292,1398693953.9737327,[{'idp': 3, 'x': 0.06, 'y': 0.851, 'r': 0.4, 'type': 1}, {'idp': 5, 'x': 5.682, 'y': -1.365, 'r': 0.4, 'type': 1}]
30293,1398693953.9737625,[{'idp': 3, 'x': 0.058, 'y': 0.989, 'r': 0.4, 'type': 1}, {'idp': 5, 'x': 5.716, 'y': -1.374, 'r': 0.4, 'type': 1}]
30294,1398693954.0137172,[{'idp': 3, 'x': 0.052, 'y': 1.281, 'r': 0.4, 'type': 1}, {'idp': 5, 'x': 5.745, 'y': -1.395, 'r': 0.4, 'type': 1}]
30295,1398693954.0180888,[{'idp': 3, 'x': 0.057, 'y': 1.446, 'r': 0.4, 'type': 1}, {'idp': 5, 'x': 5.746, 'y': -1.395, 'r': 0.4, 'type': 1}]
30296,1398693954.0576684,[{'idp': 3, 'x': 0.057, 'y': 1.446, 'r': 0.4, 'type': 1}, {'idp': 5, 'x': 5.743, 'y': -1.394, 'r': 0.4, 'type': 1}]
30297,1398693954.097686,[{'idp': 3, 'x': 0.057, 'y': 1.446, 'r': 0.4, 'type': 1}, {'idp': 5, 'x': 5.746, 'y': -1.382, 'r': 0.4, 'type': 1}]
30298,1398693954.0977147,[{'idp': 3, 'x': 0.057, 'y': 1.446, 'r': 0.4, 'type': 1}, {'idp': 5, 'x': 5.756, 'y': -1.371, 'r': 0.4, 'type': 1}]
30299,1398693954.1377974,[{'idp': 3, 'x': 0.057, 'y': 1.446, 'r': 0.4, 'type': 1}, {'idp': 5, 'x': 5.754, 'y': -1.344, 'r': 0.4, 'type': 1}]
30300,1398693954.1431947,[{'idp': 5, 'x': 5.71, 'y': -1.306, 'r': 0.4, 'type': 1}]
30301,1398693954.1817145,[{'idp': 5, 'x': 5.712, 'y': -1.293, 'r': 0.4, 'type': 1}]
30302,1398693954.221709,[{'idp': 5, 'x': 5.767, 'y': -1.306, 'r': 0.4, 'type': 1}]
30303,1398693954.2217393,[{'idp': 5, 'x': 5.796, 'y': -1.312, 'r': 0.4, 'type': 1}]
30304,1398693954.261694,[{'idp': 5, 'x': 5.867, 'y': -1.328, 'r': 0.4, 'type': 1}]
30305,1398693954.2688453,[{'idp': 5, 'x': 6.039, 'y': -1.368, 'r': 0.4, 'type': 1}]
30306,1398693954.3056798,[{'idp': 5, 'x': 6.009, 'y': -1.388, 'r': 0.4, 'type': 1}]
30307,1398693954.345714,[{'idp': 5, 'x': 6.075, 'y': -1.389, 'r': 0.4, 'type': 1}]
30308,1398693954.3457537,[{'idp': 5, 'x': 6.115, 'y': -1.398, 'r': 0.4, 'type': 1}]
30309,1398693954.3857648,[{'idp': 5, 'x': 6.161, 'y': -1.408, 'r': 0.4, 'type': 1}]
30310,1398693954.3939648,[{'idp': 5, 'x': 6.2, 'y': -1.417, 'r': 0.4, 'type': 1}]
30311,1398693954.4336476,[{'idp': 5, 'x': 6.236, 'y': -1.411, 'r': 0.4, 'type': 1}]
30312,1398693954.4736898,[{'idp': 5, 'x': 6.26, 'y': -1.401, 'r': 0.4, 'type': 1}]
30313,1398693954.4737217,[{'idp': 5, 'x': 6.281, 'y': -1.391, 'r': 0.4, 'type': 1}]
30314,1398693954.513712,[{'idp': 5, 'x': 6.297, 'y': -1.38, 'r': 0.4, 'type': 1}]
30315,1398693954.5168138,[{'idp': 5, 'x': 6.318, 'y': -1.37, 'r': 0.4, 'type': 1}]
30316,1398693954.5536556,[{'idp': 5, 'x': 6.316, 'y': -1.384, 'r': 0.4, 'type': 1}]
30317,1398693954.5937896,[{'idp': 5, 'x': 6.333, 'y': -1.387, 'r': 0.4, 'type': 1}]
30318,1398693954.5938241,[{'idp': 5, 'x': 6.349, 'y': -1.376, 'r': 0.4, 'type': 1}]
30319,1398693954.6337147,[{'idp': 5, 'x': 6.355, 'y': -1.378, 'r': 0.4, 'type': 1}]
30320,1398693954.6423721,[{'idp': 5, 'x': 6.369, 'y': -1.366, 'r': 0.4, 'type': 1}]
30321,1398693954.6817384,[{'idp': 5, 'x': 6.379, 'y': -1.354, 'r': 0.4, 'type': 1}]
30322,1398693954.7216527,[{'idp': 5, 'x': 6.414, 'y': -1.347, 'r': 0.4, 'type': 1}]
30323,1398693954.721685,[{'idp': 5, 'x': 6.467, 'y': -1.315, 'r': 0.4, 'type': 1}]
30324,1398693954.7616813,[{'idp': 5, 'x': 6.506, 'y': -1.324, 'r': 0.4, 'type': 1}]
30325,1398693954.7669759,[{'idp': 5, 'x': 6.542, 'y': -1.316, 'r': 0.4, 'type': 1}]
30326,1398693954.8057725,[{'idp': 5, 'x': 6.598, 'y': -1.313, 'r': 0.4, 'type': 1}]
30327,1398693954.8456905,[{'idp': 5, 'x': 6.628, 'y': -1.334, 'r': 0.4, 'type': 1}]
30328,1398693954.8457246,[{'idp': 5, 'x': 6.649, 'y': -1.338, 'r': 0.4, 'type': 1}]
30329,1398693954.8857377,[{'idp': 5, 'x': 6.684, 'y': -1.33, 'r': 0.4, 'type': 1}]
30330,1398693954.8923645,[{'idp': 5, 'x': 6.723, 'y': -1.308, 'r': 0.4, 'type': 1}]
30331,1398693954.9297526,[{'idp': 5, 'x': 6.761, 'y': -1.315, 'r': 0.4, 'type': 1}]
30332,1398693954.9697006,[{'idp': 5, 'x': 6.757, 'y': -1.315, 'r': 0.4, 'type': 1}]
30333,1398693954.969728,[{'idp': 5, 'x': 6.76, 'y': -1.331, 'r': 0.4, 'type': 1}]
30334,1398693955.0097537,[{'idp': 5, 'x': 6.753, 'y': -1.314, 'r': 0.4, 'type': 1}]
30335,1398693955.0159585,[{'idp': 5, 'x': 6.788, 'y': -1.336, 'r': 0.4, 'type': 1}]
30336,1398693955.053719,[{'idp': 5, 'x': 6.78, 'y': -1.289, 'r': 0.4, 'type': 1}]
30337,1398693955.0936997,[{'idp': 5, 'x': 6.794, 'y': -1.291, 'r': 0.4, 'type': 1}]
30338,1398693955.0937297,[{'idp': 5, 'x': 6.815, 'y': -1.28, 'r': 0.4, 'type': 1}]
30339,1398693955.1337144,[{'idp': 5, 'x': 6.815, 'y': -1.28, 'r': 0.4, 'type': 1}]
30340,1398693955.1408548,[{'idp': 5, 'x': 6.828, 'y': -1.313, 'r': 0.4, 'type': 1}]
30341,1398693955.1776931,[{'idp': 5, 'x': 6.872, 'y': -1.337, 'r': 0.4, 'type': 1}]
30342,1398693955.217688,[{'idp': 5, 'x': 6.954, 'y': -1.338, 'r': 0.4, 'type': 1}]
30343,1398693955.2177205,[{'idp': 5, 'x': 6.992, 'y': -1.266, 'r': 0.4, 'type': 1}]
30344,1398693955.257731,[{'idp': 5, 'x': 7.044, 'y': -1.275, 'r': 0.4, 'type': 1}]
30345,1398693955.265941,[{'idp': 5, 'x': 7.069, 'y': -1.295, 'r': 0.4, 'type': 1}]
30346,1398693955.3056772,[{'idp': 5, 'x': 7.101, 'y': -1.269, 'r': 0.4, 'type': 1}]
30347,1398693955.3456988,[{'idp': 5, 'x': 7.151, 'y': -1.261, 'r': 0.4, 'type': 1}]
30348,1398693955.3457308,[{'idp': 5, 'x': 7.183, 'y': -1.299, 'r': 0.4, 'type': 1}]
30349,1398693955.3857481,[{'idp': 5, 'x': 7.226, 'y': -1.307, 'r': 0.4, 'type': 1}]
30350,1398693955.3907926,[{'idp': 5, 'x': 7.249, 'y': -1.327, 'r': 0.4, 'type': 1}]
30351,1398693955.4297738,[{'idp': 5, 'x': 7.28, 'y': -1.333, 'r': 0.4, 'type': 1}]
30352,1398693955.4698052,[{'idp': 5, 'x': 7.31, 'y': -1.304, 'r': 0.4, 'type': 1}]
30353,1398693955.4698365,[{'idp': 5, 'x': 7.306, 'y': -1.32, 'r': 0.4, 'type': 1}]
30354,1398693955.5098271,[{'idp': 5, 'x': 7.317, 'y': -1.322, 'r': 0.4, 'type': 1}]
30355,1398693955.5163302,[{'idp': 5, 'x': 7.339, 'y': -1.309, 'r': 0.4, 'type': 1}]
30356,1398693955.5536633,[{'idp': 5, 'x': 7.344, 'y': -1.31, 'r': 0.4, 'type': 1}]
30357,1398693955.5937333,[{'idp': 5, 'x': 7.357, 'y': -1.295, 'r': 0.4, 'type': 1}]
30358,1398693955.593765,[{'idp': 5, 'x': 7.375, 'y': -1.299, 'r': 0.4, 'type': 1}]
30359,1398693955.6336904,[{'idp': 5, 'x': 7.38, 'y': -1.316, 'r': 0.4, 'type': 1}]
30360,1398693955.63885,[{'idp': 5, 'x': 7.391, 'y': -1.319, 'r': 0.4, 'type': 1}]
30361,1398693955.677692,[{'idp': 5, 'x': 7.409, 'y': -1.306, 'r': 0.4, 'type': 1}]
30362,1398693955.71779,[{'idp': 5, 'x': 7.441, 'y': -1.295, 'r': 0.4, 'type': 1}]
30363,1398693955.7178311,[{'idp': 5, 'x': 7.474, 'y': -1.284, 'r': 0.4, 'type': 1}]
30364,1398693955.757664,[{'idp': 5, 'x': 7.522, 'y': -1.259, 'r': 0.4, 'type': 1}]
30365,1398693955.763982,[{'idp': 5, 'x': 7.573, 'y': -1.234, 'r': 0.4, 'type': 1}]
30366,1398693955.8016553,[{'idp': 5, 'x': 7.627, 'y': -1.226, 'r': 0.4, 'type': 1}]
30367,1398693955.8417475,[{'idp': 5, 'x': 7.685, 'y': -1.218, 'r': 0.4, 'type': 1}]
30368,1398693955.841776,[{'idp': 5, 'x': 7.725, 'y': -1.242, 'r': 0.4, 'type': 1}]
30369,1398693955.8817363,[{'idp': 5, 'x': 7.766, 'y': -1.248, 'r': 0.4, 'type': 1}]
30370,1398693955.8888679,[{'idp': 5, 'x': 7.789, 'y': -1.217, 'r': 0.4, 'type': 1}]
30371,1398693955.9257624,[{'idp': 5, 'x': 7.802, 'y': -1.167, 'r': 0.4, 'type': 1}]
30372,1398693955.965656,[{'idp': 5, 'x': 7.844, 'y': -1.174, 'r': 0.4, 'type': 1}]
30373,1398693955.9656901,[{'idp': 5, 'x': 7.837, 'y': -1.19, 'r': 0.4, 'type': 1}]
30374,1398693956.0057163,[{'idp': 5, 'x': 7.841, 'y': -1.191, 'r': 0.4, 'type': 1}]
30375,1398693956.0128622,[{'idp': 5, 'x': 7.85, 'y': -1.192, 'r': 0.4, 'type': 1}]
30376,1398693956.049654,[{'idp': 5, 'x': 7.835, 'y': -1.173, 'r': 0.4, 'type': 1}]
30377,1398693956.0896828,[{'idp': 5, 'x': 7.874, 'y': -1.196, 'r': 0.4, 'type': 1}]
30378,1398693956.0897107,[{'idp': 5, 'x': 7.873, 'y': -1.16, 'r': 0.4, 'type': 1}]
30379,1398693956.1297495,[{'idp': 5, 'x': 7.931, 'y': -1.169, 'r': 0.4, 'type': 1}]
30380,1398693956.1395283,[{'idp': 5, 'x': 8.017, 'y': -1.2, 'r': 0.4, 'type': 1}]
30381,1398693956.1776607,[{'idp': 5, 'x': 8.055, 'y': -1.151, 'r': 0.4, 'type': 1}]
30382,1398693956.2177014,[{'idp': 5, 'x': 8.116, 'y': -1.179, 'r': 0.4, 'type': 1}]
30383,1398693956.2177289,[{'idp': 5, 'x': 8.166, 'y': -1.167, 'r': 0.4, 'type': 1}]
30384,1398693956.2576993,[{'idp': 5, 'x': 8.14, 'y': -1.235, 'r': 0.4, 'type': 1}]
30385,1398693956.2620971,[{'idp': 5, 'x': 8.201, 'y': -1.208, 'r': 0.4, 'type': 1}]
30386,1398693956.3017862,[{'idp': 5, 'x': 8.265, 'y': -1.254, 'r': 0.4, 'type': 1}]
30387,1398693956.341731,[{'idp': 5, 'x': 8.309, 'y': -1.28, 'r': 0.4, 'type': 1}]
30388,1398693956.341773,[{'idp': 5, 'x': 8.332, 'y': -1.246, 'r': 0.4, 'type': 1}]
30389,1398693956.3817568,[{'idp': 5, 'x': 8.353, 'y': -1.249, 'r': 0.4, 'type': 1}]
30390,1398693956.3869,[{'idp': 5, 'x': 8.369, 'y': -1.233, 'r': 0.4, 'type': 1}]
30391,1398693956.425646,[{'idp': 5, 'x': 8.367, 'y': -1.194, 'r': 0.4, 'type': 1}]
30392,1398693956.4657042,[{'idp': 5, 'x': 8.394, 'y': -1.198, 'r': 0.4, 'type': 1}]
30393,1398693956.465735,[{'idp': 5, 'x': 8.401, 'y': -1.218, 'r': 0.4, 'type': 1}]
30394,1398693956.5058343,[{'idp': 5, 'x': 8.431, 'y': -1.184, 'r': 0.4, 'type': 1}]
30395,1398693956.5124693,[{'idp': 5, 'x': 8.447, 'y': -1.186, 'r': 0.4, 'type': 1}]
30396,1398693956.5497093,[{'idp': 5, 'x': 8.47, 'y': -1.19, 'r': 0.4, 'type': 1}]
30397,1398693956.589707,[{'idp': 5, 'x': 8.501, 'y': -1.175, 'r': 0.4, 'type': 1}]
30398,1398693956.5897408,[{'idp': 5, 'x': 8.52, 'y': -1.177, 'r': 0.4, 'type': 1}]
30399,1398693956.6297057,[{'idp': 5, 'x': 8.539, 'y': -1.18, 'r': 0.4, 'type': 1}]
30400,1398693956.6361241,[{'idp': 5, 'x': 8.548, 'y': -1.182, 'r': 0.4, 'type': 1}]
30401,1398693956.673694,[{'idp': 5, 'x': 8.581, 'y': -1.167, 'r': 0.4, 'type': 1}]
30402,1398693956.7137163,[{'idp': 5, 'x': 8.626, 'y': -1.174, 'r': 0.4, 'type': 1}]
30403,1398693956.713745,[{'idp': 5, 'x': 8.694, 'y': -1.145, 'r': 0.4, 'type': 1}]
30404,1398693956.7536824,[{'idp': 5, 'x': 8.735, 'y': -1.131, 'r': 0.4, 'type': 1}]
30405,1398693956.7610052,[{'idp': 5, 'x': 8.802, 'y': -1.12, 'r': 0.4, 'type': 1}]
30406,1398693956.7976997,[{'idp': 5, 'x': 8.814, 'y': -1.122, 'r': 0.4, 'type': 1}]
30407,1398693956.837752,[{'idp': 5, 'x': 8.848, 'y': -1.106, 'r': 0.4, 'type': 1}]
30408,1398693956.837784,[{'idp': 5, 'x': 8.876, 'y': -1.11, 'r': 0.4, 'type': 1}]
30409,1398693956.8777223,[{'idp': 5, 'x': 8.927, 'y': -1.156, 'r': 0.4, 'type': 1}]
30410,1398693956.8866093,[{'idp': 5, 'x': 8.929, 'y': -1.137, 'r': 0.4, 'type': 1}]
30411,1398693956.9256823,[{'idp': 5, 'x': 8.924, 'y': -1.137, 'r': 0.4, 'type': 1}]
30412,1398693956.9657352,[{'idp': 5, 'x': 8.924, 'y': -1.136, 'r': 0.4, 'type': 1}]
30413,1398693956.9657652,[{'idp': 5, 'x': 8.967, 'y': -1.162, 'r': 0.4, 'type': 1}]
30414,1398693957.0057344,[{'idp': 5, 'x': 8.991, 'y': -1.125, 'r': 0.4, 'type': 1}]
30415,1398693957.0103297,[{'idp': 5, 'x': 8.973, 'y': -1.103, 'r': 0.4, 'type': 1}]
30416,1398693957.0496645,[{'idp': 5, 'x': 9.024, 'y': -1.109, 'r': 0.4, 'type': 1}]
30417,1398693957.0896947,[{'idp': 5, 'x': 9.033, 'y': -1.071, 'r': 0.4, 'type': 1}]
30418,1398693957.0897279,[{'idp': 5, 'x': 9.119, 'y': -1.101, 'r': 0.4, 'type': 1}]
30419,1398693957.129721,[{'idp': 5, 'x': 9.123, 'y': -1.102, 'r': 0.4, 'type': 1}]
30420,1398693957.135358,[{'idp': 5, 'x': 9.169, 'y': -1.148, 'r': 0.4, 'type': 1}]
30421,1398693957.173662,[{'idp': 5, 'x': 9.203, 'y': -1.111, 'r': 0.4, 'type': 1}]
30422,1398693957.2137024,[{'idp': 5, 'x': 9.199, 'y': -1.13, 'r': 0.4, 'type': 1}]
30423,1398693957.213733,[{'idp': 5, 'x': 9.256, 'y': -1.137, 'r': 0.4, 'type': 1}]
30424,1398693957.2536838,[{'idp': 5, 'x': 9.32, 'y': -1.083, 'r': 0.4, 'type': 1}]
30425,1398693957.2600229,[{'idp': 5, 'x': 9.384, 'y': -1.091, 'r': 0.4, 'type': 1}]
30426,1398693957.2976577,[{'idp': 5, 'x': 9.424, 'y': -1.054, 'r': 0.4, 'type': 1}]
30427,1398693957.3377135,[{'idp': 5, 'x': 9.43, 'y': -0.95, 'r': 0.4, 'type': 1}]
30428,1398693957.3377562,[{'idp': 5, 'x': 9.454, 'y': -0.889, 'r': 0.4, 'type': 1}]
30429,1398693957.377738,[{'idp': 5, 'x': 9.502, 'y': -0.789, 'r': 0.4, 'type': 1}]
30430,1398693957.3842316,[{'idp': 5, 'x': 9.531, 'y': -0.707, 'r': 0.4, 'type': 1}]
30431,1398693957.4217188,[{'idp': 5, 'x': 9.527, 'y': -0.644, 'r': 0.4, 'type': 1}]
30432,1398693957.4616706,[{'idp': 5, 'x': 9.531, 'y': -0.603, 'r': 0.4, 'type': 1}]
30433,1398693957.461689,[{'idp': 5, 'x': 9.515, 'y': -0.581, 'r': 0.4, 'type': 1}]
30434,1398693957.5017307,[{'idp': 5, 'x': 9.568, 'y': -0.542, 'r': 0.4, 'type': 1}]
30435,1398693957.509424,[{'idp': 5, 'x': 9.538, 'y': -0.604, 'r': 0.4, 'type': 1}]
30436,1398693957.5456598,[{'idp': 5, 'x': 9.566, 'y': -0.605, 'r': 0.4, 'type': 1}]
30437,1398693957.5857577,[{'idp': 5, 'x': 9.584, 'y': -0.607, 'r': 0.4, 'type': 1}]
30438,1398693957.5857906,[{'idp': 5, 'x': 9.646, 'y': -0.505, 'r': 0.4, 'type': 1}]
30439,1398693957.6256676,[{'idp': 5, 'x': 9.684, 'y': -0.571, 'r': 0.4, 'type': 1}]
30440,1398693957.6344955,[{'idp': 5, 'x': 9.763, 'y': -0.512, 'r': 0.4, 'type': 1}]
30441,1398693957.6736996,[{'idp': 5, 'x': 9.795, 'y': -0.513, 'r': 0.4, 'type': 1}]
30442,1398693957.7137523,[{'idp': 5, 'x': 9.83, 'y': -0.537, 'r': 0.4, 'type': 1}]
30443,1398693957.71378,[{'idp': 5, 'x': 9.857, 'y': -0.517, 'r': 0.4, 'type': 1}]
30444,1398693957.7537382,[{'idp': 5, 'x': 9.895, 'y': -0.519, 'r': 0.4, 'type': 1}]
30445,1398693957.7581077,[{'idp': 5, 'x': 9.94, 'y': -0.5, 'r': 0.4, 'type': 1}]
30446,1398693957.7976873,[{'idp': 5, 'x': 9.973, 'y': -0.458, 'r': 0.4, 'type': 1}]
30447,1398693957.8376994,[{'idp': 5, 'x': 9.998, 'y': -0.415, 'r': 0.4, 'type': 1}]
30448,1398693957.837726,[{'idp': 5, 'x': 10.042, 'y': -0.352, 'r': 0.4, 'type': 1}]
30449,1398693957.8777199,[{'idp': 5, 'x': 10.047, 'y': -0.308, 'r': 0.4, 'type': 1}]
30450,1398693957.882594,[{'idp': 5, 'x': 10.049, 'y': -0.308, 'r': 0.4, 'type': 1}]
30451,1398693957.9216518,[{'idp': 5, 'x': 10.089, 'y': -0.398, 'r': 0.4, 'type': 1}]
30452,1398693957.961713,[]
30453,1398693957.9617405,[]
30454,1398693958.00176,[]
30455,1398693958.0078602,[]
30456,1398693958.0456545,[]
30457,1398693958.0857108,[]
30458,1398693958.0857413,[]
30459,1398693958.1257308,[]
30460,1398693958.1341677,[]
30461,1398693958.1736405,[]
30462,1398693958.2137043,[]
30463,1398693958.213732,[]
30464,1398693958.2536702,[]
30465,1398693958.2568502,[]
30466,1398693958.2937427,[]
30467,1398693958.3336544,[]
30468,1398693958.333705,[]
30469,1398693958.3737257,[]
30470,1398693958.3813071,[]
30471,1398693958.4177413,[]
30472,1398693958.4577112,[]
30473,1398693958.4577432,[]
30474,1398693958.4976828,[]
30475,1398693958.5067327,[]
30476,1398693958.5456204,[]
30477,1398693958.5856984,[]
30478,1398693958.5857937,[]
30479,1398693958.625699,[]
30480,1398693958.6309469,[]
30481,1398693958.6696742,[]
30482,1398693958.7097096,[]
30483,1398693958.70974,[]
30484,1398693958.7497165,[]
30485,1398693958.7559555,[]
30486,1398693958.7938526,[]
30487,1398693958.8337073,[]
30488,1398693958.8337395,[]
30489,1398693958.8737206,[]
30490,1398693958.879859,[]
30491,1398693958.9176857,[]
30492,1398693958.9576943,[]
30493,1398693958.9577222,[]
30494,1398693958.997787,[]
30495,1398693959.0098143,[]
30496,1398693959.0496585,[]
30497,1398693959.0897048,[]
30498,1398693959.089738,[]
30499,1398693959.1297157,[]
30500,1398693959.1297438,[]
30501,1398693959.1696815,[]
30502,1398693959.1794665,[]
30503,1398693959.2177124,[]
30504,1398693959.2576988,[]
30505,1398693959.2577298,[]
30506,1398693959.2976656,[]
30507,1398693959.3047373,[]
30508,1398693959.341689,[]
30509,1398693959.3816774,[]
30510,1398693959.3817072,[]
30511,1398693959.4216733,[]
30512,1398693959.4285119,[]
30513,1398693959.4657135,[]
30514,1398693959.5057023,[]
30515,1398693959.5057366,[]
30516,1398693959.5457027,[]
30517,1398693959.553813,[]
30518,1398693959.5936875,[]
30519,1398693959.6337101,[]
30520,1398693959.6337419,[]
30521,1398693959.6737049,[]
30522,1398693959.677818,[]
30523,1398693959.7176712,[]
30524,1398693959.7577465,[]
30525,1398693959.757775,[]
30526,1398693959.797725,[]
30527,1398693959.8027267,[]
30528,1398693959.8417072,[]
30529,1398693959.8816829,[]
30530,1398693959.8817148,[]
30531,1398693959.9217625,[]
30532,1398693959.9276547,[]
30533,1398693959.9657214,[]
30534,1398693960.0056875,[]
30535,1398693960.0057209,[]
30536,1398693960.04571,[]
30537,1398693960.0521076,[]
30538,1398693960.0896854,[]
30539,1398693960.1297076,[]
30540,1398693960.1297314,[]
30541,1398693960.1697624,[]
30542,1398693960.1769865,[]
30543,1398693960.213709,[]
30544,1398693960.253787,[]
30545,1398693960.2538207,[]
30546,1398693960.2936826,[]
30547,1398693960.301301,[]
30548,1398693960.3376937,[]
30549,1398693960.3777046,[]
30550,1398693960.3777337,[]
30551,1398693960.4176931,[]
30552,1398693960.4262214,[]
30553,1398693960.4657269,[]
30554,1398693960.5056686,[]
30555,1398693960.5496924,[]
30556,1398693960.5497172,[]
30557,1398693960.5897908,[]
30558,1398693960.5898185,[]
30559,1398693960.6296406,[]
30560,1398693960.6296585,[]
30561,1398693960.6696603,[]
30562,1398693960.675738,[]
30563,1398693960.7136686,[]
30564,1398693960.753653,[]
30565,1398693960.7536733,[]
30566,1398693960.793707,[]
30567,1398693960.8015542,[]
30568,1398693960.837697,[]
30569,1398693960.8777032,[]
30570,1398693960.8777318,[]
30571,1398693960.9177008,[]
30572,1398693960.9248466,[]
30573,1398693960.9616318,[]
30574,1398693961.0016866,[]
30575,1398693961.0017138,[]
30576,1398693961.0417297,[]
30577,1398693961.0500689,[]
30578,1398693961.0897238,[]
30579,1398693961.1297233,[]
30580,1398693961.129752,[]
30581,1398693961.1696577,[]
30582,1398693961.174221,[]
30583,1398693961.21371,[]
30584,1398693961.2536924,[]
30585,1398693961.2537284,[]
30586,1398693961.293729,[]
30587,1398693961.2986927,[]
30588,1398693961.3376725,[]
30589,1398693961.3776839,[]
30590,1398693961.3777156,[]
30591,1398693961.417684,[]
30592,1398693961.4237297,[]
30593,1398693961.461777,[]
30594,1398693961.5017068,[]
30595,1398693961.5017345,[]
30596,1398693961.541672,[]
30597,1398693961.5483556,[]
30598,1398693961.585713,[]
30599,1398693961.6296682,[]
30600,1398693961.629702,[]
30601,1398693961.669894,[]
30602,1398693961.673339,[]
30603,1398693961.7096648,[]
30604,1398693961.7496994,[]
30605,1398693961.749732,[]
30606,1398693961.7896767,[]
30607,1398693961.7987297,[]
30608,1398693961.837655,[]
30609,1398693961.8777006,[]
30610,1398693961.8777308,[]
30611,1398693961.9177449,[]
30612,1398693961.9236407,[]
30613,1398693961.961662,[]
30614,1398693962.0016966,[]
30615,1398693962.0017314,[]
30616,1398693962.0416474,[]
30617,1398693962.0479836,[]
30618,1398693962.0856433,[]
30619,1398693962.1256638,[]
30620,1398693962.1256852,[]
30621,1398693962.1656818,[]
30622,1398693962.1733687,[]
30623,1398693962.2096689,[]
30624,1398693962.2496998,[]
30625,1398693962.2497272,[]
30626,1398693962.2897573,[]
30627,1398693962.2981005,[]
30628,1398693962.3377416,[]
30629,1398693962.377789,[]
30630,1398693962.3778226,[]
30631,1398693962.4176822,[]
30632,1398693962.4238636,[]
30633,1398693962.4617217,[]
30634,1398693962.501724,[]
30635,1398693962.5017526,[]
30636,1398693962.5417225,[]
30637,1398693962.5478563,[]
30638,1398693962.5857863,[]
30639,1398693962.625729,[]
30640,1398693962.6257632,[]
30641,1398693962.6656563,[]
30642,1398693962.6728606,[]
30643,1398693962.7097435,[]
30644,1398693962.7496965,[]
30645,1398693962.7497263,[]
30646,1398693962.7896662,[]
30647,1398693962.798143,[]
30648,1398693962.837784,[]
30649,1398693962.8777025,[]
30650,1398693962.877732,[]
30651,1398693962.9176621,[]
30652,1398693962.922993,[]
30653,1398693962.9616995,[]
30654,1398693963.0016825,[]
30655,1398693963.0017138,[]
30656,1398693963.0417519,[]
30657,1398693963.0478423,[]
30658,1398693963.0857022,[]
30659,1398693963.1256359,[]
30660,1398693963.1256669,[]
30661,1398693963.1656823,[]
30662,1398693963.1717079,[]
30663,1398693963.2097702,[]
30664,1398693963.249716,[]
30665,1398693963.2497518,[]
30666,1398693963.289668,[]
30667,1398693963.2967298,[]
30668,1398693963.33373,[]
30669,1398693963.3737135,[]
30670,1398693963.3737438,[]
30671,1398693963.4137425,[]
30672,1398693963.4212303,[]
30673,1398693963.45767,[]
30674,1398693963.4976785,[]
30675,1398693963.4977088,[]
30676,1398693963.5377398,[]
30677,1398693963.5456202,[]
30678,1398693963.581774,[]
30679,1398693963.6216776,[]
30680,1398693963.6217122,[]
30681,1398693963.66172,[]
30682,1398693963.670342,[]
30683,1398693963.7097223,[]
30684,1398693963.7497532,[]
30685,1398693963.7497852,[]
30686,1398693963.7897105,[]
30687,1398693963.7944014,[]
30688,1398693963.8337095,[]
30689,1398693963.8736942,[]
30690,1398693963.8737237,[]
30691,1398693963.913783,[]
30692,1398693963.9190438,[]
30693,1398693963.9576375,[]
30694,1398693963.997764,[]
30695,1398693963.9977896,[]
30696,1398693964.0377157,[]
30697,1398693964.0430827,[]
30698,1398693964.0816822,[]
30699,1398693964.121682,[]
30700,1398693964.121711,[]
30701,1398693964.1617284,[]
30702,1398693964.1674044,[]
30703,1398693964.2056565,[]
30704,1398693964.2457495,[]
30705,1398693964.2457829,[]
30706,1398693964.2857285,[]
30707,1398693964.291504,[]
30708,1398693964.3296993,[]
30709,1398693964.3696437,[]
30710,1398693964.3696737,[]
30711,1398693964.4097598,[]
30712,1398693964.4169953,[]
30713,1398693964.4536817,[]
30714,1398693964.4937074,[]
30715,1398693964.4937346,[]
30716,1398693964.5336747,[]
30717,1398693964.540245,[]
30718,1398693964.5776541,[]
30719,1398693964.617654,[]
30720,1398693964.617683,[]
30721,1398693964.6576867,[]
30722,1398693964.6645708,[]
30723,1398693964.7016835,[]
30724,1398693964.7416618,[]
30725,1398693964.7416928,[]
30726,1398693964.781704,[]
30727,1398693964.7898097,[]
30728,1398693964.8296912,[]
30729,1398693964.869676,[]
30730,1398693964.8697057,[]
30731,1398693964.9097824,[]
30732,1398693964.9152431,[]
30733,1398693964.9537003,[]
30734,1398693964.9936697,[]
30735,1398693964.9936998,[]
30736,1398693965.033802,[]
30737,1398693965.038712,[]
30738,1398693965.0777638,[]
30739,1398693965.1177003,[]
30740,1398693965.117731,[]
30741,1398693965.157676,[]
30742,1398693965.164226,[]
30743,1398693965.201738,[]
30744,1398693965.2417305,[]
30745,1398693965.241752,[]
30746,1398693965.2817798,[]
30747,1398693965.288855,[]
30748,1398693965.3256578,[]
30749,1398693965.365717,[]
30750,1398693965.365744,[]
30751,1398693965.4057498,[]
30752,1398693965.4132605,[]
30753,1398693965.4496684,[]
30754,1398693965.4896724,[]
30755,1398693965.4897032,[]
30756,1398693965.5296977,[]
30757,1398693965.537286,[]
30758,1398693965.5736701,[]
30759,1398693965.6136537,[]
30760,1398693965.6136835,[]
30761,1398693965.653688,[]
30762,1398693965.6628916,[]
30763,1398693965.7017856,[]
30764,1398693965.7417126,[]
30765,1398693965.7417428,[]
30766,1398693965.7816663,[]
30767,1398693965.7871387,[]
30768,1398693965.8256497,[]
30769,1398693965.8656693,[]
30770,1398693965.8656974,[]
30771,1398693965.905736,[]
30772,1398693965.9111876,[]
30773,1398693965.9497423,[]
30774,1398693965.9896765,[]
30775,1398693965.9897065,[]
30776,1398693966.0297177,[]
30777,1398693966.036321,[]
30778,1398693966.0736368,[]
30779,1398693966.113656,[]
30780,1398693966.1136982,[]
30781,1398693966.1537259,[]
30782,1398693966.160431,[]
30783,1398693966.1976805,[]
30784,1398693966.2376897,[]
30785,1398693966.237721,[]
30786,1398693966.2777522,[]
30787,1398693966.286751,[]
30788,1398693966.325671,[]
30789,1398693966.3657286,[]
30790,1398693966.3657598,[]
30791,1398693966.4057622,[]
30792,1398693966.4106054,[]
30793,1398693966.4497538,[]
30794,1398693966.4897356,[]
30795,1398693966.4897652,[]
30796,1398693966.5297058,[]
30797,1398693966.534378,[]
30798,1398693966.5737503,[]
30799,1398693966.6136482,[]
30800,1398693966.6136763,[]
30801,1398693966.6536746,[]
30802,1398693966.6596253,[]
30803,1398693966.6976762,[]
30804,1398693966.7376463,[]
30805,1398693966.737678,[]
30806,1398693966.777736,[]
30807,1398693966.7839653,[]
30808,1398693966.8218691,[]
30809,1398693966.8616657,[]
30810,1398693966.8616948,[]
30811,1398693966.9017336,[]
30812,1398693966.909983,[]
30813,1398693966.9496925,[]
30814,1398693966.989753,[]
30815,1398693966.9897888,[]
30816,1398693967.029797,[]
30817,1398693967.0345936,[]
30818,1398693967.073744,[]
30819,1398693967.1137378,[]
30820,1398693967.1137693,[]
30821,1398693967.1537194,[]
30822,1398693967.1579921,[]
30823,1398693967.197655,[]
30824,1398693967.2377057,[]
30825,1398693967.2377324,[]
30826,1398693967.2777302,[]
30827,1398693967.2829013,[]
30828,1398693967.3217123,[]
30829,1398693967.3616667,[]
30830,1398693967.3616993,[]
30831,1398693967.401748,[]
30832,1398693967.4083576,[]
30833,1398693967.4456754,[]
30834,1398693967.4856503,[]
30835,1398693967.4856849,[]
30836,1398693967.5257542,[]
30837,1398693967.5326297,[]
30838,1398693967.5697014,[]
30839,1398693967.609727,[]
30840,1398693967.6097589,[]
30841,1398693967.6497395,[]
30842,1398693967.6572504,[]
30843,1398693967.6937487,[]
30844,1398693967.7336729,[]
30845,1398693967.7337036,[]
30846,1398693967.7737453,[]
30847,1398693967.7831469,[]
30848,1398693967.8217769,[]
30849,1398693967.8617043,[]
30850,1398693967.8617353,[]
30851,1398693967.9017415,[]
30852,1398693967.9062774,[]
30853,1398693967.9457462,[]
30854,1398693967.9856818,[]
30855,1398693967.9857442,[]
30856,1398693968.0257666,[]
30857,1398693968.031291,[]
30858,1398693968.0696487,[]
30859,1398693968.1096933,[]
30860,1398693968.109733,[]
30861,1398693968.149609,[]
30862,1398693968.1562912,[]
30863,1398693968.1937113,[]
30864,1398693968.2337325,[]
30865,1398693968.2337594,[]
30866,1398693968.27372,[]
30867,1398693968.2818894,[]
30868,1398693968.3217309,[]
30869,1398693968.3617613,[]
30870,1398693968.361832,[]
30871,1398693968.4016707,[]
30872,1398693968.4048598,[]
30873,1398693968.4417002,[]
30874,1398693968.4816906,[]
30875,1398693968.481719,[]
30876,1398693968.5217867,[]
30877,1398693968.530489,[]
30878,1398693968.5697203,[]
30879,1398693968.6096618,[]
30880,1398693968.6096938,[]
30881,1398693968.649738,[]
30882,1398693968.6554983,[]
30883,1398693968.6937,[]
30884,1398693968.733649,[]
30885,1398693968.733722,[]
30886,1398693968.7737148,[]
30887,1398693968.7899306,[]
30888,1398693968.8297508,[]
30889,1398693968.8297882,[]
30890,1398693968.8696706,[]
30891,1398693968.8798568,[]
30892,1398693968.9176955,[]
30893,1398693968.9577093,[]
30894,1398693968.9577405,[]
30895,1398693968.9977078,[]
30896,1398693969.0044649,[]
30897,1398693969.041672,[]
30898,1398693969.0817163,[]
30899,1398693969.0817485,[]
30900,1398693969.121718,[]
30901,1398693969.1291072,[]
30902,1398693969.1656678,[]
30903,1398693969.2057257,[]
30904,1398693969.2057543,[]
30905,1398693969.2457566,[]
30906,1398693969.2537138,[]
30907,1398693969.29371,[]
30908,1398693969.3336751,[]
30909,1398693969.3337023,[]
30910,1398693969.3736963,[]
30911,1398693969.3785014,[]
30912,1398693969.4177155,[]
30913,1398693969.4577327,[]
30914,1398693969.4577663,[]
30915,1398693969.497782,[]
30916,1398693969.5031083,[]
30917,1398693969.5416982,[]
30918,1398693969.5817018,[]
30919,1398693969.5817354,[]
30920,1398693969.6217198,[]
30921,1398693969.6270177,[]
30922,1398693969.6656678,[]
30923,1398693969.7057738,[]
30924,1398693969.7058089,[]
30925,1398693969.7457237,[]
30926,1398693969.7521744,[]
30927,1398693969.7897012,[]
30928,1398693969.8297064,[]
30929,1398693969.829737,[]
30930,1398693969.8697386,[]
30931,1398693969.8785818,[]
30932,1398693969.9177482,[]
30933,1398693969.9576814,[]
30934,1398693969.9577172,[]
30935,1398693969.9976692,[]
30936,1398693970.0002165,[]
30937,1398693970.0377016,[]
30938,1398693970.0776591,[]
30939,1398693970.0776808,[]
30940,1398693970.1176991,[]
30941,1398693970.1350238,[]
30942,1398693970.1736703,[]
30943,1398693970.2137408,[]
30944,1398693970.2137682,[]
30945,1398693970.2537508,[]
30946,1398693970.2537744,[]
30947,1398693970.2937515,[]
30948,1398693970.2997987,[]
30949,1398693970.3376667,[]
30950,1398693970.3777378,[]
30951,1398693970.3777633,[]
30952,1398693970.417668,[]
30953,1398693970.4249976,[]
30954,1398693970.4617622,[]
30955,1398693970.5017781,[]
30956,1398693970.501883,[]
30957,1398693970.541729,[]
30958,1398693970.5491035,[]
30959,1398693970.585738,[]
30960,1398693970.6257257,[]
30961,1398693970.6257558,[]
30962,1398693970.6656377,[]
30963,1398693970.6740012,[]
30964,1398693970.7137198,[]
30965,1398693970.7537,[]
30966,1398693970.75378,[]
30967,1398693970.7937481,[]
30968,1398693970.7995036,[]
30969,1398693970.8379097,[]
30970,1398693970.8777947,[]
30971,1398693970.8778765,[]
30972,1398693970.9177592,[]
30973,1398693970.9233942,[]
30974,1398693970.9617558,[]
30975,1398693971.0017555,[]
30976,1398693971.001967,[]
30977,1398693971.0417154,[]
30978,1398693971.047992,[]
30979,1398693971.0858097,[]
30980,1398693971.1256807,[]
30981,1398693971.1257756,[]
30982,1398693971.165721,[]
30983,1398693971.1733625,[]
30984,1398693971.2096696,[]
30985,1398693971.2498336,[]
30986,1398693971.249869,[]
30987,1398693971.2897546,[]
30988,1398693971.297208,[]
30989,1398693971.3337383,[]
30990,1398693971.3737183,[]
30991,1398693971.3737466,[]
30992,1398693971.4137356,[]
30993,1398693971.4218583,[]
30994,1398693971.461778,[]
30995,1398693971.5017395,[]
30996,1398693971.5017693,[]
30997,1398693971.5417209,[]
30998,1398693971.5462816,[]
30999,1398693971.5857103,[]
31000,1398693971.625744,[]
31001,1398693971.6257606,[]
31002,1398693971.6656814,[]
31003,1398693971.6717365,[]
31004,1398693971.7097292,[]
31005,1398693971.7496908,[]
31006,1398693971.7497408,[]
31007,1398693971.7897055,[]
31008,1398693971.796367,[]
31009,1398693971.8337226,[]
31010,1398693971.8737307,[]
31011,1398693971.873763,[]
31012,1398693971.913799,[]
31013,1398693971.9208407,[]
31014,1398693971.9577408,[]
31015,1398693971.9976723,[]
31016,1398693972.0377088,[]
31017,1398693972.0377417,[]
31018,1398693972.0777032,[]
31019,1398693972.0777225,[]
31020,1398693972.1176648,[]
31021,1398693972.1202605,[]
31022,1398693972.1576912,[]
31023,1398693972.1976929,[]
31024,1398693972.197725,[]
31025,1398693972.2376428,[]
31026,1398693972.2447476,[]
31027,1398693972.2816815,[]
31028,1398693972.3217258,[]
31029,1398693972.321752,[]
31030,1398693972.361731,[]
31031,1398693972.3693626,[]
31032,1398693972.405681,[]
31033,1398693972.4456713,[]
31034,1398693972.445701,[]
31035,1398693972.4857197,[]
31036,1398693972.4942322,[]
31037,1398693972.533661,[]
31038,1398693972.5737104,[]
31039,1398693972.5737257,[]
31040,1398693972.6137345,[]
31041,1398693972.6196256,[]
31042,1398693972.6576927,[]
31043,1398693972.6977177,[]
31044,1398693972.6977477,[]
31045,1398693972.7377615,[]
31046,1398693972.7432396,[]
31047,1398693972.7816906,[]
31048,1398693972.821708,[]
31049,1398693972.8217354,[]
31050,1398693972.8616889,[]
31051,1398693972.8676567,[]
31052,1398693972.9057045,[]
31053,1398693972.9456596,[]
31054,1398693972.9456868,[]
31055,1398693972.9857154,[]
31056,1398693972.9930294,[]
31057,1398693973.0296836,[]
31058,1398693973.0696754,[]
31059,1398693973.069705,[]
31060,1398693973.1097264,[]
31061,1398693973.116992,[]
31062,1398693973.1537032,[]
31063,1398693973.193708,[]
31064,1398693973.1937387,[]
31065,1398693973.2336862,[]
31066,1398693973.2412639,[]
31067,1398693973.2776923,[]
31068,1398693973.3176823,[]
31069,1398693973.3177106,[]
31070,1398693973.3576612,[]
31071,1398693973.3661015,[]
31072,1398693973.405693,[]
31073,1398693973.445712,[]
31074,1398693973.445744,[]
31075,1398693973.485813,[]
31076,1398693973.4906318,[]
31077,1398693973.5296524,[]
31078,1398693973.5696862,[]
31079,1398693973.5697184,[]
31080,1398693973.6097453,[]
31081,1398693973.6148713,[]
31082,1398693973.65369,[]
31083,1398693973.6936843,[]
31084,1398693973.6937406,[]
31085,1398693973.7337594,[]
31086,1398693973.740295,[]
31087,1398693973.7777324,[]
31088,1398693973.8177016,[]
31089,1398693973.817733,[]
31090,1398693973.857722,[]
31091,1398693973.8642595,[]
31092,1398693973.901706,[]
31093,1398693973.9417052,[]
31094,1398693973.9417343,[]
31095,1398693973.9817052,[]
31096,1398693973.9896142,[]
31097,1398693974.0257363,[]
31098,1398693974.065705,[]
31099,1398693974.0657363,[]
31100,1398693974.1057065,[]
31101,1398693974.1144195,[]
31102,1398693974.153668,[]
31103,1398693974.1937182,[]
31104,1398693974.1937556,[]
31105,1398693974.2337615,[]
31106,1398693974.2382524,[]
31107,1398693974.2776732,[]
31108,1398693974.3176813,[]
31109,1398693974.31771,[]
31110,1398693974.3577545,[]
31111,1398693974.3642004,[]
31112,1398693974.4017887,[]
31113,1398693974.4416633,[]
31114,1398693974.4416854,[]
31115,1398693974.4817092,[]
31116,1398693974.4881065,[]
31117,1398693974.5257704,[]
31118,1398693974.5696614,[]
31119,1398693974.5696876,[]
31120,1398693974.6097486,[]
31121,1398693974.6122308,[]
31122,1398693974.6496763,[]
31123,1398693974.6896958,[]
31124,1398693974.689725,[]
31125,1398693974.729667,[]
31126,1398693974.7369857,[]
31127,1398693974.7737415,[]
31128,1398693974.8137755,[]
31129,1398693974.8138096,[]
31130,1398693974.8537138,[]
31131,1398693974.8615067,[]
31132,1398693974.8976927,[]
31133,1398693974.9376585,[]
31134,1398693974.937689,[]
31135,1398693974.9777374,[]
31136,1398693974.9869254,[]
31137,1398693975.0258043,[]
31138,1398693975.0656796,[]
31139,1398693975.0657144,[]
31140,1398693975.1056855,[]
31141,1398693975.1107283,[]
31142,1398693975.1497376,[]
31143,1398693975.1896577,[]
31144,1398693975.1896873,[]
31145,1398693975.229703,[]
31146,1398693975.2363136,[]
31147,1398693975.2737093,[]
31148,1398693975.3137152,[]
31149,1398693975.3137438,[]
31150,1398693975.3536763,[]
31151,1398693975.3613558,[]
31152,1398693975.3976853,[]
31153,1398693975.4376616,[]
31154,1398693975.4376957,[]
31155,1398693975.4777012,[]
31156,1398693975.4852312,[]
31157,1398693975.5217526,[]
31158,1398693975.5617292,[]
31159,1398693975.5617635,[]
31160,1398693975.601731,[]
31161,1398693975.6100957,[]
31162,1398693975.6496859,[]
31163,1398693975.689764,[]
31164,1398693975.689786,[]
31165,1398693975.7296965,[]
31166,1398693975.7348042,[]
31167,1398693975.7736862,[]
31168,1398693975.8135998,[]
31169,1398693975.8136182,[]
31170,1398693975.8537018,[]
31171,1398693975.860379,[]
31172,1398693975.8976665,[]
31173,1398693975.9377372,[{'idp': 6, 'x': 1.148, 'y': -1.023, 'r': 0.4, 'type': 1}]
31174,1398693975.9377816,[{'idp': 6, 'x': 1.036, 'y': -0.942, 'r': 0.4, 'type': 1}]
31175,1398693975.9777288,[{'idp': 6, 'x': 1.048, 'y': -0.952, 'r': 0.4, 'type': 1}]
31176,1398693975.9843605,[{'idp': 6, 'x': 1.055, 'y': -0.954, 'r': 0.4, 'type': 1}]
31177,1398693976.0217652,[{'idp': 6, 'x': 1.068, 'y': -0.952, 'r': 0.4, 'type': 1}]
31178,1398693976.061653,[{'idp': 6, 'x': 1.078, 'y': -0.952, 'r': 0.4, 'type': 1}]
31179,1398693976.0616744,[{'idp': 6, 'x': 1.088, 'y': -0.961, 'r': 0.4, 'type': 1}]
31180,1398693976.1016953,[{'idp': 6, 'x': 1.092, 'y': -0.969, 'r': 0.4, 'type': 1}]
31181,1398693976.1088839,[{'idp': 6, 'x': 1.104, 'y': -0.975, 'r': 0.4, 'type': 1}]
31182,1398693976.1456704,[{'idp': 6, 'x': 1.112, 'y': -0.979, 'r': 0.4, 'type': 1}]
31183,1398693976.1856754,[{'idp': 6, 'x': 1.106, 'y': -0.971, 'r': 0.4, 'type': 1}]
31184,1398693976.1857057,[{'idp': 6, 'x': 1.097, 'y': -0.956, 'r': 0.4, 'type': 1}]
31185,1398693976.225723,[{'idp': 6, 'x': 1.077, 'y': -0.934, 'r': 0.4, 'type': 1}]
31186,1398693976.2333777,[{'idp': 6, 'x': 1.049, 'y': -0.906, 'r': 0.4, 'type': 1}]
31187,1398693976.269735,[{'idp': 6, 'x': 1.075, 'y': -0.908, 'r': 0.4, 'type': 1}]
31188,1398693976.309709,[{'idp': 6, 'x': 1.099, 'y': -0.9, 'r': 0.4, 'type': 1}]
31189,1398693976.3097382,[{'idp': 6, 'x': 1.128, 'y': -0.904, 'r': 0.4, 'type': 1}]
31190,1398693976.349767,[{'idp': 6, 'x': 1.157, 'y': -0.911, 'r': 0.4, 'type': 1}]
31191,1398693976.358406,[{'idp': 6, 'x': 1.215, 'y': -0.955, 'r': 0.4, 'type': 1}]
31192,1398693976.3976786,[{'idp': 6, 'x': 1.256, 'y': -0.994, 'r': 0.4, 'type': 1}]
31193,1398693976.4377267,[{'idp': 6, 'x': 1.287, 'y': -1.01, 'r': 0.4, 'type': 1}]
31194,1398693976.4377584,[{'idp': 6, 'x': 1.318, 'y': -1.01, 'r': 0.4, 'type': 1}]
31195,1398693976.4776664,[{'idp': 6, 'x': 1.341, 'y': -1.017, 'r': 0.4, 'type': 1}]
31196,1398693976.483029,[{'idp': 6, 'x': 1.352, 'y': -1.024, 'r': 0.4, 'type': 1}]
31197,1398693976.5217829,[{'idp': 6, 'x': 1.373, 'y': -1.039, 'r': 0.4, 'type': 1}]
31198,1398693976.5616968,[{'idp': 6, 'x': 1.384, 'y': -1.043, 'r': 0.4, 'type': 1}]
31199,1398693976.5617256,[{'idp': 6, 'x': 1.389, 'y': -1.037, 'r': 0.4, 'type': 1}]
31200,1398693976.6016777,[{'idp': 6, 'x': 1.403, 'y': -1.036, 'r': 0.4, 'type': 1}]
31201,1398693976.6077418,[{'idp': 6, 'x': 1.412, 'y': -1.045, 'r': 0.4, 'type': 1}]
31202,1398693976.645688,[{'idp': 6, 'x': 1.415, 'y': -1.047, 'r': 0.4, 'type': 1}]
31203,1398693976.685659,[{'idp': 6, 'x': 1.422, 'y': -1.046, 'r': 0.4, 'type': 1}]
31204,1398693976.6857114,[{'idp': 6, 'x': 1.426, 'y': -1.046, 'r': 0.4, 'type': 1}]
31205,1398693976.7257304,[{'idp': 6, 'x': 1.43, 'y': -1.049, 'r': 0.4, 'type': 1}]
31206,1398693976.733212,[{'idp': 6, 'x': 1.436, 'y': -1.047, 'r': 0.4, 'type': 1}]
31207,1398693976.7696934,[{'idp': 6, 'x': 1.436, 'y': -1.057, 'r': 0.4, 'type': 1}]
31208,1398693976.8097582,[{'idp': 6, 'x': 1.436, 'y': -1.063, 'r': 0.4, 'type': 1}]
31209,1398693976.8097923,[{'idp': 6, 'x': 1.443, 'y': -1.066, 'r': 0.4, 'type': 1}]
31210,1398693976.8497925,[{'idp': 6, 'x': 1.444, 'y': -1.055, 'r': 0.4, 'type': 1}]
31211,1398693976.8578815,[{'idp': 6, 'x': 1.452, 'y': -1.051, 'r': 0.4, 'type': 1}]
31212,1398693976.8977108,[{'idp': 6, 'x': 1.455, 'y': -1.056, 'r': 0.4, 'type': 1}]
31213,1398693976.9377127,[{'idp': 6, 'x': 1.455, 'y': -1.05, 'r': 0.4, 'type': 1}]
31214,1398693976.9377406,[{'idp': 6, 'x': 1.463, 'y': -1.059, 'r': 0.4, 'type': 1}]
31215,1398693976.977725,[{'idp': 6, 'x': 1.473, 'y': -1.062, 'r': 0.4, 'type': 1}]
31216,1398693976.9831076,[{'idp': 6, 'x': 1.491, 'y': -1.075, 'r': 0.4, 'type': 1}]
31217,1398693977.0217197,[{'idp': 6, 'x': 1.501, 'y': -1.07, 'r': 0.4, 'type': 1}]
31218,1398693977.061722,[{'idp': 6, 'x': 1.504, 'y': -1.067, 'r': 0.4, 'type': 1}]
31219,1398693977.061753,[{'idp': 6, 'x': 1.517, 'y': -1.065, 'r': 0.4, 'type': 1}]
31220,1398693977.101769,[{'idp': 6, 'x': 1.534, 'y': -1.059, 'r': 0.4, 'type': 1}]
31221,1398693977.106101,[{'idp': 6, 'x': 1.556, 'y': -1.057, 'r': 0.4, 'type': 1}]
31222,1398693977.1456583,[{'idp': 6, 'x': 1.57, 'y': -1.06, 'r': 0.4, 'type': 1}]
31223,1398693977.1857054,[{'idp': 6, 'x': 1.589, 'y': -1.064, 'r': 0.4, 'type': 1}]
31224,1398693977.1857312,[{'idp': 6, 'x': 1.615, 'y': -1.061, 'r': 0.4, 'type': 1}]
31225,1398693977.225691,[{'idp': 6, 'x': 1.637, 'y': -1.055, 'r': 0.4, 'type': 1}]
31226,1398693977.2307022,[{'idp': 6, 'x': 1.649, 'y': -1.058, 'r': 0.4, 'type': 1}]
31227,1398693977.2696443,[{'idp': 6, 'x': 1.652, 'y': -1.056, 'r': 0.4, 'type': 1}]
31228,1398693977.309643,[{'idp': 6, 'x': 1.66, 'y': -1.041, 'r': 0.4, 'type': 1}]
31229,1398693977.309663,[{'idp': 6, 'x': 1.663, 'y': -1.022, 'r': 0.4, 'type': 1}, {'idp': 7, 'x': 0.355, 'y': -0.981, 'r': 0.4, 'type': 1}]
31230,1398693977.3497689,[{'idp': 6, 'x': 1.656, 'y': -1.007, 'r': 0.4, 'type': 1}, {'idp': 7, 'x': 0.321, 'y': -0.848, 'r': 0.4, 'type': 1}]
31231,1398693977.3559463,[{'idp': 6, 'x': 1.643, 'y': -0.999, 'r': 0.4, 'type': 1}, {'idp': 7, 'x': 0.349, 'y': -0.851, 'r': 0.4, 'type': 1}]
31232,1398693977.393689,[{'idp': 6, 'x': 1.608, 'y': -0.976, 'r': 0.4, 'type': 1}, {'idp': 7, 'x': 0.361, 'y': -0.868, 'r': 0.4, 'type': 1}]
31233,1398693977.4337347,[{'idp': 6, 'x': 1.583, 'y': -0.974, 'r': 0.4, 'type': 1}, {'idp': 7, 'x': 0.37, 'y': -0.88, 'r': 0.4, 'type': 1}]
31234,1398693977.4337628,[{'idp': 6, 'x': 1.575, 'y': -0.974, 'r': 0.4, 'type': 1}, {'idp': 7, 'x': 0.379, 'y': -0.889, 'r': 0.4, 'type': 1}]
31235,1398693977.4736784,[{'idp': 6, 'x': 1.571, 'y': -0.971, 'r': 0.4, 'type': 1}, {'idp': 7, 'x': 0.395, 'y': -0.904, 'r': 0.4, 'type': 1}]
31236,1398693977.4813344,[{'idp': 6, 'x': 1.577, 'y': -0.961, 'r': 0.4, 'type': 1}, {'idp': 7, 'x': 0.401, 'y': -0.891, 'r': 0.4, 'type': 1}]
31237,1398693977.5177176,[{'idp': 6, 'x': 1.582, 'y': -0.954, 'r': 0.4, 'type': 1}, {'idp': 7, 'x': 0.413, 'y': -0.886, 'r': 0.4, 'type': 1}]
31238,1398693977.5576625,[{'idp': 6, 'x': 1.58, 'y': -0.966, 'r': 0.4, 'type': 1}, {'idp': 7, 'x': 0.417, 'y': -0.882, 'r': 0.4, 'type': 1}, {'idp': 8, 'x': 9.415, 'y': 0.689, 'r': 0.4, 'type': 1}, {'idp': 9, 'x': 8.038, 'y': 0.021, 'r': 0.6, 'type': 2}]
31239,1398693977.5578244,[{'idp': 6, 'x': 1.574, 'y': -0.981, 'r': 0.4, 'type': 1}, {'idp': 7, 'x': 0.415, 'y': -0.883, 'r': 0.4, 'type': 1}, {'idp': 8, 'x': 9.323, 'y': 0.672, 'r': 0.4, 'type': 1}, {'idp': 9, 'x': 7.849, 'y': 0.036, 'r': 0.6, 'type': 2}]
31240,1398693977.5977666,[{'idp': 6, 'x': 1.586, 'y': -0.993, 'r': 0.4, 'type': 1}, {'idp': 7, 'x': 0.414, 'y': -0.884, 'r': 0.4, 'type': 1}, {'idp': 8, 'x': 9.301, 'y': 0.67, 'r': 0.4, 'type': 1}, {'idp': 9, 'x': 7.82, 'y': 0.027, 'r': 0.6, 'type': 2}]
31241,1398693977.6061754,[{'idp': 6, 'x': 1.591, 'y': -0.991, 'r': 0.4, 'type': 1}, {'idp': 7, 'x': 0.417, 'y': -0.878, 'r': 0.4, 'type': 1}, {'idp': 8, 'x': 9.274, 'y': 0.689, 'r': 0.4, 'type': 1}, {'idp': 9, 'x': 7.753, 'y': 0.078, 'r': 0.6, 'type': 2}]
31242,1398693977.6457431,[{'idp': 6, 'x': 1.575, 'y': -0.973, 'r': 0.4, 'type': 1}, {'idp': 7, 'x': 0.426, 'y': -0.869, 'r': 0.4, 'type': 1}, {'idp': 8, 'x': 9.221, 'y': 0.726, 'r': 0.4, 'type': 1}, {'idp': 9, 'x': 7.73, 'y': 0.131, 'r': 0.6, 'type': 2}]
31243,1398693977.6856844,[{'idp': 6, 'x': 1.577, 'y': -0.965, 'r': 0.4, 'type': 1}, {'idp': 7, 'x': 0.436, 'y': -0.864, 'r': 0.4, 'type': 1}, {'idp': 8, 'x': 9.203, 'y': 0.765, 'r': 0.4, 'type': 1}, {'idp': 9, 'x': 7.813, 'y': 0.151, 'r': 0.6, 'type': 2}]
31244,1398693977.6857033,[{'idp': 6, 'x': 1.601, 'y': -0.965, 'r': 0.4, 'type': 1}, {'idp': 7, 'x': 0.441, 'y': -0.866, 'r': 0.4, 'type': 1}, {'idp': 8, 'x': 9.214, 'y': 0.745, 'r': 0.4, 'type': 1}, {'idp': 9, 'x': 7.82, 'y': 0.134, 'r': 0.6, 'type': 2}]
31245,1398693977.725719,[{'idp': 6, 'x': 1.6, 'y': -0.956, 'r': 0.4, 'type': 1}, {'idp': 7, 'x': 0.45, 'y': -0.86, 'r': 0.4, 'type': 1}, {'idp': 8, 'x': 9.199, 'y': 0.764, 'r': 0.4, 'type': 1}, {'idp': 9, 'x': 7.716, 'y': 0.129, 'r': 0.6, 'type': 2}]
31246,1398693977.7313645,[{'idp': 6, 'x': 1.625, 'y': -0.961, 'r': 0.4, 'type': 1}, {'idp': 7, 'x': 0.468, 'y': -0.857, 'r': 0.4, 'type': 1}, {'idp': 8, 'x': 9.172, 'y': 0.742, 'r': 0.4, 'type': 1}, {'idp': 9, 'x': 7.711, 'y': 0.079, 'r': 0.6, 'type': 2}]
31247,1398693977.7697022,[{'idp': 6, 'x': 1.629, 'y': -0.954, 'r': 0.4, 'type': 1}, {'idp': 7, 'x': 0.482, 'y': -0.844, 'r': 0.4, 'type': 1}, {'idp': 8, 'x': 9.163, 'y': 0.741, 'r': 0.4, 'type': 1}, {'idp': 9, 'x': 7.68, 'y': 0.078, 'r': 0.6, 'type': 2}]
31248,1398693977.8096912,[{'idp': 6, 'x': 1.651, 'y': -0.957, 'r': 0.4, 'type': 1}, {'idp': 7, 'x': 0.487, 'y': -0.837, 'r': 0.4, 'type': 1}, {'idp': 8, 'x': 9.159, 'y': 0.741, 'r': 0.4, 'type': 1}, {'idp': 9, 'x': 7.681, 'y': 0.13, 'r': 0.6, 'type': 2}]
31249,1398693977.8097136,[{'idp': 6, 'x': 1.672, 'y': -0.95, 'r': 0.4, 'type': 1}, {'idp': 7, 'x': 0.488, 'y': -0.839, 'r': 0.4, 'type': 1}, {'idp': 8, 'x': 9.124, 'y': 0.738, 'r': 0.4, 'type': 1}, {'idp': 9, 'x': 7.672, 'y': 0.147, 'r': 0.6, 'type': 2}]
31250,1398693977.8496811,[{'idp': 6, 'x': 1.712, 'y': -0.943, 'r': 0.4, 'type': 1}, {'idp': 7, 'x': 0.514, 'y': -0.834, 'r': 0.4, 'type': 1}, {'idp': 8, 'x': 9.106, 'y': 0.737, 'r': 0.4, 'type': 1}, {'idp': 9, 'x': 7.61, 'y': 0.181, 'r': 0.6, 'type': 2}]
31251,1398693977.856373,[{'idp': 6, 'x': 1.75, 'y': -0.955, 'r': 0.4, 'type': 1}, {'idp': 7, 'x': 0.526, 'y': -0.826, 'r': 0.4, 'type': 1}, {'idp': 8, 'x': 9.078, 'y': 0.754, 'r': 0.4, 'type': 1}, {'idp': 9, 'x': 7.587, 'y': 0.197, 'r': 0.6, 'type': 2}]
31252,1398693977.8936696,[{'idp': 6, 'x': 1.777, 'y': -0.966, 'r': 0.4, 'type': 1}, {'idp': 7, 'x': 0.539, 'y': -0.811, 'r': 0.4, 'type': 1}, {'idp': 8, 'x': 9.092, 'y': 0.756, 'r': 0.4, 'type': 1}, {'idp': 9, 'x': 7.55, 'y': 0.212, 'r': 0.6, 'type': 2}]
31253,1398693977.9336987,[{'idp': 6, 'x': 1.805, 'y': -0.977, 'r': 0.4, 'type': 1}, {'idp': 7, 'x': 0.552, 'y': -0.805, 'r': 0.4, 'type': 1}, {'idp': 8, 'x': 9.085, 'y': 0.815, 'r': 0.4, 'type': 1}, {'idp': 9, 'x': 7.527, 'y': 0.243, 'r': 0.6, 'type': 2}]
31254,1398693977.9337313,[{'idp': 6, 'x': 1.833, 'y': -0.987, 'r': 0.4, 'type': 1}, {'idp': 7, 'x': 0.559, 'y': -0.787, 'r': 0.4, 'type': 1}, {'idp': 8, 'x': 9.063, 'y': 0.873, 'r': 0.4, 'type': 1}, {'idp': 9, 'x': 7.48, 'y': 0.273, 'r': 0.6, 'type': 2}]
31255,1398693977.9737904,[{'idp': 6, 'x': 1.865, 'y': -1.005, 'r': 0.4, 'type': 1}, {'idp': 7, 'x': 0.557, 'y': -0.771, 'r': 0.4, 'type': 1}, {'idp': 8, 'x': 9.082, 'y': 0.835, 'r': 0.4, 'type': 1}, {'idp': 9, 'x': 7.407, 'y': 0.253, 'r': 0.6, 'type': 2}]
31256,1398693977.9812036,[{'idp': 6, 'x': 1.896, 'y': -1.021, 'r': 0.4, 'type': 1}, {'idp': 7, 'x': 0.556, 'y': -0.76, 'r': 0.4, 'type': 1}, {'idp': 8, 'x': 9.056, 'y': 0.832, 'r': 0.4, 'type': 1}, {'idp': 9, 'x': 7.401, 'y': 0.253, 'r': 0.6, 'type': 2}]
31257,1398693978.017724,[{'idp': 6, 'x': 1.919, 'y': -1.019, 'r': 0.4, 'type': 1}, {'idp': 7, 'x': 0.558, 'y': -0.745, 'r': 0.4, 'type': 1}, {'idp': 8, 'x': 9.059, 'y': 0.832, 'r': 0.4, 'type': 1}, {'idp': 9, 'x': 7.41, 'y': 0.254, 'r': 0.6, 'type': 2}]
31258,1398693978.0576537,[{'idp': 6, 'x': 1.945, 'y': -1.019, 'r': 0.4, 'type': 1}, {'idp': 7, 'x': 0.559, 'y': -0.725, 'r': 0.4, 'type': 1}, {'idp': 8, 'x': 9.009, 'y': 0.788, 'r': 0.4, 'type': 1}, {'idp': 9, 'x': 7.389, 'y': 0.238, 'r': 0.6, 'type': 2}]
31259,1398693978.057673,[{'idp': 6, 'x': 1.976, 'y': -1.018, 'r': 0.4, 'type': 1}, {'idp': 7, 'x': 0.553, 'y': -0.686, 'r': 0.4, 'type': 1}, {'idp': 8, 'x': 9.009, 'y': 0.788, 'r': 0.4, 'type': 1}, {'idp': 9, 'x': 7.388, 'y': 0.204, 'r': 0.6, 'type': 2}]
31260,1398693978.0976903,[{'idp': 6, 'x': 1.998, 'y': -1.009, 'r': 0.4, 'type': 1}, {'idp': 7, 'x': 0.543, 'y': -0.662, 'r': 0.4, 'type': 1}, {'idp': 8, 'x': 8.957, 'y': 0.823, 'r': 0.4, 'type': 1}, {'idp': 9, 'x': 7.411, 'y': 0.255, 'r': 0.6, 'type': 2}]
31261,1398693978.1057487,[{'idp': 6, 'x': 2.019, 'y': -1.008, 'r': 0.4, 'type': 1}, {'idp': 7, 'x': 0.553, 'y': -0.67, 'r': 0.4, 'type': 1}, {'idp': 8, 'x': 8.957, 'y': 0.823, 'r': 0.4, 'type': 1}, {'idp': 9, 'x': 7.361, 'y': 0.236, 'r': 0.6, 'type': 2}]
31262,1398693978.145733,[{'idp': 6, 'x': 2.035, 'y': -1.017, 'r': 0.4, 'type': 1}, {'idp': 7, 'x': 0.574, 'y': -0.685, 'r': 0.4, 'type': 1}, {'idp': 8, 'x': 8.979, 'y': 0.884, 'r': 0.4, 'type': 1}, {'idp': 9, 'x': 7.363, 'y': 0.253, 'r': 0.6, 'type': 2}]
31263,1398693978.1857157,[{'idp': 6, 'x': 2.049, 'y': -1.028, 'r': 0.4, 'type': 1}, {'idp': 7, 'x': 0.582, 'y': -0.692, 'r': 0.4, 'type': 1}, {'idp': 8, 'x': 8.96, 'y': 0.902, 'r': 0.4, 'type': 1}, {'idp': 9, 'x': 7.329, 'y': 0.268, 'r': 0.6, 'type': 2}]
31264,1398693978.18575,[{'idp': 6, 'x': 2.062, 'y': -1.026, 'r': 0.4, 'type': 1}, {'idp': 7, 'x': 0.592, 'y': -0.702, 'r': 0.4, 'type': 1}, {'idp': 8, 'x': 8.959, 'y': 0.882, 'r': 0.4, 'type': 1}, {'idp': 9, 'x': 7.301, 'y': 0.267, 'r': 0.6, 'type': 2}]
31265,1398693978.2256577,[{'idp': 6, 'x': 2.069, 'y': -1.031, 'r': 0.4, 'type': 1}, {'idp': 7, 'x': 0.603, 'y': -0.71, 'r': 0.4, 'type': 1}, {'idp': 8, 'x': 8.959, 'y': 0.882, 'r': 0.4, 'type': 1}, {'idp': 9, 'x': 7.273, 'y': 0.266, 'r': 0.6, 'type': 2}]
31266,1398693978.2312632,[{'idp': 6, 'x': 2.079, 'y': -1.027, 'r': 0.4, 'type': 1}, {'idp': 7, 'x': 0.622, 'y': -0.716, 'r': 0.4, 'type': 1}, {'idp': 8, 'x': 8.959, 'y': 0.882, 'r': 0.4, 'type': 1}, {'idp': 9, 'x': 7.111, 'y': 0.272, 'r': 0.6, 'type': 2}]
31267,1398693978.2696817,[{'idp': 6, 'x': 2.078, 'y': -1.028, 'r': 0.4, 'type': 1}, {'idp': 7, 'x': 0.628, 'y': -0.721, 'r': 0.4, 'type': 1}, {'idp': 8, 'x': 8.959, 'y': 0.882, 'r': 0.4, 'type': 1}, {'idp': 9, 'x': 7.114, 'y': 0.337, 'r': 0.6, 'type': 2}]
31268,1398693978.3096678,[{'idp': 6, 'x': 2.088, 'y': -1.021, 'r': 0.4, 'type': 1}, {'idp': 7, 'x': 0.648, 'y': -0.733, 'r': 0.4, 'type': 1}, {'idp': 8, 'x': 8.959, 'y': 0.882, 'r': 0.4, 'type': 1}, {'idp': 9, 'x': 7.066, 'y': 0.396, 'r': 0.6, 'type': 2}]
31269,1398693978.3096995,[{'idp': 6, 'x': 2.103, 'y': -1.012, 'r': 0.4, 'type': 1}, {'idp': 7, 'x': 0.646, 'y': -0.728, 'r': 0.4, 'type': 1}, {'idp': 8, 'x': 8.959, 'y': 0.882, 'r': 0.4, 'type': 1}, {'idp': 9, 'x': 7.007, 'y': 0.439, 'r': 0.6, 'type': 2}]
31270,1398693978.3497217,[{'idp': 6, 'x': 2.106, 'y': -1.01, 'r': 0.4, 'type': 1}, {'idp': 7, 'x': 0.652, 'y': -0.728, 'r': 0.4, 'type': 1}, {'idp': 8, 'x': 8.959, 'y': 0.882, 'r': 0.4, 'type': 1}, {'idp': 9, 'x': 6.858, 'y': 0.49, 'r': 0.6, 'type': 2}]
31271,1398693978.3557193,[{'idp': 6, 'x': 2.097, 'y': -1.015, 'r': 0.4, 'type': 1}, {'idp': 7, 'x': 0.658, 'y': -0.73, 'r': 0.4, 'type': 1}, {'idp': 8, 'x': 8.959, 'y': 0.882, 'r': 0.4, 'type': 1}, {'idp': 9, 'x': 6.764, 'y': 0.483, 'r': 0.6, 'type': 2}]
31272,1398693978.3936124,[{'idp': 6, 'x': 2.097, 'y': -1.015, 'r': 0.4, 'type': 1}, {'idp': 7, 'x': 0.657, 'y': -0.729, 'r': 0.4, 'type': 1}, {'idp': 8, 'x': 8.959, 'y': 0.882, 'r': 0.4, 'type': 1}, {'idp': 9, 'x': 6.68, 'y': 0.493, 'r': 0.6, 'type': 2}]
31273,1398693978.433656,[{'idp': 6, 'x': 2.102, 'y': -1.012, 'r': 0.4, 'type': 1}, {'idp': 7, 'x': 0.657, 'y': -0.727, 'r': 0.4, 'type': 1}, {'idp': 8, 'x': 8.959, 'y': 0.882, 'r': 0.4, 'type': 1}, {'idp': 9, 'x': 6.659, 'y': 0.49, 'r': 0.6, 'type': 2}]
31274,1398693978.433685,[{'idp': 6, 'x': 2.103, 'y': -1.01, 'r': 0.4, 'type': 1}, {'idp': 7, 'x': 0.66, 'y': -0.728, 'r': 0.4, 'type': 1}, {'idp': 8, 'x': 8.959, 'y': 0.882, 'r': 0.4, 'type': 1}, {'idp': 9, 'x': 6.612, 'y': 0.501, 'r': 0.6, 'type': 2}]
31275,1398693978.4736774,[{'idp': 6, 'x': 2.102, 'y': -1.003, 'r': 0.4, 'type': 1}, {'idp': 7, 'x': 0.677, 'y': -0.735, 'r': 0.4, 'type': 1}, {'idp': 8, 'x': 8.959, 'y': 0.882, 'r': 0.4, 'type': 1}, {'idp': 9, 'x': 6.609, 'y': 0.501, 'r': 0.6, 'type': 2}]
31276,1398693978.4806926,[{'idp': 6, 'x': 2.118, 'y': -1.001, 'r': 0.4, 'type': 1}, {'idp': 7, 'x': 0.675, 'y': -0.721, 'r': 0.4, 'type': 1}, {'idp': 8, 'x': 8.959, 'y': 0.882, 'r': 0.4, 'type': 1}, {'idp': 9, 'x': 6.609, 'y': 0.518, 'r': 0.6, 'type': 2}]
31277,1398693978.5177875,[{'idp': 6, 'x': 2.11, 'y': -1.01, 'r': 0.4, 'type': 1}, {'idp': 7, 'x': 0.67, 'y': -0.706, 'r': 0.4, 'type': 1}, {'idp': 8, 'x': 8.959, 'y': 0.882, 'r': 0.4, 'type': 1}, {'idp': 9, 'x': 6.58, 'y': 0.516, 'r': 0.6, 'type': 2}]
31278,1398693978.5576653,[{'idp': 6, 'x': 2.111, 'y': -1.009, 'r': 0.4, 'type': 1}, {'idp': 7, 'x': 0.667, 'y': -0.691, 'r': 0.4, 'type': 1}, {'idp': 8, 'x': 8.959, 'y': 0.882, 'r': 0.4, 'type': 1}, {'idp': 9, 'x': 6.563, 'y': 0.512, 'r': 0.6, 'type': 2}]
31279,1398693978.5577269,[{'idp': 6, 'x': 2.132, 'y': -1.006, 'r': 0.4, 'type': 1}, {'idp': 7, 'x': 0.649, 'y': -0.665, 'r': 0.4, 'type': 1}, {'idp': 8, 'x': 8.959, 'y': 0.882, 'r': 0.4, 'type': 1}, {'idp': 9, 'x': 6.451, 'y': 0.545, 'r': 0.6, 'type': 2}]
31280,1398693978.5977473,[{'idp': 6, 'x': 2.149, 'y': -1.011, 'r': 0.4, 'type': 1}, {'idp': 7, 'x': 0.684, 'y': -0.664, 'r': 0.4, 'type': 1}, {'idp': 8, 'x': 8.959, 'y': 0.882, 'r': 0.4, 'type': 1}, {'idp': 9, 'x': 6.395, 'y': 0.569, 'r': 0.6, 'type': 2}]
31281,1398693978.60561,[{'idp': 6, 'x': 2.171, 'y': -1.008, 'r': 0.4, 'type': 1}, {'idp': 7, 'x': 0.716, 'y': -0.666, 'r': 0.4, 'type': 1}, {'idp': 8, 'x': 8.959, 'y': 0.882, 'r': 0.4, 'type': 1}, {'idp': 9, 'x': 6.384, 'y': 0.568, 'r': 0.6, 'type': 2}]
31282,1398693978.64167,[{'idp': 6, 'x': 2.18, 'y': -1.014, 'r': 0.4, 'type': 1}, {'idp': 7, 'x': 0.75, 'y': -0.691, 'r': 0.4, 'type': 1}, {'idp': 8, 'x': 8.959, 'y': 0.882, 'r': 0.4, 'type': 1}, {'idp': 9, 'x': 6.342, 'y': 0.564, 'r': 0.6, 'type': 2}]
31283,1398693978.6817045,[{'idp': 6, 'x': 2.189, 'y': -1.016, 'r': 0.4, 'type': 1}, {'idp': 7, 'x': 0.786, 'y': -0.719, 'r': 0.4, 'type': 1}, {'idp': 8, 'x': 8.959, 'y': 0.882, 'r': 0.4, 'type': 1}, {'idp': 9, 'x': 6.319, 'y': 0.563, 'r': 0.6, 'type': 2}]
31284,1398693978.681742,[{'idp': 6, 'x': 2.211, 'y': -1.0, 'r': 0.4, 'type': 1}, {'idp': 7, 'x': 0.816, 'y': -0.738, 'r': 0.4, 'type': 1}, {'idp': 8, 'x': 8.959, 'y': 0.882, 'r': 0.4, 'type': 1}, {'idp': 9, 'x': 6.281, 'y': 0.573, 'r': 0.6, 'type': 2}]
31285,1398693978.7217278,[{'idp': 6, 'x': 2.229, 'y': -1.002, 'r': 0.4, 'type': 1}, {'idp': 7, 'x': 0.838, 'y': -0.744, 'r': 0.4, 'type': 1}, {'idp': 8, 'x': 8.959, 'y': 0.882, 'r': 0.4, 'type': 1}, {'idp': 9, 'x': 6.273, 'y': 0.585, 'r': 0.6, 'type': 2}]
31286,1398693978.7296138,[{'idp': 6, 'x': 2.25, 'y': -0.994, 'r': 0.4, 'type': 1}, {'idp': 7, 'x': 0.866, 'y': -0.757, 'r': 0.4, 'type': 1}, {'idp': 8, 'x': 8.959, 'y': 0.882, 'r': 0.4, 'type': 1}, {'idp': 9, 'x': 6.234, 'y': 0.623, 'r': 0.6, 'type': 2}]
31287,1398693978.7656703,[{'idp': 6, 'x': 2.265, 'y': -0.989, 'r': 0.4, 'type': 1}, {'idp': 7, 'x': 0.88, 'y': -0.759, 'r': 0.4, 'type': 1}, {'idp': 8, 'x': 8.959, 'y': 0.882, 'r': 0.4, 'type': 1}, {'idp': 9, 'x': 6.221, 'y': 0.622, 'r': 0.6, 'type': 2}]
31288,1398693978.8057601,[{'idp': 6, 'x': 2.282, 'y': -0.993, 'r': 0.4, 'type': 1}, {'idp': 7, 'x': 0.894, 'y': -0.754, 'r': 0.4, 'type': 1}, {'idp': 8, 'x': 8.959, 'y': 0.882, 'r': 0.4, 'type': 1}, {'idp': 9, 'x': 6.174, 'y': 0.644, 'r': 0.6, 'type': 2}]
31289,1398693978.8057857,[{'idp': 6, 'x': 2.295, 'y': -0.988, 'r': 0.4, 'type': 1}, {'idp': 7, 'x': 0.901, 'y': -0.757, 'r': 0.4, 'type': 1}, {'idp': 8, 'x': 8.959, 'y': 0.882, 'r': 0.4, 'type': 1}, {'idp': 9, 'x': 6.139, 'y': 0.655, 'r': 0.6, 'type': 2}]
31290,1398693978.8457046,[{'idp': 6, 'x': 2.305, 'y': -0.993, 'r': 0.4, 'type': 1}, {'idp': 7, 'x': 0.911, 'y': -0.758, 'r': 0.4, 'type': 1}, {'idp': 8, 'x': 8.959, 'y': 0.882, 'r': 0.4, 'type': 1}, {'idp': 9, 'x': 6.096, 'y': 0.65, 'r': 0.6, 'type': 2}]
31291,1398693978.8543591,[{'idp': 6, 'x': 2.313, 'y': -0.991, 'r': 0.4, 'type': 1}, {'idp': 7, 'x': 0.921, 'y': -0.766, 'r': 0.4, 'type': 1}, {'idp': 8, 'x': 8.959, 'y': 0.882, 'r': 0.4, 'type': 1}, {'idp': 9, 'x': 6.074, 'y': 0.648, 'r': 0.6, 'type': 2}]
31292,1398693978.8936307,[{'idp': 6, 'x': 2.317, 'y': -0.98, 'r': 0.4, 'type': 1}, {'idp': 7, 'x': 0.926, 'y': -0.765, 'r': 0.4, 'type': 1}, {'idp': 8, 'x': 8.959, 'y': 0.882, 'r': 0.4, 'type': 1}, {'idp': 9, 'x': 6.031, 'y': 0.656, 'r': 0.6, 'type': 2}]
31293,1398693978.9336584,[{'idp': 6, 'x': 2.318, 'y': -0.976, 'r': 0.4, 'type': 1}, {'idp': 7, 'x': 0.928, 'y': -0.765, 'r': 0.4, 'type': 1}, {'idp': 8, 'x': 8.959, 'y': 0.882, 'r': 0.4, 'type': 1}, {'idp': 9, 'x': 6.01, 'y': 0.68, 'r': 0.6, 'type': 2}]
31294,1398693978.9336848,[{'idp': 6, 'x': 2.308, 'y': -0.959, 'r': 0.4, 'type': 1}, {'idp': 7, 'x': 0.936, 'y': -0.761, 'r': 0.4, 'type': 1}, {'idp': 8, 'x': 8.959, 'y': 0.882, 'r': 0.4, 'type': 1}, {'idp': 9, 'x': 6.024, 'y': 0.696, 'r': 0.6, 'type': 2}]
31295,1398693978.9737236,[{'idp': 6, 'x': 2.306, 'y': -0.952, 'r': 0.4, 'type': 1}, {'idp': 7, 'x': 0.946, 'y': -0.759, 'r': 0.4, 'type': 1}, {'idp': 8, 'x': 8.959, 'y': 0.882, 'r': 0.4, 'type': 1}, {'idp': 9, 'x': 5.989, 'y': 0.704, 'r': 0.6, 'type': 2}]
31296,1398693978.9787545,[{'idp': 6, 'x': 2.309, 'y': -0.954, 'r': 0.4, 'type': 1}, {'idp': 7, 'x': 0.962, 'y': -0.761, 'r': 0.4, 'type': 1}, {'idp': 8, 'x': 8.959, 'y': 0.882, 'r': 0.4, 'type': 1}, {'idp': 9, 'x': 5.922, 'y': 0.709, 'r': 0.6, 'type': 2}]
31297,1398693979.0178537,[{'idp': 6, 'x': 2.304, 'y': -0.957, 'r': 0.4, 'type': 1}, {'idp': 7, 'x': 0.967, 'y': -0.769, 'r': 0.4, 'type': 1}, {'idp': 8, 'x': 8.959, 'y': 0.882, 'r': 0.4, 'type': 1}, {'idp': 9, 'x': 5.892, 'y': 0.705, 'r': 0.6, 'type': 2}]
31298,1398693979.057684,[{'idp': 6, 'x': 2.296, 'y': -0.954, 'r': 0.4, 'type': 1}, {'idp': 7, 'x': 0.965, 'y': -0.781, 'r': 0.4, 'type': 1}, {'idp': 8, 'x': 8.959, 'y': 0.882, 'r': 0.4, 'type': 1}, {'idp': 9, 'x': 5.871, 'y': 0.704, 'r': 0.6, 'type': 2}]
31299,1398693979.057716,[{'idp': 6, 'x': 2.291, 'y': -0.94, 'r': 0.4, 'type': 1}, {'idp': 7, 'x': 0.976, 'y': -0.778, 'r': 0.4, 'type': 1}, {'idp': 8, 'x': 8.959, 'y': 0.882, 'r': 0.4, 'type': 1}, {'idp': 9, 'x': 5.847, 'y': 0.727, 'r': 0.6, 'type': 2}]
31300,1398693979.0976496,[{'idp': 6, 'x': 2.276, 'y': -0.921, 'r': 0.4, 'type': 1}, {'idp': 7, 'x': 0.993, 'y': -0.769, 'r': 0.4, 'type': 1}, {'idp': 8, 'x': 8.959, 'y': 0.882, 'r': 0.4, 'type': 1}, {'idp': 9, 'x': 5.84, 'y': 0.738, 'r': 0.6, 'type': 2}]
31301,1398693979.102991,[{'idp': 6, 'x': 2.274, 'y': -0.92, 'r': 0.4, 'type': 1}, {'idp': 7, 'x': 1.005, 'y': -0.772, 'r': 0.4, 'type': 1}, {'idp': 8, 'x': 8.959, 'y': 0.882, 'r': 0.4, 'type': 1}, {'idp': 9, 'x': 5.818, 'y': 0.748, 'r': 0.6, 'type': 2}]
31302,1398693979.141691,[{'idp': 6, 'x': 2.247, 'y': -0.902, 'r': 0.4, 'type': 1}, {'idp': 7, 'x': 1.013, 'y': -0.771, 'r': 0.4, 'type': 1}, {'idp': 8, 'x': 8.959, 'y': 0.882, 'r': 0.4, 'type': 1}, {'idp': 9, 'x': 5.784, 'y': 0.744, 'r': 0.6, 'type': 2}]
31303,1398693979.1816537,[{'idp': 6, 'x': 2.256, 'y': -0.906, 'r': 0.4, 'type': 1}, {'idp': 7, 'x': 1.023, 'y': -0.768, 'r': 0.4, 'type': 1}, {'idp': 8, 'x': 8.959, 'y': 0.882, 'r': 0.4, 'type': 1}, {'idp': 9, 'x': 5.743, 'y': 0.752, 'r': 0.6, 'type': 2}]
31304,1398693979.1816733,[{'idp': 6, 'x': 2.258, 'y': -0.895, 'r': 0.4, 'type': 1}, {'idp': 7, 'x': 1.045, 'y': -0.767, 'r': 0.4, 'type': 1}, {'idp': 8, 'x': 8.959, 'y': 0.882, 'r': 0.4, 'type': 1}, {'idp': 9, 'x': 5.726, 'y': 0.774, 'r': 0.6, 'type': 2}]
31305,1398693979.2216942,[{'idp': 6, 'x': 2.266, 'y': -0.899, 'r': 0.4, 'type': 1}, {'idp': 7, 'x': 1.061, 'y': -0.765, 'r': 0.4, 'type': 1}, {'idp': 8, 'x': 8.959, 'y': 0.882, 'r': 0.4, 'type': 1}, {'idp': 9, 'x': 5.69, 'y': 0.782, 'r': 0.6, 'type': 2}]
31306,1398693979.2270758,[{'idp': 6, 'x': 2.276, 'y': -0.908, 'r': 0.4, 'type': 1}, {'idp': 7, 'x': 1.082, 'y': -0.768, 'r': 0.4, 'type': 1}, {'idp': 8, 'x': 8.959, 'y': 0.882, 'r': 0.4, 'type': 1}, {'idp': 9, 'x': 5.652, 'y': 0.777, 'r': 0.6, 'type': 2}]
31307,1398693979.2656395,[{'idp': 6, 'x': 2.29, 'y': -0.914, 'r': 0.4, 'type': 1}, {'idp': 7, 'x': 1.096, 'y': -0.77, 'r': 0.4, 'type': 1}, {'idp': 8, 'x': 8.959, 'y': 0.882, 'r': 0.4, 'type': 1}, {'idp': 9, 'x': 5.626, 'y': 0.774, 'r': 0.6, 'type': 2}]
31308,1398693979.3056788,[{'idp': 6, 'x': 2.309, 'y': -0.922, 'r': 0.4, 'type': 1}, {'idp': 7, 'x': 1.109, 'y': -0.761, 'r': 0.4, 'type': 1}, {'idp': 8, 'x': 8.959, 'y': 0.882, 'r': 0.4, 'type': 1}, {'idp': 9, 'x': 5.595, 'y': 0.769, 'r': 0.6, 'type': 2}]
31309,1398693979.305698,[{'idp': 6, 'x': 2.345, 'y': -0.937, 'r': 0.4, 'type': 1}, {'idp': 7, 'x': 1.124, 'y': -0.757, 'r': 0.4, 'type': 1}, {'idp': 8, 'x': 8.959, 'y': 0.882, 'r': 0.4, 'type': 1}, {'idp': 9, 'x': 5.546, 'y': 0.775, 'r': 0.6, 'type': 2}]
31310,1398693979.3456526,[{'idp': 6, 'x': 2.386, 'y': -0.967, 'r': 0.4, 'type': 1}, {'idp': 7, 'x': 1.126, 'y': -0.752, 'r': 0.4, 'type': 1}, {'idp': 8, 'x': 8.959, 'y': 0.882, 'r': 0.4, 'type': 1}, {'idp': 9, 'x': 5.567, 'y': 0.789, 'r': 0.6, 'type': 2}]
31311,1398693979.351987,[{'idp': 6, 'x': 2.408, 'y': -0.97, 'r': 0.4, 'type': 1}, {'idp': 7, 'x': 1.135, 'y': -0.749, 'r': 0.4, 'type': 1}, {'idp': 8, 'x': 8.959, 'y': 0.882, 'r': 0.4, 'type': 1}, {'idp': 9, 'x': 5.525, 'y': 0.798, 'r': 0.6, 'type': 2}]
31312,1398693979.3896508,[{'idp': 6, 'x': 2.424, 'y': -0.971, 'r': 0.4, 'type': 1}, {'idp': 7, 'x': 1.144, 'y': -0.75, 'r': 0.4, 'type': 1}, {'idp': 8, 'x': 8.959, 'y': 0.882, 'r': 0.4, 'type': 1}, {'idp': 9, 'x': 5.498, 'y': 0.819, 'r': 0.6, 'type': 2}]
31313,1398693979.4297261,[{'idp': 6, 'x': 2.454, 'y': -0.976, 'r': 0.4, 'type': 1}, {'idp': 7, 'x': 1.152, 'y': -0.748, 'r': 0.4, 'type': 1}, {'idp': 8, 'x': 8.959, 'y': 0.882, 'r': 0.4, 'type': 1}, {'idp': 9, 'x': 5.482, 'y': 0.815, 'r': 0.6, 'type': 2}]
31314,1398693979.4297557,[{'idp': 6, 'x': 2.486, 'y': -0.995, 'r': 0.4, 'type': 1}, {'idp': 7, 'x': 1.162, 'y': -0.752, 'r': 0.4, 'type': 1}, {'idp': 8, 'x': 8.959, 'y': 0.882, 'r': 0.4, 'type': 1}, {'idp': 9, 'x': 5.434, 'y': 0.819, 'r': 0.6, 'type': 2}]
31315,1398693979.4696693,[{'idp': 6, 'x': 2.507, 'y': -1.01, 'r': 0.4, 'type': 1}, {'idp': 7, 'x': 1.16, 'y': -0.755, 'r': 0.4, 'type': 1}, {'idp': 8, 'x': 8.959, 'y': 0.882, 'r': 0.4, 'type': 1}, {'idp': 9, 'x': 5.398, 'y': 0.813, 'r': 0.6, 'type': 2}]
31316,1398693979.4764628,[{'idp': 6, 'x': 2.534, 'y': -1.02, 'r': 0.4, 'type': 1}, {'idp': 7, 'x': 1.157, 'y': -0.753, 'r': 0.4, 'type': 1}, {'idp': 8, 'x': 8.959, 'y': 0.882, 'r': 0.4, 'type': 1}, {'idp': 9, 'x': 5.344, 'y': 0.806, 'r': 0.6, 'type': 2}]
31317,1398693979.5137515,[{'idp': 6, 'x': 2.554, 'y': -1.021, 'r': 0.4, 'type': 1}, {'idp': 7, 'x': 1.159, 'y': -0.754, 'r': 0.4, 'type': 1}, {'idp': 8, 'x': 8.959, 'y': 0.882, 'r': 0.4, 'type': 1}, {'idp': 9, 'x': 5.299, 'y': 0.834, 'r': 0.6, 'type': 2}]
31318,1398693979.5536838,[{'idp': 6, 'x': 2.579, 'y': -1.011, 'r': 0.4, 'type': 1}, {'idp': 7, 'x': 1.157, 'y': -0.745, 'r': 0.4, 'type': 1}, {'idp': 8, 'x': 8.959, 'y': 0.882, 'r': 0.4, 'type': 1}, {'idp': 9, 'x': 5.277, 'y': 0.854, 'r': 0.6, 'type': 2}]
31319,1398693979.5536935,[{'idp': 6, 'x': 2.594, 'y': -1.01, 'r': 0.4, 'type': 1}, {'idp': 7, 'x': 1.142, 'y': -0.732, 'r': 0.4, 'type': 1}, {'idp': 8, 'x': 8.959, 'y': 0.882, 'r': 0.4, 'type': 1}, {'idp': 9, 'x': 5.238, 'y': 0.872, 'r': 0.6, 'type': 2}]
31320,1398693979.5937185,[{'idp': 6, 'x': 2.612, 'y': -1.023, 'r': 0.4, 'type': 1}, {'idp': 7, 'x': 1.136, 'y': -0.734, 'r': 0.4, 'type': 1}, {'idp': 8, 'x': 8.959, 'y': 0.882, 'r': 0.4, 'type': 1}, {'idp': 9, 'x': 5.218, 'y': 0.857, 'r': 0.6, 'type': 2}]
31321,1398693979.6003752,[{'idp': 6, 'x': 2.62, 'y': -1.024, 'r': 0.4, 'type': 1}, {'idp': 7, 'x': 1.12, 'y': -0.726, 'r': 0.4, 'type': 1}, {'idp': 9, 'x': 5.204, 'y': 0.842, 'r': 0.6, 'type': 2}, {'idp': 10, 'x': 6.2, 'y': 0.48, 'r': 0.4, 'type': 1}, {'idp': 11, 'x': 8.58, 'y': -0.063, 'r': 0.4, 'type': 1}, {'idp': 12, 'x': 8.33, 'y': 0.939, 'r': 0.4, 'type': 1}]
31322,1398693979.6376994,[{'idp': 6, 'x': 2.636, 'y': -1.029, 'r': 0.4, 'type': 1}, {'idp': 7, 'x': 1.115, 'y': -0.727, 'r': 0.4, 'type': 1}, {'idp': 9, 'x': 5.158, 'y': 0.857, 'r': 0.6, 'type': 2}, {'idp': 10, 'x': 6.079, 'y': 0.492, 'r': 0.4, 'type': 1}, {'idp': 11, 'x': 8.564, 'y': -0.037, 'r': 0.4, 'type': 1}, {'idp': 12, 'x': 8.313, 'y': 0.763, 'r': 0.4, 'type': 1}]
31323,1398693979.6776767,[{'idp': 6, 'x': 2.648, 'y': -1.022, 'r': 0.4, 'type': 1}, {'idp': 7, 'x': 1.106, 'y': -0.713, 'r': 0.4, 'type': 1}, {'idp': 9, 'x': 5.142, 'y': 0.877, 'r': 0.6, 'type': 2}, {'idp': 10, 'x': 6.035, 'y': 0.515, 'r': 0.4, 'type': 1}, {'idp': 11, 'x': 8.549, 'y': -0.018, 'r': 0.4, 'type': 1}, {'idp': 12, 'x': 8.349, 'y': 0.711, 'r': 0.4, 'type': 1}]
31324,1398693979.67783,[{'idp': 6, 'x': 2.662, 'y': -1.018, 'r': 0.4, 'type': 1}, {'idp': 7, 'x': 1.091, 'y': -0.699, 'r': 0.4, 'type': 1}, {'idp': 9, 'x': 5.09, 'y': 0.892, 'r': 0.6, 'type': 2}, {'idp': 10, 'x': 5.989, 'y': 0.537, 'r': 0.4, 'type': 1}, {'idp': 11, 'x': 8.539, 'y': 0.0, 'r': 0.4, 'type': 1}, {'idp': 12, 'x': 8.353, 'y': 0.714, 'r': 0.4, 'type': 1}]
31325,1398693979.7177744,[{'idp': 6, 'x': 2.661, 'y': -1.032, 'r': 0.4, 'type': 1}, {'idp': 7, 'x': 1.09, 'y': -0.708, 'r': 0.4, 'type': 1}, {'idp': 9, 'x': 5.071, 'y': 0.889, 'r': 0.6, 'type': 2}, {'idp': 10, 'x': 5.958, 'y': 0.54, 'r': 0.4, 'type': 1}, {'idp': 11, 'x': 8.533, 'y': -0.037, 'r': 0.4, 'type': 1}, {'idp': 12, 'x': 8.343, 'y': 0.685, 'r': 0.4, 'type': 1}]
31326,1398693979.7250688,[{'idp': 6, 'x': 2.667, 'y': -1.041, 'r': 0.4, 'type': 1}, {'idp': 7, 'x': 1.091, 'y': -0.719, 'r': 0.4, 'type': 1}, {'idp': 9, 'x': 5.047, 'y': 0.885, 'r': 0.6, 'type': 2}, {'idp': 10, 'x': 5.897, 'y': 0.535, 'r': 0.4, 'type': 1}, {'idp': 11, 'x': 8.518, 'y': -0.074, 'r': 0.4, 'type': 1}, {'idp': 12, 'x': 8.345, 'y': 0.649, 'r': 0.4, 'type': 1}]
31327,1398693979.7616978,[{'idp': 6, 'x': 2.669, 'y': -1.042, 'r': 0.4, 'type': 1}, {'idp': 7, 'x': 1.097, 'y': -0.715, 'r': 0.4, 'type': 1}, {'idp': 9, 'x': 5.055, 'y': 0.896, 'r': 0.6, 'type': 2}, {'idp': 10, 'x': 5.891, 'y': 0.528, 'r': 0.4, 'type': 1}, {'idp': 11, 'x': 8.508, 'y': -0.037, 'r': 0.4, 'type': 1}, {'idp': 12, 'x': 8.327, 'y': 0.712, 'r': 0.4, 'type': 1}]
31328,1398693979.8017118,[{'idp': 6, 'x': 2.675, 'y': -1.029, 'r': 0.4, 'type': 1}, {'idp': 7, 'x': 1.116, 'y': -0.721, 'r': 0.4, 'type': 1}, {'idp': 9, 'x': 4.995, 'y': 0.911, 'r': 0.6, 'type': 2}, {'idp': 10, 'x': 5.834, 'y': 0.562, 'r': 0.4, 'type': 1}, {'idp': 11, 'x': 8.498, 'y': -0.037, 'r': 0.4, 'type': 1}, {'idp': 12, 'x': 8.337, 'y': 0.691, 'r': 0.4, 'type': 1}]
31329,1398693979.8017466,[{'idp': 6, 'x': 2.692, 'y': -1.019, 'r': 0.4, 'type': 1}, {'idp': 7, 'x': 1.143, 'y': -0.729, 'r': 0.4, 'type': 1}, {'idp': 9, 'x': 4.996, 'y': 0.946, 'r': 0.6, 'type': 2}, {'idp': 10, 'x': 5.795, 'y': 0.591, 'r': 0.4, 'type': 1}, {'idp': 11, 'x': 8.489, 'y': 0.0, 'r': 0.4, 'type': 1}, {'idp': 12, 'x': 8.34, 'y': 0.718, 'r': 0.4, 'type': 1}]
31330,1398693979.8418093,[{'idp': 6, 'x': 2.698, 'y': -1.03, 'r': 0.4, 'type': 1}, {'idp': 7, 'x': 1.162, 'y': -0.734, 'r': 0.4, 'type': 1}, {'idp': 9, 'x': 5.0, 'y': 0.947, 'r': 0.6, 'type': 2}, {'idp': 10, 'x': 5.763, 'y': 0.606, 'r': 0.4, 'type': 1}, {'idp': 11, 'x': 8.477, 'y': -0.018, 'r': 0.4, 'type': 1}, {'idp': 12, 'x': 8.357, 'y': 0.621, 'r': 0.4, 'type': 1}]
31331,1398693979.8487582,[{'idp': 6, 'x': 2.702, 'y': -1.036, 'r': 0.4, 'type': 1}, {'idp': 7, 'x': 1.217, 'y': -0.775, 'r': 0.4, 'type': 1}, {'idp': 9, 'x': 4.916, 'y': 0.93, 'r': 0.6, 'type': 2}, {'idp': 10, 'x': 5.691, 'y': 0.611, 'r': 0.4, 'type': 1}, {'idp': 11, 'x': 8.46, 'y': -0.018, 'r': 0.4, 'type': 1}, {'idp': 12, 'x': 8.333, 'y': 0.619, 'r': 0.4, 'type': 1}]
31332,1398693979.8856695,[{'idp': 6, 'x': 2.705, 'y': -1.045, 'r': 0.4, 'type': 1}, {'idp': 7, 'x': 1.276, 'y': -0.817, 'r': 0.4, 'type': 1}, {'idp': 9, 'x': 4.885, 'y': 0.933, 'r': 0.6, 'type': 2}, {'idp': 10, 'x': 5.611, 'y': 0.638, 'r': 0.4, 'type': 1}, {'idp': 11, 'x': 8.454, 'y': -0.037, 'r': 0.4, 'type': 1}, {'idp': 12, 'x': 8.282, 'y': 0.615, 'r': 0.4, 'type': 1}]
31333,1398693979.9256463,[{'idp': 6, 'x': 2.706, 'y': -1.054, 'r': 0.4, 'type': 1}, {'idp': 7, 'x': 1.317, 'y': -0.853, 'r': 0.4, 'type': 1}, {'idp': 9, 'x': 4.805, 'y': 0.94, 'r': 0.6, 'type': 2}, {'idp': 10, 'x': 5.574, 'y': 0.635, 'r': 0.4, 'type': 1}, {'idp': 11, 'x': 8.441, 'y': -0.055, 'r': 0.4, 'type': 1}, {'idp': 12, 'x': 8.261, 'y': 0.632, 'r': 0.4, 'type': 1}]
31334,1398693979.925671,[{'idp': 6, 'x': 2.706, 'y': -1.06, 'r': 0.4, 'type': 1}, {'idp': 7, 'x': 1.342, 'y': -0.868, 'r': 0.4, 'type': 1}, {'idp': 9, 'x': 4.787, 'y': 0.935, 'r': 0.6, 'type': 2}, {'idp': 10, 'x': 5.52, 'y': 0.653, 'r': 0.4, 'type': 1}, {'idp': 11, 'x': 8.436, 'y': -0.055, 'r': 0.4, 'type': 1}, {'idp': 12, 'x': 8.24, 'y': 0.63, 'r': 0.4, 'type': 1}]
31335,1398693979.9657412,[{'idp': 6, 'x': 2.709, 'y': -1.048, 'r': 0.4, 'type': 1}, {'idp': 7, 'x': 1.362, 'y': -0.876, 'r': 0.4, 'type': 1}, {'idp': 9, 'x': 4.75, 'y': 0.95, 'r': 0.6, 'type': 2}, {'idp': 10, 'x': 5.465, 'y': 0.67, 'r': 0.4, 'type': 1}, {'idp': 11, 'x': 8.425, 'y': -0.037, 'r': 0.4, 'type': 1}, {'idp': 12, 'x': 8.214, 'y': 0.664, 'r': 0.4, 'type': 1}]
31336,1398693979.974134,[{'idp': 6, 'x': 2.72, 'y': -1.038, 'r': 0.4, 'type': 1}, {'idp': 7, 'x': 1.383, 'y': -0.884, 'r': 0.4, 'type': 1}, {'idp': 9, 'x': 4.723, 'y': 0.966, 'r': 0.6, 'type': 2}, {'idp': 10, 'x': 5.428, 'y': 0.702, 'r': 0.4, 'type': 1}, {'idp': 11, 'x': 8.412, 'y': -0.018, 'r': 0.4, 'type': 1}, {'idp': 12, 'x': 8.193, 'y': 0.698, 'r': 0.4, 'type': 1}]
31337,1398693980.0136619,[{'idp': 6, 'x': 2.729, 'y': -1.045, 'r': 0.4, 'type': 1}, {'idp': 7, 'x': 1.399, 'y': -0.894, 'r': 0.4, 'type': 1}, {'idp': 9, 'x': 4.689, 'y': 0.98, 'r': 0.6, 'type': 2}, {'idp': 10, 'x': 5.334, 'y': 0.732, 'r': 0.4, 'type': 1}, {'idp': 11, 'x': 8.4, 'y': 0.0, 'r': 0.4, 'type': 1}, {'idp': 12, 'x': 8.175, 'y': 0.732, 'r': 0.4, 'type': 1}]
31338,1398693980.0537045,[{'idp': 6, 'x': 2.741, 'y': -1.05, 'r': 0.4, 'type': 1}, {'idp': 7, 'x': 1.418, 'y': -0.91, 'r': 0.4, 'type': 1}, {'idp': 9, 'x': 4.66, 'y': 0.984, 'r': 0.6, 'type': 2}, {'idp': 10, 'x': 5.19, 'y': 0.768, 'r': 0.4, 'type': 1}, {'idp': 11, 'x': 8.389, 'y': 0.0, 'r': 0.4, 'type': 1}, {'idp': 12, 'x': 8.159, 'y': 0.731, 'r': 0.4, 'type': 1}]
31339,1398693980.0537348,[{'idp': 6, 'x': 2.75, 'y': -1.054, 'r': 0.4, 'type': 1}, {'idp': 7, 'x': 1.427, 'y': -0.919, 'r': 0.4, 'type': 1}, {'idp': 9, 'x': 4.631, 'y': 0.979, 'r': 0.6, 'type': 2}, {'idp': 10, 'x': 5.113, 'y': 0.773, 'r': 0.4, 'type': 1}, {'idp': 11, 'x': 8.386, 'y': -0.036, 'r': 0.4, 'type': 1}, {'idp': 12, 'x': 8.153, 'y': 0.695, 'r': 0.4, 'type': 1}]
31340,1398693980.093698,[{'idp': 6, 'x': 2.771, 'y': -1.06, 'r': 0.4, 'type': 1}, {'idp': 7, 'x': 1.435, 'y': -0.928, 'r': 0.4, 'type': 1}, {'idp': 9, 'x': 4.608, 'y': 0.984, 'r': 0.6, 'type': 2}, {'idp': 10, 'x': 5.1, 'y': 0.771, 'r': 0.4, 'type': 1}, {'idp': 11, 'x': 8.369, 'y': -0.036, 'r': 0.4, 'type': 1}, {'idp': 12, 'x': 8.143, 'y': 0.694, 'r': 0.4, 'type': 1}]
31341,1398693980.0981681,[{'idp': 6, 'x': 2.793, 'y': -1.055, 'r': 0.4, 'type': 1}, {'idp': 7, 'x': 1.445, 'y': -0.935, 'r': 0.4, 'type': 1}, {'idp': 9, 'x': 4.579, 'y': 0.998, 'r': 0.6, 'type': 2}, {'idp': 10, 'x': 5.078, 'y': 0.79, 'r': 0.4, 'type': 1}, {'idp': 11, 'x': 8.362, 'y': 0.0, 'r': 0.4, 'type': 1}, {'idp': 12, 'x': 8.135, 'y': 0.693, 'r': 0.4, 'type': 1}]
31342,1398693980.1377647,[{'idp': 6, 'x': 2.816, 'y': -1.049, 'r': 0.4, 'type': 1}, {'idp': 7, 'x': 1.455, 'y': -0.936, 'r': 0.4, 'type': 1}, {'idp': 9, 'x': 4.544, 'y': 1.011, 'r': 0.6, 'type': 2}, {'idp': 10, 'x': 5.095, 'y': 0.815, 'r': 0.4, 'type': 1}, {'idp': 11, 'x': 8.352, 'y': 0.0, 'r': 0.4, 'type': 1}, {'idp': 12, 'x': 8.119, 'y': 0.727, 'r': 0.4, 'type': 1}]
31343,1398693980.1776776,[{'idp': 6, 'x': 2.822, 'y': -1.061, 'r': 0.4, 'type': 1}, {'idp': 7, 'x': 1.463, 'y': -0.938, 'r': 0.4, 'type': 1}, {'idp': 9, 'x': 4.514, 'y': 1.005, 'r': 0.6, 'type': 2}, {'idp': 10, 'x': 5.066, 'y': 0.809, 'r': 0.4, 'type': 1}, {'idp': 11, 'x': 8.333, 'y': 0.0, 'r': 0.4, 'type': 1}, {'idp': 12, 'x': 8.105, 'y': 0.691, 'r': 0.4, 'type': 1}]
31344,1398693980.1777086,[{'idp': 6, 'x': 2.843, 'y': -1.054, 'r': 0.4, 'type': 1}, {'idp': 7, 'x': 1.469, 'y': -0.945, 'r': 0.4, 'type': 1}, {'idp': 9, 'x': 4.476, 'y': 1.018, 'r': 0.6, 'type': 2}, {'idp': 10, 'x': 5.009, 'y': 0.812, 'r': 0.4, 'type': 1}, {'idp': 11, 'x': 8.328, 'y': -0.018, 'r': 0.4, 'type': 1}, {'idp': 12, 'x': 8.081, 'y': 0.689, 'r': 0.4, 'type': 1}]
31345,1398693980.217732,[{'idp': 6, 'x': 2.855, 'y': -1.059, 'r': 0.4, 'type': 1}, {'idp': 7, 'x': 1.467, 'y': -0.949, 'r': 0.4, 'type': 1}, {'idp': 9, 'x': 4.446, 'y': 1.021, 'r': 0.6, 'type': 2}, {'idp': 10, 'x': 5.01, 'y': 0.812, 'r': 0.4, 'type': 1}, {'idp': 11, 'x': 8.317, 'y': -0.018, 'r': 0.4, 'type': 1}, {'idp': 12, 'x': 8.081, 'y': 0.689, 'r': 0.4, 'type': 1}]
31346,1398693980.2231345,[{'idp': 6, 'x': 2.876, 'y': -1.053, 'r': 0.4, 'type': 1}, {'idp': 7, 'x': 1.472, 'y': -0.951, 'r': 0.4, 'type': 1}, {'idp': 9, 'x': 4.412, 'y': 1.033, 'r': 0.6, 'type': 2}, {'idp': 10, 'x': 5.011, 'y': 0.822, 'r': 0.4, 'type': 1}, {'idp': 11, 'x': 8.3, 'y': -0.018, 'r': 0.4, 'type': 1}, {'idp': 12, 'x': 8.064, 'y': 0.705, 'r': 0.4, 'type': 1}]
31347,1398693980.2616632,[{'idp': 6, 'x': 2.891, 'y': -1.052, 'r': 0.4, 'type': 1}, {'idp': 7, 'x': 1.479, 'y': -0.954, 'r': 0.4, 'type': 1}, {'idp': 9, 'x': 4.365, 'y': 1.041, 'r': 0.6, 'type': 2}, {'idp': 10, 'x': 5.282, 'y': 0.772, 'r': 0.4, 'type': 1}, {'idp': 11, 'x': 8.283, 'y': 0.018, 'r': 0.4, 'type': 1}, {'idp': 12, 'x': 8.052, 'y': 0.722, 'r': 0.4, 'type': 1}, {'idp': 13, 'x': 9.582, 'y': -0.522, 'r': 0.4, 'type': 1}]
31348,1398693980.3016798,[{'idp': 6, 'x': 2.896, 'y': -1.055, 'r': 0.4, 'type': 1}, {'idp': 7, 'x': 1.485, 'y': -0.956, 'r': 0.4, 'type': 1}, {'idp': 9, 'x': 4.323, 'y': 1.041, 'r': 0.6, 'type': 2}, {'idp': 10, 'x': 5.245, 'y': 0.818, 'r': 0.4, 'type': 1}, {'idp': 11, 'x': 8.273, 'y': -0.018, 'r': 0.4, 'type': 1}, {'idp': 12, 'x': 8.054, 'y': 0.704, 'r': 0.4, 'type': 1}, {'idp': 13, 'x': 9.572, 'y': -0.732, 'r': 0.4, 'type': 1}]
31349,1398693980.3017116,[{'idp': 6, 'x': 2.905, 'y': -1.066, 'r': 0.4, 'type': 1}, {'idp': 7, 'x': 1.479, 'y': -0.963, 'r': 0.4, 'type': 1}, {'idp': 9, 'x': 4.303, 'y': 1.026, 'r': 0.6, 'type': 2}, {'idp': 10, 'x': 5.221, 'y': 0.814, 'r': 0.4, 'type': 1}, {'idp': 11, 'x': 8.256, 'y': -0.018, 'r': 0.4, 'type': 1}, {'idp': 12, 'x': 8.039, 'y': 0.685, 'r': 0.4, 'type': 1}, {'idp': 13, 'x': 9.524, 'y': -0.77, 'r': 0.4, 'type': 1}]
31350,1398693980.341762,[{'idp': 6, 'x': 2.919, 'y': -1.057, 'r': 0.4, 'type': 1}, {'idp': 7, 'x': 1.489, 'y': -0.965, 'r': 0.4, 'type': 1}, {'idp': 9, 'x': 4.276, 'y': 1.04, 'r': 0.6, 'type': 2}, {'idp': 10, 'x': 5.147, 'y': 0.826, 'r': 0.4, 'type': 1}, {'idp': 11, 'x': 8.25, 'y': -0.018, 'r': 0.4, 'type': 1}, {'idp': 12, 'x': 8.019, 'y': 0.701, 'r': 0.4, 'type': 1}, {'idp': 13, 'x': 9.483, 'y': -0.747, 'r': 0.4, 'type': 1}]
31351,1398693980.3474975,[{'idp': 6, 'x': 2.934, 'y': -1.048, 'r': 0.4, 'type': 1}, {'idp': 7, 'x': 1.493, 'y': -0.966, 'r': 0.4, 'type': 1}, {'idp': 9, 'x': 4.236, 'y': 1.06, 'r': 0.6, 'type': 2}, {'idp': 10, 'x': 5.04, 'y': 0.842, 'r': 0.4, 'type': 1}, {'idp': 11, 'x': 8.241, 'y': 0.018, 'r': 0.4, 'type': 1}, {'idp': 12, 'x': 8.011, 'y': 0.7, 'r': 0.4, 'type': 1}, {'idp': 13, 'x': 9.447, 'y': -0.764, 'r': 0.4, 'type': 1}]
31352,1398693980.3856716,[{'idp': 6, 'x': 2.942, 'y': -1.044, 'r': 0.4, 'type': 1}, {'idp': 7, 'x': 1.505, 'y': -0.968, 'r': 0.4, 'type': 1}, {'idp': 9, 'x': 4.215, 'y': 1.065, 'r': 0.6, 'type': 2}, {'idp': 10, 'x': 4.965, 'y': 0.852, 'r': 0.4, 'type': 1}, {'idp': 11, 'x': 8.226, 'y': 0.018, 'r': 0.4, 'type': 1}, {'idp': 12, 'x': 8.0, 'y': 0.682, 'r': 0.4, 'type': 1}, {'idp': 13, 'x': 9.409, 'y': -0.762, 'r': 0.4, 'type': 1}]
31353,1398693980.42569,[{'idp': 6, 'x': 2.949, 'y': -1.055, 'r': 0.4, 'type': 1}, {'idp': 7, 'x': 1.516, 'y': -0.971, 'r': 0.4, 'type': 1}, {'idp': 9, 'x': 4.204, 'y': 1.063, 'r': 0.6, 'type': 2}, {'idp': 10, 'x': 4.914, 'y': 0.843, 'r': 0.4, 'type': 1}, {'idp': 11, 'x': 8.213, 'y': -0.017, 'r': 0.4, 'type': 1}, {'idp': 12, 'x': 7.983, 'y': 0.645, 'r': 0.4, 'type': 1}, {'idp': 13, 'x': 9.372, 'y': -0.801, 'r': 0.4, 'type': 1}]
31354,1398693980.4257228,[{'idp': 6, 'x': 2.943, 'y': -1.045, 'r': 0.4, 'type': 1}, {'idp': 7, 'x': 1.53, 'y': -0.972, 'r': 0.4, 'type': 1}, {'idp': 9, 'x': 4.186, 'y': 1.068, 'r': 0.6, 'type': 2}, {'idp': 10, 'x': 4.787, 'y': 0.854, 'r': 0.4, 'type': 1}, {'idp': 11, 'x': 8.198, 'y': -0.017, 'r': 0.4, 'type': 1}, {'idp': 12, 'x': 7.968, 'y': 0.679, 'r': 0.4, 'type': 1}, {'idp': 13, 'x': 9.335, 'y': -0.797, 'r': 0.4, 'type': 1}]
31355,1398693980.465763,[{'idp': 6, 'x': 2.953, 'y': -1.041, 'r': 0.4, 'type': 1}, {'idp': 7, 'x': 1.557, 'y': -0.963, 'r': 0.4, 'type': 1}, {'idp': 9, 'x': 4.151, 'y': 1.088, 'r': 0.6, 'type': 2}, {'idp': 10, 'x': 4.638, 'y': 0.889, 'r': 0.4, 'type': 1}, {'idp': 11, 'x': 8.191, 'y': 0.018, 'r': 0.4, 'type': 1}, {'idp': 12, 'x': 7.981, 'y': 0.751, 'r': 0.4, 'type': 1}, {'idp': 13, 'x': 9.297, 'y': -0.774, 'r': 0.4, 'type': 1}]
31356,1398693980.472632,[{'idp': 6, 'x': 2.95, 'y': -1.04, 'r': 0.4, 'type': 1}, {'idp': 7, 'x': 1.578, 'y': -0.962, 'r': 0.4, 'type': 1}, {'idp': 9, 'x': 4.121, 'y': 1.091, 'r': 0.6, 'type': 2}, {'idp': 10, 'x': 4.597, 'y': 0.891, 'r': 0.4, 'type': 1}, {'idp': 11, 'x': 8.179, 'y': 0.036, 'r': 0.4, 'type': 1}, {'idp': 12, 'x': 7.968, 'y': 0.785, 'r': 0.4, 'type': 1}, {'idp': 13, 'x': 9.258, 'y': -0.77, 'r': 0.4, 'type': 1}]
31357,1398693980.5096483,[{'idp': 6, 'x': 2.929, 'y': -1.04, 'r': 0.4, 'type': 1}, {'idp': 7, 'x': 1.598, 'y': -0.971, 'r': 0.4, 'type': 1}, {'idp': 9, 'x': 4.101, 'y': 1.086, 'r': 0.6, 'type': 2}, {'idp': 10, 'x': 4.538, 'y': 0.88, 'r': 0.4, 'type': 1}, {'idp': 11, 'x': 8.169, 'y': 0.018, 'r': 0.4, 'type': 1}, {'idp': 12, 'x': 7.957, 'y': 0.749, 'r': 0.4, 'type': 1}, {'idp': 13, 'x': 9.233, 'y': -0.809, 'r': 0.4, 'type': 1}]
31358,1398693980.5496423,[{'idp': 6, 'x': 2.934, 'y': -1.064, 'r': 0.4, 'type': 1}, {'idp': 7, 'x': 1.614, 'y': -0.981, 'r': 0.4, 'type': 1}, {'idp': 9, 'x': 4.126, 'y': 1.074, 'r': 0.6, 'type': 2}, {'idp': 10, 'x': 4.476, 'y': 0.867, 'r': 0.4, 'type': 1}, {'idp': 11, 'x': 8.153, 'y': -0.009, 'r': 0.4, 'type': 1}, {'idp': 12, 'x': 7.932, 'y': 0.623, 'r': 0.4, 'type': 1}, {'idp': 13, 'x': 9.208, 'y': -0.867, 'r': 0.4, 'type': 1}]
31359,1398693980.549654,[{'idp': 6, 'x': 2.923, 'y': -1.067, 'r': 0.4, 'type': 1}, {'idp': 7, 'x': 1.627, 'y': -0.99, 'r': 0.4, 'type': 1}, {'idp': 9, 'x': 4.103, 'y': 1.058, 'r': 0.6, 'type': 2}, {'idp': 10, 'x': 4.41, 'y': 0.862, 'r': 0.4, 'type': 1}, {'idp': 11, 'x': 8.135, 'y': -0.059, 'r': 0.4, 'type': 1}, {'idp': 12, 'x': 7.936, 'y': 0.607, 'r': 0.4, 'type': 1}, {'idp': 13, 'x': 9.163, 'y': -0.904, 'r': 0.4, 'type': 1}]
31360,1398693980.5896552,[{'idp': 6, 'x': 2.921, 'y': -1.066, 'r': 0.4, 'type': 1}, {'idp': 7, 'x': 1.643, 'y': -0.996, 'r': 0.4, 'type': 1}, {'idp': 9, 'x': 4.032, 'y': 1.056, 'r': 0.6, 'type': 2}, {'idp': 10, 'x': 4.375, 'y': 0.875, 'r': 0.4, 'type': 1}, {'idp': 11, 'x': 8.133, 'y': -0.07, 'r': 0.4, 'type': 1}, {'idp': 12, 'x': 7.93, 'y': 0.694, 'r': 0.4, 'type': 1}, {'idp': 13, 'x': 9.099, 'y': -0.898, 'r': 0.4, 'type': 1}]
31361,1398693980.59776,[{'idp': 6, 'x': 2.918, 'y': -1.043, 'r': 0.4, 'type': 1}, {'idp': 7, 'x': 1.651, 'y': -0.992, 'r': 0.4, 'type': 1}, {'idp': 9, 'x': 3.936, 'y': 1.067, 'r': 0.6, 'type': 2}, {'idp': 10, 'x': 4.403, 'y': 0.9, 'r': 0.4, 'type': 1}, {'idp': 11, 'x': 8.118, 'y': -0.035, 'r': 0.4, 'type': 1}, {'idp': 12, 'x': 7.905, 'y': 0.639, 'r': 0.4, 'type': 1}, {'idp': 13, 'x': 9.066, 'y': -0.874, 'r': 0.4, 'type': 1}]
31362,1398693980.6376846,[{'idp': 6, 'x': 2.924, 'y': -1.031, 'r': 0.4, 'type': 1}, {'idp': 7, 'x': 1.659, 'y': -0.977, 'r': 0.4, 'type': 1}, {'idp': 9, 'x': 3.879, 'y': 1.087, 'r': 0.6, 'type': 2}, {'idp': 10, 'x': 4.41, 'y': 0.934, 'r': 0.4, 'type': 1}, {'idp': 11, 'x': 8.113, 'y': -0.017, 'r': 0.4, 'type': 1}, {'idp': 12, 'x': 7.888, 'y': 0.689, 'r': 0.4, 'type': 1}, {'idp': 13, 'x': 9.004, 'y': -0.808, 'r': 0.4, 'type': 1}]
31363,1398693980.6776953,[{'idp': 6, 'x': 2.923, 'y': -1.023, 'r': 0.4, 'type': 1}, {'idp': 7, 'x': 1.676, 'y': -0.972, 'r': 0.4, 'type': 1}, {'idp': 9, 'x': 3.845, 'y': 1.086, 'r': 0.6, 'type': 2}, {'idp': 10, 'x': 4.403, 'y': 0.942, 'r': 0.4, 'type': 1}, {'idp': 11, 'x': 8.097, 'y': 0.001, 'r': 0.4, 'type': 1}, {'idp': 12, 'x': 7.885, 'y': 0.706, 'r': 0.4, 'type': 1}, {'idp': 13, 'x': 8.952, 'y': -0.804, 'r': 0.4, 'type': 1}]
31364,1398693980.6777627,[{'idp': 6, 'x': 2.928, 'y': -1.04, 'r': 0.4, 'type': 1}, {'idp': 7, 'x': 1.68, 'y': -0.971, 'r': 0.4, 'type': 1}, {'idp': 9, 'x': 3.814, 'y': 1.078, 'r': 0.6, 'type': 2}, {'idp': 10, 'x': 4.363, 'y': 0.934, 'r': 0.4, 'type': 1}, {'idp': 11, 'x': 8.076, 'y': -0.017, 'r': 0.4, 'type': 1}, {'idp': 12, 'x': 7.872, 'y': 0.688, 'r': 0.4, 'type': 1}, {'idp': 13, 'x': 8.903, 'y': -0.819, 'r': 0.4, 'type': 1}]
31365,1398693980.7177558,[{'idp': 6, 'x': 2.929, 'y': -1.054, 'r': 0.4, 'type': 1}, {'idp': 7, 'x': 1.683, 'y': -0.978, 'r': 0.4, 'type': 1}, {'idp': 9, 'x': 3.804, 'y': 1.066, 'r': 0.6, 'type': 2}, {'idp': 10, 'x': 4.328, 'y': 0.916, 'r': 0.4, 'type': 1}, {'idp': 11, 'x': 8.071, 'y': -0.052, 'r': 0.4, 'type': 1}, {'idp': 12, 'x': 7.866, 'y': 0.67, 'r': 0.4, 'type': 1}, {'idp': 13, 'x': 8.849, 'y': -0.833, 'r': 0.4, 'type': 1}]
31366,1398693980.7218962,[{'idp': 6, 'x': 2.919, 'y': -1.058, 'r': 0.4, 'type': 1}, {'idp': 7, 'x': 1.68, 'y': -0.982, 'r': 0.4, 'type': 1}, {'idp': 9, 'x': 3.825, 'y': 1.083, 'r': 0.6, 'type': 2}, {'idp': 10, 'x': 4.25, 'y': 0.9, 'r': 0.4, 'type': 1}, {'idp': 11, 'x': 8.058, 'y': -0.07, 'r': 0.4, 'type': 1}, {'idp': 12, 'x': 7.857, 'y': 0.669, 'r': 0.4, 'type': 1}, {'idp': 13, 'x': 8.805, 'y': -0.868, 'r': 0.4, 'type': 1}]
31367,1398693980.7616525,[{'idp': 6, 'x': 2.925, 'y': -1.053, 'r': 0.4, 'type': 1}, {'idp': 7, 'x': 1.675, 'y': -0.969, 'r': 0.4, 'type': 1}, {'idp': 9, 'x': 3.948, 'y': 1.151, 'r': 0.6, 'type': 2}, {'idp': 10, 'x': 4.113, 'y': 0.995, 'r': 0.4, 'type': 1}, {'idp': 11, 'x': 8.035, 'y': -0.069, 'r': 0.4, 'type': 1}, {'idp': 12, 'x': 7.85, 'y': 0.72, 'r': 0.4, 'type': 1}, {'idp': 13, 'x': 8.776, 'y': -0.904, 'r': 0.4, 'type': 1}]
31368,1398693980.8019087,[{'idp': 6, 'x': 2.938, 'y': -1.05, 'r': 0.4, 'type': 1}, {'idp': 7, 'x': 1.675, 'y': -0.965, 'r': 0.4, 'type': 1}, {'idp': 9, 'x': 3.737, 'y': 1.19, 'r': 0.6, 'type': 2}, {'idp': 10, 'x': 4.656, 'y': 0.898, 'r': 0.4, 'type': 1}, {'idp': 11, 'x': 8.025, 'y': -0.034, 'r': 0.4, 'type': 1}, {'idp': 12, 'x': 7.841, 'y': 0.754, 'r': 0.4, 'type': 1}, {'idp': 13, 'x': 8.702, 'y': -0.858, 'r': 0.4, 'type': 1}]
31369,1398693980.801926,[{'idp': 6, 'x': 2.97, 'y': -1.055, 'r': 0.4, 'type': 1}, {'idp': 7, 'x': 1.681, 'y': -0.954, 'r': 0.4, 'type': 1}, {'idp': 9, 'x': 3.827, 'y': 1.178, 'r': 0.6, 'type': 2}, {'idp': 10, 'x': 4.552, 'y': 0.936, 'r': 0.4, 'type': 1}, {'idp': 11, 'x': 8.011, 'y': 0.001, 'r': 0.4, 'type': 1}, {'idp': 12, 'x': 7.844, 'y': 0.754, 'r': 0.4, 'type': 1}, {'idp': 13, 'x': 8.632, 'y': -0.795, 'r': 0.4, 'type': 1}]
31370,1398693980.8418317,[{'idp': 6, 'x': 3.014, 'y': -1.063, 'r': 0.4, 'type': 1}, {'idp': 7, 'x': 1.683, 'y': -0.955, 'r': 0.4, 'type': 1}, {'idp': 9, 'x': 3.834, 'y': 1.191, 'r': 0.6, 'type': 2}, {'idp': 10, 'x': 4.542, 'y': 0.934, 'r': 0.4, 'type': 1}, {'idp': 11, 'x': 8.005, 'y': 0.018, 'r': 0.4, 'type': 1}, {'idp': 12, 'x': 7.818, 'y': 0.752, 'r': 0.4, 'type': 1}, {'idp': 13, 'x': 8.595, 'y': -0.791, 'r': 0.4, 'type': 1}]
31371,1398693980.8463395,[{'idp': 6, 'x': 3.029, 'y': -1.068, 'r': 0.4, 'type': 1}, {'idp': 7, 'x': 1.673, 'y': -0.939, 'r': 0.4, 'type': 1}, {'idp': 9, 'x': 3.791, 'y': 1.177, 'r': 0.6, 'type': 2}, {'idp': 10, 'x': 4.522, 'y': 0.93, 'r': 0.4, 'type': 1}, {'idp': 11, 'x': 7.994, 'y': -0.017, 'r': 0.4, 'type': 1}, {'idp': 12, 'x': 7.791, 'y': 0.749, 'r': 0.4, 'type': 1}, {'idp': 13, 'x': 8.59, 'y': -0.865, 'r': 0.4, 'type': 1}]
31372,1398693980.8856719,[{'idp': 6, 'x': 3.047, 'y': -1.082, 'r': 0.4, 'type': 1}, {'idp': 7, 'x': 1.658, 'y': -0.934, 'r': 0.4, 'type': 1}, {'idp': 9, 'x': 3.764, 'y': 1.169, 'r': 0.6, 'type': 2}, {'idp': 10, 'x': 4.508, 'y': 0.927, 'r': 0.4, 'type': 1}, {'idp': 11, 'x': 7.978, 'y': -0.034, 'r': 0.4, 'type': 1}, {'idp': 12, 'x': 7.792, 'y': 0.715, 'r': 0.4, 'type': 1}, {'idp': 13, 'x': 8.532, 'y': -0.897, 'r': 0.4, 'type': 1}]
31373,1398693980.9257228,[{'idp': 6, 'x': 3.054, 'y': -1.092, 'r': 0.4, 'type': 1}, {'idp': 7, 'x': 1.639, 'y': -0.923, 'r': 0.4, 'type': 1}, {'idp': 9, 'x': 3.737, 'y': 1.18, 'r': 0.6, 'type': 2}, {'idp': 10, 'x': 4.486, 'y': 0.933, 'r': 0.4, 'type': 1}, {'idp': 11, 'x': 7.976, 'y': -0.034, 'r': 0.4, 'type': 1}, {'idp': 12, 'x': 7.781, 'y': 0.731, 'r': 0.4, 'type': 1}, {'idp': 13, 'x': 8.5, 'y': -0.893, 'r': 0.4, 'type': 1}]
31374,1398693980.9257543,[{'idp': 6, 'x': 3.066, 'y': -1.088, 'r': 0.4, 'type': 1}, {'idp': 7, 'x': 1.638, 'y': -0.913, 'r': 0.4, 'type': 1}, {'idp': 9, 'x': 3.702, 'y': 1.195, 'r': 0.6, 'type': 2}, {'idp': 10, 'x': 4.468, 'y': 0.95, 'r': 0.4, 'type': 1}, {'idp': 11, 'x': 7.96, 'y': -0.017, 'r': 0.4, 'type': 1}, {'idp': 12, 'x': 7.773, 'y': 0.747, 'r': 0.4, 'type': 1}, {'idp': 13, 'x': 8.457, 'y': -0.889, 'r': 0.4, 'type': 1}]
31375,1398693980.9657116,[{'idp': 6, 'x': 3.084, 'y': -1.087, 'r': 0.4, 'type': 1}, {'idp': 7, 'x': 1.631, 'y': -0.909, 'r': 0.4, 'type': 1}, {'idp': 9, 'x': 3.667, 'y': 1.202, 'r': 0.6, 'type': 2}, {'idp': 10, 'x': 4.439, 'y': 0.964, 'r': 0.4, 'type': 1}, {'idp': 11, 'x': 7.961, 'y': 0.001, 'r': 0.4, 'type': 1}, {'idp': 12, 'x': 7.756, 'y': 0.763, 'r': 0.4, 'type': 1}, {'idp': 13, 'x': 8.414, 'y': -0.866, 'r': 0.4, 'type': 1}]
31376,1398693980.9706833,[{'idp': 6, 'x': 3.089, 'y': -1.095, 'r': 0.4, 'type': 1}, {'idp': 7, 'x': 1.623, 'y': -0.914, 'r': 0.4, 'type': 1}, {'idp': 9, 'x': 3.642, 'y': 1.194, 'r': 0.6, 'type': 2}, {'idp': 10, 'x': 4.42, 'y': 0.96, 'r': 0.4, 'type': 1}, {'idp': 11, 'x': 7.942, 'y': -0.017, 'r': 0.4, 'type': 1}, {'idp': 12, 'x': 7.767, 'y': 0.696, 'r': 0.4, 'type': 1}, {'idp': 13, 'x': 8.368, 'y': -0.898, 'r': 0.4, 'type': 1}]
31377,1398693981.0096638,[{'idp': 6, 'x': 3.09, 'y': -1.11, 'r': 0.4, 'type': 1}, {'idp': 7, 'x': 1.617, 'y': -0.919, 'r': 0.4, 'type': 1}, {'idp': 9, 'x': 3.611, 'y': 1.172, 'r': 0.6, 'type': 2}, {'idp': 10, 'x': 4.372, 'y': 0.939, 'r': 0.4, 'type': 1}, {'idp': 11, 'x': 7.93, 'y': -0.051, 'r': 0.4, 'type': 1}, {'idp': 12, 'x': 7.736, 'y': 0.709, 'r': 0.4, 'type': 1}, {'idp': 13, 'x': 8.314, 'y': -0.929, 'r': 0.4, 'type': 1}]
31378,1398693981.0496595,[{'idp': 6, 'x': 3.103, 'y': -1.107, 'r': 0.4, 'type': 1}, {'idp': 7, 'x': 1.611, 'y': -0.925, 'r': 0.4, 'type': 1}, {'idp': 9, 'x': 3.562, 'y': 1.181, 'r': 0.6, 'type': 2}, {'idp': 10, 'x': 4.363, 'y': 0.957, 'r': 0.4, 'type': 1}, {'idp': 11, 'x': 7.918, 'y': -0.051, 'r': 0.4, 'type': 1}, {'idp': 12, 'x': 7.73, 'y': 0.726, 'r': 0.4, 'type': 1}, {'idp': 13, 'x': 8.297, 'y': -0.871, 'r': 0.4, 'type': 1}]
31379,1398693981.049688,[{'idp': 6, 'x': 3.119, 'y': -1.09, 'r': 0.4, 'type': 1}, {'idp': 7, 'x': 1.637, 'y': -0.915, 'r': 0.4, 'type': 1}, {'idp': 9, 'x': 3.399, 'y': 1.2, 'r': 0.6, 'type': 2}, {'idp': 10, 'x': 4.339, 'y': 0.992, 'r': 0.4, 'type': 1}, {'idp': 11, 'x': 7.912, 'y': -0.017, 'r': 0.4, 'type': 1}, {'idp': 12, 'x': 7.745, 'y': 0.745, 'r': 0.4, 'type': 1}, {'idp': 13, 'x': 8.245, 'y': -0.865, 'r': 0.4, 'type': 1}]
31380,1398693981.0897167,[{'idp': 6, 'x': 3.136, 'y': -1.081, 'r': 0.4, 'type': 1}, {'idp': 7, 'x': 1.639, 'y': -0.907, 'r': 0.4, 'type': 1}, {'idp': 9, 'x': 3.372, 'y': 1.233, 'r': 0.6, 'type': 2}, {'idp': 10, 'x': 4.319, 'y': 1.007, 'r': 0.4, 'type': 1}, {'idp': 11, 'x': 7.958, 'y': 0.018, 'r': 0.4, 'type': 1}, {'idp': 12, 'x': 7.718, 'y': 0.81, 'r': 0.4, 'type': 1}, {'idp': 13, 'x': 8.244, 'y': -0.793, 'r': 0.4, 'type': 1}]
31381,1398693981.0956953,[{'idp': 6, 'x': 3.141, 'y': -1.09, 'r': 0.4, 'type': 1}, {'idp': 7, 'x': 1.636, 'y': -0.906, 'r': 0.4, 'type': 1}, {'idp': 9, 'x': 3.346, 'y': 1.232, 'r': 0.6, 'type': 2}, {'idp': 10, 'x': 4.272, 'y': 0.996, 'r': 0.4, 'type': 1}, {'idp': 11, 'x': 7.913, 'y': 0.001, 'r': 0.4, 'type': 1}, {'idp': 12, 'x': 7.711, 'y': 0.792, 'r': 0.4, 'type': 1}, {'idp': 13, 'x': 8.196, 'y': -0.806, 'r': 0.4, 'type': 1}]
31382,1398693981.133697,[{'idp': 6, 'x': 3.15, 'y': -1.098, 'r': 0.4, 'type': 1}, {'idp': 7, 'x': 1.652, 'y': -0.919, 'r': 0.4, 'type': 1}, {'idp': 9, 'x': 3.307, 'y': 1.218, 'r': 0.6, 'type': 2}, {'idp': 10, 'x': 4.224, 'y': 0.985, 'r': 0.4, 'type': 1}, {'idp': 11, 'x': 7.865, 'y': -0.016, 'r': 0.4, 'type': 1}, {'idp': 12, 'x': 7.692, 'y': 0.773, 'r': 0.4, 'type': 1}, {'idp': 13, 'x': 8.154, 'y': -0.838, 'r': 0.4, 'type': 1}]
31383,1398693981.1736639,[{'idp': 6, 'x': 3.147, 'y': -1.117, 'r': 0.4, 'type': 1}, {'idp': 7, 'x': 1.639, 'y': -0.918, 'r': 0.4, 'type': 1}, {'idp': 9, 'x': 3.304, 'y': 1.192, 'r': 0.6, 'type': 2}, {'idp': 10, 'x': 4.138, 'y': 0.993, 'r': 0.4, 'type': 1}, {'idp': 11, 'x': 7.858, 'y': -0.034, 'r': 0.4, 'type': 1}, {'idp': 12, 'x': 7.684, 'y': 0.705, 'r': 0.4, 'type': 1}, {'idp': 13, 'x': 8.11, 'y': -0.887, 'r': 0.4, 'type': 1}]
31384,1398693981.1736941,[{'idp': 6, 'x': 3.158, 'y': -1.11, 'r': 0.4, 'type': 1}, {'idp': 7, 'x': 1.664, 'y': -0.922, 'r': 0.4, 'type': 1}, {'idp': 9, 'x': 3.37, 'y': 1.211, 'r': 0.6, 'type': 2}, {'idp': 10, 'x': 4.096, 'y': 0.974, 'r': 0.4, 'type': 1}, {'idp': 11, 'x': 7.841, 'y': -0.034, 'r': 0.4, 'type': 1}, {'idp': 12, 'x': 7.656, 'y': 0.703, 'r': 0.4, 'type': 1}, {'idp': 13, 'x': 8.026, 'y': -0.914, 'r': 0.4, 'type': 1}]
31385,1398693981.213743,[{'idp': 6, 'x': 3.171, 'y': -1.099, 'r': 0.4, 'type': 1}, {'idp': 7, 'x': 1.692, 'y': -0.918, 'r': 0.4, 'type': 1}, {'idp': 9, 'x': 3.219, 'y': 1.168, 'r': 0.6, 'type': 2}, {'idp': 10, 'x': 3.998, 'y': 0.987, 'r': 0.4, 'type': 1}, {'idp': 11, 'x': 7.83, 'y': -0.016, 'r': 0.4, 'type': 1}, {'idp': 12, 'x': 7.635, 'y': 0.751, 'r': 0.4, 'type': 1}, {'idp': 13, 'x': 8.039, 'y': -0.862, 'r': 0.4, 'type': 1}]
31386,1398693981.2206929,[{'idp': 6, 'x': 3.175, 'y': -1.095, 'r': 0.4, 'type': 1}, {'idp': 7, 'x': 1.723, 'y': -0.901, 'r': 0.4, 'type': 1}, {'idp': 9, 'x': 3.154, 'y': 1.175, 'r': 0.6, 'type': 2}, {'idp': 10, 'x': 3.977, 'y': 1.01, 'r': 0.4, 'type': 1}, {'idp': 11, 'x': 7.813, 'y': 0.018, 'r': 0.4, 'type': 1}, {'idp': 12, 'x': 7.624, 'y': 0.767, 'r': 0.4, 'type': 1}, {'idp': 13, 'x': 7.965, 'y': -0.819, 'r': 0.4, 'type': 1}]
31387,1398693981.2577038,[{'idp': 6, 'x': 3.183, 'y': -1.076, 'r': 0.4, 'type': 1}, {'idp': 7, 'x': 1.771, 'y': -0.907, 'r': 0.4, 'type': 1}, {'idp': 9, 'x': 3.166, 'y': 1.205, 'r': 0.6, 'type': 2}, {'idp': 10, 'x': 3.947, 'y': 1.02, 'r': 0.4, 'type': 1}, {'idp': 11, 'x': 7.821, 'y': 0.052, 'r': 0.4, 'type': 1}, {'idp': 12, 'x': 7.613, 'y': 0.765, 'r': 0.4, 'type': 1}, {'idp': 13, 'x': 7.929, 'y': -0.815, 'r': 0.4, 'type': 1}]
31388,1398693981.29765,[{'idp': 6, 'x': 3.18, 'y': -1.096, 'r': 0.4, 'type': 1}, {'idp': 7, 'x': 1.811, 'y': -0.929, 'r': 0.4, 'type': 1}, {'idp': 9, 'x': 3.173, 'y': 1.208, 'r': 0.6, 'type': 2}, {'idp': 10, 'x': 3.897, 'y': 1.017, 'r': 0.4, 'type': 1}, {'idp': 11, 'x': 7.798, 'y': 0.018, 'r': 0.4, 'type': 1}, {'idp': 12, 'x': 7.627, 'y': 0.716, 'r': 0.4, 'type': 1}, {'idp': 13, 'x': 7.885, 'y': -0.828, 'r': 0.4, 'type': 1}]
31389,1398693981.2976701,[{'idp': 6, 'x': 3.191, 'y': -1.104, 'r': 0.4, 'type': 1}, {'idp': 7, 'x': 1.857, 'y': -0.953, 'r': 0.4, 'type': 1}, {'idp': 9, 'x': 3.148, 'y': 1.206, 'r': 0.6, 'type': 2}, {'idp': 10, 'x': 3.853, 'y': 1.005, 'r': 0.4, 'type': 1}, {'idp': 11, 'x': 7.795, 'y': -0.016, 'r': 0.4, 'type': 1}, {'idp': 12, 'x': 7.593, 'y': 0.747, 'r': 0.4, 'type': 1}, {'idp': 13, 'x': 7.834, 'y': -0.84, 'r': 0.4, 'type': 1}]
31390,1398693981.3377767,[{'idp': 6, 'x': 3.196, 'y': -1.106, 'r': 0.4, 'type': 1}, {'idp': 7, 'x': 1.893, 'y': -0.961, 'r': 0.4, 'type': 1}, {'idp': 9, 'x': 3.038, 'y': 1.161, 'r': 0.6, 'type': 2}, {'idp': 10, 'x': 3.762, 'y': 0.999, 'r': 0.4, 'type': 1}, {'idp': 11, 'x': 7.784, 'y': -0.016, 'r': 0.4, 'type': 1}, {'idp': 12, 'x': 7.595, 'y': 0.697, 'r': 0.4, 'type': 1}, {'idp': 13, 'x': 7.776, 'y': -0.851, 'r': 0.4, 'type': 1}]
31391,1398693981.3451848,[{'idp': 6, 'x': 3.196, 'y': -1.106, 'r': 0.4, 'type': 1}, {'idp': 7, 'x': 1.923, 'y': -0.96, 'r': 0.4, 'type': 1}, {'idp': 9, 'x': 2.972, 'y': 1.155, 'r': 0.6, 'type': 2}, {'idp': 10, 'x': 3.598, 'y': 1.072, 'r': 0.4, 'type': 1}, {'idp': 11, 'x': 7.778, 'y': 0.001, 'r': 0.4, 'type': 1}, {'idp': 12, 'x': 7.58, 'y': 0.695, 'r': 0.4, 'type': 1}, {'idp': 13, 'x': 7.767, 'y': -0.781, 'r': 0.4, 'type': 1}]
31392,1398693981.3816786,[{'idp': 6, 'x': 3.194, 'y': -1.09, 'r': 0.4, 'type': 1}, {'idp': 7, 'x': 1.95, 'y': -0.968, 'r': 0.4, 'type': 1}, {'idp': 9, 'x': 2.899, 'y': 1.155, 'r': 0.6, 'type': 2}, {'idp': 10, 'x': 3.475, 'y': 1.055, 'r': 0.4, 'type': 1}, {'idp': 11, 'x': 7.764, 'y': 0.069, 'r': 0.4, 'type': 1}, {'idp': 12, 'x': 7.571, 'y': 0.711, 'r': 0.4, 'type': 1}, {'idp': 13, 'x': 7.691, 'y': -0.724, 'r': 0.4, 'type': 1}]
31393,1398693981.4216845,[{'idp': 6, 'x': 3.191, 'y': -1.074, 'r': 0.4, 'type': 1}, {'idp': 7, 'x': 1.974, 'y': -0.963, 'r': 0.4, 'type': 1}, {'idp': 9, 'x': 2.854, 'y': 1.167, 'r': 0.6, 'type': 2}, {'idp': 10, 'x': 3.325, 'y': 1.061, 'r': 0.4, 'type': 1}, {'idp': 11, 'x': 7.755, 'y': 0.085, 'r': 0.4, 'type': 1}, {'idp': 12, 'x': 7.555, 'y': 0.743, 'r': 0.4, 'type': 1}, {'idp': 13, 'x': 7.642, 'y': -0.703, 'r': 0.4, 'type': 1}]
31394,1398693981.4217162,[{'idp': 6, 'x': 3.224, 'y': -1.066, 'r': 0.4, 'type': 1}, {'idp': 7, 'x': 1.983, 'y': -0.968, 'r': 0.4, 'type': 1}, {'idp': 9, 'x': 2.848, 'y': 1.164, 'r': 0.6, 'type': 2}, {'idp': 10, 'x': 3.232, 'y': 1.055, 'r': 0.4, 'type': 1}, {'idp': 11, 'x': 7.745, 'y': 0.068, 'r': 0.4, 'type': 1}, {'idp': 12, 'x': 7.544, 'y': 0.742, 'r': 0.4, 'type': 1}, {'idp': 13, 'x': 7.617, 'y': -0.7, 'r': 0.4, 'type': 1}]
31395,1398693981.4618332,[{'idp': 6, 'x': 3.225, 'y': -1.07, 'r': 0.4, 'type': 1}, {'idp': 7, 'x': 1.99, 'y': -0.97, 'r': 0.4, 'type': 1}, {'idp': 9, 'x': 2.817, 'y': 1.151, 'r': 0.6, 'type': 2}, {'idp': 10, 'x': 3.131, 'y': 1.055, 'r': 0.4, 'type': 1}, {'idp': 11, 'x': 7.735, 'y': 0.035, 'r': 0.4, 'type': 1}, {'idp': 12, 'x': 7.54, 'y': 0.708, 'r': 0.4, 'type': 1}, {'idp': 13, 'x': 7.581, 'y': -0.714, 'r': 0.4, 'type': 1}]
31396,1398693981.4701674,[{'idp': 6, 'x': 3.237, 'y': -1.083, 'r': 0.4, 'type': 1}, {'idp': 7, 'x': 1.99, 'y': -0.976, 'r': 0.4, 'type': 1}, {'idp': 9, 'x': 2.788, 'y': 1.145, 'r': 0.6, 'type': 2}, {'idp': 10, 'x': 2.974, 'y': 1.063, 'r': 0.4, 'type': 1}, {'idp': 11, 'x': 7.731, 'y': 0.018, 'r': 0.4, 'type': 1}, {'idp': 12, 'x': 7.526, 'y': 0.707, 'r': 0.4, 'type': 1}, {'idp': 13, 'x': 7.551, 'y': -0.744, 'r': 0.4, 'type': 1}]
31397,1398693981.5097728,[{'idp': 6, 'x': 3.278, 'y': -1.068, 'r': 0.4, 'type': 1}, {'idp': 7, 'x': 2.003, 'y': -0.97, 'r': 0.4, 'type': 1}, {'idp': 9, 'x': 2.753, 'y': 1.146, 'r': 0.6, 'type': 2}, {'idp': 10, 'x': 2.867, 'y': 1.089, 'r': 0.4, 'type': 1}, {'idp': 11, 'x': 7.713, 'y': 0.018, 'r': 0.4, 'type': 1}, {'idp': 12, 'x': 7.51, 'y': 0.722, 'r': 0.4, 'type': 1}, {'idp': 13, 'x': 7.518, 'y': -0.724, 'r': 0.4, 'type': 1}]
31398,1398693981.549656,[{'idp': 6, 'x': 3.291, 'y': -1.051, 'r': 0.4, 'type': 1}, {'idp': 7, 'x': 2.005, 'y': -0.958, 'r': 0.4, 'type': 1}, {'idp': 9, 'x': 2.728, 'y': 1.158, 'r': 0.6, 'type': 2}, {'idp': 10, 'x': 2.811, 'y': 1.096, 'r': 0.4, 'type': 1}, {'idp': 11, 'x': 7.699, 'y': 0.034, 'r': 0.4, 'type': 1}, {'idp': 12, 'x': 7.5, 'y': 0.737, 'r': 0.4, 'type': 1}, {'idp': 13, 'x': 7.485, 'y': -0.77, 'r': 0.4, 'type': 1}]
31399,1398693981.5496857,[{'idp': 6, 'x': 3.293, 'y': -1.036, 'r': 0.4, 'type': 1}, {'idp': 7, 'x': 2.011, 'y': -0.946, 'r': 0.4, 'type': 1}, {'idp': 9, 'x': 2.788, 'y': 1.208, 'r': 0.6, 'type': 2}, {'idp': 10, 'x': 2.816, 'y': 1.188, 'r': 0.4, 'type': 1}, {'idp': 11, 'x': 7.693, 'y': 0.051, 'r': 0.4, 'type': 1}, {'idp': 12, 'x': 7.47, 'y': 0.8, 'r': 0.4, 'type': 1}, {'idp': 13, 'x': 7.44, 'y': -0.75, 'r': 0.4, 'type': 1}]
31400,1398693981.5897243,[{'idp': 6, 'x': 3.318, 'y': -1.031, 'r': 0.4, 'type': 1}, {'idp': 7, 'x': 2.008, 'y': -0.943, 'r': 0.4, 'type': 1}, {'idp': 9, 'x': 2.822, 'y': 1.255, 'r': 0.6, 'type': 2}, {'idp': 10, 'x': 2.827, 'y': 1.251, 'r': 0.4, 'type': 1}, {'idp': 11, 'x': 7.677, 'y': 0.051, 'r': 0.4, 'type': 1}, {'idp': 12, 'x': 7.457, 'y': 0.799, 'r': 0.4, 'type': 1}, {'idp': 13, 'x': 7.407, 'y': -0.763, 'r': 0.4, 'type': 1}]
31401,1398693981.5952632,[{'idp': 6, 'x': 3.327, 'y': -1.04, 'r': 0.4, 'type': 1}, {'idp': 7, 'x': 2.002, 'y': -0.938, 'r': 0.4, 'type': 1}, {'idp': 9, 'x': 2.8, 'y': 1.242, 'r': 0.6, 'type': 2}, {'idp': 10, 'x': 2.795, 'y': 1.241, 'r': 0.4, 'type': 1}, {'idp': 11, 'x': 7.667, 'y': 0.034, 'r': 0.4, 'type': 1}, {'idp': 12, 'x': 7.471, 'y': 0.751, 'r': 0.4, 'type': 1}, {'idp': 13, 'x': 7.329, 'y': -0.691, 'r': 0.4, 'type': 1}]
31402,1398693981.6336772,[{'idp': 6, 'x': 3.38, 'y': -1.031, 'r': 0.4, 'type': 1}, {'idp': 7, 'x': 2.002, 'y': -0.938, 'r': 0.4, 'type': 1}, {'idp': 9, 'x': 2.732, 'y': 1.239, 'r': 0.6, 'type': 2}, {'idp': 10, 'x': 2.716, 'y': 1.241, 'r': 0.4, 'type': 1}, {'idp': 11, 'x': 7.645, 'y': 0.017, 'r': 0.4, 'type': 1}, {'idp': 12, 'x': 7.444, 'y': 0.765, 'r': 0.4, 'type': 1}, {'idp': 13, 'x': 7.301, 'y': -0.704, 'r': 0.4, 'type': 1}]
31403,1398693981.673641,[{'idp': 6, 'x': 3.374, 'y': -1.029, 'r': 0.4, 'type': 1}, {'idp': 7, 'x': 2.002, 'y': -0.938, 'r': 0.4, 'type': 1}, {'idp': 9, 'x': 2.647, 'y': 1.227, 'r': 0.6, 'type': 2}, {'idp': 10, 'x': 2.612, 'y': 1.235, 'r': 0.4, 'type': 1}, {'idp': 11, 'x': 7.632, 'y': 0.017, 'r': 0.4, 'type': 1}, {'idp': 12, 'x': 7.439, 'y': 0.748, 'r': 0.4, 'type': 1}, {'idp': 13, 'x': 7.262, 'y': -0.717, 'r': 0.4, 'type': 1}]
31404,1398693981.6736798,[{'idp': 6, 'x': 3.408, 'y': -1.022, 'r': 0.4, 'type': 1}, {'idp': 7, 'x': 2.005, 'y': -0.938, 'r': 0.4, 'type': 1}, {'idp': 9, 'x': 2.317, 'y': 1.357, 'r': 0.6, 'type': 2}, {'idp': 10, 'x': 3.278, 'y': 1.232, 'r': 0.4, 'type': 1}, {'idp': 11, 'x': 7.629, 'y': 0.017, 'r': 0.4, 'type': 1}, {'idp': 12, 'x': 7.425, 'y': 0.763, 'r': 0.4, 'type': 1}, {'idp': 13, 'x': 7.242, 'y': -0.715, 'r': 0.4, 'type': 1}]
31405,1398693981.7137885,[{'idp': 6, 'x': 3.425, 'y': -1.006, 'r': 0.4, 'type': 1}, {'idp': 7, 'x': 2.013, 'y': -0.93, 'r': 0.4, 'type': 1}, {'idp': 9, 'x': 2.517, 'y': 1.231, 'r': 0.6, 'type': 2}, {'idp': 10, 'x': 3.312, 'y': 1.139, 'r': 0.4, 'type': 1}, {'idp': 11, 'x': 7.614, 'y': 0.017, 'r': 0.4, 'type': 1}, {'idp': 12, 'x': 7.404, 'y': 0.777, 'r': 0.4, 'type': 1}, {'idp': 13, 'x': 7.205, 'y': -0.711, 'r': 0.4, 'type': 1}]
31406,1398693981.719844,[{'idp': 6, 'x': 3.431, 'y': -1.0, 'r': 0.4, 'type': 1}, {'idp': 7, 'x': 2.018, 'y': -0.93, 'r': 0.4, 'type': 1}, {'idp': 9, 'x': 2.507, 'y': 1.231, 'r': 0.6, 'type': 2}, {'idp': 10, 'x': 3.261, 'y': 1.137, 'r': 0.4, 'type': 1}, {'idp': 11, 'x': 7.61, 'y': 0.034, 'r': 0.4, 'type': 1}, {'idp': 12, 'x': 7.416, 'y': 0.746, 'r': 0.4, 'type': 1}, {'idp': 13, 'x': 7.169, 'y': -0.708, 'r': 0.4, 'type': 1}]
31407,1398693981.7577238,[{'idp': 6, 'x': 3.442, 'y': -1.003, 'r': 0.4, 'type': 1}, {'idp': 7, 'x': 2.03, 'y': -0.927, 'r': 0.4, 'type': 1}, {'idp': 9, 'x': 2.551, 'y': 1.24, 'r': 0.6, 'type': 2}, {'idp': 10, 'x': 2.975, 'y': 1.039, 'r': 0.4, 'type': 1}, {'idp': 11, 'x': 7.587, 'y': 0.034, 'r': 0.4, 'type': 1}, {'idp': 12, 'x': 7.4, 'y': 0.744, 'r': 0.4, 'type': 1}, {'idp': 13, 'x': 7.125, 'y': -0.687, 'r': 0.4, 'type': 1}]
31408,1398693981.797692,[{'idp': 6, 'x': 3.432, 'y': -1.001, 'r': 0.4, 'type': 1}, {'idp': 7, 'x': 2.047, 'y': -0.916, 'r': 0.4, 'type': 1}, {'idp': 9, 'x': 2.55, 'y': 1.241, 'r': 0.6, 'type': 2}, {'idp': 10, 'x': 2.7, 'y': 1.056, 'r': 0.4, 'type': 1}, {'idp': 11, 'x': 7.583, 'y': 0.017, 'r': 0.4, 'type': 1}, {'idp': 12, 'x': 7.384, 'y': 0.742, 'r': 0.4, 'type': 1}, {'idp': 13, 'x': 7.092, 'y': -0.684, 'r': 0.4, 'type': 1}]
31409,1398693981.7977183,[{'idp': 6, 'x': 3.429, 'y': -1.0, 'r': 0.4, 'type': 1}, {'idp': 7, 'x': 2.058, 'y': -0.914, 'r': 0.4, 'type': 1}, {'idp': 9, 'x': 2.521, 'y': 1.239, 'r': 0.6, 'type': 2}, {'idp': 10, 'x': 2.61, 'y': 1.159, 'r': 0.4, 'type': 1}, {'idp': 11, 'x': 7.57, 'y': 0.034, 'r': 0.4, 'type': 1}, {'idp': 12, 'x': 7.377, 'y': 0.742, 'r': 0.4, 'type': 1}, {'idp': 13, 'x': 7.044, 'y': -0.648, 'r': 0.4, 'type': 1}]
31410,1398693981.8377392,[{'idp': 6, 'x': 3.424, 'y': -0.998, 'r': 0.4, 'type': 1}, {'idp': 7, 'x': 2.079, 'y': -0.907, 'r': 0.4, 'type': 1}, {'idp': 9, 'x': 2.495, 'y': 1.247, 'r': 0.6, 'type': 2}, {'idp': 10, 'x': 2.539, 'y': 1.216, 'r': 0.4, 'type': 1}, {'idp': 11, 'x': 7.561, 'y': 0.034, 'r': 0.4, 'type': 1}, {'idp': 12, 'x': 7.355, 'y': 0.772, 'r': 0.4, 'type': 1}, {'idp': 13, 'x': 7.01, 'y': -0.676, 'r': 0.4, 'type': 1}]
31411,1398693981.8447607,[{'idp': 6, 'x': 3.421, 'y': -0.997, 'r': 0.4, 'type': 1}, {'idp': 7, 'x': 2.093, 'y': -0.905, 'r': 0.4, 'type': 1}, {'idp': 9, 'x': 2.487, 'y': 1.258, 'r': 0.6, 'type': 2}, {'idp': 10, 'x': 2.483, 'y': 1.253, 'r': 0.4, 'type': 1}, {'idp': 11, 'x': 7.553, 'y': 0.034, 'r': 0.4, 'type': 1}, {'idp': 12, 'x': 7.347, 'y': 0.771, 'r': 0.4, 'type': 1}, {'idp': 13, 'x': 6.951, 'y': -0.625, 'r': 0.4, 'type': 1}]
31412,1398693981.8816998,[{'idp': 6, 'x': 3.425, 'y': -1.006, 'r': 0.4, 'type': 1}, {'idp': 7, 'x': 2.119, 'y': -0.897, 'r': 0.4, 'type': 1}, {'idp': 9, 'x': 2.466, 'y': 1.24, 'r': 0.6, 'type': 2}, {'idp': 10, 'x': 2.436, 'y': 1.249, 'r': 0.4, 'type': 1}, {'idp': 11, 'x': 7.542, 'y': 0.017, 'r': 0.4, 'type': 1}, {'idp': 12, 'x': 7.349, 'y': 0.739, 'r': 0.4, 'type': 1}, {'idp': 13, 'x': 6.9, 'y': -0.62, 'r': 0.4, 'type': 1}]
31413,1398693981.921669,[{'idp': 6, 'x': 3.414, 'y': -0.995, 'r': 0.4, 'type': 1}, {'idp': 7, 'x': 2.118, 'y': -0.903, 'r': 0.4, 'type': 1}, {'idp': 9, 'x': 2.429, 'y': 1.238, 'r': 0.6, 'type': 2}, {'idp': 10, 'x': 2.408, 'y': 1.243, 'r': 0.4, 'type': 1}, {'idp': 11, 'x': 7.522, 'y': 0.001, 'r': 0.4, 'type': 1}, {'idp': 12, 'x': 7.307, 'y': 0.767, 'r': 0.4, 'type': 1}, {'idp': 13, 'x': 6.845, 'y': -0.615, 'r': 0.4, 'type': 1}]
31414,1398693981.9217021,[{'idp': 6, 'x': 3.393, 'y': -0.997, 'r': 0.4, 'type': 1}, {'idp': 7, 'x': 2.131, 'y': -0.898, 'r': 0.4, 'type': 1}, {'idp': 9, 'x': 2.35, 'y': 1.229, 'r': 0.6, 'type': 2}, {'idp': 10, 'x': 2.323, 'y': 1.231, 'r': 0.4, 'type': 1}, {'idp': 11, 'x': 7.516, 'y': 0.017, 'r': 0.4, 'type': 1}, {'idp': 12, 'x': 7.304, 'y': 0.766, 'r': 0.4, 'type': 1}, {'idp': 13, 'x': 6.798, 'y': -0.641, 'r': 0.4, 'type': 1}]
31415,1398693981.961783,[{'idp': 6, 'x': 3.377, 'y': -0.992, 'r': 0.4, 'type': 1}, {'idp': 7, 'x': 2.126, 'y': -0.891, 'r': 0.4, 'type': 1}, {'idp': 9, 'x': 2.225, 'y': 1.234, 'r': 0.6, 'type': 2}, {'idp': 10, 'x': 2.213, 'y': 1.236, 'r': 0.4, 'type': 1}, {'idp': 11, 'x': 7.503, 'y': 0.017, 'r': 0.4, 'type': 1}, {'idp': 12, 'x': 7.309, 'y': 0.783, 'r': 0.4, 'type': 1}, {'idp': 13, 'x': 6.733, 'y': -0.576, 'r': 0.4, 'type': 1}]
31416,1398693981.9691212,[{'idp': 6, 'x': 3.367, 'y': -0.989, 'r': 0.4, 'type': 1}, {'idp': 7, 'x': 2.134, 'y': -0.889, 'r': 0.4, 'type': 1}, {'idp': 9, 'x': 2.206, 'y': 1.25, 'r': 0.6, 'type': 2}, {'idp': 10, 'x': 2.206, 'y': 1.25, 'r': 0.4, 'type': 1}, {'idp': 11, 'x': 7.496, 'y': 0.033, 'r': 0.4, 'type': 1}, {'idp': 12, 'x': 7.308, 'y': 0.799, 'r': 0.4, 'type': 1}, {'idp': 13, 'x': 6.709, 'y': -0.647, 'r': 0.4, 'type': 1}]
31417,1398693982.005717,[{'idp': 6, 'x': 3.341, 'y': -0.982, 'r': 0.4, 'type': 1}, {'idp': 7, 'x': 2.144, 'y': -0.883, 'r': 0.4, 'type': 1}, {'idp': 9, 'x': 2.209, 'y': 1.27, 'r': 0.6, 'type': 2}, {'idp': 10, 'x': 2.209, 'y': 1.27, 'r': 0.4, 'type': 1}, {'idp': 11, 'x': 7.541, 'y': 0.0, 'r': 0.4, 'type': 1}, {'idp': 12, 'x': 7.293, 'y': 0.797, 'r': 0.4, 'type': 1}, {'idp': 13, 'x': 6.652, 'y': -0.597, 'r': 0.4, 'type': 1}]
31418,1398693982.0456738,[{'idp': 6, 'x': 3.339, 'y': -0.981, 'r': 0.4, 'type': 1}, {'idp': 7, 'x': 2.153, 'y': -0.881, 'r': 0.4, 'type': 1}, {'idp': 9, 'x': 2.196, 'y': 1.261, 'r': 0.6, 'type': 2}, {'idp': 10, 'x': 2.196, 'y': 1.261, 'r': 0.4, 'type': 1}, {'idp': 11, 'x': 7.526, 'y': 0.001, 'r': 0.4, 'type': 1}, {'idp': 12, 'x': 7.283, 'y': 0.796, 'r': 0.4, 'type': 1}, {'idp': 13, 'x': 6.597, 'y': -0.621, 'r': 0.4, 'type': 1}]
31419,1398693982.045704,[{'idp': 6, 'x': 3.306, 'y': -0.994, 'r': 0.4, 'type': 1}, {'idp': 7, 'x': 2.155, 'y': -0.877, 'r': 0.4, 'type': 1}, {'idp': 9, 'x': 2.168, 'y': 1.264, 'r': 0.6, 'type': 2}, {'idp': 10, 'x': 2.168, 'y': 1.264, 'r': 0.4, 'type': 1}, {'idp': 11, 'x': 7.516, 'y': 0.0, 'r': 0.4, 'type': 1}, {'idp': 12, 'x': 7.255, 'y': 0.809, 'r': 0.4, 'type': 1}, {'idp': 13, 'x': 6.567, 'y': -0.603, 'r': 0.4, 'type': 1}]
31420,1398693982.0857422,[{'idp': 6, 'x': 3.367, 'y': -1.014, 'r': 0.4, 'type': 1}, {'idp': 7, 'x': 2.163, 'y': -0.876, 'r': 0.4, 'type': 1}, {'idp': 9, 'x': 1.983, 'y': 1.315, 'r': 0.6, 'type': 2}, {'idp': 10, 'x': 3.069, 'y': 1.106, 'r': 0.4, 'type': 1}, {'idp': 11, 'x': 7.462, 'y': 0.049, 'r': 0.4, 'type': 1}, {'idp': 12, 'x': 7.244, 'y': 0.824, 'r': 0.4, 'type': 1}, {'idp': 13, 'x': 6.523, 'y': -0.556, 'r': 0.4, 'type': 1}]
31421,1398693982.0942621,[{'idp': 6, 'x': 3.342, 'y': -1.006, 'r': 0.4, 'type': 1}, {'idp': 7, 'x': 2.169, 'y': -0.868, 'r': 0.4, 'type': 1}, {'idp': 9, 'x': 2.08, 'y': 1.258, 'r': 0.6, 'type': 2}, {'idp': 10, 'x': 2.903, 'y': 1.158, 'r': 0.4, 'type': 1}, {'idp': 11, 'x': 7.424, 'y': 0.049, 'r': 0.4, 'type': 1}, {'idp': 12, 'x': 7.224, 'y': 0.822, 'r': 0.4, 'type': 1}, {'idp': 13, 'x': 6.466, 'y': -0.579, 'r': 0.4, 'type': 1}]
31422,1398693982.1337023,[{'idp': 6, 'x': 3.344, 'y': -1.007, 'r': 0.4, 'type': 1}, {'idp': 7, 'x': 2.18, 'y': -0.867, 'r': 0.4, 'type': 1}, {'idp': 9, 'x': 2.015, 'y': 1.252, 'r': 0.6, 'type': 2}, {'idp': 10, 'x': 2.87, 'y': 1.152, 'r': 0.4, 'type': 1}, {'idp': 11, 'x': 7.424, 'y': 0.066, 'r': 0.4, 'type': 1}, {'idp': 12, 'x': 7.215, 'y': 0.821, 'r': 0.4, 'type': 1}, {'idp': 13, 'x': 6.446, 'y': -0.506, 'r': 0.4, 'type': 1}]
31423,1398693982.1736813,[{'idp': 6, 'x': 3.338, 'y': -1.005, 'r': 0.4, 'type': 1}, {'idp': 7, 'x': 2.187, 'y': -0.864, 'r': 0.4, 'type': 1}, {'idp': 9, 'x': 1.975, 'y': 1.241, 'r': 0.6, 'type': 2}, {'idp': 10, 'x': 2.86, 'y': 1.156, 'r': 0.4, 'type': 1}, {'idp': 11, 'x': 7.398, 'y': 0.033, 'r': 0.4, 'type': 1}, {'idp': 12, 'x': 7.194, 'y': 0.818, 'r': 0.4, 'type': 1}, {'idp': 13, 'x': 6.4, 'y': -0.46, 'r': 0.4, 'type': 1}]
31424,1398693982.1737115,[{'idp': 6, 'x': 3.338, 'y': -1.005, 'r': 0.4, 'type': 1}, {'idp': 7, 'x': 2.185, 'y': -0.864, 'r': 0.4, 'type': 1}, {'idp': 9, 'x': 1.955, 'y': 1.233, 'r': 0.6, 'type': 2}, {'idp': 10, 'x': 2.857, 'y': 1.154, 'r': 0.4, 'type': 1}, {'idp': 11, 'x': 7.398, 'y': 0.033, 'r': 0.4, 'type': 1}, {'idp': 12, 'x': 7.185, 'y': 0.818, 'r': 0.4, 'type': 1}, {'idp': 13, 'x': 6.356, 'y': -0.443, 'r': 0.4, 'type': 1}]
31425,1398693982.2136595,[{'idp': 6, 'x': 3.322, 'y': -1.0, 'r': 0.4, 'type': 1}, {'idp': 7, 'x': 2.184, 'y': -0.858, 'r': 0.4, 'type': 1}, {'idp': 9, 'x': 1.962, 'y': 1.234, 'r': 0.6, 'type': 2}, {'idp': 10, 'x': 2.835, 'y': 1.16, 'r': 0.4, 'type': 1}, {'idp': 11, 'x': 7.391, 'y': 0.065, 'r': 0.4, 'type': 1}, {'idp': 12, 'x': 7.183, 'y': 0.817, 'r': 0.4, 'type': 1}, {'idp': 13, 'x': 6.334, 'y': -0.4, 'r': 0.4, 'type': 1}]
31426,1398693982.219622,[{'idp': 6, 'x': 3.329, 'y': -1.002, 'r': 0.4, 'type': 1}, {'idp': 7, 'x': 2.185, 'y': -0.853, 'r': 0.4, 'type': 1}, {'idp': 9, 'x': 1.943, 'y': 1.228, 'r': 0.6, 'type': 2}, {'idp': 10, 'x': 2.808, 'y': 1.163, 'r': 0.4, 'type': 1}, {'idp': 11, 'x': 7.373, 'y': 0.081, 'r': 0.4, 'type': 1}, {'idp': 12, 'x': 7.172, 'y': 0.816, 'r': 0.4, 'type': 1}, {'idp': 13, 'x': 6.271, 'y': -0.439, 'r': 0.4, 'type': 1}]
31427,1398693982.2576976,[{'idp': 6, 'x': 3.339, 'y': -1.013, 'r': 0.4, 'type': 1}, {'idp': 7, 'x': 2.168, 'y': -0.846, 'r': 0.4, 'type': 1}, {'idp': 9, 'x': 1.897, 'y': 1.214, 'r': 0.6, 'type': 2}, {'idp': 10, 'x': 2.788, 'y': 1.155, 'r': 0.4, 'type': 1}, {'idp': 11, 'x': 7.364, 'y': 0.049, 'r': 0.4, 'type': 1}, {'idp': 12, 'x': 7.152, 'y': 0.814, 'r': 0.4, 'type': 1}, {'idp': 13, 'x': 6.253, 'y': -0.398, 'r': 0.4, 'type': 1}]
31428,1398693982.2976582,[{'idp': 6, 'x': 3.364, 'y': -1.037, 'r': 0.4, 'type': 1}, {'idp': 7, 'x': 2.169, 'y': -0.852, 'r': 0.4, 'type': 1}, {'idp': 9, 'x': 1.845, 'y': 1.191, 'r': 0.6, 'type': 2}, {'idp': 10, 'x': 2.773, 'y': 1.148, 'r': 0.4, 'type': 1}, {'idp': 11, 'x': 7.359, 'y': 0.049, 'r': 0.4, 'type': 1}, {'idp': 12, 'x': 7.147, 'y': 0.782, 'r': 0.4, 'type': 1}, {'idp': 13, 'x': 6.163, 'y': -0.497, 'r': 0.4, 'type': 1}]
31429,1398693982.2976878,[{'idp': 6, 'x': 3.37, 'y': -1.039, 'r': 0.4, 'type': 1}, {'idp': 7, 'x': 2.176, 'y': -0.855, 'r': 0.4, 'type': 1}, {'idp': 9, 'x': 1.811, 'y': 1.193, 'r': 0.6, 'type': 2}, {'idp': 10, 'x': 2.749, 'y': 1.153, 'r': 0.4, 'type': 1}, {'idp': 11, 'x': 7.354, 'y': 0.049, 'r': 0.4, 'type': 1}, {'idp': 12, 'x': 7.146, 'y': 0.781, 'r': 0.4, 'type': 1}, {'idp': 13, 'x': 6.14, 'y': -0.468, 'r': 0.4, 'type': 1}]
31430,1398693982.3377445,[{'idp': 6, 'x': 3.347, 'y': -1.023, 'r': 0.4, 'type': 1}, {'idp': 7, 'x': 2.184, 'y': -0.847, 'r': 0.4, 'type': 1}, {'idp': 9, 'x': 1.815, 'y': 1.212, 'r': 0.6, 'type': 2}, {'idp': 10, 'x': 2.722, 'y': 1.17, 'r': 0.4, 'type': 1}, {'idp': 11, 'x': 7.344, 'y': 0.097, 'r': 0.4, 'type': 1}, {'idp': 12, 'x': 7.136, 'y': 0.812, 'r': 0.4, 'type': 1}, {'idp': 13, 'x': 6.116, 'y': -0.355, 'r': 0.4, 'type': 1}]
31431,1398693982.342958,[{'idp': 6, 'x': 3.344, 'y': -1.023, 'r': 0.4, 'type': 1}, {'idp': 7, 'x': 2.18, 'y': -0.84, 'r': 0.4, 'type': 1}, {'idp': 9, 'x': 1.789, 'y': 1.224, 'r': 0.6, 'type': 2}, {'idp': 10, 'x': 2.696, 'y': 1.172, 'r': 0.4, 'type': 1}, {'idp': 11, 'x': 7.328, 'y': 0.097, 'r': 0.4, 'type': 1}, {'idp': 12, 'x': 7.135, 'y': 0.812, 'r': 0.4, 'type': 1}, {'idp': 13, 'x': 6.051, 'y': -0.37, 'r': 0.4, 'type': 1}]
31432,1398693982.3817074,[{'idp': 6, 'x': 3.374, 'y': -1.041, 'r': 0.4, 'type': 1}, {'idp': 7, 'x': 2.184, 'y': -0.847, 'r': 0.4, 'type': 1}, {'idp': 9, 'x': 1.756, 'y': 1.21, 'r': 0.6, 'type': 2}, {'idp': 10, 'x': 2.656, 'y': 1.169, 'r': 0.4, 'type': 1}, {'idp': 11, 'x': 7.321, 'y': 0.097, 'r': 0.4, 'type': 1}, {'idp': 12, 'x': 7.133, 'y': 0.811, 'r': 0.4, 'type': 1}, {'idp': 13, 'x': 6.011, 'y': -0.346, 'r': 0.4, 'type': 1}]
31433,1398693982.4216855,[{'idp': 6, 'x': 3.389, 'y': -1.045, 'r': 0.4, 'type': 1}, {'idp': 7, 'x': 2.186, 'y': -0.847, 'r': 0.4, 'type': 1}, {'idp': 9, 'x': 1.711, 'y': 1.2, 'r': 0.6, 'type': 2}, {'idp': 10, 'x': 2.611, 'y': 1.162, 'r': 0.4, 'type': 1}, {'idp': 11, 'x': 7.329, 'y': 0.097, 'r': 0.4, 'type': 1}, {'idp': 12, 'x': 7.108, 'y': 0.809, 'r': 0.4, 'type': 1}, {'idp': 13, 'x': 5.986, 'y': -0.321, 'r': 0.4, 'type': 1}]
31434,1398693982.4217203,[{'idp': 6, 'x': 3.411, 'y': -1.044, 'r': 0.4, 'type': 1}, {'idp': 7, 'x': 2.194, 'y': -0.845, 'r': 0.4, 'type': 1}, {'idp': 9, 'x': 1.656, 'y': 1.211, 'r': 0.6, 'type': 2}, {'idp': 10, 'x': 2.542, 'y': 1.161, 'r': 0.4, 'type': 1}, {'idp': 11, 'x': 7.316, 'y': 0.096, 'r': 0.4, 'type': 1}, {'idp': 12, 'x': 7.091, 'y': 0.807, 'r': 0.4, 'type': 1}, {'idp': 13, 'x': 5.943, 'y': -0.299, 'r': 0.4, 'type': 1}]
31435,1398693982.4617214,[{'idp': 6, 'x': 3.45, 'y': -1.048, 'r': 0.4, 'type': 1}, {'idp': 7, 'x': 2.201, 'y': -0.842, 'r': 0.4, 'type': 1}, {'idp': 9, 'x': 1.61, 'y': 1.228, 'r': 0.6, 'type': 2}, {'idp': 10, 'x': 2.499, 'y': 1.182, 'r': 0.4, 'type': 1}, {'idp': 11, 'x': 7.306, 'y': 0.128, 'r': 0.4, 'type': 1}, {'idp': 12, 'x': 7.077, 'y': 0.821, 'r': 0.4, 'type': 1}, {'idp': 13, 'x': 5.882, 'y': -0.285, 'r': 0.4, 'type': 1}]
31436,1398693982.4673753,[{'idp': 6, 'x': 3.435, 'y': -1.026, 'r': 0.4, 'type': 1}, {'idp': 7, 'x': 2.208, 'y': -0.839, 'r': 0.4, 'type': 1}, {'idp': 9, 'x': 1.552, 'y': 1.23, 'r': 0.6, 'type': 2}, {'idp': 10, 'x': 2.464, 'y': 1.183, 'r': 0.4, 'type': 1}, {'idp': 11, 'x': 7.282, 'y': 0.112, 'r': 0.4, 'type': 1}, {'idp': 12, 'x': 7.07, 'y': 0.804, 'r': 0.4, 'type': 1}, {'idp': 13, 'x': 5.834, 'y': -0.278, 'r': 0.4, 'type': 1}]
31437,1398693982.5056992,[{'idp': 6, 'x': 3.446, 'y': -1.029, 'r': 0.4, 'type': 1}, {'idp': 7, 'x': 2.235, 'y': -0.849, 'r': 0.4, 'type': 1}, {'idp': 9, 'x': 1.515, 'y': 1.222, 'r': 0.6, 'type': 2}, {'idp': 10, 'x': 2.404, 'y': 1.196, 'r': 0.4, 'type': 1}, {'idp': 11, 'x': 7.269, 'y': 0.112, 'r': 0.4, 'type': 1}, {'idp': 12, 'x': 7.054, 'y': 0.803, 'r': 0.4, 'type': 1}, {'idp': 13, 'x': 5.778, 'y': -0.288, 'r': 0.4, 'type': 1}]
31438,1398693982.5456502,[{'idp': 6, 'x': 3.47, 'y': -1.02, 'r': 0.4, 'type': 1}, {'idp': 7, 'x': 2.267, 'y': -0.862, 'r': 0.4, 'type': 1}, {'idp': 9, 'x': 1.491, 'y': 1.217, 'r': 0.6, 'type': 2}, {'idp': 10, 'x': 2.35, 'y': 1.2, 'r': 0.4, 'type': 1}, {'idp': 11, 'x': 7.257, 'y': 0.111, 'r': 0.4, 'type': 1}, {'idp': 12, 'x': 7.052, 'y': 0.802, 'r': 0.4, 'type': 1}, {'idp': 13, 'x': 5.727, 'y': -0.286, 'r': 0.4, 'type': 1}]
31439,1398693982.5456767,[{'idp': 6, 'x': 3.481, 'y': -1.006, 'r': 0.4, 'type': 1}, {'idp': 7, 'x': 2.299, 'y': -0.857, 'r': 0.4, 'type': 1}, {'idp': 9, 'x': 1.464, 'y': 1.222, 'r': 0.6, 'type': 2}, {'idp': 10, 'x': 2.307, 'y': 1.213, 'r': 0.4, 'type': 1}, {'idp': 11, 'x': 7.234, 'y': 0.096, 'r': 0.4, 'type': 1}, {'idp': 12, 'x': 7.037, 'y': 0.816, 'r': 0.4, 'type': 1}, {'idp': 13, 'x': 5.663, 'y': -0.284, 'r': 0.4, 'type': 1}]
31440,1398693982.5858054,[{'idp': 6, 'x': 3.488, 'y': -1.008, 'r': 0.4, 'type': 1}, {'idp': 7, 'x': 2.326, 'y': -0.867, 'r': 0.4, 'type': 1}, {'idp': 9, 'x': 1.437, 'y': 1.232, 'r': 0.6, 'type': 2}, {'idp': 10, 'x': 2.282, 'y': 1.231, 'r': 0.4, 'type': 1}, {'idp': 11, 'x': 7.282, 'y': 0.064, 'r': 0.4, 'type': 1}, {'idp': 12, 'x': 7.033, 'y': 0.831, 'r': 0.4, 'type': 1}, {'idp': 13, 'x': 5.639, 'y': -0.283, 'r': 0.4, 'type': 1}]
31441,1398693982.5923755,[{'idp': 6, 'x': 3.497, 'y': -1.002, 'r': 0.4, 'type': 1}, {'idp': 7, 'x': 2.339, 'y': -0.866, 'r': 0.4, 'type': 1}, {'idp': 9, 'x': 1.422, 'y': 1.246, 'r': 0.6, 'type': 2}, {'idp': 10, 'x': 2.228, 'y': 1.237, 'r': 0.4, 'type': 1}, {'idp': 11, 'x': 7.277, 'y': 0.064, 'r': 0.4, 'type': 1}, {'idp': 12, 'x': 7.026, 'y': 0.846, 'r': 0.4, 'type': 1}, {'idp': 13, 'x': 5.613, 'y': -0.306, 'r': 0.4, 'type': 1}]
31442,1398693982.629646,[{'idp': 6, 'x': 3.526, 'y': -1.019, 'r': 0.4, 'type': 1}, {'idp': 7, 'x': 2.354, 'y': -0.877, 'r': 0.4, 'type': 1}, {'idp': 9, 'x': 1.405, 'y': 1.238, 'r': 0.6, 'type': 2}, {'idp': 10, 'x': 2.193, 'y': 1.24, 'r': 0.4, 'type': 1}, {'idp': 11, 'x': 7.273, 'y': 0.064, 'r': 0.4, 'type': 1}, {'idp': 12, 'x': 7.019, 'y': 0.829, 'r': 0.4, 'type': 1}, {'idp': 13, 'x': 5.569, 'y': -0.28, 'r': 0.4, 'type': 1}]
31443,1398693982.6696546,[{'idp': 6, 'x': 3.561, 'y': -1.012, 'r': 0.4, 'type': 1}, {'idp': 7, 'x': 2.372, 'y': -0.883, 'r': 0.4, 'type': 1}, {'idp': 9, 'x': 1.377, 'y': 1.228, 'r': 0.6, 'type': 2}, {'idp': 10, 'x': 2.161, 'y': 1.242, 'r': 0.4, 'type': 1}, {'idp': 11, 'x': 7.273, 'y': 0.096, 'r': 0.4, 'type': 1}, {'idp': 12, 'x': 7.003, 'y': 0.827, 'r': 0.4, 'type': 1}, {'idp': 13, 'x': 5.53, 'y': -0.264, 'r': 0.4, 'type': 1}]
31444,1398693982.6696854,[{'idp': 6, 'x': 3.613, 'y': -1.019, 'r': 0.4, 'type': 1}, {'idp': 7, 'x': 2.388, 'y': -0.889, 'r': 0.4, 'type': 1}, {'idp': 9, 'x': 1.352, 'y': 1.223, 'r': 0.6, 'type': 2}, {'idp': 10, 'x': 2.107, 'y': 1.241, 'r': 0.4, 'type': 1}, {'idp': 11, 'x': 7.277, 'y': 0.112, 'r': 0.4, 'type': 1}, {'idp': 12, 'x': 6.998, 'y': 0.827, 'r': 0.4, 'type': 1}, {'idp': 13, 'x': 5.49, 'y': -0.253, 'r': 0.4, 'type': 1}]
31445,1398693982.7097626,[{'idp': 6, 'x': 3.655, 'y': -1.014, 'r': 0.4, 'type': 1}, {'idp': 7, 'x': 2.407, 'y': -0.89, 'r': 0.4, 'type': 1}, {'idp': 9, 'x': 1.329, 'y': 1.216, 'r': 0.6, 'type': 2}, {'idp': 10, 'x': 2.052, 'y': 1.239, 'r': 0.4, 'type': 1}, {'idp': 11, 'x': 7.273, 'y': 0.127, 'r': 0.4, 'type': 1}, {'idp': 12, 'x': 6.989, 'y': 0.841, 'r': 0.4, 'type': 1}, {'idp': 13, 'x': 5.455, 'y': -0.23, 'r': 0.4, 'type': 1}]
31446,1398693982.7165854,[{'idp': 6, 'x': 3.691, 'y': -1.006, 'r': 0.4, 'type': 1}, {'idp': 7, 'x': 2.429, 'y': -0.891, 'r': 0.4, 'type': 1}, {'idp': 9, 'x': 1.303, 'y': 1.218, 'r': 0.6, 'type': 2}, {'idp': 10, 'x': 1.984, 'y': 1.228, 'r': 0.4, 'type': 1}, {'idp': 11, 'x': 7.256, 'y': 0.143, 'r': 0.4, 'type': 1}, {'idp': 12, 'x': 6.968, 'y': 0.854, 'r': 0.4, 'type': 1}, {'idp': 13, 'x': 5.4, 'y': -0.202, 'r': 0.4, 'type': 1}]
31447,1398693982.7536795,[{'idp': 6, 'x': 3.725, 'y': -0.989, 'r': 0.4, 'type': 1}, {'idp': 7, 'x': 2.442, 'y': -0.902, 'r': 0.4, 'type': 1}, {'idp': 9, 'x': 1.308, 'y': 1.213, 'r': 0.6, 'type': 2}, {'idp': 10, 'x': 1.912, 'y': 1.212, 'r': 0.4, 'type': 1}, {'idp': 11, 'x': 7.264, 'y': 0.159, 'r': 0.4, 'type': 1}, {'idp': 12, 'x': 6.959, 'y': 0.853, 'r': 0.4, 'type': 1}, {'idp': 13, 'x': 5.355, 'y': -0.189, 'r': 0.4, 'type': 1}]
31448,1398693982.7936904,[{'idp': 6, 'x': 3.752, 'y': -0.997, 'r': 0.4, 'type': 1}, {'idp': 7, 'x': 2.45, 'y': -0.91, 'r': 0.4, 'type': 1}, {'idp': 9, 'x': 1.329, 'y': 1.207, 'r': 0.6, 'type': 2}, {'idp': 10, 'x': 1.846, 'y': 1.187, 'r': 0.4, 'type': 1}, {'idp': 11, 'x': 7.231, 'y': 0.142, 'r': 0.4, 'type': 1}, {'idp': 12, 'x': 6.951, 'y': 0.852, 'r': 0.4, 'type': 1}, {'idp': 13, 'x': 5.319, 'y': -0.2, 'r': 0.4, 'type': 1}]
31449,1398693982.7937133,[{'idp': 6, 'x': 3.767, 'y': -1.0, 'r': 0.4, 'type': 1}, {'idp': 7, 'x': 2.481, 'y': -0.927, 'r': 0.4, 'type': 1}, {'idp': 9, 'x': 1.314, 'y': 1.188, 'r': 0.6, 'type': 2}, {'idp': 10, 'x': 1.709, 'y': 1.141, 'r': 0.4, 'type': 1}, {'idp': 11, 'x': 7.227, 'y': 0.142, 'r': 0.4, 'type': 1}, {'idp': 12, 'x': 6.94, 'y': 0.82, 'r': 0.4, 'type': 1}, {'idp': 13, 'x': 5.28, 'y': -0.211, 'r': 0.4, 'type': 1}]
31450,1398693982.833764,[{'idp': 6, 'x': 3.784, 'y': -1.005, 'r': 0.4, 'type': 1}, {'idp': 7, 'x': 2.486, 'y': -0.928, 'r': 0.4, 'type': 1}, {'idp': 9, 'x': 1.285, 'y': 1.176, 'r': 0.6, 'type': 2}, {'idp': 10, 'x': 1.497, 'y': 1.168, 'r': 0.4, 'type': 1}, {'idp': 11, 'x': 7.246, 'y': 0.142, 'r': 0.4, 'type': 1}, {'idp': 12, 'x': 6.937, 'y': 0.82, 'r': 0.4, 'type': 1}, {'idp': 13, 'x': 5.261, 'y': -0.227, 'r': 0.4, 'type': 1}]
31451,1398693982.8421314,[{'idp': 6, 'x': 3.799, 'y': -1.009, 'r': 0.4, 'type': 1}, {'idp': 7, 'x': 2.462, 'y': -0.913, 'r': 0.4, 'type': 1}, {'idp': 9, 'x': 0.981, 'y': 1.232, 'r': 0.6, 'type': 2}, {'idp': 10, 'x': 1.983, 'y': 1.273, 'r': 0.4, 'type': 1}, {'idp': 11, 'x': 7.218, 'y': 0.157, 'r': 0.4, 'type': 1}, {'idp': 12, 'x': 6.918, 'y': 0.833, 'r': 0.4, 'type': 1}, {'idp': 13, 'x': 5.206, 'y': -0.186, 'r': 0.4, 'type': 1}, {'idp': 14, 'x': 6.743, 'y': -1.065, 'r': 0.4, 'type': 1}]
31452,1398693982.8816829,[{'idp': 6, 'x': 3.813, 'y': -1.004, 'r': 0.4, 'type': 1}, {'idp': 7, 'x': 2.476, 'y': -0.91, 'r': 0.4, 'type': 1}, {'idp': 9, 'x': 1.157, 'y': 1.185, 'r': 0.6, 'type': 2}, {'idp': 10, 'x': 1.88, 'y': 1.258, 'r': 0.4, 'type': 1}, {'idp': 11, 'x': 7.216, 'y': 0.173, 'r': 0.4, 'type': 1}, {'idp': 12, 'x': 6.91, 'y': 0.832, 'r': 0.4, 'type': 1}, {'idp': 13, 'x': 5.16, 'y': -0.159, 'r': 0.4, 'type': 1}, {'idp': 14, 'x': 6.774, 'y': -0.999, 'r': 0.4, 'type': 1}]
31453,1398693982.9216967,[{'idp': 6, 'x': 3.821, 'y': -0.997, 'r': 0.4, 'type': 1}, {'idp': 7, 'x': 2.478, 'y': -0.917, 'r': 0.4, 'type': 1}, {'idp': 9, 'x': 1.161, 'y': 1.192, 'r': 0.6, 'type': 2}, {'idp': 10, 'x': 1.848, 'y': 1.254, 'r': 0.4, 'type': 1}, {'idp': 11, 'x': 7.198, 'y': 0.157, 'r': 0.4, 'type': 1}, {'idp': 12, 'x': 6.906, 'y': 0.816, 'r': 0.4, 'type': 1}, {'idp': 13, 'x': 5.131, 'y': -0.198, 'r': 0.4, 'type': 1}, {'idp': 14, 'x': 6.784, 'y': -0.97, 'r': 0.4, 'type': 1}]
31454,1398693982.92173,[{'idp': 6, 'x': 3.83, 'y': -1.008, 'r': 0.4, 'type': 1}, {'idp': 7, 'x': 2.469, 'y': -0.927, 'r': 0.4, 'type': 1}, {'idp': 9, 'x': 1.141, 'y': 1.188, 'r': 0.6, 'type': 2}, {'idp': 10, 'x': 1.837, 'y': 1.252, 'r': 0.4, 'type': 1}, {'idp': 11, 'x': 7.18, 'y': 0.141, 'r': 0.4, 'type': 1}, {'idp': 12, 'x': 6.897, 'y': 0.784, 'r': 0.4, 'type': 1}, {'idp': 13, 'x': 5.066, 'y': -0.192, 'r': 0.4, 'type': 1}, {'idp': 14, 'x': 6.767, 'y': -0.983, 'r': 0.4, 'type': 1}]
31455,1398693982.961679,[{'idp': 6, 'x': 3.841, 'y': -1.011, 'r': 0.4, 'type': 1}, {'idp': 7, 'x': 2.477, 'y': -0.934, 'r': 0.4, 'type': 1}, {'idp': 9, 'x': 1.115, 'y': 1.185, 'r': 0.6, 'type': 2}, {'idp': 10, 'x': 1.81, 'y': 1.251, 'r': 0.4, 'type': 1}, {'idp': 11, 'x': 7.184, 'y': 0.141, 'r': 0.4, 'type': 1}, {'idp': 12, 'x': 6.879, 'y': 0.767, 'r': 0.4, 'type': 1}, {'idp': 13, 'x': 5.008, 'y': -0.178, 'r': 0.4, 'type': 1}, {'idp': 14, 'x': 6.735, 'y': -0.963, 'r': 0.4, 'type': 1}]
31456,1398693982.966212,[{'idp': 6, 'x': 3.856, 'y': -0.997, 'r': 0.4, 'type': 1}, {'idp': 7, 'x': 2.489, 'y': -0.924, 'r': 0.4, 'type': 1}, {'idp': 9, 'x': 1.086, 'y': 1.187, 'r': 0.6, 'type': 2}, {'idp': 10, 'x': 1.776, 'y': 1.256, 'r': 0.4, 'type': 1}, {'idp': 11, 'x': 7.153, 'y': 0.172, 'r': 0.4, 'type': 1}, {'idp': 12, 'x': 6.865, 'y': 0.796, 'r': 0.4, 'type': 1}, {'idp': 13, 'x': 4.934, 'y': -0.138, 'r': 0.4, 'type': 1}, {'idp': 14, 'x': 6.718, 'y': -0.931, 'r': 0.4, 'type': 1}]
31457,1398693983.0057209,[{'idp': 6, 'x': 3.862, 'y': -0.981, 'r': 0.4, 'type': 1}, {'idp': 7, 'x': 2.488, 'y': -0.918, 'r': 0.4, 'type': 1}, {'idp': 9, 'x': 1.06, 'y': 1.195, 'r': 0.6, 'type': 2}, {'idp': 10, 'x': 1.753, 'y': 1.262, 'r': 0.4, 'type': 1}, {'idp': 11, 'x': 7.076, 'y': 0.007, 'r': 0.4, 'type': 1}, {'idp': 12, 'x': 6.851, 'y': 0.825, 'r': 0.4, 'type': 1}, {'idp': 13, 'x': 4.892, 'y': -0.12, 'r': 0.4, 'type': 1}, {'idp': 14, 'x': 6.686, 'y': -0.852, 'r': 0.4, 'type': 1}]
31458,1398693983.0456793,[{'idp': 6, 'x': 3.891, 'y': -0.97, 'r': 0.4, 'type': 1}, {'idp': 7, 'x': 2.502, 'y': -0.915, 'r': 0.4, 'type': 1}, {'idp': 9, 'x': 1.05, 'y': 1.192, 'r': 0.6, 'type': 2}, {'idp': 10, 'x': 1.719, 'y': 1.261, 'r': 0.4, 'type': 1}, {'idp': 11, 'x': 7.071, 'y': 0.006, 'r': 0.4, 'type': 1}, {'idp': 12, 'x': 6.841, 'y': 0.823, 'r': 0.4, 'type': 1}, {'idp': 13, 'x': 4.853, 'y': -0.098, 'r': 0.4, 'type': 1}, {'idp': 14, 'x': 6.679, 'y': -0.851, 'r': 0.4, 'type': 1}]
31459,1398693983.0457284,[{'idp': 6, 'x': 3.89, 'y': -0.97, 'r': 0.4, 'type': 1}, {'idp': 7, 'x': 2.496, 'y': -0.927, 'r': 0.4, 'type': 1}, {'idp': 9, 'x': 1.03, 'y': 1.189, 'r': 0.6, 'type': 2}, {'idp': 10, 'x': 1.713, 'y': 1.262, 'r': 0.4, 'type': 1}, {'idp': 11, 'x': 7.017, 'y': -0.107, 'r': 0.4, 'type': 1}, {'idp': 12, 'x': 6.831, 'y': 0.822, 'r': 0.4, 'type': 1}, {'idp': 13, 'x': 4.824, 'y': -0.082, 'r': 0.4, 'type': 1}, {'idp': 14, 'x': 6.649, 'y': -0.847, 'r': 0.4, 'type': 1}]
31460,1398693983.085791,[{'idp': 6, 'x': 3.89, 'y': -0.97, 'r': 0.4, 'type': 1}, {'idp': 7, 'x': 2.507, 'y': -0.936, 'r': 0.4, 'type': 1}, {'idp': 9, 'x': 1.004, 'y': 1.182, 'r': 0.6, 'type': 2}, {'idp': 10, 'x': 1.666, 'y': 1.25, 'r': 0.4, 'type': 1}, {'idp': 11, 'x': 6.997, 'y': -0.122, 'r': 0.4, 'type': 1}, {'idp': 12, 'x': 6.836, 'y': 0.793, 'r': 0.4, 'type': 1}, {'idp': 13, 'x': 4.781, 'y': -0.096, 'r': 0.4, 'type': 1}, {'idp': 14, 'x': 6.616, 'y': -0.828, 'r': 0.4, 'type': 1}]
31461,1398693983.0919037,[{'idp': 6, 'x': 3.9, 'y': -0.972, 'r': 0.4, 'type': 1}, {'idp': 7, 'x': 2.513, 'y': -0.939, 'r': 0.4, 'type': 1}, {'idp': 9, 'x': 0.984, 'y': 1.174, 'r': 0.6, 'type': 2}, {'idp': 10, 'x': 1.63, 'y': 1.245, 'r': 0.4, 'type': 1}, {'idp': 11, 'x': 6.975, 'y': -0.107, 'r': 0.4, 'type': 1}, {'idp': 12, 'x': 6.814, 'y': 0.79, 'r': 0.4, 'type': 1}, {'idp': 13, 'x': 4.717, 'y': -0.072, 'r': 0.4, 'type': 1}, {'idp': 14, 'x': 6.576, 'y': -0.823, 'r': 0.4, 'type': 1}]
31462,1398693983.129699,[{'idp': 6, 'x': 3.893, 'y': -0.962, 'r': 0.4, 'type': 1}, {'idp': 7, 'x': 2.507, 'y': -0.932, 'r': 0.4, 'type': 1}, {'idp': 9, 'x': 0.956, 'y': 1.177, 'r': 0.6, 'type': 2}, {'idp': 10, 'x': 1.584, 'y': 1.239, 'r': 0.4, 'type': 1}, {'idp': 11, 'x': 6.972, 'y': -0.106, 'r': 0.4, 'type': 1}, {'idp': 12, 'x': 6.81, 'y': 0.805, 'r': 0.4, 'type': 1}, {'idp': 13, 'x': 4.671, 'y': -0.07, 'r': 0.4, 'type': 1}, {'idp': 14, 'x': 6.534, 'y': -0.758, 'r': 0.4, 'type': 1}]
31463,1398693983.1696823,[{'idp': 6, 'x': 3.891, 'y': -0.961, 'r': 0.4, 'type': 1}, {'idp': 7, 'x': 2.527, 'y': -0.926, 'r': 0.4, 'type': 1}, {'idp': 9, 'x': 0.915, 'y': 1.173, 'r': 0.6, 'type': 2}, {'idp': 10, 'x': 1.53, 'y': 1.235, 'r': 0.4, 'type': 1}, {'idp': 11, 'x': 6.967, 'y': -0.076, 'r': 0.4, 'type': 1}, {'idp': 12, 'x': 6.788, 'y': 0.817, 'r': 0.4, 'type': 1}, {'idp': 13, 'x': 4.626, 'y': -0.049, 'r': 0.4, 'type': 1}, {'idp': 14, 'x': 6.541, 'y': -0.701, 'r': 0.4, 'type': 1}]
31464,1398693983.1697152,[{'idp': 6, 'x': 3.893, 'y': -0.944, 'r': 0.4, 'type': 1}, {'idp': 7, 'x': 2.534, 'y': -0.918, 'r': 0.4, 'type': 1}, {'idp': 9, 'x': 0.875, 'y': 1.171, 'r': 0.6, 'type': 2}, {'idp': 10, 'x': 1.47, 'y': 1.211, 'r': 0.4, 'type': 1}, {'idp': 11, 'x': 6.967, 'y': -0.076, 'r': 0.4, 'type': 1}, {'idp': 12, 'x': 6.765, 'y': 0.844, 'r': 0.4, 'type': 1}, {'idp': 13, 'x': 4.576, 'y': -0.019, 'r': 0.4, 'type': 1}, {'idp': 14, 'x': 6.524, 'y': -0.671, 'r': 0.4, 'type': 1}]
31465,1398693983.2098236,[{'idp': 6, 'x': 3.887, 'y': -0.933, 'r': 0.4, 'type': 1}, {'idp': 7, 'x': 2.556, 'y': -0.913, 'r': 0.4, 'type': 1}, {'idp': 9, 'x': 0.841, 'y': 1.169, 'r': 0.6, 'type': 2}, {'idp': 10, 'x': 1.452, 'y': 1.207, 'r': 0.4, 'type': 1}, {'idp': 11, 'x': 6.967, 'y': -0.076, 'r': 0.4, 'type': 1}, {'idp': 12, 'x': 6.762, 'y': 0.844, 'r': 0.4, 'type': 1}, {'idp': 13, 'x': 4.539, 'y': -0.018, 'r': 0.4, 'type': 1}, {'idp': 14, 'x': 6.497, 'y': -0.639, 'r': 0.4, 'type': 1}]
31466,1398693983.2158976,[{'idp': 6, 'x': 3.889, 'y': -0.925, 'r': 0.4, 'type': 1}, {'idp': 7, 'x': 2.567, 'y': -0.917, 'r': 0.4, 'type': 1}, {'idp': 9, 'x': 0.809, 'y': 1.166, 'r': 0.6, 'type': 2}, {'idp': 10, 'x': 1.435, 'y': 1.204, 'r': 0.4, 'type': 1}, {'idp': 12, 'x': 6.759, 'y': 0.843, 'r': 0.4, 'type': 1}, {'idp': 13, 'x': 4.484, 'y': -0.007, 'r': 0.4, 'type': 1}, {'idp': 14, 'x': 6.464, 'y': -0.622, 'r': 0.4, 'type': 1}]
31467,1398693983.2536886,[{'idp': 6, 'x': 3.881, 'y': -0.923, 'r': 0.4, 'type': 1}, {'idp': 7, 'x': 2.584, 'y': -0.918, 'r': 0.4, 'type': 1}, {'idp': 9, 'x': 0.79, 'y': 1.16, 'r': 0.6, 'type': 2}, {'idp': 10, 'x': 1.438, 'y': 1.23, 'r': 0.4, 'type': 1}, {'idp': 12, 'x': 6.742, 'y': 0.841, 'r': 0.4, 'type': 1}, {'idp': 13, 'x': 4.44, 'y': -0.007, 'r': 0.4, 'type': 1}, {'idp': 14, 'x': 6.441, 'y': -0.578, 'r': 0.4, 'type': 1}]
31468,1398693983.2936945,[{'idp': 6, 'x': 3.88, 'y': -0.914, 'r': 0.4, 'type': 1}, {'idp': 7, 'x': 2.61, 'y': -0.922, 'r': 0.4, 'type': 1}, {'idp': 9, 'x': 0.751, 'y': 1.144, 'r': 0.6, 'type': 2}, {'idp': 10, 'x': 1.435, 'y': 1.243, 'r': 0.4, 'type': 1}, {'idp': 12, 'x': 6.734, 'y': 0.84, 'r': 0.4, 'type': 1}, {'idp': 13, 'x': 4.382, 'y': -0.007, 'r': 0.4, 'type': 1}, {'idp': 14, 'x': 6.406, 'y': -0.589, 'r': 0.4, 'type': 1}]
31469,1398693983.33366,[{'idp': 6, 'x': 3.89, 'y': -0.948, 'r': 0.4, 'type': 1}, {'idp': 7, 'x': 2.628, 'y': -0.928, 'r': 0.4, 'type': 1}, {'idp': 9, 'x': 0.704, 'y': 1.134, 'r': 0.6, 'type': 2}, {'idp': 10, 'x': 1.423, 'y': 1.272, 'r': 0.4, 'type': 1}, {'idp': 12, 'x': 6.696, 'y': 0.836, 'r': 0.4, 'type': 1}, {'idp': 13, 'x': 4.335, 'y': -0.007, 'r': 0.4, 'type': 1}, {'idp': 14, 'x': 6.371, 'y': -0.572, 'r': 0.4, 'type': 1}]
31470,1398693983.3336806,[{'idp': 6, 'x': 3.885, 'y': -0.947, 'r': 0.4, 'type': 1}, {'idp': 7, 'x': 2.648, 'y': -0.929, 'r': 0.4, 'type': 1}, {'idp': 9, 'x': 0.687, 'y': 1.138, 'r': 0.6, 'type': 2}, {'idp': 10, 'x': 1.386, 'y': 1.26, 'r': 0.4, 'type': 1}, {'idp': 12, 'x': 6.691, 'y': 0.82, 'r': 0.4, 'type': 1}, {'idp': 13, 'x': 4.3, 'y': 0.078, 'r': 0.4, 'type': 1}, {'idp': 14, 'x': 6.343, 'y': -0.569, 'r': 0.4, 'type': 1}]
31471,1398693983.3736992,[{'idp': 6, 'x': 3.869, 'y': -0.947, 'r': 0.4, 'type': 1}, {'idp': 7, 'x': 2.656, 'y': -0.94, 'r': 0.4, 'type': 1}, {'idp': 9, 'x': 0.668, 'y': 1.137, 'r': 0.6, 'type': 2}, {'idp': 10, 'x': 1.371, 'y': 1.263, 'r': 0.4, 'type': 1}, {'idp': 12, 'x': 6.665, 'y': 0.817, 'r': 0.4, 'type': 1}, {'idp': 13, 'x': 4.25, 'y': 0.067, 'r': 0.4, 'type': 1}, {'idp': 14, 'x': 6.316, 'y': -0.567, 'r': 0.4, 'type': 1}]
31472,1398693983.373729,[{'idp': 6, 'x': 3.889, 'y': -0.962, 'r': 0.4, 'type': 1}, {'idp': 7, 'x': 2.671, 'y': -0.932, 'r': 0.4, 'type': 1}, {'idp': 9, 'x': 0.641, 'y': 1.137, 'r': 0.6, 'type': 2}, {'idp': 10, 'x': 1.339, 'y': 1.251, 'r': 0.4, 'type': 1}, {'idp': 12, 'x': 6.66, 'y': 0.817, 'r': 0.4, 'type': 1}, {'idp': 13, 'x': 4.207, 'y': 0.105, 'r': 0.4, 'type': 1}, {'idp': 14, 'x': 6.292, 'y': -0.551, 'r': 0.4, 'type': 1}]
31473,1398693983.4136982,[{'idp': 6, 'x': 3.878, 'y': -0.95, 'r': 0.4, 'type': 1}, {'idp': 7, 'x': 2.673, 'y': -0.927, 'r': 0.4, 'type': 1}, {'idp': 9, 'x': 0.615, 'y': 1.127, 'r': 0.6, 'type': 2}, {'idp': 10, 'x': 1.312, 'y': 1.25, 'r': 0.4, 'type': 1}, {'idp': 12, 'x': 6.659, 'y': 0.831, 'r': 0.4, 'type': 1}, {'idp': 13, 'x': 4.146, 'y': 0.118, 'r': 0.4, 'type': 1}, {'idp': 14, 'x': 6.264, 'y': -0.521, 'r': 0.4, 'type': 1}]
31474,1398693983.4162357,[{'idp': 6, 'x': 3.866, 'y': -0.947, 'r': 0.4, 'type': 1}, {'idp': 7, 'x': 2.685, 'y': -0.918, 'r': 0.4, 'type': 1}, {'idp': 9, 'x': 0.589, 'y': 1.128, 'r': 0.6, 'type': 2}, {'idp': 10, 'x': 1.294, 'y': 1.249, 'r': 0.4, 'type': 1}, {'idp': 12, 'x': 6.641, 'y': 0.858, 'r': 0.4, 'type': 1}, {'idp': 13, 'x': 4.096, 'y': 0.134, 'r': 0.4, 'type': 1}, {'idp': 14, 'x': 6.237, 'y': -0.492, 'r': 0.4, 'type': 1}]
31475,1398693983.4537,[{'idp': 6, 'x': 3.874, 'y': -0.949, 'r': 0.4, 'type': 1}, {'idp': 7, 'x': 2.691, 'y': -0.921, 'r': 0.4, 'type': 1}, {'idp': 9, 'x': 0.572, 'y': 1.13, 'r': 0.6, 'type': 2}, {'idp': 10, 'x': 1.279, 'y': 1.245, 'r': 0.4, 'type': 1}, {'idp': 12, 'x': 6.622, 'y': 0.856, 'r': 0.4, 'type': 1}, {'idp': 13, 'x': 4.039, 'y': 0.118, 'r': 0.4, 'type': 1}, {'idp': 14, 'x': 6.225, 'y': -0.477, 'r': 0.4, 'type': 1}]
31476,1398693983.4936714,[{'idp': 6, 'x': 3.877, 'y': -0.968, 'r': 0.4, 'type': 1}, {'idp': 7, 'x': 2.695, 'y': -0.923, 'r': 0.4, 'type': 1}, {'idp': 9, 'x': 0.551, 'y': 1.122, 'r': 0.6, 'type': 2}, {'idp': 10, 'x': 1.26, 'y': 1.236, 'r': 0.4, 'type': 1}, {'idp': 12, 'x': 6.598, 'y': 0.839, 'r': 0.4, 'type': 1}, {'idp': 13, 'x': 3.989, 'y': 0.112, 'r': 0.4, 'type': 1}, {'idp': 14, 'x': 6.203, 'y': -0.489, 'r': 0.4, 'type': 1}]
31477,1398693983.4936924,[{'idp': 6, 'x': 3.872, 'y': -0.967, 'r': 0.4, 'type': 1}, {'idp': 7, 'x': 2.707, 'y': -0.934, 'r': 0.4, 'type': 1}, {'idp': 9, 'x': 0.543, 'y': 1.122, 'r': 0.6, 'type': 2}, {'idp': 10, 'x': 1.203, 'y': 1.22, 'r': 0.4, 'type': 1}, {'idp': 12, 'x': 6.577, 'y': 0.85, 'r': 0.4, 'type': 1}, {'idp': 13, 'x': 3.941, 'y': 0.118, 'r': 0.4, 'type': 1}, {'idp': 14, 'x': 6.177, 'y': -0.487, 'r': 0.4, 'type': 1}]
31478,1398693983.5337315,[{'idp': 6, 'x': 3.87, 'y': -0.966, 'r': 0.4, 'type': 1}, {'idp': 7, 'x': 2.705, 'y': -0.941, 'r': 0.4, 'type': 1}, {'idp': 9, 'x': 0.527, 'y': 1.124, 'r': 0.6, 'type': 2}, {'idp': 10, 'x': 1.18, 'y': 1.215, 'r': 0.4, 'type': 1}, {'idp': 12, 'x': 6.565, 'y': 0.849, 'r': 0.4, 'type': 1}, {'idp': 13, 'x': 3.888, 'y': 0.114, 'r': 0.4, 'type': 1}, {'idp': 14, 'x': 6.15, 'y': -0.458, 'r': 0.4, 'type': 1}]
31479,1398693983.5403576,[{'idp': 6, 'x': 3.879, 'y': -0.969, 'r': 0.4, 'type': 1}, {'idp': 7, 'x': 2.711, 'y': -0.929, 'r': 0.4, 'type': 1}, {'idp': 9, 'x': 0.506, 'y': 1.122, 'r': 0.6, 'type': 2}, {'idp': 10, 'x': 1.192, 'y': 1.227, 'r': 0.4, 'type': 1}, {'idp': 12, 'x': 6.544, 'y': 0.861, 'r': 0.4, 'type': 1}, {'idp': 13, 'x': 3.834, 'y': 0.128, 'r': 0.4, 'type': 1}, {'idp': 14, 'x': 6.113, 'y': -0.415, 'r': 0.4, 'type': 1}]
31480,1398693983.5816872,[{'idp': 6, 'x': 3.885, 'y': -0.961, 'r': 0.4, 'type': 1}, {'idp': 7, 'x': 2.716, 'y': -0.924, 'r': 0.4, 'type': 1}, {'idp': 9, 'x': 0.487, 'y': 1.124, 'r': 0.6, 'type': 2}, {'idp': 10, 'x': 1.165, 'y': 1.233, 'r': 0.4, 'type': 1}, {'idp': 12, 'x': 6.53, 'y': 0.888, 'r': 0.4, 'type': 1}, {'idp': 13, 'x': 3.791, 'y': 0.14, 'r': 0.4, 'type': 1}, {'idp': 14, 'x': 6.071, 'y': -0.385, 'r': 0.4, 'type': 1}]
31481,1398693983.621678,[{'idp': 6, 'x': 3.879, 'y': -0.96, 'r': 0.4, 'type': 1}, {'idp': 7, 'x': 2.712, 'y': -0.916, 'r': 0.4, 'type': 1}, {'idp': 9, 'x': 0.458, 'y': 1.123, 'r': 0.6, 'type': 2}, {'idp': 10, 'x': 1.145, 'y': 1.245, 'r': 0.4, 'type': 1}, {'idp': 12, 'x': 6.521, 'y': 0.887, 'r': 0.4, 'type': 1}, {'idp': 13, 'x': 3.761, 'y': 0.135, 'r': 0.4, 'type': 1}, {'idp': 14, 'x': 6.029, 'y': -0.369, 'r': 0.4, 'type': 1}]
31482,1398693983.6217072,[{'idp': 6, 'x': 3.885, 'y': -0.971, 'r': 0.4, 'type': 1}, {'idp': 7, 'x': 2.707, 'y': -0.921, 'r': 0.4, 'type': 1}, {'idp': 9, 'x': 0.446, 'y': 1.124, 'r': 0.6, 'type': 2}, {'idp': 10, 'x': 1.116, 'y': 1.238, 'r': 0.4, 'type': 1}, {'idp': 12, 'x': 6.537, 'y': 0.845, 'r': 0.4, 'type': 1}, {'idp': 13, 'x': 3.722, 'y': 0.13, 'r': 0.4, 'type': 1}, {'idp': 14, 'x': 5.998, 'y': -0.354, 'r': 0.4, 'type': 1}]
31483,1398693983.661667,[{'idp': 6, 'x': 3.875, 'y': -0.968, 'r': 0.4, 'type': 1}, {'idp': 7, 'x': 2.717, 'y': -0.924, 'r': 0.4, 'type': 1}, {'idp': 9, 'x': 0.425, 'y': 1.116, 'r': 0.6, 'type': 2}, {'idp': 10, 'x': 1.097, 'y': 1.243, 'r': 0.4, 'type': 1}, {'idp': 12, 'x': 6.525, 'y': 0.829, 'r': 0.4, 'type': 1}, {'idp': 13, 'x': 3.68, 'y': 0.12, 'r': 0.4, 'type': 1}, {'idp': 14, 'x': 5.965, 'y': -0.352, 'r': 0.4, 'type': 1}]
31484,1398693983.664013,[{'idp': 6, 'x': 3.878, 'y': -0.987, 'r': 0.4, 'type': 1}, {'idp': 7, 'x': 2.695, 'y': -0.931, 'r': 0.4, 'type': 1}, {'idp': 9, 'x': 0.403, 'y': 1.11, 'r': 0.6, 'type': 2}, {'idp': 10, 'x': 1.073, 'y': 1.247, 'r': 0.4, 'type': 1}, {'idp': 12, 'x': 6.521, 'y': 0.814, 'r': 0.4, 'type': 1}, {'idp': 13, 'x': 3.654, 'y': 0.117, 'r': 0.4, 'type': 1}, {'idp': 14, 'x': 5.921, 'y': -0.336, 'r': 0.4, 'type': 1}]
31485,1398693983.7017107,[{'idp': 6, 'x': 3.884, 'y': -0.998, 'r': 0.4, 'type': 1}, {'idp': 7, 'x': 2.693, 'y': -0.936, 'r': 0.4, 'type': 1}, {'idp': 9, 'x': 0.382, 'y': 1.097, 'r': 0.6, 'type': 2}, {'idp': 10, 'x': 1.05, 'y': 1.252, 'r': 0.4, 'type': 1}, {'idp': 12, 'x': 6.507, 'y': 0.812, 'r': 0.4, 'type': 1}, {'idp': 13, 'x': 3.618, 'y': 0.125, 'r': 0.4, 'type': 1}, {'idp': 14, 'x': 5.881, 'y': -0.308, 'r': 0.4, 'type': 1}]
31486,1398693983.7417016,[{'idp': 6, 'x': 3.892, 'y': -1.0, 'r': 0.4, 'type': 1}, {'idp': 7, 'x': 2.686, 'y': -0.927, 'r': 0.4, 'type': 1}, {'idp': 9, 'x': 0.375, 'y': 1.096, 'r': 0.6, 'type': 2}, {'idp': 10, 'x': 1.019, 'y': 1.261, 'r': 0.4, 'type': 1}, {'idp': 12, 'x': 6.488, 'y': 0.824, 'r': 0.4, 'type': 1}, {'idp': 13, 'x': 3.567, 'y': 0.13, 'r': 0.4, 'type': 1}, {'idp': 14, 'x': 5.834, 'y': -0.292, 'r': 0.4, 'type': 1}]
31487,1398693983.7417257,[{'idp': 6, 'x': 3.897, 'y': -1.002, 'r': 0.4, 'type': 1}, {'idp': 7, 'x': 2.696, 'y': -0.931, 'r': 0.4, 'type': 1}, {'idp': 9, 'x': 0.381, 'y': 1.094, 'r': 0.6, 'type': 2}, {'idp': 10, 'x': 0.994, 'y': 1.267, 'r': 0.4, 'type': 1}, {'idp': 12, 'x': 6.469, 'y': 0.836, 'r': 0.4, 'type': 1}, {'idp': 13, 'x': 3.524, 'y': 0.143, 'r': 0.4, 'type': 1}, {'idp': 14, 'x': 5.799, 'y': -0.252, 'r': 0.4, 'type': 1}]
31488,1398693983.781717,[{'idp': 6, 'x': 3.896, 'y': -0.992, 'r': 0.4, 'type': 1}, {'idp': 7, 'x': 2.706, 'y': -0.921, 'r': 0.4, 'type': 1}, {'idp': 9, 'x': 0.385, 'y': 1.09, 'r': 0.6, 'type': 2}, {'idp': 10, 'x': 0.963, 'y': 1.284, 'r': 0.4, 'type': 1}, {'idp': 12, 'x': 6.454, 'y': 0.878, 'r': 0.4, 'type': 1}, {'idp': 13, 'x': 3.477, 'y': 0.165, 'r': 0.4, 'type': 1}, {'idp': 14, 'x': 5.754, 'y': -0.225, 'r': 0.4, 'type': 1}]
31489,1398693983.7888722,[{'idp': 6, 'x': 3.899, 'y': -0.975, 'r': 0.4, 'type': 1}, {'idp': 7, 'x': 2.714, 'y': -0.911, 'r': 0.4, 'type': 1}, {'idp': 9, 'x': 0.403, 'y': 1.085, 'r': 0.6, 'type': 2}, {'idp': 10, 'x': 0.936, 'y': 1.296, 'r': 0.4, 'type': 1}, {'idp': 12, 'x': 6.427, 'y': 0.902, 'r': 0.4, 'type': 1}, {'idp': 13, 'x': 3.432, 'y': 0.187, 'r': 0.4, 'type': 1}, {'idp': 14, 'x': 5.73, 'y': -0.174, 'r': 0.4, 'type': 1}]
31490,1398693983.8257368,[{'idp': 6, 'x': 3.898, 'y': -0.957, 'r': 0.4, 'type': 1}, {'idp': 7, 'x': 2.721, 'y': -0.9, 'r': 0.4, 'type': 1}, {'idp': 9, 'x': 0.393, 'y': 1.085, 'r': 0.6, 'type': 2}, {'idp': 10, 'x': 0.922, 'y': 1.29, 'r': 0.4, 'type': 1}, {'idp': 12, 'x': 6.404, 'y': 0.928, 'r': 0.4, 'type': 1}, {'idp': 13, 'x': 3.404, 'y': 0.191, 'r': 0.4, 'type': 1}, {'idp': 14, 'x': 5.678, 'y': -0.161, 'r': 0.4, 'type': 1}]
31491,1398693983.865722,[{'idp': 6, 'x': 3.914, 'y': -0.96, 'r': 0.4, 'type': 1}, {'idp': 7, 'x': 2.723, 'y': -0.9, 'r': 0.4, 'type': 1}, {'idp': 9, 'x': 0.412, 'y': 1.102, 'r': 0.6, 'type': 2}, {'idp': 10, 'x': 0.903, 'y': 1.287, 'r': 0.4, 'type': 1}, {'idp': 12, 'x': 6.394, 'y': 0.926, 'r': 0.4, 'type': 1}, {'idp': 13, 'x': 3.365, 'y': 0.189, 'r': 0.4, 'type': 1}, {'idp': 14, 'x': 5.63, 'y': -0.16, 'r': 0.4, 'type': 1}]
31492,1398693983.865751,[{'idp': 6, 'x': 3.932, 'y': -0.983, 'r': 0.4, 'type': 1}, {'idp': 7, 'x': 2.736, 'y': -0.918, 'r': 0.4, 'type': 1}, {'idp': 9, 'x': 0.468, 'y': 1.128, 'r': 0.6, 'type': 2}, {'idp': 10, 'x': 0.886, 'y': 1.282, 'r': 0.4, 'type': 1}, {'idp': 12, 'x': 6.386, 'y': 0.911, 'r': 0.4, 'type': 1}, {'idp': 13, 'x': 3.324, 'y': 0.184, 'r': 0.4, 'type': 1}, {'idp': 14, 'x': 5.596, 'y': -0.146, 'r': 0.4, 'type': 1}]
31493,1398693983.9057372,[{'idp': 6, 'x': 3.949, 'y': -0.997, 'r': 0.4, 'type': 1}, {'idp': 7, 'x': 2.734, 'y': -0.924, 'r': 0.4, 'type': 1}, {'idp': 9, 'x': 0.519, 'y': 1.148, 'r': 0.6, 'type': 2}, {'idp': 10, 'x': 0.864, 'y': 1.267, 'r': 0.4, 'type': 1}, {'idp': 12, 'x': 6.372, 'y': 0.895, 'r': 0.4, 'type': 1}, {'idp': 13, 'x': 3.288, 'y': 0.173, 'r': 0.4, 'type': 1}, {'idp': 14, 'x': 5.552, 'y': -0.157, 'r': 0.4, 'type': 1}, {'idp': 15, 'x': 6.284, 'y': -1.148, 'r': 0.4, 'type': 1}]
31494,1398693983.913,[{'idp': 6, 'x': 3.949, 'y': -1.006, 'r': 0.4, 'type': 1}, {'idp': 7, 'x': 2.756, 'y': -0.938, 'r': 0.4, 'type': 1}, {'idp': 9, 'x': 0.498, 'y': 1.147, 'r': 0.6, 'type': 2}, {'idp': 10, 'x': 0.834, 'y': 1.27, 'r': 0.4, 'type': 1}, {'idp': 12, 'x': 6.312, 'y': 0.901, 'r': 0.4, 'type': 1}, {'idp': 13, 'x': 3.233, 'y': 0.178, 'r': 0.4, 'type': 1}, {'idp': 14, 'x': 5.536, 'y': -0.157, 'r': 0.4, 'type': 1}, {'idp': 15, 'x': 6.289, 'y': -1.151, 'r': 0.4, 'type': 1}]
31495,1398693983.9496922,[{'idp': 6, 'x': 3.955, 'y': -0.998, 'r': 0.4, 'type': 1}, {'idp': 7, 'x': 2.78, 'y': -0.946, 'r': 0.4, 'type': 1}, {'idp': 9, 'x': 0.481, 'y': 1.151, 'r': 0.6, 'type': 2}, {'idp': 10, 'x': 0.792, 'y': 1.266, 'r': 0.4, 'type': 1}, {'idp': 12, 'x': 6.307, 'y': 0.914, 'r': 0.4, 'type': 1}, {'idp': 13, 'x': 3.166, 'y': 0.184, 'r': 0.4, 'type': 1}, {'idp': 14, 'x': 5.516, 'y': -0.157, 'r': 0.4, 'type': 1}, {'idp': 15, 'x': 6.301, 'y': -1.098, 'r': 0.4, 'type': 1}]
31496,1398693983.9896796,[{'idp': 6, 'x': 3.961, 'y': -0.991, 'r': 0.4, 'type': 1}, {'idp': 7, 'x': 2.818, 'y': -0.959, 'r': 0.4, 'type': 1}, {'idp': 9, 'x': 0.464, 'y': 1.153, 'r': 0.6, 'type': 2}, {'idp': 10, 'x': 0.758, 'y': 1.272, 'r': 0.4, 'type': 1}, {'idp': 12, 'x': 6.301, 'y': 0.956, 'r': 0.4, 'type': 1}, {'idp': 13, 'x': 3.102, 'y': 0.201, 'r': 0.4, 'type': 1}, {'idp': 14, 'x': 5.513, 'y': -0.145, 'r': 0.4, 'type': 1}, {'idp': 15, 'x': 6.307, 'y': -1.085, 'r': 0.4, 'type': 1}]
31497,1398693983.9897087,[{'idp': 6, 'x': 3.954, 'y': -0.961, 'r': 0.4, 'type': 1}, {'idp': 7, 'x': 2.831, 'y': -0.943, 'r': 0.4, 'type': 1}, {'idp': 9, 'x': 0.435, 'y': 1.156, 'r': 0.6, 'type': 2}, {'idp': 10, 'x': 0.715, 'y': 1.269, 'r': 0.4, 'type': 1}, {'idp': 12, 'x': 6.268, 'y': 1.007, 'r': 0.4, 'type': 1}, {'idp': 13, 'x': 3.036, 'y': 0.232, 'r': 0.4, 'type': 1}, {'idp': 14, 'x': 5.494, 'y': -0.097, 'r': 0.4, 'type': 1}, {'idp': 15, 'x': 6.313, 'y': -1.044, 'r': 0.4, 'type': 1}]
31498,1398693984.0297184,[{'idp': 6, 'x': 3.949, 'y': -0.932, 'r': 0.4, 'type': 1}, {'idp': 7, 'x': 2.836, 'y': -0.924, 'r': 0.4, 'type': 1}, {'idp': 9, 'x': 0.398, 'y': 1.15, 'r': 0.6, 'type': 2}, {'idp': 10, 'x': 0.674, 'y': 1.271, 'r': 0.4, 'type': 1}, {'idp': 12, 'x': 6.242, 'y': 1.073, 'r': 0.4, 'type': 1}, {'idp': 13, 'x': 2.981, 'y': 0.256, 'r': 0.4, 'type': 1}, {'idp': 14, 'x': 5.474, 'y': -0.049, 'r': 0.4, 'type': 1}, {'idp': 15, 'x': 6.32, 'y': -0.988, 'r': 0.4, 'type': 1}]
31499,1398693984.0381072,[{'idp': 6, 'x': 3.933, 'y': -0.919, 'r': 0.4, 'type': 1}, {'idp': 7, 'x': 2.844, 'y': -0.92, 'r': 0.4, 'type': 1}, {'idp': 9, 'x': 0.376, 'y': 1.151, 'r': 0.6, 'type': 2}, {'idp': 10, 'x': 0.636, 'y': 1.271, 'r': 0.4, 'type': 1}, {'idp': 12, 'x': 6.241, 'y': 1.114, 'r': 0.4, 'type': 1}, {'idp': 13, 'x': 2.936, 'y': 0.282, 'r': 0.4, 'type': 1}, {'idp': 14, 'x': 5.448, 'y': -0.013, 'r': 0.4, 'type': 1}, {'idp': 15, 'x': 6.308, 'y': -0.944, 'r': 0.4, 'type': 1}]
31500,1398693984.077705,[{'idp': 6, 'x': 3.933, 'y': -0.937, 'r': 0.4, 'type': 1}, {'idp': 7, 'x': 2.839, 'y': -0.924, 'r': 0.4, 'type': 1}, {'idp': 9, 'x': 0.366, 'y': 1.146, 'r': 0.6, 'type': 2}, {'idp': 10, 'x': 0.601, 'y': 1.266, 'r': 0.4, 'type': 1}, {'idp': 12, 'x': 6.219, 'y': 1.097, 'r': 0.4, 'type': 1}, {'idp': 13, 'x': 2.901, 'y': 0.279, 'r': 0.4, 'type': 1}, {'idp': 14, 'x': 5.418, 'y': -0.013, 'r': 0.4, 'type': 1}, {'idp': 15, 'x': 6.291, 'y': -0.942, 'r': 0.4, 'type': 1}]
31501,1398693984.1177044,[{'idp': 6, 'x': 3.946, 'y': -0.949, 'r': 0.4, 'type': 1}, {'idp': 7, 'x': 2.847, 'y': -0.941, 'r': 0.4, 'type': 1}, {'idp': 9, 'x': 0.344, 'y': 1.131, 'r': 0.6, 'type': 2}, {'idp': 10, 'x': 0.559, 'y': 1.256, 'r': 0.4, 'type': 1}, {'idp': 12, 'x': 6.226, 'y': 1.098, 'r': 0.4, 'type': 1}, {'idp': 13, 'x': 2.854, 'y': 0.283, 'r': 0.4, 'type': 1}, {'idp': 14, 'x': 5.369, 'y': -0.001, 'r': 0.4, 'type': 1}, {'idp': 15, 'x': 6.275, 'y': -0.953, 'r': 0.4, 'type': 1}]
31502,1398693984.1177416,[{'idp': 6, 'x': 3.965, 'y': -0.953, 'r': 0.4, 'type': 1}, {'idp': 7, 'x': 2.869, 'y': -0.961, 'r': 0.4, 'type': 1}, {'idp': 9, 'x': 0.322, 'y': 1.107, 'r': 0.6, 'type': 2}, {'idp': 10, 'x': 0.511, 'y': 1.234, 'r': 0.4, 'type': 1}, {'idp': 12, 'x': 6.226, 'y': 1.098, 'r': 0.4, 'type': 1}, {'idp': 13, 'x': 2.822, 'y': 0.28, 'r': 0.4, 'type': 1}, {'idp': 14, 'x': 5.328, 'y': -0.001, 'r': 0.4, 'type': 1}, {'idp': 15, 'x': 6.241, 'y': -0.934, 'r': 0.4, 'type': 1}]
31503,1398693984.1577013,[{'idp': 6, 'x': 3.984, 'y': -0.958, 'r': 0.4, 'type': 1}, {'idp': 7, 'x': 2.886, 'y': -0.974, 'r': 0.4, 'type': 1}, {'idp': 9, 'x': 0.299, 'y': 1.092, 'r': 0.6, 'type': 2}, {'idp': 10, 'x': 0.455, 'y': 1.219, 'r': 0.4, 'type': 1}, {'idp': 12, 'x': 6.226, 'y': 1.098, 'r': 0.4, 'type': 1}, {'idp': 13, 'x': 2.769, 'y': 0.287, 'r': 0.4, 'type': 1}, {'idp': 14, 'x': 5.232, 'y': -0.0, 'r': 0.4, 'type': 1}, {'idp': 15, 'x': 6.192, 'y': -0.913, 'r': 0.4, 'type': 1}]
31504,1398693984.1627645,[{'idp': 6, 'x': 4.002, 'y': -0.934, 'r': 0.4, 'type': 1}, {'idp': 7, 'x': 2.91, 'y': -0.967, 'r': 0.4, 'type': 1}, {'idp': 9, 'x': 0.272, 'y': 1.085, 'r': 0.6, 'type': 2}, {'idp': 10, 'x': 0.401, 'y': 1.202, 'r': 0.4, 'type': 1}, {'idp': 12, 'x': 6.226, 'y': 1.098, 'r': 0.4, 'type': 1}, {'idp': 13, 'x': 2.726, 'y': 0.3, 'r': 0.4, 'type': 1}, {'idp': 14, 'x': 5.215, 'y': 0.011, 'r': 0.4, 'type': 1}, {'idp': 15, 'x': 6.132, 'y': -0.835, 'r': 0.4, 'type': 1}]
31505,1398693984.2016277,[{'idp': 6, 'x': 4.025, 'y': -0.939, 'r': 0.4, 'type': 1}, {'idp': 7, 'x': 2.922, 'y': -0.97, 'r': 0.4, 'type': 1}, {'idp': 9, 'x': 0.24, 'y': 1.079, 'r': 0.6, 'type': 2}, {'idp': 10, 'x': 0.339, 'y': 1.177, 'r': 0.4, 'type': 1}, {'idp': 12, 'x': 6.226, 'y': 1.098, 'r': 0.4, 'type': 1}, {'idp': 13, 'x': 2.688, 'y': 0.297, 'r': 0.4, 'type': 1}, {'idp': 14, 'x': 5.205, 'y': 0.035, 'r': 0.4, 'type': 1}, {'idp': 15, 'x': 6.14, 'y': -0.821, 'r': 0.4, 'type': 1}]
31506,1398693984.241685,[{'idp': 6, 'x': 4.026, 'y': -0.929, 'r': 0.4, 'type': 1}, {'idp': 7, 'x': 2.921, 'y': -0.97, 'r': 0.4, 'type': 1}, {'idp': 9, 'x': 0.255, 'y': 1.111, 'r': 0.6, 'type': 2}, {'idp': 10, 'x': 0.323, 'y': 1.184, 'r': 0.4, 'type': 1}, {'idp': 12, 'x': 6.226, 'y': 1.098, 'r': 0.4, 'type': 1}, {'idp': 13, 'x': 2.638, 'y': 0.309, 'r': 0.4, 'type': 1}, {'idp': 14, 'x': 5.198, 'y': 0.068, 'r': 0.4, 'type': 1}, {'idp': 15, 'x': 6.129, 'y': -0.82, 'r': 0.4, 'type': 1}]
31507,1398693984.2417152,[{'idp': 6, 'x': 4.047, 'y': -0.918, 'r': 0.4, 'type': 1}, {'idp': 7, 'x': 2.931, 'y': -0.972, 'r': 0.4, 'type': 1}, {'idp': 9, 'x': 0.265, 'y': 1.143, 'r': 0.6, 'type': 2}, {'idp': 10, 'x': 0.306, 'y': 1.19, 'r': 0.4, 'type': 1}, {'idp': 12, 'x': 6.226, 'y': 1.098, 'r': 0.4, 'type': 1}, {'idp': 13, 'x': 2.592, 'y': 0.31, 'r': 0.4, 'type': 1}, {'idp': 14, 'x': 5.156, 'y': 0.068, 'r': 0.4, 'type': 1}, {'idp': 15, 'x': 6.109, 'y': -0.79, 'r': 0.4, 'type': 1}]
31508,1398693984.2817097,[{'idp': 6, 'x': 4.064, 'y': -0.904, 'r': 0.4, 'type': 1}, {'idp': 7, 'x': 2.942, 'y': -0.969, 'r': 0.4, 'type': 1}, {'idp': 9, 'x': 0.271, 'y': 1.17, 'r': 0.6, 'type': 2}, {'idp': 10, 'x': 0.289, 'y': 1.192, 'r': 0.4, 'type': 1}, {'idp': 12, 'x': 6.226, 'y': 1.098, 'r': 0.4, 'type': 1}, {'idp': 13, 'x': 2.542, 'y': 0.327, 'r': 0.4, 'type': 1}, {'idp': 14, 'x': 5.125, 'y': 0.134, 'r': 0.4, 'type': 1}, {'idp': 15, 'x': 6.093, 'y': -0.761, 'r': 0.4, 'type': 1}]
31509,1398693984.2881298,[{'idp': 6, 'x': 4.09, 'y': -0.885, 'r': 0.4, 'type': 1}, {'idp': 7, 'x': 2.953, 'y': -0.964, 'r': 0.4, 'type': 1}, {'idp': 9, 'x': 0.275, 'y': 1.201, 'r': 0.6, 'type': 2}, {'idp': 10, 'x': 0.275, 'y': 1.201, 'r': 0.4, 'type': 1}, {'idp': 12, 'x': 6.226, 'y': 1.098, 'r': 0.4, 'type': 1}, {'idp': 13, 'x': 2.478, 'y': 0.329, 'r': 0.4, 'type': 1}, {'idp': 14, 'x': 5.081, 'y': 0.153, 'r': 0.4, 'type': 1}, {'idp': 15, 'x': 6.072, 'y': -0.732, 'r': 0.4, 'type': 1}]
31510,1398693984.3256774,[{'idp': 6, 'x': 4.103, 'y': -0.88, 'r': 0.4, 'type': 1}, {'idp': 7, 'x': 2.952, 'y': -0.964, 'r': 0.4, 'type': 1}, {'idp': 9, 'x': 0.276, 'y': 1.208, 'r': 0.6, 'type': 2}, {'idp': 10, 'x': 0.276, 'y': 1.208, 'r': 0.4, 'type': 1}, {'idp': 12, 'x': 6.226, 'y': 1.098, 'r': 0.4, 'type': 1}, {'idp': 13, 'x': 2.414, 'y': 0.337, 'r': 0.4, 'type': 1}, {'idp': 14, 'x': 5.063, 'y': 0.121, 'r': 0.4, 'type': 1}, {'idp': 15, 'x': 6.051, 'y': -0.716, 'r': 0.4, 'type': 1}]
31511,1398693984.365798,[{'idp': 6, 'x': 4.116, 'y': -0.886, 'r': 0.4, 'type': 1}, {'idp': 7, 'x': 2.951, 'y': -0.956, 'r': 0.4, 'type': 1}, {'idp': 9, 'x': 0.27, 'y': 1.219, 'r': 0.6, 'type': 2}, {'idp': 10, 'x': 0.267, 'y': 1.205, 'r': 0.4, 'type': 1}, {'idp': 12, 'x': 6.226, 'y': 1.098, 'r': 0.4, 'type': 1}, {'idp': 13, 'x': 2.338, 'y': 0.341, 'r': 0.4, 'type': 1}, {'idp': 14, 'x': 5.036, 'y': 0.138, 'r': 0.4, 'type': 1}, {'idp': 15, 'x': 6.026, 'y': -0.7, 'r': 0.4, 'type': 1}]
31512,1398693984.3658357,[{'idp': 6, 'x': 4.133, 'y': -0.851, 'r': 0.4, 'type': 1}, {'idp': 7, 'x': 2.954, 'y': -0.951, 'r': 0.4, 'type': 1}, {'idp': 9, 'x': 0.255, 'y': 1.206, 'r': 0.6, 'type': 2}, {'idp': 10, 'x': 0.255, 'y': 1.206, 'r': 0.4, 'type': 1}, {'idp': 12, 'x': 6.226, 'y': 1.098, 'r': 0.4, 'type': 1}, {'idp': 13, 'x': 2.273, 'y': 0.351, 'r': 0.4, 'type': 1}, {'idp': 14, 'x': 4.998, 'y': 0.205, 'r': 0.4, 'type': 1}, {'idp': 15, 'x': 6.015, 'y': -0.659, 'r': 0.4, 'type': 1}]
31513,1398693984.4057527,[{'idp': 6, 'x': 4.138, 'y': -0.84, 'r': 0.4, 'type': 1}, {'idp': 7, 'x': 2.96, 'y': -0.937, 'r': 0.4, 'type': 1}, {'idp': 9, 'x': 0.252, 'y': 1.222, 'r': 0.6, 'type': 2}, {'idp': 10, 'x': 0.244, 'y': 1.21, 'r': 0.4, 'type': 1}, {'idp': 12, 'x': 6.298, 'y': 0.759, 'r': 0.4, 'type': 1}, {'idp': 13, 'x': 2.207, 'y': 0.369, 'r': 0.4, 'type': 1}, {'idp': 14, 'x': 4.956, 'y': 0.239, 'r': 0.4, 'type': 1}, {'idp': 15, 'x': 5.991, 'y': -0.617, 'r': 0.4, 'type': 1}]
31514,1398693984.4121501,[{'idp': 6, 'x': 4.16, 'y': -0.845, 'r': 0.4, 'type': 1}, {'idp': 7, 'x': 2.962, 'y': -0.938, 'r': 0.4, 'type': 1}, {'idp': 9, 'x': 0.247, 'y': 1.233, 'r': 0.6, 'type': 2}, {'idp': 10, 'x': 0.243, 'y': 1.21, 'r': 0.4, 'type': 1}, {'idp': 12, 'x': 6.287, 'y': 0.786, 'r': 0.4, 'type': 1}, {'idp': 13, 'x': 2.16, 'y': 0.381, 'r': 0.4, 'type': 1}, {'idp': 14, 'x': 4.922, 'y': 0.237, 'r': 0.4, 'type': 1}, {'idp': 15, 'x': 5.968, 'y': -0.601, 'r': 0.4, 'type': 1}]
31515,1398693984.4496868,[{'idp': 6, 'x': 4.131, 'y': -0.868, 'r': 0.4, 'type': 1}, {'idp': 7, 'x': 2.958, 'y': -0.96, 'r': 0.4, 'type': 1}, {'idp': 9, 'x': 0.236, 'y': 1.242, 'r': 0.6, 'type': 2}, {'idp': 10, 'x': 0.238, 'y': 1.195, 'r': 0.4, 'type': 1}, {'idp': 12, 'x': 6.261, 'y': 0.783, 'r': 0.4, 'type': 1}, {'idp': 13, 'x': 2.13, 'y': 0.385, 'r': 0.4, 'type': 1}, {'idp': 14, 'x': 4.887, 'y': 0.235, 'r': 0.4, 'type': 1}, {'idp': 15, 'x': 5.927, 'y': -0.596, 'r': 0.4, 'type': 1}]
31516,1398693984.4897625,[{'idp': 6, 'x': 4.13, 'y': -0.875, 'r': 0.4, 'type': 1}, {'idp': 7, 'x': 2.955, 'y': -0.974, 'r': 0.4, 'type': 1}, {'idp': 9, 'x': 0.23, 'y': 1.251, 'r': 0.6, 'type': 2}, {'idp': 10, 'x': 0.241, 'y': 1.202, 'r': 0.4, 'type': 1}, {'idp': 12, 'x': 6.224, 'y': 0.764, 'r': 0.4, 'type': 1}, {'idp': 13, 'x': 2.086, 'y': 0.387, 'r': 0.4, 'type': 1}, {'idp': 14, 'x': 4.858, 'y': 0.205, 'r': 0.4, 'type': 1}, {'idp': 15, 'x': 5.904, 'y': -0.595, 'r': 0.4, 'type': 1}]
31517,1398693984.4897897,[{'idp': 6, 'x': 4.147, 'y': -0.879, 'r': 0.4, 'type': 1}, {'idp': 7, 'x': 2.959, 'y': -0.983, 'r': 0.4, 'type': 1}, {'idp': 9, 'x': 0.231, 'y': 1.239, 'r': 0.6, 'type': 2}, {'idp': 10, 'x': 0.242, 'y': 1.193, 'r': 0.4, 'type': 1}, {'idp': 12, 'x': 6.181, 'y': 0.772, 'r': 0.4, 'type': 1}, {'idp': 13, 'x': 2.033, 'y': 0.391, 'r': 0.4, 'type': 1}, {'idp': 14, 'x': 4.828, 'y': 0.204, 'r': 0.4, 'type': 1}, {'idp': 15, 'x': 5.88, 'y': -0.592, 'r': 0.4, 'type': 1}]
31518,1398693984.5297694,[{'idp': 6, 'x': 4.165, 'y': -0.866, 'r': 0.4, 'type': 1}, {'idp': 7, 'x': 2.974, 'y': -0.971, 'r': 0.4, 'type': 1}, {'idp': 9, 'x': 0.229, 'y': 1.213, 'r': 0.6, 'type': 2}, {'idp': 10, 'x': 0.227, 'y': 1.195, 'r': 0.4, 'type': 1}, {'idp': 12, 'x': 6.165, 'y': 0.783, 'r': 0.4, 'type': 1}, {'idp': 13, 'x': 1.99, 'y': 0.401, 'r': 0.4, 'type': 1}, {'idp': 14, 'x': 4.788, 'y': 0.223, 'r': 0.4, 'type': 1}, {'idp': 15, 'x': 5.853, 'y': -0.577, 'r': 0.4, 'type': 1}, {'idp': 16, 'x': 6.326, 'y': 0.021, 'r': 0.4, 'type': 1}]
31519,1398693984.536623,[{'idp': 6, 'x': 4.169, 'y': -0.841, 'r': 0.4, 'type': 1}, {'idp': 7, 'x': 2.988, 'y': -0.961, 'r': 0.4, 'type': 1}, {'idp': 9, 'x': 0.204, 'y': 1.192, 'r': 0.6, 'type': 2}, {'idp': 10, 'x': 0.204, 'y': 1.192, 'r': 0.4, 'type': 1}, {'idp': 12, 'x': 6.139, 'y': 0.821, 'r': 0.4, 'type': 1}, {'idp': 13, 'x': 1.987, 'y': 0.433, 'r': 0.4, 'type': 1}, {'idp': 14, 'x': 4.764, 'y': 0.239, 'r': 0.4, 'type': 1}, {'idp': 15, 'x': 5.837, 'y': -0.562, 'r': 0.4, 'type': 1}, {'idp': 16, 'x': 6.275, 'y': 0.097, 'r': 0.4, 'type': 1}]
31520,1398693984.5736964,[{'idp': 6, 'x': 4.204, 'y': -0.808, 'r': 0.4, 'type': 1}, {'idp': 7, 'x': 3.002, 'y': -0.943, 'r': 0.4, 'type': 1}, {'idp': 9, 'x': 0.194, 'y': 1.198, 'r': 0.6, 'type': 2}, {'idp': 10, 'x': 0.185, 'y': 1.18, 'r': 0.4, 'type': 1}, {'idp': 12, 'x': 6.114, 'y': 0.858, 'r': 0.4, 'type': 1}, {'idp': 13, 'x': 1.99, 'y': 0.467, 'r': 0.4, 'type': 1}, {'idp': 14, 'x': 4.717, 'y': 0.292, 'r': 0.4, 'type': 1}, {'idp': 15, 'x': 5.815, 'y': -0.522, 'r': 0.4, 'type': 1}, {'idp': 16, 'x': 6.259, 'y': 0.124, 'r': 0.4, 'type': 1}]
31521,1398693984.6136734,[{'idp': 6, 'x': 4.196, 'y': -0.806, 'r': 0.4, 'type': 1}, {'idp': 7, 'x': 3.008, 'y': -0.937, 'r': 0.4, 'type': 1}, {'idp': 9, 'x': 0.185, 'y': 1.197, 'r': 0.6, 'type': 2}, {'idp': 10, 'x': 0.183, 'y': 1.188, 'r': 0.4, 'type': 1}, {'idp': 12, 'x': 6.102, 'y': 0.857, 'r': 0.4, 'type': 1}, {'idp': 13, 'x': 1.984, 'y': 0.48, 'r': 0.4, 'type': 1}, {'idp': 14, 'x': 4.69, 'y': 0.287, 'r': 0.4, 'type': 1}, {'idp': 15, 'x': 5.8, 'y': -0.508, 'r': 0.4, 'type': 1}, {'idp': 16, 'x': 6.235, 'y': 0.098, 'r': 0.4, 'type': 1}]
31522,1398693984.6137047,[{'idp': 6, 'x': 4.208, 'y': -0.809, 'r': 0.4, 'type': 1}, {'idp': 7, 'x': 3.013, 'y': -0.947, 'r': 0.4, 'type': 1}, {'idp': 9, 'x': 0.178, 'y': 1.206, 'r': 0.6, 'type': 2}, {'idp': 10, 'x': 0.172, 'y': 1.196, 'r': 0.4, 'type': 1}, {'idp': 12, 'x': 6.109, 'y': 0.83, 'r': 0.4, 'type': 1}, {'idp': 13, 'x': 1.953, 'y': 0.477, 'r': 0.4, 'type': 1}, {'idp': 14, 'x': 4.652, 'y': 0.283, 'r': 0.4, 'type': 1}, {'idp': 15, 'x': 5.774, 'y': -0.506, 'r': 0.4, 'type': 1}, {'idp': 16, 'x': 6.188, 'y': -0.0, 'r': 0.4, 'type': 1}]
31523,1398693984.6536596,[{'idp': 6, 'x': 4.201, 'y': -0.798, 'r': 0.4, 'type': 1}, {'idp': 7, 'x': 3.027, 'y': -0.938, 'r': 0.4, 'type': 1}, {'idp': 9, 'x': 0.164, 'y': 1.229, 'r': 0.6, 'type': 2}, {'idp': 10, 'x': 0.165, 'y': 1.22, 'r': 0.4, 'type': 1}, {'idp': 12, 'x': 6.089, 'y': 0.855, 'r': 0.4, 'type': 1}, {'idp': 13, 'x': 1.929, 'y': 0.484, 'r': 0.4, 'type': 1}, {'idp': 14, 'x': 4.619, 'y': 0.301, 'r': 0.4, 'type': 1}, {'idp': 15, 'x': 5.742, 'y': -0.478, 'r': 0.4, 'type': 1}, {'idp': 16, 'x': 6.174, 'y': 0.013, 'r': 0.4, 'type': 1}]
31524,1398693984.6608622,[{'idp': 6, 'x': 4.237, 'y': -0.786, 'r': 0.4, 'type': 1}, {'idp': 7, 'x': 3.038, 'y': -0.934, 'r': 0.4, 'type': 1}, {'idp': 12, 'x': 6.078, 'y': 0.88, 'r': 0.4, 'type': 1}, {'idp': 13, 'x': 1.904, 'y': 0.495, 'r': 0.4, 'type': 1}, {'idp': 14, 'x': 4.578, 'y': 0.318, 'r': 0.4, 'type': 1}, {'idp': 15, 'x': 5.717, 'y': -0.449, 'r': 0.4, 'type': 1}, {'idp': 16, 'x': 6.236, 'y': 0.041, 'r': 0.4, 'type': 1}]
31525,1398693984.6977334,[{'idp': 6, 'x': 4.236, 'y': -0.776, 'r': 0.4, 'type': 1}, {'idp': 7, 'x': 3.051, 'y': -0.932, 'r': 0.4, 'type': 1}, {'idp': 12, 'x': 6.068, 'y': 0.892, 'r': 0.4, 'type': 1}, {'idp': 13, 'x': 1.871, 'y': 0.499, 'r': 0.4, 'type': 1}, {'idp': 14, 'x': 4.541, 'y': 0.336, 'r': 0.4, 'type': 1}, {'idp': 15, 'x': 5.696, 'y': -0.437, 'r': 0.4, 'type': 1}, {'idp': 16, 'x': 6.224, 'y': 0.055, 'r': 0.4, 'type': 1}]
31526,1398693984.7377126,[{'idp': 6, 'x': 4.241, 'y': -0.777, 'r': 0.4, 'type': 1}, {'idp': 7, 'x': 3.064, 'y': -0.945, 'r': 0.4, 'type': 1}, {'idp': 12, 'x': 6.049, 'y': 0.903, 'r': 0.4, 'type': 1}, {'idp': 13, 'x': 1.824, 'y': 0.508, 'r': 0.4, 'type': 1}, {'idp': 14, 'x': 4.509, 'y': 0.334, 'r': 0.4, 'type': 1}, {'idp': 15, 'x': 5.674, 'y': -0.435, 'r': 0.4, 'type': 1}, {'idp': 16, 'x': 6.241, 'y': 0.055, 'r': 0.4, 'type': 1}]
31527,1398693984.737743,[{'idp': 6, 'x': 4.209, 'y': -0.8, 'r': 0.4, 'type': 1}, {'idp': 7, 'x': 3.076, 'y': -0.948, 'r': 0.4, 'type': 1}, {'idp': 12, 'x': 6.029, 'y': 0.913, 'r': 0.4, 'type': 1}, {'idp': 13, 'x': 1.779, 'y': 0.517, 'r': 0.4, 'type': 1}, {'idp': 14, 'x': 4.469, 'y': 0.342, 'r': 0.4, 'type': 1}, {'idp': 15, 'x': 5.639, 'y': -0.407, 'r': 0.4, 'type': 1}, {'idp': 16, 'x': 6.23, 'y': 0.055, 'r': 0.4, 'type': 1}]
31528,1398693984.7777097,[{'idp': 6, 'x': 4.2, 'y': -0.79, 'r': 0.4, 'type': 1}, {'idp': 7, 'x': 3.082, 'y': -0.926, 'r': 0.4, 'type': 1}, {'idp': 12, 'x': 6.007, 'y': 0.923, 'r': 0.4, 'type': 1}, {'idp': 13, 'x': 1.726, 'y': 0.54, 'r': 0.4, 'type': 1}, {'idp': 14, 'x': 4.432, 'y': 0.359, 'r': 0.4, 'type': 1}, {'idp': 15, 'x': 5.606, 'y': -0.392, 'r': 0.4, 'type': 1}, {'idp': 16, 'x': 6.232, 'y': 0.096, 'r': 0.4, 'type': 1}]
31529,1398693984.7848358,[{'idp': 6, 'x': 4.196, 'y': -0.789, 'r': 0.4, 'type': 1}, {'idp': 7, 'x': 3.092, 'y': -0.923, 'r': 0.4, 'type': 1}, {'idp': 12, 'x': 5.997, 'y': 0.922, 'r': 0.4, 'type': 1}, {'idp': 13, 'x': 1.684, 'y': 0.549, 'r': 0.4, 'type': 1}, {'idp': 14, 'x': 4.387, 'y': 0.384, 'r': 0.4, 'type': 1}, {'idp': 15, 'x': 5.568, 'y': -0.365, 'r': 0.4, 'type': 1}, {'idp': 16, 'x': 6.234, 'y': 0.124, 'r': 0.4, 'type': 1}]
31530,1398693984.8217692,[{'idp': 6, 'x': 4.196, 'y': -0.77, 'r': 0.4, 'type': 1}, {'idp': 7, 'x': 3.106, 'y': -0.912, 'r': 0.4, 'type': 1}, {'idp': 12, 'x': 5.997, 'y': 0.935, 'r': 0.4, 'type': 1}, {'idp': 13, 'x': 1.632, 'y': 0.562, 'r': 0.4, 'type': 1}, {'idp': 14, 'x': 4.352, 'y': 0.391, 'r': 0.4, 'type': 1}, {'idp': 15, 'x': 5.541, 'y': -0.338, 'r': 0.4, 'type': 1}, {'idp': 16, 'x': 6.216, 'y': 0.123, 'r': 0.4, 'type': 1}]
31531,1398693984.8617058,[{'idp': 6, 'x': 4.206, 'y': -0.751, 'r': 0.4, 'type': 1}, {'idp': 7, 'x': 3.11, 'y': -0.906, 'r': 0.4, 'type': 1}, {'idp': 12, 'x': 5.971, 'y': 0.945, 'r': 0.4, 'type': 1}, {'idp': 13, 'x': 1.589, 'y': 0.569, 'r': 0.4, 'type': 1}, {'idp': 14, 'x': 4.321, 'y': 0.389, 'r': 0.4, 'type': 1}, {'idp': 15, 'x': 5.52, 'y': -0.325, 'r': 0.4, 'type': 1}, {'idp': 16, 'x': 6.212, 'y': 0.123, 'r': 0.4, 'type': 1}]
31532,1398693984.8617382,[{'idp': 6, 'x': 4.202, 'y': -0.77, 'r': 0.4, 'type': 1}, {'idp': 7, 'x': 3.109, 'y': -0.914, 'r': 0.4, 'type': 1}, {'idp': 12, 'x': 5.974, 'y': 0.918, 'r': 0.4, 'type': 1}, {'idp': 13, 'x': 1.553, 'y': 0.572, 'r': 0.4, 'type': 1}, {'idp': 14, 'x': 4.278, 'y': 0.404, 'r': 0.4, 'type': 1}, {'idp': 15, 'x': 5.505, 'y': -0.324, 'r': 0.4, 'type': 1}, {'idp': 16, 'x': 6.202, 'y': 0.123, 'r': 0.4, 'type': 1}]
31533,1398693984.9016337,[{'idp': 6, 'x': 4.164, 'y': -0.79, 'r': 0.4, 'type': 1}, {'idp': 7, 'x': 3.113, 'y': -0.923, 'r': 0.4, 'type': 1}, {'idp': 12, 'x': 5.95, 'y': 0.915, 'r': 0.4, 'type': 1}, {'idp': 13, 'x': 1.517, 'y': 0.57, 'r': 0.4, 'type': 1}, {'idp': 14, 'x': 4.224, 'y': 0.408, 'r': 0.4, 'type': 1}, {'idp': 15, 'x': 5.465, 'y': -0.334, 'r': 0.4, 'type': 1}, {'idp': 16, 'x': 6.16, 'y': 0.095, 'r': 0.4, 'type': 1}]
31534,1398693984.911119,[{'idp': 6, 'x': 4.17, 'y': -0.801, 'r': 0.4, 'type': 1}, {'idp': 7, 'x': 3.115, 'y': -0.916, 'r': 0.4, 'type': 1}, {'idp': 12, 'x': 5.932, 'y': 0.925, 'r': 0.4, 'type': 1}, {'idp': 13, 'x': 1.473, 'y': 0.576, 'r': 0.4, 'type': 1}, {'idp': 14, 'x': 4.171, 'y': 0.421, 'r': 0.4, 'type': 1}, {'idp': 15, 'x': 5.436, 'y': -0.32, 'r': 0.4, 'type': 1}, {'idp': 16, 'x': 6.146, 'y': 0.095, 'r': 0.4, 'type': 1}]
31535,1398693984.9497373,[{'idp': 6, 'x': 4.154, 'y': -0.779, 'r': 0.4, 'type': 1}, {'idp': 7, 'x': 3.12, 'y': -0.904, 'r': 0.4, 'type': 1}, {'idp': 12, 'x': 5.914, 'y': 0.949, 'r': 0.4, 'type': 1}, {'idp': 13, 'x': 1.435, 'y': 0.583, 'r': 0.4, 'type': 1}, {'idp': 14, 'x': 4.093, 'y': 0.44, 'r': 0.4, 'type': 1}, {'idp': 15, 'x': 5.415, 'y': -0.259, 'r': 0.4, 'type': 1}, {'idp': 16, 'x': 6.144, 'y': 0.148, 'r': 0.4, 'type': 1}]
31536,1398693984.9897234,[{'idp': 6, 'x': 4.136, 'y': -0.768, 'r': 0.4, 'type': 1}, {'idp': 7, 'x': 3.129, 'y': -0.884, 'r': 0.4, 'type': 1}, {'idp': 12, 'x': 5.886, 'y': 0.997, 'r': 0.4, 'type': 1}, {'idp': 13, 'x': 1.387, 'y': 0.595, 'r': 0.4, 'type': 1}, {'idp': 14, 'x': 4.01, 'y': 0.475, 'r': 0.4, 'type': 1}, {'idp': 15, 'x': 5.381, 'y': -0.21, 'r': 0.4, 'type': 1}, {'idp': 16, 'x': 6.118, 'y': 0.174, 'r': 0.4, 'type': 1}]
31537,1398693984.9897552,[{'idp': 6, 'x': 4.113, 'y': -0.767, 'r': 0.4, 'type': 1}, {'idp': 7, 'x': 3.135, 'y': -0.879, 'r': 0.4, 'type': 1}, {'idp': 12, 'x': 5.874, 'y': 1.008, 'r': 0.4, 'type': 1}, {'idp': 13, 'x': 1.347, 'y': 0.598, 'r': 0.4, 'type': 1}, {'idp': 14, 'x': 3.952, 'y': 0.494, 'r': 0.4, 'type': 1}, {'idp': 15, 'x': 5.339, 'y': -0.197, 'r': 0.4, 'type': 1}, {'idp': 16, 'x': 6.118, 'y': 0.188, 'r': 0.4, 'type': 1}]
31538,1398693985.0297015,[{'idp': 6, 'x': 4.115, 'y': -0.792, 'r': 0.4, 'type': 1}, {'idp': 7, 'x': 3.133, 'y': -0.886, 'r': 0.4, 'type': 1}, {'idp': 12, 'x': 5.838, 'y': 0.989, 'r': 0.4, 'type': 1}, {'idp': 13, 'x': 1.31, 'y': 0.595, 'r': 0.4, 'type': 1}, {'idp': 14, 'x': 3.923, 'y': 0.482, 'r': 0.4, 'type': 1}, {'idp': 15, 'x': 5.272, 'y': -0.183, 'r': 0.4, 'type': 1}, {'idp': 16, 'x': 6.087, 'y': 0.173, 'r': 0.4, 'type': 1}]
31539,1398693985.0348346,[{'idp': 6, 'x': 4.116, 'y': -0.823, 'r': 0.4, 'type': 1}, {'idp': 7, 'x': 3.127, 'y': -0.906, 'r': 0.4, 'type': 1}, {'idp': 12, 'x': 5.755, 'y': 0.963, 'r': 0.4, 'type': 1}, {'idp': 13, 'x': 1.266, 'y': 0.591, 'r': 0.4, 'type': 1}, {'idp': 14, 'x': 3.901, 'y': 0.47, 'r': 0.4, 'type': 1}, {'idp': 15, 'x': 5.186, 'y': -0.203, 'r': 0.4, 'type': 1}, {'idp': 16, 'x': 6.061, 'y': 0.133, 'r': 0.4, 'type': 1}]
31540,1398693985.0737433,[{'idp': 6, 'x': 4.129, 'y': -0.847, 'r': 0.4, 'type': 1}, {'idp': 7, 'x': 3.117, 'y': -0.91, 'r': 0.4, 'type': 1}, {'idp': 12, 'x': 5.72, 'y': 0.944, 'r': 0.4, 'type': 1}, {'idp': 13, 'x': 1.215, 'y': 0.587, 'r': 0.4, 'type': 1}, {'idp': 14, 'x': 3.865, 'y': 0.466, 'r': 0.4, 'type': 1}, {'idp': 15, 'x': 5.12, 'y': -0.201, 'r': 0.4, 'type': 1}, {'idp': 16, 'x': 6.052, 'y': 0.119, 'r': 0.4, 'type': 1}]
31541,1398693985.11371,[{'idp': 6, 'x': 4.12, 'y': -0.857, 'r': 0.4, 'type': 1}, {'idp': 7, 'x': 3.12, 'y': -0.926, 'r': 0.4, 'type': 1}, {'idp': 12, 'x': 5.708, 'y': 0.942, 'r': 0.4, 'type': 1}, {'idp': 13, 'x': 1.158, 'y': 0.596, 'r': 0.4, 'type': 1}, {'idp': 14, 'x': 3.842, 'y': 0.463, 'r': 0.4, 'type': 1}, {'idp': 15, 'x': 5.083, 'y': -0.189, 'r': 0.4, 'type': 1}, {'idp': 16, 'x': 6.019, 'y': 0.105, 'r': 0.4, 'type': 1}]
31542,1398693985.11374,[{'idp': 6, 'x': 4.126, 'y': -0.859, 'r': 0.4, 'type': 1}, {'idp': 7, 'x': 3.104, 'y': -0.907, 'r': 0.4, 'type': 1}, {'idp': 12, 'x': 5.697, 'y': 0.992, 'r': 0.4, 'type': 1}, {'idp': 13, 'x': 1.124, 'y': 0.609, 'r': 0.4, 'type': 1}, {'idp': 14, 'x': 3.851, 'y': 0.489, 'r': 0.4, 'type': 1}, {'idp': 15, 'x': 5.099, 'y': -0.179, 'r': 0.4, 'type': 1}, {'idp': 16, 'x': 6.02, 'y': 0.105, 'r': 0.4, 'type': 1}]
31543,1398693985.1537108,[{'idp': 6, 'x': 4.138, 'y': -0.824, 'r': 0.4, 'type': 1}, {'idp': 7, 'x': 3.102, 'y': -0.892, 'r': 0.4, 'type': 1}, {'idp': 12, 'x': 5.67, 'y': 1.013, 'r': 0.4, 'type': 1}, {'idp': 13, 'x': 1.092, 'y': 0.626, 'r': 0.4, 'type': 1}, {'idp': 14, 'x': 3.843, 'y': 0.504, 'r': 0.4, 'type': 1}, {'idp': 15, 'x': 5.099, 'y': -0.146, 'r': 0.4, 'type': 1}, {'idp': 16, 'x': 6.0, 'y': 0.144, 'r': 0.4, 'type': 1}]
31544,1398693985.1598263,[{'idp': 6, 'x': 4.141, 'y': -0.816, 'r': 0.4, 'type': 1}, {'idp': 7, 'x': 3.094, 'y': -0.874, 'r': 0.4, 'type': 1}, {'idp': 12, 'x': 5.643, 'y': 1.033, 'r': 0.4, 'type': 1}, {'idp': 13, 'x': 1.049, 'y': 0.631, 'r': 0.4, 'type': 1}, {'idp': 14, 'x': 3.758, 'y': 0.528, 'r': 0.4, 'type': 1}, {'idp': 15, 'x': 5.095, 'y': -0.135, 'r': 0.4, 'type': 1}, {'idp': 16, 'x': 5.97, 'y': 0.17, 'r': 0.4, 'type': 1}]
31545,1398693985.197695,[{'idp': 6, 'x': 4.144, 'y': -0.807, 'r': 0.4, 'type': 1}, {'idp': 7, 'x': 3.102, 'y': -0.877, 'r': 0.4, 'type': 1}, {'idp': 12, 'x': 5.619, 'y': 1.029, 'r': 0.4, 'type': 1}, {'idp': 13, 'x': 1.01, 'y': 0.635, 'r': 0.4, 'type': 1}, {'idp': 14, 'x': 3.688, 'y': 0.527, 'r': 0.4, 'type': 1}, {'idp': 15, 'x': 5.058, 'y': -0.134, 'r': 0.4, 'type': 1}, {'idp': 16, 'x': 5.946, 'y': 0.169, 'r': 0.4, 'type': 1}]
31546,1398693985.2377303,[{'idp': 6, 'x': 4.163, 'y': -0.821, 'r': 0.4, 'type': 1}, {'idp': 7, 'x': 3.105, 'y': -0.893, 'r': 0.4, 'type': 1}, {'idp': 12, 'x': 5.614, 'y': 1.028, 'r': 0.4, 'type': 1}, {'idp': 13, 'x': 0.971, 'y': 0.632, 'r': 0.4, 'type': 1}, {'idp': 14, 'x': 3.683, 'y': 0.535, 'r': 0.4, 'type': 1}, {'idp': 15, 'x': 4.989, 'y': -0.109, 'r': 0.4, 'type': 1}, {'idp': 16, 'x': 5.919, 'y': 0.168, 'r': 0.4, 'type': 1}]
31547,1398693985.2377615,[{'idp': 6, 'x': 4.154, 'y': -0.829, 'r': 0.4, 'type': 1}, {'idp': 7, 'x': 3.118, 'y': -0.903, 'r': 0.4, 'type': 1}, {'idp': 12, 'x': 5.593, 'y': 1.049, 'r': 0.4, 'type': 1}, {'idp': 13, 'x': 0.927, 'y': 0.626, 'r': 0.4, 'type': 1}, {'idp': 14, 'x': 3.698, 'y': 0.554, 'r': 0.4, 'type': 1}, {'idp': 15, 'x': 4.952, 'y': -0.109, 'r': 0.4, 'type': 1}, {'idp': 16, 'x': 5.903, 'y': 0.155, 'r': 0.4, 'type': 1}]
31548,1398693985.2776582,[{'idp': 6, 'x': 4.139, 'y': -0.816, 'r': 0.4, 'type': 1}, {'idp': 7, 'x': 3.114, 'y': -0.895, 'r': 0.4, 'type': 1}, {'idp': 12, 'x': 5.619, 'y': 1.08, 'r': 0.4, 'type': 1}, {'idp': 13, 'x': 0.862, 'y': 0.616, 'r': 0.4, 'type': 1}, {'idp': 14, 'x': 3.664, 'y': 0.557, 'r': 0.4, 'type': 1}, {'idp': 15, 'x': 4.901, 'y': -0.107, 'r': 0.4, 'type': 1}, {'idp': 16, 'x': 5.877, 'y': 0.154, 'r': 0.4, 'type': 1}]
31549,1398693985.2847893,[{'idp': 6, 'x': 4.147, 'y': -0.818, 'r': 0.4, 'type': 1}, {'idp': 7, 'x': 3.123, 'y': -0.898, 'r': 0.4, 'type': 1}, {'idp': 12, 'x': 5.584, 'y': 1.098, 'r': 0.4, 'type': 1}, {'idp': 13, 'x': 0.781, 'y': 0.588, 'r': 0.4, 'type': 1}, {'idp': 14, 'x': 3.639, 'y': 0.561, 'r': 0.4, 'type': 1}, {'idp': 15, 'x': 4.853, 'y': -0.085, 'r': 0.4, 'type': 1}, {'idp': 16, 'x': 5.86, 'y': 0.179, 'r': 0.4, 'type': 1}]
31550,1398693985.3216465,[{'idp': 6, 'x': 4.135, 'y': -0.796, 'r': 0.4, 'type': 1}, {'idp': 7, 'x': 3.132, 'y': -0.885, 'r': 0.4, 'type': 1}, {'idp': 12, 'x': 5.584, 'y': 1.098, 'r': 0.4, 'type': 1}, {'idp': 13, 'x': 0.671, 'y': 0.536, 'r': 0.4, 'type': 1}, {'idp': 14, 'x': 3.602, 'y': 0.587, 'r': 0.4, 'type': 1}, {'idp': 15, 'x': 4.845, 'y': -0.074, 'r': 0.4, 'type': 1}, {'idp': 16, 'x': 5.797, 'y': 0.178, 'r': 0.4, 'type': 1}]
31551,1398693985.3616729,[{'idp': 6, 'x': 4.129, 'y': -0.795, 'r': 0.4, 'type': 1}, {'idp': 7, 'x': 3.161, 'y': -0.901, 'r': 0.4, 'type': 1}, {'idp': 12, 'x': 5.584, 'y': 1.098, 'r': 0.4, 'type': 1}, {'idp': 13, 'x': 0.672, 'y': 0.57, 'r': 0.4, 'type': 1}, {'idp': 14, 'x': 3.56, 'y': 0.596, 'r': 0.4, 'type': 1}, {'idp': 15, 'x': 4.859, 'y': -0.052, 'r': 0.4, 'type': 1}, {'idp': 16, 'x': 5.762, 'y': 0.202, 'r': 0.4, 'type': 1}]
31552,1398693985.3617046,[{'idp': 6, 'x': 4.141, 'y': -0.817, 'r': 0.4, 'type': 1}, {'idp': 7, 'x': 3.178, 'y': -0.913, 'r': 0.4, 'type': 1}, {'idp': 12, 'x': 5.584, 'y': 1.098, 'r': 0.4, 'type': 1}, {'idp': 13, 'x': 0.666, 'y': 0.595, 'r': 0.4, 'type': 1}, {'idp': 14, 'x': 3.524, 'y': 0.582, 'r': 0.4, 'type': 1}, {'idp': 15, 'x': 4.849, 'y': -0.031, 'r': 0.4, 'type': 1}, {'idp': 16, 'x': 5.8, 'y': 0.228, 'r': 0.4, 'type': 1}]
31553,1398693985.401736,[{'idp': 6, 'x': 4.126, 'y': -0.823, 'r': 0.4, 'type': 1}, {'idp': 7, 'x': 3.197, 'y': -0.926, 'r': 0.4, 'type': 1}, {'idp': 12, 'x': 5.584, 'y': 1.098, 'r': 0.4, 'type': 1}, {'idp': 13, 'x': 0.646, 'y': 0.611, 'r': 0.4, 'type': 1}, {'idp': 14, 'x': 3.496, 'y': 0.592, 'r': 0.4, 'type': 1}, {'idp': 15, 'x': 4.822, 'y': -0.031, 'r': 0.4, 'type': 1}, {'idp': 16, 'x': 5.749, 'y': 0.213, 'r': 0.4, 'type': 1}]
31554,1398693985.4083445,[{'idp': 6, 'x': 4.128, 'y': -0.833, 'r': 0.4, 'type': 1}, {'idp': 7, 'x': 3.211, 'y': -0.938, 'r': 0.4, 'type': 1}, {'idp': 12, 'x': 5.462, 'y': 0.951, 'r': 0.4, 'type': 1}, {'idp': 13, 'x': 0.622, 'y': 0.631, 'r': 0.4, 'type': 1}, {'idp': 14, 'x': 3.457, 'y': 0.601, 'r': 0.4, 'type': 1}, {'idp': 15, 'x': 4.796, 'y': -0.031, 'r': 0.4, 'type': 1}, {'idp': 16, 'x': 5.734, 'y': 0.213, 'r': 0.4, 'type': 1}]
31555,1398693985.4456856,[{'idp': 6, 'x': 4.126, 'y': -0.814, 'r': 0.4, 'type': 1}, {'idp': 7, 'x': 3.226, 'y': -0.934, 'r': 0.4, 'type': 1}, {'idp': 12, 'x': 5.452, 'y': 0.986, 'r': 0.4, 'type': 1}, {'idp': 13, 'x': 0.589, 'y': 0.64, 'r': 0.4, 'type': 1}, {'idp': 14, 'x': 3.415, 'y': 0.616, 'r': 0.4, 'type': 1}, {'idp': 15, 'x': 4.774, 'y': 0.001, 'r': 0.4, 'type': 1}, {'idp': 16, 'x': 5.75, 'y': 0.251, 'r': 0.4, 'type': 1}]
31556,1398693985.485702,[{'idp': 6, 'x': 4.125, 'y': -0.804, 'r': 0.4, 'type': 1}, {'idp': 7, 'x': 3.234, 'y': -0.929, 'r': 0.4, 'type': 1}, {'idp': 12, 'x': 5.458, 'y': 1.024, 'r': 0.4, 'type': 1}, {'idp': 13, 'x': 0.55, 'y': 0.641, 'r': 0.4, 'type': 1}, {'idp': 14, 'x': 3.37, 'y': 0.638, 'r': 0.4, 'type': 1}, {'idp': 15, 'x': 4.75, 'y': 0.021, 'r': 0.4, 'type': 1}, {'idp': 16, 'x': 5.722, 'y': 0.275, 'r': 0.4, 'type': 1}]
31557,1398693985.4857352,[{'idp': 6, 'x': 4.124, 'y': -0.804, 'r': 0.4, 'type': 1}, {'idp': 7, 'x': 3.243, 'y': -0.939, 'r': 0.4, 'type': 1}, {'idp': 12, 'x': 5.453, 'y': 1.035, 'r': 0.4, 'type': 1}, {'idp': 13, 'x': 0.512, 'y': 0.646, 'r': 0.4, 'type': 1}, {'idp': 14, 'x': 3.33, 'y': 0.638, 'r': 0.4, 'type': 1}, {'idp': 15, 'x': 4.719, 'y': 0.031, 'r': 0.4, 'type': 1}, {'idp': 16, 'x': 5.67, 'y': 0.285, 'r': 0.4, 'type': 1}]
31558,1398693985.5256906,[{'idp': 6, 'x': 4.125, 'y': -0.823, 'r': 0.4, 'type': 1}, {'idp': 7, 'x': 3.248, 'y': -0.956, 'r': 0.4, 'type': 1}, {'idp': 12, 'x': 5.438, 'y': 1.033, 'r': 0.4, 'type': 1}, {'idp': 13, 'x': 0.471, 'y': 0.643, 'r': 0.4, 'type': 1}, {'idp': 14, 'x': 3.278, 'y': 0.637, 'r': 0.4, 'type': 1}, {'idp': 15, 'x': 4.674, 'y': 0.041, 'r': 0.4, 'type': 1}, {'idp': 16, 'x': 5.678, 'y': 0.285, 'r': 0.4, 'type': 1}]
31559,1398693985.5338554,[{'idp': 6, 'x': 4.127, 'y': -0.823, 'r': 0.4, 'type': 1}, {'idp': 7, 'x': 3.249, 'y': -0.948, 'r': 0.4, 'type': 1}, {'idp': 12, 'x': 5.421, 'y': 1.054, 'r': 0.4, 'type': 1}, {'idp': 13, 'x': 0.446, 'y': 0.65, 'r': 0.4, 'type': 1}, {'idp': 14, 'x': 3.24, 'y': 0.653, 'r': 0.4, 'type': 1}, {'idp': 15, 'x': 4.638, 'y': 0.06, 'r': 0.4, 'type': 1}, {'idp': 16, 'x': 5.678, 'y': 0.285, 'r': 0.4, 'type': 1}]
31560,1398693985.5737038,[{'idp': 6, 'x': 4.142, 'y': -0.808, 'r': 0.4, 'type': 1}, {'idp': 7, 'x': 3.26, 'y': -0.936, 'r': 0.4, 'type': 1}, {'idp': 12, 'x': 5.42, 'y': 1.128, 'r': 0.4, 'type': 1}, {'idp': 13, 'x': 0.408, 'y': 0.659, 'r': 0.4, 'type': 1}, {'idp': 14, 'x': 3.205, 'y': 0.679, 'r': 0.4, 'type': 1}, {'idp': 15, 'x': 4.602, 'y': 0.11, 'r': 0.4, 'type': 1}, {'idp': 16, 'x': 5.678, 'y': 0.285, 'r': 0.4, 'type': 1}]
31561,1398693985.613744,[{'idp': 6, 'x': 4.127, 'y': -0.777, 'r': 0.4, 'type': 1}, {'idp': 7, 'x': 3.273, 'y': -0.924, 'r': 0.4, 'type': 1}, {'idp': 12, 'x': 5.399, 'y': 1.148, 'r': 0.4, 'type': 1}, {'idp': 13, 'x': 0.369, 'y': 0.669, 'r': 0.4, 'type': 1}, {'idp': 14, 'x': 3.189, 'y': 0.685, 'r': 0.4, 'type': 1}, {'idp': 15, 'x': 4.568, 'y': 0.148, 'r': 0.4, 'type': 1}, {'idp': 16, 'x': 5.722, 'y': 0.187, 'r': 0.4, 'type': 1}]
31562,1398693985.6137726,[{'idp': 6, 'x': 4.153, 'y': -0.801, 'r': 0.4, 'type': 1}, {'idp': 7, 'x': 3.276, 'y': -0.932, 'r': 0.4, 'type': 1}, {'idp': 12, 'x': 5.383, 'y': 1.144, 'r': 0.4, 'type': 1}, {'idp': 13, 'x': 0.328, 'y': 0.676, 'r': 0.4, 'type': 1}, {'idp': 14, 'x': 3.166, 'y': 0.678, 'r': 0.4, 'type': 1}, {'idp': 15, 'x': 4.544, 'y': 0.154, 'r': 0.4, 'type': 1}, {'idp': 16, 'x': 5.68, 'y': 0.223, 'r': 0.4, 'type': 1}]
31563,1398693985.6536853,[{'idp': 6, 'x': 4.138, 'y': -0.798, 'r': 0.4, 'type': 1}, {'idp': 7, 'x': 3.281, 'y': -0.948, 'r': 0.4, 'type': 1}, {'idp': 12, 'x': 5.391, 'y': 1.134, 'r': 0.4, 'type': 1}, {'idp': 13, 'x': 0.284, 'y': 0.677, 'r': 0.4, 'type': 1}, {'idp': 14, 'x': 3.121, 'y': 0.68, 'r': 0.4, 'type': 1}, {'idp': 15, 'x': 4.503, 'y': 0.155, 'r': 0.4, 'type': 1}, {'idp': 16, 'x': 5.661, 'y': 0.198, 'r': 0.4, 'type': 1}]
31564,1398693985.6579585,[{'idp': 6, 'x': 4.161, 'y': -0.821, 'r': 0.4, 'type': 1}, {'idp': 7, 'x': 3.283, 'y': -0.956, 'r': 0.4, 'type': 1}, {'idp': 12, 'x': 5.383, 'y': 1.132, 'r': 0.4, 'type': 1}, {'idp': 13, 'x': 0.26, 'y': 0.679, 'r': 0.4, 'type': 1}, {'idp': 14, 'x': 3.092, 'y': 0.674, 'r': 0.4, 'type': 1}, {'idp': 15, 'x': 4.466, 'y': 0.163, 'r': 0.4, 'type': 1}, {'idp': 16, 'x': 5.662, 'y': 0.21, 'r': 0.4, 'type': 1}]
31565,1398693985.6977293,[{'idp': 6, 'x': 4.169, 'y': -0.813, 'r': 0.4, 'type': 1}, {'idp': 7, 'x': 3.301, 'y': -0.944, 'r': 0.4, 'type': 1}, {'idp': 12, 'x': 5.366, 'y': 1.153, 'r': 0.4, 'type': 1}, {'idp': 13, 'x': 0.214, 'y': 0.663, 'r': 0.4, 'type': 1}, {'idp': 14, 'x': 3.055, 'y': 0.685, 'r': 0.4, 'type': 1}, {'idp': 15, 'x': 4.455, 'y': 0.168, 'r': 0.4, 'type': 1}, {'idp': 16, 'x': 5.645, 'y': 0.234, 'r': 0.4, 'type': 1}]
31566,1398693985.737668,[{'idp': 6, 'x': 4.165, 'y': -0.802, 'r': 0.4, 'type': 1}, {'idp': 7, 'x': 3.289, 'y': -0.943, 'r': 0.4, 'type': 1}, {'idp': 12, 'x': 5.362, 'y': 1.164, 'r': 0.4, 'type': 1}, {'idp': 13, 'x': 0.154, 'y': 0.646, 'r': 0.4, 'type': 1}, {'idp': 14, 'x': 3.01, 'y': 0.698, 'r': 0.4, 'type': 1}, {'idp': 15, 'x': 4.404, 'y': 0.202, 'r': 0.4, 'type': 1}, {'idp': 16, 'x': 5.618, 'y': 0.245, 'r': 0.4, 'type': 1}]
31567,1398693985.737697,[{'idp': 6, 'x': 4.169, 'y': -0.784, 'r': 0.4, 'type': 1}, {'idp': 7, 'x': 3.297, 'y': -0.938, 'r': 0.4, 'type': 1}, {'idp': 12, 'x': 5.362, 'y': 1.164, 'r': 0.4, 'type': 1}, {'idp': 13, 'x': 0.103, 'y': 0.621, 'r': 0.4, 'type': 1}, {'idp': 14, 'x': 2.97, 'y': 0.701, 'r': 0.4, 'type': 1}, {'idp': 15, 'x': 4.38, 'y': 0.22, 'r': 0.4, 'type': 1}, {'idp': 16, 'x': 5.621, 'y': 0.27, 'r': 0.4, 'type': 1}]
31568,1398693985.777723,[{'idp': 6, 'x': 4.175, 'y': -0.766, 'r': 0.4, 'type': 1}, {'idp': 7, 'x': 3.308, 'y': -0.923, 'r': 0.4, 'type': 1}, {'idp': 12, 'x': 5.362, 'y': 1.164, 'r': 0.4, 'type': 1}, {'idp': 13, 'x': 0.058, 'y': 0.571, 'r': 0.4, 'type': 1}, {'idp': 14, 'x': 2.934, 'y': 0.721, 'r': 0.4, 'type': 1}, {'idp': 15, 'x': 4.355, 'y': 0.237, 'r': 0.4, 'type': 1}, {'idp': 16, 'x': 5.611, 'y': 0.294, 'r': 0.4, 'type': 1}]
31569,1398693985.7828188,[{'idp': 6, 'x': 4.174, 'y': -0.765, 'r': 0.4, 'type': 1}, {'idp': 7, 'x': 3.305, 'y': -0.925, 'r': 0.4, 'type': 1}, {'idp': 12, 'x': 5.362, 'y': 1.164, 'r': 0.4, 'type': 1}, {'idp': 13, 'x': 0.052, 'y': 0.576, 'r': 0.4, 'type': 1}, {'idp': 14, 'x': 2.911, 'y': 0.714, 'r': 0.4, 'type': 1}, {'idp': 15, 'x': 4.325, 'y': 0.236, 'r': 0.4, 'type': 1}, {'idp': 16, 'x': 5.593, 'y': 0.293, 'r': 0.4, 'type': 1}]
31570,1398693985.8217025,[{'idp': 6, 'x': 4.195, 'y': -0.769, 'r': 0.4, 'type': 1}, {'idp': 7, 'x': 3.308, 'y': -0.932, 'r': 0.4, 'type': 1}, {'idp': 12, 'x': 5.362, 'y': 1.164, 'r': 0.4, 'type': 1}, {'idp': 13, 'x': 0.044, 'y': 0.572, 'r': 0.4, 'type': 1}, {'idp': 14, 'x': 2.887, 'y': 0.708, 'r': 0.4, 'type': 1}, {'idp': 15, 'x': 4.282, 'y': 0.259, 'r': 0.4, 'type': 1}, {'idp': 16, 'x': 5.577, 'y': 0.28, 'r': 0.4, 'type': 1}]
31571,1398693985.8616564,[{'idp': 6, 'x': 4.195, 'y': -0.769, 'r': 0.4, 'type': 1}, {'idp': 7, 'x': 3.304, 'y': -0.929, 'r': 0.4, 'type': 1}, {'idp': 12, 'x': 5.322, 'y': 0.998, 'r': 0.4, 'type': 1}, {'idp': 13, 'x': 0.038, 'y': 0.576, 'r': 0.4, 'type': 1}, {'idp': 14, 'x': 2.828, 'y': 0.723, 'r': 0.4, 'type': 1}, {'idp': 15, 'x': 4.272, 'y': 0.243, 'r': 0.4, 'type': 1}, {'idp': 16, 'x': 5.572, 'y': 0.292, 'r': 0.4, 'type': 1}]
31572,1398693985.8616867,[{'idp': 6, 'x': 4.206, 'y': -0.757, 'r': 0.4, 'type': 1}, {'idp': 7, 'x': 3.304, 'y': -0.939, 'r': 0.4, 'type': 1}, {'idp': 12, 'x': 5.313, 'y': 1.033, 'r': 0.4, 'type': 1}, {'idp': 13, 'x': 0.028, 'y': 0.578, 'r': 0.4, 'type': 1}, {'idp': 14, 'x': 2.775, 'y': 0.737, 'r': 0.4, 'type': 1}, {'idp': 15, 'x': 4.243, 'y': 0.244, 'r': 0.4, 'type': 1}, {'idp': 16, 'x': 5.55, 'y': 0.303, 'r': 0.4, 'type': 1}]
31573,1398693985.9017425,[{'idp': 6, 'x': 4.25, 'y': -0.734, 'r': 0.4, 'type': 1}, {'idp': 7, 'x': 3.299, 'y': -0.926, 'r': 0.4, 'type': 1}, {'idp': 12, 'x': 5.281, 'y': 1.074, 'r': 0.4, 'type': 1}, {'idp': 13, 'x': 0.018, 'y': 0.593, 'r': 0.4, 'type': 1}, {'idp': 14, 'x': 2.73, 'y': 0.751, 'r': 0.4, 'type': 1}, {'idp': 15, 'x': 4.206, 'y': 0.281, 'r': 0.4, 'type': 1}, {'idp': 16, 'x': 5.547, 'y': 0.351, 'r': 0.4, 'type': 1}]
31574,1398693985.9073737,[{'idp': 6, 'x': 4.275, 'y': -0.707, 'r': 0.4, 'type': 1}, {'idp': 7, 'x': 3.302, 'y': -0.911, 'r': 0.4, 'type': 1}, {'idp': 12, 'x': 5.319, 'y': 1.144, 'r': 0.4, 'type': 1}, {'idp': 13, 'x': 0.01, 'y': 0.621, 'r': 0.4, 'type': 1}, {'idp': 14, 'x': 2.678, 'y': 0.775, 'r': 0.4, 'type': 1}, {'idp': 15, 'x': 4.164, 'y': 0.304, 'r': 0.4, 'type': 1}, {'idp': 16, 'x': 5.547, 'y': 0.351, 'r': 0.4, 'type': 1}]
31575,1398693985.9457505,[{'idp': 6, 'x': 4.301, 'y': -0.7, 'r': 0.4, 'type': 1}, {'idp': 7, 'x': 3.322, 'y': -0.907, 'r': 0.4, 'type': 1}, {'idp': 12, 'x': 5.337, 'y': 1.172, 'r': 0.4, 'type': 1}, {'idp': 13, 'x': 0.01, 'y': 0.621, 'r': 0.4, 'type': 1}, {'idp': 14, 'x': 2.626, 'y': 0.773, 'r': 0.4, 'type': 1}, {'idp': 15, 'x': 4.118, 'y': 0.332, 'r': 0.4, 'type': 1}, {'idp': 16, 'x': 5.547, 'y': 0.351, 'r': 0.4, 'type': 1}]
31576,1398693985.9857502,[{'idp': 6, 'x': 4.304, 'y': -0.712, 'r': 0.4, 'type': 1}, {'idp': 7, 'x': 3.324, 'y': -0.923, 'r': 0.4, 'type': 1}, {'idp': 12, 'x': 5.351, 'y': 1.151, 'r': 0.4, 'type': 1}, {'idp': 13, 'x': 0.01, 'y': 0.621, 'r': 0.4, 'type': 1}, {'idp': 14, 'x': 2.569, 'y': 0.762, 'r': 0.4, 'type': 1}, {'idp': 15, 'x': 4.076, 'y': 0.321, 'r': 0.4, 'type': 1}, {'idp': 16, 'x': 5.547, 'y': 0.351, 'r': 0.4, 'type': 1}]
31577,1398693985.9857814,[{'idp': 6, 'x': 4.325, 'y': -0.743, 'r': 0.4, 'type': 1}, {'idp': 7, 'x': 3.328, 'y': -0.93, 'r': 0.4, 'type': 1}, {'idp': 12, 'x': 5.355, 'y': 1.165, 'r': 0.4, 'type': 1}, {'idp': 13, 'x': 0.01, 'y': 0.621, 'r': 0.4, 'type': 1}, {'idp': 14, 'x': 2.478, 'y': 0.741, 'r': 0.4, 'type': 1}, {'idp': 15, 'x': 4.051, 'y': 0.337, 'r': 0.4, 'type': 1}, {'idp': 16, 'x': 5.491, 'y': 0.192, 'r': 0.4, 'type': 1}]
31578,1398693986.0257077,[{'idp': 6, 'x': 4.354, 'y': -0.726, 'r': 0.4, 'type': 1}, {'idp': 7, 'x': 3.334, 'y': -0.931, 'r': 0.4, 'type': 1}, {'idp': 12, 'x': 5.342, 'y': 1.15, 'r': 0.4, 'type': 1}, {'idp': 13, 'x': 0.01, 'y': 0.621, 'r': 0.4, 'type': 1}, {'idp': 14, 'x': 2.405, 'y': 0.735, 'r': 0.4, 'type': 1}, {'idp': 15, 'x': 4.018, 'y': 0.352, 'r': 0.4, 'type': 1}, {'idp': 16, 'x': 5.404, 'y': 0.2, 'r': 0.4, 'type': 1}]
31579,1398693986.0328603,[{'idp': 6, 'x': 4.332, 'y': -0.732, 'r': 0.4, 'type': 1}, {'idp': 7, 'x': 3.319, 'y': -0.933, 'r': 0.4, 'type': 1}, {'idp': 12, 'x': 5.325, 'y': 1.158, 'r': 0.4, 'type': 1}, {'idp': 13, 'x': 0.01, 'y': 0.621, 'r': 0.4, 'type': 1}, {'idp': 14, 'x': 2.379, 'y': 0.755, 'r': 0.4, 'type': 1}, {'idp': 15, 'x': 3.963, 'y': 0.374, 'r': 0.4, 'type': 1}, {'idp': 16, 'x': 5.329, 'y': 0.244, 'r': 0.4, 'type': 1}]
31580,1398693986.0696461,[{'idp': 6, 'x': 4.316, 'y': -0.701, 'r': 0.4, 'type': 1}, {'idp': 7, 'x': 3.338, 'y': -0.919, 'r': 0.4, 'type': 1}, {'idp': 12, 'x': 5.318, 'y': 1.181, 'r': 0.4, 'type': 1}, {'idp': 13, 'x': 0.01, 'y': 0.621, 'r': 0.4, 'type': 1}, {'idp': 14, 'x': 2.369, 'y': 0.773, 'r': 0.4, 'type': 1}, {'idp': 15, 'x': 3.92, 'y': 0.405, 'r': 0.4, 'type': 1}, {'idp': 16, 'x': 5.308, 'y': 0.278, 'r': 0.4, 'type': 1}]
31581,1398693986.1096804,[{'idp': 6, 'x': 4.367, 'y': -0.692, 'r': 0.4, 'type': 1}, {'idp': 7, 'x': 3.335, 'y': -0.912, 'r': 0.4, 'type': 1}, {'idp': 12, 'x': 5.307, 'y': 1.191, 'r': 0.4, 'type': 1}, {'idp': 13, 'x': 0.01, 'y': 0.621, 'r': 0.4, 'type': 1}, {'idp': 14, 'x': 2.335, 'y': 0.784, 'r': 0.4, 'type': 1}, {'idp': 15, 'x': 3.871, 'y': 0.408, 'r': 0.4, 'type': 1}, {'idp': 16, 'x': 5.288, 'y': 0.288, 'r': 0.4, 'type': 1}]
31582,1398693986.109714,[{'idp': 6, 'x': 4.333, 'y': -0.704, 'r': 0.4, 'type': 1}, {'idp': 7, 'x': 3.341, 'y': -0.914, 'r': 0.4, 'type': 1}, {'idp': 12, 'x': 5.297, 'y': 1.176, 'r': 0.4, 'type': 1}, {'idp': 13, 'x': 0.01, 'y': 0.621, 'r': 0.4, 'type': 1}, {'idp': 14, 'x': 2.314, 'y': 0.782, 'r': 0.4, 'type': 1}, {'idp': 15, 'x': 3.808, 'y': 0.402, 'r': 0.4, 'type': 1}, {'idp': 16, 'x': 5.273, 'y': 0.288, 'r': 0.4, 'type': 1}]
31583,1398693986.149815,[{'idp': 6, 'x': 4.383, 'y': -0.706, 'r': 0.4, 'type': 1}, {'idp': 7, 'x': 3.346, 'y': -0.907, 'r': 0.4, 'type': 1}, {'idp': 12, 'x': 5.287, 'y': 1.174, 'r': 0.4, 'type': 1}, {'idp': 13, 'x': 0.01, 'y': 0.621, 'r': 0.4, 'type': 1}, {'idp': 14, 'x': 2.283, 'y': 0.794, 'r': 0.4, 'type': 1}, {'idp': 15, 'x': 3.754, 'y': 0.437, 'r': 0.4, 'type': 1}, {'idp': 16, 'x': 5.263, 'y': 0.287, 'r': 0.4, 'type': 1}]
31584,1398693986.1566548,[{'idp': 6, 'x': 4.361, 'y': -0.684, 'r': 0.4, 'type': 1}, {'idp': 7, 'x': 3.356, 'y': -0.894, 'r': 0.4, 'type': 1}, {'idp': 12, 'x': 5.259, 'y': 1.216, 'r': 0.4, 'type': 1}, {'idp': 13, 'x': 0.01, 'y': 0.621, 'r': 0.4, 'type': 1}, {'idp': 14, 'x': 2.272, 'y': 0.812, 'r': 0.4, 'type': 1}, {'idp': 15, 'x': 3.666, 'y': 0.45, 'r': 0.4, 'type': 1}, {'idp': 16, 'x': 5.246, 'y': 0.309, 'r': 0.4, 'type': 1}]
31585,1398693986.1936738,[{'idp': 6, 'x': 4.368, 'y': -0.667, 'r': 0.4, 'type': 1}, {'idp': 7, 'x': 3.368, 'y': -0.872, 'r': 0.4, 'type': 1}, {'idp': 12, 'x': 5.25, 'y': 1.238, 'r': 0.4, 'type': 1}, {'idp': 13, 'x': 0.01, 'y': 0.621, 'r': 0.4, 'type': 1}, {'idp': 14, 'x': 2.235, 'y': 0.825, 'r': 0.4, 'type': 1}, {'idp': 15, 'x': 3.606, 'y': 0.475, 'r': 0.4, 'type': 1}, {'idp': 16, 'x': 5.225, 'y': 0.331, 'r': 0.4, 'type': 1}]
31586,1398693986.233667,[{'idp': 6, 'x': 4.357, 'y': -0.654, 'r': 0.4, 'type': 1}, {'idp': 7, 'x': 3.359, 'y': -0.887, 'r': 0.4, 'type': 1}, {'idp': 12, 'x': 5.246, 'y': 1.225, 'r': 0.4, 'type': 1}, {'idp': 13, 'x': 0.01, 'y': 0.621, 'r': 0.4, 'type': 1}, {'idp': 14, 'x': 2.221, 'y': 0.815, 'r': 0.4, 'type': 1}, {'idp': 15, 'x': 3.623, 'y': 0.476, 'r': 0.4, 'type': 1}, {'idp': 16, 'x': 5.201, 'y': 0.307, 'r': 0.4, 'type': 1}]
31587,1398693986.2336974,[{'idp': 6, 'x': 4.343, 'y': -0.689, 'r': 0.4, 'type': 1}, {'idp': 7, 'x': 3.382, 'y': -0.889, 'r': 0.4, 'type': 1}, {'idp': 12, 'x': 5.243, 'y': 1.2, 'r': 0.4, 'type': 1}, {'idp': 13, 'x': 0.01, 'y': 0.621, 'r': 0.4, 'type': 1}, {'idp': 14, 'x': 2.169, 'y': 0.807, 'r': 0.4, 'type': 1}, {'idp': 15, 'x': 3.607, 'y': 0.473, 'r': 0.4, 'type': 1}, {'idp': 16, 'x': 5.18, 'y': 0.294, 'r': 0.4, 'type': 1}]
31588,1398693986.2737179,[{'idp': 6, 'x': 4.416, 'y': -0.678, 'r': 0.4, 'type': 1}, {'idp': 7, 'x': 3.381, 'y': -0.872, 'r': 0.4, 'type': 1}, {'idp': 12, 'x': 5.227, 'y': 1.184, 'r': 0.4, 'type': 1}, {'idp': 13, 'x': 0.01, 'y': 0.621, 'r': 0.4, 'type': 1}, {'idp': 14, 'x': 2.087, 'y': 0.809, 'r': 0.4, 'type': 1}, {'idp': 15, 'x': 3.58, 'y': 0.485, 'r': 0.4, 'type': 1}, {'idp': 16, 'x': 5.179, 'y': 0.305, 'r': 0.4, 'type': 1}]
31589,1398693986.2819943,[{'idp': 6, 'x': 4.409, 'y': -0.626, 'r': 0.4, 'type': 1}, {'idp': 7, 'x': 3.401, 'y': -0.836, 'r': 0.4, 'type': 1}, {'idp': 12, 'x': 5.212, 'y': 1.217, 'r': 0.4, 'type': 1}, {'idp': 13, 'x': 0.01, 'y': 0.621, 'r': 0.4, 'type': 1}, {'idp': 14, 'x': 2.04, 'y': 0.822, 'r': 0.4, 'type': 1}, {'idp': 15, 'x': 3.549, 'y': 0.521, 'r': 0.4, 'type': 1}, {'idp': 16, 'x': 5.172, 'y': 0.35, 'r': 0.4, 'type': 1}]
31590,1398693986.3216643,[{'idp': 6, 'x': 4.435, 'y': -0.622, 'r': 0.4, 'type': 1}, {'idp': 7, 'x': 3.406, 'y': -0.825, 'r': 0.4, 'type': 1}, {'idp': 12, 'x': 5.194, 'y': 1.261, 'r': 0.4, 'type': 1}, {'idp': 13, 'x': 0.01, 'y': 0.621, 'r': 0.4, 'type': 1}, {'idp': 14, 'x': 1.99, 'y': 0.839, 'r': 0.4, 'type': 1}, {'idp': 15, 'x': 3.52, 'y': 0.563, 'r': 0.4, 'type': 1}, {'idp': 16, 'x': 5.162, 'y': 0.372, 'r': 0.4, 'type': 1}]
31591,1398693986.3617675,[{'idp': 6, 'x': 4.421, 'y': -0.62, 'r': 0.4, 'type': 1}, {'idp': 7, 'x': 3.41, 'y': -0.819, 'r': 0.4, 'type': 1}, {'idp': 12, 'x': 5.193, 'y': 1.273, 'r': 0.4, 'type': 1}, {'idp': 13, 'x': 0.01, 'y': 0.621, 'r': 0.4, 'type': 1}, {'idp': 14, 'x': 1.971, 'y': 0.858, 'r': 0.4, 'type': 1}, {'idp': 15, 'x': 3.51, 'y': 0.561, 'r': 0.4, 'type': 1}, {'idp': 16, 'x': 5.142, 'y': 0.371, 'r': 0.4, 'type': 1}]
31592,1398693986.3618,[{'idp': 6, 'x': 4.422, 'y': -0.64, 'r': 0.4, 'type': 1}, {'idp': 7, 'x': 3.405, 'y': -0.834, 'r': 0.4, 'type': 1}, {'idp': 12, 'x': 5.19, 'y': 1.26, 'r': 0.4, 'type': 1}, {'idp': 13, 'x': 0.01, 'y': 0.621, 'r': 0.4, 'type': 1}, {'idp': 14, 'x': 1.966, 'y': 0.861, 'r': 0.4, 'type': 1}, {'idp': 15, 'x': 3.484, 'y': 0.55, 'r': 0.4, 'type': 1}, {'idp': 16, 'x': 5.142, 'y': 0.348, 'r': 0.4, 'type': 1}]
31593,1398693986.401758,[{'idp': 6, 'x': 4.415, 'y': -0.659, 'r': 0.4, 'type': 1}, {'idp': 7, 'x': 3.404, 'y': -0.842, 'r': 0.4, 'type': 1}, {'idp': 12, 'x': 5.182, 'y': 1.234, 'r': 0.4, 'type': 1}, {'idp': 13, 'x': 0.01, 'y': 0.621, 'r': 0.4, 'type': 1}, {'idp': 14, 'x': 1.938, 'y': 0.87, 'r': 0.4, 'type': 1}, {'idp': 15, 'x': 3.448, 'y': 0.544, 'r': 0.4, 'type': 1}, {'idp': 16, 'x': 5.13, 'y': 0.325, 'r': 0.4, 'type': 1}]
31594,1398693986.405999,[{'idp': 6, 'x': 4.388, 'y': -0.661, 'r': 0.4, 'type': 1}, {'idp': 7, 'x': 3.418, 'y': -0.845, 'r': 0.4, 'type': 1}, {'idp': 12, 'x': 5.179, 'y': 1.233, 'r': 0.4, 'type': 1}, {'idp': 13, 'x': 0.01, 'y': 0.621, 'r': 0.4, 'type': 1}, {'idp': 14, 'x': 1.906, 'y': 0.87, 'r': 0.4, 'type': 1}, {'idp': 15, 'x': 3.448, 'y': 0.544, 'r': 0.4, 'type': 1}, {'idp': 16, 'x': 5.11, 'y': 0.324, 'r': 0.4, 'type': 1}]
31595,1398693986.4457433,[{'idp': 6, 'x': 4.401, 'y': -0.644, 'r': 0.4, 'type': 1}, {'idp': 7, 'x': 3.407, 'y': -0.835, 'r': 0.4, 'type': 1}, {'idp': 12, 'x': 5.163, 'y': 1.253, 'r': 0.4, 'type': 1}, {'idp': 13, 'x': 0.01, 'y': 0.621, 'r': 0.4, 'type': 1}, {'idp': 14, 'x': 1.873, 'y': 0.885, 'r': 0.4, 'type': 1}, {'idp': 15, 'x': 3.346, 'y': 0.567, 'r': 0.4, 'type': 1}, {'idp': 16, 'x': 5.115, 'y': 0.346, 'r': 0.4, 'type': 1}]
31596,1398693986.4857104,[{'idp': 6, 'x': 4.374, 'y': -0.64, 'r': 0.4, 'type': 1}, {'idp': 7, 'x': 3.397, 'y': -0.825, 'r': 0.4, 'type': 1}, {'idp': 12, 'x': 5.147, 'y': 1.261, 'r': 0.4, 'type': 1}, {'idp': 13, 'x': 0.01, 'y': 0.621, 'r': 0.4, 'type': 1}, {'idp': 14, 'x': 1.835, 'y': 0.89, 'r': 0.4, 'type': 1}, {'idp': 15, 'x': 3.323, 'y': 0.586, 'r': 0.4, 'type': 1}, {'idp': 16, 'x': 5.114, 'y': 0.358, 'r': 0.4, 'type': 1}]
31597,1398693986.4857395,[{'idp': 6, 'x': 4.325, 'y': -0.65, 'r': 0.4, 'type': 1}, {'idp': 7, 'x': 3.399, 'y': -0.824, 'r': 0.4, 'type': 1}, {'idp': 12, 'x': 5.135, 'y': 1.247, 'r': 0.4, 'type': 1}, {'idp': 13, 'x': 0.01, 'y': 0.621, 'r': 0.4, 'type': 1}, {'idp': 14, 'x': 1.806, 'y': 0.895, 'r': 0.4, 'type': 1}, {'idp': 15, 'x': 3.294, 'y': 0.589, 'r': 0.4, 'type': 1}, {'idp': 16, 'x': 5.084, 'y': 0.344, 'r': 0.4, 'type': 1}]
31598,1398693986.5257554,[{'idp': 6, 'x': 4.339, 'y': -0.671, 'r': 0.4, 'type': 1}, {'idp': 7, 'x': 3.38, 'y': -0.828, 'r': 0.4, 'type': 1}, {'idp': 12, 'x': 5.143, 'y': 1.284, 'r': 0.4, 'type': 1}, {'idp': 13, 'x': 0.01, 'y': 0.621, 'r': 0.4, 'type': 1}, {'idp': 14, 'x': 1.761, 'y': 0.896, 'r': 0.4, 'type': 1}, {'idp': 15, 'x': 3.29, 'y': 0.611, 'r': 0.4, 'type': 1}, {'idp': 16, 'x': 5.07, 'y': 0.343, 'r': 0.4, 'type': 1}]
31599,1398693986.531873,[{'idp': 6, 'x': 4.312, 'y': -0.667, 'r': 0.4, 'type': 1}, {'idp': 7, 'x': 3.361, 'y': -0.816, 'r': 0.4, 'type': 1}, {'idp': 12, 'x': 5.158, 'y': 1.323, 'r': 0.4, 'type': 1}, {'idp': 13, 'x': 0.01, 'y': 0.621, 'r': 0.4, 'type': 1}, {'idp': 14, 'x': 1.726, 'y': 0.91, 'r': 0.4, 'type': 1}, {'idp': 15, 'x': 3.264, 'y': 0.628, 'r': 0.4, 'type': 1}, {'idp': 16, 'x': 5.086, 'y': 0.356, 'r': 0.4, 'type': 1}]
31600,1398693986.5696893,[{'idp': 6, 'x': 4.314, 'y': -0.672, 'r': 0.4, 'type': 1}, {'idp': 7, 'x': 3.351, 'y': -0.813, 'r': 0.4, 'type': 1}, {'idp': 12, 'x': 5.173, 'y': 1.35, 'r': 0.4, 'type': 1}, {'idp': 13, 'x': 0.01, 'y': 0.621, 'r': 0.4, 'type': 1}, {'idp': 14, 'x': 1.68, 'y': 0.909, 'r': 0.4, 'type': 1}, {'idp': 15, 'x': 3.243, 'y': 0.639, 'r': 0.4, 'type': 1}, {'idp': 16, 'x': 5.077, 'y': 0.355, 'r': 0.4, 'type': 1}]
31601,1398693986.6097217,[{'idp': 6, 'x': 4.3, 'y': -0.679, 'r': 0.4, 'type': 1}, {'idp': 7, 'x': 3.349, 'y': -0.821, 'r': 0.4, 'type': 1}, {'idp': 12, 'x': 5.186, 'y': 1.365, 'r': 0.4, 'type': 1}, {'idp': 13, 'x': 0.01, 'y': 0.621, 'r': 0.4, 'type': 1}, {'idp': 14, 'x': 1.647, 'y': 0.908, 'r': 0.4, 'type': 1}, {'idp': 15, 'x': 3.222, 'y': 0.649, 'r': 0.4, 'type': 1}, {'idp': 16, 'x': 5.057, 'y': 0.343, 'r': 0.4, 'type': 1}]
31602,1398693986.609749,[{'idp': 6, 'x': 4.295, 'y': -0.675, 'r': 0.4, 'type': 1}, {'idp': 7, 'x': 3.337, 'y': -0.825, 'r': 0.4, 'type': 1}, {'idp': 12, 'x': 5.178, 'y': 1.363, 'r': 0.4, 'type': 1}, {'idp': 13, 'x': 0.01, 'y': 0.621, 'r': 0.4, 'type': 1}, {'idp': 14, 'x': 1.612, 'y': 0.907, 'r': 0.4, 'type': 1}, {'idp': 15, 'x': 3.193, 'y': 0.643, 'r': 0.4, 'type': 1}, {'idp': 16, 'x': 5.055, 'y': 0.332, 'r': 0.4, 'type': 1}]
31603,1398693986.6496985,[{'idp': 6, 'x': 4.278, 'y': -0.667, 'r': 0.4, 'type': 1}, {'idp': 7, 'x': 3.32, 'y': -0.806, 'r': 0.4, 'type': 1}, {'idp': 12, 'x': 5.151, 'y': 1.404, 'r': 0.4, 'type': 1}, {'idp': 13, 'x': 0.01, 'y': 0.621, 'r': 0.4, 'type': 1}, {'idp': 14, 'x': 1.563, 'y': 0.918, 'r': 0.4, 'type': 1}, {'idp': 15, 'x': 3.166, 'y': 0.674, 'r': 0.4, 'type': 1}, {'idp': 16, 'x': 5.059, 'y': 0.354, 'r': 0.4, 'type': 1}]
31604,1398693986.655074,[{'idp': 6, 'x': 4.281, 'y': -0.636, 'r': 0.4, 'type': 1}, {'idp': 7, 'x': 3.336, 'y': -0.81, 'r': 0.4, 'type': 1}, {'idp': 12, 'x': 5.14, 'y': 1.462, 'r': 0.4, 'type': 1}, {'idp': 13, 'x': 0.01, 'y': 0.621, 'r': 0.4, 'type': 1}, {'idp': 14, 'x': 1.535, 'y': 0.925, 'r': 0.4, 'type': 1}, {'idp': 15, 'x': 3.124, 'y': 0.7, 'r': 0.4, 'type': 1}, {'idp': 16, 'x': 5.04, 'y': 0.375, 'r': 0.4, 'type': 1}]
31605,1398693986.6936808,[{'idp': 6, 'x': 4.301, 'y': -0.666, 'r': 0.4, 'type': 1}, {'idp': 7, 'x': 3.331, 'y': -0.793, 'r': 0.4, 'type': 1}, {'idp': 12, 'x': 4.974, 'y': 1.16, 'r': 0.4, 'type': 1}, {'idp': 13, 'x': 0.01, 'y': 0.621, 'r': 0.4, 'type': 1}, {'idp': 14, 'x': 1.505, 'y': 0.929, 'r': 0.4, 'type': 1}, {'idp': 15, 'x': 3.076, 'y': 0.717, 'r': 0.4, 'type': 1}, {'idp': 16, 'x': 5.012, 'y': 0.383, 'r': 0.4, 'type': 1}]
31606,1398693986.7336957,[{'idp': 6, 'x': 4.316, 'y': -0.657, 'r': 0.4, 'type': 1}, {'idp': 7, 'x': 3.34, 'y': -0.811, 'r': 0.4, 'type': 1}, {'idp': 12, 'x': 4.959, 'y': 1.202, 'r': 0.4, 'type': 1}, {'idp': 13, 'x': 0.01, 'y': 0.621, 'r': 0.4, 'type': 1}, {'idp': 14, 'x': 1.481, 'y': 0.932, 'r': 0.4, 'type': 1}, {'idp': 15, 'x': 3.029, 'y': 0.734, 'r': 0.4, 'type': 1}, {'idp': 16, 'x': 5.012, 'y': 0.405, 'r': 0.4, 'type': 1}]
31607,1398693986.73373,[{'idp': 6, 'x': 4.351, 'y': -0.647, 'r': 0.4, 'type': 1}, {'idp': 7, 'x': 3.341, 'y': -0.811, 'r': 0.4, 'type': 1}, {'idp': 12, 'x': 5.08, 'y': 1.279, 'r': 0.4, 'type': 1}, {'idp': 13, 'x': 0.01, 'y': 0.621, 'r': 0.4, 'type': 1}, {'idp': 14, 'x': 1.452, 'y': 0.932, 'r': 0.4, 'type': 1}, {'idp': 15, 'x': 2.997, 'y': 0.744, 'r': 0.4, 'type': 1}, {'idp': 16, 'x': 5.056, 'y': 0.397, 'r': 0.4, 'type': 1}]
31608,1398693986.7737164,[{'idp': 6, 'x': 4.352, 'y': -0.641, 'r': 0.4, 'type': 1}, {'idp': 7, 'x': 3.344, 'y': -0.796, 'r': 0.4, 'type': 1}, {'idp': 12, 'x': 5.097, 'y': 1.346, 'r': 0.4, 'type': 1}, {'idp': 13, 'x': 0.01, 'y': 0.621, 'r': 0.4, 'type': 1}, {'idp': 14, 'x': 1.422, 'y': 0.937, 'r': 0.4, 'type': 1}, {'idp': 15, 'x': 2.957, 'y': 0.76, 'r': 0.4, 'type': 1}, {'idp': 16, 'x': 5.098, 'y': 0.434, 'r': 0.4, 'type': 1}]
31609,1398693986.7800872,[{'idp': 6, 'x': 4.384, 'y': -0.635, 'r': 0.4, 'type': 1}, {'idp': 7, 'x': 3.352, 'y': -0.798, 'r': 0.4, 'type': 1}, {'idp': 12, 'x': 5.127, 'y': 1.386, 'r': 0.4, 'type': 1}, {'idp': 14, 'x': 1.385, 'y': 0.944, 'r': 0.4, 'type': 1}, {'idp': 15, 'x': 2.93, 'y': 0.767, 'r': 0.4, 'type': 1}, {'idp': 16, 'x': 5.137, 'y': 0.448, 'r': 0.4, 'type': 1}]
31610,1398693986.8177109,[{'idp': 6, 'x': 4.336, 'y': -0.638, 'r': 0.4, 'type': 1}, {'idp': 7, 'x': 3.365, 'y': -0.817, 'r': 0.4, 'type': 1}, {'idp': 12, 'x': 5.104, 'y': 1.392, 'r': 0.4, 'type': 1}, {'idp': 14, 'x': 1.354, 'y': 0.939, 'r': 0.4, 'type': 1}, {'idp': 15, 'x': 2.91, 'y': 0.768, 'r': 0.4, 'type': 1}, {'idp': 16, 'x': 5.138, 'y': 0.459, 'r': 0.4, 'type': 1}]
31611,1398693986.8576915,[{'idp': 6, 'x': 4.337, 'y': -0.66, 'r': 0.4, 'type': 1}, {'idp': 7, 'x': 3.376, 'y': -0.828, 'r': 0.4, 'type': 1}, {'idp': 12, 'x': 5.113, 'y': 1.37, 'r': 0.4, 'type': 1}, {'idp': 14, 'x': 1.319, 'y': 0.938, 'r': 0.4, 'type': 1}, {'idp': 15, 'x': 2.886, 'y': 0.761, 'r': 0.4, 'type': 1}, {'idp': 16, 'x': 5.146, 'y': 0.46, 'r': 0.4, 'type': 1}]
31612,1398693986.8577313,[{'idp': 6, 'x': 4.398, 'y': -0.677, 'r': 0.4, 'type': 1}, {'idp': 7, 'x': 3.383, 'y': -0.837, 'r': 0.4, 'type': 1}, {'idp': 12, 'x': 5.106, 'y': 1.392, 'r': 0.4, 'type': 1}, {'idp': 14, 'x': 1.289, 'y': 0.933, 'r': 0.4, 'type': 1}, {'idp': 15, 'x': 2.852, 'y': 0.784, 'r': 0.4, 'type': 1}, {'idp': 16, 'x': 5.143, 'y': 0.471, 'r': 0.4, 'type': 1}]
31613,1398693986.8977354,[{'idp': 6, 'x': 4.371, 'y': -0.673, 'r': 0.4, 'type': 1}, {'idp': 7, 'x': 3.399, 'y': -0.841, 'r': 0.4, 'type': 1}, {'idp': 12, 'x': 5.092, 'y': 1.388, 'r': 0.4, 'type': 1}, {'idp': 14, 'x': 1.25, 'y': 0.937, 'r': 0.4, 'type': 1}, {'idp': 15, 'x': 2.83, 'y': 0.779, 'r': 0.4, 'type': 1}, {'idp': 16, 'x': 5.161, 'y': 0.473, 'r': 0.4, 'type': 1}]
31614,1398693986.9052453,[{'idp': 6, 'x': 4.328, 'y': -0.657, 'r': 0.4, 'type': 1}, {'idp': 7, 'x': 3.413, 'y': -0.836, 'r': 0.4, 'type': 1}, {'idp': 12, 'x': 5.072, 'y': 1.321, 'r': 0.4, 'type': 1}, {'idp': 14, 'x': 1.213, 'y': 0.944, 'r': 0.4, 'type': 1}, {'idp': 15, 'x': 2.789, 'y': 0.806, 'r': 0.4, 'type': 1}, {'idp': 16, 'x': 5.167, 'y': 0.473, 'r': 0.4, 'type': 1}]
31615,1398693986.9416943,[{'idp': 6, 'x': 4.27, 'y': -0.639, 'r': 0.4, 'type': 1}, {'idp': 7, 'x': 3.425, 'y': -0.832, 'r': 0.4, 'type': 1}, {'idp': 12, 'x': 5.039, 'y': 1.379, 'r': 0.4, 'type': 1}, {'idp': 14, 'x': 1.171, 'y': 0.949, 'r': 0.4, 'type': 1}, {'idp': 15, 'x': 2.766, 'y': 0.816, 'r': 0.4, 'type': 1}, {'idp': 16, 'x': 5.168, 'y': 0.485, 'r': 0.4, 'type': 1}]
31616,1398693986.9816906,[{'idp': 6, 'x': 4.246, 'y': -0.645, 'r': 0.4, 'type': 1}, {'idp': 7, 'x': 3.428, 'y': -0.824, 'r': 0.4, 'type': 1}, {'idp': 12, 'x': 5.019, 'y': 1.327, 'r': 0.4, 'type': 1}, {'idp': 14, 'x': 1.129, 'y': 0.953, 'r': 0.4, 'type': 1}, {'idp': 15, 'x': 2.723, 'y': 0.839, 'r': 0.4, 'type': 1}, {'idp': 16, 'x': 5.16, 'y': 0.496, 'r': 0.4, 'type': 1}]
31617,1398693986.9817212,[{'idp': 6, 'x': 4.225, 'y': -0.622, 'r': 0.4, 'type': 1}, {'idp': 7, 'x': 3.439, 'y': -0.811, 'r': 0.4, 'type': 1}, {'idp': 12, 'x': 5.017, 'y': 1.288, 'r': 0.4, 'type': 1}, {'idp': 14, 'x': 1.084, 'y': 0.953, 'r': 0.4, 'type': 1}, {'idp': 15, 'x': 2.695, 'y': 0.847, 'r': 0.4, 'type': 1}, {'idp': 16, 'x': 5.163, 'y': 0.508, 'r': 0.4, 'type': 1}]
31618,1398693987.0217357,[{'idp': 6, 'x': 4.245, 'y': -0.624, 'r': 0.4, 'type': 1}, {'idp': 7, 'x': 3.446, 'y': -0.82, 'r': 0.4, 'type': 1}, {'idp': 12, 'x': 4.992, 'y': 1.172, 'r': 0.4, 'type': 1}, {'idp': 14, 'x': 1.037, 'y': 0.944, 'r': 0.4, 'type': 1}, {'idp': 15, 'x': 2.654, 'y': 0.851, 'r': 0.4, 'type': 1}, {'idp': 16, 'x': 5.169, 'y': 0.52, 'r': 0.4, 'type': 1}]
31619,1398693987.0298972,[{'idp': 6, 'x': 4.236, 'y': -0.651, 'r': 0.4, 'type': 1}, {'idp': 7, 'x': 3.453, 'y': -0.838, 'r': 0.4, 'type': 1}, {'idp': 12, 'x': 4.996, 'y': 1.119, 'r': 0.4, 'type': 1}, {'idp': 14, 'x': 0.984, 'y': 0.928, 'r': 0.4, 'type': 1}, {'idp': 15, 'x': 2.614, 'y': 0.846, 'r': 0.4, 'type': 1}, {'idp': 16, 'x': 5.178, 'y': 0.51, 'r': 0.4, 'type': 1}]
31620,1398693987.0697105,[{'idp': 6, 'x': 4.282, 'y': -0.676, 'r': 0.4, 'type': 1}, {'idp': 7, 'x': 3.453, 'y': -0.861, 'r': 0.4, 'type': 1}, {'idp': 12, 'x': 5.005, 'y': 1.098, 'r': 0.4, 'type': 1}, {'idp': 14, 'x': 0.913, 'y': 0.898, 'r': 0.4, 'type': 1}, {'idp': 15, 'x': 2.587, 'y': 0.829, 'r': 0.4, 'type': 1}, {'idp': 16, 'x': 5.188, 'y': 0.488, 'r': 0.4, 'type': 1}]
31621,1398693987.1097448,[{'idp': 6, 'x': 4.268, 'y': -0.693, 'r': 0.4, 'type': 1}, {'idp': 7, 'x': 3.426, 'y': -0.879, 'r': 0.4, 'type': 1}, {'idp': 12, 'x': 5.008, 'y': 1.099, 'r': 0.4, 'type': 1}, {'idp': 14, 'x': 0.89, 'y': 0.918, 'r': 0.4, 'type': 1}, {'idp': 15, 'x': 2.564, 'y': 0.824, 'r': 0.4, 'type': 1}, {'idp': 16, 'x': 5.178, 'y': 0.454, 'r': 0.4, 'type': 1}]
31622,1398693987.109775,[{'idp': 6, 'x': 4.246, 'y': -0.709, 'r': 0.4, 'type': 1}, {'idp': 7, 'x': 3.419, 'y': -0.884, 'r': 0.4, 'type': 1}, {'idp': 12, 'x': 5.024, 'y': 1.102, 'r': 0.4, 'type': 1}, {'idp': 14, 'x': 0.865, 'y': 0.934, 'r': 0.4, 'type': 1}, {'idp': 15, 'x': 2.543, 'y': 0.829, 'r': 0.4, 'type': 1}, {'idp': 16, 'x': 5.181, 'y': 0.449, 'r': 0.4, 'type': 1}]
31623,1398693987.1497145,[{'idp': 6, 'x': 4.237, 'y': -0.699, 'r': 0.4, 'type': 1}, {'idp': 7, 'x': 3.424, 'y': -0.869, 'r': 0.4, 'type': 1}, {'idp': 12, 'x': 5.021, 'y': 1.157, 'r': 0.4, 'type': 1}, {'idp': 14, 'x': 0.839, 'y': 0.961, 'r': 0.4, 'type': 1}, {'idp': 15, 'x': 2.513, 'y': 0.852, 'r': 0.4, 'type': 1}, {'idp': 16, 'x': 5.177, 'y': 0.472, 'r': 0.4, 'type': 1}]
31624,1398693987.1539414,[{'idp': 6, 'x': 4.225, 'y': -0.677, 'r': 0.4, 'type': 1}, {'idp': 7, 'x': 3.421, 'y': -0.853, 'r': 0.4, 'type': 1}, {'idp': 12, 'x': 5.013, 'y': 1.221, 'r': 0.4, 'type': 1}, {'idp': 14, 'x': 0.801, 'y': 0.973, 'r': 0.4, 'type': 1}, {'idp': 15, 'x': 2.477, 'y': 0.872, 'r': 0.4, 'type': 1}, {'idp': 16, 'x': 5.182, 'y': 0.516, 'r': 0.4, 'type': 1}]
31625,1398693987.1937118,[{'idp': 6, 'x': 4.248, 'y': -0.661, 'r': 0.4, 'type': 1}, {'idp': 7, 'x': 3.429, 'y': -0.838, 'r': 0.4, 'type': 1}, {'idp': 12, 'x': 4.998, 'y': 1.282, 'r': 0.4, 'type': 1}, {'idp': 14, 'x': 0.763, 'y': 0.983, 'r': 0.4, 'type': 1}, {'idp': 15, 'x': 2.427, 'y': 0.891, 'r': 0.4, 'type': 1}, {'idp': 16, 'x': 5.174, 'y': 0.523, 'r': 0.4, 'type': 1}]
31626,1398693987.2336922,[{'idp': 6, 'x': 4.285, 'y': -0.627, 'r': 0.4, 'type': 1}, {'idp': 7, 'x': 3.424, 'y': -0.836, 'r': 0.4, 'type': 1}, {'idp': 12, 'x': 5.014, 'y': 1.271, 'r': 0.4, 'type': 1}, {'idp': 14, 'x': 0.73, 'y': 0.987, 'r': 0.4, 'type': 1}, {'idp': 15, 'x': 2.377, 'y': 0.902, 'r': 0.4, 'type': 1}, {'idp': 16, 'x': 5.179, 'y': 0.567, 'r': 0.4, 'type': 1}]
31627,1398693987.2337162,[{'idp': 6, 'x': 4.334, 'y': -0.584, 'r': 0.4, 'type': 1}, {'idp': 7, 'x': 3.435, 'y': -0.839, 'r': 0.4, 'type': 1}, {'idp': 12, 'x': 5.007, 'y': 1.27, 'r': 0.4, 'type': 1}, {'idp': 14, 'x': 0.702, 'y': 0.984, 'r': 0.4, 'type': 1}, {'idp': 15, 'x': 2.339, 'y': 0.911, 'r': 0.4, 'type': 1}, {'idp': 16, 'x': 5.161, 'y': 0.501, 'r': 0.4, 'type': 1}]
31628,1398693987.2736497,[{'idp': 6, 'x': 4.357, 'y': -0.548, 'r': 0.4, 'type': 1}, {'idp': 7, 'x': 3.429, 'y': -0.844, 'r': 0.4, 'type': 1}, {'idp': 12, 'x': 5.007, 'y': 1.271, 'r': 0.4, 'type': 1}, {'idp': 14, 'x': 0.687, 'y': 0.985, 'r': 0.4, 'type': 1}, {'idp': 15, 'x': 2.275, 'y': 0.904, 'r': 0.4, 'type': 1}, {'idp': 16, 'x': 5.165, 'y': 0.505, 'r': 0.4, 'type': 1}]
31629,1398693987.279748,[{'idp': 6, 'x': 4.357, 'y': -0.537, 'r': 0.4, 'type': 1}, {'idp': 7, 'x': 3.429, 'y': -0.85, 'r': 0.4, 'type': 1}, {'idp': 12, 'x': 5.02, 'y': 1.249, 'r': 0.4, 'type': 1}, {'idp': 14, 'x': 0.661, 'y': 0.988, 'r': 0.4, 'type': 1}, {'idp': 15, 'x': 2.202, 'y': 0.89, 'r': 0.4, 'type': 1}, {'idp': 16, 'x': 5.177, 'y': 0.532, 'r': 0.4, 'type': 1}]
31630,1398693987.317602,[{'idp': 6, 'x': 4.363, 'y': -0.605, 'r': 0.4, 'type': 1}, {'idp': 7, 'x': 3.41, 'y': -0.855, 'r': 0.4, 'type': 1}, {'idp': 12, 'x': 5.02, 'y': 1.249, 'r': 0.4, 'type': 1}, {'idp': 14, 'x': 0.631, 'y': 0.991, 'r': 0.4, 'type': 1}, {'idp': 15, 'x': 2.156, 'y': 0.898, 'r': 0.4, 'type': 1}, {'idp': 16, 'x': 5.173, 'y': 0.547, 'r': 0.4, 'type': 1}, {'idp': 17, 'x': 4.28, 'y': 0.23, 'r': 0.2, 'type': 1}]
31631,1398693987.3577085,[{'idp': 6, 'x': 4.347, 'y': -0.513, 'r': 0.4, 'type': 1}, {'idp': 7, 'x': 3.425, 'y': -0.849, 'r': 0.4, 'type': 1}, {'idp': 12, 'x': 5.035, 'y': 1.253, 'r': 0.4, 'type': 1}, {'idp': 14, 'x': 0.61, 'y': 0.992, 'r': 0.4, 'type': 1}, {'idp': 15, 'x': 2.135, 'y': 0.91, 'r': 0.4, 'type': 1}, {'idp': 16, 'x': 5.169, 'y': 0.534, 'r': 0.4, 'type': 1}, {'idp': 17, 'x': 4.313, 'y': 0.151, 'r': 0.2, 'type': 1}]
31632,1398693987.357738,[{'idp': 6, 'x': 4.357, 'y': -0.46, 'r': 0.4, 'type': 1}, {'idp': 7, 'x': 3.415, 'y': -0.849, 'r': 0.4, 'type': 1}, {'idp': 12, 'x': 5.034, 'y': 1.266, 'r': 0.4, 'type': 1}, {'idp': 14, 'x': 0.584, 'y': 0.998, 'r': 0.4, 'type': 1}, {'idp': 15, 'x': 2.114, 'y': 0.922, 'r': 0.4, 'type': 1}, {'idp': 16, 'x': 5.164, 'y': 0.543, 'r': 0.4, 'type': 1}, {'idp': 17, 'x': 4.303, 'y': 0.113, 'r': 0.2, 'type': 1}]
31633,1398693987.3976917,[{'idp': 6, 'x': 4.372, 'y': -0.424, 'r': 0.4, 'type': 1}, {'idp': 7, 'x': 3.404, 'y': -0.83, 'r': 0.4, 'type': 1}, {'idp': 12, 'x': 5.011, 'y': 1.297, 'r': 0.4, 'type': 1}, {'idp': 14, 'x': 0.548, 'y': 1.001, 'r': 0.4, 'type': 1}, {'idp': 15, 'x': 2.094, 'y': 0.945, 'r': 0.4, 'type': 1}, {'idp': 16, 'x': 5.173, 'y': 0.58, 'r': 0.4, 'type': 1}, {'idp': 17, 'x': 4.276, 'y': 0.168, 'r': 0.2, 'type': 1}]
31634,1398693987.4043872,[{'idp': 6, 'x': 4.367, 'y': -0.4, 'r': 0.4, 'type': 1}, {'idp': 7, 'x': 3.409, 'y': -0.823, 'r': 0.4, 'type': 1}, {'idp': 12, 'x': 5.04, 'y': 1.3, 'r': 0.4, 'type': 1}, {'idp': 14, 'x': 0.514, 'y': 1.002, 'r': 0.4, 'type': 1}, {'idp': 15, 'x': 2.065, 'y': 0.959, 'r': 0.4, 'type': 1}, {'idp': 16, 'x': 5.171, 'y': 0.617, 'r': 0.4, 'type': 1}, {'idp': 17, 'x': 4.229, 'y': 0.176, 'r': 0.2, 'type': 1}]
31635,1398693987.441655,[{'idp': 6, 'x': 4.371, 'y': -0.38, 'r': 0.4, 'type': 1}, {'idp': 7, 'x': 3.396, 'y': -0.829, 'r': 0.4, 'type': 1}, {'idp': 12, 'x': 5.033, 'y': 1.3, 'r': 0.4, 'type': 1}, {'idp': 14, 'x': 0.484, 'y': 1.009, 'r': 0.4, 'type': 1}, {'idp': 15, 'x': 2.056, 'y': 0.959, 'r': 0.4, 'type': 1}, {'idp': 16, 'x': 5.167, 'y': 0.599, 'r': 0.4, 'type': 1}, {'idp': 17, 'x': 4.217, 'y': 0.175, 'r': 0.2, 'type': 1}]
31636,1398693987.4818113,[{'idp': 6, 'x': 4.343, 'y': -0.314, 'r': 0.4, 'type': 1}, {'idp': 7, 'x': 3.391, 'y': -0.843, 'r': 0.4, 'type': 1}, {'idp': 12, 'x': 5.041, 'y': 1.278, 'r': 0.4, 'type': 1}, {'idp': 14, 'x': 0.452, 'y': 1.0, 'r': 0.4, 'type': 1}, {'idp': 15, 'x': 2.017, 'y': 0.957, 'r': 0.4, 'type': 1}, {'idp': 16, 'x': 5.165, 'y': 0.59, 'r': 0.4, 'type': 1}, {'idp': 17, 'x': 4.206, 'y': 0.147, 'r': 0.2, 'type': 1}]
31637,1398693987.4818459,[{'idp': 6, 'x': 4.331, 'y': -0.22, 'r': 0.4, 'type': 1}, {'idp': 7, 'x': 3.39, 'y': -0.852, 'r': 0.4, 'type': 1}, {'idp': 12, 'x': 5.039, 'y': 1.278, 'r': 0.4, 'type': 1}, {'idp': 14, 'x': 0.415, 'y': 0.993, 'r': 0.4, 'type': 1}, {'idp': 15, 'x': 1.991, 'y': 0.956, 'r': 0.4, 'type': 1}, {'idp': 16, 'x': 5.185, 'y': 0.606, 'r': 0.4, 'type': 1}, {'idp': 17, 'x': 4.169, 'y': 0.137, 'r': 0.2, 'type': 1}]
31638,1398693987.5217152,[{'idp': 6, 'x': 4.266, 'y': -0.152, 'r': 0.4, 'type': 1}, {'idp': 7, 'x': 3.394, 'y': -0.835, 'r': 0.4, 'type': 1}, {'idp': 12, 'x': 5.037, 'y': 1.277, 'r': 0.4, 'type': 1}, {'idp': 14, 'x': 0.373, 'y': 0.988, 'r': 0.4, 'type': 1}, {'idp': 15, 'x': 1.963, 'y': 0.958, 'r': 0.4, 'type': 1}, {'idp': 16, 'x': 5.176, 'y': 0.602, 'r': 0.4, 'type': 1}, {'idp': 17, 'x': 4.136, 'y': 0.136, 'r': 0.2, 'type': 1}]
31639,1398693987.5286105,[{'idp': 6, 'x': 4.222, 'y': -0.087, 'r': 0.4, 'type': 1}, {'idp': 7, 'x': 3.39, 'y': -0.818, 'r': 0.4, 'type': 1}, {'idp': 12, 'x': 5.03, 'y': 1.299, 'r': 0.4, 'type': 1}, {'idp': 14, 'x': 0.321, 'y': 0.981, 'r': 0.4, 'type': 1}, {'idp': 15, 'x': 1.91, 'y': 0.969, 'r': 0.4, 'type': 1}, {'idp': 16, 'x': 5.166, 'y': 0.635, 'r': 0.4, 'type': 1}, {'idp': 17, 'x': 4.103, 'y': 0.134, 'r': 0.2, 'type': 1}]
31640,1398693987.5656514,[{'idp': 6, 'x': 4.198, 'y': -0.034, 'r': 0.4, 'type': 1}, {'idp': 7, 'x': 3.387, 'y': -0.804, 'r': 0.4, 'type': 1}, {'idp': 12, 'x': 5.014, 'y': 1.341, 'r': 0.4, 'type': 1}, {'idp': 14, 'x': 0.273, 'y': 0.981, 'r': 0.4, 'type': 1}, {'idp': 15, 'x': 1.884, 'y': 0.987, 'r': 0.4, 'type': 1}, {'idp': 16, 'x': 5.166, 'y': 0.692, 'r': 0.4, 'type': 1}, {'idp': 17, 'x': 4.099, 'y': 0.162, 'r': 0.2, 'type': 1}]
31641,1398693987.6057308,[{'idp': 6, 'x': 4.167, 'y': 0.005, 'r': 0.4, 'type': 1}, {'idp': 7, 'x': 3.365, 'y': -0.775, 'r': 0.4, 'type': 1}, {'idp': 12, 'x': 5.023, 'y': 1.366, 'r': 0.4, 'type': 1}, {'idp': 14, 'x': 0.239, 'y': 0.997, 'r': 0.4, 'type': 1}, {'idp': 15, 'x': 1.868, 'y': 0.993, 'r': 0.4, 'type': 1}, {'idp': 16, 'x': 5.158, 'y': 0.702, 'r': 0.4, 'type': 1}, {'idp': 17, 'x': 4.042, 'y': 0.219, 'r': 0.2, 'type': 1}]
31642,1398693987.6057632,[{'idp': 6, 'x': 4.184, 'y': 0.006, 'r': 0.4, 'type': 1}, {'idp': 7, 'x': 3.366, 'y': -0.783, 'r': 0.4, 'type': 1}, {'idp': 12, 'x': 5.017, 'y': 1.352, 'r': 0.4, 'type': 1}, {'idp': 14, 'x': 0.209, 'y': 1.008, 'r': 0.4, 'type': 1}, {'idp': 15, 'x': 1.831, 'y': 0.99, 'r': 0.4, 'type': 1}, {'idp': 16, 'x': 5.152, 'y': 0.722, 'r': 0.4, 'type': 1}, {'idp': 17, 'x': 4.003, 'y': 0.319, 'r': 0.2, 'type': 1}]
31643,1398693987.6456914,[{'idp': 6, 'x': 4.18, 'y': -0.033, 'r': 0.4, 'type': 1}, {'idp': 7, 'x': 3.359, 'y': -0.795, 'r': 0.4, 'type': 1}, {'idp': 12, 'x': 5.027, 'y': 1.332, 'r': 0.4, 'type': 1}, {'idp': 14, 'x': 0.181, 'y': 1.023, 'r': 0.4, 'type': 1}, {'idp': 15, 'x': 1.798, 'y': 0.973, 'r': 0.4, 'type': 1}, {'idp': 16, 'x': 5.129, 'y': 0.682, 'r': 0.4, 'type': 1}, {'idp': 17, 'x': 3.972, 'y': 0.313, 'r': 0.2, 'type': 1}]
31644,1398693987.653118,[{'idp': 6, 'x': 4.135, 'y': -0.075, 'r': 0.4, 'type': 1}, {'idp': 7, 'x': 3.354, 'y': -0.81, 'r': 0.4, 'type': 1}, {'idp': 12, 'x': 5.036, 'y': 1.311, 'r': 0.4, 'type': 1}, {'idp': 14, 'x': 0.161, 'y': 1.007, 'r': 0.4, 'type': 1}, {'idp': 15, 'x': 1.746, 'y': 0.967, 'r': 0.4, 'type': 1}, {'idp': 16, 'x': 5.168, 'y': 0.657, 'r': 0.4, 'type': 1}, {'idp': 17, 'x': 3.938, 'y': 0.258, 'r': 0.2, 'type': 1}]
31645,1398693987.6896775,[{'idp': 6, 'x': 4.072, 'y': -0.037, 'r': 0.4, 'type': 1}, {'idp': 7, 'x': 3.361, 'y': -0.811, 'r': 0.4, 'type': 1}, {'idp': 12, 'x': 5.057, 'y': 1.293, 'r': 0.4, 'type': 1}, {'idp': 14, 'x': 0.175, 'y': 0.987, 'r': 0.4, 'type': 1}, {'idp': 15, 'x': 1.719, 'y': 0.984, 'r': 0.4, 'type': 1}, {'idp': 16, 'x': 5.163, 'y': 0.667, 'r': 0.4, 'type': 1}, {'idp': 17, 'x': 3.916, 'y': 0.24, 'r': 0.2, 'type': 1}]
31646,1398693987.7296884,[{'idp': 6, 'x': 4.051, 'y': 0.0, 'r': 0.4, 'type': 1}, {'idp': 7, 'x': 3.355, 'y': -0.812, 'r': 0.4, 'type': 1}, {'idp': 12, 'x': 5.064, 'y': 1.295, 'r': 0.4, 'type': 1}, {'idp': 14, 'x': 0.2, 'y': 0.954, 'r': 0.4, 'type': 1}, {'idp': 15, 'x': 1.7, 'y': 1.013, 'r': 0.4, 'type': 1}, {'idp': 16, 'x': 5.171, 'y': 0.691, 'r': 0.4, 'type': 1}, {'idp': 17, 'x': 3.911, 'y': 0.265, 'r': 0.2, 'type': 1}]
31647,1398693987.7297196,[{'idp': 6, 'x': 4.01, 'y': 0.038, 'r': 0.4, 'type': 1}, {'idp': 7, 'x': 3.365, 'y': -0.799, 'r': 0.4, 'type': 1}, {'idp': 12, 'x': 5.065, 'y': 1.32, 'r': 0.4, 'type': 1}, {'idp': 14, 'x': 0.184, 'y': 0.958, 'r': 0.4, 'type': 1}, {'idp': 15, 'x': 1.674, 'y': 1.033, 'r': 0.4, 'type': 1}, {'idp': 16, 'x': 5.153, 'y': 0.735, 'r': 0.4, 'type': 1}, {'idp': 17, 'x': 3.881, 'y': 0.263, 'r': 0.2, 'type': 1}]
31648,1398693987.769673,[{'idp': 6, 'x': 3.995, 'y': 0.063, 'r': 0.4, 'type': 1}, {'idp': 7, 'x': 3.36, 'y': -0.791, 'r': 0.4, 'type': 1}, {'idp': 12, 'x': 5.069, 'y': 1.333, 'r': 0.4, 'type': 1}, {'idp': 14, 'x': 0.166, 'y': 0.952, 'r': 0.4, 'type': 1}, {'idp': 15, 'x': 1.637, 'y': 1.04, 'r': 0.4, 'type': 1}, {'idp': 16, 'x': 5.087, 'y': 0.76, 'r': 0.4, 'type': 1}, {'idp': 17, 'x': 3.85, 'y': 0.269, 'r': 0.2, 'type': 1}]
31649,1398693987.7777271,[{'idp': 6, 'x': 3.957, 'y': 0.097, 'r': 0.4, 'type': 1}, {'idp': 7, 'x': 3.36, 'y': -0.791, 'r': 0.4, 'type': 1}, {'idp': 12, 'x': 5.071, 'y': 1.322, 'r': 0.4, 'type': 1}, {'idp': 14, 'x': 0.142, 'y': 0.947, 'r': 0.4, 'type': 1}, {'idp': 15, 'x': 1.606, 'y': 1.05, 'r': 0.4, 'type': 1}, {'idp': 16, 'x': 5.066, 'y': 0.757, 'r': 0.4, 'type': 1}, {'idp': 17, 'x': 3.822, 'y': 0.275, 'r': 0.2, 'type': 1}]
31650,1398693987.817677,[{'idp': 6, 'x': 3.908, 'y': 0.121, 'r': 0.4, 'type': 1}, {'idp': 7, 'x': 3.356, 'y': -0.79, 'r': 0.4, 'type': 1}, {'idp': 12, 'x': 5.088, 'y': 1.315, 'r': 0.4, 'type': 1}, {'idp': 14, 'x': 0.117, 'y': 0.956, 'r': 0.4, 'type': 1}, {'idp': 15, 'x': 1.574, 'y': 1.063, 'r': 0.4, 'type': 1}, {'idp': 16, 'x': 5.055, 'y': 0.755, 'r': 0.4, 'type': 1}, {'idp': 17, 'x': 3.782, 'y': 0.281, 'r': 0.2, 'type': 1}]
31651,1398693987.8577156,[{'idp': 6, 'x': 3.862, 'y': 0.146, 'r': 0.4, 'type': 1}, {'idp': 7, 'x': 3.374, 'y': -0.794, 'r': 0.4, 'type': 1}, {'idp': 12, 'x': 5.102, 'y': 1.307, 'r': 0.4, 'type': 1}, {'idp': 14, 'x': 0.095, 'y': 0.968, 'r': 0.4, 'type': 1}, {'idp': 15, 'x': 1.537, 'y': 1.057, 'r': 0.4, 'type': 1}, {'idp': 16, 'x': 5.043, 'y': 0.754, 'r': 0.4, 'type': 1}, {'idp': 17, 'x': 3.743, 'y': 0.286, 'r': 0.2, 'type': 1}]
31652,1398693987.8577433,[{'idp': 6, 'x': 3.841, 'y': 0.144, 'r': 0.4, 'type': 1}, {'idp': 7, 'x': 3.349, 'y': -0.797, 'r': 0.4, 'type': 1}, {'idp': 12, 'x': 5.111, 'y': 1.31, 'r': 0.4, 'type': 1}, {'idp': 14, 'x': 0.071, 'y': 0.954, 'r': 0.4, 'type': 1}, {'idp': 15, 'x': 1.501, 'y': 1.07, 'r': 0.4, 'type': 1}, {'idp': 16, 'x': 5.035, 'y': 0.752, 'r': 0.4, 'type': 1}, {'idp': 17, 'x': 3.718, 'y': 0.293, 'r': 0.2, 'type': 1}]
31653,1398693987.8976974,[{'idp': 6, 'x': 3.823, 'y': 0.16, 'r': 0.4, 'type': 1}, {'idp': 7, 'x': 3.342, 'y': -0.78, 'r': 0.4, 'type': 1}, {'idp': 12, 'x': 5.122, 'y': 1.325, 'r': 0.4, 'type': 1}, {'idp': 14, 'x': 0.057, 'y': 0.958, 'r': 0.4, 'type': 1}, {'idp': 15, 'x': 1.461, 'y': 1.091, 'r': 0.4, 'type': 1}, {'idp': 16, 'x': 5.024, 'y': 0.773, 'r': 0.4, 'type': 1}, {'idp': 17, 'x': 3.688, 'y': 0.306, 'r': 0.2, 'type': 1}]
31654,1398693987.9022555,[{'idp': 6, 'x': 3.789, 'y': 0.176, 'r': 0.4, 'type': 1}, {'idp': 7, 'x': 3.342, 'y': -0.78, 'r': 0.4, 'type': 1}, {'idp': 12, 'x': 5.126, 'y': 1.338, 'r': 0.4, 'type': 1}, {'idp': 14, 'x': 0.042, 'y': 0.962, 'r': 0.4, 'type': 1}, {'idp': 15, 'x': 1.422, 'y': 1.1, 'r': 0.4, 'type': 1}, {'idp': 16, 'x': 5.013, 'y': 0.794, 'r': 0.4, 'type': 1}, {'idp': 17, 'x': 3.661, 'y': 0.341, 'r': 0.2, 'type': 1}]
31655,1398693987.941703,[{'idp': 6, 'x': 3.737, 'y': 0.21, 'r': 0.4, 'type': 1}, {'idp': 7, 'x': 3.342, 'y': -0.78, 'r': 0.4, 'type': 1}, {'idp': 12, 'x': 5.139, 'y': 1.354, 'r': 0.4, 'type': 1}, {'idp': 14, 'x': 0.028, 'y': 0.971, 'r': 0.4, 'type': 1}, {'idp': 15, 'x': 1.393, 'y': 1.104, 'r': 0.4, 'type': 1}, {'idp': 16, 'x': 4.995, 'y': 0.791, 'r': 0.4, 'type': 1}, {'idp': 17, 'x': 3.62, 'y': 0.365, 'r': 0.2, 'type': 1}]
31656,1398693987.9817648,[{'idp': 6, 'x': 3.691, 'y': 0.21, 'r': 0.4, 'type': 1}, {'idp': 7, 'x': 3.346, 'y': -0.781, 'r': 0.4, 'type': 1}, {'idp': 12, 'x': 5.15, 'y': 1.369, 'r': 0.4, 'type': 1}, {'idp': 14, 'x': 0.009, 'y': 0.977, 'r': 0.4, 'type': 1}, {'idp': 15, 'x': 1.361, 'y': 1.11, 'r': 0.4, 'type': 1}, {'idp': 16, 'x': 4.984, 'y': 0.789, 'r': 0.4, 'type': 1}, {'idp': 17, 'x': 3.575, 'y': 0.352, 'r': 0.2, 'type': 1}]
31657,1398693987.9817946,[{'idp': 6, 'x': 3.675, 'y': 0.218, 'r': 0.4, 'type': 1}, {'idp': 7, 'x': 3.333, 'y': -0.779, 'r': 0.4, 'type': 1}, {'idp': 12, 'x': 5.166, 'y': 1.374, 'r': 0.4, 'type': 1}, {'idp': 14, 'x': 0.009, 'y': 0.977, 'r': 0.4, 'type': 1}, {'idp': 15, 'x': 1.328, 'y': 1.114, 'r': 0.4, 'type': 1}, {'idp': 16, 'x': 4.978, 'y': 0.789, 'r': 0.4, 'type': 1}, {'idp': 17, 'x': 3.554, 'y': 0.358, 'r': 0.2, 'type': 1}]
31658,1398693988.0216935,[{'idp': 6, 'x': 3.663, 'y': 0.201, 'r': 0.4, 'type': 1}, {'idp': 7, 'x': 3.337, 'y': -0.779, 'r': 0.4, 'type': 1}, {'idp': 12, 'x': 5.192, 'y': 1.381, 'r': 0.4, 'type': 1}, {'idp': 14, 'x': 0.009, 'y': 0.977, 'r': 0.4, 'type': 1}, {'idp': 15, 'x': 1.307, 'y': 1.114, 'r': 0.4, 'type': 1}, {'idp': 16, 'x': 4.971, 'y': 0.799, 'r': 0.4, 'type': 1}, {'idp': 17, 'x': 3.542, 'y': 0.341, 'r': 0.2, 'type': 1}]
31659,1398693988.0268629,[{'idp': 6, 'x': 3.652, 'y': 0.19, 'r': 0.4, 'type': 1}, {'idp': 7, 'x': 3.335, 'y': -0.779, 'r': 0.4, 'type': 1}, {'idp': 12, 'x': 5.205, 'y': 1.385, 'r': 0.4, 'type': 1}, {'idp': 14, 'x': 0.009, 'y': 0.977, 'r': 0.4, 'type': 1}, {'idp': 15, 'x': 1.279, 'y': 1.125, 'r': 0.4, 'type': 1}, {'idp': 16, 'x': 5.008, 'y': 0.804, 'r': 0.4, 'type': 1}, {'idp': 17, 'x': 3.509, 'y': 0.356, 'r': 0.2, 'type': 1}]
31660,1398693988.0656805,[{'idp': 6, 'x': 3.607, 'y': 0.206, 'r': 0.4, 'type': 1}, {'idp': 7, 'x': 3.332, 'y': -0.786, 'r': 0.4, 'type': 1}, {'idp': 12, 'x': 5.21, 'y': 1.387, 'r': 0.4, 'type': 1}, {'idp': 14, 'x': 0.009, 'y': 0.977, 'r': 0.4, 'type': 1}, {'idp': 15, 'x': 1.255, 'y': 1.126, 'r': 0.4, 'type': 1}, {'idp': 16, 'x': 5.011, 'y': 0.918, 'r': 0.4, 'type': 1}, {'idp': 17, 'x': 3.476, 'y': 0.349, 'r': 0.2, 'type': 1}]
31661,1398693988.1056447,[{'idp': 6, 'x': 3.588, 'y': 0.205, 'r': 0.4, 'type': 1}, {'idp': 7, 'x': 3.318, 'y': -0.783, 'r': 0.4, 'type': 1}, {'idp': 12, 'x': 5.225, 'y': 1.391, 'r': 0.4, 'type': 1}, {'idp': 14, 'x': 0.009, 'y': 0.977, 'r': 0.4, 'type': 1}, {'idp': 15, 'x': 1.236, 'y': 1.126, 'r': 0.4, 'type': 1}, {'idp': 16, 'x': 5.041, 'y': 1.063, 'r': 0.4, 'type': 1}, {'idp': 17, 'x': 3.46, 'y': 0.348, 'r': 0.2, 'type': 1}]
31662,1398693988.1056714,[{'idp': 6, 'x': 4.447, 'y': -0.397, 'r': 0.4, 'type': 1}, {'idp': 7, 'x': 3.307, 'y': -0.781, 'r': 0.4, 'type': 1}, {'idp': 12, 'x': 5.237, 'y': 1.407, 'r': 0.4, 'type': 1}, {'idp': 15, 'x': 1.21, 'y': 1.133, 'r': 0.4, 'type': 1}, {'idp': 16, 'x': 4.906, 'y': 0.564, 'r': 0.4, 'type': 1}, {'idp': 17, 'x': 3.414, 'y': 0.396, 'r': 0.6, 'type': 2}]
31663,1398693988.1458032,[{'idp': 6, 'x': 4.287, 'y': -0.365, 'r': 0.4, 'type': 1}, {'idp': 7, 'x': 3.305, 'y': -0.781, 'r': 0.4, 'type': 1}, {'idp': 12, 'x': 5.251, 'y': 1.411, 'r': 0.4, 'type': 1}, {'idp': 15, 'x': 1.184, 'y': 1.133, 'r': 0.4, 'type': 1}, {'idp': 16, 'x': 4.982, 'y': 0.856, 'r': 0.4, 'type': 1}, {'idp': 17, 'x': 3.514, 'y': 0.246, 'r': 0.6, 'type': 2}]
31664,1398693988.1523728,[{'idp': 6, 'x': 4.234, 'y': -0.307, 'r': 0.4, 'type': 1}, {'idp': 7, 'x': 3.303, 'y': -0.78, 'r': 0.4, 'type': 1}, {'idp': 12, 'x': 5.22, 'y': 1.403, 'r': 0.4, 'type': 1}, {'idp': 15, 'x': 1.146, 'y': 1.138, 'r': 0.4, 'type': 1}, {'idp': 16, 'x': 5.082, 'y': 1.208, 'r': 0.4, 'type': 1}, {'idp': 17, 'x': 3.482, 'y': 0.267, 'r': 0.6, 'type': 2}]
31665,1398693988.1896544,[{'idp': 6, 'x': 4.149, 'y': -0.145, 'r': 0.4, 'type': 1}, {'idp': 7, 'x': 3.298, 'y': -0.779, 'r': 0.4, 'type': 1}, {'idp': 12, 'x': 5.226, 'y': 1.404, 'r': 0.4, 'type': 1}, {'idp': 15, 'x': 1.114, 'y': 1.142, 'r': 0.4, 'type': 1}, {'idp': 16, 'x': 5.048, 'y': 1.258, 'r': 0.4, 'type': 1}, {'idp': 17, 'x': 3.454, 'y': 0.279, 'r': 0.6, 'type': 2}]
31666,1398693988.2296844,[{'idp': 6, 'x': 4.107, 'y': -0.126, 'r': 0.4, 'type': 1}, {'idp': 7, 'x': 3.288, 'y': -0.777, 'r': 0.4, 'type': 1}, {'idp': 12, 'x': 5.245, 'y': 1.41, 'r': 0.4, 'type': 1}, {'idp': 15, 'x': 1.078, 'y': 1.143, 'r': 0.4, 'type': 1}, {'idp': 16, 'x': 5.064, 'y': 1.262, 'r': 0.4, 'type': 1}, {'idp': 17, 'x': 3.424, 'y': 0.285, 'r': 0.6, 'type': 2}]
31667,1398693988.2297125,[{'idp': 6, 'x': 4.059, 'y': -0.107, 'r': 0.4, 'type': 1}, {'idp': 7, 'x': 3.29, 'y': -0.777, 'r': 0.4, 'type': 1}, {'idp': 12, 'x': 5.259, 'y': 1.438, 'r': 0.4, 'type': 1}, {'idp': 15, 'x': 1.046, 'y': 1.146, 'r': 0.4, 'type': 1}, {'idp': 16, 'x': 5.039, 'y': 1.268, 'r': 0.4, 'type': 1}, {'idp': 17, 'x': 3.386, 'y': 0.307, 'r': 0.6, 'type': 2}]
31668,1398693988.2696774,[{'idp': 6, 'x': 4.019, 'y': -0.079, 'r': 0.4, 'type': 1}, {'idp': 7, 'x': 3.273, 'y': -0.765, 'r': 0.4, 'type': 1}, {'idp': 12, 'x': 5.244, 'y': 1.446, 'r': 0.4, 'type': 1}, {'idp': 15, 'x': 1.012, 'y': 1.149, 'r': 0.4, 'type': 1}, {'idp': 16, 'x': 5.026, 'y': 1.288, 'r': 0.4, 'type': 1}, {'idp': 17, 'x': 3.362, 'y': 0.302, 'r': 0.6, 'type': 2}]
31669,1398693988.2766204,[{'idp': 6, 'x': 3.954, 'y': -0.052, 'r': 0.4, 'type': 1}, {'idp': 7, 'x': 3.278, 'y': -0.774, 'r': 0.4, 'type': 1}, {'idp': 12, 'x': 5.244, 'y': 1.447, 'r': 0.4, 'type': 1}, {'idp': 15, 'x': 0.984, 'y': 1.151, 'r': 0.4, 'type': 1}, {'idp': 16, 'x': 5.021, 'y': 1.287, 'r': 0.4, 'type': 1}, {'idp': 17, 'x': 3.373, 'y': 0.318, 'r': 0.6, 'type': 2}]
31670,1398693988.3136566,[{'idp': 6, 'x': 3.866, 'y': -0.026, 'r': 0.4, 'type': 1}, {'idp': 7, 'x': 3.277, 'y': -0.774, 'r': 0.4, 'type': 1}, {'idp': 12, 'x': 5.248, 'y': 1.448, 'r': 0.4, 'type': 1}, {'idp': 15, 'x': 0.947, 'y': 1.154, 'r': 0.4, 'type': 1}, {'idp': 16, 'x': 5.023, 'y': 1.287, 'r': 0.4, 'type': 1}, {'idp': 17, 'x': 3.348, 'y': 0.32, 'r': 0.6, 'type': 2}]
31671,1398693988.3536866,[{'idp': 6, 'x': 3.603, 'y': 0.038, 'r': 0.4, 'type': 1}, {'idp': 7, 'x': 3.277, 'y': -0.781, 'r': 0.4, 'type': 1}, {'idp': 12, 'x': 5.267, 'y': 1.465, 'r': 0.4, 'type': 1}, {'idp': 15, 'x': 0.904, 'y': 1.15, 'r': 0.4, 'type': 1}, {'idp': 16, 'x': 5.038, 'y': 1.291, 'r': 0.4, 'type': 1}, {'idp': 17, 'x': 3.286, 'y': 0.317, 'r': 0.6, 'type': 2}]
31672,1398693988.3537645,[{'idp': 6, 'x': 3.461, 'y': 0.132, 'r': 0.4, 'type': 1}, {'idp': 7, 'x': 3.284, 'y': -0.791, 'r': 0.4, 'type': 1}, {'idp': 12, 'x': 5.281, 'y': 1.469, 'r': 0.4, 'type': 1}, {'idp': 15, 'x': 0.854, 'y': 1.14, 'r': 0.4, 'type': 1}, {'idp': 16, 'x': 5.053, 'y': 1.295, 'r': 0.4, 'type': 1}, {'idp': 17, 'x': 3.236, 'y': 0.343, 'r': 0.6, 'type': 2}]
31673,1398693988.393662,[{'idp': 6, 'x': 3.366, 'y': 0.177, 'r': 0.4, 'type': 1}, {'idp': 7, 'x': 3.294, 'y': -0.793, 'r': 0.4, 'type': 1}, {'idp': 12, 'x': 5.287, 'y': 1.471, 'r': 0.4, 'type': 1}, {'idp': 15, 'x': 0.786, 'y': 1.126, 'r': 0.4, 'type': 1}, {'idp': 16, 'x': 5.072, 'y': 1.3, 'r': 0.4, 'type': 1}, {'idp': 17, 'x': 3.214, 'y': 0.347, 'r': 0.6, 'type': 2}]
31674,1398693988.401793,[{'idp': 6, 'x': 3.261, 'y': 0.263, 'r': 0.4, 'type': 1}, {'idp': 7, 'x': 3.293, 'y': -0.793, 'r': 0.4, 'type': 1}, {'idp': 12, 'x': 5.274, 'y': 1.48, 'r': 0.4, 'type': 1}, {'idp': 15, 'x': 0.727, 'y': 1.151, 'r': 0.4, 'type': 1}, {'idp': 16, 'x': 5.088, 'y': 1.304, 'r': 0.4, 'type': 1}, {'idp': 17, 'x': 3.185, 'y': 0.365, 'r': 0.6, 'type': 2}]
31675,1398693988.4416826,[{'idp': 6, 'x': 3.987, 'y': 0.021, 'r': 0.4, 'type': 1}, {'idp': 7, 'x': 3.288, 'y': -0.792, 'r': 0.4, 'type': 1}, {'idp': 12, 'x': 5.287, 'y': 1.495, 'r': 0.4, 'type': 1}, {'idp': 15, 'x': 0.72, 'y': 1.192, 'r': 0.4, 'type': 1}, {'idp': 17, 'x': 3.027, 'y': 0.48, 'r': 0.6, 'type': 2}]
31676,1398693988.4817939,[{'idp': 6, 'x': 4.02, 'y': 0.025, 'r': 0.4, 'type': 1}, {'idp': 7, 'x': 3.287, 'y': -0.791, 'r': 0.4, 'type': 1}, {'idp': 12, 'x': 5.287, 'y': 1.483, 'r': 0.4, 'type': 1}, {'idp': 15, 'x': 0.684, 'y': 1.213, 'r': 0.4, 'type': 1}, {'idp': 17, 'x': 3.146, 'y': 0.392, 'r': 0.6, 'type': 2}]
31677,1398693988.481822,[{'idp': 6, 'x': 4.085, 'y': 0.026, 'r': 0.4, 'type': 1}, {'idp': 7, 'x': 3.289, 'y': -0.791, 'r': 0.4, 'type': 1}, {'idp': 12, 'x': 5.282, 'y': 1.506, 'r': 0.4, 'type': 1}, {'idp': 15, 'x': 0.655, 'y': 1.235, 'r': 0.4, 'type': 1}, {'idp': 17, 'x': 3.138, 'y': 0.399, 'r': 0.6, 'type': 2}]
31678,1398693988.5217304,[{'idp': 6, 'x': 4.067, 'y': 0.034, 'r': 0.4, 'type': 1}, {'idp': 7, 'x': 3.301, 'y': -0.802, 'r': 0.4, 'type': 1}, {'idp': 12, 'x': 5.314, 'y': 1.552, 'r': 0.4, 'type': 1}, {'idp': 15, 'x': 0.619, 'y': 1.236, 'r': 0.4, 'type': 1}, {'idp': 17, 'x': 3.106, 'y': 0.413, 'r': 0.6, 'type': 2}]
31679,1398693988.5258768,[{'idp': 6, 'x': 4.053, 'y': 0.043, 'r': 0.4, 'type': 1}, {'idp': 7, 'x': 3.302, 'y': -0.802, 'r': 0.4, 'type': 1}, {'idp': 12, 'x': 5.329, 'y': 1.556, 'r': 0.4, 'type': 1}, {'idp': 15, 'x': 0.586, 'y': 1.244, 'r': 0.4, 'type': 1}, {'idp': 17, 'x': 3.055, 'y': 0.416, 'r': 0.6, 'type': 2}]
31680,1398693988.565682,[{'idp': 6, 'x': 4.007, 'y': 0.051, 'r': 0.4, 'type': 1}, {'idp': 7, 'x': 3.313, 'y': -0.812, 'r': 0.4, 'type': 1}, {'idp': 12, 'x': 5.356, 'y': 1.576, 'r': 0.4, 'type': 1}, {'idp': 15, 'x': 0.551, 'y': 1.251, 'r': 0.4, 'type': 1}, {'idp': 17, 'x': 2.998, 'y': 0.427, 'r': 0.6, 'type': 2}]
31681,1398693988.6056812,[{'idp': 6, 'x': 3.948, 'y': 0.068, 'r': 0.4, 'type': 1}, {'idp': 7, 'x': 3.314, 'y': -0.812, 'r': 0.4, 'type': 1}, {'idp': 12, 'x': 5.376, 'y': 1.594, 'r': 0.4, 'type': 1}, {'idp': 15, 'x': 0.521, 'y': 1.257, 'r': 0.4, 'type': 1}, {'idp': 17, 'x': 2.955, 'y': 0.445, 'r': 0.6, 'type': 2}]
31682,1398693988.6057134,[{'idp': 6, 'x': 3.897, 'y': 0.075, 'r': 0.4, 'type': 1}, {'idp': 7, 'x': 3.321, 'y': -0.813, 'r': 0.4, 'type': 1}, {'idp': 12, 'x': 5.371, 'y': 1.604, 'r': 0.4, 'type': 1}, {'idp': 15, 'x': 0.501, 'y': 1.258, 'r': 0.4, 'type': 1}, {'idp': 17, 'x': 2.941, 'y': 0.437, 'r': 0.6, 'type': 2}]
31683,1398693988.6457705,[{'idp': 6, 'x': 3.829, 'y': 0.09, 'r': 0.4, 'type': 1}, {'idp': 7, 'x': 3.34, 'y': -0.809, 'r': 0.4, 'type': 1}, {'idp': 12, 'x': 5.393, 'y': 1.636, 'r': 0.4, 'type': 1}, {'idp': 15, 'x': 0.482, 'y': 1.261, 'r': 0.4, 'type': 1}, {'idp': 17, 'x': 2.91, 'y': 0.461, 'r': 0.6, 'type': 2}]
31684,1398693988.6501293,[{'idp': 6, 'x': 3.764, 'y': 0.096, 'r': 0.4, 'type': 1}, {'idp': 7, 'x': 3.337, 'y': -0.818, 'r': 0.4, 'type': 1}, {'idp': 12, 'x': 5.374, 'y': 1.669, 'r': 0.4, 'type': 1}, {'idp': 15, 'x': 0.465, 'y': 1.273, 'r': 0.4, 'type': 1}, {'idp': 17, 'x': 2.873, 'y': 0.459, 'r': 0.6, 'type': 2}]
31685,1398693988.6897173,[{'idp': 6, 'x': 3.739, 'y': 0.087, 'r': 0.4, 'type': 1}, {'idp': 7, 'x': 3.346, 'y': -0.818, 'r': 0.4, 'type': 1}, {'idp': 12, 'x': 5.364, 'y': 1.653, 'r': 0.4, 'type': 1}, {'idp': 15, 'x': 0.44, 'y': 1.265, 'r': 0.4, 'type': 1}, {'idp': 17, 'x': 2.838, 'y': 0.46, 'r': 0.6, 'type': 2}]
31686,1398693988.7296765,[{'idp': 6, 'x': 3.583, 'y': 0.116, 'r': 0.4, 'type': 1}, {'idp': 7, 'x': 3.324, 'y': -0.83, 'r': 0.4, 'type': 1}, {'idp': 12, 'x': 5.365, 'y': 1.666, 'r': 0.4, 'type': 1}, {'idp': 15, 'x': 0.418, 'y': 1.271, 'r': 0.4, 'type': 1}, {'idp': 17, 'x': 2.809, 'y': 0.47, 'r': 0.6, 'type': 2}]
31687,1398693988.729704,[{'idp': 6, 'x': 3.526, 'y': 0.13, 'r': 0.4, 'type': 1}, {'idp': 7, 'x': 3.336, 'y': -0.817, 'r': 0.4, 'type': 1}, {'idp': 12, 'x': 5.338, 'y': 1.683, 'r': 0.4, 'type': 1}, {'idp': 15, 'x': 0.396, 'y': 1.273, 'r': 0.4, 'type': 1}, {'idp': 17, 'x': 2.787, 'y': 0.483, 'r': 0.6, 'type': 2}]
31688,1398693988.7697227,[{'idp': 6, 'x': 3.468, 'y': 0.151, 'r': 0.4, 'type': 1}, {'idp': 7, 'x': 3.342, 'y': -0.803, 'r': 0.4, 'type': 1}, {'idp': 12, 'x': 5.325, 'y': 1.717, 'r': 0.4, 'type': 1}, {'idp': 15, 'x': 0.366, 'y': 1.283, 'r': 0.4, 'type': 1}, {'idp': 17, 'x': 2.738, 'y': 0.508, 'r': 0.6, 'type': 2}]
31689,1398693988.7749455,[{'idp': 6, 'x': 3.444, 'y': 0.157, 'r': 0.4, 'type': 1}, {'idp': 7, 'x': 3.353, 'y': -0.795, 'r': 0.4, 'type': 1}, {'idp': 12, 'x': 5.326, 'y': 1.731, 'r': 0.4, 'type': 1}, {'idp': 15, 'x': 0.334, 'y': 1.297, 'r': 0.4, 'type': 1}, {'idp': 17, 'x': 2.716, 'y': 0.501, 'r': 0.6, 'type': 2}]
31690,1398693988.8136685,[{'idp': 6, 'x': 3.453, 'y': 0.15, 'r': 0.4, 'type': 1}, {'idp': 7, 'x': 3.338, 'y': -0.809, 'r': 0.4, 'type': 1}, {'idp': 12, 'x': 5.326, 'y': 1.73, 'r': 0.4, 'type': 1}, {'idp': 15, 'x': 0.303, 'y': 1.298, 'r': 0.4, 'type': 1}, {'idp': 17, 'x': 2.672, 'y': 0.514, 'r': 0.6, 'type': 2}]
31691,1398693988.853708,[{'idp': 6, 'x': 3.417, 'y': 0.156, 'r': 0.4, 'type': 1}, {'idp': 7, 'x': 3.335, 'y': -0.815, 'r': 0.4, 'type': 1}, {'idp': 12, 'x': 5.326, 'y': 1.73, 'r': 0.4, 'type': 1}, {'idp': 15, 'x': 0.292, 'y': 1.314, 'r': 0.4, 'type': 1}, {'idp': 17, 'x': 2.638, 'y': 0.516, 'r': 0.6, 'type': 2}]
31692,1398693988.8537388,[{'idp': 6, 'x': 3.416, 'y': 0.163, 'r': 0.4, 'type': 1}, {'idp': 7, 'x': 3.328, 'y': -0.806, 'r': 0.4, 'type': 1}, {'idp': 12, 'x': 5.326, 'y': 1.73, 'r': 0.4, 'type': 1}, {'idp': 15, 'x': 0.251, 'y': 1.297, 'r': 0.4, 'type': 1}, {'idp': 17, 'x': 2.609, 'y': 0.528, 'r': 0.6, 'type': 2}]
31693,1398693988.8937452,[{'idp': 6, 'x': 3.4, 'y': 0.185, 'r': 0.4, 'type': 1}, {'idp': 7, 'x': 3.344, 'y': -0.79, 'r': 0.4, 'type': 1}, {'idp': 12, 'x': 5.326, 'y': 1.73, 'r': 0.4, 'type': 1}, {'idp': 15, 'x': 0.208, 'y': 1.29, 'r': 0.4, 'type': 1}, {'idp': 17, 'x': 2.58, 'y': 0.547, 'r': 0.6, 'type': 2}]
31694,1398693988.9000978,[{'idp': 6, 'x': 3.396, 'y': 0.215, 'r': 0.4, 'type': 1}, {'idp': 7, 'x': 3.341, 'y': -0.776, 'r': 0.4, 'type': 1}, {'idp': 12, 'x': 5.326, 'y': 1.73, 'r': 0.4, 'type': 1}, {'idp': 15, 'x': 0.169, 'y': 1.294, 'r': 0.4, 'type': 1}, {'idp': 17, 'x': 2.569, 'y': 0.567, 'r': 0.6, 'type': 2}]
31695,1398693988.9376643,[{'idp': 6, 'x': 3.376, 'y': 0.214, 'r': 0.4, 'type': 1}, {'idp': 7, 'x': 3.333, 'y': -0.766, 'r': 0.4, 'type': 1}, {'idp': 12, 'x': 5.326, 'y': 1.73, 'r': 0.4, 'type': 1}, {'idp': 15, 'x': 0.128, 'y': 1.295, 'r': 0.4, 'type': 1}, {'idp': 17, 'x': 2.553, 'y': 0.572, 'r': 0.6, 'type': 2}]
31696,1398693988.9777005,[{'idp': 6, 'x': 3.369, 'y': 0.191, 'r': 0.4, 'type': 1}, {'idp': 7, 'x': 3.337, 'y': -0.782, 'r': 0.4, 'type': 1}, {'idp': 12, 'x': 5.326, 'y': 1.73, 'r': 0.4, 'type': 1}, {'idp': 15, 'x': 0.094, 'y': 1.272, 'r': 0.4, 'type': 1}, {'idp': 17, 'x': 2.508, 'y': 0.574, 'r': 0.6, 'type': 2}]
31697,1398693988.9777265,[{'idp': 6, 'x': 3.347, 'y': 0.183, 'r': 0.4, 'type': 1}, {'idp': 7, 'x': 3.34, 'y': -0.798, 'r': 0.4, 'type': 1}, {'idp': 12, 'x': 5.326, 'y': 1.73, 'r': 0.4, 'type': 1}, {'idp': 15, 'x': 0.068, 'y': 1.261, 'r': 0.4, 'type': 1}, {'idp': 17, 'x': 2.466, 'y': 0.577, 'r': 0.6, 'type': 2}]
31698,1398693989.017751,[{'idp': 6, 'x': 3.318, 'y': 0.224, 'r': 0.4, 'type': 1}, {'idp': 7, 'x': 3.316, 'y': -0.802, 'r': 0.4, 'type': 1}, {'idp': 12, 'x': 5.326, 'y': 1.73, 'r': 0.4, 'type': 1}, {'idp': 15, 'x': 0.055, 'y': 1.24, 'r': 0.4, 'type': 1}, {'idp': 17, 'x': 2.417, 'y': 0.576, 'r': 0.6, 'type': 2}]
31699,1398693989.0246346,[{'idp': 6, 'x': 3.248, 'y': 0.285, 'r': 0.4, 'type': 1}, {'idp': 7, 'x': 3.324, 'y': -0.809, 'r': 0.4, 'type': 1}, {'idp': 12, 'x': 5.326, 'y': 1.73, 'r': 0.4, 'type': 1}, {'idp': 15, 'x': 0.048, 'y': 1.257, 'r': 0.4, 'type': 1}, {'idp': 17, 'x': 2.381, 'y': 0.582, 'r': 0.6, 'type': 2}]
31700,1398693989.0617301,[{'idp': 6, 'x': 3.287, 'y': 0.187, 'r': 0.4, 'type': 1}, {'idp': 7, 'x': 3.334, 'y': -0.804, 'r': 0.4, 'type': 1}, {'idp': 15, 'x': 0.037, 'y': 1.276, 'r': 0.4, 'type': 1}, {'idp': 17, 'x': 2.365, 'y': 0.591, 'r': 0.6, 'type': 2}]
31701,1398693989.1016781,[{'idp': 6, 'x': 3.267, 'y': 0.214, 'r': 0.4, 'type': 1}, {'idp': 7, 'x': 3.317, 'y': -0.788, 'r': 0.4, 'type': 1}, {'idp': 15, 'x': 0.022, 'y': 1.255, 'r': 0.4, 'type': 1}, {'idp': 17, 'x': 2.317, 'y': 0.619, 'r': 0.6, 'type': 2}]
31702,1398693989.1017082,[{'idp': 6, 'x': 3.254, 'y': 0.228, 'r': 0.4, 'type': 1}, {'idp': 7, 'x': 3.336, 'y': -0.777, 'r': 0.4, 'type': 1}, {'idp': 15, 'x': 0.012, 'y': 1.315, 'r': 0.4, 'type': 1}, {'idp': 17, 'x': 2.276, 'y': 0.645, 'r': 0.6, 'type': 2}]
31703,1398693989.1416855,[{'idp': 6, 'x': 3.215, 'y': 0.239, 'r': 0.4, 'type': 1}, {'idp': 7, 'x': 3.359, 'y': -0.757, 'r': 0.4, 'type': 1}, {'idp': 15, 'x': 0.012, 'y': 1.315, 'r': 0.4, 'type': 1}, {'idp': 17, 'x': 2.236, 'y': 0.655, 'r': 0.6, 'type': 2}]
31704,1398693989.1492465,[{'idp': 6, 'x': 3.197, 'y': 0.252, 'r': 0.4, 'type': 1}, {'idp': 7, 'x': 3.375, 'y': -0.769, 'r': 0.4, 'type': 1}, {'idp': 15, 'x': 0.012, 'y': 1.315, 'r': 0.4, 'type': 1}, {'idp': 17, 'x': 2.199, 'y': 0.659, 'r': 0.6, 'type': 2}]
31705,1398693989.1857648,[{'idp': 6, 'x': 3.174, 'y': 0.236, 'r': 0.4, 'type': 1}, {'idp': 7, 'x': 3.37, 'y': -0.767, 'r': 0.4, 'type': 1}, {'idp': 15, 'x': 0.012, 'y': 1.315, 'r': 0.4, 'type': 1}, {'idp': 17, 'x': 2.164, 'y': 0.653, 'r': 0.6, 'type': 2}]
31706,1398693989.2256818,[{'idp': 6, 'x': 3.151, 'y': 0.234, 'r': 0.4, 'type': 1}, {'idp': 7, 'x': 3.374, 'y': -0.776, 'r': 0.4, 'type': 1}, {'idp': 15, 'x': 0.012, 'y': 1.315, 'r': 0.4, 'type': 1}, {'idp': 17, 'x': 2.148, 'y': 0.652, 'r': 0.6, 'type': 2}]
31707,1398693989.2257118,[{'idp': 6, 'x': 3.125, 'y': 0.239, 'r': 0.4, 'type': 1}, {'idp': 7, 'x': 3.377, 'y': -0.775, 'r': 0.4, 'type': 1}, {'idp': 15, 'x': 0.012, 'y': 1.315, 'r': 0.4, 'type': 1}, {'idp': 17, 'x': 2.101, 'y': 0.657, 'r': 0.6, 'type': 2}]
31708,1398693989.2656558,[{'idp': 6, 'x': 3.101, 'y': 0.251, 'r': 0.4, 'type': 1}, {'idp': 7, 'x': 3.37, 'y': -0.767, 'r': 0.4, 'type': 1}, {'idp': 15, 'x': 0.012, 'y': 1.315, 'r': 0.4, 'type': 1}, {'idp': 17, 'x': 2.053, 'y': 0.671, 'r': 0.6, 'type': 2}]
31709,1398693989.2736459,[{'idp': 6, 'x': 3.076, 'y': 0.283, 'r': 0.4, 'type': 1}, {'idp': 7, 'x': 3.361, 'y': -0.758, 'r': 0.4, 'type': 1}, {'idp': 15, 'x': 0.012, 'y': 1.315, 'r': 0.4, 'type': 1}, {'idp': 17, 'x': 2.023, 'y': 0.675, 'r': 0.6, 'type': 2}]
31710,1398693989.313632,[{'idp': 6, 'x': 3.043, 'y': 0.3, 'r': 0.4, 'type': 1}, {'idp': 7, 'x': 3.371, 'y': -0.735, 'r': 0.4, 'type': 1}, {'idp': 15, 'x': 0.012, 'y': 1.315, 'r': 0.4, 'type': 1}, {'idp': 17, 'x': 1.981, 'y': 0.689, 'r': 0.6, 'type': 2}]
31711,1398693989.3536975,[{'idp': 6, 'x': 3.018, 'y': 0.311, 'r': 0.4, 'type': 1}, {'idp': 7, 'x': 3.361, 'y': -0.726, 'r': 0.4, 'type': 1}, {'idp': 15, 'x': 0.012, 'y': 1.315, 'r': 0.4, 'type': 1}, {'idp': 17, 'x': 1.959, 'y': 0.689, 'r': 0.6, 'type': 2}]
31712,1398693989.3537273,[{'idp': 6, 'x': 2.989, 'y': 0.321, 'r': 0.4, 'type': 1}, {'idp': 7, 'x': 3.347, 'y': -0.724, 'r': 0.4, 'type': 1}, {'idp': 15, 'x': 0.012, 'y': 1.315, 'r': 0.4, 'type': 1}, {'idp': 17, 'x': 1.947, 'y': 0.719, 'r': 0.6, 'type': 2}]
31713,1398693989.3937316,[{'idp': 6, 'x': 2.946, 'y': 0.323, 'r': 0.4, 'type': 1}, {'idp': 7, 'x': 3.343, 'y': -0.722, 'r': 0.4, 'type': 1}, {'idp': 15, 'x': 0.012, 'y': 1.315, 'r': 0.4, 'type': 1}, {'idp': 17, 'x': 1.923, 'y': 0.728, 'r': 0.6, 'type': 2}]
31714,1398693989.3994963,[{'idp': 6, 'x': 2.898, 'y': 0.337, 'r': 0.4, 'type': 1}, {'idp': 7, 'x': 3.336, 'y': -0.737, 'r': 0.4, 'type': 1}, {'idp': 15, 'x': 0.012, 'y': 1.315, 'r': 0.4, 'type': 1}, {'idp': 17, 'x': 1.875, 'y': 0.719, 'r': 0.6, 'type': 2}]
31715,1398693989.4376693,[{'idp': 6, 'x': 2.847, 'y': 0.343, 'r': 0.4, 'type': 1}, {'idp': 7, 'x': 3.34, 'y': -0.744, 'r': 0.4, 'type': 1}, {'idp': 15, 'x': 0.012, 'y': 1.315, 'r': 0.4, 'type': 1}, {'idp': 17, 'x': 1.834, 'y': 0.708, 'r': 0.6, 'type': 2}]
31716,1398693989.477777,[{'idp': 6, 'x': 2.774, 'y': 0.371, 'r': 0.4, 'type': 1}, {'idp': 7, 'x': 3.342, 'y': -0.754, 'r': 0.4, 'type': 1}, {'idp': 15, 'x': 0.012, 'y': 1.315, 'r': 0.4, 'type': 1}, {'idp': 17, 'x': 1.791, 'y': 0.715, 'r': 0.6, 'type': 2}]
31717,1398693989.4778125,[{'idp': 6, 'x': 2.743, 'y': 0.397, 'r': 0.4, 'type': 1}, {'idp': 7, 'x': 3.341, 'y': -0.74, 'r': 0.4, 'type': 1}, {'idp': 15, 'x': 0.012, 'y': 1.315, 'r': 0.4, 'type': 1}, {'idp': 17, 'x': 1.761, 'y': 0.72, 'r': 0.6, 'type': 2}]
31718,1398693989.5177205,[{'idp': 6, 'x': 2.671, 'y': 0.441, 'r': 0.4, 'type': 1}, {'idp': 7, 'x': 3.345, 'y': -0.742, 'r': 0.4, 'type': 1}, {'idp': 15, 'x': 0.012, 'y': 1.315, 'r': 0.4, 'type': 1}, {'idp': 17, 'x': 1.713, 'y': 0.736, 'r': 0.6, 'type': 2}]
31719,1398693989.5230033,[{'idp': 6, 'x': 2.634, 'y': 0.467, 'r': 0.4, 'type': 1}, {'idp': 7, 'x': 3.349, 'y': -0.743, 'r': 0.4, 'type': 1}, {'idp': 15, 'x': 0.012, 'y': 1.315, 'r': 0.4, 'type': 1}, {'idp': 17, 'x': 1.682, 'y': 0.746, 'r': 0.6, 'type': 2}]
31720,1398693989.5616314,[{'idp': 6, 'x': 2.587, 'y': 0.502, 'r': 0.4, 'type': 1}, {'idp': 7, 'x': 3.35, 'y': -0.744, 'r': 0.4, 'type': 1}, {'idp': 15, 'x': 0.012, 'y': 1.315, 'r': 0.4, 'type': 1}, {'idp': 17, 'x': 1.655, 'y': 0.747, 'r': 0.6, 'type': 2}]
31721,1398693989.6017416,[{'idp': 6, 'x': 2.502, 'y': 0.526, 'r': 0.4, 'type': 1}, {'idp': 7, 'x': 3.333, 'y': -0.756, 'r': 0.4, 'type': 1}, {'idp': 15, 'x': 0.012, 'y': 1.315, 'r': 0.4, 'type': 1}, {'idp': 17, 'x': 1.617, 'y': 0.751, 'r': 0.6, 'type': 2}]
31722,1398693989.6017718,[{'idp': 6, 'x': 2.44, 'y': 0.53, 'r': 0.4, 'type': 1}, {'idp': 7, 'x': 3.337, 'y': -0.772, 'r': 0.4, 'type': 1}, {'idp': 15, 'x': 0.012, 'y': 1.315, 'r': 0.4, 'type': 1}, {'idp': 17, 'x': 1.588, 'y': 0.736, 'r': 0.6, 'type': 2}]
31723,1398693989.6416492,[{'idp': 6, 'x': 2.376, 'y': 0.527, 'r': 0.4, 'type': 1}, {'idp': 7, 'x': 3.332, 'y': -0.786, 'r': 0.4, 'type': 1}, {'idp': 15, 'x': 0.012, 'y': 1.315, 'r': 0.4, 'type': 1}, {'idp': 17, 'x': 1.554, 'y': 0.733, 'r': 0.6, 'type': 2}]
31724,1398693989.6482477,[{'idp': 6, 'x': 2.314, 'y': 0.529, 'r': 0.4, 'type': 1}, {'idp': 7, 'x': 3.332, 'y': -0.787, 'r': 0.4, 'type': 1}, {'idp': 15, 'x': 0.012, 'y': 1.315, 'r': 0.4, 'type': 1}, {'idp': 17, 'x': 1.526, 'y': 0.744, 'r': 0.6, 'type': 2}, {'idp': 18, 'x': 5.574, 'y': 0.898, 'r': 0.4, 'type': 1}]
31725,1398693989.6857197,[{'idp': 6, 'x': 2.234, 'y': 0.562, 'r': 0.4, 'type': 1}, {'idp': 7, 'x': 3.326, 'y': -0.755, 'r': 0.4, 'type': 1}, {'idp': 15, 'x': 0.012, 'y': 1.315, 'r': 0.4, 'type': 1}, {'idp': 17, 'x': 1.486, 'y': 0.765, 'r': 0.6, 'type': 2}, {'idp': 18, 'x': 5.537, 'y': 0.886, 'r': 0.4, 'type': 1}]
31726,1398693989.7257397,[{'idp': 6, 'x': 2.137, 'y': 0.592, 'r': 0.4, 'type': 1}, {'idp': 7, 'x': 3.333, 'y': -0.726, 'r': 0.4, 'type': 1}, {'idp': 15, 'x': 0.012, 'y': 1.315, 'r': 0.4, 'type': 1}, {'idp': 17, 'x': 1.442, 'y': 0.781, 'r': 0.6, 'type': 2}, {'idp': 18, 'x': 5.562, 'y': 0.939, 'r': 0.4, 'type': 1}]
31727,1398693989.72577,[{'idp': 6, 'x': 2.067, 'y': 0.606, 'r': 0.4, 'type': 1}, {'idp': 7, 'x': 3.346, 'y': -0.721, 'r': 0.4, 'type': 1}, {'idp': 15, 'x': 0.012, 'y': 1.315, 'r': 0.4, 'type': 1}, {'idp': 17, 'x': 1.407, 'y': 0.777, 'r': 0.6, 'type': 2}, {'idp': 18, 'x': 5.561, 'y': 0.964, 'r': 0.4, 'type': 1}]
31728,1398693989.7657332,[{'idp': 6, 'x': 2.057, 'y': 0.607, 'r': 0.4, 'type': 1}, {'idp': 7, 'x': 3.34, 'y': -0.743, 'r': 0.4, 'type': 1}, {'idp': 15, 'x': 0.012, 'y': 1.315, 'r': 0.4, 'type': 1}, {'idp': 17, 'x': 1.376, 'y': 0.763, 'r': 0.6, 'type': 2}, {'idp': 18, 'x': 5.586, 'y': 0.944, 'r': 0.4, 'type': 1}]
31729,1398693989.7727504,[{'idp': 6, 'x': 2.034, 'y': 0.6, 'r': 0.4, 'type': 1}, {'idp': 7, 'x': 3.324, 'y': -0.77, 'r': 0.4, 'type': 1}, {'idp': 17, 'x': 1.348, 'y': 0.756, 'r': 0.6, 'type': 2}, {'idp': 18, 'x': 5.642, 'y': 0.89, 'r': 0.4, 'type': 1}]
31730,1398693989.8097403,[{'idp': 6, 'x': 2.042, 'y': 0.607, 'r': 0.4, 'type': 1}, {'idp': 7, 'x': 3.315, 'y': -0.783, 'r': 0.4, 'type': 1}, {'idp': 17, 'x': 1.329, 'y': 0.753, 'r': 0.6, 'type': 2}, {'idp': 18, 'x': 5.63, 'y': 0.872, 'r': 0.4, 'type': 1}]
31731,1398693989.84975,[{'idp': 6, 'x': 2.033, 'y': 0.622, 'r': 0.4, 'type': 1}, {'idp': 7, 'x': 3.307, 'y': -0.776, 'r': 0.4, 'type': 1}, {'idp': 17, 'x': 1.313, 'y': 0.755, 'r': 0.6, 'type': 2}, {'idp': 18, 'x': 5.637, 'y': 0.902, 'r': 0.4, 'type': 1}]
31732,1398693989.8497818,[{'idp': 6, 'x': 2.002, 'y': 0.636, 'r': 0.4, 'type': 1}, {'idp': 7, 'x': 3.296, 'y': -0.755, 'r': 0.4, 'type': 1}, {'idp': 17, 'x': 1.28, 'y': 0.754, 'r': 0.6, 'type': 2}, {'idp': 18, 'x': 5.672, 'y': 0.921, 'r': 0.4, 'type': 1}]
31733,1398693989.88968,[{'idp': 6, 'x': 2.0, 'y': 0.649, 'r': 0.4, 'type': 1}, {'idp': 7, 'x': 3.301, 'y': -0.774, 'r': 0.4, 'type': 1}, {'idp': 17, 'x': 1.234, 'y': 0.767, 'r': 0.6, 'type': 2}, {'idp': 18, 'x': 5.691, 'y': 0.912, 'r': 0.4, 'type': 1}]
31734,1398693989.897203,[{'idp': 6, 'x': 1.968, 'y': 0.656, 'r': 0.4, 'type': 1}, {'idp': 7, 'x': 3.309, 'y': -0.776, 'r': 0.4, 'type': 1}, {'idp': 17, 'x': 1.184, 'y': 0.77, 'r': 0.6, 'type': 2}, {'idp': 18, 'x': 5.696, 'y': 0.924, 'r': 0.4, 'type': 1}]
31735,1398693989.933766,[{'idp': 6, 'x': 1.931, 'y': 0.668, 'r': 0.4, 'type': 1}, {'idp': 7, 'x': 3.317, 'y': -0.78, 'r': 0.4, 'type': 1}, {'idp': 17, 'x': 1.135, 'y': 0.777, 'r': 0.6, 'type': 2}, {'idp': 18, 'x': 5.72, 'y': 0.917, 'r': 0.4, 'type': 1}]
31736,1398693989.9736528,[{'idp': 6, 'x': 1.889, 'y': 0.686, 'r': 0.4, 'type': 1}, {'idp': 7, 'x': 3.335, 'y': -0.779, 'r': 0.4, 'type': 1}, {'idp': 17, 'x': 1.107, 'y': 0.786, 'r': 0.6, 'type': 2}, {'idp': 18, 'x': 5.701, 'y': 0.979, 'r': 0.4, 'type': 1}]
31737,1398693989.973681,[{'idp': 6, 'x': 1.849, 'y': 0.694, 'r': 0.4, 'type': 1}, {'idp': 7, 'x': 3.349, 'y': -0.774, 'r': 0.4, 'type': 1}, {'idp': 17, 'x': 1.079, 'y': 0.803, 'r': 0.6, 'type': 2}, {'idp': 18, 'x': 5.737, 'y': 0.972, 'r': 0.4, 'type': 1}]
31738,1398693990.0136817,[{'idp': 6, 'x': 1.807, 'y': 0.688, 'r': 0.4, 'type': 1}, {'idp': 7, 'x': 3.357, 'y': -0.791, 'r': 0.4, 'type': 1}, {'idp': 17, 'x': 1.05, 'y': 0.802, 'r': 0.6, 'type': 2}, {'idp': 18, 'x': 5.744, 'y': 0.974, 'r': 0.4, 'type': 1}]
31739,1398693990.0224893,[{'idp': 6, 'x': 1.774, 'y': 0.676, 'r': 0.4, 'type': 1}, {'idp': 7, 'x': 3.364, 'y': -0.823, 'r': 0.4, 'type': 1}, {'idp': 17, 'x': 0.989, 'y': 0.798, 'r': 0.6, 'type': 2}, {'idp': 18, 'x': 5.778, 'y': 0.968, 'r': 0.4, 'type': 1}]
31740,1398693990.0616605,[{'idp': 6, 'x': 1.718, 'y': 0.665, 'r': 0.4, 'type': 1}, {'idp': 7, 'x': 3.357, 'y': -0.852, 'r': 0.4, 'type': 1}, {'idp': 17, 'x': 0.922, 'y': 0.793, 'r': 0.6, 'type': 2}, {'idp': 18, 'x': 5.812, 'y': 0.922, 'r': 0.4, 'type': 1}]
31741,1398693990.1017475,[{'idp': 6, 'x': 1.666, 'y': 0.679, 'r': 0.4, 'type': 1}, {'idp': 7, 'x': 3.35, 'y': -0.873, 'r': 0.4, 'type': 1}, {'idp': 17, 'x': 0.877, 'y': 0.788, 'r': 0.6, 'type': 2}, {'idp': 18, 'x': 5.847, 'y': 0.901, 'r': 0.4, 'type': 1}]
31742,1398693990.1017764,[{'idp': 6, 'x': 1.657, 'y': 0.714, 'r': 0.4, 'type': 1}, {'idp': 7, 'x': 3.355, 'y': -0.884, 'r': 0.4, 'type': 1}, {'idp': 17, 'x': 0.863, 'y': 0.788, 'r': 0.6, 'type': 2}, {'idp': 18, 'x': 5.853, 'y': 0.929, 'r': 0.4, 'type': 1}]
31743,1398693990.1416798,[{'idp': 6, 'x': 1.642, 'y': 0.725, 'r': 0.4, 'type': 1}, {'idp': 7, 'x': 3.344, 'y': -0.896, 'r': 0.4, 'type': 1}, {'idp': 17, 'x': 0.82, 'y': 0.789, 'r': 0.6, 'type': 2}, {'idp': 18, 'x': 5.855, 'y': 0.969, 'r': 0.4, 'type': 1}]
31744,1398693990.1467643,[{'idp': 6, 'x': 1.603, 'y': 0.728, 'r': 0.4, 'type': 1}, {'idp': 7, 'x': 3.324, 'y': -0.914, 'r': 0.4, 'type': 1}, {'idp': 17, 'x': 0.786, 'y': 0.79, 'r': 0.6, 'type': 2}, {'idp': 18, 'x': 5.863, 'y': 0.97, 'r': 0.4, 'type': 1}]
31745,1398693990.185673,[{'idp': 6, 'x': 1.586, 'y': 0.728, 'r': 0.4, 'type': 1}, {'idp': 7, 'x': 3.298, 'y': -0.94, 'r': 0.4, 'type': 1}, {'idp': 17, 'x': 0.762, 'y': 0.79, 'r': 0.6, 'type': 2}, {'idp': 18, 'x': 5.868, 'y': 0.971, 'r': 0.4, 'type': 1}]
31746,1398693990.2256734,[{'idp': 6, 'x': 1.557, 'y': 0.73, 'r': 0.4, 'type': 1}, {'idp': 7, 'x': 3.282, 'y': -0.955, 'r': 0.4, 'type': 1}, {'idp': 17, 'x': 0.731, 'y': 0.8, 'r': 0.6, 'type': 2}, {'idp': 18, 'x': 5.864, 'y': 0.971, 'r': 0.4, 'type': 1}]
31747,1398693990.2257023,[{'idp': 6, 'x': 1.54, 'y': 0.739, 'r': 0.4, 'type': 1}, {'idp': 7, 'x': 3.248, 'y': -0.982, 'r': 0.4, 'type': 1}, {'idp': 17, 'x': 0.67, 'y': 0.809, 'r': 0.6, 'type': 2}, {'idp': 18, 'x': 5.869, 'y': 0.971, 'r': 0.4, 'type': 1}]
31748,1398693990.2656941,[{'idp': 6, 'x': 1.498, 'y': 0.733, 'r': 0.4, 'type': 1}, {'idp': 7, 'x': 3.195, 'y': -1.037, 'r': 0.4, 'type': 1}, {'idp': 17, 'x': 0.641, 'y': 0.806, 'r': 0.6, 'type': 2}, {'idp': 18, 'x': 5.87, 'y': 0.971, 'r': 0.4, 'type': 1}]
31749,1398693990.2716277,[{'idp': 6, 'x': 1.463, 'y': 0.725, 'r': 0.4, 'type': 1}, {'idp': 7, 'x': 3.151, 'y': -1.076, 'r': 0.4, 'type': 1}, {'idp': 17, 'x': 0.61, 'y': 0.809, 'r': 0.6, 'type': 2}, {'idp': 18, 'x': 5.89, 'y': 0.975, 'r': 0.4, 'type': 1}]
31750,1398693990.3097079,[{'idp': 6, 'x': 1.453, 'y': 0.724, 'r': 0.4, 'type': 1}, {'idp': 7, 'x': 3.113, 'y': -1.102, 'r': 0.4, 'type': 1}, {'idp': 17, 'x': 0.586, 'y': 0.808, 'r': 0.6, 'type': 2}, {'idp': 18, 'x': 5.903, 'y': 0.977, 'r': 0.4, 'type': 1}]
31751,1398693990.349716,[{'idp': 6, 'x': 1.417, 'y': 0.723, 'r': 0.4, 'type': 1}, {'idp': 7, 'x': 3.089, 'y': -1.134, 'r': 0.4, 'type': 1}, {'idp': 17, 'x': 0.558, 'y': 0.822, 'r': 0.6, 'type': 2}, {'idp': 18, 'x': 5.918, 'y': 0.979, 'r': 0.4, 'type': 1}]
31752,1398693990.3497376,[{'idp': 6, 'x': 1.391, 'y': 0.728, 'r': 0.4, 'type': 1}, {'idp': 7, 'x': 3.053, 'y': -1.177, 'r': 0.4, 'type': 1}, {'idp': 17, 'x': 0.52, 'y': 0.815, 'r': 0.6, 'type': 2}, {'idp': 18, 'x': 5.947, 'y': 0.984, 'r': 0.4, 'type': 1}]
31753,1398693990.3896983,[{'idp': 6, 'x': 1.363, 'y': 0.729, 'r': 0.4, 'type': 1}, {'idp': 7, 'x': 3.025, 'y': -1.198, 'r': 0.4, 'type': 1}, {'idp': 17, 'x': 0.492, 'y': 0.808, 'r': 0.6, 'type': 2}, {'idp': 18, 'x': 5.98, 'y': 1.003, 'r': 0.4, 'type': 1}]
31754,1398693990.3960938,[{'idp': 6, 'x': 1.325, 'y': 0.738, 'r': 0.4, 'type': 1}, {'idp': 7, 'x': 3.01, 'y': -1.207, 'r': 0.4, 'type': 1}, {'idp': 17, 'x': 0.459, 'y': 0.808, 'r': 0.6, 'type': 2}, {'idp': 18, 'x': 6.003, 'y': 1.007, 'r': 0.4, 'type': 1}]
31755,1398693990.4339206,[{'idp': 6, 'x': 1.298, 'y': 0.739, 'r': 0.4, 'type': 1}, {'idp': 7, 'x': 2.99, 'y': -1.219, 'r': 0.4, 'type': 1}, {'idp': 17, 'x': 0.433, 'y': 0.798, 'r': 0.6, 'type': 2}, {'idp': 18, 'x': 6.035, 'y': 1.012, 'r': 0.4, 'type': 1}]
31756,1398693990.4736996,[{'idp': 6, 'x': 1.252, 'y': 0.75, 'r': 0.4, 'type': 1}, {'idp': 7, 'x': 2.959, 'y': -1.22, 'r': 0.4, 'type': 1}, {'idp': 17, 'x': 0.407, 'y': 0.799, 'r': 0.6, 'type': 2}, {'idp': 18, 'x': 6.062, 'y': 0.989, 'r': 0.4, 'type': 1}]
31757,1398693990.473721,[{'idp': 6, 'x': 1.195, 'y': 0.768, 'r': 0.4, 'type': 1}, {'idp': 7, 'x': 2.947, 'y': -1.21, 'r': 0.4, 'type': 1}, {'idp': 17, 'x': 0.394, 'y': 0.803, 'r': 0.6, 'type': 2}, {'idp': 18, 'x': 6.083, 'y': 1.019, 'r': 0.4, 'type': 1}]
31758,1398693990.5137873,[{'idp': 6, 'x': 1.142, 'y': 0.787, 'r': 0.4, 'type': 1}, {'idp': 7, 'x': 2.927, 'y': -1.211, 'r': 0.4, 'type': 1}, {'idp': 17, 'x': 0.407, 'y': 0.808, 'r': 0.6, 'type': 2}, {'idp': 18, 'x': 6.075, 'y': 1.031, 'r': 0.4, 'type': 1}]
31759,1398693990.5208497,[{'idp': 6, 'x': 1.082, 'y': 0.808, 'r': 0.4, 'type': 1}, {'idp': 7, 'x': 2.923, 'y': -1.197, 'r': 0.4, 'type': 1}, {'idp': 17, 'x': 0.431, 'y': 0.811, 'r': 0.6, 'type': 2}, {'idp': 18, 'x': 6.107, 'y': 1.064, 'r': 0.4, 'type': 1}]
31760,1398693990.5576854,[{'idp': 6, 'x': 1.043, 'y': 0.818, 'r': 0.4, 'type': 1}, {'idp': 7, 'x': 2.905, 'y': -1.201, 'r': 0.4, 'type': 1}, {'idp': 17, 'x': 0.43, 'y': 0.82, 'r': 0.6, 'type': 2}, {'idp': 18, 'x': 6.144, 'y': 1.098, 'r': 0.4, 'type': 1}]
31761,1398693990.5976856,[{'idp': 6, 'x': 1.015, 'y': 0.814, 'r': 0.4, 'type': 1}, {'idp': 7, 'x': 2.901, 'y': -1.198, 'r': 0.4, 'type': 1}, {'idp': 17, 'x': 0.443, 'y': 0.824, 'r': 0.6, 'type': 2}, {'idp': 18, 'x': 6.188, 'y': 1.135, 'r': 0.4, 'type': 1}]
31762,1398693990.5977192,[{'idp': 6, 'x': 0.991, 'y': 0.808, 'r': 0.4, 'type': 1}, {'idp': 7, 'x': 2.889, 'y': -1.193, 'r': 0.4, 'type': 1}, {'idp': 17, 'x': 0.444, 'y': 0.82, 'r': 0.6, 'type': 2}, {'idp': 18, 'x': 6.19, 'y': 1.151, 'r': 0.4, 'type': 1}]
31763,1398693990.6376772,[{'idp': 6, 'x': 0.954, 'y': 0.807, 'r': 0.4, 'type': 1}, {'idp': 7, 'x': 2.885, 'y': -1.206, 'r': 0.4, 'type': 1}, {'idp': 17, 'x': 0.438, 'y': 0.814, 'r': 0.6, 'type': 2}, {'idp': 18, 'x': 6.2, 'y': 1.137, 'r': 0.4, 'type': 1}]
31764,1398693990.6466217,[{'idp': 6, 'x': 0.921, 'y': 0.806, 'r': 0.4, 'type': 1}, {'idp': 7, 'x': 2.86, 'y': -1.229, 'r': 0.4, 'type': 1}, {'idp': 17, 'x': 0.416, 'y': 0.81, 'r': 0.6, 'type': 2}, {'idp': 18, 'x': 6.206, 'y': 1.097, 'r': 0.4, 'type': 1}]
31765,1398693990.6856937,[{'idp': 6, 'x': 0.884, 'y': 0.807, 'r': 0.4, 'type': 1}, {'idp': 7, 'x': 2.856, 'y': -1.243, 'r': 0.4, 'type': 1}, {'idp': 17, 'x': 0.459, 'y': 0.791, 'r': 0.6, 'type': 2}, {'idp': 18, 'x': 6.218, 'y': 1.061, 'r': 0.4, 'type': 1}]
31766,1398693990.7257032,[{'idp': 6, 'x': 0.851, 'y': 0.814, 'r': 0.4, 'type': 1}, {'idp': 7, 'x': 2.835, 'y': -1.245, 'r': 0.4, 'type': 1}, {'idp': 17, 'x': 0.494, 'y': 0.781, 'r': 0.6, 'type': 2}, {'idp': 18, 'x': 6.214, 'y': 1.075, 'r': 0.4, 'type': 1}]
31767,1398693990.7257335,[{'idp': 6, 'x': 0.825, 'y': 0.825, 'r': 0.4, 'type': 1}, {'idp': 7, 'x': 2.814, 'y': -1.263, 'r': 0.4, 'type': 1}, {'idp': 17, 'x': 0.479, 'y': 0.783, 'r': 0.6, 'type': 2}, {'idp': 18, 'x': 5.992, 'y': 0.814, 'r': 0.4, 'type': 1}, {'idp': 19, 'x': 6.534, 'y': 1.649, 'r': 0.4, 'type': 1}]
31768,1398693990.7656674,[{'idp': 6, 'x': 0.792, 'y': 0.832, 'r': 0.4, 'type': 1}, {'idp': 7, 'x': 2.794, 'y': -1.266, 'r': 0.4, 'type': 1}, {'idp': 17, 'x': 0.453, 'y': 0.786, 'r': 0.6, 'type': 2}, {'idp': 18, 'x': 6.211, 'y': 1.009, 'r': 0.4, 'type': 1}, {'idp': 19, 'x': 6.383, 'y': 1.52, 'r': 0.4, 'type': 1}]
31769,1398693990.7696416,[{'idp': 6, 'x': 0.759, 'y': 0.833, 'r': 0.4, 'type': 1}, {'idp': 7, 'x': 2.742, 'y': -1.28, 'r': 0.4, 'type': 1}, {'idp': 17, 'x': 0.436, 'y': 0.788, 'r': 0.6, 'type': 2}, {'idp': 18, 'x': 6.215, 'y': 1.067, 'r': 0.4, 'type': 1}, {'idp': 19, 'x': 6.39, 'y': 1.507, 'r': 0.4, 'type': 1}]
31770,1398693990.8096669,[{'idp': 6, 'x': 0.715, 'y': 0.839, 'r': 0.4, 'type': 1}, {'idp': 7, 'x': 2.69, 'y': -1.317, 'r': 0.4, 'type': 1}, {'idp': 17, 'x': 0.437, 'y': 0.792, 'r': 0.6, 'type': 2}, {'idp': 18, 'x': 6.211, 'y': 1.102, 'r': 0.4, 'type': 1}, {'idp': 19, 'x': 6.374, 'y': 1.488, 'r': 0.4, 'type': 1}]
31771,1398693990.8497334,[{'idp': 6, 'x': 0.676, 'y': 0.841, 'r': 0.4, 'type': 1}, {'idp': 7, 'x': 2.678, 'y': -1.309, 'r': 0.4, 'type': 1}, {'idp': 17, 'x': 0.439, 'y': 0.791, 'r': 0.6, 'type': 2}, {'idp': 18, 'x': 6.202, 'y': 1.122, 'r': 0.4, 'type': 1}, {'idp': 19, 'x': 6.372, 'y': 1.503, 'r': 0.4, 'type': 1}]
31772,1398693990.8497725,[{'idp': 6, 'x': 0.628, 'y': 0.841, 'r': 0.4, 'type': 1}, {'idp': 7, 'x': 2.665, 'y': -1.311, 'r': 0.4, 'type': 1}, {'idp': 17, 'x': 0.401, 'y': 0.785, 'r': 0.6, 'type': 2}, {'idp': 18, 'x': 6.206, 'y': 1.164, 'r': 0.4, 'type': 1}, {'idp': 19, 'x': 6.354, 'y': 1.513, 'r': 0.4, 'type': 1}]
31773,1398693990.889687,[{'idp': 6, 'x': 0.573, 'y': 0.828, 'r': 0.4, 'type': 1}, {'idp': 7, 'x': 2.64, 'y': -1.316, 'r': 0.4, 'type': 1}, {'idp': 17, 'x': 0.368, 'y': 0.777, 'r': 0.6, 'type': 2}, {'idp': 18, 'x': 6.159, 'y': 0.939, 'r': 0.2, 'type': 1}, {'idp': 19, 'x': 6.534, 'y': 1.649, 'r': 0.2, 'type': 1}]
31774,1398693990.8938756,[{'idp': 6, 'x': 0.508, 'y': 0.783, 'r': 0.4, 'type': 1}, {'idp': 7, 'x': 2.614, 'y': -1.315, 'r': 0.4, 'type': 1}, {'idp': 17, 'x': 0.335, 'y': 0.752, 'r': 0.6, 'type': 2}, {'idp': 18, 'x': 6.015, 'y': 1.047, 'r': 0.2, 'type': 1}, {'idp': 19, 'x': 6.62, 'y': 1.651, 'r': 0.2, 'type': 1}]
31775,1398693990.9336333,[{'idp': 6, 'x': 0.464, 'y': 0.788, 'r': 0.4, 'type': 1}, {'idp': 7, 'x': 2.6, 'y': -1.33, 'r': 0.4, 'type': 1}, {'idp': 17, 'x': 0.363, 'y': 0.77, 'r': 0.6, 'type': 2}, {'idp': 18, 'x': 6.014, 'y': 1.101, 'r': 0.2, 'type': 1}, {'idp': 19, 'x': 6.656, 'y': 1.66, 'r': 0.2, 'type': 1}]
31776,1398693990.973688,[{'idp': 6, 'x': 0.439, 'y': 0.815, 'r': 0.4, 'type': 1}, {'idp': 7, 'x': 2.587, 'y': -1.323, 'r': 0.4, 'type': 1}, {'idp': 17, 'x': 0.425, 'y': 0.812, 'r': 0.6, 'type': 2}, {'idp': 18, 'x': 5.986, 'y': 1.109, 'r': 0.2, 'type': 1}, {'idp': 19, 'x': 6.656, 'y': 1.66, 'r': 0.2, 'type': 1}]
31777,1398693990.973721,[{'idp': 6, 'x': 0.405, 'y': 0.833, 'r': 0.4, 'type': 1}, {'idp': 7, 'x': 2.576, 'y': -1.318, 'r': 0.4, 'type': 1}, {'idp': 17, 'x': 0.405, 'y': 0.833, 'r': 0.6, 'type': 2}, {'idp': 18, 'x': 5.974, 'y': 1.121, 'r': 0.2, 'type': 1}, {'idp': 19, 'x': 6.656, 'y': 1.66, 'r': 0.2, 'type': 1}]
31778,1398693991.0136735,[{'idp': 6, 'x': 0.373, 'y': 0.839, 'r': 0.4, 'type': 1}, {'idp': 7, 'x': 2.561, 'y': -1.324, 'r': 0.4, 'type': 1}, {'idp': 17, 'x': 0.373, 'y': 0.839, 'r': 0.6, 'type': 2}, {'idp': 18, 'x': 5.983, 'y': 1.109, 'r': 0.2, 'type': 1}, {'idp': 19, 'x': 6.656, 'y': 1.66, 'r': 0.2, 'type': 1}]
31779,1398693991.0189424,[{'idp': 6, 'x': 0.336, 'y': 0.837, 'r': 0.4, 'type': 1}, {'idp': 7, 'x': 2.559, 'y': -1.329, 'r': 0.4, 'type': 1}, {'idp': 17, 'x': 0.336, 'y': 0.837, 'r': 0.6, 'type': 2}, {'idp': 18, 'x': 6.034, 'y': 1.105, 'r': 0.2, 'type': 1}, {'idp': 19, 'x': 6.656, 'y': 1.66, 'r': 0.2, 'type': 1}]
31780,1398693991.05764,[{'idp': 6, 'x': 0.299, 'y': 0.837, 'r': 0.4, 'type': 1}, {'idp': 7, 'x': 2.55, 'y': -1.332, 'r': 0.4, 'type': 1}, {'idp': 17, 'x': 0.302, 'y': 0.843, 'r': 0.6, 'type': 2}, {'idp': 18, 'x': 6.107, 'y': 1.104, 'r': 0.2, 'type': 1}, {'idp': 19, 'x': 6.73, 'y': 1.647, 'r': 0.2, 'type': 1}]
31781,1398693991.0976977,[{'idp': 6, 'x': 0.273, 'y': 0.844, 'r': 0.4, 'type': 1}, {'idp': 7, 'x': 2.526, 'y': -1.318, 'r': 0.4, 'type': 1}, {'idp': 17, 'x': 0.273, 'y': 0.844, 'r': 0.6, 'type': 2}, {'idp': 18, 'x': 6.192, 'y': 1.106, 'r': 0.2, 'type': 1}, {'idp': 19, 'x': 6.726, 'y': 1.662, 'r': 0.2, 'type': 1}]
31782,1398693991.0977242,[{'idp': 6, 'x': 0.25, 'y': 0.85, 'r': 0.4, 'type': 1}, {'idp': 7, 'x': 2.514, 'y': -1.314, 'r': 0.4, 'type': 1}, {'idp': 17, 'x': 0.25, 'y': 0.85, 'r': 0.6, 'type': 2}, {'idp': 18, 'x': 6.215, 'y': 1.138, 'r': 0.2, 'type': 1}, {'idp': 19, 'x': 6.69, 'y': 1.684, 'r': 0.2, 'type': 1}]
31783,1398693991.1376746,[{'idp': 6, 'x': 0.25, 'y': 0.857, 'r': 0.4, 'type': 1}, {'idp': 7, 'x': 2.521, 'y': -1.288, 'r': 0.4, 'type': 1}, {'idp': 17, 'x': 0.25, 'y': 0.857, 'r': 0.6, 'type': 2}, {'idp': 18, 'x': 6.242, 'y': 1.157, 'r': 0.2, 'type': 1}, {'idp': 19, 'x': 6.676, 'y': 1.711, 'r': 0.2, 'type': 1}]
31784,1398693991.1439662,[{'idp': 6, 'x': 0.253, 'y': 0.867, 'r': 0.4, 'type': 1}, {'idp': 7, 'x': 2.502, 'y': -1.308, 'r': 0.4, 'type': 1}, {'idp': 17, 'x': 0.255, 'y': 0.872, 'r': 0.6, 'type': 2}, {'idp': 18, 'x': 6.267, 'y': 1.162, 'r': 0.2, 'type': 1}, {'idp': 19, 'x': 6.683, 'y': 1.713, 'r': 0.2, 'type': 1}]
31785,1398693991.1817915,[{'idp': 6, 'x': 0.261, 'y': 0.876, 'r': 0.4, 'type': 1}, {'idp': 7, 'x': 2.49, 'y': -1.329, 'r': 0.4, 'type': 1}, {'idp': 17, 'x': 0.263, 'y': 0.884, 'r': 0.6, 'type': 2}, {'idp': 18, 'x': 6.328, 'y': 1.102, 'r': 0.2, 'type': 1}, {'idp': 19, 'x': 6.678, 'y': 1.634, 'r': 0.2, 'type': 1}]
31786,1398693991.2216792,[{'idp': 6, 'x': 0.271, 'y': 0.886, 'r': 0.4, 'type': 1}, {'idp': 7, 'x': 2.45, 'y': -1.335, 'r': 0.4, 'type': 1}, {'idp': 17, 'x': 0.273, 'y': 0.895, 'r': 0.6, 'type': 2}, {'idp': 18, 'x': 6.414, 'y': 1.016, 'r': 0.2, 'type': 1}, {'idp': 19, 'x': 6.688, 'y': 1.575, 'r': 0.2, 'type': 1}]
31787,1398693991.22171,[{'idp': 6, 'x': 0.274, 'y': 0.911, 'r': 0.4, 'type': 1}, {'idp': 7, 'x': 2.448, 'y': -1.347, 'r': 0.4, 'type': 1}, {'idp': 17, 'x': 0.274, 'y': 0.911, 'r': 0.6, 'type': 2}, {'idp': 18, 'x': 6.422, 'y': 0.96, 'r': 0.2, 'type': 1}, {'idp': 19, 'x': 6.676, 'y': 1.572, 'r': 0.2, 'type': 1}]
31788,1398693991.2616808,[{'idp': 6, 'x': 0.257, 'y': 0.92, 'r': 0.4, 'type': 1}, {'idp': 7, 'x': 2.43, 'y': -1.324, 'r': 0.4, 'type': 1}, {'idp': 17, 'x': 0.257, 'y': 0.92, 'r': 0.6, 'type': 2}, {'idp': 18, 'x': 6.436, 'y': 0.991, 'r': 0.2, 'type': 1}, {'idp': 19, 'x': 6.646, 'y': 1.611, 'r': 0.2, 'type': 1}]
31789,1398693991.2679532,[{'idp': 6, 'x': 0.206, 'y': 0.921, 'r': 0.4, 'type': 1}, {'idp': 7, 'x': 2.421, 'y': -1.337, 'r': 0.4, 'type': 1}, {'idp': 17, 'x': 0.206, 'y': 0.921, 'r': 0.6, 'type': 2}, {'idp': 18, 'x': 6.444, 'y': 1.007, 'r': 0.2, 'type': 1}, {'idp': 19, 'x': 6.629, 'y': 1.622, 'r': 0.2, 'type': 1}]
31790,1398693991.3057218,[{'idp': 6, 'x': 0.163, 'y': 0.927, 'r': 0.4, 'type': 1}, {'idp': 7, 'x': 2.383, 'y': -1.337, 'r': 0.4, 'type': 1}, {'idp': 17, 'x': 0.163, 'y': 0.927, 'r': 0.6, 'type': 2}, {'idp': 18, 'x': 6.479, 'y': 0.998, 'r': 0.2, 'type': 1}, {'idp': 19, 'x': 6.631, 'y': 1.577, 'r': 0.2, 'type': 1}]
31791,1398693991.345671,[{'idp': 6, 'x': 0.126, 'y': 0.922, 'r': 0.4, 'type': 1}, {'idp': 7, 'x': 2.364, 'y': -1.339, 'r': 0.4, 'type': 1}, {'idp': 17, 'x': 0.126, 'y': 0.922, 'r': 0.6, 'type': 2}, {'idp': 18, 'x': 6.507, 'y': 0.989, 'r': 0.2, 'type': 1}, {'idp': 19, 'x': 6.639, 'y': 1.533, 'r': 0.2, 'type': 1}]
31792,1398693991.3457034,[{'idp': 6, 'x': 0.093, 'y': 0.903, 'r': 0.4, 'type': 1}, {'idp': 7, 'x': 2.344, 'y': -1.351, 'r': 0.4, 'type': 1}, {'idp': 17, 'x': 0.093, 'y': 0.903, 'r': 0.6, 'type': 2}, {'idp': 18, 'x': 6.531, 'y': 0.992, 'r': 0.2, 'type': 1}, {'idp': 19, 'x': 6.638, 'y': 1.517, 'r': 0.2, 'type': 1}]
31793,1398693991.3856845,[{'idp': 6, 'x': 0.068, 'y': 0.894, 'r': 0.4, 'type': 1}, {'idp': 7, 'x': 2.329, 'y': -1.335, 'r': 0.4, 'type': 1}, {'idp': 17, 'x': 0.068, 'y': 0.894, 'r': 0.6, 'type': 2}, {'idp': 18, 'x': 6.511, 'y': 0.989, 'r': 0.2, 'type': 1}, {'idp': 19, 'x': 6.649, 'y': 1.535, 'r': 0.2, 'type': 1}]
31794,1398693991.392969,[{'idp': 6, 'x': 0.038, 'y': 0.902, 'r': 0.4, 'type': 1}, {'idp': 7, 'x': 2.326, 'y': -1.331, 'r': 0.4, 'type': 1}, {'idp': 18, 'x': 6.422, 'y': 0.946, 'r': 0.2, 'type': 1}, {'idp': 19, 'x': 6.667, 'y': 1.538, 'r': 0.2, 'type': 1}]
31795,1398693991.429664,[{'idp': 6, 'x': 0.038, 'y': 0.902, 'r': 0.4, 'type': 1}, {'idp': 7, 'x': 2.295, 'y': -1.324, 'r': 0.4, 'type': 1}, {'idp': 18, 'x': 6.36, 'y': 0.922, 'r': 0.2, 'type': 1}, {'idp': 19, 'x': 6.658, 'y': 1.551, 'r': 0.2, 'type': 1}]
31796,1398693991.4697607,[{'idp': 6, 'x': 0.038, 'y': 0.902, 'r': 0.4, 'type': 1}, {'idp': 7, 'x': 2.266, 'y': -1.312, 'r': 0.4, 'type': 1}, {'idp': 18, 'x': 6.377, 'y': 0.925, 'r': 0.2, 'type': 1}, {'idp': 19, 'x': 6.647, 'y': 1.564, 'r': 0.2, 'type': 1}]
31797,1398693991.4697886,[{'idp': 6, 'x': 0.038, 'y': 0.902, 'r': 0.4, 'type': 1}, {'idp': 7, 'x': 2.261, 'y': -1.321, 'r': 0.4, 'type': 1}, {'idp': 18, 'x': 6.375, 'y': 0.896, 'r': 0.2, 'type': 1}, {'idp': 19, 'x': 6.621, 'y': 1.574, 'r': 0.2, 'type': 1}]
31798,1398693991.509662,[{'idp': 6, 'x': 0.038, 'y': 0.902, 'r': 0.4, 'type': 1}, {'idp': 7, 'x': 2.222, 'y': -1.32, 'r': 0.4, 'type': 1}, {'idp': 18, 'x': 6.398, 'y': 0.871, 'r': 0.2, 'type': 1}, {'idp': 19, 'x': 6.591, 'y': 1.582, 'r': 0.2, 'type': 1}]
31799,1398693991.5176227,[{'idp': 6, 'x': 0.038, 'y': 0.902, 'r': 0.4, 'type': 1}, {'idp': 7, 'x': 2.204, 'y': -1.322, 'r': 0.4, 'type': 1}, {'idp': 18, 'x': 6.494, 'y': 0.855, 'r': 0.2, 'type': 1}, {'idp': 19, 'x': 6.62, 'y': 1.574, 'r': 0.2, 'type': 1}]
31800,1398693991.5537367,[{'idp': 6, 'x': 0.038, 'y': 0.902, 'r': 0.4, 'type': 1}, {'idp': 7, 'x': 2.164, 'y': -1.304, 'r': 0.4, 'type': 1}, {'idp': 18, 'x': 6.522, 'y': 0.873, 'r': 0.2, 'type': 1}, {'idp': 19, 'x': 6.646, 'y': 1.58, 'r': 0.2, 'type': 1}]
31801,1398693991.5936823,[{'idp': 7, 'x': 2.159, 'y': -1.315, 'r': 0.4, 'type': 1}, {'idp': 18, 'x': 6.558, 'y': 0.878, 'r': 0.2, 'type': 1}, {'idp': 19, 'x': 6.66, 'y': 1.584, 'r': 0.2, 'type': 1}, {'idp': 20, 'x': 3.403, 'y': 1.273, 'r': 0.4, 'type': 1}, {'idp': 21, 'x': 4.196, 'y': 1.566, 'r': 0.4, 'type': 1}, {'idp': 22, 'x': 3.111, 'y': -1.357, 'r': 0.4, 'type': 1}, {'idp': 23, 'x': 1.065, 'y': -1.106, 'r': 0.4, 'type': 1}]
31802,1398693991.5937104,[{'idp': 7, 'x': 2.153, 'y': -1.33, 'r': 0.4, 'type': 1}, {'idp': 18, 'x': 6.603, 'y': 0.869, 'r': 0.2, 'type': 1}, {'idp': 19, 'x': 6.663, 'y': 1.569, 'r': 0.2, 'type': 1}, {'idp': 20, 'x': 3.471, 'y': 1.284, 'r': 0.4, 'type': 1}, {'idp': 21, 'x': 4.179, 'y': 1.57, 'r': 0.4, 'type': 1}, {'idp': 22, 'x': 2.903, 'y': -1.306, 'r': 0.4, 'type': 1}, {'idp': 23, 'x': 1.049, 'y': -1.154, 'r': 0.4, 'type': 1}]
31803,1398693991.6336849,[{'idp': 7, 'x': 2.11, 'y': -1.317, 'r': 0.4, 'type': 1}, {'idp': 18, 'x': 6.623, 'y': 0.857, 'r': 0.2, 'type': 1}, {'idp': 19, 'x': 6.657, 'y': 1.568, 'r': 0.2, 'type': 1}, {'idp': 20, 'x': 3.473, 'y': 1.276, 'r': 0.4, 'type': 1}, {'idp': 21, 'x': 4.151, 'y': 1.56, 'r': 0.4, 'type': 1}, {'idp': 22, 'x': 2.881, 'y': -1.32, 'r': 0.4, 'type': 1}, {'idp': 23, 'x': 1.031, 'y': -1.169, 'r': 0.4, 'type': 1}]
31804,1398693991.6415386,[{'idp': 7, 'x': 2.086, 'y': -1.302, 'r': 0.4, 'type': 1}, {'idp': 18, 'x': 6.662, 'y': 0.862, 'r': 0.2, 'type': 1}, {'idp': 19, 'x': 6.662, 'y': 1.584, 'r': 0.2, 'type': 1}, {'idp': 20, 'x': 3.497, 'y': 1.276, 'r': 0.4, 'type': 1}, {'idp': 21, 'x': 4.155, 'y': 1.551, 'r': 0.4, 'type': 1}, {'idp': 22, 'x': 2.891, 'y': -1.332, 'r': 0.4, 'type': 1}, {'idp': 23, 'x': 1.006, 'y': -1.214, 'r': 0.4, 'type': 1}]
31805,1398693991.6776547,[{'idp': 7, 'x': 2.068, 'y': -1.303, 'r': 0.4, 'type': 1}, {'idp': 18, 'x': 6.715, 'y': 0.884, 'r': 0.2, 'type': 1}, {'idp': 19, 'x': 6.696, 'y': 1.607, 'r': 0.2, 'type': 1}, {'idp': 20, 'x': 3.523, 'y': 1.274, 'r': 0.4, 'type': 1}, {'idp': 21, 'x': 4.108, 'y': 1.515, 'r': 0.4, 'type': 1}, {'idp': 22, 'x': 2.86, 'y': -1.34, 'r': 0.4, 'type': 1}, {'idp': 23, 'x': 0.964, 'y': -1.275, 'r': 0.4, 'type': 1}]
31806,1398693991.7177067,[{'idp': 7, 'x': 2.046, 'y': -1.289, 'r': 0.4, 'type': 1}, {'idp': 18, 'x': 6.763, 'y': 0.906, 'r': 0.2, 'type': 1}, {'idp': 19, 'x': 6.728, 'y': 1.615, 'r': 0.2, 'type': 1}, {'idp': 20, 'x': 3.549, 'y': 1.279, 'r': 0.4, 'type': 1}, {'idp': 21, 'x': 4.18, 'y': 1.501, 'r': 0.4, 'type': 1}, {'idp': 22, 'x': 2.86, 'y': -1.347, 'r': 0.4, 'type': 1}, {'idp': 23, 'x': 0.924, 'y': -1.329, 'r': 0.4, 'type': 1}]
31807,1398693991.717767,[{'idp': 7, 'x': 2.023, 'y': -1.294, 'r': 0.4, 'type': 1}, {'idp': 18, 'x': 6.81, 'y': 0.927, 'r': 0.2, 'type': 1}, {'idp': 19, 'x': 6.741, 'y': 1.618, 'r': 0.2, 'type': 1}, {'idp': 20, 'x': 3.566, 'y': 1.269, 'r': 0.4, 'type': 1}, {'idp': 21, 'x': 4.145, 'y': 1.458, 'r': 0.4, 'type': 1}, {'idp': 22, 'x': 2.855, 'y': -1.352, 'r': 0.4, 'type': 1}, {'idp': 23, 'x': 0.892, 'y': -1.353, 'r': 0.4, 'type': 1}]
31808,1398693991.7577302,[{'idp': 7, 'x': 1.99, 'y': -1.29, 'r': 0.4, 'type': 1}, {'idp': 18, 'x': 6.835, 'y': 0.931, 'r': 0.2, 'type': 1}, {'idp': 19, 'x': 6.759, 'y': 1.591, 'r': 0.2, 'type': 1}, {'idp': 20, 'x': 3.582, 'y': 1.237, 'r': 0.4, 'type': 1}, {'idp': 21, 'x': 4.145, 'y': 1.458, 'r': 0.4, 'type': 1}, {'idp': 22, 'x': 2.825, 'y': -1.368, 'r': 0.4, 'type': 1}, {'idp': 23, 'x': 0.859, 'y': -1.377, 'r': 0.4, 'type': 1}]
31809,1398693991.765979,[{'idp': 7, 'x': 1.949, 'y': -1.288, 'r': 0.4, 'type': 1}, {'idp': 18, 'x': 6.804, 'y': 0.911, 'r': 0.2, 'type': 1}, {'idp': 19, 'x': 6.758, 'y': 1.576, 'r': 0.2, 'type': 1}, {'idp': 20, 'x': 3.597, 'y': 1.215, 'r': 0.4, 'type': 1}, {'idp': 21, 'x': 4.572, 'y': 1.691, 'r': 0.4, 'type': 1}, {'idp': 22, 'x': 2.805, 'y': -1.381, 'r': 0.4, 'type': 1}, {'idp': 23, 'x': 0.829, 'y': -1.406, 'r': 0.4, 'type': 1}]
31810,1398693991.805765,[{'idp': 7, 'x': 1.915, 'y': -1.277, 'r': 0.4, 'type': 1}, {'idp': 18, 'x': 6.816, 'y': 0.913, 'r': 0.2, 'type': 1}, {'idp': 19, 'x': 6.77, 'y': 1.578, 'r': 0.2, 'type': 1}, {'idp': 20, 'x': 3.605, 'y': 1.197, 'r': 0.4, 'type': 1}, {'idp': 21, 'x': 4.373, 'y': 1.712, 'r': 0.4, 'type': 1}, {'idp': 22, 'x': 2.792, 'y': -1.39, 'r': 0.4, 'type': 1}, {'idp': 23, 'x': 0.787, 'y': -1.429, 'r': 0.4, 'type': 1}]
31811,1398693991.8457181,[{'idp': 7, 'x': 1.9, 'y': -1.267, 'r': 0.4, 'type': 1}, {'idp': 18, 'x': 6.832, 'y': 0.945, 'r': 0.2, 'type': 1}, {'idp': 19, 'x': 6.79, 'y': 1.614, 'r': 0.2, 'type': 1}, {'idp': 20, 'x': 3.624, 'y': 1.204, 'r': 0.4, 'type': 1}, {'idp': 21, 'x': 4.368, 'y': 1.71, 'r': 0.4, 'type': 1}, {'idp': 22, 'x': 2.782, 'y': -1.385, 'r': 0.4, 'type': 1}, {'idp': 23, 'x': 0.735, 'y': -1.455, 'r': 0.4, 'type': 1}]
31812,1398693991.845749,[{'idp': 7, 'x': 1.874, 'y': -1.243, 'r': 0.4, 'type': 1}, {'idp': 18, 'x': 6.838, 'y': 0.961, 'r': 0.2, 'type': 1}, {'idp': 19, 'x': 6.831, 'y': 1.624, 'r': 0.2, 'type': 1}, {'idp': 20, 'x': 3.629, 'y': 1.206, 'r': 0.4, 'type': 1}, {'idp': 21, 'x': 4.325, 'y': 1.683, 'r': 0.4, 'type': 1}, {'idp': 22, 'x': 2.762, 'y': -1.383, 'r': 0.4, 'type': 1}, {'idp': 23, 'x': 0.678, 'y': -1.482, 'r': 0.4, 'type': 1}]
31813,1398693991.8857524,[{'idp': 7, 'x': 1.853, 'y': -1.259, 'r': 0.4, 'type': 1}, {'idp': 18, 'x': 6.832, 'y': 0.959, 'r': 0.2, 'type': 1}, {'idp': 19, 'x': 6.867, 'y': 1.585, 'r': 0.2, 'type': 1}, {'idp': 20, 'x': 3.663, 'y': 1.2, 'r': 0.4, 'type': 1}, {'idp': 21, 'x': 4.344, 'y': 1.679, 'r': 0.4, 'type': 1}, {'idp': 22, 'x': 2.732, 'y': -1.391, 'r': 0.4, 'type': 1}, {'idp': 23, 'x': 0.611, 'y': -1.501, 'r': 0.4, 'type': 1}]
31814,1398693991.8907452,[{'idp': 7, 'x': 1.826, 'y': -1.27, 'r': 0.4, 'type': 1}, {'idp': 18, 'x': 6.832, 'y': 0.959, 'r': 0.2, 'type': 1}, {'idp': 19, 'x': 6.89, 'y': 1.543, 'r': 0.2, 'type': 1}, {'idp': 20, 'x': 3.661, 'y': 1.146, 'r': 0.4, 'type': 1}, {'idp': 21, 'x': 4.323, 'y': 1.62, 'r': 0.4, 'type': 1}, {'idp': 22, 'x': 2.716, 'y': -1.405, 'r': 0.4, 'type': 1}, {'idp': 23, 'x': 0.556, 'y': -1.511, 'r': 0.4, 'type': 1}]
31815,1398693991.9298036,[{'idp': 7, 'x': 1.808, 'y': -1.281, 'r': 0.4, 'type': 1}, {'idp': 18, 'x': 6.839, 'y': 0.945, 'r': 0.2, 'type': 1}, {'idp': 19, 'x': 6.926, 'y': 1.519, 'r': 0.2, 'type': 1}, {'idp': 20, 'x': 3.68, 'y': 1.126, 'r': 0.4, 'type': 1}, {'idp': 21, 'x': 4.375, 'y': 1.602, 'r': 0.4, 'type': 1}, {'idp': 22, 'x': 2.696, 'y': -1.424, 'r': 0.4, 'type': 1}, {'idp': 23, 'x': 0.524, 'y': -1.52, 'r': 0.4, 'type': 1}]
31816,1398693991.9697266,[{'idp': 7, 'x': 1.797, 'y': -1.272, 'r': 0.4, 'type': 1}, {'idp': 18, 'x': 6.822, 'y': 0.958, 'r': 0.2, 'type': 1}, {'idp': 19, 'x': 6.955, 'y': 1.51, 'r': 0.2, 'type': 1}, {'idp': 20, 'x': 3.646, 'y': 1.106, 'r': 0.4, 'type': 1}, {'idp': 21, 'x': 4.369, 'y': 1.587, 'r': 0.4, 'type': 1}, {'idp': 22, 'x': 2.678, 'y': -1.423, 'r': 0.4, 'type': 1}, {'idp': 23, 'x': 0.5, 'y': -1.527, 'r': 0.4, 'type': 1}]
31817,1398693991.9697576,[{'idp': 7, 'x': 1.789, 'y': -1.273, 'r': 0.4, 'type': 1}, {'idp': 18, 'x': 6.786, 'y': 0.999, 'r': 0.2, 'type': 1}, {'idp': 19, 'x': 6.988, 'y': 1.502, 'r': 0.2, 'type': 1}, {'idp': 20, 'x': 3.626, 'y': 1.091, 'r': 0.4, 'type': 1}, {'idp': 21, 'x': 4.39, 'y': 1.585, 'r': 0.4, 'type': 1}, {'idp': 22, 'x': 2.663, 'y': -1.422, 'r': 0.4, 'type': 1}, {'idp': 23, 'x': 0.478, 'y': -1.53, 'r': 0.4, 'type': 1}]
31818,1398693992.009697,[{'idp': 7, 'x': 1.784, 'y': -1.269, 'r': 0.4, 'type': 1}, {'idp': 18, 'x': 6.832, 'y': 1.005, 'r': 0.2, 'type': 1}, {'idp': 19, 'x': 7.009, 'y': 1.491, 'r': 0.2, 'type': 1}, {'idp': 20, 'x': 3.699, 'y': 1.104, 'r': 0.4, 'type': 1}, {'idp': 21, 'x': 4.383, 'y': 1.596, 'r': 0.4, 'type': 1}, {'idp': 22, 'x': 2.634, 'y': -1.415, 'r': 0.4, 'type': 1}, {'idp': 23, 'x': 0.456, 'y': -1.532, 'r': 0.4, 'type': 1}]
31819,1398693992.015618,[{'idp': 7, 'x': 1.774, 'y': -1.268, 'r': 0.4, 'type': 1}, {'idp': 18, 'x': 6.865, 'y': 1.01, 'r': 0.2, 'type': 1}, {'idp': 19, 'x': 7.021, 'y': 1.493, 'r': 0.2, 'type': 1}, {'idp': 20, 'x': 3.741, 'y': 1.107, 'r': 0.4, 'type': 1}, {'idp': 21, 'x': 4.407, 'y': 1.604, 'r': 0.4, 'type': 1}, {'idp': 22, 'x': 2.625, 'y': -1.411, 'r': 0.4, 'type': 1}, {'idp': 23, 'x': 0.438, 'y': -1.535, 'r': 0.4, 'type': 1}]
31820,1398693992.053654,[{'idp': 7, 'x': 1.759, 'y': -1.27, 'r': 0.4, 'type': 1}, {'idp': 18, 'x': 6.88, 'y': 0.997, 'r': 0.2, 'type': 1}, {'idp': 19, 'x': 7.02, 'y': 1.478, 'r': 0.2, 'type': 1}, {'idp': 20, 'x': 3.739, 'y': 1.106, 'r': 0.4, 'type': 1}, {'idp': 21, 'x': 4.416, 'y': 1.621, 'r': 0.4, 'type': 1}, {'idp': 22, 'x': 2.602, 'y': -1.413, 'r': 0.4, 'type': 1}, {'idp': 23, 'x': 0.424, 'y': -1.538, 'r': 0.4, 'type': 1}]
31821,1398693992.093688,[{'idp': 7, 'x': 1.734, 'y': -1.264, 'r': 0.4, 'type': 1}, {'idp': 18, 'x': 6.877, 'y': 0.981, 'r': 0.2, 'type': 1}, {'idp': 19, 'x': 6.986, 'y': 1.422, 'r': 0.2, 'type': 1}, {'idp': 20, 'x': 3.745, 'y': 1.099, 'r': 0.4, 'type': 1}, {'idp': 21, 'x': 4.414, 'y': 1.615, 'r': 0.4, 'type': 1}, {'idp': 22, 'x': 2.592, 'y': -1.415, 'r': 0.4, 'type': 1}, {'idp': 23, 'x': 0.411, 'y': -1.542, 'r': 0.4, 'type': 1}]
31822,1398693992.0937195,[{'idp': 7, 'x': 1.718, 'y': -1.27, 'r': 0.4, 'type': 1}, {'idp': 18, 'x': 6.881, 'y': 0.966, 'r': 0.2, 'type': 1}, {'idp': 19, 'x': 6.962, 'y': 1.385, 'r': 0.2, 'type': 1}, {'idp': 20, 'x': 3.764, 'y': 1.086, 'r': 0.4, 'type': 1}, {'idp': 21, 'x': 4.437, 'y': 1.605, 'r': 0.4, 'type': 1}, {'idp': 22, 'x': 2.581, 'y': -1.416, 'r': 0.4, 'type': 1}, {'idp': 23, 'x': 0.4, 'y': -1.542, 'r': 0.4, 'type': 1}]
31823,1398693992.1338124,[{'idp': 7, 'x': 1.698, 'y': -1.266, 'r': 0.4, 'type': 1}, {'idp': 18, 'x': 6.874, 'y': 0.965, 'r': 0.2, 'type': 1}, {'idp': 19, 'x': 6.957, 'y': 1.384, 'r': 0.2, 'type': 1}, {'idp': 20, 'x': 3.752, 'y': 1.083, 'r': 0.4, 'type': 1}, {'idp': 21, 'x': 4.448, 'y': 1.609, 'r': 0.4, 'type': 1}, {'idp': 22, 'x': 2.571, 'y': -1.426, 'r': 0.4, 'type': 1}, {'idp': 23, 'x': 0.386, 'y': -1.544, 'r': 0.4, 'type': 1}]
31824,1398693992.1413364,[{'idp': 7, 'x': 1.683, 'y': -1.261, 'r': 0.4, 'type': 1}, {'idp': 18, 'x': 6.808, 'y': 0.987, 'r': 0.2, 'type': 1}, {'idp': 19, 'x': 6.928, 'y': 1.426, 'r': 0.2, 'type': 1}, {'idp': 20, 'x': 3.765, 'y': 1.087, 'r': 0.4, 'type': 1}, {'idp': 21, 'x': 4.467, 'y': 1.62, 'r': 0.4, 'type': 1}, {'idp': 22, 'x': 2.579, 'y': -1.423, 'r': 0.4, 'type': 1}, {'idp': 23, 'x': 0.378, 'y': -1.543, 'r': 0.4, 'type': 1}]
31825,1398693992.1776981,[{'idp': 7, 'x': 1.668, 'y': -1.262, 'r': 0.4, 'type': 1}, {'idp': 18, 'x': 6.784, 'y': 1.044, 'r': 0.2, 'type': 1}, {'idp': 19, 'x': 6.903, 'y': 1.42, 'r': 0.2, 'type': 1}, {'idp': 20, 'x': 3.759, 'y': 1.076, 'r': 0.4, 'type': 1}, {'idp': 21, 'x': 4.5, 'y': 1.614, 'r': 0.4, 'type': 1}, {'idp': 22, 'x': 2.578, 'y': -1.423, 'r': 0.4, 'type': 1}, {'idp': 23, 'x': 0.367, 'y': -1.542, 'r': 0.4, 'type': 1}]
31826,1398693992.217741,[{'idp': 7, 'x': 1.645, 'y': -1.268, 'r': 0.4, 'type': 1}, {'idp': 18, 'x': 6.82, 'y': 1.019, 'r': 0.2, 'type': 1}, {'idp': 19, 'x': 6.9, 'y': 1.404, 'r': 0.2, 'type': 1}, {'idp': 20, 'x': 3.738, 'y': 1.053, 'r': 0.4, 'type': 1}, {'idp': 21, 'x': 4.538, 'y': 1.601, 'r': 0.4, 'type': 1}, {'idp': 22, 'x': 2.556, 'y': -1.425, 'r': 0.4, 'type': 1}, {'idp': 23, 'x': 0.357, 'y': -1.542, 'r': 0.4, 'type': 1}]
31827,1398693992.2177744,[{'idp': 7, 'x': 1.619, 'y': -1.269, 'r': 0.4, 'type': 1}, {'idp': 18, 'x': 6.841, 'y': 0.992, 'r': 0.2, 'type': 1}, {'idp': 19, 'x': 6.931, 'y': 1.395, 'r': 0.2, 'type': 1}, {'idp': 20, 'x': 3.705, 'y': 1.027, 'r': 0.4, 'type': 1}, {'idp': 21, 'x': 4.555, 'y': 1.584, 'r': 0.4, 'type': 1}, {'idp': 22, 'x': 2.545, 'y': -1.448, 'r': 0.4, 'type': 1}, {'idp': 23, 'x': 0.347, 'y': -1.544, 'r': 0.4, 'type': 1}]
31828,1398693992.2577074,[{'idp': 7, 'x': 1.595, 'y': -1.273, 'r': 0.4, 'type': 1}, {'idp': 18, 'x': 6.887, 'y': 0.983, 'r': 0.2, 'type': 1}, {'idp': 19, 'x': 6.927, 'y': 1.378, 'r': 0.2, 'type': 1}, {'idp': 20, 'x': 3.743, 'y': 1.003, 'r': 0.4, 'type': 1}, {'idp': 21, 'x': 4.599, 'y': 1.57, 'r': 0.4, 'type': 1}, {'idp': 22, 'x': 2.523, 'y': -1.443, 'r': 0.4, 'type': 1}, {'idp': 23, 'x': 0.346, 'y': -1.538, 'r': 0.4, 'type': 1}]
31829,1398693992.2652602,[{'idp': 7, 'x': 1.578, 'y': -1.265, 'r': 0.4, 'type': 1}, {'idp': 18, 'x': 6.902, 'y': 1.001, 'r': 0.2, 'type': 1}, {'idp': 19, 'x': 6.893, 'y': 1.403, 'r': 0.2, 'type': 1}, {'idp': 20, 'x': 3.743, 'y': 1.011, 'r': 0.4, 'type': 1}, {'idp': 21, 'x': 4.571, 'y': 1.613, 'r': 0.4, 'type': 1}, {'idp': 22, 'x': 2.525, 'y': -1.444, 'r': 0.4, 'type': 1}, {'idp': 23, 'x': 0.353, 'y': -1.534, 'r': 0.4, 'type': 1}]
31830,1398693992.3016644,[{'idp': 7, 'x': 1.558, 'y': -1.261, 'r': 0.4, 'type': 1}, {'idp': 18, 'x': 6.907, 'y': 1.017, 'r': 0.2, 'type': 1}, {'idp': 19, 'x': 6.932, 'y': 1.426, 'r': 0.2, 'type': 1}, {'idp': 20, 'x': 3.792, 'y': 1.025, 'r': 0.4, 'type': 1}, {'idp': 21, 'x': 4.574, 'y': 1.614, 'r': 0.4, 'type': 1}, {'idp': 22, 'x': 2.52, 'y': -1.441, 'r': 0.4, 'type': 1}, {'idp': 23, 'x': 0.363, 'y': -1.53, 'r': 0.4, 'type': 1}]
31831,1398693992.3416655,[{'idp': 7, 'x': 1.536, 'y': -1.259, 'r': 0.4, 'type': 1}, {'idp': 18, 'x': 6.968, 'y': 0.979, 'r': 0.2, 'type': 1}, {'idp': 19, 'x': 6.918, 'y': 1.408, 'r': 0.2, 'type': 1}, {'idp': 20, 'x': 3.849, 'y': 1.041, 'r': 0.4, 'type': 1}, {'idp': 21, 'x': 4.613, 'y': 1.601, 'r': 0.4, 'type': 1}, {'idp': 22, 'x': 2.499, 'y': -1.458, 'r': 0.4, 'type': 1}, {'idp': 23, 'x': 0.371, 'y': -1.519, 'r': 0.4, 'type': 1}]
31832,1398693992.341699,[{'idp': 7, 'x': 1.505, 'y': -1.261, 'r': 0.4, 'type': 1}, {'idp': 18, 'x': 6.995, 'y': 0.967, 'r': 0.2, 'type': 1}, {'idp': 19, 'x': 6.949, 'y': 1.382, 'r': 0.2, 'type': 1}, {'idp': 20, 'x': 3.886, 'y': 1.015, 'r': 0.4, 'type': 1}, {'idp': 21, 'x': 4.608, 'y': 1.582, 'r': 0.4, 'type': 1}, {'idp': 22, 'x': 2.487, 'y': -1.48, 'r': 0.4, 'type': 1}, {'idp': 23, 'x': 0.385, 'y': -1.503, 'r': 0.4, 'type': 1}]
31833,1398693992.3817186,[{'idp': 7, 'x': 1.483, 'y': -1.258, 'r': 0.4, 'type': 1}, {'idp': 18, 'x': 7.036, 'y': 0.926, 'r': 0.2, 'type': 1}, {'idp': 19, 'x': 6.955, 'y': 1.383, 'r': 0.2, 'type': 1}, {'idp': 20, 'x': 3.904, 'y': 1.02, 'r': 0.4, 'type': 1}, {'idp': 21, 'x': 4.635, 'y': 1.583, 'r': 0.4, 'type': 1}, {'idp': 22, 'x': 2.48, 'y': -1.49, 'r': 0.4, 'type': 1}, {'idp': 23, 'x': 0.394, 'y': -1.489, 'r': 0.4, 'type': 1}]
31834,1398693992.3906531,[{'idp': 7, 'x': 1.465, 'y': -1.248, 'r': 0.4, 'type': 1}, {'idp': 18, 'x': 7.077, 'y': 0.916, 'r': 0.2, 'type': 1}, {'idp': 19, 'x': 6.953, 'y': 1.415, 'r': 0.2, 'type': 1}, {'idp': 20, 'x': 3.912, 'y': 1.031, 'r': 0.4, 'type': 1}, {'idp': 21, 'x': 4.606, 'y': 1.594, 'r': 0.4, 'type': 1}, {'idp': 22, 'x': 2.488, 'y': -1.488, 'r': 0.4, 'type': 1}, {'idp': 23, 'x': 0.399, 'y': -1.482, 'r': 0.4, 'type': 1}]
31835,1398693992.429723,[{'idp': 7, 'x': 1.443, 'y': -1.246, 'r': 0.4, 'type': 1}, {'idp': 18, 'x': 7.09, 'y': 0.917, 'r': 0.2, 'type': 1}, {'idp': 19, 'x': 6.961, 'y': 1.432, 'r': 0.2, 'type': 1}, {'idp': 20, 'x': 3.91, 'y': 1.03, 'r': 0.4, 'type': 1}, {'idp': 21, 'x': 4.583, 'y': 1.593, 'r': 0.4, 'type': 1}, {'idp': 22, 'x': 2.494, 'y': -1.498, 'r': 0.4, 'type': 1}, {'idp': 23, 'x': 0.396, 'y': -1.481, 'r': 0.4, 'type': 1}]
31836,1398693992.46975,[{'idp': 7, 'x': 1.421, 'y': -1.248, 'r': 0.4, 'type': 1}, {'idp': 18, 'x': 7.125, 'y': 0.907, 'r': 0.2, 'type': 1}, {'idp': 19, 'x': 6.991, 'y': 1.422, 'r': 0.2, 'type': 1}, {'idp': 20, 'x': 3.927, 'y': 1.007, 'r': 0.4, 'type': 1}, {'idp': 21, 'x': 4.613, 'y': 1.594, 'r': 0.4, 'type': 1}, {'idp': 22, 'x': 2.503, 'y': -1.518, 'r': 0.4, 'type': 1}, {'idp': 23, 'x': 0.388, 'y': -1.481, 'r': 0.4, 'type': 1}]
31837,1398693992.4697833,[{'idp': 7, 'x': 1.396, 'y': -1.253, 'r': 0.4, 'type': 1}, {'idp': 18, 'x': 7.153, 'y': 0.863, 'r': 0.2, 'type': 1}, {'idp': 19, 'x': 7.023, 'y': 1.381, 'r': 0.2, 'type': 1}, {'idp': 20, 'x': 3.926, 'y': 0.989, 'r': 0.4, 'type': 1}, {'idp': 21, 'x': 4.664, 'y': 1.576, 'r': 0.4, 'type': 1}, {'idp': 22, 'x': 2.5, 'y': -1.538, 'r': 0.4, 'type': 1}, {'idp': 23, 'x': 0.378, 'y': -1.482, 'r': 0.4, 'type': 1}]
31838,1398693992.5096745,[{'idp': 7, 'x': 1.366, 'y': -1.248, 'r': 0.4, 'type': 1}, {'idp': 18, 'x': 7.18, 'y': 0.835, 'r': 0.2, 'type': 1}, {'idp': 19, 'x': 7.09, 'y': 1.378, 'r': 0.2, 'type': 1}, {'idp': 20, 'x': 3.921, 'y': 0.969, 'r': 0.4, 'type': 1}, {'idp': 21, 'x': 4.715, 'y': 1.572, 'r': 0.4, 'type': 1}, {'idp': 22, 'x': 2.503, 'y': -1.571, 'r': 0.4, 'type': 1}, {'idp': 23, 'x': 0.362, 'y': -1.483, 'r': 0.4, 'type': 1}]
31839,1398693992.5146203,[{'idp': 7, 'x': 1.344, 'y': -1.238, 'r': 0.4, 'type': 1}, {'idp': 18, 'x': 7.168, 'y': 0.833, 'r': 0.2, 'type': 1}, {'idp': 19, 'x': 7.136, 'y': 1.403, 'r': 0.2, 'type': 1}, {'idp': 20, 'x': 3.925, 'y': 0.979, 'r': 0.4, 'type': 1}, {'idp': 21, 'x': 4.718, 'y': 1.601, 'r': 0.4, 'type': 1}, {'idp': 22, 'x': 2.502, 'y': -1.577, 'r': 0.4, 'type': 1}, {'idp': 23, 'x': 0.354, 'y': -1.483, 'r': 0.4, 'type': 1}]
31840,1398693992.5536795,[{'idp': 7, 'x': 1.333, 'y': -1.233, 'r': 0.4, 'type': 1}, {'idp': 18, 'x': 7.106, 'y': 0.826, 'r': 0.2, 'type': 1}, {'idp': 19, 'x': 7.17, 'y': 1.426, 'r': 0.2, 'type': 1}, {'idp': 20, 'x': 3.914, 'y': 0.985, 'r': 0.4, 'type': 1}, {'idp': 21, 'x': 4.738, 'y': 1.632, 'r': 0.4, 'type': 1}, {'idp': 22, 'x': 2.503, 'y': -1.57, 'r': 0.4, 'type': 1}, {'idp': 23, 'x': 0.353, 'y': -1.478, 'r': 0.4, 'type': 1}]
31841,1398693992.5936756,[{'idp': 7, 'x': 1.307, 'y': -1.231, 'r': 0.4, 'type': 1}, {'idp': 18, 'x': 7.101, 'y': 0.825, 'r': 0.2, 'type': 1}, {'idp': 19, 'x': 7.228, 'y': 1.438, 'r': 0.2, 'type': 1}, {'idp': 20, 'x': 3.914, 'y': 0.995, 'r': 0.4, 'type': 1}, {'idp': 21, 'x': 4.763, 'y': 1.618, 'r': 0.4, 'type': 1}, {'idp': 22, 'x': 2.5, 'y': -1.584, 'r': 0.4, 'type': 1}, {'idp': 23, 'x': 0.35, 'y': -1.476, 'r': 0.4, 'type': 1}]
31842,1398693992.5937133,[{'idp': 7, 'x': 1.281, 'y': -1.233, 'r': 0.4, 'type': 1}, {'idp': 18, 'x': 7.073, 'y': 0.806, 'r': 0.2, 'type': 1}, {'idp': 19, 'x': 7.261, 'y': 1.411, 'r': 0.2, 'type': 1}, {'idp': 20, 'x': 3.906, 'y': 0.975, 'r': 0.4, 'type': 1}, {'idp': 21, 'x': 4.789, 'y': 1.627, 'r': 0.4, 'type': 1}, {'idp': 22, 'x': 2.48, 'y': -1.602, 'r': 0.4, 'type': 1}, {'idp': 23, 'x': 0.339, 'y': -1.475, 'r': 0.4, 'type': 1}]
31843,1398693992.6336675,[{'idp': 7, 'x': 1.257, 'y': -1.237, 'r': 0.4, 'type': 1}, {'idp': 18, 'x': 7.105, 'y': 0.794, 'r': 0.2, 'type': 1}, {'idp': 19, 'x': 7.299, 'y': 1.419, 'r': 0.2, 'type': 1}, {'idp': 20, 'x': 3.89, 'y': 0.963, 'r': 0.4, 'type': 1}, {'idp': 21, 'x': 4.803, 'y': 1.621, 'r': 0.4, 'type': 1}, {'idp': 22, 'x': 2.469, 'y': -1.618, 'r': 0.4, 'type': 1}, {'idp': 23, 'x': 0.332, 'y': -1.473, 'r': 0.4, 'type': 1}]
31844,1398693992.640995,[{'idp': 7, 'x': 1.238, 'y': -1.232, 'r': 0.4, 'type': 1}, {'idp': 18, 'x': 7.077, 'y': 0.775, 'r': 0.2, 'type': 1}, {'idp': 19, 'x': 7.331, 'y': 1.425, 'r': 0.2, 'type': 1}, {'idp': 20, 'x': 3.89, 'y': 0.963, 'r': 0.4, 'type': 1}, {'idp': 21, 'x': 4.819, 'y': 1.626, 'r': 0.4, 'type': 1}, {'idp': 22, 'x': 2.467, 'y': -1.624, 'r': 0.4, 'type': 1}, {'idp': 23, 'x': 0.325, 'y': -1.471, 'r': 0.4, 'type': 1}]
31845,1398693992.6776793,[{'idp': 7, 'x': 1.22, 'y': -1.229, 'r': 0.4, 'type': 1}, {'idp': 18, 'x': 7.058, 'y': 0.789, 'r': 0.2, 'type': 1}, {'idp': 19, 'x': 7.376, 'y': 1.434, 'r': 0.2, 'type': 1}, {'idp': 20, 'x': 3.862, 'y': 0.96, 'r': 0.4, 'type': 1}, {'idp': 21, 'x': 4.842, 'y': 1.646, 'r': 0.4, 'type': 1}, {'idp': 22, 'x': 2.458, 'y': -1.626, 'r': 0.4, 'type': 1}, {'idp': 23, 'x': 0.318, 'y': -1.467, 'r': 0.4, 'type': 1}]
31846,1398693992.717714,[{'idp': 7, 'x': 1.202, 'y': -1.228, 'r': 0.4, 'type': 1}, {'idp': 18, 'x': 7.068, 'y': 0.805, 'r': 0.2, 'type': 1}, {'idp': 19, 'x': 7.429, 'y': 1.444, 'r': 0.2, 'type': 1}, {'idp': 20, 'x': 3.855, 'y': 0.956, 'r': 0.4, 'type': 1}, {'idp': 21, 'x': 4.828, 'y': 1.642, 'r': 0.4, 'type': 1}, {'idp': 22, 'x': 2.448, 'y': -1.619, 'r': 0.4, 'type': 1}, {'idp': 23, 'x': 0.315, 'y': -1.465, 'r': 0.4, 'type': 1}]
31847,1398693992.717743,[{'idp': 7, 'x': 1.178, 'y': -1.221, 'r': 0.4, 'type': 1}, {'idp': 18, 'x': 7.076, 'y': 0.822, 'r': 0.2, 'type': 1}, {'idp': 19, 'x': 7.458, 'y': 1.483, 'r': 0.2, 'type': 1}, {'idp': 20, 'x': 3.836, 'y': 0.971, 'r': 0.4, 'type': 1}, {'idp': 21, 'x': 4.839, 'y': 1.669, 'r': 0.4, 'type': 1}, {'idp': 22, 'x': 2.446, 'y': -1.626, 'r': 0.4, 'type': 1}, {'idp': 23, 'x': 0.31, 'y': -1.461, 'r': 0.4, 'type': 1}]
31848,1398693992.757686,[{'idp': 7, 'x': 1.169, 'y': -1.216, 'r': 0.4, 'type': 1}, {'idp': 18, 'x': 7.109, 'y': 0.842, 'r': 0.2, 'type': 1}, {'idp': 19, 'x': 7.492, 'y': 1.49, 'r': 0.2, 'type': 1}, {'idp': 20, 'x': 3.832, 'y': 0.98, 'r': 0.4, 'type': 1}, {'idp': 21, 'x': 4.843, 'y': 1.683, 'r': 0.4, 'type': 1}, {'idp': 22, 'x': 2.44, 'y': -1.646, 'r': 0.4, 'type': 1}, {'idp': 23, 'x': 0.307, 'y': -1.458, 'r': 0.4, 'type': 1}]
31849,1398693992.764748,[{'idp': 7, 'x': 1.153, 'y': -1.216, 'r': 0.4, 'type': 1}, {'idp': 18, 'x': 7.091, 'y': 0.824, 'r': 0.2, 'type': 1}, {'idp': 19, 'x': 7.525, 'y': 1.497, 'r': 0.2, 'type': 1}, {'idp': 20, 'x': 3.814, 'y': 0.964, 'r': 0.4, 'type': 1}, {'idp': 21, 'x': 4.841, 'y': 1.67, 'r': 0.4, 'type': 1}, {'idp': 22, 'x': 2.427, 'y': -1.644, 'r': 0.4, 'type': 1}, {'idp': 23, 'x': 0.3, 'y': -1.456, 'r': 0.4, 'type': 1}]
31850,1398693992.8017612,[{'idp': 7, 'x': 1.137, 'y': -1.226, 'r': 0.4, 'type': 1}, {'idp': 18, 'x': 7.142, 'y': 0.751, 'r': 0.2, 'type': 1}, {'idp': 19, 'x': 7.572, 'y': 1.472, 'r': 0.2, 'type': 1}, {'idp': 20, 'x': 3.8, 'y': 0.945, 'r': 0.4, 'type': 1}, {'idp': 21, 'x': 4.827, 'y': 1.63, 'r': 0.4, 'type': 1}, {'idp': 22, 'x': 2.395, 'y': -1.662, 'r': 0.4, 'type': 1}, {'idp': 23, 'x': 0.293, 'y': -1.454, 'r': 0.4, 'type': 1}]
31851,1398693992.8417084,[{'idp': 7, 'x': 1.113, 'y': -1.228, 'r': 0.4, 'type': 1}, {'idp': 18, 'x': 7.169, 'y': 0.753, 'r': 0.2, 'type': 1}, {'idp': 19, 'x': 7.595, 'y': 1.442, 'r': 0.2, 'type': 1}, {'idp': 20, 'x': 3.803, 'y': 0.938, 'r': 0.4, 'type': 1}, {'idp': 21, 'x': 4.812, 'y': 1.601, 'r': 0.4, 'type': 1}, {'idp': 22, 'x': 2.383, 'y': -1.685, 'r': 0.4, 'type': 1}, {'idp': 23, 'x': 0.287, 'y': -1.452, 'r': 0.4, 'type': 1}]
31852,1398693992.8417401,[{'idp': 7, 'x': 1.106, 'y': -1.218, 'r': 0.4, 'type': 1}, {'idp': 18, 'x': 7.187, 'y': 0.803, 'r': 0.2, 'type': 1}, {'idp': 19, 'x': 7.621, 'y': 1.481, 'r': 0.2, 'type': 1}, {'idp': 20, 'x': 3.79, 'y': 0.94, 'r': 0.4, 'type': 1}, {'idp': 21, 'x': 4.824, 'y': 1.64, 'r': 0.4, 'type': 1}, {'idp': 22, 'x': 2.376, 'y': -1.669, 'r': 0.4, 'type': 1}, {'idp': 23, 'x': 0.287, 'y': -1.449, 'r': 0.4, 'type': 1}]
31853,1398693992.8817286,[{'idp': 7, 'x': 1.097, 'y': -1.208, 'r': 0.4, 'type': 1}, {'idp': 18, 'x': 7.169, 'y': 0.833, 'r': 0.2, 'type': 1}, {'idp': 19, 'x': 7.654, 'y': 1.522, 'r': 0.2, 'type': 1}, {'idp': 20, 'x': 3.778, 'y': 0.967, 'r': 0.4, 'type': 1}, {'idp': 21, 'x': 4.815, 'y': 1.66, 'r': 0.4, 'type': 1}, {'idp': 22, 'x': 2.377, 'y': -1.662, 'r': 0.4, 'type': 1}, {'idp': 23, 'x': 0.287, 'y': -1.445, 'r': 0.4, 'type': 1}]
31854,1398693992.8908782,[{'idp': 7, 'x': 1.088, 'y': -1.21, 'r': 0.4, 'type': 1}, {'idp': 18, 'x': 7.168, 'y': 0.833, 'r': 0.2, 'type': 1}, {'idp': 19, 'x': 7.663, 'y': 1.559, 'r': 0.2, 'type': 1}, {'idp': 20, 'x': 3.76, 'y': 0.97, 'r': 0.4, 'type': 1}, {'idp': 21, 'x': 4.763, 'y': 1.642, 'r': 0.4, 'type': 1}, {'idp': 22, 'x': 2.361, 'y': -1.668, 'r': 0.4, 'type': 1}, {'idp': 23, 'x': 0.287, 'y': -1.444, 'r': 0.4, 'type': 1}]
31855,1398693992.9296906,[{'idp': 7, 'x': 1.07, 'y': -1.211, 'r': 0.4, 'type': 1}, {'idp': 18, 'x': 7.166, 'y': 0.816, 'r': 0.2, 'type': 1}, {'idp': 19, 'x': 7.69, 'y': 1.547, 'r': 0.2, 'type': 1}, {'idp': 20, 'x': 3.746, 'y': 0.97, 'r': 0.4, 'type': 1}, {'idp': 21, 'x': 4.739, 'y': 1.621, 'r': 0.4, 'type': 1}, {'idp': 22, 'x': 2.355, 'y': -1.689, 'r': 0.4, 'type': 1}, {'idp': 23, 'x': 0.289, 'y': -1.444, 'r': 0.4, 'type': 1}]
31856,1398693992.9696498,[{'idp': 7, 'x': 1.052, 'y': -1.215, 'r': 0.4, 'type': 1}, {'idp': 18, 'x': 7.172, 'y': 0.785, 'r': 0.2, 'type': 1}, {'idp': 19, 'x': 7.706, 'y': 1.515, 'r': 0.2, 'type': 1}, {'idp': 20, 'x': 3.743, 'y': 0.952, 'r': 0.4, 'type': 1}, {'idp': 21, 'x': 4.686, 'y': 1.568, 'r': 0.4, 'type': 1}, {'idp': 22, 'x': 2.326, 'y': -1.697, 'r': 0.4, 'type': 1}, {'idp': 23, 'x': 0.291, 'y': -1.447, 'r': 0.4, 'type': 1}]
31857,1398693992.9696853,[{'idp': 7, 'x': 1.027, 'y': -1.22, 'r': 0.4, 'type': 1}, {'idp': 18, 'x': 7.196, 'y': 0.788, 'r': 0.2, 'type': 1}, {'idp': 19, 'x': 7.738, 'y': 1.504, 'r': 0.2, 'type': 1}, {'idp': 20, 'x': 3.741, 'y': 0.925, 'r': 0.4, 'type': 1}, {'idp': 21, 'x': 4.691, 'y': 1.57, 'r': 0.4, 'type': 1}, {'idp': 22, 'x': 2.311, 'y': -1.712, 'r': 0.4, 'type': 1}, {'idp': 23, 'x': 0.29, 'y': -1.45, 'r': 0.4, 'type': 1}]
31858,1398693993.0097117,[{'idp': 7, 'x': 1.011, 'y': -1.219, 'r': 0.4, 'type': 1}, {'idp': 18, 'x': 7.239, 'y': 0.809, 'r': 0.2, 'type': 1}, {'idp': 19, 'x': 7.732, 'y': 1.52, 'r': 0.2, 'type': 1}, {'idp': 20, 'x': 3.705, 'y': 0.932, 'r': 0.4, 'type': 1}, {'idp': 21, 'x': 4.657, 'y': 1.581, 'r': 0.4, 'type': 1}, {'idp': 22, 'x': 2.3, 'y': -1.702, 'r': 0.4, 'type': 1}, {'idp': 23, 'x': 0.291, 'y': -1.451, 'r': 0.4, 'type': 1}]
31859,1398693993.0148928,[{'idp': 7, 'x': 1.005, 'y': -1.215, 'r': 0.4, 'type': 1}, {'idp': 18, 'x': 7.323, 'y': 0.834, 'r': 0.2, 'type': 1}, {'idp': 19, 'x': 7.73, 'y': 1.555, 'r': 0.2, 'type': 1}, {'idp': 20, 'x': 3.709, 'y': 0.95, 'r': 0.4, 'type': 1}, {'idp': 21, 'x': 4.621, 'y': 1.591, 'r': 0.4, 'type': 1}, {'idp': 22, 'x': 2.305, 'y': -1.709, 'r': 0.4, 'type': 1}, {'idp': 23, 'x': 0.295, 'y': -1.449, 'r': 0.4, 'type': 1}]
31860,1398693993.053742,[{'idp': 7, 'x': 0.984, 'y': -1.215, 'r': 0.4, 'type': 1}, {'idp': 18, 'x': 7.446, 'y': 0.832, 'r': 0.2, 'type': 1}, {'idp': 19, 'x': 7.724, 'y': 1.554, 'r': 0.2, 'type': 1}, {'idp': 20, 'x': 3.692, 'y': 0.96, 'r': 0.4, 'type': 1}, {'idp': 21, 'x': 4.67, 'y': 1.608, 'r': 0.4, 'type': 1}, {'idp': 22, 'x': 2.294, 'y': -1.695, 'r': 0.4, 'type': 1}, {'idp': 23, 'x': 0.295, 'y': -1.449, 'r': 0.4, 'type': 1}]
31861,1398693993.0937285,[{'idp': 7, 'x': 0.974, 'y': -1.215, 'r': 0.4, 'type': 1}, {'idp': 18, 'x': 7.507, 'y': 0.855, 'r': 0.2, 'type': 1}, {'idp': 19, 'x': 7.718, 'y': 1.535, 'r': 0.2, 'type': 1}, {'idp': 20, 'x': 3.679, 'y': 0.936, 'r': 0.4, 'type': 1}, {'idp': 21, 'x': 4.728, 'y': 1.605, 'r': 0.4, 'type': 1}, {'idp': 22, 'x': 2.281, 'y': -1.711, 'r': 0.4, 'type': 1}, {'idp': 23, 'x': 0.297, 'y': -1.449, 'r': 0.4, 'type': 1}]
31862,1398693993.093762,[{'idp': 7, 'x': 0.952, 'y': -1.218, 'r': 0.4, 'type': 1}, {'idp': 18, 'x': 7.533, 'y': 0.891, 'r': 0.2, 'type': 1}, {'idp': 19, 'x': 7.714, 'y': 1.517, 'r': 0.2, 'type': 1}, {'idp': 20, 'x': 3.67, 'y': 0.939, 'r': 0.4, 'type': 1}, {'idp': 21, 'x': 4.839, 'y': 1.619, 'r': 0.4, 'type': 1}, {'idp': 22, 'x': 2.272, 'y': -1.728, 'r': 0.4, 'type': 1}, {'idp': 23, 'x': 0.29, 'y': -1.45, 'r': 0.4, 'type': 1}]
31863,1398693993.1336865,[{'idp': 7, 'x': 0.942, 'y': -1.221, 'r': 0.4, 'type': 1}, {'idp': 18, 'x': 7.533, 'y': 0.907, 'r': 0.2, 'type': 1}, {'idp': 19, 'x': 7.705, 'y': 1.498, 'r': 0.2, 'type': 1}, {'idp': 20, 'x': 3.663, 'y': 0.926, 'r': 0.4, 'type': 1}, {'idp': 21, 'x': 5.009, 'y': 1.69, 'r': 0.4, 'type': 1}, {'idp': 22, 'x': 2.254, 'y': -1.738, 'r': 0.4, 'type': 1}, {'idp': 23, 'x': 0.284, 'y': -1.448, 'r': 0.4, 'type': 1}]
31864,1398693993.1401374,[{'idp': 7, 'x': 0.927, 'y': -1.233, 'r': 0.4, 'type': 1}, {'idp': 18, 'x': 7.527, 'y': 0.923, 'r': 0.2, 'type': 1}, {'idp': 19, 'x': 7.687, 'y': 1.494, 'r': 0.2, 'type': 1}, {'idp': 20, 'x': 3.649, 'y': 0.919, 'r': 0.4, 'type': 1}, {'idp': 21, 'x': 5.053, 'y': 1.692, 'r': 0.4, 'type': 1}, {'idp': 22, 'x': 2.244, 'y': -1.744, 'r': 0.4, 'type': 1}, {'idp': 23, 'x': 0.281, 'y': -1.447, 'r': 0.4, 'type': 1}]
31865,1398693993.1776772,[{'idp': 7, 'x': 0.918, 'y': -1.223, 'r': 0.4, 'type': 1}, {'idp': 18, 'x': 7.484, 'y': 0.952, 'r': 0.2, 'type': 1}, {'idp': 19, 'x': 7.698, 'y': 1.496, 'r': 0.2, 'type': 1}, {'idp': 20, 'x': 3.647, 'y': 0.912, 'r': 0.4, 'type': 1}, {'idp': 21, 'x': 5.082, 'y': 1.714, 'r': 0.4, 'type': 1}, {'idp': 22, 'x': 2.245, 'y': -1.766, 'r': 0.4, 'type': 1}, {'idp': 23, 'x': 0.282, 'y': -1.448, 'r': 0.4, 'type': 1}]
31866,1398693993.2176352,[{'idp': 7, 'x': 0.898, 'y': -1.228, 'r': 0.4, 'type': 1}, {'idp': 18, 'x': 7.447, 'y': 0.98, 'r': 0.2, 'type': 1}, {'idp': 19, 'x': 7.682, 'y': 1.511, 'r': 0.2, 'type': 1}, {'idp': 20, 'x': 3.637, 'y': 0.92, 'r': 0.4, 'type': 1}, {'idp': 21, 'x': 5.108, 'y': 1.722, 'r': 0.4, 'type': 1}, {'idp': 22, 'x': 2.233, 'y': -1.751, 'r': 0.4, 'type': 1}, {'idp': 23, 'x': 0.278, 'y': -1.442, 'r': 0.4, 'type': 1}]
31867,1398693993.2176533,[{'idp': 7, 'x': 0.894, 'y': -1.224, 'r': 0.4, 'type': 1}, {'idp': 18, 'x': 7.484, 'y': 1.018, 'r': 0.2, 'type': 1}, {'idp': 19, 'x': 7.669, 'y': 1.508, 'r': 0.2, 'type': 1}, {'idp': 20, 'x': 3.631, 'y': 0.906, 'r': 0.4, 'type': 1}, {'idp': 21, 'x': 5.131, 'y': 1.719, 'r': 0.4, 'type': 1}, {'idp': 22, 'x': 2.226, 'y': -1.762, 'r': 0.4, 'type': 1}, {'idp': 23, 'x': 0.275, 'y': -1.44, 'r': 0.4, 'type': 1}]
31868,1398693993.2577596,[{'idp': 7, 'x': 0.877, 'y': -1.225, 'r': 0.4, 'type': 1}, {'idp': 18, 'x': 7.476, 'y': 1.017, 'r': 0.2, 'type': 1}, {'idp': 19, 'x': 7.691, 'y': 1.512, 'r': 0.2, 'type': 1}, {'idp': 20, 'x': 3.634, 'y': 0.916, 'r': 0.4, 'type': 1}, {'idp': 21, 'x': 5.141, 'y': 1.722, 'r': 0.4, 'type': 1}, {'idp': 22, 'x': 2.214, 'y': -1.777, 'r': 0.4, 'type': 1}, {'idp': 23, 'x': 0.268, 'y': -1.437, 'r': 0.4, 'type': 1}]
31869,1398693993.264705,[{'idp': 7, 'x': 0.866, 'y': -1.229, 'r': 0.4, 'type': 1}, {'idp': 18, 'x': 7.518, 'y': 0.989, 'r': 0.2, 'type': 1}, {'idp': 19, 'x': 7.685, 'y': 1.511, 'r': 0.2, 'type': 1}, {'idp': 20, 'x': 3.627, 'y': 0.92, 'r': 0.4, 'type': 1}, {'idp': 21, 'x': 5.152, 'y': 1.755, 'r': 0.4, 'type': 1}, {'idp': 22, 'x': 2.201, 'y': -1.783, 'r': 0.4, 'type': 1}, {'idp': 23, 'x': 0.268, 'y': -1.435, 'r': 0.4, 'type': 1}]
31870,1398693993.3016868,[{'idp': 7, 'x': 0.859, 'y': -1.228, 'r': 0.4, 'type': 1}, {'idp': 18, 'x': 7.529, 'y': 1.007, 'r': 0.2, 'type': 1}, {'idp': 19, 'x': 7.659, 'y': 1.541, 'r': 0.2, 'type': 1}, {'idp': 20, 'x': 3.604, 'y': 0.928, 'r': 0.4, 'type': 1}, {'idp': 21, 'x': 5.148, 'y': 1.77, 'r': 0.4, 'type': 1}, {'idp': 22, 'x': 2.186, 'y': -1.766, 'r': 0.4, 'type': 1}, {'idp': 23, 'x': 0.265, 'y': -1.435, 'r': 0.4, 'type': 1}]
31871,1398693993.3416383,[{'idp': 7, 'x': 0.842, 'y': -1.215, 'r': 0.4, 'type': 1}, {'idp': 18, 'x': 7.53, 'y': 1.024, 'r': 0.2, 'type': 1}, {'idp': 19, 'x': 7.645, 'y': 1.538, 'r': 0.2, 'type': 1}, {'idp': 20, 'x': 3.586, 'y': 0.923, 'r': 0.4, 'type': 1}, {'idp': 21, 'x': 5.139, 'y': 1.782, 'r': 0.4, 'type': 1}, {'idp': 22, 'x': 2.179, 'y': -1.777, 'r': 0.4, 'type': 1}, {'idp': 23, 'x': 0.263, 'y': -1.435, 'r': 0.4, 'type': 1}]
31872,1398693993.34166,[{'idp': 7, 'x': 0.829, 'y': -1.225, 'r': 0.4, 'type': 1}, {'idp': 18, 'x': 7.497, 'y': 1.02, 'r': 0.2, 'type': 1}, {'idp': 19, 'x': 7.627, 'y': 1.534, 'r': 0.2, 'type': 1}, {'idp': 20, 'x': 3.567, 'y': 0.918, 'r': 0.4, 'type': 1}, {'idp': 21, 'x': 5.143, 'y': 1.782, 'r': 0.4, 'type': 1}, {'idp': 22, 'x': 2.17, 'y': -1.793, 'r': 0.4, 'type': 1}, {'idp': 23, 'x': 0.261, 'y': -1.438, 'r': 0.4, 'type': 1}]
31873,1398693993.3816926,[{'idp': 7, 'x': 0.813, 'y': -1.222, 'r': 0.4, 'type': 1}, {'idp': 18, 'x': 7.528, 'y': 0.991, 'r': 0.2, 'type': 1}, {'idp': 19, 'x': 7.635, 'y': 1.518, 'r': 0.2, 'type': 1}, {'idp': 20, 'x': 3.561, 'y': 0.917, 'r': 0.4, 'type': 1}, {'idp': 21, 'x': 5.154, 'y': 1.771, 'r': 0.4, 'type': 1}, {'idp': 22, 'x': 2.161, 'y': -1.811, 'r': 0.4, 'type': 1}, {'idp': 23, 'x': 0.263, 'y': -1.447, 'r': 0.4, 'type': 1}]
31874,1398693993.390001,[{'idp': 7, 'x': 0.796, 'y': -1.221, 'r': 0.4, 'type': 1}, {'idp': 18, 'x': 7.556, 'y': 0.995, 'r': 0.2, 'type': 1}, {'idp': 19, 'x': 7.618, 'y': 1.515, 'r': 0.2, 'type': 1}, {'idp': 20, 'x': 3.556, 'y': 0.918, 'r': 0.4, 'type': 1}, {'idp': 21, 'x': 5.16, 'y': 1.773, 'r': 0.4, 'type': 1}, {'idp': 22, 'x': 2.142, 'y': -1.83, 'r': 0.4, 'type': 1}, {'idp': 23, 'x': 0.265, 'y': -1.458, 'r': 0.4, 'type': 1}]
31875,1398693993.429696,[{'idp': 7, 'x': 0.782, 'y': -1.222, 'r': 0.4, 'type': 1}, {'idp': 18, 'x': 7.595, 'y': 1.0, 'r': 0.2, 'type': 1}, {'idp': 19, 'x': 7.623, 'y': 1.534, 'r': 0.2, 'type': 1}, {'idp': 20, 'x': 3.537, 'y': 0.911, 'r': 0.4, 'type': 1}, {'idp': 21, 'x': 5.179, 'y': 1.779, 'r': 0.4, 'type': 1}, {'idp': 22, 'x': 2.123, 'y': -1.829, 'r': 0.4, 'type': 1}, {'idp': 23, 'x': 0.274, 'y': -1.467, 'r': 0.4, 'type': 1}]
31876,1398693993.4697626,[{'idp': 7, 'x': 0.771, 'y': -1.225, 'r': 0.4, 'type': 1}, {'idp': 18, 'x': 7.646, 'y': 1.023, 'r': 0.2, 'type': 1}, {'idp': 19, 'x': 7.622, 'y': 1.551, 'r': 0.2, 'type': 1}, {'idp': 20, 'x': 3.524, 'y': 0.924, 'r': 0.4, 'type': 1}, {'idp': 21, 'x': 5.164, 'y': 1.799, 'r': 0.4, 'type': 1}, {'idp': 22, 'x': 2.113, 'y': -1.828, 'r': 0.4, 'type': 1}, {'idp': 23, 'x': 0.3, 'y': -1.469, 'r': 0.4, 'type': 1}]
31877,1398693993.469804,[{'idp': 7, 'x': 0.762, 'y': -1.213, 'r': 0.4, 'type': 1}, {'idp': 18, 'x': 7.708, 'y': 1.032, 'r': 0.2, 'type': 1}, {'idp': 19, 'x': 7.616, 'y': 1.584, 'r': 0.2, 'type': 1}, {'idp': 20, 'x': 3.52, 'y': 0.941, 'r': 0.4, 'type': 1}, {'idp': 21, 'x': 5.169, 'y': 1.826, 'r': 0.4, 'type': 1}, {'idp': 22, 'x': 2.12, 'y': -1.833, 'r': 0.4, 'type': 1}, {'idp': 23, 'x': 0.328, 'y': -1.472, 'r': 0.4, 'type': 1}]
31878,1398693993.509683,[{'idp': 7, 'x': 0.75, 'y': -1.211, 'r': 0.4, 'type': 1}, {'idp': 18, 'x': 7.763, 'y': 1.022, 'r': 0.2, 'type': 1}, {'idp': 19, 'x': 7.622, 'y': 1.585, 'r': 0.2, 'type': 1}, {'idp': 20, 'x': 3.507, 'y': 0.946, 'r': 0.4, 'type': 1}, {'idp': 21, 'x': 5.164, 'y': 1.827, 'r': 0.4, 'type': 1}, {'idp': 22, 'x': 2.115, 'y': -1.837, 'r': 0.4, 'type': 1}, {'idp': 23, 'x': 0.359, 'y': -1.471, 'r': 0.4, 'type': 1}]
31879,1398693993.5148542,[{'idp': 7, 'x': 0.734, 'y': -1.217, 'r': 0.4, 'type': 1}, {'idp': 18, 'x': 7.807, 'y': 1.01, 'r': 0.2, 'type': 1}, {'idp': 19, 'x': 7.652, 'y': 1.574, 'r': 0.2, 'type': 1}, {'idp': 20, 'x': 3.51, 'y': 0.953, 'r': 0.4, 'type': 1}, {'idp': 21, 'x': 5.184, 'y': 1.823, 'r': 0.4, 'type': 1}, {'idp': 22, 'x': 2.096, 'y': -1.854, 'r': 0.4, 'type': 1}, {'idp': 23, 'x': 0.387, 'y': -1.473, 'r': 0.4, 'type': 1}]
31880,1398693993.5537322,[{'idp': 7, 'x': 0.715, 'y': -1.223, 'r': 0.4, 'type': 1}, {'idp': 18, 'x': 7.848, 'y': 0.981, 'r': 0.2, 'type': 1}, {'idp': 19, 'x': 7.707, 'y': 1.55, 'r': 0.2, 'type': 1}, {'idp': 20, 'x': 3.51, 'y': 0.932, 'r': 0.4, 'type': 1}, {'idp': 21, 'x': 5.232, 'y': 1.801, 'r': 0.4, 'type': 1}, {'idp': 22, 'x': 2.071, 'y': -1.847, 'r': 0.4, 'type': 1}, {'idp': 23, 'x': 0.402, 'y': -1.468, 'r': 0.4, 'type': 1}]
31881,1398693993.593719,[{'idp': 7, 'x': 0.705, 'y': -1.221, 'r': 0.4, 'type': 1}, {'idp': 18, 'x': 7.872, 'y': 0.967, 'r': 0.2, 'type': 1}, {'idp': 19, 'x': 7.692, 'y': 1.583, 'r': 0.2, 'type': 1}, {'idp': 20, 'x': 3.505, 'y': 0.94, 'r': 0.4, 'type': 1}, {'idp': 21, 'x': 5.277, 'y': 1.803, 'r': 0.4, 'type': 1}, {'idp': 22, 'x': 2.064, 'y': -1.85, 'r': 0.4, 'type': 1}, {'idp': 23, 'x': 0.403, 'y': -1.466, 'r': 0.4, 'type': 1}]
31882,1398693993.593738,[{'idp': 7, 'x': 0.698, 'y': -1.221, 'r': 0.4, 'type': 1}, {'idp': 18, 'x': 7.886, 'y': 0.969, 'r': 0.2, 'type': 1}, {'idp': 19, 'x': 7.688, 'y': 1.616, 'r': 0.2, 'type': 1}, {'idp': 20, 'x': 3.482, 'y': 0.957, 'r': 0.4, 'type': 1}, {'idp': 21, 'x': 5.24, 'y': 1.861, 'r': 0.4, 'type': 1}, {'idp': 22, 'x': 2.066, 'y': -1.843, 'r': 0.4, 'type': 1}, {'idp': 23, 'x': 0.396, 'y': -1.463, 'r': 0.4, 'type': 1}]
31883,1398693993.6336725,[{'idp': 7, 'x': 0.691, 'y': -1.222, 'r': 0.4, 'type': 1}, {'idp': 18, 'x': 7.894, 'y': 0.987, 'r': 0.2, 'type': 1}, {'idp': 19, 'x': 7.643, 'y': 1.66, 'r': 0.2, 'type': 1}, {'idp': 20, 'x': 3.447, 'y': 0.968, 'r': 0.4, 'type': 1}, {'idp': 21, 'x': 5.236, 'y': 1.892, 'r': 0.4, 'type': 1}, {'idp': 22, 'x': 2.063, 'y': -1.832, 'r': 0.4, 'type': 1}, {'idp': 23, 'x': 0.391, 'y': -1.46, 'r': 0.4, 'type': 1}]
31884,1398693993.6392999,[{'idp': 7, 'x': 0.683, 'y': -1.213, 'r': 0.4, 'type': 1}, {'idp': 18, 'x': 7.852, 'y': 1.017, 'r': 0.2, 'type': 1}, {'idp': 19, 'x': 7.619, 'y': 1.672, 'r': 0.2, 'type': 1}, {'idp': 20, 'x': 3.429, 'y': 0.979, 'r': 0.4, 'type': 1}, {'idp': 21, 'x': 5.221, 'y': 1.9, 'r': 0.4, 'type': 1}, {'idp': 22, 'x': 2.052, 'y': -1.838, 'r': 0.4, 'type': 1}, {'idp': 23, 'x': 0.384, 'y': -1.46, 'r': 0.4, 'type': 1}]
31885,1398693993.677762,[{'idp': 7, 'x': 0.672, 'y': -1.22, 'r': 0.4, 'type': 1}, {'idp': 18, 'x': 7.857, 'y': 1.018, 'r': 0.2, 'type': 1}, {'idp': 19, 'x': 7.61, 'y': 1.687, 'r': 0.2, 'type': 1}, {'idp': 20, 'x': 3.414, 'y': 0.985, 'r': 0.4, 'type': 1}, {'idp': 21, 'x': 5.156, 'y': 1.915, 'r': 0.4, 'type': 1}, {'idp': 22, 'x': 2.034, 'y': -1.829, 'r': 0.4, 'type': 1}, {'idp': 23, 'x': 0.38, 'y': -1.46, 'r': 0.4, 'type': 1}]
31886,1398693993.7177055,[{'idp': 7, 'x': 0.66, 'y': -1.213, 'r': 0.4, 'type': 1}, {'idp': 18, 'x': 7.851, 'y': 1.0, 'r': 0.2, 'type': 1}, {'idp': 19, 'x': 7.614, 'y': 1.671, 'r': 0.2, 'type': 1}, {'idp': 20, 'x': 3.407, 'y': 0.973, 'r': 0.4, 'type': 1}, {'idp': 21, 'x': 5.189, 'y': 1.906, 'r': 0.4, 'type': 1}, {'idp': 22, 'x': 2.031, 'y': -1.842, 'r': 0.4, 'type': 1}, {'idp': 23, 'x': 0.381, 'y': -1.454, 'r': 0.4, 'type': 1}]
31887,1398693993.7177346,[{'idp': 7, 'x': 0.645, 'y': -1.209, 'r': 0.4, 'type': 1}, {'idp': 18, 'x': 7.859, 'y': 0.983, 'r': 0.2, 'type': 1}, {'idp': 19, 'x': 7.662, 'y': 1.681, 'r': 0.2, 'type': 1}, {'idp': 20, 'x': 3.39, 'y': 0.969, 'r': 0.4, 'type': 1}, {'idp': 21, 'x': 5.165, 'y': 1.906, 'r': 0.4, 'type': 1}, {'idp': 22, 'x': 2.013, 'y': -1.859, 'r': 0.4, 'type': 1}, {'idp': 23, 'x': 0.376, 'y': -1.447, 'r': 0.4, 'type': 1}]
31888,1398693993.7576718,[{'idp': 7, 'x': 0.632, 'y': -1.219, 'r': 0.4, 'type': 1}, {'idp': 18, 'x': 7.863, 'y': 0.949, 'r': 0.2, 'type': 1}, {'idp': 19, 'x': 7.665, 'y': 1.647, 'r': 0.2, 'type': 1}, {'idp': 20, 'x': 3.379, 'y': 0.956, 'r': 0.4, 'type': 1}, {'idp': 21, 'x': 5.207, 'y': 1.895, 'r': 0.4, 'type': 1}, {'idp': 22, 'x': 1.987, 'y': -1.859, 'r': 0.4, 'type': 1}, {'idp': 23, 'x': 0.374, 'y': -1.445, 'r': 0.4, 'type': 1}]
31889,1398693993.7637918,[{'idp': 7, 'x': 0.621, 'y': -1.215, 'r': 0.4, 'type': 1}, {'idp': 18, 'x': 7.805, 'y': 0.889, 'r': 0.2, 'type': 1}, {'idp': 19, 'x': 7.699, 'y': 1.601, 'r': 0.2, 'type': 1}, {'idp': 20, 'x': 3.378, 'y': 0.959, 'r': 0.4, 'type': 1}, {'idp': 21, 'x': 5.276, 'y': 1.894, 'r': 0.4, 'type': 1}, {'idp': 22, 'x': 1.983, 'y': -1.872, 'r': 0.4, 'type': 1}, {'idp': 23, 'x': 0.369, 'y': -1.439, 'r': 0.4, 'type': 1}]
31890,1398693993.801744,[{'idp': 7, 'x': 0.605, 'y': -1.213, 'r': 0.4, 'type': 1}, {'idp': 18, 'x': 7.823, 'y': 0.892, 'r': 0.2, 'type': 1}, {'idp': 19, 'x': 7.749, 'y': 1.612, 'r': 0.2, 'type': 1}, {'idp': 20, 'x': 3.363, 'y': 0.955, 'r': 0.4, 'type': 1}, {'idp': 21, 'x': 5.326, 'y': 1.899, 'r': 0.4, 'type': 1}, {'idp': 22, 'x': 1.967, 'y': -1.864, 'r': 0.4, 'type': 1}, {'idp': 23, 'x': 0.365, 'y': -1.436, 'r': 0.4, 'type': 1}]
31891,1398693993.8417168,[{'idp': 7, 'x': 0.593, 'y': -1.216, 'r': 0.4, 'type': 1}, {'idp': 18, 'x': 7.853, 'y': 0.86, 'r': 0.2, 'type': 1}, {'idp': 19, 'x': 7.828, 'y': 1.592, 'r': 0.2, 'type': 1}, {'idp': 20, 'x': 3.354, 'y': 0.953, 'r': 0.4, 'type': 1}, {'idp': 21, 'x': 5.344, 'y': 1.892, 'r': 0.4, 'type': 1}, {'idp': 22, 'x': 1.958, 'y': -1.872, 'r': 0.4, 'type': 1}, {'idp': 23, 'x': 0.356, 'y': -1.436, 'r': 0.4, 'type': 1}]
31892,1398693993.8417478,[{'idp': 7, 'x': 0.583, 'y': -1.215, 'r': 0.4, 'type': 1}, {'idp': 18, 'x': 7.858, 'y': 0.861, 'r': 0.2, 'type': 1}, {'idp': 19, 'x': 7.915, 'y': 1.592, 'r': 0.2, 'type': 1}, {'idp': 20, 'x': 3.346, 'y': 0.934, 'r': 0.4, 'type': 1}, {'idp': 21, 'x': 5.375, 'y': 1.89, 'r': 0.4, 'type': 1}, {'idp': 22, 'x': 1.951, 'y': -1.891, 'r': 0.4, 'type': 1}, {'idp': 23, 'x': 0.352, 'y': -1.436, 'r': 0.4, 'type': 1}]
31893,1398693993.8816795,[{'idp': 7, 'x': 0.572, 'y': -1.222, 'r': 0.4, 'type': 1}, {'idp': 18, 'x': 7.869, 'y': 0.862, 'r': 0.2, 'type': 1}, {'idp': 19, 'x': 7.957, 'y': 1.583, 'r': 0.2, 'type': 1}, {'idp': 20, 'x': 3.338, 'y': 0.932, 'r': 0.4, 'type': 1}, {'idp': 21, 'x': 5.418, 'y': 1.892, 'r': 0.4, 'type': 1}, {'idp': 22, 'x': 1.927, 'y': -1.883, 'r': 0.4, 'type': 1}, {'idp': 23, 'x': 0.348, 'y': -1.439, 'r': 0.4, 'type': 1}]
31894,1398693993.8886168,[{'idp': 7, 'x': 0.564, 'y': -1.217, 'r': 0.4, 'type': 1}, {'idp': 18, 'x': 7.878, 'y': 0.88, 'r': 0.2, 'type': 1}, {'idp': 19, 'x': 8.037, 'y': 1.617, 'r': 0.2, 'type': 1}, {'idp': 20, 'x': 3.338, 'y': 0.938, 'r': 0.4, 'type': 1}, {'idp': 21, 'x': 5.411, 'y': 1.889, 'r': 0.4, 'type': 1}, {'idp': 22, 'x': 1.923, 'y': -1.879, 'r': 0.4, 'type': 1}, {'idp': 23, 'x': 0.341, 'y': -1.438, 'r': 0.4, 'type': 1}]
31895,1398693993.9256763,[{'idp': 7, 'x': 0.56, 'y': -1.215, 'r': 0.4, 'type': 1}, {'idp': 18, 'x': 7.921, 'y': 0.903, 'r': 0.2, 'type': 1}, {'idp': 19, 'x': 8.085, 'y': 1.663, 'r': 0.2, 'type': 1}, {'idp': 20, 'x': 3.335, 'y': 0.948, 'r': 0.4, 'type': 1}, {'idp': 21, 'x': 5.405, 'y': 1.901, 'r': 0.4, 'type': 1}, {'idp': 22, 'x': 1.924, 'y': -1.88, 'r': 0.4, 'type': 1}, {'idp': 23, 'x': 0.343, 'y': -1.436, 'r': 0.4, 'type': 1}]
31896,1398693993.9656923,[{'idp': 7, 'x': 0.548, 'y': -1.22, 'r': 0.4, 'type': 1}, {'idp': 18, 'x': 7.953, 'y': 0.889, 'r': 0.2, 'type': 1}, {'idp': 19, 'x': 8.113, 'y': 1.706, 'r': 0.2, 'type': 1}, {'idp': 20, 'x': 3.325, 'y': 0.956, 'r': 0.4, 'type': 1}, {'idp': 21, 'x': 5.413, 'y': 1.89, 'r': 0.4, 'type': 1}, {'idp': 22, 'x': 1.92, 'y': -1.877, 'r': 0.4, 'type': 1}, {'idp': 23, 'x': 0.336, 'y': -1.439, 'r': 0.4, 'type': 1}]
31897,1398693993.9657226,[{'idp': 7, 'x': 0.541, 'y': -1.217, 'r': 0.4, 'type': 1}, {'idp': 18, 'x': 7.99, 'y': 0.893, 'r': 0.2, 'type': 1}, {'idp': 19, 'x': 8.158, 'y': 1.696, 'r': 0.2, 'type': 1}, {'idp': 20, 'x': 3.329, 'y': 0.939, 'r': 0.4, 'type': 1}, {'idp': 21, 'x': 5.406, 'y': 1.875, 'r': 0.4, 'type': 1}, {'idp': 22, 'x': 1.919, 'y': -1.884, 'r': 0.4, 'type': 1}, {'idp': 23, 'x': 0.335, 'y': -1.439, 'r': 0.4, 'type': 1}]
31898,1398693994.0058236,[{'idp': 7, 'x': 0.529, 'y': -1.219, 'r': 0.4, 'type': 1}, {'idp': 18, 'x': 8.03, 'y': 0.897, 'r': 0.2, 'type': 1}, {'idp': 19, 'x': 8.174, 'y': 1.699, 'r': 0.2, 'type': 1}, {'idp': 20, 'x': 3.322, 'y': 0.936, 'r': 0.4, 'type': 1}, {'idp': 21, 'x': 5.392, 'y': 1.87, 'r': 0.4, 'type': 1}, {'idp': 22, 'x': 1.915, 'y': -1.888, 'r': 0.4, 'type': 1}, {'idp': 23, 'x': 0.328, 'y': -1.441, 'r': 0.4, 'type': 1}]
31899,1398693994.0138624,[{'idp': 7, 'x': 0.521, 'y': -1.222, 'r': 0.4, 'type': 1}, {'idp': 18, 'x': 8.065, 'y': 0.901, 'r': 0.2, 'type': 1}, {'idp': 19, 'x': 8.178, 'y': 1.7, 'r': 0.2, 'type': 1}, {'idp': 20, 'x': 3.316, 'y': 0.929, 'r': 0.4, 'type': 1}, {'idp': 21, 'x': 5.362, 'y': 1.834, 'r': 0.4, 'type': 1}, {'idp': 22, 'x': 1.902, 'y': -1.883, 'r': 0.4, 'type': 1}, {'idp': 23, 'x': 0.326, 'y': -1.442, 'r': 0.4, 'type': 1}]
31900,1398693994.0536852,[{'idp': 7, 'x': 0.511, 'y': -1.22, 'r': 0.4, 'type': 1}, {'idp': 18, 'x': 8.106, 'y': 0.906, 'r': 0.2, 'type': 1}, {'idp': 19, 'x': 8.171, 'y': 1.699, 'r': 0.2, 'type': 1}, {'idp': 20, 'x': 3.307, 'y': 0.917, 'r': 0.4, 'type': 1}, {'idp': 21, 'x': 5.348, 'y': 1.815, 'r': 0.4, 'type': 1}, {'idp': 22, 'x': 1.902, 'y': -1.891, 'r': 0.4, 'type': 1}, {'idp': 23, 'x': 0.323, 'y': -1.443, 'r': 0.4, 'type': 1}]
31901,1398693994.093704,[{'idp': 7, 'x': 0.503, 'y': -1.223, 'r': 0.4, 'type': 1}, {'idp': 18, 'x': 8.139, 'y': 0.927, 'r': 0.2, 'type': 1}, {'idp': 19, 'x': 8.168, 'y': 1.698, 'r': 0.2, 'type': 1}, {'idp': 20, 'x': 3.296, 'y': 0.923, 'r': 0.4, 'type': 1}, {'idp': 21, 'x': 5.33, 'y': 1.836, 'r': 0.4, 'type': 1}, {'idp': 22, 'x': 1.898, 'y': -1.887, 'r': 0.4, 'type': 1}, {'idp': 23, 'x': 0.321, 'y': -1.442, 'r': 0.4, 'type': 1}]
31902,1398693994.0937338,[{'idp': 7, 'x': 0.496, 'y': -1.22, 'r': 0.4, 'type': 1}, {'idp': 18, 'x': 8.166, 'y': 0.948, 'r': 0.2, 'type': 1}, {'idp': 19, 'x': 8.173, 'y': 1.699, 'r': 0.2, 'type': 1}, {'idp': 20, 'x': 3.288, 'y': 0.929, 'r': 0.4, 'type': 1}, {'idp': 21, 'x': 5.319, 'y': 1.832, 'r': 0.4, 'type': 1}, {'idp': 22, 'x': 1.882, 'y': -1.88, 'r': 0.4, 'type': 1}, {'idp': 23, 'x': 0.317, 'y': -1.443, 'r': 0.4, 'type': 1}]
31903,1398693994.1338098,[{'idp': 7, 'x': 0.486, 'y': -1.22, 'r': 0.4, 'type': 1}, {'idp': 18, 'x': 8.185, 'y': 0.95, 'r': 0.2, 'type': 1}, {'idp': 19, 'x': 8.179, 'y': 1.7, 'r': 0.2, 'type': 1}, {'idp': 20, 'x': 3.271, 'y': 0.923, 'r': 0.4, 'type': 1}, {'idp': 21, 'x': 5.306, 'y': 1.84, 'r': 0.4, 'type': 1}, {'idp': 22, 'x': 1.882, 'y': -1.889, 'r': 0.4, 'type': 1}, {'idp': 23, 'x': 0.311, 'y': -1.444, 'r': 0.4, 'type': 1}]
31904,1398693994.1380644,[{'idp': 7, 'x': 0.477, 'y': -1.218, 'r': 0.4, 'type': 1}, {'idp': 18, 'x': 8.195, 'y': 0.97, 'r': 0.2, 'type': 1}, {'idp': 19, 'x': 8.174, 'y': 1.699, 'r': 0.2, 'type': 1}, {'idp': 20, 'x': 3.259, 'y': 0.919, 'r': 0.4, 'type': 1}, {'idp': 21, 'x': 5.298, 'y': 1.837, 'r': 0.4, 'type': 1}, {'idp': 22, 'x': 1.872, 'y': -1.886, 'r': 0.4, 'type': 1}, {'idp': 23, 'x': 0.306, 'y': -1.441, 'r': 0.4, 'type': 1}]
31905,1398693994.1777236,[{'idp': 7, 'x': 0.469, 'y': -1.219, 'r': 0.4, 'type': 1}, {'idp': 18, 'x': 8.209, 'y': 0.971, 'r': 0.2, 'type': 1}, {'idp': 19, 'x': 8.171, 'y': 1.699, 'r': 0.2, 'type': 1}, {'idp': 20, 'x': 3.251, 'y': 0.918, 'r': 0.4, 'type': 1}, {'idp': 21, 'x': 5.271, 'y': 1.828, 'r': 0.4, 'type': 1}, {'idp': 22, 'x': 1.864, 'y': -1.888, 'r': 0.4, 'type': 1}, {'idp': 23, 'x': 0.305, 'y': -1.434, 'r': 0.4, 'type': 1}]
31906,1398693994.217728,[{'idp': 7, 'x': 0.461, 'y': -1.223, 'r': 0.4, 'type': 1}, {'idp': 18, 'x': 8.207, 'y': 0.989, 'r': 0.2, 'type': 1}, {'idp': 19, 'x': 8.175, 'y': 1.7, 'r': 0.2, 'type': 1}, {'idp': 20, 'x': 3.249, 'y': 0.917, 'r': 0.4, 'type': 1}, {'idp': 21, 'x': 5.249, 'y': 1.834, 'r': 0.4, 'type': 1}, {'idp': 22, 'x': 1.86, 'y': -1.891, 'r': 0.4, 'type': 1}, {'idp': 23, 'x': 0.302, 'y': -1.429, 'r': 0.4, 'type': 1}]
31907,1398693994.217755,[{'idp': 7, 'x': 0.45, 'y': -1.226, 'r': 0.4, 'type': 1}, {'idp': 18, 'x': 8.208, 'y': 1.008, 'r': 0.2, 'type': 1}, {'idp': 19, 'x': 8.168, 'y': 1.717, 'r': 0.2, 'type': 1}, {'idp': 20, 'x': 3.229, 'y': 0.927, 'r': 0.4, 'type': 1}, {'idp': 21, 'x': 5.236, 'y': 1.855, 'r': 0.4, 'type': 1}, {'idp': 22, 'x': 1.864, 'y': -1.896, 'r': 0.4, 'type': 1}, {'idp': 23, 'x': 0.307, 'y': -1.416, 'r': 0.4, 'type': 1}]
31908,1398693994.2577002,[{'idp': 7, 'x': 0.442, 'y': -1.221, 'r': 0.4, 'type': 1}, {'idp': 18, 'x': 8.209, 'y': 1.008, 'r': 0.2, 'type': 1}, {'idp': 19, 'x': 8.173, 'y': 1.737, 'r': 0.2, 'type': 1}, {'idp': 20, 'x': 3.219, 'y': 0.924, 'r': 0.4, 'type': 1}, {'idp': 21, 'x': 5.198, 'y': 1.841, 'r': 0.4, 'type': 1}, {'idp': 22, 'x': 1.861, 'y': -1.901, 'r': 0.4, 'type': 1}, {'idp': 23, 'x': 0.318, 'y': -1.398, 'r': 0.4, 'type': 1}]
31909,1398693994.2618678,[{'idp': 7, 'x': 0.433, 'y': -1.223, 'r': 0.4, 'type': 1}, {'idp': 18, 'x': 8.219, 'y': 1.009, 'r': 0.2, 'type': 1}, {'idp': 19, 'x': 8.133, 'y': 1.747, 'r': 0.2, 'type': 1}, {'idp': 20, 'x': 3.205, 'y': 0.92, 'r': 0.4, 'type': 1}, {'idp': 21, 'x': 5.153, 'y': 1.838, 'r': 0.4, 'type': 1}, {'idp': 22, 'x': 1.868, 'y': -1.908, 'r': 0.4, 'type': 1}, {'idp': 23, 'x': 0.313, 'y': -1.395, 'r': 0.4, 'type': 1}]
31910,1398693994.301742,[{'idp': 7, 'x': 0.426, 'y': -1.221, 'r': 0.4, 'type': 1}, {'idp': 18, 'x': 8.223, 'y': 1.009, 'r': 0.2, 'type': 1}, {'idp': 19, 'x': 8.112, 'y': 1.761, 'r': 0.2, 'type': 1}, {'idp': 20, 'x': 3.194, 'y': 0.924, 'r': 0.4, 'type': 1}, {'idp': 21, 'x': 5.101, 'y': 1.82, 'r': 0.4, 'type': 1}, {'idp': 22, 'x': 1.869, 'y': -1.909, 'r': 0.4, 'type': 1}, {'idp': 23, 'x': 0.309, 'y': -1.393, 'r': 0.4, 'type': 1}]
31911,1398693994.3416972,[{'idp': 7, 'x': 0.419, 'y': -1.218, 'r': 0.4, 'type': 1}, {'idp': 18, 'x': 8.252, 'y': 1.031, 'r': 0.2, 'type': 1}, {'idp': 19, 'x': 8.133, 'y': 1.803, 'r': 0.2, 'type': 1}, {'idp': 20, 'x': 3.192, 'y': 0.931, 'r': 0.4, 'type': 1}, {'idp': 21, 'x': 5.096, 'y': 1.843, 'r': 0.4, 'type': 1}, {'idp': 22, 'x': 1.859, 'y': -1.909, 'r': 0.4, 'type': 1}, {'idp': 23, 'x': 0.305, 'y': -1.389, 'r': 0.4, 'type': 1}]
31912,1398693994.3417523,[{'idp': 7, 'x': 0.407, 'y': -1.222, 'r': 0.4, 'type': 1}, {'idp': 18, 'x': 8.26, 'y': 1.032, 'r': 0.2, 'type': 1}, {'idp': 19, 'x': 8.203, 'y': 1.837, 'r': 0.2, 'type': 1}, {'idp': 20, 'x': 3.179, 'y': 0.927, 'r': 0.4, 'type': 1}, {'idp': 21, 'x': 5.048, 'y': 1.813, 'r': 0.4, 'type': 1}, {'idp': 22, 'x': 1.867, 'y': -1.926, 'r': 0.4, 'type': 1}, {'idp': 23, 'x': 0.297, 'y': -1.388, 'r': 0.4, 'type': 1}]
31913,1398693994.3816378,[{'idp': 7, 'x': 0.397, 'y': -1.226, 'r': 0.4, 'type': 1}, {'idp': 18, 'x': 8.257, 'y': 1.05, 'r': 0.2, 'type': 1}, {'idp': 19, 'x': 8.224, 'y': 1.842, 'r': 0.2, 'type': 1}, {'idp': 20, 'x': 3.169, 'y': 0.925, 'r': 0.4, 'type': 1}, {'idp': 21, 'x': 5.011, 'y': 1.8, 'r': 0.4, 'type': 1}, {'idp': 22, 'x': 1.861, 'y': -1.937, 'r': 0.4, 'type': 1}, {'idp': 23, 'x': 0.291, 'y': -1.388, 'r': 0.4, 'type': 1}]
31914,1398693994.386352,[{'idp': 18, 'x': 8.245, 'y': 1.066, 'r': 0.2, 'type': 1}, {'idp': 19, 'x': 8.264, 'y': 1.851, 'r': 0.2, 'type': 1}, {'idp': 20, 'x': 3.168, 'y': 0.917, 'r': 0.4, 'type': 1}, {'idp': 21, 'x': 4.935, 'y': 1.76, 'r': 0.4, 'type': 1}, {'idp': 22, 'x': 1.85, 'y': -1.943, 'r': 0.4, 'type': 1}]
31915,1398693994.4256916,[{'idp': 18, 'x': 8.254, 'y': 1.068, 'r': 0.2, 'type': 1}, {'idp': 19, 'x': 8.289, 'y': 1.856, 'r': 0.2, 'type': 1}, {'idp': 20, 'x': 3.169, 'y': 0.917, 'r': 0.4, 'type': 1}, {'idp': 21, 'x': 4.962, 'y': 1.78, 'r': 0.4, 'type': 1}, {'idp': 22, 'x': 1.838, 'y': -1.939, 'r': 0.4, 'type': 1}]
31916,1398693994.4657862,[{'idp': 18, 'x': 8.264, 'y': 1.069, 'r': 0.2, 'type': 1}, {'idp': 19, 'x': 8.328, 'y': 1.846, 'r': 0.2, 'type': 1}, {'idp': 20, 'x': 3.163, 'y': 0.908, 'r': 0.4, 'type': 1}, {'idp': 21, 'x': 4.948, 'y': 1.8, 'r': 0.4, 'type': 1}, {'idp': 22, 'x': 1.842, 'y': -1.943, 'r': 0.4, 'type': 1}]
31917,1398693994.4658163,[{'idp': 18, 'x': 8.264, 'y': 1.087, 'r': 0.2, 'type': 1}, {'idp': 19, 'x': 8.374, 'y': 1.856, 'r': 0.2, 'type': 1}, {'idp': 20, 'x': 3.165, 'y': 0.916, 'r': 0.4, 'type': 1}, {'idp': 21, 'x': 4.975, 'y': 1.809, 'r': 0.4, 'type': 1}, {'idp': 22, 'x': 1.827, 'y': -1.944, 'r': 0.4, 'type': 1}]
31918,1398693994.5056825,[{'idp': 18, 'x': 8.271, 'y': 1.106, 'r': 0.2, 'type': 1}, {'idp': 19, 'x': 8.408, 'y': 1.864, 'r': 0.2, 'type': 1}, {'idp': 20, 'x': 3.152, 'y': 0.927, 'r': 0.4, 'type': 1}, {'idp': 21, 'x': 4.961, 'y': 1.828, 'r': 0.4, 'type': 1}, {'idp': 22, 'x': 1.811, 'y': -1.945, 'r': 0.4, 'type': 1}]
31919,1398693994.5107136,[{'idp': 18, 'x': 8.276, 'y': 1.126, 'r': 0.2, 'type': 1}, {'idp': 19, 'x': 8.445, 'y': 1.853, 'r': 0.2, 'type': 1}, {'idp': 20, 'x': 3.129, 'y': 0.928, 'r': 0.4, 'type': 1}, {'idp': 21, 'x': 4.912, 'y': 1.847, 'r': 0.4, 'type': 1}, {'idp': 22, 'x': 1.798, 'y': -1.949, 'r': 0.4, 'type': 1}]
31920,1398693994.5497267,[{'idp': 18, 'x': 8.283, 'y': 1.145, 'r': 0.2, 'type': 1}, {'idp': 19, 'x': 8.457, 'y': 1.856, 'r': 0.2, 'type': 1}, {'idp': 20, 'x': 3.124, 'y': 0.934, 'r': 0.4, 'type': 1}, {'idp': 21, 'x': 4.921, 'y': 1.85, 'r': 0.4, 'type': 1}, {'idp': 22, 'x': 1.787, 'y': -1.945, 'r': 0.4, 'type': 1}]
31921,1398693994.5898397,[{'idp': 18, 'x': 8.285, 'y': 1.164, 'r': 0.2, 'type': 1}, {'idp': 19, 'x': 8.473, 'y': 1.859, 'r': 0.2, 'type': 1}, {'idp': 20, 'x': 3.116, 'y': 0.932, 'r': 0.4, 'type': 1}, {'idp': 21, 'x': 4.901, 'y': 1.854, 'r': 0.4, 'type': 1}, {'idp': 22, 'x': 1.777, 'y': -1.952, 'r': 0.4, 'type': 1}]
31922,1398693994.5898728,[{'idp': 18, 'x': 8.321, 'y': 1.169, 'r': 0.2, 'type': 1}, {'idp': 19, 'x': 8.479, 'y': 1.841, 'r': 0.2, 'type': 1}, {'idp': 20, 'x': 3.111, 'y': 0.938, 'r': 0.4, 'type': 1}, {'idp': 21, 'x': 4.898, 'y': 1.853, 'r': 0.4, 'type': 1}, {'idp': 22, 'x': 1.767, 'y': -1.959, 'r': 0.4, 'type': 1}]
31923,1398693994.62971,[{'idp': 18, 'x': 8.367, 'y': 1.176, 'r': 0.2, 'type': 1}, {'idp': 19, 'x': 8.494, 'y': 1.825, 'r': 0.2, 'type': 1}, {'idp': 20, 'x': 3.102, 'y': 0.936, 'r': 0.4, 'type': 1}, {'idp': 21, 'x': 4.848, 'y': 1.871, 'r': 0.4, 'type': 1}, {'idp': 22, 'x': 1.763, 'y': -1.954, 'r': 0.4, 'type': 1}]
31924,1398693994.63513,[{'idp': 18, 'x': 8.391, 'y': 1.179, 'r': 0.2, 'type': 1}, {'idp': 19, 'x': 8.486, 'y': 1.804, 'r': 0.2, 'type': 1}, {'idp': 20, 'x': 3.09, 'y': 0.939, 'r': 0.4, 'type': 1}, {'idp': 21, 'x': 4.826, 'y': 1.874, 'r': 0.4, 'type': 1}, {'idp': 22, 'x': 1.758, 'y': -1.966, 'r': 0.4, 'type': 1}]
31925,1398693994.6737025,[{'idp': 18, 'x': 8.422, 'y': 1.183, 'r': 0.2, 'type': 1}, {'idp': 19, 'x': 8.479, 'y': 1.784, 'r': 0.2, 'type': 1}, {'idp': 20, 'x': 3.082, 'y': 0.944, 'r': 0.4, 'type': 1}, {'idp': 21, 'x': 4.841, 'y': 1.867, 'r': 0.4, 'type': 1}, {'idp': 22, 'x': 1.749, 'y': -1.964, 'r': 0.4, 'type': 1}]
31926,1398693994.7137642,[{'idp': 18, 'x': 8.46, 'y': 1.208, 'r': 0.2, 'type': 1}, {'idp': 19, 'x': 8.457, 'y': 1.76, 'r': 0.2, 'type': 1}, {'idp': 20, 'x': 3.077, 'y': 0.95, 'r': 0.4, 'type': 1}, {'idp': 21, 'x': 4.787, 'y': 1.883, 'r': 0.4, 'type': 1}, {'idp': 22, 'x': 1.742, 'y': -1.965, 'r': 0.4, 'type': 1}]
31927,1398693994.7137978,[{'idp': 18, 'x': 8.481, 'y': 1.211, 'r': 0.2, 'type': 1}, {'idp': 19, 'x': 8.443, 'y': 1.775, 'r': 0.2, 'type': 1}, {'idp': 20, 'x': 3.069, 'y': 0.962, 'r': 0.4, 'type': 1}, {'idp': 21, 'x': 4.773, 'y': 1.878, 'r': 0.4, 'type': 1}, {'idp': 22, 'x': 1.747, 'y': -1.971, 'r': 0.4, 'type': 1}]
31928,1398693994.7537334,[{'idp': 18, 'x': 8.487, 'y': 1.212, 'r': 0.2, 'type': 1}, {'idp': 19, 'x': 8.447, 'y': 1.795, 'r': 0.2, 'type': 1}, {'idp': 20, 'x': 3.058, 'y': 0.973, 'r': 0.4, 'type': 1}, {'idp': 21, 'x': 4.743, 'y': 1.89, 'r': 0.4, 'type': 1}, {'idp': 22, 'x': 1.747, 'y': -1.954, 'r': 0.4, 'type': 1}]
31929,1398693994.7596443,[{'idp': 18, 'x': 8.505, 'y': 1.214, 'r': 0.2, 'type': 1}, {'idp': 19, 'x': 8.459, 'y': 1.817, 'r': 0.2, 'type': 1}, {'idp': 20, 'x': 3.042, 'y': 0.983, 'r': 0.4, 'type': 1}, {'idp': 21, 'x': 4.712, 'y': 1.902, 'r': 0.4, 'type': 1}, {'idp': 22, 'x': 1.749, 'y': -1.955, 'r': 0.4, 'type': 1}]
31930,1398693994.7977202,[{'idp': 18, 'x': 8.52, 'y': 1.216, 'r': 0.2, 'type': 1}, {'idp': 19, 'x': 8.445, 'y': 1.853, 'r': 0.2, 'type': 1}, {'idp': 20, 'x': 3.029, 'y': 0.986, 'r': 0.4, 'type': 1}, {'idp': 21, 'x': 4.674, 'y': 1.91, 'r': 0.4, 'type': 1}, {'idp': 22, 'x': 1.742, 'y': -1.957, 'r': 0.4, 'type': 1}]
31931,1398693994.837697,[{'idp': 18, 'x': 8.542, 'y': 1.239, 'r': 0.2, 'type': 1}, {'idp': 19, 'x': 8.42, 'y': 1.867, 'r': 0.2, 'type': 1}, {'idp': 20, 'x': 3.004, 'y': 0.993, 'r': 0.4, 'type': 1}, {'idp': 21, 'x': 4.652, 'y': 1.925, 'r': 0.4, 'type': 1}, {'idp': 22, 'x': 1.741, 'y': -1.965, 'r': 0.4, 'type': 1}]
31932,1398693994.8377254,[{'idp': 18, 'x': 8.544, 'y': 1.258, 'r': 0.2, 'type': 1}, {'idp': 19, 'x': 8.413, 'y': 1.942, 'r': 0.2, 'type': 1}, {'idp': 20, 'x': 2.988, 'y': 1.009, 'r': 0.4, 'type': 1}, {'idp': 21, 'x': 4.599, 'y': 1.951, 'r': 0.4, 'type': 1}, {'idp': 22, 'x': 1.745, 'y': -1.968, 'r': 0.4, 'type': 1}]
31933,1398693994.8777492,[{'idp': 18, 'x': 8.529, 'y': 1.294, 'r': 0.2, 'type': 1}, {'idp': 19, 'x': 8.403, 'y': 1.959, 'r': 0.2, 'type': 1}, {'idp': 20, 'x': 2.977, 'y': 1.049, 'r': 0.4, 'type': 1}, {'idp': 21, 'x': 4.568, 'y': 1.984, 'r': 0.4, 'type': 1}, {'idp': 22, 'x': 1.734, 'y': -1.955, 'r': 0.4, 'type': 1}]
31934,1398693994.8836303,[{'idp': 18, 'x': 8.505, 'y': 1.347, 'r': 0.2, 'type': 1}, {'idp': 19, 'x': 8.382, 'y': 2.032, 'r': 0.2, 'type': 1}, {'idp': 20, 'x': 2.946, 'y': 1.067, 'r': 0.4, 'type': 1}, {'idp': 21, 'x': 4.523, 'y': 2.012, 'r': 0.4, 'type': 1}, {'idp': 22, 'x': 1.744, 'y': -1.949, 'r': 0.4, 'type': 1}]
31935,1398693994.9216754,[{'idp': 18, 'x': 8.484, 'y': 1.382, 'r': 0.2, 'type': 1}, {'idp': 19, 'x': 8.382, 'y': 2.07, 'r': 0.2, 'type': 1}, {'idp': 20, 'x': 2.926, 'y': 1.089, 'r': 0.4, 'type': 1}, {'idp': 21, 'x': 4.472, 'y': 2.028, 'r': 0.4, 'type': 1}, {'idp': 22, 'x': 1.748, 'y': -1.963, 'r': 0.4, 'type': 1}]
31936,1398693994.9617352,[{'idp': 18, 'x': 8.492, 'y': 1.402, 'r': 0.2, 'type': 1}, {'idp': 19, 'x': 8.411, 'y': 2.077, 'r': 0.2, 'type': 1}, {'idp': 20, 'x': 2.911, 'y': 1.098, 'r': 0.4, 'type': 1}, {'idp': 21, 'x': 4.42, 'y': 2.032, 'r': 0.4, 'type': 1}, {'idp': 22, 'x': 1.758, 'y': -1.982, 'r': 0.4, 'type': 1}]
31937,1398693994.9617672,[{'idp': 18, 'x': 8.484, 'y': 1.401, 'r': 0.2, 'type': 1}, {'idp': 19, 'x': 8.374, 'y': 2.068, 'r': 0.2, 'type': 1}, {'idp': 20, 'x': 2.897, 'y': 1.093, 'r': 0.4, 'type': 1}, {'idp': 21, 'x': 4.396, 'y': 2.021, 'r': 0.4, 'type': 1}, {'idp': 22, 'x': 1.736, 'y': -1.993, 'r': 0.4, 'type': 1}]
31938,1398693995.0017035,[{'idp': 18, 'x': 8.469, 'y': 1.399, 'r': 0.2, 'type': 1}, {'idp': 19, 'x': 8.335, 'y': 2.097, 'r': 0.2, 'type': 1}, {'idp': 20, 'x': 2.873, 'y': 1.099, 'r': 0.4, 'type': 1}, {'idp': 21, 'x': 4.385, 'y': 2.032, 'r': 0.4, 'type': 1}, {'idp': 22, 'x': 1.739, 'y': -2.013, 'r': 0.4, 'type': 1}]
31939,1398693995.0077565,[{'idp': 18, 'x': 8.429, 'y': 1.392, 'r': 0.2, 'type': 1}, {'idp': 19, 'x': 8.313, 'y': 2.131, 'r': 0.2, 'type': 1}, {'idp': 20, 'x': 2.851, 'y': 1.112, 'r': 0.4, 'type': 1}, {'idp': 21, 'x': 4.353, 'y': 2.04, 'r': 0.4, 'type': 1}, {'idp': 22, 'x': 1.731, 'y': -2.023, 'r': 0.4, 'type': 1}]
31940,1398693995.0457177,[{'idp': 18, 'x': 8.418, 'y': 1.465, 'r': 0.2, 'type': 1}, {'idp': 19, 'x': 8.31, 'y': 2.169, 'r': 0.2, 'type': 1}, {'idp': 20, 'x': 2.831, 'y': 1.147, 'r': 0.4, 'type': 1}, {'idp': 21, 'x': 4.299, 'y': 2.073, 'r': 0.4, 'type': 1}, {'idp': 22, 'x': 1.737, 'y': -2.011, 'r': 0.4, 'type': 1}]
31941,1398693995.085736,[{'idp': 18, 'x': 8.401, 'y': 1.538, 'r': 0.2, 'type': 1}, {'idp': 19, 'x': 8.317, 'y': 2.228, 'r': 0.2, 'type': 1}, {'idp': 20, 'x': 2.806, 'y': 1.165, 'r': 0.4, 'type': 1}, {'idp': 21, 'x': 4.268, 'y': 2.104, 'r': 0.4, 'type': 1}, {'idp': 22, 'x': 1.751, 'y': -2.009, 'r': 0.4, 'type': 1}]
31942,1398693995.085769,[{'idp': 18, 'x': 8.387, 'y': 1.592, 'r': 0.2, 'type': 1}, {'idp': 19, 'x': 8.292, 'y': 2.319, 'r': 0.2, 'type': 1}, {'idp': 20, 'x': 2.785, 'y': 1.192, 'r': 0.4, 'type': 1}, {'idp': 21, 'x': 4.21, 'y': 2.14, 'r': 0.4, 'type': 1}, {'idp': 22, 'x': 1.77, 'y': -2.021, 'r': 0.4, 'type': 1}]
31943,1398693995.125715,[{'idp': 18, 'x': 8.383, 'y': 1.668, 'r': 0.2, 'type': 1}, {'idp': 19, 'x': 8.299, 'y': 2.399, 'r': 0.2, 'type': 1}, {'idp': 20, 'x': 2.76, 'y': 1.231, 'r': 0.4, 'type': 1}, {'idp': 21, 'x': 4.166, 'y': 2.187, 'r': 0.4, 'type': 1}, {'idp': 22, 'x': 1.778, 'y': -2.012, 'r': 0.4, 'type': 1}]
31944,1398693995.132499,[{'idp': 18, 'x': 8.414, 'y': 1.808, 'r': 0.2, 'type': 1}, {'idp': 19, 'x': 8.351, 'y': 2.493, 'r': 0.2, 'type': 1}, {'idp': 20, 'x': 2.73, 'y': 1.268, 'r': 0.4, 'type': 1}, {'idp': 21, 'x': 4.127, 'y': 2.236, 'r': 0.4, 'type': 1}, {'idp': 22, 'x': 1.794, 'y': -1.985, 'r': 0.4, 'type': 1}]
31945,1398693995.1697373,[{'idp': 18, 'x': 8.493, 'y': 1.883, 'r': 0.2, 'type': 1}, {'idp': 19, 'x': 8.398, 'y': 2.587, 'r': 0.2, 'type': 1}, {'idp': 20, 'x': 2.705, 'y': 1.292, 'r': 0.4, 'type': 1}, {'idp': 21, 'x': 4.092, 'y': 2.264, 'r': 0.4, 'type': 1}, {'idp': 22, 'x': 1.802, 'y': -1.977, 'r': 0.4, 'type': 1}]
31946,1398693995.209783,[{'idp': 18, 'x': 8.496, 'y': 1.981, 'r': 0.2, 'type': 1}, {'idp': 19, 'x': 8.404, 'y': 2.69, 'r': 0.2, 'type': 1}, {'idp': 20, 'x': 2.68, 'y': 1.309, 'r': 0.4, 'type': 1}, {'idp': 21, 'x': 4.057, 'y': 2.291, 'r': 0.4, 'type': 1}, {'idp': 22, 'x': 1.817, 'y': -1.975, 'r': 0.4, 'type': 1}]
31947,1398693995.209816,[{'idp': 18, 'x': 8.533, 'y': 2.049, 'r': 0.2, 'type': 1}, {'idp': 19, 'x': 8.429, 'y': 2.739, 'r': 0.2, 'type': 1}, {'idp': 20, 'x': 2.661, 'y': 1.328, 'r': 0.4, 'type': 1}, {'idp': 21, 'x': 4.048, 'y': 2.303, 'r': 0.4, 'type': 1}, {'idp': 22, 'x': 1.818, 'y': -1.967, 'r': 0.4, 'type': 1}]
31948,1398693995.2497785,[{'idp': 18, 'x': 8.574, 'y': 2.098, 'r': 0.2, 'type': 1}, {'idp': 19, 'x': 8.456, 'y': 2.788, 'r': 0.2, 'type': 1}, {'idp': 20, 'x': 2.636, 'y': 1.338, 'r': 0.4, 'type': 1}, {'idp': 21, 'x': 4.021, 'y': 2.31, 'r': 0.4, 'type': 1}, {'idp': 22, 'x': 1.82, 'y': -1.979, 'r': 0.4, 'type': 1}]
31949,1398693995.2557304,[{'idp': 18, 'x': 8.628, 'y': 2.111, 'r': 0.2, 'type': 1}, {'idp': 19, 'x': 8.53, 'y': 2.792, 'r': 0.2, 'type': 1}, {'idp': 20, 'x': 2.609, 'y': 1.345, 'r': 0.4, 'type': 1}, {'idp': 21, 'x': 3.997, 'y': 2.32, 'r': 0.4, 'type': 1}, {'idp': 22, 'x': 1.818, 'y': -1.966, 'r': 0.4, 'type': 1}]
31950,1398693995.2936912,[{'idp': 18, 'x': 8.661, 'y': 2.199, 'r': 0.2, 'type': 1}, {'idp': 19, 'x': 8.552, 'y': 2.903, 'r': 0.2, 'type': 1}, {'idp': 20, 'x': 2.577, 'y': 1.357, 'r': 0.4, 'type': 1}, {'idp': 21, 'x': 3.957, 'y': 2.343, 'r': 0.4, 'type': 1}, {'idp': 22, 'x': 1.828, 'y': -1.969, 'r': 0.4, 'type': 1}]
31951,1398693995.333658,[{'idp': 18, 'x': 8.651, 'y': 2.318, 'r': 0.2, 'type': 1}, {'idp': 19, 'x': 8.562, 'y': 2.969, 'r': 0.2, 'type': 1}, {'idp': 20, 'x': 2.544, 'y': 1.389, 'r': 0.4, 'type': 1}, {'idp': 21, 'x': 3.908, 'y': 2.384, 'r': 0.4, 'type': 1}, {'idp': 22, 'x': 1.853, 'y': -1.959, 'r': 0.4, 'type': 1}]
31952,1398693995.3336766,[{'idp': 18, 'x': 8.643, 'y': 2.417, 'r': 0.2, 'type': 1}, {'idp': 19, 'x': 8.534, 'y': 3.085, 'r': 0.2, 'type': 1}, {'idp': 20, 'x': 2.495, 'y': 1.405, 'r': 0.4, 'type': 1}, {'idp': 21, 'x': 3.857, 'y': 2.411, 'r': 0.4, 'type': 1}, {'idp': 22, 'x': 1.862, 'y': -1.943, 'r': 0.4, 'type': 1}]
31953,1398693995.3736799,[{'idp': 18, 'x': 8.655, 'y': 2.461, 'r': 0.2, 'type': 1}, {'idp': 19, 'x': 8.565, 'y': 3.181, 'r': 0.2, 'type': 1}, {'idp': 20, 'x': 2.466, 'y': 1.431, 'r': 0.4, 'type': 1}, {'idp': 21, 'x': 3.804, 'y': 2.448, 'r': 0.4, 'type': 1}, {'idp': 22, 'x': 1.865, 'y': -1.942, 'r': 0.4, 'type': 1}]
31954,1398693995.381735,[{'idp': 18, 'x': 8.681, 'y': 2.571, 'r': 0.2, 'type': 1}, {'idp': 19, 'x': 8.571, 'y': 3.269, 'r': 0.2, 'type': 1}, {'idp': 20, 'x': 2.449, 'y': 1.45, 'r': 0.4, 'type': 1}, {'idp': 21, 'x': 3.744, 'y': 2.456, 'r': 0.4, 'type': 1}, {'idp': 22, 'x': 1.877, 'y': -1.928, 'r': 0.4, 'type': 1}]
31955,1398693995.4217732,[{'idp': 18, 'x': 8.71, 'y': 2.601, 'r': 0.2, 'type': 1}, {'idp': 19, 'x': 8.594, 'y': 3.364, 'r': 0.2, 'type': 1}, {'idp': 20, 'x': 2.425, 'y': 1.458, 'r': 0.4, 'type': 1}, {'idp': 21, 'x': 3.692, 'y': 2.445, 'r': 0.4, 'type': 1}, {'idp': 22, 'x': 1.879, 'y': -1.92, 'r': 0.4, 'type': 1}]
31956,1398693995.4617555,[{'idp': 18, 'x': 8.683, 'y': 2.655, 'r': 0.2, 'type': 1}, {'idp': 19, 'x': 8.621, 'y': 3.374, 'r': 0.2, 'type': 1}, {'idp': 20, 'x': 2.418, 'y': 1.468, 'r': 0.4, 'type': 1}, {'idp': 21, 'x': 3.665, 'y': 2.45, 'r': 0.4, 'type': 1}, {'idp': 22, 'x': 1.885, 'y': -1.927, 'r': 0.4, 'type': 1}]
31957,1398693995.461777,[{'idp': 18, 'x': 8.696, 'y': 2.658, 'r': 0.2, 'type': 1}, {'idp': 19, 'x': 8.654, 'y': 3.408, 'r': 0.2, 'type': 1}, {'idp': 20, 'x': 2.407, 'y': 1.475, 'r': 0.4, 'type': 1}, {'idp': 21, 'x': 3.652, 'y': 2.476, 'r': 0.4, 'type': 1}, {'idp': 22, 'x': 1.883, 'y': -1.924, 'r': 0.4, 'type': 1}]
31958,1398693995.5017214,[{'idp': 18, 'x': 8.676, 'y': 2.735, 'r': 0.2, 'type': 1}, {'idp': 19, 'x': 8.629, 'y': 3.464, 'r': 0.2, 'type': 1}, {'idp': 20, 'x': 2.379, 'y': 1.487, 'r': 0.4, 'type': 1}, {'idp': 21, 'x': 3.577, 'y': 2.46, 'r': 0.4, 'type': 1}, {'idp': 22, 'x': 1.875, 'y': -1.924, 'r': 0.4, 'type': 1}]
31959,1398693995.5069501,[{'idp': 18, 'x': 8.677, 'y': 2.819, 'r': 0.2, 'type': 1}, {'idp': 19, 'x': 8.591, 'y': 3.58, 'r': 0.2, 'type': 1}, {'idp': 20, 'x': 2.361, 'y': 1.519, 'r': 0.4, 'type': 1}, {'idp': 21, 'x': 3.546, 'y': 2.496, 'r': 0.4, 'type': 1}, {'idp': 22, 'x': 1.863, 'y': -1.921, 'r': 0.4, 'type': 1}]
31960,1398693995.545743,[{'idp': 18, 'x': 8.651, 'y': 2.915, 'r': 0.2, 'type': 1}, {'idp': 19, 'x': 8.562, 'y': 3.678, 'r': 0.2, 'type': 1}, {'idp': 20, 'x': 2.306, 'y': 1.533, 'r': 0.4, 'type': 1}, {'idp': 21, 'x': 3.525, 'y': 2.562, 'r': 0.4, 'type': 1}, {'idp': 22, 'x': 1.851, 'y': -1.905, 'r': 0.4, 'type': 1}]
31961,1398693995.585685,[{'idp': 18, 'x': 8.611, 'y': 3.007, 'r': 0.2, 'type': 1}, {'idp': 19, 'x': 8.531, 'y': 3.753, 'r': 0.2, 'type': 1}, {'idp': 20, 'x': 2.293, 'y': 1.562, 'r': 0.4, 'type': 1}, {'idp': 21, 'x': 3.458, 'y': 2.572, 'r': 0.4, 'type': 1}, {'idp': 22, 'x': 1.861, 'y': -1.888, 'r': 0.4, 'type': 1}]
31962,1398693995.5857437,[{'idp': 18, 'x': 8.575, 'y': 3.057, 'r': 0.2, 'type': 1}, {'idp': 19, 'x': 8.529, 'y': 3.797, 'r': 0.2, 'type': 1}, {'idp': 20, 'x': 2.269, 'y': 1.575, 'r': 0.4, 'type': 1}, {'idp': 21, 'x': 3.421, 'y': 2.579, 'r': 0.4, 'type': 1}, {'idp': 22, 'x': 1.87, 'y': -1.884, 'r': 0.4, 'type': 1}]
31963,1398693995.6257331,[{'idp': 18, 'x': 8.568, 'y': 3.097, 'r': 0.2, 'type': 1}, {'idp': 19, 'x': 8.539, 'y': 3.846, 'r': 0.2, 'type': 1}, {'idp': 20, 'x': 2.238, 'y': 1.567, 'r': 0.4, 'type': 1}, {'idp': 21, 'x': 3.4, 'y': 2.598, 'r': 0.4, 'type': 1}, {'idp': 22, 'x': 1.873, 'y': -1.868, 'r': 0.4, 'type': 1}]
31964,1398693995.6306999,[{'idp': 18, 'x': 8.559, 'y': 3.136, 'r': 0.2, 'type': 1}, {'idp': 19, 'x': 8.58, 'y': 3.865, 'r': 0.2, 'type': 1}, {'idp': 20, 'x': 2.232, 'y': 1.593, 'r': 0.4, 'type': 1}, {'idp': 21, 'x': 3.347, 'y': 2.604, 'r': 0.4, 'type': 1}, {'idp': 22, 'x': 1.895, 'y': -1.852, 'r': 0.4, 'type': 1}]
31965,1398693995.6696637,[{'idp': 18, 'x': 8.572, 'y': 3.205, 'r': 0.2, 'type': 1}, {'idp': 19, 'x': 8.579, 'y': 3.955, 'r': 0.2, 'type': 1}, {'idp': 20, 'x': 2.227, 'y': 1.635, 'r': 0.4, 'type': 1}, {'idp': 21, 'x': 3.315, 'y': 2.637, 'r': 0.4, 'type': 1}, {'idp': 22, 'x': 1.919, 'y': -1.85, 'r': 0.4, 'type': 1}]
31966,1398693995.7097056,[{'idp': 18, 'x': 8.575, 'y': 3.313, 'r': 0.2, 'type': 1}, {'idp': 19, 'x': 8.562, 'y': 4.015, 'r': 0.2, 'type': 1}, {'idp': 20, 'x': 2.188, 'y': 1.666, 'r': 0.4, 'type': 1}, {'idp': 21, 'x': 3.246, 'y': 2.675, 'r': 0.4, 'type': 1}, {'idp': 22, 'x': 1.931, 'y': -1.829, 'r': 0.4, 'type': 1}]
31967,1398693995.709739,[{'idp': 18, 'x': 8.592, 'y': 3.428, 'r': 0.2, 'type': 1}, {'idp': 19, 'x': 8.523, 'y': 4.134, 'r': 0.2, 'type': 1}, {'idp': 20, 'x': 2.143, 'y': 1.675, 'r': 0.4, 'type': 1}, {'idp': 21, 'x': 3.162, 'y': 2.689, 'r': 0.4, 'type': 1}, {'idp': 22, 'x': 1.929, 'y': -1.794, 'r': 0.4, 'type': 1}]
31968,1398693995.7496386,[{'idp': 18, 'x': 8.627, 'y': 3.507, 'r': 0.2, 'type': 1}, {'idp': 19, 'x': 8.489, 'y': 4.232, 'r': 0.2, 'type': 1}, {'idp': 20, 'x': 2.119, 'y': 1.71, 'r': 0.4, 'type': 1}, {'idp': 21, 'x': 3.094, 'y': 2.701, 'r': 0.4, 'type': 1}, {'idp': 22, 'x': 1.949, 'y': -1.781, 'r': 0.4, 'type': 1}]
31969,1398693995.7555063,[{'idp': 18, 'x': 8.6, 'y': 3.562, 'r': 0.2, 'type': 1}, {'idp': 19, 'x': 8.486, 'y': 4.254, 'r': 0.2, 'type': 1}, {'idp': 20, 'x': 2.09, 'y': 1.724, 'r': 0.4, 'type': 1}, {'idp': 21, 'x': 3.034, 'y': 2.708, 'r': 0.4, 'type': 1}, {'idp': 22, 'x': 1.947, 'y': -1.771, 'r': 0.4, 'type': 1}]
31970,1398693995.7936697,[{'idp': 18, 'x': 8.601, 'y': 3.607, 'r': 0.2, 'type': 1}, {'idp': 19, 'x': 8.483, 'y': 4.299, 'r': 0.2, 'type': 1}, {'idp': 20, 'x': 2.072, 'y': 1.748, 'r': 0.4, 'type': 1}, {'idp': 21, 'x': 2.992, 'y': 2.718, 'r': 0.4, 'type': 1}, {'idp': 22, 'x': 1.958, 'y': -1.759, 'r': 0.4, 'type': 1}]
31971,1398693995.8336995,[{'idp': 18, 'x': 8.568, 'y': 3.659, 'r': 0.2, 'type': 1}, {'idp': 19, 'x': 8.442, 'y': 4.395, 'r': 0.2, 'type': 1}, {'idp': 20, 'x': 2.061, 'y': 1.778, 'r': 0.4, 'type': 1}, {'idp': 21, 'x': 2.95, 'y': 2.751, 'r': 0.4, 'type': 1}, {'idp': 22, 'x': 1.974, 'y': -1.757, 'r': 0.4, 'type': 1}]
31972,1398693995.8337286,[{'idp': 18, 'x': 8.555, 'y': 3.698, 'r': 0.2, 'type': 1}, {'idp': 19, 'x': 8.437, 'y': 4.368, 'r': 0.2, 'type': 1}, {'idp': 20, 'x': 2.045, 'y': 1.788, 'r': 0.4, 'type': 1}, {'idp': 21, 'x': 2.855, 'y': 2.721, 'r': 0.4, 'type': 1}, {'idp': 22, 'x': 1.977, 'y': -1.752, 'r': 0.4, 'type': 1}]
31973,1398693995.8736887,[{'idp': 18, 'x': 8.562, 'y': 3.679, 'r': 0.2, 'type': 1}, {'idp': 19, 'x': 8.437, 'y': 4.368, 'r': 0.2, 'type': 1}, {'idp': 20, 'x': 2.03, 'y': 1.783, 'r': 0.4, 'type': 1}, {'idp': 21, 'x': 2.757, 'y': 2.663, 'r': 0.4, 'type': 1}, {'idp': 22, 'x': 1.975, 'y': -1.758, 'r': 0.4, 'type': 1}]
31974,1398693995.8806431,[{'idp': 18, 'x': 8.533, 'y': 3.688, 'r': 0.2, 'type': 1}, {'idp': 19, 'x': 8.405, 'y': 4.375, 'r': 0.2, 'type': 1}, {'idp': 20, 'x': 2.017, 'y': 1.779, 'r': 0.4, 'type': 1}, {'idp': 21, 'x': 2.718, 'y': 2.671, 'r': 0.4, 'type': 1}, {'idp': 22, 'x': 1.986, 'y': -1.768, 'r': 0.4, 'type': 1}]
31975,1398693995.9177167,[{'idp': 18, 'x': 8.518, 'y': 3.725, 'r': 0.2, 'type': 1}, {'idp': 19, 'x': 8.383, 'y': 4.387, 'r': 0.2, 'type': 1}, {'idp': 20, 'x': 2.007, 'y': 1.794, 'r': 0.4, 'type': 1}, {'idp': 21, 'x': 2.647, 'y': 2.648, 'r': 0.4, 'type': 1}, {'idp': 22, 'x': 1.991, 'y': -1.773, 'r': 0.4, 'type': 1}]
31976,1398693995.9576745,[{'idp': 18, 'x': 8.549, 'y': 3.739, 'r': 0.2, 'type': 1}, {'idp': 19, 'x': 8.378, 'y': 4.431, 'r': 0.2, 'type': 1}, {'idp': 20, 'x': 1.997, 'y': 1.793, 'r': 0.4, 'type': 1}, {'idp': 21, 'x': 2.569, 'y': 2.604, 'r': 0.4, 'type': 1}, {'idp': 22, 'x': 1.998, 'y': -1.779, 'r': 0.4, 'type': 1}]
31977,1398693995.957705,[{'idp': 18, 'x': 8.564, 'y': 3.746, 'r': 0.2, 'type': 1}, {'idp': 19, 'x': 8.397, 'y': 4.465, 'r': 0.2, 'type': 1}, {'idp': 20, 'x': 1.989, 'y': 1.801, 'r': 0.4, 'type': 1}, {'idp': 21, 'x': 2.524, 'y': 2.603, 'r': 0.4, 'type': 1}, {'idp': 22, 'x': 2.0, 'y': -1.79, 'r': 0.4, 'type': 1}]
31978,1398693995.997669,[{'idp': 18, 'x': 8.572, 'y': 3.772, 'r': 0.2, 'type': 1}, {'idp': 19, 'x': 8.397, 'y': 4.489, 'r': 0.2, 'type': 1}, {'idp': 20, 'x': 1.97, 'y': 1.817, 'r': 0.4, 'type': 1}, {'idp': 21, 'x': 2.49, 'y': 2.613, 'r': 0.4, 'type': 1}, {'idp': 22, 'x': 2.017, 'y': -1.797, 'r': 0.4, 'type': 1}]
31979,1398693996.0041356,[{'idp': 18, 'x': 8.555, 'y': 3.787, 'r': 0.2, 'type': 1}, {'idp': 19, 'x': 8.37, 'y': 4.521, 'r': 0.2, 'type': 1}, {'idp': 20, 'x': 1.942, 'y': 1.838, 'r': 0.4, 'type': 1}, {'idp': 21, 'x': 2.417, 'y': 2.604, 'r': 0.4, 'type': 1}, {'idp': 22, 'x': 2.011, 'y': -1.784, 'r': 0.4, 'type': 1}]
31980,1398693996.0417025,[{'idp': 18, 'x': 8.523, 'y': 3.84, 'r': 0.2, 'type': 1}, {'idp': 19, 'x': 8.335, 'y': 4.55, 'r': 0.2, 'type': 1}, {'idp': 20, 'x': 1.907, 'y': 1.852, 'r': 0.4, 'type': 1}, {'idp': 21, 'x': 2.368, 'y': 2.607, 'r': 0.4, 'type': 1}, {'idp': 22, 'x': 2.034, 'y': -1.796, 'r': 0.4, 'type': 1}]
31981,1398693996.0816658,[{'idp': 18, 'x': 8.494, 'y': 3.872, 'r': 0.2, 'type': 1}, {'idp': 19, 'x': 8.314, 'y': 4.562, 'r': 0.2, 'type': 1}, {'idp': 20, 'x': 1.878, 'y': 1.865, 'r': 0.4, 'type': 1}, {'idp': 21, 'x': 2.314, 'y': 2.616, 'r': 0.4, 'type': 1}, {'idp': 22, 'x': 2.02, 'y': -1.776, 'r': 0.4, 'type': 1}]
31982,1398693996.0816941,[{'idp': 18, 'x': 8.464, 'y': 3.88, 'r': 0.2, 'type': 1}, {'idp': 19, 'x': 8.294, 'y': 4.574, 'r': 0.2, 'type': 1}, {'idp': 20, 'x': 1.867, 'y': 1.869, 'r': 0.4, 'type': 1}, {'idp': 21, 'x': 2.261, 'y': 2.612, 'r': 0.4, 'type': 1}, {'idp': 22, 'x': 2.022, 'y': -1.779, 'r': 0.4, 'type': 1}]
31983,1398693996.1216757,[{'idp': 18, 'x': 8.477, 'y': 3.864, 'r': 0.2, 'type': 1}, {'idp': 19, 'x': 8.289, 'y': 4.548, 'r': 0.2, 'type': 1}, {'idp': 20, 'x': 1.849, 'y': 1.877, 'r': 0.4, 'type': 1}, {'idp': 21, 'x': 2.232, 'y': 2.602, 'r': 0.4, 'type': 1}, {'idp': 22, 'x': 2.03, 'y': -1.787, 'r': 0.4, 'type': 1}]
31984,1398693996.1297004,[{'idp': 18, 'x': 8.498, 'y': 3.851, 'r': 0.2, 'type': 1}, {'idp': 19, 'x': 8.321, 'y': 4.565, 'r': 0.2, 'type': 1}, {'idp': 20, 'x': 1.846, 'y': 1.863, 'r': 0.4, 'type': 1}, {'idp': 21, 'x': 2.211, 'y': 2.589, 'r': 0.4, 'type': 1}, {'idp': 22, 'x': 2.041, 'y': -1.807, 'r': 0.4, 'type': 1}]
31985,1398693996.1696677,[{'idp': 18, 'x': 8.497, 'y': 3.85, 'r': 0.2, 'type': 1}, {'idp': 19, 'x': 8.313, 'y': 4.561, 'r': 0.2, 'type': 1}, {'idp': 20, 'x': 1.833, 'y': 1.877, 'r': 0.4, 'type': 1}, {'idp': 21, 'x': 2.183, 'y': 2.567, 'r': 0.4, 'type': 1}, {'idp': 22, 'x': 2.03, 'y': -1.804, 'r': 0.4, 'type': 1}]
31986,1398693996.2097194,[{'idp': 18, 'x': 8.496, 'y': 3.85, 'r': 0.2, 'type': 1}, {'idp': 19, 'x': 8.304, 'y': 4.556, 'r': 0.2, 'type': 1}, {'idp': 20, 'x': 1.818, 'y': 1.877, 'r': 0.4, 'type': 1}, {'idp': 21, 'x': 2.143, 'y': 2.554, 'r': 0.4, 'type': 1}, {'idp': 22, 'x': 2.056, 'y': -1.835, 'r': 0.4, 'type': 1}]
31987,1398693996.209752,[{'idp': 18, 'x': 8.487, 'y': 3.868, 'r': 0.2, 'type': 1}, {'idp': 19, 'x': 8.29, 'y': 4.548, 'r': 0.2, 'type': 1}, {'idp': 20, 'x': 1.805, 'y': 1.881, 'r': 0.4, 'type': 1}, {'idp': 21, 'x': 2.113, 'y': 2.541, 'r': 0.4, 'type': 1}, {'idp': 22, 'x': 2.025, 'y': -1.816, 'r': 0.4, 'type': 1}]
31988,1398693996.2497323,[{'idp': 18, 'x': 8.452, 'y': 3.83, 'r': 0.2, 'type': 1}, {'idp': 19, 'x': 8.298, 'y': 4.553, 'r': 0.2, 'type': 1}, {'idp': 20, 'x': 1.79, 'y': 1.881, 'r': 0.4, 'type': 1}, {'idp': 21, 'x': 2.087, 'y': 2.532, 'r': 0.4, 'type': 1}, {'idp': 22, 'x': 2.01, 'y': -1.808, 'r': 0.4, 'type': 1}]
31989,1398693996.2537718,[{'idp': 18, 'x': 8.474, 'y': 3.84, 'r': 0.2, 'type': 1}, {'idp': 19, 'x': 8.282, 'y': 4.567, 'r': 0.2, 'type': 1}, {'idp': 20, 'x': 1.779, 'y': 1.886, 'r': 0.4, 'type': 1}, {'idp': 21, 'x': 2.059, 'y': 2.532, 'r': 0.4, 'type': 1}, {'idp': 22, 'x': 1.996, 'y': -1.805, 'r': 0.4, 'type': 1}]
31990,1398693996.2936969,[{'idp': 18, 'x': 8.527, 'y': 3.886, 'r': 0.2, 'type': 1}, {'idp': 19, 'x': 8.289, 'y': 4.595, 'r': 0.2, 'type': 1}, {'idp': 20, 'x': 1.771, 'y': 1.891, 'r': 0.4, 'type': 1}, {'idp': 21, 'x': 2.039, 'y': 2.541, 'r': 0.4, 'type': 1}, {'idp': 22, 'x': 1.992, 'y': -1.802, 'r': 0.4, 'type': 1}]
31991,1398693996.3337157,[{'idp': 18, 'x': 8.524, 'y': 3.93, 'r': 0.2, 'type': 1}, {'idp': 19, 'x': 8.286, 'y': 4.641, 'r': 0.2, 'type': 1}, {'idp': 20, 'x': 1.738, 'y': 1.9, 'r': 0.4, 'type': 1}, {'idp': 21, 'x': 2.011, 'y': 2.551, 'r': 0.4, 'type': 1}, {'idp': 22, 'x': 1.991, 'y': -1.801, 'r': 0.4, 'type': 1}]
31992,1398693996.333748,[{'idp': 18, 'x': 8.465, 'y': 3.925, 'r': 0.2, 'type': 1}, {'idp': 19, 'x': 8.251, 'y': 4.644, 'r': 0.2, 'type': 1}, {'idp': 20, 'x': 1.725, 'y': 1.902, 'r': 0.4, 'type': 1}, {'idp': 21, 'x': 1.992, 'y': 2.55, 'r': 0.4, 'type': 1}, {'idp': 22, 'x': 1.98, 'y': -1.808, 'r': 0.4, 'type': 1}]
31993,1398693996.3736997,[{'idp': 18, 'x': 8.491, 'y': 3.937, 'r': 0.2, 'type': 1}, {'idp': 19, 'x': 8.268, 'y': 4.63, 'r': 0.2, 'type': 1}, {'idp': 20, 'x': 1.717, 'y': 1.893, 'r': 0.4, 'type': 1}, {'idp': 21, 'x': 1.986, 'y': 2.543, 'r': 0.4, 'type': 1}, {'idp': 22, 'x': 1.978, 'y': -1.813, 'r': 0.4, 'type': 1}]
31994,1398693996.3789034,[{'idp': 18, 'x': 8.478, 'y': 3.886, 'r': 0.2, 'type': 1}, {'idp': 19, 'x': 8.26, 'y': 4.602, 'r': 0.2, 'type': 1}, {'idp': 20, 'x': 1.703, 'y': 1.894, 'r': 0.4, 'type': 1}, {'idp': 21, 'x': 1.973, 'y': 2.548, 'r': 0.4, 'type': 1}, {'idp': 22, 'x': 1.977, 'y': -1.817, 'r': 0.4, 'type': 1}]
31995,1398693996.4177306,[{'idp': 18, 'x': 8.506, 'y': 3.921, 'r': 0.2, 'type': 1}, {'idp': 19, 'x': 8.248, 'y': 4.595, 'r': 0.2, 'type': 1}, {'idp': 20, 'x': 1.693, 'y': 1.9, 'r': 0.4, 'type': 1}, {'idp': 21, 'x': 1.961, 'y': 2.555, 'r': 0.4, 'type': 1}, {'idp': 22, 'x': 1.967, 'y': -1.805, 'r': 0.4, 'type': 1}]
31996,1398693996.457675,[{'idp': 18, 'x': 8.542, 'y': 3.938, 'r': 0.2, 'type': 1}, {'idp': 19, 'x': 8.262, 'y': 4.603, 'r': 0.2, 'type': 1}, {'idp': 20, 'x': 1.685, 'y': 1.899, 'r': 0.4, 'type': 1}, {'idp': 21, 'x': 1.949, 'y': 2.551, 'r': 0.4, 'type': 1}, {'idp': 22, 'x': 1.956, 'y': -1.796, 'r': 0.4, 'type': 1}]
31997,1398693996.4577103,[{'idp': 18, 'x': 8.625, 'y': 3.954, 'r': 0.2, 'type': 1}, {'idp': 19, 'x': 8.317, 'y': 4.634, 'r': 0.2, 'type': 1}, {'idp': 20, 'x': 1.682, 'y': 1.915, 'r': 0.4, 'type': 1}, {'idp': 21, 'x': 1.918, 'y': 2.524, 'r': 0.4, 'type': 1}, {'idp': 22, 'x': 1.978, 'y': -1.794, 'r': 0.4, 'type': 1}]
31998,1398693996.4976807,[{'idp': 18, 'x': 8.725, 'y': 4.022, 'r': 0.2, 'type': 1}, {'idp': 19, 'x': 8.371, 'y': 4.664, 'r': 0.2, 'type': 1}, {'idp': 20, 'x': 1.673, 'y': 1.911, 'r': 0.4, 'type': 1}, {'idp': 21, 'x': 1.903, 'y': 2.538, 'r': 0.4, 'type': 1}, {'idp': 22, 'x': 1.992, 'y': -1.778, 'r': 0.4, 'type': 1}]
31999,1398693996.5036402,[{'idp': 18, 'x': 8.743, 'y': 4.1, 'r': 0.2, 'type': 1}, {'idp': 19, 'x': 8.453, 'y': 4.758, 'r': 0.2, 'type': 1}, {'idp': 20, 'x': 1.659, 'y': 1.909, 'r': 0.4, 'type': 1}, {'idp': 21, 'x': 1.893, 'y': 2.559, 'r': 0.4, 'type': 1}, {'idp': 22, 'x': 1.985, 'y': -1.748, 'r': 0.4, 'type': 1}]
32000,1398693996.5416477,[{'idp': 18, 'x': 8.744, 'y': 4.171, 'r': 0.2, 'type': 1}, {'idp': 19, 'x': 8.494, 'y': 4.83, 'r': 0.2, 'type': 1}, {'idp': 20, 'x': 1.639, 'y': 1.92, 'r': 0.4, 'type': 1}, {'idp': 21, 'x': 1.869, 'y': 2.573, 'r': 0.4, 'type': 1}, {'idp': 22, 'x': 1.974, 'y': -1.732, 'r': 0.4, 'type': 1}]
32001,1398693996.5817103,[{'idp': 18, 'x': 8.753, 'y': 4.198, 'r': 0.2, 'type': 1}, {'idp': 19, 'x': 8.492, 'y': 4.854, 'r': 0.2, 'type': 1}, {'idp': 20, 'x': 1.62, 'y': 1.924, 'r': 0.4, 'type': 1}, {'idp': 21, 'x': 1.834, 'y': 2.549, 'r': 0.4, 'type': 1}, {'idp': 22, 'x': 1.978, 'y': -1.734, 'r': 0.4, 'type': 1}]
32002,1398693996.5817366,[{'idp': 18, 'x': 8.739, 'y': 4.238, 'r': 0.2, 'type': 1}, {'idp': 19, 'x': 8.463, 'y': 4.861, 'r': 0.2, 'type': 1}, {'idp': 20, 'x': 1.608, 'y': 1.927, 'r': 0.4, 'type': 1}, {'idp': 21, 'x': 1.824, 'y': 2.559, 'r': 0.4, 'type': 1}, {'idp': 22, 'x': 1.954, 'y': -1.706, 'r': 0.4, 'type': 1}]
32003,1398693996.6218185,[{'idp': 18, 'x': 8.737, 'y': 4.261, 'r': 0.2, 'type': 1}, {'idp': 19, 'x': 8.508, 'y': 4.863, 'r': 0.2, 'type': 1}, {'idp': 20, 'x': 1.607, 'y': 1.936, 'r': 0.4, 'type': 1}, {'idp': 21, 'x': 1.809, 'y': 2.537, 'r': 0.4, 'type': 1}, {'idp': 22, 'x': 1.916, 'y': -1.743, 'r': 0.4, 'type': 1}]
32004,1398693996.6291413,[{'idp': 18, 'x': 8.745, 'y': 4.265, 'r': 0.2, 'type': 1}, {'idp': 19, 'x': 8.577, 'y': 4.902, 'r': 0.2, 'type': 1}, {'idp': 20, 'x': 1.599, 'y': 1.923, 'r': 0.4, 'type': 1}, {'idp': 21, 'x': 1.84, 'y': 2.558, 'r': 0.4, 'type': 1}, {'idp': 22, 'x': 1.909, 'y': -1.808, 'r': 0.4, 'type': 1}]
32005,1398693996.6656723,[{'idp': 18, 'x': 8.752, 'y': 4.268, 'r': 0.2, 'type': 1}, {'idp': 19, 'x': 8.616, 'y': 4.949, 'r': 0.2, 'type': 1}, {'idp': 20, 'x': 1.583, 'y': 1.931, 'r': 0.4, 'type': 1}, {'idp': 21, 'x': 1.837, 'y': 2.542, 'r': 0.4, 'type': 1}, {'idp': 22, 'x': 1.897, 'y': -1.821, 'r': 0.4, 'type': 1}]
32006,1398693996.7056751,[{'idp': 18, 'x': 8.749, 'y': 4.29, 'r': 0.2, 'type': 1}, {'idp': 19, 'x': 8.607, 'y': 5.02, 'r': 0.2, 'type': 1}, {'idp': 20, 'x': 1.575, 'y': 1.949, 'r': 0.4, 'type': 1}, {'idp': 21, 'x': 1.804, 'y': 2.54, 'r': 0.4, 'type': 1}, {'idp': 22, 'x': 1.853, 'y': -1.875, 'r': 0.4, 'type': 1}]
32007,1398693996.7057068,[{'idp': 18, 'x': 8.779, 'y': 4.304, 'r': 0.2, 'type': 1}, {'idp': 19, 'x': 8.621, 'y': 5.078, 'r': 0.2, 'type': 1}, {'idp': 20, 'x': 1.553, 'y': 1.957, 'r': 0.4, 'type': 1}, {'idp': 21, 'x': 1.826, 'y': 2.556, 'r': 0.4, 'type': 1}, {'idp': 22, 'x': 1.846, 'y': -1.916, 'r': 0.4, 'type': 1}]
32008,1398693996.7457287,[{'idp': 18, 'x': 8.827, 'y': 4.329, 'r': 0.2, 'type': 1}, {'idp': 19, 'x': 8.607, 'y': 5.146, 'r': 0.2, 'type': 1}, {'idp': 20, 'x': 1.541, 'y': 1.985, 'r': 0.4, 'type': 1}, {'idp': 21, 'x': 1.79, 'y': 2.569, 'r': 0.4, 'type': 1}, {'idp': 22, 'x': 1.835, 'y': -1.963, 'r': 0.4, 'type': 1}]
32009,1398693996.7526262,[{'idp': 18, 'x': 8.827, 'y': 4.377, 'r': 0.2, 'type': 1}, {'idp': 19, 'x': 8.615, 'y': 5.202, 'r': 0.2, 'type': 1}, {'idp': 20, 'x': 1.512, 'y': 1.984, 'r': 0.4, 'type': 1}, {'idp': 21, 'x': 1.76, 'y': 2.597, 'r': 0.4, 'type': 1}, {'idp': 22, 'x': 1.847, 'y': -1.972, 'r': 0.4, 'type': 1}]
32010,1398693996.7897797,[{'idp': 18, 'x': 8.781, 'y': 4.402, 'r': 0.2, 'type': 1}, {'idp': 19, 'x': 8.621, 'y': 5.257, 'r': 0.2, 'type': 1}, {'idp': 20, 'x': 1.491, 'y': 1.97, 'r': 0.4, 'type': 1}, {'idp': 21, 'x': 1.757, 'y': 2.6, 'r': 0.4, 'type': 1}, {'idp': 22, 'x': 1.839, 'y': -1.971, 'r': 0.4, 'type': 1}]
32011,1398693996.8296776,[{'idp': 18, 'x': 8.793, 'y': 4.408, 'r': 0.2, 'type': 1}, {'idp': 19, 'x': 8.663, 'y': 5.282, 'r': 0.2, 'type': 1}, {'idp': 20, 'x': 1.479, 'y': 1.983, 'r': 0.4, 'type': 1}, {'idp': 21, 'x': 1.732, 'y': 2.588, 'r': 0.4, 'type': 1}, {'idp': 22, 'x': 1.83, 'y': -1.953, 'r': 0.4, 'type': 1}]
32012,1398693996.8297088,[{'idp': 18, 'x': 8.759, 'y': 4.439, 'r': 0.2, 'type': 1}, {'idp': 19, 'x': 8.689, 'y': 5.324, 'r': 0.2, 'type': 1}, {'idp': 20, 'x': 1.457, 'y': 1.979, 'r': 0.4, 'type': 1}, {'idp': 21, 'x': 1.702, 'y': 2.595, 'r': 0.4, 'type': 1}, {'idp': 22, 'x': 1.833, 'y': -1.94, 'r': 0.4, 'type': 1}]
32013,1398693996.8696494,[{'idp': 18, 'x': 8.747, 'y': 4.48, 'r': 0.2, 'type': 1}, {'idp': 19, 'x': 8.664, 'y': 5.362, 'r': 0.2, 'type': 1}, {'idp': 20, 'x': 1.451, 'y': 2.011, 'r': 0.4, 'type': 1}, {'idp': 21, 'x': 1.677, 'y': 2.565, 'r': 0.4, 'type': 1}, {'idp': 22, 'x': 1.83, 'y': -1.92, 'r': 0.4, 'type': 1}]
32014,1398693996.8772302,[{'idp': 18, 'x': 8.748, 'y': 4.505, 'r': 0.2, 'type': 1}, {'idp': 19, 'x': 8.613, 'y': 5.381, 'r': 0.2, 'type': 1}, {'idp': 20, 'x': 1.425, 'y': 1.99, 'r': 0.4, 'type': 1}, {'idp': 21, 'x': 1.676, 'y': 2.626, 'r': 0.4, 'type': 1}, {'idp': 22, 'x': 1.89, 'y': -1.825, 'r': 0.4, 'type': 1}]
32015,1398693996.9136448,[{'idp': 18, 'x': 8.737, 'y': 4.548, 'r': 0.2, 'type': 1}, {'idp': 19, 'x': 8.572, 'y': 5.408, 'r': 0.2, 'type': 1}, {'idp': 20, 'x': 1.406, 'y': 2.001, 'r': 0.4, 'type': 1}, {'idp': 21, 'x': 1.661, 'y': 2.633, 'r': 0.4, 'type': 1}, {'idp': 22, 'x': 1.877, 'y': -1.805, 'r': 0.4, 'type': 1}]
32016,1398693996.953668,[{'idp': 18, 'x': 8.715, 'y': 4.584, 'r': 0.2, 'type': 1}, {'idp': 19, 'x': 8.535, 'y': 5.437, 'r': 0.2, 'type': 1}, {'idp': 20, 'x': 1.402, 'y': 2.035, 'r': 0.4, 'type': 1}, {'idp': 21, 'x': 1.616, 'y': 2.593, 'r': 0.4, 'type': 1}, {'idp': 22, 'x': 1.903, 'y': -1.714, 'r': 0.4, 'type': 1}]
32017,1398693996.9537039,[{'idp': 18, 'x': 8.726, 'y': 4.615, 'r': 0.2, 'type': 1}, {'idp': 19, 'x': 8.525, 'y': 5.456, 'r': 0.2, 'type': 1}, {'idp': 20, 'x': 1.373, 'y': 2.009, 'r': 0.4, 'type': 1}, {'idp': 21, 'x': 1.616, 'y': 2.641, 'r': 0.4, 'type': 1}, {'idp': 22, 'x': 1.903, 'y': -1.714, 'r': 0.4, 'type': 1}]
32018,1398693996.993721,[{'idp': 18, 'x': 8.738, 'y': 4.646, 'r': 0.2, 'type': 1}, {'idp': 20, 'x': 1.366, 'y': 2.028, 'r': 0.4, 'type': 1}, {'idp': 21, 'x': 1.587, 'y': 2.638, 'r': 0.4, 'type': 1}, {'idp': 22, 'x': 1.273, 'y': -1.9, 'r': 0.4, 'type': 1}]
32019,1398693997.001842,[{'idp': 18, 'x': 8.748, 'y': 4.7, 'r': 0.2, 'type': 1}, {'idp': 20, 'x': 1.342, 'y': 2.04, 'r': 0.4, 'type': 1}, {'idp': 21, 'x': 1.555, 'y': 2.622, 'r': 0.4, 'type': 1}, {'idp': 22, 'x': 1.291, 'y': -1.862, 'r': 0.4, 'type': 1}]
32020,1398693997.041676,[{'idp': 18, 'x': 8.771, 'y': 4.762, 'r': 0.2, 'type': 1}, {'idp': 20, 'x': 1.319, 'y': 2.065, 'r': 0.4, 'type': 1}, {'idp': 21, 'x': 1.516, 'y': 2.634, 'r': 0.4, 'type': 1}, {'idp': 22, 'x': 1.291, 'y': -1.844, 'r': 0.4, 'type': 1}]
32021,1398693997.0817428,[{'idp': 18, 'x': 8.762, 'y': 4.857, 'r': 0.2, 'type': 1}, {'idp': 20, 'x': 1.275, 'y': 2.052, 'r': 0.4, 'type': 1}, {'idp': 21, 'x': 1.483, 'y': 2.682, 'r': 0.4, 'type': 1}, {'idp': 22, 'x': 1.289, 'y': -1.832, 'r': 0.4, 'type': 1}]
32022,1398693997.081773,[{'idp': 18, 'x': 8.72, 'y': 4.933, 'r': 0.2, 'type': 1}, {'idp': 20, 'x': 1.252, 'y': 2.08, 'r': 0.4, 'type': 1}, {'idp': 21, 'x': 1.436, 'y': 2.636, 'r': 0.4, 'type': 1}, {'idp': 22, 'x': 1.301, 'y': -1.811, 'r': 0.4, 'type': 1}]
32023,1398693997.1217434,[{'idp': 18, 'x': 8.69, 'y': 4.992, 'r': 0.2, 'type': 1}, {'idp': 20, 'x': 1.239, 'y': 2.098, 'r': 0.4, 'type': 1}, {'idp': 21, 'x': 1.429, 'y': 2.676, 'r': 0.4, 'type': 1}, {'idp': 22, 'x': 1.286, 'y': -1.792, 'r': 0.4, 'type': 1}]
32024,1398693997.1268775,[{'idp': 18, 'x': 8.654, 'y': 5.047, 'r': 0.2, 'type': 1}, {'idp': 20, 'x': 1.197, 'y': 2.066, 'r': 0.4, 'type': 1}, {'idp': 21, 'x': 1.378, 'y': 2.664, 'r': 0.4, 'type': 1}, {'idp': 22, 'x': 1.275, 'y': -1.781, 'r': 0.4, 'type': 1}]
32025,1398693997.1657023,[{'idp': 18, 'x': 8.642, 'y': 5.09, 'r': 0.2, 'type': 1}, {'idp': 20, 'x': 1.179, 'y': 2.075, 'r': 0.4, 'type': 1}, {'idp': 21, 'x': 1.349, 'y': 2.665, 'r': 0.4, 'type': 1}, {'idp': 22, 'x': 1.269, 'y': -1.752, 'r': 0.4, 'type': 1}]
32026,1398693997.2057016,[{'idp': 18, 'x': 8.619, 'y': 5.128, 'r': 0.2, 'type': 1}, {'idp': 20, 'x': 1.156, 'y': 2.077, 'r': 0.4, 'type': 1}, {'idp': 21, 'x': 1.313, 'y': 2.652, 'r': 0.4, 'type': 1}, {'idp': 22, 'x': 1.265, 'y': -1.729, 'r': 0.4, 'type': 1}]
32027,1398693997.2057302,[{'idp': 18, 'x': 8.604, 'y': 5.17, 'r': 0.2, 'type': 1}, {'idp': 20, 'x': 1.142, 'y': 2.097, 'r': 0.4, 'type': 1}, {'idp': 21, 'x': 1.291, 'y': 2.644, 'r': 0.4, 'type': 1}, {'idp': 22, 'x': 1.261, 'y': -1.715, 'r': 0.4, 'type': 1}]
32028,1398693997.2457619,[{'idp': 18, 'x': 8.576, 'y': 5.23, 'r': 0.2, 'type': 1}, {'idp': 20, 'x': 1.112, 'y': 2.096, 'r': 0.4, 'type': 1}, {'idp': 21, 'x': 1.275, 'y': 2.674, 'r': 0.4, 'type': 1}, {'idp': 22, 'x': 1.26, 'y': -1.69, 'r': 0.4, 'type': 1}]
32029,1398693997.2521741,[{'idp': 18, 'x': 8.534, 'y': 5.307, 'r': 0.2, 'type': 1}, {'idp': 20, 'x': 1.083, 'y': 2.107, 'r': 0.4, 'type': 1}, {'idp': 21, 'x': 1.255, 'y': 2.716, 'r': 0.4, 'type': 1}, {'idp': 22, 'x': 1.271, 'y': -1.672, 'r': 0.4, 'type': 1}]
32030,1398693997.2896903,[{'idp': 18, 'x': 8.478, 'y': 5.349, 'r': 0.2, 'type': 1}, {'idp': 20, 'x': 1.066, 'y': 2.133, 'r': 0.4, 'type': 1}, {'idp': 21, 'x': 1.196, 'y': 2.686, 'r': 0.4, 'type': 1}, {'idp': 22, 'x': 1.266, 'y': -1.644, 'r': 0.4, 'type': 1}]
32031,1398693997.32966,[{'idp': 18, 'x': 8.448, 'y': 5.408, 'r': 0.2, 'type': 1}, {'idp': 20, 'x': 1.034, 'y': 2.124, 'r': 0.4, 'type': 1}, {'idp': 21, 'x': 1.184, 'y': 2.724, 'r': 0.4, 'type': 1}, {'idp': 22, 'x': 1.266, 'y': -1.621, 'r': 0.4, 'type': 1}]
32032,1398693997.32969,[{'idp': 18, 'x': 8.4, 'y': 5.455, 'r': 0.2, 'type': 1}, {'idp': 20, 'x': 1.013, 'y': 2.139, 'r': 0.4, 'type': 1}, {'idp': 21, 'x': 1.151, 'y': 2.713, 'r': 0.4, 'type': 1}, {'idp': 22, 'x': 1.266, 'y': -1.606, 'r': 0.4, 'type': 1}]
32033,1398693997.3697083,[{'idp': 18, 'x': 8.355, 'y': 5.53, 'r': 0.2, 'type': 1}, {'idp': 20, 'x': 0.999, 'y': 2.188, 'r': 0.4, 'type': 1}, {'idp': 21, 'x': 1.086, 'y': 2.69, 'r': 0.4, 'type': 1}, {'idp': 22, 'x': 1.268, 'y': -1.585, 'r': 0.4, 'type': 1}]
32034,1398693997.3774967,[{'idp': 18, 'x': 8.288, 'y': 5.591, 'r': 0.2, 'type': 1}, {'idp': 20, 'x': 0.946, 'y': 2.155, 'r': 0.4, 'type': 1}, {'idp': 21, 'x': 1.06, 'y': 2.709, 'r': 0.4, 'type': 1}, {'idp': 22, 'x': 1.267, 'y': -1.563, 'r': 0.4, 'type': 1}]
32035,1398693997.4137037,[{'idp': 18, 'x': 8.219, 'y': 5.675, 'r': 0.2, 'type': 1}, {'idp': 20, 'x': 0.919, 'y': 2.199, 'r': 0.4, 'type': 1}, {'idp': 21, 'x': 0.992, 'y': 2.614, 'r': 0.4, 'type': 1}, {'idp': 22, 'x': 1.262, 'y': -1.529, 'r': 0.4, 'type': 1}]
32036,1398693997.4537046,[{'idp': 18, 'x': 8.133, 'y': 5.748, 'r': 0.2, 'type': 1}, {'idp': 20, 'x': 0.891, 'y': 2.214, 'r': 0.4, 'type': 1}, {'idp': 21, 'x': 0.897, 'y': 2.453, 'r': 0.4, 'type': 1}, {'idp': 22, 'x': 1.257, 'y': -1.503, 'r': 0.4, 'type': 1}]
32037,1398693997.4537404,[{'idp': 18, 'x': 8.102, 'y': 5.806, 'r': 0.2, 'type': 1}, {'idp': 20, 'x': 0.856, 'y': 2.21, 'r': 0.4, 'type': 1}, {'idp': 21, 'x': 0.854, 'y': 2.29, 'r': 0.4, 'type': 1}, {'idp': 22, 'x': 1.257, 'y': -1.481, 'r': 0.4, 'type': 1}]
32038,1398693997.4937885,[{'idp': 18, 'x': 8.038, 'y': 5.867, 'r': 0.2, 'type': 1}, {'idp': 20, 'x': 0.827, 'y': 2.221, 'r': 0.4, 'type': 1}, {'idp': 21, 'x': 0.827, 'y': 2.221, 'r': 0.4, 'type': 1}, {'idp': 22, 'x': 1.246, 'y': -1.456, 'r': 0.4, 'type': 1}]
32039,1398693997.502153,[{'idp': 18, 'x': 7.978, 'y': 5.958, 'r': 0.2, 'type': 1}, {'idp': 20, 'x': 0.796, 'y': 2.227, 'r': 0.4, 'type': 1}, {'idp': 21, 'x': 0.796, 'y': 2.227, 'r': 0.4, 'type': 1}, {'idp': 22, 'x': 1.231, 'y': -1.42, 'r': 0.4, 'type': 1}]
32040,1398693997.541705,[{'idp': 18, 'x': 7.928, 'y': 6.029, 'r': 0.2, 'type': 1}, {'idp': 20, 'x': 0.752, 'y': 2.208, 'r': 0.4, 'type': 1}, {'idp': 21, 'x': 0.752, 'y': 2.208, 'r': 0.4, 'type': 1}, {'idp': 22, 'x': 1.24, 'y': -1.386, 'r': 0.4, 'type': 1}]
32041,1398693997.5817235,[{'idp': 18, 'x': 7.875, 'y': 6.153, 'r': 0.2, 'type': 1}, {'idp': 20, 'x': 0.722, 'y': 2.23, 'r': 0.4, 'type': 1}, {'idp': 21, 'x': 0.722, 'y': 2.23, 'r': 0.4, 'type': 1}, {'idp': 22, 'x': 1.237, 'y': -1.346, 'r': 0.4, 'type': 1}]
32042,1398693997.581758,[{'idp': 18, 'x': 7.87, 'y': 6.204, 'r': 0.2, 'type': 1}, {'idp': 20, 'x': 0.7, 'y': 2.231, 'r': 0.4, 'type': 1}, {'idp': 21, 'x': 0.7, 'y': 2.231, 'r': 0.4, 'type': 1}, {'idp': 22, 'x': 1.24, 'y': -1.32, 'r': 0.4, 'type': 1}]
32043,1398693997.621671,[{'idp': 18, 'x': 7.887, 'y': 6.218, 'r': 0.2, 'type': 1}, {'idp': 20, 'x': 0.689, 'y': 2.227, 'r': 0.4, 'type': 1}, {'idp': 21, 'x': 0.689, 'y': 2.227, 'r': 0.4, 'type': 1}, {'idp': 22, 'x': 1.212, 'y': -1.291, 'r': 0.4, 'type': 1}]
32044,1398693997.626018,[{'idp': 18, 'x': 7.935, 'y': 6.255, 'r': 0.2, 'type': 1}, {'idp': 20, 'x': 0.671, 'y': 2.223, 'r': 0.4, 'type': 1}, {'idp': 21, 'x': 0.671, 'y': 2.223, 'r': 0.4, 'type': 1}, {'idp': 22, 'x': 1.199, 'y': -1.267, 'r': 0.4, 'type': 1}]
32045,1398693997.6656725,[{'idp': 18, 'x': 7.938, 'y': 6.371, 'r': 0.2, 'type': 1}, {'idp': 20, 'x': 0.643, 'y': 2.235, 'r': 0.4, 'type': 1}, {'idp': 21, 'x': 0.643, 'y': 2.235, 'r': 0.4, 'type': 1}, {'idp': 22, 'x': 1.191, 'y': -1.243, 'r': 0.4, 'type': 1}]
32046,1398693997.7057064,[{'idp': 18, 'x': 7.866, 'y': 6.484, 'r': 0.2, 'type': 1}, {'idp': 20, 'x': 0.604, 'y': 2.245, 'r': 0.4, 'type': 1}, {'idp': 21, 'x': 0.604, 'y': 2.245, 'r': 0.4, 'type': 1}, {'idp': 22, 'x': 1.19, 'y': -1.205, 'r': 0.4, 'type': 1}]
32047,1398693997.705736,[{'idp': 18, 'x': 7.773, 'y': 6.58, 'r': 0.2, 'type': 1}, {'idp': 20, 'x': 0.562, 'y': 2.244, 'r': 0.4, 'type': 1}, {'idp': 21, 'x': 0.562, 'y': 2.244, 'r': 0.4, 'type': 1}, {'idp': 22, 'x': 1.204, 'y': -1.184, 'r': 0.4, 'type': 1}]
32048,1398693997.745697,[{'idp': 18, 'x': 7.738, 'y': 6.667, 'r': 0.2, 'type': 1}, {'idp': 20, 'x': 0.534, 'y': 2.257, 'r': 0.4, 'type': 1}, {'idp': 21, 'x': 0.534, 'y': 2.257, 'r': 0.4, 'type': 1}, {'idp': 22, 'x': 1.219, 'y': -1.16, 'r': 0.4, 'type': 1}]
32049,1398693997.749073,[{'idp': 18, 'x': 7.743, 'y': 6.702, 'r': 0.2, 'type': 1}, {'idp': 20, 'x': 0.522, 'y': 2.253, 'r': 0.4, 'type': 1}, {'idp': 21, 'x': 0.522, 'y': 2.253, 'r': 0.4, 'type': 1}, {'idp': 22, 'x': 1.208, 'y': -1.149, 'r': 0.4, 'type': 1}]
32050,1398693997.785692,[{'idp': 18, 'x': 7.733, 'y': 6.722, 'r': 0.2, 'type': 1}, {'idp': 20, 'x': 0.511, 'y': 2.25, 'r': 0.4, 'type': 1}, {'idp': 21, 'x': 0.511, 'y': 2.25, 'r': 0.4, 'type': 1}, {'idp': 22, 'x': 1.196, 'y': -1.143, 'r': 0.4, 'type': 1}]
32051,1398693997.8256404,[{'idp': 18, 'x': 7.706, 'y': 6.759, 'r': 0.2, 'type': 1}, {'idp': 20, 'x': 0.492, 'y': 2.257, 'r': 0.4, 'type': 1}, {'idp': 22, 'x': 1.191, 'y': -1.133, 'r': 0.4, 'type': 1}]
32052,1398693997.8256593,[{'idp': 18, 'x': 7.739, 'y': 6.817, 'r': 0.2, 'type': 1}, {'idp': 20, 'x': 0.475, 'y': 2.248, 'r': 0.4, 'type': 1}, {'idp': 22, 'x': 1.188, 'y': -1.13, 'r': 0.4, 'type': 1}]
32053,1398693997.8657815,[{'idp': 18, 'x': 7.761, 'y': 6.896, 'r': 0.2, 'type': 1}, {'idp': 20, 'x': 0.46, 'y': 2.268, 'r': 0.4, 'type': 1}, {'idp': 22, 'x': 1.183, 'y': -1.119, 'r': 0.4, 'type': 1}]
32054,1398693997.874259,[{'idp': 18, 'x': 7.747, 'y': 7.005, 'r': 0.2, 'type': 1}, {'idp': 20, 'x': 0.42, 'y': 2.275, 'r': 0.4, 'type': 1}, {'idp': 22, 'x': 1.193, 'y': -1.099, 'r': 0.4, 'type': 1}]
32055,1398693997.9136953,[{'idp': 18, 'x': 7.716, 'y': 7.133, 'r': 0.2, 'type': 1}, {'idp': 20, 'x': 0.38, 'y': 2.284, 'r': 0.4, 'type': 1}, {'idp': 22, 'x': 1.19, 'y': -1.074, 'r': 0.4, 'type': 1}]
32056,1398693997.9536552,[{'idp': 18, 'x': 7.69, 'y': 7.234, 'r': 0.2, 'type': 1}, {'idp': 20, 'x': 0.343, 'y': 2.279, 'r': 0.4, 'type': 1}, {'idp': 22, 'x': 1.207, 'y': -1.055, 'r': 0.4, 'type': 1}]
32057,1398693997.9536915,[{'idp': 18, 'x': 7.695, 'y': 7.271, 'r': 0.2, 'type': 1}, {'idp': 20, 'x': 0.322, 'y': 2.276, 'r': 0.4, 'type': 1}, {'idp': 22, 'x': 1.2, 'y': -1.044, 'r': 0.4, 'type': 1}]
32058,1398693997.9936829,[{'idp': 18, 'x': 7.699, 'y': 7.306, 'r': 0.2, 'type': 1}, {'idp': 20, 'x': 0.311, 'y': 2.265, 'r': 0.4, 'type': 1}, {'idp': 22, 'x': 1.201, 'y': -1.041, 'r': 0.4, 'type': 1}]
32059,1398693997.9990048,[{'idp': 18, 'x': 7.727, 'y': 7.332, 'r': 0.2, 'type': 1}, {'idp': 20, 'x': 0.296, 'y': 2.27, 'r': 0.4, 'type': 1}, {'idp': 22, 'x': 1.197, 'y': -1.029, 'r': 0.4, 'type': 1}]
32060,1398693998.0376856,[{'idp': 18, 'x': 7.709, 'y': 7.38, 'r': 0.2, 'type': 1}, {'idp': 20, 'x': 0.276, 'y': 2.272, 'r': 0.4, 'type': 1}, {'idp': 22, 'x': 1.194, 'y': -1.021, 'r': 0.4, 'type': 1}]
32061,1398693998.077714,[{'idp': 18, 'x': 7.635, 'y': 7.471, 'r': 0.2, 'type': 1}, {'idp': 20, 'x': 0.242, 'y': 2.277, 'r': 0.4, 'type': 1}, {'idp': 22, 'x': 1.214, 'y': -1.006, 'r': 0.4, 'type': 1}]
32062,1398693998.0777464,[{'idp': 18, 'x': 7.562, 'y': 7.561, 'r': 0.2, 'type': 1}, {'idp': 20, 'x': 0.207, 'y': 2.282, 'r': 0.4, 'type': 1}, {'idp': 22, 'x': 1.21, 'y': -0.981, 'r': 0.4, 'type': 1}]
32063,1398693998.117698,[{'idp': 18, 'x': 7.453, 'y': 7.617, 'r': 0.2, 'type': 1}, {'idp': 20, 'x': 0.177, 'y': 2.281, 'r': 0.4, 'type': 1}, {'idp': 22, 'x': 1.21, 'y': -0.955, 'r': 0.4, 'type': 1}]
32064,1398693998.1228666,[{'idp': 18, 'x': 7.386, 'y': 7.681, 'r': 0.2, 'type': 1}, {'idp': 20, 'x': 0.148, 'y': 2.292, 'r': 0.4, 'type': 1}, {'idp': 22, 'x': 1.217, 'y': -0.94, 'r': 0.4, 'type': 1}]
32065,1398693998.1616871,[{'idp': 18, 'x': 7.365, 'y': 7.795, 'r': 0.2, 'type': 1}, {'idp': 20, 'x': 0.118, 'y': 2.297, 'r': 0.4, 'type': 1}, {'idp': 22, 'x': 1.222, 'y': -0.909, 'r': 0.4, 'type': 1}]
32066,1398693998.201676,[{'idp': 18, 'x': 7.34, 'y': 7.906, 'r': 0.2, 'type': 1}, {'idp': 20, 'x': 0.093, 'y': 2.283, 'r': 0.4, 'type': 1}, {'idp': 22, 'x': 1.227, 'y': -0.882, 'r': 0.4, 'type': 1}]
32067,1398693998.2017055,[{'idp': 18, 'x': 7.279, 'y': 7.979, 'r': 0.2, 'type': 1}, {'idp': 20, 'x': 0.077, 'y': 2.256, 'r': 0.4, 'type': 1}, {'idp': 22, 'x': 1.225, 'y': -0.867, 'r': 0.4, 'type': 1}]
32068,1398693998.241716,[{'idp': 18, 'x': 7.228, 'y': 8.027, 'r': 0.2, 'type': 1}, {'idp': 20, 'x': 0.062, 'y': 2.223, 'r': 0.4, 'type': 1}, {'idp': 22, 'x': 1.228, 'y': -0.848, 'r': 0.4, 'type': 1}]
32069,1398693998.248006,[{'idp': 18, 'x': 7.165, 'y': 8.098, 'r': 0.2, 'type': 1}, {'idp': 20, 'x': 0.048, 'y': 2.194, 'r': 0.4, 'type': 1}, {'idp': 22, 'x': 1.23, 'y': -0.831, 'r': 0.4, 'type': 1}]
32070,1398693998.2857049,[{'idp': 18, 'x': 7.096, 'y': 8.163, 'r': 0.2, 'type': 1}, {'idp': 20, 'x': 0.034, 'y': 2.19, 'r': 0.4, 'type': 1}, {'idp': 22, 'x': 1.232, 'y': -0.811, 'r': 0.4, 'type': 1}]
32071,1398693998.325711,[{'idp': 18, 'x': 7.044, 'y': 8.211, 'r': 0.2, 'type': 1}, {'idp': 20, 'x': 0.024, 'y': 2.205, 'r': 0.4, 'type': 1}, {'idp': 22, 'x': 1.227, 'y': -0.79, 'r': 0.4, 'type': 1}]
32072,1398693998.3257394,[{'idp': 18, 'x': 6.981, 'y': 8.246, 'r': 0.2, 'type': 1}, {'idp': 20, 'x': 0.015, 'y': 2.215, 'r': 0.4, 'type': 1}, {'idp': 22, 'x': 1.228, 'y': -0.77, 'r': 0.4, 'type': 1}]
32073,1398693998.3658185,[{'idp': 18, 'x': 6.999, 'y': 8.231, 'r': 0.2, 'type': 1}, {'idp': 20, 'x': 0.01, 'y': 2.193, 'r': 0.4, 'type': 1}, {'idp': 22, 'x': 1.222, 'y': -0.761, 'r': 0.4, 'type': 1}]
32074,1398693998.3731558,[{'idp': 18, 'x': 6.979, 'y': 8.243, 'r': 0.2, 'type': 1}, {'idp': 20, 'x': 0.01, 'y': 2.193, 'r': 0.4, 'type': 1}, {'idp': 22, 'x': 1.217, 'y': -0.75, 'r': 0.4, 'type': 1}]
32075,1398693998.409691,[{'idp': 18, 'x': 6.932, 'y': 8.297, 'r': 0.2, 'type': 1}, {'idp': 20, 'x': 0.01, 'y': 2.193, 'r': 0.4, 'type': 1}, {'idp': 22, 'x': 1.216, 'y': -0.728, 'r': 0.4, 'type': 1}]
32076,1398693998.4496498,[{'idp': 18, 'x': 6.858, 'y': 8.394, 'r': 0.2, 'type': 1}, {'idp': 20, 'x': 0.01, 'y': 2.193, 'r': 0.4, 'type': 1}, {'idp': 22, 'x': 1.215, 'y': -0.706, 'r': 0.4, 'type': 1}]
32077,1398693998.4496794,[{'idp': 18, 'x': 6.738, 'y': 8.47, 'r': 0.2, 'type': 1}, {'idp': 20, 'x': 0.01, 'y': 2.193, 'r': 0.4, 'type': 1}, {'idp': 22, 'x': 1.221, 'y': -0.674, 'r': 0.4, 'type': 1}]
32078,1398693998.4897408,[{'idp': 18, 'x': 6.655, 'y': 8.557, 'r': 0.2, 'type': 1}, {'idp': 20, 'x': 0.01, 'y': 2.193, 'r': 0.4, 'type': 1}, {'idp': 22, 'x': 1.221, 'y': -0.647, 'r': 0.4, 'type': 1}]
32079,1398693998.4970007,[{'idp': 18, 'x': 6.594, 'y': 8.632, 'r': 0.2, 'type': 1}, {'idp': 20, 'x': 0.01, 'y': 2.193, 'r': 0.4, 'type': 1}, {'idp': 22, 'x': 1.209, 'y': -0.619, 'r': 0.4, 'type': 1}]
32080,1398693998.5336552,[{'idp': 22, 'x': 1.198, 'y': -0.61, 'r': 0.4, 'type': 1}]
32081,1398693998.5737298,[{'idp': 22, 'x': 1.181, 'y': -0.603, 'r': 0.4, 'type': 1}]
32082,1398693998.5737686,[{'idp': 22, 'x': 1.185, 'y': -0.594, 'r': 0.4, 'type': 1}]
32083,1398693998.613743,[{'idp': 22, 'x': 1.179, 'y': -0.583, 'r': 0.4, 'type': 1}]
32084,1398693998.6223416,[{'idp': 22, 'x': 1.179, 'y': -0.555, 'r': 0.4, 'type': 1}]
32085,1398693998.661699,[{'idp': 22, 'x': 1.192, 'y': -0.53, 'r': 0.4, 'type': 1}]
32086,1398693998.7017374,[{'idp': 22, 'x': 1.188, 'y': -0.502, 'r': 0.4, 'type': 1}]
32087,1398693998.7017705,[{'idp': 22, 'x': 1.18, 'y': -0.49, 'r': 0.4, 'type': 1}]
32088,1398693998.7416935,[{'idp': 22, 'x': 1.173, 'y': -0.481, 'r': 0.4, 'type': 1}]
32089,1398693998.7458122,[{'idp': 22, 'x': 1.173, 'y': -0.466, 'r': 0.4, 'type': 1}]
32090,1398693998.7857747,[{'idp': 22, 'x': 1.181, 'y': -0.442, 'r': 0.4, 'type': 1}]
32091,1398693998.8257005,[{'idp': 22, 'x': 1.173, 'y': -0.41, 'r': 0.4, 'type': 1}]
32092,1398693998.8257306,[{'idp': 22, 'x': 1.172, 'y': -0.385, 'r': 0.4, 'type': 1}, {'idp': 24, 'x': 1.023, 'y': 0.48, 'r': 0.4, 'type': 1}]
32093,1398693998.8657143,[{'idp': 22, 'x': 1.162, 'y': -0.364, 'r': 0.4, 'type': 1}, {'idp': 24, 'x': 1.069, 'y': 0.43, 'r': 0.4, 'type': 1}]
32094,1398693998.870739,[{'idp': 22, 'x': 1.162, 'y': -0.346, 'r': 0.4, 'type': 1}, {'idp': 24, 'x': 1.041, 'y': 0.434, 'r': 0.4, 'type': 1}]
32095,1398693998.9097695,[{'idp': 22, 'x': 1.143, 'y': -0.321, 'r': 0.4, 'type': 1}, {'idp': 24, 'x': 1.025, 'y': 0.446, 'r': 0.4, 'type': 1}]
32096,1398693998.949706,[{'idp': 22, 'x': 1.132, 'y': -0.289, 'r': 0.4, 'type': 1}, {'idp': 24, 'x': 1.001, 'y': 0.463, 'r': 0.4, 'type': 1}]
32097,1398693998.9497778,[{'idp': 22, 'x': 1.116, 'y': -0.257, 'r': 0.4, 'type': 1}, {'idp': 24, 'x': 0.968, 'y': 0.47, 'r': 0.4, 'type': 1}]
32098,1398693998.9897752,[{'idp': 22, 'x': 1.092, 'y': -0.222, 'r': 0.4, 'type': 1}, {'idp': 24, 'x': 0.959, 'y': 0.496, 'r': 0.4, 'type': 1}]
32099,1398693998.9950964,[{'idp': 22, 'x': 1.055, 'y': -0.188, 'r': 0.4, 'type': 1}, {'idp': 24, 'x': 0.951, 'y': 0.528, 'r': 0.4, 'type': 1}]
32100,1398693999.0339332,[{'idp': 22, 'x': 1.039, 'y': -0.17, 'r': 0.4, 'type': 1}, {'idp': 24, 'x': 0.939, 'y': 0.546, 'r': 0.4, 'type': 1}]
32101,1398693999.0737066,[{'idp': 22, 'x': 1.055, 'y': -0.149, 'r': 0.4, 'type': 1}, {'idp': 24, 'x': 0.926, 'y': 0.562, 'r': 0.4, 'type': 1}]
32102,1398693999.0737565,[{'idp': 22, 'x': 1.063, 'y': -0.128, 'r': 0.4, 'type': 1}, {'idp': 24, 'x': 0.914, 'y': 0.579, 'r': 0.4, 'type': 1}]
32103,1398693999.1138005,[{'idp': 22, 'x': 1.073, 'y': -0.106, 'r': 0.4, 'type': 1}, {'idp': 24, 'x': 0.903, 'y': 0.601, 'r': 0.4, 'type': 1}]
32104,1398693999.1197128,[{'idp': 22, 'x': 1.075, 'y': -0.081, 'r': 0.4, 'type': 1}, {'idp': 24, 'x': 0.886, 'y': 0.615, 'r': 0.4, 'type': 1}]
32105,1398693999.1577482,[{'idp': 22, 'x': 1.07, 'y': -0.058, 'r': 0.4, 'type': 1}, {'idp': 24, 'x': 0.87, 'y': 0.633, 'r': 0.4, 'type': 1}]
32106,1398693999.1977088,[{'idp': 22, 'x': 1.072, 'y': -0.044, 'r': 0.4, 'type': 1}, {'idp': 24, 'x': 0.853, 'y': 0.641, 'r': 0.4, 'type': 1}]
32107,1398693999.1977372,[{'idp': 22, 'x': 1.069, 'y': -0.026, 'r': 0.4, 'type': 1}, {'idp': 24, 'x': 0.834, 'y': 0.66, 'r': 0.4, 'type': 1}]
32108,1398693999.2376912,[{'idp': 22, 'x': 1.066, 'y': -0.009, 'r': 0.4, 'type': 1}, {'idp': 24, 'x': 0.82, 'y': 0.676, 'r': 0.4, 'type': 1}]
32109,1398693999.245896,[{'idp': 22, 'x': 1.059, 'y': 0.011, 'r': 0.4, 'type': 1}, {'idp': 24, 'x': 0.809, 'y': 0.696, 'r': 0.4, 'type': 1}]
32110,1398693999.285719,[{'idp': 22, 'x': 1.051, 'y': 0.019, 'r': 0.4, 'type': 1}, {'idp': 24, 'x': 0.806, 'y': 0.722, 'r': 0.4, 'type': 1}]
32111,1398693999.3256772,[{'idp': 22, 'x': 1.039, 'y': 0.035, 'r': 0.4, 'type': 1}, {'idp': 24, 'x': 0.788, 'y': 0.742, 'r': 0.4, 'type': 1}]
32112,1398693999.3257053,[{'idp': 22, 'x': 1.024, 'y': 0.052, 'r': 0.4, 'type': 1}, {'idp': 24, 'x': 0.771, 'y': 0.765, 'r': 0.4, 'type': 1}]
32113,1398693999.3656685,[{'idp': 22, 'x': 1.011, 'y': 0.071, 'r': 0.4, 'type': 1}, {'idp': 24, 'x': 0.748, 'y': 0.783, 'r': 0.4, 'type': 1}]
32114,1398693999.3690639,[{'idp': 22, 'x': 1.004, 'y': 0.092, 'r': 0.4, 'type': 1}, {'idp': 24, 'x': 0.727, 'y': 0.798, 'r': 0.4, 'type': 1}]
32115,1398693999.4056783,[{'idp': 22, 'x': 0.985, 'y': 0.106, 'r': 0.4, 'type': 1}, {'idp': 24, 'x': 0.706, 'y': 0.806, 'r': 0.4, 'type': 1}]
32116,1398693999.4456525,[{'idp': 22, 'x': 0.967, 'y': 0.117, 'r': 0.4, 'type': 1}, {'idp': 24, 'x': 0.692, 'y': 0.807, 'r': 0.4, 'type': 1}]
32117,1398693999.4456804,[{'idp': 22, 'x': 0.948, 'y': 0.127, 'r': 0.4, 'type': 1}, {'idp': 24, 'x': 0.687, 'y': 0.811, 'r': 0.4, 'type': 1}]
32118,1398693999.4857943,[{'idp': 22, 'x': 0.932, 'y': 0.144, 'r': 0.4, 'type': 1}, {'idp': 24, 'x': 0.677, 'y': 0.825, 'r': 0.4, 'type': 1}]
32119,1398693999.4938912,[{'idp': 22, 'x': 0.923, 'y': 0.159, 'r': 0.4, 'type': 1}, {'idp': 24, 'x': 0.673, 'y': 0.842, 'r': 0.4, 'type': 1}]
32120,1398693999.5337143,[{'idp': 22, 'x': 0.902, 'y': 0.178, 'r': 0.4, 'type': 1}, {'idp': 24, 'x': 0.663, 'y': 0.855, 'r': 0.4, 'type': 1}]
32121,1398693999.573698,[{'idp': 22, 'x': 0.896, 'y': 0.196, 'r': 0.4, 'type': 1}, {'idp': 24, 'x': 0.648, 'y': 0.876, 'r': 0.4, 'type': 1}]
32122,1398693999.5737293,[{'idp': 22, 'x': 0.877, 'y': 0.212, 'r': 0.4, 'type': 1}, {'idp': 24, 'x': 0.634, 'y': 0.883, 'r': 0.4, 'type': 1}]
32123,1398693999.6136992,[{'idp': 22, 'x': 0.867, 'y': 0.239, 'r': 0.4, 'type': 1}, {'idp': 24, 'x': 0.626, 'y': 0.894, 'r': 0.4, 'type': 1}]
32124,1398693999.6186328,[{'idp': 22, 'x': 0.847, 'y': 0.27, 'r': 0.4, 'type': 1}, {'idp': 24, 'x': 0.609, 'y': 0.905, 'r': 0.4, 'type': 1}]
32125,1398693999.6576629,[{'idp': 22, 'x': 0.831, 'y': 0.286, 'r': 0.4, 'type': 1}, {'idp': 24, 'x': 0.59, 'y': 0.915, 'r': 0.4, 'type': 1}]
32126,1398693999.6976838,[{'idp': 22, 'x': 0.823, 'y': 0.3, 'r': 0.4, 'type': 1}, {'idp': 24, 'x': 0.585, 'y': 0.931, 'r': 0.4, 'type': 1}, {'idp': 25, 'x': 1.566, 'y': -0.772, 'r': 0.4, 'type': 1}, {'idp': 26, 'x': 2.401, 'y': -0.48, 'r': 0.4, 'type': 1}, {'idp': 27, 'x': 3.236, 'y': -0.021, 'r': 0.4, 'type': 1}, {'idp': 28, 'x': 2.317, 'y': -1.524, 'r': 0.4, 'type': 1}]
32127,1398693999.6977746,[{'idp': 22, 'x': 0.821, 'y': 0.318, 'r': 0.4, 'type': 1}, {'idp': 24, 'x': 0.575, 'y': 0.945, 'r': 0.4, 'type': 1}, {'idp': 25, 'x': 1.71, 'y': -0.669, 'r': 0.4, 'type': 1}, {'idp': 26, 'x': 2.385, 'y': -0.453, 'r': 0.4, 'type': 1}, {'idp': 27, 'x': 3.208, 'y': -0.094, 'r': 0.4, 'type': 1}, {'idp': 28, 'x': 2.139, 'y': -1.518, 'r': 0.4, 'type': 1}]
32128,1398693999.7377048,[{'idp': 22, 'x': 0.814, 'y': 0.341, 'r': 0.4, 'type': 1}, {'idp': 24, 'x': 0.56, 'y': 0.967, 'r': 0.4, 'type': 1}, {'idp': 25, 'x': 1.725, 'y': -0.675, 'r': 0.4, 'type': 1}, {'idp': 26, 'x': 2.376, 'y': -0.426, 'r': 0.4, 'type': 1}, {'idp': 27, 'x': 3.221, 'y': -0.06, 'r': 0.4, 'type': 1}, {'idp': 28, 'x': 2.143, 'y': -1.492, 'r': 0.4, 'type': 1}]
32129,1398693999.7430203,[{'idp': 22, 'x': 0.809, 'y': 0.366, 'r': 0.4, 'type': 1}, {'idp': 24, 'x': 0.548, 'y': 1.0, 'r': 0.4, 'type': 1}, {'idp': 25, 'x': 1.741, 'y': -0.676, 'r': 0.4, 'type': 1}, {'idp': 26, 'x': 2.374, 'y': -0.407, 'r': 0.4, 'type': 1}, {'idp': 27, 'x': 3.22, 'y': -0.036, 'r': 0.4, 'type': 1}, {'idp': 28, 'x': 2.148, 'y': -1.499, 'r': 0.4, 'type': 1}]
32130,1398693999.7816372,[{'idp': 22, 'x': 0.802, 'y': 0.391, 'r': 0.4, 'type': 1}, {'idp': 24, 'x': 0.539, 'y': 1.022, 'r': 0.4, 'type': 1}, {'idp': 25, 'x': 1.755, 'y': -0.677, 'r': 0.4, 'type': 1}, {'idp': 26, 'x': 2.364, 'y': -0.385, 'r': 0.4, 'type': 1}, {'idp': 27, 'x': 3.243, 'y': 0.012, 'r': 0.4, 'type': 1}, {'idp': 28, 'x': 2.16, 'y': -1.471, 'r': 0.4, 'type': 1}]
32131,1398693999.8216627,[{'idp': 22, 'x': 0.797, 'y': 0.414, 'r': 0.4, 'type': 1}, {'idp': 24, 'x': 0.53, 'y': 1.047, 'r': 0.4, 'type': 1}, {'idp': 25, 'x': 1.763, 'y': -0.676, 'r': 0.4, 'type': 1}, {'idp': 26, 'x': 2.36, 'y': -0.358, 'r': 0.4, 'type': 1}, {'idp': 27, 'x': 3.231, 'y': 0.034, 'r': 0.4, 'type': 1}, {'idp': 28, 'x': 2.168, 'y': -1.474, 'r': 0.4, 'type': 1}]
32132,1398693999.8616533,[{'idp': 22, 'x': 0.787, 'y': 0.429, 'r': 0.4, 'type': 1}, {'idp': 24, 'x': 0.517, 'y': 1.068, 'r': 0.4, 'type': 1}, {'idp': 25, 'x': 1.764, 'y': -0.676, 'r': 0.4, 'type': 1}, {'idp': 26, 'x': 2.356, 'y': -0.33, 'r': 0.4, 'type': 1}, {'idp': 27, 'x': 3.23, 'y': 0.056, 'r': 0.4, 'type': 1}, {'idp': 28, 'x': 2.181, 'y': -1.459, 'r': 0.4, 'type': 1}]
32133,1398693999.8616717,[{'idp': 22, 'x': 0.784, 'y': 0.442, 'r': 0.4, 'type': 1}, {'idp': 24, 'x': 0.507, 'y': 1.077, 'r': 0.4, 'type': 1}, {'idp': 25, 'x': 1.766, 'y': -0.686, 'r': 0.4, 'type': 1}, {'idp': 26, 'x': 2.346, 'y': -0.328, 'r': 0.4, 'type': 1}, {'idp': 27, 'x': 3.25, 'y': 0.07, 'r': 0.4, 'type': 1}, {'idp': 28, 'x': 2.175, 'y': -1.462, 'r': 0.4, 'type': 1}]
32134,1398693999.9016001,[{'idp': 22, 'x': 0.782, 'y': 0.459, 'r': 0.4, 'type': 1}, {'idp': 24, 'x': 0.499, 'y': 1.091, 'r': 0.4, 'type': 1}, {'idp': 25, 'x': 1.761, 'y': -0.704, 'r': 0.4, 'type': 1}, {'idp': 26, 'x': 2.334, 'y': -0.328, 'r': 0.4, 'type': 1}, {'idp': 27, 'x': 3.253, 'y': 0.063, 'r': 0.4, 'type': 1}, {'idp': 28, 'x': 2.172, 'y': -1.465, 'r': 0.4, 'type': 1}]
32135,1398693999.9016101,[{'idp': 22, 'x': 0.77, 'y': 0.464, 'r': 0.4, 'type': 1}, {'idp': 24, 'x': 0.486, 'y': 1.099, 'r': 0.4, 'type': 1}, {'idp': 25, 'x': 1.759, 'y': -0.707, 'r': 0.4, 'type': 1}, {'idp': 26, 'x': 2.336, 'y': -0.323, 'r': 0.4, 'type': 1}, {'idp': 27, 'x': 3.253, 'y': 0.056, 'r': 0.4, 'type': 1}, {'idp': 28, 'x': 2.17, 'y': -1.47, 'r': 0.4, 'type': 1}]
32136,1398693999.9417117,[{'idp': 22, 'x': 0.758, 'y': 0.475, 'r': 0.4, 'type': 1}, {'idp': 24, 'x': 0.473, 'y': 1.108, 'r': 0.4, 'type': 1}, {'idp': 25, 'x': 1.753, 'y': -0.717, 'r': 0.4, 'type': 1}, {'idp': 26, 'x': 2.338, 'y': -0.303, 'r': 0.4, 'type': 1}, {'idp': 27, 'x': 3.26, 'y': 0.07, 'r': 0.4, 'type': 1}, {'idp': 28, 'x': 2.161, 'y': -1.462, 'r': 0.4, 'type': 1}]
32137,1398693999.9427805,[{'idp': 22, 'x': 0.751, 'y': 0.495, 'r': 0.4, 'type': 1}, {'idp': 24, 'x': 0.458, 'y': 1.113, 'r': 0.4, 'type': 1}, {'idp': 25, 'x': 1.755, 'y': -0.702, 'r': 0.4, 'type': 1}, {'idp': 26, 'x': 2.311, 'y': -0.289, 'r': 0.4, 'type': 1}, {'idp': 27, 'x': 3.25, 'y': 0.091, 'r': 0.4, 'type': 1}, {'idp': 28, 'x': 2.164, 'y': -1.446, 'r': 0.4, 'type': 1}]
32138,1398693999.9816816,[{'idp': 22, 'x': 0.747, 'y': 0.52, 'r': 0.4, 'type': 1}, {'idp': 24, 'x': 0.441, 'y': 1.118, 'r': 0.4, 'type': 1}, {'idp': 25, 'x': 1.75, 'y': -0.7, 'r': 0.4, 'type': 1}, {'idp': 26, 'x': 2.312, 'y': -0.277, 'r': 0.4, 'type': 1}, {'idp': 27, 'x': 3.251, 'y': 0.105, 'r': 0.4, 'type': 1}, {'idp': 28, 'x': 2.165, 'y': -1.445, 'r': 0.4, 'type': 1}]
32139,1398694000.021687,[{'idp': 22, 'x': 0.742, 'y': 0.542, 'r': 0.4, 'type': 1}, {'idp': 24, 'x': 0.417, 'y': 1.123, 'r': 0.4, 'type': 1}, {'idp': 25, 'x': 1.746, 'y': -0.697, 'r': 0.4, 'type': 1}, {'idp': 26, 'x': 2.296, 'y': -0.251, 'r': 0.4, 'type': 1}, {'idp': 27, 'x': 3.245, 'y': 0.115, 'r': 0.4, 'type': 1}, {'idp': 28, 'x': 2.158, 'y': -1.441, 'r': 0.4, 'type': 1}]
32140,1398694000.0217414,[{'idp': 22, 'x': 0.728, 'y': 0.553, 'r': 0.4, 'type': 1}, {'idp': 24, 'x': 0.387, 'y': 1.125, 'r': 0.4, 'type': 1}, {'idp': 25, 'x': 1.748, 'y': -0.687, 'r': 0.4, 'type': 1}, {'idp': 26, 'x': 2.301, 'y': -0.23, 'r': 0.4, 'type': 1}, {'idp': 27, 'x': 3.241, 'y': 0.144, 'r': 0.4, 'type': 1}, {'idp': 28, 'x': 2.164, 'y': -1.445, 'r': 0.4, 'type': 1}]
32141,1398694000.0617843,[{'idp': 22, 'x': 0.723, 'y': 0.567, 'r': 0.4, 'type': 1}, {'idp': 24, 'x': 0.375, 'y': 1.127, 'r': 0.4, 'type': 1}, {'idp': 25, 'x': 1.742, 'y': -0.685, 'r': 0.4, 'type': 1}, {'idp': 26, 'x': 2.29, 'y': -0.218, 'r': 0.4, 'type': 1}, {'idp': 27, 'x': 3.261, 'y': 0.194, 'r': 0.4, 'type': 1}, {'idp': 28, 'x': 2.158, 'y': -1.421, 'r': 0.4, 'type': 1}]
32142,1398694000.0671258,[{'idp': 22, 'x': 0.72, 'y': 0.581, 'r': 0.4, 'type': 1}, {'idp': 24, 'x': 0.359, 'y': 1.128, 'r': 0.4, 'type': 1}, {'idp': 25, 'x': 1.737, 'y': -0.689, 'r': 0.4, 'type': 1}, {'idp': 26, 'x': 2.292, 'y': -0.206, 'r': 0.4, 'type': 1}, {'idp': 27, 'x': 3.258, 'y': 0.208, 'r': 0.4, 'type': 1}, {'idp': 28, 'x': 2.162, 'y': -1.438, 'r': 0.4, 'type': 1}]
32143,1398694000.1056964,[{'idp': 22, 'x': 0.713, 'y': 0.596, 'r': 0.4, 'type': 1}, {'idp': 24, 'x': 0.337, 'y': 1.128, 'r': 0.4, 'type': 1}, {'idp': 25, 'x': 1.734, 'y': -0.692, 'r': 0.4, 'type': 1}, {'idp': 26, 'x': 2.273, 'y': -0.201, 'r': 0.4, 'type': 1}, {'idp': 27, 'x': 3.261, 'y': 0.223, 'r': 0.4, 'type': 1}, {'idp': 28, 'x': 2.158, 'y': -1.415, 'r': 0.4, 'type': 1}]
32144,1398694000.1456919,[{'idp': 22, 'x': 0.712, 'y': 0.62, 'r': 0.4, 'type': 1}, {'idp': 24, 'x': 0.315, 'y': 1.135, 'r': 0.4, 'type': 1}, {'idp': 25, 'x': 1.74, 'y': -0.688, 'r': 0.4, 'type': 1}, {'idp': 26, 'x': 2.269, 'y': -0.187, 'r': 0.4, 'type': 1}, {'idp': 27, 'x': 3.242, 'y': 0.25, 'r': 0.4, 'type': 1}, {'idp': 28, 'x': 2.155, 'y': -1.397, 'r': 0.4, 'type': 1}]
32145,1398694000.1457264,[{'idp': 22, 'x': 0.704, 'y': 0.643, 'r': 0.4, 'type': 1}, {'idp': 24, 'x': 0.292, 'y': 1.147, 'r': 0.4, 'type': 1}, {'idp': 25, 'x': 1.733, 'y': -0.681, 'r': 0.4, 'type': 1}, {'idp': 26, 'x': 2.273, 'y': -0.166, 'r': 0.4, 'type': 1}, {'idp': 27, 'x': 3.218, 'y': 0.276, 'r': 0.4, 'type': 1}, {'idp': 28, 'x': 2.178, 'y': -1.401, 'r': 0.4, 'type': 1}]
32146,1398694000.185699,[{'idp': 22, 'x': 0.695, 'y': 0.65, 'r': 0.4, 'type': 1}, {'idp': 24, 'x': 0.27, 'y': 1.157, 'r': 0.4, 'type': 1}, {'idp': 25, 'x': 1.73, 'y': -0.677, 'r': 0.4, 'type': 1}, {'idp': 26, 'x': 2.257, 'y': -0.152, 'r': 0.4, 'type': 1}, {'idp': 27, 'x': 3.201, 'y': 0.303, 'r': 0.4, 'type': 1}, {'idp': 28, 'x': 2.184, 'y': -1.383, 'r': 0.4, 'type': 1}]
32147,1398694000.191747,[{'idp': 22, 'x': 0.689, 'y': 0.668, 'r': 0.4, 'type': 1}, {'idp': 24, 'x': 0.249, 'y': 1.159, 'r': 0.4, 'type': 1}, {'idp': 25, 'x': 1.734, 'y': -0.683, 'r': 0.4, 'type': 1}, {'idp': 26, 'x': 2.25, 'y': -0.14, 'r': 0.4, 'type': 1}, {'idp': 27, 'x': 3.179, 'y': 0.314, 'r': 0.4, 'type': 1}, {'idp': 28, 'x': 2.175, 'y': -1.372, 'r': 0.4, 'type': 1}]
32148,1398694000.2297056,[{'idp': 22, 'x': 0.681, 'y': 0.671, 'r': 0.4, 'type': 1}, {'idp': 24, 'x': 0.241, 'y': 1.16, 'r': 0.4, 'type': 1}, {'idp': 25, 'x': 1.727, 'y': -0.693, 'r': 0.4, 'type': 1}, {'idp': 26, 'x': 2.263, 'y': -0.139, 'r': 0.4, 'type': 1}, {'idp': 27, 'x': 3.166, 'y': 0.313, 'r': 0.4, 'type': 1}, {'idp': 28, 'x': 2.173, 'y': -1.384, 'r': 0.4, 'type': 1}]
32149,1398694000.2696886,[{'idp': 22, 'x': 0.671, 'y': 0.678, 'r': 0.4, 'type': 1}, {'idp': 24, 'x': 0.226, 'y': 1.171, 'r': 0.4, 'type': 1}, {'idp': 25, 'x': 1.722, 'y': -0.693, 'r': 0.4, 'type': 1}, {'idp': 26, 'x': 2.249, 'y': -0.144, 'r': 0.4, 'type': 1}, {'idp': 27, 'x': 3.13, 'y': 0.308, 'r': 0.4, 'type': 1}, {'idp': 28, 'x': 2.171, 'y': -1.382, 'r': 0.4, 'type': 1}]
32150,1398694000.269717,[{'idp': 22, 'x': 0.659, 'y': 0.69, 'r': 0.4, 'type': 1}, {'idp': 24, 'x': 0.203, 'y': 1.178, 'r': 0.4, 'type': 1}, {'idp': 25, 'x': 1.72, 'y': -0.698, 'r': 0.4, 'type': 1}, {'idp': 26, 'x': 2.247, 'y': -0.134, 'r': 0.4, 'type': 1}, {'idp': 27, 'x': 3.111, 'y': 0.334, 'r': 0.4, 'type': 1}, {'idp': 28, 'x': 2.172, 'y': -1.383, 'r': 0.4, 'type': 1}]
32151,1398694000.3097155,[{'idp': 22, 'x': 0.647, 'y': 0.704, 'r': 0.4, 'type': 1}, {'idp': 24, 'x': 0.178, 'y': 1.191, 'r': 0.4, 'type': 1}, {'idp': 25, 'x': 1.72, 'y': -0.688, 'r': 0.4, 'type': 1}, {'idp': 26, 'x': 2.245, 'y': -0.113, 'r': 0.4, 'type': 1}, {'idp': 27, 'x': 3.106, 'y': 0.361, 'r': 0.4, 'type': 1}, {'idp': 28, 'x': 2.18, 'y': -1.36, 'r': 0.4, 'type': 1}]
32152,1398694000.3178244,[{'idp': 22, 'x': 0.638, 'y': 0.725, 'r': 0.4, 'type': 1}, {'idp': 24, 'x': 0.164, 'y': 1.191, 'r': 0.4, 'type': 1}, {'idp': 25, 'x': 1.727, 'y': -0.676, 'r': 0.4, 'type': 1}, {'idp': 26, 'x': 2.237, 'y': -0.093, 'r': 0.4, 'type': 1}, {'idp': 27, 'x': 3.103, 'y': 0.401, 'r': 0.4, 'type': 1}, {'idp': 28, 'x': 2.195, 'y': -1.343, 'r': 0.4, 'type': 1}]
32153,1398694000.357709,[{'idp': 22, 'x': 0.63, 'y': 0.74, 'r': 0.4, 'type': 1}, {'idp': 24, 'x': 0.158, 'y': 1.191, 'r': 0.4, 'type': 1}, {'idp': 25, 'x': 1.729, 'y': -0.672, 'r': 0.4, 'type': 1}, {'idp': 26, 'x': 2.252, 'y': -0.068, 'r': 0.4, 'type': 1}, {'idp': 27, 'x': 3.103, 'y': 0.429, 'r': 0.4, 'type': 1}, {'idp': 28, 'x': 2.202, 'y': -1.32, 'r': 0.4, 'type': 1}]
32154,1398694000.3976579,[{'idp': 22, 'x': 0.626, 'y': 0.756, 'r': 0.4, 'type': 1}, {'idp': 24, 'x': 0.15, 'y': 1.2, 'r': 0.4, 'type': 1}, {'idp': 25, 'x': 1.737, 'y': -0.669, 'r': 0.4, 'type': 1}, {'idp': 26, 'x': 2.247, 'y': -0.059, 'r': 0.4, 'type': 1}, {'idp': 27, 'x': 3.093, 'y': 0.455, 'r': 0.4, 'type': 1}, {'idp': 28, 'x': 2.212, 'y': -1.313, 'r': 0.4, 'type': 1}]
32155,1398694000.397692,[{'idp': 22, 'x': 0.619, 'y': 0.779, 'r': 0.4, 'type': 1}, {'idp': 24, 'x': 0.148, 'y': 1.194, 'r': 0.4, 'type': 1}, {'idp': 25, 'x': 1.745, 'y': -0.662, 'r': 0.4, 'type': 1}, {'idp': 26, 'x': 2.24, 'y': -0.038, 'r': 0.4, 'type': 1}, {'idp': 27, 'x': 3.089, 'y': 0.468, 'r': 0.4, 'type': 1}, {'idp': 28, 'x': 2.231, 'y': -1.297, 'r': 0.4, 'type': 1}]
32156,1398694000.4377222,[{'idp': 22, 'x': 0.612, 'y': 0.796, 'r': 0.4, 'type': 1}, {'idp': 24, 'x': 0.147, 'y': 1.175, 'r': 0.4, 'type': 1}, {'idp': 25, 'x': 1.753, 'y': -0.656, 'r': 0.4, 'type': 1}, {'idp': 26, 'x': 2.237, 'y': -0.019, 'r': 0.4, 'type': 1}, {'idp': 27, 'x': 3.093, 'y': 0.497, 'r': 0.4, 'type': 1}, {'idp': 28, 'x': 2.238, 'y': -1.28, 'r': 0.4, 'type': 1}]
32157,1398694000.441129,[{'idp': 22, 'x': 0.604, 'y': 0.809, 'r': 0.4, 'type': 1}, {'idp': 24, 'x': 0.13, 'y': 1.186, 'r': 0.4, 'type': 1}, {'idp': 25, 'x': 1.756, 'y': -0.643, 'r': 0.4, 'type': 1}, {'idp': 26, 'x': 2.214, 'y': -0.009, 'r': 0.4, 'type': 1}, {'idp': 27, 'x': 3.087, 'y': 0.53, 'r': 0.4, 'type': 1}, {'idp': 28, 'x': 2.226, 'y': -1.269, 'r': 0.4, 'type': 1}]
32158,1398694000.4776404,[{'idp': 22, 'x': 0.594, 'y': 0.829, 'r': 0.4, 'type': 1}, {'idp': 24, 'x': 0.101, 'y': 1.176, 'r': 0.4, 'type': 1}, {'idp': 25, 'x': 1.773, 'y': -0.635, 'r': 0.4, 'type': 1}, {'idp': 26, 'x': 2.22, 'y': 0.015, 'r': 0.4, 'type': 1}, {'idp': 27, 'x': 3.081, 'y': 0.536, 'r': 0.4, 'type': 1}, {'idp': 28, 'x': 2.239, 'y': -1.243, 'r': 0.4, 'type': 1}]
32159,1398694000.5176857,[{'idp': 22, 'x': 0.586, 'y': 0.844, 'r': 0.4, 'type': 1}, {'idp': 24, 'x': 0.081, 'y': 1.185, 'r': 0.4, 'type': 1}, {'idp': 25, 'x': 1.766, 'y': -0.628, 'r': 0.4, 'type': 1}, {'idp': 26, 'x': 2.22, 'y': 0.025, 'r': 0.4, 'type': 1}, {'idp': 27, 'x': 3.076, 'y': 0.556, 'r': 0.4, 'type': 1}, {'idp': 28, 'x': 2.25, 'y': -1.237, 'r': 0.4, 'type': 1}]
32160,1398694000.517709,[{'idp': 22, 'x': 0.576, 'y': 0.851, 'r': 0.4, 'type': 1}, {'idp': 24, 'x': 0.076, 'y': 1.184, 'r': 0.4, 'type': 1}, {'idp': 25, 'x': 1.775, 'y': -0.622, 'r': 0.4, 'type': 1}, {'idp': 26, 'x': 2.207, 'y': 0.03, 'r': 0.4, 'type': 1}, {'idp': 27, 'x': 3.067, 'y': 0.575, 'r': 0.4, 'type': 1}, {'idp': 28, 'x': 2.24, 'y': -1.231, 'r': 0.4, 'type': 1}]
32161,1398694000.55774,[{'idp': 22, 'x': 0.567, 'y': 0.867, 'r': 0.4, 'type': 1}, {'idp': 24, 'x': 0.065, 'y': 1.185, 'r': 0.4, 'type': 1}, {'idp': 25, 'x': 1.768, 'y': -0.619, 'r': 0.4, 'type': 1}, {'idp': 26, 'x': 2.199, 'y': 0.034, 'r': 0.4, 'type': 1}, {'idp': 27, 'x': 3.089, 'y': 0.579, 'r': 0.4, 'type': 1}, {'idp': 28, 'x': 2.247, 'y': -1.222, 'r': 0.4, 'type': 1}]
32162,1398694000.565757,[{'idp': 22, 'x': 0.564, 'y': 0.879, 'r': 0.4, 'type': 1}, {'idp': 24, 'x': 0.052, 'y': 1.194, 'r': 0.4, 'type': 1}, {'idp': 25, 'x': 1.779, 'y': -0.614, 'r': 0.4, 'type': 1}, {'idp': 26, 'x': 2.195, 'y': 0.044, 'r': 0.4, 'type': 1}, {'idp': 27, 'x': 3.102, 'y': 0.604, 'r': 0.4, 'type': 1}, {'idp': 28, 'x': 2.261, 'y': -1.217, 'r': 0.4, 'type': 1}]
32163,1398694000.605688,[{'idp': 22, 'x': 0.551, 'y': 0.887, 'r': 0.4, 'type': 1}, {'idp': 24, 'x': 0.04, 'y': 1.204, 'r': 0.4, 'type': 1}, {'idp': 25, 'x': 1.783, 'y': -0.606, 'r': 0.4, 'type': 1}, {'idp': 26, 'x': 2.224, 'y': 0.075, 'r': 0.4, 'type': 1}, {'idp': 27, 'x': 3.121, 'y': 0.614, 'r': 0.4, 'type': 1}, {'idp': 28, 'x': 2.257, 'y': -1.203, 'r': 0.4, 'type': 1}]
32164,1398694000.6456585,[{'idp': 22, 'x': 0.538, 'y': 0.903, 'r': 0.4, 'type': 1}, {'idp': 24, 'x': 0.027, 'y': 1.214, 'r': 0.4, 'type': 1}, {'idp': 25, 'x': 1.782, 'y': -0.593, 'r': 0.4, 'type': 1}, {'idp': 26, 'x': 2.194, 'y': 0.077, 'r': 0.4, 'type': 1}, {'idp': 27, 'x': 3.154, 'y': 0.65, 'r': 0.4, 'type': 1}, {'idp': 28, 'x': 2.253, 'y': -1.182, 'r': 0.4, 'type': 1}]
32165,1398694000.6456864,[{'idp': 22, 'x': 0.522, 'y': 0.916, 'r': 0.4, 'type': 1}, {'idp': 24, 'x': 0.016, 'y': 1.237, 'r': 0.4, 'type': 1}, {'idp': 25, 'x': 1.782, 'y': -0.579, 'r': 0.4, 'type': 1}, {'idp': 26, 'x': 2.185, 'y': 0.102, 'r': 0.4, 'type': 1}, {'idp': 27, 'x': 3.19, 'y': 0.694, 'r': 0.4, 'type': 1}, {'idp': 28, 'x': 2.268, 'y': -1.171, 'r': 0.4, 'type': 1}]
32166,1398694000.6857827,[{'idp': 22, 'x': 0.504, 'y': 0.928, 'r': 0.4, 'type': 1}, {'idp': 25, 'x': 1.792, 'y': -0.56, 'r': 0.4, 'type': 1}, {'idp': 26, 'x': 2.183, 'y': 0.121, 'r': 0.4, 'type': 1}, {'idp': 27, 'x': 3.205, 'y': 0.727, 'r': 0.4, 'type': 1}, {'idp': 28, 'x': 2.28, 'y': -1.139, 'r': 0.4, 'type': 1}, {'idp': 29, 'x': 3.027, 'y': -1.983, 'r': 0.4, 'type': 1}]
32167,1398694000.691152,[{'idp': 22, 'x': 0.49, 'y': 0.942, 'r': 0.4, 'type': 1}, {'idp': 25, 'x': 1.79, 'y': -0.547, 'r': 0.4, 'type': 1}, {'idp': 26, 'x': 2.175, 'y': 0.134, 'r': 0.4, 'type': 1}, {'idp': 27, 'x': 3.252, 'y': 0.76, 'r': 0.4, 'type': 1}, {'idp': 28, 'x': 2.291, 'y': -1.119, 'r': 0.4, 'type': 1}, {'idp': 29, 'x': 3.031, 'y': -1.896, 'r': 0.4, 'type': 1}]
32168,1398694000.7296999,[{'idp': 22, 'x': 0.473, 'y': 0.947, 'r': 0.4, 'type': 1}, {'idp': 25, 'x': 1.795, 'y': -0.54, 'r': 0.4, 'type': 1}, {'idp': 26, 'x': 2.174, 'y': 0.149, 'r': 0.4, 'type': 1}, {'idp': 27, 'x': 3.259, 'y': 0.784, 'r': 0.4, 'type': 1}, {'idp': 28, 'x': 2.288, 'y': -1.106, 'r': 0.4, 'type': 1}, {'idp': 29, 'x': 3.003, 'y': -1.86, 'r': 0.4, 'type': 1}]
32169,1398694000.769696,[{'idp': 22, 'x': 0.46, 'y': 0.956, 'r': 0.4, 'type': 1}, {'idp': 25, 'x': 1.793, 'y': -0.535, 'r': 0.4, 'type': 1}, {'idp': 26, 'x': 2.209, 'y': 0.172, 'r': 0.4, 'type': 1}, {'idp': 27, 'x': 3.281, 'y': 0.797, 'r': 0.4, 'type': 1}, {'idp': 28, 'x': 2.3, 'y': -1.107, 'r': 0.4, 'type': 1}, {'idp': 29, 'x': 3.032, 'y': -1.847, 'r': 0.4, 'type': 1}]
32170,1398694000.7697265,[{'idp': 22, 'x': 0.446, 'y': 0.961, 'r': 0.4, 'type': 1}, {'idp': 25, 'x': 1.797, 'y': -0.523, 'r': 0.4, 'type': 1}, {'idp': 26, 'x': 2.209, 'y': 0.191, 'r': 0.4, 'type': 1}, {'idp': 27, 'x': 3.305, 'y': 0.825, 'r': 0.4, 'type': 1}, {'idp': 28, 'x': 2.298, 'y': -1.082, 'r': 0.4, 'type': 1}, {'idp': 29, 'x': 3.047, 'y': -1.828, 'r': 0.4, 'type': 1}]
32171,1398694000.8096988,[{'idp': 22, 'x': 0.431, 'y': 0.968, 'r': 0.4, 'type': 1}, {'idp': 25, 'x': 1.791, 'y': -0.514, 'r': 0.4, 'type': 1}, {'idp': 26, 'x': 2.221, 'y': 0.206, 'r': 0.4, 'type': 1}, {'idp': 27, 'x': 3.324, 'y': 0.861, 'r': 0.4, 'type': 1}, {'idp': 28, 'x': 2.32, 'y': -1.074, 'r': 0.4, 'type': 1}, {'idp': 29, 'x': 3.021, 'y': -1.777, 'r': 0.4, 'type': 1}]
32172,1398694000.8158288,[{'idp': 22, 'x': 0.413, 'y': 0.971, 'r': 0.4, 'type': 1}, {'idp': 25, 'x': 1.803, 'y': -0.504, 'r': 0.4, 'type': 1}, {'idp': 26, 'x': 2.233, 'y': 0.227, 'r': 0.4, 'type': 1}, {'idp': 27, 'x': 3.347, 'y': 0.89, 'r': 0.4, 'type': 1}, {'idp': 28, 'x': 2.343, 'y': -1.067, 'r': 0.4, 'type': 1}, {'idp': 29, 'x': 3.016, 'y': -1.756, 'r': 0.4, 'type': 1}]
32173,1398694000.8536444,[{'idp': 22, 'x': 0.398, 'y': 0.978, 'r': 0.4, 'type': 1}, {'idp': 25, 'x': 1.806, 'y': -0.492, 'r': 0.4, 'type': 1}, {'idp': 26, 'x': 2.239, 'y': 0.237, 'r': 0.4, 'type': 1}, {'idp': 27, 'x': 3.369, 'y': 0.919, 'r': 0.4, 'type': 1}, {'idp': 28, 'x': 2.36, 'y': -1.058, 'r': 0.4, 'type': 1}, {'idp': 29, 'x': 3.008, 'y': -1.734, 'r': 0.4, 'type': 1}]
32174,1398694000.8936405,[{'idp': 22, 'x': 0.383, 'y': 0.979, 'r': 0.4, 'type': 1}, {'idp': 25, 'x': 1.817, 'y': -0.483, 'r': 0.4, 'type': 1}, {'idp': 26, 'x': 2.25, 'y': 0.247, 'r': 0.4, 'type': 1}, {'idp': 27, 'x': 3.384, 'y': 0.946, 'r': 0.4, 'type': 1}, {'idp': 28, 'x': 2.36, 'y': -1.032, 'r': 0.4, 'type': 1}, {'idp': 29, 'x': 2.99, 'y': -1.693, 'r': 0.4, 'type': 1}]
32175,1398694000.8936698,[{'idp': 22, 'x': 0.371, 'y': 0.984, 'r': 0.4, 'type': 1}, {'idp': 25, 'x': 1.819, 'y': -0.47, 'r': 0.4, 'type': 1}, {'idp': 26, 'x': 2.275, 'y': 0.27, 'r': 0.4, 'type': 1}, {'idp': 27, 'x': 3.368, 'y': 0.965, 'r': 0.4, 'type': 1}, {'idp': 28, 'x': 2.359, 'y': -1.008, 'r': 0.4, 'type': 1}, {'idp': 29, 'x': 2.971, 'y': -1.657, 'r': 0.4, 'type': 1}]
32176,1398694000.9336958,[{'idp': 22, 'x': 0.353, 'y': 0.979, 'r': 0.4, 'type': 1}, {'idp': 25, 'x': 1.814, 'y': -0.469, 'r': 0.4, 'type': 1}, {'idp': 26, 'x': 2.261, 'y': 0.262, 'r': 0.4, 'type': 1}, {'idp': 27, 'x': 3.395, 'y': 0.988, 'r': 0.4, 'type': 1}, {'idp': 28, 'x': 2.367, 'y': -1.011, 'r': 0.4, 'type': 1}, {'idp': 29, 'x': 2.963, 'y': -1.651, 'r': 0.4, 'type': 1}]
32177,1398694000.9401116,[{'idp': 22, 'x': 0.336, 'y': 0.983, 'r': 0.4, 'type': 1}, {'idp': 25, 'x': 1.838, 'y': -0.467, 'r': 0.4, 'type': 1}, {'idp': 26, 'x': 2.276, 'y': 0.289, 'r': 0.4, 'type': 1}, {'idp': 27, 'x': 3.391, 'y': 1.018, 'r': 0.4, 'type': 1}, {'idp': 28, 'x': 2.364, 'y': -0.992, 'r': 0.4, 'type': 1}, {'idp': 29, 'x': 2.938, 'y': -1.621, 'r': 0.4, 'type': 1}]
32178,1398694000.977696,[{'idp': 22, 'x': 0.319, 'y': 0.995, 'r': 0.4, 'type': 1}, {'idp': 25, 'x': 1.842, 'y': -0.45, 'r': 0.4, 'type': 1}, {'idp': 26, 'x': 2.31, 'y': 0.315, 'r': 0.4, 'type': 1}, {'idp': 27, 'x': 3.426, 'y': 1.033, 'r': 0.4, 'type': 1}, {'idp': 28, 'x': 2.379, 'y': -0.974, 'r': 0.4, 'type': 1}, {'idp': 29, 'x': 2.947, 'y': -1.591, 'r': 0.4, 'type': 1}]
32179,1398694001.017717,[{'idp': 22, 'x': 0.297, 'y': 0.999, 'r': 0.4, 'type': 1}, {'idp': 25, 'x': 1.85, 'y': -0.44, 'r': 0.4, 'type': 1}, {'idp': 26, 'x': 2.304, 'y': 0.329, 'r': 0.4, 'type': 1}, {'idp': 27, 'x': 3.41, 'y': 1.087, 'r': 0.4, 'type': 1}, {'idp': 28, 'x': 2.381, 'y': -0.945, 'r': 0.4, 'type': 1}, {'idp': 29, 'x': 2.954, 'y': -1.56, 'r': 0.4, 'type': 1}, {'idp': 30, 'x': 4.739, 'y': -3.111, 'r': 0.4, 'type': 1}]
32180,1398694001.0177457,[{'idp': 22, 'x': 0.279, 'y': 1.013, 'r': 0.4, 'type': 1}, {'idp': 25, 'x': 1.867, 'y': -0.436, 'r': 0.4, 'type': 1}, {'idp': 26, 'x': 2.306, 'y': 0.35, 'r': 0.4, 'type': 1}, {'idp': 27, 'x': 3.408, 'y': 1.118, 'r': 0.4, 'type': 1}, {'idp': 28, 'x': 2.381, 'y': -0.928, 'r': 0.4, 'type': 1}, {'idp': 29, 'x': 2.934, 'y': -1.542, 'r': 0.4, 'type': 1}, {'idp': 30, 'x': 4.742, 'y': -3.035, 'r': 0.4, 'type': 1}]
32181,1398694001.057776,[{'idp': 22, 'x': 0.259, 'y': 1.032, 'r': 0.4, 'type': 1}, {'idp': 25, 'x': 1.871, 'y': -0.425, 'r': 0.4, 'type': 1}, {'idp': 26, 'x': 2.305, 'y': 0.376, 'r': 0.4, 'type': 1}, {'idp': 27, 'x': 3.429, 'y': 1.102, 'r': 0.4, 'type': 1}, {'idp': 28, 'x': 2.398, 'y': -0.917, 'r': 0.4, 'type': 1}, {'idp': 29, 'x': 2.919, 'y': -1.51, 'r': 0.4, 'type': 1}, {'idp': 30, 'x': 4.77, 'y': -2.98, 'r': 0.4, 'type': 1}]
32182,1398694001.064632,[{'idp': 22, 'x': 0.237, 'y': 1.038, 'r': 0.4, 'type': 1}, {'idp': 25, 'x': 1.891, 'y': -0.412, 'r': 0.4, 'type': 1}, {'idp': 26, 'x': 2.327, 'y': 0.388, 'r': 0.4, 'type': 1}, {'idp': 27, 'x': 3.401, 'y': 1.175, 'r': 0.4, 'type': 1}, {'idp': 28, 'x': 2.388, 'y': -0.878, 'r': 0.4, 'type': 1}, {'idp': 29, 'x': 2.889, 'y': -1.48, 'r': 0.4, 'type': 1}, {'idp': 30, 'x': 4.754, 'y': -2.956, 'r': 0.4, 'type': 1}]
32183,1398694001.1016908,[{'idp': 22, 'x': 0.217, 'y': 1.057, 'r': 0.4, 'type': 1}, {'idp': 25, 'x': 1.913, 'y': -0.391, 'r': 0.4, 'type': 1}, {'idp': 26, 'x': 2.339, 'y': 0.415, 'r': 0.4, 'type': 1}, {'idp': 27, 'x': 3.406, 'y': 1.237, 'r': 0.4, 'type': 1}, {'idp': 28, 'x': 2.418, 'y': -0.859, 'r': 0.4, 'type': 1}, {'idp': 29, 'x': 2.863, 'y': -1.444, 'r': 0.4, 'type': 1}, {'idp': 30, 'x': 4.753, 'y': -2.898, 'r': 0.4, 'type': 1}]
32184,1398694001.141677,[{'idp': 22, 'x': 0.198, 'y': 1.07, 'r': 0.4, 'type': 1}, {'idp': 25, 'x': 1.93, 'y': -0.368, 'r': 0.4, 'type': 1}, {'idp': 26, 'x': 2.359, 'y': 0.437, 'r': 0.4, 'type': 1}, {'idp': 27, 'x': 3.401, 'y': 1.267, 'r': 0.4, 'type': 1}, {'idp': 28, 'x': 2.414, 'y': -0.816, 'r': 0.4, 'type': 1}, {'idp': 29, 'x': 2.829, 'y': -1.404, 'r': 0.4, 'type': 1}, {'idp': 30, 'x': 4.778, 'y': -2.842, 'r': 0.4, 'type': 1}]
32185,1398694001.1417031,[{'idp': 22, 'x': 0.194, 'y': 1.078, 'r': 0.4, 'type': 1}, {'idp': 25, 'x': 1.941, 'y': -0.363, 'r': 0.4, 'type': 1}, {'idp': 26, 'x': 2.374, 'y': 0.457, 'r': 0.4, 'type': 1}, {'idp': 27, 'x': 3.418, 'y': 1.284, 'r': 0.4, 'type': 1}, {'idp': 28, 'x': 2.437, 'y': -0.812, 'r': 0.4, 'type': 1}, {'idp': 29, 'x': 2.796, 'y': -1.381, 'r': 0.4, 'type': 1}, {'idp': 30, 'x': 4.784, 'y': -2.818, 'r': 0.4, 'type': 1}]
32186,1398694001.1817858,[{'idp': 22, 'x': 0.194, 'y': 1.094, 'r': 0.4, 'type': 1}, {'idp': 25, 'x': 1.961, 'y': -0.35, 'r': 0.4, 'type': 1}, {'idp': 26, 'x': 2.394, 'y': 0.481, 'r': 0.4, 'type': 1}, {'idp': 27, 'x': 3.403, 'y': 1.296, 'r': 0.4, 'type': 1}, {'idp': 28, 'x': 2.43, 'y': -0.787, 'r': 0.4, 'type': 1}, {'idp': 29, 'x': 2.763, 'y': -1.358, 'r': 0.4, 'type': 1}, {'idp': 30, 'x': 4.797, 'y': -2.784, 'r': 0.4, 'type': 1}]
32187,1398694001.1898766,[{'idp': 22, 'x': 0.184, 'y': 1.096, 'r': 0.4, 'type': 1}, {'idp': 25, 'x': 1.985, 'y': -0.333, 'r': 0.4, 'type': 1}, {'idp': 26, 'x': 2.404, 'y': 0.498, 'r': 0.4, 'type': 1}, {'idp': 27, 'x': 3.427, 'y': 1.329, 'r': 0.4, 'type': 1}, {'idp': 28, 'x': 2.435, 'y': -0.758, 'r': 0.4, 'type': 1}, {'idp': 29, 'x': 2.732, 'y': -1.32, 'r': 0.4, 'type': 1}, {'idp': 30, 'x': 4.808, 'y': -2.734, 'r': 0.4, 'type': 1}]
32188,1398694001.2297177,[{'idp': 22, 'x': 0.185, 'y': 1.105, 'r': 0.4, 'type': 1}, {'idp': 25, 'x': 1.998, 'y': -0.327, 'r': 0.4, 'type': 1}, {'idp': 26, 'x': 2.41, 'y': 0.504, 'r': 0.4, 'type': 1}, {'idp': 27, 'x': 3.45, 'y': 1.321, 'r': 0.4, 'type': 1}, {'idp': 28, 'x': 2.451, 'y': -0.752, 'r': 0.4, 'type': 1}, {'idp': 29, 'x': 2.691, 'y': -1.283, 'r': 0.4, 'type': 1}, {'idp': 30, 'x': 4.813, 'y': -2.724, 'r': 0.4, 'type': 1}]
32189,1398694001.2697563,[{'idp': 22, 'x': 0.182, 'y': 1.107, 'r': 0.4, 'type': 1}, {'idp': 25, 'x': 2.026, 'y': -0.334, 'r': 0.4, 'type': 1}, {'idp': 26, 'x': 2.429, 'y': 0.502, 'r': 0.4, 'type': 1}, {'idp': 27, 'x': 3.465, 'y': 1.327, 'r': 0.4, 'type': 1}, {'idp': 28, 'x': 2.42, 'y': -0.737, 'r': 0.4, 'type': 1}, {'idp': 29, 'x': 2.638, 'y': -1.25, 'r': 0.4, 'type': 1}, {'idp': 30, 'x': 4.806, 'y': -2.72, 'r': 0.4, 'type': 1}]
32190,1398694001.269792,[{'idp': 22, 'x': 0.183, 'y': 1.109, 'r': 0.4, 'type': 1}, {'idp': 25, 'x': 2.03, 'y': -0.33, 'r': 0.4, 'type': 1}, {'idp': 26, 'x': 2.44, 'y': 0.508, 'r': 0.4, 'type': 1}, {'idp': 27, 'x': 3.474, 'y': 1.331, 'r': 0.4, 'type': 1}, {'idp': 28, 'x': 2.429, 'y': -0.739, 'r': 0.4, 'type': 1}, {'idp': 29, 'x': 2.598, 'y': -1.198, 'r': 0.4, 'type': 1}, {'idp': 30, 'x': 4.792, 'y': -2.726, 'r': 0.4, 'type': 1}]
32191,1398694001.3097181,[{'idp': 22, 'x': 0.182, 'y': 1.108, 'r': 0.4, 'type': 1}, {'idp': 25, 'x': 2.045, 'y': -0.329, 'r': 0.4, 'type': 1}, {'idp': 26, 'x': 2.447, 'y': 0.504, 'r': 0.4, 'type': 1}, {'idp': 27, 'x': 3.488, 'y': 1.345, 'r': 0.4, 'type': 1}, {'idp': 28, 'x': 2.415, 'y': -0.719, 'r': 0.4, 'type': 1}, {'idp': 29, 'x': 2.58, 'y': -1.186, 'r': 0.4, 'type': 1}, {'idp': 30, 'x': 4.801, 'y': -2.716, 'r': 0.4, 'type': 1}]
32192,1398694001.314647,[{'idp': 22, 'x': 0.182, 'y': 1.095, 'r': 0.4, 'type': 1}, {'idp': 25, 'x': 2.057, 'y': -0.328, 'r': 0.4, 'type': 1}, {'idp': 26, 'x': 2.451, 'y': 0.509, 'r': 0.4, 'type': 1}, {'idp': 27, 'x': 3.513, 'y': 1.355, 'r': 0.4, 'type': 1}, {'idp': 28, 'x': 2.404, 'y': -0.704, 'r': 0.4, 'type': 1}, {'idp': 29, 'x': 2.557, 'y': -1.174, 'r': 0.4, 'type': 1}, {'idp': 30, 'x': 4.801, 'y': -2.703, 'r': 0.4, 'type': 1}]
32193,1398694001.3537169,[{'idp': 22, 'x': 0.186, 'y': 1.08, 'r': 0.4, 'type': 1}, {'idp': 25, 'x': 2.07, 'y': -0.33, 'r': 0.4, 'type': 1}, {'idp': 26, 'x': 2.446, 'y': 0.523, 'r': 0.4, 'type': 1}, {'idp': 27, 'x': 3.516, 'y': 1.357, 'r': 0.4, 'type': 1}, {'idp': 28, 'x': 2.324, 'y': -0.645, 'r': 0.4, 'type': 1}, {'idp': 29, 'x': 2.499, 'y': -1.143, 'r': 0.4, 'type': 1}, {'idp': 30, 'x': 4.794, 'y': -2.699, 'r': 0.4, 'type': 1}]
32194,1398694001.3937354,[{'idp': 22, 'x': 0.178, 'y': 1.081, 'r': 0.4, 'type': 1}, {'idp': 25, 'x': 2.071, 'y': -0.326, 'r': 0.4, 'type': 1}, {'idp': 26, 'x': 2.448, 'y': 0.521, 'r': 0.4, 'type': 1}, {'idp': 27, 'x': 3.548, 'y': 1.361, 'r': 0.4, 'type': 1}, {'idp': 28, 'x': 2.254, 'y': -0.558, 'r': 0.4, 'type': 1}, {'idp': 29, 'x': 2.477, 'y': -1.142, 'r': 0.4, 'type': 1}, {'idp': 30, 'x': 4.772, 'y': -2.7, 'r': 0.4, 'type': 1}]
32195,1398694001.393831,[{'idp': 22, 'x': 0.168, 'y': 1.077, 'r': 0.4, 'type': 1}, {'idp': 25, 'x': 2.066, 'y': -0.326, 'r': 0.4, 'type': 1}, {'idp': 26, 'x': 2.463, 'y': 0.517, 'r': 0.4, 'type': 1}, {'idp': 27, 'x': 3.554, 'y': 1.33, 'r': 0.4, 'type': 1}, {'idp': 28, 'x': 2.219, 'y': -0.517, 'r': 0.4, 'type': 1}, {'idp': 29, 'x': 2.461, 'y': -1.156, 'r': 0.4, 'type': 1}, {'idp': 30, 'x': 4.77, 'y': -2.727, 'r': 0.4, 'type': 1}]
32196,1398694001.433747,[{'idp': 22, 'x': 0.154, 'y': 1.08, 'r': 0.4, 'type': 1}, {'idp': 25, 'x': 2.074, 'y': -0.337, 'r': 0.4, 'type': 1}, {'idp': 26, 'x': 2.469, 'y': 0.517, 'r': 0.4, 'type': 1}, {'idp': 27, 'x': 3.571, 'y': 1.311, 'r': 0.4, 'type': 1}, {'idp': 28, 'x': 2.174, 'y': -0.457, 'r': 0.4, 'type': 1}, {'idp': 29, 'x': 2.437, 'y': -1.154, 'r': 0.4, 'type': 1}, {'idp': 30, 'x': 4.766, 'y': -2.738, 'r': 0.4, 'type': 1}]
32197,1398694001.4386015,[{'idp': 22, 'x': 0.135, 'y': 1.083, 'r': 0.4, 'type': 1}, {'idp': 25, 'x': 2.073, 'y': -0.327, 'r': 0.4, 'type': 1}, {'idp': 26, 'x': 2.469, 'y': 0.523, 'r': 0.4, 'type': 1}, {'idp': 27, 'x': 3.585, 'y': 1.33, 'r': 0.4, 'type': 1}, {'idp': 28, 'x': 2.164, 'y': -0.427, 'r': 0.4, 'type': 1}, {'idp': 29, 'x': 2.423, 'y': -1.134, 'r': 0.4, 'type': 1}, {'idp': 30, 'x': 4.759, 'y': -2.748, 'r': 0.4, 'type': 1}]
32198,1398694001.4777267,[{'idp': 22, 'x': 0.125, 'y': 1.095, 'r': 0.4, 'type': 1}, {'idp': 25, 'x': 2.08, 'y': -0.329, 'r': 0.4, 'type': 1}, {'idp': 26, 'x': 2.467, 'y': 0.543, 'r': 0.4, 'type': 1}, {'idp': 27, 'x': 3.606, 'y': 1.377, 'r': 0.4, 'type': 1}, {'idp': 28, 'x': 2.164, 'y': -0.423, 'r': 0.4, 'type': 1}, {'idp': 29, 'x': 2.408, 'y': -1.12, 'r': 0.4, 'type': 1}, {'idp': 30, 'x': 4.771, 'y': -2.769, 'r': 0.4, 'type': 1}]
32199,1398694001.5177307,[{'idp': 22, 'x': 0.111, 'y': 1.103, 'r': 0.4, 'type': 1}, {'idp': 25, 'x': 2.08, 'y': -0.329, 'r': 0.4, 'type': 1}, {'idp': 26, 'x': 2.467, 'y': 0.528, 'r': 0.4, 'type': 1}, {'idp': 27, 'x': 3.611, 'y': 1.36, 'r': 0.4, 'type': 1}, {'idp': 28, 'x': 2.162, 'y': -0.417, 'r': 0.4, 'type': 1}, {'idp': 29, 'x': 2.373, 'y': -1.091, 'r': 0.4, 'type': 1}, {'idp': 30, 'x': 4.731, 'y': -2.773, 'r': 0.4, 'type': 1}]
32200,1398694001.5177593,[{'idp': 22, 'x': 0.1, 'y': 1.11, 'r': 0.4, 'type': 1}, {'idp': 25, 'x': 2.081, 'y': -0.338, 'r': 0.4, 'type': 1}, {'idp': 26, 'x': 2.441, 'y': 0.534, 'r': 0.4, 'type': 1}, {'idp': 27, 'x': 3.613, 'y': 1.361, 'r': 0.4, 'type': 1}, {'idp': 28, 'x': 2.161, 'y': -0.426, 'r': 0.4, 'type': 1}, {'idp': 29, 'x': 2.336, 'y': -1.062, 'r': 0.4, 'type': 1}, {'idp': 30, 'x': 4.726, 'y': -2.784, 'r': 0.4, 'type': 1}]
32201,1398694001.5576856,[{'idp': 22, 'x': 0.086, 'y': 1.124, 'r': 0.4, 'type': 1}, {'idp': 25, 'x': 2.08, 'y': -0.337, 'r': 0.4, 'type': 1}, {'idp': 26, 'x': 2.458, 'y': 0.529, 'r': 0.4, 'type': 1}, {'idp': 27, 'x': 3.609, 'y': 1.36, 'r': 0.4, 'type': 1}, {'idp': 28, 'x': 2.154, 'y': -0.42, 'r': 0.4, 'type': 1}, {'idp': 29, 'x': 2.321, 'y': -1.03, 'r': 0.4, 'type': 1}, {'idp': 30, 'x': 4.704, 'y': -2.799, 'r': 0.4, 'type': 1}]
32202,1398694001.5636234,[{'idp': 22, 'x': 0.076, 'y': 1.117, 'r': 0.4, 'type': 1}, {'idp': 25, 'x': 2.091, 'y': -0.339, 'r': 0.4, 'type': 1}, {'idp': 26, 'x': 2.47, 'y': 0.532, 'r': 0.4, 'type': 1}, {'idp': 27, 'x': 3.608, 'y': 1.351, 'r': 0.4, 'type': 1}, {'idp': 28, 'x': 2.17, 'y': -0.422, 'r': 0.4, 'type': 1}, {'idp': 29, 'x': 2.343, 'y': -0.993, 'r': 0.4, 'type': 1}, {'idp': 30, 'x': 4.748, 'y': -2.853, 'r': 0.4, 'type': 1}]
32203,1398694001.6016984,[{'idp': 22, 'x': 0.07, 'y': 1.129, 'r': 0.4, 'type': 1}, {'idp': 25, 'x': 2.096, 'y': -0.345, 'r': 0.4, 'type': 1}, {'idp': 26, 'x': 2.481, 'y': 0.531, 'r': 0.4, 'type': 1}, {'idp': 27, 'x': 3.622, 'y': 1.365, 'r': 0.4, 'type': 1}, {'idp': 28, 'x': 2.169, 'y': -0.422, 'r': 0.4, 'type': 1}, {'idp': 29, 'x': 2.38, 'y': -0.962, 'r': 0.4, 'type': 1}, {'idp': 30, 'x': 4.748, 'y': -2.853, 'r': 0.4, 'type': 1}]
32204,1398694001.6416757,[{'idp': 22, 'x': 0.066, 'y': 1.145, 'r': 0.4, 'type': 1}, {'idp': 25, 'x': 2.1, 'y': -0.35, 'r': 0.4, 'type': 1}, {'idp': 26, 'x': 2.488, 'y': 0.538, 'r': 0.4, 'type': 1}, {'idp': 27, 'x': 3.62, 'y': 1.346, 'r': 0.4, 'type': 1}, {'idp': 28, 'x': 2.156, 'y': -0.398, 'r': 0.4, 'type': 1}, {'idp': 29, 'x': 2.409, 'y': -0.942, 'r': 0.4, 'type': 1}, {'idp': 30, 'x': 4.748, 'y': -2.853, 'r': 0.4, 'type': 1}]
32205,1398694001.6417105,[{'idp': 22, 'x': 0.061, 'y': 1.147, 'r': 0.4, 'type': 1}, {'idp': 25, 'x': 2.111, 'y': -0.351, 'r': 0.4, 'type': 1}, {'idp': 26, 'x': 2.516, 'y': 0.524, 'r': 0.4, 'type': 1}, {'idp': 27, 'x': 3.627, 'y': 1.3, 'r': 0.4, 'type': 1}, {'idp': 28, 'x': 2.111, 'y': -0.351, 'r': 0.4, 'type': 1}, {'idp': 29, 'x': 2.436, 'y': -0.93, 'r': 0.4, 'type': 1}, {'idp': 30, 'x': 4.748, 'y': -2.853, 'r': 0.4, 'type': 1}]
32206,1398694001.6816974,[{'idp': 22, 'x': 0.056, 'y': 1.158, 'r': 0.4, 'type': 1}, {'idp': 25, 'x': 2.126, 'y': -0.358, 'r': 0.4, 'type': 1}, {'idp': 26, 'x': 2.541, 'y': 0.533, 'r': 0.4, 'type': 1}, {'idp': 27, 'x': 3.615, 'y': 1.265, 'r': 0.4, 'type': 1}, {'idp': 28, 'x': 2.126, 'y': -0.358, 'r': 0.4, 'type': 1}, {'idp': 29, 'x': 2.471, 'y': -0.914, 'r': 0.4, 'type': 1}, {'idp': 30, 'x': 4.748, 'y': -2.853, 'r': 0.4, 'type': 1}]
32207,1398694001.6886528,[{'idp': 22, 'x': 0.055, 'y': 1.177, 'r': 0.4, 'type': 1}, {'idp': 25, 'x': 2.13, 'y': -0.367, 'r': 0.4, 'type': 1}, {'idp': 26, 'x': 2.568, 'y': 0.511, 'r': 0.4, 'type': 1}, {'idp': 27, 'x': 3.636, 'y': 1.254, 'r': 0.4, 'type': 1}, {'idp': 28, 'x': 2.13, 'y': -0.367, 'r': 0.4, 'type': 1}, {'idp': 29, 'x': 2.539, 'y': -0.886, 'r': 0.4, 'type': 1}, {'idp': 30, 'x': 4.748, 'y': -2.853, 'r': 0.4, 'type': 1}]
32208,1398694001.725666,[{'idp': 22, 'x': 0.05, 'y': 1.188, 'r': 0.4, 'type': 1}, {'idp': 25, 'x': 2.121, 'y': -0.375, 'r': 0.4, 'type': 1}, {'idp': 26, 'x': 2.587, 'y': 0.506, 'r': 0.4, 'type': 1}, {'idp': 27, 'x': 3.615, 'y': 1.248, 'r': 0.4, 'type': 1}, {'idp': 28, 'x': 2.121, 'y': -0.375, 'r': 0.4, 'type': 1}, {'idp': 29, 'x': 2.613, 'y': -0.826, 'r': 0.4, 'type': 1}, {'idp': 30, 'x': 4.928, 'y': -2.593, 'r': 0.4, 'type': 1}]
32209,1398694001.765671,[{'idp': 22, 'x': 0.04, 'y': 1.204, 'r': 0.4, 'type': 1}, {'idp': 25, 'x': 2.117, 'y': -0.376, 'r': 0.4, 'type': 1}, {'idp': 26, 'x': 2.582, 'y': 0.511, 'r': 0.4, 'type': 1}, {'idp': 27, 'x': 3.618, 'y': 1.282, 'r': 0.4, 'type': 1}, {'idp': 28, 'x': 2.117, 'y': -0.376, 'r': 0.4, 'type': 1}, {'idp': 29, 'x': 2.614, 'y': -0.814, 'r': 0.4, 'type': 1}, {'idp': 30, 'x': 5.157, 'y': -2.568, 'r': 0.4, 'type': 1}]
32210,1398694001.7656903,[{'idp': 22, 'x': 0.027, 'y': 1.236, 'r': 0.4, 'type': 1}, {'idp': 25, 'x': 2.118, 'y': -0.345, 'r': 0.4, 'type': 1}, {'idp': 26, 'x': 2.596, 'y': 0.532, 'r': 0.4, 'type': 1}, {'idp': 27, 'x': 3.579, 'y': 1.303, 'r': 0.4, 'type': 1}, {'idp': 28, 'x': 2.118, 'y': -0.345, 'r': 0.4, 'type': 1}, {'idp': 29, 'x': 2.615, 'y': -0.795, 'r': 0.4, 'type': 1}, {'idp': 30, 'x': 5.312, 'y': -2.421, 'r': 0.4, 'type': 1}]
32211,1398694001.805674,[{'idp': 22, 'x': 0.017, 'y': 1.283, 'r': 0.4, 'type': 1}, {'idp': 25, 'x': 2.122, 'y': -0.331, 'r': 0.4, 'type': 1}, {'idp': 26, 'x': 2.609, 'y': 0.553, 'r': 0.4, 'type': 1}, {'idp': 27, 'x': 3.555, 'y': 1.329, 'r': 0.4, 'type': 1}, {'idp': 28, 'x': 2.122, 'y': -0.331, 'r': 0.4, 'type': 1}, {'idp': 29, 'x': 2.625, 'y': -0.779, 'r': 0.4, 'type': 1}, {'idp': 30, 'x': 5.338, 'y': -2.346, 'r': 0.4, 'type': 1}]
32212,1398694001.812496,[{'idp': 22, 'x': 0.009, 'y': 1.361, 'r': 0.4, 'type': 1}, {'idp': 25, 'x': 2.129, 'y': -0.322, 'r': 0.4, 'type': 1}, {'idp': 26, 'x': 2.604, 'y': 0.564, 'r': 0.4, 'type': 1}, {'idp': 27, 'x': 3.559, 'y': 1.349, 'r': 0.4, 'type': 1}, {'idp': 28, 'x': 2.129, 'y': -0.322, 'r': 0.4, 'type': 1}, {'idp': 29, 'x': 2.637, 'y': -0.769, 'r': 0.4, 'type': 1}, {'idp': 30, 'x': 5.334, 'y': -2.316, 'r': 0.4, 'type': 1}, {'idp': 31, 'x': 2.025, 'y': -1.357, 'r': 0.4, 'type': 1}]
32213,1398694001.8497396,[{'idp': 22, 'x': 0.009, 'y': 1.361, 'r': 0.4, 'type': 1}, {'idp': 25, 'x': 2.136, 'y': -0.323, 'r': 0.4, 'type': 1}, {'idp': 26, 'x': 2.622, 'y': 0.562, 'r': 0.4, 'type': 1}, {'idp': 27, 'x': 3.588, 'y': 1.358, 'r': 0.4, 'type': 1}, {'idp': 28, 'x': 2.136, 'y': -0.323, 'r': 0.4, 'type': 1}, {'idp': 29, 'x': 2.641, 'y': -0.77, 'r': 0.4, 'type': 1}, {'idp': 30, 'x': 5.353, 'y': -2.303, 'r': 0.4, 'type': 1}, {'idp': 31, 'x': 2.059, 'y': -1.231, 'r': 0.4, 'type': 1}]
32214,1398694001.8896477,[{'idp': 22, 'x': 0.009, 'y': 1.361, 'r': 0.4, 'type': 1}, {'idp': 25, 'x': 2.135, 'y': -0.322, 'r': 0.4, 'type': 1}, {'idp': 26, 'x': 2.626, 'y': 0.551, 'r': 0.4, 'type': 1}, {'idp': 27, 'x': 3.57, 'y': 1.352, 'r': 0.4, 'type': 1}, {'idp': 28, 'x': 2.135, 'y': -0.322, 'r': 0.4, 'type': 1}, {'idp': 29, 'x': 2.643, 'y': -0.777, 'r': 0.4, 'type': 1}, {'idp': 30, 'x': 5.344, 'y': -2.294, 'r': 0.4, 'type': 1}, {'idp': 31, 'x': 2.029, 'y': -1.23, 'r': 0.4, 'type': 1}]
32215,1398694001.8896723,[{'idp': 22, 'x': 0.009, 'y': 1.361, 'r': 0.4, 'type': 1}, {'idp': 25, 'x': 2.143, 'y': -0.318, 'r': 0.4, 'type': 1}, {'idp': 26, 'x': 2.665, 'y': 0.558, 'r': 0.4, 'type': 1}, {'idp': 27, 'x': 3.58, 'y': 1.364, 'r': 0.4, 'type': 1}, {'idp': 28, 'x': 2.143, 'y': -0.318, 'r': 0.4, 'type': 1}, {'idp': 29, 'x': 2.647, 'y': -0.772, 'r': 0.4, 'type': 1}, {'idp': 30, 'x': 5.338, 'y': -2.291, 'r': 0.4, 'type': 1}, {'idp': 31, 'x': 1.996, 'y': -1.228, 'r': 0.4, 'type': 1}]
32216,1398694001.9296987,[{'idp': 22, 'x': 0.009, 'y': 1.361, 'r': 0.4, 'type': 1}, {'idp': 25, 'x': 2.166, 'y': -0.315, 'r': 0.4, 'type': 1}, {'idp': 26, 'x': 2.684, 'y': 0.565, 'r': 0.4, 'type': 1}, {'idp': 27, 'x': 3.594, 'y': 1.38, 'r': 0.4, 'type': 1}, {'idp': 28, 'x': 2.166, 'y': -0.315, 'r': 0.4, 'type': 1}, {'idp': 29, 'x': 2.665, 'y': -0.776, 'r': 0.4, 'type': 1}, {'idp': 30, 'x': 5.317, 'y': -2.288, 'r': 0.4, 'type': 1}, {'idp': 31, 'x': 1.972, 'y': -1.219, 'r': 0.4, 'type': 1}]
32217,1398694001.937836,[{'idp': 22, 'x': 0.009, 'y': 1.361, 'r': 0.4, 'type': 1}, {'idp': 25, 'x': 2.167, 'y': -0.316, 'r': 0.4, 'type': 1}, {'idp': 26, 'x': 2.707, 'y': 0.578, 'r': 0.4, 'type': 1}, {'idp': 27, 'x': 3.633, 'y': 1.376, 'r': 0.4, 'type': 1}, {'idp': 28, 'x': 2.167, 'y': -0.316, 'r': 0.4, 'type': 1}, {'idp': 29, 'x': 2.669, 'y': -0.776, 'r': 0.4, 'type': 1}, {'idp': 30, 'x': 5.314, 'y': -2.281, 'r': 0.4, 'type': 1}, {'idp': 31, 'x': 1.95, 'y': -1.21, 'r': 0.4, 'type': 1}]
32218,1398694001.977657,[{'idp': 25, 'x': 2.18, 'y': -0.311, 'r': 0.4, 'type': 1}, {'idp': 26, 'x': 2.719, 'y': 0.569, 'r': 0.4, 'type': 1}, {'idp': 27, 'x': 3.69, 'y': 1.38, 'r': 0.4, 'type': 1}, {'idp': 29, 'x': 2.685, 'y': -0.781, 'r': 0.4, 'type': 1}, {'idp': 30, 'x': 5.303, 'y': -2.277, 'r': 0.4, 'type': 1}, {'idp': 31, 'x': 1.913, 'y': -1.204, 'r': 0.4, 'type': 1}, {'idp': 32, 'x': 4.864, 'y': 2.568, 'r': 0.4, 'type': 1}, {'idp': 33, 'x': 4.489, 'y': 3.486, 'r': 0.4, 'type': 1}]
32219,1398694002.0177941,[{'idp': 25, 'x': 2.178, 'y': -0.322, 'r': 0.4, 'type': 1}, {'idp': 26, 'x': 2.731, 'y': 0.553, 'r': 0.4, 'type': 1}, {'idp': 27, 'x': 3.712, 'y': 1.335, 'r': 0.4, 'type': 1}, {'idp': 29, 'x': 2.661, 'y': -0.79, 'r': 0.4, 'type': 1}, {'idp': 30, 'x': 5.288, 'y': -2.297, 'r': 0.4, 'type': 1}, {'idp': 31, 'x': 1.891, 'y': -1.207, 'r': 0.4, 'type': 1}, {'idp': 32, 'x': 4.837, 'y': 2.545, 'r': 0.4, 'type': 1}, {'idp': 33, 'x': 4.458, 'y': 3.448, 'r': 0.4, 'type': 1}]
32220,1398694002.0178905,[{'idp': 25, 'x': 2.193, 'y': -0.327, 'r': 0.4, 'type': 1}, {'idp': 26, 'x': 2.765, 'y': 0.548, 'r': 0.4, 'type': 1}, {'idp': 27, 'x': 3.802, 'y': 1.375, 'r': 0.4, 'type': 1}, {'idp': 29, 'x': 2.671, 'y': -0.805, 'r': 0.4, 'type': 1}, {'idp': 30, 'x': 5.271, 'y': -2.317, 'r': 0.4, 'type': 1}, {'idp': 31, 'x': 1.856, 'y': -1.201, 'r': 0.4, 'type': 1}, {'idp': 32, 'x': 4.84, 'y': 2.55, 'r': 0.4, 'type': 1}, {'idp': 33, 'x': 4.459, 'y': 3.453, 'r': 0.4, 'type': 1}]
32221,1398694002.0577092,[{'idp': 25, 'x': 2.203, 'y': -0.312, 'r': 0.4, 'type': 1}, {'idp': 26, 'x': 2.77, 'y': 0.568, 'r': 0.4, 'type': 1}, {'idp': 27, 'x': 3.809, 'y': 1.332, 'r': 0.4, 'type': 1}, {'idp': 29, 'x': 2.67, 'y': -0.792, 'r': 0.4, 'type': 1}, {'idp': 30, 'x': 5.265, 'y': -2.289, 'r': 0.4, 'type': 1}, {'idp': 31, 'x': 1.84, 'y': -1.19, 'r': 0.4, 'type': 1}, {'idp': 32, 'x': 4.821, 'y': 2.563, 'r': 0.4, 'type': 1}, {'idp': 33, 'x': 4.423, 'y': 3.456, 'r': 0.4, 'type': 1}]
32222,1398694002.0618632,[{'idp': 25, 'x': 2.203, 'y': -0.298, 'r': 0.4, 'type': 1}, {'idp': 26, 'x': 2.782, 'y': 0.583, 'r': 0.4, 'type': 1}, {'idp': 27, 'x': 3.886, 'y': 1.413, 'r': 0.4, 'type': 1}, {'idp': 29, 'x': 2.678, 'y': -0.775, 'r': 0.4, 'type': 1}, {'idp': 30, 'x': 5.264, 'y': -2.262, 'r': 0.4, 'type': 1}, {'idp': 31, 'x': 1.821, 'y': -1.166, 'r': 0.4, 'type': 1}, {'idp': 32, 'x': 4.794, 'y': 2.607, 'r': 0.4, 'type': 1}, {'idp': 33, 'x': 4.414, 'y': 3.495, 'r': 0.4, 'type': 1}]
32223,1398694002.1017153,[{'idp': 25, 'x': 2.199, 'y': -0.286, 'r': 0.4, 'type': 1}, {'idp': 26, 'x': 2.785, 'y': 0.585, 'r': 0.4, 'type': 1}, {'idp': 27, 'x': 3.901, 'y': 1.432, 'r': 0.4, 'type': 1}, {'idp': 29, 'x': 2.704, 'y': -0.773, 'r': 0.4, 'type': 1}, {'idp': 30, 'x': 5.261, 'y': -2.244, 'r': 0.4, 'type': 1}, {'idp': 31, 'x': 1.799, 'y': -1.153, 'r': 0.4, 'type': 1}, {'idp': 32, 'x': 4.769, 'y': 2.608, 'r': 0.4, 'type': 1}, {'idp': 33, 'x': 4.399, 'y': 3.497, 'r': 0.4, 'type': 1}]
32224,1398694002.1417909,[{'idp': 25, 'x': 2.201, 'y': -0.288, 'r': 0.4, 'type': 1}, {'idp': 26, 'x': 2.787, 'y': 0.579, 'r': 0.4, 'type': 1}, {'idp': 27, 'x': 3.917, 'y': 1.418, 'r': 0.4, 'type': 1}, {'idp': 29, 'x': 2.701, 'y': -0.78, 'r': 0.4, 'type': 1}, {'idp': 30, 'x': 5.249, 'y': -2.254, 'r': 0.4, 'type': 1}, {'idp': 31, 'x': 1.781, 'y': -1.146, 'r': 0.4, 'type': 1}, {'idp': 32, 'x': 4.777, 'y': 2.608, 'r': 0.4, 'type': 1}, {'idp': 33, 'x': 4.407, 'y': 3.503, 'r': 0.4, 'type': 1}]
32225,1398694002.1418233,[{'idp': 25, 'x': 2.216, 'y': -0.294, 'r': 0.4, 'type': 1}, {'idp': 26, 'x': 2.79, 'y': 0.573, 'r': 0.4, 'type': 1}, {'idp': 27, 'x': 3.935, 'y': 1.385, 'r': 0.4, 'type': 1}, {'idp': 29, 'x': 2.705, 'y': -0.78, 'r': 0.4, 'type': 1}, {'idp': 30, 'x': 5.264, 'y': -2.249, 'r': 0.4, 'type': 1}, {'idp': 31, 'x': 1.759, 'y': -1.142, 'r': 0.4, 'type': 1}, {'idp': 32, 'x': 4.774, 'y': 2.589, 'r': 0.4, 'type': 1}, {'idp': 33, 'x': 4.381, 'y': 3.484, 'r': 0.4, 'type': 1}]
32226,1398694002.1816568,[{'idp': 25, 'x': 2.208, 'y': -0.298, 'r': 0.4, 'type': 1}, {'idp': 26, 'x': 2.806, 'y': 0.576, 'r': 0.4, 'type': 1}, {'idp': 27, 'x': 3.964, 'y': 1.375, 'r': 0.4, 'type': 1}, {'idp': 29, 'x': 2.732, 'y': -0.799, 'r': 0.4, 'type': 1}, {'idp': 30, 'x': 5.249, 'y': -2.256, 'r': 0.4, 'type': 1}, {'idp': 31, 'x': 1.734, 'y': -1.137, 'r': 0.4, 'type': 1}, {'idp': 32, 'x': 4.752, 'y': 2.58, 'r': 0.4, 'type': 1}, {'idp': 33, 'x': 4.378, 'y': 3.454, 'r': 0.4, 'type': 1}]
32227,1398694002.1873252,[{'idp': 25, 'x': 2.193, 'y': -0.285, 'r': 0.4, 'type': 1}, {'idp': 26, 'x': 2.81, 'y': 0.578, 'r': 0.4, 'type': 1}, {'idp': 27, 'x': 3.966, 'y': 1.376, 'r': 0.4, 'type': 1}, {'idp': 29, 'x': 2.726, 'y': -0.792, 'r': 0.4, 'type': 1}, {'idp': 30, 'x': 5.228, 'y': -2.246, 'r': 0.4, 'type': 1}, {'idp': 31, 'x': 1.714, 'y': -1.135, 'r': 0.4, 'type': 1}, {'idp': 32, 'x': 4.74, 'y': 2.587, 'r': 0.4, 'type': 1}, {'idp': 33, 'x': 4.364, 'y': 3.486, 'r': 0.4, 'type': 1}]
32228,1398694002.2256682,[{'idp': 25, 'x': 2.201, 'y': -0.288, 'r': 0.4, 'type': 1}, {'idp': 26, 'x': 2.809, 'y': 0.571, 'r': 0.4, 'type': 1}, {'idp': 27, 'x': 3.987, 'y': 1.373, 'r': 0.4, 'type': 1}, {'idp': 29, 'x': 2.75, 'y': -0.798, 'r': 0.4, 'type': 1}, {'idp': 30, 'x': 5.224, 'y': -2.245, 'r': 0.4, 'type': 1}, {'idp': 31, 'x': 1.69, 'y': -1.13, 'r': 0.4, 'type': 1}, {'idp': 32, 'x': 4.725, 'y': 2.596, 'r': 0.4, 'type': 1}, {'idp': 33, 'x': 4.356, 'y': 3.502, 'r': 0.4, 'type': 1}]
32229,1398694002.2656703,[{'idp': 25, 'x': 2.202, 'y': -0.289, 'r': 0.4, 'type': 1}, {'idp': 26, 'x': 2.818, 'y': 0.573, 'r': 0.4, 'type': 1}, {'idp': 27, 'x': 4.015, 'y': 1.362, 'r': 0.4, 'type': 1}, {'idp': 29, 'x': 2.767, 'y': -0.803, 'r': 0.4, 'type': 1}, {'idp': 30, 'x': 5.227, 'y': -2.246, 'r': 0.4, 'type': 1}, {'idp': 31, 'x': 1.659, 'y': -1.125, 'r': 0.4, 'type': 1}, {'idp': 32, 'x': 4.731, 'y': 2.596, 'r': 0.4, 'type': 1}, {'idp': 33, 'x': 4.37, 'y': 3.478, 'r': 0.4, 'type': 1}]
32230,1398694002.2656913,[{'idp': 25, 'x': 2.205, 'y': -0.279, 'r': 0.4, 'type': 1}, {'idp': 26, 'x': 2.814, 'y': 0.565, 'r': 0.4, 'type': 1}, {'idp': 27, 'x': 4.035, 'y': 1.369, 'r': 0.4, 'type': 1}, {'idp': 29, 'x': 2.776, 'y': -0.793, 'r': 0.4, 'type': 1}, {'idp': 30, 'x': 5.21, 'y': -2.239, 'r': 0.4, 'type': 1}, {'idp': 31, 'x': 1.647, 'y': -1.122, 'r': 0.4, 'type': 1}, {'idp': 32, 'x': 4.691, 'y': 2.604, 'r': 0.4, 'type': 1}, {'idp': 33, 'x': 4.331, 'y': 3.487, 'r': 0.4, 'type': 1}]
32231,1398694002.305642,[{'idp': 25, 'x': 2.211, 'y': -0.276, 'r': 0.4, 'type': 1}, {'idp': 26, 'x': 2.855, 'y': 0.587, 'r': 0.4, 'type': 1}, {'idp': 27, 'x': 4.044, 'y': 1.361, 'r': 0.4, 'type': 1}, {'idp': 29, 'x': 2.799, 'y': -0.793, 'r': 0.4, 'type': 1}, {'idp': 30, 'x': 5.19, 'y': -2.231, 'r': 0.4, 'type': 1}, {'idp': 31, 'x': 1.616, 'y': -1.112, 'r': 0.4, 'type': 1}, {'idp': 32, 'x': 4.694, 'y': 2.615, 'r': 0.4, 'type': 1}, {'idp': 33, 'x': 4.324, 'y': 3.473, 'r': 0.4, 'type': 1}]
32232,1398694002.3114119,[{'idp': 25, 'x': 2.232, 'y': -0.273, 'r': 0.4, 'type': 1}, {'idp': 26, 'x': 2.906, 'y': 0.604, 'r': 0.4, 'type': 1}, {'idp': 27, 'x': 4.057, 'y': 1.353, 'r': 0.4, 'type': 1}, {'idp': 29, 'x': 2.842, 'y': -0.798, 'r': 0.4, 'type': 1}, {'idp': 30, 'x': 5.172, 'y': -2.223, 'r': 0.4, 'type': 1}, {'idp': 31, 'x': 1.589, 'y': -1.099, 'r': 0.4, 'type': 1}, {'idp': 32, 'x': 4.701, 'y': 2.619, 'r': 0.4, 'type': 1}, {'idp': 33, 'x': 4.327, 'y': 3.488, 'r': 0.4, 'type': 1}]
32233,1398694002.3496933,[{'idp': 25, 'x': 2.236, 'y': -0.276, 'r': 0.4, 'type': 1}, {'idp': 26, 'x': 2.915, 'y': 0.599, 'r': 0.4, 'type': 1}, {'idp': 27, 'x': 4.072, 'y': 1.361, 'r': 0.4, 'type': 1}, {'idp': 29, 'x': 2.856, 'y': -0.802, 'r': 0.4, 'type': 1}, {'idp': 30, 'x': 5.166, 'y': -2.234, 'r': 0.4, 'type': 1}, {'idp': 31, 'x': 1.563, 'y': -1.086, 'r': 0.4, 'type': 1}, {'idp': 32, 'x': 4.686, 'y': 2.61, 'r': 0.4, 'type': 1}, {'idp': 33, 'x': 4.314, 'y': 3.478, 'r': 0.4, 'type': 1}, {'idp': 34, 'x': 4.572, 'y': -2.651, 'r': 0.4, 'type': 1}]
32234,1398694002.3896956,[{'idp': 25, 'x': 2.243, 'y': -0.272, 'r': 0.4, 'type': 1}, {'idp': 26, 'x': 2.942, 'y': 0.603, 'r': 0.4, 'type': 1}, {'idp': 27, 'x': 4.069, 'y': 1.352, 'r': 0.4, 'type': 1}, {'idp': 29, 'x': 2.874, 'y': -0.801, 'r': 0.4, 'type': 1}, {'idp': 30, 'x': 5.16, 'y': -2.231, 'r': 0.4, 'type': 1}, {'idp': 31, 'x': 1.539, 'y': -1.087, 'r': 0.4, 'type': 1}, {'idp': 32, 'x': 4.669, 'y': 2.628, 'r': 0.4, 'type': 1}, {'idp': 33, 'x': 4.319, 'y': 3.513, 'r': 0.4, 'type': 1}, {'idp': 34, 'x': 4.549, 'y': -2.519, 'r': 0.4, 'type': 1}]
32235,1398694002.3897247,[{'idp': 25, 'x': 2.257, 'y': -0.257, 'r': 0.4, 'type': 1}, {'idp': 26, 'x': 2.945, 'y': 0.617, 'r': 0.4, 'type': 1}, {'idp': 27, 'x': 4.087, 'y': 1.352, 'r': 0.4, 'type': 1}, {'idp': 29, 'x': 2.878, 'y': -0.789, 'r': 0.4, 'type': 1}, {'idp': 30, 'x': 5.168, 'y': -2.221, 'r': 0.4, 'type': 1}, {'idp': 31, 'x': 1.527, 'y': -1.074, 'r': 0.4, 'type': 1}, {'idp': 32, 'x': 4.659, 'y': 2.648, 'r': 0.4, 'type': 1}, {'idp': 33, 'x': 4.288, 'y': 3.538, 'r': 0.4, 'type': 1}, {'idp': 34, 'x': 4.559, 'y': -2.499, 'r': 0.4, 'type': 1}]
32236,1398694002.4296887,[{'idp': 25, 'x': 2.276, 'y': -0.25, 'r': 0.4, 'type': 1}, {'idp': 26, 'x': 2.971, 'y': 0.629, 'r': 0.4, 'type': 1}, {'idp': 27, 'x': 4.075, 'y': 1.362, 'r': 0.4, 'type': 1}, {'idp': 29, 'x': 2.916, 'y': -0.78, 'r': 0.4, 'type': 1}, {'idp': 30, 'x': 5.155, 'y': -2.188, 'r': 0.4, 'type': 1}, {'idp': 31, 'x': 1.507, 'y': -1.066, 'r': 0.4, 'type': 1}, {'idp': 32, 'x': 4.639, 'y': 2.669, 'r': 0.4, 'type': 1}, {'idp': 33, 'x': 4.296, 'y': 3.577, 'r': 0.4, 'type': 1}, {'idp': 34, 'x': 4.525, 'y': -2.481, 'r': 0.4, 'type': 1}]
32237,1398694002.4367437,[{'idp': 25, 'x': 2.306, 'y': -0.236, 'r': 0.4, 'type': 1}, {'idp': 26, 'x': 3.001, 'y': 0.641, 'r': 0.4, 'type': 1}, {'idp': 27, 'x': 4.073, 'y': 1.374, 'r': 0.4, 'type': 1}, {'idp': 29, 'x': 2.935, 'y': -0.779, 'r': 0.4, 'type': 1}, {'idp': 30, 'x': 5.141, 'y': -2.183, 'r': 0.4, 'type': 1}, {'idp': 31, 'x': 1.471, 'y': -1.051, 'r': 0.4, 'type': 1}, {'idp': 32, 'x': 4.626, 'y': 2.688, 'r': 0.4, 'type': 1}, {'idp': 33, 'x': 4.291, 'y': 3.554, 'r': 0.4, 'type': 1}, {'idp': 34, 'x': 4.52, 'y': -2.477, 'r': 0.4, 'type': 1}]
32238,1398694002.4736784,[{'idp': 25, 'x': 2.321, 'y': -0.229, 'r': 0.4, 'type': 1}, {'idp': 26, 'x': 3.015, 'y': 0.636, 'r': 0.4, 'type': 1}, {'idp': 27, 'x': 4.105, 'y': 1.36, 'r': 0.4, 'type': 1}, {'idp': 29, 'x': 2.968, 'y': -0.782, 'r': 0.4, 'type': 1}, {'idp': 30, 'x': 5.137, 'y': -2.181, 'r': 0.4, 'type': 1}, {'idp': 31, 'x': 1.45, 'y': -1.046, 'r': 0.4, 'type': 1}, {'idp': 32, 'x': 4.644, 'y': 2.694, 'r': 0.4, 'type': 1}, {'idp': 33, 'x': 4.326, 'y': 3.599, 'r': 0.4, 'type': 1}, {'idp': 34, 'x': 4.502, 'y': -2.468, 'r': 0.4, 'type': 1}]
32239,1398694002.513689,[{'idp': 25, 'x': 2.345, 'y': -0.238, 'r': 0.4, 'type': 1}, {'idp': 26, 'x': 3.026, 'y': 0.631, 'r': 0.4, 'type': 1}, {'idp': 27, 'x': 4.142, 'y': 1.353, 'r': 0.4, 'type': 1}, {'idp': 29, 'x': 2.993, 'y': -0.796, 'r': 0.4, 'type': 1}, {'idp': 30, 'x': 5.109, 'y': -2.209, 'r': 0.4, 'type': 1}, {'idp': 31, 'x': 1.405, 'y': -1.034, 'r': 0.4, 'type': 1}, {'idp': 32, 'x': 4.651, 'y': 2.688, 'r': 0.4, 'type': 1}, {'idp': 33, 'x': 4.298, 'y': 3.567, 'r': 0.4, 'type': 1}, {'idp': 34, 'x': 4.475, 'y': -2.479, 'r': 0.4, 'type': 1}]
32240,1398694002.5137184,[{'idp': 25, 'x': 2.357, 'y': -0.255, 'r': 0.4, 'type': 1}, {'idp': 26, 'x': 3.062, 'y': 0.61, 'r': 0.4, 'type': 1}, {'idp': 27, 'x': 4.153, 'y': 1.309, 'r': 0.4, 'type': 1}, {'idp': 29, 'x': 2.995, 'y': -0.825, 'r': 0.4, 'type': 1}, {'idp': 30, 'x': 5.093, 'y': -2.242, 'r': 0.4, 'type': 1}, {'idp': 31, 'x': 1.374, 'y': -1.035, 'r': 0.4, 'type': 1}, {'idp': 32, 'x': 4.672, 'y': 2.624, 'r': 0.4, 'type': 1}, {'idp': 33, 'x': 4.33, 'y': 3.511, 'r': 0.4, 'type': 1}, {'idp': 34, 'x': 4.444, 'y': -2.513, 'r': 0.4, 'type': 1}]
32241,1398694002.5537426,[{'idp': 25, 'x': 2.362, 'y': -0.267, 'r': 0.4, 'type': 1}, {'idp': 26, 'x': 3.075, 'y': 0.585, 'r': 0.4, 'type': 1}, {'idp': 27, 'x': 4.171, 'y': 1.282, 'r': 0.4, 'type': 1}, {'idp': 29, 'x': 2.993, 'y': -0.86, 'r': 0.4, 'type': 1}, {'idp': 30, 'x': 5.062, 'y': -2.281, 'r': 0.4, 'type': 1}, {'idp': 31, 'x': 1.33, 'y': -1.048, 'r': 0.4, 'type': 1}, {'idp': 32, 'x': 4.681, 'y': 2.593, 'r': 0.4, 'type': 1}, {'idp': 33, 'x': 4.351, 'y': 3.462, 'r': 0.4, 'type': 1}, {'idp': 34, 'x': 4.415, 'y': -2.56, 'r': 0.4, 'type': 1}]
32242,1398694002.561378,[{'idp': 25, 'x': 2.366, 'y': -0.273, 'r': 0.4, 'type': 1}, {'idp': 26, 'x': 3.103, 'y': 0.589, 'r': 0.4, 'type': 1}, {'idp': 27, 'x': 4.152, 'y': 1.283, 'r': 0.4, 'type': 1}, {'idp': 29, 'x': 2.991, 'y': -0.86, 'r': 0.4, 'type': 1}, {'idp': 30, 'x': 5.033, 'y': -2.294, 'r': 0.4, 'type': 1}, {'idp': 31, 'x': 1.28, 'y': -1.054, 'r': 0.4, 'type': 1}, {'idp': 32, 'x': 4.672, 'y': 2.575, 'r': 0.4, 'type': 1}, {'idp': 33, 'x': 4.358, 'y': 3.467, 'r': 0.4, 'type': 1}, {'idp': 34, 'x': 4.394, 'y': -2.573, 'r': 0.4, 'type': 1}]
32243,1398694002.5976655,[{'idp': 25, 'x': 2.38, 'y': -0.25, 'r': 0.4, 'type': 1}, {'idp': 26, 'x': 3.112, 'y': 0.612, 'r': 0.4, 'type': 1}, {'idp': 27, 'x': 4.114, 'y': 1.286, 'r': 0.4, 'type': 1}, {'idp': 29, 'x': 3.008, 'y': -0.858, 'r': 0.4, 'type': 1}, {'idp': 30, 'x': 5.03, 'y': -2.266, 'r': 0.4, 'type': 1}, {'idp': 31, 'x': 1.244, 'y': -1.042, 'r': 0.4, 'type': 1}, {'idp': 32, 'x': 4.64, 'y': 2.615, 'r': 0.4, 'type': 1}, {'idp': 33, 'x': 4.29, 'y': 3.475, 'r': 0.4, 'type': 1}, {'idp': 34, 'x': 4.396, 'y': -2.536, 'r': 0.4, 'type': 1}]
32244,1398694002.6377435,[{'idp': 25, 'x': 2.401, 'y': -0.231, 'r': 0.4, 'type': 1}, {'idp': 26, 'x': 3.121, 'y': 0.634, 'r': 0.4, 'type': 1}, {'idp': 27, 'x': 4.2, 'y': 1.317, 'r': 0.4, 'type': 1}, {'idp': 29, 'x': 3.021, 'y': -0.841, 'r': 0.4, 'type': 1}, {'idp': 30, 'x': 5.042, 'y': -2.232, 'r': 0.4, 'type': 1}, {'idp': 31, 'x': 1.204, 'y': -1.024, 'r': 0.4, 'type': 1}, {'idp': 32, 'x': 4.624, 'y': 2.649, 'r': 0.4, 'type': 1}, {'idp': 33, 'x': 4.265, 'y': 3.501, 'r': 0.4, 'type': 1}, {'idp': 34, 'x': 4.413, 'y': -2.52, 'r': 0.4, 'type': 1}]
32245,1398694002.6377726,[{'idp': 25, 'x': 2.41, 'y': -0.217, 'r': 0.4, 'type': 1}, {'idp': 26, 'x': 3.126, 'y': 0.656, 'r': 0.4, 'type': 1}, {'idp': 27, 'x': 4.203, 'y': 1.334, 'r': 0.4, 'type': 1}, {'idp': 29, 'x': 3.029, 'y': -0.828, 'r': 0.4, 'type': 1}, {'idp': 30, 'x': 5.047, 'y': -2.221, 'r': 0.4, 'type': 1}, {'idp': 31, 'x': 1.161, 'y': -1.015, 'r': 0.4, 'type': 1}, {'idp': 32, 'x': 4.61, 'y': 2.664, 'r': 0.4, 'type': 1}, {'idp': 33, 'x': 4.238, 'y': 3.51, 'r': 0.4, 'type': 1}, {'idp': 34, 'x': 4.411, 'y': -2.493, 'r': 0.4, 'type': 1}]
32246,1398694002.6776853,[{'idp': 25, 'x': 2.417, 'y': -0.203, 'r': 0.4, 'type': 1}, {'idp': 26, 'x': 3.149, 'y': 0.659, 'r': 0.4, 'type': 1}, {'idp': 27, 'x': 4.192, 'y': 1.33, 'r': 0.4, 'type': 1}, {'idp': 29, 'x': 3.022, 'y': -0.82, 'r': 0.4, 'type': 1}, {'idp': 30, 'x': 5.04, 'y': -2.205, 'r': 0.4, 'type': 1}, {'idp': 31, 'x': 1.118, 'y': -1.001, 'r': 0.4, 'type': 1}, {'idp': 32, 'x': 4.609, 'y': 2.658, 'r': 0.4, 'type': 1}, {'idp': 33, 'x': 4.216, 'y': 3.523, 'r': 0.4, 'type': 1}, {'idp': 34, 'x': 4.418, 'y': -2.472, 'r': 0.4, 'type': 1}]
32247,1398694002.6849332,[{'idp': 25, 'x': 2.427, 'y': -0.204, 'r': 0.4, 'type': 1}, {'idp': 26, 'x': 3.159, 'y': 0.663, 'r': 0.4, 'type': 1}, {'idp': 27, 'x': 4.215, 'y': 1.318, 'r': 0.4, 'type': 1}, {'idp': 29, 'x': 3.022, 'y': -0.827, 'r': 0.4, 'type': 1}, {'idp': 30, 'x': 5.024, 'y': -2.224, 'r': 0.4, 'type': 1}, {'idp': 31, 'x': 1.081, 'y': -0.998, 'r': 0.4, 'type': 1}, {'idp': 32, 'x': 4.616, 'y': 2.648, 'r': 0.4, 'type': 1}, {'idp': 33, 'x': 4.249, 'y': 3.534, 'r': 0.4, 'type': 1}, {'idp': 34, 'x': 4.399, 'y': -2.487, 'r': 0.4, 'type': 1}]
32248,1398694002.7217467,[{'idp': 25, 'x': 2.433, 'y': -0.2, 'r': 0.4, 'type': 1}, {'idp': 26, 'x': 3.175, 'y': 0.657, 'r': 0.4, 'type': 1}, {'idp': 27, 'x': 4.245, 'y': 1.297, 'r': 0.4, 'type': 1}, {'idp': 29, 'x': 3.031, 'y': -0.837, 'r': 0.4, 'type': 1}, {'idp': 30, 'x': 5.006, 'y': -2.216, 'r': 0.4, 'type': 1}, {'idp': 31, 'x': 1.043, 'y': -1.0, 'r': 0.4, 'type': 1}, {'idp': 32, 'x': 4.618, 'y': 2.655, 'r': 0.4, 'type': 1}, {'idp': 33, 'x': 4.203, 'y': 3.497, 'r': 0.4, 'type': 1}, {'idp': 34, 'x': 4.374, 'y': -2.485, 'r': 0.4, 'type': 1}]
32249,1398694002.7617397,[{'idp': 25, 'x': 2.441, 'y': -0.196, 'r': 0.4, 'type': 1}, {'idp': 26, 'x': 3.184, 'y': 0.666, 'r': 0.4, 'type': 1}, {'idp': 27, 'x': 4.277, 'y': 1.297, 'r': 0.4, 'type': 1}, {'idp': 29, 'x': 3.044, 'y': -0.84, 'r': 0.4, 'type': 1}, {'idp': 30, 'x': 4.994, 'y': -2.211, 'r': 0.4, 'type': 1}, {'idp': 31, 'x': 1.008, 'y': -1.003, 'r': 0.4, 'type': 1}, {'idp': 32, 'x': 4.618, 'y': 2.662, 'r': 0.4, 'type': 1}, {'idp': 33, 'x': 4.208, 'y': 3.517, 'r': 0.4, 'type': 1}, {'idp': 34, 'x': 4.365, 'y': -2.493, 'r': 0.4, 'type': 1}]
32250,1398694002.7617762,[{'idp': 25, 'x': 2.446, 'y': -0.186, 'r': 0.4, 'type': 1}, {'idp': 26, 'x': 3.188, 'y': 0.673, 'r': 0.4, 'type': 1}, {'idp': 27, 'x': 4.29, 'y': 1.302, 'r': 0.4, 'type': 1}, {'idp': 29, 'x': 3.038, 'y': -0.832, 'r': 0.4, 'type': 1}, {'idp': 30, 'x': 4.979, 'y': -2.204, 'r': 0.4, 'type': 1}, {'idp': 31, 'x': 0.97, 'y': -1.005, 'r': 0.4, 'type': 1}, {'idp': 32, 'x': 4.599, 'y': 2.671, 'r': 0.4, 'type': 1}, {'idp': 33, 'x': 4.169, 'y': 3.499, 'r': 0.4, 'type': 1}, {'idp': 34, 'x': 4.339, 'y': -2.49, 'r': 0.4, 'type': 1}]
32251,1398694002.8016956,[{'idp': 25, 'x': 2.445, 'y': -0.196, 'r': 0.4, 'type': 1}, {'idp': 26, 'x': 3.194, 'y': 0.661, 'r': 0.4, 'type': 1}, {'idp': 27, 'x': 4.305, 'y': 1.266, 'r': 0.4, 'type': 1}, {'idp': 29, 'x': 3.059, 'y': -0.859, 'r': 0.4, 'type': 1}, {'idp': 30, 'x': 4.959, 'y': -2.222, 'r': 0.4, 'type': 1}, {'idp': 31, 'x': 0.933, 'y': -1.011, 'r': 0.4, 'type': 1}, {'idp': 32, 'x': 4.632, 'y': 2.643, 'r': 0.4, 'type': 1}, {'idp': 33, 'x': 4.202, 'y': 3.512, 'r': 0.4, 'type': 1}, {'idp': 34, 'x': 4.299, 'y': -2.517, 'r': 0.4, 'type': 1}]
32252,1398694002.8099365,[{'idp': 25, 'x': 2.43, 'y': -0.211, 'r': 0.4, 'type': 1}, {'idp': 26, 'x': 3.23, 'y': 0.629, 'r': 0.4, 'type': 1}, {'idp': 27, 'x': 4.326, 'y': 1.221, 'r': 0.4, 'type': 1}, {'idp': 29, 'x': 3.049, 'y': -0.893, 'r': 0.4, 'type': 1}, {'idp': 30, 'x': 4.938, 'y': -2.264, 'r': 0.4, 'type': 1}, {'idp': 31, 'x': 0.888, 'y': -1.02, 'r': 0.4, 'type': 1}, {'idp': 32, 'x': 4.65, 'y': 2.598, 'r': 0.4, 'type': 1}, {'idp': 33, 'x': 4.2, 'y': 3.464, 'r': 0.4, 'type': 1}, {'idp': 34, 'x': 4.266, 'y': -2.574, 'r': 0.4, 'type': 1}]
32253,1398694002.849736,[{'idp': 25, 'x': 2.412, 'y': -0.22, 'r': 0.4, 'type': 1}, {'idp': 26, 'x': 3.248, 'y': 0.611, 'r': 0.4, 'type': 1}, {'idp': 27, 'x': 4.338, 'y': 1.184, 'r': 0.4, 'type': 1}, {'idp': 29, 'x': 3.045, 'y': -0.906, 'r': 0.4, 'type': 1}, {'idp': 30, 'x': 4.911, 'y': -2.304, 'r': 0.4, 'type': 1}, {'idp': 31, 'x': 0.845, 'y': -1.024, 'r': 0.4, 'type': 1}, {'idp': 32, 'x': 4.671, 'y': 2.569, 'r': 0.4, 'type': 1}, {'idp': 33, 'x': 4.212, 'y': 3.442, 'r': 0.4, 'type': 1}, {'idp': 34, 'x': 4.241, 'y': -2.623, 'r': 0.4, 'type': 1}]
32254,1398694002.8896735,[{'idp': 25, 'x': 2.415, 'y': -0.215, 'r': 0.4, 'type': 1}, {'idp': 26, 'x': 3.271, 'y': 0.613, 'r': 0.4, 'type': 1}, {'idp': 27, 'x': 4.343, 'y': 1.165, 'r': 0.4, 'type': 1}, {'idp': 29, 'x': 3.057, 'y': -0.917, 'r': 0.4, 'type': 1}, {'idp': 30, 'x': 4.897, 'y': -2.323, 'r': 0.4, 'type': 1}, {'idp': 31, 'x': 0.799, 'y': -1.015, 'r': 0.4, 'type': 1}, {'idp': 32, 'x': 4.672, 'y': 2.565, 'r': 0.4, 'type': 1}, {'idp': 33, 'x': 4.188, 'y': 3.438, 'r': 0.4, 'type': 1}, {'idp': 34, 'x': 4.231, 'y': -2.604, 'r': 0.4, 'type': 1}]
32255,1398694002.8897011,[{'idp': 25, 'x': 2.414, 'y': -0.204, 'r': 0.4, 'type': 1}, {'idp': 26, 'x': 3.274, 'y': 0.63, 'r': 0.4, 'type': 1}, {'idp': 27, 'x': 4.297, 'y': 1.172, 'r': 0.4, 'type': 1}, {'idp': 29, 'x': 3.066, 'y': -0.905, 'r': 0.4, 'type': 1}, {'idp': 30, 'x': 4.896, 'y': -2.297, 'r': 0.4, 'type': 1}, {'idp': 31, 'x': 0.765, 'y': -1.008, 'r': 0.4, 'type': 1}, {'idp': 32, 'x': 4.644, 'y': 2.581, 'r': 0.4, 'type': 1}, {'idp': 33, 'x': 4.176, 'y': 3.444, 'r': 0.4, 'type': 1}, {'idp': 34, 'x': 4.233, 'y': -2.592, 'r': 0.4, 'type': 1}]
32256,1398694002.9297426,[{'idp': 25, 'x': 2.416, 'y': -0.194, 'r': 0.4, 'type': 1}, {'idp': 26, 'x': 3.279, 'y': 0.639, 'r': 0.4, 'type': 1}, {'idp': 27, 'x': 4.227, 'y': 1.133, 'r': 0.4, 'type': 1}, {'idp': 29, 'x': 3.101, 'y': -0.908, 'r': 0.4, 'type': 1}, {'idp': 30, 'x': 4.878, 'y': -2.288, 'r': 0.4, 'type': 1}, {'idp': 31, 'x': 0.736, 'y': -1.003, 'r': 0.4, 'type': 1}, {'idp': 32, 'x': 4.602, 'y': 2.606, 'r': 0.4, 'type': 1}, {'idp': 33, 'x': 4.153, 'y': 3.455, 'r': 0.4, 'type': 1}, {'idp': 34, 'x': 4.224, 'y': -2.574, 'r': 0.4, 'type': 1}]
32257,1398694002.9356265,[{'idp': 25, 'x': 2.441, 'y': -0.174, 'r': 0.4, 'type': 1}, {'idp': 26, 'x': 3.302, 'y': 0.643, 'r': 0.4, 'type': 1}, {'idp': 27, 'x': 4.284, 'y': 1.168, 'r': 0.4, 'type': 1}, {'idp': 29, 'x': 3.157, 'y': -0.924, 'r': 0.4, 'type': 1}, {'idp': 30, 'x': 4.871, 'y': -2.259, 'r': 0.4, 'type': 1}, {'idp': 31, 'x': 0.719, 'y': -1.009, 'r': 0.4, 'type': 1}, {'idp': 32, 'x': 4.624, 'y': 2.611, 'r': 0.4, 'type': 1}, {'idp': 33, 'x': 4.173, 'y': 3.488, 'r': 0.4, 'type': 1}, {'idp': 34, 'x': 4.213, 'y': -2.568, 'r': 0.4, 'type': 1}]
32258,1398694002.9736109,[{'idp': 25, 'x': 2.467, 'y': -0.16, 'r': 0.4, 'type': 1}, {'idp': 26, 'x': 3.322, 'y': 0.655, 'r': 0.4, 'type': 1}, {'idp': 27, 'x': 4.267, 'y': 1.173, 'r': 0.4, 'type': 1}, {'idp': 29, 'x': 3.184, 'y': -0.908, 'r': 0.4, 'type': 1}, {'idp': 30, 'x': 4.872, 'y': -2.233, 'r': 0.4, 'type': 1}, {'idp': 31, 'x': 0.698, 'y': -1.01, 'r': 0.4, 'type': 1}, {'idp': 32, 'x': 4.623, 'y': 2.633, 'r': 0.4, 'type': 1}, {'idp': 33, 'x': 4.157, 'y': 3.49, 'r': 0.4, 'type': 1}, {'idp': 34, 'x': 4.218, 'y': -2.545, 'r': 0.4, 'type': 1}]
32259,1398694003.01373,[{'idp': 25, 'x': 2.466, 'y': -0.144, 'r': 0.4, 'type': 1}, {'idp': 26, 'x': 3.355, 'y': 0.671, 'r': 0.4, 'type': 1}, {'idp': 27, 'x': 4.253, 'y': 1.16, 'r': 0.4, 'type': 1}, {'idp': 29, 'x': 3.218, 'y': -0.903, 'r': 0.4, 'type': 1}, {'idp': 30, 'x': 4.856, 'y': -2.226, 'r': 0.4, 'type': 1}, {'idp': 31, 'x': 0.682, 'y': -1.021, 'r': 0.4, 'type': 1}, {'idp': 32, 'x': 4.616, 'y': 2.656, 'r': 0.4, 'type': 1}, {'idp': 33, 'x': 4.126, 'y': 3.51, 'r': 0.4, 'type': 1}, {'idp': 34, 'x': 4.212, 'y': -2.542, 'r': 0.4, 'type': 1}]
32260,1398694003.0137477,[{'idp': 25, 'x': 2.479, 'y': -0.123, 'r': 0.4, 'type': 1}, {'idp': 26, 'x': 3.362, 'y': 0.685, 'r': 0.4, 'type': 1}, {'idp': 27, 'x': 4.225, 'y': 1.182, 'r': 0.4, 'type': 1}, {'idp': 29, 'x': 3.226, 'y': -0.882, 'r': 0.4, 'type': 1}, {'idp': 30, 'x': 4.879, 'y': -2.185, 'r': 0.4, 'type': 1}, {'idp': 31, 'x': 0.669, 'y': -1.026, 'r': 0.4, 'type': 1}, {'idp': 32, 'x': 4.608, 'y': 2.678, 'r': 0.4, 'type': 1}, {'idp': 33, 'x': 4.119, 'y': 3.55, 'r': 0.4, 'type': 1}, {'idp': 34, 'x': 4.22, 'y': -2.509, 'r': 0.4, 'type': 1}]
32261,1398694003.0537148,[{'idp': 25, 'x': 2.48, 'y': -0.112, 'r': 0.4, 'type': 1}, {'idp': 26, 'x': 3.38, 'y': 0.703, 'r': 0.4, 'type': 1}, {'idp': 27, 'x': 4.251, 'y': 1.22, 'r': 0.4, 'type': 1}, {'idp': 29, 'x': 3.256, 'y': -0.874, 'r': 0.4, 'type': 1}, {'idp': 30, 'x': 4.879, 'y': -2.16, 'r': 0.4, 'type': 1}, {'idp': 31, 'x': 0.656, 'y': -1.028, 'r': 0.4, 'type': 1}, {'idp': 32, 'x': 4.551, 'y': 2.71, 'r': 0.4, 'type': 1}, {'idp': 33, 'x': 4.066, 'y': 3.567, 'r': 0.4, 'type': 1}, {'idp': 34, 'x': 4.224, 'y': -2.486, 'r': 0.4, 'type': 1}]
32262,1398694003.0601006,[{'idp': 25, 'x': 2.501, 'y': -0.102, 'r': 0.4, 'type': 1}, {'idp': 26, 'x': 3.407, 'y': 0.718, 'r': 0.4, 'type': 1}, {'idp': 27, 'x': 4.235, 'y': 1.215, 'r': 0.4, 'type': 1}, {'idp': 29, 'x': 3.27, 'y': -0.87, 'r': 0.4, 'type': 1}, {'idp': 30, 'x': 4.88, 'y': -2.148, 'r': 0.4, 'type': 1}, {'idp': 31, 'x': 0.643, 'y': -1.032, 'r': 0.4, 'type': 1}, {'idp': 32, 'x': 4.568, 'y': 2.713, 'r': 0.4, 'type': 1}, {'idp': 33, 'x': 4.049, 'y': 3.567, 'r': 0.4, 'type': 1}, {'idp': 34, 'x': 4.219, 'y': -2.483, 'r': 0.4, 'type': 1}]
32263,1398694003.0976496,[{'idp': 25, 'x': 2.537, 'y': -0.104, 'r': 0.4, 'type': 1}, {'idp': 26, 'x': 3.405, 'y': 0.714, 'r': 0.4, 'type': 1}, {'idp': 27, 'x': 4.251, 'y': 1.22, 'r': 0.4, 'type': 1}, {'idp': 29, 'x': 3.271, 'y': -0.878, 'r': 0.4, 'type': 1}, {'idp': 30, 'x': 4.863, 'y': -2.166, 'r': 0.4, 'type': 1}, {'idp': 31, 'x': 0.63, 'y': -1.028, 'r': 0.4, 'type': 1}, {'idp': 32, 'x': 4.552, 'y': 2.71, 'r': 0.4, 'type': 1}, {'idp': 33, 'x': 4.044, 'y': 3.564, 'r': 0.4, 'type': 1}, {'idp': 34, 'x': 4.217, 'y': -2.482, 'r': 0.4, 'type': 1}]
32264,1398694003.1376982,[{'idp': 25, 'x': 2.576, 'y': -0.105, 'r': 0.4, 'type': 1}, {'idp': 26, 'x': 3.434, 'y': 0.696, 'r': 0.4, 'type': 1}, {'idp': 27, 'x': 4.22, 'y': 1.162, 'r': 0.4, 'type': 1}, {'idp': 29, 'x': 3.291, 'y': -0.898, 'r': 0.4, 'type': 1}, {'idp': 30, 'x': 4.838, 'y': -2.18, 'r': 0.4, 'type': 1}, {'idp': 31, 'x': 0.617, 'y': -1.02, 'r': 0.4, 'type': 1}, {'idp': 32, 'x': 4.551, 'y': 2.682, 'r': 0.4, 'type': 1}, {'idp': 33, 'x': 4.042, 'y': 3.546, 'r': 0.4, 'type': 1}, {'idp': 34, 'x': 4.196, 'y': -2.495, 'r': 0.4, 'type': 1}]
32265,1398694003.13773,[{'idp': 25, 'x': 2.604, 'y': -0.106, 'r': 0.4, 'type': 1}, {'idp': 26, 'x': 3.445, 'y': 0.684, 'r': 0.4, 'type': 1}, {'idp': 27, 'x': 4.213, 'y': 1.13, 'r': 0.4, 'type': 1}, {'idp': 29, 'x': 3.301, 'y': -0.908, 'r': 0.4, 'type': 1}, {'idp': 30, 'x': 4.82, 'y': -2.185, 'r': 0.4, 'type': 1}, {'idp': 31, 'x': 0.601, 'y': -1.006, 'r': 0.4, 'type': 1}, {'idp': 32, 'x': 4.576, 'y': 2.676, 'r': 0.4, 'type': 1}, {'idp': 33, 'x': 4.043, 'y': 3.547, 'r': 0.4, 'type': 1}, {'idp': 34, 'x': 4.165, 'y': -2.513, 'r': 0.4, 'type': 1}]
32266,1398694003.1776447,[{'idp': 25, 'x': 2.63, 'y': -0.101, 'r': 0.4, 'type': 1}, {'idp': 26, 'x': 3.472, 'y': 0.69, 'r': 0.4, 'type': 1}, {'idp': 27, 'x': 4.221, 'y': 1.122, 'r': 0.4, 'type': 1}, {'idp': 29, 'x': 3.305, 'y': -0.908, 'r': 0.4, 'type': 1}, {'idp': 30, 'x': 4.816, 'y': -2.183, 'r': 0.4, 'type': 1}, {'idp': 31, 'x': 0.584, 'y': -0.995, 'r': 0.4, 'type': 1}, {'idp': 32, 'x': 4.552, 'y': 2.684, 'r': 0.4, 'type': 1}, {'idp': 33, 'x': 4.025, 'y': 3.531, 'r': 0.4, 'type': 1}, {'idp': 34, 'x': 4.152, 'y': -2.506, 'r': 0.4, 'type': 1}]
32267,1398694003.1848764,[{'idp': 25, 'x': 2.644, 'y': -0.085, 'r': 0.4, 'type': 1}, {'idp': 26, 'x': 3.49, 'y': 0.71, 'r': 0.4, 'type': 1}, {'idp': 27, 'x': 4.247, 'y': 1.139, 'r': 0.4, 'type': 1}, {'idp': 29, 'x': 3.308, 'y': -0.894, 'r': 0.4, 'type': 1}, {'idp': 30, 'x': 4.799, 'y': -2.184, 'r': 0.4, 'type': 1}, {'idp': 31, 'x': 0.569, 'y': -0.981, 'r': 0.4, 'type': 1}, {'idp': 32, 'x': 4.562, 'y': 2.717, 'r': 0.4, 'type': 1}, {'idp': 33, 'x': 4.001, 'y': 3.573, 'r': 0.4, 'type': 1}, {'idp': 34, 'x': 4.16, 'y': -2.485, 'r': 0.4, 'type': 1}]
32268,1398694003.2216585,[{'idp': 25, 'x': 2.653, 'y': -0.079, 'r': 0.4, 'type': 1}, {'idp': 26, 'x': 3.498, 'y': 0.728, 'r': 0.4, 'type': 1}, {'idp': 27, 'x': 4.264, 'y': 1.153, 'r': 0.4, 'type': 1}, {'idp': 29, 'x': 3.314, 'y': -0.88, 'r': 0.4, 'type': 1}, {'idp': 30, 'x': 4.795, 'y': -2.17, 'r': 0.4, 'type': 1}, {'idp': 31, 'x': 0.561, 'y': -0.967, 'r': 0.4, 'type': 1}, {'idp': 32, 'x': 4.54, 'y': 2.737, 'r': 0.4, 'type': 1}, {'idp': 33, 'x': 3.964, 'y': 3.571, 'r': 0.4, 'type': 1}, {'idp': 34, 'x': 4.149, 'y': -2.467, 'r': 0.4, 'type': 1}]
32269,1398694003.2617412,[{'idp': 25, 'x': 2.672, 'y': -0.067, 'r': 0.4, 'type': 1}, {'idp': 26, 'x': 3.508, 'y': 0.739, 'r': 0.4, 'type': 1}, {'idp': 27, 'x': 4.279, 'y': 1.157, 'r': 0.4, 'type': 1}, {'idp': 29, 'x': 3.335, 'y': -0.869, 'r': 0.4, 'type': 1}, {'idp': 30, 'x': 4.79, 'y': -2.153, 'r': 0.4, 'type': 1}, {'idp': 31, 'x': 0.544, 'y': -0.944, 'r': 0.4, 'type': 1}, {'idp': 32, 'x': 4.538, 'y': 2.75, 'r': 0.4, 'type': 1}, {'idp': 33, 'x': 3.939, 'y': 3.595, 'r': 0.4, 'type': 1}, {'idp': 34, 'x': 4.145, 'y': -2.452, 'r': 0.4, 'type': 1}]
32270,1398694003.2617762,[{'idp': 25, 'x': 2.687, 'y': -0.055, 'r': 0.4, 'type': 1}, {'idp': 26, 'x': 3.527, 'y': 0.751, 'r': 0.4, 'type': 1}, {'idp': 27, 'x': 4.308, 'y': 1.175, 'r': 0.4, 'type': 1}, {'idp': 29, 'x': 3.344, 'y': -0.863, 'r': 0.4, 'type': 1}, {'idp': 30, 'x': 4.784, 'y': -2.14, 'r': 0.4, 'type': 1}, {'idp': 31, 'x': 0.524, 'y': -0.914, 'r': 0.4, 'type': 1}, {'idp': 32, 'x': 4.507, 'y': 2.766, 'r': 0.4, 'type': 1}, {'idp': 33, 'x': 3.908, 'y': 3.597, 'r': 0.4, 'type': 1}, {'idp': 34, 'x': 4.133, 'y': -2.433, 'r': 0.4, 'type': 1}]
32271,1398694003.3017957,[{'idp': 25, 'x': 2.683, 'y': -0.048, 'r': 0.4, 'type': 1}, {'idp': 26, 'x': 3.53, 'y': 0.752, 'r': 0.4, 'type': 1}, {'idp': 27, 'x': 4.363, 'y': 1.179, 'r': 0.4, 'type': 1}, {'idp': 29, 'x': 3.361, 'y': -0.844, 'r': 0.4, 'type': 1}, {'idp': 30, 'x': 4.78, 'y': -2.138, 'r': 0.4, 'type': 1}, {'idp': 31, 'x': 0.504, 'y': -0.88, 'r': 0.4, 'type': 1}, {'idp': 32, 'x': 4.505, 'y': 2.757, 'r': 0.4, 'type': 1}, {'idp': 33, 'x': 3.894, 'y': 3.616, 'r': 0.4, 'type': 1}, {'idp': 34, 'x': 4.134, 'y': -2.409, 'r': 0.4, 'type': 1}]
32272,1398694003.309012,[{'idp': 25, 'x': 2.709, 'y': -0.054, 'r': 0.4, 'type': 1}, {'idp': 26, 'x': 3.565, 'y': 0.744, 'r': 0.4, 'type': 1}, {'idp': 27, 'x': 4.339, 'y': 1.143, 'r': 0.4, 'type': 1}, {'idp': 29, 'x': 3.361, 'y': -0.849, 'r': 0.4, 'type': 1}, {'idp': 30, 'x': 4.78, 'y': -2.129, 'r': 0.4, 'type': 1}, {'idp': 31, 'x': 0.483, 'y': -0.862, 'r': 0.4, 'type': 1}, {'idp': 32, 'x': 4.533, 'y': 2.755, 'r': 0.4, 'type': 1}, {'idp': 33, 'x': 3.878, 'y': 3.602, 'r': 0.4, 'type': 1}, {'idp': 34, 'x': 4.117, 'y': -2.437, 'r': 0.4, 'type': 1}]
32273,1398694003.3456464,[{'idp': 25, 'x': 2.729, 'y': -0.053, 'r': 0.4, 'type': 1}, {'idp': 26, 'x': 3.578, 'y': 0.739, 'r': 0.4, 'type': 1}, {'idp': 27, 'x': 4.334, 'y': 1.132, 'r': 0.4, 'type': 1}, {'idp': 29, 'x': 3.353, 'y': -0.872, 'r': 0.4, 'type': 1}, {'idp': 30, 'x': 4.753, 'y': -2.129, 'r': 0.4, 'type': 1}, {'idp': 31, 'x': 0.453, 'y': -0.843, 'r': 0.4, 'type': 1}, {'idp': 32, 'x': 4.541, 'y': 2.745, 'r': 0.4, 'type': 1}, {'idp': 33, 'x': 3.877, 'y': 3.6, 'r': 0.4, 'type': 1}, {'idp': 34, 'x': 4.09, 'y': -2.494, 'r': 0.4, 'type': 1}]
32274,1398694003.3856947,[{'idp': 25, 'x': 2.751, 'y': -0.053, 'r': 0.4, 'type': 1}, {'idp': 26, 'x': 3.576, 'y': 0.73, 'r': 0.4, 'type': 1}, {'idp': 27, 'x': 4.356, 'y': 1.128, 'r': 0.4, 'type': 1}, {'idp': 29, 'x': 3.365, 'y': -0.873, 'r': 0.4, 'type': 1}, {'idp': 30, 'x': 4.751, 'y': -2.128, 'r': 0.4, 'type': 1}, {'idp': 31, 'x': 0.429, 'y': -0.825, 'r': 0.4, 'type': 1}, {'idp': 32, 'x': 4.515, 'y': 2.744, 'r': 0.4, 'type': 1}, {'idp': 33, 'x': 3.842, 'y': 3.584, 'r': 0.4, 'type': 1}, {'idp': 34, 'x': 4.094, 'y': -2.496, 'r': 0.4, 'type': 1}]
32275,1398694003.3857255,[{'idp': 25, 'x': 2.776, 'y': -0.04, 'r': 0.4, 'type': 1}, {'idp': 26, 'x': 3.59, 'y': 0.733, 'r': 0.4, 'type': 1}, {'idp': 27, 'x': 4.496, 'y': 1.175, 'r': 0.4, 'type': 1}, {'idp': 29, 'x': 3.357, 'y': -0.864, 'r': 0.4, 'type': 1}, {'idp': 30, 'x': 4.747, 'y': -2.126, 'r': 0.4, 'type': 1}, {'idp': 31, 'x': 0.418, 'y': -0.814, 'r': 0.4, 'type': 1}, {'idp': 32, 'x': 4.518, 'y': 2.752, 'r': 0.4, 'type': 1}, {'idp': 33, 'x': 3.829, 'y': 3.587, 'r': 0.4, 'type': 1}, {'idp': 34, 'x': 4.067, 'y': -2.468, 'r': 0.4, 'type': 1}]
32276,1398694003.4257138,[{'idp': 25, 'x': 2.79, 'y': -0.046, 'r': 0.4, 'type': 1}, {'idp': 26, 'x': 3.601, 'y': 0.744, 'r': 0.4, 'type': 1}, {'idp': 27, 'x': 4.578, 'y': 1.206, 'r': 0.4, 'type': 1}, {'idp': 29, 'x': 3.378, 'y': -0.859, 'r': 0.4, 'type': 1}, {'idp': 30, 'x': 4.719, 'y': -2.126, 'r': 0.4, 'type': 1}, {'idp': 31, 'x': 0.414, 'y': -0.818, 'r': 0.4, 'type': 1}, {'idp': 32, 'x': 4.532, 'y': 2.762, 'r': 0.4, 'type': 1}, {'idp': 33, 'x': 3.795, 'y': 3.587, 'r': 0.4, 'type': 1}, {'idp': 34, 'x': 4.042, 'y': -2.428, 'r': 0.4, 'type': 1}]
32277,1398694003.4337907,[{'idp': 25, 'x': 2.812, 'y': -0.039, 'r': 0.4, 'type': 1}, {'idp': 26, 'x': 3.554, 'y': 0.734, 'r': 0.4, 'type': 1}, {'idp': 27, 'x': 4.585, 'y': 1.218, 'r': 0.4, 'type': 1}, {'idp': 29, 'x': 3.397, 'y': -0.857, 'r': 0.4, 'type': 1}, {'idp': 30, 'x': 4.727, 'y': -2.118, 'r': 0.4, 'type': 1}, {'idp': 31, 'x': 0.408, 'y': -0.819, 'r': 0.4, 'type': 1}, {'idp': 32, 'x': 4.528, 'y': 2.778, 'r': 0.4, 'type': 1}, {'idp': 33, 'x': 3.793, 'y': 3.617, 'r': 0.4, 'type': 1}, {'idp': 34, 'x': 4.045, 'y': -2.428, 'r': 0.4, 'type': 1}]
32278,1398694003.4737084,[{'idp': 25, 'x': 2.832, 'y': -0.039, 'r': 0.4, 'type': 1}, {'idp': 26, 'x': 3.546, 'y': 0.724, 'r': 0.4, 'type': 1}, {'idp': 27, 'x': 4.596, 'y': 1.221, 'r': 0.4, 'type': 1}, {'idp': 29, 'x': 3.413, 'y': -0.852, 'r': 0.4, 'type': 1}, {'idp': 30, 'x': 4.704, 'y': -2.12, 'r': 0.4, 'type': 1}, {'idp': 31, 'x': 0.402, 'y': -0.812, 'r': 0.4, 'type': 1}, {'idp': 32, 'x': 4.549, 'y': 2.774, 'r': 0.4, 'type': 1}, {'idp': 33, 'x': 3.753, 'y': 3.578, 'r': 0.4, 'type': 1}, {'idp': 34, 'x': 4.028, 'y': -2.431, 'r': 0.4, 'type': 1}]
32279,1398694003.5137093,[{'idp': 25, 'x': 2.847, 'y': -0.051, 'r': 0.4, 'type': 1}, {'idp': 26, 'x': 3.535, 'y': 0.706, 'r': 0.4, 'type': 1}, {'idp': 27, 'x': 4.617, 'y': 1.184, 'r': 0.4, 'type': 1}, {'idp': 29, 'x': 3.409, 'y': -0.884, 'r': 0.4, 'type': 1}, {'idp': 30, 'x': 4.696, 'y': -2.141, 'r': 0.4, 'type': 1}, {'idp': 31, 'x': 0.394, 'y': -0.814, 'r': 0.4, 'type': 1}, {'idp': 32, 'x': 4.568, 'y': 2.758, 'r': 0.4, 'type': 1}, {'idp': 33, 'x': 3.751, 'y': 3.576, 'r': 0.4, 'type': 1}, {'idp': 34, 'x': 4.014, 'y': -2.447, 'r': 0.4, 'type': 1}]
32280,1398694003.5137389,[{'idp': 25, 'x': 2.844, 'y': -0.069, 'r': 0.4, 'type': 1}, {'idp': 26, 'x': 3.513, 'y': 0.685, 'r': 0.4, 'type': 1}, {'idp': 27, 'x': 4.614, 'y': 1.161, 'r': 0.4, 'type': 1}, {'idp': 29, 'x': 3.412, 'y': -0.893, 'r': 0.4, 'type': 1}, {'idp': 30, 'x': 4.678, 'y': -2.157, 'r': 0.4, 'type': 1}, {'idp': 31, 'x': 0.38, 'y': -0.816, 'r': 0.4, 'type': 1}, {'idp': 32, 'x': 4.592, 'y': 2.731, 'r': 0.4, 'type': 1}, {'idp': 33, 'x': 3.73, 'y': 3.541, 'r': 0.4, 'type': 1}, {'idp': 34, 'x': 3.999, 'y': -2.462, 'r': 0.4, 'type': 1}]
32281,1398694003.5537503,[{'idp': 25, 'x': 2.863, 'y': -0.082, 'r': 0.4, 'type': 1}, {'idp': 26, 'x': 3.472, 'y': 0.652, 'r': 0.4, 'type': 1}, {'idp': 27, 'x': 4.602, 'y': 1.169, 'r': 0.4, 'type': 1}, {'idp': 29, 'x': 3.421, 'y': -0.903, 'r': 0.4, 'type': 1}, {'idp': 30, 'x': 4.655, 'y': -2.171, 'r': 0.4, 'type': 1}, {'idp': 31, 'x': 0.359, 'y': -0.828, 'r': 0.4, 'type': 1}, {'idp': 32, 'x': 4.605, 'y': 2.714, 'r': 0.4, 'type': 1}, {'idp': 33, 'x': 3.733, 'y': 3.544, 'r': 0.4, 'type': 1}, {'idp': 34, 'x': 3.985, 'y': -2.476, 'r': 0.4, 'type': 1}]
32282,1398694003.5583954,[{'idp': 25, 'x': 2.869, 'y': -0.082, 'r': 0.4, 'type': 1}, {'idp': 26, 'x': 3.489, 'y': 0.655, 'r': 0.4, 'type': 1}, {'idp': 27, 'x': 4.6, 'y': 1.168, 'r': 0.4, 'type': 1}, {'idp': 29, 'x': 3.422, 'y': -0.905, 'r': 0.4, 'type': 1}, {'idp': 30, 'x': 4.645, 'y': -2.167, 'r': 0.4, 'type': 1}, {'idp': 31, 'x': 0.339, 'y': -0.839, 'r': 0.4, 'type': 1}, {'idp': 32, 'x': 4.607, 'y': 2.715, 'r': 0.4, 'type': 1}, {'idp': 33, 'x': 3.722, 'y': 3.565, 'r': 0.4, 'type': 1}, {'idp': 34, 'x': 3.966, 'y': -2.477, 'r': 0.4, 'type': 1}]
32283,1398694003.597687,[{'idp': 25, 'x': 2.871, 'y': -0.069, 'r': 0.4, 'type': 1}, {'idp': 26, 'x': 3.526, 'y': 0.695, 'r': 0.4, 'type': 1}, {'idp': 27, 'x': 4.649, 'y': 1.192, 'r': 0.4, 'type': 1}, {'idp': 29, 'x': 3.435, 'y': -0.893, 'r': 0.4, 'type': 1}, {'idp': 30, 'x': 4.644, 'y': -2.142, 'r': 0.4, 'type': 1}, {'idp': 31, 'x': 0.322, 'y': -0.848, 'r': 0.4, 'type': 1}, {'idp': 32, 'x': 4.607, 'y': 2.729, 'r': 0.4, 'type': 1}, {'idp': 33, 'x': 3.684, 'y': 3.559, 'r': 0.4, 'type': 1}, {'idp': 34, 'x': 3.962, 'y': -2.463, 'r': 0.4, 'type': 1}]
32284,1398694003.6377294,[{'idp': 25, 'x': 2.875, 'y': -0.057, 'r': 0.4, 'type': 1}, {'idp': 26, 'x': 3.526, 'y': 0.711, 'r': 0.4, 'type': 1}, {'idp': 27, 'x': 4.613, 'y': 1.204, 'r': 0.4, 'type': 1}, {'idp': 29, 'x': 3.459, 'y': -0.867, 'r': 0.4, 'type': 1}, {'idp': 30, 'x': 4.637, 'y': -2.138, 'r': 0.4, 'type': 1}, {'idp': 31, 'x': 0.304, 'y': -0.847, 'r': 0.4, 'type': 1}, {'idp': 32, 'x': 4.597, 'y': 2.736, 'r': 0.4, 'type': 1}, {'idp': 33, 'x': 3.629, 'y': 3.552, 'r': 0.4, 'type': 1}, {'idp': 34, 'x': 3.959, 'y': -2.437, 'r': 0.4, 'type': 1}]
32285,1398694003.6377625,[{'idp': 25, 'x': 2.88, 'y': -0.051, 'r': 0.4, 'type': 1}, {'idp': 26, 'x': 3.483, 'y': 0.677, 'r': 0.4, 'type': 1}, {'idp': 27, 'x': 4.599, 'y': 1.211, 'r': 0.4, 'type': 1}, {'idp': 29, 'x': 3.465, 'y': -0.861, 'r': 0.4, 'type': 1}, {'idp': 30, 'x': 4.634, 'y': -2.113, 'r': 0.4, 'type': 1}, {'idp': 31, 'x': 0.281, 'y': -0.835, 'r': 0.4, 'type': 1}, {'idp': 32, 'x': 4.599, 'y': 2.751, 'r': 0.4, 'type': 1}, {'idp': 33, 'x': 3.613, 'y': 3.567, 'r': 0.4, 'type': 1}, {'idp': 34, 'x': 3.942, 'y': -2.427, 'r': 0.4, 'type': 1}]
32286,1398694003.677697,[{'idp': 25, 'x': 2.893, 'y': -0.064, 'r': 0.4, 'type': 1}, {'idp': 26, 'x': 3.505, 'y': 0.666, 'r': 0.4, 'type': 1}, {'idp': 27, 'x': 4.624, 'y': 1.174, 'r': 0.4, 'type': 1}, {'idp': 29, 'x': 3.476, 'y': -0.88, 'r': 0.4, 'type': 1}, {'idp': 30, 'x': 4.613, 'y': -2.127, 'r': 0.4, 'type': 1}, {'idp': 31, 'x': 0.237, 'y': -0.795, 'r': 0.4, 'type': 1}, {'idp': 32, 'x': 4.588, 'y': 2.704, 'r': 0.4, 'type': 1}, {'idp': 33, 'x': 3.576, 'y': 3.514, 'r': 0.4, 'type': 1}, {'idp': 34, 'x': 3.947, 'y': -2.442, 'r': 0.4, 'type': 1}]
32287,1398694003.682473,[{'idp': 25, 'x': 2.892, 'y': -0.077, 'r': 0.4, 'type': 1}, {'idp': 26, 'x': 3.529, 'y': 0.638, 'r': 0.4, 'type': 1}, {'idp': 27, 'x': 4.614, 'y': 1.15, 'r': 0.4, 'type': 1}, {'idp': 29, 'x': 3.503, 'y': -0.88, 'r': 0.4, 'type': 1}, {'idp': 30, 'x': 4.595, 'y': -2.144, 'r': 0.4, 'type': 1}, {'idp': 31, 'x': 0.2, 'y': -0.757, 'r': 0.4, 'type': 1}, {'idp': 32, 'x': 4.594, 'y': 2.694, 'r': 0.4, 'type': 1}, {'idp': 33, 'x': 3.568, 'y': 3.506, 'r': 0.4, 'type': 1}, {'idp': 34, 'x': 3.915, 'y': -2.457, 'r': 0.4, 'type': 1}]
32288,1398694003.7217302,[{'idp': 25, 'x': 2.902, 'y': -0.089, 'r': 0.4, 'type': 1}, {'idp': 26, 'x': 3.601, 'y': 0.628, 'r': 0.4, 'type': 1}, {'idp': 27, 'x': 4.608, 'y': 1.159, 'r': 0.4, 'type': 1}, {'idp': 29, 'x': 3.514, 'y': -0.891, 'r': 0.4, 'type': 1}, {'idp': 30, 'x': 4.573, 'y': -2.158, 'r': 0.4, 'type': 1}, {'idp': 31, 'x': 0.172, 'y': -0.721, 'r': 0.4, 'type': 1}, {'idp': 32, 'x': 4.615, 'y': 2.666, 'r': 0.4, 'type': 1}, {'idp': 33, 'x': 3.574, 'y': 3.481, 'r': 0.4, 'type': 1}, {'idp': 34, 'x': 3.896, 'y': -2.481, 'r': 0.4, 'type': 1}]
32289,1398694003.7617486,[{'idp': 25, 'x': 2.921, 'y': -0.096, 'r': 0.4, 'type': 1}, {'idp': 26, 'x': 3.741, 'y': 0.679, 'r': 0.4, 'type': 1}, {'idp': 27, 'x': 4.633, 'y': 1.145, 'r': 0.4, 'type': 1}, {'idp': 29, 'x': 3.534, 'y': -0.896, 'r': 0.4, 'type': 1}, {'idp': 30, 'x': 4.557, 'y': -2.174, 'r': 0.4, 'type': 1}, {'idp': 31, 'x': 0.15, 'y': -0.689, 'r': 0.4, 'type': 1}, {'idp': 32, 'x': 4.629, 'y': 2.66, 'r': 0.4, 'type': 1}, {'idp': 33, 'x': 3.555, 'y': 3.463, 'r': 0.4, 'type': 1}, {'idp': 34, 'x': 3.879, 'y': -2.47, 'r': 0.4, 'type': 1}]
32290,1398694003.761784,[{'idp': 25, 'x': 2.953, 'y': -0.098, 'r': 0.4, 'type': 1}, {'idp': 26, 'x': 3.78, 'y': 0.695, 'r': 0.4, 'type': 1}, {'idp': 27, 'x': 4.664, 'y': 1.142, 'r': 0.4, 'type': 1}, {'idp': 29, 'x': 3.536, 'y': -0.898, 'r': 0.4, 'type': 1}, {'idp': 30, 'x': 4.545, 'y': -2.181, 'r': 0.4, 'type': 1}, {'idp': 31, 'x': 0.129, 'y': -0.658, 'r': 0.4, 'type': 1}, {'idp': 32, 'x': 4.635, 'y': 2.664, 'r': 0.4, 'type': 1}, {'idp': 33, 'x': 3.54, 'y': 3.463, 'r': 0.4, 'type': 1}, {'idp': 34, 'x': 3.864, 'y': -2.472, 'r': 0.4, 'type': 1}]
32291,1398694003.801709,[{'idp': 25, 'x': 2.972, 'y': -0.092, 'r': 0.4, 'type': 1}, {'idp': 26, 'x': 3.814, 'y': 0.701, 'r': 0.4, 'type': 1}, {'idp': 27, 'x': 4.661, 'y': 1.14, 'r': 0.4, 'type': 1}, {'idp': 29, 'x': 3.546, 'y': -0.884, 'r': 0.4, 'type': 1}, {'idp': 30, 'x': 4.547, 'y': -2.17, 'r': 0.4, 'type': 1}, {'idp': 31, 'x': 0.102, 'y': -0.618, 'r': 0.4, 'type': 1}, {'idp': 32, 'x': 4.603, 'y': 2.659, 'r': 0.4, 'type': 1}, {'idp': 33, 'x': 3.577, 'y': 3.515, 'r': 0.4, 'type': 1}, {'idp': 34, 'x': 3.856, 'y': -2.468, 'r': 0.4, 'type': 1}]
32292,1398694003.8080068,[{'idp': 25, 'x': 2.999, 'y': -0.074, 'r': 0.4, 'type': 1}, {'idp': 26, 'x': 3.832, 'y': 0.721, 'r': 0.4, 'type': 1}, {'idp': 27, 'x': 4.694, 'y': 1.17, 'r': 0.4, 'type': 1}, {'idp': 29, 'x': 3.564, 'y': -0.872, 'r': 0.4, 'type': 1}, {'idp': 30, 'x': 4.538, 'y': -2.141, 'r': 0.4, 'type': 1}, {'idp': 31, 'x': 0.076, 'y': -0.606, 'r': 0.4, 'type': 1}, {'idp': 32, 'x': 4.603, 'y': 2.686, 'r': 0.4, 'type': 1}, {'idp': 33, 'x': 3.578, 'y': 3.545, 'r': 0.4, 'type': 1}, {'idp': 34, 'x': 3.855, 'y': -2.455, 'r': 0.4, 'type': 1}]
32293,1398694003.845658,[{'idp': 25, 'x': 3.035, 'y': -0.049, 'r': 0.4, 'type': 1}, {'idp': 26, 'x': 3.852, 'y': 0.741, 'r': 0.4, 'type': 1}, {'idp': 27, 'x': 4.669, 'y': 1.219, 'r': 0.4, 'type': 1}, {'idp': 29, 'x': 3.577, 'y': -0.843, 'r': 0.4, 'type': 1}, {'idp': 30, 'x': 4.533, 'y': -2.115, 'r': 0.4, 'type': 1}, {'idp': 31, 'x': 0.049, 'y': -0.616, 'r': 0.4, 'type': 1}, {'idp': 32, 'x': 4.564, 'y': 2.689, 'r': 0.4, 'type': 1}, {'idp': 33, 'x': 3.535, 'y': 3.581, 'r': 0.4, 'type': 1}, {'idp': 34, 'x': 3.854, 'y': -2.431, 'r': 0.4, 'type': 1}]
32294,1398694003.8856466,[{'idp': 25, 'x': 3.048, 'y': -0.036, 'r': 0.4, 'type': 1}, {'idp': 26, 'x': 3.857, 'y': 0.748, 'r': 0.4, 'type': 1}, {'idp': 27, 'x': 4.742, 'y': 1.244, 'r': 0.4, 'type': 1}, {'idp': 29, 'x': 3.598, 'y': -0.824, 'r': 0.4, 'type': 1}, {'idp': 30, 'x': 4.54, 'y': -2.094, 'r': 0.4, 'type': 1}, {'idp': 31, 'x': 0.02, 'y': -0.668, 'r': 0.4, 'type': 1}, {'idp': 32, 'x': 4.527, 'y': 2.707, 'r': 0.4, 'type': 1}, {'idp': 33, 'x': 3.51, 'y': 3.586, 'r': 0.4, 'type': 1}, {'idp': 34, 'x': 3.863, 'y': -2.414, 'r': 0.4, 'type': 1}]
32295,1398694003.8856761,[{'idp': 25, 'x': 3.057, 'y': -0.03, 'r': 0.4, 'type': 1}, {'idp': 26, 'x': 3.892, 'y': 0.765, 'r': 0.4, 'type': 1}, {'idp': 27, 'x': 4.826, 'y': 1.175, 'r': 0.4, 'type': 1}, {'idp': 29, 'x': 3.599, 'y': -0.825, 'r': 0.4, 'type': 1}, {'idp': 30, 'x': 4.522, 'y': -2.086, 'r': 0.4, 'type': 1}, {'idp': 31, 'x': 0.033, 'y': -1.063, 'r': 0.4, 'type': 1}, {'idp': 32, 'x': 4.482, 'y': 2.68, 'r': 0.4, 'type': 1}, {'idp': 33, 'x': 3.493, 'y': 3.599, 'r': 0.4, 'type': 1}, {'idp': 34, 'x': 3.847, 'y': -2.403, 'r': 0.4, 'type': 1}]
32296,1398694003.9256885,[{'idp': 25, 'x': 3.069, 'y': -0.044, 'r': 0.4, 'type': 1}, {'idp': 26, 'x': 3.906, 'y': 0.729, 'r': 0.4, 'type': 1}, {'idp': 27, 'x': 4.845, 'y': 1.156, 'r': 0.4, 'type': 1}, {'idp': 29, 'x': 3.594, 'y': -0.824, 'r': 0.4, 'type': 1}, {'idp': 30, 'x': 4.503, 'y': -2.1, 'r': 0.4, 'type': 1}, {'idp': 31, 'x': 0.202, 'y': -1.08, 'r': 0.4, 'type': 1}, {'idp': 32, 'x': 4.5, 'y': 2.677, 'r': 0.4, 'type': 1}, {'idp': 33, 'x': 3.463, 'y': 3.569, 'r': 0.4, 'type': 1}, {'idp': 34, 'x': 3.829, 'y': -2.415, 'r': 0.4, 'type': 1}]
32297,1398694003.9321556,[{'idp': 25, 'x': 3.084, 'y': -0.059, 'r': 0.4, 'type': 1}, {'idp': 26, 'x': 3.954, 'y': 0.731, 'r': 0.4, 'type': 1}, {'idp': 27, 'x': 4.867, 'y': 1.14, 'r': 0.4, 'type': 1}, {'idp': 29, 'x': 3.592, 'y': -0.856, 'r': 0.4, 'type': 1}, {'idp': 30, 'x': 4.485, 'y': -2.116, 'r': 0.4, 'type': 1}, {'idp': 31, 'x': 0.223, 'y': -1.099, 'r': 0.4, 'type': 1}, {'idp': 32, 'x': 4.489, 'y': 2.658, 'r': 0.4, 'type': 1}, {'idp': 33, 'x': 3.466, 'y': 3.557, 'r': 0.4, 'type': 1}, {'idp': 34, 'x': 3.802, 'y': -2.445, 'r': 0.4, 'type': 1}]
32298,1398694003.9696984,[{'idp': 25, 'x': 3.097, 'y': -0.066, 'r': 0.4, 'type': 1}, {'idp': 26, 'x': 3.951, 'y': 0.696, 'r': 0.4, 'type': 1}, {'idp': 27, 'x': 4.896, 'y': 1.109, 'r': 0.4, 'type': 1}, {'idp': 29, 'x': 3.604, 'y': -0.859, 'r': 0.4, 'type': 1}, {'idp': 30, 'x': 4.475, 'y': -2.147, 'r': 0.4, 'type': 1}, {'idp': 31, 'x': 0.215, 'y': -1.098, 'r': 0.4, 'type': 1}, {'idp': 32, 'x': 4.507, 'y': 2.641, 'r': 0.4, 'type': 1}, {'idp': 33, 'x': 3.457, 'y': 3.547, 'r': 0.4, 'type': 1}, {'idp': 34, 'x': 3.773, 'y': -2.45, 'r': 0.4, 'type': 1}]
32299,1398694004.009713,[{'idp': 25, 'x': 3.117, 'y': -0.068, 'r': 0.4, 'type': 1}, {'idp': 26, 'x': 3.972, 'y': 0.688, 'r': 0.4, 'type': 1}, {'idp': 27, 'x': 4.925, 'y': 1.151, 'r': 0.4, 'type': 1}, {'idp': 29, 'x': 3.594, 'y': -0.849, 'r': 0.4, 'type': 1}, {'idp': 30, 'x': 4.456, 'y': -2.138, 'r': 0.4, 'type': 1}, {'idp': 32, 'x': 4.494, 'y': 2.661, 'r': 0.4, 'type': 1}, {'idp': 33, 'x': 3.467, 'y': 3.558, 'r': 0.4, 'type': 1}, {'idp': 34, 'x': 3.77, 'y': -2.424, 'r': 0.4, 'type': 1}]
32300,1398694004.0097427,[{'idp': 25, 'x': 3.137, 'y': -0.055, 'r': 0.4, 'type': 1}, {'idp': 26, 'x': 3.996, 'y': 0.7, 'r': 0.4, 'type': 1}, {'idp': 27, 'x': 4.938, 'y': 1.128, 'r': 0.4, 'type': 1}, {'idp': 29, 'x': 3.581, 'y': -0.846, 'r': 0.4, 'type': 1}, {'idp': 30, 'x': 4.457, 'y': -2.127, 'r': 0.4, 'type': 1}, {'idp': 32, 'x': 4.475, 'y': 2.676, 'r': 0.4, 'type': 1}, {'idp': 33, 'x': 3.419, 'y': 3.554, 'r': 0.4, 'type': 1}, {'idp': 34, 'x': 3.794, 'y': -2.44, 'r': 0.4, 'type': 1}]
32301,1398694004.0497227,[{'idp': 25, 'x': 3.162, 'y': -0.036, 'r': 0.4, 'type': 1}, {'idp': 26, 'x': 4.016, 'y': 0.729, 'r': 0.4, 'type': 1}, {'idp': 27, 'x': 4.983, 'y': 1.18, 'r': 0.4, 'type': 1}, {'idp': 29, 'x': 3.589, 'y': -0.815, 'r': 0.4, 'type': 1}, {'idp': 30, 'x': 4.458, 'y': -2.092, 'r': 0.4, 'type': 1}, {'idp': 32, 'x': 4.466, 'y': 2.697, 'r': 0.4, 'type': 1}, {'idp': 33, 'x': 3.381, 'y': 3.576, 'r': 0.4, 'type': 1}, {'idp': 34, 'x': 3.778, 'y': -2.419, 'r': 0.4, 'type': 1}]
32302,1398694004.057628,[{'idp': 25, 'x': 3.183, 'y': -0.023, 'r': 0.4, 'type': 1}, {'idp': 26, 'x': 4.04, 'y': 0.762, 'r': 0.4, 'type': 1}, {'idp': 27, 'x': 4.975, 'y': 1.211, 'r': 0.4, 'type': 1}, {'idp': 29, 'x': 3.611, 'y': -0.787, 'r': 0.4, 'type': 1}, {'idp': 30, 'x': 4.463, 'y': -2.058, 'r': 0.4, 'type': 1}, {'idp': 32, 'x': 4.471, 'y': 2.74, 'r': 0.4, 'type': 1}, {'idp': 33, 'x': 3.336, 'y': 3.591, 'r': 0.4, 'type': 1}, {'idp': 34, 'x': 3.788, 'y': -2.367, 'r': 0.4, 'type': 1}]
32303,1398694004.0937276,[{'idp': 25, 'x': 3.214, 'y': -0.01, 'r': 0.4, 'type': 1}, {'idp': 26, 'x': 4.036, 'y': 0.757, 'r': 0.4, 'type': 1}, {'idp': 27, 'x': 5.034, 'y': 1.233, 'r': 0.4, 'type': 1}, {'idp': 29, 'x': 3.611, 'y': -0.779, 'r': 0.4, 'type': 1}, {'idp': 30, 'x': 4.449, 'y': -2.052, 'r': 0.4, 'type': 1}, {'idp': 32, 'x': 4.539, 'y': 2.796, 'r': 0.4, 'type': 1}, {'idp': 33, 'x': 3.32, 'y': 3.606, 'r': 0.4, 'type': 1}, {'idp': 34, 'x': 3.783, 'y': -2.34, 'r': 0.4, 'type': 1}]
32304,1398694004.133726,[{'idp': 25, 'x': 3.221, 'y': -0.01, 'r': 0.4, 'type': 1}, {'idp': 26, 'x': 4.064, 'y': 0.771, 'r': 0.4, 'type': 1}, {'idp': 27, 'x': 5.026, 'y': 1.175, 'r': 0.4, 'type': 1}, {'idp': 29, 'x': 3.601, 'y': -0.768, 'r': 0.4, 'type': 1}, {'idp': 30, 'x': 4.432, 'y': -2.056, 'r': 0.4, 'type': 1}, {'idp': 32, 'x': 4.598, 'y': 2.805, 'r': 0.4, 'type': 1}, {'idp': 33, 'x': 3.327, 'y': 3.597, 'r': 0.4, 'type': 1}, {'idp': 34, 'x': 3.755, 'y': -2.38, 'r': 0.4, 'type': 1}]
32305,1398694004.133751,[{'idp': 25, 'x': 3.245, 'y': -0.018, 'r': 0.4, 'type': 1}, {'idp': 26, 'x': 4.091, 'y': 0.733, 'r': 0.4, 'type': 1}, {'idp': 27, 'x': 5.088, 'y': 1.188, 'r': 0.4, 'type': 1}, {'idp': 29, 'x': 3.617, 'y': -0.763, 'r': 0.4, 'type': 1}, {'idp': 30, 'x': 4.422, 'y': -2.052, 'r': 0.4, 'type': 1}, {'idp': 32, 'x': 4.63, 'y': 2.825, 'r': 0.4, 'type': 1}, {'idp': 33, 'x': 3.306, 'y': 3.589, 'r': 0.4, 'type': 1}, {'idp': 34, 'x': 3.743, 'y': -2.395, 'r': 0.4, 'type': 1}]
32306,1398694004.173679,[{'idp': 25, 'x': 3.257, 'y': -0.033, 'r': 0.4, 'type': 1}, {'idp': 26, 'x': 4.101, 'y': 0.717, 'r': 0.4, 'type': 1}, {'idp': 27, 'x': 5.069, 'y': 1.187, 'r': 0.4, 'type': 1}, {'idp': 29, 'x': 3.629, 'y': -0.773, 'r': 0.4, 'type': 1}, {'idp': 30, 'x': 4.4, 'y': -2.064, 'r': 0.4, 'type': 1}, {'idp': 32, 'x': 4.66, 'y': 2.802, 'r': 0.4, 'type': 1}, {'idp': 33, 'x': 3.316, 'y': 3.569, 'r': 0.4, 'type': 1}, {'idp': 34, 'x': 3.732, 'y': -2.4, 'r': 0.4, 'type': 1}]
32307,1398694004.1817615,[{'idp': 25, 'x': 3.259, 'y': -0.039, 'r': 0.4, 'type': 1}, {'idp': 26, 'x': 4.135, 'y': 0.718, 'r': 0.4, 'type': 1}, {'idp': 27, 'x': 5.162, 'y': 1.136, 'r': 0.4, 'type': 1}, {'idp': 29, 'x': 3.63, 'y': -0.79, 'r': 0.4, 'type': 1}, {'idp': 30, 'x': 4.38, 'y': -2.078, 'r': 0.4, 'type': 1}, {'idp': 32, 'x': 4.69, 'y': 2.792, 'r': 0.4, 'type': 1}, {'idp': 33, 'x': 3.308, 'y': 3.544, 'r': 0.4, 'type': 1}, {'idp': 34, 'x': 3.703, 'y': -2.427, 'r': 0.4, 'type': 1}]
32308,1398694004.2239366,[{'idp': 25, 'x': 3.276, 'y': -0.054, 'r': 0.4, 'type': 1}, {'idp': 26, 'x': 4.106, 'y': 0.717, 'r': 0.4, 'type': 1}, {'idp': 27, 'x': 5.094, 'y': 1.092, 'r': 0.4, 'type': 1}, {'idp': 29, 'x': 3.663, 'y': -0.814, 'r': 0.4, 'type': 1}, {'idp': 30, 'x': 4.364, 'y': -2.094, 'r': 0.4, 'type': 1}, {'idp': 32, 'x': 4.72, 'y': 2.796, 'r': 0.4, 'type': 1}, {'idp': 33, 'x': 3.329, 'y': 3.552, 'r': 0.4, 'type': 1}, {'idp': 34, 'x': 3.693, 'y': -2.432, 'r': 0.4, 'type': 1}]
32309,1398694004.2617147,[{'idp': 25, 'x': 3.278, 'y': -0.047, 'r': 0.4, 'type': 1}, {'idp': 26, 'x': 4.141, 'y': 0.691, 'r': 0.4, 'type': 1}, {'idp': 27, 'x': 5.107, 'y': 1.085, 'r': 0.4, 'type': 1}, {'idp': 29, 'x': 3.67, 'y': -0.816, 'r': 0.4, 'type': 1}, {'idp': 30, 'x': 4.368, 'y': -2.096, 'r': 0.4, 'type': 1}, {'idp': 32, 'x': 4.71, 'y': 2.79, 'r': 0.4, 'type': 1}, {'idp': 33, 'x': 3.285, 'y': 3.541, 'r': 0.4, 'type': 1}, {'idp': 34, 'x': 3.686, 'y': -2.427, 'r': 0.4, 'type': 1}]
32310,1398694004.2617457,[{'idp': 25, 'x': 3.292, 'y': -0.041, 'r': 0.4, 'type': 1}, {'idp': 26, 'x': 4.123, 'y': 0.723, 'r': 0.4, 'type': 1}, {'idp': 27, 'x': 5.107, 'y': 1.085, 'r': 0.4, 'type': 1}, {'idp': 29, 'x': 3.711, 'y': -0.816, 'r': 0.4, 'type': 1}, {'idp': 30, 'x': 4.346, 'y': -2.085, 'r': 0.4, 'type': 1}, {'idp': 32, 'x': 4.72, 'y': 2.795, 'r': 0.4, 'type': 1}, {'idp': 33, 'x': 3.264, 'y': 3.519, 'r': 0.4, 'type': 1}, {'idp': 34, 'x': 3.683, 'y': -2.425, 'r': 0.4, 'type': 1}]
32311,1398694004.3017993,[{'idp': 25, 'x': 3.305, 'y': -0.041, 'r': 0.4, 'type': 1}, {'idp': 26, 'x': 4.171, 'y': 0.693, 'r': 0.4, 'type': 1}, {'idp': 27, 'x': 5.205, 'y': 1.008, 'r': 0.4, 'type': 1}, {'idp': 29, 'x': 3.726, 'y': -0.812, 'r': 0.4, 'type': 1}, {'idp': 30, 'x': 4.349, 'y': -2.087, 'r': 0.4, 'type': 1}, {'idp': 32, 'x': 4.752, 'y': 2.814, 'r': 0.4, 'type': 1}, {'idp': 33, 'x': 3.259, 'y': 3.531, 'r': 0.4, 'type': 1}, {'idp': 34, 'x': 3.654, 'y': -2.418, 'r': 0.4, 'type': 1}]
32312,1398694004.3061435,[{'idp': 25, 'x': 3.303, 'y': -0.034, 'r': 0.4, 'type': 1}, {'idp': 26, 'x': 4.163, 'y': 0.695, 'r': 0.4, 'type': 1}, {'idp': 27, 'x': 5.24, 'y': 1.06, 'r': 0.4, 'type': 1}, {'idp': 29, 'x': 3.768, 'y': -0.829, 'r': 0.4, 'type': 1}, {'idp': 30, 'x': 4.329, 'y': -2.078, 'r': 0.4, 'type': 1}, {'idp': 32, 'x': 4.768, 'y': 2.809, 'r': 0.4, 'type': 1}, {'idp': 33, 'x': 3.233, 'y': 3.503, 'r': 0.4, 'type': 1}, {'idp': 34, 'x': 3.655, 'y': -2.418, 'r': 0.4, 'type': 1}]
32313,1398694004.3456907,[{'idp': 25, 'x': 3.312, 'y': -0.041, 'r': 0.4, 'type': 1}, {'idp': 26, 'x': 4.206, 'y': 0.67, 'r': 0.4, 'type': 1}, {'idp': 27, 'x': 5.216, 'y': 1.068, 'r': 0.4, 'type': 1}, {'idp': 29, 'x': 3.774, 'y': -0.83, 'r': 0.4, 'type': 1}, {'idp': 30, 'x': 4.314, 'y': -2.094, 'r': 0.4, 'type': 1}, {'idp': 32, 'x': 4.769, 'y': 2.796, 'r': 0.4, 'type': 1}, {'idp': 33, 'x': 3.252, 'y': 3.504, 'r': 0.4, 'type': 1}, {'idp': 34, 'x': 3.625, 'y': -2.421, 'r': 0.4, 'type': 1}]
32314,1398694004.3857431,[{'idp': 25, 'x': 3.322, 'y': -0.041, 'r': 0.4, 'type': 1}, {'idp': 26, 'x': 4.248, 'y': 0.678, 'r': 0.4, 'type': 1}, {'idp': 27, 'x': 5.211, 'y': 1.099, 'r': 0.4, 'type': 1}, {'idp': 29, 'x': 3.787, 'y': -0.824, 'r': 0.4, 'type': 1}, {'idp': 30, 'x': 4.316, 'y': -2.094, 'r': 0.4, 'type': 1}, {'idp': 32, 'x': 4.799, 'y': 2.799, 'r': 0.4, 'type': 1}, {'idp': 33, 'x': 3.242, 'y': 3.505, 'r': 0.4, 'type': 1}, {'idp': 34, 'x': 3.621, 'y': -2.43, 'r': 0.4, 'type': 1}]
32315,1398694004.385774,[{'idp': 25, 'x': 3.327, 'y': -0.034, 'r': 0.4, 'type': 1}, {'idp': 26, 'x': 4.258, 'y': 0.668, 'r': 0.4, 'type': 1}, {'idp': 27, 'x': 5.11, 'y': 1.145, 'r': 0.4, 'type': 1}, {'idp': 29, 'x': 3.788, 'y': -0.816, 'r': 0.4, 'type': 1}, {'idp': 30, 'x': 4.289, 'y': -2.092, 'r': 0.4, 'type': 1}, {'idp': 32, 'x': 4.795, 'y': 2.818, 'r': 0.4, 'type': 1}, {'idp': 33, 'x': 3.217, 'y': 3.493, 'r': 0.4, 'type': 1}, {'idp': 34, 'x': 3.61, 'y': -2.422, 'r': 0.4, 'type': 1}]
32316,1398694004.4256885,[{'idp': 25, 'x': 3.353, 'y': -0.034, 'r': 0.4, 'type': 1}, {'idp': 26, 'x': 4.268, 'y': 0.677, 'r': 0.4, 'type': 1}, {'idp': 27, 'x': 5.093, 'y': 1.129, 'r': 0.4, 'type': 1}, {'idp': 29, 'x': 3.802, 'y': -0.818, 'r': 0.4, 'type': 1}, {'idp': 30, 'x': 4.289, 'y': -2.093, 'r': 0.4, 'type': 1}, {'idp': 32, 'x': 4.808, 'y': 2.807, 'r': 0.4, 'type': 1}, {'idp': 33, 'x': 3.212, 'y': 3.503, 'r': 0.4, 'type': 1}, {'idp': 34, 'x': 3.601, 'y': -2.428, 'r': 0.4, 'type': 1}]
32317,1398694004.432013,[{'idp': 25, 'x': 3.369, 'y': -0.034, 'r': 0.4, 'type': 1}, {'idp': 26, 'x': 4.271, 'y': 0.655, 'r': 0.4, 'type': 1}, {'idp': 27, 'x': 5.165, 'y': 1.134, 'r': 0.4, 'type': 1}, {'idp': 29, 'x': 3.822, 'y': -0.831, 'r': 0.4, 'type': 1}, {'idp': 30, 'x': 4.274, 'y': -2.097, 'r': 0.4, 'type': 1}, {'idp': 32, 'x': 4.816, 'y': 2.794, 'r': 0.4, 'type': 1}, {'idp': 33, 'x': 3.198, 'y': 3.488, 'r': 0.4, 'type': 1}, {'idp': 34, 'x': 3.584, 'y': -2.416, 'r': 0.4, 'type': 1}]
32318,1398694004.4696646,[{'idp': 25, 'x': 3.377, 'y': -0.034, 'r': 0.4, 'type': 1}, {'idp': 26, 'x': 4.293, 'y': 0.634, 'r': 0.4, 'type': 1}, {'idp': 27, 'x': 5.195, 'y': 1.118, 'r': 0.4, 'type': 1}, {'idp': 29, 'x': 3.831, 'y': -0.833, 'r': 0.4, 'type': 1}, {'idp': 30, 'x': 4.279, 'y': -2.1, 'r': 0.4, 'type': 1}, {'idp': 32, 'x': 4.816, 'y': 2.8, 'r': 0.4, 'type': 1}, {'idp': 33, 'x': 3.183, 'y': 3.472, 'r': 0.4, 'type': 1}, {'idp': 34, 'x': 3.567, 'y': -2.417, 'r': 0.4, 'type': 1}]
32319,1398694004.5096993,[{'idp': 25, 'x': 3.379, 'y': -0.033, 'r': 0.4, 'type': 1}, {'idp': 26, 'x': 4.321, 'y': 0.631, 'r': 0.4, 'type': 1}, {'idp': 27, 'x': 5.249, 'y': 1.118, 'r': 0.4, 'type': 1}, {'idp': 29, 'x': 3.832, 'y': -0.824, 'r': 0.4, 'type': 1}, {'idp': 30, 'x': 4.244, 'y': -2.094, 'r': 0.4, 'type': 1}, {'idp': 32, 'x': 4.843, 'y': 2.793, 'r': 0.4, 'type': 1}, {'idp': 33, 'x': 3.171, 'y': 3.471, 'r': 0.4, 'type': 1}, {'idp': 34, 'x': 3.562, 'y': -2.424, 'r': 0.4, 'type': 1}]
32320,1398694004.5097291,[{'idp': 25, 'x': 3.422, 'y': -0.04, 'r': 0.4, 'type': 1}, {'idp': 26, 'x': 4.359, 'y': 0.633, 'r': 0.4, 'type': 1}, {'idp': 27, 'x': 5.282, 'y': 1.112, 'r': 0.4, 'type': 1}, {'idp': 29, 'x': 3.845, 'y': -0.826, 'r': 0.4, 'type': 1}, {'idp': 30, 'x': 4.233, 'y': -2.1, 'r': 0.4, 'type': 1}, {'idp': 32, 'x': 4.854, 'y': 2.785, 'r': 0.4, 'type': 1}, {'idp': 33, 'x': 3.148, 'y': 3.465, 'r': 0.4, 'type': 1}, {'idp': 34, 'x': 3.543, 'y': -2.423, 'r': 0.4, 'type': 1}]
32321,1398694004.5497036,[{'idp': 25, 'x': 3.432, 'y': -0.04, 'r': 0.4, 'type': 1}, {'idp': 26, 'x': 4.386, 'y': 0.627, 'r': 0.4, 'type': 1}, {'idp': 27, 'x': 5.349, 'y': 1.127, 'r': 0.4, 'type': 1}, {'idp': 29, 'x': 3.858, 'y': -0.82, 'r': 0.4, 'type': 1}, {'idp': 30, 'x': 4.23, 'y': -2.098, 'r': 0.4, 'type': 1}, {'idp': 32, 'x': 4.851, 'y': 2.783, 'r': 0.4, 'type': 1}, {'idp': 33, 'x': 3.141, 'y': 3.473, 'r': 0.4, 'type': 1}, {'idp': 34, 'x': 3.538, 'y': -2.419, 'r': 0.4, 'type': 1}]
32322,1398694004.5561438,[{'idp': 25, 'x': 3.445, 'y': -0.055, 'r': 0.4, 'type': 1}, {'idp': 26, 'x': 4.391, 'y': 0.598, 'r': 0.4, 'type': 1}, {'idp': 27, 'x': 5.355, 'y': 1.079, 'r': 0.4, 'type': 1}, {'idp': 29, 'x': 3.88, 'y': -0.833, 'r': 0.4, 'type': 1}, {'idp': 30, 'x': 4.202, 'y': -2.108, 'r': 0.4, 'type': 1}, {'idp': 32, 'x': 4.9, 'y': 2.769, 'r': 0.4, 'type': 1}, {'idp': 33, 'x': 3.135, 'y': 3.433, 'r': 0.4, 'type': 1}, {'idp': 34, 'x': 3.516, 'y': -2.426, 'r': 0.4, 'type': 1}]
32323,1398694004.593739,[{'idp': 25, 'x': 3.459, 'y': -0.085, 'r': 0.4, 'type': 1}, {'idp': 26, 'x': 4.415, 'y': 0.573, 'r': 0.4, 'type': 1}, {'idp': 27, 'x': 5.373, 'y': 1.034, 'r': 0.4, 'type': 1}, {'idp': 29, 'x': 3.86, 'y': -0.854, 'r': 0.4, 'type': 1}, {'idp': 30, 'x': 4.182, 'y': -2.143, 'r': 0.4, 'type': 1}, {'idp': 32, 'x': 4.898, 'y': 2.746, 'r': 0.4, 'type': 1}, {'idp': 33, 'x': 3.154, 'y': 3.423, 'r': 0.4, 'type': 1}, {'idp': 34, 'x': 3.489, 'y': -2.442, 'r': 0.4, 'type': 1}]
32324,1398694004.6337242,[{'idp': 25, 'x': 3.463, 'y': -0.092, 'r': 0.4, 'type': 1}, {'idp': 26, 'x': 4.442, 'y': 0.567, 'r': 0.4, 'type': 1}, {'idp': 27, 'x': 5.378, 'y': 1.022, 'r': 0.4, 'type': 1}, {'idp': 29, 'x': 3.882, 'y': -0.857, 'r': 0.4, 'type': 1}, {'idp': 30, 'x': 4.171, 'y': -2.16, 'r': 0.4, 'type': 1}, {'idp': 32, 'x': 4.907, 'y': 2.737, 'r': 0.4, 'type': 1}, {'idp': 33, 'x': 3.158, 'y': 3.431, 'r': 0.4, 'type': 1}, {'idp': 34, 'x': 3.494, 'y': -2.446, 'r': 0.4, 'type': 1}]
32325,1398694004.6337566,[{'idp': 25, 'x': 3.48, 'y': -0.077, 'r': 0.4, 'type': 1}, {'idp': 26, 'x': 4.44, 'y': 0.557, 'r': 0.4, 'type': 1}, {'idp': 27, 'x': 5.357, 'y': 1.03, 'r': 0.4, 'type': 1}, {'idp': 29, 'x': 3.893, 'y': -0.841, 'r': 0.4, 'type': 1}, {'idp': 30, 'x': 4.17, 'y': -2.148, 'r': 0.4, 'type': 1}, {'idp': 32, 'x': 4.91, 'y': 2.752, 'r': 0.4, 'type': 1}, {'idp': 33, 'x': 3.128, 'y': 3.442, 'r': 0.4, 'type': 1}, {'idp': 34, 'x': 3.515, 'y': -2.496, 'r': 0.4, 'type': 1}]
32326,1398694004.6736894,[{'idp': 25, 'x': 3.494, 'y': -0.069, 'r': 0.4, 'type': 1}, {'idp': 26, 'x': 4.429, 'y': 0.545, 'r': 0.4, 'type': 1}, {'idp': 27, 'x': 5.365, 'y': 1.032, 'r': 0.4, 'type': 1}, {'idp': 29, 'x': 3.905, 'y': -0.845, 'r': 0.4, 'type': 1}, {'idp': 30, 'x': 4.159, 'y': -2.143, 'r': 0.4, 'type': 1}, {'idp': 32, 'x': 4.893, 'y': 2.759, 'r': 0.4, 'type': 1}, {'idp': 33, 'x': 3.127, 'y': 3.439, 'r': 0.4, 'type': 1}, {'idp': 34, 'x': 3.561, 'y': -2.563, 'r': 0.4, 'type': 1}]
32327,1398694004.6810093,[{'idp': 25, 'x': 3.521, 'y': -0.069, 'r': 0.4, 'type': 1}, {'idp': 26, 'x': 4.405, 'y': 0.542, 'r': 0.4, 'type': 1}, {'idp': 27, 'x': 5.415, 'y': 1.029, 'r': 0.4, 'type': 1}, {'idp': 29, 'x': 3.906, 'y': -0.834, 'r': 0.4, 'type': 1}, {'idp': 30, 'x': 4.152, 'y': -2.139, 'r': 0.4, 'type': 1}, {'idp': 32, 'x': 4.896, 'y': 2.759, 'r': 0.4, 'type': 1}, {'idp': 33, 'x': 3.117, 'y': 3.461, 'r': 0.4, 'type': 1}, {'idp': 34, 'x': 3.554, 'y': -2.569, 'r': 0.4, 'type': 1}]
32328,1398694004.7217097,[{'idp': 25, 'x': 3.542, 'y': -0.06, 'r': 0.4, 'type': 1}, {'idp': 26, 'x': 4.335, 'y': 0.532, 'r': 0.4, 'type': 1}, {'idp': 27, 'x': 5.447, 'y': 1.047, 'r': 0.4, 'type': 1}, {'idp': 29, 'x': 3.919, 'y': -0.837, 'r': 0.4, 'type': 1}, {'idp': 30, 'x': 4.148, 'y': -2.114, 'r': 0.4, 'type': 1}, {'idp': 32, 'x': 4.912, 'y': 2.77, 'r': 0.4, 'type': 1}, {'idp': 33, 'x': 3.102, 'y': 3.474, 'r': 0.4, 'type': 1}, {'idp': 34, 'x': 3.556, 'y': -2.571, 'r': 0.4, 'type': 1}]
32329,1398694004.7616723,[{'idp': 25, 'x': 3.588, 'y': -0.045, 'r': 0.4, 'type': 1}, {'idp': 26, 'x': 4.289, 'y': 0.536, 'r': 0.4, 'type': 1}, {'idp': 27, 'x': 5.476, 'y': 1.064, 'r': 0.4, 'type': 1}, {'idp': 29, 'x': 3.912, 'y': -0.82, 'r': 0.4, 'type': 1}, {'idp': 30, 'x': 4.142, 'y': -2.111, 'r': 0.4, 'type': 1}, {'idp': 32, 'x': 4.873, 'y': 2.789, 'r': 0.4, 'type': 1}, {'idp': 33, 'x': 3.084, 'y': 3.485, 'r': 0.4, 'type': 1}, {'idp': 34, 'x': 3.547, 'y': -2.552, 'r': 0.4, 'type': 1}]
32330,1398694004.7617052,[{'idp': 25, 'x': 3.587, 'y': -0.044, 'r': 0.4, 'type': 1}, {'idp': 26, 'x': 4.284, 'y': 0.545, 'r': 0.4, 'type': 1}, {'idp': 27, 'x': 5.503, 'y': 1.056, 'r': 0.4, 'type': 1}, {'idp': 29, 'x': 3.935, 'y': -0.822, 'r': 0.4, 'type': 1}, {'idp': 30, 'x': 4.134, 'y': -2.107, 'r': 0.4, 'type': 1}, {'idp': 32, 'x': 4.886, 'y': 2.783, 'r': 0.4, 'type': 1}, {'idp': 33, 'x': 3.067, 'y': 3.48, 'r': 0.4, 'type': 1}, {'idp': 34, 'x': 3.55, 'y': -2.542, 'r': 0.4, 'type': 1}]
32331,1398694004.8017976,[{'idp': 25, 'x': 3.603, 'y': -0.044, 'r': 0.4, 'type': 1}, {'idp': 26, 'x': 4.284, 'y': 0.545, 'r': 0.4, 'type': 1}, {'idp': 27, 'x': 5.535, 'y': 1.074, 'r': 0.4, 'type': 1}, {'idp': 29, 'x': 3.921, 'y': -0.811, 'r': 0.4, 'type': 1}, {'idp': 30, 'x': 4.123, 'y': -2.101, 'r': 0.4, 'type': 1}, {'idp': 32, 'x': 4.866, 'y': 2.797, 'r': 0.4, 'type': 1}, {'idp': 33, 'x': 3.064, 'y': 3.509, 'r': 0.4, 'type': 1}, {'idp': 34, 'x': 3.529, 'y': -2.552, 'r': 0.4, 'type': 1}]
32332,1398694004.8042545,[{'idp': 25, 'x': 3.614, 'y': -0.059, 'r': 0.4, 'type': 1}, {'idp': 26, 'x': 4.266, 'y': 0.543, 'r': 0.4, 'type': 1}, {'idp': 27, 'x': 5.566, 'y': 1.041, 'r': 0.4, 'type': 1}, {'idp': 29, 'x': 3.935, 'y': -0.822, 'r': 0.4, 'type': 1}, {'idp': 30, 'x': 4.111, 'y': -2.118, 'r': 0.4, 'type': 1}, {'idp': 32, 'x': 4.862, 'y': 2.797, 'r': 0.4, 'type': 1}, {'idp': 33, 'x': 3.05, 'y': 3.493, 'r': 0.4, 'type': 1}, {'idp': 34, 'x': 3.519, 'y': -2.544, 'r': 0.4, 'type': 1}]
32333,1398694004.8417573,[{'idp': 25, 'x': 3.622, 'y': -0.075, 'r': 0.4, 'type': 1}, {'idp': 26, 'x': 4.28, 'y': 0.525, 'r': 0.4, 'type': 1}, {'idp': 27, 'x': 5.584, 'y': 1.031, 'r': 0.4, 'type': 1}, {'idp': 29, 'x': 3.927, 'y': -0.829, 'r': 0.4, 'type': 1}, {'idp': 30, 'x': 4.096, 'y': -2.133, 'r': 0.4, 'type': 1}, {'idp': 32, 'x': 4.876, 'y': 2.776, 'r': 0.4, 'type': 1}, {'idp': 33, 'x': 3.045, 'y': 3.491, 'r': 0.4, 'type': 1}, {'idp': 34, 'x': 3.499, 'y': -2.553, 'r': 0.4, 'type': 1}]
32334,1398694004.8816962,[{'idp': 25, 'x': 3.614, 'y': -0.083, 'r': 0.4, 'type': 1}, {'idp': 26, 'x': 4.299, 'y': 0.509, 'r': 0.4, 'type': 1}, {'idp': 27, 'x': 5.613, 'y': 1.025, 'r': 0.4, 'type': 1}, {'idp': 29, 'x': 3.938, 'y': -0.842, 'r': 0.4, 'type': 1}, {'idp': 30, 'x': 4.079, 'y': -2.136, 'r': 0.4, 'type': 1}, {'idp': 32, 'x': 4.886, 'y': 2.771, 'r': 0.4, 'type': 1}, {'idp': 33, 'x': 3.045, 'y': 3.487, 'r': 0.4, 'type': 1}, {'idp': 34, 'x': 3.481, 'y': -2.552, 'r': 0.4, 'type': 1}]
32335,1398694004.8817291,[{'idp': 25, 'x': 3.63, 'y': -0.075, 'r': 0.4, 'type': 1}, {'idp': 26, 'x': 4.297, 'y': 0.508, 'r': 0.4, 'type': 1}, {'idp': 27, 'x': 5.632, 'y': 1.024, 'r': 0.4, 'type': 1}, {'idp': 29, 'x': 3.915, 'y': -0.85, 'r': 0.4, 'type': 1}, {'idp': 30, 'x': 4.08, 'y': -2.136, 'r': 0.4, 'type': 1}, {'idp': 32, 'x': 4.887, 'y': 2.771, 'r': 0.4, 'type': 1}, {'idp': 33, 'x': 3.023, 'y': 3.477, 'r': 0.4, 'type': 1}, {'idp': 34, 'x': 3.466, 'y': -2.553, 'r': 0.4, 'type': 1}]
32336,1398694004.921716,[{'idp': 25, 'x': 3.623, 'y': -0.075, 'r': 0.4, 'type': 1}, {'idp': 26, 'x': 4.297, 'y': 0.518, 'r': 0.4, 'type': 1}, {'idp': 27, 'x': 5.647, 'y': 1.027, 'r': 0.4, 'type': 1}, {'idp': 29, 'x': 3.945, 'y': -0.825, 'r': 0.4, 'type': 1}, {'idp': 30, 'x': 4.052, 'y': -2.121, 'r': 0.4, 'type': 1}, {'idp': 32, 'x': 4.89, 'y': 2.774, 'r': 0.4, 'type': 1}, {'idp': 33, 'x': 3.001, 'y': 3.466, 'r': 0.4, 'type': 1}, {'idp': 34, 'x': 3.429, 'y': -2.503, 'r': 0.4, 'type': 1}]
32337,1398694004.9295032,[{'idp': 25, 'x': 3.607, 'y': -0.083, 'r': 0.4, 'type': 1}, {'idp': 26, 'x': 4.33, 'y': 0.513, 'r': 0.4, 'type': 1}, {'idp': 27, 'x': 5.646, 'y': 1.028, 'r': 0.4, 'type': 1}, {'idp': 29, 'x': 3.967, 'y': -0.831, 'r': 0.4, 'type': 1}, {'idp': 30, 'x': 4.047, 'y': -2.119, 'r': 0.4, 'type': 1}, {'idp': 32, 'x': 4.91, 'y': 2.773, 'r': 0.4, 'type': 1}, {'idp': 33, 'x': 3.006, 'y': 3.503, 'r': 0.4, 'type': 1}, {'idp': 34, 'x': 3.384, 'y': -2.459, 'r': 0.4, 'type': 1}]
32338,1398694004.9657526,[{'idp': 25, 'x': 3.598, 'y': -0.091, 'r': 0.4, 'type': 1}, {'idp': 26, 'x': 4.391, 'y': 0.481, 'r': 0.4, 'type': 1}, {'idp': 27, 'x': 5.658, 'y': 1.028, 'r': 0.4, 'type': 1}, {'idp': 29, 'x': 3.96, 'y': -0.831, 'r': 0.4, 'type': 1}, {'idp': 30, 'x': 4.031, 'y': -2.133, 'r': 0.4, 'type': 1}, {'idp': 32, 'x': 4.914, 'y': 2.767, 'r': 0.4, 'type': 1}, {'idp': 33, 'x': 2.996, 'y': 3.491, 'r': 0.4, 'type': 1}, {'idp': 34, 'x': 3.37, 'y': -2.425, 'r': 0.4, 'type': 1}]
32339,1398694005.0056903,[{'idp': 25, 'x': 3.61, 'y': -0.091, 'r': 0.4, 'type': 1}, {'idp': 26, 'x': 4.447, 'y': 0.497, 'r': 0.4, 'type': 1}, {'idp': 27, 'x': 5.672, 'y': 1.046, 'r': 0.4, 'type': 1}, {'idp': 29, 'x': 3.979, 'y': -0.828, 'r': 0.4, 'type': 1}, {'idp': 30, 'x': 4.023, 'y': -2.129, 'r': 0.4, 'type': 1}, {'idp': 32, 'x': 4.935, 'y': 2.774, 'r': 0.4, 'type': 1}, {'idp': 33, 'x': 2.988, 'y': 3.482, 'r': 0.4, 'type': 1}, {'idp': 34, 'x': 3.369, 'y': -2.425, 'r': 0.4, 'type': 1}]
32340,1398694005.0057082,[{'idp': 25, 'x': 3.614, 'y': -0.091, 'r': 0.4, 'type': 1}, {'idp': 26, 'x': 4.373, 'y': 0.498, 'r': 0.4, 'type': 1}, {'idp': 27, 'x': 5.675, 'y': 1.045, 'r': 0.4, 'type': 1}, {'idp': 29, 'x': 3.995, 'y': -0.811, 'r': 0.4, 'type': 1}, {'idp': 30, 'x': 4.018, 'y': -2.126, 'r': 0.4, 'type': 1}, {'idp': 32, 'x': 4.944, 'y': 2.76, 'r': 0.4, 'type': 1}, {'idp': 33, 'x': 2.973, 'y': 3.495, 'r': 0.4, 'type': 1}, {'idp': 34, 'x': 3.35, 'y': -2.411, 'r': 0.4, 'type': 1}]
32341,1398694005.045689,[{'idp': 25, 'x': 3.611, 'y': -0.083, 'r': 0.4, 'type': 1}, {'idp': 26, 'x': 4.408, 'y': 0.502, 'r': 0.4, 'type': 1}, {'idp': 27, 'x': 5.675, 'y': 1.045, 'r': 0.4, 'type': 1}, {'idp': 29, 'x': 4.005, 'y': -0.804, 'r': 0.4, 'type': 1}, {'idp': 30, 'x': 4.011, 'y': -2.122, 'r': 0.4, 'type': 1}, {'idp': 32, 'x': 4.976, 'y': 2.781, 'r': 0.4, 'type': 1}, {'idp': 33, 'x': 2.967, 'y': 3.483, 'r': 0.4, 'type': 1}, {'idp': 34, 'x': 3.344, 'y': -2.406, 'r': 0.4, 'type': 1}]
32342,1398694005.0534003,[{'idp': 25, 'x': 3.655, 'y': -0.076, 'r': 0.4, 'type': 1}, {'idp': 26, 'x': 4.512, 'y': 0.504, 'r': 0.4, 'type': 1}, {'idp': 27, 'x': 5.711, 'y': 1.038, 'r': 0.4, 'type': 1}, {'idp': 29, 'x': 4.036, 'y': -0.802, 'r': 0.4, 'type': 1}, {'idp': 30, 'x': 3.994, 'y': -2.113, 'r': 0.4, 'type': 1}, {'idp': 32, 'x': 5.007, 'y': 2.773, 'r': 0.4, 'type': 1}, {'idp': 33, 'x': 2.948, 'y': 3.496, 'r': 0.4, 'type': 1}, {'idp': 34, 'x': 3.325, 'y': -2.404, 'r': 0.4, 'type': 1}]
32343,1398694005.0897453,[{'idp': 25, 'x': 3.676, 'y': -0.084, 'r': 0.4, 'type': 1}, {'idp': 26, 'x': 4.712, 'y': 0.518, 'r': 0.4, 'type': 1}, {'idp': 27, 'x': 5.717, 'y': 1.039, 'r': 0.4, 'type': 1}, {'idp': 29, 'x': 4.041, 'y': -0.803, 'r': 0.4, 'type': 1}, {'idp': 30, 'x': 3.988, 'y': -2.132, 'r': 0.4, 'type': 1}, {'idp': 32, 'x': 5.021, 'y': 2.781, 'r': 0.4, 'type': 1}, {'idp': 33, 'x': 2.941, 'y': 3.483, 'r': 0.4, 'type': 1}, {'idp': 34, 'x': 3.328, 'y': -2.406, 'r': 0.4, 'type': 1}]
32344,1398694005.1296659,[{'idp': 25, 'x': 3.704, 'y': -0.085, 'r': 0.4, 'type': 1}, {'idp': 26, 'x': 4.769, 'y': 0.513, 'r': 0.4, 'type': 1}, {'idp': 27, 'x': 5.692, 'y': 1.025, 'r': 0.4, 'type': 1}, {'idp': 29, 'x': 4.057, 'y': -0.798, 'r': 0.4, 'type': 1}, {'idp': 30, 'x': 3.978, 'y': -2.127, 'r': 0.4, 'type': 1}, {'idp': 32, 'x': 5.056, 'y': 2.775, 'r': 0.4, 'type': 1}, {'idp': 33, 'x': 2.924, 'y': 3.5, 'r': 0.4, 'type': 1}, {'idp': 34, 'x': 3.306, 'y': -2.401, 'r': 0.4, 'type': 1}]
32345,1398694005.1296918,[{'idp': 25, 'x': 3.722, 'y': -0.086, 'r': 0.4, 'type': 1}, {'idp': 26, 'x': 4.801, 'y': 0.505, 'r': 0.4, 'type': 1}, {'idp': 27, 'x': 5.716, 'y': 1.03, 'r': 0.4, 'type': 1}, {'idp': 29, 'x': 4.092, 'y': -0.786, 'r': 0.4, 'type': 1}, {'idp': 30, 'x': 3.963, 'y': -2.13, 'r': 0.4, 'type': 1}, {'idp': 32, 'x': 5.063, 'y': 2.779, 'r': 0.4, 'type': 1}, {'idp': 33, 'x': 2.926, 'y': 3.501, 'r': 0.4, 'type': 1}, {'idp': 34, 'x': 3.292, 'y': -2.424, 'r': 0.4, 'type': 1}]
32346,1398694005.1696727,[{'idp': 25, 'x': 3.773, 'y': -0.079, 'r': 0.4, 'type': 1}, {'idp': 26, 'x': 4.841, 'y': 0.498, 'r': 0.4, 'type': 1}, {'idp': 27, 'x': 5.763, 'y': 1.027, 'r': 0.4, 'type': 1}, {'idp': 29, 'x': 4.115, 'y': -0.773, 'r': 0.4, 'type': 1}, {'idp': 30, 'x': 3.952, 'y': -2.124, 'r': 0.4, 'type': 1}, {'idp': 32, 'x': 5.077, 'y': 2.773, 'r': 0.4, 'type': 1}, {'idp': 33, 'x': 2.906, 'y': 3.508, 'r': 0.4, 'type': 1}, {'idp': 34, 'x': 3.281, 'y': -2.416, 'r': 0.4, 'type': 1}]
32347,1398694005.1779208,[{'idp': 25, 'x': 3.798, 'y': -0.072, 'r': 0.4, 'type': 1}, {'idp': 26, 'x': 4.86, 'y': 0.489, 'r': 0.4, 'type': 1}, {'idp': 27, 'x': 5.822, 'y': 1.079, 'r': 0.4, 'type': 1}, {'idp': 29, 'x': 4.147, 'y': -0.77, 'r': 0.4, 'type': 1}, {'idp': 30, 'x': 3.929, 'y': -2.112, 'r': 0.4, 'type': 1}, {'idp': 32, 'x': 5.077, 'y': 2.758, 'r': 0.4, 'type': 1}, {'idp': 33, 'x': 2.903, 'y': 3.519, 'r': 0.4, 'type': 1}, {'idp': 34, 'x': 3.267, 'y': -2.417, 'r': 0.4, 'type': 1}]
32348,1398694005.2176774,[{'idp': 25, 'x': 3.816, 'y': -0.098, 'r': 0.4, 'type': 1}, {'idp': 26, 'x': 4.882, 'y': 0.458, 'r': 0.4, 'type': 1}, {'idp': 27, 'x': 5.839, 'y': 0.976, 'r': 0.4, 'type': 1}, {'idp': 29, 'x': 4.157, 'y': -0.791, 'r': 0.4, 'type': 1}, {'idp': 30, 'x': 3.909, 'y': -2.123, 'r': 0.4, 'type': 1}, {'idp': 32, 'x': 5.091, 'y': 2.738, 'r': 0.4, 'type': 1}, {'idp': 33, 'x': 2.889, 'y': 3.487, 'r': 0.4, 'type': 1}, {'idp': 34, 'x': 3.257, 'y': -2.42, 'r': 0.4, 'type': 1}]
32349,1398694005.2577746,[{'idp': 25, 'x': 3.849, 'y': -0.117, 'r': 0.4, 'type': 1}, {'idp': 26, 'x': 4.919, 'y': 0.428, 'r': 0.4, 'type': 1}, {'idp': 27, 'x': 5.89, 'y': 0.946, 'r': 0.4, 'type': 1}, {'idp': 29, 'x': 4.171, 'y': -0.813, 'r': 0.4, 'type': 1}, {'idp': 30, 'x': 3.896, 'y': -2.15, 'r': 0.4, 'type': 1}, {'idp': 32, 'x': 5.11, 'y': 2.69, 'r': 0.4, 'type': 1}, {'idp': 33, 'x': 2.89, 'y': 3.457, 'r': 0.4, 'type': 1}, {'idp': 34, 'x': 3.239, 'y': -2.441, 'r': 0.4, 'type': 1}]
32350,1398694005.2578075,[{'idp': 25, 'x': 3.87, 'y': -0.134, 'r': 0.4, 'type': 1}, {'idp': 26, 'x': 4.933, 'y': 0.408, 'r': 0.4, 'type': 1}, {'idp': 27, 'x': 5.897, 'y': 0.921, 'r': 0.4, 'type': 1}, {'idp': 29, 'x': 4.162, 'y': -0.821, 'r': 0.4, 'type': 1}, {'idp': 30, 'x': 3.869, 'y': -2.157, 'r': 0.4, 'type': 1}, {'idp': 32, 'x': 5.124, 'y': 2.669, 'r': 0.4, 'type': 1}, {'idp': 33, 'x': 2.911, 'y': 3.452, 'r': 0.4, 'type': 1}, {'idp': 34, 'x': 3.211, 'y': -2.452, 'r': 0.4, 'type': 1}]
32351,1398694005.2976933,[{'idp': 25, 'x': 3.889, 'y': -0.136, 'r': 0.4, 'type': 1}, {'idp': 26, 'x': 4.943, 'y': 0.412, 'r': 0.4, 'type': 1}, {'idp': 27, 'x': 5.91, 'y': 0.911, 'r': 0.4, 'type': 1}, {'idp': 29, 'x': 4.171, 'y': -0.832, 'r': 0.4, 'type': 1}, {'idp': 30, 'x': 3.854, 'y': -2.159, 'r': 0.4, 'type': 1}, {'idp': 32, 'x': 5.102, 'y': 2.657, 'r': 0.4, 'type': 1}, {'idp': 33, 'x': 2.901, 'y': 3.471, 'r': 0.4, 'type': 1}, {'idp': 34, 'x': 3.211, 'y': -2.463, 'r': 0.4, 'type': 1}]
32352,1398694005.3035085,[{'idp': 25, 'x': 3.902, 'y': -0.12, 'r': 0.4, 'type': 1}, {'idp': 26, 'x': 4.961, 'y': 0.409, 'r': 0.4, 'type': 1}, {'idp': 27, 'x': 5.911, 'y': 0.911, 'r': 0.4, 'type': 1}, {'idp': 29, 'x': 4.176, 'y': -0.794, 'r': 0.4, 'type': 1}, {'idp': 30, 'x': 3.861, 'y': -2.163, 'r': 0.4, 'type': 1}, {'idp': 32, 'x': 5.102, 'y': 2.672, 'r': 0.4, 'type': 1}, {'idp': 33, 'x': 2.875, 'y': 3.471, 'r': 0.4, 'type': 1}, {'idp': 34, 'x': 3.197, 'y': -2.453, 'r': 0.4, 'type': 1}]
32353,1398694005.3417077,[{'idp': 25, 'x': 3.926, 'y': -0.104, 'r': 0.4, 'type': 1}, {'idp': 26, 'x': 4.952, 'y': 0.446, 'r': 0.4, 'type': 1}, {'idp': 27, 'x': 5.938, 'y': 0.955, 'r': 0.4, 'type': 1}, {'idp': 29, 'x': 4.168, 'y': -0.774, 'r': 0.4, 'type': 1}, {'idp': 30, 'x': 3.852, 'y': -2.125, 'r': 0.4, 'type': 1}, {'idp': 32, 'x': 5.071, 'y': 2.698, 'r': 0.4, 'type': 1}, {'idp': 33, 'x': 2.846, 'y': 3.481, 'r': 0.4, 'type': 1}, {'idp': 34, 'x': 3.201, 'y': -2.422, 'r': 0.4, 'type': 1}]
32354,1398694005.3817012,[{'idp': 25, 'x': 3.946, 'y': -0.087, 'r': 0.4, 'type': 1}, {'idp': 26, 'x': 4.954, 'y': 0.467, 'r': 0.4, 'type': 1}, {'idp': 27, 'x': 5.935, 'y': 0.968, 'r': 0.4, 'type': 1}, {'idp': 29, 'x': 4.168, 'y': -0.756, 'r': 0.4, 'type': 1}, {'idp': 30, 'x': 3.86, 'y': -2.118, 'r': 0.4, 'type': 1}, {'idp': 32, 'x': 5.059, 'y': 2.72, 'r': 0.4, 'type': 1}, {'idp': 33, 'x': 2.837, 'y': 3.519, 'r': 0.4, 'type': 1}, {'idp': 34, 'x': 3.187, 'y': -2.4, 'r': 0.4, 'type': 1}]
32355,1398694005.3817303,[{'idp': 25, 'x': 3.954, 'y': -0.088, 'r': 0.4, 'type': 1}, {'idp': 26, 'x': 4.997, 'y': 0.471, 'r': 0.4, 'type': 1}, {'idp': 27, 'x': 5.931, 'y': 0.967, 'r': 0.4, 'type': 1}, {'idp': 29, 'x': 4.173, 'y': -0.747, 'r': 0.4, 'type': 1}, {'idp': 30, 'x': 3.855, 'y': -2.116, 'r': 0.4, 'type': 1}, {'idp': 32, 'x': 5.064, 'y': 2.737, 'r': 0.4, 'type': 1}, {'idp': 33, 'x': 2.806, 'y': 3.495, 'r': 0.4, 'type': 1}, {'idp': 34, 'x': 3.173, 'y': -2.39, 'r': 0.4, 'type': 1}]
32356,1398694005.4216545,[{'idp': 25, 'x': 3.967, 'y': -0.089, 'r': 0.4, 'type': 1}, {'idp': 26, 'x': 5.002, 'y': 0.471, 'r': 0.4, 'type': 1}, {'idp': 27, 'x': 5.932, 'y': 0.968, 'r': 0.4, 'type': 1}, {'idp': 29, 'x': 4.182, 'y': -0.749, 'r': 0.4, 'type': 1}, {'idp': 30, 'x': 3.842, 'y': -2.109, 'r': 0.4, 'type': 1}, {'idp': 32, 'x': 5.063, 'y': 2.736, 'r': 0.4, 'type': 1}, {'idp': 33, 'x': 2.808, 'y': 3.498, 'r': 0.4, 'type': 1}, {'idp': 34, 'x': 3.175, 'y': -2.403, 'r': 0.4, 'type': 1}]
32357,1398694005.4277525,[{'idp': 25, 'x': 3.984, 'y': -0.098, 'r': 0.4, 'type': 1}, {'idp': 26, 'x': 5.012, 'y': 0.45, 'r': 0.4, 'type': 1}, {'idp': 27, 'x': 5.924, 'y': 0.94, 'r': 0.4, 'type': 1}, {'idp': 29, 'x': 4.2, 'y': -0.771, 'r': 0.4, 'type': 1}, {'idp': 30, 'x': 3.818, 'y': -2.118, 'r': 0.4, 'type': 1}, {'idp': 32, 'x': 5.032, 'y': 2.705, 'r': 0.4, 'type': 1}, {'idp': 33, 'x': 2.799, 'y': 3.486, 'r': 0.4, 'type': 1}, {'idp': 34, 'x': 3.151, 'y': -2.406, 'r': 0.4, 'type': 1}]
32358,1398694005.4657562,[{'idp': 25, 'x': 3.976, 'y': -0.098, 'r': 0.4, 'type': 1}, {'idp': 26, 'x': 5.017, 'y': 0.44, 'r': 0.4, 'type': 1}, {'idp': 27, 'x': 5.936, 'y': 0.942, 'r': 0.4, 'type': 1}, {'idp': 29, 'x': 4.2, 'y': -0.771, 'r': 0.4, 'type': 1}, {'idp': 30, 'x': 3.81, 'y': -2.135, 'r': 0.4, 'type': 1}, {'idp': 32, 'x': 5.027, 'y': 2.703, 'r': 0.4, 'type': 1}, {'idp': 33, 'x': 2.789, 'y': 3.49, 'r': 0.4, 'type': 1}, {'idp': 34, 'x': 3.133, 'y': -2.414, 'r': 0.4, 'type': 1}]
32359,1398694005.505706,[{'idp': 25, 'x': 3.998, 'y': -0.116, 'r': 0.4, 'type': 1}, {'idp': 26, 'x': 5.047, 'y': 0.442, 'r': 0.4, 'type': 1}, {'idp': 27, 'x': 5.882, 'y': 0.919, 'r': 0.4, 'type': 1}, {'idp': 29, 'x': 4.208, 'y': -0.773, 'r': 0.4, 'type': 1}, {'idp': 30, 'x': 3.785, 'y': -2.121, 'r': 0.4, 'type': 1}, {'idp': 32, 'x': 5.008, 'y': 2.707, 'r': 0.4, 'type': 1}, {'idp': 33, 'x': 2.768, 'y': 3.479, 'r': 0.4, 'type': 1}, {'idp': 34, 'x': 3.125, 'y': -2.419, 'r': 0.4, 'type': 1}]
32360,1398694005.5057366,[{'idp': 25, 'x': 3.981, 'y': -0.107, 'r': 0.4, 'type': 1}, {'idp': 26, 'x': 5.071, 'y': 0.432, 'r': 0.4, 'type': 1}, {'idp': 27, 'x': 5.884, 'y': 0.906, 'r': 0.4, 'type': 1}, {'idp': 29, 'x': 4.212, 'y': -0.774, 'r': 0.4, 'type': 1}, {'idp': 30, 'x': 3.779, 'y': -2.139, 'r': 0.4, 'type': 1}, {'idp': 32, 'x': 5.011, 'y': 2.722, 'r': 0.4, 'type': 1}, {'idp': 33, 'x': 2.773, 'y': 3.484, 'r': 0.4, 'type': 1}, {'idp': 34, 'x': 3.107, 'y': -2.416, 'r': 0.4, 'type': 1}]
32361,1398694005.5457263,[{'idp': 25, 'x': 3.987, 'y': -0.108, 'r': 0.4, 'type': 1}, {'idp': 26, 'x': 5.064, 'y': 0.435, 'r': 0.4, 'type': 1}, {'idp': 27, 'x': 5.842, 'y': 0.886, 'r': 0.4, 'type': 1}, {'idp': 29, 'x': 4.234, 'y': -0.778, 'r': 0.4, 'type': 1}, {'idp': 30, 'x': 3.771, 'y': -2.134, 'r': 0.4, 'type': 1}, {'idp': 32, 'x': 4.997, 'y': 2.714, 'r': 0.4, 'type': 1}, {'idp': 33, 'x': 2.745, 'y': 3.48, 'r': 0.4, 'type': 1}, {'idp': 34, 'x': 3.096, 'y': -2.418, 'r': 0.4, 'type': 1}]
32362,1398694005.5520213,[{'idp': 25, 'x': 4.0, 'y': -0.108, 'r': 0.4, 'type': 1}, {'idp': 26, 'x': 5.091, 'y': 0.439, 'r': 0.4, 'type': 1}, {'idp': 27, 'x': 5.835, 'y': 0.885, 'r': 0.4, 'type': 1}, {'idp': 29, 'x': 4.243, 'y': -0.77, 'r': 0.4, 'type': 1}, {'idp': 30, 'x': 3.757, 'y': -2.127, 'r': 0.4, 'type': 1}, {'idp': 32, 'x': 4.993, 'y': 2.741, 'r': 0.4, 'type': 1}, {'idp': 33, 'x': 2.752, 'y': 3.504, 'r': 0.4, 'type': 1}, {'idp': 34, 'x': 3.083, 'y': -2.408, 'r': 0.4, 'type': 1}]
32363,1398694005.589696,[{'idp': 25, 'x': 4.002, 'y': -0.1, 'r': 0.4, 'type': 1}, {'idp': 26, 'x': 5.155, 'y': 0.401, 'r': 0.4, 'type': 1}, {'idp': 27, 'x': 5.816, 'y': 0.908, 'r': 0.4, 'type': 1}, {'idp': 29, 'x': 4.277, 'y': -0.776, 'r': 0.4, 'type': 1}, {'idp': 30, 'x': 3.759, 'y': -2.127, 'r': 0.4, 'type': 1}, {'idp': 32, 'x': 5.005, 'y': 2.747, 'r': 0.4, 'type': 1}, {'idp': 33, 'x': 2.723, 'y': 3.483, 'r': 0.4, 'type': 1}, {'idp': 34, 'x': 3.074, 'y': -2.412, 'r': 0.4, 'type': 1}]
32364,1398694005.6297243,[{'idp': 25, 'x': 4.008, 'y': -0.1, 'r': 0.4, 'type': 1}, {'idp': 26, 'x': 5.177, 'y': 0.407, 'r': 0.4, 'type': 1}, {'idp': 27, 'x': 5.864, 'y': 0.889, 'r': 0.4, 'type': 1}, {'idp': 29, 'x': 4.316, 'y': -0.803, 'r': 0.4, 'type': 1}, {'idp': 30, 'x': 3.736, 'y': -2.125, 'r': 0.4, 'type': 1}, {'idp': 32, 'x': 4.998, 'y': 2.758, 'r': 0.4, 'type': 1}, {'idp': 33, 'x': 2.722, 'y': 3.497, 'r': 0.4, 'type': 1}, {'idp': 34, 'x': 3.062, 'y': -2.402, 'r': 0.4, 'type': 1}]
32365,1398694005.6297555,[{'idp': 25, 'x': 4.038, 'y': -0.109, 'r': 0.4, 'type': 1}, {'idp': 26, 'x': 5.19, 'y': 0.41, 'r': 0.4, 'type': 1}, {'idp': 27, 'x': 5.907, 'y': 0.843, 'r': 0.4, 'type': 1}, {'idp': 29, 'x': 4.341, 'y': -0.797, 'r': 0.4, 'type': 1}, {'idp': 30, 'x': 3.72, 'y': -2.127, 'r': 0.4, 'type': 1}, {'idp': 32, 'x': 4.976, 'y': 2.731, 'r': 0.4, 'type': 1}, {'idp': 33, 'x': 2.721, 'y': 3.495, 'r': 0.4, 'type': 1}, {'idp': 34, 'x': 3.042, 'y': -2.408, 'r': 0.4, 'type': 1}]
32366,1398694005.6696794,[{'idp': 25, 'x': 4.044, 'y': -0.11, 'r': 0.4, 'type': 1}, {'idp': 26, 'x': 5.234, 'y': 0.414, 'r': 0.4, 'type': 1}, {'idp': 27, 'x': 5.954, 'y': 0.85, 'r': 0.4, 'type': 1}, {'idp': 29, 'x': 4.366, 'y': -0.791, 'r': 0.4, 'type': 1}, {'idp': 30, 'x': 3.705, 'y': -2.119, 'r': 0.4, 'type': 1}, {'idp': 32, 'x': 4.98, 'y': 2.733, 'r': 0.4, 'type': 1}, {'idp': 33, 'x': 2.705, 'y': 3.492, 'r': 0.4, 'type': 1}, {'idp': 34, 'x': 3.033, 'y': -2.411, 'r': 0.4, 'type': 1}]
32367,1398694005.6765957,[{'idp': 25, 'x': 4.05, 'y': -0.092, 'r': 0.4, 'type': 1}, {'idp': 26, 'x': 5.236, 'y': 0.411, 'r': 0.4, 'type': 1}, {'idp': 27, 'x': 6.036, 'y': 0.877, 'r': 0.4, 'type': 1}, {'idp': 29, 'x': 4.4, 'y': -0.787, 'r': 0.4, 'type': 1}, {'idp': 30, 'x': 3.698, 'y': -2.114, 'r': 0.4, 'type': 1}, {'idp': 32, 'x': 4.982, 'y': 2.762, 'r': 0.4, 'type': 1}, {'idp': 33, 'x': 2.677, 'y': 3.487, 'r': 0.4, 'type': 1}, {'idp': 34, 'x': 3.023, 'y': -2.403, 'r': 0.4, 'type': 1}]
32368,1398694005.7136846,[{'idp': 25, 'x': 4.084, 'y': -0.083, 'r': 0.4, 'type': 1}, {'idp': 26, 'x': 5.246, 'y': 0.435, 'r': 0.4, 'type': 1}, {'idp': 27, 'x': 6.132, 'y': 0.932, 'r': 0.4, 'type': 1}, {'idp': 29, 'x': 4.405, 'y': -0.768, 'r': 0.4, 'type': 1}, {'idp': 30, 'x': 3.703, 'y': -2.106, 'r': 0.4, 'type': 1}, {'idp': 32, 'x': 4.948, 'y': 2.772, 'r': 0.4, 'type': 1}, {'idp': 33, 'x': 2.664, 'y': 3.518, 'r': 0.4, 'type': 1}, {'idp': 34, 'x': 3.025, 'y': -2.395, 'r': 0.4, 'type': 1}]
32369,1398694005.7536736,[{'idp': 25, 'x': 4.115, 'y': -0.075, 'r': 0.4, 'type': 1}, {'idp': 26, 'x': 5.296, 'y': 0.405, 'r': 0.4, 'type': 1}, {'idp': 27, 'x': 6.139, 'y': 0.919, 'r': 0.4, 'type': 1}, {'idp': 29, 'x': 4.431, 'y': -0.772, 'r': 0.4, 'type': 1}, {'idp': 30, 'x': 3.687, 'y': -2.098, 'r': 0.4, 'type': 1}, {'idp': 32, 'x': 4.92, 'y': 2.77, 'r': 0.4, 'type': 1}, {'idp': 33, 'x': 2.642, 'y': 3.504, 'r': 0.4, 'type': 1}, {'idp': 34, 'x': 3.027, 'y': -2.385, 'r': 0.4, 'type': 1}]
32370,1398694005.7537024,[{'idp': 25, 'x': 4.119, 'y': -0.075, 'r': 0.4, 'type': 1}, {'idp': 26, 'x': 5.316, 'y': 0.395, 'r': 0.4, 'type': 1}, {'idp': 27, 'x': 6.169, 'y': 0.91, 'r': 0.4, 'type': 1}, {'idp': 29, 'x': 4.434, 'y': -0.772, 'r': 0.4, 'type': 1}, {'idp': 30, 'x': 3.684, 'y': -2.095, 'r': 0.4, 'type': 1}, {'idp': 32, 'x': 4.899, 'y': 2.772, 'r': 0.4, 'type': 1}, {'idp': 33, 'x': 2.653, 'y': 3.535, 'r': 0.4, 'type': 1}, {'idp': 34, 'x': 3.012, 'y': -2.394, 'r': 0.4, 'type': 1}]
32371,1398694005.79375,[{'idp': 25, 'x': 4.136, 'y': -0.093, 'r': 0.4, 'type': 1}, {'idp': 26, 'x': 5.345, 'y': 0.374, 'r': 0.4, 'type': 1}, {'idp': 27, 'x': 6.205, 'y': 0.873, 'r': 0.4, 'type': 1}, {'idp': 29, 'x': 4.449, 'y': -0.795, 'r': 0.4, 'type': 1}, {'idp': 30, 'x': 3.665, 'y': -2.106, 'r': 0.4, 'type': 1}, {'idp': 32, 'x': 4.906, 'y': 2.762, 'r': 0.4, 'type': 1}, {'idp': 33, 'x': 2.649, 'y': 3.513, 'r': 0.4, 'type': 1}, {'idp': 34, 'x': 2.995, 'y': -2.402, 'r': 0.4, 'type': 1}]
32372,1398694005.8015673,[{'idp': 25, 'x': 4.156, 'y': -0.111, 'r': 0.4, 'type': 1}, {'idp': 26, 'x': 5.364, 'y': 0.352, 'r': 0.4, 'type': 1}, {'idp': 27, 'x': 6.241, 'y': 0.864, 'r': 0.4, 'type': 1}, {'idp': 29, 'x': 4.462, 'y': -0.807, 'r': 0.4, 'type': 1}, {'idp': 30, 'x': 3.646, 'y': -2.127, 'r': 0.4, 'type': 1}, {'idp': 32, 'x': 4.901, 'y': 2.745, 'r': 0.4, 'type': 1}, {'idp': 33, 'x': 2.664, 'y': 3.516, 'r': 0.4, 'type': 1}, {'idp': 34, 'x': 2.981, 'y': -2.412, 'r': 0.4, 'type': 1}]
32373,1398694005.8377237,[{'idp': 25, 'x': 4.162, 'y': -0.11, 'r': 0.4, 'type': 1}, {'idp': 26, 'x': 5.387, 'y': 0.343, 'r': 0.4, 'type': 1}, {'idp': 27, 'x': 6.282, 'y': 0.884, 'r': 0.4, 'type': 1}, {'idp': 29, 'x': 4.472, 'y': -0.808, 'r': 0.4, 'type': 1}, {'idp': 30, 'x': 3.628, 'y': -2.117, 'r': 0.4, 'type': 1}, {'idp': 32, 'x': 4.872, 'y': 2.742, 'r': 0.4, 'type': 1}, {'idp': 33, 'x': 2.638, 'y': 3.514, 'r': 0.4, 'type': 1}, {'idp': 34, 'x': 2.971, 'y': -2.404, 'r': 0.4, 'type': 1}]
32374,1398694005.8776531,[{'idp': 25, 'x': 4.178, 'y': -0.101, 'r': 0.4, 'type': 1}, {'idp': 26, 'x': 5.418, 'y': 0.357, 'r': 0.4, 'type': 1}, {'idp': 27, 'x': 6.303, 'y': 0.915, 'r': 0.4, 'type': 1}, {'idp': 29, 'x': 4.476, 'y': -0.798, 'r': 0.4, 'type': 1}, {'idp': 30, 'x': 3.622, 'y': -2.113, 'r': 0.4, 'type': 1}, {'idp': 32, 'x': 4.852, 'y': 2.759, 'r': 0.4, 'type': 1}, {'idp': 33, 'x': 2.598, 'y': 3.492, 'r': 0.4, 'type': 1}, {'idp': 34, 'x': 2.968, 'y': -2.402, 'r': 0.4, 'type': 1}]
32375,1398694005.877683,[{'idp': 25, 'x': 4.195, 'y': -0.101, 'r': 0.4, 'type': 1}, {'idp': 26, 'x': 5.43, 'y': 0.357, 'r': 0.4, 'type': 1}, {'idp': 27, 'x': 6.297, 'y': 0.885, 'r': 0.4, 'type': 1}, {'idp': 29, 'x': 4.482, 'y': -0.799, 'r': 0.4, 'type': 1}, {'idp': 30, 'x': 3.61, 'y': -2.106, 'r': 0.4, 'type': 1}, {'idp': 32, 'x': 4.848, 'y': 2.757, 'r': 0.4, 'type': 1}, {'idp': 33, 'x': 2.626, 'y': 3.531, 'r': 0.4, 'type': 1}, {'idp': 34, 'x': 2.947, 'y': -2.406, 'r': 0.4, 'type': 1}]
32376,1398694005.9178214,[{'idp': 25, 'x': 4.202, 'y': -0.11, 'r': 0.4, 'type': 1}, {'idp': 26, 'x': 5.438, 'y': 0.335, 'r': 0.4, 'type': 1}, {'idp': 27, 'x': 6.317, 'y': 0.874, 'r': 0.4, 'type': 1}, {'idp': 29, 'x': 4.487, 'y': -0.8, 'r': 0.4, 'type': 1}, {'idp': 30, 'x': 3.604, 'y': -2.123, 'r': 0.4, 'type': 1}, {'idp': 32, 'x': 4.862, 'y': 2.764, 'r': 0.4, 'type': 1}, {'idp': 33, 'x': 2.632, 'y': 3.555, 'r': 0.4, 'type': 1}, {'idp': 34, 'x': 2.928, 'y': -2.413, 'r': 0.4, 'type': 1}]
32377,1398694005.926655,[{'idp': 25, 'x': 4.217, 'y': -0.11, 'r': 0.4, 'type': 1}, {'idp': 26, 'x': 5.434, 'y': 0.322, 'r': 0.4, 'type': 1}, {'idp': 27, 'x': 6.353, 'y': 0.878, 'r': 0.4, 'type': 1}, {'idp': 29, 'x': 4.477, 'y': -0.798, 'r': 0.4, 'type': 1}, {'idp': 30, 'x': 3.584, 'y': -2.123, 'r': 0.4, 'type': 1}, {'idp': 32, 'x': 4.868, 'y': 2.753, 'r': 0.4, 'type': 1}, {'idp': 33, 'x': 2.572, 'y': 3.49, 'r': 0.4, 'type': 1}, {'idp': 34, 'x': 2.922, 'y': -2.418, 'r': 0.4, 'type': 1}]
32378,1398694005.9657009,[{'idp': 25, 'x': 4.258, 'y': -0.101, 'r': 0.4, 'type': 1}, {'idp': 26, 'x': 5.44, 'y': 0.322, 'r': 0.4, 'type': 1}, {'idp': 27, 'x': 6.365, 'y': 0.879, 'r': 0.4, 'type': 1}, {'idp': 29, 'x': 4.478, 'y': -0.798, 'r': 0.4, 'type': 1}, {'idp': 30, 'x': 3.563, 'y': -2.111, 'r': 0.4, 'type': 1}, {'idp': 32, 'x': 4.836, 'y': 2.749, 'r': 0.4, 'type': 1}, {'idp': 33, 'x': 2.546, 'y': 3.486, 'r': 0.4, 'type': 1}, {'idp': 34, 'x': 2.914, 'y': -2.412, 'r': 0.4, 'type': 1}]
32379,1398694006.005668,[{'idp': 25, 'x': 4.276, 'y': -0.092, 'r': 0.4, 'type': 1}, {'idp': 26, 'x': 5.46, 'y': 0.348, 'r': 0.4, 'type': 1}, {'idp': 27, 'x': 6.381, 'y': 0.896, 'r': 0.4, 'type': 1}, {'idp': 29, 'x': 4.486, 'y': -0.79, 'r': 0.4, 'type': 1}, {'idp': 30, 'x': 3.567, 'y': -2.112, 'r': 0.4, 'type': 1}, {'idp': 32, 'x': 4.846, 'y': 2.769, 'r': 0.4, 'type': 1}, {'idp': 33, 'x': 2.533, 'y': 3.499, 'r': 0.4, 'type': 1}, {'idp': 34, 'x': 2.912, 'y': -2.41, 'r': 0.4, 'type': 1}]
32380,1398694006.0056956,[{'idp': 25, 'x': 4.277, 'y': -0.091, 'r': 0.4, 'type': 1}, {'idp': 26, 'x': 5.463, 'y': 0.336, 'r': 0.4, 'type': 1}, {'idp': 27, 'x': 6.373, 'y': 0.894, 'r': 0.4, 'type': 1}, {'idp': 29, 'x': 4.494, 'y': -0.791, 'r': 0.4, 'type': 1}, {'idp': 30, 'x': 3.548, 'y': -2.102, 'r': 0.4, 'type': 1}, {'idp': 32, 'x': 4.807, 'y': 2.761, 'r': 0.4, 'type': 1}, {'idp': 33, 'x': 2.535, 'y': 3.501, 'r': 0.4, 'type': 1}, {'idp': 34, 'x': 2.895, 'y': -2.406, 'r': 0.4, 'type': 1}]
32381,1398694006.0456998,[{'idp': 25, 'x': 4.29, 'y': -0.101, 'r': 0.4, 'type': 1}, {'idp': 26, 'x': 5.476, 'y': 0.313, 'r': 0.4, 'type': 1}, {'idp': 27, 'x': 6.387, 'y': 0.882, 'r': 0.4, 'type': 1}, {'idp': 29, 'x': 4.498, 'y': -0.792, 'r': 0.4, 'type': 1}, {'idp': 30, 'x': 3.533, 'y': -2.114, 'r': 0.4, 'type': 1}, {'idp': 32, 'x': 4.83, 'y': 2.76, 'r': 0.4, 'type': 1}, {'idp': 33, 'x': 2.532, 'y': 3.498, 'r': 0.4, 'type': 1}, {'idp': 34, 'x': 2.879, 'y': -2.414, 'r': 0.4, 'type': 1}]
32382,1398694006.0512595,[{'idp': 25, 'x': 4.299, 'y': -0.119, 'r': 0.4, 'type': 1}, {'idp': 26, 'x': 5.481, 'y': 0.301, 'r': 0.4, 'type': 1}, {'idp': 27, 'x': 6.396, 'y': 0.855, 'r': 0.4, 'type': 1}, {'idp': 29, 'x': 4.5, 'y': -0.812, 'r': 0.4, 'type': 1}, {'idp': 30, 'x': 3.514, 'y': -2.123, 'r': 0.4, 'type': 1}, {'idp': 32, 'x': 4.801, 'y': 2.743, 'r': 0.4, 'type': 1}, {'idp': 33, 'x': 2.539, 'y': 3.489, 'r': 0.4, 'type': 1}, {'idp': 34, 'x': 2.857, 'y': -2.429, 'r': 0.4, 'type': 1}]
32383,1398694006.0897827,[{'idp': 25, 'x': 4.321, 'y': -0.119, 'r': 0.4, 'type': 1}, {'idp': 26, 'x': 5.509, 'y': 0.291, 'r': 0.4, 'type': 1}, {'idp': 27, 'x': 6.407, 'y': 0.856, 'r': 0.4, 'type': 1}, {'idp': 29, 'x': 4.514, 'y': -0.814, 'r': 0.4, 'type': 1}, {'idp': 30, 'x': 3.502, 'y': -2.116, 'r': 0.4, 'type': 1}, {'idp': 32, 'x': 4.794, 'y': 2.74, 'r': 0.4, 'type': 1}, {'idp': 33, 'x': 2.527, 'y': 3.49, 'r': 0.4, 'type': 1}, {'idp': 34, 'x': 2.852, 'y': -2.435, 'r': 0.4, 'type': 1}]
32384,1398694006.1296747,[{'idp': 25, 'x': 4.318, 'y': -0.119, 'r': 0.4, 'type': 1}, {'idp': 26, 'x': 5.499, 'y': 0.302, 'r': 0.4, 'type': 1}, {'idp': 27, 'x': 6.429, 'y': 0.859, 'r': 0.4, 'type': 1}, {'idp': 29, 'x': 4.533, 'y': -0.807, 'r': 0.4, 'type': 1}, {'idp': 30, 'x': 3.492, 'y': -2.11, 'r': 0.4, 'type': 1}, {'idp': 32, 'x': 4.842, 'y': 2.766, 'r': 0.4, 'type': 1}, {'idp': 33, 'x': 2.508, 'y': 3.497, 'r': 0.4, 'type': 1}, {'idp': 34, 'x': 2.84, 'y': -2.424, 'r': 0.4, 'type': 1}]
32385,1398694006.129728,[{'idp': 25, 'x': 4.312, 'y': -0.11, 'r': 0.4, 'type': 1}, {'idp': 26, 'x': 5.543, 'y': 0.305, 'r': 0.4, 'type': 1}, {'idp': 27, 'x': 6.427, 'y': 0.873, 'r': 0.4, 'type': 1}, {'idp': 29, 'x': 4.543, 'y': -0.788, 'r': 0.4, 'type': 1}, {'idp': 30, 'x': 3.497, 'y': -2.112, 'r': 0.4, 'type': 1}, {'idp': 32, 'x': 4.781, 'y': 2.773, 'r': 0.4, 'type': 1}, {'idp': 33, 'x': 2.483, 'y': 3.495, 'r': 0.4, 'type': 1}, {'idp': 34, 'x': 2.83, 'y': -2.416, 'r': 0.4, 'type': 1}]
32386,1398694006.169674,[{'idp': 25, 'x': 4.322, 'y': -0.091, 'r': 0.4, 'type': 1}, {'idp': 26, 'x': 5.581, 'y': 0.319, 'r': 0.4, 'type': 1}, {'idp': 27, 'x': 6.452, 'y': 0.863, 'r': 0.4, 'type': 1}, {'idp': 29, 'x': 4.564, 'y': -0.772, 'r': 0.4, 'type': 1}, {'idp': 30, 'x': 3.478, 'y': -2.101, 'r': 0.4, 'type': 1}, {'idp': 32, 'x': 4.779, 'y': 2.772, 'r': 0.4, 'type': 1}, {'idp': 33, 'x': 2.466, 'y': 3.503, 'r': 0.4, 'type': 1}, {'idp': 34, 'x': 2.827, 'y': -2.414, 'r': 0.4, 'type': 1}]
32387,1398694006.1758854,[{'idp': 25, 'x': 4.317, 'y': -0.091, 'r': 0.4, 'type': 1}, {'idp': 26, 'x': 5.638, 'y': 0.322, 'r': 0.4, 'type': 1}, {'idp': 27, 'x': 6.448, 'y': 0.89, 'r': 0.4, 'type': 1}, {'idp': 29, 'x': 4.594, 'y': -0.766, 'r': 0.4, 'type': 1}, {'idp': 30, 'x': 3.47, 'y': -2.096, 'r': 0.4, 'type': 1}, {'idp': 32, 'x': 4.758, 'y': 2.774, 'r': 0.4, 'type': 1}, {'idp': 33, 'x': 2.475, 'y': 3.532, 'r': 0.4, 'type': 1}, {'idp': 34, 'x': 2.82, 'y': -2.407, 'r': 0.4, 'type': 1}]
32388,1398694006.2137535,[{'idp': 25, 'x': 4.352, 'y': -0.072, 'r': 0.4, 'type': 1}, {'idp': 26, 'x': 5.645, 'y': 0.31, 'r': 0.4, 'type': 1}, {'idp': 27, 'x': 6.463, 'y': 0.906, 'r': 0.4, 'type': 1}, {'idp': 29, 'x': 4.618, 'y': -0.76, 'r': 0.4, 'type': 1}, {'idp': 30, 'x': 3.456, 'y': -2.099, 'r': 0.4, 'type': 1}, {'idp': 32, 'x': 4.756, 'y': 2.786, 'r': 0.4, 'type': 1}, {'idp': 33, 'x': 2.467, 'y': 3.518, 'r': 0.4, 'type': 1}, {'idp': 34, 'x': 2.804, 'y': -2.415, 'r': 0.4, 'type': 1}]
32389,1398694006.253738,[{'idp': 25, 'x': 4.351, 'y': -0.091, 'r': 0.4, 'type': 1}, {'idp': 26, 'x': 5.674, 'y': 0.287, 'r': 0.4, 'type': 1}, {'idp': 27, 'x': 6.488, 'y': 0.881, 'r': 0.4, 'type': 1}, {'idp': 29, 'x': 4.622, 'y': -0.771, 'r': 0.4, 'type': 1}, {'idp': 30, 'x': 3.445, 'y': -2.112, 'r': 0.4, 'type': 1}, {'idp': 32, 'x': 4.734, 'y': 2.76, 'r': 0.4, 'type': 1}, {'idp': 33, 'x': 2.427, 'y': 3.464, 'r': 0.4, 'type': 1}, {'idp': 34, 'x': 2.789, 'y': -2.423, 'r': 0.4, 'type': 1}]
32390,1398694006.2537715,[{'idp': 25, 'x': 4.356, 'y': -0.11, 'r': 0.4, 'type': 1}, {'idp': 26, 'x': 5.678, 'y': 0.275, 'r': 0.4, 'type': 1}, {'idp': 27, 'x': 6.491, 'y': 0.867, 'r': 0.4, 'type': 1}, {'idp': 29, 'x': 4.652, 'y': -0.776, 'r': 0.4, 'type': 1}, {'idp': 30, 'x': 3.423, 'y': -2.119, 'r': 0.4, 'type': 1}, {'idp': 32, 'x': 4.745, 'y': 2.752, 'r': 0.4, 'type': 1}, {'idp': 33, 'x': 2.437, 'y': 3.479, 'r': 0.4, 'type': 1}, {'idp': 34, 'x': 2.765, 'y': -2.434, 'r': 0.4, 'type': 1}]
32391,1398694006.2936544,[{'idp': 25, 'x': 4.367, 'y': -0.091, 'r': 0.4, 'type': 1}, {'idp': 26, 'x': 5.698, 'y': 0.3, 'r': 0.4, 'type': 1}, {'idp': 27, 'x': 6.506, 'y': 0.883, 'r': 0.4, 'type': 1}, {'idp': 29, 'x': 4.673, 'y': -0.76, 'r': 0.4, 'type': 1}, {'idp': 30, 'x': 3.422, 'y': -2.108, 'r': 0.4, 'type': 1}, {'idp': 32, 'x': 4.714, 'y': 2.776, 'r': 0.4, 'type': 1}, {'idp': 33, 'x': 2.401, 'y': 3.491, 'r': 0.4, 'type': 1}, {'idp': 34, 'x': 2.752, 'y': -2.423, 'r': 0.4, 'type': 1}]
32392,1398694006.3003604,[{'idp': 25, 'x': 4.355, 'y': -0.082, 'r': 0.4, 'type': 1}, {'idp': 26, 'x': 5.704, 'y': 0.338, 'r': 0.4, 'type': 1}, {'idp': 27, 'x': 6.517, 'y': 0.899, 'r': 0.4, 'type': 1}, {'idp': 29, 'x': 4.679, 'y': -0.74, 'r': 0.4, 'type': 1}, {'idp': 30, 'x': 3.425, 'y': -2.079, 'r': 0.4, 'type': 1}, {'idp': 32, 'x': 4.678, 'y': 2.81, 'r': 0.4, 'type': 1}, {'idp': 33, 'x': 2.369, 'y': 3.509, 'r': 0.4, 'type': 1}, {'idp': 34, 'x': 2.759, 'y': -2.408, 'r': 0.4, 'type': 1}]
32393,1398694006.337647,[{'idp': 25, 'x': 4.358, 'y': -0.063, 'r': 0.4, 'type': 1}, {'idp': 26, 'x': 5.702, 'y': 0.362, 'r': 0.4, 'type': 1}, {'idp': 27, 'x': 6.533, 'y': 0.973, 'r': 0.4, 'type': 1}, {'idp': 29, 'x': 4.683, 'y': -0.709, 'r': 0.4, 'type': 1}, {'idp': 30, 'x': 3.42, 'y': -2.076, 'r': 0.4, 'type': 1}, {'idp': 32, 'x': 4.65, 'y': 2.835, 'r': 0.4, 'type': 1}, {'idp': 33, 'x': 2.38, 'y': 3.557, 'r': 0.4, 'type': 1}, {'idp': 34, 'x': 2.762, 'y': -2.389, 'r': 0.4, 'type': 1}]
32394,1398694006.3776631,[{'idp': 25, 'x': 4.365, 'y': -0.063, 'r': 0.4, 'type': 1}, {'idp': 26, 'x': 5.716, 'y': 0.363, 'r': 0.4, 'type': 1}, {'idp': 27, 'x': 6.55, 'y': 0.962, 'r': 0.4, 'type': 1}, {'idp': 29, 'x': 4.689, 'y': -0.721, 'r': 0.4, 'type': 1}, {'idp': 30, 'x': 3.402, 'y': -2.076, 'r': 0.4, 'type': 1}, {'idp': 32, 'x': 4.604, 'y': 2.807, 'r': 0.4, 'type': 1}, {'idp': 33, 'x': 2.342, 'y': 3.536, 'r': 0.4, 'type': 1}, {'idp': 34, 'x': 2.739, 'y': -2.401, 'r': 0.4, 'type': 1}]
32395,1398694006.377674,[{'idp': 25, 'x': 4.41, 'y': -0.063, 'r': 0.4, 'type': 1}, {'idp': 26, 'x': 5.736, 'y': 0.326, 'r': 0.4, 'type': 1}, {'idp': 27, 'x': 6.564, 'y': 0.92, 'r': 0.4, 'type': 1}, {'idp': 29, 'x': 4.699, 'y': -0.733, 'r': 0.4, 'type': 1}, {'idp': 30, 'x': 3.387, 'y': -2.097, 'r': 0.4, 'type': 1}, {'idp': 32, 'x': 4.616, 'y': 2.787, 'r': 0.4, 'type': 1}, {'idp': 33, 'x': 2.369, 'y': 3.542, 'r': 0.4, 'type': 1}, {'idp': 34, 'x': 2.73, 'y': -2.414, 'r': 0.4, 'type': 1}]
32396,1398694006.4177468,[{'idp': 25, 'x': 4.425, 'y': -0.083, 'r': 0.4, 'type': 1}, {'idp': 26, 'x': 5.757, 'y': 0.302, 'r': 0.4, 'type': 1}, {'idp': 27, 'x': 6.561, 'y': 0.891, 'r': 0.4, 'type': 1}, {'idp': 29, 'x': 4.691, 'y': -0.753, 'r': 0.4, 'type': 1}, {'idp': 30, 'x': 3.359, 'y': -2.1, 'r': 0.4, 'type': 1}, {'idp': 32, 'x': 4.598, 'y': 2.776, 'r': 0.4, 'type': 1}, {'idp': 33, 'x': 2.354, 'y': 3.521, 'r': 0.4, 'type': 1}, {'idp': 34, 'x': 2.703, 'y': -2.433, 'r': 0.4, 'type': 1}]
32397,1398694006.42512,[{'idp': 25, 'x': 4.424, 'y': -0.093, 'r': 0.4, 'type': 1}, {'idp': 26, 'x': 5.767, 'y': 0.302, 'r': 0.4, 'type': 1}, {'idp': 27, 'x': 6.603, 'y': 0.882, 'r': 0.4, 'type': 1}, {'idp': 29, 'x': 4.713, 'y': -0.757, 'r': 0.4, 'type': 1}, {'idp': 30, 'x': 3.348, 'y': -2.114, 'r': 0.4, 'type': 1}, {'idp': 32, 'x': 4.609, 'y': 2.783, 'r': 0.4, 'type': 1}, {'idp': 33, 'x': 2.336, 'y': 3.515, 'r': 0.4, 'type': 1}, {'idp': 34, 'x': 2.681, 'y': -2.435, 'r': 0.4, 'type': 1}]
32398,1398694006.461711,[{'idp': 25, 'x': 4.433, 'y': -0.094, 'r': 0.4, 'type': 1}, {'idp': 26, 'x': 5.806, 'y': 0.291, 'r': 0.4, 'type': 1}, {'idp': 27, 'x': 6.6, 'y': 0.882, 'r': 0.4, 'type': 1}, {'idp': 29, 'x': 4.715, 'y': -0.758, 'r': 0.4, 'type': 1}, {'idp': 30, 'x': 3.334, 'y': -2.105, 'r': 0.4, 'type': 1}, {'idp': 32, 'x': 4.598, 'y': 2.776, 'r': 0.4, 'type': 1}, {'idp': 33, 'x': 2.34, 'y': 3.533, 'r': 0.4, 'type': 1}, {'idp': 34, 'x': 2.672, 'y': -2.425, 'r': 0.4, 'type': 1}]
32399,1398694006.501663,[{'idp': 25, 'x': 4.428, 'y': -0.093, 'r': 0.4, 'type': 1}, {'idp': 26, 'x': 5.797, 'y': 0.29, 'r': 0.4, 'type': 1}, {'idp': 27, 'x': 6.608, 'y': 0.898, 'r': 0.4, 'type': 1}, {'idp': 29, 'x': 4.726, 'y': -0.76, 'r': 0.4, 'type': 1}, {'idp': 30, 'x': 3.316, 'y': -2.114, 'r': 0.4, 'type': 1}, {'idp': 32, 'x': 4.591, 'y': 2.772, 'r': 0.4, 'type': 1}, {'idp': 33, 'x': 2.3, 'y': 3.489, 'r': 0.4, 'type': 1}, {'idp': 34, 'x': 2.656, 'y': -2.422, 'r': 0.4, 'type': 1}]
32400,1398694006.501694,[{'idp': 25, 'x': 4.404, 'y': -0.073, 'r': 0.4, 'type': 1}, {'idp': 26, 'x': 5.837, 'y': 0.305, 'r': 0.4, 'type': 1}, {'idp': 27, 'x': 6.64, 'y': 0.918, 'r': 0.4, 'type': 1}, {'idp': 29, 'x': 4.731, 'y': -0.719, 'r': 0.4, 'type': 1}, {'idp': 30, 'x': 3.324, 'y': -2.099, 'r': 0.4, 'type': 1}, {'idp': 32, 'x': 4.546, 'y': 2.772, 'r': 0.4, 'type': 1}, {'idp': 33, 'x': 2.296, 'y': 3.54, 'r': 0.4, 'type': 1}, {'idp': 34, 'x': 2.655, 'y': -2.421, 'r': 0.4, 'type': 1}]
32401,1398694006.54171,[{'idp': 25, 'x': 4.418, 'y': -0.055, 'r': 0.4, 'type': 1}, {'idp': 26, 'x': 5.835, 'y': 0.329, 'r': 0.4, 'type': 1}, {'idp': 27, 'x': 6.643, 'y': 0.933, 'r': 0.4, 'type': 1}, {'idp': 29, 'x': 4.746, 'y': -0.711, 'r': 0.4, 'type': 1}, {'idp': 30, 'x': 3.313, 'y': -2.091, 'r': 0.4, 'type': 1}, {'idp': 32, 'x': 4.54, 'y': 2.795, 'r': 0.4, 'type': 1}, {'idp': 33, 'x': 2.283, 'y': 3.554, 'r': 0.4, 'type': 1}, {'idp': 34, 'x': 2.648, 'y': -2.404, 'r': 0.4, 'type': 1}]
32402,1398694006.5499218,[{'idp': 25, 'x': 4.439, 'y': -0.056, 'r': 0.4, 'type': 1}, {'idp': 26, 'x': 5.869, 'y': 0.331, 'r': 0.4, 'type': 1}, {'idp': 27, 'x': 6.663, 'y': 0.951, 'r': 0.4, 'type': 1}, {'idp': 29, 'x': 4.754, 'y': -0.701, 'r': 0.4, 'type': 1}, {'idp': 30, 'x': 3.307, 'y': -2.088, 'r': 0.4, 'type': 1}, {'idp': 32, 'x': 4.55, 'y': 2.802, 'r': 0.4, 'type': 1}, {'idp': 33, 'x': 2.282, 'y': 3.545, 'r': 0.4, 'type': 1}, {'idp': 34, 'x': 2.643, 'y': -2.4, 'r': 0.4, 'type': 1}]
32403,1398694006.5897539,[{'idp': 25, 'x': 4.495, 'y': -0.067, 'r': 0.4, 'type': 1}, {'idp': 26, 'x': 5.873, 'y': 0.318, 'r': 0.4, 'type': 1}, {'idp': 27, 'x': 6.713, 'y': 0.929, 'r': 0.4, 'type': 1}, {'idp': 29, 'x': 4.763, 'y': -0.692, 'r': 0.4, 'type': 1}, {'idp': 30, 'x': 3.29, 'y': -2.087, 'r': 0.4, 'type': 1}, {'idp': 32, 'x': 4.51, 'y': 2.777, 'r': 0.4, 'type': 1}, {'idp': 33, 'x': 2.271, 'y': 3.529, 'r': 0.4, 'type': 1}, {'idp': 34, 'x': 2.626, 'y': -2.416, 'r': 0.4, 'type': 1}]
32404,1398694006.6296942,[{'idp': 25, 'x': 4.512, 'y': -0.088, 'r': 0.4, 'type': 1}, {'idp': 26, 'x': 5.879, 'y': 0.292, 'r': 0.4, 'type': 1}, {'idp': 27, 'x': 6.745, 'y': 0.904, 'r': 0.4, 'type': 1}, {'idp': 29, 'x': 4.764, 'y': -0.714, 'r': 0.4, 'type': 1}, {'idp': 30, 'x': 3.27, 'y': -2.105, 'r': 0.4, 'type': 1}, {'idp': 32, 'x': 4.532, 'y': 2.777, 'r': 0.4, 'type': 1}, {'idp': 33, 'x': 2.266, 'y': 3.486, 'r': 0.4, 'type': 1}, {'idp': 34, 'x': 2.603, 'y': -2.415, 'r': 0.4, 'type': 1}]
32405,1398694006.6297255,[{'idp': 25, 'x': 4.545, 'y': -0.099, 'r': 0.4, 'type': 1}, {'idp': 26, 'x': 5.909, 'y': 0.268, 'r': 0.4, 'type': 1}, {'idp': 27, 'x': 6.756, 'y': 0.861, 'r': 0.4, 'type': 1}, {'idp': 29, 'x': 4.738, 'y': -0.721, 'r': 0.4, 'type': 1}, {'idp': 30, 'x': 3.251, 'y': -2.112, 'r': 0.4, 'type': 1}, {'idp': 32, 'x': 4.519, 'y': 2.755, 'r': 0.4, 'type': 1}, {'idp': 33, 'x': 2.296, 'y': 3.513, 'r': 0.4, 'type': 1}, {'idp': 34, 'x': 2.576, 'y': -2.433, 'r': 0.4, 'type': 1}]
32406,1398694006.6696796,[{'idp': 25, 'x': 4.554, 'y': -0.08, 'r': 0.4, 'type': 1}, {'idp': 26, 'x': 5.917, 'y': 0.293, 'r': 0.4, 'type': 1}, {'idp': 27, 'x': 6.784, 'y': 0.895, 'r': 0.4, 'type': 1}, {'idp': 29, 'x': 4.755, 'y': -0.712, 'r': 0.4, 'type': 1}, {'idp': 30, 'x': 3.25, 'y': -2.092, 'r': 0.4, 'type': 1}, {'idp': 32, 'x': 4.499, 'y': 2.77, 'r': 0.4, 'type': 1}, {'idp': 33, 'x': 2.253, 'y': 3.5, 'r': 0.4, 'type': 1}, {'idp': 34, 'x': 2.581, 'y': -2.416, 'r': 0.4, 'type': 1}]
32407,1398694006.6741226,[{'idp': 25, 'x': 4.56, 'y': -0.031, 'r': 0.4, 'type': 1}, {'idp': 26, 'x': 5.893, 'y': 0.357, 'r': 0.4, 'type': 1}, {'idp': 27, 'x': 6.76, 'y': 0.937, 'r': 0.4, 'type': 1}, {'idp': 29, 'x': 4.775, 'y': -0.673, 'r': 0.4, 'type': 1}, {'idp': 30, 'x': 3.26, 'y': -2.068, 'r': 0.4, 'type': 1}, {'idp': 32, 'x': 4.467, 'y': 2.804, 'r': 0.4, 'type': 1}, {'idp': 33, 'x': 2.251, 'y': 3.547, 'r': 0.4, 'type': 1}, {'idp': 34, 'x': 2.584, 'y': -2.387, 'r': 0.4, 'type': 1}]
32408,1398694006.7137625,[{'idp': 25, 'x': 4.581, 'y': -0.012, 'r': 0.4, 'type': 1}, {'idp': 26, 'x': 5.948, 'y': 0.386, 'r': 0.4, 'type': 1}, {'idp': 27, 'x': 6.773, 'y': 0.969, 'r': 0.4, 'type': 1}, {'idp': 29, 'x': 4.79, 'y': -0.654, 'r': 0.4, 'type': 1}, {'idp': 30, 'x': 3.253, 'y': -2.054, 'r': 0.4, 'type': 1}, {'idp': 32, 'x': 4.444, 'y': 2.845, 'r': 0.4, 'type': 1}, {'idp': 33, 'x': 2.202, 'y': 3.521, 'r': 0.4, 'type': 1}, {'idp': 34, 'x': 2.591, 'y': -2.383, 'r': 0.4, 'type': 1}]
32409,1398694006.7536867,[{'idp': 25, 'x': 4.611, 'y': -0.012, 'r': 0.4, 'type': 1}, {'idp': 26, 'x': 5.959, 'y': 0.4, 'r': 0.4, 'type': 1}, {'idp': 27, 'x': 6.77, 'y': 0.983, 'r': 0.4, 'type': 1}, {'idp': 29, 'x': 4.79, 'y': -0.633, 'r': 0.4, 'type': 1}, {'idp': 30, 'x': 3.256, 'y': -2.046, 'r': 0.4, 'type': 1}, {'idp': 32, 'x': 4.426, 'y': 2.847, 'r': 0.4, 'type': 1}, {'idp': 33, 'x': 2.195, 'y': 3.527, 'r': 0.4, 'type': 1}, {'idp': 34, 'x': 2.591, 'y': -2.384, 'r': 0.4, 'type': 1}]
32410,1398694006.7537193,[{'idp': 25, 'x': 4.646, 'y': -0.012, 'r': 0.4, 'type': 1}, {'idp': 26, 'x': 5.994, 'y': 0.402, 'r': 0.4, 'type': 1}, {'idp': 27, 'x': 6.795, 'y': 0.988, 'r': 0.4, 'type': 1}, {'idp': 29, 'x': 4.8, 'y': -0.623, 'r': 0.4, 'type': 1}, {'idp': 30, 'x': 3.238, 'y': -2.035, 'r': 0.4, 'type': 1}, {'idp': 32, 'x': 4.4, 'y': 2.843, 'r': 0.4, 'type': 1}, {'idp': 33, 'x': 2.199, 'y': 3.534, 'r': 0.4, 'type': 1}, {'idp': 34, 'x': 2.584, 'y': -2.377, 'r': 0.4, 'type': 1}]
32411,1398694006.7937274,[{'idp': 25, 'x': 4.622, 'y': -0.013, 'r': 0.4, 'type': 1}, {'idp': 26, 'x': 5.987, 'y': 0.389, 'r': 0.4, 'type': 1}, {'idp': 27, 'x': 6.789, 'y': 0.971, 'r': 0.4, 'type': 1}, {'idp': 29, 'x': 4.795, 'y': -0.623, 'r': 0.4, 'type': 1}, {'idp': 30, 'x': 3.231, 'y': -2.04, 'r': 0.4, 'type': 1}, {'idp': 32, 'x': 4.429, 'y': 2.834, 'r': 0.4, 'type': 1}, {'idp': 33, 'x': 2.19, 'y': 3.486, 'r': 0.4, 'type': 1}, {'idp': 34, 'x': 2.576, 'y': -2.381, 'r': 0.4, 'type': 1}]
32412,1398694006.79937,[{'idp': 25, 'x': 4.65, 'y': -0.034, 'r': 0.4, 'type': 1}, {'idp': 26, 'x': 6.008, 'y': 0.364, 'r': 0.4, 'type': 1}, {'idp': 27, 'x': 6.789, 'y': 0.925, 'r': 0.4, 'type': 1}, {'idp': 29, 'x': 4.815, 'y': -0.647, 'r': 0.4, 'type': 1}, {'idp': 30, 'x': 3.21, 'y': -2.047, 'r': 0.4, 'type': 1}, {'idp': 32, 'x': 4.442, 'y': 2.829, 'r': 0.4, 'type': 1}, {'idp': 33, 'x': 2.21, 'y': 3.467, 'r': 0.4, 'type': 1}, {'idp': 34, 'x': 2.553, 'y': -2.402, 'r': 0.4, 'type': 1}]
32413,1398694006.8377767,[{'idp': 25, 'x': 4.64, 'y': -0.053, 'r': 0.4, 'type': 1}, {'idp': 26, 'x': 6.044, 'y': 0.34, 'r': 0.4, 'type': 1}, {'idp': 27, 'x': 6.771, 'y': 0.877, 'r': 0.4, 'type': 1}, {'idp': 29, 'x': 4.835, 'y': -0.671, 'r': 0.4, 'type': 1}, {'idp': 30, 'x': 3.18, 'y': -2.047, 'r': 0.4, 'type': 1}, {'idp': 32, 'x': 4.464, 'y': 2.815, 'r': 0.4, 'type': 1}, {'idp': 33, 'x': 2.22, 'y': 3.45, 'r': 0.4, 'type': 1}, {'idp': 34, 'x': 2.533, 'y': -2.403, 'r': 0.4, 'type': 1}]
32414,1398694006.877663,[{'idp': 25, 'x': 4.659, 'y': -0.074, 'r': 0.4, 'type': 1}, {'idp': 26, 'x': 6.063, 'y': 0.315, 'r': 0.4, 'type': 1}, {'idp': 27, 'x': 6.804, 'y': 0.837, 'r': 0.4, 'type': 1}, {'idp': 29, 'x': 4.865, 'y': -0.697, 'r': 0.4, 'type': 1}, {'idp': 30, 'x': 3.163, 'y': -2.065, 'r': 0.4, 'type': 1}, {'idp': 32, 'x': 4.452, 'y': 2.794, 'r': 0.4, 'type': 1}, {'idp': 33, 'x': 2.232, 'y': 3.402, 'r': 0.4, 'type': 1}, {'idp': 34, 'x': 2.509, 'y': -2.412, 'r': 0.4, 'type': 1}]
32415,1398694006.877697,[{'idp': 25, 'x': 4.685, 'y': -0.085, 'r': 0.4, 'type': 1}, {'idp': 26, 'x': 6.096, 'y': 0.317, 'r': 0.4, 'type': 1}, {'idp': 27, 'x': 6.85, 'y': 0.828, 'r': 0.4, 'type': 1}, {'idp': 29, 'x': 4.91, 'y': -0.714, 'r': 0.4, 'type': 1}, {'idp': 30, 'x': 3.134, 'y': -2.046, 'r': 0.4, 'type': 1}, {'idp': 32, 'x': 4.439, 'y': 2.786, 'r': 0.4, 'type': 1}, {'idp': 33, 'x': 2.209, 'y': 3.369, 'r': 0.4, 'type': 1}, {'idp': 34, 'x': 2.493, 'y': -2.417, 'r': 0.4, 'type': 1}]
32416,1398694006.9176836,[{'idp': 25, 'x': 4.682, 'y': -0.075, 'r': 0.4, 'type': 1}, {'idp': 26, 'x': 6.114, 'y': 0.331, 'r': 0.4, 'type': 1}, {'idp': 27, 'x': 6.892, 'y': 0.848, 'r': 0.4, 'type': 1}, {'idp': 29, 'x': 4.918, 'y': -0.704, 'r': 0.4, 'type': 1}, {'idp': 30, 'x': 3.129, 'y': -2.052, 'r': 0.4, 'type': 1}, {'idp': 32, 'x': 4.43, 'y': 2.793, 'r': 0.4, 'type': 1}, {'idp': 33, 'x': 2.204, 'y': 3.36, 'r': 0.4, 'type': 1}, {'idp': 34, 'x': 2.488, 'y': -2.412, 'r': 0.4, 'type': 1}]
32417,1398694006.9238715,[{'idp': 25, 'x': 4.675, 'y': -0.065, 'r': 0.4, 'type': 1}, {'idp': 26, 'x': 6.094, 'y': 0.33, 'r': 0.4, 'type': 1}, {'idp': 27, 'x': 6.912, 'y': 0.85, 'r': 0.4, 'type': 1}, {'idp': 29, 'x': 4.925, 'y': -0.694, 'r': 0.4, 'type': 1}, {'idp': 30, 'x': 3.117, 'y': -2.045, 'r': 0.4, 'type': 1}, {'idp': 32, 'x': 4.387, 'y': 2.794, 'r': 0.4, 'type': 1}, {'idp': 33, 'x': 2.168, 'y': 3.323, 'r': 0.4, 'type': 1}, {'idp': 34, 'x': 2.479, 'y': -2.414, 'r': 0.4, 'type': 1}]
32418,1398694006.9617484,[{'idp': 25, 'x': 4.676, 'y': -0.065, 'r': 0.4, 'type': 1}, {'idp': 26, 'x': 6.111, 'y': 0.318, 'r': 0.4, 'type': 1}, {'idp': 27, 'x': 6.893, 'y': 0.863, 'r': 0.4, 'type': 1}, {'idp': 29, 'x': 4.913, 'y': -0.681, 'r': 0.4, 'type': 1}, {'idp': 30, 'x': 3.09, 'y': -2.046, 'r': 0.4, 'type': 1}, {'idp': 32, 'x': 4.353, 'y': 2.786, 'r': 0.4, 'type': 1}, {'idp': 33, 'x': 2.204, 'y': 3.409, 'r': 0.4, 'type': 1}, {'idp': 34, 'x': 2.462, 'y': -2.409, 'r': 0.4, 'type': 1}]
32419,1398694007.0016787,[{'idp': 25, 'x': 4.638, 'y': -0.054, 'r': 0.4, 'type': 1}, {'idp': 26, 'x': 6.088, 'y': 0.317, 'r': 0.4, 'type': 1}, {'idp': 27, 'x': 6.828, 'y': 0.839, 'r': 0.4, 'type': 1}, {'idp': 29, 'x': 4.91, 'y': -0.681, 'r': 0.4, 'type': 1}, {'idp': 30, 'x': 3.072, 'y': -2.055, 'r': 0.4, 'type': 1}, {'idp': 32, 'x': 4.359, 'y': 2.79, 'r': 0.4, 'type': 1}, {'idp': 33, 'x': 2.189, 'y': 3.404, 'r': 0.4, 'type': 1}, {'idp': 34, 'x': 2.453, 'y': -2.41, 'r': 0.4, 'type': 1}]
32420,1398694007.0017114,[{'idp': 25, 'x': 4.66, 'y': -0.065, 'r': 0.4, 'type': 1}, {'idp': 26, 'x': 6.121, 'y': 0.305, 'r': 0.4, 'type': 1}, {'idp': 27, 'x': 6.856, 'y': 0.828, 'r': 0.4, 'type': 1}, {'idp': 29, 'x': 4.931, 'y': -0.694, 'r': 0.4, 'type': 1}, {'idp': 30, 'x': 3.047, 'y': -2.058, 'r': 0.4, 'type': 1}, {'idp': 32, 'x': 4.381, 'y': 2.79, 'r': 0.4, 'type': 1}, {'idp': 33, 'x': 2.211, 'y': 3.406, 'r': 0.4, 'type': 1}, {'idp': 34, 'x': 2.431, 'y': -2.41, 'r': 0.4, 'type': 1}]
32421,1398694007.041672,[{'idp': 25, 'x': 4.696, 'y': -0.086, 'r': 0.4, 'type': 1}, {'idp': 26, 'x': 6.174, 'y': 0.296, 'r': 0.4, 'type': 1}, {'idp': 27, 'x': 6.957, 'y': 0.825, 'r': 0.4, 'type': 1}, {'idp': 29, 'x': 4.966, 'y': -0.71, 'r': 0.4, 'type': 1}, {'idp': 30, 'x': 3.029, 'y': -2.044, 'r': 0.4, 'type': 1}, {'idp': 32, 'x': 4.349, 'y': 2.77, 'r': 0.4, 'type': 1}, {'idp': 33, 'x': 2.24, 'y': 3.401, 'r': 0.4, 'type': 1}, {'idp': 34, 'x': 2.415, 'y': -2.414, 'r': 0.4, 'type': 1}]
32422,1398694007.0486188,[{'idp': 25, 'x': 4.712, 'y': -0.086, 'r': 0.4, 'type': 1}, {'idp': 26, 'x': 6.215, 'y': 0.298, 'r': 0.4, 'type': 1}, {'idp': 27, 'x': 7.05, 'y': 0.82, 'r': 0.4, 'type': 1}, {'idp': 29, 'x': 4.996, 'y': -0.703, 'r': 0.4, 'type': 1}, {'idp': 30, 'x': 3.002, 'y': -2.034, 'r': 0.4, 'type': 1}, {'idp': 32, 'x': 4.343, 'y': 2.766, 'r': 0.4, 'type': 1}, {'idp': 33, 'x': 2.259, 'y': 3.411, 'r': 0.4, 'type': 1}, {'idp': 34, 'x': 2.403, 'y': -2.413, 'r': 0.4, 'type': 1}]
32423,1398694007.0857244,[{'idp': 25, 'x': 4.754, 'y': -0.086, 'r': 0.4, 'type': 1}, {'idp': 26, 'x': 6.247, 'y': 0.3, 'r': 0.4, 'type': 1}, {'idp': 27, 'x': 7.126, 'y': 0.856, 'r': 0.4, 'type': 1}, {'idp': 29, 'x': 5.015, 'y': -0.705, 'r': 0.4, 'type': 1}, {'idp': 30, 'x': 2.986, 'y': -2.034, 'r': 0.4, 'type': 1}, {'idp': 32, 'x': 4.321, 'y': 2.779, 'r': 0.4, 'type': 1}, {'idp': 33, 'x': 2.272, 'y': 3.375, 'r': 0.4, 'type': 1}, {'idp': 34, 'x': 2.389, 'y': -2.42, 'r': 0.4, 'type': 1}]
32424,1398694007.1257076,[{'idp': 25, 'x': 4.755, 'y': -0.086, 'r': 0.4, 'type': 1}, {'idp': 26, 'x': 6.266, 'y': 0.302, 'r': 0.4, 'type': 1}, {'idp': 27, 'x': 7.161, 'y': 0.868, 'r': 0.4, 'type': 1}, {'idp': 29, 'x': 5.046, 'y': -0.698, 'r': 0.4, 'type': 1}, {'idp': 30, 'x': 2.963, 'y': -2.018, 'r': 0.4, 'type': 1}, {'idp': 32, 'x': 4.331, 'y': 2.785, 'r': 0.4, 'type': 1}, {'idp': 33, 'x': 2.28, 'y': 3.368, 'r': 0.4, 'type': 1}, {'idp': 34, 'x': 2.374, 'y': -2.404, 'r': 0.4, 'type': 1}]
32425,1398694007.1257365,[{'idp': 25, 'x': 4.783, 'y': -0.086, 'r': 0.4, 'type': 1}, {'idp': 26, 'x': 6.278, 'y': 0.302, 'r': 0.4, 'type': 1}, {'idp': 27, 'x': 7.156, 'y': 0.815, 'r': 0.4, 'type': 1}, {'idp': 29, 'x': 5.049, 'y': -0.71, 'r': 0.4, 'type': 1}, {'idp': 30, 'x': 2.96, 'y': -2.015, 'r': 0.4, 'type': 1}, {'idp': 32, 'x': 4.273, 'y': 2.775, 'r': 0.4, 'type': 1}, {'idp': 33, 'x': 2.301, 'y': 3.367, 'r': 0.4, 'type': 1}, {'idp': 34, 'x': 2.366, 'y': -2.407, 'r': 0.4, 'type': 1}]
32426,1398694007.1657388,[{'idp': 25, 'x': 4.753, 'y': -0.086, 'r': 0.4, 'type': 1}, {'idp': 26, 'x': 6.291, 'y': 0.303, 'r': 0.4, 'type': 1}, {'idp': 27, 'x': 7.155, 'y': 0.846, 'r': 0.4, 'type': 1}, {'idp': 29, 'x': 5.055, 'y': -0.687, 'r': 0.4, 'type': 1}, {'idp': 30, 'x': 2.944, 'y': -2.013, 'r': 0.4, 'type': 1}, {'idp': 32, 'x': 4.276, 'y': 2.776, 'r': 0.4, 'type': 1}, {'idp': 33, 'x': 2.272, 'y': 3.355, 'r': 0.4, 'type': 1}, {'idp': 34, 'x': 2.357, 'y': -2.397, 'r': 0.4, 'type': 1}]
32427,1398694007.1731248,[{'idp': 25, 'x': 4.772, 'y': -0.075, 'r': 0.4, 'type': 1}, {'idp': 26, 'x': 6.324, 'y': 0.319, 'r': 0.4, 'type': 1}, {'idp': 27, 'x': 7.169, 'y': 0.848, 'r': 0.4, 'type': 1}, {'idp': 29, 'x': 5.053, 'y': -0.687, 'r': 0.4, 'type': 1}, {'idp': 30, 'x': 2.926, 'y': -2.001, 'r': 0.4, 'type': 1}, {'idp': 32, 'x': 4.261, 'y': 2.78, 'r': 0.4, 'type': 1}, {'idp': 33, 'x': 2.287, 'y': 3.359, 'r': 0.4, 'type': 1}, {'idp': 34, 'x': 2.35, 'y': -2.401, 'r': 0.4, 'type': 1}]
32428,1398694007.2097344,[{'idp': 25, 'x': 4.811, 'y': -0.064, 'r': 0.4, 'type': 1}, {'idp': 26, 'x': 6.326, 'y': 0.319, 'r': 0.4, 'type': 1}, {'idp': 27, 'x': 7.218, 'y': 0.901, 'r': 0.4, 'type': 1}, {'idp': 29, 'x': 5.085, 'y': -0.679, 'r': 0.4, 'type': 1}, {'idp': 30, 'x': 2.915, 'y': -1.993, 'r': 0.4, 'type': 1}, {'idp': 32, 'x': 4.27, 'y': 2.798, 'r': 0.4, 'type': 1}, {'idp': 33, 'x': 2.313, 'y': 3.368, 'r': 0.4, 'type': 1}, {'idp': 34, 'x': 2.341, 'y': -2.402, 'r': 0.4, 'type': 1}]
32429,1398694007.2497833,[{'idp': 25, 'x': 4.835, 'y': -0.054, 'r': 0.4, 'type': 1}, {'idp': 26, 'x': 6.343, 'y': 0.334, 'r': 0.4, 'type': 1}, {'idp': 27, 'x': 7.226, 'y': 0.869, 'r': 0.4, 'type': 1}, {'idp': 29, 'x': 5.108, 'y': -0.66, 'r': 0.4, 'type': 1}, {'idp': 30, 'x': 2.906, 'y': -1.967, 'r': 0.4, 'type': 1}, {'idp': 32, 'x': 4.233, 'y': 2.801, 'r': 0.4, 'type': 1}, {'idp': 33, 'x': 2.312, 'y': 3.348, 'r': 0.4, 'type': 1}, {'idp': 34, 'x': 2.34, 'y': -2.39, 'r': 0.4, 'type': 1}]
32430,1398694007.2498243,[{'idp': 25, 'x': 4.871, 'y': -0.043, 'r': 0.4, 'type': 1}, {'idp': 26, 'x': 6.378, 'y': 0.365, 'r': 0.4, 'type': 1}, {'idp': 27, 'x': 7.246, 'y': 0.841, 'r': 0.4, 'type': 1}, {'idp': 29, 'x': 5.112, 'y': -0.649, 'r': 0.4, 'type': 1}, {'idp': 30, 'x': 2.901, 'y': -1.955, 'r': 0.4, 'type': 1}, {'idp': 32, 'x': 4.198, 'y': 2.805, 'r': 0.4, 'type': 1}, {'idp': 33, 'x': 2.314, 'y': 3.368, 'r': 0.4, 'type': 1}, {'idp': 34, 'x': 2.337, 'y': -2.388, 'r': 0.4, 'type': 1}]
32431,1398694007.289788,[{'idp': 25, 'x': 4.902, 'y': -0.043, 'r': 0.4, 'type': 1}, {'idp': 26, 'x': 6.345, 'y': 0.334, 'r': 0.4, 'type': 1}, {'idp': 27, 'x': 7.254, 'y': 0.889, 'r': 0.4, 'type': 1}, {'idp': 29, 'x': 5.117, 'y': -0.649, 'r': 0.4, 'type': 1}, {'idp': 30, 'x': 2.883, 'y': -1.943, 'r': 0.4, 'type': 1}, {'idp': 32, 'x': 4.197, 'y': 2.804, 'r': 0.4, 'type': 1}, {'idp': 33, 'x': 2.312, 'y': 3.364, 'r': 0.4, 'type': 1}, {'idp': 34, 'x': 2.331, 'y': -2.382, 'r': 0.4, 'type': 1}]
32432,1398694007.298757,[{'idp': 25, 'x': 4.909, 'y': -0.053, 'r': 0.4, 'type': 1}, {'idp': 26, 'x': 6.353, 'y': 0.321, 'r': 0.4, 'type': 1}, {'idp': 27, 'x': 7.3, 'y': 0.862, 'r': 0.4, 'type': 1}, {'idp': 29, 'x': 5.122, 'y': -0.65, 'r': 0.4, 'type': 1}, {'idp': 30, 'x': 2.863, 'y': -1.947, 'r': 0.4, 'type': 1}, {'idp': 32, 'x': 4.195, 'y': 2.789, 'r': 0.4, 'type': 1}, {'idp': 33, 'x': 2.334, 'y': 3.361, 'r': 0.4, 'type': 1}, {'idp': 34, 'x': 2.322, 'y': -2.394, 'r': 0.4, 'type': 1}]
32433,1398694007.337746,[{'idp': 25, 'x': 4.939, 'y': -0.064, 'r': 0.4, 'type': 1}, {'idp': 26, 'x': 6.366, 'y': 0.294, 'r': 0.4, 'type': 1}, {'idp': 27, 'x': 7.327, 'y': 0.833, 'r': 0.4, 'type': 1}, {'idp': 29, 'x': 5.114, 'y': -0.671, 'r': 0.4, 'type': 1}, {'idp': 30, 'x': 2.848, 'y': -1.955, 'r': 0.4, 'type': 1}, {'idp': 32, 'x': 4.221, 'y': 2.78, 'r': 0.4, 'type': 1}, {'idp': 33, 'x': 2.31, 'y': 3.354, 'r': 0.4, 'type': 1}, {'idp': 34, 'x': 2.304, 'y': -2.396, 'r': 0.4, 'type': 1}]
32434,1398694007.3777041,[{'idp': 25, 'x': 4.948, 'y': -0.074, 'r': 0.4, 'type': 1}, {'idp': 26, 'x': 6.412, 'y': 0.296, 'r': 0.4, 'type': 1}, {'idp': 27, 'x': 7.321, 'y': 0.832, 'r': 0.4, 'type': 1}, {'idp': 29, 'x': 5.117, 'y': -0.706, 'r': 0.4, 'type': 1}, {'idp': 30, 'x': 2.83, 'y': -1.952, 'r': 0.4, 'type': 1}, {'idp': 32, 'x': 4.203, 'y': 2.768, 'r': 0.4, 'type': 1}, {'idp': 33, 'x': 2.329, 'y': 3.318, 'r': 0.4, 'type': 1}, {'idp': 34, 'x': 2.296, 'y': -2.407, 'r': 0.4, 'type': 1}]
32435,1398694007.3777354,[{'idp': 25, 'x': 4.962, 'y': -0.074, 'r': 0.4, 'type': 1}, {'idp': 26, 'x': 6.392, 'y': 0.281, 'r': 0.4, 'type': 1}, {'idp': 27, 'x': 7.317, 'y': 0.831, 'r': 0.4, 'type': 1}, {'idp': 29, 'x': 5.145, 'y': -0.698, 'r': 0.4, 'type': 1}, {'idp': 30, 'x': 2.808, 'y': -1.946, 'r': 0.4, 'type': 1}, {'idp': 32, 'x': 4.194, 'y': 2.763, 'r': 0.4, 'type': 1}, {'idp': 33, 'x': 2.331, 'y': 3.326, 'r': 0.4, 'type': 1}, {'idp': 34, 'x': 2.292, 'y': -2.403, 'r': 0.4, 'type': 1}]
32436,1398694007.4176857,[{'idp': 25, 'x': 4.986, 'y': -0.063, 'r': 0.4, 'type': 1}, {'idp': 26, 'x': 6.394, 'y': 0.281, 'r': 0.4, 'type': 1}, {'idp': 27, 'x': 7.354, 'y': 0.835, 'r': 0.4, 'type': 1}, {'idp': 29, 'x': 5.158, 'y': -0.689, 'r': 0.4, 'type': 1}, {'idp': 30, 'x': 2.803, 'y': -1.942, 'r': 0.4, 'type': 1}, {'idp': 32, 'x': 4.24, 'y': 2.807, 'r': 0.4, 'type': 1}, {'idp': 33, 'x': 2.319, 'y': 3.327, 'r': 0.4, 'type': 1}, {'idp': 34, 'x': 2.295, 'y': -2.394, 'r': 0.4, 'type': 1}]
32437,1398694007.422844,[{'idp': 25, 'x': 4.995, 'y': -0.041, 'r': 0.4, 'type': 1}, {'idp': 26, 'x': 6.398, 'y': 0.295, 'r': 0.4, 'type': 1}, {'idp': 27, 'x': 7.37, 'y': 0.87, 'r': 0.4, 'type': 1}, {'idp': 29, 'x': 5.173, 'y': -0.667, 'r': 0.4, 'type': 1}, {'idp': 30, 'x': 2.783, 'y': -1.928, 'r': 0.4, 'type': 1}, {'idp': 32, 'x': 4.209, 'y': 2.8, 'r': 0.4, 'type': 1}, {'idp': 33, 'x': 2.327, 'y': 3.337, 'r': 0.4, 'type': 1}, {'idp': 34, 'x': 2.292, 'y': -2.38, 'r': 0.4, 'type': 1}]
32438,1398694007.4617524,[{'idp': 25, 'x': 4.993, 'y': -0.041, 'r': 0.4, 'type': 1}, {'idp': 26, 'x': 6.474, 'y': 0.313, 'r': 0.4, 'type': 1}, {'idp': 27, 'x': 7.375, 'y': 0.87, 'r': 0.4, 'type': 1}, {'idp': 29, 'x': 5.191, 'y': -0.658, 'r': 0.4, 'type': 1}, {'idp': 30, 'x': 2.77, 'y': -1.919, 'r': 0.4, 'type': 1}, {'idp': 32, 'x': 4.219, 'y': 2.82, 'r': 0.4, 'type': 1}, {'idp': 33, 'x': 2.332, 'y': 3.325, 'r': 0.4, 'type': 1}, {'idp': 34, 'x': 2.28, 'y': -2.378, 'r': 0.4, 'type': 1}]
32439,1398694007.5017254,[{'idp': 25, 'x': 4.984, 'y': -0.074, 'r': 0.4, 'type': 1}, {'idp': 26, 'x': 6.48, 'y': 0.271, 'r': 0.4, 'type': 1}, {'idp': 27, 'x': 7.426, 'y': 0.844, 'r': 0.4, 'type': 1}, {'idp': 29, 'x': 5.198, 'y': -0.671, 'r': 0.4, 'type': 1}, {'idp': 30, 'x': 2.744, 'y': -1.919, 'r': 0.4, 'type': 1}, {'idp': 32, 'x': 4.244, 'y': 2.81, 'r': 0.4, 'type': 1}, {'idp': 33, 'x': 2.328, 'y': 3.31, 'r': 0.4, 'type': 1}, {'idp': 34, 'x': 2.271, 'y': -2.378, 'r': 0.4, 'type': 1}]
32440,1398694007.5017586,[{'idp': 25, 'x': 5.007, 'y': -0.074, 'r': 0.4, 'type': 1}, {'idp': 26, 'x': 6.555, 'y': 0.274, 'r': 0.4, 'type': 1}, {'idp': 27, 'x': 7.432, 'y': 0.828, 'r': 0.4, 'type': 1}, {'idp': 29, 'x': 5.228, 'y': -0.663, 'r': 0.4, 'type': 1}, {'idp': 30, 'x': 2.725, 'y': -1.923, 'r': 0.4, 'type': 1}, {'idp': 32, 'x': 4.249, 'y': 2.8, 'r': 0.4, 'type': 1}, {'idp': 33, 'x': 2.346, 'y': 3.335, 'r': 0.4, 'type': 1}, {'idp': 34, 'x': 2.256, 'y': -2.382, 'r': 0.4, 'type': 1}]
32441,1398694007.5416913,[{'idp': 25, 'x': 4.998, 'y': -0.084, 'r': 0.4, 'type': 1}, {'idp': 26, 'x': 6.57, 'y': 0.26, 'r': 0.4, 'type': 1}, {'idp': 27, 'x': 7.456, 'y': 0.815, 'r': 0.4, 'type': 1}, {'idp': 29, 'x': 5.256, 'y': -0.655, 'r': 0.4, 'type': 1}, {'idp': 30, 'x': 2.705, 'y': -1.927, 'r': 0.4, 'type': 1}, {'idp': 32, 'x': 4.258, 'y': 2.82, 'r': 0.4, 'type': 1}, {'idp': 33, 'x': 2.361, 'y': 3.322, 'r': 0.4, 'type': 1}, {'idp': 34, 'x': 2.245, 'y': -2.381, 'r': 0.4, 'type': 1}]
32442,1398694007.5469327,[{'idp': 25, 'x': 5.001, 'y': -0.084, 'r': 0.4, 'type': 1}, {'idp': 26, 'x': 6.594, 'y': 0.246, 'r': 0.4, 'type': 1}, {'idp': 27, 'x': 7.479, 'y': 0.818, 'r': 0.4, 'type': 1}, {'idp': 29, 'x': 5.283, 'y': -0.659, 'r': 0.4, 'type': 1}, {'idp': 30, 'x': 2.691, 'y': -1.917, 'r': 0.4, 'type': 1}, {'idp': 32, 'x': 4.263, 'y': 2.824, 'r': 0.4, 'type': 1}, {'idp': 33, 'x': 2.366, 'y': 3.275, 'r': 0.4, 'type': 1}, {'idp': 34, 'x': 2.223, 'y': -2.368, 'r': 0.4, 'type': 1}]
32443,1398694007.5857282,[{'idp': 25, 'x': 5.043, 'y': -0.063, 'r': 0.4, 'type': 1}, {'idp': 26, 'x': 6.635, 'y': 0.276, 'r': 0.4, 'type': 1}, {'idp': 27, 'x': 7.493, 'y': 0.836, 'r': 0.4, 'type': 1}, {'idp': 29, 'x': 5.304, 'y': -0.639, 'r': 0.4, 'type': 1}, {'idp': 30, 'x': 2.674, 'y': -1.914, 'r': 0.4, 'type': 1}, {'idp': 32, 'x': 4.249, 'y': 2.815, 'r': 0.4, 'type': 1}, {'idp': 33, 'x': 2.37, 'y': 3.3, 'r': 0.4, 'type': 1}, {'idp': 34, 'x': 2.229, 'y': -2.364, 'r': 0.4, 'type': 1}]
32444,1398694007.625762,[{'idp': 25, 'x': 5.054, 'y': -0.063, 'r': 0.4, 'type': 1}, {'idp': 26, 'x': 6.678, 'y': 0.278, 'r': 0.4, 'type': 1}, {'idp': 27, 'x': 7.539, 'y': 0.858, 'r': 0.4, 'type': 1}, {'idp': 29, 'x': 5.311, 'y': -0.64, 'r': 0.4, 'type': 1}, {'idp': 30, 'x': 2.66, 'y': -1.913, 'r': 0.4, 'type': 1}, {'idp': 32, 'x': 4.262, 'y': 2.81, 'r': 0.4, 'type': 1}, {'idp': 33, 'x': 2.387, 'y': 3.303, 'r': 0.4, 'type': 1}, {'idp': 34, 'x': 2.205, 'y': -2.359, 'r': 0.4, 'type': 1}]
32445,1398694007.625794,[{'idp': 25, 'x': 5.052, 'y': -0.075, 'r': 0.4, 'type': 1}, {'idp': 26, 'x': 6.7, 'y': 0.264, 'r': 0.4, 'type': 1}, {'idp': 27, 'x': 7.57, 'y': 0.828, 'r': 0.4, 'type': 1}, {'idp': 29, 'x': 5.341, 'y': -0.632, 'r': 0.4, 'type': 1}, {'idp': 30, 'x': 2.636, 'y': -1.904, 'r': 0.4, 'type': 1}, {'idp': 32, 'x': 4.271, 'y': 2.805, 'r': 0.4, 'type': 1}, {'idp': 33, 'x': 2.398, 'y': 3.287, 'r': 0.4, 'type': 1}, {'idp': 34, 'x': 2.2, 'y': -2.363, 'r': 0.4, 'type': 1}]
32446,1398694007.6656604,[{'idp': 25, 'x': 5.062, 'y': -0.075, 'r': 0.4, 'type': 1}, {'idp': 26, 'x': 6.689, 'y': 0.249, 'r': 0.4, 'type': 1}, {'idp': 27, 'x': 7.59, 'y': 0.831, 'r': 0.4, 'type': 1}, {'idp': 29, 'x': 5.344, 'y': -0.633, 'r': 0.4, 'type': 1}, {'idp': 30, 'x': 2.618, 'y': -1.908, 'r': 0.4, 'type': 1}, {'idp': 32, 'x': 4.276, 'y': 2.796, 'r': 0.4, 'type': 1}, {'idp': 33, 'x': 2.402, 'y': 3.277, 'r': 0.4, 'type': 1}, {'idp': 34, 'x': 2.185, 'y': -2.357, 'r': 0.4, 'type': 1}]
32447,1398694007.6716115,[{'idp': 25, 'x': 5.057, 'y': -0.097, 'r': 0.4, 'type': 1}, {'idp': 26, 'x': 6.708, 'y': 0.249, 'r': 0.4, 'type': 1}, {'idp': 27, 'x': 7.582, 'y': 0.813, 'r': 0.4, 'type': 1}, {'idp': 29, 'x': 5.37, 'y': -0.636, 'r': 0.4, 'type': 1}, {'idp': 30, 'x': 2.592, 'y': -1.906, 'r': 0.4, 'type': 1}, {'idp': 32, 'x': 4.27, 'y': 2.775, 'r': 0.4, 'type': 1}, {'idp': 33, 'x': 2.403, 'y': 3.249, 'r': 0.4, 'type': 1}, {'idp': 34, 'x': 2.159, 'y': -2.351, 'r': 0.4, 'type': 1}]
32448,1398694007.7097714,[{'idp': 25, 'x': 5.087, 'y': -0.098, 'r': 0.4, 'type': 1}, {'idp': 26, 'x': 6.722, 'y': 0.235, 'r': 0.4, 'type': 1}, {'idp': 27, 'x': 7.599, 'y': 0.799, 'r': 0.4, 'type': 1}, {'idp': 29, 'x': 5.37, 'y': -0.636, 'r': 0.4, 'type': 1}, {'idp': 30, 'x': 2.576, 'y': -1.904, 'r': 0.4, 'type': 1}, {'idp': 32, 'x': 4.27, 'y': 2.784, 'r': 0.4, 'type': 1}, {'idp': 33, 'x': 2.43, 'y': 3.256, 'r': 0.4, 'type': 1}, {'idp': 34, 'x': 2.145, 'y': -2.344, 'r': 0.4, 'type': 1}]
32449,1398694007.7496977,[{'idp': 25, 'x': 5.118, 'y': -0.098, 'r': 0.4, 'type': 1}, {'idp': 26, 'x': 6.743, 'y': 0.235, 'r': 0.4, 'type': 1}, {'idp': 27, 'x': 7.619, 'y': 0.801, 'r': 0.4, 'type': 1}, {'idp': 29, 'x': 5.394, 'y': -0.639, 'r': 0.4, 'type': 1}, {'idp': 30, 'x': 2.549, 'y': -1.901, 'r': 0.4, 'type': 1}, {'idp': 32, 'x': 4.284, 'y': 2.776, 'r': 0.4, 'type': 1}, {'idp': 33, 'x': 2.397, 'y': 3.166, 'r': 0.4, 'type': 1}, {'idp': 34, 'x': 2.127, 'y': -2.346, 'r': 0.4, 'type': 1}]
32450,1398694007.7497272,[{'idp': 25, 'x': 5.149, 'y': -0.099, 'r': 0.4, 'type': 1}, {'idp': 26, 'x': 6.763, 'y': 0.235, 'r': 0.4, 'type': 1}, {'idp': 27, 'x': 7.629, 'y': 0.803, 'r': 0.4, 'type': 1}, {'idp': 29, 'x': 5.406, 'y': -0.641, 'r': 0.4, 'type': 1}, {'idp': 30, 'x': 2.532, 'y': -1.897, 'r': 0.4, 'type': 1}, {'idp': 32, 'x': 4.286, 'y': 2.764, 'r': 0.4, 'type': 1}, {'idp': 33, 'x': 2.431, 'y': 3.195, 'r': 0.4, 'type': 1}, {'idp': 34, 'x': 2.107, 'y': -2.344, 'r': 0.4, 'type': 1}]
32451,1398694007.7896888,[{'idp': 25, 'x': 5.172, 'y': -0.089, 'r': 0.4, 'type': 1}, {'idp': 26, 'x': 6.766, 'y': 0.265, 'r': 0.4, 'type': 1}, {'idp': 27, 'x': 7.654, 'y': 0.788, 'r': 0.4, 'type': 1}, {'idp': 29, 'x': 5.42, 'y': -0.631, 'r': 0.4, 'type': 1}, {'idp': 30, 'x': 2.511, 'y': -1.89, 'r': 0.4, 'type': 1}, {'idp': 32, 'x': 4.289, 'y': 2.742, 'r': 0.4, 'type': 1}, {'idp': 33, 'x': 2.444, 'y': 3.212, 'r': 0.4, 'type': 1}, {'idp': 34, 'x': 2.091, 'y': -2.326, 'r': 0.4, 'type': 1}]
32452,1398694007.796556,[{'idp': 25, 'x': 5.196, 'y': -0.081, 'r': 0.4, 'type': 1}, {'idp': 26, 'x': 6.759, 'y': 0.279, 'r': 0.4, 'type': 1}, {'idp': 27, 'x': 7.644, 'y': 0.821, 'r': 0.4, 'type': 1}, {'idp': 29, 'x': 5.413, 'y': -0.606, 'r': 0.4, 'type': 1}, {'idp': 30, 'x': 2.485, 'y': -1.87, 'r': 0.4, 'type': 1}, {'idp': 32, 'x': 4.262, 'y': 2.776, 'r': 0.4, 'type': 1}, {'idp': 33, 'x': 2.453, 'y': 3.238, 'r': 0.4, 'type': 1}, {'idp': 34, 'x': 2.08, 'y': -2.313, 'r': 0.4, 'type': 1}]
32453,1398694007.8337286,[{'idp': 25, 'x': 5.213, 'y': -0.076, 'r': 0.4, 'type': 1}, {'idp': 26, 'x': 6.759, 'y': 0.323, 'r': 0.4, 'type': 1}, {'idp': 27, 'x': 7.629, 'y': 0.854, 'r': 0.4, 'type': 1}, {'idp': 29, 'x': 5.411, 'y': -0.582, 'r': 0.4, 'type': 1}, {'idp': 30, 'x': 2.473, 'y': -1.845, 'r': 0.4, 'type': 1}, {'idp': 32, 'x': 4.247, 'y': 2.783, 'r': 0.4, 'type': 1}, {'idp': 33, 'x': 2.465, 'y': 3.267, 'r': 0.4, 'type': 1}, {'idp': 34, 'x': 2.073, 'y': -2.296, 'r': 0.4, 'type': 1}]
32454,1398694007.8736658,[{'idp': 25, 'x': 5.234, 'y': -0.024, 'r': 0.4, 'type': 1}, {'idp': 26, 'x': 6.652, 'y': 0.378, 'r': 0.4, 'type': 1}, {'idp': 27, 'x': 7.674, 'y': 0.876, 'r': 0.4, 'type': 1}, {'idp': 29, 'x': 5.424, 'y': -0.572, 'r': 0.4, 'type': 1}, {'idp': 30, 'x': 2.452, 'y': -1.846, 'r': 0.4, 'type': 1}, {'idp': 32, 'x': 4.251, 'y': 2.774, 'r': 0.4, 'type': 1}, {'idp': 33, 'x': 2.501, 'y': 3.296, 'r': 0.4, 'type': 1}, {'idp': 34, 'x': 2.062, 'y': -2.283, 'r': 0.4, 'type': 1}]
32455,1398694007.873695,[{'idp': 25, 'x': 5.239, 'y': 0.001, 'r': 0.4, 'type': 1}, {'idp': 26, 'x': 6.629, 'y': 0.391, 'r': 0.4, 'type': 1}, {'idp': 27, 'x': 7.665, 'y': 0.841, 'r': 0.4, 'type': 1}, {'idp': 29, 'x': 5.436, 'y': -0.597, 'r': 0.4, 'type': 1}, {'idp': 30, 'x': 2.423, 'y': -1.842, 'r': 0.4, 'type': 1}, {'idp': 32, 'x': 4.26, 'y': 2.765, 'r': 0.4, 'type': 1}, {'idp': 33, 'x': 2.497, 'y': 3.257, 'r': 0.4, 'type': 1}, {'idp': 34, 'x': 2.031, 'y': -2.272, 'r': 0.4, 'type': 1}]
32456,1398694007.9138317,[{'idp': 25, 'x': 5.253, 'y': -0.023, 'r': 0.4, 'type': 1}, {'idp': 26, 'x': 6.64, 'y': 0.362, 'r': 0.4, 'type': 1}, {'idp': 27, 'x': 7.671, 'y': 0.824, 'r': 0.4, 'type': 1}, {'idp': 29, 'x': 5.42, 'y': -0.595, 'r': 0.4, 'type': 1}, {'idp': 30, 'x': 2.402, 'y': -1.851, 'r': 0.4, 'type': 1}, {'idp': 32, 'x': 4.28, 'y': 2.751, 'r': 0.4, 'type': 1}, {'idp': 33, 'x': 2.52, 'y': 3.262, 'r': 0.4, 'type': 1}, {'idp': 34, 'x': 2.006, 'y': -2.267, 'r': 0.4, 'type': 1}]
32457,1398694007.9221172,[{'idp': 25, 'x': 5.266, 'y': -0.046, 'r': 0.4, 'type': 1}, {'idp': 26, 'x': 6.653, 'y': 0.32, 'r': 0.4, 'type': 1}, {'idp': 27, 'x': 7.655, 'y': 0.688, 'r': 0.4, 'type': 1}, {'idp': 29, 'x': 5.431, 'y': -0.621, 'r': 0.4, 'type': 1}, {'idp': 30, 'x': 2.374, 'y': -1.854, 'r': 0.4, 'type': 1}, {'idp': 32, 'x': 4.281, 'y': 2.725, 'r': 0.4, 'type': 1}, {'idp': 33, 'x': 2.54, 'y': 3.249, 'r': 0.4, 'type': 1}, {'idp': 34, 'x': 1.981, 'y': -2.269, 'r': 0.4, 'type': 1}]
32458,1398694007.9617727,[{'idp': 25, 'x': 5.29, 'y': -0.024, 'r': 0.4, 'type': 1}, {'idp': 26, 'x': 6.68, 'y': 0.321, 'r': 0.4, 'type': 1}, {'idp': 27, 'x': 7.66, 'y': 0.722, 'r': 0.4, 'type': 1}, {'idp': 29, 'x': 5.427, 'y': -0.632, 'r': 0.4, 'type': 1}, {'idp': 30, 'x': 2.347, 'y': -1.85, 'r': 0.4, 'type': 1}, {'idp': 32, 'x': 4.291, 'y': 2.707, 'r': 0.4, 'type': 1}, {'idp': 33, 'x': 2.565, 'y': 3.253, 'r': 0.4, 'type': 1}, {'idp': 34, 'x': 1.945, 'y': -2.275, 'r': 0.4, 'type': 1}]
32459,1398694008.0017288,[{'idp': 25, 'x': 5.313, 'y': -0.047, 'r': 0.4, 'type': 1}, {'idp': 26, 'x': 6.681, 'y': 0.336, 'r': 0.4, 'type': 1}, {'idp': 27, 'x': 7.673, 'y': 0.707, 'r': 0.4, 'type': 1}, {'idp': 29, 'x': 5.425, 'y': -0.608, 'r': 0.4, 'type': 1}, {'idp': 30, 'x': 2.325, 'y': -1.841, 'r': 0.4, 'type': 1}, {'idp': 32, 'x': 4.264, 'y': 2.713, 'r': 0.4, 'type': 1}, {'idp': 33, 'x': 2.548, 'y': 3.244, 'r': 0.4, 'type': 1}, {'idp': 34, 'x': 1.923, 'y': -2.275, 'r': 0.4, 'type': 1}]
32460,1398694008.0017567,[{'idp': 25, 'x': 5.327, 'y': -0.001, 'r': 0.4, 'type': 1}, {'idp': 26, 'x': 6.683, 'y': 0.336, 'r': 0.4, 'type': 1}, {'idp': 27, 'x': 7.673, 'y': 0.791, 'r': 0.4, 'type': 1}, {'idp': 29, 'x': 5.45, 'y': -0.61, 'r': 0.4, 'type': 1}, {'idp': 30, 'x': 2.32, 'y': -1.829, 'r': 0.4, 'type': 1}, {'idp': 32, 'x': 4.266, 'y': 2.718, 'r': 0.4, 'type': 1}, {'idp': 33, 'x': 2.53, 'y': 3.243, 'r': 0.4, 'type': 1}, {'idp': 34, 'x': 1.903, 'y': -2.263, 'r': 0.4, 'type': 1}]
32461,1398694008.0417037,[{'idp': 25, 'x': 5.359, 'y': -0.013, 'r': 0.4, 'type': 1}, {'idp': 26, 'x': 6.693, 'y': 0.351, 'r': 0.4, 'type': 1}, {'idp': 27, 'x': 7.637, 'y': 0.753, 'r': 0.4, 'type': 1}, {'idp': 29, 'x': 5.465, 'y': -0.588, 'r': 0.4, 'type': 1}, {'idp': 30, 'x': 2.305, 'y': -1.825, 'r': 0.4, 'type': 1}, {'idp': 32, 'x': 4.238, 'y': 2.737, 'r': 0.4, 'type': 1}, {'idp': 33, 'x': 2.536, 'y': 3.265, 'r': 0.4, 'type': 1}, {'idp': 34, 'x': 1.888, 'y': -2.245, 'r': 0.4, 'type': 1}]
32462,1398694008.046506,[{'idp': 25, 'x': 5.353, 'y': -0.014, 'r': 0.4, 'type': 1}, {'idp': 26, 'x': 6.688, 'y': 0.365, 'r': 0.4, 'type': 1}, {'idp': 27, 'x': 7.629, 'y': 0.819, 'r': 0.4, 'type': 1}, {'idp': 29, 'x': 5.465, 'y': -0.589, 'r': 0.4, 'type': 1}, {'idp': 30, 'x': 2.292, 'y': -1.824, 'r': 0.4, 'type': 1}, {'idp': 32, 'x': 4.245, 'y': 2.741, 'r': 0.4, 'type': 1}, {'idp': 33, 'x': 2.528, 'y': 3.254, 'r': 0.4, 'type': 1}, {'idp': 34, 'x': 1.859, 'y': -2.241, 'r': 0.4, 'type': 1}]
32463,1398694008.0857828,[{'idp': 25, 'x': 5.35, 'y': -0.014, 'r': 0.4, 'type': 1}, {'idp': 26, 'x': 6.694, 'y': 0.351, 'r': 0.4, 'type': 1}, {'idp': 27, 'x': 7.661, 'y': 0.789, 'r': 0.4, 'type': 1}, {'idp': 29, 'x': 5.479, 'y': -0.59, 'r': 0.4, 'type': 1}, {'idp': 30, 'x': 2.272, 'y': -1.824, 'r': 0.4, 'type': 1}, {'idp': 32, 'x': 4.235, 'y': 2.722, 'r': 0.4, 'type': 1}, {'idp': 33, 'x': 2.546, 'y': 3.249, 'r': 0.4, 'type': 1}, {'idp': 34, 'x': 1.838, 'y': -2.236, 'r': 0.4, 'type': 1}]
32464,1398694008.1257339,[{'idp': 25, 'x': 5.336, 'y': 0.009, 'r': 0.4, 'type': 1}, {'idp': 26, 'x': 6.756, 'y': 0.325, 'r': 0.4, 'type': 1}, {'idp': 27, 'x': 7.715, 'y': 0.778, 'r': 0.4, 'type': 1}, {'idp': 29, 'x': 5.492, 'y': -0.604, 'r': 0.4, 'type': 1}, {'idp': 30, 'x': 2.256, 'y': -1.828, 'r': 0.4, 'type': 1}, {'idp': 32, 'x': 4.241, 'y': 2.712, 'r': 0.4, 'type': 1}, {'idp': 33, 'x': 2.545, 'y': 3.241, 'r': 0.4, 'type': 1}, {'idp': 34, 'x': 1.8, 'y': -2.232, 'r': 0.4, 'type': 1}]
32465,1398694008.125765,[{'idp': 25, 'x': 5.362, 'y': 0.009, 'r': 0.4, 'type': 1}, {'idp': 26, 'x': 6.781, 'y': 0.326, 'r': 0.4, 'type': 1}, {'idp': 27, 'x': 7.786, 'y': 0.751, 'r': 0.4, 'type': 1}, {'idp': 29, 'x': 5.528, 'y': -0.608, 'r': 0.4, 'type': 1}, {'idp': 30, 'x': 2.236, 'y': -1.82, 'r': 0.4, 'type': 1}, {'idp': 32, 'x': 4.234, 'y': 2.707, 'r': 0.4, 'type': 1}, {'idp': 33, 'x': 2.553, 'y': 3.257, 'r': 0.4, 'type': 1}, {'idp': 34, 'x': 1.774, 'y': -2.23, 'r': 0.4, 'type': 1}]
32466,1398694008.1657014,[{'idp': 25, 'x': 5.37, 'y': -0.002, 'r': 0.4, 'type': 1}, {'idp': 26, 'x': 6.866, 'y': 0.3, 'r': 0.4, 'type': 1}, {'idp': 27, 'x': 7.83, 'y': 0.739, 'r': 0.4, 'type': 1}, {'idp': 29, 'x': 5.578, 'y': -0.625, 'r': 0.4, 'type': 1}, {'idp': 30, 'x': 2.202, 'y': -1.842, 'r': 0.4, 'type': 1}, {'idp': 32, 'x': 4.235, 'y': 2.695, 'r': 0.4, 'type': 1}, {'idp': 33, 'x': 2.572, 'y': 3.248, 'r': 0.4, 'type': 1}, {'idp': 34, 'x': 1.751, 'y': -2.221, 'r': 0.4, 'type': 1}]
32467,1398694008.1716075,[{'idp': 25, 'x': 5.385, 'y': -0.003, 'r': 0.4, 'type': 1}, {'idp': 26, 'x': 6.901, 'y': 0.301, 'r': 0.4, 'type': 1}, {'idp': 27, 'x': 7.895, 'y': 0.761, 'r': 0.4, 'type': 1}, {'idp': 29, 'x': 5.604, 'y': -0.628, 'r': 0.4, 'type': 1}, {'idp': 30, 'x': 2.176, 'y': -1.874, 'r': 0.4, 'type': 1}, {'idp': 32, 'x': 4.238, 'y': 2.684, 'r': 0.4, 'type': 1}, {'idp': 33, 'x': 2.582, 'y': 3.241, 'r': 0.4, 'type': 1}, {'idp': 34, 'x': 1.728, 'y': -2.224, 'r': 0.4, 'type': 1}]
32468,1398694008.2097433,[{'idp': 25, 'x': 5.382, 'y': 0.009, 'r': 0.4, 'type': 1}, {'idp': 26, 'x': 6.947, 'y': 0.303, 'r': 0.4, 'type': 1}, {'idp': 27, 'x': 7.972, 'y': 0.804, 'r': 0.4, 'type': 1}, {'idp': 29, 'x': 5.607, 'y': -0.616, 'r': 0.4, 'type': 1}, {'idp': 30, 'x': 2.137, 'y': -1.871, 'r': 0.4, 'type': 1}, {'idp': 32, 'x': 4.241, 'y': 2.698, 'r': 0.4, 'type': 1}, {'idp': 33, 'x': 2.595, 'y': 3.244, 'r': 0.4, 'type': 1}, {'idp': 34, 'x': 1.705, 'y': -2.216, 'r': 0.4, 'type': 1}]
32469,1398694008.2496517,[{'idp': 25, 'x': 5.392, 'y': 0.009, 'r': 0.4, 'type': 1}, {'idp': 26, 'x': 6.985, 'y': 0.305, 'r': 0.4, 'type': 1}, {'idp': 27, 'x': 7.975, 'y': 0.787, 'r': 0.4, 'type': 1}, {'idp': 29, 'x': 5.641, 'y': -0.619, 'r': 0.4, 'type': 1}, {'idp': 30, 'x': 2.121, 'y': -1.883, 'r': 0.4, 'type': 1}, {'idp': 32, 'x': 4.229, 'y': 2.69, 'r': 0.4, 'type': 1}, {'idp': 33, 'x': 2.603, 'y': 3.226, 'r': 0.4, 'type': 1}, {'idp': 34, 'x': 1.687, 'y': -2.203, 'r': 0.4, 'type': 1}]
32470,1398694008.2496824,[{'idp': 25, 'x': 5.405, 'y': 0.009, 'r': 0.4, 'type': 1}, {'idp': 26, 'x': 7.042, 'y': 0.292, 'r': 0.4, 'type': 1}, {'idp': 27, 'x': 8.013, 'y': 0.773, 'r': 0.4, 'type': 1}, {'idp': 29, 'x': 5.664, 'y': -0.621, 'r': 0.4, 'type': 1}, {'idp': 30, 'x': 2.112, 'y': -1.867, 'r': 0.4, 'type': 1}, {'idp': 32, 'x': 4.229, 'y': 2.675, 'r': 0.4, 'type': 1}, {'idp': 33, 'x': 2.612, 'y': 3.224, 'r': 0.4, 'type': 1}, {'idp': 34, 'x': 1.656, 'y': -2.203, 'r': 0.4, 'type': 1}]
32471,1398694008.289674,[{'idp': 25, 'x': 5.41, 'y': 0.009, 'r': 0.4, 'type': 1}, {'idp': 26, 'x': 7.093, 'y': 0.279, 'r': 0.4, 'type': 1}, {'idp': 27, 'x': 8.046, 'y': 0.758, 'r': 0.4, 'type': 1}, {'idp': 29, 'x': 5.685, 'y': -0.636, 'r': 0.4, 'type': 1}, {'idp': 30, 'x': 2.109, 'y': -1.859, 'r': 0.4, 'type': 1}, {'idp': 32, 'x': 4.255, 'y': 2.661, 'r': 0.4, 'type': 1}, {'idp': 33, 'x': 2.629, 'y': 3.202, 'r': 0.4, 'type': 1}, {'idp': 34, 'x': 1.624, 'y': -2.192, 'r': 0.4, 'type': 1}]
32472,1398694008.2963772,[{'idp': 25, 'x': 5.459, 'y': -0.014, 'r': 0.4, 'type': 1}, {'idp': 26, 'x': 7.168, 'y': 0.25, 'r': 0.4, 'type': 1}, {'idp': 27, 'x': 8.073, 'y': 0.742, 'r': 0.4, 'type': 1}, {'idp': 29, 'x': 5.696, 'y': -0.637, 'r': 0.4, 'type': 1}, {'idp': 30, 'x': 2.101, 'y': -1.863, 'r': 0.4, 'type': 1}, {'idp': 32, 'x': 4.265, 'y': 2.639, 'r': 0.4, 'type': 1}, {'idp': 33, 'x': 2.627, 'y': 3.173, 'r': 0.4, 'type': 1}, {'idp': 34, 'x': 1.604, 'y': -2.195, 'r': 0.4, 'type': 1}]
32473,1398694008.333624,[{'idp': 25, 'x': 5.482, 'y': -0.003, 'r': 0.4, 'type': 1}, {'idp': 26, 'x': 7.186, 'y': 0.267, 'r': 0.4, 'type': 1}, {'idp': 27, 'x': 8.075, 'y': 0.742, 'r': 0.4, 'type': 1}, {'idp': 29, 'x': 5.713, 'y': -0.638, 'r': 0.4, 'type': 1}, {'idp': 30, 'x': 2.079, 'y': -1.86, 'r': 0.4, 'type': 1}, {'idp': 32, 'x': 4.264, 'y': 2.625, 'r': 0.4, 'type': 1}, {'idp': 33, 'x': 2.681, 'y': 3.21, 'r': 0.4, 'type': 1}, {'idp': 34, 'x': 1.588, 'y': -2.194, 'r': 0.4, 'type': 1}]
32474,1398694008.3737295,[{'idp': 25, 'x': 5.514, 'y': -0.003, 'r': 0.4, 'type': 1}, {'idp': 26, 'x': 7.25, 'y': 0.269, 'r': 0.4, 'type': 1}, {'idp': 27, 'x': 8.091, 'y': 0.743, 'r': 0.4, 'type': 1}, {'idp': 29, 'x': 5.724, 'y': -0.639, 'r': 0.4, 'type': 1}, {'idp': 30, 'x': 2.063, 'y': -1.861, 'r': 0.4, 'type': 1}, {'idp': 32, 'x': 4.256, 'y': 2.64, 'r': 0.4, 'type': 1}, {'idp': 33, 'x': 2.713, 'y': 3.219, 'r': 0.4, 'type': 1}, {'idp': 34, 'x': 1.558, 'y': -2.173, 'r': 0.4, 'type': 1}]
32475,1398694008.3737607,[{'idp': 25, 'x': 5.516, 'y': 0.022, 'r': 0.4, 'type': 1}, {'idp': 26, 'x': 7.25, 'y': 0.269, 'r': 0.4, 'type': 1}, {'idp': 27, 'x': 8.103, 'y': 0.744, 'r': 0.4, 'type': 1}, {'idp': 29, 'x': 5.727, 'y': -0.639, 'r': 0.4, 'type': 1}, {'idp': 30, 'x': 2.048, 'y': -1.849, 'r': 0.4, 'type': 1}, {'idp': 32, 'x': 4.27, 'y': 2.627, 'r': 0.4, 'type': 1}, {'idp': 33, 'x': 2.728, 'y': 3.223, 'r': 0.4, 'type': 1}, {'idp': 34, 'x': 1.543, 'y': -2.173, 'r': 0.4, 'type': 1}]
32476,1398694008.4137304,[{'idp': 25, 'x': 5.529, 'y': 0.034, 'r': 0.4, 'type': 1}, {'idp': 26, 'x': 7.25, 'y': 0.269, 'r': 0.4, 'type': 1}, {'idp': 27, 'x': 8.139, 'y': 0.747, 'r': 0.4, 'type': 1}, {'idp': 29, 'x': 5.736, 'y': -0.628, 'r': 0.4, 'type': 1}, {'idp': 30, 'x': 2.05, 'y': -1.842, 'r': 0.4, 'type': 1}, {'idp': 32, 'x': 4.276, 'y': 2.599, 'r': 0.4, 'type': 1}, {'idp': 33, 'x': 2.761, 'y': 3.231, 'r': 0.4, 'type': 1}, {'idp': 34, 'x': 1.524, 'y': -2.169, 'r': 0.4, 'type': 1}]
32477,1398694008.4217105,[{'idp': 25, 'x': 5.536, 'y': 0.022, 'r': 0.4, 'type': 1}, {'idp': 26, 'x': 7.25, 'y': 0.269, 'r': 0.4, 'type': 1}, {'idp': 27, 'x': 8.141, 'y': 0.765, 'r': 0.4, 'type': 1}, {'idp': 29, 'x': 5.742, 'y': -0.628, 'r': 0.4, 'type': 1}, {'idp': 30, 'x': 2.056, 'y': -1.824, 'r': 0.4, 'type': 1}, {'idp': 32, 'x': 4.293, 'y': 2.583, 'r': 0.4, 'type': 1}, {'idp': 33, 'x': 2.779, 'y': 3.221, 'r': 0.4, 'type': 1}, {'idp': 34, 'x': 1.502, 'y': -2.167, 'r': 0.4, 'type': 1}]
32478,1398694008.4617176,[{'idp': 25, 'x': 5.567, 'y': 0.023, 'r': 0.4, 'type': 1}, {'idp': 26, 'x': 7.25, 'y': 0.269, 'r': 0.4, 'type': 1}, {'idp': 27, 'x': 8.157, 'y': 0.713, 'r': 0.4, 'type': 1}, {'idp': 29, 'x': 5.769, 'y': -0.63, 'r': 0.4, 'type': 1}, {'idp': 30, 'x': 2.068, 'y': -1.814, 'r': 0.4, 'type': 1}, {'idp': 32, 'x': 4.303, 'y': 2.574, 'r': 0.4, 'type': 1}, {'idp': 33, 'x': 2.807, 'y': 3.222, 'r': 0.4, 'type': 1}, {'idp': 34, 'x': 1.477, 'y': -2.151, 'r': 0.4, 'type': 1}]
32479,1398694008.5016856,[{'idp': 25, 'x': 5.567, 'y': 0.023, 'r': 0.4, 'type': 1}, {'idp': 26, 'x': 7.25, 'y': 0.269, 'r': 0.4, 'type': 1}, {'idp': 27, 'x': 8.158, 'y': 0.748, 'r': 0.4, 'type': 1}, {'idp': 29, 'x': 5.776, 'y': -0.618, 'r': 0.4, 'type': 1}, {'idp': 30, 'x': 2.055, 'y': -1.81, 'r': 0.4, 'type': 1}, {'idp': 32, 'x': 4.316, 'y': 2.557, 'r': 0.4, 'type': 1}, {'idp': 33, 'x': 2.822, 'y': 3.23, 'r': 0.4, 'type': 1}, {'idp': 34, 'x': 1.458, 'y': -2.154, 'r': 0.4, 'type': 1}]
32480,1398694008.5017157,[{'idp': 25, 'x': 5.586, 'y': 0.011, 'r': 0.4, 'type': 1}, {'idp': 26, 'x': 7.25, 'y': 0.269, 'r': 0.4, 'type': 1}, {'idp': 27, 'x': 8.183, 'y': 0.733, 'r': 0.4, 'type': 1}, {'idp': 29, 'x': 5.772, 'y': -0.643, 'r': 0.4, 'type': 1}, {'idp': 30, 'x': 2.037, 'y': -1.811, 'r': 0.4, 'type': 1}, {'idp': 32, 'x': 4.32, 'y': 2.534, 'r': 0.4, 'type': 1}, {'idp': 33, 'x': 2.833, 'y': 3.214, 'r': 0.4, 'type': 1}, {'idp': 34, 'x': 1.435, 'y': -2.139, 'r': 0.4, 'type': 1}]
32481,1398694008.5416946,[{'idp': 25, 'x': 5.593, 'y': 0.012, 'r': 0.4, 'type': 1}, {'idp': 26, 'x': 7.25, 'y': 0.269, 'r': 0.4, 'type': 1}, {'idp': 27, 'x': 8.204, 'y': 0.716, 'r': 0.4, 'type': 1}, {'idp': 29, 'x': 5.761, 'y': -0.642, 'r': 0.4, 'type': 1}, {'idp': 30, 'x': 2.034, 'y': -1.816, 'r': 0.4, 'type': 1}, {'idp': 32, 'x': 4.33, 'y': 2.514, 'r': 0.4, 'type': 1}, {'idp': 33, 'x': 2.865, 'y': 3.211, 'r': 0.4, 'type': 1}, {'idp': 34, 'x': 1.417, 'y': -2.143, 'r': 0.4, 'type': 1}]
32482,1398694008.545969,[{'idp': 25, 'x': 5.619, 'y': 0.012, 'r': 0.4, 'type': 1}, {'idp': 26, 'x': 7.25, 'y': 0.269, 'r': 0.4, 'type': 1}, {'idp': 27, 'x': 8.214, 'y': 0.717, 'r': 0.4, 'type': 1}, {'idp': 29, 'x': 5.768, 'y': -0.63, 'r': 0.4, 'type': 1}, {'idp': 30, 'x': 2.022, 'y': -1.813, 'r': 0.4, 'type': 1}, {'idp': 32, 'x': 4.321, 'y': 2.509, 'r': 0.4, 'type': 1}, {'idp': 33, 'x': 2.871, 'y': 3.201, 'r': 0.4, 'type': 1}, {'idp': 34, 'x': 1.396, 'y': -2.12, 'r': 0.4, 'type': 1}]
32483,1398694008.5857728,[{'idp': 25, 'x': 5.642, 'y': 0.025, 'r': 0.4, 'type': 1}, {'idp': 26, 'x': 7.25, 'y': 0.269, 'r': 0.4, 'type': 1}, {'idp': 27, 'x': 8.217, 'y': 0.735, 'r': 0.4, 'type': 1}, {'idp': 29, 'x': 5.768, 'y': -0.63, 'r': 0.4, 'type': 1}, {'idp': 30, 'x': 2.01, 'y': -1.81, 'r': 0.4, 'type': 1}, {'idp': 32, 'x': 4.312, 'y': 2.504, 'r': 0.4, 'type': 1}, {'idp': 33, 'x': 2.894, 'y': 3.227, 'r': 0.4, 'type': 1}, {'idp': 34, 'x': 1.382, 'y': -2.119, 'r': 0.4, 'type': 1}]
32484,1398694008.6257236,[{'idp': 25, 'x': 5.665, 'y': 0.038, 'r': 0.4, 'type': 1}, {'idp': 26, 'x': 7.25, 'y': 0.269, 'r': 0.4, 'type': 1}, {'idp': 27, 'x': 8.223, 'y': 0.736, 'r': 0.4, 'type': 1}, {'idp': 29, 'x': 5.796, 'y': -0.633, 'r': 0.4, 'type': 1}, {'idp': 30, 'x': 2.001, 'y': -1.811, 'r': 0.4, 'type': 1}, {'idp': 32, 'x': 4.25, 'y': 2.454, 'r': 0.4, 'type': 1}, {'idp': 33, 'x': 2.885, 'y': 3.214, 'r': 0.4, 'type': 1}, {'idp': 34, 'x': 1.363, 'y': -2.099, 'r': 0.4, 'type': 1}]
32485,1398694008.6257577,[{'idp': 25, 'x': 5.654, 'y': 0.038, 'r': 0.4, 'type': 1}, {'idp': 26, 'x': 7.253, 'y': 0.047, 'r': 0.4, 'type': 1}, {'idp': 27, 'x': 8.23, 'y': 0.754, 'r': 0.4, 'type': 1}, {'idp': 29, 'x': 5.793, 'y': -0.607, 'r': 0.4, 'type': 1}, {'idp': 30, 'x': 1.987, 'y': -1.805, 'r': 0.4, 'type': 1}, {'idp': 32, 'x': 4.229, 'y': 2.442, 'r': 0.4, 'type': 1}, {'idp': 33, 'x': 2.903, 'y': 3.217, 'r': 0.4, 'type': 1}, {'idp': 34, 'x': 1.343, 'y': -2.087, 'r': 0.4, 'type': 1}]
32486,1398694008.6656988,[{'idp': 25, 'x': 5.682, 'y': 0.039, 'r': 0.4, 'type': 1}, {'idp': 26, 'x': 7.358, 'y': 0.048, 'r': 0.4, 'type': 1}, {'idp': 27, 'x': 8.271, 'y': 0.722, 'r': 0.4, 'type': 1}, {'idp': 29, 'x': 5.814, 'y': -0.635, 'r': 0.4, 'type': 1}, {'idp': 30, 'x': 1.982, 'y': -1.809, 'r': 0.4, 'type': 1}, {'idp': 32, 'x': 4.296, 'y': 2.454, 'r': 0.4, 'type': 1}, {'idp': 33, 'x': 2.898, 'y': 3.225, 'r': 0.4, 'type': 1}, {'idp': 34, 'x': 1.327, 'y': -2.081, 'r': 0.4, 'type': 1}]
32487,1398694008.6709967,[{'idp': 25, 'x': 5.696, 'y': 0.039, 'r': 0.4, 'type': 1}, {'idp': 26, 'x': 7.358, 'y': 0.048, 'r': 0.4, 'type': 1}, {'idp': 27, 'x': 8.265, 'y': 0.757, 'r': 0.4, 'type': 1}, {'idp': 29, 'x': 5.804, 'y': -0.633, 'r': 0.4, 'type': 1}, {'idp': 30, 'x': 1.967, 'y': -1.811, 'r': 0.4, 'type': 1}, {'idp': 32, 'x': 4.287, 'y': 2.461, 'r': 0.4, 'type': 1}, {'idp': 33, 'x': 2.911, 'y': 3.213, 'r': 0.4, 'type': 1}, {'idp': 34, 'x': 1.297, 'y': -2.075, 'r': 0.4, 'type': 1}]
32488,1398694008.7098365,[{'idp': 25, 'x': 5.701, 'y': 0.027, 'r': 0.4, 'type': 1}, {'idp': 26, 'x': 7.358, 'y': 0.048, 'r': 0.4, 'type': 1}, {'idp': 27, 'x': 8.29, 'y': 0.741, 'r': 0.4, 'type': 1}, {'idp': 29, 'x': 5.823, 'y': -0.635, 'r': 0.4, 'type': 1}, {'idp': 30, 'x': 1.95, 'y': -1.812, 'r': 0.4, 'type': 1}, {'idp': 32, 'x': 4.339, 'y': 2.465, 'r': 0.4, 'type': 1}, {'idp': 33, 'x': 2.915, 'y': 3.202, 'r': 0.4, 'type': 1}, {'idp': 34, 'x': 1.276, 'y': -2.06, 'r': 0.4, 'type': 1}]
32489,1398694008.7496672,[{'idp': 25, 'x': 5.74, 'y': 0.04, 'r': 0.4, 'type': 1}, {'idp': 26, 'x': 7.358, 'y': 0.048, 'r': 0.4, 'type': 1}, {'idp': 27, 'x': 8.34, 'y': 0.728, 'r': 0.4, 'type': 1}, {'idp': 29, 'x': 5.85, 'y': -0.612, 'r': 0.4, 'type': 1}, {'idp': 30, 'x': 1.936, 'y': -1.814, 'r': 0.4, 'type': 1}, {'idp': 32, 'x': 4.362, 'y': 2.478, 'r': 0.4, 'type': 1}, {'idp': 33, 'x': 2.931, 'y': 3.22, 'r': 0.4, 'type': 1}, {'idp': 34, 'x': 1.249, 'y': -2.046, 'r': 0.4, 'type': 1}]
32490,1398694008.7496982,[{'idp': 25, 'x': 5.706, 'y': 0.027, 'r': 0.4, 'type': 1}, {'idp': 26, 'x': 7.358, 'y': 0.048, 'r': 0.4, 'type': 1}, {'idp': 27, 'x': 8.361, 'y': 0.693, 'r': 0.4, 'type': 1}, {'idp': 29, 'x': 5.852, 'y': -0.613, 'r': 0.4, 'type': 1}, {'idp': 30, 'x': 1.935, 'y': -1.814, 'r': 0.4, 'type': 1}, {'idp': 32, 'x': 4.365, 'y': 2.479, 'r': 0.4, 'type': 1}, {'idp': 33, 'x': 2.939, 'y': 3.215, 'r': 0.4, 'type': 1}, {'idp': 34, 'x': 1.225, 'y': -2.025, 'r': 0.4, 'type': 1}]
32491,1398694008.7896976,[{'idp': 25, 'x': 5.722, 'y': 0.028, 'r': 0.4, 'type': 1}, {'idp': 26, 'x': 7.358, 'y': 0.048, 'r': 0.4, 'type': 1}, {'idp': 27, 'x': 8.343, 'y': 0.674, 'r': 0.4, 'type': 1}, {'idp': 29, 'x': 5.876, 'y': -0.602, 'r': 0.4, 'type': 1}, {'idp': 30, 'x': 1.913, 'y': -1.809, 'r': 0.4, 'type': 1}, {'idp': 32, 'x': 4.406, 'y': 2.489, 'r': 0.4, 'type': 1}, {'idp': 33, 'x': 2.936, 'y': 3.2, 'r': 0.4, 'type': 1}, {'idp': 34, 'x': 1.203, 'y': -2.007, 'r': 0.4, 'type': 1}]
32492,1398694008.795864,[{'idp': 25, 'x': 5.751, 'y': 0.028, 'r': 0.4, 'type': 1}, {'idp': 26, 'x': 7.358, 'y': 0.048, 'r': 0.4, 'type': 1}, {'idp': 27, 'x': 8.389, 'y': 0.695, 'r': 0.4, 'type': 1}, {'idp': 29, 'x': 5.881, 'y': -0.616, 'r': 0.4, 'type': 1}, {'idp': 30, 'x': 1.902, 'y': -1.813, 'r': 0.4, 'type': 1}, {'idp': 32, 'x': 4.407, 'y': 2.476, 'r': 0.4, 'type': 1}, {'idp': 33, 'x': 2.952, 'y': 3.205, 'r': 0.4, 'type': 1}, {'idp': 34, 'x': 1.178, 'y': -1.995, 'r': 0.4, 'type': 1}]
32493,1398694008.8337483,[{'idp': 25, 'x': 5.755, 'y': 0.028, 'r': 0.4, 'type': 1}, {'idp': 26, 'x': 7.358, 'y': 0.048, 'r': 0.4, 'type': 1}, {'idp': 27, 'x': 8.405, 'y': 0.715, 'r': 0.4, 'type': 1}, {'idp': 29, 'x': 5.901, 'y': -0.605, 'r': 0.4, 'type': 1}, {'idp': 30, 'x': 1.89, 'y': -1.818, 'r': 0.4, 'type': 1}, {'idp': 32, 'x': 4.409, 'y': 2.478, 'r': 0.4, 'type': 1}, {'idp': 33, 'x': 2.954, 'y': 3.205, 'r': 0.4, 'type': 1}, {'idp': 34, 'x': 1.155, 'y': -1.973, 'r': 0.4, 'type': 1}]
32494,1398694008.8736656,[{'idp': 25, 'x': 5.736, 'y': 0.028, 'r': 0.4, 'type': 1}, {'idp': 26, 'x': 7.358, 'y': 0.048, 'r': 0.4, 'type': 1}, {'idp': 27, 'x': 8.42, 'y': 0.717, 'r': 0.4, 'type': 1}, {'idp': 29, 'x': 5.928, 'y': -0.595, 'r': 0.4, 'type': 1}, {'idp': 30, 'x': 1.878, 'y': -1.806, 'r': 0.4, 'type': 1}, {'idp': 32, 'x': 4.393, 'y': 2.481, 'r': 0.4, 'type': 1}, {'idp': 33, 'x': 2.982, 'y': 3.2, 'r': 0.4, 'type': 1}, {'idp': 34, 'x': 1.133, 'y': -1.954, 'r': 0.4, 'type': 1}]
32495,1398694008.8736994,[{'idp': 25, 'x': 5.753, 'y': 0.04, 'r': 0.4, 'type': 1}, {'idp': 26, 'x': 7.358, 'y': 0.048, 'r': 0.4, 'type': 1}, {'idp': 27, 'x': 8.453, 'y': 0.739, 'r': 0.4, 'type': 1}, {'idp': 29, 'x': 5.946, 'y': -0.585, 'r': 0.4, 'type': 1}, {'idp': 30, 'x': 1.869, 'y': -1.806, 'r': 0.4, 'type': 1}, {'idp': 32, 'x': 4.392, 'y': 2.493, 'r': 0.4, 'type': 1}, {'idp': 33, 'x': 2.991, 'y': 3.22, 'r': 0.4, 'type': 1}, {'idp': 34, 'x': 1.108, 'y': -1.95, 'r': 0.4, 'type': 1}]
32496,1398694008.9137356,[{'idp': 25, 'x': 5.764, 'y': 0.066, 'r': 0.4, 'type': 1}, {'idp': 26, 'x': 7.358, 'y': 0.048, 'r': 0.4, 'type': 1}, {'idp': 27, 'x': 8.473, 'y': 0.741, 'r': 0.4, 'type': 1}, {'idp': 29, 'x': 5.98, 'y': -0.562, 'r': 0.4, 'type': 1}, {'idp': 30, 'x': 1.868, 'y': -1.805, 'r': 0.4, 'type': 1}, {'idp': 32, 'x': 4.399, 'y': 2.497, 'r': 0.4, 'type': 1}, {'idp': 33, 'x': 2.997, 'y': 3.222, 'r': 0.4, 'type': 1}, {'idp': 34, 'x': 1.093, 'y': -1.942, 'r': 0.4, 'type': 1}]
32497,1398694008.9208853,[{'idp': 25, 'x': 5.761, 'y': 0.04, 'r': 0.4, 'type': 1}, {'idp': 26, 'x': 7.358, 'y': 0.048, 'r': 0.4, 'type': 1}, {'idp': 27, 'x': 8.463, 'y': 0.74, 'r': 0.4, 'type': 1}, {'idp': 29, 'x': 5.969, 'y': -0.561, 'r': 0.4, 'type': 1}, {'idp': 30, 'x': 1.847, 'y': -1.808, 'r': 0.4, 'type': 1}, {'idp': 32, 'x': 4.394, 'y': 2.494, 'r': 0.4, 'type': 1}, {'idp': 33, 'x': 3.0, 'y': 3.217, 'r': 0.4, 'type': 1}, {'idp': 34, 'x': 1.053, 'y': -1.941, 'r': 0.4, 'type': 1}]
32498,1398694008.9576917,[{'idp': 25, 'x': 5.774, 'y': 0.04, 'r': 0.4, 'type': 1}, {'idp': 26, 'x': 7.358, 'y': 0.048, 'r': 0.4, 'type': 1}, {'idp': 27, 'x': 8.498, 'y': 0.706, 'r': 0.4, 'type': 1}, {'idp': 29, 'x': 5.986, 'y': -0.576, 'r': 0.4, 'type': 1}, {'idp': 30, 'x': 1.832, 'y': -1.809, 'r': 0.4, 'type': 1}, {'idp': 32, 'x': 4.345, 'y': 2.468, 'r': 0.4, 'type': 1}, {'idp': 33, 'x': 3.037, 'y': 3.205, 'r': 0.4, 'type': 1}, {'idp': 34, 'x': 1.015, 'y': -1.941, 'r': 0.4, 'type': 1}]
32499,1398694008.9976704,[{'idp': 25, 'x': 5.791, 'y': 0.028, 'r': 0.4, 'type': 1}, {'idp': 26, 'x': 7.358, 'y': 0.048, 'r': 0.4, 'type': 1}, {'idp': 27, 'x': 8.524, 'y': 0.69, 'r': 0.4, 'type': 1}, {'idp': 29, 'x': 6.003, 'y': -0.578, 'r': 0.4, 'type': 1}, {'idp': 30, 'x': 1.821, 'y': -1.806, 'r': 0.4, 'type': 1}, {'idp': 32, 'x': 4.388, 'y': 2.467, 'r': 0.4, 'type': 1}, {'idp': 33, 'x': 3.05, 'y': 3.2, 'r': 0.4, 'type': 1}, {'idp': 34, 'x': 0.992, 'y': -1.938, 'r': 0.4, 'type': 1}]
32500,1398694008.9977005,[{'idp': 25, 'x': 5.803, 'y': 0.028, 'r': 0.4, 'type': 1}, {'idp': 26, 'x': 7.358, 'y': 0.048, 'r': 0.4, 'type': 1}, {'idp': 27, 'x': 8.538, 'y': 0.691, 'r': 0.4, 'type': 1}, {'idp': 29, 'x': 6.018, 'y': -0.567, 'r': 0.4, 'type': 1}, {'idp': 30, 'x': 1.807, 'y': -1.8, 'r': 0.4, 'type': 1}, {'idp': 32, 'x': 4.387, 'y': 2.454, 'r': 0.4, 'type': 1}, {'idp': 33, 'x': 3.068, 'y': 3.192, 'r': 0.4, 'type': 1}, {'idp': 34, 'x': 0.967, 'y': -1.941, 'r': 0.4, 'type': 1}]
32501,1398694009.0377967,[{'idp': 25, 'x': 5.847, 'y': 0.04, 'r': 0.4, 'type': 1}, {'idp': 26, 'x': 7.358, 'y': 0.048, 'r': 0.4, 'type': 1}, {'idp': 27, 'x': 8.55, 'y': 0.693, 'r': 0.4, 'type': 1}, {'idp': 29, 'x': 6.034, 'y': -0.569, 'r': 0.4, 'type': 1}, {'idp': 30, 'x': 1.803, 'y': -1.804, 'r': 0.4, 'type': 1}, {'idp': 32, 'x': 4.331, 'y': 2.424, 'r': 0.4, 'type': 1}, {'idp': 33, 'x': 3.067, 'y': 3.177, 'r': 0.4, 'type': 1}, {'idp': 34, 'x': 0.941, 'y': -1.931, 'r': 0.4, 'type': 1}]
32502,1398694009.0457702,[{'idp': 25, 'x': 5.845, 'y': 0.04, 'r': 0.4, 'type': 1}, {'idp': 26, 'x': 7.358, 'y': 0.048, 'r': 0.4, 'type': 1}, {'idp': 27, 'x': 8.556, 'y': 0.674, 'r': 0.4, 'type': 1}, {'idp': 29, 'x': 6.059, 'y': -0.558, 'r': 0.4, 'type': 1}, {'idp': 30, 'x': 1.787, 'y': -1.804, 'r': 0.4, 'type': 1}, {'idp': 32, 'x': 4.329, 'y': 2.423, 'r': 0.4, 'type': 1}, {'idp': 33, 'x': 3.053, 'y': 3.147, 'r': 0.4, 'type': 1}, {'idp': 34, 'x': 0.918, 'y': -1.923, 'r': 0.4, 'type': 1}]
32503,1398694009.085691,[{'idp': 25, 'x': 5.864, 'y': 0.04, 'r': 0.4, 'type': 1}, {'idp': 26, 'x': 7.358, 'y': 0.048, 'r': 0.4, 'type': 1}, {'idp': 27, 'x': 8.576, 'y': 0.676, 'r': 0.4, 'type': 1}, {'idp': 29, 'x': 6.068, 'y': -0.559, 'r': 0.4, 'type': 1}, {'idp': 30, 'x': 1.777, 'y': -1.809, 'r': 0.4, 'type': 1}, {'idp': 32, 'x': 4.269, 'y': 2.39, 'r': 0.4, 'type': 1}, {'idp': 33, 'x': 3.086, 'y': 3.167, 'r': 0.4, 'type': 1}, {'idp': 34, 'x': 0.892, 'y': -1.911, 'r': 0.4, 'type': 1}]
32504,1398694009.1258247,[{'idp': 25, 'x': 5.879, 'y': 0.053, 'r': 0.4, 'type': 1}, {'idp': 26, 'x': 7.358, 'y': 0.048, 'r': 0.4, 'type': 1}, {'idp': 27, 'x': 8.554, 'y': 0.655, 'r': 0.4, 'type': 1}, {'idp': 29, 'x': 6.062, 'y': -0.558, 'r': 0.4, 'type': 1}, {'idp': 30, 'x': 1.76, 'y': -1.808, 'r': 0.4, 'type': 1}, {'idp': 32, 'x': 4.312, 'y': 2.39, 'r': 0.4, 'type': 1}, {'idp': 33, 'x': 3.139, 'y': 3.179, 'r': 0.4, 'type': 1}, {'idp': 34, 'x': 0.878, 'y': -1.913, 'r': 0.4, 'type': 1}]
32505,1398694009.1258523,[{'idp': 25, 'x': 5.887, 'y': 0.053, 'r': 0.4, 'type': 1}, {'idp': 26, 'x': 7.358, 'y': 0.048, 'r': 0.4, 'type': 1}, {'idp': 27, 'x': 8.58, 'y': 0.658, 'r': 0.4, 'type': 1}, {'idp': 29, 'x': 6.07, 'y': -0.559, 'r': 0.4, 'type': 1}, {'idp': 30, 'x': 1.749, 'y': -1.804, 'r': 0.4, 'type': 1}, {'idp': 32, 'x': 4.35, 'y': 2.399, 'r': 0.4, 'type': 1}, {'idp': 33, 'x': 3.169, 'y': 3.18, 'r': 0.4, 'type': 1}, {'idp': 34, 'x': 0.847, 'y': -1.91, 'r': 0.4, 'type': 1}]
32506,1398694009.1657047,[{'idp': 25, 'x': 5.896, 'y': 0.066, 'r': 0.4, 'type': 1}, {'idp': 26, 'x': 7.358, 'y': 0.048, 'r': 0.4, 'type': 1}, {'idp': 27, 'x': 8.541, 'y': 0.655, 'r': 0.4, 'type': 1}, {'idp': 29, 'x': 6.077, 'y': -0.546, 'r': 0.4, 'type': 1}, {'idp': 30, 'x': 1.746, 'y': -1.809, 'r': 0.4, 'type': 1}, {'idp': 32, 'x': 4.45, 'y': 2.443, 'r': 0.4, 'type': 1}, {'idp': 33, 'x': 3.172, 'y': 3.169, 'r': 0.4, 'type': 1}, {'idp': 34, 'x': 0.829, 'y': -1.902, 'r': 0.4, 'type': 1}]
32507,1398694009.170255,[{'idp': 25, 'x': 5.928, 'y': 0.078, 'r': 0.4, 'type': 1}, {'idp': 26, 'x': 7.358, 'y': 0.048, 'r': 0.4, 'type': 1}, {'idp': 27, 'x': 8.588, 'y': 0.677, 'r': 0.4, 'type': 1}, {'idp': 29, 'x': 6.096, 'y': -0.548, 'r': 0.4, 'type': 1}, {'idp': 30, 'x': 1.731, 'y': -1.793, 'r': 0.4, 'type': 1}, {'idp': 32, 'x': 4.515, 'y': 2.465, 'r': 0.4, 'type': 1}, {'idp': 33, 'x': 3.187, 'y': 3.17, 'r': 0.4, 'type': 1}, {'idp': 34, 'x': 0.815, 'y': -1.892, 'r': 0.4, 'type': 1}]
32508,1398694009.2097867,[{'idp': 25, 'x': 5.948, 'y': 0.104, 'r': 0.4, 'type': 1}, {'idp': 26, 'x': 7.358, 'y': 0.048, 'r': 0.4, 'type': 1}, {'idp': 27, 'x': 8.566, 'y': 0.618, 'r': 0.4, 'type': 1}, {'idp': 29, 'x': 6.074, 'y': -0.533, 'r': 0.4, 'type': 1}, {'idp': 30, 'x': 1.721, 'y': -1.799, 'r': 0.4, 'type': 1}, {'idp': 32, 'x': 4.549, 'y': 2.484, 'r': 0.4, 'type': 1}, {'idp': 33, 'x': 3.212, 'y': 3.164, 'r': 0.4, 'type': 1}, {'idp': 34, 'x': 0.802, 'y': -1.885, 'r': 0.4, 'type': 1}]
32509,1398694009.2496812,[{'idp': 25, 'x': 5.986, 'y': 0.104, 'r': 0.4, 'type': 1}, {'idp': 26, 'x': 7.358, 'y': 0.048, 'r': 0.4, 'type': 1}, {'idp': 27, 'x': 8.559, 'y': 0.599, 'r': 0.4, 'type': 1}, {'idp': 29, 'x': 6.079, 'y': -0.533, 'r': 0.4, 'type': 1}, {'idp': 30, 'x': 1.707, 'y': -1.8, 'r': 0.4, 'type': 1}, {'idp': 32, 'x': 4.577, 'y': 2.486, 'r': 0.4, 'type': 1}, {'idp': 33, 'x': 3.214, 'y': 3.158, 'r': 0.4, 'type': 1}, {'idp': 34, 'x': 0.789, 'y': -1.877, 'r': 0.4, 'type': 1}]
32510,1398694009.2497,[{'idp': 25, 'x': 5.976, 'y': 0.091, 'r': 0.4, 'type': 1}, {'idp': 26, 'x': 7.358, 'y': 0.048, 'r': 0.4, 'type': 1}, {'idp': 27, 'x': 8.592, 'y': 0.601, 'r': 0.4, 'type': 1}, {'idp': 29, 'x': 6.082, 'y': -0.534, 'r': 0.4, 'type': 1}, {'idp': 30, 'x': 1.699, 'y': -1.807, 'r': 0.4, 'type': 1}, {'idp': 32, 'x': 4.618, 'y': 2.469, 'r': 0.4, 'type': 1}, {'idp': 33, 'x': 3.242, 'y': 3.15, 'r': 0.4, 'type': 1}, {'idp': 34, 'x': 0.777, 'y': -1.881, 'r': 0.4, 'type': 1}]
32511,1398694009.2897618,[{'idp': 25, 'x': 6.001, 'y': 0.078, 'r': 0.4, 'type': 1}, {'idp': 26, 'x': 7.358, 'y': 0.048, 'r': 0.4, 'type': 1}, {'idp': 27, 'x': 8.573, 'y': 0.6, 'r': 0.4, 'type': 1}, {'idp': 29, 'x': 6.08, 'y': -0.534, 'r': 0.4, 'type': 1}, {'idp': 30, 'x': 1.691, 'y': -1.806, 'r': 0.4, 'type': 1}, {'idp': 32, 'x': 4.613, 'y': 2.469, 'r': 0.4, 'type': 1}, {'idp': 33, 'x': 3.223, 'y': 3.143, 'r': 0.4, 'type': 1}, {'idp': 34, 'x': 0.756, 'y': -1.877, 'r': 0.4, 'type': 1}]
32512,1398694009.2946787,[{'idp': 25, 'x': 6.017, 'y': 0.078, 'r': 0.4, 'type': 1}, {'idp': 26, 'x': 7.358, 'y': 0.048, 'r': 0.4, 'type': 1}, {'idp': 27, 'x': 8.592, 'y': 0.582, 'r': 0.4, 'type': 1}, {'idp': 29, 'x': 6.094, 'y': -0.521, 'r': 0.4, 'type': 1}, {'idp': 30, 'x': 1.674, 'y': -1.803, 'r': 0.4, 'type': 1}, {'idp': 32, 'x': 4.618, 'y': 2.458, 'r': 0.4, 'type': 1}, {'idp': 33, 'x': 3.258, 'y': 3.138, 'r': 0.4, 'type': 1}, {'idp': 34, 'x': 0.734, 'y': -1.868, 'r': 0.4, 'type': 1}]
32513,1398694009.3337796,[{'idp': 25, 'x': 6.028, 'y': 0.077, 'r': 0.4, 'type': 1}, {'idp': 26, 'x': 7.358, 'y': 0.048, 'r': 0.4, 'type': 1}, {'idp': 27, 'x': 8.708, 'y': 0.61, 'r': 0.4, 'type': 1}, {'idp': 29, 'x': 6.094, 'y': -0.521, 'r': 0.4, 'type': 1}, {'idp': 30, 'x': 1.659, 'y': -1.803, 'r': 0.4, 'type': 1}, {'idp': 32, 'x': 4.668, 'y': 2.468, 'r': 0.4, 'type': 1}, {'idp': 33, 'x': 3.258, 'y': 3.139, 'r': 0.4, 'type': 1}, {'idp': 34, 'x': 0.72, 'y': -1.87, 'r': 0.4, 'type': 1}]
32514,1398694009.3737073,[{'idp': 25, 'x': 6.053, 'y': 0.104, 'r': 0.4, 'type': 1}, {'idp': 27, 'x': 8.75, 'y': 0.593, 'r': 0.4, 'type': 1}, {'idp': 29, 'x': 6.124, 'y': -0.524, 'r': 0.4, 'type': 1}, {'idp': 30, 'x': 1.655, 'y': -1.8, 'r': 0.4, 'type': 1}, {'idp': 32, 'x': 4.689, 'y': 2.465, 'r': 0.4, 'type': 1}, {'idp': 33, 'x': 3.25, 'y': 3.125, 'r': 0.4, 'type': 1}, {'idp': 34, 'x': 0.699, 'y': -1.862, 'r': 0.4, 'type': 1}]
32515,1398694009.373736,[{'idp': 25, 'x': 6.06, 'y': 0.117, 'r': 0.4, 'type': 1}, {'idp': 27, 'x': 8.807, 'y': 0.598, 'r': 0.4, 'type': 1}, {'idp': 29, 'x': 6.137, 'y': -0.525, 'r': 0.4, 'type': 1}, {'idp': 30, 'x': 1.64, 'y': -1.798, 'r': 0.4, 'type': 1}, {'idp': 32, 'x': 4.703, 'y': 2.476, 'r': 0.4, 'type': 1}, {'idp': 33, 'x': 3.289, 'y': 3.128, 'r': 0.4, 'type': 1}, {'idp': 34, 'x': 0.671, 'y': -1.864, 'r': 0.4, 'type': 1}]
32516,1398694009.4136555,[{'idp': 25, 'x': 6.038, 'y': 0.117, 'r': 0.4, 'type': 1}, {'idp': 27, 'x': 8.873, 'y': 0.622, 'r': 0.4, 'type': 1}, {'idp': 29, 'x': 6.144, 'y': -0.512, 'r': 0.4, 'type': 1}, {'idp': 30, 'x': 1.63, 'y': -1.803, 'r': 0.4, 'type': 1}, {'idp': 32, 'x': 4.714, 'y': 2.47, 'r': 0.4, 'type': 1}, {'idp': 33, 'x': 3.297, 'y': 3.116, 'r': 0.4, 'type': 1}, {'idp': 34, 'x': 0.647, 'y': -1.864, 'r': 0.4, 'type': 1}]
32517,1398694009.4201164,[{'idp': 25, 'x': 6.075, 'y': 0.091, 'r': 0.4, 'type': 1}, {'idp': 27, 'x': 8.872, 'y': 0.582, 'r': 0.4, 'type': 1}, {'idp': 29, 'x': 6.197, 'y': -0.53, 'r': 0.4, 'type': 1}, {'idp': 30, 'x': 1.613, 'y': -1.801, 'r': 0.4, 'type': 1}, {'idp': 32, 'x': 4.741, 'y': 2.463, 'r': 0.4, 'type': 1}, {'idp': 33, 'x': 3.317, 'y': 3.105, 'r': 0.4, 'type': 1}, {'idp': 34, 'x': 0.617, 'y': -1.868, 'r': 0.4, 'type': 1}]
32518,1398694009.4577134,[{'idp': 25, 'x': 6.074, 'y': 0.104, 'r': 0.4, 'type': 1}, {'idp': 27, 'x': 8.912, 'y': 0.565, 'r': 0.4, 'type': 1}, {'idp': 29, 'x': 6.227, 'y': -0.546, 'r': 0.4, 'type': 1}, {'idp': 30, 'x': 1.61, 'y': -1.805, 'r': 0.4, 'type': 1}, {'idp': 32, 'x': 4.736, 'y': 2.467, 'r': 0.4, 'type': 1}, {'idp': 33, 'x': 3.337, 'y': 3.095, 'r': 0.4, 'type': 1}, {'idp': 34, 'x': 0.596, 'y': -1.861, 'r': 0.4, 'type': 1}]
32519,1398694009.4976928,[{'idp': 25, 'x': 6.08, 'y': 0.104, 'r': 0.4, 'type': 1}, {'idp': 27, 'x': 8.943, 'y': 0.567, 'r': 0.4, 'type': 1}, {'idp': 29, 'x': 6.248, 'y': -0.534, 'r': 0.4, 'type': 1}, {'idp': 30, 'x': 1.599, 'y': -1.808, 'r': 0.4, 'type': 1}, {'idp': 32, 'x': 4.753, 'y': 2.476, 'r': 0.4, 'type': 1}, {'idp': 33, 'x': 3.345, 'y': 3.076, 'r': 0.4, 'type': 1}, {'idp': 34, 'x': 0.566, 'y': -1.852, 'r': 0.4, 'type': 1}]
32520,1398694009.4977236,[{'idp': 25, 'x': 6.112, 'y': 0.091, 'r': 0.4, 'type': 1}, {'idp': 27, 'x': 8.982, 'y': 0.569, 'r': 0.4, 'type': 1}, {'idp': 29, 'x': 6.285, 'y': -0.537, 'r': 0.4, 'type': 1}, {'idp': 30, 'x': 1.582, 'y': -1.805, 'r': 0.4, 'type': 1}, {'idp': 32, 'x': 4.74, 'y': 2.481, 'r': 0.4, 'type': 1}, {'idp': 33, 'x': 3.358, 'y': 3.062, 'r': 0.4, 'type': 1}, {'idp': 34, 'x': 0.557, 'y': -1.851, 'r': 0.4, 'type': 1}]
32521,1398694009.5377576,[{'idp': 25, 'x': 6.102, 'y': 0.104, 'r': 0.4, 'type': 1}, {'idp': 27, 'x': 8.972, 'y': 0.588, 'r': 0.4, 'type': 1}, {'idp': 29, 'x': 6.313, 'y': -0.525, 'r': 0.4, 'type': 1}, {'idp': 30, 'x': 1.581, 'y': -1.804, 'r': 0.4, 'type': 1}, {'idp': 32, 'x': 4.77, 'y': 2.496, 'r': 0.4, 'type': 1}, {'idp': 33, 'x': 3.366, 'y': 3.044, 'r': 0.4, 'type': 1}, {'idp': 34, 'x': 0.526, 'y': -1.85, 'r': 0.4, 'type': 1}]
32522,1398694009.54373,[{'idp': 25, 'x': 6.122, 'y': 0.104, 'r': 0.4, 'type': 1}, {'idp': 27, 'x': 8.997, 'y': 0.59, 'r': 0.4, 'type': 1}, {'idp': 29, 'x': 6.325, 'y': -0.526, 'r': 0.4, 'type': 1}, {'idp': 30, 'x': 1.567, 'y': -1.804, 'r': 0.4, 'type': 1}, {'idp': 32, 'x': 4.771, 'y': 2.497, 'r': 0.4, 'type': 1}, {'idp': 33, 'x': 3.35, 'y': 3.029, 'r': 0.4, 'type': 1}, {'idp': 34, 'x': 0.503, 'y': -1.85, 'r': 0.4, 'type': 1}]
32523,1398694009.581636,[{'idp': 25, 'x': 6.145, 'y': 0.105, 'r': 0.4, 'type': 1}, {'idp': 27, 'x': 9.017, 'y': 0.591, 'r': 0.4, 'type': 1}, {'idp': 29, 'x': 6.353, 'y': -0.514, 'r': 0.4, 'type': 1}, {'idp': 30, 'x': 1.551, 'y': -1.802, 'r': 0.4, 'type': 1}, {'idp': 32, 'x': 4.782, 'y': 2.515, 'r': 0.4, 'type': 1}, {'idp': 33, 'x': 3.411, 'y': 3.031, 'r': 0.4, 'type': 1}, {'idp': 34, 'x': 0.475, 'y': -1.846, 'r': 0.4, 'type': 1}]
32524,1398694009.6216753,[{'idp': 25, 'x': 6.12, 'y': 0.118, 'r': 0.4, 'type': 1}, {'idp': 27, 'x': 9.03, 'y': 0.572, 'r': 0.4, 'type': 1}, {'idp': 29, 'x': 6.347, 'y': -0.527, 'r': 0.4, 'type': 1}, {'idp': 30, 'x': 1.54, 'y': -1.805, 'r': 0.4, 'type': 1}, {'idp': 32, 'x': 4.787, 'y': 2.504, 'r': 0.4, 'type': 1}, {'idp': 33, 'x': 3.473, 'y': 3.059, 'r': 0.4, 'type': 1}, {'idp': 34, 'x': 0.463, 'y': -1.848, 'r': 0.4, 'type': 1}]
32525,1398694009.6217034,[{'idp': 25, 'x': 6.144, 'y': 0.119, 'r': 0.4, 'type': 1}, {'idp': 27, 'x': 9.038, 'y': 0.552, 'r': 0.4, 'type': 1}, {'idp': 29, 'x': 6.341, 'y': -0.527, 'r': 0.4, 'type': 1}, {'idp': 30, 'x': 1.528, 'y': -1.807, 'r': 0.4, 'type': 1}, {'idp': 32, 'x': 4.785, 'y': 2.497, 'r': 0.4, 'type': 1}, {'idp': 33, 'x': 3.48, 'y': 3.039, 'r': 0.4, 'type': 1}, {'idp': 34, 'x': 0.43, 'y': -1.839, 'r': 0.4, 'type': 1}]
32526,1398694009.661676,[{'idp': 25, 'x': 6.176, 'y': 0.133, 'r': 0.4, 'type': 1}, {'idp': 27, 'x': 9.023, 'y': 0.591, 'r': 0.4, 'type': 1}, {'idp': 29, 'x': 6.36, 'y': -0.528, 'r': 0.4, 'type': 1}, {'idp': 30, 'x': 1.514, 'y': -1.806, 'r': 0.4, 'type': 1}, {'idp': 32, 'x': 4.783, 'y': 2.503, 'r': 0.4, 'type': 1}, {'idp': 33, 'x': 3.507, 'y': 3.036, 'r': 0.4, 'type': 1}, {'idp': 34, 'x': 0.415, 'y': -1.831, 'r': 0.4, 'type': 1}]
32527,1398694009.6684916,[{'idp': 25, 'x': 6.215, 'y': 0.147, 'r': 0.4, 'type': 1}, {'idp': 27, 'x': 9.009, 'y': 0.609, 'r': 0.4, 'type': 1}, {'idp': 29, 'x': 6.354, 'y': -0.527, 'r': 0.4, 'type': 1}, {'idp': 30, 'x': 1.507, 'y': -1.797, 'r': 0.4, 'type': 1}, {'idp': 32, 'x': 4.795, 'y': 2.51, 'r': 0.4, 'type': 1}, {'idp': 33, 'x': 3.531, 'y': 3.042, 'r': 0.4, 'type': 1}, {'idp': 34, 'x': 0.402, 'y': -1.829, 'r': 0.4, 'type': 1}]
32528,1398694009.7058349,[{'idp': 25, 'x': 6.211, 'y': 0.161, 'r': 0.4, 'type': 1}, {'idp': 27, 'x': 9.016, 'y': 0.59, 'r': 0.4, 'type': 1}, {'idp': 29, 'x': 6.388, 'y': -0.53, 'r': 0.4, 'type': 1}, {'idp': 30, 'x': 1.498, 'y': -1.803, 'r': 0.4, 'type': 1}, {'idp': 32, 'x': 4.824, 'y': 2.506, 'r': 0.4, 'type': 1}, {'idp': 33, 'x': 3.547, 'y': 3.042, 'r': 0.4, 'type': 1}, {'idp': 34, 'x': 0.394, 'y': -1.828, 'r': 0.4, 'type': 1}]
32529,1398694009.7457407,[{'idp': 25, 'x': 6.263, 'y': 0.135, 'r': 0.4, 'type': 1}, {'idp': 27, 'x': 9.005, 'y': 0.609, 'r': 0.4, 'type': 1}, {'idp': 29, 'x': 6.387, 'y': -0.515, 'r': 0.4, 'type': 1}, {'idp': 30, 'x': 1.483, 'y': -1.801, 'r': 0.4, 'type': 1}, {'idp': 32, 'x': 4.836, 'y': 2.512, 'r': 0.4, 'type': 1}, {'idp': 33, 'x': 3.575, 'y': 3.016, 'r': 0.4, 'type': 1}, {'idp': 34, 'x': 0.381, 'y': -1.825, 'r': 0.4, 'type': 1}]
32530,1398694009.7457733,[{'idp': 25, 'x': 6.275, 'y': 0.135, 'r': 0.4, 'type': 1}, {'idp': 27, 'x': 8.991, 'y': 0.589, 'r': 0.4, 'type': 1}, {'idp': 29, 'x': 6.398, 'y': -0.544, 'r': 0.4, 'type': 1}, {'idp': 30, 'x': 1.471, 'y': -1.803, 'r': 0.4, 'type': 1}, {'idp': 32, 'x': 4.853, 'y': 2.509, 'r': 0.4, 'type': 1}, {'idp': 33, 'x': 3.587, 'y': 3.008, 'r': 0.4, 'type': 1}, {'idp': 34, 'x': 0.366, 'y': -1.833, 'r': 0.4, 'type': 1}]
32531,1398694009.7857196,[{'idp': 25, 'x': 6.275, 'y': 0.136, 'r': 0.4, 'type': 1}, {'idp': 27, 'x': 8.957, 'y': 0.587, 'r': 0.4, 'type': 1}, {'idp': 29, 'x': 6.405, 'y': -0.545, 'r': 0.4, 'type': 1}, {'idp': 30, 'x': 1.459, 'y': -1.803, 'r': 0.4, 'type': 1}, {'idp': 32, 'x': 4.877, 'y': 2.521, 'r': 0.4, 'type': 1}, {'idp': 33, 'x': 3.608, 'y': 2.997, 'r': 0.4, 'type': 1}, {'idp': 34, 'x': 0.355, 'y': -1.839, 'r': 0.4, 'type': 1}]
32532,1398694009.7925308,[{'idp': 25, 'x': 6.299, 'y': 0.122, 'r': 0.4, 'type': 1}, {'idp': 27, 'x': 8.938, 'y': 0.586, 'r': 0.4, 'type': 1}, {'idp': 29, 'x': 6.409, 'y': -0.517, 'r': 0.4, 'type': 1}, {'idp': 30, 'x': 1.446, 'y': -1.804, 'r': 0.4, 'type': 1}, {'idp': 32, 'x': 4.898, 'y': 2.51, 'r': 0.4, 'type': 1}, {'idp': 33, 'x': 3.63, 'y': 2.987, 'r': 0.4, 'type': 1}, {'idp': 34, 'x': 0.347, 'y': -1.84, 'r': 0.4, 'type': 1}]
32533,1398694009.8297207,[{'idp': 25, 'x': 6.295, 'y': 0.164, 'r': 0.4, 'type': 1}, {'idp': 27, 'x': 8.954, 'y': 0.606, 'r': 0.4, 'type': 1}, {'idp': 29, 'x': 6.412, 'y': -0.503, 'r': 0.4, 'type': 1}, {'idp': 30, 'x': 1.441, 'y': -1.797, 'r': 0.4, 'type': 1}, {'idp': 32, 'x': 4.857, 'y': 2.525, 'r': 0.4, 'type': 1}, {'idp': 33, 'x': 3.625, 'y': 3.01, 'r': 0.4, 'type': 1}, {'idp': 34, 'x': 0.348, 'y': -1.84, 'r': 0.4, 'type': 1}]
32534,1398694009.8696673,[{'idp': 25, 'x': 6.317, 'y': 0.178, 'r': 0.4, 'type': 1}, {'idp': 27, 'x': 8.936, 'y': 0.625, 'r': 0.4, 'type': 1}, {'idp': 29, 'x': 6.394, 'y': -0.516, 'r': 0.4, 'type': 1}, {'idp': 30, 'x': 1.43, 'y': -1.799, 'r': 0.4, 'type': 1}, {'idp': 32, 'x': 4.894, 'y': 2.524, 'r': 0.4, 'type': 1}, {'idp': 33, 'x': 3.641, 'y': 3.008, 'r': 0.4, 'type': 1}, {'idp': 34, 'x': 0.346, 'y': -1.847, 'r': 0.4, 'type': 1}]
32535,1398694009.8696973,[{'idp': 25, 'x': 6.347, 'y': 0.152, 'r': 0.4, 'type': 1}, {'idp': 27, 'x': 8.944, 'y': 0.625, 'r': 0.4, 'type': 1}, {'idp': 29, 'x': 6.393, 'y': -0.53, 'r': 0.4, 'type': 1}, {'idp': 30, 'x': 1.42, 'y': -1.803, 'r': 0.4, 'type': 1}, {'idp': 32, 'x': 4.928, 'y': 2.52, 'r': 0.4, 'type': 1}, {'idp': 33, 'x': 3.659, 'y': 2.982, 'r': 0.4, 'type': 1}, {'idp': 34, 'x': 0.334, 'y': -1.852, 'r': 0.4, 'type': 1}, {'idp': 35, 'x': 8.246, 'y': -0.188, 'r': 0.4, 'type': 1}]
32536,1398694009.9097586,[{'idp': 25, 'x': 6.368, 'y': 0.153, 'r': 0.4, 'type': 1}, {'idp': 27, 'x': 8.981, 'y': 0.589, 'r': 0.4, 'type': 1}, {'idp': 29, 'x': 6.402, 'y': -0.545, 'r': 0.4, 'type': 1}, {'idp': 30, 'x': 1.399, 'y': -1.8, 'r': 0.4, 'type': 1}, {'idp': 32, 'x': 4.96, 'y': 2.514, 'r': 0.4, 'type': 1}, {'idp': 33, 'x': 3.675, 'y': 2.966, 'r': 0.4, 'type': 1}, {'idp': 34, 'x': 0.327, 'y': -1.857, 'r': 0.4, 'type': 1}, {'idp': 35, 'x': 8.324, 'y': -0.18, 'r': 0.4, 'type': 1}]
32537,1398694009.916133,[{'idp': 25, 'x': 6.393, 'y': 0.154, 'r': 0.4, 'type': 1}, {'idp': 27, 'x': 9.04, 'y': 0.592, 'r': 0.4, 'type': 1}, {'idp': 29, 'x': 6.413, 'y': -0.56, 'r': 0.4, 'type': 1}, {'idp': 30, 'x': 1.395, 'y': -1.802, 'r': 0.4, 'type': 1}, {'idp': 32, 'x': 4.976, 'y': 2.509, 'r': 0.4, 'type': 1}, {'idp': 33, 'x': 3.66, 'y': 2.97, 'r': 0.4, 'type': 1}, {'idp': 34, 'x': 0.319, 'y': -1.859, 'r': 0.4, 'type': 1}, {'idp': 35, 'x': 8.371, 'y': -0.163, 'r': 0.4, 'type': 1}]
32538,1398694009.9536512,[{'idp': 25, 'x': 6.413, 'y': 0.17, 'r': 0.4, 'type': 1}, {'idp': 27, 'x': 9.035, 'y': 0.612, 'r': 0.4, 'type': 1}, {'idp': 29, 'x': 6.427, 'y': -0.561, 'r': 0.4, 'type': 1}, {'idp': 30, 'x': 1.379, 'y': -1.799, 'r': 0.4, 'type': 1}, {'idp': 32, 'x': 4.992, 'y': 2.517, 'r': 0.4, 'type': 1}, {'idp': 33, 'x': 3.679, 'y': 2.959, 'r': 0.4, 'type': 1}, {'idp': 34, 'x': 0.315, 'y': -1.86, 'r': 0.4, 'type': 1}, {'idp': 35, 'x': 8.364, 'y': -0.181, 'r': 0.4, 'type': 1}]
32539,1398694009.993684,[{'idp': 25, 'x': 6.428, 'y': 0.197, 'r': 0.4, 'type': 1}, {'idp': 27, 'x': 9.089, 'y': 0.636, 'r': 0.4, 'type': 1}, {'idp': 29, 'x': 6.447, 'y': -0.549, 'r': 0.4, 'type': 1}, {'idp': 30, 'x': 1.376, 'y': -1.794, 'r': 0.4, 'type': 1}, {'idp': 32, 'x': 4.998, 'y': 2.534, 'r': 0.4, 'type': 1}, {'idp': 33, 'x': 3.683, 'y': 2.977, 'r': 0.4, 'type': 1}, {'idp': 34, 'x': 0.311, 'y': -1.858, 'r': 0.4, 'type': 1}, {'idp': 35, 'x': 8.394, 'y': -0.145, 'r': 0.4, 'type': 1}]
32540,1398694009.9937139,[{'idp': 25, 'x': 6.458, 'y': 0.214, 'r': 0.4, 'type': 1}, {'idp': 27, 'x': 9.15, 'y': 0.558, 'r': 0.4, 'type': 1}, {'idp': 29, 'x': 6.474, 'y': -0.522, 'r': 0.4, 'type': 1}, {'idp': 30, 'x': 1.363, 'y': -1.794, 'r': 0.4, 'type': 1}, {'idp': 32, 'x': 5.008, 'y': 2.526, 'r': 0.4, 'type': 1}, {'idp': 33, 'x': 3.704, 'y': 2.968, 'r': 0.4, 'type': 1}, {'idp': 34, 'x': 0.299, 'y': -1.865, 'r': 0.4, 'type': 1}, {'idp': 35, 'x': 8.472, 'y': -0.128, 'r': 0.4, 'type': 1}]
32541,1398694010.0337498,[{'idp': 25, 'x': 6.459, 'y': 0.215, 'r': 0.4, 'type': 1}, {'idp': 27, 'x': 9.231, 'y': 0.462, 'r': 0.4, 'type': 1}, {'idp': 29, 'x': 6.499, 'y': -0.538, 'r': 0.4, 'type': 1}, {'idp': 30, 'x': 1.357, 'y': -1.802, 'r': 0.4, 'type': 1}, {'idp': 32, 'x': 5.012, 'y': 2.514, 'r': 0.4, 'type': 1}, {'idp': 33, 'x': 3.715, 'y': 2.978, 'r': 0.4, 'type': 1}, {'idp': 34, 'x': 0.292, 'y': -1.871, 'r': 0.4, 'type': 1}, {'idp': 35, 'x': 8.482, 'y': -0.128, 'r': 0.4, 'type': 1}]
32542,1398694010.0416517,[{'idp': 25, 'x': 6.473, 'y': 0.201, 'r': 0.4, 'type': 1}, {'idp': 27, 'x': 9.281, 'y': 0.419, 'r': 0.4, 'type': 1}, {'idp': 29, 'x': 6.508, 'y': -0.553, 'r': 0.4, 'type': 1}, {'idp': 30, 'x': 1.34, 'y': -1.796, 'r': 0.4, 'type': 1}, {'idp': 32, 'x': 5.024, 'y': 2.493, 'r': 0.4, 'type': 1}, {'idp': 33, 'x': 3.744, 'y': 2.966, 'r': 0.4, 'type': 1}, {'idp': 34, 'x': 0.275, 'y': -1.874, 'r': 0.4, 'type': 1}, {'idp': 35, 'x': 8.512, 'y': -0.166, 'r': 0.4, 'type': 1}]
32543,1398694010.0816848,[{'idp': 25, 'x': 6.493, 'y': 0.219, 'r': 0.4, 'type': 1}, {'idp': 27, 'x': 9.347, 'y': 0.286, 'r': 0.4, 'type': 1}, {'idp': 29, 'x': 6.526, 'y': -0.555, 'r': 0.4, 'type': 1}, {'idp': 30, 'x': 1.327, 'y': -1.803, 'r': 0.4, 'type': 1}, {'idp': 32, 'x': 5.002, 'y': 2.467, 'r': 0.4, 'type': 1}, {'idp': 33, 'x': 3.755, 'y': 2.95, 'r': 0.4, 'type': 1}, {'idp': 34, 'x': 0.263, 'y': -1.879, 'r': 0.4, 'type': 1}, {'idp': 35, 'x': 8.563, 'y': -0.167, 'r': 0.4, 'type': 1}]
32544,1398694010.1216815,[{'idp': 25, 'x': 6.489, 'y': 0.216, 'r': 0.4, 'type': 1}, {'idp': 27, 'x': 9.362, 'y': 0.306, 'r': 0.4, 'type': 1}, {'idp': 29, 'x': 6.553, 'y': -0.543, 'r': 0.4, 'type': 1}, {'idp': 30, 'x': 1.315, 'y': -1.795, 'r': 0.4, 'type': 1}, {'idp': 32, 'x': 4.944, 'y': 2.438, 'r': 0.4, 'type': 1}, {'idp': 33, 'x': 3.755, 'y': 2.972, 'r': 0.4, 'type': 1}, {'idp': 34, 'x': 0.254, 'y': -1.88, 'r': 0.4, 'type': 1}, {'idp': 35, 'x': 8.571, 'y': -0.168, 'r': 0.4, 'type': 1}]
32545,1398694010.1217093,[{'idp': 25, 'x': 6.477, 'y': 0.23, 'r': 0.4, 'type': 1}, {'idp': 27, 'x': 9.351, 'y': 0.327, 'r': 0.4, 'type': 1}, {'idp': 29, 'x': 6.586, 'y': -0.517, 'r': 0.4, 'type': 1}, {'idp': 30, 'x': 1.31, 'y': -1.788, 'r': 0.4, 'type': 1}, {'idp': 32, 'x': 4.935, 'y': 2.447, 'r': 0.4, 'type': 1}, {'idp': 33, 'x': 3.757, 'y': 2.967, 'r': 0.4, 'type': 1}, {'idp': 34, 'x': 0.242, 'y': -1.883, 'r': 0.4, 'type': 1}, {'idp': 35, 'x': 8.586, 'y': -0.131, 'r': 0.4, 'type': 1}]
32546,1398694010.16167,[{'idp': 25, 'x': 6.501, 'y': 0.228, 'r': 0.4, 'type': 1}, {'idp': 27, 'x': 9.365, 'y': 0.347, 'r': 0.4, 'type': 1}, {'idp': 29, 'x': 6.594, 'y': -0.547, 'r': 0.4, 'type': 1}, {'idp': 30, 'x': 1.299, 'y': -1.789, 'r': 0.4, 'type': 1}, {'idp': 32, 'x': 4.939, 'y': 2.449, 'r': 0.4, 'type': 1}, {'idp': 33, 'x': 3.785, 'y': 2.957, 'r': 0.4, 'type': 1}, {'idp': 34, 'x': 0.233, 'y': -1.881, 'r': 0.4, 'type': 1}, {'idp': 35, 'x': 8.621, 'y': -0.131, 'r': 0.4, 'type': 1}]
32547,1398694010.1653078,[{'idp': 25, 'x': 6.542, 'y': 0.232, 'r': 0.4, 'type': 1}, {'idp': 27, 'x': 9.365, 'y': 0.347, 'r': 0.4, 'type': 1}, {'idp': 29, 'x': 6.633, 'y': -0.551, 'r': 0.4, 'type': 1}, {'idp': 30, 'x': 1.287, 'y': -1.797, 'r': 0.4, 'type': 1}, {'idp': 32, 'x': 4.98, 'y': 2.455, 'r': 0.4, 'type': 1}, {'idp': 33, 'x': 3.813, 'y': 2.942, 'r': 0.4, 'type': 1}, {'idp': 34, 'x': 0.226, 'y': -1.889, 'r': 0.4, 'type': 1}, {'idp': 35, 'x': 8.657, 'y': -0.151, 'r': 0.4, 'type': 1}]
32548,1398694010.2017343,[{'idp': 25, 'x': 6.54, 'y': 0.234, 'r': 0.4, 'type': 1}, {'idp': 27, 'x': 9.289, 'y': 0.304, 'r': 0.4, 'type': 1}, {'idp': 29, 'x': 6.631, 'y': -0.565, 'r': 0.4, 'type': 1}, {'idp': 30, 'x': 1.264, 'y': -1.79, 'r': 0.4, 'type': 1}, {'idp': 32, 'x': 4.984, 'y': 2.443, 'r': 0.4, 'type': 1}, {'idp': 33, 'x': 3.83, 'y': 2.938, 'r': 0.4, 'type': 1}, {'idp': 34, 'x': 0.209, 'y': -1.889, 'r': 0.4, 'type': 1}, {'idp': 35, 'x': 8.676, 'y': -0.152, 'r': 0.4, 'type': 1}]
32549,1398694010.2417388,[{'idp': 25, 'x': 6.58, 'y': 0.233, 'r': 0.4, 'type': 1}, {'idp': 27, 'x': 9.289, 'y': 0.304, 'r': 0.4, 'type': 1}, {'idp': 29, 'x': 6.662, 'y': -0.554, 'r': 0.4, 'type': 1}, {'idp': 30, 'x': 1.258, 'y': -1.79, 'r': 0.4, 'type': 1}, {'idp': 32, 'x': 5.024, 'y': 2.449, 'r': 0.4, 'type': 1}, {'idp': 33, 'x': 3.844, 'y': 2.937, 'r': 0.4, 'type': 1}, {'idp': 34, 'x': 0.201, 'y': -1.891, 'r': 0.4, 'type': 1}, {'idp': 35, 'x': 8.694, 'y': -0.152, 'r': 0.4, 'type': 1}]
32550,1398694010.2417698,[{'idp': 25, 'x': 6.566, 'y': 0.23, 'r': 0.4, 'type': 1}, {'idp': 27, 'x': 9.331, 'y': 0.346, 'r': 0.4, 'type': 1}, {'idp': 29, 'x': 6.683, 'y': -0.541, 'r': 0.4, 'type': 1}, {'idp': 30, 'x': 1.247, 'y': -1.791, 'r': 0.4, 'type': 1}, {'idp': 32, 'x': 5.024, 'y': 2.449, 'r': 0.4, 'type': 1}, {'idp': 33, 'x': 3.855, 'y': 2.933, 'r': 0.4, 'type': 1}, {'idp': 34, 'x': 0.195, 'y': -1.883, 'r': 0.4, 'type': 1}, {'idp': 35, 'x': 8.708, 'y': -0.134, 'r': 0.4, 'type': 1}]
32551,1398694010.281687,[{'idp': 25, 'x': 6.557, 'y': 0.258, 'r': 0.4, 'type': 1}, {'idp': 27, 'x': 9.349, 'y': 0.388, 'r': 0.4, 'type': 1}, {'idp': 29, 'x': 6.699, 'y': -0.528, 'r': 0.4, 'type': 1}, {'idp': 30, 'x': 1.245, 'y': -1.788, 'r': 0.4, 'type': 1}, {'idp': 32, 'x': 5.051, 'y': 2.462, 'r': 0.4, 'type': 1}, {'idp': 33, 'x': 3.849, 'y': 2.928, 'r': 0.4, 'type': 1}, {'idp': 34, 'x': 0.191, 'y': -1.881, 'r': 0.4, 'type': 1}, {'idp': 35, 'x': 8.739, 'y': -0.115, 'r': 0.4, 'type': 1}]
32552,1398694010.2904375,[{'idp': 25, 'x': 6.58, 'y': 0.262, 'r': 0.4, 'type': 1}, {'idp': 27, 'x': 9.342, 'y': 0.367, 'r': 0.4, 'type': 1}, {'idp': 29, 'x': 6.688, 'y': -0.527, 'r': 0.4, 'type': 1}, {'idp': 30, 'x': 1.231, 'y': -1.784, 'r': 0.4, 'type': 1}, {'idp': 32, 'x': 5.019, 'y': 2.46, 'r': 0.4, 'type': 1}, {'idp': 33, 'x': 3.858, 'y': 2.922, 'r': 0.4, 'type': 1}, {'idp': 34, 'x': 0.186, 'y': -1.876, 'r': 0.4, 'type': 1}, {'idp': 35, 'x': 8.749, 'y': -0.116, 'r': 0.4, 'type': 1}]
32553,1398694010.3297322,[{'idp': 25, 'x': 6.617, 'y': 0.263, 'r': 0.4, 'type': 1}, {'idp': 27, 'x': 9.363, 'y': 0.368, 'r': 0.4, 'type': 1}, {'idp': 29, 'x': 6.694, 'y': -0.528, 'r': 0.4, 'type': 1}, {'idp': 30, 'x': 1.219, 'y': -1.783, 'r': 0.4, 'type': 1}, {'idp': 32, 'x': 5.051, 'y': 2.463, 'r': 0.4, 'type': 1}, {'idp': 33, 'x': 3.847, 'y': 2.9, 'r': 0.4, 'type': 1}, {'idp': 34, 'x': 0.182, 'y': -1.873, 'r': 0.4, 'type': 1}, {'idp': 35, 'x': 8.772, 'y': -0.116, 'r': 0.4, 'type': 1}]
32554,1398694010.3697557,[{'idp': 25, 'x': 6.647, 'y': 0.263, 'r': 0.4, 'type': 1}, {'idp': 27, 'x': 9.351, 'y': 0.367, 'r': 0.4, 'type': 1}, {'idp': 29, 'x': 6.708, 'y': -0.544, 'r': 0.4, 'type': 1}, {'idp': 30, 'x': 1.208, 'y': -1.784, 'r': 0.4, 'type': 1}, {'idp': 32, 'x': 5.038, 'y': 2.444, 'r': 0.4, 'type': 1}, {'idp': 33, 'x': 3.828, 'y': 2.872, 'r': 0.4, 'type': 1}, {'idp': 34, 'x': 0.183, 'y': -1.871, 'r': 0.4, 'type': 1}, {'idp': 35, 'x': 8.771, 'y': -0.116, 'r': 0.4, 'type': 1}]
32555,1398694010.4096756,[{'idp': 25, 'x': 6.654, 'y': 0.244, 'r': 0.4, 'type': 1}, {'idp': 27, 'x': 9.393, 'y': 0.39, 'r': 0.4, 'type': 1}, {'idp': 29, 'x': 6.728, 'y': -0.545, 'r': 0.4, 'type': 1}, {'idp': 30, 'x': 1.198, 'y': -1.786, 'r': 0.4, 'type': 1}, {'idp': 32, 'x': 5.068, 'y': 2.431, 'r': 0.4, 'type': 1}, {'idp': 33, 'x': 3.83, 'y': 2.86, 'r': 0.4, 'type': 1}, {'idp': 34, 'x': 0.179, 'y': -1.873, 'r': 0.4, 'type': 1}, {'idp': 35, 'x': 8.803, 'y': -0.155, 'r': 0.4, 'type': 1}]
32556,1398694010.4096982,[{'idp': 25, 'x': 6.674, 'y': 0.275, 'r': 0.4, 'type': 1}, {'idp': 27, 'x': 9.439, 'y': 0.412, 'r': 0.4, 'type': 1}, {'idp': 29, 'x': 6.729, 'y': -0.531, 'r': 0.4, 'type': 1}, {'idp': 30, 'x': 1.184, 'y': -1.774, 'r': 0.4, 'type': 1}, {'idp': 32, 'x': 5.157, 'y': 2.489, 'r': 0.4, 'type': 1}, {'idp': 33, 'x': 3.822, 'y': 2.866, 'r': 0.4, 'type': 1}, {'idp': 34, 'x': 0.187, 'y': -1.873, 'r': 0.4, 'type': 1}, {'idp': 35, 'x': 8.79, 'y': -0.135, 'r': 0.4, 'type': 1}]
32557,1398694010.4496498,[{'idp': 25, 'x': 6.691, 'y': 0.275, 'r': 0.4, 'type': 1}, {'idp': 27, 'x': 9.458, 'y': 0.434, 'r': 0.4, 'type': 1}, {'idp': 29, 'x': 6.711, 'y': -0.515, 'r': 0.4, 'type': 1}, {'idp': 30, 'x': 1.177, 'y': -1.772, 'r': 0.4, 'type': 1}, {'idp': 32, 'x': 5.159, 'y': 2.49, 'r': 0.4, 'type': 1}, {'idp': 33, 'x': 3.863, 'y': 2.884, 'r': 0.4, 'type': 1}, {'idp': 34, 'x': 0.188, 'y': -1.872, 'r': 0.4, 'type': 1}, {'idp': 35, 'x': 8.816, 'y': -0.116, 'r': 0.4, 'type': 1}]
32558,1398694010.4496627,[{'idp': 25, 'x': 6.701, 'y': 0.275, 'r': 0.4, 'type': 1}, {'idp': 27, 'x': 9.487, 'y': 0.435, 'r': 0.4, 'type': 1}, {'idp': 29, 'x': 6.706, 'y': -0.514, 'r': 0.4, 'type': 1}, {'idp': 30, 'x': 1.164, 'y': -1.777, 'r': 0.4, 'type': 1}, {'idp': 32, 'x': 5.194, 'y': 2.507, 'r': 0.4, 'type': 1}, {'idp': 33, 'x': 3.879, 'y': 2.869, 'r': 0.4, 'type': 1}, {'idp': 34, 'x': 0.188, 'y': -1.864, 'r': 0.4, 'type': 1}, {'idp': 35, 'x': 8.836, 'y': -0.098, 'r': 0.4, 'type': 1}]
32559,1398694010.4896367,[{'idp': 25, 'x': 6.695, 'y': 0.256, 'r': 0.4, 'type': 1}, {'idp': 27, 'x': 9.548, 'y': 0.417, 'r': 0.4, 'type': 1}, {'idp': 29, 'x': 6.719, 'y': -0.545, 'r': 0.4, 'type': 1}, {'idp': 30, 'x': 1.15, 'y': -1.782, 'r': 0.4, 'type': 1}, {'idp': 32, 'x': 5.214, 'y': 2.488, 'r': 0.4, 'type': 1}, {'idp': 33, 'x': 3.882, 'y': 2.858, 'r': 0.4, 'type': 1}, {'idp': 34, 'x': 0.175, 'y': -1.867, 'r': 0.4, 'type': 1}, {'idp': 35, 'x': 8.827, 'y': -0.098, 'r': 0.4, 'type': 1}]
32560,1398694010.4896536,[{'idp': 25, 'x': 6.696, 'y': 0.295, 'r': 0.4, 'type': 1}, {'idp': 27, 'x': 9.577, 'y': 0.397, 'r': 0.4, 'type': 1}, {'idp': 29, 'x': 6.727, 'y': -0.546, 'r': 0.4, 'type': 1}, {'idp': 30, 'x': 1.142, 'y': -1.785, 'r': 0.4, 'type': 1}, {'idp': 32, 'x': 5.25, 'y': 2.491, 'r': 0.4, 'type': 1}, {'idp': 33, 'x': 3.876, 'y': 2.855, 'r': 0.4, 'type': 1}, {'idp': 34, 'x': 0.157, 'y': -1.855, 'r': 0.4, 'type': 1}, {'idp': 35, 'x': 8.839, 'y': -0.117, 'r': 0.4, 'type': 1}]
32561,1398694010.5297472,[{'idp': 25, 'x': 6.724, 'y': 0.291, 'r': 0.4, 'type': 1}, {'idp': 27, 'x': 9.666, 'y': 0.443, 'r': 0.4, 'type': 1}, {'idp': 29, 'x': 6.706, 'y': -0.529, 'r': 0.4, 'type': 1}, {'idp': 30, 'x': 1.125, 'y': -1.785, 'r': 0.4, 'type': 1}, {'idp': 32, 'x': 5.283, 'y': 2.521, 'r': 0.4, 'type': 1}, {'idp': 33, 'x': 3.889, 'y': 2.852, 'r': 0.4, 'type': 1}, {'idp': 34, 'x': 0.14, 'y': -1.838, 'r': 0.4, 'type': 1}, {'idp': 35, 'x': 8.886, 'y': -0.118, 'r': 0.4, 'type': 1}]
32562,1398694010.5387616,[{'idp': 25, 'x': 6.736, 'y': 0.323, 'r': 0.4, 'type': 1}, {'idp': 27, 'x': 9.666, 'y': 0.443, 'r': 0.4, 'type': 1}, {'idp': 29, 'x': 6.727, 'y': -0.531, 'r': 0.4, 'type': 1}, {'idp': 30, 'x': 1.116, 'y': -1.779, 'r': 0.4, 'type': 1}, {'idp': 32, 'x': 5.284, 'y': 2.521, 'r': 0.4, 'type': 1}, {'idp': 33, 'x': 3.907, 'y': 2.878, 'r': 0.4, 'type': 1}, {'idp': 34, 'x': 0.139, 'y': -1.829, 'r': 0.4, 'type': 1}, {'idp': 35, 'x': 8.847, 'y': -0.079, 'r': 0.4, 'type': 1}]
32563,1398694010.5777624,[{'idp': 25, 'x': 6.767, 'y': 0.339, 'r': 0.4, 'type': 1}, {'idp': 27, 'x': 9.666, 'y': 0.443, 'r': 0.4, 'type': 1}, {'idp': 29, 'x': 6.751, 'y': -0.518, 'r': 0.4, 'type': 1}, {'idp': 30, 'x': 1.105, 'y': -1.779, 'r': 0.4, 'type': 1}, {'idp': 32, 'x': 5.307, 'y': 2.532, 'r': 0.4, 'type': 1}, {'idp': 33, 'x': 3.916, 'y': 2.899, 'r': 0.4, 'type': 1}, {'idp': 34, 'x': 0.135, 'y': -1.824, 'r': 0.4, 'type': 1}, {'idp': 35, 'x': 8.851, 'y': -0.06, 'r': 0.4, 'type': 1}]
32564,1398694010.6216197,[{'idp': 25, 'x': 6.767, 'y': 0.354, 'r': 0.4, 'type': 1}, {'idp': 27, 'x': 9.666, 'y': 0.443, 'r': 0.4, 'type': 1}, {'idp': 29, 'x': 6.753, 'y': -0.518, 'r': 0.4, 'type': 1}, {'idp': 30, 'x': 1.097, 'y': -1.783, 'r': 0.4, 'type': 1}, {'idp': 32, 'x': 5.315, 'y': 2.521, 'r': 0.4, 'type': 1}, {'idp': 33, 'x': 3.941, 'y': 2.904, 'r': 0.4, 'type': 1}, {'idp': 34, 'x': 0.131, 'y': -1.82, 'r': 0.4, 'type': 1}, {'idp': 35, 'x': 8.915, 'y': -0.08, 'r': 0.4, 'type': 1}]
32565,1398694010.6216533,[{'idp': 25, 'x': 6.797, 'y': 0.34, 'r': 0.4, 'type': 1}, {'idp': 27, 'x': 9.666, 'y': 0.443, 'r': 0.4, 'type': 1}, {'idp': 29, 'x': 6.777, 'y': -0.52, 'r': 0.4, 'type': 1}, {'idp': 30, 'x': 1.078, 'y': -1.779, 'r': 0.4, 'type': 1}, {'idp': 32, 'x': 5.349, 'y': 2.525, 'r': 0.4, 'type': 1}, {'idp': 33, 'x': 3.955, 'y': 2.913, 'r': 0.4, 'type': 1}, {'idp': 34, 'x': 0.123, 'y': -1.817, 'r': 0.4, 'type': 1}, {'idp': 35, 'x': 8.922, 'y': -0.08, 'r': 0.4, 'type': 1}]
32566,1398694010.6576867,[{'idp': 25, 'x': 6.794, 'y': 0.34, 'r': 0.4, 'type': 1}, {'idp': 27, 'x': 9.54, 'y': 0.187, 'r': 0.4, 'type': 1}, {'idp': 29, 'x': 6.798, 'y': -0.537, 'r': 0.4, 'type': 1}, {'idp': 30, 'x': 1.07, 'y': -1.782, 'r': 0.4, 'type': 1}, {'idp': 32, 'x': 5.365, 'y': 2.519, 'r': 0.4, 'type': 1}, {'idp': 33, 'x': 3.956, 'y': 2.901, 'r': 0.4, 'type': 1}, {'idp': 34, 'x': 0.123, 'y': -1.818, 'r': 0.4, 'type': 1}, {'idp': 35, 'x': 8.975, 'y': -0.06, 'r': 0.4, 'type': 1}]
32567,1398694010.6632502,[{'idp': 25, 'x': 6.813, 'y': 0.341, 'r': 0.4, 'type': 1}, {'idp': 27, 'x': 9.587, 'y': 0.188, 'r': 0.4, 'type': 1}, {'idp': 29, 'x': 6.829, 'y': -0.539, 'r': 0.4, 'type': 1}, {'idp': 30, 'x': 1.052, 'y': -1.771, 'r': 0.4, 'type': 1}, {'idp': 32, 'x': 5.387, 'y': 2.511, 'r': 0.4, 'type': 1}, {'idp': 33, 'x': 3.962, 'y': 2.918, 'r': 0.4, 'type': 1}, {'idp': 34, 'x': 0.133, 'y': -1.827, 'r': 0.4, 'type': 1}, {'idp': 35, 'x': 9.026, 'y': -0.06, 'r': 0.4, 'type': 1}]
32568,1398694010.70176,[{'idp': 25, 'x': 6.809, 'y': 0.34, 'r': 0.4, 'type': 1}, {'idp': 27, 'x': 9.705, 'y': 0.191, 'r': 0.4, 'type': 1}, {'idp': 29, 'x': 6.842, 'y': -0.54, 'r': 0.4, 'type': 1}, {'idp': 30, 'x': 1.041, 'y': -1.77, 'r': 0.4, 'type': 1}, {'idp': 32, 'x': 5.398, 'y': 2.502, 'r': 0.4, 'type': 1}, {'idp': 33, 'x': 3.955, 'y': 2.9, 'r': 0.4, 'type': 1}, {'idp': 34, 'x': 0.137, 'y': -1.824, 'r': 0.4, 'type': 1}, {'idp': 35, 'x': 9.037, 'y': -0.06, 'r': 0.4, 'type': 1}]
32569,1398694010.7416806,[{'idp': 25, 'x': 6.798, 'y': 0.354, 'r': 0.4, 'type': 1}, {'idp': 27, 'x': 9.692, 'y': 0.211, 'r': 0.4, 'type': 1}, {'idp': 29, 'x': 6.866, 'y': -0.556, 'r': 0.4, 'type': 1}, {'idp': 30, 'x': 1.032, 'y': -1.772, 'r': 0.4, 'type': 1}, {'idp': 32, 'x': 5.41, 'y': 2.511, 'r': 0.4, 'type': 1}, {'idp': 33, 'x': 3.966, 'y': 2.908, 'r': 0.4, 'type': 1}, {'idp': 34, 'x': 0.129, 'y': -1.822, 'r': 0.4, 'type': 1}, {'idp': 35, 'x': 9.069, 'y': -0.06, 'r': 0.4, 'type': 1}]
32570,1398694010.741712,[{'idp': 25, 'x': 6.814, 'y': 0.34, 'r': 0.4, 'type': 1}, {'idp': 27, 'x': 9.721, 'y': 0.17, 'r': 0.4, 'type': 1}, {'idp': 29, 'x': 6.888, 'y': -0.543, 'r': 0.4, 'type': 1}, {'idp': 30, 'x': 1.018, 'y': -1.775, 'r': 0.4, 'type': 1}, {'idp': 32, 'x': 5.449, 'y': 2.474, 'r': 0.4, 'type': 1}, {'idp': 33, 'x': 3.985, 'y': 2.908, 'r': 0.4, 'type': 1}, {'idp': 34, 'x': 0.126, 'y': -1.83, 'r': 0.4, 'type': 1}, {'idp': 35, 'x': 9.067, 'y': -0.08, 'r': 0.4, 'type': 1}]
32571,1398694010.7817173,[{'idp': 25, 'x': 6.817, 'y': 0.325, 'r': 0.4, 'type': 1}, {'idp': 27, 'x': 9.763, 'y': 0.171, 'r': 0.4, 'type': 1}, {'idp': 29, 'x': 6.894, 'y': -0.543, 'r': 0.4, 'type': 1}, {'idp': 30, 'x': 1.003, 'y': -1.775, 'r': 0.4, 'type': 1}, {'idp': 32, 'x': 5.465, 'y': 2.486, 'r': 0.4, 'type': 1}, {'idp': 33, 'x': 3.999, 'y': 2.918, 'r': 0.4, 'type': 1}, {'idp': 34, 'x': 0.117, 'y': -1.83, 'r': 0.4, 'type': 1}, {'idp': 35, 'x': 9.103, 'y': -0.1, 'r': 0.4, 'type': 1}]
32572,1398694010.7873614,[{'idp': 25, 'x': 6.847, 'y': 0.327, 'r': 0.4, 'type': 1}, {'idp': 27, 'x': 9.807, 'y': 0.171, 'r': 0.4, 'type': 1}, {'idp': 29, 'x': 6.931, 'y': -0.546, 'r': 0.4, 'type': 1}, {'idp': 30, 'x': 0.992, 'y': -1.774, 'r': 0.4, 'type': 1}, {'idp': 32, 'x': 5.479, 'y': 2.486, 'r': 0.4, 'type': 1}, {'idp': 33, 'x': 3.989, 'y': 2.923, 'r': 0.4, 'type': 1}, {'idp': 34, 'x': 0.109, 'y': -1.824, 'r': 0.4, 'type': 1}, {'idp': 35, 'x': 9.135, 'y': -0.1, 'r': 0.4, 'type': 1}]
32573,1398694010.8257308,[{'idp': 25, 'x': 6.856, 'y': 0.342, 'r': 0.4, 'type': 1}, {'idp': 27, 'x': 9.891, 'y': 0.194, 'r': 0.4, 'type': 1}, {'idp': 29, 'x': 6.95, 'y': -0.562, 'r': 0.4, 'type': 1}, {'idp': 30, 'x': 0.99, 'y': -1.779, 'r': 0.4, 'type': 1}, {'idp': 32, 'x': 5.481, 'y': 2.493, 'r': 0.4, 'type': 1}, {'idp': 33, 'x': 4.001, 'y': 2.946, 'r': 0.4, 'type': 1}, {'idp': 34, 'x': 0.105, 'y': -1.827, 'r': 0.4, 'type': 1}, {'idp': 35, 'x': 9.155, 'y': -0.14, 'r': 0.4, 'type': 1}]
32574,1398694010.8656776,[{'idp': 25, 'x': 6.854, 'y': 0.357, 'r': 0.4, 'type': 1}, {'idp': 27, 'x': 9.898, 'y': 0.194, 'r': 0.4, 'type': 1}, {'idp': 29, 'x': 6.97, 'y': -0.533, 'r': 0.4, 'type': 1}, {'idp': 30, 'x': 0.977, 'y': -1.775, 'r': 0.4, 'type': 1}, {'idp': 32, 'x': 5.488, 'y': 2.495, 'r': 0.4, 'type': 1}, {'idp': 33, 'x': 4.003, 'y': 2.96, 'r': 0.4, 'type': 1}, {'idp': 34, 'x': 0.097, 'y': -1.829, 'r': 0.4, 'type': 1}, {'idp': 35, 'x': 9.173, 'y': -0.099, 'r': 0.4, 'type': 1}]
32575,1398694010.8657029,[{'idp': 25, 'x': 6.864, 'y': 0.358, 'r': 0.4, 'type': 1}, {'idp': 27, 'x': 9.949, 'y': 0.195, 'r': 0.4, 'type': 1}, {'idp': 29, 'x': 6.992, 'y': -0.566, 'r': 0.4, 'type': 1}, {'idp': 30, 'x': 0.969, 'y': -1.769, 'r': 0.4, 'type': 1}, {'idp': 32, 'x': 5.474, 'y': 2.497, 'r': 0.4, 'type': 1}, {'idp': 33, 'x': 4.001, 'y': 2.959, 'r': 0.4, 'type': 1}, {'idp': 34, 'x': 0.097, 'y': -1.826, 'r': 0.4, 'type': 1}, {'idp': 35, 'x': 9.205, 'y': -0.1, 'r': 0.4, 'type': 1}]
32576,1398694010.9057388,[{'idp': 25, 'x': 6.848, 'y': 0.356, 'r': 0.4, 'type': 1}, {'idp': 27, 'x': 9.96, 'y': 0.196, 'r': 0.4, 'type': 1}, {'idp': 29, 'x': 6.991, 'y': -0.58, 'r': 0.4, 'type': 1}, {'idp': 30, 'x': 0.956, 'y': -1.772, 'r': 0.4, 'type': 1}, {'idp': 32, 'x': 5.484, 'y': 2.508, 'r': 0.4, 'type': 1}, {'idp': 33, 'x': 4.013, 'y': 2.967, 'r': 0.4, 'type': 1}, {'idp': 34, 'x': 0.09, 'y': -1.84, 'r': 0.4, 'type': 1}, {'idp': 35, 'x': 9.175, 'y': -0.16, 'r': 0.4, 'type': 1}]
32577,1398694010.9131417,[{'idp': 25, 'x': 6.876, 'y': 0.343, 'r': 0.4, 'type': 1}, {'idp': 27, 'x': 9.961, 'y': 0.174, 'r': 0.4, 'type': 1}, {'idp': 29, 'x': 6.988, 'y': -0.595, 'r': 0.4, 'type': 1}, {'idp': 30, 'x': 0.94, 'y': -1.772, 'r': 0.4, 'type': 1}, {'idp': 32, 'x': 5.504, 'y': 2.496, 'r': 0.4, 'type': 1}, {'idp': 33, 'x': 3.989, 'y': 2.963, 'r': 0.4, 'type': 1}, {'idp': 34, 'x': 0.081, 'y': -1.833, 'r': 0.4, 'type': 1}, {'idp': 35, 'x': 9.248, 'y': -0.12, 'r': 0.4, 'type': 1}]
32578,1398694010.9496694,[{'idp': 25, 'x': 6.88, 'y': 0.359, 'r': 0.4, 'type': 1}, {'idp': 27, 'x': 9.992, 'y': 0.174, 'r': 0.4, 'type': 1}, {'idp': 29, 'x': 6.996, 'y': -0.596, 'r': 0.4, 'type': 1}, {'idp': 30, 'x': 0.927, 'y': -1.774, 'r': 0.4, 'type': 1}, {'idp': 32, 'x': 5.504, 'y': 2.496, 'r': 0.4, 'type': 1}, {'idp': 33, 'x': 3.999, 'y': 2.97, 'r': 0.4, 'type': 1}, {'idp': 34, 'x': 0.074, 'y': -1.849, 'r': 0.4, 'type': 1}, {'idp': 35, 'x': 9.219, 'y': -0.18, 'r': 0.4, 'type': 1}]
32579,1398694010.989714,[{'idp': 25, 'x': 6.915, 'y': 0.375, 'r': 0.4, 'type': 1}, {'idp': 27, 'x': 9.99, 'y': 0.196, 'r': 0.4, 'type': 1}, {'idp': 29, 'x': 7.02, 'y': -0.551, 'r': 0.4, 'type': 1}, {'idp': 30, 'x': 0.914, 'y': -1.768, 'r': 0.4, 'type': 1}, {'idp': 32, 'x': 5.519, 'y': 2.495, 'r': 0.4, 'type': 1}, {'idp': 33, 'x': 3.973, 'y': 2.992, 'r': 0.4, 'type': 1}, {'idp': 34, 'x': 0.057, 'y': -1.835, 'r': 0.4, 'type': 1}, {'idp': 35, 'x': 9.244, 'y': -0.16, 'r': 0.4, 'type': 1}]
32580,1398694010.989765,[{'idp': 25, 'x': 6.935, 'y': 0.392, 'r': 0.4, 'type': 1}, {'idp': 27, 'x': 10.054, 'y': 0.219, 'r': 0.4, 'type': 1}, {'idp': 29, 'x': 7.029, 'y': -0.552, 'r': 0.4, 'type': 1}, {'idp': 30, 'x': 0.915, 'y': -1.771, 'r': 0.4, 'type': 1}, {'idp': 32, 'x': 5.524, 'y': 2.511, 'r': 0.4, 'type': 1}, {'idp': 33, 'x': 3.96, 'y': 3.009, 'r': 0.4, 'type': 1}, {'idp': 34, 'x': 0.049, 'y': -1.844, 'r': 0.4, 'type': 1}, {'idp': 35, 'x': 9.207, 'y': -0.18, 'r': 0.4, 'type': 1}]
32581,1398694011.0297692,[{'idp': 25, 'x': 6.966, 'y': 0.394, 'r': 0.4, 'type': 1}, {'idp': 27, 'x': 10.03, 'y': 0.197, 'r': 0.4, 'type': 1}, {'idp': 29, 'x': 7.022, 'y': -0.551, 'r': 0.4, 'type': 1}, {'idp': 30, 'x': 0.9, 'y': -1.761, 'r': 0.4, 'type': 1}, {'idp': 32, 'x': 5.537, 'y': 2.511, 'r': 0.4, 'type': 1}, {'idp': 33, 'x': 3.945, 'y': 3.011, 'r': 0.4, 'type': 1}, {'idp': 34, 'x': 0.045, 'y': -1.861, 'r': 0.4, 'type': 1}, {'idp': 35, 'x': 9.222, 'y': -0.18, 'r': 0.4, 'type': 1}]
32582,1398694011.037421,[{'idp': 25, 'x': 7.001, 'y': 0.396, 'r': 0.4, 'type': 1}, {'idp': 27, 'x': 10.014, 'y': 0.197, 'r': 0.4, 'type': 1}, {'idp': 29, 'x': 7.03, 'y': -0.567, 'r': 0.4, 'type': 1}, {'idp': 30, 'x': 0.889, 'y': -1.757, 'r': 0.4, 'type': 1}, {'idp': 32, 'x': 5.55, 'y': 2.518, 'r': 0.4, 'type': 1}, {'idp': 33, 'x': 3.941, 'y': 3.008, 'r': 0.4, 'type': 1}, {'idp': 34, 'x': 0.041, 'y': -1.86, 'r': 0.4, 'type': 1}, {'idp': 35, 'x': 9.255, 'y': -0.181, 'r': 0.4, 'type': 1}]
32583,1398694011.0737946,[{'idp': 25, 'x': 7.028, 'y': 0.368, 'r': 0.4, 'type': 1}, {'idp': 27, 'x': 10.058, 'y': 0.154, 'r': 0.4, 'type': 1}, {'idp': 29, 'x': 7.012, 'y': -0.566, 'r': 0.4, 'type': 1}, {'idp': 30, 'x': 0.878, 'y': -1.764, 'r': 0.4, 'type': 1}, {'idp': 32, 'x': 5.582, 'y': 2.495, 'r': 0.4, 'type': 1}, {'idp': 33, 'x': 3.944, 'y': 3.01, 'r': 0.4, 'type': 1}, {'idp': 34, 'x': 0.033, 'y': -1.884, 'r': 0.4, 'type': 1}, {'idp': 35, 'x': 9.235, 'y': -0.221, 'r': 0.4, 'type': 1}]
32584,1398694011.113707,[{'idp': 25, 'x': 7.03, 'y': 0.368, 'r': 0.4, 'type': 1}, {'idp': 27, 'x': 10.065, 'y': 0.154, 'r': 0.4, 'type': 1}, {'idp': 29, 'x': 7.009, 'y': -0.581, 'r': 0.4, 'type': 1}, {'idp': 30, 'x': 0.866, 'y': -1.758, 'r': 0.4, 'type': 1}, {'idp': 32, 'x': 5.609, 'y': 2.487, 'r': 0.4, 'type': 1}, {'idp': 33, 'x': 3.946, 'y': 3.026, 'r': 0.4, 'type': 1}, {'idp': 34, 'x': 0.021, 'y': -1.907, 'r': 0.4, 'type': 1}, {'idp': 35, 'x': 9.277, 'y': -0.222, 'r': 0.4, 'type': 1}]
32585,1398694011.1137435,[{'idp': 25, 'x': 7.052, 'y': 0.369, 'r': 0.4, 'type': 1}, {'idp': 27, 'x': 10.063, 'y': 0.154, 'r': 0.4, 'type': 1}, {'idp': 29, 'x': 7.014, 'y': -0.582, 'r': 0.4, 'type': 1}, {'idp': 30, 'x': 0.85, 'y': -1.755, 'r': 0.4, 'type': 1}, {'idp': 32, 'x': 5.61, 'y': 2.495, 'r': 0.4, 'type': 1}, {'idp': 33, 'x': 3.943, 'y': 3.023, 'r': 0.4, 'type': 1}, {'idp': 34, 'x': 0.008, 'y': -1.931, 'r': 0.4, 'type': 1}, {'idp': 35, 'x': 9.291, 'y': -0.222, 'r': 0.4, 'type': 1}]
32586,1398694011.1536798,[{'idp': 25, 'x': 7.062, 'y': 0.385, 'r': 0.4, 'type': 1}, {'idp': 29, 'x': 7.022, 'y': -0.583, 'r': 0.4, 'type': 1}, {'idp': 30, 'x': 0.835, 'y': -1.753, 'r': 0.4, 'type': 1}, {'idp': 32, 'x': 5.632, 'y': 2.505, 'r': 0.4, 'type': 1}, {'idp': 33, 'x': 3.912, 'y': 3.027, 'r': 0.4, 'type': 1}, {'idp': 34, 'x': -0.0, 'y': -1.923, 'r': 0.4, 'type': 1}, {'idp': 35, 'x': 9.276, 'y': -0.222, 'r': 0.4, 'type': 1}]
32587,1398694011.162399,[{'idp': 25, 'x': 7.061, 'y': 0.386, 'r': 0.4, 'type': 1}, {'idp': 29, 'x': 7.026, 'y': -0.583, 'r': 0.4, 'type': 1}, {'idp': 30, 'x': 0.819, 'y': -1.748, 'r': 0.4, 'type': 1}, {'idp': 32, 'x': 5.634, 'y': 2.507, 'r': 0.4, 'type': 1}, {'idp': 33, 'x': 3.908, 'y': 3.038, 'r': 0.4, 'type': 1}, {'idp': 34, 'x': -0.0, 'y': -1.923, 'r': 0.4, 'type': 1}, {'idp': 35, 'x': 9.174, 'y': -0.26, 'r': 0.4, 'type': 1}]
32588,1398694011.201755,[{'idp': 25, 'x': 7.084, 'y': 0.403, 'r': 0.4, 'type': 1}, {'idp': 29, 'x': 7.025, 'y': -0.583, 'r': 0.4, 'type': 1}, {'idp': 30, 'x': 0.801, 'y': -1.752, 'r': 0.4, 'type': 1}, {'idp': 32, 'x': 5.628, 'y': 2.511, 'r': 0.4, 'type': 1}, {'idp': 33, 'x': 3.914, 'y': 3.042, 'r': 0.4, 'type': 1}, {'idp': 34, 'x': -0.0, 'y': -1.923, 'r': 0.4, 'type': 1}, {'idp': 35, 'x': 9.212, 'y': -0.281, 'r': 0.4, 'type': 1}]
32589,1398694011.2416832,[{'idp': 25, 'x': 7.101, 'y': 0.388, 'r': 0.4, 'type': 1}, {'idp': 29, 'x': 7.06, 'y': -0.586, 'r': 0.4, 'type': 1}, {'idp': 30, 'x': 0.784, 'y': -1.755, 'r': 0.4, 'type': 1}, {'idp': 32, 'x': 5.657, 'y': 2.503, 'r': 0.4, 'type': 1}, {'idp': 33, 'x': 3.905, 'y': 3.036, 'r': 0.4, 'type': 1}, {'idp': 34, 'x': -0.0, 'y': -1.923, 'r': 0.4, 'type': 1}, {'idp': 35, 'x': 9.306, 'y': -0.284, 'r': 0.4, 'type': 1}]
32590,1398694011.2417128,[{'idp': 25, 'x': 7.116, 'y': 0.39, 'r': 0.4, 'type': 1}, {'idp': 29, 'x': 7.092, 'y': -0.557, 'r': 0.4, 'type': 1}, {'idp': 30, 'x': 0.765, 'y': -1.753, 'r': 0.4, 'type': 1}, {'idp': 32, 'x': 5.683, 'y': 2.5, 'r': 0.4, 'type': 1}, {'idp': 33, 'x': 3.877, 'y': 3.041, 'r': 0.4, 'type': 1}, {'idp': 34, 'x': -0.0, 'y': -1.923, 'r': 0.4, 'type': 1}, {'idp': 35, 'x': 9.377, 'y': -0.306, 'r': 0.4, 'type': 1}]
32591,1398694011.2816887,[{'idp': 25, 'x': 7.12, 'y': 0.374, 'r': 0.4, 'type': 1}, {'idp': 29, 'x': 7.121, 'y': -0.559, 'r': 0.4, 'type': 1}, {'idp': 30, 'x': 0.746, 'y': -1.752, 'r': 0.4, 'type': 1}, {'idp': 32, 'x': 5.709, 'y': 2.497, 'r': 0.4, 'type': 1}, {'idp': 33, 'x': 3.877, 'y': 3.041, 'r': 0.4, 'type': 1}, {'idp': 34, 'x': -0.0, 'y': -1.923, 'r': 0.4, 'type': 1}, {'idp': 35, 'x': 9.431, 'y': -0.329, 'r': 0.4, 'type': 1}]
32592,1398694011.2866633,[{'idp': 25, 'x': 7.141, 'y': 0.376, 'r': 0.4, 'type': 1}, {'idp': 29, 'x': 7.126, 'y': -0.544, 'r': 0.4, 'type': 1}, {'idp': 30, 'x': 0.732, 'y': -1.753, 'r': 0.4, 'type': 1}, {'idp': 32, 'x': 5.732, 'y': 2.508, 'r': 0.4, 'type': 1}, {'idp': 33, 'x': 3.878, 'y': 3.07, 'r': 0.4, 'type': 1}, {'idp': 35, 'x': 9.474, 'y': -0.33, 'r': 0.4, 'type': 1}]
32593,1398694011.3256948,[{'idp': 25, 'x': 7.149, 'y': 0.392, 'r': 0.4, 'type': 1}, {'idp': 29, 'x': 7.156, 'y': -0.562, 'r': 0.4, 'type': 1}, {'idp': 30, 'x': 0.713, 'y': -1.75, 'r': 0.4, 'type': 1}, {'idp': 32, 'x': 5.737, 'y': 2.51, 'r': 0.4, 'type': 1}, {'idp': 33, 'x': 3.885, 'y': 3.088, 'r': 0.4, 'type': 1}, {'idp': 35, 'x': 9.52, 'y': -0.353, 'r': 0.4, 'type': 1}]
32594,1398694011.365725,[{'idp': 25, 'x': 7.147, 'y': 0.392, 'r': 0.4, 'type': 1}, {'idp': 29, 'x': 7.186, 'y': -0.549, 'r': 0.4, 'type': 1}, {'idp': 30, 'x': 0.697, 'y': -1.754, 'r': 0.4, 'type': 1}, {'idp': 32, 'x': 5.756, 'y': 2.504, 'r': 0.4, 'type': 1}, {'idp': 33, 'x': 3.897, 'y': 3.098, 'r': 0.4, 'type': 1}, {'idp': 35, 'x': 9.54, 'y': -0.374, 'r': 0.4, 'type': 1}]
32595,1398694011.365754,[{'idp': 25, 'x': 7.138, 'y': 0.36, 'r': 0.4, 'type': 1}, {'idp': 29, 'x': 7.193, 'y': -0.565, 'r': 0.4, 'type': 1}, {'idp': 30, 'x': 0.68, 'y': -1.753, 'r': 0.4, 'type': 1}, {'idp': 32, 'x': 5.77, 'y': 2.48, 'r': 0.4, 'type': 1}, {'idp': 33, 'x': 3.91, 'y': 3.109, 'r': 0.4, 'type': 1}, {'idp': 35, 'x': 9.564, 'y': -0.375, 'r': 0.4, 'type': 1}]
32596,1398694011.405741,[{'idp': 25, 'x': 7.149, 'y': 0.361, 'r': 0.4, 'type': 1}, {'idp': 29, 'x': 7.236, 'y': -0.569, 'r': 0.4, 'type': 1}, {'idp': 30, 'x': 0.662, 'y': -1.756, 'r': 0.4, 'type': 1}, {'idp': 32, 'x': 5.766, 'y': 2.479, 'r': 0.4, 'type': 1}, {'idp': 33, 'x': 3.918, 'y': 3.129, 'r': 0.4, 'type': 1}, {'idp': 35, 'x': 9.598, 'y': -0.377, 'r': 0.4, 'type': 1}]
32597,1398694011.411786,[{'idp': 25, 'x': 7.165, 'y': 0.393, 'r': 0.4, 'type': 1}, {'idp': 29, 'x': 7.244, 'y': -0.554, 'r': 0.4, 'type': 1}, {'idp': 30, 'x': 0.645, 'y': -1.76, 'r': 0.4, 'type': 1}, {'idp': 32, 'x': 5.772, 'y': 2.496, 'r': 0.4, 'type': 1}, {'idp': 33, 'x': 3.925, 'y': 3.149, 'r': 0.4, 'type': 1}, {'idp': 35, 'x': 9.619, 'y': -0.336, 'r': 0.4, 'type': 1}]
32598,1398694011.449622,[{'idp': 25, 'x': 7.162, 'y': 0.393, 'r': 0.4, 'type': 1}, {'idp': 29, 'x': 7.287, 'y': -0.541, 'r': 0.4, 'type': 1}, {'idp': 30, 'x': 0.639, 'y': -1.765, 'r': 0.4, 'type': 1}, {'idp': 32, 'x': 5.756, 'y': 2.489, 'r': 0.4, 'type': 1}, {'idp': 33, 'x': 3.913, 'y': 3.154, 'r': 0.4, 'type': 1}, {'idp': 35, 'x': 9.62, 'y': -0.336, 'r': 0.4, 'type': 1}]
32599,1398694011.4896832,[{'idp': 25, 'x': 7.143, 'y': 0.376, 'r': 0.4, 'type': 1}, {'idp': 29, 'x': 7.307, 'y': -0.543, 'r': 0.4, 'type': 1}, {'idp': 30, 'x': 0.619, 'y': -1.773, 'r': 0.4, 'type': 1}, {'idp': 32, 'x': 5.736, 'y': 2.45, 'r': 0.4, 'type': 1}, {'idp': 33, 'x': 3.93, 'y': 3.182, 'r': 0.4, 'type': 1}, {'idp': 35, 'x': 9.638, 'y': -0.337, 'r': 0.4, 'type': 1}]
32600,1398694011.4897127,[{'idp': 25, 'x': 7.136, 'y': 0.344, 'r': 0.4, 'type': 1}, {'idp': 29, 'x': 7.34, 'y': -0.529, 'r': 0.4, 'type': 1}, {'idp': 30, 'x': 0.594, 'y': -1.77, 'r': 0.4, 'type': 1}, {'idp': 32, 'x': 5.717, 'y': 2.427, 'r': 0.4, 'type': 1}, {'idp': 33, 'x': 3.933, 'y': 3.17, 'r': 0.4, 'type': 1}, {'idp': 35, 'x': 9.6, 'y': -0.314, 'r': 0.4, 'type': 1}]
32601,1398694011.52974,[{'idp': 25, 'x': 7.161, 'y': 0.345, 'r': 0.4, 'type': 1}, {'idp': 29, 'x': 7.329, 'y': -0.561, 'r': 0.4, 'type': 1}, {'idp': 30, 'x': 0.577, 'y': -1.779, 'r': 0.4, 'type': 1}, {'idp': 32, 'x': 5.712, 'y': 2.41, 'r': 0.4, 'type': 1}, {'idp': 33, 'x': 3.959, 'y': 3.192, 'r': 0.4, 'type': 1}, {'idp': 35, 'x': 9.579, 'y': -0.334, 'r': 0.4, 'type': 1}]
32602,1398694011.537191,[{'idp': 25, 'x': 7.167, 'y': 0.33, 'r': 0.4, 'type': 1}, {'idp': 29, 'x': 7.351, 'y': -0.563, 'r': 0.4, 'type': 1}, {'idp': 30, 'x': 0.561, 'y': -1.783, 'r': 0.4, 'type': 1}, {'idp': 32, 'x': 5.712, 'y': 2.395, 'r': 0.4, 'type': 1}, {'idp': 33, 'x': 3.969, 'y': 3.2, 'r': 0.4, 'type': 1}, {'idp': 35, 'x': 9.607, 'y': -0.336, 'r': 0.4, 'type': 1}]
32603,1398694011.573741,[{'idp': 25, 'x': 7.203, 'y': 0.348, 'r': 0.4, 'type': 1}, {'idp': 29, 'x': 7.347, 'y': -0.579, 'r': 0.4, 'type': 1}, {'idp': 30, 'x': 0.548, 'y': -1.783, 'r': 0.4, 'type': 1}, {'idp': 32, 'x': 5.765, 'y': 2.433, 'r': 0.4, 'type': 1}, {'idp': 33, 'x': 3.978, 'y': 3.237, 'r': 0.4, 'type': 1}, {'idp': 35, 'x': 9.667, 'y': -0.381, 'r': 0.4, 'type': 1}]
32604,1398694011.6137073,[{'idp': 25, 'x': 7.206, 'y': 0.348, 'r': 0.4, 'type': 1}, {'idp': 29, 'x': 7.373, 'y': -0.549, 'r': 0.4, 'type': 1}, {'idp': 30, 'x': 0.534, 'y': -1.784, 'r': 0.4, 'type': 1}, {'idp': 32, 'x': 5.771, 'y': 2.436, 'r': 0.4, 'type': 1}, {'idp': 33, 'x': 3.97, 'y': 3.245, 'r': 0.4, 'type': 1}, {'idp': 35, 'x': 9.579, 'y': -0.335, 'r': 0.4, 'type': 1}]
32605,1398694011.613742,[{'idp': 25, 'x': 7.234, 'y': 0.349, 'r': 0.4, 'type': 1}, {'idp': 29, 'x': 7.375, 'y': -0.565, 'r': 0.4, 'type': 1}, {'idp': 30, 'x': 0.518, 'y': -1.788, 'r': 0.4, 'type': 1}, {'idp': 32, 'x': 5.796, 'y': 2.431, 'r': 0.4, 'type': 1}, {'idp': 33, 'x': 3.986, 'y': 3.259, 'r': 0.4, 'type': 1}, {'idp': 35, 'x': 9.574, 'y': -0.292, 'r': 0.4, 'type': 1}]
32606,1398694011.6537678,[{'idp': 25, 'x': 7.269, 'y': 0.335, 'r': 0.4, 'type': 1}, {'idp': 29, 'x': 7.359, 'y': -0.58, 'r': 0.4, 'type': 1}, {'idp': 30, 'x': 0.496, 'y': -1.785, 'r': 0.4, 'type': 1}, {'idp': 32, 'x': 5.828, 'y': 2.445, 'r': 0.4, 'type': 1}, {'idp': 33, 'x': 3.997, 'y': 3.252, 'r': 0.4, 'type': 1}, {'idp': 35, 'x': 9.61, 'y': -0.378, 'r': 0.4, 'type': 1}]
32607,1398694011.6611812,[{'idp': 25, 'x': 7.275, 'y': 0.319, 'r': 0.4, 'type': 1}, {'idp': 29, 'x': 7.356, 'y': -0.548, 'r': 0.4, 'type': 1}, {'idp': 30, 'x': 0.482, 'y': -1.792, 'r': 0.4, 'type': 1}, {'idp': 32, 'x': 5.837, 'y': 2.434, 'r': 0.4, 'type': 1}, {'idp': 33, 'x': 4.0, 'y': 3.256, 'r': 0.4, 'type': 1}, {'idp': 35, 'x': 9.556, 'y': -0.334, 'r': 0.4, 'type': 1}]
32608,1398694011.6977696,[{'idp': 25, 'x': 7.298, 'y': 0.304, 'r': 0.4, 'type': 1}, {'idp': 29, 'x': 7.368, 'y': -0.549, 'r': 0.4, 'type': 1}, {'idp': 30, 'x': 0.459, 'y': -1.786, 'r': 0.4, 'type': 1}, {'idp': 32, 'x': 5.878, 'y': 2.45, 'r': 0.4, 'type': 1}, {'idp': 33, 'x': 4.027, 'y': 3.308, 'r': 0.4, 'type': 1}, {'idp': 35, 'x': 9.562, 'y': -0.334, 'r': 0.4, 'type': 1}]
32609,1398694011.737716,[{'idp': 25, 'x': 7.332, 'y': 0.321, 'r': 0.4, 'type': 1}, {'idp': 29, 'x': 7.379, 'y': -0.549, 'r': 0.4, 'type': 1}, {'idp': 30, 'x': 0.445, 'y': -1.791, 'r': 0.4, 'type': 1}, {'idp': 32, 'x': 5.873, 'y': 2.449, 'r': 0.4, 'type': 1}, {'idp': 33, 'x': 4.028, 'y': 3.309, 'r': 0.4, 'type': 1}, {'idp': 35, 'x': 9.575, 'y': -0.334, 'r': 0.4, 'type': 1}]
32610,1398694011.737751,[{'idp': 25, 'x': 7.329, 'y': 0.321, 'r': 0.4, 'type': 1}, {'idp': 29, 'x': 7.374, 'y': -0.565, 'r': 0.4, 'type': 1}, {'idp': 30, 'x': 0.429, 'y': -1.79, 'r': 0.4, 'type': 1}, {'idp': 32, 'x': 5.87, 'y': 2.462, 'r': 0.4, 'type': 1}, {'idp': 33, 'x': 3.982, 'y': 3.256, 'r': 0.4, 'type': 1}, {'idp': 35, 'x': 9.647, 'y': -0.38, 'r': 0.4, 'type': 1}]
32611,1398694011.7776823,[{'idp': 25, 'x': 7.341, 'y': 0.321, 'r': 0.4, 'type': 1}, {'idp': 29, 'x': 7.38, 'y': -0.566, 'r': 0.4, 'type': 1}, {'idp': 30, 'x': 0.407, 'y': -1.793, 'r': 0.4, 'type': 1}, {'idp': 32, 'x': 5.894, 'y': 2.442, 'r': 0.4, 'type': 1}, {'idp': 33, 'x': 3.979, 'y': 3.252, 'r': 0.4, 'type': 1}, {'idp': 35, 'x': 9.57, 'y': -0.334, 'r': 0.4, 'type': 1}]
32612,1398694011.7852714,[{'idp': 25, 'x': 7.365, 'y': 0.323, 'r': 0.4, 'type': 1}, {'idp': 29, 'x': 7.384, 'y': -0.534, 'r': 0.4, 'type': 1}, {'idp': 30, 'x': 0.387, 'y': -1.788, 'r': 0.4, 'type': 1}, {'idp': 32, 'x': 5.887, 'y': 2.439, 'r': 0.4, 'type': 1}, {'idp': 33, 'x': 3.954, 'y': 3.247, 'r': 0.4, 'type': 1}, {'idp': 35, 'x': 9.68, 'y': -0.359, 'r': 0.4, 'type': 1}]
32613,1398694011.821763,[{'idp': 25, 'x': 7.392, 'y': 0.323, 'r': 0.4, 'type': 1}, {'idp': 29, 'x': 7.416, 'y': -0.569, 'r': 0.4, 'type': 1}, {'idp': 30, 'x': 0.369, 'y': -1.791, 'r': 0.4, 'type': 1}, {'idp': 32, 'x': 5.901, 'y': 2.46, 'r': 0.4, 'type': 1}, {'idp': 33, 'x': 3.943, 'y': 3.221, 'r': 0.4, 'type': 1}, {'idp': 35, 'x': 9.705, 'y': -0.402, 'r': 0.4, 'type': 1}]
32614,1398694011.8616827,[{'idp': 25, 'x': 7.409, 'y': 0.324, 'r': 0.4, 'type': 1}, {'idp': 29, 'x': 7.41, 'y': -0.552, 'r': 0.4, 'type': 1}, {'idp': 30, 'x': 0.35, 'y': -1.788, 'r': 0.4, 'type': 1}, {'idp': 32, 'x': 5.91, 'y': 2.451, 'r': 0.4, 'type': 1}, {'idp': 33, 'x': 3.932, 'y': 3.227, 'r': 0.4, 'type': 1}, {'idp': 35, 'x': 9.766, 'y': -0.362, 'r': 0.4, 'type': 1}]
32615,1398694011.8617306,[{'idp': 25, 'x': 7.408, 'y': 0.307, 'r': 0.4, 'type': 1}, {'idp': 29, 'x': 7.43, 'y': -0.554, 'r': 0.4, 'type': 1}, {'idp': 30, 'x': 0.324, 'y': -1.789, 'r': 0.4, 'type': 1}, {'idp': 32, 'x': 5.905, 'y': 2.431, 'r': 0.4, 'type': 1}, {'idp': 33, 'x': 3.929, 'y': 3.224, 'r': 0.4, 'type': 1}, {'idp': 35, 'x': 9.793, 'y': -0.385, 'r': 0.4, 'type': 1}]
32616,1398694011.9017248,[{'idp': 25, 'x': 7.418, 'y': 0.307, 'r': 0.4, 'type': 1}, {'idp': 29, 'x': 7.468, 'y': -0.573, 'r': 0.4, 'type': 1}, {'idp': 30, 'x': 0.306, 'y': -1.792, 'r': 0.4, 'type': 1}, {'idp': 32, 'x': 5.937, 'y': 2.41, 'r': 0.4, 'type': 1}, {'idp': 33, 'x': 4.006, 'y': 3.271, 'r': 0.4, 'type': 1}, {'idp': 35, 'x': 9.834, 'y': -0.408, 'r': 0.4, 'type': 1}]
32617,1398694011.9102724,[{'idp': 25, 'x': 7.454, 'y': 0.292, 'r': 0.4, 'type': 1}, {'idp': 29, 'x': 7.474, 'y': -0.573, 'r': 0.4, 'type': 1}, {'idp': 30, 'x': 0.28, 'y': -1.791, 'r': 0.4, 'type': 1}, {'idp': 32, 'x': 5.923, 'y': 2.423, 'r': 0.4, 'type': 1}, {'idp': 33, 'x': 3.989, 'y': 3.273, 'r': 0.4, 'type': 1}, {'idp': 35, 'x': 9.904, 'y': -0.411, 'r': 0.4, 'type': 1}]
32618,1398694011.9497,[{'idp': 25, 'x': 7.481, 'y': 0.257, 'r': 0.4, 'type': 1}, {'idp': 29, 'x': 7.529, 'y': -0.594, 'r': 0.4, 'type': 1}, {'idp': 30, 'x': 0.261, 'y': -1.795, 'r': 0.4, 'type': 1}, {'idp': 32, 'x': 5.917, 'y': 2.42, 'r': 0.4, 'type': 1}, {'idp': 33, 'x': 4.002, 'y': 3.269, 'r': 0.4, 'type': 1}, {'idp': 35, 'x': 9.963, 'y': -0.413, 'r': 0.4, 'type': 1}]
32619,1398694011.989723,[{'idp': 25, 'x': 7.474, 'y': 0.276, 'r': 0.4, 'type': 1}, {'idp': 29, 'x': 7.545, 'y': -0.595, 'r': 0.4, 'type': 1}, {'idp': 30, 'x': 0.241, 'y': -1.791, 'r': 0.4, 'type': 1}, {'idp': 32, 'x': 5.94, 'y': 2.429, 'r': 0.4, 'type': 1}, {'idp': 33, 'x': 3.998, 'y': 3.266, 'r': 0.4, 'type': 1}, {'idp': 35, 'x': 9.951, 'y': -0.413, 'r': 0.4, 'type': 1}]
32620,1398694011.989756,[{'idp': 25, 'x': 7.505, 'y': 0.239, 'r': 0.4, 'type': 1}, {'idp': 29, 'x': 7.572, 'y': -0.597, 'r': 0.4, 'type': 1}, {'idp': 30, 'x': 0.216, 'y': -1.791, 'r': 0.4, 'type': 1}, {'idp': 32, 'x': 5.914, 'y': 2.398, 'r': 0.4, 'type': 1}, {'idp': 33, 'x': 4.037, 'y': 3.298, 'r': 0.4, 'type': 1}, {'idp': 35, 'x': 10.015, 'y': -0.437, 'r': 0.4, 'type': 1}]
32621,1398694012.02977,[{'idp': 25, 'x': 7.525, 'y': 0.239, 'r': 0.4, 'type': 1}, {'idp': 29, 'x': 7.607, 'y': -0.6, 'r': 0.4, 'type': 1}, {'idp': 30, 'x': 0.2, 'y': -1.794, 'r': 0.4, 'type': 1}, {'idp': 32, 'x': 5.936, 'y': 2.403, 'r': 0.4, 'type': 1}, {'idp': 33, 'x': 4.104, 'y': 3.354, 'r': 0.4, 'type': 1}, {'idp': 35, 'x': 10.015, 'y': -0.437, 'r': 0.4, 'type': 1}]
32622,1398694012.0360482,[{'idp': 25, 'x': 7.512, 'y': 0.257, 'r': 0.4, 'type': 1}, {'idp': 29, 'x': 7.61, 'y': -0.566, 'r': 0.4, 'type': 1}, {'idp': 30, 'x': 0.184, 'y': -1.788, 'r': 0.4, 'type': 1}, {'idp': 32, 'x': 5.918, 'y': 2.409, 'r': 0.4, 'type': 1}, {'idp': 33, 'x': 4.121, 'y': 3.368, 'r': 0.4, 'type': 1}, {'idp': 35, 'x': 10.0, 'y': -0.393, 'r': 0.4, 'type': 1}]
32623,1398694012.073766,[{'idp': 25, 'x': 7.515, 'y': 0.239, 'r': 0.4, 'type': 1}, {'idp': 29, 'x': 7.627, 'y': -0.584, 'r': 0.4, 'type': 1}, {'idp': 30, 'x': 0.167, 'y': -1.778, 'r': 0.4, 'type': 1}, {'idp': 32, 'x': 5.905, 'y': 2.424, 'r': 0.4, 'type': 1}, {'idp': 33, 'x': 4.157, 'y': 3.398, 'r': 0.4, 'type': 1}, {'idp': 35, 'x': 10.068, 'y': -0.44, 'r': 0.4, 'type': 1}]
32624,1398694012.1136796,[{'idp': 25, 'x': 7.534, 'y': 0.239, 'r': 0.4, 'type': 1}, {'idp': 29, 'x': 7.655, 'y': -0.602, 'r': 0.4, 'type': 1}, {'idp': 30, 'x': 0.147, 'y': -1.76, 'r': 0.4, 'type': 1}, {'idp': 32, 'x': 5.891, 'y': 2.424, 'r': 0.4, 'type': 1}, {'idp': 33, 'x': 4.194, 'y': 3.412, 'r': 0.4, 'type': 1}, {'idp': 35, 'x': 10.149, 'y': -0.443, 'r': 0.4, 'type': 1}]
32625,1398694012.1137087,[{'idp': 25, 'x': 7.508, 'y': 0.243, 'r': 0.4, 'type': 1}, {'idp': 29, 'x': 7.666, 'y': -0.62, 'r': 0.4, 'type': 1}, {'idp': 30, 'x': 0.132, 'y': -1.749, 'r': 0.4, 'type': 1}, {'idp': 32, 'x': 5.897, 'y': 2.39, 'r': 0.4, 'type': 1}, {'idp': 33, 'x': 4.202, 'y': 3.388, 'r': 0.4, 'type': 1}, {'idp': 35, 'x': 10.143, 'y': -0.487, 'r': 0.4, 'type': 1}]
32626,1398694012.1536767,[{'idp': 25, 'x': 7.515, 'y': 0.226, 'r': 0.4, 'type': 1}, {'idp': 29, 'x': 7.67, 'y': -0.62, 'r': 0.4, 'type': 1}, {'idp': 30, 'x': 0.112, 'y': -1.73, 'r': 0.4, 'type': 1}, {'idp': 32, 'x': 5.903, 'y': 2.393, 'r': 0.4, 'type': 1}, {'idp': 33, 'x': 4.231, 'y': 3.412, 'r': 0.4, 'type': 1}, {'idp': 35, 'x': 10.189, 'y': -0.512, 'r': 0.4, 'type': 1}]
32627,1398694012.1607676,[{'idp': 25, 'x': 7.529, 'y': 0.227, 'r': 0.4, 'type': 1}, {'idp': 29, 'x': 7.673, 'y': -0.62, 'r': 0.4, 'type': 1}, {'idp': 30, 'x': 0.096, 'y': -1.709, 'r': 0.4, 'type': 1}, {'idp': 32, 'x': 5.866, 'y': 2.419, 'r': 0.4, 'type': 1}, {'idp': 33, 'x': 4.244, 'y': 3.422, 'r': 0.4, 'type': 1}]
32628,1398694012.1977108,[{'idp': 25, 'x': 7.553, 'y': 0.206, 'r': 0.4, 'type': 1}, {'idp': 29, 'x': 7.67, 'y': -0.637, 'r': 0.4, 'type': 1}, {'idp': 30, 'x': 0.081, 'y': -1.687, 'r': 0.4, 'type': 1}, {'idp': 32, 'x': 5.854, 'y': 2.428, 'r': 0.4, 'type': 1}, {'idp': 33, 'x': 4.265, 'y': 3.439, 'r': 0.4, 'type': 1}]
32629,1398694012.2376642,[{'idp': 25, 'x': 7.548, 'y': 0.227, 'r': 0.4, 'type': 1}, {'idp': 29, 'x': 7.678, 'y': -0.637, 'r': 0.4, 'type': 1}, {'idp': 30, 'x': 0.07, 'y': -1.684, 'r': 0.4, 'type': 1}, {'idp': 32, 'x': 5.878, 'y': 2.399, 'r': 0.4, 'type': 1}, {'idp': 33, 'x': 4.278, 'y': 3.433, 'r': 0.4, 'type': 1}]
32630,1398694012.2376962,[{'idp': 25, 'x': 7.585, 'y': 0.212, 'r': 0.4, 'type': 1}, {'idp': 29, 'x': 7.705, 'y': -0.639, 'r': 0.4, 'type': 1}, {'idp': 30, 'x': 0.056, 'y': -1.693, 'r': 0.4, 'type': 1}, {'idp': 32, 'x': 5.854, 'y': 2.388, 'r': 0.4, 'type': 1}, {'idp': 33, 'x': 4.296, 'y': 3.433, 'r': 0.4, 'type': 1}]
32631,1398694012.277757,[{'idp': 25, 'x': 7.603, 'y': 0.196, 'r': 0.4, 'type': 1}, {'idp': 29, 'x': 7.718, 'y': -0.657, 'r': 0.4, 'type': 1}, {'idp': 30, 'x': 0.041, 'y': -1.691, 'r': 0.4, 'type': 1}, {'idp': 32, 'x': 5.857, 'y': 2.409, 'r': 0.4, 'type': 1}, {'idp': 33, 'x': 4.335, 'y': 3.425, 'r': 0.4, 'type': 1}]
32632,1398694012.2836387,[{'idp': 25, 'x': 7.625, 'y': 0.197, 'r': 0.4, 'type': 1}, {'idp': 29, 'x': 7.701, 'y': -0.656, 'r': 0.4, 'type': 1}, {'idp': 30, 'x': 0.03, 'y': -1.69, 'r': 0.4, 'type': 1}, {'idp': 32, 'x': 5.843, 'y': 2.404, 'r': 0.4, 'type': 1}, {'idp': 33, 'x': 4.335, 'y': 3.431, 'r': 0.4, 'type': 1}]
32633,1398694012.321619,[{'idp': 25, 'x': 7.655, 'y': 0.198, 'r': 0.4, 'type': 1}, {'idp': 29, 'x': 7.714, 'y': -0.64, 'r': 0.4, 'type': 1}, {'idp': 30, 'x': 0.019, 'y': -1.713, 'r': 0.4, 'type': 1}, {'idp': 32, 'x': 5.812, 'y': 2.403, 'r': 0.4, 'type': 1}, {'idp': 33, 'x': 4.344, 'y': 3.429, 'r': 0.4, 'type': 1}]
32634,1398694012.3617449,[{'idp': 25, 'x': 7.659, 'y': 0.199, 'r': 0.4, 'type': 1}, {'idp': 29, 'x': 7.701, 'y': -0.639, 'r': 0.4, 'type': 1}, {'idp': 30, 'x': 0.011, 'y': -1.734, 'r': 0.4, 'type': 1}, {'idp': 32, 'x': 5.815, 'y': 2.404, 'r': 0.4, 'type': 1}, {'idp': 33, 'x': 4.359, 'y': 3.448, 'r': 0.4, 'type': 1}]
32635,1398694012.361795,[{'idp': 25, 'x': 7.676, 'y': 0.178, 'r': 0.4, 'type': 1}, {'idp': 29, 'x': 7.687, 'y': -0.655, 'r': 0.4, 'type': 1}, {'idp': 30, 'x': -0.0, 'y': -1.78, 'r': 0.4, 'type': 1}, {'idp': 32, 'x': 5.816, 'y': 2.393, 'r': 0.4, 'type': 1}, {'idp': 33, 'x': 4.36, 'y': 3.449, 'r': 0.4, 'type': 1}]
32636,1398694012.4021046,[{'idp': 25, 'x': 7.686, 'y': 0.188, 'r': 0.4, 'type': 1}, {'idp': 29, 'x': 7.742, 'y': -0.642, 'r': 0.4, 'type': 1}, {'idp': 30, 'x': -0.0, 'y': -1.78, 'r': 0.4, 'type': 1}, {'idp': 32, 'x': 5.805, 'y': 2.388, 'r': 0.4, 'type': 1}, {'idp': 33, 'x': 4.395, 'y': 3.432, 'r': 0.4, 'type': 1}]
32637,1398694012.4177668,[{'idp': 25, 'x': 7.723, 'y': 0.151, 'r': 0.4, 'type': 1}, {'idp': 29, 'x': 7.753, 'y': -0.66, 'r': 0.4, 'type': 1}, {'idp': 30, 'x': -0.0, 'y': -1.78, 'r': 0.4, 'type': 1}, {'idp': 32, 'x': 5.803, 'y': 2.387, 'r': 0.4, 'type': 1}, {'idp': 33, 'x': 4.378, 'y': 3.419, 'r': 0.4, 'type': 1}]
32638,1398694012.457593,[{'idp': 25, 'x': 7.737, 'y': 0.152, 'r': 0.4, 'type': 1}, {'idp': 29, 'x': 7.772, 'y': -0.645, 'r': 0.4, 'type': 1}, {'idp': 30, 'x': -0.0, 'y': -1.78, 'r': 0.4, 'type': 1}, {'idp': 32, 'x': 5.786, 'y': 2.396, 'r': 0.4, 'type': 1}, {'idp': 33, 'x': 4.373, 'y': 3.452, 'r': 0.4, 'type': 1}]
32639,1398694012.4977198,[{'idp': 25, 'x': 7.741, 'y': 0.172, 'r': 0.4, 'type': 1}, {'idp': 29, 'x': 7.77, 'y': -0.644, 'r': 0.4, 'type': 1}, {'idp': 30, 'x': -0.0, 'y': -1.78, 'r': 0.4, 'type': 1}, {'idp': 32, 'x': 5.79, 'y': 2.373, 'r': 0.4, 'type': 1}, {'idp': 33, 'x': 4.392, 'y': 3.459, 'r': 0.4, 'type': 1}]
32640,1398694012.4977493,[{'idp': 25, 'x': 7.733, 'y': 0.172, 'r': 0.4, 'type': 1}, {'idp': 29, 'x': 7.799, 'y': -0.647, 'r': 0.4, 'type': 1}, {'idp': 30, 'x': -0.0, 'y': -1.78, 'r': 0.4, 'type': 1}, {'idp': 32, 'x': 5.776, 'y': 2.385, 'r': 0.4, 'type': 1}, {'idp': 33, 'x': 4.389, 'y': 3.455, 'r': 0.4, 'type': 1}]
32641,1398694012.5376778,[{'idp': 25, 'x': 7.765, 'y': 0.153, 'r': 0.4, 'type': 1}, {'idp': 29, 'x': 7.826, 'y': -0.615, 'r': 0.4, 'type': 1}, {'idp': 30, 'x': -0.0, 'y': -1.78, 'r': 0.4, 'type': 1}, {'idp': 32, 'x': 5.755, 'y': 2.377, 'r': 0.4, 'type': 1}, {'idp': 33, 'x': 4.395, 'y': 3.461, 'r': 0.4, 'type': 1}]
32642,1398694012.537709,[{'idp': 25, 'x': 7.758, 'y': 0.136, 'r': 0.4, 'type': 1}, {'idp': 29, 'x': 7.858, 'y': -0.617, 'r': 0.4, 'type': 1}, {'idp': 30, 'x': -0.0, 'y': -1.78, 'r': 0.4, 'type': 1}, {'idp': 32, 'x': 5.73, 'y': 2.372, 'r': 0.4, 'type': 1}, {'idp': 33, 'x': 4.427, 'y': 3.462, 'r': 0.4, 'type': 1}]
32643,1398694012.5777345,[{'idp': 25, 'x': 7.797, 'y': 0.154, 'r': 0.4, 'type': 1}, {'idp': 29, 'x': 7.894, 'y': -0.62, 'r': 0.4, 'type': 1}, {'idp': 30, 'x': -0.0, 'y': -1.78, 'r': 0.4, 'type': 1}, {'idp': 32, 'x': 5.743, 'y': 2.354, 'r': 0.4, 'type': 1}, {'idp': 33, 'x': 4.436, 'y': 3.463, 'r': 0.4, 'type': 1}]
32644,1398694012.5834749,[{'idp': 25, 'x': 7.803, 'y': 0.154, 'r': 0.4, 'type': 1}, {'idp': 29, 'x': 7.915, 'y': -0.622, 'r': 0.4, 'type': 1}, {'idp': 30, 'x': -0.0, 'y': -1.78, 'r': 0.4, 'type': 1}, {'idp': 32, 'x': 5.744, 'y': 2.359, 'r': 0.4, 'type': 1}, {'idp': 33, 'x': 4.438, 'y': 3.464, 'r': 0.4, 'type': 1}]
32645,1398694012.621692,[{'idp': 25, 'x': 7.787, 'y': 0.154, 'r': 0.4, 'type': 1}, {'idp': 29, 'x': 7.911, 'y': -0.604, 'r': 0.4, 'type': 1}, {'idp': 32, 'x': 5.679, 'y': 2.38, 'r': 0.4, 'type': 1}, {'idp': 33, 'x': 4.429, 'y': 3.464, 'r': 0.4, 'type': 1}]
32646,1398694012.6617544,[{'idp': 25, 'x': 7.815, 'y': 0.155, 'r': 0.4, 'type': 1}, {'idp': 29, 'x': 7.938, 'y': -0.607, 'r': 0.4, 'type': 1}, {'idp': 32, 'x': 5.67, 'y': 2.391, 'r': 0.4, 'type': 1}, {'idp': 33, 'x': 4.442, 'y': 3.468, 'r': 0.4, 'type': 1}]
32647,1398694012.6618106,[{'idp': 25, 'x': 7.828, 'y': 0.138, 'r': 0.4, 'type': 1}, {'idp': 29, 'x': 7.972, 'y': -0.627, 'r': 0.4, 'type': 1}, {'idp': 32, 'x': 5.679, 'y': 2.378, 'r': 0.4, 'type': 1}, {'idp': 33, 'x': 4.461, 'y': 3.468, 'r': 0.4, 'type': 1}]
32648,1398694012.701797,[{'idp': 25, 'x': 7.831, 'y': 0.138, 'r': 0.4, 'type': 1}, {'idp': 29, 'x': 7.994, 'y': -0.611, 'r': 0.4, 'type': 1}, {'idp': 32, 'x': 5.666, 'y': 2.372, 'r': 0.4, 'type': 1}, {'idp': 33, 'x': 4.482, 'y': 3.469, 'r': 0.4, 'type': 1}]
32649,1398694012.7074342,[{'idp': 25, 'x': 7.822, 'y': 0.121, 'r': 0.4, 'type': 1}, {'idp': 29, 'x': 8.0, 'y': -0.612, 'r': 0.4, 'type': 1}, {'idp': 32, 'x': 5.662, 'y': 2.354, 'r': 0.4, 'type': 1}, {'idp': 33, 'x': 4.488, 'y': 3.477, 'r': 0.4, 'type': 1}]
32650,1398694012.7456744,[{'idp': 25, 'x': 7.832, 'y': 0.121, 'r': 0.4, 'type': 1}, {'idp': 29, 'x': 8.009, 'y': -0.613, 'r': 0.4, 'type': 1}, {'idp': 32, 'x': 5.64, 'y': 2.378, 'r': 0.4, 'type': 1}, {'idp': 33, 'x': 4.512, 'y': 3.478, 'r': 0.4, 'type': 1}]
32651,1398694012.7856655,[{'idp': 25, 'x': 7.875, 'y': 0.157, 'r': 0.4, 'type': 1}, {'idp': 29, 'x': 8.023, 'y': -0.614, 'r': 0.4, 'type': 1}, {'idp': 32, 'x': 5.596, 'y': 2.374, 'r': 0.4, 'type': 1}, {'idp': 33, 'x': 4.529, 'y': 3.476, 'r': 0.4, 'type': 1}]
32652,1398694012.785696,[{'idp': 25, 'x': 7.86, 'y': 0.139, 'r': 0.4, 'type': 1}, {'idp': 29, 'x': 8.029, 'y': -0.597, 'r': 0.4, 'type': 1}, {'idp': 32, 'x': 5.599, 'y': 2.376, 'r': 0.4, 'type': 1}, {'idp': 33, 'x': 4.527, 'y': 3.474, 'r': 0.4, 'type': 1}]
32653,1398694012.8257244,[{'idp': 25, 'x': 7.857, 'y': 0.122, 'r': 0.4, 'type': 1}, {'idp': 29, 'x': 8.038, 'y': -0.616, 'r': 0.4, 'type': 1}, {'idp': 32, 'x': 5.599, 'y': 2.386, 'r': 0.4, 'type': 1}, {'idp': 33, 'x': 4.549, 'y': 3.475, 'r': 0.4, 'type': 1}]
32654,1398694012.8313153,[{'idp': 25, 'x': 7.847, 'y': 0.088, 'r': 0.4, 'type': 1}, {'idp': 29, 'x': 8.032, 'y': -0.616, 'r': 0.4, 'type': 1}, {'idp': 32, 'x': 5.595, 'y': 2.388, 'r': 0.4, 'type': 1}, {'idp': 33, 'x': 4.562, 'y': 3.47, 'r': 0.4, 'type': 1}]
32655,1398694012.869698,[{'idp': 25, 'x': 7.874, 'y': 0.105, 'r': 0.4, 'type': 1}, {'idp': 29, 'x': 8.05, 'y': -0.617, 'r': 0.4, 'type': 1}, {'idp': 32, 'x': 5.58, 'y': 2.382, 'r': 0.4, 'type': 1}, {'idp': 33, 'x': 4.563, 'y': 3.455, 'r': 0.4, 'type': 1}]
32656,1398694012.90963,[{'idp': 25, 'x': 7.911, 'y': 0.123, 'r': 0.4, 'type': 1}, {'idp': 29, 'x': 8.067, 'y': -0.619, 'r': 0.4, 'type': 1}, {'idp': 32, 'x': 5.558, 'y': 2.387, 'r': 0.4, 'type': 1}, {'idp': 33, 'x': 4.535, 'y': 3.402, 'r': 0.4, 'type': 1}]
32657,1398694012.9096496,[{'idp': 25, 'x': 7.892, 'y': 0.123, 'r': 0.4, 'type': 1}, {'idp': 29, 'x': 8.054, 'y': -0.582, 'r': 0.4, 'type': 1}, {'idp': 32, 'x': 5.56, 'y': 2.37, 'r': 0.4, 'type': 1}, {'idp': 33, 'x': 4.507, 'y': 3.412, 'r': 0.4, 'type': 1}]
32658,1398694012.9496777,[{'idp': 25, 'x': 7.926, 'y': 0.123, 'r': 0.4, 'type': 1}, {'idp': 29, 'x': 8.048, 'y': -0.582, 'r': 0.4, 'type': 1}, {'idp': 32, 'x': 5.53, 'y': 2.389, 'r': 0.4, 'type': 1}, {'idp': 33, 'x': 4.587, 'y': 3.439, 'r': 0.4, 'type': 1}]
32659,1398694012.956843,[{'idp': 25, 'x': 7.935, 'y': 0.106, 'r': 0.4, 'type': 1}, {'idp': 29, 'x': 8.051, 'y': -0.599, 'r': 0.4, 'type': 1}, {'idp': 32, 'x': 5.504, 'y': 2.394, 'r': 0.4, 'type': 1}, {'idp': 33, 'x': 4.618, 'y': 3.446, 'r': 0.4, 'type': 1}]
32660,1398694012.9939923,[{'idp': 25, 'x': 7.958, 'y': 0.106, 'r': 0.4, 'type': 1}, {'idp': 29, 'x': 8.062, 'y': -0.6, 'r': 0.4, 'type': 1}, {'idp': 32, 'x': 5.52, 'y': 2.384, 'r': 0.4, 'type': 1}, {'idp': 33, 'x': 4.637, 'y': 3.444, 'r': 0.4, 'type': 1}]
32661,1398694013.0337322,[{'idp': 25, 'x': 8.036, 'y': 0.124, 'r': 0.4, 'type': 1}, {'idp': 29, 'x': 8.092, 'y': -0.603, 'r': 0.4, 'type': 1}, {'idp': 32, 'x': 5.517, 'y': 2.38, 'r': 0.4, 'type': 1}, {'idp': 33, 'x': 4.668, 'y': 3.451, 'r': 0.4, 'type': 1}]
32662,1398694013.0337682,[{'idp': 25, 'x': 7.994, 'y': 0.089, 'r': 0.4, 'type': 1}, {'idp': 29, 'x': 8.096, 'y': -0.603, 'r': 0.4, 'type': 1}, {'idp': 32, 'x': 5.475, 'y': 2.396, 'r': 0.4, 'type': 1}, {'idp': 33, 'x': 4.683, 'y': 3.462, 'r': 0.4, 'type': 1}]
32663,1398694013.0737376,[{'idp': 25, 'x': 8.015, 'y': 0.089, 'r': 0.4, 'type': 1}, {'idp': 29, 'x': 8.093, 'y': -0.585, 'r': 0.4, 'type': 1}, {'idp': 32, 'x': 5.486, 'y': 2.382, 'r': 0.4, 'type': 1}, {'idp': 33, 'x': 4.694, 'y': 3.454, 'r': 0.4, 'type': 1}]
32664,1398694013.0815125,[{'idp': 25, 'x': 8.04, 'y': 0.107, 'r': 0.4, 'type': 1}, {'idp': 29, 'x': 8.133, 'y': -0.606, 'r': 0.4, 'type': 1}, {'idp': 32, 'x': 5.464, 'y': 2.389, 'r': 0.4, 'type': 1}, {'idp': 33, 'x': 4.703, 'y': 3.461, 'r': 0.4, 'type': 1}]
32665,1398694013.117674,[{'idp': 25, 'x': 8.084, 'y': 0.107, 'r': 0.4, 'type': 1}, {'idp': 29, 'x': 8.154, 'y': -0.607, 'r': 0.4, 'type': 1}, {'idp': 32, 'x': 5.457, 'y': 2.382, 'r': 0.4, 'type': 1}, {'idp': 33, 'x': 4.695, 'y': 3.455, 'r': 0.4, 'type': 1}]
32666,1398694013.1576648,[{'idp': 25, 'x': 8.119, 'y': 0.107, 'r': 0.4, 'type': 1}, {'idp': 29, 'x': 8.176, 'y': -0.591, 'r': 0.4, 'type': 1}, {'idp': 32, 'x': 5.434, 'y': 2.404, 'r': 0.4, 'type': 1}, {'idp': 33, 'x': 4.692, 'y': 3.453, 'r': 0.4, 'type': 1}]
32667,1398694013.15769,[{'idp': 25, 'x': 8.129, 'y': 0.107, 'r': 0.4, 'type': 1}, {'idp': 29, 'x': 8.195, 'y': -0.575, 'r': 0.4, 'type': 1}, {'idp': 32, 'x': 5.418, 'y': 2.397, 'r': 0.4, 'type': 1}, {'idp': 33, 'x': 4.704, 'y': 3.446, 'r': 0.4, 'type': 1}]
32668,1398694013.1977372,[{'idp': 25, 'x': 8.143, 'y': 0.107, 'r': 0.4, 'type': 1}, {'idp': 29, 'x': 8.245, 'y': -0.614, 'r': 0.4, 'type': 1}, {'idp': 32, 'x': 5.415, 'y': 2.38, 'r': 0.4, 'type': 1}, {'idp': 33, 'x': 4.731, 'y': 3.45, 'r': 0.4, 'type': 1}]
32669,1398694013.2061443,[{'idp': 25, 'x': 8.16, 'y': 0.107, 'r': 0.4, 'type': 1}, {'idp': 29, 'x': 8.267, 'y': -0.615, 'r': 0.4, 'type': 1}, {'idp': 32, 'x': 5.401, 'y': 2.405, 'r': 0.4, 'type': 1}, {'idp': 33, 'x': 4.757, 'y': 3.454, 'r': 0.4, 'type': 1}]
32670,1398694013.2457244,[{'idp': 25, 'x': 8.176, 'y': 0.089, 'r': 0.4, 'type': 1}, {'idp': 29, 'x': 8.288, 'y': -0.617, 'r': 0.4, 'type': 1}, {'idp': 32, 'x': 5.403, 'y': 2.403, 'r': 0.4, 'type': 1}, {'idp': 33, 'x': 4.747, 'y': 3.447, 'r': 0.4, 'type': 1}]
32671,1398694013.285637,[{'idp': 25, 'x': 8.189, 'y': 0.107, 'r': 0.4, 'type': 1}, {'idp': 29, 'x': 8.32, 'y': -0.618, 'r': 0.4, 'type': 1}, {'idp': 32, 'x': 5.371, 'y': 2.404, 'r': 0.4, 'type': 1}, {'idp': 33, 'x': 4.75, 'y': 3.418, 'r': 0.4, 'type': 1}]
32672,1398694013.2856653,[{'idp': 25, 'x': 8.233, 'y': 0.071, 'r': 0.4, 'type': 1}, {'idp': 29, 'x': 8.337, 'y': -0.62, 'r': 0.4, 'type': 1}, {'idp': 32, 'x': 5.367, 'y': 2.418, 'r': 0.4, 'type': 1}, {'idp': 33, 'x': 4.729, 'y': 3.404, 'r': 0.4, 'type': 1}]
32673,1398694013.3257287,[{'idp': 25, 'x': 8.234, 'y': 0.089, 'r': 0.4, 'type': 1}, {'idp': 29, 'x': 8.347, 'y': -0.62, 'r': 0.4, 'type': 1}, {'idp': 32, 'x': 5.372, 'y': 2.401, 'r': 0.4, 'type': 1}, {'idp': 33, 'x': 4.718, 'y': 3.381, 'r': 0.4, 'type': 1}]
32674,1398694013.3305378,[{'idp': 25, 'x': 8.259, 'y': 0.089, 'r': 0.4, 'type': 1}, {'idp': 29, 'x': 8.359, 'y': -0.603, 'r': 0.4, 'type': 1}, {'idp': 32, 'x': 5.334, 'y': 2.415, 'r': 0.4, 'type': 1}, {'idp': 33, 'x': 4.742, 'y': 3.383, 'r': 0.4, 'type': 1}]
32675,1398694013.3697188,[{'idp': 25, 'x': 8.253, 'y': 0.089, 'r': 0.4, 'type': 1}, {'idp': 29, 'x': 8.387, 'y': -0.568, 'r': 0.4, 'type': 1}, {'idp': 32, 'x': 5.321, 'y': 2.424, 'r': 0.4, 'type': 1}, {'idp': 33, 'x': 4.793, 'y': 3.419, 'r': 0.4, 'type': 1}]
32676,1398694013.409641,[{'idp': 25, 'x': 8.21, 'y': 0.11, 'r': 0.4, 'type': 1}, {'idp': 29, 'x': 8.39, 'y': -0.567, 'r': 0.4, 'type': 1}, {'idp': 32, 'x': 5.313, 'y': 2.42, 'r': 0.4, 'type': 1}, {'idp': 33, 'x': 4.817, 'y': 3.421, 'r': 0.4, 'type': 1}]
32677,1398694013.4096696,[{'idp': 25, 'x': 8.224, 'y': 0.088, 'r': 0.4, 'type': 1}, {'idp': 29, 'x': 8.385, 'y': -0.567, 'r': 0.4, 'type': 1}, {'idp': 32, 'x': 5.281, 'y': 2.422, 'r': 0.4, 'type': 1}, {'idp': 33, 'x': 4.867, 'y': 3.44, 'r': 0.4, 'type': 1}]
32678,1398694013.449725,[{'idp': 25, 'x': 8.259, 'y': 0.045, 'r': 0.4, 'type': 1}, {'idp': 29, 'x': 8.394, 'y': -0.586, 'r': 0.4, 'type': 1}, {'idp': 32, 'x': 5.287, 'y': 2.425, 'r': 0.4, 'type': 1}, {'idp': 33, 'x': 4.91, 'y': 3.439, 'r': 0.4, 'type': 1}]
32679,1398694013.4552338,[{'idp': 25, 'x': 8.259, 'y': 0.052, 'r': 0.4, 'type': 1}, {'idp': 29, 'x': 8.411, 'y': -0.606, 'r': 0.4, 'type': 1}, {'idp': 32, 'x': 5.265, 'y': 2.415, 'r': 0.4, 'type': 1}, {'idp': 33, 'x': 4.906, 'y': 3.42, 'r': 0.4, 'type': 1}]
32680,1398694013.4936512,[{'idp': 25, 'x': 8.267, 'y': 0.12, 'r': 0.4, 'type': 1}, {'idp': 29, 'x': 8.417, 'y': -0.569, 'r': 0.4, 'type': 1}, {'idp': 32, 'x': 5.282, 'y': 2.417, 'r': 0.4, 'type': 1}, {'idp': 33, 'x': 4.928, 'y': 3.451, 'r': 0.4, 'type': 1}]
32681,1398694013.533628,[{'idp': 25, 'x': 8.287, 'y': 0.11, 'r': 0.4, 'type': 1}, {'idp': 29, 'x': 8.396, 'y': -0.568, 'r': 0.4, 'type': 1}, {'idp': 32, 'x': 5.26, 'y': 2.422, 'r': 0.4, 'type': 1}, {'idp': 33, 'x': 4.925, 'y': 3.464, 'r': 0.4, 'type': 1}]
32682,1398694013.533641,[{'idp': 25, 'x': 8.329, 'y': 0.088, 'r': 0.4, 'type': 1}, {'idp': 29, 'x': 8.372, 'y': -0.566, 'r': 0.4, 'type': 1}, {'idp': 32, 'x': 5.238, 'y': 2.443, 'r': 0.4, 'type': 1}, {'idp': 33, 'x': 4.931, 'y': 3.452, 'r': 0.4, 'type': 1}]
32683,1398694013.574164,[{'idp': 25, 'x': 8.336, 'y': 0.107, 'r': 0.4, 'type': 1}, {'idp': 29, 'x': 8.389, 'y': -0.586, 'r': 0.4, 'type': 1}, {'idp': 32, 'x': 5.224, 'y': 2.436, 'r': 0.4, 'type': 1}, {'idp': 33, 'x': 4.966, 'y': 3.438, 'r': 0.4, 'type': 1}]
32684,1398694013.5796955,[{'idp': 25, 'x': 8.376, 'y': 0.111, 'r': 0.4, 'type': 1}, {'idp': 29, 'x': 8.418, 'y': -0.569, 'r': 0.4, 'type': 1}, {'idp': 32, 'x': 5.221, 'y': 2.433, 'r': 0.4, 'type': 1}, {'idp': 33, 'x': 4.97, 'y': 3.423, 'r': 0.4, 'type': 1}]
32685,1398694013.6176705,[{'idp': 25, 'x': 8.362, 'y': 0.095, 'r': 0.4, 'type': 1}, {'idp': 29, 'x': 8.456, 'y': -0.553, 'r': 0.4, 'type': 1}, {'idp': 32, 'x': 5.204, 'y': 2.425, 'r': 0.4, 'type': 1}, {'idp': 33, 'x': 4.979, 'y': 3.436, 'r': 0.4, 'type': 1}]
32686,1398694013.6576548,[{'idp': 25, 'x': 8.434, 'y': 0.067, 'r': 0.4, 'type': 1}, {'idp': 29, 'x': 8.434, 'y': -0.57, 'r': 0.4, 'type': 1}, {'idp': 32, 'x': 5.204, 'y': 2.455, 'r': 0.4, 'type': 1}, {'idp': 33, 'x': 4.988, 'y': 3.441, 'r': 0.4, 'type': 1}]
32687,1398694013.6576724,[{'idp': 25, 'x': 8.407, 'y': 0.095, 'r': 0.4, 'type': 1}, {'idp': 29, 'x': 8.462, 'y': -0.572, 'r': 0.4, 'type': 1}, {'idp': 32, 'x': 5.184, 'y': 2.445, 'r': 0.4, 'type': 1}, {'idp': 33, 'x': 4.979, 'y': 3.444, 'r': 0.4, 'type': 1}]
32688,1398694013.6976833,[{'idp': 25, 'x': 8.43, 'y': 0.072, 'r': 0.4, 'type': 1}, {'idp': 29, 'x': 8.482, 'y': -0.555, 'r': 0.4, 'type': 1}, {'idp': 32, 'x': 5.173, 'y': 2.44, 'r': 0.4, 'type': 1}, {'idp': 33, 'x': 4.996, 'y': 3.43, 'r': 0.4, 'type': 1}]
32689,1398694013.7045832,[{'idp': 25, 'x': 8.44, 'y': 0.048, 'r': 0.4, 'type': 1}, {'idp': 29, 'x': 8.498, 'y': -0.556, 'r': 0.4, 'type': 1}, {'idp': 32, 'x': 5.174, 'y': 2.44, 'r': 0.4, 'type': 1}, {'idp': 33, 'x': 4.99, 'y': 3.437, 'r': 0.4, 'type': 1}]
32690,1398694013.741662,[{'idp': 25, 'x': 8.422, 'y': 0.054, 'r': 0.4, 'type': 1}, {'idp': 29, 'x': 8.515, 'y': -0.538, 'r': 0.4, 'type': 1}, {'idp': 32, 'x': 5.158, 'y': 2.445, 'r': 0.4, 'type': 1}, {'idp': 33, 'x': 5.008, 'y': 3.449, 'r': 0.4, 'type': 1}]
32691,1398694013.7818034,[{'idp': 25, 'x': 8.429, 'y': 0.073, 'r': 0.4, 'type': 1}, {'idp': 29, 'x': 8.541, 'y': -0.521, 'r': 0.4, 'type': 1}, {'idp': 32, 'x': 5.152, 'y': 2.458, 'r': 0.4, 'type': 1}, {'idp': 33, 'x': 5.007, 'y': 3.437, 'r': 0.4, 'type': 1}]
32692,1398694013.781822,[{'idp': 25, 'x': 8.478, 'y': 0.069, 'r': 0.4, 'type': 1}, {'idp': 29, 'x': 8.572, 'y': -0.523, 'r': 0.4, 'type': 1}, {'idp': 32, 'x': 5.153, 'y': 2.456, 'r': 0.4, 'type': 1}, {'idp': 33, 'x': 5.021, 'y': 3.446, 'r': 0.4, 'type': 1}]
32693,1398694013.821745,[{'idp': 25, 'x': 8.467, 'y': 0.078, 'r': 0.4, 'type': 1}, {'idp': 29, 'x': 8.573, 'y': -0.523, 'r': 0.4, 'type': 1}, {'idp': 32, 'x': 5.147, 'y': 2.466, 'r': 0.4, 'type': 1}, {'idp': 33, 'x': 4.983, 'y': 3.431, 'r': 0.4, 'type': 1}]
32694,1398694013.829392,[{'idp': 25, 'x': 8.489, 'y': 0.055, 'r': 0.4, 'type': 1}, {'idp': 29, 'x': 8.599, 'y': -0.475, 'r': 0.4, 'type': 1}, {'idp': 32, 'x': 5.131, 'y': 2.459, 'r': 0.4, 'type': 1}, {'idp': 33, 'x': 5.055, 'y': 3.427, 'r': 0.4, 'type': 1}]
32695,1398694013.8656936,[{'idp': 25, 'x': 8.531, 'y': 0.056, 'r': 0.4, 'type': 1}, {'idp': 29, 'x': 8.617, 'y': -0.472, 'r': 0.4, 'type': 1}, {'idp': 32, 'x': 5.152, 'y': 2.468, 'r': 0.4, 'type': 1}, {'idp': 33, 'x': 5.041, 'y': 3.429, 'r': 0.4, 'type': 1}]
32696,1398694013.9057417,[{'idp': 25, 'x': 8.555, 'y': 0.044, 'r': 0.4, 'type': 1}, {'idp': 29, 'x': 8.627, 'y': -0.459, 'r': 0.4, 'type': 1}, {'idp': 32, 'x': 5.129, 'y': 2.485, 'r': 0.4, 'type': 1}, {'idp': 33, 'x': 5.061, 'y': 3.417, 'r': 0.4, 'type': 1}]
32697,1398694013.9102852,[{'idp': 25, 'x': 8.594, 'y': 0.015, 'r': 0.4, 'type': 1}, {'idp': 29, 'x': 8.657, 'y': -0.441, 'r': 0.4, 'type': 1}, {'idp': 32, 'x': 5.141, 'y': 2.505, 'r': 0.4, 'type': 1}, {'idp': 33, 'x': 5.042, 'y': 3.439, 'r': 0.4, 'type': 1}]
32698,1398694013.9457147,[{'idp': 25, 'x': 8.611, 'y': -0.028, 'r': 0.4, 'type': 1}, {'idp': 29, 'x': 8.684, 'y': -0.475, 'r': 0.4, 'type': 1}, {'idp': 32, 'x': 5.153, 'y': 2.51, 'r': 0.4, 'type': 1}, {'idp': 33, 'x': 5.05, 'y': 3.427, 'r': 0.4, 'type': 1}]
32699,1398694013.9537463,[{'idp': 25, 'x': 8.634, 'y': -0.078, 'r': 0.4, 'type': 1}, {'idp': 29, 'x': 8.687, 'y': -0.475, 'r': 0.4, 'type': 1}, {'idp': 32, 'x': 5.122, 'y': 2.496, 'r': 0.4, 'type': 1}, {'idp': 33, 'x': 5.07, 'y': 3.424, 'r': 0.4, 'type': 1}]
32700,1398694013.993693,[{'idp': 25, 'x': 8.626, 'y': -0.086, 'r': 0.4, 'type': 1}, {'idp': 29, 'x': 8.703, 'y': -0.476, 'r': 0.4, 'type': 1}, {'idp': 32, 'x': 5.131, 'y': 2.501, 'r': 0.4, 'type': 1}, {'idp': 33, 'x': 5.088, 'y': 3.414, 'r': 0.4, 'type': 1}]
32701,1398694014.033658,[{'idp': 25, 'x': 8.634, 'y': -0.087, 'r': 0.4, 'type': 1}, {'idp': 29, 'x': 8.704, 'y': -0.476, 'r': 0.4, 'type': 1}, {'idp': 32, 'x': 5.145, 'y': 2.492, 'r': 0.4, 'type': 1}, {'idp': 33, 'x': 5.123, 'y': 3.422, 'r': 0.4, 'type': 1}]
32702,1398694014.0336926,[{'idp': 25, 'x': 8.635, 'y': -0.085, 'r': 0.4, 'type': 1}, {'idp': 29, 'x': 8.698, 'y': -0.476, 'r': 0.4, 'type': 1}, {'idp': 32, 'x': 5.136, 'y': 2.502, 'r': 0.4, 'type': 1}, {'idp': 33, 'x': 5.119, 'y': 3.42, 'r': 0.4, 'type': 1}]
32703,1398694014.073776,[{'idp': 25, 'x': 8.634, 'y': -0.085, 'r': 0.4, 'type': 1}, {'idp': 29, 'x': 8.71, 'y': -0.477, 'r': 0.4, 'type': 1}, {'idp': 32, 'x': 5.133, 'y': 2.503, 'r': 0.4, 'type': 1}, {'idp': 33, 'x': 5.115, 'y': 3.415, 'r': 0.4, 'type': 1}]
32704,1398694014.078879,[{'idp': 25, 'x': 8.626, 'y': -0.086, 'r': 0.4, 'type': 1}, {'idp': 29, 'x': 8.685, 'y': -0.456, 'r': 0.4, 'type': 1}, {'idp': 32, 'x': 5.133, 'y': 2.515, 'r': 0.4, 'type': 1}, {'idp': 33, 'x': 5.131, 'y': 3.413, 'r': 0.4, 'type': 1}]
32705,1398694014.117669,[{'idp': 25, 'x': 8.636, 'y': -0.086, 'r': 0.4, 'type': 1}, {'idp': 29, 'x': 8.706, 'y': -0.457, 'r': 0.4, 'type': 1}, {'idp': 32, 'x': 5.106, 'y': 2.506, 'r': 0.4, 'type': 1}, {'idp': 33, 'x': 5.147, 'y': 3.407, 'r': 0.4, 'type': 1}]
32706,1398694014.1577058,[{'idp': 25, 'x': 8.649, 'y': -0.084, 'r': 0.4, 'type': 1}, {'idp': 29, 'x': 8.691, 'y': -0.456, 'r': 0.4, 'type': 1}, {'idp': 32, 'x': 5.107, 'y': 2.507, 'r': 0.4, 'type': 1}, {'idp': 33, 'x': 5.168, 'y': 3.405, 'r': 0.4, 'type': 1}]
32707,1398694014.1577444,[{'idp': 25, 'x': 8.651, 'y': -0.093, 'r': 0.4, 'type': 1}, {'idp': 29, 'x': 8.713, 'y': -0.477, 'r': 0.4, 'type': 1}, {'idp': 32, 'x': 5.11, 'y': 2.508, 'r': 0.4, 'type': 1}, {'idp': 33, 'x': 5.179, 'y': 3.38, 'r': 0.4, 'type': 1}]
32708,1398694014.1977754,[{'idp': 25, 'x': 8.67, 'y': -0.085, 'r': 0.4, 'type': 1}, {'idp': 29, 'x': 8.726, 'y': -0.459, 'r': 0.4, 'type': 1}, {'idp': 32, 'x': 5.126, 'y': 2.494, 'r': 0.4, 'type': 1}, {'idp': 33, 'x': 5.155, 'y': 3.364, 'r': 0.4, 'type': 1}]
32709,1398694014.203138,[{'idp': 25, 'x': 8.644, 'y': -0.109, 'r': 0.4, 'type': 1}, {'idp': 29, 'x': 8.711, 'y': -0.438, 'r': 0.4, 'type': 1}, {'idp': 32, 'x': 5.126, 'y': 2.511, 'r': 0.4, 'type': 1}, {'idp': 33, 'x': 5.133, 'y': 3.349, 'r': 0.4, 'type': 1}]
32710,1398694014.241739,[{'idp': 25, 'x': 8.674, 'y': -0.109, 'r': 0.4, 'type': 1}, {'idp': 29, 'x': 8.708, 'y': -0.399, 'r': 0.4, 'type': 1}, {'idp': 32, 'x': 5.097, 'y': 2.53, 'r': 0.4, 'type': 1}, {'idp': 33, 'x': 5.119, 'y': 3.34, 'r': 0.4, 'type': 1}]
32711,1398694014.2817128,[{'idp': 25, 'x': 8.697, 'y': -0.135, 'r': 0.4, 'type': 1}, {'idp': 29, 'x': 8.725, 'y': -0.386, 'r': 0.4, 'type': 1}, {'idp': 32, 'x': 5.101, 'y': 2.527, 'r': 0.4, 'type': 1}, {'idp': 33, 'x': 5.157, 'y': 3.348, 'r': 0.4, 'type': 1}]
32712,1398694014.2817438,[{'idp': 25, 'x': 8.758, 'y': -0.142, 'r': 0.4, 'type': 1}, {'idp': 29, 'x': 8.741, 'y': -0.418, 'r': 0.4, 'type': 1}, {'idp': 32, 'x': 5.099, 'y': 2.525, 'r': 0.4, 'type': 1}, {'idp': 33, 'x': 5.226, 'y': 3.344, 'r': 0.4, 'type': 1}]
32713,1398694014.3217072,[{'idp': 25, 'x': 8.796, 'y': -0.137, 'r': 0.4, 'type': 1}, {'idp': 29, 'x': 8.786, 'y': -0.388, 'r': 0.4, 'type': 1}, {'idp': 32, 'x': 5.148, 'y': 2.533, 'r': 0.4, 'type': 1}, {'idp': 33, 'x': 5.257, 'y': 3.347, 'r': 0.4, 'type': 1}]
32714,1398694014.3275087,[{'idp': 25, 'x': 8.809, 'y': -0.114, 'r': 0.4, 'type': 1}, {'idp': 29, 'x': 8.802, 'y': -0.361, 'r': 0.4, 'type': 1}, {'idp': 32, 'x': 5.131, 'y': 2.525, 'r': 0.4, 'type': 1}, {'idp': 33, 'x': 5.257, 'y': 3.348, 'r': 0.4, 'type': 1}]
32715,1398694014.365759,[{'idp': 25, 'x': 8.851, 'y': -0.087, 'r': 0.4, 'type': 1}, {'idp': 29, 'x': 8.842, 'y': -0.382, 'r': 0.4, 'type': 1}, {'idp': 32, 'x': 5.143, 'y': 2.544, 'r': 0.4, 'type': 1}, {'idp': 33, 'x': 5.257, 'y': 3.347, 'r': 0.4, 'type': 1}]
32716,1398694014.4056854,[{'idp': 25, 'x': 8.855, 'y': -0.089, 'r': 0.4, 'type': 1}, {'idp': 29, 'x': 8.866, 'y': -0.364, 'r': 0.4, 'type': 1}, {'idp': 32, 'x': 5.112, 'y': 2.534, 'r': 0.4, 'type': 1}, {'idp': 33, 'x': 5.271, 'y': 3.34, 'r': 0.4, 'type': 1}]
32717,1398694014.405701,[{'idp': 25, 'x': 8.882, 'y': -0.094, 'r': 0.4, 'type': 1}, {'idp': 29, 'x': 8.892, 'y': -0.35, 'r': 0.4, 'type': 1}, {'idp': 32, 'x': 5.115, 'y': 2.536, 'r': 0.4, 'type': 1}, {'idp': 33, 'x': 5.277, 'y': 3.327, 'r': 0.4, 'type': 1}]
32718,1398694014.4456906,[{'idp': 25, 'x': 8.887, 'y': -0.09, 'r': 0.4, 'type': 1}, {'idp': 29, 'x': 8.902, 'y': -0.338, 'r': 0.4, 'type': 1}, {'idp': 32, 'x': 5.132, 'y': 2.544, 'r': 0.4, 'type': 1}, {'idp': 33, 'x': 5.325, 'y': 3.325, 'r': 0.4, 'type': 1}]
32719,1398694014.4523044,[{'idp': 25, 'x': 8.956, 'y': 0.146, 'r': 0.2, 'type': 1}, {'idp': 29, 'x': 8.998, 'y': -0.647, 'r': 0.2, 'type': 1}, {'idp': 32, 'x': 5.143, 'y': 2.549, 'r': 0.4, 'type': 1}, {'idp': 33, 'x': 5.3, 'y': 3.325, 'r': 0.4, 'type': 1}]
32720,1398694014.48964,[{'idp': 25, 'x': 8.919, 'y': 0.097, 'r': 0.2, 'type': 1}, {'idp': 29, 'x': 8.992, 'y': -0.57, 'r': 0.2, 'type': 1}, {'idp': 32, 'x': 5.128, 'y': 2.558, 'r': 0.4, 'type': 1}, {'idp': 33, 'x': 5.296, 'y': 3.323, 'r': 0.4, 'type': 1}]
32721,1398694014.5297794,[{'idp': 25, 'x': 8.92, 'y': 0.116, 'r': 0.2, 'type': 1}, {'idp': 29, 'x': 8.987, 'y': -0.51, 'r': 0.2, 'type': 1}, {'idp': 32, 'x': 5.158, 'y': 2.567, 'r': 0.4, 'type': 1}, {'idp': 33, 'x': 5.303, 'y': 3.327, 'r': 0.4, 'type': 1}]
32722,1398694014.5298085,[{'idp': 25, 'x': 8.932, 'y': 0.097, 'r': 0.2, 'type': 1}, {'idp': 29, 'x': 8.988, 'y': -0.471, 'r': 0.2, 'type': 1}, {'idp': 32, 'x': 5.131, 'y': 2.56, 'r': 0.4, 'type': 1}, {'idp': 33, 'x': 5.321, 'y': 3.306, 'r': 0.4, 'type': 1}]
32723,1398694014.569731,[{'idp': 25, 'x': 8.952, 'y': 0.078, 'r': 0.2, 'type': 1}, {'idp': 29, 'x': 8.986, 'y': -0.47, 'r': 0.2, 'type': 1}, {'idp': 32, 'x': 5.145, 'y': 2.568, 'r': 0.4, 'type': 1}, {'idp': 33, 'x': 5.335, 'y': 3.315, 'r': 0.4, 'type': 1}]
32724,1398694014.576998,[{'idp': 25, 'x': 8.975, 'y': 0.078, 'r': 0.2, 'type': 1}, {'idp': 29, 'x': 8.999, 'y': -0.452, 'r': 0.2, 'type': 1}, {'idp': 32, 'x': 5.158, 'y': 2.576, 'r': 0.4, 'type': 1}, {'idp': 33, 'x': 5.343, 'y': 3.304, 'r': 0.4, 'type': 1}]
32725,1398694014.6136875,[{'idp': 25, 'x': 8.997, 'y': 0.078, 'r': 0.2, 'type': 1}, {'idp': 29, 'x': 9.019, 'y': -0.472, 'r': 0.2, 'type': 1}, {'idp': 32, 'x': 5.179, 'y': 2.561, 'r': 0.4, 'type': 1}, {'idp': 33, 'x': 5.318, 'y': 3.289, 'r': 0.4, 'type': 1}]
32726,1398694014.6536903,[{'idp': 25, 'x': 9.003, 'y': 0.058, 'r': 0.2, 'type': 1}, {'idp': 29, 'x': 9.028, 'y': -0.452, 'r': 0.2, 'type': 1}, {'idp': 32, 'x': 5.193, 'y': 2.573, 'r': 0.4, 'type': 1}, {'idp': 33, 'x': 5.309, 'y': 3.268, 'r': 0.4, 'type': 1}]
32727,1398694014.6537247,[{'idp': 25, 'x': 9.029, 'y': 0.058, 'r': 0.2, 'type': 1}, {'idp': 29, 'x': 9.026, 'y': -0.472, 'r': 0.2, 'type': 1}, {'idp': 32, 'x': 5.217, 'y': 2.568, 'r': 0.4, 'type': 1}, {'idp': 33, 'x': 5.316, 'y': 3.242, 'r': 0.4, 'type': 1}]
32728,1398694014.6937215,[{'idp': 25, 'x': 9.018, 'y': 0.078, 'r': 0.2, 'type': 1}, {'idp': 29, 'x': 9.032, 'y': -0.492, 'r': 0.2, 'type': 1}, {'idp': 32, 'x': 5.227, 'y': 2.56, 'r': 0.4, 'type': 1}, {'idp': 33, 'x': 5.315, 'y': 3.241, 'r': 0.4, 'type': 1}]
32729,1398694014.7014155,[{'idp': 25, 'x': 9.002, 'y': 0.078, 'r': 0.2, 'type': 1}, {'idp': 29, 'x': 9.043, 'y': -0.493, 'r': 0.2, 'type': 1}, {'idp': 32, 'x': 5.241, 'y': 2.571, 'r': 0.4, 'type': 1}, {'idp': 33, 'x': 5.337, 'y': 3.223, 'r': 0.4, 'type': 1}]
32730,1398694014.7376993,[{'idp': 25, 'x': 9.013, 'y': 0.078, 'r': 0.2, 'type': 1}, {'idp': 29, 'x': 9.046, 'y': -0.473, 'r': 0.2, 'type': 1}, {'idp': 32, 'x': 5.255, 'y': 2.578, 'r': 0.4, 'type': 1}, {'idp': 33, 'x': 5.41, 'y': 3.251, 'r': 0.4, 'type': 1}]
32731,1398694014.7777112,[{'idp': 25, 'x': 9.048, 'y': 0.098, 'r': 0.2, 'type': 1}, {'idp': 29, 'x': 9.029, 'y': -0.492, 'r': 0.2, 'type': 1}, {'idp': 32, 'x': 5.283, 'y': 2.592, 'r': 0.4, 'type': 1}, {'idp': 33, 'x': 5.44, 'y': 3.269, 'r': 0.4, 'type': 1}]
32732,1398694014.777787,[{'idp': 25, 'x': 9.045, 'y': 0.098, 'r': 0.2, 'type': 1}, {'idp': 29, 'x': 9.024, 'y': -0.472, 'r': 0.2, 'type': 1}, {'idp': 32, 'x': 5.292, 'y': 2.582, 'r': 0.4, 'type': 1}, {'idp': 33, 'x': 5.468, 'y': 3.27, 'r': 0.4, 'type': 1}]
32733,1398694014.8177302,[{'idp': 25, 'x': 9.068, 'y': 0.098, 'r': 0.2, 'type': 1}, {'idp': 29, 'x': 9.023, 'y': -0.492, 'r': 0.2, 'type': 1}, {'idp': 32, 'x': 5.31, 'y': 2.577, 'r': 0.4, 'type': 1}, {'idp': 33, 'x': 5.476, 'y': 3.258, 'r': 0.4, 'type': 1}]
32734,1398694014.82669,[{'idp': 25, 'x': 9.081, 'y': 0.098, 'r': 0.2, 'type': 1}, {'idp': 29, 'x': 9.017, 'y': -0.511, 'r': 0.2, 'type': 1}, {'idp': 32, 'x': 5.329, 'y': 2.572, 'r': 0.4, 'type': 1}, {'idp': 33, 'x': 5.488, 'y': 3.249, 'r': 0.4, 'type': 1}]
32735,1398694014.8656936,[{'idp': 25, 'x': 9.087, 'y': 0.118, 'r': 0.2, 'type': 1}, {'idp': 29, 'x': 9.044, 'y': -0.493, 'r': 0.2, 'type': 1}, {'idp': 32, 'x': 5.328, 'y': 2.572, 'r': 0.4, 'type': 1}, {'idp': 33, 'x': 5.517, 'y': 3.247, 'r': 0.4, 'type': 1}]
32736,1398694014.9057803,[{'idp': 25, 'x': 9.156, 'y': 0.1, 'r': 0.2, 'type': 1}, {'idp': 29, 'x': 9.04, 'y': -0.513, 'r': 0.2, 'type': 1}, {'idp': 32, 'x': 5.323, 'y': 2.569, 'r': 0.4, 'type': 1}, {'idp': 33, 'x': 5.536, 'y': 3.239, 'r': 0.4, 'type': 1}]
32737,1398694014.9058146,[{'idp': 25, 'x': 9.188, 'y': 0.1, 'r': 0.2, 'type': 1}, {'idp': 29, 'x': 9.071, 'y': -0.514, 'r': 0.2, 'type': 1}, {'idp': 32, 'x': 5.321, 'y': 2.568, 'r': 0.4, 'type': 1}, {'idp': 33, 'x': 5.548, 'y': 3.252, 'r': 0.4, 'type': 1}]
32738,1398694014.9457395,[{'idp': 25, 'x': 9.19, 'y': 0.12, 'r': 0.2, 'type': 1}, {'idp': 29, 'x': 9.058, 'y': -0.534, 'r': 0.2, 'type': 1}, {'idp': 32, 'x': 5.28, 'y': 2.533, 'r': 0.4, 'type': 1}, {'idp': 33, 'x': 5.56, 'y': 3.235, 'r': 0.4, 'type': 1}]
32739,1398694014.9510243,[{'idp': 25, 'x': 9.208, 'y': 0.12, 'r': 0.2, 'type': 1}, {'idp': 29, 'x': 9.079, 'y': -0.515, 'r': 0.2, 'type': 1}, {'idp': 32, 'x': 5.209, 'y': 2.484, 'r': 0.4, 'type': 1}, {'idp': 33, 'x': 5.586, 'y': 3.233, 'r': 0.4, 'type': 1}]
32740,1398694014.9897685,[{'idp': 25, 'x': 9.208, 'y': 0.12, 'r': 0.2, 'type': 1}, {'idp': 29, 'x': 9.105, 'y': -0.537, 'r': 0.2, 'type': 1}, {'idp': 32, 'x': 5.21, 'y': 2.485, 'r': 0.4, 'type': 1}, {'idp': 33, 'x': 5.551, 'y': 3.244, 'r': 0.4, 'type': 1}]
32741,1398694015.0298352,[{'idp': 25, 'x': 9.183, 'y': 0.16, 'r': 0.2, 'type': 1}, {'idp': 29, 'x': 9.133, 'y': -0.518, 'r': 0.2, 'type': 1}, {'idp': 32, 'x': 5.209, 'y': 2.484, 'r': 0.4, 'type': 1}, {'idp': 33, 'x': 5.587, 'y': 3.214, 'r': 0.4, 'type': 1}]
32742,1398694015.0298562,[{'idp': 25, 'x': 9.161, 'y': 0.179, 'r': 0.2, 'type': 1}, {'idp': 29, 'x': 9.158, 'y': -0.54, 'r': 0.2, 'type': 1}, {'idp': 32, 'x': 5.218, 'y': 2.489, 'r': 0.4, 'type': 1}, {'idp': 33, 'x': 5.581, 'y': 3.246, 'r': 0.4, 'type': 1}]
32743,1398694015.069759,[{'idp': 25, 'x': 9.202, 'y': 0.18, 'r': 0.2, 'type': 1}, {'idp': 29, 'x': 9.206, 'y': -0.523, 'r': 0.2, 'type': 1}, {'idp': 32, 'x': 5.233, 'y': 2.51, 'r': 0.4, 'type': 1}, {'idp': 33, 'x': 5.588, 'y': 3.223, 'r': 0.4, 'type': 1}]
32744,1398694015.075634,[{'idp': 25, 'x': 9.191, 'y': 0.16, 'r': 0.2, 'type': 1}, {'idp': 29, 'x': 9.259, 'y': -0.505, 'r': 0.2, 'type': 1}, {'idp': 32, 'x': 5.228, 'y': 2.493, 'r': 0.4, 'type': 1}, {'idp': 33, 'x': 5.593, 'y': 3.225, 'r': 0.4, 'type': 1}]
32745,1398694015.1137497,[{'idp': 25, 'x': 9.209, 'y': 0.16, 'r': 0.2, 'type': 1}, {'idp': 29, 'x': 9.306, 'y': -0.467, 'r': 0.2, 'type': 1}, {'idp': 32, 'x': 5.269, 'y': 2.499, 'r': 0.4, 'type': 1}, {'idp': 33, 'x': 5.581, 'y': 3.202, 'r': 0.4, 'type': 1}]
32746,1398694015.1537716,[{'idp': 25, 'x': 9.23, 'y': 0.181, 'r': 0.2, 'type': 1}, {'idp': 29, 'x': 9.308, 'y': -0.467, 'r': 0.2, 'type': 1}, {'idp': 32, 'x': 5.266, 'y': 2.484, 'r': 0.4, 'type': 1}, {'idp': 33, 'x': 5.577, 'y': 3.211, 'r': 0.4, 'type': 1}]
32747,1398694015.1537967,[{'idp': 25, 'x': 9.235, 'y': 0.182, 'r': 0.2, 'type': 1}, {'idp': 29, 'x': 9.338, 'y': -0.469, 'r': 0.2, 'type': 1}, {'idp': 32, 'x': 5.349, 'y': 2.524, 'r': 0.4, 'type': 1}, {'idp': 33, 'x': 5.595, 'y': 3.221, 'r': 0.4, 'type': 1}]
32748,1398694015.1937485,[{'idp': 25, 'x': 9.271, 'y': 0.182, 'r': 0.2, 'type': 1}, {'idp': 29, 'x': 9.34, 'y': -0.449, 'r': 0.2, 'type': 1}, {'idp': 32, 'x': 5.406, 'y': 2.537, 'r': 0.4, 'type': 1}, {'idp': 33, 'x': 5.632, 'y': 3.207, 'r': 0.4, 'type': 1}]
32749,1398694015.2006416,[{'idp': 25, 'x': 9.296, 'y': 0.183, 'r': 0.2, 'type': 1}, {'idp': 29, 'x': 9.356, 'y': -0.43, 'r': 0.2, 'type': 1}, {'idp': 32, 'x': 5.476, 'y': 2.585, 'r': 0.4, 'type': 1}, {'idp': 33, 'x': 5.612, 'y': 3.205, 'r': 0.4, 'type': 1}]
32750,1398694015.2377996,[{'idp': 25, 'x': 9.323, 'y': 0.225, 'r': 0.2, 'type': 1}, {'idp': 29, 'x': 9.347, 'y': -0.409, 'r': 0.2, 'type': 1}, {'idp': 32, 'x': 5.488, 'y': 2.575, 'r': 0.4, 'type': 1}, {'idp': 33, 'x': 5.632, 'y': 3.2, 'r': 0.4, 'type': 1}]
32751,1398694015.2777703,[{'idp': 25, 'x': 9.348, 'y': 0.225, 'r': 0.2, 'type': 1}, {'idp': 29, 'x': 9.356, 'y': -0.409, 'r': 0.2, 'type': 1}, {'idp': 32, 'x': 5.509, 'y': 2.57, 'r': 0.4, 'type': 1}, {'idp': 33, 'x': 5.603, 'y': 3.191, 'r': 0.4, 'type': 1}]
32752,1398694015.277799,[{'idp': 25, 'x': 9.359, 'y': 0.234, 'r': 0.2, 'type': 1}, {'idp': 29, 'x': 9.373, 'y': -0.41, 'r': 0.2, 'type': 1}, {'idp': 32, 'x': 5.535, 'y': 2.583, 'r': 0.4, 'type': 1}, {'idp': 33, 'x': 5.632, 'y': 3.191, 'r': 0.4, 'type': 1}]
32753,1398694015.317737,[{'idp': 25, 'x': 9.329, 'y': 0.266, 'r': 0.2, 'type': 1}, {'idp': 29, 'x': 9.358, 'y': -0.43, 'r': 0.2, 'type': 1}, {'idp': 32, 'x': 5.564, 'y': 2.581, 'r': 0.4, 'type': 1}, {'idp': 33, 'x': 5.664, 'y': 3.191, 'r': 0.4, 'type': 1}]
32754,1398694015.3243701,[{'idp': 25, 'x': 9.381, 'y': 0.247, 'r': 0.2, 'type': 1}, {'idp': 29, 'x': 9.376, 'y': -0.431, 'r': 0.2, 'type': 1}, {'idp': 32, 'x': 5.58, 'y': 2.573, 'r': 0.4, 'type': 1}, {'idp': 33, 'x': 5.679, 'y': 3.196, 'r': 0.4, 'type': 1}]
32755,1398694015.361748,[{'idp': 25, 'x': 9.43, 'y': 0.319, 'r': 0.2, 'type': 1}, {'idp': 29, 'x': 9.384, 'y': -0.431, 'r': 0.2, 'type': 1}, {'idp': 32, 'x': 5.571, 'y': 2.588, 'r': 0.4, 'type': 1}, {'idp': 33, 'x': 5.667, 'y': 3.19, 'r': 0.4, 'type': 1}]
32756,1398694015.4016676,[{'idp': 25, 'x': 9.51, 'y': 0.332, 'r': 0.2, 'type': 1}, {'idp': 29, 'x': 9.4, 'y': -0.432, 'r': 0.2, 'type': 1}, {'idp': 32, 'x': 5.599, 'y': 2.566, 'r': 0.4, 'type': 1}, {'idp': 33, 'x': 5.689, 'y': 3.202, 'r': 0.4, 'type': 1}]
32757,1398694015.4016998,[{'idp': 25, 'x': 9.52, 'y': 0.353, 'r': 0.2, 'type': 1}, {'idp': 29, 'x': 9.393, 'y': -0.431, 'r': 0.2, 'type': 1}, {'idp': 32, 'x': 5.637, 'y': 2.573, 'r': 0.4, 'type': 1}, {'idp': 33, 'x': 5.709, 'y': 3.181, 'r': 0.4, 'type': 1}]
32758,1398694015.4416704,[{'idp': 25, 'x': 9.517, 'y': 0.332, 'r': 0.2, 'type': 1}, {'idp': 29, 'x': 9.408, 'y': -0.432, 'r': 0.2, 'type': 1}, {'idp': 32, 'x': 5.657, 'y': 2.547, 'r': 0.4, 'type': 1}, {'idp': 33, 'x': 5.721, 'y': 3.171, 'r': 0.4, 'type': 1}]
32759,1398694015.4493754,[{'idp': 25, 'x': 9.554, 'y': 0.334, 'r': 0.2, 'type': 1}, {'idp': 29, 'x': 9.406, 'y': -0.432, 'r': 0.2, 'type': 1}, {'idp': 32, 'x': 5.663, 'y': 2.556, 'r': 0.4, 'type': 1}, {'idp': 33, 'x': 5.742, 'y': 3.167, 'r': 0.4, 'type': 1}]
32760,1398694015.4857144,[{'idp': 25, 'x': 9.551, 'y': 0.313, 'r': 0.2, 'type': 1}, {'idp': 29, 'x': 9.4, 'y': -0.411, 'r': 0.2, 'type': 1}, {'idp': 32, 'x': 5.691, 'y': 2.554, 'r': 0.4, 'type': 1}, {'idp': 33, 'x': 5.721, 'y': 3.156, 'r': 0.4, 'type': 1}]
32761,1398694015.5257022,[{'idp': 25, 'x': 9.549, 'y': 0.334, 'r': 0.2, 'type': 1}, {'idp': 29, 'x': 9.418, 'y': -0.412, 'r': 0.2, 'type': 1}, {'idp': 32, 'x': 5.702, 'y': 2.545, 'r': 0.4, 'type': 1}, {'idp': 33, 'x': 5.743, 'y': 3.151, 'r': 0.4, 'type': 1}]
32762,1398694015.5257351,[{'idp': 25, 'x': 9.572, 'y': 0.334, 'r': 0.2, 'type': 1}, {'idp': 29, 'x': 9.401, 'y': -0.39, 'r': 0.2, 'type': 1}, {'idp': 32, 'x': 5.716, 'y': 2.541, 'r': 0.4, 'type': 1}, {'idp': 33, 'x': 5.716, 'y': 3.12, 'r': 0.4, 'type': 1}]
32763,1398694015.5656936,[{'idp': 25, 'x': 9.582, 'y': 0.335, 'r': 0.2, 'type': 1}, {'idp': 29, 'x': 9.425, 'y': -0.371, 'r': 0.2, 'type': 1}, {'idp': 32, 'x': 5.76, 'y': 2.506, 'r': 0.4, 'type': 1}, {'idp': 33, 'x': 5.691, 'y': 3.09, 'r': 0.4, 'type': 1}]
32764,1398694015.5736,[{'idp': 25, 'x': 9.608, 'y': 0.336, 'r': 0.2, 'type': 1}, {'idp': 29, 'x': 9.448, 'y': -0.372, 'r': 0.2, 'type': 1}, {'idp': 32, 'x': 5.729, 'y': 2.541, 'r': 0.4, 'type': 1}, {'idp': 33, 'x': 5.709, 'y': 3.05, 'r': 0.4, 'type': 1}]
32765,1398694015.609668,[{'idp': 25, 'x': 9.617, 'y': 0.336, 'r': 0.2, 'type': 1}, {'idp': 29, 'x': 9.486, 'y': -0.373, 'r': 0.2, 'type': 1}, {'idp': 32, 'x': 5.766, 'y': 2.508, 'r': 0.4, 'type': 1}, {'idp': 33, 'x': 5.728, 'y': 3.026, 'r': 0.4, 'type': 1}]
32766,1398694015.649786,[{'idp': 25, 'x': 9.645, 'y': 0.316, 'r': 0.2, 'type': 1}, {'idp': 29, 'x': 9.536, 'y': -0.396, 'r': 0.2, 'type': 1}, {'idp': 32, 'x': 5.747, 'y': 2.535, 'r': 0.4, 'type': 1}, {'idp': 33, 'x': 5.733, 'y': 3.001, 'r': 0.4, 'type': 1}]
32767,1398694015.6498163,[{'idp': 25, 'x': 9.612, 'y': 0.336, 'r': 0.2, 'type': 1}, {'idp': 29, 'x': 9.578, 'y': -0.419, 'r': 0.2, 'type': 1}, {'idp': 32, 'x': 5.759, 'y': 2.513, 'r': 0.4, 'type': 1}, {'idp': 33, 'x': 5.707, 'y': 2.986, 'r': 0.4, 'type': 1}]
32768,1398694015.6897519,[{'idp': 25, 'x': 9.592, 'y': 0.273, 'r': 0.2, 'type': 1}, {'idp': 29, 'x': 9.602, 'y': -0.441, 'r': 0.2, 'type': 1}, {'idp': 32, 'x': 5.766, 'y': 2.516, 'r': 0.4, 'type': 1}, {'idp': 33, 'x': 5.691, 'y': 2.923, 'r': 0.4, 'type': 1}]
32769,1398694015.6989233,[{'idp': 25, 'x': 9.585, 'y': 0.251, 'r': 0.2, 'type': 1}, {'idp': 29, 'x': 9.623, 'y': -0.442, 'r': 0.2, 'type': 1}, {'idp': 32, 'x': 5.78, 'y': 2.508, 'r': 0.4, 'type': 1}, {'idp': 33, 'x': 5.724, 'y': 2.909, 'r': 0.4, 'type': 1}]
32770,1398694015.7377005,[{'idp': 25, 'x': 9.596, 'y': 0.231, 'r': 0.2, 'type': 1}, {'idp': 29, 'x': 9.648, 'y': -0.464, 'r': 0.2, 'type': 1}, {'idp': 32, 'x': 5.819, 'y': 2.5, 'r': 0.4, 'type': 1}, {'idp': 33, 'x': 5.708, 'y': 2.901, 'r': 0.4, 'type': 1}]
32771,1398694015.7777154,[{'idp': 25, 'x': 9.627, 'y': 0.252, 'r': 0.2, 'type': 1}, {'idp': 29, 'x': 9.671, 'y': -0.464, 'r': 0.2, 'type': 1}, {'idp': 32, 'x': 5.833, 'y': 2.463, 'r': 0.4, 'type': 1}, {'idp': 33, 'x': 5.634, 'y': 2.86, 'r': 0.4, 'type': 1}]
32772,1398694015.777735,[{'idp': 25, 'x': 9.635, 'y': 0.273, 'r': 0.2, 'type': 1}, {'idp': 29, 'x': 9.672, 'y': -0.485, 'r': 0.2, 'type': 1}, {'idp': 32, 'x': 5.833, 'y': 2.501, 'r': 0.4, 'type': 1}, {'idp': 33, 'x': 5.662, 'y': 2.85, 'r': 0.4, 'type': 1}]
32773,1398694015.8177638,[{'idp': 25, 'x': 9.646, 'y': 0.252, 'r': 0.2, 'type': 1}, {'idp': 29, 'x': 9.683, 'y': -0.507, 'r': 0.2, 'type': 1}, {'idp': 32, 'x': 5.832, 'y': 2.501, 'r': 0.4, 'type': 1}, {'idp': 33, 'x': 5.658, 'y': 2.855, 'r': 0.4, 'type': 1}]
32774,1398694015.823508,[{'idp': 25, 'x': 9.657, 'y': 0.274, 'r': 0.2, 'type': 1}, {'idp': 29, 'x': 9.69, 'y': -0.507, 'r': 0.2, 'type': 1}, {'idp': 32, 'x': 5.839, 'y': 2.506, 'r': 0.4, 'type': 1}, {'idp': 33, 'x': 5.687, 'y': 2.833, 'r': 0.4, 'type': 1}]
32775,1398694015.8616545,[{'idp': 25, 'x': 9.659, 'y': 0.274, 'r': 0.2, 'type': 1}, {'idp': 29, 'x': 9.693, 'y': -0.507, 'r': 0.2, 'type': 1}, {'idp': 32, 'x': 5.87, 'y': 2.504, 'r': 0.4, 'type': 1}, {'idp': 33, 'x': 5.703, 'y': 2.852, 'r': 0.4, 'type': 1}]
32776,1398694015.9017367,[{'idp': 25, 'x': 9.684, 'y': 0.274, 'r': 0.2, 'type': 1}, {'idp': 29, 'x': 9.697, 'y': -0.507, 'r': 0.2, 'type': 1}, {'idp': 32, 'x': 5.877, 'y': 2.487, 'r': 0.4, 'type': 1}, {'idp': 33, 'x': 5.743, 'y': 2.842, 'r': 0.4, 'type': 1}]
32777,1398694015.905819,[{'idp': 25, 'x': 9.689, 'y': 0.274, 'r': 0.2, 'type': 1}, {'idp': 29, 'x': 9.699, 'y': -0.529, 'r': 0.2, 'type': 1}, {'idp': 32, 'x': 5.875, 'y': 2.483, 'r': 0.4, 'type': 1}, {'idp': 33, 'x': 5.78, 'y': 2.813, 'r': 0.4, 'type': 1}]
32778,1398694015.9417422,[{'idp': 25, 'x': 9.686, 'y': 0.277, 'r': 0.2, 'type': 1}, {'idp': 29, 'x': 9.692, 'y': -0.529, 'r': 0.2, 'type': 1}, {'idp': 32, 'x': 5.908, 'y': 2.317, 'r': 0.4, 'type': 1}, {'idp': 33, 'x': 5.866, 'y': 3.278, 'r': 0.4, 'type': 1}]
32779,1398694015.9481657,[{'idp': 25, 'x': 9.668, 'y': 0.295, 'r': 0.2, 'type': 1}, {'idp': 29, 'x': 9.69, 'y': -0.55, 'r': 0.2, 'type': 1}, {'idp': 32, 'x': 5.939, 'y': 2.479, 'r': 0.4, 'type': 1}, {'idp': 33, 'x': 5.883, 'y': 3.012, 'r': 0.4, 'type': 1}]
32780,1398694015.985704,[{'idp': 25, 'x': 9.642, 'y': 0.315, 'r': 0.2, 'type': 1}, {'idp': 29, 'x': 9.682, 'y': -0.528, 'r': 0.2, 'type': 1}, {'idp': 32, 'x': 5.964, 'y': 2.434, 'r': 0.4, 'type': 1}, {'idp': 33, 'x': 5.888, 'y': 2.94, 'r': 0.4, 'type': 1}]
32781,1398694016.025675,[{'idp': 25, 'x': 9.647, 'y': 0.358, 'r': 0.2, 'type': 1}, {'idp': 29, 'x': 9.707, 'y': -0.529, 'r': 0.2, 'type': 1}, {'idp': 32, 'x': 5.967, 'y': 2.442, 'r': 0.4, 'type': 1}, {'idp': 33, 'x': 5.913, 'y': 2.857, 'r': 0.4, 'type': 1}]
32782,1398694016.0257072,[{'idp': 25, 'x': 9.62, 'y': 0.336, 'r': 0.2, 'type': 1}, {'idp': 29, 'x': 9.687, 'y': -0.55, 'r': 0.2, 'type': 1}, {'idp': 32, 'x': 5.991, 'y': 2.452, 'r': 0.4, 'type': 1}, {'idp': 33, 'x': 5.96, 'y': 2.766, 'r': 0.4, 'type': 1}]
32783,1398694016.0657296,[{'idp': 25, 'x': 9.63, 'y': 0.315, 'r': 0.2, 'type': 1}, {'idp': 29, 'x': 9.672, 'y': -0.57, 'r': 0.2, 'type': 1}, {'idp': 32, 'x': 6.02, 'y': 2.434, 'r': 0.4, 'type': 1}, {'idp': 33, 'x': 5.997, 'y': 2.723, 'r': 0.4, 'type': 1}]
32784,1398694016.0732749,[{'idp': 25, 'x': 9.62, 'y': 0.336, 'r': 0.2, 'type': 1}, {'idp': 29, 'x': 9.675, 'y': -0.591, 'r': 0.2, 'type': 1}, {'idp': 32, 'x': 6.029, 'y': 2.407, 'r': 0.4, 'type': 1}, {'idp': 33, 'x': 6.026, 'y': 2.734, 'r': 0.4, 'type': 1}]
32785,1398694016.109709,[{'idp': 25, 'x': 9.614, 'y': 0.357, 'r': 0.2, 'type': 1}, {'idp': 29, 'x': 9.7, 'y': -0.572, 'r': 0.2, 'type': 1}, {'idp': 32, 'x': 6.019, 'y': 2.403, 'r': 0.4, 'type': 1}, {'idp': 33, 'x': 6.032, 'y': 2.771, 'r': 0.4, 'type': 1}]
32786,1398694016.149781,[{'idp': 25, 'x': 9.579, 'y': 0.376, 'r': 0.2, 'type': 1}, {'idp': 29, 'x': 9.704, 'y': -0.551, 'r': 0.2, 'type': 1}, {'idp': 32, 'x': 5.989, 'y': 2.39, 'r': 0.4, 'type': 1}, {'idp': 33, 'x': 6.026, 'y': 2.866, 'r': 0.4, 'type': 1}]
32787,1398694016.1498084,[{'idp': 25, 'x': 9.564, 'y': 0.376, 'r': 0.2, 'type': 1}, {'idp': 29, 'x': 9.729, 'y': -0.531, 'r': 0.2, 'type': 1}, {'idp': 32, 'x': 5.945, 'y': 2.357, 'r': 0.4, 'type': 1}, {'idp': 33, 'x': 6.034, 'y': 3.025, 'r': 0.4, 'type': 1}]
32788,1398694016.1897147,[{'idp': 25, 'x': 9.669, 'y': 0.359, 'r': 0.2, 'type': 1}, {'idp': 29, 'x': 9.756, 'y': -0.553, 'r': 0.2, 'type': 1}, {'idp': 32, 'x': 5.934, 'y': 2.353, 'r': 0.4, 'type': 1}, {'idp': 33, 'x': 6.053, 'y': 3.018, 'r': 0.4, 'type': 1}]
32789,1398694016.1976042,[{'idp': 25, 'x': 9.668, 'y': 0.316, 'r': 0.2, 'type': 1}, {'idp': 29, 'x': 9.783, 'y': -0.598, 'r': 0.2, 'type': 1}, {'idp': 32, 'x': 5.975, 'y': 2.323, 'r': 0.4, 'type': 1}, {'idp': 33, 'x': 6.089, 'y': 2.986, 'r': 0.4, 'type': 1}]
32790,1398694016.2336774,[{'idp': 25, 'x': 9.697, 'y': 0.317, 'r': 0.2, 'type': 1}, {'idp': 29, 'x': 9.79, 'y': -0.598, 'r': 0.2, 'type': 1}, {'idp': 32, 'x': 6.054, 'y': 2.323, 'r': 0.4, 'type': 1}, {'idp': 33, 'x': 6.095, 'y': 2.988, 'r': 0.4, 'type': 1}]
32791,1398694016.2737033,[{'idp': 25, 'x': 9.707, 'y': 0.339, 'r': 0.2, 'type': 1}, {'idp': 29, 'x': 9.837, 'y': -0.58, 'r': 0.2, 'type': 1}, {'idp': 32, 'x': 6.04, 'y': 2.347, 'r': 0.4, 'type': 1}, {'idp': 33, 'x': 6.118, 'y': 2.995, 'r': 0.4, 'type': 1}]
32792,1398694016.273735,[{'idp': 25, 'x': 9.684, 'y': 0.423, 'r': 0.2, 'type': 1}, {'idp': 29, 'x': 9.861, 'y': -0.56, 'r': 0.2, 'type': 1}, {'idp': 32, 'x': 6.045, 'y': 2.379, 'r': 0.4, 'type': 1}, {'idp': 33, 'x': 6.126, 'y': 2.998, 'r': 0.4, 'type': 1}]
32793,1398694016.313776,[{'idp': 25, 'x': 9.68, 'y': 0.423, 'r': 0.2, 'type': 1}, {'idp': 29, 'x': 9.867, 'y': -0.56, 'r': 0.2, 'type': 1}, {'idp': 32, 'x': 6.101, 'y': 2.386, 'r': 0.4, 'type': 1}, {'idp': 33, 'x': 6.128, 'y': 3.003, 'r': 0.4, 'type': 1}]
32794,1398694016.3277214,[{'idp': 25, 'x': 9.744, 'y': 0.34, 'r': 0.2, 'type': 1}, {'idp': 29, 'x': 9.91, 'y': -0.584, 'r': 0.2, 'type': 1}, {'idp': 32, 'x': 6.139, 'y': 2.353, 'r': 0.4, 'type': 1}, {'idp': 33, 'x': 6.157, 'y': 3.0, 'r': 0.4, 'type': 1}]
32795,1398694016.3657365,[{'idp': 25, 'x': 9.774, 'y': 0.341, 'r': 0.2, 'type': 1}, {'idp': 29, 'x': 9.911, 'y': -0.606, 'r': 0.2, 'type': 1}, {'idp': 32, 'x': 6.138, 'y': 2.353, 'r': 0.4, 'type': 1}, {'idp': 33, 'x': 6.167, 'y': 2.988, 'r': 0.4, 'type': 1}]
32796,1398694016.4056106,[{'idp': 25, 'x': 9.839, 'y': 0.343, 'r': 0.2, 'type': 1}, {'idp': 29, 'x': 9.935, 'y': -0.586, 'r': 0.2, 'type': 1}, {'idp': 32, 'x': 6.171, 'y': 2.35, 'r': 0.4, 'type': 1}, {'idp': 33, 'x': 6.161, 'y': 3.001, 'r': 0.4, 'type': 1}]
32797,1398694016.4056304,[{'idp': 25, 'x': 9.886, 'y': 0.323, 'r': 0.2, 'type': 1}, {'idp': 29, 'x': 9.962, 'y': -0.566, 'r': 0.2, 'type': 1}, {'idp': 32, 'x': 6.119, 'y': 2.346, 'r': 0.4, 'type': 1}, {'idp': 33, 'x': 6.149, 'y': 3.019, 'r': 0.4, 'type': 1}]
32798,1398694016.4456196,[{'idp': 25, 'x': 9.938, 'y': 0.325, 'r': 0.2, 'type': 1}, {'idp': 29, 'x': 9.988, 'y': -0.567, 'r': 0.2, 'type': 1}, {'idp': 32, 'x': 6.129, 'y': 2.335, 'r': 0.4, 'type': 1}, {'idp': 33, 'x': 6.17, 'y': 3.005, 'r': 0.4, 'type': 1}]
32799,1398694016.44651,[{'idp': 25, 'x': 9.957, 'y': 0.304, 'r': 0.2, 'type': 1}, {'idp': 29, 'x': 9.998, 'y': -0.568, 'r': 0.2, 'type': 1}, {'idp': 32, 'x': 6.041, 'y': 2.289, 'r': 0.4, 'type': 1}, {'idp': 33, 'x': 6.176, 'y': 3.008, 'r': 0.4, 'type': 1}]
32800,1398694016.485701,[{'idp': 25, 'x': 9.984, 'y': 0.262, 'r': 0.2, 'type': 1}, {'idp': 29, 'x': 9.992, 'y': -0.568, 'r': 0.2, 'type': 1}, {'idp': 32, 'x': 6.079, 'y': 2.273, 'r': 0.4, 'type': 1}, {'idp': 33, 'x': 6.218, 'y': 2.989, 'r': 0.4, 'type': 1}]
32801,1398694016.5257514,[{'idp': 25, 'x': 10.007, 'y': 0.284, 'r': 0.2, 'type': 1}, {'idp': 29, 'x': 10.022, 'y': -0.591, 'r': 0.2, 'type': 1}, {'idp': 32, 'x': 6.05, 'y': 2.277, 'r': 0.4, 'type': 1}, {'idp': 33, 'x': 6.235, 'y': 2.997, 'r': 0.4, 'type': 1}]
32802,1398694016.525857,[{'idp': 25, 'x': 10.046, 'y': 0.286, 'r': 0.2, 'type': 1}, {'idp': 29, 'x': 10.004, 'y': -0.569, 'r': 0.2, 'type': 1}, {'idp': 32, 'x': 6.089, 'y': 2.276, 'r': 0.4, 'type': 1}, {'idp': 33, 'x': 6.196, 'y': 3.002, 'r': 0.4, 'type': 1}]
32803,1398694016.5657034,[{'idp': 25, 'x': 10.023, 'y': 0.285, 'r': 0.2, 'type': 1}, {'idp': 29, 'x': 9.998, 'y': -0.546, 'r': 0.2, 'type': 1}, {'idp': 32, 'x': 6.147, 'y': 2.283, 'r': 0.4, 'type': 1}, {'idp': 33, 'x': 6.207, 'y': 3.007, 'r': 0.4, 'type': 1}]
32804,1398694016.5706313,[{'idp': 25, 'x': 9.993, 'y': 0.262, 'r': 0.2, 'type': 1}, {'idp': 29, 'x': 9.996, 'y': -0.502, 'r': 0.2, 'type': 1}, {'idp': 32, 'x': 6.202, 'y': 2.289, 'r': 0.4, 'type': 1}, {'idp': 33, 'x': 6.221, 'y': 3.014, 'r': 0.4, 'type': 1}]
32805,1398694016.6097682,[{'idp': 25, 'x': 9.931, 'y': 0.217, 'r': 0.2, 'type': 1}, {'idp': 29, 'x': 9.976, 'y': -0.545, 'r': 0.2, 'type': 1}, {'idp': 32, 'x': 6.319, 'y': 2.317, 'r': 0.4, 'type': 1}, {'idp': 33, 'x': 6.254, 'y': 2.993, 'r': 0.4, 'type': 1}]
32806,1398694016.6496892,[{'idp': 25, 'x': 9.888, 'y': 0.216, 'r': 0.2, 'type': 1}, {'idp': 29, 'x': 9.959, 'y': -0.544, 'r': 0.2, 'type': 1}, {'idp': 32, 'x': 6.354, 'y': 2.298, 'r': 0.4, 'type': 1}, {'idp': 33, 'x': 6.25, 'y': 3.0, 'r': 0.4, 'type': 1}]
32807,1398694016.6497235,[{'idp': 25, 'x': 9.919, 'y': 0.195, 'r': 0.2, 'type': 1}, {'idp': 29, 'x': 9.972, 'y': -0.567, 'r': 0.2, 'type': 1}, {'idp': 32, 'x': 6.392, 'y': 2.295, 'r': 0.4, 'type': 1}, {'idp': 33, 'x': 6.264, 'y': 3.004, 'r': 0.4, 'type': 1}]
32808,1398694016.68972,[{'idp': 25, 'x': 9.939, 'y': 0.217, 'r': 0.2, 'type': 1}, {'idp': 29, 'x': 9.967, 'y': -0.566, 'r': 0.2, 'type': 1}, {'idp': 32, 'x': 6.427, 'y': 2.292, 'r': 0.4, 'type': 1}, {'idp': 33, 'x': 6.275, 'y': 3.009, 'r': 0.4, 'type': 1}]
32809,1398694016.6956465,[{'idp': 25, 'x': 9.954, 'y': 0.239, 'r': 0.2, 'type': 1}, {'idp': 29, 'x': 9.986, 'y': -0.567, 'r': 0.2, 'type': 1}, {'idp': 32, 'x': 6.413, 'y': 2.287, 'r': 0.4, 'type': 1}, {'idp': 33, 'x': 6.282, 'y': 3.013, 'r': 0.4, 'type': 1}]
32810,1398694016.7337053,[{'idp': 25, 'x': 9.993, 'y': 0.24, 'r': 0.2, 'type': 1}, {'idp': 29, 'x': 9.999, 'y': -0.546, 'r': 0.2, 'type': 1}, {'idp': 32, 'x': 6.449, 'y': 2.283, 'r': 0.4, 'type': 1}, {'idp': 33, 'x': 6.313, 'y': 3.011, 'r': 0.4, 'type': 1}]
32811,1398694016.7737281,[{'idp': 32, 'x': 6.47, 'y': 2.281, 'r': 0.4, 'type': 1}, {'idp': 33, 'x': 6.341, 'y': 3.008, 'r': 0.4, 'type': 1}]
32812,1398694016.773804,[{'idp': 32, 'x': 6.477, 'y': 2.274, 'r': 0.4, 'type': 1}, {'idp': 33, 'x': 6.335, 'y': 3.005, 'r': 0.4, 'type': 1}]
32813,1398694016.8138063,[{'idp': 32, 'x': 6.479, 'y': 2.254, 'r': 0.4, 'type': 1}, {'idp': 33, 'x': 6.361, 'y': 3.0, 'r': 0.4, 'type': 1}]
32814,1398694016.8206677,[{'idp': 32, 'x': 6.532, 'y': 2.237, 'r': 0.4, 'type': 1}, {'idp': 33, 'x': 6.384, 'y': 2.994, 'r': 0.4, 'type': 1}]
32815,1398694016.8576796,[{'idp': 32, 'x': 6.519, 'y': 2.253, 'r': 0.4, 'type': 1}, {'idp': 33, 'x': 6.372, 'y': 2.989, 'r': 0.4, 'type': 1}]
32816,1398694016.8976545,[{'idp': 32, 'x': 6.522, 'y': 2.234, 'r': 0.4, 'type': 1}, {'idp': 33, 'x': 6.382, 'y': 2.977, 'r': 0.4, 'type': 1}]
32817,1398694016.8976834,[{'idp': 32, 'x': 6.566, 'y': 2.254, 'r': 0.4, 'type': 1}, {'idp': 33, 'x': 6.378, 'y': 2.975, 'r': 0.4, 'type': 1}]
32818,1398694016.9377453,[{'idp': 32, 'x': 6.523, 'y': 2.247, 'r': 0.4, 'type': 1}, {'idp': 33, 'x': 6.394, 'y': 2.982, 'r': 0.4, 'type': 1}]
32819,1398694016.945172,[{'idp': 32, 'x': 6.532, 'y': 2.25, 'r': 0.4, 'type': 1}, {'idp': 33, 'x': 6.309, 'y': 2.942, 'r': 0.4, 'type': 1}]
32820,1398694016.9816797,[{'idp': 32, 'x': 6.554, 'y': 2.249, 'r': 0.4, 'type': 1}, {'idp': 33, 'x': 6.303, 'y': 2.939, 'r': 0.4, 'type': 1}]
32821,1398694017.021757,[{'idp': 32, 'x': 6.565, 'y': 2.233, 'r': 0.4, 'type': 1}, {'idp': 33, 'x': 6.316, 'y': 2.962, 'r': 0.4, 'type': 1}]
32822,1398694017.0217783,[{'idp': 32, 'x': 6.537, 'y': 2.269, 'r': 0.4, 'type': 1}, {'idp': 33, 'x': 6.307, 'y': 2.957, 'r': 0.4, 'type': 1}]
32823,1398694017.0616946,[{'idp': 32, 'x': 6.566, 'y': 2.234, 'r': 0.4, 'type': 1}, {'idp': 33, 'x': 6.327, 'y': 2.95, 'r': 0.4, 'type': 1}]
32824,1398694017.069016,[{'idp': 32, 'x': 6.605, 'y': 2.2, 'r': 0.4, 'type': 1}, {'idp': 33, 'x': 6.371, 'y': 2.953, 'r': 0.4, 'type': 1}]
32825,1398694017.1056993,[{'idp': 32, 'x': 6.597, 'y': 2.213, 'r': 0.4, 'type': 1}, {'idp': 33, 'x': 6.427, 'y': 2.961, 'r': 0.4, 'type': 1}]
32826,1398694017.1456482,[{'idp': 32, 'x': 6.64, 'y': 2.214, 'r': 0.4, 'type': 1}, {'idp': 33, 'x': 6.416, 'y': 2.957, 'r': 0.4, 'type': 1}]
32827,1398694017.1456742,[{'idp': 32, 'x': 6.66, 'y': 2.227, 'r': 0.4, 'type': 1}, {'idp': 33, 'x': 6.405, 'y': 2.969, 'r': 0.4, 'type': 1}]
32828,1398694017.1857493,[{'idp': 32, 'x': 6.693, 'y': 2.157, 'r': 0.4, 'type': 1}, {'idp': 33, 'x': 6.463, 'y': 2.996, 'r': 0.4, 'type': 1}]
32829,1398694017.1945186,[{'idp': 32, 'x': 6.705, 'y': 2.162, 'r': 0.4, 'type': 1}, {'idp': 33, 'x': 6.386, 'y': 2.944, 'r': 0.4, 'type': 1}]
32830,1398694017.2338085,[{'idp': 32, 'x': 6.717, 'y': 2.15, 'r': 0.4, 'type': 1}, {'idp': 33, 'x': 6.478, 'y': 2.952, 'r': 0.4, 'type': 1}]
32831,1398694017.2737348,[{'idp': 32, 'x': 6.773, 'y': 2.169, 'r': 0.4, 'type': 1}, {'idp': 33, 'x': 6.574, 'y': 2.979, 'r': 0.4, 'type': 1}]
32832,1398694017.2738469,[{'idp': 32, 'x': 6.771, 'y': 2.135, 'r': 0.4, 'type': 1}, {'idp': 33, 'x': 6.641, 'y': 3.027, 'r': 0.4, 'type': 1}]
32833,1398694017.3136914,[{'idp': 32, 'x': 6.774, 'y': 2.153, 'r': 0.4, 'type': 1}, {'idp': 33, 'x': 6.625, 'y': 3.02, 'r': 0.4, 'type': 1}]
32834,1398694017.3193533,[{'idp': 32, 'x': 6.809, 'y': 2.181, 'r': 0.4, 'type': 1}, {'idp': 33, 'x': 6.664, 'y': 3.02, 'r': 0.4, 'type': 1}]
32835,1398694017.3576634,[{'idp': 32, 'x': 6.835, 'y': 2.14, 'r': 0.4, 'type': 1}, {'idp': 33, 'x': 6.712, 'y': 3.042, 'r': 0.4, 'type': 1}]
32836,1398694017.3977218,[{'idp': 32, 'x': 6.833, 'y': 2.106, 'r': 0.4, 'type': 1}, {'idp': 33, 'x': 6.723, 'y': 3.011, 'r': 0.4, 'type': 1}]
32837,1398694017.397751,[{'idp': 32, 'x': 6.81, 'y': 2.067, 'r': 0.4, 'type': 1}, {'idp': 33, 'x': 6.763, 'y': 3.029, 'r': 0.4, 'type': 1}]
32838,1398694017.437753,[{'idp': 32, 'x': 6.796, 'y': 2.078, 'r': 0.4, 'type': 1}, {'idp': 33, 'x': 6.772, 'y': 3.033, 'r': 0.4, 'type': 1}]
32839,1398694017.4436598,[{'idp': 32, 'x': 6.734, 'y': 2.075, 'r': 0.4, 'type': 1}, {'idp': 33, 'x': 6.766, 'y': 3.047, 'r': 0.4, 'type': 1}]
32840,1398694017.4817624,[{'idp': 32, 'x': 6.717, 'y': 2.038, 'r': 0.4, 'type': 1}, {'idp': 33, 'x': 6.789, 'y': 3.022, 'r': 0.4, 'type': 1}]
32841,1398694017.5217125,[{'idp': 32, 'x': 6.734, 'y': 2.027, 'r': 0.4, 'type': 1}, {'idp': 33, 'x': 6.79, 'y': 3.022, 'r': 0.4, 'type': 1}]
32842,1398694017.5217426,[{'idp': 32, 'x': 6.696, 'y': 2.015, 'r': 0.4, 'type': 1}, {'idp': 33, 'x': 6.809, 'y': 2.995, 'r': 0.4, 'type': 1}]
32843,1398694017.56172,[{'idp': 32, 'x': 6.722, 'y': 2.023, 'r': 0.4, 'type': 1}, {'idp': 33, 'x': 6.831, 'y': 3.027, 'r': 0.4, 'type': 1}]
32844,1398694017.5687604,[{'idp': 32, 'x': 6.699, 'y': 2.032, 'r': 0.4, 'type': 1}, {'idp': 33, 'x': 6.846, 'y': 3.023, 'r': 0.4, 'type': 1}]
32845,1398694017.6056576,[{'idp': 32, 'x': 6.702, 'y': 2.065, 'r': 0.4, 'type': 1}, {'idp': 33, 'x': 6.877, 'y': 3.035, 'r': 0.4, 'type': 1}]
32846,1398694017.6456482,[{'idp': 32, 'x': 6.73, 'y': 2.041, 'r': 0.4, 'type': 1}, {'idp': 33, 'x': 6.866, 'y': 3.035, 'r': 0.4, 'type': 1}]
32847,1398694017.645679,[{'idp': 32, 'x': 6.763, 'y': 2.003, 'r': 0.4, 'type': 1}, {'idp': 33, 'x': 6.919, 'y': 3.009, 'r': 0.4, 'type': 1}]
32848,1398694017.6857045,[{'idp': 32, 'x': 6.773, 'y': 1.99, 'r': 0.4, 'type': 1}, {'idp': 33, 'x': 6.887, 'y': 3.009, 'r': 0.4, 'type': 1}]
32849,1398694017.6927595,[{'idp': 32, 'x': 6.782, 'y': 1.977, 'r': 0.4, 'type': 1}, {'idp': 33, 'x': 6.919, 'y': 3.033, 'r': 0.4, 'type': 1}]
32850,1398694017.7296739,[{'idp': 32, 'x': 6.801, 'y': 1.982, 'r': 0.4, 'type': 1}, {'idp': 33, 'x': 6.885, 'y': 3.062, 'r': 0.4, 'type': 1}]
32851,1398694017.769675,[{'idp': 32, 'x': 6.803, 'y': 1.983, 'r': 0.4, 'type': 1}, {'idp': 33, 'x': 6.894, 'y': 3.066, 'r': 0.4, 'type': 1}]
32852,1398694017.769703,[{'idp': 32, 'x': 6.859, 'y': 1.967, 'r': 0.4, 'type': 1}, {'idp': 33, 'x': 6.954, 'y': 3.047, 'r': 0.4, 'type': 1}]
32853,1398694017.809747,[{'idp': 32, 'x': 6.872, 'y': 1.938, 'r': 0.4, 'type': 1}, {'idp': 33, 'x': 6.969, 'y': 3.061, 'r': 0.4, 'type': 1}]
32854,1398694017.8178914,[{'idp': 32, 'x': 6.896, 'y': 1.961, 'r': 0.4, 'type': 1}, {'idp': 33, 'x': 6.924, 'y': 3.071, 'r': 0.4, 'type': 1}]
32855,1398694017.8576946,[{'idp': 32, 'x': 7.014, 'y': 2.012, 'r': 0.4, 'type': 1}, {'idp': 33, 'x': 6.973, 'y': 3.037, 'r': 0.4, 'type': 1}]
32856,1398694017.8976772,[{'idp': 32, 'x': 7.04, 'y': 2.003, 'r': 0.4, 'type': 1}, {'idp': 33, 'x': 6.94, 'y': 3.086, 'r': 0.4, 'type': 1}]
32857,1398694017.9377623,[{'idp': 32, 'x': 7.105, 'y': 2.004, 'r': 0.4, 'type': 1}, {'idp': 33, 'x': 6.943, 'y': 3.069, 'r': 0.4, 'type': 1}]
32858,1398694017.9377942,[{'idp': 32, 'x': 7.12, 'y': 1.958, 'r': 0.4, 'type': 1}, {'idp': 33, 'x': 7.0, 'y': 3.064, 'r': 0.4, 'type': 1}]
32859,1398694017.9777539,[{'idp': 32, 'x': 7.152, 'y': 1.961, 'r': 0.4, 'type': 1}, {'idp': 33, 'x': 6.956, 'y': 3.059, 'r': 0.4, 'type': 1}]
32860,1398694017.977784,[{'idp': 32, 'x': 7.158, 'y': 1.958, 'r': 0.4, 'type': 1}, {'idp': 33, 'x': 7.018, 'y': 3.06, 'r': 0.4, 'type': 1}]
32861,1398694018.0177166,[{'idp': 32, 'x': 7.276, 'y': 1.899, 'r': 0.4, 'type': 1}, {'idp': 33, 'x': 7.066, 'y': 3.041, 'r': 0.4, 'type': 1}]
32862,1398694018.0177476,[{'idp': 32, 'x': 7.257, 'y': 1.925, 'r': 0.4, 'type': 1}, {'idp': 33, 'x': 7.08, 'y': 3.023, 'r': 0.4, 'type': 1}]
32863,1398694018.0577216,[{'idp': 32, 'x': 7.279, 'y': 1.879, 'r': 0.4, 'type': 1}, {'idp': 33, 'x': 7.11, 'y': 3.055, 'r': 0.4, 'type': 1}]
32864,1398694018.066719,[{'idp': 32, 'x': 7.311, 'y': 1.874, 'r': 0.4, 'type': 1}, {'idp': 33, 'x': 7.117, 'y': 3.003, 'r': 0.4, 'type': 1}]
32865,1398694018.1056762,[{'idp': 32, 'x': 7.326, 'y': 1.863, 'r': 0.4, 'type': 1}, {'idp': 33, 'x': 7.1, 'y': 2.996, 'r': 0.4, 'type': 1}]
32866,1398694018.1457617,[{'idp': 32, 'x': 7.296, 'y': 1.849, 'r': 0.4, 'type': 1}, {'idp': 33, 'x': 7.085, 'y': 2.917, 'r': 0.4, 'type': 1}]
32867,1398694018.1457946,[{'idp': 32, 'x': 7.336, 'y': 1.876, 'r': 0.4, 'type': 1}, {'idp': 33, 'x': 7.05, 'y': 2.92, 'r': 0.4, 'type': 1}]
32868,1398694018.1857617,[{'idp': 32, 'x': 7.328, 'y': 1.874, 'r': 0.4, 'type': 1}, {'idp': 33, 'x': 7.099, 'y': 2.923, 'r': 0.4, 'type': 1}]
32869,1398694018.1916132,[{'idp': 32, 'x': 7.35, 'y': 1.898, 'r': 0.4, 'type': 1}, {'idp': 33, 'x': 7.136, 'y': 2.973, 'r': 0.4, 'type': 1}]
32870,1398694018.2296839,[{'idp': 32, 'x': 7.363, 'y': 1.87, 'r': 0.4, 'type': 1}, {'idp': 33, 'x': 7.122, 'y': 2.967, 'r': 0.4, 'type': 1}]
32871,1398694018.2696745,[{'idp': 32, 'x': 7.376, 'y': 1.87, 'r': 0.4, 'type': 1}, {'idp': 33, 'x': 7.239, 'y': 2.96, 'r': 0.4, 'type': 1}]
32872,1398694018.2697086,[{'idp': 32, 'x': 7.411, 'y': 1.81, 'r': 0.4, 'type': 1}, {'idp': 33, 'x': 7.207, 'y': 2.966, 'r': 0.4, 'type': 1}]
32873,1398694018.309717,[{'idp': 32, 'x': 7.433, 'y': 1.819, 'r': 0.4, 'type': 1}, {'idp': 33, 'x': 7.292, 'y': 2.945, 'r': 0.4, 'type': 1}]
32874,1398694018.3160186,[{'idp': 32, 'x': 7.425, 'y': 1.832, 'r': 0.4, 'type': 1}, {'idp': 33, 'x': 7.287, 'y': 2.961, 'r': 0.4, 'type': 1}]
32875,1398694018.3537872,[{'idp': 32, 'x': 7.487, 'y': 1.802, 'r': 0.4, 'type': 1}, {'idp': 33, 'x': 7.221, 'y': 2.971, 'r': 0.4, 'type': 1}]
32876,1398694018.3936467,[{'idp': 32, 'x': 7.485, 'y': 1.824, 'r': 0.4, 'type': 1}, {'idp': 33, 'x': 7.288, 'y': 2.961, 'r': 0.4, 'type': 1}]
32877,1398694018.3936646,[{'idp': 32, 'x': 7.455, 'y': 1.84, 'r': 0.4, 'type': 1}, {'idp': 33, 'x': 7.258, 'y': 2.986, 'r': 0.4, 'type': 1}]
32878,1398694018.4336843,[{'idp': 32, 'x': 7.492, 'y': 1.798, 'r': 0.4, 'type': 1}, {'idp': 33, 'x': 7.269, 'y': 2.972, 'r': 0.4, 'type': 1}]
32879,1398694018.4423866,[{'idp': 32, 'x': 7.523, 'y': 1.806, 'r': 0.4, 'type': 1}, {'idp': 33, 'x': 7.281, 'y': 2.959, 'r': 0.4, 'type': 1}]
32880,1398694018.48164,[{'idp': 32, 'x': 7.524, 'y': 1.789, 'r': 0.4, 'type': 1}, {'idp': 33, 'x': 7.232, 'y': 2.922, 'r': 0.4, 'type': 1}]
32881,1398694018.5216923,[{'idp': 32, 'x': 7.548, 'y': 1.778, 'r': 0.4, 'type': 1}, {'idp': 33, 'x': 7.265, 'y': 2.88, 'r': 0.4, 'type': 1}]
32882,1398694018.5217187,[{'idp': 32, 'x': 7.561, 'y': 1.764, 'r': 0.4, 'type': 1}, {'idp': 33, 'x': 7.259, 'y': 2.914, 'r': 0.4, 'type': 1}]
32883,1398694018.561669,[{'idp': 32, 'x': 7.554, 'y': 1.745, 'r': 0.4, 'type': 1}, {'idp': 33, 'x': 7.305, 'y': 2.859, 'r': 0.4, 'type': 1}]
32884,1398694018.5657873,[{'idp': 32, 'x': 7.587, 'y': 1.753, 'r': 0.4, 'type': 1}, {'idp': 33, 'x': 7.313, 'y': 2.899, 'r': 0.4, 'type': 1}]
32885,1398694018.6056666,[{'idp': 32, 'x': 7.544, 'y': 1.725, 'r': 0.4, 'type': 1}, {'idp': 33, 'x': 7.4, 'y': 2.953, 'r': 0.4, 'type': 1}]
32886,1398694018.645715,[{'idp': 32, 'x': 7.52, 'y': 1.719, 'r': 0.4, 'type': 1}, {'idp': 33, 'x': 7.403, 'y': 2.935, 'r': 0.4, 'type': 1}]
32887,1398694018.6457677,[{'idp': 32, 'x': 7.472, 'y': 1.725, 'r': 0.4, 'type': 1}, {'idp': 33, 'x': 7.449, 'y': 2.972, 'r': 0.4, 'type': 1}]
32888,1398694018.6857076,[{'idp': 32, 'x': 7.444, 'y': 1.736, 'r': 0.4, 'type': 1}, {'idp': 33, 'x': 7.443, 'y': 2.988, 'r': 0.4, 'type': 1}]
32889,1398694018.6915565,[{'idp': 32, 'x': 7.447, 'y': 1.719, 'r': 0.4, 'type': 1}, {'idp': 33, 'x': 7.453, 'y': 2.935, 'r': 0.4, 'type': 1}]
32890,1398694018.7296705,[{'idp': 32, 'x': 7.539, 'y': 1.671, 'r': 0.4, 'type': 1}, {'idp': 33, 'x': 7.493, 'y': 2.913, 'r': 0.4, 'type': 1}]
32891,1398694018.769724,[{'idp': 32, 'x': 7.472, 'y': 1.656, 'r': 0.4, 'type': 1}, {'idp': 33, 'x': 7.567, 'y': 2.877, 'r': 0.4, 'type': 1}]
32892,1398694018.769759,[{'idp': 32, 'x': 7.481, 'y': 1.709, 'r': 0.4, 'type': 1}, {'idp': 33, 'x': 7.542, 'y': 2.918, 'r': 0.4, 'type': 1}]
32893,1398694018.809787,[{'idp': 32, 'x': 7.449, 'y': 1.72, 'r': 0.4, 'type': 1}, {'idp': 33, 'x': 7.556, 'y': 2.899, 'r': 0.4, 'type': 1}]
32894,1398694018.815919,[{'idp': 32, 'x': 7.445, 'y': 1.718, 'r': 0.4, 'type': 1}, {'idp': 33, 'x': 7.521, 'y': 2.908, 'r': 0.4, 'type': 1}]
32895,1398694018.8536446,[{'idp': 32, 'x': 7.435, 'y': 1.7, 'r': 0.4, 'type': 1}, {'idp': 33, 'x': 7.569, 'y': 2.893, 'r': 0.4, 'type': 1}]
32896,1398694018.893723,[{'idp': 32, 'x': 7.516, 'y': 1.666, 'r': 0.4, 'type': 1}, {'idp': 33, 'x': 7.581, 'y': 2.868, 'r': 0.4, 'type': 1}]
32897,1398694018.893757,[{'idp': 32, 'x': 7.435, 'y': 1.665, 'r': 0.4, 'type': 1}, {'idp': 33, 'x': 7.573, 'y': 2.89, 'r': 0.4, 'type': 1}]
32898,1398694018.9337237,[{'idp': 32, 'x': 7.475, 'y': 1.674, 'r': 0.4, 'type': 1}, {'idp': 33, 'x': 7.542, 'y': 2.922, 'r': 0.4, 'type': 1}]
32899,1398694018.9405115,[{'idp': 32, 'x': 7.519, 'y': 1.65, 'r': 0.4, 'type': 1}, {'idp': 33, 'x': 7.596, 'y': 2.889, 'r': 0.4, 'type': 1}]
32900,1398694018.9776597,[{'idp': 32, 'x': 7.543, 'y': 1.655, 'r': 0.4, 'type': 1}, {'idp': 33, 'x': 7.56, 'y': 2.918, 'r': 0.4, 'type': 1}]
32901,1398694019.017724,[{'idp': 32, 'x': 7.572, 'y': 1.661, 'r': 0.4, 'type': 1}, {'idp': 33, 'x': 7.627, 'y': 2.905, 'r': 0.4, 'type': 1}]
32902,1398694019.0177438,[{'idp': 32, 'x': 7.677, 'y': 1.667, 'r': 0.4, 'type': 1}, {'idp': 33, 'x': 7.647, 'y': 2.894, 'r': 0.4, 'type': 1}]
32903,1398694019.0577004,[{'idp': 32, 'x': 7.806, 'y': 1.66, 'r': 0.4, 'type': 1}, {'idp': 33, 'x': 7.676, 'y': 2.881, 'r': 0.4, 'type': 1}]
32904,1398694019.0642645,[{'idp': 32, 'x': 7.874, 'y': 1.638, 'r': 0.4, 'type': 1}, {'idp': 33, 'x': 7.679, 'y': 2.844, 'r': 0.4, 'type': 1}]
32905,1398694019.1016576,[{'idp': 32, 'x': 7.93, 'y': 1.614, 'r': 0.4, 'type': 1}, {'idp': 33, 'x': 7.687, 'y': 2.815, 'r': 0.4, 'type': 1}]
32906,1398694019.1417062,[{'idp': 32, 'x': 7.973, 'y': 1.604, 'r': 0.4, 'type': 1}, {'idp': 33, 'x': 7.739, 'y': 2.835, 'r': 0.4, 'type': 1}]
32907,1398694019.1417353,[{'idp': 32, 'x': 7.974, 'y': 1.622, 'r': 0.4, 'type': 1}, {'idp': 33, 'x': 7.715, 'y': 2.865, 'r': 0.4, 'type': 1}]
32908,1398694019.1816435,[{'idp': 32, 'x': 7.997, 'y': 1.673, 'r': 0.4, 'type': 1}, {'idp': 33, 'x': 7.752, 'y': 2.879, 'r': 0.4, 'type': 1}]
32909,1398694019.1892707,[{'idp': 32, 'x': 8.019, 'y': 1.63, 'r': 0.4, 'type': 1}, {'idp': 33, 'x': 7.773, 'y': 2.848, 'r': 0.4, 'type': 1}]
32910,1398694019.2256808,[{'idp': 32, 'x': 8.035, 'y': 1.62, 'r': 0.4, 'type': 1}, {'idp': 33, 'x': 7.793, 'y': 2.836, 'r': 0.4, 'type': 1}]
32911,1398694019.2657025,[{'idp': 32, 'x': 8.049, 'y': 1.605, 'r': 0.4, 'type': 1}, {'idp': 33, 'x': 7.796, 'y': 2.838, 'r': 0.4, 'type': 1}]
32912,1398694019.2657359,[{'idp': 32, 'x': 8.057, 'y': 1.607, 'r': 0.4, 'type': 1}, {'idp': 33, 'x': 7.833, 'y': 2.852, 'r': 0.4, 'type': 1}]
32913,1398694019.305723,[{'idp': 32, 'x': 8.088, 'y': 1.606, 'r': 0.4, 'type': 1}, {'idp': 33, 'x': 7.826, 'y': 2.868, 'r': 0.4, 'type': 1}]
32914,1398694019.3125737,[{'idp': 32, 'x': 8.064, 'y': 1.629, 'r': 0.4, 'type': 1}, {'idp': 33, 'x': 7.819, 'y': 2.905, 'r': 0.4, 'type': 1}]
32915,1398694019.3497024,[{'idp': 32, 'x': 8.081, 'y': 1.632, 'r': 0.4, 'type': 1}, {'idp': 33, 'x': 7.851, 'y': 2.917, 'r': 0.4, 'type': 1}]
32916,1398694019.389642,[{'idp': 32, 'x': 8.111, 'y': 1.609, 'r': 0.4, 'type': 1}, {'idp': 33, 'x': 7.788, 'y': 2.816, 'r': 0.4, 'type': 1}]
32917,1398694019.3896737,[{'idp': 32, 'x': 8.146, 'y': 1.588, 'r': 0.4, 'type': 1}, {'idp': 33, 'x': 7.761, 'y': 2.767, 'r': 0.4, 'type': 1}]
32918,1398694019.4297447,[{'idp': 32, 'x': 8.127, 'y': 1.605, 'r': 0.4, 'type': 1}, {'idp': 33, 'x': 7.722, 'y': 2.754, 'r': 0.4, 'type': 1}]
32919,1398694019.437648,[{'idp': 32, 'x': 8.177, 'y': 1.579, 'r': 0.4, 'type': 1}, {'idp': 33, 'x': 7.726, 'y': 2.774, 'r': 0.4, 'type': 1}]
32920,1398694019.4777749,[{'idp': 32, 'x': 8.158, 'y': 1.609, 'r': 0.4, 'type': 1}, {'idp': 33, 'x': 7.734, 'y': 2.758, 'r': 0.4, 'type': 1}]
32921,1398694019.5177135,[{'idp': 32, 'x': 8.213, 'y': 1.564, 'r': 0.4, 'type': 1}, {'idp': 33, 'x': 7.777, 'y': 2.773, 'r': 0.4, 'type': 1}]
32922,1398694019.5177417,[{'idp': 32, 'x': 8.2, 'y': 1.61, 'r': 0.4, 'type': 1}, {'idp': 33, 'x': 7.783, 'y': 2.813, 'r': 0.4, 'type': 1}]
32923,1398694019.5576992,[{'idp': 32, 'x': 8.183, 'y': 1.644, 'r': 0.4, 'type': 1}, {'idp': 33, 'x': 7.886, 'y': 2.85, 'r': 0.4, 'type': 1}]
32924,1398694019.5627608,[{'idp': 32, 'x': 8.154, 'y': 1.656, 'r': 0.4, 'type': 1}, {'idp': 33, 'x': 7.906, 'y': 2.876, 'r': 0.4, 'type': 1}]
32925,1398694019.6016936,[{'idp': 32, 'x': 8.15, 'y': 1.636, 'r': 0.4, 'type': 1}, {'idp': 33, 'x': 7.896, 'y': 2.872, 'r': 0.4, 'type': 1}]
32926,1398694019.6456938,[{'idp': 32, 'x': 8.163, 'y': 1.576, 'r': 0.4, 'type': 1}, {'idp': 33, 'x': 7.892, 'y': 2.832, 'r': 0.4, 'type': 1}]
32927,1398694019.6457343,[{'idp': 32, 'x': 8.227, 'y': 1.56, 'r': 0.4, 'type': 1}, {'idp': 33, 'x': 7.994, 'y': 2.79, 'r': 0.4, 'type': 1}]
32928,1398694019.6856618,[{'idp': 32, 'x': 8.263, 'y': 1.549, 'r': 0.4, 'type': 1}, {'idp': 33, 'x': 7.993, 'y': 2.771, 'r': 0.4, 'type': 1}]
32929,1398694019.686741,[{'idp': 32, 'x': 8.323, 'y': 1.524, 'r': 0.4, 'type': 1}, {'idp': 33, 'x': 7.993, 'y': 2.77, 'r': 0.4, 'type': 1}]
32930,1398694019.7257626,[{'idp': 32, 'x': 8.333, 'y': 1.563, 'r': 0.4, 'type': 1}, {'idp': 33, 'x': 7.865, 'y': 2.785, 'r': 0.4, 'type': 1}]
32931,1398694019.7656507,[{'idp': 32, 'x': 8.366, 'y': 1.57, 'r': 0.4, 'type': 1}, {'idp': 33, 'x': 7.882, 'y': 2.772, 'r': 0.4, 'type': 1}]
32932,1398694019.7656775,[{'idp': 32, 'x': 8.399, 'y': 1.558, 'r': 0.4, 'type': 1}, {'idp': 33, 'x': 7.962, 'y': 2.742, 'r': 0.4, 'type': 1}]
32933,1398694019.8056455,[{'idp': 32, 'x': 8.413, 'y': 1.504, 'r': 0.4, 'type': 1}, {'idp': 33, 'x': 8.02, 'y': 2.703, 'r': 0.4, 'type': 1}]
32934,1398694019.8119283,[{'idp': 32, 'x': 8.426, 'y': 1.525, 'r': 0.4, 'type': 1}, {'idp': 33, 'x': 8.069, 'y': 2.739, 'r': 0.4, 'type': 1}]
32935,1398694019.8496408,[{'idp': 32, 'x': 8.426, 'y': 1.506, 'r': 0.4, 'type': 1}, {'idp': 33, 'x': 8.108, 'y': 2.753, 'r': 0.4, 'type': 1}]
32936,1398694019.8896759,[{'idp': 32, 'x': 8.41, 'y': 1.503, 'r': 0.4, 'type': 1}, {'idp': 33, 'x': 8.122, 'y': 2.777, 'r': 0.4, 'type': 1}]
32937,1398694019.889697,[{'idp': 32, 'x': 8.419, 'y': 1.524, 'r': 0.4, 'type': 1}, {'idp': 33, 'x': 8.162, 'y': 2.771, 'r': 0.4, 'type': 1}]
32938,1398694019.9297516,[{'idp': 32, 'x': 8.464, 'y': 1.532, 'r': 0.4, 'type': 1}, {'idp': 33, 'x': 8.217, 'y': 2.81, 'r': 0.4, 'type': 1}]
32939,1398694019.9372873,[{'idp': 32, 'x': 8.401, 'y': 1.483, 'r': 0.4, 'type': 1}, {'idp': 33, 'x': 8.198, 'y': 2.763, 'r': 0.4, 'type': 1}]
32940,1398694019.973694,[{'idp': 32, 'x': 8.401, 'y': 1.463, 'r': 0.4, 'type': 1}, {'idp': 33, 'x': 8.219, 'y': 2.75, 'r': 0.4, 'type': 1}]
32941,1398694020.0136914,[{'idp': 32, 'x': 8.343, 'y': 1.453, 'r': 0.4, 'type': 1}, {'idp': 33, 'x': 8.255, 'y': 2.762, 'r': 0.4, 'type': 1}]
32942,1398694020.0137239,[{'idp': 32, 'x': 8.292, 'y': 1.425, 'r': 0.4, 'type': 1}, {'idp': 33, 'x': 8.245, 'y': 2.758, 'r': 0.4, 'type': 1}]
32943,1398694020.0537133,[{'idp': 32, 'x': 8.38, 'y': 1.44, 'r': 0.4, 'type': 1}, {'idp': 33, 'x': 8.266, 'y': 2.745, 'r': 0.4, 'type': 1}]
32944,1398694020.061269,[{'idp': 32, 'x': 8.505, 'y': 1.462, 'r': 0.4, 'type': 1}, {'idp': 33, 'x': 8.281, 'y': 2.75, 'r': 0.4, 'type': 1}]
32945,1398694020.0977492,[{'idp': 32, 'x': 8.562, 'y': 1.453, 'r': 0.4, 'type': 1}, {'idp': 33, 'x': 8.313, 'y': 2.74, 'r': 0.4, 'type': 1}]
32946,1398694020.1377945,[{'idp': 32, 'x': 8.595, 'y': 1.459, 'r': 0.4, 'type': 1}, {'idp': 33, 'x': 8.296, 'y': 2.774, 'r': 0.4, 'type': 1}]
32947,1398694020.1378243,[{'idp': 32, 'x': 8.653, 'y': 1.488, 'r': 0.4, 'type': 1}, {'idp': 33, 'x': 8.315, 'y': 2.761, 'r': 0.4, 'type': 1}]
32948,1398694020.1776662,[{'idp': 32, 'x': 8.719, 'y': 1.499, 'r': 0.4, 'type': 1}, {'idp': 33, 'x': 8.341, 'y': 2.79, 'r': 0.4, 'type': 1}]
32949,1398694020.1856203,[{'idp': 32, 'x': 8.743, 'y': 1.464, 'r': 0.4, 'type': 1}, {'idp': 33, 'x': 8.319, 'y': 2.802, 'r': 0.4, 'type': 1}]
32950,1398694020.2217107,[{'idp': 32, 'x': 8.752, 'y': 1.446, 'r': 0.4, 'type': 1}, {'idp': 33, 'x': 8.348, 'y': 2.751, 'r': 0.4, 'type': 1}]
32951,1398694020.261634,[{'idp': 32, 'x': 8.724, 'y': 1.422, 'r': 0.4, 'type': 1}, {'idp': 33, 'x': 8.369, 'y': 2.718, 'r': 0.4, 'type': 1}]
32952,1398694020.2616634,[{'idp': 32, 'x': 8.728, 'y': 1.422, 'r': 0.4, 'type': 1}, {'idp': 33, 'x': 8.407, 'y': 2.71, 'r': 0.4, 'type': 1}]
32953,1398694020.3016713,[{'idp': 32, 'x': 8.739, 'y': 1.424, 'r': 0.4, 'type': 1}, {'idp': 33, 'x': 8.344, 'y': 2.73, 'r': 0.4, 'type': 1}]
32954,1398694020.3105638,[{'idp': 32, 'x': 8.773, 'y': 1.429, 'r': 0.4, 'type': 1}, {'idp': 33, 'x': 8.423, 'y': 2.736, 'r': 0.4, 'type': 1}]
32955,1398694020.349733,[{'idp': 32, 'x': 8.775, 'y': 1.449, 'r': 0.4, 'type': 1}, {'idp': 33, 'x': 8.483, 'y': 2.735, 'r': 0.4, 'type': 1}]
32956,1398694020.3897436,[{'idp': 32, 'x': 8.809, 'y': 1.434, 'r': 0.4, 'type': 1}, {'idp': 33, 'x': 8.512, 'y': 2.724, 'r': 0.4, 'type': 1}]
32957,1398694020.3897746,[{'idp': 32, 'x': 8.793, 'y': 1.412, 'r': 0.4, 'type': 1}, {'idp': 33, 'x': 8.438, 'y': 2.72, 'r': 0.4, 'type': 1}]
32958,1398694020.4297113,[{'idp': 32, 'x': 8.805, 'y': 1.413, 'r': 0.4, 'type': 1}, {'idp': 33, 'x': 8.512, 'y': 2.724, 'r': 0.4, 'type': 1}]
32959,1398694020.4347935,[{'idp': 32, 'x': 8.801, 'y': 1.447, 'r': 0.4, 'type': 1}, {'idp': 33, 'x': 8.499, 'y': 2.74, 'r': 0.4, 'type': 1}]
32960,1398694020.473736,[{'idp': 32, 'x': 8.836, 'y': 1.437, 'r': 0.4, 'type': 1}, {'idp': 33, 'x': 8.527, 'y': 2.75, 'r': 0.4, 'type': 1}]
32961,1398694020.5136397,[{'idp': 32, 'x': 8.841, 'y': 1.418, 'r': 0.4, 'type': 1}, {'idp': 33, 'x': 8.522, 'y': 2.748, 'r': 0.4, 'type': 1}]
32962,1398694020.5136564,[{'idp': 32, 'x': 8.899, 'y': 1.407, 'r': 0.4, 'type': 1}, {'idp': 33, 'x': 8.56, 'y': 2.74, 'r': 0.4, 'type': 1}]
32963,1398694020.553652,[{'idp': 32, 'x': 8.879, 'y': 1.403, 'r': 0.4, 'type': 1}, {'idp': 33, 'x': 8.556, 'y': 2.739, 'r': 0.4, 'type': 1}]
32964,1398694020.5698717,[{'idp': 32, 'x': 8.857, 'y': 1.415, 'r': 0.4, 'type': 1}, {'idp': 33, 'x': 8.608, 'y': 2.714, 'r': 0.4, 'type': 1}]
32965,1398694020.6096957,[{'idp': 32, 'x': 8.852, 'y': 1.4, 'r': 0.4, 'type': 1}, {'idp': 33, 'x': 8.604, 'y': 2.734, 'r': 0.4, 'type': 1}]
32966,1398694020.6097252,[{'idp': 32, 'x': 8.922, 'y': 1.37, 'r': 0.4, 'type': 1}, {'idp': 33, 'x': 8.637, 'y': 2.703, 'r': 0.4, 'type': 1}]
32967,1398694020.6496906,[{'idp': 32, 'x': 8.982, 'y': 1.31, 'r': 0.4, 'type': 1}, {'idp': 33, 'x': 8.631, 'y': 2.66, 'r': 0.4, 'type': 1}]
32968,1398694020.6595557,[{'idp': 32, 'x': 8.922, 'y': 1.279, 'r': 0.4, 'type': 1}, {'idp': 33, 'x': 8.584, 'y': 2.584, 'r': 0.4, 'type': 1}]
32969,1398694020.6977398,[{'idp': 32, 'x': 8.893, 'y': 1.247, 'r': 0.4, 'type': 1}, {'idp': 33, 'x': 8.552, 'y': 2.513, 'r': 0.4, 'type': 1}]
32970,1398694020.73773,[{'idp': 32, 'x': 8.96, 'y': 1.216, 'r': 0.4, 'type': 1}, {'idp': 33, 'x': 8.574, 'y': 2.499, 'r': 0.4, 'type': 1}]
32971,1398694020.73776,[{'idp': 32, 'x': 8.966, 'y': 1.197, 'r': 0.4, 'type': 1}, {'idp': 33, 'x': 8.531, 'y': 2.446, 'r': 0.4, 'type': 1}]
32972,1398694020.777688,[{'idp': 32, 'x': 9.015, 'y': 1.124, 'r': 0.4, 'type': 1}, {'idp': 33, 'x': 8.547, 'y': 2.431, 'r': 0.4, 'type': 1}]
32973,1398694020.783345,[{'idp': 32, 'x': 8.961, 'y': 1.057, 'r': 0.4, 'type': 1}, {'idp': 33, 'x': 8.54, 'y': 2.368, 'r': 0.4, 'type': 1}]
32974,1398694020.821767,[{'idp': 32, 'x': 9.039, 'y': 0.959, 'r': 0.4, 'type': 1}, {'idp': 33, 'x': 8.569, 'y': 2.296, 'r': 0.4, 'type': 1}]
32975,1398694020.8616774,[{'idp': 32, 'x': 9.013, 'y': 0.886, 'r': 0.4, 'type': 1}, {'idp': 33, 'x': 8.611, 'y': 2.227, 'r': 0.4, 'type': 1}]
32976,1398694020.861708,[{'idp': 32, 'x': 9.02, 'y': 0.807, 'r': 0.4, 'type': 1}, {'idp': 33, 'x': 8.605, 'y': 2.126, 'r': 0.4, 'type': 1}]
32977,1398694020.9016998,[{'idp': 32, 'x': 9.08, 'y': 0.753, 'r': 0.4, 'type': 1}, {'idp': 33, 'x': 8.655, 'y': 2.078, 'r': 0.4, 'type': 1}]
32978,1398694020.9087539,[{'idp': 32, 'x': 9.123, 'y': 0.697, 'r': 0.4, 'type': 1}, {'idp': 33, 'x': 8.677, 'y': 2.003, 'r': 0.4, 'type': 1}]
32979,1398694020.9456792,[{'idp': 32, 'x': 9.17, 'y': 0.701, 'r': 0.4, 'type': 1}, {'idp': 33, 'x': 8.711, 'y': 2.011, 'r': 0.4, 'type': 1}]
32980,1398694020.985711,[{'idp': 32, 'x': 9.211, 'y': 0.664, 'r': 0.4, 'type': 1}, {'idp': 33, 'x': 8.77, 'y': 2.005, 'r': 0.4, 'type': 1}]
32981,1398694020.9857402,[{'idp': 32, 'x': 9.268, 'y': 0.628, 'r': 0.4, 'type': 1}, {'idp': 33, 'x': 8.903, 'y': 2.015, 'r': 0.4, 'type': 1}]
32982,1398694021.0257013,[{'idp': 32, 'x': 9.294, 'y': 0.61, 'r': 0.4, 'type': 1}, {'idp': 33, 'x': 8.913, 'y': 1.956, 'r': 0.4, 'type': 1}]
32983,1398694021.0333102,[{'idp': 32, 'x': 9.303, 'y': 0.57, 'r': 0.4, 'type': 1}, {'idp': 33, 'x': 9.004, 'y': 1.956, 'r': 0.4, 'type': 1}]
32984,1398694021.0696847,[{'idp': 32, 'x': 9.324, 'y': 0.571, 'r': 0.4, 'type': 1}, {'idp': 33, 'x': 9.023, 'y': 1.96, 'r': 0.4, 'type': 1}]
32985,1398694021.1096988,[{'idp': 32, 'x': 9.32, 'y': 0.592, 'r': 0.4, 'type': 1}, {'idp': 33, 'x': 9.067, 'y': 1.99, 'r': 0.4, 'type': 1}]
32986,1398694021.109729,[{'idp': 32, 'x': 9.271, 'y': 0.547, 'r': 0.4, 'type': 1}, {'idp': 33, 'x': 9.082, 'y': 1.993, 'r': 0.4, 'type': 1}]
32987,1398694021.1496916,[{'idp': 32, 'x': 9.311, 'y': 0.53, 'r': 0.4, 'type': 1}, {'idp': 33, 'x': 9.106, 'y': 1.956, 'r': 0.4, 'type': 1}]
32988,1398694021.1575236,[{'idp': 32, 'x': 9.308, 'y': 0.509, 'r': 0.4, 'type': 1}, {'idp': 33, 'x': 9.147, 'y': 1.944, 'r': 0.4, 'type': 1}]
32989,1398694021.1937056,[{'idp': 32, 'x': 9.347, 'y': 0.532, 'r': 0.4, 'type': 1}, {'idp': 33, 'x': 9.204, 'y': 1.935, 'r': 0.4, 'type': 1}]
32990,1398694021.2336545,[{'idp': 32, 'x': 9.36, 'y': 0.554, 'r': 0.4, 'type': 1}, {'idp': 33, 'x': 9.191, 'y': 1.974, 'r': 0.4, 'type': 1}]
32991,1398694021.233688,[{'idp': 32, 'x': 9.327, 'y': 0.551, 'r': 0.4, 'type': 1}, {'idp': 33, 'x': 9.192, 'y': 1.974, 'r': 0.4, 'type': 1}]
32992,1398694021.2737164,[{'idp': 32, 'x': 9.403, 'y': 0.535, 'r': 0.4, 'type': 1}, {'idp': 33, 'x': 9.253, 'y': 1.966, 'r': 0.4, 'type': 1}]
32993,1398694021.2826467,[{'idp': 32, 'x': 9.432, 'y': 0.537, 'r': 0.4, 'type': 1}, {'idp': 33, 'x': 9.275, 'y': 1.928, 'r': 0.4, 'type': 1}]
32994,1398694021.3217008,[{'idp': 32, 'x': 9.478, 'y': 0.498, 'r': 0.4, 'type': 1}, {'idp': 33, 'x': 9.324, 'y': 1.896, 'r': 0.4, 'type': 1}]
32995,1398694021.3617144,[{'idp': 32, 'x': 9.572, 'y': 0.545, 'r': 0.4, 'type': 1}, {'idp': 33, 'x': 9.293, 'y': 1.91, 'r': 0.4, 'type': 1}]
32996,1398694021.361746,[{'idp': 32, 'x': 9.555, 'y': 0.523, 'r': 0.4, 'type': 1}, {'idp': 33, 'x': 9.312, 'y': 1.914, 'r': 0.4, 'type': 1}]
32997,1398694021.4016838,[{'idp': 32, 'x': 9.545, 'y': 0.522, 'r': 0.4, 'type': 1}, {'idp': 33, 'x': 9.32, 'y': 1.916, 'r': 0.4, 'type': 1}]
32998,1398694021.4067647,[{'idp': 32, 'x': 9.556, 'y': 0.502, 'r': 0.4, 'type': 1}, {'idp': 33, 'x': 9.327, 'y': 1.918, 'r': 0.4, 'type': 1}]
32999,1398694021.4456782,[{'idp': 32, 'x': 9.555, 'y': 0.502, 'r': 0.4, 'type': 1}, {'idp': 33, 'x': 9.3, 'y': 1.89, 'r': 0.4, 'type': 1}]
33000,1398694021.4856737,[{'idp': 32, 'x': 9.558, 'y': 0.502, 'r': 0.4, 'type': 1}, {'idp': 33, 'x': 9.386, 'y': 1.874, 'r': 0.4, 'type': 1}]
33001,1398694021.4857054,[{'idp': 32, 'x': 9.587, 'y': 0.503, 'r': 0.4, 'type': 1}, {'idp': 33, 'x': 9.215, 'y': 1.895, 'r': 0.4, 'type': 1}]
33002,1398694021.5256813,[{'idp': 32, 'x': 9.621, 'y': 0.525, 'r': 0.4, 'type': 1}, {'idp': 33, 'x': 9.33, 'y': 1.918, 'r': 0.4, 'type': 1}]
33003,1398694021.5312645,[{'idp': 32, 'x': 9.661, 'y': 0.549, 'r': 0.4, 'type': 1}, {'idp': 33, 'x': 9.343, 'y': 1.921, 'r': 0.4, 'type': 1}]
33004,1398694021.5696604,[{'idp': 32, 'x': 9.647, 'y': 0.527, 'r': 0.4, 'type': 1}, {'idp': 33, 'x': 9.384, 'y': 1.908, 'r': 0.4, 'type': 1}]
33005,1398694021.6096752,[{'idp': 32, 'x': 9.664, 'y': 0.485, 'r': 0.4, 'type': 1}, {'idp': 33, 'x': 9.4, 'y': 1.847, 'r': 0.4, 'type': 1}]
33006,1398694021.6097028,[{'idp': 32, 'x': 9.653, 'y': 0.485, 'r': 0.4, 'type': 1}, {'idp': 33, 'x': 9.423, 'y': 1.852, 'r': 0.4, 'type': 1}]
33007,1398694021.6497018,[{'idp': 32, 'x': 9.685, 'y': 0.486, 'r': 0.4, 'type': 1}, {'idp': 33, 'x': 9.448, 'y': 1.878, 'r': 0.4, 'type': 1}]
33008,1398694021.655819,[{'idp': 32, 'x': 9.684, 'y': 0.549, 'r': 0.4, 'type': 1}, {'idp': 33, 'x': 9.418, 'y': 1.894, 'r': 0.4, 'type': 1}]
33009,1398694021.693666,[{'idp': 32, 'x': 9.722, 'y': 0.507, 'r': 0.4, 'type': 1}, {'idp': 33, 'x': 9.494, 'y': 1.888, 'r': 0.4, 'type': 1}]
33010,1398694021.733654,[{'idp': 32, 'x': 9.696, 'y': 0.486, 'r': 0.4, 'type': 1}, {'idp': 33, 'x': 9.484, 'y': 1.865, 'r': 0.4, 'type': 1}]
33011,1398694021.733679,[{'idp': 32, 'x': 9.719, 'y': 0.529, 'r': 0.4, 'type': 1}, {'idp': 33, 'x': 9.529, 'y': 1.852, 'r': 0.4, 'type': 1}]
33012,1398694021.7736087,[{'idp': 32, 'x': 9.708, 'y': 0.486, 'r': 0.4, 'type': 1}, {'idp': 33, 'x': 9.536, 'y': 1.854, 'r': 0.4, 'type': 1}]
33013,1398694021.7813377,[{'idp': 32, 'x': 9.769, 'y': 0.489, 'r': 0.4, 'type': 1}, {'idp': 33, 'x': 9.553, 'y': 1.857, 'r': 0.4, 'type': 1}]
33014,1398694021.8176844,[{'idp': 32, 'x': 9.75, 'y': 0.51, 'r': 0.4, 'type': 1}, {'idp': 33, 'x': 9.564, 'y': 1.838, 'r': 0.4, 'type': 1}]
33015,1398694021.8576632,[{'idp': 32, 'x': 9.8, 'y': 0.469, 'r': 0.4, 'type': 1}, {'idp': 33, 'x': 9.593, 'y': 1.844, 'r': 0.4, 'type': 1}]
33016,1398694021.8576946,[{'idp': 32, 'x': 9.753, 'y': 0.488, 'r': 0.4, 'type': 1}, {'idp': 33, 'x': 9.571, 'y': 1.817, 'r': 0.4, 'type': 1}]
33017,1398694021.8976676,[{'idp': 32, 'x': 9.766, 'y': 0.489, 'r': 0.4, 'type': 1}, {'idp': 33, 'x': 9.51, 'y': 1.806, 'r': 0.4, 'type': 1}]
33018,1398694021.9053044,[{'idp': 32, 'x': 9.732, 'y': 0.509, 'r': 0.4, 'type': 1}, {'idp': 33, 'x': 9.481, 'y': 1.736, 'r': 0.4, 'type': 1}]
33019,1398694021.9417002,[{'idp': 32, 'x': 9.808, 'y': 0.491, 'r': 0.4, 'type': 1}, {'idp': 33, 'x': 9.48, 'y': 1.778, 'r': 0.4, 'type': 1}]
33020,1398694021.9816618,[{'idp': 32, 'x': 9.798, 'y': 0.555, 'r': 0.4, 'type': 1}, {'idp': 33, 'x': 9.461, 'y': 1.796, 'r': 0.4, 'type': 1}]
33021,1398694021.9816923,[{'idp': 32, 'x': 9.869, 'y': 0.537, 'r': 0.4, 'type': 1}, {'idp': 33, 'x': 9.451, 'y': 1.794, 'r': 0.4, 'type': 1}]
33022,1398694022.0217354,[{'idp': 32, 'x': 9.917, 'y': 0.518, 'r': 0.4, 'type': 1}, {'idp': 33, 'x': 9.491, 'y': 1.78, 'r': 0.4, 'type': 1}]
33023,1398694022.0302787,[{'idp': 32, 'x': 9.846, 'y': 0.493, 'r': 0.4, 'type': 1}, {'idp': 33, 'x': 9.473, 'y': 1.756, 'r': 0.4, 'type': 1}]
33024,1398694022.0697381,[{'idp': 32, 'x': 9.917, 'y': 0.475, 'r': 0.4, 'type': 1}, {'idp': 33, 'x': 9.48, 'y': 1.757, 'r': 0.4, 'type': 1}]
33025,1398694022.109647,[{'idp': 32, 'x': 9.91, 'y': 0.518, 'r': 0.4, 'type': 1}, {'idp': 33, 'x': 9.512, 'y': 1.784, 'r': 0.4, 'type': 1}]
33026,1398694022.1096818,[{'idp': 32, 'x': 9.936, 'y': 0.52, 'r': 0.4, 'type': 1}, {'idp': 33, 'x': 9.578, 'y': 1.753, 'r': 0.4, 'type': 1}]
33027,1398694022.1496637,[{'idp': 32, 'x': 9.953, 'y': 0.521, 'r': 0.4, 'type': 1}, {'idp': 33, 'x': 9.592, 'y': 1.768, 'r': 0.4, 'type': 1}]
33028,1398694022.1547081,[{'idp': 32, 'x': 9.965, 'y': 0.522, 'r': 0.4, 'type': 1}, {'idp': 33, 'x': 9.515, 'y': 1.742, 'r': 0.4, 'type': 1}]
33029,1398694022.1937084,[{'idp': 32, 'x': 9.988, 'y': 0.501, 'r': 0.4, 'type': 1}, {'idp': 33, 'x': 9.642, 'y': 1.722, 'r': 0.4, 'type': 1}]
33030,1398694022.233655,[{'idp': 32, 'x': 10.031, 'y': 0.504, 'r': 0.4, 'type': 1}, {'idp': 33, 'x': 9.733, 'y': 1.738, 'r': 0.4, 'type': 1}]
33031,1398694022.2336874,[{'idp': 32, 'x': 10.067, 'y': 0.55, 'r': 0.4, 'type': 1}, {'idp': 33, 'x': 9.843, 'y': 1.78, 'r': 0.4, 'type': 1}]
33032,1398694022.2737105,[{'idp': 32, 'x': 10.105, 'y': 0.552, 'r': 0.4, 'type': 1}, {'idp': 33, 'x': 9.826, 'y': 1.777, 'r': 0.4, 'type': 1}]
33033,1398694022.2792294,[{'idp': 32, 'x': 10.105, 'y': 0.553, 'r': 0.4, 'type': 1}, {'idp': 33, 'x': 9.871, 'y': 1.785, 'r': 0.4, 'type': 1}]
33034,1398694022.3177,[{'idp': 32, 'x': 10.135, 'y': 0.555, 'r': 0.4, 'type': 1}, {'idp': 33, 'x': 9.87, 'y': 1.741, 'r': 0.4, 'type': 1}]
33035,1398694022.357775,[{'idp': 32, 'x': 10.086, 'y': 0.529, 'r': 0.4, 'type': 1}, {'idp': 33, 'x': 9.896, 'y': 1.767, 'r': 0.4, 'type': 1}]
33036,1398694022.3578033,[{'idp': 32, 'x': 10.116, 'y': 0.553, 'r': 0.4, 'type': 1}, {'idp': 33, 'x': 9.935, 'y': 1.73, 'r': 0.4, 'type': 1}]
33037,1398694022.3976762,[{'idp': 32, 'x': 10.091, 'y': 0.53, 'r': 0.4, 'type': 1}, {'idp': 33, 'x': 9.951, 'y': 1.755, 'r': 0.4, 'type': 1}]
33038,1398694022.4032876,[{'idp': 32, 'x': 10.125, 'y': 0.532, 'r': 0.4, 'type': 1}, {'idp': 33, 'x': 9.971, 'y': 1.758, 'r': 0.4, 'type': 1}]
33039,1398694022.4417577,[{'idp': 32, 'x': 10.19, 'y': 0.58, 'r': 0.4, 'type': 1}, {'idp': 33, 'x': 9.976, 'y': 1.736, 'r': 0.4, 'type': 1}]
33040,1398694022.4816654,[{'idp': 32, 'x': 10.138, 'y': 0.555, 'r': 0.4, 'type': 1}, {'idp': 33, 'x': 9.999, 'y': 1.717, 'r': 0.4, 'type': 1}]
33041,1398694022.4816918,[{'idp': 32, 'x': 10.186, 'y': 0.535, 'r': 0.4, 'type': 1}, {'idp': 33, 'x': 10.005, 'y': 1.718, 'r': 0.4, 'type': 1}]
33042,1398694022.5216894,[{'idp': 32, 'x': 10.259, 'y': 0.561, 'r': 0.4, 'type': 1}, {'idp': 33, 'x': 9.988, 'y': 1.738, 'r': 0.4, 'type': 1}]
33043,1398694022.5283298,[{'idp': 32, 'x': 10.246, 'y': 0.583, 'r': 0.4, 'type': 1}, {'idp': 33, 'x': 10.055, 'y': 1.749, 'r': 0.4, 'type': 1}]
33044,1398694022.5656984,[{'idp': 32, 'x': 10.343, 'y': 0.679, 'r': 0.4, 'type': 1}, {'idp': 33, 'x': 10.058, 'y': 1.727, 'r': 0.4, 'type': 1}]
33045,1398694022.6056712,[]
33046,1398694022.6057823,[]
33047,1398694022.6457334,[]
33048,1398694022.6533947,[]
33049,1398694022.6897132,[]
33050,1398694022.7299955,[]
33051,1398694022.730027,[]
33052,1398694022.7697253,[]
33053,1398694022.7859075,[]
33054,1398694022.8257058,[]
33055,1398694022.8657064,[]
33056,1398694022.865739,[]
33057,1398694022.9056692,[]
33058,1398694022.9057033,[]
33059,1398694022.9457204,[]
33060,1398694022.9529142,[]
33061,1398694022.989772,[]
33062,1398694023.029695,[]
33063,1398694023.029724,[]
33064,1398694023.0696688,[]
33065,1398694023.0775087,[]
33066,1398694023.1136768,[]
33067,1398694023.153637,[]
33068,1398694023.1536684,[]
33069,1398694023.193772,[]
33070,1398694023.2021782,[]
33071,1398694023.2416632,[]
33072,1398694023.2816706,[]
33073,1398694023.281702,[]
33074,1398694023.3216662,[]
33075,1398694023.327678,[]
33076,1398694023.3656542,[]
33077,1398694023.4056532,[]
33078,1398694023.4056826,[]
33079,1398694023.445717,[]
33080,1398694023.452643,[]
33081,1398694023.4897156,[]
33082,1398694023.5296993,[]
33083,1398694023.5297287,[]
33084,1398694023.569739,[]
33085,1398694023.577275,[]
33086,1398694023.6136978,[]
33087,1398694023.6536937,[]
33088,1398694023.6537256,[]
33089,1398694023.693694,[]
33090,1398694023.702714,[]
33091,1398694023.74168,[]
33092,1398694023.7816963,[]
33093,1398694023.7817268,[]
33094,1398694023.8216858,[]
33095,1398694023.8277612,[]
33096,1398694023.865707,[]
33097,1398694023.9056494,[]
33098,1398694023.9058013,[]
33099,1398694023.9457638,[]
33100,1398694023.952271,[]
33101,1398694023.9897041,[]
33102,1398694024.0302,[]
33103,1398694024.0302532,[]
33104,1398694024.069754,[]
33105,1398694024.0769777,[]
33106,1398694024.1136904,[]
33107,1398694024.153644,[]
33108,1398694024.1536622,[]
33109,1398694024.1937354,[]
33110,1398694024.201895,[]
33111,1398694024.2417748,[]
33112,1398694024.2816622,[]
33113,1398694024.2816973,[]
33114,1398694024.3216543,[]
33115,1398694024.3267334,[]
33116,1398694024.365781,[]
33117,1398694024.405703,[]
33118,1398694024.4057307,[]
33119,1398694024.4456918,[]
33120,1398694024.4508789,[]
33121,1398694024.4896908,[]
33122,1398694024.529685,[]
33123,1398694024.529718,[]
33124,1398694024.5696952,[]
33125,1398694024.5755565,[]
33126,1398694024.6137044,[]
33127,1398694024.6536677,[]
33128,1398694024.6536973,[]
33129,1398694024.69375,[]
33130,1398694024.6996553,[]
33131,1398694024.737808,[]
33132,1398694024.7777586,[]
33133,1398694024.8178282,[]
33134,1398694024.8178623,[]
33135,1398694024.8577433,[]
33136,1398694024.8577733,[]
33137,1398694024.89765,[]
33138,1398694024.8988853,[]
33139,1398694024.9377847,[]
33140,1398694024.9776635,[]
33141,1398694024.977693,[]
33142,1398694025.0176454,[]
33143,1398694025.0240223,[]
33144,1398694025.0617497,[]
33145,1398694025.101685,[]
33146,1398694025.101714,[]
33147,1398694025.1417482,[]
33148,1398694025.148028,[]
33149,1398694025.1856966,[]
33150,1398694025.2256842,[]
33151,1398694025.2257118,[]
33152,1398694025.2657664,[]
33153,1398694025.2715476,[]
33154,1398694025.3097003,[]
33155,1398694025.3496757,[]
33156,1398694025.3497064,[]
33157,1398694025.389685,[]
33158,1398694025.3965528,[]
33159,1398694025.4337943,[]
33160,1398694025.4736688,[]
33161,1398694025.4736855,[]
33162,1398694025.5137582,[]
33163,1398694025.5219078,[]
33164,1398694025.5616965,[]
33165,1398694025.6017103,[]
33166,1398694025.6017413,[]
33167,1398694025.6416993,[]
33168,1398694025.6451569,[]
33169,1398694025.681667,[]
33170,1398694025.7216723,[]
33171,1398694025.7217023,[]
33172,1398694025.76173,[]
33173,1398694025.7714086,[]
33174,1398694025.8097339,[]
33175,1398694025.8497205,[]
33176,1398694025.8497508,[]
33177,1398694025.8896668,[]
33178,1398694025.893825,[]
33179,1398694025.9337463,[]
33180,1398694025.973683,[]
33181,1398694025.973718,[]
33182,1398694026.013671,[]
33183,1398694026.0189633,[]
33184,1398694026.0577161,[]
33185,1398694026.0975885,[]
33186,1398694026.097603,[]
33187,1398694026.1376843,[]
33188,1398694026.1435013,[]
33189,1398694026.1816804,[]
33190,1398694026.2216578,[]
33191,1398694026.2216792,[]
33192,1398694026.2616532,[]
33193,1398694026.2689123,[]
33194,1398694026.3056886,[]
33195,1398694026.3457236,[]
33196,1398694026.3457408,[]
33197,1398694026.3857038,[]
33198,1398694026.3927736,[]
33199,1398694026.4297283,[]
33200,1398694026.4697037,[]
33201,1398694026.4697366,[]
33202,1398694026.5097203,[]
33203,1398694026.5177038,[]
33204,1398694026.5576463,[]
33205,1398694026.5976317,[]
33206,1398694026.5976622,[]
33207,1398694026.637734,[]
33208,1398694026.6429245,[]
33209,1398694026.681695,[]
33210,1398694026.7216473,[]
33211,1398694026.7216725,[]
33212,1398694026.7616808,[]
33213,1398694026.7662446,[]
33214,1398694026.8057075,[]
33215,1398694026.845716,[]
33216,1398694026.845745,[]
33217,1398694026.8856847,[]
33218,1398694026.8908842,[]
33219,1398694026.9297247,[]
33220,1398694026.9696763,[]
33221,1398694026.9697032,[]
33222,1398694027.0097651,[]
33223,1398694027.0148594,[]
33224,1398694027.0536468,[]
33225,1398694027.093883,[]
33226,1398694027.0939155,[]
33227,1398694027.1337848,[]
33228,1398694027.140759,[]
33229,1398694027.177708,[]
33230,1398694027.2176394,[]
33231,1398694027.2176695,[]
33232,1398694027.2577355,[]
33233,1398694027.2648675,[]
33234,1398694027.3016584,[]
33235,1398694027.3416536,[]
33236,1398694027.3416812,[]
33237,1398694027.3817544,[]
33238,1398694027.389159,[]
33239,1398694027.4256823,[]
33240,1398694027.4656749,[]
33241,1398694027.4656942,[]
33242,1398694027.5057547,[]
33243,1398694027.5152454,[]
33244,1398694027.553708,[]
33245,1398694027.5936658,[]
33246,1398694027.5936983,[]
33247,1398694027.6337888,[]
33248,1398694027.638624,[]
33249,1398694027.6777225,[]
33250,1398694027.717654,[]
33251,1398694027.7176821,[]
33252,1398694027.757748,[]
33253,1398694027.7633379,[]
33254,1398694027.8017235,[]
33255,1398694027.841679,[]
33256,1398694027.8417094,[]
33257,1398694027.8818398,[]
33258,1398694027.888101,[]
33259,1398694027.925625,[]
33260,1398694027.965658,[]
33261,1398694027.9656944,[]
33262,1398694028.0057397,[]
33263,1398694028.012213,[]
33264,1398694028.049792,[]
33265,1398694028.089623,[]
33266,1398694028.0896354,[]
33267,1398694028.129739,[]
33268,1398694028.1375828,[]
33269,1398694028.1736844,[]
33270,1398694028.2137365,[]
33271,1398694028.2138014,[]
33272,1398694028.2537217,[]
33273,1398694028.2622852,[]
33274,1398694028.301728,[]
33275,1398694028.3417115,[]
33276,1398694028.3417394,[]
33277,1398694028.38177,[]
33278,1398694028.3862472,[]
33279,1398694028.4256713,[]
33280,1398694028.4656835,[]
33281,1398694028.4657145,[]
33282,1398694028.5057147,[]
33283,1398694028.5108888,[]
33284,1398694028.5498006,[]
33285,1398694028.5896854,[]
33286,1398694028.5897155,[]
33287,1398694028.6297057,[]
33288,1398694028.6358948,[]
33289,1398694028.6776989,[]
33290,1398694028.7176702,[]
33291,1398694028.7177,[]
33292,1398694028.7577014,[]
33293,1398694028.7602644,[]
33294,1398694028.797712,[]
33295,1398694028.8377118,[]
33296,1398694028.837743,[]
33297,1398694028.877729,[]
33298,1398694028.8852663,[]
33299,1398694028.9217322,[]
33300,1398694028.9616683,[]
33301,1398694028.9617403,[]
33302,1398694029.0016994,[]
33303,1398694029.0093777,[]
33304,1398694029.0457497,[]
33305,1398694029.0857384,[]
33306,1398694029.0858107,[]
33307,1398694029.1257365,[]
33308,1398694029.1346657,[]
33309,1398694029.1736887,[]
33310,1398694029.2136745,[]
33311,1398694029.2137053,[]
33312,1398694029.253745,[]
33313,1398694029.2593184,[]
33314,1398694029.2976627,[]
33315,1398694029.337727,[]
33316,1398694029.3377578,[]
33317,1398694029.3777328,[]
33318,1398694029.3831348,[]
33319,1398694029.4217327,[]
33320,1398694029.4622152,[]
33321,1398694029.4622343,[]
33322,1398694029.5016906,[]
33323,1398694029.507813,[]
33324,1398694029.5458179,[]
33325,1398694029.5856905,[]
33326,1398694029.585726,[]
33327,1398694029.6257012,[]
33328,1398694029.632143,[]
33329,1398694029.6697373,[]
33330,1398694029.7097785,[]
33331,1398694029.709813,[]
33332,1398694029.7497323,[]
33333,1398694029.7577784,[]
33334,1398694029.7977016,[]
33335,1398694029.837688,[]
33336,1398694029.8377442,[]
33337,1398694029.8776782,[]
33338,1398694029.8816762,[]
33339,1398694029.9217174,[]
33340,1398694029.96171,[]
33341,1398694029.9617412,[]
33342,1398694030.0017877,[]
33343,1398694030.0119488,[]
33344,1398694030.0497377,[]
33345,1398694030.0896509,[]
33346,1398694030.08967,[]
33347,1398694030.1296873,[]
33348,1398694030.1338463,[]
33349,1398694030.173708,[]
33350,1398694030.2136912,[]
33351,1398694030.213729,[]
33352,1398694030.2537105,[]
33353,1398694030.2553952,[]
33354,1398694030.2937195,[]
33355,1398694030.3337257,[]
33356,1398694030.3337717,[]
33357,1398694030.3738678,[]
33358,1398694030.3817184,[]
33359,1398694030.4216976,[]
33360,1398694030.461736,[]
33361,1398694030.4617684,[]
33362,1398694030.5017672,[]
33363,1398694030.5050232,[]
33364,1398694030.541693,[]
33365,1398694030.581791,[]
33366,1398694030.5818224,[]
33367,1398694030.6217773,[]
33368,1398694030.6303866,[]
33369,1398694030.6696908,[]
33370,1398694030.709749,[]
33371,1398694030.7098014,[]
33372,1398694030.749723,[]
33373,1398694030.7543535,[]
33374,1398694030.7977319,[]
33375,1398694030.8378274,[]
33376,1398694030.8379316,[]
33377,1398694030.8776882,[]
33378,1398694030.87928,[]
33379,1398694030.9176555,[]
33380,1398694030.957719,[]
33381,1398694030.9578912,[]
33382,1398694030.9976883,[]
33383,1398694031.0031197,[]
33384,1398694031.0417056,[]
33385,1398694031.0817797,[]
33386,1398694031.081831,[]
33387,1398694031.1217444,[]
33388,1398694031.1279876,[]
33389,1398694031.1657164,[]
33390,1398694031.20573,[]
33391,1398694031.2057574,[]
33392,1398694031.2457511,[]
33393,1398694031.2541153,[]
33394,1398694031.2936993,[]
33395,1398694031.3337605,[]
33396,1398694031.3337834,[]
33397,1398694031.373696,[]
33398,1398694031.377614,[]
33399,1398694031.4137163,[]
33400,1398694031.4536886,[]
33401,1398694031.4537482,[]
33402,1398694031.4936996,[]
33403,1398694031.5022674,[]
33404,1398694031.541728,[]
33405,1398694031.5817509,[]
33406,1398694031.581837,[]
33407,1398694031.6216915,[]
33408,1398694031.6273248,[]
33409,1398694031.6656663,[]
33410,1398694031.705822,[]
33411,1398694031.7059197,[]
33412,1398694031.7457025,[]
33413,1398694031.7514162,[]
33414,1398694031.7896774,[]
33415,1398694031.829708,[]
33416,1398694031.82974,[]
33417,1398694031.8697186,[]
33418,1398694031.8758957,[]
33419,1398694031.913749,[]
33420,1398694031.9536831,[]
33421,1398694031.9537125,[]
33422,1398694031.9937844,[]
33423,1398694032.0004547,[]
33424,1398694032.0377407,[]
33425,1398694032.077735,[]
33426,1398694032.0777552,[]
33427,1398694032.11769,[]
33428,1398694032.1245103,[]
33429,1398694032.1616466,[]
33430,1398694032.2017179,[]
33431,1398694032.2017508,[]
33432,1398694032.2417197,[]
33433,1398694032.2504208,[]
33434,1398694032.289671,[]
33435,1398694032.32967,[]
33436,1398694032.3297038,[]
33437,1398694032.3699079,[]
33438,1398694032.374483,[]
33439,1398694032.4137206,[]
33440,1398694032.453715,[]
33441,1398694032.4539149,[]
33442,1398694032.4936833,[]
33443,1398694032.499147,[]
33444,1398694032.5376945,[]
33445,1398694032.577721,[]
33446,1398694032.577751,[]
33447,1398694032.6177118,[]
33448,1398694032.6243508,[]
33449,1398694032.6616313,[]
33450,1398694032.7017214,[]
33451,1398694032.7017522,[]
33452,1398694032.7417448,[]
33453,1398694032.7482753,[]
33454,1398694032.7857096,[]
33455,1398694032.8257189,[]
33456,1398694032.8257513,[]
33457,1398694032.8656921,[]
33458,1398694032.873143,[]
33459,1398694032.9096928,[]
33460,1398694032.949682,[]
33461,1398694032.949711,[]
33462,1398694032.9897053,[]
33463,1398694032.998369,[]
33464,1398694033.0377486,[]
33465,1398694033.0776842,[]
33466,1398694033.0777164,[]
33467,1398694033.117751,[]
33468,1398694033.1218896,[]
33469,1398694033.1616898,[]
33470,1398694033.2016938,[]
33471,1398694033.2017224,[]
33472,1398694033.2417417,[]
33473,1398694033.2475662,[]
33474,1398694033.2856545,[]
33475,1398694033.3256686,[]
33476,1398694033.3257012,[]
33477,1398694033.3657434,[]
33478,1398694033.3720627,[]
33479,1398694033.4096398,[]
33480,1398694033.4496696,[]
33481,1398694033.4497025,[]
33482,1398694033.4896467,[]
33483,1398694033.4964504,[]
33484,1398694033.5337372,[]
33485,1398694033.5736425,[]
33486,1398694033.573674,[]
33487,1398694033.6137161,[]
33488,1398694033.6214256,[]
33489,1398694033.6576393,[]
33490,1398694033.6977172,[]
33491,1398694033.697757,[]
33492,1398694033.7377186,[]
33493,1398694033.7458422,[]
33494,1398694033.785698,[]
33495,1398694033.8257225,[]
33496,1398694033.8257513,[]
33497,1398694033.8656542,[]
33498,1398694033.8712604,[]
33499,1398694033.909699,[]
33500,1398694033.9496706,[]
33501,1398694033.9497025,[]
33502,1398694033.9896815,[]
33503,1398694033.995253,[]
33504,1398694034.0337062,[]
33505,1398694034.073713,[]
33506,1398694034.0737467,[]
33507,1398694034.1136172,[]
33508,1398694034.1199915,[]
33509,1398694034.1576605,[]
33510,1398694034.1977007,[]
33511,1398694034.1977317,[]
33512,1398694034.2377703,[]
33513,1398694034.244403,[]
33514,1398694034.2817416,[]
33515,1398694034.3217027,[]
33516,1398694034.3217332,[]
33517,1398694034.361746,[]
33518,1398694034.3684216,[]
33519,1398694034.4057703,[]
33520,1398694034.445667,[]
33521,1398694034.4456959,[]
33522,1398694034.4856503,[]
33523,1398694034.4926372,[]
33524,1398694034.5297267,[]
33525,1398694034.569821,[]
33526,1398694034.5698447,[]
33527,1398694034.6097126,[]
33528,1398694034.6183925,[]
33529,1398694034.657688,[]
33530,1398694034.6976867,[{'idp': 36, 'x': 1.273, 'y': -9.624, 'r': 0.4, 'type': 1}]
33531,1398694034.6977162,[{'idp': 36, 'x': 1.42, 'y': -9.605, 'r': 0.4, 'type': 1}]
33532,1398694034.7376912,[{'idp': 36, 'x': 1.476, 'y': -9.592, 'r': 0.4, 'type': 1}]
33533,1398694034.7424552,[{'idp': 36, 'x': 1.534, 'y': -9.556, 'r': 0.4, 'type': 1}]
33534,1398694034.781746,[{'idp': 36, 'x': 1.532, 'y': -9.544, 'r': 0.4, 'type': 1}]
33535,1398694034.8217397,[{'idp': 36, 'x': 1.488, 'y': -9.532, 'r': 0.4, 'type': 1}]
33536,1398694034.8217733,[{'idp': 36, 'x': 1.427, 'y': -9.55, 'r': 0.4, 'type': 1}]
33537,1398694034.8616512,[{'idp': 36, 'x': 1.405, 'y': -9.549, 'r': 0.4, 'type': 1}]
33538,1398694034.8663225,[{'idp': 36, 'x': 1.408, 'y': -9.571, 'r': 0.4, 'type': 1}]
33539,1398694034.9056916,[{'idp': 36, 'x': 1.447, 'y': -9.543, 'r': 0.4, 'type': 1}]
33540,1398694034.945651,[{'idp': 36, 'x': 1.45, 'y': -9.56, 'r': 0.4, 'type': 1}]
33541,1398694034.9456806,[{'idp': 36, 'x': 1.428, 'y': -9.562, 'r': 0.4, 'type': 1}]
33542,1398694034.985699,[{'idp': 36, 'x': 1.404, 'y': -9.543, 'r': 0.4, 'type': 1}]
33543,1398694034.9912622,[{'idp': 36, 'x': 1.404, 'y': -9.543, 'r': 0.4, 'type': 1}]
33544,1398694035.029755,[{'idp': 36, 'x': 1.382, 'y': -9.54, 'r': 0.4, 'type': 1}]
33545,1398694035.0697222,[{'idp': 36, 'x': 1.383, 'y': -9.547, 'r': 0.4, 'type': 1}]
33546,1398694035.069755,[{'idp': 36, 'x': 1.381, 'y': -9.533, 'r': 0.4, 'type': 1}]
33547,1398694035.1096666,[{'idp': 36, 'x': 1.339, 'y': -9.531, 'r': 0.4, 'type': 1}]
33548,1398694035.1167793,[{'idp': 36, 'x': 1.297, 'y': -9.54, 'r': 0.4, 'type': 1}]
33549,1398694035.153643,[{'idp': 36, 'x': 1.258, 'y': -9.561, 'r': 0.4, 'type': 1}]
33550,1398694035.193671,[{'idp': 36, 'x': 1.259, 'y': -9.573, 'r': 0.4, 'type': 1}]
33551,1398694035.1936984,[{'idp': 36, 'x': 1.282, 'y': -9.579, 'r': 0.4, 'type': 1}]
33552,1398694035.2336862,[{'idp': 36, 'x': 1.283, 'y': -9.592, 'r': 0.4, 'type': 1}]
33553,1398694035.2407184,[{'idp': 36, 'x': 1.283, 'y': -9.587, 'r': 0.4, 'type': 1}]
33554,1398694035.2776568,[{'idp': 36, 'x': 1.28, 'y': -9.571, 'r': 0.4, 'type': 1}]
33555,1398694035.3177235,[{'idp': 36, 'x': 1.26, 'y': -9.577, 'r': 0.4, 'type': 1}]
33556,1398694035.31775,[{'idp': 36, 'x': 1.279, 'y': -9.559, 'r': 0.4, 'type': 1}]
33557,1398694035.3576717,[{'idp': 36, 'x': 1.303, 'y': -9.576, 'r': 0.4, 'type': 1}]
33558,1398694035.3650358,[{'idp': 36, 'x': 1.302, 'y': -9.571, 'r': 0.4, 'type': 1}]
33559,1398694035.4017327,[{'idp': 36, 'x': 1.238, 'y': -9.575, 'r': 0.4, 'type': 1}]
33560,1398694035.4416897,[{'idp': 36, 'x': 1.196, 'y': -9.577, 'r': 0.4, 'type': 1}]
33561,1398694035.4417243,[{'idp': 36, 'x': 1.173, 'y': -9.564, 'r': 0.4, 'type': 1}]
33562,1398694035.4817362,[{'idp': 36, 'x': 1.156, 'y': -9.594, 'r': 0.4, 'type': 1}]
33563,1398694035.4904134,[{'idp': 36, 'x': 1.216, 'y': -9.564, 'r': 0.4, 'type': 1}]
33564,1398694035.5296757,[{'idp': 36, 'x': 1.236, 'y': -9.552, 'r': 0.4, 'type': 1}]
33565,1398694035.5696616,[{'idp': 36, 'x': 1.195, 'y': -9.564, 'r': 0.4, 'type': 1}]
33566,1398694035.5696902,[{'idp': 36, 'x': 1.191, 'y': -9.532, 'r': 0.4, 'type': 1}]
33567,1398694035.609705,[{'idp': 36, 'x': 1.111, 'y': -9.568, 'r': 0.4, 'type': 1}]
33568,1398694035.6143107,[{'idp': 36, 'x': 1.149, 'y': -9.534, 'r': 0.4, 'type': 1}]
33569,1398694035.6537783,[{'idp': 36, 'x': 1.151, 'y': -9.549, 'r': 0.4, 'type': 1}]
33570,1398694035.693705,[{'idp': 36, 'x': 1.211, 'y': -9.528, 'r': 0.4, 'type': 1}]
33571,1398694035.693745,[{'idp': 36, 'x': 1.148, 'y': -9.529, 'r': 0.4, 'type': 1}]
33572,1398694035.7336876,[{'idp': 36, 'x': 1.086, 'y': -9.539, 'r': 0.4, 'type': 1}]
33573,1398694035.7392642,[{'idp': 36, 'x': 1.066, 'y': -9.547, 'r': 0.4, 'type': 1}]
33574,1398694035.7776372,[{'idp': 36, 'x': 1.065, 'y': -9.54, 'r': 0.4, 'type': 1}]
33575,1398694035.8176768,[{'idp': 36, 'x': 1.069, 'y': -9.577, 'r': 0.4, 'type': 1}]
33576,1398694035.8177075,[{'idp': 36, 'x': 1.069, 'y': -9.571, 'r': 0.4, 'type': 1}]
33577,1398694035.8577209,[{'idp': 36, 'x': 1.068, 'y': -9.566, 'r': 0.4, 'type': 1}]
33578,1398694035.863578,[{'idp': 36, 'x': 1.025, 'y': -9.558, 'r': 0.4, 'type': 1}]
33579,1398694035.901734,[{'idp': 36, 'x': 0.983, 'y': -9.56, 'r': 0.4, 'type': 1}]
33580,1398694035.9416916,[{'idp': 36, 'x': 0.983, 'y': -9.56, 'r': 0.4, 'type': 1}]
33581,1398694035.941729,[{'idp': 36, 'x': 1.025, 'y': -9.559, 'r': 0.4, 'type': 1}]
33582,1398694035.9816718,[{'idp': 36, 'x': 1.023, 'y': -9.541, 'r': 0.4, 'type': 1}]
33583,1398694035.9882445,[{'idp': 36, 'x': 0.983, 'y': -9.561, 'r': 0.4, 'type': 1}]
33584,1398694036.0257573,[{'idp': 36, 'x': 0.9, 'y': -9.57, 'r': 0.4, 'type': 1}]
33585,1398694036.0656412,[{'idp': 36, 'x': 0.919, 'y': -9.551, 'r': 0.4, 'type': 1}]
33586,1398694036.0656674,[{'idp': 36, 'x': 0.941, 'y': -9.557, 'r': 0.4, 'type': 1}]
33587,1398694036.105644,[{'idp': 36, 'x': 0.981, 'y': -9.543, 'r': 0.4, 'type': 1}]
33588,1398694036.1259215,[{'idp': 36, 'x': 0.938, 'y': -9.535, 'r': 0.4, 'type': 1}]
33589,1398694036.1657171,[{'idp': 36, 'x': 0.856, 'y': -9.555, 'r': 0.4, 'type': 1}]
33590,1398694036.1657488,[{'idp': 36, 'x': 0.753, 'y': -9.572, 'r': 0.4, 'type': 1}]
33591,1398694036.205718,[{'idp': 36, 'x': 0.773, 'y': -9.565, 'r': 0.4, 'type': 1}]
33592,1398694036.2126336,[{'idp': 36, 'x': 0.815, 'y': -9.569, 'r': 0.4, 'type': 1}]
33593,1398694036.2496858,[{'idp': 36, 'x': 0.858, 'y': -9.572, 'r': 0.4, 'type': 1}]
33594,1398694036.2896962,[{'idp': 36, 'x': 0.855, 'y': -9.547, 'r': 0.4, 'type': 1}]
33595,1398694036.2897239,[{'idp': 36, 'x': 0.793, 'y': -9.549, 'r': 0.4, 'type': 1}]
33596,1398694036.3296556,[{'idp': 36, 'x': 0.73, 'y': -9.554, 'r': 0.4, 'type': 1}]
33597,1398694036.3369968,[{'idp': 36, 'x': 0.73, 'y': -9.546, 'r': 0.4, 'type': 1}]
33598,1398694036.373671,[{'idp': 36, 'x': 0.751, 'y': -9.55, 'r': 0.4, 'type': 1}]
33599,1398694036.413683,[{'idp': 36, 'x': 0.772, 'y': -9.55, 'r': 0.4, 'type': 1}]
33600,1398694036.4137108,[{'idp': 36, 'x': 0.732, 'y': -9.574, 'r': 0.4, 'type': 1}]
33601,1398694036.4536843,[{'idp': 36, 'x': 0.689, 'y': -9.571, 'r': 0.4, 'type': 1}]
33602,1398694036.462132,[{'idp': 36, 'x': 0.69, 'y': -9.577, 'r': 0.4, 'type': 1}]
33603,1398694036.5017323,[{'idp': 36, 'x': 0.731, 'y': -9.573, 'r': 0.4, 'type': 1}]
33604,1398694036.541711,[{'idp': 36, 'x': 0.771, 'y': -9.543, 'r': 0.4, 'type': 1}]
33605,1398694036.5417364,[{'idp': 36, 'x': 0.771, 'y': -9.541, 'r': 0.4, 'type': 1}]
33606,1398694036.5817099,[{'idp': 36, 'x': 0.709, 'y': -9.544, 'r': 0.4, 'type': 1}]
33607,1398694036.5864449,[{'idp': 36, 'x': 0.646, 'y': -9.55, 'r': 0.4, 'type': 1}]
33608,1398694036.6257064,[{'idp': 36, 'x': 0.666, 'y': -9.536, 'r': 0.4, 'type': 1}]
33609,1398694036.6656566,[{'idp': 36, 'x': 0.687, 'y': -9.531, 'r': 0.4, 'type': 1}]
33610,1398694036.6656902,[{'idp': 36, 'x': 0.728, 'y': -9.531, 'r': 0.4, 'type': 1}]
33611,1398694036.7056768,[{'idp': 36, 'x': 0.707, 'y': -9.531, 'r': 0.4, 'type': 1}]
33612,1398694036.711025,[{'idp': 36, 'x': 0.645, 'y': -9.535, 'r': 0.4, 'type': 1}]
33613,1398694036.7496858,[{'idp': 36, 'x': 0.604, 'y': -9.542, 'r': 0.4, 'type': 1}]
33614,1398694036.7896683,[{'idp': 36, 'x': 0.583, 'y': -9.537, 'r': 0.4, 'type': 1}]
33615,1398694036.7897015,[{'idp': 36, 'x': 0.603, 'y': -9.541, 'r': 0.4, 'type': 1}]
33616,1398694036.8297572,[{'idp': 36, 'x': 0.625, 'y': -9.547, 'r': 0.4, 'type': 1}]
33617,1398694036.8355103,[{'idp': 36, 'x': 0.645, 'y': -9.535, 'r': 0.4, 'type': 1}]
33618,1398694036.8736796,[{'idp': 36, 'x': 0.603, 'y': -9.536, 'r': 0.4, 'type': 1}]
33619,1398694036.913699,[{'idp': 36, 'x': 0.603, 'y': -9.528, 'r': 0.4, 'type': 1}]
33620,1398694036.9137313,[{'idp': 36, 'x': 0.603, 'y': -9.528, 'r': 0.4, 'type': 1}]
33621,1398694036.9536526,[{'idp': 36, 'x': 0.602, 'y': -9.524, 'r': 0.4, 'type': 1}]
33622,1398694036.9602962,[{'idp': 36, 'x': 0.582, 'y': -9.533, 'r': 0.4, 'type': 1}]
33623,1398694036.997726,[{'idp': 36, 'x': 0.54, 'y': -9.528, 'r': 0.4, 'type': 1}]
33624,1398694037.0376496,[{'idp': 36, 'x': 0.499, 'y': -9.532, 'r': 0.4, 'type': 1}]
33625,1398694037.0376694,[{'idp': 36, 'x': 0.499, 'y': -9.541, 'r': 0.4, 'type': 1}]
33626,1398694037.0776978,[{'idp': 36, 'x': 0.541, 'y': -9.544, 'r': 0.4, 'type': 1}]
33627,1398694037.0854156,[{'idp': 36, 'x': 0.584, 'y': -9.557, 'r': 0.4, 'type': 1}]
33628,1398694037.1216717,[{'idp': 36, 'x': 0.562, 'y': -9.542, 'r': 0.4, 'type': 1}]
33629,1398694037.1616373,[{'idp': 36, 'x': 0.54, 'y': -9.53, 'r': 0.4, 'type': 1}]
33630,1398694037.1616647,[{'idp': 36, 'x': 0.458, 'y': -9.542, 'r': 0.4, 'type': 1}]
33631,1398694037.2017257,[{'idp': 36, 'x': 0.415, 'y': -9.539, 'r': 0.4, 'type': 1}]
33632,1398694037.209286,[{'idp': 36, 'x': 0.436, 'y': -9.532, 'r': 0.4, 'type': 1}]
33633,1398694037.2458076,[{'idp': 36, 'x': 0.458, 'y': -9.554, 'r': 0.4, 'type': 1}]
33634,1398694037.2857058,[{'idp': 36, 'x': 0.438, 'y': -9.579, 'r': 0.4, 'type': 1}]
33635,1398694037.2857292,[{'idp': 36, 'x': 0.458, 'y': -9.549, 'r': 0.4, 'type': 1}]
33636,1398694037.3257506,[{'idp': 36, 'x': 0.417, 'y': -9.577, 'r': 0.4, 'type': 1}]
33637,1398694037.3341098,[{'idp': 36, 'x': 0.375, 'y': -9.568, 'r': 0.4, 'type': 1}]
33638,1398694037.3736837,[{'idp': 36, 'x': 0.355, 'y': -9.582, 'r': 0.4, 'type': 1}]
33639,1398694037.4136808,[{'idp': 36, 'x': 0.334, 'y': -9.591, 'r': 0.4, 'type': 1}]
33640,1398694037.4137104,[{'idp': 36, 'x': 0.27, 'y': -9.568, 'r': 0.4, 'type': 1}]
33641,1398694037.453683,[{'idp': 36, 'x': 0.208, 'y': -9.581, 'r': 0.4, 'type': 1}]
33642,1398694037.4585648,[{'idp': 36, 'x': 0.167, 'y': -9.59, 'r': 0.4, 'type': 1}]
33643,1398694037.4976554,[{'idp': 36, 'x': 0.125, 'y': -9.588, 'r': 0.4, 'type': 1}]
33644,1398694037.5376995,[{'idp': 36, 'x': 0.124, 'y': -9.551, 'r': 0.4, 'type': 1}]
33645,1398694037.5377283,[{'idp': 36, 'x': 0.083, 'y': -9.544, 'r': 0.4, 'type': 1}]
33646,1398694037.5776703,[{'idp': 36, 'x': 0.041, 'y': -9.481, 'r': 0.4, 'type': 1}]
33647,1398694037.583744,[{'idp': 36, 'x': -0.0, 'y': -9.523, 'r': 0.4, 'type': 1}]
33648,1398694037.6217682,[{'idp': 36, 'x': -0.0, 'y': -9.523, 'r': 0.4, 'type': 1}]
33649,1398694037.6619349,[{'idp': 36, 'x': -0.0, 'y': -9.523, 'r': 0.4, 'type': 1}]
33650,1398694037.6619666,[{'idp': 36, 'x': -0.0, 'y': -9.523, 'r': 0.4, 'type': 1}]
33651,1398694037.7017694,[{'idp': 36, 'x': -0.0, 'y': -9.523, 'r': 0.4, 'type': 1}]
33652,1398694037.707969,[]
33653,1398694037.7457306,[]
33654,1398694037.7857034,[]
33655,1398694037.785725,[]
33656,1398694037.8257835,[]
33657,1398694037.832658,[]
33658,1398694037.8697546,[]
33659,1398694037.9099936,[]
33660,1398694037.910049,[]
33661,1398694037.9497993,[]
33662,1398694037.9577897,[]
33663,1398694037.997657,[]
33664,1398694038.0376515,[]
33665,1398694038.0376832,[]
33666,1398694038.0776868,[]
33667,1398694038.0823517,[]
33668,1398694038.1217332,[]
33669,1398694038.1616507,[]
33670,1398694038.1616695,[]
33671,1398694038.2017682,[]
33672,1398694038.2082596,[]
33673,1398694038.245777,[]
33674,1398694038.2856832,[]
33675,1398694038.285715,[]
33676,1398694038.325752,[]
33677,1398694038.3326464,[]
33678,1398694038.3696678,[]
33679,1398694038.4096942,[]
33680,1398694038.4097276,[]
33681,1398694038.4496846,[]
33682,1398694038.4579802,[]
33683,1398694038.4977016,[]
33684,1398694038.5376623,[]
33685,1398694038.5376809,[]
33686,1398694038.5777566,[]
33687,1398694038.583599,[]
33688,1398694038.6217787,[]
33689,1398694038.6616943,[]
33690,1398694038.6617405,[]
33691,1398694038.701706,[]
33692,1398694038.708081,[]
33693,1398694038.7457123,[]
33694,1398694038.7856903,[]
33695,1398694038.7858465,[]
33696,1398694038.8256586,[]
33697,1398694038.8322735,[]
33698,1398694038.8697052,[]
33699,1398694038.9097474,[]
33700,1398694038.909778,[]
33701,1398694038.9497168,[]
33702,1398694038.957273,[]
33703,1398694038.9937081,[]
33704,1398694039.0337536,[]
33705,1398694039.033785,[]
33706,1398694039.0736885,[]
33707,1398694039.0817611,[]
33708,1398694039.1217318,[]
33709,1398694039.1617398,[]
33710,1398694039.16177,[]
33711,1398694039.201704,[]
33712,1398694039.206387,[]
33713,1398694039.2457745,[]
33714,1398694039.285678,[]
33715,1398694039.2857094,[]
33716,1398694039.3256702,[]
33717,1398694039.331021,[]
33718,1398694039.369641,[]
33719,1398694039.4096591,[]
33720,1398694039.4096901,[]
33721,1398694039.4496636,[]
33722,1398694039.4553986,[]
33723,1398694039.493707,[]
33724,1398694039.5336561,[]
33725,1398694039.5336926,[]
33726,1398694039.5737414,[]
33727,1398694039.5802464,[]
33728,1398694039.6177635,[]
33729,1398694039.657667,[]
33730,1398694039.6576977,[]
33731,1398694039.6978123,[]
33732,1398694039.7047102,[]
33733,1398694039.741717,[]
33734,1398694039.781711,[]
33735,1398694039.781744,[]
33736,1398694039.8218293,[]
33737,1398694039.829272,[]
33738,1398694039.865679,[]
33739,1398694039.9056413,[]
33740,1398694039.9056606,[]
33741,1398694039.9457622,[]
33742,1398694039.9537923,[]
33743,1398694039.9936812,[]
33744,1398694040.033727,[]
33745,1398694040.0337555,[]
33746,1398694040.073657,[]
33747,1398694040.0781674,[]
33748,1398694040.117739,[]
33749,1398694040.157745,[]
33750,1398694040.1577914,[]
33751,1398694040.1977315,[]
33752,1398694040.2021258,[]
33753,1398694040.2417266,[]
33754,1398694040.2817042,[]
33755,1398694040.2817369,[]
33756,1398694040.3217666,[]
33757,1398694040.3267748,[]
33758,1398694040.3656905,[]
33759,1398694040.4057155,[]
33760,1398694040.4057477,[]
33761,1398694040.445762,[]
33762,1398694040.4510067,[]
33763,1398694040.4897301,[]
33764,1398694040.529718,[]
33765,1398694040.5297487,[]
33766,1398694040.5697117,[]
33767,1398694040.5746686,[]
33768,1398694040.6137652,[]
33769,1398694040.6536508,[]
33770,1398694040.6536763,[]
33771,1398694040.693698,[]
33772,1398694040.700027,[]
33773,1398694040.7376418,[]
33774,1398694040.7777772,[]
33775,1398694040.7778127,[]
33776,1398694040.8176682,[]
33777,1398694040.8247316,[]
33778,1398694040.861619,[]
33779,1398694040.9017115,[]
33780,1398694040.9017448,[]
33781,1398694040.9417837,[]
33782,1398694040.9495885,[]
33783,1398694040.9857662,[]
33784,1398694041.0257118,[]
33785,1398694041.0257335,[]
33786,1398694041.065745,[]
33787,1398694041.0739102,[]
33788,1398694041.1137252,[]
33789,1398694041.1536608,[]
33790,1398694041.15369,[]
33791,1398694041.1937284,[]
33792,1398694041.1986516,[]
33793,1398694041.2377298,[]
33794,1398694041.2776904,[]
33795,1398694041.2777207,[]
33796,1398694041.3177598,[]
33797,1398694041.3230972,[]
33798,1398694041.36167,[]
33799,1398694041.4016914,[]
33800,1398694041.4017215,[]
33801,1398694041.4417443,[]
33802,1398694041.4483082,[]
33803,1398694041.4857457,[]
33804,1398694041.5256786,[]
33805,1398694041.5257142,[]
33806,1398694041.5656857,[]
33807,1398694041.5724277,[]
33808,1398694041.609691,[]
33809,1398694041.6497064,[]
33810,1398694041.6497407,[]
33811,1398694041.6936877,[]
33812,1398694041.6958895,[]
33813,1398694041.7337267,[]
33814,1398694041.7736862,[]
33815,1398694041.7737138,[]
33816,1398694041.8136802,[]
33817,1398694041.8204744,[]
33818,1398694041.857688,[]
33819,1398694041.8976667,[]
33820,1398694041.8976943,[]
33821,1398694041.937748,[]
33822,1398694041.9471912,[]
33823,1398694041.9856925,[]
33824,1398694042.0257254,[]
33825,1398694042.025755,[]
33826,1398694042.0656908,[]
33827,1398694042.0703914,[]
33828,1398694042.109691,[]
33829,1398694042.1497378,[]
33830,1398694042.1497707,[]
33831,1398694042.1897202,[]
33832,1398694042.1948214,[]
33833,1398694042.2337124,[]
33834,1398694042.2736502,[]
33835,1398694042.273677,[]
33836,1398694042.313686,[]
33837,1398694042.3195727,[]
33838,1398694042.3577042,[]
33839,1398694042.397659,[]
33840,1398694042.3976908,[]
33841,1398694042.437715,[]
33842,1398694042.4437697,[]
33843,1398694042.4817078,[]
33844,1398694042.5216272,[]
33845,1398694042.5216548,[]
33846,1398694042.5616696,[]
33847,1398694042.5681996,[]
33848,1398694042.6057024,[]
33849,1398694042.645688,[]
33850,1398694042.6457195,[]
33851,1398694042.6857297,[]
33852,1398694042.6933343,[]
33853,1398694042.7297137,[]
33854,1398694042.7697222,[]
33855,1398694042.769785,[]
33856,1398694042.8097026,[]
33857,1398694042.8173952,[]
33858,1398694042.853657,[]
33859,1398694042.8936465,[]
33860,1398694042.8936756,[]
33861,1398694042.9337506,[]
33862,1398694042.9458525,[]
33863,1398694042.985669,[]
33864,1398694043.0258498,[]
33865,1398694043.0258725,[]
33866,1398694043.0656378,[]
33867,1398694043.0671535,[]
33868,1398694043.1057303,[]
33869,1398694043.1456504,[]
33870,1398694043.145679,[]
33871,1398694043.1856992,[]
33872,1398694043.1911476,[]
33873,1398694043.2297013,[]
33874,1398694043.269678,[]
33875,1398694043.2697096,[]
33876,1398694043.3096733,[]
33877,1398694043.316655,[]
33878,1398694043.3536515,[]
33879,1398694043.3937047,[]
33880,1398694043.3937345,[]
33881,1398694043.4337313,[]
33882,1398694043.4410279,[]
33883,1398694043.4777365,[]
33884,1398694043.5177407,[]
33885,1398694043.5177722,[]
33886,1398694043.5577319,[]
33887,1398694043.5652802,[]
33888,1398694043.601671,[]
33889,1398694043.6417186,[]
33890,1398694043.6417515,[]
33891,1398694043.681704,[]
33892,1398694043.69035,[]
33893,1398694043.7297478,[]
33894,1398694043.7697012,[]
33895,1398694043.7697437,[]
33896,1398694043.8096924,[]
33897,1398694043.8151057,[]
33898,1398694043.8536701,[]
33899,1398694043.8936474,[]
33900,1398694043.8936772,[]
33901,1398694043.9337971,[]
33902,1398694043.9395447,[]
33903,1398694043.9776778,[]
33904,1398694044.0177453,[]
33905,1398694044.0177743,[]
33906,1398694044.057693,[]
33907,1398694044.064813,[]
33908,1398694044.101692,[]
33909,1398694044.1417243,[]
33910,1398694044.1417565,[]
33911,1398694044.1816995,[]
33912,1398694044.1896613,[]
33913,1398694044.2296836,[]
33914,1398694044.2697034,[]
33915,1398694044.2697363,[]
33916,1398694044.3097677,[]
33917,1398694044.3142602,[]
33918,1398694044.3537164,[]
33919,1398694044.393694,[]
33920,1398694044.3937228,[]
33921,1398694044.4337358,[]
33922,1398694044.438409,[]
33923,1398694044.4777067,[]
33924,1398694044.5176785,[]
33925,1398694044.5177088,[]
33926,1398694044.55771,[]
33927,1398694044.562348,[]
33928,1398694044.6017048,[]
33929,1398694044.6417391,[]
33930,1398694044.6417675,[]
33931,1398694044.681746,[]
33932,1398694044.6869004,[]
33933,1398694044.725725,[]
33934,1398694044.7657359,[]
33935,1398694044.7657666,[]
33936,1398694044.8058012,[]
33937,1398694044.8111973,[]
33938,1398694044.849653,[]
33939,1398694044.889677,[]
33940,1398694044.8897069,[]
33941,1398694044.929761,[]
33942,1398694044.9374027,[]
33943,1398694044.9736729,[]
33944,1398694045.0137305,[]
33945,1398694045.0137525,[]
33946,1398694045.0536845,[]
33947,1398694045.060704,[]
33948,1398694045.0976553,[]
33949,1398694045.1376975,[]
33950,1398694045.1377275,[]
33951,1398694045.1776764,[]
33952,1398694045.1864214,[]
33953,1398694045.2256594,[]
33954,1398694045.265683,[]
33955,1398694045.2657154,[]
33956,1398694045.3057632,[]
33957,1398694045.3110309,[]
33958,1398694045.3496714,[]
33959,1398694045.3896904,[]
33960,1398694045.3897197,[]
33961,1398694045.4296916,[]
33962,1398694045.4356468,[]
33963,1398694045.4737074,[]
33964,1398694045.5136771,[]
33965,1398694045.5137074,[]
33966,1398694045.5537453,[]
33967,1398694045.5595345,[]
33968,1398694045.5976324,[]
33969,1398694045.6377027,[]
33970,1398694045.6377337,[]
33971,1398694045.6777096,[]
33972,1398694045.6854498,[]
33973,1398694045.7217133,[]
33974,1398694045.7616925,[]
33975,1398694045.761726,[]
33976,1398694045.8017058,[]
33977,1398694045.809507,[]
33978,1398694045.8456848,[]
33979,1398694045.8856726,[]
33980,1398694045.8857055,[]
33981,1398694045.9257126,[]
33982,1398694045.9341786,[]
33983,1398694045.9736822,[]
33984,1398694046.0136995,[]
33985,1398694046.0137277,[]
33986,1398694046.0536966,[]
33987,1398694046.0590186,[]
33988,1398694046.0976436,[]
33989,1398694046.1376956,[]
33990,1398694046.137725,[]
33991,1398694046.1777236,[]
33992,1398694046.1835175,[]
33993,1398694046.2216651,[]
33994,1398694046.2617552,[]
33995,1398694046.2617872,[]
33996,1398694046.3016746,[]
33997,1398694046.308027,[]
33998,1398694046.3456514,[]
33999,1398694046.3857186,[]
34000,1398694046.3857489,[]
34001,1398694046.425699,[]
34002,1398694046.4320154,[]
34003,1398694046.469678,[]
34004,1398694046.5096822,[]
34005,1398694046.509714,[]
34006,1398694046.549755,[]
34007,1398694046.5561063,[]
34008,1398694046.5936892,[]
34009,1398694046.6337173,[]
34010,1398694046.633739,[]
34011,1398694046.6736944,[]
34012,1398694046.6810935,[]
34013,1398694046.7176926,[]
34014,1398694046.7577262,[]
34015,1398694046.7577736,[]
34016,1398694046.7977507,[]
34017,1398694046.8052804,[]
34018,1398694046.8416605,[]
34019,1398694046.8817227,[]
34020,1398694046.8818533,[]
34021,1398694046.921852,[]
34022,1398694046.9310641,[]
34023,1398694046.9696248,[]
34024,1398694047.009675,[]
34025,1398694047.0097103,[]
34026,1398694047.0497546,[]
34027,1398694047.0557497,[]
34028,1398694047.093646,[]
34029,1398694047.133718,[]
34030,1398694047.1337469,[]
34031,1398694047.1737025,[]
34032,1398694047.1807084,[]
34033,1398694047.2177355,[]
34034,1398694047.2578332,[]
34035,1398694047.2612875,[]
34036,1398694047.2976868,[]
34037,1398694047.305158,[]
34038,1398694047.3416622,[]
34039,1398694047.3817775,[]
34040,1398694047.3818114,[]
34041,1398694047.4217513,[]
34042,1398694047.4296665,[]
34043,1398694047.4696527,[]
34044,1398694047.5096962,[]
34045,1398694047.5097272,[]
34046,1398694047.5496912,[]
34047,1398694047.5542333,[]
34048,1398694047.5936797,[]
34049,1398694047.6337018,[]
34050,1398694047.6337333,[]
34051,1398694047.6736753,[]
34052,1398694047.6786506,[]
34053,1398694047.7176774,[]
34054,1398694047.7577164,[]
34055,1398694047.7577972,[]
34056,1398694047.7977915,[]
34057,1398694047.803407,[]
34058,1398694047.8416836,[]
34059,1398694047.8817184,[]
34060,1398694047.8818178,[]
34061,1398694047.921847,[]
34062,1398694047.9287138,[]
34063,1398694047.9656658,[]
34064,1398694048.00574,[]
34065,1398694048.005813,[]
34066,1398694048.0457833,[]
34067,1398694048.052669,[]
34068,1398694048.089664,[]
34069,1398694048.1296837,[]
34070,1398694048.1297238,[]
34071,1398694048.1697311,[]
34072,1398694048.1772907,[]
34073,1398694048.2136676,[]
34074,1398694048.2538338,[]
34075,1398694048.2539008,[]
34076,1398694048.293712,[]
34077,1398694048.301935,[]
34078,1398694048.3416998,[]
34079,1398694048.3817239,[]
34080,1398694048.3818288,[]
34081,1398694048.421775,[]
34082,1398694048.4269052,[]
34083,1398694048.4656696,[]
34084,1398694048.5057044,[]
34085,1398694048.5057244,[]
34086,1398694048.5457687,[]
34087,1398694048.5514362,[]
34088,1398694048.5896785,[]
34089,1398694048.6297116,[]
34090,1398694048.6297348,[]
34091,1398694048.6697822,[]
34092,1398694048.6768358,[]
34093,1398694048.713812,[]
34094,1398694048.7536924,[]
34095,1398694048.7537115,[]
34096,1398694048.7937264,[]
34097,1398694048.799576,[]
34098,1398694048.837663,[]
34099,1398694048.877735,[]
34100,1398694048.8777559,[]
34101,1398694048.91775,[]
34102,1398694048.9249125,[]
34103,1398694048.9616883,[]
34104,1398694049.0016723,[]
34105,1398694049.0016952,[]
34106,1398694049.0417833,[]
34107,1398694049.049387,[]
34108,1398694049.0857396,[]
34109,1398694049.1257327,[]
34110,1398694049.125773,[]
34111,1398694049.1657047,[]
34112,1398694049.1737044,[]
34113,1398694049.2136629,[]
34114,1398694049.2538347,[]
34115,1398694049.2538702,[]
34116,1398694049.2937298,[]
34117,1398694049.2989922,[]
34118,1398694049.3377228,[]
34119,1398694049.377728,[]
34120,1398694049.3778057,[]
34121,1398694049.4177763,[]
34122,1398694049.422656,[]
34123,1398694049.461706,[]
34124,1398694049.5017495,[]
34125,1398694049.501786,[]
34126,1398694049.5417469,[]
34127,1398694049.547275,[]
34128,1398694049.5857506,[]
34129,1398694049.6257534,[]
34130,1398694049.6257906,[]
34131,1398694049.6656692,[]
34132,1398694049.6715722,[]
34133,1398694049.7097301,[]
34134,1398694049.7497196,[]
34135,1398694049.7497592,[]
34136,1398694049.7897048,[]
34137,1398694049.7971575,[]
34138,1398694049.8337238,[]
34139,1398694049.8736782,[]
34140,1398694049.8737035,[]
34141,1398694049.9136896,[]
34142,1398694049.9214842,[]
34143,1398694049.9577627,[]
34144,1398694049.9976666,[]
34145,1398694049.9976974,[]
34146,1398694050.037656,[]
34147,1398694050.0456767,[]
34148,1398694050.0856917,[]
34149,1398694050.1257644,[]
34150,1398694050.126035,[]
34151,1398694050.1657395,[]
34152,1398694050.1705728,[]
34153,1398694050.2096677,[]
34154,1398694050.249769,[]
34155,1398694050.2498026,[]
34156,1398694050.28967,[]
34157,1398694050.2952833,[]
34158,1398694050.333705,[]
34159,1398694050.3736799,[]
34160,1398694050.3737113,[]
34161,1398694050.4138064,[]
34162,1398694050.4202006,[]
34163,1398694050.4577813,[]
34164,1398694050.4976573,[]
34165,1398694050.4976919,[]
34166,1398694050.5376775,[]
34167,1398694050.5442748,[]
34168,1398694050.5816994,[]
34169,1398694050.621794,[]
34170,1398694050.6218226,[]
34171,1398694050.6617076,[]
34172,1398694050.668717,[]
34173,1398694050.7057822,[]
34174,1398694050.7457175,[]
34175,1398694050.745749,[]
34176,1398694050.7896726,[]
34177,1398694050.7934742,[]
34178,1398694050.8297637,[]
34179,1398694050.8700802,[]
34180,1398694050.8701024,[]
34181,1398694050.9097812,[]
34182,1398694050.9183533,[]
34183,1398694050.9577994,[]
34184,1398694050.9976633,[]
34185,1398694050.9976935,[]
34186,1398694051.0376854,[]
34187,1398694051.0426114,[]
34188,1398694051.0817342,[]
34189,1398694051.1216629,[]
34190,1398694051.1216893,[]
34191,1398694051.1617098,[]
34192,1398694051.1668367,[]
34193,1398694051.2057827,[]
34194,1398694051.2458203,[]
34195,1398694051.245842,[]
34196,1398694051.2857616,[]
34197,1398694051.2922902,[]
34198,1398694051.3298388,[]
34199,1398694051.369693,[]
34200,1398694051.3697267,[]
34201,1398694051.4097354,[]
34202,1398694051.4172947,[]
34203,1398694051.4537387,[]
34204,1398694051.493668,[]
34205,1398694051.4936948,[]
34206,1398694051.5339339,[]
34207,1398694051.5414684,[]
34208,1398694051.577656,[]
34209,1398694051.6176562,[]
34210,1398694051.6176798,[]
34211,1398694051.6577096,[]
34212,1398694051.673839,[]
34213,1398694051.7136745,[]
34214,1398694051.7537196,[]
34215,1398694051.7537622,[]
34216,1398694051.7937167,[]
34217,1398694051.7937493,[]
34218,1398694051.8336387,[]
34219,1398694051.8402295,[]
34220,1398694051.8776727,[]
34221,1398694051.917699,[]
34222,1398694051.9177306,[]
34223,1398694051.957797,[]
34224,1398694051.9655557,[]
34225,1398694052.0017097,[]
34226,1398694052.0416708,[]
34227,1398694052.0416992,[]
34228,1398694052.0816994,[]
34229,1398694052.0896628,[]
34230,1398694052.129727,[]
34231,1398694052.1696754,[]
34232,1398694052.1697092,[]
34233,1398694052.209665,[]
34234,1398694052.2153769,[]
34235,1398694052.2536876,[]
34236,1398694052.293686,[]
34237,1398694052.2937424,[]
34238,1398694052.3336844,[]
34239,1398694052.3389544,[]
34240,1398694052.3776796,[]
34241,1398694052.4177146,[]
34242,1398694052.4177446,[]
34243,1398694052.4576738,[]
34244,1398694052.4640393,[]
34245,1398694052.5017388,[]
34246,1398694052.5416725,[]
34247,1398694052.541701,[]
34248,1398694052.581719,[]
34249,1398694052.5881748,[]
34250,1398694052.6256795,[]
34251,1398694052.665696,[]
34252,1398694052.6657288,[]
34253,1398694052.7057154,[]
34254,1398694052.7136586,[]
34255,1398694052.753699,[]
34256,1398694052.793687,[]
34257,1398694052.7937121,[]
34258,1398694052.8336587,[]
34259,1398694052.8376365,[]
34260,1398694052.8776817,[]
34261,1398694052.917741,[]
34262,1398694052.9177732,[]
34263,1398694052.9576752,[]
34264,1398694052.9632876,[]
34265,1398694053.0016966,[]
34266,1398694053.0417502,[]
34267,1398694053.0417793,[]
34268,1398694053.0817122,[]
34269,1398694053.088355,[{'idp': 37, 'x': 0.188, 'y': -1.065, 'r': 0.4, 'type': 1}]
34270,1398694053.1257336,[{'idp': 37, 'x': 0.165, 'y': -0.924, 'r': 0.4, 'type': 1}]
34271,1398694053.1656415,[{'idp': 37, 'x': 0.193, 'y': -0.971, 'r': 0.4, 'type': 1}]
34272,1398694053.1656663,[{'idp': 37, 'x': 0.218, 'y': -0.998, 'r': 0.4, 'type': 1}]
34273,1398694053.2057498,[{'idp': 37, 'x': 0.244, 'y': -1.023, 'r': 0.4, 'type': 1}]
34274,1398694053.2133834,[{'idp': 37, 'x': 0.273, 'y': -1.053, 'r': 0.4, 'type': 1}]
34275,1398694053.2497475,[{'idp': 37, 'x': 0.29, 'y': -1.062, 'r': 0.4, 'type': 1}]
34276,1398694053.2897065,[{'idp': 37, 'x': 0.304, 'y': -1.067, 'r': 0.4, 'type': 1}]
34277,1398694053.2897432,[{'idp': 37, 'x': 0.313, 'y': -1.073, 'r': 0.4, 'type': 1}]
34278,1398694053.3298101,[{'idp': 37, 'x': 0.327, 'y': -1.086, 'r': 0.4, 'type': 1}]
34279,1398694053.3382733,[{'idp': 37, 'x': 0.339, 'y': -1.087, 'r': 0.4, 'type': 1}]
34280,1398694053.3776956,[{'idp': 37, 'x': 0.35, 'y': -1.09, 'r': 0.4, 'type': 1}]
34281,1398694053.4177287,[{'idp': 37, 'x': 0.359, 'y': -1.095, 'r': 0.4, 'type': 1}]
34282,1398694053.4177592,[{'idp': 37, 'x': 0.355, 'y': -1.07, 'r': 0.4, 'type': 1}]
34283,1398694053.457698,[{'idp': 37, 'x': 0.293, 'y': -0.994, 'r': 0.4, 'type': 1}]
34284,1398694053.463361,[{'idp': 37, 'x': 0.334, 'y': -1.009, 'r': 0.4, 'type': 1}]
34285,1398694053.5017242,[{'idp': 37, 'x': 0.38, 'y': -1.038, 'r': 0.4, 'type': 1}]
34286,1398694053.5417314,[{'idp': 37, 'x': 0.421, 'y': -1.056, 'r': 0.4, 'type': 1}]
34287,1398694053.541768,[{'idp': 37, 'x': 0.466, 'y': -1.078, 'r': 0.4, 'type': 1}]
34288,1398694053.5816834,[{'idp': 37, 'x': 0.504, 'y': -1.089, 'r': 0.4, 'type': 1}]
34289,1398694053.5876763,[{'idp': 37, 'x': 0.552, 'y': -1.109, 'r': 0.4, 'type': 1}]
34290,1398694053.6257224,[{'idp': 37, 'x': 0.598, 'y': -1.133, 'r': 0.4, 'type': 1}]
34291,1398694053.665675,[{'idp': 37, 'x': 0.653, 'y': -1.194, 'r': 0.4, 'type': 1}]
34292,1398694053.6657565,[{'idp': 37, 'x': 0.692, 'y': -1.249, 'r': 0.4, 'type': 1}]
34293,1398694053.705735,[{'idp': 37, 'x': 0.731, 'y': -1.293, 'r': 0.4, 'type': 1}]
34294,1398694053.7130907,[{'idp': 37, 'x': 0.759, 'y': -1.306, 'r': 0.4, 'type': 1}]
34295,1398694053.7497525,[{'idp': 37, 'x': 0.791, 'y': -1.315, 'r': 0.4, 'type': 1}]
34296,1398694053.789683,[{'idp': 37, 'x': 0.816, 'y': -1.332, 'r': 0.4, 'type': 1}]
34297,1398694053.789714,[{'idp': 37, 'x': 0.846, 'y': -1.339, 'r': 0.4, 'type': 1}]
34298,1398694053.8297663,[{'idp': 37, 'x': 0.863, 'y': -1.347, 'r': 0.4, 'type': 1}]
34299,1398694053.8373685,[{'idp': 37, 'x': 0.879, 'y': -1.355, 'r': 0.4, 'type': 1}]
34300,1398694053.8736787,[{'idp': 37, 'x': 0.899, 'y': -1.361, 'r': 0.4, 'type': 1}]
34301,1398694053.9139726,[{'idp': 37, 'x': 0.907, 'y': -1.369, 'r': 0.4, 'type': 1}]
34302,1398694053.914042,[{'idp': 37, 'x': 0.933, 'y': -1.372, 'r': 0.4, 'type': 1}]
34303,1398694053.9537764,[{'idp': 37, 'x': 0.95, 'y': -1.382, 'r': 0.4, 'type': 1}]
34304,1398694053.9622073,[{'idp': 37, 'x': 0.963, 'y': -1.388, 'r': 0.4, 'type': 1}]
34305,1398694054.001673,[{'idp': 37, 'x': 0.984, 'y': -1.404, 'r': 0.4, 'type': 1}]
34306,1398694054.0417137,[{'idp': 37, 'x': 1.011, 'y': -1.418, 'r': 0.4, 'type': 1}]
34307,1398694054.0417445,[{'idp': 37, 'x': 1.053, 'y': -1.427, 'r': 0.4, 'type': 1}]
34308,1398694054.0817075,[{'idp': 37, 'x': 1.083, 'y': -1.447, 'r': 0.4, 'type': 1}]
34309,1398694054.0865786,[{'idp': 37, 'x': 1.114, 'y': -1.452, 'r': 0.4, 'type': 1}]
34310,1398694054.125712,[{'idp': 37, 'x': 1.148, 'y': -1.458, 'r': 0.4, 'type': 1}]
34311,1398694054.1657004,[{'idp': 37, 'x': 1.175, 'y': -1.465, 'r': 0.4, 'type': 1}]
34312,1398694054.1657207,[{'idp': 37, 'x': 1.21, 'y': -1.464, 'r': 0.4, 'type': 1}]
34313,1398694054.205784,[{'idp': 37, 'x': 1.245, 'y': -1.468, 'r': 0.4, 'type': 1}]
34314,1398694054.2116528,[{'idp': 37, 'x': 1.277, 'y': -1.473, 'r': 0.4, 'type': 1}]
34315,1398694054.2496796,[{'idp': 37, 'x': 1.312, 'y': -1.466, 'r': 0.4, 'type': 1}]
34316,1398694054.2896986,[{'idp': 37, 'x': 1.335, 'y': -1.474, 'r': 0.4, 'type': 1}]
34317,1398694054.2897253,[{'idp': 37, 'x': 1.354, 'y': -1.463, 'r': 0.4, 'type': 1}]
34318,1398694054.3297083,[{'idp': 37, 'x': 1.361, 'y': -1.45, 'r': 0.4, 'type': 1}]
34319,1398694054.3356638,[{'idp': 37, 'x': 1.347, 'y': -1.421, 'r': 0.4, 'type': 1}]
34320,1398694054.3737562,[{'idp': 37, 'x': 1.335, 'y': -1.401, 'r': 0.4, 'type': 1}]
34321,1398694054.4136763,[{'idp': 37, 'x': 1.353, 'y': -1.406, 'r': 0.4, 'type': 1}]
34322,1398694054.413759,[{'idp': 37, 'x': 1.382, 'y': -1.416, 'r': 0.4, 'type': 1}]
34323,1398694054.4537513,[{'idp': 37, 'x': 1.411, 'y': -1.432, 'r': 0.4, 'type': 1}]
34324,1398694054.4598644,[{'idp': 37, 'x': 1.464, 'y': -1.451, 'r': 0.4, 'type': 1}]
34325,1398694054.497667,[{'idp': 37, 'x': 1.492, 'y': -1.459, 'r': 0.4, 'type': 1}]
34326,1398694054.5377219,[{'idp': 37, 'x': 1.516, 'y': -1.463, 'r': 0.4, 'type': 1}]
34327,1398694054.5377522,[{'idp': 37, 'x': 1.541, 'y': -1.461, 'r': 0.4, 'type': 1}]
34328,1398694054.5777802,[{'idp': 37, 'x': 1.553, 'y': -1.454, 'r': 0.4, 'type': 1}]
34329,1398694054.5847068,[{'idp': 37, 'x': 1.574, 'y': -1.45, 'r': 0.4, 'type': 1}]
34330,1398694054.6217284,[{'idp': 37, 'x': 1.567, 'y': -1.427, 'r': 0.4, 'type': 1}]
34331,1398694054.6617098,[{'idp': 37, 'x': 1.592, 'y': -1.42, 'r': 0.4, 'type': 1}]
34332,1398694054.6617274,[{'idp': 37, 'x': 1.656, 'y': -1.426, 'r': 0.4, 'type': 1}]
34333,1398694054.701677,[{'idp': 37, 'x': 1.726, 'y': -1.449, 'r': 0.4, 'type': 1}]
34334,1398694054.7094417,[{'idp': 37, 'x': 1.788, 'y': -1.476, 'r': 0.4, 'type': 1}]
34335,1398694054.7457392,[{'idp': 37, 'x': 1.834, 'y': -1.501, 'r': 0.4, 'type': 1}]
34336,1398694054.7896852,[{'idp': 37, 'x': 1.871, 'y': -1.518, 'r': 0.4, 'type': 1}]
34337,1398694054.7897146,[{'idp': 37, 'x': 1.911, 'y': -1.543, 'r': 0.4, 'type': 1}]
34338,1398694054.8297653,[{'idp': 37, 'x': 1.938, 'y': -1.558, 'r': 0.4, 'type': 1}]
34339,1398694054.8337753,[{'idp': 37, 'x': 1.96, 'y': -1.56, 'r': 0.4, 'type': 1}]
34340,1398694054.873676,[{'idp': 37, 'x': 1.976, 'y': -1.555, 'r': 0.4, 'type': 1}]
34341,1398694054.913763,[{'idp': 37, 'x': 1.994, 'y': -1.572, 'r': 0.4, 'type': 1}]
34342,1398694054.9137845,[{'idp': 37, 'x': 2.004, 'y': -1.567, 'r': 0.4, 'type': 1}]
34343,1398694054.9537568,[{'idp': 37, 'x': 2.03, 'y': -1.554, 'r': 0.4, 'type': 1}]
34344,1398694054.9576137,[{'idp': 37, 'x': 2.055, 'y': -1.557, 'r': 0.4, 'type': 1}]
34345,1398694054.9936917,[{'idp': 37, 'x': 2.055, 'y': -1.554, 'r': 0.4, 'type': 1}]
34346,1398694055.0337968,[{'idp': 37, 'x': 2.078, 'y': -1.558, 'r': 0.4, 'type': 1}]
34347,1398694055.0338287,[{'idp': 37, 'x': 2.098, 'y': -1.56, 'r': 0.4, 'type': 1}]
34348,1398694055.0737195,[{'idp': 37, 'x': 2.108, 'y': -1.566, 'r': 0.4, 'type': 1}]
34349,1398694055.082282,[{'idp': 37, 'x': 2.127, 'y': -1.563, 'r': 0.4, 'type': 1}]
34350,1398694055.121699,[{'idp': 37, 'x': 2.143, 'y': -1.566, 'r': 0.4, 'type': 1}]
34351,1398694055.161729,[{'idp': 37, 'x': 2.167, 'y': -1.561, 'r': 0.4, 'type': 1}]
34352,1398694055.1617796,[{'idp': 37, 'x': 2.192, 'y': -1.565, 'r': 0.4, 'type': 1}]
34353,1398694055.201785,[{'idp': 37, 'x': 2.224, 'y': -1.565, 'r': 0.4, 'type': 1}]
34354,1398694055.2067099,[{'idp': 37, 'x': 2.264, 'y': -1.565, 'r': 0.4, 'type': 1}]
34355,1398694055.2457752,[{'idp': 37, 'x': 2.295, 'y': -1.569, 'r': 0.4, 'type': 1}]
34356,1398694055.2857869,[{'idp': 37, 'x': 2.323, 'y': -1.566, 'r': 0.4, 'type': 1}]
34357,1398694055.2858105,[{'idp': 37, 'x': 2.366, 'y': -1.564, 'r': 0.4, 'type': 1}]
34358,1398694055.3257315,[{'idp': 37, 'x': 2.39, 'y': -1.564, 'r': 0.4, 'type': 1}]
34359,1398694055.3309164,[{'idp': 37, 'x': 2.417, 'y': -1.557, 'r': 0.4, 'type': 1}]
34360,1398694055.369679,[{'idp': 37, 'x': 2.446, 'y': -1.552, 'r': 0.4, 'type': 1}]
34361,1398694055.4097166,[{'idp': 37, 'x': 2.471, 'y': -1.546, 'r': 0.4, 'type': 1}]
34362,1398694055.4097419,[{'idp': 37, 'x': 2.497, 'y': -1.532, 'r': 0.4, 'type': 1}]
34363,1398694055.4497588,[{'idp': 37, 'x': 2.517, 'y': -1.522, 'r': 0.4, 'type': 1}]
34364,1398694055.4551404,[{'idp': 37, 'x': 2.518, 'y': -1.492, 'r': 0.4, 'type': 1}]
34365,1398694055.4936929,[{'idp': 37, 'x': 2.483, 'y': -1.456, 'r': 0.4, 'type': 1}]
34366,1398694055.5337477,[{'idp': 37, 'x': 2.484, 'y': -1.449, 'r': 0.4, 'type': 1}]
34367,1398694055.5337722,[{'idp': 37, 'x': 2.525, 'y': -1.457, 'r': 0.4, 'type': 1}]
34368,1398694055.573736,[{'idp': 37, 'x': 2.552, 'y': -1.464, 'r': 0.4, 'type': 1}]
34369,1398694055.5804236,[{'idp': 37, 'x': 2.605, 'y': -1.471, 'r': 0.4, 'type': 1}]
34370,1398694055.6176767,[{'idp': 37, 'x': 2.635, 'y': -1.48, 'r': 0.4, 'type': 1}]
34371,1398694055.6576757,[{'idp': 37, 'x': 2.661, 'y': -1.486, 'r': 0.4, 'type': 1}]
34372,1398694055.6577032,[{'idp': 37, 'x': 2.7, 'y': -1.484, 'r': 0.4, 'type': 1}]
34373,1398694055.7016575,[{'idp': 37, 'x': 2.721, 'y': -1.48, 'r': 0.4, 'type': 1}]
34374,1398694055.7041075,[{'idp': 37, 'x': 2.739, 'y': -1.474, 'r': 0.4, 'type': 1}]
34375,1398694055.7416987,[{'idp': 37, 'x': 2.747, 'y': -1.465, 'r': 0.4, 'type': 1}]
34376,1398694055.7817218,[{'idp': 37, 'x': 2.728, 'y': -1.441, 'r': 0.4, 'type': 1}]
34377,1398694055.7817597,[{'idp': 37, 'x': 2.737, 'y': -1.424, 'r': 0.4, 'type': 1}]
34378,1398694055.821778,[{'idp': 37, 'x': 2.785, 'y': -1.411, 'r': 0.4, 'type': 1}]
34379,1398694055.8293037,[{'idp': 37, 'x': 2.825, 'y': -1.408, 'r': 0.4, 'type': 1}]
34380,1398694055.8656487,[{'idp': 37, 'x': 2.903, 'y': -1.441, 'r': 0.4, 'type': 1}]
34381,1398694055.9057198,[{'idp': 37, 'x': 2.952, 'y': -1.449, 'r': 0.4, 'type': 1}]
34382,1398694055.9057367,[{'idp': 37, 'x': 3.004, 'y': -1.467, 'r': 0.4, 'type': 1}]
34383,1398694055.9458058,[{'idp': 37, 'x': 3.052, 'y': -1.491, 'r': 0.4, 'type': 1}]
34384,1398694055.9534402,[{'idp': 37, 'x': 3.085, 'y': -1.481, 'r': 0.4, 'type': 1}]
34385,1398694055.9896917,[{'idp': 37, 'x': 3.129, 'y': -1.485, 'r': 0.4, 'type': 1}]
34386,1398694056.0297618,[{'idp': 37, 'x': 3.159, 'y': -1.484, 'r': 0.4, 'type': 1}]
34387,1398694056.0297928,[{'idp': 37, 'x': 3.183, 'y': -1.478, 'r': 0.4, 'type': 1}]
34388,1398694056.0697367,[{'idp': 37, 'x': 3.219, 'y': -1.477, 'r': 0.4, 'type': 1}]
34389,1398694056.0775924,[{'idp': 37, 'x': 3.249, 'y': -1.46, 'r': 0.4, 'type': 1}]
34390,1398694056.11369,[{'idp': 37, 'x': 3.273, 'y': -1.474, 'r': 0.4, 'type': 1}]
34391,1398694056.1536522,[{'idp': 37, 'x': 3.281, 'y': -1.482, 'r': 0.4, 'type': 1}]
34392,1398694056.1536896,[{'idp': 37, 'x': 3.31, 'y': -1.476, 'r': 0.4, 'type': 1}]
34393,1398694056.193719,[{'idp': 37, 'x': 3.325, 'y': -1.479, 'r': 0.4, 'type': 1}]
34394,1398694056.203036,[{'idp': 37, 'x': 3.355, 'y': -1.461, 'r': 0.4, 'type': 1}]
34395,1398694056.2417269,[{'idp': 37, 'x': 3.398, 'y': -1.447, 'r': 0.4, 'type': 1}]
34396,1398694056.281713,[{'idp': 37, 'x': 3.416, 'y': -1.452, 'r': 0.4, 'type': 1}]
34397,1398694056.2817442,[{'idp': 37, 'x': 3.455, 'y': -1.452, 'r': 0.4, 'type': 1}]
34398,1398694056.3217769,[{'idp': 37, 'x': 3.497, 'y': -1.447, 'r': 0.4, 'type': 1}]
34399,1398694056.3271859,[{'idp': 37, 'x': 3.535, 'y': -1.451, 'r': 0.4, 'type': 1}]
34400,1398694056.3657305,[{'idp': 37, 'x': 3.549, 'y': -1.453, 'r': 0.4, 'type': 1}]
34401,1398694056.4057045,[{'idp': 37, 'x': 3.578, 'y': -1.446, 'r': 0.4, 'type': 1}]
34402,1398694056.405735,[{'idp': 37, 'x': 3.595, 'y': -1.445, 'r': 0.4, 'type': 1}]
34403,1398694056.4457774,[{'idp': 37, 'x': 3.625, 'y': -1.448, 'r': 0.4, 'type': 1}]
34404,1398694056.4513817,[{'idp': 37, 'x': 3.647, 'y': -1.427, 'r': 0.4, 'type': 1}]
34405,1398694056.4896643,[{'idp': 37, 'x': 3.683, 'y': -1.403, 'r': 0.4, 'type': 1}]
34406,1398694056.5296733,[{'idp': 37, 'x': 3.717, 'y': -1.41, 'r': 0.4, 'type': 1}]
34407,1398694056.5297036,[{'idp': 37, 'x': 3.738, 'y': -1.381, 'r': 0.4, 'type': 1}]
34408,1398694056.5697584,[{'idp': 37, 'x': 3.757, 'y': -1.369, 'r': 0.4, 'type': 1}]
34409,1398694056.5760224,[{'idp': 37, 'x': 3.755, 'y': -1.359, 'r': 0.4, 'type': 1}]
34410,1398694056.613768,[{'idp': 37, 'x': 3.749, 'y': -1.347, 'r': 0.4, 'type': 1}]
34411,1398694056.6536891,[{'idp': 37, 'x': 3.713, 'y': -1.333, 'r': 0.4, 'type': 1}]
34412,1398694056.6537213,[{'idp': 37, 'x': 3.695, 'y': -1.327, 'r': 0.4, 'type': 1}]
34413,1398694056.6937356,[{'idp': 37, 'x': 3.713, 'y': -1.333, 'r': 0.4, 'type': 1}]
34414,1398694056.7005405,[{'idp': 37, 'x': 3.757, 'y': -1.33, 'r': 0.4, 'type': 1}]
34415,1398694056.7376897,[{'idp': 37, 'x': 3.743, 'y': -1.307, 'r': 0.4, 'type': 1}]
34416,1398694056.7777426,[{'idp': 37, 'x': 3.747, 'y': -1.29, 'r': 0.4, 'type': 1}]
34417,1398694056.7778394,[{'idp': 37, 'x': 3.782, 'y': -1.284, 'r': 0.4, 'type': 1}]
34418,1398694056.817763,[{'idp': 37, 'x': 3.812, 'y': -1.275, 'r': 0.4, 'type': 1}]
34419,1398694056.8250744,[{'idp': 37, 'x': 3.862, 'y': -1.273, 'r': 0.4, 'type': 1}]
34420,1398694056.8617046,[{'idp': 37, 'x': 3.942, 'y': -1.281, 'r': 0.4, 'type': 1}]
34421,1398694056.9016452,[{'idp': 37, 'x': 4.049, 'y': -1.317, 'r': 0.4, 'type': 1}]
34422,1398694056.901677,[{'idp': 37, 'x': 4.108, 'y': -1.316, 'r': 0.4, 'type': 1}]
34423,1398694056.9417932,[{'idp': 37, 'x': 4.172, 'y': -1.327, 'r': 0.4, 'type': 1}]
34424,1398694056.9497855,[{'idp': 37, 'x': 4.203, 'y': -1.317, 'r': 0.4, 'type': 1}]
34425,1398694056.9897165,[{'idp': 37, 'x': 4.252, 'y': -1.322, 'r': 0.4, 'type': 1}]
34426,1398694057.0297496,[{'idp': 37, 'x': 4.292, 'y': -1.313, 'r': 0.4, 'type': 1}]
34427,1398694057.0297832,[{'idp': 37, 'x': 4.309, 'y': -1.306, 'r': 0.4, 'type': 1}]
34428,1398694057.069725,[{'idp': 37, 'x': 4.347, 'y': -1.306, 'r': 0.4, 'type': 1}]
34429,1398694057.0742009,[{'idp': 37, 'x': 4.377, 'y': -1.306, 'r': 0.4, 'type': 1}]
34430,1398694057.113664,[{'idp': 37, 'x': 4.424, 'y': -1.29, 'r': 0.4, 'type': 1}]
34431,1398694057.1537166,[{'idp': 37, 'x': 4.441, 'y': -1.285, 'r': 0.4, 'type': 1}]
34432,1398694057.1537669,[{'idp': 37, 'x': 4.455, 'y': -1.301, 'r': 0.4, 'type': 1}]
34433,1398694057.1936848,[{'idp': 37, 'x': 4.469, 'y': -1.285, 'r': 0.4, 'type': 1}]
34434,1398694057.1999447,[{'idp': 37, 'x': 4.515, 'y': -1.249, 'r': 0.4, 'type': 1}]
34435,1398694057.2377784,[{'idp': 37, 'x': 4.527, 'y': -1.231, 'r': 0.4, 'type': 1}]
34436,1398694057.277665,[{'idp': 37, 'x': 4.537, 'y': -1.24, 'r': 0.4, 'type': 1}]
34437,1398694057.2776923,[{'idp': 37, 'x': 4.594, 'y': -1.208, 'r': 0.4, 'type': 1}]
34438,1398694057.317684,[{'idp': 37, 'x': 4.593, 'y': -1.236, 'r': 0.4, 'type': 1}]
34439,1398694057.3236222,[{'idp': 37, 'x': 4.591, 'y': -1.244, 'r': 0.4, 'type': 1}]
34440,1398694057.3616989,[{'idp': 37, 'x': 4.646, 'y': -1.247, 'r': 0.4, 'type': 1}]
34441,1398694057.4016893,[{'idp': 37, 'x': 4.685, 'y': -1.238, 'r': 0.4, 'type': 1}]
34442,1398694057.4017167,[{'idp': 37, 'x': 4.725, 'y': -1.225, 'r': 0.4, 'type': 1}]
34443,1398694057.441684,[{'idp': 37, 'x': 4.759, 'y': -1.206, 'r': 0.4, 'type': 1}]
34444,1398694057.4480555,[{'idp': 37, 'x': 4.806, 'y': -1.186, 'r': 0.4, 'type': 1}]
34445,1398694057.4857213,[{'idp': 37, 'x': 4.824, 'y': -1.173, 'r': 0.4, 'type': 1}]
34446,1398694057.525696,[{'idp': 37, 'x': 4.857, 'y': -1.17, 'r': 0.4, 'type': 1}]
34447,1398694057.525733,[{'idp': 37, 'x': 4.891, 'y': -1.163, 'r': 0.4, 'type': 1}]
34448,1398694057.5657506,[{'idp': 37, 'x': 4.935, 'y': -1.163, 'r': 0.4, 'type': 1}]
34449,1398694057.5737007,[{'idp': 37, 'x': 4.949, 'y': -1.144, 'r': 0.4, 'type': 1}]
34450,1398694057.6137745,[{'idp': 37, 'x': 4.967, 'y': -1.125, 'r': 0.4, 'type': 1}]
34451,1398694057.653661,[{'idp': 37, 'x': 4.958, 'y': -1.1, 'r': 0.4, 'type': 1}]
34452,1398694057.6536908,[{'idp': 37, 'x': 4.981, 'y': -1.105, 'r': 0.4, 'type': 1}]
34453,1398694057.6936677,[{'idp': 37, 'x': 4.948, 'y': -1.086, 'r': 0.4, 'type': 1}]
34454,1398694057.6971972,[{'idp': 37, 'x': 4.923, 'y': -1.058, 'r': 0.4, 'type': 1}]
34455,1398694057.7337809,[{'idp': 37, 'x': 4.904, 'y': -1.031, 'r': 0.4, 'type': 1}]
34456,1398694057.773663,[{'idp': 37, 'x': 4.913, 'y': -1.033, 'r': 0.4, 'type': 1}]
34457,1398694057.7736976,[{'idp': 37, 'x': 4.916, 'y': -1.023, 'r': 0.4, 'type': 1}]
34458,1398694057.813753,[{'idp': 37, 'x': 4.942, 'y': -1.017, 'r': 0.4, 'type': 1}]
34459,1398694057.822904,[{'idp': 37, 'x': 4.968, 'y': -0.999, 'r': 0.4, 'type': 1}]
34460,1398694057.8617365,[{'idp': 37, 'x': 4.994, 'y': -1.005, 'r': 0.4, 'type': 1}]
34461,1398694057.9016633,[{'idp': 37, 'x': 5.042, 'y': -0.992, 'r': 0.4, 'type': 1}]
34462,1398694057.9016795,[{'idp': 37, 'x': 5.09, 'y': -0.99, 'r': 0.4, 'type': 1}]
34463,1398694057.941783,[{'idp': 37, 'x': 5.192, 'y': -0.986, 'r': 0.4, 'type': 1}]
34464,1398694057.9470966,[{'idp': 37, 'x': 5.286, 'y': -0.981, 'r': 0.4, 'type': 1}]
34465,1398694057.9857018,[{'idp': 37, 'x': 5.376, 'y': -0.986, 'r': 0.4, 'type': 1}]
34466,1398694058.0256386,[{'idp': 37, 'x': 5.405, 'y': -0.966, 'r': 0.4, 'type': 1}]
34467,1398694058.0256655,[{'idp': 37, 'x': 5.449, 'y': -0.986, 'r': 0.4, 'type': 1}]
34468,1398694058.0657394,[{'idp': 37, 'x': 5.487, 'y': -0.981, 'r': 0.4, 'type': 1}]
34469,1398694058.0710382,[{'idp': 37, 'x': 5.501, 'y': -0.973, 'r': 0.4, 'type': 1}]
34470,1398694058.1096869,[{'idp': 37, 'x': 5.528, 'y': -0.963, 'r': 0.4, 'type': 1}]
34471,1398694058.1496856,[{'idp': 37, 'x': 5.551, 'y': -0.941, 'r': 0.4, 'type': 1}]
34472,1398694058.149718,[{'idp': 37, 'x': 5.589, 'y': -0.906, 'r': 0.4, 'type': 1}]
34473,1398694058.189678,[{'idp': 37, 'x': 5.627, 'y': -0.883, 'r': 0.4, 'type': 1}]
34474,1398694058.1957953,[{'idp': 37, 'x': 5.641, 'y': -0.881, 'r': 0.4, 'type': 1}]
34475,1398694058.2337747,[{'idp': 37, 'x': 5.669, 'y': -0.876, 'r': 0.4, 'type': 1}]
34476,1398694058.273719,[{'idp': 37, 'x': 5.659, 'y': -0.881, 'r': 0.4, 'type': 1}]
34477,1398694058.273749,[{'idp': 37, 'x': 5.669, 'y': -0.869, 'r': 0.4, 'type': 1}]
34478,1398694058.3137505,[{'idp': 37, 'x': 5.621, 'y': -0.945, 'r': 0.4, 'type': 1}]
34479,1398694058.320625,[{'idp': 37, 'x': 5.687, 'y': -0.886, 'r': 0.4, 'type': 1}]
34480,1398694058.3577516,[{'idp': 37, 'x': 5.683, 'y': -0.846, 'r': 0.4, 'type': 1}]
34481,1398694058.3976943,[{'idp': 37, 'x': 5.765, 'y': -0.802, 'r': 0.4, 'type': 1}]
34482,1398694058.3977304,[{'idp': 37, 'x': 5.778, 'y': -0.8, 'r': 0.4, 'type': 1}]
34483,1398694058.437766,[{'idp': 37, 'x': 5.82, 'y': -0.794, 'r': 0.4, 'type': 1}]
34484,1398694058.4451602,[{'idp': 37, 'x': 5.884, 'y': -0.786, 'r': 0.4, 'type': 1}]
34485,1398694058.4816778,[{'idp': 37, 'x': 5.902, 'y': -0.762, 'r': 0.4, 'type': 1}]
34486,1398694058.5217257,[{'idp': 37, 'x': 5.885, 'y': -0.769, 'r': 0.4, 'type': 1}]
34487,1398694058.5217538,[{'idp': 37, 'x': 5.965, 'y': -0.665, 'r': 0.4, 'type': 1}]
34488,1398694058.5617335,[{'idp': 37, 'x': 5.948, 'y': -0.736, 'r': 0.4, 'type': 1}]
34489,1398694058.5698287,[{'idp': 37, 'x': 6.014, 'y': -0.606, 'r': 0.4, 'type': 1}]
34490,1398694058.6097448,[{'idp': 37, 'x': 6.029, 'y': -0.594, 'r': 0.4, 'type': 1}]
34491,1398694058.6496606,[{'idp': 37, 'x': 5.987, 'y': -0.648, 'r': 0.4, 'type': 1}]
34492,1398694058.64969,[{'idp': 37, 'x': 6.043, 'y': -0.569, 'r': 0.4, 'type': 1}]
34493,1398694058.689725,[{'idp': 37, 'x': 6.061, 'y': -0.665, 'r': 0.4, 'type': 1}]
34494,1398694058.6951964,[{'idp': 37, 'x': 6.004, 'y': -0.591, 'r': 0.4, 'type': 1}]
34495,1398694058.7337158,[{'idp': 37, 'x': 6.097, 'y': -0.642, 'r': 0.4, 'type': 1}]
34496,1398694058.7736268,[{'idp': 37, 'x': 6.051, 'y': -0.596, 'r': 0.4, 'type': 1}]
34497,1398694058.77366,[{'idp': 37, 'x': 6.082, 'y': -0.586, 'r': 0.4, 'type': 1}]
34498,1398694058.813894,[{'idp': 37, 'x': 6.076, 'y': -0.558, 'r': 0.4, 'type': 1}]
34499,1398694058.8193507,[{'idp': 37, 'x': 6.049, 'y': -0.556, 'r': 0.4, 'type': 1}]
34500,1398694058.8577268,[{'idp': 37, 'x': 6.0, 'y': -0.558, 'r': 0.4, 'type': 1}]
34501,1398694058.8977144,[{'idp': 37, 'x': 6.034, 'y': -0.501, 'r': 0.4, 'type': 1}]
34502,1398694058.897743,[{'idp': 37, 'x': 6.036, 'y': -0.554, 'r': 0.4, 'type': 1}]
34503,1398694058.9377174,[{'idp': 37, 'x': 6.074, 'y': -0.545, 'r': 0.4, 'type': 1}]
34504,1398694058.9440274,[{'idp': 37, 'x': 6.084, 'y': -0.452, 'r': 0.4, 'type': 1}]
34505,1398694058.981728,[{'idp': 37, 'x': 6.103, 'y': -0.48, 'r': 0.4, 'type': 1}]
34506,1398694059.0218008,[{'idp': 37, 'x': 6.154, 'y': -0.484, 'r': 0.4, 'type': 1}]
34507,1398694059.0218258,[{'idp': 37, 'x': 6.248, 'y': -0.409, 'r': 0.4, 'type': 1}]
34508,1398694059.0616543,[{'idp': 37, 'x': 6.268, 'y': -0.452, 'r': 0.4, 'type': 1}]
34509,1398694059.068264,[{'idp': 37, 'x': 6.279, 'y': -0.398, 'r': 0.4, 'type': 1}]
34510,1398694059.1057012,[{'idp': 37, 'x': 6.386, 'y': -0.335, 'r': 0.4, 'type': 1}]
34511,1398694059.1456828,[{'idp': 37, 'x': 6.462, 'y': -0.41, 'r': 0.4, 'type': 1}]
34512,1398694059.1457107,[{'idp': 37, 'x': 6.628, 'y': -0.478, 'r': 0.4, 'type': 1}]
34513,1398694059.1857328,[{'idp': 37, 'x': 6.533, 'y': -0.365, 'r': 0.4, 'type': 1}]
34514,1398694059.193252,[{'idp': 37, 'x': 6.624, 'y': -0.393, 'r': 0.4, 'type': 1}]
34515,1398694059.229725,[{'idp': 37, 'x': 6.646, 'y': -0.381, 'r': 0.4, 'type': 1}]
34516,1398694059.2697294,[{'idp': 37, 'x': 6.682, 'y': -0.379, 'r': 0.4, 'type': 1}]
34517,1398694059.2697723,[{'idp': 37, 'x': 6.708, 'y': -0.321, 'r': 0.4, 'type': 1}]
34518,1398694059.3096955,[{'idp': 37, 'x': 6.756, 'y': -0.31, 'r': 0.4, 'type': 1}]
34519,1398694059.3190455,[{'idp': 37, 'x': 6.791, 'y': -0.235, 'r': 0.4, 'type': 1}]
34520,1398694059.3577397,[{'idp': 37, 'x': 6.838, 'y': -0.221, 'r': 0.4, 'type': 1}]
34521,1398694059.3976817,[{'idp': 37, 'x': 6.847, 'y': -0.214, 'r': 0.4, 'type': 1}]
34522,1398694059.3977036,[{'idp': 37, 'x': 6.862, 'y': -0.232, 'r': 0.4, 'type': 1}]
34523,1398694059.437813,[{'idp': 37, 'x': 6.83, 'y': -0.282, 'r': 0.4, 'type': 1}]
34524,1398694059.4428341,[{'idp': 37, 'x': 6.856, 'y': -0.27, 'r': 0.4, 'type': 1}]
34525,1398694059.4816673,[{'idp': 37, 'x': 6.922, 'y': -0.17, 'r': 0.4, 'type': 1}]
34526,1398694059.521716,[{'idp': 37, 'x': 6.957, 'y': -0.215, 'r': 0.4, 'type': 1}]
34527,1398694059.5217476,[{'idp': 37, 'x': 6.993, 'y': -0.155, 'r': 0.4, 'type': 1}]
34528,1398694059.5617225,[{'idp': 37, 'x': 7.126, 'y': -0.031, 'r': 0.4, 'type': 1}]
34529,1398694059.5666625,[{'idp': 37, 'x': 7.054, 'y': -0.015, 'r': 0.4, 'type': 1}]
34530,1398694059.6057103,[{'idp': 37, 'x': 7.095, 'y': -0.015, 'r': 0.4, 'type': 1}]
34531,1398694059.6456888,[{'idp': 37, 'x': 7.15, 'y': 0.031, 'r': 0.4, 'type': 1}]
34532,1398694059.6457176,[{'idp': 37, 'x': 7.15, 'y': 0.031, 'r': 0.4, 'type': 1}]
34533,1398694059.6857388,[{'idp': 37, 'x': 7.133, 'y': -0.0, 'r': 0.4, 'type': 1}]
34534,1398694059.6914048,[{'idp': 37, 'x': 7.114, 'y': -0.0, 'r': 0.4, 'type': 1}]
34535,1398694059.7297177,[{'idp': 37, 'x': 7.168, 'y': 0.016, 'r': 0.4, 'type': 1}]
34536,1398694059.7697115,[{'idp': 37, 'x': 7.132, 'y': 0.016, 'r': 0.4, 'type': 1}]
34537,1398694059.769746,[{'idp': 37, 'x': 7.132, 'y': 0.016, 'r': 0.4, 'type': 1}]
34538,1398694059.8097498,[{'idp': 37, 'x': 7.12, 'y': 0.016, 'r': 0.4, 'type': 1}]
34539,1398694059.81717,[{'idp': 37, 'x': 7.107, 'y': -0.015, 'r': 0.4, 'type': 1}]
34540,1398694059.8536913,[{'idp': 37, 'x': 7.086, 'y': 0.031, 'r': 0.4, 'type': 1}]
34541,1398694059.8937109,[{'idp': 37, 'x': 7.1, 'y': 0.046, 'r': 0.4, 'type': 1}]
34542,1398694059.893748,[{'idp': 37, 'x': 7.1, 'y': 0.046, 'r': 0.4, 'type': 1}]
34543,1398694059.9360545,[{'idp': 37, 'x': 7.1, 'y': 0.046, 'r': 0.4, 'type': 1}]
34544,1398694059.9413881,[{'idp': 37, 'x': 7.1, 'y': 0.046, 'r': 0.4, 'type': 1}]
34545,1398694059.9776928,[{'idp': 37, 'x': 7.22, 'y': 0.079, 'r': 0.4, 'type': 1}]
34546,1398694060.017692,[{'idp': 37, 'x': 7.22, 'y': 0.079, 'r': 0.4, 'type': 1}]
34547,1398694060.0177238,[{'idp': 37, 'x': 7.22, 'y': 0.079, 'r': 0.4, 'type': 1}]
34548,1398694060.0577528,[{'idp': 37, 'x': 7.22, 'y': 0.079, 'r': 0.4, 'type': 1}]
34549,1398694060.065079,[{'idp': 37, 'x': 7.22, 'y': 0.079, 'r': 0.4, 'type': 1}]
34550,1398694060.1017342,[{'idp': 37, 'x': 7.22, 'y': 0.079, 'r': 0.4, 'type': 1}]
34551,1398694060.1416726,[{'idp': 37, 'x': 7.22, 'y': 0.079, 'r': 0.4, 'type': 1}]
34552,1398694060.1416938,[{'idp': 37, 'x': 7.22, 'y': 0.079, 'r': 0.4, 'type': 1}]
34553,1398694060.1817756,[{'idp': 37, 'x': 7.22, 'y': 0.079, 'r': 0.4, 'type': 1}]
34554,1398694060.1900642,[{'idp': 37, 'x': 7.22, 'y': 0.079, 'r': 0.4, 'type': 1}]
34555,1398694060.2297266,[{'idp': 37, 'x': 7.22, 'y': 0.079, 'r': 0.4, 'type': 1}]
34556,1398694060.2697256,[{'idp': 37, 'x': 7.22, 'y': 0.079, 'r': 0.4, 'type': 1}]
34557,1398694060.269759,[{'idp': 37, 'x': 7.22, 'y': 0.079, 'r': 0.4, 'type': 1}]
34558,1398694060.3097253,[{'idp': 37, 'x': 7.22, 'y': 0.079, 'r': 0.4, 'type': 1}]
34559,1398694060.3160303,[{'idp': 37, 'x': 7.22, 'y': 0.079, 'r': 0.4, 'type': 1}]
34560,1398694060.3537767,[{'idp': 37, 'x': 7.22, 'y': 0.079, 'r': 0.4, 'type': 1}]
34561,1398694060.3937054,[{'idp': 37, 'x': 7.22, 'y': 0.079, 'r': 0.4, 'type': 1}]
34562,1398694060.3937366,[{'idp': 37, 'x': 7.22, 'y': 0.079, 'r': 0.4, 'type': 1}]
34563,1398694060.4336934,[{'idp': 37, 'x': 7.22, 'y': 0.079, 'r': 0.4, 'type': 1}]
34564,1398694060.4389102,[{'idp': 37, 'x': 7.22, 'y': 0.079, 'r': 0.4, 'type': 1}]
34565,1398694060.4777017,[{'idp': 37, 'x': 7.22, 'y': 0.079, 'r': 0.4, 'type': 1}]
34566,1398694060.5176978,[{'idp': 37, 'x': 7.22, 'y': 0.079, 'r': 0.4, 'type': 1}]
34567,1398694060.517728,[{'idp': 37, 'x': 7.22, 'y': 0.079, 'r': 0.4, 'type': 1}]
34568,1398694060.557722,[{'idp': 37, 'x': 7.22, 'y': 0.079, 'r': 0.4, 'type': 1}]
34569,1398694060.5631568,[{'idp': 37, 'x': 7.22, 'y': 0.079, 'r': 0.4, 'type': 1}]
34570,1398694060.6016967,[{'idp': 37, 'x': 7.22, 'y': 0.079, 'r': 0.4, 'type': 1}]
34571,1398694060.6417177,[{'idp': 37, 'x': 7.22, 'y': 0.079, 'r': 0.4, 'type': 1}]
34572,1398694060.6417491,[]
34573,1398694060.6817086,[]
34574,1398694060.6886616,[]
34575,1398694060.7256916,[]
34576,1398694060.7657115,[]
34577,1398694060.7657447,[]
34578,1398694060.8057249,[]
34579,1398694060.8137143,[]
34580,1398694060.853731,[]
34581,1398694060.8937051,[]
34582,1398694060.8937366,[]
34583,1398694060.9336956,[]
34584,1398694060.9377842,[]
34585,1398694060.9776943,[]
34586,1398694061.017733,[]
34587,1398694061.017769,[]
34588,1398694061.0577645,[]
34589,1398694061.0630338,[]
34590,1398694061.1016912,[]
34591,1398694061.1417367,[]
34592,1398694061.141768,[]
34593,1398694061.1817563,[]
34594,1398694061.1866379,[]
34595,1398694061.2257016,[]
34596,1398694061.2657547,[]
34597,1398694061.265788,[]
34598,1398694061.3056884,[]
34599,1398694061.311659,[]
34600,1398694061.3497105,[]
34601,1398694061.3896604,[]
34602,1398694061.3896916,[]
34603,1398694061.4297361,[]
34604,1398694061.4366453,[]
34605,1398694061.4737053,[]
34606,1398694061.5137584,[]
34607,1398694061.5137918,[]
34608,1398694061.553707,[]
34609,1398694061.5609148,[]
34610,1398694061.597664,[]
34611,1398694061.6376967,[]
34612,1398694061.6377273,[]
34613,1398694061.6777258,[]
34614,1398694061.685582,[]
34615,1398694061.7216299,[]
34616,1398694061.7617283,[]
34617,1398694061.7617595,[]
34618,1398694061.8016703,[]
34619,1398694061.8101866,[]
34620,1398694061.8497448,[]
34621,1398694061.8896875,[]
34622,1398694061.8897243,[]
34623,1398694061.9297242,[]
34624,1398694061.934804,[]
34625,1398694061.9736755,[]
34626,1398694062.0136771,[]
34627,1398694062.0137045,[]
34628,1398694062.0537732,[]
34629,1398694062.0595877,[]
34630,1398694062.0976634,[]
34631,1398694062.1378112,[]
34632,1398694062.1378467,[]
34633,1398694062.1777143,[]
34634,1398694062.1841652,[]
34635,1398694062.2216883,[]
34636,1398694062.2616935,[]
34637,1398694062.2617264,[]
34638,1398694062.3017106,[]
34639,1398694062.3089106,[]
34640,1398694062.3457096,[]
34641,1398694062.3857257,[]
34642,1398694062.3857603,[]
34643,1398694062.42568,[]
34644,1398694062.433081,[]
34645,1398694062.4696352,[]
34646,1398694062.5097651,[]
34647,1398694062.509796,[]
34648,1398694062.5497272,[]
34649,1398694062.5618715,[]
34650,1398694062.6017177,[]
34651,1398694062.6417687,[]
34652,1398694062.6417935,[]
34653,1398694062.6816761,[]
34654,1398694062.6817024,[]
34655,1398694062.7216854,[]
34656,1398694062.761778,[]
34657,1398694062.7618113,[]
34658,1398694062.8017218,[]
34659,1398694062.8069894,[]
34660,1398694062.8456907,[]
34661,1398694062.8857126,[]
34662,1398694062.8857424,[]
34663,1398694062.9256525,[]
34664,1398694062.9312868,[]
34665,1398694062.9696794,[]
34666,1398694063.0097046,[]
34667,1398694063.0097294,[]
34668,1398694063.049765,[]
34669,1398694063.0561683,[]
34670,1398694063.0936446,[]
34671,1398694063.1337328,[]
34672,1398694063.1337636,[]
34673,1398694063.1737077,[]
34674,1398694063.1805463,[]
34675,1398694063.2177823,[]
34676,1398694063.257764,[]
34677,1398694063.2577944,[]
34678,1398694063.297676,[]
34679,1398694063.3049116,[]
34680,1398694063.3416705,[]
34681,1398694063.3816953,[]
34682,1398694063.3817239,[]
34683,1398694063.4216719,[]
34684,1398694063.430144,[]
34685,1398694063.4697587,[]
34686,1398694063.5097272,[]
34687,1398694063.509758,[]
34688,1398694063.5497608,[]
34689,1398694063.554787,[]
34690,1398694063.5936465,[]
34691,1398694063.6337032,[]
34692,1398694063.6337335,[]
34693,1398694063.6737165,[]
34694,1398694063.6788154,[]
34695,1398694063.7177389,[]
34696,1398694063.757732,[]
34697,1398694063.7577608,[]
34698,1398694063.7977498,[]
34699,1398694063.8037808,[]
34700,1398694063.8417935,[]
34701,1398694063.8816667,[]
34702,1398694063.881697,[]
34703,1398694063.9216962,[]
34704,1398694063.9274027,[]
34705,1398694063.9656963,[]
34706,1398694064.0056736,[]
34707,1398694064.005706,[]
34708,1398694064.0456834,[]
34709,1398694064.0539157,[]
34710,1398694064.0936732,[]
34711,1398694064.133749,[]
34712,1398694064.133778,[]
34713,1398694064.1737266,[]
34714,1398694064.1771817,[]
34715,1398694064.2138069,[]
34716,1398694064.2537127,[]
34717,1398694064.253741,[]
34718,1398694064.2937121,[]
34719,1398694064.3018918,[]
34720,1398694064.3416843,[]
34721,1398694064.3817365,[]
34722,1398694064.3817706,[]
34723,1398694064.421737,[]
34724,1398694064.4269166,[]
34725,1398694064.465675,[]
34726,1398694064.505728,[]
34727,1398694064.505758,[]
34728,1398694064.5456884,[]
34729,1398694064.551543,[]
34730,1398694064.5896978,[]
34731,1398694064.6296892,[]
34732,1398694064.6297212,[]
34733,1398694064.6697173,[]
34734,1398694064.6760037,[]
34735,1398694064.7136986,[]
34736,1398694064.7537277,[]
34737,1398694064.7537575,[]
34738,1398694064.7937248,[]
34739,1398694064.8002608,[]
34740,1398694064.837739,[]
34741,1398694064.8777914,[]
34742,1398694064.8778243,[]
34743,1398694064.9176753,[]
34744,1398694064.9242163,[]
34745,1398694064.961687,[]
34746,1398694065.0017276,[]
34747,1398694065.0017486,[]
34748,1398694065.041738,[]
34749,1398694065.0497148,[]
34750,1398694065.0896997,[]
34751,1398694065.1297176,[]
34752,1398694065.1297483,[]
34753,1398694065.1697526,[]
34754,1398694065.1746445,[]
34755,1398694065.2137406,[]
34756,1398694065.2537432,[]
34757,1398694065.2537766,[]
34758,1398694065.2936776,[]
34759,1398694065.2987943,[]
34760,1398694065.3376815,[]
34761,1398694065.3777025,[]
34762,1398694065.3777332,[]
34763,1398694065.4176762,[]
34764,1398694065.4231641,[]
34765,1398694065.4617007,[]
34766,1398694065.5016794,[]
34767,1398694065.5017066,[]
34768,1398694065.5416884,[]
34769,1398694065.5475357,[]
34770,1398694065.5856943,[]
34771,1398694065.6257236,[]
34772,1398694065.625753,[]
34773,1398694065.6657324,[]
34774,1398694065.672514,[]
34775,1398694065.709671,[]
34776,1398694065.7496967,[]
34777,1398694065.7497263,[]
34778,1398694065.7897186,[]
34779,1398694065.7970366,[]
34780,1398694065.833729,[]
34781,1398694065.8736787,[]
34782,1398694065.8737118,[]
34783,1398694065.9136794,[]
34784,1398694065.9216757,[]
34785,1398694065.9617255,[]
34786,1398694066.0016625,[]
34787,1398694066.0016918,[]
34788,1398694066.041712,[]
34789,1398694066.0469153,[]
34790,1398694066.085701,[]
34791,1398694066.1257324,[]
34792,1398694066.125757,[]
34793,1398694066.1656804,[]
34794,1398694066.170804,[]
34795,1398694066.2097101,[]
34796,1398694066.2497232,[]
34797,1398694066.2497509,[]
34798,1398694066.2896793,[]
34799,1398694066.2961078,[]
34800,1398694066.3336694,[]
34801,1398694066.3737564,[]
34802,1398694066.3737907,[]
34803,1398694066.4136298,[]
34804,1398694066.420027,[]
34805,1398694066.4577324,[]
34806,1398694066.4977167,[]
34807,1398694066.49775,[]
34808,1398694066.537715,[]
34809,1398694066.5452788,[]
34810,1398694066.5817845,[]
34811,1398694066.6216996,[]
34812,1398694066.6217463,[]
34813,1398694066.6617453,[]
34814,1398694066.669289,[]
34815,1398694066.7057137,[]
34816,1398694066.7457001,[]
34817,1398694066.7457306,[]
34818,1398694066.7856627,[]
34819,1398694066.7939997,[]
34820,1398694066.8337147,[]
34821,1398694066.8737056,[]
34822,1398694066.8737361,[]
34823,1398694066.913685,[]
34824,1398694066.9191294,[]
34825,1398694066.9577076,[]
34826,1398694066.997684,[]
34827,1398694066.997711,[]
34828,1398694067.0378587,[]
34829,1398694067.0434422,[]
34830,1398694067.0817382,[]
34831,1398694067.1217072,[]
34832,1398694067.1217394,[]
34833,1398694067.161727,[]
34834,1398694067.1675003,[]
34835,1398694067.2057617,[]
34836,1398694067.2457633,[]
34837,1398694067.2457829,[]
34838,1398694067.285763,[]
34839,1398694067.2930474,[]
34840,1398694067.3297777,[]
34841,1398694067.3696907,[]
34842,1398694067.3697197,[]
34843,1398694067.40978,[]
34844,1398694067.4176817,[]
34845,1398694067.4577014,[]
34846,1398694067.497713,[]
34847,1398694067.4977453,[]
34848,1398694067.5377173,[]
34849,1398694067.5429106,[]
34850,1398694067.5816457,[]
34851,1398694067.6217067,[]
34852,1398694067.6217403,[]
34853,1398694067.6617153,[]
34854,1398694067.666898,[]
34855,1398694067.7057126,[]
34856,1398694067.7457542,[]
34857,1398694067.745784,[]
34858,1398694067.7857413,[]
34859,1398694067.7922873,[]
34860,1398694067.829678,[]
34861,1398694067.8697026,[]
34862,1398694067.8697329,[]
34863,1398694067.9097183,[]
34864,1398694067.9172976,[]
34865,1398694067.9536972,[]
34866,1398694067.993687,[]
34867,1398694067.9937174,[]
34868,1398694068.033747,[]
34869,1398694068.0435183,[]
34870,1398694068.081699,[]
34871,1398694068.1217208,[]
34872,1398694068.121758,[]
34873,1398694068.1616936,[]
34874,1398694068.1670175,[]
34875,1398694068.2056355,[]
34876,1398694068.2457864,[]
34877,1398694068.2458186,[]
34878,1398694068.2857132,[]
34879,1398694068.292278,[]
34880,1398694068.3296905,[]
34881,1398694068.3697548,[]
34882,1398694068.3697898,[]
34883,1398694068.409776,[]
34884,1398694068.4171648,[]
34885,1398694068.4536915,[]
34886,1398694068.4937594,[]
34887,1398694068.4937909,[]
34888,1398694068.5337617,[]
34889,1398694068.5423965,[]
34890,1398694068.5817497,[]
34891,1398694068.6217365,[]
34892,1398694068.6217856,[]
34893,1398694068.6617393,[]
34894,1398694068.6665466,[]
34895,1398694068.705641,[]
34896,1398694068.7456772,[]
34897,1398694068.7457106,[]
34898,1398694068.7857058,[]
34899,1398694068.7914388,[]
34900,1398694068.8297894,[]
34901,1398694068.8696673,[]
34902,1398694068.8696997,[]
34903,1398694068.909712,[]
34904,1398694068.9155445,[]
34905,1398694068.9536457,[]
34906,1398694068.9936643,[]
34907,1398694068.9936945,[]
34908,1398694069.0337844,[]
34909,1398694069.041168,[]
34910,1398694069.0777054,[]
34911,1398694069.1177118,[]
34912,1398694069.1177406,[]
34913,1398694069.1577697,[]
34914,1398694069.1643045,[]
34915,1398694069.2017076,[]
34916,1398694069.241707,[]
34917,1398694069.241729,[]
34918,1398694069.2817624,[]
34919,1398694069.288679,[]
34920,1398694069.3257585,[]
34921,1398694069.3656826,[]
34922,1398694069.3657126,[]
34923,1398694069.4056742,[]
34924,1398694069.4125504,[]
34925,1398694069.4497294,[]
34926,1398694069.4896727,[]
34927,1398694069.4897053,[]
34928,1398694069.5297892,[]
34929,1398694069.5373046,[]
34930,1398694069.5736856,[]
34931,1398694069.6136863,[]
34932,1398694069.6137147,[]
34933,1398694069.6537528,[]
34934,1398694069.662005,[]
34935,1398694069.701702,[]
34936,1398694069.7416658,[]
34937,1398694069.7416978,[]
34938,1398694069.7816823,[]
34939,1398694069.7852826,[]
34940,1398694069.8217738,[]
34941,1398694069.8617039,[]
34942,1398694069.8617358,[]
34943,1398694069.901716,[]
34944,1398694069.9101534,[]
34945,1398694069.9497447,[]
34946,1398694069.9897435,[]
34947,1398694069.9897687,[]
34948,1398694070.029792,[]
34949,1398694070.0347383,[]
34950,1398694070.0737376,[]
34951,1398694070.1136947,[]
34952,1398694070.1137252,[]
34953,1398694070.1538181,[]
34954,1398694070.1593413,[]
34955,1398694070.1976655,[]
34956,1398694070.2376924,[]
34957,1398694070.2377238,[]
34958,1398694070.2777128,[]
34959,1398694070.2836528,[]
34960,1398694070.3217325,[]
34961,1398694070.3617404,[]
34962,1398694070.3617733,[]
34963,1398694070.4016862,[]
34964,1398694070.4082284,[]
34965,1398694070.4457839,[]
34966,1398694070.4857023,[]
34967,1398694070.4857352,[]
34968,1398694070.5257394,[]
34969,1398694070.533047,[]
34970,1398694070.5697024,[]
34971,1398694070.6096432,[]
34972,1398694070.609669,[]
34973,1398694070.6497178,[]
34974,1398694070.657936,[]
34975,1398694070.6976972,[]
34976,1398694070.7376535,[]
34977,1398694070.7376795,[]
34978,1398694070.7776685,[]
34979,1398694070.7815197,[]
34980,1398694070.817652,[]
34981,1398694070.857773,[]
34982,1398694070.8578067,[]
34983,1398694070.8976746,[]
34984,1398694070.90696,[]
34985,1398694070.9457412,[]
34986,1398694070.9857066,[]
34987,1398694070.985736,[{'idp': 38, 'x': 8.664, 'y': 2.401, 'r': 0.4, 'type': 1}]
34988,1398694071.025695,[{'idp': 38, 'x': 8.639, 'y': 2.497, 'r': 0.4, 'type': 1}]
34989,1398694071.0310464,[{'idp': 38, 'x': 8.626, 'y': 2.494, 'r': 0.4, 'type': 1}]
34990,1398694071.0696836,[{'idp': 38, 'x': 8.636, 'y': 2.496, 'r': 0.4, 'type': 1}]
34991,1398694071.1096897,[{'idp': 38, 'x': 8.632, 'y': 2.495, 'r': 0.4, 'type': 1}]
34992,1398694071.1097264,[{'idp': 38, 'x': 8.621, 'y': 2.492, 'r': 0.4, 'type': 1}]
34993,1398694071.1497664,[{'idp': 38, 'x': 8.62, 'y': 2.492, 'r': 0.4, 'type': 1}]
34994,1398694071.1559236,[{'idp': 38, 'x': 8.616, 'y': 2.491, 'r': 0.4, 'type': 1}]
34995,1398694071.1936824,[{'idp': 38, 'x': 8.603, 'y': 2.487, 'r': 0.4, 'type': 1}]
34996,1398694071.2336705,[{'idp': 38, 'x': 8.583, 'y': 2.481, 'r': 0.4, 'type': 1}]
34997,1398694071.2337008,[{'idp': 38, 'x': 8.609, 'y': 2.488, 'r': 0.4, 'type': 1}]
34998,1398694071.2736914,[{'idp': 38, 'x': 8.573, 'y': 2.478, 'r': 0.4, 'type': 1}]
34999,1398694071.2804613,[{'idp': 38, 'x': 8.557, 'y': 2.494, 'r': 0.4, 'type': 1}]
35000,1398694071.317705,[{'idp': 38, 'x': 8.563, 'y': 2.496, 'r': 0.4, 'type': 1}]
35001,1398694071.3576248,[{'idp': 38, 'x': 8.556, 'y': 2.494, 'r': 0.4, 'type': 1}]
35002,1398694071.3576474,[{'idp': 38, 'x': 8.554, 'y': 2.473, 'r': 0.4, 'type': 1}]
35003,1398694071.3977015,[{'idp': 38, 'x': 8.558, 'y': 2.474, 'r': 0.4, 'type': 1}]
35004,1398694071.4049606,[{'idp': 38, 'x': 8.557, 'y': 2.473, 'r': 0.4, 'type': 1}]
35005,1398694071.4416647,[{'idp': 38, 'x': 8.541, 'y': 2.469, 'r': 0.4, 'type': 1}]
35006,1398694071.4816718,[{'idp': 38, 'x': 8.528, 'y': 2.456, 'r': 0.4, 'type': 1}]
35007,1398694071.481706,[{'idp': 38, 'x': 8.51, 'y': 2.475, 'r': 0.4, 'type': 1}]
35008,1398694071.5218298,[{'idp': 38, 'x': 8.491, 'y': 2.494, 'r': 0.4, 'type': 1}]
35009,1398694071.5292697,[{'idp': 38, 'x': 8.48, 'y': 2.491, 'r': 0.4, 'type': 1}]
35010,1398694071.5657299,[{'idp': 38, 'x': 8.461, 'y': 2.51, 'r': 0.4, 'type': 1}]
35011,1398694071.60565,[{'idp': 38, 'x': 8.446, 'y': 2.501, 'r': 0.4, 'type': 1}]
35012,1398694071.6056762,[{'idp': 38, 'x': 8.441, 'y': 2.499, 'r': 0.4, 'type': 1}]
35013,1398694071.6457338,[{'idp': 38, 'x': 8.425, 'y': 2.499, 'r': 0.4, 'type': 1}]
35014,1398694071.6550398,[{'idp': 38, 'x': 8.426, 'y': 2.495, 'r': 0.4, 'type': 1}]
35015,1398694071.693725,[{'idp': 38, 'x': 8.417, 'y': 2.492, 'r': 0.4, 'type': 1}]
35016,1398694071.7336862,[{'idp': 38, 'x': 8.396, 'y': 2.512, 'r': 0.4, 'type': 1}]
35017,1398694071.733723,[{'idp': 38, 'x': 8.397, 'y': 2.506, 'r': 0.4, 'type': 1}]
35018,1398694071.7737536,[{'idp': 38, 'x': 8.394, 'y': 2.525, 'r': 0.4, 'type': 1}]
35019,1398694071.7785501,[{'idp': 38, 'x': 8.381, 'y': 2.548, 'r': 0.4, 'type': 1}]
35020,1398694071.8176942,[{'idp': 38, 'x': 8.38, 'y': 2.541, 'r': 0.4, 'type': 1}]
35021,1398694071.8576982,[{'idp': 38, 'x': 8.38, 'y': 2.541, 'r': 0.4, 'type': 1}]
35022,1398694071.85773,[{'idp': 38, 'x': 8.383, 'y': 2.535, 'r': 0.4, 'type': 1}]
35023,1398694071.8976781,[{'idp': 38, 'x': 8.364, 'y': 2.556, 'r': 0.4, 'type': 1}]
35024,1398694071.9028065,[{'idp': 38, 'x': 8.361, 'y': 2.555, 'r': 0.4, 'type': 1}]
35025,1398694071.9417133,[{'idp': 38, 'x': 8.371, 'y': 2.549, 'r': 0.4, 'type': 1}]
35026,1398694071.9817224,[{'idp': 38, 'x': 8.339, 'y': 2.597, 'r': 0.4, 'type': 1}]
35027,1398694071.9817572,[{'idp': 38, 'x': 8.357, 'y': 2.585, 'r': 0.4, 'type': 1}]
35028,1398694072.0217314,[{'idp': 38, 'x': 8.339, 'y': 2.628, 'r': 0.4, 'type': 1}]
35029,1398694072.0279045,[{'idp': 38, 'x': 8.348, 'y': 2.657, 'r': 0.4, 'type': 1}]
35030,1398694072.065707,[{'idp': 38, 'x': 8.357, 'y': 2.647, 'r': 0.4, 'type': 1}]
35031,1398694072.1056669,[{'idp': 38, 'x': 8.348, 'y': 2.65, 'r': 0.4, 'type': 1}]
35032,1398694072.105693,[{'idp': 38, 'x': 8.342, 'y': 2.673, 'r': 0.4, 'type': 1}]
35033,1398694072.1458528,[{'idp': 38, 'x': 8.327, 'y': 2.684, 'r': 0.4, 'type': 1}]
35034,1398694072.1524372,[{'idp': 38, 'x': 8.355, 'y': 2.673, 'r': 0.4, 'type': 1}]
35035,1398694072.1896534,[{'idp': 38, 'x': 8.36, 'y': 2.674, 'r': 0.4, 'type': 1}]
35036,1398694072.2296622,[{'idp': 38, 'x': 8.336, 'y': 2.707, 'r': 0.4, 'type': 1}]
35037,1398694072.2296927,[{'idp': 38, 'x': 8.347, 'y': 2.731, 'r': 0.4, 'type': 1}]
35038,1398694072.2696922,[{'idp': 38, 'x': 8.359, 'y': 2.755, 'r': 0.4, 'type': 1}]
35039,1398694072.2763026,[{'idp': 38, 'x': 8.32, 'y': 2.762, 'r': 0.4, 'type': 1}]
35040,1398694072.3137047,[{'idp': 38, 'x': 8.228, 'y': 2.752, 'r': 0.4, 'type': 1}]
35041,1398694072.353793,[{'idp': 38, 'x': 8.218, 'y': 2.749, 'r': 0.4, 'type': 1}]
35042,1398694072.3538356,[{'idp': 38, 'x': 8.143, 'y': 2.724, 'r': 0.4, 'type': 1}]
35043,1398694072.3937473,[{'idp': 38, 'x': 8.143, 'y': 2.724, 'r': 0.4, 'type': 1}]
35044,1398694072.4026787,[{'idp': 38, 'x': 8.135, 'y': 2.722, 'r': 0.4, 'type': 1}]
35045,1398694072.4417336,[{'idp': 38, 'x': 8.149, 'y': 2.746, 'r': 0.4, 'type': 1}]
35046,1398694072.4817114,[{'idp': 38, 'x': 8.175, 'y': 2.776, 'r': 0.4, 'type': 1}]
35047,1398694072.4817421,[{'idp': 38, 'x': 8.212, 'y': 2.809, 'r': 0.4, 'type': 1}]
35048,1398694072.5217557,[{'idp': 38, 'x': 8.223, 'y': 2.812, 'r': 0.4, 'type': 1}]
35049,1398694072.5269186,[{'idp': 38, 'x': 8.231, 'y': 2.815, 'r': 0.4, 'type': 1}]
35050,1398694072.5656638,[{'idp': 38, 'x': 8.251, 'y': 2.842, 'r': 0.4, 'type': 1}]
35051,1398694072.605647,[{'idp': 38, 'x': 8.247, 'y': 2.841, 'r': 0.4, 'type': 1}]
35052,1398694072.6056788,[{'idp': 38, 'x': 8.258, 'y': 2.845, 'r': 0.4, 'type': 1}]
35053,1398694072.6457205,[{'idp': 38, 'x': 8.226, 'y': 2.834, 'r': 0.4, 'type': 1}]
35054,1398694072.650925,[{'idp': 38, 'x': 8.249, 'y': 2.842, 'r': 0.4, 'type': 1}]
35055,1398694072.6896765,[{'idp': 38, 'x': 8.249, 'y': 2.862, 'r': 0.4, 'type': 1}]
35056,1398694072.7296705,[{'idp': 38, 'x': 8.244, 'y': 2.86, 'r': 0.4, 'type': 1}]
35057,1398694072.7297018,[{'idp': 38, 'x': 8.286, 'y': 2.875, 'r': 0.4, 'type': 1}]
35058,1398694072.7697453,[{'idp': 38, 'x': 8.263, 'y': 2.887, 'r': 0.4, 'type': 1}]
35059,1398694072.7754035,[{'idp': 38, 'x': 8.278, 'y': 2.892, 'r': 0.4, 'type': 1}]
35060,1398694072.8171709,[{'idp': 38, 'x': 8.298, 'y': 2.899, 'r': 0.4, 'type': 1}]
35061,1398694072.8537292,[{'idp': 38, 'x': 8.298, 'y': 2.899, 'r': 0.4, 'type': 1}]
35062,1398694072.8537629,[{'idp': 38, 'x': 8.304, 'y': 2.901, 'r': 0.4, 'type': 1}]
35063,1398694072.8937407,[{'idp': 38, 'x': 8.31, 'y': 2.883, 'r': 0.4, 'type': 1}]
35064,1398694072.9000437,[{'idp': 38, 'x': 8.336, 'y': 2.871, 'r': 0.4, 'type': 1}]
35065,1398694072.9376872,[{'idp': 38, 'x': 8.343, 'y': 2.894, 'r': 0.4, 'type': 1}]
35066,1398694072.9777353,[{'idp': 38, 'x': 8.339, 'y': 2.893, 'r': 0.4, 'type': 1}]
35067,1398694072.9777646,[{'idp': 38, 'x': 8.333, 'y': 2.906, 'r': 0.4, 'type': 1}]
35068,1398694073.0177555,[{'idp': 38, 'x': 8.359, 'y': 2.94, 'r': 0.4, 'type': 1}]
35069,1398694073.0241525,[{'idp': 38, 'x': 8.369, 'y': 2.918, 'r': 0.4, 'type': 1}]
35070,1398694073.0617304,[{'idp': 38, 'x': 8.382, 'y': 2.927, 'r': 0.4, 'type': 1}]
35071,1398694073.1016474,[{'idp': 38, 'x': 8.385, 'y': 2.932, 'r': 0.4, 'type': 1}]
35072,1398694073.1017015,[{'idp': 38, 'x': 8.412, 'y': 2.932, 'r': 0.4, 'type': 1}]
35073,1398694073.1417403,[{'idp': 38, 'x': 8.423, 'y': 2.936, 'r': 0.4, 'type': 1}]
35074,1398694073.1492987,[{'idp': 38, 'x': 8.447, 'y': 2.945, 'r': 0.4, 'type': 1}]
35075,1398694073.1856844,[{'idp': 38, 'x': 8.437, 'y': 2.966, 'r': 0.4, 'type': 1}]
35076,1398694073.225719,[{'idp': 38, 'x': 8.459, 'y': 2.974, 'r': 0.4, 'type': 1}]
35077,1398694073.2657135,[{'idp': 38, 'x': 8.437, 'y': 3.007, 'r': 0.4, 'type': 1}]
35078,1398694073.2657409,[{'idp': 38, 'x': 8.454, 'y': 3.034, 'r': 0.4, 'type': 1}]
35079,1398694073.3056686,[{'idp': 38, 'x': 8.459, 'y': 3.036, 'r': 0.4, 'type': 1}]
35080,1398694073.305702,[{'idp': 38, 'x': 8.452, 'y': 3.033, 'r': 0.4, 'type': 1}]
35081,1398694073.345721,[{'idp': 38, 'x': 8.484, 'y': 3.024, 'r': 0.4, 'type': 1}]
35082,1398694073.3490582,[{'idp': 38, 'x': 8.48, 'y': 3.023, 'r': 0.4, 'type': 1}]
35083,1398694073.3857312,[{'idp': 38, 'x': 8.494, 'y': 3.028, 'r': 0.4, 'type': 1}]
35084,1398694073.4257233,[{'idp': 38, 'x': 8.509, 'y': 3.033, 'r': 0.4, 'type': 1}]
35085,1398694073.4258418,[{'idp': 38, 'x': 8.497, 'y': 3.05, 'r': 0.4, 'type': 1}]
35086,1398694073.465676,[{'idp': 38, 'x': 8.494, 'y': 3.07, 'r': 0.4, 'type': 1}]
35087,1398694073.4729068,[{'idp': 38, 'x': 8.507, 'y': 3.074, 'r': 0.4, 'type': 1}]
35088,1398694073.509727,[{'idp': 38, 'x': 8.504, 'y': 3.073, 'r': 0.4, 'type': 1}]
35089,1398694073.5497918,[{'idp': 38, 'x': 8.525, 'y': 3.081, 'r': 0.4, 'type': 1}]
35090,1398694073.5498111,[{'idp': 38, 'x': 8.523, 'y': 3.08, 'r': 0.4, 'type': 1}]
35091,1398694073.5897846,[{'idp': 38, 'x': 8.549, 'y': 3.09, 'r': 0.4, 'type': 1}]
35092,1398694073.5974028,[{'idp': 38, 'x': 8.568, 'y': 3.097, 'r': 0.4, 'type': 1}]
35093,1398694073.6337318,[{'idp': 38, 'x': 8.581, 'y': 3.101, 'r': 0.4, 'type': 1}]
35094,1398694073.6737316,[{'idp': 38, 'x': 8.605, 'y': 3.11, 'r': 0.4, 'type': 1}]
35095,1398694073.7137232,[{'idp': 38, 'x': 8.603, 'y': 3.131, 'r': 0.4, 'type': 1}]
35096,1398694073.7137544,[{'idp': 38, 'x': 8.627, 'y': 3.161, 'r': 0.4, 'type': 1}]
35097,1398694073.7537093,[{'idp': 38, 'x': 8.637, 'y': 3.165, 'r': 0.4, 'type': 1}]
35098,1398694073.7537386,[{'idp': 38, 'x': 8.653, 'y': 3.171, 'r': 0.4, 'type': 1}]
35099,1398694073.7938046,[{'idp': 38, 'x': 8.676, 'y': 3.18, 'r': 0.4, 'type': 1}]
35100,1398694073.7977533,[{'idp': 38, 'x': 8.697, 'y': 3.188, 'r': 0.4, 'type': 1}]
35101,1398694073.8377914,[{'idp': 38, 'x': 8.695, 'y': 3.187, 'r': 0.4, 'type': 1}]
35102,1398694073.8776872,[{'idp': 38, 'x': 8.712, 'y': 3.215, 'r': 0.4, 'type': 1}]
35103,1398694073.8777401,[{'idp': 38, 'x': 8.748, 'y': 3.228, 'r': 0.4, 'type': 1}]
35104,1398694073.9177196,[{'idp': 38, 'x': 8.751, 'y': 3.23, 'r': 0.4, 'type': 1}]
35105,1398694073.921836,[{'idp': 38, 'x': 8.76, 'y': 3.233, 'r': 0.4, 'type': 1}]
35106,1398694073.9617312,[{'idp': 38, 'x': 8.747, 'y': 3.228, 'r': 0.4, 'type': 1}]
35107,1398694074.0016816,[{'idp': 38, 'x': 8.761, 'y': 3.277, 'r': 0.4, 'type': 1}]
35108,1398694074.0017142,[{'idp': 38, 'x': 8.767, 'y': 3.279, 'r': 0.4, 'type': 1}]
35109,1398694074.0417018,[{'idp': 38, 'x': 8.791, 'y': 3.289, 'r': 0.4, 'type': 1}]
35110,1398694074.046294,[{'idp': 38, 'x': 8.806, 'y': 3.295, 'r': 0.4, 'type': 1}]
35111,1398694074.085698,[{'idp': 38, 'x': 8.821, 'y': 3.3, 'r': 0.4, 'type': 1}]
35112,1398694074.1257207,[{'idp': 38, 'x': 8.844, 'y': 3.308, 'r': 0.4, 'type': 1}]
35113,1398694074.1257367,[{'idp': 38, 'x': 8.81, 'y': 3.29, 'r': 0.4, 'type': 1}]
35114,1398694074.1658223,[{'idp': 38, 'x': 8.815, 'y': 3.32, 'r': 0.4, 'type': 1}]
35115,1398694074.1707547,[{'idp': 38, 'x': 8.826, 'y': 3.325, 'r': 0.4, 'type': 1}]
35116,1398694074.2096934,[{'idp': 38, 'x': 8.83, 'y': 3.325, 'r': 0.4, 'type': 1}]
35117,1398694074.2496767,[{'idp': 38, 'x': 8.835, 'y': 3.372, 'r': 0.4, 'type': 1}]
35118,1398694074.2497082,[{'idp': 38, 'x': 8.841, 'y': 3.375, 'r': 0.4, 'type': 1}]
35119,1398694074.2896748,[{'idp': 38, 'x': 8.852, 'y': 3.378, 'r': 0.4, 'type': 1}]
35120,1398694074.2954454,[{'idp': 38, 'x': 8.878, 'y': 3.388, 'r': 0.4, 'type': 1}]
35121,1398694074.3336818,[{'idp': 38, 'x': 8.888, 'y': 3.392, 'r': 0.4, 'type': 1}]
35122,1398694074.3737383,[{'idp': 38, 'x': 8.916, 'y': 3.424, 'r': 0.4, 'type': 1}]
35123,1398694074.3737946,[{'idp': 38, 'x': 8.945, 'y': 3.457, 'r': 0.4, 'type': 1}]
35124,1398694074.4136996,[{'idp': 38, 'x': 8.919, 'y': 3.447, 'r': 0.4, 'type': 1}]
35125,1398694074.4209087,[{'idp': 38, 'x': 8.929, 'y': 3.48, 'r': 0.4, 'type': 1}]
35126,1398694074.457697,[{'idp': 38, 'x': 8.944, 'y': 3.479, 'r': 0.4, 'type': 1}]
35127,1398694074.4976888,[{'idp': 38, 'x': 8.938, 'y': 3.499, 'r': 0.4, 'type': 1}]
35128,1398694074.4977183,[{'idp': 38, 'x': 8.952, 'y': 3.504, 'r': 0.4, 'type': 1}]
35129,1398694074.5377643,[{'idp': 38, 'x': 8.983, 'y': 3.516, 'r': 0.4, 'type': 1}]
35130,1398694074.5454166,[{'idp': 38, 'x': 8.995, 'y': 3.52, 'r': 0.4, 'type': 1}]
35131,1398694074.5817702,[{'idp': 38, 'x': 9.017, 'y': 3.529, 'r': 0.4, 'type': 1}]
35132,1398694074.621711,[{'idp': 38, 'x': 9.002, 'y': 3.568, 'r': 0.4, 'type': 1}]
35133,1398694074.621744,[{'idp': 38, 'x': 9.007, 'y': 3.593, 'r': 0.4, 'type': 1}]
35134,1398694074.6616957,[{'idp': 38, 'x': 9.03, 'y': 3.602, 'r': 0.4, 'type': 1}]
35135,1398694074.6698008,[{'idp': 38, 'x': 9.04, 'y': 3.606, 'r': 0.4, 'type': 1}]
35136,1398694074.7096272,[{'idp': 38, 'x': 9.036, 'y': 3.627, 'r': 0.4, 'type': 1}]
35137,1398694074.7497587,[{'idp': 38, 'x': 9.022, 'y': 3.644, 'r': 0.4, 'type': 1}]
35138,1398694074.7497892,[{'idp': 38, 'x': 9.023, 'y': 3.645, 'r': 0.4, 'type': 1}]
35139,1398694074.789759,[{'idp': 38, 'x': 8.996, 'y': 3.656, 'r': 0.4, 'type': 1}]
35140,1398694074.7938778,[{'idp': 38, 'x': 9.018, 'y': 3.643, 'r': 0.4, 'type': 1}]
35141,1398694074.8337753,[{'idp': 38, 'x': 8.936, 'y': 3.655, 'r': 0.4, 'type': 1}]
35142,1398694074.8736823,[{'idp': 38, 'x': 8.876, 'y': 3.654, 'r': 0.4, 'type': 1}]
35143,1398694074.8737078,[{'idp': 38, 'x': 8.885, 'y': 3.658, 'r': 0.4, 'type': 1}]
35144,1398694074.9137695,[{'idp': 38, 'x': 8.878, 'y': 3.655, 'r': 0.4, 'type': 1}]
35145,1398694074.9187856,[{'idp': 38, 'x': 8.891, 'y': 3.66, 'r': 0.4, 'type': 1}]
35146,1398694074.9576612,[{'idp': 38, 'x': 8.87, 'y': 3.651, 'r': 0.4, 'type': 1}]
35147,1398694074.9976523,[{'idp': 38, 'x': 8.913, 'y': 3.692, 'r': 0.4, 'type': 1}]
35148,1398694074.9976828,[{'idp': 38, 'x': 8.957, 'y': 3.711, 'r': 0.4, 'type': 1}]
35149,1398694075.0377846,[{'idp': 38, 'x': 8.929, 'y': 3.699, 'r': 0.4, 'type': 1}]
35150,1398694075.0433202,[{'idp': 38, 'x': 8.927, 'y': 3.721, 'r': 0.4, 'type': 1}]
35151,1398694075.0816844,[{'idp': 38, 'x': 8.904, 'y': 3.711, 'r': 0.4, 'type': 1}]
35152,1398694075.1216834,[{'idp': 38, 'x': 8.93, 'y': 3.768, 'r': 0.4, 'type': 1}]
35153,1398694075.1217144,[{'idp': 38, 'x': 8.949, 'y': 3.798, 'r': 0.4, 'type': 1}]
35154,1398694075.1617055,[{'idp': 38, 'x': 9.022, 'y': 3.852, 'r': 0.4, 'type': 1}]
35155,1398694075.1696894,[{'idp': 38, 'x': 9.073, 'y': 3.874, 'r': 0.4, 'type': 1}]
35156,1398694075.2096379,[{'idp': 38, 'x': 9.068, 'y': 3.895, 'r': 0.4, 'type': 1}]
35157,1398694075.2497704,[{'idp': 38, 'x': 9.081, 'y': 3.9, 'r': 0.4, 'type': 1}]
35158,1398694075.2498043,[{'idp': 38, 'x': 9.099, 'y': 3.908, 'r': 0.4, 'type': 1}]
35159,1398694075.28967,[{'idp': 38, 'x': 9.069, 'y': 3.919, 'r': 0.4, 'type': 1}]
35160,1398694075.2929118,[{'idp': 38, 'x': 9.104, 'y': 3.958, 'r': 0.4, 'type': 1}]
35161,1398694075.3297102,[{'idp': 38, 'x': 9.107, 'y': 3.983, 'r': 0.4, 'type': 1}]
35162,1398694075.3697271,[{'idp': 38, 'x': 9.105, 'y': 4.006, 'r': 0.4, 'type': 1}]
35163,1398694075.3697581,[{'idp': 38, 'x': 9.149, 'y': 4.025, 'r': 0.4, 'type': 1}]
35164,1398694075.4097068,[{'idp': 38, 'x': 9.131, 'y': 4.018, 'r': 0.4, 'type': 1}]
35165,1398694075.4172573,[{'idp': 38, 'x': 9.133, 'y': 4.042, 'r': 0.4, 'type': 1}]
35166,1398694075.4537027,[{'idp': 38, 'x': 9.122, 'y': 4.085, 'r': 0.4, 'type': 1}]
35167,1398694075.4937165,[{'idp': 38, 'x': 9.136, 'y': 4.092, 'r': 0.4, 'type': 1}]
35168,1398694075.493755,[{'idp': 38, 'x': 9.148, 'y': 4.121, 'r': 0.4, 'type': 1}]
35169,1398694075.533707,[{'idp': 38, 'x': 9.165, 'y': 4.129, 'r': 0.4, 'type': 1}]
35170,1398694075.5427334,[{'idp': 38, 'x': 9.127, 'y': 4.136, 'r': 0.4, 'type': 1}]
35171,1398694075.5816562,[{'idp': 38, 'x': 9.13, 'y': 4.161, 'r': 0.4, 'type': 1}]
35172,1398694075.6217246,[{'idp': 38, 'x': 9.141, 'y': 4.167, 'r': 0.4, 'type': 1}]
35173,1398694075.621755,[{'idp': 38, 'x': 9.153, 'y': 4.172, 'r': 0.4, 'type': 1}]
35174,1398694075.6617124,[{'idp': 38, 'x': 9.152, 'y': 4.196, 'r': 0.4, 'type': 1}]
35175,1398694075.6662476,[{'idp': 39, 'x': 9.374, 'y': 2.61, 'r': 0.4, 'type': 1}]
35176,1398694075.7057579,[{'idp': 39, 'x': 9.245, 'y': 2.564, 'r': 0.4, 'type': 1}]
35177,1398694075.7457538,[{'idp': 39, 'x': 9.236, 'y': 2.562, 'r': 0.4, 'type': 1}]
35178,1398694075.7457824,[{'idp': 39, 'x': 9.203, 'y': 2.575, 'r': 0.4, 'type': 1}]
35179,1398694075.7857351,[{'idp': 39, 'x': 9.199, 'y': 2.573, 'r': 0.4, 'type': 1}]
35180,1398694075.7914197,[{'idp': 39, 'x': 9.154, 'y': 2.582, 'r': 0.4, 'type': 1}]
35181,1398694075.8297412,[{'idp': 39, 'x': 9.1, 'y': 2.609, 'r': 0.4, 'type': 1}]
35182,1398694075.8697176,[{'idp': 39, 'x': 9.072, 'y': 2.601, 'r': 0.4, 'type': 1}]
35183,1398694075.8697507,[{'idp': 39, 'x': 9.032, 'y': 2.611, 'r': 0.4, 'type': 1}]
35184,1398694075.9099417,[{'idp': 39, 'x': 9.009, 'y': 2.604, 'r': 0.4, 'type': 1}]
35185,1398694075.9161782,[{'idp': 39, 'x': 8.976, 'y': 2.616, 'r': 0.4, 'type': 1}]
35186,1398694075.95369,[{'idp': 39, 'x': 8.974, 'y': 2.615, 'r': 0.4, 'type': 1}]
35187,1398694075.9936955,[{'idp': 39, 'x': 8.932, 'y': 2.645, 'r': 0.4, 'type': 1}]
35188,1398694075.9937274,[{'idp': 39, 'x': 8.895, 'y': 2.634, 'r': 0.4, 'type': 1}]
35189,1398694076.0337188,[{'idp': 39, 'x': 8.863, 'y': 2.624, 'r': 0.4, 'type': 1}]
35190,1398694076.0411677,[{'idp': 39, 'x': 8.846, 'y': 2.619, 'r': 0.4, 'type': 1}]
35191,1398694076.0776687,[{'idp': 39, 'x': 8.796, 'y': 2.646, 'r': 0.4, 'type': 1}]
35192,1398694076.1176786,[{'idp': 39, 'x': 8.759, 'y': 2.656, 'r': 0.4, 'type': 1}]
35193,1398694076.1578007,[{'idp': 39, 'x': 8.729, 'y': 2.667, 'r': 0.4, 'type': 1}]
35194,1398694076.1578374,[{'idp': 39, 'x': 8.709, 'y': 2.662, 'r': 0.4, 'type': 1}]
35195,1398694076.1977165,[{'idp': 39, 'x': 8.639, 'y': 2.661, 'r': 0.4, 'type': 1}]
35196,1398694076.19775,[{'idp': 39, 'x': 8.623, 'y': 2.656, 'r': 0.4, 'type': 1}]
35197,1398694076.2376986,[{'idp': 39, 'x': 8.555, 'y': 2.677, 'r': 0.4, 'type': 1}]
35198,1398694076.2391682,[{'idp': 39, 'x': 8.534, 'y': 2.69, 'r': 0.4, 'type': 1}]
35199,1398694076.2776659,[{'idp': 39, 'x': 8.505, 'y': 2.661, 'r': 0.4, 'type': 1}]
35200,1398694076.3177192,[{'idp': 39, 'x': 8.46, 'y': 2.647, 'r': 0.4, 'type': 1}]
35201,1398694076.3177505,[{'idp': 39, 'x': 8.429, 'y': 2.658, 'r': 0.4, 'type': 1}]
35202,1398694076.3577895,[{'idp': 39, 'x': 8.384, 'y': 2.684, 'r': 0.4, 'type': 1}]
35203,1398694076.363447,[{'idp': 39, 'x': 8.351, 'y': 2.694, 'r': 0.4, 'type': 1}]
35204,1398694076.4016743,[{'idp': 39, 'x': 8.32, 'y': 2.704, 'r': 0.4, 'type': 1}]
35205,1398694076.4417071,[{'idp': 39, 'x': 8.288, 'y': 2.734, 'r': 0.4, 'type': 1}]
35206,1398694076.441737,[{'idp': 39, 'x': 8.252, 'y': 2.722, 'r': 0.4, 'type': 1}]
35207,1398694076.481708,[{'idp': 39, 'x': 8.16, 'y': 2.671, 'r': 0.4, 'type': 1}]
35208,1398694076.4891958,[{'idp': 39, 'x': 8.114, 'y': 2.676, 'r': 0.4, 'type': 1}]
35209,1398694076.5256865,[{'idp': 39, 'x': 8.07, 'y': 2.681, 'r': 0.4, 'type': 1}]
35210,1398694076.565624,[{'idp': 39, 'x': 8.022, 'y': 2.665, 'r': 0.4, 'type': 1}]
35211,1398694076.5656765,[{'idp': 39, 'x': 7.981, 'y': 2.69, 'r': 0.4, 'type': 1}]
35212,1398694076.6057332,[{'idp': 39, 'x': 7.955, 'y': 2.701, 'r': 0.4, 'type': 1}]
35213,1398694076.6132975,[{'idp': 39, 'x': 7.916, 'y': 2.706, 'r': 0.4, 'type': 1}]
35214,1398694076.649642,[{'idp': 39, 'x': 7.908, 'y': 2.703, 'r': 0.4, 'type': 1}, {'idp': 40, 'x': 9.374, 'y': 2.401, 'r': 0.4, 'type': 1}]
35215,1398694076.689694,[{'idp': 39, 'x': 7.888, 'y': 2.715, 'r': 0.4, 'type': 1}, {'idp': 40, 'x': 9.255, 'y': 2.373, 'r': 0.4, 'type': 1}]
35216,1398694076.689723,[{'idp': 39, 'x': 7.864, 'y': 2.707, 'r': 0.4, 'type': 1}, {'idp': 40, 'x': 9.202, 'y': 2.359, 'r': 0.4, 'type': 1}]
35217,1398694076.7297106,[{'idp': 39, 'x': 7.846, 'y': 2.701, 'r': 0.4, 'type': 1}, {'idp': 40, 'x': 9.165, 'y': 2.349, 'r': 0.4, 'type': 1}]
35218,1398694076.737801,[{'idp': 39, 'x': 7.757, 'y': 2.709, 'r': 0.4, 'type': 1}, {'idp': 40, 'x': 9.134, 'y': 2.341, 'r': 0.4, 'type': 1}]
35219,1398694076.7776892,[{'idp': 39, 'x': 7.724, 'y': 2.716, 'r': 0.4, 'type': 1}, {'idp': 40, 'x': 9.072, 'y': 2.367, 'r': 0.4, 'type': 1}]
35220,1398694076.8177006,[{'idp': 39, 'x': 7.727, 'y': 2.717, 'r': 0.4, 'type': 1}, {'idp': 40, 'x': 9.034, 'y': 2.378, 'r': 0.4, 'type': 1}]
35221,1398694076.81773,[{'idp': 39, 'x': 7.722, 'y': 2.754, 'r': 0.4, 'type': 1}, {'idp': 40, 'x': 9.033, 'y': 2.356, 'r': 0.4, 'type': 1}]
35222,1398694076.8577654,[{'idp': 39, 'x': 7.715, 'y': 2.751, 'r': 0.4, 'type': 1}, {'idp': 40, 'x': 8.989, 'y': 2.344, 'r': 0.4, 'type': 1}]
35223,1398694076.8626554,[{'idp': 39, 'x': 7.678, 'y': 2.757, 'r': 0.4, 'type': 1}, {'idp': 40, 'x': 8.951, 'y': 2.334, 'r': 0.4, 'type': 1}]
35224,1398694076.9016745,[{'idp': 39, 'x': 7.657, 'y': 2.768, 'r': 0.4, 'type': 1}, {'idp': 40, 'x': 8.914, 'y': 2.324, 'r': 0.4, 'type': 1}]
35225,1398694076.9416976,[{'idp': 39, 'x': 7.624, 'y': 2.756, 'r': 0.4, 'type': 1}, {'idp': 40, 'x': 8.896, 'y': 2.34, 'r': 0.4, 'type': 1}]
35226,1398694076.9417286,[{'idp': 39, 'x': 7.61, 'y': 2.788, 'r': 0.4, 'type': 1}, {'idp': 40, 'x': 8.836, 'y': 2.352, 'r': 0.4, 'type': 1}]
35227,1398694076.981703,[{'idp': 39, 'x': 7.559, 'y': 2.788, 'r': 0.4, 'type': 1}, {'idp': 40, 'x': 8.809, 'y': 2.331, 'r': 0.4, 'type': 1}]
35228,1398694076.9871645,[{'idp': 39, 'x': 7.542, 'y': 2.782, 'r': 0.4, 'type': 1}, {'idp': 40, 'x': 8.724, 'y': 2.363, 'r': 0.4, 'type': 1}]
35229,1398694077.0257607,[{'idp': 39, 'x': 7.519, 'y': 2.773, 'r': 0.4, 'type': 1}, {'idp': 40, 'x': 8.685, 'y': 2.353, 'r': 0.4, 'type': 1}]
35230,1398694077.065702,[{'idp': 39, 'x': 7.487, 'y': 2.78, 'r': 0.4, 'type': 1}, {'idp': 40, 'x': 8.632, 'y': 2.339, 'r': 0.4, 'type': 1}]
35231,1398694077.065733,[{'idp': 39, 'x': 7.475, 'y': 2.775, 'r': 0.4, 'type': 1}, {'idp': 40, 'x': 8.616, 'y': 2.348, 'r': 0.4, 'type': 1}]
35232,1398694077.1057358,[{'idp': 39, 'x': 7.426, 'y': 2.794, 'r': 0.4, 'type': 1}, {'idp': 40, 'x': 8.573, 'y': 2.337, 'r': 0.4, 'type': 1}]
35233,1398694077.1110342,[{'idp': 39, 'x': 7.401, 'y': 2.784, 'r': 0.4, 'type': 1}, {'idp': 40, 'x': 8.549, 'y': 2.351, 'r': 0.4, 'type': 1}]
35234,1398694077.1496859,[{'idp': 39, 'x': 7.356, 'y': 2.785, 'r': 0.4, 'type': 1}, {'idp': 40, 'x': 8.505, 'y': 2.339, 'r': 0.4, 'type': 1}]
35235,1398694077.1896462,[{'idp': 39, 'x': 7.321, 'y': 2.808, 'r': 0.4, 'type': 1}, {'idp': 40, 'x': 8.489, 'y': 2.335, 'r': 0.4, 'type': 1}]
35236,1398694077.1896746,[{'idp': 39, 'x': 7.292, 'y': 2.815, 'r': 0.4, 'type': 1}, {'idp': 40, 'x': 8.438, 'y': 2.36, 'r': 0.4, 'type': 1}]
35237,1398694077.2297404,[{'idp': 39, 'x': 7.25, 'y': 2.82, 'r': 0.4, 'type': 1}, {'idp': 40, 'x': 8.407, 'y': 2.352, 'r': 0.4, 'type': 1}]
35238,1398694077.235634,[{'idp': 39, 'x': 7.241, 'y': 2.795, 'r': 0.4, 'type': 1}, {'idp': 40, 'x': 8.362, 'y': 2.34, 'r': 0.4, 'type': 1}]
35239,1398694077.2736673,[{'idp': 39, 'x': 7.205, 'y': 2.8, 'r': 0.4, 'type': 1}, {'idp': 40, 'x': 8.346, 'y': 2.375, 'r': 0.4, 'type': 1}]
35240,1398694077.313734,[{'idp': 39, 'x': 7.185, 'y': 2.81, 'r': 0.4, 'type': 1}, {'idp': 40, 'x': 8.29, 'y': 2.359, 'r': 0.4, 'type': 1}]
35241,1398694077.3137875,[{'idp': 39, 'x': 7.133, 'y': 2.804, 'r': 0.4, 'type': 1}, {'idp': 40, 'x': 8.245, 'y': 2.347, 'r': 0.4, 'type': 1}]
35242,1398694077.353736,[{'idp': 39, 'x': 7.1, 'y': 2.813, 'r': 0.4, 'type': 1}, {'idp': 40, 'x': 8.222, 'y': 2.36, 'r': 0.4, 'type': 1}]
35243,1398694077.361437,[{'idp': 39, 'x': 7.047, 'y': 2.81, 'r': 0.4, 'type': 1}, {'idp': 40, 'x': 8.164, 'y': 2.343, 'r': 0.4, 'type': 1}]
35244,1398694077.397644,[{'idp': 39, 'x': 6.998, 'y': 2.826, 'r': 0.4, 'type': 1}, {'idp': 40, 'x': 8.123, 'y': 2.332, 'r': 0.4, 'type': 1}]
35245,1398694077.437714,[{'idp': 39, 'x': 6.984, 'y': 2.838, 'r': 0.4, 'type': 1}, {'idp': 40, 'x': 8.071, 'y': 2.336, 'r': 0.4, 'type': 1}]
35246,1398694077.4377491,[{'idp': 39, 'x': 6.975, 'y': 2.835, 'r': 0.4, 'type': 1}, {'idp': 40, 'x': 8.053, 'y': 2.368, 'r': 0.4, 'type': 1}]
35247,1398694077.4777455,[{'idp': 39, 'x': 6.953, 'y': 2.844, 'r': 0.4, 'type': 1}, {'idp': 40, 'x': 7.995, 'y': 2.352, 'r': 0.4, 'type': 1}]
35248,1398694077.4854078,[{'idp': 39, 'x': 6.911, 'y': 2.845, 'r': 0.4, 'type': 1}, {'idp': 40, 'x': 7.97, 'y': 2.344, 'r': 0.4, 'type': 1}]
35249,1398694077.5216634,[{'idp': 39, 'x': 6.874, 'y': 2.847, 'r': 0.4, 'type': 1}, {'idp': 40, 'x': 7.925, 'y': 2.331, 'r': 0.4, 'type': 1}]
35250,1398694077.56163,[{'idp': 39, 'x': 6.846, 'y': 2.853, 'r': 0.4, 'type': 1}, {'idp': 40, 'x': 7.886, 'y': 2.319, 'r': 0.4, 'type': 1}]
35251,1398694077.561657,[{'idp': 39, 'x': 6.809, 'y': 2.838, 'r': 0.4, 'type': 1}, {'idp': 40, 'x': 7.876, 'y': 2.335, 'r': 0.4, 'type': 1}]
35252,1398694077.6016514,[{'idp': 39, 'x': 6.738, 'y': 2.826, 'r': 0.4, 'type': 1}, {'idp': 40, 'x': 7.83, 'y': 2.321, 'r': 0.4, 'type': 1}]
35253,1398694077.6103055,[{'idp': 39, 'x': 6.655, 'y': 2.825, 'r': 0.4, 'type': 1}, {'idp': 40, 'x': 7.797, 'y': 2.33, 'r': 0.4, 'type': 1}]
35254,1398694077.6496708,[{'idp': 39, 'x': 6.554, 'y': 2.816, 'r': 0.4, 'type': 1}, {'idp': 40, 'x': 7.762, 'y': 2.356, 'r': 0.4, 'type': 1}]
35255,1398694077.6897433,[{'idp': 39, 'x': 6.546, 'y': 2.845, 'r': 0.4, 'type': 1}, {'idp': 40, 'x': 7.715, 'y': 2.341, 'r': 0.4, 'type': 1}]
35256,1398694077.6897748,[{'idp': 39, 'x': 6.516, 'y': 2.832, 'r': 0.4, 'type': 1}, {'idp': 40, 'x': 7.696, 'y': 2.354, 'r': 0.4, 'type': 1}]
35257,1398694077.7297254,[{'idp': 39, 'x': 6.514, 'y': 2.831, 'r': 0.4, 'type': 1}, {'idp': 40, 'x': 7.666, 'y': 2.344, 'r': 0.4, 'type': 1}]
35258,1398694077.7342963,[{'idp': 39, 'x': 6.515, 'y': 2.831, 'r': 0.4, 'type': 1}, {'idp': 40, 'x': 7.62, 'y': 2.312, 'r': 0.4, 'type': 1}]
35259,1398694077.773667,[{'idp': 39, 'x': 6.486, 'y': 2.852, 'r': 0.4, 'type': 1}, {'idp': 40, 'x': 7.565, 'y': 2.338, 'r': 0.4, 'type': 1}]
35260,1398694077.8136191,[{'idp': 39, 'x': 6.427, 'y': 2.86, 'r': 0.4, 'type': 1}, {'idp': 40, 'x': 7.533, 'y': 2.321, 'r': 0.4, 'type': 1}]
35261,1398694077.8136332,[{'idp': 39, 'x': 6.424, 'y': 2.875, 'r': 0.4, 'type': 1}, {'idp': 40, 'x': 7.491, 'y': 2.307, 'r': 0.4, 'type': 1}]
35262,1398694077.853786,[{'idp': 39, 'x': 6.378, 'y': 2.872, 'r': 0.4, 'type': 1}, {'idp': 40, 'x': 7.451, 'y': 2.316, 'r': 0.4, 'type': 1}]
35263,1398694077.8590467,[{'idp': 39, 'x': 6.335, 'y': 2.886, 'r': 0.4, 'type': 1}, {'idp': 40, 'x': 7.442, 'y': 2.306, 'r': 0.4, 'type': 1}]
35264,1398694077.8977146,[{'idp': 39, 'x': 6.292, 'y': 2.9, 'r': 0.4, 'type': 1}, {'idp': 40, 'x': 7.394, 'y': 2.312, 'r': 0.4, 'type': 1}]
35265,1398694077.9377086,[{'idp': 39, 'x': 6.272, 'y': 2.89, 'r': 0.4, 'type': 1}, {'idp': 40, 'x': 7.351, 'y': 2.319, 'r': 0.4, 'type': 1}]
35266,1398694077.937747,[{'idp': 39, 'x': 6.217, 'y': 2.881, 'r': 0.4, 'type': 1}, {'idp': 40, 'x': 7.319, 'y': 2.306, 'r': 0.4, 'type': 1}]
35267,1398694077.9776826,[{'idp': 39, 'x': 6.156, 'y': 2.871, 'r': 0.4, 'type': 1}, {'idp': 40, 'x': 7.277, 'y': 2.314, 'r': 0.4, 'type': 1}]
35268,1398694077.9834464,[{'idp': 39, 'x': 6.135, 'y': 2.91, 'r': 0.4, 'type': 1}, {'idp': 40, 'x': 7.248, 'y': 2.321, 'r': 0.4, 'type': 1}]
35269,1398694078.021663,[{'idp': 39, 'x': 6.132, 'y': 2.892, 'r': 0.4, 'type': 1}, {'idp': 40, 'x': 7.195, 'y': 2.322, 'r': 0.4, 'type': 1}]
35270,1398694078.0616999,[{'idp': 39, 'x': 6.113, 'y': 2.9, 'r': 0.4, 'type': 1}, {'idp': 40, 'x': 7.164, 'y': 2.313, 'r': 0.4, 'type': 1}]
35271,1398694078.0617282,[{'idp': 39, 'x': 6.095, 'y': 2.907, 'r': 0.4, 'type': 1}, {'idp': 40, 'x': 7.119, 'y': 2.299, 'r': 0.4, 'type': 1}]
35272,1398694078.1016927,[{'idp': 39, 'x': 6.063, 'y': 2.925, 'r': 0.4, 'type': 1}, {'idp': 40, 'x': 7.073, 'y': 2.284, 'r': 0.4, 'type': 1}]
35273,1398694078.1081324,[{'idp': 39, 'x': 6.023, 'y': 2.937, 'r': 0.4, 'type': 1}, {'idp': 40, 'x': 7.034, 'y': 2.302, 'r': 0.4, 'type': 1}]
35274,1398694078.1457334,[{'idp': 39, 'x': 5.986, 'y': 2.952, 'r': 0.4, 'type': 1}, {'idp': 40, 'x': 6.988, 'y': 2.341, 'r': 0.4, 'type': 1}]
35275,1398694078.1857183,[{'idp': 39, 'x': 5.96, 'y': 2.971, 'r': 0.4, 'type': 1}, {'idp': 40, 'x': 6.963, 'y': 2.332, 'r': 0.4, 'type': 1}]
35276,1398694078.1857498,[{'idp': 39, 'x': 5.944, 'y': 2.963, 'r': 0.4, 'type': 1}, {'idp': 40, 'x': 6.947, 'y': 2.327, 'r': 0.4, 'type': 1}]
35277,1398694078.2256892,[{'idp': 39, 'x': 5.923, 'y': 2.952, 'r': 0.4, 'type': 1}, {'idp': 40, 'x': 6.906, 'y': 2.311, 'r': 0.4, 'type': 1}]
35278,1398694078.2328122,[{'idp': 39, 'x': 5.863, 'y': 2.954, 'r': 0.4, 'type': 1}, {'idp': 40, 'x': 6.877, 'y': 2.302, 'r': 0.4, 'type': 1}]
35279,1398694078.2697315,[{'idp': 39, 'x': 5.844, 'y': 2.944, 'r': 0.4, 'type': 1}, {'idp': 40, 'x': 6.81, 'y': 2.28, 'r': 0.4, 'type': 1}]
35280,1398694078.3096743,[{'idp': 39, 'x': 5.802, 'y': 2.952, 'r': 0.4, 'type': 1}, {'idp': 40, 'x': 6.763, 'y': 2.297, 'r': 0.4, 'type': 1}]
35281,1398694078.3097026,[{'idp': 39, 'x': 5.782, 'y': 2.96, 'r': 0.4, 'type': 1}, {'idp': 40, 'x': 6.723, 'y': 2.317, 'r': 0.4, 'type': 1}]
35282,1398694078.3497155,[{'idp': 39, 'x': 5.74, 'y': 2.97, 'r': 0.4, 'type': 1}, {'idp': 40, 'x': 6.691, 'y': 2.306, 'r': 0.4, 'type': 1}]
35283,1398694078.357136,[{'idp': 39, 'x': 5.717, 'y': 2.958, 'r': 0.4, 'type': 1}, {'idp': 40, 'x': 6.643, 'y': 2.305, 'r': 0.4, 'type': 1}]
35284,1398694078.393706,[{'idp': 39, 'x': 5.668, 'y': 2.982, 'r': 0.4, 'type': 1}, {'idp': 40, 'x': 6.628, 'y': 2.333, 'r': 0.4, 'type': 1}]
35285,1398694078.4337175,[{'idp': 39, 'x': 5.641, 'y': 2.982, 'r': 0.4, 'type': 1}, {'idp': 40, 'x': 6.588, 'y': 2.351, 'r': 0.4, 'type': 1}]
35286,1398694078.433748,[{'idp': 39, 'x': 5.613, 'y': 2.982, 'r': 0.4, 'type': 1}, {'idp': 40, 'x': 6.536, 'y': 2.365, 'r': 0.4, 'type': 1}]
35287,1398694078.4736853,[{'idp': 39, 'x': 5.583, 'y': 2.982, 'r': 0.4, 'type': 1}, {'idp': 40, 'x': 6.499, 'y': 2.351, 'r': 0.4, 'type': 1}]
35288,1398694078.481796,[{'idp': 39, 'x': 5.514, 'y': 2.977, 'r': 0.4, 'type': 1}, {'idp': 40, 'x': 6.447, 'y': 2.348, 'r': 0.4, 'type': 1}]
35289,1398694078.5216706,[{'idp': 39, 'x': 5.479, 'y': 2.974, 'r': 0.4, 'type': 1}, {'idp': 40, 'x': 6.403, 'y': 2.348, 'r': 0.4, 'type': 1}]
35290,1398694078.5617137,[{'idp': 39, 'x': 5.439, 'y': 2.983, 'r': 0.4, 'type': 1}, {'idp': 40, 'x': 6.34, 'y': 2.341, 'r': 0.4, 'type': 1}]
35291,1398694078.5617456,[{'idp': 39, 'x': 5.406, 'y': 2.981, 'r': 0.4, 'type': 1}, {'idp': 40, 'x': 6.318, 'y': 2.348, 'r': 0.4, 'type': 1}]
35292,1398694078.6016793,[{'idp': 39, 'x': 5.378, 'y': 2.98, 'r': 0.4, 'type': 1}, {'idp': 40, 'x': 6.287, 'y': 2.337, 'r': 0.4, 'type': 1}]
35293,1398694078.6063724,[{'idp': 39, 'x': 5.338, 'y': 2.974, 'r': 0.4, 'type': 1}, {'idp': 40, 'x': 6.25, 'y': 2.307, 'r': 0.4, 'type': 1}]
35294,1398694078.645675,[{'idp': 39, 'x': 5.307, 'y': 2.988, 'r': 0.4, 'type': 1}, {'idp': 40, 'x': 6.237, 'y': 2.333, 'r': 0.4, 'type': 1}]
35295,1398694078.6856866,[{'idp': 39, 'x': 5.273, 'y': 2.999, 'r': 0.4, 'type': 1}, {'idp': 40, 'x': 6.199, 'y': 2.35, 'r': 0.4, 'type': 1}]
35296,1398694078.685721,[{'idp': 39, 'x': 5.229, 'y': 3.004, 'r': 0.4, 'type': 1}, {'idp': 40, 'x': 6.156, 'y': 2.349, 'r': 0.4, 'type': 1}]
35297,1398694078.725759,[{'idp': 39, 'x': 5.202, 'y': 2.989, 'r': 0.4, 'type': 1}, {'idp': 40, 'x': 6.129, 'y': 2.323, 'r': 0.4, 'type': 1}]
35298,1398694078.7323425,[{'idp': 39, 'x': 5.169, 'y': 2.985, 'r': 0.4, 'type': 1}, {'idp': 40, 'x': 6.098, 'y': 2.326, 'r': 0.4, 'type': 1}]
35299,1398694078.7697334,[{'idp': 39, 'x': 5.103, 'y': 2.962, 'r': 0.4, 'type': 1}, {'idp': 40, 'x': 6.068, 'y': 2.314, 'r': 0.4, 'type': 1}]
35300,1398694078.8096447,[{'idp': 39, 'x': 5.037, 'y': 2.952, 'r': 0.4, 'type': 1}, {'idp': 40, 'x': 6.026, 'y': 2.329, 'r': 0.4, 'type': 1}]
35301,1398694078.8096704,[{'idp': 39, 'x': 4.973, 'y': 2.944, 'r': 0.4, 'type': 1}, {'idp': 40, 'x': 5.988, 'y': 2.331, 'r': 0.4, 'type': 1}]
35302,1398694078.8496861,[{'idp': 39, 'x': 4.964, 'y': 2.938, 'r': 0.4, 'type': 1}, {'idp': 40, 'x': 5.947, 'y': 2.33, 'r': 0.4, 'type': 1}]
35303,1398694078.855474,[{'idp': 39, 'x': 4.944, 'y': 2.94, 'r': 0.4, 'type': 1}, {'idp': 40, 'x': 5.907, 'y': 2.33, 'r': 0.4, 'type': 1}]
35304,1398694078.8937032,[{'idp': 39, 'x': 4.917, 'y': 2.953, 'r': 0.4, 'type': 1}, {'idp': 40, 'x': 5.867, 'y': 2.344, 'r': 0.4, 'type': 1}]
35305,1398694078.9336827,[{'idp': 39, 'x': 4.915, 'y': 2.98, 'r': 0.4, 'type': 1}, {'idp': 40, 'x': 5.84, 'y': 2.333, 'r': 0.4, 'type': 1}]
35306,1398694078.933716,[{'idp': 39, 'x': 4.885, 'y': 2.992, 'r': 0.4, 'type': 1}, {'idp': 40, 'x': 5.806, 'y': 2.329, 'r': 0.4, 'type': 1}]
35307,1398694078.9737353,[{'idp': 39, 'x': 4.847, 'y': 2.983, 'r': 0.4, 'type': 1}, {'idp': 40, 'x': 5.748, 'y': 2.325, 'r': 0.4, 'type': 1}]
35308,1398694078.9801707,[{'idp': 39, 'x': 4.821, 'y': 2.982, 'r': 0.4, 'type': 1}, {'idp': 40, 'x': 5.727, 'y': 2.312, 'r': 0.4, 'type': 1}]
35309,1398694079.0177047,[{'idp': 39, 'x': 4.812, 'y': 2.976, 'r': 0.4, 'type': 1}, {'idp': 40, 'x': 5.691, 'y': 2.317, 'r': 0.4, 'type': 1}]
35310,1398694079.057691,[{'idp': 39, 'x': 4.773, 'y': 2.98, 'r': 0.4, 'type': 1}, {'idp': 40, 'x': 5.649, 'y': 2.309, 'r': 0.4, 'type': 1}]
35311,1398694079.0577226,[{'idp': 39, 'x': 4.741, 'y': 2.989, 'r': 0.4, 'type': 1}, {'idp': 40, 'x': 5.603, 'y': 2.318, 'r': 0.4, 'type': 1}]
35312,1398694079.0976532,[{'idp': 39, 'x': 4.696, 'y': 2.99, 'r': 0.4, 'type': 1}, {'idp': 40, 'x': 5.538, 'y': 2.327, 'r': 0.4, 'type': 1}]
35313,1398694079.1052866,[{'idp': 39, 'x': 4.656, 'y': 2.98, 'r': 0.4, 'type': 1}, {'idp': 40, 'x': 5.515, 'y': 2.311, 'r': 0.4, 'type': 1}]
35314,1398694079.1417656,[{'idp': 39, 'x': 4.573, 'y': 2.956, 'r': 0.4, 'type': 1}, {'idp': 40, 'x': 5.446, 'y': 2.294, 'r': 0.4, 'type': 1}]
35315,1398694079.1816857,[{'idp': 39, 'x': 4.577, 'y': 2.987, 'r': 0.4, 'type': 1}, {'idp': 40, 'x': 5.427, 'y': 2.281, 'r': 0.4, 'type': 1}]
35316,1398694079.1817183,[{'idp': 39, 'x': 4.563, 'y': 3.007, 'r': 0.4, 'type': 1}, {'idp': 40, 'x': 5.37, 'y': 2.308, 'r': 0.4, 'type': 1}]
35317,1398694079.2216806,[{'idp': 39, 'x': 4.531, 'y': 3.0, 'r': 0.4, 'type': 1}, {'idp': 40, 'x': 5.323, 'y': 2.333, 'r': 0.4, 'type': 1}]
35318,1398694079.2308195,[{'idp': 39, 'x': 4.507, 'y': 2.998, 'r': 0.4, 'type': 1}, {'idp': 40, 'x': 5.294, 'y': 2.317, 'r': 0.4, 'type': 1}]
35319,1398694079.2698,[{'idp': 39, 'x': 4.492, 'y': 3.002, 'r': 0.4, 'type': 1}, {'idp': 40, 'x': 5.261, 'y': 2.316, 'r': 0.4, 'type': 1}]
35320,1398694079.309781,[{'idp': 39, 'x': 4.48, 'y': 2.994, 'r': 0.4, 'type': 1}, {'idp': 40, 'x': 5.235, 'y': 2.305, 'r': 0.4, 'type': 1}]
35321,1398694079.309812,[{'idp': 39, 'x': 4.446, 'y': 2.984, 'r': 0.4, 'type': 1}, {'idp': 40, 'x': 5.204, 'y': 2.305, 'r': 0.4, 'type': 1}]
35322,1398694079.3496823,[{'idp': 39, 'x': 4.428, 'y': 3.001, 'r': 0.4, 'type': 1}, {'idp': 40, 'x': 5.166, 'y': 2.316, 'r': 0.4, 'type': 1}]
35323,1398694079.3539872,[{'idp': 39, 'x': 4.401, 'y': 2.996, 'r': 0.4, 'type': 1}, {'idp': 40, 'x': 5.135, 'y': 2.316, 'r': 0.4, 'type': 1}]
35324,1398694079.3937137,[{'idp': 39, 'x': 4.39, 'y': 2.994, 'r': 0.4, 'type': 1}, {'idp': 40, 'x': 5.096, 'y': 2.311, 'r': 0.4, 'type': 1}]
35325,1398694079.4336946,[{'idp': 39, 'x': 4.351, 'y': 2.993, 'r': 0.4, 'type': 1}, {'idp': 40, 'x': 5.051, 'y': 2.304, 'r': 0.4, 'type': 1}]
35326,1398694079.4337275,[{'idp': 39, 'x': 4.319, 'y': 2.982, 'r': 0.4, 'type': 1}, {'idp': 40, 'x': 5.012, 'y': 2.3, 'r': 0.4, 'type': 1}]
35327,1398694079.473728,[{'idp': 39, 'x': 4.314, 'y': 2.967, 'r': 0.4, 'type': 1}, {'idp': 40, 'x': 4.975, 'y': 2.296, 'r': 0.4, 'type': 1}]
35328,1398694079.4786434,[{'idp': 39, 'x': 4.278, 'y': 2.97, 'r': 0.4, 'type': 1}, {'idp': 40, 'x': 4.93, 'y': 2.288, 'r': 0.4, 'type': 1}]
35329,1398694079.5176897,[{'idp': 39, 'x': 4.229, 'y': 2.984, 'r': 0.4, 'type': 1}, {'idp': 40, 'x': 4.861, 'y': 2.282, 'r': 0.4, 'type': 1}]
35330,1398694079.5576737,[{'idp': 39, 'x': 4.209, 'y': 2.98, 'r': 0.4, 'type': 1}, {'idp': 40, 'x': 4.842, 'y': 2.299, 'r': 0.4, 'type': 1}]
35331,1398694079.557705,[{'idp': 39, 'x': 4.169, 'y': 2.981, 'r': 0.4, 'type': 1}, {'idp': 40, 'x': 4.784, 'y': 2.284, 'r': 0.4, 'type': 1}]
35332,1398694079.5977101,[{'idp': 39, 'x': 4.174, 'y': 2.982, 'r': 0.4, 'type': 1}, {'idp': 40, 'x': 4.761, 'y': 2.286, 'r': 0.4, 'type': 1}]
35333,1398694079.6030662,[{'idp': 39, 'x': 4.13, 'y': 2.957, 'r': 0.4, 'type': 1}, {'idp': 40, 'x': 4.731, 'y': 2.297, 'r': 0.4, 'type': 1}]
35334,1398694079.641726,[{'idp': 39, 'x': 4.112, 'y': 2.965, 'r': 0.4, 'type': 1}, {'idp': 40, 'x': 4.69, 'y': 2.29, 'r': 0.4, 'type': 1}]
35335,1398694079.6817014,[{'idp': 39, 'x': 4.075, 'y': 2.975, 'r': 0.4, 'type': 1}, {'idp': 40, 'x': 4.648, 'y': 2.282, 'r': 0.4, 'type': 1}]
35336,1398694079.6817229,[{'idp': 39, 'x': 4.044, 'y': 2.962, 'r': 0.4, 'type': 1}, {'idp': 40, 'x': 4.621, 'y': 2.281, 'r': 0.4, 'type': 1}]
35337,1398694079.7216835,[{'idp': 39, 'x': 4.014, 'y': 2.973, 'r': 0.4, 'type': 1}, {'idp': 40, 'x': 4.609, 'y': 2.3, 'r': 0.4, 'type': 1}]
35338,1398694079.7279177,[{'idp': 39, 'x': 3.961, 'y': 2.979, 'r': 0.4, 'type': 1}, {'idp': 40, 'x': 4.57, 'y': 2.293, 'r': 0.4, 'type': 1}]
35339,1398694079.7657394,[{'idp': 39, 'x': 3.917, 'y': 2.972, 'r': 0.4, 'type': 1}, {'idp': 40, 'x': 4.549, 'y': 2.294, 'r': 0.4, 'type': 1}]
35340,1398694079.8056912,[{'idp': 39, 'x': 3.863, 'y': 2.977, 'r': 0.4, 'type': 1}, {'idp': 40, 'x': 4.506, 'y': 2.297, 'r': 0.4, 'type': 1}]
35341,1398694079.8057199,[{'idp': 39, 'x': 3.832, 'y': 2.967, 'r': 0.4, 'type': 1}, {'idp': 40, 'x': 4.47, 'y': 2.28, 'r': 0.4, 'type': 1}]
35342,1398694079.8457248,[{'idp': 39, 'x': 3.801, 'y': 2.97, 'r': 0.4, 'type': 1}, {'idp': 40, 'x': 4.445, 'y': 2.265, 'r': 0.4, 'type': 1}]
35343,1398694079.852343,[{'idp': 39, 'x': 3.779, 'y': 2.966, 'r': 0.4, 'type': 1}, {'idp': 40, 'x': 4.404, 'y': 2.253, 'r': 0.4, 'type': 1}]
35344,1398694079.8896875,[{'idp': 39, 'x': 3.745, 'y': 2.953, 'r': 0.4, 'type': 1}, {'idp': 40, 'x': 4.374, 'y': 2.248, 'r': 0.4, 'type': 1}]
35345,1398694079.929783,[{'idp': 39, 'x': 3.724, 'y': 2.949, 'r': 0.4, 'type': 1}, {'idp': 40, 'x': 4.325, 'y': 2.249, 'r': 0.4, 'type': 1}]
35346,1398694079.929813,[{'idp': 39, 'x': 3.684, 'y': 2.957, 'r': 0.4, 'type': 1}, {'idp': 40, 'x': 4.277, 'y': 2.252, 'r': 0.4, 'type': 1}]
35347,1398694079.969708,[{'idp': 39, 'x': 3.639, 'y': 2.96, 'r': 0.4, 'type': 1}, {'idp': 40, 'x': 4.257, 'y': 2.256, 'r': 0.4, 'type': 1}]
35348,1398694079.9769654,[{'idp': 39, 'x': 3.564, 'y': 2.939, 'r': 0.4, 'type': 1}, {'idp': 40, 'x': 4.203, 'y': 2.271, 'r': 0.4, 'type': 1}]
35349,1398694080.013661,[{'idp': 39, 'x': 3.528, 'y': 2.933, 'r': 0.4, 'type': 1}, {'idp': 40, 'x': 4.167, 'y': 2.263, 'r': 0.4, 'type': 1}]
35350,1398694080.0536892,[{'idp': 39, 'x': 3.513, 'y': 2.933, 'r': 0.4, 'type': 1}, {'idp': 40, 'x': 4.132, 'y': 2.256, 'r': 0.4, 'type': 1}]
35351,1398694080.0537179,[{'idp': 39, 'x': 3.479, 'y': 2.93, 'r': 0.4, 'type': 1}, {'idp': 40, 'x': 4.104, 'y': 2.252, 'r': 0.4, 'type': 1}]
35352,1398694080.093661,[{'idp': 39, 'x': 3.449, 'y': 2.917, 'r': 0.4, 'type': 1}, {'idp': 40, 'x': 4.047, 'y': 2.233, 'r': 0.4, 'type': 1}]
35353,1398694080.1013887,[{'idp': 39, 'x': 3.431, 'y': 2.914, 'r': 0.4, 'type': 1}, {'idp': 40, 'x': 3.997, 'y': 2.229, 'r': 0.4, 'type': 1}]
35354,1398694080.1377828,[{'idp': 39, 'x': 3.396, 'y': 2.923, 'r': 0.4, 'type': 1}, {'idp': 40, 'x': 3.958, 'y': 2.226, 'r': 0.4, 'type': 1}]
35355,1398694080.1777065,[{'idp': 39, 'x': 3.382, 'y': 2.949, 'r': 0.4, 'type': 1}, {'idp': 40, 'x': 3.911, 'y': 2.234, 'r': 0.4, 'type': 1}]
35356,1398694080.177738,[{'idp': 39, 'x': 3.335, 'y': 2.946, 'r': 0.4, 'type': 1}, {'idp': 40, 'x': 3.87, 'y': 2.245, 'r': 0.4, 'type': 1}]
35357,1398694080.2176597,[{'idp': 39, 'x': 3.335, 'y': 2.959, 'r': 0.4, 'type': 1}, {'idp': 40, 'x': 3.837, 'y': 2.237, 'r': 0.4, 'type': 1}]
35358,1398694080.2262208,[{'idp': 39, 'x': 3.285, 'y': 2.941, 'r': 0.4, 'type': 1}, {'idp': 40, 'x': 3.814, 'y': 2.222, 'r': 0.4, 'type': 1}]
35359,1398694080.265739,[{'idp': 39, 'x': 3.266, 'y': 2.95, 'r': 0.4, 'type': 1}, {'idp': 40, 'x': 3.775, 'y': 2.25, 'r': 0.4, 'type': 1}]
35360,1398694080.3056343,[{'idp': 39, 'x': 3.198, 'y': 2.94, 'r': 0.4, 'type': 1}, {'idp': 40, 'x': 3.733, 'y': 2.233, 'r': 0.4, 'type': 1}]
35361,1398694080.3056643,[{'idp': 39, 'x': 3.176, 'y': 2.945, 'r': 0.4, 'type': 1}, {'idp': 40, 'x': 3.685, 'y': 2.238, 'r': 0.4, 'type': 1}]
35362,1398694080.345748,[{'idp': 39, 'x': 3.129, 'y': 2.928, 'r': 0.4, 'type': 1}, {'idp': 40, 'x': 3.653, 'y': 2.219, 'r': 0.4, 'type': 1}]
35363,1398694080.3508315,[{'idp': 39, 'x': 3.084, 'y': 2.912, 'r': 0.4, 'type': 1}, {'idp': 40, 'x': 3.608, 'y': 2.203, 'r': 0.4, 'type': 1}]
35364,1398694080.3897648,[{'idp': 39, 'x': 3.024, 'y': 2.908, 'r': 0.4, 'type': 1}, {'idp': 40, 'x': 3.55, 'y': 2.2, 'r': 0.4, 'type': 1}]
35365,1398694080.429767,[{'idp': 39, 'x': 3.023, 'y': 2.946, 'r': 0.4, 'type': 1}, {'idp': 40, 'x': 3.496, 'y': 2.198, 'r': 0.4, 'type': 1}]
35366,1398694080.4297974,[{'idp': 39, 'x': 2.994, 'y': 2.942, 'r': 0.4, 'type': 1}, {'idp': 40, 'x': 3.455, 'y': 2.193, 'r': 0.4, 'type': 1}]
35367,1398694080.4696708,[{'idp': 39, 'x': 2.974, 'y': 2.949, 'r': 0.4, 'type': 1}, {'idp': 40, 'x': 3.372, 'y': 2.15, 'r': 0.4, 'type': 1}]
35368,1398694080.4761863,[{'idp': 39, 'x': 2.956, 'y': 2.944, 'r': 0.4, 'type': 1}, {'idp': 40, 'x': 3.303, 'y': 2.125, 'r': 0.4, 'type': 1}]
35369,1398694080.5136783,[{'idp': 39, 'x': 2.912, 'y': 2.951, 'r': 0.4, 'type': 1}, {'idp': 40, 'x': 3.232, 'y': 2.109, 'r': 0.4, 'type': 1}]
35370,1398694080.5536919,[{'idp': 39, 'x': 2.898, 'y': 2.962, 'r': 0.4, 'type': 1}, {'idp': 40, 'x': 3.233, 'y': 2.129, 'r': 0.4, 'type': 1}]
35371,1398694080.5537233,[{'idp': 39, 'x': 2.858, 'y': 2.959, 'r': 0.4, 'type': 1}, {'idp': 40, 'x': 3.182, 'y': 2.125, 'r': 0.4, 'type': 1}]
35372,1398694080.593714,[{'idp': 39, 'x': 2.84, 'y': 2.948, 'r': 0.4, 'type': 1}, {'idp': 40, 'x': 3.118, 'y': 2.113, 'r': 0.4, 'type': 1}]
35373,1398694080.6002018,[{'idp': 39, 'x': 2.805, 'y': 2.948, 'r': 0.4, 'type': 1}, {'idp': 40, 'x': 3.074, 'y': 2.103, 'r': 0.4, 'type': 1}]
35374,1398694080.637688,[{'idp': 39, 'x': 2.771, 'y': 2.949, 'r': 0.4, 'type': 1}, {'idp': 40, 'x': 3.061, 'y': 2.103, 'r': 0.4, 'type': 1}]
35375,1398694080.6776938,[{'idp': 39, 'x': 2.736, 'y': 2.949, 'r': 0.4, 'type': 1}, {'idp': 40, 'x': 3.047, 'y': 2.135, 'r': 0.4, 'type': 1}]
35376,1398694080.6777256,[{'idp': 39, 'x': 2.704, 'y': 2.957, 'r': 0.4, 'type': 1}, {'idp': 40, 'x': 3.045, 'y': 2.154, 'r': 0.4, 'type': 1}]
35377,1398694080.71774,[{'idp': 39, 'x': 2.688, 'y': 2.96, 'r': 0.4, 'type': 1}, {'idp': 40, 'x': 3.047, 'y': 2.186, 'r': 0.4, 'type': 1}]
35378,1398694080.7250395,[{'idp': 39, 'x': 2.651, 'y': 2.963, 'r': 0.4, 'type': 1}, {'idp': 40, 'x': 3.017, 'y': 2.185, 'r': 0.4, 'type': 1}]
35379,1398694080.76167,[{'idp': 39, 'x': 2.628, 'y': 2.971, 'r': 0.4, 'type': 1}, {'idp': 40, 'x': 2.99, 'y': 2.195, 'r': 0.4, 'type': 1}]
35380,1398694080.8016284,[{'idp': 39, 'x': 2.6, 'y': 2.959, 'r': 0.4, 'type': 1}, {'idp': 40, 'x': 2.958, 'y': 2.202, 'r': 0.4, 'type': 1}]
35381,1398694080.8016474,[{'idp': 39, 'x': 2.567, 'y': 2.965, 'r': 0.4, 'type': 1}, {'idp': 40, 'x': 2.927, 'y': 2.198, 'r': 0.4, 'type': 1}]
35382,1398694080.8416996,[{'idp': 39, 'x': 2.547, 'y': 2.968, 'r': 0.4, 'type': 1}, {'idp': 40, 'x': 2.902, 'y': 2.199, 'r': 0.4, 'type': 1}]
35383,1398694080.8494096,[{'idp': 39, 'x': 2.506, 'y': 2.959, 'r': 0.4, 'type': 1}, {'idp': 40, 'x': 2.862, 'y': 2.187, 'r': 0.4, 'type': 1}]
35384,1398694080.885682,[{'idp': 39, 'x': 2.466, 'y': 2.964, 'r': 0.4, 'type': 1}, {'idp': 40, 'x': 2.822, 'y': 2.187, 'r': 0.4, 'type': 1}]
35385,1398694080.925701,[{'idp': 39, 'x': 2.432, 'y': 2.969, 'r': 0.4, 'type': 1}, {'idp': 40, 'x': 2.773, 'y': 2.179, 'r': 0.4, 'type': 1}]
35386,1398694080.9257298,[{'idp': 39, 'x': 2.401, 'y': 2.972, 'r': 0.4, 'type': 1}, {'idp': 40, 'x': 2.75, 'y': 2.176, 'r': 0.4, 'type': 1}]
35387,1398694080.9657485,[{'idp': 39, 'x': 2.374, 'y': 2.966, 'r': 0.4, 'type': 1}, {'idp': 40, 'x': 2.711, 'y': 2.178, 'r': 0.4, 'type': 1}]
35388,1398694080.974205,[{'idp': 39, 'x': 2.314, 'y': 2.975, 'r': 0.4, 'type': 1}, {'idp': 40, 'x': 2.677, 'y': 2.18, 'r': 0.4, 'type': 1}]
35389,1398694081.013693,[{'idp': 39, 'x': 2.303, 'y': 2.975, 'r': 0.4, 'type': 1}, {'idp': 40, 'x': 2.656, 'y': 2.18, 'r': 0.4, 'type': 1}]
35390,1398694081.053764,[{'idp': 39, 'x': 2.257, 'y': 2.969, 'r': 0.4, 'type': 1}, {'idp': 40, 'x': 2.613, 'y': 2.165, 'r': 0.4, 'type': 1}]
35391,1398694081.0537953,[{'idp': 39, 'x': 2.244, 'y': 2.965, 'r': 0.4, 'type': 1}, {'idp': 40, 'x': 2.579, 'y': 2.154, 'r': 0.4, 'type': 1}]
35392,1398694081.0936928,[{'idp': 39, 'x': 2.201, 'y': 2.976, 'r': 0.4, 'type': 1}, {'idp': 40, 'x': 2.554, 'y': 2.167, 'r': 0.4, 'type': 1}]
35393,1398694081.09839,[{'idp': 39, 'x': 2.151, 'y': 2.961, 'r': 0.4, 'type': 1}, {'idp': 40, 'x': 2.517, 'y': 2.169, 'r': 0.4, 'type': 1}]
35394,1398694081.1377225,[{'idp': 39, 'x': 2.096, 'y': 2.91, 'r': 0.4, 'type': 1}, {'idp': 40, 'x': 2.482, 'y': 2.158, 'r': 0.4, 'type': 1}]
35395,1398694081.1777148,[{'idp': 39, 'x': 2.047, 'y': 2.921, 'r': 0.4, 'type': 1}, {'idp': 40, 'x': 2.444, 'y': 2.159, 'r': 0.4, 'type': 1}]
35396,1398694081.1777437,[{'idp': 39, 'x': 2.052, 'y': 2.941, 'r': 0.4, 'type': 1}, {'idp': 40, 'x': 2.39, 'y': 2.154, 'r': 0.4, 'type': 1}]
35397,1398694081.2177198,[{'idp': 39, 'x': 2.029, 'y': 2.962, 'r': 0.4, 'type': 1}, {'idp': 40, 'x': 2.359, 'y': 2.151, 'r': 0.4, 'type': 1}]
35398,1398694081.2231314,[{'idp': 39, 'x': 1.974, 'y': 2.949, 'r': 0.4, 'type': 1}, {'idp': 40, 'x': 2.321, 'y': 2.155, 'r': 0.4, 'type': 1}]
35399,1398694081.2617686,[{'idp': 39, 'x': 1.955, 'y': 2.947, 'r': 0.4, 'type': 1}, {'idp': 40, 'x': 2.284, 'y': 2.153, 'r': 0.4, 'type': 1}]
35400,1398694081.3017302,[{'idp': 39, 'x': 1.93, 'y': 2.95, 'r': 0.4, 'type': 1}, {'idp': 40, 'x': 2.247, 'y': 2.146, 'r': 0.4, 'type': 1}]
35401,1398694081.3017523,[{'idp': 39, 'x': 1.917, 'y': 2.957, 'r': 0.4, 'type': 1}, {'idp': 40, 'x': 2.218, 'y': 2.155, 'r': 0.4, 'type': 1}]
35402,1398694081.3417315,[{'idp': 39, 'x': 1.861, 'y': 2.941, 'r': 0.4, 'type': 1}, {'idp': 40, 'x': 2.183, 'y': 2.14, 'r': 0.4, 'type': 1}]
35403,1398694081.3476346,[{'idp': 39, 'x': 1.873, 'y': 2.975, 'r': 0.4, 'type': 1}, {'idp': 40, 'x': 2.141, 'y': 2.135, 'r': 0.4, 'type': 1}]
35404,1398694081.3856933,[{'idp': 39, 'x': 1.832, 'y': 2.965, 'r': 0.4, 'type': 1}, {'idp': 40, 'x': 2.085, 'y': 2.107, 'r': 0.4, 'type': 1}]
35405,1398694081.4257057,[{'idp': 39, 'x': 1.81, 'y': 2.959, 'r': 0.4, 'type': 1}, {'idp': 40, 'x': 2.025, 'y': 2.083, 'r': 0.4, 'type': 1}]
35406,1398694081.4257329,[{'idp': 39, 'x': 1.774, 'y': 2.974, 'r': 0.4, 'type': 1}, {'idp': 40, 'x': 1.942, 'y': 2.022, 'r': 0.4, 'type': 1}]
35407,1398694081.4657214,[{'idp': 39, 'x': 1.74, 'y': 2.962, 'r': 0.4, 'type': 1}, {'idp': 40, 'x': 1.871, 'y': 1.98, 'r': 0.4, 'type': 1}]
35408,1398694081.4751263,[{'idp': 39, 'x': 1.698, 'y': 2.948, 'r': 0.4, 'type': 1}, {'idp': 40, 'x': 1.829, 'y': 1.978, 'r': 0.4, 'type': 1}]
35409,1398694081.5137608,[{'idp': 39, 'x': 1.659, 'y': 2.94, 'r': 0.4, 'type': 1}, {'idp': 40, 'x': 1.819, 'y': 2.001, 'r': 0.4, 'type': 1}]
35410,1398694081.5536766,[{'idp': 39, 'x': 1.621, 'y': 2.933, 'r': 0.4, 'type': 1}, {'idp': 40, 'x': 1.806, 'y': 2.029, 'r': 0.4, 'type': 1}]
35411,1398694081.5537045,[{'idp': 39, 'x': 1.585, 'y': 2.929, 'r': 0.4, 'type': 1}, {'idp': 40, 'x': 1.832, 'y': 2.064, 'r': 0.4, 'type': 1}]
35412,1398694081.5937421,[{'idp': 39, 'x': 1.552, 'y': 2.916, 'r': 0.4, 'type': 1}, {'idp': 40, 'x': 1.831, 'y': 2.08, 'r': 0.4, 'type': 1}]
35413,1398694081.5971978,[{'idp': 39, 'x': 1.525, 'y': 2.896, 'r': 0.4, 'type': 1}, {'idp': 40, 'x': 1.809, 'y': 2.082, 'r': 0.4, 'type': 1}]
35414,1398694081.6337795,[{'idp': 39, 'x': 1.483, 'y': 2.895, 'r': 0.4, 'type': 1}, {'idp': 40, 'x': 1.762, 'y': 2.064, 'r': 0.4, 'type': 1}]
35415,1398694081.6736517,[{'idp': 39, 'x': 1.451, 'y': 2.896, 'r': 0.4, 'type': 1}, {'idp': 40, 'x': 1.724, 'y': 2.056, 'r': 0.4, 'type': 1}, {'idp': 41, 'x': 0.021, 'y': 3.445, 'r': 0.4, 'type': 1}]
35416,1398694081.6737094,[{'idp': 39, 'x': 1.422, 'y': 2.901, 'r': 0.4, 'type': 1}, {'idp': 40, 'x': 1.679, 'y': 2.038, 'r': 0.4, 'type': 1}, {'idp': 41, 'x': 0.156, 'y': 3.44, 'r': 0.4, 'type': 1}]
35417,1398694081.7137818,[{'idp': 39, 'x': 1.407, 'y': 2.902, 'r': 0.4, 'type': 1}, {'idp': 40, 'x': 1.629, 'y': 2.015, 'r': 0.4, 'type': 1}, {'idp': 41, 'x': 0.164, 'y': 3.436, 'r': 0.4, 'type': 1}]
35418,1398694081.722682,[{'idp': 39, 'x': 1.367, 'y': 2.9, 'r': 0.4, 'type': 1}, {'idp': 40, 'x': 1.569, 'y': 1.988, 'r': 0.4, 'type': 1}, {'idp': 41, 'x': 0.172, 'y': 3.436, 'r': 0.4, 'type': 1}]
35419,1398694081.7617657,[{'idp': 39, 'x': 1.342, 'y': 2.913, 'r': 0.4, 'type': 1}, {'idp': 40, 'x': 1.533, 'y': 2.01, 'r': 0.4, 'type': 1}, {'idp': 41, 'x': 0.177, 'y': 3.446, 'r': 0.4, 'type': 1}]
35420,1398694081.8016574,[{'idp': 39, 'x': 1.309, 'y': 2.899, 'r': 0.4, 'type': 1}, {'idp': 40, 'x': 1.515, 'y': 2.043, 'r': 0.4, 'type': 1}, {'idp': 41, 'x': 0.177, 'y': 3.452, 'r': 0.4, 'type': 1}]
35421,1398694081.8016896,[{'idp': 39, 'x': 1.277, 'y': 2.889, 'r': 0.4, 'type': 1}, {'idp': 40, 'x': 1.497, 'y': 2.037, 'r': 0.4, 'type': 1}, {'idp': 41, 'x': 0.185, 'y': 3.437, 'r': 0.4, 'type': 1}]
35422,1398694081.8416708,[{'idp': 39, 'x': 1.251, 'y': 2.894, 'r': 0.4, 'type': 1}, {'idp': 40, 'x': 1.48, 'y': 2.061, 'r': 0.4, 'type': 1}, {'idp': 41, 'x': 0.198, 'y': 3.466, 'r': 0.4, 'type': 1}]
35423,1398694081.8468013,[{'idp': 39, 'x': 1.218, 'y': 2.887, 'r': 0.4, 'type': 1}, {'idp': 40, 'x': 1.455, 'y': 2.054, 'r': 0.4, 'type': 1}, {'idp': 41, 'x': 0.194, 'y': 3.438, 'r': 0.4, 'type': 1}]
35424,1398694081.8856506,[{'idp': 39, 'x': 1.177, 'y': 2.885, 'r': 0.4, 'type': 1}, {'idp': 40, 'x': 1.42, 'y': 2.071, 'r': 0.4, 'type': 1}, {'idp': 41, 'x': 0.196, 'y': 3.467, 'r': 0.4, 'type': 1}]
35425,1398694081.9256914,[{'idp': 39, 'x': 1.153, 'y': 2.879, 'r': 0.4, 'type': 1}, {'idp': 40, 'x': 1.379, 'y': 2.052, 'r': 0.4, 'type': 1}, {'idp': 41, 'x': 0.208, 'y': 3.475, 'r': 0.4, 'type': 1}]
35426,1398694081.9257243,[{'idp': 39, 'x': 1.14, 'y': 2.871, 'r': 0.4, 'type': 1}, {'idp': 40, 'x': 1.337, 'y': 2.046, 'r': 0.4, 'type': 1}, {'idp': 41, 'x': 0.208, 'y': 3.475, 'r': 0.4, 'type': 1}]
35427,1398694081.9656727,[{'idp': 39, 'x': 1.113, 'y': 2.869, 'r': 0.4, 'type': 1}, {'idp': 40, 'x': 1.304, 'y': 2.041, 'r': 0.4, 'type': 1}, {'idp': 41, 'x': 0.201, 'y': 3.457, 'r': 0.4, 'type': 1}]
35428,1398694081.9708455,[{'idp': 39, 'x': 1.082, 'y': 2.87, 'r': 0.4, 'type': 1}, {'idp': 40, 'x': 1.269, 'y': 2.039, 'r': 0.4, 'type': 1}, {'idp': 41, 'x': 0.197, 'y': 3.447, 'r': 0.4, 'type': 1}]
35429,1398694082.009691,[{'idp': 39, 'x': 1.052, 'y': 2.867, 'r': 0.4, 'type': 1}, {'idp': 40, 'x': 1.233, 'y': 2.036, 'r': 0.4, 'type': 1}, {'idp': 41, 'x': 0.204, 'y': 3.457, 'r': 0.4, 'type': 1}]
35430,1398694082.049672,[{'idp': 39, 'x': 1.02, 'y': 2.858, 'r': 0.4, 'type': 1}, {'idp': 40, 'x': 1.213, 'y': 2.031, 'r': 0.4, 'type': 1}, {'idp': 41, 'x': 0.204, 'y': 3.459, 'r': 0.4, 'type': 1}]
35431,1398694082.0497012,[{'idp': 39, 'x': 1.001, 'y': 2.857, 'r': 0.4, 'type': 1}, {'idp': 40, 'x': 1.183, 'y': 2.024, 'r': 0.4, 'type': 1}, {'idp': 41, 'x': 0.197, 'y': 3.45, 'r': 0.4, 'type': 1}]
35432,1398694082.0896904,[{'idp': 39, 'x': 0.96, 'y': 2.85, 'r': 0.4, 'type': 1}, {'idp': 40, 'x': 1.147, 'y': 2.031, 'r': 0.4, 'type': 1}, {'idp': 41, 'x': 0.198, 'y': 3.459, 'r': 0.4, 'type': 1}]
35433,1398694082.0969126,[{'idp': 39, 'x': 0.93, 'y': 2.84, 'r': 0.4, 'type': 1}, {'idp': 40, 'x': 1.116, 'y': 2.01, 'r': 0.4, 'type': 1}, {'idp': 41, 'x': 0.198, 'y': 3.465, 'r': 0.4, 'type': 1}]
35434,1398694082.1339004,[{'idp': 39, 'x': 0.889, 'y': 2.829, 'r': 0.4, 'type': 1}, {'idp': 40, 'x': 1.085, 'y': 2.022, 'r': 0.4, 'type': 1}, {'idp': 41, 'x': 0.197, 'y': 3.467, 'r': 0.4, 'type': 1}]
35435,1398694082.1737275,[{'idp': 39, 'x': 0.857, 'y': 2.828, 'r': 0.4, 'type': 1}, {'idp': 40, 'x': 1.059, 'y': 2.008, 'r': 0.4, 'type': 1}, {'idp': 41, 'x': 0.197, 'y': 3.459, 'r': 0.4, 'type': 1}]
35436,1398694082.173758,[{'idp': 39, 'x': 0.825, 'y': 2.812, 'r': 0.4, 'type': 1}, {'idp': 40, 'x': 1.023, 'y': 1.994, 'r': 0.4, 'type': 1}, {'idp': 41, 'x': 0.193, 'y': 3.461, 'r': 0.4, 'type': 1}]
35437,1398694082.2138236,[{'idp': 39, 'x': 0.802, 'y': 2.82, 'r': 0.4, 'type': 1}, {'idp': 40, 'x': 0.984, 'y': 1.975, 'r': 0.4, 'type': 1}, {'idp': 41, 'x': 0.191, 'y': 3.453, 'r': 0.4, 'type': 1}]
35438,1398694082.222033,[{'idp': 39, 'x': 0.758, 'y': 2.806, 'r': 0.4, 'type': 1}, {'idp': 40, 'x': 0.947, 'y': 1.991, 'r': 0.4, 'type': 1}, {'idp': 41, 'x': 0.19, 'y': 3.456, 'r': 0.4, 'type': 1}]
35439,1398694082.261735,[{'idp': 39, 'x': 0.716, 'y': 2.795, 'r': 0.4, 'type': 1}, {'idp': 40, 'x': 0.911, 'y': 1.989, 'r': 0.4, 'type': 1}, {'idp': 41, 'x': 0.184, 'y': 3.454, 'r': 0.4, 'type': 1}]
35440,1398694082.3017006,[{'idp': 39, 'x': 0.669, 'y': 2.785, 'r': 0.4, 'type': 1}, {'idp': 40, 'x': 0.871, 'y': 1.989, 'r': 0.4, 'type': 1}, {'idp': 41, 'x': 0.176, 'y': 3.44, 'r': 0.4, 'type': 1}]
35441,1398694082.3017304,[{'idp': 39, 'x': 0.645, 'y': 2.786, 'r': 0.4, 'type': 1}, {'idp': 40, 'x': 0.834, 'y': 1.993, 'r': 0.4, 'type': 1}, {'idp': 41, 'x': 0.175, 'y': 3.436, 'r': 0.4, 'type': 1}]
35442,1398694082.341651,[{'idp': 39, 'x': 0.607, 'y': 2.787, 'r': 0.4, 'type': 1}, {'idp': 40, 'x': 0.792, 'y': 1.995, 'r': 0.4, 'type': 1}, {'idp': 41, 'x': 0.175, 'y': 3.436, 'r': 0.4, 'type': 1}]
35443,1398694082.3458292,[{'idp': 39, 'x': 0.573, 'y': 2.805, 'r': 0.4, 'type': 1}, {'idp': 40, 'x': 0.753, 'y': 1.984, 'r': 0.4, 'type': 1}, {'idp': 41, 'x': 0.182, 'y': 3.422, 'r': 0.4, 'type': 1}]
35444,1398694082.385741,[{'idp': 39, 'x': 0.534, 'y': 2.799, 'r': 0.4, 'type': 1}, {'idp': 40, 'x': 0.706, 'y': 1.959, 'r': 0.4, 'type': 1}, {'idp': 41, 'x': 0.181, 'y': 3.423, 'r': 0.4, 'type': 1}]
35445,1398694082.42571,[{'idp': 39, 'x': 0.508, 'y': 2.801, 'r': 0.4, 'type': 1}, {'idp': 40, 'x': 0.65, 'y': 1.905, 'r': 0.4, 'type': 1}, {'idp': 41, 'x': 0.188, 'y': 3.407, 'r': 0.4, 'type': 1}]
35446,1398694082.425737,[{'idp': 39, 'x': 0.483, 'y': 2.805, 'r': 0.4, 'type': 1}, {'idp': 40, 'x': 0.62, 'y': 1.915, 'r': 0.4, 'type': 1}, {'idp': 41, 'x': 0.2, 'y': 3.376, 'r': 0.4, 'type': 1}]
35447,1398694082.4657278,[{'idp': 39, 'x': 0.449, 'y': 2.794, 'r': 0.4, 'type': 1}, {'idp': 40, 'x': 0.6, 'y': 1.947, 'r': 0.4, 'type': 1}, {'idp': 41, 'x': 0.182, 'y': 3.344, 'r': 0.4, 'type': 1}]
35448,1398694082.472018,[{'idp': 39, 'x': 0.362, 'y': 2.763, 'r': 0.4, 'type': 1}, {'idp': 40, 'x': 0.574, 'y': 1.982, 'r': 0.4, 'type': 1}, {'idp': 41, 'x': 0.169, 'y': 3.366, 'r': 0.4, 'type': 1}]
35449,1398694082.5096817,[{'idp': 39, 'x': 0.287, 'y': 2.731, 'r': 0.4, 'type': 1}, {'idp': 40, 'x': 0.539, 'y': 1.982, 'r': 0.4, 'type': 1}, {'idp': 41, 'x': 0.169, 'y': 3.366, 'r': 0.4, 'type': 1}]
35450,1398694082.5497873,[{'idp': 39, 'x': 0.205, 'y': 2.734, 'r': 0.4, 'type': 1}, {'idp': 40, 'x': 0.507, 'y': 1.978, 'r': 0.4, 'type': 1}, {'idp': 41, 'x': 0.346, 'y': 3.364, 'r': 0.4, 'type': 1}]
35451,1398694082.5498176,[{'idp': 39, 'x': 0.137, 'y': 2.723, 'r': 0.4, 'type': 1}, {'idp': 40, 'x': 0.463, 'y': 1.969, 'r': 0.4, 'type': 1}, {'idp': 41, 'x': 0.346, 'y': 3.356, 'r': 0.4, 'type': 1}]
35452,1398694082.5897844,[{'idp': 39, 'x': 0.101, 'y': 2.712, 'r': 0.4, 'type': 1}, {'idp': 40, 'x': 0.445, 'y': 1.974, 'r': 0.4, 'type': 1}, {'idp': 41, 'x': 0.29, 'y': 3.313, 'r': 0.4, 'type': 1}]
35453,1398694082.5969584,[{'idp': 39, 'x': 0.107, 'y': 2.697, 'r': 0.4, 'type': 1}, {'idp': 40, 'x': 0.415, 'y': 1.976, 'r': 0.4, 'type': 1}, {'idp': 41, 'x': 0.254, 'y': 3.515, 'r': 0.4, 'type': 1}]
35454,1398694082.633767,[{'idp': 39, 'x': 0.123, 'y': 2.719, 'r': 0.4, 'type': 1}, {'idp': 40, 'x': 0.381, 'y': 1.974, 'r': 0.4, 'type': 1}, {'idp': 41, 'x': 0.209, 'y': 3.543, 'r': 0.4, 'type': 1}]
35455,1398694082.673702,[{'idp': 39, 'x': 0.193, 'y': 2.753, 'r': 0.4, 'type': 1}, {'idp': 40, 'x': 0.349, 'y': 1.967, 'r': 0.4, 'type': 1}, {'idp': 41, 'x': 0.209, 'y': 3.543, 'r': 0.4, 'type': 1}]
35456,1398694082.6737304,[{'idp': 39, 'x': 0.194, 'y': 2.767, 'r': 0.4, 'type': 1}, {'idp': 40, 'x': 0.321, 'y': 1.966, 'r': 0.4, 'type': 1}, {'idp': 41, 'x': 0.209, 'y': 3.543, 'r': 0.4, 'type': 1}]
35457,1398694082.713768,[{'idp': 39, 'x': 0.239, 'y': 2.84, 'r': 0.4, 'type': 1}, {'idp': 40, 'x': 0.291, 'y': 1.972, 'r': 0.4, 'type': 1}, {'idp': 41, 'x': 0.449, 'y': 3.355, 'r': 0.4, 'type': 1}]
35458,1398694082.721807,[{'idp': 39, 'x': 0.265, 'y': 2.886, 'r': 0.4, 'type': 1}, {'idp': 40, 'x': 0.261, 'y': 1.968, 'r': 0.4, 'type': 1}, {'idp': 41, 'x': 0.422, 'y': 3.375, 'r': 0.4, 'type': 1}]
35459,1398694082.7617087,[{'idp': 39, 'x': 0.264, 'y': 2.919, 'r': 0.4, 'type': 1}, {'idp': 40, 'x': 0.244, 'y': 1.973, 'r': 0.4, 'type': 1}, {'idp': 41, 'x': 0.423, 'y': 3.327, 'r': 0.4, 'type': 1}]
35460,1398694082.801793,[{'idp': 39, 'x': 0.249, 'y': 3.06, 'r': 0.4, 'type': 1}, {'idp': 40, 'x': 0.221, 'y': 1.996, 'r': 0.4, 'type': 1}]
35461,1398694082.8018284,[{'idp': 39, 'x': 0.249, 'y': 3.06, 'r': 0.4, 'type': 1}, {'idp': 40, 'x': 0.198, 'y': 2.009, 'r': 0.4, 'type': 1}]
35462,1398694082.8416638,[{'idp': 39, 'x': 0.249, 'y': 3.06, 'r': 0.4, 'type': 1}, {'idp': 40, 'x': 0.169, 'y': 1.998, 'r': 0.4, 'type': 1}]
35463,1398694082.8466816,[{'idp': 39, 'x': 0.463, 'y': 3.35, 'r': 0.4, 'type': 1}, {'idp': 40, 'x': 0.14, 'y': 2.009, 'r': 0.4, 'type': 1}]
35464,1398694082.8856683,[{'idp': 39, 'x': 0.484, 'y': 3.393, 'r': 0.4, 'type': 1}, {'idp': 40, 'x': 0.108, 'y': 2.01, 'r': 0.4, 'type': 1}]
35465,1398694082.9257436,[{'idp': 39, 'x': 0.468, 'y': 3.423, 'r': 0.4, 'type': 1}, {'idp': 40, 'x': 0.067, 'y': 2.0, 'r': 0.4, 'type': 1}]
35466,1398694082.9257765,[{'idp': 39, 'x': 0.332, 'y': 3.485, 'r': 0.4, 'type': 1}, {'idp': 40, 'x': 0.031, 'y': 1.957, 'r': 0.4, 'type': 1}]
35467,1398694082.965697,[{'idp': 39, 'x': 0.32, 'y': 3.495, 'r': 0.4, 'type': 1}, {'idp': 40, 'x': 0.012, 'y': 1.855, 'r': 0.4, 'type': 1}]
35468,1398694082.9710925,[{'idp': 39, 'x': 0.332, 'y': 3.49, 'r': 0.4, 'type': 1}, {'idp': 40, 'x': 0.008, 'y': 1.898, 'r': 0.4, 'type': 1}]
35469,1398694083.009631,[{'idp': 39, 'x': 0.314, 'y': 3.499, 'r': 0.4, 'type': 1}, {'idp': 40, 'x': 0.008, 'y': 1.898, 'r': 0.4, 'type': 1}]
35470,1398694083.0496807,[{'idp': 39, 'x': 0.325, 'y': 3.483, 'r': 0.4, 'type': 1}, {'idp': 40, 'x': 0.008, 'y': 1.898, 'r': 0.4, 'type': 1}]
35471,1398694083.0497108,[{'idp': 39, 'x': 0.34, 'y': 3.481, 'r': 0.4, 'type': 1}, {'idp': 40, 'x': 0.008, 'y': 1.898, 'r': 0.4, 'type': 1}]
35472,1398694083.0896988,[{'idp': 39, 'x': 0.333, 'y': 3.49, 'r': 0.4, 'type': 1}]
35473,1398694083.0964155,[{'idp': 39, 'x': 0.328, 'y': 3.491, 'r': 0.4, 'type': 1}]
35474,1398694083.133768,[{'idp': 39, 'x': 0.329, 'y': 3.499, 'r': 0.4, 'type': 1}]
35475,1398694083.1736734,[{'idp': 39, 'x': 0.347, 'y': 3.494, 'r': 0.4, 'type': 1}]
35476,1398694083.1736996,[{'idp': 39, 'x': 0.344, 'y': 3.498, 'r': 0.4, 'type': 1}]
35477,1398694083.2137272,[{'idp': 39, 'x': 0.34, 'y': 3.497, 'r': 0.4, 'type': 1}]
35478,1398694083.220276,[{'idp': 39, 'x': 0.342, 'y': 3.497, 'r': 0.4, 'type': 1}]
35479,1398694083.257727,[{'idp': 39, 'x': 0.349, 'y': 3.489, 'r': 0.4, 'type': 1}]
35480,1398694083.2976685,[{'idp': 39, 'x': 0.349, 'y': 3.503, 'r': 0.4, 'type': 1}]
35481,1398694083.2976987,[{'idp': 39, 'x': 0.361, 'y': 3.505, 'r': 0.4, 'type': 1}]
35482,1398694083.3377013,[{'idp': 39, 'x': 0.37, 'y': 3.507, 'r': 0.4, 'type': 1}]
35483,1398694083.3452938,[{'idp': 39, 'x': 0.376, 'y': 3.525, 'r': 0.4, 'type': 1}]
35484,1398694083.3817282,[{'idp': 39, 'x': 0.366, 'y': 3.506, 'r': 0.4, 'type': 1}]
35485,1398694083.4216855,[{'idp': 39, 'x': 0.372, 'y': 3.489, 'r': 0.4, 'type': 1}]
35486,1398694083.421712,[{'idp': 39, 'x': 0.386, 'y': 3.477, 'r': 0.4, 'type': 1}]
35487,1398694083.4616823,[{'idp': 39, 'x': 0.393, 'y': 3.465, 'r': 0.4, 'type': 1}]
35488,1398694083.4703343,[{'idp': 39, 'x': 0.391, 'y': 3.452, 'r': 0.4, 'type': 1}]
35489,1398694083.5096903,[{'idp': 39, 'x': 0.397, 'y': 3.427, 'r': 0.4, 'type': 1}]
35490,1398694083.5497224,[{'idp': 39, 'x': 0.408, 'y': 3.395, 'r': 0.4, 'type': 1}]
35491,1398694083.549752,[{'idp': 39, 'x': 0.417, 'y': 3.395, 'r': 0.4, 'type': 1}]
35492,1398694083.5897353,[{'idp': 39, 'x': 0.427, 'y': 3.407, 'r': 0.4, 'type': 1}]
35493,1398694083.5940843,[{'idp': 39, 'x': 0.418, 'y': 3.398, 'r': 0.4, 'type': 1}]
35494,1398694083.6337512,[{'idp': 39, 'x': 0.42, 'y': 3.407, 'r': 0.4, 'type': 1}]
35495,1398694083.6736596,[{'idp': 39, 'x': 0.416, 'y': 3.437, 'r': 0.4, 'type': 1}]
35496,1398694083.6736953,[{'idp': 39, 'x': 0.415, 'y': 3.424, 'r': 0.4, 'type': 1}]
35497,1398694083.713692,[{'idp': 39, 'x': 0.409, 'y': 3.441, 'r': 0.4, 'type': 1}]
35498,1398694083.718674,[{'idp': 39, 'x': 0.41, 'y': 3.451, 'r': 0.4, 'type': 1}]
35499,1398694083.757691,[{'idp': 39, 'x': 0.4, 'y': 3.433, 'r': 0.4, 'type': 1}]
35500,1398694083.797652,[{'idp': 39, 'x': 0.389, 'y': 3.406, 'r': 0.4, 'type': 1}]
35501,1398694083.7976813,[{'idp': 39, 'x': 0.384, 'y': 3.427, 'r': 0.4, 'type': 1}]
35502,1398694083.8377752,[{'idp': 39, 'x': 0.375, 'y': 3.415, 'r': 0.4, 'type': 1}]
35503,1398694083.8430429,[{'idp': 39, 'x': 0.359, 'y': 3.405, 'r': 0.4, 'type': 1}]
35504,1398694083.881654,[{'idp': 39, 'x': 0.354, 'y': 3.429, 'r': 0.4, 'type': 1}]
35505,1398694083.9217215,[{'idp': 39, 'x': 0.344, 'y': 3.412, 'r': 0.4, 'type': 1}]
35506,1398694083.9217527,[{'idp': 39, 'x': 0.347, 'y': 3.43, 'r': 0.4, 'type': 1}]
35507,1398694083.9616845,[{'idp': 39, 'x': 0.331, 'y': 3.429, 'r': 0.4, 'type': 1}]
35508,1398694083.9670258,[{'idp': 39, 'x': 0.332, 'y': 3.431, 'r': 0.4, 'type': 1}]
35509,1398694084.0056868,[{'idp': 39, 'x': 0.324, 'y': 3.429, 'r': 0.4, 'type': 1}]
35510,1398694084.045692,[{'idp': 39, 'x': 0.316, 'y': 3.424, 'r': 0.4, 'type': 1}]
35511,1398694084.0457222,[{'idp': 39, 'x': 0.308, 'y': 3.421, 'r': 0.4, 'type': 1}]
35512,1398694084.085739,[{'idp': 39, 'x': 0.3, 'y': 3.417, 'r': 0.4, 'type': 1}]
35513,1398694084.0910168,[{'idp': 39, 'x': 0.294, 'y': 3.431, 'r': 0.4, 'type': 1}]
35514,1398694084.1297805,[{'idp': 39, 'x': 0.295, 'y': 3.443, 'r': 0.4, 'type': 1}]
35515,1398694084.1697135,[{'idp': 39, 'x': 0.285, 'y': 3.416, 'r': 0.4, 'type': 1}]
35516,1398694084.1697464,[{'idp': 39, 'x': 0.277, 'y': 3.414, 'r': 0.4, 'type': 1}]
35517,1398694084.209638,[{'idp': 39, 'x': 0.278, 'y': 3.423, 'r': 0.4, 'type': 1}]
35518,1398694084.2156928,[{'idp': 39, 'x': 0.27, 'y': 3.412, 'r': 0.4, 'type': 1}]
35519,1398694084.2536929,[{'idp': 39, 'x': 0.263, 'y': 3.417, 'r': 0.4, 'type': 1}]
35520,1398694084.2936804,[{'idp': 39, 'x': 0.264, 'y': 3.429, 'r': 0.4, 'type': 1}]
35521,1398694084.2937138,[{'idp': 39, 'x': 0.248, 'y': 3.426, 'r': 0.4, 'type': 1}]
35522,1398694084.3337445,[{'idp': 39, 'x': 0.239, 'y': 3.402, 'r': 0.4, 'type': 1}]
35523,1398694084.3392355,[{'idp': 39, 'x': 0.234, 'y': 3.432, 'r': 0.4, 'type': 1}]
35524,1398694084.3776848,[{'idp': 39, 'x': 0.225, 'y': 3.421, 'r': 0.4, 'type': 1}]
35525,1398694084.4176965,[{'idp': 39, 'x': 0.218, 'y': 3.426, 'r': 0.4, 'type': 1}]
35526,1398694084.4177256,[{'idp': 39, 'x': 0.218, 'y': 3.42, 'r': 0.4, 'type': 1}]
35527,1398694084.4577153,[{'idp': 39, 'x': 0.211, 'y': 3.423, 'r': 0.4, 'type': 1}]
35528,1398694084.46396,[{'idp': 39, 'x': 0.195, 'y': 3.412, 'r': 0.4, 'type': 1}]
35529,1398694084.501639,[{'idp': 39, 'x': 0.189, 'y': 3.44, 'r': 0.4, 'type': 1}]
35530,1398694084.541649,[{'idp': 39, 'x': 0.173, 'y': 3.417, 'r': 0.4, 'type': 1}]
35531,1398694084.5416796,[{'idp': 39, 'x': 0.173, 'y': 3.425, 'r': 0.4, 'type': 1}]
35532,1398694084.5816846,[{'idp': 39, 'x': 0.165, 'y': 3.406, 'r': 0.4, 'type': 1}, {'idp': 42, 'x': 9.499, 'y': 0.939, 'r': 0.4, 'type': 1}]
35533,1398694084.5882273,[{'idp': 39, 'x': 0.158, 'y': 3.421, 'r': 0.4, 'type': 1}, {'idp': 42, 'x': 9.388, 'y': 0.883, 'r': 0.4, 'type': 1}]
35534,1398694084.6257076,[{'idp': 39, 'x': 0.143, 'y': 3.416, 'r': 0.4, 'type': 1}, {'idp': 42, 'x': 9.358, 'y': 0.901, 'r': 0.4, 'type': 1}]
35535,1398694084.6656551,[{'idp': 39, 'x': 0.143, 'y': 3.416, 'r': 0.4, 'type': 1}, {'idp': 42, 'x': 9.367, 'y': 0.902, 'r': 0.4, 'type': 1}]
35536,1398694084.6656835,[{'idp': 39, 'x': 0.144, 'y': 3.426, 'r': 0.4, 'type': 1}, {'idp': 42, 'x': 9.36, 'y': 0.906, 'r': 0.4, 'type': 1}]
35537,1398694084.7058008,[{'idp': 39, 'x': 0.136, 'y': 3.425, 'r': 0.4, 'type': 1}, {'idp': 42, 'x': 9.336, 'y': 0.899, 'r': 0.4, 'type': 1}]
35538,1398694084.7131991,[{'idp': 39, 'x': 0.129, 'y': 3.432, 'r': 0.4, 'type': 1}, {'idp': 42, 'x': 9.343, 'y': 0.9, 'r': 0.4, 'type': 1}]
35539,1398694084.7496848,[{'idp': 39, 'x': 0.113, 'y': 3.418, 'r': 0.4, 'type': 1}, {'idp': 42, 'x': 9.342, 'y': 0.9, 'r': 0.4, 'type': 1}]
35540,1398694084.7896593,[{'idp': 39, 'x': 0.114, 'y': 3.424, 'r': 0.4, 'type': 1}, {'idp': 42, 'x': 9.338, 'y': 0.92, 'r': 0.4, 'type': 1}]
35541,1398694084.7896914,[{'idp': 39, 'x': 0.114, 'y': 3.425, 'r': 0.4, 'type': 1}, {'idp': 42, 'x': 9.341, 'y': 0.9, 'r': 0.4, 'type': 1}]
35542,1398694084.8297,[{'idp': 39, 'x': 0.106, 'y': 3.427, 'r': 0.4, 'type': 1}, {'idp': 42, 'x': 9.32, 'y': 0.918, 'r': 0.4, 'type': 1}]
35543,1398694084.837061,[{'idp': 39, 'x': 0.106, 'y': 3.433, 'r': 0.4, 'type': 1}, {'idp': 42, 'x': 9.306, 'y': 0.917, 'r': 0.4, 'type': 1}]
35544,1398694084.8736727,[{'idp': 39, 'x': 0.099, 'y': 3.43, 'r': 0.4, 'type': 1}, {'idp': 42, 'x': 9.287, 'y': 0.894, 'r': 0.4, 'type': 1}]
35545,1398694084.9137185,[{'idp': 39, 'x': 0.091, 'y': 3.429, 'r': 0.4, 'type': 1}, {'idp': 42, 'x': 9.292, 'y': 0.895, 'r': 0.4, 'type': 1}]
35546,1398694084.9137492,[{'idp': 39, 'x': 0.092, 'y': 3.455, 'r': 0.4, 'type': 1}, {'idp': 42, 'x': 9.294, 'y': 0.936, 'r': 0.4, 'type': 1}]
35547,1398694084.9537296,[{'idp': 39, 'x': 0.084, 'y': 3.451, 'r': 0.4, 'type': 1}, {'idp': 42, 'x': 9.286, 'y': 0.915, 'r': 0.4, 'type': 1}]
35548,1398694084.9622865,[{'idp': 39, 'x': 0.084, 'y': 3.451, 'r': 0.4, 'type': 1}, {'idp': 42, 'x': 9.283, 'y': 0.914, 'r': 0.4, 'type': 1}]
35549,1398694085.001698,[{'idp': 39, 'x': 0.084, 'y': 3.46, 'r': 0.4, 'type': 1}, {'idp': 42, 'x': 9.291, 'y': 0.915, 'r': 0.4, 'type': 1}]
35550,1398694085.0416527,[{'idp': 39, 'x': 0.076, 'y': 3.446, 'r': 0.4, 'type': 1}, {'idp': 42, 'x': 9.268, 'y': 0.913, 'r': 0.4, 'type': 1}]
35551,1398694085.0416858,[{'idp': 39, 'x': 0.077, 'y': 3.464, 'r': 0.4, 'type': 1}, {'idp': 42, 'x': 9.247, 'y': 0.911, 'r': 0.4, 'type': 1}]
35552,1398694085.0817213,[{'idp': 39, 'x': 0.078, 'y': 3.497, 'r': 0.4, 'type': 1}, {'idp': 42, 'x': 9.259, 'y': 0.932, 'r': 0.4, 'type': 1}]
35553,1398694085.0869238,[{'idp': 39, 'x': 0.069, 'y': 3.467, 'r': 0.4, 'type': 1}, {'idp': 42, 'x': 9.257, 'y': 0.912, 'r': 0.4, 'type': 1}]
35554,1398694085.1256723,[{'idp': 39, 'x': 0.07, 'y': 3.507, 'r': 0.4, 'type': 1}, {'idp': 42, 'x': 9.255, 'y': 0.912, 'r': 0.4, 'type': 1}]
35555,1398694085.165694,[{'idp': 39, 'x': 0.062, 'y': 3.506, 'r': 0.4, 'type': 1}, {'idp': 42, 'x': 9.245, 'y': 0.911, 'r': 0.4, 'type': 1}]
35556,1398694085.1657238,[{'idp': 39, 'x': 0.062, 'y': 3.516, 'r': 0.4, 'type': 1}, {'idp': 42, 'x': 9.236, 'y': 0.93, 'r': 0.4, 'type': 1}]
35557,1398694085.2056923,[{'idp': 39, 'x': 0.054, 'y': 3.507, 'r': 0.4, 'type': 1}, {'idp': 42, 'x': 9.243, 'y': 0.911, 'r': 0.4, 'type': 1}]
35558,1398694085.2108982,[{'idp': 39, 'x': 0.055, 'y': 3.559, 'r': 0.4, 'type': 1}, {'idp': 42, 'x': 9.228, 'y': 0.909, 'r': 0.4, 'type': 1}]
35559,1398694085.2499387,[{'idp': 39, 'x': 0.047, 'y': 3.551, 'r': 0.4, 'type': 1}, {'idp': 42, 'x': 9.212, 'y': 0.928, 'r': 0.4, 'type': 1}]
35560,1398694085.2896652,[{'idp': 39, 'x': 0.047, 'y': 3.589, 'r': 0.4, 'type': 1}, {'idp': 42, 'x': 9.201, 'y': 0.926, 'r': 0.4, 'type': 1}]
35561,1398694085.289697,[{'idp': 39, 'x': 0.039, 'y': 3.594, 'r': 0.4, 'type': 1}, {'idp': 42, 'x': 9.18, 'y': 0.924, 'r': 0.4, 'type': 1}]
35562,1398694085.3296785,[{'idp': 39, 'x': 0.039, 'y': 3.59, 'r': 0.4, 'type': 1}, {'idp': 42, 'x': 9.205, 'y': 0.907, 'r': 0.4, 'type': 1}]
35563,1398694085.336227,[{'idp': 39, 'x': 0.032, 'y': 3.606, 'r': 0.4, 'type': 1}, {'idp': 42, 'x': 9.173, 'y': 0.944, 'r': 0.4, 'type': 1}]
35564,1398694085.3736887,[{'idp': 39, 'x': 0.032, 'y': 3.609, 'r': 0.4, 'type': 1}, {'idp': 42, 'x': 9.175, 'y': 0.924, 'r': 0.4, 'type': 1}]
35565,1398694085.4137268,[{'idp': 39, 'x': 0.024, 'y': 3.588, 'r': 0.4, 'type': 1}, {'idp': 42, 'x': 9.177, 'y': 0.924, 'r': 0.4, 'type': 1}]
35566,1398694085.4137585,[{'idp': 39, 'x': 0.024, 'y': 3.59, 'r': 0.4, 'type': 1}, {'idp': 42, 'x': 9.157, 'y': 0.902, 'r': 0.4, 'type': 1}]
35567,1398694085.4537024,[{'idp': 39, 'x': 0.024, 'y': 3.636, 'r': 0.4, 'type': 1}, {'idp': 42, 'x': 9.164, 'y': 0.903, 'r': 0.4, 'type': 1}]
35568,1398694085.4601176,[{'idp': 39, 'x': 0.016, 'y': 3.621, 'r': 0.4, 'type': 1}, {'idp': 42, 'x': 9.161, 'y': 0.923, 'r': 0.4, 'type': 1}]
35569,1398694085.4976845,[{'idp': 39, 'x': 0.016, 'y': 3.672, 'r': 0.4, 'type': 1}, {'idp': 42, 'x': 9.16, 'y': 0.922, 'r': 0.4, 'type': 1}]
35570,1398694085.5376985,[{'idp': 39, 'x': 0.016, 'y': 3.722, 'r': 0.4, 'type': 1}, {'idp': 42, 'x': 9.141, 'y': 0.901, 'r': 0.4, 'type': 1}]
35571,1398694085.537729,[{'idp': 39, 'x': 0.016, 'y': 3.722, 'r': 0.4, 'type': 1}, {'idp': 42, 'x': 9.127, 'y': 0.899, 'r': 0.4, 'type': 1}]
35572,1398694085.5777206,[{'idp': 39, 'x': 0.016, 'y': 3.722, 'r': 0.4, 'type': 1}, {'idp': 42, 'x': 9.132, 'y': 0.899, 'r': 0.4, 'type': 1}]
35573,1398694085.585957,[{'idp': 39, 'x': 0.016, 'y': 3.722, 'r': 0.4, 'type': 1}, {'idp': 42, 'x': 9.117, 'y': 0.898, 'r': 0.4, 'type': 1}]
35574,1398694085.6256664,[{'idp': 39, 'x': 0.016, 'y': 3.722, 'r': 0.4, 'type': 1}, {'idp': 42, 'x': 9.108, 'y': 0.897, 'r': 0.4, 'type': 1}]
35575,1398694085.6656528,[{'idp': 39, 'x': 0.016, 'y': 3.722, 'r': 0.4, 'type': 1}, {'idp': 42, 'x': 9.09, 'y': 0.896, 'r': 0.4, 'type': 1}]
35576,1398694085.6656845,[{'idp': 39, 'x': 0.016, 'y': 3.722, 'r': 0.4, 'type': 1}, {'idp': 42, 'x': 9.097, 'y': 0.896, 'r': 0.4, 'type': 1}]
35577,1398694085.7057147,[{'idp': 39, 'x': 0.016, 'y': 3.722, 'r': 0.4, 'type': 1}, {'idp': 42, 'x': 9.091, 'y': 0.895, 'r': 0.4, 'type': 1}]
35578,1398694085.709408,[{'idp': 39, 'x': 0.016, 'y': 3.722, 'r': 0.4, 'type': 1}, {'idp': 42, 'x': 9.083, 'y': 0.915, 'r': 0.4, 'type': 1}]
35579,1398694085.7456925,[{'idp': 39, 'x': 0.016, 'y': 3.722, 'r': 0.4, 'type': 1}, {'idp': 42, 'x': 9.04, 'y': 0.911, 'r': 0.4, 'type': 1}]
35580,1398694085.7856903,[{'idp': 39, 'x': 0.016, 'y': 3.722, 'r': 0.4, 'type': 1}, {'idp': 42, 'x': 9.033, 'y': 0.89, 'r': 0.4, 'type': 1}]
35581,1398694085.785723,[{'idp': 39, 'x': 0.016, 'y': 3.722, 'r': 0.4, 'type': 1}, {'idp': 42, 'x': 9.03, 'y': 0.89, 'r': 0.4, 'type': 1}]
35582,1398694085.8256931,[{'idp': 39, 'x': 0.016, 'y': 3.722, 'r': 0.4, 'type': 1}, {'idp': 42, 'x': 9.018, 'y': 0.888, 'r': 0.4, 'type': 1}]
35583,1398694085.8341827,[{'idp': 39, 'x': 0.016, 'y': 3.722, 'r': 0.4, 'type': 1}, {'idp': 42, 'x': 8.992, 'y': 0.906, 'r': 0.4, 'type': 1}]
35584,1398694085.873689,[{'idp': 39, 'x': 0.016, 'y': 3.722, 'r': 0.4, 'type': 1}, {'idp': 42, 'x': 9.009, 'y': 0.903, 'r': 0.4, 'type': 1}]
35585,1398694085.913672,[{'idp': 39, 'x': 0.016, 'y': 3.722, 'r': 0.4, 'type': 1}, {'idp': 42, 'x': 9.008, 'y': 0.907, 'r': 0.4, 'type': 1}]
35586,1398694085.9136941,[{'idp': 39, 'x': 0.016, 'y': 3.722, 'r': 0.4, 'type': 1}, {'idp': 42, 'x': 8.979, 'y': 0.924, 'r': 0.4, 'type': 1}]
35587,1398694085.9536526,[{'idp': 39, 'x': 0.016, 'y': 3.722, 'r': 0.4, 'type': 1}, {'idp': 42, 'x': 8.986, 'y': 0.925, 'r': 0.4, 'type': 1}]
35588,1398694085.9588437,[{'idp': 39, 'x': 0.016, 'y': 3.722, 'r': 0.4, 'type': 1}, {'idp': 42, 'x': 8.967, 'y': 0.903, 'r': 0.4, 'type': 1}]
35589,1398694085.9977205,[{'idp': 42, 'x': 8.948, 'y': 0.901, 'r': 0.4, 'type': 1}]
35590,1398694086.037626,[{'idp': 42, 'x': 8.948, 'y': 0.882, 'r': 0.4, 'type': 1}]
35591,1398694086.0376425,[{'idp': 42, 'x': 8.947, 'y': 0.901, 'r': 0.4, 'type': 1}]
35592,1398694086.0777242,[{'idp': 42, 'x': 8.945, 'y': 0.881, 'r': 0.4, 'type': 1}]
35593,1398694086.083128,[{'idp': 42, 'x': 8.93, 'y': 0.919, 'r': 0.4, 'type': 1}]
35594,1398694086.1216588,[{'idp': 42, 'x': 8.948, 'y': 0.882, 'r': 0.4, 'type': 1}]
35595,1398694086.1617517,[{'idp': 42, 'x': 8.935, 'y': 0.9, 'r': 0.4, 'type': 1}]
35596,1398694086.1618874,[{'idp': 42, 'x': 8.936, 'y': 0.9, 'r': 0.4, 'type': 1}]
35597,1398694086.2017193,[{'idp': 42, 'x': 8.9, 'y': 0.897, 'r': 0.4, 'type': 1}]
35598,1398694086.207974,[{'idp': 42, 'x': 8.917, 'y': 0.898, 'r': 0.4, 'type': 1}]
35599,1398694086.2456758,[{'idp': 42, 'x': 8.896, 'y': 0.896, 'r': 0.4, 'type': 1}]
35600,1398694086.285688,[{'idp': 42, 'x': 8.905, 'y': 0.917, 'r': 0.4, 'type': 1}]
35601,1398694086.2857184,[{'idp': 42, 'x': 8.907, 'y': 0.917, 'r': 0.4, 'type': 1}]
35602,1398694086.3257382,[{'idp': 42, 'x': 8.887, 'y': 0.934, 'r': 0.4, 'type': 1}]
35603,1398694086.3322,[{'idp': 42, 'x': 8.892, 'y': 0.954, 'r': 0.4, 'type': 1}]
35604,1398694086.3696861,[{'idp': 42, 'x': 8.887, 'y': 0.954, 'r': 0.4, 'type': 1}]
35605,1398694086.409696,[{'idp': 42, 'x': 8.887, 'y': 0.954, 'r': 0.4, 'type': 1}]
35606,1398694086.4097154,[{'idp': 42, 'x': 8.863, 'y': 0.951, 'r': 0.4, 'type': 1}]
35607,1398694086.4497511,[{'idp': 42, 'x': 8.871, 'y': 0.952, 'r': 0.4, 'type': 1}]
35608,1398694086.4571795,[{'idp': 42, 'x': 8.851, 'y': 0.95, 'r': 0.4, 'type': 1}]
35609,1398694086.493687,[{'idp': 42, 'x': 8.862, 'y': 0.951, 'r': 0.4, 'type': 1}]
35610,1398694086.5337195,[{'idp': 42, 'x': 8.844, 'y': 0.949, 'r': 0.4, 'type': 1}]
35611,1398694086.5337546,[{'idp': 42, 'x': 8.844, 'y': 0.93, 'r': 0.4, 'type': 1}]
35612,1398694086.5737197,[{'idp': 42, 'x': 8.836, 'y': 0.929, 'r': 0.4, 'type': 1}]
35613,1398694086.581387,[{'idp': 42, 'x': 8.831, 'y': 0.928, 'r': 0.4, 'type': 1}]
35614,1398694086.6177316,[{'idp': 42, 'x': 8.828, 'y': 0.928, 'r': 0.4, 'type': 1}]
35615,1398694086.6576662,[{'idp': 42, 'x': 8.807, 'y': 0.945, 'r': 0.4, 'type': 1}]
35616,1398694086.657699,[{'idp': 42, 'x': 8.794, 'y': 0.925, 'r': 0.4, 'type': 1}]
35617,1398694086.697704,[{'idp': 42, 'x': 8.806, 'y': 0.945, 'r': 0.4, 'type': 1}]
35618,1398694086.7066655,[{'idp': 42, 'x': 8.785, 'y': 0.943, 'r': 0.4, 'type': 1}]
35619,1398694086.745678,[{'idp': 42, 'x': 8.783, 'y': 0.923, 'r': 0.4, 'type': 1}]
35620,1398694086.785662,[{'idp': 42, 'x': 8.781, 'y': 0.923, 'r': 0.4, 'type': 1}]
35621,1398694086.7856972,[{'idp': 42, 'x': 8.769, 'y': 0.941, 'r': 0.4, 'type': 1}]
35622,1398694086.8256516,[{'idp': 42, 'x': 8.787, 'y': 0.943, 'r': 0.4, 'type': 1}]
35623,1398694086.8314173,[{'idp': 42, 'x': 8.754, 'y': 0.939, 'r': 0.4, 'type': 1}]
35624,1398694086.8697839,[{'idp': 42, 'x': 8.773, 'y': 0.942, 'r': 0.4, 'type': 1}]
35625,1398694086.9096801,[{'idp': 42, 'x': 8.757, 'y': 0.901, 'r': 0.4, 'type': 1}]
35626,1398694086.9097095,[{'idp': 42, 'x': 8.75, 'y': 0.881, 'r': 0.4, 'type': 1}]
35627,1398694086.949721,[{'idp': 42, 'x': 8.749, 'y': 0.881, 'r': 0.4, 'type': 1}]
35628,1398694086.9559336,[{'idp': 42, 'x': 8.742, 'y': 0.861, 'r': 0.4, 'type': 1}]
35629,1398694086.993709,[{'idp': 42, 'x': 8.745, 'y': 0.842, 'r': 0.4, 'type': 1}]
35630,1398694087.0337448,[{'idp': 42, 'x': 8.718, 'y': 0.82, 'r': 0.4, 'type': 1}]
35631,1398694087.0338025,[{'idp': 42, 'x': 8.724, 'y': 0.821, 'r': 0.4, 'type': 1}]
35632,1398694087.0738065,[{'idp': 42, 'x': 8.717, 'y': 0.782, 'r': 0.4, 'type': 1}]
35633,1398694087.0801544,[{'idp': 42, 'x': 8.73, 'y': 0.745, 'r': 0.4, 'type': 1}]
35634,1398694087.1177232,[{'idp': 42, 'x': 8.734, 'y': 0.726, 'r': 0.4, 'type': 1}]
35635,1398694087.1576755,[{'idp': 42, 'x': 8.703, 'y': 0.704, 'r': 0.4, 'type': 1}]
35636,1398694087.1577022,[{'idp': 42, 'x': 8.702, 'y': 0.666, 'r': 0.4, 'type': 1}]
35637,1398694087.1977096,[{'idp': 42, 'x': 8.709, 'y': 0.628, 'r': 0.4, 'type': 1}]
35638,1398694087.2046947,[{'idp': 42, 'x': 8.696, 'y': 0.589, 'r': 0.4, 'type': 1}]
35639,1398694087.2416801,[{'idp': 42, 'x': 8.7, 'y': 0.551, 'r': 0.4, 'type': 1}]
35640,1398694087.2816713,[{'idp': 42, 'x': 8.682, 'y': 0.489, 'r': 0.4, 'type': 1}]
35641,1398694087.2817047,[{'idp': 42, 'x': 8.678, 'y': 0.474, 'r': 0.4, 'type': 1}]
35642,1398694087.3217075,[]
35643,1398694087.3293242,[]
35644,1398694087.3657908,[]
35645,1398694087.40578,[]
35646,1398694087.4058123,[]
35647,1398694087.4456952,[]
35648,1398694087.4559104,[]
35649,1398694087.493729,[]
35650,1398694087.5336635,[]
35651,1398694087.5336983,[]
