id,timestamp,circles
0,1398846686.7818458,[]
1,1398846686.8069847,[]
2,1398846686.8321815,[]
3,1398846686.8564546,[]
4,1398846686.8828313,[]
5,1398846686.9068892,[]
6,1398846686.9328997,[]
7,1398846686.9578779,[]
8,1398846686.9830184,[]
9,1398846687.0071993,[]
10,1398846687.0438144,[]
11,1398846687.0838635,[]
12,1398846687.0838974,[]
13,1398846687.1238449,[]
14,1398846687.1325877,[]
15,1398846687.171852,[]
16,1398846687.2119377,[]
17,1398846687.2119608,[]
18,1398846687.251889,[]
19,1398846687.2580109,[]
20,1398846687.2959177,[]
21,1398846687.3358605,[]
22,1398846687.3358915,[]
23,1398846687.375868,[]
24,1398846687.3839257,[]
25,1398846687.423863,[]
26,1398846687.4638557,[]
27,1398846687.4638853,[]
28,1398846687.5038507,[]
29,1398846687.5083864,[]
30,1398846687.5478802,[]
31,1398846687.5878778,[]
32,1398846687.5879357,[]
33,1398846687.6278598,[]
34,1398846687.6337943,[]
35,1398846687.6719084,[]
36,1398846687.7118275,[]
37,1398846687.711845,[]
38,1398846687.751839,[]
39,1398846687.7584808,[]
40,1398846687.795829,[]
41,1398846687.8358245,[]
42,1398846687.835854,[]
43,1398846687.8758535,[]
44,1398846687.8841367,[]
45,1398846687.9238353,[]
46,1398846687.9638736,[]
47,1398846687.9639046,[]
48,1398846688.0038989,[]
49,1398846688.009553,[]
50,1398846688.0478714,[]
51,1398846688.0878406,[]
52,1398846688.0878685,[]
53,1398846688.1278632,[]
54,1398846688.1350095,[]
55,1398846688.1719055,[]
56,1398846688.2119246,[]
57,1398846688.2119474,[]
58,1398846688.2518823,[]
59,1398846688.2610302,[]
60,1398846688.2998452,[]
61,1398846688.339779,[]
62,1398846688.3397965,[]
63,1398846688.3799343,[]
64,1398846688.3851457,[]
65,1398846688.4238544,[]
66,1398846688.463937,[]
67,1398846688.4639702,[]
68,1398846688.5038607,[]
69,1398846688.5106595,[]
70,1398846688.5478363,[]
71,1398846688.5878494,[]
72,1398846688.5878816,[]
73,1398846688.6279128,[]
74,1398846688.635963,[]
75,1398846688.675925,[]
76,1398846688.7158778,[]
77,1398846688.7159066,[]
78,1398846688.7558784,[]
79,1398846688.7609782,[]
80,1398846688.7998827,[]
81,1398846688.8398612,[]
82,1398846688.839887,[]
83,1398846688.8799515,[]
84,1398846688.8869233,[]
85,1398846688.9238484,[]
86,1398846688.9638748,[]
87,1398846688.963903,[]
88,1398846689.003883,[]
89,1398846689.0122125,[]
90,1398846689.0518432,[]
91,1398846689.0919104,[]
92,1398846689.0919302,[]
93,1398846689.131893,[]
94,1398846689.1365943,[]
95,1398846689.1758783,[]
96,1398846689.2158606,[]
97,1398846689.2158923,[]
98,1398846689.2558765,[]
99,1398846689.2618837,[]
100,1398846689.2998755,[]
101,1398846689.339828,[]
102,1398846689.3398526,[]
103,1398846689.3799112,[]
104,1398846689.3876479,[]
105,1398846689.4238157,[]
106,1398846689.4638186,[]
107,1398846689.4638493,[]
108,1398846689.5039005,[]
109,1398846689.512759,[]
110,1398846689.551964,[]
111,1398846689.591856,[]
112,1398846689.5918903,[]
113,1398846689.6319287,[]
114,1398846689.6372607,[]
115,1398846689.67592,[]
116,1398846689.7158875,[]
117,1398846689.7159169,[]
118,1398846689.7558568,[]
119,1398846689.7629225,[]
120,1398846689.7998836,[]
121,1398846689.8398447,[]
122,1398846689.8398774,[]
123,1398846689.8799179,[]
124,1398846689.8888915,[]
125,1398846689.9278545,[]
126,1398846689.9678805,[]
127,1398846689.9679356,[]
128,1398846690.007926,[]
129,1398846690.0133069,[]
130,1398846690.0518491,[]
131,1398846690.0918505,[]
132,1398846690.0918815,[]
133,1398846690.1318696,[]
134,1398846690.1381948,[]
135,1398846690.1757786,[]
136,1398846690.215901,[]
137,1398846690.2159204,[]
138,1398846690.255867,[]
139,1398846690.26387,[]
140,1398846690.3038182,[]
141,1398846690.3438544,[]
142,1398846690.343883,[]
143,1398846690.3839898,[]
144,1398846690.3892694,[]
145,1398846690.4279277,[]
146,1398846690.4678876,[]
147,1398846690.4679165,[]
148,1398846690.5078952,[]
149,1398846690.514341,[]
150,1398846690.5518608,[]
151,1398846690.5918713,[]
152,1398846690.5919096,[]
153,1398846690.6318805,[]
154,1398846690.6394079,[]
155,1398846690.6758678,[]
156,1398846690.7158568,[]
157,1398846690.7158844,[]
158,1398846690.7558486,[]
159,1398846690.7654574,[]
160,1398846690.8038912,[]
161,1398846690.8438914,[]
162,1398846690.8439214,[]
163,1398846690.8840559,[]
164,1398846690.8901281,[]
165,1398846690.9278626,[]
166,1398846690.9678795,[]
167,1398846690.967909,[]
168,1398846691.007911,[]
169,1398846691.0156353,[]
170,1398846691.051856,[]
171,1398846691.0918534,[]
172,1398846691.0918827,[]
173,1398846691.1319327,[]
174,1398846691.141159,[]
175,1398846691.1798506,[]
176,1398846691.2198763,[]
177,1398846691.219906,[]
178,1398846691.2598484,[]
179,1398846691.2667499,[]
180,1398846691.3038821,[]
181,1398846691.3439064,[]
182,1398846691.3439395,[]
183,1398846691.3839056,[]
184,1398846691.3922648,[]
185,1398846691.4319122,[]
186,1398846691.471868,[]
187,1398846691.4718995,[]
188,1398846691.5119464,[]
189,1398846691.51666,[]
190,1398846691.555917,[]
191,1398846691.5958617,[]
192,1398846691.5958953,[]
193,1398846691.6359146,[]
194,1398846691.6416254,[]
195,1398846691.679858,[]
196,1398846691.7198539,[]
197,1398846691.7198982,[]
198,1398846691.7599118,[]
199,1398846691.7672884,[]
200,1398846691.8038585,[]
201,1398846691.8438773,[]
202,1398846691.843909,[]
203,1398846691.8838918,[]
204,1398846691.89213,[]
205,1398846691.931939,[]
206,1398846691.9718912,[]
207,1398846691.971913,[]
208,1398846692.0118864,[]
209,1398846692.0186596,[]
210,1398846692.055865,[]
211,1398846692.0958896,[]
212,1398846692.0959234,[]
213,1398846692.1358545,[]
214,1398846692.143016,[]
215,1398846692.179866,[]
216,1398846692.2198837,[]
217,1398846692.2199123,[]
218,1398846692.2598298,[]
219,1398846692.2686722,[]
220,1398846692.3078835,[]
221,1398846692.3479083,[]
222,1398846692.3479295,[]
223,1398846692.3879015,[]
224,1398846692.3930671,[]
225,1398846692.431894,[]
226,1398846692.4718525,[]
227,1398846692.4718869,[]
228,1398846692.51185,[]
229,1398846692.519128,[]
230,1398846692.555883,[]
231,1398846692.5958343,[]
232,1398846692.595887,[]
233,1398846692.6358926,[]
234,1398846692.6434884,[]
235,1398846692.6798322,[]
236,1398846692.7198412,[]
237,1398846692.759941,[]
238,1398846692.7599733,[]
239,1398846692.7998862,[]
240,1398846692.799915,[]
241,1398846692.8399475,[]
242,1398846692.8437836,[]
243,1398846692.8798294,[]
244,1398846692.9199119,[]
245,1398846692.9200096,[]
246,1398846692.959979,[]
247,1398846692.9693425,[]
248,1398846693.0079234,[]
249,1398846693.0478172,[]
250,1398846693.047845,[]
251,1398846693.087841,[]
252,1398846693.0946867,[]
253,1398846693.1318905,[]
254,1398846693.1718535,[]
255,1398846693.1718848,[]
256,1398846693.2118776,[]
257,1398846693.2200258,[]
258,1398846693.259938,[]
259,1398846693.2998521,[]
260,1398846693.299881,[]
261,1398846693.3398917,[]
262,1398846693.3446474,[]
263,1398846693.3838525,[]
264,1398846693.4238398,[]
265,1398846693.423872,[]
266,1398846693.463939,[]
267,1398846693.4705405,[]
268,1398846693.5078676,[]
269,1398846693.547864,[]
270,1398846693.5478942,[]
271,1398846693.5879316,[]
272,1398846693.5955062,[]
273,1398846693.6318066,[]
274,1398846693.6718524,[]
275,1398846693.6718898,[]
276,1398846693.7119293,[]
277,1398846693.7210903,[]
278,1398846693.759884,[]
279,1398846693.7998478,[]
280,1398846693.7998755,[]
281,1398846693.8398454,[]
282,1398846693.847111,[]
283,1398846693.8839126,[]
284,1398846693.92387,[]
285,1398846693.923901,[]
286,1398846693.9639275,[]
287,1398846693.9722376,[]
288,1398846694.0119042,[]
289,1398846694.0518613,[]
290,1398846694.051891,[]
291,1398846694.0918832,[]
292,1398846694.098643,[]
293,1398846694.1358824,[]
294,1398846694.1758766,[]
295,1398846694.1759048,[]
296,1398846694.215905,[]
297,1398846694.2244158,[]
298,1398846694.2639036,[]
299,1398846694.303851,[]
300,1398846694.3038802,[]
301,1398846694.3439147,[]
302,1398846694.3498955,[]
303,1398846694.387825,[]
304,1398846694.4279168,[]
305,1398846694.4279873,[]
306,1398846694.4678767,[]
307,1398846694.475025,[]
308,1398846694.5118623,[]
309,1398846694.5518231,[]
310,1398846694.5519469,[]
311,1398846694.5918276,[]
312,1398846694.6001046,[]
313,1398846694.6398618,[]
314,1398846694.6798663,[]
315,1398846694.6798966,[]
316,1398846694.7200098,[]
317,1398846694.7255151,[]
318,1398846694.7638986,[]
319,1398846694.8038576,[]
320,1398846694.8038871,[]
321,1398846694.8438673,[]
322,1398846694.8506224,[]
323,1398846694.887916,[]
324,1398846694.9278738,[]
325,1398846694.9279063,[]
326,1398846694.9679239,[]
327,1398846694.9761207,[]
328,1398846695.015895,[]
329,1398846695.0559716,[]
330,1398846695.0559993,[]
331,1398846695.0958557,[]
332,1398846695.101264,[]
333,1398846695.1399028,[]
334,1398846695.1799076,[]
335,1398846695.1799366,[]
336,1398846695.219875,[]
337,1398846695.2260265,[]
338,1398846695.2639325,[]
339,1398846695.30389,[]
340,1398846695.3039181,[]
341,1398846695.343885,[]
342,1398846695.3502529,[]
343,1398846695.3878872,[]
344,1398846695.4278755,[]
345,1398846695.4279044,[]
346,1398846695.4678595,[]
347,1398846695.475645,[]
348,1398846695.5118911,[]
349,1398846695.5519147,[]
350,1398846695.5519469,[]
351,1398846695.5918605,[]
352,1398846695.6001637,[]
353,1398846695.6398852,[]
354,1398846695.6798615,[]
355,1398846695.6798923,[]
356,1398846695.7198384,[]
357,1398846695.7252004,[]
358,1398846695.7639105,[]
359,1398846695.8038518,[]
360,1398846695.8038795,[]
361,1398846695.843899,[]
362,1398846695.8502324,[]
363,1398846695.8878746,[]
364,1398846695.927874,[]
365,1398846695.927904,[]
366,1398846695.9678795,[]
367,1398846695.974621,[]
368,1398846696.0118425,[]
369,1398846696.0518618,[]
370,1398846696.0518982,[]
371,1398846696.091876,[]
372,1398846696.1002595,[]
373,1398846696.1398585,[]
374,1398846696.1798756,[]
375,1398846696.1799092,[]
376,1398846696.2198572,[]
377,1398846696.225162,[]
378,1398846696.2639155,[]
379,1398846696.303866,[]
380,1398846696.3038955,[]
381,1398846696.3438509,[]
382,1398846696.3506393,[]
383,1398846696.387871,[]
384,1398846696.4278867,[]
385,1398846696.4279137,[]
386,1398846696.4678893,[]
387,1398846696.4763918,[]
388,1398846696.5158548,[]
389,1398846696.5558882,[]
390,1398846696.5559142,[]
391,1398846696.5959039,[]
392,1398846696.6012554,[]
393,1398846696.6398618,[]
394,1398846696.679849,[]
395,1398846696.679878,[]
396,1398846696.719837,[]
397,1398846696.7263467,[]
398,1398846696.763916,[]
399,1398846696.8038747,[]
400,1398846696.8039033,[]
401,1398846696.8439238,[]
402,1398846696.8512604,[]
403,1398846696.8878906,[]
404,1398846696.9278684,[]
405,1398846696.9278982,[]
406,1398846696.9679174,[]
407,1398846696.9769506,[]
408,1398846697.0159044,[]
409,1398846697.0558245,[]
410,1398846697.055858,[]
411,1398846697.0958836,[]
412,1398846697.1024947,[]
413,1398846697.1398869,[]
414,1398846697.1798296,[]
415,1398846697.1798558,[]
416,1398846697.2199469,[]
417,1398846697.227101,[]
418,1398846697.263946,[]
419,1398846697.3038275,[]
420,1398846697.3038538,[]
421,1398846697.3439693,[]
422,1398846697.3535166,[]
423,1398846697.3918252,[]
424,1398846697.431872,[]
425,1398846697.431903,[]
426,1398846697.47183,[]
427,1398846697.4777696,[]
428,1398846697.5159388,[]
429,1398846697.55582,[]
430,1398846697.555851,[]
431,1398846697.5958345,[]
432,1398846697.603137,[]
433,1398846697.6399026,[]
434,1398846697.6798332,[]
435,1398846697.679859,[]
436,1398846697.7198892,[]
437,1398846697.7279012,[]
438,1398846697.7679212,[]
439,1398846697.8078206,[]
440,1398846697.8078473,[]
441,1398846697.8478658,[]
442,1398846697.8537652,[]
443,1398846697.891849,[]
444,1398846697.9318907,[]
445,1398846697.931919,[]
446,1398846697.9718544,[]
447,1398846697.9782207,[]
448,1398846698.0159214,[]
449,1398846698.0558631,[]
450,1398846698.055891,[]
451,1398846698.095874,[]
452,1398846698.103874,[]
453,1398846698.143845,[]
454,1398846698.1838543,[]
455,1398846698.183884,[]
456,1398846698.2238808,[]
457,1398846698.2288878,[]
458,1398846698.2678874,[]
459,1398846698.307826,[]
460,1398846698.3078563,[]
461,1398846698.3478842,[]
462,1398846698.3552403,[]
463,1398846698.391851,[]
464,1398846698.4319284,[]
465,1398846698.4319606,[]
466,1398846698.4718232,[]
467,1398846698.4792523,[]
468,1398846698.515878,[]
469,1398846698.5558147,[]
470,1398846698.5558429,[]
471,1398846698.5958269,[]
472,1398846698.6056519,[]
473,1398846698.6439016,[]
474,1398846698.6838946,[]
475,1398846698.6839256,[]
476,1398846698.7238576,[]
477,1398846698.73027,[]
478,1398846698.767896,[]
479,1398846698.807888,[]
480,1398846698.807919,[]
481,1398846698.8478851,[]
482,1398846698.8640091,[]
483,1398846698.9038644,[]
484,1398846698.9438586,[]
485,1398846698.9438906,[]
486,1398846698.983869,[]
487,1398846698.983897,[]
488,1398846699.0238647,[]
489,1398846699.0308948,[]
490,1398846699.0679107,[]
491,1398846699.1079912,[]
492,1398846699.1080275,[]
493,1398846699.1478891,[]
494,1398846699.1568832,[]
495,1398846699.1958184,[]
496,1398846699.235835,[]
497,1398846699.2358613,[]
498,1398846699.2759254,[]
499,1398846699.2808762,[]
500,1398846699.3197954,[]
501,1398846699.3599758,[]
502,1398846699.3600025,[]
503,1398846699.3999119,[]
504,1398846699.4062693,[]
505,1398846699.4439247,[]
506,1398846699.4838655,[]
507,1398846699.483894,[]
508,1398846699.5238545,[]
509,1398846699.5308585,[]
510,1398846699.5678985,[]
511,1398846699.6078968,[]
512,1398846699.6079254,[]
513,1398846699.6478772,[]
514,1398846699.6569138,[]
515,1398846699.6958504,[]
516,1398846699.7358646,[]
517,1398846699.7358985,[]
518,1398846699.7759852,[]
519,1398846699.7823713,[]
520,1398846699.8198628,[]
521,1398846699.8599164,[]
522,1398846699.859948,[]
523,1398846699.8998816,[]
524,1398846699.907526,[]
525,1398846699.9438376,[]
526,1398846699.983842,[]
527,1398846699.983864,[]
528,1398846700.0238326,[]
529,1398846700.033145,[]
530,1398846700.0718846,[]
531,1398846700.111841,[]
532,1398846700.1118622,[]
533,1398846700.1519582,[]
534,1398846700.1582608,[]
535,1398846700.1959252,[]
536,1398846700.2359178,[]
537,1398846700.2359493,[]
538,1398846700.275873,[]
539,1398846700.2829711,[]
540,1398846700.3197875,[]
541,1398846700.359798,[]
542,1398846700.3598177,[]
543,1398846700.3998582,[]
544,1398846700.407778,[]
545,1398846700.444002,[]
546,1398846700.4838176,[]
547,1398846700.4838462,[]
548,1398846700.5239193,[]
549,1398846700.5342488,[]
550,1398846700.5718548,[]
551,1398846700.6118503,[]
552,1398846700.6118777,[]
553,1398846700.6518795,[]
554,1398846700.6590834,[]
555,1398846700.6958654,[]
556,1398846700.735875,[]
557,1398846700.7359037,[]
558,1398846700.775884,[]
559,1398846700.78379,[]
560,1398846700.8199067,[]
561,1398846700.8598552,[]
562,1398846700.8598874,[]
563,1398846700.8998842,[]
564,1398846700.909032,[]
565,1398846700.9479072,[]
566,1398846700.9879453,[]
567,1398846700.987972,[]
568,1398846701.0278327,[]
569,1398846701.034643,[]
570,1398846701.0718656,[]
571,1398846701.1119623,[]
572,1398846701.1119947,[]
573,1398846701.1519418,[]
574,1398846701.1592548,[]
575,1398846701.1958616,[]
576,1398846701.2358537,[]
577,1398846701.235881,[]
578,1398846701.2758634,[]
579,1398846701.2847588,[]
580,1398846701.3314943,[]
581,1398846701.3639393,[]
582,1398846701.3639743,[]
583,1398846701.4038928,[]
584,1398846701.4105265,[]
585,1398846701.4479082,[]
586,1398846701.4878855,[]
587,1398846701.4879103,[]
588,1398846701.5278556,[]
589,1398846701.5348635,[]
590,1398846701.571888,[]
591,1398846701.6118975,[]
592,1398846701.6119182,[]
593,1398846701.651873,[]
594,1398846701.6601162,[]
595,1398846701.6998692,[]
596,1398846701.739917,[]
597,1398846701.73994,[]
598,1398846701.77986,[]
599,1398846701.7854853,[]
600,1398846701.8238378,[]
601,1398846701.863868,[]
602,1398846701.8639064,[]
603,1398846701.903917,[]
604,1398846701.9108334,[]
605,1398846701.9479039,[]
606,1398846701.9879,[]
607,1398846701.9879231,[]
608,1398846702.0278885,[]
609,1398846702.0359552,[]
610,1398846702.0758312,[]
611,1398846702.1158607,[]
612,1398846702.1158915,[]
613,1398846702.1558394,[]
614,1398846702.1616168,[]
615,1398846702.1998408,[]
616,1398846702.2398162,[]
617,1398846702.2398477,[]
618,1398846702.2798815,[]
619,1398846702.2866468,[]
620,1398846702.323872,[]
621,1398846702.3638783,[]
622,1398846702.3639076,[]
623,1398846702.4038582,[]
624,1398846702.4118516,[]
625,1398846702.451904,[]
626,1398846702.4918387,[]
627,1398846702.4918704,[]
628,1398846702.531882,[]
629,1398846702.5378213,[]
630,1398846702.5758712,[]
631,1398846702.615899,[]
632,1398846702.6159303,[]
633,1398846702.6558645,[]
634,1398846702.661935,[]
635,1398846702.6998434,[]
636,1398846702.7398474,[]
637,1398846702.7398753,[]
638,1398846702.7798836,[]
639,1398846702.7868795,[]
640,1398846702.8238926,[]
641,1398846702.8638384,[]
642,1398846702.8638754,[]
643,1398846702.9038987,[]
644,1398846702.912655,[]
645,1398846702.951848,[]
646,1398846702.9918425,[]
647,1398846702.9919155,[]
648,1398846703.0319004,[]
649,1398846703.0382016,[]
650,1398846703.0758731,[]
651,1398846703.115885,[]
652,1398846703.1159158,[]
653,1398846703.1558485,[]
654,1398846703.163294,[]
655,1398846703.1998334,[]
656,1398846703.2398565,[]
657,1398846703.2398877,[]
658,1398846703.2798789,[]
659,1398846703.2880747,[]
660,1398846703.3278668,[]
661,1398846703.367831,[]
662,1398846703.367861,[]
663,1398846703.4078448,[]
664,1398846703.4131458,[]
665,1398846703.4518468,[]
666,1398846703.4918404,[]
667,1398846703.4918818,[]
668,1398846703.5318856,[]
669,1398846703.5382373,[]
670,1398846703.5759177,[]
671,1398846703.6158423,[]
672,1398846703.6158695,[]
673,1398846703.655906,[]
674,1398846703.664741,[]
675,1398846703.7038465,[]
676,1398846703.74387,[]
677,1398846703.743899,[]
678,1398846703.7839322,[]
679,1398846703.7891645,[]
680,1398846703.8279216,[]
681,1398846703.8678918,[]
682,1398846703.8679557,[]
683,1398846703.9078724,[]
684,1398846703.9152985,[]
685,1398846703.9518437,[]
686,1398846703.991836,[]
687,1398846703.991903,[]
688,1398846704.0318902,[]
689,1398846704.0399957,[]
690,1398846704.0798686,[]
691,1398846704.119818,[]
692,1398846704.119842,[]
693,1398846704.1599343,[]
694,1398846704.164676,[]
695,1398846704.2038302,[]
696,1398846704.2438235,[]
697,1398846704.2438502,[]
698,1398846704.2838879,[]
699,1398846704.2900226,[]
700,1398846704.3278863,[]
701,1398846704.3678176,[]
702,1398846704.367848,[]
703,1398846704.407832,[]
704,1398846704.4149003,[]
705,1398846704.4518728,[]
706,1398846704.4918678,[]
707,1398846704.4918997,[]
708,1398846704.5318768,[]
709,1398846704.5410316,[]
710,1398846704.5799034,[]
711,1398846704.6198459,[]
712,1398846704.619876,[]
713,1398846704.6598198,[]
714,1398846704.665702,[]
715,1398846704.7038703,[]
716,1398846704.7439044,[]
717,1398846704.7439303,[]
718,1398846704.7839022,[]
719,1398846704.7904003,[]
720,1398846704.8278341,[]
721,1398846704.867825,[]
722,1398846704.8678596,[]
723,1398846704.9079015,[]
724,1398846704.9164112,[]
725,1398846704.9559057,[]
726,1398846704.995894,[]
727,1398846704.995921,[]
728,1398846705.0358608,[]
729,1398846705.0415049,[]
730,1398846705.0799887,[]
731,1398846705.119889,[]
732,1398846705.1199217,[]
733,1398846705.15982,[]
734,1398846705.166597,[]
735,1398846705.2038493,[]
736,1398846705.2438452,[]
737,1398846705.2438717,[]
738,1398846705.2838776,[]
739,1398846705.2915912,[]
740,1398846705.3278952,[]
741,1398846705.3678064,[]
742,1398846705.3678334,[]
743,1398846705.4078925,[]
744,1398846705.4170158,[]
745,1398846705.4559648,[]
746,1398846705.4958553,[]
747,1398846705.4958858,[]
748,1398846705.535838,[]
749,1398846705.5423152,[]
750,1398846705.5799072,[]
751,1398846705.6198697,[]
752,1398846705.6199837,[]
753,1398846705.659922,[]
754,1398846705.6689882,[]
755,1398846705.707852,[]
756,1398846705.7478497,[]
757,1398846705.7478776,[]
758,1398846705.7879725,[]
759,1398846705.7940595,[]
760,1398846705.8319032,[]
761,1398846705.8718534,[]
762,1398846705.8718865,[]
763,1398846705.911834,[]
764,1398846705.9198704,[]
765,1398846705.9598696,[]
766,1398846705.9998577,[]
767,1398846705.9998882,[]
768,1398846706.0398326,[]
769,1398846706.0450053,[]
770,1398846706.0838797,[]
771,1398846706.1239293,[]
772,1398846706.123957,[]
773,1398846706.1638722,[]
774,1398846706.1709096,[]
775,1398846706.2118688,[]
776,1398846706.2519073,[]
777,1398846706.2519383,[]
778,1398846706.29183,[]
779,1398846706.2959151,[]
780,1398846706.3399355,[]
781,1398846706.3799126,[]
782,1398846706.3799384,[]
783,1398846706.419942,[]
784,1398846706.4215806,[]
785,1398846706.4599092,[]
786,1398846706.4998395,[]
787,1398846706.499871,[]
788,1398846706.5398786,[]
789,1398846706.5469043,[]
790,1398846706.5878546,[]
791,1398846706.6278532,[]
792,1398846706.6278806,[]
793,1398846706.6678793,[]
794,1398846706.6718986,[]
795,1398846706.7118795,[]
796,1398846706.7519085,[]
797,1398846706.7519414,[]
798,1398846706.7918532,[]
799,1398846706.796983,[]
800,1398846706.8358252,[]
801,1398846706.8758597,[]
802,1398846706.8759289,[]
803,1398846706.9158933,[]
804,1398846706.9217155,[]
805,1398846706.959905,[]
806,1398846706.99982,[]
807,1398846706.9998446,[]
808,1398846707.0398831,[]
809,1398846707.0460784,[]
810,1398846707.0838926,[]
811,1398846707.123841,[]
812,1398846707.1238804,[]
813,1398846707.1638887,[]
814,1398846707.171658,[]
815,1398846707.2079031,[]
816,1398846707.2478654,[]
817,1398846707.2478957,[]
818,1398846707.2878373,[]
819,1398846707.296415,[]
820,1398846707.3359535,[]
821,1398846707.3759508,[]
822,1398846707.3759813,[]
823,1398846707.4158556,[]
824,1398846707.4209301,[]
825,1398846707.4599593,[]
826,1398846707.4998608,[]
827,1398846707.4998927,[]
828,1398846707.5400114,[]
829,1398846707.5486617,[]
830,1398846707.5878296,[]
831,1398846707.627851,[]
832,1398846707.6278808,[]
833,1398846707.667847,[]
834,1398846707.6707582,[]
835,1398846707.707888,[]
836,1398846707.7478535,[]
837,1398846707.747886,[]
838,1398846707.7878141,[]
839,1398846707.796028,[]
840,1398846707.8359442,[]
841,1398846707.8759165,[]
842,1398846707.8759449,[]
843,1398846707.9159377,[]
844,1398846707.9209802,[]
845,1398846707.9598875,[]
846,1398846707.9999545,[]
847,1398846707.9999871,[]
848,1398846708.0398908,[]
849,1398846708.0461411,[]
850,1398846708.0838182,[]
851,1398846708.123869,[]
852,1398846708.1238973,[]
853,1398846708.1638777,[]
854,1398846708.17104,[]
855,1398846708.2078285,[]
856,1398846708.2478247,[]
857,1398846708.2478557,[]
858,1398846708.2878442,[]
859,1398846708.2967722,[]
860,1398846708.335868,[]
861,1398846708.375851,[]
862,1398846708.3758793,[]
863,1398846708.4158587,[]
864,1398846708.421494,[]
865,1398846708.4599254,[]
866,1398846708.4998045,[]
867,1398846708.499832,[]
868,1398846708.5398734,[]
869,1398846708.546896,[]
870,1398846708.583941,[]
871,1398846708.6238523,[]
872,1398846708.623883,[]
873,1398846708.663967,[]
874,1398846708.6722958,[]
875,1398846708.7119536,[]
876,1398846708.7518868,[]
877,1398846708.751913,[]
878,1398846708.7918441,[]
879,1398846708.797529,[]
880,1398846708.835867,[]
881,1398846708.875887,[]
882,1398846708.87591,[]
883,1398846708.9158328,[]
884,1398846708.922133,[]
885,1398846708.959886,[]
886,1398846708.9998653,[]
887,1398846708.999894,[]
888,1398846709.0398989,[]
889,1398846709.0478194,[]
890,1398846709.0878384,[]
891,1398846709.1278605,[]
892,1398846709.1278896,[]
893,1398846709.167834,[]
894,1398846709.1739063,[]
895,1398846709.2119372,[]
896,1398846709.2519355,[]
897,1398846709.2519634,[]
898,1398846709.2918425,[]
899,1398846709.2981331,[]
900,1398846709.3359323,[]
901,1398846709.375883,[]
902,1398846709.3759148,[]
903,1398846709.4158866,[]
904,1398846709.4236479,[]
905,1398846709.4598975,[]
906,1398846709.4998572,[]
907,1398846709.499888,[]
908,1398846709.5399296,[]
909,1398846709.5485635,[]
910,1398846709.5878382,[]
911,1398846709.6278193,[]
912,1398846709.6278489,[]
913,1398846709.6679149,[]
914,1398846709.673715,[]
915,1398846709.7118773,[]
916,1398846709.7518306,[]
917,1398846709.7518635,[]
918,1398846709.791844,[]
919,1398846709.7990036,[]
920,1398846709.8358343,[]
921,1398846709.8758726,[]
922,1398846709.8759012,[]
923,1398846709.9158258,[]
924,1398846709.9241345,[]
925,1398846709.963815,[]
926,1398846710.0038884,[]
927,1398846710.0039089,[]
928,1398846710.043882,[]
929,1398846710.0494134,[]
930,1398846710.087842,[]
931,1398846710.1278822,[]
932,1398846710.1279118,[]
933,1398846710.1678758,[]
934,1398846710.1744475,[]
935,1398846710.2119708,[]
936,1398846710.2518556,[]
937,1398846710.2518835,[]
938,1398846710.291859,[]
939,1398846710.2994576,[]
940,1398846710.3358319,[]
941,1398846710.3758807,[]
942,1398846710.3759096,[]
943,1398846710.415852,[]
944,1398846710.4248855,[]
945,1398846710.463894,[]
946,1398846710.5038958,[]
947,1398846710.5039282,[]
948,1398846710.5438793,[]
949,1398846710.5507877,[]
950,1398846710.5878842,[]
951,1398846710.6278672,[]
952,1398846710.627898,[]
953,1398846710.6678703,[]
954,1398846710.6750124,[]
955,1398846710.7118573,[]
956,1398846710.7518706,[]
957,1398846710.7518964,[]
958,1398846710.7918172,[]
959,1398846710.8007784,[]
960,1398846710.839844,[]
961,1398846710.8798382,[]
962,1398846710.8798542,[]
963,1398846710.919874,[]
964,1398846710.9256992,[]
965,1398846710.9638479,[]
966,1398846711.0038784,[]
967,1398846711.003908,[]
968,1398846711.0438838,[]
969,1398846711.051527,[]
970,1398846711.0878217,[]
971,1398846711.1278267,[]
972,1398846711.127863,[]
973,1398846711.1678348,[]
974,1398846711.1761367,[]
975,1398846711.2158413,[]
976,1398846711.255881,[]
977,1398846711.255911,[]
978,1398846711.2958922,[]
979,1398846711.3011076,[]
980,1398846711.3398714,[]
981,1398846711.3799062,[]
982,1398846711.3799338,[]
983,1398846711.4198594,[]
984,1398846711.4270048,[]
985,1398846711.4638715,[]
986,1398846711.5037906,[]
987,1398846711.5038195,[]
988,1398846711.5438762,[]
989,1398846711.5521333,[]
990,1398846711.591865,[]
991,1398846711.6319284,[]
992,1398846711.6319625,[]
993,1398846711.6718562,[]
994,1398846711.6769085,[]
995,1398846711.7158148,[]
996,1398846711.7558625,[]
997,1398846711.7558928,[]
998,1398846711.7959023,[]
999,1398846711.8021705,[]
1000,1398846711.8398788,[]
1001,1398846711.879859,[]
1002,1398846711.8798904,[]
1003,1398846711.919881,[]
1004,1398846711.9270952,[]
1005,1398846711.9638655,[]
1006,1398846712.003858,[]
1007,1398846712.0438845,[]
1008,1398846712.0439146,[]
1009,1398846712.083879,[]
1010,1398846712.0839074,[]
1011,1398846712.1238573,[]
1012,1398846712.1273704,[]
1013,1398846712.1638582,[]
1014,1398846712.2039828,[]
1015,1398846712.2040067,[]
1016,1398846712.243924,[]
1017,1398846712.2537494,[]
1018,1398846712.29182,[]
1019,1398846712.3318696,[]
1020,1398846712.3318968,[]
1021,1398846712.371885,[]
1022,1398846712.3774931,[]
1023,1398846712.4158423,[]
1024,1398846712.4559398,[]
1025,1398846712.455974,[]
1026,1398846712.495856,[]
1027,1398846712.5030572,[]
1028,1398846712.539863,[]
1029,1398846712.5798874,[]
1030,1398846712.5799081,[]
1031,1398846712.6198857,[]
1032,1398846712.6280034,[]
1033,1398846712.6678417,[]
1034,1398846712.7096992,[]
1035,1398846712.7097542,[]
1036,1398846712.7479117,[]
1037,1398846712.7536094,[]
1038,1398846712.7918057,[]
1039,1398846712.8318536,[]
1040,1398846712.8318834,[]
1041,1398846712.8718855,[]
1042,1398846712.8785915,[]
1043,1398846712.9158525,[]
1044,1398846712.9559398,[]
1045,1398846712.9559941,[]
1046,1398846712.9958816,[]
1047,1398846713.0041676,[]
1048,1398846713.0438528,[]
1049,1398846713.083855,[]
1050,1398846713.0838835,[]
1051,1398846713.1238554,[]
1052,1398846713.128911,[]
1053,1398846713.167833,[]
1054,1398846713.2078722,[]
1055,1398846713.2079015,[]
1056,1398846713.2479131,[]
1057,1398846713.2539048,[]
1058,1398846713.2918077,[]
1059,1398846713.3318534,[]
1060,1398846713.3318822,[]
1061,1398846713.3718581,[]
1062,1398846713.3796425,[]
1063,1398846713.4158936,[]
1064,1398846713.455842,[]
1065,1398846713.455874,[]
1066,1398846713.4958565,[]
1067,1398846713.50461,[]
1068,1398846713.5438738,[]
1069,1398846713.5837963,[]
1070,1398846713.583828,[]
1071,1398846713.6238503,[]
1072,1398846713.6305282,[]
1073,1398846713.6678653,[]
1074,1398846713.7078512,[]
1075,1398846713.7078798,[]
1076,1398846713.7478442,[]
1077,1398846713.7545373,[]
1078,1398846713.7918847,[]
1079,1398846713.8318915,[]
1080,1398846713.831921,[]
1081,1398846713.871911,[]
1082,1398846713.8818982,[]
1083,1398846713.9198587,[]
1084,1398846713.9599233,[]
1085,1398846713.9599514,[]
1086,1398846713.9998708,[]
1087,1398846714.0065506,[]
1088,1398846714.0438428,[]
1089,1398846714.0838692,[]
1090,1398846714.0838969,[]
1091,1398846714.1238787,[]
1092,1398846714.1307611,[]
1093,1398846714.1678438,[]
1094,1398846714.2078264,[]
1095,1398846714.207844,[]
1096,1398846714.247902,[]
1097,1398846714.2569475,[]
1098,1398846714.2958584,[]
1099,1398846714.3358989,[]
1100,1398846714.3359287,[]
1101,1398846714.3759005,[]
1102,1398846714.3813143,[]
1103,1398846714.4198432,[]
1104,1398846714.459962,[]
1105,1398846714.4599974,[]
1106,1398846714.4998903,[]
1107,1398846714.5060284,[]
1108,1398846714.54388,[]
1109,1398846714.5838935,[]
1110,1398846714.583911,[]
1111,1398846714.623819,[]
1112,1398846714.6319003,[]
1113,1398846714.6718547,[]
1114,1398846714.711826,[]
1115,1398846714.711861,[]
1116,1398846714.751879,[]
1117,1398846714.7575254,[]
1118,1398846714.7958646,[]
1119,1398846714.8358464,[]
1120,1398846714.8358793,[]
1121,1398846714.8759065,[]
1122,1398846714.8825395,[]
1123,1398846714.9198577,[]
1124,1398846714.9598832,[]
1125,1398846714.9599116,[]
1126,1398846714.9998546,[]
1127,1398846715.0067673,[]
1128,1398846715.043896,[]
1129,1398846715.083886,[]
1130,1398846715.0839486,[]
1131,1398846715.1238587,[]
1132,1398846715.13202,[]
1133,1398846715.1720872,[]
1134,1398846715.211816,[]
1135,1398846715.2118452,[]
1136,1398846715.2519245,[]
1137,1398846715.2584057,[]
1138,1398846715.295947,[]
1139,1398846715.335904,[]
1140,1398846715.3359349,[]
1141,1398846715.3758986,[]
1142,1398846715.3825243,[]
1143,1398846715.419839,[]
1144,1398846715.4598024,[]
1145,1398846715.4598343,[]
1146,1398846715.4998784,[]
1147,1398846715.507612,[]
1148,1398846715.5440814,[]
1149,1398846715.5839136,[]
1150,1398846715.5839777,[]
1151,1398846715.6239195,[]
1152,1398846715.6334946,[]
1153,1398846715.6718714,[]
1154,1398846715.7118425,[]
1155,1398846715.7118728,[]
1156,1398846715.7519972,[]
1157,1398846715.7583854,[]
1158,1398846715.7958736,[]
1159,1398846715.8357992,[]
1160,1398846715.835828,[]
1161,1398846715.8758695,[]
1162,1398846715.8834674,[]
1163,1398846715.9197998,[]
1164,1398846715.9598446,[]
1165,1398846715.9598742,[]
1166,1398846715.9999633,[]
1167,1398846716.0087287,[]
1168,1398846716.047846,[]
1169,1398846716.0878208,[]
1170,1398846716.0878487,[]
1171,1398846716.1278994,[]
1172,1398846716.1348937,[]
1173,1398846716.1718705,[]
1174,1398846716.2119699,[]
1175,1398846716.2120054,[]
1176,1398846716.2519143,[]
1177,1398846716.2589064,[]
1178,1398846716.2959015,[]
1179,1398846716.335838,[]
1180,1398846716.3358784,[]
1181,1398846716.375867,[]
1182,1398846716.3839881,[]
1183,1398846716.4239366,[]
1184,1398846716.4638617,[]
1185,1398846716.4638937,[]
1186,1398846716.503887,[]
1187,1398846716.5091453,[]
1188,1398846716.5479412,[]
1189,1398846716.587811,[]
1190,1398846716.5878248,[]
1191,1398846716.6278288,[]
1192,1398846716.6349258,[]
1193,1398846716.6718216,[]
1194,1398846716.711837,[]
1195,1398846716.7118719,[]
1196,1398846716.7519205,[]
1197,1398846716.760152,[]
1198,1398846716.7998621,[]
1199,1398846716.8398683,[]
1200,1398846716.8398914,[]
1201,1398846716.8798594,[]
1202,1398846716.8848367,[]
1203,1398846716.923856,[]
1204,1398846716.9638677,[]
1205,1398846716.9638956,[]
1206,1398846717.0038402,[]
1207,1398846717.010752,[]
1208,1398846717.0478861,[]
1209,1398846717.087895,[]
1210,1398846717.0879133,[]
1211,1398846717.1279125,[]
1212,1398846717.135269,[]
1213,1398846717.1719723,[]
1214,1398846717.2118864,[]
1215,1398846717.2119224,[]
1216,1398846717.2518988,[]
1217,1398846717.2609367,[]
1218,1398846717.2998781,[]
1219,1398846717.3399224,[]
1220,1398846717.3399577,[]
1221,1398846717.3799365,[]
1222,1398846717.385937,[]
1223,1398846717.4238515,[]
1224,1398846717.4638789,[]
1225,1398846717.4639103,[]
1226,1398846717.5039573,[]
1227,1398846717.5113044,[]
1228,1398846717.5479198,[]
1229,1398846717.5878682,[]
1230,1398846717.5879166,[]
1231,1398846717.627884,[]
1232,1398846717.6362925,[]
1233,1398846717.6759017,[]
1234,1398846717.715944,[]
1235,1398846717.7159781,[]
1236,1398846717.75596,[]
1237,1398846717.761766,[]
1238,1398846717.799966,[]
1239,1398846717.83984,[]
1240,1398846717.8398707,[]
1241,1398846717.8799841,[]
1242,1398846717.8876593,[]
1243,1398846717.9238994,[]
1244,1398846717.9638228,[]
1245,1398846717.9638546,[]
1246,1398846718.0038,[]
1247,1398846718.0131814,[]
1248,1398846718.051881,[]
1249,1398846718.0918336,[]
1250,1398846718.091862,[]
1251,1398846718.13187,[]
1252,1398846718.1385338,[]
1253,1398846718.1758442,[]
1254,1398846718.215924,[]
1255,1398846718.2558577,[]
1256,1398846718.255888,[]
1257,1398846718.2958193,[]
1258,1398846718.2958462,[]
1259,1398846718.3358457,[]
1260,1398846718.3396351,[]
1261,1398846718.3758738,[]
1262,1398846718.4158523,[]
1263,1398846718.415879,[]
1264,1398846718.4559193,[]
1265,1398846718.4649062,[]
1266,1398846718.5038335,[]
1267,1398846718.543925,[]
1268,1398846718.5439553,[]
1269,1398846718.584011,[]
1270,1398846718.5905058,[]
1271,1398846718.627779,[]
1272,1398846718.668009,[]
1273,1398846718.6680398,[]
1274,1398846718.707942,[]
1275,1398846718.7149081,[]
1276,1398846718.7518044,[]
1277,1398846718.7919521,[]
1278,1398846718.791983,[]
1279,1398846718.8318791,[]
1280,1398846718.8400202,[]
1281,1398846718.8799098,[]
1282,1398846718.919846,[]
1283,1398846718.9198768,[]
1284,1398846718.9598935,[]
1285,1398846718.9648771,[]
1286,1398846719.00387,[]
1287,1398846719.0438583,[]
1288,1398846719.0438871,[]
1289,1398846719.0838447,[]
1290,1398846719.0907805,[]
1291,1398846719.1278496,[]
1292,1398846719.1678603,[]
1293,1398846719.1678898,[]
1294,1398846719.2078912,[]
1295,1398846719.2154436,[]
1296,1398846719.2518828,[]
1297,1398846719.2918603,[]
1298,1398846719.291915,[]
1299,1398846719.3319232,[]
1300,1398846719.3399348,[]
1301,1398846719.379896,[]
1302,1398846719.419878,[]
1303,1398846719.4199083,[]
1304,1398846719.4598415,[]
1305,1398846719.4648821,[]
1306,1398846719.5038092,[]
1307,1398846719.5439506,[]
1308,1398846719.5439885,[]
1309,1398846719.5838513,[]
1310,1398846719.5900495,[]
1311,1398846719.6278508,[]
1312,1398846719.6678817,[]
1313,1398846719.667913,[]
1314,1398846719.7078974,[]
1315,1398846719.714661,[]
1316,1398846719.7519126,[]
1317,1398846719.791878,[]
1318,1398846719.7919097,[]
1319,1398846719.831944,[]
1320,1398846719.840282,[]
1321,1398846719.8799055,[]
1322,1398846719.9198563,[]
1323,1398846719.9198866,[]
1324,1398846719.959836,[]
1325,1398846719.9649014,[]
1326,1398846720.0038712,[]
1327,1398846720.0439394,[]
1328,1398846720.043972,[]
1329,1398846720.083928,[]
1330,1398846720.0909061,[]
1331,1398846720.1279025,[]
1332,1398846720.167914,[]
1333,1398846720.1679416,[]
1334,1398846720.207855,[]
1335,1398846720.2160726,[]
1336,1398846720.255908,[]
1337,1398846720.2958992,[]
1338,1398846720.2959268,[]
1339,1398846720.3358629,[]
1340,1398846720.3406281,[]
1341,1398846720.3798738,[]
1342,1398846720.4198682,[]
1343,1398846720.4198978,[]
1344,1398846720.4599042,[]
1345,1398846720.4649024,[]
1346,1398846720.5038738,[]
1347,1398846720.5438464,[]
1348,1398846720.5438745,[]
1349,1398846720.5838523,[]
1350,1398846720.5929055,[]
1351,1398846720.631869,[]
1352,1398846720.6718779,[]
1353,1398846720.6719096,[]
1354,1398846720.7118268,[]
1355,1398846720.7162316,[]
1356,1398846720.7558382,[]
1357,1398846720.7958791,[]
1358,1398846720.7959144,[]
1359,1398846720.8358357,[]
1360,1398846720.8402338,[]
1361,1398846720.8799314,[]
1362,1398846720.9198344,[]
1363,1398846720.919865,[]
1364,1398846720.95992,[]
1365,1398846720.965668,[]
1366,1398846721.0038643,[]
1367,1398846721.0438604,[]
1368,1398846721.04389,[]
1369,1398846721.0838442,[]
1370,1398846721.0907362,[]
1371,1398846721.1278574,[]
1372,1398846721.167847,[]
1373,1398846721.167887,[]
1374,1398846721.207851,[]
1375,1398846721.2159085,[]
1376,1398846721.2559538,[]
1377,1398846721.2959313,[]
1378,1398846721.2959619,[]
1379,1398846721.335901,[]
1380,1398846721.3419268,[]
1381,1398846721.379876,[]
1382,1398846721.4199102,[]
1383,1398846721.419941,[]
1384,1398846721.459865,[]
1385,1398846721.466254,[]
1386,1398846721.5038571,[]
1387,1398846721.5439012,[]
1388,1398846721.5439494,[]
1389,1398846721.583835,[]
1390,1398846721.5915444,[]
1391,1398846721.6278462,[]
1392,1398846721.667895,[]
1393,1398846721.6679232,[]
1394,1398846721.7078846,[]
1395,1398846721.7170336,[]
1396,1398846721.7559273,[]
1397,1398846721.7958698,[]
1398,1398846721.795901,[]
1399,1398846721.8359044,[]
1400,1398846721.841903,[]
1401,1398846721.8798478,[]
1402,1398846721.9198685,[]
1403,1398846721.9198992,[]
1404,1398846721.9598298,[]
1405,1398846721.9667833,[]
1406,1398846722.0039213,[]
1407,1398846722.0438607,[]
1408,1398846722.0438943,[]
1409,1398846722.083837,[]
1410,1398846722.0925276,[]
1411,1398846722.131827,[]
1412,1398846722.1718583,[]
1413,1398846722.1718874,[]
1414,1398846722.2118535,[]
1415,1398846722.217411,[]
1416,1398846722.2559495,[]
1417,1398846722.2958968,[]
1418,1398846722.2959247,[]
1419,1398846722.3358445,[]
1420,1398846722.3430037,[]
1421,1398846722.379898,[]
1422,1398846722.4198678,[]
1423,1398846722.4199028,[]
1424,1398846722.4599366,[]
1425,1398846722.4680028,[]
1426,1398846722.507827,[]
1427,1398846722.5478954,[]
1428,1398846722.547931,[]
1429,1398846722.5878592,[]
1430,1398846722.5928934,[]
1431,1398846722.6318107,[]
1432,1398846722.6719234,[]
1433,1398846722.6719594,[]
1434,1398846722.711913,[]
1435,1398846722.7183132,[]
1436,1398846722.755842,[]
1437,1398846722.7959292,[]
1438,1398846722.7959585,[]
1439,1398846722.8358724,[]
1440,1398846722.843284,[]
1441,1398846722.879897,[]
1442,1398846722.919864,[]
1443,1398846722.9198933,[]
1444,1398846722.9599085,[]
1445,1398846722.9685392,[]
1446,1398846723.0078328,[]
1447,1398846723.0478492,[]
1448,1398846723.0478776,[]
1449,1398846723.0878131,[]
1450,1398846723.0937097,[]
1451,1398846723.1318595,[]
1452,1398846723.171889,[]
1453,1398846723.1719198,[]
1454,1398846723.2118506,[]
1455,1398846723.218886,[]
1456,1398846723.2558525,[]
1457,1398846723.2959094,[]
1458,1398846723.2959385,[]
1459,1398846723.3358524,[]
1460,1398846723.3445513,[]
1461,1398846723.3838074,[]
1462,1398846723.4238594,[]
1463,1398846723.4238837,[]
1464,1398846723.4638662,[]
1465,1398846723.4694967,[]
1466,1398846723.507822,[]
1467,1398846723.5478992,[]
1468,1398846723.5479393,[]
1469,1398846723.587856,[]
1470,1398846723.5945368,[]
1471,1398846723.6318114,[]
1472,1398846723.6718853,[]
1473,1398846723.6719143,[]
1474,1398846723.7119014,[]
1475,1398846723.7189162,[]
1476,1398846723.7559502,[]
1477,1398846723.795904,[]
1478,1398846723.7959394,[]
1479,1398846723.8358295,[]
1480,1398846723.8447866,[]
1481,1398846723.8839,[]
1482,1398846723.9238584,[]
1483,1398846723.9239078,[]
1484,1398846723.9638953,[]
1485,1398846723.9693575,[]
1486,1398846724.0079045,[]
1487,1398846724.047959,[]
1488,1398846724.0479894,[]
1489,1398846724.08784,[]
1490,1398846724.0959117,[]
1491,1398846724.1358614,[]
1492,1398846724.1759431,[]
1493,1398846724.1759913,[]
1494,1398846724.215952,[]
1495,1398846724.2196686,[]
1496,1398846724.2559025,[]
1497,1398846724.2958772,[]
1498,1398846724.2959068,[]
1499,1398846724.335917,[]
1500,1398846724.346095,[]
1501,1398846724.3838556,[]
1502,1398846724.4238987,[]
1503,1398846724.423931,[]
1504,1398846724.464022,[]
1505,1398846724.4700289,[]
1506,1398846724.5079021,[]
1507,1398846724.547863,[]
1508,1398846724.5478935,[]
1509,1398846724.5878763,[]
1510,1398846724.5963829,[]
1511,1398846724.6358645,[]
1512,1398846724.6760046,[]
1513,1398846724.6760426,[]
1514,1398846724.715956,[]
1515,1398846724.7207518,[]
1516,1398846724.7599063,[]
1517,1398846724.7999463,[]
1518,1398846724.799969,[]
1519,1398846724.839915,[]
1520,1398846724.8459122,[]
1521,1398846724.883877,[]
1522,1398846724.9238281,[]
1523,1398846724.9238548,[]
1524,1398846724.9638739,[]
1525,1398846724.971889,[]
1526,1398846725.0119789,[]
1527,1398846725.051861,[]
1528,1398846725.0519087,[]
1529,1398846725.091838,[]
1530,1398846725.096798,[]
1531,1398846725.1358964,[]
1532,1398846725.175909,[]
1533,1398846725.1759312,[]
1534,1398846725.215877,[]
1535,1398846725.2220213,[]
1536,1398846725.2599554,[]
1537,1398846725.2999308,[]
1538,1398846725.2999506,[]
1539,1398846725.3399289,[]
1540,1398846725.3474338,[]
1541,1398846725.3838878,[]
1542,1398846725.4238474,[]
1543,1398846725.4238834,[]
1544,1398846725.463913,[]
1545,1398846725.4723978,[]
1546,1398846725.5118785,[]
1547,1398846725.5520024,[]
1548,1398846725.5520682,[]
1549,1398846725.591868,[]
1550,1398846725.596906,[]
1551,1398846725.6358953,[]
1552,1398846725.6758323,[]
1553,1398846725.6759295,[]
1554,1398846725.715889,[]
1555,1398846725.7224245,[]
1556,1398846725.7599423,[]
1557,1398846725.7999027,[]
1558,1398846725.7999256,[]
1559,1398846725.8399506,[]
1560,1398846725.8482862,[]
1561,1398846725.887878,[]
1562,1398846725.9278316,[]
1563,1398846725.927863,[]
1564,1398846725.9678981,[]
1565,1398846725.971632,[]
1566,1398846726.007958,[]
1567,1398846726.0478983,[]
1568,1398846726.0878763,[]
1569,1398846726.0879061,[]
1570,1398846726.1278455,[]
1571,1398846726.127874,[]
1572,1398846726.1678705,[]
1573,1398846726.1731584,[]
1574,1398846726.211851,[]
1575,1398846726.25193,[]
1576,1398846726.2519596,[]
1577,1398846726.2919216,[]
1578,1398846726.2983737,[]
1579,1398846726.3358343,[]
1580,1398846726.3759284,[]
1581,1398846726.3759582,[]
1582,1398846726.4158418,[]
1583,1398846726.4224894,[]
1584,1398846726.4599473,[]
1585,1398846726.4998608,[]
1586,1398846726.4998925,[]
1587,1398846726.539907,[]
1588,1398846726.5490305,[]
1589,1398846726.5878267,[]
1590,1398846726.6279638,[]
1591,1398846726.6279914,[]
1592,1398846726.6679254,[]
1593,1398846726.6739097,[]
1594,1398846726.711919,[]
1595,1398846726.7518473,[]
1596,1398846726.751883,[]
1597,1398846726.7918413,[]
1598,1398846726.7979264,[]
1599,1398846726.8358128,[]
1600,1398846726.875932,[]
1601,1398846726.8759625,[]
1602,1398846726.9159288,[]
1603,1398846726.9228833,[]
1604,1398846726.9598415,[]
1605,1398846726.999863,[]
1606,1398846726.9998908,[]
1607,1398846727.039918,[]
1608,1398846727.0561712,[]
1609,1398846727.0959005,[]
1610,1398846727.1358533,[]
1611,1398846727.1359513,[]
1612,1398846727.1760216,[]
1613,1398846727.1761026,[]
1614,1398846727.2158542,[]
1615,1398846727.22351,[]
1616,1398846727.2598863,[]
1617,1398846727.2999136,[]
1618,1398846727.2999237,[]
1619,1398846727.3399053,[]
1620,1398846727.3491502,[]
1621,1398846727.3878722,[]
1622,1398846727.4278314,[]
1623,1398846727.4278545,[]
1624,1398846727.4679523,[]
1625,1398846727.4738855,[]
1626,1398846727.511891,[]
1627,1398846727.551923,[]
1628,1398846727.5519555,[]
1629,1398846727.5920162,[]
1630,1398846727.599386,[]
1631,1398846727.6358783,[]
1632,1398846727.6759546,[]
1633,1398846727.6759841,[]
1634,1398846727.7158437,[]
1635,1398846727.7241154,[]
1636,1398846727.7639234,[]
1637,1398846727.803866,[]
1638,1398846727.8038967,[]
1639,1398846727.8439114,[]
1640,1398846727.8504405,[]
1641,1398846727.8879125,[]
1642,1398846727.9278653,[]
1643,1398846727.927894,[]
1644,1398846727.96793,[]
1645,1398846727.9752247,[]
1646,1398846728.0118291,[]
1647,1398846728.0518768,[]
1648,1398846728.0519106,[]
1649,1398846728.0919156,[]
1650,1398846728.0996547,[]
1651,1398846728.1357827,[]
1652,1398846728.175826,[]
1653,1398846728.175859,[]
1654,1398846728.2158315,[]
1655,1398846728.2249196,[]
1656,1398846728.2639143,[]
1657,1398846728.303833,[]
1658,1398846728.3038652,[]
1659,1398846728.3439102,[]
1660,1398846728.3507752,[]
1661,1398846728.3878806,[]
1662,1398846728.4279764,[]
1663,1398846728.4280367,[]
1664,1398846728.4679515,[]
1665,1398846728.4752855,[]
1666,1398846728.5118127,[]
1667,1398846728.5518575,[]
1668,1398846728.5518875,[]
1669,1398846728.59184,[]
1670,1398846728.6010342,[]
1671,1398846728.642039,[]
1672,1398846728.679834,[]
1673,1398846728.6799154,[]
1674,1398846728.7198887,[]
1675,1398846728.726029,[]
1676,1398846728.763863,[]
1677,1398846728.8038325,[]
1678,1398846728.8038607,[]
1679,1398846728.8439386,[]
1680,1398846728.8514354,[]
1681,1398846728.8878455,[]
1682,1398846728.927824,[]
1683,1398846728.9278512,[]
1684,1398846728.967957,[]
1685,1398846728.9765406,[]
1686,1398846729.0158243,[]
1687,1398846729.055846,[]
1688,1398846729.0558755,[]
1689,1398846729.095883,[]
1690,1398846729.10165,[]
1691,1398846729.139904,[]
1692,1398846729.179832,[]
1693,1398846729.1798632,[]
1694,1398846729.2198584,[]
1695,1398846729.226453,[]
1696,1398846729.2638438,[]
1697,1398846729.303832,[]
1698,1398846729.3038642,[]
1699,1398846729.343914,[]
1700,1398846729.351828,[]
1701,1398846729.3917933,[]
1702,1398846729.4318492,[]
1703,1398846729.4318783,[]
1704,1398846729.4719133,[]
1705,1398846729.476578,[]
1706,1398846729.515813,[]
1707,1398846729.55578,[]
1708,1398846729.5558152,[]
1709,1398846729.5958939,[]
1710,1398846729.6019297,[]
1711,1398846729.639953,[]
1712,1398846729.6798127,[]
1713,1398846729.6798432,[]
1714,1398846729.7199094,[]
1715,1398846729.726822,[]
1716,1398846729.7638724,[]
1717,1398846729.8038275,[]
1718,1398846729.803857,[]
1719,1398846729.8438773,[]
1720,1398846729.8533602,[]
1721,1398846729.8918796,[]
1722,1398846729.9318147,[]
1723,1398846729.931842,[]
1724,1398846729.97184,[]
1725,1398846729.9785085,[]
1726,1398846730.0159023,[]
1727,1398846730.055829,[]
1728,1398846730.055859,[]
1729,1398846730.0958588,[]
1730,1398846730.1036534,[]
1731,1398846730.1398375,[]
1732,1398846730.1799035,[]
1733,1398846730.179935,[]
1734,1398846730.2198255,[]
1735,1398846730.2294574,[]
1736,1398846730.2679517,[]
1737,1398846730.3077989,[]
1738,1398846730.307824,[]
1739,1398846730.3479776,[]
1740,1398846730.3551657,[]
1741,1398846730.3918753,[]
1742,1398846730.4318607,[]
1743,1398846730.4318788,[]
1744,1398846730.4719615,[]
1745,1398846730.4808965,[]
1746,1398846730.5198176,[]
1747,1398846730.5598364,[]
1748,1398846730.559863,[]
1749,1398846730.5998409,[]
1750,1398846730.60586,[]
1751,1398846730.6479144,[]
1752,1398846730.6878645,[]
1753,1398846730.687894,[]
1754,1398846730.7278197,[]
1755,1398846730.7308524,[]
1756,1398846730.76791,[]
1757,1398846730.8078594,[]
1758,1398846730.8079002,[]
1759,1398846730.847889,[]
1760,1398846730.8641574,[]
1761,1398846730.9039307,[]
1762,1398846730.9439516,[]
1763,1398846730.9439795,[]
1764,1398846730.9838712,[]
1765,1398846730.9838996,[]
1766,1398846731.0238745,[]
1767,1398846731.0311606,[]
1768,1398846731.067901,[]
1769,1398846731.108064,[]
1770,1398846731.1081016,[]
1771,1398846731.1478999,[]
1772,1398846731.1559281,[]
1773,1398846731.1958008,[]
1774,1398846731.2358708,[]
1775,1398846731.2359,[]
1776,1398846731.2758386,[]
1777,1398846731.2812326,[]
1778,1398846731.3198948,[]
1779,1398846731.359894,[]
1780,1398846731.3599253,[]
1781,1398846731.399889,[]
1782,1398846731.4062593,[]
1783,1398846731.4438694,[]
1784,1398846731.4839227,[]
1785,1398846731.4839532,[]
1786,1398846731.5238523,[]
1787,1398846731.5306702,[]
1788,1398846731.5678968,[]
1789,1398846731.6078928,[]
1790,1398846731.6079237,[]
1791,1398846731.6478732,[]
1792,1398846731.6557996,[]
1793,1398846731.691907,[]
1794,1398846731.7318547,[]
1795,1398846731.7318866,[]
1796,1398846731.771953,[]
1797,1398846731.7803612,[]
1798,1398846731.8198278,[]
1799,1398846731.8598878,[]
1800,1398846731.859917,[]
1801,1398846731.899828,[]
1802,1398846731.9049182,[]
1803,1398846731.9439292,[]
1804,1398846731.9839492,[]
1805,1398846731.9839678,[]
1806,1398846732.0239277,[]
1807,1398846732.0311556,[]
1808,1398846732.0678928,[]
1809,1398846732.107913,[]
1810,1398846732.107942,[]
1811,1398846732.1478617,[]
1812,1398846732.1552203,[]
1813,1398846732.1918938,[]
1814,1398846732.2318413,[]
1815,1398846732.2318783,[]
1816,1398846732.271824,[]
1817,1398846732.280493,[]
1818,1398846732.3198867,[]
1819,1398846732.3598819,[]
1820,1398846732.359912,[]
1821,1398846732.3998494,[]
1822,1398846732.405069,[]
1823,1398846732.4439032,[]
1824,1398846732.4839106,[]
1825,1398846732.483964,[]
1826,1398846732.52394,[]
1827,1398846732.5306487,[]
1828,1398846732.5679038,[]
1829,1398846732.6078434,[]
1830,1398846732.6078708,[]
1831,1398846732.6480393,[]
1832,1398846732.6556118,[]
1833,1398846732.6919153,[]
1834,1398846732.7318258,[]
1835,1398846732.7318594,[]
1836,1398846732.7719004,[]
1837,1398846732.7806623,[]
1838,1398846732.8198671,[]
1839,1398846732.8598762,[]
1840,1398846732.8599117,[]
1841,1398846732.8998454,[]
1842,1398846732.905694,[]
1843,1398846732.943961,[]
1844,1398846732.9839146,[]
1845,1398846732.983943,[]
1846,1398846733.0239108,[]
1847,1398846733.0309105,[]
1848,1398846733.067908,[]
1849,1398846733.1079733,[]
1850,1398846733.1080058,[]
1851,1398846733.1479006,[]
1852,1398846733.1566887,[]
1853,1398846733.195853,[]
1854,1398846733.2358248,[]
1855,1398846733.235912,[]
1856,1398846733.27588,[]
1857,1398846733.2817895,[]
1858,1398846733.3199182,[]
1859,1398846733.3598871,[]
1860,1398846733.359919,[]
1861,1398846733.399814,[]
1862,1398846733.4072988,[]
1863,1398846733.4438584,[]
1864,1398846733.4838722,[]
1865,1398846733.4839025,[]
1866,1398846733.5238407,[]
1867,1398846733.5313993,[]
1868,1398846733.567914,[]
1869,1398846733.6078875,[]
1870,1398846733.607916,[]
1871,1398846733.6478121,[]
1872,1398846733.6573033,[]
1873,1398846733.695867,[]
1874,1398846733.7358646,[]
1875,1398846733.7358928,[]
1876,1398846733.7759366,[]
1877,1398846733.781648,[]
1878,1398846733.819809,[]
1879,1398846733.8599072,[]
1880,1398846733.8599339,[]
1881,1398846733.8998551,[]
1882,1398846733.9069262,[]
1883,1398846733.94389,[]
1884,1398846733.9838867,[]
1885,1398846733.983909,[]
1886,1398846734.0238676,[]
1887,1398846734.0330322,[]
1888,1398846734.0718048,[]
1889,1398846734.1118548,[]
1890,1398846734.1118884,[]
1891,1398846734.151897,[]
1892,1398846734.1573806,[]
1893,1398846734.1958678,[]
1894,1398846734.2358184,[]
1895,1398846734.2358482,[]
1896,1398846734.275875,[]
1897,1398846734.2826662,[]
1898,1398846734.319811,[]
1899,1398846734.3598852,[]
1900,1398846734.3599155,[]
1901,1398846734.3999715,[]
1902,1398846734.4076657,[]
1903,1398846734.443868,[]
1904,1398846734.4838738,[]
1905,1398846734.4839075,[]
1906,1398846734.5238807,[]
1907,1398846734.5333114,[]
1908,1398846734.571843,[]
1909,1398846734.6118526,[]
1910,1398846734.6118832,[]
1911,1398846734.6519315,[]
1912,1398846734.6584861,[]
1913,1398846734.695927,[]
1914,1398846734.7358537,[]
1915,1398846734.7358837,[]
1916,1398846734.7758703,[]
1917,1398846734.7839017,[]
1918,1398846734.8237922,[]
1919,1398846734.8638844,[]
1920,1398846734.8639038,[]
1921,1398846734.903868,[]
1922,1398846734.9086661,[]
1923,1398846734.9478025,[]
1924,1398846734.9877625,[]
1925,1398846734.987777,[]
1926,1398846735.027917,[]
1927,1398846735.0334444,[]
1928,1398846735.0718572,[]
1929,1398846735.111886,[]
1930,1398846735.1119168,[]
1931,1398846735.1518762,[]
1932,1398846735.1589339,[]
1933,1398846735.1957986,[]
1934,1398846735.235811,[]
1935,1398846735.235845,[]
1936,1398846735.275894,[]
1937,1398846735.284281,[]
1938,1398846735.3238828,[]
1939,1398846735.363907,[]
1940,1398846735.363933,[]
1941,1398846735.4038863,[]
1942,1398846735.4092805,[]
1943,1398846735.447865,[]
1944,1398846735.487819,[]
1945,1398846735.4878473,[]
1946,1398846735.5278413,[]
1947,1398846735.5343006,[]
1948,1398846735.5718713,[]
1949,1398846735.611841,[]
1950,1398846735.6118722,[]
1951,1398846735.651919,[]
1952,1398846735.6599214,[]
1953,1398846735.6998346,[]
1954,1398846735.7399418,[]
1955,1398846735.7399654,[]
1956,1398846735.7799432,[]
1957,1398846735.7840788,[]
1958,1398846735.8238845,[]
1959,1398846735.8638785,[]
1960,1398846735.8639083,[]
1961,1398846735.903834,[]
1962,1398846735.909656,[]
1963,1398846735.9478183,[]
1964,1398846735.9879277,[]
1965,1398846735.9879448,[]
1966,1398846736.027833,[]
1967,1398846736.0345347,[]
1968,1398846736.0718262,[]
1969,1398846736.1118684,[]
1970,1398846736.1118965,[]
1971,1398846736.1518846,[]
1972,1398846736.1599336,[]
1973,1398846736.1999056,[]
1974,1398846736.2398174,[]
1975,1398846736.2398431,[]
1976,1398846736.2799282,[]
1977,1398846736.2849038,[]
1978,1398846736.3238242,[]
1979,1398846736.363882,[]
1980,1398846736.3639126,[]
1981,1398846736.403822,[]
1982,1398846736.4103975,[]
1983,1398846736.447935,[]
1984,1398846736.4878483,[]
1985,1398846736.4878774,[]
1986,1398846736.527916,[]
1987,1398846736.5345423,[]
1988,1398846736.5718572,[]
1989,1398846736.6118827,[]
1990,1398846736.6119118,[]
1991,1398846736.6518977,[]
1992,1398846736.6602523,[]
1993,1398846736.699897,[]
1994,1398846736.740234,[]
1995,1398846736.740263,[]
1996,1398846736.779827,[]
1997,1398846736.784917,[]
1998,1398846736.8238113,[]
1999,1398846736.8638625,[]
2000,1398846736.8639107,[]
2001,1398846736.903863,[]
2002,1398846736.9102893,[]
2003,1398846736.9478424,[]
2004,1398846736.987874,[]
2005,1398846736.9879034,[]
2006,1398846737.0278115,[]
2007,1398846737.0350592,[]
2008,1398846737.0718668,[]
2009,1398846737.1119263,[]
2010,1398846737.1119592,[]
2011,1398846737.1519306,[]
2012,1398846737.1609097,[]
2013,1398846737.1998491,[]
2014,1398846737.2398033,[]
2015,1398846737.2398353,[]
2016,1398846737.279906,[]
2017,1398846737.285528,[]
2018,1398846737.3239317,[]
2019,1398846737.363832,[]
2020,1398846737.3638678,[]
2021,1398846737.4039497,[]
2022,1398846737.411114,[]
2023,1398846737.4478402,[]
2024,1398846737.4878685,[]
2025,1398846737.4878976,[]
2026,1398846737.5278966,[]
2027,1398846737.5352597,[]
2028,1398846737.571887,[]
2029,1398846737.6118488,[]
2030,1398846737.611876,[]
2031,1398846737.6518762,[]
2032,1398846737.660921,[]
2033,1398846737.6998808,[]
2034,1398846737.7398784,[]
2035,1398846737.7399092,[]
2036,1398846737.7798767,[]
2037,1398846737.7859204,[]
2038,1398846737.8239055,[]
2039,1398846737.8638744,[]
2040,1398846737.8639054,[]
2041,1398846737.9038832,[]
2042,1398846737.911793,[]
2043,1398846737.947833,[]
2044,1398846737.9879127,[]
2045,1398846737.9879432,[]
2046,1398846738.0278919,[]
2047,1398846738.036348,[]
2048,1398846738.0758202,[]
2049,1398846738.1158617,[]
2050,1398846738.1159067,[]
2051,1398846738.1558704,[]
2052,1398846738.1619248,[]
2053,1398846738.1998897,[]
2054,1398846738.2398753,[]
2055,1398846738.2399049,[]
2056,1398846738.2799888,[]
2057,1398846738.2865286,[]
2058,1398846738.3238535,[]
2059,1398846738.3638778,[]
2060,1398846738.363909,[]
2061,1398846738.403839,[]
2062,1398846738.412407,[]
2063,1398846738.4519062,[]
2064,1398846738.4919178,[]
2065,1398846738.4919527,[]
2066,1398846738.5318468,[]
2067,1398846738.5370314,[]
2068,1398846738.5758553,[]
2069,1398846738.6158917,[]
2070,1398846738.6159189,[]
2071,1398846738.6559472,[]
2072,1398846738.6626012,[]
2073,1398846738.699857,[]
2074,1398846738.7398682,[]
2075,1398846738.7398956,[]
2076,1398846738.779853,[]
2077,1398846738.7874968,[]
2078,1398846738.8238764,[]
2079,1398846738.8638902,[]
2080,1398846738.9038873,[]
2081,1398846738.9039166,[]
2082,1398846738.9440415,[]
2083,1398846738.9440675,[]
2084,1398846738.9839337,[]
2085,1398846738.9874058,[]
2086,1398846739.0238376,[]
2087,1398846739.0639353,[]
2088,1398846739.0639672,[]
2089,1398846739.103807,[]
2090,1398846739.1126978,[]
2091,1398846739.1518762,[]
2092,1398846739.1918252,[]
2093,1398846739.1918564,[]
2094,1398846739.231896,[]
2095,1398846739.237539,[]
2096,1398846739.2758405,[]
2097,1398846739.3158948,[]
2098,1398846739.315928,[]
2099,1398846739.355869,[]
2100,1398846739.3637776,[]
2101,1398846739.3998525,[]
2102,1398846739.4398272,[]
2103,1398846739.4398453,[]
2104,1398846739.4798307,[]
2105,1398846739.4884343,[]
2106,1398846739.5278528,[]
2107,1398846739.567831,[]
2108,1398846739.5678651,[]
2109,1398846739.6079257,[]
2110,1398846739.6134117,[]
2111,1398846739.651875,[]
2112,1398846739.6918333,[]
2113,1398846739.691865,[]
2114,1398846739.7318516,[]
2115,1398846739.7375717,[]
2116,1398846739.7758906,[]
2117,1398846739.8159013,[]
2118,1398846739.815932,[]
2119,1398846739.8558605,[]
2120,1398846739.8644137,[]
2121,1398846739.9038818,[]
2122,1398846739.9438162,[]
2123,1398846739.9438477,[]
2124,1398846739.9838984,[]
2125,1398846739.9884303,[]
2126,1398846740.0278418,[]
2127,1398846740.0678225,[]
2128,1398846740.0678575,[]
2129,1398846740.107864,[]
2130,1398846740.1135437,[]
2131,1398846740.1518953,[]
2132,1398846740.1918786,[]
2133,1398846740.1919158,[]
2134,1398846740.2318442,[]
2135,1398846740.2382958,[]
2136,1398846740.2758248,[]
2137,1398846740.3158648,[]
2138,1398846740.315893,[]
2139,1398846740.3559604,[]
2140,1398846740.3633623,[]
2141,1398846740.3998687,[]
2142,1398846740.4398928,[]
2143,1398846740.4399238,[]
2144,1398846740.4799142,[]
2145,1398846740.4890482,[]
2146,1398846740.5278258,[]
2147,1398846740.5678163,[]
2148,1398846740.5678456,[]
2149,1398846740.6078746,[]
2150,1398846740.613419,[]
2151,1398846740.6518736,[]
2152,1398846740.6918285,[]
2153,1398846740.6918612,[]
2154,1398846740.731878,[]
2155,1398846740.7398732,[]
2156,1398846740.7798393,[]
2157,1398846740.8198545,[]
2158,1398846740.8199174,[]
2159,1398846740.8599002,[]
2160,1398846740.8642437,[]
2161,1398846740.9039526,[]
2162,1398846740.9438322,[]
2163,1398846740.9438603,[]
2164,1398846740.9838855,[]
2165,1398846740.9894202,[]
2166,1398846741.0278656,[]
2167,1398846741.0678794,[]
2168,1398846741.0679111,[]
2169,1398846741.1078336,[]
2170,1398846741.1145515,[]
2171,1398846741.151895,[]
2172,1398846741.1918895,[]
2173,1398846741.1919196,[]
2174,1398846741.2318294,[]
2175,1398846741.2398574,[]
2176,1398846741.279972,[]
2177,1398846741.3198893,[]
2178,1398846741.3199217,[]
2179,1398846741.3599997,[]
2180,1398846741.365697,[]
2181,1398846741.4038343,[]
2182,1398846741.4438372,[]
2183,1398846741.4438674,[]
2184,1398846741.48388,[]
2185,1398846741.4901812,[]
2186,1398846741.5278566,[]
2187,1398846741.5678668,[]
2188,1398846741.5678964,[]
2189,1398846741.6078508,[]
2190,1398846741.6154625,[]
2191,1398846741.6519113,[]
2192,1398846741.6918507,[]
2193,1398846741.691882,[]
2194,1398846741.731919,[]
2195,1398846741.7393885,[]
2196,1398846741.7758596,[]
2197,1398846741.8158667,[]
2198,1398846741.8158975,[]
2199,1398846741.8560216,[]
2200,1398846741.8645558,[]
2201,1398846741.9039989,[]
2202,1398846741.9438436,[]
2203,1398846741.943869,[]
2204,1398846741.9839187,[]
2205,1398846741.9908986,[]
2206,1398846742.0278754,[]
2207,1398846742.0678647,[]
2208,1398846742.0678952,[]
2209,1398846742.1079166,[]
2210,1398846742.1155496,[]
2211,1398846742.151908,[]
2212,1398846742.191852,[]
2213,1398846742.191881,[]
2214,1398846742.2319388,[]
2215,1398846742.2393403,[]
2216,1398846742.275985,[]
2217,1398846742.3158696,[]
2218,1398846742.3158972,[]
2219,1398846742.3559048,[]
2220,1398846742.3651543,[]
2221,1398846742.4039023,[]
2222,1398846742.4438345,[]
2223,1398846742.4438627,[]
2224,1398846742.4838848,[]
2225,1398846742.4910636,[]
2226,1398846742.5279348,[]
2227,1398846742.5678508,[]
2228,1398846742.5678854,[]
2229,1398846742.6079078,[]
2230,1398846742.6158838,[]
2231,1398846742.6558876,[]
2232,1398846742.6959078,[]
2233,1398846742.6959603,[]
2234,1398846742.735837,[]
2235,1398846742.7416105,[]
2236,1398846742.7799587,[]
2237,1398846742.8198397,[]
2238,1398846742.8198729,[]
2239,1398846742.8598495,[]
2240,1398846742.8674717,[]
2241,1398846742.903895,[]
2242,1398846742.9438417,[]
2243,1398846742.9438696,[]
2244,1398846742.983874,[]
2245,1398846742.9933062,[]
2246,1398846743.0319536,[]
2247,1398846743.0718544,[]
2248,1398846743.0718842,[]
2249,1398846743.111895,[]
2250,1398846743.118094,[]
2251,1398846743.1558797,[]
2252,1398846743.1959002,[]
2253,1398846743.195935,[]
2254,1398846743.2357986,[]
2255,1398846743.2436876,[]
2256,1398846743.2799,[]
2257,1398846743.319909,[]
2258,1398846743.3199317,[]
2259,1398846743.3598652,[]
2260,1398846743.368117,[]
2261,1398846743.4078825,[]
2262,1398846743.447878,[]
2263,1398846743.4479105,[]
2264,1398846743.4879549,[]
2265,1398846743.4931202,[]
2266,1398846743.531887,[]
2267,1398846743.5718641,[]
2268,1398846743.571894,[]
2269,1398846743.611812,[]
2270,1398846743.618448,[]
2271,1398846743.6558733,[]
2272,1398846743.6958897,[]
2273,1398846743.6959252,[]
2274,1398846743.7358882,[]
2275,1398846743.7431731,[]
2276,1398846743.78007,[]
2277,1398846743.8198736,[]
2278,1398846743.8199043,[]
2279,1398846743.859925,[]
2280,1398846743.868069,[]
2281,1398846743.9079282,[]
2282,1398846743.9478981,[]
2283,1398846743.9479291,[]
2284,1398846743.9879498,[]
2285,1398846743.9941003,[]
2286,1398846744.031875,[]
2287,1398846744.0718937,[]
2288,1398846744.071924,[]
2289,1398846744.1118665,[]
2290,1398846744.1188366,[]
2291,1398846744.155882,[]
2292,1398846744.1958916,[]
2293,1398846744.2358987,[]
2294,1398846744.2359586,[]
2295,1398846744.2758908,[]
2296,1398846744.2759268,[]
2297,1398846744.31589,[]
2298,1398846744.3178065,[]
2299,1398846744.3558424,[]
2300,1398846744.3958483,[]
2301,1398846744.395878,[]
2302,1398846744.435915,[]
2303,1398846744.443563,[]
2304,1398846744.4798667,[]
2305,1398846744.5198712,[]
2306,1398846744.5198994,[]
2307,1398846744.559896,[]
2308,1398846744.5685267,[]
2309,1398846744.6078491,[]
2310,1398846744.6479433,[]
2311,1398846744.6479635,[]
2312,1398846744.687828,[]
2313,1398846744.6934125,[]
2314,1398846744.73189,[]
2315,1398846744.7718735,[]
2316,1398846744.7719045,[]
2317,1398846744.8118296,[]
2318,1398846744.81753,[]
2319,1398846744.8558915,[]
2320,1398846744.895914,[]
2321,1398846744.8959439,[]
2322,1398846744.9358902,[]
2323,1398846744.9431727,[]
2324,1398846744.9798322,[]
2325,1398846745.0198386,[]
2326,1398846745.0198674,[]
2327,1398846745.0599406,[]
2328,1398846745.0678256,[]
2329,1398846745.1038966,[]
2330,1398846745.1438794,[]
2331,1398846745.1439087,[]
2332,1398846745.1839602,[]
2333,1398846745.1931686,[]
2334,1398846745.2318912,[]
2335,1398846745.2718804,[]
2336,1398846745.2719088,[]
2337,1398846745.3118608,[]
2338,1398846745.3175635,[]
2339,1398846745.3558629,[]
2340,1398846745.3958614,[]
2341,1398846745.3958879,[]
2342,1398846745.4358582,[]
2343,1398846745.4431808,[]
2344,1398846745.4799564,[]
2345,1398846745.5199018,[]
2346,1398846745.5199332,[]
2347,1398846745.5600138,[]
2348,1398846745.5680609,[]
2349,1398846745.6079051,[]
2350,1398846745.6478112,[]
2351,1398846745.6478424,[]
2352,1398846745.6878762,[]
2353,1398846745.6927352,[]
2354,1398846745.7318702,[]
2355,1398846745.7719343,[]
2356,1398846745.771966,[]
2357,1398846745.8118694,[]
2358,1398846745.8185544,[]
2359,1398846745.8558314,[]
2360,1398846745.8958573,[]
2361,1398846745.895886,[]
2362,1398846745.9358377,[]
2363,1398846745.9436269,[]
2364,1398846745.979908,[]
2365,1398846746.019921,[]
2366,1398846746.0199742,[]
2367,1398846746.0598683,[]
2368,1398846746.0697358,[]
2369,1398846746.1078465,[]
2370,1398846746.1478662,[]
2371,1398846746.147892,[]
2372,1398846746.1878684,[]
2373,1398846746.1932805,[]
2374,1398846746.231873,[]
2375,1398846746.2718914,[]
2376,1398846746.2719235,[]
2377,1398846746.311934,[]
2378,1398846746.3185394,[]
2379,1398846746.3558533,[]
2380,1398846746.3958616,[]
2381,1398846746.3958948,[]
2382,1398846746.4359193,[]
2383,1398846746.4439578,[]
2384,1398846746.4839895,[]
2385,1398846746.5238562,[]
2386,1398846746.5238864,[]
2387,1398846746.5638711,[]
2388,1398846746.5691466,[]
2389,1398846746.6078424,[]
2390,1398846746.6478572,[]
2391,1398846746.6478784,[]
2392,1398846746.6879988,[]
2393,1398846746.694115,[]
2394,1398846746.7319167,[]
2395,1398846746.771862,[]
2396,1398846746.7718918,[]
2397,1398846746.8119602,[]
2398,1398846746.8193264,[]
2399,1398846746.8558288,[]
2400,1398846746.895952,[]
2401,1398846746.8959842,[]
2402,1398846746.9358308,[]
2403,1398846746.944668,[]
2404,1398846746.9839385,[]
2405,1398846747.023817,[]
2406,1398846747.0238457,[]
2407,1398846747.063928,[]
2408,1398846747.0704176,[]
2409,1398846747.1079094,[]
2410,1398846747.147876,[]
2411,1398846747.1479106,[]
2412,1398846747.1878784,[]
2413,1398846747.194408,[]
2414,1398846747.231919,[]
2415,1398846747.2718549,[]
2416,1398846747.2718842,[]
2417,1398846747.3118916,[]
2418,1398846747.3196146,[]
2419,1398846747.3558433,[]
2420,1398846747.3958685,[]
2421,1398846747.3958998,[]
2422,1398846747.4358447,[]
2423,1398846747.4446714,[]
2424,1398846747.4838169,[]
2425,1398846747.523854,[]
2426,1398846747.563935,[]
2427,1398846747.5639699,[]
2428,1398846747.6039515,[]
2429,1398846747.6039848,[]
2430,1398846747.6438675,[]
2431,1398846747.6453328,[]
2432,1398846747.6838732,[]
2433,1398846747.7238438,[]
2434,1398846747.723932,[]
2435,1398846747.7640164,[]
2436,1398846747.7706332,[]
2437,1398846747.8078167,[]
2438,1398846747.847862,[]
2439,1398846747.8478906,[]
2440,1398846747.8878696,[]
2441,1398846747.896298,[]
2442,1398846747.93587,[]
2443,1398846747.9759126,[]
2444,1398846748.0158448,[]
2445,1398846748.015878,[]
2446,1398846748.0558057,[]
2447,1398846748.055836,[]
2448,1398846748.0958862,[]
2449,1398846748.095983,[]
2450,1398846748.1358325,[]
2451,1398846748.175859,[]
2452,1398846748.1758854,[]
2453,1398846748.2158422,[]
2454,1398846748.2206945,[]
2455,1398846748.259906,[]
2456,1398846748.2998695,[]
2457,1398846748.2999015,[]
2458,1398846748.3398407,[]
2459,1398846748.3450541,[]
2460,1398846748.3838432,[]
2461,1398846748.423986,[]
2462,1398846748.4240184,[]
2463,1398846748.4638789,[]
2464,1398846748.470544,[]
2465,1398846748.5078304,[]
2466,1398846748.5478556,[]
2467,1398846748.547885,[]
2468,1398846748.5878415,[]
2469,1398846748.5957568,[]
2470,1398846748.631839,[]
2471,1398846748.6718569,[]
2472,1398846748.6718879,[]
2473,1398846748.7118597,[]
2474,1398846748.7210696,[]
2475,1398846748.7598412,[]
2476,1398846748.7998698,[]
2477,1398846748.7999015,[]
2478,1398846748.8398662,[]
2479,1398846748.8462296,[]
2480,1398846748.8839388,[]
2481,1398846748.923858,[]
2482,1398846748.9238868,[]
2483,1398846748.9639156,[]
2484,1398846748.971421,[]
2485,1398846749.007844,[]
2486,1398846749.0478513,[]
2487,1398846749.0478795,[]
2488,1398846749.087894,[]
2489,1398846749.0986683,[]
2490,1398846749.1358638,[]
2491,1398846749.1759312,[]
2492,1398846749.1759667,[]
2493,1398846749.2158754,[]
2494,1398846749.221019,[]
2495,1398846749.259859,[]
2496,1398846749.2998242,[]
2497,1398846749.2998457,[]
2498,1398846749.3398907,[]
2499,1398846749.346256,[]
2500,1398846749.3839345,[]
2501,1398846749.4238603,[]
2502,1398846749.4238882,[]
2503,1398846749.4639568,[]
2504,1398846749.4722726,[]
2505,1398846749.5118687,[]
2506,1398846749.552102,[]
2507,1398846749.552134,[]
2508,1398846749.591853,[]
2509,1398846749.596621,[]
2510,1398846749.6358361,[]
2511,1398846749.6758735,[]
2512,1398846749.7158456,[]
2513,1398846749.71586,[]
2514,1398846749.7560608,[]
2515,1398846749.756079,[]
2516,1398846749.7958515,[]
2517,1398846749.8358896,[]
2518,1398846749.8359215,[]
2519,1398846749.87587,[]
2520,1398846749.8758986,[]
2521,1398846749.9158802,[]
2522,1398846749.9215586,[]
2523,1398846749.9597917,[]
2524,1398846749.999918,[]
2525,1398846749.9999492,[]
2526,1398846750.0398672,[]
2527,1398846750.046631,[]
2528,1398846750.083843,[]
2529,1398846750.1238306,[]
2530,1398846750.1238596,[]
2531,1398846750.163854,[]
2532,1398846750.1722984,[]
2533,1398846750.211887,[]
2534,1398846750.2518806,[]
2535,1398846750.2519107,[]
2536,1398846750.2918723,[]
2537,1398846750.297122,[]
2538,1398846750.3358374,[]
2539,1398846750.3758729,[]
2540,1398846750.3759027,[]
2541,1398846750.415846,[]
2542,1398846750.4218874,[]
2543,1398846750.459881,[]
2544,1398846750.499914,[]
2545,1398846750.499947,[]
2546,1398846750.539838,[]
2547,1398846750.5470188,[]
2548,1398846750.5838466,[]
2549,1398846750.6238813,[]
2550,1398846750.6239133,[]
2551,1398846750.6638749,[]
2552,1398846750.672201,[]
2553,1398846750.7119086,[]
2554,1398846750.7518613,[]
2555,1398846750.7518902,[]
2556,1398846750.7937615,[]
2557,1398846750.797069,[]
2558,1398846750.8358305,[]
2559,1398846750.8759174,[]
2560,1398846750.875956,[]
2561,1398846750.9158576,[]
2562,1398846750.9223,[]
2563,1398846750.9598448,[]
2564,1398846750.9999049,[]
2565,1398846750.9999347,[]
2566,1398846751.0398464,[]
2567,1398846751.047294,[]
2568,1398846751.0838552,[]
2569,1398846751.1238387,[]
2570,1398846751.1238704,[]
2571,1398846751.1638525,[]
2572,1398846751.1724994,[]
2573,1398846751.2118173,[]
2574,1398846751.2518487,[]
2575,1398846751.2518785,[]
2576,1398846751.2918653,[]
2577,1398846751.2975454,[]
2578,1398846751.3358219,[]
2579,1398846751.3758638,[]
2580,1398846751.3758948,[]
2581,1398846751.415878,[]
2582,1398846751.422399,[]
2583,1398846751.4598446,[]
2584,1398846751.4998834,[]
2585,1398846751.499913,[]
2586,1398846751.5398846,[]
2587,1398846751.547971,[]
2588,1398846751.5879004,[]
2589,1398846751.6279333,[]
2590,1398846751.627964,[]
2591,1398846751.6681113,[]
2592,1398846751.6733503,[]
2593,1398846751.711854,[]
2594,1398846751.751836,[]
2595,1398846751.7518718,[]
2596,1398846751.7919188,[]
2597,1398846751.7986026,[]
2598,1398846751.8358355,[]
2599,1398846751.8759072,[]
2600,1398846751.8759382,[]
2601,1398846751.9158754,[]
2602,1398846751.9230323,[]
2603,1398846751.959852,[]
2604,1398846751.9999318,[]
2605,1398846751.9999676,[]
2606,1398846752.0398576,[]
2607,1398846752.0484397,[]
2608,1398846752.0878446,[]
2609,1398846752.1278179,[]
2610,1398846752.1279047,[]
2611,1398846752.1679027,[]
2612,1398846752.173739,[]
2613,1398846752.2118998,[]
2614,1398846752.2519097,[]
2615,1398846752.2519395,[]
2616,1398846752.2918594,[]
2617,1398846752.29881,[]
2618,1398846752.3358648,[]
2619,1398846752.3759592,[]
2620,1398846752.3759878,[]
2621,1398846752.4158676,[]
2622,1398846752.423225,[]
2623,1398846752.4598567,[]
2624,1398846752.4999106,[]
2625,1398846752.4999416,[]
2626,1398846752.5399163,[]
2627,1398846752.5482974,[]
2628,1398846752.5879068,[]
2629,1398846752.627868,[]
2630,1398846752.6279013,[]
2631,1398846752.6680543,[]
2632,1398846752.6733298,[]
2633,1398846752.7119083,[]
2634,1398846752.7519262,[]
2635,1398846752.7519548,[]
2636,1398846752.7919157,[]
2637,1398846752.799037,[]
2638,1398846752.8358743,[]
2639,1398846752.8759112,[]
2640,1398846752.8759363,[]
2641,1398846752.9158835,[]
2642,1398846752.923546,[]
2643,1398846752.9597955,[]
2644,1398846752.9998553,[]
2645,1398846752.9998822,[]
2646,1398846753.039916,[]
2647,1398846753.0490081,[]
2648,1398846753.087864,[]
2649,1398846753.127822,[]
2650,1398846753.1278522,[]
2651,1398846753.167855,[]
2652,1398846753.1749296,[]
2653,1398846753.2118993,[]
2654,1398846753.2518334,[]
2655,1398846753.2518647,[]
2656,1398846753.2919414,[]
2657,1398846753.2999299,[]
2658,1398846753.3398945,[]
2659,1398846753.3798687,[]
2660,1398846753.3799233,[]
2661,1398846753.419845,[]
2662,1398846753.4245577,[]
2663,1398846753.4638445,[]
2664,1398846753.5038133,[]
2665,1398846753.503844,[]
2666,1398846753.5438762,[]
2667,1398846753.5492964,[]
2668,1398846753.5878456,[]
2669,1398846753.627887,[]
2670,1398846753.6279151,[]
2671,1398846753.6678715,[]
2672,1398846753.6745121,[]
2673,1398846753.7118607,[]
2674,1398846753.7518337,[]
2675,1398846753.7558093,[]
2676,1398846753.791968,[]
2677,1398846753.799407,[]
2678,1398846753.835818,[]
2679,1398846753.8758588,[]
2680,1398846753.875898,[]
2681,1398846753.9159048,[]
2682,1398846753.9242868,[]
2683,1398846753.963868,[]
2684,1398846754.0038679,[]
2685,1398846754.0039024,[]
2686,1398846754.0438638,[]
2687,1398846754.0494082,[]
2688,1398846754.0878408,[]
2689,1398846754.1278203,[]
2690,1398846754.1278493,[]
2691,1398846754.1679583,[]
2692,1398846754.17619,[]
2693,1398846754.215932,[]
2694,1398846754.2558587,[]
2695,1398846754.2558877,[]
2696,1398846754.2958531,[]
2697,1398846754.3004425,[]
2698,1398846754.3398333,[]
2699,1398846754.3798847,[]
2700,1398846754.3799129,[]
2701,1398846754.4198809,[]
2702,1398846754.4245713,[]
2703,1398846754.463865,[]
2704,1398846754.5038157,[]
2705,1398846754.5038471,[]
2706,1398846754.5439167,[]
2707,1398846754.5503042,[]
2708,1398846754.5878441,[]
2709,1398846754.627816,[]
2710,1398846754.6278434,[]
2711,1398846754.6679163,[]
2712,1398846754.6763299,[]
2713,1398846754.7158582,[]
2714,1398846754.7558532,[]
2715,1398846754.7558892,[]
2716,1398846754.7959003,[]
2717,1398846754.8004475,[]
2718,1398846754.839899,[]
2719,1398846754.879874,[]
2720,1398846754.879899,[]
2721,1398846754.9198718,[]
2722,1398846754.9251838,[]
2723,1398846754.9638286,[]
2724,1398846755.0038393,[]
2725,1398846755.0038733,[]
2726,1398846755.0438418,[]
2727,1398846755.050614,[]
2728,1398846755.0879061,[]
2729,1398846755.127859,[]
2730,1398846755.1278913,[]
2731,1398846755.1678894,[]
2732,1398846755.1757307,[]
2733,1398846755.211816,[]
2734,1398846755.2518404,[]
2735,1398846755.2518713,[]
2736,1398846755.2919111,[]
2737,1398846755.3016772,[]
2738,1398846755.3398948,[]
2739,1398846755.379867,[]
2740,1398846755.3798976,[]
2741,1398846755.4198456,[]
2742,1398846755.4266906,[]
2743,1398846755.463892,[]
2744,1398846755.5038688,[]
2745,1398846755.503902,[]
2746,1398846755.5437925,[]
2747,1398846755.552097,[]
2748,1398846755.5918431,[]
2749,1398846755.6318743,[]
2750,1398846755.6319046,[]
2751,1398846755.6719673,[]
2752,1398846755.6774855,[]
2753,1398846755.7158284,[]
2754,1398846755.759887,[]
2755,1398846755.7599123,[]
2756,1398846755.7999542,[]
2757,1398846755.8040538,[]
2758,1398846755.8438163,[]
2759,1398846755.8838933,[]
2760,1398846755.8839228,[]
2761,1398846755.9238472,[]
2762,1398846755.9282804,[]
2763,1398846755.9678557,[]
2764,1398846756.0079231,[]
2765,1398846756.007961,[]
2766,1398846756.047842,[]
2767,1398846756.0536687,[]
2768,1398846756.0918765,[]
2769,1398846756.131801,[]
2770,1398846756.1318295,[]
2771,1398846756.1719084,[]
2772,1398846756.1792192,[]
2773,1398846756.215932,[]
2774,1398846756.255868,[]
2775,1398846756.2559035,[]
2776,1398846756.2958822,[]
2777,1398846756.3039129,[]
2778,1398846756.3438764,[]
2779,1398846756.383836,[]
2780,1398846756.3838665,[]
2781,1398846756.4239028,[]
2782,1398846756.4290867,[]
2783,1398846756.4678988,[]
2784,1398846756.5078044,[]
2785,1398846756.507834,[]
2786,1398846756.5478365,[]
2787,1398846756.5535166,[]
2788,1398846756.5919,[]
2789,1398846756.6318178,[]
2790,1398846756.6318457,[]
2791,1398846756.6758113,[]
2792,1398846756.679275,[]
2793,1398846756.715952,[]
2794,1398846756.7558718,[]
2795,1398846756.7559042,[]
2796,1398846756.7959182,[]
2797,1398846756.803949,[]
2798,1398846756.843879,[]
2799,1398846756.8838243,[]
2800,1398846756.8839686,[]
2801,1398846756.9238758,[]
2802,1398846756.9282937,[]
2803,1398846756.9679053,[]
2804,1398846757.0078049,[]
2805,1398846757.007838,[]
2806,1398846757.047829,[]
2807,1398846757.0535398,[]
2808,1398846757.0919383,[]
2809,1398846757.1318576,[]
2810,1398846757.1318884,[]
2811,1398846757.1718433,[]
2812,1398846757.1782238,[]
2813,1398846757.2158554,[]
2814,1398846757.2558806,[]
2815,1398846757.255908,[]
2816,1398846757.2958827,[]
2817,1398846757.3041024,[]
2818,1398846757.3438456,[]
2819,1398846757.383903,[]
2820,1398846757.383924,[]
2821,1398846757.4238617,[]
2822,1398846757.4278378,[]
2823,1398846757.4679034,[]
2824,1398846757.507829,[]
2825,1398846757.507859,[]
2826,1398846757.5478399,[]
2827,1398846757.5531082,[]
2828,1398846757.5918822,[]
2829,1398846757.6319342,[]
2830,1398846757.6319644,[]
2831,1398846757.6719131,[]
2832,1398846757.6772938,[]
2833,1398846757.7158196,[]
2834,1398846757.7558641,[]
2835,1398846757.7558827,[]
2836,1398846757.7958212,[]
2837,1398846757.8025317,[]
2838,1398846757.839868,[]
2839,1398846757.8798656,[]
2840,1398846757.8798947,[]
2841,1398846757.9198625,[]
2842,1398846757.9273367,[]
2843,1398846757.963864,[]
2844,1398846758.004061,[]
2845,1398846758.0040858,[]
2846,1398846758.0438502,[]
2847,1398846758.0529258,[]
2848,1398846758.0918753,[]
2849,1398846758.1318476,[]
2850,1398846758.1318748,[]
2851,1398846758.1718097,[]
2852,1398846758.1771693,[]
2853,1398846758.2159333,[]
2854,1398846758.255852,[]
2855,1398846758.2558844,[]
2856,1398846758.2958264,[]
2857,1398846758.3023107,[]
2858,1398846758.339856,[]
2859,1398846758.3798883,[]
2860,1398846758.3799198,[]
2861,1398846758.4198363,[]
2862,1398846758.427327,[]
2863,1398846758.4639118,[]
2864,1398846758.5038724,[]
2865,1398846758.503905,[]
2866,1398846758.543871,[]
2867,1398846758.5520604,[]
2868,1398846758.5918782,[]
2869,1398846758.631828,[]
2870,1398846758.6319034,[]
2871,1398846758.6718428,[]
2872,1398846758.6771994,[]
2873,1398846758.71587,[]
2874,1398846758.7558641,[]
2875,1398846758.7558985,[]
2876,1398846758.7958376,[]
2877,1398846758.8023343,[]
2878,1398846758.839826,[]
2879,1398846758.8798923,[]
2880,1398846758.8801384,[]
2881,1398846758.9199502,[]
2882,1398846758.927555,[]
2883,1398846758.9639304,[]
2884,1398846759.0038579,[]
2885,1398846759.0038877,[]
2886,1398846759.0438554,[]
2887,1398846759.0529265,[]
2888,1398846759.0918946,[]
2889,1398846759.131815,[]
2890,1398846759.1318421,[]
2891,1398846759.171868,[]
2892,1398846759.178216,[]
2893,1398846759.215839,[]
2894,1398846759.2558594,[]
2895,1398846759.2558897,[]
2896,1398846759.2958572,[]
2897,1398846759.3028765,[]
2898,1398846759.3398626,[]
2899,1398846759.379859,[]
2900,1398846759.379889,[]
2901,1398846759.41987,[]
2902,1398846759.4281855,[]
2903,1398846759.4678469,[]
2904,1398846759.507882,[]
2905,1398846759.5079124,[]
2906,1398846759.5478716,[]
2907,1398846759.553101,[]
2908,1398846759.5919,[]
2909,1398846759.631824,[]
2910,1398846759.631855,[]
2911,1398846759.6718597,[]
2912,1398846759.678506,[]
2913,1398846759.7158465,[]
2914,1398846759.7558305,[]
2915,1398846759.7558656,[]
2916,1398846759.7958584,[]
2917,1398846759.8032646,[]
2918,1398846759.8398428,[]
2919,1398846759.8798752,[]
2920,1398846759.8799212,[]
2921,1398846759.9197755,[]
2922,1398846759.9285612,[]
2923,1398846759.9678621,[]
2924,1398846760.0078602,[]
2925,1398846760.0078917,[]
2926,1398846760.047871,[]
2927,1398846760.053297,[]
2928,1398846760.0918877,[]
2929,1398846760.131909,[]
2930,1398846760.131937,[]
2931,1398846760.1718583,[]
2932,1398846760.1780596,[]
2933,1398846760.2159743,[]
2934,1398846760.2558677,[]
2935,1398846760.2559001,[]
2936,1398846760.2957985,[]
2937,1398846760.3039317,[]
2938,1398846760.3438041,[]
2939,1398846760.3838696,[]
2940,1398846760.3838978,[]
2941,1398846760.4238563,[]
2942,1398846760.429127,[]
2943,1398846760.4678671,[]
2944,1398846760.5078316,[]
2945,1398846760.5078619,[]
2946,1398846760.5478754,[]
2947,1398846760.5539167,[]
2948,1398846760.5918179,[]
2949,1398846760.6318188,[]
2950,1398846760.6318417,[]
2951,1398846760.671896,[]
2952,1398846760.679054,[]
2953,1398846760.7158496,[]
2954,1398846760.7598882,[]
2955,1398846760.7599175,[]
2956,1398846760.79986,[]
2957,1398846760.8038092,[]
2958,1398846760.843873,[]
2959,1398846760.8838925,[]
2960,1398846760.8839107,[]
2961,1398846760.9238448,[]
2962,1398846760.92893,[]
2963,1398846760.9678223,[]
2964,1398846761.0078604,[]
2965,1398846761.007888,[]
2966,1398846761.047872,[]
2967,1398846761.0538383,[]
2968,1398846761.0918353,[]
2969,1398846761.1318905,[]
2970,1398846761.1319191,[]
2971,1398846761.1718256,[]
2972,1398846761.179259,[]
2973,1398846761.2158225,[]
2974,1398846761.2558389,[]
2975,1398846761.255878,[]
2976,1398846761.29588,[]
2977,1398846761.3037808,[]
2978,1398846761.3398342,[]
2979,1398846761.3798456,[]
2980,1398846761.4198792,[]
2981,1398846761.419913,[]
2982,1398846761.459864,[]
2983,1398846761.459905,[]
2984,1398846761.4998634,[]
2985,1398846761.5040498,[]
2986,1398846761.5438411,[]
2987,1398846761.5839586,[]
2988,1398846761.5840364,[]
2989,1398846761.6239676,[]
2990,1398846761.6299484,[]
2991,1398846761.667899,[]
2992,1398846761.7078815,[]
2993,1398846761.7079015,[]
2994,1398846761.7478313,[]
2995,1398846761.754881,[]
2996,1398846761.791859,[]
2997,1398846761.8319027,[]
2998,1398846761.831961,[]
2999,1398846761.8717978,[]
3000,1398846761.8797112,[]
3001,1398846761.9157903,[]
3002,1398846761.955841,[]
3003,1398846761.9558613,[]
3004,1398846761.996072,[]
3005,1398846762.0044713,[]
3006,1398846762.04387,[]
3007,1398846762.0838351,[]
3008,1398846762.0838656,[]
3009,1398846762.1238887,[]
3010,1398846762.1297777,[]
3011,1398846762.1678238,[]
3012,1398846762.2079356,[]
3013,1398846762.20795,[]
3014,1398846762.2478757,[]
3015,1398846762.254488,[]
3016,1398846762.2918692,[]
3017,1398846762.3318415,[]
3018,1398846762.3318872,[]
3019,1398846762.3719897,[]
3020,1398846762.3800192,[]
3021,1398846762.419832,[]
3022,1398846762.4598842,[]
3023,1398846762.4599128,[]
3024,1398846762.4998913,[]
3025,1398846762.5045629,[]
3026,1398846762.5438626,[]
3027,1398846762.5838432,[]
3028,1398846762.583877,[]
3029,1398846762.6238627,[]
3030,1398846762.629942,[]
3031,1398846762.6678576,[]
3032,1398846762.7078757,[]
3033,1398846762.7079072,[]
3034,1398846762.747866,[]
3035,1398846762.7551022,[]
3036,1398846762.7918165,[]
3037,1398846762.8318563,[]
3038,1398846762.831885,[]
3039,1398846762.871791,[]
3040,1398846762.87952,[]
3041,1398846762.9159956,[]
3042,1398846762.9558675,[]
3043,1398846762.9559476,[]
3044,1398846762.995897,[]
3045,1398846763.0051544,[]
3046,1398846763.0438561,[]
3047,1398846763.0838473,[]
3048,1398846763.0838764,[]
3049,1398846763.1238139,[]
3050,1398846763.1303306,[]
3051,1398846763.1678507,[]
3052,1398846763.2078822,[]
3053,1398846763.2079134,[]
3054,1398846763.2478848,[]
3055,1398846763.2555454,[]
3056,1398846763.291841,[]
3057,1398846763.3319314,[]
3058,1398846763.3320248,[]
3059,1398846763.371957,[]
3060,1398846763.3817015,[]
3061,1398846763.4198625,[]
3062,1398846763.4598446,[]
3063,1398846763.4598722,[]
3064,1398846763.4998944,[]
3065,1398846763.5051808,[]
3066,1398846763.5439212,[]
3067,1398846763.5838277,[]
3068,1398846763.583862,[]
3069,1398846763.6238418,[]
3070,1398846763.631317,[]
3071,1398846763.667846,[]
3072,1398846763.7079158,[]
3073,1398846763.707945,[]
3074,1398846763.747845,[]
3075,1398846763.7559695,[]
3076,1398846763.7958658,[]
3077,1398846763.8358154,[]
3078,1398846763.8358438,[]
3079,1398846763.8759186,[]
3080,1398846763.8812675,[]
3081,1398846763.9198484,[]
3082,1398846763.9598176,[]
3083,1398846763.9598463,[]
3084,1398846763.9998574,[]
3085,1398846764.0053837,[]
3086,1398846764.043838,[]
3087,1398846764.0838525,[]
3088,1398846764.0838852,[]
3089,1398846764.1238534,[]
3090,1398846764.1309323,[]
3091,1398846764.1678627,[]
3092,1398846764.207886,[]
3093,1398846764.2079277,[]
3094,1398846764.2478771,[]
3095,1398846764.2560642,[]
3096,1398846764.2958841,[]
3097,1398846764.335841,[]
3098,1398846764.3358715,[]
3099,1398846764.3758998,[]
3100,1398846764.3811452,[]
3101,1398846764.4198656,[]
3102,1398846764.4598505,[]
3103,1398846764.4598808,[]
3104,1398846764.502183,[]
3105,1398846764.5061774,[]
3106,1398846764.5438292,[]
3107,1398846764.583867,[]
3108,1398846764.5838957,[]
3109,1398846764.6238775,[]
3110,1398846764.6315532,[]
3111,1398846764.667839,[]
3112,1398846764.7078657,[]
3113,1398846764.7078974,[]
3114,1398846764.747859,[]
3115,1398846764.7571318,[]
3116,1398846764.7958996,[]
3117,1398846764.8358214,[]
3118,1398846764.8358476,[]
3119,1398846764.8759177,[]
3120,1398846764.8810506,[]
3121,1398846764.9199433,[]
3122,1398846764.959909,[]
3123,1398846764.9599378,[]
3124,1398846764.9998958,[]
3125,1398846765.0061452,[]
3126,1398846765.0438592,[]
3127,1398846765.0838163,[]
3128,1398846765.0838475,[]
3129,1398846765.123884,[]
3130,1398846765.13116,[]
3131,1398846765.1678696,[]
3132,1398846765.207826,[]
3133,1398846765.2078543,[]
3134,1398846765.2478817,[]
3135,1398846765.2559967,[]
3136,1398846765.2958705,[]
3137,1398846765.3358207,[]
3138,1398846765.335912,[]
3139,1398846765.3758729,[]
3140,1398846765.381306,[]
3141,1398846765.4198387,[]
3142,1398846765.4598215,[]
3143,1398846765.459853,[]
3144,1398846765.4999607,[]
3145,1398846765.506394,[]
3146,1398846765.5439124,[]
3147,1398846765.5839124,[]
3148,1398846765.5839424,[]
3149,1398846765.6238492,[]
3150,1398846765.6315513,[]
3151,1398846765.6678574,[]
3152,1398846765.707849,[]
3153,1398846765.7078974,[]
3154,1398846765.74782,[]
3155,1398846765.756088,[]
3156,1398846765.795869,[]
3157,1398846765.8358293,[]
3158,1398846765.8758795,[]
3159,1398846765.8759654,[]
3160,1398846765.9158618,[]
3161,1398846765.9158924,[]
3162,1398846765.9558418,[]
3163,1398846765.9571805,[]
3164,1398846765.9959164,[]
3165,1398846766.035832,[]
3166,1398846766.0358632,[]
3167,1398846766.0758924,[]
3168,1398846766.0819242,[]
3169,1398846766.1198595,[]
3170,1398846766.1598282,[]
3171,1398846766.1598542,[]
3172,1398846766.1999295,[]
3173,1398846766.206432,[]
3174,1398846766.243844,[]
3175,1398846766.283781,[]
3176,1398846766.283805,[]
3177,1398846766.3238623,[]
3178,1398846766.3311794,[]
3179,1398846766.367857,[]
3180,1398846766.4078581,[]
3181,1398846766.407889,[]
3182,1398846766.4478638,[]
3183,1398846766.4576907,[]
3184,1398846766.4959018,[]
3185,1398846766.5358214,[]
3186,1398846766.5358512,[]
3187,1398846766.5758953,[]
3188,1398846766.5820498,[]
3189,1398846766.6198678,[]
3190,1398846766.6599247,[]
3191,1398846766.6599631,[]
3192,1398846766.6998968,[]
3193,1398846766.7069316,[]
3194,1398846766.7438357,[]
3195,1398846766.7839372,[]
3196,1398846766.7839704,[]
3197,1398846766.8238826,[]
3198,1398846766.8313508,[]
3199,1398846766.8678403,[]
3200,1398846766.907801,[]
3201,1398846766.907829,[]
3202,1398846766.9479146,[]
3203,1398846766.9582145,[]
3204,1398846766.9959717,[]
3205,1398846767.0358539,[]
3206,1398846767.035881,[]
3207,1398846767.0758915,[]
3208,1398846767.0811234,[]
3209,1398846767.119838,[]
3210,1398846767.1598797,[]
3211,1398846767.1599135,[]
3212,1398846767.1998703,[]
3213,1398846767.207147,[]
3214,1398846767.2438812,[]
3215,1398846767.2838216,[]
3216,1398846767.2838516,[]
3217,1398846767.3239136,[]
3218,1398846767.3319228,[]
3219,1398846767.3718653,[]
3220,1398846767.411811,[]
3221,1398846767.4118462,[]
3222,1398846767.4518852,[]
3223,1398846767.4583316,[]
3224,1398846767.4959054,[]
3225,1398846767.5358315,[]
3226,1398846767.535849,[]
3227,1398846767.5758514,[]
3228,1398846767.5820165,[]
3229,1398846767.619845,[]
3230,1398846767.6598902,[]
3231,1398846767.6599207,[]
3232,1398846767.6999114,[]
3233,1398846767.707568,[]
3234,1398846767.7438617,[]
3235,1398846767.78384,[]
3236,1398846767.823883,[]
3237,1398846767.8239012,[]
3238,1398846767.8638232,[]
3239,1398846767.8638852,[]
3240,1398846767.9037552,[]
3241,1398846767.9069319,[]
3242,1398846767.9437997,[]
3243,1398846767.9838648,[]
3244,1398846767.9838874,[]
3245,1398846768.0239382,[]
3246,1398846768.032081,[]
3247,1398846768.0718517,[]
3248,1398846768.1118753,[]
3249,1398846768.1119065,[]
3250,1398846768.151872,[]
3251,1398846768.157964,[]
3252,1398846768.19583,[]
3253,1398846768.2358136,[]
3254,1398846768.2358394,[]
3255,1398846768.275911,[]
3256,1398846768.2830687,[]
3257,1398846768.31985,[]
3258,1398846768.3597646,[]
3259,1398846768.3597817,[]
3260,1398846768.399935,[]
3261,1398846768.408087,[]
3262,1398846768.4477758,[]
3263,1398846768.4878714,[]
3264,1398846768.4879029,[]
3265,1398846768.5278566,[]
3266,1398846768.5323107,[]
3267,1398846768.5718668,[]
3268,1398846768.6118474,[]
3269,1398846768.611881,[]
3270,1398846768.651898,[]
3271,1398846768.6581516,[]
3272,1398846768.6959007,[]
3273,1398846768.735855,[]
3274,1398846768.735889,[]
3275,1398846768.7759213,[]
3276,1398846768.7835798,[]
3277,1398846768.8198128,[]
3278,1398846768.8598359,[]
3279,1398846768.8999712,[]
3280,1398846768.9000058,[]
3281,1398846768.9401689,[]
3282,1398846768.9402354,[]
3283,1398846768.9798493,[]
3284,1398846768.9844022,[]
3285,1398846769.0239613,[]
3286,1398846769.0638862,[]
3287,1398846769.0639699,[]
3288,1398846769.1039357,[]
3289,1398846769.1094282,[]
3290,1398846769.1478503,[]
3291,1398846769.187903,[]
3292,1398846769.1879249,[]
3293,1398846769.2281013,[]
3294,1398846769.235392,[]
3295,1398846769.2718298,[]
3296,1398846769.3118732,[]
3297,1398846769.3118927,[]
3298,1398846769.3519073,[]
3299,1398846769.360276,[]
3300,1398846769.399941,[]
3301,1398846769.439911,[]
3302,1398846769.4399886,[]
3303,1398846769.479899,[]
3304,1398846769.4856973,[]
3305,1398846769.523926,[]
3306,1398846769.5638962,[]
3307,1398846769.5639348,[]
3308,1398846769.6039805,[]
3309,1398846769.6109402,[]
3310,1398846769.6478941,[]
3311,1398846769.6878796,[]
3312,1398846769.6879857,[]
3313,1398846769.7280118,[]
3314,1398846769.736098,[]
3315,1398846769.7758198,[]
3316,1398846769.8159008,[]
3317,1398846769.8159199,[]
3318,1398846769.8558235,[]
3319,1398846769.861105,[]
3320,1398846769.8999298,[]
3321,1398846769.9398422,[]
3322,1398846769.9398735,[]
3323,1398846769.97987,[]
3324,1398846769.9853754,[]
3325,1398846770.0238504,[]
3326,1398846770.0638628,[]
3327,1398846770.063893,[]
3328,1398846770.1038377,[]
3329,1398846770.1101649,[]
3330,1398846770.1478603,[]
3331,1398846770.187931,[]
3332,1398846770.1880116,[]
3333,1398846770.227917,[]
3334,1398846770.2356029,[]
3335,1398846770.2719302,[]
3336,1398846770.311853,[]
3337,1398846770.3118696,[]
3338,1398846770.3518867,[]
3339,1398846770.3600144,[]
3340,1398846770.399843,[]
3341,1398846770.4398775,[]
3342,1398846770.4399123,[]
3343,1398846770.479861,[]
3344,1398846770.4846745,[]
3345,1398846770.5238926,[]
3346,1398846770.5638433,[]
3347,1398846770.5638745,[]
3348,1398846770.6038146,[]
3349,1398846770.6099317,[]
3350,1398846770.647847,[]
3351,1398846770.6878898,[]
3352,1398846770.687931,[]
3353,1398846770.727918,[]
3354,1398846770.7349167,[]
3355,1398846770.7718525,[]
3356,1398846770.8119264,[]
3357,1398846770.8119648,[]
3358,1398846770.8518658,[]
3359,1398846770.858631,[]
3360,1398846770.8958998,[]
3361,1398846770.9357905,[]
3362,1398846770.935817,[]
3363,1398846770.975852,[]
3364,1398846770.9849212,[]
3365,1398846771.0238438,[]
3366,1398846771.0638552,[]
3367,1398846771.0638862,[]
3368,1398846771.1038554,[]
3369,1398846771.109215,[]
3370,1398846771.1478508,[]
3371,1398846771.1878834,[]
3372,1398846771.1879158,[]
3373,1398846771.2278285,[]
3374,1398846771.233476,[]
3375,1398846771.2718403,[]
3376,1398846771.3118734,[]
3377,1398846771.3118973,[]
3378,1398846771.351854,[]
3379,1398846771.3593106,[]
3380,1398846771.3958414,[]
3381,1398846771.4358616,[]
3382,1398846771.4358895,[]
3383,1398846771.4758582,[]
3384,1398846771.4839752,[]
3385,1398846771.5238805,[]
3386,1398846771.5638437,[]
3387,1398846771.5638764,[]
3388,1398846771.603847,[]
3389,1398846771.608681,[]
3390,1398846771.6478205,[]
3391,1398846771.6878788,[]
3392,1398846771.687992,[]
3393,1398846771.7278335,[]
3394,1398846771.733299,[]
3395,1398846771.7718759,[]
3396,1398846771.8118553,[]
3397,1398846771.8118825,[]
3398,1398846771.8518395,[]
3399,1398846771.8590589,[]
3400,1398846771.89579,[]
3401,1398846771.9358385,[]
3402,1398846771.9358675,[]
3403,1398846771.9758322,[]
3404,1398846771.9853156,[]
3405,1398846772.0238624,[]
3406,1398846772.0638642,[]
3407,1398846772.0638936,[]
3408,1398846772.1038568,[]
3409,1398846772.1082537,[]
3410,1398846772.147891,[]
3411,1398846772.1878204,[]
3412,1398846772.187855,[]
3413,1398846772.2278898,[]
3414,1398846772.2338083,[]
3415,1398846772.2718363,[]
3416,1398846772.3118765,[]
3417,1398846772.3119094,[]
3418,1398846772.3518069,[]
3419,1398846772.3589303,[]
3420,1398846772.3959074,[]
3421,1398846772.4358506,[]
3422,1398846772.4358828,[]
3423,1398846772.4758542,[]
3424,1398846772.4843915,[]
3425,1398846772.523838,[]
3426,1398846772.5638692,[]
3427,1398846772.5638947,[]
3428,1398846772.603913,[]
3429,1398846772.6089337,[]
3430,1398846772.6478271,[]
3431,1398846772.6879199,[]
3432,1398846772.6879508,[]
3433,1398846772.7318637,[]
3434,1398846772.733584,[]
3435,1398846772.7718353,[]
3436,1398846772.8118382,[]
3437,1398846772.8118672,[]
3438,1398846772.8518372,[]
3439,1398846772.8640974,[]
3440,1398846772.9039018,[]
3441,1398846772.9438798,[]
3442,1398846772.9439087,[]
3443,1398846772.9838471,[]
3444,1398846772.9840393,[]
3445,1398846773.0239105,[]
3446,1398846773.063856,[]
3447,1398846773.0638845,[]
3448,1398846773.1038678,[]
3449,1398846773.109149,[]
3450,1398846773.1478503,[]
3451,1398846773.1879184,[]
3452,1398846773.1879468,[]
3453,1398846773.2278244,[]
3454,1398846773.2342255,[]
3455,1398846773.2718537,[]
3456,1398846773.31188,[]
3457,1398846773.3118994,[]
3458,1398846773.3518968,[]
3459,1398846773.3603597,[]
3460,1398846773.3998713,[]
3461,1398846773.439858,[]
3462,1398846773.4398847,[]
3463,1398846773.4798753,[]
3464,1398846773.484421,[]
3465,1398846773.5238872,[]
3466,1398846773.5639484,[]
3467,1398846773.5639784,[]
3468,1398846773.603852,[]
3469,1398846773.6102216,[]
3470,1398846773.6478207,[]
3471,1398846773.6879404,[]
3472,1398846773.6879733,[]
3473,1398846773.727841,[]
3474,1398846773.7340493,[]
3475,1398846773.7718189,[]
3476,1398846773.8118696,[]
3477,1398846773.8119001,[]
3478,1398846773.851825,[]
3479,1398846773.8598711,[]
3480,1398846773.8998854,[]
3481,1398846773.9398685,[]
3482,1398846773.9398987,[]
3483,1398846773.9798558,[]
3484,1398846773.9844496,[]
3485,1398846774.0238514,[]
3486,1398846774.0638852,[]
3487,1398846774.0639143,[]
3488,1398846774.1039207,[]
3489,1398846774.1103082,[]
3490,1398846774.147798,[]
3491,1398846774.1878498,[]
3492,1398846774.187879,[]
3493,1398846774.2279015,[]
3494,1398846774.2343295,[]
3495,1398846774.271878,[]
3496,1398846774.3118734,[]
3497,1398846774.3119075,[]
3498,1398846774.351889,[]
3499,1398846774.360456,[]
3500,1398846774.399867,[]
3501,1398846774.439885,[]
3502,1398846774.4399462,[]
3503,1398846774.4798217,[]
3504,1398846774.4840465,[]
3505,1398846774.5239217,[]
3506,1398846774.5638542,[]
3507,1398846774.5638816,[]
3508,1398846774.6039164,[]
3509,1398846774.6109586,[]
3510,1398846774.6478343,[]
3511,1398846774.6878257,[]
3512,1398846774.6878965,[]
3513,1398846774.7278583,[]
3514,1398846774.7349544,[]
3515,1398846774.771849,[]
3516,1398846774.8124838,[]
3517,1398846774.8125136,[]
3518,1398846774.851854,[]
3519,1398846774.8600695,[]
3520,1398846774.8999083,[]
3521,1398846774.9398923,[]
3522,1398846774.9399245,[]
3523,1398846774.979863,[]
3524,1398846774.984277,[]
3525,1398846775.02395,[]
3526,1398846775.0638912,[]
3527,1398846775.0639215,[]
3528,1398846775.1039205,[]
3529,1398846775.1094654,[]
3530,1398846775.1478276,[]
3531,1398846775.1878529,[]
3532,1398846775.18788,[]
3533,1398846775.2278664,[]
3534,1398846775.2344496,[]
3535,1398846775.2718065,[]
3536,1398846775.3118384,[]
3537,1398846775.3118563,[]
3538,1398846775.3519275,[]
3539,1398846775.3601508,[]
3540,1398846775.3998675,[]
3541,1398846775.4398098,[]
3542,1398846775.4398344,[]
3543,1398846775.479876,[]
3544,1398846775.484738,[]
3545,1398846775.5238788,[]
3546,1398846775.5638819,[]
3547,1398846775.5639136,[]
3548,1398846775.6038773,[]
3549,1398846775.6103544,[]
3550,1398846775.647837,[]
3551,1398846775.6878462,[]
3552,1398846775.6878784,[]
3553,1398846775.727848,[]
3554,1398846775.735075,[]
3555,1398846775.7718563,[]
3556,1398846775.8118358,[]
3557,1398846775.8118742,[]
3558,1398846775.85187,[]
3559,1398846775.8604257,[]
3560,1398846775.8998053,[]
3561,1398846775.9398415,[]
3562,1398846775.9398673,[]
3563,1398846775.9799538,[]
3564,1398846775.984895,[]
3565,1398846776.0238717,[]
3566,1398846776.063841,[]
3567,1398846776.0638735,[]
3568,1398846776.1039436,[]
3569,1398846776.1109502,[]
3570,1398846776.1478205,[]
3571,1398846776.1878486,[]
3572,1398846776.1878736,[]
3573,1398846776.2278423,[]
3574,1398846776.235297,[]
3575,1398846776.2718618,[]
3576,1398846776.3118525,[]
3577,1398846776.3118849,[]
3578,1398846776.3518643,[]
3579,1398846776.3609326,[]
3580,1398846776.3998523,[]
3581,1398846776.4398754,[]
3582,1398846776.4399056,[]
3583,1398846776.4799068,[]
3584,1398846776.4852834,[]
3585,1398846776.5238686,[]
3586,1398846776.5638568,[]
3587,1398846776.5638876,[]
3588,1398846776.6038842,[]
3589,1398846776.6112034,[]
3590,1398846776.647862,[]
3591,1398846776.6878657,[]
3592,1398846776.687896,[]
3593,1398846776.7278461,[]
3594,1398846776.7351856,[]
3595,1398846776.7718458,[]
3596,1398846776.8119166,[]
3597,1398846776.8119764,[]
3598,1398846776.8518672,[]
3599,1398846776.8599908,[]
3600,1398846776.8998525,[]
3601,1398846776.9398692,[]
3602,1398846776.9398978,[]
3603,1398846776.9799094,[]
3604,1398846776.9847987,[]
3605,1398846777.0238428,[]
3606,1398846777.0639288,[]
3607,1398846777.0639577,[]
3608,1398846777.1038566,[]
3609,1398846777.1103597,[]
3610,1398846777.147851,[]
3611,1398846777.1878765,[]
3612,1398846777.1879044,[]
3613,1398846777.2278821,[]
3614,1398846777.2356446,[]
3615,1398846777.2718337,[]
3616,1398846777.3118951,[]
3617,1398846777.3119133,[]
3618,1398846777.3518794,[]
3619,1398846777.3605719,[]
3620,1398846777.399837,[]
3621,1398846777.4398227,[]
3622,1398846777.439855,[]
3623,1398846777.4799135,[]
3624,1398846777.4852948,[]
3625,1398846777.5238497,[]
3626,1398846777.5639033,[]
3627,1398846777.563933,[]
3628,1398846777.6038742,[]
3629,1398846777.6110218,[]
3630,1398846777.6478727,[]
3631,1398846777.6878574,[]
3632,1398846777.6878872,[]
3633,1398846777.727891,[]
3634,1398846777.7354188,[]
3635,1398846777.7719114,[]
3636,1398846777.8118856,[]
3637,1398846777.8119211,[]
3638,1398846777.8518627,[]
3639,1398846777.861072,[]
3640,1398846777.8998606,[]
3641,1398846777.9398365,[]
3642,1398846777.9398682,[]
3643,1398846777.9799345,[]
3644,1398846777.9850733,[]
3645,1398846778.0238452,[]
3646,1398846778.0638921,[]
3647,1398846778.0639253,[]
3648,1398846778.1039884,[]
3649,1398846778.1103477,[]
3650,1398846778.1478593,[]
3651,1398846778.187855,[]
3652,1398846778.1878836,[]
3653,1398846778.2278504,[]
3654,1398846778.2352116,[]
3655,1398846778.2718422,[]
3656,1398846778.311826,[]
3657,1398846778.3118577,[]
3658,1398846778.351913,[]
3659,1398846778.3606164,[]
3660,1398846778.3998969,[]
3661,1398846778.4399195,[]
3662,1398846778.4399388,[]
3663,1398846778.4799109,[]
3664,1398846778.4854386,[]
3665,1398846778.5238545,[]
3666,1398846778.5639071,[]
3667,1398846778.5639377,[]
3668,1398846778.6039586,[]
3669,1398846778.6121743,[]
3670,1398846778.651791,[]
3671,1398846778.6917977,[]
3672,1398846778.6918566,[]
3673,1398846778.7318518,[]
3674,1398846778.7358556,[]
3675,1398846778.7758574,[]
3676,1398846778.81587,[]
3677,1398846778.8159032,[]
3678,1398846778.8558328,[]
3679,1398846778.8640807,[]
3680,1398846778.903873,[]
3681,1398846778.943871,[]
3682,1398846778.9439018,[]
3683,1398846778.9838588,[]
3684,1398846778.985351,[]
3685,1398846779.023857,[]
3686,1398846779.063862,[]
3687,1398846779.0638916,[]
3688,1398846779.1039643,[]
3689,1398846779.1112251,[]
3690,1398846779.1478055,[]
3691,1398846779.1879706,[]
3692,1398846779.1879966,[]
3693,1398846779.2278504,[]
3694,1398846779.235107,[]
3695,1398846779.2718544,[]
3696,1398846779.3119037,[]
3697,1398846779.311927,[]
3698,1398846779.351863,[]
3699,1398846779.3613145,[]
3700,1398846779.3998744,[]
3701,1398846779.4398103,[]
3702,1398846779.439842,[]
3703,1398846779.4799194,[]
3704,1398846779.4859166,[]
3705,1398846779.523842,[]
3706,1398846779.5638301,[]
3707,1398846779.5638862,[]
3708,1398846779.6039562,[]
3709,1398846779.610718,[]
3710,1398846779.6478615,[]
3711,1398846779.6878653,[]
3712,1398846779.6878932,[]
3713,1398846779.7280807,[]
3714,1398846779.7359483,[]
3715,1398846779.7760472,[]
3716,1398846779.8158765,[]
3717,1398846779.8159065,[]
3718,1398846779.8598332,[]
3719,1398846779.8611443,[]
3720,1398846779.8999188,[]
3721,1398846779.9398263,[]
3722,1398846779.9398582,[]
3723,1398846779.979848,[]
3724,1398846779.9855616,[]
3725,1398846780.0238857,[]
3726,1398846780.0638292,[]
3727,1398846780.0638592,[]
3728,1398846780.103954,[]
3729,1398846780.1106505,[]
3730,1398846780.1478617,[]
3731,1398846780.1878433,[]
3732,1398846780.1878705,[]
3733,1398846780.227852,[]
3734,1398846780.2363102,[]
3735,1398846780.2758567,[]
3736,1398846780.3158886,[]
3737,1398846780.315919,[]
3738,1398846780.355914,[]
3739,1398846780.3619363,[]
3740,1398846780.3999004,[]
3741,1398846780.4398954,[]
3742,1398846780.439929,[]
3743,1398846780.4798577,[]
3744,1398846780.4863007,[]
3745,1398846780.5238605,[]
3746,1398846780.5638208,[]
3747,1398846780.5638463,[]
3748,1398846780.6038656,[]
3749,1398846780.6111727,[]
3750,1398846780.6478934,[]
3751,1398846780.687866,[]
3752,1398846780.6878974,[]
3753,1398846780.7278688,[]
3754,1398846780.735551,[]
3755,1398846780.771905,[]
3756,1398846780.8118658,[]
3757,1398846780.8118985,[]
3758,1398846780.8518896,[]
3759,1398846780.868225,[]
3760,1398846780.9079745,[]
3761,1398846780.9478679,[]
3762,1398846780.9479,[]
3763,1398846780.9878774,[]
3764,1398846780.98791,[]
3765,1398846781.0278842,[]
3766,1398846781.0360842,[]
3767,1398846781.075863,[]
3768,1398846781.1158655,[]
3769,1398846781.1159065,[]
3770,1398846781.1558895,[]
3771,1398846781.161952,[]
3772,1398846781.199869,[]
3773,1398846781.2398136,[]
3774,1398846781.2398424,[]
3775,1398846781.2798543,[]
3776,1398846781.2865736,[]
3777,1398846781.3238933,[]
3778,1398846781.3638484,[]
3779,1398846781.3638806,[]
3780,1398846781.4038842,[]
3781,1398846781.412598,[]
3782,1398846781.4519134,[]
3783,1398846781.4918582,[]
3784,1398846781.491883,[]
3785,1398846781.531897,[]
3786,1398846781.53608,[]
3787,1398846781.5768552,[]
3788,1398846781.6158078,[]
3789,1398846781.615836,[]
3790,1398846781.6558883,[]
3791,1398846781.6609983,[]
3792,1398846781.69984,[]
3793,1398846781.739873,[]
3794,1398846781.73994,[]
3795,1398846781.7798996,[]
3796,1398846781.7859447,[]
3797,1398846781.823859,[]
3798,1398846781.8638394,[]
3799,1398846781.8638735,[]
3800,1398846781.9039736,[]
3801,1398846781.9110265,[]
3802,1398846781.9478712,[]
3803,1398846781.9878542,[]
3804,1398846781.987878,[]
3805,1398846782.0278497,[]
3806,1398846782.036274,[]
3807,1398846782.0759475,[]
3808,1398846782.1158419,[]
3809,1398846782.1158707,[]
3810,1398846782.1558547,[]
3811,1398846782.162088,[]
3812,1398846782.1999037,[]
3813,1398846782.2398486,[]
3814,1398846782.2398822,[]
3815,1398846782.2799127,[]
3816,1398846782.2872918,[]
3817,1398846782.32384,[]
3818,1398846782.3638363,[]
3819,1398846782.3638644,[]
3820,1398846782.4039414,[]
3821,1398846782.411898,[]
3822,1398846782.451944,[]
3823,1398846782.4918687,[]
3824,1398846782.4918966,[]
3825,1398846782.5318792,[]
3826,1398846782.537086,[]
3827,1398846782.5759344,[]
3828,1398846782.6158812,[]
3829,1398846782.6159067,[]
3830,1398846782.6559944,[]
3831,1398846782.6624007,[]
3832,1398846782.6998324,[]
3833,1398846782.7398264,[]
3834,1398846782.739852,[]
3835,1398846782.7799149,[]
3836,1398846782.7874377,[]
3837,1398846782.8239417,[]
3838,1398846782.8638318,[]
3839,1398846782.8638601,[]
3840,1398846782.903856,[]
3841,1398846782.9136608,[]
3842,1398846782.9518564,[]
3843,1398846782.9918842,[]
3844,1398846782.991913,[]
3845,1398846783.031905,[]
3846,1398846783.0389462,[]
3847,1398846783.0758312,[]
3848,1398846783.1158757,[]
3849,1398846783.1159074,[]
3850,1398846783.1558373,[]
3851,1398846783.1635814,[]
3852,1398846783.1998813,[]
3853,1398846783.239844,[]
3854,1398846783.239874,[]
3855,1398846783.279873,[]
3856,1398846783.2891817,[]
3857,1398846783.327943,[]
3858,1398846783.3678215,[]
3859,1398846783.3678524,[]
3860,1398846783.40785,[]
3861,1398846783.413941,[]
3862,1398846783.4518304,[]
3863,1398846783.4918733,[]
3864,1398846783.4919062,[]
3865,1398846783.5318823,[]
3866,1398846783.5390744,[]
3867,1398846783.575945,[]
3868,1398846783.6158729,[]
3869,1398846783.6159024,[]
3870,1398846783.6558719,[]
3871,1398846783.6633167,[]
3872,1398846783.6998844,[]
3873,1398846783.7398412,[]
3874,1398846783.7398686,[]
3875,1398846783.7799413,[]
3876,1398846783.7879333,[]
3877,1398846783.8278704,[]
3878,1398846783.867826,[]
3879,1398846783.8678503,[]
3880,1398846783.9078672,[]
3881,1398846783.9128325,[]
3882,1398846783.9519446,[]
3883,1398846783.9918947,[]
3884,1398846783.9919302,[]
3885,1398846784.0318317,[]
3886,1398846784.037646,[]
3887,1398846784.0758965,[]
3888,1398846784.1158347,[]
3889,1398846784.115865,[]
3890,1398846784.1558738,[]
3891,1398846784.161928,[]
3892,1398846784.1998115,[]
3893,1398846784.2398915,[]
3894,1398846784.2399244,[]
3895,1398846784.279883,[]
3896,1398846784.2869341,[]
3897,1398846784.323844,[]
3898,1398846784.3638856,[]
3899,1398846784.3639154,[]
3900,1398846784.4038067,[]
3901,1398846784.4111826,[]
3902,1398846784.4478889,[]
3903,1398846784.4878438,[]
3904,1398846784.4878764,[]
3905,1398846784.5278547,[]
3906,1398846784.5366938,[]
3907,1398846784.5759263,[]
3908,1398846784.6158795,[]
3909,1398846784.6159089,[]
3910,1398846784.6558545,[]
3911,1398846784.6615689,[]
3912,1398846784.6999083,[]
3913,1398846784.7398794,[]
3914,1398846784.7399077,[]
3915,1398846784.7798634,[]
3916,1398846784.786014,[]
3917,1398846784.8237784,[]
3918,1398846784.863842,[]
3919,1398846784.8638597,[]
3920,1398846784.9039176,[]
3921,1398846784.9118304,[]
3922,1398846784.947968,[]
3923,1398846784.987857,[]
3924,1398846784.9878893,[]
3925,1398846785.0279589,[]
3926,1398846785.036692,[]
3927,1398846785.0758471,[]
3928,1398846785.1159382,[]
3929,1398846785.1159723,[]
3930,1398846785.1558437,[]
3931,1398846785.1612196,[]
3932,1398846785.1998491,[]
3933,1398846785.2398202,[]
3934,1398846785.2398481,[]
3935,1398846785.2798786,[]
3936,1398846785.2869422,[]
3937,1398846785.3239498,[]
3938,1398846785.3638027,[]
3939,1398846785.3638277,[]
3940,1398846785.4039028,[]
3941,1398846785.4119492,[]
3942,1398846785.4519625,[]
3943,1398846785.4918761,[]
3944,1398846785.4919019,[]
3945,1398846785.531903,[]
3946,1398846785.5355258,[]
3947,1398846785.5719192,[]
3948,1398846785.6118774,[]
3949,1398846785.611908,[]
3950,1398846785.6519253,[]
3951,1398846785.6611862,[]
3952,1398846785.6998208,[]
3953,1398846785.739841,[]
3954,1398846785.739873,[]
3955,1398846785.77994,[]
3956,1398846785.7857757,[]
3957,1398846785.8239126,[]
3958,1398846785.8638813,[]
3959,1398846785.8639138,[]
3960,1398846785.9038544,[]
3961,1398846785.910941,[]
3962,1398846785.9478278,[]
3963,1398846785.9878457,[]
3964,1398846785.987906,[]
3965,1398846786.027909,[]
3966,1398846786.0365806,[]
3967,1398846786.0759406,[]
3968,1398846786.115855,[]
3969,1398846786.1158848,[]
3970,1398846786.1558623,[]
3971,1398846786.16091,[]
3972,1398846786.199844,[]
3973,1398846786.239925,[]
3974,1398846786.2399645,[]
3975,1398846786.279845,[]
3976,1398846786.286053,[]
3977,1398846786.3238518,[]
3978,1398846786.3638809,[]
3979,1398846786.3639061,[]
3980,1398846786.4038274,[]
3981,1398846786.410907,[]
3982,1398846786.4479792,[]
3983,1398846786.4878292,[]
3984,1398846786.487867,[]
3985,1398846786.5279362,[]
3986,1398846786.5366735,[]
3987,1398846786.5759199,[]
3988,1398846786.615896,[]
3989,1398846786.6159327,[]
3990,1398846786.6558747,[]
3991,1398846786.6611872,[]
3992,1398846786.6999383,[]
3993,1398846786.7398546,[]
3994,1398846786.7398849,[]
3995,1398846786.7798762,[]
3996,1398846786.786683,[]
3997,1398846786.8239336,[]
3998,1398846786.8638835,[]
3999,1398846786.9038577,[]
4000,1398846786.9038873,[]
4001,1398846786.9438922,[]
4002,1398846786.943925,[]
4003,1398846786.9838803,[]
4004,1398846786.9863148,[]
4005,1398846787.0238712,[]
4006,1398846787.0639102,[]
4007,1398846787.0639381,[]
4008,1398846787.1038952,[]
4009,1398846787.111688,[]
4010,1398846787.1478732,[]
4011,1398846787.1879137,[]
4012,1398846787.1879547,[]
4013,1398846787.2278535,[]
4014,1398846787.2360737,[]
4015,1398846787.2758188,[]
4016,1398846787.3159106,[]
4017,1398846787.315933,[]
4018,1398846787.3558223,[]
4019,1398846787.361567,[]
4020,1398846787.3998957,[]
4021,1398846787.4399235,[]
4022,1398846787.4399533,[]
4023,1398846787.4798777,[]
4024,1398846787.4863155,[]
4025,1398846787.5238626,[]
4026,1398846787.5638463,[]
4027,1398846787.5638762,[]
4028,1398846787.6039236,[]
4029,1398846787.6120696,[]
4030,1398846787.6518466,[]
4031,1398846787.6918209,[]
4032,1398846787.6918526,[]
4033,1398846787.731907,[]
4034,1398846787.7366874,[]
4035,1398846787.7759128,[]
4036,1398846787.8158429,[]
4037,1398846787.8158731,[]
4038,1398846787.8558233,[]
4039,1398846787.861692,[]
4040,1398846787.899823,[]
4041,1398846787.9398441,[]
4042,1398846787.939874,[]
4043,1398846787.9799006,[]
4044,1398846787.9878995,[]
4045,1398846788.0278246,[]
4046,1398846788.0678747,[]
4047,1398846788.067901,[]
4048,1398846788.1079252,[]
4049,1398846788.1113245,[]
4050,1398846788.1479108,[]
4051,1398846788.187871,[]
4052,1398846788.1879103,[]
4053,1398846788.227895,[]
4054,1398846788.2370787,[]
4055,1398846788.2758243,[]
4056,1398846788.3158736,[]
4057,1398846788.3159006,[]
4058,1398846788.3558419,[]
4059,1398846788.3619435,[]
4060,1398846788.399811,[]
4061,1398846788.4399934,[]
4062,1398846788.4400299,[]
4063,1398846788.4799066,[]
4064,1398846788.4872139,[]
4065,1398846788.5238225,[]
4066,1398846788.5638874,[]
4067,1398846788.5639164,[]
4068,1398846788.6038733,[]
4069,1398846788.611928,[]
4070,1398846788.651889,[]
4071,1398846788.6918788,[]
4072,1398846788.6919098,[]
4073,1398846788.731936,[]
4074,1398846788.736826,[]
4075,1398846788.7758148,[]
4076,1398846788.8158975,[]
4077,1398846788.8159275,[]
4078,1398846788.8558378,[]
4079,1398846788.861991,[]
4080,1398846788.8998353,[]
4081,1398846788.9398248,[]
4082,1398846788.939856,[]
4083,1398846788.9798818,[]
4084,1398846788.987236,[]
4085,1398846789.023826,[]
4086,1398846789.063823,[]
4087,1398846789.0638535,[]
4088,1398846789.1039846,[]
4089,1398846789.1112256,[]
4090,1398846789.1478255,[]
4091,1398846789.1878543,[]
4092,1398846789.1878881,[]
4093,1398846789.227853,[]
4094,1398846789.2364917,[]
4095,1398846789.2758417,[]
4096,1398846789.3158965,[]
4097,1398846789.3159206,[]
4098,1398846789.3558743,[]
4099,1398846789.361395,[]
4100,1398846789.3998637,[]
4101,1398846789.4398618,[]
4102,1398846789.439896,[]
4103,1398846789.47988,[]
4104,1398846789.4866683,[]
4105,1398846789.5239198,[]
4106,1398846789.5638664,[]
4107,1398846789.5638945,[]
4108,1398846789.6038525,[]
4109,1398846789.6122046,[]
4110,1398846789.65192,[]
4111,1398846789.6918788,[]
4112,1398846789.6919067,[]
4113,1398846789.731894,[]
4114,1398846789.7376883,[]
4115,1398846789.7759674,[]
4116,1398846789.8159087,[]
4117,1398846789.8159356,[]
4118,1398846789.855882,[]
4119,1398846789.8620667,[]
4120,1398846789.8998342,[]
4121,1398846789.939863,[]
4122,1398846789.9398928,[]
4123,1398846789.9798641,[]
4124,1398846789.9867055,[]
4125,1398846790.0238469,[]
4126,1398846790.063891,[]
4127,1398846790.0639176,[]
4128,1398846790.1038723,[]
4129,1398846790.1130679,[]
4130,1398846790.15183,[]
4131,1398846790.1918645,[]
4132,1398846790.1918936,[]
4133,1398846790.2319229,[]
4134,1398846790.236465,[]
4135,1398846790.275871,[]
4136,1398846790.3158836,[]
4137,1398846790.3159187,[]
4138,1398846790.3558855,[]
4139,1398846790.3621979,[]
4140,1398846790.39983,[]
4141,1398846790.4398699,[]
4142,1398846790.4399025,[]
4143,1398846790.4800117,[]
4144,1398846790.4861522,[]
4145,1398846790.5238461,[]
4146,1398846790.563879,[]
4147,1398846790.563909,[]
4148,1398846790.6038754,[]
4149,1398846790.612954,[]
4150,1398846790.6519198,[]
4151,1398846790.691851,[]
4152,1398846790.6918802,[]
4153,1398846790.7319133,[]
4154,1398846790.736664,[]
4155,1398846790.7758877,[]
4156,1398846790.8159206,[]
4157,1398846790.815952,[]
4158,1398846790.8558795,[]
4159,1398846790.8611724,[]
4160,1398846790.899854,[]
4161,1398846790.939879,[]
4162,1398846790.939912,[]
4163,1398846790.9798481,[]
4164,1398846790.9866352,[]
4165,1398846791.023861,[]
4166,1398846791.0638752,[]
4167,1398846791.0639033,[]
4168,1398846791.103937,[]
4169,1398846791.1128469,[]
4170,1398846791.1518621,[]
4171,1398846791.1919894,[]
4172,1398846791.19203,[]
4173,1398846791.2318726,[]
4174,1398846791.236071,[]
4175,1398846791.275866,[]
4176,1398846791.315894,[]
4177,1398846791.3159235,[]
4178,1398846791.3559306,[]
4179,1398846791.3614388,[]
4180,1398846791.3998759,[]
4181,1398846791.4398305,[]
4182,1398846791.439862,[]
4183,1398846791.4798398,[]
4184,1398846791.4869263,[]
4185,1398846791.5238643,[]
4186,1398846791.563849,[]
4187,1398846791.5638766,[]
4188,1398846791.6039083,[]
4189,1398846791.61184,[]
4190,1398846791.6518338,[]
4191,1398846791.6918635,[]
4192,1398846791.6918929,[]
4193,1398846791.7318742,[]
4194,1398846791.7370732,[]
4195,1398846791.7759376,[]
4196,1398846791.8159397,[]
4197,1398846791.8159757,[]
4198,1398846791.8558834,[]
4199,1398846791.861871,[]
4200,1398846791.899833,[]
4201,1398846791.939878,[]
4202,1398846791.939909,[]
4203,1398846791.9798965,[]
4204,1398846791.986182,[]
4205,1398846792.02387,[]
4206,1398846792.0639246,[]
4207,1398846792.0639565,[]
4208,1398846792.1038961,[]
4209,1398846792.1120257,[]
4210,1398846792.151849,[]
4211,1398846792.1918764,[]
4212,1398846792.1919093,[]
4213,1398846792.2319255,[]
4214,1398846792.2361872,[]
4215,1398846792.2758324,[]
4216,1398846792.3158438,[]
4217,1398846792.3158734,[]
4218,1398846792.3558638,[]
4219,1398846792.3619456,[]
4220,1398846792.3998508,[]
4221,1398846792.4399898,[]
4222,1398846792.4400275,[]
4223,1398846792.4799168,[]
4224,1398846792.4870703,[]
4225,1398846792.5239007,[]
4226,1398846792.5638692,[]
4227,1398846792.5639,[]
4228,1398846792.6038368,[]
4229,1398846792.6123219,[]
4230,1398846792.6519468,[]
4231,1398846792.69185,[]
4232,1398846792.691883,[]
4233,1398846792.73191,[]
4234,1398846792.7364066,[]
4235,1398846792.7758706,[]
4236,1398846792.8159685,[]
4237,1398846792.816002,[]
4238,1398846792.855886,[]
4239,1398846792.864137,[]
4240,1398846792.903873,[]
4241,1398846792.943868,[]
4242,1398846792.9439003,[]
4243,1398846792.9839118,[]
4244,1398846792.9864278,[]
4245,1398846793.0238364,[]
4246,1398846793.0639672,[]
4247,1398846793.063992,[]
4248,1398846793.1038525,[]
4249,1398846793.1112106,[]
4250,1398846793.1478443,[]
4251,1398846793.1879277,[]
4252,1398846793.1879635,[]
4253,1398846793.227903,[]
4254,1398846793.2370672,[]
4255,1398846793.2758572,[]
4256,1398846793.3159595,[]
4257,1398846793.3159807,[]
4258,1398846793.355946,[]
4259,1398846793.3613183,[]
4260,1398846793.3998444,[]
4261,1398846793.4399343,[]
4262,1398846793.4399667,[]
4263,1398846793.4799147,[]
4264,1398846793.487232,[]
4265,1398846793.5238798,[]
4266,1398846793.563946,[]
4267,1398846793.5639832,[]
4268,1398846793.603855,[]
4269,1398846793.6110659,[]
4270,1398846793.6478603,[]
4271,1398846793.687853,[]
4272,1398846793.727937,[]
4273,1398846793.727965,[]
4274,1398846793.7679112,[]
4275,1398846793.7679458,[]
4276,1398846793.807939,[]
4277,1398846793.811221,[]
4278,1398846793.847842,[]
4279,1398846793.8879066,[]
4280,1398846793.8879375,[]
4281,1398846793.9278872,[]
4282,1398846793.9369423,[]
4283,1398846793.9759104,[]
4284,1398846794.015816,[]
4285,1398846794.015847,[]
4286,1398846794.0559256,[]
4287,1398846794.0617056,[]
4288,1398846794.0998769,[]
4289,1398846794.1398294,[]
4290,1398846794.1398604,[]
4291,1398846794.179944,[]
4292,1398846794.1865828,[]
4293,1398846794.223928,[]
4294,1398846794.2639065,[]
4295,1398846794.3039267,[]
4296,1398846794.3039541,[]
4297,1398846794.3438947,[]
4298,1398846794.3439596,[]
4299,1398846794.383828,[]
4300,1398846794.3863647,[]
4301,1398846794.423961,[]
4302,1398846794.463827,[]
4303,1398846794.4638438,[]
4304,1398846794.503881,[]
4305,1398846794.5119383,[]
4306,1398846794.5518665,[]
4307,1398846794.5919013,[]
4308,1398846794.5919337,[]
4309,1398846794.6318455,[]
4310,1398846794.6367145,[]
4311,1398846794.6758893,[]
4312,1398846794.715847,[]
4313,1398846794.7158787,[]
4314,1398846794.7559144,[]
4315,1398846794.7619674,[]
4316,1398846794.799865,[]
4317,1398846794.8398952,[]
4318,1398846794.8399327,[]
4319,1398846794.879844,[]
4320,1398846794.8865404,[]
4321,1398846794.9238489,[]
4322,1398846794.9638329,[]
4323,1398846794.9638643,[]
4324,1398846795.003909,[]
4325,1398846795.0111883,[]
4326,1398846795.0478835,[]
4327,1398846795.0878992,[]
4328,1398846795.087923,[]
4329,1398846795.1279094,[]
4330,1398846795.1361928,[]
4331,1398846795.1758754,[]
4332,1398846795.2158535,[]
4333,1398846795.2158856,[]
4334,1398846795.2559056,[]
4335,1398846795.2621186,[]
4336,1398846795.2997923,[]
4337,1398846795.3398473,[]
4338,1398846795.3399026,[]
4339,1398846795.3799684,[]
4340,1398846795.3862002,[]
4341,1398846795.4238966,[]
4342,1398846795.4638305,[]
4343,1398846795.4638572,[]
4344,1398846795.5038645,[]
4345,1398846795.5120895,[]
4346,1398846795.551931,[]
4347,1398846795.592095,[]
4348,1398846795.5921285,[]
4349,1398846795.6319482,[]
4350,1398846795.6367164,[]
4351,1398846795.6758933,[]
4352,1398846795.7158024,[]
4353,1398846795.7158284,[]
4354,1398846795.7561603,[]
4355,1398846795.7636144,[]
4356,1398846795.799845,[]
4357,1398846795.83999,[]
4358,1398846795.8400238,[]
4359,1398846795.879967,[]
4360,1398846795.8872273,[]
4361,1398846795.9238772,[]
4362,1398846795.963834,[]
4363,1398846795.9638667,[]
4364,1398846796.0038753,[]
4365,1398846796.0115705,[]
4366,1398846796.0479434,[]
4367,1398846796.0879045,[]
4368,1398846796.0879862,[]
4369,1398846796.127884,[]
4370,1398846796.136477,[]
4371,1398846796.175862,[]
4372,1398846796.215936,[]
4373,1398846796.2159858,[]
4374,1398846796.2559342,[]
4375,1398846796.2614772,[]
4376,1398846796.2998586,[]
4377,1398846796.339823,[]
4378,1398846796.3398511,[]
4379,1398846796.3799396,[]
4380,1398846796.3875685,[]
4381,1398846796.4238966,[]
4382,1398846796.4638274,[]
4383,1398846796.4638577,[]
4384,1398846796.5038545,[]
4385,1398846796.5112014,[]
4386,1398846796.5478578,[]
4387,1398846796.5878377,[]
4388,1398846796.5878692,[]
4389,1398846796.6278815,[]
4390,1398846796.636853,[]
4391,1398846796.675879,[]
4392,1398846796.7158895,[]
4393,1398846796.7159195,[]
4394,1398846796.7558641,[]
4395,1398846796.7619507,[]
4396,1398846796.7998435,[]
4397,1398846796.8398883,[]
4398,1398846796.8399205,[]
4399,1398846796.8799858,[]
4400,1398846796.8883169,[]
4401,1398846796.927909,[]
4402,1398846796.9678879,[]
4403,1398846796.9679196,[]
4404,1398846797.007854,[]
4405,1398846797.013575,[]
4406,1398846797.0518813,[]
4407,1398846797.0918994,[]
4408,1398846797.0919206,[]
4409,1398846797.131883,[]
4410,1398846797.1385856,[]
4411,1398846797.1758587,[]
4412,1398846797.215902,[]
4413,1398846797.215936,[]
4414,1398846797.255758,[]
4415,1398846797.2636492,[]
4416,1398846797.2998617,[]
4417,1398846797.3398855,[]
4418,1398846797.3399153,[]
4419,1398846797.3799193,[]
4420,1398846797.3890772,[]
4421,1398846797.4278967,[]
4422,1398846797.4678602,[]
4423,1398846797.467889,[]
4424,1398846797.5078769,[]
4425,1398846797.5143282,[]
4426,1398846797.5520089,[]
4427,1398846797.5918574,[]
4428,1398846797.5918846,[]
4429,1398846797.6318774,[]
4430,1398846797.6395726,[]
4431,1398846797.6758983,[]
4432,1398846797.7158616,[]
4433,1398846797.7158947,[]
4434,1398846797.755834,[]
4435,1398846797.7635763,[]
4436,1398846797.799875,[]
4437,1398846797.8398385,[]
4438,1398846797.8398697,[]
4439,1398846797.879831,[]
4440,1398846797.8884027,[]
4441,1398846797.9278936,[]
4442,1398846797.9678519,[]
4443,1398846797.9678855,[]
4444,1398846798.0078776,[]
4445,1398846798.0129707,[]
4446,1398846798.0518346,[]
4447,1398846798.0918555,[]
4448,1398846798.0918884,[]
4449,1398846798.1318438,[]
4450,1398846798.1382086,[]
4451,1398846798.1759064,[]
4452,1398846798.2158546,[]
4453,1398846798.2158828,[]
4454,1398846798.2558415,[]
4455,1398846798.262952,[]
4456,1398846798.299834,[]
4457,1398846798.339895,[]
4458,1398846798.3399258,[]
4459,1398846798.3798833,[]
4460,1398846798.3880758,[]
4461,1398846798.4279249,[]
4462,1398846798.4679036,[]
4463,1398846798.4679348,[]
4464,1398846798.5078328,[]
4465,1398846798.5125723,[]
4466,1398846798.5518422,[]
4467,1398846798.5918763,[]
4468,1398846798.5919085,[]
4469,1398846798.6318667,[]
4470,1398846798.6371524,[]
4471,1398846798.6758752,[]
4472,1398846798.7158365,[]
4473,1398846798.7158659,[]
4474,1398846798.7558932,[]
4475,1398846798.760935,[]
4476,1398846798.7998133,[]
4477,1398846798.8400264,[]
4478,1398846798.84006,[]
4479,1398846798.879945,[]
4480,1398846798.886947,[]
4481,1398846798.923918,[]
4482,1398846798.9638073,[]
4483,1398846798.9638395,[]
4484,1398846799.0038288,[]
4485,1398846799.0120597,[]
4486,1398846799.0518916,[]
4487,1398846799.0919278,[]
4488,1398846799.091951,[]
4489,1398846799.1319668,[]
4490,1398846799.135787,[]
4491,1398846799.1758807,[]
4492,1398846799.215836,[]
4493,1398846799.21587,[]
4494,1398846799.2558687,[]
4495,1398846799.261116,[]
4496,1398846799.299852,[]
4497,1398846799.3398342,[]
4498,1398846799.339856,[]
4499,1398846799.3798587,[]
4500,1398846799.385586,[]
4501,1398846799.423898,[]
4502,1398846799.4638934,[]
4503,1398846799.4639204,[]
4504,1398846799.5038393,[]
4505,1398846799.5105183,[]
4506,1398846799.5481048,[]
4507,1398846799.5878558,[]
4508,1398846799.5878925,[]
4509,1398846799.6278868,[]
4510,1398846799.6357408,[]
4511,1398846799.6718931,[]
4512,1398846799.7118204,[]
4513,1398846799.7118504,[]
4514,1398846799.751871,[]
4515,1398846799.7604015,[]
4516,1398846799.7998617,[]
4517,1398846799.8398602,[]
4518,1398846799.8398945,[]
4519,1398846799.8798425,[]
4520,1398846799.885581,[]
4521,1398846799.9238687,[]
4522,1398846799.9638803,[]
4523,1398846799.963909,[]
4524,1398846800.0039725,[]
4525,1398846800.0105283,[]
4526,1398846800.0478485,[]
4527,1398846800.0878668,[]
4528,1398846800.0878954,[]
4529,1398846800.1278636,[]
4530,1398846800.1354,[]
4531,1398846800.1718693,[]
4532,1398846800.2118933,[]
4533,1398846800.2119298,[]
4534,1398846800.2518127,[]
4535,1398846800.2605395,[]
4536,1398846800.2998557,[]
4537,1398846800.3398328,[]
4538,1398846800.3398623,[]
4539,1398846800.3798065,[]
4540,1398846800.3850548,[]
4541,1398846800.4239526,[]
4542,1398846800.463873,[]
4543,1398846800.463898,[]
4544,1398846800.5038714,[]
4545,1398846800.510505,[]
4546,1398846800.5478418,[]
4547,1398846800.5879083,[]
4548,1398846800.5879364,[]
4549,1398846800.6278877,[]
4550,1398846800.639977,[]
4551,1398846800.67985,[]
4552,1398846800.7198596,[]
4553,1398846800.7198834,[]
4554,1398846800.7598362,[]
4555,1398846800.7601304,[]
4556,1398846800.799879,[]
4557,1398846800.8399498,[]
4558,1398846800.8399894,[]
4559,1398846800.879759,[]
4560,1398846800.8849647,[]
4561,1398846800.923851,[]
4562,1398846800.963881,[]
4563,1398846800.9639223,[]
4564,1398846801.0038793,[]
4565,1398846801.0101116,[]
4566,1398846801.0478666,[]
4567,1398846801.0878587,[]
4568,1398846801.0878787,[]
4569,1398846801.127847,[]
4570,1398846801.13517,[]
4571,1398846801.1719573,[]
4572,1398846801.2118888,[]
4573,1398846801.2119236,[]
4574,1398846801.2518098,[]
4575,1398846801.260528,[]
4576,1398846801.2998545,[]
4577,1398846801.3398955,[]
4578,1398846801.339944,[]
4579,1398846801.379882,[]
4580,1398846801.3849733,[]
4581,1398846801.4238434,[]
4582,1398846801.4638588,[]
4583,1398846801.463889,[]
4584,1398846801.5038486,[]
4585,1398846801.5106962,[]
4586,1398846801.548017,[]
4587,1398846801.587839,[]
4588,1398846801.587869,[]
4589,1398846801.6278431,[]
4590,1398846801.6348953,[]
4591,1398846801.6719182,[]
4592,1398846801.7118626,[]
4593,1398846801.711895,[]
4594,1398846801.7519293,[]
4595,1398846801.7596889,[]
4596,1398846801.795916,[]
4597,1398846801.8398335,[]
4598,1398846801.839874,[]
4599,1398846801.879893,[]
4600,1398846801.884827,[]
4601,1398846801.9238389,[]
4602,1398846801.9638338,[]
4603,1398846801.9638646,[]
4604,1398846802.0038562,[]
4605,1398846802.0099828,[]
4606,1398846802.0479436,[]
4607,1398846802.0878687,[]
4608,1398846802.0879004,[]
4609,1398846802.1278343,[]
4610,1398846802.1346984,[]
4611,1398846802.171933,[]
4612,1398846802.2119105,[]
4613,1398846802.2119462,[]
4614,1398846802.2519286,[]
4615,1398846802.2609024,[]
4616,1398846802.299831,[]
4617,1398846802.3398695,[]
4618,1398846802.3399124,[]
4619,1398846802.379898,[]
4620,1398846802.3848267,[]
4621,1398846802.4238484,[]
4622,1398846802.463881,[]
4623,1398846802.4639065,[]
4624,1398846802.50395,[]
4625,1398846802.509963,[]
4626,1398846802.5478575,[]
4627,1398846802.5878797,[]
4628,1398846802.5879004,[]
4629,1398846802.6279078,[]
4630,1398846802.6345737,[]
4631,1398846802.6718924,[]
4632,1398846802.7118695,[]
4633,1398846802.7118936,[]
4634,1398846802.7518783,[]
4635,1398846802.759938,[]
4636,1398846802.7998128,[]
4637,1398846802.8399405,[]
4638,1398846802.8399699,[]
4639,1398846802.8799984,[]
4640,1398846802.8859856,[]
4641,1398846802.923831,[]
4642,1398846802.9638708,[]
4643,1398846802.9638972,[]
4644,1398846803.0038908,[]
4645,1398846803.0099456,[]
4646,1398846803.047814,[]
4647,1398846803.0879507,[]
4648,1398846803.0879698,[]
4649,1398846803.1279,[]
4650,1398846803.1349685,[]
4651,1398846803.1718311,[]
4652,1398846803.2118988,[]
4653,1398846803.211922,[]
4654,1398846803.2519002,[]
4655,1398846803.2600832,[]
4656,1398846803.2998497,[]
4657,1398846803.3399093,[]
4658,1398846803.3399558,[]
4659,1398846803.379949,[]
4660,1398846803.3847077,[]
4661,1398846803.4238038,[]
4662,1398846803.4638743,[]
4663,1398846803.4639173,[]
4664,1398846803.5038753,[]
4665,1398846803.5098252,[]
4666,1398846803.547843,[]
4667,1398846803.5878818,[]
4668,1398846803.5879323,[]
4669,1398846803.6279356,[]
4670,1398846803.6345623,[]
4671,1398846803.671834,[]
4672,1398846803.7119133,[]
4673,1398846803.7119412,[]
4674,1398846803.751942,[]
4675,1398846803.7596216,[]
4676,1398846803.795855,[]
4677,1398846803.8362753,[]
4678,1398846803.8362997,[]
4679,1398846803.8759694,[]
4680,1398846803.8850782,[]
4681,1398846803.9238133,[]
4682,1398846803.9638681,[]
4683,1398846803.9638963,[]
4684,1398846804.0039246,[]
4685,1398846804.0094855,[]
4686,1398846804.0478423,[]
4687,1398846804.0878499,[]
4688,1398846804.0878665,[]
4689,1398846804.127909,[]
4690,1398846804.1344554,[]
4691,1398846804.1717966,[]
4692,1398846804.2119095,[]
4693,1398846804.211937,[]
4694,1398846804.2518866,[]
4695,1398846804.2599416,[]
4696,1398846804.299838,[]
4697,1398846804.3398442,[]
4698,1398846804.339875,[]
4699,1398846804.3798578,[]
4700,1398846804.3846917,[]
4701,1398846804.4238248,[]
4702,1398846804.463807,[]
4703,1398846804.4638367,[]
4704,1398846804.503872,[]
4705,1398846804.5098119,[]
4706,1398846804.5477605,[]
4707,1398846804.5878377,[]
4708,1398846804.5878673,[]
4709,1398846804.6278093,[]
4710,1398846804.63421,[]
4711,1398846804.6718662,[]
4712,1398846804.7118979,[]
4713,1398846804.7119331,[]
4714,1398846804.751894,[]
4715,1398846804.7600927,[]
4716,1398846804.7998745,[]
4717,1398846804.8398843,[]
4718,1398846804.8399174,[]
4719,1398846804.8799217,[]
4720,1398846804.8846474,[]
4721,1398846804.923837,[]
4722,1398846804.9638722,[]
4723,1398846804.9639037,[]
4724,1398846805.0038474,[]
4725,1398846805.0090594,[]
4726,1398846805.0478542,[]
4727,1398846805.0878687,[]
4728,1398846805.0878909,[]
4729,1398846805.127803,[]
4730,1398846805.134192,[]
4731,1398846805.1718721,[]
4732,1398846805.2118638,[]
4733,1398846805.2118967,[]
4734,1398846805.2518783,[]
4735,1398846805.2597287,[]
4736,1398846805.295845,[]
4737,1398846805.3358436,[]
4738,1398846805.3358853,[]
4739,1398846805.3759253,[]
4740,1398846805.384858,[]
4741,1398846805.4238005,[]
4742,1398846805.4638922,[]
4743,1398846805.4639223,[]
4744,1398846805.503954,[]
4745,1398846805.5096915,[]
4746,1398846805.547852,[]
4747,1398846805.587878,[]
4748,1398846805.587908,[]
4749,1398846805.6278083,[]
4750,1398846805.63419,[]
4751,1398846805.6718612,[]
4752,1398846805.711835,[]
4753,1398846805.7118654,[]
4754,1398846805.7519448,[]
4755,1398846805.7594812,[]
4756,1398846805.7958758,[]
4757,1398846805.8358512,[]
4758,1398846805.835881,[]
4759,1398846805.8759513,[]
4760,1398846805.8844607,[]
4761,1398846805.923819,[]
4762,1398846805.9638958,[]
4763,1398846805.9639323,[]
4764,1398846806.0038686,[]
4765,1398846806.009601,[]
4766,1398846806.0479279,[]
4767,1398846806.0879135,[]
4768,1398846806.0879662,[]
4769,1398846806.1279125,[]
4770,1398846806.1344035,[]
4771,1398846806.1718411,[]
4772,1398846806.211857,[]
4773,1398846806.2118864,[]
4774,1398846806.2518835,[]
4775,1398846806.2597163,[]
4776,1398846806.2958817,[]
4777,1398846806.3358607,[]
4778,1398846806.3358893,[]
4779,1398846806.3758817,[]
4780,1398846806.38435,[]
4781,1398846806.4238179,[]
4782,1398846806.4638534,[]
4783,1398846806.4638836,[]
4784,1398846806.5038507,[]
4785,1398846806.5095854,[]
4786,1398846806.5478466,[]
4787,1398846806.5879111,[]
4788,1398846806.587941,[]
4789,1398846806.627892,[]
4790,1398846806.6400495,[]
4791,1398846806.679901,[]
4792,1398846806.7198057,[]
4793,1398846806.7198265,[]
4794,1398846806.759877,[]
4795,1398846806.7599084,[]
4796,1398846806.799882,[]
4797,1398846806.8094265,[]
4798,1398846806.847845,[]
4799,1398846806.8878522,[]
4800,1398846806.8878844,[]
4801,1398846806.9278738,[]
4802,1398846806.934368,[]
4803,1398846806.9718196,[]
4804,1398846807.011838,[]
4805,1398846807.011868,[]
4806,1398846807.0518703,[]
4807,1398846807.0594652,[]
4808,1398846807.095888,[]
4809,1398846807.1358657,[]
4810,1398846807.1358914,[]
4811,1398846807.175881,[]
4812,1398846807.1837204,[]
4813,1398846807.2198222,[]
4814,1398846807.259852,[]
4815,1398846807.2598863,[]
4816,1398846807.299922,[]
4817,1398846807.308499,[]
4818,1398846807.347871,[]
4819,1398846807.3878715,[]
4820,1398846807.3878992,[]
4821,1398846807.427936,[]
4822,1398846807.433591,[]
4823,1398846807.4718423,[]
4824,1398846807.5118544,[]
4825,1398846807.511889,[]
4826,1398846807.5519829,[]
4827,1398846807.5581198,[]
4828,1398846807.5958712,[]
4829,1398846807.63588,[]
4830,1398846807.6359184,[]
4831,1398846807.6759732,[]
4832,1398846807.68354,[]
4833,1398846807.7198708,[]
4834,1398846807.759892,[]
4835,1398846807.759915,[]
4836,1398846807.7999694,[]
4837,1398846807.8093514,[]
4838,1398846807.8478534,[]
4839,1398846807.8878398,[]
4840,1398846807.8878691,[]
4841,1398846807.9278588,[]
4842,1398846807.9334505,[]
4843,1398846807.971851,[]
4844,1398846808.0118668,[]
4845,1398846808.0119054,[]
4846,1398846808.05188,[]
4847,1398846808.057971,[]
4848,1398846808.0958195,[]
4849,1398846808.135923,[]
4850,1398846808.1359518,[]
4851,1398846808.175945,[]
4852,1398846808.182982,[]
4853,1398846808.2198665,[]
4854,1398846808.2598479,[]
4855,1398846808.2598803,[]
4856,1398846808.2999237,[]
4857,1398846808.3079913,[]
4858,1398846808.3478599,[]
4859,1398846808.387829,[]
4860,1398846808.3878636,[]
4861,1398846808.4278271,[]
4862,1398846808.4324634,[]
4863,1398846808.4718757,[]
4864,1398846808.5118,[]
4865,1398846808.51184,[]
4866,1398846808.551838,[]
4867,1398846808.5576777,[]
4868,1398846808.5958767,[]
4869,1398846808.6358664,[]
4870,1398846808.635901,[]
4871,1398846808.6759245,[]
4872,1398846808.6826968,[]
4873,1398846808.7198853,[]
4874,1398846808.7598758,[]
4875,1398846808.7599022,[]
4876,1398846808.7998989,[]
4877,1398846808.8075328,[]
4878,1398846808.8438578,[]
4879,1398846808.8839025,[]
4880,1398846808.884148,[]
4881,1398846808.923881,[]
4882,1398846808.933126,[]
4883,1398846808.971895,[]
4884,1398846809.0118623,[]
4885,1398846809.0118897,[]
4886,1398846809.0519145,[]
4887,1398846809.0580268,[]
4888,1398846809.0959373,[]
4889,1398846809.1359248,[]
4890,1398846809.135953,[]
4891,1398846809.1759648,[]
4892,1398846809.1825802,[]
4893,1398846809.219886,[]
4894,1398846809.2598403,[]
4895,1398846809.259872,[]
4896,1398846809.299883,[]
4897,1398846809.3074343,[]
4898,1398846809.3438444,[]
4899,1398846809.383843,[]
4900,1398846809.4239583,[]
4901,1398846809.4239895,[]
4902,1398846809.4637892,[]
4903,1398846809.463815,[]
4904,1398846809.5038888,[]
4905,1398846809.5071704,[]
4906,1398846809.54389,[]
4907,1398846809.5839114,[]
4908,1398846809.583944,[]
4909,1398846809.6238945,[]
4910,1398846809.6322002,[]
4911,1398846809.6717546,[]
4912,1398846809.7118025,[]
4913,1398846809.7118323,[]
4914,1398846809.7519069,[]
4915,1398846809.7573273,[]
4916,1398846809.7958724,[]
4917,1398846809.8358204,[]
4918,1398846809.835856,[]
4919,1398846809.8759475,[]
4920,1398846809.883582,[]
4921,1398846809.9198751,[]
4922,1398846809.959845,[]
4923,1398846809.959875,[]
4924,1398846810.0000203,[]
4925,1398846810.0073595,[]
4926,1398846810.0438445,[]
4927,1398846810.083833,[]
4928,1398846810.0838633,[]
4929,1398846810.1239102,[]
4930,1398846810.1324453,[]
4931,1398846810.1718924,[]
4932,1398846810.2118192,[]
4933,1398846810.2118342,[]
4934,1398846810.2518492,[]
4935,1398846810.2574542,[]
4936,1398846810.2959037,[]
4937,1398846810.3358467,[]
4938,1398846810.335876,[]
4939,1398846810.3759134,[]
4940,1398846810.3835878,[]
4941,1398846810.419861,[]
4942,1398846810.4599128,[]
4943,1398846810.459946,[]
4944,1398846810.4999037,[]
4945,1398846810.5069315,[]
4946,1398846810.5438735,[]
4947,1398846810.5838342,[]
4948,1398846810.5838723,[]
4949,1398846810.6239278,[]
4950,1398846810.631957,[]
4951,1398846810.671938,[]
4952,1398846810.7118366,[]
4953,1398846810.7118645,[]
4954,1398846810.7518961,[]
4955,1398846810.75684,[]
4956,1398846810.7958992,[]
4957,1398846810.8358603,[]
4958,1398846810.835892,[]
4959,1398846810.8758898,[]
4960,1398846810.8821425,[]
4961,1398846810.919855,[]
4962,1398846810.9598634,[]
4963,1398846810.9598916,[]
4964,1398846810.9999154,[]
4965,1398846811.007095,[]
4966,1398846811.043845,[]
4967,1398846811.0838752,[]
4968,1398846811.0838976,[]
4969,1398846811.1239195,[]
4970,1398846811.1320007,[]
4971,1398846811.1718373,[]
4972,1398846811.2118547,[]
4973,1398846811.2118845,[]
4974,1398846811.2518222,[]
4975,1398846811.2569273,[]
4976,1398846811.295852,[]
4977,1398846811.3358777,[]
4978,1398846811.3359087,[]
4979,1398846811.3759487,[]
4980,1398846811.3831615,[]
4981,1398846811.4198623,[]
4982,1398846811.4598877,[]
4983,1398846811.4599202,[]
4984,1398846811.499918,[]
4985,1398846811.5079615,[]
4986,1398846811.5478413,[]
4987,1398846811.587872,[]
4988,1398846811.5879035,[]
4989,1398846811.6277928,[]
4990,1398846811.6332352,[]
4991,1398846811.6718526,[]
4992,1398846811.7118208,[]
4993,1398846811.711854,[]
4994,1398846811.7518806,[]
4995,1398846811.7581925,[]
4996,1398846811.7959094,[]
4997,1398846811.8358617,[]
4998,1398846811.8360367,[]
4999,1398846811.8760026,[]
5000,1398846811.884054,[]
5001,1398846811.9238663,[]
5002,1398846811.9638612,[]
5003,1398846811.963891,[]
5004,1398846812.0038505,[]
5005,1398846812.008502,[]
5006,1398846812.04786,[]
5007,1398846812.0878782,[]
5008,1398846812.0879087,[]
5009,1398846812.127886,[]
5010,1398846812.1338916,[]
5011,1398846812.1718955,[]
5012,1398846812.211898,[]
5013,1398846812.2119172,[]
5014,1398846812.2519455,[]
5015,1398846812.2587175,[]
5016,1398846812.2958567,[]
5017,1398846812.3358612,[]
5018,1398846812.3358963,[]
5019,1398846812.37596,[]
5020,1398846812.3843162,[]
5021,1398846812.4238913,[]
5022,1398846812.4638343,[]
5023,1398846812.4638648,[]
5024,1398846812.5038853,[]
5025,1398846812.5094624,[]
5026,1398846812.547946,[]
5027,1398846812.587965,[]
5028,1398846812.588021,[]
5029,1398846812.6278927,[]
5030,1398846812.6335757,[]
5031,1398846812.671848,[]
5032,1398846812.7118444,[]
5033,1398846812.7118747,[]
5034,1398846812.7518802,[]
5035,1398846812.7587214,[]
5036,1398846812.7958052,[]
5037,1398846812.8358085,[]
5038,1398846812.8358424,[]
5039,1398846812.8761737,[]
5040,1398846812.8839207,[]
5041,1398846812.9239845,[]
5042,1398846812.9639387,[]
5043,1398846812.9639683,[]
5044,1398846813.0038579,[]
5045,1398846813.0082614,[]
5046,1398846813.0478654,[]
5047,1398846813.0878696,[]
5048,1398846813.087892,[]
5049,1398846813.1278276,[]
5050,1398846813.133435,[]
5051,1398846813.1719425,[]
5052,1398846813.2118783,[]
5053,1398846813.211907,[]
5054,1398846813.2519217,[]
5055,1398846813.258466,[]
5056,1398846813.2958245,[]
5057,1398846813.3358989,[]
5058,1398846813.3359332,[]
5059,1398846813.3759437,[]
5060,1398846813.3828328,[]
5061,1398846813.419901,[]
5062,1398846813.459828,[]
5063,1398846813.4598546,[]
5064,1398846813.4998243,[]
5065,1398846813.5063567,[]
5066,1398846813.5438929,[]
5067,1398846813.5838144,[]
5068,1398846813.5838366,[]
5069,1398846813.62386,[]
5070,1398846813.6314583,[]
5071,1398846813.6678724,[]
5072,1398846813.7078285,[]
5073,1398846813.7078617,[]
5074,1398846813.7478595,[]
5075,1398846813.7565806,[]
5076,1398846813.7959185,[]
5077,1398846813.835939,[]
5078,1398846813.8359692,[]
5079,1398846813.8758326,[]
5080,1398846813.8819418,[]
5081,1398846813.9199014,[]
5082,1398846813.9598327,[]
5083,1398846813.959863,[]
5084,1398846813.9999313,[]
5085,1398846814.0058384,[]
5086,1398846814.0439415,[]
5087,1398846814.0838578,[]
5088,1398846814.083895,[]
5089,1398846814.123883,[]
5090,1398846814.130519,[]
5091,1398846814.1678596,[]
5092,1398846814.207879,[]
5093,1398846814.208023,[]
5094,1398846814.2478707,[]
5095,1398846814.256715,[]
5096,1398846814.295789,[]
5097,1398846814.3358388,[]
5098,1398846814.335866,[]
5099,1398846814.375846,[]
5100,1398846814.3804958,[]
5101,1398846814.4198859,[]
5102,1398846814.4599233,[]
5103,1398846814.4599545,[]
5104,1398846814.4997816,[]
5105,1398846814.5054498,[]
5106,1398846814.543863,[]
5107,1398846814.5838485,[]
5108,1398846814.583879,[]
5109,1398846814.623978,[]
5110,1398846814.6308026,[]
5111,1398846814.66788,[]
5112,1398846814.7078335,[]
5113,1398846814.7078657,[]
5114,1398846814.7478926,[]
5115,1398846814.7556653,[]
5116,1398846814.7918918,[]
5117,1398846814.8318334,[]
5118,1398846814.8318627,[]
5119,1398846814.8718967,[]
5120,1398846814.8817754,[]
5121,1398846814.9198864,[]
5122,1398846814.9599164,[]
5123,1398846814.9599462,[]
5124,1398846814.9998488,[]
5125,1398846815.0054624,[]
5126,1398846815.043875,[]
5127,1398846815.0839047,[]
5128,1398846815.1238446,[]
5129,1398846815.123879,[]
5130,1398846815.163952,[]
5131,1398846815.1639824,[]
5132,1398846815.2039316,[]
5133,1398846815.205214,[]
5134,1398846815.2439113,[]
5135,1398846815.2838967,[]
5136,1398846815.2839282,[]
5137,1398846815.3238285,[]
5138,1398846815.3301048,[]
5139,1398846815.367899,[]
5140,1398846815.4078543,[]
5141,1398846815.4078832,[]
5142,1398846815.4478414,[]
5143,1398846815.4549625,[]
5144,1398846815.4918916,[]
5145,1398846815.5318367,[]
5146,1398846815.5318716,[]
5147,1398846815.5719092,[]
5148,1398846815.5804667,[]
5149,1398846815.6198668,[]
5150,1398846815.6598735,[]
5151,1398846815.6599028,[]
5152,1398846815.6998713,[]
5153,1398846815.7049544,[]
5154,1398846815.7438655,[]
5155,1398846815.78387,[]
5156,1398846815.7839057,[]
5157,1398846815.8238635,[]
5158,1398846815.8315926,[]
5159,1398846815.8678002,[]
5160,1398846815.90791,[]
5161,1398846815.907944,[]
5162,1398846815.9478521,[]
5163,1398846815.954478,[]
5164,1398846815.9919083,[]
5165,1398846816.0318408,[]
5166,1398846816.031875,[]
5167,1398846816.0719073,[]
5168,1398846816.081337,[]
5169,1398846816.1199014,[]
5170,1398846816.1599302,[]
5171,1398846816.159961,[]
5172,1398846816.199918,[]
5173,1398846816.2053463,[]
5174,1398846816.243908,[]
5175,1398846816.2838411,[]
5176,1398846816.2838612,[]
5177,1398846816.3238363,[]
5178,1398846816.3314435,[]
5179,1398846816.3678656,[]
5180,1398846816.4078941,[]
5181,1398846816.4079223,[]
5182,1398846816.4478528,[]
5183,1398846816.4549537,[]
5184,1398846816.4918802,[]
5185,1398846816.531833,[]
5186,1398846816.5318506,[]
5187,1398846816.5718837,[]
5188,1398846816.5805109,[]
5189,1398846816.6199188,[]
5190,1398846816.659959,[]
5191,1398846816.6599793,[]
5192,1398846816.6999147,[]
5193,1398846816.7050936,[]
5194,1398846816.743846,[]
5195,1398846816.7839038,[]
5196,1398846816.7839332,[]
5197,1398846816.8239338,[]
5198,1398846816.8315916,[]
5199,1398846816.8678253,[]
5200,1398846816.9078827,[]
5201,1398846816.9079158,[]
5202,1398846816.9478414,[]
5203,1398846816.9548492,[]
5204,1398846816.9919026,[]
5205,1398846817.0318553,[]
5206,1398846817.031888,[]
5207,1398846817.071881,[]
5208,1398846817.0796113,[]
5209,1398846817.115912,[]
5210,1398846817.155862,[]
5211,1398846817.1558964,[]
5212,1398846817.1958387,[]
5213,1398846817.2049465,[]
5214,1398846817.2438943,[]
5215,1398846817.2838452,[]
5216,1398846817.2838714,[]
5217,1398846817.32393,[]
5218,1398846817.329611,[]
5219,1398846817.3678458,[]
5220,1398846817.4079232,[]
5221,1398846817.4079518,[]
5222,1398846817.4479249,[]
5223,1398846817.4542074,[]
5224,1398846817.4919283,[]
5225,1398846817.5318937,[]
5226,1398846817.5319128,[]
5227,1398846817.5718522,[]
5228,1398846817.580361,[]
5229,1398846817.6198246,[]
5230,1398846817.6598608,[]
5231,1398846817.6598895,[]
5232,1398846817.6998234,[]
5233,1398846817.7041845,[]
5234,1398846817.743843,[]
5235,1398846817.7838569,[]
5236,1398846817.7838898,[]
5237,1398846817.8239112,[]
5238,1398846817.8303456,[]
5239,1398846817.868136,[]
5240,1398846817.9078784,[]
5241,1398846817.907909,[]
5242,1398846817.9479318,[]
5243,1398846817.9543169,[]
5244,1398846817.9919915,[]
5245,1398846818.0318885,[]
5246,1398846818.0319164,[]
5247,1398846818.071875,[]
5248,1398846818.0792084,[]
5249,1398846818.1158605,[]
5250,1398846818.1559265,[]
5251,1398846818.1559553,[]
5252,1398846818.1959155,[]
5253,1398846818.2034206,[]
5254,1398846818.2398417,[]
5255,1398846818.2798414,[]
5256,1398846818.279871,[]
5257,1398846818.3199227,[]
5258,1398846818.3292158,[]
5259,1398846818.367838,[]
5260,1398846818.407861,[]
5261,1398846818.4078906,[]
5262,1398846818.4478307,[]
5263,1398846818.453477,[]
5264,1398846818.4918332,[]
5265,1398846818.5318735,[]
5266,1398846818.5319023,[]
5267,1398846818.5718825,[]
5268,1398846818.5797262,[]
5269,1398846818.6157947,[]
5270,1398846818.6559758,[]
5271,1398846818.6560156,[]
5272,1398846818.695815,[]
5273,1398846818.7043624,[]
5274,1398846818.7438538,[]
5275,1398846818.7837777,[]
5276,1398846818.783796,[]
5277,1398846818.8239334,[]
5278,1398846818.8299973,[]
5279,1398846818.8678224,[]
5280,1398846818.907867,[]
5281,1398846818.9079027,[]
5282,1398846818.947867,[]
5283,1398846818.9534652,[]
5284,1398846818.991851,[]
5285,1398846819.0319152,[]
5286,1398846819.0319457,[]
5287,1398846819.071846,[]
5288,1398846819.0841227,[]
5289,1398846819.1239228,[]
5290,1398846819.1639426,[]
5291,1398846819.1639798,[]
5292,1398846819.2038593,[]
5293,1398846819.2038872,[]
5294,1398846819.24395,[]
5295,1398846819.2544158,[]
5296,1398846819.291841,[]
5297,1398846819.3319337,[]
5298,1398846819.33196,[]
5299,1398846819.3718839,[]
5300,1398846819.3777092,[]
5301,1398846819.4158528,[]
5302,1398846819.4559028,[]
5303,1398846819.455924,[]
5304,1398846819.495913,[]
5305,1398846819.5028398,[]
5306,1398846819.5399442,[]
5307,1398846819.579895,[]
5308,1398846819.579964,[]
5309,1398846819.6198642,[]
5310,1398846819.6285746,[]
5311,1398846819.6678257,[]
5312,1398846819.7078605,[]
5313,1398846819.7078896,[]
5314,1398846819.7478333,[]
5315,1398846819.752717,[]
5316,1398846819.7918837,[]
5317,1398846819.8318753,[]
5318,1398846819.8319006,[]
5319,1398846819.8719795,[]
5320,1398846819.877682,[]
5321,1398846819.9158533,[]
5322,1398846819.9559088,[]
5323,1398846819.9560027,[]
5324,1398846819.9959772,[]
5325,1398846820.0023875,[]
5326,1398846820.0398226,[]
5327,1398846820.0798318,[]
5328,1398846820.0798514,[]
5329,1398846820.119919,[]
5330,1398846820.1277092,[]
5331,1398846820.1638107,[]
5332,1398846820.2038941,[]
5333,1398846820.2039135,[]
5334,1398846820.243847,[]
5335,1398846820.253475,[]
5336,1398846820.2918148,[]
5337,1398846820.3318388,[]
5338,1398846820.3318677,[]
5339,1398846820.3718312,[]
5340,1398846820.3775656,[]
5341,1398846820.4157948,[]
5342,1398846820.4558702,[]
5343,1398846820.4559038,[]
5344,1398846820.495887,[]
5345,1398846820.5030055,[]
5346,1398846820.5398452,[]
5347,1398846820.5798829,[]
5348,1398846820.5799696,[]
5349,1398846820.6198895,[]
5350,1398846820.6289477,[]
5351,1398846820.6678398,[]
5352,1398846820.7079246,[]
5353,1398846820.7079551,[]
5354,1398846820.7478552,[]
5355,1398846820.753688,[]
5356,1398846820.7918687,[]
5357,1398846820.8318582,[]
5358,1398846820.831885,[]
5359,1398846820.8718684,[]
5360,1398846820.87854,[]
5361,1398846820.915863,[]
5362,1398846820.9558818,[]
5363,1398846820.9559138,[]
5364,1398846820.9958847,[]
5365,1398846821.0037296,[]
5366,1398846821.0398662,[]
5367,1398846821.07983,[]
5368,1398846821.0798538,[]
5369,1398846821.1198504,[]
5370,1398846821.1279578,[]
5371,1398846821.1678529,[]
5372,1398846821.2078938,[]
5373,1398846821.2079232,[]
5374,1398846821.24785,[]
5375,1398846821.2528338,[]
5376,1398846821.2918568,[]
5377,1398846821.3318698,[]
5378,1398846821.3319004,[]
5379,1398846821.3718734,[]
5380,1398846821.3773465,[]
5381,1398846821.41586,[]
5382,1398846821.4558485,[]
5383,1398846821.455876,[]
5384,1398846821.49585,[]
5385,1398846821.5020006,[]
5386,1398846821.5398612,[]
5387,1398846821.579886,[]
5388,1398846821.579917,[]
5389,1398846821.6199148,[]
5390,1398846821.6269639,[]
5391,1398846821.6638768,[]
5392,1398846821.7038727,[]
5393,1398846821.7039013,[]
5394,1398846821.7438364,[]
5395,1398846821.751326,[]
5396,1398846821.7878597,[]
5397,1398846821.8278618,[]
5398,1398846821.8278947,[]
5399,1398846821.8678455,[]
5400,1398846821.876586,[]
5401,1398846821.9159064,[]
5402,1398846821.9559717,[]
5403,1398846821.9559999,[]
5404,1398846821.9959018,[]
5405,1398846822.0013494,[]
5406,1398846822.0398667,[]
5407,1398846822.0798705,[]
5408,1398846822.079902,[]
5409,1398846822.1197953,[]
5410,1398846822.128724,[]
5411,1398846822.1678684,[]
5412,1398846822.2078373,[]
5413,1398846822.2078633,[]
5414,1398846822.24789,[]
5415,1398846822.2517123,[]
5416,1398846822.2878182,[]
5417,1398846822.327832,[]
5418,1398846822.3278625,[]
5419,1398846822.3678484,[]
5420,1398846822.3772063,[]
5421,1398846822.4158268,[]
5422,1398846822.4558632,[]
5423,1398846822.4559052,[]
5424,1398846822.4959285,[]
5425,1398846822.501354,[]
5426,1398846822.539893,[]
5427,1398846822.5798304,[]
5428,1398846822.579858,[]
5429,1398846822.6199188,[]
5430,1398846822.626339,[]
5431,1398846822.6638296,[]
5432,1398846822.7038672,[]
5433,1398846822.7038977,[]
5434,1398846822.7438338,[]
5435,1398846822.7509677,[]
5436,1398846822.7918885,[]
5437,1398846822.8318646,[]
5438,1398846822.8318918,[]
5439,1398846822.8718586,[]
5440,1398846822.876173,[]
5441,1398846822.9159467,[]
5442,1398846822.9559078,[]
5443,1398846822.9559364,[]
5444,1398846822.9958932,[]
5445,1398846823.0016549,[]
5446,1398846823.0398672,[]
5447,1398846823.07985,[]
5448,1398846823.1199138,[]
5449,1398846823.1199453,[]
5450,1398846823.1598184,[]
5451,1398846823.1598442,[]
5452,1398846823.1998577,[]
5453,1398846823.201495,[]
5454,1398846823.2398968,[]
5455,1398846823.2798343,[]
5456,1398846823.2798617,[]
5457,1398846823.3199244,[]
5458,1398846823.3260956,[]
5459,1398846823.3638175,[]
5460,1398846823.4038677,[]
5461,1398846823.403899,[]
5462,1398846823.4438717,[]
5463,1398846823.4509873,[]
5464,1398846823.4879246,[]
5465,1398846823.5278788,[]
5466,1398846823.527928,[]
5467,1398846823.5678718,[]
5468,1398846823.5771077,[]
5469,1398846823.6158764,[]
5470,1398846823.6558175,[]
5471,1398846823.6558492,[]
5472,1398846823.6959393,[]
5473,1398846823.700604,[]
5474,1398846823.7398326,[]
5475,1398846823.7798557,[]
5476,1398846823.779887,[]
5477,1398846823.8199146,[]
5478,1398846823.8263443,[]
5479,1398846823.8638513,[]
5480,1398846823.9038286,[]
5481,1398846823.90386,[]
5482,1398846823.9438684,[]
5483,1398846823.950468,[]
5484,1398846823.9880311,[]
5485,1398846824.0279026,[]
5486,1398846824.0279264,[]
5487,1398846824.0678592,[]
5488,1398846824.0780945,[]
5489,1398846824.1158798,[]
5490,1398846824.155877,[]
5491,1398846824.1559033,[]
5492,1398846824.1959093,[]
5493,1398846824.2004094,[]
5494,1398846824.2398798,[]
5495,1398846824.2798502,[]
5496,1398846824.279881,[]
5497,1398846824.3199136,[]
5498,1398846824.3262234,[]
5499,1398846824.363864,[]
5500,1398846824.4038332,[]
5501,1398846824.4038713,[]
5502,1398846824.4439564,[]
5503,1398846824.4503512,[]
5504,1398846824.48785,[]
5505,1398846824.5278382,[]
5506,1398846824.5278656,[]
5507,1398846824.5678968,[]
5508,1398846824.5768497,[]
5509,1398846824.615883,[]
5510,1398846824.6558907,[]
5511,1398846824.6559093,[]
5512,1398846824.6959262,[]
5513,1398846824.7006598,[]
5514,1398846824.7398546,[]
5515,1398846824.779865,[]
5516,1398846824.7798913,[]
5517,1398846824.8199232,[]
5518,1398846824.8259737,[]
5519,1398846824.8638906,[]
5520,1398846824.9038482,[]
5521,1398846824.903883,[]
5522,1398846824.9438057,[]
5523,1398846824.9506376,[]
5524,1398846824.9878423,[]
5525,1398846825.0278256,[]
5526,1398846825.0278563,[]
5527,1398846825.0679512,[]
5528,1398846825.0754318,[]
5529,1398846825.1119366,[]
5530,1398846825.1518815,[]
5531,1398846825.1519082,[]
5532,1398846825.1918452,[]
5533,1398846825.2018826,[]
5534,1398846825.2398853,[]
5535,1398846825.2798748,[]
5536,1398846825.2799044,[]
5537,1398846825.3199155,[]
5538,1398846825.3247118,[]
5539,1398846825.3638678,[]
5540,1398846825.4038248,[]
5541,1398846825.403853,[]
5542,1398846825.4438112,[]
5543,1398846825.449943,[]
5544,1398846825.487825,[]
5545,1398846825.5278277,[]
5546,1398846825.5278606,[]
5547,1398846825.5679138,[]
5548,1398846825.576238,[]
5549,1398846825.6158729,[]
5550,1398846825.655941,[]
5551,1398846825.6559772,[]
5552,1398846825.6959467,[]
5553,1398846825.6997447,[]
5554,1398846825.735874,[]
5555,1398846825.7759,[]
5556,1398846825.775934,[]
5557,1398846825.8159385,[]
5558,1398846825.8252425,[]
5559,1398846825.863878,[]
5560,1398846825.9078624,[]
5561,1398846825.9079256,[]
5562,1398846825.9478035,[]
5563,1398846825.949857,[]
5564,1398846825.9879043,[]
5565,1398846826.0278573,[]
5566,1398846826.027888,[]
5567,1398846826.0679,[]
5568,1398846826.0754857,[]
5569,1398846826.1119094,[]
5570,1398846826.1518078,[]
5571,1398846826.1518307,[]
5572,1398846826.191833,[]
5573,1398846826.1997833,[]
5574,1398846826.235823,[]
5575,1398846826.275829,[]
5576,1398846826.2758584,[]
5577,1398846826.3159935,[]
5578,1398846826.3263888,[]
5579,1398846826.3639345,[]
5580,1398846826.4038804,[]
5581,1398846826.4039135,[]
5582,1398846826.4439495,[]
5583,1398846826.449097,[]
5584,1398846826.4878883,[]
5585,1398846826.5278337,[]
5586,1398846826.52787,[]
5587,1398846826.567905,[]
5588,1398846826.5744717,[]
5589,1398846826.611835,[]
5590,1398846826.6520925,[]
5591,1398846826.652114,[]
5592,1398846826.6918929,[]
5593,1398846826.6995013,[]
5594,1398846826.7358859,[]
5595,1398846826.7758183,[]
5596,1398846826.7758482,[]
5597,1398846826.8158932,[]
5598,1398846826.825457,[]
5599,1398846826.8639176,[]
5600,1398846826.9038217,[]
5601,1398846826.9038393,[]
5602,1398846826.9438603,[]
5603,1398846826.9488833,[]
5604,1398846826.987824,[]
5605,1398846827.0278854,[]
5606,1398846827.027914,[]
5607,1398846827.0678637,[]
5608,1398846827.0749323,[]
5609,1398846827.1118517,[]
5610,1398846827.1518292,[]
5611,1398846827.151845,[]
5612,1398846827.1918495,[]
5613,1398846827.2015047,[]
5614,1398846827.2398732,[]
5615,1398846827.2798345,[]
5616,1398846827.279862,[]
5617,1398846827.3199322,[]
5618,1398846827.3257234,[]
5619,1398846827.3638675,[]
5620,1398846827.403874,[]
5621,1398846827.4039042,[]
5622,1398846827.4439132,[]
5623,1398846827.4508877,[]
5624,1398846827.487894,[]
5625,1398846827.5279007,[]
5626,1398846827.5279362,[]
5627,1398846827.567867,[]
5628,1398846827.575983,[]
5629,1398846827.615837,[]
5630,1398846827.655815,[]
5631,1398846827.6959038,[]
5632,1398846827.6959348,[]
5633,1398846827.7359,[]
5634,1398846827.7359285,[]
5635,1398846827.775898,[]
5636,1398846827.776603,[]
5637,1398846827.8158896,[]
5638,1398846827.855871,[]
5639,1398846827.8559053,[]
5640,1398846827.895923,[]
5641,1398846827.901868,[]
5642,1398846827.9398532,[]
5643,1398846827.979837,[]
5644,1398846827.9798582,[]
5645,1398846828.0199232,[]
5646,1398846828.0270362,[]
5647,1398846828.06387,[]
5648,1398846828.1038342,[]
5649,1398846828.103865,[]
5650,1398846828.1438086,[]
5651,1398846828.1518333,[]
5652,1398846828.1918924,[]
5653,1398846828.2318861,[]
5654,1398846828.2319174,[]
5655,1398846828.27186,[]
5656,1398846828.2769666,[]
5657,1398846828.3158448,[]
5658,1398846828.355847,[]
5659,1398846828.3558755,[]
5660,1398846828.3958118,[]
5661,1398846828.4013667,[]
5662,1398846828.4398618,[]
5663,1398846828.4798772,[]
5664,1398846828.4799109,[]
5665,1398846828.5198686,[]
5666,1398846828.5260825,[]
5667,1398846828.5638895,[]
5668,1398846828.6038616,[]
5669,1398846828.6038938,[]
5670,1398846828.643849,[]
5671,1398846828.6513047,[]
5672,1398846828.6878371,[]
5673,1398846828.7278485,[]
5674,1398846828.7278817,[]
5675,1398846828.767899,[]
5676,1398846828.7756755,[]
5677,1398846828.8118727,[]
5678,1398846828.851824,[]
5679,1398846828.8518505,[]
5680,1398846828.892724,[]
5681,1398846828.9003704,[]
5682,1398846828.9398286,[]
5683,1398846828.9797945,[]
5684,1398846828.979813,[]
5685,1398846829.0198317,[]
5686,1398846829.0256011,[]
5687,1398846829.0638852,[]
5688,1398846829.10391,[]
5689,1398846829.1039505,[]
5690,1398846829.1439033,[]
5691,1398846829.149941,[]
5692,1398846829.1878424,[]
5693,1398846829.227852,[]
5694,1398846829.2278845,[]
5695,1398846829.2679222,[]
5696,1398846829.2747102,[]
5697,1398846829.3118994,[]
5698,1398846829.3518512,[]
5699,1398846829.351884,[]
5700,1398846829.3919103,[]
5701,1398846829.3991807,[]
5702,1398846829.435866,[]
5703,1398846829.4758453,[]
5704,1398846829.4758785,[]
5705,1398846829.5159438,[]
5706,1398846829.5319626,[]
5707,1398846829.5718558,[]
5708,1398846829.6119874,[]
5709,1398846829.6120133,[]
5710,1398846829.6518235,[]
5711,1398846829.6518533,[]
5712,1398846829.691849,[]
5713,1398846829.6979632,[]
5714,1398846829.7358642,[]
5715,1398846829.7758682,[]
5716,1398846829.775899,[]
5717,1398846829.815963,[]
5718,1398846829.8234692,[]
5719,1398846829.8598633,[]
5720,1398846829.8998744,[]
5721,1398846829.899904,[]
5722,1398846829.9398756,[]
5723,1398846829.948101,[]
5724,1398846829.9879704,[]
5725,1398846830.0278478,[]
5726,1398846830.027881,[]
5727,1398846830.0678604,[]
5728,1398846830.0731256,[]
5729,1398846830.111933,[]
5730,1398846830.1518323,[]
5731,1398846830.1518633,[]
5732,1398846830.1918693,[]
5733,1398846830.1965418,[]
5734,1398846830.2358317,[]
5735,1398846830.2758493,[]
5736,1398846830.2758782,[]
5737,1398846830.315839,[]
5738,1398846830.3228436,[]
5739,1398846830.3598661,[]
5740,1398846830.3998346,[]
5741,1398846830.3998635,[]
5742,1398846830.439902,[]
5743,1398846830.44688,[]
5744,1398846830.4838643,[]
5745,1398846830.5238898,[]
5746,1398846830.5239186,[]
5747,1398846830.5638814,[]
5748,1398846830.5721536,[]
5749,1398846830.6118515,[]
5750,1398846830.6519308,[]
5751,1398846830.6519656,[]
5752,1398846830.6918938,[]
5753,1398846830.6967142,[]
5754,1398846830.7358975,[]
5755,1398846830.775897,[]
5756,1398846830.7759266,[]
5757,1398846830.8158453,[]
5758,1398846830.8216572,[]
5759,1398846830.8598714,[]
5760,1398846830.8999236,[]
5761,1398846830.8999617,[]
5762,1398846830.9398112,[]
5763,1398846830.946594,[]
5764,1398846830.9838722,[]
5765,1398846831.0238528,[]
5766,1398846831.0238829,[]
5767,1398846831.0638812,[]
5768,1398846831.071411,[]
5769,1398846831.1079428,[]
5770,1398846831.1478362,[]
5771,1398846831.147869,[]
5772,1398846831.1878855,[]
5773,1398846831.1962185,[]
5774,1398846831.2359018,[]
5775,1398846831.275837,[]
5776,1398846831.2758698,[]
5777,1398846831.3159142,[]
5778,1398846831.3273973,[]
5779,1398846831.3638082,[]
5780,1398846831.4038877,[]
5781,1398846831.403966,[]
5782,1398846831.4438481,[]
5783,1398846831.4453871,[]
5784,1398846831.483836,[]
5785,1398846831.523851,[]
5786,1398846831.5238726,[]
5787,1398846831.5638576,[]
5788,1398846831.5704446,[]
5789,1398846831.6078756,[]
5790,1398846831.6479223,[]
5791,1398846831.647992,[]
5792,1398846831.6878767,[]
5793,1398846831.6958725,[]
5794,1398846831.7358506,[]
5795,1398846831.7758424,[]
5796,1398846831.7758732,[]
5797,1398846831.8159063,[]
5798,1398846831.8207438,[]
5799,1398846831.8598778,[]
5800,1398846831.8999197,[]
5801,1398846831.8999527,[]
5802,1398846831.9398594,[]
5803,1398846831.9452715,[]
5804,1398846831.9839306,[]
5805,1398846832.0238888,[]
5806,1398846832.0239136,[]
5807,1398846832.0638816,[]
5808,1398846832.0712452,[]
5809,1398846832.108006,[]
5810,1398846832.147865,[]
5811,1398846832.1478949,[]
5812,1398846832.1878579,[]
5813,1398846832.1958954,[]
5814,1398846832.2358162,[]
5815,1398846832.2758617,[]
5816,1398846832.27589,[]
5817,1398846832.315837,[]
5818,1398846832.3206158,[]
5819,1398846832.3598099,[]
5820,1398846832.3997948,[]
5821,1398846832.3998098,[]
5822,1398846832.439969,[]
5823,1398846832.445258,[]
5824,1398846832.4838922,[]
5825,1398846832.5238569,[]
5826,1398846832.5238798,[]
5827,1398846832.5638783,[]
5828,1398846832.5703719,[]
5829,1398846832.608011,[]
5830,1398846832.6478434,[]
5831,1398846832.6478684,[]
5832,1398846832.6878383,[]
5833,1398846832.6952386,[]
5834,1398846832.7318413,[]
5835,1398846832.7719352,[]
5836,1398846832.77196,[]
5837,1398846832.8118339,[]
5838,1398846832.8202791,[]
5839,1398846832.8597713,[]
5840,1398846832.8999114,[]
5841,1398846832.8999362,[]
5842,1398846832.9399588,[]
5843,1398846832.9453213,[]
5844,1398846832.9838388,[]
5845,1398846833.0238726,[]
5846,1398846833.0239024,[]
5847,1398846833.0638318,[]
5848,1398846833.0700278,[]
5849,1398846833.1078966,[]
5850,1398846833.1478262,[]
5851,1398846833.1478567,[]
5852,1398846833.1878428,[]
5853,1398846833.1951697,[]
5854,1398846833.2318761,[]
5855,1398846833.2718916,[]
5856,1398846833.271935,[]
5857,1398846833.3118644,[]
5858,1398846833.3197653,[]
5859,1398846833.355874,[]
5860,1398846833.3958614,[]
5861,1398846833.3958886,[]
5862,1398846833.4359164,[]
5863,1398846833.4449253,[]
5864,1398846833.4838185,[]
5865,1398846833.5239022,[]
5866,1398846833.5239205,[]
5867,1398846833.5638752,[]
5868,1398846833.5702064,[]
5869,1398846833.6079469,[]
5870,1398846833.647941,[]
5871,1398846833.6479738,[]
5872,1398846833.6879637,[]
5873,1398846833.695462,[]
5874,1398846833.7318127,[]
5875,1398846833.7719166,[]
5876,1398846833.7719631,[]
5877,1398846833.8118985,[]
5878,1398846833.820256,[]
5879,1398846833.8598385,[]
5880,1398846833.8998454,[]
5881,1398846833.8998837,[]
5882,1398846833.9399083,[]
5883,1398846833.9457128,[]
5884,1398846833.9838667,[]
5885,1398846834.0239108,[]
5886,1398846834.0239441,[]
5887,1398846834.0638745,[]
5888,1398846834.0696952,[]
5889,1398846834.1079075,[]
5890,1398846834.147867,[]
5891,1398846834.1478958,[]
5892,1398846834.1878614,[]
5893,1398846834.1940422,[]
5894,1398846834.231833,[]
5895,1398846834.2718873,[]
5896,1398846834.2719154,[]
5897,1398846834.3118923,[]
5898,1398846834.3198497,[]
5899,1398846834.359816,[]
5900,1398846834.3998666,[]
5901,1398846834.3999016,[]
5902,1398846834.4398656,[]
5903,1398846834.4444997,[]
5904,1398846834.4838405,[]
5905,1398846834.5238416,[]
5906,1398846834.5238729,[]
5907,1398846834.5638683,[]
5908,1398846834.5695925,[]
5909,1398846834.6078684,[]
5910,1398846834.6478539,[]
5911,1398846834.6478844,[]
5912,1398846834.687896,[]
5913,1398846834.6945925,[]
5914,1398846834.731872,[]
5915,1398846834.771852,[]
5916,1398846834.7718797,[]
5917,1398846834.8119292,[]
5918,1398846834.8194692,[]
5919,1398846834.8558602,[]
5920,1398846834.895857,[]
5921,1398846834.8959107,[]
5922,1398846834.9358928,[]
5923,1398846834.944725,[]
5924,1398846834.983827,[]
5925,1398846835.0238583,[]
5926,1398846835.0238905,[]
5927,1398846835.0638707,[]
5928,1398846835.0687027,[]
5929,1398846835.1078758,[]
5930,1398846835.1478822,[]
5931,1398846835.1479309,[]
5932,1398846835.1878808,[]
5933,1398846835.1944475,[]
5934,1398846835.231901,[]
5935,1398846835.2718346,[]
5936,1398846835.2718637,[]
5937,1398846835.3118465,[]
5938,1398846835.3179986,[]
5939,1398846835.355827,[]
5940,1398846835.395866,[]
5941,1398846835.3958952,[]
5942,1398846835.4358773,[]
5943,1398846835.444467,[]
5944,1398846835.4838989,[]
5945,1398846835.523836,[]
5946,1398846835.5238676,[]
5947,1398846835.5638895,[]
5948,1398846835.5678601,[]
5949,1398846835.6078658,[]
5950,1398846835.6478817,[]
5951,1398846835.647913,[]
5952,1398846835.687798,[]
5953,1398846835.6939626,[]
5954,1398846835.7318735,[]
5955,1398846835.7718565,[]
5956,1398846835.7718775,[]
5957,1398846835.8118572,[]
5958,1398846835.8183453,[]
5959,1398846835.8558881,[]
5960,1398846835.895909,[]
5961,1398846835.8959436,[]
5962,1398846835.9358528,[]
5963,1398846835.94397,[]
5964,1398846835.9839091,[]
5965,1398846836.023848,[]
5966,1398846836.0238812,[]
5967,1398846836.0638885,[]
5968,1398846836.0683408,[]
5969,1398846836.1078432,[]
5970,1398846836.147865,[]
5971,1398846836.1478953,[]
5972,1398846836.1878712,[]
5973,1398846836.1930745,[]
5974,1398846836.231868,[]
5975,1398846836.2719316,[]
5976,1398846836.2719612,[]
5977,1398846836.3118818,[]
5978,1398846836.3185925,[]
5979,1398846836.3559291,[]
5980,1398846836.3958795,[]
5981,1398846836.3959131,[]
5982,1398846836.4372995,[]
5983,1398846836.4432547,[]
5984,1398846836.479877,[]
5985,1398846836.5199077,[]
5986,1398846836.519937,[]
5987,1398846836.5598667,[]
5988,1398846836.567947,[]
5989,1398846836.6078548,[]
5990,1398846836.6478996,[]
5991,1398846836.6479232,[]
5992,1398846836.6879277,[]
5993,1398846836.6933572,[]
5994,1398846836.7318485,[]
5995,1398846836.7718878,[]
5996,1398846836.7719164,[]
5997,1398846836.8118756,[]
5998,1398846836.8174493,[]
5999,1398846836.855852,[]
6000,1398846836.8958786,[]
6001,1398846836.8959143,[]
6002,1398846836.9358523,[]
6003,1398846836.9448698,[]
6004,1398846836.983848,[]
6005,1398846837.0238671,[]
6006,1398846837.0238976,[]
6007,1398846837.063903,[]
6008,1398846837.0677292,[]
6009,1398846837.1039283,[]
6010,1398846837.143844,[]
6011,1398846837.1838799,[]
6012,1398846837.1839128,[]
6013,1398846837.2238998,[]
6014,1398846837.2239335,[]
6015,1398846837.263821,[]
6016,1398846837.267595,[]
6017,1398846837.3038206,[]
6018,1398846837.343859,[]
6019,1398846837.3438928,[]
6020,1398846837.383935,[]
6021,1398846837.3935907,[]
6022,1398846837.4318597,[]
6023,1398846837.4718997,[]
6024,1398846837.4719296,[]
6025,1398846837.5118995,[]
6026,1398846837.5176928,[]
6027,1398846837.5558617,[]
6028,1398846837.595921,[]
6029,1398846837.5959525,[]
6030,1398846837.6358721,[]
6031,1398846837.6426332,[]
6032,1398846837.679843,[]
6033,1398846837.7198327,[]
6034,1398846837.759918,[]
6035,1398846837.7599502,[]
6036,1398846837.7998374,[]
6037,1398846837.799917,[]
6038,1398846837.8398464,[]
6039,1398846837.842223,[]
6040,1398846837.8799078,[]
6041,1398846837.919966,[]
6042,1398846837.9200473,[]
6043,1398846837.959846,[]
6044,1398846837.9720657,[]
6045,1398846838.0119023,[]
6046,1398846838.051892,[]
6047,1398846838.0519247,[]
6048,1398846838.091875,[]
6049,1398846838.0919063,[]
6050,1398846838.1319497,[]
6051,1398846838.141349,[]
6052,1398846838.1799233,[]
6053,1398846838.2198527,[]
6054,1398846838.2198808,[]
6055,1398846838.2598555,[]
6056,1398846838.2671022,[]
6057,1398846838.3038278,[]
6058,1398846838.343858,[]
6059,1398846838.3438878,[]
6060,1398846838.3839092,[]
6061,1398846838.3924663,[]
6062,1398846838.4319057,[]
6063,1398846838.4718385,[]
6064,1398846838.471871,[]
6065,1398846838.511855,[]
6066,1398846838.5167143,[]
6067,1398846838.5559046,[]
6068,1398846838.5959034,[]
6069,1398846838.5959313,[]
6070,1398846838.635855,[]
6071,1398846838.6410575,[]
6072,1398846838.6798482,[]
6073,1398846838.719871,[]
6074,1398846838.719903,[]
6075,1398846838.7599096,[]
6076,1398846838.7663937,[]
6077,1398846838.8038778,[]
6078,1398846838.84386,[]
6079,1398846838.8839843,[]
6080,1398846838.884029,[]
6081,1398846838.9238176,[]
6082,1398846838.9238367,[]
6083,1398846838.9638588,[]
6084,1398846838.9662569,[]
6085,1398846839.0038345,[]
6086,1398846839.0437994,[]
6087,1398846839.0438302,[]
6088,1398846839.0839024,[]
6089,1398846839.091775,[]
6090,1398846839.1278853,[]
6091,1398846839.1677735,[]
6092,1398846839.1677964,[]
6093,1398846839.2079222,[]
6094,1398846839.217103,[]
6095,1398846839.2558398,[]
6096,1398846839.2958372,[]
6097,1398846839.2958674,[]
6098,1398846839.33588,[]
6099,1398846839.3400955,[]
6100,1398846839.3799596,[]
6101,1398846839.4198642,[]
6102,1398846839.4198942,[]
6103,1398846839.459895,[]
6104,1398846839.4654715,[]
6105,1398846839.5038745,[]
6106,1398846839.5438724,[]
6107,1398846839.543901,[]
6108,1398846839.5839245,[]
6109,1398846839.5910997,[]
6110,1398846839.6278088,[]
6111,1398846839.667845,[]
6112,1398846839.667862,[]
6113,1398846839.7078755,[]
6114,1398846839.7153354,[]
6115,1398846839.7519293,[]
6116,1398846839.791944,[]
6117,1398846839.7919712,[]
6118,1398846839.8318954,[]
6119,1398846839.840394,[]
6120,1398846839.8798368,[]
6121,1398846839.919839,[]
6122,1398846839.919866,[]
6123,1398846839.9598753,[]
6124,1398846839.968368,[]
6125,1398846840.0078695,[]
6126,1398846840.0478704,[]
6127,1398846840.0478988,[]
6128,1398846840.0879047,[]
6129,1398846840.0901732,[]
6130,1398846840.1278644,[]
6131,1398846840.1678884,[]
6132,1398846840.1679122,[]
6133,1398846840.207987,[]
6134,1398846840.2156627,[]
6135,1398846840.2518961,[]
6136,1398846840.2919443,[]
6137,1398846840.2919736,[]
6138,1398846840.3319368,[]
6139,1398846840.3399563,[]
6140,1398846840.379872,[]
6141,1398846840.4198394,[]
6142,1398846840.4198675,[]
6143,1398846840.459921,[]
6144,1398846840.4651427,[]
6145,1398846840.5038822,[]
6146,1398846840.5438697,[]
6147,1398846840.5439034,[]
6148,1398846840.5838776,[]
6149,1398846840.5909736,[]
6150,1398846840.6278477,[]
6151,1398846840.6678946,[]
6152,1398846840.6679294,[]
6153,1398846840.7081006,[]
6154,1398846840.7151647,[]
6155,1398846840.7518995,[]
6156,1398846840.7918136,[]
6157,1398846840.791827,[]
6158,1398846840.8319125,[]
6159,1398846840.8402114,[]
6160,1398846840.879948,[]
6161,1398846840.9198713,[]
6162,1398846840.9199026,[]
6163,1398846840.9599006,[]
6164,1398846840.9653184,[]
6165,1398846841.0038893,[]
6166,1398846841.0438197,[]
6167,1398846841.043856,[]
6168,1398846841.083924,[]
6169,1398846841.0900178,[]
6170,1398846841.1278608,[]
6171,1398846841.1679068,[]
6172,1398846841.1679368,[]
6173,1398846841.2078578,[]
6174,1398846841.2142766,[]
6175,1398846841.2518675,[]
6176,1398846841.291826,[]
6177,1398846841.2918556,[]
6178,1398846841.3319342,[]
6179,1398846841.339992,[]
6180,1398846841.3799026,[]
6181,1398846841.4198663,[]
6182,1398846841.4198942,[]
6183,1398846841.4598894,[]
6184,1398846841.46524,[]
6185,1398846841.503887,[]
6186,1398846841.5438516,[]
6187,1398846841.5438826,[]
6188,1398846841.5839121,[]
6189,1398846841.5889761,[]
6190,1398846841.6278944,[]
6191,1398846841.667854,[]
6192,1398846841.6678789,[]
6193,1398846841.7079694,[]
6194,1398846841.7141256,[]
6195,1398846841.7518258,[]
6196,1398846841.791869,[]
6197,1398846841.7919018,[]
6198,1398846841.8318825,[]
6199,1398846841.8394148,[]
6200,1398846841.8758461,[]
6201,1398846841.915874,[]
6202,1398846841.9159012,[]
6203,1398846841.9559028,[]
6204,1398846841.9640589,[]
6205,1398846842.0038466,[]
6206,1398846842.0438719,[]
6207,1398846842.043903,[]
6208,1398846842.0838993,[]
6209,1398846842.0893526,[]
6210,1398846842.1279578,[]
6211,1398846842.1678574,[]
6212,1398846842.1678843,[]
6213,1398846842.2078674,[]
6214,1398846842.2140315,[]
6215,1398846842.2518876,[]
6216,1398846842.2918642,[]
6217,1398846842.2919521,[]
6218,1398846842.331916,[]
6219,1398846842.3383307,[]
6220,1398846842.3758667,[]
6221,1398846842.4158382,[]
6222,1398846842.4159138,[]
6223,1398846842.4557931,[]
6224,1398846842.4630902,[]
6225,1398846842.4998806,[]
6226,1398846842.5398734,[]
6227,1398846842.539908,[]
6228,1398846842.5798533,[]
6229,1398846842.5874853,[]
6230,1398846842.623876,[]
6231,1398846842.6637945,[]
6232,1398846842.6638167,[]
6233,1398846842.7038996,[]
6234,1398846842.713371,[]
6235,1398846842.751848,[]
6236,1398846842.7918081,[]
6237,1398846842.7918386,[]
6238,1398846842.8318474,[]
6239,1398846842.8381135,[]
6240,1398846842.875926,[]
6241,1398846842.915831,[]
6242,1398846842.9158652,[]
6243,1398846842.955873,[]
6244,1398846842.9633029,[]
6245,1398846842.9998662,[]
6246,1398846843.0398748,[]
6247,1398846843.0399072,[]
6248,1398846843.079878,[]
6249,1398846843.087719,[]
6250,1398846843.1238773,[]
6251,1398846843.1638684,[]
6252,1398846843.1638937,[]
6253,1398846843.20388,[]
6254,1398846843.212623,[]
6255,1398846843.2518265,[]
6256,1398846843.2918584,[]
6257,1398846843.2918866,[]
6258,1398846843.331884,[]
6259,1398846843.3376238,[]
6260,1398846843.375871,[]
6261,1398846843.4158816,[]
6262,1398846843.4159138,[]
6263,1398846843.45582,[]
6264,1398846843.4624803,[]
6265,1398846843.499879,[]
6266,1398846843.539856,[]
6267,1398846843.5399272,[]
6268,1398846843.5799441,[]
6269,1398846843.5875611,[]
6270,1398846843.623883,[]
6271,1398846843.6638591,[]
6272,1398846843.6638947,[]
6273,1398846843.70394,[]
6274,1398846843.7127197,[]
6275,1398846843.7518492,[]
6276,1398846843.7918189,[]
6277,1398846843.7918496,[]
6278,1398846843.8319256,[]
6279,1398846843.8379707,[]
6280,1398846843.8758686,[]
6281,1398846843.915845,[]
6282,1398846843.9158776,[]
6283,1398846843.9558928,[]
6284,1398846843.9627538,[]
6285,1398846843.9998784,[]
6286,1398846844.0398598,[]
6287,1398846844.0398905,[]
6288,1398846844.0798085,[]
6289,1398846844.0882077,[]
6290,1398846844.1278968,[]
6291,1398846844.1678607,[]
6292,1398846844.1678913,[]
6293,1398846844.2079473,[]
6294,1398846844.2132878,[]
6295,1398846844.251887,[]
6296,1398846844.2919176,[]
6297,1398846844.291955,[]
6298,1398846844.3319185,[]
6299,1398846844.338984,[]
6300,1398846844.3758416,[]
6301,1398846844.4158928,[]
6302,1398846844.4159236,[]
6303,1398846844.4560008,[]
6304,1398846844.4636395,[]
6305,1398846844.4998887,[]
6306,1398846844.5398612,[]
6307,1398846844.539892,[]
6308,1398846844.5799215,[]
6309,1398846844.58897,[]
6310,1398846844.6278906,[]
6311,1398846844.6678593,[]
6312,1398846844.66789,[]
6313,1398846844.7079554,[]
6314,1398846844.714221,[]
6315,1398846844.7518995,[]
6316,1398846844.791909,[]
6317,1398846844.791937,[]
6318,1398846844.8318787,[]
6319,1398846844.8387046,[]
6320,1398846844.8759181,[]
6321,1398846844.915836,[]
6322,1398846844.915868,[]
6323,1398846844.9558897,[]
6324,1398846844.9632192,[]
6325,1398846844.9998968,[]
6326,1398846845.0398984,[]
6327,1398846845.039928,[]
6328,1398846845.0798566,[]
6329,1398846845.0893269,[]
6330,1398846845.1279204,[]
6331,1398846845.167868,[]
6332,1398846845.167896,[]
6333,1398846845.2077906,[]
6334,1398846845.212855,[]
6335,1398846845.2518766,[]
6336,1398846845.2918732,[]
6337,1398846845.2919002,[]
6338,1398846845.3319495,[]
6339,1398846845.3371112,[]
6340,1398846845.375801,[]
6341,1398846845.415911,[]
6342,1398846845.4159408,[]
6343,1398846845.4558604,[]
6344,1398846845.4623537,[]
6345,1398846845.4998717,[]
6346,1398846845.539906,[]
6347,1398846845.5399327,[]
6348,1398846845.579883,[]
6349,1398846845.5875568,[]
6350,1398846845.6238604,[]
6351,1398846845.6638734,[]
6352,1398846845.6639032,[]
6353,1398846845.7039092,[]
6354,1398846845.7114685,[]
6355,1398846845.7478833,[]
6356,1398846845.787872,[]
6357,1398846845.7879033,[]
6358,1398846845.8278618,[]
6359,1398846845.8364773,[]
6360,1398846845.875793,[]
6361,1398846845.9158597,[]
6362,1398846845.9159124,[]
6363,1398846845.9559102,[]
6364,1398846845.9611118,[]
6365,1398846845.999937,[]
6366,1398846846.0399218,[]
6367,1398846846.0399559,[]
6368,1398846846.0798647,[]
6369,1398846846.0860474,[]
6370,1398846846.123918,[]
6371,1398846846.163863,[]
6372,1398846846.163894,[]
6373,1398846846.2039983,[]
6374,1398846846.210353,[]
6375,1398846846.2478056,[]
6376,1398846846.2878594,[]
6377,1398846846.2878916,[]
6378,1398846846.3279412,[]
6379,1398846846.3358452,[]
6380,1398846846.3758466,[]
6381,1398846846.415926,[]
6382,1398846846.4558702,[]
6383,1398846846.4559019,[]
6384,1398846846.4959526,[]
6385,1398846846.4959836,[]
6386,1398846846.5358849,[]
6387,1398846846.5359144,[]
6388,1398846846.575839,[]
6389,1398846846.5854785,[]
6390,1398846846.623879,[]
6391,1398846846.663784,[]
6392,1398846846.6637967,[]
6393,1398846846.7039077,[]
6394,1398846846.7099795,[]
6395,1398846846.7478456,[]
6396,1398846846.7879162,[]
6397,1398846846.7879488,[]
6398,1398846846.8279116,[]
6399,1398846846.834194,[]
6400,1398846846.871854,[]
6401,1398846846.9118915,[]
6402,1398846846.9119258,[]
6403,1398846846.9520004,[]
6404,1398846846.9584317,[]
6405,1398846846.9958558,[]
6406,1398846847.0358686,[]
6407,1398846847.0358992,[]
6408,1398846847.0758352,[]
6409,1398846847.0831761,[]
6410,1398846847.1199996,[]
6411,1398846847.1598637,[]
6412,1398846847.1598978,[]
6413,1398846847.1998599,[]
6414,1398846847.2090292,[]
6415,1398846847.2478657,[]
6416,1398846847.2879035,[]
6417,1398846847.2879336,[]
6418,1398846847.3280144,[]
6419,1398846847.3340032,[]
6420,1398846847.371855,[]
6421,1398846847.4119205,[]
6422,1398846847.4119506,[]
6423,1398846847.4518628,[]
6424,1398846847.458362,[]
6425,1398846847.495863,[]
6426,1398846847.535866,[]
6427,1398846847.5359027,[]
6428,1398846847.575859,[]
6429,1398846847.5828187,[]
6430,1398846847.619844,[]
6431,1398846847.6598547,[]
6432,1398846847.6598902,[]
6433,1398846847.6998498,[]
6434,1398846847.7084575,[]
6435,1398846847.7478592,[]
6436,1398846847.78788,[]
6437,1398846847.7879138,[]
6438,1398846847.8278604,[]
6439,1398846847.8323553,[]
6440,1398846847.871907,[]
6441,1398846847.9118707,[]
6442,1398846847.911902,[]
6443,1398846847.9518504,[]
6444,1398846847.9577305,[]
6445,1398846847.9959245,[]
6446,1398846848.0358632,[]
6447,1398846848.035894,[]
6448,1398846848.0758524,[]
6449,1398846848.0824163,[]
6450,1398846848.1198304,[]
6451,1398846848.1598287,[]
6452,1398846848.15986,[]
6453,1398846848.1999009,[]
6454,1398846848.2077892,[]
6455,1398846848.243923,[]
6456,1398846848.283895,[]
6457,1398846848.283923,[]
6458,1398846848.3239264,[]
6459,1398846848.333225,[]
6460,1398846848.371889,[]
6461,1398846848.4119022,[]
6462,1398846848.451878,[]
6463,1398846848.451908,[]
6464,1398846848.4918656,[]
6465,1398846848.491888,[]
6466,1398846848.5318687,[]
6467,1398846848.5320864,[]
6468,1398846848.5718565,[]
6469,1398846848.611891,[]
6470,1398846848.6119497,[]
6471,1398846848.6519003,[]
6472,1398846848.656619,[]
6473,1398846848.6958013,[]
6474,1398846848.7358778,[]
6475,1398846848.735909,[]
6476,1398846848.7758188,[]
6477,1398846848.7819748,[]
6478,1398846848.8198469,[]
6479,1398846848.8598592,[]
6480,1398846848.8598938,[]
6481,1398846848.8999074,[]
6482,1398846848.906328,[]
6483,1398846848.9438496,[]
6484,1398846848.9838936,[]
6485,1398846848.9839242,[]
6486,1398846849.0238523,[]
6487,1398846849.0319686,[]
6488,1398846849.0718403,[]
6489,1398846849.1119413,[]
6490,1398846849.1119754,[]
6491,1398846849.1519632,[]
6492,1398846849.1575842,[]
6493,1398846849.1958845,[]
6494,1398846849.2359104,[]
6495,1398846849.2359402,[]
6496,1398846849.2758305,[]
6497,1398846849.2812269,[]
6498,1398846849.3198912,[]
6499,1398846849.3597727,[]
6500,1398846849.3597996,[]
6501,1398846849.3998199,[]
6502,1398846849.4062307,[]
6503,1398846849.443868,[]
6504,1398846849.483835,[]
6505,1398846849.4838665,[]
6506,1398846849.5238755,[]
6507,1398846849.5312288,[]
6508,1398846849.5678673,[]
6509,1398846849.6078634,[]
6510,1398846849.6078932,[]
6511,1398846849.6478674,[]
6512,1398846849.656216,[]
6513,1398846849.6958468,[]
6514,1398846849.7359009,[]
6515,1398846849.7359285,[]
6516,1398846849.7759979,[]
6517,1398846849.781035,[]
6518,1398846849.8198488,[]
6519,1398846849.8598647,[]
6520,1398846849.8598979,[]
6521,1398846849.8998578,[]
6522,1398846849.9053195,[]
6523,1398846849.9438095,[]
6524,1398846849.9839053,[]
6525,1398846849.9839401,[]
6526,1398846850.023864,[]
6527,1398846850.0310986,[]
6528,1398846850.067879,[]
6529,1398846850.1079223,[]
6530,1398846850.107953,[]
6531,1398846850.1478636,[]
6532,1398846850.155247,[]
6533,1398846850.191889,[]
6534,1398846850.2319434,[]
6535,1398846850.231978,[]
6536,1398846850.271861,[]
6537,1398846850.2803154,[]
6538,1398846850.3198647,[]
6539,1398846850.359882,[]
6540,1398846850.3599124,[]
6541,1398846850.3998525,[]
6542,1398846850.4052386,[]
6543,1398846850.4438705,[]
6544,1398846850.4838543,[]
6545,1398846850.4838827,[]
6546,1398846850.523903,[]
6547,1398846850.5299609,[]
6548,1398846850.5678527,[]
6549,1398846850.6079507,[]
6550,1398846850.6079872,[]
6551,1398846850.6478548,[]
6552,1398846850.6543906,[]
6553,1398846850.6919143,[]
6554,1398846850.7318497,[]
6555,1398846850.731875,[]
6556,1398846850.7718809,[]
6557,1398846850.7794776,[]
6558,1398846850.8159304,[]
6559,1398846850.8558474,[]
6560,1398846850.8558784,[]
6561,1398846850.8958611,[]
6562,1398846850.9045699,[]
6563,1398846850.9438453,[]
6564,1398846850.9838476,[]
6565,1398846850.9838767,[]
6566,1398846851.0238726,[]
6567,1398846851.0295985,[]
6568,1398846851.0678468,[]
6569,1398846851.1078901,[]
6570,1398846851.107931,[]
6571,1398846851.1478772,[]
6572,1398846851.154269,[]
6573,1398846851.1918004,[]
6574,1398846851.231868,[]
6575,1398846851.2318976,[]
6576,1398846851.2718728,[]
6577,1398846851.2789633,[]
6578,1398846851.3159235,[]
6579,1398846851.3558466,[]
6580,1398846851.3558776,[]
6581,1398846851.3958604,[]
6582,1398846851.4041972,[]
6583,1398846851.4438593,[]
6584,1398846851.4838629,[]
6585,1398846851.4838915,[]
6586,1398846851.5238786,[]
6587,1398846851.5288444,[]
6588,1398846851.5678709,[]
6589,1398846851.6078765,[]
6590,1398846851.6079078,[]
6591,1398846851.647878,[]
6592,1398846851.653346,[]
6593,1398846851.6918662,[]
6594,1398846851.7319045,[]
6595,1398846851.731935,[]
6596,1398846851.7718544,[]
6597,1398846851.7789617,[]
6598,1398846851.815872,[]
6599,1398846851.8558588,[]
6600,1398846851.8558917,[]
6601,1398846851.895863,[]
6602,1398846851.903607,[]
6603,1398846851.9398966,[]
6604,1398846851.9798555,[]
6605,1398846851.9798696,[]
6606,1398846852.0198622,[]
6607,1398846852.0289557,[]
6608,1398846852.0677986,[]
6609,1398846852.107906,[]
6610,1398846852.1079378,[]
6611,1398846852.1479,[]
6612,1398846852.153145,[]
6613,1398846852.191871,[]
6614,1398846852.2318926,[]
6615,1398846852.2319274,[]
6616,1398846852.27184,[]
6617,1398846852.2785895,[]
6618,1398846852.3158817,[]
6619,1398846852.3558502,[]
6620,1398846852.3558788,[]
6621,1398846852.3958564,[]
6622,1398846852.4033308,[]
6623,1398846852.4398863,[]
6624,1398846852.4798346,[]
6625,1398846852.4798677,[]
6626,1398846852.5198815,[]
6627,1398846852.528139,[]
6628,1398846852.5678258,[]
6629,1398846852.6078725,[]
6630,1398846852.6079087,[]
6631,1398846852.647893,[]
6632,1398846852.652332,[]
6633,1398846852.691807,[]
6634,1398846852.731885,[]
6635,1398846852.7319157,[]
6636,1398846852.7719429,[]
6637,1398846852.7775853,[]
6638,1398846852.8158433,[]
6639,1398846852.8558745,[]
6640,1398846852.8559027,[]
6641,1398846852.8959713,[]
6642,1398846852.902488,[]
6643,1398846852.93984,[]
6644,1398846852.9798799,[]
6645,1398846852.9799116,[]
6646,1398846853.0199301,[]
6647,1398846853.0279136,[]
6648,1398846853.0678756,[]
6649,1398846853.1078763,[]
6650,1398846853.1079154,[]
6651,1398846853.1478717,[]
6652,1398846853.1524677,[]
6653,1398846853.191833,[]
6654,1398846853.2319047,[]
6655,1398846853.2319357,[]
6656,1398846853.2720203,[]
6657,1398846853.2773573,[]
6658,1398846853.315909,[]
6659,1398846853.3558867,[]
6660,1398846853.3559167,[]
6661,1398846853.3958852,[]
6662,1398846853.4017355,[]
6663,1398846853.4398737,[]
6664,1398846853.479863,[]
6665,1398846853.479897,[]
6666,1398846853.5199304,[]
6667,1398846853.5265622,[]
6668,1398846853.563876,[]
6669,1398846853.6038854,[]
6670,1398846853.6039164,[]
6671,1398846853.6438854,[]
6672,1398846853.6518614,[]
6673,1398846853.6918485,[]
6674,1398846853.7319036,[]
6675,1398846853.7319345,[]
6676,1398846853.7719538,[]
6677,1398846853.7763767,[]
6678,1398846853.815897,[]
6679,1398846853.855863,[]
6680,1398846853.855895,[]
6681,1398846853.8959022,[]
6682,1398846853.902984,[]
6683,1398846853.9438112,[]
6684,1398846853.9849741,[]
6685,1398846853.985012,[]
6686,1398846854.023895,[]
6687,1398846854.0262098,[]
6688,1398846854.0638723,[]
6689,1398846854.103916,[]
6690,1398846854.1039453,[]
6691,1398846854.1438782,[]
6692,1398846854.1516125,[]
6693,1398846854.1878574,[]
6694,1398846854.228069,[]
6695,1398846854.2281067,[]
6696,1398846854.2678676,[]
6697,1398846854.2760081,[]
6698,1398846854.3158436,[]
6699,1398846854.3558838,[]
6700,1398846854.3559601,[]
6701,1398846854.3958893,[]
6702,1398846854.40187,[]
6703,1398846854.4398932,[]
6704,1398846854.4798896,[]
6705,1398846854.4799256,[]
6706,1398846854.5198557,[]
6707,1398846854.5263522,[]
6708,1398846854.5638685,[]
6709,1398846854.6038573,[]
6710,1398846854.6038902,[]
6711,1398846854.6438668,[]
6712,1398846854.6505358,[]
6713,1398846854.6878583,[]
6714,1398846854.7278402,[]
6715,1398846854.727856,[]
6716,1398846854.7679505,[]
6717,1398846854.7758565,[]
6718,1398846854.815875,[]
6719,1398846854.8558538,[]
6720,1398846854.8558824,[]
6721,1398846854.8959203,[]
6722,1398846854.9010112,[]
6723,1398846854.9398417,[]
6724,1398846854.9798868,[]
6725,1398846854.9799185,[]
6726,1398846855.0199077,[]
6727,1398846855.026114,[]
6728,1398846855.0638943,[]
6729,1398846855.1039484,[]
6730,1398846855.1039875,[]
6731,1398846855.143916,[]
6732,1398846855.150356,[]
6733,1398846855.1878242,[]
6734,1398846855.2278578,[]
6735,1398846855.227889,[]
6736,1398846855.2679186,[]
6737,1398846855.2760198,[]
6738,1398846855.3158917,[]
6739,1398846855.355877,[]
6740,1398846855.3558972,[]
6741,1398846855.3958774,[]
6742,1398846855.3999631,[]
6743,1398846855.4398637,[]
6744,1398846855.4797902,[]
6745,1398846855.4798152,[]
6746,1398846855.5199227,[]
6747,1398846855.524945,[]
6748,1398846855.5638874,[]
6749,1398846855.6038947,[]
6750,1398846855.6039243,[]
6751,1398846855.6439068,[]
6752,1398846855.6498556,[]
6753,1398846855.687853,[]
6754,1398846855.7278936,[]
6755,1398846855.7279236,[]
6756,1398846855.7678843,[]
6757,1398846855.7743251,[]
6758,1398846855.81187,[]
6759,1398846855.8518205,[]
6760,1398846855.8518445,[]
6761,1398846855.89188,[]
6762,1398846855.9001598,[]
6763,1398846855.9398453,[]
6764,1398846855.9798942,[]
6765,1398846855.979916,[]
6766,1398846856.019915,[]
6767,1398846856.0251117,[]
6768,1398846856.0639293,[]
6769,1398846856.1038785,[]
6770,1398846856.103908,[]
6771,1398846856.1439114,[]
6772,1398846856.1493535,[]
6773,1398846856.1878226,[]
6774,1398846856.2279298,[]
6775,1398846856.2279642,[]
6776,1398846856.267881,[]
6777,1398846856.2743964,[]
6778,1398846856.3118792,[]
6779,1398846856.3518646,[]
6780,1398846856.3518908,[]
6781,1398846856.3918993,[]
6782,1398846856.400017,[]
6783,1398846856.439953,[]
6784,1398846856.47986,[]
6785,1398846856.4798903,[]
6786,1398846856.5199952,[]
6787,1398846856.5243618,[]
6788,1398846856.5638883,[]
6789,1398846856.6038795,[]
6790,1398846856.6039147,[]
6791,1398846856.6438324,[]
6792,1398846856.6488576,[]
6793,1398846856.6878617,[]
6794,1398846856.7278085,[]
6795,1398846856.727842,[]
6796,1398846856.7678983,[]
6797,1398846856.774613,[]
6798,1398846856.8119068,[]
6799,1398846856.8518987,[]
6800,1398846856.8519301,[]
6801,1398846856.8919375,[]
6802,1398846856.900228,[]
6803,1398846856.939826,[]
6804,1398846856.9798462,[]
6805,1398846856.9798799,[]
6806,1398846857.0199125,[]
6807,1398846857.0245063,[]
6808,1398846857.0638876,[]
6809,1398846857.1039255,[]
6810,1398846857.1439424,[]
6811,1398846857.1439734,[]
6812,1398846857.1838708,[]
6813,1398846857.183904,[]
6814,1398846857.2239172,[]
6815,1398846857.224427,[]
6816,1398846857.2638621,[]
6817,1398846857.3038745,[]
6818,1398846857.3039043,[]
6819,1398846857.3439283,[]
6820,1398846857.3494592,[]
6821,1398846857.3878577,[]
6822,1398846857.4278314,[]
6823,1398846857.4278579,[]
6824,1398846857.4678705,[]
6825,1398846857.4732382,[]
6826,1398846857.5118616,[]
6827,1398846857.5519454,[]
6828,1398846857.551972,[]
6829,1398846857.5918903,[]
6830,1398846857.5980127,[]
6831,1398846857.6358204,[]
6832,1398846857.6758833,[]
6833,1398846857.675915,[]
6834,1398846857.715917,[]
6835,1398846857.7232225,[]
6836,1398846857.759909,[]
6837,1398846857.799931,[]
6838,1398846857.7999783,[]
6839,1398846857.8398867,[]
6840,1398846857.8479903,[]
6841,1398846857.8878615,[]
6842,1398846857.9278157,[]
6843,1398846857.927845,[]
6844,1398846857.9678621,[]
6845,1398846857.9733832,[]
6846,1398846858.0118887,[]
6847,1398846858.0518916,[]
6848,1398846858.0519235,[]
6849,1398846858.0918517,[]
6850,1398846858.0979424,[]
6851,1398846858.1358416,[]
6852,1398846858.1758368,[]
6853,1398846858.1758654,[]
6854,1398846858.2159605,[]
6855,1398846858.2227685,[]
6856,1398846858.259832,[]
6857,1398846858.299866,[]
6858,1398846858.299898,[]
6859,1398846858.3398857,[]
6860,1398846858.348369,[]
6861,1398846858.3878467,[]
6862,1398846858.4278731,[]
6863,1398846858.4278927,[]
6864,1398846858.4679253,[]
6865,1398846858.4716141,[]
6866,1398846858.5079522,[]
6867,1398846858.5479035,[]
6868,1398846858.5479288,[]
6869,1398846858.5878966,[]
6870,1398846858.5967672,[]
6871,1398846858.6358283,[]
6872,1398846858.6758463,[]
6873,1398846858.6758778,[]
6874,1398846858.7158818,[]
6875,1398846858.7209265,[]
6876,1398846858.7598903,[]
6877,1398846858.799835,[]
6878,1398846858.7998645,[]
6879,1398846858.839867,[]
6880,1398846858.8467422,[]
6881,1398846858.8838491,[]
6882,1398846858.9238575,[]
6883,1398846858.923884,[]
6884,1398846858.9638753,[]
6885,1398846858.971374,[]
6886,1398846859.0079925,[]
6887,1398846859.0478516,[]
6888,1398846859.0478837,[]
6889,1398846859.0878394,[]
6890,1398846859.0958352,[]
6891,1398846859.131851,[]
6892,1398846859.1717908,[]
6893,1398846859.1718106,[]
6894,1398846859.2120104,[]
6895,1398846859.2217386,[]
6896,1398846859.259859,[]
6897,1398846859.299847,[]
6898,1398846859.2998862,[]
6899,1398846859.3399463,[]
6900,1398846859.3454714,[]
6901,1398846859.3838933,[]
6902,1398846859.4238827,[]
6903,1398846859.4239194,[]
6904,1398846859.4638443,[]
6905,1398846859.4701006,[]
6906,1398846859.5079498,[]
6907,1398846859.5479817,[]
6908,1398846859.5480168,[]
6909,1398846859.587905,[]
6910,1398846859.5952506,[]
6911,1398846859.6318371,[]
6912,1398846859.6718783,[]
6913,1398846859.6718996,[]
6914,1398846859.7119617,[]
6915,1398846859.720253,[]
6916,1398846859.75994,[]
6917,1398846859.799842,[]
6918,1398846859.799872,[]
6919,1398846859.839901,[]
6920,1398846859.844865,[]
6921,1398846859.8838809,[]
6922,1398846859.9238594,[]
6923,1398846859.9238896,[]
6924,1398846859.9638565,[]
6925,1398846859.972038,[]
6926,1398846860.0119865,[]
6927,1398846860.0518708,[]
6928,1398846860.051901,[]
6929,1398846860.091871,[]
6930,1398846860.0943794,[]
6931,1398846860.1318965,[]
6932,1398846860.1718462,[]
6933,1398846860.1718762,[]
6934,1398846860.2120023,[]
6935,1398846860.2201264,[]
6936,1398846860.2598855,[]
6937,1398846860.2998657,[]
6938,1398846860.2998939,[]
6939,1398846860.3399234,[]
6940,1398846860.3447447,[]
6941,1398846860.383868,[]
6942,1398846860.4238796,[]
6943,1398846860.4239051,[]
6944,1398846860.463929,[]
6945,1398846860.4694917,[]
6946,1398846860.5078537,[]
6947,1398846860.547847,[]
6948,1398846860.5478802,[]
6949,1398846860.5878155,[]
6950,1398846860.5945764,[]
6951,1398846860.631829,[]
6952,1398846860.671943,[]
6953,1398846860.6719756,[]
6954,1398846860.7119246,[]
6955,1398846860.719129,[]
6956,1398846860.7558646,[]
6957,1398846860.7958186,[]
6958,1398846860.7958798,[]
6959,1398846860.8358297,[]
6960,1398846860.8450038,[]
6961,1398846860.8837838,[]
6962,1398846860.9238453,[]
6963,1398846860.923875,[]
6964,1398846860.9638338,[]
6965,1398846860.9684718,[]
6966,1398846861.0079055,[]
6967,1398846861.0479,[]
6968,1398846861.0479288,[]
6969,1398846861.0878398,[]
6970,1398846861.093224,[]
6971,1398846861.1318603,[]
6972,1398846861.171928,[]
6973,1398846861.1719592,[]
6974,1398846861.2119222,[]
6975,1398846861.2184088,[]
6976,1398846861.2558491,[]
6977,1398846861.2958333,[]
6978,1398846861.295865,[]
6979,1398846861.3359578,[]
6980,1398846861.344107,[]
6981,1398846861.38384,[]
6982,1398846861.423886,[]
6983,1398846861.4239166,[]
6984,1398846861.463911,[]
6985,1398846861.4683774,[]
6986,1398846861.507873,[]
6987,1398846861.5479033,[]
6988,1398846861.5479336,[]
6989,1398846861.5878868,[]
6990,1398846861.5942297,[]
6991,1398846861.6318629,[]
6992,1398846861.6719298,[]
6993,1398846861.6719577,[]
6994,1398846861.7118814,[]
6995,1398846861.7191322,[]
6996,1398846861.755815,[]
6997,1398846861.7958715,[]
6998,1398846861.7959044,[]
6999,1398846861.835842,[]
7000,1398846861.8442452,[]
7001,1398846861.883884,[]
7002,1398846861.923849,[]
7003,1398846861.9238784,[]
7004,1398846861.9638186,[]
7005,1398846861.9689317,[]
7006,1398846862.007854,[]
7007,1398846862.0478616,[]
7008,1398846862.0478914,[]
7009,1398846862.08792,[]
7010,1398846862.0940075,[]
7011,1398846862.1318746,[]
7012,1398846862.1719093,[]
7013,1398846862.1719396,[]
7014,1398846862.2119277,[]
7015,1398846862.21931,[]
7016,1398846862.2558944,[]
7017,1398846862.2958097,[]
7018,1398846862.2958395,[]
7019,1398846862.335854,[]
7020,1398846862.3441358,[]
7021,1398846862.3838708,[]
7022,1398846862.4239233,[]
7023,1398846862.4239442,[]
7024,1398846862.4638293,[]
7025,1398846862.4694657,[]
7026,1398846862.5082412,[]
7027,1398846862.5479732,[]
7028,1398846862.5480037,[]
7029,1398846862.587918,[]
7030,1398846862.5944803,[]
7031,1398846862.6318939,[]
7032,1398846862.6718853,[]
7033,1398846862.6719215,[]
7034,1398846862.7119794,[]
7035,1398846862.7189286,[]
7036,1398846862.755906,[]
7037,1398846862.7958698,[]
7038,1398846862.7959013,[]
7039,1398846862.8362553,[]
7040,1398846862.844284,[]
7041,1398846862.8838456,[]
7042,1398846862.9239736,[]
7043,1398846862.9240046,[]
7044,1398846862.9638414,[]
7045,1398846862.9690897,[]
7046,1398846863.007852,[]
7047,1398846863.047907,[]
7048,1398846863.047942,[]
7049,1398846863.0878618,[]
7050,1398846863.0935915,[]
7051,1398846863.1319318,[]
7052,1398846863.171874,[]
7053,1398846863.1719227,[]
7054,1398846863.2118504,[]
7055,1398846863.2180157,[]
7056,1398846863.2559028,[]
7057,1398846863.295787,[]
7058,1398846863.2958043,[]
7059,1398846863.3359554,[]
7060,1398846863.3424842,[]
7061,1398846863.3799167,[]
7062,1398846863.4198864,[]
7063,1398846863.4199226,[]
7064,1398846863.4598522,[]
7065,1398846863.4672527,[]
7066,1398846863.5038943,[]
7067,1398846863.5438936,[]
7068,1398846863.5439296,[]
7069,1398846863.583881,[]
7070,1398846863.5921903,[]
7071,1398846863.632026,[]
7072,1398846863.672179,[]
7073,1398846863.6722147,[]
7074,1398846863.7118964,[]
7075,1398846863.716931,[]
7076,1398846863.7559338,[]
7077,1398846863.7959237,[]
7078,1398846863.7959602,[]
7079,1398846863.8359027,[]
7080,1398846863.8419008,[]
7081,1398846863.8799376,[]
7082,1398846863.9198895,[]
7083,1398846863.9199212,[]
7084,1398846863.9598496,[]
7085,1398846863.9653182,[]
7086,1398846864.004134,[]
7087,1398846864.043927,[]
7088,1398846864.0439641,[]
7089,1398846864.0838249,[]
7090,1398846864.090213,[]
7091,1398846864.127832,[]
7092,1398846864.1678538,[]
7093,1398846864.1678843,[]
7094,1398846864.207892,[]
7095,1398846864.2149568,[]
7096,1398846864.2519193,[]
7097,1398846864.2918997,[]
7098,1398846864.2919323,[]
7099,1398846864.3319464,[]
7100,1398846864.3401933,[]
7101,1398846864.379923,[]
7102,1398846864.419925,[]
7103,1398846864.4199493,[]
7104,1398846864.459868,[]
7105,1398846864.4638484,[]
7106,1398846864.5038216,[]
7107,1398846864.543876,[]
7108,1398846864.5439053,[]
7109,1398846864.583842,[]
7110,1398846864.5892262,[]
7111,1398846864.6278656,[]
7112,1398846864.6678874,[]
7113,1398846864.6679204,[]
7114,1398846864.7079175,[]
7115,1398846864.7143626,[]
7116,1398846864.751934,[]
7117,1398846864.7919273,[]
7118,1398846864.7919579,[]
7119,1398846864.8319073,[]
7120,1398846864.8393638,[]
7121,1398846864.8759117,[]
7122,1398846864.9159858,[]
7123,1398846864.9160204,[]
7124,1398846864.955928,[]
7125,1398846864.963073,[]
7126,1398846864.9999013,[]
7127,1398846865.0398564,[]
7128,1398846865.0398865,[]
7129,1398846865.079871,[]
7130,1398846865.0884,[]
7131,1398846865.1279278,[]
7132,1398846865.1678717,[]
7133,1398846865.1679032,[]
7134,1398846865.2078588,[]
7135,1398846865.2127151,[]
7136,1398846865.2519352,[]
7137,1398846865.2918074,[]
7138,1398846865.2918234,[]
7139,1398846865.331898,[]
7140,1398846865.3375874,[]
7141,1398846865.3759227,[]
7142,1398846865.4158957,[]
7143,1398846865.4159274,[]
7144,1398846865.455891,[]
7145,1398846865.4623659,[]
7146,1398846865.4998739,[]
7147,1398846865.5399096,[]
7148,1398846865.539936,[]
7149,1398846865.5798647,[]
7150,1398846865.5879192,[]
7151,1398846865.6278899,[]
7152,1398846865.66786,[]
7153,1398846865.6678898,[]
7154,1398846865.7078745,[]
7155,1398846865.7123399,[]
7156,1398846865.751936,[]
7157,1398846865.791917,[]
7158,1398846865.791948,[]
7159,1398846865.8319035,[]
7160,1398846865.8378458,[]
7161,1398846865.8759482,[]
7162,1398846865.9159093,[]
7163,1398846865.9159408,[]
7164,1398846865.9558444,[]
7165,1398846865.9617355,[]
7166,1398846865.9999084,[]
7167,1398846866.0398672,[]
7168,1398846866.0398977,[]
7169,1398846866.0799036,[]
7170,1398846866.0865371,[]
7171,1398846866.123809,[]
7172,1398846866.1638887,[]
7173,1398846866.1639202,[]
7174,1398846866.2038882,[]
7175,1398846866.2115324,[]
7176,1398846866.2479446,[]
7177,1398846866.2878573,[]
7178,1398846866.287886,[]
7179,1398846866.327989,[]
7180,1398846866.3368385,[]
7181,1398846866.3759112,[]
7182,1398846866.415858,[]
7183,1398846866.4158819,[]
7184,1398846866.4559476,[]
7185,1398846866.4612827,[]
7186,1398846866.4999728,[]
7187,1398846866.5398567,[]
7188,1398846866.5398896,[]
7189,1398846866.5799081,[]
7190,1398846866.5860279,[]
7191,1398846866.623871,[]
7192,1398846866.663824,[]
7193,1398846866.663851,[]
7194,1398846866.7038093,[]
7195,1398846866.7108693,[]
7196,1398846866.7478955,[]
7197,1398846866.787828,[]
7198,1398846866.787858,[]
7199,1398846866.8278103,[]
7200,1398846866.8361049,[]
7201,1398846866.8758886,[]
7202,1398846866.915885,[]
7203,1398846866.9159071,[]
7204,1398846866.9559429,[]
7205,1398846866.9611182,[]
7206,1398846866.9998672,[]
7207,1398846867.0399268,[]
7208,1398846867.0399592,[]
7209,1398846867.0798697,[]
7210,1398846867.0853186,[]
7211,1398846867.123934,[]
7212,1398846867.1638854,[]
7213,1398846867.1639285,[]
7214,1398846867.2038853,[]
7215,1398846867.210365,[]
7216,1398846867.2479968,[]
7217,1398846867.2878137,[]
7218,1398846867.2878308,[]
7219,1398846867.327959,[]
7220,1398846867.3358932,[]
7221,1398846867.3758748,[]
7222,1398846867.415893,[]
7223,1398846867.4159238,[]
7224,1398846867.455895,[]
7225,1398846867.459884,[]
7226,1398846867.4998562,[]
7227,1398846867.5399222,[]
7228,1398846867.5399802,[]
7229,1398846867.580031,[]
7230,1398846867.585347,[]
7231,1398846867.6238422,[]
7232,1398846867.6638846,[]
7233,1398846867.6639159,[]
7234,1398846867.703858,[]
7235,1398846867.7089996,[]
7236,1398846867.7479107,[]
7237,1398846867.7878942,[]
7238,1398846867.7879236,[]
7239,1398846867.8278937,[]
7240,1398846867.834012,[]
7241,1398846867.871888,[]
7242,1398846867.9119115,[]
7243,1398846867.911941,[]
7244,1398846867.9519,[]
7245,1398846867.9587522,[]
7246,1398846867.995912,[]
7247,1398846868.035861,[]
7248,1398846868.0358922,[]
7249,1398846868.0758464,[]
7250,1398846868.083413,[]
7251,1398846868.1198883,[]
7252,1398846868.1598804,[]
7253,1398846868.1599073,[]
7254,1398846868.1998932,[]
7255,1398846868.2082877,[]
7256,1398846868.247903,[]
7257,1398846868.2878993,[]
7258,1398846868.2879398,[]
7259,1398846868.3278973,[]
7260,1398846868.3331368,[]
7261,1398846868.3718238,[]
7262,1398846868.4119105,[]
7263,1398846868.411951,[]
7264,1398846868.452064,[]
7265,1398846868.4583998,[]
7266,1398846868.4958708,[]
7267,1398846868.5359054,[]
7268,1398846868.5359602,[]
7269,1398846868.5758364,[]
7270,1398846868.5833755,[]
7271,1398846868.6199548,[]
7272,1398846868.6599698,[]
7273,1398846868.6599898,[]
7274,1398846868.6998575,[]
7275,1398846868.7076635,[]
7276,1398846868.743948,[]
7277,1398846868.7838807,[]
7278,1398846868.7839088,[]
7279,1398846868.8239536,[]
7280,1398846868.8330255,[]
7281,1398846868.8718715,[]
7282,1398846868.91187,[]
7283,1398846868.9118862,[]
7284,1398846868.9519231,[]
7285,1398846868.9573963,[]
7286,1398846868.995867,[]
7287,1398846869.0358686,[]
7288,1398846869.0359325,[]
7289,1398846869.076027,[]
7290,1398846869.082688,[]
7291,1398846869.1199057,[]
7292,1398846869.15993,[]
7293,1398846869.1599612,[]
7294,1398846869.199806,[]
7295,1398846869.2073627,[]
7296,1398846869.243936,[]
7297,1398846869.2838683,[]
7298,1398846869.2839012,[]
7299,1398846869.323919,[]
7300,1398846869.3323946,[]
7301,1398846869.3718452,[]
7302,1398846869.4118452,[]
7303,1398846869.4118629,[]
7304,1398846869.4519203,[]
7305,1398846869.4566529,[]
7306,1398846869.4958405,[]
7307,1398846869.535918,[]
7308,1398846869.5359306,[]
7309,1398846869.575938,[]
7310,1398846869.5819087,[]
7311,1398846869.619873,[]
7312,1398846869.6598957,[]
7313,1398846869.6599298,[]
7314,1398846869.6998296,[]
7315,1398846869.7070048,[]
7316,1398846869.743939,[]
7317,1398846869.7838717,[]
7318,1398846869.783892,[]
7319,1398846869.8239856,[]
7320,1398846869.8321283,[]
7321,1398846869.8721032,[]
7322,1398846869.9118903,[]
7323,1398846869.9119356,[]
7324,1398846869.9519763,[]
7325,1398846869.956632,[]
7326,1398846869.9958408,[]
7327,1398846870.0358887,[]
7328,1398846870.0359292,[]
7329,1398846870.0758965,[]
7330,1398846870.0811393,[]
7331,1398846870.120009,[]
7332,1398846870.1599214,[]
7333,1398846870.159957,[]
7334,1398846870.1999235,[]
7335,1398846870.205873,[]
7336,1398846870.2438617,[]
7337,1398846870.2839253,[]
7338,1398846870.2839522,[]
7339,1398846870.3239033,[]
7340,1398846870.33126,[]
7341,1398846870.367822,[]
7342,1398846870.4078617,[]
7343,1398846870.4079132,[]
7344,1398846870.4480112,[]
7345,1398846870.4560719,[]
7346,1398846870.4958735,[]
7347,1398846870.535894,[]
7348,1398846870.5359223,[]
7349,1398846870.5758648,[]
7350,1398846870.580884,[]
7351,1398846870.6198134,[]
7352,1398846870.6598582,[]
7353,1398846870.6598868,[]
7354,1398846870.6998832,[]
7355,1398846870.705735,[]
7356,1398846870.743858,[]
7357,1398846870.7839515,[]
7358,1398846870.7839892,[]
7359,1398846870.8238919,[]
7360,1398846870.8308725,[]
7361,1398846870.8678443,[]
7362,1398846870.9078672,[]
7363,1398846870.9078858,[]
7364,1398846870.9478886,[]
7365,1398846870.9550796,[]
7366,1398846870.9918616,[]
7367,1398846871.031906,[]
7368,1398846871.0319293,[]
7369,1398846871.0719123,[]
7370,1398846871.0798607,[]
7371,1398846871.119834,[]
7372,1398846871.1598694,[]
7373,1398846871.1599023,[]
7374,1398846871.1998541,[]
7375,1398846871.2058663,[]
7376,1398846871.2438202,[]
7377,1398846871.2838426,[]
7378,1398846871.283873,[]
7379,1398846871.3239715,[]
7380,1398846871.3302755,[]
7381,1398846871.367799,[]
7382,1398846871.4079201,[]
7383,1398846871.4079583,[]
7384,1398846871.4479516,[]
7385,1398846871.4550269,[]
7386,1398846871.4918137,[]
7387,1398846871.5318244,[]
7388,1398846871.5318582,[]
7389,1398846871.5718856,[]
7390,1398846871.579629,[]
7391,1398846871.615818,[]
7392,1398846871.6558843,[]
7393,1398846871.6559498,[]
7394,1398846871.6958947,[]
7395,1398846871.7042239,[]
7396,1398846871.743865,[]
7397,1398846871.7838619,[]
7398,1398846871.7838933,[]
7399,1398846871.8238587,[]
7400,1398846871.8294568,[]
7401,1398846871.8678641,[]
7402,1398846871.9079576,[]
7403,1398846871.907982,[]
7404,1398846871.9479096,[]
7405,1398846871.9541273,[]
7406,1398846871.9918692,[]
7407,1398846872.0319233,[]
7408,1398846872.031956,[]
7409,1398846872.071891,[]
7410,1398846872.0789769,[]
7411,1398846872.115827,[]
7412,1398846872.1558714,[]
7413,1398846872.155901,[]
7414,1398846872.1958532,[]
7415,1398846872.203849,[]
7416,1398846872.2439125,[]
7417,1398846872.2839353,[]
7418,1398846872.2839603,[]
7419,1398846872.323965,[]
7420,1398846872.3287387,[]
7421,1398846872.3678973,[]
7422,1398846872.4079041,[]
7423,1398846872.4079683,[]
7424,1398846872.4479063,[]
7425,1398846872.4536426,[]
7426,1398846872.4918814,[]
7427,1398846872.5318503,[]
7428,1398846872.5318787,[]
7429,1398846872.5718424,[]
7430,1398846872.578201,[]
7431,1398846872.615866,[]
7432,1398846872.655948,[]
7433,1398846872.6559677,[]
7434,1398846872.6958976,[]
7435,1398846872.7035959,[]
7436,1398846872.7398899,[]
7437,1398846872.7798843,[]
7438,1398846872.7799127,[]
7439,1398846872.8199272,[]
7440,1398846872.828188,[]
7441,1398846872.8679414,[]
7442,1398846872.9079378,[]
7443,1398846872.907956,[]
7444,1398846872.9478834,[]
7445,1398846872.953001,[]
7446,1398846872.9918725,[]
7447,1398846873.031895,[]
7448,1398846873.0319734,[]
7449,1398846873.0718496,[]
7450,1398846873.0775793,[]
7451,1398846873.1159577,[]
7452,1398846873.155943,[]
7453,1398846873.1559699,[]
7454,1398846873.1958964,[]
7455,1398846873.2028272,[]
7456,1398846873.2398992,[]
7457,1398846873.2800477,[]
7458,1398846873.2800808,[]
7459,1398846873.3199556,[]
7460,1398846873.3279264,[]
7461,1398846873.3677762,[]
7462,1398846873.4079046,[]
7463,1398846873.407933,[]
7464,1398846873.447912,[]
7465,1398846873.452079,[]
7466,1398846873.4918988,[]
7467,1398846873.5319638,[]
7468,1398846873.531986,[]
7469,1398846873.5718565,[]
7470,1398846873.5770214,[]
7471,1398846873.6158805,[]
7472,1398846873.6559238,[]
7473,1398846873.6559544,[]
7474,1398846873.6958709,[]
7475,1398846873.702082,[]
7476,1398846873.7398093,[]
7477,1398846873.7799482,[]
7478,1398846873.7799923,[]
7479,1398846873.8199284,[]
7480,1398846873.826993,[]
7481,1398846873.8639543,[]
7482,1398846873.9039013,[]
7483,1398846873.9039218,[]
7484,1398846873.943854,[]
7485,1398846873.9517844,[]
7486,1398846873.9880028,[]
7487,1398846874.0278673,[]
7488,1398846874.0278902,[]
7489,1398846874.0678601,[]
7490,1398846874.0760932,[]
7491,1398846874.115864,[]
7492,1398846874.1559258,[]
7493,1398846874.155959,[]
7494,1398846874.1958244,[]
7495,1398846874.200421,[]
7496,1398846874.239952,[]
7497,1398846874.2798743,[]
7498,1398846874.2799058,[]
7499,1398846874.3199623,[]
7500,1398846874.3259919,[]
7501,1398846874.363874,[]
7502,1398846874.4038842,[]
7503,1398846874.4039524,[]
7504,1398846874.4439528,[]
7505,1398846874.4503748,[]
7506,1398846874.487882,[]
7507,1398846874.5278819,[]
7508,1398846874.5279105,[]
7509,1398846874.5678265,[]
7510,1398846874.5750248,[]
7511,1398846874.6118798,[]
7512,1398846874.6519642,[]
7513,1398846874.6519961,[]
7514,1398846874.6918814,[]
7515,1398846874.7002468,[]
7516,1398846874.7398453,[]
7517,1398846874.7798774,[]
7518,1398846874.7799037,[]
7519,1398846874.8199232,[]
7520,1398846874.8253455,[]
7521,1398846874.8640776,[]
7522,1398846874.903871,[]
7523,1398846874.9039176,[]
7524,1398846874.9438388,[]
7525,1398846874.9493701,[]
7526,1398846874.9879045,[]
7527,1398846875.027924,[]
7528,1398846875.0279636,[]
7529,1398846875.067871,[]
7530,1398846875.0739622,[]
7531,1398846875.1118748,[]
7532,1398846875.151922,[]
7533,1398846875.1519482,[]
7534,1398846875.1918845,[]
7535,1398846875.2007692,[]
7536,1398846875.239926,[]
7537,1398846875.2798557,[]
7538,1398846875.2798853,[]
7539,1398846875.3199947,[]
7540,1398846875.3239217,[]
7541,1398846875.3638504,[]
7542,1398846875.4038744,[]
7543,1398846875.4039054,[]
7544,1398846875.4439905,[]
7545,1398846875.449378,[]
7546,1398846875.4878778,[]
7547,1398846875.5278337,[]
7548,1398846875.5278637,[]
7549,1398846875.5679703,[]
7550,1398846875.5741725,[]
7551,1398846875.6119158,[]
7552,1398846875.6519275,[]
7553,1398846875.6519494,[]
7554,1398846875.6919131,[]
7555,1398846875.6990807,[]
7556,1398846875.7358594,[]
7557,1398846875.7759464,[]
7558,1398846875.7759666,[]
7559,1398846875.8158615,[]
7560,1398846875.8240995,[]
7561,1398846875.8638692,[]
7562,1398846875.9038243,[]
7563,1398846875.9038787,[]
7564,1398846875.9439743,[]
7565,1398846875.949065,[]
7566,1398846875.9878428,[]
7567,1398846876.0278447,[]
7568,1398846876.0278842,[]
7569,1398846876.0679073,[]
7570,1398846876.0727153,[]
7571,1398846876.111847,[]
7572,1398846876.1518867,[]
7573,1398846876.151917,[]
7574,1398846876.1959994,[]
7575,1398846876.2000744,[]
7576,1398846876.2398982,[]
7577,1398846876.2798796,[]
7578,1398846876.2799113,[]
7579,1398846876.3198326,[]
7580,1398846876.323194,[]
7581,1398846876.359843,[]
7582,1398846876.3998573,[]
7583,1398846876.3998868,[]
7584,1398846876.4399197,[]
7585,1398846876.4471917,[]
7586,1398846876.4839506,[]
7587,1398846876.523958,[]
7588,1398846876.5240288,[]
7589,1398846876.5639145,[]
7590,1398846876.5721085,[]
7591,1398846876.6119952,[]
7592,1398846876.6519377,[]
7593,1398846876.651969,[]
7594,1398846876.6919143,[]
7595,1398846876.6971376,[]
7596,1398846876.7358694,[]
7597,1398846876.7758613,[]
7598,1398846876.7758942,[]
7599,1398846876.8159165,[]
7600,1398846876.8224442,[]
7601,1398846876.859825,[]
7602,1398846876.8998656,[]
7603,1398846876.8998997,[]
7604,1398846876.9399085,[]
7605,1398846876.9467125,[]
7606,1398846876.9838147,[]
7607,1398846877.0239427,[]
7608,1398846877.0239723,[]
7609,1398846877.063937,[]
7610,1398846877.0712316,[]
7611,1398846877.1078758,[]
7612,1398846877.1478572,[]
7613,1398846877.1478996,[]
7614,1398846877.187898,[]
7615,1398846877.1971004,[]
7616,1398846877.2358065,[]
7617,1398846877.2759113,[]
7618,1398846877.275944,[]
7619,1398846877.3159177,[]
7620,1398846877.320914,[]
7621,1398846877.3598442,[]
7622,1398846877.3998635,[]
7623,1398846877.3999004,[]
7624,1398846877.4399157,[]
7625,1398846877.446002,[]
7626,1398846877.4838133,[]
7627,1398846877.523896,[]
7628,1398846877.5239282,[]
7629,1398846877.563906,[]
7630,1398846877.5707438,[]
7631,1398846877.607866,[]
7632,1398846877.647889,[]
7633,1398846877.6479173,[]
7634,1398846877.6879265,[]
7635,1398846877.6965857,[]
7636,1398846877.7358556,[]
7637,1398846877.7758982,[]
7638,1398846877.775932,[]
7639,1398846877.8159502,[]
7640,1398846877.8209884,[]
7641,1398846877.8598595,[]
7642,1398846877.8998926,[]
7643,1398846877.8999267,[]
7644,1398846877.9398956,[]
7645,1398846877.9458678,[]
7646,1398846877.983821,[]
7647,1398846878.0238883,[]
7648,1398846878.023918,[]
7649,1398846878.0639102,[]
7650,1398846878.070503,[]
7651,1398846878.107847,[]
7652,1398846878.1478274,[]
7653,1398846878.1478586,[]
7654,1398846878.1879427,[]
7655,1398846878.194508,[]
7656,1398846878.2318435,[]
7657,1398846878.2718651,[]
7658,1398846878.2718942,[]
7659,1398846878.31199,[]
7660,1398846878.32088,[]
7661,1398846878.3599238,[]
7662,1398846878.3998744,[]
7663,1398846878.3999074,[]
7664,1398846878.4400752,[]
7665,1398846878.445155,[]
7666,1398846878.4838116,[]
7667,1398846878.523864,[]
7668,1398846878.5238938,[]
7669,1398846878.5638995,[]
7670,1398846878.5693762,[]
7671,1398846878.607824,[]
7672,1398846878.6478858,[]
7673,1398846878.6479042,[]
7674,1398846878.6879067,[]
7675,1398846878.694343,[]
7676,1398846878.7318313,[]
7677,1398846878.7718182,[]
7678,1398846878.7718458,[]
7679,1398846878.8118825,[]
7680,1398846878.8202572,[]
7681,1398846878.859862,[]
7682,1398846878.8998852,[]
7683,1398846878.8999138,[]
7684,1398846878.9399183,[]
7685,1398846878.9452362,[]
7686,1398846878.9838612,[]
7687,1398846879.0238514,[]
7688,1398846879.0238779,[]
7689,1398846879.0638833,[]
7690,1398846879.068816,[]
7691,1398846879.1079009,[]
7692,1398846879.1478374,[]
7693,1398846879.1478553,[]
7694,1398846879.1878557,[]
7695,1398846879.194114,[]
7696,1398846879.2319238,[]
7697,1398846879.2717927,[]
7698,1398846879.2718043,[]
7699,1398846879.3118746,[]
7700,1398846879.3193963,[]
7701,1398846879.3558805,[]
7702,1398846879.395858,[]
7703,1398846879.395888,[]
7704,1398846879.435901,[]
7705,1398846879.4441273,[]
7706,1398846879.483867,[]
7707,1398846879.523846,[]
7708,1398846879.523889,[]
7709,1398846879.5638616,[]
7710,1398846879.56767,[]
7711,1398846879.6038773,[]
7712,1398846879.6438596,[]
7713,1398846879.6438935,[]
7714,1398846879.6839015,[]
7715,1398846879.693025,[]
7716,1398846879.7318451,[]
7717,1398846879.7718604,[]
7718,1398846879.7718868,[]
7719,1398846879.811884,[]
7720,1398846879.8168106,[]
7721,1398846879.855894,[]
7722,1398846879.895817,[]
7723,1398846879.895844,[]
7724,1398846879.9358938,[]
7725,1398846879.942765,[]
7726,1398846879.97988,[]
7727,1398846880.019853,[]
7728,1398846880.0198843,[]
7729,1398846880.0599053,[]
7730,1398846880.0673354,[]
7731,1398846880.103923,[]
7732,1398846880.1438923,[]
7733,1398846880.1439219,[]
7734,1398846880.1838925,[]
7735,1398846880.1915913,[]
7736,1398846880.2278821,[]
7737,1398846880.2678635,[]
7738,1398846880.2678945,[]
7739,1398846880.3079386,[]
7740,1398846880.3180068,[]
7741,1398846880.3558497,[]
7742,1398846880.3958826,[]
7743,1398846880.395913,[]
7744,1398846880.435886,[]
7745,1398846880.4424055,[]
7746,1398846880.479917,[]
7747,1398846880.5198662,[]
7748,1398846880.5198977,[]
7749,1398846880.5598996,[]
7750,1398846880.5677652,[]
7751,1398846880.6038377,[]
7752,1398846880.6438918,[]
7753,1398846880.643913,[]
7754,1398846880.6839006,[]
7755,1398846880.69263,[]
7756,1398846880.7318738,[]
7757,1398846880.7718673,[]
7758,1398846880.7718928,[]
7759,1398846880.811863,[]
7760,1398846880.8170907,[]
7761,1398846880.8558557,[]
7762,1398846880.895858,[]
7763,1398846880.8958843,[]
7764,1398846880.9358847,[]
7765,1398846880.942248,[]
7766,1398846880.9798129,[]
7767,1398846881.0198536,[]
7768,1398846881.0198848,[]
7769,1398846881.0598834,[]
7770,1398846881.0681272,[]
7771,1398846881.107841,[]
7772,1398846881.147868,[]
7773,1398846881.1478972,[]
7774,1398846881.1878972,[]
7775,1398846881.1922555,[]
7776,1398846881.2318976,[]
7777,1398846881.2718608,[]
7778,1398846881.271892,[]
7779,1398846881.3119147,[]
7780,1398846881.3201094,[]
7781,1398846881.3598046,[]
7782,1398846881.3998547,[]
7783,1398846881.3998854,[]
7784,1398846881.4399047,[]
7785,1398846881.4422498,[]
7786,1398846881.479899,[]
7787,1398846881.5198524,[]
7788,1398846881.519883,[]
7789,1398846881.5598872,[]
7790,1398846881.567203,[]
7791,1398846881.6038687,[]
7792,1398846881.6438947,[]
7793,1398846881.643925,[]
7794,1398846881.6838925,[]
7795,1398846881.6926742,[]
7796,1398846881.7318766,[]
7797,1398846881.7719646,[]
7798,1398846881.7719927,[]
7799,1398846881.811946,[]
7800,1398846881.8175473,[]
7801,1398846881.8558476,[]
7802,1398846881.895869,[]
7803,1398846881.8958945,[]
7804,1398846881.9358964,[]
7805,1398846881.9422514,[]
7806,1398846881.9798245,[]
7807,1398846882.0199134,[]
7808,1398846882.019943,[]
7809,1398846882.0598607,[]
7810,1398846882.0671096,[]
7811,1398846882.1038666,[]
7812,1398846882.1438835,[]
7813,1398846882.1439126,[]
7814,1398846882.183874,[]
7815,1398846882.1918607,[]
7816,1398846882.2318783,[]
7817,1398846882.271963,[]
7818,1398846882.2719946,[]
7819,1398846882.3118842,[]
7820,1398846882.3164763,[]
7821,1398846882.3559134,[]
7822,1398846882.3958354,[]
7823,1398846882.3958607,[]
7824,1398846882.4358633,[]
7825,1398846882.4412816,[]
7826,1398846882.4798403,[]
7827,1398846882.519891,[]
7828,1398846882.5199225,[]
7829,1398846882.5598814,[]
7830,1398846882.565971,[]
7831,1398846882.6039157,[]
7832,1398846882.6439052,[]
7833,1398846882.6439397,[]
7834,1398846882.6839178,[]
7835,1398846882.6904218,[]
7836,1398846882.727862,[]
7837,1398846882.7678835,[]
7838,1398846882.7679155,[]
7839,1398846882.8079147,[]
7840,1398846882.8149502,[]
7841,1398846882.8518865,[]
7842,1398846882.891877,[]
7843,1398846882.891906,[]
7844,1398846882.9318511,[]
7845,1398846882.939987,[]
7846,1398846882.979844,[]
7847,1398846883.0199146,[]
7848,1398846883.0199463,[]
7849,1398846883.0599024,[]
7850,1398846883.0645003,[]
7851,1398846883.103873,[]
7852,1398846883.1438727,[]
7853,1398846883.143906,[]
7854,1398846883.1838882,[]
7855,1398846883.1889987,[]
7856,1398846883.2279541,[]
7857,1398846883.2678714,[]
7858,1398846883.267905,[]
7859,1398846883.3078532,[]
7860,1398846883.3135526,[]
7861,1398846883.3519785,[]
7862,1398846883.3918588,[]
7863,1398846883.3918924,[]
7864,1398846883.4319525,[]
7865,1398846883.438244,[]
7866,1398846883.4758346,[]
7867,1398846883.515872,[]
7868,1398846883.5159028,[]
7869,1398846883.5560038,[]
7870,1398846883.563509,[]
7871,1398846883.5998685,[]
7872,1398846883.6398344,[]
7873,1398846883.6398616,[]
7874,1398846883.6798651,[]
7875,1398846883.687764,[]
7876,1398846883.723874,[]
7877,1398846883.7638547,[]
7878,1398846883.8038726,[]
7879,1398846883.8039043,[]
7880,1398846883.8438795,[]
7881,1398846883.8439112,[]
7882,1398846883.883865,[]
7883,1398846883.887244,[]
7884,1398846883.9239438,[]
7885,1398846883.9638526,[]
7886,1398846883.9638865,[]
7887,1398846884.00387,[]
7888,1398846884.0122645,[]
7889,1398846884.0518138,[]
7890,1398846884.09188,[]
7891,1398846884.091909,[]
7892,1398846884.1318555,[]
7893,1398846884.1363573,[]
7894,1398846884.1759524,[]
7895,1398846884.2159436,[]
7896,1398846884.2159655,[]
7897,1398846884.2559428,[]
7898,1398846884.2615209,[]
7899,1398846884.2998853,[]
7900,1398846884.339845,[]
7901,1398846884.339867,[]
7902,1398846884.3798957,[]
7903,1398846884.385779,[]
7904,1398846884.4238863,[]
7905,1398846884.463885,[]
7906,1398846884.463906,[]
7907,1398846884.5038583,[]
7908,1398846884.5105245,[]
7909,1398846884.547908,[]
7910,1398846884.587883,[]
7911,1398846884.5879025,[]
7912,1398846884.6278503,[]
7913,1398846884.6351383,[]
7914,1398846884.6718957,[]
7915,1398846884.7118745,[]
7916,1398846884.7119098,[]
7917,1398846884.7519162,[]
7918,1398846884.760611,[]
7919,1398846884.8038554,[]
7920,1398846884.8438022,[]
7921,1398846884.8438363,[]
7922,1398846884.883806,[]
7923,1398846884.8856335,[]
7924,1398846884.9238698,[]
7925,1398846884.9638376,[]
7926,1398846884.9638672,[]
7927,1398846885.0039263,[]
7928,1398846885.0102527,[]
7929,1398846885.047861,[]
7930,1398846885.0878775,[]
7931,1398846885.0878985,[]
7932,1398846885.1278455,[]
7933,1398846885.1347356,[]
7934,1398846885.1718829,[]
7935,1398846885.2118902,[]
7936,1398846885.2119184,[]
7937,1398846885.251887,[]
7938,1398846885.25906,[]
7939,1398846885.2958543,[]
7940,1398846885.335852,[]
7941,1398846885.3358698,[]
7942,1398846885.3759127,[]
7943,1398846885.3848784,[]
7944,1398846885.423862,[]
7945,1398846885.4638228,[]
7946,1398846885.463855,[]
7947,1398846885.5038385,[]
7948,1398846885.5091143,[]
7949,1398846885.548013,[]
7950,1398846885.5879245,[]
7951,1398846885.5879552,[]
7952,1398846885.6278415,[]
7953,1398846885.6343627,[]
7954,1398846885.6718712,[]
7955,1398846885.7118473,[]
7956,1398846885.711878,[]
7957,1398846885.7518907,[]
7958,1398846885.7589614,[]
7959,1398846885.7959132,[]
7960,1398846885.8359134,[]
7961,1398846885.8359442,[]
7962,1398846885.875879,[]
7963,1398846885.8838906,[]
7964,1398846885.9238412,[]
7965,1398846885.9638963,[]
7966,1398846885.9641159,[]
7967,1398846886.0038817,[]
7968,1398846886.013219,[]
7969,1398846886.051894,[]
7970,1398846886.0918686,[]
7971,1398846886.0918992,[]
7972,1398846886.1319108,[]
7973,1398846886.133501,[]
7974,1398846886.1719139,[]
7975,1398846886.2118578,[]
7976,1398846886.2118864,[]
7977,1398846886.2519457,[]
7978,1398846886.2580686,[]
7979,1398846886.2958844,[]
7980,1398846886.3358822,[]
7981,1398846886.3359125,[]
7982,1398846886.3758566,[]
7983,1398846886.3829958,[]
7984,1398846886.4200592,[]
7985,1398846886.4599085,[]
7986,1398846886.4599335,[]
7987,1398846886.4999354,[]
7988,1398846886.5076232,[]
7989,1398846886.5439517,[]
7990,1398846886.5838783,[]
7991,1398846886.5839114,[]
7992,1398846886.623921,[]
7993,1398846886.6325986,[]
7994,1398846886.6718743,[]
7995,1398846886.711862,[]
7996,1398846886.7118926,[]
7997,1398846886.7519195,[]
7998,1398846886.7577434,[]
7999,1398846886.7958617,[]
8000,1398846886.8358395,[]
8001,1398846886.8358688,[]
8002,1398846886.875938,[]
8003,1398846886.8824522,[]
8004,1398846886.91986,[]
8005,1398846886.9598668,[]
8006,1398846886.9598958,[]
8007,1398846886.9998646,[]
8008,1398846887.0065637,[]
8009,1398846887.0439074,[]
8010,1398846887.083891,[]
8011,1398846887.0839102,[]
8012,1398846887.123858,[]
8013,1398846887.1321259,[]
8014,1398846887.1718872,[]
8015,1398846887.2118719,[]
8016,1398846887.2119029,[]
8017,1398846887.2518926,[]
8018,1398846887.2565725,[]
8019,1398846887.2957609,[]
8020,1398846887.3358657,[]
8021,1398846887.3358972,[]
8022,1398846887.3758705,[]
8023,1398846887.3812506,[]
8024,1398846887.4198654,[]
8025,1398846887.4598935,[]
8026,1398846887.4599202,[]
8027,1398846887.4999132,[]
8028,1398846887.506753,[]
8029,1398846887.5440202,[]
8030,1398846887.5838592,[]
8031,1398846887.583892,[]
8032,1398846887.6238306,[]
8033,1398846887.631973,[]
8034,1398846887.6718352,[]
8035,1398846887.7118487,[]
8036,1398846887.7118769,[]
8037,1398846887.7518964,[]
8038,1398846887.755757,[]
8039,1398846887.7918823,[]
8040,1398846887.8318467,[]
8041,1398846887.8719475,[]
8042,1398846887.8719754,[]
8043,1398846887.911847,[]
8044,1398846887.9118755,[]
8045,1398846887.9519083,[]
8046,1398846887.9576344,[]
8047,1398846887.9958735,[]
8048,1398846888.0358787,[]
8049,1398846888.035908,[]
8050,1398846888.0758326,[]
8051,1398846888.0800986,[]
8052,1398846888.119864,[]
8053,1398846888.1598153,[]
8054,1398846888.1598468,[]
8055,1398846888.1999063,[]
8056,1398846888.204377,[]
8057,1398846888.2438421,[]
8058,1398846888.2838588,[]
8059,1398846888.2838883,[]
8060,1398846888.3238986,[]
8061,1398846888.3301175,[]
8062,1398846888.3678393,[]
8063,1398846888.4078395,[]
8064,1398846888.4078712,[]
8065,1398846888.4479775,[]
8066,1398846888.4548855,[]
8067,1398846888.4919002,[]
8068,1398846888.5318835,[]
8069,1398846888.5319128,[]
8070,1398846888.5718863,[]
8071,1398846888.579526,[]
8072,1398846888.615807,[]
8073,1398846888.6559849,[]
8074,1398846888.6560218,[]
8075,1398846888.6958666,[]
8076,1398846888.705373,[]
8077,1398846888.7438762,[]
8078,1398846888.78394,[]
8079,1398846888.7839727,[]
8080,1398846888.8238342,[]
8081,1398846888.8284178,[]
8082,1398846888.867926,[]
8083,1398846888.9078493,[]
8084,1398846888.9078817,[]
8085,1398846888.9478698,[]
8086,1398846888.953766,[]
8087,1398846888.9918447,[]
8088,1398846889.033331,[]
8089,1398846889.0333624,[]
8090,1398846889.0718524,[]
8091,1398846889.0780935,[]
8092,1398846889.1158586,[]
8093,1398846889.1558988,[]
8094,1398846889.155927,[]
8095,1398846889.1958332,[]
8096,1398846889.2033567,[]
8097,1398846889.2399225,[]
8098,1398846889.27991,[]
8099,1398846889.2799368,[]
8100,1398846889.319887,[]
8101,1398846889.327436,[]
8102,1398846889.3638828,[]
8103,1398846889.4038966,[]
8104,1398846889.40393,[]
8105,1398846889.4438717,[]
8106,1398846889.4528804,[]
8107,1398846889.4918215,[]
8108,1398846889.5319161,[]
8109,1398846889.531941,[]
8110,1398846889.5719123,[]
8111,1398846889.5780065,[]
8112,1398846889.6158707,[]
8113,1398846889.6558805,[]
8114,1398846889.6559064,[]
8115,1398846889.6958694,[]
8116,1398846889.7029963,[]
8117,1398846889.739821,[]
8118,1398846889.7798736,[]
8119,1398846889.7799072,[]
8120,1398846889.8199427,[]
8121,1398846889.826962,[]
8122,1398846889.8638122,[]
8123,1398846889.9038942,[]
8124,1398846889.9039254,[]
8125,1398846889.943893,[]
8126,1398846889.952494,[]
8127,1398846889.9919097,[]
8128,1398846890.0318902,[]
8129,1398846890.031921,[]
8130,1398846890.071849,[]
8131,1398846890.0762403,[]
8132,1398846890.1158648,[]
8133,1398846890.1558416,[]
8134,1398846890.15587,[]
8135,1398846890.1958523,[]
8136,1398846890.2010782,[]
8137,1398846890.239823,[]
8138,1398846890.2798507,[]
8139,1398846890.2798808,[]
8140,1398846890.319919,[]
8141,1398846890.3266072,[]
8142,1398846890.3638868,[]
8143,1398846890.4038177,[]
8144,1398846890.403848,[]
8145,1398846890.4439614,[]
8146,1398846890.4523184,[]
8147,1398846890.491851,[]
8148,1398846890.5318692,[]
8149,1398846890.5318992,[]
8150,1398846890.5718906,[]
8151,1398846890.575763,[]
8152,1398846890.6118166,[]
8153,1398846890.6519094,[]
8154,1398846890.6918983,[]
8155,1398846890.6919963,[]
8156,1398846890.731841,[]
8157,1398846890.731868,[]
8158,1398846890.7719545,[]
8159,1398846890.7751584,[]
8160,1398846890.811821,[]
8161,1398846890.8518767,[]
8162,1398846890.8519025,[]
8163,1398846890.8919194,[]
8164,1398846890.9003239,[]
8165,1398846890.9398527,[]
8166,1398846890.9798875,[]
8167,1398846890.979922,[]
8168,1398846891.0198727,[]
8169,1398846891.0249906,[]
8170,1398846891.0638373,[]
8171,1398846891.1038406,[]
8172,1398846891.1038668,[]
8173,1398846891.143929,[]
8174,1398846891.1501548,[]
8175,1398846891.1878338,[]
8176,1398846891.2278726,[]
8177,1398846891.2678404,[]
8178,1398846891.2678907,[]
8179,1398846891.307875,[]
8180,1398846891.3078911,[]
8181,1398846891.3478584,[]
8182,1398846891.3499913,[]
8183,1398846891.387828,[]
8184,1398846891.4278905,[]
8185,1398846891.4279196,[]
8186,1398846891.467857,[]
8187,1398846891.474707,[]
8188,1398846891.511912,[]
8189,1398846891.5519416,[]
8190,1398846891.552,[]
8191,1398846891.5919135,[]
8192,1398846891.5992877,[]
8193,1398846891.6358163,[]
8194,1398846891.6758978,[]
8195,1398846891.6759744,[]
8196,1398846891.7159364,[]
8197,1398846891.7249737,[]
8198,1398846891.7638733,[]
8199,1398846891.8039067,[]
8200,1398846891.8039382,[]
8201,1398846891.8438911,[]
8202,1398846891.8487413,[]
8203,1398846891.8878589,[]
8204,1398846891.9278717,[]
8205,1398846891.927903,[]
8206,1398846891.9678469,[]
8207,1398846891.9737723,[]
8208,1398846892.0118792,[]
8209,1398846892.0519097,[]
8210,1398846892.0519261,[]
8211,1398846892.0918856,[]
8212,1398846892.0987494,[]
8213,1398846892.1358569,[]
8214,1398846892.1758845,[]
8215,1398846892.1759145,[]
8216,1398846892.2158926,[]
8217,1398846892.2240217,[]
8218,1398846892.263889,[]
8219,1398846892.30386,[]
8220,1398846892.3038862,[]
8221,1398846892.3438692,[]
8222,1398846892.3477669,[]
8223,1398846892.3838623,[]
8224,1398846892.4239316,[]
8225,1398846892.4638567,[]
8226,1398846892.4638891,[]
8227,1398846892.5038753,[]
8228,1398846892.5039053,[]
8229,1398846892.5438547,[]
8230,1398846892.5479991,[]
8231,1398846892.587873,[]
8232,1398846892.6278431,[]
8233,1398846892.6278691,[]
8234,1398846892.6678712,[]
8235,1398846892.6727517,[]
8236,1398846892.7118742,[]
8237,1398846892.7519047,[]
8238,1398846892.7519379,[]
8239,1398846892.7918856,[]
8240,1398846892.7977102,[]
8241,1398846892.8358798,[]
8242,1398846892.875912,[]
8243,1398846892.87594,[]
8244,1398846892.915982,[]
8245,1398846892.922099,[]
8246,1398846892.959895,[]
8247,1398846892.9998536,[]
8248,1398846892.9998884,[]
8249,1398846893.0398493,[]
8250,1398846893.0465748,[]
8251,1398846893.0840054,[]
8252,1398846893.1239054,[]
8253,1398846893.163939,[]
8254,1398846893.1639633,[]
8255,1398846893.2038946,[]
8256,1398846893.203967,[]
8257,1398846893.2438283,[]
8258,1398846893.2464712,[]
8259,1398846893.2839096,[]
8260,1398846893.3239355,[]
8261,1398846893.3241677,[]
8262,1398846893.3638966,[]
8263,1398846893.3709834,[]
8264,1398846893.4078767,[]
8265,1398846893.4478962,[]
8266,1398846893.4479196,[]
8267,1398846893.4879217,[]
8268,1398846893.495766,[]
8269,1398846893.5318258,[]
8270,1398846893.571879,[]
8271,1398846893.5719063,[]
8272,1398846893.6118975,[]
8273,1398846893.6202688,[]
8274,1398846893.659865,[]
8275,1398846893.699839,[]
8276,1398846893.6998649,[]
8277,1398846893.7398381,[]
8278,1398846893.7456415,[]
8279,1398846893.783808,[]
8280,1398846893.8239553,[]
8281,1398846893.8239841,[]
8282,1398846893.863904,[]
8283,1398846893.8706262,[]
8284,1398846893.9079328,[]
8285,1398846893.9479063,[]
8286,1398846893.947937,[]
8287,1398846893.9879875,[]
8288,1398846893.9949608,[]
8289,1398846894.031853,[]
8290,1398846894.07191,[]
8291,1398846894.0719416,[]
8292,1398846894.1118853,[]
8293,1398846894.1203568,[]
8294,1398846894.1598935,[]
8295,1398846894.199859,[]
8296,1398846894.1998804,[]
8297,1398846894.239915,[]
8298,1398846894.2451034,[]
8299,1398846894.283888,[]
8300,1398846894.3238654,[]
8301,1398846894.3238971,[]
8302,1398846894.3639035,[]
8303,1398846894.3696125,[]
8304,1398846894.407846,[]
8305,1398846894.4479327,[]
8306,1398846894.447965,[]
8307,1398846894.4878201,[]
8308,1398846894.4948559,[]
8309,1398846894.5318036,[]
8310,1398846894.5718977,[]
8311,1398846894.5719233,[]
8312,1398846894.6118615,[]
8313,1398846894.6200972,[]
8314,1398846894.6599011,[]
8315,1398846894.6998532,[]
8316,1398846894.699882,[]
8317,1398846894.739855,[]
8318,1398846894.7441294,[]
8319,1398846894.7838538,[]
8320,1398846894.823911,[]
8321,1398846894.823941,[]
8322,1398846894.863908,[]
8323,1398846894.8685477,[]
8324,1398846894.907893,[]
8325,1398846894.9478707,[]
8326,1398846894.9479027,[]
8327,1398846894.9878564,[]
8328,1398846894.9931722,[]
8329,1398846895.031838,[]
8330,1398846895.0718212,[]
8331,1398846895.0718515,[]
8332,1398846895.1119442,[]
8333,1398846895.1188645,[]
8334,1398846895.1558957,[]
8335,1398846895.195891,[]
8336,1398846895.195915,[]
8337,1398846895.2358809,[]
8338,1398846895.2445037,[]
8339,1398846895.283863,[]
8340,1398846895.3239813,[]
8341,1398846895.3240216,[]
8342,1398846895.3639266,[]
8343,1398846895.3677688,[]
8344,1398846895.4038382,[]
8345,1398846895.4438846,[]
8346,1398846895.4439151,[]
8347,1398846895.4838455,[]
8348,1398846895.4919074,[]
8349,1398846895.5318077,[]
8350,1398846895.571824,[]
8351,1398846895.5718577,[]
8352,1398846895.611963,[]
8353,1398846895.6182342,[]
8354,1398846895.6558912,[]
8355,1398846895.6958873,[]
8356,1398846895.6959152,[]
8357,1398846895.735883,[]
8358,1398846895.742978,[]
8359,1398846895.7799106,[]
8360,1398846895.8198667,[]
8361,1398846895.819898,[]
8362,1398846895.859906,[]
8363,1398846895.8669052,[]
8364,1398846895.9038832,[]
8365,1398846895.9438248,[]
8366,1398846895.9438546,[]
8367,1398846895.9838803,[]
8368,1398846895.9919782,[]
8369,1398846896.03191,[]
8370,1398846896.0718389,[]
8371,1398846896.0718734,[]
8372,1398846896.1119525,[]
8373,1398846896.117225,[]
8374,1398846896.1558552,[]
8375,1398846896.1958852,[]
8376,1398846896.195908,[]
8377,1398846896.2358537,[]
8378,1398846896.2415109,[]
8379,1398846896.2798417,[]
8380,1398846896.3198764,[]
8381,1398846896.319906,[]
8382,1398846896.3598528,[]
8383,1398846896.366514,[]
8384,1398846896.4038992,[]
8385,1398846896.4438899,[]
8386,1398846896.4439266,[]
8387,1398846896.4838834,[]
8388,1398846896.4914672,[]
8389,1398846896.5279322,[]
8390,1398846896.5678902,[]
8391,1398846896.5679197,[]
8392,1398846896.6079638,[]
8393,1398846896.6165097,[]
8394,1398846896.6559832,[]
8395,1398846896.6958687,[]
8396,1398846896.6958997,[]
8397,1398846896.7359045,[]
8398,1398846896.742008,[]
8399,1398846896.7798886,[]
8400,1398846896.8198059,[]
8401,1398846896.819835,[]
8402,1398846896.8598516,[]
8403,1398846896.8655326,[]
8404,1398846896.903872,[]
8405,1398846896.943849,[]
8406,1398846896.943881,[]
8407,1398846896.9838972,[]
8408,1398846896.9900653,[]
8409,1398846897.0278952,[]
8410,1398846897.0678792,[]
8411,1398846897.06791,[]
8412,1398846897.1078784,[]
8413,1398846897.115408,[]
8414,1398846897.1519125,[]
8415,1398846897.1918702,[]
8416,1398846897.191901,[]
8417,1398846897.2319133,[]
8418,1398846897.2403815,[]
8419,1398846897.2798269,[]
8420,1398846897.319951,[]
8421,1398846897.319985,[]
8422,1398846897.3598623,[]
8423,1398846897.3655245,[]
8424,1398846897.4038377,[]
8425,1398846897.443927,[]
8426,1398846897.4439602,[]
8427,1398846897.4839206,[]
8428,1398846897.49019,[]
8429,1398846897.5278306,[]
8430,1398846897.5678566,[]
8431,1398846897.5678895,[]
8432,1398846897.6079621,[]
8433,1398846897.615,[]
8434,1398846897.6518667,[]
8435,1398846897.691851,[]
8436,1398846897.6918814,[]
8437,1398846897.7319274,[]
8438,1398846897.7399774,[]
8439,1398846897.7799249,[]
8440,1398846897.8198586,[]
8441,1398846897.8198915,[]
8442,1398846897.8599029,[]
8443,1398846897.8638957,[]
8444,1398846897.9038503,[]
8445,1398846897.9438486,[]
8446,1398846897.9438758,[]
8447,1398846897.9841344,[]
8448,1398846897.9916325,[]
8449,1398846898.0278652,[]
8450,1398846898.0678203,[]
8451,1398846898.0678544,[]
8452,1398846898.1079824,[]
8453,1398846898.113758,[]
8454,1398846898.1519027,[]
8455,1398846898.1918721,[]
8456,1398846898.19189,[]
8457,1398846898.232031,[]
8458,1398846898.2385085,[]
8459,1398846898.2758844,[]
8460,1398846898.3158162,[]
8461,1398846898.3158474,[]
8462,1398846898.355899,[]
8463,1398846898.3635228,[]
8464,1398846898.3998694,[]
8465,1398846898.4398026,[]
8466,1398846898.4398286,[]
8467,1398846898.479873,[]
8468,1398846898.4880114,[]
8469,1398846898.5278578,[]
8470,1398846898.567884,[]
8471,1398846898.567915,[]
8472,1398846898.607834,[]
8473,1398846898.613179,[]
8474,1398846898.6518924,[]
8475,1398846898.6918387,[]
8476,1398846898.691875,[]
8477,1398846898.731972,[]
8478,1398846898.7377717,[]
8479,1398846898.7758605,[]
8480,1398846898.8158743,[]
8481,1398846898.815907,[]
8482,1398846898.8558905,[]
8483,1398846898.8624854,[]
8484,1398846898.8998754,[]
8485,1398846898.9398503,[]
8486,1398846898.9398818,[]
8487,1398846898.9798942,[]
8488,1398846898.9887924,[]
8489,1398846899.0278435,[]
8490,1398846899.067858,[]
8491,1398846899.0678926,[]
8492,1398846899.107895,[]
8493,1398846899.113401,[]
8494,1398846899.151873,[]
8495,1398846899.191888,[]
8496,1398846899.1919174,[]
8497,1398846899.2318969,[]
8498,1398846899.2375166,[]
8499,1398846899.2758658,[]
8500,1398846899.3158991,[]
8501,1398846899.3159373,[]
8502,1398846899.3558707,[]
8503,1398846899.3623958,[]
8504,1398846899.399866,[]
8505,1398846899.4398673,[]
8506,1398846899.4398963,[]
8507,1398846899.4797938,[]
8508,1398846899.4862645,[]
8509,1398846899.523872,[]
8510,1398846899.5638735,[]
8511,1398846899.563907,[]
8512,1398846899.6038907,[]
8513,1398846899.611421,[]
8514,1398846899.6479414,[]
8515,1398846899.6878424,[]
8516,1398846899.6878798,[]
8517,1398846899.7278821,[]
8518,1398846899.736743,[]
8519,1398846899.7759583,[]
8520,1398846899.8158588,[]
8521,1398846899.8158872,[]
8522,1398846899.8559113,[]
8523,1398846899.8618991,[]
8524,1398846899.8998725,[]
8525,1398846899.9398477,[]
8526,1398846899.939882,[]
8527,1398846899.9799194,[]
8528,1398846899.987075,[]
8529,1398846900.023906,[]
8530,1398846900.0638773,[]
8531,1398846900.063905,[]
8532,1398846900.1039183,[]
8533,1398846900.1104918,[]
8534,1398846900.1478765,[]
8535,1398846900.1878676,[]
8536,1398846900.2278888,[]
8537,1398846900.2279205,[]
8538,1398846900.2678678,[]
8539,1398846900.2678967,[]
8540,1398846900.307801,[]
8541,1398846900.3096595,[]
8542,1398846900.347889,[]
8543,1398846900.387885,[]
8544,1398846900.3879168,[]
8545,1398846900.427834,[]
8546,1398846900.4346333,[]
8547,1398846900.4718993,[]
8548,1398846900.5119212,[]
8549,1398846900.511953,[]
8550,1398846900.5518794,[]
8551,1398846900.559035,[]
8552,1398846900.5958996,[]
8553,1398846900.635841,[]
8554,1398846900.6358669,[]
8555,1398846900.6759565,[]
8556,1398846900.684754,[]
8557,1398846900.7238941,[]
8558,1398846900.7638552,[]
8559,1398846900.7638829,[]
8560,1398846900.8038275,[]
8561,1398846900.808981,[]
8562,1398846900.8478417,[]
8563,1398846900.887967,[]
8564,1398846900.8880005,[]
8565,1398846900.9279115,[]
8566,1398846900.9341323,[]
8567,1398846900.971928,[]
8568,1398846901.0118568,[]
8569,1398846901.0118876,[]
8570,1398846901.0518892,[]
8571,1398846901.0596483,[]
8572,1398846901.0958407,[]
8573,1398846901.1358273,[]
8574,1398846901.135861,[]
8575,1398846901.1758997,[]
8576,1398846901.1845322,[]
8577,1398846901.2239478,[]
8578,1398846901.2638292,[]
8579,1398846901.2638605,[]
8580,1398846901.303897,[]
8581,1398846901.3093753,[]
8582,1398846901.347908,[]
8583,1398846901.3878841,[]
8584,1398846901.3879151,[]
8585,1398846901.4278738,[]
8586,1398846901.4379873,[]
8587,1398846901.4758377,[]
8588,1398846901.5158398,[]
8589,1398846901.515857,[]
8590,1398846901.5558698,[]
8591,1398846901.559106,[]
8592,1398846901.5958958,[]
8593,1398846901.6358929,[]
8594,1398846901.6359236,[]
8595,1398846901.67589,[]
8596,1398846901.684429,[]
8597,1398846901.7238731,[]
8598,1398846901.7639408,[]
8599,1398846901.7639604,[]
8600,1398846901.8038404,[]
8601,1398846901.8087788,[]
8602,1398846901.8478773,[]
8603,1398846901.887904,[]
8604,1398846901.887933,[]
8605,1398846901.9278488,[]
8606,1398846901.9341388,[]
8607,1398846901.9718685,[]
8608,1398846902.0118153,[]
8609,1398846902.0118523,[]
8610,1398846902.0519903,[]
8611,1398846902.0607953,[]
8612,1398846902.0998049,[]
8613,1398846902.139857,[]
8614,1398846902.1398804,[]
8615,1398846902.1798372,[]
8616,1398846902.1841645,[]
8617,1398846902.2239935,[]
8618,1398846902.2638788,[]
8619,1398846902.2639146,[]
8620,1398846902.3038344,[]
8621,1398846902.3086963,[]
8622,1398846902.3478763,[]
8623,1398846902.38784,[]
8624,1398846902.387874,[]
8625,1398846902.4280047,[]
8626,1398846902.4332314,[]
8627,1398846902.4718454,[]
8628,1398846902.5118785,[]
8629,1398846902.5119064,[]
8630,1398846902.5518634,[]
8631,1398846902.558395,[]
8632,1398846902.5958624,[]
8633,1398846902.6358662,[]
8634,1398846902.675941,[]
8635,1398846902.6759856,[]
8636,1398846902.7159073,[]
8637,1398846902.7159407,[]
8638,1398846902.755851,[]
8639,1398846902.7571595,[]
8640,1398846902.7958753,[]
8641,1398846902.835874,[]
8642,1398846902.8359025,[]
8643,1398846902.8759103,[]
8644,1398846902.8830342,[]
8645,1398846902.9199,[]
8646,1398846902.9598777,[]
8647,1398846902.9599097,[]
8648,1398846902.999895,[]
8649,1398846903.0069563,[]
8650,1398846903.0439785,[]
8651,1398846903.0839,[]
8652,1398846903.0839303,[]
8653,1398846903.1238885,[]
8654,1398846903.1310184,[]
8655,1398846903.1678479,[]
8656,1398846903.2078927,[]
8657,1398846903.2079232,[]
8658,1398846903.247951,[]
8659,1398846903.2561347,[]
8660,1398846903.2958646,[]
8661,1398846903.3358915,[]
8662,1398846903.3359206,[]
8663,1398846903.375885,[]
8664,1398846903.3808966,[]
8665,1398846903.4198492,[]
8666,1398846903.4598231,[]
8667,1398846903.459847,[]
8668,1398846903.499854,[]
8669,1398846903.5058966,[]
8670,1398846903.5439322,[]
8671,1398846903.5838892,[]
8672,1398846903.5839212,[]
8673,1398846903.6238642,[]
8674,1398846903.6296315,[]
8675,1398846903.6678665,[]
8676,1398846903.7078648,[]
8677,1398846903.7078927,[]
8678,1398846903.7478282,[]
8679,1398846903.7546334,[]
8680,1398846903.7918887,[]
8681,1398846903.8318765,[]
8682,1398846903.8319054,[]
8683,1398846903.871901,[]
8684,1398846903.8785162,[]
8685,1398846903.9158456,[]
8686,1398846903.9558802,[]
8687,1398846903.95591,[]
8688,1398846903.9958897,[]
8689,1398846904.0034008,[]
8690,1398846904.0398335,[]
8691,1398846904.0798697,[]
8692,1398846904.0799012,[]
8693,1398846904.1199005,[]
8694,1398846904.1285012,[]
8695,1398846904.1679118,[]
8696,1398846904.2078705,[]
8697,1398846904.2079158,[]
8698,1398846904.2478182,[]
8699,1398846904.252752,[]
8700,1398846904.2918756,[]
8701,1398846904.3318813,[]
8702,1398846904.3319116,[]
8703,1398846904.3718913,[]
8704,1398846904.377498,[]
8705,1398846904.4158862,[]
8706,1398846904.4558675,[]
8707,1398846904.4558954,[]
8708,1398846904.495868,[]
8709,1398846904.5020232,[]
8710,1398846904.539948,[]
8711,1398846904.5798538,[]
8712,1398846904.5798845,[]
8713,1398846904.619922,[]
8714,1398846904.6274245,[]
8715,1398846904.6639855,[]
8716,1398846904.7038827,[]
8717,1398846904.70391,[]
8718,1398846904.7438257,[]
8719,1398846904.751984,[]
8720,1398846904.7919118,[]
8721,1398846904.83178,[]
8722,1398846904.8317971,[]
8723,1398846904.8719058,[]
8724,1398846904.877923,[]
8725,1398846904.9158714,[]
8726,1398846904.9558852,[]
8727,1398846904.9559166,[]
8728,1398846904.9958885,[]
8729,1398846905.0006638,[]
8730,1398846905.0402324,[]
8731,1398846905.0798476,[]
8732,1398846905.0798688,[]
8733,1398846905.1199853,[]
8734,1398846905.126203,[]
8735,1398846905.1639225,[]
8736,1398846905.203883,[]
8737,1398846905.203916,[]
8738,1398846905.2438571,[]
8739,1398846905.2500212,[]
8740,1398846905.2878833,[]
8741,1398846905.3279285,[]
8742,1398846905.3279672,[]
8743,1398846905.3678951,[]
8744,1398846905.374715,[]
8745,1398846905.4118354,[]
8746,1398846905.4518468,[]
8747,1398846905.4519088,[]
8748,1398846905.491909,[]
8749,1398846905.4998937,[]
8750,1398846905.5400329,[]
8751,1398846905.5799923,[]
8752,1398846905.5800197,[]
8753,1398846905.6200082,[]
8754,1398846905.6242838,[]
8755,1398846905.6639316,[]
8756,1398846905.7038743,[]
8757,1398846905.7039027,[]
8758,1398846905.7439027,[]
8759,1398846905.7493742,[]
8760,1398846905.7879207,[]
8761,1398846905.8278894,[]
8762,1398846905.8279192,[]
8763,1398846905.8679233,[]
8764,1398846905.8738718,[]
8765,1398846905.911866,[]
8766,1398846905.9518557,[]
8767,1398846905.9518898,[]
8768,1398846905.9919288,[]
8769,1398846906.0000103,[]
8770,1398846906.039919,[]
8771,1398846906.0799277,[]
8772,1398846906.0799646,[]
8773,1398846906.1199205,[]
8774,1398846906.1240242,[]
8775,1398846906.1638975,[]
8776,1398846906.2039034,[]
8777,1398846906.2039483,[]
8778,1398846906.2438552,[]
8779,1398846906.2492638,[]
8780,1398846906.2878687,[]
8781,1398846906.3279116,[]
8782,1398846906.3279505,[]
8783,1398846906.3678796,[]
8784,1398846906.3730319,[]
8785,1398846906.4118345,[]
8786,1398846906.451841,[]
8787,1398846906.45186,[]
8788,1398846906.4918685,[]
8789,1398846906.4980173,[]
8790,1398846906.53596,[]
8791,1398846906.5759242,[]
8792,1398846906.575962,[]
8793,1398846906.61584,[]
8794,1398846906.622776,[]
8795,1398846906.6599722,[]
8796,1398846906.6998794,[]
8797,1398846906.6999066,[]
8798,1398846906.7399452,[]
8799,1398846906.7477832,[]
8800,1398846906.7838895,[]
8801,1398846906.8239107,[]
8802,1398846906.8239336,[]
8803,1398846906.8638706,[]
8804,1398846906.8723867,[]
8805,1398846906.9119,[]
8806,1398846906.951905,[]
8807,1398846906.9519365,[]
8808,1398846906.9918978,[]
8809,1398846906.9970238,[]
8810,1398846907.0358973,[]
8811,1398846907.0758765,[]
8812,1398846907.0759408,[]
8813,1398846907.1158872,[]
8814,1398846907.1217637,[]
8815,1398846907.1599813,[]
8816,1398846907.1998777,[]
8817,1398846907.1999142,[]
8818,1398846907.2398942,[]
8819,1398846907.247236,[]
8820,1398846907.2839189,[]
8821,1398846907.3239236,[]
8822,1398846907.323947,[]
8823,1398846907.3639474,[]
8824,1398846907.3713734,[]
8825,1398846907.40789,[]
8826,1398846907.4478269,[]
8827,1398846907.447848,[]
8828,1398846907.4878745,[]
8829,1398846907.4960065,[]
8830,1398846907.535792,[]
8831,1398846907.5758944,[]
8832,1398846907.5759246,[]
8833,1398846907.6158245,[]
8834,1398846907.6212015,[]
8835,1398846907.6598835,[]
8836,1398846907.6998627,[]
8837,1398846907.699896,[]
8838,1398846907.7398667,[]
8839,1398846907.7455137,[]
8840,1398846907.7840052,[]
8841,1398846907.823831,[]
8842,1398846907.8238554,[]
8843,1398846907.8639452,[]
8844,1398846907.8713043,[]
8845,1398846907.9078422,[]
8846,1398846907.9478526,[]
8847,1398846907.9478884,[]
8848,1398846907.9879029,[]
8849,1398846907.9959464,[]
8850,1398846908.035916,[]
8851,1398846908.0758839,[]
8852,1398846908.0759187,[]
8853,1398846908.1158738,[]
8854,1398846908.1203878,[]
8855,1398846908.1599562,[]
8856,1398846908.1998935,[]
8857,1398846908.199919,[]
8858,1398846908.2398396,[]
8859,1398846908.2450368,[]
8860,1398846908.2839015,[]
8861,1398846908.323844,[]
8862,1398846908.3238685,[]
8863,1398846908.363888,[]
8864,1398846908.3695426,[]
8865,1398846908.4078639,[]
8866,1398846908.4478614,[]
8867,1398846908.4478822,[]
8868,1398846908.4878807,[]
8869,1398846908.4949281,[]
8870,1398846908.5319524,[]
8871,1398846908.5718539,[]
8872,1398846908.571886,[]
8873,1398846908.6119418,[]
8874,1398846908.619402,[]
8875,1398846908.6561673,[]
8876,1398846908.6958783,[]
8877,1398846908.695911,[]
8878,1398846908.7359037,[]
8879,1398846908.744774,[]
8880,1398846908.7838087,[]
8881,1398846908.8238788,[]
8882,1398846908.823911,[]
8883,1398846908.8639085,[]
8884,1398846908.8688393,[]
8885,1398846908.9078317,[]
8886,1398846908.947859,[]
8887,1398846908.9478898,[]
8888,1398846908.9878504,[]
8889,1398846908.9946628,[]
8890,1398846909.0318182,[]
8891,1398846909.0718946,[]
8892,1398846909.0719235,[]
8893,1398846909.1119545,[]
8894,1398846909.1184132,[]
8895,1398846909.155961,[]
8896,1398846909.1958945,[]
8897,1398846909.195925,[]
8898,1398846909.2358801,[]
8899,1398846909.244488,[]
8900,1398846909.2838783,[]
8901,1398846909.3239238,[]
8902,1398846909.3239434,[]
8903,1398846909.3638756,[]
8904,1398846909.3680487,[]
8905,1398846909.4078996,[]
8906,1398846909.447874,[]
8907,1398846909.4479036,[]
8908,1398846909.487962,[]
8909,1398846909.4933276,[]
8910,1398846909.5318182,[]
8911,1398846909.5719311,[]
8912,1398846909.5719666,[]
8913,1398846909.6119282,[]
8914,1398846909.6182292,[]
8915,1398846909.6558762,[]
8916,1398846909.6958694,[]
8917,1398846909.6959112,[]
8918,1398846909.7359045,[]
8919,1398846909.7481046,[]
8920,1398846909.787986,[]
8921,1398846909.827899,[]
8922,1398846909.8279662,[]
8923,1398846909.8678682,[]
8924,1398846909.8679001,[]
8925,1398846909.9078903,[]
8926,1398846909.9173746,[]
8927,1398846909.9561362,[]
8928,1398846909.9959543,[]
8929,1398846909.9960089,[]
8930,1398846910.035891,[]
8931,1398846910.0420122,[]
8932,1398846910.0798342,[]
8933,1398846910.1198993,[]
8934,1398846910.1199176,[]
8935,1398846910.1599467,[]
8936,1398846910.1677816,[]
8937,1398846910.204,[]
8938,1398846910.2439003,[]
8939,1398846910.2439754,[]
8940,1398846910.2839644,[]
8941,1398846910.2926354,[]
8942,1398846910.33185,[]
8943,1398846910.3718648,[]
8944,1398846910.3719,[]
8945,1398846910.411921,[]
8946,1398846910.415188,[]
8947,1398846910.4519653,[]
8948,1398846910.4918518,[]
8949,1398846910.4918811,[]
8950,1398846910.5318732,[]
8951,1398846910.5405974,[]
8952,1398846910.579818,[]
8953,1398846910.619871,[]
8954,1398846910.6198933,[]
8955,1398846910.659942,[]
8956,1398846910.6655695,[]
8957,1398846910.7038698,[]
8958,1398846910.7438776,[]
8959,1398846910.7438998,[]
8960,1398846910.7839189,[]
8961,1398846910.7896385,[]
8962,1398846910.8278701,[]
8963,1398846910.8679202,[]
8964,1398846910.867954,[]
8965,1398846910.9079483,[]
8966,1398846910.91501,[]
8967,1398846910.9518392,[]
8968,1398846910.9918776,[]
8969,1398846910.991946,[]
8970,1398846911.0319493,[]
8971,1398846911.0398104,[]
8972,1398846911.0758371,[]
8973,1398846911.1159408,[]
8974,1398846911.115964,[]
8975,1398846911.1559265,[]
8976,1398846911.1647606,[]
8977,1398846911.2038748,[]
8978,1398846911.2438524,[]
8979,1398846911.243885,[]
8980,1398846911.2841034,[]
8981,1398846911.289774,[]
8982,1398846911.3279727,[]
8983,1398846911.3678563,[]
8984,1398846911.367904,[]
8985,1398846911.4079306,[]
8986,1398846911.414613,[]
8987,1398846911.4518235,[]
8988,1398846911.491919,[]
8989,1398846911.4919627,[]
8990,1398846911.5319927,[]
8991,1398846911.5389118,[]
8992,1398846911.5759165,[]
8993,1398846911.6158707,[]
8994,1398846911.615888,[]
8995,1398846911.655913,[]
8996,1398846911.664507,[]
8997,1398846911.7038462,[]
8998,1398846911.7438173,[]
8999,1398846911.7438445,[]
9000,1398846911.7838488,[]
9001,1398846911.7882102,[]
9002,1398846911.8278518,[]
9003,1398846911.8678014,[]
9004,1398846911.8678298,[]
9005,1398846911.9078574,[]
9006,1398846911.9133925,[]
9007,1398846911.9518387,[]
9008,1398846911.991929,[]
9009,1398846911.9919548,[]
9010,1398846912.0319288,[]
9011,1398846912.0382726,[]
9012,1398846912.0758274,[]
9013,1398846912.1158853,[]
9014,1398846912.1159174,[]
9015,1398846912.1558847,[]
9016,1398846912.1627684,[]
9017,1398846912.1998413,[]
9018,1398846912.2398484,[]
9019,1398846912.2398643,[]
9020,1398846912.2799041,[]
9021,1398846912.2878962,[]
9022,1398846912.3278246,[]
9023,1398846912.3678956,[]
9024,1398846912.3679225,[]
9025,1398846912.4078815,[]
9026,1398846912.412293,[]
9027,1398846912.4518719,[]
9028,1398846912.491891,[]
9029,1398846912.4919138,[]
9030,1398846912.5319152,[]
9031,1398846912.5377564,[]
9032,1398846912.57585,[]
9033,1398846912.615843,[]
9034,1398846912.615877,[]
9035,1398846912.65589,[]
9036,1398846912.6626532,[]
9037,1398846912.6998613,[]
9038,1398846912.7398584,[]
9039,1398846912.7398882,[]
9040,1398846912.7798405,[]
9041,1398846912.7863262,[]
9042,1398846912.8238902,[]
9043,1398846912.863959,[]
9044,1398846912.8639793,[]
9045,1398846912.9039366,[]
9046,1398846912.9116442,[]
9047,1398846912.9478548,[]
9048,1398846912.987987,[]
9049,1398846912.9880307,[]
9050,1398846913.0278704,[]
9051,1398846913.0359368,[]
9052,1398846913.075906,[]
9053,1398846913.115856,[]
9054,1398846913.1158872,[]
9055,1398846913.155875,[]
9056,1398846913.1603842,[]
9057,1398846913.1998518,[]
9058,1398846913.2398348,[]
9059,1398846913.2398624,[]
9060,1398846913.2799234,[]
9061,1398846913.284758,[]
9062,1398846913.3239517,[]
9063,1398846913.3639066,[]
9064,1398846913.3639414,[]
9065,1398846913.403878,[]
9066,1398846913.409813,[]
9067,1398846913.4478638,[]
9068,1398846913.4878561,[]
9069,1398846913.4878855,[]
9070,1398846913.5279062,[]
9071,1398846913.5345144,[]
9072,1398846913.5718563,[]
9073,1398846913.61192,[]
9074,1398846913.6119685,[]
9075,1398846913.6519313,[]
9076,1398846913.6596072,[]
9077,1398846913.6958516,[]
9078,1398846913.7358057,[]
9079,1398846913.7358341,[]
9080,1398846913.7758436,[]
9081,1398846913.784157,[]
9082,1398846913.8238752,[]
9083,1398846913.863884,[]
9084,1398846913.8639128,[]
9085,1398846913.903907,[]
9086,1398846913.909265,[]
9087,1398846913.9478896,[]
9088,1398846913.9878876,[]
9089,1398846913.9879215,[]
9090,1398846914.0318563,[]
9091,1398846914.0335307,[]
9092,1398846914.0718102,[]
9093,1398846914.111856,[]
9094,1398846914.1118855,[]
9095,1398846914.1519685,[]
9096,1398846914.159646,[]
9097,1398846914.1958256,[]
9098,1398846914.2358918,[]
9099,1398846914.2359703,[]
9100,1398846914.2759078,[]
9101,1398846914.2831366,[]
9102,1398846914.3198557,[]
9103,1398846914.359852,[]
9104,1398846914.359881,[]
9105,1398846914.399891,[]
9106,1398846914.4072723,[]
9107,1398846914.443878,[]
9108,1398846914.4838746,[]
9109,1398846914.483897,[]
9110,1398846914.5238764,[]
9111,1398846914.5331378,[]
9112,1398846914.571894,[]
9113,1398846914.6118221,[]
9114,1398846914.611853,[]
9115,1398846914.6518483,[]
9116,1398846914.6569011,[]
9117,1398846914.69588,[]
9118,1398846914.7358668,[]
9119,1398846914.7758274,[]
9120,1398846914.7758543,[]
9121,1398846914.8158157,[]
9122,1398846914.815831,[]
9123,1398846914.8559477,[]
9124,1398846914.8601022,[]
9125,1398846914.899842,[]
9126,1398846914.9398122,[]
9127,1398846914.93984,[]
9128,1398846914.9798424,[]
9129,1398846914.9816086,[]
9130,1398846915.0199115,[]
9131,1398846915.0600297,[]
9132,1398846915.060068,[]
9133,1398846915.1000135,[]
9134,1398846915.1060977,[]
9135,1398846915.1439383,[]
9136,1398846915.1838927,[]
9137,1398846915.1839738,[]
9138,1398846915.2239182,[]
9139,1398846915.2316222,[]
9140,1398846915.2678332,[]
9141,1398846915.307823,[]
9142,1398846915.307875,[]
9143,1398846915.3478847,[]
9144,1398846915.3564093,[]
9145,1398846915.3958895,[]
9146,1398846915.4359136,[]
9147,1398846915.4359896,[]
9148,1398846915.475933,[]
9149,1398846915.480631,[]
9150,1398846915.519907,[]
9151,1398846915.5599718,[]
9152,1398846915.5600023,[]
9153,1398846915.5998747,[]
9154,1398846915.605643,[]
9155,1398846915.6438582,[]
9156,1398846915.6839075,[]
9157,1398846915.683962,[]
9158,1398846915.7238758,[]
9159,1398846915.73014,[]
9160,1398846915.7680612,[]
9161,1398846915.8079162,[]
9162,1398846915.8079996,[]
9163,1398846915.8478522,[]
9164,1398846915.8559117,[]
9165,1398846915.895812,[]
9166,1398846915.9358287,[]
9167,1398846915.9358597,[]
9168,1398846915.9758854,[]
9169,1398846915.9829555,[]
9170,1398846916.0198557,[]
9171,1398846916.0599124,[]
9172,1398846916.0599477,[]
9173,1398846916.0999131,[]
9174,1398846916.1055248,[]
9175,1398846916.1438923,[]
9176,1398846916.1838324,[]
9177,1398846916.183868,[]
9178,1398846916.223922,[]
9179,1398846916.230316,[]
9180,1398846916.2678998,[]
9181,1398846916.307818,[]
9182,1398846916.3078475,[]
9183,1398846916.347924,[]
9184,1398846916.3545053,[]
9185,1398846916.391827,[]
9186,1398846916.432004,[]
9187,1398846916.4320266,[]
9188,1398846916.4719238,[]
9189,1398846916.478241,[]
9190,1398846916.5158925,[]
9191,1398846916.5558681,[]
9192,1398846916.5558982,[]
9193,1398846916.595863,[]
9194,1398846916.6039956,[]
9195,1398846916.6438937,[]
9196,1398846916.683896,[]
9197,1398846916.68393,[]
9198,1398846916.7238507,[]
9199,1398846916.7282834,[]
9200,1398846916.7678747,[]
9201,1398846916.8077662,[]
9202,1398846916.8077805,[]
9203,1398846916.8478782,[]
9204,1398846916.8538535,[]
9205,1398846916.8919258,[]
9206,1398846916.9318542,[]
9207,1398846916.9318876,[]
9208,1398846916.9718797,[]
9209,1398846916.9777734,[]
9210,1398846917.0159595,[]
9211,1398846917.055886,[]
9212,1398846917.0559185,[]
9213,1398846917.0959673,[]
9214,1398846917.1027694,[]
9215,1398846917.139822,[]
9216,1398846917.1798968,[]
9217,1398846917.1799276,[]
9218,1398846917.219899,[]
9219,1398846917.2273626,[]
9220,1398846917.263831,[]
9221,1398846917.3038414,[]
9222,1398846917.3038735,[]
9223,1398846917.343893,[]
9224,1398846917.352483,[]
9225,1398846917.3918312,[]
9226,1398846917.4318771,[]
9227,1398846917.4319644,[]
9228,1398846917.4719074,[]
9229,1398846917.4769979,[]
9230,1398846917.5158737,[]
9231,1398846917.5558712,[]
9232,1398846917.5559072,[]
9233,1398846917.595935,[{'idp':  1 ,  'x':  8.46 ,  'y':  0.61 ,  'r':  0.4 ,  'type':  1}]
9234,1398846917.6020484,[{'idp':  1 ,  'x':  8.37 ,  'y':  0.58 ,  'r':  0.4 ,  'type':  1}]
9235,1398846917.639854,[{'idp':  1 ,  'x':  8.28 ,  'y':  0.62 ,  'r':  0.4 ,  'type':  1}]
9236,1398846917.679827,[{'idp':  1 ,  'x':  8.2 ,  'y':  0.65 ,  'r':  0.4 ,  'type':  1}]
9237,1398846917.6798763,[{'idp':  1 ,  'x':  8.17 ,  'y':  0.63 ,  'r':  0.4 ,  'type':  1}]
9238,1398846917.7199101,[{'idp':  1 ,  'x':  8.11 ,  'y':  0.62 ,  'r':  0.4 ,  'type':  1}]
9239,1398846917.7266376,[{'idp':  1 ,  'x':  8.05 ,  'y':  0.62 ,  'r':  0.4 ,  'type':  1}]
9240,1398846917.7638428,[{'idp':  1 ,  'x':  8.01 ,  'y':  0.63 ,  'r':  0.4 ,  'type':  1}]
9241,1398846917.8039696,[{'idp':  1 ,  'x':  7.98 ,  'y':  0.63 ,  'r':  0.4 ,  'type':  1}]
9242,1398846917.8040023,[{'idp':  1 ,  'x':  7.93 ,  'y':  0.62 ,  'r':  0.4 ,  'type':  1}]
9243,1398846917.8439062,[{'idp':  1 ,  'x':  7.88 ,  'y':  0.6 ,  'r':  0.4 ,  'type':  1}]
9244,1398846917.8515024,[{'idp':  1 ,  'x':  7.85 ,  'y':  0.6 ,  'r':  0.4 ,  'type':  1}]
9245,1398846917.8878303,[{'idp':  1 ,  'x':  7.83 ,  'y':  0.58 ,  'r':  0.4 ,  'type':  1}]
9246,1398846917.9278653,[{'idp':  1 ,  'x':  7.78 ,  'y':  0.58 ,  'r':  0.4 ,  'type':  1}]
9247,1398846917.9278939,[{'idp':  1 ,  'x':  7.74 ,  'y':  0.56 ,  'r':  0.4 ,  'type':  1}]
9248,1398846917.9679,[{'idp':  1 ,  'x':  7.69 ,  'y':  0.57 ,  'r':  0.4 ,  'type':  1}]
9249,1398846917.976216,[{'idp':  1 ,  'x':  7.66 ,  'y':  0.59 ,  'r':  0.4 ,  'type':  1}]
9250,1398846918.0159717,[{'idp':  1 ,  'x':  7.62 ,  'y':  0.6 ,  'r':  0.4 ,  'type':  1}]
9251,1398846918.0558567,[{'idp':  1 ,  'x':  7.6 ,  'y':  0.6 ,  'r':  0.4 ,  'type':  1}]
9252,1398846918.0558887,[{'idp':  1 ,  'x':  7.56 ,  'y':  0.59 ,  'r':  0.4 ,  'type':  1}]
9253,1398846918.095908,[{'idp':  1 ,  'x':  7.54 ,  'y':  0.56 ,  'r':  0.4 ,  'type':  1}]
9254,1398846918.1004055,[{'idp':  1 ,  'x':  7.47 ,  'y':  0.57 ,  'r':  0.4 ,  'type':  1}]
9255,1398846918.1398685,[{'idp':  1 ,  'x':  7.43 ,  'y':  0.57 ,  'r':  0.4 ,  'type':  1}]
9256,1398846918.1798503,[{'idp':  1 ,  'x':  7.37 ,  'y':  0.59 ,  'r':  0.4 ,  'type':  1}]
9257,1398846918.1798823,[{'idp':  1 ,  'x':  7.33 ,  'y':  0.59 ,  'r':  0.4 ,  'type':  1}]
9258,1398846918.2200239,[{'idp':  1 ,  'x':  7.27 ,  'y':  0.59 ,  'r':  0.4 ,  'type':  1}]
9259,1398846918.2257915,[{'idp':  1 ,  'x':  7.24 ,  'y':  0.58 ,  'r':  0.4 ,  'type':  1}]
9260,1398846918.263954,[{'idp':  1 ,  'x':  7.19 ,  'y':  0.6 ,  'r':  0.4 ,  'type':  1}]
9261,1398846918.3038218,[{'idp':  1 ,  'x':  7.14 ,  'y':  0.62 ,  'r':  0.4 ,  'type':  1}]
9262,1398846918.3038774,[{'idp':  1 ,  'x':  7.1 ,  'y':  0.59 ,  'r':  0.4 ,  'type':  1}]
9263,1398846918.3438723,[{'idp':  1 ,  'x':  7.04 ,  'y':  0.57 ,  'r':  0.4 ,  'type':  1}]
9264,1398846918.3503954,[{'idp':  1 ,  'x':  6.98 ,  'y':  0.59 ,  'r':  0.4 ,  'type':  1}]
9265,1398846918.3879025,[{'idp':  1 ,  'x':  6.94 ,  'y':  0.61 ,  'r':  0.4 ,  'type':  1}]
9266,1398846918.4278805,[{'idp':  1 ,  'x':  6.9 ,  'y':  0.62 ,  'r':  0.4 ,  'type':  1}]
9267,1398846918.4279053,[{'idp':  1 ,  'x':  6.87 ,  'y':  0.63 ,  'r':  0.4 ,  'type':  1}]
9268,1398846918.4679506,[{'idp':  1 ,  'x':  6.83 ,  'y':  0.63 ,  'r':  0.4 ,  'type':  1}]
9269,1398846918.4756029,[{'idp':  1 ,  'x':  6.8 ,  'y':  0.63 ,  'r':  0.4 ,  'type':  1}]
9270,1398846918.5119011,[{'idp':  1 ,  'x':  6.74 ,  'y':  0.61 ,  'r':  0.4 ,  'type':  1}]
9271,1398846918.5518255,[{'idp':  1 ,  'x':  6.69 ,  'y':  0.59 ,  'r':  0.4 ,  'type':  1}]
9272,1398846918.5518596,[{'idp':  1 ,  'x':  6.67 ,  'y':  0.6 ,  'r':  0.4 ,  'type':  1}]
9273,1398846918.591922,[{'idp':  1 ,  'x':  6.64 ,  'y':  0.63 ,  'r':  0.4 ,  'type':  1}]
9274,1398846918.6002727,[{'idp':  1 ,  'x':  6.61 ,  'y':  0.62 ,  'r':  0.4 ,  'type':  1}]
9275,1398846918.6398883,[{'idp':  1 ,  'x':  6.55 ,  'y':  0.62 ,  'r':  0.4 ,  'type':  1}]
9276,1398846918.6798768,[{'idp':  1 ,  'x':  6.51 ,  'y':  0.61 ,  'r':  0.4 ,  'type':  1}]
9277,1398846918.6799083,[{'idp':  1 ,  'x':  6.46 ,  'y':  0.61 ,  'r':  0.4 ,  'type':  1}]
9278,1398846918.719866,[{'idp':  1 ,  'x':  6.4 ,  'y':  0.6 ,  'r':  0.4 ,  'type':  1}]
9279,1398846918.7255812,[{'idp':  1 ,  'x':  6.4 ,  'y':  0.65 ,  'r':  0.4 ,  'type':  1}]
9280,1398846918.764025,[{'idp':  1 ,  'x':  6.31 ,  'y':  0.61 ,  'r':  0.4 ,  'type':  1}]
9281,1398846918.8038416,[{'idp':  1 ,  'x':  6.24 ,  'y':  0.62 ,  'r':  0.4 ,  'type':  1}]
9282,1398846918.8038702,[{'idp':  1 ,  'x':  6.18 ,  'y':  0.61 ,  'r':  0.4 ,  'type':  1}]
9283,1398846918.843872,[{'idp':  1 ,  'x':  6.16 ,  'y':  0.63 ,  'r':  0.4 ,  'type':  1}]
9284,1398846918.8498707,[{'idp':  1 ,  'x':  6.12 ,  'y':  0.63 ,  'r':  0.4 ,  'type':  1}]
9285,1398846918.8880234,[{'idp':  1 ,  'x':  6.1 ,  'y':  0.62 ,  'r':  0.4 ,  'type':  1}]
9286,1398846918.9278696,[{'idp':  1 ,  'x':  6.06 ,  'y':  0.58 ,  'r':  0.4 ,  'type':  1}]
9287,1398846918.9279063,[{'idp':  1 ,  'x':  6.02 ,  'y':  0.61 ,  'r':  0.4 ,  'type':  1}]
9288,1398846918.971825,[{'idp':  1 ,  'x':  6.0 ,  'y':  0.62 ,  'r':  0.4 ,  'type':  1}]
9289,1398846918.974685,[{'idp':  1 ,  'x':  5.94 ,  'y':  0.64 ,  'r':  0.4 ,  'type':  1}]
9290,1398846919.011891,[{'idp':  1 ,  'x':  5.91 ,  'y':  0.69 ,  'r':  0.4 ,  'type':  1}]
9291,1398846919.0518293,[{'idp':  1 ,  'x':  5.86 ,  'y':  0.68 ,  'r':  0.4 ,  'type':  1}]
9292,1398846919.0518582,[{'idp':  1 ,  'x':  5.83 ,  'y':  0.65 ,  'r':  0.4 ,  'type':  1}]
9293,1398846919.09185,[{'idp':  1 ,  'x':  5.79 ,  'y':  0.65 ,  'r':  0.4 ,  'type':  1}]
9294,1398846919.09877,[{'idp':  1 ,  'x':  5.73 ,  'y':  0.66 ,  'r':  0.4 ,  'type':  1}]
9295,1398846919.135852,[{'idp':  1 ,  'x':  5.72 ,  'y':  0.66 ,  'r':  0.4 ,  'type':  1}]
9296,1398846919.1758554,[{'idp':  1 ,  'x':  5.66 ,  'y':  0.67 ,  'r':  0.4 ,  'type':  1}]
9297,1398846919.1759076,[{'idp':  1 ,  'x':  5.62 ,  'y':  0.67 ,  'r':  0.4 ,  'type':  1}]
9298,1398846919.2159028,[{'idp':  1 ,  'x':  5.58 ,  'y':  0.67 ,  'r':  0.4 ,  'type':  1}]
9299,1398846919.2245328,[{'idp':  1 ,  'x':  5.56 ,  'y':  0.67 ,  'r':  0.4 ,  'type':  1}]
9300,1398846919.2638595,[{'idp':  1 ,  'x':  5.52 ,  'y':  0.69 ,  'r':  0.4 ,  'type':  1}]
9301,1398846919.3038669,[{'idp':  1 ,  'x':  5.49 ,  'y':  0.67 ,  'r':  0.4 ,  'type':  1}]
9302,1398846919.303906,[{'idp':  1 ,  'x':  5.43 ,  'y':  0.65 ,  'r':  0.4 ,  'type':  1}]
9303,1398846919.3439035,[{'idp':  1 ,  'x':  5.37 ,  'y':  0.66 ,  'r':  0.4 ,  'type':  1}]
9304,1398846919.3489516,[{'idp':  1 ,  'x':  5.33 ,  'y':  0.66 ,  'r':  0.4 ,  'type':  1}]
9305,1398846919.387875,[{'idp':  1 ,  'x':  5.26 ,  'y':  0.68 ,  'r':  0.4 ,  'type':  1}]
9306,1398846919.4278214,[{'idp':  1 ,  'x':  5.23 ,  'y':  0.69 ,  'r':  0.4 ,  'type':  1}]
9307,1398846919.4278526,[{'idp':  1 ,  'x':  5.18 ,  'y':  0.69 ,  'r':  0.4 ,  'type':  1}]
9308,1398846919.46785,[{'idp':  1 ,  'x':  5.13 ,  'y':  0.69 ,  'r':  0.4 ,  'type':  1}]
9309,1398846919.4738042,[{'idp':  1 ,  'x':  5.08 ,  'y':  0.69 ,  'r':  0.4 ,  'type':  1}]
9310,1398846919.5118709,[{'idp':  1 ,  'x':  5.05 ,  'y':  0.69 ,  'r':  0.4 ,  'type':  1}]
9311,1398846919.5518324,[{'idp':  1 ,  'x':  5.0 ,  'y':  0.7 ,  'r':  0.4 ,  'type':  1}]
9312,1398846919.5518656,[{'idp':  1 ,  'x':  4.97 ,  'y':  0.7 ,  'r':  0.4 ,  'type':  1}]
9313,1398846919.5919023,[{'idp':  1 ,  'x':  4.93 ,  'y':  0.71 ,  'r':  0.4 ,  'type':  1}]
9314,1398846919.5979095,[{'idp':  1 ,  'x':  4.88 ,  'y':  0.72 ,  'r':  0.4 ,  'type':  1}]
9315,1398846919.6358974,[{'idp':  1 ,  'x':  4.84 ,  'y':  0.71 ,  'r':  0.4 ,  'type':  1}]
9316,1398846919.6758223,[{'idp':  1 ,  'x':  4.79 ,  'y':  0.71 ,  'r':  0.4 ,  'type':  1}]
9317,1398846919.6758537,[{'idp':  1 ,  'x':  4.76 ,  'y':  0.71 ,  'r':  0.4 ,  'type':  1}]
9318,1398846919.715966,[{'idp':  1 ,  'x':  4.72 ,  'y':  0.71 ,  'r':  0.4 ,  'type':  1}]
9319,1398846919.7228222,[{'idp':  1 ,  'x':  4.68 ,  'y':  0.72 ,  'r':  0.4 ,  'type':  1}]
9320,1398846919.7599127,[{'idp':  1 ,  'x':  4.64 ,  'y':  0.72 ,  'r':  0.4 ,  'type':  1}]
9321,1398846919.7998796,[{'idp':  1 ,  'x':  4.59 ,  'y':  0.71 ,  'r':  0.4 ,  'type':  1}]
9322,1398846919.7999125,[{'idp':  1 ,  'x':  4.54 ,  'y':  0.7 ,  'r':  0.4 ,  'type':  1}]
9323,1398846919.8398874,[{'idp':  1 ,  'x':  4.5 ,  'y':  0.71 ,  'r':  0.4 ,  'type':  1}]
9324,1398846919.8479283,[{'idp':  1 ,  'x':  4.44 ,  'y':  0.71 ,  'r':  0.4 ,  'type':  1}]
9325,1398846919.8878872,[{'idp':  1 ,  'x':  4.39 ,  'y':  0.71 ,  'r':  0.4 ,  'type':  1}]
9326,1398846919.9278996,[{'idp':  1 ,  'x':  4.33 ,  'y':  0.7 ,  'r':  0.4 ,  'type':  1}]
9327,1398846919.9279757,[{'idp':  1 ,  'x':  4.27 ,  'y':  0.7 ,  'r':  0.4 ,  'type':  1}]
9328,1398846919.9678745,[{'idp':  1 ,  'x':  4.24 ,  'y':  0.71 ,  'r':  0.4 ,  'type':  1}]
9329,1398846919.972035,[{'idp':  1 ,  'x':  4.2 ,  'y':  0.72 ,  'r':  0.4 ,  'type':  1}]
9330,1398846920.0119047,[{'idp':  1 ,  'x':  4.18 ,  'y':  0.72 ,  'r':  0.4 ,  'type':  1}]
9331,1398846920.0518591,[{'idp':  1 ,  'x':  4.15 ,  'y':  0.72 ,  'r':  0.4 ,  'type':  1}]
9332,1398846920.0518858,[{'idp':  1 ,  'x':  4.12 ,  'y':  0.72 ,  'r':  0.4 ,  'type':  1}]
9333,1398846920.091959,[{'idp':  1 ,  'x':  4.08 ,  'y':  0.71 ,  'r':  0.4 ,  'type':  1}]
9334,1398846920.0970352,[{'idp':  1 ,  'x':  4.05 ,  'y':  0.72 ,  'r':  0.4 ,  'type':  1}]
9335,1398846920.135867,[{'idp':  1 ,  'x':  4.01 ,  'y':  0.73 ,  'r':  0.4 ,  'type':  1}]
9336,1398846920.1758296,[{'idp':  1 ,  'x':  3.98 ,  'y':  0.73 ,  'r':  0.4 ,  'type':  1}]
9337,1398846920.1758623,[{'idp':  1 ,  'x':  3.96 ,  'y':  0.73 ,  'r':  0.4 ,  'type':  1}]
9338,1398846920.2159662,[{'idp':  1 ,  'x':  3.95 ,  'y':  0.72 ,  'r':  0.4 ,  'type':  1}]
9339,1398846920.2230392,[{'idp':  1 ,  'x':  3.92 ,  'y':  0.73 ,  'r':  0.4 ,  'type':  1}]
9340,1398846920.2598233,[{'idp':  1 ,  'x':  3.86 ,  'y':  0.73 ,  'r':  0.4 ,  'type':  1}]
9341,1398846920.2998493,[{'idp':  1 ,  'x':  3.82 ,  'y':  0.73 ,  'r':  0.4 ,  'type':  1}]
9342,1398846920.2998712,[{'idp':  1 ,  'x':  3.75 ,  'y':  0.73 ,  'r':  0.4 ,  'type':  1}]
9343,1398846920.3398867,[{'idp':  1 ,  'x':  3.73 ,  'y':  0.72 ,  'r':  0.4 ,  'type':  1}]
9344,1398846920.3472912,[{'idp':  1 ,  'x':  3.68 ,  'y':  0.72 ,  'r':  0.4 ,  'type':  1}]
9345,1398846920.383823,[{'idp':  1 ,  'x':  3.66 ,  'y':  0.71 ,  'r':  0.4 ,  'type':  1}]
9346,1398846920.4238722,[{'idp':  1 ,  'x':  3.61 ,  'y':  0.71 ,  'r':  0.4 ,  'type':  1}]
9347,1398846920.4239113,[{'idp':  1 ,  'x':  3.54 ,  'y':  0.71 ,  'r':  0.4 ,  'type':  1}]
9348,1398846920.4639254,[{'idp':  1 ,  'x':  3.54 ,  'y':  0.7 ,  'r':  0.4 ,  'type':  1}]
9349,1398846920.4710526,[{'idp':  1 ,  'x':  3.5 ,  'y':  0.7 ,  'r':  0.4 ,  'type':  1}]
9350,1398846920.5078425,[{'idp':  1 ,  'x':  3.43 ,  'y':  0.7 ,  'r':  0.4 ,  'type':  1}]
9351,1398846920.5478315,[{'idp':  1 ,  'x':  3.39 ,  'y':  0.69 ,  'r':  0.4 ,  'type':  1}]
9352,1398846920.547863,[{'idp':  1 ,  'x':  3.38 ,  'y':  0.68 ,  'r':  0.4 ,  'type':  1}]
9353,1398846920.5879,[{'idp':  1 ,  'x':  3.28 ,  'y':  0.69 ,  'r':  0.4 ,  'type':  1}]
9354,1398846920.59565,[{'idp':  1 ,  'x':  3.26 ,  'y':  0.68 ,  'r':  0.4 ,  'type':  1}]
9355,1398846920.6318235,[{'idp':  1 ,  'x':  3.21 ,  'y':  0.68 ,  'r':  0.4 ,  'type':  1}]
9356,1398846920.6718416,[{'idp':  1 ,  'x':  3.15 ,  'y':  0.68 ,  'r':  0.4 ,  'type':  1}]
9357,1398846920.6718726,[{'idp':  1 ,  'x':  3.1 ,  'y':  0.67 ,  'r':  0.4 ,  'type':  1}]
9358,1398846920.711893,[{'idp':  1 ,  'x':  3.07 ,  'y':  0.67 ,  'r':  0.4 ,  'type':  1}]
9359,1398846920.7211897,[{'idp':  1 ,  'x':  3.02 ,  'y':  0.67 ,  'r':  0.4 ,  'type':  1}]
9360,1398846920.7598407,[{'idp':  1 ,  'x':  2.97 ,  'y':  0.66 ,  'r':  0.4 ,  'type':  1}]
9361,1398846920.7998424,[{'idp':  1 ,  'x':  2.92 ,  'y':  0.67 ,  'r':  0.4 ,  'type':  1}]
9362,1398846920.7998593,[{'idp':  1 ,  'x':  2.89 ,  'y':  0.68 ,  'r':  0.4 ,  'type':  1}]
9363,1398846920.8398733,[{'idp':  1 ,  'x':  2.85 ,  'y':  0.66 ,  'r':  0.4 ,  'type':  1}]
9364,1398846920.844749,[{'idp':  1 ,  'x':  2.82 ,  'y':  0.65 ,  'r':  0.4 ,  'type':  1}]
9365,1398846920.8838878,[{'idp':  1 ,  'x':  2.78 ,  'y':  0.66 ,  'r':  0.4 ,  'type':  1}]
9366,1398846920.9238772,[{'idp':  1 ,  'x':  2.73 ,  'y':  0.66 ,  'r':  0.4 ,  'type':  1}]
9367,1398846920.9239807,[{'idp':  1 ,  'x':  2.68 ,  'y':  0.66 ,  'r':  0.4 ,  'type':  1}]
9368,1398846920.9638844,[{'idp':  1 ,  'x':  2.63 ,  'y':  0.66 ,  'r':  0.4 ,  'type':  1}]
9369,1398846920.9695325,[{'idp':  1 ,  'x':  2.58 ,  'y':  0.65 ,  'r':  0.4 ,  'type':  1}]
9370,1398846921.0079038,[{'idp':  1 ,  'x':  2.51 ,  'y':  0.64 ,  'r':  0.4 ,  'type':  1}]
9371,1398846921.0478454,[{'idp':  1 ,  'x':  2.45 ,  'y':  0.65 ,  'r':  0.4 ,  'type':  1}]
9372,1398846921.0478785,[{'idp':  1 ,  'x':  2.38 ,  'y':  0.65 ,  'r':  0.4 ,  'type':  1}]
9373,1398846921.0878363,[{'idp':  1 ,  'x':  2.34 ,  'y':  0.66 ,  'r':  0.4 ,  'type':  1}]
9374,1398846921.0943966,[{'idp':  1 ,  'x':  2.27 ,  'y':  0.65 ,  'r':  0.4 ,  'type':  1}]
9375,1398846921.1318576,[{'idp':  1 ,  'x':  2.2 ,  'y':  0.63 ,  'r':  0.4 ,  'type':  1}]
9376,1398846921.1718266,[{'idp':  1 ,  'x':  2.15 ,  'y':  0.63 ,  'r':  0.4 ,  'type':  1}]
9377,1398846921.1718621,[{'idp':  1 ,  'x':  2.11 ,  'y':  0.63 ,  'r':  0.4 ,  'type':  1}]
9378,1398846921.2118826,[{'idp':  1 ,  'x':  2.08 ,  'y':  0.64 ,  'r':  0.4 ,  'type':  1}]
9379,1398846921.2201645,[{'idp':  1 ,  'x':  2.11 ,  'y':  0.67 ,  'r':  0.4 ,  'type':  1}]
9380,1398846921.2599635,[{'idp':  1 ,  'x':  2.08 ,  'y':  0.68 ,  'r':  0.4 ,  'type':  1}]
9381,1398846921.2998784,[{'idp':  1 ,  'x':  2.05 ,  'y':  0.68 ,  'r':  0.4 ,  'type':  1}]
9382,1398846921.299985,[{'idp':  1 ,  'x':  2.03 ,  'y':  0.69 ,  'r':  0.4 ,  'type':  1}]
9383,1398846921.3400204,[{'idp':  1 ,  'x':  2.07 ,  'y':  0.56 ,  'r':  0.4 ,  'type':  1}]
9384,1398846921.3433716,[{'idp':  1 ,  'x':  1.98 ,  'y':  0.48 ,  'r':  0.4 ,  'type':  1}]
9385,1398846921.3798585,[{'idp':  1 ,  'x':  1.98 ,  'y':  0.48 ,  'r':  0.4 ,  'type':  1}]
9386,1398846921.419823,[{'idp':  1 ,  'x':  1.86 ,  'y':  0.52 ,  'r':  0.4 ,  'type':  1}]
9387,1398846921.41986,[{'idp':  1 ,  'x':  1.82 ,  'y':  0.52 ,  'r':  0.4 ,  'type':  1}]
9388,1398846921.4599328,[{'idp':  1 ,  'x':  1.82 ,  'y':  0.61 ,  'r':  0.4 ,  'type':  1}]
9389,1398846921.468582,[{'idp':  1 ,  'x':  1.73 ,  'y':  0.56 ,  'r':  0.4 ,  'type':  1}]
9390,1398846921.5078597,[{'idp':  1 ,  'x':  1.73 ,  'y':  0.61 ,  'r':  0.4 ,  'type':  1}]
9391,1398846921.5479298,[{'idp':  1 ,  'x':  1.73 ,  'y':  0.52 ,  'r':  0.4 ,  'type':  1}]
9392,1398846921.5479624,[{'idp':  1 ,  'x':  1.61 ,  'y':  0.56 ,  'r':  0.4 ,  'type':  1}]
9393,1398846921.5878632,[{'idp':  1 ,  'x':  1.52 ,  'y':  0.52 ,  'r':  0.4 ,  'type':  1}]
9394,1398846921.5935414,[{'idp':  1 ,  'x':  1.52 ,  'y':  0.56 ,  'r':  0.4 ,  'type':  1}]
9395,1398846921.6318388,[{'idp':  1 ,  'x':  1.48 ,  'y':  0.65 ,  'r':  0.4 ,  'type':  1}]
9396,1398846921.6718006,[{'idp':  1 ,  'x':  1.52 ,  'y':  0.61 ,  'r':  0.4 ,  'type':  1}]
9397,1398846921.67183,[{'idp':  1 ,  'x':  1.5 ,  'y':  0.74 ,  'r':  0.4 ,  'type':  1}]
9398,1398846921.7118564,[{'idp':  1 ,  'x':  1.44 ,  'y':  0.61 ,  'r':  0.4 ,  'type':  1}]
9399,1398846921.7185287,[{'idp':  1 ,  'x':  1.36 ,  'y':  0.65 ,  'r':  0.4 ,  'type':  1}]
9400,1398846921.7559333,[{'idp':  1 ,  'x':  1.36 ,  'y':  0.56 ,  'r':  0.4 ,  'type':  1}]
9401,1398846921.7958083,[{'idp':  1 ,  'x':  1.32 ,  'y':  0.65 ,  'r':  0.4 ,  'type':  1}]
9402,1398846921.7958374,[{'idp':  1 ,  'x':  1.23 ,  'y':  0.56 ,  'r':  0.4 ,  'type':  1}]
9403,1398846921.835921,[{'idp':  1 ,  'x':  1.19 ,  'y':  0.61 ,  'r':  0.4 ,  'type':  1}]
9404,1398846921.8435147,[{'idp':  1 ,  'x':  1.23 ,  'y':  0.75 ,  'r':  0.4 ,  'type':  1}]
9405,1398846921.8799238,[{'idp':  1 ,  'x':  1.19 ,  'y':  0.75 ,  'r':  0.4 ,  'type':  1}]
9406,1398846921.919827,[{'idp':  1 ,  'x':  1.14 ,  'y':  0.76 ,  'r':  0.4 ,  'type':  1}]
9407,1398846921.9198527,[{'idp':  1 ,  'x':  1.11 ,  'y':  0.76 ,  'r':  0.4 ,  'type':  1}]
9408,1398846921.9599369,[{'idp':  1 ,  'x':  1.07 ,  'y':  0.77 ,  'r':  0.4 ,  'type':  1}]
9409,1398846921.9680908,[{'idp':  1 ,  'x':  1.02 ,  'y':  0.77 ,  'r':  0.4 ,  'type':  1}]
9410,1398846922.0078328,[{'idp':  1 ,  'x':  0.97 ,  'y':  0.78 ,  'r':  0.4 ,  'type':  1}]
9411,1398846922.0479174,[{'idp':  1 ,  'x':  0.93 ,  'y':  0.77 ,  'r':  0.4 ,  'type':  1}]
9412,1398846922.0479417,[{'idp':  1 ,  'x':  0.86 ,  'y':  0.76 ,  'r':  0.4 ,  'type':  1}]
9413,1398846922.0879636,[{'idp':  1 ,  'x':  0.82 ,  'y':  0.77 ,  'r':  0.4 ,  'type':  1}]
9414,1398846922.0932457,[{'idp':  1 ,  'x':  0.81 ,  'y':  0.79 ,  'r':  0.4 ,  'type':  1}]
9415,1398846922.131895,[{'idp':  1 ,  'x':  0.78 ,  'y':  0.82 ,  'r':  0.4 ,  'type':  1}]
9416,1398846922.1718037,[{'idp':  1 ,  'x':  0.69 ,  'y':  0.65 ,  'r':  0.4 ,  'type':  1}]
9417,1398846922.171832,[]
9418,1398846922.211965,[]
9419,1398846922.2182944,[]
9420,1398846922.2558963,[]
9421,1398846922.2958357,[]
9422,1398846922.2958653,[]
9423,1398846922.3359132,[]
9424,1398846922.3432312,[]
9425,1398846922.37983,[]
9426,1398846922.4198568,[]
9427,1398846922.4198887,[]
9428,1398846922.4598947,[]
9429,1398846922.467827,[]
9430,1398846922.5038714,[]
9431,1398846922.5438998,[]
9432,1398846922.543934,[]
9433,1398846922.583864,[]
9434,1398846922.5928917,[]
9435,1398846922.6318557,[]
9436,1398846922.6719787,[]
9437,1398846922.6720014,[]
9438,1398846922.7118816,[]
9439,1398846922.718113,[]
9440,1398846922.7558975,[]
9441,1398846922.7959025,[]
9442,1398846922.7959363,[]
9443,1398846922.8357692,[]
9444,1398846922.8437655,[]
9445,1398846922.8799725,[]
9446,1398846922.9198873,[]
9447,1398846922.9199178,[]
9448,1398846922.9599156,[]
9449,1398846922.9683356,[]
9450,1398846923.0078602,[]
9451,1398846923.047891,[]
9452,1398846923.0479307,[]
9453,1398846923.0880134,[]
9454,1398846923.092782,[]
9455,1398846923.1319318,[]
9456,1398846923.1718636,[]
9457,1398846923.1719842,[]
9458,1398846923.2119079,[]
9459,1398846923.217882,[]
9460,1398846923.2558465,[]
9461,1398846923.295975,[]
9462,1398846923.2960322,[]
9463,1398846923.335831,[]
9464,1398846923.3425572,[]
9465,1398846923.379891,[]
9466,1398846923.4198806,[]
9467,1398846923.4201362,[]
9468,1398846923.4599626,[]
9469,1398846923.4671888,[]
9470,1398846923.50388,[]
9471,1398846923.5443053,[]
9472,1398846923.5839005,[]
9473,1398846923.5839708,[]
9474,1398846923.6238637,[]
9475,1398846923.623935,[]
9476,1398846923.663898,[]
9477,1398846923.6667309,[]
9478,1398846923.7038686,[]
9479,1398846923.743829,[]
9480,1398846923.7438586,[{'idp':  2 ,  'x':  8.79 ,  'y':  1.57 ,  'r':  0.2 ,  'type':  1}]
9481,1398846923.783928,[{'idp':  2 ,  'x':  8.72 ,  'y':  1.52 ,  'r':  0.2 ,  'type':  1}]
9482,1398846923.7916641,[{'idp':  2 ,  'x':  8.73 ,  'y':  1.56 ,  'r':  0.2 ,  'type':  1}]
9483,1398846923.8278618,[{'idp':  2 ,  'x':  8.75 ,  'y':  1.54 ,  'r':  0.2 ,  'type':  1}]
9484,1398846923.8679187,[{'idp':  2 ,  'x':  8.76 ,  'y':  1.56 ,  'r':  0.2 ,  'type':  1}]
9485,1398846923.8679497,[{'idp':  2 ,  'x':  8.75 ,  'y':  1.58 ,  'r':  0.2 ,  'type':  1}]
9486,1398846923.9078395,[{'idp':  2 ,  'x':  8.72 ,  'y':  1.58 ,  'r':  0.2 ,  'type':  1}]
9487,1398846923.9162636,[{'idp':  2 ,  'x':  8.66 ,  'y':  1.59 ,  'r':  0.2 ,  'type':  1}]
9488,1398846923.9559329,[{'idp':  2 ,  'x':  8.61 ,  'y':  1.56 ,  'r':  0.2 ,  'type':  1}]
9489,1398846923.9959757,[{'idp':  2 ,  'x':  8.56 ,  'y':  1.6 ,  'r':  0.2 ,  'type':  1}]
9490,1398846923.9960103,[{'idp':  2 ,  'x':  8.51 ,  'y':  1.62 ,  'r':  0.2 ,  'type':  1}]
9491,1398846924.0358214,[{'idp':  2 ,  'x':  8.59 ,  'y':  1.57 ,  'r':  0.2 ,  'type':  1}]
9492,1398846924.0404072,[{'idp':  2 ,  'x':  8.57 ,  'y':  1.53 ,  'r':  0.2 ,  'type':  1}]
9493,1398846924.0798233,[{'idp':  2 ,  'x':  8.55 ,  'y':  1.49 ,  'r':  0.2 ,  'type':  1}]
9494,1398846924.1198583,[{'idp':  2 ,  'x':  8.5 ,  'y':  1.5 ,  'r':  0.2 ,  'type':  1}]
9495,1398846924.1198878,[{'idp':  2 ,  'x':  8.4 ,  'y':  1.52 ,  'r':  0.2 ,  'type':  1}]
9496,1398846924.159891,[{'idp':  2 ,  'x':  8.35 ,  'y':  1.53 ,  'r':  0.2 ,  'type':  1}]
9497,1398846924.1648986,[{'idp':  2 ,  'x':  8.28 ,  'y':  1.55 ,  'r':  0.2 ,  'type':  1}]
9498,1398846924.203895,[{'idp':  2 ,  'x':  8.2 ,  'y':  1.54 ,  'r':  0.2 ,  'type':  1}]
9499,1398846924.24393,[{'idp':  2 ,  'x':  8.16 ,  'y':  1.51 ,  'r':  0.2 ,  'type':  1}]
9500,1398846924.2439587,[{'idp':  2 ,  'x':  8.1 ,  'y':  1.5 ,  'r':  0.2 ,  'type':  1}]
9501,1398846924.2838464,[{'idp':  2 ,  'x':  8.03 ,  'y':  1.49 ,  'r':  0.2 ,  'type':  1}]
9502,1398846924.2893822,[{'idp':  2 ,  'x':  7.95 ,  'y':  1.51 ,  'r':  0.2 ,  'type':  1}]
9503,1398846924.327891,[{'idp':  2 ,  'x':  7.88 ,  'y':  1.53 ,  'r':  0.2 ,  'type':  1}]
9504,1398846924.3678002,[{'idp':  2 ,  'x':  7.8 ,  'y':  1.57 ,  'r':  0.2 ,  'type':  1}]
9505,1398846924.367827,[{'idp':  2 ,  'x':  7.74 ,  'y':  1.59 ,  'r':  0.2 ,  'type':  1}]
9506,1398846924.407892,[{'idp':  2 ,  'x':  7.7 ,  'y':  1.57 ,  'r':  0.2 ,  'type':  1}]
9507,1398846924.4162836,[{'idp':  2 ,  'x':  7.66 ,  'y':  1.59 ,  'r':  0.2 ,  'type':  1}]
9508,1398846924.4559014,[{'idp':  2 ,  'x':  7.62 ,  'y':  1.58 ,  'r':  0.2 ,  'type':  1}]
9509,1398846924.4959295,[{'idp':  2 ,  'x':  7.6 ,  'y':  1.6 ,  'r':  0.2 ,  'type':  1}]
9510,1398846924.4959617,[{'idp':  2 ,  'x':  7.56 ,  'y':  1.57 ,  'r':  0.2 ,  'type':  1}]
9511,1398846924.535873,[{'idp':  2 ,  'x':  7.53 ,  'y':  1.58 ,  'r':  0.2 ,  'type':  1}]
9512,1398846924.5388887,[{'idp':  2 ,  'x':  7.49 ,  'y':  1.59 ,  'r':  0.2 ,  'type':  1}]
9513,1398846924.5758376,[{'idp':  2 ,  'x':  7.43 ,  'y':  1.58 ,  'r':  0.2 ,  'type':  1}]
9514,1398846924.6159768,[{'idp':  2 ,  'x':  7.34 ,  'y':  1.56 ,  'r':  0.2 ,  'type':  1}]
9515,1398846924.6160388,[{'idp':  2 ,  'x':  7.31 ,  'y':  1.59 ,  'r':  0.2 ,  'type':  1}]
9516,1398846924.6560125,[{'idp':  2 ,  'x':  7.24 ,  'y':  1.61 ,  'r':  0.4 ,  'type':  1}]
9517,1398846924.6631896,[{'idp':  2 ,  'x':  7.2 ,  'y':  1.56 ,  'r':  0.4 ,  'type':  1}]
9518,1398846924.6999922,[{'idp':  2 ,  'x':  7.13 ,  'y':  1.57 ,  'r':  0.4 ,  'type':  1}]
9519,1398846924.7400863,[{'idp':  2 ,  'x':  7.09 ,  'y':  1.56 ,  'r':  0.4 ,  'type':  1}]
9520,1398846924.780019,[{'idp':  2 ,  'x':  7.04 ,  'y':  1.55 ,  'r':  0.4 ,  'type':  1}]
9521,1398846924.7800736,[{'idp':  2 ,  'x':  7.04 ,  'y':  1.56 ,  'r':  0.4 ,  'type':  1}]
9522,1398846924.8199687,[{'idp':  2 ,  'x':  7.04 ,  'y':  1.59 ,  'r':  0.4 ,  'type':  1}]
9523,1398846924.8199966,[{'idp':  2 ,  'x':  6.99 ,  'y':  1.58 ,  'r':  0.4 ,  'type':  1}]
9524,1398846924.8598375,[{'idp':  2 ,  'x':  7.0 ,  'y':  1.6 ,  'r':  0.4 ,  'type':  1}]
9525,1398846924.8625891,[{'idp':  2 ,  'x':  6.96 ,  'y':  1.59 ,  'r':  0.4 ,  'type':  1}]
9526,1398846924.8999908,[{'idp':  2 ,  'x':  6.94 ,  'y':  1.6 ,  'r':  0.4 ,  'type':  1}]
9527,1398846924.9398963,[{'idp':  2 ,  'x':  6.92 ,  'y':  1.6 ,  'r':  0.4 ,  'type':  1}]
9528,1398846924.9399192,[{'idp':  2 ,  'x':  6.93 ,  'y':  1.62 ,  'r':  0.4 ,  'type':  1}]
9529,1398846924.979888,[{'idp':  2 ,  'x':  6.89 ,  'y':  1.59 ,  'r':  0.4 ,  'type':  1}]
9530,1398846924.9871314,[{'idp':  2 ,  'x':  6.85 ,  'y':  1.58 ,  'r':  0.4 ,  'type':  1}]
9531,1398846925.0239496,[{'idp':  2 ,  'x':  6.79 ,  'y':  1.63 ,  'r':  0.4 ,  'type':  1}]
9532,1398846925.0639558,[{'idp':  2 ,  'x':  6.72 ,  'y':  1.63 ,  'r':  0.4 ,  'type':  1}]
9533,1398846925.0640204,[{'idp':  2 ,  'x':  6.69 ,  'y':  1.64 ,  'r':  0.4 ,  'type':  1}]
9534,1398846925.1040204,[{'idp':  2 ,  'x':  6.65 ,  'y':  1.63 ,  'r':  0.4 ,  'type':  1}]
9535,1398846925.1114163,[{'idp':  2 ,  'x':  6.6 ,  'y':  1.63 ,  'r':  0.4 ,  'type':  1}]
9536,1398846925.1479044,[{'idp':  2 ,  'x':  6.55 ,  'y':  1.65 ,  'r':  0.4 ,  'type':  1}]
9537,1398846925.187888,[{'idp':  2 ,  'x':  6.48 ,  'y':  1.65 ,  'r':  0.4 ,  'type':  1}]
9538,1398846925.1879795,[{'idp':  2 ,  'x':  6.48 ,  'y':  1.64 ,  'r':  0.4 ,  'type':  1}]
9539,1398846925.2279449,[{'idp':  2 ,  'x':  6.42 ,  'y':  1.66 ,  'r':  0.4 ,  'type':  1}]
9540,1398846925.235994,[{'idp':  2 ,  'x':  6.38 ,  'y':  1.65 ,  'r':  0.4 ,  'type':  1}]
9541,1398846925.2759237,[{'idp':  2 ,  'x':  6.41 ,  'y':  1.66 ,  'r':  0.4 ,  'type':  1}]
9542,1398846925.3158948,[{'idp':  2 ,  'x':  6.41 ,  'y':  1.66 ,  'r':  0.4 ,  'type':  1}]
9543,1398846925.315921,[{'idp':  2 ,  'x':  6.09 ,  'y':  1.69 ,  'r':  0.4 ,  'type':  1}]
9544,1398846925.355849,[{'idp':  2 ,  'x':  6.1 ,  'y':  1.72 ,  'r':  0.4 ,  'type':  1}]
9545,1398846925.3598151,[{'idp':  2 ,  'x':  6.08 ,  'y':  1.72 ,  'r':  0.4 ,  'type':  1}]
9546,1398846925.3998518,[{'idp':  2 ,  'x':  6.07 ,  'y':  1.73 ,  'r':  0.4 ,  'type':  1}]
9547,1398846925.4399,[{'idp':  2 ,  'x':  6.09 ,  'y':  1.71 ,  'r':  0.4 ,  'type':  1}]
9548,1398846925.439931,[{'idp':  2 ,  'x':  6.15 ,  'y':  1.64 ,  'r':  0.4 ,  'type':  1}]
9549,1398846925.479907,[{'idp':  2 ,  'x':  6.17 ,  'y':  1.64 ,  'r':  0.4 ,  'type':  1}]
9550,1398846925.484795,[{'idp':  2 ,  'x':  6.13 ,  'y':  1.66 ,  'r':  0.4 ,  'type':  1}]
9551,1398846925.523898,[{'idp':  2 ,  'x':  6.06 ,  'y':  1.65 ,  'r':  0.4 ,  'type':  1}]
9552,1398846925.5639,[{'idp':  2 ,  'x':  5.98 ,  'y':  1.67 ,  'r':  0.4 ,  'type':  1}]
9553,1398846925.563928,[{'idp':  2 ,  'x':  5.98 ,  'y':  1.69 ,  'r':  0.4 ,  'type':  1}]
9554,1398846925.603819,[{'idp':  2 ,  'x':  5.9 ,  'y':  1.7 ,  'r':  0.4 ,  'type':  1}]
9555,1398846925.6089985,[{'idp':  2 ,  'x':  5.83 ,  'y':  1.68 ,  'r':  0.4 ,  'type':  1}]
9556,1398846925.6479025,[{'idp':  2 ,  'x':  5.7 ,  'y':  1.66 ,  'r':  0.4 ,  'type':  1}]
9557,1398846925.6877942,[{'idp':  2 ,  'x':  5.71 ,  'y':  1.68 ,  'r':  0.4 ,  'type':  1}]
9558,1398846925.6878211,[{'idp':  2 ,  'x':  5.68 ,  'y':  1.68 ,  'r':  0.4 ,  'type':  1}]
9559,1398846925.72786,[{'idp':  2 ,  'x':  5.63 ,  'y':  1.7 ,  'r':  0.4 ,  'type':  1}]
9560,1398846925.7335567,[{'idp':  2 ,  'x':  5.6 ,  'y':  1.72 ,  'r':  0.4 ,  'type':  1}]
9561,1398846925.7719543,[{'idp':  2 ,  'x':  5.55 ,  'y':  1.72 ,  'r':  0.4 ,  'type':  1}]
9562,1398846925.8119168,[{'idp':  2 ,  'x':  5.56 ,  'y':  1.73 ,  'r':  0.4 ,  'type':  1}]
9563,1398846925.8119347,[{'idp':  2 ,  'x':  5.53 ,  'y':  1.74 ,  'r':  0.4 ,  'type':  1}]
9564,1398846925.8519413,[{'idp':  2 ,  'x':  5.5 ,  'y':  1.76 ,  'r':  0.4 ,  'type':  1}]
9565,1398846925.8582726,[{'idp':  2 ,  'x':  5.47 ,  'y':  1.76 ,  'r':  0.4 ,  'type':  1}]
9566,1398846925.8958488,[{'idp':  2 ,  'x':  5.48 ,  'y':  1.75 ,  'r':  0.4 ,  'type':  1}]
9567,1398846925.9358792,[{'idp':  2 ,  'x':  5.47 ,  'y':  1.75 ,  'r':  0.4 ,  'type':  1}]
9568,1398846925.9359076,[{'idp':  2 ,  'x':  5.42 ,  'y':  1.75 ,  'r':  0.4 ,  'type':  1}]
9569,1398846925.975853,[{'idp':  2 ,  'x':  5.35 ,  'y':  1.75 ,  'r':  0.4 ,  'type':  1}]
9570,1398846925.983241,[{'idp':  2 ,  'x':  5.29 ,  'y':  1.77 ,  'r':  0.4 ,  'type':  1}]
9571,1398846926.0200224,[{'idp':  2 ,  'x':  5.25 ,  'y':  1.78 ,  'r':  0.4 ,  'type':  1}]
9572,1398846926.0598996,[{'idp':  2 ,  'x':  5.18 ,  'y':  1.77 ,  'r':  0.4 ,  'type':  1}]
9573,1398846926.059953,[{'idp':  2 ,  'x':  5.14 ,  'y':  1.76 ,  'r':  0.4 ,  'type':  1}]
9574,1398846926.0999196,[{'idp':  2 ,  'x':  5.12 ,  'y':  1.78 ,  'r':  0.4 ,  'type':  1}]
9575,1398846926.107634,[{'idp':  2 ,  'x':  5.08 ,  'y':  1.8 ,  'r':  0.4 ,  'type':  1}]
9576,1398846926.143932,[{'idp':  2 ,  'x':  5.03 ,  'y':  1.83 ,  'r':  0.4 ,  'type':  1}]
9577,1398846926.183903,[{'idp':  2 ,  'x':  4.96 ,  'y':  1.84 ,  'r':  0.4 ,  'type':  1}]
9578,1398846926.1839862,[{'idp':  2 ,  'x':  4.9 ,  'y':  1.85 ,  'r':  0.4 ,  'type':  1}]
9579,1398846926.2240593,[{'idp':  2 ,  'x':  4.83 ,  'y':  1.86 ,  'r':  0.4 ,  'type':  1}]
9580,1398846926.2336664,[{'idp':  2 ,  'x':  4.78 ,  'y':  1.87 ,  'r':  0.4 ,  'type':  1}]
9581,1398846926.2718773,[{'idp':  2 ,  'x':  4.72 ,  'y':  1.86 ,  'r':  0.4 ,  'type':  1}]
9582,1398846926.3118265,[{'idp':  2 ,  'x':  4.71 ,  'y':  1.86 ,  'r':  0.4 ,  'type':  1}]
9583,1398846926.3118577,[{'idp':  2 ,  'x':  4.65 ,  'y':  1.87 ,  'r':  0.4 ,  'type':  1}]
9584,1398846926.351818,[{'idp':  2 ,  'x':  4.63 ,  'y':  1.87 ,  'r':  0.4 ,  'type':  1}]
9585,1398846926.357643,[{'idp':  2 ,  'x':  4.62 ,  'y':  1.87 ,  'r':  0.4 ,  'type':  1}]
9586,1398846926.3958402,[{'idp':  2 ,  'x':  4.55 ,  'y':  1.88 ,  'r':  0.4 ,  'type':  1}]
9587,1398846926.4358425,[{'idp':  2 ,  'x':  4.53 ,  'y':  1.88 ,  'r':  0.4 ,  'type':  1}]
9588,1398846926.4358659,[{'idp':  2 ,  'x':  4.49 ,  'y':  1.89 ,  'r':  0.4 ,  'type':  1}]
9589,1398846926.4758472,[{'idp':  2 ,  'x':  4.45 ,  'y':  1.9 ,  'r':  0.4 ,  'type':  1}]
9590,1398846926.4826617,[{'idp':  2 ,  'x':  4.46 ,  'y':  1.91 ,  'r':  0.4 ,  'type':  1}]
9591,1398846926.5198345,[{'idp':  2 ,  'x':  4.45 ,  'y':  1.9 ,  'r':  0.4 ,  'type':  1}]
9592,1398846926.559821,[{'idp':  2 ,  'x':  4.41 ,  'y':  1.91 ,  'r':  0.4 ,  'type':  1}]
9593,1398846926.5598521,[{'idp':  2 ,  'x':  4.37 ,  'y':  1.91 ,  'r':  0.4 ,  'type':  1}]
9594,1398846926.599889,[{'idp':  2 ,  'x':  4.33 ,  'y':  1.91 ,  'r':  0.4 ,  'type':  1}]
9595,1398846926.6065607,[{'idp':  2 ,  'x':  4.27 ,  'y':  1.93 ,  'r':  0.4 ,  'type':  1}]
9596,1398846926.6438982,[{'idp':  2 ,  'x':  4.24 ,  'y':  1.95 ,  'r':  0.4 ,  'type':  1}]
9597,1398846926.6838975,[{'idp':  2 ,  'x':  4.18 ,  'y':  1.96 ,  'r':  0.4 ,  'type':  1}]
9598,1398846926.6839266,[{'idp':  2 ,  'x':  4.11 ,  'y':  1.95 ,  'r':  0.4 ,  'type':  1}]
9599,1398846926.7238338,[{'idp':  2 ,  'x':  4.04 ,  'y':  1.93 ,  'r':  0.4 ,  'type':  1}]
9600,1398846926.7317684,[{'idp':  2 ,  'x':  3.97 ,  'y':  1.94 ,  'r':  0.4 ,  'type':  1}]
9601,1398846926.767809,[{'idp':  2 ,  'x':  3.93 ,  'y':  1.95 ,  'r':  0.4 ,  'type':  1}]
9602,1398846926.807834,[{'idp':  2 ,  'x':  3.9 ,  'y':  1.95 ,  'r':  0.4 ,  'type':  1}]
9603,1398846926.8478825,[{'idp':  2 ,  'x':  3.85 ,  'y':  1.95 ,  'r':  0.4 ,  'type':  1}]
9604,1398846926.8479142,[{'idp':  2 ,  'x':  3.81 ,  'y':  1.95 ,  'r':  0.4 ,  'type':  1}]
9605,1398846926.8878684,[{'idp':  2 ,  'x':  3.78 ,  'y':  1.96 ,  'r':  0.4 ,  'type':  1}]
9606,1398846926.8878973,[{'idp':  2 ,  'x':  3.75 ,  'y':  1.97 ,  'r':  0.4 ,  'type':  1}]
9607,1398846926.927858,[{'idp':  2 ,  'x':  3.72 ,  'y':  1.97 ,  'r':  0.4 ,  'type':  1}]
9608,1398846926.9310696,[{'idp':  2 ,  'x':  3.71 ,  'y':  1.97 ,  'r':  0.4 ,  'type':  1}]
9609,1398846926.9678895,[{'idp':  2 ,  'x':  3.68 ,  'y':  1.96 ,  'r':  0.4 ,  'type':  1}]
9610,1398846927.007884,[{'idp':  2 ,  'x':  3.61 ,  'y':  1.96 ,  'r':  0.4 ,  'type':  1}]
9611,1398846927.0079148,[{'idp':  2 ,  'x':  3.56 ,  'y':  1.96 ,  'r':  0.4 ,  'type':  1}]
9612,1398846927.047902,[{'idp':  2 ,  'x':  3.5 ,  'y':  1.97 ,  'r':  0.4 ,  'type':  1}]
9613,1398846927.056252,[{'idp':  2 ,  'x':  3.48 ,  'y':  1.99 ,  'r':  0.4 ,  'type':  1}]
9614,1398846927.095916,[{'idp':  2 ,  'x':  3.51 ,  'y':  1.98 ,  'r':  0.4 ,  'type':  1}]
9615,1398846927.1358936,[{'idp':  2 ,  'x':  3.47 ,  'y':  1.97 ,  'r':  0.4 ,  'type':  1}]
9616,1398846927.1359248,[{'idp':  2 ,  'x':  3.38 ,  'y':  1.95 ,  'r':  0.4 ,  'type':  1}]
9617,1398846927.1758158,[{'idp':  2 ,  'x':  3.32 ,  'y':  1.97 ,  'r':  0.4 ,  'type':  1}]
9618,1398846927.1803017,[{'idp':  2 ,  'x':  3.29 ,  'y':  2.0 ,  'r':  0.4 ,  'type':  1}]
9619,1398846927.219899,[{'idp':  2 ,  'x':  3.25 ,  'y':  2.0 ,  'r':  0.4 ,  'type':  1}]
9620,1398846927.2598588,[{'idp':  2 ,  'x':  3.2 ,  'y':  2.0 ,  'r':  0.4 ,  'type':  1}]
9621,1398846927.2598884,[{'idp':  2 ,  'x':  3.15 ,  'y':  2.0 ,  'r':  0.4 ,  'type':  1}]
9622,1398846927.2998648,[{'idp':  2 ,  'x':  3.1 ,  'y':  2.0 ,  'r':  0.4 ,  'type':  1}]
9623,1398846927.3048553,[{'idp':  2 ,  'x':  3.07 ,  'y':  2.0 ,  'r':  0.4 ,  'type':  1}]
9624,1398846927.343849,[{'idp':  2 ,  'x':  3.0 ,  'y':  1.99 ,  'r':  0.4 ,  'type':  1}]
9625,1398846927.3838553,[{'idp':  2 ,  'x':  2.95 ,  'y':  2.0 ,  'r':  0.4 ,  'type':  1}]
9626,1398846927.3838878,[{'idp':  2 ,  'x':  2.93 ,  'y':  2.0 ,  'r':  0.4 ,  'type':  1}]
9627,1398846927.4239259,[{'idp':  2 ,  'x':  2.89 ,  'y':  2.01 ,  'r':  0.4 ,  'type':  1}]
9628,1398846927.4297743,[{'idp':  2 ,  'x':  2.85 ,  'y':  2.0 ,  'r':  0.4 ,  'type':  1}]
9629,1398846927.4678345,[{'idp':  2 ,  'x':  2.83 ,  'y':  2.01 ,  'r':  0.4 ,  'type':  1}]
9630,1398846927.507858,[{'idp':  2 ,  'x':  2.8 ,  'y':  2.0 ,  'r':  0.4 ,  'type':  1}]
9631,1398846927.507899,[{'idp':  2 ,  'x':  2.79 ,  'y':  2.0 ,  'r':  0.4 ,  'type':  1}]
9632,1398846927.5479283,[{'idp':  2 ,  'x':  2.76 ,  'y':  1.99 ,  'r':  0.4 ,  'type':  1}]
9633,1398846927.5545435,[{'idp':  2 ,  'x':  2.73 ,  'y':  1.99 ,  'r':  0.4 ,  'type':  1}]
9634,1398846927.5918581,[{'idp':  2 ,  'x':  2.69 ,  'y':  1.99 ,  'r':  0.4 ,  'type':  1}]
9635,1398846927.6318302,[{'idp':  2 ,  'x':  2.64 ,  'y':  1.99 ,  'r':  0.4 ,  'type':  1}]
9636,1398846927.6318617,[{'idp':  2 ,  'x':  2.61 ,  'y':  1.99 ,  'r':  0.4 ,  'type':  1}]
9637,1398846927.6718535,[{'idp':  2 ,  'x':  2.58 ,  'y':  1.99 ,  'r':  0.4 ,  'type':  1}]
9638,1398846927.6797671,[{'idp':  2 ,  'x':  2.57 ,  'y':  2.0 ,  'r':  0.4 ,  'type':  1}]
9639,1398846927.715855,[{'idp':  2 ,  'x':  2.56 ,  'y':  1.98 ,  'r':  0.4 ,  'type':  1}]
9640,1398846927.755862,[{'idp':  2 ,  'x':  2.56 ,  'y':  1.98 ,  'r':  0.4 ,  'type':  1}]
9641,1398846927.7558837,[{'idp':  2 ,  'x':  2.52 ,  'y':  1.98 ,  'r':  0.4 ,  'type':  1}]
9642,1398846927.795906,[{'idp':  2 ,  'x':  2.47 ,  'y':  1.99 ,  'r':  0.4 ,  'type':  1}]
9643,1398846927.8045475,[{'idp':  2 ,  'x':  2.44 ,  'y':  1.99 ,  'r':  0.4 ,  'type':  1}]
9644,1398846927.8438606,[{'idp':  2 ,  'x':  2.39 ,  'y':  1.99 ,  'r':  0.4 ,  'type':  1}]
9645,1398846927.8838925,[{'idp':  2 ,  'x':  2.33 ,  'y':  1.98 ,  'r':  0.4 ,  'type':  1}]
9646,1398846927.8839185,[{'idp':  2 ,  'x':  2.28 ,  'y':  1.97 ,  'r':  0.4 ,  'type':  1}]
9647,1398846927.9238641,[{'idp':  2 ,  'x':  2.21 ,  'y':  1.95 ,  'r':  0.4 ,  'type':  1}]
9648,1398846927.9300442,[{'idp':  2 ,  'x':  2.16 ,  'y':  1.92 ,  'r':  0.4 ,  'type':  1}]
9649,1398846927.9678273,[{'idp':  2 ,  'x':  2.14 ,  'y':  1.93 ,  'r':  0.4 ,  'type':  1}]
9650,1398846928.0078247,[{'idp':  2 ,  'x':  2.09 ,  'y':  1.93 ,  'r':  0.4 ,  'type':  1}]
9651,1398846928.00785,[{'idp':  2 ,  'x':  2.07 ,  'y':  1.93 ,  'r':  0.4 ,  'type':  1}]
9652,1398846928.0478451,[{'idp':  2 ,  'x':  2.01 ,  'y':  1.92 ,  'r':  0.4 ,  'type':  1}]
9653,1398846928.0536594,[{'idp':  2 ,  'x':  2.0 ,  'y':  1.91 ,  'r':  0.4 ,  'type':  1}]
9654,1398846928.0918307,[{'idp':  2 ,  'x':  1.96 ,  'y':  1.9 ,  'r':  0.4 ,  'type':  1}]
9655,1398846928.131921,[{'idp':  2 ,  'x':  1.94 ,  'y':  1.91 ,  'r':  0.4 ,  'type':  1}]
9656,1398846928.1319528,[{'idp':  2 ,  'x':  1.9 ,  'y':  1.9 ,  'r':  0.4 ,  'type':  1}]
9657,1398846928.171812,[{'idp':  2 ,  'x':  1.89 ,  'y':  1.9 ,  'r':  0.4 ,  'type':  1}]
9658,1398846928.1793983,[{'idp':  2 ,  'x':  1.85 ,  'y':  1.89 ,  'r':  0.4 ,  'type':  1}]
9659,1398846928.2158968,[{'idp':  2 ,  'x':  1.83 ,  'y':  1.9 ,  'r':  0.4 ,  'type':  1}]
9660,1398846928.255897,[{'idp':  2 ,  'x':  1.81 ,  'y':  1.89 ,  'r':  0.4 ,  'type':  1}]
9661,1398846928.255925,[{'idp':  2 ,  'x':  1.77 ,  'y':  1.89 ,  'r':  0.4 ,  'type':  1}]
9662,1398846928.2958782,[{'idp':  2 ,  'x':  1.77 ,  'y':  1.9 ,  'r':  0.4 ,  'type':  1}]
9663,1398846928.303061,[{'idp':  2 ,  'x':  1.77 ,  'y':  1.9 ,  'r':  0.4 ,  'type':  1}]
9664,1398846928.3398447,[{'idp':  2 ,  'x':  1.73 ,  'y':  1.87 ,  'r':  0.4 ,  'type':  1}]
9665,1398846928.379845,[{'idp':  2 ,  'x':  1.69 ,  'y':  1.86 ,  'r':  0.4 ,  'type':  1}]
9666,1398846928.3798735,[{'idp':  2 ,  'x':  1.63 ,  'y':  1.84 ,  'r':  0.4 ,  'type':  1}]
9667,1398846928.4198258,[{'idp':  2 ,  'x':  1.56 ,  'y':  1.81 ,  'r':  0.4 ,  'type':  1}]
9668,1398846928.427665,[{'idp':  2 ,  'x':  1.49 ,  'y':  1.83 ,  'r':  0.4 ,  'type':  1}]
9669,1398846928.463842,[{'idp':  2 ,  'x':  1.45 ,  'y':  1.82 ,  'r':  0.4 ,  'type':  1}]
9670,1398846928.5038667,[{'idp':  2 ,  'x':  1.4 ,  'y':  1.81 ,  'r':  0.4 ,  'type':  1}]
9671,1398846928.5038972,[{'idp':  2 ,  'x':  1.36 ,  'y':  1.8 ,  'r':  0.4 ,  'type':  1}]
9672,1398846928.543817,[{'idp':  2 ,  'x':  1.3 ,  'y':  1.78 ,  'r':  0.4 ,  'type':  1}]
9673,1398846928.5524466,[{'idp':  2 ,  'x':  1.28 ,  'y':  1.78 ,  'r':  0.4 ,  'type':  1}]
9674,1398846928.5918975,[{'idp':  2 ,  'x':  1.22 ,  'y':  1.78 ,  'r':  0.4 ,  'type':  1}]
9675,1398846928.6318777,[{'idp':  2 ,  'x':  1.18 ,  'y':  1.77 ,  'r':  0.4 ,  'type':  1}]
9676,1398846928.631902,[{'idp':  2 ,  'x':  1.15 ,  'y':  1.77 ,  'r':  0.4 ,  'type':  1}]
9677,1398846928.6717942,[{'idp':  2 ,  'x':  1.11 ,  'y':  1.76 ,  'r':  0.4 ,  'type':  1}]
9678,1398846928.6778152,[{'idp':  2 ,  'x':  1.09 ,  'y':  1.74 ,  'r':  0.4 ,  'type':  1}]
9679,1398846928.7158933,[{'idp':  2 ,  'x':  1.07 ,  'y':  1.73 ,  'r':  0.4 ,  'type':  1}]
9680,1398846928.7559102,[{'idp':  2 ,  'x':  1.05 ,  'y':  1.73 ,  'r':  0.4 ,  'type':  1}]
9681,1398846928.7559378,[{'idp':  2 ,  'x':  1.0 ,  'y':  1.71 ,  'r':  0.4 ,  'type':  1}]
9682,1398846928.7958448,[{'idp':  2 ,  'x':  1.02 ,  'y':  1.71 ,  'r':  0.4 ,  'type':  1}]
9683,1398846928.8020093,[{'idp':  2 ,  'x':  0.98 ,  'y':  1.69 ,  'r':  0.4 ,  'type':  1}]
9684,1398846928.8399026,[{'idp':  2 ,  'x':  0.95 ,  'y':  1.68 ,  'r':  0.4 ,  'type':  1}]
9685,1398846928.879974,[{'idp':  2 ,  'x':  0.95 ,  'y':  1.68 ,  'r':  0.4 ,  'type':  1}]
9686,1398846928.8800073,[{'idp':  2 ,  'x':  0.93 ,  'y':  1.67 ,  'r':  0.4 ,  'type':  1}]
9687,1398846928.9198208,[{'idp':  2 ,  'x':  0.94 ,  'y':  1.67 ,  'r':  0.4 ,  'type':  1}]
9688,1398846928.9268177,[{'idp':  2 ,  'x':  0.9 ,  'y':  1.66 ,  'r':  0.4 ,  'type':  1}]
9689,1398846928.9638205,[{'idp':  2 ,  'x':  0.85 ,  'y':  1.65 ,  'r':  0.4 ,  'type':  1}]
9690,1398846929.0038183,[{'idp':  2 ,  'x':  0.79 ,  'y':  1.64 ,  'r':  0.4 ,  'type':  1}]
9691,1398846929.0038366,[{'idp':  2 ,  'x':  0.75 ,  'y':  1.62 ,  'r':  0.4 ,  'type':  1}]
9692,1398846929.0438619,[{'idp':  2 ,  'x':  0.71 ,  'y':  1.61 ,  'r':  0.4 ,  'type':  1}]
9693,1398846929.0526047,[{'idp':  2 ,  'x':  0.66 ,  'y':  1.59 ,  'r':  0.4 ,  'type':  1}]
9694,1398846929.091899,[{'idp':  2 ,  'x':  0.63 ,  'y':  1.56 ,  'r':  0.4 ,  'type':  1}]
9695,1398846929.131886,[{'idp':  2 ,  'x':  0.61 ,  'y':  1.57 ,  'r':  0.4 ,  'type':  1}]
9696,1398846929.1319177,[{'idp':  2 ,  'x':  0.57 ,  'y':  1.56 ,  'r':  0.4 ,  'type':  1}]
9697,1398846929.1718411,[{'idp':  2 ,  'x':  0.53 ,  'y':  1.54 ,  'r':  0.4 ,  'type':  1}]
9698,1398846929.1771448,[{'idp':  2 ,  'x':  0.49 ,  'y':  1.52 ,  'r':  0.4 ,  'type':  1}]
9699,1398846929.215896,[{'idp':  2 ,  'x':  0.46 ,  'y':  1.52 ,  'r':  0.4 ,  'type':  1}]
9700,1398846929.255867,[{'idp':  2 ,  'x':  0.44 ,  'y':  1.51 ,  'r':  0.4 ,  'type':  1}]
9701,1398846929.2558985,[{'idp':  2 ,  'x':  0.43 ,  'y':  1.51 ,  'r':  0.4 ,  'type':  1}]
9702,1398846929.2958298,[{'idp':  2 ,  'x':  0.42 ,  'y':  1.5 ,  'r':  0.4 ,  'type':  1}]
9703,1398846929.3020036,[{'idp':  2 ,  'x':  0.41 ,  'y':  1.49 ,  'r':  0.4 ,  'type':  1}]
9704,1398846929.3398416,[{'idp':  2 ,  'x':  0.4 ,  'y':  1.49 ,  'r':  0.4 ,  'type':  1}]
9705,1398846929.379809,[{'idp':  2 ,  'x':  0.38 ,  'y':  1.49 ,  'r':  0.4 ,  'type':  1}]
9706,1398846929.3798375,[{'idp':  2 ,  'x':  0.36 ,  'y':  1.48 ,  'r':  0.4 ,  'type':  1}]
9707,1398846929.4198327,[{'idp':  2 ,  'x':  0.34 ,  'y':  1.48 ,  'r':  0.4 ,  'type':  1}]
9708,1398846929.4266453,[{'idp':  2 ,  'x':  0.32 ,  'y':  1.47 ,  'r':  0.4 ,  'type':  1}]
9709,1398846929.4638667,[{'idp':  2 ,  'x':  0.31 ,  'y':  1.47 ,  'r':  0.4 ,  'type':  1}]
9710,1398846929.503852,[{'idp':  2 ,  'x':  0.33 ,  'y':  1.48 ,  'r':  0.4 ,  'type':  1}]
9711,1398846929.5038798,[{'idp':  2 ,  'x':  0.3 ,  'y':  1.46 ,  'r':  0.4 ,  'type':  1}]
9712,1398846929.5438356,[{'idp':  2 ,  'x':  0.26 ,  'y':  1.46 ,  'r':  0.4 ,  'type':  1}]
9713,1398846929.5513356,[{'idp':  2 ,  'x':  0.21 ,  'y':  1.45 ,  'r':  0.4 ,  'type':  1}]
9714,1398846929.587831,[{'idp':  2 ,  'x':  0.15 ,  'y':  1.44 ,  'r':  0.4 ,  'type':  1}]
9715,1398846929.6278565,[{'idp':  2 ,  'x':  0.09 ,  'y':  1.39 ,  'r':  0.4 ,  'type':  1}]
9716,1398846929.6278856,[{'idp':  2 ,  'x':  0.06 ,  'y':  1.38 ,  'r':  0.4 ,  'type':  1}]
9717,1398846929.6678169,[]
9718,1398846929.675624,[]
9719,1398846929.7118487,[]
9720,1398846929.751853,[]
9721,1398846929.7518706,[]
9722,1398846929.7918384,[]
9723,1398846929.8010254,[]
9724,1398846929.8398829,[]
9725,1398846929.8798833,[]
9726,1398846929.8799167,[]
9727,1398846929.9198859,[]
9728,1398846929.9244013,[{'idp':  3 ,  'x':  4.82 ,  'y':  -1.82 ,  'r':  0.6 ,  'type':  1}]
9729,1398846929.9638867,[{'idp':  3 ,  'x':  4.72 ,  'y':  -1.78 ,  'r':  0.6 ,  'type':  1}]
9730,1398846930.003913,[{'idp':  3 ,  'x':  4.6 ,  'y':  -1.74 ,  'r':  0.6 ,  'type':  1}]
9731,1398846930.0039434,[{'idp':  3 ,  'x':  4.46 ,  'y':  -1.72 ,  'r':  0.6 ,  'type':  1}]
9732,1398846930.0438676,[{'idp':  3 ,  'x':  4.45 ,  'y':  -1.77 ,  'r':  0.6 ,  'type':  1}]
9733,1398846930.0494375,[{'idp':  3 ,  'x':  4.52 ,  'y':  -1.81 ,  'r':  0.6 ,  'type':  1}]
9734,1398846930.0879126,[{'idp':  3 ,  'x':  4.51 ,  'y':  -1.82 ,  'r':  0.6 ,  'type':  1}]
9735,1398846930.1279008,[{'idp':  3 ,  'x':  4.47 ,  'y':  -1.81 ,  'r':  0.6 ,  'type':  1}]
9736,1398846930.1279328,[{'idp':  3 ,  'x':  4.41 ,  'y':  -1.81 ,  'r':  0.6 ,  'type':  1}]
9737,1398846930.1678553,[{'idp':  3 ,  'x':  4.35 ,  'y':  -1.82 ,  'r':  0.6 ,  'type':  1}]
9738,1398846930.1737266,[{'idp':  3 ,  'x':  4.35 ,  'y':  -1.83 ,  'r':  0.6 ,  'type':  1}]
9739,1398846930.2118614,[{'idp':  3 ,  'x':  4.28 ,  'y':  -1.84 ,  'r':  0.6 ,  'type':  1}]
9740,1398846930.2518208,[{'idp':  3 ,  'x':  4.15 ,  'y':  -1.84 ,  'r':  0.6 ,  'type':  1}]
9741,1398846930.2518506,[{'idp':  3 ,  'x':  4.13 ,  'y':  -1.85 ,  'r':  0.6 ,  'type':  1}]
9742,1398846930.291884,[{'idp':  3 ,  'x':  4.11 ,  'y':  -1.87 ,  'r':  0.6 ,  'type':  1}]
9743,1398846930.2987838,[{'idp':  3 ,  'x':  4.08 ,  'y':  -1.89 ,  'r':  0.6 ,  'type':  1}]
9744,1398846930.3358393,[{'idp':  3 ,  'x':  4.06 ,  'y':  -1.93 ,  'r':  0.6 ,  'type':  1}]
9745,1398846930.3758767,[{'idp':  3 ,  'x':  4.03 ,  'y':  -1.96 ,  'r':  0.6 ,  'type':  1}]
9746,1398846930.3758996,[{'idp':  3 ,  'x':  4.01 ,  'y':  -2.02 ,  'r':  0.6 ,  'type':  1}]
9747,1398846930.4158778,[{'idp':  3 ,  'x':  3.98 ,  'y':  -2.07 ,  'r':  0.6 ,  'type':  1}]
9748,1398846930.4233723,[{'idp':  3 ,  'x':  3.92 ,  'y':  -2.11 ,  'r':  0.6 ,  'type':  1}]
9749,1398846930.459867,[{'idp':  3 ,  'x':  3.85 ,  'y':  -2.18 ,  'r':  0.6 ,  'type':  1}]
9750,1398846930.4998791,[{'idp':  3 ,  'x':  3.75 ,  'y':  -2.22 ,  'r':  0.6 ,  'type':  1}]
9751,1398846930.4999094,[{'idp':  3 ,  'x':  3.65 ,  'y':  -2.25 ,  'r':  0.6 ,  'type':  1}]
9752,1398846930.5398378,[{'idp':  3 ,  'x':  3.6 ,  'y':  -2.27 ,  'r':  0.6 ,  'type':  1}]
9753,1398846930.5478933,[{'idp':  3 ,  'x':  3.53 ,  'y':  -2.27 ,  'r':  0.6 ,  'type':  1}]
9754,1398846930.5878422,[{'idp':  3 ,  'x':  3.47 ,  'y':  -2.28 ,  'r':  0.6 ,  'type':  1}]
9755,1398846930.6278727,[{'idp':  3 ,  'x':  3.42 ,  'y':  -2.3 ,  'r':  0.6 ,  'type':  1}]
9756,1398846930.627902,[{'idp':  3 ,  'x':  3.36 ,  'y':  -2.31 ,  'r':  0.6 ,  'type':  1}]
9757,1398846930.6678877,[{'idp':  3 ,  'x':  3.33 ,  'y':  -2.33 ,  'r':  0.6 ,  'type':  1}]
9758,1398846930.672819,[{'idp':  3 ,  'x':  3.29 ,  'y':  -2.37 ,  'r':  0.6 ,  'type':  1}]
9759,1398846930.7118263,[{'idp':  3 ,  'x':  3.25 ,  'y':  -2.38 ,  'r':  0.6 ,  'type':  1}]
9760,1398846930.7518384,[{'idp':  3 ,  'x':  3.18 ,  'y':  -2.41 ,  'r':  0.6 ,  'type':  1}]
9761,1398846930.751869,[{'idp':  3 ,  'x':  3.09 ,  'y':  -2.44 ,  'r':  0.6 ,  'type':  1}]
9762,1398846930.7919137,[{'idp':  3 ,  'x':  2.99 ,  'y':  -2.48 ,  'r':  0.6 ,  'type':  1}]
9763,1398846930.7973843,[{'idp':  3 ,  'x':  3.0 ,  'y':  -2.52 ,  'r':  0.6 ,  'type':  1}]
9764,1398846930.835899,[{'idp':  3 ,  'x':  2.98 ,  'y':  -2.52 ,  'r':  0.6 ,  'type':  1}]
9765,1398846930.8758755,[{'idp':  3 ,  'x':  2.92 ,  'y':  -2.53 ,  'r':  0.6 ,  'type':  1}]
9766,1398846930.8758998,[{'idp':  3 ,  'x':  2.88 ,  'y':  -2.52 ,  'r':  0.6 ,  'type':  1}]
9767,1398846930.915867,[{'idp':  3 ,  'x':  2.8 ,  'y':  -2.53 ,  'r':  0.6 ,  'type':  1}]
9768,1398846930.9234633,[{'idp':  3 ,  'x':  2.75 ,  'y':  -2.55 ,  'r':  0.6 ,  'type':  1}]
9769,1398846930.9599154,[{'idp':  3 ,  'x':  2.69 ,  'y':  -2.55 ,  'r':  0.6 ,  'type':  1}]
9770,1398846930.9999084,[{'idp':  3 ,  'x':  2.64 ,  'y':  -2.54 ,  'r':  0.6 ,  'type':  1}]
9771,1398846930.9999375,[{'idp':  3 ,  'x':  2.58 ,  'y':  -2.51 ,  'r':  0.6 ,  'type':  1}]
9772,1398846931.0398319,[{'idp':  3 ,  'x':  2.51 ,  'y':  -2.49 ,  'r':  0.6 ,  'type':  1}]
9773,1398846931.047634,[{'idp':  3 ,  'x':  2.42 ,  'y':  -2.46 ,  'r':  0.6 ,  'type':  1}]
9774,1398846931.0838394,[{'idp':  3 ,  'x':  2.33 ,  'y':  -2.4 ,  'r':  0.6 ,  'type':  1}]
9775,1398846931.1239305,[{'idp':  3 ,  'x':  2.3 ,  'y':  -2.42 ,  'r':  0.6 ,  'type':  1}]
9776,1398846931.1239626,[{'idp':  3 ,  'x':  2.28 ,  'y':  -2.44 ,  'r':  0.6 ,  'type':  1}]
9777,1398846931.1638505,[{'idp':  3 ,  'x':  2.24 ,  'y':  -2.48 ,  'r':  0.6 ,  'type':  1}]
9778,1398846931.1726847,[{'idp':  3 ,  'x':  2.18 ,  'y':  -2.48 ,  'r':  0.6 ,  'type':  1}]
9779,1398846931.2118313,[{'idp':  3 ,  'x':  2.17 ,  'y':  -2.48 ,  'r':  0.6 ,  'type':  1}]
9780,1398846931.2518733,[{'idp':  3 ,  'x':  2.14 ,  'y':  -2.48 ,  'r':  0.6 ,  'type':  1}]
9781,1398846931.251904,[{'idp':  3 ,  'x':  2.11 ,  'y':  -2.48 ,  'r':  0.6 ,  'type':  1}]
9782,1398846931.291873,[{'idp':  3 ,  'x':  2.09 ,  'y':  -2.48 ,  'r':  0.6 ,  'type':  1}]
9783,1398846931.2963753,[{'idp':  3 ,  'x':  2.07 ,  'y':  -2.47 ,  'r':  0.6 ,  'type':  1}]
9784,1398846931.3358865,[{'idp':  3 ,  'x':  2.02 ,  'y':  -2.47 ,  'r':  0.6 ,  'type':  1}]
9785,1398846931.3758526,[{'idp':  3 ,  'x':  2.03 ,  'y':  -2.48 ,  'r':  0.6 ,  'type':  1}]
9786,1398846931.3758843,[{'idp':  3 ,  'x':  2.02 ,  'y':  -2.49 ,  'r':  0.6 ,  'type':  1}]
9787,1398846931.4158652,[{'idp':  3 ,  'x':  1.99 ,  'y':  -2.48 ,  'r':  0.6 ,  'type':  1}]
9788,1398846931.42153,[{'idp':  3 ,  'x':  1.93 ,  'y':  -2.47 ,  'r':  0.6 ,  'type':  1}]
9789,1398846931.4598272,[{'idp':  3 ,  'x':  1.87 ,  'y':  -2.44 ,  'r':  0.6 ,  'type':  1}]
9790,1398846931.4998717,[{'idp':  3 ,  'x':  1.83 ,  'y':  -2.42 ,  'r':  0.6 ,  'type':  1}]
9791,1398846931.4998999,[{'idp':  3 ,  'x':  1.77 ,  'y':  -2.4 ,  'r':  0.6 ,  'type':  1}]
9792,1398846931.5398738,[{'idp':  3 ,  'x':  1.71 ,  'y':  -2.44 ,  'r':  0.6 ,  'type':  1}]
9793,1398846931.5465207,[{'idp':  3 ,  'x':  1.64 ,  'y':  -2.44 ,  'r':  0.6 ,  'type':  1}]
9794,1398846931.583881,[{'idp':  3 ,  'x':  1.58 ,  'y':  -2.44 ,  'r':  0.6 ,  'type':  1}]
9795,1398846931.6239564,[{'idp':  3 ,  'x':  1.52 ,  'y':  -2.43 ,  'r':  0.6 ,  'type':  1}]
9796,1398846931.6239882,[{'idp':  3 ,  'x':  1.46 ,  'y':  -2.42 ,  'r':  0.6 ,  'type':  1}]
9797,1398846931.6638901,[{'idp':  3 ,  'x':  1.41 ,  'y':  -2.4 ,  'r':  0.6 ,  'type':  1}]
9798,1398846931.670366,[{'idp':  3 ,  'x':  1.36 ,  'y':  -2.38 ,  'r':  0.6 ,  'type':  1}]
9799,1398846931.707912,[{'idp':  3 ,  'x':  1.31 ,  'y':  -2.35 ,  'r':  0.6 ,  'type':  1}]
9800,1398846931.7478323,[{'idp':  3 ,  'x':  1.27 ,  'y':  -2.34 ,  'r':  0.6 ,  'type':  1}]
9801,1398846931.7478468,[{'idp':  3 ,  'x':  1.25 ,  'y':  -2.32 ,  'r':  0.6 ,  'type':  1}]
9802,1398846931.787936,[{'idp':  3 ,  'x':  1.21 ,  'y':  -2.31 ,  'r':  0.6 ,  'type':  1}]
9803,1398846931.7950807,[{'idp':  3 ,  'x':  1.17 ,  'y':  -2.29 ,  'r':  0.6 ,  'type':  1}]
9804,1398846931.8319464,[{'idp':  3 ,  'x':  1.15 ,  'y':  -2.28 ,  'r':  0.6 ,  'type':  1}]
9805,1398846931.8719337,[{'idp':  3 ,  'x':  1.12 ,  'y':  -2.27 ,  'r':  0.6 ,  'type':  1}]
9806,1398846931.8719635,[{'idp':  3 ,  'x':  1.09 ,  'y':  -2.27 ,  'r':  0.6 ,  'type':  1}]
9807,1398846931.9118834,[{'idp':  3 ,  'x':  1.09 ,  'y':  -2.26 ,  'r':  0.6 ,  'type':  1}]
9808,1398846931.920383,[{'idp':  3 ,  'x':  1.08 ,  'y':  -2.26 ,  'r':  0.6 ,  'type':  1}]
9809,1398846931.9598758,[{'idp':  3 ,  'x':  1.02 ,  'y':  -2.25 ,  'r':  0.6 ,  'type':  1}]
9810,1398846931.9998524,[{'idp':  3 ,  'x':  0.99 ,  'y':  -2.25 ,  'r':  0.6 ,  'type':  1}]
9811,1398846931.9998894,[{'idp':  3 ,  'x':  0.93 ,  'y':  -2.22 ,  'r':  0.6 ,  'type':  1}]
9812,1398846932.0398724,[{'idp':  3 ,  'x':  0.9 ,  'y':  -2.21 ,  'r':  0.6 ,  'type':  1}]
9813,1398846932.0446227,[{'idp':  3 ,  'x':  0.86 ,  'y':  -2.2 ,  'r':  0.6 ,  'type':  1}]
9814,1398846932.0838299,[{'idp':  3 ,  'x':  0.81 ,  'y':  -2.19 ,  'r':  0.6 ,  'type':  1}]
9815,1398846932.1238704,[{'idp':  3 ,  'x':  0.76 ,  'y':  -2.17 ,  'r':  0.6 ,  'type':  1}]
9816,1398846932.1239033,[{'idp':  3 ,  'x':  0.71 ,  'y':  -2.15 ,  'r':  0.6 ,  'type':  1}]
9817,1398846932.1639326,[{'idp':  3 ,  'x':  0.66 ,  'y':  -2.13 ,  'r':  0.6 ,  'type':  1}]
9818,1398846932.169407,[{'idp':  3 ,  'x':  0.61 ,  'y':  -2.07 ,  'r':  0.6 ,  'type':  1}]
9819,1398846932.2078798,[{'idp':  3 ,  'x':  0.54 ,  'y':  -2.01 ,  'r':  0.6 ,  'type':  1}]
9820,1398846932.2478795,[{'idp':  3 ,  'x':  0.51 ,  'y':  -2.03 ,  'r':  0.6 ,  'type':  1}]
9821,1398846932.2479117,[{'idp':  3 ,  'x':  0.48 ,  'y':  -2.04 ,  'r':  0.6 ,  'type':  1}]
9822,1398846932.287858,[{'idp':  3 ,  'x':  0.45 ,  'y':  -2.04 ,  'r':  0.6 ,  'type':  1}]
9823,1398846932.2946434,[{'idp':  3 ,  'x':  0.43 ,  'y':  -2.05 ,  'r':  0.6 ,  'type':  1}]
9824,1398846932.3319008,[{'idp':  3 ,  'x':  0.38 ,  'y':  -2.02 ,  'r':  0.6 ,  'type':  1}]
9825,1398846932.3719475,[{'idp':  3 ,  'x':  0.34 ,  'y':  -2.01 ,  'r':  0.6 ,  'type':  1}]
9826,1398846932.3719823,[{'idp':  3 ,  'x':  0.31 ,  'y':  -2.01 ,  'r':  0.6 ,  'type':  1}]
9827,1398846932.4118807,[{'idp':  3 ,  'x':  0.28 ,  'y':  -2.0 ,  'r':  0.6 ,  'type':  1}]
9828,1398846932.4187462,[{'idp':  3 ,  'x':  0.25 ,  'y':  -1.99 ,  'r':  0.6 ,  'type':  1}]
9829,1398846932.4558818,[{'idp':  3 ,  'x':  0.23 ,  'y':  -1.99 ,  'r':  0.6 ,  'type':  1}]
9830,1398846932.4958405,[{'idp':  3 ,  'x':  0.24 ,  'y':  -2.01 ,  'r':  0.6 ,  'type':  1}]
9831,1398846932.495874,[{'idp':  3 ,  'x':  0.23 ,  'y':  -2.01 ,  'r':  0.6 ,  'type':  1}]
9832,1398846932.5359142,[{'idp':  3 ,  'x':  0.2 ,  'y':  -2.04 ,  'r':  0.6 ,  'type':  1}]
9833,1398846932.544671,[{'idp':  3 ,  'x':  0.16 ,  'y':  -2.05 ,  'r':  0.6 ,  'type':  1}]
9834,1398846932.5838845,[{'idp':  3 ,  'x':  0.12 ,  'y':  -2.05 ,  'r':  0.6 ,  'type':  1}]
9835,1398846932.6238525,[{'idp':  3 ,  'x':  0.1 ,  'y':  -2.06 ,  'r':  0.6 ,  'type':  1}]
9836,1398846932.62388,[{'idp':  3 ,  'x':  0.07 ,  'y':  -2.06 ,  'r':  0.6 ,  'type':  1}]
9837,1398846932.6639447,[]
9838,1398846932.668562,[]
9839,1398846932.707808,[]
9840,1398846932.747863,[]
9841,1398846932.7478907,[]
9842,1398846932.7878752,[]
9843,1398846932.7940245,[]
9844,1398846932.8318336,[]
9845,1398846932.8719246,[]
9846,1398846932.8719506,[]
9847,1398846932.911873,[]
9848,1398846932.9187903,[]
9849,1398846932.9558365,[]
9850,1398846932.996697,[]
9851,1398846932.9967275,[]
9852,1398846933.0358927,[]
9853,1398846933.0434067,[]
9854,1398846933.0798247,[]
9855,1398846933.119853,[]
9856,1398846933.1198845,[]
9857,1398846933.1599305,[]
9858,1398846933.1679595,[]
9859,1398846933.2078562,[]
9860,1398846933.2478952,[]
9861,1398846933.2479274,[]
9862,1398846933.287844,[]
9863,1398846933.2934113,[]
9864,1398846933.331929,[]
9865,1398846933.3719063,[]
9866,1398846933.3719358,[]
9867,1398846933.4118254,[]
9868,1398846933.4170654,[]
9869,1398846933.4557998,[]
9870,1398846933.4959087,[]
9871,1398846933.4959378,[]
9872,1398846933.5359006,[]
9873,1398846933.5412846,[]
9874,1398846933.5798376,[]
9875,1398846933.6198764,[]
9876,1398846933.619907,[]
9877,1398846933.6599092,[]
9878,1398846933.667155,[]
9879,1398846933.7038724,[]
9880,1398846933.743808,[]
9881,1398846933.743847,[]
9882,1398846933.7838845,[]
9883,1398846933.791903,[]
9884,1398846933.8319016,[]
9885,1398846933.8718696,[]
9886,1398846933.8718963,[]
9887,1398846933.9118679,[]
9888,1398846933.9153578,[]
9889,1398846933.9518368,[]
9890,1398846933.9919062,[]
9891,1398846933.9919426,[]
9892,1398846934.0318906,[]
9893,1398846934.0402768,[]
9894,1398846934.0798538,[]
9895,1398846934.1198728,[]
9896,1398846934.1199002,[]
9897,1398846934.1598585,[]
9898,1398846934.1652741,[]
9899,1398846934.20389,[]
9900,1398846934.2438715,[]
9901,1398846934.2439017,[]
9902,1398846934.2838287,[]
9903,1398846934.2907767,[]
9904,1398846934.3279095,[]
9905,1398846934.367833,[]
9906,1398846934.3678625,[]
9907,1398846934.4078913,[]
9908,1398846934.4142382,[]
9909,1398846934.4519002,[]
9910,1398846934.491885,[]
9911,1398846934.491906,[]
9912,1398846934.5319793,[]
9913,1398846934.5390413,[]
9914,1398846934.5758297,[]
9915,1398846934.6158729,[]
9916,1398846934.615903,[]
9917,1398846934.6559284,[]
9918,1398846934.6646745,[]
9919,1398846934.703837,[]
9920,1398846934.743894,[]
9921,1398846934.7439234,[]
9922,1398846934.7839031,[]
9923,1398846934.7890384,[]
9924,1398846934.8278477,[]
9925,1398846934.8678958,[]
9926,1398846934.86795,[]
9927,1398846934.9079049,[]
9928,1398846934.9137306,[]
9929,1398846934.9518702,[]
9930,1398846934.9918456,[]
9931,1398846934.9918752,[]
9932,1398846935.0319402,[]
9933,1398846935.039669,[]
9934,1398846935.0758467,[]
9935,1398846935.115887,[]
9936,1398846935.1159203,[]
9937,1398846935.1558206,[]
9938,1398846935.1638281,[]
9939,1398846935.2039545,[]
9940,1398846935.2438228,[]
9941,1398846935.2438524,[]
9942,1398846935.2839296,[]
9943,1398846935.2886496,[]
9944,1398846935.3279088,[]
9945,1398846935.3678808,[]
9946,1398846935.4078262,[]
9947,1398846935.4078443,[]
9948,1398846935.4478822,[]
9949,1398846935.4479125,[]
9950,1398846935.487854,[]
9951,1398846935.4878879,[]
9952,1398846935.527901,[]
9953,1398846935.5368104,[]
9954,1398846935.5758543,[]
9955,1398846935.6158671,[]
9956,1398846935.615896,[]
9957,1398846935.6559203,[]
9958,1398846935.6626534,[]
9959,1398846935.699896,[]
9960,1398846935.7398465,[]
9961,1398846935.7398758,[]
9962,1398846935.7799902,[]
9963,1398846935.7868054,[]
9964,1398846935.8238869,[]
9965,1398846935.863893,[]
9966,1398846935.8639233,[]
9967,1398846935.9039056,[]
9968,1398846935.911033,[]
9969,1398846935.9478562,[]
9970,1398846935.987877,[]
9971,1398846935.9879217,[]
9972,1398846936.027916,[]
9973,1398846936.0368068,[]
9974,1398846936.075851,[]
9975,1398846936.1158707,[]
9976,1398846936.1158988,[]
9977,1398846936.1558743,[]
9978,1398846936.1603563,[]
9979,1398846936.1998923,[]
9980,1398846936.2398474,[]
9981,1398846936.2398758,[]
9982,1398846936.2798812,[]
9983,1398846936.2855265,[]
9984,1398846936.3238776,[]
9985,1398846936.3639703,[]
9986,1398846936.3639998,[]
9987,1398846936.4038482,[]
9988,1398846936.4098794,[]
9989,1398846936.4478765,[]
9990,1398846936.4878368,[]
9991,1398846936.4878647,[]
9992,1398846936.5278482,[]
9993,1398846936.535617,[]
9994,1398846936.5718484,[]
9995,1398846936.611892,[]
9996,1398846936.611922,[]
9997,1398846936.6519291,[]
9998,1398846936.6592205,[]
9999,1398846936.695853,[]
10000,1398846936.735837,[]
