id,timestamp,circles
24527,1398693810.2016582,[]
24528,1398693810.2097275,[]
24529,1398693810.2496438,[]
24530,1398693810.2896943,[]
24531,1398693810.2897246,[]
24532,1398693810.3297296,[]
24533,1398693810.3346374,[]
24534,1398693810.37368,[]
24535,1398693810.4137082,[]
24536,1398693810.4137344,[]
24537,1398693810.453714,[]
24538,1398693810.4591222,[]
24539,1398693810.4976857,[]
24540,1398693810.537726,[]
24541,1398693810.5377564,[]
24542,1398693810.577728,[]
24543,1398693810.584656,[]
24544,1398693810.621653,[]
24545,1398693810.6616924,[]
24546,1398693810.6617224,[]
24547,1398693810.7016847,[]
24548,1398693810.7086396,[]
24549,1398693810.7457252,[]
24550,1398693810.7857194,[]
24551,1398693810.8257265,[]
24552,1398693810.8257577,[]
24553,1398693810.8657653,[]
24554,1398693810.8657987,[]
24555,1398693810.905714,[]
24556,1398693810.9081304,[]
24557,1398693810.9457161,[]
24558,1398693810.9857614,[]
24559,1398693810.9857936,[]
24560,1398693811.025708,[]
24561,1398693811.0330417,[]
24562,1398693811.0697086,[]
24563,1398693811.1097214,[]
24564,1398693811.1097517,[]
24565,1398693811.1497142,[]
24566,1398693811.1576633,[]
24567,1398693811.1976664,[]
24568,1398693811.237693,[]
24569,1398693811.237725,[]
24570,1398693811.2776797,[]
24571,1398693811.282004,[]
24572,1398693811.3216755,[]
24573,1398693811.36173,[]
24574,1398693811.3617623,[]
24575,1398693811.4016821,[]
24576,1398693811.4064555,[]
24577,1398693811.4456575,[]
24578,1398693811.4858253,[]
24579,1398693811.4858625,[]
24580,1398693811.525714,[]
24581,1398693811.5312686,[]
24582,1398693811.5696602,[]
24583,1398693811.6096878,[]
24584,1398693811.6097164,[]
24585,1398693811.6497095,[]
24586,1398693811.656257,[]
24587,1398693811.6936462,[]
24588,1398693811.7337313,[]
24589,1398693811.7337606,[]
24590,1398693811.7736447,[]
24591,1398693811.7804945,[]
24592,1398693811.8177314,[]
24593,1398693811.8577533,[]
24594,1398693811.8577838,[]
24595,1398693811.897654,[]
24596,1398693811.9050775,[]
24597,1398693811.9417052,[]
24598,1398693811.9830346,[]
24599,1398693811.9830642,[]
24600,1398693812.0217645,[]
24601,1398693812.0299242,[]
24602,1398693812.069657,[]
24603,1398693812.1097133,[]
24604,1398693812.109775,[]
24605,1398693812.149712,[]
24606,1398693812.1546154,[]
24607,1398693812.193665,[]
24608,1398693812.2336552,[]
24609,1398693812.233682,[]
24610,1398693812.2736902,[]
24611,1398693812.2794042,[]
24612,1398693812.3177278,[]
24613,1398693812.357689,[]
24614,1398693812.3577101,[]
24615,1398693812.397705,[]
24616,1398693812.403825,[]
24617,1398693812.4417274,[]
24618,1398693812.481676,[]
24619,1398693812.4817114,[]
24620,1398693812.5216548,[]
24621,1398693812.5284505,[]
24622,1398693812.5656831,[]
24623,1398693812.6056764,[]
24624,1398693812.6057067,[]
24625,1398693812.6457238,[]
24626,1398693812.6533997,[]
24627,1398693812.6896281,[]
24628,1398693812.7296405,[]
24629,1398693812.7296724,[]
24630,1398693812.7696447,[]
24631,1398693812.7778895,[]
24632,1398693812.8177457,[]
24633,1398693812.8576686,[]
24634,1398693812.8577018,[]
24635,1398693812.897695,[]
24636,1398693812.9029055,[]
24637,1398693812.9416838,[]
24638,1398693812.981666,[]
24639,1398693812.9816983,[]
24640,1398693813.0217059,[]
24641,1398693813.0273354,[]
24642,1398693813.0656981,[]
24643,1398693813.105651,[]
24644,1398693813.1056836,[]
24645,1398693813.14568,[]
24646,1398693813.1522846,[]
24647,1398693813.1896908,[]
24648,1398693813.2296717,[]
24649,1398693813.2297049,[]
24650,1398693813.269685,[]
24651,1398693813.2767646,[]
24652,1398693813.3137133,[]
24653,1398693813.3537438,[]
24654,1398693813.3537745,[]
24655,1398693813.3936467,[]
24656,1398693813.4014866,[]
24657,1398693813.4377306,[]
24658,1398693813.477663,[]
24659,1398693813.477693,[]
24660,1398693813.5176473,[]
24661,1398693813.5261698,[]
24662,1398693813.5656977,[]
24663,1398693813.6056638,[]
24664,1398693813.6056895,[]
24665,1398693813.6456761,[]
24666,1398693813.6507683,[]
24667,1398693813.6897578,[]
24668,1398693813.7297058,[]
24669,1398693813.7297382,[]
24670,1398693813.7697144,[]
24671,1398693813.7755508,[]
24672,1398693813.8137376,[]
24673,1398693813.8537078,[]
24674,1398693813.8537352,[]
24675,1398693813.8937137,[]
24676,1398693813.9001002,[]
24677,1398693813.9377418,[]
24678,1398693813.977672,[]
24679,1398693813.9776995,[]
24680,1398693814.0177608,[]
24681,1398693814.0249166,[]
24682,1398693814.0617232,[]
24683,1398693814.1016517,[]
24684,1398693814.1016924,[]
24685,1398693814.1417809,[]
24686,1398693814.1494117,[]
24687,1398693814.1856582,[]
24688,1398693814.2257059,[]
24689,1398693814.2257364,[]
24690,1398693814.265664,[]
24691,1398693814.2741826,[]
24692,1398693814.3137589,[]
24693,1398693814.3536935,[]
24694,1398693814.3537192,[]
24695,1398693814.3936784,[]
24696,1398693814.3986983,[]
24697,1398693814.4377768,[]
24698,1398693814.477695,[]
24699,1398693814.4777277,[]
24700,1398693814.517664,[]
24701,1398693814.5235217,[]
24702,1398693814.5617263,[]
24703,1398693814.6016724,[]
24704,1398693814.6017036,[]
24705,1398693814.6416855,[]
24706,1398693814.648254,[]
24707,1398693814.685682,[]
24708,1398693814.7257016,[]
24709,1398693814.725731,[]
24710,1398693814.765642,[]
24711,1398693814.772807,[]
24712,1398693814.8096645,[]
24713,1398693814.8497357,[]
24714,1398693814.8497949,[]
24715,1398693814.889747,[]
24716,1398693814.8975077,[]
24717,1398693814.9336927,[]
24718,1398693814.9736865,[]
24719,1398693814.9737182,[]
24720,1398693815.013652,[]
24721,1398693815.022351,[]
24722,1398693815.0617733,[]
24723,1398693815.1017177,[]
24724,1398693815.1017473,[]
24725,1398693815.1416924,[]
24726,1398693815.1469958,[]
24727,1398693815.1856751,[]
24728,1398693815.2256672,[]
24729,1398693815.2256923,[]
24730,1398693815.2656798,[]
24731,1398693815.2716634,[]
24732,1398693815.3097224,[]
24733,1398693815.349646,[]
24734,1398693815.3496785,[]
24735,1398693815.389642,[]
24736,1398693815.3964615,[]
24737,1398693815.4337163,[]
24738,1398693815.4736478,[]
24739,1398693815.4736843,[]
24740,1398693815.51382,[]
24741,1398693815.5218852,[]
24742,1398693815.5617254,[]
24743,1398693815.6016867,[]
24744,1398693815.6017153,[]
24745,1398693815.641652,[]
24746,1398693815.646902,[]
24747,1398693815.6856809,[]
24748,1398693815.7256975,[]
24749,1398693815.7257297,[]
24750,1398693815.7656672,[]
24751,1398693815.7706025,[]
24752,1398693815.809694,[]
24753,1398693815.8497005,[]
24754,1398693815.8497293,[]
24755,1398693815.8897858,[]
24756,1398693815.8951287,[]
24757,1398693815.933767,[]
24758,1398693815.973731,[]
24759,1398693815.9737613,[]
24760,1398693816.013732,[]
24761,1398693816.0202727,[]
24762,1398693816.0577328,[]
24763,1398693816.0976396,[]
24764,1398693816.0976639,[]
24765,1398693816.1377063,[]
24766,1398693816.1447785,[]
24767,1398693816.181716,[]
24768,1398693816.2216318,[]
24769,1398693816.2216496,[]
24770,1398693816.261645,[]
24771,1398693816.2700834,[]
24772,1398693816.3096783,[]
24773,1398693816.3496618,[]
24774,1398693816.3497455,[]
24775,1398693816.3897798,[]
24776,1398693816.394655,[]
24777,1398693816.4336474,[]
24778,1398693816.4736953,[]
24779,1398693816.4737275,[]
24780,1398693816.5138316,[]
24781,1398693816.5195644,[]
24782,1398693816.5576901,[]
24783,1398693816.597675,[]
24784,1398693816.5977054,[]
24785,1398693816.6377094,[]
24786,1398693816.644534,[]
24787,1398693816.6817453,[]
24788,1398693816.721674,[]
24789,1398693816.7217038,[]
24790,1398693816.7617478,[]
24791,1398693816.7693474,[]
24792,1398693816.8056736,[]
24793,1398693816.8457403,[]
24794,1398693816.8457716,[]
24795,1398693816.8857024,[]
24796,1398693816.893938,[]
24797,1398693816.9336956,[]
24798,1398693816.9736967,[]
24799,1398693816.9737349,[]
24800,1398693817.0137157,[]
24801,1398693817.0187986,[]
24802,1398693817.057745,[]
24803,1398693817.0976653,[]
24804,1398693817.0976968,[]
24805,1398693817.1376936,[]
24806,1398693817.1436682,[]
24807,1398693817.1817036,[]
24808,1398693817.2216835,[]
24809,1398693817.2217102,[]
24810,1398693817.2617319,[]
24811,1398693817.2681525,[]
24812,1398693817.305758,[]
24813,1398693817.3456645,[]
24814,1398693817.3457,[]
24815,1398693817.3857288,[]
24816,1398693817.3928838,[]
24817,1398693817.4297082,[]
24818,1398693817.4696574,[]
24819,1398693817.469676,[]
24820,1398693817.509735,[]
24821,1398693817.5175095,[]
24822,1398693817.5537343,[]
24823,1398693817.593682,[]
24824,1398693817.593711,[]
24825,1398693817.633687,[]
24826,1398693817.6422896,[]
24827,1398693817.6816568,[]
24828,1398693817.721719,[]
24829,1398693817.7217476,[]
24830,1398693817.7617457,[]
24831,1398693817.7667875,[]
24832,1398693817.805716,[]
24833,1398693817.845728,[]
24834,1398693817.8457577,[]
24835,1398693817.8856792,[]
24836,1398693817.8911932,[]
24837,1398693817.9296868,[]
24838,1398693817.9696739,[]
24839,1398693817.9697037,[]
24840,1398693818.0097165,[]
24841,1398693818.0159698,[]
24842,1398693818.053747,[]
24843,1398693818.0936742,[]
24844,1398693818.0937026,[]
24845,1398693818.133704,[]
24846,1398693818.1434507,[]
24847,1398693818.1817243,[]
24848,1398693818.2217011,[]
24849,1398693818.221731,[]
24850,1398693818.2617164,[]
24851,1398693818.26983,[]
24852,1398693818.3096437,[]
24853,1398693818.3497937,[]
24854,1398693818.3498192,[]
24855,1398693818.3896217,[]
24856,1398693818.3896384,[]
24857,1398693818.429764,[]
24858,1398693818.4387999,[]
24859,1398693818.4777408,[]
24860,1398693818.5177076,[]
24861,1398693818.5177402,[]
24862,1398693818.5576794,[]
24863,1398693818.5631692,[]
24864,1398693818.6017027,[]
24865,1398693818.6416771,[]
24866,1398693818.6417062,[]
24867,1398693818.6816764,[]
24868,1398693818.6878283,[]
24869,1398693818.7256823,[]
24870,1398693818.7656739,[]
24871,1398693818.7657037,[]
24872,1398693818.8057437,[]
24873,1398693818.8125334,[]
24874,1398693818.8497434,[]
24875,1398693818.8896437,[]
24876,1398693818.88969,[]
24877,1398693818.9297264,[]
24878,1398693818.9371634,[]
24879,1398693818.9737065,[]
24880,1398693819.0136437,[]
24881,1398693819.013676,[]
24882,1398693819.0538554,[]
24883,1398693819.061931,[]
24884,1398693819.1016955,[]
24885,1398693819.1417098,[]
24886,1398693819.1417394,[]
24887,1398693819.1816583,[]
24888,1398693819.1862903,[]
24889,1398693819.225686,[]
24890,1398693819.2657232,[]
24891,1398693819.2657518,[]
24892,1398693819.3057826,[]
24893,1398693819.3115354,[]
24894,1398693819.3496895,[]
24895,1398693819.3896606,[]
24896,1398693819.3896961,[]
24897,1398693819.4297183,[]
24898,1398693819.435946,[]
24899,1398693819.4737332,[]
24900,1398693819.5136294,[]
24901,1398693819.5136604,[]
24902,1398693819.5537014,[]
24903,1398693819.5605316,[]
24904,1398693819.597691,[]
24905,1398693819.6376674,[]
24906,1398693819.6377013,[]
24907,1398693819.6777346,[]
24908,1398693819.685025,[]
24909,1398693819.7216983,[]
24910,1398693819.761705,[]
24911,1398693819.7617397,[]
24912,1398693819.8017058,[]
24913,1398693819.8097682,[]
24914,1398693819.8496265,[]
24915,1398693819.8896322,[]
24916,1398693819.8896644,[]
24917,1398693819.929755,[]
24918,1398693819.9351525,[]
24919,1398693819.9737015,[]
24920,1398693820.013692,[]
24921,1398693820.0137215,[]
24922,1398693820.053778,[]
24923,1398693820.0592701,[]
24924,1398693820.0976756,[]
24925,1398693820.1391287,[]
24926,1398693820.1776538,[]
24927,1398693820.1776736,[]
24928,1398693820.2176406,[]
24929,1398693820.2176592,[]
24930,1398693820.2576191,[]
24931,1398693820.2586606,[]
24932,1398693820.3016903,[]
24933,1398693820.34167,[]
24934,1398693820.341696,[]
24935,1398693820.3816743,[]
24936,1398693820.3835237,[]
24937,1398693820.4216573,[]
24938,1398693820.4616592,[]
24939,1398693820.4616892,[]
24940,1398693820.501698,[]
24941,1398693820.5081167,[]
24942,1398693820.5456681,[]
24943,1398693820.5857089,[]
24944,1398693820.5857434,[]
24945,1398693820.6257243,[]
24946,1398693820.6328998,[]
24947,1398693820.6697738,[]
24948,1398693820.7096977,[]
24949,1398693820.7097285,[]
24950,1398693820.7496774,[]
24951,1398693820.7576535,[]
24952,1398693820.7976973,[]
24953,1398693820.8376834,[]
24954,1398693820.8377137,[]
24955,1398693820.8777034,[]
24956,1398693820.8821702,[]
24957,1398693820.9216821,[]
24958,1398693820.9616566,[]
24959,1398693820.9616888,[]
24960,1398693821.001682,[]
24961,1398693821.0069876,[]
24962,1398693821.0457432,[]
24963,1398693821.0856905,[]
24964,1398693821.0857244,[]
24965,1398693821.1256936,[]
24966,1398693821.132773,[]
24967,1398693821.1697166,[]
24968,1398693821.2096937,[]
24969,1398693821.2097232,[]
24970,1398693821.2497644,[]
24971,1398693821.256148,[]
24972,1398693821.2936888,[]
24973,1398693821.3337088,[]
24974,1398693821.3337429,[]
24975,1398693821.3736825,[]
24976,1398693821.3810027,[]
24977,1398693821.4177325,[]
24978,1398693821.457686,[]
24979,1398693821.4577124,[]
24980,1398693821.4976833,[]
24981,1398693821.5055008,[]
24982,1398693821.5416918,[]
24983,1398693821.581676,[]
24984,1398693821.5817046,[]
24985,1398693821.6217074,[]
24986,1398693821.6308954,[]
24987,1398693821.669701,[]
24988,1398693821.7096734,[]
24989,1398693821.7097023,[]
24990,1398693821.7497282,[]
24991,1398693821.7550297,[]
24992,1398693821.793663,[]
24993,1398693821.833703,[]
24994,1398693821.8337312,[]
24995,1398693821.8736758,[]
24996,1398693821.8797772,[]
24997,1398693821.9177375,[]
24998,1398693821.9577777,[]
24999,1398693821.9578073,[]
25000,1398693821.9977138,[]
25001,1398693822.004269,[]
25002,1398693822.041687,[]
25003,1398693822.0816615,[]
25004,1398693822.081691,[]
25005,1398693822.1217225,[]
25006,1398693822.1288362,[]
25007,1398693822.1657026,[]
25008,1398693822.2056086,[]
25009,1398693822.205621,[]
25010,1398693822.2456546,[]
25011,1398693822.2536936,[]
25012,1398693822.2936847,[]
25013,1398693822.3337917,[]
25014,1398693822.3338242,[]
25015,1398693822.3736548,[]
25016,1398693822.37811,[]
25017,1398693822.4177237,[]
25018,1398693822.4576747,[]
25019,1398693822.4577076,[]
25020,1398693822.4976895,[]
25021,1398693822.5029933,[]
25022,1398693822.5417292,[]
25023,1398693822.581671,[]
25024,1398693822.5816956,[]
25025,1398693822.621732,[]
25026,1398693822.6278987,[]
25027,1398693822.665655,[]
25028,1398693822.7056618,[]
25029,1398693822.7056923,[]
25030,1398693822.7456923,[]
25031,1398693822.753084,[]
25032,1398693822.7896683,[]
25033,1398693822.8296893,[]
25034,1398693822.82972,[]
25035,1398693822.8696764,[]
25036,1398693822.8772507,[]
25037,1398693822.913689,[]
25038,1398693822.953715,[]
25039,1398693822.9537456,[]
25040,1398693822.9936638,[]
25041,1398693823.0014842,[]
25042,1398693823.037671,[]
25043,1398693823.0776954,[]
25044,1398693823.0777242,[]
25045,1398693823.117728,[]
25046,1398693823.1265595,[]
25047,1398693823.1656504,[]
25048,1398693823.2056735,[]
25049,1398693823.2057533,[]
25050,1398693823.2457514,[]
25051,1398693823.255034,[]
25052,1398693823.2936487,[]
25053,1398693823.3336887,[]
25054,1398693823.3337207,[]
25055,1398693823.377663,[]
25056,1398693823.3776953,[]
25057,1398693823.4176853,[]
25058,1398693823.4260395,[]
25059,1398693823.4656768,[]
25060,1398693823.5057268,[]
25061,1398693823.5057545,[]
25062,1398693823.5458133,[]
25063,1398693823.550707,[]
25064,1398693823.589659,[]
25065,1398693823.6296751,[]
25066,1398693823.629705,[]
25067,1398693823.669718,[]
25068,1398693823.674975,[]
25069,1398693823.7137077,[]
25070,1398693823.7537253,[]
25071,1398693823.7537553,[]
25072,1398693823.7937021,[]
25073,1398693823.800046,[]
25074,1398693823.837705,[]
25075,1398693823.877742,[]
25076,1398693823.8777704,[]
25077,1398693823.9177384,[]
25078,1398693823.9247785,[]
25079,1398693823.9617054,[]
25080,1398693824.0016828,[]
25081,1398693824.001717,[]
25082,1398693824.0417094,[]
25083,1398693824.0493784,[]
25084,1398693824.0856938,[]
25085,1398693824.1257145,[]
25086,1398693824.1657188,[]
25087,1398693824.1657515,[]
25088,1398693824.205668,[]
25089,1398693824.205684,[]
25090,1398693824.2456477,[]
25091,1398693824.2489293,[]
25092,1398693824.28572,[]
25093,1398693824.3256972,[]
25094,1398693824.3257296,[]
25095,1398693824.3657973,[]
25096,1398693824.3733187,[]
25097,1398693824.40967,[]
25098,1398693824.4496756,[]
25099,1398693824.4497025,[]
25100,1398693824.4897196,[]
25101,1398693824.4977498,[]
25102,1398693824.5377152,[]
25103,1398693824.5777063,[]
25104,1398693824.577727,[]
25105,1398693824.6178396,[]
25106,1398693824.6227663,[]
25107,1398693824.661679,[]
25108,1398693824.701679,[]
25109,1398693824.7017088,[]
25110,1398693824.7417467,[]
25111,1398693824.747602,[]
25112,1398693824.7857342,[]
25113,1398693824.8256977,[]
25114,1398693824.825731,[]
25115,1398693824.8658426,[]
25116,1398693824.8721526,[]
25117,1398693824.909627,[]
25118,1398693824.9496396,[]
25119,1398693824.9496658,[]
25120,1398693824.9897022,[]
25121,1398693824.996442,[]
25122,1398693825.0338054,[]
25123,1398693825.0736744,[]
25124,1398693825.0737088,[]
25125,1398693825.113735,[]
25126,1398693825.121571,[]
25127,1398693825.157628,[]
25128,1398693825.1977103,[]
25129,1398693825.1977599,[]
25130,1398693825.237672,[]
25131,1398693825.2459779,[]
25132,1398693825.285693,[]
25133,1398693825.325708,[]
25134,1398693825.325737,[]
25135,1398693825.3657525,[]
25136,1398693825.370558,[]
25137,1398693825.4097018,[]
25138,1398693825.4496748,[]
25139,1398693825.4497104,[]
25140,1398693825.489795,[]
25141,1398693825.49557,[]
25142,1398693825.5336747,[]
25143,1398693825.5736928,[]
25144,1398693825.5737205,[]
25145,1398693825.6136844,[]
25146,1398693825.6201658,[]
25147,1398693825.657685,[]
25148,1398693825.69767,[]
25149,1398693825.6977,[]
25150,1398693825.737718,[]
25151,1398693825.744786,[]
25152,1398693825.7816365,[]
25153,1398693825.8216977,[]
25154,1398693825.8217204,[]
25155,1398693825.8617556,[]
25156,1398693825.8694694,[]
25157,1398693825.905706,[]
25158,1398693825.9456584,[]
25159,1398693825.945686,[]
25160,1398693825.9858012,[]
25161,1398693825.993691,[]
25162,1398693826.0337079,[]
25163,1398693826.0736985,[]
25164,1398693826.0737233,[]
25165,1398693826.113668,[]
25166,1398693826.1189463,[]
25167,1398693826.1576219,[]
25168,1398693826.1976938,[]
25169,1398693826.2377,[]
25170,1398693826.2377338,[]
25171,1398693826.2776387,[]
25172,1398693826.277653,[]
25173,1398693826.3176756,[]
25174,1398693826.318276,[]
25175,1398693826.357684,[]
25176,1398693826.3977232,[]
25177,1398693826.397783,[]
25178,1398693826.437748,[]
25179,1398693826.4429162,[{'idp': 114, 'x': 7.077, 'y': -6.91, 'r': 0.4, 'type': 1}]
25180,1398693826.4816284,[{'idp': 114, 'x': 7.083, 'y': -6.929, 'r': 0.4, 'type': 1}]
25181,1398693826.521712,[{'idp': 114, 'x': 7.096, 'y': -6.911, 'r': 0.4, 'type': 1}]
25182,1398693826.5217273,[{'idp': 114, 'x': 7.033, 'y': -6.911, 'r': 0.4, 'type': 1}]
25183,1398693826.5617504,[{'idp': 114, 'x': 7.033, 'y': -6.88, 'r': 0.4, 'type': 1}]
25184,1398693826.567676,[{'idp': 114, 'x': 6.997, 'y': -6.875, 'r': 0.4, 'type': 1}]
25185,1398693826.60565,[{'idp': 114, 'x': 6.941, 'y': -6.91, 'r': 0.4, 'type': 1}]
25186,1398693826.6457007,[{'idp': 114, 'x': 6.889, 'y': -6.89, 'r': 0.4, 'type': 1}]
25187,1398693826.6457806,[{'idp': 114, 'x': 6.885, 'y': -6.855, 'r': 0.4, 'type': 1}]
25188,1398693826.685671,[{'idp': 114, 'x': 6.824, 'y': -6.855, 'r': 0.4, 'type': 1}]
25189,1398693826.6923666,[{'idp': 114, 'x': 6.805, 'y': -6.865, 'r': 0.4, 'type': 1}]
25190,1398693826.7298038,[{'idp': 114, 'x': 6.773, 'y': -6.832, 'r': 0.4, 'type': 1}]
25191,1398693826.7697802,[{'idp': 114, 'x': 6.732, 'y': -6.882, 'r': 0.4, 'type': 1}]
25192,1398693826.76983,[{'idp': 114, 'x': 6.723, 'y': -6.873, 'r': 0.4, 'type': 1}]
25193,1398693826.8098009,[{'idp': 114, 'x': 6.687, 'y': -6.806, 'r': 0.4, 'type': 1}]
25194,1398693826.8174372,[{'idp': 114, 'x': 6.646, 'y': -6.824, 'r': 0.4, 'type': 1}]
25195,1398693826.8537724,[{'idp': 114, 'x': 6.612, 'y': -6.818, 'r': 0.4, 'type': 1}]
25196,1398693826.8936672,[{'idp': 114, 'x': 6.595, 'y': -6.801, 'r': 0.4, 'type': 1}]
25197,1398693826.8937008,[{'idp': 114, 'x': 6.568, 'y': -6.803, 'r': 0.4, 'type': 1}]
25198,1398693826.9336631,[{'idp': 114, 'x': 6.544, 'y': -6.838, 'r': 0.4, 'type': 1}]
25199,1398693826.9418511,[{'idp': 114, 'x': 6.514, 'y': -6.806, 'r': 0.4, 'type': 1}]
25200,1398693826.9816415,[{'idp': 114, 'x': 6.507, 'y': -6.769, 'r': 0.4, 'type': 1}]
25201,1398693827.021724,[{'idp': 114, 'x': 6.477, 'y': -6.797, 'r': 0.4, 'type': 1}]
25202,1398693827.0217423,[{'idp': 114, 'x': 6.443, 'y': -6.792, 'r': 0.4, 'type': 1}]
25203,1398693827.061741,[{'idp': 114, 'x': 6.431, 'y': -6.808, 'r': 0.4, 'type': 1}]
25204,1398693827.06666,[{'idp': 114, 'x': 6.41, 'y': -6.756, 'r': 0.4, 'type': 1}]
25205,1398693827.1056864,[{'idp': 114, 'x': 6.383, 'y': -6.758, 'r': 0.4, 'type': 1}]
25206,1398693827.1457608,[{'idp': 114, 'x': 6.326, 'y': -6.756, 'r': 0.4, 'type': 1}]
25207,1398693827.1457875,[{'idp': 114, 'x': 6.31, 'y': -6.769, 'r': 0.4, 'type': 1}]
25208,1398693827.1857626,[{'idp': 114, 'x': 6.287, 'y': -6.714, 'r': 0.4, 'type': 1}]
25209,1398693827.1909745,[{'idp': 114, 'x': 6.271, 'y': -6.696, 'r': 0.4, 'type': 1}]
25210,1398693827.2295911,[{'idp': 114, 'x': 6.247, 'y': -6.73, 'r': 0.4, 'type': 1}]
25211,1398693827.2697036,[{'idp': 114, 'x': 6.24, 'y': -6.635, 'r': 0.4, 'type': 1}]
25212,1398693827.2697172,[{'idp': 114, 'x': 6.184, 'y': -6.75, 'r': 0.4, 'type': 1}]
25213,1398693827.3098724,[{'idp': 114, 'x': 6.164, 'y': -6.669, 'r': 0.4, 'type': 1}]
25214,1398693827.3157897,[{'idp': 114, 'x': 6.142, 'y': -6.645, 'r': 0.4, 'type': 1}]
25215,1398693827.3537211,[{'idp': 114, 'x': 6.102, 'y': -6.689, 'r': 0.4, 'type': 1}]
25216,1398693827.393747,[{'idp': 114, 'x': 6.095, 'y': -6.682, 'r': 0.4, 'type': 1}]
25217,1398693827.3937678,[{'idp': 114, 'x': 6.092, 'y': -6.621, 'r': 0.4, 'type': 1}]
25218,1398693827.4337163,[{'idp': 114, 'x': 6.051, 'y': -6.634, 'r': 0.4, 'type': 1}]
25219,1398693827.4412904,[{'idp': 114, 'x': 6.003, 'y': -6.638, 'r': 0.4, 'type': 1}]
25220,1398693827.4777062,[{'idp': 114, 'x': 5.987, 'y': -6.621, 'r': 0.4, 'type': 1}]
25221,1398693827.5177464,[{'idp': 114, 'x': 5.971, 'y': -6.603, 'r': 0.4, 'type': 1}]
25222,1398693827.5177784,[{'idp': 114, 'x': 5.939, 'y': -6.596, 'r': 0.4, 'type': 1}]
25223,1398693827.557695,[{'idp': 114, 'x': 5.92, 'y': -6.575, 'r': 0.4, 'type': 1}]
25224,1398693827.5650332,[{'idp': 114, 'x': 5.869, 'y': -6.605, 'r': 0.4, 'type': 1}]
25225,1398693827.6017535,[{'idp': 114, 'x': 5.855, 'y': -6.588, 'r': 0.4, 'type': 1}]
25226,1398693827.6416485,[{'idp': 114, 'x': 5.81, 'y': -6.567, 'r': 0.4, 'type': 1}]
25227,1398693827.641676,[{'idp': 114, 'x': 5.838, 'y': -6.541, 'r': 0.4, 'type': 1}]
25228,1398693827.6817017,[{'idp': 114, 'x': 5.818, 'y': -6.517, 'r': 0.4, 'type': 1}]
25229,1398693827.689905,[{'idp': 114, 'x': 5.755, 'y': -6.533, 'r': 0.4, 'type': 1}]
25230,1398693827.7296672,[{'idp': 114, 'x': 5.734, 'y': -6.537, 'r': 0.4, 'type': 1}]
25231,1398693827.7697055,[{'idp': 114, 'x': 5.686, 'y': -6.569, 'r': 0.4, 'type': 1}]
25232,1398693827.7697415,[{'idp': 114, 'x': 5.679, 'y': -6.532, 'r': 0.4, 'type': 1}]
25233,1398693827.809731,[{'idp': 114, 'x': 5.678, 'y': -6.502, 'r': 0.4, 'type': 1}]
25234,1398693827.814669,[{'idp': 114, 'x': 5.699, 'y': -6.469, 'r': 0.4, 'type': 1}]
25235,1398693827.853728,[{'idp': 114, 'x': 5.643, 'y': -6.49, 'r': 0.4, 'type': 1}]
25236,1398693827.8936527,[{'idp': 114, 'x': 5.619, 'y': -6.491, 'r': 0.4, 'type': 1}]
25237,1398693827.8936734,[{'idp': 114, 'x': 5.583, 'y': -6.478, 'r': 0.4, 'type': 1}]
25238,1398693827.93376,[{'idp': 114, 'x': 5.583, 'y': -6.449, 'r': 0.4, 'type': 1}]
25239,1398693827.939411,[{'idp': 114, 'x': 5.581, 'y': -6.447, 'r': 0.4, 'type': 1}]
25240,1398693827.9777026,[{'idp': 114, 'x': 5.576, 'y': -6.441, 'r': 0.4, 'type': 1}]
25241,1398693828.0176814,[{'idp': 114, 'x': 5.535, 'y': -6.451, 'r': 0.4, 'type': 1}]
25242,1398693828.017701,[{'idp': 114, 'x': 5.523, 'y': -6.465, 'r': 0.4, 'type': 1}]
25243,1398693828.0577261,[{'idp': 114, 'x': 5.453, 'y': -6.44, 'r': 0.4, 'type': 1}]
25244,1398693828.0636647,[{'idp': 114, 'x': 5.414, 'y': -6.451, 'r': 0.4, 'type': 1}]
25245,1398693828.1016939,[{'idp': 114, 'x': 5.459, 'y': -6.447, 'r': 0.4, 'type': 1}]
25246,1398693828.141699,[{'idp': 114, 'x': 5.403, 'y': -6.437, 'r': 0.4, 'type': 1}]
25247,1398693828.141726,[{'idp': 114, 'x': 5.349, 'y': -6.43, 'r': 0.4, 'type': 1}]
25248,1398693828.1817255,[{'idp': 114, 'x': 5.335, 'y': -6.414, 'r': 0.4, 'type': 1}]
25249,1398693828.1882465,[{'idp': 114, 'x': 5.325, 'y': -6.403, 'r': 0.4, 'type': 1}]
25250,1398693828.2257028,[{'idp': 114, 'x': 5.29, 'y': -6.388, 'r': 0.4, 'type': 1}]
25251,1398693828.2656624,[{'idp': 114, 'x': 5.283, 'y': -6.352, 'r': 0.4, 'type': 1}]
25252,1398693828.265681,[{'idp': 114, 'x': 5.23, 'y': -6.373, 'r': 0.4, 'type': 1}]
25253,1398693828.305667,[{'idp': 114, 'x': 5.186, 'y': -6.348, 'r': 0.4, 'type': 1}]
25254,1398693828.3131065,[{'idp': 114, 'x': 5.132, 'y': -6.367, 'r': 0.4, 'type': 1}]
25255,1398693828.3497424,[{'idp': 114, 'x': 5.139, 'y': -6.346, 'r': 0.4, 'type': 1}]
25256,1398693828.38973,[{'idp': 114, 'x': 5.084, 'y': -6.336, 'r': 0.4, 'type': 1}]
25257,1398693828.3897655,[{'idp': 114, 'x': 5.083, 'y': -6.334, 'r': 0.4, 'type': 1}]
25258,1398693828.4296532,[{'idp': 114, 'x': 5.052, 'y': -6.353, 'r': 0.4, 'type': 1}]
25259,1398693828.438025,[{'idp': 114, 'x': 5.038, 'y': -6.307, 'r': 0.4, 'type': 1}]
25260,1398693828.4776742,[{'idp': 114, 'x': 4.993, 'y': -6.335, 'r': 0.4, 'type': 1}]
25261,1398693828.5177343,[{'idp': 114, 'x': 4.964, 'y': -6.327, 'r': 0.4, 'type': 1}]
25262,1398693828.5177684,[{'idp': 114, 'x': 4.944, 'y': -6.33, 'r': 0.4, 'type': 1}]
25263,1398693828.5577164,[{'idp': 114, 'x': 4.916, 'y': -6.322, 'r': 0.4, 'type': 1}]
25264,1398693828.562531,[{'idp': 114, 'x': 4.892, 'y': -6.32, 'r': 0.4, 'type': 1}]
25265,1398693828.6017995,[{'idp': 114, 'x': 4.876, 'y': -6.299, 'r': 0.4, 'type': 1}]
25266,1398693828.641702,[{'idp': 114, 'x': 4.859, 'y': -6.306, 'r': 0.4, 'type': 1}]
25267,1398693828.6417325,[{'idp': 114, 'x': 4.85, 'y': -6.265, 'r': 0.4, 'type': 1}]
25268,1398693828.6816778,[{'idp': 114, 'x': 4.818, 'y': -6.281, 'r': 0.4, 'type': 1}]
25269,1398693828.6872952,[{'idp': 114, 'x': 4.779, 'y': -6.258, 'r': 0.4, 'type': 1}]
25270,1398693828.725727,[{'idp': 114, 'x': 4.742, 'y': -6.237, 'r': 0.4, 'type': 1}]
25271,1398693828.765682,[{'idp': 114, 'x': 4.719, 'y': -6.179, 'r': 0.4, 'type': 1}]
25272,1398693828.765713,[{'idp': 114, 'x': 4.716, 'y': -6.175, 'r': 0.4, 'type': 1}]
25273,1398693828.8056512,[{'idp': 114, 'x': 4.682, 'y': -6.214, 'r': 0.4, 'type': 1}]
25274,1398693828.8122413,[{'idp': 114, 'x': 4.638, 'y': -6.184, 'r': 0.4, 'type': 1}]
25275,1398693828.8496614,[{'idp': 114, 'x': 4.62, 'y': -6.246, 'r': 0.4, 'type': 1}]
25276,1398693828.8896406,[{'idp': 114, 'x': 4.601, 'y': -6.247, 'r': 0.4, 'type': 1}]
25277,1398693828.8896625,[{'idp': 114, 'x': 4.57, 'y': -6.204, 'r': 0.4, 'type': 1}]
25278,1398693828.9296257,[{'idp': 114, 'x': 4.57, 'y': -6.205, 'r': 0.4, 'type': 1}]
25279,1398693828.9366927,[{'idp': 114, 'x': 4.567, 'y': -6.23, 'r': 0.4, 'type': 1}]
25280,1398693828.9737766,[{'idp': 114, 'x': 4.542, 'y': -6.196, 'r': 0.4, 'type': 1}]
25281,1398693829.01364,[{'idp': 114, 'x': 4.521, 'y': -6.196, 'r': 0.4, 'type': 1}]
25282,1398693829.0136576,[{'idp': 114, 'x': 4.501, 'y': -6.225, 'r': 0.4, 'type': 1}]
25283,1398693829.0537782,[{'idp': 114, 'x': 4.495, 'y': -6.217, 'r': 0.4, 'type': 1}]
25284,1398693829.061912,[{'idp': 114, 'x': 4.474, 'y': -6.217, 'r': 0.4, 'type': 1}]
25285,1398693829.1017032,[{'idp': 114, 'x': 4.441, 'y': -6.198, 'r': 0.4, 'type': 1}]
25286,1398693829.1417625,[{'idp': 114, 'x': 4.413, 'y': -6.217, 'r': 0.4, 'type': 1}]
25287,1398693829.1417902,[{'idp': 114, 'x': 4.398, 'y': -6.195, 'r': 0.4, 'type': 1}]
25288,1398693829.1817143,[{'idp': 114, 'x': 4.366, 'y': -6.179, 'r': 0.4, 'type': 1}]
25289,1398693829.1861594,[{'idp': 114, 'x': 4.357, 'y': -6.167, 'r': 0.4, 'type': 1}]
25290,1398693829.225713,[{'idp': 114, 'x': 4.337, 'y': -6.166, 'r': 0.4, 'type': 1}]
25291,1398693829.2657073,[{'idp': 114, 'x': 4.296, 'y': -6.165, 'r': 0.4, 'type': 1}]
25292,1398693829.26574,[{'idp': 114, 'x': 4.26, 'y': -6.17, 'r': 0.4, 'type': 1}]
25293,1398693829.3056493,[{'idp': 114, 'x': 4.247, 'y': -6.152, 'r': 0.4, 'type': 1}]
25294,1398693829.3106234,[{'idp': 114, 'x': 4.228, 'y': -6.123, 'r': 0.4, 'type': 1}]
25295,1398693829.3496888,[{'idp': 114, 'x': 4.219, 'y': -6.11, 'r': 0.4, 'type': 1}]
25296,1398693829.3896968,[{'idp': 114, 'x': 4.175, 'y': -6.103, 'r': 0.4, 'type': 1}]
25297,1398693829.3897312,[{'idp': 114, 'x': 4.167, 'y': -6.09, 'r': 0.4, 'type': 1}]
25298,1398693829.429656,[{'idp': 114, 'x': 4.157, 'y': -6.075, 'r': 0.4, 'type': 1}]
25299,1398693829.4355466,[{'idp': 114, 'x': 4.129, 'y': -6.064, 'r': 0.4, 'type': 1}]
25300,1398693829.4737704,[{'idp': 114, 'x': 4.123, 'y': -6.055, 'r': 0.4, 'type': 1}]
25301,1398693829.5136867,[{'idp': 114, 'x': 4.08, 'y': -6.048, 'r': 0.4, 'type': 1}]
25302,1398693829.5137131,[{'idp': 114, 'x': 4.058, 'y': -6.072, 'r': 0.4, 'type': 1}]
25303,1398693829.5537167,[{'idp': 114, 'x': 4.001, 'y': -6.072, 'r': 0.4, 'type': 1}]
25304,1398693829.5602689,[{'idp': 114, 'x': 4.0, 'y': -6.047, 'r': 0.4, 'type': 1}]
25305,1398693829.5976377,[{'idp': 114, 'x': 4.017, 'y': -6.038, 'r': 0.4, 'type': 1}]
25306,1398693829.6376803,[{'idp': 114, 'x': 3.999, 'y': -6.011, 'r': 0.4, 'type': 1}]
25307,1398693829.637709,[{'idp': 114, 'x': 3.982, 'y': -6.009, 'r': 0.4, 'type': 1}]
25308,1398693829.677704,[{'idp': 114, 'x': 3.936, 'y': -6.03, 'r': 0.4, 'type': 1}]
25309,1398693829.6846561,[{'idp': 114, 'x': 3.918, 'y': -6.002, 'r': 0.4, 'type': 1}]
25310,1398693829.7217257,[{'idp': 114, 'x': 3.903, 'y': -6.009, 'r': 0.4, 'type': 1}]
25311,1398693829.7617452,[{'idp': 114, 'x': 3.902, 'y': -5.976, 'r': 0.4, 'type': 1}]
25312,1398693829.7617733,[{'idp': 114, 'x': 3.867, 'y': -5.981, 'r': 0.4, 'type': 1}]
25313,1398693829.8017209,[{'idp': 114, 'x': 3.886, 'y': -5.981, 'r': 0.4, 'type': 1}]
25314,1398693829.8095202,[{'idp': 114, 'x': 3.811, 'y': -5.979, 'r': 0.4, 'type': 1}]
25315,1398693829.8456774,[{'idp': 114, 'x': 3.796, 'y': -5.957, 'r': 0.4, 'type': 1}]
25316,1398693829.8856378,[{'idp': 114, 'x': 3.763, 'y': -5.966, 'r': 0.4, 'type': 1}]
25317,1398693829.885667,[{'idp': 114, 'x': 3.745, 'y': -5.938, 'r': 0.4, 'type': 1}]
25318,1398693829.9257138,[{'idp': 114, 'x': 3.728, 'y': -5.935, 'r': 0.4, 'type': 1}]
25319,1398693829.9340732,[{'idp': 114, 'x': 3.749, 'y': -5.912, 'r': 0.4, 'type': 1}]
25320,1398693829.9737,[{'idp': 114, 'x': 3.737, 'y': -5.894, 'r': 0.4, 'type': 1}]
25321,1398693830.0136719,[{'idp': 114, 'x': 3.683, 'y': -5.865, 'r': 0.4, 'type': 1}]
25322,1398693830.0137038,[{'idp': 114, 'x': 3.67, 'y': -5.845, 'r': 0.4, 'type': 1}]
25323,1398693830.0536332,[{'idp': 114, 'x': 3.624, 'y': -5.827, 'r': 0.4, 'type': 1}]
25324,1398693830.0587707,[{'idp': 114, 'x': 3.577, 'y': -5.838, 'r': 0.4, 'type': 1}]
25325,1398693830.0976532,[{'idp': 114, 'x': 3.552, 'y': -5.826, 'r': 0.4, 'type': 1}]
25326,1398693830.137725,[{'idp': 114, 'x': 3.537, 'y': -5.802, 'r': 0.4, 'type': 1}]
25327,1398693830.1377492,[{'idp': 114, 'x': 3.511, 'y': -5.787, 'r': 0.4, 'type': 1}]
25328,1398693830.1776779,[{'idp': 114, 'x': 3.504, 'y': -5.776, 'r': 0.4, 'type': 1}]
25329,1398693830.1836662,[{'idp': 114, 'x': 3.474, 'y': -5.783, 'r': 0.4, 'type': 1}]
25330,1398693830.2216637,[{'idp': 114, 'x': 3.431, 'y': -5.769, 'r': 0.4, 'type': 1}]
25331,1398693830.2616234,[{'idp': 114, 'x': 3.39, 'y': -5.757, 'r': 0.4, 'type': 1}]
25332,1398693830.2616441,[{'idp': 114, 'x': 3.372, 'y': -5.756, 'r': 0.4, 'type': 1}]
25333,1398693830.301699,[{'idp': 114, 'x': 3.329, 'y': -5.769, 'r': 0.4, 'type': 1}]
25334,1398693830.3082745,[{'idp': 114, 'x': 3.305, 'y': -5.756, 'r': 0.4, 'type': 1}]
25335,1398693830.3456702,[{'idp': 114, 'x': 3.293, 'y': -5.706, 'r': 0.4, 'type': 1}]
25336,1398693830.3857458,[{'idp': 114, 'x': 3.275, 'y': -5.704, 'r': 0.4, 'type': 1}]
25337,1398693830.3857846,[{'idp': 114, 'x': 3.268, 'y': -5.692, 'r': 0.4, 'type': 1}]
25338,1398693830.4257493,[{'idp': 114, 'x': 3.24, 'y': -5.672, 'r': 0.4, 'type': 1}]
25339,1398693830.4332016,[{'idp': 114, 'x': 3.205, 'y': -5.698, 'r': 0.4, 'type': 1}]
25340,1398693830.4697573,[{'idp': 114, 'x': 3.174, 'y': -5.671, 'r': 0.4, 'type': 1}]
25341,1398693830.509762,[{'idp': 114, 'x': 3.151, 'y': -5.601, 'r': 0.4, 'type': 1}]
25342,1398693830.5098474,[{'idp': 114, 'x': 3.125, 'y': -5.611, 'r': 0.4, 'type': 1}]
25343,1398693830.54979,[{'idp': 114, 'x': 3.125, 'y': -5.555, 'r': 0.4, 'type': 1}]
25344,1398693830.5576713,[{'idp': 114, 'x': 3.102, 'y': -5.541, 'r': 0.4, 'type': 1}]
25345,1398693830.597681,[{'idp': 114, 'x': 3.067, 'y': -5.563, 'r': 0.4, 'type': 1}]
25346,1398693830.637697,[{'idp': 114, 'x': 3.038, 'y': -5.568, 'r': 0.4, 'type': 1}]
25347,1398693830.637728,[{'idp': 114, 'x': 3.026, 'y': -5.576, 'r': 0.4, 'type': 1}]
25348,1398693830.6776557,[{'idp': 114, 'x': 3.011, 'y': -5.576, 'r': 0.4, 'type': 1}]
25349,1398693830.6821618,[{'idp': 114, 'x': 2.979, 'y': -5.577, 'r': 0.4, 'type': 1}]
25350,1398693830.7216847,[{'idp': 114, 'x': 2.946, 'y': -5.572, 'r': 0.4, 'type': 1}]
25351,1398693830.7616644,[{'idp': 114, 'x': 2.909, 'y': -5.592, 'r': 0.4, 'type': 1}]
25352,1398693830.7616928,[{'idp': 114, 'x': 2.906, 'y': -5.554, 'r': 0.4, 'type': 1}]
25353,1398693830.8016546,[{'idp': 114, 'x': 2.893, 'y': -5.53, 'r': 0.4, 'type': 1}]
25354,1398693830.807169,[{'idp': 114, 'x': 2.868, 'y': -5.511, 'r': 0.4, 'type': 1}]
25355,1398693830.8456552,[{'idp': 114, 'x': 2.847, 'y': -5.5, 'r': 0.4, 'type': 1}]
25356,1398693830.8857074,[{'idp': 114, 'x': 2.805, 'y': -5.475, 'r': 0.4, 'type': 1}]
25357,1398693830.885739,[{'idp': 114, 'x': 2.797, 'y': -5.461, 'r': 0.4, 'type': 1}]
25358,1398693830.9257314,[{'idp': 114, 'x': 2.745, 'y': -5.475, 'r': 0.4, 'type': 1}]
25359,1398693830.9315262,[{'idp': 114, 'x': 2.702, 'y': -5.478, 'r': 0.4, 'type': 1}]
25360,1398693830.9697065,[{'idp': 114, 'x': 2.707, 'y': -5.432, 'r': 0.4, 'type': 1}]
25361,1398693831.009699,[{'idp': 114, 'x': 2.678, 'y': -5.406, 'r': 0.4, 'type': 1}]
25362,1398693831.009733,[{'idp': 114, 'x': 2.679, 'y': -5.41, 'r': 0.4, 'type': 1}]
25363,1398693831.0496953,[{'idp': 114, 'x': 2.64, 'y': -5.389, 'r': 0.4, 'type': 1}]
25364,1398693831.056522,[{'idp': 114, 'x': 2.597, 'y': -5.394, 'r': 0.4, 'type': 1}]
25365,1398693831.093683,[{'idp': 114, 'x': 2.583, 'y': -5.391, 'r': 0.4, 'type': 1}]
25366,1398693831.133669,[{'idp': 114, 'x': 2.59, 'y': -5.367, 'r': 0.4, 'type': 1}]
25367,1398693831.133702,[{'idp': 114, 'x': 2.569, 'y': -5.352, 'r': 0.4, 'type': 1}]
25368,1398693831.1737297,[{'idp': 114, 'x': 2.561, 'y': -5.345, 'r': 0.4, 'type': 1}]
25369,1398693831.1807778,[{'idp': 114, 'x': 2.575, 'y': -5.336, 'r': 0.4, 'type': 1}]
25370,1398693831.217748,[{'idp': 114, 'x': 2.555, 'y': -5.293, 'r': 0.4, 'type': 1}]
25371,1398693831.2577648,[{'idp': 114, 'x': 2.521, 'y': -5.312, 'r': 0.4, 'type': 1}]
25372,1398693831.2578537,[{'idp': 114, 'x': 2.511, 'y': -5.29, 'r': 0.4, 'type': 1}]
25373,1398693831.29776,[{'idp': 114, 'x': 2.48, 'y': -5.285, 'r': 0.4, 'type': 1}]
25374,1398693831.3058457,[{'idp': 114, 'x': 2.462, 'y': -5.275, 'r': 0.4, 'type': 1}]
25375,1398693831.3456378,[{'idp': 114, 'x': 2.422, 'y': -5.25, 'r': 0.4, 'type': 1}]
25376,1398693831.3857112,[{'idp': 114, 'x': 2.441, 'y': -5.262, 'r': 0.4, 'type': 1}]
25377,1398693831.3857424,[{'idp': 114, 'x': 2.407, 'y': -5.25, 'r': 0.4, 'type': 1}]
25378,1398693831.4257295,[{'idp': 114, 'x': 2.392, 'y': -5.216, 'r': 0.4, 'type': 1}]
25379,1398693831.4305356,[{'idp': 114, 'x': 2.374, 'y': -5.206, 'r': 0.4, 'type': 1}]
25380,1398693831.469674,[{'idp': 114, 'x': 2.337, 'y': -5.187, 'r': 0.4, 'type': 1}]
25381,1398693831.5096934,[{'idp': 114, 'x': 2.274, 'y': -5.166, 'r': 0.4, 'type': 1}]
25382,1398693831.5097258,[{'idp': 114, 'x': 2.265, 'y': -5.147, 'r': 0.4, 'type': 1}]
25383,1398693831.5497952,[{'idp': 114, 'x': 2.241, 'y': -5.125, 'r': 0.4, 'type': 1}]
25384,1398693831.5562901,[{'idp': 114, 'x': 2.22, 'y': -5.106, 'r': 0.4, 'type': 1}]
25385,1398693831.5937812,[{'idp': 114, 'x': 2.211, 'y': -5.086, 'r': 0.4, 'type': 1}]
25386,1398693831.633758,[{'idp': 114, 'x': 2.182, 'y': -5.081, 'r': 0.4, 'type': 1}]
25387,1398693831.6337774,[{'idp': 114, 'x': 2.179, 'y': -5.046, 'r': 0.4, 'type': 1}]
25388,1398693831.6737456,[{'idp': 114, 'x': 2.132, 'y': -5.058, 'r': 0.4, 'type': 1}]
25389,1398693831.6807532,[{'idp': 114, 'x': 2.102, 'y': -5.049, 'r': 0.4, 'type': 1}]
25390,1398693831.7177763,[{'idp': 114, 'x': 2.061, 'y': -5.042, 'r': 0.4, 'type': 1}]
25391,1398693831.7576652,[{'idp': 114, 'x': 2.059, 'y': -5.004, 'r': 0.4, 'type': 1}]
25392,1398693831.7577765,[{'idp': 114, 'x': 2.051, 'y': -4.987, 'r': 0.4, 'type': 1}]
25393,1398693831.7977254,[{'idp': 114, 'x': 2.018, 'y': -4.999, 'r': 0.4, 'type': 1}]
25394,1398693831.8057082,[{'idp': 114, 'x': 1.999, 'y': -4.985, 'r': 0.4, 'type': 1}]
25395,1398693831.8457327,[{'idp': 114, 'x': 1.971, 'y': -4.976, 'r': 0.4, 'type': 1}]
25396,1398693831.8856876,[{'idp': 114, 'x': 1.957, 'y': -4.972, 'r': 0.4, 'type': 1}]
25397,1398693831.885717,[{'idp': 114, 'x': 1.925, 'y': -4.955, 'r': 0.4, 'type': 1}]
25398,1398693831.9257123,[{'idp': 114, 'x': 1.898, 'y': -4.948, 'r': 0.4, 'type': 1}]
25399,1398693831.9306731,[{'idp': 114, 'x': 1.87, 'y': -4.942, 'r': 0.4, 'type': 1}]
25400,1398693831.9697573,[{'idp': 114, 'x': 1.848, 'y': -4.915, 'r': 0.4, 'type': 1}]
25401,1398693832.009655,[{'idp': 114, 'x': 1.826, 'y': -4.889, 'r': 0.4, 'type': 1}]
25402,1398693832.0096798,[{'idp': 114, 'x': 1.825, 'y': -4.853, 'r': 0.4, 'type': 1}]
25403,1398693832.0497923,[{'idp': 114, 'x': 1.808, 'y': -4.807, 'r': 0.4, 'type': 1}]
25404,1398693832.0555117,[{'idp': 114, 'x': 1.779, 'y': -4.794, 'r': 0.4, 'type': 1}]
25405,1398693832.0937421,[{'idp': 114, 'x': 1.745, 'y': -4.8, 'r': 0.4, 'type': 1}]
25406,1398693832.1340554,[{'idp': 114, 'x': 1.698, 'y': -4.832, 'r': 0.4, 'type': 1}]
25407,1398693832.1340768,[{'idp': 114, 'x': 1.686, 'y': -4.8, 'r': 0.4, 'type': 1}]
25408,1398693832.173723,[{'idp': 114, 'x': 1.672, 'y': -4.794, 'r': 0.4, 'type': 1}]
25409,1398693832.1802983,[{'idp': 114, 'x': 1.662, 'y': -4.797, 'r': 0.4, 'type': 1}]
25410,1398693832.2176833,[{'idp': 114, 'x': 1.629, 'y': -4.767, 'r': 0.4, 'type': 1}]
25411,1398693832.257699,[{'idp': 114, 'x': 1.593, 'y': -4.763, 'r': 0.4, 'type': 1}]
25412,1398693832.2577136,[{'idp': 114, 'x': 1.578, 'y': -4.756, 'r': 0.4, 'type': 1}]
25413,1398693832.297738,[{'idp': 114, 'x': 1.546, 'y': -4.727, 'r': 0.4, 'type': 1}]
25414,1398693832.3051708,[{'idp': 114, 'x': 1.554, 'y': -4.714, 'r': 0.4, 'type': 1}]
25415,1398693832.3417313,[{'idp': 114, 'x': 1.503, 'y': -4.696, 'r': 0.4, 'type': 1}]
25416,1398693832.3817687,[{'idp': 114, 'x': 1.492, 'y': -4.664, 'r': 0.4, 'type': 1}]
25417,1398693832.3818448,[{'idp': 114, 'x': 1.473, 'y': -4.673, 'r': 0.4, 'type': 1}]
25418,1398693832.4218214,[{'idp': 114, 'x': 1.476, 'y': -4.646, 'r': 0.4, 'type': 1}]
25419,1398693832.4296026,[{'idp': 114, 'x': 1.451, 'y': -4.635, 'r': 0.4, 'type': 1}]
25420,1398693832.4657307,[{'idp': 114, 'x': 1.41, 'y': -4.61, 'r': 0.4, 'type': 1}]
25421,1398693832.5056753,[{'idp': 114, 'x': 1.382, 'y': -4.596, 'r': 0.4, 'type': 1}]
25422,1398693832.505719,[{'idp': 114, 'x': 1.36, 'y': -4.586, 'r': 0.4, 'type': 1}]
25423,1398693832.5458498,[{'idp': 114, 'x': 1.321, 'y': -4.586, 'r': 0.4, 'type': 1}]
25424,1398693832.5545974,[{'idp': 114, 'x': 1.332, 'y': -4.565, 'r': 0.4, 'type': 1}]
25425,1398693832.5939386,[{'idp': 114, 'x': 1.3, 'y': -4.567, 'r': 0.4, 'type': 1}]
25426,1398693832.6337197,[{'idp': 114, 'x': 1.301, 'y': -4.573, 'r': 0.4, 'type': 1}]
25427,1398693832.633744,[{'idp': 114, 'x': 1.286, 'y': -4.556, 'r': 0.4, 'type': 1}]
25428,1398693832.673803,[{'idp': 114, 'x': 1.249, 'y': -4.538, 'r': 0.4, 'type': 1}]
25429,1398693832.679164,[{'idp': 114, 'x': 1.237, 'y': -4.53, 'r': 0.4, 'type': 1}]
25430,1398693832.7176642,[{'idp': 114, 'x': 1.209, 'y': -4.517, 'r': 0.4, 'type': 1}]
25431,1398693832.757715,[{'idp': 114, 'x': 1.197, 'y': -4.51, 'r': 0.4, 'type': 1}]
25432,1398693832.7578444,[{'idp': 114, 'x': 1.182, 'y': -4.495, 'r': 0.4, 'type': 1}]
25433,1398693832.7977827,[{'idp': 114, 'x': 1.151, 'y': -4.49, 'r': 0.4, 'type': 1}]
25434,1398693832.8037765,[{'idp': 114, 'x': 1.12, 'y': -4.486, 'r': 0.4, 'type': 1}]
25435,1398693832.841773,[{'idp': 114, 'x': 1.114, 'y': -4.486, 'r': 0.4, 'type': 1}]
25436,1398693832.8817334,[{'idp': 114, 'x': 1.104, 'y': -4.476, 'r': 0.4, 'type': 1}]
25437,1398693832.8817523,[{'idp': 114, 'x': 1.047, 'y': -4.454, 'r': 0.4, 'type': 1}]
25438,1398693832.9216993,[{'idp': 114, 'x': 1.035, 'y': -4.435, 'r': 0.4, 'type': 1}]
25439,1398693832.928416,[{'idp': 114, 'x': 1.012, 'y': -4.425, 'r': 0.4, 'type': 1}]
25440,1398693832.965751,[{'idp': 114, 'x': 0.987, 'y': -4.408, 'r': 0.4, 'type': 1}]
25441,1398693833.0057304,[{'idp': 114, 'x': 0.952, 'y': -4.388, 'r': 0.4, 'type': 1}]
25442,1398693833.005791,[{'idp': 114, 'x': 0.92, 'y': -4.378, 'r': 0.4, 'type': 1}]
25443,1398693833.0458057,[{'idp': 114, 'x': 0.896, 'y': -4.36, 'r': 0.4, 'type': 1}]
25444,1398693833.053047,[{'idp': 114, 'x': 0.873, 'y': -4.344, 'r': 0.4, 'type': 1}]
25445,1398693833.0896976,[{'idp': 114, 'x': 0.842, 'y': -4.336, 'r': 0.4, 'type': 1}]
25446,1398693833.1296718,[{'idp': 114, 'x': 0.828, 'y': -4.316, 'r': 0.4, 'type': 1}]
25447,1398693833.1297007,[{'idp': 114, 'x': 0.813, 'y': -4.288, 'r': 0.4, 'type': 1}]
25448,1398693833.1697865,[{'idp': 114, 'x': 0.772, 'y': -4.277, 'r': 0.4, 'type': 1}]
25449,1398693833.1776853,[{'idp': 114, 'x': 0.739, 'y': -4.253, 'r': 0.4, 'type': 1}]
25450,1398693833.2176979,[{'idp': 114, 'x': 0.704, 'y': -4.27, 'r': 0.4, 'type': 1}]
25451,1398693833.2577724,[{'idp': 114, 'x': 0.687, 'y': -4.23, 'r': 0.4, 'type': 1}]
25452,1398693833.2577982,[{'idp': 114, 'x': 0.657, 'y': -4.217, 'r': 0.4, 'type': 1}]
25453,1398693833.2977521,[{'idp': 114, 'x': 0.637, 'y': -4.206, 'r': 0.4, 'type': 1}]
25454,1398693833.3022814,[{'idp': 114, 'x': 0.623, 'y': -4.174, 'r': 0.4, 'type': 1}]
25455,1398693833.3417428,[{'idp': 114, 'x': 0.595, 'y': -4.174, 'r': 0.4, 'type': 1}]
25456,1398693833.381766,[{'idp': 114, 'x': 0.574, 'y': -4.158, 'r': 0.4, 'type': 1}]
25457,1398693833.3818674,[{'idp': 114, 'x': 0.548, 'y': -4.17, 'r': 0.4, 'type': 1}]
25458,1398693833.4217274,[{'idp': 114, 'x': 0.534, 'y': -4.126, 'r': 0.4, 'type': 1}]
25459,1398693833.4259732,[{'idp': 114, 'x': 0.508, 'y': -4.135, 'r': 0.4, 'type': 1}]
25460,1398693833.4657474,[{'idp': 114, 'x': 0.488, 'y': -4.112, 'r': 0.4, 'type': 1}]
25461,1398693833.5057077,[{'idp': 114, 'x': 0.469, 'y': -4.103, 'r': 0.4, 'type': 1}]
25462,1398693833.5057983,[{'idp': 114, 'x': 0.459, 'y': -4.093, 'r': 0.4, 'type': 1}]
25463,1398693833.5457323,[{'idp': 114, 'x': 0.427, 'y': -4.051, 'r': 0.4, 'type': 1}]
25464,1398693833.5507405,[{'idp': 114, 'x': 0.396, 'y': -4.012, 'r': 0.4, 'type': 1}]
25465,1398693833.5897086,[{'idp': 114, 'x': 0.358, 'y': -3.991, 'r': 0.4, 'type': 1}]
25466,1398693833.6297147,[{'idp': 114, 'x': 0.323, 'y': -3.997, 'r': 0.4, 'type': 1}]
25467,1398693833.6299603,[{'idp': 114, 'x': 0.307, 'y': -4.027, 'r': 0.4, 'type': 1}]
25468,1398693833.6697376,[{'idp': 114, 'x': 0.28, 'y': -4.026, 'r': 0.4, 'type': 1}]
25469,1398693833.6754994,[{'idp': 114, 'x': 0.271, 'y': -4.015, 'r': 0.4, 'type': 1}]
25470,1398693833.713693,[{'idp': 114, 'x': 0.236, 'y': -4.024, 'r': 0.4, 'type': 1}]
25471,1398693833.7536907,[{'idp': 114, 'x': 0.209, 'y': -4.006, 'r': 0.4, 'type': 1}]
25472,1398693833.7537227,[{'idp': 114, 'x': 0.173, 'y': -4.01, 'r': 0.4, 'type': 1}]
25473,1398693833.7937102,[{'idp': 114, 'x': 0.156, 'y': -4.004, 'r': 0.4, 'type': 1}]
25474,1398693833.7995465,[{'idp': 114, 'x': 0.156, 'y': -3.985, 'r': 0.4, 'type': 1}]
25475,1398693833.8377004,[{'idp': 114, 'x': 0.147, 'y': -3.972, 'r': 0.4, 'type': 1}]
25476,1398693833.8777068,[{'idp': 114, 'x': 0.138, 'y': -3.971, 'r': 0.4, 'type': 1}]
25477,1398693833.877736,[{'idp': 114, 'x': 0.136, 'y': -3.952, 'r': 0.4, 'type': 1}]
25478,1398693833.9177146,[{'idp': 114, 'x': 0.132, 'y': -3.919, 'r': 0.4, 'type': 1}]
25479,1398693833.924447,[{'idp': 114, 'x': 0.148, 'y': -3.917, 'r': 0.4, 'type': 1}]
25480,1398693833.9617684,[{'idp': 114, 'x': 0.145, 'y': -3.896, 'r': 0.4, 'type': 1}]
25481,1398693834.001697,[{'idp': 114, 'x': 0.128, 'y': -3.891, 'r': 0.4, 'type': 1}]
25482,1398693834.0017269,[{'idp': 114, 'x': 0.111, 'y': -3.903, 'r': 0.4, 'type': 1}]
25483,1398693834.0417209,[{'idp': 114, 'x': 0.094, 'y': -3.893, 'r': 0.4, 'type': 1}]
25484,1398693834.048942,[{'idp': 114, 'x': 0.085, 'y': -3.887, 'r': 0.4, 'type': 1}]
25485,1398693834.0857062,[{'idp': 114, 'x': 0.076, 'y': -3.882, 'r': 0.4, 'type': 1}]
25486,1398693834.125704,[{'idp': 114, 'x': 0.059, 'y': -3.865, 'r': 0.4, 'type': 1}]
25487,1398693834.169297,[{'idp': 114, 'x': 0.051, 'y': -3.866, 'r': 0.4, 'type': 1}]
25488,1398693834.169308,[{'idp': 114, 'x': 0.043, 'y': -3.873, 'r': 0.4, 'type': 1}]
25489,1398693834.2056663,[{'idp': 114, 'x': 0.034, 'y': -3.876, 'r': 0.4, 'type': 1}]
25490,1398693834.2056987,[{'idp': 114, 'x': 0.026, 'y': -3.886, 'r': 0.4, 'type': 1}]
25491,1398693834.2457504,[{'idp': 114, 'x': 0.017, 'y': -3.865, 'r': 0.4, 'type': 1}]
25492,1398693834.2481933,[{'idp': 114, 'x': 0.009, 'y': -3.917, 'r': 0.4, 'type': 1}]
25493,1398693834.28571,[{'idp': 114, 'x': 0.009, 'y': -3.917, 'r': 0.4, 'type': 1}]
25494,1398693834.3256745,[{'idp': 114, 'x': 0.009, 'y': -3.917, 'r': 0.4, 'type': 1}]
25495,1398693834.3257053,[{'idp': 114, 'x': 0.009, 'y': -3.917, 'r': 0.4, 'type': 1}]
25496,1398693834.3657835,[{'idp': 114, 'x': 0.009, 'y': -3.917, 'r': 0.4, 'type': 1}]
25497,1398693834.3730237,[{'idp': 114, 'x': 0.009, 'y': -3.917, 'r': 0.4, 'type': 1}]
25498,1398693834.4097147,[{'idp': 114, 'x': 0.009, 'y': -3.917, 'r': 0.4, 'type': 1}]
25499,1398693834.4496713,[{'idp': 114, 'x': 0.009, 'y': -3.917, 'r': 0.4, 'type': 1}]
25500,1398693834.4497044,[]
25501,1398693834.4896486,[]
25502,1398693834.4977384,[]
25503,1398693834.5376766,[]
25504,1398693834.5777457,[]
25505,1398693834.5777793,[]
25506,1398693834.6177273,[]
25507,1398693834.6228142,[]
25508,1398693834.6617198,[]
25509,1398693834.70163,[]
25510,1398693834.7016551,[]
25511,1398693834.74178,[]
25512,1398693834.7470424,[]
25513,1398693834.7856758,[]
25514,1398693834.8257425,[]
25515,1398693834.8257806,[]
25516,1398693834.865733,[]
25517,1398693834.8716164,[]
25518,1398693834.9096794,[]
25519,1398693834.949694,[]
25520,1398693834.9497237,[]
25521,1398693834.9897604,[]
25522,1398693834.996405,[]
25523,1398693835.0337293,[]
25524,1398693835.073681,[]
25525,1398693835.0737164,[]
25526,1398693835.1136606,[]
25527,1398693835.1210322,[]
25528,1398693835.1577115,[]
25529,1398693835.1976454,[]
25530,1398693835.1976814,[]
25531,1398693835.237766,[]
25532,1398693835.245731,[]
25533,1398693835.2857068,[]
25534,1398693835.325699,[]
25535,1398693835.3257322,[]
25536,1398693835.365753,[]
25537,1398693835.3702838,[]
25538,1398693835.4096508,[]
25539,1398693835.4496944,[]
25540,1398693835.4497259,[]
25541,1398693835.4898121,[]
25542,1398693835.495195,[]
25543,1398693835.533731,[]
25544,1398693835.573634,[]
25545,1398693835.5736673,[]
25546,1398693835.613697,[]
25547,1398693835.6198928,[]
25548,1398693835.6577494,[]
25549,1398693835.6977582,[]
25550,1398693835.6977882,[]
25551,1398693835.7377787,[]
25552,1398693835.7446654,[]
25553,1398693835.7816865,[]
25554,1398693835.821725,[]
25555,1398693835.8217764,[]
25556,1398693835.86173,[]
25557,1398693835.8695226,[]
25558,1398693835.9057229,[]
25559,1398693835.945709,[]
25560,1398693835.9457383,[]
25561,1398693835.9857273,[]
25562,1398693835.993629,[]
25563,1398693836.0297809,[]
25564,1398693836.069672,[]
25565,1398693836.0697007,[]
25566,1398693836.1097472,[]
25567,1398693836.1183887,[]
25568,1398693836.1596298,[]
25569,1398693836.1977615,[]
25570,1398693836.237656,[]
25571,1398693836.2376764,[]
25572,1398693836.2776296,[]
25573,1398693836.2776496,[]
25574,1398693836.3176854,[]
25575,1398693836.318157,[]
25576,1398693836.3577697,[]
25577,1398693836.3976765,[]
25578,1398693836.3977053,[]
25579,1398693836.4377189,[]
25580,1398693836.4426477,[]
25581,1398693836.4817383,[]
25582,1398693836.5216565,[]
25583,1398693836.521688,[]
25584,1398693836.5617385,[]
25585,1398693836.5672667,[]
25586,1398693836.605679,[]
25587,1398693836.6456697,[]
25588,1398693836.6456976,[]
25589,1398693836.685721,[]
25590,1398693836.692132,[]
25591,1398693836.7297006,[]
25592,1398693836.7697153,[]
25593,1398693836.7697468,[]
25594,1398693836.8096879,[]
25595,1398693836.8166847,[]
25596,1398693836.8551002,[]
25597,1398693836.8936899,[]
25598,1398693836.8937194,[]
25599,1398693836.9337234,[]
25600,1398693836.9415076,[]
25601,1398693836.9777303,[]
25602,1398693837.0176542,[]
25603,1398693837.0176692,[]
25604,1398693837.057746,[]
25605,1398693837.0667915,[]
25606,1398693837.1056683,[]
25607,1398693837.1457236,[]
25608,1398693837.1457624,[]
25609,1398693837.1856854,[]
25610,1398693837.1907866,[]
25611,1398693837.2296743,[]
25612,1398693837.2697067,[]
25613,1398693837.2697382,[]
25614,1398693837.3105643,[]
25615,1398693837.315369,[]
25616,1398693837.3537133,[]
25617,1398693837.3937047,[]
25618,1398693837.3937395,[]
25619,1398693837.4337988,[]
25620,1398693837.441152,[]
25621,1398693837.477773,[]
25622,1398693837.5176601,[]
25623,1398693837.5176857,[]
25624,1398693837.557715,[]
25625,1398693837.565042,[]
25626,1398693837.601668,[]
25627,1398693837.6417513,[]
25628,1398693837.6417797,[]
25629,1398693837.681674,[]
25630,1398693837.6893,[]
25631,1398693837.7257097,[]
25632,1398693837.7656658,[]
25633,1398693837.7656915,[]
25634,1398693837.805655,[]
25635,1398693837.8143559,[]
25636,1398693837.8537042,[]
25637,1398693837.893681,[]
25638,1398693837.8937345,[]
25639,1398693837.9338858,[]
25640,1398693837.9390593,[]
25641,1398693837.977735,[]
25642,1398693838.0177271,[]
25643,1398693838.0177608,[]
25644,1398693838.0577214,[]
25645,1398693838.0637052,[]
25646,1398693838.1016536,[]
25647,1398693838.141677,[]
25648,1398693838.141755,[]
25649,1398693838.1817605,[]
25650,1398693838.1880884,[]
25651,1398693838.2256815,[]
25652,1398693838.265709,[]
25653,1398693838.2657619,[]
25654,1398693838.3056786,[]
25655,1398693838.312799,[]
25656,1398693838.349734,[]
25657,1398693838.389732,[]
25658,1398693838.3897712,[]
25659,1398693838.429778,[]
25660,1398693838.438039,[]
25661,1398693838.47764,[]
25662,1398693838.517719,[]
25663,1398693838.5177512,[]
25664,1398693838.5576856,[]
25665,1398693838.562096,[]
25666,1398693838.601707,[]
25667,1398693838.641666,[]
25668,1398693838.641766,[]
25669,1398693838.681722,[]
25670,1398693838.687178,[]
25671,1398693838.7257245,[]
25672,1398693838.7657413,[]
25673,1398693838.7657704,[]
25674,1398693838.8058171,[]
25675,1398693838.811661,[]
25676,1398693838.8496947,[]
25677,1398693838.8896918,[]
25678,1398693838.8897233,[]
25679,1398693838.9297473,[]
25680,1398693838.936149,[]
25681,1398693838.9736717,[]
25682,1398693839.0136662,[]
25683,1398693839.053665,[]
25684,1398693839.053698,[]
25685,1398693839.0936599,[]
25686,1398693839.0936997,[]
25687,1398693839.1337843,[]
25688,1398693839.1362772,[]
25689,1398693839.173693,[]
25690,1398693839.2136333,[]
25691,1398693839.2136638,[]
25692,1398693839.2537851,[]
25693,1398693839.2604644,[]
25694,1398693839.2976468,[]
25695,1398693839.3376758,[]
25696,1398693839.337706,[]
25697,1398693839.3776855,[]
25698,1398693839.3851674,[]
25699,1398693839.4216876,[]
25700,1398693839.4617405,[]
25701,1398693839.46175,[]
25702,1398693839.5017202,[]
25703,1398693839.5100355,[]
25704,1398693839.5497248,[]
25705,1398693839.5896704,[]
25706,1398693839.5896988,[]
25707,1398693839.6296995,[]
25708,1398693839.6347923,[]
25709,1398693839.6736631,[]
25710,1398693839.7136915,[]
25711,1398693839.7137206,[]
25712,1398693839.7537265,[]
25713,1398693839.759338,[]
25714,1398693839.7976658,[]
25715,1398693839.8376997,[]
25716,1398693839.8377295,[]
25717,1398693839.877711,[]
25718,1398693839.8850503,[]
25719,1398693839.9216745,[]
25720,1398693839.961704,[]
25721,1398693839.961732,[]
25722,1398693840.001702,[]
25723,1398693840.0085373,[]
25724,1398693840.0457733,[]
25725,1398693840.0857196,[]
25726,1398693840.0857527,[]
25727,1398693840.1257439,[]
25728,1398693840.133336,[]
25729,1398693840.1696405,[]
25730,1398693840.2097018,[]
25731,1398693840.2097936,[]
25732,1398693840.2498183,[]
25733,1398693840.2599614,[]
25734,1398693840.297723,[]
25735,1398693840.3377008,[]
25736,1398693840.337743,[]
25737,1398693840.377619,[]
25738,1398693840.382435,[]
25739,1398693840.4216874,[]
25740,1398693840.461719,[]
25741,1398693840.461749,[]
25742,1398693840.5017557,[]
25743,1398693840.5071697,[]
25744,1398693840.5456407,[]
25745,1398693840.5858088,[]
25746,1398693840.5858433,[]
25747,1398693840.625697,[]
25748,1398693840.6321535,[]
25749,1398693840.6696942,[]
25750,1398693840.709675,[]
25751,1398693840.7096963,[]
25752,1398693840.749757,[]
25753,1398693840.7570364,[]
25754,1398693840.7936792,[]
25755,1398693840.833726,[]
25756,1398693840.8337393,[]
25757,1398693840.873765,[]
25758,1398693840.8816342,[]
25759,1398693840.9176512,[]
25760,1398693840.9577007,[]
25761,1398693840.9577277,[]
25762,1398693840.997715,[]
25763,1398693841.0060203,[]
25764,1398693841.0456443,[]
25765,1398693841.085667,[]
25766,1398693841.0856955,[]
25767,1398693841.125698,[]
25768,1398693841.1315289,[]
25769,1398693841.169739,[]
25770,1398693841.2096784,[]
25771,1398693841.2097008,[]
25772,1398693841.249826,[]
25773,1398693841.2555664,[]
25774,1398693841.2936466,[]
25775,1398693841.3337643,[]
25776,1398693841.3337808,[]
25777,1398693841.373732,[]
25778,1398693841.3805444,[]
25779,1398693841.417645,[]
25780,1398693841.4577305,[]
25781,1398693841.45775,[]
25782,1398693841.4977438,[]
25783,1398693841.5050683,[]
25784,1398693841.5417447,[]
25785,1398693841.5817165,[]
25786,1398693841.5817523,[]
25787,1398693841.6220202,[]
25788,1398693841.6300128,[]
25789,1398693841.6697166,[]
25790,1398693841.709737,[]
25791,1398693841.7097661,[]
25792,1398693841.7497897,[]
25793,1398693841.7553892,[]
25794,1398693841.7936475,[]
25795,1398693841.8337274,[]
25796,1398693841.8337703,[]
25797,1398693841.8737528,[]
25798,1398693841.8796518,[]
25799,1398693841.9177508,[]
25800,1398693841.9576895,[]
25801,1398693841.9577293,[]
25802,1398693841.9977186,[]
25803,1398693842.0048106,[]
25804,1398693842.0416512,[]
25805,1398693842.0816755,[]
25806,1398693842.0817099,[]
25807,1398693842.1217625,[]
25808,1398693842.127844,[]
25809,1398693842.1657853,[]
25810,1398693842.2057285,[]
25811,1398693842.2057517,[]
25812,1398693842.249925,[]
25813,1398693842.2529078,[]
25814,1398693842.289699,[]
25815,1398693842.3296287,[]
25816,1398693842.3296483,[]
25817,1398693842.369699,[]
25818,1398693842.3774345,[]
25819,1398693842.4136813,[]
25820,1398693842.4536805,[]
25821,1398693842.4537096,[]
25822,1398693842.4936655,[]
25823,1398693842.5022469,[]
25824,1398693842.5416582,[]
25825,1398693842.583078,[]
25826,1398693842.5831513,[]
25827,1398693842.6217039,[]
25828,1398693842.627027,[]
25829,1398693842.6656818,[]
25830,1398693842.705766,[]
25831,1398693842.705881,[]
25832,1398693842.745738,[]
25833,1398693842.751787,[]
25834,1398693842.7896569,[]
25835,1398693842.8297508,[]
25836,1398693842.8298385,[]
25837,1398693842.8697503,[]
25838,1398693842.8766732,[]
25839,1398693842.9137125,[]
25840,1398693842.953718,[]
25841,1398693842.953746,[]
25842,1398693842.993716,[]
25843,1398693843.0012715,[]
25844,1398693843.037787,[]
25845,1398693843.0776837,[]
25846,1398693843.0777113,[]
25847,1398693843.1176932,[]
25848,1398693843.1257899,[]
25849,1398693843.165667,[]
25850,1398693843.2057369,[]
25851,1398693843.2057617,[]
25852,1398693843.2457917,[]
25853,1398693843.2506614,[]
25854,1398693843.2896788,[]
25855,1398693843.3297129,[]
25856,1398693843.3297458,[]
25857,1398693843.369679,[]
25858,1398693843.375579,[]
25859,1398693843.415722,[]
25860,1398693843.453773,[]
25861,1398693843.4538364,[]
25862,1398693843.493745,[]
25863,1398693843.499774,[]
25864,1398693843.5376897,[]
25865,1398693843.5776613,[]
25866,1398693843.5776932,[]
25867,1398693843.6177104,[]
25868,1398693843.6243372,[]
25869,1398693843.6617355,[]
25870,1398693843.7017722,[]
25871,1398693843.701811,[]
25872,1398693843.7416863,[]
25873,1398693843.749711,[]
25874,1398693843.7897189,[]
25875,1398693843.8296773,[]
25876,1398693843.829774,[]
25877,1398693843.8697908,[]
25878,1398693843.8750334,[]
25879,1398693843.913705,[]
25880,1398693843.9537117,[]
25881,1398693843.9537404,[]
25882,1398693843.993648,[]
25883,1398693843.9985602,[]
25884,1398693844.0377934,[]
25885,1398693844.0776904,[]
25886,1398693844.0777192,[]
25887,1398693844.1176925,[]
25888,1398693844.126323,[]
25889,1398693844.1657164,[]
25890,1398693844.2057214,[]
25891,1398693844.2057521,[]
25892,1398693844.2457352,[]
25893,1398693844.247915,[]
25894,1398693844.285769,[]
25895,1398693844.3257062,[]
25896,1398693844.3257375,[]
25897,1398693844.3657446,[]
25898,1398693844.3726492,[]
25899,1398693844.4096828,[]
25900,1398693844.449695,[]
25901,1398693844.4497237,[]
25902,1398693844.4897149,[]
25903,1398693844.4975553,[]
25904,1398693844.5336838,[]
25905,1398693844.5737076,[]
25906,1398693844.5737376,[]
25907,1398693844.613775,[]
25908,1398693844.6225233,[]
25909,1398693844.6617422,[]
25910,1398693844.7016757,[]
25911,1398693844.7017074,[]
25912,1398693844.7416563,[]
25913,1398693844.7465336,[]
25914,1398693844.7856812,[]
25915,1398693844.8256776,[{'idp': 115, 'x': 5.449, 'y': -7.119, 'r': 0.4, 'type': 1}]
25916,1398693844.8257136,[{'idp': 115, 'x': 5.416, 'y': -7.025, 'r': 0.4, 'type': 1}]
25917,1398693844.865684,[{'idp': 115, 'x': 5.375, 'y': -7.034, 'r': 0.4, 'type': 1}]
25918,1398693844.8712769,[{'idp': 115, 'x': 5.359, 'y': -7.045, 'r': 0.4, 'type': 1}]
25919,1398693844.9096727,[{'idp': 115, 'x': 5.354, 'y': -7.039, 'r': 0.4, 'type': 1}]
25920,1398693844.949774,[{'idp': 115, 'x': 5.333, 'y': -7.043, 'r': 0.4, 'type': 1}]
25921,1398693844.9498036,[{'idp': 115, 'x': 5.337, 'y': -7.048, 'r': 0.4, 'type': 1}]
25922,1398693844.9896498,[{'idp': 115, 'x': 5.344, 'y': -7.057, 'r': 0.4, 'type': 1}]
25923,1398693844.9958923,[{'idp': 115, 'x': 5.305, 'y': -7.038, 'r': 0.4, 'type': 1}]
25924,1398693845.0336916,[{'idp': 115, 'x': 5.275, 'y': -7.062, 'r': 0.4, 'type': 1}]
25925,1398693845.073653,[{'idp': 115, 'x': 5.208, 'y': -7.069, 'r': 0.4, 'type': 1}]
25926,1398693845.073682,[{'idp': 115, 'x': 5.199, 'y': -7.121, 'r': 0.4, 'type': 1}]
25927,1398693845.113651,[{'idp': 115, 'x': 5.284, 'y': -7.203, 'r': 0.4, 'type': 1}]
25928,1398693845.120647,[{'idp': 115, 'x': 5.411, 'y': -7.245, 'r': 0.4, 'type': 1}]
25929,1398693845.1576796,[{'idp': 115, 'x': 5.391, 'y': -7.252, 'r': 0.4, 'type': 1}]
25930,1398693845.1976564,[{'idp': 115, 'x': 5.343, 'y': -7.252, 'r': 0.4, 'type': 1}]
25931,1398693845.1976864,[{'idp': 115, 'x': 5.279, 'y': -7.197, 'r': 0.4, 'type': 1}]
25932,1398693845.2376676,[{'idp': 115, 'x': 5.218, 'y': -7.147, 'r': 0.4, 'type': 1}]
25933,1398693845.2453158,[{'idp': 115, 'x': 5.224, 'y': -7.122, 'r': 0.4, 'type': 1}]
25934,1398693845.2816997,[{'idp': 115, 'x': 5.168, 'y': -7.11, 'r': 0.4, 'type': 1}]
25935,1398693845.3216858,[{'idp': 115, 'x': 5.182, 'y': -7.098, 'r': 0.4, 'type': 1}]
25936,1398693845.3217149,[{'idp': 115, 'x': 5.186, 'y': -7.102, 'r': 0.4, 'type': 1}]
25937,1398693845.361737,[{'idp': 115, 'x': 5.116, 'y': -7.073, 'r': 0.4, 'type': 1}]
25938,1398693845.3701606,[{'idp': 115, 'x': 5.105, 'y': -7.057, 'r': 0.4, 'type': 1}]
25939,1398693845.4096847,[{'idp': 115, 'x': 5.13, 'y': -7.091, 'r': 0.4, 'type': 1}]
25940,1398693845.4498818,[{'idp': 115, 'x': 5.089, 'y': -7.067, 'r': 0.4, 'type': 1}]
25941,1398693845.489734,[{'idp': 115, 'x': 5.111, 'y': -7.064, 'r': 0.4, 'type': 1}]
25942,1398693845.4897552,[{'idp': 115, 'x': 5.067, 'y': -7.038, 'r': 0.4, 'type': 1}]
25943,1398693845.5297055,[{'idp': 115, 'x': 5.033, 'y': -7.023, 'r': 0.4, 'type': 1}]
25944,1398693845.5297956,[{'idp': 115, 'x': 5.016, 'y': -7.031, 'r': 0.4, 'type': 1}]
25945,1398693845.5697055,[{'idp': 115, 'x': 5.123, 'y': -7.049, 'r': 0.4, 'type': 1}]
25946,1398693845.5697227,[{'idp': 115, 'x': 5.104, 'y': -7.054, 'r': 0.4, 'type': 1}]
25947,1398693845.60975,[{'idp': 115, 'x': 5.1, 'y': -7.049, 'r': 0.4, 'type': 1}]
25948,1398693845.6192853,[{'idp': 115, 'x': 5.07, 'y': -7.071, 'r': 0.4, 'type': 1}]
25949,1398693845.6577692,[{'idp': 115, 'x': 5.037, 'y': -7.091, 'r': 0.4, 'type': 1}]
25950,1398693845.6976886,[{'idp': 115, 'x': 4.976, 'y': -7.071, 'r': 0.4, 'type': 1}]
25951,1398693845.6977086,[{'idp': 115, 'x': 5.022, 'y': -7.069, 'r': 0.4, 'type': 1}]
25952,1398693845.7377172,[{'idp': 115, 'x': 5.082, 'y': -7.055, 'r': 0.4, 'type': 1}]
25953,1398693845.7443376,[{'idp': 115, 'x': 5.029, 'y': -7.048, 'r': 0.4, 'type': 1}]
25954,1398693845.7817142,[{'idp': 115, 'x': 5.019, 'y': -7.065, 'r': 0.4, 'type': 1}]
25955,1398693845.8217053,[{'idp': 115, 'x': 5.011, 'y': -7.087, 'r': 0.4, 'type': 1}]
25956,1398693845.8217344,[{'idp': 115, 'x': 4.968, 'y': -7.091, 'r': 0.4, 'type': 1}]
25957,1398693845.861816,[{'idp': 115, 'x': 4.944, 'y': -7.09, 'r': 0.4, 'type': 1}]
25958,1398693845.8686645,[{'idp': 115, 'x': 4.948, 'y': -7.095, 'r': 0.4, 'type': 1}]
25959,1398693845.9057207,[{'idp': 115, 'x': 4.919, 'y': -7.054, 'r': 0.4, 'type': 1}]
25960,1398693845.9457092,[{'idp': 115, 'x': 4.932, 'y': -7.072, 'r': 0.4, 'type': 1}]
25961,1398693845.9457386,[{'idp': 115, 'x': 4.957, 'y': -7.075, 'r': 0.4, 'type': 1}]
25962,1398693845.985691,[{'idp': 115, 'x': 4.867, 'y': -7.078, 'r': 0.4, 'type': 1}]
25963,1398693845.993328,[{'idp': 115, 'x': 4.889, 'y': -7.077, 'r': 0.4, 'type': 1}]
25964,1398693846.0297902,[{'idp': 115, 'x': 4.845, 'y': -7.079, 'r': 0.4, 'type': 1}]
25965,1398693846.0697386,[{'idp': 115, 'x': 4.822, 'y': -7.079, 'r': 0.4, 'type': 1}]
25966,1398693846.0697591,[{'idp': 115, 'x': 4.82, 'y': -7.076, 'r': 0.4, 'type': 1}]
25967,1398693846.1097732,[{'idp': 115, 'x': 4.812, 'y': -7.064, 'r': 0.4, 'type': 1}]
25968,1398693846.1181362,[{'idp': 115, 'x': 4.793, 'y': -7.069, 'r': 0.4, 'type': 1}]
25969,1398693846.157677,[{'idp': 115, 'x': 4.772, 'y': -7.071, 'r': 0.4, 'type': 1}]
25970,1398693846.1977081,[{'idp': 115, 'x': 4.773, 'y': -7.074, 'r': 0.4, 'type': 1}]
25971,1398693846.197737,[{'idp': 115, 'x': 4.769, 'y': -7.068, 'r': 0.4, 'type': 1}]
25972,1398693846.237664,[{'idp': 115, 'x': 4.766, 'y': -7.064, 'r': 0.4, 'type': 1}]
25973,1398693846.2431715,[{'idp': 115, 'x': 4.763, 'y': -7.059, 'r': 0.4, 'type': 1}]
25974,1398693846.2816997,[{'idp': 115, 'x': 4.742, 'y': -7.06, 'r': 0.4, 'type': 1}]
25975,1398693846.3216958,[{'idp': 115, 'x': 4.724, 'y': -7.067, 'r': 0.4, 'type': 1}]
25976,1398693846.3217247,[{'idp': 115, 'x': 4.721, 'y': -7.062, 'r': 0.4, 'type': 1}]
25977,1398693846.361781,[{'idp': 115, 'x': 4.745, 'y': -7.064, 'r': 0.4, 'type': 1}]
25978,1398693846.3675768,[{'idp': 115, 'x': 4.745, 'y': -7.064, 'r': 0.4, 'type': 1}]
25979,1398693846.4056442,[{'idp': 115, 'x': 4.724, 'y': -7.066, 'r': 0.4, 'type': 1}]
25980,1398693846.4457135,[{'idp': 115, 'x': 4.707, 'y': -7.074, 'r': 0.4, 'type': 1}]
25981,1398693846.4457452,[{'idp': 115, 'x': 4.697, 'y': -7.093, 'r': 0.4, 'type': 1}]
25982,1398693846.4857137,[{'idp': 115, 'x': 4.65, 'y': -7.09, 'r': 0.4, 'type': 1}]
25983,1398693846.492289,[{'idp': 115, 'x': 4.653, 'y': -7.094, 'r': 0.4, 'type': 1}]
25984,1398693846.529667,[{'idp': 115, 'x': 4.617, 'y': -7.073, 'r': 0.4, 'type': 1}]
25985,1398693846.5698214,[{'idp': 115, 'x': 4.593, 'y': -7.07, 'r': 0.4, 'type': 1}]
25986,1398693846.5698578,[{'idp': 115, 'x': 4.629, 'y': -7.124, 'r': 0.4, 'type': 1}]
25987,1398693846.6098557,[{'idp': 115, 'x': 4.594, 'y': -7.138, 'r': 0.4, 'type': 1}]
25988,1398693846.6176074,[{'idp': 115, 'x': 4.609, 'y': -7.163, 'r': 0.4, 'type': 1}]
25989,1398693846.6537378,[{'idp': 115, 'x': 4.604, 'y': -7.153, 'r': 0.4, 'type': 1}]
25990,1398693846.6937258,[{'idp': 115, 'x': 4.591, 'y': -7.132, 'r': 0.4, 'type': 1}]
25991,1398693846.6937492,[{'idp': 115, 'x': 4.58, 'y': -7.117, 'r': 0.4, 'type': 1}]
25992,1398693846.7337663,[{'idp': 115, 'x': 4.519, 'y': -7.09, 'r': 0.4, 'type': 1}]
25993,1398693846.7426662,[{'idp': 115, 'x': 4.5, 'y': -7.095, 'r': 0.4, 'type': 1}]
25994,1398693846.7817235,[{'idp': 115, 'x': 4.473, 'y': -7.086, 'r': 0.4, 'type': 1}]
25995,1398693846.8235674,[{'idp': 115, 'x': 4.526, 'y': -7.1, 'r': 0.4, 'type': 1}]
25996,1398693846.8236017,[{'idp': 115, 'x': 4.517, 'y': -7.087, 'r': 0.4, 'type': 1}]
25997,1398693846.861691,[{'idp': 115, 'x': 4.443, 'y': -7.074, 'r': 0.4, 'type': 1}]
25998,1398693846.8675401,[{'idp': 115, 'x': 4.434, 'y': -7.093, 'r': 0.4, 'type': 1}]
25999,1398693846.905689,[{'idp': 115, 'x': 4.452, 'y': -7.122, 'r': 0.4, 'type': 1}]
26000,1398693846.945669,[{'idp': 115, 'x': 4.419, 'y': -7.137, 'r': 0.4, 'type': 1}]
26001,1398693846.9456959,[{'idp': 115, 'x': 4.402, 'y': -7.109, 'r': 0.4, 'type': 1}]
26002,1398693846.9856882,[{'idp': 115, 'x': 4.435, 'y': -7.094, 'r': 0.4, 'type': 1}]
26003,1398693846.9929514,[{'idp': 115, 'x': 4.393, 'y': -7.096, 'r': 0.4, 'type': 1}]
26004,1398693847.0297997,[{'idp': 115, 'x': 4.412, 'y': -7.126, 'r': 0.4, 'type': 1}]
26005,1398693847.0697153,[{'idp': 115, 'x': 4.351, 'y': -7.131, 'r': 0.4, 'type': 1}]
26006,1398693847.069811,[{'idp': 115, 'x': 4.385, 'y': -7.152, 'r': 0.4, 'type': 1}]
26007,1398693847.1097724,[{'idp': 115, 'x': 4.356, 'y': -7.139, 'r': 0.4, 'type': 1}]
26008,1398693847.1180806,[{'idp': 115, 'x': 4.355, 'y': -7.104, 'r': 0.4, 'type': 1}]
26009,1398693847.1577046,[{'idp': 115, 'x': 4.324, 'y': -7.087, 'r': 0.4, 'type': 1}]
26010,1398693847.197665,[{'idp': 115, 'x': 4.299, 'y': -7.082, 'r': 0.4, 'type': 1}]
26011,1398693847.1976955,[{'idp': 115, 'x': 4.311, 'y': -7.1, 'r': 0.4, 'type': 1}]
26012,1398693847.2376509,[{'idp': 115, 'x': 4.289, 'y': -7.099, 'r': 0.4, 'type': 1}]
26013,1398693847.2424648,[{'idp': 115, 'x': 4.294, 'y': -7.107, 'r': 0.4, 'type': 1}]
26014,1398693847.2816918,[{'idp': 115, 'x': 4.286, 'y': -7.095, 'r': 0.4, 'type': 1}]
26015,1398693847.3216944,[{'idp': 115, 'x': 4.268, 'y': -7.1, 'r': 0.4, 'type': 1}]
26016,1398693847.3217256,[{'idp': 115, 'x': 4.265, 'y': -7.095, 'r': 0.4, 'type': 1}]
26017,1398693847.3657312,[{'idp': 115, 'x': 4.241, 'y': -7.091, 'r': 0.4, 'type': 1}]
26018,1398693847.3674002,[{'idp': 115, 'x': 4.228, 'y': -7.103, 'r': 0.4, 'type': 1}]
26019,1398693847.4057713,[{'idp': 115, 'x': 4.209, 'y': -7.106, 'r': 0.4, 'type': 1}]
26020,1398693847.445783,[{'idp': 115, 'x': 4.21, 'y': -7.108, 'r': 0.4, 'type': 1}]
26021,1398693847.4458084,[{'idp': 115, 'x': 4.214, 'y': -7.114, 'r': 0.4, 'type': 1}]
26022,1398693847.4857602,[{'idp': 115, 'x': 4.208, 'y': -7.105, 'r': 0.4, 'type': 1}]
26023,1398693847.492191,[{'idp': 115, 'x': 4.148, 'y': -7.074, 'r': 0.4, 'type': 1}]
26024,1398693847.5297198,[{'idp': 115, 'x': 4.18, 'y': -7.093, 'r': 0.4, 'type': 1}]
26025,1398693847.5697649,[{'idp': 115, 'x': 4.173, 'y': -7.081, 'r': 0.4, 'type': 1}]
26026,1398693847.5698507,[{'idp': 115, 'x': 4.157, 'y': -7.09, 'r': 0.4, 'type': 1}]
26027,1398693847.609746,[{'idp': 115, 'x': 4.118, 'y': -7.094, 'r': 0.4, 'type': 1}]
26028,1398693847.6170497,[{'idp': 115, 'x': 4.115, 'y': -7.088, 'r': 0.4, 'type': 1}]
26029,1398693847.6537678,[{'idp': 115, 'x': 4.113, 'y': -7.12, 'r': 0.4, 'type': 1}]
26030,1398693847.6937256,[{'idp': 115, 'x': 4.067, 'y': -7.078, 'r': 0.4, 'type': 1}]
26031,1398693847.693839,[{'idp': 115, 'x': 4.099, 'y': -7.095, 'r': 0.4, 'type': 1}]
26032,1398693847.7338421,[{'idp': 115, 'x': 4.072, 'y': -7.084, 'r': 0.4, 'type': 1}]
26033,1398693847.7419121,[{'idp': 115, 'x': 4.079, 'y': -7.097, 'r': 0.4, 'type': 1}]
26034,1398693847.7817304,[{'idp': 115, 'x': 4.055, 'y': -7.091, 'r': 0.4, 'type': 1}]
26035,1398693847.821679,[{'idp': 115, 'x': 4.052, 'y': -7.085, 'r': 0.4, 'type': 1}]
26036,1398693847.8217072,[{'idp': 115, 'x': 4.054, 'y': -7.09, 'r': 0.4, 'type': 1}]
26037,1398693847.8616776,[{'idp': 115, 'x': 4.061, 'y': -7.101, 'r': 0.4, 'type': 1}]
26038,1398693847.866282,[{'idp': 115, 'x': 4.071, 'y': -7.118, 'r': 0.4, 'type': 1}]
26039,1398693847.9057317,[{'idp': 115, 'x': 4.055, 'y': -7.126, 'r': 0.4, 'type': 1}]
26040,1398693847.9457245,[{'idp': 115, 'x': 4.054, 'y': -7.125, 'r': 0.4, 'type': 1}]
26041,1398693847.9457464,[{'idp': 115, 'x': 4.011, 'y': -7.121, 'r': 0.4, 'type': 1}]
26042,1398693847.985713,[{'idp': 115, 'x': 4.028, 'y': -7.151, 'r': 0.4, 'type': 1}]
26043,1398693847.990856,[{'idp': 115, 'x': 4.021, 'y': -7.176, 'r': 0.4, 'type': 1}]
26044,1398693848.029703,[{'idp': 115, 'x': 4.003, 'y': -7.18, 'r': 0.4, 'type': 1}]
26045,1398693848.0697,[{'idp': 115, 'x': 4.026, 'y': -7.185, 'r': 0.4, 'type': 1}]
26046,1398693848.069724,[{'idp': 115, 'x': 4.015, 'y': -7.164, 'r': 0.4, 'type': 1}]
26047,1398693848.1097429,[{'idp': 115, 'x': 3.964, 'y': -7.145, 'r': 0.4, 'type': 1}]
26048,1398693848.1260905,[{'idp': 115, 'x': 3.953, 'y': -7.164, 'r': 0.4, 'type': 1}]
26049,1398693848.1656795,[{'idp': 115, 'x': 3.89, 'y': -7.159, 'r': 0.4, 'type': 1}]
26050,1398693848.20575,[{'idp': 115, 'x': 3.911, 'y': -7.162, 'r': 0.4, 'type': 1}]
26051,1398693848.2057788,[{'idp': 115, 'x': 3.913, 'y': -7.165, 'r': 0.4, 'type': 1}]
26052,1398693848.245704,[{'idp': 115, 'x': 3.914, 'y': -7.168, 'r': 0.4, 'type': 1}]
26053,1398693848.2458074,[{'idp': 115, 'x': 3.934, 'y': -7.205, 'r': 0.4, 'type': 1}]
26054,1398693848.2858193,[{'idp': 115, 'x': 3.984, 'y': -7.26, 'r': 0.4, 'type': 1}]
26055,1398693848.2896538,[{'idp': 115, 'x': 3.985, 'y': -7.263, 'r': 0.4, 'type': 1}]
26056,1398693848.3256822,[{'idp': 115, 'x': 3.96, 'y': -7.254, 'r': 0.4, 'type': 1}]
26057,1398693848.3657146,[{'idp': 115, 'x': 3.968, 'y': -7.268, 'r': 0.4, 'type': 1}]
26058,1398693848.3657498,[{'idp': 115, 'x': 3.965, 'y': -7.264, 'r': 0.4, 'type': 1}]
26059,1398693848.4064524,[{'idp': 115, 'x': 3.942, 'y': -7.259, 'r': 0.4, 'type': 1}]
26060,1398693848.4141946,[{'idp': 115, 'x': 3.919, 'y': -7.253, 'r': 0.4, 'type': 1}]
26061,1398693848.4538434,[{'idp': 115, 'x': 3.924, 'y': -7.264, 'r': 0.4, 'type': 1}]
26062,1398693848.4938326,[{'idp': 115, 'x': 3.883, 'y': -7.262, 'r': 0.4, 'type': 1}]
26063,1398693848.4939013,[{'idp': 115, 'x': 3.887, 'y': -7.269, 'r': 0.4, 'type': 1}]
26064,1398693848.5336697,[{'idp': 115, 'x': 3.81, 'y': -7.2, 'r': 0.4, 'type': 1}]
26065,1398693848.5381563,[{'idp': 115, 'x': 3.728, 'y': -7.156, 'r': 0.4, 'type': 1}]
26066,1398693848.5777583,[{'idp': 115, 'x': 3.766, 'y': -7.152, 'r': 0.4, 'type': 1}]
26067,1398693848.617665,[{'idp': 115, 'x': 3.705, 'y': -7.148, 'r': 0.4, 'type': 1}]
26068,1398693848.6177104,[{'idp': 115, 'x': 3.692, 'y': -7.165, 'r': 0.4, 'type': 1}]
26069,1398693848.6578145,[{'idp': 115, 'x': 3.696, 'y': -7.172, 'r': 0.4, 'type': 1}]
26070,1398693848.6629212,[{'idp': 115, 'x': 3.721, 'y': -7.181, 'r': 0.4, 'type': 1}]
26071,1398693848.701711,[{'idp': 115, 'x': 3.687, 'y': -7.152, 'r': 0.4, 'type': 1}]
26072,1398693848.7418077,[{'idp': 115, 'x': 3.691, 'y': -7.162, 'r': 0.4, 'type': 1}]
26073,1398693848.7418287,[{'idp': 115, 'x': 3.67, 'y': -7.158, 'r': 0.4, 'type': 1}]
26074,1398693848.7817645,[{'idp': 115, 'x': 3.635, 'y': -7.168, 'r': 0.4, 'type': 1}]
26075,1398693848.7870967,[{'idp': 115, 'x': 3.629, 'y': -7.156, 'r': 0.4, 'type': 1}]
26076,1398693848.8260424,[{'idp': 115, 'x': 3.634, 'y': -7.163, 'r': 0.4, 'type': 1}]
26077,1398693848.8657167,[{'idp': 115, 'x': 3.608, 'y': -7.153, 'r': 0.4, 'type': 1}]
26078,1398693848.8657525,[{'idp': 115, 'x': 3.587, 'y': -7.151, 'r': 0.4, 'type': 1}]
26079,1398693848.9057226,[{'idp': 115, 'x': 3.593, 'y': -7.161, 'r': 0.4, 'type': 1}]
26080,1398693848.9123116,[{'idp': 115, 'x': 3.579, 'y': -7.174, 'r': 0.4, 'type': 1}]
26081,1398693848.9497764,[{'idp': 115, 'x': 3.585, 'y': -7.186, 'r': 0.4, 'type': 1}]
26082,1398693848.9896572,[{'idp': 115, 'x': 3.585, 'y': -7.185, 'r': 0.4, 'type': 1}]
26083,1398693848.9896863,[{'idp': 115, 'x': 3.579, 'y': -7.173, 'r': 0.4, 'type': 1}]
26084,1398693849.0298016,[{'idp': 115, 'x': 3.615, 'y': -7.207, 'r': 0.4, 'type': 1}]
26085,1398693849.036223,[{'idp': 115, 'x': 3.629, 'y': -7.238, 'r': 0.4, 'type': 1}]
26086,1398693849.0737004,[{'idp': 115, 'x': 3.636, 'y': -7.251, 'r': 0.4, 'type': 1}]
26087,1398693849.1136882,[{'idp': 115, 'x': 3.636, 'y': -7.25, 'r': 0.4, 'type': 1}]
26088,1398693849.1137204,[{'idp': 115, 'x': 3.654, 'y': -7.248, 'r': 0.4, 'type': 1}]
26089,1398693849.1537354,[{'idp': 115, 'x': 3.634, 'y': -7.247, 'r': 0.4, 'type': 1}]
26090,1398693849.160938,[{'idp': 115, 'x': 3.6, 'y': -7.259, 'r': 0.4, 'type': 1}]
26091,1398693849.1976907,[{'idp': 115, 'x': 3.518, 'y': -7.207, 'r': 0.4, 'type': 1}]
26092,1398693849.2376146,[{'idp': 115, 'x': 3.477, 'y': -7.163, 'r': 0.4, 'type': 1}]
26093,1398693849.2376323,[{'idp': 115, 'x': 3.468, 'y': -7.145, 'r': 0.4, 'type': 1}]
26094,1398693849.2777407,[{'idp': 115, 'x': 3.435, 'y': -7.117, 'r': 0.4, 'type': 1}]
26095,1398693849.2855723,[{'idp': 115, 'x': 3.441, 'y': -7.129, 'r': 0.4, 'type': 1}]
26096,1398693849.3216763,[{'idp': 115, 'x': 3.398, 'y': -7.119, 'r': 0.4, 'type': 1}]
26097,1398693849.3616793,[{'idp': 115, 'x': 3.395, 'y': -7.114, 'r': 0.4, 'type': 1}]
26098,1398693849.3617122,[{'idp': 115, 'x': 3.381, 'y': -7.123, 'r': 0.4, 'type': 1}]
26099,1398693849.4017057,[{'idp': 115, 'x': 3.359, 'y': -7.117, 'r': 0.4, 'type': 1}]
26100,1398693849.409848,[{'idp': 115, 'x': 3.367, 'y': -7.135, 'r': 0.4, 'type': 1}]
26101,1398693849.4497256,[{'idp': 115, 'x': 3.366, 'y': -7.132, 'r': 0.4, 'type': 1}]
26102,1398693849.4898105,[{'idp': 115, 'x': 3.371, 'y': -7.142, 'r': 0.4, 'type': 1}]
26103,1398693849.4898324,[{'idp': 115, 'x': 3.351, 'y': -7.141, 'r': 0.4, 'type': 1}]
26104,1398693849.5297637,[{'idp': 115, 'x': 3.329, 'y': -7.134, 'r': 0.4, 'type': 1}]
26105,1398693849.5352569,[{'idp': 115, 'x': 3.325, 'y': -7.126, 'r': 0.4, 'type': 1}]
26106,1398693849.5737784,[{'idp': 115, 'x': 3.314, 'y': -7.102, 'r': 0.4, 'type': 1}]
26107,1398693849.6137,[{'idp': 115, 'x': 3.27, 'y': -7.089, 'r': 0.4, 'type': 1}]
26108,1398693849.61373,[{'idp': 115, 'x': 3.282, 'y': -7.113, 'r': 0.4, 'type': 1}]
26109,1398693849.6537883,[{'idp': 115, 'x': 3.241, 'y': -7.106, 'r': 0.4, 'type': 1}]
26110,1398693849.6590974,[{'idp': 115, 'x': 3.245, 'y': -7.117, 'r': 0.4, 'type': 1}]
26111,1398693849.6977184,[{'idp': 115, 'x': 3.222, 'y': -7.106, 'r': 0.4, 'type': 1}]
26112,1398693849.7376964,[{'idp': 115, 'x': 3.241, 'y': -7.107, 'r': 0.4, 'type': 1}]
26113,1398693849.737728,[{'idp': 115, 'x': 3.188, 'y': -7.113, 'r': 0.4, 'type': 1}]
26114,1398693849.777715,[{'idp': 115, 'x': 3.251, 'y': -7.169, 'r': 0.4, 'type': 1}]
26115,1398693849.7840636,[{'idp': 115, 'x': 3.225, 'y': -7.153, 'r': 0.4, 'type': 1}]
26116,1398693849.8217022,[{'idp': 115, 'x': 3.244, 'y': -7.154, 'r': 0.4, 'type': 1}]
26117,1398693849.861664,[{'idp': 115, 'x': 3.225, 'y': -7.152, 'r': 0.4, 'type': 1}]
26118,1398693849.8616946,[{'idp': 115, 'x': 3.203, 'y': -7.146, 'r': 0.4, 'type': 1}]
26119,1398693849.901751,[{'idp': 115, 'x': 3.183, 'y': -7.144, 'r': 0.4, 'type': 1}]
26120,1398693849.9087467,[{'idp': 115, 'x': 3.165, 'y': -7.144, 'r': 0.4, 'type': 1}]
26121,1398693849.9457874,[{'idp': 115, 'x': 3.185, 'y': -7.148, 'r': 0.4, 'type': 1}]
26122,1398693849.985709,[{'idp': 115, 'x': 3.181, 'y': -7.139, 'r': 0.4, 'type': 1}]
26123,1398693849.9857378,[{'idp': 115, 'x': 3.121, 'y': -7.13, 'r': 0.4, 'type': 1}]
26124,1398693850.0257604,[{'idp': 115, 'x': 3.136, 'y': -7.164, 'r': 0.4, 'type': 1}]
26125,1398693850.0332365,[{'idp': 115, 'x': 3.1, 'y': -7.167, 'r': 0.4, 'type': 1}]
26126,1398693850.0697105,[{'idp': 115, 'x': 3.104, 'y': -7.176, 'r': 0.4, 'type': 1}]
26127,1398693850.109648,[{'idp': 115, 'x': 3.099, 'y': -7.165, 'r': 0.4, 'type': 1}]
26128,1398693850.1096845,[{'idp': 115, 'x': 3.104, 'y': -7.177, 'r': 0.4, 'type': 1}]
26129,1398693850.1496818,[{'idp': 115, 'x': 3.185, 'y': -7.236, 'r': 0.4, 'type': 1}]
26130,1398693850.1583242,[{'idp': 115, 'x': 3.172, 'y': -7.25, 'r': 0.4, 'type': 1}]
26131,1398693850.1977444,[{'idp': 115, 'x': 3.15, 'y': -7.242, 'r': 0.4, 'type': 1}]
26132,1398693850.2376497,[{'idp': 115, 'x': 3.136, 'y': -7.253, 'r': 0.4, 'type': 1}]
26133,1398693850.2376766,[{'idp': 115, 'x': 3.153, 'y': -7.25, 'r': 0.4, 'type': 1}]
26134,1398693850.2777898,[{'idp': 115, 'x': 3.145, 'y': -7.232, 'r': 0.4, 'type': 1}]
26135,1398693850.2834294,[{'idp': 115, 'x': 3.108, 'y': -7.233, 'r': 0.4, 'type': 1}]
26136,1398693850.3216875,[{'idp': 115, 'x': 3.117, 'y': -7.254, 'r': 0.4, 'type': 1}]
26137,1398693850.3617833,[{'idp': 115, 'x': 3.105, 'y': -7.225, 'r': 0.4, 'type': 1}]
26138,1398693850.361811,[{'idp': 115, 'x': 3.109, 'y': -7.234, 'r': 0.4, 'type': 1}]
26139,1398693850.4017036,[{'idp': 115, 'x': 3.089, 'y': -7.232, 'r': 0.4, 'type': 1}]
26140,1398693850.407286,[{'idp': 115, 'x': 3.034, 'y': -7.187, 'r': 0.4, 'type': 1}]
26141,1398693850.445722,[{'idp': 115, 'x': 3.052, 'y': -7.233, 'r': 0.4, 'type': 1}]
26142,1398693850.48569,[{'idp': 115, 'x': 3.02, 'y': -7.244, 'r': 0.4, 'type': 1}]
26143,1398693850.4857264,[{'idp': 115, 'x': 3.0, 'y': -7.241, 'r': 0.4, 'type': 1}]
26144,1398693850.5256433,[{'idp': 115, 'x': 3.004, 'y': -7.25, 'r': 0.4, 'type': 1}]
26145,1398693850.5323315,[{'idp': 115, 'x': 3.001, 'y': -7.243, 'r': 0.4, 'type': 1}]
26146,1398693850.5696902,[{'idp': 115, 'x': 3.001, 'y': -7.242, 'r': 0.4, 'type': 1}]
26147,1398693850.60968,[{'idp': 115, 'x': 2.979, 'y': -7.235, 'r': 0.4, 'type': 1}]
26148,1398693850.60971,[{'idp': 115, 'x': 2.917, 'y': -7.17, 'r': 0.4, 'type': 1}]
26149,1398693850.6497061,[{'idp': 115, 'x': 2.84, 'y': -7.157, 'r': 0.4, 'type': 1}]
26150,1398693850.657498,[{'idp': 115, 'x': 2.822, 'y': -7.158, 'r': 0.4, 'type': 1}]
26151,1398693850.6937013,[{'idp': 115, 'x': 2.894, 'y': -7.251, 'r': 0.4, 'type': 1}]
26152,1398693850.7337034,[{'idp': 115, 'x': 2.895, 'y': -7.255, 'r': 0.4, 'type': 1}]
26153,1398693850.7337337,[{'idp': 115, 'x': 2.897, 'y': -7.259, 'r': 0.4, 'type': 1}]
26154,1398693850.77372,[{'idp': 115, 'x': 2.894, 'y': -7.253, 'r': 0.4, 'type': 1}]
26155,1398693850.7826242,[{'idp': 115, 'x': 2.86, 'y': -7.258, 'r': 0.4, 'type': 1}]
26156,1398693850.8216996,[{'idp': 115, 'x': 2.859, 'y': -7.257, 'r': 0.4, 'type': 1}]
26157,1398693850.8616564,[{'idp': 115, 'x': 2.836, 'y': -7.243, 'r': 0.4, 'type': 1}]
26158,1398693850.8616982,[{'idp': 115, 'x': 2.824, 'y': -7.259, 'r': 0.4, 'type': 1}]
26159,1398693850.9017057,[{'idp': 115, 'x': 2.824, 'y': -7.261, 'r': 0.4, 'type': 1}]
26160,1398693850.9065394,[{'idp': 115, 'x': 2.828, 'y': -7.269, 'r': 0.4, 'type': 1}]
26161,1398693850.945733,[{'idp': 115, 'x': 2.823, 'y': -7.258, 'r': 0.4, 'type': 1}]
26162,1398693850.9856787,[{'idp': 115, 'x': 2.828, 'y': -7.27, 'r': 0.4, 'type': 1}]
26163,1398693850.9857068,[{'idp': 115, 'x': 2.759, 'y': -7.232, 'r': 0.4, 'type': 1}]
26164,1398693851.025757,[{'idp': 115, 'x': 2.668, 'y': -7.177, 'r': 0.4, 'type': 1}]
26165,1398693851.0308256,[{'idp': 115, 'x': 2.646, 'y': -7.166, 'r': 0.4, 'type': 1}]
26166,1398693851.0696893,[{'idp': 115, 'x': 2.646, 'y': -7.164, 'r': 0.4, 'type': 1}]
26167,1398693851.1096768,[{'idp': 115, 'x': 2.648, 'y': -7.17, 'r': 0.4, 'type': 1}]
26168,1398693851.1097088,[{'idp': 115, 'x': 2.656, 'y': -7.193, 'r': 0.4, 'type': 1}]
26169,1398693851.1497064,[{'idp': 115, 'x': 2.703, 'y': -7.275, 'r': 0.4, 'type': 1}]
26170,1398693851.1555364,[{'idp': 115, 'x': 2.683, 'y': -7.269, 'r': 0.4, 'type': 1}]
26171,1398693851.1936724,[{'idp': 115, 'x': 2.695, 'y': -7.252, 'r': 0.4, 'type': 1}]
26172,1398693851.2336729,[{'idp': 115, 'x': 2.667, 'y': -7.227, 'r': 0.4, 'type': 1}]
26173,1398693851.233704,[{'idp': 115, 'x': 2.65, 'y': -7.228, 'r': 0.4, 'type': 1}]
26174,1398693851.2737854,[{'idp': 115, 'x': 2.68, 'y': -7.264, 'r': 0.4, 'type': 1}]
26175,1398693851.281133,[{'idp': 115, 'x': 2.64, 'y': -7.25, 'r': 0.4, 'type': 1}]
26176,1398693851.3176928,[{'idp': 115, 'x': 2.584, 'y': -7.243, 'r': 0.4, 'type': 1}]
26177,1398693851.3578198,[{'idp': 115, 'x': 2.592, 'y': -7.265, 'r': 0.4, 'type': 1}]
26178,1398693851.3578496,[{'idp': 115, 'x': 2.569, 'y': -7.251, 'r': 0.4, 'type': 1}]
26179,1398693851.3976839,[{'idp': 115, 'x': 2.56, 'y': -7.222, 'r': 0.4, 'type': 1}]
26180,1398693851.4047444,[{'idp': 115, 'x': 2.537, 'y': -7.208, 'r': 0.4, 'type': 1}]
26181,1398693851.4416788,[{'idp': 115, 'x': 2.534, 'y': -7.254, 'r': 0.4, 'type': 1}]
26182,1398693851.4817362,[{'idp': 115, 'x': 2.503, 'y': -7.267, 'r': 0.4, 'type': 1}]
26183,1398693851.4817674,[{'idp': 115, 'x': 2.556, 'y': -7.265, 'r': 0.4, 'type': 1}]
26184,1398693851.5217319,[{'idp': 115, 'x': 2.569, 'y': -7.253, 'r': 0.4, 'type': 1}]
26185,1398693851.5295007,[{'idp': 115, 'x': 2.555, 'y': -7.264, 'r': 0.4, 'type': 1}]
26186,1398693851.5656958,[{'idp': 115, 'x': 2.541, 'y': -7.258, 'r': 0.4, 'type': 1}]
26187,1398693851.605714,[{'idp': 115, 'x': 2.499, 'y': -7.254, 'r': 0.4, 'type': 1}]
26188,1398693851.6057425,[{'idp': 115, 'x': 2.5, 'y': -7.242, 'r': 0.4, 'type': 1}]
26189,1398693851.6457016,[{'idp': 115, 'x': 2.501, 'y': -7.26, 'r': 0.4, 'type': 1}]
26190,1398693851.6542673,[{'idp': 115, 'x': 2.495, 'y': -7.244, 'r': 0.4, 'type': 1}]
26191,1398693851.6936789,[{'idp': 115, 'x': 2.479, 'y': -7.247, 'r': 0.4, 'type': 1}]
26192,1398693851.7336771,[{'idp': 115, 'x': 2.465, 'y': -7.261, 'r': 0.4, 'type': 1}]
26193,1398693851.7337115,[{'idp': 115, 'x': 2.457, 'y': -7.289, 'r': 0.4, 'type': 1}]
26194,1398693851.7737033,[{'idp': 115, 'x': 2.45, 'y': -7.266, 'r': 0.4, 'type': 1}]
26195,1398693851.7790349,[{'idp': 115, 'x': 2.445, 'y': -7.251, 'r': 0.4, 'type': 1}]
26196,1398693851.8176985,[{'idp': 115, 'x': 2.437, 'y': -7.229, 'r': 0.4, 'type': 1}]
26197,1398693851.857736,[{'idp': 115, 'x': 2.452, 'y': -7.273, 'r': 0.4, 'type': 1}]
26198,1398693851.857764,[{'idp': 115, 'x': 2.424, 'y': -7.242, 'r': 0.4, 'type': 1}]
26199,1398693851.897722,[{'idp': 115, 'x': 2.378, 'y': -7.262, 'r': 0.4, 'type': 1}]
26200,1398693851.9034734,[{'idp': 115, 'x': 2.353, 'y': -7.24, 'r': 0.4, 'type': 1}]
26201,1398693851.9416962,[{'idp': 115, 'x': 2.368, 'y': -7.231, 'r': 0.4, 'type': 1}]
26202,1398693851.9817405,[{'idp': 115, 'x': 2.338, 'y': -7.248, 'r': 0.4, 'type': 1}]
26203,1398693851.9817708,[{'idp': 115, 'x': 2.357, 'y': -7.252, 'r': 0.4, 'type': 1}]
26204,1398693852.0217385,[{'idp': 115, 'x': 2.345, 'y': -7.214, 'r': 0.4, 'type': 1}]
26205,1398693852.0282784,[{'idp': 115, 'x': 2.313, 'y': -7.222, 'r': 0.4, 'type': 1}]
26206,1398693852.065737,[{'idp': 115, 'x': 2.276, 'y': -7.193, 'r': 0.4, 'type': 1}]
26207,1398693852.1056955,[{'idp': 115, 'x': 2.207, 'y': -7.156, 'r': 0.4, 'type': 1}]
26208,1398693852.105724,[{'idp': 115, 'x': 2.173, 'y': -7.157, 'r': 0.4, 'type': 1}]
26209,1398693852.1457431,[{'idp': 115, 'x': 2.182, 'y': -7.182, 'r': 0.4, 'type': 1}]
26210,1398693852.1530952,[{'idp': 115, 'x': 2.143, 'y': -7.17, 'r': 0.4, 'type': 1}]
26211,1398693852.189691,[{'idp': 115, 'x': 2.227, 'y': -7.226, 'r': 0.4, 'type': 1}]
26212,1398693852.229673,[{'idp': 115, 'x': 2.236, 'y': -7.253, 'r': 0.4, 'type': 1}]
26213,1398693852.2297022,[{'idp': 115, 'x': 2.231, 'y': -7.239, 'r': 0.4, 'type': 1}]
26214,1398693852.2697525,[{'idp': 115, 'x': 2.239, 'y': -7.265, 'r': 0.4, 'type': 1}]
26215,1398693852.278487,[{'idp': 115, 'x': 2.192, 'y': -7.223, 'r': 0.4, 'type': 1}]
26216,1398693852.3176825,[{'idp': 115, 'x': 2.198, 'y': -7.243, 'r': 0.4, 'type': 1}]
26217,1398693852.3577566,[{'idp': 115, 'x': 2.165, 'y': -7.247, 'r': 0.4, 'type': 1}]
26218,1398693852.3577805,[{'idp': 115, 'x': 2.169, 'y': -7.26, 'r': 0.4, 'type': 1}]
26219,1398693852.3977292,[{'idp': 115, 'x': 2.189, 'y': -7.254, 'r': 0.4, 'type': 1}]
26220,1398693852.4018688,[{'idp': 115, 'x': 2.197, 'y': -7.239, 'r': 0.4, 'type': 1}]
26221,1398693852.4417524,[{'idp': 115, 'x': 2.198, 'y': -7.242, 'r': 0.4, 'type': 1}]
26222,1398693852.4817646,[{'idp': 115, 'x': 2.158, 'y': -7.225, 'r': 0.4, 'type': 1}]
26223,1398693852.481798,[{'idp': 115, 'x': 2.135, 'y': -7.262, 'r': 0.4, 'type': 1}]
26224,1398693852.5216541,[{'idp': 115, 'x': 2.105, 'y': -7.277, 'r': 0.4, 'type': 1}]
26225,1398693852.5272963,[{'idp': 115, 'x': 2.104, 'y': -7.274, 'r': 0.4, 'type': 1}]
26226,1398693852.5656755,[{'idp': 115, 'x': 2.119, 'y': -7.25, 'r': 0.4, 'type': 1}]
26227,1398693852.6056466,[{'idp': 115, 'x': 2.128, 'y': -7.239, 'r': 0.4, 'type': 1}]
26228,1398693852.605666,[{'idp': 115, 'x': 2.128, 'y': -7.238, 'r': 0.4, 'type': 1}]
26229,1398693852.6457174,[{'idp': 115, 'x': 2.092, 'y': -7.234, 'r': 0.4, 'type': 1}]
26230,1398693852.6519985,[{'idp': 115, 'x': 2.105, 'y': -7.248, 'r': 0.4, 'type': 1}]
26231,1398693852.6897001,[{'idp': 115, 'x': 2.059, 'y': -7.236, 'r': 0.4, 'type': 1}]
26232,1398693852.7297282,[{'idp': 115, 'x': 2.061, 'y': -7.243, 'r': 0.4, 'type': 1}]
26233,1398693852.7297676,[{'idp': 115, 'x': 2.062, 'y': -7.248, 'r': 0.4, 'type': 1}]
26234,1398693852.76969,[{'idp': 115, 'x': 2.069, 'y': -7.245, 'r': 0.4, 'type': 1}]
26235,1398693852.776517,[{'idp': 115, 'x': 2.066, 'y': -7.236, 'r': 0.4, 'type': 1}]
26236,1398693852.813827,[{'idp': 115, 'x': 2.067, 'y': -7.239, 'r': 0.4, 'type': 1}]
26237,1398693852.853703,[{'idp': 115, 'x': 2.047, 'y': -7.24, 'r': 0.4, 'type': 1}]
26238,1398693852.8537345,[{'idp': 115, 'x': 2.026, 'y': -7.241, 'r': 0.4, 'type': 1}]
26239,1398693852.8936877,[{'idp': 115, 'x': 1.992, 'y': -7.239, 'r': 0.4, 'type': 1}]
26240,1398693852.901163,[{'idp': 115, 'x': 1.986, 'y': -7.22, 'r': 0.4, 'type': 1}]
26241,1398693852.937684,[{'idp': 115, 'x': 1.99, 'y': -7.233, 'r': 0.4, 'type': 1}]
26242,1398693852.9777312,[{'idp': 115, 'x': 1.953, 'y': -7.223, 'r': 0.4, 'type': 1}]
26243,1398693852.977763,[{'idp': 115, 'x': 1.941, 'y': -7.242, 'r': 0.4, 'type': 1}]
26244,1398693853.017747,[{'idp': 115, 'x': 1.92, 'y': -7.225, 'r': 0.4, 'type': 1}]
26245,1398693853.0253289,[{'idp': 115, 'x': 1.943, 'y': -7.249, 'r': 0.4, 'type': 1}]
26246,1398693853.0617447,[{'idp': 115, 'x': 1.957, 'y': -7.235, 'r': 0.4, 'type': 1}]
26247,1398693853.1017082,[{'idp': 115, 'x': 1.929, 'y': -7.259, 'r': 0.4, 'type': 1}]
26248,1398693853.1017387,[{'idp': 115, 'x': 1.862, 'y': -7.263, 'r': 0.4, 'type': 1}]
26249,1398693853.1416888,[{'idp': 115, 'x': 1.853, 'y': -7.278, 'r': 0.4, 'type': 1}]
26250,1398693853.1502604,[{'idp': 115, 'x': 1.853, 'y': -7.279, 'r': 0.4, 'type': 1}]
26251,1398693853.1896546,[{'idp': 115, 'x': 1.875, 'y': -7.28, 'r': 0.4, 'type': 1}]
26252,1398693853.229695,[{'idp': 115, 'x': 1.854, 'y': -7.282, 'r': 0.4, 'type': 1}]
26253,1398693853.229722,[{'idp': 115, 'x': 1.833, 'y': -7.281, 'r': 0.4, 'type': 1}]
26254,1398693853.2697895,[{'idp': 115, 'x': 1.787, 'y': -7.26, 'r': 0.4, 'type': 1}]
26255,1398693853.2750583,[{'idp': 115, 'x': 1.8, 'y': -7.282, 'r': 0.4, 'type': 1}]
26256,1398693853.313748,[{'idp': 115, 'x': 1.786, 'y': -7.292, 'r': 0.4, 'type': 1}]
26257,1398693853.3537698,[{'idp': 115, 'x': 1.763, 'y': -7.271, 'r': 0.4, 'type': 1}]
26258,1398693853.353794,[{'idp': 115, 'x': 1.719, 'y': -7.295, 'r': 0.4, 'type': 1}]
26259,1398693853.3937173,[{'idp': 115, 'x': 1.705, 'y': -7.308, 'r': 0.4, 'type': 1}]
26260,1398693853.3996472,[{'idp': 115, 'x': 1.699, 'y': -7.285, 'r': 0.4, 'type': 1}]
26261,1398693853.4377089,[{'idp': 115, 'x': 1.683, 'y': -7.288, 'r': 0.4, 'type': 1}]
26262,1398693853.4777937,[{'idp': 115, 'x': 1.683, 'y': -7.286, 'r': 0.4, 'type': 1}]
26263,1398693853.4778283,[{'idp': 115, 'x': 1.681, 'y': -7.278, 'r': 0.4, 'type': 1}]
26264,1398693853.51771,[{'idp': 115, 'x': 1.643, 'y': -7.257, 'r': 0.4, 'type': 1}]
26265,1398693853.5244303,[{'idp': 115, 'x': 1.629, 'y': -7.269, 'r': 0.4, 'type': 1}]
26266,1398693853.5617435,[{'idp': 115, 'x': 1.59, 'y': -7.244, 'r': 0.4, 'type': 1}]
26267,1398693853.6016939,[{'idp': 115, 'x': 1.586, 'y': -7.222, 'r': 0.4, 'type': 1}]
26268,1398693853.6017234,[{'idp': 115, 'x': 1.526, 'y': -7.173, 'r': 0.4, 'type': 1}]
26269,1398693853.6416757,[{'idp': 115, 'x': 1.543, 'y': -7.182, 'r': 0.4, 'type': 1}]
26270,1398693853.64907,[{'idp': 115, 'x': 1.5, 'y': -7.13, 'r': 0.4, 'type': 1}]
26271,1398693853.6857553,[{'idp': 115, 'x': 1.513, 'y': -7.118, 'r': 0.4, 'type': 1}]
26272,1398693853.7256448,[{'idp': 115, 'x': 1.515, 'y': -7.128, 'r': 0.4, 'type': 1}]
26273,1398693853.7256734,[{'idp': 115, 'x': 1.462, 'y': -7.106, 'r': 0.4, 'type': 1}]
26274,1398693853.7656956,[{'idp': 115, 'x': 1.457, 'y': -7.088, 'r': 0.4, 'type': 1}]
26275,1398693853.7747204,[{'idp': 115, 'x': 1.445, 'y': -7.188, 'r': 0.4, 'type': 1}]
26276,1398693853.8137717,[{'idp': 115, 'x': 1.443, 'y': -7.256, 'r': 0.4, 'type': 1}]
26277,1398693853.853699,[{'idp': 115, 'x': 1.46, 'y': -7.256, 'r': 0.4, 'type': 1}]
26278,1398693853.8537288,[{'idp': 115, 'x': 1.46, 'y': -7.26, 'r': 0.4, 'type': 1}]
26279,1398693853.8936772,[{'idp': 115, 'x': 1.456, 'y': -7.24, 'r': 0.4, 'type': 1}]
26280,1398693853.898501,[{'idp': 115, 'x': 1.426, 'y': -7.257, 'r': 0.4, 'type': 1}]
26281,1398693853.9377327,[{'idp': 115, 'x': 1.399, 'y': -7.283, 'r': 0.4, 'type': 1}]
26282,1398693853.977746,[{'idp': 115, 'x': 1.383, 'y': -7.289, 'r': 0.4, 'type': 1}]
26283,1398693853.9777753,[{'idp': 115, 'x': 1.379, 'y': -7.266, 'r': 0.4, 'type': 1}]
26284,1398693854.017723,[{'idp': 115, 'x': 1.367, 'y': -7.288, 'r': 0.4, 'type': 1}]
26285,1398693854.0229137,[{'idp': 115, 'x': 1.377, 'y': -7.255, 'r': 0.4, 'type': 1}]
26286,1398693854.0616708,[{'idp': 115, 'x': 1.351, 'y': -7.296, 'r': 0.4, 'type': 1}]
26287,1398693854.1016588,[{'idp': 115, 'x': 1.317, 'y': -7.29, 'r': 0.4, 'type': 1}]
26288,1398693854.1016912,[{'idp': 115, 'x': 1.301, 'y': -7.292, 'r': 0.4, 'type': 1}]
26289,1398693854.1417775,[{'idp': 115, 'x': 1.271, 'y': -7.307, 'r': 0.4, 'type': 1}]
26290,1398693854.1480055,[{'idp': 115, 'x': 1.298, 'y': -7.273, 'r': 0.4, 'type': 1}]
26291,1398693854.185736,[{'idp': 115, 'x': 1.298, 'y': -7.275, 'r': 0.4, 'type': 1}]
26292,1398693854.2257051,[{'idp': 115, 'x': 1.295, 'y': -7.256, 'r': 0.4, 'type': 1}]
26293,1398693854.2257333,[{'idp': 115, 'x': 1.278, 'y': -7.255, 'r': 0.4, 'type': 1}]
26294,1398693854.2658474,[{'idp': 115, 'x': 1.234, 'y': -7.284, 'r': 0.4, 'type': 1}]
26295,1398693854.2726405,[{'idp': 115, 'x': 1.212, 'y': -7.246, 'r': 0.4, 'type': 1}]
26296,1398693854.309709,[{'idp': 115, 'x': 1.229, 'y': -7.258, 'r': 0.4, 'type': 1}]
26297,1398693854.3497133,[{'idp': 115, 'x': 1.216, 'y': -7.27, 'r': 0.4, 'type': 1}]
26298,1398693854.3497512,[{'idp': 115, 'x': 1.215, 'y': -7.268, 'r': 0.4, 'type': 1}]
26299,1398693854.3897505,[{'idp': 115, 'x': 1.175, 'y': -7.254, 'r': 0.4, 'type': 1}]
26300,1398693854.3971565,[{'idp': 115, 'x': 1.177, 'y': -7.231, 'r': 0.4, 'type': 1}]
26301,1398693854.4336553,[{'idp': 115, 'x': 1.146, 'y': -7.241, 'r': 0.4, 'type': 1}]
26302,1398693854.4737415,[{'idp': 115, 'x': 1.142, 'y': -7.222, 'r': 0.4, 'type': 1}]
26303,1398693854.4737744,[{'idp': 115, 'x': 1.113, 'y': -7.237, 'r': 0.4, 'type': 1}]
26304,1398693854.5136633,[{'idp': 115, 'x': 1.092, 'y': -7.21, 'r': 0.4, 'type': 1}]
26305,1398693854.5219193,[{'idp': 115, 'x': 1.09, 'y': -7.197, 'r': 0.4, 'type': 1}]
26306,1398693854.5616672,[{'idp': 115, 'x': 1.09, 'y': -7.194, 'r': 0.4, 'type': 1}]
26307,1398693854.6016972,[{'idp': 115, 'x': 1.085, 'y': -7.161, 'r': 0.4, 'type': 1}]
26308,1398693854.6017284,[{'idp': 115, 'x': 1.073, 'y': -7.186, 'r': 0.4, 'type': 1}]
26309,1398693854.6416914,[{'idp': 115, 'x': 1.043, 'y': -7.199, 'r': 0.4, 'type': 1}]
26310,1398693854.6469214,[{'idp': 115, 'x': 1.039, 'y': -7.177, 'r': 0.4, 'type': 1}]
26311,1398693854.685679,[{'idp': 115, 'x': 1.036, 'y': -7.152, 'r': 0.4, 'type': 1}]
26312,1398693854.725709,[{'idp': 115, 'x': 1.005, 'y': -7.162, 'r': 0.4, 'type': 1}]
26313,1398693854.7257376,[{'idp': 115, 'x': 0.988, 'y': -7.153, 'r': 0.4, 'type': 1}]
26314,1398693854.7658293,[{'idp': 115, 'x': 0.972, 'y': -7.151, 'r': 0.4, 'type': 1}]
26315,1398693854.7715533,[{'idp': 115, 'x': 0.971, 'y': -7.145, 'r': 0.4, 'type': 1}]
26316,1398693854.8097513,[{'idp': 115, 'x': 0.954, 'y': -7.136, 'r': 0.4, 'type': 1}]
26317,1398693854.849757,[{'idp': 115, 'x': 0.939, 'y': -7.141, 'r': 0.4, 'type': 1}]
26318,1398693854.849788,[{'idp': 115, 'x': 0.906, 'y': -7.134, 'r': 0.4, 'type': 1}]
26319,1398693854.889716,[{'idp': 115, 'x': 0.903, 'y': -7.105, 'r': 0.4, 'type': 1}, {'idp': 116, 'x': 8.246, 'y': 2.568, 'r': 0.4, 'type': 1}, {'idp': 117, 'x': 8.622, 'y': 0.522, 'r': 0.4, 'type': 1}]
26320,1398693854.8960292,[{'idp': 115, 'x': 0.875, 'y': -7.133, 'r': 0.4, 'type': 1}, {'idp': 116, 'x': 8.197, 'y': 2.584, 'r': 0.4, 'type': 1}, {'idp': 117, 'x': 8.626, 'y': 0.604, 'r': 0.4, 'type': 1}]
26321,1398693854.933692,[{'idp': 115, 'x': 0.87, 'y': -7.097, 'r': 0.4, 'type': 1}, {'idp': 116, 'x': 8.18, 'y': 2.618, 'r': 0.4, 'type': 1}, {'idp': 117, 'x': 8.616, 'y': 0.603, 'r': 0.4, 'type': 1}]
26322,1398693854.9736786,[{'idp': 115, 'x': 0.842, 'y': -7.126, 'r': 0.4, 'type': 1}, {'idp': 116, 'x': 8.198, 'y': 2.624, 'r': 0.4, 'type': 1}, {'idp': 117, 'x': 8.589, 'y': 0.601, 'r': 0.4, 'type': 1}]
26323,1398693854.973709,[{'idp': 115, 'x': 0.837, 'y': -7.084, 'r': 0.4, 'type': 1}, {'idp': 116, 'x': 8.167, 'y': 2.614, 'r': 0.4, 'type': 1}, {'idp': 117, 'x': 8.603, 'y': 0.602, 'r': 0.4, 'type': 1}]
26324,1398693855.0137115,[{'idp': 115, 'x': 0.821, 'y': -7.08, 'r': 0.4, 'type': 1}, {'idp': 116, 'x': 8.153, 'y': 2.59, 'r': 0.4, 'type': 1}, {'idp': 117, 'x': 8.589, 'y': 0.62, 'r': 0.4, 'type': 1}]
26325,1398693855.020406,[{'idp': 115, 'x': 0.791, 'y': -7.094, 'r': 0.4, 'type': 1}, {'idp': 116, 'x': 8.133, 'y': 2.583, 'r': 0.4, 'type': 1}, {'idp': 117, 'x': 8.546, 'y': 0.598, 'r': 0.4, 'type': 1}]
26326,1398693855.0577404,[{'idp': 115, 'x': 0.777, 'y': -7.11, 'r': 0.4, 'type': 1}, {'idp': 116, 'x': 8.127, 'y': 2.582, 'r': 0.4, 'type': 1}, {'idp': 117, 'x': 8.574, 'y': 0.619, 'r': 0.4, 'type': 1}]
26327,1398693855.0976636,[{'idp': 115, 'x': 0.759, 'y': -7.083, 'r': 0.4, 'type': 1}, {'idp': 116, 'x': 8.127, 'y': 2.581, 'r': 0.4, 'type': 1}, {'idp': 117, 'x': 8.524, 'y': 0.597, 'r': 0.4, 'type': 1}]
26328,1398693855.097695,[{'idp': 115, 'x': 0.726, 'y': -7.073, 'r': 0.4, 'type': 1}, {'idp': 116, 'x': 8.105, 'y': 2.575, 'r': 0.4, 'type': 1}, {'idp': 117, 'x': 8.536, 'y': 0.597, 'r': 0.4, 'type': 1}]
26329,1398693855.1376793,[{'idp': 115, 'x': 0.725, 'y': -7.057, 'r': 0.4, 'type': 1}, {'idp': 116, 'x': 8.096, 'y': 2.572, 'r': 0.4, 'type': 1}, {'idp': 117, 'x': 8.509, 'y': 0.596, 'r': 0.4, 'type': 1}]
26330,1398693855.1454105,[{'idp': 115, 'x': 0.708, 'y': -7.043, 'r': 0.4, 'type': 1}, {'idp': 116, 'x': 8.078, 'y': 2.605, 'r': 0.4, 'type': 1}, {'idp': 117, 'x': 8.521, 'y': 0.634, 'r': 0.4, 'type': 1}]
26331,1398693855.1816628,[{'idp': 115, 'x': 0.692, 'y': -7.039, 'r': 0.4, 'type': 1}, {'idp': 116, 'x': 8.063, 'y': 2.619, 'r': 0.4, 'type': 1}, {'idp': 117, 'x': 8.51, 'y': 0.633, 'r': 0.4, 'type': 1}]
26332,1398693855.2217214,[{'idp': 115, 'x': 0.675, 'y': -7.014, 'r': 0.4, 'type': 1}, {'idp': 116, 'x': 8.07, 'y': 2.622, 'r': 0.4, 'type': 1}, {'idp': 117, 'x': 8.48, 'y': 0.612, 'r': 0.4, 'type': 1}]
26333,1398693855.2217495,[{'idp': 115, 'x': 0.663, 'y': -7.0, 'r': 0.4, 'type': 1}, {'idp': 116, 'x': 8.049, 'y': 2.615, 'r': 0.4, 'type': 1}, {'idp': 117, 'x': 8.482, 'y': 0.594, 'r': 0.4, 'type': 1}]
26334,1398693855.2618244,[{'idp': 115, 'x': 0.649, 'y': -6.969, 'r': 0.4, 'type': 1}, {'idp': 116, 'x': 8.047, 'y': 2.614, 'r': 0.4, 'type': 1}, {'idp': 117, 'x': 8.458, 'y': 0.592, 'r': 0.4, 'type': 1}]
26335,1398693855.2705781,[{'idp': 115, 'x': 0.624, 'y': -6.963, 'r': 0.4, 'type': 1}, {'idp': 116, 'x': 8.045, 'y': 2.614, 'r': 0.4, 'type': 1}, {'idp': 117, 'x': 8.482, 'y': 0.612, 'r': 0.4, 'type': 1}]
26336,1398693855.3097045,[{'idp': 115, 'x': 0.618, 'y': -6.959, 'r': 0.4, 'type': 1}, {'idp': 116, 'x': 8.038, 'y': 2.611, 'r': 0.4, 'type': 1}, {'idp': 117, 'x': 8.44, 'y': 0.609, 'r': 0.4, 'type': 1}]
26337,1398693855.3497322,[{'idp': 115, 'x': 0.605, 'y': -6.96, 'r': 0.4, 'type': 1}, {'idp': 116, 'x': 8.018, 'y': 2.624, 'r': 0.4, 'type': 1}, {'idp': 117, 'x': 8.429, 'y': 0.608, 'r': 0.4, 'type': 1}]
26338,1398693855.3497803,[{'idp': 115, 'x': 0.577, 'y': -6.938, 'r': 0.4, 'type': 1}, {'idp': 116, 'x': 7.982, 'y': 2.632, 'r': 0.4, 'type': 1}, {'idp': 117, 'x': 8.418, 'y': 0.626, 'r': 0.4, 'type': 1}]
26339,1398693855.3897388,[{'idp': 115, 'x': 0.549, 'y': -6.917, 'r': 0.4, 'type': 1}, {'idp': 116, 'x': 8.006, 'y': 2.639, 'r': 0.4, 'type': 1}, {'idp': 117, 'x': 8.415, 'y': 0.626, 'r': 0.4, 'type': 1}]
26340,1398693855.3945568,[{'idp': 115, 'x': 0.561, 'y': -6.927, 'r': 0.4, 'type': 1}, {'idp': 116, 'x': 7.942, 'y': 2.638, 'r': 0.4, 'type': 1}, {'idp': 117, 'x': 8.398, 'y': 0.625, 'r': 0.4, 'type': 1}]
26341,1398693855.4336975,[{'idp': 115, 'x': 0.544, 'y': -6.9, 'r': 0.4, 'type': 1}, {'idp': 116, 'x': 7.949, 'y': 2.64, 'r': 0.4, 'type': 1}, {'idp': 117, 'x': 8.405, 'y': 0.625, 'r': 0.4, 'type': 1}]
26342,1398693855.4737804,[{'idp': 115, 'x': 0.528, 'y': -6.892, 'r': 0.4, 'type': 1}, {'idp': 116, 'x': 7.944, 'y': 2.638, 'r': 0.4, 'type': 1}, {'idp': 117, 'x': 8.376, 'y': 0.623, 'r': 0.4, 'type': 1}]
26343,1398693855.4737983,[{'idp': 115, 'x': 0.533, 'y': -6.896, 'r': 0.4, 'type': 1}, {'idp': 116, 'x': 7.944, 'y': 2.638, 'r': 0.4, 'type': 1}, {'idp': 117, 'x': 8.359, 'y': 0.622, 'r': 0.4, 'type': 1}]
26344,1398693855.5136926,[{'idp': 115, 'x': 0.514, 'y': -6.897, 'r': 0.4, 'type': 1}, {'idp': 116, 'x': 7.895, 'y': 2.67, 'r': 0.4, 'type': 1}, {'idp': 117, 'x': 8.331, 'y': 0.638, 'r': 0.4, 'type': 1}]
26345,1398693855.5195353,[{'idp': 115, 'x': 0.497, 'y': -6.877, 'r': 0.4, 'type': 1}, {'idp': 116, 'x': 7.91, 'y': 2.641, 'r': 0.4, 'type': 1}, {'idp': 117, 'x': 8.34, 'y': 0.62, 'r': 0.4, 'type': 1}]
26346,1398693855.5576918,[{'idp': 115, 'x': 0.482, 'y': -6.878, 'r': 0.4, 'type': 1}, {'idp': 116, 'x': 7.878, 'y': 2.663, 'r': 0.4, 'type': 1}, {'idp': 117, 'x': 8.318, 'y': 0.619, 'r': 0.4, 'type': 1}]
26347,1398693855.5976775,[{'idp': 115, 'x': 0.443, 'y': -6.851, 'r': 0.4, 'type': 1}, {'idp': 116, 'x': 7.887, 'y': 2.62, 'r': 0.4, 'type': 1}, {'idp': 117, 'x': 8.34, 'y': 0.62, 'r': 0.4, 'type': 1}]
26348,1398693855.5977082,[{'idp': 115, 'x': 0.436, 'y': -6.869, 'r': 0.4, 'type': 1}, {'idp': 116, 'x': 7.888, 'y': 2.619, 'r': 0.4, 'type': 1}, {'idp': 117, 'x': 8.318, 'y': 0.6, 'r': 0.4, 'type': 1}]
26349,1398693855.6376917,[{'idp': 115, 'x': 0.421, 'y': -6.869, 'r': 0.4, 'type': 1}, {'idp': 116, 'x': 7.868, 'y': 2.632, 'r': 0.4, 'type': 1}, {'idp': 117, 'x': 8.303, 'y': 0.618, 'r': 0.4, 'type': 1}]
26350,1398693855.64416,[{'idp': 115, 'x': 0.427, 'y': -6.864, 'r': 0.4, 'type': 1}, {'idp': 116, 'x': 7.863, 'y': 2.65, 'r': 0.4, 'type': 1}, {'idp': 117, 'x': 8.306, 'y': 0.618, 'r': 0.4, 'type': 1}]
26351,1398693855.6817207,[{'idp': 115, 'x': 0.406, 'y': -6.863, 'r': 0.4, 'type': 1}, {'idp': 116, 'x': 7.837, 'y': 2.641, 'r': 0.4, 'type': 1}, {'idp': 117, 'x': 8.271, 'y': 0.633, 'r': 0.4, 'type': 1}]
26352,1398693855.721707,[{'idp': 115, 'x': 0.398, 'y': -6.865, 'r': 0.4, 'type': 1}, {'idp': 116, 'x': 7.824, 'y': 2.636, 'r': 0.4, 'type': 1}, {'idp': 117, 'x': 8.262, 'y': 0.615, 'r': 0.4, 'type': 1}]
26353,1398693855.7217379,[{'idp': 115, 'x': 0.354, 'y': -6.852, 'r': 0.4, 'type': 1}, {'idp': 116, 'x': 7.813, 'y': 2.633, 'r': 0.4, 'type': 1}, {'idp': 117, 'x': 8.245, 'y': 0.613, 'r': 0.4, 'type': 1}]
26354,1398693855.7616527,[{'idp': 115, 'x': 0.368, 'y': -6.872, 'r': 0.4, 'type': 1}, {'idp': 116, 'x': 7.811, 'y': 2.632, 'r': 0.4, 'type': 1}, {'idp': 117, 'x': 8.224, 'y': 0.594, 'r': 0.4, 'type': 1}]
26355,1398693855.7688415,[{'idp': 115, 'x': 0.324, 'y': -6.86, 'r': 0.4, 'type': 1}, {'idp': 116, 'x': 7.801, 'y': 2.629, 'r': 0.4, 'type': 1}, {'idp': 117, 'x': 8.224, 'y': 0.612, 'r': 0.4, 'type': 1}]
26356,1398693855.8056972,[{'idp': 115, 'x': 0.331, 'y': -6.861, 'r': 0.4, 'type': 1}, {'idp': 116, 'x': 7.792, 'y': 2.639, 'r': 0.4, 'type': 1}, {'idp': 117, 'x': 8.212, 'y': 0.647, 'r': 0.4, 'type': 1}]
26357,1398693855.8456688,[{'idp': 115, 'x': 0.337, 'y': -6.859, 'r': 0.4, 'type': 1}, {'idp': 116, 'x': 7.76, 'y': 2.653, 'r': 0.4, 'type': 1}, {'idp': 117, 'x': 8.205, 'y': 0.646, 'r': 0.4, 'type': 1}]
26358,1398693855.8456962,[{'idp': 115, 'x': 0.3, 'y': -6.852, 'r': 0.4, 'type': 1}, {'idp': 116, 'x': 7.78, 'y': 2.636, 'r': 0.4, 'type': 1}, {'idp': 117, 'x': 8.194, 'y': 0.628, 'r': 0.4, 'type': 1}]
26359,1398693855.8856814,[{'idp': 115, 'x': 0.307, 'y': -6.857, 'r': 0.4, 'type': 1}, {'idp': 116, 'x': 7.756, 'y': 2.628, 'r': 0.4, 'type': 1}, {'idp': 117, 'x': 8.196, 'y': 0.628, 'r': 0.4, 'type': 1}]
26360,1398693855.8930862,[{'idp': 115, 'x': 0.27, 'y': -6.842, 'r': 0.4, 'type': 1}, {'idp': 116, 'x': 7.753, 'y': 2.627, 'r': 0.4, 'type': 1}, {'idp': 117, 'x': 8.188, 'y': 0.627, 'r': 0.4, 'type': 1}]
26361,1398693855.9296732,[{'idp': 115, 'x': 0.277, 'y': -6.856, 'r': 0.4, 'type': 1}, {'idp': 116, 'x': 7.744, 'y': 2.647, 'r': 0.4, 'type': 1}, {'idp': 117, 'x': 8.155, 'y': 0.624, 'r': 0.4, 'type': 1}]
26362,1398693855.969726,[{'idp': 115, 'x': 0.255, 'y': -6.84, 'r': 0.4, 'type': 1}, {'idp': 116, 'x': 7.696, 'y': 2.654, 'r': 0.4, 'type': 1}, {'idp': 117, 'x': 8.14, 'y': 0.641, 'r': 0.4, 'type': 1}]
26363,1398693855.969759,[{'idp': 115, 'x': 0.233, 'y': -6.845, 'r': 0.4, 'type': 1}, {'idp': 116, 'x': 7.71, 'y': 2.636, 'r': 0.4, 'type': 1}, {'idp': 117, 'x': 8.13, 'y': 0.623, 'r': 0.4, 'type': 1}]
26364,1398693856.009688,[{'idp': 115, 'x': 0.225, 'y': -6.858, 'r': 0.4, 'type': 1}, {'idp': 116, 'x': 7.704, 'y': 2.634, 'r': 0.4, 'type': 1}, {'idp': 117, 'x': 8.094, 'y': 0.638, 'r': 0.4, 'type': 1}]
26365,1398693856.018549,[{'idp': 115, 'x': 0.211, 'y': -6.851, 'r': 0.4, 'type': 1}, {'idp': 116, 'x': 7.682, 'y': 2.626, 'r': 0.4, 'type': 1}, {'idp': 117, 'x': 8.118, 'y': 0.64, 'r': 0.4, 'type': 1}]
26366,1398693856.0576735,[{'idp': 115, 'x': 0.21, 'y': -6.846, 'r': 0.4, 'type': 1}, {'idp': 116, 'x': 7.657, 'y': 2.655, 'r': 0.4, 'type': 1}, {'idp': 117, 'x': 8.1, 'y': 0.656, 'r': 0.4, 'type': 1}]
26367,1398693856.0976782,[{'idp': 115, 'x': 0.21, 'y': -6.847, 'r': 0.4, 'type': 1}, {'idp': 116, 'x': 7.652, 'y': 2.653, 'r': 0.4, 'type': 1}, {'idp': 117, 'x': 8.094, 'y': 0.655, 'r': 0.4, 'type': 1}]
26368,1398693856.0977108,[{'idp': 115, 'x': 0.217, 'y': -6.839, 'r': 0.4, 'type': 1}, {'idp': 116, 'x': 7.63, 'y': 2.645, 'r': 0.4, 'type': 1}, {'idp': 117, 'x': 8.093, 'y': 0.655, 'r': 0.4, 'type': 1}]
26369,1398693856.137779,[{'idp': 115, 'x': 0.199, 'y': -6.839, 'r': 0.4, 'type': 1}, {'idp': 116, 'x': 7.63, 'y': 2.646, 'r': 0.4, 'type': 1}, {'idp': 117, 'x': 8.042, 'y': 0.634, 'r': 0.4, 'type': 1}]
26370,1398693856.1430428,[{'idp': 115, 'x': 0.171, 'y': -6.857, 'r': 0.4, 'type': 1}, {'idp': 116, 'x': 7.6, 'y': 2.617, 'r': 0.4, 'type': 1}, {'idp': 117, 'x': 8.054, 'y': 0.635, 'r': 0.4, 'type': 1}]
26371,1398693856.1816494,[{'idp': 115, 'x': 0.171, 'y': -6.857, 'r': 0.4, 'type': 1}, {'idp': 116, 'x': 7.594, 'y': 2.614, 'r': 0.4, 'type': 1}, {'idp': 117, 'x': 8.048, 'y': 0.634, 'r': 0.4, 'type': 1}]
26372,1398693856.2216547,[{'idp': 115, 'x': 0.181, 'y': -6.858, 'r': 0.4, 'type': 1}, {'idp': 116, 'x': 7.592, 'y': 2.632, 'r': 0.4, 'type': 1}, {'idp': 117, 'x': 8.031, 'y': 0.633, 'r': 0.4, 'type': 1}]
26373,1398693856.2216883,[{'idp': 115, 'x': 0.159, 'y': -6.858, 'r': 0.4, 'type': 1}, {'idp': 116, 'x': 7.566, 'y': 2.642, 'r': 0.4, 'type': 1}, {'idp': 117, 'x': 8.007, 'y': 0.666, 'r': 0.4, 'type': 1}]
26374,1398693856.2616894,[{'idp': 115, 'x': 0.16, 'y': -6.867, 'r': 0.4, 'type': 1}, {'idp': 116, 'x': 7.55, 'y': 2.636, 'r': 0.4, 'type': 1}, {'idp': 117, 'x': 8.004, 'y': 0.666, 'r': 0.4, 'type': 1}]
26375,1398693856.2683017,[{'idp': 115, 'x': 0.162, 'y': -6.869, 'r': 0.4, 'type': 1}, {'idp': 116, 'x': 7.524, 'y': 2.627, 'r': 0.4, 'type': 1}, {'idp': 117, 'x': 7.984, 'y': 0.664, 'r': 0.4, 'type': 1}]
26376,1398693856.3056724,[{'idp': 115, 'x': 0.156, 'y': -6.87, 'r': 0.4, 'type': 1}, {'idp': 116, 'x': 7.51, 'y': 2.64, 'r': 0.4, 'type': 1}, {'idp': 117, 'x': 7.989, 'y': 0.647, 'r': 0.4, 'type': 1}]
26377,1398693856.345666,[{'idp': 115, 'x': 0.157, 'y': -6.898, 'r': 0.4, 'type': 1}, {'idp': 116, 'x': 7.519, 'y': 2.625, 'r': 0.4, 'type': 1}, {'idp': 117, 'x': 7.954, 'y': 0.644, 'r': 0.4, 'type': 1}]
26378,1398693856.3457024,[{'idp': 115, 'x': 0.151, 'y': -6.903, 'r': 0.4, 'type': 1}, {'idp': 116, 'x': 7.493, 'y': 2.635, 'r': 0.4, 'type': 1}, {'idp': 117, 'x': 7.92, 'y': 0.624, 'r': 0.4, 'type': 1}]
26379,1398693856.3857281,[{'idp': 115, 'x': 0.157, 'y': -6.891, 'r': 0.4, 'type': 1}, {'idp': 116, 'x': 7.484, 'y': 2.632, 'r': 0.4, 'type': 1}, {'idp': 117, 'x': 7.932, 'y': 0.642, 'r': 0.4, 'type': 1}]
26380,1398693856.3921485,[{'idp': 115, 'x': 0.158, 'y': -6.923, 'r': 0.4, 'type': 1}, {'idp': 116, 'x': 7.451, 'y': 2.638, 'r': 0.4, 'type': 1}, {'idp': 117, 'x': 7.926, 'y': 0.659, 'r': 0.4, 'type': 1}]
26381,1398693856.429647,[{'idp': 115, 'x': 0.181, 'y': -6.927, 'r': 0.4, 'type': 1}, {'idp': 116, 'x': 7.479, 'y': 2.648, 'r': 0.4, 'type': 1}, {'idp': 117, 'x': 7.921, 'y': 0.659, 'r': 0.4, 'type': 1}]
26382,1398693856.4696875,[{'idp': 115, 'x': 0.166, 'y': -6.925, 'r': 0.4, 'type': 1}, {'idp': 116, 'x': 7.484, 'y': 2.631, 'r': 0.4, 'type': 1}, {'idp': 117, 'x': 7.913, 'y': 0.658, 'r': 0.4, 'type': 1}]
26383,1398693856.4697242,[{'idp': 115, 'x': 0.136, 'y': -6.951, 'r': 0.4, 'type': 1}, {'idp': 116, 'x': 7.472, 'y': 2.609, 'r': 0.4, 'type': 1}, {'idp': 117, 'x': 7.919, 'y': 0.659, 'r': 0.4, 'type': 1}]
26384,1398693856.5096793,[{'idp': 115, 'x': 0.136, 'y': -6.945, 'r': 0.4, 'type': 1}, {'idp': 116, 'x': 7.435, 'y': 2.596, 'r': 0.4, 'type': 1}, {'idp': 117, 'x': 7.898, 'y': 0.657, 'r': 0.4, 'type': 1}]
26385,1398693856.5166094,[{'idp': 115, 'x': 0.121, 'y': -6.941, 'r': 0.4, 'type': 1}, {'idp': 116, 'x': 7.418, 'y': 2.627, 'r': 0.4, 'type': 1}, {'idp': 117, 'x': 7.89, 'y': 0.656, 'r': 0.4, 'type': 1}]
26386,1398693856.5538082,[{'idp': 115, 'x': 0.106, 'y': -6.96, 'r': 0.4, 'type': 1}, {'idp': 116, 'x': 7.4, 'y': 2.62, 'r': 0.4, 'type': 1}, {'idp': 117, 'x': 7.876, 'y': 0.655, 'r': 0.4, 'type': 1}]
26387,1398693856.593684,[{'idp': 115, 'x': 0.106, 'y': -6.947, 'r': 0.4, 'type': 1}, {'idp': 116, 'x': 7.398, 'y': 2.619, 'r': 0.4, 'type': 1}, {'idp': 117, 'x': 7.851, 'y': 0.653, 'r': 0.4, 'type': 1}]
26388,1398693856.5937054,[{'idp': 115, 'x': 0.091, 'y': -6.962, 'r': 0.4, 'type': 1}, {'idp': 116, 'x': 7.387, 'y': 2.652, 'r': 0.4, 'type': 1}, {'idp': 117, 'x': 7.831, 'y': 0.634, 'r': 0.4, 'type': 1}]
26389,1398693856.6338007,[{'idp': 115, 'x': 0.076, 'y': -6.947, 'r': 0.4, 'type': 1}, {'idp': 116, 'x': 7.371, 'y': 2.646, 'r': 0.4, 'type': 1}, {'idp': 117, 'x': 7.788, 'y': 0.682, 'r': 0.4, 'type': 1}]
26390,1398693856.6417134,[{'idp': 115, 'x': 0.076, 'y': -6.942, 'r': 0.4, 'type': 1}, {'idp': 116, 'x': 7.358, 'y': 2.623, 'r': 0.4, 'type': 1}, {'idp': 117, 'x': 7.765, 'y': 0.68, 'r': 0.4, 'type': 1}]
26391,1398693856.681657,[{'idp': 115, 'x': 0.076, 'y': -6.964, 'r': 0.4, 'type': 1}, {'idp': 116, 'x': 7.335, 'y': 2.633, 'r': 0.4, 'type': 1}, {'idp': 117, 'x': 7.764, 'y': 0.68, 'r': 0.4, 'type': 1}]
26392,1398693856.7216797,[{'idp': 115, 'x': 0.045, 'y': -6.964, 'r': 0.4, 'type': 1}, {'idp': 116, 'x': 7.343, 'y': 2.654, 'r': 0.4, 'type': 1}, {'idp': 117, 'x': 7.754, 'y': 0.645, 'r': 0.4, 'type': 1}]
26393,1398693856.7217176,[{'idp': 115, 'x': 0.045, 'y': -6.929, 'r': 0.4, 'type': 1}, {'idp': 116, 'x': 7.326, 'y': 2.612, 'r': 0.4, 'type': 1}, {'idp': 117, 'x': 7.78, 'y': 0.647, 'r': 0.4, 'type': 1}]
26394,1398693856.7617295,[{'idp': 115, 'x': 0.03, 'y': -6.959, 'r': 0.4, 'type': 1}, {'idp': 116, 'x': 7.369, 'y': 2.609, 'r': 0.4, 'type': 1}, {'idp': 117, 'x': 7.786, 'y': 0.647, 'r': 0.4, 'type': 1}]
26395,1398693856.7662976,[{'idp': 115, 'x': 0.031, 'y': -6.975, 'r': 0.4, 'type': 1}, {'idp': 116, 'x': 7.35, 'y': 2.639, 'r': 0.4, 'type': 1}, {'idp': 117, 'x': 7.778, 'y': 0.647, 'r': 0.4, 'type': 1}]
26396,1398693856.8057482,[{'idp': 115, 'x': 0.015, 'y': -6.963, 'r': 0.4, 'type': 1}, {'idp': 116, 'x': 7.342, 'y': 2.617, 'r': 0.4, 'type': 1}, {'idp': 117, 'x': 7.759, 'y': 0.645, 'r': 0.4, 'type': 1}]
26397,1398693856.8456993,[{'idp': 115, 'x': 0.015, 'y': -6.963, 'r': 0.4, 'type': 1}, {'idp': 116, 'x': 7.304, 'y': 2.622, 'r': 0.4, 'type': 1}, {'idp': 117, 'x': 7.742, 'y': 0.644, 'r': 0.4, 'type': 1}]
26398,1398693856.8457327,[{'idp': 115, 'x': 0.015, 'y': -6.977, 'r': 0.4, 'type': 1}, {'idp': 116, 'x': 7.306, 'y': 2.622, 'r': 0.4, 'type': 1}, {'idp': 117, 'x': 7.74, 'y': 0.644, 'r': 0.4, 'type': 1}]
26399,1398693856.8857183,[{'idp': 115, 'x': -0.0, 'y': -6.976, 'r': 0.4, 'type': 1}, {'idp': 116, 'x': 7.311, 'y': 2.62, 'r': 0.4, 'type': 1}, {'idp': 117, 'x': 7.739, 'y': 0.644, 'r': 0.4, 'type': 1}]
26400,1398693856.891296,[{'idp': 115, 'x': -0.0, 'y': -6.995, 'r': 0.4, 'type': 1}, {'idp': 116, 'x': 7.262, 'y': 2.625, 'r': 0.4, 'type': 1}, {'idp': 117, 'x': 7.701, 'y': 0.658, 'r': 0.4, 'type': 1}]
26401,1398693856.9297187,[{'idp': 115, 'x': -0.0, 'y': -6.99, 'r': 0.4, 'type': 1}, {'idp': 116, 'x': 7.29, 'y': 2.635, 'r': 0.4, 'type': 1}, {'idp': 117, 'x': 7.717, 'y': 0.642, 'r': 0.4, 'type': 1}]
26402,1398693856.969686,[{'idp': 115, 'x': -0.0, 'y': -6.99, 'r': 0.4, 'type': 1}, {'idp': 116, 'x': 7.261, 'y': 2.625, 'r': 0.4, 'type': 1}, {'idp': 117, 'x': 7.721, 'y': 0.642, 'r': 0.4, 'type': 1}]
26403,1398693856.9697146,[{'idp': 115, 'x': -0.0, 'y': -6.99, 'r': 0.4, 'type': 1}, {'idp': 116, 'x': 7.25, 'y': 2.621, 'r': 0.4, 'type': 1}, {'idp': 117, 'x': 7.668, 'y': 0.638, 'r': 0.4, 'type': 1}]
26404,1398693857.0097706,[{'idp': 115, 'x': -0.0, 'y': -6.99, 'r': 0.4, 'type': 1}, {'idp': 116, 'x': 7.243, 'y': 2.618, 'r': 0.4, 'type': 1}, {'idp': 117, 'x': 7.655, 'y': 0.637, 'r': 0.4, 'type': 1}]
26405,1398693857.0156937,[{'idp': 115, 'x': -0.0, 'y': -6.99, 'r': 0.4, 'type': 1}, {'idp': 116, 'x': 7.214, 'y': 2.626, 'r': 0.4, 'type': 1}, {'idp': 117, 'x': 7.654, 'y': 0.67, 'r': 0.4, 'type': 1}]
26406,1398693857.053745,[{'idp': 115, 'x': -0.0, 'y': -6.99, 'r': 0.4, 'type': 1}, {'idp': 116, 'x': 7.181, 'y': 2.631, 'r': 0.4, 'type': 1}, {'idp': 117, 'x': 7.649, 'y': 0.67, 'r': 0.4, 'type': 1}]
26407,1398693857.0937083,[{'idp': 115, 'x': -0.0, 'y': -6.99, 'r': 0.4, 'type': 1}, {'idp': 116, 'x': 7.167, 'y': 2.626, 'r': 0.4, 'type': 1}, {'idp': 117, 'x': 7.61, 'y': 0.666, 'r': 0.4, 'type': 1}]
26408,1398693857.0937421,[{'idp': 116, 'x': 7.153, 'y': 2.621, 'r': 0.4, 'type': 1}, {'idp': 117, 'x': 7.602, 'y': 0.649, 'r': 0.4, 'type': 1}]
26409,1398693857.1336837,[{'idp': 116, 'x': 7.162, 'y': 2.606, 'r': 0.4, 'type': 1}, {'idp': 117, 'x': 7.595, 'y': 0.631, 'r': 0.4, 'type': 1}]
26410,1398693857.140387,[{'idp': 116, 'x': 7.131, 'y': 2.613, 'r': 0.4, 'type': 1}, {'idp': 117, 'x': 7.576, 'y': 0.647, 'r': 0.4, 'type': 1}]
26411,1398693857.1777236,[{'idp': 116, 'x': 7.141, 'y': 2.617, 'r': 0.4, 'type': 1}, {'idp': 117, 'x': 7.573, 'y': 0.663, 'r': 0.4, 'type': 1}]
26412,1398693857.217709,[{'idp': 116, 'x': 7.113, 'y': 2.606, 'r': 0.4, 'type': 1}, {'idp': 117, 'x': 7.562, 'y': 0.645, 'r': 0.4, 'type': 1}]
26413,1398693857.2177384,[{'idp': 116, 'x': 7.13, 'y': 2.613, 'r': 0.4, 'type': 1}, {'idp': 117, 'x': 7.549, 'y': 0.644, 'r': 0.4, 'type': 1}]
26414,1398693857.2577,[{'idp': 116, 'x': 7.103, 'y': 2.603, 'r': 0.4, 'type': 1}, {'idp': 117, 'x': 7.532, 'y': 0.643, 'r': 0.4, 'type': 1}]
26415,1398693857.2651796,[{'idp': 116, 'x': 7.084, 'y': 2.613, 'r': 0.4, 'type': 1}, {'idp': 117, 'x': 7.522, 'y': 0.626, 'r': 0.4, 'type': 1}]
26416,1398693857.3016636,[{'idp': 116, 'x': 7.067, 'y': 2.607, 'r': 0.4, 'type': 1}, {'idp': 117, 'x': 7.503, 'y': 0.624, 'r': 0.4, 'type': 1}]
26417,1398693857.3417187,[{'idp': 116, 'x': 7.054, 'y': 2.602, 'r': 0.4, 'type': 1}, {'idp': 117, 'x': 7.5, 'y': 0.624, 'r': 0.4, 'type': 1}]
26418,1398693857.3417509,[{'idp': 116, 'x': 7.056, 'y': 2.586, 'r': 0.4, 'type': 1}, {'idp': 117, 'x': 7.502, 'y': 0.624, 'r': 0.4, 'type': 1}]
26419,1398693857.3817055,[{'idp': 116, 'x': 7.071, 'y': 2.605, 'r': 0.4, 'type': 1}, {'idp': 117, 'x': 7.506, 'y': 0.641, 'r': 0.4, 'type': 1}]
26420,1398693857.38966,[{'idp': 116, 'x': 7.02, 'y': 2.59, 'r': 0.4, 'type': 1}, {'idp': 117, 'x': 7.489, 'y': 0.639, 'r': 0.4, 'type': 1}]
26421,1398693857.4296563,[{'idp': 116, 'x': 7.019, 'y': 2.606, 'r': 0.4, 'type': 1}, {'idp': 117, 'x': 7.454, 'y': 0.653, 'r': 0.4, 'type': 1}]
26422,1398693857.4697607,[{'idp': 116, 'x': 6.993, 'y': 2.631, 'r': 0.4, 'type': 1}, {'idp': 117, 'x': 7.441, 'y': 0.668, 'r': 0.4, 'type': 1}]
26423,1398693857.4697917,[{'idp': 116, 'x': 7.003, 'y': 2.618, 'r': 0.4, 'type': 1}, {'idp': 117, 'x': 7.455, 'y': 0.669, 'r': 0.4, 'type': 1}]
26424,1398693857.5097067,[{'idp': 116, 'x': 7.004, 'y': 2.594, 'r': 0.4, 'type': 1}, {'idp': 117, 'x': 7.445, 'y': 0.636, 'r': 0.4, 'type': 1}]
26425,1398693857.5144517,[{'idp': 116, 'x': 6.983, 'y': 2.628, 'r': 0.4, 'type': 1}, {'idp': 117, 'x': 7.423, 'y': 0.634, 'r': 0.4, 'type': 1}]
26426,1398693857.553673,[{'idp': 116, 'x': 6.972, 'y': 2.603, 'r': 0.4, 'type': 1}, {'idp': 117, 'x': 7.433, 'y': 0.635, 'r': 0.4, 'type': 1}]
26427,1398693857.5936983,[{'idp': 116, 'x': 6.935, 'y': 2.662, 'r': 0.4, 'type': 1}, {'idp': 117, 'x': 7.4, 'y': 0.664, 'r': 0.4, 'type': 1}]
26428,1398693857.5937297,[{'idp': 116, 'x': 6.934, 'y': 2.679, 'r': 0.4, 'type': 1}, {'idp': 117, 'x': 7.382, 'y': 0.695, 'r': 0.4, 'type': 1}]
26429,1398693857.6336746,[{'idp': 116, 'x': 6.902, 'y': 2.687, 'r': 0.4, 'type': 1}, {'idp': 117, 'x': 7.375, 'y': 0.662, 'r': 0.4, 'type': 1}]
26430,1398693857.639632,[{'idp': 116, 'x': 6.962, 'y': 2.627, 'r': 0.4, 'type': 1}, {'idp': 117, 'x': 7.385, 'y': 0.663, 'r': 0.4, 'type': 1}]
26431,1398693857.6777003,[{'idp': 116, 'x': 6.916, 'y': 2.655, 'r': 0.4, 'type': 1}, {'idp': 117, 'x': 7.369, 'y': 0.662, 'r': 0.4, 'type': 1}]
26432,1398693857.7177644,[{'idp': 116, 'x': 6.901, 'y': 2.611, 'r': 0.4, 'type': 1}, {'idp': 117, 'x': 7.34, 'y': 0.659, 'r': 0.4, 'type': 1}]
26433,1398693857.7177966,[{'idp': 116, 'x': 6.899, 'y': 2.603, 'r': 0.4, 'type': 1}, {'idp': 117, 'x': 7.323, 'y': 0.658, 'r': 0.4, 'type': 1}]
26434,1398693857.7576854,[{'idp': 116, 'x': 6.888, 'y': 2.6, 'r': 0.4, 'type': 1}, {'idp': 117, 'x': 7.302, 'y': 0.672, 'r': 0.4, 'type': 1}]
26435,1398693857.7641573,[{'idp': 116, 'x': 6.883, 'y': 2.632, 'r': 0.4, 'type': 1}, {'idp': 117, 'x': 7.302, 'y': 0.688, 'r': 0.4, 'type': 1}]
26436,1398693857.8017008,[{'idp': 116, 'x': 6.859, 'y': 2.624, 'r': 0.4, 'type': 1}, {'idp': 117, 'x': 7.287, 'y': 0.702, 'r': 0.4, 'type': 1}]
26437,1398693857.8416252,[{'idp': 116, 'x': 6.855, 'y': 2.662, 'r': 0.4, 'type': 1}, {'idp': 117, 'x': 7.231, 'y': 0.697, 'r': 0.4, 'type': 1}]
26438,1398693857.8416498,[{'idp': 116, 'x': 6.85, 'y': 2.639, 'r': 0.4, 'type': 1}, {'idp': 117, 'x': 7.233, 'y': 0.697, 'r': 0.4, 'type': 1}]
26439,1398693857.8817127,[{'idp': 116, 'x': 6.807, 'y': 2.664, 'r': 0.4, 'type': 1}, {'idp': 117, 'x': 7.197, 'y': 0.693, 'r': 0.4, 'type': 1}]
26440,1398693857.8886955,[{'idp': 116, 'x': 6.837, 'y': 2.635, 'r': 0.4, 'type': 1}, {'idp': 117, 'x': 7.176, 'y': 0.707, 'r': 0.4, 'type': 1}]
26441,1398693857.9256666,[{'idp': 116, 'x': 6.805, 'y': 2.623, 'r': 0.4, 'type': 1}, {'idp': 117, 'x': 7.129, 'y': 0.687, 'r': 0.4, 'type': 1}]
26442,1398693857.965689,[{'idp': 116, 'x': 6.78, 'y': 2.661, 'r': 0.4, 'type': 1}, {'idp': 117, 'x': 7.062, 'y': 0.696, 'r': 0.4, 'type': 1}]
26443,1398693857.965721,[{'idp': 116, 'x': 6.752, 'y': 2.663, 'r': 0.4, 'type': 1}, {'idp': 117, 'x': 7.029, 'y': 0.708, 'r': 0.4, 'type': 1}]
26444,1398693858.0057032,[{'idp': 116, 'x': 6.754, 'y': 2.66, 'r': 0.4, 'type': 1}, {'idp': 117, 'x': 7.022, 'y': 0.723, 'r': 0.4, 'type': 1}]
26445,1398693858.0133321,[{'idp': 116, 'x': 6.743, 'y': 2.673, 'r': 0.4, 'type': 1}, {'idp': 117, 'x': 7.062, 'y': 0.742, 'r': 0.4, 'type': 1}]
26446,1398693858.0497248,[{'idp': 116, 'x': 6.737, 'y': 2.65, 'r': 0.4, 'type': 1}, {'idp': 117, 'x': 7.034, 'y': 0.754, 'r': 0.4, 'type': 1}]
26447,1398693858.0897074,[{'idp': 116, 'x': 6.738, 'y': 2.65, 'r': 0.4, 'type': 1}, {'idp': 117, 'x': 7.066, 'y': 0.757, 'r': 0.4, 'type': 1}]
26448,1398693858.0897372,[{'idp': 116, 'x': 6.712, 'y': 2.66, 'r': 0.4, 'type': 1}, {'idp': 117, 'x': 7.058, 'y': 0.756, 'r': 0.4, 'type': 1}]
26449,1398693858.1296132,[{'idp': 116, 'x': 6.724, 'y': 2.611, 'r': 0.4, 'type': 1}, {'idp': 117, 'x': 7.055, 'y': 0.756, 'r': 0.4, 'type': 1}]
26450,1398693858.1380014,[{'idp': 116, 'x': 6.688, 'y': 2.651, 'r': 0.4, 'type': 1}, {'idp': 117, 'x': 7.027, 'y': 0.784, 'r': 0.4, 'type': 1}]
26451,1398693858.177775,[{'idp': 116, 'x': 6.678, 'y': 2.66, 'r': 0.4, 'type': 1}, {'idp': 117, 'x': 7.031, 'y': 0.784, 'r': 0.4, 'type': 1}]
26452,1398693858.217718,[{'idp': 116, 'x': 6.698, 'y': 2.668, 'r': 0.4, 'type': 1}, {'idp': 117, 'x': 6.989, 'y': 0.795, 'r': 0.4, 'type': 1}]
26453,1398693858.217745,[{'idp': 116, 'x': 6.658, 'y': 2.673, 'r': 0.4, 'type': 1}, {'idp': 117, 'x': 6.974, 'y': 0.793, 'r': 0.4, 'type': 1}]
26454,1398693858.257736,[{'idp': 116, 'x': 6.634, 'y': 2.683, 'r': 0.4, 'type': 1}, {'idp': 117, 'x': 6.984, 'y': 0.794, 'r': 0.4, 'type': 1}]
26455,1398693858.2625458,[{'idp': 116, 'x': 6.626, 'y': 2.68, 'r': 0.4, 'type': 1}, {'idp': 117, 'x': 6.95, 'y': 0.806, 'r': 0.4, 'type': 1}]
26456,1398693858.3016963,[{'idp': 116, 'x': 6.611, 'y': 2.708, 'r': 0.4, 'type': 1}, {'idp': 117, 'x': 6.928, 'y': 0.818, 'r': 0.4, 'type': 1}]
26457,1398693858.3416975,[{'idp': 116, 'x': 6.597, 'y': 2.702, 'r': 0.4, 'type': 1}, {'idp': 117, 'x': 6.91, 'y': 0.832, 'r': 0.4, 'type': 1}]
26458,1398693858.341714,[{'idp': 116, 'x': 6.601, 'y': 2.657, 'r': 0.4, 'type': 1}, {'idp': 117, 'x': 6.893, 'y': 0.829, 'r': 0.4, 'type': 1}]
26459,1398693858.3817747,[{'idp': 116, 'x': 6.57, 'y': 2.688, 'r': 0.4, 'type': 1}, {'idp': 117, 'x': 6.876, 'y': 0.812, 'r': 0.4, 'type': 1}]
26460,1398693858.3872128,[{'idp': 116, 'x': 6.58, 'y': 2.692, 'r': 0.4, 'type': 1}, {'idp': 117, 'x': 6.86, 'y': 0.811, 'r': 0.4, 'type': 1}]
26461,1398693858.425728,[{'idp': 116, 'x': 6.549, 'y': 2.701, 'r': 0.4, 'type': 1}, {'idp': 117, 'x': 6.863, 'y': 0.826, 'r': 0.4, 'type': 1}]
26462,1398693858.4657314,[{'idp': 116, 'x': 6.532, 'y': 2.709, 'r': 0.4, 'type': 1}, {'idp': 117, 'x': 6.835, 'y': 0.838, 'r': 0.4, 'type': 1}]
26463,1398693858.4657738,[{'idp': 116, 'x': 6.537, 'y': 2.711, 'r': 0.4, 'type': 1}, {'idp': 117, 'x': 6.838, 'y': 0.838, 'r': 0.4, 'type': 1}]
26464,1398693858.5057027,[{'idp': 116, 'x': 6.516, 'y': 2.703, 'r': 0.4, 'type': 1}, {'idp': 117, 'x': 6.822, 'y': 0.836, 'r': 0.4, 'type': 1}]
26465,1398693858.5118508,[{'idp': 116, 'x': 6.492, 'y': 2.692, 'r': 0.4, 'type': 1}, {'idp': 117, 'x': 6.803, 'y': 0.834, 'r': 0.4, 'type': 1}]
26466,1398693858.549613,[{'idp': 116, 'x': 6.498, 'y': 2.691, 'r': 0.4, 'type': 1}, {'idp': 117, 'x': 6.798, 'y': 0.833, 'r': 0.4, 'type': 1}]
26467,1398693858.5897205,[{'idp': 116, 'x': 6.502, 'y': 2.693, 'r': 0.4, 'type': 1}, {'idp': 117, 'x': 6.77, 'y': 0.83, 'r': 0.4, 'type': 1}]
26468,1398693858.5897386,[{'idp': 116, 'x': 6.467, 'y': 2.715, 'r': 0.4, 'type': 1}, {'idp': 117, 'x': 6.715, 'y': 0.838, 'r': 0.4, 'type': 1}]
26469,1398693858.6297033,[{'idp': 116, 'x': 6.442, 'y': 2.701, 'r': 0.4, 'type': 1}, {'idp': 117, 'x': 6.628, 'y': 0.857, 'r': 0.4, 'type': 1}]
26470,1398693858.6367154,[{'idp': 116, 'x': 6.456, 'y': 2.703, 'r': 0.4, 'type': 1}, {'idp': 117, 'x': 6.548, 'y': 0.862, 'r': 0.4, 'type': 1}]
26471,1398693858.6737378,[{'idp': 116, 'x': 6.44, 'y': 2.697, 'r': 0.4, 'type': 1}, {'idp': 117, 'x': 6.538, 'y': 0.846, 'r': 0.4, 'type': 1}]
26472,1398693858.7136817,[{'idp': 116, 'x': 6.415, 'y': 2.706, 'r': 0.4, 'type': 1}, {'idp': 117, 'x': 6.569, 'y': 0.851, 'r': 0.4, 'type': 1}]
26473,1398693858.713714,[{'idp': 116, 'x': 6.405, 'y': 2.702, 'r': 0.4, 'type': 1}, {'idp': 117, 'x': 6.578, 'y': 0.867, 'r': 0.4, 'type': 1}]
26474,1398693858.753734,[{'idp': 116, 'x': 6.426, 'y': 2.678, 'r': 0.4, 'type': 1}, {'idp': 117, 'x': 6.608, 'y': 0.871, 'r': 0.4, 'type': 1}]
26475,1398693858.7615461,[{'idp': 116, 'x': 6.375, 'y': 2.673, 'r': 0.4, 'type': 1}, {'idp': 117, 'x': 6.591, 'y': 0.854, 'r': 0.4, 'type': 1}]
26476,1398693858.7977057,[{'idp': 116, 'x': 6.391, 'y': 2.658, 'r': 0.4, 'type': 1}, {'idp': 117, 'x': 6.575, 'y': 0.881, 'r': 0.4, 'type': 1}]
26477,1398693858.8376572,[{'idp': 116, 'x': 6.355, 'y': 2.7, 'r': 0.4, 'type': 1}, {'idp': 117, 'x': 6.57, 'y': 0.895, 'r': 0.4, 'type': 1}]
26478,1398693858.837673,[{'idp': 116, 'x': 6.329, 'y': 2.722, 'r': 0.4, 'type': 1}, {'idp': 117, 'x': 6.552, 'y': 0.937, 'r': 0.4, 'type': 1}]
26479,1398693858.8777573,[{'idp': 116, 'x': 6.334, 'y': 2.705, 'r': 0.4, 'type': 1}, {'idp': 117, 'x': 6.516, 'y': 0.917, 'r': 0.4, 'type': 1}]
26480,1398693858.8865325,[{'idp': 116, 'x': 6.331, 'y': 2.703, 'r': 0.4, 'type': 1}, {'idp': 117, 'x': 6.508, 'y': 0.945, 'r': 0.4, 'type': 1}]
26481,1398693858.9257278,[{'idp': 116, 'x': 6.303, 'y': 2.711, 'r': 0.4, 'type': 1}, {'idp': 117, 'x': 6.477, 'y': 0.955, 'r': 0.4, 'type': 1}]
26482,1398693858.9656549,[{'idp': 116, 'x': 6.299, 'y': 2.706, 'r': 0.4, 'type': 1}, {'idp': 117, 'x': 6.448, 'y': 0.965, 'r': 0.4, 'type': 1}]
26483,1398693858.9656842,[{'idp': 116, 'x': 6.294, 'y': 2.707, 'r': 0.4, 'type': 1}, {'idp': 117, 'x': 6.432, 'y': 0.962, 'r': 0.4, 'type': 1}]
26484,1398693859.0056915,[{'idp': 116, 'x': 6.289, 'y': 2.685, 'r': 0.4, 'type': 1}, {'idp': 117, 'x': 6.392, 'y': 0.97, 'r': 0.4, 'type': 1}]
26485,1398693859.010735,[{'idp': 116, 'x': 6.28, 'y': 2.682, 'r': 0.4, 'type': 1}, {'idp': 117, 'x': 6.378, 'y': 0.976, 'r': 0.4, 'type': 1}]
26486,1398693859.0497847,[{'idp': 116, 'x': 6.275, 'y': 2.679, 'r': 0.4, 'type': 1}, {'idp': 117, 'x': 6.337, 'y': 0.986, 'r': 0.4, 'type': 1}]
26487,1398693859.089736,[{'idp': 116, 'x': 6.252, 'y': 2.702, 'r': 0.4, 'type': 1}, {'idp': 117, 'x': 6.323, 'y': 0.987, 'r': 0.4, 'type': 1}]
26488,1398693859.0897708,[{'idp': 116, 'x': 6.215, 'y': 2.699, 'r': 0.4, 'type': 1}, {'idp': 117, 'x': 6.281, 'y': 0.987, 'r': 0.4, 'type': 1}]
26489,1398693859.12972,[{'idp': 116, 'x': 6.209, 'y': 2.735, 'r': 0.4, 'type': 1}, {'idp': 117, 'x': 6.253, 'y': 1.018, 'r': 0.4, 'type': 1}]
26490,1398693859.1358306,[{'idp': 116, 'x': 6.18, 'y': 2.729, 'r': 0.4, 'type': 1}, {'idp': 117, 'x': 6.224, 'y': 1.035, 'r': 0.4, 'type': 1}]
26491,1398693859.1737096,[{'idp': 116, 'x': 6.198, 'y': 2.679, 'r': 0.4, 'type': 1}, {'idp': 117, 'x': 6.212, 'y': 0.996, 'r': 0.4, 'type': 1}]
26492,1398693859.213709,[{'idp': 116, 'x': 6.209, 'y': 2.688, 'r': 0.4, 'type': 1}, {'idp': 117, 'x': 6.161, 'y': 1.001, 'r': 0.4, 'type': 1}]
26493,1398693859.213737,[{'idp': 116, 'x': 6.193, 'y': 2.693, 'r': 0.4, 'type': 1}, {'idp': 117, 'x': 6.141, 'y': 1.04, 'r': 0.4, 'type': 1}]
26494,1398693859.253767,[{'idp': 116, 'x': 6.174, 'y': 2.7, 'r': 0.4, 'type': 1}, {'idp': 117, 'x': 6.133, 'y': 1.037, 'r': 0.4, 'type': 1}]
26495,1398693859.2606263,[{'idp': 116, 'x': 6.158, 'y': 2.71, 'r': 0.4, 'type': 1}, {'idp': 117, 'x': 6.079, 'y': 1.057, 'r': 0.4, 'type': 1}]
26496,1398693859.2976618,[{'idp': 116, 'x': 6.159, 'y': 2.693, 'r': 0.4, 'type': 1}, {'idp': 117, 'x': 6.074, 'y': 1.056, 'r': 0.4, 'type': 1}]
26497,1398693859.337864,[{'idp': 116, 'x': 6.145, 'y': 2.707, 'r': 0.4, 'type': 1}, {'idp': 117, 'x': 6.069, 'y': 1.054, 'r': 0.4, 'type': 1}]
26498,1398693859.3378918,[{'idp': 116, 'x': 6.13, 'y': 2.701, 'r': 0.4, 'type': 1}, {'idp': 117, 'x': 6.073, 'y': 1.039, 'r': 0.4, 'type': 1}]
26499,1398693859.3777053,[{'idp': 116, 'x': 6.13, 'y': 2.693, 'r': 0.4, 'type': 1}, {'idp': 117, 'x': 6.033, 'y': 1.048, 'r': 0.4, 'type': 1}]
26500,1398693859.385713,[{'idp': 116, 'x': 6.114, 'y': 2.69, 'r': 0.4, 'type': 1}, {'idp': 117, 'x': 6.036, 'y': 1.034, 'r': 0.4, 'type': 1}]
26501,1398693859.4256804,[{'idp': 116, 'x': 6.097, 'y': 2.683, 'r': 0.4, 'type': 1}, {'idp': 117, 'x': 6.034, 'y': 1.02, 'r': 0.4, 'type': 1}]
26502,1398693859.4657085,[{'idp': 116, 'x': 6.058, 'y': 2.697, 'r': 0.4, 'type': 1}, {'idp': 117, 'x': 5.987, 'y': 1.052, 'r': 0.4, 'type': 1}]
26503,1398693859.4659228,[{'idp': 116, 'x': 6.043, 'y': 2.706, 'r': 0.4, 'type': 1}, {'idp': 117, 'x': 6.003, 'y': 1.041, 'r': 0.4, 'type': 1}]
26504,1398693859.5056782,[{'idp': 116, 'x': 6.024, 'y': 2.697, 'r': 0.4, 'type': 1}, {'idp': 117, 'x': 5.963, 'y': 1.06, 'r': 0.4, 'type': 1}]
26505,1398693859.5103045,[{'idp': 116, 'x': 6.026, 'y': 2.698, 'r': 0.4, 'type': 1}, {'idp': 117, 'x': 5.946, 'y': 1.071, 'r': 0.4, 'type': 1}]
26506,1398693859.549668,[{'idp': 116, 'x': 6.012, 'y': 2.708, 'r': 0.4, 'type': 1}, {'idp': 117, 'x': 5.954, 'y': 1.046, 'r': 0.4, 'type': 1}]
26507,1398693859.5897064,[{'idp': 116, 'x': 6.013, 'y': 2.692, 'r': 0.4, 'type': 1}, {'idp': 117, 'x': 5.941, 'y': 1.031, 'r': 0.4, 'type': 1}]
26508,1398693859.5897365,[{'idp': 116, 'x': 6.014, 'y': 2.693, 'r': 0.4, 'type': 1}, {'idp': 117, 'x': 5.929, 'y': 1.054, 'r': 0.4, 'type': 1}]
26509,1398693859.6297157,[{'idp': 116, 'x': 6.013, 'y': 2.692, 'r': 0.4, 'type': 1}, {'idp': 117, 'x': 5.908, 'y': 1.05, 'r': 0.4, 'type': 1}]
26510,1398693859.6341302,[{'idp': 116, 'x': 5.995, 'y': 2.689, 'r': 0.4, 'type': 1}, {'idp': 117, 'x': 5.91, 'y': 1.039, 'r': 0.4, 'type': 1}]
26511,1398693859.673694,[{'idp': 116, 'x': 5.958, 'y': 2.683, 'r': 0.4, 'type': 1}, {'idp': 117, 'x': 5.876, 'y': 1.059, 'r': 0.4, 'type': 1}]
26512,1398693859.7137074,[{'idp': 116, 'x': 5.921, 'y': 2.682, 'r': 0.4, 'type': 1}, {'idp': 117, 'x': 5.871, 'y': 1.045, 'r': 0.4, 'type': 1}]
26513,1398693859.7137403,[{'idp': 116, 'x': 5.918, 'y': 2.696, 'r': 0.4, 'type': 1}, {'idp': 117, 'x': 5.853, 'y': 1.068, 'r': 0.4, 'type': 1}]
26514,1398693859.7536998,[{'idp': 116, 'x': 5.909, 'y': 2.693, 'r': 0.4, 'type': 1}, {'idp': 117, 'x': 5.841, 'y': 1.066, 'r': 0.4, 'type': 1}]
26515,1398693859.7587903,[{'idp': 116, 'x': 5.897, 'y': 2.687, 'r': 0.4, 'type': 1}, {'idp': 117, 'x': 5.85, 'y': 1.039, 'r': 0.4, 'type': 1}]
26516,1398693859.797672,[{'idp': 116, 'x': 5.89, 'y': 2.668, 'r': 0.4, 'type': 1}, {'idp': 117, 'x': 5.817, 'y': 1.039, 'r': 0.4, 'type': 1}]
26517,1398693859.8376756,[{'idp': 116, 'x': 5.879, 'y': 2.679, 'r': 0.4, 'type': 1}, {'idp': 117, 'x': 5.795, 'y': 1.05, 'r': 0.4, 'type': 1}]
26518,1398693859.8377068,[{'idp': 116, 'x': 5.868, 'y': 2.69, 'r': 0.4, 'type': 1}, {'idp': 117, 'x': 5.78, 'y': 1.063, 'r': 0.4, 'type': 1}]
26519,1398693859.877688,[{'idp': 116, 'x': 5.867, 'y': 2.689, 'r': 0.4, 'type': 1}, {'idp': 117, 'x': 5.759, 'y': 1.07, 'r': 0.4, 'type': 1}]
26520,1398693859.8835442,[{'idp': 116, 'x': 5.865, 'y': 2.688, 'r': 0.4, 'type': 1}, {'idp': 117, 'x': 5.761, 'y': 1.047, 'r': 0.4, 'type': 1}]
26521,1398693859.9217505,[{'idp': 116, 'x': 5.838, 'y': 2.676, 'r': 0.4, 'type': 1}, {'idp': 117, 'x': 5.739, 'y': 1.045, 'r': 0.4, 'type': 1}]
26522,1398693859.961756,[{'idp': 116, 'x': 5.819, 'y': 2.667, 'r': 0.4, 'type': 1}, {'idp': 117, 'x': 5.71, 'y': 1.057, 'r': 0.4, 'type': 1}]
26523,1398693859.9617894,[{'idp': 116, 'x': 5.798, 'y': 2.688, 'r': 0.4, 'type': 1}, {'idp': 117, 'x': 5.679, 'y': 1.068, 'r': 0.4, 'type': 1}]
26524,1398693860.0016928,[{'idp': 116, 'x': 5.791, 'y': 2.716, 'r': 0.4, 'type': 1}, {'idp': 117, 'x': 5.628, 'y': 1.103, 'r': 0.4, 'type': 1}]
26525,1398693860.008039,[{'idp': 116, 'x': 5.814, 'y': 2.695, 'r': 0.4, 'type': 1}, {'idp': 117, 'x': 5.582, 'y': 1.108, 'r': 0.4, 'type': 1}]
26526,1398693860.045739,[{'idp': 116, 'x': 5.788, 'y': 2.683, 'r': 0.4, 'type': 1}, {'idp': 117, 'x': 5.552, 'y': 1.102, 'r': 0.4, 'type': 1}]
26527,1398693860.0857801,[{'idp': 116, 'x': 5.769, 'y': 2.69, 'r': 0.4, 'type': 1}, {'idp': 117, 'x': 5.519, 'y': 1.111, 'r': 0.4, 'type': 1}]
26528,1398693860.0858102,[{'idp': 116, 'x': 5.766, 'y': 2.658, 'r': 0.4, 'type': 1}, {'idp': 117, 'x': 5.497, 'y': 1.106, 'r': 0.4, 'type': 1}]
26529,1398693860.1256814,[{'idp': 116, 'x': 5.749, 'y': 2.68, 'r': 0.4, 'type': 1}, {'idp': 117, 'x': 5.46, 'y': 1.112, 'r': 0.4, 'type': 1}]
26530,1398693860.132957,[{'idp': 116, 'x': 5.724, 'y': 2.684, 'r': 0.4, 'type': 1}, {'idp': 117, 'x': 5.407, 'y': 1.138, 'r': 0.4, 'type': 1}]
26531,1398693860.1698084,[{'idp': 116, 'x': 5.707, 'y': 2.722, 'r': 0.4, 'type': 1}, {'idp': 117, 'x': 5.343, 'y': 1.149, 'r': 0.4, 'type': 1}]
26532,1398693860.209699,[{'idp': 116, 'x': 5.712, 'y': 2.678, 'r': 0.4, 'type': 1}, {'idp': 117, 'x': 5.281, 'y': 1.147, 'r': 0.4, 'type': 1}]
26533,1398693860.2097316,[{'idp': 116, 'x': 5.687, 'y': 2.712, 'r': 0.4, 'type': 1}, {'idp': 117, 'x': 5.223, 'y': 1.146, 'r': 0.4, 'type': 1}]
26534,1398693860.2496593,[{'idp': 116, 'x': 5.679, 'y': 2.693, 'r': 0.4, 'type': 1}, {'idp': 117, 'x': 5.187, 'y': 1.162, 'r': 0.4, 'type': 1}]
26535,1398693860.2575212,[{'idp': 116, 'x': 5.665, 'y': 2.687, 'r': 0.4, 'type': 1}, {'idp': 117, 'x': 5.119, 'y': 1.182, 'r': 0.4, 'type': 1}]
26536,1398693860.2936904,[{'idp': 116, 'x': 5.656, 'y': 2.698, 'r': 0.4, 'type': 1}, {'idp': 117, 'x': 5.152, 'y': 1.188, 'r': 0.4, 'type': 1}]
26537,1398693860.3336968,[{'idp': 116, 'x': 5.646, 'y': 2.678, 'r': 0.4, 'type': 1}, {'idp': 117, 'x': 5.13, 'y': 1.194, 'r': 0.4, 'type': 1}]
26538,1398693860.3337257,[{'idp': 116, 'x': 5.644, 'y': 2.677, 'r': 0.4, 'type': 1}, {'idp': 117, 'x': 5.141, 'y': 1.196, 'r': 0.4, 'type': 1}]
26539,1398693860.3737838,[{'idp': 116, 'x': 5.647, 'y': 2.678, 'r': 0.4, 'type': 1}, {'idp': 117, 'x': 5.169, 'y': 1.203, 'r': 0.4, 'type': 1}]
26540,1398693860.3823326,[{'idp': 116, 'x': 5.633, 'y': 2.708, 'r': 0.4, 'type': 1}, {'idp': 117, 'x': 5.121, 'y': 1.215, 'r': 0.4, 'type': 1}]
26541,1398693860.4216778,[{'idp': 116, 'x': 5.627, 'y': 2.669, 'r': 0.4, 'type': 1}, {'idp': 117, 'x': 5.1, 'y': 1.233, 'r': 0.4, 'type': 1}]
26542,1398693860.4616942,[{'idp': 116, 'x': 5.589, 'y': 2.696, 'r': 0.4, 'type': 1}, {'idp': 117, 'x': 5.046, 'y': 1.255, 'r': 0.4, 'type': 1}]
26543,1398693860.4617555,[{'idp': 116, 'x': 5.566, 'y': 2.714, 'r': 0.4, 'type': 1}, {'idp': 117, 'x': 5.052, 'y': 1.256, 'r': 0.4, 'type': 1}]
26544,1398693860.501697,[{'idp': 116, 'x': 5.565, 'y': 2.714, 'r': 0.4, 'type': 1}, {'idp': 117, 'x': 5.055, 'y': 1.257, 'r': 0.4, 'type': 1}]
26545,1398693860.5067441,[{'idp': 116, 'x': 5.542, 'y': 2.703, 'r': 0.4, 'type': 1}, {'idp': 117, 'x': 5.047, 'y': 1.255, 'r': 0.4, 'type': 1}]
26546,1398693860.5457375,[{'idp': 116, 'x': 5.548, 'y': 2.705, 'r': 0.4, 'type': 1}, {'idp': 117, 'x': 5.053, 'y': 1.256, 'r': 0.4, 'type': 1}]
26547,1398693860.5856903,[{'idp': 116, 'x': 5.54, 'y': 2.702, 'r': 0.4, 'type': 1}, {'idp': 117, 'x': 5.03, 'y': 1.263, 'r': 0.4, 'type': 1}]
26548,1398693860.5857112,[{'idp': 116, 'x': 5.517, 'y': 2.705, 'r': 0.4, 'type': 1}, {'idp': 117, 'x': 5.038, 'y': 1.265, 'r': 0.4, 'type': 1}]
26549,1398693860.6257403,[{'idp': 116, 'x': 5.512, 'y': 2.688, 'r': 0.4, 'type': 1}, {'idp': 117, 'x': 5.023, 'y': 1.261, 'r': 0.4, 'type': 1}]
26550,1398693860.6317067,[{'idp': 116, 'x': 5.512, 'y': 2.718, 'r': 0.4, 'type': 1}, {'idp': 117, 'x': 5.04, 'y': 1.254, 'r': 0.4, 'type': 1}]
26551,1398693860.6697404,[{'idp': 116, 'x': 5.522, 'y': 2.708, 'r': 0.4, 'type': 1}, {'idp': 117, 'x': 5.063, 'y': 1.249, 'r': 0.4, 'type': 1}]
26552,1398693860.7097003,[{'idp': 116, 'x': 5.493, 'y': 2.728, 'r': 0.4, 'type': 1}, {'idp': 117, 'x': 5.049, 'y': 1.234, 'r': 0.4, 'type': 1}]
26553,1398693860.7097285,[{'idp': 116, 'x': 5.489, 'y': 2.706, 'r': 0.4, 'type': 1}, {'idp': 117, 'x': 5.01, 'y': 1.224, 'r': 0.4, 'type': 1}]
26554,1398693860.749711,[{'idp': 116, 'x': 5.472, 'y': 2.717, 'r': 0.4, 'type': 1}, {'idp': 117, 'x': 4.995, 'y': 1.221, 'r': 0.4, 'type': 1}]
26555,1398693860.7566803,[{'idp': 116, 'x': 5.473, 'y': 2.684, 'r': 0.4, 'type': 1}, {'idp': 117, 'x': 5.007, 'y': 1.224, 'r': 0.4, 'type': 1}]
26556,1398693860.7936547,[{'idp': 116, 'x': 5.463, 'y': 2.708, 'r': 0.4, 'type': 1}, {'idp': 117, 'x': 4.998, 'y': 1.233, 'r': 0.4, 'type': 1}, {'idp': 118, 'x': 8.079, 'y': 4.489, 'r': 0.4, 'type': 1}]
26557,1398693860.833733,[{'idp': 116, 'x': 5.434, 'y': 2.718, 'r': 0.4, 'type': 1}, {'idp': 117, 'x': 4.961, 'y': 1.235, 'r': 0.4, 'type': 1}, {'idp': 118, 'x': 8.064, 'y': 4.517, 'r': 0.4, 'type': 1}]
26558,1398693860.8337603,[{'idp': 116, 'x': 5.425, 'y': 2.719, 'r': 0.4, 'type': 1}, {'idp': 117, 'x': 4.944, 'y': 1.242, 'r': 0.4, 'type': 1}, {'idp': 118, 'x': 8.052, 'y': 4.51, 'r': 0.4, 'type': 1}]
26559,1398693860.8737984,[{'idp': 116, 'x': 5.412, 'y': 2.713, 'r': 0.4, 'type': 1}, {'idp': 117, 'x': 4.917, 'y': 1.247, 'r': 0.4, 'type': 1}, {'idp': 118, 'x': 8.056, 'y': 4.512, 'r': 0.4, 'type': 1}]
26560,1398693860.882076,[{'idp': 116, 'x': 5.409, 'y': 2.715, 'r': 0.4, 'type': 1}, {'idp': 117, 'x': 4.902, 'y': 1.243, 'r': 0.4, 'type': 1}, {'idp': 118, 'x': 8.033, 'y': 4.499, 'r': 0.4, 'type': 1}]
26561,1398693860.9217005,[{'idp': 116, 'x': 5.392, 'y': 2.726, 'r': 0.4, 'type': 1}, {'idp': 117, 'x': 4.922, 'y': 1.248, 'r': 0.4, 'type': 1}, {'idp': 118, 'x': 8.008, 'y': 4.508, 'r': 0.4, 'type': 1}]
26562,1398693860.9617355,[{'idp': 116, 'x': 5.404, 'y': 2.712, 'r': 0.4, 'type': 1}, {'idp': 117, 'x': 4.898, 'y': 1.242, 'r': 0.4, 'type': 1}, {'idp': 118, 'x': 8.026, 'y': 4.518, 'r': 0.4, 'type': 1}]
26563,1398693860.9617689,[{'idp': 116, 'x': 5.363, 'y': 2.692, 'r': 0.4, 'type': 1}, {'idp': 117, 'x': 4.882, 'y': 1.238, 'r': 0.4, 'type': 1}, {'idp': 118, 'x': 7.993, 'y': 4.477, 'r': 0.4, 'type': 1}]
26564,1398693861.001686,[{'idp': 116, 'x': 5.358, 'y': 2.708, 'r': 0.4, 'type': 1}, {'idp': 117, 'x': 4.877, 'y': 1.237, 'r': 0.4, 'type': 1}, {'idp': 118, 'x': 7.995, 'y': 4.501, 'r': 0.4, 'type': 1}]
26565,1398693861.0054657,[{'idp': 116, 'x': 5.348, 'y': 2.713, 'r': 0.4, 'type': 1}, {'idp': 117, 'x': 4.84, 'y': 1.239, 'r': 0.4, 'type': 1}, {'idp': 118, 'x': 7.992, 'y': 4.499, 'r': 0.4, 'type': 1}]
26566,1398693861.0417347,[{'idp': 116, 'x': 5.338, 'y': 2.728, 'r': 0.4, 'type': 1}, {'idp': 117, 'x': 4.844, 'y': 1.251, 'r': 0.4, 'type': 1}, {'idp': 118, 'x': 7.957, 'y': 4.503, 'r': 0.4, 'type': 1}]
26567,1398693861.08172,[{'idp': 116, 'x': 5.317, 'y': 2.717, 'r': 0.4, 'type': 1}, {'idp': 117, 'x': 4.858, 'y': 1.243, 'r': 0.4, 'type': 1}, {'idp': 118, 'x': 7.943, 'y': 4.518, 'r': 0.4, 'type': 1}]
26568,1398693861.0817509,[{'idp': 116, 'x': 5.321, 'y': 2.684, 'r': 0.4, 'type': 1}, {'idp': 117, 'x': 4.834, 'y': 1.237, 'r': 0.4, 'type': 1}, {'idp': 118, 'x': 7.936, 'y': 4.537, 'r': 0.4, 'type': 1}]
26569,1398693861.12174,[{'idp': 116, 'x': 5.287, 'y': 2.65, 'r': 0.4, 'type': 1}, {'idp': 117, 'x': 4.796, 'y': 1.239, 'r': 0.4, 'type': 1}, {'idp': 118, 'x': 7.832, 'y': 4.613, 'r': 0.4, 'type': 1}]
26570,1398693861.1310453,[{'idp': 116, 'x': 5.281, 'y': 2.676, 'r': 0.4, 'type': 1}, {'idp': 117, 'x': 4.744, 'y': 1.27, 'r': 0.4, 'type': 1}, {'idp': 118, 'x': 7.75, 'y': 4.658, 'r': 0.4, 'type': 1}]
26571,1398693861.1696966,[{'idp': 116, 'x': 5.262, 'y': 2.695, 'r': 0.4, 'type': 1}, {'idp': 117, 'x': 4.696, 'y': 1.302, 'r': 0.4, 'type': 1}, {'idp': 118, 'x': 7.706, 'y': 4.7, 'r': 0.4, 'type': 1}]
26572,1398693861.2096987,[{'idp': 116, 'x': 5.263, 'y': 2.71, 'r': 0.4, 'type': 1}, {'idp': 117, 'x': 4.651, 'y': 1.334, 'r': 0.4, 'type': 1}, {'idp': 118, 'x': 7.674, 'y': 4.704, 'r': 0.4, 'type': 1}]
26573,1398693861.209731,[{'idp': 116, 'x': 5.248, 'y': 2.717, 'r': 0.4, 'type': 1}, {'idp': 117, 'x': 4.625, 'y': 1.349, 'r': 0.4, 'type': 1}, {'idp': 118, 'x': 7.607, 'y': 4.707, 'r': 0.4, 'type': 1}]
26574,1398693861.2497952,[{'idp': 116, 'x': 5.194, 'y': 2.704, 'r': 0.4, 'type': 1}, {'idp': 117, 'x': 4.568, 'y': 1.365, 'r': 0.4, 'type': 1}, {'idp': 118, 'x': 7.748, 'y': 4.587, 'r': 0.4, 'type': 1}]
26575,1398693861.2567089,[{'idp': 116, 'x': 5.149, 'y': 2.652, 'r': 0.4, 'type': 1}, {'idp': 117, 'x': 4.569, 'y': 1.376, 'r': 0.4, 'type': 1}, {'idp': 118, 'x': 7.816, 'y': 4.558, 'r': 0.4, 'type': 1}]
26576,1398693861.293768,[{'idp': 116, 'x': 5.128, 'y': 2.623, 'r': 0.4, 'type': 1}, {'idp': 117, 'x': 4.536, 'y': 1.387, 'r': 0.4, 'type': 1}, {'idp': 118, 'x': 7.818, 'y': 4.536, 'r': 0.4, 'type': 1}]
26577,1398693861.333749,[{'idp': 116, 'x': 5.134, 'y': 2.658, 'r': 0.4, 'type': 1}, {'idp': 117, 'x': 4.497, 'y': 1.386, 'r': 0.4, 'type': 1}, {'idp': 118, 'x': 7.813, 'y': 4.511, 'r': 0.4, 'type': 1}]
26578,1398693861.3337786,[{'idp': 116, 'x': 5.166, 'y': 2.66, 'r': 0.4, 'type': 1}, {'idp': 117, 'x': 4.465, 'y': 1.386, 'r': 0.4, 'type': 1}, {'idp': 118, 'x': 7.784, 'y': 4.517, 'r': 0.4, 'type': 1}]
26579,1398693861.3737857,[{'idp': 116, 'x': 5.126, 'y': 2.668, 'r': 0.4, 'type': 1}, {'idp': 117, 'x': 4.423, 'y': 1.391, 'r': 0.4, 'type': 1}, {'idp': 118, 'x': 7.706, 'y': 4.539, 'r': 0.4, 'type': 1}]
26580,1398693861.3807523,[{'idp': 116, 'x': 5.134, 'y': 2.672, 'r': 0.4, 'type': 1}, {'idp': 117, 'x': 4.399, 'y': 1.416, 'r': 0.4, 'type': 1}, {'idp': 118, 'x': 7.743, 'y': 4.538, 'r': 0.4, 'type': 1}]
26581,1398693861.4177377,[{'idp': 116, 'x': 5.094, 'y': 2.687, 'r': 0.4, 'type': 1}, {'idp': 117, 'x': 4.351, 'y': 1.419, 'r': 0.4, 'type': 1}, {'idp': 118, 'x': 7.742, 'y': 4.561, 'r': 0.4, 'type': 1}]
26582,1398693861.4576888,[{'idp': 116, 'x': 5.086, 'y': 2.647, 'r': 0.4, 'type': 1}, {'idp': 117, 'x': 4.279, 'y': 1.456, 'r': 0.4, 'type': 1}, {'idp': 118, 'x': 7.741, 'y': 4.56, 'r': 0.4, 'type': 1}]
26583,1398693861.457724,[{'idp': 116, 'x': 5.056, 'y': 2.684, 'r': 0.4, 'type': 1}, {'idp': 117, 'x': 4.233, 'y': 1.464, 'r': 0.4, 'type': 1}, {'idp': 118, 'x': 7.741, 'y': 4.537, 'r': 0.4, 'type': 1}]
26584,1398693861.497699,[{'idp': 116, 'x': 5.054, 'y': 2.673, 'r': 0.4, 'type': 1}, {'idp': 117, 'x': 4.185, 'y': 1.47, 'r': 0.4, 'type': 1}, {'idp': 118, 'x': 7.697, 'y': 4.511, 'r': 0.4, 'type': 1}]
26585,1398693861.5064292,[{'idp': 116, 'x': 5.048, 'y': 2.67, 'r': 0.4, 'type': 1}, {'idp': 117, 'x': 4.162, 'y': 1.474, 'r': 0.4, 'type': 1}, {'idp': 118, 'x': 7.687, 'y': 4.528, 'r': 0.4, 'type': 1}]
26586,1398693861.5456958,[{'idp': 116, 'x': 4.999, 'y': 2.647, 'r': 0.4, 'type': 1}, {'idp': 117, 'x': 4.132, 'y': 1.491, 'r': 0.4, 'type': 1}, {'idp': 118, 'x': 7.699, 'y': 4.513, 'r': 0.4, 'type': 1}]
26587,1398693861.5856922,[{'idp': 116, 'x': 4.999, 'y': 2.657, 'r': 0.4, 'type': 1}, {'idp': 117, 'x': 4.084, 'y': 1.489, 'r': 0.4, 'type': 1}, {'idp': 118, 'x': 7.632, 'y': 4.496, 'r': 0.4, 'type': 1}]
26588,1398693861.5857217,[{'idp': 116, 'x': 4.971, 'y': 2.643, 'r': 0.4, 'type': 1}, {'idp': 117, 'x': 4.085, 'y': 1.488, 'r': 0.4, 'type': 1}, {'idp': 118, 'x': 7.632, 'y': 4.496, 'r': 0.4, 'type': 1}]
26589,1398693861.6256883,[{'idp': 116, 'x': 4.974, 'y': 2.63, 'r': 0.4, 'type': 1}, {'idp': 117, 'x': 4.061, 'y': 1.488, 'r': 0.4, 'type': 1}, {'idp': 118, 'x': 7.632, 'y': 4.496, 'r': 0.4, 'type': 1}]
26590,1398693861.6310112,[{'idp': 116, 'x': 4.947, 'y': 2.644, 'r': 0.4, 'type': 1}, {'idp': 117, 'x': 4.019, 'y': 1.484, 'r': 0.4, 'type': 1}, {'idp': 118, 'x': 7.632, 'y': 4.496, 'r': 0.4, 'type': 1}]
26591,1398693861.6696515,[{'idp': 116, 'x': 4.931, 'y': 2.639, 'r': 0.4, 'type': 1}, {'idp': 117, 'x': 4.017, 'y': 1.486, 'r': 0.4, 'type': 1}, {'idp': 118, 'x': 7.624, 'y': 4.536, 'r': 0.4, 'type': 1}]
26592,1398693861.709659,[{'idp': 116, 'x': 4.967, 'y': 2.655, 'r': 0.4, 'type': 1}, {'idp': 117, 'x': 4.102, 'y': 1.444, 'r': 0.4, 'type': 1}, {'idp': 118, 'x': 7.605, 'y': 4.525, 'r': 0.4, 'type': 1}]
26593,1398693861.7096934,[{'idp': 116, 'x': 5.006, 'y': 2.661, 'r': 0.4, 'type': 1}, {'idp': 117, 'x': 4.137, 'y': 1.405, 'r': 0.4, 'type': 1}, {'idp': 118, 'x': 7.496, 'y': 4.549, 'r': 0.4, 'type': 1}]
26594,1398693861.7497792,[{'idp': 116, 'x': 5.014, 'y': 2.665, 'r': 0.4, 'type': 1}, {'idp': 117, 'x': 4.124, 'y': 1.402, 'r': 0.4, 'type': 1}, {'idp': 118, 'x': 7.443, 'y': 4.606, 'r': 0.4, 'type': 1}]
26595,1398693861.7558076,[{'idp': 116, 'x': 5.01, 'y': 2.678, 'r': 0.4, 'type': 1}, {'idp': 117, 'x': 4.097, 'y': 1.408, 'r': 0.4, 'type': 1}, {'idp': 118, 'x': 7.365, 'y': 4.648, 'r': 0.4, 'type': 1}]
26596,1398693861.7936845,[{'idp': 116, 'x': 4.969, 'y': 2.698, 'r': 0.4, 'type': 1}, {'idp': 117, 'x': 4.122, 'y': 1.407, 'r': 0.4, 'type': 1}, {'idp': 118, 'x': 7.393, 'y': 4.733, 'r': 0.4, 'type': 1}]
26597,1398693861.8337538,[{'idp': 116, 'x': 4.962, 'y': 2.68, 'r': 0.4, 'type': 1}, {'idp': 117, 'x': 4.11, 'y': 1.41, 'r': 0.4, 'type': 1}, {'idp': 118, 'x': 7.418, 'y': 4.772, 'r': 0.4, 'type': 1}]
26598,1398693861.8337824,[{'idp': 116, 'x': 4.956, 'y': 2.691, 'r': 0.4, 'type': 1}, {'idp': 117, 'x': 4.069, 'y': 1.445, 'r': 0.4, 'type': 1}, {'idp': 118, 'x': 7.559, 'y': 4.588, 'r': 0.4, 'type': 1}]
26599,1398693861.8738267,[{'idp': 116, 'x': 4.958, 'y': 2.692, 'r': 0.4, 'type': 1}, {'idp': 117, 'x': 4.066, 'y': 1.445, 'r': 0.4, 'type': 1}, {'idp': 118, 'x': 7.539, 'y': 4.575, 'r': 0.4, 'type': 1}]
26600,1398693861.8807535,[{'idp': 116, 'x': 4.929, 'y': 2.689, 'r': 0.4, 'type': 1}, {'idp': 117, 'x': 4.063, 'y': 1.414, 'r': 0.4, 'type': 1}, {'idp': 118, 'x': 7.443, 'y': 4.684, 'r': 0.4, 'type': 1}]
26601,1398693861.9178073,[{'idp': 116, 'x': 4.924, 'y': 2.673, 'r': 0.4, 'type': 1}, {'idp': 117, 'x': 4.05, 'y': 1.404, 'r': 0.4, 'type': 1}, {'idp': 118, 'x': 7.373, 'y': 4.743, 'r': 0.4, 'type': 1}]
26602,1398693861.957665,[{'idp': 116, 'x': 4.916, 'y': 2.683, 'r': 0.4, 'type': 1}, {'idp': 117, 'x': 4.071, 'y': 1.396, 'r': 0.4, 'type': 1}, {'idp': 118, 'x': 7.336, 'y': 4.765, 'r': 0.4, 'type': 1}]
26603,1398693861.9576962,[{'idp': 116, 'x': 4.885, 'y': 2.708, 'r': 0.4, 'type': 1}, {'idp': 117, 'x': 4.002, 'y': 1.419, 'r': 0.4, 'type': 1}, {'idp': 118, 'x': 7.294, 'y': 4.806, 'r': 0.4, 'type': 1}]
26604,1398693861.9976535,[{'idp': 116, 'x': 4.875, 'y': 2.702, 'r': 0.4, 'type': 1}, {'idp': 117, 'x': 3.982, 'y': 1.413, 'r': 0.4, 'type': 1}, {'idp': 118, 'x': 7.27, 'y': 4.813, 'r': 0.4, 'type': 1}]
26605,1398693862.0056632,[{'idp': 116, 'x': 4.875, 'y': 2.716, 'r': 0.4, 'type': 1}, {'idp': 117, 'x': 3.986, 'y': 1.407, 'r': 0.4, 'type': 1}, {'idp': 118, 'x': 7.216, 'y': 4.8, 'r': 0.4, 'type': 1}]
26606,1398693862.045692,[{'idp': 116, 'x': 4.85, 'y': 2.702, 'r': 0.4, 'type': 1}, {'idp': 117, 'x': 3.966, 'y': 1.427, 'r': 0.4, 'type': 1}, {'idp': 118, 'x': 7.172, 'y': 4.77, 'r': 0.4, 'type': 1}]
26607,1398693862.0857239,[{'idp': 116, 'x': 4.833, 'y': 2.706, 'r': 0.4, 'type': 1}, {'idp': 117, 'x': 3.933, 'y': 1.438, 'r': 0.4, 'type': 1}, {'idp': 118, 'x': 7.151, 'y': 4.779, 'r': 0.4, 'type': 1}]
26608,1398693862.085752,[{'idp': 116, 'x': 4.815, 'y': 2.723, 'r': 0.4, 'type': 1}, {'idp': 117, 'x': 3.931, 'y': 1.434, 'r': 0.4, 'type': 1}, {'idp': 118, 'x': 7.145, 'y': 4.82, 'r': 0.4, 'type': 1}]
26609,1398693862.1256447,[{'idp': 116, 'x': 4.808, 'y': 2.72, 'r': 0.4, 'type': 1}, {'idp': 117, 'x': 3.934, 'y': 1.419, 'r': 0.4, 'type': 1}, {'idp': 118, 'x': 7.19, 'y': 4.874, 'r': 0.4, 'type': 1}]
26610,1398693862.1302946,[{'idp': 116, 'x': 4.826, 'y': 2.702, 'r': 0.4, 'type': 1}, {'idp': 117, 'x': 3.889, 'y': 1.432, 'r': 0.4, 'type': 1}, {'idp': 118, 'x': 7.192, 'y': 4.921, 'r': 0.4, 'type': 1}]
26611,1398693862.1697025,[{'idp': 116, 'x': 4.811, 'y': 2.694, 'r': 0.4, 'type': 1}, {'idp': 117, 'x': 3.861, 'y': 1.434, 'r': 0.4, 'type': 1}, {'idp': 118, 'x': 7.18, 'y': 4.982, 'r': 0.4, 'type': 1}]
26612,1398693862.2096972,[{'idp': 116, 'x': 4.797, 'y': 2.687, 'r': 0.4, 'type': 1}, {'idp': 117, 'x': 3.837, 'y': 1.437, 'r': 0.4, 'type': 1}, {'idp': 118, 'x': 7.081, 'y': 5.102, 'r': 0.4, 'type': 1}]
26613,1398693862.2097259,[{'idp': 116, 'x': 4.787, 'y': 2.694, 'r': 0.4, 'type': 1}, {'idp': 117, 'x': 3.805, 'y': 1.426, 'r': 0.4, 'type': 1}, {'idp': 118, 'x': 7.059, 'y': 5.107, 'r': 0.4, 'type': 1}]
26614,1398693862.2496965,[{'idp': 116, 'x': 4.773, 'y': 2.7, 'r': 0.4, 'type': 1}, {'idp': 117, 'x': 3.775, 'y': 1.448, 'r': 0.4, 'type': 1}, {'idp': 118, 'x': 7.065, 'y': 5.111, 'r': 0.4, 'type': 1}]
26615,1398693862.2551801,[{'idp': 116, 'x': 4.757, 'y': 2.691, 'r': 0.4, 'type': 1}, {'idp': 117, 'x': 3.765, 'y': 1.443, 'r': 0.4, 'type': 1}, {'idp': 118, 'x': 7.027, 'y': 5.13, 'r': 0.4, 'type': 1}]
26616,1398693862.2936454,[{'idp': 116, 'x': 4.744, 'y': 2.697, 'r': 0.4, 'type': 1}, {'idp': 117, 'x': 3.749, 'y': 1.463, 'r': 0.4, 'type': 1}, {'idp': 118, 'x': 7.009, 'y': 5.117, 'r': 0.4, 'type': 1}]
26617,1398693862.3336418,[{'idp': 116, 'x': 4.739, 'y': 2.683, 'r': 0.4, 'type': 1}, {'idp': 117, 'x': 3.707, 'y': 1.447, 'r': 0.4, 'type': 1}, {'idp': 118, 'x': 7.007, 'y': 5.116, 'r': 0.4, 'type': 1}]
26618,1398693862.3336697,[{'idp': 116, 'x': 4.723, 'y': 2.672, 'r': 0.4, 'type': 1}, {'idp': 117, 'x': 3.69, 'y': 1.468, 'r': 0.4, 'type': 1}, {'idp': 118, 'x': 6.979, 'y': 5.095, 'r': 0.4, 'type': 1}]
26619,1398693862.373814,[{'idp': 116, 'x': 4.706, 'y': 2.69, 'r': 0.4, 'type': 1}, {'idp': 117, 'x': 3.638, 'y': 1.436, 'r': 0.4, 'type': 1}, {'idp': 118, 'x': 6.916, 'y': 5.049, 'r': 0.4, 'type': 1}]
26620,1398693862.379955,[{'idp': 116, 'x': 4.717, 'y': 2.696, 'r': 0.4, 'type': 1}, {'idp': 117, 'x': 3.613, 'y': 1.447, 'r': 0.4, 'type': 1}, {'idp': 118, 'x': 6.949, 'y': 4.935, 'r': 0.4, 'type': 1}]
26621,1398693862.4176981,[{'idp': 116, 'x': 4.695, 'y': 2.71, 'r': 0.4, 'type': 1}, {'idp': 117, 'x': 3.584, 'y': 1.459, 'r': 0.4, 'type': 1}, {'idp': 118, 'x': 6.96, 'y': 4.92, 'r': 0.4, 'type': 1}]
26622,1398693862.4577909,[{'idp': 116, 'x': 4.671, 'y': 2.696, 'r': 0.4, 'type': 1}, {'idp': 117, 'x': 3.557, 'y': 1.457, 'r': 0.4, 'type': 1}, {'idp': 118, 'x': 7.014, 'y': 4.958, 'r': 0.4, 'type': 1}]
26623,1398693862.4578288,[{'idp': 116, 'x': 4.674, 'y': 2.701, 'r': 0.4, 'type': 1}, {'idp': 117, 'x': 3.575, 'y': 1.477, 'r': 0.4, 'type': 1}, {'idp': 118, 'x': 7.003, 'y': 5.09, 'r': 0.4, 'type': 1}]
26624,1398693862.497738,[{'idp': 116, 'x': 4.692, 'y': 2.703, 'r': 0.4, 'type': 1}, {'idp': 117, 'x': 3.561, 'y': 1.495, 'r': 0.4, 'type': 1}, {'idp': 118, 'x': 7.003, 'y': 5.09, 'r': 0.4, 'type': 1}]
26625,1398693862.5045576,[{'idp': 116, 'x': 4.65, 'y': 2.712, 'r': 0.4, 'type': 1}, {'idp': 117, 'x': 3.561, 'y': 1.481, 'r': 0.4, 'type': 1}]
26626,1398693862.5416384,[{'idp': 116, 'x': 4.643, 'y': 2.708, 'r': 0.4, 'type': 1}, {'idp': 117, 'x': 3.529, 'y': 1.48, 'r': 0.4, 'type': 1}]
26627,1398693862.581785,[{'idp': 116, 'x': 4.639, 'y': 2.718, 'r': 0.4, 'type': 1}, {'idp': 117, 'x': 3.521, 'y': 1.472, 'r': 0.4, 'type': 1}]
26628,1398693862.58182,[{'idp': 116, 'x': 4.624, 'y': 2.729, 'r': 0.4, 'type': 1}, {'idp': 117, 'x': 3.524, 'y': 1.461, 'r': 0.4, 'type': 1}]
26629,1398693862.6216872,[{'idp': 116, 'x': 4.6, 'y': 2.723, 'r': 0.4, 'type': 1}, {'idp': 117, 'x': 3.503, 'y': 1.471, 'r': 0.4, 'type': 1}]
26630,1398693862.6290731,[{'idp': 116, 'x': 4.579, 'y': 2.741, 'r': 0.4, 'type': 1}, {'idp': 117, 'x': 3.492, 'y': 1.484, 'r': 0.4, 'type': 1}]
26631,1398693862.6657104,[{'idp': 116, 'x': 4.58, 'y': 2.72, 'r': 0.4, 'type': 1}, {'idp': 117, 'x': 3.464, 'y': 1.496, 'r': 0.4, 'type': 1}]
26632,1398693862.7056518,[{'idp': 116, 'x': 4.565, 'y': 2.726, 'r': 0.4, 'type': 1}, {'idp': 117, 'x': 3.453, 'y': 1.489, 'r': 0.4, 'type': 1}]
26633,1398693862.7056806,[{'idp': 116, 'x': 4.548, 'y': 2.75, 'r': 0.4, 'type': 1}, {'idp': 117, 'x': 3.459, 'y': 1.492, 'r': 0.4, 'type': 1}]
26634,1398693862.745703,[{'idp': 116, 'x': 4.57, 'y': 2.739, 'r': 0.4, 'type': 1}, {'idp': 117, 'x': 3.425, 'y': 1.473, 'r': 0.4, 'type': 1}]
26635,1398693862.753159,[{'idp': 116, 'x': 4.528, 'y': 2.752, 'r': 0.4, 'type': 1}, {'idp': 117, 'x': 3.427, 'y': 1.486, 'r': 0.4, 'type': 1}]
26636,1398693862.7896988,[{'idp': 116, 'x': 4.52, 'y': 2.743, 'r': 0.4, 'type': 1}, {'idp': 117, 'x': 3.417, 'y': 1.482, 'r': 0.4, 'type': 1}]
26637,1398693862.8297136,[{'idp': 116, 'x': 4.521, 'y': 2.73, 'r': 0.4, 'type': 1}, {'idp': 117, 'x': 3.412, 'y': 1.479, 'r': 0.4, 'type': 1}]
26638,1398693862.8297436,[{'idp': 116, 'x': 4.494, 'y': 2.749, 'r': 0.4, 'type': 1}, {'idp': 117, 'x': 3.396, 'y': 1.472, 'r': 0.4, 'type': 1}]
26639,1398693862.8697214,[{'idp': 116, 'x': 4.519, 'y': 2.719, 'r': 0.4, 'type': 1}, {'idp': 117, 'x': 3.389, 'y': 1.467, 'r': 0.4, 'type': 1}]
26640,1398693862.87814,[{'idp': 116, 'x': 4.489, 'y': 2.737, 'r': 0.4, 'type': 1}, {'idp': 117, 'x': 3.379, 'y': 1.483, 'r': 0.4, 'type': 1}]
26641,1398693862.917699,[{'idp': 116, 'x': 4.458, 'y': 2.732, 'r': 0.4, 'type': 1}, {'idp': 117, 'x': 3.358, 'y': 1.47, 'r': 0.4, 'type': 1}]
26642,1398693862.9577146,[{'idp': 116, 'x': 4.477, 'y': 2.727, 'r': 0.4, 'type': 1}, {'idp': 117, 'x': 3.363, 'y': 1.473, 'r': 0.4, 'type': 1}]
26643,1398693862.9577456,[{'idp': 116, 'x': 4.456, 'y': 2.726, 'r': 0.4, 'type': 1}, {'idp': 117, 'x': 3.338, 'y': 1.459, 'r': 0.4, 'type': 1}]
26644,1398693862.9976764,[{'idp': 116, 'x': 4.452, 'y': 2.713, 'r': 0.4, 'type': 1}, {'idp': 117, 'x': 3.338, 'y': 1.465, 'r': 0.4, 'type': 1}]
26645,1398693863.0021427,[{'idp': 116, 'x': 4.436, 'y': 2.687, 'r': 0.4, 'type': 1}, {'idp': 117, 'x': 3.327, 'y': 1.448, 'r': 0.4, 'type': 1}]
26646,1398693863.0417385,[{'idp': 116, 'x': 4.437, 'y': 2.719, 'r': 0.4, 'type': 1}, {'idp': 117, 'x': 3.319, 'y': 1.457, 'r': 0.4, 'type': 1}]
26647,1398693863.0817242,[{'idp': 116, 'x': 4.39, 'y': 2.733, 'r': 0.4, 'type': 1}, {'idp': 117, 'x': 3.288, 'y': 1.469, 'r': 0.4, 'type': 1}]
26648,1398693863.0817728,[{'idp': 116, 'x': 4.38, 'y': 2.737, 'r': 0.4, 'type': 1}, {'idp': 117, 'x': 3.285, 'y': 1.473, 'r': 0.4, 'type': 1}]
26649,1398693863.121677,[{'idp': 116, 'x': 4.376, 'y': 2.729, 'r': 0.4, 'type': 1}, {'idp': 117, 'x': 3.27, 'y': 1.479, 'r': 0.4, 'type': 1}]
26650,1398693863.1265328,[{'idp': 116, 'x': 4.343, 'y': 2.727, 'r': 0.4, 'type': 1}, {'idp': 117, 'x': 3.252, 'y': 1.482, 'r': 0.4, 'type': 1}]
26651,1398693863.1657317,[{'idp': 116, 'x': 4.347, 'y': 2.701, 'r': 0.4, 'type': 1}, {'idp': 117, 'x': 3.255, 'y': 1.462, 'r': 0.4, 'type': 1}]
26652,1398693863.2056456,[{'idp': 116, 'x': 4.348, 'y': 2.701, 'r': 0.4, 'type': 1}, {'idp': 117, 'x': 3.257, 'y': 1.452, 'r': 0.4, 'type': 1}]
26653,1398693863.2056696,[{'idp': 116, 'x': 4.334, 'y': 2.724, 'r': 0.4, 'type': 1}, {'idp': 117, 'x': 3.23, 'y': 1.451, 'r': 0.4, 'type': 1}]
26654,1398693863.245663,[{'idp': 116, 'x': 4.324, 'y': 2.712, 'r': 0.4, 'type': 1}, {'idp': 117, 'x': 3.225, 'y': 1.466, 'r': 0.4, 'type': 1}]
26655,1398693863.2510993,[{'idp': 116, 'x': 4.296, 'y': 2.721, 'r': 0.4, 'type': 1}, {'idp': 117, 'x': 3.206, 'y': 1.463, 'r': 0.4, 'type': 1}]
26656,1398693863.28968,[{'idp': 116, 'x': 4.284, 'y': 2.713, 'r': 0.4, 'type': 1}, {'idp': 117, 'x': 3.203, 'y': 1.483, 'r': 0.4, 'type': 1}]
26657,1398693863.3296838,[{'idp': 116, 'x': 4.277, 'y': 2.699, 'r': 0.4, 'type': 1}, {'idp': 117, 'x': 3.196, 'y': 1.448, 'r': 0.4, 'type': 1}]
26658,1398693863.3297143,[{'idp': 116, 'x': 4.276, 'y': 2.715, 'r': 0.4, 'type': 1}, {'idp': 117, 'x': 3.186, 'y': 1.447, 'r': 0.4, 'type': 1}]
26659,1398693863.3697221,[{'idp': 116, 'x': 4.285, 'y': 2.661, 'r': 0.4, 'type': 1}, {'idp': 117, 'x': 3.18, 'y': 1.439, 'r': 0.4, 'type': 1}]
26660,1398693863.3757045,[{'idp': 116, 'x': 4.283, 'y': 2.666, 'r': 0.4, 'type': 1}, {'idp': 117, 'x': 3.158, 'y': 1.408, 'r': 0.4, 'type': 1}]
26661,1398693863.4136918,[{'idp': 116, 'x': 4.296, 'y': 2.646, 'r': 0.4, 'type': 1}, {'idp': 117, 'x': 3.165, 'y': 1.405, 'r': 0.4, 'type': 1}]
26662,1398693863.4536452,[{'idp': 116, 'x': 4.289, 'y': 2.618, 'r': 0.4, 'type': 1}, {'idp': 117, 'x': 3.166, 'y': 1.378, 'r': 0.4, 'type': 1}]
26663,1398693863.4536586,[{'idp': 116, 'x': 4.317, 'y': 2.589, 'r': 0.4, 'type': 1}, {'idp': 117, 'x': 3.147, 'y': 1.354, 'r': 0.4, 'type': 1}]
26664,1398693863.4936864,[{'idp': 116, 'x': 4.297, 'y': 2.57, 'r': 0.4, 'type': 1}, {'idp': 117, 'x': 3.153, 'y': 1.36, 'r': 0.4, 'type': 1}]
26665,1398693863.4996574,[{'idp': 116, 'x': 4.302, 'y': 2.56, 'r': 0.4, 'type': 1}, {'idp': 117, 'x': 3.144, 'y': 1.34, 'r': 0.4, 'type': 1}]
26666,1398693863.5376952,[{'idp': 116, 'x': 4.31, 'y': 2.543, 'r': 0.4, 'type': 1}, {'idp': 117, 'x': 3.141, 'y': 1.322, 'r': 0.4, 'type': 1}]
26667,1398693863.5777373,[{'idp': 116, 'x': 4.302, 'y': 2.513, 'r': 0.4, 'type': 1}, {'idp': 117, 'x': 3.129, 'y': 1.29, 'r': 0.4, 'type': 1}]
26668,1398693863.5777671,[{'idp': 116, 'x': 4.308, 'y': 2.471, 'r': 0.4, 'type': 1}, {'idp': 117, 'x': 3.141, 'y': 1.279, 'r': 0.4, 'type': 1}]
26669,1398693863.6176898,[{'idp': 116, 'x': 4.29, 'y': 2.481, 'r': 0.4, 'type': 1}, {'idp': 117, 'x': 3.121, 'y': 1.283, 'r': 0.4, 'type': 1}]
26670,1398693863.623905,[{'idp': 116, 'x': 4.272, 'y': 2.482, 'r': 0.4, 'type': 1}, {'idp': 117, 'x': 3.109, 'y': 1.285, 'r': 0.4, 'type': 1}]
26671,1398693863.6616976,[{'idp': 116, 'x': 4.262, 'y': 2.485, 'r': 0.4, 'type': 1}, {'idp': 117, 'x': 3.099, 'y': 1.275, 'r': 0.4, 'type': 1}]
26672,1398693863.7017455,[{'idp': 116, 'x': 4.238, 'y': 2.484, 'r': 0.4, 'type': 1}, {'idp': 117, 'x': 3.088, 'y': 1.291, 'r': 0.4, 'type': 1}]
26673,1398693863.7017815,[{'idp': 116, 'x': 4.255, 'y': 2.481, 'r': 0.4, 'type': 1}, {'idp': 117, 'x': 3.078, 'y': 1.271, 'r': 0.4, 'type': 1}]
26674,1398693863.741718,[{'idp': 116, 'x': 4.261, 'y': 2.46, 'r': 0.4, 'type': 1}, {'idp': 117, 'x': 3.069, 'y': 1.25, 'r': 0.4, 'type': 1}]
26675,1398693863.7489433,[{'idp': 116, 'x': 4.25, 'y': 2.426, 'r': 0.4, 'type': 1}, {'idp': 117, 'x': 3.059, 'y': 1.248, 'r': 0.4, 'type': 1}]
26676,1398693863.7856681,[{'idp': 116, 'x': 4.254, 'y': 2.444, 'r': 0.4, 'type': 1}, {'idp': 117, 'x': 3.047, 'y': 1.242, 'r': 0.4, 'type': 1}]
26677,1398693863.8256872,[{'idp': 116, 'x': 4.244, 'y': 2.438, 'r': 0.4, 'type': 1}, {'idp': 117, 'x': 3.036, 'y': 1.237, 'r': 0.4, 'type': 1}]
26678,1398693863.8257184,[{'idp': 116, 'x': 4.245, 'y': 2.436, 'r': 0.4, 'type': 1}, {'idp': 117, 'x': 3.029, 'y': 1.234, 'r': 0.4, 'type': 1}]
26679,1398693863.8657525,[{'idp': 116, 'x': 4.211, 'y': 2.427, 'r': 0.4, 'type': 1}, {'idp': 117, 'x': 3.013, 'y': 1.238, 'r': 0.4, 'type': 1}]
26680,1398693863.8733811,[{'idp': 116, 'x': 4.178, 'y': 2.44, 'r': 0.4, 'type': 1}, {'idp': 117, 'x': 3.013, 'y': 1.245, 'r': 0.4, 'type': 1}]
26681,1398693863.9096973,[{'idp': 116, 'x': 4.19, 'y': 2.424, 'r': 0.4, 'type': 1}, {'idp': 117, 'x': 2.992, 'y': 1.242, 'r': 0.4, 'type': 1}]
26682,1398693863.9496367,[{'idp': 116, 'x': 4.174, 'y': 2.43, 'r': 0.4, 'type': 1}, {'idp': 117, 'x': 2.977, 'y': 1.235, 'r': 0.4, 'type': 1}]
26683,1398693863.9496586,[{'idp': 116, 'x': 4.142, 'y': 2.426, 'r': 0.4, 'type': 1}, {'idp': 117, 'x': 2.978, 'y': 1.246, 'r': 0.4, 'type': 1}]
26684,1398693863.9896784,[{'idp': 116, 'x': 4.139, 'y': 2.424, 'r': 0.4, 'type': 1}, {'idp': 117, 'x': 2.971, 'y': 1.243, 'r': 0.4, 'type': 1}]
26685,1398693863.9991963,[{'idp': 116, 'x': 4.118, 'y': 2.455, 'r': 0.4, 'type': 1}, {'idp': 117, 'x': 2.948, 'y': 1.229, 'r': 0.4, 'type': 1}]
26686,1398693864.0376582,[{'idp': 116, 'x': 4.115, 'y': 2.434, 'r': 0.4, 'type': 1}, {'idp': 117, 'x': 2.942, 'y': 1.245, 'r': 0.4, 'type': 1}]
26687,1398693864.07777,[{'idp': 116, 'x': 4.108, 'y': 2.417, 'r': 0.4, 'type': 1}, {'idp': 117, 'x': 2.921, 'y': 1.237, 'r': 0.4, 'type': 1}]
26688,1398693864.0778048,[{'idp': 116, 'x': 4.109, 'y': 2.406, 'r': 0.4, 'type': 1}, {'idp': 117, 'x': 2.934, 'y': 1.225, 'r': 0.4, 'type': 1}]
26689,1398693864.1176744,[{'idp': 116, 'x': 4.1, 'y': 2.401, 'r': 0.4, 'type': 1}, {'idp': 117, 'x': 2.904, 'y': 1.215, 'r': 0.4, 'type': 1}]
26690,1398693864.1229198,[{'idp': 116, 'x': 4.096, 'y': 2.398, 'r': 0.4, 'type': 1}, {'idp': 117, 'x': 2.907, 'y': 1.216, 'r': 0.4, 'type': 1}]
26691,1398693864.1616063,[{'idp': 116, 'x': 4.082, 'y': 2.39, 'r': 0.4, 'type': 1}, {'idp': 117, 'x': 2.888, 'y': 1.206, 'r': 0.4, 'type': 1}]
26692,1398693864.201653,[{'idp': 116, 'x': 4.056, 'y': 2.413, 'r': 0.4, 'type': 1}, {'idp': 117, 'x': 2.879, 'y': 1.22, 'r': 0.4, 'type': 1}]
26693,1398693864.2016723,[{'idp': 116, 'x': 4.033, 'y': 2.413, 'r': 0.4, 'type': 1}, {'idp': 117, 'x': 2.87, 'y': 1.222, 'r': 0.4, 'type': 1}]
26694,1398693864.2417853,[{'idp': 116, 'x': 4.031, 'y': 2.41, 'r': 0.4, 'type': 1}, {'idp': 117, 'x': 2.86, 'y': 1.218, 'r': 0.4, 'type': 1}]
26695,1398693864.2486002,[{'idp': 116, 'x': 4.012, 'y': 2.383, 'r': 0.4, 'type': 1}, {'idp': 117, 'x': 2.847, 'y': 1.211, 'r': 0.4, 'type': 1}]
26696,1398693864.285722,[{'idp': 116, 'x': 4.003, 'y': 2.406, 'r': 0.4, 'type': 1}, {'idp': 117, 'x': 2.832, 'y': 1.219, 'r': 0.4, 'type': 1}]
26697,1398693864.3256438,[{'idp': 116, 'x': 3.984, 'y': 2.432, 'r': 0.4, 'type': 1}, {'idp': 117, 'x': 2.811, 'y': 1.226, 'r': 0.4, 'type': 1}]
26698,1398693864.3256674,[{'idp': 116, 'x': 3.969, 'y': 2.432, 'r': 0.4, 'type': 1}, {'idp': 117, 'x': 2.802, 'y': 1.239, 'r': 0.4, 'type': 1}]
26699,1398693864.365796,[{'idp': 116, 'x': 3.953, 'y': 2.413, 'r': 0.4, 'type': 1}, {'idp': 117, 'x': 2.804, 'y': 1.223, 'r': 0.4, 'type': 1}]
26700,1398693864.372678,[{'idp': 116, 'x': 3.968, 'y': 2.383, 'r': 0.4, 'type': 1}, {'idp': 117, 'x': 2.802, 'y': 1.206, 'r': 0.4, 'type': 1}]
26701,1398693864.4096036,[{'idp': 116, 'x': 3.974, 'y': 2.376, 'r': 0.4, 'type': 1}, {'idp': 117, 'x': 2.784, 'y': 1.191, 'r': 0.4, 'type': 1}]
26702,1398693864.4496355,[{'idp': 116, 'x': 3.958, 'y': 2.379, 'r': 0.4, 'type': 1}, {'idp': 117, 'x': 2.779, 'y': 1.196, 'r': 0.4, 'type': 1}]
26703,1398693864.4496567,[{'idp': 116, 'x': 3.954, 'y': 2.388, 'r': 0.4, 'type': 1}, {'idp': 117, 'x': 2.751, 'y': 1.207, 'r': 0.4, 'type': 1}]
26704,1398693864.4896936,[{'idp': 116, 'x': 3.938, 'y': 2.39, 'r': 0.4, 'type': 1}, {'idp': 117, 'x': 2.751, 'y': 1.206, 'r': 0.4, 'type': 1}]
26705,1398693864.4972599,[{'idp': 116, 'x': 3.926, 'y': 2.392, 'r': 0.4, 'type': 1}, {'idp': 117, 'x': 2.728, 'y': 1.194, 'r': 0.4, 'type': 1}]
26706,1398693864.5337024,[{'idp': 116, 'x': 3.911, 'y': 2.387, 'r': 0.4, 'type': 1}, {'idp': 117, 'x': 2.738, 'y': 1.208, 'r': 0.4, 'type': 1}]
26707,1398693864.573728,[{'idp': 116, 'x': 3.901, 'y': 2.368, 'r': 0.4, 'type': 1}, {'idp': 117, 'x': 2.722, 'y': 1.194, 'r': 0.4, 'type': 1}]
26708,1398693864.5737479,[{'idp': 116, 'x': 3.909, 'y': 2.359, 'r': 0.4, 'type': 1}, {'idp': 117, 'x': 2.708, 'y': 1.188, 'r': 0.4, 'type': 1}]
26709,1398693864.6138866,[{'idp': 116, 'x': 3.884, 'y': 2.369, 'r': 0.4, 'type': 1}, {'idp': 117, 'x': 2.701, 'y': 1.191, 'r': 0.4, 'type': 1}]
26710,1398693864.6219854,[{'idp': 116, 'x': 3.874, 'y': 2.361, 'r': 0.4, 'type': 1}, {'idp': 117, 'x': 2.681, 'y': 1.198, 'r': 0.4, 'type': 1}]
26711,1398693864.6617305,[{'idp': 116, 'x': 3.85, 'y': 2.371, 'r': 0.4, 'type': 1}, {'idp': 117, 'x': 2.676, 'y': 1.185, 'r': 0.4, 'type': 1}]
26712,1398693864.7017107,[{'idp': 116, 'x': 3.852, 'y': 2.37, 'r': 0.4, 'type': 1}, {'idp': 117, 'x': 2.663, 'y': 1.188, 'r': 0.4, 'type': 1}]
26713,1398693864.7017455,[{'idp': 116, 'x': 3.859, 'y': 2.361, 'r': 0.4, 'type': 1}, {'idp': 117, 'x': 2.662, 'y': 1.188, 'r': 0.4, 'type': 1}]
26714,1398693864.7417607,[{'idp': 116, 'x': 3.858, 'y': 2.376, 'r': 0.4, 'type': 1}, {'idp': 117, 'x': 2.654, 'y': 1.191, 'r': 0.4, 'type': 1}]
26715,1398693864.7463174,[{'idp': 116, 'x': 3.835, 'y': 2.374, 'r': 0.4, 'type': 1}, {'idp': 117, 'x': 2.635, 'y': 1.188, 'r': 0.4, 'type': 1}]
26716,1398693864.7857082,[{'idp': 116, 'x': 3.819, 'y': 2.375, 'r': 0.4, 'type': 1}, {'idp': 117, 'x': 2.618, 'y': 1.19, 'r': 0.4, 'type': 1}]
26717,1398693864.8256564,[{'idp': 116, 'x': 3.799, 'y': 2.385, 'r': 0.4, 'type': 1}, {'idp': 117, 'x': 2.601, 'y': 1.189, 'r': 0.4, 'type': 1}]
26718,1398693864.8256736,[{'idp': 116, 'x': 3.795, 'y': 2.384, 'r': 0.4, 'type': 1}, {'idp': 117, 'x': 2.597, 'y': 1.193, 'r': 0.4, 'type': 1}]
26719,1398693864.865682,[{'idp': 116, 'x': 3.794, 'y': 2.383, 'r': 0.4, 'type': 1}, {'idp': 117, 'x': 2.576, 'y': 1.183, 'r': 0.4, 'type': 1}]
26720,1398693864.8720567,[{'idp': 116, 'x': 3.76, 'y': 2.384, 'r': 0.4, 'type': 1}, {'idp': 117, 'x': 2.574, 'y': 1.197, 'r': 0.4, 'type': 1}]
26721,1398693864.909693,[{'idp': 116, 'x': 3.75, 'y': 2.389, 'r': 0.4, 'type': 1}, {'idp': 117, 'x': 2.558, 'y': 1.196, 'r': 0.4, 'type': 1}]
26722,1398693864.9496195,[{'idp': 116, 'x': 3.727, 'y': 2.384, 'r': 0.4, 'type': 1}, {'idp': 117, 'x': 2.555, 'y': 1.196, 'r': 0.4, 'type': 1}]
26723,1398693864.9496486,[{'idp': 116, 'x': 3.726, 'y': 2.373, 'r': 0.4, 'type': 1}, {'idp': 117, 'x': 2.538, 'y': 1.195, 'r': 0.4, 'type': 1}]
26724,1398693864.9897366,[{'idp': 116, 'x': 3.711, 'y': 2.378, 'r': 0.4, 'type': 1}, {'idp': 117, 'x': 2.528, 'y': 1.182, 'r': 0.4, 'type': 1}]
26725,1398693864.995556,[{'idp': 116, 'x': 3.706, 'y': 2.375, 'r': 0.4, 'type': 1}, {'idp': 117, 'x': 2.529, 'y': 1.191, 'r': 0.4, 'type': 1}]
26726,1398693865.0337398,[{'idp': 116, 'x': 3.693, 'y': 2.376, 'r': 0.4, 'type': 1}, {'idp': 117, 'x': 2.515, 'y': 1.192, 'r': 0.4, 'type': 1}]
26727,1398693865.073691,[{'idp': 116, 'x': 3.686, 'y': 2.383, 'r': 0.4, 'type': 1}, {'idp': 117, 'x': 2.499, 'y': 1.175, 'r': 0.4, 'type': 1}]
26728,1398693865.0737212,[{'idp': 116, 'x': 3.667, 'y': 2.373, 'r': 0.4, 'type': 1}, {'idp': 117, 'x': 2.491, 'y': 1.179, 'r': 0.4, 'type': 1}]
26729,1398693865.1137369,[{'idp': 116, 'x': 3.656, 'y': 2.362, 'r': 0.4, 'type': 1}, {'idp': 117, 'x': 2.482, 'y': 1.181, 'r': 0.4, 'type': 1}]
26730,1398693865.120466,[{'idp': 116, 'x': 3.629, 'y': 2.384, 'r': 0.4, 'type': 1}, {'idp': 117, 'x': 2.471, 'y': 1.183, 'r': 0.4, 'type': 1}]
26731,1398693865.1576939,[{'idp': 116, 'x': 3.622, 'y': 2.367, 'r': 0.4, 'type': 1}, {'idp': 117, 'x': 2.454, 'y': 1.173, 'r': 0.4, 'type': 1}]
26732,1398693865.197735,[{'idp': 116, 'x': 3.599, 'y': 2.361, 'r': 0.4, 'type': 1}, {'idp': 117, 'x': 2.446, 'y': 1.168, 'r': 0.4, 'type': 1}]
26733,1398693865.1977613,[{'idp': 116, 'x': 3.572, 'y': 2.365, 'r': 0.4, 'type': 1}, {'idp': 117, 'x': 2.433, 'y': 1.175, 'r': 0.4, 'type': 1}]
26734,1398693865.2376812,[{'idp': 116, 'x': 3.558, 'y': 2.356, 'r': 0.4, 'type': 1}, {'idp': 117, 'x': 2.424, 'y': 1.186, 'r': 0.4, 'type': 1}]
26735,1398693865.244648,[{'idp': 116, 'x': 3.54, 'y': 2.366, 'r': 0.4, 'type': 1}, {'idp': 117, 'x': 2.411, 'y': 1.179, 'r': 0.4, 'type': 1}]
26736,1398693865.281702,[{'idp': 116, 'x': 3.528, 'y': 2.358, 'r': 0.4, 'type': 1}, {'idp': 117, 'x': 2.39, 'y': 1.176, 'r': 0.4, 'type': 1}]
26737,1398693865.3216703,[{'idp': 116, 'x': 3.519, 'y': 2.352, 'r': 0.4, 'type': 1}, {'idp': 117, 'x': 2.38, 'y': 1.178, 'r': 0.4, 'type': 1}]
26738,1398693865.3217034,[{'idp': 116, 'x': 3.506, 'y': 2.355, 'r': 0.4, 'type': 1}, {'idp': 117, 'x': 2.379, 'y': 1.177, 'r': 0.4, 'type': 1}]
26739,1398693865.3618515,[{'idp': 116, 'x': 3.474, 'y': 2.355, 'r': 0.4, 'type': 1}, {'idp': 117, 'x': 2.366, 'y': 1.164, 'r': 0.4, 'type': 1}]
26740,1398693865.3698242,[{'idp': 116, 'x': 3.462, 'y': 2.346, 'r': 0.4, 'type': 1}, {'idp': 117, 'x': 2.365, 'y': 1.163, 'r': 0.4, 'type': 1}]
26741,1398693865.409732,[{'idp': 116, 'x': 3.443, 'y': 2.356, 'r': 0.4, 'type': 1}, {'idp': 117, 'x': 2.345, 'y': 1.173, 'r': 0.4, 'type': 1}]
26742,1398693865.4496965,[{'idp': 116, 'x': 3.446, 'y': 2.358, 'r': 0.4, 'type': 1}, {'idp': 117, 'x': 2.334, 'y': 1.181, 'r': 0.4, 'type': 1}]
26743,1398693865.4497235,[{'idp': 116, 'x': 3.43, 'y': 2.336, 'r': 0.4, 'type': 1}, {'idp': 117, 'x': 2.323, 'y': 1.189, 'r': 0.4, 'type': 1}]
26744,1398693865.489788,[{'idp': 116, 'x': 3.415, 'y': 2.348, 'r': 0.4, 'type': 1}, {'idp': 117, 'x': 2.312, 'y': 1.196, 'r': 0.4, 'type': 1}]
26745,1398693865.494609,[{'idp': 116, 'x': 3.409, 'y': 2.354, 'r': 0.4, 'type': 1}, {'idp': 117, 'x': 2.306, 'y': 1.201, 'r': 0.4, 'type': 1}]
26746,1398693865.5336947,[{'idp': 116, 'x': 3.394, 'y': 2.355, 'r': 0.4, 'type': 1}, {'idp': 117, 'x': 2.295, 'y': 1.201, 'r': 0.4, 'type': 1}]
26747,1398693865.573662,[{'idp': 116, 'x': 3.379, 'y': 2.367, 'r': 0.4, 'type': 1}, {'idp': 117, 'x': 2.274, 'y': 1.203, 'r': 0.4, 'type': 1}]
26748,1398693865.5737298,[{'idp': 116, 'x': 3.369, 'y': 2.359, 'r': 0.4, 'type': 1}, {'idp': 117, 'x': 2.268, 'y': 1.198, 'r': 0.4, 'type': 1}]
26749,1398693865.6137006,[{'idp': 116, 'x': 3.361, 'y': 2.376, 'r': 0.4, 'type': 1}, {'idp': 117, 'x': 2.265, 'y': 1.208, 'r': 0.4, 'type': 1}]
26750,1398693865.6192062,[{'idp': 116, 'x': 3.354, 'y': 2.371, 'r': 0.4, 'type': 1}, {'idp': 117, 'x': 2.237, 'y': 1.192, 'r': 0.4, 'type': 1}]
26751,1398693865.6577873,[{'idp': 116, 'x': 3.34, 'y': 2.372, 'r': 0.4, 'type': 1}, {'idp': 117, 'x': 2.221, 'y': 1.191, 'r': 0.4, 'type': 1}]
26752,1398693865.697734,[{'idp': 116, 'x': 3.318, 'y': 2.378, 'r': 0.4, 'type': 1}, {'idp': 117, 'x': 2.207, 'y': 1.195, 'r': 0.4, 'type': 1}]
26753,1398693865.6977577,[{'idp': 116, 'x': 3.307, 'y': 2.382, 'r': 0.4, 'type': 1}, {'idp': 117, 'x': 2.203, 'y': 1.199, 'r': 0.4, 'type': 1}]
26754,1398693865.7377388,[{'idp': 116, 'x': 3.301, 'y': 2.367, 'r': 0.4, 'type': 1}, {'idp': 117, 'x': 2.206, 'y': 1.201, 'r': 0.4, 'type': 1}]
26755,1398693865.7440019,[{'idp': 116, 'x': 3.282, 'y': 2.375, 'r': 0.4, 'type': 1}, {'idp': 117, 'x': 2.194, 'y': 1.21, 'r': 0.4, 'type': 1}]
26756,1398693865.781701,[{'idp': 116, 'x': 3.265, 'y': 2.384, 'r': 0.4, 'type': 1}, {'idp': 117, 'x': 2.183, 'y': 1.209, 'r': 0.4, 'type': 1}]
26757,1398693865.821668,[{'idp': 116, 'x': 3.243, 'y': 2.401, 'r': 0.4, 'type': 1}, {'idp': 117, 'x': 2.16, 'y': 1.222, 'r': 0.4, 'type': 1}]
26758,1398693865.8218296,[{'idp': 116, 'x': 3.23, 'y': 2.402, 'r': 0.4, 'type': 1}, {'idp': 117, 'x': 2.139, 'y': 1.214, 'r': 0.4, 'type': 1}]
26759,1398693865.8617089,[{'idp': 116, 'x': 3.209, 'y': 2.408, 'r': 0.4, 'type': 1}, {'idp': 117, 'x': 2.132, 'y': 1.224, 'r': 0.4, 'type': 1}]
26760,1398693865.8684037,[{'idp': 116, 'x': 3.199, 'y': 2.4, 'r': 0.4, 'type': 1}, {'idp': 117, 'x': 2.121, 'y': 1.224, 'r': 0.4, 'type': 1}]
26761,1398693865.9057128,[{'idp': 116, 'x': 3.191, 'y': 2.406, 'r': 0.4, 'type': 1}, {'idp': 117, 'x': 2.107, 'y': 1.215, 'r': 0.4, 'type': 1}]
26762,1398693865.9456844,[{'idp': 116, 'x': 3.181, 'y': 2.387, 'r': 0.4, 'type': 1}, {'idp': 117, 'x': 2.1, 'y': 1.211, 'r': 0.4, 'type': 1}]
26763,1398693865.945716,[{'idp': 116, 'x': 3.151, 'y': 2.397, 'r': 0.4, 'type': 1}, {'idp': 117, 'x': 2.089, 'y': 1.224, 'r': 0.4, 'type': 1}]
26764,1398693865.9857173,[{'idp': 116, 'x': 3.163, 'y': 2.395, 'r': 0.4, 'type': 1}, {'idp': 117, 'x': 2.079, 'y': 1.202, 'r': 0.4, 'type': 1}]
26765,1398693865.9931047,[{'idp': 116, 'x': 3.139, 'y': 2.41, 'r': 0.4, 'type': 1}, {'idp': 117, 'x': 2.075, 'y': 1.227, 'r': 0.4, 'type': 1}]
26766,1398693866.0296845,[{'idp': 116, 'x': 3.119, 'y': 2.416, 'r': 0.4, 'type': 1}, {'idp': 117, 'x': 2.057, 'y': 1.234, 'r': 0.4, 'type': 1}]
26767,1398693866.069744,[{'idp': 116, 'x': 3.11, 'y': 2.431, 'r': 0.4, 'type': 1}, {'idp': 117, 'x': 2.038, 'y': 1.228, 'r': 0.4, 'type': 1}]
26768,1398693866.069773,[{'idp': 116, 'x': 3.091, 'y': 2.448, 'r': 0.4, 'type': 1}, {'idp': 117, 'x': 2.034, 'y': 1.246, 'r': 0.4, 'type': 1}]
26769,1398693866.109735,[{'idp': 116, 'x': 3.075, 'y': 2.426, 'r': 0.4, 'type': 1}, {'idp': 117, 'x': 2.02, 'y': 1.236, 'r': 0.4, 'type': 1}]
26770,1398693866.117404,[{'idp': 116, 'x': 3.075, 'y': 2.436, 'r': 0.4, 'type': 1}, {'idp': 117, 'x': 1.998, 'y': 1.222, 'r': 0.4, 'type': 1}]
26771,1398693866.1536908,[{'idp': 116, 'x': 3.058, 'y': 2.433, 'r': 0.4, 'type': 1}, {'idp': 117, 'x': 1.996, 'y': 1.235, 'r': 0.4, 'type': 1}]
26772,1398693866.1937556,[{'idp': 116, 'x': 3.052, 'y': 2.44, 'r': 0.4, 'type': 1}, {'idp': 117, 'x': 1.978, 'y': 1.229, 'r': 0.4, 'type': 1}]
26773,1398693866.1937869,[{'idp': 116, 'x': 3.04, 'y': 2.463, 'r': 0.4, 'type': 1}, {'idp': 117, 'x': 1.97, 'y': 1.25, 'r': 0.4, 'type': 1}]
26774,1398693866.233794,[{'idp': 116, 'x': 3.01, 'y': 2.493, 'r': 0.4, 'type': 1}, {'idp': 117, 'x': 1.928, 'y': 1.237, 'r': 0.4, 'type': 1}]
26775,1398693866.242928,[{'idp': 116, 'x': 2.995, 'y': 2.492, 'r': 0.4, 'type': 1}, {'idp': 117, 'x': 1.884, 'y': 1.215, 'r': 0.4, 'type': 1}]
26776,1398693866.281704,[{'idp': 116, 'x': 2.991, 'y': 2.51, 'r': 0.4, 'type': 1}, {'idp': 117, 'x': 1.868, 'y': 1.211, 'r': 0.4, 'type': 1}]
26777,1398693866.321716,[{'idp': 116, 'x': 2.984, 'y': 2.505, 'r': 0.4, 'type': 1}, {'idp': 117, 'x': 1.862, 'y': 1.218, 'r': 0.4, 'type': 1}]
26778,1398693866.3217456,[{'idp': 116, 'x': 2.972, 'y': 2.494, 'r': 0.4, 'type': 1}, {'idp': 117, 'x': 1.857, 'y': 1.215, 'r': 0.4, 'type': 1}]
26779,1398693866.3617399,[{'idp': 116, 'x': 2.962, 'y': 2.496, 'r': 0.4, 'type': 1}, {'idp': 117, 'x': 1.849, 'y': 1.221, 'r': 0.4, 'type': 1}]
26780,1398693866.3671951,[{'idp': 116, 'x': 2.933, 'y': 2.528, 'r': 0.4, 'type': 1}, {'idp': 117, 'x': 1.839, 'y': 1.226, 'r': 0.4, 'type': 1}]
26781,1398693866.4057248,[{'idp': 116, 'x': 2.937, 'y': 2.52, 'r': 0.4, 'type': 1}, {'idp': 117, 'x': 1.82, 'y': 1.213, 'r': 0.4, 'type': 1}]
26782,1398693866.4456882,[{'idp': 116, 'x': 2.925, 'y': 2.521, 'r': 0.4, 'type': 1}, {'idp': 117, 'x': 1.821, 'y': 1.214, 'r': 0.4, 'type': 1}]
26783,1398693866.4457033,[{'idp': 116, 'x': 2.922, 'y': 2.518, 'r': 0.4, 'type': 1}, {'idp': 117, 'x': 1.8, 'y': 1.206, 'r': 0.4, 'type': 1}]
26784,1398693866.4896092,[{'idp': 116, 'x': 2.905, 'y': 2.526, 'r': 0.4, 'type': 1}, {'idp': 117, 'x': 1.79, 'y': 1.206, 'r': 0.4, 'type': 1}]
26785,1398693866.4919343,[{'idp': 116, 'x': 2.894, 'y': 2.539, 'r': 0.4, 'type': 1}, {'idp': 117, 'x': 1.782, 'y': 1.216, 'r': 0.4, 'type': 1}]
26786,1398693866.5296926,[{'idp': 116, 'x': 2.88, 'y': 2.537, 'r': 0.4, 'type': 1}, {'idp': 117, 'x': 1.767, 'y': 1.218, 'r': 0.4, 'type': 1}]
26787,1398693866.5696943,[{'idp': 116, 'x': 2.864, 'y': 2.545, 'r': 0.4, 'type': 1}, {'idp': 117, 'x': 1.76, 'y': 1.224, 'r': 0.4, 'type': 1}]
26788,1398693866.569727,[{'idp': 116, 'x': 2.852, 'y': 2.546, 'r': 0.4, 'type': 1}, {'idp': 117, 'x': 1.734, 'y': 1.218, 'r': 0.4, 'type': 1}]
26789,1398693866.609715,[{'idp': 116, 'x': 2.828, 'y': 2.547, 'r': 0.4, 'type': 1}, {'idp': 117, 'x': 1.728, 'y': 1.224, 'r': 0.4, 'type': 1}]
26790,1398693866.6175401,[{'idp': 116, 'x': 2.81, 'y': 2.564, 'r': 0.4, 'type': 1}, {'idp': 117, 'x': 1.707, 'y': 1.228, 'r': 0.4, 'type': 1}]
26791,1398693866.6536858,[{'idp': 116, 'x': 2.791, 'y': 2.558, 'r': 0.4, 'type': 1}, {'idp': 117, 'x': 1.695, 'y': 1.23, 'r': 0.4, 'type': 1}]
26792,1398693866.6936765,[{'idp': 116, 'x': 2.794, 'y': 2.573, 'r': 0.4, 'type': 1}, {'idp': 117, 'x': 1.681, 'y': 1.226, 'r': 0.4, 'type': 1}]
26793,1398693866.6937044,[{'idp': 116, 'x': 2.764, 'y': 2.555, 'r': 0.4, 'type': 1}, {'idp': 117, 'x': 1.672, 'y': 1.224, 'r': 0.4, 'type': 1}]
26794,1398693866.7337399,[{'idp': 116, 'x': 2.758, 'y': 2.561, 'r': 0.4, 'type': 1}, {'idp': 117, 'x': 1.656, 'y': 1.224, 'r': 0.4, 'type': 1}]
26795,1398693866.741798,[{'idp': 116, 'x': 2.748, 'y': 2.563, 'r': 0.4, 'type': 1}, {'idp': 117, 'x': 1.66, 'y': 1.226, 'r': 0.4, 'type': 1}]
26796,1398693866.7816763,[{'idp': 116, 'x': 2.746, 'y': 2.573, 'r': 0.4, 'type': 1}, {'idp': 117, 'x': 1.651, 'y': 1.225, 'r': 0.4, 'type': 1}]
26797,1398693866.8216913,[{'idp': 116, 'x': 2.733, 'y': 2.571, 'r': 0.4, 'type': 1}, {'idp': 117, 'x': 1.625, 'y': 1.218, 'r': 0.4, 'type': 1}]
26798,1398693866.8217256,[{'idp': 116, 'x': 2.705, 'y': 2.568, 'r': 0.4, 'type': 1}, {'idp': 117, 'x': 1.618, 'y': 1.224, 'r': 0.4, 'type': 1}]
26799,1398693866.8617377,[{'idp': 116, 'x': 2.695, 'y': 2.581, 'r': 0.4, 'type': 1}, {'idp': 117, 'x': 1.606, 'y': 1.225, 'r': 0.4, 'type': 1}]
26800,1398693866.8660107,[{'idp': 116, 'x': 2.688, 'y': 2.574, 'r': 0.4, 'type': 1}, {'idp': 117, 'x': 1.605, 'y': 1.224, 'r': 0.4, 'type': 1}]
26801,1398693866.9056706,[{'idp': 116, 'x': 2.692, 'y': 2.589, 'r': 0.4, 'type': 1}, {'idp': 117, 'x': 1.592, 'y': 1.221, 'r': 0.4, 'type': 1}]
26802,1398693866.945688,[{'idp': 116, 'x': 2.664, 'y': 2.562, 'r': 0.4, 'type': 1}, {'idp': 117, 'x': 1.582, 'y': 1.224, 'r': 0.4, 'type': 1}]
26803,1398693866.9457226,[{'idp': 116, 'x': 2.636, 'y': 2.558, 'r': 0.4, 'type': 1}, {'idp': 117, 'x': 1.569, 'y': 1.225, 'r': 0.4, 'type': 1}]
26804,1398693866.985759,[{'idp': 116, 'x': 2.621, 'y': 2.587, 'r': 0.4, 'type': 1}, {'idp': 117, 'x': 1.55, 'y': 1.226, 'r': 0.4, 'type': 1}]
26805,1398693866.992054,[{'idp': 116, 'x': 2.609, 'y': 2.587, 'r': 0.4, 'type': 1}, {'idp': 117, 'x': 1.536, 'y': 1.221, 'r': 0.4, 'type': 1}]
26806,1398693867.0296993,[{'idp': 116, 'x': 2.602, 'y': 2.591, 'r': 0.4, 'type': 1}, {'idp': 117, 'x': 1.524, 'y': 1.222, 'r': 0.4, 'type': 1}]
26807,1398693867.0697289,[{'idp': 116, 'x': 2.586, 'y': 2.575, 'r': 0.4, 'type': 1}, {'idp': 117, 'x': 1.521, 'y': 1.226, 'r': 0.4, 'type': 1}]
26808,1398693867.0697584,[{'idp': 116, 'x': 2.575, 'y': 2.587, 'r': 0.4, 'type': 1}, {'idp': 117, 'x': 1.497, 'y': 1.217, 'r': 0.4, 'type': 1}]
26809,1398693867.1097457,[{'idp': 116, 'x': 2.55, 'y': 2.573, 'r': 0.4, 'type': 1}, {'idp': 117, 'x': 1.492, 'y': 1.223, 'r': 0.4, 'type': 1}]
26810,1398693867.1156645,[{'idp': 116, 'x': 2.548, 'y': 2.593, 'r': 0.4, 'type': 1}, {'idp': 117, 'x': 1.487, 'y': 1.224, 'r': 0.4, 'type': 1}]
26811,1398693867.1536772,[{'idp': 116, 'x': 2.525, 'y': 2.592, 'r': 0.4, 'type': 1}, {'idp': 117, 'x': 1.463, 'y': 1.221, 'r': 0.4, 'type': 1}]
26812,1398693867.1936953,[{'idp': 116, 'x': 2.519, 'y': 2.609, 'r': 0.4, 'type': 1}, {'idp': 117, 'x': 1.453, 'y': 1.223, 'r': 0.4, 'type': 1}]
26813,1398693867.1937244,[{'idp': 116, 'x': 2.506, 'y': 2.63, 'r': 0.4, 'type': 1}, {'idp': 117, 'x': 1.434, 'y': 1.224, 'r': 0.4, 'type': 1}]
26814,1398693867.2336895,[{'idp': 116, 'x': 2.504, 'y': 2.616, 'r': 0.4, 'type': 1}, {'idp': 117, 'x': 1.435, 'y': 1.224, 'r': 0.4, 'type': 1}]
26815,1398693867.2407925,[{'idp': 116, 'x': 2.494, 'y': 2.628, 'r': 0.4, 'type': 1}, {'idp': 117, 'x': 1.42, 'y': 1.223, 'r': 0.4, 'type': 1}]
26816,1398693867.277702,[{'idp': 116, 'x': 2.485, 'y': 2.642, 'r': 0.4, 'type': 1}, {'idp': 117, 'x': 1.414, 'y': 1.223, 'r': 0.4, 'type': 1}]
26817,1398693867.3177226,[{'idp': 116, 'x': 2.472, 'y': 2.663, 'r': 0.4, 'type': 1}, {'idp': 117, 'x': 1.398, 'y': 1.226, 'r': 0.4, 'type': 1}]
26818,1398693867.3177516,[{'idp': 116, 'x': 2.457, 'y': 2.646, 'r': 0.4, 'type': 1}, {'idp': 117, 'x': 1.388, 'y': 1.221, 'r': 0.4, 'type': 1}]
26819,1398693867.357742,[{'idp': 116, 'x': 2.432, 'y': 2.642, 'r': 0.4, 'type': 1}, {'idp': 117, 'x': 1.368, 'y': 1.221, 'r': 0.4, 'type': 1}]
26820,1398693867.366065,[{'idp': 116, 'x': 2.443, 'y': 2.654, 'r': 0.4, 'type': 1}, {'idp': 117, 'x': 1.358, 'y': 1.217, 'r': 0.4, 'type': 1}]
26821,1398693867.4056995,[{'idp': 116, 'x': 2.425, 'y': 2.647, 'r': 0.4, 'type': 1}, {'idp': 117, 'x': 1.349, 'y': 1.209, 'r': 0.4, 'type': 1}]
26822,1398693867.4457135,[{'idp': 116, 'x': 2.425, 'y': 2.647, 'r': 0.4, 'type': 1}, {'idp': 117, 'x': 1.35, 'y': 1.215, 'r': 0.4, 'type': 1}]
26823,1398693867.4457455,[{'idp': 116, 'x': 2.425, 'y': 2.647, 'r': 0.4, 'type': 1}, {'idp': 117, 'x': 1.366, 'y': 1.239, 'r': 0.4, 'type': 1}]
26824,1398693867.4857826,[{'idp': 116, 'x': 2.425, 'y': 2.647, 'r': 0.4, 'type': 1}, {'idp': 117, 'x': 1.363, 'y': 1.264, 'r': 0.4, 'type': 1}]
26825,1398693867.4907231,[{'idp': 116, 'x': 2.344, 'y': 2.592, 'r': 0.4, 'type': 1}, {'idp': 117, 'x': 1.359, 'y': 1.241, 'r': 0.4, 'type': 1}]
26826,1398693867.5296807,[{'idp': 116, 'x': 2.336, 'y': 2.595, 'r': 0.4, 'type': 1}, {'idp': 117, 'x': 1.36, 'y': 1.252, 'r': 0.4, 'type': 1}]
26827,1398693867.5697572,[{'idp': 116, 'x': 2.29, 'y': 2.543, 'r': 0.4, 'type': 1}, {'idp': 117, 'x': 1.359, 'y': 1.251, 'r': 0.4, 'type': 1}]
26828,1398693867.5697904,[{'idp': 116, 'x': 2.319, 'y': 2.553, 'r': 0.4, 'type': 1}, {'idp': 117, 'x': 1.35, 'y': 1.232, 'r': 0.4, 'type': 1}]
26829,1398693867.6097395,[{'idp': 116, 'x': 2.341, 'y': 2.555, 'r': 0.4, 'type': 1}, {'idp': 117, 'x': 1.353, 'y': 1.23, 'r': 0.4, 'type': 1}]
26830,1398693867.6159606,[{'idp': 116, 'x': 2.317, 'y': 2.551, 'r': 0.4, 'type': 1}, {'idp': 117, 'x': 1.344, 'y': 1.232, 'r': 0.4, 'type': 1}]
26831,1398693867.653689,[{'idp': 116, 'x': 2.333, 'y': 2.613, 'r': 0.4, 'type': 1}, {'idp': 117, 'x': 1.32, 'y': 1.237, 'r': 0.4, 'type': 1}]
26832,1398693867.6937232,[{'idp': 116, 'x': 2.333, 'y': 2.613, 'r': 0.4, 'type': 1}, {'idp': 117, 'x': 1.289, 'y': 1.262, 'r': 0.4, 'type': 1}]
26833,1398693867.693758,[{'idp': 116, 'x': 2.333, 'y': 2.613, 'r': 0.4, 'type': 1}, {'idp': 117, 'x': 1.268, 'y': 1.268, 'r': 0.4, 'type': 1}]
26834,1398693867.7337055,[{'idp': 116, 'x': 2.333, 'y': 2.613, 'r': 0.4, 'type': 1}, {'idp': 117, 'x': 1.254, 'y': 1.266, 'r': 0.4, 'type': 1}]
26835,1398693867.7403898,[{'idp': 116, 'x': 2.333, 'y': 2.613, 'r': 0.4, 'type': 1}, {'idp': 117, 'x': 1.256, 'y': 1.252, 'r': 0.4, 'type': 1}]
26836,1398693867.7778025,[{'idp': 116, 'x': 2.333, 'y': 2.613, 'r': 0.4, 'type': 1}, {'idp': 117, 'x': 1.246, 'y': 1.259, 'r': 0.4, 'type': 1}]
26837,1398693867.817706,[{'idp': 116, 'x': 2.333, 'y': 2.613, 'r': 0.4, 'type': 1}, {'idp': 117, 'x': 1.232, 'y': 1.255, 'r': 0.4, 'type': 1}]
26838,1398693867.8177345,[{'idp': 116, 'x': 2.225, 'y': 2.629, 'r': 0.4, 'type': 1}, {'idp': 117, 'x': 1.221, 'y': 1.227, 'r': 0.4, 'type': 1}]
26839,1398693867.8577075,[{'idp': 116, 'x': 2.225, 'y': 2.629, 'r': 0.4, 'type': 1}, {'idp': 117, 'x': 1.211, 'y': 1.233, 'r': 0.4, 'type': 1}]
26840,1398693867.8648,[{'idp': 116, 'x': 2.225, 'y': 2.629, 'r': 0.4, 'type': 1}, {'idp': 117, 'x': 1.192, 'y': 1.23, 'r': 0.4, 'type': 1}]
26841,1398693867.9016337,[{'idp': 116, 'x': 2.225, 'y': 2.629, 'r': 0.4, 'type': 1}, {'idp': 117, 'x': 1.182, 'y': 1.23, 'r': 0.4, 'type': 1}]
26842,1398693867.9417145,[{'idp': 116, 'x': 2.225, 'y': 2.629, 'r': 0.4, 'type': 1}, {'idp': 117, 'x': 1.164, 'y': 1.212, 'r': 0.4, 'type': 1}]
26843,1398693867.9417474,[{'idp': 116, 'x': 2.225, 'y': 2.629, 'r': 0.4, 'type': 1}, {'idp': 117, 'x': 1.157, 'y': 1.215, 'r': 0.4, 'type': 1}]
26844,1398693867.9817142,[{'idp': 116, 'x': 2.225, 'y': 2.629, 'r': 0.4, 'type': 1}, {'idp': 117, 'x': 1.148, 'y': 1.215, 'r': 0.4, 'type': 1}]
26845,1398693867.9892955,[{'idp': 116, 'x': 2.225, 'y': 2.629, 'r': 0.4, 'type': 1}, {'idp': 117, 'x': 1.14, 'y': 1.223, 'r': 0.4, 'type': 1}]
26846,1398693868.0256953,[{'idp': 116, 'x': 2.225, 'y': 2.629, 'r': 0.4, 'type': 1}, {'idp': 117, 'x': 1.124, 'y': 1.222, 'r': 0.4, 'type': 1}]
26847,1398693868.0657058,[{'idp': 116, 'x': 2.225, 'y': 2.629, 'r': 0.4, 'type': 1}, {'idp': 117, 'x': 1.101, 'y': 1.212, 'r': 0.4, 'type': 1}]
26848,1398693868.0657592,[{'idp': 116, 'x': 2.225, 'y': 2.629, 'r': 0.4, 'type': 1}, {'idp': 117, 'x': 1.09, 'y': 1.222, 'r': 0.4, 'type': 1}]
26849,1398693868.1057298,[{'idp': 116, 'x': 2.225, 'y': 2.629, 'r': 0.4, 'type': 1}, {'idp': 117, 'x': 1.073, 'y': 1.209, 'r': 0.4, 'type': 1}]
26850,1398693868.114274,[{'idp': 116, 'x': 2.225, 'y': 2.629, 'r': 0.4, 'type': 1}, {'idp': 117, 'x': 1.068, 'y': 1.219, 'r': 0.4, 'type': 1}]
26851,1398693868.1536572,[{'idp': 116, 'x': 2.369, 'y': 2.308, 'r': 0.4, 'type': 1}, {'idp': 117, 'x': 1.056, 'y': 1.215, 'r': 0.4, 'type': 1}]
26852,1398693868.1937568,[{'idp': 116, 'x': 2.339, 'y': 2.278, 'r': 0.4, 'type': 1}, {'idp': 117, 'x': 1.046, 'y': 1.216, 'r': 0.4, 'type': 1}]
26853,1398693868.1937885,[{'idp': 116, 'x': 2.35, 'y': 2.299, 'r': 0.4, 'type': 1}, {'idp': 117, 'x': 1.036, 'y': 1.214, 'r': 0.4, 'type': 1}]
26854,1398693868.2337122,[{'idp': 116, 'x': 2.308, 'y': 2.288, 'r': 0.4, 'type': 1}, {'idp': 117, 'x': 1.024, 'y': 1.216, 'r': 0.4, 'type': 1}]
26855,1398693868.2394316,[{'idp': 116, 'x': 2.283, 'y': 2.273, 'r': 0.4, 'type': 1}, {'idp': 117, 'x': 1.013, 'y': 1.215, 'r': 0.4, 'type': 1}]
26856,1398693868.2776792,[{'idp': 116, 'x': 2.25, 'y': 2.279, 'r': 0.4, 'type': 1}, {'idp': 117, 'x': 0.998, 'y': 1.217, 'r': 0.4, 'type': 1}]
26857,1398693868.3177073,[{'idp': 116, 'x': 2.238, 'y': 2.277, 'r': 0.4, 'type': 1}, {'idp': 117, 'x': 0.983, 'y': 1.21, 'r': 0.4, 'type': 1}]
26858,1398693868.3177402,[{'idp': 116, 'x': 2.23, 'y': 2.289, 'r': 0.4, 'type': 1}, {'idp': 117, 'x': 0.981, 'y': 1.219, 'r': 0.4, 'type': 1}]
26859,1398693868.357991,[{'idp': 116, 'x': 2.212, 'y': 2.29, 'r': 0.4, 'type': 1}, {'idp': 117, 'x': 0.966, 'y': 1.216, 'r': 0.4, 'type': 1}]
26860,1398693868.3620229,[{'idp': 116, 'x': 2.203, 'y': 2.291, 'r': 0.4, 'type': 1}, {'idp': 117, 'x': 0.957, 'y': 1.215, 'r': 0.4, 'type': 1}]
26861,1398693868.4016652,[{'idp': 116, 'x': 2.168, 'y': 2.284, 'r': 0.4, 'type': 1}, {'idp': 117, 'x': 0.942, 'y': 1.213, 'r': 0.4, 'type': 1}]
26862,1398693868.4416788,[{'idp': 116, 'x': 2.16, 'y': 2.296, 'r': 0.4, 'type': 1}, {'idp': 117, 'x': 0.935, 'y': 1.219, 'r': 0.4, 'type': 1}]
26863,1398693868.4417114,[{'idp': 116, 'x': 2.157, 'y': 2.302, 'r': 0.4, 'type': 1}, {'idp': 117, 'x': 0.92, 'y': 1.217, 'r': 0.4, 'type': 1}]
26864,1398693868.4816418,[{'idp': 116, 'x': 2.13, 'y': 2.304, 'r': 0.4, 'type': 1}, {'idp': 117, 'x': 0.911, 'y': 1.215, 'r': 0.4, 'type': 1}]
26865,1398693868.4877293,[{'idp': 116, 'x': 2.114, 'y': 2.307, 'r': 0.4, 'type': 1}, {'idp': 117, 'x': 0.898, 'y': 1.222, 'r': 0.4, 'type': 1}]
26866,1398693868.5257258,[{'idp': 116, 'x': 2.108, 'y': 2.321, 'r': 0.4, 'type': 1}, {'idp': 117, 'x': 0.88, 'y': 1.208, 'r': 0.4, 'type': 1}]
26867,1398693868.5656767,[{'idp': 116, 'x': 2.087, 'y': 2.329, 'r': 0.4, 'type': 1}, {'idp': 117, 'x': 0.869, 'y': 1.209, 'r': 0.4, 'type': 1}]
26868,1398693868.605723,[{'idp': 116, 'x': 2.098, 'y': 2.33, 'r': 0.4, 'type': 1}, {'idp': 117, 'x': 0.861, 'y': 1.214, 'r': 0.4, 'type': 1}]
26869,1398693868.6057527,[{'idp': 116, 'x': 2.068, 'y': 2.317, 'r': 0.4, 'type': 1}, {'idp': 117, 'x': 0.848, 'y': 1.22, 'r': 0.4, 'type': 1}]
26870,1398693868.645644,[{'idp': 116, 'x': 2.056, 'y': 2.323, 'r': 0.4, 'type': 1}, {'idp': 117, 'x': 0.836, 'y': 1.212, 'r': 0.4, 'type': 1}]
26871,1398693868.645679,[{'idp': 116, 'x': 2.057, 'y': 2.332, 'r': 0.4, 'type': 1}, {'idp': 117, 'x': 0.829, 'y': 1.225, 'r': 0.4, 'type': 1}]
26872,1398693868.685708,[{'idp': 116, 'x': 2.033, 'y': 2.336, 'r': 0.4, 'type': 1}, {'idp': 117, 'x': 0.814, 'y': 1.215, 'r': 0.4, 'type': 1}]
26873,1398693868.6863,[{'idp': 116, 'x': 2.024, 'y': 2.357, 'r': 0.4, 'type': 1}, {'idp': 117, 'x': 0.798, 'y': 1.214, 'r': 0.4, 'type': 1}]
26874,1398693868.7257247,[{'idp': 116, 'x': 2.005, 'y': 2.36, 'r': 0.4, 'type': 1}, {'idp': 117, 'x': 0.788, 'y': 1.217, 'r': 0.4, 'type': 1}]
26875,1398693868.7657065,[{'idp': 116, 'x': 1.992, 'y': 2.365, 'r': 0.4, 'type': 1}, {'idp': 117, 'x': 0.776, 'y': 1.215, 'r': 0.4, 'type': 1}]
26876,1398693868.766861,[{'idp': 116, 'x': 1.972, 'y': 2.382, 'r': 0.4, 'type': 1}, {'idp': 117, 'x': 0.761, 'y': 1.209, 'r': 0.4, 'type': 1}]
26877,1398693868.8057606,[{'idp': 116, 'x': 1.952, 'y': 2.38, 'r': 0.4, 'type': 1}, {'idp': 117, 'x': 0.745, 'y': 1.206, 'r': 0.4, 'type': 1}]
26878,1398693868.81089,[{'idp': 116, 'x': 1.928, 'y': 2.411, 'r': 0.4, 'type': 1}, {'idp': 117, 'x': 0.732, 'y': 1.214, 'r': 0.4, 'type': 1}]
26879,1398693868.8497167,[{'idp': 116, 'x': 1.912, 'y': 2.417, 'r': 0.4, 'type': 1}, {'idp': 117, 'x': 0.712, 'y': 1.204, 'r': 0.4, 'type': 1}]
26880,1398693868.8897026,[{'idp': 116, 'x': 1.892, 'y': 2.413, 'r': 0.4, 'type': 1}, {'idp': 117, 'x': 0.688, 'y': 1.193, 'r': 0.4, 'type': 1}]
26881,1398693868.889938,[{'idp': 116, 'x': 1.885, 'y': 2.413, 'r': 0.4, 'type': 1}, {'idp': 117, 'x': 0.667, 'y': 1.179, 'r': 0.4, 'type': 1}]
26882,1398693868.9297514,[{'idp': 116, 'x': 1.878, 'y': 2.403, 'r': 0.4, 'type': 1}, {'idp': 117, 'x': 0.648, 'y': 1.181, 'r': 0.4, 'type': 1}]
26883,1398693868.9364064,[{'idp': 116, 'x': 1.871, 'y': 2.43, 'r': 0.4, 'type': 1}, {'idp': 117, 'x': 0.62, 'y': 1.165, 'r': 0.4, 'type': 1}]
26884,1398693868.9738147,[{'idp': 116, 'x': 1.846, 'y': 2.419, 'r': 0.4, 'type': 1}, {'idp': 117, 'x': 0.587, 'y': 1.122, 'r': 0.4, 'type': 1}]
26885,1398693869.013712,[{'idp': 116, 'x': 1.832, 'y': 2.41, 'r': 0.4, 'type': 1}, {'idp': 117, 'x': 0.563, 'y': 1.127, 'r': 0.4, 'type': 1}]
26886,1398693869.0137327,[{'idp': 116, 'x': 1.833, 'y': 2.424, 'r': 0.4, 'type': 1}, {'idp': 117, 'x': 0.552, 'y': 1.146, 'r': 0.4, 'type': 1}]
26887,1398693869.0537019,[{'idp': 116, 'x': 1.815, 'y': 2.409, 'r': 0.4, 'type': 1}, {'idp': 117, 'x': 0.557, 'y': 1.186, 'r': 0.4, 'type': 1}]
26888,1398693869.0601625,[{'idp': 116, 'x': 1.799, 'y': 2.422, 'r': 0.4, 'type': 1}, {'idp': 117, 'x': 0.544, 'y': 1.203, 'r': 0.4, 'type': 1}]
26889,1398693869.097736,[{'idp': 116, 'x': 1.793, 'y': 2.426, 'r': 0.4, 'type': 1}, {'idp': 117, 'x': 0.525, 'y': 1.214, 'r': 0.4, 'type': 1}]
26890,1398693869.1377804,[{'idp': 116, 'x': 1.779, 'y': 2.417, 'r': 0.4, 'type': 1}, {'idp': 117, 'x': 0.506, 'y': 1.22, 'r': 0.4, 'type': 1}]
26891,1398693869.1378555,[{'idp': 116, 'x': 1.764, 'y': 2.42, 'r': 0.4, 'type': 1}, {'idp': 117, 'x': 0.494, 'y': 1.235, 'r': 0.4, 'type': 1}]
26892,1398693869.1777961,[{'idp': 116, 'x': 1.755, 'y': 2.419, 'r': 0.4, 'type': 1}, {'idp': 117, 'x': 0.469, 'y': 1.232, 'r': 0.4, 'type': 1}]
26893,1398693869.1854362,[{'idp': 116, 'x': 1.751, 'y': 2.422, 'r': 0.4, 'type': 1}, {'idp': 117, 'x': 0.448, 'y': 1.233, 'r': 0.4, 'type': 1}]
26894,1398693869.2217298,[{'idp': 116, 'x': 1.734, 'y': 2.423, 'r': 0.4, 'type': 1}, {'idp': 117, 'x': 0.429, 'y': 1.237, 'r': 0.4, 'type': 1}]
26895,1398693869.2617013,[{'idp': 116, 'x': 1.717, 'y': 2.421, 'r': 0.4, 'type': 1}, {'idp': 117, 'x': 0.403, 'y': 1.236, 'r': 0.4, 'type': 1}]
26896,1398693869.261733,[{'idp': 116, 'x': 1.712, 'y': 2.426, 'r': 0.4, 'type': 1}, {'idp': 117, 'x': 0.39, 'y': 1.229, 'r': 0.4, 'type': 1}]
26897,1398693869.3017416,[{'idp': 116, 'x': 1.694, 'y': 2.411, 'r': 0.4, 'type': 1}, {'idp': 117, 'x': 0.38, 'y': 1.245, 'r': 0.4, 'type': 1}]
26898,1398693869.30948,[{'idp': 116, 'x': 1.688, 'y': 2.424, 'r': 0.4, 'type': 1}, {'idp': 117, 'x': 0.366, 'y': 1.246, 'r': 0.4, 'type': 1}]
26899,1398693869.3456714,[{'idp': 116, 'x': 1.684, 'y': 2.43, 'r': 0.4, 'type': 1}, {'idp': 117, 'x': 0.345, 'y': 1.239, 'r': 0.4, 'type': 1}]
26900,1398693869.3897352,[{'idp': 116, 'x': 1.664, 'y': 2.425, 'r': 0.4, 'type': 1}, {'idp': 117, 'x': 0.329, 'y': 1.239, 'r': 0.4, 'type': 1}]
26901,1398693869.3897827,[{'idp': 116, 'x': 1.657, 'y': 2.424, 'r': 0.4, 'type': 1}, {'idp': 117, 'x': 0.314, 'y': 1.232, 'r': 0.4, 'type': 1}]
26902,1398693869.4297788,[{'idp': 116, 'x': 1.634, 'y': 2.415, 'r': 0.4, 'type': 1}, {'idp': 117, 'x': 0.293, 'y': 1.227, 'r': 0.4, 'type': 1}]
26903,1398693869.434273,[{'idp': 116, 'x': 1.633, 'y': 2.424, 'r': 0.4, 'type': 1}, {'idp': 117, 'x': 0.274, 'y': 1.224, 'r': 0.4, 'type': 1}]
26904,1398693869.4743361,[{'idp': 116, 'x': 1.618, 'y': 2.424, 'r': 0.4, 'type': 1}, {'idp': 117, 'x': 0.256, 'y': 1.217, 'r': 0.4, 'type': 1}]
26905,1398693869.5137174,[{'idp': 116, 'x': 1.611, 'y': 2.426, 'r': 0.4, 'type': 1}, {'idp': 117, 'x': 0.238, 'y': 1.216, 'r': 0.4, 'type': 1}]
26906,1398693869.5137408,[{'idp': 116, 'x': 1.6, 'y': 2.421, 'r': 0.4, 'type': 1}, {'idp': 117, 'x': 0.225, 'y': 1.225, 'r': 0.4, 'type': 1}]
26907,1398693869.5537016,[{'idp': 116, 'x': 1.586, 'y': 2.423, 'r': 0.4, 'type': 1}, {'idp': 117, 'x': 0.202, 'y': 1.22, 'r': 0.4, 'type': 1}]
26908,1398693869.55956,[{'idp': 116, 'x': 1.568, 'y': 2.418, 'r': 0.4, 'type': 1}, {'idp': 117, 'x': 0.188, 'y': 1.217, 'r': 0.4, 'type': 1}]
26909,1398693869.5976706,[{'idp': 116, 'x': 1.557, 'y': 2.424, 'r': 0.4, 'type': 1}, {'idp': 117, 'x': 0.166, 'y': 1.222, 'r': 0.4, 'type': 1}]
26910,1398693869.637731,[{'idp': 116, 'x': 1.546, 'y': 2.432, 'r': 0.4, 'type': 1}, {'idp': 117, 'x': 0.153, 'y': 1.219, 'r': 0.4, 'type': 1}]
26911,1398693869.6377633,[{'idp': 116, 'x': 1.538, 'y': 2.418, 'r': 0.4, 'type': 1}, {'idp': 117, 'x': 0.143, 'y': 1.229, 'r': 0.4, 'type': 1}]
26912,1398693869.6777804,[{'idp': 116, 'x': 1.529, 'y': 2.426, 'r': 0.4, 'type': 1}, {'idp': 117, 'x': 0.125, 'y': 1.223, 'r': 0.4, 'type': 1}]
26913,1398693869.6840453,[{'idp': 116, 'x': 1.513, 'y': 2.425, 'r': 0.4, 'type': 1}, {'idp': 117, 'x': 0.113, 'y': 1.225, 'r': 0.4, 'type': 1}]
26914,1398693869.7216854,[{'idp': 116, 'x': 1.502, 'y': 2.418, 'r': 0.4, 'type': 1}, {'idp': 117, 'x': 0.097, 'y': 1.227, 'r': 0.4, 'type': 1}]
26915,1398693869.7616873,[{'idp': 116, 'x': 1.487, 'y': 2.42, 'r': 0.4, 'type': 1}, {'idp': 117, 'x': 0.08, 'y': 1.233, 'r': 0.4, 'type': 1}]
26916,1398693869.7617157,[{'idp': 116, 'x': 1.478, 'y': 2.427, 'r': 0.4, 'type': 1}, {'idp': 117, 'x': 0.06, 'y': 1.237, 'r': 0.4, 'type': 1}]
26917,1398693869.8017662,[{'idp': 116, 'x': 1.468, 'y': 2.422, 'r': 0.4, 'type': 1}, {'idp': 117, 'x': 0.032, 'y': 1.185, 'r': 0.4, 'type': 1}]
26918,1398693869.8081625,[{'idp': 116, 'x': 1.45, 'y': 2.418, 'r': 0.4, 'type': 1}, {'idp': 117, 'x': 0.02, 'y': 1.117, 'r': 0.4, 'type': 1}]
26919,1398693869.8456388,[{'idp': 116, 'x': 1.437, 'y': 2.418, 'r': 0.4, 'type': 1}, {'idp': 117, 'x': 0.015, 'y': 1.143, 'r': 0.4, 'type': 1}]
26920,1398693869.88566,[{'idp': 116, 'x': 1.43, 'y': 2.418, 'r': 0.4, 'type': 1}, {'idp': 117, 'x': 0.01, 'y': 1.119, 'r': 0.4, 'type': 1}]
26921,1398693869.88569,[{'idp': 116, 'x': 1.419, 'y': 2.425, 'r': 0.4, 'type': 1}, {'idp': 117, 'x': 0.01, 'y': 1.119, 'r': 0.4, 'type': 1}]
26922,1398693869.9257462,[{'idp': 116, 'x': 1.41, 'y': 2.422, 'r': 0.4, 'type': 1}, {'idp': 117, 'x': 0.01, 'y': 1.119, 'r': 0.4, 'type': 1}]
26923,1398693869.9336202,[{'idp': 116, 'x': 1.402, 'y': 2.42, 'r': 0.4, 'type': 1}, {'idp': 117, 'x': 0.01, 'y': 1.119, 'r': 0.4, 'type': 1}]
26924,1398693869.9696615,[{'idp': 116, 'x': 1.391, 'y': 2.427, 'r': 0.4, 'type': 1}, {'idp': 117, 'x': 0.01, 'y': 1.119, 'r': 0.4, 'type': 1}]
26925,1398693870.009672,[{'idp': 116, 'x': 1.38, 'y': 2.418, 'r': 0.4, 'type': 1}, {'idp': 117, 'x': 0.01, 'y': 1.119, 'r': 0.4, 'type': 1}]
26926,1398693870.0097027,[{'idp': 116, 'x': 1.371, 'y': 2.416, 'r': 0.4, 'type': 1}, {'idp': 117, 'x': 0.01, 'y': 1.119, 'r': 0.4, 'type': 1}]
26927,1398693870.0497496,[{'idp': 116, 'x': 1.372, 'y': 2.417, 'r': 0.4, 'type': 1}, {'idp': 117, 'x': 0.01, 'y': 1.119, 'r': 0.4, 'type': 1}]
26928,1398693870.0578196,[{'idp': 116, 'x': 1.368, 'y': 2.398, 'r': 0.4, 'type': 1}, {'idp': 117, 'x': 0.01, 'y': 1.119, 'r': 0.4, 'type': 1}]
26929,1398693870.097674,[{'idp': 116, 'x': 1.371, 'y': 2.391, 'r': 0.4, 'type': 1}, {'idp': 117, 'x': 0.01, 'y': 1.119, 'r': 0.4, 'type': 1}]
26930,1398693870.1379163,[{'idp': 116, 'x': 1.369, 'y': 2.376, 'r': 0.4, 'type': 1}, {'idp': 117, 'x': 0.01, 'y': 1.119, 'r': 0.4, 'type': 1}]
26931,1398693870.1379454,[{'idp': 116, 'x': 1.38, 'y': 2.371, 'r': 0.4, 'type': 1}, {'idp': 117, 'x': 0.01, 'y': 1.119, 'r': 0.4, 'type': 1}]
26932,1398693870.1777682,[{'idp': 116, 'x': 1.384, 'y': 2.354, 'r': 0.4, 'type': 1}, {'idp': 117, 'x': 0.01, 'y': 1.119, 'r': 0.4, 'type': 1}]
26933,1398693870.1826918,[{'idp': 116, 'x': 1.398, 'y': 2.342, 'r': 0.4, 'type': 1}, {'idp': 119, 'x': 4.405, 'y': 3.653, 'r': 0.4, 'type': 1}]
26934,1398693870.2217221,[{'idp': 116, 'x': 1.405, 'y': 2.331, 'r': 0.4, 'type': 1}, {'idp': 119, 'x': 4.496, 'y': 3.546, 'r': 0.4, 'type': 1}]
26935,1398693870.2617874,[{'idp': 116, 'x': 1.41, 'y': 2.316, 'r': 0.4, 'type': 1}, {'idp': 119, 'x': 4.504, 'y': 3.489, 'r': 0.4, 'type': 1}]
26936,1398693870.2618213,[{'idp': 116, 'x': 1.415, 'y': 2.301, 'r': 0.4, 'type': 1}, {'idp': 119, 'x': 4.523, 'y': 3.472, 'r': 0.4, 'type': 1}]
26937,1398693870.3016808,[{'idp': 116, 'x': 1.416, 'y': 2.292, 'r': 0.4, 'type': 1}, {'idp': 119, 'x': 4.529, 'y': 3.445, 'r': 0.4, 'type': 1}]
26938,1398693870.3081841,[{'idp': 116, 'x': 1.42, 'y': 2.288, 'r': 0.4, 'type': 1}, {'idp': 119, 'x': 4.533, 'y': 3.402, 'r': 0.4, 'type': 1}]
26939,1398693870.3456182,[{'idp': 116, 'x': 1.426, 'y': 2.275, 'r': 0.4, 'type': 1}, {'idp': 119, 'x': 4.559, 'y': 3.375, 'r': 0.4, 'type': 1}]
26940,1398693870.3857553,[{'idp': 116, 'x': 1.434, 'y': 2.267, 'r': 0.4, 'type': 1}, {'idp': 119, 'x': 4.574, 'y': 3.34, 'r': 0.4, 'type': 1}]
26941,1398693870.385794,[{'idp': 116, 'x': 1.435, 'y': 2.246, 'r': 0.4, 'type': 1}, {'idp': 119, 'x': 4.583, 'y': 3.301, 'r': 0.4, 'type': 1}]
26942,1398693870.4257069,[{'idp': 116, 'x': 1.449, 'y': 2.246, 'r': 0.4, 'type': 1}, {'idp': 119, 'x': 4.585, 'y': 3.256, 'r': 0.4, 'type': 1}]
26943,1398693870.4328096,[{'idp': 116, 'x': 1.449, 'y': 2.225, 'r': 0.4, 'type': 1}, {'idp': 119, 'x': 4.603, 'y': 3.224, 'r': 0.4, 'type': 1}]
26944,1398693870.4696038,[{'idp': 116, 'x': 1.457, 'y': 2.215, 'r': 0.4, 'type': 1}, {'idp': 119, 'x': 4.619, 'y': 3.206, 'r': 0.4, 'type': 1}]
26945,1398693870.509712,[{'idp': 116, 'x': 1.451, 'y': 2.207, 'r': 0.4, 'type': 1}, {'idp': 119, 'x': 4.63, 'y': 3.168, 'r': 0.4, 'type': 1}]
26946,1398693870.509747,[{'idp': 116, 'x': 1.457, 'y': 2.195, 'r': 0.4, 'type': 1}, {'idp': 119, 'x': 4.636, 'y': 3.128, 'r': 0.4, 'type': 1}]
26947,1398693870.549707,[{'idp': 116, 'x': 1.454, 'y': 2.17, 'r': 0.4, 'type': 1}, {'idp': 119, 'x': 4.658, 'y': 3.099, 'r': 0.4, 'type': 1}]
26948,1398693870.5571165,[{'idp': 116, 'x': 1.469, 'y': 2.171, 'r': 0.4, 'type': 1}, {'idp': 119, 'x': 4.658, 'y': 3.07, 'r': 0.4, 'type': 1}]
26949,1398693870.5937462,[{'idp': 116, 'x': 1.465, 'y': 2.167, 'r': 0.4, 'type': 1}, {'idp': 119, 'x': 4.661, 'y': 3.028, 'r': 0.4, 'type': 1}]
26950,1398693870.6337028,[{'idp': 116, 'x': 1.468, 'y': 2.15, 'r': 0.4, 'type': 1}, {'idp': 119, 'x': 4.665, 'y': 3.002, 'r': 0.4, 'type': 1}]
26951,1398693870.6337304,[{'idp': 116, 'x': 1.465, 'y': 2.145, 'r': 0.4, 'type': 1}, {'idp': 119, 'x': 4.672, 'y': 2.992, 'r': 0.4, 'type': 1}]
26952,1398693870.6736934,[{'idp': 116, 'x': 1.456, 'y': 2.133, 'r': 0.4, 'type': 1}, {'idp': 119, 'x': 4.67, 'y': 2.979, 'r': 0.4, 'type': 1}]
26953,1398693870.6811674,[{'idp': 116, 'x': 1.458, 'y': 2.145, 'r': 0.4, 'type': 1}, {'idp': 119, 'x': 4.666, 'y': 2.976, 'r': 0.4, 'type': 1}]
26954,1398693870.7177331,[{'idp': 116, 'x': 1.44, 'y': 2.139, 'r': 0.4, 'type': 1}, {'idp': 119, 'x': 4.649, 'y': 2.966, 'r': 0.4, 'type': 1}]
26955,1398693870.7576773,[{'idp': 116, 'x': 1.422, 'y': 2.134, 'r': 0.4, 'type': 1}, {'idp': 119, 'x': 4.649, 'y': 2.982, 'r': 0.4, 'type': 1}]
26956,1398693870.7577102,[{'idp': 116, 'x': 1.428, 'y': 2.142, 'r': 0.4, 'type': 1}, {'idp': 119, 'x': 4.638, 'y': 2.974, 'r': 0.4, 'type': 1}]
26957,1398693870.797717,[{'idp': 116, 'x': 1.412, 'y': 2.138, 'r': 0.4, 'type': 1}, {'idp': 119, 'x': 4.614, 'y': 2.956, 'r': 0.4, 'type': 1}]
26958,1398693870.8067327,[{'idp': 116, 'x': 1.399, 'y': 2.129, 'r': 0.4, 'type': 1}, {'idp': 119, 'x': 4.604, 'y': 2.949, 'r': 0.4, 'type': 1}]
26959,1398693870.8456686,[{'idp': 116, 'x': 1.385, 'y': 2.127, 'r': 0.4, 'type': 1}, {'idp': 119, 'x': 4.618, 'y': 2.961, 'r': 0.4, 'type': 1}]
26960,1398693870.8857255,[{'idp': 116, 'x': 1.38, 'y': 2.14, 'r': 0.4, 'type': 1}, {'idp': 119, 'x': 4.615, 'y': 2.959, 'r': 0.4, 'type': 1}]
26961,1398693870.8857574,[{'idp': 116, 'x': 1.37, 'y': 2.135, 'r': 0.4, 'type': 1}, {'idp': 119, 'x': 4.606, 'y': 2.983, 'r': 0.4, 'type': 1}]
26962,1398693870.925678,[{'idp': 116, 'x': 1.353, 'y': 2.128, 'r': 0.4, 'type': 1}, {'idp': 119, 'x': 4.557, 'y': 2.947, 'r': 0.4, 'type': 1}]
26963,1398693870.9302824,[{'idp': 116, 'x': 1.34, 'y': 2.131, 'r': 0.4, 'type': 1}, {'idp': 119, 'x': 4.557, 'y': 2.946, 'r': 0.4, 'type': 1}]
26964,1398693870.9696596,[{'idp': 116, 'x': 1.333, 'y': 2.126, 'r': 0.4, 'type': 1}, {'idp': 119, 'x': 4.557, 'y': 2.947, 'r': 0.4, 'type': 1}]
26965,1398693871.0097039,[{'idp': 116, 'x': 1.33, 'y': 2.133, 'r': 0.4, 'type': 1}, {'idp': 119, 'x': 4.545, 'y': 2.939, 'r': 0.4, 'type': 1}]
26966,1398693871.0097396,[{'idp': 116, 'x': 1.31, 'y': 2.122, 'r': 0.4, 'type': 1}, {'idp': 119, 'x': 4.522, 'y': 2.943, 'r': 0.4, 'type': 1}]
26967,1398693871.0497274,[{'idp': 116, 'x': 1.302, 'y': 2.129, 'r': 0.4, 'type': 1}, {'idp': 119, 'x': 4.516, 'y': 2.952, 'r': 0.4, 'type': 1}]
26968,1398693871.0556695,[{'idp': 116, 'x': 1.288, 'y': 2.128, 'r': 0.4, 'type': 1}, {'idp': 119, 'x': 4.504, 'y': 2.94, 'r': 0.4, 'type': 1}]
26969,1398693871.0936985,[{'idp': 116, 'x': 1.275, 'y': 2.127, 'r': 0.4, 'type': 1}, {'idp': 119, 'x': 4.497, 'y': 2.936, 'r': 0.4, 'type': 1}]
26970,1398693871.1336923,[{'idp': 116, 'x': 1.272, 'y': 2.131, 'r': 0.4, 'type': 1}, {'idp': 119, 'x': 4.484, 'y': 2.927, 'r': 0.4, 'type': 1}]
26971,1398693871.133721,[{'idp': 116, 'x': 1.263, 'y': 2.128, 'r': 0.4, 'type': 1}, {'idp': 119, 'x': 4.485, 'y': 2.928, 'r': 0.4, 'type': 1}]
26972,1398693871.1737137,[{'idp': 116, 'x': 1.249, 'y': 2.126, 'r': 0.4, 'type': 1}, {'idp': 119, 'x': 4.475, 'y': 2.936, 'r': 0.4, 'type': 1}]
26973,1398693871.1805556,[{'idp': 116, 'x': 1.238, 'y': 2.128, 'r': 0.4, 'type': 1}, {'idp': 119, 'x': 4.451, 'y': 2.895, 'r': 0.4, 'type': 1}]
26974,1398693871.217717,[{'idp': 116, 'x': 1.228, 'y': 2.132, 'r': 0.4, 'type': 1}, {'idp': 119, 'x': 4.441, 'y': 2.909, 'r': 0.4, 'type': 1}]
26975,1398693871.257668,[{'idp': 116, 'x': 1.212, 'y': 2.126, 'r': 0.4, 'type': 1}, {'idp': 119, 'x': 4.441, 'y': 2.908, 'r': 0.4, 'type': 1}]
26976,1398693871.2576995,[{'idp': 116, 'x': 1.2, 'y': 2.127, 'r': 0.4, 'type': 1}, {'idp': 119, 'x': 4.424, 'y': 2.912, 'r': 0.4, 'type': 1}]
26977,1398693871.2977002,[{'idp': 116, 'x': 1.191, 'y': 2.132, 'r': 0.4, 'type': 1}, {'idp': 119, 'x': 4.413, 'y': 2.918, 'r': 0.4, 'type': 1}]
26978,1398693871.305313,[{'idp': 116, 'x': 1.18, 'y': 2.122, 'r': 0.4, 'type': 1}, {'idp': 119, 'x': 4.404, 'y': 2.931, 'r': 0.4, 'type': 1}]
26979,1398693871.3417044,[{'idp': 116, 'x': 1.174, 'y': 2.123, 'r': 0.4, 'type': 1}, {'idp': 119, 'x': 4.39, 'y': 2.921, 'r': 0.4, 'type': 1}]
26980,1398693871.381682,[{'idp': 116, 'x': 1.156, 'y': 2.113, 'r': 0.4, 'type': 1}, {'idp': 119, 'x': 4.383, 'y': 2.916, 'r': 0.4, 'type': 1}]
26981,1398693871.3817148,[{'idp': 116, 'x': 1.16, 'y': 2.12, 'r': 0.4, 'type': 1}, {'idp': 119, 'x': 4.392, 'y': 2.913, 'r': 0.4, 'type': 1}]
26982,1398693871.4216669,[{'idp': 116, 'x': 1.155, 'y': 2.109, 'r': 0.4, 'type': 1}, {'idp': 119, 'x': 4.376, 'y': 2.885, 'r': 0.4, 'type': 1}]
26983,1398693871.4300563,[{'idp': 116, 'x': 1.154, 'y': 2.098, 'r': 0.4, 'type': 1}, {'idp': 119, 'x': 4.39, 'y': 2.852, 'r': 0.4, 'type': 1}]
26984,1398693871.472616,[{'idp': 116, 'x': 1.161, 'y': 2.089, 'r': 0.4, 'type': 1}, {'idp': 119, 'x': 4.397, 'y': 2.816, 'r': 0.4, 'type': 1}]
26985,1398693871.5096426,[{'idp': 116, 'x': 1.162, 'y': 2.07, 'r': 0.4, 'type': 1}, {'idp': 119, 'x': 4.405, 'y': 2.781, 'r': 0.4, 'type': 1}]
26986,1398693871.5096698,[{'idp': 116, 'x': 1.171, 'y': 2.065, 'r': 0.4, 'type': 1}, {'idp': 119, 'x': 4.413, 'y': 2.749, 'r': 0.4, 'type': 1}]
26987,1398693871.5496476,[{'idp': 116, 'x': 1.171, 'y': 2.055, 'r': 0.4, 'type': 1}, {'idp': 119, 'x': 4.419, 'y': 2.694, 'r': 0.4, 'type': 1}]
26988,1398693871.5542145,[{'idp': 116, 'x': 1.177, 'y': 2.044, 'r': 0.4, 'type': 1}, {'idp': 119, 'x': 4.458, 'y': 2.693, 'r': 0.4, 'type': 1}]
26989,1398693871.5936933,[{'idp': 116, 'x': 1.177, 'y': 2.033, 'r': 0.4, 'type': 1}, {'idp': 119, 'x': 4.441, 'y': 2.644, 'r': 0.4, 'type': 1}]
26990,1398693871.6337326,[{'idp': 116, 'x': 1.178, 'y': 2.026, 'r': 0.4, 'type': 1}, {'idp': 119, 'x': 4.431, 'y': 2.612, 'r': 0.4, 'type': 1}]
26991,1398693871.6337683,[{'idp': 116, 'x': 1.172, 'y': 2.015, 'r': 0.4, 'type': 1}, {'idp': 119, 'x': 4.458, 'y': 2.601, 'r': 0.4, 'type': 1}]
26992,1398693871.673718,[{'idp': 116, 'x': 1.181, 'y': 2.01, 'r': 0.4, 'type': 1}, {'idp': 119, 'x': 4.453, 'y': 2.56, 'r': 0.4, 'type': 1}]
26993,1398693871.6789834,[{'idp': 116, 'x': 1.183, 'y': 1.994, 'r': 0.4, 'type': 1}, {'idp': 119, 'x': 4.461, 'y': 2.525, 'r': 0.4, 'type': 1}]
26994,1398693871.7176788,[{'idp': 116, 'x': 1.186, 'y': 1.98, 'r': 0.4, 'type': 1}, {'idp': 119, 'x': 4.473, 'y': 2.493, 'r': 0.4, 'type': 1}]
26995,1398693871.7577147,[{'idp': 116, 'x': 1.186, 'y': 1.98, 'r': 0.4, 'type': 1}, {'idp': 119, 'x': 4.494, 'y': 2.467, 'r': 0.4, 'type': 1}]
26996,1398693871.7577436,[{'idp': 116, 'x': 1.19, 'y': 1.967, 'r': 0.4, 'type': 1}, {'idp': 119, 'x': 4.496, 'y': 2.43, 'r': 0.4, 'type': 1}]
26997,1398693871.7977169,[{'idp': 116, 'x': 1.195, 'y': 1.955, 'r': 0.4, 'type': 1}, {'idp': 119, 'x': 4.49, 'y': 2.389, 'r': 0.4, 'type': 1}]
26998,1398693871.804557,[{'idp': 116, 'x': 1.197, 'y': 1.951, 'r': 0.4, 'type': 1}, {'idp': 119, 'x': 4.49, 'y': 2.364, 'r': 0.4, 'type': 1}]
26999,1398693871.8417153,[{'idp': 116, 'x': 1.197, 'y': 1.94, 'r': 0.4, 'type': 1}, {'idp': 119, 'x': 4.502, 'y': 2.32, 'r': 0.4, 'type': 1}]
27000,1398693871.8817065,[{'idp': 116, 'x': 1.204, 'y': 1.933, 'r': 0.4, 'type': 1}, {'idp': 119, 'x': 4.504, 'y': 2.296, 'r': 0.4, 'type': 1}]
27001,1398693871.8817358,[{'idp': 116, 'x': 1.205, 'y': 1.915, 'r': 0.4, 'type': 1}, {'idp': 119, 'x': 4.509, 'y': 2.249, 'r': 0.4, 'type': 1}]
27002,1398693871.9217794,[{'idp': 116, 'x': 1.21, 'y': 1.903, 'r': 0.4, 'type': 1}, {'idp': 119, 'x': 4.511, 'y': 2.226, 'r': 0.4, 'type': 1}]
27003,1398693871.9287105,[{'idp': 116, 'x': 1.208, 'y': 1.902, 'r': 0.4, 'type': 1}, {'idp': 119, 'x': 4.527, 'y': 2.185, 'r': 0.4, 'type': 1}]
27004,1398693871.9657373,[{'idp': 116, 'x': 1.212, 'y': 1.89, 'r': 0.4, 'type': 1}, {'idp': 119, 'x': 4.521, 'y': 2.158, 'r': 0.4, 'type': 1}]
27005,1398693872.0056956,[{'idp': 116, 'x': 1.215, 'y': 1.876, 'r': 0.4, 'type': 1}, {'idp': 119, 'x': 4.518, 'y': 2.108, 'r': 0.4, 'type': 1}]
27006,1398693872.0057278,[{'idp': 116, 'x': 1.215, 'y': 1.858, 'r': 0.4, 'type': 1}, {'idp': 119, 'x': 4.541, 'y': 2.083, 'r': 0.4, 'type': 1}]
27007,1398693872.0456529,[{'idp': 116, 'x': 1.215, 'y': 1.858, 'r': 0.4, 'type': 1}, {'idp': 119, 'x': 4.534, 'y': 2.068, 'r': 0.4, 'type': 1}]
27008,1398693872.053228,[{'idp': 116, 'x': 1.206, 'y': 1.863, 'r': 0.4, 'type': 1}, {'idp': 119, 'x': 4.525, 'y': 2.051, 'r': 0.4, 'type': 1}]
27009,1398693872.089686,[{'idp': 116, 'x': 1.194, 'y': 1.852, 'r': 0.4, 'type': 1}, {'idp': 119, 'x': 4.521, 'y': 2.037, 'r': 0.4, 'type': 1}]
27010,1398693872.1296647,[{'idp': 116, 'x': 1.185, 'y': 1.857, 'r': 0.4, 'type': 1}, {'idp': 119, 'x': 4.511, 'y': 2.033, 'r': 0.4, 'type': 1}]
27011,1398693872.1298027,[{'idp': 116, 'x': 1.177, 'y': 1.852, 'r': 0.4, 'type': 1}, {'idp': 119, 'x': 4.488, 'y': 2.023, 'r': 0.4, 'type': 1}]
27012,1398693872.1697206,[{'idp': 116, 'x': 1.165, 'y': 1.853, 'r': 0.4, 'type': 1}, {'idp': 119, 'x': 4.482, 'y': 2.032, 'r': 0.4, 'type': 1}]
27013,1398693872.1778162,[{'idp': 116, 'x': 1.155, 'y': 1.845, 'r': 0.4, 'type': 1}, {'idp': 119, 'x': 4.485, 'y': 2.033, 'r': 0.4, 'type': 1}]
27014,1398693872.2176309,[{'idp': 116, 'x': 1.143, 'y': 1.853, 'r': 0.4, 'type': 1}, {'idp': 119, 'x': 4.463, 'y': 2.035, 'r': 0.4, 'type': 1}]
27015,1398693872.2576537,[{'idp': 116, 'x': 1.125, 'y': 1.842, 'r': 0.4, 'type': 1}, {'idp': 119, 'x': 4.445, 'y': 2.027, 'r': 0.4, 'type': 1}]
27016,1398693872.2576706,[{'idp': 116, 'x': 1.12, 'y': 1.851, 'r': 0.4, 'type': 1}, {'idp': 119, 'x': 4.44, 'y': 2.025, 'r': 0.4, 'type': 1}]
27017,1398693872.297722,[{'idp': 116, 'x': 1.105, 'y': 1.845, 'r': 0.4, 'type': 1}, {'idp': 119, 'x': 4.42, 'y': 2.015, 'r': 0.4, 'type': 1}]
27018,1398693872.3021867,[{'idp': 116, 'x': 1.097, 'y': 1.85, 'r': 0.4, 'type': 1}, {'idp': 119, 'x': 4.407, 'y': 2.01, 'r': 0.4, 'type': 1}]
27019,1398693872.3416808,[{'idp': 116, 'x': 1.093, 'y': 1.852, 'r': 0.4, 'type': 1}, {'idp': 119, 'x': 4.401, 'y': 2.018, 'r': 0.4, 'type': 1}]
27020,1398693872.381781,[{'idp': 116, 'x': 1.078, 'y': 1.846, 'r': 0.4, 'type': 1}, {'idp': 119, 'x': 4.393, 'y': 2.026, 'r': 0.4, 'type': 1}]
27021,1398693872.3818152,[{'idp': 116, 'x': 1.064, 'y': 1.839, 'r': 0.4, 'type': 1}, {'idp': 119, 'x': 4.375, 'y': 2.018, 'r': 0.4, 'type': 1}]
27022,1398693872.4217443,[{'idp': 116, 'x': 1.062, 'y': 1.856, 'r': 0.4, 'type': 1}, {'idp': 119, 'x': 4.365, 'y': 2.014, 'r': 0.4, 'type': 1}]
27023,1398693872.4271986,[{'idp': 116, 'x': 1.044, 'y': 1.843, 'r': 0.4, 'type': 1}, {'idp': 119, 'x': 4.366, 'y': 2.014, 'r': 0.4, 'type': 1}]
27024,1398693872.4656966,[{'idp': 116, 'x': 1.029, 'y': 1.835, 'r': 0.4, 'type': 1}, {'idp': 119, 'x': 4.347, 'y': 2.006, 'r': 0.4, 'type': 1}]
27025,1398693872.5057237,[{'idp': 116, 'x': 1.025, 'y': 1.846, 'r': 0.4, 'type': 1}, {'idp': 119, 'x': 4.319, 'y': 2.004, 'r': 0.4, 'type': 1}]
27026,1398693872.5057573,[{'idp': 116, 'x': 1.01, 'y': 1.838, 'r': 0.4, 'type': 1}, {'idp': 119, 'x': 4.32, 'y': 2.016, 'r': 0.4, 'type': 1}]
27027,1398693872.545649,[{'idp': 116, 'x': 0.995, 'y': 1.84, 'r': 0.4, 'type': 1}, {'idp': 119, 'x': 4.311, 'y': 2.012, 'r': 0.4, 'type': 1}]
27028,1398693872.55217,[{'idp': 116, 'x': 0.988, 'y': 1.846, 'r': 0.4, 'type': 1}, {'idp': 119, 'x': 4.299, 'y': 2.006, 'r': 0.4, 'type': 1}]
27029,1398693872.589956,[{'idp': 116, 'x': 0.979, 'y': 1.838, 'r': 0.4, 'type': 1}, {'idp': 119, 'x': 4.294, 'y': 2.004, 'r': 0.4, 'type': 1}]
27030,1398693872.6297426,[{'idp': 116, 'x': 0.969, 'y': 1.839, 'r': 0.4, 'type': 1}, {'idp': 119, 'x': 4.283, 'y': 2.01, 'r': 0.4, 'type': 1}]
27031,1398693872.6297724,[{'idp': 116, 'x': 0.958, 'y': 1.838, 'r': 0.4, 'type': 1}, {'idp': 119, 'x': 4.258, 'y': 1.998, 'r': 0.4, 'type': 1}]
27032,1398693872.6696868,[{'idp': 116, 'x': 0.95, 'y': 1.842, 'r': 0.4, 'type': 1}, {'idp': 119, 'x': 4.258, 'y': 1.998, 'r': 0.4, 'type': 1}]
27033,1398693872.6767955,[{'idp': 116, 'x': 0.932, 'y': 1.837, 'r': 0.4, 'type': 1}, {'idp': 119, 'x': 4.228, 'y': 1.996, 'r': 0.4, 'type': 1}]
27034,1398693872.7136981,[{'idp': 116, 'x': 0.926, 'y': 1.834, 'r': 0.4, 'type': 1}, {'idp': 119, 'x': 4.231, 'y': 1.997, 'r': 0.4, 'type': 1}]
27035,1398693872.753758,[{'idp': 116, 'x': 0.907, 'y': 1.826, 'r': 0.4, 'type': 1}, {'idp': 119, 'x': 4.218, 'y': 2.002, 'r': 0.4, 'type': 1}]
27036,1398693872.753792,[{'idp': 116, 'x': 0.897, 'y': 1.837, 'r': 0.4, 'type': 1}, {'idp': 119, 'x': 4.207, 'y': 1.997, 'r': 0.4, 'type': 1}]
27037,1398693872.7937098,[{'idp': 116, 'x': 0.889, 'y': 1.829, 'r': 0.4, 'type': 1}, {'idp': 119, 'x': 4.199, 'y': 1.993, 'r': 0.4, 'type': 1}]
27038,1398693872.8034153,[{'idp': 116, 'x': 0.88, 'y': 1.831, 'r': 0.4, 'type': 1}, {'idp': 119, 'x': 4.187, 'y': 1.988, 'r': 0.4, 'type': 1}]
27039,1398693872.841733,[{'idp': 116, 'x': 0.868, 'y': 1.827, 'r': 0.4, 'type': 1}, {'idp': 119, 'x': 4.188, 'y': 1.988, 'r': 0.4, 'type': 1}]
27040,1398693872.8818326,[{'idp': 116, 'x': 0.862, 'y': 1.824, 'r': 0.4, 'type': 1}, {'idp': 119, 'x': 4.171, 'y': 1.98, 'r': 0.4, 'type': 1}]
27041,1398693872.8818576,[{'idp': 116, 'x': 0.854, 'y': 1.818, 'r': 0.4, 'type': 1}, {'idp': 119, 'x': 4.164, 'y': 1.954, 'r': 0.4, 'type': 1}]
27042,1398693872.9216337,[{'idp': 116, 'x': 0.852, 'y': 1.823, 'r': 0.4, 'type': 1}, {'idp': 119, 'x': 4.155, 'y': 1.95, 'r': 0.4, 'type': 1}]
27043,1398693872.9257996,[{'idp': 116, 'x': 0.854, 'y': 1.828, 'r': 0.4, 'type': 1}, {'idp': 119, 'x': 4.157, 'y': 1.929, 'r': 0.4, 'type': 1}]
27044,1398693872.9656305,[{'idp': 116, 'x': 0.847, 'y': 1.803, 'r': 0.4, 'type': 1}, {'idp': 119, 'x': 4.159, 'y': 1.908, 'r': 0.4, 'type': 1}]
27045,1398693873.0057113,[{'idp': 116, 'x': 0.855, 'y': 1.799, 'r': 0.4, 'type': 1}, {'idp': 119, 'x': 4.168, 'y': 1.868, 'r': 0.4, 'type': 1}]
27046,1398693873.0057423,[{'idp': 116, 'x': 0.856, 'y': 1.791, 'r': 0.4, 'type': 1}, {'idp': 119, 'x': 4.174, 'y': 1.816, 'r': 0.4, 'type': 1}]
27047,1398693873.045766,[{'idp': 116, 'x': 0.855, 'y': 1.79, 'r': 0.4, 'type': 1}, {'idp': 119, 'x': 4.171, 'y': 1.804, 'r': 0.4, 'type': 1}]
27048,1398693873.051234,[{'idp': 116, 'x': 0.854, 'y': 1.779, 'r': 0.4, 'type': 1}, {'idp': 119, 'x': 4.168, 'y': 1.771, 'r': 0.4, 'type': 1}, {'idp': 120, 'x': 3.987, 'y': 2.693, 'r': 0.4, 'type': 1}]
27049,1398693873.0897357,[{'idp': 116, 'x': 0.857, 'y': 1.765, 'r': 0.4, 'type': 1}, {'idp': 119, 'x': 4.171, 'y': 1.729, 'r': 0.4, 'type': 1}, {'idp': 120, 'x': 3.949, 'y': 2.614, 'r': 0.4, 'type': 1}]
27050,1398693873.1297429,[{'idp': 116, 'x': 0.856, 'y': 1.763, 'r': 0.4, 'type': 1}, {'idp': 119, 'x': 4.164, 'y': 1.716, 'r': 0.4, 'type': 1}, {'idp': 120, 'x': 3.954, 'y': 2.605, 'r': 0.4, 'type': 1}]
27051,1398693873.1297746,[{'idp': 116, 'x': 0.858, 'y': 1.748, 'r': 0.4, 'type': 1}, {'idp': 119, 'x': 4.166, 'y': 1.695, 'r': 0.4, 'type': 1}, {'idp': 120, 'x': 3.939, 'y': 2.57, 'r': 0.4, 'type': 1}]
27052,1398693873.169658,[{'idp': 116, 'x': 0.857, 'y': 1.746, 'r': 0.4, 'type': 1}, {'idp': 119, 'x': 4.162, 'y': 1.651, 'r': 0.4, 'type': 1}, {'idp': 120, 'x': 3.936, 'y': 2.556, 'r': 0.4, 'type': 1}]
27053,1398693873.1751356,[{'idp': 116, 'x': 0.856, 'y': 1.733, 'r': 0.4, 'type': 1}, {'idp': 119, 'x': 4.171, 'y': 1.624, 'r': 0.4, 'type': 1}, {'idp': 120, 'x': 3.942, 'y': 2.531, 'r': 0.4, 'type': 1}]
27054,1398693873.2137256,[{'idp': 116, 'x': 0.856, 'y': 1.726, 'r': 0.4, 'type': 1}, {'idp': 119, 'x': 4.18, 'y': 1.607, 'r': 0.4, 'type': 1}, {'idp': 120, 'x': 3.928, 'y': 2.498, 'r': 0.4, 'type': 1}]
27055,1398693873.2537055,[{'idp': 116, 'x': 0.857, 'y': 1.715, 'r': 0.4, 'type': 1}, {'idp': 119, 'x': 4.162, 'y': 1.568, 'r': 0.4, 'type': 1}, {'idp': 120, 'x': 3.914, 'y': 2.498, 'r': 0.4, 'type': 1}]
27056,1398693873.2537365,[{'idp': 116, 'x': 0.851, 'y': 1.704, 'r': 0.4, 'type': 1}, {'idp': 119, 'x': 4.166, 'y': 1.539, 'r': 0.4, 'type': 1}, {'idp': 120, 'x': 3.916, 'y': 2.484, 'r': 0.4, 'type': 1}]
27057,1398693873.2937243,[{'idp': 116, 'x': 0.851, 'y': 1.715, 'r': 0.4, 'type': 1}, {'idp': 119, 'x': 4.161, 'y': 1.516, 'r': 0.4, 'type': 1}, {'idp': 120, 'x': 3.887, 'y': 2.465, 'r': 0.4, 'type': 1}]
27058,1398693873.3000617,[{'idp': 116, 'x': 0.855, 'y': 1.705, 'r': 0.4, 'type': 1}, {'idp': 119, 'x': 4.159, 'y': 1.485, 'r': 0.4, 'type': 1}, {'idp': 120, 'x': 3.874, 'y': 2.457, 'r': 0.4, 'type': 1}]
27059,1398693873.337686,[{'idp': 116, 'x': 0.856, 'y': 1.688, 'r': 0.4, 'type': 1}, {'idp': 119, 'x': 4.166, 'y': 1.446, 'r': 0.4, 'type': 1}, {'idp': 120, 'x': 3.869, 'y': 2.442, 'r': 0.4, 'type': 1}]
27060,1398693873.3777308,[{'idp': 116, 'x': 0.86, 'y': 1.677, 'r': 0.4, 'type': 1}, {'idp': 119, 'x': 4.167, 'y': 1.416, 'r': 0.4, 'type': 1}, {'idp': 120, 'x': 3.831, 'y': 2.406, 'r': 0.4, 'type': 1}]
27061,1398693873.3777602,[{'idp': 116, 'x': 0.864, 'y': 1.668, 'r': 0.4, 'type': 1}, {'idp': 119, 'x': 4.167, 'y': 1.375, 'r': 0.4, 'type': 1}, {'idp': 120, 'x': 3.79, 'y': 2.368, 'r': 0.4, 'type': 1}]
27062,1398693873.4177716,[{'idp': 116, 'x': 0.866, 'y': 1.661, 'r': 0.4, 'type': 1}, {'idp': 119, 'x': 4.159, 'y': 1.353, 'r': 0.4, 'type': 1}, {'idp': 120, 'x': 3.813, 'y': 2.382, 'r': 0.4, 'type': 1}]
27063,1398693873.4249368,[{'idp': 116, 'x': 0.864, 'y': 1.649, 'r': 0.4, 'type': 1}, {'idp': 119, 'x': 4.154, 'y': 1.311, 'r': 0.4, 'type': 1}, {'idp': 120, 'x': 3.814, 'y': 2.371, 'r': 0.4, 'type': 1}]
27064,1398693873.4617407,[{'idp': 116, 'x': 0.867, 'y': 1.645, 'r': 0.4, 'type': 1}, {'idp': 119, 'x': 4.161, 'y': 1.294, 'r': 0.4, 'type': 1}, {'idp': 120, 'x': 3.819, 'y': 2.362, 'r': 0.4, 'type': 1}]
27065,1398693873.50171,[{'idp': 116, 'x': 0.862, 'y': 1.646, 'r': 0.4, 'type': 1}, {'idp': 119, 'x': 4.154, 'y': 1.252, 'r': 0.4, 'type': 1}, {'idp': 120, 'x': 3.809, 'y': 2.34, 'r': 0.4, 'type': 1}]
27066,1398693873.5017455,[{'idp': 116, 'x': 0.861, 'y': 1.617, 'r': 0.4, 'type': 1}, {'idp': 119, 'x': 4.15, 'y': 1.231, 'r': 0.4, 'type': 1}, {'idp': 120, 'x': 3.809, 'y': 2.341, 'r': 0.4, 'type': 1}]
27067,1398693873.5417457,[{'idp': 116, 'x': 0.864, 'y': 1.622, 'r': 0.4, 'type': 1}, {'idp': 119, 'x': 4.147, 'y': 1.191, 'r': 0.4, 'type': 1}, {'idp': 120, 'x': 3.798, 'y': 2.307, 'r': 0.4, 'type': 1}]
27068,1398693873.548912,[{'idp': 116, 'x': 0.863, 'y': 1.603, 'r': 0.4, 'type': 1}, {'idp': 119, 'x': 4.139, 'y': 1.149, 'r': 0.4, 'type': 1}, {'idp': 120, 'x': 3.805, 'y': 2.289, 'r': 0.4, 'type': 1}]
27069,1398693873.5857253,[{'idp': 116, 'x': 0.864, 'y': 1.597, 'r': 0.4, 'type': 1}, {'idp': 119, 'x': 4.148, 'y': 1.132, 'r': 0.4, 'type': 1}, {'idp': 120, 'x': 3.795, 'y': 2.261, 'r': 0.4, 'type': 1}]
27070,1398693873.6256614,[{'idp': 116, 'x': 0.868, 'y': 1.595, 'r': 0.4, 'type': 1}, {'idp': 119, 'x': 4.135, 'y': 1.09, 'r': 0.4, 'type': 1}, {'idp': 120, 'x': 3.792, 'y': 2.237, 'r': 0.4, 'type': 1}]
27071,1398693873.6256886,[{'idp': 116, 'x': 0.866, 'y': 1.584, 'r': 0.4, 'type': 1}, {'idp': 119, 'x': 4.137, 'y': 1.071, 'r': 0.4, 'type': 1}, {'idp': 120, 'x': 3.795, 'y': 2.233, 'r': 0.4, 'type': 1}]
27072,1398693873.6657085,[{'idp': 116, 'x': 0.859, 'y': 1.581, 'r': 0.4, 'type': 1}, {'idp': 119, 'x': 4.124, 'y': 1.03, 'r': 0.4, 'type': 1}, {'idp': 120, 'x': 3.792, 'y': 2.209, 'r': 0.4, 'type': 1}]
27073,1398693873.673907,[{'idp': 116, 'x': 0.862, 'y': 1.57, 'r': 0.4, 'type': 1}, {'idp': 119, 'x': 4.131, 'y': 1.012, 'r': 0.4, 'type': 1}, {'idp': 120, 'x': 3.771, 'y': 2.174, 'r': 0.4, 'type': 1}]
27074,1398693873.7137215,[{'idp': 116, 'x': 0.861, 'y': 1.568, 'r': 0.4, 'type': 1}, {'idp': 119, 'x': 4.139, 'y': 0.986, 'r': 0.4, 'type': 1}, {'idp': 120, 'x': 3.773, 'y': 2.154, 'r': 0.4, 'type': 1}]
27075,1398693873.7536201,[{'idp': 116, 'x': 0.86, 'y': 1.558, 'r': 0.4, 'type': 1}, {'idp': 119, 'x': 4.123, 'y': 0.954, 'r': 0.4, 'type': 1}, {'idp': 120, 'x': 3.786, 'y': 2.151, 'r': 0.4, 'type': 1}]
27076,1398693873.753639,[{'idp': 116, 'x': 0.862, 'y': 1.546, 'r': 0.4, 'type': 1}, {'idp': 119, 'x': 4.113, 'y': 0.914, 'r': 0.4, 'type': 1}, {'idp': 120, 'x': 3.759, 'y': 2.102, 'r': 0.4, 'type': 1}]
27077,1398693873.793722,[{'idp': 116, 'x': 0.865, 'y': 1.55, 'r': 0.4, 'type': 1}, {'idp': 119, 'x': 4.115, 'y': 0.886, 'r': 0.4, 'type': 1}, {'idp': 120, 'x': 3.759, 'y': 2.092, 'r': 0.4, 'type': 1}]
27078,1398693873.7984447,[{'idp': 116, 'x': 0.87, 'y': 1.527, 'r': 0.4, 'type': 1}, {'idp': 119, 'x': 4.099, 'y': 0.864, 'r': 0.4, 'type': 1}, {'idp': 120, 'x': 3.749, 'y': 2.077, 'r': 0.4, 'type': 1}]
27079,1398693873.837696,[{'idp': 116, 'x': 0.855, 'y': 1.527, 'r': 0.4, 'type': 1}, {'idp': 119, 'x': 4.11, 'y': 0.828, 'r': 0.4, 'type': 1}, {'idp': 120, 'x': 3.72, 'y': 2.039, 'r': 0.4, 'type': 1}]
27080,1398693873.8777423,[{'idp': 116, 'x': 0.848, 'y': 1.506, 'r': 0.4, 'type': 1}, {'idp': 119, 'x': 4.102, 'y': 0.808, 'r': 0.4, 'type': 1}, {'idp': 120, 'x': 3.712, 'y': 2.025, 'r': 0.4, 'type': 1}]
27081,1398693873.8777735,[{'idp': 116, 'x': 0.855, 'y': 1.51, 'r': 0.4, 'type': 1}, {'idp': 119, 'x': 4.092, 'y': 0.769, 'r': 0.4, 'type': 1}, {'idp': 120, 'x': 3.709, 'y': 2.013, 'r': 0.4, 'type': 1}]
27082,1398693873.9176257,[{'idp': 116, 'x': 0.849, 'y': 1.491, 'r': 0.4, 'type': 1}, {'idp': 119, 'x': 4.085, 'y': 0.74, 'r': 0.4, 'type': 1}, {'idp': 120, 'x': 3.69, 'y': 1.981, 'r': 0.4, 'type': 1}]
27083,1398693873.9231684,[{'idp': 116, 'x': 0.853, 'y': 1.491, 'r': 0.4, 'type': 1}, {'idp': 119, 'x': 4.078, 'y': 0.711, 'r': 0.4, 'type': 1}, {'idp': 120, 'x': 3.689, 'y': 1.971, 'r': 0.4, 'type': 1}]
27084,1398693873.961722,[{'idp': 116, 'x': 0.854, 'y': 1.486, 'r': 0.4, 'type': 1}, {'idp': 119, 'x': 4.08, 'y': 0.694, 'r': 0.4, 'type': 1}, {'idp': 120, 'x': 3.627, 'y': 1.939, 'r': 0.4, 'type': 1}]
27085,1398693874.0017054,[{'idp': 116, 'x': 0.844, 'y': 1.459, 'r': 0.4, 'type': 1}, {'idp': 119, 'x': 4.074, 'y': 0.656, 'r': 0.4, 'type': 1}, {'idp': 120, 'x': 3.633, 'y': 1.932, 'r': 0.4, 'type': 1}]
27086,1398693874.0017374,[{'idp': 116, 'x': 0.845, 'y': 1.455, 'r': 0.4, 'type': 1}, {'idp': 119, 'x': 4.071, 'y': 0.628, 'r': 0.4, 'type': 1}, {'idp': 120, 'x': 3.653, 'y': 1.933, 'r': 0.4, 'type': 1}]
27087,1398693874.0417323,[{'idp': 116, 'x': 0.854, 'y': 1.447, 'r': 0.4, 'type': 1}, {'idp': 119, 'x': 4.064, 'y': 0.6, 'r': 0.4, 'type': 1}, {'idp': 120, 'x': 3.645, 'y': 1.918, 'r': 0.4, 'type': 1}]
27088,1398693874.0479472,[{'idp': 116, 'x': 0.843, 'y': 1.452, 'r': 0.4, 'type': 1}, {'idp': 119, 'x': 4.05, 'y': 0.562, 'r': 0.4, 'type': 1}, {'idp': 120, 'x': 3.642, 'y': 1.917, 'r': 0.4, 'type': 1}]
27089,1398693874.085701,[{'idp': 116, 'x': 0.845, 'y': 1.432, 'r': 0.4, 'type': 1}, {'idp': 119, 'x': 4.041, 'y': 0.534, 'r': 0.4, 'type': 1}, {'idp': 120, 'x': 3.666, 'y': 1.909, 'r': 0.4, 'type': 1}]
27090,1398693874.1257024,[{'idp': 116, 'x': 0.843, 'y': 1.429, 'r': 0.4, 'type': 1}, {'idp': 119, 'x': 4.028, 'y': 0.498, 'r': 0.4, 'type': 1}, {'idp': 120, 'x': 3.634, 'y': 1.906, 'r': 0.4, 'type': 1}]
27091,1398693874.1257257,[{'idp': 116, 'x': 0.844, 'y': 1.416, 'r': 0.4, 'type': 1}, {'idp': 119, 'x': 4.035, 'y': 0.463, 'r': 0.4, 'type': 1}, {'idp': 120, 'x': 3.621, 'y': 1.881, 'r': 0.4, 'type': 1}]
27092,1398693874.1656554,[{'idp': 116, 'x': 0.842, 'y': 1.406, 'r': 0.4, 'type': 1}, {'idp': 119, 'x': 4.051, 'y': 0.445, 'r': 0.4, 'type': 1}, {'idp': 120, 'x': 3.659, 'y': 1.89, 'r': 0.4, 'type': 1}]
27093,1398693874.172231,[{'idp': 116, 'x': 0.839, 'y': 1.401, 'r': 0.4, 'type': 1}, {'idp': 119, 'x': 4.022, 'y': 0.418, 'r': 0.4, 'type': 1}, {'idp': 120, 'x': 3.596, 'y': 1.86, 'r': 0.4, 'type': 1}]
27094,1398693874.209682,[{'idp': 116, 'x': 0.841, 'y': 1.39, 'r': 0.4, 'type': 1}, {'idp': 119, 'x': 4.05, 'y': 0.401, 'r': 0.4, 'type': 1}, {'idp': 120, 'x': 3.605, 'y': 1.855, 'r': 0.4, 'type': 1}]
27095,1398693874.2496667,[{'idp': 116, 'x': 0.837, 'y': 1.391, 'r': 0.4, 'type': 1}, {'idp': 119, 'x': 4.025, 'y': 0.372, 'r': 0.4, 'type': 1}, {'idp': 120, 'x': 3.596, 'y': 1.842, 'r': 0.4, 'type': 1}]
27096,1398693874.2496939,[{'idp': 116, 'x': 0.832, 'y': 1.376, 'r': 0.4, 'type': 1}, {'idp': 119, 'x': 4.008, 'y': 0.336, 'r': 0.4, 'type': 1}, {'idp': 120, 'x': 3.591, 'y': 1.819, 'r': 0.4, 'type': 1}]
27097,1398693874.289697,[{'idp': 116, 'x': 0.833, 'y': 1.377, 'r': 0.4, 'type': 1}, {'idp': 119, 'x': 3.982, 'y': 0.308, 'r': 0.4, 'type': 1}, {'idp': 120, 'x': 3.597, 'y': 1.797, 'r': 0.4, 'type': 1}]
27098,1398693874.296905,[{'idp': 116, 'x': 0.832, 'y': 1.361, 'r': 0.4, 'type': 1}, {'idp': 119, 'x': 3.971, 'y': 0.283, 'r': 0.4, 'type': 1}, {'idp': 120, 'x': 3.578, 'y': 1.792, 'r': 0.4, 'type': 1}]
27099,1398693874.33368,[{'idp': 116, 'x': 0.827, 'y': 1.354, 'r': 0.4, 'type': 1}, {'idp': 119, 'x': 3.963, 'y': 0.244, 'r': 0.4, 'type': 1}, {'idp': 120, 'x': 3.567, 'y': 1.766, 'r': 0.4, 'type': 1}]
27100,1398693874.373745,[{'idp': 116, 'x': 0.823, 'y': 1.34, 'r': 0.4, 'type': 1}, {'idp': 119, 'x': 3.966, 'y': 0.23, 'r': 0.4, 'type': 1}, {'idp': 120, 'x': 3.561, 'y': 1.745, 'r': 0.4, 'type': 1}]
27101,1398693874.3737805,[{'idp': 116, 'x': 0.826, 'y': 1.339, 'r': 0.4, 'type': 1}, {'idp': 119, 'x': 3.954, 'y': 0.195, 'r': 0.4, 'type': 1}, {'idp': 120, 'x': 3.571, 'y': 1.73, 'r': 0.4, 'type': 1}]
27102,1398693874.413754,[{'idp': 116, 'x': 0.82, 'y': 1.337, 'r': 0.4, 'type': 1}, {'idp': 119, 'x': 3.931, 'y': 0.157, 'r': 0.4, 'type': 1}, {'idp': 120, 'x': 3.57, 'y': 1.711, 'r': 0.4, 'type': 1}]
27103,1398693874.4223034,[{'idp': 116, 'x': 0.816, 'y': 1.322, 'r': 0.4, 'type': 1}, {'idp': 119, 'x': 3.904, 'y': 0.109, 'r': 0.4, 'type': 1}, {'idp': 120, 'x': 3.57, 'y': 1.685, 'r': 0.4, 'type': 1}]
27104,1398693874.4617047,[{'idp': 116, 'x': 0.815, 'y': 1.307, 'r': 0.4, 'type': 1}, {'idp': 119, 'x': 3.901, 'y': 0.105, 'r': 0.4, 'type': 1}, {'idp': 120, 'x': 3.549, 'y': 1.668, 'r': 0.4, 'type': 1}]
27105,1398693874.5017173,[{'idp': 116, 'x': 0.803, 'y': 1.294, 'r': 0.4, 'type': 1}, {'idp': 119, 'x': 3.898, 'y': 0.07, 'r': 0.4, 'type': 1}, {'idp': 120, 'x': 3.54, 'y': 1.635, 'r': 0.4, 'type': 1}]
27106,1398693874.5017524,[{'idp': 116, 'x': 0.815, 'y': 1.294, 'r': 0.4, 'type': 1}, {'idp': 119, 'x': 3.874, 'y': 0.024, 'r': 0.4, 'type': 1}, {'idp': 120, 'x': 3.554, 'y': 1.629, 'r': 0.4, 'type': 1}]
27107,1398693874.541696,[{'idp': 116, 'x': 0.793, 'y': 1.265, 'r': 0.4, 'type': 1}, {'idp': 119, 'x': 3.862, 'y': 0.007, 'r': 0.4, 'type': 1}, {'idp': 120, 'x': 3.564, 'y': 1.605, 'r': 0.4, 'type': 1}]
27108,1398693874.54609,[{'idp': 116, 'x': 0.794, 'y': 1.267, 'r': 0.4, 'type': 1}, {'idp': 119, 'x': 3.847, 'y': -0.018, 'r': 0.4, 'type': 1}, {'idp': 120, 'x': 3.528, 'y': 1.581, 'r': 0.4, 'type': 1}]
27109,1398693874.5857275,[{'idp': 116, 'x': 0.79, 'y': 1.247, 'r': 0.4, 'type': 1}, {'idp': 119, 'x': 3.836, 'y': -0.051, 'r': 0.4, 'type': 1}, {'idp': 120, 'x': 3.533, 'y': 1.557, 'r': 0.4, 'type': 1}]
27110,1398693874.6256754,[{'idp': 116, 'x': 0.79, 'y': 1.24, 'r': 0.4, 'type': 1}, {'idp': 119, 'x': 3.84, 'y': -0.065, 'r': 0.4, 'type': 1}, {'idp': 120, 'x': 3.525, 'y': 1.552, 'r': 0.4, 'type': 1}]
27111,1398693874.625706,[{'idp': 116, 'x': 0.79, 'y': 1.241, 'r': 0.4, 'type': 1}, {'idp': 119, 'x': 3.821, 'y': -0.098, 'r': 0.4, 'type': 1}, {'idp': 120, 'x': 3.527, 'y': 1.547, 'r': 0.4, 'type': 1}]
27112,1398693874.6656928,[{'idp': 116, 'x': 0.781, 'y': 1.226, 'r': 0.4, 'type': 1}, {'idp': 119, 'x': 3.808, 'y': -0.123, 'r': 0.4, 'type': 1}, {'idp': 120, 'x': 3.516, 'y': 1.518, 'r': 0.4, 'type': 1}]
27113,1398693874.6715572,[{'idp': 116, 'x': 0.771, 'y': 1.209, 'r': 0.4, 'type': 1}, {'idp': 119, 'x': 3.799, 'y': -0.147, 'r': 0.4, 'type': 1}, {'idp': 120, 'x': 3.506, 'y': 1.504, 'r': 0.4, 'type': 1}]
27114,1398693874.7097743,[{'idp': 116, 'x': 0.77, 'y': 1.208, 'r': 0.4, 'type': 1}, {'idp': 119, 'x': 3.792, 'y': -0.172, 'r': 0.4, 'type': 1}, {'idp': 120, 'x': 3.505, 'y': 1.506, 'r': 0.4, 'type': 1}]
27115,1398693874.7496972,[{'idp': 116, 'x': 0.769, 'y': 1.214, 'r': 0.4, 'type': 1}, {'idp': 119, 'x': 3.77, 'y': -0.204, 'r': 0.4, 'type': 1}, {'idp': 120, 'x': 3.501, 'y': 1.483, 'r': 0.4, 'type': 1}]
27116,1398693874.7497313,[{'idp': 116, 'x': 0.765, 'y': 1.201, 'r': 0.4, 'type': 1}, {'idp': 119, 'x': 3.763, 'y': -0.22, 'r': 0.4, 'type': 1}, {'idp': 120, 'x': 3.487, 'y': 1.467, 'r': 0.4, 'type': 1}]
27117,1398693874.7897482,[{'idp': 116, 'x': 0.766, 'y': 1.202, 'r': 0.4, 'type': 1}, {'idp': 119, 'x': 3.75, 'y': -0.252, 'r': 0.4, 'type': 1}, {'idp': 120, 'x': 3.491, 'y': 1.465, 'r': 0.4, 'type': 1}]
27118,1398693874.796253,[{'idp': 116, 'x': 0.76, 'y': 1.193, 'r': 0.4, 'type': 1}, {'idp': 119, 'x': 3.728, 'y': -0.275, 'r': 0.4, 'type': 1}, {'idp': 120, 'x': 3.466, 'y': 1.447, 'r': 0.4, 'type': 1}]
27119,1398693874.8337295,[{'idp': 116, 'x': 0.758, 'y': 1.184, 'r': 0.4, 'type': 1}, {'idp': 119, 'x': 3.708, 'y': -0.306, 'r': 0.4, 'type': 1}, {'idp': 120, 'x': 3.461, 'y': 1.435, 'r': 0.4, 'type': 1}]
27120,1398693874.8737495,[{'idp': 116, 'x': 0.76, 'y': 1.186, 'r': 0.4, 'type': 1}, {'idp': 119, 'x': 3.712, 'y': -0.331, 'r': 0.4, 'type': 1}, {'idp': 120, 'x': 3.424, 'y': 1.42, 'r': 0.4, 'type': 1}]
27121,1398693874.8737817,[{'idp': 116, 'x': 0.756, 'y': 1.17, 'r': 0.4, 'type': 1}, {'idp': 119, 'x': 3.707, 'y': -0.355, 'r': 0.4, 'type': 1}, {'idp': 120, 'x': 3.387, 'y': 1.395, 'r': 0.4, 'type': 1}]
27122,1398693874.9137502,[{'idp': 116, 'x': 0.748, 'y': 1.169, 'r': 0.4, 'type': 1}, {'idp': 119, 'x': 3.681, 'y': -0.377, 'r': 0.4, 'type': 1}, {'idp': 120, 'x': 3.329, 'y': 1.371, 'r': 0.4, 'type': 1}]
27123,1398693874.9210668,[{'idp': 116, 'x': 0.743, 'y': 1.161, 'r': 0.4, 'type': 1}, {'idp': 119, 'x': 3.673, 'y': -0.4, 'r': 0.4, 'type': 1}, {'idp': 120, 'x': 3.356, 'y': 1.364, 'r': 0.4, 'type': 1}]
27124,1398693874.957748,[{'idp': 116, 'x': 0.744, 'y': 1.156, 'r': 0.4, 'type': 1}, {'idp': 119, 'x': 3.655, 'y': -0.423, 'r': 0.4, 'type': 1}, {'idp': 120, 'x': 3.355, 'y': 1.363, 'r': 0.4, 'type': 1}]
27125,1398693874.997709,[{'idp': 116, 'x': 0.734, 'y': 1.136, 'r': 0.4, 'type': 1}, {'idp': 119, 'x': 3.653, 'y': -0.446, 'r': 0.4, 'type': 1}, {'idp': 120, 'x': 3.367, 'y': 1.359, 'r': 0.4, 'type': 1}]
27126,1398693874.9977372,[{'idp': 116, 'x': 0.736, 'y': 1.132, 'r': 0.4, 'type': 1}, {'idp': 119, 'x': 3.629, 'y': -0.475, 'r': 0.4, 'type': 1}, {'idp': 120, 'x': 3.357, 'y': 1.346, 'r': 0.4, 'type': 1}]
27127,1398693875.0378408,[{'idp': 116, 'x': 0.728, 'y': 1.121, 'r': 0.4, 'type': 1}, {'idp': 119, 'x': 3.614, 'y': -0.498, 'r': 0.4, 'type': 1}, {'idp': 120, 'x': 3.358, 'y': 1.337, 'r': 0.4, 'type': 1}]
27128,1398693875.0450819,[{'idp': 116, 'x': 0.731, 'y': 1.119, 'r': 0.4, 'type': 1}, {'idp': 119, 'x': 3.603, 'y': -0.521, 'r': 0.4, 'type': 1}, {'idp': 120, 'x': 3.35, 'y': 1.325, 'r': 0.4, 'type': 1}]
27129,1398693875.0816534,[{'idp': 116, 'x': 0.726, 'y': 1.112, 'r': 0.4, 'type': 1}, {'idp': 119, 'x': 3.576, 'y': -0.54, 'r': 0.4, 'type': 1}, {'idp': 120, 'x': 3.338, 'y': 1.312, 'r': 0.4, 'type': 1}]
27130,1398693875.121719,[{'idp': 116, 'x': 0.729, 'y': 1.112, 'r': 0.4, 'type': 1}, {'idp': 119, 'x': 3.588, 'y': -0.566, 'r': 0.4, 'type': 1}, {'idp': 120, 'x': 3.332, 'y': 1.293, 'r': 0.4, 'type': 1}]
27131,1398693875.1217506,[{'idp': 116, 'x': 0.72, 'y': 1.099, 'r': 0.4, 'type': 1}, {'idp': 119, 'x': 3.557, 'y': -0.593, 'r': 0.4, 'type': 1}, {'idp': 120, 'x': 3.316, 'y': 1.28, 'r': 0.4, 'type': 1}]
27132,1398693875.1617336,[{'idp': 116, 'x': 0.712, 'y': 1.075, 'r': 0.4, 'type': 1}, {'idp': 119, 'x': 3.534, 'y': -0.621, 'r': 0.4, 'type': 1}, {'idp': 120, 'x': 3.305, 'y': 1.259, 'r': 0.4, 'type': 1}]
27133,1398693875.1702845,[{'idp': 116, 'x': 0.714, 'y': 1.078, 'r': 0.4, 'type': 1}, {'idp': 119, 'x': 3.515, 'y': -0.641, 'r': 0.4, 'type': 1}, {'idp': 120, 'x': 3.295, 'y': 1.239, 'r': 0.4, 'type': 1}]
27134,1398693875.2097225,[{'idp': 116, 'x': 0.714, 'y': 1.079, 'r': 0.4, 'type': 1}, {'idp': 119, 'x': 3.512, 'y': -0.672, 'r': 0.4, 'type': 1}, {'idp': 120, 'x': 3.282, 'y': 1.216, 'r': 0.4, 'type': 1}]
27135,1398693875.2497551,[{'idp': 116, 'x': 0.701, 'y': 1.06, 'r': 0.4, 'type': 1}, {'idp': 119, 'x': 3.49, 'y': -0.692, 'r': 0.4, 'type': 1}, {'idp': 120, 'x': 3.278, 'y': 1.199, 'r': 0.4, 'type': 1}]
27136,1398693875.2498205,[{'idp': 116, 'x': 0.702, 'y': 1.059, 'r': 0.4, 'type': 1}, {'idp': 119, 'x': 3.469, 'y': -0.711, 'r': 0.4, 'type': 1}, {'idp': 120, 'x': 3.269, 'y': 1.179, 'r': 0.4, 'type': 1}]
27137,1398693875.2897174,[{'idp': 116, 'x': 0.701, 'y': 1.054, 'r': 0.4, 'type': 1}, {'idp': 119, 'x': 3.445, 'y': -0.73, 'r': 0.4, 'type': 1}, {'idp': 120, 'x': 3.239, 'y': 1.161, 'r': 0.4, 'type': 1}]
27138,1398693875.2950776,[{'idp': 116, 'x': 0.696, 'y': 1.047, 'r': 0.4, 'type': 1}, {'idp': 119, 'x': 3.451, 'y': -0.755, 'r': 0.4, 'type': 1}, {'idp': 120, 'x': 3.235, 'y': 1.143, 'r': 0.4, 'type': 1}]
27139,1398693875.3336952,[{'idp': 116, 'x': 0.697, 'y': 1.042, 'r': 0.4, 'type': 1}, {'idp': 119, 'x': 3.436, 'y': -0.783, 'r': 0.4, 'type': 1}, {'idp': 120, 'x': 3.215, 'y': 1.121, 'r': 0.4, 'type': 1}]
27140,1398693875.3736484,[{'idp': 116, 'x': 0.691, 'y': 1.033, 'r': 0.4, 'type': 1}, {'idp': 119, 'x': 3.422, 'y': -0.804, 'r': 0.4, 'type': 1}, {'idp': 120, 'x': 3.218, 'y': 1.106, 'r': 0.4, 'type': 1}]
27141,1398693875.3736808,[{'idp': 116, 'x': 0.682, 'y': 1.02, 'r': 0.4, 'type': 1}, {'idp': 119, 'x': 3.389, 'y': -0.827, 'r': 0.4, 'type': 1}, {'idp': 120, 'x': 3.193, 'y': 1.082, 'r': 0.4, 'type': 1}]
27142,1398693875.4138029,[{'idp': 116, 'x': 0.689, 'y': 1.024, 'r': 0.4, 'type': 1}, {'idp': 119, 'x': 3.394, 'y': -0.844, 'r': 0.4, 'type': 1}, {'idp': 120, 'x': 3.15, 'y': 1.068, 'r': 0.4, 'type': 1}]
27143,1398693875.4202986,[{'idp': 116, 'x': 0.685, 'y': 1.028, 'r': 0.4, 'type': 1}, {'idp': 119, 'x': 3.364, 'y': -0.868, 'r': 0.4, 'type': 1}, {'idp': 120, 'x': 3.139, 'y': 1.057, 'r': 0.4, 'type': 1}, {'idp': 121, 'x': 0.104, 'y': 1.691, 'r': 0.4, 'type': 1}]
27144,1398693875.4577062,[{'idp': 116, 'x': 0.682, 'y': 1.02, 'r': 0.4, 'type': 1}, {'idp': 119, 'x': 3.343, 'y': -0.878, 'r': 0.4, 'type': 1}, {'idp': 120, 'x': 3.126, 'y': 1.054, 'r': 0.4, 'type': 1}, {'idp': 121, 'x': 0.137, 'y': 1.67, 'r': 0.4, 'type': 1}]
27145,1398693875.497735,[{'idp': 116, 'x': 0.675, 'y': 1.005, 'r': 0.4, 'type': 1}, {'idp': 119, 'x': 3.326, 'y': -0.905, 'r': 0.4, 'type': 1}, {'idp': 120, 'x': 3.134, 'y': 1.05, 'r': 0.4, 'type': 1}, {'idp': 121, 'x': 0.136, 'y': 1.657, 'r': 0.4, 'type': 1}]
27146,1398693875.49777,[{'idp': 116, 'x': 0.681, 'y': 1.012, 'r': 0.4, 'type': 1}, {'idp': 119, 'x': 3.3, 'y': -0.929, 'r': 0.4, 'type': 1}, {'idp': 120, 'x': 3.143, 'y': 1.045, 'r': 0.4, 'type': 1}, {'idp': 121, 'x': 0.131, 'y': 1.656, 'r': 0.4, 'type': 1}]
27147,1398693875.5376725,[{'idp': 116, 'x': 0.679, 'y': 1.008, 'r': 0.4, 'type': 1}, {'idp': 119, 'x': 3.284, 'y': -0.955, 'r': 0.4, 'type': 1}, {'idp': 120, 'x': 3.14, 'y': 1.045, 'r': 0.4, 'type': 1}, {'idp': 121, 'x': 0.13, 'y': 1.657, 'r': 0.4, 'type': 1}]
27148,1398693875.5443068,[{'idp': 116, 'x': 0.669, 'y': 0.994, 'r': 0.4, 'type': 1}, {'idp': 119, 'x': 3.262, 'y': -0.979, 'r': 0.4, 'type': 1}, {'idp': 120, 'x': 3.13, 'y': 1.034, 'r': 0.4, 'type': 1}, {'idp': 121, 'x': 0.132, 'y': 1.662, 'r': 0.4, 'type': 1}]
27149,1398693875.581713,[{'idp': 116, 'x': 0.668, 'y': 0.992, 'r': 0.4, 'type': 1}, {'idp': 119, 'x': 3.235, 'y': -1.01, 'r': 0.4, 'type': 1}, {'idp': 120, 'x': 3.142, 'y': 1.038, 'r': 0.4, 'type': 1}, {'idp': 121, 'x': 0.131, 'y': 1.65, 'r': 0.4, 'type': 1}]
27150,1398693875.6217372,[{'idp': 116, 'x': 0.664, 'y': 0.992, 'r': 0.4, 'type': 1}, {'idp': 119, 'x': 3.225, 'y': -1.03, 'r': 0.4, 'type': 1}, {'idp': 120, 'x': 3.123, 'y': 1.017, 'r': 0.4, 'type': 1}, {'idp': 121, 'x': 0.13, 'y': 1.656, 'r': 0.4, 'type': 1}]
27151,1398693875.6217675,[{'idp': 116, 'x': 0.661, 'y': 0.982, 'r': 0.4, 'type': 1}, {'idp': 119, 'x': 3.2, 'y': -1.052, 'r': 0.4, 'type': 1}, {'idp': 120, 'x': 3.116, 'y': 1.015, 'r': 0.4, 'type': 1}, {'idp': 121, 'x': 0.127, 'y': 1.643, 'r': 0.4, 'type': 1}]
27152,1398693875.6618204,[{'idp': 116, 'x': 0.674, 'y': 0.989, 'r': 0.4, 'type': 1}, {'idp': 119, 'x': 3.185, 'y': -1.078, 'r': 0.4, 'type': 1}, {'idp': 120, 'x': 3.12, 'y': 1.008, 'r': 0.4, 'type': 1}, {'idp': 121, 'x': 0.134, 'y': 1.658, 'r': 0.4, 'type': 1}]
27153,1398693875.6724494,[{'idp': 116, 'x': 0.655, 'y': 0.972, 'r': 0.4, 'type': 1}, {'idp': 119, 'x': 3.167, 'y': -1.103, 'r': 0.4, 'type': 1}, {'idp': 120, 'x': 3.109, 'y': 0.997, 'r': 0.4, 'type': 1}, {'idp': 121, 'x': 0.126, 'y': 1.646, 'r': 0.4, 'type': 1}]
27154,1398693875.7097273,[{'idp': 116, 'x': 0.646, 'y': 0.963, 'r': 0.4, 'type': 1}, {'idp': 119, 'x': 3.145, 'y': -1.127, 'r': 0.4, 'type': 1}, {'idp': 120, 'x': 3.107, 'y': 0.999, 'r': 0.4, 'type': 1}, {'idp': 121, 'x': 0.126, 'y': 1.648, 'r': 0.4, 'type': 1}]
27155,1398693875.7496564,[{'idp': 116, 'x': 0.643, 'y': 0.959, 'r': 0.4, 'type': 1}, {'idp': 119, 'x': 3.127, 'y': -1.151, 'r': 0.4, 'type': 1}, {'idp': 120, 'x': 3.098, 'y': 0.979, 'r': 0.4, 'type': 1}, {'idp': 121, 'x': 0.125, 'y': 1.643, 'r': 0.4, 'type': 1}]
27156,1398693875.7496784,[{'idp': 116, 'x': 0.64, 'y': 0.955, 'r': 0.4, 'type': 1}, {'idp': 119, 'x': 3.106, 'y': -1.174, 'r': 0.4, 'type': 1}, {'idp': 120, 'x': 3.087, 'y': 0.968, 'r': 0.4, 'type': 1}, {'idp': 121, 'x': 0.131, 'y': 1.651, 'r': 0.4, 'type': 1}]
27157,1398693875.7896602,[{'idp': 116, 'x': 0.64, 'y': 0.95, 'r': 0.4, 'type': 1}, {'idp': 119, 'x': 3.084, 'y': -1.204, 'r': 0.4, 'type': 1}, {'idp': 120, 'x': 3.097, 'y': 0.96, 'r': 0.4, 'type': 1}, {'idp': 121, 'x': 0.129, 'y': 1.627, 'r': 0.4, 'type': 1}]
27158,1398693875.7942998,[{'idp': 116, 'x': 0.634, 'y': 0.945, 'r': 0.4, 'type': 1}, {'idp': 119, 'x': 3.055, 'y': -1.224, 'r': 0.4, 'type': 1}, {'idp': 120, 'x': 3.081, 'y': 0.925, 'r': 0.4, 'type': 1}, {'idp': 121, 'x': 0.135, 'y': 1.644, 'r': 0.4, 'type': 1}]
27159,1398693875.8337157,[{'idp': 116, 'x': 0.627, 'y': 0.934, 'r': 0.4, 'type': 1}, {'idp': 119, 'x': 3.054, 'y': -1.255, 'r': 0.4, 'type': 1}, {'idp': 120, 'x': 3.084, 'y': 0.923, 'r': 0.4, 'type': 1}, {'idp': 121, 'x': 0.134, 'y': 1.639, 'r': 0.4, 'type': 1}]
27160,1398693875.8736556,[{'idp': 116, 'x': 0.632, 'y': 0.937, 'r': 0.4, 'type': 1}, {'idp': 119, 'x': 3.025, 'y': -1.274, 'r': 0.4, 'type': 1}, {'idp': 120, 'x': 3.071, 'y': 0.904, 'r': 0.4, 'type': 1}, {'idp': 121, 'x': 0.133, 'y': 1.633, 'r': 0.4, 'type': 1}]
27161,1398693875.873687,[{'idp': 116, 'x': 0.628, 'y': 0.934, 'r': 0.4, 'type': 1}, {'idp': 119, 'x': 3.01, 'y': -1.299, 'r': 0.4, 'type': 1}, {'idp': 120, 'x': 3.065, 'y': 0.888, 'r': 0.4, 'type': 1}, {'idp': 121, 'x': 0.138, 'y': 1.637, 'r': 0.4, 'type': 1}]
27162,1398693875.9137814,[{'idp': 116, 'x': 0.617, 'y': 0.919, 'r': 0.4, 'type': 1}, {'idp': 119, 'x': 2.991, 'y': -1.321, 'r': 0.4, 'type': 1}, {'idp': 120, 'x': 3.061, 'y': 0.883, 'r': 0.4, 'type': 1}, {'idp': 121, 'x': 0.137, 'y': 1.626, 'r': 0.4, 'type': 1}]
27163,1398693875.920028,[{'idp': 116, 'x': 0.617, 'y': 0.918, 'r': 0.4, 'type': 1}, {'idp': 119, 'x': 2.969, 'y': -1.343, 'r': 0.4, 'type': 1}, {'idp': 120, 'x': 3.055, 'y': 0.863, 'r': 0.4, 'type': 1}, {'idp': 121, 'x': 0.137, 'y': 1.624, 'r': 0.4, 'type': 1}]
27164,1398693875.9577808,[{'idp': 116, 'x': 0.614, 'y': 0.914, 'r': 0.4, 'type': 1}, {'idp': 119, 'x': 2.947, 'y': -1.364, 'r': 0.4, 'type': 1}, {'idp': 120, 'x': 3.052, 'y': 0.859, 'r': 0.4, 'type': 1}, {'idp': 121, 'x': 0.137, 'y': 1.63, 'r': 0.4, 'type': 1}]
27165,1398693875.997655,[{'idp': 116, 'x': 0.604, 'y': 0.903, 'r': 0.4, 'type': 1}, {'idp': 119, 'x': 2.923, 'y': -1.384, 'r': 0.4, 'type': 1}, {'idp': 120, 'x': 3.037, 'y': 0.837, 'r': 0.4, 'type': 1}, {'idp': 121, 'x': 0.137, 'y': 1.627, 'r': 0.4, 'type': 1}]
27166,1398693875.9977243,[{'idp': 116, 'x': 0.607, 'y': 0.907, 'r': 0.4, 'type': 1}, {'idp': 119, 'x': 2.899, 'y': -1.404, 'r': 0.4, 'type': 1}, {'idp': 120, 'x': 3.041, 'y': 0.83, 'r': 0.4, 'type': 1}, {'idp': 121, 'x': 0.141, 'y': 1.628, 'r': 0.4, 'type': 1}]
27167,1398693876.0377262,[{'idp': 116, 'x': 0.6, 'y': 0.9, 'r': 0.4, 'type': 1}, {'idp': 119, 'x': 2.878, 'y': -1.425, 'r': 0.4, 'type': 1}, {'idp': 120, 'x': 3.03, 'y': 0.817, 'r': 0.4, 'type': 1}, {'idp': 121, 'x': 0.141, 'y': 1.624, 'r': 0.4, 'type': 1}]
27168,1398693876.0445485,[{'idp': 116, 'x': 0.589, 'y': 0.889, 'r': 0.4, 'type': 1}, {'idp': 119, 'x': 2.861, 'y': -1.448, 'r': 0.4, 'type': 1}, {'idp': 120, 'x': 3.027, 'y': 0.799, 'r': 0.4, 'type': 1}, {'idp': 121, 'x': 0.141, 'y': 1.625, 'r': 0.4, 'type': 1}]
27169,1398693876.0817444,[{'idp': 116, 'x': 0.583, 'y': 0.88, 'r': 0.4, 'type': 1}, {'idp': 119, 'x': 2.838, 'y': -1.475, 'r': 0.4, 'type': 1}, {'idp': 120, 'x': 3.018, 'y': 0.78, 'r': 0.4, 'type': 1}, {'idp': 121, 'x': 0.14, 'y': 1.611, 'r': 0.4, 'type': 1}]
27170,1398693876.1216586,[{'idp': 116, 'x': 0.588, 'y': 0.886, 'r': 0.4, 'type': 1}, {'idp': 119, 'x': 2.809, 'y': -1.492, 'r': 0.4, 'type': 1}, {'idp': 120, 'x': 3.006, 'y': 0.771, 'r': 0.4, 'type': 1}, {'idp': 121, 'x': 0.141, 'y': 1.62, 'r': 0.4, 'type': 1}]
27171,1398693876.161718,[{'idp': 116, 'x': 0.582, 'y': 0.881, 'r': 0.4, 'type': 1}, {'idp': 119, 'x': 2.784, 'y': -1.509, 'r': 0.4, 'type': 1}, {'idp': 120, 'x': 2.987, 'y': 0.76, 'r': 0.4, 'type': 1}, {'idp': 121, 'x': 0.144, 'y': 1.614, 'r': 0.4, 'type': 1}]
27172,1398693876.1617494,[{'idp': 116, 'x': 0.575, 'y': 0.874, 'r': 0.4, 'type': 1}, {'idp': 119, 'x': 2.766, 'y': -1.531, 'r': 0.4, 'type': 1}, {'idp': 120, 'x': 2.985, 'y': 0.761, 'r': 0.4, 'type': 1}, {'idp': 121, 'x': 0.144, 'y': 1.609, 'r': 0.4, 'type': 1}]
27173,1398693876.201672,[{'idp': 116, 'x': 0.576, 'y': 0.879, 'r': 0.4, 'type': 1}, {'idp': 119, 'x': 2.736, 'y': -1.546, 'r': 0.4, 'type': 1}, {'idp': 120, 'x': 2.987, 'y': 0.763, 'r': 0.4, 'type': 1}, {'idp': 121, 'x': 0.144, 'y': 1.611, 'r': 0.4, 'type': 1}]
27174,1398693876.2017045,[{'idp': 116, 'x': 0.57, 'y': 0.878, 'r': 0.4, 'type': 1}, {'idp': 119, 'x': 2.715, 'y': -1.565, 'r': 0.4, 'type': 1}, {'idp': 120, 'x': 2.989, 'y': 0.756, 'r': 0.4, 'type': 1}, {'idp': 121, 'x': 0.144, 'y': 1.615, 'r': 0.4, 'type': 1}]
27175,1398693876.241693,[{'idp': 116, 'x': 0.558, 'y': 0.872, 'r': 0.4, 'type': 1}, {'idp': 119, 'x': 2.694, 'y': -1.585, 'r': 0.4, 'type': 1}, {'idp': 120, 'x': 2.969, 'y': 0.757, 'r': 0.4, 'type': 1}, {'idp': 121, 'x': 0.14, 'y': 1.597, 'r': 0.4, 'type': 1}]
27176,1398693876.244307,[{'idp': 116, 'x': 0.553, 'y': 0.876, 'r': 0.4, 'type': 1}, {'idp': 119, 'x': 2.672, 'y': -1.596, 'r': 0.4, 'type': 1}, {'idp': 120, 'x': 2.956, 'y': 0.76, 'r': 0.4, 'type': 1}, {'idp': 121, 'x': 0.143, 'y': 1.614, 'r': 0.4, 'type': 1}, {'idp': 122, 'x': 3.236, 'y': -0.689, 'r': 0.4, 'type': 1}]
27177,1398693876.281735,[{'idp': 116, 'x': 0.541, 'y': 0.877, 'r': 0.4, 'type': 1}, {'idp': 119, 'x': 2.657, 'y': -1.602, 'r': 0.4, 'type': 1}, {'idp': 120, 'x': 2.929, 'y': 0.774, 'r': 0.4, 'type': 1}, {'idp': 121, 'x': 0.138, 'y': 1.618, 'r': 0.4, 'type': 1}, {'idp': 122, 'x': 3.283, 'y': -0.732, 'r': 0.4, 'type': 1}]
27178,1398693876.3217509,[{'idp': 116, 'x': 0.534, 'y': 0.887, 'r': 0.4, 'type': 1}, {'idp': 119, 'x': 2.64, 'y': -1.592, 'r': 0.4, 'type': 1}, {'idp': 120, 'x': 2.902, 'y': 0.779, 'r': 0.4, 'type': 1}, {'idp': 121, 'x': 0.136, 'y': 1.632, 'r': 0.4, 'type': 1}, {'idp': 122, 'x': 3.272, 'y': -0.721, 'r': 0.4, 'type': 1}]
27179,1398693876.32178,[{'idp': 116, 'x': 0.521, 'y': 0.891, 'r': 0.4, 'type': 1}, {'idp': 119, 'x': 2.63, 'y': -1.594, 'r': 0.4, 'type': 1}, {'idp': 120, 'x': 2.88, 'y': 0.8, 'r': 0.4, 'type': 1}, {'idp': 121, 'x': 0.136, 'y': 1.639, 'r': 0.4, 'type': 1}, {'idp': 122, 'x': 3.245, 'y': -0.707, 'r': 0.4, 'type': 1}]
27180,1398693876.361682,[{'idp': 116, 'x': 0.505, 'y': 0.894, 'r': 0.4, 'type': 1}, {'idp': 119, 'x': 2.609, 'y': -1.597, 'r': 0.4, 'type': 1}, {'idp': 120, 'x': 2.819, 'y': 0.802, 'r': 0.4, 'type': 1}, {'idp': 121, 'x': 0.129, 'y': 1.637, 'r': 0.4, 'type': 1}, {'idp': 122, 'x': 3.212, 'y': -0.7, 'r': 0.4, 'type': 1}]
27181,1398693876.3690116,[{'idp': 116, 'x': 0.5, 'y': 0.902, 'r': 0.4, 'type': 1}, {'idp': 119, 'x': 2.59, 'y': -1.593, 'r': 0.4, 'type': 1}, {'idp': 120, 'x': 2.835, 'y': 0.832, 'r': 0.4, 'type': 1}, {'idp': 121, 'x': 0.132, 'y': 1.648, 'r': 0.4, 'type': 1}, {'idp': 122, 'x': 3.183, 'y': -0.686, 'r': 0.4, 'type': 1}]
27182,1398693876.40573,[{'idp': 116, 'x': 0.489, 'y': 0.912, 'r': 0.4, 'type': 1}, {'idp': 119, 'x': 2.575, 'y': -1.599, 'r': 0.4, 'type': 1}, {'idp': 120, 'x': 2.845, 'y': 0.848, 'r': 0.4, 'type': 1}, {'idp': 121, 'x': 0.124, 'y': 1.656, 'r': 0.4, 'type': 1}, {'idp': 122, 'x': 3.142, 'y': -0.662, 'r': 0.4, 'type': 1}]
27183,1398693876.4457426,[{'idp': 116, 'x': 0.469, 'y': 0.908, 'r': 0.4, 'type': 1}, {'idp': 119, 'x': 2.568, 'y': -1.594, 'r': 0.4, 'type': 1}, {'idp': 120, 'x': 2.848, 'y': 0.875, 'r': 0.4, 'type': 1}, {'idp': 121, 'x': 0.126, 'y': 1.67, 'r': 0.4, 'type': 1}, {'idp': 122, 'x': 3.121, 'y': -0.634, 'r': 0.4, 'type': 1}]
27184,1398693876.445773,[{'idp': 116, 'x': 0.456, 'y': 0.913, 'r': 0.4, 'type': 1}, {'idp': 119, 'x': 2.547, 'y': -1.59, 'r': 0.4, 'type': 1}, {'idp': 120, 'x': 2.828, 'y': 0.889, 'r': 0.4, 'type': 1}, {'idp': 121, 'x': 0.117, 'y': 1.676, 'r': 0.4, 'type': 1}, {'idp': 122, 'x': 3.138, 'y': -0.622, 'r': 0.4, 'type': 1}]
27185,1398693876.48572,[{'idp': 116, 'x': 0.44, 'y': 0.911, 'r': 0.4, 'type': 1}, {'idp': 119, 'x': 2.533, 'y': -1.588, 'r': 0.4, 'type': 1}, {'idp': 120, 'x': 2.841, 'y': 0.907, 'r': 0.4, 'type': 1}, {'idp': 121, 'x': 0.114, 'y': 1.67, 'r': 0.4, 'type': 1}, {'idp': 122, 'x': 3.125, 'y': -0.613, 'r': 0.4, 'type': 1}]
27186,1398693876.4936075,[{'idp': 116, 'x': 0.429, 'y': 0.907, 'r': 0.4, 'type': 1}, {'idp': 119, 'x': 2.518, 'y': -1.587, 'r': 0.4, 'type': 1}, {'idp': 120, 'x': 2.832, 'y': 0.924, 'r': 0.4, 'type': 1}, {'idp': 121, 'x': 0.098, 'y': 1.665, 'r': 0.4, 'type': 1}, {'idp': 122, 'x': 3.137, 'y': -0.607, 'r': 0.4, 'type': 1}]
27187,1398693876.5297103,[{'idp': 116, 'x': 0.418, 'y': 0.907, 'r': 0.4, 'type': 1}, {'idp': 119, 'x': 2.496, 'y': -1.581, 'r': 0.4, 'type': 1}, {'idp': 120, 'x': 2.819, 'y': 0.932, 'r': 0.4, 'type': 1}, {'idp': 121, 'x': 0.087, 'y': 1.663, 'r': 0.4, 'type': 1}, {'idp': 122, 'x': 3.143, 'y': -0.594, 'r': 0.4, 'type': 1}]
27188,1398693876.5696564,[{'idp': 116, 'x': 0.407, 'y': 0.91, 'r': 0.4, 'type': 1}, {'idp': 119, 'x': 2.486, 'y': -1.583, 'r': 0.4, 'type': 1}, {'idp': 120, 'x': 2.791, 'y': 0.945, 'r': 0.4, 'type': 1}, {'idp': 121, 'x': 0.076, 'y': 1.666, 'r': 0.4, 'type': 1}, {'idp': 122, 'x': 3.134, 'y': -0.585, 'r': 0.4, 'type': 1}]
27189,1398693876.5696888,[{'idp': 116, 'x': 0.393, 'y': 0.911, 'r': 0.4, 'type': 1}, {'idp': 119, 'x': 2.465, 'y': -1.577, 'r': 0.4, 'type': 1}, {'idp': 120, 'x': 2.773, 'y': 0.964, 'r': 0.4, 'type': 1}, {'idp': 121, 'x': 0.069, 'y': 1.663, 'r': 0.4, 'type': 1}, {'idp': 122, 'x': 3.134, 'y': -0.578, 'r': 0.4, 'type': 1}]
27190,1398693876.6097226,[{'idp': 116, 'x': 0.375, 'y': 0.903, 'r': 0.4, 'type': 1}, {'idp': 119, 'x': 2.442, 'y': -1.579, 'r': 0.4, 'type': 1}, {'idp': 120, 'x': 2.772, 'y': 0.97, 'r': 0.4, 'type': 1}, {'idp': 121, 'x': 0.062, 'y': 1.665, 'r': 0.4, 'type': 1}, {'idp': 122, 'x': 3.129, 'y': -0.577, 'r': 0.4, 'type': 1}]
27191,1398693876.6181905,[{'idp': 116, 'x': 0.364, 'y': 0.908, 'r': 0.4, 'type': 1}, {'idp': 119, 'x': 2.435, 'y': -1.574, 'r': 0.4, 'type': 1}, {'idp': 120, 'x': 2.735, 'y': 0.981, 'r': 0.4, 'type': 1}, {'idp': 121, 'x': 0.058, 'y': 1.662, 'r': 0.4, 'type': 1}, {'idp': 122, 'x': 3.161, 'y': -0.561, 'r': 0.4, 'type': 1}]
27192,1398693876.657788,[{'idp': 116, 'x': 0.349, 'y': 0.906, 'r': 0.4, 'type': 1}, {'idp': 119, 'x': 2.414, 'y': -1.567, 'r': 0.4, 'type': 1}, {'idp': 120, 'x': 2.732, 'y': 0.985, 'r': 0.4, 'type': 1}, {'idp': 121, 'x': 0.055, 'y': 1.669, 'r': 0.4, 'type': 1}, {'idp': 122, 'x': 3.113, 'y': -0.552, 'r': 0.4, 'type': 1}]
27193,1398693876.697706,[{'idp': 116, 'x': 0.33, 'y': 0.906, 'r': 0.4, 'type': 1}, {'idp': 119, 'x': 2.397, 'y': -1.572, 'r': 0.4, 'type': 1}, {'idp': 120, 'x': 2.721, 'y': 0.988, 'r': 0.4, 'type': 1}, {'idp': 121, 'x': 0.047, 'y': 1.652, 'r': 0.4, 'type': 1}, {'idp': 122, 'x': 3.1, 'y': -0.543, 'r': 0.4, 'type': 1}]
27194,1398693876.697741,[{'idp': 116, 'x': 0.318, 'y': 0.907, 'r': 0.4, 'type': 1}, {'idp': 119, 'x': 2.375, 'y': -1.566, 'r': 0.4, 'type': 1}, {'idp': 120, 'x': 2.718, 'y': 1.008, 'r': 0.4, 'type': 1}, {'idp': 121, 'x': 0.043, 'y': 1.654, 'r': 0.4, 'type': 1}, {'idp': 122, 'x': 3.115, 'y': -0.539, 'r': 0.4, 'type': 1}]
27195,1398693876.7376993,[{'idp': 116, 'x': 0.301, 'y': 0.911, 'r': 0.4, 'type': 1}, {'idp': 119, 'x': 2.356, 'y': -1.56, 'r': 0.4, 'type': 1}, {'idp': 120, 'x': 2.694, 'y': 1.012, 'r': 0.4, 'type': 1}, {'idp': 121, 'x': 0.036, 'y': 1.66, 'r': 0.4, 'type': 1}, {'idp': 122, 'x': 3.09, 'y': -0.537, 'r': 0.4, 'type': 1}]
27196,1398693876.7429307,[{'idp': 116, 'x': 0.286, 'y': 0.911, 'r': 0.4, 'type': 1}, {'idp': 119, 'x': 2.345, 'y': -1.567, 'r': 0.4, 'type': 1}, {'idp': 120, 'x': 2.68, 'y': 1.02, 'r': 0.4, 'type': 1}, {'idp': 121, 'x': 0.033, 'y': 1.662, 'r': 0.4, 'type': 1}, {'idp': 122, 'x': 3.061, 'y': -0.525, 'r': 0.4, 'type': 1}]
27197,1398693876.7817214,[{'idp': 116, 'x': 0.268, 'y': 0.91, 'r': 0.4, 'type': 1}, {'idp': 119, 'x': 2.328, 'y': -1.565, 'r': 0.4, 'type': 1}, {'idp': 120, 'x': 2.657, 'y': 1.033, 'r': 0.4, 'type': 1}, {'idp': 121, 'x': 0.029, 'y': 1.675, 'r': 0.4, 'type': 1}, {'idp': 122, 'x': 3.066, 'y': -0.518, 'r': 0.4, 'type': 1}]
27198,1398693876.821679,[{'idp': 116, 'x': 0.252, 'y': 0.912, 'r': 0.4, 'type': 1}, {'idp': 119, 'x': 2.312, 'y': -1.56, 'r': 0.4, 'type': 1}, {'idp': 120, 'x': 2.629, 'y': 1.037, 'r': 0.4, 'type': 1}, {'idp': 121, 'x': 0.022, 'y': 1.667, 'r': 0.4, 'type': 1}, {'idp': 122, 'x': 3.066, 'y': -0.518, 'r': 0.4, 'type': 1}]
27199,1398693876.8217087,[{'idp': 116, 'x': 0.235, 'y': 0.914, 'r': 0.4, 'type': 1}, {'idp': 119, 'x': 2.295, 'y': -1.564, 'r': 0.4, 'type': 1}, {'idp': 120, 'x': 2.629, 'y': 1.058, 'r': 0.4, 'type': 1}, {'idp': 121, 'x': 0.018, 'y': 1.666, 'r': 0.4, 'type': 1}, {'idp': 122, 'x': 3.051, 'y': -0.5, 'r': 0.4, 'type': 1}]
27200,1398693876.861783,[{'idp': 116, 'x': 0.221, 'y': 0.912, 'r': 0.4, 'type': 1}, {'idp': 119, 'x': 2.276, 'y': -1.558, 'r': 0.4, 'type': 1}, {'idp': 120, 'x': 2.607, 'y': 1.077, 'r': 0.4, 'type': 1}, {'idp': 121, 'x': 0.014, 'y': 1.64, 'r': 0.4, 'type': 1}, {'idp': 122, 'x': 3.031, 'y': -0.497, 'r': 0.4, 'type': 1}]
27201,1398693876.8676066,[{'idp': 116, 'x': 0.201, 'y': 0.911, 'r': 0.4, 'type': 1}, {'idp': 119, 'x': 2.257, 'y': -1.562, 'r': 0.4, 'type': 1}, {'idp': 120, 'x': 2.578, 'y': 1.085, 'r': 0.4, 'type': 1}, {'idp': 121, 'x': 0.01, 'y': 1.603, 'r': 0.4, 'type': 1}, {'idp': 122, 'x': 3.017, 'y': -0.495, 'r': 0.4, 'type': 1}]
27202,1398693876.905766,[{'idp': 116, 'x': 0.184, 'y': 0.91, 'r': 0.4, 'type': 1}, {'idp': 119, 'x': 2.241, 'y': -1.556, 'r': 0.4, 'type': 1}, {'idp': 120, 'x': 2.547, 'y': 1.099, 'r': 0.4, 'type': 1}, {'idp': 121, 'x': 0.007, 'y': 1.655, 'r': 0.4, 'type': 1}, {'idp': 122, 'x': 3.011, 'y': -0.498, 'r': 0.4, 'type': 1}]
27203,1398693876.9457214,[{'idp': 116, 'x': 0.171, 'y': 0.913, 'r': 0.4, 'type': 1}, {'idp': 119, 'x': 2.217, 'y': -1.554, 'r': 0.4, 'type': 1}, {'idp': 120, 'x': 2.54, 'y': 1.089, 'r': 0.4, 'type': 1}, {'idp': 121, 'x': 0.007, 'y': 1.655, 'r': 0.4, 'type': 1}, {'idp': 122, 'x': 2.986, 'y': -0.494, 'r': 0.4, 'type': 1}]
27204,1398693876.945752,[{'idp': 116, 'x': 0.158, 'y': 0.928, 'r': 0.4, 'type': 1}, {'idp': 119, 'x': 2.205, 'y': -1.553, 'r': 0.4, 'type': 1}, {'idp': 120, 'x': 2.514, 'y': 1.124, 'r': 0.4, 'type': 1}, {'idp': 121, 'x': 0.007, 'y': 1.655, 'r': 0.4, 'type': 1}, {'idp': 122, 'x': 2.982, 'y': -0.485, 'r': 0.4, 'type': 1}]
27205,1398693876.985756,[{'idp': 116, 'x': 0.141, 'y': 0.922, 'r': 0.4, 'type': 1}, {'idp': 119, 'x': 2.185, 'y': -1.554, 'r': 0.4, 'type': 1}, {'idp': 120, 'x': 2.452, 'y': 1.116, 'r': 0.4, 'type': 1}, {'idp': 121, 'x': 0.007, 'y': 1.655, 'r': 0.4, 'type': 1}, {'idp': 122, 'x': 2.976, 'y': -0.484, 'r': 0.4, 'type': 1}]
27206,1398693876.992536,[{'idp': 116, 'x': 0.117, 'y': 0.913, 'r': 0.4, 'type': 1}, {'idp': 119, 'x': 2.164, 'y': -1.546, 'r': 0.4, 'type': 1}, {'idp': 120, 'x': 2.442, 'y': 1.146, 'r': 0.4, 'type': 1}, {'idp': 121, 'x': 0.007, 'y': 1.655, 'r': 0.4, 'type': 1}, {'idp': 122, 'x': 2.951, 'y': -0.473, 'r': 0.4, 'type': 1}]
27207,1398693877.0296817,[{'idp': 116, 'x': 0.107, 'y': 0.918, 'r': 0.4, 'type': 1}, {'idp': 119, 'x': 2.148, 'y': -1.55, 'r': 0.4, 'type': 1}, {'idp': 120, 'x': 2.432, 'y': 1.168, 'r': 0.4, 'type': 1}, {'idp': 121, 'x': 0.007, 'y': 1.655, 'r': 0.4, 'type': 1}, {'idp': 122, 'x': 2.961, 'y': -0.467, 'r': 0.4, 'type': 1}]
27208,1398693877.0697296,[{'idp': 116, 'x': 0.098, 'y': 0.922, 'r': 0.4, 'type': 1}, {'idp': 119, 'x': 2.131, 'y': -1.552, 'r': 0.4, 'type': 1}, {'idp': 120, 'x': 2.419, 'y': 1.181, 'r': 0.4, 'type': 1}, {'idp': 121, 'x': 0.007, 'y': 1.655, 'r': 0.4, 'type': 1}, {'idp': 122, 'x': 2.94, 'y': -0.465, 'r': 0.4, 'type': 1}]
27209,1398693877.069758,[{'idp': 116, 'x': 0.086, 'y': 0.911, 'r': 0.4, 'type': 1}, {'idp': 119, 'x': 2.108, 'y': -1.543, 'r': 0.4, 'type': 1}, {'idp': 120, 'x': 2.415, 'y': 1.206, 'r': 0.4, 'type': 1}, {'idp': 121, 'x': 0.007, 'y': 1.655, 'r': 0.4, 'type': 1}, {'idp': 122, 'x': 2.926, 'y': -0.462, 'r': 0.4, 'type': 1}]
27210,1398693877.1097245,[{'idp': 116, 'x': 0.075, 'y': 0.906, 'r': 0.4, 'type': 1}, {'idp': 119, 'x': 2.088, 'y': -1.542, 'r': 0.4, 'type': 1}, {'idp': 120, 'x': 2.405, 'y': 1.228, 'r': 0.4, 'type': 1}, {'idp': 121, 'x': 0.007, 'y': 1.655, 'r': 0.4, 'type': 1}, {'idp': 122, 'x': 2.922, 'y': -0.462, 'r': 0.4, 'type': 1}]
27211,1398693877.1165295,[{'idp': 116, 'x': 0.067, 'y': 0.907, 'r': 0.4, 'type': 1}, {'idp': 119, 'x': 2.064, 'y': -1.545, 'r': 0.4, 'type': 1}, {'idp': 120, 'x': 2.387, 'y': 1.239, 'r': 0.4, 'type': 1}, {'idp': 121, 'x': 0.007, 'y': 1.655, 'r': 0.4, 'type': 1}, {'idp': 122, 'x': 2.906, 'y': -0.452, 'r': 0.4, 'type': 1}]
27212,1398693877.1536915,[{'idp': 116, 'x': 0.055, 'y': 0.889, 'r': 0.4, 'type': 1}, {'idp': 119, 'x': 2.043, 'y': -1.537, 'r': 0.4, 'type': 1}, {'idp': 120, 'x': 2.382, 'y': 1.264, 'r': 0.4, 'type': 1}, {'idp': 121, 'x': 0.007, 'y': 1.655, 'r': 0.4, 'type': 1}, {'idp': 122, 'x': 2.891, 'y': -0.449, 'r': 0.4, 'type': 1}]
27213,1398693877.1936355,[{'idp': 116, 'x': 0.049, 'y': 0.893, 'r': 0.4, 'type': 1}, {'idp': 119, 'x': 2.025, 'y': -1.537, 'r': 0.4, 'type': 1}, {'idp': 120, 'x': 2.356, 'y': 1.27, 'r': 0.4, 'type': 1}, {'idp': 121, 'x': 0.007, 'y': 1.655, 'r': 0.4, 'type': 1}, {'idp': 122, 'x': 2.883, 'y': -0.449, 'r': 0.4, 'type': 1}]
27214,1398693877.193653,[{'idp': 116, 'x': 0.047, 'y': 0.922, 'r': 0.4, 'type': 1}, {'idp': 119, 'x': 1.995, 'y': -1.536, 'r': 0.4, 'type': 1}, {'idp': 120, 'x': 2.339, 'y': 1.279, 'r': 0.4, 'type': 1}, {'idp': 121, 'x': 0.007, 'y': 1.655, 'r': 0.4, 'type': 1}, {'idp': 122, 'x': 2.891, 'y': -0.443, 'r': 0.4, 'type': 1}]
27215,1398693877.233666,[{'idp': 116, 'x': 0.043, 'y': 0.933, 'r': 0.4, 'type': 1}, {'idp': 119, 'x': 1.974, 'y': -1.526, 'r': 0.4, 'type': 1}, {'idp': 120, 'x': 2.326, 'y': 1.295, 'r': 0.4, 'type': 1}, {'idp': 121, 'x': 0.007, 'y': 1.655, 'r': 0.4, 'type': 1}, {'idp': 122, 'x': 2.848, 'y': -0.436, 'r': 0.4, 'type': 1}]
27216,1398693877.2411313,[{'idp': 116, 'x': 0.037, 'y': 0.953, 'r': 0.4, 'type': 1}, {'idp': 119, 'x': 1.942, 'y': -1.516, 'r': 0.4, 'type': 1}, {'idp': 120, 'x': 2.301, 'y': 1.288, 'r': 0.4, 'type': 1}, {'idp': 121, 'x': 0.007, 'y': 1.655, 'r': 0.4, 'type': 1}, {'idp': 122, 'x': 2.879, 'y': -0.44, 'r': 0.4, 'type': 1}]
27217,1398693877.2777288,[{'idp': 116, 'x': 0.034, 'y': 0.994, 'r': 0.4, 'type': 1}, {'idp': 119, 'x': 1.917, 'y': -1.516, 'r': 0.4, 'type': 1}, {'idp': 120, 'x': 2.286, 'y': 1.316, 'r': 0.4, 'type': 1}, {'idp': 121, 'x': 0.007, 'y': 1.655, 'r': 0.4, 'type': 1}, {'idp': 122, 'x': 2.84, 'y': -0.427, 'r': 0.4, 'type': 1}]
27218,1398693877.3176382,[{'idp': 116, 'x': 0.032, 'y': 1.056, 'r': 0.4, 'type': 1}, {'idp': 119, 'x': 1.901, 'y': -1.509, 'r': 0.4, 'type': 1}, {'idp': 120, 'x': 2.266, 'y': 1.325, 'r': 0.4, 'type': 1}, {'idp': 121, 'x': 0.007, 'y': 1.655, 'r': 0.4, 'type': 1}, {'idp': 122, 'x': 2.805, 'y': -0.415, 'r': 0.4, 'type': 1}]
27219,1398693877.317664,[{'idp': 116, 'x': 0.028, 'y': 1.111, 'r': 0.4, 'type': 1}, {'idp': 119, 'x': 1.871, 'y': -1.506, 'r': 0.4, 'type': 1}, {'idp': 120, 'x': 2.26, 'y': 1.324, 'r': 0.4, 'type': 1}, {'idp': 121, 'x': 0.007, 'y': 1.655, 'r': 0.4, 'type': 1}, {'idp': 122, 'x': 2.786, 'y': -0.406, 'r': 0.4, 'type': 1}]
27220,1398693877.357775,[{'idp': 116, 'x': 0.023, 'y': 1.17, 'r': 0.4, 'type': 1}, {'idp': 119, 'x': 1.853, 'y': -1.505, 'r': 0.4, 'type': 1}, {'idp': 120, 'x': 2.251, 'y': 1.329, 'r': 0.4, 'type': 1}, {'idp': 121, 'x': 0.007, 'y': 1.655, 'r': 0.4, 'type': 1}, {'idp': 122, 'x': 2.778, 'y': -0.405, 'r': 0.4, 'type': 1}]
27221,1398693877.3659413,[{'idp': 116, 'x': 0.015, 'y': 1.179, 'r': 0.4, 'type': 1}, {'idp': 119, 'x': 1.832, 'y': -1.501, 'r': 0.4, 'type': 1}, {'idp': 120, 'x': 2.226, 'y': 1.326, 'r': 0.4, 'type': 1}, {'idp': 121, 'x': 0.007, 'y': 1.655, 'r': 0.4, 'type': 1}, {'idp': 122, 'x': 2.766, 'y': -0.398, 'r': 0.4, 'type': 1}]
27222,1398693877.4057124,[{'idp': 116, 'x': 0.01, 'y': 1.191, 'r': 0.4, 'type': 1}, {'idp': 119, 'x': 1.806, 'y': -1.493, 'r': 0.4, 'type': 1}, {'idp': 120, 'x': 2.22, 'y': 1.327, 'r': 0.4, 'type': 1}, {'idp': 122, 'x': 2.748, 'y': -0.389, 'r': 0.4, 'type': 1}]
27223,1398693877.4456735,[{'idp': 116, 'x': 0.005, 'y': 1.203, 'r': 0.4, 'type': 1}, {'idp': 119, 'x': 1.791, 'y': -1.493, 'r': 0.4, 'type': 1}, {'idp': 120, 'x': 2.21, 'y': 1.337, 'r': 0.4, 'type': 1}, {'idp': 122, 'x': 2.737, 'y': -0.381, 'r': 0.4, 'type': 1}]
27224,1398693877.4458477,[{'idp': 116, 'x': 0.005, 'y': 1.203, 'r': 0.4, 'type': 1}, {'idp': 119, 'x': 1.769, 'y': -1.488, 'r': 0.4, 'type': 1}, {'idp': 120, 'x': 2.197, 'y': 1.346, 'r': 0.4, 'type': 1}, {'idp': 122, 'x': 2.721, 'y': -0.386, 'r': 0.4, 'type': 1}]
27225,1398693877.4858294,[{'idp': 116, 'x': 0.005, 'y': 1.203, 'r': 0.4, 'type': 1}, {'idp': 119, 'x': 1.757, 'y': -1.504, 'r': 0.4, 'type': 1}, {'idp': 120, 'x': 2.193, 'y': 1.34, 'r': 0.4, 'type': 1}, {'idp': 122, 'x': 2.712, 'y': -0.378, 'r': 0.4, 'type': 1}]
27226,1398693877.49074,[{'idp': 116, 'x': 0.005, 'y': 1.203, 'r': 0.4, 'type': 1}, {'idp': 119, 'x': 1.74, 'y': -1.502, 'r': 0.4, 'type': 1}, {'idp': 120, 'x': 2.183, 'y': 1.335, 'r': 0.4, 'type': 1}, {'idp': 122, 'x': 2.699, 'y': -0.382, 'r': 0.4, 'type': 1}]
27227,1398693877.5296495,[{'idp': 116, 'x': 0.005, 'y': 1.203, 'r': 0.4, 'type': 1}, {'idp': 119, 'x': 1.725, 'y': -1.516, 'r': 0.4, 'type': 1}, {'idp': 120, 'x': 2.18, 'y': 1.311, 'r': 0.4, 'type': 1}, {'idp': 122, 'x': 2.697, 'y': -0.395, 'r': 0.4, 'type': 1}]
27228,1398693877.5696564,[{'idp': 116, 'x': 0.005, 'y': 1.203, 'r': 0.4, 'type': 1}, {'idp': 119, 'x': 1.713, 'y': -1.54, 'r': 0.4, 'type': 1}, {'idp': 120, 'x': 2.169, 'y': 1.326, 'r': 0.4, 'type': 1}, {'idp': 122, 'x': 2.667, 'y': -0.402, 'r': 0.4, 'type': 1}]
27229,1398693877.5696845,[{'idp': 116, 'x': 0.005, 'y': 1.203, 'r': 0.4, 'type': 1}, {'idp': 119, 'x': 1.69, 'y': -1.545, 'r': 0.4, 'type': 1}, {'idp': 120, 'x': 2.173, 'y': 1.324, 'r': 0.4, 'type': 1}, {'idp': 122, 'x': 2.651, 'y': -0.424, 'r': 0.4, 'type': 1}]
27230,1398693877.6096864,[{'idp': 116, 'x': 0.005, 'y': 1.203, 'r': 0.4, 'type': 1}, {'idp': 119, 'x': 1.664, 'y': -1.562, 'r': 0.4, 'type': 1}, {'idp': 120, 'x': 2.17, 'y': 1.296, 'r': 0.4, 'type': 1}, {'idp': 122, 'x': 2.645, 'y': -0.446, 'r': 0.4, 'type': 1}]
27231,1398693877.6152978,[{'idp': 116, 'x': 0.005, 'y': 1.203, 'r': 0.4, 'type': 1}, {'idp': 119, 'x': 1.649, 'y': -1.582, 'r': 0.4, 'type': 1}, {'idp': 120, 'x': 2.169, 'y': 1.295, 'r': 0.4, 'type': 1}, {'idp': 122, 'x': 2.645, 'y': -0.477, 'r': 0.4, 'type': 1}]
27232,1398693877.6537416,[{'idp': 116, 'x': 0.005, 'y': 1.203, 'r': 0.4, 'type': 1}, {'idp': 119, 'x': 1.622, 'y': -1.598, 'r': 0.4, 'type': 1}, {'idp': 120, 'x': 2.166, 'y': 1.284, 'r': 0.4, 'type': 1}, {'idp': 122, 'x': 2.641, 'y': -0.499, 'r': 0.4, 'type': 1}]
27233,1398693877.693739,[{'idp': 119, 'x': 1.593, 'y': -1.603, 'r': 0.4, 'type': 1}, {'idp': 120, 'x': 2.171, 'y': 1.282, 'r': 0.4, 'type': 1}, {'idp': 122, 'x': 2.625, 'y': -0.52, 'r': 0.4, 'type': 1}]
27234,1398693877.6937711,[{'idp': 119, 'x': 1.567, 'y': -1.612, 'r': 0.4, 'type': 1}, {'idp': 120, 'x': 2.165, 'y': 1.267, 'r': 0.4, 'type': 1}, {'idp': 122, 'x': 2.59, 'y': -0.53, 'r': 0.4, 'type': 1}]
27235,1398693877.733865,[{'idp': 119, 'x': 1.534, 'y': -1.62, 'r': 0.4, 'type': 1}, {'idp': 120, 'x': 2.156, 'y': 1.267, 'r': 0.4, 'type': 1}, {'idp': 122, 'x': 2.598, 'y': -0.549, 'r': 0.4, 'type': 1}]
27236,1398693877.738959,[{'idp': 119, 'x': 1.505, 'y': -1.624, 'r': 0.4, 'type': 1}, {'idp': 120, 'x': 2.166, 'y': 1.266, 'r': 0.4, 'type': 1}, {'idp': 122, 'x': 2.59, 'y': -0.578, 'r': 0.4, 'type': 1}]
27237,1398693877.7777264,[{'idp': 119, 'x': 1.477, 'y': -1.643, 'r': 0.4, 'type': 1}, {'idp': 120, 'x': 2.162, 'y': 1.264, 'r': 0.4, 'type': 1}, {'idp': 122, 'x': 2.567, 'y': -0.596, 'r': 0.4, 'type': 1}]
27238,1398693877.8176734,[{'idp': 119, 'x': 1.44, 'y': -1.638, 'r': 0.4, 'type': 1}, {'idp': 120, 'x': 2.154, 'y': 1.255, 'r': 0.4, 'type': 1}, {'idp': 122, 'x': 2.547, 'y': -0.615, 'r': 0.4, 'type': 1}]
27239,1398693877.8177087,[{'idp': 119, 'x': 1.409, 'y': -1.66, 'r': 0.4, 'type': 1}, {'idp': 120, 'x': 2.143, 'y': 1.235, 'r': 0.4, 'type': 1}, {'idp': 122, 'x': 2.526, 'y': -0.633, 'r': 0.4, 'type': 1}]
27240,1398693877.8577147,[{'idp': 119, 'x': 1.377, 'y': -1.667, 'r': 0.4, 'type': 1}, {'idp': 120, 'x': 2.154, 'y': 1.255, 'r': 0.4, 'type': 1}, {'idp': 122, 'x': 2.511, 'y': -0.653, 'r': 0.4, 'type': 1}]
27241,1398693877.8632596,[{'idp': 119, 'x': 1.339, 'y': -1.679, 'r': 0.4, 'type': 1}, {'idp': 120, 'x': 2.144, 'y': 1.242, 'r': 0.4, 'type': 1}, {'idp': 122, 'x': 2.502, 'y': -0.668, 'r': 0.4, 'type': 1}]
27242,1398693877.9016933,[{'idp': 119, 'x': 1.312, 'y': -1.69, 'r': 0.4, 'type': 1}, {'idp': 120, 'x': 2.142, 'y': 1.225, 'r': 0.4, 'type': 1}, {'idp': 122, 'x': 2.486, 'y': -0.687, 'r': 0.4, 'type': 1}]
27243,1398693877.941677,[{'idp': 119, 'x': 1.277, 'y': -1.698, 'r': 0.4, 'type': 1}, {'idp': 120, 'x': 2.138, 'y': 1.22, 'r': 0.4, 'type': 1}, {'idp': 122, 'x': 2.463, 'y': -0.703, 'r': 0.4, 'type': 1}]
27244,1398693877.9417048,[{'idp': 119, 'x': 1.249, 'y': -1.706, 'r': 0.4, 'type': 1}, {'idp': 120, 'x': 2.15, 'y': 1.215, 'r': 0.4, 'type': 1}, {'idp': 122, 'x': 2.448, 'y': -0.722, 'r': 0.4, 'type': 1}]
27245,1398693877.9818063,[{'idp': 119, 'x': 1.215, 'y': -1.713, 'r': 0.4, 'type': 1}, {'idp': 120, 'x': 2.139, 'y': 1.197, 'r': 0.4, 'type': 1}, {'idp': 122, 'x': 2.419, 'y': -0.736, 'r': 0.4, 'type': 1}]
27246,1398693877.9875968,[{'idp': 119, 'x': 1.177, 'y': -1.714, 'r': 0.4, 'type': 1}, {'idp': 120, 'x': 2.142, 'y': 1.188, 'r': 0.4, 'type': 1}, {'idp': 122, 'x': 2.41, 'y': -0.757, 'r': 0.4, 'type': 1}]
27247,1398693878.025667,[{'idp': 119, 'x': 1.148, 'y': -1.727, 'r': 0.4, 'type': 1}, {'idp': 120, 'x': 2.138, 'y': 1.174, 'r': 0.4, 'type': 1}, {'idp': 122, 'x': 2.393, 'y': -0.775, 'r': 0.4, 'type': 1}]
27248,1398693878.065681,[{'idp': 119, 'x': 1.11, 'y': -1.728, 'r': 0.4, 'type': 1}, {'idp': 120, 'x': 2.149, 'y': 1.166, 'r': 0.4, 'type': 1}, {'idp': 122, 'x': 2.383, 'y': -0.788, 'r': 0.4, 'type': 1}]
27249,1398693878.0657098,[{'idp': 119, 'x': 1.073, 'y': -1.738, 'r': 0.4, 'type': 1}, {'idp': 120, 'x': 2.144, 'y': 1.162, 'r': 0.4, 'type': 1}, {'idp': 122, 'x': 2.367, 'y': -0.806, 'r': 0.4, 'type': 1}]
27250,1398693878.1057432,[{'idp': 119, 'x': 1.032, 'y': -1.738, 'r': 0.4, 'type': 1}, {'idp': 120, 'x': 2.14, 'y': 1.147, 'r': 0.4, 'type': 1}, {'idp': 122, 'x': 2.351, 'y': -0.823, 'r': 0.4, 'type': 1}]
27251,1398693878.1120617,[{'idp': 119, 'x': 1.003, 'y': -1.747, 'r': 0.4, 'type': 1}, {'idp': 120, 'x': 2.138, 'y': 1.134, 'r': 0.4, 'type': 1}, {'idp': 122, 'x': 2.335, 'y': -0.841, 'r': 0.4, 'type': 1}]
27252,1398693878.1498268,[{'idp': 119, 'x': 0.969, 'y': -1.758, 'r': 0.4, 'type': 1}, {'idp': 120, 'x': 2.146, 'y': 1.112, 'r': 0.4, 'type': 1}, {'idp': 122, 'x': 2.308, 'y': -0.853, 'r': 0.4, 'type': 1}]
27253,1398693878.1897511,[{'idp': 119, 'x': 0.941, 'y': -1.757, 'r': 0.4, 'type': 1}, {'idp': 120, 'x': 2.143, 'y': 1.115, 'r': 0.4, 'type': 1}, {'idp': 122, 'x': 2.297, 'y': -0.872, 'r': 0.4, 'type': 1}]
27254,1398693878.1897817,[{'idp': 119, 'x': 0.925, 'y': -1.767, 'r': 0.4, 'type': 1}, {'idp': 120, 'x': 2.143, 'y': 1.109, 'r': 0.4, 'type': 1}, {'idp': 122, 'x': 2.267, 'y': -0.884, 'r': 0.4, 'type': 1}]
27255,1398693878.2296412,[{'idp': 119, 'x': 0.891, 'y': -1.766, 'r': 0.4, 'type': 1}, {'idp': 120, 'x': 2.143, 'y': 1.111, 'r': 0.4, 'type': 1}, {'idp': 122, 'x': 2.257, 'y': -0.91, 'r': 0.4, 'type': 1}]
27256,1398693878.237109,[{'idp': 119, 'x': 0.857, 'y': -1.777, 'r': 0.4, 'type': 1}, {'idp': 120, 'x': 2.15, 'y': 1.117, 'r': 0.4, 'type': 1}, {'idp': 122, 'x': 2.242, 'y': -0.926, 'r': 0.4, 'type': 1}]
27257,1398693878.2736886,[{'idp': 119, 'x': 0.819, 'y': -1.79, 'r': 0.4, 'type': 1}, {'idp': 120, 'x': 2.14, 'y': 1.104, 'r': 0.4, 'type': 1}, {'idp': 122, 'x': 2.221, 'y': -0.94, 'r': 0.4, 'type': 1}]
27258,1398693878.3136287,[{'idp': 119, 'x': 0.79, 'y': -1.791, 'r': 0.4, 'type': 1}, {'idp': 120, 'x': 2.138, 'y': 1.103, 'r': 0.4, 'type': 1}, {'idp': 122, 'x': 2.2, 'y': -0.953, 'r': 0.4, 'type': 1}]
27259,1398693878.313645,[{'idp': 119, 'x': 0.761, 'y': -1.799, 'r': 0.4, 'type': 1}, {'idp': 120, 'x': 2.158, 'y': 1.111, 'r': 0.4, 'type': 1}, {'idp': 122, 'x': 2.186, 'y': -0.97, 'r': 0.4, 'type': 1}]
27260,1398693878.3537953,[{'idp': 119, 'x': 0.732, 'y': -1.802, 'r': 0.4, 'type': 1}, {'idp': 120, 'x': 2.153, 'y': 1.109, 'r': 0.4, 'type': 1}, {'idp': 122, 'x': 2.157, 'y': -0.986, 'r': 0.4, 'type': 1}]
27261,1398693878.3612375,[{'idp': 119, 'x': 0.694, 'y': -1.798, 'r': 0.4, 'type': 1}, {'idp': 120, 'x': 2.155, 'y': 1.104, 'r': 0.4, 'type': 1}, {'idp': 122, 'x': 2.145, 'y': -1.009, 'r': 0.4, 'type': 1}]
27262,1398693878.3976943,[{'idp': 119, 'x': 0.662, 'y': -1.807, 'r': 0.4, 'type': 1}, {'idp': 120, 'x': 2.16, 'y': 1.106, 'r': 0.4, 'type': 1}, {'idp': 122, 'x': 2.118, 'y': -1.019, 'r': 0.4, 'type': 1}]
27263,1398693878.4376535,[{'idp': 119, 'x': 0.625, 'y': -1.818, 'r': 0.4, 'type': 1}, {'idp': 120, 'x': 2.157, 'y': 1.098, 'r': 0.4, 'type': 1}, {'idp': 122, 'x': 2.107, 'y': -1.042, 'r': 0.4, 'type': 1}]
27264,1398693878.4376848,[{'idp': 119, 'x': 0.591, 'y': -1.816, 'r': 0.4, 'type': 1}, {'idp': 120, 'x': 2.159, 'y': 1.099, 'r': 0.4, 'type': 1}, {'idp': 122, 'x': 2.092, 'y': -1.057, 'r': 0.4, 'type': 1}]
27265,1398693878.4776835,[{'idp': 119, 'x': 0.558, 'y': -1.826, 'r': 0.4, 'type': 1}, {'idp': 120, 'x': 2.15, 'y': 1.088, 'r': 0.4, 'type': 1}, {'idp': 122, 'x': 2.069, 'y': -1.08, 'r': 0.4, 'type': 1}]
27266,1398693878.486035,[{'idp': 119, 'x': 0.522, 'y': -1.83, 'r': 0.4, 'type': 1}, {'idp': 120, 'x': 2.13, 'y': 1.084, 'r': 0.4, 'type': 1}, {'idp': 122, 'x': 2.04, 'y': -1.087, 'r': 0.4, 'type': 1}]
27267,1398693878.525722,[{'idp': 119, 'x': 0.493, 'y': -1.83, 'r': 0.4, 'type': 1}, {'idp': 120, 'x': 2.111, 'y': 1.069, 'r': 0.4, 'type': 1}, {'idp': 122, 'x': 2.027, 'y': -1.103, 'r': 0.4, 'type': 1}]
27268,1398693878.5656931,[{'idp': 119, 'x': 0.463, 'y': -1.823, 'r': 0.4, 'type': 1}, {'idp': 120, 'x': 2.077, 'y': 1.052, 'r': 0.4, 'type': 1}, {'idp': 122, 'x': 2.012, 'y': -1.117, 'r': 0.4, 'type': 1}]
27269,1398693878.5657341,[{'idp': 119, 'x': 0.43, 'y': -1.833, 'r': 0.4, 'type': 1}, {'idp': 120, 'x': 2.094, 'y': 1.056, 'r': 0.4, 'type': 1}, {'idp': 122, 'x': 1.993, 'y': -1.135, 'r': 0.4, 'type': 1}]
27270,1398693878.6056955,[{'idp': 119, 'x': 0.396, 'y': -1.823, 'r': 0.4, 'type': 1}, {'idp': 120, 'x': 2.106, 'y': 1.057, 'r': 0.4, 'type': 1}, {'idp': 122, 'x': 1.971, 'y': -1.146, 'r': 0.4, 'type': 1}]
27271,1398693878.610611,[{'idp': 119, 'x': 0.354, 'y': -1.818, 'r': 0.4, 'type': 1}, {'idp': 120, 'x': 2.109, 'y': 1.053, 'r': 0.4, 'type': 1}, {'idp': 122, 'x': 1.947, 'y': -1.167, 'r': 0.4, 'type': 1}]
27272,1398693878.6496606,[{'idp': 119, 'x': 0.321, 'y': -1.812, 'r': 0.4, 'type': 1}, {'idp': 120, 'x': 2.104, 'y': 1.046, 'r': 0.4, 'type': 1}, {'idp': 122, 'x': 1.931, 'y': -1.18, 'r': 0.4, 'type': 1}]
27273,1398693878.6897323,[{'idp': 119, 'x': 0.286, 'y': -1.805, 'r': 0.4, 'type': 1}, {'idp': 120, 'x': 2.117, 'y': 1.035, 'r': 0.4, 'type': 1}, {'idp': 122, 'x': 1.92, 'y': -1.202, 'r': 0.4, 'type': 1}]
27274,1398693878.6897914,[{'idp': 119, 'x': 0.249, 'y': -1.816, 'r': 0.4, 'type': 1}, {'idp': 120, 'x': 2.113, 'y': 1.033, 'r': 0.4, 'type': 1}, {'idp': 122, 'x': 1.883, 'y': -1.208, 'r': 0.4, 'type': 1}]
27275,1398693878.729663,[{'idp': 119, 'x': 0.212, 'y': -1.812, 'r': 0.4, 'type': 1}, {'idp': 120, 'x': 2.108, 'y': 1.025, 'r': 0.4, 'type': 1}, {'idp': 122, 'x': 1.872, 'y': -1.223, 'r': 0.4, 'type': 1}]
27276,1398693878.7365363,[{'idp': 119, 'x': 0.174, 'y': -1.807, 'r': 0.4, 'type': 1}, {'idp': 120, 'x': 2.104, 'y': 1.018, 'r': 0.4, 'type': 1}, {'idp': 122, 'x': 1.853, 'y': -1.24, 'r': 0.4, 'type': 1}]
27277,1398693878.7737348,[{'idp': 119, 'x': 0.145, 'y': -1.788, 'r': 0.4, 'type': 1}, {'idp': 120, 'x': 2.114, 'y': 1.029, 'r': 0.4, 'type': 1}, {'idp': 122, 'x': 1.822, 'y': -1.248, 'r': 0.4, 'type': 1}]
27278,1398693878.8137379,[{'idp': 119, 'x': 0.117, 'y': -1.759, 'r': 0.4, 'type': 1}, {'idp': 120, 'x': 2.103, 'y': 1.018, 'r': 0.4, 'type': 1}, {'idp': 122, 'x': 1.807, 'y': -1.262, 'r': 0.4, 'type': 1}]
27279,1398693878.8137724,[{'idp': 119, 'x': 0.089, 'y': -1.712, 'r': 0.4, 'type': 1}, {'idp': 120, 'x': 2.084, 'y': 0.997, 'r': 0.4, 'type': 1}, {'idp': 122, 'x': 1.785, 'y': -1.275, 'r': 0.4, 'type': 1}]
27280,1398693878.8537402,[{'idp': 119, 'x': 0.063, 'y': -1.674, 'r': 0.4, 'type': 1}, {'idp': 120, 'x': 2.07, 'y': 0.985, 'r': 0.4, 'type': 1}, {'idp': 122, 'x': 1.763, 'y': -1.289, 'r': 0.4, 'type': 1}]
27281,1398693878.8605392,[{'idp': 119, 'x': 0.04, 'y': -1.665, 'r': 0.4, 'type': 1}, {'idp': 120, 'x': 2.056, 'y': 0.978, 'r': 0.4, 'type': 1}, {'idp': 122, 'x': 1.744, 'y': -1.304, 'r': 0.4, 'type': 1}]
27282,1398693878.897699,[{'idp': 119, 'x': 0.015, 'y': -1.679, 'r': 0.4, 'type': 1}, {'idp': 120, 'x': 2.05, 'y': 0.986, 'r': 0.4, 'type': 1}, {'idp': 122, 'x': 1.726, 'y': -1.321, 'r': 0.4, 'type': 1}]
27283,1398693878.9376776,[{'idp': 119, 'x': 0.015, 'y': -1.679, 'r': 0.4, 'type': 1}, {'idp': 120, 'x': 2.018, 'y': 0.959, 'r': 0.4, 'type': 1}, {'idp': 122, 'x': 1.71, 'y': -1.332, 'r': 0.4, 'type': 1}]
27284,1398693878.937706,[{'idp': 119, 'x': 0.015, 'y': -1.679, 'r': 0.4, 'type': 1}, {'idp': 120, 'x': 1.975, 'y': 0.937, 'r': 0.4, 'type': 1}, {'idp': 122, 'x': 1.685, 'y': -1.342, 'r': 0.4, 'type': 1}]
27285,1398693878.977722,[{'idp': 119, 'x': 0.015, 'y': -1.679, 'r': 0.4, 'type': 1}, {'idp': 120, 'x': 1.955, 'y': 0.932, 'r': 0.4, 'type': 1}, {'idp': 122, 'x': 1.67, 'y': -1.36, 'r': 0.4, 'type': 1}]
27286,1398693878.9855447,[{'idp': 119, 'x': 0.015, 'y': -1.679, 'r': 0.4, 'type': 1}, {'idp': 120, 'x': 1.998, 'y': 0.951, 'r': 0.4, 'type': 1}, {'idp': 122, 'x': 1.636, 'y': -1.369, 'r': 0.4, 'type': 1}]
27287,1398693879.0217292,[{'idp': 119, 'x': 0.015, 'y': -1.679, 'r': 0.4, 'type': 1}, {'idp': 120, 'x': 2.013, 'y': 0.968, 'r': 0.4, 'type': 1}, {'idp': 122, 'x': 1.622, 'y': -1.381, 'r': 0.4, 'type': 1}]
27288,1398693879.0616646,[{'idp': 120, 'x': 2.018, 'y': 0.981, 'r': 0.4, 'type': 1}, {'idp': 122, 'x': 1.597, 'y': -1.396, 'r': 0.4, 'type': 1}]
27289,1398693879.0616956,[{'idp': 120, 'x': 2.03, 'y': 0.987, 'r': 0.4, 'type': 1}, {'idp': 122, 'x': 1.575, 'y': -1.407, 'r': 0.4, 'type': 1}]
27290,1398693879.1017313,[{'idp': 120, 'x': 2.034, 'y': 1.0, 'r': 0.4, 'type': 1}, {'idp': 122, 'x': 1.549, 'y': -1.415, 'r': 0.4, 'type': 1}]
27291,1398693879.1099727,[{'idp': 120, 'x': 2.029, 'y': 1.003, 'r': 0.4, 'type': 1}, {'idp': 122, 'x': 1.536, 'y': -1.434, 'r': 0.4, 'type': 1}]
27292,1398693879.1497433,[{'idp': 120, 'x': 2.02, 'y': 1.008, 'r': 0.4, 'type': 1}, {'idp': 122, 'x': 1.524, 'y': -1.447, 'r': 0.4, 'type': 1}]
27293,1398693879.1896906,[{'idp': 120, 'x': 2.012, 'y': 1.003, 'r': 0.4, 'type': 1}, {'idp': 122, 'x': 1.496, 'y': -1.459, 'r': 0.4, 'type': 1}]
27294,1398693879.1897202,[{'idp': 120, 'x': 2.013, 'y': 1.008, 'r': 0.4, 'type': 1}, {'idp': 122, 'x': 1.466, 'y': -1.467, 'r': 0.4, 'type': 1}]
27295,1398693879.2297046,[{'idp': 120, 'x': 2.003, 'y': 1.002, 'r': 0.4, 'type': 1}, {'idp': 122, 'x': 1.442, 'y': -1.482, 'r': 0.4, 'type': 1}]
27296,1398693879.2342954,[{'idp': 120, 'x': 1.999, 'y': 1.006, 'r': 0.4, 'type': 1}, {'idp': 122, 'x': 1.429, 'y': -1.5, 'r': 0.4, 'type': 1}]
27297,1398693879.2737074,[{'idp': 120, 'x': 1.994, 'y': 1.001, 'r': 0.4, 'type': 1}, {'idp': 122, 'x': 1.401, 'y': -1.503, 'r': 0.4, 'type': 1}]
27298,1398693879.3137016,[{'idp': 120, 'x': 1.991, 'y': 1.008, 'r': 0.4, 'type': 1}, {'idp': 122, 'x': 1.382, 'y': -1.516, 'r': 0.4, 'type': 1}]
27299,1398693879.3137355,[{'idp': 120, 'x': 1.985, 'y': 1.001, 'r': 0.4, 'type': 1}, {'idp': 122, 'x': 1.354, 'y': -1.525, 'r': 0.4, 'type': 1}]
27300,1398693879.3536887,[{'idp': 120, 'x': 1.977, 'y': 0.992, 'r': 0.4, 'type': 1}, {'idp': 122, 'x': 1.344, 'y': -1.547, 'r': 0.4, 'type': 1}]
27301,1398693879.359056,[{'idp': 120, 'x': 1.976, 'y': 0.989, 'r': 0.4, 'type': 1}, {'idp': 122, 'x': 1.318, 'y': -1.551, 'r': 0.4, 'type': 1}]
27302,1398693879.3976893,[{'idp': 120, 'x': 1.971, 'y': 0.977, 'r': 0.4, 'type': 1}, {'idp': 122, 'x': 1.293, 'y': -1.563, 'r': 0.4, 'type': 1}]
27303,1398693879.4376764,[{'idp': 120, 'x': 1.967, 'y': 0.965, 'r': 0.4, 'type': 1}, {'idp': 122, 'x': 1.272, 'y': -1.572, 'r': 0.4, 'type': 1}]
27304,1398693879.4377084,[{'idp': 120, 'x': 1.958, 'y': 0.952, 'r': 0.4, 'type': 1}, {'idp': 122, 'x': 1.246, 'y': -1.581, 'r': 0.4, 'type': 1}]
27305,1398693879.4777575,[{'idp': 120, 'x': 1.958, 'y': 0.961, 'r': 0.4, 'type': 1}, {'idp': 122, 'x': 1.22, 'y': -1.592, 'r': 0.4, 'type': 1}]
27306,1398693879.4847233,[{'idp': 120, 'x': 1.933, 'y': 0.953, 'r': 0.4, 'type': 1}, {'idp': 122, 'x': 1.209, 'y': -1.605, 'r': 0.4, 'type': 1}]
27307,1398693879.5216599,[{'idp': 120, 'x': 1.923, 'y': 0.941, 'r': 0.4, 'type': 1}, {'idp': 122, 'x': 1.185, 'y': -1.617, 'r': 0.4, 'type': 1}]
27308,1398693879.5616312,[{'idp': 120, 'x': 1.917, 'y': 0.925, 'r': 0.4, 'type': 1}, {'idp': 122, 'x': 1.158, 'y': -1.624, 'r': 0.4, 'type': 1}]
27309,1398693879.5616724,[{'idp': 120, 'x': 1.893, 'y': 0.92, 'r': 0.4, 'type': 1}, {'idp': 122, 'x': 1.131, 'y': -1.631, 'r': 0.4, 'type': 1}]
27310,1398693879.6017244,[{'idp': 120, 'x': 1.884, 'y': 0.919, 'r': 0.4, 'type': 1}, {'idp': 122, 'x': 1.112, 'y': -1.643, 'r': 0.4, 'type': 1}]
27311,1398693879.6091993,[{'idp': 120, 'x': 1.868, 'y': 0.913, 'r': 0.4, 'type': 1}, {'idp': 122, 'x': 1.085, 'y': -1.649, 'r': 0.4, 'type': 1}]
27312,1398693879.6457036,[{'idp': 120, 'x': 1.845, 'y': 0.892, 'r': 0.4, 'type': 1}, {'idp': 122, 'x': 1.069, 'y': -1.662, 'r': 0.4, 'type': 1}]
27313,1398693879.6857495,[{'idp': 120, 'x': 1.822, 'y': 0.886, 'r': 0.4, 'type': 1}, {'idp': 122, 'x': 1.042, 'y': -1.669, 'r': 0.4, 'type': 1}]
27314,1398693879.685807,[{'idp': 120, 'x': 1.82, 'y': 0.888, 'r': 0.4, 'type': 1}, {'idp': 122, 'x': 1.018, 'y': -1.679, 'r': 0.4, 'type': 1}]
27315,1398693879.7257156,[{'idp': 120, 'x': 1.788, 'y': 0.89, 'r': 0.4, 'type': 1}, {'idp': 122, 'x': 1.006, 'y': -1.691, 'r': 0.4, 'type': 1}]
27316,1398693879.733812,[{'idp': 120, 'x': 1.771, 'y': 0.887, 'r': 0.4, 'type': 1}, {'idp': 122, 'x': 0.976, 'y': -1.692, 'r': 0.4, 'type': 1}]
27317,1398693879.7736623,[{'idp': 120, 'x': 1.748, 'y': 0.891, 'r': 0.4, 'type': 1}, {'idp': 122, 'x': 0.951, 'y': -1.7, 'r': 0.4, 'type': 1}]
27318,1398693879.813665,[{'idp': 120, 'x': 1.719, 'y': 0.881, 'r': 0.4, 'type': 1}, {'idp': 122, 'x': 0.935, 'y': -1.714, 'r': 0.4, 'type': 1}]
27319,1398693879.8136983,[{'idp': 120, 'x': 1.685, 'y': 0.877, 'r': 0.4, 'type': 1}, {'idp': 122, 'x': 0.914, 'y': -1.72, 'r': 0.4, 'type': 1}]
27320,1398693879.8536952,[{'idp': 120, 'x': 1.649, 'y': 0.866, 'r': 0.4, 'type': 1}, {'idp': 122, 'x': 0.886, 'y': -1.73, 'r': 0.4, 'type': 1}]
27321,1398693879.8580549,[{'idp': 120, 'x': 1.594, 'y': 0.855, 'r': 0.4, 'type': 1}, {'idp': 122, 'x': 0.861, 'y': -1.737, 'r': 0.4, 'type': 1}]
27322,1398693879.8976917,[{'idp': 120, 'x': 1.528, 'y': 0.826, 'r': 0.4, 'type': 1}, {'idp': 122, 'x': 0.847, 'y': -1.748, 'r': 0.4, 'type': 1}]
27323,1398693879.9376929,[{'idp': 120, 'x': 1.539, 'y': 0.847, 'r': 0.4, 'type': 1}, {'idp': 122, 'x': 0.822, 'y': -1.753, 'r': 0.4, 'type': 1}]
27324,1398693879.9377255,[{'idp': 120, 'x': 1.567, 'y': 0.865, 'r': 0.4, 'type': 1}, {'idp': 122, 'x': 0.797, 'y': -1.76, 'r': 0.4, 'type': 1}]
27325,1398693879.977777,[{'idp': 120, 'x': 1.566, 'y': 0.876, 'r': 0.4, 'type': 1}, {'idp': 122, 'x': 0.77, 'y': -1.763, 'r': 0.4, 'type': 1}]
27326,1398693879.9836934,[{'idp': 120, 'x': 1.566, 'y': 0.885, 'r': 0.4, 'type': 1}, {'idp': 122, 'x': 0.747, 'y': -1.772, 'r': 0.4, 'type': 1}]
27327,1398693880.0217047,[{'idp': 120, 'x': 1.554, 'y': 0.881, 'r': 0.4, 'type': 1}, {'idp': 122, 'x': 0.732, 'y': -1.789, 'r': 0.4, 'type': 1}]
27328,1398693880.0616395,[{'idp': 120, 'x': 1.542, 'y': 0.882, 'r': 0.4, 'type': 1}, {'idp': 122, 'x': 0.702, 'y': -1.783, 'r': 0.4, 'type': 1}]
27329,1398693880.0616934,[{'idp': 120, 'x': 1.526, 'y': 0.877, 'r': 0.4, 'type': 1}, {'idp': 122, 'x': 0.678, 'y': -1.79, 'r': 0.4, 'type': 1}]
27330,1398693880.101722,[{'idp': 120, 'x': 1.512, 'y': 0.871, 'r': 0.4, 'type': 1}, {'idp': 122, 'x': 0.655, 'y': -1.802, 'r': 0.4, 'type': 1}]
27331,1398693880.1083221,[{'idp': 120, 'x': 1.504, 'y': 0.867, 'r': 0.4, 'type': 1}, {'idp': 122, 'x': 0.63, 'y': -1.806, 'r': 0.4, 'type': 1}]
27332,1398693880.1457834,[{'idp': 120, 'x': 1.48, 'y': 0.854, 'r': 0.4, 'type': 1}, {'idp': 122, 'x': 0.604, 'y': -1.807, 'r': 0.4, 'type': 1}]
27333,1398693880.1857388,[{'idp': 120, 'x': 1.475, 'y': 0.852, 'r': 0.4, 'type': 1}, {'idp': 122, 'x': 0.581, 'y': -1.816, 'r': 0.4, 'type': 1}]
27334,1398693880.1857705,[{'idp': 120, 'x': 1.465, 'y': 0.831, 'r': 0.4, 'type': 1}, {'idp': 122, 'x': 0.558, 'y': -1.829, 'r': 0.4, 'type': 1}]
27335,1398693880.225739,[{'idp': 120, 'x': 1.453, 'y': 0.829, 'r': 0.4, 'type': 1}, {'idp': 122, 'x': 0.533, 'y': -1.831, 'r': 0.4, 'type': 1}]
27336,1398693880.2321806,[{'idp': 120, 'x': 1.441, 'y': 0.814, 'r': 0.4, 'type': 1}, {'idp': 122, 'x': 0.506, 'y': -1.828, 'r': 0.4, 'type': 1}]
27337,1398693880.26978,[{'idp': 120, 'x': 1.431, 'y': 0.804, 'r': 0.4, 'type': 1}, {'idp': 122, 'x': 0.49, 'y': -1.847, 'r': 0.4, 'type': 1}]
27338,1398693880.3097768,[{'idp': 120, 'x': 1.41, 'y': 0.796, 'r': 0.4, 'type': 1}, {'idp': 122, 'x': 0.465, 'y': -1.851, 'r': 0.4, 'type': 1}]
27339,1398693880.3497858,[{'idp': 120, 'x': 1.404, 'y': 0.788, 'r': 0.4, 'type': 1}, {'idp': 122, 'x': 0.44, 'y': -1.853, 'r': 0.4, 'type': 1}]
27340,1398693880.3498156,[{'idp': 120, 'x': 1.391, 'y': 0.778, 'r': 0.4, 'type': 1}, {'idp': 122, 'x': 0.412, 'y': -1.862, 'r': 0.4, 'type': 1}]
27341,1398693880.3896253,[{'idp': 120, 'x': 1.375, 'y': 0.765, 'r': 0.4, 'type': 1}, {'idp': 122, 'x': 0.386, 'y': -1.861, 'r': 0.4, 'type': 1}]
27342,1398693880.389646,[{'idp': 120, 'x': 1.359, 'y': 0.76, 'r': 0.4, 'type': 1}, {'idp': 122, 'x': 0.362, 'y': -1.866, 'r': 0.4, 'type': 1}]
27343,1398693880.4297593,[{'idp': 120, 'x': 1.343, 'y': 0.755, 'r': 0.4, 'type': 1}, {'idp': 122, 'x': 0.337, 'y': -1.87, 'r': 0.4, 'type': 1}]
27344,1398693880.4314256,[{'idp': 120, 'x': 1.327, 'y': 0.747, 'r': 0.4, 'type': 1}, {'idp': 122, 'x': 0.312, 'y': -1.867, 'r': 0.4, 'type': 1}]
27345,1398693880.4697182,[{'idp': 120, 'x': 1.315, 'y': 0.745, 'r': 0.4, 'type': 1}, {'idp': 122, 'x': 0.29, 'y': -1.885, 'r': 0.4, 'type': 1}]
27346,1398693880.5096464,[{'idp': 120, 'x': 1.285, 'y': 0.736, 'r': 0.4, 'type': 1}, {'idp': 122, 'x': 0.264, 'y': -1.884, 'r': 0.4, 'type': 1}]
27347,1398693880.509673,[{'idp': 120, 'x': 1.276, 'y': 0.738, 'r': 0.4, 'type': 1}, {'idp': 122, 'x': 0.239, 'y': -1.885, 'r': 0.4, 'type': 1}]
27348,1398693880.5497918,[{'idp': 120, 'x': 1.249, 'y': 0.734, 'r': 0.4, 'type': 1}, {'idp': 122, 'x': 0.214, 'y': -1.885, 'r': 0.4, 'type': 1}]
27349,1398693880.5559337,[{'idp': 120, 'x': 1.22, 'y': 0.728, 'r': 0.4, 'type': 1}, {'idp': 122, 'x': 0.19, 'y': -1.895, 'r': 0.4, 'type': 1}]
27350,1398693880.5936959,[{'idp': 120, 'x': 1.18, 'y': 0.716, 'r': 0.4, 'type': 1}, {'idp': 122, 'x': 0.169, 'y': -1.896, 'r': 0.4, 'type': 1}]
27351,1398693880.633702,[{'idp': 120, 'x': 1.158, 'y': 0.713, 'r': 0.4, 'type': 1}, {'idp': 122, 'x': 0.157, 'y': -1.904, 'r': 0.4, 'type': 1}]
27352,1398693880.633734,[{'idp': 120, 'x': 1.122, 'y': 0.707, 'r': 0.4, 'type': 1}, {'idp': 122, 'x': 0.147, 'y': -1.905, 'r': 0.4, 'type': 1}]
27353,1398693880.6737275,[{'idp': 120, 'x': 1.107, 'y': 0.721, 'r': 0.4, 'type': 1}, {'idp': 122, 'x': 0.136, 'y': -1.913, 'r': 0.4, 'type': 1}]
27354,1398693880.6804204,[{'idp': 120, 'x': 1.102, 'y': 0.739, 'r': 0.4, 'type': 1}, {'idp': 122, 'x': 0.126, 'y': -1.931, 'r': 0.4, 'type': 1}]
27355,1398693880.7176688,[{'idp': 120, 'x': 1.08, 'y': 0.742, 'r': 0.4, 'type': 1}, {'idp': 122, 'x': 0.115, 'y': -1.939, 'r': 0.4, 'type': 1}]
27356,1398693880.7577007,[{'idp': 120, 'x': 1.06, 'y': 0.753, 'r': 0.4, 'type': 1}, {'idp': 122, 'x': 0.106, 'y': -1.963, 'r': 0.4, 'type': 1}]
27357,1398693880.7577329,[{'idp': 120, 'x': 1.042, 'y': 0.764, 'r': 0.4, 'type': 1}, {'idp': 122, 'x': 0.086, 'y': -1.967, 'r': 0.4, 'type': 1}]
27358,1398693880.797707,[{'idp': 120, 'x': 1.014, 'y': 0.759, 'r': 0.4, 'type': 1}, {'idp': 122, 'x': 0.069, 'y': -1.961, 'r': 0.4, 'type': 1}]
27359,1398693880.8051748,[{'idp': 120, 'x': 0.989, 'y': 0.773, 'r': 0.4, 'type': 1}, {'idp': 122, 'x': 0.056, 'y': -1.96, 'r': 0.4, 'type': 1}]
27360,1398693880.8417063,[{'idp': 120, 'x': 0.954, 'y': 0.77, 'r': 0.4, 'type': 1}, {'idp': 122, 'x': 0.049, 'y': -1.989, 'r': 0.4, 'type': 1}]
27361,1398693880.8816755,[{'idp': 120, 'x': 0.932, 'y': 0.779, 'r': 0.4, 'type': 1}, {'idp': 122, 'x': 0.03, 'y': -1.966, 'r': 0.4, 'type': 1}]
27362,1398693880.8817074,[{'idp': 120, 'x': 0.91, 'y': 0.783, 'r': 0.4, 'type': 1}, {'idp': 122, 'x': 0.018, 'y': -1.998, 'r': 0.4, 'type': 1}]
27363,1398693880.92172,[{'idp': 120, 'x': 0.885, 'y': 0.788, 'r': 0.4, 'type': 1}, {'idp': 122, 'x': 0.005, 'y': -2.068, 'r': 0.4, 'type': 1}]
27364,1398693880.9299424,[{'idp': 120, 'x': 0.857, 'y': 0.778, 'r': 0.4, 'type': 1}, {'idp': 122, 'x': 0.005, 'y': -2.068, 'r': 0.4, 'type': 1}]
27365,1398693880.9696963,[{'idp': 120, 'x': 0.828, 'y': 0.776, 'r': 0.4, 'type': 1}, {'idp': 122, 'x': 0.005, 'y': -2.068, 'r': 0.4, 'type': 1}]
27366,1398693881.009819,[{'idp': 120, 'x': 0.806, 'y': 0.775, 'r': 0.4, 'type': 1}, {'idp': 122, 'x': 0.005, 'y': -2.068, 'r': 0.4, 'type': 1}]
27367,1398693881.049747,[{'idp': 120, 'x': 0.793, 'y': 0.776, 'r': 0.4, 'type': 1}, {'idp': 122, 'x': 0.005, 'y': -2.068, 'r': 0.4, 'type': 1}]
27368,1398693881.049778,[{'idp': 120, 'x': 0.775, 'y': 0.766, 'r': 0.4, 'type': 1}, {'idp': 122, 'x': 0.005, 'y': -2.068, 'r': 0.4, 'type': 1}]
27369,1398693881.0897384,[{'idp': 120, 'x': 0.758, 'y': 0.755, 'r': 0.4, 'type': 1}, {'idp': 122, 'x': 0.005, 'y': -2.068, 'r': 0.4, 'type': 1}]
27370,1398693881.089778,[{'idp': 120, 'x': 0.746, 'y': 0.76, 'r': 0.4, 'type': 1}]
27371,1398693881.129658,[{'idp': 120, 'x': 0.727, 'y': 0.748, 'r': 0.4, 'type': 1}]
27372,1398693881.1296923,[{'idp': 120, 'x': 0.719, 'y': 0.751, 'r': 0.4, 'type': 1}]
27373,1398693881.1696932,[{'idp': 120, 'x': 0.702, 'y': 0.751, 'r': 0.4, 'type': 1}]
27374,1398693881.1791246,[{'idp': 120, 'x': 0.691, 'y': 0.753, 'r': 0.4, 'type': 1}]
27375,1398693881.217736,[{'idp': 120, 'x': 0.67, 'y': 0.747, 'r': 0.4, 'type': 1}]
27376,1398693881.2576783,[{'idp': 120, 'x': 0.658, 'y': 0.752, 'r': 0.4, 'type': 1}]
27377,1398693881.2577088,[{'idp': 120, 'x': 0.646, 'y': 0.748, 'r': 0.4, 'type': 1}]
27378,1398693881.297717,[{'idp': 120, 'x': 0.635, 'y': 0.749, 'r': 0.4, 'type': 1}]
27379,1398693881.3040473,[{'idp': 120, 'x': 0.614, 'y': 0.749, 'r': 0.4, 'type': 1}]
27380,1398693881.341692,[{'idp': 120, 'x': 0.601, 'y': 0.748, 'r': 0.4, 'type': 1}]
27381,1398693881.3816628,[{'idp': 120, 'x': 0.582, 'y': 0.749, 'r': 0.4, 'type': 1}]
27382,1398693881.3817005,[{'idp': 120, 'x': 0.561, 'y': 0.751, 'r': 0.4, 'type': 1}]
27383,1398693881.421678,[{'idp': 120, 'x': 0.543, 'y': 0.758, 'r': 0.4, 'type': 1}]
27384,1398693881.4286778,[{'idp': 120, 'x': 0.525, 'y': 0.759, 'r': 0.4, 'type': 1}]
27385,1398693881.46574,[{'idp': 120, 'x': 0.502, 'y': 0.758, 'r': 0.4, 'type': 1}]
27386,1398693881.5058067,[{'idp': 120, 'x': 0.479, 'y': 0.762, 'r': 0.4, 'type': 1}]
27387,1398693881.505836,[{'idp': 120, 'x': 0.444, 'y': 0.741, 'r': 0.4, 'type': 1}]
27388,1398693881.5457015,[{'idp': 120, 'x': 0.41, 'y': 0.72, 'r': 0.4, 'type': 1}]
27389,1398693881.5534353,[{'idp': 120, 'x': 0.364, 'y': 0.674, 'r': 0.4, 'type': 1}]
27390,1398693881.5896988,[{'idp': 120, 'x': 0.359, 'y': 0.714, 'r': 0.4, 'type': 1}]
27391,1398693881.6296573,[{'idp': 120, 'x': 0.348, 'y': 0.73, 'r': 0.4, 'type': 1}]
27392,1398693881.6296859,[{'idp': 120, 'x': 0.333, 'y': 0.74, 'r': 0.4, 'type': 1}]
27393,1398693881.6696994,[{'idp': 120, 'x': 0.319, 'y': 0.752, 'r': 0.4, 'type': 1}]
27394,1398693881.6778903,[{'idp': 120, 'x': 0.297, 'y': 0.749, 'r': 0.4, 'type': 1}]
27395,1398693881.7177024,[{'idp': 120, 'x': 0.274, 'y': 0.752, 'r': 0.4, 'type': 1}]
27396,1398693881.7577114,[{'idp': 120, 'x': 0.261, 'y': 0.754, 'r': 0.4, 'type': 1}]
27397,1398693881.7577407,[{'idp': 120, 'x': 0.24, 'y': 0.749, 'r': 0.4, 'type': 1}]
27398,1398693881.7977738,[{'idp': 120, 'x': 0.22, 'y': 0.747, 'r': 0.4, 'type': 1}]
27399,1398693881.802949,[{'idp': 120, 'x': 0.205, 'y': 0.75, 'r': 0.4, 'type': 1}]
27400,1398693881.841679,[{'idp': 120, 'x': 0.204, 'y': 0.746, 'r': 0.4, 'type': 1}]
27401,1398693881.8816655,[{'idp': 120, 'x': 0.205, 'y': 0.749, 'r': 0.4, 'type': 1}]
27402,1398693881.881694,[{'idp': 120, 'x': 0.204, 'y': 0.754, 'r': 0.4, 'type': 1}]
27403,1398693881.921795,[{'idp': 120, 'x': 0.2, 'y': 0.757, 'r': 0.4, 'type': 1}]
27404,1398693881.9273362,[{'idp': 120, 'x': 0.192, 'y': 0.759, 'r': 0.4, 'type': 1}]
27405,1398693881.9657016,[{'idp': 120, 'x': 0.185, 'y': 0.76, 'r': 0.4, 'type': 1}]
27406,1398693882.0056963,[{'idp': 120, 'x': 0.167, 'y': 0.768, 'r': 0.4, 'type': 1}]
27407,1398693882.0057285,[{'idp': 120, 'x': 0.153, 'y': 0.783, 'r': 0.4, 'type': 1}]
27408,1398693882.045687,[{'idp': 120, 'x': 0.135, 'y': 0.792, 'r': 0.4, 'type': 1}]
27409,1398693882.052191,[{'idp': 120, 'x': 0.118, 'y': 0.799, 'r': 0.4, 'type': 1}]
27410,1398693882.0897021,[{'idp': 120, 'x': 0.096, 'y': 0.81, 'r': 0.4, 'type': 1}]
27411,1398693882.1296806,[{'idp': 120, 'x': 0.071, 'y': 0.814, 'r': 0.4, 'type': 1}]
27412,1398693882.129705,[{'idp': 120, 'x': 0.049, 'y': 0.802, 'r': 0.4, 'type': 1}]
27413,1398693882.1697366,[{'idp': 120, 'x': 0.028, 'y': 0.811, 'r': 0.4, 'type': 1}]
27414,1398693882.1766977,[{'idp': 120, 'x': 0.006, 'y': 0.855, 'r': 0.4, 'type': 1}]
27415,1398693882.213721,[{'idp': 120, 'x': 0.006, 'y': 0.855, 'r': 0.4, 'type': 1}]
27416,1398693882.2536852,[{'idp': 120, 'x': 0.006, 'y': 0.855, 'r': 0.4, 'type': 1}]
27417,1398693882.2537177,[{'idp': 120, 'x': 0.006, 'y': 0.855, 'r': 0.4, 'type': 1}]
27418,1398693882.293727,[{'idp': 120, 'x': 0.006, 'y': 0.855, 'r': 0.4, 'type': 1}]
27419,1398693882.3019693,[{'idp': 120, 'x': 0.006, 'y': 0.855, 'r': 0.4, 'type': 1}]
27420,1398693882.3417068,[{'idp': 120, 'x': 0.006, 'y': 0.855, 'r': 0.4, 'type': 1}]
27421,1398693882.381642,[{'idp': 120, 'x': 0.006, 'y': 0.855, 'r': 0.4, 'type': 1}]
27422,1398693882.381661,[{'idp': 120, 'x': 0.006, 'y': 0.855, 'r': 0.4, 'type': 1}]
27423,1398693882.4218137,[]
27424,1398693882.4260702,[]
27425,1398693882.465708,[]
27426,1398693882.5057142,[]
27427,1398693882.5057318,[]
27428,1398693882.5457983,[]
27429,1398693882.5509214,[]
27430,1398693882.5897167,[]
27431,1398693882.629704,[]
27432,1398693882.6297336,[]
27433,1398693882.6696992,[]
27434,1398693882.6767051,[]
27435,1398693882.713694,[]
27436,1398693882.7537496,[]
27437,1398693882.753778,[]
27438,1398693882.7936878,[]
27439,1398693882.8010406,[]
27440,1398693882.8376932,[]
27441,1398693882.877722,[]
27442,1398693882.8777559,[]
27443,1398693882.9177084,[]
27444,1398693882.9248133,[]
27445,1398693882.9617054,[]
27446,1398693883.0016947,[]
27447,1398693883.0017269,[]
27448,1398693883.0417268,[]
27449,1398693883.0498064,[]
27450,1398693883.0897412,[]
27451,1398693883.129648,[]
27452,1398693883.1296823,[]
27453,1398693883.1697903,[]
27454,1398693883.1744068,[]
27455,1398693883.2136524,[]
27456,1398693883.253793,[]
27457,1398693883.2538235,[]
27458,1398693883.2937033,[]
27459,1398693883.2988336,[]
27460,1398693883.3376906,[]
27461,1398693883.3776417,[]
27462,1398693883.3776596,[]
27463,1398693883.417694,[]
27464,1398693883.4237986,[]
27465,1398693883.4616563,[]
27466,1398693883.5017438,[]
27467,1398693883.5017762,[]
27468,1398693883.5416937,[]
27469,1398693883.5484195,[]
27470,1398693883.585671,[]
27471,1398693883.6256967,[]
27472,1398693883.625729,[]
27473,1398693883.665741,[]
27474,1398693883.6726735,[]
27475,1398693883.709738,[]
27476,1398693883.7497556,[]
27477,1398693883.7498598,[]
27478,1398693883.7897322,[]
27479,1398693883.7978234,[]
27480,1398693883.8376446,[]
27481,1398693883.877764,[]
27482,1398693883.8777964,[]
27483,1398693883.9177804,[]
27484,1398693883.9224012,[]
27485,1398693883.9617019,[]
27486,1398693884.0016394,[]
27487,1398693884.0016692,[]
27488,1398693884.041714,[]
27489,1398693884.0468898,[]
27490,1398693884.0857008,[]
27491,1398693884.1257036,[]
27492,1398693884.1257238,[]
27493,1398693884.1656878,[]
27494,1398693884.1715121,[]
27495,1398693884.2096515,[]
27496,1398693884.2496796,[]
27497,1398693884.2497075,[]
27498,1398693884.2896745,[]
27499,1398693884.296427,[]
27500,1398693884.3339841,[]
27501,1398693884.3737102,[]
27502,1398693884.3738184,[{'idp': 123, 'x': 3.445, 'y': 6.242, 'r': 0.4, 'type': 1}]
27503,1398693884.4137363,[{'idp': 123, 'x': 3.57, 'y': 6.148, 'r': 0.4, 'type': 1}]
27504,1398693884.42105,[{'idp': 123, 'x': 3.573, 'y': 6.154, 'r': 0.4, 'type': 1}]
27505,1398693884.4576795,[{'idp': 123, 'x': 3.549, 'y': 6.143, 'r': 0.4, 'type': 1}]
27506,1398693884.4977448,[{'idp': 123, 'x': 3.532, 'y': 6.144, 'r': 0.4, 'type': 1}]
27507,1398693884.4977682,[{'idp': 123, 'x': 3.527, 'y': 6.137, 'r': 0.4, 'type': 1}]
27508,1398693884.541788,[{'idp': 123, 'x': 3.499, 'y': 6.149, 'r': 0.4, 'type': 1}]
27509,1398693884.5454967,[{'idp': 123, 'x': 3.498, 'y': 6.147, 'r': 0.4, 'type': 1}]
27510,1398693884.5817494,[{'idp': 123, 'x': 3.49, 'y': 6.133, 'r': 0.4, 'type': 1}]
27511,1398693884.6217122,[{'idp': 123, 'x': 3.462, 'y': 6.146, 'r': 0.4, 'type': 1}]
27512,1398693884.6217473,[{'idp': 123, 'x': 3.462, 'y': 6.146, 'r': 0.4, 'type': 1}]
27513,1398693884.6617649,[{'idp': 123, 'x': 3.429, 'y': 6.15, 'r': 0.4, 'type': 1}]
27514,1398693884.6703806,[{'idp': 123, 'x': 3.421, 'y': 6.136, 'r': 0.4, 'type': 1}]
27515,1398693884.7096496,[{'idp': 123, 'x': 3.42, 'y': 6.134, 'r': 0.4, 'type': 1}]
27516,1398693884.749664,[{'idp': 123, 'x': 3.387, 'y': 6.138, 'r': 0.4, 'type': 1}]
27517,1398693884.749692,[{'idp': 123, 'x': 3.358, 'y': 6.116, 'r': 0.4, 'type': 1}]
27518,1398693884.7896667,[{'idp': 123, 'x': 3.367, 'y': 6.133, 'r': 0.4, 'type': 1}]
27519,1398693884.795066,[{'idp': 123, 'x': 3.349, 'y': 6.132, 'r': 0.4, 'type': 1}]
27520,1398693884.833696,[{'idp': 123, 'x': 3.33, 'y': 6.129, 'r': 0.4, 'type': 1}]
27521,1398693884.8737583,[{'idp': 123, 'x': 3.324, 'y': 6.118, 'r': 0.4, 'type': 1}]
27522,1398693884.8737843,[{'idp': 123, 'x': 3.293, 'y': 6.124, 'r': 0.4, 'type': 1}]
27523,1398693884.913769,[{'idp': 123, 'x': 3.299, 'y': 6.136, 'r': 0.4, 'type': 1}]
27524,1398693884.9200525,[{'idp': 123, 'x': 3.272, 'y': 6.118, 'r': 0.4, 'type': 1}]
27525,1398693884.9576824,[{'idp': 123, 'x': 3.275, 'y': 6.123, 'r': 0.4, 'type': 1}]
27526,1398693884.9977584,[{'idp': 123, 'x': 3.237, 'y': 6.117, 'r': 0.4, 'type': 1}]
27527,1398693884.9977825,[{'idp': 123, 'x': 3.231, 'y': 6.106, 'r': 0.4, 'type': 1}]
27528,1398693885.0377972,[{'idp': 123, 'x': 3.227, 'y': 6.131, 'r': 0.4, 'type': 1}]
27529,1398693885.0452268,[{'idp': 123, 'x': 3.216, 'y': 6.109, 'r': 0.4, 'type': 1}]
27530,1398693885.0817008,[{'idp': 123, 'x': 3.198, 'y': 6.108, 'r': 0.4, 'type': 1}]
27531,1398693885.121757,[{'idp': 123, 'x': 3.197, 'y': 6.138, 'r': 0.4, 'type': 1}]
27532,1398693885.1218557,[{'idp': 123, 'x': 3.173, 'y': 6.125, 'r': 0.4, 'type': 1}]
27533,1398693885.1617596,[{'idp': 123, 'x': 3.17, 'y': 6.118, 'r': 0.4, 'type': 1}]
27534,1398693885.1693175,[{'idp': 123, 'x': 3.171, 'y': 6.121, 'r': 0.4, 'type': 1}]
27535,1398693885.2057192,[{'idp': 123, 'x': 3.159, 'y': 6.13, 'r': 0.4, 'type': 1}]
27536,1398693885.245793,[{'idp': 123, 'x': 3.134, 'y': 6.114, 'r': 0.4, 'type': 1}]
27537,1398693885.2458491,[{'idp': 123, 'x': 3.119, 'y': 6.118, 'r': 0.4, 'type': 1}]
27538,1398693885.2857502,[{'idp': 123, 'x': 3.12, 'y': 6.12, 'r': 0.4, 'type': 1}]
27539,1398693885.294069,[{'idp': 123, 'x': 3.123, 'y': 6.125, 'r': 0.4, 'type': 1}]
27540,1398693885.3336647,[{'idp': 123, 'x': 3.118, 'y': 6.117, 'r': 0.4, 'type': 1}]
27541,1398693885.3737297,[{'idp': 123, 'x': 3.081, 'y': 6.109, 'r': 0.4, 'type': 1}]
27542,1398693885.3737981,[{'idp': 123, 'x': 3.084, 'y': 6.114, 'r': 0.4, 'type': 1}]
27543,1398693885.413811,[{'idp': 123, 'x': 3.087, 'y': 6.121, 'r': 0.4, 'type': 1}]
27544,1398693885.4187086,[{'idp': 123, 'x': 3.073, 'y': 6.126, 'r': 0.4, 'type': 1}]
27545,1398693885.4576998,[{'idp': 123, 'x': 3.052, 'y': 6.118, 'r': 0.4, 'type': 1}]
27546,1398693885.4977343,[{'idp': 123, 'x': 3.074, 'y': 6.127, 'r': 0.4, 'type': 1}]
27547,1398693885.4978244,[{'idp': 123, 'x': 3.035, 'y': 6.118, 'r': 0.4, 'type': 1}]
27548,1398693885.5377452,[{'idp': 123, 'x': 3.071, 'y': 6.121, 'r': 0.4, 'type': 1}]
27549,1398693885.5438285,[{'idp': 123, 'x': 3.0, 'y': 6.113, 'r': 0.4, 'type': 1}]
27550,1398693885.5816622,[{'idp': 123, 'x': 3.027, 'y': 6.134, 'r': 0.4, 'type': 1}]
27551,1398693885.6217136,[{'idp': 123, 'x': 3.016, 'y': 6.111, 'r': 0.4, 'type': 1}]
27552,1398693885.6217558,[{'idp': 123, 'x': 2.979, 'y': 6.104, 'r': 0.4, 'type': 1}]
27553,1398693885.6617708,[{'idp': 123, 'x': 2.973, 'y': 6.126, 'r': 0.4, 'type': 1}]
27554,1398693885.668175,[{'idp': 123, 'x': 2.987, 'y': 6.12, 'r': 0.4, 'type': 1}]
27555,1398693885.7057235,[{'idp': 123, 'x': 2.983, 'y': 6.112, 'r': 0.4, 'type': 1}]
27556,1398693885.7457397,[{'idp': 123, 'x': 2.977, 'y': 6.132, 'r': 0.4, 'type': 1}]
27557,1398693885.7458243,[{'idp': 123, 'x': 2.969, 'y': 6.116, 'r': 0.4, 'type': 1}]
27558,1398693885.7857502,[{'idp': 123, 'x': 2.968, 'y': 6.113, 'r': 0.4, 'type': 1}]
27559,1398693885.7926762,[{'idp': 123, 'x': 2.918, 'y': 6.079, 'r': 0.4, 'type': 1}]
27560,1398693885.8296673,[{'idp': 123, 'x': 2.916, 'y': 6.11, 'r': 0.4, 'type': 1}]
27561,1398693885.8696692,[{'idp': 123, 'x': 2.934, 'y': 6.11, 'r': 0.4, 'type': 1}]
27562,1398693885.8696866,[{'idp': 123, 'x': 2.889, 'y': 6.121, 'r': 0.4, 'type': 1}]
27563,1398693885.909788,[{'idp': 123, 'x': 2.885, 'y': 6.112, 'r': 0.4, 'type': 1}]
27564,1398693885.9183424,[{'idp': 123, 'x': 2.888, 'y': 6.118, 'r': 0.4, 'type': 1}]
27565,1398693885.9576745,[{'idp': 123, 'x': 2.889, 'y': 6.119, 'r': 0.4, 'type': 1}]
27566,1398693885.9977024,[{'idp': 123, 'x': 2.914, 'y': 6.139, 'r': 0.4, 'type': 1}]
27567,1398693885.9977257,[{'idp': 123, 'x': 2.862, 'y': 6.134, 'r': 0.4, 'type': 1}]
27568,1398693886.0377178,[{'idp': 123, 'x': 2.843, 'y': 6.127, 'r': 0.4, 'type': 1}]
27569,1398693886.0433164,[{'idp': 123, 'x': 2.848, 'y': 6.137, 'r': 0.4, 'type': 1}]
27570,1398693886.0816457,[{'idp': 123, 'x': 2.833, 'y': 6.14, 'r': 0.4, 'type': 1}]
27571,1398693886.121745,[{'idp': 123, 'x': 2.832, 'y': 6.139, 'r': 0.4, 'type': 1}]
27572,1398693886.1217644,[{'idp': 123, 'x': 2.812, 'y': 6.131, 'r': 0.4, 'type': 1}]
27573,1398693886.1617393,[{'idp': 123, 'x': 2.809, 'y': 6.124, 'r': 0.4, 'type': 1}]
27574,1398693886.1664577,[{'idp': 123, 'x': 2.817, 'y': 6.14, 'r': 0.4, 'type': 1}]
27575,1398693886.20571,[{'idp': 123, 'x': 2.795, 'y': 6.13, 'r': 0.4, 'type': 1}]
27576,1398693886.2457843,[{'idp': 123, 'x': 2.834, 'y': 6.142, 'r': 0.4, 'type': 1}]
27577,1398693886.2458892,[{'idp': 123, 'x': 2.793, 'y': 6.124, 'r': 0.4, 'type': 1}]
27578,1398693886.285739,[{'idp': 123, 'x': 2.792, 'y': 6.121, 'r': 0.4, 'type': 1}]
27579,1398693886.29137,[{'idp': 123, 'x': 2.765, 'y': 6.098, 'r': 0.4, 'type': 1}]
27580,1398693886.329675,[{'idp': 123, 'x': 2.768, 'y': 6.105, 'r': 0.4, 'type': 1}]
27581,1398693886.369831,[{'idp': 123, 'x': 2.748, 'y': 6.095, 'r': 0.4, 'type': 1}]
27582,1398693886.3698823,[{'idp': 123, 'x': 2.741, 'y': 6.081, 'r': 0.4, 'type': 1}]
27583,1398693886.40975,[{'idp': 123, 'x': 2.754, 'y': 6.074, 'r': 0.4, 'type': 1}]
27584,1398693886.415939,[{'idp': 123, 'x': 2.719, 'y': 6.067, 'r': 0.4, 'type': 1}]
27585,1398693886.4536877,[{'idp': 123, 'x': 2.717, 'y': 6.064, 'r': 0.4, 'type': 1}]
27586,1398693886.4937332,[{'idp': 123, 'x': 2.678, 'y': 6.011, 'r': 0.4, 'type': 1}]
27587,1398693886.493764,[{'idp': 123, 'x': 2.707, 'y': 6.041, 'r': 0.4, 'type': 1}]
27588,1398693886.5336888,[{'idp': 123, 'x': 2.676, 'y': 6.043, 'r': 0.4, 'type': 1}]
27589,1398693886.5404823,[{'idp': 123, 'x': 2.669, 'y': 6.027, 'r': 0.4, 'type': 1}]
27590,1398693886.5777495,[{'idp': 123, 'x': 2.679, 'y': 6.05, 'r': 0.4, 'type': 1}]
27591,1398693886.617696,[{'idp': 123, 'x': 2.686, 'y': 6.066, 'r': 0.4, 'type': 1}]
27592,1398693886.6177297,[{'idp': 123, 'x': 2.659, 'y': 6.04, 'r': 0.4, 'type': 1}]
27593,1398693886.6577532,[{'idp': 123, 'x': 2.586, 'y': 5.983, 'r': 0.4, 'type': 1}]
27594,1398693886.6651762,[{'idp': 123, 'x': 2.64, 'y': 6.032, 'r': 0.4, 'type': 1}]
27595,1398693886.7017503,[{'idp': 123, 'x': 2.551, 'y': 5.974, 'r': 0.4, 'type': 1}]
27596,1398693886.7416797,[{'idp': 123, 'x': 2.56, 'y': 5.992, 'r': 0.4, 'type': 1}]
27597,1398693886.741707,[{'idp': 123, 'x': 2.557, 'y': 6.021, 'r': 0.4, 'type': 1}]
27598,1398693886.7817054,[{'idp': 123, 'x': 2.525, 'y': 5.983, 'r': 0.4, 'type': 1}]
27599,1398693886.7897959,[{'idp': 123, 'x': 2.52, 'y': 6.008, 'r': 0.4, 'type': 1}]
27600,1398693886.8297234,[{'idp': 123, 'x': 2.482, 'y': 5.955, 'r': 0.4, 'type': 1}]
27601,1398693886.8696935,[{'idp': 123, 'x': 2.484, 'y': 5.994, 'r': 0.4, 'type': 1}]
27602,1398693886.8697178,[{'idp': 123, 'x': 2.491, 'y': 6.009, 'r': 0.4, 'type': 1}]
27603,1398693886.9097123,[{'idp': 123, 'x': 2.448, 'y': 5.981, 'r': 0.4, 'type': 1}]
27604,1398693886.9146874,[{'idp': 123, 'x': 2.457, 'y': 6.003, 'r': 0.4, 'type': 1}]
27605,1398693886.9537156,[{'idp': 123, 'x': 2.43, 'y': 6.01, 'r': 0.4, 'type': 1}]
27606,1398693886.993694,[{'idp': 123, 'x': 2.414, 'y': 6.008, 'r': 0.4, 'type': 1}]
27607,1398693886.9937239,[{'idp': 123, 'x': 2.424, 'y': 6.034, 'r': 0.4, 'type': 1}]
27608,1398693887.033728,[{'idp': 123, 'x': 2.42, 'y': 6.059, 'r': 0.4, 'type': 1}]
27609,1398693887.0393128,[{'idp': 123, 'x': 2.384, 'y': 6.046, 'r': 0.4, 'type': 1}]
27610,1398693887.0777955,[{'idp': 123, 'x': 2.362, 'y': 6.067, 'r': 0.4, 'type': 1}]
27611,1398693887.1176932,[{'idp': 123, 'x': 2.364, 'y': 6.074, 'r': 0.4, 'type': 1}]
27612,1398693887.11773,[{'idp': 123, 'x': 2.335, 'y': 6.077, 'r': 0.4, 'type': 1}]
27613,1398693887.1576998,[{'idp': 123, 'x': 2.335, 'y': 6.077, 'r': 0.4, 'type': 1}]
27614,1398693887.1640406,[{'idp': 123, 'x': 2.344, 'y': 6.1, 'r': 0.4, 'type': 1}]
27615,1398693887.2017648,[{'idp': 123, 'x': 2.304, 'y': 6.074, 'r': 0.4, 'type': 1}]
27616,1398693887.2417665,[{'idp': 123, 'x': 2.286, 'y': 6.066, 'r': 0.4, 'type': 1}]
27617,1398693887.241798,[{'idp': 123, 'x': 2.269, 'y': 6.061, 'r': 0.4, 'type': 1}]
27618,1398693887.281672,[{'idp': 123, 'x': 2.276, 'y': 6.08, 'r': 0.4, 'type': 1}]
27619,1398693887.2885685,[{'idp': 123, 'x': 2.261, 'y': 6.082, 'r': 0.4, 'type': 1}]
27620,1398693887.3256993,[{'idp': 123, 'x': 2.222, 'y': 6.058, 'r': 0.4, 'type': 1}]
27621,1398693887.3657055,[{'idp': 123, 'x': 2.221, 'y': 6.056, 'r': 0.4, 'type': 1}]
27622,1398693887.365735,[{'idp': 123, 'x': 2.222, 'y': 6.056, 'r': 0.4, 'type': 1}]
27623,1398693887.4057333,[{'idp': 123, 'x': 2.228, 'y': 6.072, 'r': 0.4, 'type': 1}]
27624,1398693887.4132597,[{'idp': 123, 'x': 2.217, 'y': 6.045, 'r': 0.4, 'type': 1}]
27625,1398693887.4497223,[{'idp': 123, 'x': 2.25, 'y': 6.052, 'r': 0.4, 'type': 1}]
27626,1398693887.493724,[{'idp': 123, 'x': 2.252, 'y': 6.015, 'r': 0.4, 'type': 1}]
27627,1398693887.493831,[{'idp': 123, 'x': 2.326, 'y': 6.012, 'r': 0.4, 'type': 1}]
27628,1398693887.5336585,[{'idp': 123, 'x': 2.33, 'y': 5.985, 'r': 0.4, 'type': 1}]
27629,1398693887.5381577,[{'idp': 123, 'x': 2.371, 'y': 5.975, 'r': 0.4, 'type': 1}]
27630,1398693887.5776973,[{'idp': 123, 'x': 2.375, 'y': 5.947, 'r': 0.4, 'type': 1}]
27631,1398693887.6176598,[{'idp': 123, 'x': 2.403, 'y': 5.942, 'r': 0.4, 'type': 1}]
27632,1398693887.6176913,[{'idp': 123, 'x': 2.415, 'y': 5.897, 'r': 0.4, 'type': 1}]
27633,1398693887.65768,[{'idp': 123, 'x': 2.447, 'y': 5.866, 'r': 0.4, 'type': 1}]
27634,1398693887.6626945,[{'idp': 123, 'x': 2.474, 'y': 5.859, 'r': 0.4, 'type': 1}]
27635,1398693887.7017717,[{'idp': 123, 'x': 2.511, 'y': 5.838, 'r': 0.4, 'type': 1}]
27636,1398693887.7416422,[{'idp': 123, 'x': 2.518, 'y': 5.82, 'r': 0.4, 'type': 1}]
27637,1398693887.7416728,[{'idp': 123, 'x': 2.56, 'y': 5.812, 'r': 0.4, 'type': 1}]
27638,1398693887.781801,[{'idp': 123, 'x': 2.576, 'y': 5.78, 'r': 0.4, 'type': 1}]
27639,1398693887.7871447,[{'idp': 123, 'x': 2.599, 'y': 5.763, 'r': 0.4, 'type': 1}]
27640,1398693887.825867,[{'idp': 123, 'x': 2.612, 'y': 5.725, 'r': 0.4, 'type': 1}]
27641,1398693887.865702,[{'idp': 123, 'x': 2.65, 'y': 5.709, 'r': 0.4, 'type': 1}]
27642,1398693887.865736,[{'idp': 123, 'x': 2.674, 'y': 5.696, 'r': 0.4, 'type': 1}]
27643,1398693887.9057026,[{'idp': 123, 'x': 2.697, 'y': 5.681, 'r': 0.4, 'type': 1}]
27644,1398693887.9118717,[{'idp': 123, 'x': 2.722, 'y': 5.669, 'r': 0.4, 'type': 1}]
27645,1398693887.9497714,[{'idp': 123, 'x': 2.752, 'y': 5.638, 'r': 0.4, 'type': 1}]
27646,1398693887.9897027,[{'idp': 123, 'x': 2.796, 'y': 5.633, 'r': 0.4, 'type': 1}]
27647,1398693887.989731,[{'idp': 123, 'x': 2.794, 'y': 5.598, 'r': 0.4, 'type': 1}]
27648,1398693888.0296838,[{'idp': 123, 'x': 2.809, 'y': 5.597, 'r': 0.4, 'type': 1}]
27649,1398693888.0365021,[{'idp': 123, 'x': 2.8, 'y': 5.579, 'r': 0.4, 'type': 1}]
27650,1398693888.0737178,[{'idp': 123, 'x': 2.793, 'y': 5.566, 'r': 0.4, 'type': 1}]
27651,1398693888.1136594,[{'idp': 123, 'x': 2.801, 'y': 5.582, 'r': 0.4, 'type': 1}]
27652,1398693888.113686,[{'idp': 123, 'x': 2.768, 'y': 5.578, 'r': 0.4, 'type': 1}]
27653,1398693888.1537666,[{'idp': 123, 'x': 2.765, 'y': 5.571, 'r': 0.4, 'type': 1}]
27654,1398693888.161208,[{'idp': 123, 'x': 2.768, 'y': 5.577, 'r': 0.4, 'type': 1}]
27655,1398693888.1976562,[{'idp': 123, 'x': 2.731, 'y': 5.563, 'r': 0.4, 'type': 1}]
27656,1398693888.2376392,[{'idp': 123, 'x': 2.733, 'y': 5.566, 'r': 0.4, 'type': 1}]
27657,1398693888.2376654,[{'idp': 123, 'x': 2.734, 'y': 5.569, 'r': 0.4, 'type': 1}]
27658,1398693888.2776783,[{'idp': 123, 'x': 2.735, 'y': 5.572, 'r': 0.4, 'type': 1}]
27659,1398693888.286184,[{'idp': 123, 'x': 2.7, 'y': 5.561, 'r': 0.4, 'type': 1}]
27660,1398693888.325703,[{'idp': 123, 'x': 2.713, 'y': 5.587, 'r': 0.4, 'type': 1}]
27661,1398693888.3658447,[{'idp': 123, 'x': 2.674, 'y': 5.569, 'r': 0.4, 'type': 1}]
27662,1398693888.3658583,[{'idp': 123, 'x': 2.672, 'y': 5.565, 'r': 0.4, 'type': 1}]
27663,1398693888.4057362,[{'idp': 123, 'x': 2.669, 'y': 5.559, 'r': 0.4, 'type': 1}]
27664,1398693888.4105992,[{'idp': 123, 'x': 2.656, 'y': 5.563, 'r': 0.4, 'type': 1}]
27665,1398693888.4498167,[{'idp': 123, 'x': 2.635, 'y': 5.551, 'r': 0.4, 'type': 1}]
27666,1398693888.4897368,[{'idp': 123, 'x': 2.643, 'y': 5.566, 'r': 0.4, 'type': 1}]
27667,1398693888.4897666,[{'idp': 123, 'x': 2.638, 'y': 5.555, 'r': 0.4, 'type': 1}]
27668,1398693888.5297124,[{'idp': 123, 'x': 2.624, 'y': 5.558, 'r': 0.4, 'type': 1}]
27669,1398693888.5351841,[{'idp': 123, 'x': 2.626, 'y': 5.561, 'r': 0.4, 'type': 1}]
27670,1398693888.5737457,[{'idp': 123, 'x': 2.606, 'y': 5.552, 'r': 0.4, 'type': 1}]
27671,1398693888.6136875,[{'idp': 123, 'x': 2.594, 'y': 5.556, 'r': 0.4, 'type': 1}]
27672,1398693888.613724,[{'idp': 123, 'x': 2.574, 'y': 5.548, 'r': 0.4, 'type': 1}]
27673,1398693888.6536906,[{'idp': 123, 'x': 2.572, 'y': 5.541, 'r': 0.4, 'type': 1}]
27674,1398693888.6598594,[{'idp': 123, 'x': 2.56, 'y': 5.547, 'r': 0.4, 'type': 1}, {'idp': 124, 'x': 3.862, 'y': 6.367, 'r': 0.4, 'type': 1}]
27675,1398693888.6977038,[{'idp': 123, 'x': 2.545, 'y': 5.546, 'r': 0.4, 'type': 1}, {'idp': 124, 'x': 3.85, 'y': 6.323, 'r': 0.4, 'type': 1}]
27676,1398693888.7376544,[{'idp': 123, 'x': 2.539, 'y': 5.533, 'r': 0.4, 'type': 1}, {'idp': 124, 'x': 3.862, 'y': 6.335, 'r': 0.4, 'type': 1}]
27677,1398693888.7376842,[{'idp': 123, 'x': 2.517, 'y': 5.55, 'r': 0.4, 'type': 1}, {'idp': 124, 'x': 3.807, 'y': 6.334, 'r': 0.4, 'type': 1}]
27678,1398693888.777743,[{'idp': 123, 'x': 2.513, 'y': 5.541, 'r': 0.4, 'type': 1}, {'idp': 124, 'x': 3.837, 'y': 6.345, 'r': 0.4, 'type': 1}]
27679,1398693888.7846124,[{'idp': 123, 'x': 2.506, 'y': 5.558, 'r': 0.4, 'type': 1}, {'idp': 124, 'x': 3.788, 'y': 6.334, 'r': 0.4, 'type': 1}]
27680,1398693888.8217227,[{'idp': 123, 'x': 2.491, 'y': 5.556, 'r': 0.4, 'type': 1}, {'idp': 124, 'x': 3.805, 'y': 6.338, 'r': 0.4, 'type': 1}]
27681,1398693888.8617063,[{'idp': 123, 'x': 2.473, 'y': 5.549, 'r': 0.4, 'type': 1}, {'idp': 124, 'x': 3.789, 'y': 6.335, 'r': 0.4, 'type': 1}]
27682,1398693888.861739,[{'idp': 123, 'x': 2.478, 'y': 5.559, 'r': 0.4, 'type': 1}, {'idp': 124, 'x': 3.762, 'y': 6.321, 'r': 0.4, 'type': 1}]
27683,1398693888.9016933,[{'idp': 123, 'x': 2.477, 'y': 5.558, 'r': 0.4, 'type': 1}, {'idp': 124, 'x': 3.762, 'y': 6.321, 'r': 0.4, 'type': 1}]
27684,1398693888.90932,[{'idp': 123, 'x': 2.446, 'y': 5.552, 'r': 0.4, 'type': 1}, {'idp': 124, 'x': 3.778, 'y': 6.33, 'r': 0.4, 'type': 1}]
27685,1398693888.9456077,[{'idp': 123, 'x': 2.45, 'y': 5.562, 'r': 0.4, 'type': 1}, {'idp': 124, 'x': 3.745, 'y': 6.324, 'r': 0.4, 'type': 1}]
27686,1398693888.9857183,[{'idp': 123, 'x': 2.427, 'y': 5.541, 'r': 0.4, 'type': 1}, {'idp': 124, 'x': 3.714, 'y': 6.341, 'r': 0.4, 'type': 1}]
27687,1398693888.985749,[{'idp': 123, 'x': 2.414, 'y': 5.545, 'r': 0.4, 'type': 1}, {'idp': 124, 'x': 3.884, 'y': 6.307, 'r': 0.4, 'type': 1}]
27688,1398693889.0257554,[{'idp': 123, 'x': 2.411, 'y': 5.538, 'r': 0.4, 'type': 1}, {'idp': 124, 'x': 3.926, 'y': 6.344, 'r': 0.4, 'type': 1}]
27689,1398693889.033945,[{'idp': 123, 'x': 2.4, 'y': 5.546, 'r': 0.4, 'type': 1}, {'idp': 124, 'x': 3.741, 'y': 6.329, 'r': 0.4, 'type': 1}]
27690,1398693889.073696,[{'idp': 123, 'x': 2.385, 'y': 5.546, 'r': 0.4, 'type': 1}, {'idp': 124, 'x': 3.698, 'y': 6.312, 'r': 0.4, 'type': 1}]
27691,1398693889.113736,[{'idp': 123, 'x': 2.383, 'y': 5.54, 'r': 0.4, 'type': 1}, {'idp': 124, 'x': 3.689, 'y': 6.322, 'r': 0.4, 'type': 1}]
27692,1398693889.1138003,[{'idp': 123, 'x': 2.371, 'y': 5.544, 'r': 0.4, 'type': 1}, {'idp': 124, 'x': 3.659, 'y': 6.324, 'r': 0.4, 'type': 1}]
27693,1398693889.1537,[{'idp': 123, 'x': 2.352, 'y': 5.535, 'r': 0.4, 'type': 1}, {'idp': 124, 'x': 3.647, 'y': 6.289, 'r': 0.4, 'type': 1}]
27694,1398693889.1587012,[{'idp': 123, 'x': 2.351, 'y': 5.531, 'r': 0.4, 'type': 1}, {'idp': 124, 'x': 3.677, 'y': 6.302, 'r': 0.4, 'type': 1}]
27695,1398693889.1976612,[{'idp': 123, 'x': 2.34, 'y': 5.539, 'r': 0.4, 'type': 1}, {'idp': 124, 'x': 3.671, 'y': 6.292, 'r': 0.4, 'type': 1}]
27696,1398693889.2377217,[{'idp': 123, 'x': 2.329, 'y': 5.548, 'r': 0.4, 'type': 1}, {'idp': 124, 'x': 3.682, 'y': 6.293, 'r': 0.4, 'type': 1}]
27697,1398693889.2377498,[{'idp': 123, 'x': 2.312, 'y': 5.547, 'r': 0.4, 'type': 1}, {'idp': 124, 'x': 3.682, 'y': 6.31, 'r': 0.4, 'type': 1}]
27698,1398693889.2778378,[{'idp': 123, 'x': 2.31, 'y': 5.535, 'r': 0.4, 'type': 1}, {'idp': 124, 'x': 3.575, 'y': 6.304, 'r': 0.4, 'type': 1}]
27699,1398693889.2835104,[{'idp': 123, 'x': 2.294, 'y': 5.532, 'r': 0.4, 'type': 1}, {'idp': 124, 'x': 3.669, 'y': 6.306, 'r': 0.4, 'type': 1}]
27700,1398693889.3216836,[{'idp': 123, 'x': 2.284, 'y': 5.546, 'r': 0.4, 'type': 1}, {'idp': 124, 'x': 3.609, 'y': 6.311, 'r': 0.4, 'type': 1}]
27701,1398693889.3616612,[{'idp': 123, 'x': 2.287, 'y': 5.549, 'r': 0.4, 'type': 1}, {'idp': 124, 'x': 3.631, 'y': 6.287, 'r': 0.4, 'type': 1}]
27702,1398693889.3616927,[{'idp': 123, 'x': 2.251, 'y': 5.53, 'r': 0.4, 'type': 1}, {'idp': 124, 'x': 3.658, 'y': 6.308, 'r': 0.4, 'type': 1}]
27703,1398693889.4016774,[{'idp': 123, 'x': 2.26, 'y': 5.551, 'r': 0.4, 'type': 1}, {'idp': 124, 'x': 3.634, 'y': 6.309, 'r': 0.4, 'type': 1}]
27704,1398693889.4081678,[{'idp': 123, 'x': 2.229, 'y': 5.545, 'r': 0.4, 'type': 1}, {'idp': 124, 'x': 3.642, 'y': 6.296, 'r': 0.4, 'type': 1}]
27705,1398693889.445736,[{'idp': 123, 'x': 2.234, 'y': 5.556, 'r': 0.4, 'type': 1}, {'idp': 124, 'x': 3.603, 'y': 6.318, 'r': 0.4, 'type': 1}]
27706,1398693889.485668,[{'idp': 123, 'x': 2.23, 'y': 5.546, 'r': 0.4, 'type': 1}, {'idp': 124, 'x': 3.57, 'y': 6.275, 'r': 0.4, 'type': 1}]
27707,1398693889.4856987,[{'idp': 123, 'x': 2.209, 'y': 5.571, 'r': 0.4, 'type': 1}, {'idp': 124, 'x': 3.569, 'y': 6.306, 'r': 0.4, 'type': 1}]
27708,1398693889.5257351,[{'idp': 123, 'x': 2.201, 'y': 5.544, 'r': 0.4, 'type': 1}, {'idp': 124, 'x': 3.569, 'y': 6.305, 'r': 0.4, 'type': 1}]
27709,1398693889.5329115,[{'idp': 123, 'x': 2.165, 'y': 5.525, 'r': 0.4, 'type': 1}, {'idp': 124, 'x': 3.55, 'y': 6.29, 'r': 0.4, 'type': 1}]
27710,1398693889.5697236,[{'idp': 123, 'x': 2.171, 'y': 5.546, 'r': 0.4, 'type': 1}, {'idp': 124, 'x': 3.544, 'y': 6.279, 'r': 0.4, 'type': 1}]
27711,1398693889.609712,[{'idp': 123, 'x': 2.174, 'y': 5.547, 'r': 0.4, 'type': 1}, {'idp': 124, 'x': 3.542, 'y': 6.29, 'r': 0.4, 'type': 1}]
27712,1398693889.6097467,[{'idp': 123, 'x': 2.147, 'y': 5.555, 'r': 0.4, 'type': 1}, {'idp': 124, 'x': 3.532, 'y': 6.303, 'r': 0.4, 'type': 1}]
27713,1398693889.6497564,[{'idp': 123, 'x': 2.148, 'y': 5.558, 'r': 0.4, 'type': 1}, {'idp': 124, 'x': 3.539, 'y': 6.317, 'r': 0.4, 'type': 1}]
27714,1398693889.6575897,[{'idp': 123, 'x': 2.132, 'y': 5.547, 'r': 0.4, 'type': 1}, {'idp': 124, 'x': 3.515, 'y': 6.291, 'r': 0.4, 'type': 1}]
27715,1398693889.6937442,[{'idp': 123, 'x': 2.116, 'y': 5.548, 'r': 0.4, 'type': 1}, {'idp': 124, 'x': 3.502, 'y': 6.297, 'r': 0.4, 'type': 1}]
27716,1398693889.73368,[{'idp': 123, 'x': 2.117, 'y': 5.544, 'r': 0.4, 'type': 1}, {'idp': 124, 'x': 3.484, 'y': 6.264, 'r': 0.4, 'type': 1}]
27717,1398693889.7337122,[{'idp': 123, 'x': 2.112, 'y': 5.565, 'r': 0.4, 'type': 1}, {'idp': 124, 'x': 3.52, 'y': 6.293, 'r': 0.4, 'type': 1}]
27718,1398693889.773795,[{'idp': 123, 'x': 2.09, 'y': 5.552, 'r': 0.4, 'type': 1}, {'idp': 124, 'x': 3.467, 'y': 6.283, 'r': 0.4, 'type': 1}]
27719,1398693889.7825568,[{'idp': 123, 'x': 2.079, 'y': 5.552, 'r': 0.4, 'type': 1}, {'idp': 124, 'x': 3.446, 'y': 6.279, 'r': 0.4, 'type': 1}]
27720,1398693889.82169,[{'idp': 123, 'x': 2.055, 'y': 5.532, 'r': 0.4, 'type': 1}, {'idp': 124, 'x': 3.399, 'y': 6.291, 'r': 0.4, 'type': 1}]
27721,1398693889.8617072,[{'idp': 123, 'x': 2.046, 'y': 5.545, 'r': 0.4, 'type': 1}, {'idp': 124, 'x': 3.37, 'y': 6.252, 'r': 0.4, 'type': 1}]
27722,1398693889.8617373,[{'idp': 123, 'x': 2.056, 'y': 5.563, 'r': 0.4, 'type': 1}, {'idp': 124, 'x': 3.421, 'y': 6.255, 'r': 0.4, 'type': 1}]
27723,1398693889.9017467,[{'idp': 123, 'x': 2.017, 'y': 5.543, 'r': 0.4, 'type': 1}, {'idp': 124, 'x': 3.414, 'y': 6.269, 'r': 0.4, 'type': 1}]
27724,1398693889.907419,[{'idp': 123, 'x': 2.023, 'y': 5.548, 'r': 0.4, 'type': 1}, {'idp': 124, 'x': 3.352, 'y': 6.268, 'r': 0.4, 'type': 1}]
27725,1398693889.9457078,[{'idp': 123, 'x': 2.022, 'y': 5.547, 'r': 0.4, 'type': 1}, {'idp': 124, 'x': 3.325, 'y': 6.269, 'r': 0.4, 'type': 1}]
27726,1398693889.9857023,[{'idp': 123, 'x': 1.99, 'y': 5.544, 'r': 0.4, 'type': 1}, {'idp': 124, 'x': 3.375, 'y': 6.26, 'r': 0.4, 'type': 1}]
27727,1398693889.9857364,[{'idp': 123, 'x': 1.984, 'y': 5.529, 'r': 0.4, 'type': 1}, {'idp': 124, 'x': 3.382, 'y': 6.249, 'r': 0.4, 'type': 1}]
27728,1398693890.0256991,[{'idp': 123, 'x': 1.975, 'y': 5.535, 'r': 0.4, 'type': 1}, {'idp': 124, 'x': 3.314, 'y': 6.262, 'r': 0.4, 'type': 1}]
27729,1398693890.0325572,[{'idp': 123, 'x': 1.956, 'y': 5.527, 'r': 0.4, 'type': 1}, {'idp': 124, 'x': 3.306, 'y': 6.281, 'r': 0.4, 'type': 1}]
27730,1398693890.0696583,[{'idp': 123, 'x': 1.961, 'y': 5.529, 'r': 0.4, 'type': 1}, {'idp': 124, 'x': 3.292, 'y': 6.286, 'r': 0.4, 'type': 1}]
27731,1398693890.1096969,[{'idp': 123, 'x': 1.946, 'y': 5.524, 'r': 0.4, 'type': 1}, {'idp': 124, 'x': 3.281, 'y': 6.266, 'r': 0.4, 'type': 1}]
27732,1398693890.1097295,[{'idp': 123, 'x': 1.949, 'y': 5.531, 'r': 0.4, 'type': 1}, {'idp': 124, 'x': 3.251, 'y': 6.277, 'r': 0.4, 'type': 1}]
27733,1398693890.14985,[{'idp': 123, 'x': 1.915, 'y': 5.521, 'r': 0.4, 'type': 1}, {'idp': 124, 'x': 3.249, 'y': 6.272, 'r': 0.4, 'type': 1}]
27734,1398693890.1576478,[{'idp': 123, 'x': 1.914, 'y': 5.509, 'r': 0.4, 'type': 1}, {'idp': 124, 'x': 3.231, 'y': 6.272, 'r': 0.4, 'type': 1}]
27735,1398693890.193647,[{'idp': 123, 'x': 1.917, 'y': 5.511, 'r': 0.4, 'type': 1}, {'idp': 124, 'x': 3.247, 'y': 6.283, 'r': 0.4, 'type': 1}]
27736,1398693890.2337124,[{'idp': 123, 'x': 1.889, 'y': 5.517, 'r': 0.4, 'type': 1}, {'idp': 124, 'x': 3.213, 'y': 6.303, 'r': 0.4, 'type': 1}]
27737,1398693890.23374,[{'idp': 123, 'x': 1.893, 'y': 5.521, 'r': 0.4, 'type': 1}, {'idp': 124, 'x': 3.189, 'y': 6.29, 'r': 0.4, 'type': 1}]
27738,1398693890.2736804,[{'idp': 123, 'x': 1.874, 'y': 5.512, 'r': 0.4, 'type': 1}, {'idp': 124, 'x': 3.199, 'y': 6.276, 'r': 0.4, 'type': 1}]
27739,1398693890.2823203,[{'idp': 123, 'x': 1.859, 'y': 5.508, 'r': 0.4, 'type': 1}, {'idp': 124, 'x': 3.192, 'y': 6.29, 'r': 0.4, 'type': 1}]
27740,1398693890.321705,[{'idp': 123, 'x': 1.856, 'y': 5.498, 'r': 0.4, 'type': 1}, {'idp': 124, 'x': 3.177, 'y': 6.282, 'r': 0.4, 'type': 1}]
27741,1398693890.3616927,[{'idp': 123, 'x': 1.849, 'y': 5.508, 'r': 0.4, 'type': 1}, {'idp': 124, 'x': 3.133, 'y': 6.301, 'r': 0.4, 'type': 1}]
27742,1398693890.36173,[{'idp': 123, 'x': 1.827, 'y': 5.492, 'r': 0.4, 'type': 1}, {'idp': 124, 'x': 3.148, 'y': 6.292, 'r': 0.4, 'type': 1}]
27743,1398693890.4018168,[{'idp': 123, 'x': 1.814, 'y': 5.494, 'r': 0.4, 'type': 1}, {'idp': 124, 'x': 3.137, 'y': 6.299, 'r': 0.4, 'type': 1}]
27744,1398693890.407074,[{'idp': 123, 'x': 1.823, 'y': 5.51, 'r': 0.4, 'type': 1}, {'idp': 124, 'x': 3.109, 'y': 6.302, 'r': 0.4, 'type': 1}]
27745,1398693890.4457047,[{'idp': 123, 'x': 1.801, 'y': 5.495, 'r': 0.4, 'type': 1}, {'idp': 124, 'x': 3.093, 'y': 6.29, 'r': 0.4, 'type': 1}]
27746,1398693890.4857311,[{'idp': 123, 'x': 1.785, 'y': 5.495, 'r': 0.4, 'type': 1}, {'idp': 124, 'x': 3.11, 'y': 6.285, 'r': 0.4, 'type': 1}]
27747,1398693890.4857655,[{'idp': 123, 'x': 1.794, 'y': 5.503, 'r': 0.4, 'type': 1}, {'idp': 124, 'x': 3.104, 'y': 6.292, 'r': 0.4, 'type': 1}]
27748,1398693890.5257127,[{'idp': 123, 'x': 1.793, 'y': 5.499, 'r': 0.4, 'type': 1}, {'idp': 124, 'x': 3.091, 'y': 6.335, 'r': 0.4, 'type': 1}]
27749,1398693890.5318813,[{'idp': 123, 'x': 1.764, 'y': 5.503, 'r': 0.4, 'type': 1}, {'idp': 124, 'x': 3.06, 'y': 6.266, 'r': 0.4, 'type': 1}]
27750,1398693890.569676,[{'idp': 123, 'x': 1.763, 'y': 5.498, 'r': 0.4, 'type': 1}, {'idp': 124, 'x': 3.093, 'y': 6.304, 'r': 0.4, 'type': 1}]
27751,1398693890.6097615,[{'idp': 123, 'x': 1.754, 'y': 5.513, 'r': 0.4, 'type': 1}, {'idp': 124, 'x': 3.086, 'y': 6.284, 'r': 0.4, 'type': 1}]
27752,1398693890.6097937,[{'idp': 123, 'x': 1.741, 'y': 5.511, 'r': 0.4, 'type': 1}, {'idp': 124, 'x': 3.026, 'y': 6.305, 'r': 0.4, 'type': 1}]
27753,1398693890.6497502,[{'idp': 123, 'x': 1.744, 'y': 5.513, 'r': 0.4, 'type': 1}, {'idp': 124, 'x': 2.859, 'y': 6.31, 'r': 0.4, 'type': 1}]
27754,1398693890.6568372,[{'idp': 123, 'x': 1.716, 'y': 5.517, 'r': 0.4, 'type': 1}, {'idp': 124, 'x': 3.004, 'y': 6.256, 'r': 0.4, 'type': 1}]
27755,1398693890.6937096,[{'idp': 123, 'x': 1.718, 'y': 5.523, 'r': 0.4, 'type': 1}, {'idp': 124, 'x': 3.008, 'y': 6.304, 'r': 0.4, 'type': 1}]
27756,1398693890.7336857,[{'idp': 123, 'x': 1.735, 'y': 5.52, 'r': 0.4, 'type': 1}, {'idp': 124, 'x': 2.985, 'y': 6.29, 'r': 0.4, 'type': 1}]
27757,1398693890.7337196,[{'idp': 123, 'x': 1.703, 'y': 5.519, 'r': 0.4, 'type': 1}, {'idp': 124, 'x': 2.944, 'y': 6.31, 'r': 0.4, 'type': 1}]
27758,1398693890.7737439,[{'idp': 123, 'x': 1.712, 'y': 5.529, 'r': 0.4, 'type': 1}, {'idp': 124, 'x': 2.918, 'y': 6.284, 'r': 0.4, 'type': 1}]
27759,1398693890.781307,[{'idp': 123, 'x': 1.68, 'y': 5.528, 'r': 0.4, 'type': 1}, {'idp': 124, 'x': 2.912, 'y': 6.32, 'r': 0.4, 'type': 1}]
27760,1398693890.8177385,[{'idp': 123, 'x': 1.687, 'y': 5.536, 'r': 0.4, 'type': 1}, {'idp': 124, 'x': 2.913, 'y': 6.3, 'r': 0.4, 'type': 1}]
27761,1398693890.857717,[{'idp': 123, 'x': 1.684, 'y': 5.526, 'r': 0.4, 'type': 1}, {'idp': 124, 'x': 2.818, 'y': 6.282, 'r': 0.4, 'type': 1}]
27762,1398693890.8577502,[{'idp': 123, 'x': 1.667, 'y': 5.525, 'r': 0.4, 'type': 1}, {'idp': 124, 'x': 2.908, 'y': 6.298, 'r': 0.4, 'type': 1}]
27763,1398693890.8977618,[{'idp': 123, 'x': 1.652, 'y': 5.521, 'r': 0.4, 'type': 1}, {'idp': 124, 'x': 2.892, 'y': 6.307, 'r': 0.4, 'type': 1}]
27764,1398693890.906065,[{'idp': 123, 'x': 1.663, 'y': 5.544, 'r': 0.4, 'type': 1}, {'idp': 124, 'x': 2.893, 'y': 6.315, 'r': 0.4, 'type': 1}]
27765,1398693890.9456444,[{'idp': 123, 'x': 1.641, 'y': 5.528, 'r': 0.4, 'type': 1}, {'idp': 124, 'x': 2.814, 'y': 6.306, 'r': 0.4, 'type': 1}]
27766,1398693890.985646,[{'idp': 123, 'x': 1.648, 'y': 5.54, 'r': 0.4, 'type': 1}, {'idp': 124, 'x': 2.817, 'y': 6.316, 'r': 0.4, 'type': 1}]
27767,1398693890.9856582,[{'idp': 123, 'x': 1.631, 'y': 5.539, 'r': 0.4, 'type': 1}, {'idp': 124, 'x': 2.842, 'y': 6.307, 'r': 0.4, 'type': 1}]
27768,1398693891.025802,[{'idp': 123, 'x': 1.611, 'y': 5.527, 'r': 0.4, 'type': 1}, {'idp': 124, 'x': 2.81, 'y': 6.301, 'r': 0.4, 'type': 1}]
27769,1398693891.0308564,[{'idp': 123, 'x': 1.633, 'y': 5.529, 'r': 0.4, 'type': 1}, {'idp': 124, 'x': 2.848, 'y': 6.303, 'r': 0.4, 'type': 1}]
27770,1398693891.0696845,[{'idp': 123, 'x': 1.632, 'y': 5.527, 'r': 0.4, 'type': 1}, {'idp': 124, 'x': 2.811, 'y': 6.311, 'r': 0.4, 'type': 1}]
27771,1398693891.109689,[{'idp': 123, 'x': 1.604, 'y': 5.537, 'r': 0.4, 'type': 1}, {'idp': 124, 'x': 2.661, 'y': 6.306, 'r': 0.4, 'type': 1}]
27772,1398693891.1097178,[{'idp': 123, 'x': 1.606, 'y': 5.545, 'r': 0.4, 'type': 1}, {'idp': 124, 'x': 2.777, 'y': 6.309, 'r': 0.4, 'type': 1}]
27773,1398693891.149752,[{'idp': 123, 'x': 1.593, 'y': 5.545, 'r': 0.4, 'type': 1}, {'idp': 124, 'x': 2.763, 'y': 6.315, 'r': 0.4, 'type': 1}]
27774,1398693891.1555414,[{'idp': 123, 'x': 1.595, 'y': 5.548, 'r': 0.4, 'type': 1}, {'idp': 124, 'x': 2.739, 'y': 6.296, 'r': 0.4, 'type': 1}]
27775,1398693891.1937916,[{'idp': 123, 'x': 1.574, 'y': 5.525, 'r': 0.4, 'type': 1}, {'idp': 124, 'x': 2.736, 'y': 6.297, 'r': 0.4, 'type': 1}]
27776,1398693891.2337,[{'idp': 123, 'x': 1.568, 'y': 5.547, 'r': 0.4, 'type': 1}, {'idp': 124, 'x': 2.745, 'y': 6.311, 'r': 0.4, 'type': 1}]
27777,1398693891.2337215,[{'idp': 123, 'x': 1.555, 'y': 5.549, 'r': 0.4, 'type': 1}, {'idp': 124, 'x': 2.72, 'y': 6.335, 'r': 0.4, 'type': 1}]
27778,1398693891.2737105,[{'idp': 123, 'x': 1.559, 'y': 5.563, 'r': 0.4, 'type': 1}, {'idp': 124, 'x': 2.714, 'y': 6.322, 'r': 0.4, 'type': 1}]
27779,1398693891.2800684,[{'idp': 123, 'x': 1.541, 'y': 5.546, 'r': 0.4, 'type': 1}, {'idp': 124, 'x': 2.586, 'y': 6.322, 'r': 0.4, 'type': 1}]
27780,1398693891.3177242,[{'idp': 123, 'x': 1.534, 'y': 5.567, 'r': 0.4, 'type': 1}, {'idp': 124, 'x': 2.691, 'y': 6.299, 'r': 0.4, 'type': 1}]
27781,1398693891.3577015,[{'idp': 123, 'x': 1.5, 'y': 5.539, 'r': 0.4, 'type': 1}, {'idp': 124, 'x': 2.655, 'y': 6.318, 'r': 0.4, 'type': 1}]
27782,1398693891.3577309,[{'idp': 123, 'x': 1.506, 'y': 5.562, 'r': 0.4, 'type': 1}, {'idp': 124, 'x': 2.666, 'y': 6.29, 'r': 0.4, 'type': 1}]
27783,1398693891.3977277,[{'idp': 123, 'x': 1.494, 'y': 5.566, 'r': 0.4, 'type': 1}, {'idp': 124, 'x': 2.631, 'y': 6.295, 'r': 0.4, 'type': 1}]
27784,1398693891.4042249,[{'idp': 123, 'x': 1.492, 'y': 5.559, 'r': 0.4, 'type': 1}, {'idp': 124, 'x': 2.638, 'y': 6.312, 'r': 0.4, 'type': 1}]
27785,1398693891.4417086,[{'idp': 123, 'x': 1.481, 'y': 5.566, 'r': 0.4, 'type': 1}, {'idp': 124, 'x': 2.654, 'y': 6.304, 'r': 0.4, 'type': 1}]
27786,1398693891.481725,[{'idp': 123, 'x': 1.465, 'y': 5.553, 'r': 0.4, 'type': 1}, {'idp': 124, 'x': 2.631, 'y': 6.309, 'r': 0.4, 'type': 1}]
27787,1398693891.4817598,[{'idp': 123, 'x': 1.446, 'y': 5.582, 'r': 0.4, 'type': 1}, {'idp': 124, 'x': 2.59, 'y': 6.317, 'r': 0.4, 'type': 1}]
27788,1398693891.5217104,[{'idp': 123, 'x': 1.417, 'y': 5.57, 'r': 0.4, 'type': 1}, {'idp': 124, 'x': 2.629, 'y': 6.323, 'r': 0.4, 'type': 1}]
27789,1398693891.528298,[{'idp': 123, 'x': 1.403, 'y': 5.568, 'r': 0.4, 'type': 1}, {'idp': 124, 'x': 2.59, 'y': 6.328, 'r': 0.4, 'type': 1}]
27790,1398693891.5657024,[{'idp': 123, 'x': 1.396, 'y': 5.587, 'r': 0.4, 'type': 1}, {'idp': 124, 'x': 2.553, 'y': 6.331, 'r': 0.4, 'type': 1}]
27791,1398693891.6056883,[{'idp': 123, 'x': 1.382, 'y': 5.584, 'r': 0.4, 'type': 1}, {'idp': 124, 'x': 2.548, 'y': 6.292, 'r': 0.4, 'type': 1}]
27792,1398693891.60572,[{'idp': 123, 'x': 1.37, 'y': 5.588, 'r': 0.4, 'type': 1}, {'idp': 124, 'x': 2.598, 'y': 6.326, 'r': 0.4, 'type': 1}]
27793,1398693891.6457121,[{'idp': 123, 'x': 1.36, 'y': 5.6, 'r': 0.4, 'type': 1}, {'idp': 124, 'x': 2.569, 'y': 6.316, 'r': 0.4, 'type': 1}]
27794,1398693891.6536078,[{'idp': 123, 'x': 1.372, 'y': 5.595, 'r': 0.4, 'type': 1}, {'idp': 124, 'x': 2.558, 'y': 6.29, 'r': 0.4, 'type': 1}]
27795,1398693891.689723,[{'idp': 123, 'x': 1.365, 'y': 5.57, 'r': 0.4, 'type': 1}, {'idp': 124, 'x': 2.549, 'y': 6.268, 'r': 0.4, 'type': 1}]
27796,1398693891.7297168,[{'idp': 123, 'x': 1.408, 'y': 5.582, 'r': 0.4, 'type': 1}, {'idp': 124, 'x': 2.6, 'y': 6.233, 'r': 0.4, 'type': 1}]
27797,1398693891.729749,[{'idp': 123, 'x': 1.401, 'y': 5.557, 'r': 0.4, 'type': 1}, {'idp': 124, 'x': 2.673, 'y': 6.293, 'r': 0.4, 'type': 1}]
27798,1398693891.769669,[{'idp': 123, 'x': 1.419, 'y': 5.575, 'r': 0.4, 'type': 1}, {'idp': 124, 'x': 2.512, 'y': 6.124, 'r': 0.4, 'type': 1}]
27799,1398693891.7779512,[{'idp': 123, 'x': 1.496, 'y': 5.622, 'r': 0.4, 'type': 1}, {'idp': 124, 'x': 2.207, 'y': 5.902, 'r': 0.4, 'type': 1}]
27800,1398693891.8177643,[{'idp': 123, 'x': 1.602, 'y': 5.631, 'r': 0.4, 'type': 1}, {'idp': 124, 'x': 2.207, 'y': 5.902, 'r': 0.4, 'type': 1}]
27801,1398693891.8576748,[{'idp': 123, 'x': 1.367, 'y': 5.49, 'r': 0.4, 'type': 1}, {'idp': 124, 'x': 2.207, 'y': 5.902, 'r': 0.4, 'type': 1}]
27802,1398693891.8578627,[{'idp': 123, 'x': 1.06, 'y': 5.271, 'r': 0.4, 'type': 1}, {'idp': 124, 'x': 2.207, 'y': 5.902, 'r': 0.4, 'type': 1}]
27803,1398693891.8976834,[{'idp': 123, 'x': 0.869, 'y': 5.141, 'r': 0.4, 'type': 1}, {'idp': 124, 'x': 2.207, 'y': 5.902, 'r': 0.4, 'type': 1}]
27804,1398693891.902209,[{'idp': 123, 'x': 0.762, 'y': 5.055, 'r': 0.4, 'type': 1}, {'idp': 124, 'x': 2.207, 'y': 5.902, 'r': 0.4, 'type': 1}]
27805,1398693891.9417439,[{'idp': 123, 'x': 0.766, 'y': 5.002, 'r': 0.4, 'type': 1}, {'idp': 124, 'x': 2.207, 'y': 5.902, 'r': 0.4, 'type': 1}]
27806,1398693891.9817262,[{'idp': 123, 'x': 0.872, 'y': 5.036, 'r': 0.4, 'type': 1}, {'idp': 124, 'x': 2.207, 'y': 5.902, 'r': 0.4, 'type': 1}]
27807,1398693891.9817564,[{'idp': 123, 'x': 1.034, 'y': 5.104, 'r': 0.4, 'type': 1}, {'idp': 124, 'x': 2.207, 'y': 5.902, 'r': 0.4, 'type': 1}]
27808,1398693892.0217261,[{'idp': 123, 'x': 1.207, 'y': 5.191, 'r': 0.4, 'type': 1}, {'idp': 124, 'x': 2.207, 'y': 5.902, 'r': 0.4, 'type': 1}]
27809,1398693892.0268338,[{'idp': 123, 'x': 1.315, 'y': 5.245, 'r': 0.4, 'type': 1}, {'idp': 124, 'x': 2.207, 'y': 5.902, 'r': 0.4, 'type': 1}]
27810,1398693892.0657218,[{'idp': 123, 'x': 1.277, 'y': 5.242, 'r': 0.4, 'type': 1}, {'idp': 124, 'x': 2.207, 'y': 5.902, 'r': 0.4, 'type': 1}]
27811,1398693892.1056778,[{'idp': 123, 'x': 1.158, 'y': 5.138, 'r': 0.4, 'type': 1}, {'idp': 124, 'x': 2.207, 'y': 5.902, 'r': 0.4, 'type': 1}]
27812,1398693892.1057088,[{'idp': 123, 'x': 1.033, 'y': 5.042, 'r': 0.4, 'type': 1}, {'idp': 124, 'x': 2.207, 'y': 5.902, 'r': 0.4, 'type': 1}]
27813,1398693892.1458652,[{'idp': 123, 'x': 0.961, 'y': 4.974, 'r': 0.4, 'type': 1}, {'idp': 124, 'x': 2.207, 'y': 5.902, 'r': 0.4, 'type': 1}]
27814,1398693892.151606,[{'idp': 123, 'x': 0.94, 'y': 4.921, 'r': 0.4, 'type': 1}, {'idp': 124, 'x': 2.207, 'y': 5.902, 'r': 0.4, 'type': 1}]
27815,1398693892.1896913,[{'idp': 123, 'x': 0.947, 'y': 4.902, 'r': 0.4, 'type': 1}, {'idp': 124, 'x': 2.207, 'y': 5.902, 'r': 0.4, 'type': 1}]
27816,1398693892.2297087,[{'idp': 123, 'x': 0.906, 'y': 4.861, 'r': 0.4, 'type': 1}, {'idp': 124, 'x': 2.207, 'y': 5.902, 'r': 0.4, 'type': 1}]
27817,1398693892.2297394,[]
27818,1398693892.2697024,[]
27819,1398693892.2758477,[]
27820,1398693892.3137674,[]
27821,1398693892.353693,[]
27822,1398693892.3537169,[]
27823,1398693892.393841,[]
27824,1398693892.4003773,[]
27825,1398693892.4377415,[]
27826,1398693892.4776757,[]
27827,1398693892.4777012,[]
27828,1398693892.5183508,[]
27829,1398693892.5249624,[]
27830,1398693892.561713,[]
27831,1398693892.6016662,[]
27832,1398693892.6017025,[]
27833,1398693892.641753,[]
27834,1398693892.6500769,[]
27835,1398693892.6896982,[]
27836,1398693892.7296834,[]
27837,1398693892.7297215,[]
27838,1398693892.7697022,[]
27839,1398693892.7745728,[]
27840,1398693892.813765,[]
27841,1398693892.8537953,[]
27842,1398693892.8538256,[]
27843,1398693892.8937566,[]
27844,1398693892.8993225,[]
27845,1398693892.9376295,[]
27846,1398693892.9776075,[]
27847,1398693892.9776247,[]
27848,1398693893.0177448,[]
27849,1398693893.0240417,[]
27850,1398693893.0617065,[]
27851,1398693893.1016715,[]
27852,1398693893.1017058,[]
27853,1398693893.14175,[]
27854,1398693893.1488159,[]
27855,1398693893.1857412,[]
27856,1398693893.2256866,[]
27857,1398693893.2257206,[]
27858,1398693893.2657185,[]
27859,1398693893.2735689,[]
27860,1398693893.3096893,[]
27861,1398693893.3497484,[]
27862,1398693893.34978,[]
27863,1398693893.3897183,[]
27864,1398693893.3983042,[]
27865,1398693893.4376838,[]
27866,1398693893.477763,[]
27867,1398693893.4777994,[]
27868,1398693893.5177217,[]
27869,1398693893.5227985,[]
27870,1398693893.5617385,[]
27871,1398693893.60168,[]
27872,1398693893.6017134,[]
27873,1398693893.6417363,[]
27874,1398693893.647491,[]
27875,1398693893.6857173,[]
27876,1398693893.7257094,[]
27877,1398693893.7257342,[]
27878,1398693893.7657523,[]
27879,1398693893.772287,[]
27880,1398693893.8096235,[]
27881,1398693893.8497243,[]
27882,1398693893.8497567,[]
27883,1398693893.8897274,[]
27884,1398693893.8969202,[]
27885,1398693893.9337053,[]
27886,1398693893.9737635,[]
27887,1398693893.9737976,[]
27888,1398693894.0137515,[]
27889,1398693894.0217113,[]
27890,1398693894.06164,[]
27891,1398693894.1016638,[]
27892,1398693894.1016977,[]
27893,1398693894.1416993,[]
27894,1398693894.1464055,[]
27895,1398693894.1857493,[]
27896,1398693894.2256882,[]
27897,1398693894.2257206,[]
27898,1398693894.2657497,[]
27899,1398693894.271679,[]
27900,1398693894.3097153,[]
27901,1398693894.3497074,[]
27902,1398693894.3497365,[{'idp': 125, 'x': 1.691, 'y': 6.409, 'r': 0.4, 'type': 1}, {'idp': 126, 'x': 1.023, 'y': 5.741, 'r': 0.4, 'type': 1}]
27903,1398693894.389757,[{'idp': 125, 'x': 1.667, 'y': 6.337, 'r': 0.4, 'type': 1}, {'idp': 126, 'x': 1.001, 'y': 5.743, 'r': 0.4, 'type': 1}]
27904,1398693894.3957212,[{'idp': 125, 'x': 1.637, 'y': 6.358, 'r': 0.4, 'type': 1}, {'idp': 126, 'x': 1.035, 'y': 5.784, 'r': 0.4, 'type': 1}]
27905,1398693894.4336727,[{'idp': 125, 'x': 1.675, 'y': 6.368, 'r': 0.4, 'type': 1}, {'idp': 126, 'x': 1.03, 'y': 5.76, 'r': 0.4, 'type': 1}]
27906,1398693894.473699,[{'idp': 125, 'x': 1.654, 'y': 6.339, 'r': 0.4, 'type': 1}, {'idp': 126, 'x': 1.017, 'y': 5.758, 'r': 0.4, 'type': 1}]
27907,1398693894.4737282,[{'idp': 125, 'x': 1.61, 'y': 6.37, 'r': 0.4, 'type': 1}, {'idp': 126, 'x': 1.042, 'y': 5.825, 'r': 0.4, 'type': 1}]
27908,1398693894.5137327,[{'idp': 125, 'x': 1.619, 'y': 6.377, 'r': 0.4, 'type': 1}, {'idp': 126, 'x': 0.995, 'y': 5.782, 'r': 0.4, 'type': 1}]
27909,1398693894.5208032,[{'idp': 125, 'x': 1.577, 'y': 6.387, 'r': 0.4, 'type': 1}, {'idp': 126, 'x': 0.931, 'y': 5.715, 'r': 0.4, 'type': 1}]
27910,1398693894.5576546,[{'idp': 125, 'x': 1.597, 'y': 6.38, 'r': 0.4, 'type': 1}, {'idp': 126, 'x': 0.924, 'y': 5.674, 'r': 0.4, 'type': 1}]
27911,1398693894.5976975,[{'idp': 125, 'x': 1.581, 'y': 6.402, 'r': 0.4, 'type': 1}, {'idp': 126, 'x': 0.911, 'y': 5.67, 'r': 0.4, 'type': 1}]
27912,1398693894.5977283,[{'idp': 125, 'x': 1.569, 'y': 6.387, 'r': 0.4, 'type': 1}, {'idp': 126, 'x': 0.907, 'y': 5.647, 'r': 0.4, 'type': 1}]
27913,1398693894.63768,[{'idp': 125, 'x': 1.576, 'y': 6.412, 'r': 0.4, 'type': 1}, {'idp': 126, 'x': 0.908, 'y': 5.656, 'r': 0.4, 'type': 1}]
27914,1398693894.6458826,[{'idp': 125, 'x': 1.625, 'y': 6.371, 'r': 0.4, 'type': 1}, {'idp': 126, 'x': 0.896, 'y': 5.661, 'r': 0.4, 'type': 1}]
27915,1398693894.6856828,[{'idp': 125, 'x': 1.629, 'y': 6.411, 'r': 0.4, 'type': 1}, {'idp': 126, 'x': 0.921, 'y': 5.655, 'r': 0.4, 'type': 1}]
27916,1398693894.7256787,[{'idp': 125, 'x': 1.608, 'y': 6.419, 'r': 0.4, 'type': 1}, {'idp': 126, 'x': 0.96, 'y': 5.66, 'r': 0.4, 'type': 1}]
27917,1398693894.725709,[{'idp': 125, 'x': 1.576, 'y': 6.411, 'r': 0.4, 'type': 1}, {'idp': 126, 'x': 0.925, 'y': 5.679, 'r': 0.4, 'type': 1}]
27918,1398693894.7657447,[{'idp': 125, 'x': 1.522, 'y': 6.432, 'r': 0.4, 'type': 1}, {'idp': 126, 'x': 0.855, 'y': 5.724, 'r': 0.4, 'type': 1}]
27919,1398693894.7696939,[{'idp': 125, 'x': 1.491, 'y': 6.456, 'r': 0.4, 'type': 1}, {'idp': 126, 'x': 0.827, 'y': 5.702, 'r': 0.4, 'type': 1}]
27920,1398693894.80977,[{'idp': 125, 'x': 1.439, 'y': 6.488, 'r': 0.4, 'type': 1}, {'idp': 126, 'x': 0.8, 'y': 5.689, 'r': 0.4, 'type': 1}]
27921,1398693894.84971,[{'idp': 125, 'x': 1.422, 'y': 6.475, 'r': 0.4, 'type': 1}, {'idp': 126, 'x': 0.792, 'y': 5.721, 'r': 0.4, 'type': 1}]
27922,1398693894.8497374,[{'idp': 125, 'x': 1.4, 'y': 6.472, 'r': 0.4, 'type': 1}, {'idp': 126, 'x': 0.784, 'y': 5.752, 'r': 0.4, 'type': 1}]
27923,1398693894.8897302,[{'idp': 125, 'x': 1.404, 'y': 6.463, 'r': 0.4, 'type': 1}, {'idp': 126, 'x': 0.765, 'y': 5.716, 'r': 0.4, 'type': 1}]
27924,1398693894.8943303,[{'idp': 125, 'x': 1.389, 'y': 6.462, 'r': 0.4, 'type': 1}, {'idp': 126, 'x': 0.755, 'y': 5.727, 'r': 0.4, 'type': 1}]
27925,1398693894.9337199,[{'idp': 125, 'x': 1.369, 'y': 6.464, 'r': 0.4, 'type': 1}, {'idp': 126, 'x': 0.762, 'y': 5.78, 'r': 0.4, 'type': 1}]
27926,1398693894.9737556,[{'idp': 125, 'x': 1.39, 'y': 6.465, 'r': 0.4, 'type': 1}, {'idp': 126, 'x': 0.764, 'y': 5.79, 'r': 0.4, 'type': 1}]
27927,1398693894.973783,[{'idp': 125, 'x': 1.359, 'y': 6.451, 'r': 0.4, 'type': 1}, {'idp': 126, 'x': 0.753, 'y': 5.801, 'r': 0.4, 'type': 1}]
27928,1398693895.013725,[{'idp': 125, 'x': 1.365, 'y': 6.465, 'r': 0.4, 'type': 1}, {'idp': 126, 'x': 0.742, 'y': 5.815, 'r': 0.4, 'type': 1}]
27929,1398693895.0188956,[{'idp': 125, 'x': 1.334, 'y': 6.479, 'r': 0.4, 'type': 1}, {'idp': 126, 'x': 0.699, 'y': 5.786, 'r': 0.4, 'type': 1}]
27930,1398693895.0577188,[{'idp': 125, 'x': 1.32, 'y': 6.483, 'r': 0.4, 'type': 1}, {'idp': 126, 'x': 0.706, 'y': 5.839, 'r': 0.4, 'type': 1}]
27931,1398693895.0976799,[{'idp': 125, 'x': 1.303, 'y': 6.472, 'r': 0.4, 'type': 1}, {'idp': 126, 'x': 0.667, 'y': 5.838, 'r': 0.4, 'type': 1}]
27932,1398693895.0977092,[{'idp': 125, 'x': 1.274, 'y': 6.494, 'r': 0.4, 'type': 1}, {'idp': 126, 'x': 0.612, 'y': 5.806, 'r': 0.4, 'type': 1}]
27933,1398693895.1377475,[{'idp': 125, 'x': 1.227, 'y': 6.486, 'r': 0.4, 'type': 1}, {'idp': 126, 'x': 0.603, 'y': 5.842, 'r': 0.4, 'type': 1}]
27934,1398693895.143567,[{'idp': 125, 'x': 1.231, 'y': 6.48, 'r': 0.4, 'type': 1}, {'idp': 126, 'x': 0.577, 'y': 5.839, 'r': 0.4, 'type': 1}]
27935,1398693895.1817303,[{'idp': 125, 'x': 1.221, 'y': 6.502, 'r': 0.4, 'type': 1}, {'idp': 126, 'x': 0.564, 'y': 5.841, 'r': 0.4, 'type': 1}]
27936,1398693895.2217088,[{'idp': 125, 'x': 1.18, 'y': 6.503, 'r': 0.4, 'type': 1}, {'idp': 126, 'x': 0.551, 'y': 5.83, 'r': 0.4, 'type': 1}]
27937,1398693895.221742,[{'idp': 125, 'x': 1.169, 'y': 6.484, 'r': 0.4, 'type': 1}, {'idp': 126, 'x': 0.525, 'y': 5.829, 'r': 0.4, 'type': 1}]
27938,1398693895.261763,[{'idp': 125, 'x': 1.193, 'y': 6.481, 'r': 0.4, 'type': 1}, {'idp': 126, 'x': 0.499, 'y': 5.824, 'r': 0.4, 'type': 1}]
27939,1398693895.268224,[{'idp': 125, 'x': 1.181, 'y': 6.486, 'r': 0.4, 'type': 1}, {'idp': 126, 'x': 0.471, 'y': 5.803, 'r': 0.4, 'type': 1}]
27940,1398693895.3057241,[{'idp': 125, 'x': 1.161, 'y': 6.497, 'r': 0.4, 'type': 1}, {'idp': 126, 'x': 0.459, 'y': 5.805, 'r': 0.4, 'type': 1}]
27941,1398693895.3457136,[{'idp': 125, 'x': 1.146, 'y': 6.488, 'r': 0.4, 'type': 1}, {'idp': 126, 'x': 0.432, 'y': 5.789, 'r': 0.4, 'type': 1}]
27942,1398693895.3457444,[{'idp': 125, 'x': 1.098, 'y': 6.492, 'r': 0.4, 'type': 1}, {'idp': 126, 'x': 0.42, 'y': 5.788, 'r': 0.4, 'type': 1}]
27943,1398693895.3857489,[{'idp': 125, 'x': 1.082, 'y': 6.46, 'r': 0.4, 'type': 1}, {'idp': 126, 'x': 0.407, 'y': 5.794, 'r': 0.4, 'type': 1}]
27944,1398693895.3928952,[{'idp': 125, 'x': 1.135, 'y': 6.523, 'r': 0.4, 'type': 1}, {'idp': 126, 'x': 0.408, 'y': 5.809, 'r': 0.4, 'type': 1}]
27945,1398693895.4297187,[{'idp': 125, 'x': 1.091, 'y': 6.507, 'r': 0.4, 'type': 1}, {'idp': 126, 'x': 0.382, 'y': 5.806, 'r': 0.4, 'type': 1}]
27946,1398693895.4696958,[{'idp': 125, 'x': 1.097, 'y': 6.513, 'r': 0.4, 'type': 1}, {'idp': 126, 'x': 0.37, 'y': 5.809, 'r': 0.4, 'type': 1}]
27947,1398693895.5097134,[{'idp': 125, 'x': 1.089, 'y': 6.528, 'r': 0.4, 'type': 1}, {'idp': 126, 'x': 0.356, 'y': 5.795, 'r': 0.4, 'type': 1}]
27948,1398693895.5097435,[{'idp': 125, 'x': 1.06, 'y': 6.499, 'r': 0.4, 'type': 1}, {'idp': 126, 'x': 0.357, 'y': 5.811, 'r': 0.4, 'type': 1}]
27949,1398693895.5496435,[{'idp': 125, 'x': 1.058, 'y': 6.493, 'r': 0.4, 'type': 1}, {'idp': 126, 'x': 0.357, 'y': 5.796, 'r': 0.4, 'type': 1}]
27950,1398693895.5496778,[{'idp': 125, 'x': 1.081, 'y': 6.478, 'r': 0.4, 'type': 1}, {'idp': 126, 'x': 0.356, 'y': 5.798, 'r': 0.4, 'type': 1}]
27951,1398693895.589803,[{'idp': 125, 'x': 1.075, 'y': 6.519, 'r': 0.4, 'type': 1}, {'idp': 126, 'x': 0.33, 'y': 5.784, 'r': 0.4, 'type': 1}]
27952,1398693895.5925024,[{'idp': 125, 'x': 1.05, 'y': 6.469, 'r': 0.4, 'type': 1}, {'idp': 126, 'x': 0.319, 'y': 5.81, 'r': 0.4, 'type': 1}]
27953,1398693895.6298168,[{'idp': 125, 'x': 0.853, 'y': 6.479, 'r': 0.4, 'type': 1}, {'idp': 126, 'x': 0.294, 'y': 5.806, 'r': 0.4, 'type': 1}]
27954,1398693895.6696827,[{'idp': 125, 'x': 0.988, 'y': 6.509, 'r': 0.4, 'type': 1}, {'idp': 126, 'x': 0.282, 'y': 5.825, 'r': 0.4, 'type': 1}]
27955,1398693895.6697128,[{'idp': 125, 'x': 0.985, 'y': 6.53, 'r': 0.4, 'type': 1}, {'idp': 126, 'x': 0.256, 'y': 5.811, 'r': 0.4, 'type': 1}]
27956,1398693895.7098174,[{'idp': 125, 'x': 0.9, 'y': 6.483, 'r': 0.4, 'type': 1}, {'idp': 126, 'x': 0.231, 'y': 5.83, 'r': 0.4, 'type': 1}]
27957,1398693895.7171073,[{'idp': 125, 'x': 0.902, 'y': 6.512, 'r': 0.4, 'type': 1}, {'idp': 126, 'x': 0.205, 'y': 5.822, 'r': 0.4, 'type': 1}]
27958,1398693895.753691,[{'idp': 125, 'x': 0.925, 'y': 6.529, 'r': 0.4, 'type': 1}, {'idp': 126, 'x': 0.205, 'y': 5.812, 'r': 0.4, 'type': 1}]
27959,1398693895.7936869,[{'idp': 125, 'x': 0.941, 'y': 6.511, 'r': 0.4, 'type': 1}, {'idp': 126, 'x': 0.204, 'y': 5.783, 'r': 0.4, 'type': 1}]
27960,1398693895.7937157,[{'idp': 125, 'x': 0.93, 'y': 6.507, 'r': 0.4, 'type': 1}, {'idp': 126, 'x': 0.204, 'y': 5.786, 'r': 0.4, 'type': 1}]
27961,1398693895.8336914,[{'idp': 125, 'x': 0.867, 'y': 6.492, 'r': 0.4, 'type': 1}, {'idp': 126, 'x': 0.178, 'y': 5.767, 'r': 0.4, 'type': 1}]
27962,1398693895.842186,[{'idp': 125, 'x': 0.893, 'y': 6.505, 'r': 0.4, 'type': 1}, {'idp': 126, 'x': 0.153, 'y': 5.775, 'r': 0.4, 'type': 1}]
27963,1398693895.8817384,[{'idp': 125, 'x': 0.842, 'y': 6.5, 'r': 0.4, 'type': 1}, {'idp': 126, 'x': 0.154, 'y': 5.822, 'r': 0.4, 'type': 1}]
27964,1398693895.9217253,[{'idp': 125, 'x': 0.82, 'y': 6.49, 'r': 0.4, 'type': 1}, {'idp': 126, 'x': 0.141, 'y': 5.793, 'r': 0.4, 'type': 1}]
27965,1398693895.9217558,[{'idp': 125, 'x': 0.828, 'y': 6.501, 'r': 0.4, 'type': 1}, {'idp': 126, 'x': 0.141, 'y': 5.811, 'r': 0.4, 'type': 1}]
27966,1398693895.9617517,[{'idp': 125, 'x': 0.822, 'y': 6.504, 'r': 0.4, 'type': 1}, {'idp': 126, 'x': 0.141, 'y': 5.814, 'r': 0.4, 'type': 1}]
27967,1398693895.966817,[{'idp': 125, 'x': 0.836, 'y': 6.513, 'r': 0.4, 'type': 1}, {'idp': 126, 'x': 0.142, 'y': 5.831, 'r': 0.4, 'type': 1}]
27968,1398693896.0057094,[{'idp': 125, 'x': 0.801, 'y': 6.513, 'r': 0.4, 'type': 1}, {'idp': 126, 'x': 0.129, 'y': 5.837, 'r': 0.4, 'type': 1}]
27969,1398693896.045726,[{'idp': 125, 'x': 0.772, 'y': 6.51, 'r': 0.4, 'type': 1}, {'idp': 126, 'x': 0.116, 'y': 5.838, 'r': 0.4, 'type': 1}]
27970,1398693896.045751,[{'idp': 125, 'x': 0.776, 'y': 6.498, 'r': 0.4, 'type': 1}, {'idp': 126, 'x': 0.104, 'y': 5.865, 'r': 0.4, 'type': 1}]
27971,1398693896.0858314,[{'idp': 125, 'x': 0.777, 'y': 6.502, 'r': 0.4, 'type': 1}, {'idp': 126, 'x': 0.103, 'y': 5.85, 'r': 0.4, 'type': 1}]
27972,1398693896.0914364,[{'idp': 125, 'x': 0.796, 'y': 6.498, 'r': 0.4, 'type': 1}, {'idp': 126, 'x': 0.117, 'y': 5.869, 'r': 0.4, 'type': 1}]
27973,1398693896.129706,[{'idp': 125, 'x': 0.782, 'y': 6.479, 'r': 0.4, 'type': 1}, {'idp': 126, 'x': 0.13, 'y': 5.867, 'r': 0.4, 'type': 1}]
27974,1398693896.1696641,[{'idp': 125, 'x': 0.797, 'y': 6.5, 'r': 0.4, 'type': 1}, {'idp': 126, 'x': 0.103, 'y': 5.867, 'r': 0.4, 'type': 1}]
27975,1398693896.1696954,[{'idp': 125, 'x': 0.763, 'y': 6.49, 'r': 0.4, 'type': 1}, {'idp': 126, 'x': 0.091, 'y': 5.908, 'r': 0.4, 'type': 1}]
27976,1398693896.2097123,[{'idp': 125, 'x': 0.727, 'y': 6.499, 'r': 0.4, 'type': 1}, {'idp': 126, 'x': 0.091, 'y': 5.947, 'r': 0.4, 'type': 1}]
27977,1398693896.2161746,[{'idp': 125, 'x': 0.707, 'y': 6.507, 'r': 0.4, 'type': 1}, {'idp': 126, 'x': 0.092, 'y': 5.955, 'r': 0.4, 'type': 1}]
27978,1398693896.2537086,[{'idp': 125, 'x': 0.688, 'y': 6.499, 'r': 0.4, 'type': 1}, {'idp': 126, 'x': 0.079, 'y': 5.975, 'r': 0.4, 'type': 1}]
27979,1398693896.2937016,[{'idp': 125, 'x': 0.658, 'y': 6.516, 'r': 0.4, 'type': 1}, {'idp': 126, 'x': 0.065, 'y': 5.995, 'r': 0.4, 'type': 1}]
27980,1398693896.2937276,[{'idp': 125, 'x': 0.63, 'y': 6.491, 'r': 0.4, 'type': 1}, {'idp': 126, 'x': 0.052, 'y': 6.006, 'r': 0.4, 'type': 1}]
27981,1398693896.3337665,[{'idp': 125, 'x': 0.662, 'y': 6.503, 'r': 0.4, 'type': 1}, {'idp': 126, 'x': 0.052, 'y': 5.997, 'r': 0.4, 'type': 1}]
27982,1398693896.3403704,[{'idp': 125, 'x': 0.654, 'y': 6.486, 'r': 0.4, 'type': 1}, {'idp': 126, 'x': 0.052, 'y': 6.005, 'r': 0.4, 'type': 1}]
27983,1398693896.3776996,[{'idp': 125, 'x': 0.626, 'y': 6.492, 'r': 0.4, 'type': 1}, {'idp': 126, 'x': 0.052, 'y': 5.989, 'r': 0.4, 'type': 1}]
27984,1398693896.4177623,[{'idp': 125, 'x': 0.652, 'y': 6.469, 'r': 0.4, 'type': 1}, {'idp': 126, 'x': 0.052, 'y': 5.987, 'r': 0.4, 'type': 1}]
27985,1398693896.4178097,[{'idp': 125, 'x': 0.628, 'y': 6.507, 'r': 0.4, 'type': 1}, {'idp': 126, 'x': 0.039, 'y': 6.022, 'r': 0.4, 'type': 1}]
27986,1398693896.457695,[{'idp': 125, 'x': 0.552, 'y': 6.508, 'r': 0.4, 'type': 1}, {'idp': 126, 'x': 0.026, 'y': 6.019, 'r': 0.4, 'type': 1}]
27987,1398693896.4657514,[{'idp': 125, 'x': 0.568, 'y': 6.479, 'r': 0.4, 'type': 1}, {'idp': 126, 'x': 0.026, 'y': 6.019, 'r': 0.4, 'type': 1}]
27988,1398693896.5057516,[{'idp': 125, 'x': 0.566, 'y': 6.504, 'r': 0.4, 'type': 1}, {'idp': 126, 'x': 0.026, 'y': 6.019, 'r': 0.4, 'type': 1}]
27989,1398693896.545718,[{'idp': 125, 'x': 0.495, 'y': 6.469, 'r': 0.4, 'type': 1}, {'idp': 126, 'x': 0.026, 'y': 6.019, 'r': 0.4, 'type': 1}]
27990,1398693896.545749,[{'idp': 125, 'x': 0.56, 'y': 6.509, 'r': 0.4, 'type': 1}, {'idp': 126, 'x': 0.026, 'y': 6.019, 'r': 0.4, 'type': 1}]
27991,1398693896.5858343,[{'idp': 125, 'x': 0.507, 'y': 6.503, 'r': 0.4, 'type': 1}, {'idp': 126, 'x': 0.026, 'y': 6.019, 'r': 0.4, 'type': 1}]
27992,1398693896.5901175,[{'idp': 125, 'x': 0.507, 'y': 6.506, 'r': 0.4, 'type': 1}]
27993,1398693896.6296878,[{'idp': 125, 'x': 0.506, 'y': 6.498, 'r': 0.4, 'type': 1}]
27994,1398693896.6697044,[{'idp': 125, 'x': 0.476, 'y': 6.476, 'r': 0.4, 'type': 1}]
27995,1398693896.6697402,[{'idp': 125, 'x': 0.491, 'y': 6.499, 'r': 0.4, 'type': 1}]
27996,1398693896.7096815,[{'idp': 125, 'x': 0.448, 'y': 6.494, 'r': 0.4, 'type': 1}]
27997,1398693896.7146683,[{'idp': 125, 'x': 0.477, 'y': 6.492, 'r': 0.4, 'type': 1}]
27998,1398693896.7537293,[{'idp': 125, 'x': 0.47, 'y': 6.503, 'r': 0.4, 'type': 1}]
27999,1398693896.793723,[{'idp': 125, 'x': 0.461, 'y': 6.496, 'r': 0.4, 'type': 1}]
28000,1398693896.7937565,[{'idp': 125, 'x': 0.462, 'y': 6.51, 'r': 0.4, 'type': 1}]
28001,1398693896.8336904,[{'idp': 125, 'x': 0.441, 'y': 6.493, 'r': 0.4, 'type': 1}]
28002,1398693896.8395557,[{'idp': 125, 'x': 0.426, 'y': 6.482, 'r': 0.4, 'type': 1}]
28003,1398693896.8779407,[{'idp': 125, 'x': 0.412, 'y': 6.488, 'r': 0.4, 'type': 1}]
28004,1398693896.917776,[{'idp': 125, 'x': 0.413, 'y': 6.506, 'r': 0.4, 'type': 1}]
28005,1398693896.9178076,[{'idp': 125, 'x': 0.42, 'y': 6.489, 'r': 0.4, 'type': 1}]
28006,1398693896.957772,[{'idp': 125, 'x': 0.383, 'y': 6.474, 'r': 0.4, 'type': 1}]
28007,1398693896.9647188,[{'idp': 125, 'x': 0.392, 'y': 6.492, 'r': 0.4, 'type': 1}]
28008,1398693897.0016863,[{'idp': 125, 'x': 0.356, 'y': 6.504, 'r': 0.4, 'type': 1}]
28009,1398693897.0416415,[{'idp': 125, 'x': 0.334, 'y': 6.481, 'r': 0.4, 'type': 1}]
28010,1398693897.0416586,[{'idp': 125, 'x': 0.348, 'y': 6.5, 'r': 0.4, 'type': 1}]
28011,1398693897.0818229,[{'idp': 125, 'x': 0.326, 'y': 6.489, 'r': 0.4, 'type': 1}]
28012,1398693897.0886989,[{'idp': 125, 'x': 0.327, 'y': 6.493, 'r': 0.4, 'type': 1}]
28013,1398693897.125698,[{'idp': 125, 'x': 0.338, 'y': 6.495, 'r': 0.4, 'type': 1}]
28014,1398693897.1657016,[{'idp': 125, 'x': 0.318, 'y': 6.482, 'r': 0.4, 'type': 1}]
28015,1398693897.1657321,[{'idp': 125, 'x': 0.289, 'y': 6.475, 'r': 0.4, 'type': 1}]
28016,1398693897.205717,[{'idp': 125, 'x': 0.29, 'y': 6.484, 'r': 0.4, 'type': 1}]
28017,1398693897.2134287,[{'idp': 125, 'x': 0.27, 'y': 6.49, 'r': 0.4, 'type': 1}]
28018,1398693897.2497244,[{'idp': 125, 'x': 0.214, 'y': 6.466, 'r': 0.4, 'type': 1}]
28019,1398693897.2896895,[{'idp': 125, 'x': 0.228, 'y': 6.49, 'r': 0.4, 'type': 1}]
28020,1398693897.2897234,[{'idp': 125, 'x': 0.2, 'y': 6.497, 'r': 0.4, 'type': 1}]
28021,1398693897.3297222,[{'idp': 125, 'x': 0.199, 'y': 6.492, 'r': 0.4, 'type': 1}]
28022,1398693897.3383133,[{'idp': 125, 'x': 0.206, 'y': 6.516, 'r': 0.4, 'type': 1}]
28023,1398693897.3776937,[{'idp': 125, 'x': 0.206, 'y': 6.496, 'r': 0.4, 'type': 1}]
28024,1398693897.4176903,[{'idp': 125, 'x': 0.217, 'y': 6.501, 'r': 0.4, 'type': 1}]
28025,1398693897.4177253,[{'idp': 125, 'x': 0.195, 'y': 6.498, 'r': 0.4, 'type': 1}]
28026,1398693897.4617333,[{'idp': 125, 'x': 0.199, 'y': 6.502, 'r': 0.4, 'type': 1}]
28027,1398693897.4624746,[{'idp': 125, 'x': 0.215, 'y': 6.489, 'r': 0.4, 'type': 1}]
28028,1398693897.5016668,[{'idp': 125, 'x': 0.215, 'y': 6.495, 'r': 0.4, 'type': 1}]
28029,1398693897.54171,[{'idp': 125, 'x': 0.215, 'y': 6.495, 'r': 0.4, 'type': 1}]
28030,1398693897.5417416,[{'idp': 125, 'x': 0.195, 'y': 6.511, 'r': 0.4, 'type': 1}]
28031,1398693897.5817075,[{'idp': 125, 'x': 0.199, 'y': 6.51, 'r': 0.4, 'type': 1}]
28032,1398693897.5877025,[{'idp': 125, 'x': 0.228, 'y': 6.525, 'r': 0.4, 'type': 1}]
28033,1398693897.6256871,[{'idp': 125, 'x': 0.2, 'y': 6.537, 'r': 0.4, 'type': 1}]
28034,1398693897.6656842,[{'idp': 125, 'x': 0.199, 'y': 6.527, 'r': 0.4, 'type': 1}]
28035,1398693897.6657135,[{'idp': 125, 'x': 0.186, 'y': 6.545, 'r': 0.4, 'type': 1}]
28036,1398693897.7057383,[{'idp': 125, 'x': 0.185, 'y': 6.53, 'r': 0.4, 'type': 1}]
28037,1398693897.7119796,[{'idp': 125, 'x': 0.157, 'y': 6.523, 'r': 0.4, 'type': 1}]
28038,1398693897.7496872,[{'idp': 125, 'x': 0.157, 'y': 6.531, 'r': 0.4, 'type': 1}]
28039,1398693897.789714,[{'idp': 125, 'x': 0.143, 'y': 6.539, 'r': 0.4, 'type': 1}]
28040,1398693897.7897446,[{'idp': 125, 'x': 0.156, 'y': 6.519, 'r': 0.4, 'type': 1}]
28041,1398693897.829735,[{'idp': 125, 'x': 0.157, 'y': 6.524, 'r': 0.4, 'type': 1}]
28042,1398693897.8366637,[{'idp': 125, 'x': 0.129, 'y': 6.555, 'r': 0.4, 'type': 1}]
28043,1398693897.873725,[{'idp': 125, 'x': 0.1, 'y': 6.541, 'r': 0.4, 'type': 1}]
28044,1398693897.9136617,[{'idp': 125, 'x': 0.086, 'y': 6.54, 'r': 0.4, 'type': 1}]
28045,1398693897.9137206,[{'idp': 125, 'x': 0.071, 'y': 6.549, 'r': 0.4, 'type': 1}]
28046,1398693897.9537265,[{'idp': 125, 'x': 0.071, 'y': 6.548, 'r': 0.4, 'type': 1}]
28047,1398693897.9613245,[{'idp': 125, 'x': 0.071, 'y': 6.544, 'r': 0.4, 'type': 1}]
28048,1398693897.9976754,[{'idp': 125, 'x': 0.057, 'y': 6.528, 'r': 0.4, 'type': 1}]
28049,1398693898.037712,[{'idp': 125, 'x': 0.057, 'y': 6.552, 'r': 0.4, 'type': 1}]
28050,1398693898.0377388,[{'idp': 125, 'x': 0.043, 'y': 6.518, 'r': 0.4, 'type': 1}]
28051,1398693898.0777485,[{'idp': 125, 'x': 0.029, 'y': 6.535, 'r': 0.4, 'type': 1}]
28052,1398693898.0862057,[{'idp': 125, 'x': 0.029, 'y': 6.535, 'r': 0.4, 'type': 1}]
28053,1398693898.125733,[{'idp': 125, 'x': 0.029, 'y': 6.535, 'r': 0.4, 'type': 1}]
28054,1398693898.1658413,[{'idp': 125, 'x': 0.029, 'y': 6.535, 'r': 0.4, 'type': 1}]
28055,1398693898.1659014,[{'idp': 125, 'x': 0.029, 'y': 6.535, 'r': 0.4, 'type': 1}]
28056,1398693898.2057264,[{'idp': 125, 'x': 0.029, 'y': 6.535, 'r': 0.4, 'type': 1}]
28057,1398693898.2106857,[]
28058,1398693898.2497118,[]
28059,1398693898.2897859,[]
28060,1398693898.2898142,[]
28061,1398693898.3297715,[]
28062,1398693898.3355427,[]
28063,1398693898.3737848,[]
28064,1398693898.4137204,[]
28065,1398693898.4137487,[]
28066,1398693898.4537919,[]
28067,1398693898.463666,[]
28068,1398693898.501802,[]
28069,1398693898.5417535,[]
28070,1398693898.5417778,[]
28071,1398693898.581801,[]
28072,1398693898.5847366,[]
28073,1398693898.6216562,[]
28074,1398693898.661692,[]
28075,1398693898.6617723,[]
28076,1398693898.7017622,[]
28077,1398693898.709551,[]
28078,1398693898.7457025,[]
28079,1398693898.78566,[]
28080,1398693898.825789,[]
28081,1398693898.8258522,[]
28082,1398693898.865767,[]
28083,1398693898.8658082,[]
28084,1398693898.9057517,[]
28085,1398693898.9087923,[]
28086,1398693898.945679,[]
28087,1398693898.985643,[]
28088,1398693898.9856575,[]
28089,1398693899.025699,[]
28090,1398693899.033674,[]
28091,1398693899.0697265,[]
28092,1398693899.109685,[]
28093,1398693899.109713,[]
28094,1398693899.1497116,[]
28095,1398693899.1584466,[]
28096,1398693899.1976874,[]
28097,1398693899.2376707,[]
28098,1398693899.2377198,[]
28099,1398693899.2777135,[]
28100,1398693899.28332,[]
28101,1398693899.3216934,[]
28102,1398693899.361652,[]
28103,1398693899.3616683,[]
28104,1398693899.401647,[]
28105,1398693899.4075832,[]
28106,1398693899.445661,[]
28107,1398693899.485695,[]
28108,1398693899.4857244,[]
28109,1398693899.5257535,[]
28110,1398693899.5324416,[]
28111,1398693899.569819,[]
28112,1398693899.6097088,[]
28113,1398693899.6097398,[]
28114,1398693899.6497135,[]
28115,1398693899.6569169,[]
28116,1398693899.6938229,[]
28117,1398693899.733651,[]
28118,1398693899.7336826,[]
28119,1398693899.7736444,[]
28120,1398693899.7818165,[]
28121,1398693899.8216534,[]
28122,1398693899.8616948,[]
28123,1398693899.8617237,[]
28124,1398693899.9016802,[]
28125,1398693899.9062843,[]
28126,1398693899.9456608,[]
28127,1398693899.9857001,[]
28128,1398693899.9857304,[]
28129,1398693900.0257158,[]
28130,1398693900.0313423,[]
28131,1398693900.0697193,[]
28132,1398693900.1097155,[]
28133,1398693900.109745,[]
28134,1398693900.1497304,[]
28135,1398693900.1557202,[]
28136,1398693900.193742,[]
28137,1398693900.2337034,[]
28138,1398693900.2337325,[]
28139,1398693900.2737024,[]
28140,1398693900.2806275,[]
28141,1398693900.3177326,[]
28142,1398693900.3577683,[]
28143,1398693900.3578055,[]
28144,1398693900.3976762,[]
28145,1398693900.404965,[]
28146,1398693900.4417467,[]
28147,1398693900.4816892,[]
28148,1398693900.4817164,[]
28149,1398693900.5218058,[]
28150,1398693900.529821,[]
28151,1398693900.5697963,[]
28152,1398693900.6097612,[]
28153,1398693900.6097896,[]
28154,1398693900.6497557,[]
28155,1398693900.6545262,[]
28156,1398693900.693754,[]
28157,1398693900.7337208,[]
28158,1398693900.7337492,[]
28159,1398693900.773693,[]
28160,1398693900.7790608,[]
28161,1398693900.8177793,[]
28162,1398693900.8577685,[]
28163,1398693900.8578033,[]
28164,1398693900.8977199,[]
28165,1398693900.9036083,[]
28166,1398693900.9416234,[]
28167,1398693900.981667,[]
28168,1398693900.9816847,[]
28169,1398693901.0216963,[]
28170,1398693901.0286078,[]
28171,1398693901.0658321,[]
28172,1398693901.105733,[]
28173,1398693901.1057637,[]
28174,1398693901.1456928,[]
28175,1398693901.1531944,[]
28176,1398693901.1897442,[]
28177,1398693901.229723,[]
28178,1398693901.2297375,[]
28179,1398693901.2697127,[]
28180,1398693901.27763,[]
28181,1398693901.3177347,[]
28182,1398693901.357679,[]
28183,1398693901.357709,[]
28184,1398693901.397688,[]
28185,1398693901.4025702,[]
28186,1398693901.4417033,[]
28187,1398693901.4817514,[]
28188,1398693901.4817758,[]
28189,1398693901.521758,[]
28190,1398693901.5270174,[]
28191,1398693901.565698,[]
28192,1398693901.605745,[]
28193,1398693901.6057782,[]
28194,1398693901.6457045,[]
28195,1398693901.6518257,[]
28196,1398693901.6897144,[]
28197,1398693901.7296917,[]
28198,1398693901.7297208,[]
28199,1398693901.769695,[]
28200,1398693901.7767498,[]
28201,1398693901.8137028,[]
28202,1398693901.8537416,[]
28203,1398693901.8537662,[]
28204,1398693901.8937504,[]
28205,1398693901.90115,[]
28206,1398693901.9377317,[]
28207,1398693901.9776468,[]
28208,1398693901.9776692,[]
28209,1398693902.0177474,[]
28210,1398693902.0260162,[]
28211,1398693902.0656726,[]
28212,1398693902.1056828,[]
28213,1398693902.1057134,[]
28214,1398693902.1457226,[]
28215,1398693902.1507742,[]
28216,1398693902.1896896,[]
28217,1398693902.2296743,[]
28218,1398693902.2297068,[]
28219,1398693902.269707,[]
28220,1398693902.275314,[]
28221,1398693902.3137088,[]
28222,1398693902.3537195,[]
28223,1398693902.3537524,[]
28224,1398693902.3937562,[]
28225,1398693902.4001846,[]
28226,1398693902.4377172,[]
28227,1398693902.4776988,[]
28228,1398693902.4777334,[]
28229,1398693902.5176897,[]
28230,1398693902.5245664,[]
28231,1398693902.5616763,[]
28232,1398693902.6016424,[]
28233,1398693902.6016557,[]
28234,1398693902.641695,[]
28235,1398693902.6495981,[]
28236,1398693902.685707,[]
28237,1398693902.7256444,[]
28238,1398693902.7256696,[]
28239,1398693902.7657425,[]
28240,1398693902.7739117,[]
28241,1398693902.8137667,[]
28242,1398693902.8536963,[]
28243,1398693902.853722,[]
28244,1398693902.8936818,[]
28245,1398693902.8986375,[]
28246,1398693902.9376519,[]
28247,1398693902.9777172,[]
28248,1398693902.9777343,[]
28249,1398693903.0178225,[]
28250,1398693903.0232754,[]
28251,1398693903.0617151,[]
28252,1398693903.1017983,[]
28253,1398693903.1018221,[]
28254,1398693903.1417837,[]
28255,1398693903.1480644,[]
28256,1398693903.185696,[]
28257,1398693903.225698,[]
28258,1398693903.2257202,[]
28259,1398693903.2657201,[]
28260,1398693903.2729652,[]
28261,1398693903.3096995,[]
28262,1398693903.3496802,[]
28263,1398693903.3497107,[]
28264,1398693903.3897696,[]
28265,1398693903.3976939,[]
28266,1398693903.4376934,[]
28267,1398693903.477847,[]
28268,1398693903.477877,[]
28269,1398693903.517708,[]
28270,1398693903.5223465,[]
28271,1398693903.5616677,[]
28272,1398693903.6017091,[]
28273,1398693903.601739,[]
28274,1398693903.6416614,[]
28275,1398693903.646717,[]
28276,1398693903.6856701,[]
28277,1398693903.7256246,[]
28278,1398693903.7256486,[]
28279,1398693903.7657084,[]
28280,1398693903.7718544,[]
28281,1398693903.8097048,[]
28282,1398693903.8496943,[]
28283,1398693903.8497267,[]
28284,1398693903.889684,[]
28285,1398693903.8961406,[]
28286,1398693903.9337556,[]
28287,1398693903.9737139,[]
28288,1398693903.9737456,[]
28289,1398693904.0136824,[]
28290,1398693904.0215645,[]
28291,1398693904.057721,[]
28292,1398693904.097695,[]
28293,1398693904.097724,[]
28294,1398693904.1377616,[]
28295,1398693904.1464753,[]
28296,1398693904.185663,[]
28297,1398693904.225736,[]
28298,1398693904.2257693,[]
28299,1398693904.265718,[]
28300,1398693904.270788,[]
28301,1398693904.309687,[]
28302,1398693904.3498285,[]
28303,1398693904.3498492,[]
28304,1398693904.389697,[]
28305,1398693904.3963177,[]
28306,1398693904.433695,[]
28307,1398693904.4737551,[]
28308,1398693904.473791,[]
28309,1398693904.5136657,[]
28310,1398693904.5209527,[]
28311,1398693904.5576558,[]
28312,1398693904.5977004,[]
28313,1398693904.5977314,[]
28314,1398693904.6376889,[]
28315,1398693904.645939,[]
28316,1398693904.6857002,[]
28317,1398693904.7256672,[]
28318,1398693904.7256997,[]
28319,1398693904.7656972,[]
28320,1398693904.770567,[]
28321,1398693904.8096347,[]
28322,1398693904.8497057,[]
28323,1398693904.8497956,[]
28324,1398693904.8897574,[]
28325,1398693904.895221,[]
28326,1398693904.933635,[]
28327,1398693904.973616,[]
28328,1398693904.9736493,[]
28329,1398693905.0137484,[]
28330,1398693905.0201333,[]
28331,1398693905.0577142,[]
28332,1398693905.0976627,[]
28333,1398693905.0976884,[]
28334,1398693905.137707,[]
28335,1398693905.1448193,[]
28336,1398693905.1816862,[]
28337,1398693905.2216625,[]
28338,1398693905.2216926,[]
28339,1398693905.2617285,[]
28340,1398693905.269759,[]
28341,1398693905.309709,[]
28342,1398693905.3496892,[]
28343,1398693905.349721,[]
28344,1398693905.3897314,[]
28345,1398693905.3940883,[]
28346,1398693905.4336681,[]
28347,1398693905.4737544,[]
28348,1398693905.4737775,[]
28349,1398693905.5137036,[]
28350,1398693905.5187862,[]
28351,1398693905.5576694,[]
28352,1398693905.5977004,[]
28353,1398693905.5977316,[]
28354,1398693905.6377902,[]
28355,1398693905.6432955,[]
28356,1398693905.6817763,[]
28357,1398693905.7216413,[]
28358,1398693905.7216773,[]
28359,1398693905.7617633,[]
28360,1398693905.7679608,[]
28361,1398693905.8056386,[]
28362,1398693905.845665,[]
28363,1398693905.8456995,[]
28364,1398693905.885713,[]
28365,1398693905.8925416,[]
28366,1398693905.9297342,[]
28367,1398693905.9697185,[]
28368,1398693905.969746,[]
28369,1398693906.0096812,[]
28370,1398693906.0168083,[]
28371,1398693906.053708,[]
28372,1398693906.0937076,[]
28373,1398693906.0937386,[]
28374,1398693906.1337686,[]
28375,1398693906.1408122,[]
28376,1398693906.1776545,[]
28377,1398693906.217671,[]
28378,1398693906.2177038,[]
28379,1398693906.2577913,[]
28380,1398693906.265851,[{'idp': 127, 'x': 0.564, 'y': -3.069, 'r': 0.4, 'type': 1}, {'idp': 128, 'x': 0.731, 'y': -1.942, 'r': 0.4, 'type': 1}]
28381,1398693906.3057172,[{'idp': 127, 'x': 0.543, 'y': -2.983, 'r': 0.4, 'type': 1}, {'idp': 128, 'x': 0.689, 'y': -2.035, 'r': 0.4, 'type': 1}]
28382,1398693906.3456519,[{'idp': 127, 'x': 0.553, 'y': -2.989, 'r': 0.4, 'type': 1}, {'idp': 128, 'x': 0.701, 'y': -2.052, 'r': 0.4, 'type': 1}]
28383,1398693906.345688,[{'idp': 127, 'x': 0.557, 'y': -3.004, 'r': 0.4, 'type': 1}, {'idp': 128, 'x': 0.709, 'y': -2.057, 'r': 0.4, 'type': 1}]
28384,1398693906.3857088,[{'idp': 127, 'x': 0.588, 'y': -2.985, 'r': 0.4, 'type': 1}, {'idp': 128, 'x': 0.723, 'y': -2.066, 'r': 0.4, 'type': 1}]
28385,1398693906.3902173,[{'idp': 127, 'x': 0.593, 'y': -3.009, 'r': 0.4, 'type': 1}, {'idp': 128, 'x': 0.725, 'y': -2.079, 'r': 0.4, 'type': 1}]
28386,1398693906.429682,[{'idp': 127, 'x': 0.601, 'y': -2.989, 'r': 0.4, 'type': 1}, {'idp': 128, 'x': 0.732, 'y': -2.084, 'r': 0.4, 'type': 1}]
28387,1398693906.4696975,[{'idp': 127, 'x': 0.616, 'y': -3.001, 'r': 0.4, 'type': 1}, {'idp': 128, 'x': 0.728, 'y': -2.086, 'r': 0.4, 'type': 1}]
28388,1398693906.4697263,[{'idp': 127, 'x': 0.619, 'y': -3.023, 'r': 0.4, 'type': 1}, {'idp': 128, 'x': 0.742, 'y': -2.097, 'r': 0.4, 'type': 1}]
28389,1398693906.5096767,[{'idp': 127, 'x': 0.614, 'y': -3.033, 'r': 0.4, 'type': 1}, {'idp': 128, 'x': 0.746, 'y': -2.106, 'r': 0.4, 'type': 1}]
28390,1398693906.5143974,[{'idp': 127, 'x': 0.622, 'y': -3.041, 'r': 0.4, 'type': 1}, {'idp': 128, 'x': 0.739, 'y': -2.106, 'r': 0.4, 'type': 1}]
28391,1398693906.5536895,[{'idp': 127, 'x': 0.611, 'y': -3.055, 'r': 0.4, 'type': 1}, {'idp': 128, 'x': 0.759, 'y': -2.124, 'r': 0.4, 'type': 1}]
28392,1398693906.5936837,[{'idp': 127, 'x': 0.616, 'y': -3.093, 'r': 0.4, 'type': 1}, {'idp': 128, 'x': 0.774, 'y': -2.133, 'r': 0.4, 'type': 1}]
28393,1398693906.5937173,[{'idp': 127, 'x': 0.608, 'y': -3.125, 'r': 0.4, 'type': 1}, {'idp': 128, 'x': 0.785, 'y': -2.129, 'r': 0.4, 'type': 1}]
28394,1398693906.6338582,[{'idp': 127, 'x': 0.638, 'y': -3.132, 'r': 0.4, 'type': 1}, {'idp': 128, 'x': 0.806, 'y': -2.12, 'r': 0.4, 'type': 1}]
28395,1398693906.6393645,[{'idp': 127, 'x': 0.698, 'y': -3.117, 'r': 0.4, 'type': 1}, {'idp': 128, 'x': 0.834, 'y': -2.129, 'r': 0.4, 'type': 1}]
28396,1398693906.6776972,[{'idp': 127, 'x': 0.73, 'y': -3.106, 'r': 0.4, 'type': 1}, {'idp': 128, 'x': 0.857, 'y': -2.148, 'r': 0.4, 'type': 1}]
28397,1398693906.7176423,[{'idp': 127, 'x': 0.767, 'y': -3.086, 'r': 0.4, 'type': 1}, {'idp': 128, 'x': 0.873, 'y': -2.164, 'r': 0.4, 'type': 1}]
28398,1398693906.7176728,[{'idp': 127, 'x': 0.812, 'y': -3.069, 'r': 0.4, 'type': 1}, {'idp': 128, 'x': 0.892, 'y': -2.162, 'r': 0.4, 'type': 1}]
28399,1398693906.7577422,[{'idp': 127, 'x': 0.841, 'y': -3.038, 'r': 0.4, 'type': 1}, {'idp': 128, 'x': 0.902, 'y': -2.168, 'r': 0.4, 'type': 1}]
28400,1398693906.763948,[{'idp': 127, 'x': 0.837, 'y': -3.022, 'r': 0.4, 'type': 1}, {'idp': 128, 'x': 0.909, 'y': -2.168, 'r': 0.4, 'type': 1}]
28401,1398693906.801709,[{'idp': 127, 'x': 0.84, 'y': -2.977, 'r': 0.4, 'type': 1}, {'idp': 128, 'x': 0.926, 'y': -2.171, 'r': 0.4, 'type': 1}]
28402,1398693906.8416615,[{'idp': 127, 'x': 0.864, 'y': -3.01, 'r': 0.4, 'type': 1}, {'idp': 128, 'x': 0.951, 'y': -2.176, 'r': 0.4, 'type': 1}]
28403,1398693906.841691,[{'idp': 127, 'x': 0.879, 'y': -3.034, 'r': 0.4, 'type': 1}, {'idp': 128, 'x': 0.969, 'y': -2.18, 'r': 0.4, 'type': 1}]
28404,1398693906.8817239,[{'idp': 127, 'x': 0.903, 'y': -3.062, 'r': 0.4, 'type': 1}, {'idp': 128, 'x': 0.973, 'y': -2.161, 'r': 0.4, 'type': 1}]
28405,1398693906.8896105,[{'idp': 127, 'x': 0.924, 'y': -3.103, 'r': 0.4, 'type': 1}, {'idp': 128, 'x': 0.97, 'y': -2.141, 'r': 0.4, 'type': 1}]
28406,1398693906.9256806,[{'idp': 127, 'x': 0.934, 'y': -3.111, 'r': 0.4, 'type': 1}, {'idp': 128, 'x': 0.981, 'y': -2.164, 'r': 0.4, 'type': 1}]
28407,1398693906.9657073,[{'idp': 127, 'x': 0.958, 'y': -3.14, 'r': 0.4, 'type': 1}, {'idp': 128, 'x': 1.01, 'y': -2.199, 'r': 0.4, 'type': 1}]
28408,1398693906.9657364,[{'idp': 127, 'x': 0.963, 'y': -3.154, 'r': 0.4, 'type': 1}, {'idp': 128, 'x': 1.03, 'y': -2.228, 'r': 0.4, 'type': 1}]
28409,1398693907.0057015,[{'idp': 127, 'x': 0.971, 'y': -3.155, 'r': 0.4, 'type': 1}, {'idp': 128, 'x': 1.037, 'y': -2.241, 'r': 0.4, 'type': 1}]
28410,1398693907.013029,[{'idp': 127, 'x': 0.98, 'y': -3.156, 'r': 0.4, 'type': 1}, {'idp': 128, 'x': 1.057, 'y': -2.257, 'r': 0.4, 'type': 1}]
28411,1398693907.0497377,[{'idp': 127, 'x': 0.99, 'y': -3.166, 'r': 0.4, 'type': 1}, {'idp': 128, 'x': 1.079, 'y': -2.276, 'r': 0.4, 'type': 1}]
28412,1398693907.0896778,[{'idp': 127, 'x': 0.986, 'y': -3.157, 'r': 0.4, 'type': 1}, {'idp': 128, 'x': 1.087, 'y': -2.292, 'r': 0.4, 'type': 1}]
28413,1398693907.08971,[{'idp': 127, 'x': 0.997, 'y': -3.164, 'r': 0.4, 'type': 1}, {'idp': 128, 'x': 1.09, 'y': -2.287, 'r': 0.4, 'type': 1}]
28414,1398693907.1297202,[{'idp': 127, 'x': 0.99, 'y': -3.155, 'r': 0.4, 'type': 1}, {'idp': 128, 'x': 1.098, 'y': -2.304, 'r': 0.4, 'type': 1}]
28415,1398693907.1378143,[{'idp': 127, 'x': 0.996, 'y': -3.166, 'r': 0.4, 'type': 1}, {'idp': 128, 'x': 1.089, 'y': -2.299, 'r': 0.4, 'type': 1}]
28416,1398693907.1777525,[{'idp': 127, 'x': 0.991, 'y': -3.177, 'r': 0.4, 'type': 1}, {'idp': 128, 'x': 1.095, 'y': -2.309, 'r': 0.4, 'type': 1}]
28417,1398693907.2176871,[{'idp': 127, 'x': 1.003, 'y': -3.185, 'r': 0.4, 'type': 1}, {'idp': 128, 'x': 1.095, 'y': -2.323, 'r': 0.4, 'type': 1}]
28418,1398693907.2177155,[{'idp': 127, 'x': 1.007, 'y': -3.175, 'r': 0.4, 'type': 1}, {'idp': 128, 'x': 1.097, 'y': -2.316, 'r': 0.4, 'type': 1}]
28419,1398693907.2577488,[{'idp': 127, 'x': 1.013, 'y': -3.151, 'r': 0.4, 'type': 1}, {'idp': 128, 'x': 1.109, 'y': -2.316, 'r': 0.4, 'type': 1}]
28420,1398693907.2627497,[{'idp': 127, 'x': 1.02, 'y': -3.128, 'r': 0.4, 'type': 1}, {'idp': 128, 'x': 1.142, 'y': -2.329, 'r': 0.4, 'type': 1}]
28421,1398693907.3017125,[{'idp': 127, 'x': 1.036, 'y': -3.112, 'r': 0.4, 'type': 1}, {'idp': 128, 'x': 1.154, 'y': -2.331, 'r': 0.4, 'type': 1}]
28422,1398693907.3417413,[{'idp': 127, 'x': 1.043, 'y': -3.115, 'r': 0.4, 'type': 1}, {'idp': 128, 'x': 1.154, 'y': -2.32, 'r': 0.4, 'type': 1}]
28423,1398693907.3417718,[{'idp': 127, 'x': 1.045, 'y': -3.1, 'r': 0.4, 'type': 1}, {'idp': 128, 'x': 1.144, 'y': -2.315, 'r': 0.4, 'type': 1}]
28424,1398693907.3817332,[{'idp': 127, 'x': 1.075, 'y': -3.121, 'r': 0.4, 'type': 1}, {'idp': 128, 'x': 1.145, 'y': -2.306, 'r': 0.4, 'type': 1}]
28425,1398693907.3875823,[{'idp': 127, 'x': 1.114, 'y': -3.17, 'r': 0.4, 'type': 1}, {'idp': 128, 'x': 1.148, 'y': -2.277, 'r': 0.4, 'type': 1}]
28426,1398693907.4257147,[{'idp': 127, 'x': 1.155, 'y': -3.224, 'r': 0.4, 'type': 1}, {'idp': 128, 'x': 1.191, 'y': -2.3, 'r': 0.4, 'type': 1}]
28427,1398693907.4657216,[{'idp': 127, 'x': 1.18, 'y': -3.246, 'r': 0.4, 'type': 1}, {'idp': 128, 'x': 1.225, 'y': -2.343, 'r': 0.4, 'type': 1}]
28428,1398693907.4657526,[{'idp': 127, 'x': 1.198, 'y': -3.273, 'r': 0.4, 'type': 1}, {'idp': 128, 'x': 1.253, 'y': -2.384, 'r': 0.4, 'type': 1}]
28429,1398693907.5057144,[{'idp': 127, 'x': 1.233, 'y': -3.279, 'r': 0.4, 'type': 1}, {'idp': 128, 'x': 1.277, 'y': -2.418, 'r': 0.4, 'type': 1}]
28430,1398693907.5118287,[{'idp': 127, 'x': 1.244, 'y': -3.306, 'r': 0.4, 'type': 1}, {'idp': 128, 'x': 1.298, 'y': -2.431, 'r': 0.4, 'type': 1}]
28431,1398693907.5497205,[{'idp': 127, 'x': 1.256, 'y': -3.31, 'r': 0.4, 'type': 1}, {'idp': 128, 'x': 1.314, 'y': -2.458, 'r': 0.4, 'type': 1}]
28432,1398693907.5896757,[{'idp': 127, 'x': 1.263, 'y': -3.323, 'r': 0.4, 'type': 1}, {'idp': 128, 'x': 1.311, 'y': -2.452, 'r': 0.4, 'type': 1}]
28433,1398693907.589708,[{'idp': 127, 'x': 1.246, 'y': -3.324, 'r': 0.4, 'type': 1}, {'idp': 128, 'x': 1.33, 'y': -2.473, 'r': 0.4, 'type': 1}]
28434,1398693907.6297476,[{'idp': 127, 'x': 1.245, 'y': -3.331, 'r': 0.4, 'type': 1}, {'idp': 128, 'x': 1.349, 'y': -2.479, 'r': 0.4, 'type': 1}]
28435,1398693907.6364267,[{'idp': 127, 'x': 1.258, 'y': -3.345, 'r': 0.4, 'type': 1}, {'idp': 128, 'x': 1.362, 'y': -2.475, 'r': 0.4, 'type': 1}]
28436,1398693907.673701,[{'idp': 127, 'x': 1.254, 'y': -3.347, 'r': 0.4, 'type': 1}, {'idp': 128, 'x': 1.381, 'y': -2.493, 'r': 0.4, 'type': 1}]
28437,1398693907.713784,[{'idp': 127, 'x': 1.235, 'y': -3.363, 'r': 0.4, 'type': 1}, {'idp': 128, 'x': 1.386, 'y': -2.487, 'r': 0.4, 'type': 1}]
28438,1398693907.7138278,[{'idp': 127, 'x': 1.231, 'y': -3.385, 'r': 0.4, 'type': 1}, {'idp': 128, 'x': 1.394, 'y': -2.503, 'r': 0.4, 'type': 1}]
28439,1398693907.7536895,[{'idp': 127, 'x': 1.226, 'y': -3.374, 'r': 0.4, 'type': 1}, {'idp': 128, 'x': 1.407, 'y': -2.51, 'r': 0.4, 'type': 1}]
28440,1398693907.7616003,[{'idp': 127, 'x': 1.222, 'y': -3.403, 'r': 0.4, 'type': 1}, {'idp': 128, 'x': 1.407, 'y': -2.532, 'r': 0.4, 'type': 1}]
28441,1398693907.7976818,[{'idp': 127, 'x': 1.216, 'y': -3.377, 'r': 0.4, 'type': 1}, {'idp': 128, 'x': 1.422, 'y': -2.519, 'r': 0.4, 'type': 1}]
28442,1398693907.837677,[{'idp': 127, 'x': 1.222, 'y': -3.39, 'r': 0.4, 'type': 1}, {'idp': 128, 'x': 1.416, 'y': -2.518, 'r': 0.4, 'type': 1}]
28443,1398693907.8377068,[{'idp': 127, 'x': 1.239, 'y': -3.394, 'r': 0.4, 'type': 1}, {'idp': 128, 'x': 1.441, 'y': -2.526, 'r': 0.4, 'type': 1}]
28444,1398693907.8777397,[{'idp': 127, 'x': 1.233, 'y': -3.413, 'r': 0.4, 'type': 1}, {'idp': 128, 'x': 1.437, 'y': -2.541, 'r': 0.4, 'type': 1}]
28445,1398693907.886586,[{'idp': 127, 'x': 1.265, 'y': -3.418, 'r': 0.4, 'type': 1}, {'idp': 128, 'x': 1.449, 'y': -2.538, 'r': 0.4, 'type': 1}]
28446,1398693907.925734,[{'idp': 127, 'x': 1.298, 'y': -3.403, 'r': 0.4, 'type': 1}, {'idp': 128, 'x': 1.455, 'y': -2.544, 'r': 0.4, 'type': 1}]
28447,1398693907.9657156,[{'idp': 127, 'x': 1.328, 'y': -3.434, 'r': 0.4, 'type': 1}, {'idp': 128, 'x': 1.475, 'y': -2.551, 'r': 0.4, 'type': 1}]
28448,1398693907.965745,[{'idp': 127, 'x': 1.359, 'y': -3.429, 'r': 0.4, 'type': 1}, {'idp': 128, 'x': 1.491, 'y': -2.555, 'r': 0.4, 'type': 1}]
28449,1398693908.0056489,[{'idp': 127, 'x': 1.402, 'y': -3.431, 'r': 0.4, 'type': 1}, {'idp': 128, 'x': 1.51, 'y': -2.571, 'r': 0.4, 'type': 1}]
28450,1398693908.010565,[{'idp': 127, 'x': 1.406, 'y': -3.444, 'r': 0.4, 'type': 1}, {'idp': 128, 'x': 1.52, 'y': -2.57, 'r': 0.4, 'type': 1}]
28451,1398693908.0496426,[{'idp': 127, 'x': 1.414, 'y': -3.443, 'r': 0.4, 'type': 1}, {'idp': 128, 'x': 1.537, 'y': -2.586, 'r': 0.4, 'type': 1}]
28452,1398693908.0896785,[{'idp': 127, 'x': 1.439, 'y': -3.454, 'r': 0.4, 'type': 1}, {'idp': 128, 'x': 1.552, 'y': -2.586, 'r': 0.4, 'type': 1}]
28453,1398693908.0897126,[{'idp': 127, 'x': 1.451, 'y': -3.463, 'r': 0.4, 'type': 1}, {'idp': 128, 'x': 1.565, 'y': -2.58, 'r': 0.4, 'type': 1}]
28454,1398693908.1297243,[{'idp': 127, 'x': 1.464, 'y': -3.452, 'r': 0.4, 'type': 1}, {'idp': 128, 'x': 1.593, 'y': -2.588, 'r': 0.4, 'type': 1}]
28455,1398693908.1353633,[{'idp': 127, 'x': 1.482, 'y': -3.454, 'r': 0.4, 'type': 1}, {'idp': 128, 'x': 1.603, 'y': -2.591, 'r': 0.4, 'type': 1}]
28456,1398693908.1739266,[{'idp': 127, 'x': 1.483, 'y': -3.456, 'r': 0.4, 'type': 1}, {'idp': 128, 'x': 1.611, 'y': -2.605, 'r': 0.4, 'type': 1}]
28457,1398693908.2136416,[{'idp': 127, 'x': 1.488, 'y': -3.447, 'r': 0.4, 'type': 1}, {'idp': 128, 'x': 1.623, 'y': -2.599, 'r': 0.4, 'type': 1}]
28458,1398693908.213672,[{'idp': 127, 'x': 1.499, 'y': -3.429, 'r': 0.4, 'type': 1}, {'idp': 128, 'x': 1.619, 'y': -2.567, 'r': 0.4, 'type': 1}]
28459,1398693908.2536495,[{'idp': 127, 'x': 1.497, 'y': -3.383, 'r': 0.4, 'type': 1}, {'idp': 128, 'x': 1.621, 'y': -2.556, 'r': 0.4, 'type': 1}]
28460,1398693908.2598212,[{'idp': 127, 'x': 1.478, 'y': -3.38, 'r': 0.4, 'type': 1}, {'idp': 128, 'x': 1.641, 'y': -2.573, 'r': 0.4, 'type': 1}]
28461,1398693908.2976243,[{'idp': 127, 'x': 1.514, 'y': -3.438, 'r': 0.4, 'type': 1}, {'idp': 128, 'x': 1.657, 'y': -2.597, 'r': 0.4, 'type': 1}]
28462,1398693908.337694,[{'idp': 127, 'x': 1.535, 'y': -3.462, 'r': 0.4, 'type': 1}, {'idp': 128, 'x': 1.684, 'y': -2.626, 'r': 0.4, 'type': 1}]
28463,1398693908.3377256,[{'idp': 127, 'x': 1.541, 'y': -3.476, 'r': 0.4, 'type': 1}, {'idp': 128, 'x': 1.693, 'y': -2.639, 'r': 0.4, 'type': 1}]
28464,1398693908.3777144,[{'idp': 127, 'x': 1.572, 'y': -3.501, 'r': 0.4, 'type': 1}, {'idp': 128, 'x': 1.72, 'y': -2.654, 'r': 0.4, 'type': 1}]
28465,1398693908.3848164,[{'idp': 127, 'x': 1.585, 'y': -3.509, 'r': 0.4, 'type': 1}, {'idp': 128, 'x': 1.751, 'y': -2.688, 'r': 0.4, 'type': 1}]
28466,1398693908.4216971,[{'idp': 127, 'x': 1.592, 'y': -3.522, 'r': 0.4, 'type': 1}, {'idp': 128, 'x': 1.731, 'y': -2.656, 'r': 0.4, 'type': 1}]
28467,1398693908.461773,[{'idp': 127, 'x': 1.618, 'y': -3.539, 'r': 0.4, 'type': 1}, {'idp': 128, 'x': 1.747, 'y': -2.668, 'r': 0.4, 'type': 1}]
28468,1398693908.4618015,[{'idp': 127, 'x': 1.614, 'y': -3.53, 'r': 0.4, 'type': 1}, {'idp': 128, 'x': 1.739, 'y': -2.659, 'r': 0.4, 'type': 1}]
28469,1398693908.5017507,[{'idp': 127, 'x': 1.624, 'y': -3.531, 'r': 0.4, 'type': 1}, {'idp': 128, 'x': 1.738, 'y': -2.656, 'r': 0.4, 'type': 1}]
28470,1398693908.5092833,[{'idp': 127, 'x': 1.612, 'y': -3.528, 'r': 0.4, 'type': 1}, {'idp': 128, 'x': 1.753, 'y': -2.681, 'r': 0.4, 'type': 1}]
28471,1398693908.5456898,[{'idp': 127, 'x': 1.624, 'y': -3.531, 'r': 0.4, 'type': 1}, {'idp': 128, 'x': 1.751, 'y': -2.667, 'r': 0.4, 'type': 1}]
28472,1398693908.5857463,[{'idp': 127, 'x': 1.619, 'y': -3.521, 'r': 0.4, 'type': 1}, {'idp': 128, 'x': 1.763, 'y': -2.67, 'r': 0.4, 'type': 1}]
28473,1398693908.585768,[{'idp': 127, 'x': 1.627, 'y': -3.523, 'r': 0.4, 'type': 1}, {'idp': 128, 'x': 1.778, 'y': -2.68, 'r': 0.4, 'type': 1}]
28474,1398693908.6257505,[{'idp': 127, 'x': 1.637, 'y': -3.52, 'r': 0.4, 'type': 1}, {'idp': 128, 'x': 1.781, 'y': -2.687, 'r': 0.4, 'type': 1}]
28475,1398693908.634076,[{'idp': 127, 'x': 1.64, 'y': -3.531, 'r': 0.4, 'type': 1}, {'idp': 128, 'x': 1.801, 'y': -2.69, 'r': 0.4, 'type': 1}]
28476,1398693908.6737123,[{'idp': 127, 'x': 1.639, 'y': -3.529, 'r': 0.4, 'type': 1}, {'idp': 128, 'x': 1.795, 'y': -2.67, 'r': 0.4, 'type': 1}]
28477,1398693908.7137203,[{'idp': 127, 'x': 1.653, 'y': -3.533, 'r': 0.4, 'type': 1}, {'idp': 128, 'x': 1.808, 'y': -2.664, 'r': 0.4, 'type': 1}]
28478,1398693908.7137535,[{'idp': 127, 'x': 1.66, 'y': -3.529, 'r': 0.4, 'type': 1}, {'idp': 128, 'x': 1.814, 'y': -2.66, 'r': 0.4, 'type': 1}]
28479,1398693908.753741,[{'idp': 127, 'x': 1.671, 'y': -3.515, 'r': 0.4, 'type': 1}, {'idp': 128, 'x': 1.807, 'y': -2.641, 'r': 0.4, 'type': 1}]
28480,1398693908.7588131,[{'idp': 127, 'x': 1.664, 'y': -3.502, 'r': 0.4, 'type': 1}, {'idp': 128, 'x': 1.819, 'y': -2.635, 'r': 0.4, 'type': 1}]
28481,1398693908.7977238,[{'idp': 127, 'x': 1.665, 'y': -3.505, 'r': 0.4, 'type': 1}, {'idp': 128, 'x': 1.864, 'y': -2.689, 'r': 0.4, 'type': 1}]
28482,1398693908.8377388,[{'idp': 127, 'x': 1.679, 'y': -3.515, 'r': 0.4, 'type': 1}, {'idp': 128, 'x': 1.889, 'y': -2.7, 'r': 0.4, 'type': 1}]
28483,1398693908.837774,[{'idp': 127, 'x': 1.672, 'y': -3.483, 'r': 0.4, 'type': 1}, {'idp': 128, 'x': 1.924, 'y': -2.724, 'r': 0.4, 'type': 1}]
28484,1398693908.8777766,[{'idp': 127, 'x': 1.715, 'y': -3.477, 'r': 0.4, 'type': 1}, {'idp': 128, 'x': 1.94, 'y': -2.734, 'r': 0.4, 'type': 1}]
28485,1398693908.8834443,[{'idp': 127, 'x': 1.758, 'y': -3.528, 'r': 0.4, 'type': 1}, {'idp': 128, 'x': 1.96, 'y': -2.734, 'r': 0.4, 'type': 1}]
28486,1398693908.9216852,[{'idp': 127, 'x': 1.785, 'y': -3.564, 'r': 0.4, 'type': 1}, {'idp': 128, 'x': 1.972, 'y': -2.748, 'r': 0.4, 'type': 1}]
28487,1398693908.9617512,[{'idp': 127, 'x': 1.818, 'y': -3.591, 'r': 0.4, 'type': 1}, {'idp': 128, 'x': 1.994, 'y': -2.752, 'r': 0.4, 'type': 1}]
28488,1398693908.9617808,[{'idp': 127, 'x': 1.84, 'y': -3.575, 'r': 0.4, 'type': 1}, {'idp': 128, 'x': 2.023, 'y': -2.747, 'r': 0.4, 'type': 1}]
28489,1398693909.0016654,[{'idp': 127, 'x': 1.859, 'y': -3.592, 'r': 0.4, 'type': 1}, {'idp': 128, 'x': 2.003, 'y': -2.749, 'r': 0.4, 'type': 1}]
28490,1398693909.0080848,[{'idp': 127, 'x': 1.877, 'y': -3.609, 'r': 0.4, 'type': 1}, {'idp': 128, 'x': 2.028, 'y': -2.761, 'r': 0.4, 'type': 1}]
28491,1398693909.045713,[{'idp': 127, 'x': 1.897, 'y': -3.622, 'r': 0.4, 'type': 1}, {'idp': 128, 'x': 2.045, 'y': -2.785, 'r': 0.4, 'type': 1}]
28492,1398693909.0856888,[{'idp': 127, 'x': 1.903, 'y': -3.611, 'r': 0.4, 'type': 1}, {'idp': 128, 'x': 2.054, 'y': -2.781, 'r': 0.4, 'type': 1}]
28493,1398693909.0857184,[{'idp': 127, 'x': 1.93, 'y': -3.62, 'r': 0.4, 'type': 1}, {'idp': 128, 'x': 2.066, 'y': -2.782, 'r': 0.4, 'type': 1}]
28494,1398693909.125718,[{'idp': 127, 'x': 1.951, 'y': -3.625, 'r': 0.4, 'type': 1}, {'idp': 128, 'x': 2.078, 'y': -2.791, 'r': 0.4, 'type': 1}]
28495,1398693909.1329682,[{'idp': 127, 'x': 1.945, 'y': -3.62, 'r': 0.4, 'type': 1}, {'idp': 128, 'x': 2.079, 'y': -2.799, 'r': 0.4, 'type': 1}]
28496,1398693909.1697018,[{'idp': 127, 'x': 1.956, 'y': -3.636, 'r': 0.4, 'type': 1}, {'idp': 128, 'x': 2.063, 'y': -2.801, 'r': 0.4, 'type': 1}]
28497,1398693909.209713,[{'idp': 127, 'x': 1.949, 'y': -3.65, 'r': 0.4, 'type': 1}, {'idp': 128, 'x': 2.072, 'y': -2.803, 'r': 0.4, 'type': 1}]
28498,1398693909.2097445,[{'idp': 127, 'x': 1.964, 'y': -3.647, 'r': 0.4, 'type': 1}, {'idp': 128, 'x': 2.106, 'y': -2.813, 'r': 0.4, 'type': 1}]
28499,1398693909.2498865,[{'idp': 127, 'x': 1.964, 'y': -3.666, 'r': 0.4, 'type': 1}, {'idp': 128, 'x': 2.099, 'y': -2.813, 'r': 0.4, 'type': 1}]
28500,1398693909.258123,[{'idp': 127, 'x': 1.973, 'y': -3.655, 'r': 0.4, 'type': 1}, {'idp': 128, 'x': 2.124, 'y': -2.822, 'r': 0.4, 'type': 1}]
28501,1398693909.2976992,[{'idp': 127, 'x': 1.954, 'y': -3.678, 'r': 0.4, 'type': 1}, {'idp': 128, 'x': 2.126, 'y': -2.811, 'r': 0.4, 'type': 1}]
28502,1398693909.3376448,[{'idp': 127, 'x': 1.984, 'y': -3.674, 'r': 0.4, 'type': 1}, {'idp': 128, 'x': 2.13, 'y': -2.812, 'r': 0.4, 'type': 1}]
28503,1398693909.3376749,[{'idp': 127, 'x': 1.979, 'y': -3.685, 'r': 0.4, 'type': 1}, {'idp': 128, 'x': 2.144, 'y': -2.821, 'r': 0.4, 'type': 1}]
28504,1398693909.3777409,[{'idp': 127, 'x': 1.992, 'y': -3.68, 'r': 0.4, 'type': 1}, {'idp': 128, 'x': 2.16, 'y': -2.834, 'r': 0.4, 'type': 1}]
28505,1398693909.3821678,[{'idp': 127, 'x': 2.003, 'y': -3.683, 'r': 0.4, 'type': 1}, {'idp': 128, 'x': 2.168, 'y': -2.842, 'r': 0.4, 'type': 1}]
28506,1398693909.4216712,[{'idp': 127, 'x': 2.018, 'y': -3.7, 'r': 0.4, 'type': 1}, {'idp': 128, 'x': 2.184, 'y': -2.852, 'r': 0.4, 'type': 1}]
28507,1398693909.4616902,[{'idp': 127, 'x': 2.037, 'y': -3.696, 'r': 0.4, 'type': 1}, {'idp': 128, 'x': 2.21, 'y': -2.857, 'r': 0.4, 'type': 1}]
28508,1398693909.4617467,[{'idp': 127, 'x': 2.058, 'y': -3.715, 'r': 0.4, 'type': 1}, {'idp': 128, 'x': 2.218, 'y': -2.854, 'r': 0.4, 'type': 1}]
28509,1398693909.501746,[{'idp': 127, 'x': 2.056, 'y': -3.713, 'r': 0.4, 'type': 1}, {'idp': 128, 'x': 2.23, 'y': -2.867, 'r': 0.4, 'type': 1}]
28510,1398693909.5070908,[{'idp': 127, 'x': 2.051, 'y': -3.722, 'r': 0.4, 'type': 1}, {'idp': 128, 'x': 2.238, 'y': -2.865, 'r': 0.4, 'type': 1}]
28511,1398693909.5456717,[{'idp': 127, 'x': 2.068, 'y': -3.73, 'r': 0.4, 'type': 1}, {'idp': 128, 'x': 2.247, 'y': -2.877, 'r': 0.4, 'type': 1}]
28512,1398693909.5856807,[{'idp': 127, 'x': 2.092, 'y': -3.736, 'r': 0.4, 'type': 1}, {'idp': 128, 'x': 2.266, 'y': -2.877, 'r': 0.4, 'type': 1}]
28513,1398693909.585713,[{'idp': 127, 'x': 2.109, 'y': -3.73, 'r': 0.4, 'type': 1}, {'idp': 128, 'x': 2.283, 'y': -2.885, 'r': 0.4, 'type': 1}]
28514,1398693909.625759,[{'idp': 127, 'x': 2.114, 'y': -3.739, 'r': 0.4, 'type': 1}, {'idp': 128, 'x': 2.285, 'y': -2.887, 'r': 0.4, 'type': 1}]
28515,1398693909.6315699,[{'idp': 127, 'x': 2.113, 'y': -3.738, 'r': 0.4, 'type': 1}, {'idp': 128, 'x': 2.28, 'y': -2.88, 'r': 0.4, 'type': 1}]
28516,1398693909.6697135,[{'idp': 127, 'x': 2.133, 'y': -3.734, 'r': 0.4, 'type': 1}, {'idp': 128, 'x': 2.279, 'y': -2.893, 'r': 0.4, 'type': 1}]
28517,1398693909.7097256,[{'idp': 127, 'x': 2.134, 'y': -3.717, 'r': 0.4, 'type': 1}, {'idp': 128, 'x': 2.252, 'y': -2.832, 'r': 0.4, 'type': 1}]
28518,1398693909.7098045,[{'idp': 127, 'x': 2.146, 'y': -3.7, 'r': 0.4, 'type': 1}, {'idp': 128, 'x': 2.243, 'y': -2.807, 'r': 0.4, 'type': 1}]
28519,1398693909.7497458,[{'idp': 127, 'x': 2.134, 'y': -3.659, 'r': 0.4, 'type': 1}, {'idp': 128, 'x': 2.282, 'y': -2.854, 'r': 0.4, 'type': 1}]
28520,1398693909.7565756,[{'idp': 127, 'x': 2.13, 'y': -3.671, 'r': 0.4, 'type': 1}, {'idp': 128, 'x': 2.294, 'y': -2.882, 'r': 0.4, 'type': 1}]
28521,1398693909.793679,[{'idp': 127, 'x': 2.154, 'y': -3.691, 'r': 0.4, 'type': 1}, {'idp': 128, 'x': 2.311, 'y': -2.903, 'r': 0.4, 'type': 1}]
28522,1398693909.833695,[{'idp': 127, 'x': 2.165, 'y': -3.71, 'r': 0.4, 'type': 1}, {'idp': 128, 'x': 2.318, 'y': -2.911, 'r': 0.4, 'type': 1}]
28523,1398693909.8337245,[{'idp': 127, 'x': 2.186, 'y': -3.726, 'r': 0.4, 'type': 1}, {'idp': 128, 'x': 2.321, 'y': -2.913, 'r': 0.4, 'type': 1}]
28524,1398693909.873797,[{'idp': 127, 'x': 2.21, 'y': -3.747, 'r': 0.4, 'type': 1}, {'idp': 128, 'x': 2.336, 'y': -2.932, 'r': 0.4, 'type': 1}]
28525,1398693909.8809557,[{'idp': 127, 'x': 2.238, 'y': -3.774, 'r': 0.4, 'type': 1}, {'idp': 128, 'x': 2.331, 'y': -2.926, 'r': 0.4, 'type': 1}]
28526,1398693909.9177408,[{'idp': 127, 'x': 2.234, 'y': -3.785, 'r': 0.4, 'type': 1}, {'idp': 128, 'x': 2.354, 'y': -2.956, 'r': 0.4, 'type': 1}]
28527,1398693909.9576893,[{'idp': 127, 'x': 2.252, 'y': -3.817, 'r': 0.4, 'type': 1}, {'idp': 128, 'x': 2.359, 'y': -2.961, 'r': 0.4, 'type': 1}]
28528,1398693909.9577181,[{'idp': 127, 'x': 2.264, 'y': -3.817, 'r': 0.4, 'type': 1}, {'idp': 128, 'x': 2.36, 'y': -2.963, 'r': 0.4, 'type': 1}]
28529,1398693909.9977171,[{'idp': 127, 'x': 2.272, 'y': -3.811, 'r': 0.4, 'type': 1}, {'idp': 128, 'x': 2.376, 'y': -2.958, 'r': 0.4, 'type': 1}]
28530,1398693910.0056975,[{'idp': 127, 'x': 2.273, 'y': -3.813, 'r': 0.4, 'type': 1}, {'idp': 128, 'x': 2.325, 'y': -2.91, 'r': 0.4, 'type': 1}]
28531,1398693910.0456986,[{'idp': 127, 'x': 2.282, 'y': -3.828, 'r': 0.4, 'type': 1}, {'idp': 128, 'x': 2.365, 'y': -2.933, 'r': 0.4, 'type': 1}]
28532,1398693910.0856931,[{'idp': 127, 'x': 2.273, 'y': -3.813, 'r': 0.4, 'type': 1}, {'idp': 128, 'x': 2.396, 'y': -2.946, 'r': 0.4, 'type': 1}]
28533,1398693910.0857182,[{'idp': 127, 'x': 2.269, 'y': -3.808, 'r': 0.4, 'type': 1}, {'idp': 128, 'x': 2.433, 'y': -3.006, 'r': 0.4, 'type': 1}]
28534,1398693910.1257913,[{'idp': 127, 'x': 2.267, 'y': -3.787, 'r': 0.4, 'type': 1}, {'idp': 128, 'x': 2.471, 'y': -3.039, 'r': 0.4, 'type': 1}]
28535,1398693910.1301095,[{'idp': 127, 'x': 2.268, 'y': -3.772, 'r': 0.4, 'type': 1}, {'idp': 128, 'x': 2.502, 'y': -3.064, 'r': 0.4, 'type': 1}]
28536,1398693910.169658,[{'idp': 127, 'x': 2.27, 'y': -3.758, 'r': 0.4, 'type': 1}, {'idp': 128, 'x': 2.528, 'y': -3.11, 'r': 0.4, 'type': 1}]
28537,1398693910.20972,[{'idp': 127, 'x': 2.261, 'y': -3.726, 'r': 0.4, 'type': 1}, {'idp': 128, 'x': 2.534, 'y': -3.103, 'r': 0.4, 'type': 1}]
28538,1398693910.2097518,[{'idp': 127, 'x': 2.275, 'y': -3.749, 'r': 0.4, 'type': 1}, {'idp': 128, 'x': 2.556, 'y': -3.115, 'r': 0.4, 'type': 1}]
28539,1398693910.2497187,[{'idp': 127, 'x': 2.309, 'y': -3.788, 'r': 0.4, 'type': 1}, {'idp': 128, 'x': 2.565, 'y': -3.154, 'r': 0.4, 'type': 1}]
28540,1398693910.2658358,[{'idp': 127, 'x': 2.346, 'y': -3.85, 'r': 0.4, 'type': 1}, {'idp': 128, 'x': 2.588, 'y': -3.154, 'r': 0.4, 'type': 1}]
28541,1398693910.3057117,[{'idp': 127, 'x': 2.368, 'y': -3.867, 'r': 0.4, 'type': 1}, {'idp': 128, 'x': 2.61, 'y': -3.177, 'r': 0.4, 'type': 1}]
28542,1398693910.3057697,[{'idp': 127, 'x': 2.389, 'y': -3.883, 'r': 0.4, 'type': 1}, {'idp': 128, 'x': 2.614, 'y': -3.184, 'r': 0.4, 'type': 1}]
28543,1398693910.3456733,[{'idp': 127, 'x': 2.413, 'y': -3.903, 'r': 0.4, 'type': 1}, {'idp': 128, 'x': 2.609, 'y': -3.181, 'r': 0.4, 'type': 1}]
28544,1398693910.3553276,[{'idp': 127, 'x': 2.419, 'y': -3.911, 'r': 0.4, 'type': 1}, {'idp': 128, 'x': 2.593, 'y': -3.182, 'r': 0.4, 'type': 1}]
28545,1398693910.39363,[{'idp': 127, 'x': 2.449, 'y': -3.922, 'r': 0.4, 'type': 1}, {'idp': 128, 'x': 2.642, 'y': -3.186, 'r': 0.4, 'type': 1}]
28546,1398693910.4337313,[{'idp': 127, 'x': 2.466, 'y': -3.93, 'r': 0.4, 'type': 1}, {'idp': 128, 'x': 2.671, 'y': -3.2, 'r': 0.4, 'type': 1}]
28547,1398693910.433763,[{'idp': 127, 'x': 2.481, 'y': -3.953, 'r': 0.4, 'type': 1}, {'idp': 128, 'x': 2.67, 'y': -3.202, 'r': 0.4, 'type': 1}]
28548,1398693910.4737415,[{'idp': 127, 'x': 2.492, 'y': -3.951, 'r': 0.4, 'type': 1}, {'idp': 128, 'x': 2.678, 'y': -3.213, 'r': 0.4, 'type': 1}]
28549,1398693910.4792771,[{'idp': 127, 'x': 2.505, 'y': -3.952, 'r': 0.4, 'type': 1}, {'idp': 128, 'x': 2.703, 'y': -3.228, 'r': 0.4, 'type': 1}]
28550,1398693910.5176814,[{'idp': 127, 'x': 2.512, 'y': -3.976, 'r': 0.4, 'type': 1}, {'idp': 128, 'x': 2.685, 'y': -3.22, 'r': 0.4, 'type': 1}]
28551,1398693910.5576942,[{'idp': 127, 'x': 2.512, 'y': -3.974, 'r': 0.4, 'type': 1}, {'idp': 128, 'x': 2.692, 'y': -3.243, 'r': 0.4, 'type': 1}]
28552,1398693910.5577247,[{'idp': 127, 'x': 2.525, 'y': -3.974, 'r': 0.4, 'type': 1}, {'idp': 128, 'x': 2.701, 'y': -3.225, 'r': 0.4, 'type': 1}]
28553,1398693910.5976946,[{'idp': 127, 'x': 2.534, 'y': -3.968, 'r': 0.4, 'type': 1}, {'idp': 128, 'x': 2.725, 'y': -3.239, 'r': 0.4, 'type': 1}]
28554,1398693910.604686,[{'idp': 127, 'x': 2.543, 'y': -3.989, 'r': 0.4, 'type': 1}, {'idp': 128, 'x': 2.721, 'y': -3.236, 'r': 0.4, 'type': 1}]
28555,1398693910.64173,[{'idp': 127, 'x': 2.539, 'y': -4.0, 'r': 0.4, 'type': 1}, {'idp': 128, 'x': 2.733, 'y': -3.248, 'r': 0.4, 'type': 1}]
28556,1398693910.6816819,[{'idp': 127, 'x': 2.542, 'y': -3.996, 'r': 0.4, 'type': 1}, {'idp': 128, 'x': 2.739, 'y': -3.265, 'r': 0.4, 'type': 1}]
28557,1398693910.6817124,[{'idp': 127, 'x': 2.541, 'y': -3.995, 'r': 0.4, 'type': 1}, {'idp': 128, 'x': 2.75, 'y': -3.263, 'r': 0.4, 'type': 1}]
28558,1398693910.721713,[{'idp': 127, 'x': 2.548, 'y': -3.994, 'r': 0.4, 'type': 1}, {'idp': 128, 'x': 2.767, 'y': -3.268, 'r': 0.4, 'type': 1}]
28559,1398693910.7285695,[{'idp': 127, 'x': 2.554, 'y': -3.996, 'r': 0.4, 'type': 1}, {'idp': 128, 'x': 2.792, 'y': -3.284, 'r': 0.4, 'type': 1}]
28560,1398693910.7657082,[{'idp': 127, 'x': 2.574, 'y': -4.008, 'r': 0.4, 'type': 1}, {'idp': 128, 'x': 2.782, 'y': -3.294, 'r': 0.4, 'type': 1}]
28561,1398693910.805727,[{'idp': 127, 'x': 2.554, 'y': -4.012, 'r': 0.4, 'type': 1}, {'idp': 128, 'x': 2.824, 'y': -3.304, 'r': 0.4, 'type': 1}]
28562,1398693910.80576,[{'idp': 127, 'x': 2.576, 'y': -4.01, 'r': 0.4, 'type': 1}, {'idp': 128, 'x': 2.805, 'y': -3.317, 'r': 0.4, 'type': 1}]
28563,1398693910.845739,[{'idp': 127, 'x': 2.57, 'y': -4.012, 'r': 0.4, 'type': 1}, {'idp': 128, 'x': 2.83, 'y': -3.315, 'r': 0.4, 'type': 1}]
28564,1398693910.853831,[{'idp': 127, 'x': 2.596, 'y': -4.034, 'r': 0.4, 'type': 1}, {'idp': 128, 'x': 2.845, 'y': -3.317, 'r': 0.4, 'type': 1}]
28565,1398693910.8936553,[{'idp': 127, 'x': 2.596, 'y': -4.042, 'r': 0.4, 'type': 1}, {'idp': 128, 'x': 2.857, 'y': -3.316, 'r': 0.4, 'type': 1}]
28566,1398693910.9336514,[{'idp': 127, 'x': 2.583, 'y': -4.039, 'r': 0.4, 'type': 1}, {'idp': 128, 'x': 2.861, 'y': -3.336, 'r': 0.4, 'type': 1}]
28567,1398693910.9336803,[{'idp': 127, 'x': 2.581, 'y': -4.057, 'r': 0.4, 'type': 1}, {'idp': 128, 'x': 2.881, 'y': -3.36, 'r': 0.4, 'type': 1}]
28568,1398693910.9737582,[{'idp': 127, 'x': 2.59, 'y': -4.048, 'r': 0.4, 'type': 1}, {'idp': 128, 'x': 2.872, 'y': -3.35, 'r': 0.4, 'type': 1}]
28569,1398693910.9782064,[{'idp': 127, 'x': 2.602, 'y': -4.049, 'r': 0.4, 'type': 1}, {'idp': 128, 'x': 2.877, 'y': -3.325, 'r': 0.4, 'type': 1}]
28570,1398693911.0177536,[{'idp': 127, 'x': 2.622, 'y': -4.057, 'r': 0.4, 'type': 1}, {'idp': 128, 'x': 2.884, 'y': -3.334, 'r': 0.4, 'type': 1}]
28571,1398693911.0577247,[{'idp': 127, 'x': 2.622, 'y': -4.04, 'r': 0.4, 'type': 1}, {'idp': 128, 'x': 2.876, 'y': -3.309, 'r': 0.4, 'type': 1}]
28572,1398693911.0577552,[{'idp': 127, 'x': 2.623, 'y': -4.06, 'r': 0.4, 'type': 1}, {'idp': 128, 'x': 2.845, 'y': -3.288, 'r': 0.4, 'type': 1}]
28573,1398693911.0977294,[{'idp': 127, 'x': 2.614, 'y': -4.066, 'r': 0.4, 'type': 1}, {'idp': 128, 'x': 2.822, 'y': -3.29, 'r': 0.4, 'type': 1}]
28574,1398693911.102832,[{'idp': 127, 'x': 2.617, 'y': -4.071, 'r': 0.4, 'type': 1}, {'idp': 128, 'x': 2.874, 'y': -3.334, 'r': 0.4, 'type': 1}]
28575,1398693911.1416943,[{'idp': 127, 'x': 2.63, 'y': -4.053, 'r': 0.4, 'type': 1}, {'idp': 128, 'x': 2.91, 'y': -3.345, 'r': 0.4, 'type': 1}]
28576,1398693911.1816869,[{'idp': 127, 'x': 2.649, 'y': -4.043, 'r': 0.4, 'type': 1}, {'idp': 128, 'x': 2.922, 'y': -3.343, 'r': 0.4, 'type': 1}]
28577,1398693911.1817162,[{'idp': 127, 'x': 2.64, 'y': -4.028, 'r': 0.4, 'type': 1}, {'idp': 128, 'x': 2.918, 'y': -3.354, 'r': 0.4, 'type': 1}]
28578,1398693911.2217126,[{'idp': 127, 'x': 2.619, 'y': -3.996, 'r': 0.4, 'type': 1}, {'idp': 128, 'x': 2.922, 'y': -3.388, 'r': 0.4, 'type': 1}]
28579,1398693911.227318,[{'idp': 127, 'x': 2.607, 'y': -3.996, 'r': 0.4, 'type': 1}, {'idp': 128, 'x': 2.916, 'y': -3.381, 'r': 0.4, 'type': 1}]
28580,1398693911.2657382,[{'idp': 127, 'x': 2.61, 'y': -3.98, 'r': 0.4, 'type': 1}, {'idp': 128, 'x': 2.92, 'y': -3.386, 'r': 0.4, 'type': 1}]
28581,1398693911.3057182,[{'idp': 127, 'x': 2.627, 'y': -3.969, 'r': 0.4, 'type': 1}, {'idp': 128, 'x': 2.943, 'y': -3.383, 'r': 0.4, 'type': 1}]
28582,1398693911.3057482,[{'idp': 127, 'x': 2.667, 'y': -3.99, 'r': 0.4, 'type': 1}, {'idp': 128, 'x': 2.967, 'y': -3.381, 'r': 0.4, 'type': 1}]
28583,1398693911.345713,[{'idp': 127, 'x': 2.677, 'y': -4.005, 'r': 0.4, 'type': 1}, {'idp': 128, 'x': 2.991, 'y': -3.392, 'r': 0.4, 'type': 1}]
28584,1398693911.3533351,[{'idp': 127, 'x': 2.676, 'y': -4.021, 'r': 0.4, 'type': 1}, {'idp': 128, 'x': 2.971, 'y': -3.4, 'r': 0.4, 'type': 1}]
28585,1398693911.3896482,[{'idp': 127, 'x': 2.684, 'y': -4.033, 'r': 0.4, 'type': 1}, {'idp': 128, 'x': 2.969, 'y': -3.399, 'r': 0.4, 'type': 1}]
28586,1398693911.4296844,[{'idp': 127, 'x': 2.702, 'y': -4.04, 'r': 0.4, 'type': 1}, {'idp': 128, 'x': 2.965, 'y': -3.379, 'r': 0.4, 'type': 1}]
28587,1398693911.4297135,[{'idp': 127, 'x': 2.7, 'y': -4.036, 'r': 0.4, 'type': 1}, {'idp': 128, 'x': 2.94, 'y': -3.337, 'r': 0.4, 'type': 1}]
28588,1398693911.469702,[{'idp': 127, 'x': 2.727, 'y': -4.057, 'r': 0.4, 'type': 1}, {'idp': 128, 'x': 2.977, 'y': -3.35, 'r': 0.4, 'type': 1}]
28589,1398693911.4768429,[{'idp': 127, 'x': 2.718, 'y': -4.063, 'r': 0.4, 'type': 1}, {'idp': 128, 'x': 3.015, 'y': -3.394, 'r': 0.4, 'type': 1}]
28590,1398693911.5137265,[{'idp': 127, 'x': 2.711, 'y': -4.072, 'r': 0.4, 'type': 1}, {'idp': 128, 'x': 3.043, 'y': -3.425, 'r': 0.4, 'type': 1}]
28591,1398693911.5537033,[{'idp': 127, 'x': 2.712, 'y': -4.074, 'r': 0.4, 'type': 1}, {'idp': 128, 'x': 3.075, 'y': -3.462, 'r': 0.4, 'type': 1}]
28592,1398693911.5537367,[{'idp': 127, 'x': 2.69, 'y': -4.06, 'r': 0.4, 'type': 1}, {'idp': 128, 'x': 3.082, 'y': -3.454, 'r': 0.4, 'type': 1}]
28593,1398693911.5936918,[{'idp': 127, 'x': 2.716, 'y': -4.079, 'r': 0.4, 'type': 1}, {'idp': 128, 'x': 3.084, 'y': -3.471, 'r': 0.4, 'type': 1}]
28594,1398693911.6015682,[{'idp': 127, 'x': 2.692, 'y': -4.063, 'r': 0.4, 'type': 1}, {'idp': 128, 'x': 3.118, 'y': -3.495, 'r': 0.4, 'type': 1}]
28595,1398693911.6377,[{'idp': 127, 'x': 2.701, 'y': -4.059, 'r': 0.4, 'type': 1}, {'idp': 128, 'x': 3.128, 'y': -3.521, 'r': 0.4, 'type': 1}]
28596,1398693911.677724,[{'idp': 127, 'x': 2.687, 'y': -4.038, 'r': 0.4, 'type': 1}, {'idp': 128, 'x': 3.138, 'y': -3.515, 'r': 0.4, 'type': 1}]
28597,1398693911.6778467,[{'idp': 127, 'x': 2.663, 'y': -4.003, 'r': 0.4, 'type': 1}, {'idp': 128, 'x': 3.155, 'y': -3.535, 'r': 0.4, 'type': 1}]
28598,1398693911.7177956,[{'idp': 127, 'x': 2.669, 'y': -3.994, 'r': 0.4, 'type': 1}, {'idp': 128, 'x': 3.173, 'y': -3.554, 'r': 0.4, 'type': 1}]
28599,1398693911.7261572,[{'idp': 127, 'x': 2.708, 'y': -3.996, 'r': 0.4, 'type': 1}, {'idp': 128, 'x': 3.2, 'y': -3.538, 'r': 0.4, 'type': 1}]
28600,1398693911.7656977,[{'idp': 127, 'x': 2.754, 'y': -4.047, 'r': 0.4, 'type': 1}, {'idp': 128, 'x': 3.221, 'y': -3.514, 'r': 0.4, 'type': 1}]
28601,1398693911.8057215,[{'idp': 127, 'x': 2.755, 'y': -4.067, 'r': 0.4, 'type': 1}, {'idp': 128, 'x': 3.221, 'y': -3.523, 'r': 0.4, 'type': 1}]
28602,1398693911.805756,[{'idp': 127, 'x': 2.725, 'y': -4.08, 'r': 0.4, 'type': 1}, {'idp': 128, 'x': 3.2, 'y': -3.545, 'r': 0.4, 'type': 1}]
28603,1398693911.8457155,[{'idp': 127, 'x': 2.711, 'y': -4.118, 'r': 0.4, 'type': 1}, {'idp': 128, 'x': 3.186, 'y': -3.581, 'r': 0.4, 'type': 1}]
28604,1398693911.850994,[{'idp': 127, 'x': 2.722, 'y': -4.116, 'r': 0.4, 'type': 1}, {'idp': 128, 'x': 3.201, 'y': -3.581, 'r': 0.4, 'type': 1}]
28605,1398693911.8896844,[{'idp': 127, 'x': 2.755, 'y': -4.126, 'r': 0.4, 'type': 1}, {'idp': 128, 'x': 3.217, 'y': -3.567, 'r': 0.4, 'type': 1}]
28606,1398693911.9296827,[{'idp': 127, 'x': 2.774, 'y': -4.117, 'r': 0.4, 'type': 1}, {'idp': 128, 'x': 3.225, 'y': -3.551, 'r': 0.4, 'type': 1}]
28607,1398693911.9297132,[{'idp': 127, 'x': 2.779, 'y': -4.143, 'r': 0.4, 'type': 1}, {'idp': 128, 'x': 3.221, 'y': -3.555, 'r': 0.4, 'type': 1}]
28608,1398693911.9697554,[{'idp': 127, 'x': 2.775, 'y': -4.156, 'r': 0.4, 'type': 1}, {'idp': 128, 'x': 3.208, 'y': -3.571, 'r': 0.4, 'type': 1}]
28609,1398693911.9757924,[{'idp': 127, 'x': 2.776, 'y': -4.178, 'r': 0.4, 'type': 1}, {'idp': 128, 'x': 3.197, 'y': -3.587, 'r': 0.4, 'type': 1}]
28610,1398693912.0136962,[{'idp': 127, 'x': 2.791, 'y': -4.18, 'r': 0.4, 'type': 1}, {'idp': 128, 'x': 3.206, 'y': -3.585, 'r': 0.4, 'type': 1}]
28611,1398693912.0537498,[{'idp': 127, 'x': 2.785, 'y': -4.169, 'r': 0.4, 'type': 1}, {'idp': 128, 'x': 3.228, 'y': -3.584, 'r': 0.4, 'type': 1}]
28612,1398693912.053781,[{'idp': 127, 'x': 2.781, 'y': -4.162, 'r': 0.4, 'type': 1}, {'idp': 128, 'x': 3.227, 'y': -3.592, 'r': 0.4, 'type': 1}]
28613,1398693912.0937705,[{'idp': 127, 'x': 2.791, 'y': -4.178, 'r': 0.4, 'type': 1}, {'idp': 128, 'x': 3.26, 'y': -3.594, 'r': 0.4, 'type': 1}]
28614,1398693912.1003366,[{'idp': 127, 'x': 2.78, 'y': -4.178, 'r': 0.4, 'type': 1}, {'idp': 128, 'x': 3.233, 'y': -3.585, 'r': 0.4, 'type': 1}]
28615,1398693912.1376772,[{'idp': 127, 'x': 2.767, 'y': -4.181, 'r': 0.4, 'type': 1}, {'idp': 128, 'x': 3.259, 'y': -3.587, 'r': 0.4, 'type': 1}]
28616,1398693912.177677,[{'idp': 127, 'x': 2.762, 'y': -4.173, 'r': 0.4, 'type': 1}, {'idp': 128, 'x': 3.259, 'y': -3.598, 'r': 0.4, 'type': 1}]
28617,1398693912.1777074,[{'idp': 127, 'x': 2.751, 'y': -4.175, 'r': 0.4, 'type': 1}, {'idp': 128, 'x': 3.262, 'y': -3.595, 'r': 0.4, 'type': 1}]
28618,1398693912.217669,[{'idp': 127, 'x': 2.744, 'y': -4.186, 'r': 0.4, 'type': 1}, {'idp': 128, 'x': 3.265, 'y': -3.607, 'r': 0.4, 'type': 1}]
28619,1398693912.2249691,[{'idp': 127, 'x': 2.728, 'y': -4.179, 'r': 0.4, 'type': 1}, {'idp': 128, 'x': 3.252, 'y': -3.621, 'r': 0.4, 'type': 1}]
28620,1398693912.261724,[{'idp': 127, 'x': 2.719, 'y': -4.187, 'r': 0.4, 'type': 1}, {'idp': 128, 'x': 3.288, 'y': -3.63, 'r': 0.4, 'type': 1}]
28621,1398693912.301731,[{'idp': 127, 'x': 2.707, 'y': -4.191, 'r': 0.4, 'type': 1}, {'idp': 128, 'x': 3.274, 'y': -3.618, 'r': 0.4, 'type': 1}]
28622,1398693912.3066535,[{'idp': 127, 'x': 2.698, 'y': -4.173, 'r': 0.4, 'type': 1}, {'idp': 128, 'x': 3.3, 'y': -3.645, 'r': 0.4, 'type': 1}]
28623,1398693912.3416953,[{'idp': 127, 'x': 2.701, 'y': -4.181, 'r': 0.4, 'type': 1}, {'idp': 128, 'x': 3.329, 'y': -3.625, 'r': 0.4, 'type': 1}]
28624,1398693912.349926,[{'idp': 127, 'x': 2.702, 'y': -4.183, 'r': 0.4, 'type': 1}, {'idp': 128, 'x': 3.333, 'y': -3.622, 'r': 0.4, 'type': 1}]
28625,1398693912.3896427,[{'idp': 127, 'x': 2.687, 'y': -4.177, 'r': 0.4, 'type': 1}, {'idp': 128, 'x': 3.347, 'y': -3.637, 'r': 0.4, 'type': 1}]
28626,1398693912.4297113,[{'idp': 127, 'x': 2.67, 'y': -4.173, 'r': 0.4, 'type': 1}, {'idp': 128, 'x': 3.357, 'y': -3.649, 'r': 0.4, 'type': 1}]
28627,1398693912.4297416,[{'idp': 127, 'x': 2.648, 'y': -4.18, 'r': 0.4, 'type': 1}, {'idp': 128, 'x': 3.363, 'y': -3.688, 'r': 0.4, 'type': 1}]
28628,1398693912.469734,[{'idp': 127, 'x': 2.641, 'y': -4.188, 'r': 0.4, 'type': 1}, {'idp': 128, 'x': 3.367, 'y': -3.676, 'r': 0.4, 'type': 1}]
28629,1398693912.475079,[{'idp': 127, 'x': 2.64, 'y': -4.184, 'r': 0.4, 'type': 1}, {'idp': 128, 'x': 3.371, 'y': -3.664, 'r': 0.4, 'type': 1}]
28630,1398693912.513678,[{'idp': 127, 'x': 2.633, 'y': -4.173, 'r': 0.4, 'type': 1}, {'idp': 128, 'x': 3.353, 'y': -3.645, 'r': 0.4, 'type': 1}]
28631,1398693912.5536904,[{'idp': 127, 'x': 2.613, 'y': -4.184, 'r': 0.4, 'type': 1}, {'idp': 128, 'x': 3.35, 'y': -3.641, 'r': 0.4, 'type': 1}]
28632,1398693912.5537174,[{'idp': 127, 'x': 2.594, 'y': -4.175, 'r': 0.4, 'type': 1}, {'idp': 128, 'x': 3.332, 'y': -3.605, 'r': 0.4, 'type': 1}]
28633,1398693912.5937884,[{'idp': 127, 'x': 2.594, 'y': -4.173, 'r': 0.4, 'type': 1}, {'idp': 128, 'x': 3.309, 'y': -3.579, 'r': 0.4, 'type': 1}]
28634,1398693912.5992253,[{'idp': 127, 'x': 2.602, 'y': -4.166, 'r': 0.4, 'type': 1}, {'idp': 128, 'x': 3.329, 'y': -3.601, 'r': 0.4, 'type': 1}]
28635,1398693912.6376405,[{'idp': 127, 'x': 2.591, 'y': -4.188, 'r': 0.4, 'type': 1}, {'idp': 128, 'x': 3.315, 'y': -3.617, 'r': 0.4, 'type': 1}]
28636,1398693912.6777081,[{'idp': 127, 'x': 2.567, 'y': -4.191, 'r': 0.4, 'type': 1}, {'idp': 128, 'x': 3.37, 'y': -3.66, 'r': 0.4, 'type': 1}]
28637,1398693912.6777391,[{'idp': 127, 'x': 2.546, 'y': -4.178, 'r': 0.4, 'type': 1}, {'idp': 128, 'x': 3.362, 'y': -3.667, 'r': 0.4, 'type': 1}]
28638,1398693912.7177687,[{'idp': 127, 'x': 2.542, 'y': -4.171, 'r': 0.4, 'type': 1}, {'idp': 128, 'x': 3.368, 'y': -3.658, 'r': 0.4, 'type': 1}]
28639,1398693912.7235866,[{'idp': 127, 'x': 2.547, 'y': -4.18, 'r': 0.4, 'type': 1}, {'idp': 128, 'x': 3.388, 'y': -3.679, 'r': 0.4, 'type': 1}]
28640,1398693912.7617087,[{'idp': 127, 'x': 2.533, 'y': -4.177, 'r': 0.4, 'type': 1}, {'idp': 128, 'x': 3.409, 'y': -3.701, 'r': 0.4, 'type': 1}]
28641,1398693912.8017578,[{'idp': 127, 'x': 2.519, 'y': -4.174, 'r': 0.4, 'type': 1}, {'idp': 128, 'x': 3.381, 'y': -3.687, 'r': 0.4, 'type': 1}]
28642,1398693912.8019538,[{'idp': 127, 'x': 2.522, 'y': -4.179, 'r': 0.4, 'type': 1}, {'idp': 128, 'x': 3.383, 'y': -3.69, 'r': 0.4, 'type': 1}]
28643,1398693912.8416712,[{'idp': 127, 'x': 2.494, 'y': -4.173, 'r': 0.4, 'type': 1}, {'idp': 128, 'x': 3.35, 'y': -3.686, 'r': 0.4, 'type': 1}]
28644,1398693912.848263,[{'idp': 127, 'x': 2.473, 'y': -4.18, 'r': 0.4, 'type': 1}, {'idp': 128, 'x': 3.367, 'y': -3.704, 'r': 0.4, 'type': 1}]
28645,1398693912.8856595,[{'idp': 127, 'x': 2.479, 'y': -4.189, 'r': 0.4, 'type': 1}, {'idp': 128, 'x': 3.365, 'y': -3.703, 'r': 0.4, 'type': 1}]
28646,1398693912.9257114,[{'idp': 127, 'x': 2.464, 'y': -4.165, 'r': 0.4, 'type': 1}, {'idp': 128, 'x': 3.397, 'y': -3.721, 'r': 0.4, 'type': 1}]
28647,1398693912.9257426,[{'idp': 127, 'x': 2.467, 'y': -4.17, 'r': 0.4, 'type': 1}, {'idp': 128, 'x': 3.396, 'y': -3.704, 'r': 0.4, 'type': 1}]
28648,1398693912.9657547,[{'idp': 127, 'x': 2.468, 'y': -4.171, 'r': 0.4, 'type': 1}, {'idp': 128, 'x': 3.372, 'y': -3.679, 'r': 0.4, 'type': 1}]
28649,1398693912.9730787,[{'idp': 127, 'x': 2.447, 'y': -4.177, 'r': 0.4, 'type': 1}, {'idp': 128, 'x': 3.36, 'y': -3.699, 'r': 0.4, 'type': 1}]
28650,1398693913.0097084,[{'idp': 127, 'x': 2.439, 'y': -4.186, 'r': 0.4, 'type': 1}, {'idp': 128, 'x': 3.356, 'y': -3.678, 'r': 0.4, 'type': 1}]
28651,1398693913.0497053,[{'idp': 127, 'x': 2.422, 'y': -4.176, 'r': 0.4, 'type': 1}, {'idp': 128, 'x': 3.391, 'y': -3.701, 'r': 0.4, 'type': 1}]
28652,1398693913.0497406,[{'idp': 127, 'x': 2.421, 'y': -4.173, 'r': 0.4, 'type': 1}, {'idp': 128, 'x': 3.433, 'y': -3.748, 'r': 0.4, 'type': 1}]
28653,1398693913.0897188,[{'idp': 127, 'x': 2.413, 'y': -4.161, 'r': 0.4, 'type': 1}, {'idp': 128, 'x': 3.458, 'y': -3.775, 'r': 0.4, 'type': 1}]
28654,1398693913.0976157,[{'idp': 127, 'x': 2.391, 'y': -4.165, 'r': 0.4, 'type': 1}, {'idp': 128, 'x': 3.464, 'y': -3.782, 'r': 0.4, 'type': 1}]
28655,1398693913.1337178,[{'idp': 127, 'x': 2.38, 'y': -4.188, 'r': 0.4, 'type': 1}, {'idp': 128, 'x': 3.462, 'y': -3.796, 'r': 0.4, 'type': 1}]
28656,1398693913.1737165,[{'idp': 127, 'x': 2.367, 'y': -4.185, 'r': 0.4, 'type': 1}, {'idp': 128, 'x': 3.475, 'y': -3.811, 'r': 0.4, 'type': 1}]
28657,1398693913.1737452,[{'idp': 127, 'x': 2.365, 'y': -4.162, 'r': 0.4, 'type': 1}, {'idp': 128, 'x': 3.495, 'y': -3.815, 'r': 0.4, 'type': 1}]
28658,1398693913.2137313,[{'idp': 127, 'x': 2.368, 'y': -4.167, 'r': 0.4, 'type': 1}, {'idp': 128, 'x': 3.513, 'y': -3.818, 'r': 0.4, 'type': 1}]
28659,1398693913.2223217,[{'idp': 127, 'x': 2.343, 'y': -4.166, 'r': 0.4, 'type': 1}, {'idp': 128, 'x': 3.533, 'y': -3.856, 'r': 0.4, 'type': 1}]
28660,1398693913.2617135,[{'idp': 127, 'x': 2.326, 'y': -4.178, 'r': 0.4, 'type': 1}, {'idp': 128, 'x': 3.501, 'y': -3.872, 'r': 0.4, 'type': 1}]
28661,1398693913.3022585,[{'idp': 127, 'x': 2.309, 'y': -4.189, 'r': 0.4, 'type': 1}, {'idp': 128, 'x': 3.547, 'y': -3.888, 'r': 0.4, 'type': 1}]
28662,1398693913.3022914,[{'idp': 127, 'x': 2.322, 'y': -4.171, 'r': 0.4, 'type': 1}, {'idp': 128, 'x': 3.576, 'y': -3.9, 'r': 0.4, 'type': 1}]
28663,1398693913.3417196,[{'idp': 127, 'x': 2.322, 'y': -4.169, 'r': 0.4, 'type': 1}, {'idp': 128, 'x': 3.565, 'y': -3.892, 'r': 0.4, 'type': 1}]
28664,1398693913.3467097,[{'idp': 127, 'x': 2.302, 'y': -4.177, 'r': 0.4, 'type': 1}, {'idp': 128, 'x': 3.573, 'y': -3.898, 'r': 0.4, 'type': 1}]
28665,1398693913.385687,[{'idp': 127, 'x': 2.278, 'y': -4.176, 'r': 0.4, 'type': 1}, {'idp': 128, 'x': 3.534, 'y': -3.931, 'r': 0.4, 'type': 1}]
28666,1398693913.4257102,[{'idp': 127, 'x': 2.272, 'y': -4.186, 'r': 0.4, 'type': 1}, {'idp': 128, 'x': 3.561, 'y': -3.935, 'r': 0.4, 'type': 1}]
28667,1398693913.4257402,[{'idp': 127, 'x': 2.259, 'y': -4.186, 'r': 0.4, 'type': 1}, {'idp': 128, 'x': 3.548, 'y': -3.944, 'r': 0.4, 'type': 1}]
28668,1398693913.465682,[{'idp': 127, 'x': 2.252, 'y': -4.173, 'r': 0.4, 'type': 1}, {'idp': 128, 'x': 3.553, 'y': -3.949, 'r': 0.4, 'type': 1}]
28669,1398693913.471647,[{'idp': 127, 'x': 2.257, 'y': -4.181, 'r': 0.4, 'type': 1}, {'idp': 128, 'x': 3.554, 'y': -3.949, 'r': 0.4, 'type': 1}]
28670,1398693913.5096834,[{'idp': 127, 'x': 2.234, 'y': -4.182, 'r': 0.4, 'type': 1}, {'idp': 128, 'x': 3.553, 'y': -3.947, 'r': 0.4, 'type': 1}]
28671,1398693913.5537162,[{'idp': 127, 'x': 2.229, 'y': -4.174, 'r': 0.4, 'type': 1}, {'idp': 128, 'x': 3.569, 'y': -3.955, 'r': 0.4, 'type': 1}]
28672,1398693913.5537496,[{'idp': 127, 'x': 2.209, 'y': -4.18, 'r': 0.4, 'type': 1}, {'idp': 128, 'x': 3.574, 'y': -3.96, 'r': 0.4, 'type': 1}]
28673,1398693913.5937576,[{'idp': 127, 'x': 2.189, 'y': -4.185, 'r': 0.4, 'type': 1}, {'idp': 128, 'x': 3.549, 'y': -3.974, 'r': 0.4, 'type': 1}]
28674,1398693913.5963147,[{'idp': 127, 'x': 2.186, 'y': -4.18, 'r': 0.4, 'type': 1}, {'idp': 128, 'x': 3.531, 'y': -3.975, 'r': 0.4, 'type': 1}]
28675,1398693913.6336994,[{'idp': 127, 'x': 2.168, 'y': -4.191, 'r': 0.4, 'type': 1}, {'idp': 128, 'x': 3.547, 'y': -3.987, 'r': 0.4, 'type': 1}]
28676,1398693913.6736715,[{'idp': 127, 'x': 2.157, 'y': -4.168, 'r': 0.4, 'type': 1}, {'idp': 128, 'x': 3.539, 'y': -3.979, 'r': 0.4, 'type': 1}]
28677,1398693913.6736906,[{'idp': 127, 'x': 2.144, 'y': -4.166, 'r': 0.4, 'type': 1}, {'idp': 128, 'x': 3.561, 'y': -3.984, 'r': 0.4, 'type': 1}]
28678,1398693913.7137082,[{'idp': 127, 'x': 2.138, 'y': -4.177, 'r': 0.4, 'type': 1}, {'idp': 128, 'x': 3.545, 'y': -3.968, 'r': 0.4, 'type': 1}]
28679,1398693913.720962,[{'idp': 127, 'x': 2.134, 'y': -4.168, 'r': 0.4, 'type': 1}, {'idp': 128, 'x': 3.542, 'y': -3.965, 'r': 0.4, 'type': 1}]
28680,1398693913.757731,[{'idp': 127, 'x': 2.125, 'y': -4.173, 'r': 0.4, 'type': 1}, {'idp': 128, 'x': 3.549, 'y': -3.973, 'r': 0.4, 'type': 1}]
28681,1398693913.7976851,[{'idp': 127, 'x': 2.106, 'y': -4.158, 'r': 0.4, 'type': 1}, {'idp': 128, 'x': 3.569, 'y': -3.994, 'r': 0.4, 'type': 1}]
28682,1398693913.7977116,[{'idp': 127, 'x': 2.095, 'y': -4.183, 'r': 0.4, 'type': 1}, {'idp': 128, 'x': 3.564, 'y': -3.988, 'r': 0.4, 'type': 1}]
28683,1398693913.8377008,[{'idp': 127, 'x': 2.093, 'y': -4.177, 'r': 0.4, 'type': 1}, {'idp': 128, 'x': 3.549, 'y': -3.973, 'r': 0.4, 'type': 1}]
28684,1398693913.8455029,[{'idp': 127, 'x': 2.105, 'y': -4.157, 'r': 0.4, 'type': 1}, {'idp': 128, 'x': 3.571, 'y': -3.963, 'r': 0.4, 'type': 1}]
28685,1398693913.881791,[{'idp': 127, 'x': 2.102, 'y': -4.15, 'r': 0.4, 'type': 1}, {'idp': 128, 'x': 3.579, 'y': -3.955, 'r': 0.4, 'type': 1}]
28686,1398693913.9216812,[{'idp': 127, 'x': 2.11, 'y': -4.144, 'r': 0.4, 'type': 1}, {'idp': 128, 'x': 3.606, 'y': -3.951, 'r': 0.4, 'type': 1}]
28687,1398693913.921714,[{'idp': 127, 'x': 2.118, 'y': -4.137, 'r': 0.4, 'type': 1}, {'idp': 128, 'x': 3.644, 'y': -3.958, 'r': 0.4, 'type': 1}]
28688,1398693913.9616814,[{'idp': 127, 'x': 2.105, 'y': -4.134, 'r': 0.4, 'type': 1}, {'idp': 128, 'x': 3.656, 'y': -3.972, 'r': 0.4, 'type': 1}]
28689,1398693913.9701893,[{'idp': 127, 'x': 2.089, 'y': -4.126, 'r': 0.4, 'type': 1}, {'idp': 128, 'x': 3.661, 'y': -3.978, 'r': 0.4, 'type': 1}]
28690,1398693914.0096934,[{'idp': 127, 'x': 2.087, 'y': -4.122, 'r': 0.4, 'type': 1}, {'idp': 128, 'x': 3.659, 'y': -3.959, 'r': 0.4, 'type': 1}]
28691,1398693914.0497417,[{'idp': 127, 'x': 2.088, 'y': -4.123, 'r': 0.4, 'type': 1}, {'idp': 128, 'x': 3.675, 'y': -3.976, 'r': 0.4, 'type': 1}]
28692,1398693914.0497715,[{'idp': 127, 'x': 2.076, 'y': -4.1, 'r': 0.4, 'type': 1}, {'idp': 128, 'x': 3.698, 'y': -3.966, 'r': 0.4, 'type': 1}]
28693,1398693914.089687,[{'idp': 127, 'x': 2.091, 'y': -4.108, 'r': 0.4, 'type': 1}, {'idp': 128, 'x': 3.706, 'y': -3.958, 'r': 0.4, 'type': 1}]
28694,1398693914.0949554,[{'idp': 127, 'x': 2.078, 'y': -4.103, 'r': 0.4, 'type': 1}, {'idp': 128, 'x': 3.711, 'y': -3.946, 'r': 0.4, 'type': 1}]
28695,1398693914.1337264,[{'idp': 127, 'x': 2.078, 'y': -4.103, 'r': 0.4, 'type': 1}, {'idp': 128, 'x': 3.722, 'y': -3.941, 'r': 0.4, 'type': 1}]
28696,1398693914.1736944,[{'idp': 127, 'x': 2.056, 'y': -4.083, 'r': 0.4, 'type': 1}, {'idp': 128, 'x': 3.738, 'y': -3.958, 'r': 0.4, 'type': 1}]
28697,1398693914.1737206,[{'idp': 127, 'x': 2.067, 'y': -4.082, 'r': 0.4, 'type': 1}, {'idp': 128, 'x': 3.739, 'y': -3.941, 'r': 0.4, 'type': 1}]
28698,1398693914.2137053,[{'idp': 127, 'x': 2.058, 'y': -4.065, 'r': 0.4, 'type': 1}, {'idp': 128, 'x': 3.766, 'y': -3.917, 'r': 0.4, 'type': 1}]
28699,1398693914.2193174,[{'idp': 127, 'x': 2.081, 'y': -4.045, 'r': 0.4, 'type': 1}, {'idp': 128, 'x': 3.778, 'y': -3.862, 'r': 0.4, 'type': 1}]
28700,1398693914.2577116,[{'idp': 127, 'x': 2.114, 'y': -4.021, 'r': 0.4, 'type': 1}, {'idp': 128, 'x': 3.796, 'y': -3.797, 'r': 0.4, 'type': 1}]
28701,1398693914.2976081,[{'idp': 127, 'x': 2.139, 'y': -4.026, 'r': 0.4, 'type': 1}, {'idp': 128, 'x': 3.798, 'y': -3.749, 'r': 0.4, 'type': 1}]
28702,1398693914.2976303,[{'idp': 127, 'x': 2.145, 'y': -3.994, 'r': 0.4, 'type': 1}, {'idp': 128, 'x': 3.82, 'y': -3.771, 'r': 0.4, 'type': 1}]
28703,1398693914.337698,[{'idp': 127, 'x': 2.142, 'y': -4.011, 'r': 0.4, 'type': 1}, {'idp': 128, 'x': 3.84, 'y': -3.774, 'r': 0.4, 'type': 1}]
28704,1398693914.3439987,[{'idp': 127, 'x': 2.134, 'y': -4.017, 'r': 0.4, 'type': 1}, {'idp': 128, 'x': 3.869, 'y': -3.801, 'r': 0.4, 'type': 1}]
28705,1398693914.381665,[{'idp': 127, 'x': 2.121, 'y': -4.013, 'r': 0.4, 'type': 1}, {'idp': 128, 'x': 3.879, 'y': -3.811, 'r': 0.4, 'type': 1}]
28706,1398693914.4217222,[{'idp': 127, 'x': 2.108, 'y': -3.989, 'r': 0.4, 'type': 1}, {'idp': 128, 'x': 3.902, 'y': -3.816, 'r': 0.4, 'type': 1}]
28707,1398693914.4217496,[{'idp': 127, 'x': 2.121, 'y': -3.991, 'r': 0.4, 'type': 1}, {'idp': 128, 'x': 3.933, 'y': -3.813, 'r': 0.4, 'type': 1}]
28708,1398693914.4617403,[{'idp': 127, 'x': 2.124, 'y': -3.998, 'r': 0.4, 'type': 1}, {'idp': 128, 'x': 3.927, 'y': -3.808, 'r': 0.4, 'type': 1}]
28709,1398693914.468934,[{'idp': 127, 'x': 2.106, 'y': -3.984, 'r': 0.4, 'type': 1}, {'idp': 128, 'x': 3.925, 'y': -3.805, 'r': 0.4, 'type': 1}]
28710,1398693914.5057178,[{'idp': 127, 'x': 2.103, 'y': -3.98, 'r': 0.4, 'type': 1}, {'idp': 128, 'x': 3.934, 'y': -3.83, 'r': 0.4, 'type': 1}]
28711,1398693914.5456986,[{'idp': 127, 'x': 2.088, 'y': -3.971, 'r': 0.4, 'type': 1}, {'idp': 128, 'x': 3.948, 'y': -3.844, 'r': 0.4, 'type': 1}]
28712,1398693914.5457318,[{'idp': 127, 'x': 2.08, 'y': -3.977, 'r': 0.4, 'type': 1}, {'idp': 128, 'x': 3.95, 'y': -3.846, 'r': 0.4, 'type': 1}]
28713,1398693914.5856762,[{'idp': 127, 'x': 2.073, 'y': -3.985, 'r': 0.4, 'type': 1}, {'idp': 128, 'x': 3.946, 'y': -3.841, 'r': 0.4, 'type': 1}]
28714,1398693914.5935564,[{'idp': 127, 'x': 2.057, 'y': -3.976, 'r': 0.4, 'type': 1}, {'idp': 128, 'x': 3.944, 'y': -3.856, 'r': 0.4, 'type': 1}]
28715,1398693914.6297412,[{'idp': 127, 'x': 2.057, 'y': -3.976, 'r': 0.4, 'type': 1}, {'idp': 128, 'x': 3.962, 'y': -3.873, 'r': 0.4, 'type': 1}]
28716,1398693914.6696641,[{'idp': 127, 'x': 2.035, 'y': -3.977, 'r': 0.4, 'type': 1}, {'idp': 128, 'x': 3.936, 'y': -3.866, 'r': 0.4, 'type': 1}]
28717,1398693914.669695,[{'idp': 127, 'x': 2.034, 'y': -3.974, 'r': 0.4, 'type': 1}, {'idp': 128, 'x': 3.911, 'y': -3.841, 'r': 0.4, 'type': 1}]
28718,1398693914.7096577,[{'idp': 127, 'x': 2.032, 'y': -3.971, 'r': 0.4, 'type': 1}, {'idp': 128, 'x': 3.91, 'y': -3.824, 'r': 0.4, 'type': 1}]
28719,1398693914.7179413,[{'idp': 127, 'x': 2.037, 'y': -3.958, 'r': 0.4, 'type': 1}, {'idp': 128, 'x': 3.926, 'y': -3.84, 'r': 0.4, 'type': 1}]
28720,1398693914.757622,[{'idp': 127, 'x': 2.042, 'y': -3.969, 'r': 0.4, 'type': 1}, {'idp': 128, 'x': 3.912, 'y': -3.811, 'r': 0.4, 'type': 1}]
28721,1398693914.797695,[{'idp': 127, 'x': 2.047, 'y': -3.956, 'r': 0.4, 'type': 1}, {'idp': 128, 'x': 3.986, 'y': -3.849, 'r': 0.4, 'type': 1}]
28722,1398693914.7977247,[{'idp': 127, 'x': 2.041, 'y': -3.946, 'r': 0.4, 'type': 1}, {'idp': 128, 'x': 4.031, 'y': -3.877, 'r': 0.4, 'type': 1}]
28723,1398693914.837758,[{'idp': 127, 'x': 2.039, 'y': -3.943, 'r': 0.4, 'type': 1}, {'idp': 128, 'x': 4.048, 'y': -3.876, 'r': 0.4, 'type': 1}]
28724,1398693914.8428168,[{'idp': 127, 'x': 2.049, 'y': -3.919, 'r': 0.4, 'type': 1}, {'idp': 128, 'x': 4.061, 'y': -3.889, 'r': 0.4, 'type': 1}]
28725,1398693914.8817143,[{'idp': 127, 'x': 2.057, 'y': -3.934, 'r': 0.4, 'type': 1}, {'idp': 128, 'x': 4.061, 'y': -3.854, 'r': 0.4, 'type': 1}]
28726,1398693914.9216557,[{'idp': 127, 'x': 2.049, 'y': -3.899, 'r': 0.4, 'type': 1}, {'idp': 128, 'x': 4.085, 'y': -3.861, 'r': 0.4, 'type': 1}]
28727,1398693914.921685,[{'idp': 127, 'x': 2.048, 'y': -3.875, 'r': 0.4, 'type': 1}, {'idp': 128, 'x': 4.1, 'y': -3.874, 'r': 0.4, 'type': 1}]
28728,1398693914.961715,[{'idp': 127, 'x': 2.047, 'y': -3.872, 'r': 0.4, 'type': 1}, {'idp': 128, 'x': 4.114, 'y': -3.871, 'r': 0.4, 'type': 1}]
28729,1398693914.9675589,[{'idp': 127, 'x': 2.031, 'y': -3.82, 'r': 0.4, 'type': 1}, {'idp': 128, 'x': 4.116, 'y': -3.872, 'r': 0.4, 'type': 1}]
28730,1398693915.0056906,[{'idp': 127, 'x': 2.015, 'y': -3.81, 'r': 0.4, 'type': 1}, {'idp': 128, 'x': 4.135, 'y': -3.907, 'r': 0.4, 'type': 1}]
28731,1398693915.045681,[{'idp': 127, 'x': 2.02, 'y': -3.837, 'r': 0.4, 'type': 1}, {'idp': 128, 'x': 4.122, 'y': -3.911, 'r': 0.4, 'type': 1}]
28732,1398693915.0457115,[{'idp': 127, 'x': 2.022, 'y': -3.86, 'r': 0.4, 'type': 1}, {'idp': 128, 'x': 4.134, 'y': -3.919, 'r': 0.4, 'type': 1}]
28733,1398693915.0856516,[{'idp': 127, 'x': 2.026, 'y': -3.868, 'r': 0.4, 'type': 1}, {'idp': 128, 'x': 4.142, 'y': -3.913, 'r': 0.4, 'type': 1}]
28734,1398693915.0923188,[{'idp': 127, 'x': 2.051, 'y': -3.893, 'r': 0.4, 'type': 1}, {'idp': 128, 'x': 4.143, 'y': -3.913, 'r': 0.4, 'type': 1}]
28735,1398693915.1297166,[{'idp': 127, 'x': 2.051, 'y': -3.893, 'r': 0.4, 'type': 1}, {'idp': 128, 'x': 4.166, 'y': -3.911, 'r': 0.4, 'type': 1}]
28736,1398693915.1696775,[{'idp': 127, 'x': 2.042, 'y': -3.896, 'r': 0.4, 'type': 1}, {'idp': 128, 'x': 4.164, 'y': -3.933, 'r': 0.4, 'type': 1}]
28737,1398693915.1697056,[{'idp': 127, 'x': 2.056, 'y': -3.922, 'r': 0.4, 'type': 1}, {'idp': 128, 'x': 4.155, 'y': -3.923, 'r': 0.4, 'type': 1}]
28738,1398693915.2096944,[{'idp': 127, 'x': 2.075, 'y': -3.936, 'r': 0.4, 'type': 1}, {'idp': 128, 'x': 4.19, 'y': -3.949, 'r': 0.4, 'type': 1}]
28739,1398693915.2168908,[{'idp': 127, 'x': 2.075, 'y': -3.935, 'r': 0.4, 'type': 1}, {'idp': 128, 'x': 4.161, 'y': -3.946, 'r': 0.4, 'type': 1}]
28740,1398693915.2537458,[{'idp': 127, 'x': 2.074, 'y': -3.933, 'r': 0.4, 'type': 1}, {'idp': 128, 'x': 4.167, 'y': -3.952, 'r': 0.4, 'type': 1}]
28741,1398693915.2936563,[{'idp': 127, 'x': 2.085, 'y': -3.953, 'r': 0.4, 'type': 1}, {'idp': 128, 'x': 4.195, 'y': -3.933, 'r': 0.4, 'type': 1}]
28742,1398693915.2936757,[{'idp': 127, 'x': 2.095, 'y': -3.95, 'r': 0.4, 'type': 1}, {'idp': 128, 'x': 4.2, 'y': -3.938, 'r': 0.4, 'type': 1}]
28743,1398693915.3337612,[{'idp': 127, 'x': 2.097, 'y': -3.935, 'r': 0.4, 'type': 1}, {'idp': 128, 'x': 4.201, 'y': -3.939, 'r': 0.4, 'type': 1}]
28744,1398693915.3417,[{'idp': 127, 'x': 2.101, 'y': -3.942, 'r': 0.4, 'type': 1}, {'idp': 128, 'x': 4.19, 'y': -3.937, 'r': 0.4, 'type': 1}]
28745,1398693915.3817415,[{'idp': 127, 'x': 2.104, 'y': -3.928, 'r': 0.4, 'type': 1}, {'idp': 128, 'x': 4.202, 'y': -3.931, 'r': 0.4, 'type': 1}]
28746,1398693915.4216883,[{'idp': 127, 'x': 2.093, 'y': -3.93, 'r': 0.4, 'type': 1}, {'idp': 128, 'x': 4.212, 'y': -3.958, 'r': 0.4, 'type': 1}]
28747,1398693915.4217157,[{'idp': 127, 'x': 2.091, 'y': -3.928, 'r': 0.4, 'type': 1}, {'idp': 128, 'x': 4.208, 'y': -3.929, 'r': 0.4, 'type': 1}]
28748,1398693915.461707,[{'idp': 127, 'x': 2.094, 'y': -3.932, 'r': 0.4, 'type': 1}, {'idp': 128, 'x': 4.211, 'y': -3.939, 'r': 0.4, 'type': 1}]
28749,1398693915.4660912,[{'idp': 127, 'x': 2.106, 'y': -3.932, 'r': 0.4, 'type': 1}, {'idp': 128, 'x': 4.224, 'y': -3.934, 'r': 0.4, 'type': 1}]
28750,1398693915.5056837,[{'idp': 127, 'x': 2.117, 'y': -3.931, 'r': 0.4, 'type': 1}, {'idp': 128, 'x': 4.235, 'y': -3.927, 'r': 0.4, 'type': 1}]
28751,1398693915.5456872,[{'idp': 127, 'x': 2.114, 'y': -3.905, 'r': 0.4, 'type': 1}, {'idp': 128, 'x': 4.207, 'y': -3.928, 'r': 0.4, 'type': 1}]
28752,1398693915.5457199,[{'idp': 127, 'x': 2.104, 'y': -3.908, 'r': 0.4, 'type': 1}, {'idp': 128, 'x': 4.23, 'y': -3.941, 'r': 0.4, 'type': 1}]
28753,1398693915.5856605,[{'idp': 127, 'x': 2.104, 'y': -3.909, 'r': 0.4, 'type': 1}, {'idp': 128, 'x': 4.209, 'y': -3.921, 'r': 0.4, 'type': 1}]
28754,1398693915.5909688,[{'idp': 127, 'x': 2.117, 'y': -3.894, 'r': 0.4, 'type': 1}, {'idp': 128, 'x': 4.228, 'y': -3.923, 'r': 0.4, 'type': 1}]
28755,1398693915.6297405,[{'idp': 127, 'x': 2.114, 'y': -3.87, 'r': 0.4, 'type': 1}, {'idp': 128, 'x': 4.242, 'y': -3.925, 'r': 0.4, 'type': 1}]
28756,1398693915.6696763,[{'idp': 127, 'x': 2.12, 'y': -3.86, 'r': 0.4, 'type': 1}, {'idp': 128, 'x': 4.261, 'y': -3.937, 'r': 0.4, 'type': 1}]
28757,1398693915.669761,[{'idp': 127, 'x': 2.112, 'y': -3.848, 'r': 0.4, 'type': 1}, {'idp': 128, 'x': 4.263, 'y': -3.942, 'r': 0.4, 'type': 1}]
28758,1398693915.709682,[{'idp': 127, 'x': 2.141, 'y': -3.841, 'r': 0.4, 'type': 1}, {'idp': 128, 'x': 4.291, 'y': -3.949, 'r': 0.4, 'type': 1}]
28759,1398693915.7155266,[{'idp': 127, 'x': 2.163, 'y': -3.843, 'r': 0.4, 'type': 1}, {'idp': 128, 'x': 4.283, 'y': -3.958, 'r': 0.4, 'type': 1}]
28760,1398693915.753739,[{'idp': 127, 'x': 2.194, 'y': -3.858, 'r': 0.4, 'type': 1}, {'idp': 128, 'x': 4.3, 'y': -3.975, 'r': 0.4, 'type': 1}]
28761,1398693915.793702,[{'idp': 127, 'x': 2.234, 'y': -3.931, 'r': 0.4, 'type': 1}, {'idp': 128, 'x': 4.298, 'y': -3.956, 'r': 0.4, 'type': 1}]
28762,1398693915.7937324,[{'idp': 127, 'x': 2.261, 'y': -3.939, 'r': 0.4, 'type': 1}, {'idp': 128, 'x': 4.331, 'y': -3.969, 'r': 0.4, 'type': 1}]
28763,1398693915.8337042,[{'idp': 127, 'x': 2.291, 'y': -3.95, 'r': 0.4, 'type': 1}, {'idp': 128, 'x': 4.335, 'y': -3.956, 'r': 0.4, 'type': 1}]
28764,1398693915.8407238,[{'idp': 127, 'x': 2.311, 'y': -3.965, 'r': 0.4, 'type': 1}, {'idp': 128, 'x': 4.35, 'y': -3.952, 'r': 0.4, 'type': 1}]
28765,1398693915.8777237,[{'idp': 127, 'x': 2.326, 'y': -3.971, 'r': 0.4, 'type': 1}, {'idp': 128, 'x': 4.368, 'y': -3.969, 'r': 0.4, 'type': 1}]
28766,1398693915.9176624,[{'idp': 127, 'x': 2.351, 'y': -3.97, 'r': 0.4, 'type': 1}, {'idp': 128, 'x': 4.356, 'y': -3.94, 'r': 0.4, 'type': 1}]
28767,1398693915.917694,[{'idp': 127, 'x': 2.36, 'y': -3.986, 'r': 0.4, 'type': 1}, {'idp': 128, 'x': 4.359, 'y': -3.926, 'r': 0.4, 'type': 1}]
28768,1398693915.9576635,[{'idp': 127, 'x': 2.36, 'y': -3.982, 'r': 0.4, 'type': 1}, {'idp': 128, 'x': 4.347, 'y': -3.932, 'r': 0.4, 'type': 1}]
28769,1398693915.9649699,[{'idp': 127, 'x': 2.37, 'y': -3.977, 'r': 0.4, 'type': 1}, {'idp': 128, 'x': 4.338, 'y': -3.906, 'r': 0.4, 'type': 1}]
28770,1398693916.0016592,[{'idp': 127, 'x': 2.388, 'y': -3.986, 'r': 0.4, 'type': 1}, {'idp': 128, 'x': 4.368, 'y': -3.915, 'r': 0.4, 'type': 1}]
28771,1398693916.0416815,[{'idp': 127, 'x': 2.434, 'y': -3.986, 'r': 0.4, 'type': 1}, {'idp': 128, 'x': 4.4, 'y': -3.926, 'r': 0.4, 'type': 1}]
28772,1398693916.0417101,[{'idp': 127, 'x': 2.418, 'y': -3.987, 'r': 0.4, 'type': 1}, {'idp': 128, 'x': 4.407, 'y': -3.932, 'r': 0.4, 'type': 1}, {'idp': 129, 'x': 9.123, 'y': -2.15, 'r': 0.4, 'type': 1}]
28773,1398693916.0817313,[{'idp': 127, 'x': 2.418, 'y': -3.992, 'r': 0.4, 'type': 1}, {'idp': 128, 'x': 4.435, 'y': -3.957, 'r': 0.4, 'type': 1}, {'idp': 129, 'x': 9.107, 'y': -2.0, 'r': 0.4, 'type': 1}]
28774,1398693916.0896916,[{'idp': 127, 'x': 2.434, 'y': -3.991, 'r': 0.4, 'type': 1}, {'idp': 128, 'x': 4.415, 'y': -3.957, 'r': 0.4, 'type': 1}, {'idp': 129, 'x': 9.051, 'y': -1.987, 'r': 0.4, 'type': 1}]
28775,1398693916.1297526,[{'idp': 127, 'x': 2.453, 'y': -4.01, 'r': 0.4, 'type': 1}, {'idp': 128, 'x': 4.431, 'y': -3.971, 'r': 0.4, 'type': 1}, {'idp': 129, 'x': 9.04, 'y': -2.018, 'r': 0.4, 'type': 1}]
28776,1398693916.1697292,[{'idp': 127, 'x': 2.415, 'y': -4.005, 'r': 0.4, 'type': 1}, {'idp': 128, 'x': 4.437, 'y': -3.993, 'r': 0.4, 'type': 1}, {'idp': 129, 'x': 8.958, 'y': -2.013, 'r': 0.4, 'type': 1}]
28777,1398693916.1697617,[{'idp': 127, 'x': 2.408, 'y': -4.011, 'r': 0.4, 'type': 1}, {'idp': 128, 'x': 4.466, 'y': -4.019, 'r': 0.4, 'type': 1}, {'idp': 129, 'x': 8.865, 'y': -2.006, 'r': 0.4, 'type': 1}]
28778,1398693916.209658,[{'idp': 127, 'x': 2.433, 'y': -4.013, 'r': 0.4, 'type': 1}, {'idp': 128, 'x': 4.466, 'y': -4.001, 'r': 0.4, 'type': 1}, {'idp': 129, 'x': 8.842, 'y': -1.96, 'r': 0.4, 'type': 1}]
28779,1398693916.2148585,[{'idp': 127, 'x': 2.456, 'y': -4.002, 'r': 0.4, 'type': 1}, {'idp': 128, 'x': 4.488, 'y': -3.986, 'r': 0.4, 'type': 1}, {'idp': 129, 'x': 8.804, 'y': -1.912, 'r': 0.4, 'type': 1}]
28780,1398693916.253778,[{'idp': 127, 'x': 2.465, 'y': -4.007, 'r': 0.4, 'type': 1}, {'idp': 128, 'x': 4.473, 'y': -3.973, 'r': 0.4, 'type': 1}, {'idp': 129, 'x': 8.745, 'y': -1.899, 'r': 0.4, 'type': 1}]
28781,1398693916.293693,[{'idp': 127, 'x': 2.464, 'y': -4.018, 'r': 0.4, 'type': 1}, {'idp': 128, 'x': 4.507, 'y': -3.985, 'r': 0.4, 'type': 1}, {'idp': 129, 'x': 8.718, 'y': -1.892, 'r': 0.4, 'type': 1}]
28782,1398693916.2937253,[{'idp': 127, 'x': 2.487, 'y': -4.009, 'r': 0.4, 'type': 1}, {'idp': 128, 'x': 4.504, 'y': -3.984, 'r': 0.4, 'type': 1}, {'idp': 129, 'x': 8.681, 'y': -1.864, 'r': 0.4, 'type': 1}]
28783,1398693916.3336942,[{'idp': 127, 'x': 2.489, 'y': -4.028, 'r': 0.4, 'type': 1}, {'idp': 128, 'x': 4.538, 'y': -3.944, 'r': 0.4, 'type': 1}, {'idp': 129, 'x': 8.633, 'y': -1.874, 'r': 0.4, 'type': 1}]
28784,1398693916.3390067,[{'idp': 127, 'x': 2.503, 'y': -4.036, 'r': 0.4, 'type': 1}, {'idp': 128, 'x': 4.547, 'y': -3.956, 'r': 0.4, 'type': 1}, {'idp': 129, 'x': 8.562, 'y': -1.858, 'r': 0.4, 'type': 1}]
28785,1398693916.3777406,[{'idp': 127, 'x': 2.528, 'y': -4.03, 'r': 0.4, 'type': 1}, {'idp': 128, 'x': 4.522, 'y': -3.966, 'r': 0.4, 'type': 1}, {'idp': 129, 'x': 8.553, 'y': -1.817, 'r': 0.4, 'type': 1}]
28786,1398693916.4176664,[{'idp': 127, 'x': 2.56, 'y': -4.046, 'r': 0.4, 'type': 1}, {'idp': 128, 'x': 4.549, 'y': -3.954, 'r': 0.4, 'type': 1}, {'idp': 129, 'x': 8.518, 'y': -1.752, 'r': 0.4, 'type': 1}]
28787,1398693916.4176948,[{'idp': 127, 'x': 2.57, 'y': -4.041, 'r': 0.4, 'type': 1}, {'idp': 128, 'x': 4.599, 'y': -3.963, 'r': 0.4, 'type': 1}, {'idp': 129, 'x': 8.486, 'y': -1.745, 'r': 0.4, 'type': 1}]
28788,1398693916.4577658,[{'idp': 127, 'x': 2.592, 'y': -4.032, 'r': 0.4, 'type': 1}, {'idp': 128, 'x': 4.63, 'y': -3.972, 'r': 0.4, 'type': 1}, {'idp': 129, 'x': 8.45, 'y': -1.699, 'r': 0.4, 'type': 1}]
28789,1398693916.4637132,[{'idp': 127, 'x': 2.607, 'y': -4.036, 'r': 0.4, 'type': 1}, {'idp': 128, 'x': 4.658, 'y': -3.997, 'r': 0.4, 'type': 1}, {'idp': 129, 'x': 8.408, 'y': -1.691, 'r': 0.4, 'type': 1}]
28790,1398693916.5016768,[{'idp': 127, 'x': 2.617, 'y': -4.032, 'r': 0.4, 'type': 1}, {'idp': 128, 'x': 4.67, 'y': -4.007, 'r': 0.4, 'type': 1}, {'idp': 129, 'x': 8.413, 'y': -1.672, 'r': 0.4, 'type': 1}]
28791,1398693916.5416932,[{'idp': 127, 'x': 2.624, 'y': -4.023, 'r': 0.4, 'type': 1}, {'idp': 128, 'x': 4.675, 'y': -3.993, 'r': 0.4, 'type': 1}, {'idp': 129, 'x': 8.404, 'y': -1.671, 'r': 0.4, 'type': 1}]
28792,1398693916.5417252,[{'idp': 127, 'x': 2.62, 'y': -3.999, 'r': 0.4, 'type': 1}, {'idp': 128, 'x': 4.679, 'y': -4.015, 'r': 0.4, 'type': 1}, {'idp': 129, 'x': 8.328, 'y': -1.656, 'r': 0.4, 'type': 1}]
28793,1398693916.5817797,[{'idp': 127, 'x': 2.63, 'y': -3.995, 'r': 0.4, 'type': 1}, {'idp': 128, 'x': 4.689, 'y': -4.023, 'r': 0.4, 'type': 1}, {'idp': 129, 'x': 8.308, 'y': -1.671, 'r': 0.4, 'type': 1}]
28794,1398693916.5885055,[{'idp': 127, 'x': 2.638, 'y': -4.007, 'r': 0.4, 'type': 1}, {'idp': 128, 'x': 4.696, 'y': -4.029, 'r': 0.4, 'type': 1}, {'idp': 129, 'x': 8.254, 'y': -1.679, 'r': 0.4, 'type': 1}]
28795,1398693916.6257098,[{'idp': 127, 'x': 2.636, 'y': -3.966, 'r': 0.4, 'type': 1}, {'idp': 128, 'x': 4.708, 'y': -4.021, 'r': 0.4, 'type': 1}, {'idp': 129, 'x': 8.243, 'y': -1.639, 'r': 0.4, 'type': 1}]
28796,1398693916.6657104,[{'idp': 127, 'x': 2.655, 'y': -3.975, 'r': 0.4, 'type': 1}, {'idp': 128, 'x': 4.713, 'y': -4.043, 'r': 0.4, 'type': 1}, {'idp': 129, 'x': 8.198, 'y': -1.593, 'r': 0.4, 'type': 1}, {'idp': 130, 'x': 9.457, 'y': -1.148, 'r': 0.4, 'type': 1}]
28797,1398693916.6657457,[{'idp': 127, 'x': 2.646, 'y': -3.942, 'r': 0.4, 'type': 1}, {'idp': 128, 'x': 4.725, 'y': -4.033, 'r': 0.4, 'type': 1}, {'idp': 129, 'x': 8.141, 'y': -1.564, 'r': 0.4, 'type': 1}, {'idp': 130, 'x': 9.376, 'y': -0.985, 'r': 0.4, 'type': 1}]
28798,1398693916.7057316,[{'idp': 127, 'x': 2.639, 'y': -3.93, 'r': 0.4, 'type': 1}, {'idp': 128, 'x': 4.736, 'y': -4.041, 'r': 0.4, 'type': 1}, {'idp': 129, 'x': 8.121, 'y': -1.541, 'r': 0.4, 'type': 1}, {'idp': 130, 'x': 9.364, 'y': -0.984, 'r': 0.4, 'type': 1}]
28799,1398693916.7134635,[{'idp': 127, 'x': 2.654, 'y': -3.952, 'r': 0.4, 'type': 1}, {'idp': 128, 'x': 4.743, 'y': -4.05, 'r': 0.4, 'type': 1}, {'idp': 129, 'x': 8.062, 'y': -1.53, 'r': 0.4, 'type': 1}, {'idp': 130, 'x': 9.336, 'y': -0.981, 'r': 0.4, 'type': 1}]
28800,1398693916.7497458,[{'idp': 127, 'x': 2.661, 'y': -3.98, 'r': 0.4, 'type': 1}, {'idp': 128, 'x': 4.717, 'y': -4.045, 'r': 0.4, 'type': 1}, {'idp': 129, 'x': 8.04, 'y': -1.507, 'r': 0.4, 'type': 1}, {'idp': 130, 'x': 9.318, 'y': -0.979, 'r': 0.4, 'type': 1}]
28801,1398693916.7896826,[{'idp': 127, 'x': 2.673, 'y': -4.016, 'r': 0.4, 'type': 1}, {'idp': 128, 'x': 4.701, 'y': -4.085, 'r': 0.4, 'type': 1}, {'idp': 129, 'x': 7.988, 'y': -1.534, 'r': 0.4, 'type': 1}, {'idp': 130, 'x': 9.286, 'y': -0.955, 'r': 0.4, 'type': 1}]
28802,1398693916.7897117,[{'idp': 127, 'x': 2.703, 'y': -4.04, 'r': 0.4, 'type': 1}, {'idp': 128, 'x': 4.677, 'y': -4.09, 'r': 0.4, 'type': 1}, {'idp': 129, 'x': 7.987, 'y': -1.534, 'r': 0.4, 'type': 1}, {'idp': 130, 'x': 9.24, 'y': -0.971, 'r': 0.4, 'type': 1}]
28803,1398693916.8298461,[{'idp': 127, 'x': 2.718, 'y': -4.044, 'r': 0.4, 'type': 1}, {'idp': 128, 'x': 4.71, 'y': -4.056, 'r': 0.4, 'type': 1}, {'idp': 129, 'x': 8.001, 'y': -1.518, 'r': 0.4, 'type': 1}, {'idp': 130, 'x': 9.197, 'y': -0.926, 'r': 0.4, 'type': 1}]
28804,1398693916.8378181,[{'idp': 127, 'x': 2.774, 'y': -4.03, 'r': 0.4, 'type': 1}, {'idp': 128, 'x': 4.752, 'y': -4.038, 'r': 0.4, 'type': 1}, {'idp': 129, 'x': 7.993, 'y': -1.463, 'r': 0.4, 'type': 1}, {'idp': 130, 'x': 9.192, 'y': -0.824, 'r': 0.4, 'type': 1}]
28805,1398693916.877787,[{'idp': 127, 'x': 2.806, 'y': -4.001, 'r': 0.4, 'type': 1}, {'idp': 128, 'x': 4.809, 'y': -4.007, 'r': 0.4, 'type': 1}, {'idp': 129, 'x': 7.954, 'y': -1.366, 'r': 0.4, 'type': 1}, {'idp': 130, 'x': 9.163, 'y': -0.742, 'r': 0.4, 'type': 1}]
28806,1398693916.9176893,[{'idp': 127, 'x': 2.824, 'y': -4.007, 'r': 0.4, 'type': 1}, {'idp': 128, 'x': 4.811, 'y': -3.998, 'r': 0.4, 'type': 1}, {'idp': 129, 'x': 7.901, 'y': -1.325, 'r': 0.4, 'type': 1}, {'idp': 130, 'x': 9.111, 'y': -0.698, 'r': 0.4, 'type': 1}]
28807,1398693916.9177215,[{'idp': 127, 'x': 2.832, 'y': -4.019, 'r': 0.4, 'type': 1}, {'idp': 128, 'x': 4.794, 'y': -4.02, 'r': 0.4, 'type': 1}, {'idp': 129, 'x': 7.872, 'y': -1.318, 'r': 0.4, 'type': 1}, {'idp': 130, 'x': 9.08, 'y': -0.755, 'r': 0.4, 'type': 1}]
28808,1398693916.957729,[{'idp': 127, 'x': 2.791, 'y': -4.036, 'r': 0.4, 'type': 1}, {'idp': 128, 'x': 4.77, 'y': -4.036, 'r': 0.4, 'type': 1}, {'idp': 129, 'x': 7.806, 'y': -1.324, 'r': 0.4, 'type': 1}, {'idp': 130, 'x': 9.061, 'y': -0.794, 'r': 0.4, 'type': 1}]
28809,1398693916.962711,[{'idp': 127, 'x': 2.795, 'y': -4.041, 'r': 0.4, 'type': 1}, {'idp': 128, 'x': 4.78, 'y': -4.044, 'r': 0.4, 'type': 1}, {'idp': 129, 'x': 7.805, 'y': -1.325, 'r': 0.4, 'type': 1}, {'idp': 130, 'x': 9.011, 'y': -0.77, 'r': 0.4, 'type': 1}]
28810,1398693917.001666,[{'idp': 127, 'x': 2.814, 'y': -4.03, 'r': 0.4, 'type': 1}, {'idp': 128, 'x': 4.815, 'y': -4.035, 'r': 0.4, 'type': 1}, {'idp': 129, 'x': 7.781, 'y': -1.261, 'r': 0.4, 'type': 1}, {'idp': 130, 'x': 9.007, 'y': -0.73, 'r': 0.4, 'type': 1}]
28811,1398693917.0417051,[{'idp': 127, 'x': 2.846, 'y': -4.02, 'r': 0.4, 'type': 1}, {'idp': 128, 'x': 4.834, 'y': -4.015, 'r': 0.4, 'type': 1}, {'idp': 129, 'x': 7.755, 'y': -1.282, 'r': 0.4, 'type': 1}, {'idp': 130, 'x': 8.958, 'y': -0.668, 'r': 0.4, 'type': 1}]
28812,1398693917.0417893,[{'idp': 127, 'x': 2.86, 'y': -4.022, 'r': 0.4, 'type': 1}, {'idp': 128, 'x': 4.85, 'y': -4.031, 'r': 0.4, 'type': 1}, {'idp': 129, 'x': 7.725, 'y': -1.277, 'r': 0.4, 'type': 1}, {'idp': 130, 'x': 8.934, 'y': -0.686, 'r': 0.4, 'type': 1}]
28813,1398693917.0817628,[{'idp': 127, 'x': 2.85, 'y': -4.026, 'r': 0.4, 'type': 1}, {'idp': 128, 'x': 4.85, 'y': -4.031, 'r': 0.4, 'type': 1}, {'idp': 129, 'x': 7.667, 'y': -1.262, 'r': 0.4, 'type': 1}, {'idp': 130, 'x': 8.879, 'y': -0.681, 'r': 0.4, 'type': 1}]
28814,1398693917.0870829,[{'idp': 127, 'x': 2.84, 'y': -4.012, 'r': 0.4, 'type': 1}, {'idp': 128, 'x': 4.843, 'y': -4.044, 'r': 0.4, 'type': 1}, {'idp': 129, 'x': 7.66, 'y': -1.261, 'r': 0.4, 'type': 1}, {'idp': 130, 'x': 8.825, 'y': -0.639, 'r': 0.4, 'type': 1}]
28815,1398693917.1256702,[{'idp': 127, 'x': 2.858, 'y': -4.002, 'r': 0.4, 'type': 1}, {'idp': 128, 'x': 4.898, 'y': -4.054, 'r': 0.4, 'type': 1}, {'idp': 129, 'x': 7.59, 'y': -1.148, 'r': 0.4, 'type': 1}, {'idp': 130, 'x': 8.829, 'y': -0.619, 'r': 0.4, 'type': 1}]
28816,1398693917.1656785,[{'idp': 127, 'x': 2.846, 'y': -3.968, 'r': 0.4, 'type': 1}, {'idp': 128, 'x': 4.928, 'y': -4.043, 'r': 0.4, 'type': 1}, {'idp': 129, 'x': 7.555, 'y': -1.138, 'r': 0.4, 'type': 1}, {'idp': 130, 'x': 8.756, 'y': -0.614, 'r': 0.4, 'type': 1}]
28817,1398693917.2057114,[{'idp': 127, 'x': 2.849, 'y': -3.954, 'r': 0.4, 'type': 1}, {'idp': 128, 'x': 4.926, 'y': -4.042, 'r': 0.4, 'type': 1}, {'idp': 129, 'x': 7.535, 'y': -1.144, 'r': 0.4, 'type': 1}, {'idp': 130, 'x': 8.73, 'y': -0.593, 'r': 0.4, 'type': 1}]
28818,1398693917.2057292,[{'idp': 127, 'x': 2.81, 'y': -3.938, 'r': 0.4, 'type': 1}, {'idp': 128, 'x': 4.92, 'y': -4.055, 'r': 0.4, 'type': 1}, {'idp': 129, 'x': 7.496, 'y': -1.139, 'r': 0.4, 'type': 1}, {'idp': 130, 'x': 8.671, 'y': -0.551, 'r': 0.4, 'type': 1}]
28819,1398693917.2456906,[{'idp': 127, 'x': 2.847, 'y': -3.918, 'r': 0.4, 'type': 1}, {'idp': 128, 'x': 4.951, 'y': -4.045, 'r': 0.4, 'type': 1}, {'idp': 129, 'x': 7.457, 'y': -1.117, 'r': 0.4, 'type': 1}, {'idp': 130, 'x': 8.642, 'y': -0.53, 'r': 0.4, 'type': 1}]
28820,1398693917.2458034,[{'idp': 127, 'x': 2.882, 'y': -3.93, 'r': 0.4, 'type': 1}, {'idp': 128, 'x': 4.973, 'y': -4.063, 'r': 0.4, 'type': 1}, {'idp': 129, 'x': 7.418, 'y': -1.117, 'r': 0.4, 'type': 1}, {'idp': 130, 'x': 8.585, 'y': -0.526, 'r': 0.4, 'type': 1}]
28821,1398693917.2857459,[{'idp': 127, 'x': 2.924, 'y': -3.97, 'r': 0.4, 'type': 1}, {'idp': 128, 'x': 4.973, 'y': -4.045, 'r': 0.4, 'type': 1}, {'idp': 129, 'x': 7.381, 'y': -1.055, 'r': 0.4, 'type': 1}, {'idp': 130, 'x': 8.567, 'y': -0.506, 'r': 0.4, 'type': 1}]
28822,1398693917.289905,[{'idp': 127, 'x': 2.969, 'y': -4.013, 'r': 0.4, 'type': 1}, {'idp': 128, 'x': 4.986, 'y': -4.038, 'r': 0.4, 'type': 1}, {'idp': 129, 'x': 7.322, 'y': -1.037, 'r': 0.4, 'type': 1}, {'idp': 130, 'x': 8.519, 'y': -0.484, 'r': 0.4, 'type': 1}]
28823,1398693917.329663,[{'idp': 127, 'x': 3.002, 'y': -4.041, 'r': 0.4, 'type': 1}, {'idp': 128, 'x': 5.002, 'y': -4.051, 'r': 0.4, 'type': 1}, {'idp': 129, 'x': 7.273, 'y': -1.011, 'r': 0.4, 'type': 1}, {'idp': 130, 'x': 8.485, 'y': -0.444, 'r': 0.4, 'type': 1}]
28824,1398693917.3697515,[{'idp': 127, 'x': 3.026, 'y': -4.054, 'r': 0.4, 'type': 1}, {'idp': 128, 'x': 5.006, 'y': -4.055, 'r': 0.4, 'type': 1}, {'idp': 129, 'x': 7.227, 'y': -0.967, 'r': 0.4, 'type': 1}, {'idp': 130, 'x': 8.458, 'y': -0.443, 'r': 0.4, 'type': 1}]
28825,1398693917.3697689,[{'idp': 127, 'x': 3.04, 'y': -4.054, 'r': 0.4, 'type': 1}, {'idp': 128, 'x': 5.014, 'y': -4.043, 'r': 0.4, 'type': 1}, {'idp': 129, 'x': 7.183, 'y': -0.93, 'r': 0.4, 'type': 1}, {'idp': 130, 'x': 8.413, 'y': -0.422, 'r': 0.4, 'type': 1}]
28826,1398693917.4097173,[{'idp': 127, 'x': 3.067, 'y': -4.071, 'r': 0.4, 'type': 1}, {'idp': 128, 'x': 4.987, 'y': -4.021, 'r': 0.4, 'type': 1}, {'idp': 129, 'x': 7.134, 'y': -0.923, 'r': 0.4, 'type': 1}, {'idp': 130, 'x': 8.37, 'y': -0.402, 'r': 0.4, 'type': 1}]
28827,1398693917.4112964,[{'idp': 127, 'x': 3.061, 'y': -4.081, 'r': 0.4, 'type': 1}, {'idp': 128, 'x': 4.966, 'y': -4.004, 'r': 0.4, 'type': 1}, {'idp': 129, 'x': 7.071, 'y': -0.914, 'r': 0.4, 'type': 1}, {'idp': 130, 'x': 8.329, 'y': -0.399, 'r': 0.4, 'type': 1}]
28828,1398693917.449722,[{'idp': 127, 'x': 3.093, 'y': -4.086, 'r': 0.4, 'type': 1}, {'idp': 128, 'x': 4.973, 'y': -4.009, 'r': 0.4, 'type': 1}, {'idp': 129, 'x': 7.098, 'y': -0.903, 'r': 0.4, 'type': 1}, {'idp': 130, 'x': 8.291, 'y': -0.361, 'r': 0.4, 'type': 1}]
28829,1398693917.48972,[{'idp': 127, 'x': 3.113, 'y': -4.078, 'r': 0.4, 'type': 1}, {'idp': 128, 'x': 4.993, 'y': -3.989, 'r': 0.4, 'type': 1}, {'idp': 129, 'x': 7.088, 'y': -0.854, 'r': 0.4, 'type': 1}, {'idp': 130, 'x': 8.255, 'y': -0.323, 'r': 0.4, 'type': 1}]
28830,1398693917.489751,[{'idp': 127, 'x': 3.121, 'y': -4.072, 'r': 0.4, 'type': 1}, {'idp': 128, 'x': 5.008, 'y': -3.983, 'r': 0.4, 'type': 1}, {'idp': 129, 'x': 7.048, 'y': -0.833, 'r': 0.4, 'type': 1}, {'idp': 130, 'x': 8.208, 'y': -0.304, 'r': 0.4, 'type': 1}]
28831,1398693917.5297234,[{'idp': 127, 'x': 3.136, 'y': -4.104, 'r': 0.4, 'type': 1}, {'idp': 128, 'x': 5.039, 'y': -4.008, 'r': 0.4, 'type': 1}, {'idp': 129, 'x': 6.993, 'y': -0.827, 'r': 0.4, 'type': 1}, {'idp': 130, 'x': 8.131, 'y': -0.319, 'r': 0.4, 'type': 1}]
28832,1398693917.535778,[{'idp': 127, 'x': 3.116, 'y': -4.12, 'r': 0.4, 'type': 1}, {'idp': 128, 'x': 5.026, 'y': -4.015, 'r': 0.4, 'type': 1}, {'idp': 129, 'x': 6.958, 'y': -0.823, 'r': 0.4, 'type': 1}, {'idp': 130, 'x': 8.149, 'y': -0.32, 'r': 0.4, 'type': 1}]
28833,1398693917.573785,[{'idp': 127, 'x': 3.117, 'y': -4.122, 'r': 0.4, 'type': 1}, {'idp': 128, 'x': 5.035, 'y': -4.022, 'r': 0.4, 'type': 1}, {'idp': 129, 'x': 6.889, 'y': -0.799, 'r': 0.4, 'type': 1}, {'idp': 130, 'x': 8.047, 'y': -0.298, 'r': 0.4, 'type': 1}]
28834,1398693917.6137304,[{'idp': 127, 'x': 3.155, 'y': -4.113, 'r': 0.4, 'type': 1}, {'idp': 128, 'x': 5.057, 'y': -4.021, 'r': 0.4, 'type': 1}, {'idp': 129, 'x': 6.822, 'y': -0.762, 'r': 0.4, 'type': 1}, {'idp': 130, 'x': 8.018, 'y': -0.262, 'r': 0.4, 'type': 1}]
28835,1398693917.6137676,[{'idp': 127, 'x': 3.165, 'y': -4.108, 'r': 0.4, 'type': 1}, {'idp': 128, 'x': 5.076, 'y': -4.0, 'r': 0.4, 'type': 1}, {'idp': 129, 'x': 6.737, 'y': -0.723, 'r': 0.4, 'type': 1}, {'idp': 130, 'x': 7.987, 'y': -0.227, 'r': 0.4, 'type': 1}]
28836,1398693917.6537802,[{'idp': 127, 'x': 3.162, 'y': -4.124, 'r': 0.4, 'type': 1}, {'idp': 128, 'x': 5.09, 'y': -4.011, 'r': 0.4, 'type': 1}, {'idp': 129, 'x': 6.716, 'y': -0.706, 'r': 0.4, 'type': 1}, {'idp': 130, 'x': 7.962, 'y': -0.226, 'r': 0.4, 'type': 1}]
28837,1398693917.660637,[{'idp': 127, 'x': 3.154, 'y': -4.138, 'r': 0.4, 'type': 1}, {'idp': 128, 'x': 5.054, 'y': -4.001, 'r': 0.4, 'type': 1}, {'idp': 129, 'x': 6.762, 'y': -0.727, 'r': 0.4, 'type': 1}, {'idp': 130, 'x': 7.943, 'y': -0.226, 'r': 0.4, 'type': 1}]
28838,1398693917.6977108,[{'idp': 127, 'x': 3.166, 'y': -4.129, 'r': 0.4, 'type': 1}, {'idp': 128, 'x': 5.071, 'y': -4.014, 'r': 0.4, 'type': 1}, {'idp': 129, 'x': 6.735, 'y': -0.694, 'r': 0.4, 'type': 1}, {'idp': 130, 'x': 7.918, 'y': -0.208, 'r': 0.4, 'type': 1}]
28839,1398693917.737647,[{'idp': 127, 'x': 3.184, 'y': -4.13, 'r': 0.4, 'type': 1}, {'idp': 128, 'x': 5.066, 'y': -3.991, 'r': 0.4, 'type': 1}, {'idp': 129, 'x': 6.761, 'y': -0.682, 'r': 0.4, 'type': 1}, {'idp': 130, 'x': 7.913, 'y': -0.191, 'r': 0.4, 'type': 1}]
28840,1398693917.7376647,[{'idp': 127, 'x': 3.188, 'y': -4.144, 'r': 0.4, 'type': 1}, {'idp': 128, 'x': 5.099, 'y': -4.0, 'r': 0.4, 'type': 1}, {'idp': 129, 'x': 6.722, 'y': -0.664, 'r': 0.4, 'type': 1}, {'idp': 130, 'x': 7.867, 'y': -0.173, 'r': 0.4, 'type': 1}]
28841,1398693917.7777877,[{'idp': 127, 'x': 3.194, 'y': -4.144, 'r': 0.4, 'type': 1}, {'idp': 128, 'x': 5.096, 'y': -4.015, 'r': 0.4, 'type': 1}, {'idp': 129, 'x': 6.686, 'y': -0.646, 'r': 0.4, 'type': 1}, {'idp': 130, 'x': 7.839, 'y': -0.172, 'r': 0.4, 'type': 1}]
28842,1398693917.785257,[{'idp': 127, 'x': 3.224, 'y': -4.152, 'r': 0.4, 'type': 1}, {'idp': 128, 'x': 5.092, 'y': -4.012, 'r': 0.4, 'type': 1}, {'idp': 129, 'x': 6.691, 'y': -0.661, 'r': 0.4, 'type': 1}, {'idp': 130, 'x': 7.768, 'y': -0.154, 'r': 0.4, 'type': 1}]
28843,1398693917.8217204,[{'idp': 127, 'x': 3.209, 'y': -4.172, 'r': 0.4, 'type': 1}, {'idp': 128, 'x': 5.092, 'y': -4.012, 'r': 0.4, 'type': 1}, {'idp': 129, 'x': 6.649, 'y': -0.642, 'r': 0.4, 'type': 1}, {'idp': 130, 'x': 7.664, 'y': -0.134, 'r': 0.4, 'type': 1}]
28844,1398693917.8617315,[{'idp': 127, 'x': 3.252, 'y': -4.178, 'r': 0.4, 'type': 1}, {'idp': 128, 'x': 5.111, 'y': -4.009, 'r': 0.4, 'type': 1}, {'idp': 129, 'x': 6.549, 'y': -0.603, 'r': 0.4, 'type': 1}, {'idp': 130, 'x': 7.652, 'y': -0.15, 'r': 0.4, 'type': 1}]
28845,1398693917.8617616,[{'idp': 127, 'x': 3.247, 'y': -4.178, 'r': 0.4, 'type': 1}, {'idp': 128, 'x': 5.09, 'y': -3.993, 'r': 0.4, 'type': 1}, {'idp': 129, 'x': 6.416, 'y': -0.547, 'r': 0.4, 'type': 1}, {'idp': 130, 'x': 7.615, 'y': -0.1, 'r': 0.4, 'type': 1}]
28846,1398693917.9017205,[{'idp': 127, 'x': 3.264, 'y': -4.18, 'r': 0.4, 'type': 1}, {'idp': 128, 'x': 5.13, 'y': -3.988, 'r': 0.4, 'type': 1}, {'idp': 129, 'x': 6.407, 'y': -0.518, 'r': 0.4, 'type': 1}, {'idp': 130, 'x': 7.6, 'y': -0.082, 'r': 0.4, 'type': 1}]
28847,1398693917.909806,[{'idp': 127, 'x': 3.259, 'y': -4.198, 'r': 0.4, 'type': 1}, {'idp': 128, 'x': 5.152, 'y': -3.987, 'r': 0.4, 'type': 1}, {'idp': 129, 'x': 6.405, 'y': -0.504, 'r': 0.4, 'type': 1}, {'idp': 130, 'x': 7.608, 'y': -0.049, 'r': 0.4, 'type': 1}]
28848,1398693917.9497776,[{'idp': 127, 'x': 3.276, 'y': -4.198, 'r': 0.4, 'type': 1}, {'idp': 128, 'x': 5.108, 'y': -3.972, 'r': 0.4, 'type': 1}, {'idp': 129, 'x': 6.401, 'y': -0.503, 'r': 0.4, 'type': 1}, {'idp': 130, 'x': 7.563, 'y': -0.049, 'r': 0.4, 'type': 1}]
28849,1398693917.9896712,[{'idp': 127, 'x': 3.28, 'y': -4.204, 'r': 0.4, 'type': 1}, {'idp': 128, 'x': 5.117, 'y': -3.961, 'r': 0.4, 'type': 1}, {'idp': 129, 'x': 6.403, 'y': -0.475, 'r': 0.4, 'type': 1}, {'idp': 130, 'x': 7.537, 'y': -0.016, 'r': 0.4, 'type': 1}]
28850,1398693917.9897,[{'idp': 127, 'x': 3.313, 'y': -4.203, 'r': 0.4, 'type': 1}, {'idp': 128, 'x': 5.094, 'y': -3.943, 'r': 0.4, 'type': 1}, {'idp': 129, 'x': 6.392, 'y': -0.46, 'r': 0.4, 'type': 1}, {'idp': 130, 'x': 7.503, 'y': 0.0, 'r': 0.4, 'type': 1}]
28851,1398693918.029744,[{'idp': 127, 'x': 3.327, 'y': -4.202, 'r': 0.4, 'type': 1}, {'idp': 128, 'x': 5.101, 'y': -3.931, 'r': 0.4, 'type': 1}, {'idp': 129, 'x': 6.363, 'y': -0.458, 'r': 0.4, 'type': 1}, {'idp': 130, 'x': 7.487, 'y': 0.017, 'r': 0.4, 'type': 1}]
28852,1398693918.0350819,[{'idp': 127, 'x': 3.311, 'y': -4.201, 'r': 0.4, 'type': 1}, {'idp': 128, 'x': 5.067, 'y': -3.923, 'r': 0.4, 'type': 1}, {'idp': 129, 'x': 6.329, 'y': -0.456, 'r': 0.4, 'type': 1}, {'idp': 130, 'x': 7.456, 'y': 0.0, 'r': 0.4, 'type': 1}]
28853,1398693918.0737684,[{'idp': 127, 'x': 3.33, 'y': -4.187, 'r': 0.4, 'type': 1}, {'idp': 128, 'x': 5.121, 'y': -3.948, 'r': 0.4, 'type': 1}, {'idp': 129, 'x': 6.299, 'y': -0.44, 'r': 0.4, 'type': 1}, {'idp': 130, 'x': 7.431, 'y': 0.032, 'r': 0.4, 'type': 1}]
28854,1398693918.1136744,[{'idp': 127, 'x': 3.346, 'y': -4.209, 'r': 0.4, 'type': 1}, {'idp': 128, 'x': 5.154, 'y': -3.938, 'r': 0.4, 'type': 1}, {'idp': 129, 'x': 6.25, 'y': -0.412, 'r': 0.4, 'type': 1}, {'idp': 130, 'x': 7.396, 'y': 0.048, 'r': 0.4, 'type': 1}]
28855,1398693918.1136997,[{'idp': 127, 'x': 3.352, 'y': -4.196, 'r': 0.4, 'type': 1}, {'idp': 128, 'x': 5.173, 'y': -3.952, 'r': 0.4, 'type': 1}, {'idp': 129, 'x': 6.209, 'y': -0.398, 'r': 0.4, 'type': 1}, {'idp': 130, 'x': 7.371, 'y': 0.03, 'r': 0.4, 'type': 1}]
28856,1398693918.1536915,[{'idp': 127, 'x': 3.345, 'y': -4.187, 'r': 0.4, 'type': 1}, {'idp': 128, 'x': 5.208, 'y': -3.979, 'r': 0.4, 'type': 1}, {'idp': 129, 'x': 6.178, 'y': -0.379, 'r': 0.4, 'type': 1}, {'idp': 130, 'x': 7.33, 'y': 0.062, 'r': 0.4, 'type': 1}]
28857,1398693918.1596217,[{'idp': 127, 'x': 3.348, 'y': -4.192, 'r': 0.4, 'type': 1}, {'idp': 128, 'x': 5.216, 'y': -3.985, 'r': 0.4, 'type': 1}, {'idp': 129, 'x': 6.133, 'y': -0.363, 'r': 0.4, 'type': 1}, {'idp': 130, 'x': 7.285, 'y': 0.078, 'r': 0.4, 'type': 1}]
28858,1398693918.1976812,[{'idp': 127, 'x': 3.331, 'y': -4.151, 'r': 0.4, 'type': 1}, {'idp': 128, 'x': 5.221, 'y': -3.97, 'r': 0.4, 'type': 1}, {'idp': 129, 'x': 6.083, 'y': -0.328, 'r': 0.4, 'type': 1}, {'idp': 130, 'x': 7.238, 'y': 0.113, 'r': 0.4, 'type': 1}]
28859,1398693918.2376907,[{'idp': 127, 'x': 3.315, 'y': -4.111, 'r': 0.4, 'type': 1}, {'idp': 128, 'x': 5.218, 'y': -3.968, 'r': 0.4, 'type': 1}, {'idp': 129, 'x': 6.069, 'y': -0.321, 'r': 0.4, 'type': 1}, {'idp': 130, 'x': 7.186, 'y': 0.131, 'r': 0.4, 'type': 1}]
28860,1398693918.2377222,[{'idp': 127, 'x': 3.314, 'y': -4.129, 'r': 0.4, 'type': 1}, {'idp': 128, 'x': 5.22, 'y': -3.971, 'r': 0.4, 'type': 1}, {'idp': 129, 'x': 6.041, 'y': -0.32, 'r': 0.4, 'type': 1}, {'idp': 130, 'x': 7.167, 'y': 0.144, 'r': 0.4, 'type': 1}]
28861,1398693918.2777934,[{'idp': 127, 'x': 3.326, 'y': -4.143, 'r': 0.4, 'type': 1}, {'idp': 128, 'x': 5.21, 'y': -3.962, 'r': 0.4, 'type': 1}, {'idp': 129, 'x': 5.973, 'y': -0.296, 'r': 0.4, 'type': 1}, {'idp': 130, 'x': 7.155, 'y': 0.143, 'r': 0.4, 'type': 1}]
28862,1398693918.284813,[{'idp': 127, 'x': 3.383, 'y': -4.157, 'r': 0.4, 'type': 1}, {'idp': 128, 'x': 5.227, 'y': -3.939, 'r': 0.4, 'type': 1}, {'idp': 129, 'x': 5.958, 'y': -0.277, 'r': 0.4, 'type': 1}, {'idp': 130, 'x': 7.098, 'y': 0.191, 'r': 0.4, 'type': 1}]
28863,1398693918.32173,[{'idp': 127, 'x': 3.401, 'y': -4.159, 'r': 0.4, 'type': 1}, {'idp': 128, 'x': 5.267, 'y': -3.956, 'r': 0.4, 'type': 1}, {'idp': 129, 'x': 5.926, 'y': -0.241, 'r': 0.4, 'type': 1}, {'idp': 130, 'x': 7.079, 'y': 0.199, 'r': 0.4, 'type': 1}]
28864,1398693918.3621325,[{'idp': 127, 'x': 3.402, 'y': -4.161, 'r': 0.4, 'type': 1}, {'idp': 128, 'x': 5.273, 'y': -3.938, 'r': 0.4, 'type': 1}, {'idp': 129, 'x': 5.909, 'y': -0.237, 'r': 0.4, 'type': 1}, {'idp': 130, 'x': 7.037, 'y': 0.229, 'r': 0.4, 'type': 1}]
28865,1398693918.3621547,[{'idp': 127, 'x': 3.405, 'y': -4.165, 'r': 0.4, 'type': 1}, {'idp': 128, 'x': 5.245, 'y': -3.923, 'r': 0.4, 'type': 1}, {'idp': 129, 'x': 5.866, 'y': -0.235, 'r': 0.4, 'type': 1}, {'idp': 130, 'x': 7.006, 'y': 0.228, 'r': 0.4, 'type': 1}]
28866,1398693918.4017491,[{'idp': 127, 'x': 3.414, 'y': -4.176, 'r': 0.4, 'type': 1}, {'idp': 128, 'x': 5.258, 'y': -3.926, 'r': 0.4, 'type': 1}, {'idp': 129, 'x': 5.81, 'y': -0.218, 'r': 0.4, 'type': 1}, {'idp': 130, 'x': 6.963, 'y': 0.231, 'r': 0.4, 'type': 1}]
28867,1398693918.4095066,[{'idp': 127, 'x': 3.42, 'y': -4.201, 'r': 0.4, 'type': 1}, {'idp': 128, 'x': 5.244, 'y': -3.933, 'r': 0.4, 'type': 1}, {'idp': 129, 'x': 5.742, 'y': -0.202, 'r': 0.4, 'type': 1}, {'idp': 130, 'x': 6.91, 'y': 0.281, 'r': 0.4, 'type': 1}]
28868,1398693918.4457111,[{'idp': 127, 'x': 3.417, 'y': -4.215, 'r': 0.4, 'type': 1}, {'idp': 128, 'x': 5.241, 'y': -3.931, 'r': 0.4, 'type': 1}, {'idp': 129, 'x': 5.711, 'y': -0.206, 'r': 0.4, 'type': 1}, {'idp': 130, 'x': 6.918, 'y': 0.27, 'r': 0.4, 'type': 1}]
28869,1398693918.4857252,[{'idp': 127, 'x': 3.44, 'y': -4.225, 'r': 0.4, 'type': 1}, {'idp': 128, 'x': 5.268, 'y': -3.923, 'r': 0.4, 'type': 1}, {'idp': 129, 'x': 5.691, 'y': -0.181, 'r': 0.4, 'type': 1}, {'idp': 130, 'x': 6.871, 'y': 0.269, 'r': 0.4, 'type': 1}]
28870,1398693918.4857543,[{'idp': 127, 'x': 3.447, 'y': -4.214, 'r': 0.4, 'type': 1}, {'idp': 128, 'x': 5.268, 'y': -3.915, 'r': 0.4, 'type': 1}, {'idp': 129, 'x': 5.621, 'y': -0.141, 'r': 0.4, 'type': 1}, {'idp': 130, 'x': 6.815, 'y': 0.312, 'r': 0.4, 'type': 1}]
28871,1398693918.525725,[{'idp': 127, 'x': 3.454, 'y': -4.204, 'r': 0.4, 'type': 1}, {'idp': 128, 'x': 5.272, 'y': -3.891, 'r': 0.4, 'type': 1}, {'idp': 129, 'x': 5.601, 'y': -0.137, 'r': 0.4, 'type': 1}, {'idp': 130, 'x': 6.797, 'y': 0.341, 'r': 0.4, 'type': 1}]
28872,1398693918.5348425,[{'idp': 127, 'x': 3.454, 'y': -4.204, 'r': 0.4, 'type': 1}, {'idp': 128, 'x': 5.267, 'y': -3.906, 'r': 0.4, 'type': 1}, {'idp': 129, 'x': 5.563, 'y': -0.106, 'r': 0.4, 'type': 1}, {'idp': 130, 'x': 6.768, 'y': 0.325, 'r': 0.4, 'type': 1}]
28873,1398693918.573685,[{'idp': 127, 'x': 3.423, 'y': -4.204, 'r': 0.4, 'type': 1}, {'idp': 128, 'x': 5.266, 'y': -3.895, 'r': 0.4, 'type': 1}, {'idp': 129, 'x': 5.559, 'y': -0.099, 'r': 0.4, 'type': 1}, {'idp': 130, 'x': 6.751, 'y': 0.324, 'r': 0.4, 'type': 1}]
28874,1398693918.6137786,[{'idp': 127, 'x': 3.43, 'y': -4.213, 'r': 0.4, 'type': 1}, {'idp': 128, 'x': 5.267, 'y': -3.887, 'r': 0.4, 'type': 1}, {'idp': 129, 'x': 5.523, 'y': -0.088, 'r': 0.4, 'type': 1}, {'idp': 130, 'x': 6.722, 'y': 0.323, 'r': 0.4, 'type': 1}]
28875,1398693918.6138139,[{'idp': 127, 'x': 3.419, 'y': -4.199, 'r': 0.4, 'type': 1}, {'idp': 128, 'x': 5.265, 'y': -3.895, 'r': 0.4, 'type': 1}, {'idp': 129, 'x': 5.49, 'y': -0.06, 'r': 0.4, 'type': 1}, {'idp': 130, 'x': 6.672, 'y': 0.321, 'r': 0.4, 'type': 1}]
28876,1398693918.653724,[{'idp': 127, 'x': 3.446, 'y': -4.213, 'r': 0.4, 'type': 1}, {'idp': 128, 'x': 5.252, 'y': -3.895, 'r': 0.4, 'type': 1}, {'idp': 129, 'x': 5.437, 'y': -0.056, 'r': 0.4, 'type': 1}, {'idp': 130, 'x': 6.612, 'y': 0.347, 'r': 0.4, 'type': 1}]
28877,1398693918.6597111,[{'idp': 127, 'x': 3.423, 'y': -4.205, 'r': 0.4, 'type': 1}, {'idp': 128, 'x': 5.255, 'y': -3.869, 'r': 0.4, 'type': 1}, {'idp': 129, 'x': 5.419, 'y': -0.035, 'r': 0.4, 'type': 1}, {'idp': 130, 'x': 6.549, 'y': 0.358, 'r': 0.4, 'type': 1}]
28878,1398693918.6977172,[{'idp': 127, 'x': 3.435, 'y': -4.182, 'r': 0.4, 'type': 1}, {'idp': 128, 'x': 5.299, 'y': -3.874, 'r': 0.4, 'type': 1}, {'idp': 129, 'x': 5.36, 'y': -0.023, 'r': 0.4, 'type': 1}, {'idp': 130, 'x': 6.485, 'y': 0.383, 'r': 0.4, 'type': 1}]
28879,1398693918.7377148,[{'idp': 127, 'x': 3.423, 'y': -4.15, 'r': 0.4, 'type': 1}, {'idp': 128, 'x': 5.301, 'y': -3.84, 'r': 0.4, 'type': 1}, {'idp': 129, 'x': 5.302, 'y': 0.012, 'r': 0.4, 'type': 1}, {'idp': 130, 'x': 6.381, 'y': 0.404, 'r': 0.4, 'type': 1}]
28880,1398693918.7377434,[{'idp': 127, 'x': 3.406, 'y': -4.112, 'r': 0.4, 'type': 1}, {'idp': 128, 'x': 5.285, 'y': -3.838, 'r': 0.4, 'type': 1}, {'idp': 129, 'x': 5.219, 'y': 0.046, 'r': 0.4, 'type': 1}, {'idp': 130, 'x': 6.389, 'y': 0.419, 'r': 0.4, 'type': 1}]
28881,1398693918.7777925,[{'idp': 127, 'x': 3.429, 'y': -4.122, 'r': 0.4, 'type': 1}, {'idp': 128, 'x': 5.286, 'y': -3.839, 'r': 0.4, 'type': 1}, {'idp': 129, 'x': 5.159, 'y': 0.044, 'r': 0.4, 'type': 1}, {'idp': 130, 'x': 6.358, 'y': 0.43, 'r': 0.4, 'type': 1}]
28882,1398693918.7843297,[{'idp': 127, 'x': 3.473, 'y': -4.12, 'r': 0.4, 'type': 1}, {'idp': 128, 'x': 5.288, 'y': -3.824, 'r': 0.4, 'type': 1}, {'idp': 129, 'x': 5.159, 'y': 0.066, 'r': 0.4, 'type': 1}, {'idp': 130, 'x': 6.377, 'y': 0.444, 'r': 0.4, 'type': 1}]
28883,1398693918.8217046,[{'idp': 127, 'x': 3.504, 'y': -4.158, 'r': 0.4, 'type': 1}, {'idp': 128, 'x': 5.31, 'y': -3.823, 'r': 0.4, 'type': 1}, {'idp': 129, 'x': 5.134, 'y': 0.077, 'r': 0.4, 'type': 1}, {'idp': 130, 'x': 6.335, 'y': 0.469, 'r': 0.4, 'type': 1}]
28884,1398693918.8617408,[{'idp': 127, 'x': 3.519, 'y': -4.196, 'r': 0.4, 'type': 1}, {'idp': 128, 'x': 5.327, 'y': -3.835, 'r': 0.4, 'type': 1}, {'idp': 129, 'x': 5.121, 'y': 0.087, 'r': 0.4, 'type': 1}, {'idp': 130, 'x': 6.346, 'y': 0.456, 'r': 0.4, 'type': 1}]
28885,1398693918.8617697,[{'idp': 127, 'x': 3.544, 'y': -4.207, 'r': 0.4, 'type': 1}, {'idp': 128, 'x': 5.314, 'y': -3.843, 'r': 0.4, 'type': 1}, {'idp': 129, 'x': 5.077, 'y': 0.097, 'r': 0.4, 'type': 1}, {'idp': 130, 'x': 6.315, 'y': 0.467, 'r': 0.4, 'type': 1}]
28886,1398693918.901755,[{'idp': 127, 'x': 3.563, 'y': -4.211, 'r': 0.4, 'type': 1}, {'idp': 128, 'x': 5.336, 'y': -3.824, 'r': 0.4, 'type': 1}, {'idp': 129, 'x': 5.078, 'y': 0.119, 'r': 0.4, 'type': 1}, {'idp': 130, 'x': 6.262, 'y': 0.504, 'r': 0.4, 'type': 1}]
28887,1398693918.9090853,[{'idp': 127, 'x': 3.588, 'y': -4.222, 'r': 0.4, 'type': 1}, {'idp': 128, 'x': 5.328, 'y': -3.801, 'r': 0.4, 'type': 1}, {'idp': 129, 'x': 5.037, 'y': 0.151, 'r': 0.4, 'type': 1}, {'idp': 130, 'x': 6.222, 'y': 0.556, 'r': 0.4, 'type': 1}]
28888,1398693918.9457016,[{'idp': 127, 'x': 3.623, 'y': -4.225, 'r': 0.4, 'type': 1}, {'idp': 128, 'x': 5.359, 'y': -3.788, 'r': 0.4, 'type': 1}, {'idp': 129, 'x': 4.998, 'y': 0.172, 'r': 0.4, 'type': 1}, {'idp': 130, 'x': 6.171, 'y': 0.578, 'r': 0.4, 'type': 1}]
28889,1398693918.9856985,[{'idp': 127, 'x': 3.634, 'y': -4.238, 'r': 0.4, 'type': 1}, {'idp': 128, 'x': 5.359, 'y': -3.788, 'r': 0.4, 'type': 1}, {'idp': 129, 'x': 5.001, 'y': 0.172, 'r': 0.4, 'type': 1}, {'idp': 130, 'x': 6.167, 'y': 0.565, 'r': 0.4, 'type': 1}]
28890,1398693918.985728,[{'idp': 127, 'x': 3.651, 'y': -4.237, 'r': 0.4, 'type': 1}, {'idp': 128, 'x': 5.365, 'y': -3.775, 'r': 0.4, 'type': 1}, {'idp': 129, 'x': 4.964, 'y': 0.181, 'r': 0.4, 'type': 1}, {'idp': 130, 'x': 6.108, 'y': 0.573, 'r': 0.4, 'type': 1}]
28891,1398693919.0257835,[{'idp': 127, 'x': 3.647, 'y': -4.257, 'r': 0.4, 'type': 1}, {'idp': 128, 'x': 5.342, 'y': -3.776, 'r': 0.4, 'type': 1}, {'idp': 129, 'x': 4.895, 'y': 0.189, 'r': 0.4, 'type': 1}, {'idp': 130, 'x': 6.077, 'y': 0.557, 'r': 0.4, 'type': 1}]
28892,1398693919.0340004,[{'idp': 127, 'x': 3.673, 'y': -4.26, 'r': 0.4, 'type': 1}, {'idp': 128, 'x': 5.33, 'y': -3.767, 'r': 0.4, 'type': 1}, {'idp': 129, 'x': 4.824, 'y': 0.219, 'r': 0.4, 'type': 1}, {'idp': 130, 'x': 6.023, 'y': 0.579, 'r': 0.4, 'type': 1}]
28893,1398693919.0736947,[{'idp': 127, 'x': 3.686, 'y': -4.237, 'r': 0.4, 'type': 1}, {'idp': 128, 'x': 5.342, 'y': -3.741, 'r': 0.4, 'type': 1}, {'idp': 129, 'x': 4.781, 'y': 0.259, 'r': 0.4, 'type': 1}, {'idp': 130, 'x': 6.003, 'y': 0.603, 'r': 0.4, 'type': 1}]
28894,1398693919.1136954,[{'idp': 127, 'x': 3.703, 'y': -4.223, 'r': 0.4, 'type': 1}, {'idp': 128, 'x': 5.323, 'y': -3.693, 'r': 0.4, 'type': 1}, {'idp': 129, 'x': 4.722, 'y': 0.287, 'r': 0.4, 'type': 1}, {'idp': 130, 'x': 5.907, 'y': 0.647, 'r': 0.4, 'type': 1}]
28895,1398693919.1137247,[{'idp': 127, 'x': 3.72, 'y': -4.235, 'r': 0.4, 'type': 1}, {'idp': 128, 'x': 5.346, 'y': -3.691, 'r': 0.4, 'type': 1}, {'idp': 129, 'x': 4.712, 'y': 0.287, 'r': 0.4, 'type': 1}, {'idp': 130, 'x': 5.861, 'y': 0.668, 'r': 0.4, 'type': 1}]
28896,1398693919.1536517,[{'idp': 127, 'x': 3.705, 'y': -4.245, 'r': 0.4, 'type': 1}, {'idp': 128, 'x': 5.386, 'y': -3.736, 'r': 0.4, 'type': 1}, {'idp': 129, 'x': 4.586, 'y': 0.29, 'r': 0.4, 'type': 1}, {'idp': 130, 'x': 5.896, 'y': 0.659, 'r': 0.4, 'type': 1}]
28897,1398693919.1586711,[{'idp': 127, 'x': 3.704, 'y': -4.243, 'r': 0.4, 'type': 1}, {'idp': 128, 'x': 5.363, 'y': -3.737, 'r': 0.4, 'type': 1}, {'idp': 129, 'x': 4.644, 'y': 0.316, 'r': 0.4, 'type': 1}, {'idp': 130, 'x': 5.843, 'y': 0.666, 'r': 0.4, 'type': 1}]
28898,1398693919.1977437,[{'idp': 127, 'x': 3.714, 'y': -4.254, 'r': 0.4, 'type': 1}, {'idp': 128, 'x': 5.396, 'y': -3.725, 'r': 0.4, 'type': 1}, {'idp': 129, 'x': 4.633, 'y': 0.335, 'r': 0.4, 'type': 1}, {'idp': 130, 'x': 5.841, 'y': 0.718, 'r': 0.4, 'type': 1}]
28899,1398693919.2377126,[{'idp': 127, 'x': 3.73, 'y': -4.235, 'r': 0.4, 'type': 1}, {'idp': 128, 'x': 5.41, 'y': -3.734, 'r': 0.4, 'type': 1}, {'idp': 129, 'x': 4.626, 'y': 0.355, 'r': 0.4, 'type': 1}, {'idp': 130, 'x': 5.797, 'y': 0.751, 'r': 0.4, 'type': 1}]
28900,1398693919.2377756,[{'idp': 127, 'x': 3.722, 'y': -4.254, 'r': 0.4, 'type': 1}, {'idp': 128, 'x': 5.389, 'y': -3.719, 'r': 0.4, 'type': 1}, {'idp': 129, 'x': 4.614, 'y': 0.384, 'r': 0.4, 'type': 1}, {'idp': 130, 'x': 5.809, 'y': 0.804, 'r': 0.4, 'type': 1}]
28901,1398693919.2777414,[{'idp': 127, 'x': 3.721, 'y': -4.252, 'r': 0.4, 'type': 1}, {'idp': 128, 'x': 5.415, 'y': -3.737, 'r': 0.4, 'type': 1}, {'idp': 129, 'x': 4.583, 'y': 0.402, 'r': 0.4, 'type': 1}, {'idp': 130, 'x': 5.774, 'y': 0.85, 'r': 0.4, 'type': 1}]
28902,1398693919.283137,[{'idp': 127, 'x': 3.754, 'y': -4.242, 'r': 0.4, 'type': 1}, {'idp': 128, 'x': 5.405, 'y': -3.73, 'r': 0.4, 'type': 1}, {'idp': 129, 'x': 4.511, 'y': 0.435, 'r': 0.4, 'type': 1}, {'idp': 130, 'x': 5.692, 'y': 0.835, 'r': 0.4, 'type': 1}]
28903,1398693919.32171,[{'idp': 127, 'x': 3.766, 'y': -4.218, 'r': 0.4, 'type': 1}, {'idp': 128, 'x': 5.438, 'y': -3.718, 'r': 0.4, 'type': 1}, {'idp': 129, 'x': 4.463, 'y': 0.46, 'r': 0.4, 'type': 1}, {'idp': 130, 'x': 5.633, 'y': 0.871, 'r': 0.4, 'type': 1}]
28904,1398693919.3617196,[{'idp': 127, 'x': 3.777, 'y': -4.231, 'r': 0.4, 'type': 1}, {'idp': 128, 'x': 5.392, 'y': -3.721, 'r': 0.4, 'type': 1}, {'idp': 129, 'x': 4.437, 'y': 0.475, 'r': 0.4, 'type': 1}, {'idp': 130, 'x': 5.646, 'y': 0.784, 'r': 0.4, 'type': 1}]
28905,1398693919.3617501,[{'idp': 127, 'x': 3.758, 'y': -4.238, 'r': 0.4, 'type': 1}, {'idp': 128, 'x': 5.416, 'y': -3.738, 'r': 0.4, 'type': 1}, {'idp': 129, 'x': 4.41, 'y': 0.478, 'r': 0.4, 'type': 1}, {'idp': 130, 'x': 5.621, 'y': 0.808, 'r': 0.4, 'type': 1}]
28906,1398693919.4017088,[{'idp': 127, 'x': 3.783, 'y': -4.229, 'r': 0.4, 'type': 1}, {'idp': 128, 'x': 5.419, 'y': -3.723, 'r': 0.4, 'type': 1}, {'idp': 129, 'x': 4.385, 'y': 0.524, 'r': 0.4, 'type': 1}, {'idp': 130, 'x': 5.626, 'y': 0.813, 'r': 0.4, 'type': 1}]
28907,1398693919.4079607,[{'idp': 127, 'x': 3.799, 'y': -4.201, 'r': 0.4, 'type': 1}, {'idp': 128, 'x': 5.436, 'y': -3.717, 'r': 0.4, 'type': 1}, {'idp': 129, 'x': 4.344, 'y': 0.539, 'r': 0.4, 'type': 1}, {'idp': 130, 'x': 5.626, 'y': 0.787, 'r': 0.4, 'type': 1}]
28908,1398693919.4458015,[{'idp': 127, 'x': 3.807, 'y': -4.217, 'r': 0.4, 'type': 1}, {'idp': 128, 'x': 5.45, 'y': -3.709, 'r': 0.4, 'type': 1}, {'idp': 129, 'x': 4.305, 'y': 0.551, 'r': 0.4, 'type': 1}, {'idp': 130, 'x': 5.585, 'y': 0.777, 'r': 0.4, 'type': 1}]
28909,1398693919.4857025,[{'idp': 127, 'x': 3.801, 'y': -4.214, 'r': 0.4, 'type': 1}, {'idp': 128, 'x': 5.44, 'y': -3.719, 'r': 0.4, 'type': 1}, {'idp': 129, 'x': 4.274, 'y': 0.587, 'r': 0.4, 'type': 1}, {'idp': 130, 'x': 5.622, 'y': 0.703, 'r': 0.4, 'type': 1}]
28910,1398693919.4857323,[{'idp': 127, 'x': 3.821, 'y': -4.21, 'r': 0.4, 'type': 1}, {'idp': 128, 'x': 5.457, 'y': -3.696, 'r': 0.4, 'type': 1}, {'idp': 129, 'x': 4.243, 'y': 0.602, 'r': 0.4, 'type': 1}, {'idp': 130, 'x': 5.604, 'y': 0.725, 'r': 0.4, 'type': 1}]
28911,1398693919.525719,[{'idp': 127, 'x': 3.842, 'y': -4.196, 'r': 0.4, 'type': 1}, {'idp': 128, 'x': 5.471, 'y': -3.688, 'r': 0.4, 'type': 1}, {'idp': 129, 'x': 4.204, 'y': 0.605, 'r': 0.4, 'type': 1}, {'idp': 130, 'x': 5.566, 'y': 0.745, 'r': 0.4, 'type': 1}, {'idp': 131, 'x': 5.908, 'y': -7.62, 'r': 0.4, 'type': 1}]
28912,1398693919.5331106,[{'idp': 127, 'x': 3.857, 'y': -4.193, 'r': 0.4, 'type': 1}, {'idp': 128, 'x': 5.462, 'y': -3.682, 'r': 0.4, 'type': 1}, {'idp': 129, 'x': 4.175, 'y': 0.609, 'r': 0.4, 'type': 1}, {'idp': 130, 'x': 5.519, 'y': 0.764, 'r': 0.4, 'type': 1}, {'idp': 131, 'x': 5.872, 'y': -7.618, 'r': 0.4, 'type': 1}]
28913,1398693919.5696852,[{'idp': 127, 'x': 3.848, 'y': -4.182, 'r': 0.4, 'type': 1}, {'idp': 128, 'x': 5.457, 'y': -3.68, 'r': 0.4, 'type': 1}, {'idp': 129, 'x': 4.129, 'y': 0.631, 'r': 0.4, 'type': 1}, {'idp': 130, 'x': 5.522, 'y': 0.776, 'r': 0.4, 'type': 1}, {'idp': 131, 'x': 5.853, 'y': -7.627, 'r': 0.4, 'type': 1}]
28914,1398693919.6096778,[{'idp': 127, 'x': 3.842, 'y': -4.194, 'r': 0.4, 'type': 1}, {'idp': 128, 'x': 5.434, 'y': -3.665, 'r': 0.4, 'type': 1}, {'idp': 129, 'x': 4.098, 'y': 0.647, 'r': 0.4, 'type': 1}, {'idp': 130, 'x': 5.501, 'y': 0.773, 'r': 0.4, 'type': 1}, {'idp': 131, 'x': 5.832, 'y': -7.635, 'r': 0.4, 'type': 1}]
28915,1398693919.609709,[{'idp': 127, 'x': 3.842, 'y': -4.176, 'r': 0.4, 'type': 1}, {'idp': 128, 'x': 5.368, 'y': -3.638, 'r': 0.4, 'type': 1}, {'idp': 129, 'x': 4.068, 'y': 0.647, 'r': 0.4, 'type': 1}, {'idp': 130, 'x': 5.456, 'y': 0.791, 'r': 0.4, 'type': 1}, {'idp': 131, 'x': 5.834, 'y': -7.672, 'r': 0.4, 'type': 1}]
28916,1398693919.6497173,[{'idp': 127, 'x': 3.845, 'y': -4.161, 'r': 0.4, 'type': 1}, {'idp': 128, 'x': 5.354, 'y': -3.628, 'r': 0.4, 'type': 1}, {'idp': 129, 'x': 4.004, 'y': 0.704, 'r': 0.4, 'type': 1}, {'idp': 130, 'x': 5.381, 'y': 0.84, 'r': 0.4, 'type': 1}, {'idp': 131, 'x': 5.812, 'y': -7.643, 'r': 0.4, 'type': 1}]
28917,1398693919.6570985,[{'idp': 127, 'x': 3.858, 'y': -4.139, 'r': 0.4, 'type': 1}, {'idp': 128, 'x': 5.402, 'y': -3.609, 'r': 0.4, 'type': 1}, {'idp': 129, 'x': 3.964, 'y': 0.737, 'r': 0.4, 'type': 1}, {'idp': 130, 'x': 5.309, 'y': 0.853, 'r': 0.4, 'type': 1}, {'idp': 131, 'x': 5.812, 'y': -7.642, 'r': 0.4, 'type': 1}]
28918,1398693919.693723,[{'idp': 127, 'x': 3.862, 'y': -4.125, 'r': 0.4, 'type': 1}, {'idp': 128, 'x': 5.456, 'y': -3.629, 'r': 0.4, 'type': 1}, {'idp': 129, 'x': 3.961, 'y': 0.722, 'r': 0.4, 'type': 1}, {'idp': 130, 'x': 5.233, 'y': 0.911, 'r': 0.4, 'type': 1}, {'idp': 131, 'x': 5.818, 'y': -7.65, 'r': 0.4, 'type': 1}]
28919,1398693919.7337158,[{'idp': 127, 'x': 3.856, 'y': -4.082, 'r': 0.4, 'type': 1}, {'idp': 128, 'x': 5.487, 'y': -3.615, 'r': 0.4, 'type': 1}, {'idp': 129, 'x': 3.908, 'y': 0.77, 'r': 0.4, 'type': 1}, {'idp': 130, 'x': 5.212, 'y': 0.966, 'r': 0.4, 'type': 1}, {'idp': 131, 'x': 5.821, 'y': -7.619, 'r': 0.4, 'type': 1}]
28920,1398693919.7337508,[{'idp': 127, 'x': 3.849, 'y': -4.055, 'r': 0.4, 'type': 1}, {'idp': 128, 'x': 5.5, 'y': -3.641, 'r': 0.4, 'type': 1}, {'idp': 129, 'x': 3.906, 'y': 0.749, 'r': 0.4, 'type': 1}, {'idp': 130, 'x': 5.17, 'y': 1.02, 'r': 0.4, 'type': 1}, {'idp': 131, 'x': 5.785, 'y': -7.607, 'r': 0.4, 'type': 1}]
28921,1398693919.773706,[{'idp': 127, 'x': 3.847, 'y': -4.072, 'r': 0.4, 'type': 1}, {'idp': 128, 'x': 5.498, 'y': -3.64, 'r': 0.4, 'type': 1}, {'idp': 129, 'x': 3.835, 'y': 0.795, 'r': 0.4, 'type': 1}, {'idp': 130, 'x': 5.132, 'y': 0.997, 'r': 0.4, 'type': 1}, {'idp': 131, 'x': 5.77, 'y': -7.621, 'r': 0.4, 'type': 1}]
28922,1398693919.7819917,[{'idp': 127, 'x': 3.882, 'y': -4.107, 'r': 0.4, 'type': 1}, {'idp': 128, 'x': 5.498, 'y': -3.657, 'r': 0.4, 'type': 1}, {'idp': 129, 'x': 3.829, 'y': 0.798, 'r': 0.4, 'type': 1}, {'idp': 130, 'x': 5.094, 'y': 1.013, 'r': 0.4, 'type': 1}, {'idp': 131, 'x': 5.736, 'y': -7.647, 'r': 0.4, 'type': 1}]
28923,1398693919.8216968,[{'idp': 127, 'x': 3.905, 'y': -4.095, 'r': 0.4, 'type': 1}, {'idp': 128, 'x': 5.523, 'y': -3.657, 'r': 0.4, 'type': 1}, {'idp': 129, 'x': 3.81, 'y': 0.829, 'r': 0.4, 'type': 1}, {'idp': 130, 'x': 5.003, 'y': 1.04, 'r': 0.4, 'type': 1}, {'idp': 131, 'x': 5.726, 'y': -7.633, 'r': 0.4, 'type': 1}]
28924,1398693919.8616803,[{'idp': 127, 'x': 3.939, 'y': -4.112, 'r': 0.4, 'type': 1}, {'idp': 128, 'x': 5.527, 'y': -3.659, 'r': 0.4, 'type': 1}, {'idp': 129, 'x': 3.746, 'y': 0.848, 'r': 0.4, 'type': 1}, {'idp': 130, 'x': 5.003, 'y': 1.04, 'r': 0.4, 'type': 1}, {'idp': 131, 'x': 5.734, 'y': -7.644, 'r': 0.4, 'type': 1}]
28925,1398693919.8617134,[{'idp': 127, 'x': 3.946, 'y': -4.101, 'r': 0.4, 'type': 1}, {'idp': 128, 'x': 5.537, 'y': -3.649, 'r': 0.4, 'type': 1}, {'idp': 129, 'x': 3.687, 'y': 0.852, 'r': 0.4, 'type': 1}, {'idp': 130, 'x': 4.843, 'y': 1.264, 'r': 0.4, 'type': 1}, {'idp': 131, 'x': 5.721, 'y': -7.626, 'r': 0.4, 'type': 1}]
28926,1398693919.9017384,[{'idp': 127, 'x': 3.944, 'y': -4.099, 'r': 0.4, 'type': 1}, {'idp': 128, 'x': 5.549, 'y': -3.656, 'r': 0.4, 'type': 1}, {'idp': 129, 'x': 3.632, 'y': 0.855, 'r': 0.4, 'type': 1}, {'idp': 130, 'x': 4.765, 'y': 1.277, 'r': 0.4, 'type': 1}, {'idp': 131, 'x': 5.714, 'y': -7.616, 'r': 0.4, 'type': 1}]
28927,1398693919.9063036,[{'idp': 127, 'x': 3.958, 'y': -4.095, 'r': 0.4, 'type': 1}, {'idp': 128, 'x': 5.544, 'y': -3.632, 'r': 0.4, 'type': 1}, {'idp': 129, 'x': 3.637, 'y': 0.888, 'r': 0.4, 'type': 1}, {'idp': 130, 'x': 4.804, 'y': 1.332, 'r': 0.4, 'type': 1}, {'idp': 131, 'x': 5.699, 'y': -7.597, 'r': 0.4, 'type': 1}]
28928,1398693919.9456456,[{'idp': 127, 'x': 3.945, 'y': -4.1, 'r': 0.4, 'type': 1}, {'idp': 128, 'x': 5.524, 'y': -3.66, 'r': 0.4, 'type': 1}, {'idp': 129, 'x': 3.58, 'y': 0.914, 'r': 0.4, 'type': 1}, {'idp': 130, 'x': 4.804, 'y': 1.332, 'r': 0.4, 'type': 1}, {'idp': 131, 'x': 5.671, 'y': -7.628, 'r': 0.4, 'type': 1}]
28929,1398693919.9857216,[{'idp': 127, 'x': 3.975, 'y': -4.113, 'r': 0.4, 'type': 1}, {'idp': 128, 'x': 5.528, 'y': -3.659, 'r': 0.4, 'type': 1}, {'idp': 129, 'x': 3.551, 'y': 0.931, 'r': 0.4, 'type': 1}, {'idp': 130, 'x': 4.501, 'y': 1.185, 'r': 0.4, 'type': 1}, {'idp': 131, 'x': 5.613, 'y': -7.619, 'r': 0.4, 'type': 1}]
28930,1398693919.9857507,[{'idp': 127, 'x': 3.977, 'y': -4.114, 'r': 0.4, 'type': 1}, {'idp': 128, 'x': 5.534, 'y': -3.685, 'r': 0.4, 'type': 1}, {'idp': 129, 'x': 3.553, 'y': 0.941, 'r': 0.4, 'type': 1}, {'idp': 130, 'x': 4.593, 'y': 1.252, 'r': 0.4, 'type': 1}, {'idp': 131, 'x': 5.629, 'y': -7.642, 'r': 0.4, 'type': 1}]
28931,1398693920.0257351,[{'idp': 127, 'x': 3.999, 'y': -4.119, 'r': 0.4, 'type': 1}, {'idp': 128, 'x': 5.515, 'y': -3.65, 'r': 0.4, 'type': 1}, {'idp': 129, 'x': 3.509, 'y': 0.964, 'r': 0.4, 'type': 1}, {'idp': 130, 'x': 4.607, 'y': 1.288, 'r': 0.4, 'type': 1}, {'idp': 131, 'x': 5.624, 'y': -7.634, 'r': 0.4, 'type': 1}]
28932,1398693920.030984,[{'idp': 127, 'x': 3.989, 'y': -4.107, 'r': 0.4, 'type': 1}, {'idp': 128, 'x': 5.536, 'y': -3.647, 'r': 0.4, 'type': 1}, {'idp': 129, 'x': 3.509, 'y': 0.982, 'r': 0.4, 'type': 1}, {'idp': 130, 'x': 4.555, 'y': 1.327, 'r': 0.4, 'type': 1}, {'idp': 131, 'x': 5.632, 'y': -7.646, 'r': 0.4, 'type': 1}]
28933,1398693920.0697398,[{'idp': 127, 'x': 4.009, 'y': -4.111, 'r': 0.4, 'type': 1}, {'idp': 128, 'x': 5.54, 'y': -3.644, 'r': 0.4, 'type': 1}, {'idp': 129, 'x': 3.461, 'y': 0.996, 'r': 0.4, 'type': 1}, {'idp': 130, 'x': 4.572, 'y': 1.354, 'r': 0.4, 'type': 1}, {'idp': 131, 'x': 5.619, 'y': -7.628, 'r': 0.4, 'type': 1}]
28934,1398693920.1097202,[{'idp': 127, 'x': 3.99, 'y': -4.091, 'r': 0.4, 'type': 1}, {'idp': 128, 'x': 5.531, 'y': -3.638, 'r': 0.4, 'type': 1}, {'idp': 129, 'x': 3.4, 'y': 1.028, 'r': 0.4, 'type': 1}, {'idp': 130, 'x': 4.594, 'y': 1.348, 'r': 0.4, 'type': 1}, {'idp': 131, 'x': 5.638, 'y': -7.654, 'r': 0.4, 'type': 1}]
28935,1398693920.1097481,[{'idp': 127, 'x': 4.012, 'y': -4.096, 'r': 0.4, 'type': 1}, {'idp': 128, 'x': 5.525, 'y': -3.639, 'r': 0.4, 'type': 1}, {'idp': 129, 'x': 3.378, 'y': 1.046, 'r': 0.4, 'type': 1}, {'idp': 130, 'x': 4.657, 'y': 1.327, 'r': 0.4, 'type': 1}, {'idp': 131, 'x': 5.593, 'y': -7.627, 'r': 0.4, 'type': 1}]
28936,1398693920.1496983,[{'idp': 127, 'x': 4.036, 'y': -4.102, 'r': 0.4, 'type': 1}, {'idp': 128, 'x': 5.521, 'y': -3.632, 'r': 0.4, 'type': 1}, {'idp': 129, 'x': 3.341, 'y': 1.06, 'r': 0.4, 'type': 1}, {'idp': 130, 'x': 4.618, 'y': 1.341, 'r': 0.4, 'type': 1}, {'idp': 131, 'x': 5.579, 'y': -7.643, 'r': 0.4, 'type': 1}]
28937,1398693920.1552472,[{'idp': 127, 'x': 3.997, 'y': -4.063, 'r': 0.4, 'type': 1}, {'idp': 128, 'x': 5.535, 'y': -3.645, 'r': 0.4, 'type': 1}, {'idp': 129, 'x': 3.304, 'y': 1.072, 'r': 0.4, 'type': 1}, {'idp': 130, 'x': 4.599, 'y': 1.346, 'r': 0.4, 'type': 1}, {'idp': 131, 'x': 5.572, 'y': -7.633, 'r': 0.4, 'type': 1}]
28938,1398693920.1937003,[{'idp': 127, 'x': 4.024, 'y': -4.055, 'r': 0.4, 'type': 1}, {'idp': 128, 'x': 5.522, 'y': -3.62, 'r': 0.4, 'type': 1}, {'idp': 129, 'x': 3.255, 'y': 1.097, 'r': 0.4, 'type': 1}, {'idp': 130, 'x': 4.65, 'y': 1.351, 'r': 0.4, 'type': 1}, {'idp': 131, 'x': 5.568, 'y': -7.628, 'r': 0.4, 'type': 1}]
28939,1398693920.233709,[{'idp': 127, 'x': 4.02, 'y': -4.034, 'r': 0.4, 'type': 1}, {'idp': 128, 'x': 5.522, 'y': -3.62, 'r': 0.4, 'type': 1}, {'idp': 129, 'x': 3.237, 'y': 1.106, 'r': 0.4, 'type': 1}, {'idp': 130, 'x': 4.783, 'y': 1.315, 'r': 0.4, 'type': 1}, {'idp': 131, 'x': 5.557, 'y': -7.648, 'r': 0.4, 'type': 1}]
28940,1398693920.2337377,[{'idp': 127, 'x': 3.989, 'y': -4.02, 'r': 0.4, 'type': 1}, {'idp': 128, 'x': 5.484, 'y': -3.63, 'r': 0.4, 'type': 1}, {'idp': 129, 'x': 3.212, 'y': 1.113, 'r': 0.4, 'type': 1}, {'idp': 130, 'x': 4.779, 'y': 1.325, 'r': 0.4, 'type': 1}, {'idp': 131, 'x': 5.538, 'y': -7.657, 'r': 0.4, 'type': 1}]
28941,1398693920.2736962,[{'idp': 127, 'x': 3.98, 'y': -4.013, 'r': 0.4, 'type': 1}, {'idp': 128, 'x': 5.479, 'y': -3.626, 'r': 0.4, 'type': 1}, {'idp': 129, 'x': 3.175, 'y': 1.123, 'r': 0.4, 'type': 1}, {'idp': 130, 'x': 4.694, 'y': 1.357, 'r': 0.4, 'type': 1}, {'idp': 131, 'x': 5.532, 'y': -7.648, 'r': 0.4, 'type': 1}]
28942,1398693920.279594,[{'idp': 127, 'x': 4.009, 'y': -3.99, 'r': 0.4, 'type': 1}, {'idp': 128, 'x': 5.5, 'y': -3.606, 'r': 0.4, 'type': 1}, {'idp': 129, 'x': 3.182, 'y': 1.147, 'r': 0.4, 'type': 1}, {'idp': 130, 'x': 4.655, 'y': 1.389, 'r': 0.4, 'type': 1}, {'idp': 131, 'x': 5.556, 'y': -7.647, 'r': 0.4, 'type': 1}]
28943,1398693920.3177025,[{'idp': 127, 'x': 3.993, 'y': -3.941, 'r': 0.4, 'type': 1}, {'idp': 128, 'x': 5.51, 'y': -3.596, 'r': 0.4, 'type': 1}, {'idp': 129, 'x': 3.142, 'y': 1.156, 'r': 0.4, 'type': 1}, {'idp': 130, 'x': 4.599, 'y': 1.416, 'r': 0.4, 'type': 1}, {'idp': 131, 'x': 5.548, 'y': -7.635, 'r': 0.4, 'type': 1}]
28944,1398693920.3577678,[{'idp': 127, 'x': 4.032, 'y': -3.927, 'r': 0.4, 'type': 1}, {'idp': 128, 'x': 5.5, 'y': -3.571, 'r': 0.4, 'type': 1}, {'idp': 129, 'x': 3.082, 'y': 1.173, 'r': 0.4, 'type': 1}, {'idp': 130, 'x': 4.472, 'y': 1.43, 'r': 0.4, 'type': 1}, {'idp': 131, 'x': 5.535, 'y': -7.617, 'r': 0.4, 'type': 1}]
28945,1398693920.3578029,[{'idp': 127, 'x': 4.062, 'y': -3.939, 'r': 0.4, 'type': 1}, {'idp': 128, 'x': 5.487, 'y': -3.581, 'r': 0.4, 'type': 1}, {'idp': 129, 'x': 2.961, 'y': 1.151, 'r': 0.4, 'type': 1}, {'idp': 130, 'x': 4.328, 'y': 1.447, 'r': 0.4, 'type': 1}, {'idp': 131, 'x': 5.477, 'y': -7.607, 'r': 0.4, 'type': 1}]
28946,1398693920.3977554,[{'idp': 127, 'x': 4.097, 'y': -3.957, 'r': 0.4, 'type': 1}, {'idp': 128, 'x': 5.486, 'y': -3.563, 'r': 0.4, 'type': 1}, {'idp': 129, 'x': 2.997, 'y': 1.205, 'r': 0.4, 'type': 1}, {'idp': 130, 'x': 4.257, 'y': 1.455, 'r': 0.4, 'type': 1}, {'idp': 131, 'x': 5.468, 'y': -7.63, 'r': 0.4, 'type': 1}]
28947,1398693920.403943,[{'idp': 127, 'x': 4.133, 'y': -3.975, 'r': 0.4, 'type': 1}, {'idp': 128, 'x': 5.505, 'y': -3.558, 'r': 0.4, 'type': 1}, {'idp': 129, 'x': 2.984, 'y': 1.253, 'r': 0.4, 'type': 1}, {'idp': 130, 'x': 4.245, 'y': 1.472, 'r': 0.4, 'type': 1}, {'idp': 131, 'x': 5.471, 'y': -7.634, 'r': 0.4, 'type': 1}]
28948,1398693920.4417317,[{'idp': 127, 'x': 4.176, 'y': -3.999, 'r': 0.4, 'type': 1}, {'idp': 128, 'x': 5.503, 'y': -3.557, 'r': 0.4, 'type': 1}, {'idp': 129, 'x': 2.938, 'y': 1.271, 'r': 0.4, 'type': 1}, {'idp': 130, 'x': 4.238, 'y': 1.469, 'r': 0.4, 'type': 1}, {'idp': 131, 'x': 5.465, 'y': -7.626, 'r': 0.4, 'type': 1}]
28949,1398693920.4817078,[{'idp': 127, 'x': 4.201, 'y': -3.988, 'r': 0.4, 'type': 1}, {'idp': 128, 'x': 5.501, 'y': -3.539, 'r': 0.4, 'type': 1}, {'idp': 129, 'x': 2.888, 'y': 1.293, 'r': 0.4, 'type': 1}, {'idp': 130, 'x': 4.232, 'y': 1.478, 'r': 0.4, 'type': 1}, {'idp': 131, 'x': 5.454, 'y': -7.611, 'r': 0.4, 'type': 1}]
28950,1398693920.4817383,[{'idp': 127, 'x': 4.227, 'y': -3.995, 'r': 0.4, 'type': 1}, {'idp': 128, 'x': 5.474, 'y': -3.521, 'r': 0.4, 'type': 1}, {'idp': 129, 'x': 2.86, 'y': 1.312, 'r': 0.4, 'type': 1}, {'idp': 130, 'x': 4.188, 'y': 1.538, 'r': 0.4, 'type': 1}, {'idp': 131, 'x': 5.448, 'y': -7.638, 'r': 0.4, 'type': 1}]
28951,1398693920.5218265,[{'idp': 127, 'x': 4.239, 'y': -3.989, 'r': 0.4, 'type': 1}, {'idp': 128, 'x': 5.498, 'y': -3.502, 'r': 0.4, 'type': 1}, {'idp': 129, 'x': 2.814, 'y': 1.33, 'r': 0.4, 'type': 1}, {'idp': 130, 'x': 4.177, 'y': 1.567, 'r': 0.4, 'type': 1}, {'idp': 131, 'x': 5.453, 'y': -7.61, 'r': 0.4, 'type': 1}]
28952,1398693920.5287328,[{'idp': 127, 'x': 4.252, 'y': -3.966, 'r': 0.4, 'type': 1}, {'idp': 128, 'x': 5.484, 'y': -3.476, 'r': 0.4, 'type': 1}, {'idp': 129, 'x': 2.782, 'y': 1.349, 'r': 0.4, 'type': 1}, {'idp': 130, 'x': 4.132, 'y': 1.626, 'r': 0.4, 'type': 1}, {'idp': 131, 'x': 5.43, 'y': -7.576, 'r': 0.4, 'type': 1}]
28953,1398693920.5657,[{'idp': 127, 'x': 4.269, 'y': -3.965, 'r': 0.4, 'type': 1}, {'idp': 128, 'x': 5.523, 'y': -3.484, 'r': 0.4, 'type': 1}, {'idp': 129, 'x': 2.739, 'y': 1.378, 'r': 0.4, 'type': 1}, {'idp': 130, 'x': 4.107, 'y': 1.633, 'r': 0.4, 'type': 1}, {'idp': 131, 'x': 5.436, 'y': -7.586, 'r': 0.4, 'type': 1}]
28954,1398693920.605657,[{'idp': 127, 'x': 4.271, 'y': -3.989, 'r': 0.4, 'type': 1}, {'idp': 128, 'x': 5.484, 'y': -3.476, 'r': 0.4, 'type': 1}, {'idp': 129, 'x': 2.709, 'y': 1.371, 'r': 0.4, 'type': 1}, {'idp': 130, 'x': 4.079, 'y': 1.645, 'r': 0.4, 'type': 1}, {'idp': 131, 'x': 5.409, 'y': -7.582, 'r': 0.4, 'type': 1}]
28955,1398693920.6056848,[{'idp': 127, 'x': 4.289, 'y': -3.982, 'r': 0.4, 'type': 1}, {'idp': 128, 'x': 5.501, 'y': -3.504, 'r': 0.4, 'type': 1}, {'idp': 129, 'x': 2.675, 'y': 1.39, 'r': 0.4, 'type': 1}, {'idp': 130, 'x': 4.056, 'y': 1.658, 'r': 0.4, 'type': 1}, {'idp': 131, 'x': 5.403, 'y': -7.609, 'r': 0.4, 'type': 1}]
28956,1398693920.6457055,[{'idp': 127, 'x': 4.288, 'y': -3.982, 'r': 0.4, 'type': 1}, {'idp': 128, 'x': 5.472, 'y': -3.485, 'r': 0.4, 'type': 1}, {'idp': 129, 'x': 2.639, 'y': 1.401, 'r': 0.4, 'type': 1}, {'idp': 130, 'x': 4.02, 'y': 1.657, 'r': 0.4, 'type': 1}, {'idp': 131, 'x': 5.358, 'y': -7.616, 'r': 0.4, 'type': 1}]
28957,1398693920.6536043,[{'idp': 127, 'x': 4.294, 'y': -3.981, 'r': 0.4, 'type': 1}, {'idp': 128, 'x': 5.462, 'y': -3.496, 'r': 0.4, 'type': 1}, {'idp': 129, 'x': 2.618, 'y': 1.394, 'r': 0.4, 'type': 1}, {'idp': 130, 'x': 3.988, 'y': 1.701, 'r': 0.4, 'type': 1}, {'idp': 131, 'x': 5.375, 'y': -7.641, 'r': 0.4, 'type': 1}]
28958,1398693920.6897225,[{'idp': 127, 'x': 4.307, 'y': -3.974, 'r': 0.4, 'type': 1}, {'idp': 128, 'x': 5.482, 'y': -3.491, 'r': 0.4, 'type': 1}, {'idp': 129, 'x': 2.566, 'y': 1.419, 'r': 0.4, 'type': 1}, {'idp': 130, 'x': 3.965, 'y': 1.718, 'r': 0.4, 'type': 1}, {'idp': 131, 'x': 5.355, 'y': -7.612, 'r': 0.4, 'type': 1}]
28959,1398693920.7296574,[{'idp': 127, 'x': 4.33, 'y': -3.96, 'r': 0.4, 'type': 1}, {'idp': 128, 'x': 5.486, 'y': -3.494, 'r': 0.4, 'type': 1}, {'idp': 129, 'x': 2.553, 'y': 1.432, 'r': 0.4, 'type': 1}, {'idp': 130, 'x': 3.93, 'y': 1.732, 'r': 0.4, 'type': 1}, {'idp': 131, 'x': 5.338, 'y': -7.587, 'r': 0.4, 'type': 1}]
28960,1398693920.7296863,[{'idp': 127, 'x': 4.341, 'y': -3.951, 'r': 0.4, 'type': 1}, {'idp': 128, 'x': 5.478, 'y': -3.489, 'r': 0.4, 'type': 1}, {'idp': 129, 'x': 2.521, 'y': 1.435, 'r': 0.4, 'type': 1}, {'idp': 130, 'x': 3.904, 'y': 1.74, 'r': 0.4, 'type': 1}, {'idp': 131, 'x': 5.359, 'y': -7.617, 'r': 0.4, 'type': 1}]
28961,1398693920.7697313,[{'idp': 127, 'x': 4.337, 'y': -3.955, 'r': 0.4, 'type': 1}, {'idp': 128, 'x': 5.481, 'y': -3.491, 'r': 0.4, 'type': 1}, {'idp': 129, 'x': 2.492, 'y': 1.439, 'r': 0.4, 'type': 1}, {'idp': 130, 'x': 3.886, 'y': 1.759, 'r': 0.4, 'type': 1}, {'idp': 131, 'x': 5.358, 'y': -7.616, 'r': 0.4, 'type': 1}]
28962,1398693920.7778487,[{'idp': 127, 'x': 4.348, 'y': -3.938, 'r': 0.4, 'type': 1}, {'idp': 128, 'x': 5.476, 'y': -3.487, 'r': 0.4, 'type': 1}, {'idp': 129, 'x': 2.471, 'y': 1.465, 'r': 0.4, 'type': 1}, {'idp': 130, 'x': 3.856, 'y': 1.745, 'r': 0.4, 'type': 1}, {'idp': 131, 'x': 5.33, 'y': -7.612, 'r': 0.4, 'type': 1}]
28963,1398693920.817841,[{'idp': 127, 'x': 4.381, 'y': -3.952, 'r': 0.4, 'type': 1}, {'idp': 128, 'x': 5.466, 'y': -3.481, 'r': 0.4, 'type': 1}, {'idp': 129, 'x': 2.423, 'y': 1.489, 'r': 0.4, 'type': 1}, {'idp': 130, 'x': 3.885, 'y': 1.715, 'r': 0.4, 'type': 1}, {'idp': 131, 'x': 5.327, 'y': -7.607, 'r': 0.4, 'type': 1}]
28964,1398693920.857669,[{'idp': 127, 'x': 4.393, 'y': -3.962, 'r': 0.4, 'type': 1}, {'idp': 128, 'x': 5.452, 'y': -3.472, 'r': 0.4, 'type': 1}, {'idp': 129, 'x': 2.397, 'y': 1.491, 'r': 0.4, 'type': 1}, {'idp': 130, 'x': 3.875, 'y': 1.655, 'r': 0.4, 'type': 1}, {'idp': 131, 'x': 5.3, 'y': -7.604, 'r': 0.4, 'type': 1}]
28965,1398693920.857706,[{'idp': 127, 'x': 4.407, 'y': -3.957, 'r': 0.4, 'type': 1}, {'idp': 128, 'x': 5.44, 'y': -3.481, 'r': 0.4, 'type': 1}, {'idp': 129, 'x': 2.374, 'y': 1.485, 'r': 0.4, 'type': 1}, {'idp': 130, 'x': 3.831, 'y': 1.661, 'r': 0.4, 'type': 1}, {'idp': 131, 'x': 5.286, 'y': -7.583, 'r': 0.4, 'type': 1}]
28966,1398693920.8977096,[{'idp': 127, 'x': 4.419, 'y': -3.966, 'r': 0.4, 'type': 1}, {'idp': 128, 'x': 5.431, 'y': -3.509, 'r': 0.4, 'type': 1}, {'idp': 129, 'x': 2.328, 'y': 1.52, 'r': 0.4, 'type': 1}, {'idp': 130, 'x': 3.785, 'y': 1.712, 'r': 0.4, 'type': 1}, {'idp': 131, 'x': 5.259, 'y': -7.616, 'r': 0.4, 'type': 1}]
28967,1398693920.9026182,[{'idp': 127, 'x': 4.428, 'y': -3.975, 'r': 0.4, 'type': 1}, {'idp': 128, 'x': 5.41, 'y': -3.513, 'r': 0.4, 'type': 1}, {'idp': 129, 'x': 2.301, 'y': 1.543, 'r': 0.4, 'type': 1}, {'idp': 130, 'x': 3.74, 'y': 1.778, 'r': 0.4, 'type': 1}, {'idp': 131, 'x': 5.236, 'y': -7.618, 'r': 0.4, 'type': 1}]
28968,1398693920.941716,[{'idp': 127, 'x': 4.45, 'y': -3.96, 'r': 0.4, 'type': 1}, {'idp': 128, 'x': 5.403, 'y': -3.508, 'r': 0.4, 'type': 1}, {'idp': 129, 'x': 2.271, 'y': 1.554, 'r': 0.4, 'type': 1}, {'idp': 130, 'x': 3.666, 'y': 1.838, 'r': 0.4, 'type': 1}, {'idp': 131, 'x': 5.254, 'y': -7.608, 'r': 0.4, 'type': 1}]
28969,1398693920.9817107,[{'idp': 127, 'x': 4.451, 'y': -3.941, 'r': 0.4, 'type': 1}, {'idp': 128, 'x': 5.402, 'y': -3.507, 'r': 0.4, 'type': 1}, {'idp': 129, 'x': 2.228, 'y': 1.586, 'r': 0.4, 'type': 1}, {'idp': 130, 'x': 3.64, 'y': 1.886, 'r': 0.4, 'type': 1}, {'idp': 131, 'x': 5.26, 'y': -7.617, 'r': 0.4, 'type': 1}]
28970,1398693920.981742,[{'idp': 127, 'x': 4.469, 'y': -3.922, 'r': 0.4, 'type': 1}, {'idp': 128, 'x': 5.423, 'y': -3.487, 'r': 0.4, 'type': 1}, {'idp': 129, 'x': 2.178, 'y': 1.607, 'r': 0.4, 'type': 1}, {'idp': 130, 'x': 3.607, 'y': 1.909, 'r': 0.4, 'type': 1}, {'idp': 131, 'x': 5.255, 'y': -7.609, 'r': 0.4, 'type': 1}]
28971,1398693921.0217655,[{'idp': 127, 'x': 4.472, 'y': -3.923, 'r': 0.4, 'type': 1}, {'idp': 128, 'x': 5.411, 'y': -3.513, 'r': 0.4, 'type': 1}, {'idp': 129, 'x': 2.14, 'y': 1.628, 'r': 0.4, 'type': 1}, {'idp': 130, 'x': 3.575, 'y': 1.912, 'r': 0.4, 'type': 1}, {'idp': 131, 'x': 5.247, 'y': -7.598, 'r': 0.4, 'type': 1}]
28972,1398693921.0272686,[{'idp': 127, 'x': 4.468, 'y': -3.919, 'r': 0.4, 'type': 1}, {'idp': 128, 'x': 5.386, 'y': -3.513, 'r': 0.4, 'type': 1}, {'idp': 129, 'x': 2.08, 'y': 1.633, 'r': 0.4, 'type': 1}, {'idp': 130, 'x': 3.55, 'y': 1.938, 'r': 0.4, 'type': 1}, {'idp': 131, 'x': 5.213, 'y': -7.621, 'r': 0.4, 'type': 1}]
28973,1398693921.065736,[{'idp': 127, 'x': 4.468, 'y': -3.937, 'r': 0.4, 'type': 1}, {'idp': 128, 'x': 5.385, 'y': -3.529, 'r': 0.4, 'type': 1}, {'idp': 129, 'x': 2.054, 'y': 1.654, 'r': 0.4, 'type': 1}, {'idp': 130, 'x': 3.495, 'y': 1.927, 'r': 0.4, 'type': 1}, {'idp': 131, 'x': 5.182, 'y': -7.646, 'r': 0.4, 'type': 1}]
28974,1398693921.1057107,[{'idp': 127, 'x': 4.48, 'y': -3.931, 'r': 0.4, 'type': 1}, {'idp': 128, 'x': 5.363, 'y': -3.549, 'r': 0.4, 'type': 1}, {'idp': 129, 'x': 2.019, 'y': 1.691, 'r': 0.4, 'type': 1}, {'idp': 130, 'x': 3.438, 'y': 1.955, 'r': 0.4, 'type': 1}, {'idp': 131, 'x': 5.17, 'y': -7.629, 'r': 0.4, 'type': 1}]
28975,1398693921.1057398,[{'idp': 127, 'x': 4.484, 'y': -3.917, 'r': 0.4, 'type': 1}, {'idp': 128, 'x': 5.375, 'y': -3.556, 'r': 0.4, 'type': 1}, {'idp': 129, 'x': 1.966, 'y': 1.71, 'r': 0.4, 'type': 1}, {'idp': 130, 'x': 3.376, 'y': 1.977, 'r': 0.4, 'type': 1}, {'idp': 131, 'x': 5.179, 'y': -7.641, 'r': 0.4, 'type': 1}]
28976,1398693921.1456778,[{'idp': 127, 'x': 4.482, 'y': -3.897, 'r': 0.4, 'type': 1}, {'idp': 128, 'x': 5.365, 'y': -3.532, 'r': 0.4, 'type': 1}, {'idp': 129, 'x': 1.92, 'y': 1.737, 'r': 0.4, 'type': 1}, {'idp': 130, 'x': 3.401, 'y': 2.002, 'r': 0.4, 'type': 1}, {'idp': 131, 'x': 5.165, 'y': -7.621, 'r': 0.4, 'type': 1}]
28977,1398693921.1526544,[{'idp': 127, 'x': 4.49, 'y': -3.905, 'r': 0.4, 'type': 1}, {'idp': 128, 'x': 5.355, 'y': -3.543, 'r': 0.4, 'type': 1}, {'idp': 129, 'x': 1.897, 'y': 1.751, 'r': 0.4, 'type': 1}, {'idp': 130, 'x': 3.403, 'y': 2.033, 'r': 0.4, 'type': 1}, {'idp': 131, 'x': 5.178, 'y': -7.64, 'r': 0.4, 'type': 1}]
28978,1398693921.1897464,[{'idp': 127, 'x': 4.455, 'y': -3.874, 'r': 0.4, 'type': 1}, {'idp': 128, 'x': 5.34, 'y': -3.567, 'r': 0.4, 'type': 1}, {'idp': 129, 'x': 1.872, 'y': 1.762, 'r': 0.4, 'type': 1}, {'idp': 130, 'x': 3.371, 'y': 2.043, 'r': 0.4, 'type': 1}, {'idp': 131, 'x': 5.134, 'y': -7.646, 'r': 0.4, 'type': 1}]
28979,1398693921.229668,[{'idp': 127, 'x': 4.459, 'y': -3.86, 'r': 0.4, 'type': 1}, {'idp': 128, 'x': 5.329, 'y': -3.542, 'r': 0.4, 'type': 1}, {'idp': 129, 'x': 1.825, 'y': 1.792, 'r': 0.4, 'type': 1}, {'idp': 130, 'x': 3.329, 'y': 2.053, 'r': 0.4, 'type': 1}, {'idp': 131, 'x': 5.139, 'y': -7.655, 'r': 0.4, 'type': 1}]
28980,1398693921.2297387,[{'idp': 127, 'x': 4.449, 'y': -3.851, 'r': 0.4, 'type': 1}, {'idp': 128, 'x': 5.333, 'y': -3.545, 'r': 0.4, 'type': 1}, {'idp': 129, 'x': 1.795, 'y': 1.807, 'r': 0.4, 'type': 1}, {'idp': 130, 'x': 3.283, 'y': 2.07, 'r': 0.4, 'type': 1}, {'idp': 131, 'x': 5.109, 'y': -7.61, 'r': 0.4, 'type': 1}]
28981,1398693921.2696893,[{'idp': 127, 'x': 4.405, 'y': -3.829, 'r': 0.4, 'type': 1}, {'idp': 128, 'x': 5.293, 'y': -3.569, 'r': 0.4, 'type': 1}, {'idp': 129, 'x': 1.778, 'y': 1.806, 'r': 0.4, 'type': 1}, {'idp': 130, 'x': 3.288, 'y': 2.067, 'r': 0.4, 'type': 1}, {'idp': 131, 'x': 5.09, 'y': -7.653, 'r': 0.4, 'type': 1}]
28982,1398693921.276481,[{'idp': 127, 'x': 4.393, 'y': -3.852, 'r': 0.4, 'type': 1}, {'idp': 128, 'x': 5.306, 'y': -3.594, 'r': 0.4, 'type': 1}, {'idp': 129, 'x': 1.766, 'y': 1.819, 'r': 0.4, 'type': 1}, {'idp': 130, 'x': 3.259, 'y': 2.072, 'r': 0.4, 'type': 1}, {'idp': 131, 'x': 5.054, 'y': -7.672, 'r': 0.4, 'type': 1}]
28983,1398693921.3137364,[{'idp': 127, 'x': 4.422, 'y': -3.877, 'r': 0.4, 'type': 1}, {'idp': 128, 'x': 5.291, 'y': -3.584, 'r': 0.4, 'type': 1}, {'idp': 129, 'x': 1.746, 'y': 1.832, 'r': 0.4, 'type': 1}, {'idp': 130, 'x': 3.217, 'y': 2.085, 'r': 0.4, 'type': 1}, {'idp': 131, 'x': 5.034, 'y': -7.678, 'r': 0.4, 'type': 1}]
28984,1398693921.353713,[{'idp': 127, 'x': 4.409, 'y': -3.832, 'r': 0.4, 'type': 1}, {'idp': 128, 'x': 5.314, 'y': -3.549, 'r': 0.4, 'type': 1}, {'idp': 129, 'x': 1.708, 'y': 1.874, 'r': 0.4, 'type': 1}, {'idp': 130, 'x': 3.179, 'y': 2.12, 'r': 0.4, 'type': 1}, {'idp': 131, 'x': 5.047, 'y': -7.661, 'r': 0.4, 'type': 1}]
28985,1398693921.3537495,[{'idp': 127, 'x': 4.471, 'y': -3.801, 'r': 0.4, 'type': 1}, {'idp': 128, 'x': 5.329, 'y': -3.493, 'r': 0.4, 'type': 1}, {'idp': 129, 'x': 1.668, 'y': 1.907, 'r': 0.4, 'type': 1}, {'idp': 130, 'x': 3.127, 'y': 2.155, 'r': 0.4, 'type': 1}, {'idp': 131, 'x': 5.098, 'y': -7.592, 'r': 0.4, 'type': 1}]
28986,1398693921.3937519,[{'idp': 127, 'x': 4.483, 'y': -3.761, 'r': 0.4, 'type': 1}, {'idp': 128, 'x': 5.331, 'y': -3.445, 'r': 0.4, 'type': 1}, {'idp': 129, 'x': 1.621, 'y': 1.929, 'r': 0.4, 'type': 1}, {'idp': 130, 'x': 3.099, 'y': 2.184, 'r': 0.4, 'type': 1}, {'idp': 131, 'x': 5.165, 'y': -7.55, 'r': 0.4, 'type': 1}]
28987,1398693921.4014533,[{'idp': 127, 'x': 4.459, 'y': -3.758, 'r': 0.4, 'type': 1}, {'idp': 128, 'x': 5.333, 'y': -3.429, 'r': 0.4, 'type': 1}, {'idp': 129, 'x': 1.603, 'y': 1.943, 'r': 0.4, 'type': 1}, {'idp': 130, 'x': 3.077, 'y': 2.189, 'r': 0.4, 'type': 1}, {'idp': 131, 'x': 5.167, 'y': -7.552, 'r': 0.4, 'type': 1}]
28988,1398693921.4377177,[{'idp': 127, 'x': 4.497, 'y': -3.806, 'r': 0.4, 'type': 1}, {'idp': 128, 'x': 5.31, 'y': -3.447, 'r': 0.4, 'type': 1}, {'idp': 129, 'x': 1.603, 'y': 1.945, 'r': 0.4, 'type': 1}, {'idp': 130, 'x': 3.05, 'y': 2.179, 'r': 0.4, 'type': 1}, {'idp': 131, 'x': 5.071, 'y': -7.588, 'r': 0.4, 'type': 1}]
28989,1398693921.477725,[{'idp': 127, 'x': 4.479, 'y': -3.825, 'r': 0.4, 'type': 1}, {'idp': 128, 'x': 5.22, 'y': -3.406, 'r': 0.4, 'type': 1}, {'idp': 129, 'x': 1.581, 'y': 1.96, 'r': 0.4, 'type': 1}, {'idp': 130, 'x': 3.02, 'y': 2.19, 'r': 0.4, 'type': 1}, {'idp': 131, 'x': 5.042, 'y': -7.582, 'r': 0.4, 'type': 1}]
28990,1398693921.4777565,[{'idp': 127, 'x': 4.472, 'y': -3.819, 'r': 0.4, 'type': 1}, {'idp': 128, 'x': 5.242, 'y': -3.404, 'r': 0.4, 'type': 1}, {'idp': 129, 'x': 1.554, 'y': 1.97, 'r': 0.4, 'type': 1}, {'idp': 130, 'x': 2.983, 'y': 2.203, 'r': 0.4, 'type': 1}, {'idp': 131, 'x': 5.036, 'y': -7.572, 'r': 0.4, 'type': 1}]
28991,1398693921.5176907,[{'idp': 127, 'x': 4.471, 'y': -3.801, 'r': 0.4, 'type': 1}, {'idp': 128, 'x': 5.271, 'y': -3.424, 'r': 0.4, 'type': 1}, {'idp': 129, 'x': 1.513, 'y': 2.007, 'r': 0.4, 'type': 1}, {'idp': 130, 'x': 2.943, 'y': 2.223, 'r': 0.4, 'type': 1}, {'idp': 131, 'x': 5.018, 'y': -7.581, 'r': 0.4, 'type': 1}]
28992,1398693921.5260453,[{'idp': 127, 'x': 4.482, 'y': -3.794, 'r': 0.4, 'type': 1}, {'idp': 128, 'x': 5.285, 'y': -3.417, 'r': 0.4, 'type': 1}, {'idp': 129, 'x': 1.459, 'y': 2.032, 'r': 0.4, 'type': 1}, {'idp': 130, 'x': 2.914, 'y': 2.242, 'r': 0.4, 'type': 1}, {'idp': 131, 'x': 5.023, 'y': -7.588, 'r': 0.4, 'type': 1}]
28993,1398693921.5656695,[{'idp': 127, 'x': 4.518, 'y': -3.824, 'r': 0.4, 'type': 1}, {'idp': 128, 'x': 5.262, 'y': -3.402, 'r': 0.4, 'type': 1}, {'idp': 129, 'x': 1.4, 'y': 2.033, 'r': 0.4, 'type': 1}, {'idp': 130, 'x': 2.88, 'y': 2.247, 'r': 0.4, 'type': 1}, {'idp': 131, 'x': 5.044, 'y': -7.584, 'r': 0.4, 'type': 1}]
28994,1398693921.6056983,[{'idp': 127, 'x': 4.464, 'y': -3.812, 'r': 0.4, 'type': 1}, {'idp': 128, 'x': 5.281, 'y': -3.431, 'r': 0.4, 'type': 1}, {'idp': 129, 'x': 1.3, 'y': 1.984, 'r': 0.4, 'type': 1}, {'idp': 130, 'x': 2.82, 'y': 2.251, 'r': 0.4, 'type': 1}, {'idp': 131, 'x': 5.008, 'y': -7.601, 'r': 0.4, 'type': 1}]
28995,1398693921.6057284,[{'idp': 127, 'x': 4.469, 'y': -3.816, 'r': 0.4, 'type': 1}, {'idp': 128, 'x': 5.29, 'y': -3.42, 'r': 0.4, 'type': 1}, {'idp': 129, 'x': 1.308, 'y': 2.098, 'r': 0.4, 'type': 1}, {'idp': 130, 'x': 2.785, 'y': 2.253, 'r': 0.4, 'type': 1}, {'idp': 131, 'x': 4.969, 'y': -7.615, 'r': 0.4, 'type': 1}]
28996,1398693921.64571,[{'idp': 127, 'x': 4.504, 'y': -3.813, 'r': 0.4, 'type': 1}, {'idp': 128, 'x': 5.3, 'y': -3.427, 'r': 0.4, 'type': 1}, {'idp': 129, 'x': 1.29, 'y': 2.133, 'r': 0.4, 'type': 1}, {'idp': 130, 'x': 2.748, 'y': 2.287, 'r': 0.4, 'type': 1}, {'idp': 131, 'x': 5.005, 'y': -7.597, 'r': 0.4, 'type': 1}]
28997,1398693921.6508362,[{'idp': 127, 'x': 4.525, 'y': -3.796, 'r': 0.4, 'type': 1}, {'idp': 128, 'x': 5.301, 'y': -3.427, 'r': 0.4, 'type': 1}, {'idp': 129, 'x': 1.254, 'y': 2.151, 'r': 0.4, 'type': 1}, {'idp': 130, 'x': 2.717, 'y': 2.312, 'r': 0.4, 'type': 1}, {'idp': 131, 'x': 4.989, 'y': -7.573, 'r': 0.4, 'type': 1}]
28998,1398693921.6896937,[{'idp': 127, 'x': 4.552, 'y': -3.802, 'r': 0.4, 'type': 1}, {'idp': 128, 'x': 5.307, 'y': -3.432, 'r': 0.4, 'type': 1}, {'idp': 129, 'x': 1.21, 'y': 2.168, 'r': 0.4, 'type': 1}, {'idp': 130, 'x': 2.71, 'y': 2.337, 'r': 0.4, 'type': 1}, {'idp': 131, 'x': 4.941, 'y': -7.608, 'r': 0.4, 'type': 1}]
28999,1398693921.7296743,[{'idp': 127, 'x': 4.614, 'y': -3.82, 'r': 0.4, 'type': 1}, {'idp': 128, 'x': 5.324, 'y': -3.426, 'r': 0.4, 'type': 1}, {'idp': 129, 'x': 1.184, 'y': 2.191, 'r': 0.4, 'type': 1}, {'idp': 130, 'x': 2.674, 'y': 2.38, 'r': 0.4, 'type': 1}, {'idp': 131, 'x': 4.95, 'y': -7.585, 'r': 0.4, 'type': 1}]
29000,1398693921.729702,[{'idp': 127, 'x': 4.679, 'y': -3.875, 'r': 0.4, 'type': 1}, {'idp': 128, 'x': 5.323, 'y': -3.426, 'r': 0.4, 'type': 1}, {'idp': 129, 'x': 1.145, 'y': 2.217, 'r': 0.4, 'type': 1}, {'idp': 130, 'x': 2.641, 'y': 2.382, 'r': 0.4, 'type': 1}, {'idp': 131, 'x': 4.957, 'y': -7.56, 'r': 0.4, 'type': 1}]
29001,1398693921.7697613,[{'idp': 127, 'x': 4.727, 'y': -3.933, 'r': 0.4, 'type': 1}, {'idp': 128, 'x': 5.33, 'y': -3.413, 'r': 0.4, 'type': 1}, {'idp': 129, 'x': 1.104, 'y': 2.242, 'r': 0.4, 'type': 1}, {'idp': 130, 'x': 2.614, 'y': 2.397, 'r': 0.4, 'type': 1}, {'idp': 131, 'x': 4.941, 'y': -7.571, 'r': 0.4, 'type': 1}]
29002,1398693921.7755787,[{'idp': 127, 'x': 4.741, 'y': -3.945, 'r': 0.4, 'type': 1}, {'idp': 128, 'x': 5.334, 'y': -3.416, 'r': 0.4, 'type': 1}, {'idp': 129, 'x': 1.082, 'y': 2.246, 'r': 0.4, 'type': 1}, {'idp': 130, 'x': 2.591, 'y': 2.402, 'r': 0.4, 'type': 1}, {'idp': 131, 'x': 4.943, 'y': -7.574, 'r': 0.4, 'type': 1}]
29003,1398693921.8136837,[{'idp': 127, 'x': 4.786, 'y': -3.965, 'r': 0.4, 'type': 1}, {'idp': 128, 'x': 5.322, 'y': -3.395, 'r': 0.4, 'type': 1}, {'idp': 129, 'x': 1.046, 'y': 2.273, 'r': 0.4, 'type': 1}, {'idp': 130, 'x': 2.571, 'y': 2.404, 'r': 0.4, 'type': 1}, {'idp': 131, 'x': 4.929, 'y': -7.554, 'r': 0.4, 'type': 1}]
29004,1398693921.8536816,[{'idp': 127, 'x': 4.824, 'y': -3.978, 'r': 0.4, 'type': 1}, {'idp': 128, 'x': 5.307, 'y': -3.366, 'r': 0.4, 'type': 1}, {'idp': 129, 'x': 1.02, 'y': 2.255, 'r': 0.4, 'type': 1}, {'idp': 130, 'x': 2.548, 'y': 2.409, 'r': 0.4, 'type': 1}, {'idp': 131, 'x': 4.922, 'y': -7.542, 'r': 0.4, 'type': 1}]
29005,1398693921.8537116,[{'idp': 127, 'x': 4.813, 'y': -4.005, 'r': 0.4, 'type': 1}, {'idp': 128, 'x': 5.299, 'y': -3.399, 'r': 0.4, 'type': 1}, {'idp': 129, 'x': 1.008, 'y': 2.267, 'r': 0.4, 'type': 1}, {'idp': 130, 'x': 2.516, 'y': 2.435, 'r': 0.4, 'type': 1}, {'idp': 131, 'x': 4.896, 'y': -7.574, 'r': 0.4, 'type': 1}]
29006,1398693921.8937576,[{'idp': 127, 'x': 4.819, 'y': -4.045, 'r': 0.4, 'type': 1}, {'idp': 128, 'x': 5.276, 'y': -3.395, 'r': 0.4, 'type': 1}, {'idp': 129, 'x': 0.988, 'y': 2.295, 'r': 0.4, 'type': 1}, {'idp': 130, 'x': 2.508, 'y': 2.433, 'r': 0.4, 'type': 1}, {'idp': 131, 'x': 4.865, 'y': -7.599, 'r': 0.4, 'type': 1}]
29007,1398693921.8997643,[{'idp': 127, 'x': 4.823, 'y': -4.03, 'r': 0.4, 'type': 1}, {'idp': 128, 'x': 5.287, 'y': -3.386, 'r': 0.4, 'type': 1}, {'idp': 129, 'x': 0.973, 'y': 2.276, 'r': 0.4, 'type': 1}, {'idp': 130, 'x': 2.453, 'y': 2.453, 'r': 0.4, 'type': 1}, {'idp': 131, 'x': 4.856, 'y': -7.586, 'r': 0.4, 'type': 1}]
29008,1398693921.9377244,[{'idp': 127, 'x': 4.878, 'y': -4.025, 'r': 0.4, 'type': 1}, {'idp': 128, 'x': 5.298, 'y': -3.351, 'r': 0.4, 'type': 1}, {'idp': 129, 'x': 0.949, 'y': 2.281, 'r': 0.4, 'type': 1}, {'idp': 130, 'x': 2.406, 'y': 2.492, 'r': 0.4, 'type': 1}, {'idp': 131, 'x': 4.893, 'y': -7.57, 'r': 0.4, 'type': 1}]
29009,1398693921.977666,[{'idp': 127, 'x': 4.909, 'y': -3.998, 'r': 0.4, 'type': 1}, {'idp': 128, 'x': 5.326, 'y': -3.298, 'r': 0.4, 'type': 1}, {'idp': 129, 'x': 0.914, 'y': 2.259, 'r': 0.4, 'type': 1}, {'idp': 130, 'x': 2.37, 'y': 2.525, 'r': 0.4, 'type': 1}, {'idp': 131, 'x': 4.915, 'y': -7.532, 'r': 0.4, 'type': 1}]
29010,1398693921.9777048,[{'idp': 127, 'x': 4.961, 'y': -3.995, 'r': 0.4, 'type': 1}, {'idp': 128, 'x': 5.322, 'y': -3.275, 'r': 0.4, 'type': 1}, {'idp': 129, 'x': 0.903, 'y': 2.244, 'r': 0.4, 'type': 1}, {'idp': 130, 'x': 2.354, 'y': 2.535, 'r': 0.4, 'type': 1}, {'idp': 131, 'x': 4.908, 'y': -7.521, 'r': 0.4, 'type': 1}]
29011,1398693922.0177252,[{'idp': 127, 'x': 4.966, 'y': -4.04, 'r': 0.4, 'type': 1}, {'idp': 128, 'x': 5.297, 'y': -3.292, 'r': 0.4, 'type': 1}, {'idp': 129, 'x': 0.9, 'y': 2.199, 'r': 0.4, 'type': 1}, {'idp': 130, 'x': 2.33, 'y': 2.53, 'r': 0.4, 'type': 1}, {'idp': 131, 'x': 4.865, 'y': -7.526, 'r': 0.4, 'type': 1}]
29012,1398693922.024452,[{'idp': 127, 'x': 4.934, 'y': -4.072, 'r': 0.4, 'type': 1}, {'idp': 128, 'x': 5.277, 'y': -3.311, 'r': 0.4, 'type': 1}, {'idp': 129, 'x': 0.895, 'y': 2.243, 'r': 0.4, 'type': 1}, {'idp': 130, 'x': 2.313, 'y': 2.533, 'r': 0.4, 'type': 1}, {'idp': 131, 'x': 4.847, 'y': -7.571, 'r': 0.4, 'type': 1}]
29013,1398693922.0617404,[{'idp': 127, 'x': 4.921, 'y': -4.085, 'r': 0.4, 'type': 1}, {'idp': 128, 'x': 5.279, 'y': -3.312, 'r': 0.4, 'type': 1}, {'idp': 129, 'x': 0.878, 'y': 2.242, 'r': 0.4, 'type': 1}, {'idp': 130, 'x': 2.29, 'y': 2.539, 'r': 0.4, 'type': 1}, {'idp': 131, 'x': 4.833, 'y': -7.55, 'r': 0.4, 'type': 1}]
29014,1398693922.1016889,[{'idp': 127, 'x': 4.94, 'y': -4.07, 'r': 0.4, 'type': 1}, {'idp': 128, 'x': 5.272, 'y': -3.312, 'r': 0.4, 'type': 1}, {'idp': 129, 'x': 0.835, 'y': 2.291, 'r': 0.4, 'type': 1}, {'idp': 130, 'x': 2.252, 'y': 2.565, 'r': 0.4, 'type': 1}, {'idp': 131, 'x': 4.815, 'y': -7.557, 'r': 0.4, 'type': 1}]
29015,1398693922.1017241,[{'idp': 127, 'x': 4.967, 'y': -4.074, 'r': 0.4, 'type': 1}, {'idp': 128, 'x': 5.228, 'y': -3.268, 'r': 0.4, 'type': 1}, {'idp': 129, 'x': 0.742, 'y': 2.4, 'r': 0.4, 'type': 1}, {'idp': 130, 'x': 2.21, 'y': 2.589, 'r': 0.4, 'type': 1}, {'idp': 131, 'x': 4.792, 'y': -7.558, 'r': 0.4, 'type': 1}]
29016,1398693922.1417773,[{'idp': 127, 'x': 4.985, 'y': -4.07, 'r': 0.4, 'type': 1}, {'idp': 128, 'x': 5.255, 'y': -3.269, 'r': 0.4, 'type': 1}, {'idp': 129, 'x': 0.679, 'y': 2.477, 'r': 0.4, 'type': 1}, {'idp': 130, 'x': 2.18, 'y': 2.583, 'r': 0.4, 'type': 1}, {'idp': 131, 'x': 4.791, 'y': -7.556, 'r': 0.4, 'type': 1}]
29017,1398693922.1490502,[{'idp': 127, 'x': 4.985, 'y': -4.065, 'r': 0.4, 'type': 1}, {'idp': 128, 'x': 5.243, 'y': -3.246, 'r': 0.4, 'type': 1}, {'idp': 129, 'x': 0.609, 'y': 2.494, 'r': 0.4, 'type': 1}, {'idp': 130, 'x': 2.149, 'y': 2.599, 'r': 0.4, 'type': 1}, {'idp': 131, 'x': 4.787, 'y': -7.55, 'r': 0.4, 'type': 1}]
29018,1398693922.1857512,[{'idp': 127, 'x': 4.988, 'y': -4.073, 'r': 0.4, 'type': 1}, {'idp': 128, 'x': 5.243, 'y': -3.23, 'r': 0.4, 'type': 1}, {'idp': 129, 'x': 0.559, 'y': 2.546, 'r': 0.4, 'type': 1}, {'idp': 130, 'x': 2.111, 'y': 2.61, 'r': 0.4, 'type': 1}, {'idp': 131, 'x': 4.786, 'y': -7.548, 'r': 0.4, 'type': 1}]
29019,1398693922.2257056,[{'idp': 127, 'x': 4.982, 'y': -4.093, 'r': 0.4, 'type': 1}, {'idp': 128, 'x': 5.24, 'y': -3.228, 'r': 0.4, 'type': 1}, {'idp': 129, 'x': 0.531, 'y': 2.607, 'r': 0.4, 'type': 1}, {'idp': 130, 'x': 2.078, 'y': 2.627, 'r': 0.4, 'type': 1}, {'idp': 131, 'x': 4.777, 'y': -7.534, 'r': 0.4, 'type': 1}]
29020,1398693922.2257342,[{'idp': 127, 'x': 5.009, 'y': -4.107, 'r': 0.4, 'type': 1}, {'idp': 128, 'x': 5.232, 'y': -3.223, 'r': 0.4, 'type': 1}, {'idp': 129, 'x': 0.496, 'y': 2.641, 'r': 0.4, 'type': 1}, {'idp': 130, 'x': 2.055, 'y': 2.643, 'r': 0.4, 'type': 1}, {'idp': 131, 'x': 4.737, 'y': -7.544, 'r': 0.4, 'type': 1}]
29021,1398693922.2657502,[{'idp': 127, 'x': 5.006, 'y': -4.104, 'r': 0.4, 'type': 1}, {'idp': 128, 'x': 5.203, 'y': -3.221, 'r': 0.4, 'type': 1}, {'idp': 129, 'x': 0.459, 'y': 2.675, 'r': 0.4, 'type': 1}, {'idp': 130, 'x': 1.991, 'y': 2.654, 'r': 0.4, 'type': 1}, {'idp': 131, 'x': 4.748, 'y': -7.56, 'r': 0.4, 'type': 1}]
29022,1398693922.273956,[{'idp': 127, 'x': 5.023, 'y': -4.111, 'r': 0.4, 'type': 1}, {'idp': 128, 'x': 5.207, 'y': -3.207, 'r': 0.4, 'type': 1}, {'idp': 129, 'x': 0.43, 'y': 2.702, 'r': 0.4, 'type': 1}, {'idp': 130, 'x': 1.933, 'y': 2.684, 'r': 0.4, 'type': 1}, {'idp': 131, 'x': 4.704, 'y': -7.564, 'r': 0.4, 'type': 1}]
29023,1398693922.313683,[{'idp': 127, 'x': 5.019, 'y': -4.123, 'r': 0.4, 'type': 1}, {'idp': 128, 'x': 5.229, 'y': -3.174, 'r': 0.4, 'type': 1}, {'idp': 129, 'x': 0.394, 'y': 2.748, 'r': 0.4, 'type': 1}, {'idp': 130, 'x': 1.906, 'y': 2.732, 'r': 0.4, 'type': 1}, {'idp': 131, 'x': 4.719, 'y': -7.588, 'r': 0.4, 'type': 1}]
29024,1398693922.3537261,[{'idp': 127, 'x': 5.032, 'y': -4.123, 'r': 0.4, 'type': 1}, {'idp': 128, 'x': 5.25, 'y': -3.171, 'r': 0.4, 'type': 1}, {'idp': 129, 'x': 0.359, 'y': 2.772, 'r': 0.4, 'type': 1}, {'idp': 130, 'x': 1.866, 'y': 2.765, 'r': 0.4, 'type': 1}, {'idp': 131, 'x': 4.727, 'y': -7.529, 'r': 0.4, 'type': 1}]
29025,1398693922.3537593,[{'idp': 127, 'x': 5.075, 'y': -4.088, 'r': 0.4, 'type': 1}, {'idp': 128, 'x': 5.228, 'y': -3.111, 'r': 0.4, 'type': 1}, {'idp': 129, 'x': 0.319, 'y': 2.813, 'r': 0.4, 'type': 1}, {'idp': 130, 'x': 1.835, 'y': 2.796, 'r': 0.4, 'type': 1}, {'idp': 131, 'x': 4.757, 'y': -7.539, 'r': 0.4, 'type': 1}]
29026,1398693922.393705,[{'idp': 127, 'x': 5.117, 'y': -4.104, 'r': 0.4, 'type': 1}, {'idp': 128, 'x': 5.217, 'y': -3.12, 'r': 0.4, 'type': 1}, {'idp': 129, 'x': 0.3, 'y': 2.826, 'r': 0.4, 'type': 1}, {'idp': 130, 'x': 1.849, 'y': 2.802, 'r': 0.4, 'type': 1}, {'idp': 131, 'x': 4.743, 'y': -7.517, 'r': 0.4, 'type': 1}]
29027,1398693922.398703,[{'idp': 127, 'x': 5.122, 'y': -4.132, 'r': 0.4, 'type': 1}, {'idp': 128, 'x': 5.209, 'y': -3.099, 'r': 0.4, 'type': 1}, {'idp': 129, 'x': 0.294, 'y': 2.838, 'r': 0.4, 'type': 1}, {'idp': 130, 'x': 1.816, 'y': 2.807, 'r': 0.4, 'type': 1}, {'idp': 131, 'x': 4.696, 'y': -7.515, 'r': 0.4, 'type': 1}]
29028,1398693922.4376957,[{'idp': 127, 'x': 5.153, 'y': -4.158, 'r': 0.4, 'type': 1}, {'idp': 128, 'x': 5.179, 'y': -3.096, 'r': 0.4, 'type': 1}, {'idp': 129, 'x': 0.278, 'y': 2.862, 'r': 0.4, 'type': 1}, {'idp': 130, 'x': 1.796, 'y': 2.827, 'r': 0.4, 'type': 1}, {'idp': 131, 'x': 4.647, 'y': -7.546, 'r': 0.4, 'type': 1}]
29029,1398693922.4777079,[{'idp': 127, 'x': 5.179, 'y': -4.156, 'r': 0.4, 'type': 1}, {'idp': 128, 'x': 5.188, 'y': -3.086, 'r': 0.4, 'type': 1}, {'idp': 129, 'x': 0.274, 'y': 2.879, 'r': 0.4, 'type': 1}, {'idp': 130, 'x': 1.769, 'y': 2.825, 'r': 0.4, 'type': 1}, {'idp': 131, 'x': 4.621, 'y': -7.541, 'r': 0.4, 'type': 1}]
29030,1398693922.4777422,[{'idp': 127, 'x': 5.175, 'y': -4.153, 'r': 0.4, 'type': 1}, {'idp': 128, 'x': 5.207, 'y': -3.113, 'r': 0.4, 'type': 1}, {'idp': 129, 'x': 0.256, 'y': 2.892, 'r': 0.4, 'type': 1}, {'idp': 130, 'x': 1.732, 'y': 2.825, 'r': 0.4, 'type': 1}, {'idp': 131, 'x': 4.611, 'y': -7.561, 'r': 0.4, 'type': 1}]
29031,1398693922.517743,[{'idp': 127, 'x': 5.206, 'y': -4.141, 'r': 0.4, 'type': 1}, {'idp': 128, 'x': 5.198, 'y': -3.076, 'r': 0.4, 'type': 1}, {'idp': 129, 'x': 0.238, 'y': 2.913, 'r': 0.4, 'type': 1}, {'idp': 130, 'x': 1.684, 'y': 2.849, 'r': 0.4, 'type': 1}, {'idp': 131, 'x': 4.617, 'y': -7.571, 'r': 0.4, 'type': 1}]
29032,1398693922.52361,[{'idp': 127, 'x': 5.22, 'y': -4.097, 'r': 0.4, 'type': 1}, {'idp': 128, 'x': 5.201, 'y': -3.047, 'r': 0.4, 'type': 1}, {'idp': 129, 'x': 0.231, 'y': 2.913, 'r': 0.4, 'type': 1}, {'idp': 130, 'x': 1.665, 'y': 2.88, 'r': 0.4, 'type': 1}, {'idp': 131, 'x': 4.647, 'y': -7.546, 'r': 0.4, 'type': 1}]
29033,1398693922.5617003,[{'idp': 127, 'x': 5.242, 'y': -4.096, 'r': 0.4, 'type': 1}, {'idp': 128, 'x': 5.222, 'y': -3.045, 'r': 0.4, 'type': 1}, {'idp': 129, 'x': 0.229, 'y': 2.927, 'r': 0.4, 'type': 1}, {'idp': 130, 'x': 1.636, 'y': 2.895, 'r': 0.4, 'type': 1}, {'idp': 131, 'x': 4.667, 'y': -7.505, 'r': 0.4, 'type': 1}]
29034,1398693922.601831,[{'idp': 127, 'x': 5.244, 'y': -4.135, 'r': 0.4, 'type': 1}, {'idp': 128, 'x': 5.188, 'y': -3.07, 'r': 0.4, 'type': 1}, {'idp': 129, 'x': 0.247, 'y': 2.918, 'r': 0.4, 'type': 1}, {'idp': 130, 'x': 1.63, 'y': 2.886, 'r': 0.4, 'type': 1}, {'idp': 131, 'x': 4.619, 'y': -7.537, 'r': 0.4, 'type': 1}]
29035,1398693922.6018653,[{'idp': 127, 'x': 5.231, 'y': -4.143, 'r': 0.4, 'type': 1}, {'idp': 128, 'x': 5.192, 'y': -3.103, 'r': 0.4, 'type': 1}, {'idp': 129, 'x': 0.265, 'y': 2.897, 'r': 0.4, 'type': 1}, {'idp': 130, 'x': 1.617, 'y': 2.892, 'r': 0.4, 'type': 1}, {'idp': 131, 'x': 4.54, 'y': -7.556, 'r': 0.4, 'type': 1}]
29036,1398693922.6417534,[{'idp': 127, 'x': 5.243, 'y': -4.134, 'r': 0.4, 'type': 1}, {'idp': 128, 'x': 5.203, 'y': -3.079, 'r': 0.4, 'type': 1}, {'idp': 129, 'x': 0.243, 'y': 2.914, 'r': 0.4, 'type': 1}, {'idp': 130, 'x': 1.582, 'y': 2.912, 'r': 0.4, 'type': 1}, {'idp': 131, 'x': 4.585, 'y': -7.555, 'r': 0.4, 'type': 1}]
29037,1398693922.6482027,[{'idp': 127, 'x': 5.26, 'y': -4.111, 'r': 0.4, 'type': 1}, {'idp': 128, 'x': 5.202, 'y': -3.048, 'r': 0.4, 'type': 1}, {'idp': 129, 'x': 0.207, 'y': 2.958, 'r': 0.4, 'type': 1}, {'idp': 130, 'x': 1.535, 'y': 2.937, 'r': 0.4, 'type': 1}, {'idp': 131, 'x': 4.566, 'y': -7.523, 'r': 0.4, 'type': 1}]
29038,1398693922.6857603,[{'idp': 127, 'x': 5.247, 'y': -4.1, 'r': 0.4, 'type': 1}, {'idp': 128, 'x': 5.211, 'y': -3.053, 'r': 0.4, 'type': 1}, {'idp': 129, 'x': 0.158, 'y': 3.029, 'r': 0.4, 'type': 1}, {'idp': 130, 'x': 1.496, 'y': 2.945, 'r': 0.4, 'type': 1}, {'idp': 131, 'x': 4.566, 'y': -7.525, 'r': 0.4, 'type': 1}]
29039,1398693922.7257278,[{'idp': 127, 'x': 5.201, 'y': -4.045, 'r': 0.4, 'type': 1}, {'idp': 128, 'x': 5.216, 'y': -3.056, 'r': 0.4, 'type': 1}, {'idp': 129, 'x': 0.108, 'y': 3.105, 'r': 0.4, 'type': 1}, {'idp': 130, 'x': 1.467, 'y': 2.969, 'r': 0.4, 'type': 1}, {'idp': 131, 'x': 4.539, 'y': -7.517, 'r': 0.4, 'type': 1}]
29040,1398693922.7257586,[{'idp': 127, 'x': 5.196, 'y': -4.041, 'r': 0.4, 'type': 1}, {'idp': 128, 'x': 5.188, 'y': -3.055, 'r': 0.4, 'type': 1}, {'idp': 129, 'x': 0.069, 'y': 3.159, 'r': 0.4, 'type': 1}, {'idp': 130, 'x': 1.438, 'y': 2.97, 'r': 0.4, 'type': 1}, {'idp': 131, 'x': 4.547, 'y': -7.53, 'r': 0.4, 'type': 1}]
29041,1398693922.7657573,[{'idp': 127, 'x': 5.214, 'y': -4.055, 'r': 0.4, 'type': 1}, {'idp': 128, 'x': 5.209, 'y': -3.051, 'r': 0.4, 'type': 1}, {'idp': 129, 'x': 0.035, 'y': 3.243, 'r': 0.4, 'type': 1}, {'idp': 130, 'x': 1.413, 'y': 2.985, 'r': 0.4, 'type': 1}, {'idp': 131, 'x': 4.533, 'y': -7.542, 'r': 0.4, 'type': 1}]
29042,1398693922.7730787,[{'idp': 127, 'x': 5.222, 'y': -4.079, 'r': 0.4, 'type': 1}, {'idp': 128, 'x': 5.203, 'y': -3.048, 'r': 0.4, 'type': 1}, {'idp': 129, 'x': 0.035, 'y': 3.243, 'r': 0.4, 'type': 1}, {'idp': 130, 'x': 1.368, 'y': 3.003, 'r': 0.4, 'type': 1}, {'idp': 131, 'x': 4.517, 'y': -7.554, 'r': 0.4, 'type': 1}]
29043,1398693922.8097584,[{'idp': 127, 'x': 5.24, 'y': -4.093, 'r': 0.4, 'type': 1}, {'idp': 128, 'x': 5.202, 'y': -3.047, 'r': 0.4, 'type': 1}, {'idp': 129, 'x': 0.035, 'y': 3.243, 'r': 0.4, 'type': 1}, {'idp': 130, 'x': 1.329, 'y': 3.017, 'r': 0.4, 'type': 1}, {'idp': 131, 'x': 4.507, 'y': -7.538, 'r': 0.4, 'type': 1}]
29044,1398693922.8496785,[{'idp': 127, 'x': 5.291, 'y': -4.113, 'r': 0.4, 'type': 1}, {'idp': 128, 'x': 5.205, 'y': -3.048, 'r': 0.4, 'type': 1}, {'idp': 129, 'x': 0.035, 'y': 3.243, 'r': 0.4, 'type': 1}, {'idp': 130, 'x': 1.284, 'y': 3.039, 'r': 0.4, 'type': 1}, {'idp': 131, 'x': 4.48, 'y': -7.53, 'r': 0.4, 'type': 1}]
29045,1398693922.8497095,[{'idp': 127, 'x': 5.352, 'y': -4.142, 'r': 0.4, 'type': 1}, {'idp': 128, 'x': 5.184, 'y': -3.036, 'r': 0.4, 'type': 1}, {'idp': 129, 'x': 0.035, 'y': 3.243, 'r': 0.4, 'type': 1}, {'idp': 130, 'x': 1.224, 'y': 3.026, 'r': 0.4, 'type': 1}, {'idp': 131, 'x': 4.459, 'y': -7.569, 'r': 0.4, 'type': 1}]
29046,1398693922.8897903,[{'idp': 127, 'x': 5.363, 'y': -4.15, 'r': 0.4, 'type': 1}, {'idp': 128, 'x': 5.184, 'y': -3.037, 'r': 0.4, 'type': 1}, {'idp': 129, 'x': 0.035, 'y': 3.243, 'r': 0.4, 'type': 1}, {'idp': 130, 'x': 1.169, 'y': 3.007, 'r': 0.4, 'type': 1}, {'idp': 131, 'x': 4.436, 'y': -7.566, 'r': 0.4, 'type': 1}]
29047,1398693922.897399,[{'idp': 127, 'x': 5.397, 'y': -4.156, 'r': 0.4, 'type': 1}, {'idp': 128, 'x': 5.203, 'y': -3.018, 'r': 0.4, 'type': 1}, {'idp': 129, 'x': 0.035, 'y': 3.243, 'r': 0.4, 'type': 1}, {'idp': 130, 'x': 1.158, 'y': 3.018, 'r': 0.4, 'type': 1}, {'idp': 131, 'x': 4.411, 'y': -7.563, 'r': 0.4, 'type': 1}]
29048,1398693922.9336717,[{'idp': 127, 'x': 5.387, 'y': -4.149, 'r': 0.4, 'type': 1}, {'idp': 128, 'x': 5.191, 'y': -3.01, 'r': 0.4, 'type': 1}, {'idp': 129, 'x': 0.035, 'y': 3.243, 'r': 0.4, 'type': 1}, {'idp': 130, 'x': 1.123, 'y': 3.07, 'r': 0.4, 'type': 1}, {'idp': 131, 'x': 4.441, 'y': -7.539, 'r': 0.4, 'type': 1}]
29049,1398693922.973709,[{'idp': 127, 'x': 5.428, 'y': -4.143, 'r': 0.4, 'type': 1}, {'idp': 128, 'x': 5.222, 'y': -2.998, 'r': 0.4, 'type': 1}, {'idp': 129, 'x': 0.035, 'y': 3.243, 'r': 0.4, 'type': 1}, {'idp': 130, 'x': 1.083, 'y': 3.11, 'r': 0.4, 'type': 1}, {'idp': 131, 'x': 4.433, 'y': -7.525, 'r': 0.4, 'type': 1}]
29050,1398693922.9737377,[{'idp': 127, 'x': 5.403, 'y': -4.142, 'r': 0.4, 'type': 1}, {'idp': 128, 'x': 5.23, 'y': -2.988, 'r': 0.4, 'type': 1}, {'idp': 129, 'x': 0.035, 'y': 3.243, 'r': 0.4, 'type': 1}, {'idp': 130, 'x': 1.053, 'y': 3.112, 'r': 0.4, 'type': 1}, {'idp': 131, 'x': 4.432, 'y': -7.523, 'r': 0.4, 'type': 1}]
29051,1398693923.0136786,[{'idp': 127, 'x': 5.395, 'y': -4.174, 'r': 0.4, 'type': 1}, {'idp': 128, 'x': 5.206, 'y': -3.004, 'r': 0.4, 'type': 1}, {'idp': 129, 'x': 0.035, 'y': 3.243, 'r': 0.4, 'type': 1}, {'idp': 130, 'x': 1.044, 'y': 3.138, 'r': 0.4, 'type': 1}, {'idp': 131, 'x': 4.382, 'y': -7.551, 'r': 0.4, 'type': 1}]
29052,1398693923.02217,[{'idp': 127, 'x': 5.41, 'y': -4.185, 'r': 0.4, 'type': 1}, {'idp': 128, 'x': 5.2, 'y': -3.001, 'r': 0.4, 'type': 1}, {'idp': 129, 'x': 0.035, 'y': 3.243, 'r': 0.4, 'type': 1}, {'idp': 130, 'x': 1.005, 'y': 3.155, 'r': 0.4, 'type': 1}, {'idp': 131, 'x': 4.373, 'y': -7.574, 'r': 0.4, 'type': 1}]
29053,1398693923.0617769,[{'idp': 127, 'x': 5.42, 'y': -4.174, 'r': 0.4, 'type': 1}, {'idp': 128, 'x': 5.203, 'y': -2.973, 'r': 0.4, 'type': 1}, {'idp': 129, 'x': 0.035, 'y': 3.243, 'r': 0.4, 'type': 1}, {'idp': 130, 'x': 0.968, 'y': 3.17, 'r': 0.4, 'type': 1}, {'idp': 131, 'x': 4.361, 'y': -7.592, 'r': 0.4, 'type': 1}]
29054,1398693923.1016552,[{'idp': 127, 'x': 5.452, 'y': -4.16, 'r': 0.4, 'type': 1}, {'idp': 128, 'x': 5.197, 'y': -2.94, 'r': 0.4, 'type': 1}, {'idp': 129, 'x': 0.035, 'y': 3.243, 'r': 0.4, 'type': 1}, {'idp': 130, 'x': 0.933, 'y': 3.176, 'r': 0.4, 'type': 1}, {'idp': 131, 'x': 4.403, 'y': -7.55, 'r': 0.4, 'type': 1}]
29055,1398693923.1016822,[{'idp': 127, 'x': 5.458, 'y': -4.147, 'r': 0.4, 'type': 1}, {'idp': 128, 'x': 5.176, 'y': -2.914, 'r': 0.4, 'type': 1}, {'idp': 129, 'x': 0.035, 'y': 3.243, 'r': 0.4, 'type': 1}, {'idp': 130, 'x': 0.903, 'y': 3.199, 'r': 0.4, 'type': 1}, {'idp': 131, 'x': 4.379, 'y': -7.546, 'r': 0.4, 'type': 1}]
29056,1398693923.1417224,[{'idp': 127, 'x': 5.465, 'y': -4.133, 'r': 0.4, 'type': 1}, {'idp': 128, 'x': 5.177, 'y': -2.884, 'r': 0.4, 'type': 1}, {'idp': 129, 'x': 0.035, 'y': 3.243, 'r': 0.4, 'type': 1}, {'idp': 130, 'x': 0.894, 'y': 3.189, 'r': 0.4, 'type': 1}, {'idp': 131, 'x': 4.342, 'y': -7.558, 'r': 0.4, 'type': 1}]
29057,1398693923.147045,[{'idp': 127, 'x': 5.429, 'y': -4.144, 'r': 0.4, 'type': 1}, {'idp': 128, 'x': 5.216, 'y': -2.936, 'r': 0.4, 'type': 1}, {'idp': 129, 'x': 0.035, 'y': 3.243, 'r': 0.4, 'type': 1}, {'idp': 130, 'x': 0.872, 'y': 3.215, 'r': 0.4, 'type': 1}, {'idp': 131, 'x': 4.318, 'y': -7.555, 'r': 0.4, 'type': 1}, {'idp': 132, 'x': 4.99, 'y': -7.912, 'r': 0.4, 'type': 1}, {'idp': 133, 'x': 5.574, 'y': -8.33, 'r': 0.4, 'type': 1}]
29058,1398693923.1897209,[{'idp': 127, 'x': 5.43, 'y': -4.145, 'r': 0.4, 'type': 1}, {'idp': 128, 'x': 5.238, 'y': -2.949, 'r': 0.4, 'type': 1}, {'idp': 129, 'x': 0.035, 'y': 3.243, 'r': 0.4, 'type': 1}, {'idp': 130, 'x': 0.846, 'y': 3.212, 'r': 0.4, 'type': 1}, {'idp': 131, 'x': 4.303, 'y': -7.566, 'r': 0.4, 'type': 1}, {'idp': 132, 'x': 4.994, 'y': -7.915, 'r': 0.4, 'type': 1}, {'idp': 133, 'x': 5.56, 'y': -8.283, 'r': 0.4, 'type': 1}]
29059,1398693923.2258215,[{'idp': 127, 'x': 5.431, 'y': -4.109, 'r': 0.4, 'type': 1}, {'idp': 128, 'x': 5.241, 'y': -2.921, 'r': 0.4, 'type': 1}, {'idp': 129, 'x': 0.035, 'y': 3.243, 'r': 0.4, 'type': 1}, {'idp': 130, 'x': 0.801, 'y': 3.229, 'r': 0.4, 'type': 1}, {'idp': 131, 'x': 4.314, 'y': -7.547, 'r': 0.4, 'type': 1}, {'idp': 132, 'x': 5.003, 'y': -7.854, 'r': 0.4, 'type': 1}, {'idp': 133, 'x': 5.562, 'y': -8.208, 'r': 0.4, 'type': 1}]
29060,1398693923.2258594,[{'idp': 127, 'x': 5.406, 'y': -4.054, 'r': 0.4, 'type': 1}, {'idp': 128, 'x': 5.268, 'y': -2.906, 'r': 0.4, 'type': 1}, {'idp': 129, 'x': 0.035, 'y': 3.243, 'r': 0.4, 'type': 1}, {'idp': 130, 'x': 0.77, 'y': 3.258, 'r': 0.4, 'type': 1}, {'idp': 131, 'x': 4.329, 'y': -7.535, 'r': 0.4, 'type': 1}, {'idp': 132, 'x': 5.052, 'y': -7.854, 'r': 0.4, 'type': 1}, {'idp': 133, 'x': 5.582, 'y': -8.123, 'r': 0.4, 'type': 1}]
29061,1398693923.2656941,[{'idp': 127, 'x': 5.405, 'y': -4.072, 'r': 0.4, 'type': 1}, {'idp': 128, 'x': 5.276, 'y': -2.896, 'r': 0.4, 'type': 1}, {'idp': 129, 'x': 0.035, 'y': 3.243, 'r': 0.4, 'type': 1}, {'idp': 130, 'x': 0.734, 'y': 3.268, 'r': 0.4, 'type': 1}, {'idp': 131, 'x': 4.322, 'y': -7.524, 'r': 0.4, 'type': 1}, {'idp': 132, 'x': 5.034, 'y': -7.753, 'r': 0.4, 'type': 1}, {'idp': 133, 'x': 5.58, 'y': -8.119, 'r': 0.4, 'type': 1}]
29062,1398693923.2715788,[{'idp': 127, 'x': 5.387, 'y': -4.078, 'r': 0.4, 'type': 1}, {'idp': 128, 'x': 5.293, 'y': -2.904, 'r': 0.4, 'type': 1}, {'idp': 129, 'x': 0.035, 'y': 3.243, 'r': 0.4, 'type': 1}, {'idp': 130, 'x': 0.722, 'y': 3.276, 'r': 0.4, 'type': 1}, {'idp': 131, 'x': 4.295, 'y': -7.552, 'r': 0.4, 'type': 1}, {'idp': 132, 'x': 5.043, 'y': -7.777, 'r': 0.4, 'type': 1}, {'idp': 133, 'x': 5.507, 'y': -8.049, 'r': 0.4, 'type': 1}]
29063,1398693923.3096387,[{'idp': 127, 'x': 5.44, 'y': -4.08, 'r': 0.4, 'type': 1}, {'idp': 128, 'x': 5.307, 'y': -2.912, 'r': 0.4, 'type': 1}, {'idp': 129, 'x': 0.035, 'y': 3.243, 'r': 0.4, 'type': 1}, {'idp': 130, 'x': 0.695, 'y': 3.269, 'r': 0.4, 'type': 1}, {'idp': 131, 'x': 4.254, 'y': -7.557, 'r': 0.4, 'type': 1}, {'idp': 132, 'x': 5.003, 'y': -7.719, 'r': 0.4, 'type': 1}, {'idp': 133, 'x': 5.539, 'y': -8.098, 'r': 0.4, 'type': 1}]
29064,1398693923.3496912,[{'idp': 127, 'x': 5.5, 'y': -4.127, 'r': 0.4, 'type': 1}, {'idp': 128, 'x': 5.328, 'y': -2.913, 'r': 0.4, 'type': 1}, {'idp': 129, 'x': 0.035, 'y': 3.243, 'r': 0.4, 'type': 1}, {'idp': 130, 'x': 0.67, 'y': 3.276, 'r': 0.4, 'type': 1}, {'idp': 131, 'x': 4.27, 'y': -7.547, 'r': 0.4, 'type': 1}, {'idp': 132, 'x': 4.998, 'y': -7.697, 'r': 0.4, 'type': 1}, {'idp': 133, 'x': 5.568, 'y': -8.063, 'r': 0.4, 'type': 1}]
29065,1398693923.3497245,[{'idp': 127, 'x': 5.545, 'y': -4.122, 'r': 0.4, 'type': 1}, {'idp': 128, 'x': 5.339, 'y': -2.887, 'r': 0.4, 'type': 1}, {'idp': 129, 'x': 0.035, 'y': 3.243, 'r': 0.4, 'type': 1}, {'idp': 130, 'x': 0.648, 'y': 3.283, 'r': 0.4, 'type': 1}, {'idp': 131, 'x': 4.27, 'y': -7.548, 'r': 0.4, 'type': 1}, {'idp': 132, 'x': 4.993, 'y': -7.727, 'r': 0.4, 'type': 1}, {'idp': 133, 'x': 5.559, 'y': -8.05, 'r': 0.4, 'type': 1}]
29066,1398693923.3898191,[{'idp': 127, 'x': 5.563, 'y': -4.155, 'r': 0.4, 'type': 1}, {'idp': 128, 'x': 5.353, 'y': -2.895, 'r': 0.4, 'type': 1}, {'idp': 130, 'x': 0.64, 'y': 3.297, 'r': 0.4, 'type': 1}, {'idp': 131, 'x': 4.244, 'y': -7.539, 'r': 0.4, 'type': 1}, {'idp': 132, 'x': 4.953, 'y': -7.701, 'r': 0.4, 'type': 1}, {'idp': 133, 'x': 5.602, 'y': -8.075, 'r': 0.4, 'type': 1}]
29067,1398693923.396526,[{'idp': 127, 'x': 5.56, 'y': -4.153, 'r': 0.4, 'type': 1}, {'idp': 128, 'x': 5.324, 'y': -2.875, 'r': 0.4, 'type': 1}, {'idp': 130, 'x': 0.591, 'y': 3.325, 'r': 0.4, 'type': 1}, {'idp': 131, 'x': 4.208, 'y': -7.552, 'r': 0.4, 'type': 1}, {'idp': 132, 'x': 4.952, 'y': -7.679, 'r': 0.4, 'type': 1}, {'idp': 133, 'x': 5.582, 'y': -8.083, 'r': 0.4, 'type': 1}]
29068,1398693923.4336853,[{'idp': 127, 'x': 5.599, 'y': -4.163, 'r': 0.4, 'type': 1}, {'idp': 128, 'x': 5.35, 'y': -2.859, 'r': 0.4, 'type': 1}, {'idp': 130, 'x': 0.531, 'y': 3.364, 'r': 0.4, 'type': 1}, {'idp': 131, 'x': 4.224, 'y': -7.543, 'r': 0.4, 'type': 1}, {'idp': 132, 'x': 4.995, 'y': -7.671, 'r': 0.4, 'type': 1}, {'idp': 133, 'x': 5.592, 'y': -8.06, 'r': 0.4, 'type': 1}]
29069,1398693923.473759,[{'idp': 127, 'x': 5.62, 'y': -4.159, 'r': 0.4, 'type': 1}, {'idp': 128, 'x': 5.378, 'y': -2.837, 'r': 0.4, 'type': 1}, {'idp': 130, 'x': 0.48, 'y': 3.368, 'r': 0.4, 'type': 1}, {'idp': 131, 'x': 4.226, 'y': -7.546, 'r': 0.4, 'type': 1}, {'idp': 132, 'x': 4.965, 'y': -7.609, 'r': 0.4, 'type': 1}, {'idp': 133, 'x': 5.596, 'y': -8.029, 'r': 0.4, 'type': 1}]
29070,1398693923.473801,[{'idp': 127, 'x': 5.653, 'y': -4.183, 'r': 0.4, 'type': 1}, {'idp': 128, 'x': 5.38, 'y': -2.859, 'r': 0.4, 'type': 1}, {'idp': 130, 'x': 0.424, 'y': 3.336, 'r': 0.4, 'type': 1}, {'idp': 131, 'x': 4.197, 'y': -7.532, 'r': 0.4, 'type': 1}, {'idp': 132, 'x': 4.959, 'y': -7.616, 'r': 0.4, 'type': 1}, {'idp': 133, 'x': 5.616, 'y': -8.021, 'r': 0.4, 'type': 1}]
29071,1398693923.5136764,[{'idp': 127, 'x': 5.64, 'y': -4.173, 'r': 0.4, 'type': 1}, {'idp': 128, 'x': 5.363, 'y': -2.87, 'r': 0.4, 'type': 1}, {'idp': 130, 'x': 0.381, 'y': 3.404, 'r': 0.4, 'type': 1}, {'idp': 131, 'x': 4.162, 'y': -7.547, 'r': 0.4, 'type': 1}, {'idp': 132, 'x': 4.927, 'y': -7.597, 'r': 0.4, 'type': 1}, {'idp': 133, 'x': 5.571, 'y': -7.992, 'r': 0.4, 'type': 1}]
29072,1398693923.5207474,[{'idp': 127, 'x': 5.632, 'y': -4.174, 'r': 0.4, 'type': 1}, {'idp': 128, 'x': 5.397, 'y': -2.86, 'r': 0.4, 'type': 1}, {'idp': 130, 'x': 0.341, 'y': 3.453, 'r': 0.4, 'type': 1}, {'idp': 131, 'x': 4.15, 'y': -7.564, 'r': 0.4, 'type': 1}, {'idp': 132, 'x': 4.942, 'y': -7.573, 'r': 0.4, 'type': 1}, {'idp': 133, 'x': 5.567, 'y': -7.949, 'r': 0.4, 'type': 1}]
29073,1398693923.5577006,[{'idp': 127, 'x': 5.671, 'y': -4.157, 'r': 0.4, 'type': 1}, {'idp': 128, 'x': 5.4, 'y': -2.848, 'r': 0.4, 'type': 1}, {'idp': 130, 'x': 0.294, 'y': 3.461, 'r': 0.4, 'type': 1}, {'idp': 131, 'x': 4.138, 'y': -7.542, 'r': 0.4, 'type': 1}, {'idp': 132, 'x': 4.895, 'y': -7.501, 'r': 0.4, 'type': 1}, {'idp': 133, 'x': 5.543, 'y': -7.86, 'r': 0.4, 'type': 1}]
29074,1398693923.597717,[{'idp': 127, 'x': 5.682, 'y': -4.165, 'r': 0.4, 'type': 1}, {'idp': 128, 'x': 5.387, 'y': -2.846, 'r': 0.4, 'type': 1}, {'idp': 130, 'x': 0.244, 'y': 3.472, 'r': 0.4, 'type': 1}, {'idp': 131, 'x': 4.139, 'y': -7.544, 'r': 0.4, 'type': 1}, {'idp': 132, 'x': 4.919, 'y': -7.466, 'r': 0.4, 'type': 1}, {'idp': 133, 'x': 5.615, 'y': -7.872, 'r': 0.4, 'type': 1}]
29075,1398693923.5977535,[{'idp': 127, 'x': 5.696, 'y': -4.176, 'r': 0.4, 'type': 1}, {'idp': 128, 'x': 5.396, 'y': -2.846, 'r': 0.4, 'type': 1}, {'idp': 130, 'x': 0.242, 'y': 3.504, 'r': 0.4, 'type': 1}, {'idp': 131, 'x': 4.097, 'y': -7.544, 'r': 0.4, 'type': 1}, {'idp': 132, 'x': 4.915, 'y': -7.46, 'r': 0.4, 'type': 1}, {'idp': 133, 'x': 5.577, 'y': -7.855, 'r': 0.4, 'type': 1}]
29076,1398693923.6377125,[{'idp': 127, 'x': 5.707, 'y': -4.163, 'r': 0.4, 'type': 1}, {'idp': 128, 'x': 5.4, 'y': -2.83, 'r': 0.4, 'type': 1}, {'idp': 130, 'x': 0.254, 'y': 3.518, 'r': 0.4, 'type': 1}, {'idp': 131, 'x': 4.123, 'y': -7.553, 'r': 0.4, 'type': 1}, {'idp': 132, 'x': 4.892, 'y': -7.426, 'r': 0.4, 'type': 1}, {'idp': 133, 'x': 5.573, 'y': -7.849, 'r': 0.4, 'type': 1}]
29077,1398693923.645602,[{'idp': 127, 'x': 5.734, 'y': -4.125, 'r': 0.4, 'type': 1}, {'idp': 128, 'x': 5.419, 'y': -2.834, 'r': 0.4, 'type': 1}, {'idp': 130, 'x': 0.294, 'y': 3.503, 'r': 0.4, 'type': 1}, {'idp': 131, 'x': 4.126, 'y': -7.521, 'r': 0.4, 'type': 1}, {'idp': 132, 'x': 4.964, 'y': -7.429, 'r': 0.4, 'type': 1}, {'idp': 133, 'x': 5.588, 'y': -7.798, 'r': 0.4, 'type': 1}]
29078,1398693923.6816647,[{'idp': 127, 'x': 5.739, 'y': -4.13, 'r': 0.4, 'type': 1}, {'idp': 128, 'x': 5.42, 'y': -2.815, 'r': 0.4, 'type': 1}, {'idp': 130, 'x': 0.315, 'y': 3.507, 'r': 0.4, 'type': 1}, {'idp': 131, 'x': 4.114, 'y': -7.537, 'r': 0.4, 'type': 1}, {'idp': 132, 'x': 4.934, 'y': -7.348, 'r': 0.4, 'type': 1}, {'idp': 133, 'x': 5.608, 'y': -7.825, 'r': 0.4, 'type': 1}]
29079,1398693923.7217197,[{'idp': 127, 'x': 5.718, 'y': -4.166, 'r': 0.4, 'type': 1}, {'idp': 128, 'x': 5.419, 'y': -2.819, 'r': 0.4, 'type': 1}, {'idp': 130, 'x': 0.315, 'y': 3.514, 'r': 0.4, 'type': 1}, {'idp': 131, 'x': 4.09, 'y': -7.532, 'r': 0.4, 'type': 1}, {'idp': 132, 'x': 4.865, 'y': -7.246, 'r': 0.4, 'type': 1}, {'idp': 133, 'x': 5.585, 'y': -7.794, 'r': 0.4, 'type': 1}]
29080,1398693923.72175,[{'idp': 127, 'x': 5.715, 'y': -4.163, 'r': 0.4, 'type': 1}, {'idp': 128, 'x': 5.422, 'y': -2.821, 'r': 0.4, 'type': 1}, {'idp': 130, 'x': 0.306, 'y': 3.492, 'r': 0.4, 'type': 1}, {'idp': 131, 'x': 4.079, 'y': -7.552, 'r': 0.4, 'type': 1}, {'idp': 132, 'x': 4.866, 'y': -7.284, 'r': 0.4, 'type': 1}, {'idp': 133, 'x': 5.586, 'y': -7.724, 'r': 0.4, 'type': 1}]
29081,1398693923.7617514,[{'idp': 127, 'x': 5.754, 'y': -4.143, 'r': 0.4, 'type': 1}, {'idp': 128, 'x': 5.458, 'y': -2.839, 'r': 0.4, 'type': 1}, {'idp': 130, 'x': 0.276, 'y': 3.506, 'r': 0.4, 'type': 1}, {'idp': 131, 'x': 4.038, 'y': -7.554, 'r': 0.4, 'type': 1}, {'idp': 132, 'x': 4.847, 'y': -7.255, 'r': 0.4, 'type': 1}, {'idp': 133, 'x': 5.577, 'y': -7.747, 'r': 0.4, 'type': 1}]
29082,1398693923.7699065,[{'idp': 127, 'x': 5.724, 'y': -4.152, 'r': 0.4, 'type': 1}, {'idp': 128, 'x': 5.457, 'y': -2.827, 'r': 0.4, 'type': 1}, {'idp': 130, 'x': 0.246, 'y': 3.512, 'r': 0.4, 'type': 1}, {'idp': 131, 'x': 4.068, 'y': -7.57, 'r': 0.4, 'type': 1}, {'idp': 132, 'x': 4.876, 'y': -7.264, 'r': 0.4, 'type': 1}, {'idp': 133, 'x': 5.562, 'y': -7.656, 'r': 0.4, 'type': 1}]
29083,1398693923.8096561,[{'idp': 127, 'x': 5.769, 'y': -4.114, 'r': 0.4, 'type': 1}, {'idp': 128, 'x': 5.473, 'y': -2.788, 'r': 0.4, 'type': 1}, {'idp': 130, 'x': 0.2, 'y': 3.519, 'r': 0.4, 'type': 1}, {'idp': 131, 'x': 4.069, 'y': -7.572, 'r': 0.4, 'type': 1}, {'idp': 132, 'x': 4.871, 'y': -7.224, 'r': 0.4, 'type': 1}, {'idp': 133, 'x': 5.551, 'y': -7.605, 'r': 0.4, 'type': 1}]
29084,1398693923.8497083,[{'idp': 127, 'x': 5.744, 'y': -4.128, 'r': 0.4, 'type': 1}, {'idp': 128, 'x': 5.499, 'y': -2.786, 'r': 0.4, 'type': 1}, {'idp': 130, 'x': 0.17, 'y': 3.533, 'r': 0.4, 'type': 1}, {'idp': 131, 'x': 4.056, 'y': -7.548, 'r': 0.4, 'type': 1}, {'idp': 132, 'x': 4.882, 'y': -7.206, 'r': 0.4, 'type': 1}, {'idp': 133, 'x': 5.56, 'y': -7.583, 'r': 0.4, 'type': 1}]
29085,1398693923.849738,[{'idp': 127, 'x': 5.73, 'y': -4.118, 'r': 0.4, 'type': 1}, {'idp': 128, 'x': 5.507, 'y': -2.791, 'r': 0.4, 'type': 1}, {'idp': 130, 'x': 0.14, 'y': 3.576, 'r': 0.4, 'type': 1}, {'idp': 131, 'x': 4.04, 'y': -7.559, 'r': 0.4, 'type': 1}, {'idp': 132, 'x': 4.933, 'y': -7.282, 'r': 0.4, 'type': 1}, {'idp': 133, 'x': 5.548, 'y': -7.567, 'r': 0.4, 'type': 1}]
29086,1398693923.8896887,[{'idp': 127, 'x': 5.735, 'y': -4.105, 'r': 0.4, 'type': 1}, {'idp': 128, 'x': 5.497, 'y': -2.785, 'r': 0.4, 'type': 1}, {'idp': 130, 'x': 0.102, 'y': 3.579, 'r': 0.4, 'type': 1}, {'idp': 131, 'x': 4.025, 'y': -7.569, 'r': 0.4, 'type': 1}, {'idp': 132, 'x': 4.858, 'y': -7.172, 'r': 0.4, 'type': 1}, {'idp': 133, 'x': 5.402, 'y': -7.679, 'r': 0.4, 'type': 1}]
29087,1398693923.8945336,[{'idp': 127, 'x': 5.723, 'y': -4.132, 'r': 0.4, 'type': 1}, {'idp': 128, 'x': 5.486, 'y': -2.765, 'r': 0.4, 'type': 1}, {'idp': 130, 'x': 0.071, 'y': 3.61, 'r': 0.4, 'type': 1}, {'idp': 131, 'x': 3.982, 'y': -7.568, 'r': 0.4, 'type': 1}, {'idp': 132, 'x': 4.851, 'y': -7.119, 'r': 0.4, 'type': 1}, {'idp': 133, 'x': 5.403, 'y': -7.681, 'r': 0.4, 'type': 1}]
29088,1398693923.93371,[{'idp': 127, 'x': 5.768, 'y': -4.11, 'r': 0.4, 'type': 1}, {'idp': 128, 'x': 5.502, 'y': -2.773, 'r': 0.4, 'type': 1}, {'idp': 130, 'x': 0.047, 'y': 3.626, 'r': 0.4, 'type': 1}, {'idp': 131, 'x': 4.023, 'y': -7.565, 'r': 0.4, 'type': 1}, {'idp': 132, 'x': 4.877, 'y': -7.166, 'r': 0.4, 'type': 1}, {'idp': 133, 'x': 5.392, 'y': -7.702, 'r': 0.4, 'type': 1}]
29089,1398693923.9737177,[{'idp': 127, 'x': 5.781, 'y': -4.117, 'r': 0.4, 'type': 1}, {'idp': 128, 'x': 5.52, 'y': -2.752, 'r': 0.4, 'type': 1}, {'idp': 130, 'x': 0.024, 'y': 3.66, 'r': 0.4, 'type': 1}, {'idp': 131, 'x': 3.996, 'y': -7.554, 'r': 0.4, 'type': 1}, {'idp': 132, 'x': 4.871, 'y': -7.125, 'r': 0.4, 'type': 1}, {'idp': 133, 'x': 5.441, 'y': -7.616, 'r': 0.4, 'type': 1}]
29090,1398693923.9737434,[{'idp': 127, 'x': 5.773, 'y': -4.091, 'r': 0.4, 'type': 1}, {'idp': 128, 'x': 5.53, 'y': -2.742, 'r': 0.4, 'type': 1}, {'idp': 130, 'x': 0.024, 'y': 3.636, 'r': 0.4, 'type': 1}, {'idp': 131, 'x': 3.998, 'y': -7.558, 'r': 0.4, 'type': 1}, {'idp': 132, 'x': 4.849, 'y': -7.05, 'r': 0.4, 'type': 1}, {'idp': 133, 'x': 5.409, 'y': -7.572, 'r': 0.4, 'type': 1}]
29091,1398693924.0137403,[{'idp': 127, 'x': 5.794, 'y': -4.101, 'r': 0.4, 'type': 1}, {'idp': 128, 'x': 5.554, 'y': -2.725, 'r': 0.4, 'type': 1}, {'idp': 130, 'x': 0.024, 'y': 3.636, 'r': 0.4, 'type': 1}, {'idp': 131, 'x': 3.973, 'y': -7.551, 'r': 0.4, 'type': 1}, {'idp': 132, 'x': 4.897, 'y': -7.127, 'r': 0.4, 'type': 1}, {'idp': 133, 'x': 5.477, 'y': -7.504, 'r': 0.4, 'type': 1}]
29092,1398693924.019568,[{'idp': 127, 'x': 5.806, 'y': -4.117, 'r': 0.4, 'type': 1}, {'idp': 128, 'x': 5.564, 'y': -2.73, 'r': 0.4, 'type': 1}, {'idp': 131, 'x': 3.975, 'y': -7.555, 'r': 0.4, 'type': 1}, {'idp': 132, 'x': 4.855, 'y': -7.034, 'r': 0.4, 'type': 1}, {'idp': 133, 'x': 5.516, 'y': -7.557, 'r': 0.4, 'type': 1}]
29093,1398693924.0576937,[{'idp': 127, 'x': 5.817, 'y': -4.099, 'r': 0.4, 'type': 1}, {'idp': 128, 'x': 5.56, 'y': -2.728, 'r': 0.4, 'type': 1}, {'idp': 131, 'x': 3.954, 'y': -7.554, 'r': 0.4, 'type': 1}, {'idp': 132, 'x': 4.86, 'y': -7.006, 'r': 0.4, 'type': 1}, {'idp': 133, 'x': 5.467, 'y': -7.525, 'r': 0.4, 'type': 1}]
29094,1398693924.0976744,[{'idp': 127, 'x': 5.805, 'y': -4.112, 'r': 0.4, 'type': 1}, {'idp': 128, 'x': 5.572, 'y': -2.749, 'r': 0.4, 'type': 1}, {'idp': 131, 'x': 3.922, 'y': -7.574, 'r': 0.4, 'type': 1}, {'idp': 132, 'x': 4.825, 'y': -6.988, 'r': 0.4, 'type': 1}, {'idp': 133, 'x': 5.439, 'y': -7.52, 'r': 0.4, 'type': 1}]
29095,1398693924.097708,[{'idp': 127, 'x': 5.85, 'y': -4.115, 'r': 0.4, 'type': 1}, {'idp': 128, 'x': 5.565, 'y': -2.73, 'r': 0.4, 'type': 1}, {'idp': 131, 'x': 3.9, 'y': -7.571, 'r': 0.4, 'type': 1}, {'idp': 132, 'x': 4.803, 'y': -6.956, 'r': 0.4, 'type': 1}, {'idp': 133, 'x': 5.378, 'y': -7.47, 'r': 0.4, 'type': 1}]
29096,1398693924.137764,[{'idp': 127, 'x': 5.861, 'y': -4.066, 'r': 0.4, 'type': 1}, {'idp': 128, 'x': 5.555, 'y': -2.694, 'r': 0.4, 'type': 1}, {'idp': 131, 'x': 3.947, 'y': -7.58, 'r': 0.4, 'type': 1}, {'idp': 132, 'x': 4.854, 'y': -6.931, 'r': 0.4, 'type': 1}, {'idp': 133, 'x': 5.375, 'y': -7.398, 'r': 0.4, 'type': 1}]
29097,1398693924.1444507,[{'idp': 127, 'x': 5.903, 'y': -4.057, 'r': 0.4, 'type': 1}, {'idp': 128, 'x': 5.517, 'y': -2.661, 'r': 0.4, 'type': 1}, {'idp': 131, 'x': 3.931, 'y': -7.551, 'r': 0.4, 'type': 1}, {'idp': 132, 'x': 4.815, 'y': -6.844, 'r': 0.4, 'type': 1}, {'idp': 133, 'x': 5.351, 'y': -7.331, 'r': 0.4, 'type': 1}]
29098,1398693924.1817298,[{'idp': 127, 'x': 5.894, 'y': -4.051, 'r': 0.4, 'type': 1}, {'idp': 128, 'x': 5.601, 'y': -2.686, 'r': 0.4, 'type': 1}, {'idp': 131, 'x': 3.914, 'y': -7.559, 'r': 0.4, 'type': 1}, {'idp': 132, 'x': 4.797, 'y': -6.819, 'r': 0.4, 'type': 1}, {'idp': 133, 'x': 5.378, 'y': -7.369, 'r': 0.4, 'type': 1}]
29099,1398693924.2216969,[{'idp': 127, 'x': 5.901, 'y': -4.037, 'r': 0.4, 'type': 1}, {'idp': 128, 'x': 5.622, 'y': -2.695, 'r': 0.4, 'type': 1}, {'idp': 131, 'x': 3.887, 'y': -7.547, 'r': 0.4, 'type': 1}, {'idp': 132, 'x': 4.804, 'y': -6.86, 'r': 0.4, 'type': 1}, {'idp': 133, 'x': 5.351, 'y': -7.297, 'r': 0.4, 'type': 1}]
29100,1398693924.221725,[{'idp': 127, 'x': 5.886, 'y': -3.989, 'r': 0.4, 'type': 1}, {'idp': 128, 'x': 5.626, 'y': -2.697, 'r': 0.4, 'type': 1}, {'idp': 131, 'x': 3.885, 'y': -7.542, 'r': 0.4, 'type': 1}, {'idp': 132, 'x': 4.831, 'y': -6.834, 'r': 0.4, 'type': 1}, {'idp': 133, 'x': 5.371, 'y': -7.225, 'r': 0.4, 'type': 1}]
29101,1398693924.2617533,[{'idp': 127, 'x': 5.872, 'y': -3.961, 'r': 0.4, 'type': 1}, {'idp': 128, 'x': 5.653, 'y': -2.679, 'r': 0.4, 'type': 1}, {'idp': 131, 'x': 3.852, 'y': -7.559, 'r': 0.4, 'type': 1}, {'idp': 132, 'x': 4.812, 'y': -6.746, 'r': 0.4, 'type': 1}, {'idp': 133, 'x': 5.373, 'y': -7.162, 'r': 0.4, 'type': 1}]
29102,1398693924.2692053,[{'idp': 127, 'x': 5.923, 'y': -3.994, 'r': 0.4, 'type': 1}, {'idp': 128, 'x': 5.664, 'y': -2.684, 'r': 0.4, 'type': 1}, {'idp': 131, 'x': 3.853, 'y': -7.561, 'r': 0.4, 'type': 1}, {'idp': 132, 'x': 4.807, 'y': -6.74, 'r': 0.4, 'type': 1}, {'idp': 133, 'x': 5.327, 'y': -7.149, 'r': 0.4, 'type': 1}]
29103,1398693924.3057015,[{'idp': 127, 'x': 6.001, 'y': -4.008, 'r': 0.4, 'type': 1}, {'idp': 128, 'x': 5.711, 'y': -2.707, 'r': 0.4, 'type': 1}, {'idp': 131, 'x': 3.86, 'y': -7.575, 'r': 0.4, 'type': 1}, {'idp': 132, 'x': 4.833, 'y': -6.743, 'r': 0.4, 'type': 1}, {'idp': 133, 'x': 5.358, 'y': -7.291, 'r': 0.4, 'type': 1}]
29104,1398693924.3457139,[{'idp': 127, 'x': 6.005, 'y': -3.991, 'r': 0.4, 'type': 1}, {'idp': 128, 'x': 5.648, 'y': -2.692, 'r': 0.4, 'type': 1}, {'idp': 131, 'x': 3.811, 'y': -7.56, 'r': 0.4, 'type': 1}, {'idp': 132, 'x': 4.818, 'y': -6.693, 'r': 0.4, 'type': 1}, {'idp': 133, 'x': 5.358, 'y': -7.27, 'r': 0.4, 'type': 1}]
29105,1398693924.3457377,[{'idp': 127, 'x': 6.034, 'y': -3.991, 'r': 0.4, 'type': 1}, {'idp': 128, 'x': 5.69, 'y': -2.697, 'r': 0.4, 'type': 1}, {'idp': 131, 'x': 3.806, 'y': -7.551, 'r': 0.4, 'type': 1}, {'idp': 132, 'x': 4.793, 'y': -6.658, 'r': 0.4, 'type': 1}, {'idp': 133, 'x': 5.385, 'y': -7.241, 'r': 0.4, 'type': 1}]
29106,1398693924.3857193,[{'idp': 127, 'x': 6.023, 'y': -3.984, 'r': 0.4, 'type': 1}, {'idp': 128, 'x': 5.689, 'y': -2.696, 'r': 0.4, 'type': 1}, {'idp': 131, 'x': 3.808, 'y': -7.555, 'r': 0.4, 'type': 1}, {'idp': 132, 'x': 4.794, 'y': -6.608, 'r': 0.4, 'type': 1}, {'idp': 133, 'x': 5.328, 'y': -7.26, 'r': 0.4, 'type': 1}]
29107,1398693924.393337,[{'idp': 127, 'x': 6.058, 'y': -3.987, 'r': 0.4, 'type': 1}, {'idp': 128, 'x': 5.67, 'y': -2.688, 'r': 0.4, 'type': 1}, {'idp': 131, 'x': 3.779, 'y': -7.58, 'r': 0.4, 'type': 1}, {'idp': 132, 'x': 4.739, 'y': -6.611, 'r': 0.4, 'type': 1}, {'idp': 133, 'x': 5.383, 'y': -7.29, 'r': 0.4, 'type': 1}]
29108,1398693924.429652,[{'idp': 127, 'x': 6.093, 'y': -3.99, 'r': 0.4, 'type': 1}, {'idp': 128, 'x': 5.699, 'y': -2.687, 'r': 0.4, 'type': 1}, {'idp': 131, 'x': 3.768, 'y': -7.557, 'r': 0.4, 'type': 1}, {'idp': 132, 'x': 4.749, 'y': -6.57, 'r': 0.4, 'type': 1}, {'idp': 133, 'x': 5.374, 'y': -7.265, 'r': 0.4, 'type': 1}]
29109,1398693924.4696825,[{'idp': 127, 'x': 6.085, 'y': -3.965, 'r': 0.4, 'type': 1}, {'idp': 128, 'x': 5.691, 'y': -2.668, 'r': 0.4, 'type': 1}, {'idp': 131, 'x': 3.773, 'y': -7.566, 'r': 0.4, 'type': 1}, {'idp': 132, 'x': 4.757, 'y': -6.581, 'r': 0.4, 'type': 1}, {'idp': 133, 'x': 5.336, 'y': -7.215, 'r': 0.4, 'type': 1}]
29110,1398693924.4697106,[{'idp': 127, 'x': 6.058, 'y': -3.94, 'r': 0.4, 'type': 1}, {'idp': 128, 'x': 5.708, 'y': -2.66, 'r': 0.4, 'type': 1}, {'idp': 131, 'x': 3.734, 'y': -7.573, 'r': 0.4, 'type': 1}, {'idp': 132, 'x': 4.738, 'y': -6.555, 'r': 0.4, 'type': 1}, {'idp': 133, 'x': 5.348, 'y': -7.174, 'r': 0.4, 'type': 1}]
29111,1398693924.5097322,[{'idp': 127, 'x': 6.119, 'y': -3.967, 'r': 0.4, 'type': 1}, {'idp': 128, 'x': 5.641, 'y': -2.616, 'r': 0.4, 'type': 1}, {'idp': 131, 'x': 3.73, 'y': -7.565, 'r': 0.4, 'type': 1}, {'idp': 132, 'x': 4.742, 'y': -6.531, 'r': 0.4, 'type': 1}, {'idp': 133, 'x': 5.365, 'y': -7.2, 'r': 0.4, 'type': 1}]
29112,1398693924.5182137,[{'idp': 127, 'x': 6.089, 'y': -3.937, 'r': 0.4, 'type': 1}, {'idp': 128, 'x': 5.685, 'y': -2.606, 'r': 0.4, 'type': 1}, {'idp': 131, 'x': 3.767, 'y': -7.555, 'r': 0.4, 'type': 1}, {'idp': 132, 'x': 4.728, 'y': -6.481, 'r': 0.4, 'type': 1}, {'idp': 133, 'x': 5.383, 'y': -7.161, 'r': 0.4, 'type': 1}]
29113,1398693924.5576582,[{'idp': 127, 'x': 6.112, 'y': -3.905, 'r': 0.4, 'type': 1}, {'idp': 128, 'x': 5.763, 'y': -2.627, 'r': 0.4, 'type': 1}, {'idp': 131, 'x': 3.749, 'y': -7.56, 'r': 0.4, 'type': 1}, {'idp': 132, 'x': 4.762, 'y': -6.438, 'r': 0.4, 'type': 1}, {'idp': 133, 'x': 5.372, 'y': -7.195, 'r': 0.4, 'type': 1}]
29114,1398693924.5978208,[{'idp': 127, 'x': 6.083, 'y': -3.919, 'r': 0.4, 'type': 1}, {'idp': 128, 'x': 5.787, 'y': -2.638, 'r': 0.4, 'type': 1}, {'idp': 131, 'x': 3.724, 'y': -7.552, 'r': 0.4, 'type': 1}, {'idp': 132, 'x': 4.717, 'y': -6.352, 'r': 0.4, 'type': 1}, {'idp': 133, 'x': 5.397, 'y': -7.228, 'r': 0.4, 'type': 1}]
29115,1398693924.5978508,[{'idp': 127, 'x': 6.149, 'y': -3.914, 'r': 0.4, 'type': 1}, {'idp': 128, 'x': 5.814, 'y': -2.651, 'r': 0.4, 'type': 1}, {'idp': 131, 'x': 3.724, 'y': -7.551, 'r': 0.4, 'type': 1}, {'idp': 132, 'x': 4.717, 'y': -6.377, 'r': 0.4, 'type': 1}, {'idp': 133, 'x': 5.392, 'y': -7.188, 'r': 0.4, 'type': 1}]
29116,1398693924.637693,[{'idp': 127, 'x': 6.075, 'y': -3.913, 'r': 0.4, 'type': 1}, {'idp': 128, 'x': 5.828, 'y': -2.657, 'r': 0.4, 'type': 1}, {'idp': 131, 'x': 3.692, 'y': -7.568, 'r': 0.4, 'type': 1}, {'idp': 132, 'x': 4.681, 'y': -6.377, 'r': 0.4, 'type': 1}, {'idp': 133, 'x': 5.337, 'y': -7.115, 'r': 0.4, 'type': 1}]
29117,1398693924.6428282,[{'idp': 127, 'x': 6.091, 'y': -3.924, 'r': 0.4, 'type': 1}, {'idp': 128, 'x': 5.858, 'y': -2.655, 'r': 0.4, 'type': 1}, {'idp': 131, 'x': 3.691, 'y': -7.568, 'r': 0.4, 'type': 1}, {'idp': 132, 'x': 4.687, 'y': -6.318, 'r': 0.4, 'type': 1}, {'idp': 133, 'x': 5.337, 'y': -7.115, 'r': 0.4, 'type': 1}]
29118,1398693924.6817129,[{'idp': 127, 'x': 6.1, 'y': -3.906, 'r': 0.4, 'type': 1}, {'idp': 128, 'x': 5.862, 'y': -2.657, 'r': 0.4, 'type': 1}, {'idp': 131, 'x': 3.688, 'y': -7.56, 'r': 0.4, 'type': 1}, {'idp': 132, 'x': 4.689, 'y': -6.321, 'r': 0.4, 'type': 1}, {'idp': 133, 'x': 5.497, 'y': -7.035, 'r': 0.4, 'type': 1}]
29119,1398693924.7217226,[{'idp': 127, 'x': 6.084, 'y': -3.9, 'r': 0.4, 'type': 1}, {'idp': 128, 'x': 5.883, 'y': -2.651, 'r': 0.4, 'type': 1}, {'idp': 131, 'x': 3.665, 'y': -7.556, 'r': 0.4, 'type': 1}, {'idp': 132, 'x': 4.686, 'y': -6.292, 'r': 0.4, 'type': 1}, {'idp': 133, 'x': 5.463, 'y': -6.96, 'r': 0.4, 'type': 1}]
29120,1398693924.7217526,[{'idp': 127, 'x': 6.102, 'y': -3.892, 'r': 0.4, 'type': 1}, {'idp': 128, 'x': 5.915, 'y': -2.649, 'r': 0.4, 'type': 1}, {'idp': 131, 'x': 3.644, 'y': -7.554, 'r': 0.4, 'type': 1}, {'idp': 132, 'x': 4.673, 'y': -6.249, 'r': 0.4, 'type': 1}, {'idp': 133, 'x': 5.468, 'y': -6.936, 'r': 0.4, 'type': 1}]
29121,1398693924.7617528,[{'idp': 127, 'x': 6.121, 'y': -3.895, 'r': 0.4, 'type': 1}, {'idp': 128, 'x': 5.92, 'y': -2.635, 'r': 0.4, 'type': 1}, {'idp': 131, 'x': 3.646, 'y': -7.557, 'r': 0.4, 'type': 1}, {'idp': 132, 'x': 4.685, 'y': -6.217, 'r': 0.4, 'type': 1}, {'idp': 133, 'x': 5.507, 'y': -6.862, 'r': 0.4, 'type': 1}]
29122,1398693924.7678444,[{'idp': 127, 'x': 6.127, 'y': -3.881, 'r': 0.4, 'type': 1}, {'idp': 128, 'x': 5.935, 'y': -2.642, 'r': 0.4, 'type': 1}, {'idp': 131, 'x': 3.627, 'y': -7.562, 'r': 0.4, 'type': 1}, {'idp': 132, 'x': 4.693, 'y': -6.199, 'r': 0.4, 'type': 1}, {'idp': 133, 'x': 5.511, 'y': -6.806, 'r': 0.4, 'type': 1}]
29123,1398693924.8057182,[{'idp': 127, 'x': 6.129, 'y': -3.864, 'r': 0.4, 'type': 1}, {'idp': 128, 'x': 5.954, 'y': -2.65, 'r': 0.4, 'type': 1}, {'idp': 131, 'x': 3.609, 'y': -7.566, 'r': 0.4, 'type': 1}, {'idp': 132, 'x': 4.666, 'y': -6.135, 'r': 0.4, 'type': 1}, {'idp': 133, 'x': 5.529, 'y': -6.768, 'r': 0.4, 'type': 1}]
29124,1398693924.8456984,[{'idp': 127, 'x': 6.148, 'y': -3.858, 'r': 0.4, 'type': 1}, {'idp': 128, 'x': 5.972, 'y': -2.637, 'r': 0.4, 'type': 1}, {'idp': 131, 'x': 3.607, 'y': -7.562, 'r': 0.4, 'type': 1}, {'idp': 132, 'x': 4.645, 'y': -6.08, 'r': 0.4, 'type': 1}, {'idp': 133, 'x': 5.553, 'y': -6.736, 'r': 0.4, 'type': 1}]
29125,1398693924.8457294,[{'idp': 127, 'x': 6.131, 'y': -3.83, 'r': 0.4, 'type': 1}, {'idp': 128, 'x': 5.987, 'y': -2.648, 'r': 0.4, 'type': 1}, {'idp': 131, 'x': 3.605, 'y': -7.558, 'r': 0.4, 'type': 1}, {'idp': 132, 'x': 4.658, 'y': -6.071, 'r': 0.4, 'type': 1}, {'idp': 133, 'x': 5.558, 'y': -6.713, 'r': 0.4, 'type': 1}]
29126,1398693924.8857567,[{'idp': 127, 'x': 6.156, 'y': -3.809, 'r': 0.4, 'type': 1}, {'idp': 128, 'x': 5.99, 'y': -2.649, 'r': 0.4, 'type': 1}, {'idp': 131, 'x': 3.58, 'y': -7.547, 'r': 0.4, 'type': 1}, {'idp': 132, 'x': 4.647, 'y': -6.03, 'r': 0.4, 'type': 1}, {'idp': 133, 'x': 5.563, 'y': -6.66, 'r': 0.4, 'type': 1}]
29127,1398693924.8925812,[{'idp': 127, 'x': 6.19, 'y': -3.774, 'r': 0.4, 'type': 1}, {'idp': 128, 'x': 6.021, 'y': -2.623, 'r': 0.4, 'type': 1}, {'idp': 131, 'x': 3.588, 'y': -7.565, 'r': 0.4, 'type': 1}, {'idp': 132, 'x': 4.658, 'y': -5.99, 'r': 0.4, 'type': 1}, {'idp': 133, 'x': 5.557, 'y': -6.623, 'r': 0.4, 'type': 1}]
29128,1398693924.9297273,[{'idp': 127, 'x': 6.249, 'y': -3.793, 'r': 0.4, 'type': 1}, {'idp': 128, 'x': 5.999, 'y': -2.621, 'r': 0.4, 'type': 1}, {'idp': 131, 'x': 3.596, 'y': -7.538, 'r': 0.4, 'type': 1}, {'idp': 132, 'x': 4.669, 'y': -6.005, 'r': 0.4, 'type': 1}, {'idp': 133, 'x': 5.622, 'y': -6.612, 'r': 0.4, 'type': 1}]
29129,1398693924.969747,[{'idp': 127, 'x': 6.28, 'y': -3.774, 'r': 0.4, 'type': 1}, {'idp': 128, 'x': 6.045, 'y': -2.634, 'r': 0.4, 'type': 1}, {'idp': 131, 'x': 3.553, 'y': -7.533, 'r': 0.4, 'type': 1}, {'idp': 132, 'x': 4.662, 'y': -5.97, 'r': 0.4, 'type': 1}, {'idp': 133, 'x': 5.571, 'y': -6.581, 'r': 0.4, 'type': 1}]
29130,1398693924.969779,[{'idp': 127, 'x': 6.324, 'y': -3.82, 'r': 0.4, 'type': 1}, {'idp': 128, 'x': 6.031, 'y': -2.658, 'r': 0.4, 'type': 1}, {'idp': 131, 'x': 3.528, 'y': -7.564, 'r': 0.4, 'type': 1}, {'idp': 132, 'x': 4.643, 'y': -5.974, 'r': 0.4, 'type': 1}, {'idp': 133, 'x': 5.548, 'y': -6.583, 'r': 0.4, 'type': 1}]
29131,1398693925.0097249,[{'idp': 127, 'x': 6.34, 'y': -3.814, 'r': 0.4, 'type': 1}, {'idp': 128, 'x': 6.047, 'y': -2.665, 'r': 0.4, 'type': 1}, {'idp': 131, 'x': 3.519, 'y': -7.546, 'r': 0.4, 'type': 1}, {'idp': 132, 'x': 4.619, 'y': -5.942, 'r': 0.4, 'type': 1}, {'idp': 133, 'x': 5.445, 'y': -6.635, 'r': 0.4, 'type': 1}]
29132,1398693925.0168324,[{'idp': 127, 'x': 6.375, 'y': -3.768, 'r': 0.4, 'type': 1}, {'idp': 128, 'x': 6.048, 'y': -2.634, 'r': 0.4, 'type': 1}, {'idp': 131, 'x': 3.528, 'y': -7.566, 'r': 0.4, 'type': 1}, {'idp': 132, 'x': 4.628, 'y': -5.899, 'r': 0.4, 'type': 1}, {'idp': 133, 'x': 5.54, 'y': -6.516, 'r': 0.4, 'type': 1}]
29133,1398693925.053682,[{'idp': 127, 'x': 6.385, 'y': -3.76, 'r': 0.4, 'type': 1}, {'idp': 128, 'x': 6.015, 'y': -2.643, 'r': 0.4, 'type': 1}, {'idp': 131, 'x': 3.532, 'y': -7.575, 'r': 0.4, 'type': 1}, {'idp': 132, 'x': 4.619, 'y': -5.889, 'r': 0.4, 'type': 1}, {'idp': 133, 'x': 5.426, 'y': -6.553, 'r': 0.4, 'type': 1}]
29134,1398693925.0936866,[{'idp': 127, 'x': 6.389, 'y': -3.776, 'r': 0.4, 'type': 1}, {'idp': 128, 'x': 6.06, 'y': -2.637, 'r': 0.4, 'type': 1}, {'idp': 131, 'x': 3.486, 'y': -7.56, 'r': 0.4, 'type': 1}, {'idp': 132, 'x': 4.641, 'y': -5.917, 'r': 0.4, 'type': 1}, {'idp': 133, 'x': 5.548, 'y': -6.525, 'r': 0.4, 'type': 1}]
29135,1398693925.0937173,[{'idp': 127, 'x': 6.397, 'y': -3.762, 'r': 0.4, 'type': 1}, {'idp': 128, 'x': 6.027, 'y': -2.648, 'r': 0.4, 'type': 1}, {'idp': 131, 'x': 3.481, 'y': -7.549, 'r': 0.4, 'type': 1}, {'idp': 132, 'x': 4.594, 'y': -5.83, 'r': 0.4, 'type': 1}, {'idp': 133, 'x': 5.517, 'y': -6.488, 'r': 0.4, 'type': 1}]
29136,1398693925.1337159,[{'idp': 127, 'x': 6.435, 'y': -3.732, 'r': 0.4, 'type': 1}, {'idp': 128, 'x': 6.037, 'y': -2.637, 'r': 0.4, 'type': 1}, {'idp': 131, 'x': 3.461, 'y': -7.55, 'r': 0.4, 'type': 1}, {'idp': 132, 'x': 4.598, 'y': -5.808, 'r': 0.4, 'type': 1}, {'idp': 133, 'x': 5.528, 'y': -6.501, 'r': 0.4, 'type': 1}]
29137,1398693925.1418476,[{'idp': 127, 'x': 6.464, 'y': -3.728, 'r': 0.4, 'type': 1}, {'idp': 128, 'x': 6.026, 'y': -2.654, 'r': 0.4, 'type': 1}, {'idp': 131, 'x': 3.455, 'y': -7.582, 'r': 0.4, 'type': 1}, {'idp': 132, 'x': 4.594, 'y': -5.777, 'r': 0.4, 'type': 1}, {'idp': 133, 'x': 5.492, 'y': -6.459, 'r': 0.4, 'type': 1}]
29138,1398693925.1817594,[{'idp': 127, 'x': 6.461, 'y': -3.709, 'r': 0.4, 'type': 1}, {'idp': 128, 'x': 6.037, 'y': -2.638, 'r': 0.4, 'type': 1}, {'idp': 131, 'x': 3.451, 'y': -7.571, 'r': 0.4, 'type': 1}, {'idp': 132, 'x': 4.57, 'y': -5.721, 'r': 0.4, 'type': 1}, {'idp': 133, 'x': 5.506, 'y': -6.504, 'r': 0.4, 'type': 1}]
29139,1398693925.2217376,[{'idp': 127, 'x': 6.438, 'y': -3.729, 'r': 0.4, 'type': 1}, {'idp': 128, 'x': 6.049, 'y': -2.644, 'r': 0.4, 'type': 1}, {'idp': 131, 'x': 3.434, 'y': -7.578, 'r': 0.4, 'type': 1}, {'idp': 132, 'x': 4.565, 'y': -5.714, 'r': 0.4, 'type': 1}, {'idp': 133, 'x': 5.498, 'y': -6.495, 'r': 0.4, 'type': 1}]
29140,1398693925.221793,[{'idp': 127, 'x': 6.453, 'y': -3.703, 'r': 0.4, 'type': 1}, {'idp': 128, 'x': 6.068, 'y': -2.637, 'r': 0.4, 'type': 1}, {'idp': 131, 'x': 3.425, 'y': -7.559, 'r': 0.4, 'type': 1}, {'idp': 132, 'x': 4.555, 'y': -5.65, 'r': 0.4, 'type': 1}, {'idp': 133, 'x': 5.447, 'y': -6.462, 'r': 0.4, 'type': 1}]
29141,1398693925.2617357,[{'idp': 127, 'x': 6.483, 'y': -3.719, 'r': 0.4, 'type': 1}, {'idp': 128, 'x': 6.091, 'y': -2.632, 'r': 0.4, 'type': 1}, {'idp': 131, 'x': 3.376, 'y': -7.581, 'r': 0.4, 'type': 1}, {'idp': 132, 'x': 4.594, 'y': -5.647, 'r': 0.4, 'type': 1}, {'idp': 133, 'x': 5.431, 'y': -6.415, 'r': 0.4, 'type': 1}]
29142,1398693925.2661183,[{'idp': 127, 'x': 6.423, 'y': -3.725, 'r': 0.4, 'type': 1}, {'idp': 128, 'x': 6.078, 'y': -2.657, 'r': 0.4, 'type': 1}, {'idp': 131, 'x': 3.381, 'y': -7.549, 'r': 0.4, 'type': 1}, {'idp': 132, 'x': 4.588, 'y': -5.614, 'r': 0.4, 'type': 1}, {'idp': 133, 'x': 5.461, 'y': -6.394, 'r': 0.4, 'type': 1}]
29143,1398693925.3056383,[{'idp': 127, 'x': 6.449, 'y': -3.718, 'r': 0.4, 'type': 1}, {'idp': 128, 'x': 6.103, 'y': -2.669, 'r': 0.4, 'type': 1}, {'idp': 131, 'x': 3.367, 'y': -7.562, 'r': 0.4, 'type': 1}, {'idp': 132, 'x': 4.596, 'y': -5.624, 'r': 0.4, 'type': 1}, {'idp': 133, 'x': 5.415, 'y': -6.312, 'r': 0.4, 'type': 1}]
29144,1398693925.3456886,[{'idp': 127, 'x': 6.454, 'y': -3.702, 'r': 0.4, 'type': 1}, {'idp': 128, 'x': 6.124, 'y': -2.631, 'r': 0.4, 'type': 1}, {'idp': 131, 'x': 3.352, 'y': -7.572, 'r': 0.4, 'type': 1}, {'idp': 132, 'x': 4.579, 'y': -5.579, 'r': 0.4, 'type': 1}, {'idp': 133, 'x': 5.441, 'y': -6.286, 'r': 0.4, 'type': 1}]
29145,1398693925.3457212,[{'idp': 127, 'x': 6.431, 'y': -3.712, 'r': 0.4, 'type': 1}, {'idp': 128, 'x': 6.127, 'y': -2.664, 'r': 0.4, 'type': 1}, {'idp': 131, 'x': 3.36, 'y': -7.547, 'r': 0.4, 'type': 1}, {'idp': 132, 'x': 4.58, 'y': -5.521, 'r': 0.4, 'type': 1}, {'idp': 133, 'x': 5.451, 'y': -6.188, 'r': 0.4, 'type': 1}]
29146,1398693925.385711,[{'idp': 127, 'x': 6.498, 'y': -3.676, 'r': 0.4, 'type': 1}, {'idp': 128, 'x': 6.156, 'y': -2.629, 'r': 0.4, 'type': 1}, {'idp': 131, 'x': 3.357, 'y': -7.539, 'r': 0.4, 'type': 1}, {'idp': 132, 'x': 4.601, 'y': -5.49, 'r': 0.4, 'type': 1}, {'idp': 133, 'x': 5.45, 'y': -6.299, 'r': 0.4, 'type': 1}]
29147,1398693925.3909614,[{'idp': 127, 'x': 6.458, 'y': -3.688, 'r': 0.4, 'type': 1}, {'idp': 128, 'x': 6.177, 'y': -2.639, 'r': 0.4, 'type': 1}, {'idp': 131, 'x': 3.368, 'y': -7.563, 'r': 0.4, 'type': 1}, {'idp': 132, 'x': 4.571, 'y': -5.472, 'r': 0.4, 'type': 1}, {'idp': 133, 'x': 5.473, 'y': -6.32, 'r': 0.4, 'type': 1}]
29148,1398693925.4296782,[{'idp': 127, 'x': 6.472, 'y': -3.677, 'r': 0.4, 'type': 1}, {'idp': 128, 'x': 6.174, 'y': -2.621, 'r': 0.4, 'type': 1}, {'idp': 131, 'x': 3.343, 'y': -7.553, 'r': 0.4, 'type': 1}, {'idp': 132, 'x': 4.58, 'y': -5.46, 'r': 0.4, 'type': 1}, {'idp': 133, 'x': 5.478, 'y': -6.313, 'r': 0.4, 'type': 1}]
29149,1398693925.4697413,[{'idp': 127, 'x': 6.438, 'y': -3.687, 'r': 0.4, 'type': 1}, {'idp': 128, 'x': 6.217, 'y': -2.64, 'r': 0.4, 'type': 1}, {'idp': 131, 'x': 3.342, 'y': -7.55, 'r': 0.4, 'type': 1}, {'idp': 132, 'x': 4.567, 'y': -5.421, 'r': 0.4, 'type': 1}, {'idp': 133, 'x': 5.481, 'y': -6.299, 'r': 0.4, 'type': 1}]
29150,1398693925.46978,[{'idp': 127, 'x': 6.454, 'y': -3.68, 'r': 0.4, 'type': 1}, {'idp': 128, 'x': 6.204, 'y': -2.618, 'r': 0.4, 'type': 1}, {'idp': 131, 'x': 3.323, 'y': -7.552, 'r': 0.4, 'type': 1}, {'idp': 132, 'x': 4.577, 'y': -5.387, 'r': 0.4, 'type': 1}, {'idp': 133, 'x': 5.481, 'y': -6.283, 'r': 0.4, 'type': 1}]
29151,1398693925.509708,[{'idp': 127, 'x': 6.443, 'y': -3.69, 'r': 0.4, 'type': 1}, {'idp': 128, 'x': 6.181, 'y': -2.609, 'r': 0.4, 'type': 1}, {'idp': 131, 'x': 3.301, 'y': -7.547, 'r': 0.4, 'type': 1}, {'idp': 132, 'x': 4.528, 'y': -5.406, 'r': 0.4, 'type': 1}, {'idp': 133, 'x': 5.486, 'y': -6.204, 'r': 0.4, 'type': 1}]
29152,1398693925.5155356,[{'idp': 127, 'x': 6.448, 'y': -3.646, 'r': 0.4, 'type': 1}, {'idp': 128, 'x': 6.159, 'y': -2.584, 'r': 0.4, 'type': 1}, {'idp': 131, 'x': 3.306, 'y': -7.558, 'r': 0.4, 'type': 1}, {'idp': 132, 'x': 4.555, 'y': -5.36, 'r': 0.4, 'type': 1}, {'idp': 133, 'x': 5.492, 'y': -6.234, 'r': 0.4, 'type': 1}]
29153,1398693925.5536618,[{'idp': 127, 'x': 6.461, 'y': -3.681, 'r': 0.4, 'type': 1}, {'idp': 128, 'x': 6.162, 'y': -2.6, 'r': 0.4, 'type': 1}, {'idp': 131, 'x': 3.285, 'y': -7.554, 'r': 0.4, 'type': 1}, {'idp': 132, 'x': 4.544, 'y': -5.316, 'r': 0.4, 'type': 1}, {'idp': 133, 'x': 5.515, 'y': -6.21, 'r': 0.4, 'type': 1}]
29154,1398693925.5937095,[{'idp': 127, 'x': 6.455, 'y': -3.658, 'r': 0.4, 'type': 1}, {'idp': 128, 'x': 6.101, 'y': -2.558, 'r': 0.4, 'type': 1}, {'idp': 131, 'x': 3.272, 'y': -7.57, 'r': 0.4, 'type': 1}, {'idp': 132, 'x': 4.508, 'y': -5.363, 'r': 0.4, 'type': 1}, {'idp': 133, 'x': 5.481, 'y': -6.171, 'r': 0.4, 'type': 1}]
29155,1398693925.59374,[{'idp': 127, 'x': 6.486, 'y': -3.632, 'r': 0.4, 'type': 1}, {'idp': 128, 'x': 6.126, 'y': -2.553, 'r': 0.4, 'type': 1}, {'idp': 131, 'x': 3.265, 'y': -7.554, 'r': 0.4, 'type': 1}, {'idp': 132, 'x': 4.522, 'y': -5.298, 'r': 0.4, 'type': 1}, {'idp': 133, 'x': 5.504, 'y': -6.143, 'r': 0.4, 'type': 1}]
29156,1398693925.6336935,[{'idp': 127, 'x': 6.516, 'y': -3.616, 'r': 0.4, 'type': 1}, {'idp': 128, 'x': 6.088, 'y': -2.537, 'r': 0.4, 'type': 1}, {'idp': 131, 'x': 3.283, 'y': -7.55, 'r': 0.4, 'type': 1}, {'idp': 132, 'x': 4.58, 'y': -5.249, 'r': 0.4, 'type': 1}, {'idp': 133, 'x': 5.525, 'y': -6.201, 'r': 0.4, 'type': 1}]
29157,1398693925.6400933,[{'idp': 127, 'x': 6.563, 'y': -3.583, 'r': 0.4, 'type': 1}, {'idp': 128, 'x': 6.153, 'y': -2.548, 'r': 0.4, 'type': 1}, {'idp': 131, 'x': 3.274, 'y': -7.53, 'r': 0.4, 'type': 1}, {'idp': 132, 'x': 4.524, 'y': -5.206, 'r': 0.4, 'type': 1}, {'idp': 133, 'x': 5.531, 'y': -6.146, 'r': 0.4, 'type': 1}]
29158,1398693925.6777246,[{'idp': 127, 'x': 6.569, 'y': -3.586, 'r': 0.4, 'type': 1}, {'idp': 128, 'x': 6.143, 'y': -2.56, 'r': 0.4, 'type': 1}, {'idp': 131, 'x': 3.234, 'y': -7.572, 'r': 0.4, 'type': 1}, {'idp': 132, 'x': 4.532, 'y': -5.191, 'r': 0.4, 'type': 1}, {'idp': 133, 'x': 5.531, 'y': -6.107, 'r': 0.4, 'type': 1}]
29159,1398693925.717707,[{'idp': 127, 'x': 6.573, 'y': -3.569, 'r': 0.4, 'type': 1}, {'idp': 128, 'x': 6.173, 'y': -2.572, 'r': 0.4, 'type': 1}, {'idp': 131, 'x': 3.226, 'y': -7.553, 'r': 0.4, 'type': 1}, {'idp': 132, 'x': 4.511, 'y': -5.203, 'r': 0.4, 'type': 1}, {'idp': 133, 'x': 5.512, 'y': -6.055, 'r': 0.4, 'type': 1}]
29160,1398693925.7177427,[{'idp': 127, 'x': 6.569, 'y': -3.549, 'r': 0.4, 'type': 1}, {'idp': 128, 'x': 6.228, 'y': -2.579, 'r': 0.4, 'type': 1}, {'idp': 131, 'x': 3.223, 'y': -7.547, 'r': 0.4, 'type': 1}, {'idp': 132, 'x': 4.49, 'y': -5.165, 'r': 0.4, 'type': 1}, {'idp': 133, 'x': 5.514, 'y': -6.111, 'r': 0.4, 'type': 1}]
29161,1398693925.757704,[{'idp': 127, 'x': 6.508, 'y': -3.497, 'r': 0.4, 'type': 1}, {'idp': 128, 'x': 6.226, 'y': -2.578, 'r': 0.4, 'type': 1}, {'idp': 131, 'x': 3.207, 'y': -7.554, 'r': 0.4, 'type': 1}, {'idp': 132, 'x': 4.504, 'y': -5.122, 'r': 0.4, 'type': 1}, {'idp': 133, 'x': 5.544, 'y': -5.978, 'r': 0.4, 'type': 1}]
29162,1398693925.765456,[{'idp': 127, 'x': 6.591, 'y': -3.523, 'r': 0.4, 'type': 1}, {'idp': 128, 'x': 6.197, 'y': -2.566, 'r': 0.4, 'type': 1}, {'idp': 131, 'x': 3.224, 'y': -7.549, 'r': 0.4, 'type': 1}, {'idp': 132, 'x': 4.52, 'y': -5.086, 'r': 0.4, 'type': 1}, {'idp': 133, 'x': 5.522, 'y': -5.87, 'r': 0.4, 'type': 1}]
29163,1398693925.8016872,[{'idp': 127, 'x': 6.6, 'y': -3.508, 'r': 0.4, 'type': 1}, {'idp': 128, 'x': 6.236, 'y': -2.582, 'r': 0.4, 'type': 1}, {'idp': 131, 'x': 3.221, 'y': -7.542, 'r': 0.4, 'type': 1}, {'idp': 132, 'x': 4.492, 'y': -5.033, 'r': 0.4, 'type': 1}, {'idp': 133, 'x': 5.537, 'y': -5.911, 'r': 0.4, 'type': 1}]
29164,1398693925.8416831,[{'idp': 127, 'x': 6.681, 'y': -3.514, 'r': 0.4, 'type': 1}, {'idp': 128, 'x': 6.201, 'y': -2.568, 'r': 0.4, 'type': 1}, {'idp': 131, 'x': 3.197, 'y': -7.531, 'r': 0.4, 'type': 1}, {'idp': 132, 'x': 4.505, 'y': -5.003, 'r': 0.4, 'type': 1}, {'idp': 133, 'x': 5.556, 'y': -5.88, 'r': 0.4, 'type': 1}]
29165,1398693925.8417141,[{'idp': 127, 'x': 6.684, 'y': -3.515, 'r': 0.4, 'type': 1}, {'idp': 128, 'x': 6.273, 'y': -2.565, 'r': 0.4, 'type': 1}, {'idp': 131, 'x': 3.163, 'y': -7.544, 'r': 0.4, 'type': 1}, {'idp': 132, 'x': 4.461, 'y': -4.933, 'r': 0.4, 'type': 1}, {'idp': 133, 'x': 5.569, 'y': -5.893, 'r': 0.4, 'type': 1}]
29166,1398693925.8816671,[{'idp': 127, 'x': 6.679, 'y': -3.512, 'r': 0.4, 'type': 1}, {'idp': 128, 'x': 6.301, 'y': -2.576, 'r': 0.4, 'type': 1}, {'idp': 131, 'x': 3.162, 'y': -7.541, 'r': 0.4, 'type': 1}, {'idp': 132, 'x': 4.441, 'y': -4.867, 'r': 0.4, 'type': 1}, {'idp': 133, 'x': 5.611, 'y': -5.886, 'r': 0.4, 'type': 1}]
29167,1398693925.8896785,[{'idp': 127, 'x': 6.667, 'y': -3.51, 'r': 0.4, 'type': 1}, {'idp': 128, 'x': 6.207, 'y': -2.57, 'r': 0.4, 'type': 1}, {'idp': 131, 'x': 3.159, 'y': -7.534, 'r': 0.4, 'type': 1}, {'idp': 132, 'x': 4.477, 'y': -4.908, 'r': 0.4, 'type': 1}, {'idp': 133, 'x': 5.674, 'y': -5.875, 'r': 0.4, 'type': 1}]
29168,1398693925.9296818,[{'idp': 127, 'x': 6.684, 'y': -3.512, 'r': 0.4, 'type': 1}, {'idp': 128, 'x': 6.235, 'y': -2.582, 'r': 0.4, 'type': 1}, {'idp': 131, 'x': 3.142, 'y': -7.539, 'r': 0.4, 'type': 1}, {'idp': 132, 'x': 4.478, 'y': -4.888, 'r': 0.4, 'type': 1}, {'idp': 133, 'x': 5.762, 'y': -5.863, 'r': 0.4, 'type': 1}]
29169,1398693925.9697337,[{'idp': 127, 'x': 6.727, 'y': -3.491, 'r': 0.4, 'type': 1}, {'idp': 128, 'x': 6.164, 'y': -2.553, 'r': 0.4, 'type': 1}, {'idp': 131, 'x': 3.146, 'y': -7.548, 'r': 0.4, 'type': 1}, {'idp': 132, 'x': 4.481, 'y': -4.85, 'r': 0.4, 'type': 1}, {'idp': 133, 'x': 5.761, 'y': -5.761, 'r': 0.4, 'type': 1}]
29170,1398693925.9697673,[{'idp': 127, 'x': 6.734, 'y': -3.478, 'r': 0.4, 'type': 1}, {'idp': 128, 'x': 6.181, 'y': -2.561, 'r': 0.4, 'type': 1}, {'idp': 131, 'x': 3.12, 'y': -7.532, 'r': 0.4, 'type': 1}, {'idp': 132, 'x': 4.491, 'y': -4.84, 'r': 0.4, 'type': 1}, {'idp': 133, 'x': 5.665, 'y': -5.803, 'r': 0.4, 'type': 1}]
29171,1398693926.00972,[{'idp': 127, 'x': 6.707, 'y': -3.464, 'r': 0.4, 'type': 1}, {'idp': 128, 'x': 6.206, 'y': -2.539, 'r': 0.4, 'type': 1}, {'idp': 131, 'x': 3.103, 'y': -7.537, 'r': 0.4, 'type': 1}, {'idp': 132, 'x': 4.471, 'y': -4.793, 'r': 0.4, 'type': 1}, {'idp': 133, 'x': 5.682, 'y': -5.771, 'r': 0.4, 'type': 1}]
29172,1398693926.014457,[{'idp': 127, 'x': 6.685, 'y': -3.483, 'r': 0.4, 'type': 1}, {'idp': 128, 'x': 6.221, 'y': -2.561, 'r': 0.4, 'type': 1}, {'idp': 131, 'x': 3.094, 'y': -7.561, 'r': 0.4, 'type': 1}, {'idp': 132, 'x': 4.472, 'y': -4.769, 'r': 0.4, 'type': 1}, {'idp': 133, 'x': 5.691, 'y': -5.746, 'r': 0.4, 'type': 1}]
29173,1398693926.0537379,[{'idp': 127, 'x': 6.67, 'y': -3.471, 'r': 0.4, 'type': 1}, {'idp': 128, 'x': 6.248, 'y': -2.572, 'r': 0.4, 'type': 1}, {'idp': 131, 'x': 3.088, 'y': -7.547, 'r': 0.4, 'type': 1}, {'idp': 132, 'x': 4.453, 'y': -4.752, 'r': 0.4, 'type': 1}, {'idp': 133, 'x': 5.632, 'y': -5.753, 'r': 0.4, 'type': 1}]
29174,1398693926.0937402,[{'idp': 127, 'x': 6.55, 'y': -3.491, 'r': 0.4, 'type': 1}, {'idp': 128, 'x': 6.309, 'y': -2.582, 'r': 0.4, 'type': 1}, {'idp': 131, 'x': 3.073, 'y': -7.558, 'r': 0.4, 'type': 1}, {'idp': 132, 'x': 4.441, 'y': -4.739, 'r': 0.4, 'type': 1}, {'idp': 133, 'x': 5.678, 'y': -5.777, 'r': 0.4, 'type': 1}]
29175,1398693926.0937703,[{'idp': 127, 'x': 6.428, 'y': -3.49, 'r': 0.4, 'type': 1}, {'idp': 128, 'x': 6.324, 'y': -2.588, 'r': 0.4, 'type': 1}, {'idp': 131, 'x': 3.057, 'y': -7.567, 'r': 0.4, 'type': 1}, {'idp': 132, 'x': 4.427, 'y': -4.697, 'r': 0.4, 'type': 1}, {'idp': 133, 'x': 5.665, 'y': -5.734, 'r': 0.4, 'type': 1}]
29176,1398693926.1336715,[{'idp': 127, 'x': 6.428, 'y': -3.49, 'r': 0.4, 'type': 1}, {'idp': 128, 'x': 6.361, 'y': -2.619, 'r': 0.4, 'type': 1}, {'idp': 131, 'x': 3.038, 'y': -7.566, 'r': 0.4, 'type': 1}, {'idp': 132, 'x': 4.417, 'y': -4.7, 'r': 0.4, 'type': 1}, {'idp': 133, 'x': 5.766, 'y': -5.714, 'r': 0.4, 'type': 1}]
29177,1398693926.1396658,[{'idp': 127, 'x': 6.437, 'y': -3.477, 'r': 0.4, 'type': 1}, {'idp': 128, 'x': 6.347, 'y': -2.597, 'r': 0.4, 'type': 1}, {'idp': 131, 'x': 3.032, 'y': -7.551, 'r': 0.4, 'type': 1}, {'idp': 132, 'x': 4.418, 'y': -4.679, 'r': 0.4, 'type': 1}, {'idp': 133, 'x': 5.791, 'y': -5.593, 'r': 0.4, 'type': 1}]
29178,1398693926.1777992,[{'idp': 127, 'x': 6.447, 'y': -3.482, 'r': 0.4, 'type': 1}, {'idp': 128, 'x': 6.364, 'y': -2.588, 'r': 0.4, 'type': 1}, {'idp': 131, 'x': 3.014, 'y': -7.555, 'r': 0.4, 'type': 1}, {'idp': 132, 'x': 4.417, 'y': -4.662, 'r': 0.4, 'type': 1}, {'idp': 133, 'x': 5.866, 'y': -5.615, 'r': 0.4, 'type': 1}]
29179,1398693926.2176728,[{'idp': 127, 'x': 6.427, 'y': -3.453, 'r': 0.4, 'type': 1}, {'idp': 128, 'x': 6.394, 'y': -2.584, 'r': 0.4, 'type': 1}, {'idp': 131, 'x': 3.037, 'y': -7.565, 'r': 0.4, 'type': 1}, {'idp': 132, 'x': 4.45, 'y': -4.651, 'r': 0.4, 'type': 1}, {'idp': 133, 'x': 5.865, 'y': -5.59, 'r': 0.4, 'type': 1}]
29180,1398693926.217702,[{'idp': 127, 'x': 6.464, 'y': -3.455, 'r': 0.4, 'type': 1}, {'idp': 128, 'x': 6.4, 'y': -2.57, 'r': 0.4, 'type': 1}, {'idp': 131, 'x': 3.037, 'y': -7.564, 'r': 0.4, 'type': 1}, {'idp': 132, 'x': 4.418, 'y': -4.67, 'r': 0.4, 'type': 1}, {'idp': 133, 'x': 5.865, 'y': -5.59, 'r': 0.4, 'type': 1}]
29181,1398693926.2577214,[{'idp': 127, 'x': 6.503, 'y': -3.439, 'r': 0.4, 'type': 1}, {'idp': 128, 'x': 6.419, 'y': -2.577, 'r': 0.4, 'type': 1}, {'idp': 131, 'x': 3.009, 'y': -7.542, 'r': 0.4, 'type': 1}, {'idp': 132, 'x': 4.406, 'y': -4.625, 'r': 0.4, 'type': 1}, {'idp': 133, 'x': 5.865, 'y': -5.59, 'r': 0.4, 'type': 1}]
29182,1398693926.2638412,[{'idp': 127, 'x': 6.54, 'y': -3.423, 'r': 0.4, 'type': 1}, {'idp': 128, 'x': 6.409, 'y': -2.573, 'r': 0.4, 'type': 1}, {'idp': 131, 'x': 2.975, 'y': -7.552, 'r': 0.4, 'type': 1}, {'idp': 132, 'x': 4.374, 'y': -4.591, 'r': 0.4, 'type': 1}, {'idp': 133, 'x': 5.865, 'y': -5.59, 'r': 0.4, 'type': 1}]
29183,1398693926.3017447,[{'idp': 127, 'x': 6.617, 'y': -3.389, 'r': 0.4, 'type': 1}, {'idp': 128, 'x': 6.395, 'y': -2.616, 'r': 0.4, 'type': 1}, {'idp': 131, 'x': 2.956, 'y': -7.553, 'r': 0.4, 'type': 1}, {'idp': 132, 'x': 4.379, 'y': -4.556, 'r': 0.4, 'type': 1}, {'idp': 133, 'x': 5.787, 'y': -5.564, 'r': 0.4, 'type': 1}]
29184,1398693926.3417137,[{'idp': 127, 'x': 6.736, 'y': -3.412, 'r': 0.4, 'type': 1}, {'idp': 128, 'x': 6.425, 'y': -2.578, 'r': 0.4, 'type': 1}, {'idp': 131, 'x': 2.947, 'y': -7.578, 'r': 0.4, 'type': 1}, {'idp': 132, 'x': 4.361, 'y': -4.517, 'r': 0.4, 'type': 1}, {'idp': 133, 'x': 5.787, 'y': -5.564, 'r': 0.4, 'type': 1}]
29185,1398693926.3417432,[{'idp': 127, 'x': 6.743, 'y': -3.398, 'r': 0.4, 'type': 1}, {'idp': 128, 'x': 6.449, 'y': -2.588, 'r': 0.4, 'type': 1}, {'idp': 131, 'x': 2.929, 'y': -7.58, 'r': 0.4, 'type': 1}, {'idp': 132, 'x': 4.371, 'y': -4.467, 'r': 0.4, 'type': 1}, {'idp': 133, 'x': 5.787, 'y': -5.564, 'r': 0.4, 'type': 1}]
29186,1398693926.381834,[{'idp': 127, 'x': 6.711, 'y': -3.346, 'r': 0.4, 'type': 1}, {'idp': 128, 'x': 6.423, 'y': -2.593, 'r': 0.4, 'type': 1}, {'idp': 131, 'x': 2.924, 'y': -7.567, 'r': 0.4, 'type': 1}, {'idp': 132, 'x': 4.384, 'y': -4.441, 'r': 0.4, 'type': 1}, {'idp': 133, 'x': 5.728, 'y': -5.58, 'r': 0.4, 'type': 1}]
29187,1398693926.388352,[{'idp': 127, 'x': 6.771, 'y': -3.303, 'r': 0.4, 'type': 1}, {'idp': 128, 'x': 6.485, 'y': -2.585, 'r': 0.4, 'type': 1}, {'idp': 131, 'x': 2.942, 'y': -7.564, 'r': 0.4, 'type': 1}, {'idp': 132, 'x': 4.372, 'y': -4.398, 'r': 0.4, 'type': 1}, {'idp': 133, 'x': 5.538, 'y': -5.538, 'r': 0.4, 'type': 1}]
29188,1398693926.4257028,[{'idp': 127, 'x': 6.899, 'y': -3.347, 'r': 0.4, 'type': 1}, {'idp': 128, 'x': 6.487, 'y': -2.602, 'r': 0.4, 'type': 1}, {'idp': 131, 'x': 2.943, 'y': -7.569, 'r': 0.4, 'type': 1}, {'idp': 132, 'x': 4.429, 'y': -4.329, 'r': 0.4, 'type': 1}, {'idp': 133, 'x': 5.554, 'y': -5.457, 'r': 0.4, 'type': 1}]
29189,1398693926.4657087,[{'idp': 127, 'x': 6.953, 'y': -3.373, 'r': 0.4, 'type': 1}, {'idp': 128, 'x': 6.511, 'y': -2.604, 'r': 0.4, 'type': 1}, {'idp': 131, 'x': 2.949, 'y': -7.583, 'r': 0.4, 'type': 1}, {'idp': 132, 'x': 4.409, 'y': -4.284, 'r': 0.4, 'type': 1}, {'idp': 133, 'x': 5.608, 'y': -5.44, 'r': 0.4, 'type': 1}]
29190,1398693926.465738,[{'idp': 127, 'x': 6.97, 'y': -3.344, 'r': 0.4, 'type': 1}, {'idp': 128, 'x': 6.539, 'y': -2.606, 'r': 0.4, 'type': 1}, {'idp': 131, 'x': 2.902, 'y': -7.56, 'r': 0.4, 'type': 1}, {'idp': 132, 'x': 4.411, 'y': -4.297, 'r': 0.4, 'type': 1}, {'idp': 133, 'x': 5.655, 'y': -5.414, 'r': 0.4, 'type': 1}]
29191,1398693926.505698,[{'idp': 127, 'x': 6.924, 'y': -3.303, 'r': 0.4, 'type': 1}, {'idp': 128, 'x': 6.527, 'y': -2.6, 'r': 0.4, 'type': 1}, {'idp': 131, 'x': 2.904, 'y': -7.565, 'r': 0.4, 'type': 1}, {'idp': 132, 'x': 4.421, 'y': -4.25, 'r': 0.4, 'type': 1}, {'idp': 133, 'x': 5.716, 'y': -5.33, 'r': 0.4, 'type': 1}]
29192,1398693926.5131931,[{'idp': 127, 'x': 6.936, 'y': -3.346, 'r': 0.4, 'type': 1}, {'idp': 128, 'x': 6.479, 'y': -2.583, 'r': 0.4, 'type': 1}, {'idp': 131, 'x': 2.899, 'y': -7.551, 'r': 0.4, 'type': 1}, {'idp': 132, 'x': 4.384, 'y': -4.194, 'r': 0.4, 'type': 1}, {'idp': 133, 'x': 5.716, 'y': -5.33, 'r': 0.4, 'type': 1}]
29193,1398693926.5496647,[{'idp': 127, 'x': 6.959, 'y': -3.319, 'r': 0.4, 'type': 1}, {'idp': 128, 'x': 6.533, 'y': -2.604, 'r': 0.4, 'type': 1}, {'idp': 131, 'x': 2.898, 'y': -7.548, 'r': 0.4, 'type': 1}, {'idp': 132, 'x': 4.398, 'y': -4.187, 'r': 0.4, 'type': 1}, {'idp': 133, 'x': 5.716, 'y': -5.33, 'r': 0.4, 'type': 1}]
29194,1398693926.589776,[{'idp': 127, 'x': 6.946, 'y': -3.35, 'r': 0.4, 'type': 1}, {'idp': 128, 'x': 6.462, 'y': -2.608, 'r': 0.4, 'type': 1}, {'idp': 131, 'x': 2.896, 'y': -7.544, 'r': 0.4, 'type': 1}, {'idp': 132, 'x': 4.395, 'y': -4.149, 'r': 0.4, 'type': 1}, {'idp': 133, 'x': 5.716, 'y': -5.33, 'r': 0.4, 'type': 1}]
29195,1398693926.5898092,[{'idp': 127, 'x': 6.947, 'y': -3.383, 'r': 0.4, 'type': 1}, {'idp': 128, 'x': 6.546, 'y': -2.642, 'r': 0.4, 'type': 1}, {'idp': 131, 'x': 2.84, 'y': -7.546, 'r': 0.4, 'type': 1}, {'idp': 132, 'x': 4.362, 'y': -4.17, 'r': 0.4, 'type': 1}, {'idp': 133, 'x': 5.71, 'y': -5.374, 'r': 0.4, 'type': 1}]
29196,1398693926.6297102,[{'idp': 127, 'x': 7.027, 'y': -3.341, 'r': 0.4, 'type': 1}, {'idp': 128, 'x': 6.487, 'y': -2.602, 'r': 0.4, 'type': 1}, {'idp': 131, 'x': 2.849, 'y': -7.569, 'r': 0.4, 'type': 1}, {'idp': 132, 'x': 4.355, 'y': -4.149, 'r': 0.4, 'type': 1}, {'idp': 133, 'x': 5.754, 'y': -5.221, 'r': 0.4, 'type': 1}]
29197,1398693926.6376579,[{'idp': 127, 'x': 7.042, 'y': -3.36, 'r': 0.4, 'type': 1}, {'idp': 128, 'x': 6.479, 'y': -2.599, 'r': 0.4, 'type': 1}, {'idp': 131, 'x': 2.841, 'y': -7.547, 'r': 0.4, 'type': 1}, {'idp': 132, 'x': 4.336, 'y': -4.154, 'r': 0.4, 'type': 1}, {'idp': 133, 'x': 5.817, 'y': -5.155, 'r': 0.4, 'type': 1}]
29198,1398693926.6777058,[{'idp': 127, 'x': 7.094, 'y': -3.328, 'r': 0.4, 'type': 1}, {'idp': 128, 'x': 6.507, 'y': -2.61, 'r': 0.4, 'type': 1}, {'idp': 131, 'x': 2.841, 'y': -7.547, 'r': 0.4, 'type': 1}, {'idp': 132, 'x': 4.359, 'y': -4.099, 'r': 0.4, 'type': 1}, {'idp': 133, 'x': 5.801, 'y': -5.216, 'r': 0.4, 'type': 1}]
29199,1398693926.7176967,[{'idp': 127, 'x': 7.089, 'y': -3.337, 'r': 0.4, 'type': 1}, {'idp': 128, 'x': 6.522, 'y': -2.616, 'r': 0.4, 'type': 1}, {'idp': 131, 'x': 2.808, 'y': -7.559, 'r': 0.4, 'type': 1}, {'idp': 132, 'x': 4.335, 'y': -4.077, 'r': 0.4, 'type': 1}, {'idp': 133, 'x': 5.811, 'y': -5.245, 'r': 0.4, 'type': 1}]
29200,1398693926.7177277,[{'idp': 127, 'x': 6.968, 'y': -3.38, 'r': 0.4, 'type': 1}, {'idp': 128, 'x': 6.441, 'y': -2.633, 'r': 0.4, 'type': 1}, {'idp': 131, 'x': 2.786, 'y': -7.552, 'r': 0.4, 'type': 1}, {'idp': 132, 'x': 4.309, 'y': -4.086, 'r': 0.4, 'type': 1}, {'idp': 133, 'x': 5.747, 'y': -5.231, 'r': 0.4, 'type': 1}]
29201,1398693926.7576857,[{'idp': 127, 'x': 6.767, 'y': -3.448, 'r': 0.4, 'type': 1}, {'idp': 128, 'x': 6.573, 'y': -2.662, 'r': 0.4, 'type': 1}, {'idp': 131, 'x': 2.775, 'y': -7.571, 'r': 0.4, 'type': 1}, {'idp': 132, 'x': 4.281, 'y': -4.082, 'r': 0.4, 'type': 1}, {'idp': 133, 'x': 5.698, 'y': -5.269, 'r': 0.4, 'type': 1}]
29202,1398693926.7623444,[{'idp': 127, 'x': 6.777, 'y': -3.416, 'r': 0.4, 'type': 1}, {'idp': 128, 'x': 6.464, 'y': -2.642, 'r': 0.4, 'type': 1}, {'idp': 131, 'x': 2.771, 'y': -7.562, 'r': 0.4, 'type': 1}, {'idp': 132, 'x': 4.267, 'y': -4.063, 'r': 0.4, 'type': 1}, {'idp': 133, 'x': 5.797, 'y': -5.153, 'r': 0.4, 'type': 1}]
29203,1398693926.8017528,[{'idp': 127, 'x': 6.802, 'y': -3.391, 'r': 0.4, 'type': 1}, {'idp': 128, 'x': 6.51, 'y': -2.628, 'r': 0.4, 'type': 1}, {'idp': 131, 'x': 2.766, 'y': -7.55, 'r': 0.4, 'type': 1}, {'idp': 132, 'x': 4.286, 'y': -4.026, 'r': 0.4, 'type': 1}, {'idp': 133, 'x': 5.856, 'y': -5.023, 'r': 0.4, 'type': 1}]
29204,1398693926.8417044,[{'idp': 127, 'x': 6.791, 'y': -3.405, 'r': 0.4, 'type': 1}, {'idp': 128, 'x': 6.539, 'y': -2.64, 'r': 0.4, 'type': 1}, {'idp': 131, 'x': 2.777, 'y': -7.527, 'r': 0.4, 'type': 1}, {'idp': 132, 'x': 4.309, 'y': -3.966, 'r': 0.4, 'type': 1}, {'idp': 133, 'x': 5.801, 'y': -4.954, 'r': 0.4, 'type': 1}]
29205,1398693926.8417358,[{'idp': 127, 'x': 6.804, 'y': -3.411, 'r': 0.4, 'type': 1}, {'idp': 128, 'x': 6.562, 'y': -2.667, 'r': 0.4, 'type': 1}, {'idp': 131, 'x': 2.761, 'y': -7.535, 'r': 0.4, 'type': 1}, {'idp': 132, 'x': 4.334, 'y': -3.936, 'r': 0.4, 'type': 1}, {'idp': 133, 'x': 5.821, 'y': -4.994, 'r': 0.4, 'type': 1}]
29206,1398693926.8817463,[{'idp': 127, 'x': 6.782, 'y': -3.419, 'r': 0.4, 'type': 1}, {'idp': 128, 'x': 6.556, 'y': -2.664, 'r': 0.4, 'type': 1}, {'idp': 131, 'x': 2.73, 'y': -7.551, 'r': 0.4, 'type': 1}, {'idp': 132, 'x': 4.326, 'y': -3.895, 'r': 0.4, 'type': 1}, {'idp': 133, 'x': 5.752, 'y': -5.09, 'r': 0.4, 'type': 1}]
29207,1398693926.8872154,[{'idp': 127, 'x': 6.74, 'y': -3.416, 'r': 0.4, 'type': 1}, {'idp': 128, 'x': 6.593, 'y': -2.663, 'r': 0.4, 'type': 1}, {'idp': 131, 'x': 2.734, 'y': -7.562, 'r': 0.4, 'type': 1}, {'idp': 132, 'x': 4.307, 'y': -3.878, 'r': 0.4, 'type': 1}, {'idp': 133, 'x': 5.71, 'y': -5.242, 'r': 0.4, 'type': 1}]
29208,1398693926.9256873,[{'idp': 127, 'x': 6.696, 'y': -3.412, 'r': 0.4, 'type': 1}, {'idp': 128, 'x': 6.547, 'y': -2.661, 'r': 0.4, 'type': 1}, {'idp': 131, 'x': 2.695, 'y': -7.558, 'r': 0.4, 'type': 1}, {'idp': 132, 'x': 4.274, 'y': -3.848, 'r': 0.4, 'type': 1}, {'idp': 133, 'x': 5.707, 'y': -5.224, 'r': 0.4, 'type': 1}]
29209,1398693926.96569,[{'idp': 127, 'x': 6.75, 'y': -3.458, 'r': 0.4, 'type': 1}, {'idp': 128, 'x': 6.567, 'y': -2.703, 'r': 0.4, 'type': 1}, {'idp': 131, 'x': 2.659, 'y': -7.563, 'r': 0.4, 'type': 1}, {'idp': 132, 'x': 4.283, 'y': -3.84, 'r': 0.4, 'type': 1}, {'idp': 133, 'x': 5.753, 'y': -5.227, 'r': 0.4, 'type': 1}]
29210,1398693926.965721,[{'idp': 127, 'x': 6.779, 'y': -3.491, 'r': 0.4, 'type': 1}, {'idp': 128, 'x': 6.596, 'y': -2.715, 'r': 0.4, 'type': 1}, {'idp': 131, 'x': 2.639, 'y': -7.557, 'r': 0.4, 'type': 1}, {'idp': 132, 'x': 4.291, 'y': -3.814, 'r': 0.4, 'type': 1}, {'idp': 133, 'x': 5.753, 'y': -5.227, 'r': 0.4, 'type': 1}]
29211,1398693927.00569,[{'idp': 127, 'x': 6.791, 'y': -3.479, 'r': 0.4, 'type': 1}, {'idp': 128, 'x': 6.642, 'y': -2.7, 'r': 0.4, 'type': 1}, {'idp': 131, 'x': 2.653, 'y': -7.58, 'r': 0.4, 'type': 1}, {'idp': 132, 'x': 4.31, 'y': -3.765, 'r': 0.4, 'type': 1}, {'idp': 133, 'x': 5.744, 'y': -5.016, 'r': 0.4, 'type': 1}]
29212,1398693927.011713,[{'idp': 127, 'x': 6.882, 'y': -3.412, 'r': 0.4, 'type': 1}, {'idp': 128, 'x': 6.695, 'y': -2.654, 'r': 0.4, 'type': 1}, {'idp': 131, 'x': 2.692, 'y': -7.55, 'r': 0.4, 'type': 1}, {'idp': 132, 'x': 4.354, 'y': -3.704, 'r': 0.4, 'type': 1}, {'idp': 133, 'x': 5.761, 'y': -4.942, 'r': 0.4, 'type': 1}]
29213,1398693927.049686,[{'idp': 127, 'x': 6.952, 'y': -3.353, 'r': 0.4, 'type': 1}, {'idp': 128, 'x': 6.723, 'y': -2.632, 'r': 0.4, 'type': 1}, {'idp': 131, 'x': 2.741, 'y': -7.529, 'r': 0.4, 'type': 1}, {'idp': 132, 'x': 4.4, 'y': -3.661, 'r': 0.4, 'type': 1}, {'idp': 133, 'x': 5.843, 'y': -4.925, 'r': 0.4, 'type': 1}]
29214,1398693927.0897093,[{'idp': 127, 'x': 7.036, 'y': -3.325, 'r': 0.4, 'type': 1}, {'idp': 128, 'x': 6.752, 'y': -2.61, 'r': 0.4, 'type': 1}, {'idp': 131, 'x': 2.748, 'y': -7.499, 'r': 0.4, 'type': 1}, {'idp': 132, 'x': 4.415, 'y': -3.617, 'r': 0.4, 'type': 1}, {'idp': 133, 'x': 5.912, 'y': -4.917, 'r': 0.4, 'type': 1}]
29215,1398693927.0897388,[{'idp': 127, 'x': 7.152, 'y': -3.314, 'r': 0.4, 'type': 1}, {'idp': 128, 'x': 6.748, 'y': -2.642, 'r': 0.4, 'type': 1}, {'idp': 131, 'x': 2.722, 'y': -7.528, 'r': 0.4, 'type': 1}, {'idp': 132, 'x': 4.389, 'y': -3.637, 'r': 0.4, 'type': 1}, {'idp': 133, 'x': 5.891, 'y': -4.878, 'r': 0.4, 'type': 1}]
29216,1398693927.129724,[{'idp': 127, 'x': 7.159, 'y': -3.375, 'r': 0.4, 'type': 1}, {'idp': 128, 'x': 6.738, 'y': -2.639, 'r': 0.4, 'type': 1}, {'idp': 131, 'x': 2.647, 'y': -7.527, 'r': 0.4, 'type': 1}, {'idp': 132, 'x': 4.389, 'y': -3.63, 'r': 0.4, 'type': 1}, {'idp': 133, 'x': 5.92, 'y': -4.88, 'r': 0.4, 'type': 1}]
29217,1398693927.1363351,[{'idp': 127, 'x': 7.185, 'y': -3.369, 'r': 0.4, 'type': 1}, {'idp': 128, 'x': 6.737, 'y': -2.671, 'r': 0.4, 'type': 1}, {'idp': 131, 'x': 2.657, 'y': -7.556, 'r': 0.4, 'type': 1}, {'idp': 132, 'x': 4.384, 'y': -3.632, 'r': 0.4, 'type': 1}, {'idp': 133, 'x': 5.889, 'y': -4.812, 'r': 0.4, 'type': 1}]
29218,1398693927.173702,[{'idp': 127, 'x': 7.303, 'y': -3.328, 'r': 0.4, 'type': 1}, {'idp': 128, 'x': 6.716, 'y': -2.629, 'r': 0.4, 'type': 1}, {'idp': 131, 'x': 2.646, 'y': -7.525, 'r': 0.4, 'type': 1}, {'idp': 132, 'x': 4.412, 'y': -3.606, 'r': 0.4, 'type': 1}, {'idp': 133, 'x': 5.912, 'y': -4.766, 'r': 0.4, 'type': 1}]
29219,1398693927.213743,[{'idp': 127, 'x': 7.325, 'y': -3.319, 'r': 0.4, 'type': 1}, {'idp': 128, 'x': 6.684, 'y': -2.599, 'r': 0.4, 'type': 1}, {'idp': 131, 'x': 2.643, 'y': -7.515, 'r': 0.4, 'type': 1}, {'idp': 132, 'x': 4.416, 'y': -3.578, 'r': 0.4, 'type': 1}, {'idp': 133, 'x': 5.93, 'y': -4.738, 'r': 0.4, 'type': 1}]
29220,1398693927.2137773,[{'idp': 127, 'x': 7.332, 'y': -3.323, 'r': 0.4, 'type': 1}, {'idp': 128, 'x': 6.7, 'y': -2.606, 'r': 0.4, 'type': 1}, {'idp': 131, 'x': 2.644, 'y': -7.518, 'r': 0.4, 'type': 1}, {'idp': 132, 'x': 4.418, 'y': -3.553, 'r': 0.4, 'type': 1}, {'idp': 133, 'x': 5.869, 'y': -4.779, 'r': 0.4, 'type': 1}]
29221,1398693927.2537386,[{'idp': 127, 'x': 7.328, 'y': -3.341, 'r': 0.4, 'type': 1}, {'idp': 128, 'x': 6.679, 'y': -2.598, 'r': 0.4, 'type': 1}, {'idp': 131, 'x': 2.612, 'y': -7.531, 'r': 0.4, 'type': 1}, {'idp': 132, 'x': 4.433, 'y': -3.53, 'r': 0.4, 'type': 1}, {'idp': 133, 'x': 5.776, 'y': -4.812, 'r': 0.4, 'type': 1}]
29222,1398693927.2610617,[{'idp': 127, 'x': 7.337, 'y': -3.345, 'r': 0.4, 'type': 1}, {'idp': 128, 'x': 6.659, 'y': -2.589, 'r': 0.4, 'type': 1}, {'idp': 131, 'x': 2.61, 'y': -7.525, 'r': 0.4, 'type': 1}, {'idp': 132, 'x': 4.434, 'y': -3.497, 'r': 0.4, 'type': 1}, {'idp': 133, 'x': 5.686, 'y': -4.856, 'r': 0.4, 'type': 1}]
29223,1398693927.2976556,[{'idp': 127, 'x': 7.309, 'y': -3.312, 'r': 0.4, 'type': 1}, {'idp': 128, 'x': 6.681, 'y': -2.615, 'r': 0.4, 'type': 1}, {'idp': 131, 'x': 2.584, 'y': -7.556, 'r': 0.4, 'type': 1}, {'idp': 132, 'x': 4.453, 'y': -3.48, 'r': 0.4, 'type': 1}, {'idp': 133, 'x': 5.693, 'y': -4.863, 'r': 0.4, 'type': 1}]
29224,1398693927.3376856,[{'idp': 127, 'x': 7.262, 'y': -3.271, 'r': 0.4, 'type': 1}, {'idp': 128, 'x': 6.662, 'y': -2.607, 'r': 0.4, 'type': 1}, {'idp': 131, 'x': 2.579, 'y': -7.542, 'r': 0.4, 'type': 1}, {'idp': 132, 'x': 4.454, 'y': -3.481, 'r': 0.4, 'type': 1}, {'idp': 133, 'x': 5.701, 'y': -4.804, 'r': 0.4, 'type': 1}]
29225,1398693927.337717,[{'idp': 127, 'x': 7.234, 'y': -3.278, 'r': 0.4, 'type': 1}, {'idp': 128, 'x': 6.629, 'y': -2.611, 'r': 0.4, 'type': 1}, {'idp': 131, 'x': 2.57, 'y': -7.517, 'r': 0.4, 'type': 1}, {'idp': 132, 'x': 4.446, 'y': -3.459, 'r': 0.4, 'type': 1}, {'idp': 133, 'x': 5.678, 'y': -4.807, 'r': 0.4, 'type': 1}]
29226,1398693927.3777318,[{'idp': 127, 'x': 7.264, 'y': -3.272, 'r': 0.4, 'type': 1}, {'idp': 128, 'x': 6.663, 'y': -2.608, 'r': 0.4, 'type': 1}, {'idp': 131, 'x': 2.553, 'y': -7.521, 'r': 0.4, 'type': 1}, {'idp': 132, 'x': 4.448, 'y': -3.429, 'r': 0.4, 'type': 1}, {'idp': 133, 'x': 5.674, 'y': -4.761, 'r': 0.4, 'type': 1}]
29227,1398693927.3856006,[{'idp': 127, 'x': 7.259, 'y': -3.27, 'r': 0.4, 'type': 1}, {'idp': 128, 'x': 6.677, 'y': -2.596, 'r': 0.4, 'type': 1}, {'idp': 131, 'x': 2.536, 'y': -7.526, 'r': 0.4, 'type': 1}, {'idp': 132, 'x': 4.459, 'y': -3.391, 'r': 0.4, 'type': 1}, {'idp': 133, 'x': 5.699, 'y': -4.74, 'r': 0.4, 'type': 1}]
29228,1398693927.4216874,[{'idp': 127, 'x': 7.22, 'y': -3.253, 'r': 0.4, 'type': 1}, {'idp': 128, 'x': 6.669, 'y': -2.61, 'r': 0.4, 'type': 1}, {'idp': 131, 'x': 2.55, 'y': -7.512, 'r': 0.4, 'type': 1}, {'idp': 132, 'x': 4.497, 'y': -3.373, 'r': 0.4, 'type': 1}, {'idp': 133, 'x': 5.704, 'y': -4.681, 'r': 0.4, 'type': 1}]
29229,1398693927.4617145,[{'idp': 127, 'x': 7.245, 'y': -3.264, 'r': 0.4, 'type': 1}, {'idp': 128, 'x': 6.666, 'y': -2.609, 'r': 0.4, 'type': 1}, {'idp': 131, 'x': 2.533, 'y': -7.516, 'r': 0.4, 'type': 1}, {'idp': 132, 'x': 4.491, 'y': -3.353, 'r': 0.4, 'type': 1}, {'idp': 133, 'x': 5.745, 'y': -4.631, 'r': 0.4, 'type': 1}]
29230,1398693927.46213,[{'idp': 127, 'x': 7.257, 'y': -3.269, 'r': 0.4, 'type': 1}, {'idp': 128, 'x': 6.68, 'y': -2.598, 'r': 0.4, 'type': 1}, {'idp': 131, 'x': 2.523, 'y': -7.485, 'r': 0.4, 'type': 1}, {'idp': 132, 'x': 4.506, 'y': -3.333, 'r': 0.4, 'type': 1}, {'idp': 133, 'x': 5.73, 'y': -4.578, 'r': 0.4, 'type': 1}]
29231,1398693927.501747,[{'idp': 127, 'x': 7.274, 'y': -3.257, 'r': 0.4, 'type': 1}, {'idp': 128, 'x': 6.713, 'y': -2.577, 'r': 0.4, 'type': 1}, {'idp': 131, 'x': 2.521, 'y': -7.481, 'r': 0.4, 'type': 1}, {'idp': 132, 'x': 4.532, 'y': -3.322, 'r': 0.4, 'type': 1}, {'idp': 133, 'x': 5.729, 'y': -4.557, 'r': 0.4, 'type': 1}]
29232,1398693927.5107172,[{'idp': 127, 'x': 7.274, 'y': -3.277, 'r': 0.4, 'type': 1}, {'idp': 128, 'x': 6.724, 'y': -2.581, 'r': 0.4, 'type': 1}, {'idp': 131, 'x': 2.487, 'y': -7.489, 'r': 0.4, 'type': 1}, {'idp': 132, 'x': 4.512, 'y': -3.306, 'r': 0.4, 'type': 1}, {'idp': 133, 'x': 5.723, 'y': -4.552, 'r': 0.4, 'type': 1}]
29233,1398693927.549669,[{'idp': 127, 'x': 7.254, 'y': -3.325, 'r': 0.4, 'type': 1}, {'idp': 128, 'x': 6.696, 'y': -2.655, 'r': 0.4, 'type': 1}, {'idp': 131, 'x': 2.426, 'y': -7.522, 'r': 0.4, 'type': 1}, {'idp': 132, 'x': 4.508, 'y': -3.328, 'r': 0.4, 'type': 1}, {'idp': 133, 'x': 5.699, 'y': -4.574, 'r': 0.4, 'type': 1}]
29234,1398693927.5896766,[{'idp': 127, 'x': 7.236, 'y': -3.355, 'r': 0.4, 'type': 1}, {'idp': 128, 'x': 6.759, 'y': -2.714, 'r': 0.4, 'type': 1}, {'idp': 131, 'x': 2.395, 'y': -7.539, 'r': 0.4, 'type': 1}, {'idp': 132, 'x': 4.492, 'y': -3.337, 'r': 0.4, 'type': 1}, {'idp': 133, 'x': 5.664, 'y': -4.566, 'r': 0.4, 'type': 1}]
29235,1398693927.5897093,[{'idp': 127, 'x': 7.243, 'y': -3.339, 'r': 0.4, 'type': 1}, {'idp': 128, 'x': 6.805, 'y': -2.698, 'r': 0.4, 'type': 1}, {'idp': 131, 'x': 2.411, 'y': -7.53, 'r': 0.4, 'type': 1}, {'idp': 132, 'x': 4.501, 'y': -3.313, 'r': 0.4, 'type': 1}, {'idp': 133, 'x': 5.731, 'y': -4.6, 'r': 0.4, 'type': 1}]
29236,1398693927.629804,[{'idp': 127, 'x': 7.282, 'y': -3.319, 'r': 0.4, 'type': 1}, {'idp': 128, 'x': 6.824, 'y': -2.672, 'r': 0.4, 'type': 1}, {'idp': 131, 'x': 2.404, 'y': -7.565, 'r': 0.4, 'type': 1}, {'idp': 132, 'x': 4.493, 'y': -3.291, 'r': 0.4, 'type': 1}, {'idp': 133, 'x': 5.731, 'y': -4.6, 'r': 0.4, 'type': 1}]
29237,1398693927.6352088,[{'idp': 127, 'x': 7.34, 'y': -3.306, 'r': 0.4, 'type': 1}, {'idp': 128, 'x': 6.907, 'y': -2.687, 'r': 0.4, 'type': 1}, {'idp': 131, 'x': 2.395, 'y': -7.537, 'r': 0.4, 'type': 1}, {'idp': 132, 'x': 4.52, 'y': -3.266, 'r': 0.4, 'type': 1}, {'idp': 133, 'x': 5.813, 'y': -4.604, 'r': 0.4, 'type': 1}]
29238,1398693927.6737106,[{'idp': 127, 'x': 7.487, 'y': -3.334, 'r': 0.4, 'type': 1}, {'idp': 128, 'x': 6.949, 'y': -2.668, 'r': 0.4, 'type': 1}, {'idp': 131, 'x': 2.431, 'y': -7.539, 'r': 0.4, 'type': 1}, {'idp': 132, 'x': 4.53, 'y': -3.221, 'r': 0.4, 'type': 1}, {'idp': 133, 'x': 5.838, 'y': -4.421, 'r': 0.4, 'type': 1}]
29239,1398693927.713662,[{'idp': 127, 'x': 7.605, 'y': -3.427, 'r': 0.4, 'type': 1}, {'idp': 128, 'x': 6.972, 'y': -2.677, 'r': 0.4, 'type': 1}, {'idp': 131, 'x': 2.411, 'y': -7.531, 'r': 0.4, 'type': 1}, {'idp': 132, 'x': 4.55, 'y': -3.228, 'r': 0.4, 'type': 1}, {'idp': 133, 'x': 5.799, 'y': -4.352, 'r': 0.4, 'type': 1}]
29240,1398693927.713691,[{'idp': 127, 'x': 7.571, 'y': -3.412, 'r': 0.4, 'type': 1}, {'idp': 128, 'x': 6.966, 'y': -2.674, 'r': 0.4, 'type': 1}, {'idp': 131, 'x': 2.387, 'y': -7.514, 'r': 0.4, 'type': 1}, {'idp': 132, 'x': 4.526, 'y': -3.195, 'r': 0.4, 'type': 1}, {'idp': 133, 'x': 5.806, 'y': -4.357, 'r': 0.4, 'type': 1}]
29241,1398693927.7536893,[{'idp': 127, 'x': 7.546, 'y': -3.4, 'r': 0.4, 'type': 1}, {'idp': 128, 'x': 6.944, 'y': -2.683, 'r': 0.4, 'type': 1}, {'idp': 131, 'x': 2.376, 'y': -7.536, 'r': 0.4, 'type': 1}, {'idp': 132, 'x': 4.501, 'y': -3.193, 'r': 0.4, 'type': 1}, {'idp': 133, 'x': 5.795, 'y': -4.279, 'r': 0.4, 'type': 1}]
29242,1398693927.759718,[{'idp': 127, 'x': 7.554, 'y': -3.424, 'r': 0.4, 'type': 1}, {'idp': 128, 'x': 6.962, 'y': -2.708, 'r': 0.4, 'type': 1}, {'idp': 131, 'x': 2.371, 'y': -7.518, 'r': 0.4, 'type': 1}, {'idp': 132, 'x': 4.53, 'y': -3.176, 'r': 0.4, 'type': 1}, {'idp': 133, 'x': 5.788, 'y': -4.308, 'r': 0.4, 'type': 1}]
29243,1398693927.7976465,[{'idp': 127, 'x': 7.557, 'y': -3.425, 'r': 0.4, 'type': 1}, {'idp': 128, 'x': 6.98, 'y': -2.714, 'r': 0.4, 'type': 1}, {'idp': 131, 'x': 2.32, 'y': -7.529, 'r': 0.4, 'type': 1}, {'idp': 132, 'x': 4.512, 'y': -3.171, 'r': 0.4, 'type': 1}, {'idp': 133, 'x': 5.788, 'y': -4.275, 'r': 0.4, 'type': 1}]
29244,1398693927.8376946,[{'idp': 127, 'x': 7.59, 'y': -3.46, 'r': 0.4, 'type': 1}, {'idp': 128, 'x': 6.968, 'y': -2.745, 'r': 0.4, 'type': 1}, {'idp': 131, 'x': 2.298, 'y': -7.516, 'r': 0.4, 'type': 1}, {'idp': 132, 'x': 4.511, 'y': -3.179, 'r': 0.4, 'type': 1}, {'idp': 133, 'x': 5.779, 'y': -4.318, 'r': 0.4, 'type': 1}]
29245,1398693927.8377235,[{'idp': 127, 'x': 7.618, 'y': -3.472, 'r': 0.4, 'type': 1}, {'idp': 128, 'x': 6.965, 'y': -2.725, 'r': 0.4, 'type': 1}, {'idp': 131, 'x': 2.283, 'y': -7.527, 'r': 0.4, 'type': 1}, {'idp': 132, 'x': 4.517, 'y': -3.16, 'r': 0.4, 'type': 1}, {'idp': 133, 'x': 5.783, 'y': -4.355, 'r': 0.4, 'type': 1}]
29246,1398693927.8776975,[{'idp': 127, 'x': 7.64, 'y': -3.462, 'r': 0.4, 'type': 1}, {'idp': 128, 'x': 6.959, 'y': -2.723, 'r': 0.4, 'type': 1}, {'idp': 131, 'x': 2.3, 'y': -7.522, 'r': 0.4, 'type': 1}, {'idp': 132, 'x': 4.507, 'y': -3.144, 'r': 0.4, 'type': 1}, {'idp': 133, 'x': 5.795, 'y': -4.325, 'r': 0.4, 'type': 1}]
29247,1398693927.8845875,[{'idp': 127, 'x': 7.662, 'y': -3.472, 'r': 0.4, 'type': 1}, {'idp': 128, 'x': 6.986, 'y': -2.715, 'r': 0.4, 'type': 1}, {'idp': 131, 'x': 2.32, 'y': -7.528, 'r': 0.4, 'type': 1}, {'idp': 132, 'x': 4.531, 'y': -3.126, 'r': 0.4, 'type': 1}, {'idp': 133, 'x': 5.768, 'y': -4.329, 'r': 0.4, 'type': 1}]
29248,1398693927.9217315,[{'idp': 127, 'x': 7.696, 'y': -3.467, 'r': 0.4, 'type': 1}, {'idp': 128, 'x': 7.009, 'y': -2.707, 'r': 0.4, 'type': 1}, {'idp': 131, 'x': 2.312, 'y': -7.505, 'r': 0.4, 'type': 1}, {'idp': 132, 'x': 4.539, 'y': -3.088, 'r': 0.4, 'type': 1}, {'idp': 133, 'x': 5.758, 'y': -4.438, 'r': 0.4, 'type': 1}]
29249,1398693927.961686,[{'idp': 127, 'x': 7.722, 'y': -3.458, 'r': 0.4, 'type': 1}, {'idp': 128, 'x': 6.968, 'y': -2.725, 'r': 0.4, 'type': 1}, {'idp': 131, 'x': 2.27, 'y': -7.541, 'r': 0.4, 'type': 1}, {'idp': 132, 'x': 4.543, 'y': -3.062, 'r': 0.4, 'type': 1}, {'idp': 133, 'x': 5.765, 'y': -4.383, 'r': 0.4, 'type': 1}]
29250,1398693927.961717,[{'idp': 127, 'x': 7.721, 'y': -3.457, 'r': 0.4, 'type': 1}, {'idp': 128, 'x': 6.991, 'y': -2.734, 'r': 0.4, 'type': 1}, {'idp': 131, 'x': 2.259, 'y': -7.505, 'r': 0.4, 'type': 1}, {'idp': 132, 'x': 4.521, 'y': -3.02, 'r': 0.4, 'type': 1}, {'idp': 133, 'x': 5.76, 'y': -4.269, 'r': 0.4, 'type': 1}]
29251,1398693928.0017107,[{'idp': 127, 'x': 7.737, 'y': -3.484, 'r': 0.4, 'type': 1}, {'idp': 128, 'x': 6.994, 'y': -2.735, 'r': 0.4, 'type': 1}, {'idp': 131, 'x': 2.255, 'y': -7.494, 'r': 0.4, 'type': 1}, {'idp': 132, 'x': 4.524, 'y': -2.994, 'r': 0.4, 'type': 1}, {'idp': 133, 'x': 5.787, 'y': -4.221, 'r': 0.4, 'type': 1}]
29252,1398693928.009079,[{'idp': 127, 'x': 7.748, 'y': -3.468, 'r': 0.4, 'type': 1}, {'idp': 128, 'x': 7.013, 'y': -2.724, 'r': 0.4, 'type': 1}, {'idp': 131, 'x': 2.236, 'y': -7.49, 'r': 0.4, 'type': 1}, {'idp': 132, 'x': 4.522, 'y': -2.965, 'r': 0.4, 'type': 1}, {'idp': 133, 'x': 5.817, 'y': -4.17, 'r': 0.4, 'type': 1}]
29253,1398693928.0456967,[{'idp': 127, 'x': 7.731, 'y': -3.501, 'r': 0.4, 'type': 1}, {'idp': 128, 'x': 7.043, 'y': -2.753, 'r': 0.4, 'type': 1}, {'idp': 131, 'x': 2.207, 'y': -7.509, 'r': 0.4, 'type': 1}, {'idp': 132, 'x': 4.556, 'y': -2.974, 'r': 0.4, 'type': 1}, {'idp': 133, 'x': 5.797, 'y': -4.136, 'r': 0.4, 'type': 1}]
29254,1398693928.0857503,[{'idp': 127, 'x': 7.764, 'y': -3.516, 'r': 0.4, 'type': 1}, {'idp': 128, 'x': 6.97, 'y': -2.761, 'r': 0.4, 'type': 1}, {'idp': 131, 'x': 2.182, 'y': -7.487, 'r': 0.4, 'type': 1}, {'idp': 132, 'x': 4.579, 'y': -2.974, 'r': 0.4, 'type': 1}, {'idp': 133, 'x': 5.779, 'y': -4.142, 'r': 0.4, 'type': 1}]
29255,1398693928.0857782,[{'idp': 127, 'x': 7.784, 'y': -3.524, 'r': 0.4, 'type': 1}, {'idp': 128, 'x': 7.038, 'y': -2.787, 'r': 0.4, 'type': 1}, {'idp': 131, 'x': 2.171, 'y': -7.508, 'r': 0.4, 'type': 1}, {'idp': 132, 'x': 4.581, 'y': -2.948, 'r': 0.4, 'type': 1}, {'idp': 133, 'x': 5.761, 'y': -4.129, 'r': 0.4, 'type': 1}]
29256,1398693928.1257699,[{'idp': 127, 'x': 7.778, 'y': -3.522, 'r': 0.4, 'type': 1}, {'idp': 128, 'x': 6.976, 'y': -2.763, 'r': 0.4, 'type': 1}, {'idp': 131, 'x': 2.172, 'y': -7.513, 'r': 0.4, 'type': 1}, {'idp': 132, 'x': 4.609, 'y': -2.937, 'r': 0.4, 'type': 1}, {'idp': 133, 'x': 5.743, 'y': -4.078, 'r': 0.4, 'type': 1}]
29257,1398693928.134584,[{'idp': 127, 'x': 7.737, 'y': -3.504, 'r': 0.4, 'type': 1}, {'idp': 128, 'x': 7.023, 'y': -2.781, 'r': 0.4, 'type': 1}, {'idp': 131, 'x': 2.17, 'y': -7.505, 'r': 0.4, 'type': 1}, {'idp': 132, 'x': 4.615, 'y': -2.899, 'r': 0.4, 'type': 1}, {'idp': 133, 'x': 5.735, 'y': -4.053, 'r': 0.4, 'type': 1}]
29258,1398693928.173651,[{'idp': 127, 'x': 7.737, 'y': -3.503, 'r': 0.4, 'type': 1}, {'idp': 128, 'x': 7.034, 'y': -2.768, 'r': 0.4, 'type': 1}, {'idp': 131, 'x': 2.154, 'y': -7.513, 'r': 0.4, 'type': 1}, {'idp': 132, 'x': 4.646, 'y': -2.887, 'r': 0.4, 'type': 1}, {'idp': 133, 'x': 5.767, 'y': -4.056, 'r': 0.4, 'type': 1}]
29259,1398693928.2137055,[{'idp': 127, 'x': 7.79, 'y': -3.527, 'r': 0.4, 'type': 1}, {'idp': 128, 'x': 6.989, 'y': -2.768, 'r': 0.4, 'type': 1}, {'idp': 131, 'x': 2.17, 'y': -7.507, 'r': 0.4, 'type': 1}, {'idp': 132, 'x': 4.657, 'y': -2.859, 'r': 0.4, 'type': 1}, {'idp': 133, 'x': 5.812, 'y': -4.031, 'r': 0.4, 'type': 1}]
29260,1398693928.2137334,[{'idp': 127, 'x': 7.787, 'y': -3.533, 'r': 0.4, 'type': 1}, {'idp': 128, 'x': 6.985, 'y': -2.766, 'r': 0.4, 'type': 1}, {'idp': 131, 'x': 2.155, 'y': -7.515, 'r': 0.4, 'type': 1}, {'idp': 132, 'x': 4.638, 'y': -2.837, 'r': 0.4, 'type': 1}, {'idp': 133, 'x': 5.793, 'y': -4.036, 'r': 0.4, 'type': 1}]
29261,1398693928.2537642,[{'idp': 127, 'x': 7.785, 'y': -3.524, 'r': 0.4, 'type': 1}, {'idp': 128, 'x': 6.98, 'y': -2.764, 'r': 0.4, 'type': 1}, {'idp': 131, 'x': 2.136, 'y': -7.513, 'r': 0.4, 'type': 1}, {'idp': 132, 'x': 4.654, 'y': -2.853, 'r': 0.4, 'type': 1}, {'idp': 133, 'x': 5.783, 'y': -4.041, 'r': 0.4, 'type': 1}]
29262,1398693928.258703,[{'idp': 127, 'x': 7.772, 'y': -3.526, 'r': 0.4, 'type': 1}, {'idp': 128, 'x': 7.013, 'y': -2.782, 'r': 0.4, 'type': 1}, {'idp': 131, 'x': 2.105, 'y': -7.527, 'r': 0.4, 'type': 1}, {'idp': 132, 'x': 4.664, 'y': -2.811, 'r': 0.4, 'type': 1}, {'idp': 133, 'x': 5.681, 'y': -4.071, 'r': 0.4, 'type': 1}]
29263,1398693928.297717,[{'idp': 127, 'x': 7.7, 'y': -3.526, 'r': 0.4, 'type': 1}, {'idp': 128, 'x': 7.061, 'y': -2.778, 'r': 0.4, 'type': 1}, {'idp': 131, 'x': 2.086, 'y': -7.521, 'r': 0.4, 'type': 1}, {'idp': 132, 'x': 4.677, 'y': -2.78, 'r': 0.4, 'type': 1}, {'idp': 133, 'x': 5.663, 'y': -4.058, 'r': 0.4, 'type': 1}]
29264,1398693928.3376927,[{'idp': 127, 'x': 7.564, 'y': -3.486, 'r': 0.4, 'type': 1}, {'idp': 128, 'x': 7.024, 'y': -2.763, 'r': 0.4, 'type': 1}, {'idp': 131, 'x': 2.085, 'y': -7.516, 'r': 0.4, 'type': 1}, {'idp': 132, 'x': 4.651, 'y': -2.795, 'r': 0.4, 'type': 1}, {'idp': 133, 'x': 5.659, 'y': -4.055, 'r': 0.4, 'type': 1}]
29265,1398693928.3377213,[{'idp': 127, 'x': 7.476, 'y': -3.466, 'r': 0.4, 'type': 1}, {'idp': 128, 'x': 6.989, 'y': -2.773, 'r': 0.4, 'type': 1}, {'idp': 131, 'x': 2.088, 'y': -7.529, 'r': 0.4, 'type': 1}, {'idp': 132, 'x': 4.638, 'y': -2.788, 'r': 0.4, 'type': 1}, {'idp': 133, 'x': 5.681, 'y': -4.071, 'r': 0.4, 'type': 1}]
29266,1398693928.377801,[{'idp': 127, 'x': 7.491, 'y': -3.473, 'r': 0.4, 'type': 1}, {'idp': 128, 'x': 6.973, 'y': -2.726, 'r': 0.4, 'type': 1}, {'idp': 131, 'x': 2.069, 'y': -7.523, 'r': 0.4, 'type': 1}, {'idp': 132, 'x': 4.655, 'y': -2.76, 'r': 0.4, 'type': 1}, {'idp': 133, 'x': 5.641, 'y': -4.042, 'r': 0.4, 'type': 1}]
29267,1398693928.3832376,[{'idp': 127, 'x': 7.488, 'y': -3.472, 'r': 0.4, 'type': 1}, {'idp': 128, 'x': 6.969, 'y': -2.761, 'r': 0.4, 'type': 1}, {'idp': 131, 'x': 2.051, 'y': -7.523, 'r': 0.4, 'type': 1}, {'idp': 132, 'x': 4.642, 'y': -2.74, 'r': 0.4, 'type': 1}, {'idp': 133, 'x': 5.66, 'y': -4.019, 'r': 0.4, 'type': 1}]
29268,1398693928.4216573,[{'idp': 127, 'x': 7.494, 'y': -3.514, 'r': 0.4, 'type': 1}, {'idp': 128, 'x': 7.023, 'y': -2.765, 'r': 0.4, 'type': 1}, {'idp': 131, 'x': 2.012, 'y': -7.507, 'r': 0.4, 'type': 1}, {'idp': 132, 'x': 4.642, 'y': -2.771, 'r': 0.4, 'type': 1}, {'idp': 133, 'x': 5.655, 'y': -4.015, 'r': 0.4, 'type': 1}]
29269,1398693928.4617035,[{'idp': 127, 'x': 7.454, 'y': -3.575, 'r': 0.4, 'type': 1}, {'idp': 128, 'x': 7.061, 'y': -2.78, 'r': 0.4, 'type': 1}, {'idp': 131, 'x': 1.998, 'y': -7.522, 'r': 0.4, 'type': 1}, {'idp': 132, 'x': 4.652, 'y': -2.763, 'r': 0.4, 'type': 1}, {'idp': 133, 'x': 5.726, 'y': -4.0, 'r': 0.4, 'type': 1}]
29270,1398693928.4617352,[{'idp': 127, 'x': 7.5, 'y': -3.597, 'r': 0.4, 'type': 1}, {'idp': 128, 'x': 7.094, 'y': -2.793, 'r': 0.4, 'type': 1}, {'idp': 131, 'x': 2.013, 'y': -7.511, 'r': 0.4, 'type': 1}, {'idp': 132, 'x': 4.669, 'y': -2.744, 'r': 0.4, 'type': 1}, {'idp': 133, 'x': 5.766, 'y': -3.961, 'r': 0.4, 'type': 1}]
29271,1398693928.5017266,[{'idp': 127, 'x': 7.537, 'y': -3.595, 'r': 0.4, 'type': 1}, {'idp': 128, 'x': 7.117, 'y': -2.785, 'r': 0.4, 'type': 1}, {'idp': 131, 'x': 2.027, 'y': -7.5, 'r': 0.4, 'type': 1}, {'idp': 132, 'x': 4.681, 'y': -2.709, 'r': 0.4, 'type': 1}, {'idp': 133, 'x': 5.805, 'y': -3.921, 'r': 0.4, 'type': 1}]
29272,1398693928.5079823,[{'idp': 127, 'x': 7.588, 'y': -3.619, 'r': 0.4, 'type': 1}, {'idp': 128, 'x': 7.13, 'y': -2.79, 'r': 0.4, 'type': 1}, {'idp': 131, 'x': 1.99, 'y': -7.49, 'r': 0.4, 'type': 1}, {'idp': 132, 'x': 4.69, 'y': -2.699, 'r': 0.4, 'type': 1}, {'idp': 133, 'x': 5.83, 'y': -3.911, 'r': 0.4, 'type': 1}]
29273,1398693928.5457265,[{'idp': 127, 'x': 7.748, 'y': -3.632, 'r': 0.4, 'type': 1}, {'idp': 128, 'x': 7.144, 'y': -2.778, 'r': 0.4, 'type': 1}, {'idp': 131, 'x': 2.014, 'y': -7.515, 'r': 0.4, 'type': 1}, {'idp': 132, 'x': 4.66, 'y': -2.681, 'r': 0.4, 'type': 1}, {'idp': 133, 'x': 5.812, 'y': -3.899, 'r': 0.4, 'type': 1}]
29274,1398693928.585692,[{'idp': 127, 'x': 7.842, 'y': -3.614, 'r': 0.4, 'type': 1}, {'idp': 128, 'x': 7.158, 'y': -2.819, 'r': 0.4, 'type': 1}, {'idp': 131, 'x': 1.957, 'y': -7.5, 'r': 0.4, 'type': 1}, {'idp': 132, 'x': 4.659, 'y': -2.696, 'r': 0.4, 'type': 1}, {'idp': 133, 'x': 5.795, 'y': -3.911, 'r': 0.4, 'type': 1}]
29275,1398693928.585709,[{'idp': 127, 'x': 7.863, 'y': -3.635, 'r': 0.4, 'type': 1}, {'idp': 128, 'x': 7.21, 'y': -2.84, 'r': 0.4, 'type': 1}, {'idp': 131, 'x': 1.922, 'y': -7.499, 'r': 0.4, 'type': 1}, {'idp': 132, 'x': 4.66, 'y': -2.651, 'r': 0.4, 'type': 1}, {'idp': 133, 'x': 5.773, 'y': -3.911, 'r': 0.4, 'type': 1}]
29276,1398693928.6257486,[{'idp': 127, 'x': 7.826, 'y': -3.607, 'r': 0.4, 'type': 1}, {'idp': 128, 'x': 7.204, 'y': -2.838, 'r': 0.4, 'type': 1}, {'idp': 131, 'x': 1.923, 'y': -7.503, 'r': 0.4, 'type': 1}, {'idp': 132, 'x': 4.691, 'y': -2.628, 'r': 0.4, 'type': 1}, {'idp': 133, 'x': 5.799, 'y': -3.874, 'r': 0.4, 'type': 1}]
29277,1398693928.6326225,[{'idp': 127, 'x': 7.886, 'y': -3.614, 'r': 0.4, 'type': 1}, {'idp': 128, 'x': 7.231, 'y': -2.813, 'r': 0.4, 'type': 1}, {'idp': 131, 'x': 1.922, 'y': -7.499, 'r': 0.4, 'type': 1}, {'idp': 132, 'x': 4.695, 'y': -2.563, 'r': 0.4, 'type': 1}, {'idp': 133, 'x': 5.84, 'y': -3.829, 'r': 0.4, 'type': 1}]
29278,1398693928.669685,[{'idp': 127, 'x': 7.885, 'y': -3.593, 'r': 0.4, 'type': 1}, {'idp': 128, 'x': 7.252, 'y': -2.802, 'r': 0.4, 'type': 1}, {'idp': 131, 'x': 1.937, 'y': -7.489, 'r': 0.4, 'type': 1}, {'idp': 132, 'x': 4.679, 'y': -2.541, 'r': 0.4, 'type': 1}, {'idp': 133, 'x': 5.878, 'y': -3.817, 'r': 0.4, 'type': 1}]
29279,1398693928.70973,[{'idp': 127, 'x': 7.921, 'y': -3.61, 'r': 0.4, 'type': 1}, {'idp': 128, 'x': 7.233, 'y': -2.813, 'r': 0.4, 'type': 1}, {'idp': 131, 'x': 1.917, 'y': -7.479, 'r': 0.4, 'type': 1}, {'idp': 132, 'x': 4.686, 'y': -2.531, 'r': 0.4, 'type': 1}, {'idp': 133, 'x': 5.906, 'y': -3.799, 'r': 0.4, 'type': 1}]
29280,1398693928.7097616,[{'idp': 127, 'x': 7.931, 'y': -3.636, 'r': 0.4, 'type': 1}, {'idp': 128, 'x': 7.18, 'y': -2.792, 'r': 0.4, 'type': 1}, {'idp': 131, 'x': 1.899, 'y': -7.48, 'r': 0.4, 'type': 1}, {'idp': 132, 'x': 4.73, 'y': -2.54, 'r': 0.4, 'type': 1}, {'idp': 133, 'x': 5.931, 'y': -3.816, 'r': 0.4, 'type': 1}]
29281,1398693928.7497206,[{'idp': 127, 'x': 7.939, 'y': -3.661, 'r': 0.4, 'type': 1}, {'idp': 128, 'x': 7.138, 'y': -2.776, 'r': 0.4, 'type': 1}, {'idp': 131, 'x': 1.878, 'y': -7.464, 'r': 0.4, 'type': 1}, {'idp': 132, 'x': 4.745, 'y': -2.535, 'r': 0.4, 'type': 1}, {'idp': 133, 'x': 5.957, 'y': -3.821, 'r': 0.4, 'type': 1}]
29282,1398693928.7572944,[{'idp': 127, 'x': 7.996, 'y': -3.687, 'r': 0.4, 'type': 1}, {'idp': 128, 'x': 7.144, 'y': -2.778, 'r': 0.4, 'type': 1}, {'idp': 131, 'x': 1.881, 'y': -7.477, 'r': 0.4, 'type': 1}, {'idp': 132, 'x': 4.77, 'y': -2.494, 'r': 0.4, 'type': 1}, {'idp': 133, 'x': 5.952, 'y': -3.773, 'r': 0.4, 'type': 1}]
29283,1398693928.7937524,[{'idp': 127, 'x': 7.988, 'y': -3.642, 'r': 0.4, 'type': 1}, {'idp': 128, 'x': 7.124, 'y': -2.753, 'r': 0.4, 'type': 1}, {'idp': 131, 'x': 1.871, 'y': -7.506, 'r': 0.4, 'type': 1}, {'idp': 132, 'x': 4.776, 'y': -2.47, 'r': 0.4, 'type': 1}, {'idp': 133, 'x': 5.966, 'y': -3.779, 'r': 0.4, 'type': 1}]
29284,1398693928.8336885,[{'idp': 127, 'x': 8.036, 'y': -3.664, 'r': 0.4, 'type': 1}, {'idp': 128, 'x': 7.132, 'y': -2.755, 'r': 0.4, 'type': 1}, {'idp': 131, 'x': 1.881, 'y': -7.476, 'r': 0.4, 'type': 1}, {'idp': 132, 'x': 4.778, 'y': -2.458, 'r': 0.4, 'type': 1}, {'idp': 133, 'x': 6.013, 'y': -3.738, 'r': 0.4, 'type': 1}]
29285,1398693928.833717,[{'idp': 127, 'x': 7.994, 'y': -3.602, 'r': 0.4, 'type': 1}, {'idp': 128, 'x': 7.182, 'y': -2.72, 'r': 0.4, 'type': 1}, {'idp': 131, 'x': 1.884, 'y': -7.488, 'r': 0.4, 'type': 1}, {'idp': 132, 'x': 4.804, 'y': -2.444, 'r': 0.4, 'type': 1}, {'idp': 133, 'x': 6.019, 'y': -3.705, 'r': 0.4, 'type': 1}]
29286,1398693928.8736467,[{'idp': 127, 'x': 7.972, 'y': -3.592, 'r': 0.4, 'type': 1}, {'idp': 128, 'x': 7.167, 'y': -2.769, 'r': 0.4, 'type': 1}, {'idp': 131, 'x': 1.864, 'y': -7.476, 'r': 0.4, 'type': 1}, {'idp': 132, 'x': 4.79, 'y': -2.433, 'r': 0.4, 'type': 1}, {'idp': 133, 'x': 6.05, 'y': -3.7, 'r': 0.4, 'type': 1}]
29287,1398693928.8820887,[{'idp': 127, 'x': 7.842, 'y': -3.553, 'r': 0.4, 'type': 1}, {'idp': 128, 'x': 7.13, 'y': -2.773, 'r': 0.4, 'type': 1}, {'idp': 131, 'x': 1.83, 'y': -7.48, 'r': 0.4, 'type': 1}, {'idp': 132, 'x': 4.78, 'y': -2.445, 'r': 0.4, 'type': 1}, {'idp': 133, 'x': 5.997, 'y': -3.751, 'r': 0.4, 'type': 1}]
29288,1398693928.9217014,[{'idp': 127, 'x': 7.85, 'y': -3.557, 'r': 0.4, 'type': 1}, {'idp': 128, 'x': 7.181, 'y': -2.81, 'r': 0.4, 'type': 1}, {'idp': 131, 'x': 1.829, 'y': -7.459, 'r': 0.4, 'type': 1}, {'idp': 132, 'x': 4.787, 'y': -2.436, 'r': 0.4, 'type': 1}, {'idp': 133, 'x': 6.034, 'y': -3.743, 'r': 0.4, 'type': 1}]
29289,1398693928.9617488,[{'idp': 127, 'x': 7.799, 'y': -3.534, 'r': 0.4, 'type': 1}, {'idp': 128, 'x': 7.051, 'y': -2.777, 'r': 0.4, 'type': 1}, {'idp': 131, 'x': 1.799, 'y': -7.497, 'r': 0.4, 'type': 1}, {'idp': 132, 'x': 4.785, 'y': -2.434, 'r': 0.4, 'type': 1}, {'idp': 133, 'x': 6.006, 'y': -3.724, 'r': 0.4, 'type': 1}]
29290,1398693928.9617753,[{'idp': 127, 'x': 7.808, 'y': -3.538, 'r': 0.4, 'type': 1}, {'idp': 128, 'x': 7.035, 'y': -2.771, 'r': 0.4, 'type': 1}, {'idp': 131, 'x': 1.788, 'y': -7.466, 'r': 0.4, 'type': 1}, {'idp': 132, 'x': 4.778, 'y': -2.423, 'r': 0.4, 'type': 1}, {'idp': 133, 'x': 5.964, 'y': -3.724, 'r': 0.4, 'type': 1}]
29291,1398693929.001721,[{'idp': 127, 'x': 7.808, 'y': -3.538, 'r': 0.4, 'type': 1}, {'idp': 128, 'x': 7.109, 'y': -2.782, 'r': 0.4, 'type': 1}, {'idp': 131, 'x': 1.81, 'y': -7.469, 'r': 0.4, 'type': 1}, {'idp': 132, 'x': 4.78, 'y': -2.399, 'r': 0.4, 'type': 1}, {'idp': 133, 'x': 5.979, 'y': -3.775, 'r': 0.4, 'type': 1}]
29292,1398693929.006332,[{'idp': 127, 'x': 7.808, 'y': -3.538, 'r': 0.4, 'type': 1}, {'idp': 128, 'x': 7.18, 'y': -2.791, 'r': 0.4, 'type': 1}, {'idp': 131, 'x': 1.797, 'y': -7.469, 'r': 0.4, 'type': 1}, {'idp': 132, 'x': 4.812, 'y': -2.357, 'r': 0.4, 'type': 1}, {'idp': 133, 'x': 5.942, 'y': -3.75, 'r': 0.4, 'type': 1}]
29293,1398693929.0457175,[{'idp': 127, 'x': 7.808, 'y': -3.538, 'r': 0.4, 'type': 1}, {'idp': 128, 'x': 7.215, 'y': -2.805, 'r': 0.4, 'type': 1}, {'idp': 131, 'x': 1.777, 'y': -7.477, 'r': 0.4, 'type': 1}, {'idp': 132, 'x': 4.808, 'y': -2.343, 'r': 0.4, 'type': 1}, {'idp': 133, 'x': 5.948, 'y': -3.73, 'r': 0.4, 'type': 1}]
29294,1398693929.0857732,[{'idp': 127, 'x': 7.808, 'y': -3.538, 'r': 0.4, 'type': 1}, {'idp': 128, 'x': 7.231, 'y': -2.811, 'r': 0.4, 'type': 1}, {'idp': 131, 'x': 1.758, 'y': -7.468, 'r': 0.4, 'type': 1}, {'idp': 132, 'x': 4.819, 'y': -2.336, 'r': 0.4, 'type': 1}, {'idp': 133, 'x': 5.921, 'y': -3.739, 'r': 0.4, 'type': 1}]
29295,1398693929.0858028,[{'idp': 127, 'x': 7.808, 'y': -3.538, 'r': 0.4, 'type': 1}, {'idp': 128, 'x': 7.182, 'y': -2.792, 'r': 0.4, 'type': 1}, {'idp': 131, 'x': 1.742, 'y': -7.473, 'r': 0.4, 'type': 1}, {'idp': 132, 'x': 4.812, 'y': -2.32, 'r': 0.4, 'type': 1}, {'idp': 133, 'x': 5.944, 'y': -3.713, 'r': 0.4, 'type': 1}]
29296,1398693929.1256971,[{'idp': 127, 'x': 7.808, 'y': -3.538, 'r': 0.4, 'type': 1}, {'idp': 128, 'x': 7.141, 'y': -2.759, 'r': 0.4, 'type': 1}, {'idp': 131, 'x': 1.742, 'y': -7.473, 'r': 0.4, 'type': 1}, {'idp': 132, 'x': 4.805, 'y': -2.278, 'r': 0.4, 'type': 1}, {'idp': 133, 'x': 5.934, 'y': -3.743, 'r': 0.4, 'type': 1}]
29297,1398693929.1313298,[{'idp': 127, 'x': 7.808, 'y': -3.538, 'r': 0.4, 'type': 1}, {'idp': 128, 'x': 7.13, 'y': -2.737, 'r': 0.4, 'type': 1}, {'idp': 131, 'x': 1.733, 'y': -7.436, 'r': 0.4, 'type': 1}, {'idp': 132, 'x': 4.826, 'y': -2.251, 'r': 0.4, 'type': 1}, {'idp': 133, 'x': 5.973, 'y': -3.687, 'r': 0.4, 'type': 1}]
29298,1398693929.1697364,[{'idp': 127, 'x': 7.808, 'y': -3.538, 'r': 0.4, 'type': 1}, {'idp': 128, 'x': 7.123, 'y': -2.734, 'r': 0.4, 'type': 1}, {'idp': 131, 'x': 1.735, 'y': -7.441, 'r': 0.4, 'type': 1}, {'idp': 132, 'x': 4.869, 'y': -2.232, 'r': 0.4, 'type': 1}, {'idp': 133, 'x': 5.958, 'y': -3.658, 'r': 0.4, 'type': 1}]
29299,1398693929.2096605,[{'idp': 127, 'x': 7.808, 'y': -3.538, 'r': 0.4, 'type': 1}, {'idp': 128, 'x': 7.123, 'y': -2.752, 'r': 0.4, 'type': 1}, {'idp': 131, 'x': 1.721, 'y': -7.458, 'r': 0.4, 'type': 1}, {'idp': 132, 'x': 4.899, 'y': -2.259, 'r': 0.4, 'type': 1}, {'idp': 133, 'x': 6.035, 'y': -3.702, 'r': 0.4, 'type': 1}]
29300,1398693929.2096913,[{'idp': 127, 'x': 7.808, 'y': -3.538, 'r': 0.4, 'type': 1}, {'idp': 128, 'x': 7.15, 'y': -2.763, 'r': 0.4, 'type': 1}, {'idp': 131, 'x': 1.701, 'y': -7.444, 'r': 0.4, 'type': 1}, {'idp': 132, 'x': 4.932, 'y': -2.261, 'r': 0.4, 'type': 1}, {'idp': 133, 'x': 5.981, 'y': -3.647, 'r': 0.4, 'type': 1}]
29301,1398693929.2496169,[{'idp': 127, 'x': 7.808, 'y': -3.538, 'r': 0.4, 'type': 1}, {'idp': 128, 'x': 7.191, 'y': -2.76, 'r': 0.4, 'type': 1}, {'idp': 131, 'x': 1.701, 'y': -7.442, 'r': 0.4, 'type': 1}, {'idp': 132, 'x': 4.956, 'y': -2.246, 'r': 0.4, 'type': 1}, {'idp': 133, 'x': 6.022, 'y': -3.673, 'r': 0.4, 'type': 1}]
29302,1398693929.2562263,[{'idp': 127, 'x': 7.808, 'y': -3.538, 'r': 0.4, 'type': 1}, {'idp': 128, 'x': 7.296, 'y': -2.801, 'r': 0.4, 'type': 1}, {'idp': 131, 'x': 1.698, 'y': -7.43, 'r': 0.4, 'type': 1}, {'idp': 132, 'x': 4.977, 'y': -2.229, 'r': 0.4, 'type': 1}, {'idp': 133, 'x': 6.032, 'y': -3.625, 'r': 0.4, 'type': 1}]
29303,1398693929.2937274,[{'idp': 127, 'x': 7.808, 'y': -3.538, 'r': 0.4, 'type': 1}, {'idp': 128, 'x': 7.363, 'y': -2.808, 'r': 0.4, 'type': 1}, {'idp': 131, 'x': 1.696, 'y': -7.421, 'r': 0.4, 'type': 1}, {'idp': 132, 'x': 5.006, 'y': -2.181, 'r': 0.4, 'type': 1}, {'idp': 133, 'x': 6.06, 'y': -3.606, 'r': 0.4, 'type': 1}]
29304,1398693929.333713,[{'idp': 127, 'x': 7.808, 'y': -3.538, 'r': 0.4, 'type': 1}, {'idp': 128, 'x': 7.386, 'y': -2.799, 'r': 0.4, 'type': 1}, {'idp': 131, 'x': 1.701, 'y': -7.422, 'r': 0.4, 'type': 1}, {'idp': 132, 'x': 5.017, 'y': -2.176, 'r': 0.4, 'type': 1}, {'idp': 133, 'x': 6.123, 'y': -3.571, 'r': 0.4, 'type': 1}]
29305,1398693929.3337398,[{'idp': 127, 'x': 7.808, 'y': -3.538, 'r': 0.4, 'type': 1}, {'idp': 128, 'x': 7.386, 'y': -2.798, 'r': 0.4, 'type': 1}, {'idp': 131, 'x': 1.68, 'y': -7.428, 'r': 0.4, 'type': 1}, {'idp': 132, 'x': 5.016, 'y': -2.179, 'r': 0.4, 'type': 1}, {'idp': 133, 'x': 6.13, 'y': -3.557, 'r': 0.4, 'type': 1}]
29306,1398693929.373728,[{'idp': 127, 'x': 7.808, 'y': -3.538, 'r': 0.4, 'type': 1}, {'idp': 128, 'x': 7.44, 'y': -2.782, 'r': 0.4, 'type': 1}, {'idp': 131, 'x': 1.679, 'y': -7.425, 'r': 0.4, 'type': 1}, {'idp': 132, 'x': 5.032, 'y': -2.192, 'r': 0.4, 'type': 1}, {'idp': 133, 'x': 6.171, 'y': -3.562, 'r': 0.4, 'type': 1}]
29307,1398693929.3808382,[{'idp': 127, 'x': 7.808, 'y': -3.538, 'r': 0.4, 'type': 1}, {'idp': 128, 'x': 7.497, 'y': -2.803, 'r': 0.4, 'type': 1}, {'idp': 131, 'x': 1.658, 'y': -7.407, 'r': 0.4, 'type': 1}, {'idp': 132, 'x': 5.037, 'y': -2.183, 'r': 0.4, 'type': 1}, {'idp': 133, 'x': 6.156, 'y': -3.552, 'r': 0.4, 'type': 1}]
29308,1398693929.4176965,[{'idp': 127, 'x': 7.808, 'y': -3.538, 'r': 0.4, 'type': 1}, {'idp': 128, 'x': 7.537, 'y': -2.799, 'r': 0.4, 'type': 1}, {'idp': 131, 'x': 1.639, 'y': -7.398, 'r': 0.4, 'type': 1}, {'idp': 132, 'x': 5.078, 'y': -2.169, 'r': 0.4, 'type': 1}, {'idp': 133, 'x': 6.235, 'y': -3.571, 'r': 0.4, 'type': 1}]
29309,1398693929.4577596,[{'idp': 127, 'x': 7.808, 'y': -3.538, 'r': 0.4, 'type': 1}, {'idp': 128, 'x': 7.631, 'y': -2.796, 'r': 0.4, 'type': 1}, {'idp': 131, 'x': 1.621, 'y': -7.417, 'r': 0.4, 'type': 1}, {'idp': 132, 'x': 5.085, 'y': -2.181, 'r': 0.4, 'type': 1}, {'idp': 133, 'x': 6.23, 'y': -3.577, 'r': 0.4, 'type': 1}]
29310,1398693929.4577773,[{'idp': 127, 'x': 7.808, 'y': -3.538, 'r': 0.4, 'type': 1}, {'idp': 128, 'x': 7.673, 'y': -2.812, 'r': 0.4, 'type': 1}, {'idp': 131, 'x': 1.64, 'y': -7.399, 'r': 0.4, 'type': 1}, {'idp': 132, 'x': 5.064, 'y': -2.18, 'r': 0.4, 'type': 1}, {'idp': 133, 'x': 6.253, 'y': -3.566, 'r': 0.4, 'type': 1}]
29311,1398693929.497656,[{'idp': 127, 'x': 7.808, 'y': -3.538, 'r': 0.4, 'type': 1}, {'idp': 128, 'x': 7.718, 'y': -2.847, 'r': 0.4, 'type': 1}, {'idp': 131, 'x': 1.636, 'y': -7.381, 'r': 0.4, 'type': 1}, {'idp': 132, 'x': 5.098, 'y': -2.15, 'r': 0.4, 'type': 1}, {'idp': 133, 'x': 6.217, 'y': -3.582, 'r': 0.4, 'type': 1}]
29312,1398693929.5051684,[{'idp': 127, 'x': 7.808, 'y': -3.538, 'r': 0.4, 'type': 1}, {'idp': 128, 'x': 7.766, 'y': -2.865, 'r': 0.4, 'type': 1}, {'idp': 131, 'x': 1.616, 'y': -7.366, 'r': 0.4, 'type': 1}, {'idp': 132, 'x': 5.111, 'y': -2.161, 'r': 0.4, 'type': 1}, {'idp': 133, 'x': 6.209, 'y': -3.577, 'r': 0.4, 'type': 1}]
29313,1398693929.5417054,[{'idp': 127, 'x': 7.808, 'y': -3.538, 'r': 0.4, 'type': 1}, {'idp': 128, 'x': 7.798, 'y': -2.896, 'r': 0.4, 'type': 1}, {'idp': 131, 'x': 1.599, 'y': -7.369, 'r': 0.4, 'type': 1}, {'idp': 132, 'x': 5.119, 'y': -2.174, 'r': 0.4, 'type': 1}, {'idp': 133, 'x': 6.197, 'y': -3.611, 'r': 0.4, 'type': 1}]
29314,1398693929.5816882,[{'idp': 127, 'x': 7.808, 'y': -3.538, 'r': 0.4, 'type': 1}, {'idp': 128, 'x': 7.815, 'y': -2.903, 'r': 0.4, 'type': 1}, {'idp': 131, 'x': 1.58, 'y': -7.354, 'r': 0.4, 'type': 1}, {'idp': 132, 'x': 5.128, 'y': -2.167, 'r': 0.4, 'type': 1}, {'idp': 133, 'x': 6.187, 'y': -3.588, 'r': 0.4, 'type': 1}]
29315,1398693929.5817208,[{'idp': 127, 'x': 7.808, 'y': -3.538, 'r': 0.4, 'type': 1}, {'idp': 128, 'x': 7.815, 'y': -2.903, 'r': 0.4, 'type': 1}, {'idp': 131, 'x': 1.575, 'y': -7.328, 'r': 0.4, 'type': 1}, {'idp': 132, 'x': 5.169, 'y': -2.129, 'r': 0.4, 'type': 1}, {'idp': 133, 'x': 6.192, 'y': -3.573, 'r': 0.4, 'type': 1}]
29316,1398693929.6217017,[{'idp': 127, 'x': 8.33, 'y': -4.029, 'r': 0.4, 'type': 1}, {'idp': 128, 'x': 7.924, 'y': -2.904, 'r': 0.4, 'type': 1}, {'idp': 131, 'x': 1.625, 'y': -7.311, 'r': 0.4, 'type': 1}, {'idp': 132, 'x': 5.151, 'y': -2.132, 'r': 0.4, 'type': 1}, {'idp': 133, 'x': 6.209, 'y': -3.547, 'r': 0.4, 'type': 1}]
29317,1398693929.6302166,[{'idp': 127, 'x': 8.293, 'y': -3.888, 'r': 0.4, 'type': 1}, {'idp': 128, 'x': 7.924, 'y': -2.904, 'r': 0.4, 'type': 1}, {'idp': 131, 'x': 1.619, 'y': -7.3, 'r': 0.4, 'type': 1}, {'idp': 132, 'x': 5.204, 'y': -2.111, 'r': 0.4, 'type': 1}, {'idp': 133, 'x': 6.229, 'y': -3.54, 'r': 0.4, 'type': 1}]
29318,1398693929.6697204,[{'idp': 127, 'x': 8.357, 'y': -3.939, 'r': 0.4, 'type': 1}, {'idp': 128, 'x': 7.924, 'y': -2.904, 'r': 0.4, 'type': 1}, {'idp': 131, 'x': 1.614, 'y': -7.28, 'r': 0.4, 'type': 1}, {'idp': 132, 'x': 5.206, 'y': -2.116, 'r': 0.4, 'type': 1}, {'idp': 133, 'x': 6.146, 'y': -3.528, 'r': 0.4, 'type': 1}]
29319,1398693929.70972,[{'idp': 127, 'x': 8.459, 'y': -3.966, 'r': 0.4, 'type': 1}, {'idp': 128, 'x': 7.924, 'y': -2.904, 'r': 0.4, 'type': 1}, {'idp': 131, 'x': 1.595, 'y': -7.267, 'r': 0.4, 'type': 1}, {'idp': 132, 'x': 5.211, 'y': -2.131, 'r': 0.4, 'type': 1}, {'idp': 133, 'x': 6.221, 'y': -3.553, 'r': 0.4, 'type': 1}]
29320,1398693929.7097526,[{'idp': 127, 'x': 8.416, 'y': -3.99, 'r': 0.4, 'type': 1}, {'idp': 128, 'x': 7.924, 'y': -2.904, 'r': 0.4, 'type': 1}, {'idp': 131, 'x': 1.578, 'y': -7.267, 'r': 0.4, 'type': 1}, {'idp': 132, 'x': 5.244, 'y': -2.119, 'r': 0.4, 'type': 1}, {'idp': 133, 'x': 6.229, 'y': -3.576, 'r': 0.4, 'type': 1}]
29321,1398693929.749655,[{'idp': 127, 'x': 8.363, 'y': -3.987, 'r': 0.4, 'type': 1}, {'idp': 128, 'x': 7.924, 'y': -2.904, 'r': 0.4, 'type': 1}, {'idp': 131, 'x': 1.575, 'y': -7.252, 'r': 0.4, 'type': 1}, {'idp': 132, 'x': 5.252, 'y': -2.108, 'r': 0.4, 'type': 1}, {'idp': 133, 'x': 6.178, 'y': -3.564, 'r': 0.4, 'type': 1}]
29322,1398693929.7549691,[{'idp': 127, 'x': 8.327, 'y': -3.969, 'r': 0.4, 'type': 1}, {'idp': 128, 'x': 7.924, 'y': -2.904, 'r': 0.4, 'type': 1}, {'idp': 131, 'x': 1.574, 'y': -7.246, 'r': 0.4, 'type': 1}, {'idp': 132, 'x': 5.25, 'y': -2.095, 'r': 0.4, 'type': 1}, {'idp': 133, 'x': 6.197, 'y': -3.539, 'r': 0.4, 'type': 1}]
29323,1398693929.7937348,[{'idp': 127, 'x': 8.219, 'y': -3.919, 'r': 0.4, 'type': 1}, {'idp': 128, 'x': 7.924, 'y': -2.904, 'r': 0.4, 'type': 1}, {'idp': 131, 'x': 1.565, 'y': -7.202, 'r': 0.4, 'type': 1}, {'idp': 132, 'x': 5.294, 'y': -2.099, 'r': 0.4, 'type': 1}, {'idp': 133, 'x': 6.228, 'y': -3.539, 'r': 0.4, 'type': 1}]
29324,1398693929.8336709,[{'idp': 127, 'x': 8.212, 'y': -3.938, 'r': 0.4, 'type': 1}, {'idp': 128, 'x': 7.924, 'y': -2.904, 'r': 0.4, 'type': 1}, {'idp': 131, 'x': 1.54, 'y': -7.166, 'r': 0.4, 'type': 1}, {'idp': 132, 'x': 5.277, 'y': -2.093, 'r': 0.4, 'type': 1}, {'idp': 133, 'x': 6.183, 'y': -3.55, 'r': 0.4, 'type': 1}]
29325,1398693929.8336947,[{'idp': 127, 'x': 8.235, 'y': -3.949, 'r': 0.4, 'type': 1}, {'idp': 128, 'x': 7.924, 'y': -2.904, 'r': 0.4, 'type': 1}, {'idp': 131, 'x': 1.542, 'y': -7.171, 'r': 0.4, 'type': 1}, {'idp': 132, 'x': 5.298, 'y': -2.088, 'r': 0.4, 'type': 1}, {'idp': 133, 'x': 6.132, 'y': -3.522, 'r': 0.4, 'type': 1}]
29326,1398693929.873647,[{'idp': 127, 'x': 8.107, 'y': -3.888, 'r': 0.4, 'type': 1}, {'idp': 128, 'x': 7.924, 'y': -2.904, 'r': 0.4, 'type': 1}, {'idp': 131, 'x': 1.515, 'y': -7.121, 'r': 0.4, 'type': 1}, {'idp': 132, 'x': 5.319, 'y': -2.096, 'r': 0.4, 'type': 1}, {'idp': 133, 'x': 6.078, 'y': -3.491, 'r': 0.4, 'type': 1}]
29327,1398693929.879845,[{'idp': 127, 'x': 8.037, 'y': -3.898, 'r': 0.4, 'type': 1}, {'idp': 128, 'x': 7.924, 'y': -2.904, 'r': 0.4, 'type': 1}, {'idp': 131, 'x': 1.512, 'y': -7.11, 'r': 0.4, 'type': 1}, {'idp': 132, 'x': 5.314, 'y': -2.094, 'r': 0.4, 'type': 1}, {'idp': 133, 'x': 6.085, 'y': -3.46, 'r': 0.4, 'type': 1}]
29328,1398693929.917722,[{'idp': 127, 'x': 8.07, 'y': -3.914, 'r': 0.4, 'type': 1}, {'idp': 128, 'x': 7.924, 'y': -2.904, 'r': 0.4, 'type': 1}, {'idp': 131, 'x': 1.513, 'y': -7.112, 'r': 0.4, 'type': 1}, {'idp': 132, 'x': 5.279, 'y': -2.067, 'r': 0.4, 'type': 1}, {'idp': 133, 'x': 6.174, 'y': -3.511, 'r': 0.4, 'type': 1}]
29329,1398693929.9577389,[{'idp': 127, 'x': 8.034, 'y': -3.896, 'r': 0.4, 'type': 1}, {'idp': 128, 'x': 7.924, 'y': -2.904, 'r': 0.4, 'type': 1}, {'idp': 131, 'x': 1.508, 'y': -7.089, 'r': 0.4, 'type': 1}, {'idp': 132, 'x': 5.282, 'y': -2.068, 'r': 0.4, 'type': 1}, {'idp': 133, 'x': 6.27, 'y': -3.566, 'r': 0.4, 'type': 1}]
29330,1398693929.9577706,[{'idp': 127, 'x': 8.021, 'y': -3.912, 'r': 0.4, 'type': 1}, {'idp': 128, 'x': 7.924, 'y': -2.904, 'r': 0.4, 'type': 1}, {'idp': 131, 'x': 1.469, 'y': -7.06, 'r': 0.4, 'type': 1}, {'idp': 132, 'x': 5.234, 'y': -2.049, 'r': 0.4, 'type': 1}, {'idp': 133, 'x': 6.307, 'y': -3.569, 'r': 0.4, 'type': 1}]
29331,1398693929.9976645,[{'idp': 127, 'x': 8.028, 'y': -3.959, 'r': 0.4, 'type': 1}, {'idp': 128, 'x': 7.924, 'y': -2.904, 'r': 0.4, 'type': 1}, {'idp': 131, 'x': 1.471, 'y': -7.067, 'r': 0.4, 'type': 1}, {'idp': 132, 'x': 5.206, 'y': -2.024, 'r': 0.4, 'type': 1}, {'idp': 133, 'x': 6.29, 'y': -3.576, 'r': 0.4, 'type': 1}]
29332,1398693930.0040858,[{'idp': 127, 'x': 8.089, 'y': -3.989, 'r': 0.4, 'type': 1}, {'idp': 128, 'x': 7.924, 'y': -2.904, 'r': 0.4, 'type': 1}, {'idp': 131, 'x': 1.446, 'y': -7.027, 'r': 0.4, 'type': 1}, {'idp': 132, 'x': 5.177, 'y': -2.039, 'r': 0.4, 'type': 1}, {'idp': 133, 'x': 6.334, 'y': -3.565, 'r': 0.4, 'type': 1}]
29333,1398693930.0416915,[{'idp': 127, 'x': 8.09, 'y': -3.968, 'r': 0.4, 'type': 1}, {'idp': 128, 'x': 7.924, 'y': -2.904, 'r': 0.4, 'type': 1}, {'idp': 131, 'x': 1.441, 'y': -7.0, 'r': 0.4, 'type': 1}, {'idp': 132, 'x': 5.179, 'y': -2.027, 'r': 0.4, 'type': 1}, {'idp': 133, 'x': 6.34, 'y': -3.55, 'r': 0.4, 'type': 1}]
29334,1398693930.0817213,[{'idp': 127, 'x': 8.167, 'y': -3.983, 'r': 0.4, 'type': 1}, {'idp': 128, 'x': 7.924, 'y': -2.904, 'r': 0.4, 'type': 1}, {'idp': 131, 'x': 1.46, 'y': -7.014, 'r': 0.4, 'type': 1}, {'idp': 132, 'x': 5.198, 'y': -2.022, 'r': 0.4, 'type': 1}, {'idp': 133, 'x': 6.352, 'y': -3.538, 'r': 0.4, 'type': 1}]
29335,1398693930.0817513,[{'idp': 127, 'x': 8.17, 'y': -4.007, 'r': 0.4, 'type': 1}, {'idp': 131, 'x': 1.459, 'y': -7.01, 'r': 0.4, 'type': 1}, {'idp': 132, 'x': 5.215, 'y': -2.028, 'r': 0.4, 'type': 1}, {'idp': 133, 'x': 6.374, 'y': -3.55, 'r': 0.4, 'type': 1}]
29336,1398693930.1217031,[{'idp': 127, 'x': 8.215, 'y': -4.051, 'r': 0.4, 'type': 1}, {'idp': 131, 'x': 1.444, 'y': -7.016, 'r': 0.4, 'type': 1}, {'idp': 132, 'x': 5.246, 'y': -2.027, 'r': 0.4, 'type': 1}, {'idp': 133, 'x': 6.423, 'y': -3.559, 'r': 0.4, 'type': 1}]
29337,1398693930.1288354,[{'idp': 127, 'x': 8.352, 'y': -4.088, 'r': 0.4, 'type': 1}, {'idp': 131, 'x': 1.406, 'y': -6.986, 'r': 0.4, 'type': 1}, {'idp': 132, 'x': 5.247, 'y': -2.027, 'r': 0.4, 'type': 1}, {'idp': 133, 'x': 6.366, 'y': -3.599, 'r': 0.4, 'type': 1}]
29338,1398693930.1657016,[{'idp': 127, 'x': 8.39, 'y': -4.113, 'r': 0.4, 'type': 1}, {'idp': 131, 'x': 1.383, 'y': -6.951, 'r': 0.4, 'type': 1}, {'idp': 132, 'x': 5.26, 'y': -2.033, 'r': 0.4, 'type': 1}, {'idp': 133, 'x': 6.372, 'y': -3.585, 'r': 0.4, 'type': 1}]
29339,1398693930.2056897,[{'idp': 127, 'x': 8.448, 'y': -4.082, 'r': 0.4, 'type': 1}, {'idp': 131, 'x': 1.408, 'y': -6.993, 'r': 0.4, 'type': 1}, {'idp': 132, 'x': 5.273, 'y': -2.011, 'r': 0.4, 'type': 1}, {'idp': 133, 'x': 6.372, 'y': -3.603, 'r': 0.4, 'type': 1}]
29340,1398693930.2057183,[{'idp': 127, 'x': 8.462, 'y': -4.127, 'r': 0.4, 'type': 1}, {'idp': 131, 'x': 1.404, 'y': -6.974, 'r': 0.4, 'type': 1}, {'idp': 132, 'x': 5.371, 'y': -2.036, 'r': 0.4, 'type': 1}, {'idp': 133, 'x': 6.406, 'y': -3.567, 'r': 0.4, 'type': 1}]
29341,1398693930.2457476,[{'idp': 127, 'x': 8.483, 'y': -4.114, 'r': 0.4, 'type': 1}, {'idp': 131, 'x': 1.403, 'y': -6.968, 'r': 0.4, 'type': 1}, {'idp': 132, 'x': 5.44, 'y': -2.062, 'r': 0.4, 'type': 1}, {'idp': 133, 'x': 6.397, 'y': -3.567, 'r': 0.4, 'type': 1}]
29342,1398693930.2536933,[{'idp': 127, 'x': 8.502, 'y': -4.124, 'r': 0.4, 'type': 1}, {'idp': 131, 'x': 1.423, 'y': -6.988, 'r': 0.4, 'type': 1}, {'idp': 132, 'x': 5.456, 'y': -2.055, 'r': 0.4, 'type': 1}, {'idp': 133, 'x': 6.387, 'y': -3.585, 'r': 0.4, 'type': 1}]
29343,1398693930.2937307,[{'idp': 127, 'x': 8.56, 'y': -4.175, 'r': 0.4, 'type': 1}, {'idp': 131, 'x': 1.379, 'y': -6.928, 'r': 0.4, 'type': 1}, {'idp': 132, 'x': 5.51, 'y': -2.089, 'r': 0.4, 'type': 1}, {'idp': 133, 'x': 6.348, 'y': -3.589, 'r': 0.4, 'type': 1}]
29344,1398693930.3336298,[{'idp': 127, 'x': 8.543, 'y': -4.168, 'r': 0.4, 'type': 1}, {'idp': 131, 'x': 1.381, 'y': -6.938, 'r': 0.4, 'type': 1}, {'idp': 132, 'x': 5.544, 'y': -2.101, 'r': 0.4, 'type': 1}, {'idp': 133, 'x': 6.336, 'y': -3.582, 'r': 0.4, 'type': 1}]
29345,1398693930.333675,[{'idp': 127, 'x': 8.62, 'y': -4.136, 'r': 0.4, 'type': 1}, {'idp': 131, 'x': 1.391, 'y': -6.909, 'r': 0.4, 'type': 1}, {'idp': 132, 'x': 5.554, 'y': -2.064, 'r': 0.4, 'type': 1}, {'idp': 133, 'x': 6.371, 'y': -3.553, 'r': 0.4, 'type': 1}]
29346,1398693930.3737328,[{'idp': 127, 'x': 8.508, 'y': -3.968, 'r': 0.4, 'type': 1}, {'idp': 131, 'x': 1.423, 'y': -6.915, 'r': 0.4, 'type': 1}, {'idp': 132, 'x': 5.554, 'y': -2.036, 'r': 0.4, 'type': 1}, {'idp': 133, 'x': 6.407, 'y': -3.494, 'r': 0.4, 'type': 1}]
29347,1398693930.378347,[{'idp': 127, 'x': 8.508, 'y': -3.968, 'r': 0.4, 'type': 1}, {'idp': 131, 'x': 1.433, 'y': -6.885, 'r': 0.4, 'type': 1}, {'idp': 132, 'x': 5.578, 'y': -2.044, 'r': 0.4, 'type': 1}, {'idp': 133, 'x': 6.412, 'y': -3.505, 'r': 0.4, 'type': 1}]
29348,1398693930.4176562,[{'idp': 127, 'x': 8.508, 'y': -3.968, 'r': 0.4, 'type': 1}, {'idp': 131, 'x': 1.444, 'y': -6.863, 'r': 0.4, 'type': 1}, {'idp': 132, 'x': 5.627, 'y': -2.02, 'r': 0.4, 'type': 1}, {'idp': 133, 'x': 6.39, 'y': -3.504, 'r': 0.4, 'type': 1}]
29349,1398693930.457705,[{'idp': 127, 'x': 8.474, 'y': -3.906, 'r': 0.4, 'type': 1}, {'idp': 131, 'x': 1.452, 'y': -6.844, 'r': 0.4, 'type': 1}, {'idp': 132, 'x': 5.64, 'y': -2.011, 'r': 0.4, 'type': 1}, {'idp': 133, 'x': 6.457, 'y': -3.468, 'r': 0.4, 'type': 1}]
29350,1398693930.4577343,[{'idp': 127, 'x': 8.519, 'y': -3.927, 'r': 0.4, 'type': 1}, {'idp': 131, 'x': 1.464, 'y': -6.812, 'r': 0.4, 'type': 1}, {'idp': 132, 'x': 5.673, 'y': -1.994, 'r': 0.4, 'type': 1}, {'idp': 133, 'x': 6.476, 'y': -3.478, 'r': 0.4, 'type': 1}]
29351,1398693930.4976895,[{'idp': 127, 'x': 8.541, 'y': -3.915, 'r': 0.4, 'type': 1}, {'idp': 131, 'x': 1.44, 'y': -6.792, 'r': 0.4, 'type': 1}, {'idp': 132, 'x': 5.71, 'y': -2.007, 'r': 0.4, 'type': 1}, {'idp': 133, 'x': 6.469, 'y': -3.475, 'r': 0.4, 'type': 1}]
29352,1398693930.5029657,[{'idp': 127, 'x': 8.522, 'y': -3.906, 'r': 0.4, 'type': 1}, {'idp': 131, 'x': 1.438, 'y': -6.769, 'r': 0.4, 'type': 1}, {'idp': 132, 'x': 5.714, 'y': -2.022, 'r': 0.4, 'type': 1}, {'idp': 133, 'x': 6.483, 'y': -3.483, 'r': 0.4, 'type': 1}]
29353,1398693930.5417318,[{'idp': 127, 'x': 8.477, 'y': -3.908, 'r': 0.4, 'type': 1}, {'idp': 131, 'x': 1.449, 'y': -6.729, 'r': 0.4, 'type': 1}, {'idp': 132, 'x': 5.727, 'y': -2.011, 'r': 0.4, 'type': 1}, {'idp': 133, 'x': 6.5, 'y': -3.493, 'r': 0.4, 'type': 1}]
29354,1398693930.5817304,[{'idp': 127, 'x': 8.498, 'y': -3.895, 'r': 0.4, 'type': 1}, {'idp': 131, 'x': 1.449, 'y': -6.728, 'r': 0.4, 'type': 1}, {'idp': 132, 'x': 5.757, 'y': -2.022, 'r': 0.4, 'type': 1}, {'idp': 133, 'x': 6.541, 'y': -3.496, 'r': 0.4, 'type': 1}]
29355,1398693930.5817552,[{'idp': 127, 'x': 8.483, 'y': -3.866, 'r': 0.4, 'type': 1}, {'idp': 131, 'x': 1.458, 'y': -6.696, 'r': 0.4, 'type': 1}, {'idp': 132, 'x': 5.741, 'y': -2.002, 'r': 0.4, 'type': 1}, {'idp': 133, 'x': 6.555, 'y': -3.468, 'r': 0.4, 'type': 1}]
29356,1398693930.6216426,[{'idp': 127, 'x': 8.522, 'y': -3.817, 'r': 0.4, 'type': 1}, {'idp': 131, 'x': 1.485, 'y': -6.681, 'r': 0.4, 'type': 1}, {'idp': 132, 'x': 5.737, 'y': -1.973, 'r': 0.4, 'type': 1}, {'idp': 133, 'x': 6.585, 'y': -3.447, 'r': 0.4, 'type': 1}]
29357,1398693930.627682,[{'idp': 127, 'x': 8.516, 'y': -3.769, 'r': 0.4, 'type': 1}, {'idp': 131, 'x': 1.528, 'y': -6.664, 'r': 0.4, 'type': 1}, {'idp': 132, 'x': 5.789, 'y': -1.934, 'r': 0.4, 'type': 1}, {'idp': 133, 'x': 6.612, 'y': -3.425, 'r': 0.4, 'type': 1}]
29358,1398693930.6657407,[{'idp': 127, 'x': 8.539, 'y': -3.757, 'r': 0.4, 'type': 1}, {'idp': 131, 'x': 1.552, 'y': -6.637, 'r': 0.4, 'type': 1}, {'idp': 132, 'x': 5.8, 'y': -1.91, 'r': 0.4, 'type': 1}, {'idp': 133, 'x': 6.643, 'y': -3.386, 'r': 0.4, 'type': 1}]
29359,1398693930.705733,[{'idp': 127, 'x': 8.583, 'y': -3.71, 'r': 0.4, 'type': 1}, {'idp': 131, 'x': 1.576, 'y': -6.612, 'r': 0.4, 'type': 1}, {'idp': 132, 'x': 5.809, 'y': -1.899, 'r': 0.4, 'type': 1}, {'idp': 133, 'x': 6.688, 'y': -3.372, 'r': 0.4, 'type': 1}]
29360,1398693930.7057636,[{'idp': 127, 'x': 8.665, 'y': -3.656, 'r': 0.4, 'type': 1}, {'idp': 131, 'x': 1.612, 'y': -6.598, 'r': 0.4, 'type': 1}, {'idp': 132, 'x': 5.821, 'y': -1.847, 'r': 0.4, 'type': 1}, {'idp': 133, 'x': 6.71, 'y': -3.292, 'r': 0.4, 'type': 1}]
29361,1398693930.7457092,[{'idp': 127, 'x': 8.673, 'y': -3.57, 'r': 0.4, 'type': 1}, {'idp': 131, 'x': 1.655, 'y': -6.586, 'r': 0.4, 'type': 1}, {'idp': 132, 'x': 5.86, 'y': -1.803, 'r': 0.4, 'type': 1}, {'idp': 133, 'x': 6.711, 'y': -3.22, 'r': 0.4, 'type': 1}]
29362,1398693930.751816,[{'idp': 127, 'x': 8.679, 'y': -3.484, 'r': 0.4, 'type': 1}, {'idp': 131, 'x': 1.715, 'y': -6.542, 'r': 0.4, 'type': 1}, {'idp': 132, 'x': 5.88, 'y': -1.782, 'r': 0.4, 'type': 1}, {'idp': 133, 'x': 6.735, 'y': -3.195, 'r': 0.4, 'type': 1}]
29363,1398693930.7897174,[{'idp': 127, 'x': 8.735, 'y': -3.485, 'r': 0.4, 'type': 1}, {'idp': 131, 'x': 1.74, 'y': -6.52, 'r': 0.4, 'type': 1}, {'idp': 132, 'x': 5.901, 'y': -1.746, 'r': 0.4, 'type': 1}, {'idp': 133, 'x': 6.721, 'y': -3.135, 'r': 0.4, 'type': 1}]
29364,1398693930.829775,[{'idp': 127, 'x': 8.797, 'y': -3.443, 'r': 0.4, 'type': 1}, {'idp': 131, 'x': 1.768, 'y': -6.549, 'r': 0.4, 'type': 1}, {'idp': 132, 'x': 5.91, 'y': -1.692, 'r': 0.4, 'type': 1}, {'idp': 133, 'x': 6.761, 'y': -3.117, 'r': 0.4, 'type': 1}]
29365,1398693930.829811,[{'idp': 127, 'x': 9.006, 'y': -3.503, 'r': 0.4, 'type': 1}, {'idp': 131, 'x': 1.823, 'y': -6.49, 'r': 0.4, 'type': 1}, {'idp': 132, 'x': 5.953, 'y': -1.649, 'r': 0.4, 'type': 1}, {'idp': 133, 'x': 6.771, 'y': -3.069, 'r': 0.4, 'type': 1}]
29366,1398693930.8697333,[{'idp': 127, 'x': 9.006, 'y': -3.503, 'r': 0.4, 'type': 1}, {'idp': 131, 'x': 1.85, 'y': -6.512, 'r': 0.4, 'type': 1}, {'idp': 132, 'x': 5.919, 'y': -1.611, 'r': 0.4, 'type': 1}, {'idp': 133, 'x': 6.8, 'y': -3.028, 'r': 0.4, 'type': 1}]
29367,1398693930.8768325,[{'idp': 127, 'x': 9.006, 'y': -3.503, 'r': 0.4, 'type': 1}, {'idp': 131, 'x': 1.907, 'y': -6.473, 'r': 0.4, 'type': 1}, {'idp': 132, 'x': 5.976, 'y': -1.572, 'r': 0.4, 'type': 1}, {'idp': 133, 'x': 6.784, 'y': -2.934, 'r': 0.4, 'type': 1}]
29368,1398693930.9136996,[{'idp': 127, 'x': 9.006, 'y': -3.503, 'r': 0.4, 'type': 1}, {'idp': 131, 'x': 1.928, 'y': -6.466, 'r': 0.4, 'type': 1}, {'idp': 132, 'x': 6.041, 'y': -1.562, 'r': 0.4, 'type': 1}, {'idp': 133, 'x': 6.799, 'y': -2.94, 'r': 0.4, 'type': 1}]
29369,1398693930.9537475,[{'idp': 127, 'x': 9.006, 'y': -3.503, 'r': 0.4, 'type': 1}, {'idp': 131, 'x': 1.967, 'y': -6.467, 'r': 0.4, 'type': 1}, {'idp': 132, 'x': 6.151, 'y': -1.504, 'r': 0.4, 'type': 1}, {'idp': 133, 'x': 6.814, 'y': -2.958, 'r': 0.4, 'type': 1}]
29370,1398693930.9537764,[{'idp': 127, 'x': 9.006, 'y': -3.503, 'r': 0.4, 'type': 1}, {'idp': 131, 'x': 2.037, 'y': -6.418, 'r': 0.4, 'type': 1}, {'idp': 132, 'x': 6.161, 'y': -1.437, 'r': 0.4, 'type': 1}, {'idp': 133, 'x': 6.872, 'y': -3.027, 'r': 0.4, 'type': 1}]
29371,1398693930.9936936,[{'idp': 127, 'x': 9.006, 'y': -3.503, 'r': 0.4, 'type': 1}, {'idp': 131, 'x': 2.115, 'y': -6.373, 'r': 0.4, 'type': 1}, {'idp': 132, 'x': 6.214, 'y': -1.379, 'r': 0.4, 'type': 1}, {'idp': 133, 'x': 6.701, 'y': -2.526, 'r': 0.4, 'type': 1}]
29372,1398693931.0015821,[{'idp': 127, 'x': 9.006, 'y': -3.503, 'r': 0.4, 'type': 1}, {'idp': 131, 'x': 2.174, 'y': -6.343, 'r': 0.4, 'type': 1}, {'idp': 132, 'x': 6.261, 'y': -1.332, 'r': 0.4, 'type': 1}, {'idp': 133, 'x': 6.93, 'y': -2.643, 'r': 0.4, 'type': 1}]
29373,1398693931.0377088,[{'idp': 127, 'x': 9.006, 'y': -3.503, 'r': 0.4, 'type': 1}, {'idp': 131, 'x': 2.194, 'y': -6.311, 'r': 0.4, 'type': 1}, {'idp': 132, 'x': 6.27, 'y': -1.32, 'r': 0.4, 'type': 1}, {'idp': 133, 'x': 6.934, 'y': -2.593, 'r': 0.4, 'type': 1}]
29374,1398693931.0776825,[{'idp': 127, 'x': 9.006, 'y': -3.503, 'r': 0.4, 'type': 1}, {'idp': 131, 'x': 2.208, 'y': -6.328, 'r': 0.4, 'type': 1}, {'idp': 132, 'x': 6.32, 'y': -1.317, 'r': 0.4, 'type': 1}, {'idp': 133, 'x': 6.956, 'y': -2.567, 'r': 0.4, 'type': 1}]
29375,1398693931.0777173,[{'idp': 127, 'x': 9.006, 'y': -3.503, 'r': 0.4, 'type': 1}, {'idp': 131, 'x': 2.236, 'y': -6.318, 'r': 0.4, 'type': 1}, {'idp': 132, 'x': 6.374, 'y': -1.314, 'r': 0.4, 'type': 1}, {'idp': 133, 'x': 6.969, 'y': -2.519, 'r': 0.4, 'type': 1}]
29376,1398693931.1177225,[{'idp': 127, 'x': 9.006, 'y': -3.503, 'r': 0.4, 'type': 1}, {'idp': 131, 'x': 2.275, 'y': -6.297, 'r': 0.4, 'type': 1}, {'idp': 132, 'x': 6.442, 'y': -1.299, 'r': 0.4, 'type': 1}, {'idp': 133, 'x': 7.034, 'y': -2.474, 'r': 0.4, 'type': 1}]
29377,1398693931.125959,[{'idp': 127, 'x': 9.006, 'y': -3.503, 'r': 0.4, 'type': 1}, {'idp': 131, 'x': 2.293, 'y': -6.272, 'r': 0.4, 'type': 1}, {'idp': 132, 'x': 6.351, 'y': -1.194, 'r': 0.4, 'type': 1}, {'idp': 133, 'x': 7.062, 'y': -2.443, 'r': 0.4, 'type': 1}]
29378,1398693931.1657195,[{'idp': 127, 'x': 9.006, 'y': -3.503, 'r': 0.4, 'type': 1}, {'idp': 131, 'x': 2.357, 'y': -6.224, 'r': 0.4, 'type': 1}, {'idp': 132, 'x': 6.446, 'y': -1.168, 'r': 0.4, 'type': 1}, {'idp': 133, 'x': 7.091, 'y': -2.379, 'r': 0.4, 'type': 1}]
29379,1398693931.2057333,[{'idp': 127, 'x': 9.006, 'y': -3.503, 'r': 0.4, 'type': 1}, {'idp': 131, 'x': 2.402, 'y': -6.209, 'r': 0.4, 'type': 1}, {'idp': 132, 'x': 6.458, 'y': -1.127, 'r': 0.4, 'type': 1}, {'idp': 133, 'x': 7.125, 'y': -2.336, 'r': 0.4, 'type': 1}]
29380,1398693931.2057652,[{'idp': 127, 'x': 9.006, 'y': -3.503, 'r': 0.4, 'type': 1}, {'idp': 131, 'x': 2.398, 'y': -6.211, 'r': 0.4, 'type': 1}, {'idp': 132, 'x': 6.41, 'y': -1.105, 'r': 0.4, 'type': 1}, {'idp': 133, 'x': 7.276, 'y': -2.345, 'r': 0.4, 'type': 1}]
29381,1398693931.2457552,[{'idp': 127, 'x': 9.006, 'y': -3.503, 'r': 0.4, 'type': 1}, {'idp': 131, 'x': 2.407, 'y': -6.185, 'r': 0.4, 'type': 1}, {'idp': 132, 'x': 6.499, 'y': -1.105, 'r': 0.4, 'type': 1}, {'idp': 133, 'x': 7.193, 'y': -2.319, 'r': 0.4, 'type': 1}]
29382,1398693931.2506068,[{'idp': 127, 'x': 9.006, 'y': -3.503, 'r': 0.4, 'type': 1}, {'idp': 131, 'x': 2.42, 'y': -6.185, 'r': 0.4, 'type': 1}, {'idp': 132, 'x': 6.431, 'y': -1.093, 'r': 0.4, 'type': 1}, {'idp': 133, 'x': 7.147, 'y': -2.305, 'r': 0.4, 'type': 1}]
29383,1398693931.289663,[{'idp': 127, 'x': 9.006, 'y': -3.503, 'r': 0.4, 'type': 1}, {'idp': 131, 'x': 2.406, 'y': -6.19, 'r': 0.4, 'type': 1}, {'idp': 132, 'x': 6.429, 'y': -1.093, 'r': 0.4, 'type': 1}, {'idp': 133, 'x': 7.237, 'y': -2.316, 'r': 0.4, 'type': 1}]
29384,1398693931.3296833,[{'idp': 127, 'x': 9.006, 'y': -3.503, 'r': 0.4, 'type': 1}, {'idp': 131, 'x': 2.406, 'y': -6.188, 'r': 0.4, 'type': 1}, {'idp': 132, 'x': 6.6, 'y': -1.132, 'r': 0.4, 'type': 1}, {'idp': 133, 'x': 7.281, 'y': -2.312, 'r': 0.4, 'type': 1}]
29385,1398693931.329714,[{'idp': 127, 'x': 9.006, 'y': -3.503, 'r': 0.4, 'type': 1}, {'idp': 131, 'x': 2.379, 'y': -6.2, 'r': 0.4, 'type': 1}, {'idp': 132, 'x': 6.709, 'y': -1.213, 'r': 0.4, 'type': 1}, {'idp': 133, 'x': 7.309, 'y': -2.338, 'r': 0.4, 'type': 1}]
29386,1398693931.3697257,[{'idp': 127, 'x': 9.006, 'y': -3.503, 'r': 0.4, 'type': 1}, {'idp': 131, 'x': 2.372, 'y': -6.181, 'r': 0.4, 'type': 1}, {'idp': 132, 'x': 6.685, 'y': -1.194, 'r': 0.4, 'type': 1}, {'idp': 133, 'x': 7.33, 'y': -2.31, 'r': 0.4, 'type': 1}]
29387,1398693931.3752096,[{'idp': 127, 'x': 9.006, 'y': -3.503, 'r': 0.4, 'type': 1}, {'idp': 131, 'x': 2.381, 'y': -6.166, 'r': 0.4, 'type': 1}, {'idp': 132, 'x': 6.669, 'y': -1.191, 'r': 0.4, 'type': 1}, {'idp': 133, 'x': 7.194, 'y': -2.232, 'r': 0.4, 'type': 1}]
29388,1398693931.4136407,[{'idp': 127, 'x': 9.006, 'y': -3.503, 'r': 0.4, 'type': 1}, {'idp': 131, 'x': 2.382, 'y': -6.168, 'r': 0.4, 'type': 1}, {'idp': 132, 'x': 6.642, 'y': -1.171, 'r': 0.4, 'type': 1}, {'idp': 133, 'x': 7.187, 'y': -2.238, 'r': 0.4, 'type': 1}]
29389,1398693931.453683,[{'idp': 127, 'x': 9.006, 'y': -3.503, 'r': 0.4, 'type': 1}, {'idp': 131, 'x': 2.391, 'y': -6.151, 'r': 0.4, 'type': 1}, {'idp': 132, 'x': 6.531, 'y': -1.089, 'r': 0.4, 'type': 1}, {'idp': 133, 'x': 7.178, 'y': -2.221, 'r': 0.4, 'type': 1}]
29390,1398693931.4936593,[{'idp': 127, 'x': 9.006, 'y': -3.503, 'r': 0.4, 'type': 1}, {'idp': 131, 'x': 2.396, 'y': -6.164, 'r': 0.4, 'type': 1}, {'idp': 132, 'x': 6.549, 'y': -1.097, 'r': 0.4, 'type': 1}, {'idp': 133, 'x': 7.183, 'y': -2.2, 'r': 0.4, 'type': 1}]
29391,1398693931.4936905,[{'idp': 127, 'x': 9.006, 'y': -3.503, 'r': 0.4, 'type': 1}, {'idp': 131, 'x': 2.376, 'y': -6.151, 'r': 0.4, 'type': 1}, {'idp': 132, 'x': 6.579, 'y': -1.116, 'r': 0.4, 'type': 1}, {'idp': 133, 'x': 7.207, 'y': -2.221, 'r': 0.4, 'type': 1}]
29392,1398693931.5337255,[{'idp': 127, 'x': 9.006, 'y': -3.503, 'r': 0.4, 'type': 1}, {'idp': 131, 'x': 2.365, 'y': -6.164, 'r': 0.4, 'type': 1}, {'idp': 132, 'x': 6.635, 'y': -1.14, 'r': 0.4, 'type': 1}, {'idp': 133, 'x': 7.237, 'y': -2.203, 'r': 0.4, 'type': 1}]
29393,1398693931.5337539,[{'idp': 127, 'x': 9.006, 'y': -3.503, 'r': 0.4, 'type': 1}, {'idp': 131, 'x': 2.354, 'y': -6.176, 'r': 0.4, 'type': 1}, {'idp': 132, 'x': 6.683, 'y': -1.133, 'r': 0.4, 'type': 1}, {'idp': 133, 'x': 7.216, 'y': -2.159, 'r': 0.4, 'type': 1}]
29394,1398693931.5736575,[{'idp': 127, 'x': 9.006, 'y': -3.503, 'r': 0.4, 'type': 1}, {'idp': 131, 'x': 2.361, 'y': -6.154, 'r': 0.4, 'type': 1}, {'idp': 132, 'x': 6.671, 'y': -1.176, 'r': 0.4, 'type': 1}, {'idp': 133, 'x': 7.219, 'y': -2.173, 'r': 0.4, 'type': 1}]
29395,1398693931.5748072,[{'idp': 127, 'x': 9.006, 'y': -3.503, 'r': 0.4, 'type': 1}, {'idp': 131, 'x': 2.363, 'y': -6.158, 'r': 0.4, 'type': 1}, {'idp': 132, 'x': 6.709, 'y': -1.137, 'r': 0.4, 'type': 1}, {'idp': 133, 'x': 7.266, 'y': -2.118, 'r': 0.4, 'type': 1}]
29396,1398693931.6136725,[{'idp': 127, 'x': 9.006, 'y': -3.503, 'r': 0.4, 'type': 1}, {'idp': 131, 'x': 2.358, 'y': -6.144, 'r': 0.4, 'type': 1}, {'idp': 132, 'x': 6.702, 'y': -1.18, 'r': 0.4, 'type': 1}, {'idp': 133, 'x': 7.304, 'y': -2.164, 'r': 0.4, 'type': 1}]
29397,1398693931.6537342,[{'idp': 127, 'x': 9.006, 'y': -3.503, 'r': 0.4, 'type': 1}, {'idp': 131, 'x': 2.331, 'y': -6.155, 'r': 0.4, 'type': 1}, {'idp': 132, 'x': 6.759, 'y': -1.175, 'r': 0.4, 'type': 1}, {'idp': 133, 'x': 7.305, 'y': -2.182, 'r': 0.4, 'type': 1}]
29398,1398693931.6537638,[{'idp': 127, 'x': 9.006, 'y': -3.503, 'r': 0.4, 'type': 1}, {'idp': 131, 'x': 2.313, 'y': -6.148, 'r': 0.4, 'type': 1}, {'idp': 132, 'x': 6.72, 'y': -1.213, 'r': 0.4, 'type': 1}, {'idp': 133, 'x': 7.323, 'y': -2.188, 'r': 0.4, 'type': 1}]
29399,1398693931.6936889,[{'idp': 127, 'x': 9.006, 'y': -3.503, 'r': 0.4, 'type': 1}, {'idp': 131, 'x': 2.306, 'y': -6.13, 'r': 0.4, 'type': 1}, {'idp': 132, 'x': 6.714, 'y': -1.198, 'r': 0.4, 'type': 1}, {'idp': 133, 'x': 7.283, 'y': -2.107, 'r': 0.4, 'type': 1}]
29400,1398693931.69948,[{'idp': 127, 'x': 9.006, 'y': -3.503, 'r': 0.4, 'type': 1}, {'idp': 131, 'x': 2.326, 'y': -6.141, 'r': 0.4, 'type': 1}, {'idp': 132, 'x': 6.669, 'y': -1.19, 'r': 0.4, 'type': 1}, {'idp': 133, 'x': 7.332, 'y': -2.103, 'r': 0.4, 'type': 1}]
29401,1398693931.7376835,[{'idp': 127, 'x': 9.006, 'y': -3.503, 'r': 0.4, 'type': 1}, {'idp': 131, 'x': 2.314, 'y': -6.15, 'r': 0.4, 'type': 1}, {'idp': 132, 'x': 6.665, 'y': -1.19, 'r': 0.4, 'type': 1}, {'idp': 133, 'x': 7.32, 'y': -2.1, 'r': 0.4, 'type': 1}]
29402,1398693931.7776868,[{'idp': 127, 'x': 9.006, 'y': -3.503, 'r': 0.4, 'type': 1}, {'idp': 131, 'x': 2.295, 'y': -6.14, 'r': 0.4, 'type': 1}, {'idp': 132, 'x': 6.725, 'y': -1.2, 'r': 0.4, 'type': 1}, {'idp': 133, 'x': 7.387, 'y': -2.172, 'r': 0.4, 'type': 1}]
29403,1398693931.7777133,[{'idp': 127, 'x': 9.006, 'y': -3.503, 'r': 0.4, 'type': 1}, {'idp': 131, 'x': 2.262, 'y': -6.134, 'r': 0.4, 'type': 1}, {'idp': 132, 'x': 6.736, 'y': -1.217, 'r': 0.4, 'type': 1}, {'idp': 133, 'x': 7.324, 'y': -2.119, 'r': 0.4, 'type': 1}]
29404,1398693931.8178082,[{'idp': 127, 'x': 9.006, 'y': -3.503, 'r': 0.4, 'type': 1}, {'idp': 131, 'x': 2.257, 'y': -6.119, 'r': 0.4, 'type': 1}, {'idp': 132, 'x': 6.775, 'y': -1.224, 'r': 0.4, 'type': 1}, {'idp': 133, 'x': 7.35, 'y': -2.143, 'r': 0.4, 'type': 1}]
29405,1398693931.8242111,[{'idp': 127, 'x': 9.006, 'y': -3.503, 'r': 0.4, 'type': 1}, {'idp': 131, 'x': 2.257, 'y': -6.119, 'r': 0.4, 'type': 1}, {'idp': 132, 'x': 6.819, 'y': -1.232, 'r': 0.4, 'type': 1}, {'idp': 133, 'x': 7.321, 'y': -2.083, 'r': 0.4, 'type': 1}]
29406,1398693931.8616905,[{'idp': 127, 'x': 8.789, 'y': -1.9, 'r': 0.4, 'type': 1}, {'idp': 131, 'x': 2.267, 'y': -6.105, 'r': 0.4, 'type': 1}, {'idp': 132, 'x': 6.842, 'y': -1.205, 'r': 0.4, 'type': 1}, {'idp': 133, 'x': 7.41, 'y': -2.126, 'r': 0.4, 'type': 1}]
29407,1398693931.9017348,[{'idp': 127, 'x': 8.77, 'y': -1.785, 'r': 0.4, 'type': 1}, {'idp': 131, 'x': 2.276, 'y': -6.089, 'r': 0.4, 'type': 1}, {'idp': 132, 'x': 6.875, 'y': -1.195, 'r': 0.4, 'type': 1}, {'idp': 133, 'x': 7.353, 'y': -2.058, 'r': 0.4, 'type': 1}]
29408,1398693931.901757,[{'idp': 127, 'x': 8.711, 'y': -1.773, 'r': 0.4, 'type': 1}, {'idp': 131, 'x': 2.255, 'y': -6.113, 'r': 0.4, 'type': 1}, {'idp': 132, 'x': 6.896, 'y': -1.215, 'r': 0.4, 'type': 1}, {'idp': 133, 'x': 7.359, 'y': -2.06, 'r': 0.4, 'type': 1}]
29409,1398693931.9417462,[{'idp': 127, 'x': 8.846, 'y': -1.882, 'r': 0.4, 'type': 1}, {'idp': 131, 'x': 2.221, 'y': -6.104, 'r': 0.4, 'type': 1}, {'idp': 132, 'x': 6.859, 'y': -1.208, 'r': 0.4, 'type': 1}, {'idp': 133, 'x': 7.283, 'y': -2.106, 'r': 0.4, 'type': 1}]
29410,1398693931.9489572,[{'idp': 127, 'x': 8.778, 'y': -1.867, 'r': 0.4, 'type': 1}, {'idp': 131, 'x': 2.2, 'y': -6.129, 'r': 0.4, 'type': 1}, {'idp': 132, 'x': 6.837, 'y': -1.266, 'r': 0.4, 'type': 1}, {'idp': 133, 'x': 7.356, 'y': -2.145, 'r': 0.4, 'type': 1}]
29411,1398693931.9856784,[{'idp': 127, 'x': 8.778, 'y': -1.867, 'r': 0.4, 'type': 1}, {'idp': 131, 'x': 2.202, 'y': -6.135, 'r': 0.4, 'type': 1}, {'idp': 132, 'x': 6.944, 'y': -1.286, 'r': 0.4, 'type': 1}, {'idp': 133, 'x': 7.417, 'y': -2.128, 'r': 0.4, 'type': 1}]
29412,1398693932.025705,[{'idp': 127, 'x': 8.648, 'y': -1.8, 'r': 0.4, 'type': 1}, {'idp': 131, 'x': 2.2, 'y': -6.13, 'r': 0.4, 'type': 1}, {'idp': 132, 'x': 6.99, 'y': -1.264, 'r': 0.4, 'type': 1}, {'idp': 133, 'x': 7.424, 'y': -2.112, 'r': 0.4, 'type': 1}]
29413,1398693932.0257335,[{'idp': 127, 'x': 8.548, 'y': -1.759, 'r': 0.4, 'type': 1}, {'idp': 131, 'x': 2.2, 'y': -6.13, 'r': 0.4, 'type': 1}, {'idp': 132, 'x': 7.0, 'y': -1.266, 'r': 0.4, 'type': 1}, {'idp': 133, 'x': 7.484, 'y': -2.129, 'r': 0.4, 'type': 1}]
29414,1398693932.0657299,[{'idp': 127, 'x': 8.497, 'y': -1.729, 'r': 0.4, 'type': 1}, {'idp': 131, 'x': 2.197, 'y': -6.122, 'r': 0.4, 'type': 1}, {'idp': 132, 'x': 7.071, 'y': -1.279, 'r': 0.4, 'type': 1}, {'idp': 133, 'x': 7.464, 'y': -2.106, 'r': 0.4, 'type': 1}]
29415,1398693932.0734742,[{'idp': 127, 'x': 8.49, 'y': -1.747, 'r': 0.4, 'type': 1}, {'idp': 131, 'x': 2.17, 'y': -6.131, 'r': 0.4, 'type': 1}, {'idp': 132, 'x': 7.096, 'y': -1.284, 'r': 0.4, 'type': 1}, {'idp': 133, 'x': 7.482, 'y': -2.111, 'r': 0.4, 'type': 1}]
29416,1398693932.1096728,[{'idp': 127, 'x': 8.594, 'y': -1.808, 'r': 0.4, 'type': 1}, {'idp': 131, 'x': 2.168, 'y': -6.123, 'r': 0.4, 'type': 1}, {'idp': 132, 'x': 7.131, 'y': -1.307, 'r': 0.4, 'type': 1}, {'idp': 133, 'x': 7.525, 'y': -2.158, 'r': 0.4, 'type': 1}]
29417,1398693932.1496437,[{'idp': 127, 'x': 8.506, 'y': -1.769, 'r': 0.4, 'type': 1}, {'idp': 131, 'x': 2.145, 'y': -6.146, 'r': 0.4, 'type': 1}, {'idp': 132, 'x': 7.14, 'y': -1.308, 'r': 0.4, 'type': 1}, {'idp': 133, 'x': 7.541, 'y': -2.144, 'r': 0.4, 'type': 1}]
29418,1398693932.1496665,[{'idp': 127, 'x': 8.504, 'y': -1.769, 'r': 0.4, 'type': 1}, {'idp': 131, 'x': 2.147, 'y': -6.108, 'r': 0.4, 'type': 1}, {'idp': 132, 'x': 7.153, 'y': -1.311, 'r': 0.4, 'type': 1}, {'idp': 133, 'x': 7.551, 'y': -2.129, 'r': 0.4, 'type': 1}]
29419,1398693932.1896498,[{'idp': 127, 'x': 8.504, 'y': -1.769, 'r': 0.4, 'type': 1}, {'idp': 131, 'x': 2.139, 'y': -6.127, 'r': 0.4, 'type': 1}, {'idp': 132, 'x': 7.14, 'y': -1.293, 'r': 0.4, 'type': 1}, {'idp': 133, 'x': 7.619, 'y': -2.13, 'r': 0.4, 'type': 1}]
29420,1398693932.198006,[{'idp': 127, 'x': 8.504, 'y': -1.769, 'r': 0.4, 'type': 1}, {'idp': 131, 'x': 2.156, 'y': -6.089, 'r': 0.4, 'type': 1}, {'idp': 132, 'x': 7.094, 'y': -1.253, 'r': 0.4, 'type': 1}, {'idp': 133, 'x': 7.595, 'y': -2.141, 'r': 0.4, 'type': 1}]
29421,1398693932.2377112,[{'idp': 127, 'x': 8.839, 'y': -1.919, 'r': 0.4, 'type': 1}, {'idp': 131, 'x': 2.166, 'y': -6.119, 'r': 0.4, 'type': 1}, {'idp': 132, 'x': 6.952, 'y': -1.179, 'r': 0.4, 'type': 1}, {'idp': 133, 'x': 7.508, 'y': -2.135, 'r': 0.4, 'type': 1}]
29422,1398693932.2777314,[{'idp': 127, 'x': 8.839, 'y': -1.919, 'r': 0.4, 'type': 1}, {'idp': 131, 'x': 2.159, 'y': -6.098, 'r': 0.4, 'type': 1}, {'idp': 132, 'x': 6.931, 'y': -1.175, 'r': 0.4, 'type': 1}, {'idp': 133, 'x': 7.504, 'y': -2.152, 'r': 0.4, 'type': 1}]
29423,1398693932.2777653,[{'idp': 127, 'x': 8.839, 'y': -1.919, 'r': 0.4, 'type': 1}, {'idp': 131, 'x': 2.165, 'y': -6.115, 'r': 0.4, 'type': 1}, {'idp': 132, 'x': 6.943, 'y': -1.146, 'r': 0.4, 'type': 1}, {'idp': 133, 'x': 7.504, 'y': -2.099, 'r': 0.4, 'type': 1}]
29424,1398693932.3177876,[{'idp': 127, 'x': 8.906, 'y': -1.792, 'r': 0.4, 'type': 1}, {'idp': 131, 'x': 2.154, 'y': -6.086, 'r': 0.4, 'type': 1}, {'idp': 132, 'x': 6.959, 'y': -1.102, 'r': 0.4, 'type': 1}, {'idp': 133, 'x': 7.646, 'y': -2.119, 'r': 0.4, 'type': 1}]
29425,1398693932.323088,[{'idp': 127, 'x': 8.922, 'y': -1.815, 'r': 0.4, 'type': 1}, {'idp': 131, 'x': 2.135, 'y': -6.114, 'r': 0.4, 'type': 1}, {'idp': 132, 'x': 6.963, 'y': -1.134, 'r': 0.4, 'type': 1}, {'idp': 133, 'x': 7.667, 'y': -2.125, 'r': 0.4, 'type': 1}]
29426,1398693932.3617756,[{'idp': 127, 'x': 8.922, 'y': -1.815, 'r': 0.4, 'type': 1}, {'idp': 131, 'x': 2.108, 'y': -6.08, 'r': 0.4, 'type': 1}, {'idp': 132, 'x': 6.972, 'y': -1.167, 'r': 0.4, 'type': 1}, {'idp': 133, 'x': 7.677, 'y': -2.146, 'r': 0.4, 'type': 1}]
29427,1398693932.4016938,[{'idp': 127, 'x': 8.948, 'y': -1.821, 'r': 0.4, 'type': 1}, {'idp': 131, 'x': 2.102, 'y': -6.106, 'r': 0.4, 'type': 1}, {'idp': 132, 'x': 6.914, 'y': -1.142, 'r': 0.4, 'type': 1}, {'idp': 133, 'x': 7.603, 'y': -2.143, 'r': 0.4, 'type': 1}]
29428,1398693932.401722,[{'idp': 127, 'x': 8.967, 'y': -1.824, 'r': 0.4, 'type': 1}, {'idp': 131, 'x': 2.096, 'y': -6.09, 'r': 0.4, 'type': 1}, {'idp': 132, 'x': 6.914, 'y': -1.142, 'r': 0.4, 'type': 1}, {'idp': 133, 'x': 7.555, 'y': -2.13, 'r': 0.4, 'type': 1}]
29429,1398693932.4417202,[{'idp': 127, 'x': 8.963, 'y': -1.844, 'r': 0.4, 'type': 1}, {'idp': 131, 'x': 2.094, 'y': -6.084, 'r': 0.4, 'type': 1}, {'idp': 132, 'x': 6.914, 'y': -1.142, 'r': 0.4, 'type': 1}, {'idp': 133, 'x': 7.501, 'y': -2.133, 'r': 0.4, 'type': 1}]
29430,1398693932.4477048,[{'idp': 127, 'x': 8.941, 'y': -1.819, 'r': 0.4, 'type': 1}, {'idp': 131, 'x': 2.093, 'y': -6.079, 'r': 0.4, 'type': 1}, {'idp': 132, 'x': 7.12, 'y': -1.207, 'r': 0.4, 'type': 1}, {'idp': 133, 'x': 7.714, 'y': -2.121, 'r': 0.4, 'type': 1}]
29431,1398693932.4857423,[{'idp': 127, 'x': 8.898, 'y': -1.79, 'r': 0.4, 'type': 1}, {'idp': 131, 'x': 2.073, 'y': -6.109, 'r': 0.4, 'type': 1}, {'idp': 132, 'x': 7.276, 'y': -1.252, 'r': 0.4, 'type': 1}, {'idp': 133, 'x': 7.684, 'y': -2.13, 'r': 0.4, 'type': 1}]
29432,1398693932.5256991,[{'idp': 127, 'x': 8.886, 'y': -1.788, 'r': 0.4, 'type': 1}, {'idp': 131, 'x': 2.072, 'y': -6.105, 'r': 0.4, 'type': 1}, {'idp': 132, 'x': 7.342, 'y': -1.313, 'r': 0.4, 'type': 1}, {'idp': 133, 'x': 7.676, 'y': -2.128, 'r': 0.4, 'type': 1}]
29433,1398693932.5257332,[{'idp': 127, 'x': 8.886, 'y': -1.788, 'r': 0.4, 'type': 1}, {'idp': 131, 'x': 2.065, 'y': -6.086, 'r': 0.4, 'type': 1}, {'idp': 132, 'x': 7.419, 'y': -1.425, 'r': 0.4, 'type': 1}, {'idp': 133, 'x': 7.709, 'y': -2.137, 'r': 0.4, 'type': 1}]
29434,1398693932.5657184,[{'idp': 127, 'x': 8.869, 'y': -1.784, 'r': 0.4, 'type': 1}, {'idp': 131, 'x': 2.041, 'y': -6.057, 'r': 0.4, 'type': 1}, {'idp': 132, 'x': 7.465, 'y': -1.417, 'r': 0.4, 'type': 1}, {'idp': 133, 'x': 7.778, 'y': -2.156, 'r': 0.4, 'type': 1}]
29435,1398693932.5721817,[{'idp': 127, 'x': 8.869, 'y': -1.784, 'r': 0.4, 'type': 1}, {'idp': 131, 'x': 2.02, 'y': -6.08, 'r': 0.4, 'type': 1}, {'idp': 132, 'x': 7.417, 'y': -1.459, 'r': 0.4, 'type': 1}, {'idp': 133, 'x': 7.808, 'y': -2.182, 'r': 0.4, 'type': 1}]
29436,1398693932.6097393,[{'idp': 127, 'x': 8.884, 'y': -1.828, 'r': 0.4, 'type': 1}, {'idp': 131, 'x': 1.987, 'y': -6.073, 'r': 0.4, 'type': 1}, {'idp': 132, 'x': 7.402, 'y': -1.439, 'r': 0.4, 'type': 1}, {'idp': 133, 'x': 7.801, 'y': -2.217, 'r': 0.4, 'type': 1}]
29437,1398693932.6497123,[{'idp': 127, 'x': 8.867, 'y': -1.824, 'r': 0.4, 'type': 1}, {'idp': 131, 'x': 1.989, 'y': -6.077, 'r': 0.4, 'type': 1}, {'idp': 132, 'x': 7.47, 'y': -1.384, 'r': 0.4, 'type': 1}, {'idp': 133, 'x': 7.808, 'y': -2.22, 'r': 0.4, 'type': 1}]
29438,1398693932.649743,[{'idp': 127, 'x': 8.861, 'y': -1.783, 'r': 0.4, 'type': 1}, {'idp': 131, 'x': 1.984, 'y': -6.063, 'r': 0.4, 'type': 1}, {'idp': 132, 'x': 7.533, 'y': -1.378, 'r': 0.4, 'type': 1}, {'idp': 133, 'x': 7.851, 'y': -2.232, 'r': 0.4, 'type': 1}]
29439,1398693932.6897333,[{'idp': 127, 'x': 8.828, 'y': -1.756, 'r': 0.4, 'type': 1}, {'idp': 131, 'x': 2.015, 'y': -6.065, 'r': 0.4, 'type': 1}, {'idp': 132, 'x': 7.575, 'y': -1.369, 'r': 0.4, 'type': 1}, {'idp': 133, 'x': 7.858, 'y': -2.216, 'r': 0.4, 'type': 1}]
29440,1398693932.6973464,[{'idp': 127, 'x': 8.828, 'y': -1.756, 'r': 0.4, 'type': 1}, {'idp': 131, 'x': 2.01, 'y': -6.052, 'r': 0.4, 'type': 1}, {'idp': 132, 'x': 7.575, 'y': -1.403, 'r': 0.4, 'type': 1}, {'idp': 133, 'x': 7.909, 'y': -2.231, 'r': 0.4, 'type': 1}]
29441,1398693932.733768,[{'idp': 127, 'x': 8.828, 'y': -1.756, 'r': 0.4, 'type': 1}, {'idp': 131, 'x': 1.988, 'y': -6.076, 'r': 0.4, 'type': 1}, {'idp': 132, 'x': 7.584, 'y': -1.404, 'r': 0.4, 'type': 1}, {'idp': 133, 'x': 7.91, 'y': -2.25, 'r': 0.4, 'type': 1}]
29442,1398693932.7736483,[{'idp': 127, 'x': 8.798, 'y': -1.77, 'r': 0.4, 'type': 1}, {'idp': 131, 'x': 1.971, 'y': -6.068, 'r': 0.4, 'type': 1}, {'idp': 132, 'x': 7.627, 'y': -1.412, 'r': 0.4, 'type': 1}, {'idp': 133, 'x': 7.908, 'y': -2.269, 'r': 0.4, 'type': 1}]
29443,1398693932.773678,[{'idp': 127, 'x': 8.798, 'y': -1.77, 'r': 0.4, 'type': 1}, {'idp': 131, 'x': 1.956, 'y': -6.065, 'r': 0.4, 'type': 1}, {'idp': 132, 'x': 7.511, 'y': -1.424, 'r': 0.4, 'type': 1}, {'idp': 133, 'x': 7.924, 'y': -2.274, 'r': 0.4, 'type': 1}]
29444,1398693932.8137212,[{'idp': 127, 'x': 8.813, 'y': -1.773, 'r': 0.4, 'type': 1}, {'idp': 131, 'x': 1.953, 'y': -6.057, 'r': 0.4, 'type': 1}, {'idp': 132, 'x': 7.395, 'y': -1.387, 'r': 0.4, 'type': 1}, {'idp': 133, 'x': 7.884, 'y': -2.243, 'r': 0.4, 'type': 1}]
29445,1398693932.8222134,[{'idp': 127, 'x': 9.03, 'y': -1.879, 'r': 0.4, 'type': 1}, {'idp': 131, 'x': 1.94, 'y': -6.064, 'r': 0.4, 'type': 1}, {'idp': 132, 'x': 7.433, 'y': -1.411, 'r': 0.4, 'type': 1}, {'idp': 133, 'x': 7.914, 'y': -2.271, 'r': 0.4, 'type': 1}]
29446,1398693932.8617697,[{'idp': 127, 'x': 8.859, 'y': -1.843, 'r': 0.4, 'type': 1}, {'idp': 131, 'x': 1.93, 'y': -6.077, 'r': 0.4, 'type': 1}, {'idp': 132, 'x': 7.371, 'y': -1.433, 'r': 0.4, 'type': 1}, {'idp': 133, 'x': 7.806, 'y': -2.147, 'r': 0.4, 'type': 1}]
29447,1398693932.9017172,[{'idp': 127, 'x': 8.859, 'y': -1.843, 'r': 0.4, 'type': 1}, {'idp': 131, 'x': 1.935, 'y': -6.093, 'r': 0.4, 'type': 1}, {'idp': 132, 'x': 7.373, 'y': -1.367, 'r': 0.4, 'type': 1}, {'idp': 133, 'x': 7.836, 'y': -2.07, 'r': 0.4, 'type': 1}]
29448,1398693932.901746,[{'idp': 127, 'x': 8.859, 'y': -1.843, 'r': 0.4, 'type': 1}, {'idp': 131, 'x': 1.952, 'y': -6.054, 'r': 0.4, 'type': 1}, {'idp': 132, 'x': 7.177, 'y': -1.314, 'r': 0.4, 'type': 1}, {'idp': 133, 'x': 7.836, 'y': -2.07, 'r': 0.4, 'type': 1}]
29449,1398693932.9416983,[{'idp': 127, 'x': 8.859, 'y': -1.843, 'r': 0.4, 'type': 1}, {'idp': 131, 'x': 1.963, 'y': -6.043, 'r': 0.4, 'type': 1}, {'idp': 132, 'x': 7.038, 'y': -1.288, 'r': 0.4, 'type': 1}, {'idp': 133, 'x': 7.836, 'y': -2.07, 'r': 0.4, 'type': 1}]
29450,1398693932.9477017,[{'idp': 127, 'x': 8.859, 'y': -1.843, 'r': 0.4, 'type': 1}, {'idp': 131, 'x': 1.954, 'y': -6.062, 'r': 0.4, 'type': 1}, {'idp': 132, 'x': 7.336, 'y': -1.376, 'r': 0.4, 'type': 1}, {'idp': 133, 'x': 7.836, 'y': -2.07, 'r': 0.4, 'type': 1}]
29451,1398693932.9857364,[{'idp': 127, 'x': 8.488, 'y': -1.746, 'r': 0.4, 'type': 1}, {'idp': 131, 'x': 1.922, 'y': -6.053, 'r': 0.4, 'type': 1}, {'idp': 132, 'x': 7.505, 'y': -1.442, 'r': 0.4, 'type': 1}, {'idp': 133, 'x': 7.885, 'y': -2.076, 'r': 0.4, 'type': 1}]
29452,1398693933.0257568,[{'idp': 127, 'x': 8.488, 'y': -1.746, 'r': 0.4, 'type': 1}, {'idp': 131, 'x': 1.895, 'y': -6.056, 'r': 0.4, 'type': 1}, {'idp': 132, 'x': 7.736, 'y': -1.433, 'r': 0.4, 'type': 1}, {'idp': 133, 'x': 7.807, 'y': -2.147, 'r': 0.4, 'type': 1}]
29453,1398693933.0257916,[{'idp': 127, 'x': 8.488, 'y': -1.746, 'r': 0.4, 'type': 1}, {'idp': 131, 'x': 1.866, 'y': -6.058, 'r': 0.4, 'type': 1}, {'idp': 132, 'x': 7.759, 'y': -1.454, 'r': 0.4, 'type': 1}, {'idp': 133, 'x': 7.807, 'y': -2.147, 'r': 0.4, 'type': 1}]
29454,1398693933.065752,[{'idp': 127, 'x': 8.488, 'y': -1.746, 'r': 0.4, 'type': 1}, {'idp': 131, 'x': 1.857, 'y': -6.029, 'r': 0.4, 'type': 1}, {'idp': 132, 'x': 7.824, 'y': -1.45, 'r': 0.4, 'type': 1}, {'idp': 133, 'x': 7.881, 'y': -2.204, 'r': 0.4, 'type': 1}]
29455,1398693933.0726027,[{'idp': 127, 'x': 8.488, 'y': -1.746, 'r': 0.4, 'type': 1}, {'idp': 131, 'x': 1.863, 'y': -6.045, 'r': 0.4, 'type': 1}, {'idp': 132, 'x': 7.815, 'y': -1.466, 'r': 0.4, 'type': 1}, {'idp': 133, 'x': 7.949, 'y': -2.186, 'r': 0.4, 'type': 1}]
29456,1398693933.1097705,[{'idp': 127, 'x': 8.488, 'y': -1.746, 'r': 0.4, 'type': 1}, {'idp': 131, 'x': 1.896, 'y': -6.059, 'r': 0.4, 'type': 1}, {'idp': 132, 'x': 7.836, 'y': -1.364, 'r': 0.4, 'type': 1}, {'idp': 133, 'x': 7.941, 'y': -2.146, 'r': 0.4, 'type': 1}]
29457,1398693933.1496882,[{'idp': 127, 'x': 8.488, 'y': -1.746, 'r': 0.4, 'type': 1}, {'idp': 131, 'x': 1.889, 'y': -6.036, 'r': 0.4, 'type': 1}, {'idp': 132, 'x': 7.866, 'y': -1.465, 'r': 0.4, 'type': 1}, {'idp': 133, 'x': 8.133, 'y': -2.237, 'r': 0.4, 'type': 1}]
29458,1398693933.1497188,[{'idp': 127, 'x': 8.488, 'y': -1.746, 'r': 0.4, 'type': 1}, {'idp': 131, 'x': 1.858, 'y': -6.03, 'r': 0.4, 'type': 1}, {'idp': 132, 'x': 7.873, 'y': -1.477, 'r': 0.4, 'type': 1}, {'idp': 133, 'x': 8.125, 'y': -2.273, 'r': 0.4, 'type': 1}]
29459,1398693933.189681,[{'idp': 127, 'x': 8.488, 'y': -1.746, 'r': 0.4, 'type': 1}, {'idp': 131, 'x': 1.837, 'y': -6.056, 'r': 0.4, 'type': 1}, {'idp': 132, 'x': 7.893, 'y': -1.5, 'r': 0.4, 'type': 1}, {'idp': 133, 'x': 8.185, 'y': -2.29, 'r': 0.4, 'type': 1}]
29460,1398693933.1973357,[{'idp': 127, 'x': 8.488, 'y': -1.746, 'r': 0.4, 'type': 1}, {'idp': 131, 'x': 1.826, 'y': -6.021, 'r': 0.4, 'type': 1}, {'idp': 132, 'x': 7.932, 'y': -1.534, 'r': 0.4, 'type': 1}, {'idp': 133, 'x': 8.256, 'y': -2.367, 'r': 0.4, 'type': 1}]
29461,1398693933.2336864,[{'idp': 127, 'x': 8.187, 'y': -1.74, 'r': 0.4, 'type': 1}, {'idp': 131, 'x': 1.857, 'y': -6.027, 'r': 0.4, 'type': 1}, {'idp': 132, 'x': 7.953, 'y': -1.506, 'r': 0.4, 'type': 1}, {'idp': 133, 'x': 8.247, 'y': -2.365, 'r': 0.4, 'type': 1}]
29462,1398693933.2737103,[{'idp': 127, 'x': 8.187, 'y': -1.74, 'r': 0.4, 'type': 1}, {'idp': 131, 'x': 1.854, 'y': -6.017, 'r': 0.4, 'type': 1}, {'idp': 132, 'x': 7.818, 'y': -1.361, 'r': 0.4, 'type': 1}, {'idp': 133, 'x': 8.247, 'y': -2.365, 'r': 0.4, 'type': 1}]
29463,1398693933.2737386,[{'idp': 127, 'x': 7.997, 'y': -1.754, 'r': 0.4, 'type': 1}, {'idp': 131, 'x': 1.836, 'y': -6.052, 'r': 0.4, 'type': 1}, {'idp': 132, 'x': 8.006, 'y': -1.507, 'r': 0.4, 'type': 1}, {'idp': 133, 'x': 8.247, 'y': -2.365, 'r': 0.4, 'type': 1}]
29464,1398693933.3136454,[{'idp': 127, 'x': 7.756, 'y': -1.88, 'r': 0.4, 'type': 1}, {'idp': 131, 'x': 1.824, 'y': -6.014, 'r': 0.4, 'type': 1}, {'idp': 132, 'x': 7.854, 'y': -1.633, 'r': 0.4, 'type': 1}, {'idp': 133, 'x': 8.247, 'y': -2.365, 'r': 0.4, 'type': 1}]
29465,1398693933.322092,[{'idp': 127, 'x': 7.65, 'y': -1.942, 'r': 0.4, 'type': 1}, {'idp': 131, 'x': 1.824, 'y': -6.012, 'r': 0.4, 'type': 1}, {'idp': 132, 'x': 7.718, 'y': -1.871, 'r': 0.4, 'type': 1}, {'idp': 133, 'x': 8.247, 'y': -2.365, 'r': 0.4, 'type': 1}]
29466,1398693933.3616877,[{'idp': 127, 'x': 7.599, 'y': -2.017, 'r': 0.4, 'type': 1}, {'idp': 131, 'x': 1.8, 'y': -6.029, 'r': 0.4, 'type': 1}, {'idp': 132, 'x': 7.624, 'y': -1.97, 'r': 0.4, 'type': 1}, {'idp': 133, 'x': 8.247, 'y': -2.365, 'r': 0.4, 'type': 1}]
29467,1398693933.4017065,[{'idp': 127, 'x': 7.78, 'y': -1.904, 'r': 0.4, 'type': 1}, {'idp': 131, 'x': 1.802, 'y': -6.036, 'r': 0.4, 'type': 1}, {'idp': 132, 'x': 7.78, 'y': -1.904, 'r': 0.4, 'type': 1}, {'idp': 133, 'x': 8.247, 'y': -2.365, 'r': 0.4, 'type': 1}]
29468,1398693933.4017348,[{'idp': 127, 'x': 7.78, 'y': -1.904, 'r': 0.4, 'type': 1}, {'idp': 131, 'x': 1.773, 'y': -6.035, 'r': 0.4, 'type': 1}, {'idp': 132, 'x': 7.78, 'y': -1.904, 'r': 0.4, 'type': 1}, {'idp': 133, 'x': 8.247, 'y': -2.365, 'r': 0.4, 'type': 1}]
29469,1398693933.4417298,[{'idp': 127, 'x': 7.78, 'y': -1.904, 'r': 0.4, 'type': 1}, {'idp': 131, 'x': 1.737, 'y': -6.007, 'r': 0.4, 'type': 1}, {'idp': 132, 'x': 7.78, 'y': -1.904, 'r': 0.4, 'type': 1}, {'idp': 133, 'x': 8.147, 'y': -2.375, 'r': 0.4, 'type': 1}]
29470,1398693933.4579244,[{'idp': 127, 'x': 7.78, 'y': -1.904, 'r': 0.4, 'type': 1}, {'idp': 131, 'x': 1.738, 'y': -6.011, 'r': 0.4, 'type': 1}, {'idp': 132, 'x': 7.78, 'y': -1.904, 'r': 0.4, 'type': 1}, {'idp': 133, 'x': 8.159, 'y': -2.417, 'r': 0.4, 'type': 1}]
29471,1398693933.4976993,[{'idp': 127, 'x': 7.78, 'y': -1.904, 'r': 0.4, 'type': 1}, {'idp': 131, 'x': 1.72, 'y': -5.998, 'r': 0.4, 'type': 1}, {'idp': 132, 'x': 7.78, 'y': -1.904, 'r': 0.4, 'type': 1}, {'idp': 133, 'x': 8.07, 'y': -2.779, 'r': 0.4, 'type': 1}]
29472,1398693933.4977274,[{'idp': 127, 'x': 7.78, 'y': -1.904, 'r': 0.4, 'type': 1}, {'idp': 131, 'x': 1.729, 'y': -5.98, 'r': 0.4, 'type': 1}, {'idp': 132, 'x': 7.78, 'y': -1.904, 'r': 0.4, 'type': 1}, {'idp': 133, 'x': 8.07, 'y': -2.779, 'r': 0.4, 'type': 1}]
29473,1398693933.5377307,[{'idp': 131, 'x': 1.761, 'y': -5.993, 'r': 0.4, 'type': 1}]
29474,1398693933.5466855,[{'idp': 131, 'x': 1.754, 'y': -5.971, 'r': 0.4, 'type': 1}]
29475,1398693933.585729,[{'idp': 131, 'x': 1.732, 'y': -5.992, 'r': 0.4, 'type': 1}]
29476,1398693933.62572,[{'idp': 131, 'x': 1.707, 'y': -6.001, 'r': 0.4, 'type': 1}]
29477,1398693933.625752,[{'idp': 131, 'x': 1.678, 'y': -6.0, 'r': 0.4, 'type': 1}]
29478,1398693933.6657486,[{'idp': 131, 'x': 1.681, 'y': -6.01, 'r': 0.4, 'type': 1}]
29479,1398693933.6739361,[{'idp': 131, 'x': 1.682, 'y': -6.014, 'r': 0.4, 'type': 1}]
29480,1398693933.7137218,[{'idp': 131, 'x': 1.685, 'y': -6.025, 'r': 0.4, 'type': 1}]
29481,1398693933.7536933,[{'idp': 131, 'x': 1.707, 'y': -6.004, 'r': 0.4, 'type': 1}]
29482,1398693933.753725,[{'idp': 131, 'x': 1.706, 'y': -6.0, 'r': 0.4, 'type': 1}]
29483,1398693933.7936802,[{'idp': 131, 'x': 1.699, 'y': -5.974, 'r': 0.4, 'type': 1}]
29484,1398693933.7962246,[{'idp': 131, 'x': 1.656, 'y': -6.023, 'r': 0.4, 'type': 1}]
29485,1398693933.8337073,[{'idp': 131, 'x': 1.619, 'y': -5.992, 'r': 0.4, 'type': 1}]
29486,1398693933.87368,[{'idp': 131, 'x': 1.595, 'y': -6.007, 'r': 0.4, 'type': 1}]
29487,1398693933.8737097,[{'idp': 131, 'x': 1.604, 'y': -5.987, 'r': 0.4, 'type': 1}]
29488,1398693933.9138057,[{'idp': 131, 'x': 1.605, 'y': -5.989, 'r': 0.4, 'type': 1}]
29489,1398693933.9210725,[{'idp': 131, 'x': 1.591, 'y': -5.991, 'r': 0.4, 'type': 1}]
29490,1398693933.9577174,[{'idp': 131, 'x': 1.591, 'y': -5.992, 'r': 0.4, 'type': 1}]
29491,1398693933.997709,[{'idp': 131, 'x': 1.567, 'y': -6.004, 'r': 0.4, 'type': 1}]
29492,1398693933.997741,[{'idp': 131, 'x': 1.561, 'y': -5.983, 'r': 0.4, 'type': 1}]
29493,1398693934.037748,[{'idp': 131, 'x': 1.559, 'y': -5.975, 'r': 0.4, 'type': 1}]
29494,1398693934.0453203,[{'idp': 131, 'x': 1.565, 'y': -5.996, 'r': 0.4, 'type': 1}]
29495,1398693934.0817611,[{'idp': 131, 'x': 1.559, 'y': -5.975, 'r': 0.4, 'type': 1}]
29496,1398693934.1217103,[{'idp': 131, 'x': 1.534, 'y': -5.985, 'r': 0.4, 'type': 1}]
29497,1398693934.161661,[{'idp': 131, 'x': 1.532, 'y': -5.979, 'r': 0.4, 'type': 1}]
29498,1398693934.1616807,[{'idp': 131, 'x': 1.531, 'y': -5.974, 'r': 0.4, 'type': 1}]
29499,1398693934.2016618,[{'idp': 131, 'x': 1.507, 'y': -5.99, 'r': 0.4, 'type': 1}]
29500,1398693934.2016785,[{'idp': 131, 'x': 1.484, 'y': -6.006, 'r': 0.4, 'type': 1}]
29501,1398693934.2416933,[{'idp': 131, 'x': 1.485, 'y': -6.014, 'r': 0.4, 'type': 1}]
29502,1398693934.2447393,[{'idp': 131, 'x': 1.451, 'y': -5.984, 'r': 0.4, 'type': 1}]
29503,1398693934.2816944,[{'idp': 131, 'x': 1.457, 'y': -6.013, 'r': 0.4, 'type': 1}]
29504,1398693934.3217156,[{'idp': 131, 'x': 1.456, 'y': -6.009, 'r': 0.4, 'type': 1}]
29505,1398693934.321747,[{'idp': 131, 'x': 1.435, 'y': -5.976, 'r': 0.4, 'type': 1}]
29506,1398693934.361844,[{'idp': 131, 'x': 1.41, 'y': -5.99, 'r': 0.4, 'type': 1}]
29507,1398693934.3692882,[{'idp': 131, 'x': 1.383, 'y': -5.99, 'r': 0.4, 'type': 1}]
29508,1398693934.4057152,[{'idp': 131, 'x': 1.376, 'y': -6.02, 'r': 0.4, 'type': 1}]
29509,1398693934.4456768,[{'idp': 131, 'x': 1.37, 'y': -5.993, 'r': 0.4, 'type': 1}]
29510,1398693934.4457076,[{'idp': 131, 'x': 1.348, 'y': -6.019, 'r': 0.4, 'type': 1}]
29511,1398693934.485691,[{'idp': 131, 'x': 1.397, 'y': -5.99, 'r': 0.4, 'type': 1}]
29512,1398693934.493648,[{'idp': 131, 'x': 1.397, 'y': -5.991, 'r': 0.4, 'type': 1}]
29513,1398693934.5336738,[{'idp': 131, 'x': 1.391, 'y': -6.029, 'r': 0.4, 'type': 1}]
29514,1398693934.5737646,[{'idp': 131, 'x': 1.351, 'y': -6.032, 'r': 0.4, 'type': 1}]
29515,1398693934.5738013,[{'idp': 131, 'x': 1.317, 'y': -6.07, 'r': 0.4, 'type': 1}]
29516,1398693934.6136975,[{'idp': 131, 'x': 1.297, 'y': -6.037, 'r': 0.4, 'type': 1}]
29517,1398693934.6177177,[{'idp': 131, 'x': 1.299, 'y': -6.05, 'r': 0.4, 'type': 1}]
29518,1398693934.657711,[{'idp': 131, 'x': 1.326, 'y': -6.046, 'r': 0.4, 'type': 1}]
29519,1398693934.6977017,[{'idp': 131, 'x': 1.299, 'y': -6.046, 'r': 0.4, 'type': 1}]
29520,1398693934.6977332,[{'idp': 131, 'x': 1.297, 'y': -6.037, 'r': 0.4, 'type': 1}]
29521,1398693934.7377813,[{'idp': 131, 'x': 1.277, 'y': -6.011, 'r': 0.4, 'type': 1}]
29522,1398693934.742202,[{'idp': 131, 'x': 1.294, 'y': -6.026, 'r': 0.4, 'type': 1}]
29523,1398693934.7816823,[{'idp': 131, 'x': 1.277, 'y': -6.009, 'r': 0.4, 'type': 1}]
29524,1398693934.8216782,[{'idp': 131, 'x': 1.283, 'y': -6.039, 'r': 0.4, 'type': 1}]
29525,1398693934.8217118,[{'idp': 131, 'x': 1.281, 'y': -6.028, 'r': 0.4, 'type': 1}]
29526,1398693934.8617265,[{'idp': 131, 'x': 1.263, 'y': -6.009, 'r': 0.4, 'type': 1}]
29527,1398693934.8671126,[{'idp': 131, 'x': 1.253, 'y': -6.026, 'r': 0.4, 'type': 1}]
29528,1398693934.9057376,[{'idp': 131, 'x': 1.24, 'y': -6.027, 'r': 0.4, 'type': 1}]
29529,1398693934.9456902,[{'idp': 131, 'x': 1.226, 'y': -6.027, 'r': 0.4, 'type': 1}]
29530,1398693934.9457245,[{'idp': 131, 'x': 1.218, 'y': -5.989, 'r': 0.4, 'type': 1}]
29531,1398693934.985694,[{'idp': 131, 'x': 1.201, 'y': -6.04, 'r': 0.4, 'type': 1}]
29532,1398693934.9913673,[{'idp': 131, 'x': 1.203, 'y': -6.049, 'r': 0.4, 'type': 1}]
29533,1398693935.0297525,[{'idp': 131, 'x': 1.183, 'y': -6.023, 'r': 0.4, 'type': 1}]
29534,1398693935.0696964,[{'idp': 131, 'x': 1.189, 'y': -6.049, 'r': 0.4, 'type': 1}]
29535,1398693935.0697312,[{'idp': 131, 'x': 1.186, 'y': -6.036, 'r': 0.4, 'type': 1}]
29536,1398693935.10979,[{'idp': 131, 'x': 1.186, 'y': -6.035, 'r': 0.4, 'type': 1}]
29537,1398693935.1162527,[{'idp': 131, 'x': 1.198, 'y': -6.027, 'r': 0.4, 'type': 1}]
29538,1398693935.1537054,[{'idp': 131, 'x': 1.197, 'y': -6.022, 'r': 0.4, 'type': 1}]
29539,1398693935.193704,[{'idp': 131, 'x': 1.195, 'y': -6.015, 'r': 0.4, 'type': 1}]
29540,1398693935.1937342,[{'idp': 131, 'x': 1.172, 'y': -6.036, 'r': 0.4, 'type': 1}]
29541,1398693935.2337306,[{'idp': 131, 'x': 1.184, 'y': -6.024, 'r': 0.4, 'type': 1}]
29542,1398693935.2405915,[{'idp': 131, 'x': 1.167, 'y': -6.01, 'r': 0.4, 'type': 1}]
29543,1398693935.2777014,[{'idp': 131, 'x': 1.155, 'y': -6.019, 'r': 0.4, 'type': 1}]
29544,1398693935.3176496,[{'idp': 131, 'x': 1.128, 'y': -6.019, 'r': 0.4, 'type': 1}]
29545,1398693935.3176703,[{'idp': 131, 'x': 1.117, 'y': -6.033, 'r': 0.4, 'type': 1}]
29546,1398693935.3577454,[{'idp': 131, 'x': 1.112, 'y': -6.006, 'r': 0.4, 'type': 1}]
29547,1398693935.3657625,[{'idp': 131, 'x': 1.1, 'y': -6.01, 'r': 0.4, 'type': 1}]
29548,1398693935.40573,[{'idp': 131, 'x': 1.081, 'y': -5.984, 'r': 0.4, 'type': 1}]
29549,1398693935.445696,[{'idp': 131, 'x': 1.069, 'y': -5.988, 'r': 0.4, 'type': 1}]
29550,1398693935.4457247,[{'idp': 131, 'x': 1.029, 'y': -5.992, 'r': 0.4, 'type': 1}]
29551,1398693935.485797,[{'idp': 131, 'x': 1.0, 'y': -5.977, 'r': 0.4, 'type': 1}]
29552,1398693935.490117,[{'idp': 131, 'x': 0.986, 'y': -5.973, 'r': 0.4, 'type': 1}]
29553,1398693935.5297291,[{'idp': 131, 'x': 0.995, 'y': -5.946, 'r': 0.4, 'type': 1}]
29554,1398693935.5697317,[{'idp': 131, 'x': 1.006, 'y': -5.931, 'r': 0.4, 'type': 1}]
29555,1398693935.5697718,[{'idp': 131, 'x': 1.0, 'y': -5.894, 'r': 0.4, 'type': 1}]
29556,1398693935.6097517,[{'idp': 131, 'x': 0.988, 'y': -5.899, 'r': 0.4, 'type': 1}]
29557,1398693935.6146188,[{'idp': 131, 'x': 0.983, 'y': -5.868, 'r': 0.4, 'type': 1}]
29558,1398693935.6536925,[{'idp': 131, 'x': 0.955, 'y': -5.859, 'r': 0.4, 'type': 1}]
29559,1398693935.6936831,[{'idp': 131, 'x': 0.924, 'y': -5.829, 'r': 0.4, 'type': 1}]
29560,1398693935.6937137,[{'idp': 131, 'x': 0.923, 'y': -5.823, 'r': 0.4, 'type': 1}]
29561,1398693935.7337534,[{'idp': 131, 'x': 0.911, 'y': -5.826, 'r': 0.4, 'type': 1}]
29562,1398693935.7391129,[{'idp': 131, 'x': 0.922, 'y': -5.811, 'r': 0.4, 'type': 1}]
29563,1398693935.7777464,[{'idp': 131, 'x': 0.916, 'y': -5.774, 'r': 0.4, 'type': 1}]
29564,1398693935.8177052,[{'idp': 131, 'x': 0.913, 'y': -5.755, 'r': 0.4, 'type': 1}]
29565,1398693935.8177385,[{'idp': 131, 'x': 0.903, 'y': -5.772, 'r': 0.4, 'type': 1}]
29566,1398693935.857713,[{'idp': 131, 'x': 0.877, 'y': -5.768, 'r': 0.4, 'type': 1}]
29567,1398693935.8641405,[{'idp': 131, 'x': 0.86, 'y': -5.743, 'r': 0.4, 'type': 1}]
29568,1398693935.9017022,[{'idp': 131, 'x': 0.831, 'y': -5.714, 'r': 0.4, 'type': 1}]
29569,1398693935.9416986,[{'idp': 131, 'x': 0.788, 'y': -5.686, 'r': 0.4, 'type': 1}]
29570,1398693935.9417338,[{'idp': 131, 'x': 0.829, 'y': -5.704, 'r': 0.4, 'type': 1}]
29571,1398693935.9817622,[{'idp': 131, 'x': 0.802, 'y': -5.69, 'r': 0.4, 'type': 1}]
29572,1398693935.98884,[{'idp': 131, 'x': 0.813, 'y': -5.679, 'r': 0.4, 'type': 1}]
29573,1398693936.02568,[{'idp': 131, 'x': 0.773, 'y': -5.664, 'r': 0.4, 'type': 1}]
29574,1398693936.0656788,[{'idp': 131, 'x': 0.786, 'y': -5.664, 'r': 0.4, 'type': 1}]
29575,1398693936.0657103,[{'idp': 131, 'x': 0.744, 'y': -5.637, 'r': 0.4, 'type': 1}]
29576,1398693936.1058295,[{'idp': 131, 'x': 0.759, 'y': -5.655, 'r': 0.4, 'type': 1}]
29577,1398693936.1135988,[{'idp': 131, 'x': 0.728, 'y': -5.615, 'r': 0.4, 'type': 1}]
29578,1398693936.1496532,[{'idp': 131, 'x': 0.716, 'y': -5.616, 'r': 0.4, 'type': 1}]
29579,1398693936.1896498,[{'idp': 131, 'x': 0.7, 'y': -5.592, 'r': 0.4, 'type': 1}]
29580,1398693936.1896656,[{'idp': 131, 'x': 0.684, 'y': -5.562, 'r': 0.4, 'type': 1}]
29581,1398693936.2297308,[{'idp': 131, 'x': 0.671, 'y': -5.558, 'r': 0.4, 'type': 1}]
29582,1398693936.238121,[{'idp': 131, 'x': 0.631, 'y': -5.532, 'r': 0.4, 'type': 1}]
29583,1398693936.277696,[{'idp': 131, 'x': 0.641, 'y': -5.512, 'r': 0.4, 'type': 1}]
29584,1398693936.3176665,[{'idp': 131, 'x': 0.617, 'y': -5.524, 'r': 0.4, 'type': 1}]
29585,1398693936.3176968,[{'idp': 131, 'x': 0.648, 'y': -5.479, 'r': 0.4, 'type': 1}]
29586,1398693936.3576968,[{'idp': 131, 'x': 0.645, 'y': -5.453, 'r': 0.4, 'type': 1}]
29587,1398693936.3626955,[{'idp': 131, 'x': 0.644, 'y': -5.447, 'r': 0.4, 'type': 1}]
29588,1398693936.40175,[{'idp': 131, 'x': 0.618, 'y': -5.427, 'r': 0.4, 'type': 1}]
29589,1398693936.4416595,[{'idp': 131, 'x': 0.602, 'y': -5.403, 'r': 0.4, 'type': 1}]
29590,1398693936.4416847,[{'idp': 131, 'x': 0.587, 'y': -5.391, 'r': 0.4, 'type': 1}]
29591,1398693936.4816868,[{'idp': 131, 'x': 0.597, 'y': -5.361, 'r': 0.4, 'type': 1}]
29592,1398693936.4875965,[{'idp': 131, 'x': 0.598, 'y': -5.344, 'r': 0.4, 'type': 1}]
29593,1398693936.5256593,[{'idp': 131, 'x': 0.608, 'y': -5.322, 'r': 0.4, 'type': 1}]
29594,1398693936.5657184,[{'idp': 131, 'x': 0.559, 'y': -5.345, 'r': 0.4, 'type': 1}]
29595,1398693936.6057074,[{'idp': 131, 'x': 0.558, 'y': -5.309, 'r': 0.4, 'type': 1}]
29596,1398693936.605737,[{'idp': 131, 'x': 0.556, 'y': -5.29, 'r': 0.4, 'type': 1}]
29597,1398693936.6456761,[{'idp': 131, 'x': 0.557, 'y': -5.295, 'r': 0.4, 'type': 1}]
29598,1398693936.6457062,[{'idp': 131, 'x': 0.539, 'y': -5.295, 'r': 0.4, 'type': 1}]
29599,1398693936.6856964,[{'idp': 131, 'x': 0.552, 'y': -5.247, 'r': 0.4, 'type': 1}]
29600,1398693936.6869676,[{'idp': 131, 'x': 0.526, 'y': -5.247, 'r': 0.4, 'type': 1}]
29601,1398693936.7257006,[{'idp': 131, 'x': 0.515, 'y': -5.232, 'r': 0.4, 'type': 1}]
29602,1398693936.765689,[{'idp': 131, 'x': 0.487, 'y': -5.226, 'r': 0.4, 'type': 1}]
29603,1398693936.7657228,[{'idp': 131, 'x': 0.485, 'y': -5.203, 'r': 0.4, 'type': 1}]
29604,1398693936.8058317,[{'idp': 131, 'x': 0.511, 'y': -5.182, 'r': 0.4, 'type': 1}]
29605,1398693936.8120034,[{'idp': 131, 'x': 0.509, 'y': -5.164, 'r': 0.4, 'type': 1}]
29606,1398693936.8497176,[{'idp': 131, 'x': 0.481, 'y': -5.15, 'r': 0.4, 'type': 1}]
29607,1398693936.889686,[{'idp': 131, 'x': 0.469, 'y': -5.133, 'r': 0.4, 'type': 1}]
29608,1398693936.8897238,[{'idp': 131, 'x': 0.49, 'y': -5.103, 'r': 0.4, 'type': 1}]
29609,1398693936.9297476,[{'idp': 131, 'x': 0.511, 'y': -5.068, 'r': 0.4, 'type': 1}]
29610,1398693936.936212,[{'idp': 131, 'x': 0.533, 'y': -5.057, 'r': 0.4, 'type': 1}]
29611,1398693936.9737062,[{'idp': 131, 'x': 0.541, 'y': -5.041, 'r': 0.4, 'type': 1}]
29612,1398693937.013704,[{'idp': 131, 'x': 0.548, 'y': -4.998, 'r': 0.4, 'type': 1}]
29613,1398693937.0137413,[{'idp': 131, 'x': 0.556, 'y': -4.964, 'r': 0.4, 'type': 1}]
29614,1398693937.0536845,[{'idp': 131, 'x': 0.543, 'y': -4.944, 'r': 0.4, 'type': 1}]
29615,1398693937.06197,[{'idp': 131, 'x': 0.551, 'y': -4.916, 'r': 0.4, 'type': 1}]
29616,1398693937.1017764,[{'idp': 131, 'x': 0.548, 'y': -4.885, 'r': 0.4, 'type': 1}]
29617,1398693937.1417053,[{'idp': 131, 'x': 0.536, 'y': -4.878, 'r': 0.4, 'type': 1}]
29618,1398693937.141735,[{'idp': 131, 'x': 0.522, 'y': -4.842, 'r': 0.4, 'type': 1}]
29619,1398693937.18179,[{'idp': 131, 'x': 0.508, 'y': -4.813, 'r': 0.4, 'type': 1}]
29620,1398693937.1856716,[{'idp': 131, 'x': 0.508, 'y': -4.813, 'r': 0.4, 'type': 1}]
29621,1398693937.225685,[{'idp': 131, 'x': 0.505, 'y': -4.788, 'r': 0.4, 'type': 1}]
29622,1398693937.2656548,[{'idp': 131, 'x': 0.504, 'y': -4.773, 'r': 0.4, 'type': 1}]
29623,1398693937.2657037,[{'idp': 131, 'x': 0.468, 'y': -4.722, 'r': 0.4, 'type': 1}]
29624,1398693937.3057747,[{'idp': 131, 'x': 0.456, 'y': -4.714, 'r': 0.4, 'type': 1}]
29625,1398693937.3102415,[{'idp': 131, 'x': 0.432, 'y': -4.681, 'r': 0.4, 'type': 1}]
29626,1398693937.3496814,[{'idp': 131, 'x': 0.432, 'y': -4.682, 'r': 0.4, 'type': 1}]
29627,1398693937.3897114,[{'idp': 131, 'x': 0.439, 'y': -4.651, 'r': 0.4, 'type': 1}]
29628,1398693937.3897417,[{'idp': 131, 'x': 0.448, 'y': -4.645, 'r': 0.4, 'type': 1}]
29629,1398693937.429753,[{'idp': 131, 'x': 0.445, 'y': -4.609, 'r': 0.4, 'type': 1}]
29630,1398693937.4350932,[{'idp': 131, 'x': 0.444, 'y': -4.601, 'r': 0.4, 'type': 1}]
29631,1398693937.4739058,[{'idp': 131, 'x': 0.433, 'y': -4.591, 'r': 0.4, 'type': 1}]
29632,1398693937.513661,[{'idp': 131, 'x': 0.41, 'y': -4.568, 'r': 0.4, 'type': 1}]
29633,1398693937.5136943,[{'idp': 131, 'x': 0.408, 'y': -4.546, 'r': 0.4, 'type': 1}]
29634,1398693937.5537152,[{'idp': 131, 'x': 0.407, 'y': -4.539, 'r': 0.4, 'type': 1}]
29635,1398693937.5599675,[{'idp': 131, 'x': 0.393, 'y': -4.501, 'r': 0.4, 'type': 1}]
29636,1398693937.5976708,[{'idp': 131, 'x': 0.383, 'y': -4.48, 'r': 0.4, 'type': 1}]
29637,1398693937.637735,[{'idp': 131, 'x': 0.369, 'y': -4.459, 'r': 0.4, 'type': 1}]
29638,1398693937.6377645,[{'idp': 131, 'x': 0.349, 'y': -4.457, 'r': 0.4, 'type': 1}]
29639,1398693937.6776845,[{'idp': 131, 'x': 0.356, 'y': -4.423, 'r': 0.4, 'type': 1}]
29640,1398693937.68424,[{'idp': 131, 'x': 0.373, 'y': -4.404, 'r': 0.4, 'type': 1}]
29641,1398693937.7217157,[{'idp': 131, 'x': 0.373, 'y': -4.383, 'r': 0.4, 'type': 1}]
29642,1398693937.7616923,[{'idp': 131, 'x': 0.373, 'y': -4.349, 'r': 0.4, 'type': 1}]
29643,1398693937.7617218,[{'idp': 131, 'x': 0.371, 'y': -4.35, 'r': 0.4, 'type': 1}]
29644,1398693937.8018055,[{'idp': 131, 'x': 0.347, 'y': -4.337, 'r': 0.4, 'type': 1}]
29645,1398693937.8091102,[{'idp': 131, 'x': 0.357, 'y': -4.309, 'r': 0.4, 'type': 1}]
29646,1398693937.845632,[{'idp': 131, 'x': 0.338, 'y': -4.311, 'r': 0.4, 'type': 1}]
29647,1398693937.8856437,[{'idp': 131, 'x': 0.336, 'y': -4.288, 'r': 0.4, 'type': 1}]
29648,1398693937.8856616,[{'idp': 131, 'x': 0.316, 'y': -4.273, 'r': 0.4, 'type': 1}]
29649,1398693937.9257317,[{'idp': 131, 'x': 0.315, 'y': -4.284, 'r': 0.4, 'type': 1}]
29650,1398693937.9337797,[{'idp': 131, 'x': 0.304, 'y': -4.266, 'r': 0.4, 'type': 1}]
29651,1398693937.973726,[{'idp': 131, 'x': 0.294, 'y': -4.243, 'r': 0.4, 'type': 1}]
29652,1398693938.0137126,[{'idp': 131, 'x': 0.295, 'y': -4.221, 'r': 0.4, 'type': 1}]
29653,1398693938.013745,[{'idp': 131, 'x': 0.282, 'y': -4.189, 'r': 0.4, 'type': 1}]
29654,1398693938.0537271,[{'idp': 131, 'x': 0.273, 'y': -4.191, 'r': 0.4, 'type': 1}]
29655,1398693938.0592072,[{'idp': 131, 'x': 0.272, 'y': -4.161, 'r': 0.4, 'type': 1}]
29656,1398693938.0976655,[{'idp': 131, 'x': 0.283, 'y': -4.166, 'r': 0.4, 'type': 1}]
29657,1398693938.1377437,[{'idp': 131, 'x': 0.28, 'y': -4.134, 'r': 0.4, 'type': 1}]
29658,1398693938.1378045,[{'idp': 131, 'x': 0.287, 'y': -4.108, 'r': 0.4, 'type': 1}]
29659,1398693938.1777377,[{'idp': 131, 'x': 0.286, 'y': -4.097, 'r': 0.4, 'type': 1}]
29660,1398693938.1830778,[{'idp': 131, 'x': 0.276, 'y': -4.074, 'r': 0.4, 'type': 1}]
29661,1398693938.2217054,[{'idp': 131, 'x': 0.266, 'y': -4.055, 'r': 0.4, 'type': 1}]
29662,1398693938.2617154,[{'idp': 131, 'x': 0.256, 'y': -4.027, 'r': 0.4, 'type': 1}]
29663,1398693938.2617457,[{'idp': 131, 'x': 0.255, 'y': -4.016, 'r': 0.4, 'type': 1}]
29664,1398693938.3016925,[{'idp': 131, 'x': 0.245, 'y': -3.983, 'r': 0.4, 'type': 1}]
29665,1398693938.3081,[{'idp': 131, 'x': 0.226, 'y': -3.96, 'r': 0.4, 'type': 1}]
29666,1398693938.3456805,[{'idp': 131, 'x': 0.217, 'y': -3.939, 'r': 0.4, 'type': 1}]
29667,1398693938.3856952,[{'idp': 131, 'x': 0.208, 'y': -3.933, 'r': 0.4, 'type': 1}]
29668,1398693938.3857274,[{'idp': 131, 'x': 0.207, 'y': -3.913, 'r': 0.4, 'type': 1}]
29669,1398693938.42565,[{'idp': 131, 'x': 0.206, 'y': -3.896, 'r': 0.4, 'type': 1}]
29670,1398693938.432634,[{'idp': 131, 'x': 0.186, 'y': -3.835, 'r': 0.4, 'type': 1}]
29671,1398693938.4697235,[{'idp': 131, 'x': 0.185, 'y': -3.814, 'r': 0.4, 'type': 1}]
29672,1398693938.509701,[{'idp': 131, 'x': 0.185, 'y': -3.799, 'r': 0.4, 'type': 1}]
29673,1398693938.5097299,[{'idp': 131, 'x': 0.166, 'y': -3.763, 'r': 0.4, 'type': 1}]
29674,1398693938.5497131,[{'idp': 131, 'x': 0.176, 'y': -3.775, 'r': 0.4, 'type': 1}]
29675,1398693938.565892,[{'idp': 131, 'x': 0.156, 'y': -3.728, 'r': 0.4, 'type': 1}]
29676,1398693938.6056626,[{'idp': 131, 'x': 0.148, 'y': -3.735, 'r': 0.4, 'type': 1}]
29677,1398693938.645661,[{'idp': 131, 'x': 0.158, 'y': -3.754, 'r': 0.4, 'type': 1}]
29678,1398693938.645696,[{'idp': 131, 'x': 0.139, 'y': -3.7, 'r': 0.4, 'type': 1}]
29679,1398693938.6856854,[{'idp': 131, 'x': 0.158, 'y': -3.739, 'r': 0.4, 'type': 1}]
29680,1398693938.6857145,[{'idp': 131, 'x': 0.139, 'y': -3.705, 'r': 0.4, 'type': 1}]
29681,1398693938.7256823,[{'idp': 131, 'x': 0.131, 'y': -3.687, 'r': 0.4, 'type': 1}]
29682,1398693938.731733,[{'idp': 131, 'x': 0.123, 'y': -3.689, 'r': 0.4, 'type': 1}]
29683,1398693938.769676,[{'idp': 131, 'x': 0.121, 'y': -3.659, 'r': 0.4, 'type': 1}]
29684,1398693938.8097682,[{'idp': 131, 'x': 0.112, 'y': -3.639, 'r': 0.4, 'type': 1}]
29685,1398693938.809805,[{'idp': 131, 'x': 0.112, 'y': -3.629, 'r': 0.4, 'type': 1}]
29686,1398693938.8497508,[{'idp': 131, 'x': 0.111, 'y': -3.609, 'r': 0.4, 'type': 1}]
29687,1398693938.8569684,[{'idp': 131, 'x': 0.11, 'y': -3.595, 'r': 0.4, 'type': 1}]
29688,1398693938.8937159,[{'idp': 131, 'x': 0.101, 'y': -3.555, 'r': 0.4, 'type': 1}]
29689,1398693938.9337525,[{'idp': 131, 'x': 0.115, 'y': -3.53, 'r': 0.4, 'type': 1}]
29690,1398693938.9338076,[{'idp': 131, 'x': 0.106, 'y': -3.491, 'r': 0.4, 'type': 1}]
29691,1398693938.9737077,[{'idp': 131, 'x': 0.098, 'y': -3.473, 'r': 0.4, 'type': 1}]
29692,1398693938.9812212,[{'idp': 131, 'x': 0.089, 'y': -3.437, 'r': 0.4, 'type': 1}]
29693,1398693939.0177286,[{'idp': 131, 'x': 0.089, 'y': -3.416, 'r': 0.4, 'type': 1}]
29694,1398693939.0577118,[{'idp': 131, 'x': 0.095, 'y': -3.378, 'r': 0.4, 'type': 1}]
29695,1398693939.0577462,[{'idp': 131, 'x': 0.087, 'y': -3.344, 'r': 0.4, 'type': 1}]
29696,1398693939.0976496,[{'idp': 131, 'x': 0.078, 'y': -3.288, 'r': 0.4, 'type': 1}]
29697,1398693939.106729,[{'idp': 131, 'x': 0.077, 'y': -3.26, 'r': 0.4, 'type': 1}]
29698,1398693939.145655,[{'idp': 131, 'x': 0.07, 'y': -3.218, 'r': 0.4, 'type': 1}]
29699,1398693939.1857238,[{'idp': 131, 'x': 0.063, 'y': -3.198, 'r': 0.4, 'type': 1}]
29700,1398693939.1857572,[{'idp': 131, 'x': 0.062, 'y': -3.176, 'r': 0.4, 'type': 1}]
29701,1398693939.2256963,[{'idp': 131, 'x': 0.049, 'y': -3.173, 'r': 0.4, 'type': 1}]
29702,1398693939.2303872,[{'idp': 131, 'x': 0.041, 'y': -3.144, 'r': 0.4, 'type': 1}]
29703,1398693939.2696984,[{'idp': 131, 'x': 0.034, 'y': -3.115, 'r': 0.4, 'type': 1}]
29704,1398693939.3097146,[{'idp': 131, 'x': 0.027, 'y': -3.117, 'r': 0.4, 'type': 1}]
29705,1398693939.3097563,[{'idp': 131, 'x': 0.027, 'y': -3.133, 'r': 0.4, 'type': 1}]
29706,1398693939.3497493,[{'idp': 131, 'x': 0.027, 'y': -3.104, 'r': 0.4, 'type': 1}]
29707,1398693939.3554864,[{'idp': 131, 'x': 0.02, 'y': -3.107, 'r': 0.4, 'type': 1}]
29708,1398693939.3936884,[{'idp': 131, 'x': 0.013, 'y': -3.075, 'r': 0.4, 'type': 1}]
29709,1398693939.4336987,[{'idp': 131, 'x': 0.007, 'y': -3.105, 'r': 0.4, 'type': 1}]
29710,1398693939.4337335,[{'idp': 131, 'x': -0.0, 'y': -3.111, 'r': 0.4, 'type': 1}]
29711,1398693939.4738333,[{'idp': 131, 'x': -0.0, 'y': -3.093, 'r': 0.4, 'type': 1}]
29712,1398693939.4805691,[{'idp': 131, 'x': -0.0, 'y': -3.085, 'r': 0.4, 'type': 1}]
29713,1398693939.5176885,[{'idp': 131, 'x': -0.0, 'y': -3.046, 'r': 0.4, 'type': 1}]
29714,1398693939.5576687,[{'idp': 131, 'x': -0.0, 'y': -3.046, 'r': 0.4, 'type': 1}]
29715,1398693939.5577016,[{'idp': 131, 'x': -0.0, 'y': -3.046, 'r': 0.4, 'type': 1}]
29716,1398693939.5977108,[{'idp': 131, 'x': -0.0, 'y': -3.046, 'r': 0.4, 'type': 1}]
29717,1398693939.604941,[{'idp': 131, 'x': -0.0, 'y': -3.046, 'r': 0.4, 'type': 1}]
29718,1398693939.6416872,[{'idp': 131, 'x': -0.0, 'y': -3.046, 'r': 0.4, 'type': 1}]
29719,1398693939.6817365,[{'idp': 131, 'x': -0.0, 'y': -3.046, 'r': 0.4, 'type': 1}]
29720,1398693939.681794,[{'idp': 131, 'x': -0.0, 'y': -3.046, 'r': 0.4, 'type': 1}]
29721,1398693939.7217243,[]
29722,1398693939.7289414,[]
29723,1398693939.7656891,[]
29724,1398693939.805713,[]
29725,1398693939.8057451,[]
29726,1398693939.8456933,[]
29727,1398693939.853679,[]
29728,1398693939.8936753,[]
29729,1398693939.9337156,[]
29730,1398693939.9337451,[]
29731,1398693939.9737737,[]
29732,1398693939.9783616,[]
29733,1398693940.0177467,[]
29734,1398693940.0576534,[]
29735,1398693940.0577047,[]
29736,1398693940.097738,[]
29737,1398693940.103604,[]
29738,1398693940.1416757,[]
29739,1398693940.1816666,[]
29740,1398693940.181684,[]
29741,1398693940.2216444,[]
29742,1398693940.22757,[]
29743,1398693940.2656407,[]
29744,1398693940.3057518,[]
29745,1398693940.3057806,[]
29746,1398693940.3456788,[]
29747,1398693940.352493,[]
29748,1398693940.3896863,[]
29749,1398693940.4296618,[]
29750,1398693940.4296987,[]
29751,1398693940.4697404,[]
29752,1398693940.4778476,[]
29753,1398693940.5176673,[]
29754,1398693940.5576696,[]
29755,1398693940.5577023,[]
29756,1398693940.5977473,[]
29757,1398693940.6022522,[]
29758,1398693940.6416585,[]
29759,1398693940.6816647,[]
29760,1398693940.6816976,[]
29761,1398693940.7217164,[]
29762,1398693940.7263346,[]
29763,1398693940.7656374,[]
29764,1398693940.805824,[]
29765,1398693940.8058615,[]
29766,1398693940.8457243,[]
29767,1398693940.851085,[]
29768,1398693940.889694,[]
29769,1398693940.9296377,[]
29770,1398693940.9296703,[]
29771,1398693940.9696984,[]
29772,1398693940.976745,[]
29773,1398693941.0137048,[]
29774,1398693941.0536299,[]
29775,1398693941.053663,[]
29776,1398693941.0936131,[]
29777,1398693941.1002262,[]
29778,1398693941.1376579,[]
29779,1398693941.177724,[]
29780,1398693941.17775,[{'idp': 134, 'x': 4.739, 'y': -1.315, 'r': 0.4, 'type': 1}, {'idp': 135, 'x': 4.238, 'y': -0.564, 'r': 0.4, 'type': 1}]
29781,1398693941.217728,[{'idp': 134, 'x': 4.592, 'y': -1.196, 'r': 0.4, 'type': 1}, {'idp': 135, 'x': 4.276, 'y': -0.634, 'r': 0.4, 'type': 1}]
29782,1398693941.229838,[{'idp': 134, 'x': 4.539, 'y': -1.142, 'r': 0.4, 'type': 1}, {'idp': 135, 'x': 4.26, 'y': -0.651, 'r': 0.4, 'type': 1}]
29783,1398693941.2697518,[{'idp': 134, 'x': 4.483, 'y': -1.102, 'r': 0.4, 'type': 1}, {'idp': 135, 'x': 4.224, 'y': -0.646, 'r': 0.4, 'type': 1}]
29784,1398693941.3097599,[{'idp': 134, 'x': 4.444, 'y': -1.083, 'r': 0.4, 'type': 1}, {'idp': 135, 'x': 4.195, 'y': -0.642, 'r': 0.4, 'type': 1}]
29785,1398693941.3097928,[{'idp': 134, 'x': 4.408, 'y': -1.065, 'r': 0.4, 'type': 1}, {'idp': 135, 'x': 4.181, 'y': -0.629, 'r': 0.4, 'type': 1}]
29786,1398693941.3496897,[{'idp': 134, 'x': 4.373, 'y': -1.07, 'r': 0.4, 'type': 1}, {'idp': 135, 'x': 4.147, 'y': -0.625, 'r': 0.4, 'type': 1}]
29787,1398693941.3497853,[{'idp': 134, 'x': 4.344, 'y': -1.063, 'r': 0.4, 'type': 1}, {'idp': 135, 'x': 4.126, 'y': -0.612, 'r': 0.4, 'type': 1}]
29788,1398693941.389656,[{'idp': 134, 'x': 4.309, 'y': -1.048, 'r': 0.4, 'type': 1}, {'idp': 135, 'x': 4.101, 'y': -0.563, 'r': 0.4, 'type': 1}]
29789,1398693941.4297054,[{'idp': 134, 'x': 4.279, 'y': -1.01, 'r': 0.4, 'type': 1}, {'idp': 135, 'x': 4.061, 'y': -0.53, 'r': 0.4, 'type': 1}]
29790,1398693941.4297328,[{'idp': 134, 'x': 4.239, 'y': -0.996, 'r': 0.4, 'type': 1}, {'idp': 135, 'x': 4.034, 'y': -0.509, 'r': 0.4, 'type': 1}]
29791,1398693941.4697938,[{'idp': 134, 'x': 4.216, 'y': -1.002, 'r': 0.4, 'type': 1}, {'idp': 135, 'x': 3.985, 'y': -0.493, 'r': 0.4, 'type': 1}]
29792,1398693941.4747362,[{'idp': 134, 'x': 4.186, 'y': -1.009, 'r': 0.4, 'type': 1}, {'idp': 135, 'x': 3.959, 'y': -0.489, 'r': 0.4, 'type': 1}]
29793,1398693941.5136914,[{'idp': 134, 'x': 4.149, 'y': -1.029, 'r': 0.4, 'type': 1}, {'idp': 135, 'x': 3.918, 'y': -0.483, 'r': 0.4, 'type': 1}]
29794,1398693941.5537007,[{'idp': 134, 'x': 4.117, 'y': -1.076, 'r': 0.4, 'type': 1}, {'idp': 135, 'x': 3.843, 'y': -0.472, 'r': 0.4, 'type': 1}]
29795,1398693941.5537307,[{'idp': 134, 'x': 4.09, 'y': -1.078, 'r': 0.4, 'type': 1}, {'idp': 135, 'x': 3.803, 'y': -0.45, 'r': 0.4, 'type': 1}]
29796,1398693941.5936754,[{'idp': 134, 'x': 4.057, 'y': -1.069, 'r': 0.4, 'type': 1}, {'idp': 135, 'x': 3.768, 'y': -0.445, 'r': 0.4, 'type': 1}]
29797,1398693941.5995767,[{'idp': 134, 'x': 4.032, 'y': -1.063, 'r': 0.4, 'type': 1}, {'idp': 135, 'x': 3.745, 'y': -0.442, 'r': 0.4, 'type': 1}]
29798,1398693941.6376402,[{'idp': 134, 'x': 3.999, 'y': -1.055, 'r': 0.4, 'type': 1}, {'idp': 135, 'x': 3.71, 'y': -0.429, 'r': 0.4, 'type': 1}]
29799,1398693941.6776688,[{'idp': 134, 'x': 3.967, 'y': -1.046, 'r': 0.4, 'type': 1}, {'idp': 135, 'x': 3.671, 'y': -0.425, 'r': 0.4, 'type': 1}]
29800,1398693941.677717,[{'idp': 134, 'x': 3.95, 'y': -1.051, 'r': 0.4, 'type': 1}, {'idp': 135, 'x': 3.636, 'y': -0.42, 'r': 0.4, 'type': 1}]
29801,1398693941.7177382,[{'idp': 134, 'x': 3.918, 'y': -1.043, 'r': 0.4, 'type': 1}, {'idp': 135, 'x': 3.593, 'y': -0.414, 'r': 0.4, 'type': 1}]
29802,1398693941.7237015,[{'idp': 134, 'x': 3.888, 'y': -1.026, 'r': 0.4, 'type': 1}, {'idp': 135, 'x': 3.566, 'y': -0.41, 'r': 0.4, 'type': 1}]
29803,1398693941.7616713,[{'idp': 134, 'x': 3.847, 'y': -1.024, 'r': 0.4, 'type': 1}, {'idp': 135, 'x': 3.539, 'y': -0.406, 'r': 0.4, 'type': 1}]
29804,1398693941.8017366,[{'idp': 134, 'x': 3.806, 'y': -1.022, 'r': 0.4, 'type': 1}, {'idp': 135, 'x': 3.497, 'y': -0.416, 'r': 0.4, 'type': 1}]
29805,1398693941.8017595,[{'idp': 134, 'x': 3.772, 'y': -1.022, 'r': 0.4, 'type': 1}, {'idp': 135, 'x': 3.468, 'y': -0.428, 'r': 0.4, 'type': 1}]
29806,1398693941.8417327,[{'idp': 134, 'x': 3.729, 'y': -1.01, 'r': 0.4, 'type': 1}, {'idp': 135, 'x': 3.437, 'y': -0.416, 'r': 0.4, 'type': 1}]
29807,1398693941.849132,[{'idp': 134, 'x': 3.704, 'y': -1.004, 'r': 0.4, 'type': 1}, {'idp': 135, 'x': 3.411, 'y': -0.413, 'r': 0.4, 'type': 1}]
29808,1398693941.8856616,[{'idp': 134, 'x': 3.661, 'y': -0.991, 'r': 0.4, 'type': 1}, {'idp': 135, 'x': 3.379, 'y': -0.402, 'r': 0.4, 'type': 1}]
29809,1398693941.9258027,[{'idp': 134, 'x': 3.609, 'y': -0.969, 'r': 0.4, 'type': 1}, {'idp': 135, 'x': 3.344, 'y': -0.39, 'r': 0.4, 'type': 1}]
29810,1398693941.9259498,[{'idp': 134, 'x': 3.577, 'y': -0.96, 'r': 0.4, 'type': 1}, {'idp': 135, 'x': 3.313, 'y': -0.394, 'r': 0.4, 'type': 1}]
29811,1398693941.965675,[{'idp': 134, 'x': 3.537, 'y': -0.965, 'r': 0.4, 'type': 1}, {'idp': 135, 'x': 3.287, 'y': -0.39, 'r': 0.4, 'type': 1}]
29812,1398693941.97383,[{'idp': 134, 'x': 3.497, 'y': -0.962, 'r': 0.4, 'type': 1}, {'idp': 135, 'x': 3.242, 'y': -0.399, 'r': 0.4, 'type': 1}]
29813,1398693942.0136461,[{'idp': 134, 'x': 3.477, 'y': -0.964, 'r': 0.4, 'type': 1}, {'idp': 135, 'x': 3.197, 'y': -0.401, 'r': 0.4, 'type': 1}]
29814,1398693942.0536516,[{'idp': 134, 'x': 3.426, 'y': -0.949, 'r': 0.4, 'type': 1}, {'idp': 135, 'x': 3.141, 'y': -0.408, 'r': 0.4, 'type': 1}]
29815,1398693942.0536826,[{'idp': 134, 'x': 3.4, 'y': -0.951, 'r': 0.4, 'type': 1}, {'idp': 135, 'x': 3.081, 'y': -0.414, 'r': 0.4, 'type': 1}]
29816,1398693942.0938466,[{'idp': 134, 'x': 3.369, 'y': -0.958, 'r': 0.4, 'type': 1}, {'idp': 135, 'x': 3.031, 'y': -0.421, 'r': 0.4, 'type': 1}]
29817,1398693942.0988326,[{'idp': 134, 'x': 3.344, 'y': -0.966, 'r': 0.4, 'type': 1}, {'idp': 135, 'x': 2.97, 'y': -0.44, 'r': 0.4, 'type': 1}]
29818,1398693942.1376631,[{'idp': 134, 'x': 3.299, 'y': -0.968, 'r': 0.4, 'type': 1}, {'idp': 135, 'x': 2.936, 'y': -0.449, 'r': 0.4, 'type': 1}]
29819,1398693942.1776645,[{'idp': 134, 'x': 3.261, 'y': -0.965, 'r': 0.4, 'type': 1}, {'idp': 135, 'x': 2.863, 'y': -0.465, 'r': 0.4, 'type': 1}]
29820,1398693942.1776872,[{'idp': 134, 'x': 3.225, 'y': -0.977, 'r': 0.4, 'type': 1}, {'idp': 135, 'x': 2.81, 'y': -0.477, 'r': 0.4, 'type': 1}]
29821,1398693942.2176557,[{'idp': 134, 'x': 3.195, 'y': -1.018, 'r': 0.4, 'type': 1}, {'idp': 135, 'x': 2.77, 'y': -0.491, 'r': 0.4, 'type': 1}]
29822,1398693942.223018,[{'idp': 134, 'x': 3.163, 'y': -1.036, 'r': 0.4, 'type': 1}, {'idp': 135, 'x': 2.719, 'y': -0.477, 'r': 0.4, 'type': 1}]
29823,1398693942.2616382,[{'idp': 134, 'x': 3.131, 'y': -1.029, 'r': 0.4, 'type': 1}, {'idp': 135, 'x': 2.667, 'y': -0.486, 'r': 0.4, 'type': 1}]
29824,1398693942.301601,[{'idp': 134, 'x': 3.105, 'y': -1.035, 'r': 0.4, 'type': 1}, {'idp': 135, 'x': 2.612, 'y': -0.476, 'r': 0.4, 'type': 1}]
29825,1398693942.301646,[{'idp': 134, 'x': 3.07, 'y': -1.057, 'r': 0.4, 'type': 1}, {'idp': 135, 'x': 2.572, 'y': -0.474, 'r': 0.4, 'type': 1}]
29826,1398693942.3417406,[{'idp': 134, 'x': 3.041, 'y': -1.077, 'r': 0.4, 'type': 1}, {'idp': 135, 'x': 2.535, 'y': -0.467, 'r': 0.4, 'type': 1}]
29827,1398693942.3476193,[{'idp': 134, 'x': 3.008, 'y': -1.085, 'r': 0.4, 'type': 1}, {'idp': 135, 'x': 2.484, 'y': -0.458, 'r': 0.4, 'type': 1}]
29828,1398693942.3856132,[{'idp': 134, 'x': 2.978, 'y': -1.099, 'r': 0.4, 'type': 1}, {'idp': 135, 'x': 2.439, 'y': -0.444, 'r': 0.4, 'type': 1}]
29829,1398693942.4257078,[{'idp': 134, 'x': 2.948, 'y': -1.11, 'r': 0.4, 'type': 1}, {'idp': 135, 'x': 2.418, 'y': -0.463, 'r': 0.4, 'type': 1}]
29830,1398693942.4258142,[{'idp': 134, 'x': 2.917, 'y': -1.121, 'r': 0.4, 'type': 1}, {'idp': 135, 'x': 2.376, 'y': -0.454, 'r': 0.4, 'type': 1}]
29831,1398693942.46575,[{'idp': 134, 'x': 2.889, 'y': -1.128, 'r': 0.4, 'type': 1}, {'idp': 135, 'x': 2.36, 'y': -0.451, 'r': 0.4, 'type': 1}]
29832,1398693942.4726255,[{'idp': 134, 'x': 2.859, 'y': -1.141, 'r': 0.4, 'type': 1}, {'idp': 135, 'x': 2.304, 'y': -0.439, 'r': 0.4, 'type': 1}]
29833,1398693942.509659,[{'idp': 134, 'x': 2.819, 'y': -1.149, 'r': 0.4, 'type': 1}, {'idp': 135, 'x': 2.269, 'y': -0.437, 'r': 0.4, 'type': 1}]
29834,1398693942.5497162,[{'idp': 134, 'x': 2.783, 'y': -1.151, 'r': 0.4, 'type': 1}, {'idp': 135, 'x': 2.24, 'y': -0.451, 'r': 0.4, 'type': 1}]
29835,1398693942.549754,[{'idp': 134, 'x': 2.758, 'y': -1.171, 'r': 0.4, 'type': 1}, {'idp': 135, 'x': 2.205, 'y': -0.449, 'r': 0.4, 'type': 1}]
29836,1398693942.5897584,[{'idp': 134, 'x': 2.723, 'y': -1.185, 'r': 0.4, 'type': 1}, {'idp': 135, 'x': 2.171, 'y': -0.452, 'r': 0.4, 'type': 1}]
29837,1398693942.5966082,[{'idp': 134, 'x': 2.696, 'y': -1.203, 'r': 0.4, 'type': 1}, {'idp': 135, 'x': 2.115, 'y': -0.444, 'r': 0.4, 'type': 1}]
29838,1398693942.6336536,[{'idp': 134, 'x': 2.668, 'y': -1.229, 'r': 0.4, 'type': 1}, {'idp': 135, 'x': 2.086, 'y': -0.447, 'r': 0.4, 'type': 1}]
29839,1398693942.673698,[{'idp': 134, 'x': 2.654, 'y': -1.259, 'r': 0.4, 'type': 1}, {'idp': 135, 'x': 2.052, 'y': -0.454, 'r': 0.4, 'type': 1}]
29840,1398693942.6737921,[{'idp': 134, 'x': 2.627, 'y': -1.322, 'r': 0.4, 'type': 1}, {'idp': 135, 'x': 2.021, 'y': -0.465, 'r': 0.4, 'type': 1}]
29841,1398693942.7137005,[{'idp': 134, 'x': 2.632, 'y': -1.394, 'r': 0.4, 'type': 1}, {'idp': 135, 'x': 1.997, 'y': -0.474, 'r': 0.4, 'type': 1}]
29842,1398693942.7223377,[{'idp': 134, 'x': 2.644, 'y': -1.447, 'r': 0.4, 'type': 1}, {'idp': 135, 'x': 1.957, 'y': -0.468, 'r': 0.4, 'type': 1}]
29843,1398693942.7616825,[{'idp': 134, 'x': 2.629, 'y': -1.464, 'r': 0.4, 'type': 1}, {'idp': 135, 'x': 1.933, 'y': -0.476, 'r': 0.4, 'type': 1}]
29844,1398693942.8018208,[{'idp': 134, 'x': 2.609, 'y': -1.492, 'r': 0.4, 'type': 1}, {'idp': 135, 'x': 1.896, 'y': -0.489, 'r': 0.4, 'type': 1}]
29845,1398693942.8018417,[{'idp': 134, 'x': 2.59, 'y': -1.534, 'r': 0.4, 'type': 1}, {'idp': 135, 'x': 1.855, 'y': -0.495, 'r': 0.4, 'type': 1}]
29846,1398693942.8417892,[{'idp': 134, 'x': 2.568, 'y': -1.552, 'r': 0.4, 'type': 1}, {'idp': 135, 'x': 1.825, 'y': -0.49, 'r': 0.4, 'type': 1}]
29847,1398693942.8460906,[{'idp': 134, 'x': 2.532, 'y': -1.561, 'r': 0.4, 'type': 1}, {'idp': 135, 'x': 1.787, 'y': -0.488, 'r': 0.4, 'type': 1}]
29848,1398693942.8857007,[{'idp': 134, 'x': 2.514, 'y': -1.566, 'r': 0.4, 'type': 1}, {'idp': 135, 'x': 1.759, 'y': -0.488, 'r': 0.4, 'type': 1}]
29849,1398693942.925694,[{'idp': 134, 'x': 2.492, 'y': -1.567, 'r': 0.4, 'type': 1}, {'idp': 135, 'x': 1.728, 'y': -0.492, 'r': 0.4, 'type': 1}]
29850,1398693942.9257138,[{'idp': 134, 'x': 1.816, 'y': -1.106, 'r': 0.4, 'type': 1}, {'idp': 135, 'x': 1.705, 'y': -0.501, 'r': 0.4, 'type': 1}]
29851,1398693942.9657245,[{'idp': 134, 'x': 2.006, 'y': -0.99, 'r': 0.4, 'type': 1}, {'idp': 135, 'x': 1.677, 'y': -0.497, 'r': 0.4, 'type': 1}]
29852,1398693942.971605,[{'idp': 134, 'x': 2.092, 'y': -1.056, 'r': 0.4, 'type': 1}, {'idp': 135, 'x': 1.653, 'y': -0.491, 'r': 0.4, 'type': 1}]
29853,1398693943.0115783,[{'idp': 134, 'x': 2.163, 'y': -1.133, 'r': 0.4, 'type': 1}, {'idp': 135, 'x': 1.637, 'y': -0.494, 'r': 0.4, 'type': 1}]
29854,1398693943.0496902,[{'idp': 134, 'x': 2.166, 'y': -1.171, 'r': 0.4, 'type': 1}, {'idp': 135, 'x': 1.602, 'y': -0.494, 'r': 0.4, 'type': 1}]
29855,1398693943.0497131,[{'idp': 134, 'x': 2.243, 'y': -1.301, 'r': 0.4, 'type': 1}, {'idp': 135, 'x': 1.576, 'y': -0.501, 'r': 0.4, 'type': 1}]
29856,1398693943.0897276,[{'idp': 134, 'x': 2.292, 'y': -1.452, 'r': 0.4, 'type': 1}, {'idp': 135, 'x': 1.533, 'y': -0.502, 'r': 0.4, 'type': 1}]
29857,1398693943.0955765,[{'idp': 134, 'x': 2.295, 'y': -1.584, 'r': 0.4, 'type': 1}, {'idp': 135, 'x': 1.483, 'y': -0.518, 'r': 0.4, 'type': 1}]
29858,1398693943.1337242,[{'idp': 134, 'x': 2.321, 'y': -1.699, 'r': 0.4, 'type': 1}, {'idp': 135, 'x': 1.438, 'y': -0.527, 'r': 0.4, 'type': 1}]
29859,1398693943.173778,[{'idp': 134, 'x': 2.329, 'y': -1.741, 'r': 0.4, 'type': 1}, {'idp': 135, 'x': 1.395, 'y': -0.529, 'r': 0.4, 'type': 1}]
29860,1398693943.1738365,[{'idp': 134, 'x': 2.317, 'y': -1.765, 'r': 0.4, 'type': 1}, {'idp': 135, 'x': 1.353, 'y': -0.533, 'r': 0.4, 'type': 1}]
29861,1398693943.2137449,[{'idp': 134, 'x': 2.325, 'y': -1.82, 'r': 0.4, 'type': 1}, {'idp': 135, 'x': 1.308, 'y': -0.536, 'r': 0.4, 'type': 1}]
29862,1398693943.2216277,[{'idp': 134, 'x': 2.324, 'y': -1.869, 'r': 0.4, 'type': 1}, {'idp': 135, 'x': 1.266, 'y': -0.544, 'r': 0.4, 'type': 1}]
29863,1398693943.2577403,[{'idp': 134, 'x': 2.323, 'y': -1.919, 'r': 0.4, 'type': 1}, {'idp': 135, 'x': 1.218, 'y': -0.556, 'r': 0.4, 'type': 1}]
29864,1398693943.2977078,[{'idp': 134, 'x': 1.649, 'y': -1.148, 'r': 0.4, 'type': 1}, {'idp': 135, 'x': 1.172, 'y': -0.565, 'r': 0.4, 'type': 1}]
29865,1398693943.2977533,[{'idp': 134, 'x': 1.634, 'y': -1.167, 'r': 0.4, 'type': 1}, {'idp': 135, 'x': 1.118, 'y': -0.572, 'r': 0.4, 'type': 1}]
29866,1398693943.3377788,[{'idp': 134, 'x': 1.585, 'y': -1.168, 'r': 0.4, 'type': 1}, {'idp': 135, 'x': 1.068, 'y': -0.58, 'r': 0.4, 'type': 1}]
29867,1398693943.3450432,[{'idp': 134, 'x': 1.623, 'y': -1.252, 'r': 0.4, 'type': 1}, {'idp': 135, 'x': 1.012, 'y': -0.599, 'r': 0.4, 'type': 1}]
29868,1398693943.3816874,[{'idp': 134, 'x': 1.623, 'y': -1.252, 'r': 0.4, 'type': 1}, {'idp': 135, 'x': 0.97, 'y': -0.606, 'r': 0.4, 'type': 1}]
29869,1398693943.4216483,[{'idp': 134, 'x': 1.623, 'y': -1.252, 'r': 0.4, 'type': 1}, {'idp': 135, 'x': 0.935, 'y': -0.621, 'r': 0.4, 'type': 1}]
29870,1398693943.421678,[{'idp': 134, 'x': 1.623, 'y': -1.252, 'r': 0.4, 'type': 1}, {'idp': 135, 'x': 0.886, 'y': -0.624, 'r': 0.4, 'type': 1}]
29871,1398693943.4616475,[{'idp': 134, 'x': 1.566, 'y': -1.273, 'r': 0.4, 'type': 1}, {'idp': 135, 'x': 0.857, 'y': -0.633, 'r': 0.4, 'type': 1}]
29872,1398693943.4699156,[{'idp': 134, 'x': 1.59, 'y': -0.913, 'r': 0.4, 'type': 1}, {'idp': 135, 'x': 0.827, 'y': -0.632, 'r': 0.4, 'type': 1}]
29873,1398693943.509656,[{'idp': 134, 'x': 1.409, 'y': -0.842, 'r': 0.4, 'type': 1}, {'idp': 135, 'x': 0.81, 'y': -0.634, 'r': 0.4, 'type': 1}]
29874,1398693943.5497603,[{'idp': 134, 'x': 2.484, 'y': -1.232, 'r': 0.4, 'type': 1}, {'idp': 135, 'x': 0.787, 'y': -0.628, 'r': 0.4, 'type': 1}]
29875,1398693943.549798,[{'idp': 134, 'x': 2.385, 'y': -1.353, 'r': 0.4, 'type': 1}, {'idp': 135, 'x': 0.754, 'y': -0.624, 'r': 0.4, 'type': 1}]
29876,1398693943.5898418,[{'idp': 134, 'x': 2.37, 'y': -1.365, 'r': 0.4, 'type': 1}, {'idp': 135, 'x': 0.72, 'y': -0.617, 'r': 0.4, 'type': 1}]
29877,1398693943.5946114,[{'idp': 134, 'x': 2.336, 'y': -1.372, 'r': 0.4, 'type': 1}, {'idp': 135, 'x': 0.682, 'y': -0.622, 'r': 0.4, 'type': 1}]
29878,1398693943.633675,[{'idp': 134, 'x': 2.297, 'y': -1.383, 'r': 0.4, 'type': 1}, {'idp': 135, 'x': 0.65, 'y': -0.621, 'r': 0.4, 'type': 1}]
29879,1398693943.673759,[{'idp': 134, 'x': 2.27, 'y': -1.394, 'r': 0.4, 'type': 1}, {'idp': 135, 'x': 0.61, 'y': -0.613, 'r': 0.4, 'type': 1}]
29880,1398693943.6737788,[{'idp': 134, 'x': 2.253, 'y': -1.411, 'r': 0.4, 'type': 1}, {'idp': 135, 'x': 0.581, 'y': -0.612, 'r': 0.4, 'type': 1}]
29881,1398693943.7137518,[{'idp': 134, 'x': 2.225, 'y': -1.427, 'r': 0.4, 'type': 1}, {'idp': 135, 'x': 0.544, 'y': -0.608, 'r': 0.4, 'type': 1}]
29882,1398693943.719726,[{'idp': 134, 'x': 2.211, 'y': -1.47, 'r': 0.4, 'type': 1}, {'idp': 135, 'x': 0.511, 'y': -0.607, 'r': 0.4, 'type': 1}]
29883,1398693943.7576683,[{'idp': 134, 'x': 2.204, 'y': -1.479, 'r': 0.4, 'type': 1}, {'idp': 135, 'x': 0.487, 'y': -0.607, 'r': 0.4, 'type': 1}]
29884,1398693943.797766,[{'idp': 134, 'x': 2.188, 'y': -1.492, 'r': 0.4, 'type': 1}, {'idp': 135, 'x': 0.453, 'y': -0.603, 'r': 0.4, 'type': 1}]
29885,1398693943.797797,[{'idp': 134, 'x': 2.179, 'y': -1.493, 'r': 0.4, 'type': 1}, {'idp': 135, 'x': 0.43, 'y': -0.609, 'r': 0.4, 'type': 1}]
29886,1398693943.8377228,[{'idp': 134, 'x': 2.162, 'y': -1.496, 'r': 0.4, 'type': 1}, {'idp': 135, 'x': 0.401, 'y': -0.634, 'r': 0.4, 'type': 1}]
29887,1398693943.8439682,[{'idp': 134, 'x': 2.148, 'y': -1.5, 'r': 0.4, 'type': 1}, {'idp': 135, 'x': 0.356, 'y': -0.64, 'r': 0.4, 'type': 1}]
29888,1398693943.8817759,[{'idp': 134, 'x': 2.141, 'y': -1.502, 'r': 0.4, 'type': 1}, {'idp': 135, 'x': 0.319, 'y': -0.657, 'r': 0.4, 'type': 1}]
29889,1398693943.9216883,[{'idp': 134, 'x': 2.134, 'y': -1.504, 'r': 0.4, 'type': 1}, {'idp': 135, 'x': 0.273, 'y': -0.661, 'r': 0.4, 'type': 1}]
29890,1398693943.9217074,[{'idp': 134, 'x': 2.124, 'y': -1.496, 'r': 0.4, 'type': 1}, {'idp': 135, 'x': 0.244, 'y': -0.658, 'r': 0.4, 'type': 1}]
29891,1398693943.9617188,[{'idp': 134, 'x': 2.109, 'y': -1.5, 'r': 0.4, 'type': 1}, {'idp': 135, 'x': 0.216, 'y': -0.652, 'r': 0.4, 'type': 1}]
29892,1398693943.968568,[{'idp': 134, 'x': 2.098, 'y': -1.493, 'r': 0.4, 'type': 1}, {'idp': 135, 'x': 0.19, 'y': -0.65, 'r': 0.4, 'type': 1}]
29893,1398693944.005725,[{'idp': 134, 'x': 2.099, 'y': -1.492, 'r': 0.4, 'type': 1}, {'idp': 135, 'x': 0.163, 'y': -0.654, 'r': 0.4, 'type': 1}]
29894,1398693944.0457096,[{'idp': 134, 'x': 0.814, 'y': -1.19, 'r': 0.4, 'type': 1}, {'idp': 135, 'x': 0.152, 'y': -0.644, 'r': 0.4, 'type': 1}]
29895,1398693944.0457404,[{'idp': 134, 'x': 0.62, 'y': -1.049, 'r': 0.4, 'type': 1}, {'idp': 135, 'x': 0.139, 'y': -0.626, 'r': 0.4, 'type': 1}]
29896,1398693944.0857165,[{'idp': 134, 'x': 0.59, 'y': -1.058, 'r': 0.4, 'type': 1}, {'idp': 135, 'x': 0.127, 'y': -0.602, 'r': 0.4, 'type': 1}]
29897,1398693944.0936115,[{'idp': 134, 'x': 0.562, 'y': -1.065, 'r': 0.4, 'type': 1}, {'idp': 135, 'x': 0.119, 'y': -0.577, 'r': 0.4, 'type': 1}]
29898,1398693944.1298084,[{'idp': 134, 'x': 0.548, 'y': -1.099, 'r': 0.4, 'type': 1}, {'idp': 135, 'x': 0.11, 'y': -0.568, 'r': 0.4, 'type': 1}]
29899,1398693944.1697006,[{'idp': 134, 'x': 0.528, 'y': -1.122, 'r': 0.4, 'type': 1}, {'idp': 135, 'x': 0.099, 'y': -0.559, 'r': 0.4, 'type': 1}]
29900,1398693944.169732,[{'idp': 134, 'x': 0.504, 'y': -1.131, 'r': 0.4, 'type': 1}, {'idp': 135, 'x': 0.089, 'y': -0.57, 'r': 0.4, 'type': 1}]
29901,1398693944.2096832,[{'idp': 134, 'x': 0.479, 'y': -1.147, 'r': 0.4, 'type': 1}, {'idp': 135, 'x': 0.078, 'y': -0.591, 'r': 0.4, 'type': 1}]
29902,1398693944.2173562,[{'idp': 134, 'x': 0.449, 'y': -1.16, 'r': 0.4, 'type': 1}, {'idp': 135, 'x': 0.065, 'y': -0.634, 'r': 0.4, 'type': 1}]
29903,1398693944.2537668,[{'idp': 134, 'x': 0.413, 'y': -1.172, 'r': 0.4, 'type': 1}, {'idp': 135, 'x': 0.05, 'y': -0.681, 'r': 0.4, 'type': 1}]
29904,1398693944.2937315,[{'idp': 134, 'x': 0.378, 'y': -1.177, 'r': 0.4, 'type': 1}, {'idp': 135, 'x': 0.031, 'y': -0.713, 'r': 0.4, 'type': 1}]
29905,1398693944.3336897,[{'idp': 134, 'x': 0.345, 'y': -1.187, 'r': 0.4, 'type': 1}, {'idp': 135, 'x': 0.013, 'y': -0.734, 'r': 0.4, 'type': 1}]
29906,1398693944.3337214,[{'idp': 134, 'x': 0.324, 'y': -1.189, 'r': 0.4, 'type': 1}, {'idp': 135, 'x': 0.013, 'y': -0.734, 'r': 0.4, 'type': 1}]
29907,1398693944.373684,[{'idp': 134, 'x': 0.293, 'y': -1.202, 'r': 0.4, 'type': 1}, {'idp': 135, 'x': 0.013, 'y': -0.734, 'r': 0.4, 'type': 1}]
29908,1398693944.3737032,[{'idp': 134, 'x': 0.259, 'y': -1.216, 'r': 0.4, 'type': 1}, {'idp': 135, 'x': 0.013, 'y': -0.734, 'r': 0.4, 'type': 1}]
29909,1398693944.4137232,[{'idp': 134, 'x': 0.241, 'y': -1.211, 'r': 0.4, 'type': 1}, {'idp': 135, 'x': 0.013, 'y': -0.734, 'r': 0.4, 'type': 1}]
29910,1398693944.4258442,[{'idp': 134, 'x': 0.234, 'y': -1.203, 'r': 0.4, 'type': 1}, {'idp': 135, 'x': 0.013, 'y': -0.734, 'r': 0.4, 'type': 1}]
29911,1398693944.465647,[{'idp': 134, 'x': 0.22, 'y': -1.194, 'r': 0.4, 'type': 1}, {'idp': 135, 'x': 0.013, 'y': -0.734, 'r': 0.4, 'type': 1}]
29912,1398693944.50579,[{'idp': 134, 'x': 0.207, 'y': -1.194, 'r': 0.4, 'type': 1}, {'idp': 135, 'x': 0.013, 'y': -0.734, 'r': 0.4, 'type': 1}]
29913,1398693944.505821,[{'idp': 134, 'x': 0.194, 'y': -1.177, 'r': 0.4, 'type': 1}, {'idp': 135, 'x': 0.013, 'y': -0.734, 'r': 0.4, 'type': 1}]
29914,1398693944.5457044,[{'idp': 134, 'x': 0.175, 'y': -1.168, 'r': 0.4, 'type': 1}, {'idp': 135, 'x': 0.196, 'y': -1.072, 'r': 0.4, 'type': 1}]
29915,1398693944.5457382,[{'idp': 134, 'x': 0.146, 'y': -1.153, 'r': 0.4, 'type': 1}, {'idp': 135, 'x': 0.152, 'y': -1.138, 'r': 0.4, 'type': 1}]
29916,1398693944.5856967,[{'idp': 134, 'x': 0.112, 'y': -1.139, 'r': 0.4, 'type': 1}, {'idp': 135, 'x': 0.112, 'y': -1.139, 'r': 0.4, 'type': 1}]
29917,1398693944.5924706,[{'idp': 134, 'x': 0.089, 'y': -1.137, 'r': 0.4, 'type': 1}, {'idp': 135, 'x': 0.089, 'y': -1.137, 'r': 0.4, 'type': 1}]
29918,1398693944.6296775,[{'idp': 134, 'x': 0.073, 'y': -1.152, 'r': 0.4, 'type': 1}, {'idp': 135, 'x': 0.073, 'y': -1.152, 'r': 0.4, 'type': 1}]
29919,1398693944.6697166,[{'idp': 134, 'x': 0.054, 'y': -1.175, 'r': 0.4, 'type': 1}, {'idp': 135, 'x': 0.054, 'y': -1.175, 'r': 0.4, 'type': 1}]
29920,1398693944.6697454,[{'idp': 134, 'x': 0.03, 'y': -1.222, 'r': 0.4, 'type': 1}, {'idp': 135, 'x': 0.03, 'y': -1.222, 'r': 0.4, 'type': 1}]
29921,1398693944.709761,[{'idp': 134, 'x': -0.0, 'y': -1.312, 'r': 0.4, 'type': 1}, {'idp': 135, 'x': -0.0, 'y': -1.312, 'r': 0.4, 'type': 1}]
29922,1398693944.7169638,[]
