id,timestamp,circles
21660,1398693738.7137232,[]
21661,1398693738.753654,[]
21662,1398693738.7536864,[]
21663,1398693738.7936807,[]
21664,1398693738.8005962,[]
21665,1398693738.8377159,[]
21666,1398693738.877679,[]
21667,1398693738.8777127,[]
21668,1398693738.9177701,[]
21669,1398693738.925981,[]
21670,1398693738.9657042,[]
21671,1398693739.0056846,[]
21672,1398693739.0057137,[]
21673,1398693739.0458336,[]
21674,1398693739.050365,[]
21675,1398693739.089658,[]
21676,1398693739.1296558,[]
21677,1398693739.1296835,[]
21678,1398693739.1697366,[]
21679,1398693739.1751058,[]
21680,1398693739.213687,[]
21681,1398693739.253681,[]
21682,1398693739.2537544,[]
21683,1398693739.293683,[]
21684,1398693739.3001242,[]
21685,1398693739.3376555,[]
21686,1398693739.3776789,[]
21687,1398693739.3777177,[]
21688,1398693739.4177182,[]
21689,1398693739.424596,[]
21690,1398693739.4616883,[]
21691,1398693739.5016532,[]
21692,1398693739.5016851,[]
21693,1398693739.541773,[]
21694,1398693739.5491056,[]
21695,1398693739.5856545,[]
21696,1398693739.6256862,[]
21697,1398693739.6257157,[]
21698,1398693739.665693,[]
21699,1398693739.6739597,[]
21700,1398693739.713768,[]
21701,1398693739.7536907,[]
21702,1398693739.7537236,[]
21703,1398693739.7937253,[]
21704,1398693739.7986126,[]
21705,1398693739.8376412,[]
21706,1398693739.87768,[]
21707,1398693739.8777108,[]
21708,1398693739.9177523,[]
21709,1398693739.9225938,[]
21710,1398693739.961703,[]
21711,1398693740.001739,[]
21712,1398693740.00177,[]
21713,1398693740.041749,[]
21714,1398693740.0481904,[]
21715,1398693740.0856588,[]
21716,1398693740.1257172,[]
21717,1398693740.1257484,[]
21718,1398693740.165775,[]
21719,1398693740.1727304,[]
21720,1398693740.2097375,[]
21721,1398693740.2497184,[]
21722,1398693740.249753,[]
21723,1398693740.2897198,[]
21724,1398693740.2965813,[]
21725,1398693740.333704,[]
21726,1398693740.3737314,[]
21727,1398693740.3737671,[]
21728,1398693740.4137774,[]
21729,1398693740.4220786,[]
21730,1398693740.4616566,[]
21731,1398693740.5017247,[]
21732,1398693740.5017579,[]
21733,1398693740.5417275,[]
21734,1398693740.547188,[]
21735,1398693740.5857205,[]
21736,1398693740.625641,[]
21737,1398693740.6256602,[]
21738,1398693740.66572,[]
21739,1398693740.6712315,[]
21740,1398693740.709679,[]
21741,1398693740.7496514,[]
21742,1398693740.74968,[]
21743,1398693740.789692,[]
21744,1398693740.7950838,[]
21745,1398693740.8336954,[]
21746,1398693740.8737516,[]
21747,1398693740.8737838,[]
21748,1398693740.9136841,[]
21749,1398693740.919983,[]
21750,1398693740.9577003,[]
21751,1398693740.9976559,[]
21752,1398693740.9976828,[]
21753,1398693741.0377972,[]
21754,1398693741.0452642,[]
21755,1398693741.0817463,[]
21756,1398693741.1216743,[]
21757,1398693741.121706,[]
21758,1398693741.161723,[]
21759,1398693741.1695735,[]
21760,1398693741.2056777,[]
21761,1398693741.2457273,[]
21762,1398693741.2457476,[]
21763,1398693741.2857888,[]
21764,1398693741.2953649,[]
21765,1398693741.3337238,[]
21766,1398693741.3737388,[]
21767,1398693741.3737683,[]
21768,1398693741.4137244,[]
21769,1398693741.4192314,[]
21770,1398693741.457659,[]
21771,1398693741.4977264,[]
21772,1398693741.497757,[]
21773,1398693741.5377657,[]
21774,1398693741.5437267,[]
21775,1398693741.5817292,[]
21776,1398693741.621695,[]
21777,1398693741.6217275,[]
21778,1398693741.6617143,[]
21779,1398693741.6687908,[]
21780,1398693741.7057202,[]
21781,1398693741.7456486,[]
21782,1398693741.7456763,[]
21783,1398693741.78575,[]
21784,1398693741.7928777,[]
21785,1398693741.8297188,[]
21786,1398693741.8697257,[]
21787,1398693741.8697572,[]
21788,1398693741.9097154,[]
21789,1398693741.9171138,[]
21790,1398693741.953703,[]
21791,1398693741.9936895,[]
21792,1398693741.993717,[]
21793,1398693742.0337431,[]
21794,1398693742.0423768,[]
21795,1398693742.0817087,[]
21796,1398693742.121712,[]
21797,1398693742.1217463,[]
21798,1398693742.1617112,[]
21799,1398693742.1673818,[]
21800,1398693742.205705,[]
21801,1398693742.2457469,[]
21802,1398693742.2457995,[]
21803,1398693742.2857537,[]
21804,1398693742.2919652,[]
21805,1398693742.3297102,[]
21806,1398693742.3697283,[]
21807,1398693742.3697534,[]
21808,1398693742.4097176,[]
21809,1398693742.4163313,[]
21810,1398693742.4536831,[]
21811,1398693742.4937255,[]
21812,1398693742.493754,[]
21813,1398693742.5337899,[]
21814,1398693742.5414367,[]
21815,1398693742.5776596,[]
21816,1398693742.6176465,[]
21817,1398693742.6176612,[]
21818,1398693742.657693,[]
21819,1398693742.6656919,[]
21820,1398693742.7057352,[]
21821,1398693742.7457309,[]
21822,1398693742.7457633,[]
21823,1398693742.7857318,[]
21824,1398693742.7939043,[]
21825,1398693742.833801,[]
21826,1398693742.8736818,[]
21827,1398693742.8737216,[]
21828,1398693742.9136853,[]
21829,1398693742.9149892,[]
21830,1398693742.953696,[]
21831,1398693742.9936876,[]
21832,1398693742.993717,[]
21833,1398693743.0338988,[]
21834,1398693743.0406735,[]
21835,1398693743.0776591,[]
21836,1398693743.117685,[]
21837,1398693743.1177168,[]
21838,1398693743.157736,[]
21839,1398693743.164889,[]
21840,1398693743.2017062,[]
21841,1398693743.2417674,[]
21842,1398693743.2417917,[]
21843,1398693743.2816632,[]
21844,1398693743.290347,[]
21845,1398693743.3297021,[]
21846,1398693743.3697228,[]
21847,1398693743.3697586,[]
21848,1398693743.4097545,[]
21849,1398693743.4137194,[]
21850,1398693743.4537036,[]
21851,1398693743.4936981,[]
21852,1398693743.4937303,[]
21853,1398693743.5337327,[]
21854,1398693743.5391076,[]
21855,1398693743.5777018,[]
21856,1398693743.617689,[]
21857,1398693743.6177197,[]
21858,1398693743.6577415,[]
21859,1398693743.6636152,[]
21860,1398693743.7017455,[]
21861,1398693743.741711,[]
21862,1398693743.7417386,[]
21863,1398693743.7816916,[]
21864,1398693743.7882988,[]
21865,1398693743.825701,[]
21866,1398693743.8656974,[]
21867,1398693743.8657277,[]
21868,1398693743.905656,[]
21869,1398693743.9126878,[]
21870,1398693743.9496617,[]
21871,1398693743.9897192,[]
21872,1398693743.989751,[]
21873,1398693744.0297546,[]
21874,1398693744.0380056,[]
21875,1398693744.0776608,[]
21876,1398693744.1177258,[]
21877,1398693744.1177554,[]
21878,1398693744.1577983,[]
21879,1398693744.1624272,[]
21880,1398693744.2016482,[]
21881,1398693744.2417476,[]
21882,1398693744.2417889,[]
21883,1398693744.2816863,[]
21884,1398693744.287265,[]
21885,1398693744.3257031,[]
21886,1398693744.3658147,[]
21887,1398693744.365848,[]
21888,1398693744.4057243,[]
21889,1398693744.4118435,[]
21890,1398693744.449668,[]
21891,1398693744.4896903,[]
21892,1398693744.4897237,[]
21893,1398693744.5297613,[]
21894,1398693744.5370505,[]
21895,1398693744.5736923,[]
21896,1398693744.6136956,[]
21897,1398693744.613726,[]
21898,1398693744.6536927,[]
21899,1398693744.6604538,[]
21900,1398693744.6976855,[]
21901,1398693744.737693,[]
21902,1398693744.7377229,[]
21903,1398693744.7777274,[]
21904,1398693744.7861955,[]
21905,1398693744.8257518,[]
21906,1398693744.8657174,[]
21907,1398693744.865747,[]
21908,1398693744.9057112,[]
21909,1398693744.9110065,[]
21910,1398693744.9496934,[]
21911,1398693744.9897387,[]
21912,1398693744.9897676,[]
21913,1398693745.029765,[]
21914,1398693745.0354095,[]
21915,1398693745.0737236,[]
21916,1398693745.1137128,[]
21917,1398693745.113745,[]
21918,1398693745.1537669,[]
21919,1398693745.1601071,[]
21920,1398693745.1976876,[]
21921,1398693745.2377543,[]
21922,1398693745.2377825,[]
21923,1398693745.2777276,[]
21924,1398693745.2854745,[]
21925,1398693745.3216705,[]
21926,1398693745.3616676,[]
21927,1398693745.3616982,[]
21928,1398693745.401748,[]
21929,1398693745.4087062,[]
21930,1398693745.4496858,[]
21931,1398693745.489701,[]
21932,1398693745.4897928,[]
21933,1398693745.5297384,[]
21934,1398693745.5342376,[]
21935,1398693745.5737078,[]
21936,1398693745.613697,[]
21937,1398693745.6137292,[]
21938,1398693745.653747,[]
21939,1398693745.658741,[]
21940,1398693745.697683,[]
21941,1398693745.7377226,[]
21942,1398693745.737751,[]
21943,1398693745.7777119,[]
21944,1398693745.7824876,[]
21945,1398693745.8216703,[]
21946,1398693745.8617322,[]
21947,1398693745.8618045,[]
21948,1398693745.9016895,[]
21949,1398693745.9074948,[]
21950,1398693745.9456687,[]
21951,1398693745.9856856,[]
21952,1398693745.9857156,[]
21953,1398693746.0256999,[]
21954,1398693746.031988,[]
21955,1398693746.0696716,[]
21956,1398693746.1096594,[]
21957,1398693746.109688,[]
21958,1398693746.1497362,[]
21959,1398693746.156488,[]
21960,1398693746.193656,[]
21961,1398693746.2337422,[]
21962,1398693746.2337728,[]
21963,1398693746.2736776,[]
21964,1398693746.2813747,[]
21965,1398693746.3177514,[]
21966,1398693746.3577337,[]
21967,1398693746.3577576,[]
21968,1398693746.3976915,[]
21969,1398693746.4062352,[]
21970,1398693746.4456398,[]
21971,1398693746.4857147,[]
21972,1398693746.485744,[]
21973,1398693746.5256855,[]
21974,1398693746.53034,[]
21975,1398693746.5696788,[]
21976,1398693746.6096916,[]
21977,1398693746.6097085,[]
21978,1398693746.6496706,[]
21979,1398693746.6566374,[]
21980,1398693746.693653,[]
21981,1398693746.7337296,[]
21982,1398693746.73376,[]
21983,1398693746.7736912,[]
21984,1398693746.7797365,[]
21985,1398693746.8177652,[]
21986,1398693746.857726,[]
21987,1398693746.8577585,[]
21988,1398693746.8976884,[]
21989,1398693746.9045188,[]
21990,1398693746.9416807,[]
21991,1398693746.9817193,[]
21992,1398693746.98176,[]
21993,1398693747.0217087,[]
21994,1398693747.0293472,[]
21995,1398693747.065737,[]
21996,1398693747.1056747,[]
21997,1398693747.1057076,[]
21998,1398693747.1456628,[]
21999,1398693747.154024,[]
22000,1398693747.1936574,[]
22001,1398693747.2338219,[]
22002,1398693747.2338533,[]
22003,1398693747.2737577,[]
22004,1398693747.2784612,[]
22005,1398693747.3177512,[]
22006,1398693747.3576834,[]
22007,1398693747.3577156,[]
22008,1398693747.397688,[]
22009,1398693747.4034612,[]
22010,1398693747.4416518,[]
22011,1398693747.4816847,[]
22012,1398693747.4817157,[]
22013,1398693747.521755,[]
22014,1398693747.5285075,[]
22015,1398693747.565661,[]
22016,1398693747.6057138,[]
22017,1398693747.6057477,[]
22018,1398693747.6456778,[]
22019,1398693747.6524959,[]
22020,1398693747.6896713,[]
22021,1398693747.7297435,[]
22022,1398693747.7297769,[]
22023,1398693747.7696702,[]
22024,1398693747.7774909,[]
22025,1398693747.8137426,[]
22026,1398693747.8537052,[]
22027,1398693747.8537364,[]
22028,1398693747.8936753,[]
22029,1398693747.9017358,[]
22030,1398693747.9416811,[]
22031,1398693747.9817202,[]
22032,1398693747.981747,[]
22033,1398693748.0217032,[]
22034,1398693748.0261886,[]
22035,1398693748.065731,[]
22036,1398693748.1056669,[]
22037,1398693748.105699,[]
22038,1398693748.145734,[]
22039,1398693748.151153,[]
22040,1398693748.189661,[]
22041,1398693748.2296894,[]
22042,1398693748.22972,[]
22043,1398693748.2697177,[]
22044,1398693748.2757506,[]
22045,1398693748.3137145,[]
22046,1398693748.3536806,[]
22047,1398693748.353715,[]
22048,1398693748.39368,[]
22049,1398693748.4010022,[]
22050,1398693748.4377317,[]
22051,1398693748.477715,[]
22052,1398693748.477744,[]
22053,1398693748.5176735,[]
22054,1398693748.5255003,[]
22055,1398693748.5616796,[]
22056,1398693748.60162,[]
22057,1398693748.6016374,[]
22058,1398693748.6416142,[]
22059,1398693748.649864,[]
22060,1398693748.689653,[]
22061,1398693748.729649,[]
22062,1398693748.7296753,[]
22063,1398693748.7697258,[]
22064,1398693748.774491,[]
22065,1398693748.8138335,[]
22066,1398693748.8537538,[]
22067,1398693748.853787,[]
22068,1398693748.8937144,[]
22069,1398693748.8997262,[]
22070,1398693748.9377432,[]
22071,1398693748.977666,[]
22072,1398693748.9776976,[]
22073,1398693749.0176892,[]
22074,1398693749.023702,[]
22075,1398693749.0617359,[]
22076,1398693749.1017392,[]
22077,1398693749.1017725,[]
22078,1398693749.1417377,[]
22079,1398693749.1483676,[]
22080,1398693749.1856182,[]
22081,1398693749.2256398,[]
22082,1398693749.2256584,[]
22083,1398693749.2656794,[]
22084,1398693749.2730148,[]
22085,1398693749.3097723,[]
22086,1398693749.349799,[]
22087,1398693749.3498356,[]
22088,1398693749.38973,[]
22089,1398693749.3980663,[]
22090,1398693749.4377227,[]
22091,1398693749.4778018,[]
22092,1398693749.477835,[]
22093,1398693749.5176504,[]
22094,1398693749.5224617,[]
22095,1398693749.561686,[]
22096,1398693749.6017003,[]
22097,1398693749.601733,[]
22098,1398693749.6416943,[]
22099,1398693749.6476977,[]
22100,1398693749.6857283,[]
22101,1398693749.7257264,[]
22102,1398693749.7257571,[]
22103,1398693749.765764,[]
22104,1398693749.7721124,[]
22105,1398693749.8097603,[]
22106,1398693749.8497808,[]
22107,1398693749.8498156,[]
22108,1398693749.8896449,[]
22109,1398693749.8969429,[]
22110,1398693749.9337282,[]
22111,1398693749.9736662,[]
22112,1398693749.973701,[]
22113,1398693750.0137405,[]
22114,1398693750.0213726,[]
22115,1398693750.0577781,[]
22116,1398693750.0976312,[]
22117,1398693750.0976543,[]
22118,1398693750.1377583,[]
22119,1398693750.1465533,[]
22120,1398693750.185722,[]
22121,1398693750.2256782,[]
22122,1398693750.2257028,[]
22123,1398693750.2656958,[]
22124,1398693750.2704928,[]
22125,1398693750.3097265,[]
22126,1398693750.3497524,[]
22127,1398693750.3896732,[]
22128,1398693750.3897061,[]
22129,1398693750.4297223,[]
22130,1398693750.4297504,[]
22131,1398693750.4697967,[]
22132,1398693750.4704912,[]
22133,1398693750.5097456,[]
22134,1398693750.549733,[]
22135,1398693750.5497668,[]
22136,1398693750.5897906,[]
22137,1398693750.5951877,[]
22138,1398693750.6337264,[]
22139,1398693750.673649,[]
22140,1398693750.6736782,[]
22141,1398693750.713772,[]
22142,1398693750.71995,[]
22143,1398693750.7576642,[]
22144,1398693750.7976844,[]
22145,1398693750.7977033,[]
22146,1398693750.8377178,[]
22147,1398693750.84449,[]
22148,1398693750.8816607,[]
22149,1398693750.9216886,[]
22150,1398693750.9217157,[]
22151,1398693750.9616575,[]
22152,1398693750.96946,[]
22153,1398693751.005685,[]
22154,1398693751.0456877,[]
22155,1398693751.0457175,[]
22156,1398693751.0857582,[]
22157,1398693751.095197,[]
22158,1398693751.1337407,[]
22159,1398693751.1737385,[]
22160,1398693751.1737683,[]
22161,1398693751.2137368,[]
22162,1398693751.2218204,[]
22163,1398693751.2616453,[]
22164,1398693751.3017666,[]
22165,1398693751.3017998,[]
22166,1398693751.3416936,[]
22167,1398693751.3437455,[]
22168,1398693751.381686,[]
22169,1398693751.421719,[]
22170,1398693751.4217494,[]
22171,1398693751.4616792,[]
22172,1398693751.467973,[]
22173,1398693751.5057478,[]
22174,1398693751.5456953,[]
22175,1398693751.5457313,[]
22176,1398693751.5857522,[]
22177,1398693751.5938637,[]
22178,1398693751.6337674,[]
22179,1398693751.6736987,[]
22180,1398693751.6737316,[]
22181,1398693751.7137144,[]
22182,1398693751.7187464,[]
22183,1398693751.757686,[]
22184,1398693751.7976906,[]
22185,1398693751.7977688,[]
22186,1398693751.837644,[]
22187,1398693751.8435,[]
22188,1398693751.8817291,[]
22189,1398693751.921761,[]
22190,1398693751.9217944,[]
22191,1398693751.9617054,[]
22192,1398693751.9686306,[]
22193,1398693752.0057268,[]
22194,1398693752.0456803,[]
22195,1398693752.045711,[]
22196,1398693752.085787,[{'idp': 103, 'x': 9.457, 'y': 2.276, 'r': 0.4, 'type': 1}]
22197,1398693752.0934873,[{'idp': 103, 'x': 9.434, 'y': 2.288, 'r': 0.4, 'type': 1}]
22198,1398693752.1297207,[{'idp': 103, 'x': 9.408, 'y': 2.26, 'r': 0.4, 'type': 1}]
22199,1398693752.169703,[{'idp': 103, 'x': 9.403, 'y': 2.259, 'r': 0.4, 'type': 1}]
22200,1398693752.1697338,[{'idp': 103, 'x': 9.403, 'y': 2.259, 'r': 0.4, 'type': 1}]
22201,1398693752.2097056,[{'idp': 103, 'x': 9.385, 'y': 2.211, 'r': 0.4, 'type': 1}]
22202,1398693752.2184236,[{'idp': 103, 'x': 9.354, 'y': 2.161, 'r': 0.4, 'type': 1}]
22203,1398693752.2577553,[{'idp': 103, 'x': 9.335, 'y': 2.157, 'r': 0.4, 'type': 1}]
22204,1398693752.301214,[{'idp': 103, 'x': 9.352, 'y': 2.139, 'r': 0.4, 'type': 1}]
22205,1398693752.3012772,[{'idp': 103, 'x': 9.362, 'y': 2.106, 'r': 0.4, 'type': 1}]
22206,1398693752.337659,[{'idp': 103, 'x': 9.3, 'y': 2.042, 'r': 0.4, 'type': 1}]
22207,1398693752.3430827,[{'idp': 103, 'x': 9.305, 'y': 2.044, 'r': 0.4, 'type': 1}]
22208,1398693752.3817158,[{'idp': 103, 'x': 9.294, 'y': 2.041, 'r': 0.4, 'type': 1}]
22209,1398693752.4216876,[{'idp': 103, 'x': 9.29, 'y': 2.019, 'r': 0.4, 'type': 1}]
22210,1398693752.4217184,[{'idp': 103, 'x': 9.284, 'y': 1.996, 'r': 0.4, 'type': 1}]
22211,1398693752.4616516,[{'idp': 103, 'x': 9.285, 'y': 1.996, 'r': 0.4, 'type': 1}]
22212,1398693752.46804,[{'idp': 103, 'x': 9.264, 'y': 1.971, 'r': 0.4, 'type': 1}]
22213,1398693752.5057073,[{'idp': 103, 'x': 9.227, 'y': 1.941, 'r': 0.4, 'type': 1}]
22214,1398693752.5457056,[{'idp': 103, 'x': 9.197, 'y': 1.872, 'r': 0.4, 'type': 1}]
22215,1398693752.5457287,[{'idp': 103, 'x': 9.226, 'y': 1.877, 'r': 0.4, 'type': 1}]
22216,1398693752.585778,[{'idp': 103, 'x': 9.113, 'y': 1.833, 'r': 0.4, 'type': 1}]
22217,1398693752.593676,[{'idp': 103, 'x': 9.133, 'y': 1.795, 'r': 0.4, 'type': 1}]
22218,1398693752.6337543,[{'idp': 103, 'x': 9.131, 'y': 1.795, 'r': 0.4, 'type': 1}]
22219,1398693752.6737077,[{'idp': 103, 'x': 9.192, 'y': 1.723, 'r': 0.4, 'type': 1}]
22220,1398693752.6738021,[{'idp': 103, 'x': 9.174, 'y': 1.699, 'r': 0.4, 'type': 1}]
22221,1398693752.7136629,[{'idp': 103, 'x': 9.157, 'y': 1.696, 'r': 0.4, 'type': 1}]
22222,1398693752.7177377,[{'idp': 103, 'x': 9.142, 'y': 1.672, 'r': 0.4, 'type': 1}]
22223,1398693752.757731,[{'idp': 103, 'x': 9.083, 'y': 1.682, 'r': 0.4, 'type': 1}]
22224,1398693752.797711,[{'idp': 103, 'x': 9.077, 'y': 1.701, 'r': 0.4, 'type': 1}]
22225,1398693752.7977448,[{'idp': 103, 'x': 9.069, 'y': 1.68, 'r': 0.4, 'type': 1}]
22226,1398693752.837681,[{'idp': 103, 'x': 9.054, 'y': 1.656, 'r': 0.4, 'type': 1}]
22227,1398693752.8428607,[{'idp': 103, 'x': 9.085, 'y': 1.621, 'r': 0.4, 'type': 1}]
22228,1398693752.8817275,[{'idp': 103, 'x': 9.047, 'y': 1.593, 'r': 0.4, 'type': 1}]
22229,1398693752.9217038,[{'idp': 103, 'x': 9.022, 'y': 1.569, 'r': 0.4, 'type': 1}]
22230,1398693752.921736,[{'idp': 103, 'x': 9.021, 'y': 1.529, 'r': 0.4, 'type': 1}]
22231,1398693752.9616983,[{'idp': 103, 'x': 8.995, 'y': 1.544, 'r': 0.4, 'type': 1}]
22232,1398693752.9661534,[{'idp': 103, 'x': 8.986, 'y': 1.503, 'r': 0.4, 'type': 1}]
22233,1398693753.0057182,[{'idp': 103, 'x': 8.977, 'y': 1.486, 'r': 0.4, 'type': 1}]
22234,1398693753.045714,[{'idp': 103, 'x': 8.969, 'y': 1.499, 'r': 0.4, 'type': 1}]
22235,1398693753.0457463,[{'idp': 103, 'x': 8.96, 'y': 1.418, 'r': 0.4, 'type': 1}]
22236,1398693753.0856762,[{'idp': 103, 'x': 8.958, 'y': 1.378, 'r': 0.4, 'type': 1}]
22237,1398693753.090396,[{'idp': 103, 'x': 8.934, 'y': 1.354, 'r': 0.4, 'type': 1}]
22238,1398693753.1297238,[{'idp': 103, 'x': 8.918, 'y': 1.332, 'r': 0.4, 'type': 1}]
22239,1398693753.1697633,[{'idp': 103, 'x': 8.883, 'y': 1.326, 'r': 0.4, 'type': 1}]
22240,1398693753.169797,[{'idp': 103, 'x': 8.853, 'y': 1.303, 'r': 0.4, 'type': 1}]
22241,1398693753.209636,[{'idp': 103, 'x': 8.824, 'y': 1.279, 'r': 0.4, 'type': 1}]
22242,1398693753.2149713,[{'idp': 103, 'x': 8.817, 'y': 1.219, 'r': 0.4, 'type': 1}]
22243,1398693753.2537127,[{'idp': 103, 'x': 8.842, 'y': 1.183, 'r': 0.4, 'type': 1}]
22244,1398693753.2936957,[{'idp': 103, 'x': 8.876, 'y': 1.189, 'r': 0.4, 'type': 1}]
22245,1398693753.2937284,[{'idp': 103, 'x': 8.88, 'y': 1.17, 'r': 0.4, 'type': 1}]
22246,1398693753.3337283,[{'idp': 103, 'x': 8.898, 'y': 1.153, 'r': 0.4, 'type': 1}]
22247,1398693753.3395991,[{'idp': 103, 'x': 8.879, 'y': 1.111, 'r': 0.4, 'type': 1}]
22248,1398693753.3777046,[{'idp': 103, 'x': 8.866, 'y': 1.09, 'r': 0.4, 'type': 1}]
22249,1398693753.4177094,[{'idp': 103, 'x': 8.899, 'y': 1.074, 'r': 0.4, 'type': 1}]
22250,1398693753.41774,[{'idp': 103, 'x': 8.895, 'y': 1.093, 'r': 0.4, 'type': 1}]
22251,1398693753.457708,[{'idp': 103, 'x': 8.918, 'y': 1.096, 'r': 0.4, 'type': 1}]
22252,1398693753.4636347,[{'idp': 103, 'x': 8.925, 'y': 1.077, 'r': 0.4, 'type': 1}]
22253,1398693753.501729,[{'idp': 103, 'x': 8.885, 'y': 1.038, 'r': 0.4, 'type': 1}]
22254,1398693753.5417526,[{'idp': 103, 'x': 8.882, 'y': 1.023, 'r': 0.4, 'type': 1}]
22255,1398693753.5417852,[{'idp': 103, 'x': 8.902, 'y': 0.952, 'r': 0.4, 'type': 1}]
22256,1398693753.5817134,[{'idp': 103, 'x': 8.917, 'y': 1.002, 'r': 0.4, 'type': 1}]
22257,1398693753.588244,[{'idp': 103, 'x': 8.874, 'y': 0.953, 'r': 0.4, 'type': 1}]
22258,1398693753.6257226,[{'idp': 103, 'x': 8.881, 'y': 0.89, 'r': 0.4, 'type': 1}]
22259,1398693753.6657836,[{'idp': 103, 'x': 8.848, 'y': 0.951, 'r': 0.4, 'type': 1}]
22260,1398693753.6658134,[{'idp': 103, 'x': 8.873, 'y': 0.901, 'r': 0.4, 'type': 1}]
22261,1398693753.7057428,[{'idp': 103, 'x': 8.89, 'y': 0.842, 'r': 0.4, 'type': 1}]
22262,1398693753.7129486,[{'idp': 103, 'x': 8.957, 'y': 0.843, 'r': 0.4, 'type': 1}]
22263,1398693753.7497344,[{'idp': 103, 'x': 8.896, 'y': 0.818, 'r': 0.4, 'type': 1}]
22264,1398693753.7896435,[{'idp': 103, 'x': 8.87, 'y': 0.796, 'r': 0.4, 'type': 1}]
22265,1398693753.7896714,[{'idp': 103, 'x': 8.868, 'y': 0.777, 'r': 0.4, 'type': 1}]
22266,1398693753.8296933,[{'idp': 103, 'x': 8.858, 'y': 0.757, 'r': 0.4, 'type': 1}]
22267,1398693753.837412,[{'idp': 103, 'x': 8.837, 'y': 0.755, 'r': 0.4, 'type': 1}]
22268,1398693753.8737042,[{'idp': 103, 'x': 8.825, 'y': 0.734, 'r': 0.4, 'type': 1}]
22269,1398693753.9137588,[{'idp': 103, 'x': 8.809, 'y': 0.714, 'r': 0.4, 'type': 1}]
22270,1398693753.913798,[{'idp': 103, 'x': 8.804, 'y': 0.674, 'r': 0.4, 'type': 1}]
22271,1398693753.9537494,[{'idp': 103, 'x': 8.767, 'y': 0.67, 'r': 0.4, 'type': 1}]
22272,1398693753.9611251,[{'idp': 103, 'x': 8.757, 'y': 0.669, 'r': 0.4, 'type': 1}]
22273,1398693753.997639,[{'idp': 103, 'x': 8.732, 'y': 0.667, 'r': 0.4, 'type': 1}]
22274,1398693754.037671,[{'idp': 103, 'x': 8.743, 'y': 0.649, 'r': 0.4, 'type': 1}]
22275,1398693754.0377011,[{'idp': 103, 'x': 8.774, 'y': 0.612, 'r': 0.4, 'type': 1}]
22276,1398693754.077773,[{'idp': 103, 'x': 8.738, 'y': 0.61, 'r': 0.4, 'type': 1}]
22277,1398693754.0854452,[{'idp': 103, 'x': 8.723, 'y': 0.609, 'r': 0.4, 'type': 1}]
22278,1398693754.1257312,[{'idp': 103, 'x': 8.749, 'y': 0.591, 'r': 0.4, 'type': 1}]
22279,1398693754.165695,[{'idp': 103, 'x': 8.741, 'y': 0.552, 'r': 0.4, 'type': 1}]
22280,1398693754.1657279,[{'idp': 103, 'x': 8.755, 'y': 0.534, 'r': 0.4, 'type': 1}, {'idp': 104, 'x': 9.624, 'y': 0.146, 'r': 0.4, 'type': 1}]
22281,1398693754.2057412,[{'idp': 103, 'x': 8.755, 'y': 0.515, 'r': 0.4, 'type': 1}, {'idp': 104, 'x': 9.419, 'y': 0.247, 'r': 0.4, 'type': 1}]
22282,1398693754.2101717,[{'idp': 103, 'x': 8.746, 'y': 0.495, 'r': 0.4, 'type': 1}, {'idp': 104, 'x': 9.405, 'y': 0.246, 'r': 0.4, 'type': 1}]
22283,1398693754.2497141,[{'idp': 103, 'x': 8.747, 'y': 0.476, 'r': 0.4, 'type': 1}, {'idp': 104, 'x': 9.491, 'y': 0.186, 'r': 0.4, 'type': 1}]
22284,1398693754.2897084,[{'idp': 103, 'x': 8.759, 'y': 0.457, 'r': 0.4, 'type': 1}, {'idp': 104, 'x': 9.458, 'y': 0.185, 'r': 0.4, 'type': 1}]
22285,1398693754.289739,[{'idp': 103, 'x': 8.779, 'y': 0.439, 'r': 0.4, 'type': 1}, {'idp': 104, 'x': 9.441, 'y': 0.164, 'r': 0.4, 'type': 1}]
22286,1398693754.3297448,[{'idp': 103, 'x': 8.758, 'y': 0.419, 'r': 0.4, 'type': 1}, {'idp': 104, 'x': 9.447, 'y': 0.144, 'r': 0.4, 'type': 1}]
22287,1398693754.3348584,[{'idp': 103, 'x': 8.724, 'y': 0.399, 'r': 0.4, 'type': 1}, {'idp': 104, 'x': 9.451, 'y': 0.123, 'r': 0.4, 'type': 1}]
22288,1398693754.3737428,[{'idp': 103, 'x': 8.729, 'y': 0.342, 'r': 0.4, 'type': 1}, {'idp': 104, 'x': 9.512, 'y': 0.082, 'r': 0.4, 'type': 1}]
22289,1398693754.4137015,[{'idp': 103, 'x': 8.672, 'y': 0.341, 'r': 0.4, 'type': 1}, {'idp': 104, 'x': 9.493, 'y': 0.082, 'r': 0.4, 'type': 1}]
22290,1398693754.4137282,[{'idp': 103, 'x': 8.681, 'y': 0.284, 'r': 0.4, 'type': 1}, {'idp': 104, 'x': 9.472, 'y': 0.061, 'r': 0.4, 'type': 1}]
22291,1398693754.4536924,[{'idp': 103, 'x': 8.727, 'y': 0.267, 'r': 0.4, 'type': 1}, {'idp': 104, 'x': 9.45, 'y': 0.041, 'r': 0.4, 'type': 1}]
22292,1398693754.459249,[{'idp': 103, 'x': 8.727, 'y': 0.248, 'r': 0.4, 'type': 1}, {'idp': 104, 'x': 9.445, 'y': -0.001, 'r': 0.4, 'type': 1}]
22293,1398693754.49767,[{'idp': 103, 'x': 8.763, 'y': 0.211, 'r': 0.4, 'type': 1}, {'idp': 104, 'x': 9.394, 'y': -0.021, 'r': 0.4, 'type': 1}]
22294,1398693754.5376856,[{'idp': 103, 'x': 8.791, 'y': 0.212, 'r': 0.4, 'type': 1}, {'idp': 104, 'x': 9.467, 'y': -0.063, 'r': 0.4, 'type': 1}]
22295,1398693754.537714,[{'idp': 103, 'x': 8.812, 'y': 0.192, 'r': 0.4, 'type': 1}, {'idp': 104, 'x': 9.475, 'y': -0.084, 'r': 0.4, 'type': 1}]
22296,1398693754.5776906,[{'idp': 103, 'x': 8.826, 'y': 0.193, 'r': 0.4, 'type': 1}, {'idp': 104, 'x': 9.486, 'y': -0.084, 'r': 0.4, 'type': 1}]
22297,1398693754.5848298,[{'idp': 103, 'x': 8.796, 'y': 0.212, 'r': 0.4, 'type': 1}, {'idp': 104, 'x': 9.521, 'y': -0.125, 'r': 0.4, 'type': 1}]
22298,1398693754.6216977,[{'idp': 103, 'x': 8.833, 'y': 0.154, 'r': 0.4, 'type': 1}, {'idp': 104, 'x': 9.504, 'y': -0.166, 'r': 0.4, 'type': 1}]
22299,1398693754.6616952,[{'idp': 103, 'x': 8.796, 'y': 0.173, 'r': 0.4, 'type': 1}, {'idp': 104, 'x': 9.447, 'y': -0.186, 'r': 0.4, 'type': 1}]
22300,1398693754.6617267,[{'idp': 103, 'x': 8.805, 'y': 0.174, 'r': 0.4, 'type': 1}, {'idp': 104, 'x': 9.388, 'y': -0.185, 'r': 0.4, 'type': 1}]
22301,1398693754.7017326,[{'idp': 103, 'x': 8.788, 'y': 0.154, 'r': 0.4, 'type': 1}, {'idp': 104, 'x': 9.368, 'y': -0.185, 'r': 0.4, 'type': 1}]
22302,1398693754.7092652,[{'idp': 103, 'x': 8.804, 'y': 0.154, 'r': 0.4, 'type': 1}, {'idp': 104, 'x': 9.319, 'y': -0.205, 'r': 0.4, 'type': 1}]
22303,1398693754.7457333,[{'idp': 103, 'x': 8.775, 'y': 0.134, 'r': 0.4, 'type': 1}, {'idp': 104, 'x': 9.295, 'y': -0.224, 'r': 0.4, 'type': 1}]
22304,1398693754.7856574,[{'idp': 103, 'x': 8.788, 'y': 0.154, 'r': 0.4, 'type': 1}, {'idp': 104, 'x': 9.252, 'y': -0.224, 'r': 0.4, 'type': 1}]
22305,1398693754.7856853,[{'idp': 103, 'x': 8.801, 'y': 0.134, 'r': 0.4, 'type': 1}, {'idp': 104, 'x': 9.194, 'y': -0.221, 'r': 0.4, 'type': 1}]
22306,1398693754.8257594,[{'idp': 103, 'x': 8.786, 'y': 0.115, 'r': 0.4, 'type': 1}, {'idp': 104, 'x': 9.162, 'y': -0.241, 'r': 0.4, 'type': 1}]
22307,1398693754.8330884,[{'idp': 103, 'x': 8.781, 'y': 0.073, 'r': 0.4, 'type': 1}, {'idp': 104, 'x': 9.268, 'y': -0.264, 'r': 0.4, 'type': 1}]
22308,1398693754.8696895,[{'idp': 103, 'x': 8.802, 'y': 0.057, 'r': 0.4, 'type': 1}, {'idp': 104, 'x': 9.295, 'y': -0.305, 'r': 0.4, 'type': 1}]
22309,1398693754.909746,[{'idp': 103, 'x': 8.767, 'y': 0.035, 'r': 0.4, 'type': 1}, {'idp': 104, 'x': 9.158, 'y': -0.34, 'r': 0.4, 'type': 1}]
22310,1398693754.9097667,[{'idp': 103, 'x': 8.766, 'y': 0.019, 'r': 0.4, 'type': 1}, {'idp': 104, 'x': 9.134, 'y': -0.359, 'r': 0.4, 'type': 1}]
22311,1398693754.949757,[{'idp': 103, 'x': 8.771, 'y': -0.025, 'r': 0.4, 'type': 1}, {'idp': 104, 'x': 9.082, 'y': -0.377, 'r': 0.4, 'type': 1}]
22312,1398693754.9579446,[{'idp': 103, 'x': 8.769, 'y': -0.019, 'r': 0.4, 'type': 1}, {'idp': 104, 'x': 9.154, 'y': -0.381, 'r': 0.4, 'type': 1}]
22313,1398693754.9977033,[{'idp': 103, 'x': 8.748, 'y': -0.042, 'r': 0.4, 'type': 1}, {'idp': 104, 'x': 9.254, 'y': -0.406, 'r': 0.4, 'type': 1}]
22314,1398693755.0377033,[{'idp': 103, 'x': 8.772, 'y': -0.034, 'r': 0.4, 'type': 1}, {'idp': 104, 'x': 9.139, 'y': -0.419, 'r': 0.4, 'type': 1}]
22315,1398693755.0377357,[{'idp': 103, 'x': 8.782, 'y': -0.096, 'r': 0.4, 'type': 1}, {'idp': 104, 'x': 9.207, 'y': -0.438, 'r': 0.2, 'type': 1}, {'idp': 105, 'x': 0.271, 'y': 1.691, 'r': 0.4, 'type': 1}]
22316,1398693755.077807,[{'idp': 103, 'x': 8.803, 'y': -0.135, 'r': 0.4, 'type': 1}, {'idp': 104, 'x': 9.083, 'y': -0.456, 'r': 0.2, 'type': 1}, {'idp': 105, 'x': 0.315, 'y': 1.688, 'r': 0.4, 'type': 1}]
22317,1398693755.0827842,[{'idp': 103, 'x': 8.797, 'y': -0.173, 'r': 0.4, 'type': 1}, {'idp': 104, 'x': 9.097, 'y': -0.457, 'r': 0.2, 'type': 1}, {'idp': 105, 'x': 0.33, 'y': 1.706, 'r': 0.4, 'type': 1}]
22318,1398693755.1217492,[{'idp': 103, 'x': 8.827, 'y': -0.233, 'r': 0.4, 'type': 1}, {'idp': 104, 'x': 9.052, 'y': -0.475, 'r': 0.2, 'type': 1}, {'idp': 105, 'x': 0.332, 'y': 1.704, 'r': 0.4, 'type': 1}]
22319,1398693755.1616864,[{'idp': 103, 'x': 8.854, 'y': -0.272, 'r': 0.4, 'type': 1}, {'idp': 104, 'x': 9.058, 'y': -0.495, 'r': 0.2, 'type': 1}, {'idp': 105, 'x': 0.331, 'y': 1.698, 'r': 0.4, 'type': 1}]
22320,1398693755.1618862,[{'idp': 103, 'x': 8.864, 'y': -0.312, 'r': 0.4, 'type': 1}, {'idp': 104, 'x': 9.046, 'y': -0.493, 'r': 0.2, 'type': 1}, {'idp': 105, 'x': 0.339, 'y': 1.698, 'r': 0.4, 'type': 1}]
22321,1398693755.2016268,[{'idp': 103, 'x': 8.901, 'y': -0.353, 'r': 0.4, 'type': 1}, {'idp': 104, 'x': 9.055, 'y': -0.534, 'r': 0.2, 'type': 1}, {'idp': 105, 'x': 0.35, 'y': 1.696, 'r': 0.4, 'type': 1}]
22322,1398693755.2070215,[{'idp': 103, 'x': 8.853, 'y': -0.351, 'r': 0.4, 'type': 1}, {'idp': 104, 'x': 9.0, 'y': -0.551, 'r': 0.2, 'type': 1}, {'idp': 105, 'x': 0.35, 'y': 1.688, 'r': 0.4, 'type': 1}]
22323,1398693755.2456872,[{'idp': 103, 'x': 8.805, 'y': -0.339, 'r': 0.4, 'type': 1}, {'idp': 104, 'x': 8.985, 'y': -0.589, 'r': 0.2, 'type': 1}, {'idp': 105, 'x': 0.365, 'y': 1.7, 'r': 0.4, 'type': 1}]
22324,1398693755.2856774,[{'idp': 103, 'x': 8.771, 'y': -0.38, 'r': 0.4, 'type': 1}, {'idp': 104, 'x': 8.965, 'y': -0.587, 'r': 0.2, 'type': 1}, {'idp': 105, 'x': 0.382, 'y': 1.715, 'r': 0.4, 'type': 1}]
22325,1398693755.2857094,[{'idp': 103, 'x': 8.799, 'y': -0.434, 'r': 0.4, 'type': 1}, {'idp': 104, 'x': 8.988, 'y': -0.628, 'r': 0.2, 'type': 1}, {'idp': 105, 'x': 0.39, 'y': 1.706, 'r': 0.4, 'type': 1}]
22326,1398693755.3257272,[{'idp': 103, 'x': 8.796, 'y': -0.446, 'r': 0.4, 'type': 1}, {'idp': 104, 'x': 8.983, 'y': -0.668, 'r': 0.2, 'type': 1}, {'idp': 105, 'x': 0.4, 'y': 1.714, 'r': 0.4, 'type': 1}]
22327,1398693755.3325467,[{'idp': 103, 'x': 8.791, 'y': -0.465, 'r': 0.4, 'type': 1}, {'idp': 104, 'x': 8.957, 'y': -0.685, 'r': 0.2, 'type': 1}, {'idp': 105, 'x': 0.409, 'y': 1.712, 'r': 0.4, 'type': 1}]
22328,1398693755.3696632,[{'idp': 103, 'x': 8.795, 'y': -0.48, 'r': 0.4, 'type': 1}, {'idp': 104, 'x': 8.925, 'y': -0.742, 'r': 0.2, 'type': 1}, {'idp': 105, 'x': 0.418, 'y': 1.715, 'r': 0.4, 'type': 1}]
22329,1398693755.4096806,[{'idp': 103, 'x': 8.856, 'y': -0.553, 'r': 0.4, 'type': 1}, {'idp': 104, 'x': 8.925, 'y': -0.78, 'r': 0.2, 'type': 1}, {'idp': 105, 'x': 0.433, 'y': 1.718, 'r': 0.4, 'type': 1}]
22330,1398693755.4097123,[{'idp': 103, 'x': 8.881, 'y': -0.64, 'r': 0.4, 'type': 1}, {'idp': 104, 'x': 8.926, 'y': -0.8, 'r': 0.2, 'type': 1}, {'idp': 105, 'x': 0.449, 'y': 1.715, 'r': 0.4, 'type': 1}]
22331,1398693755.4498038,[{'idp': 103, 'x': 8.916, 'y': -0.634, 'r': 0.4, 'type': 1}, {'idp': 104, 'x': 8.961, 'y': -0.803, 'r': 0.2, 'type': 1}, {'idp': 105, 'x': 0.462, 'y': 1.705, 'r': 0.4, 'type': 1}]
22332,1398693755.4579196,[{'idp': 103, 'x': 8.901, 'y': -0.65, 'r': 0.4, 'type': 1}, {'idp': 104, 'x': 8.939, 'y': -0.841, 'r': 0.2, 'type': 1}, {'idp': 105, 'x': 0.473, 'y': 1.683, 'r': 0.4, 'type': 1}]
22333,1398693755.497699,[{'idp': 103, 'x': 8.878, 'y': -0.719, 'r': 0.4, 'type': 1}, {'idp': 104, 'x': 8.929, 'y': -0.899, 'r': 0.2, 'type': 1}, {'idp': 105, 'x': 0.482, 'y': 1.675, 'r': 0.4, 'type': 1}]
22334,1398693755.5377393,[{'idp': 103, 'x': 8.87, 'y': -0.743, 'r': 0.4, 'type': 1}, {'idp': 104, 'x': 8.919, 'y': -0.937, 'r': 0.2, 'type': 1}, {'idp': 105, 'x': 0.497, 'y': 1.679, 'r': 0.4, 'type': 1}]
22335,1398693755.5377727,[{'idp': 103, 'x': 8.883, 'y': -0.758, 'r': 0.4, 'type': 1}, {'idp': 104, 'x': 8.907, 'y': -0.956, 'r': 0.2, 'type': 1}, {'idp': 105, 'x': 0.493, 'y': 1.638, 'r': 0.4, 'type': 1}]
22336,1398693755.5776963,[{'idp': 103, 'x': 8.908, 'y': -0.82, 'r': 0.4, 'type': 1}, {'idp': 104, 'x': 8.918, 'y': -0.996, 'r': 0.2, 'type': 1}, {'idp': 105, 'x': 0.491, 'y': 1.63, 'r': 0.4, 'type': 1}]
22337,1398693755.5814846,[{'idp': 103, 'x': 8.917, 'y': -0.847, 'r': 0.4, 'type': 1}, {'idp': 104, 'x': 8.899, 'y': -1.014, 'r': 0.2, 'type': 1}, {'idp': 105, 'x': 0.502, 'y': 1.65, 'r': 0.4, 'type': 1}]
22338,1398693755.6177678,[{'idp': 103, 'x': 8.921, 'y': -0.856, 'r': 0.4, 'type': 1}, {'idp': 104, 'x': 8.916, 'y': -1.035, 'r': 0.2, 'type': 1}, {'idp': 105, 'x': 0.504, 'y': 1.655, 'r': 0.4, 'type': 1}]
22339,1398693755.657688,[{'idp': 103, 'x': 8.979, 'y': -0.846, 'r': 0.4, 'type': 1}, {'idp': 104, 'x': 8.921, 'y': -1.016, 'r': 0.2, 'type': 1}, {'idp': 105, 'x': 0.517, 'y': 1.681, 'r': 0.4, 'type': 1}]
22340,1398693755.657724,[{'idp': 103, 'x': 8.983, 'y': -0.911, 'r': 0.4, 'type': 1}, {'idp': 104, 'x': 8.902, 'y': -1.034, 'r': 0.2, 'type': 1}, {'idp': 105, 'x': 0.517, 'y': 1.681, 'r': 0.4, 'type': 1}]
22341,1398693755.6979125,[{'idp': 103, 'x': 8.998, 'y': -0.926, 'r': 0.4, 'type': 1}, {'idp': 104, 'x': 8.913, 'y': -1.055, 'r': 0.2, 'type': 1}, {'idp': 105, 'x': 0.514, 'y': 1.684, 'r': 0.4, 'type': 1}]
22342,1398693755.7058806,[{'idp': 103, 'x': 8.539, 'y': -0.397, 'r': 0.4, 'type': 1}, {'idp': 104, 'x': 9.207, 'y': -1.065, 'r': 0.4, 'type': 1}, {'idp': 105, 'x': 0.512, 'y': 1.689, 'r': 0.4, 'type': 1}]
22343,1398693755.7457395,[{'idp': 103, 'x': 8.511, 'y': -0.522, 'r': 0.4, 'type': 1}, {'idp': 104, 'x': 9.054, 'y': -0.99, 'r': 0.4, 'type': 1}, {'idp': 105, 'x': 0.511, 'y': 1.697, 'r': 0.4, 'type': 1}]
22344,1398693755.7856617,[{'idp': 103, 'x': 8.485, 'y': -0.557, 'r': 0.4, 'type': 1}, {'idp': 104, 'x': 9.039, 'y': -1.028, 'r': 0.4, 'type': 1}, {'idp': 105, 'x': 0.506, 'y': 1.694, 'r': 0.4, 'type': 1}]
22345,1398693755.7856908,[{'idp': 103, 'x': 8.428, 'y': -0.571, 'r': 0.4, 'type': 1}, {'idp': 104, 'x': 9.016, 'y': -1.026, 'r': 0.4, 'type': 1}, {'idp': 105, 'x': 0.496, 'y': 1.704, 'r': 0.4, 'type': 1}]
22346,1398693755.8257508,[{'idp': 103, 'x': 8.384, 'y': -0.586, 'r': 0.4, 'type': 1}, {'idp': 104, 'x': 9.041, 'y': -1.029, 'r': 0.4, 'type': 1}, {'idp': 105, 'x': 0.487, 'y': 1.698, 'r': 0.4, 'type': 1}]
22347,1398693755.8308568,[{'idp': 103, 'x': 8.36, 'y': -0.621, 'r': 0.4, 'type': 1}, {'idp': 104, 'x': 9.062, 'y': -1.031, 'r': 0.4, 'type': 1}, {'idp': 105, 'x': 0.476, 'y': 1.689, 'r': 0.4, 'type': 1}]
22348,1398693755.869734,[{'idp': 103, 'x': 8.391, 'y': -0.679, 'r': 0.4, 'type': 1}, {'idp': 104, 'x': 9.065, 'y': -1.032, 'r': 0.4, 'type': 1}, {'idp': 105, 'x': 0.472, 'y': 1.701, 'r': 0.4, 'type': 1}]
22349,1398693755.9096792,[{'idp': 103, 'x': 8.413, 'y': -0.717, 'r': 0.4, 'type': 1}, {'idp': 104, 'x': 9.084, 'y': -1.054, 'r': 0.4, 'type': 1}, {'idp': 105, 'x': 0.461, 'y': 1.691, 'r': 0.4, 'type': 1}]
22350,1398693755.9097464,[{'idp': 103, 'x': 8.437, 'y': -0.718, 'r': 0.4, 'type': 1}, {'idp': 104, 'x': 8.976, 'y': -1.122, 'r': 0.4, 'type': 1}, {'idp': 105, 'x': 0.454, 'y': 1.693, 'r': 0.4, 'type': 1}]
22351,1398693755.9497118,[{'idp': 103, 'x': 8.441, 'y': -0.756, 'r': 0.4, 'type': 1}, {'idp': 104, 'x': 8.934, 'y': -1.136, 'r': 0.4, 'type': 1}, {'idp': 105, 'x': 0.437, 'y': 1.691, 'r': 0.4, 'type': 1}]
22352,1398693755.9551141,[{'idp': 103, 'x': 8.425, 'y': -0.754, 'r': 0.4, 'type': 1}, {'idp': 104, 'x': 8.85, 'y': -1.145, 'r': 0.4, 'type': 1}, {'idp': 105, 'x': 0.43, 'y': 1.695, 'r': 0.4, 'type': 1}]
22353,1398693755.993739,[{'idp': 103, 'x': 8.433, 'y': -0.755, 'r': 0.4, 'type': 1}, {'idp': 104, 'x': 8.85, 'y': -1.145, 'r': 0.4, 'type': 1}, {'idp': 105, 'x': 0.422, 'y': 1.709, 'r': 0.4, 'type': 1}]
22354,1398693756.0337143,[{'idp': 103, 'x': 8.425, 'y': -0.773, 'r': 0.4, 'type': 1}, {'idp': 104, 'x': 8.85, 'y': -1.145, 'r': 0.4, 'type': 1}, {'idp': 105, 'x': 0.414, 'y': 1.708, 'r': 0.4, 'type': 1}]
22355,1398693756.0337408,[{'idp': 103, 'x': 8.417, 'y': -0.772, 'r': 0.4, 'type': 1}, {'idp': 104, 'x': 8.85, 'y': -1.145, 'r': 0.4, 'type': 1}, {'idp': 105, 'x': 0.403, 'y': 1.709, 'r': 0.4, 'type': 1}]
22356,1398693756.0737693,[{'idp': 103, 'x': 8.396, 'y': -0.789, 'r': 0.4, 'type': 1}, {'idp': 104, 'x': 8.85, 'y': -1.145, 'r': 0.4, 'type': 1}, {'idp': 105, 'x': 0.394, 'y': 1.708, 'r': 0.4, 'type': 1}]
22357,1398693756.0805142,[{'idp': 103, 'x': 8.402, 'y': -0.808, 'r': 0.4, 'type': 1}, {'idp': 104, 'x': 8.85, 'y': -1.145, 'r': 0.4, 'type': 1}, {'idp': 105, 'x': 0.379, 'y': 1.709, 'r': 0.4, 'type': 1}]
22358,1398693756.1177034,[{'idp': 103, 'x': 8.39, 'y': -0.807, 'r': 0.4, 'type': 1}, {'idp': 105, 'x': 0.365, 'y': 1.717, 'r': 0.4, 'type': 1}]
22359,1398693756.1576712,[{'idp': 103, 'x': 8.384, 'y': -0.824, 'r': 0.4, 'type': 1}, {'idp': 105, 'x': 0.346, 'y': 1.702, 'r': 0.4, 'type': 1}]
22360,1398693756.1577024,[{'idp': 103, 'x': 8.359, 'y': -0.859, 'r': 0.4, 'type': 1}, {'idp': 105, 'x': 0.34, 'y': 1.71, 'r': 0.4, 'type': 1}]
22361,1398693756.1977415,[{'idp': 103, 'x': 8.342, 'y': -0.875, 'r': 0.4, 'type': 1}, {'idp': 105, 'x': 0.325, 'y': 1.712, 'r': 0.4, 'type': 1}]
22362,1398693756.2042258,[{'idp': 103, 'x': 8.338, 'y': -0.875, 'r': 0.4, 'type': 1}, {'idp': 105, 'x': 0.31, 'y': 1.717, 'r': 0.4, 'type': 1}]
22363,1398693756.2417727,[{'idp': 103, 'x': 8.359, 'y': -0.877, 'r': 0.4, 'type': 1}, {'idp': 105, 'x': 0.296, 'y': 1.72, 'r': 0.4, 'type': 1}]
22364,1398693756.2816355,[{'idp': 103, 'x': 8.328, 'y': -0.892, 'r': 0.4, 'type': 1}, {'idp': 105, 'x': 0.279, 'y': 1.714, 'r': 0.4, 'type': 1}]
22365,1398693756.2816546,[{'idp': 103, 'x': 8.333, 'y': -0.893, 'r': 0.4, 'type': 1}, {'idp': 105, 'x': 0.27, 'y': 1.724, 'r': 0.4, 'type': 1}]
22366,1398693756.3216977,[{'idp': 103, 'x': 8.283, 'y': -0.942, 'r': 0.4, 'type': 1}, {'idp': 105, 'x': 0.254, 'y': 1.725, 'r': 0.4, 'type': 1}]
22367,1398693756.3294873,[{'idp': 103, 'x': 8.265, 'y': -0.959, 'r': 0.4, 'type': 1}, {'idp': 105, 'x': 0.247, 'y': 1.726, 'r': 0.4, 'type': 1}]
22368,1398693756.36579,[{'idp': 103, 'x': 8.26, 'y': -0.976, 'r': 0.4, 'type': 1}, {'idp': 105, 'x': 0.235, 'y': 1.723, 'r': 0.4, 'type': 1}]
22369,1398693756.405688,[{'idp': 103, 'x': 8.227, 'y': -0.991, 'r': 0.4, 'type': 1}, {'idp': 105, 'x': 0.22, 'y': 1.73, 'r': 0.4, 'type': 1}]
22370,1398693756.4057333,[{'idp': 103, 'x': 8.194, 'y': -1.005, 'r': 0.4, 'type': 1}, {'idp': 105, 'x': 0.21, 'y': 1.732, 'r': 0.4, 'type': 1}]
22371,1398693756.4457448,[{'idp': 103, 'x': 8.201, 'y': -1.006, 'r': 0.4, 'type': 1}, {'idp': 105, 'x': 0.197, 'y': 1.727, 'r': 0.4, 'type': 1}]
22372,1398693756.45386,[{'idp': 103, 'x': 8.143, 'y': -0.999, 'r': 0.4, 'type': 1}, {'idp': 105, 'x': 0.186, 'y': 1.73, 'r': 0.4, 'type': 1}]
22373,1398693756.493717,[{'idp': 103, 'x': 8.09, 'y': -1.011, 'r': 0.4, 'type': 1}, {'idp': 105, 'x': 0.171, 'y': 1.733, 'r': 0.4, 'type': 1}]
22374,1398693756.5337238,[{'idp': 103, 'x': 8.042, 'y': -1.023, 'r': 0.4, 'type': 1}, {'idp': 105, 'x': 0.164, 'y': 1.733, 'r': 0.4, 'type': 1}]
22375,1398693756.5337803,[{'idp': 103, 'x': 8.041, 'y': -1.023, 'r': 0.4, 'type': 1}, {'idp': 105, 'x': 0.148, 'y': 1.73, 'r': 0.4, 'type': 1}]
22376,1398693756.5737312,[{'idp': 103, 'x': 8.029, 'y': -1.021, 'r': 0.4, 'type': 1}, {'idp': 105, 'x': 0.144, 'y': 1.731, 'r': 0.4, 'type': 1}]
22377,1398693756.5792632,[{'idp': 103, 'x': 8.036, 'y': -1.022, 'r': 0.4, 'type': 1}, {'idp': 105, 'x': 0.137, 'y': 1.74, 'r': 0.4, 'type': 1}]
22378,1398693756.6177633,[{'idp': 103, 'x': 8.014, 'y': -1.02, 'r': 0.4, 'type': 1}, {'idp': 105, 'x': 0.133, 'y': 1.736, 'r': 0.4, 'type': 1}]
22379,1398693756.6576457,[{'idp': 103, 'x': 8.007, 'y': -1.018, 'r': 0.4, 'type': 1}, {'idp': 105, 'x': 0.13, 'y': 1.754, 'r': 0.4, 'type': 1}]
22380,1398693756.6576755,[{'idp': 103, 'x': 7.98, 'y': -1.015, 'r': 0.4, 'type': 1}, {'idp': 105, 'x': 0.126, 'y': 1.75, 'r': 0.4, 'type': 1}]
22381,1398693756.6977224,[{'idp': 103, 'x': 7.949, 'y': -1.029, 'r': 0.4, 'type': 1}, {'idp': 105, 'x': 0.119, 'y': 1.759, 'r': 0.4, 'type': 1}]
22382,1398693756.7029862,[{'idp': 103, 'x': 7.964, 'y': -1.031, 'r': 0.4, 'type': 1}, {'idp': 105, 'x': 0.114, 'y': 1.755, 'r': 0.4, 'type': 1}]
22383,1398693756.7416985,[{'idp': 103, 'x': 7.953, 'y': -1.029, 'r': 0.4, 'type': 1}, {'idp': 105, 'x': 0.107, 'y': 1.778, 'r': 0.4, 'type': 1}]
22384,1398693756.7816336,[{'idp': 103, 'x': 7.958, 'y': -1.03, 'r': 0.4, 'type': 1}, {'idp': 105, 'x': 0.103, 'y': 1.78, 'r': 0.4, 'type': 1}]
22385,1398693756.7816627,[{'idp': 103, 'x': 7.965, 'y': -1.048, 'r': 0.4, 'type': 1}, {'idp': 105, 'x': 0.1, 'y': 1.798, 'r': 0.4, 'type': 1}]
22386,1398693756.8217993,[{'idp': 103, 'x': 7.925, 'y': -1.043, 'r': 0.4, 'type': 1}, {'idp': 105, 'x': 0.092, 'y': 1.798, 'r': 0.4, 'type': 1}]
22387,1398693756.8278134,[{'idp': 103, 'x': 7.958, 'y': -1.065, 'r': 0.4, 'type': 1}, {'idp': 105, 'x': 0.087, 'y': 1.804, 'r': 0.4, 'type': 1}]
22388,1398693756.8656988,[{'idp': 103, 'x': 7.924, 'y': -1.078, 'r': 0.4, 'type': 1}, {'idp': 105, 'x': 0.084, 'y': 1.825, 'r': 0.4, 'type': 1}]
22389,1398693756.9056604,[{'idp': 103, 'x': 7.941, 'y': -1.081, 'r': 0.4, 'type': 1}, {'idp': 105, 'x': 0.08, 'y': 1.826, 'r': 0.4, 'type': 1}]
22390,1398693756.905691,[{'idp': 103, 'x': 7.941, 'y': -1.081, 'r': 0.4, 'type': 1}, {'idp': 105, 'x': 0.072, 'y': 1.826, 'r': 0.4, 'type': 1}]
22391,1398693756.9457428,[{'idp': 103, 'x': 7.941, 'y': -1.081, 'r': 0.4, 'type': 1}, {'idp': 105, 'x': 0.068, 'y': 1.825, 'r': 0.4, 'type': 1}]
22392,1398693756.9525957,[{'idp': 103, 'x': 7.941, 'y': -1.081, 'r': 0.4, 'type': 1}, {'idp': 105, 'x': 0.06, 'y': 1.82, 'r': 0.4, 'type': 1}]
22393,1398693756.989731,[{'idp': 103, 'x': 7.941, 'y': -1.081, 'r': 0.4, 'type': 1}, {'idp': 105, 'x': 0.056, 'y': 1.811, 'r': 0.4, 'type': 1}]
22394,1398693757.029766,[{'idp': 103, 'x': 7.941, 'y': -1.081, 'r': 0.4, 'type': 1}, {'idp': 105, 'x': 0.053, 'y': 1.828, 'r': 0.4, 'type': 1}]
22395,1398693757.029794,[{'idp': 103, 'x': 7.941, 'y': -1.081, 'r': 0.4, 'type': 1}, {'idp': 105, 'x': 0.049, 'y': 1.829, 'r': 0.4, 'type': 1}]
22396,1398693757.0698454,[{'idp': 103, 'x': 7.941, 'y': -1.081, 'r': 0.4, 'type': 1}, {'idp': 105, 'x': 0.045, 'y': 1.845, 'r': 0.4, 'type': 1}]
22397,1398693757.077494,[{'idp': 103, 'x': 7.941, 'y': -1.081, 'r': 0.4, 'type': 1}, {'idp': 105, 'x': 0.037, 'y': 1.859, 'r': 0.4, 'type': 1}]
22398,1398693757.1138897,[{'idp': 103, 'x': 7.941, 'y': -1.081, 'r': 0.4, 'type': 1}, {'idp': 105, 'x': 0.028, 'y': 1.844, 'r': 0.4, 'type': 1}]
22399,1398693757.1537175,[{'idp': 103, 'x': 7.941, 'y': -1.081, 'r': 0.4, 'type': 1}, {'idp': 105, 'x': 0.025, 'y': 1.854, 'r': 0.4, 'type': 1}]
22400,1398693757.1537411,[{'idp': 103, 'x': 7.941, 'y': -1.081, 'r': 0.4, 'type': 1}, {'idp': 105, 'x': 0.021, 'y': 1.895, 'r': 0.4, 'type': 1}]
22401,1398693757.1936915,[{'idp': 103, 'x': 7.941, 'y': -1.081, 'r': 0.4, 'type': 1}, {'idp': 105, 'x': 0.012, 'y': 1.88, 'r': 0.4, 'type': 1}]
22402,1398693757.2019606,[{'idp': 103, 'x': 7.941, 'y': -1.081, 'r': 0.4, 'type': 1}, {'idp': 105, 'x': 0.008, 'y': 1.894, 'r': 0.4, 'type': 1}]
22403,1398693757.2416956,[{'idp': 103, 'x': 7.941, 'y': -1.081, 'r': 0.4, 'type': 1}, {'idp': 105, 'x': 0.008, 'y': 1.894, 'r': 0.4, 'type': 1}]
22404,1398693757.2816844,[{'idp': 103, 'x': 7.941, 'y': -1.081, 'r': 0.4, 'type': 1}, {'idp': 105, 'x': 0.008, 'y': 1.894, 'r': 0.4, 'type': 1}]
22405,1398693757.2817152,[{'idp': 103, 'x': 7.941, 'y': -1.081, 'r': 0.4, 'type': 1}, {'idp': 105, 'x': 0.008, 'y': 1.894, 'r': 0.4, 'type': 1}]
22406,1398693757.3217351,[{'idp': 103, 'x': 7.941, 'y': -1.081, 'r': 0.4, 'type': 1}]
22407,1398693757.326594,[{'idp': 103, 'x': 7.941, 'y': -1.081, 'r': 0.4, 'type': 1}]
22408,1398693757.3656785,[{'idp': 103, 'x': 7.941, 'y': -1.081, 'r': 0.4, 'type': 1}]
22409,1398693757.4056602,[{'idp': 103, 'x': 7.941, 'y': -1.081, 'r': 0.4, 'type': 1}]
22410,1398693757.4056897,[{'idp': 103, 'x': 7.941, 'y': -1.081, 'r': 0.4, 'type': 1}]
22411,1398693757.445734,[{'idp': 103, 'x': 7.941, 'y': -1.081, 'r': 0.4, 'type': 1}]
22412,1398693757.4518366,[{'idp': 103, 'x': 7.941, 'y': -1.081, 'r': 0.4, 'type': 1}]
22413,1398693757.489714,[{'idp': 103, 'x': 7.941, 'y': -1.081, 'r': 0.4, 'type': 1}]
22414,1398693757.5297287,[{'idp': 103, 'x': 7.941, 'y': -1.081, 'r': 0.4, 'type': 1}]
22415,1398693757.5297635,[{'idp': 103, 'x': 7.941, 'y': -1.081, 'r': 0.4, 'type': 1}]
22416,1398693757.5696871,[{'idp': 103, 'x': 7.941, 'y': -1.081, 'r': 0.4, 'type': 1}]
22417,1398693757.576122,[]
22418,1398693757.6137013,[]
22419,1398693757.6536963,[]
22420,1398693757.6537356,[]
22421,1398693757.6937764,[]
22422,1398693757.7007775,[]
22423,1398693757.7377746,[]
22424,1398693757.7777126,[]
22425,1398693757.7777398,[]
22426,1398693757.81779,[]
22427,1398693757.825253,[]
22428,1398693757.8617237,[]
22429,1398693757.9017239,[]
22430,1398693757.9017353,[]
22431,1398693757.941784,[]
22432,1398693757.949924,[]
22433,1398693757.9896903,[]
22434,1398693758.0296683,[]
22435,1398693758.0296981,[]
22436,1398693758.0697403,[]
22437,1398693758.074863,[]
22438,1398693758.113692,[]
22439,1398693758.153677,[]
22440,1398693758.1537237,[]
22441,1398693758.1937466,[]
22442,1398693758.1991184,[]
22443,1398693758.237727,[]
22444,1398693758.2816527,[]
22445,1398693758.281686,[]
22446,1398693758.325733,[]
22447,1398693758.3257558,[]
22448,1398693758.3658855,[]
22449,1398693758.3744428,[]
22450,1398693758.4136968,[]
22451,1398693758.4536848,[]
22452,1398693758.453717,[]
22453,1398693758.493742,[]
22454,1398693758.4992511,[]
22455,1398693758.537713,[]
22456,1398693758.5776536,[]
22457,1398693758.577673,[]
22458,1398693758.6177354,[]
22459,1398693758.6236308,[]
22460,1398693758.6616933,[]
22461,1398693758.701688,[]
22462,1398693758.7017221,[]
22463,1398693758.7417076,[]
22464,1398693758.7488053,[]
22465,1398693758.7857115,[]
22466,1398693758.8256786,[]
22467,1398693758.825708,[]
22468,1398693758.865677,[]
22469,1398693758.873757,[]
22470,1398693758.9137406,[]
22471,1398693758.9536948,[]
22472,1398693758.9537284,[]
22473,1398693758.993679,[]
22474,1398693758.998232,[]
22475,1398693759.0377173,[]
22476,1398693759.0777843,[]
22477,1398693759.0778074,[]
22478,1398693759.1178246,[]
22479,1398693759.1287823,[]
22480,1398693759.1657917,[]
22481,1398693759.2056506,[]
22482,1398693759.2056894,[]
22483,1398693759.245675,[]
22484,1398693759.2466016,[]
22485,1398693759.2857323,[]
22486,1398693759.3257055,[]
22487,1398693759.3257303,[]
22488,1398693759.3658016,[]
22489,1398693759.3719807,[]
22490,1398693759.4096563,[]
22491,1398693759.4497504,[]
22492,1398693759.4497788,[]
22493,1398693759.4897404,[]
22494,1398693759.4967675,[]
22495,1398693759.5337024,[]
22496,1398693759.5736523,[]
22497,1398693759.5736823,[]
22498,1398693759.6137486,[]
22499,1398693759.6219935,[]
22500,1398693759.6617227,[]
22501,1398693759.7016754,[]
22502,1398693759.7017095,[]
22503,1398693759.741672,[]
22504,1398693759.7463932,[]
22505,1398693759.785705,[]
22506,1398693759.8257265,[]
22507,1398693759.8257537,[]
22508,1398693759.8656993,[]
22509,1398693759.870744,[]
22510,1398693759.9097126,[]
22511,1398693759.9496417,[]
22512,1398693759.9496632,[]
22513,1398693759.9897556,[]
22514,1398693759.9972537,[]
22515,1398693760.0336423,[]
22516,1398693760.0737147,[]
22517,1398693760.0737445,[]
22518,1398693760.1137006,[]
22519,1398693760.1195083,[]
22520,1398693760.1577086,[]
22521,1398693760.1977067,[]
22522,1398693760.1977372,[]
22523,1398693760.237773,[]
22524,1398693760.2448668,[]
22525,1398693760.2816858,[]
22526,1398693760.3216815,[]
22527,1398693760.3217344,[]
22528,1398693760.361774,[]
22529,1398693760.3691251,[]
22530,1398693760.4056652,[]
22531,1398693760.4456577,[]
22532,1398693760.445688,[]
22533,1398693760.4856973,[]
22534,1398693760.4942434,[]
22535,1398693760.533708,[]
22536,1398693760.573673,[]
22537,1398693760.573707,[]
22538,1398693760.6136918,[]
22539,1398693760.6180255,[]
22540,1398693760.657661,[]
22541,1398693760.6976733,[]
22542,1398693760.697704,[]
22543,1398693760.7376392,[]
22544,1398693760.7426202,[]
22545,1398693760.781649,[]
22546,1398693760.8216984,[]
22547,1398693760.8217301,[]
22548,1398693760.861653,[]
22549,1398693760.867483,[]
22550,1398693760.905708,[]
22551,1398693760.9456832,[]
22552,1398693760.9457123,[]
22553,1398693760.9857533,[]
22554,1398693760.9921355,[]
22555,1398693761.0297425,[]
22556,1398693761.0696828,[]
22557,1398693761.0697136,[]
22558,1398693761.1097517,[]
22559,1398693761.1168723,[]
22560,1398693761.1537113,[]
22561,1398693761.1937006,[]
22562,1398693761.1937268,[]
22563,1398693761.233671,[]
22564,1398693761.2411807,[]
22565,1398693761.2776742,[]
22566,1398693761.317698,[]
22567,1398693761.3177166,[]
22568,1398693761.3577332,[]
22569,1398693761.3662355,[]
22570,1398693761.40573,[]
22571,1398693761.4457238,[]
22572,1398693761.4457512,[]
22573,1398693761.485718,[]
22574,1398693761.4911573,[]
22575,1398693761.5296857,[]
22576,1398693761.5697458,[]
22577,1398693761.5697725,[]
22578,1398693761.609728,[]
22579,1398693761.6154807,[]
22580,1398693761.653683,[]
22581,1398693761.6936703,[]
22582,1398693761.6936913,[]
22583,1398693761.7337334,[]
22584,1398693761.7399793,[]
22585,1398693761.7776923,[]
22586,1398693761.817702,[]
22587,1398693761.817731,[]
22588,1398693761.8576524,[]
22589,1398693761.8651204,[]
22590,1398693761.901682,[]
22591,1398693761.941745,[]
22592,1398693761.94177,[]
22593,1398693761.9817684,[]
22594,1398693761.9896095,[]
22595,1398693762.0256705,[]
22596,1398693762.0658307,[]
22597,1398693762.0658565,[]
22598,1398693762.1057532,[]
22599,1398693762.1139154,[]
22600,1398693762.1536796,[]
22601,1398693762.193706,[]
22602,1398693762.1937366,[]
22603,1398693762.2337203,[]
22604,1398693762.2382238,[]
22605,1398693762.2816637,[]
22606,1398693762.3216882,[]
22607,1398693762.3217185,[]
22608,1398693762.3617325,[]
22609,1398693762.3630338,[]
22610,1398693762.4017112,[]
22611,1398693762.4417555,[]
22612,1398693762.4417787,[]
22613,1398693762.4818916,[]
22614,1398693762.4872344,[]
22615,1398693762.5256324,[]
22616,1398693762.5657215,[]
22617,1398693762.5657496,[]
22618,1398693762.6057627,[]
22619,1398693762.6112297,[]
22620,1398693762.649713,[]
22621,1398693762.689657,[]
22622,1398693762.6896703,[]
22623,1398693762.7296498,[]
22624,1398693762.7361567,[]
22625,1398693762.7736683,[]
22626,1398693762.8137774,[]
22627,1398693762.8138413,[]
22628,1398693762.8537078,[]
22629,1398693762.860415,[]
22630,1398693762.8976698,[]
22631,1398693762.9377363,[]
22632,1398693762.9377604,[]
22633,1398693762.9777155,[]
22634,1398693762.9856908,[]
22635,1398693763.025693,[]
22636,1398693763.065724,[]
22637,1398693763.065832,[]
22638,1398693763.1057515,[]
22639,1398693763.1098106,[]
22640,1398693763.1496646,[]
22641,1398693763.189703,[]
22642,1398693763.1898017,[]
22643,1398693763.229751,[]
22644,1398693763.2345955,[]
22645,1398693763.2736897,[]
22646,1398693763.3137388,[]
22647,1398693763.3137746,[]
22648,1398693763.3537245,[]
22649,1398693763.3590653,[]
22650,1398693763.3976583,[]
22651,1398693763.4377236,[]
22652,1398693763.4377453,[]
22653,1398693763.477855,[]
22654,1398693763.4840245,[]
22655,1398693763.5216842,[]
22656,1398693763.5616794,[]
22657,1398693763.5617096,[]
22658,1398693763.6017258,[]
22659,1398693763.6088662,[]
22660,1398693763.6457562,[]
22661,1398693763.685667,[]
22662,1398693763.6856866,[]
22663,1398693763.7256536,[]
22664,1398693763.7332466,[]
22665,1398693763.7696836,[]
22666,1398693763.8097084,[]
22667,1398693763.8097425,[]
22668,1398693763.849756,[]
22669,1398693763.8580017,[]
22670,1398693763.8976796,[]
22671,1398693763.9377148,[]
22672,1398693763.937743,[]
22673,1398693763.9777586,[]
22674,1398693763.9826255,[]
22675,1398693764.0216434,[]
22676,1398693764.0617056,[]
22677,1398693764.0617342,[]
22678,1398693764.1017077,[]
22679,1398693764.1074908,[]
22680,1398693764.1458483,[]
22681,1398693764.185609,[]
22682,1398693764.1856947,[]
22683,1398693764.225747,[]
22684,1398693764.2329824,[]
22685,1398693764.269752,[]
22686,1398693764.309707,[]
22687,1398693764.3097332,[]
22688,1398693764.3497233,[]
22689,1398693764.3570457,[]
22690,1398693764.3937478,[]
22691,1398693764.4337037,[]
22692,1398693764.4337356,[]
22693,1398693764.4737527,[]
22694,1398693764.4811084,[]
22695,1398693764.517689,[]
22696,1398693764.5576448,[]
22697,1398693764.5576725,[]
22698,1398693764.597655,[]
22699,1398693764.6062922,[]
22700,1398693764.645733,[]
22701,1398693764.685607,[]
22702,1398693764.6856546,[]
22703,1398693764.725677,[]
22704,1398693764.7306187,[]
22705,1398693764.7697122,[]
22706,1398693764.809753,[]
22707,1398693764.8097894,[]
22708,1398693764.8497114,[]
22709,1398693764.855637,[]
22710,1398693764.8937411,[]
22711,1398693764.9336975,[]
22712,1398693764.9337263,[]
22713,1398693764.9737122,[]
22714,1398693764.9799836,[]
22715,1398693765.0176666,[]
22716,1398693765.0577614,[]
22717,1398693765.057792,[]
22718,1398693765.0976768,[]
22719,1398693765.1062438,[]
22720,1398693765.1457353,[]
22721,1398693765.1857252,[]
22722,1398693765.185756,[]
22723,1398693765.2256963,[]
22724,1398693765.2299457,[]
22725,1398693765.26979,[]
22726,1398693765.3097422,[]
22727,1398693765.3097758,[]
22728,1398693765.3496907,[]
22729,1398693765.3550656,[]
22730,1398693765.3936777,[]
22731,1398693765.4336848,[]
22732,1398693765.4337132,[]
22733,1398693765.4737267,[]
22734,1398693765.479677,[]
22735,1398693765.5177498,[]
22736,1398693765.5577445,[]
22737,1398693765.5577815,[]
22738,1398693765.5977345,[]
22739,1398693765.6042404,[]
22740,1398693765.6417732,[]
22741,1398693765.6817424,[]
22742,1398693765.6817942,[]
22743,1398693765.7216616,[]
22744,1398693765.7294955,[]
22745,1398693765.7657366,[]
22746,1398693765.8057158,[]
22747,1398693765.8057477,[]
22748,1398693765.84575,[]
22749,1398693765.8537297,[]
22750,1398693765.8937378,[]
22751,1398693765.9338548,[]
22752,1398693765.9338858,[]
22753,1398693765.9736836,[]
22754,1398693765.9781594,[]
22755,1398693766.0176835,[]
22756,1398693766.0577335,[]
22757,1398693766.0577648,[]
22758,1398693766.097667,[]
22759,1398693766.1031213,[]
22760,1398693766.1417344,[]
22761,1398693766.1816642,[]
22762,1398693766.181694,[]
22763,1398693766.2217405,[]
22764,1398693766.2275996,[]
22765,1398693766.265699,[]
22766,1398693766.3056948,[]
22767,1398693766.305723,[]
22768,1398693766.3457236,[]
22769,1398693766.3521466,[]
22770,1398693766.3897216,[]
22771,1398693766.429692,[]
22772,1398693766.429724,[]
22773,1398693766.469757,[]
22774,1398693766.4771123,[]
22775,1398693766.5137315,[]
22776,1398693766.5537279,[]
22777,1398693766.5537581,[]
22778,1398693766.593677,[]
22779,1398693766.6019723,[]
22780,1398693766.6417046,[]
22781,1398693766.6817148,[]
22782,1398693766.6817503,[]
22783,1398693766.7217004,[]
22784,1398693766.72629,[]
22785,1398693766.7657192,[]
22786,1398693766.805721,[]
22787,1398693766.805743,[]
22788,1398693766.8456323,[]
22789,1398693766.850797,[]
22790,1398693766.889698,[]
22791,1398693766.9296985,[]
22792,1398693766.929727,[]
22793,1398693766.9696743,[]
22794,1398693766.975455,[]
22795,1398693767.0136995,[]
22796,1398693767.053685,[]
22797,1398693767.053714,[]
22798,1398693767.093694,[]
22799,1398693767.1005037,[]
22800,1398693767.1377423,[]
22801,1398693767.1776826,[]
22802,1398693767.177715,[]
22803,1398693767.2176733,[]
22804,1398693767.2253604,[]
22805,1398693767.2617488,[]
22806,1398693767.301713,[]
22807,1398693767.301743,[]
22808,1398693767.3417969,[]
22809,1398693767.3502476,[]
22810,1398693767.389695,[]
22811,1398693767.4297376,[]
22812,1398693767.4297647,[]
22813,1398693767.4697309,[]
22814,1398693767.475302,[]
22815,1398693767.5137026,[]
22816,1398693767.5537102,[]
22817,1398693767.5537424,[]
22818,1398693767.5937455,[]
22819,1398693767.5987272,[]
22820,1398693767.637745,[]
22821,1398693767.6777384,[]
22822,1398693767.6777773,[]
22823,1398693767.717707,[]
22824,1398693767.7234435,[]
22825,1398693767.7617412,[]
22826,1398693767.801672,[]
22827,1398693767.8017251,[]
22828,1398693767.8417401,[]
22829,1398693767.848449,[]
22830,1398693767.8857398,[]
22831,1398693767.9257302,[]
22832,1398693767.9257607,[]
22833,1398693767.965727,[]
22834,1398693767.9728081,[]
22835,1398693768.0096455,[]
22836,1398693768.0497265,[]
22837,1398693768.0497615,[]
22838,1398693768.0897117,[]
22839,1398693768.097247,[]
22840,1398693768.133721,[]
22841,1398693768.1737087,[]
22842,1398693768.1737378,[]
22843,1398693768.2137046,[]
22844,1398693768.2219617,[]
22845,1398693768.2617009,[]
22846,1398693768.3016515,[]
22847,1398693768.30168,[]
22848,1398693768.3417358,[]
22849,1398693768.348116,[]
22850,1398693768.385726,[]
22851,1398693768.4256501,[]
22852,1398693768.4256775,[]
22853,1398693768.4657369,[]
22854,1398693768.4723876,[]
22855,1398693768.5097005,[]
22856,1398693768.5496998,[]
22857,1398693768.5497296,[]
22858,1398693768.589645,[]
22859,1398693768.5975058,[]
22860,1398693768.6337194,[]
22861,1398693768.6737,[]
22862,1398693768.6737313,[]
22863,1398693768.7137527,[]
22864,1398693768.7223377,[]
22865,1398693768.7617373,[]
22866,1398693768.8016443,[]
22867,1398693768.8017623,[]
22868,1398693768.8416593,[]
22869,1398693768.8476079,[]
22870,1398693768.8857062,[]
22871,1398693768.9256928,[]
22872,1398693768.9257221,[]
22873,1398693768.9656775,[]
22874,1398693768.9725125,[]
22875,1398693769.0097034,[]
22876,1398693769.049705,[]
22877,1398693769.0497692,[]
22878,1398693769.0896792,[]
22879,1398693769.0966957,[]
22880,1398693769.1337113,[]
22881,1398693769.1737232,[]
22882,1398693769.1737547,[]
22883,1398693769.2137141,[]
22884,1398693769.221522,[]
22885,1398693769.257828,[]
22886,1398693769.2976654,[]
22887,1398693769.2976973,[]
22888,1398693769.3377244,[]
22889,1398693769.3467622,[]
22890,1398693769.3856924,[]
22891,1398693769.425701,[]
22892,1398693769.4257338,[]
22893,1398693769.4657068,[]
22894,1398693769.4711697,[]
22895,1398693769.5096505,[]
22896,1398693769.5496938,[]
22897,1398693769.5497248,[]
22898,1398693769.5896554,[]
22899,1398693769.5961244,[]
22900,1398693769.6336896,[]
22901,1398693769.6737118,[]
22902,1398693769.6737425,[]
22903,1398693769.7137933,[]
22904,1398693769.7211378,[]
22905,1398693769.757713,[]
22906,1398693769.7976718,[]
22907,1398693769.7977033,[]
22908,1398693769.8377302,[]
22909,1398693769.8453538,[]
22910,1398693769.8816483,[]
22911,1398693769.9218242,[]
22912,1398693769.9218502,[]
22913,1398693769.961793,[]
22914,1398693769.969965,[]
22915,1398693770.0097039,[]
22916,1398693770.0497398,[]
22917,1398693770.049773,[]
22918,1398693770.0896688,[]
22919,1398693770.0941133,[]
22920,1398693770.1337597,[]
22921,1398693770.1737242,[]
22922,1398693770.1737573,[]
22923,1398693770.2136621,[]
22924,1398693770.21864,[]
22925,1398693770.257654,[]
22926,1398693770.2976537,[]
22927,1398693770.2976847,[]
22928,1398693770.3377683,[]
22929,1398693770.3431938,[]
22930,1398693770.381777,[]
22931,1398693770.4217064,[]
22932,1398693770.4217372,[]
22933,1398693770.4617403,[]
22934,1398693770.4678965,[]
22935,1398693770.5057187,[]
22936,1398693770.5457013,[]
22937,1398693770.5457277,[]
22938,1398693770.5858319,[]
22939,1398693770.5915701,[]
22940,1398693770.6297324,[]
22941,1398693770.6696858,[]
22942,1398693770.6697204,[]
22943,1398693770.7097652,[]
22944,1398693770.7160926,[]
22945,1398693770.753757,[]
22946,1398693770.7936444,[]
22947,1398693770.7936578,[]
22948,1398693770.8336444,[]
22949,1398693770.8401341,[]
22950,1398693770.8777394,[]
22951,1398693770.9176705,[]
22952,1398693770.9177027,[]
22953,1398693770.9577494,[]
22954,1398693770.964821,[]
22955,1398693771.001679,[]
22956,1398693771.041821,[]
22957,1398693771.0418553,[]
22958,1398693771.0817063,[]
22959,1398693771.089064,[]
22960,1398693771.1257129,[]
22961,1398693771.1657252,[]
22962,1398693771.1657522,[]
22963,1398693771.2056992,[]
22964,1398693771.2141912,[]
22965,1398693771.2538087,[]
22966,1398693771.2977293,[]
22967,1398693771.297761,[]
22968,1398693771.337683,[]
22969,1398693771.3391845,[]
22970,1398693771.3777635,[]
22971,1398693771.4176884,[]
22972,1398693771.4177186,[]
22973,1398693771.4577072,[]
22974,1398693771.4624357,[]
22975,1398693771.5017195,[{'idp': 106, 'x': 2.86, 'y': 2.568, 'r': 0.4, 'type': 1}, {'idp': 107, 'x': 1.315, 'y': 3.111, 'r': 0.4, 'type': 1}]
22976,1398693771.5416553,[{'idp': 106, 'x': 2.929, 'y': 2.521, 'r': 0.4, 'type': 1}, {'idp': 107, 'x': 1.269, 'y': 3.117, 'r': 0.4, 'type': 1}]
22977,1398693771.5416832,[{'idp': 106, 'x': 2.916, 'y': 2.523, 'r': 0.4, 'type': 1}, {'idp': 107, 'x': 1.264, 'y': 3.116, 'r': 0.4, 'type': 1}]
22978,1398693771.581755,[{'idp': 106, 'x': 2.921, 'y': 2.524, 'r': 0.4, 'type': 1}, {'idp': 107, 'x': 1.251, 'y': 3.108, 'r': 0.4, 'type': 1}]
22979,1398693771.5873468,[{'idp': 106, 'x': 2.952, 'y': 2.506, 'r': 0.4, 'type': 1}, {'idp': 107, 'x': 1.263, 'y': 3.125, 'r': 0.4, 'type': 1}]
22980,1398693771.6257548,[{'idp': 106, 'x': 2.944, 'y': 2.492, 'r': 0.4, 'type': 1}, {'idp': 107, 'x': 1.258, 'y': 3.121, 'r': 0.4, 'type': 1}]
22981,1398693771.6657057,[{'idp': 106, 'x': 2.957, 'y': 2.497, 'r': 0.4, 'type': 1}, {'idp': 107, 'x': 1.258, 'y': 3.12, 'r': 0.4, 'type': 1}]
22982,1398693771.6657345,[{'idp': 106, 'x': 2.967, 'y': 2.478, 'r': 0.4, 'type': 1}, {'idp': 107, 'x': 1.258, 'y': 3.12, 'r': 0.4, 'type': 1}]
22983,1398693771.7057781,[{'idp': 106, 'x': 2.993, 'y': 2.47, 'r': 0.4, 'type': 1}, {'idp': 107, 'x': 1.256, 'y': 3.11, 'r': 0.4, 'type': 1}]
22984,1398693771.711747,[{'idp': 106, 'x': 2.99, 'y': 2.457, 'r': 0.4, 'type': 1}, {'idp': 107, 'x': 1.261, 'y': 3.126, 'r': 0.4, 'type': 1}]
22985,1398693771.74967,[{'idp': 106, 'x': 3.025, 'y': 2.45, 'r': 0.4, 'type': 1}, {'idp': 107, 'x': 1.251, 'y': 3.109, 'r': 0.4, 'type': 1}]
22986,1398693771.789696,[{'idp': 106, 'x': 3.052, 'y': 2.428, 'r': 0.4, 'type': 1}, {'idp': 107, 'x': 1.241, 'y': 3.108, 'r': 0.4, 'type': 1}]
22987,1398693771.7897243,[{'idp': 106, 'x': 3.06, 'y': 2.424, 'r': 0.4, 'type': 1}, {'idp': 107, 'x': 1.241, 'y': 3.104, 'r': 0.4, 'type': 1}]
22988,1398693771.8297026,[{'idp': 106, 'x': 3.018, 'y': 2.358, 'r': 0.4, 'type': 1}, {'idp': 107, 'x': 1.25, 'y': 3.108, 'r': 0.4, 'type': 1}]
22989,1398693771.836759,[{'idp': 106, 'x': 3.053, 'y': 2.374, 'r': 0.4, 'type': 1}, {'idp': 107, 'x': 1.226, 'y': 3.107, 'r': 0.4, 'type': 1}]
22990,1398693771.8737097,[{'idp': 106, 'x': 3.097, 'y': 2.386, 'r': 0.4, 'type': 1}, {'idp': 107, 'x': 1.233, 'y': 3.104, 'r': 0.4, 'type': 1}]
22991,1398693771.9137607,[{'idp': 106, 'x': 3.11, 'y': 2.385, 'r': 0.4, 'type': 1}, {'idp': 107, 'x': 1.252, 'y': 3.095, 'r': 0.4, 'type': 1}]
22992,1398693771.913789,[{'idp': 106, 'x': 3.177, 'y': 2.402, 'r': 0.4, 'type': 1}, {'idp': 107, 'x': 1.259, 'y': 3.075, 'r': 0.4, 'type': 1}]
22993,1398693771.9537165,[{'idp': 106, 'x': 3.186, 'y': 2.395, 'r': 0.4, 'type': 1}, {'idp': 107, 'x': 1.258, 'y': 3.055, 'r': 0.4, 'type': 1}]
22994,1398693771.9616067,[{'idp': 106, 'x': 3.169, 'y': 2.373, 'r': 0.4, 'type': 1}, {'idp': 107, 'x': 1.285, 'y': 3.065, 'r': 0.4, 'type': 1}]
22995,1398693771.9977582,[{'idp': 106, 'x': 3.192, 'y': 2.375, 'r': 0.4, 'type': 1}, {'idp': 107, 'x': 1.302, 'y': 3.071, 'r': 0.4, 'type': 1}]
22996,1398693772.0376456,[{'idp': 106, 'x': 3.198, 'y': 2.382, 'r': 0.4, 'type': 1}, {'idp': 107, 'x': 1.305, 'y': 3.096, 'r': 0.4, 'type': 1}]
22997,1398693772.0376728,[{'idp': 106, 'x': 3.18, 'y': 2.373, 'r': 0.4, 'type': 1}, {'idp': 107, 'x': 1.323, 'y': 3.083, 'r': 0.4, 'type': 1}]
22998,1398693772.0777164,[{'idp': 106, 'x': 3.185, 'y': 2.372, 'r': 0.4, 'type': 1}, {'idp': 107, 'x': 1.324, 'y': 3.063, 'r': 0.4, 'type': 1}]
22999,1398693772.0858047,[{'idp': 106, 'x': 3.183, 'y': 2.36, 'r': 0.4, 'type': 1}, {'idp': 107, 'x': 1.331, 'y': 3.084, 'r': 0.4, 'type': 1}]
23000,1398693772.1256645,[{'idp': 106, 'x': 3.194, 'y': 2.368, 'r': 0.4, 'type': 1}, {'idp': 107, 'x': 1.332, 'y': 3.075, 'r': 0.4, 'type': 1}]
23001,1398693772.1657176,[{'idp': 106, 'x': 3.193, 'y': 2.357, 'r': 0.4, 'type': 1}, {'idp': 107, 'x': 1.333, 'y': 3.076, 'r': 0.4, 'type': 1}]
23002,1398693772.1657484,[{'idp': 106, 'x': 3.237, 'y': 2.374, 'r': 0.4, 'type': 1}, {'idp': 107, 'x': 1.336, 'y': 3.066, 'r': 0.4, 'type': 1}]
23003,1398693772.205718,[{'idp': 106, 'x': 3.242, 'y': 2.368, 'r': 0.4, 'type': 1}, {'idp': 107, 'x': 1.349, 'y': 3.073, 'r': 0.4, 'type': 1}]
23004,1398693772.2111235,[{'idp': 106, 'x': 3.262, 'y': 2.377, 'r': 0.4, 'type': 1}, {'idp': 107, 'x': 1.352, 'y': 3.051, 'r': 0.4, 'type': 1}]
23005,1398693772.2497082,[{'idp': 106, 'x': 3.207, 'y': 2.338, 'r': 0.4, 'type': 1}, {'idp': 107, 'x': 1.361, 'y': 3.039, 'r': 0.4, 'type': 1}]
23006,1398693772.2896833,[{'idp': 106, 'x': 3.206, 'y': 2.327, 'r': 0.4, 'type': 1}, {'idp': 107, 'x': 1.37, 'y': 3.055, 'r': 0.4, 'type': 1}]
23007,1398693772.289713,[{'idp': 106, 'x': 3.2, 'y': 2.312, 'r': 0.4, 'type': 1}, {'idp': 107, 'x': 1.365, 'y': 3.028, 'r': 0.4, 'type': 1}]
23008,1398693772.3296993,[{'idp': 106, 'x': 3.201, 'y': 2.303, 'r': 0.4, 'type': 1}, {'idp': 107, 'x': 1.369, 'y': 3.032, 'r': 0.4, 'type': 1}]
23009,1398693772.3458514,[{'idp': 106, 'x': 3.185, 'y': 2.271, 'r': 0.4, 'type': 1}, {'idp': 107, 'x': 1.371, 'y': 3.038, 'r': 0.4, 'type': 1}]
23010,1398693772.3856523,[{'idp': 106, 'x': 3.252, 'y': 2.288, 'r': 0.4, 'type': 1}, {'idp': 107, 'x': 1.365, 'y': 3.041, 'r': 0.4, 'type': 1}, {'idp': 108, 'x': 2.484, 'y': 4.071, 'r': 0.4, 'type': 1}]
23011,1398693772.3856776,[{'idp': 106, 'x': 3.272, 'y': 2.27, 'r': 0.4, 'type': 1}, {'idp': 107, 'x': 1.369, 'y': 3.025, 'r': 0.4, 'type': 1}, {'idp': 108, 'x': 2.421, 'y': 3.819, 'r': 0.4, 'type': 1}]
23012,1398693772.4257245,[{'idp': 106, 'x': 3.33, 'y': 2.311, 'r': 0.4, 'type': 1}, {'idp': 107, 'x': 1.353, 'y': 3.021, 'r': 0.4, 'type': 1}, {'idp': 108, 'x': 2.419, 'y': 3.797, 'r': 0.4, 'type': 1}]
23013,1398693772.4358864,[{'idp': 106, 'x': 3.355, 'y': 2.306, 'r': 0.4, 'type': 1}, {'idp': 107, 'x': 1.361, 'y': 3.023, 'r': 0.4, 'type': 1}, {'idp': 108, 'x': 2.452, 'y': 3.812, 'r': 0.4, 'type': 1}]
23014,1398693772.473741,[{'idp': 106, 'x': 3.376, 'y': 2.321, 'r': 0.4, 'type': 1}, {'idp': 107, 'x': 1.348, 'y': 3.025, 'r': 0.4, 'type': 1}, {'idp': 108, 'x': 2.454, 'y': 3.796, 'r': 0.4, 'type': 1}]
23015,1398693772.513713,[{'idp': 106, 'x': 3.423, 'y': 2.32, 'r': 0.4, 'type': 1}, {'idp': 107, 'x': 1.338, 'y': 3.016, 'r': 0.4, 'type': 1}, {'idp': 108, 'x': 2.458, 'y': 3.786, 'r': 0.4, 'type': 1}]
23016,1398693772.5137436,[{'idp': 106, 'x': 3.48, 'y': 2.348, 'r': 0.4, 'type': 1}, {'idp': 107, 'x': 1.346, 'y': 3.005, 'r': 0.4, 'type': 1}, {'idp': 108, 'x': 2.449, 'y': 3.772, 'r': 0.4, 'type': 1}]
23017,1398693772.5537555,[{'idp': 106, 'x': 3.466, 'y': 2.312, 'r': 0.4, 'type': 1}, {'idp': 107, 'x': 1.343, 'y': 3.002, 'r': 0.4, 'type': 1}, {'idp': 108, 'x': 2.416, 'y': 3.783, 'r': 0.4, 'type': 1}]
23018,1398693772.5598416,[{'idp': 106, 'x': 3.493, 'y': 2.334, 'r': 0.4, 'type': 1}, {'idp': 107, 'x': 1.33, 'y': 3.021, 'r': 0.4, 'type': 1}, {'idp': 108, 'x': 2.394, 'y': 3.809, 'r': 0.4, 'type': 1}]
23019,1398693772.5977654,[{'idp': 106, 'x': 3.483, 'y': 2.331, 'r': 0.4, 'type': 1}, {'idp': 107, 'x': 1.334, 'y': 3.021, 'r': 0.4, 'type': 1}, {'idp': 108, 'x': 2.359, 'y': 3.85, 'r': 0.4, 'type': 1}]
23020,1398693772.6376703,[{'idp': 106, 'x': 3.486, 'y': 2.335, 'r': 0.4, 'type': 1}, {'idp': 107, 'x': 1.334, 'y': 3.02, 'r': 0.4, 'type': 1}, {'idp': 108, 'x': 2.337, 'y': 3.848, 'r': 0.4, 'type': 1}]
23021,1398693772.6376996,[{'idp': 106, 'x': 3.517, 'y': 2.333, 'r': 0.4, 'type': 1}, {'idp': 107, 'x': 1.328, 'y': 3.015, 'r': 0.4, 'type': 1}, {'idp': 108, 'x': 2.31, 'y': 3.891, 'r': 0.4, 'type': 1}]
23022,1398693772.677684,[{'idp': 106, 'x': 3.553, 'y': 2.35, 'r': 0.4, 'type': 1}, {'idp': 107, 'x': 1.343, 'y': 3.012, 'r': 0.4, 'type': 1}, {'idp': 108, 'x': 2.321, 'y': 3.902, 'r': 0.4, 'type': 1}]
23023,1398693772.6847446,[{'idp': 106, 'x': 3.554, 'y': 2.407, 'r': 0.4, 'type': 1}, {'idp': 107, 'x': 1.339, 'y': 3.021, 'r': 0.4, 'type': 1}, {'idp': 108, 'x': 2.314, 'y': 3.902, 'r': 0.4, 'type': 1}]
23024,1398693772.7217984,[{'idp': 106, 'x': 3.568, 'y': 2.414, 'r': 0.4, 'type': 1}, {'idp': 107, 'x': 1.352, 'y': 2.992, 'r': 0.4, 'type': 1}, {'idp': 108, 'x': 2.295, 'y': 3.904, 'r': 0.4, 'type': 1}]
23025,1398693772.761756,[{'idp': 106, 'x': 3.571, 'y': 2.431, 'r': 0.4, 'type': 1}, {'idp': 107, 'x': 1.357, 'y': 2.982, 'r': 0.4, 'type': 1}, {'idp': 108, 'x': 2.294, 'y': 3.917, 'r': 0.4, 'type': 1}]
23026,1398693772.7617817,[{'idp': 106, 'x': 3.565, 'y': 2.453, 'r': 0.4, 'type': 1}, {'idp': 107, 'x': 1.384, 'y': 2.971, 'r': 0.4, 'type': 1}, {'idp': 108, 'x': 2.305, 'y': 3.886, 'r': 0.4, 'type': 1}]
23027,1398693772.8042083,[{'idp': 106, 'x': 3.551, 'y': 2.459, 'r': 0.4, 'type': 1}, {'idp': 107, 'x': 1.378, 'y': 2.942, 'r': 0.4, 'type': 1}, {'idp': 108, 'x': 2.302, 'y': 3.87, 'r': 0.4, 'type': 1}]
23028,1398693772.8087502,[{'idp': 106, 'x': 3.557, 'y': 2.478, 'r': 0.4, 'type': 1}, {'idp': 107, 'x': 1.388, 'y': 2.928, 'r': 0.4, 'type': 1}, {'idp': 108, 'x': 2.313, 'y': 3.844, 'r': 0.4, 'type': 1}]
23029,1398693772.845655,[{'idp': 106, 'x': 3.551, 'y': 2.473, 'r': 0.4, 'type': 1}, {'idp': 107, 'x': 1.382, 'y': 2.865, 'r': 0.4, 'type': 1}, {'idp': 108, 'x': 2.335, 'y': 3.833, 'r': 0.4, 'type': 1}]
23030,1398693772.8856778,[{'idp': 106, 'x': 3.556, 'y': 2.475, 'r': 0.4, 'type': 1}, {'idp': 107, 'x': 1.406, 'y': 2.896, 'r': 0.4, 'type': 1}, {'idp': 108, 'x': 2.359, 'y': 3.777, 'r': 0.4, 'type': 1}]
23031,1398693772.8857098,[{'idp': 106, 'x': 3.544, 'y': 2.464, 'r': 0.4, 'type': 1}, {'idp': 107, 'x': 1.428, 'y': 2.909, 'r': 0.4, 'type': 1}, {'idp': 108, 'x': 2.358, 'y': 3.701, 'r': 0.4, 'type': 1}]
23032,1398693772.9257205,[{'idp': 106, 'x': 3.543, 'y': 2.473, 'r': 0.4, 'type': 1}, {'idp': 107, 'x': 1.452, 'y': 2.908, 'r': 0.4, 'type': 1}, {'idp': 108, 'x': 2.404, 'y': 3.718, 'r': 0.4, 'type': 1}]
23033,1398693772.9338331,[{'idp': 106, 'x': 3.55, 'y': 2.492, 'r': 0.4, 'type': 1}, {'idp': 107, 'x': 1.462, 'y': 2.913, 'r': 0.4, 'type': 1}, {'idp': 108, 'x': 2.399, 'y': 3.692, 'r': 0.4, 'type': 1}]
23034,1398693772.9737086,[{'idp': 106, 'x': 3.544, 'y': 2.503, 'r': 0.4, 'type': 1}, {'idp': 107, 'x': 1.467, 'y': 2.893, 'r': 0.4, 'type': 1}, {'idp': 108, 'x': 2.409, 'y': 3.66, 'r': 0.4, 'type': 1}]
23035,1398693773.0136755,[{'idp': 106, 'x': 3.544, 'y': 2.506, 'r': 0.4, 'type': 1}, {'idp': 107, 'x': 1.475, 'y': 2.892, 'r': 0.4, 'type': 1}, {'idp': 108, 'x': 2.408, 'y': 3.644, 'r': 0.4, 'type': 1}]
23036,1398693773.013721,[{'idp': 106, 'x': 3.553, 'y': 2.506, 'r': 0.4, 'type': 1}, {'idp': 107, 'x': 1.492, 'y': 2.895, 'r': 0.4, 'type': 1}, {'idp': 108, 'x': 2.403, 'y': 3.616, 'r': 0.4, 'type': 1}]
23037,1398693773.053829,[{'idp': 106, 'x': 3.563, 'y': 2.512, 'r': 0.4, 'type': 1}, {'idp': 107, 'x': 1.498, 'y': 2.886, 'r': 0.4, 'type': 1}, {'idp': 108, 'x': 2.428, 'y': 3.581, 'r': 0.4, 'type': 1}]
23038,1398693773.05876,[{'idp': 106, 'x': 3.572, 'y': 2.511, 'r': 0.4, 'type': 1}, {'idp': 107, 'x': 1.502, 'y': 2.877, 'r': 0.4, 'type': 1}, {'idp': 108, 'x': 2.457, 'y': 3.538, 'r': 0.4, 'type': 1}]
23039,1398693773.097682,[{'idp': 106, 'x': 3.576, 'y': 2.52, 'r': 0.4, 'type': 1}, {'idp': 107, 'x': 1.499, 'y': 2.877, 'r': 0.4, 'type': 1}, {'idp': 108, 'x': 2.488, 'y': 3.489, 'r': 0.4, 'type': 1}]
23040,1398693773.1376357,[{'idp': 106, 'x': 3.577, 'y': 2.524, 'r': 0.4, 'type': 1}, {'idp': 107, 'x': 1.513, 'y': 2.856, 'r': 0.4, 'type': 1}, {'idp': 108, 'x': 2.529, 'y': 3.474, 'r': 0.4, 'type': 1}]
23041,1398693773.1376615,[{'idp': 106, 'x': 3.574, 'y': 2.515, 'r': 0.4, 'type': 1}, {'idp': 107, 'x': 1.511, 'y': 2.861, 'r': 0.4, 'type': 1}, {'idp': 108, 'x': 2.547, 'y': 3.432, 'r': 0.4, 'type': 1}]
23042,1398693773.1776924,[{'idp': 106, 'x': 3.565, 'y': 2.511, 'r': 0.4, 'type': 1}, {'idp': 107, 'x': 1.509, 'y': 2.858, 'r': 0.4, 'type': 1}, {'idp': 108, 'x': 2.545, 'y': 3.428, 'r': 0.4, 'type': 1}]
23043,1398693773.1828704,[{'idp': 106, 'x': 3.565, 'y': 2.516, 'r': 0.4, 'type': 1}, {'idp': 107, 'x': 1.504, 'y': 2.848, 'r': 0.4, 'type': 1}, {'idp': 108, 'x': 2.54, 'y': 3.422, 'r': 0.4, 'type': 1}]
23044,1398693773.2257376,[{'idp': 106, 'x': 3.543, 'y': 2.533, 'r': 0.4, 'type': 1}, {'idp': 107, 'x': 1.516, 'y': 2.857, 'r': 0.4, 'type': 1}, {'idp': 108, 'x': 2.517, 'y': 3.387, 'r': 0.4, 'type': 1}]
23045,1398693773.2658138,[{'idp': 106, 'x': 3.82, 'y': 2.234, 'r': 0.4, 'type': 1}, {'idp': 107, 'x': 1.509, 'y': 2.852, 'r': 0.4, 'type': 1}, {'idp': 108, 'x': 2.561, 'y': 3.36, 'r': 0.4, 'type': 1}]
23046,1398693773.2658536,[{'idp': 106, 'x': 3.71, 'y': 2.208, 'r': 0.4, 'type': 1}, {'idp': 107, 'x': 1.502, 'y': 2.849, 'r': 0.4, 'type': 1}, {'idp': 108, 'x': 2.544, 'y': 3.392, 'r': 0.4, 'type': 1}]
23047,1398693773.3057144,[{'idp': 106, 'x': 3.703, 'y': 2.192, 'r': 0.4, 'type': 1}, {'idp': 107, 'x': 1.5, 'y': 2.844, 'r': 0.4, 'type': 1}, {'idp': 108, 'x': 2.505, 'y': 3.378, 'r': 0.4, 'type': 1}]
23048,1398693773.3086295,[{'idp': 106, 'x': 3.679, 'y': 2.189, 'r': 0.4, 'type': 1}, {'idp': 107, 'x': 1.508, 'y': 2.842, 'r': 0.4, 'type': 1}, {'idp': 108, 'x': 2.46, 'y': 3.401, 'r': 0.4, 'type': 1}]
23049,1398693773.345727,[{'idp': 106, 'x': 3.665, 'y': 2.181, 'r': 0.4, 'type': 1}, {'idp': 107, 'x': 1.512, 'y': 2.836, 'r': 0.4, 'type': 1}, {'idp': 108, 'x': 2.439, 'y': 3.388, 'r': 0.4, 'type': 1}]
23050,1398693773.385698,[{'idp': 106, 'x': 3.718, 'y': 2.2, 'r': 0.4, 'type': 1}, {'idp': 107, 'x': 1.515, 'y': 2.825, 'r': 0.4, 'type': 1}, {'idp': 108, 'x': 2.427, 'y': 3.392, 'r': 0.4, 'type': 1}]
23051,1398693773.3857296,[{'idp': 106, 'x': 3.741, 'y': 2.224, 'r': 0.4, 'type': 1}, {'idp': 107, 'x': 1.514, 'y': 2.82, 'r': 0.4, 'type': 1}, {'idp': 108, 'x': 2.414, 'y': 3.4, 'r': 0.4, 'type': 1}]
23052,1398693773.4257162,[{'idp': 106, 'x': 3.73, 'y': 2.218, 'r': 0.4, 'type': 1}, {'idp': 107, 'x': 1.508, 'y': 2.815, 'r': 0.4, 'type': 1}, {'idp': 108, 'x': 2.39, 'y': 3.391, 'r': 0.4, 'type': 1}]
23053,1398693773.4325962,[{'idp': 106, 'x': 3.763, 'y': 2.226, 'r': 0.4, 'type': 1}, {'idp': 107, 'x': 1.512, 'y': 2.804, 'r': 0.4, 'type': 1}, {'idp': 108, 'x': 2.385, 'y': 3.387, 'r': 0.4, 'type': 1}]
23054,1398693773.4697173,[{'idp': 106, 'x': 3.793, 'y': 2.232, 'r': 0.4, 'type': 1}, {'idp': 107, 'x': 1.509, 'y': 2.803, 'r': 0.4, 'type': 1}, {'idp': 108, 'x': 2.39, 'y': 3.393, 'r': 0.4, 'type': 1}]
23055,1398693773.5097358,[{'idp': 106, 'x': 3.792, 'y': 2.231, 'r': 0.4, 'type': 1}, {'idp': 107, 'x': 1.527, 'y': 2.796, 'r': 0.4, 'type': 1}, {'idp': 108, 'x': 2.411, 'y': 3.364, 'r': 0.4, 'type': 1}]
23056,1398693773.5097659,[{'idp': 106, 'x': 3.776, 'y': 2.222, 'r': 0.4, 'type': 1}, {'idp': 107, 'x': 1.532, 'y': 2.792, 'r': 0.4, 'type': 1}, {'idp': 108, 'x': 2.417, 'y': 3.317, 'r': 0.4, 'type': 1}]
23057,1398693773.5497012,[{'idp': 106, 'x': 3.794, 'y': 2.244, 'r': 0.4, 'type': 1}, {'idp': 107, 'x': 1.549, 'y': 2.792, 'r': 0.4, 'type': 1}, {'idp': 108, 'x': 2.448, 'y': 3.277, 'r': 0.4, 'type': 1}]
23058,1398693773.5578241,[{'idp': 106, 'x': 3.781, 'y': 2.225, 'r': 0.4, 'type': 1}, {'idp': 107, 'x': 1.554, 'y': 2.772, 'r': 0.4, 'type': 1}, {'idp': 108, 'x': 2.445, 'y': 3.229, 'r': 0.4, 'type': 1}]
23059,1398693773.5977178,[{'idp': 106, 'x': 3.785, 'y': 2.227, 'r': 0.4, 'type': 1}, {'idp': 107, 'x': 1.566, 'y': 2.752, 'r': 0.4, 'type': 1}, {'idp': 108, 'x': 2.429, 'y': 3.137, 'r': 0.4, 'type': 1}]
23060,1398693773.6376927,[{'idp': 106, 'x': 3.77, 'y': 2.219, 'r': 0.4, 'type': 1}, {'idp': 107, 'x': 1.576, 'y': 2.715, 'r': 0.4, 'type': 1}, {'idp': 108, 'x': 2.466, 'y': 3.158, 'r': 0.4, 'type': 1}]
23061,1398693773.6377218,[{'idp': 106, 'x': 3.79, 'y': 2.208, 'r': 0.4, 'type': 1}, {'idp': 107, 'x': 1.584, 'y': 2.691, 'r': 0.4, 'type': 1}, {'idp': 108, 'x': 2.504, 'y': 3.136, 'r': 0.4, 'type': 1}]
23062,1398693773.6776667,[{'idp': 106, 'x': 3.783, 'y': 2.194, 'r': 0.4, 'type': 1}, {'idp': 107, 'x': 1.618, 'y': 2.694, 'r': 0.4, 'type': 1}, {'idp': 108, 'x': 2.522, 'y': 3.124, 'r': 0.4, 'type': 1}]
23063,1398693773.6817575,[{'idp': 106, 'x': 3.782, 'y': 2.161, 'r': 0.4, 'type': 1}, {'idp': 107, 'x': 1.656, 'y': 2.692, 'r': 0.4, 'type': 1}, {'idp': 108, 'x': 2.522, 'y': 3.036, 'r': 0.4, 'type': 1}]
23064,1398693773.7217765,[{'idp': 106, 'x': 3.762, 'y': 2.118, 'r': 0.4, 'type': 1}, {'idp': 107, 'x': 1.678, 'y': 2.675, 'r': 0.4, 'type': 1}, {'idp': 108, 'x': 2.555, 'y': 3.044, 'r': 0.4, 'type': 1}]
23065,1398693773.76171,[{'idp': 106, 'x': 3.809, 'y': 2.101, 'r': 0.4, 'type': 1}, {'idp': 107, 'x': 1.704, 'y': 2.653, 'r': 0.4, 'type': 1}, {'idp': 108, 'x': 2.58, 'y': 2.999, 'r': 0.4, 'type': 1}]
23066,1398693773.7617464,[{'idp': 106, 'x': 3.862, 'y': 2.075, 'r': 0.4, 'type': 1}, {'idp': 107, 'x': 1.737, 'y': 2.641, 'r': 0.4, 'type': 1}, {'idp': 108, 'x': 2.597, 'y': 2.914, 'r': 0.4, 'type': 1}]
23067,1398693773.8017087,[{'idp': 106, 'x': 3.92, 'y': 2.063, 'r': 0.4, 'type': 1}, {'idp': 107, 'x': 1.762, 'y': 2.611, 'r': 0.4, 'type': 1}, {'idp': 108, 'x': 2.601, 'y': 2.911, 'r': 0.4, 'type': 1}]
23068,1398693773.8069096,[{'idp': 106, 'x': 3.992, 'y': 2.057, 'r': 0.4, 'type': 1}, {'idp': 107, 'x': 1.793, 'y': 2.582, 'r': 0.4, 'type': 1}, {'idp': 108, 'x': 2.636, 'y': 2.834, 'r': 0.4, 'type': 1}]
23069,1398693773.8456776,[{'idp': 106, 'x': 4.032, 'y': 2.022, 'r': 0.4, 'type': 1}, {'idp': 107, 'x': 1.822, 'y': 2.565, 'r': 0.4, 'type': 1}, {'idp': 108, 'x': 2.653, 'y': 2.816, 'r': 0.4, 'type': 1}]
23070,1398693773.8856573,[{'idp': 106, 'x': 4.082, 'y': 2.003, 'r': 0.4, 'type': 1}, {'idp': 107, 'x': 1.851, 'y': 2.538, 'r': 0.4, 'type': 1}, {'idp': 108, 'x': 2.666, 'y': 2.77, 'r': 0.4, 'type': 1}]
23071,1398693773.8856885,[{'idp': 106, 'x': 4.108, 'y': 1.982, 'r': 0.4, 'type': 1}, {'idp': 107, 'x': 1.868, 'y': 2.512, 'r': 0.4, 'type': 1}, {'idp': 108, 'x': 2.703, 'y': 2.691, 'r': 0.4, 'type': 1}]
23072,1398693773.9258885,[{'idp': 106, 'x': 4.144, 'y': 1.966, 'r': 0.4, 'type': 1}, {'idp': 107, 'x': 1.885, 'y': 2.499, 'r': 0.4, 'type': 1}, {'idp': 108, 'x': 2.709, 'y': 2.66, 'r': 0.4, 'type': 1}]
23073,1398693773.9316425,[{'idp': 106, 'x': 4.167, 'y': 1.921, 'r': 0.4, 'type': 1}, {'idp': 107, 'x': 1.895, 'y': 2.475, 'r': 0.4, 'type': 1}, {'idp': 108, 'x': 2.741, 'y': 2.597, 'r': 0.4, 'type': 1}]
23074,1398693773.969709,[{'idp': 106, 'x': 4.198, 'y': 1.891, 'r': 0.4, 'type': 1}, {'idp': 107, 'x': 1.919, 'y': 2.462, 'r': 0.4, 'type': 1}, {'idp': 108, 'x': 2.754, 'y': 2.589, 'r': 0.4, 'type': 1}]
23075,1398693774.0096502,[{'idp': 106, 'x': 4.233, 'y': 1.864, 'r': 0.4, 'type': 1}, {'idp': 107, 'x': 1.934, 'y': 2.437, 'r': 0.4, 'type': 1}, {'idp': 108, 'x': 2.757, 'y': 2.563, 'r': 0.4, 'type': 1}]
23076,1398693774.0096776,[{'idp': 106, 'x': 4.266, 'y': 1.821, 'r': 0.4, 'type': 1}, {'idp': 107, 'x': 1.944, 'y': 2.408, 'r': 0.4, 'type': 1}, {'idp': 108, 'x': 2.773, 'y': 2.559, 'r': 0.4, 'type': 1}]
23077,1398693774.0496888,[{'idp': 106, 'x': 4.304, 'y': 1.8, 'r': 0.4, 'type': 1}, {'idp': 107, 'x': 1.977, 'y': 2.377, 'r': 0.4, 'type': 1}, {'idp': 108, 'x': 2.794, 'y': 2.531, 'r': 0.4, 'type': 1}]
23078,1398693774.057239,[{'idp': 106, 'x': 4.324, 'y': 1.746, 'r': 0.4, 'type': 1}, {'idp': 107, 'x': 1.995, 'y': 2.357, 'r': 0.4, 'type': 1}, {'idp': 108, 'x': 2.826, 'y': 2.474, 'r': 0.4, 'type': 1}]
23079,1398693774.0936995,[{'idp': 106, 'x': 4.338, 'y': 1.738, 'r': 0.4, 'type': 1}, {'idp': 107, 'x': 1.994, 'y': 2.349, 'r': 0.4, 'type': 1}, {'idp': 108, 'x': 2.831, 'y': 2.444, 'r': 0.4, 'type': 1}]
23080,1398693774.1337266,[{'idp': 106, 'x': 4.337, 'y': 1.684, 'r': 0.4, 'type': 1}, {'idp': 107, 'x': 2.015, 'y': 2.325, 'r': 0.4, 'type': 1}, {'idp': 108, 'x': 2.846, 'y': 2.423, 'r': 0.4, 'type': 1}]
23081,1398693774.1337607,[{'idp': 106, 'x': 4.368, 'y': 1.664, 'r': 0.4, 'type': 1}, {'idp': 107, 'x': 2.022, 'y': 2.288, 'r': 0.4, 'type': 1}, {'idp': 108, 'x': 2.855, 'y': 2.367, 'r': 0.4, 'type': 1}]
23082,1398693774.1737006,[{'idp': 106, 'x': 4.381, 'y': 1.625, 'r': 0.4, 'type': 1}, {'idp': 107, 'x': 2.041, 'y': 2.281, 'r': 0.4, 'type': 1}, {'idp': 108, 'x': 2.868, 'y': 2.315, 'r': 0.4, 'type': 1}]
23083,1398693774.1808093,[{'idp': 106, 'x': 4.387, 'y': 1.572, 'r': 0.4, 'type': 1}, {'idp': 107, 'x': 2.065, 'y': 2.248, 'r': 0.4, 'type': 1}, {'idp': 108, 'x': 2.89, 'y': 2.26, 'r': 0.4, 'type': 1}]
23084,1398693774.2177029,[{'idp': 106, 'x': 4.408, 'y': 1.537, 'r': 0.4, 'type': 1}, {'idp': 107, 'x': 2.093, 'y': 2.219, 'r': 0.4, 'type': 1}, {'idp': 108, 'x': 2.894, 'y': 2.192, 'r': 0.4, 'type': 1}]
23085,1398693774.2577055,[{'idp': 106, 'x': 4.425, 'y': 1.506, 'r': 0.4, 'type': 1}, {'idp': 107, 'x': 2.1, 'y': 2.199, 'r': 0.4, 'type': 1}, {'idp': 108, 'x': 2.883, 'y': 2.134, 'r': 0.4, 'type': 1}]
23086,1398693774.257738,[{'idp': 106, 'x': 4.426, 'y': 1.489, 'r': 0.4, 'type': 1}, {'idp': 107, 'x': 2.107, 'y': 2.188, 'r': 0.4, 'type': 1}, {'idp': 108, 'x': 2.903, 'y': 2.108, 'r': 0.4, 'type': 1}]
23087,1398693774.2976832,[{'idp': 106, 'x': 4.45, 'y': 1.472, 'r': 0.4, 'type': 1}, {'idp': 107, 'x': 2.112, 'y': 2.161, 'r': 0.4, 'type': 1}, {'idp': 108, 'x': 3.022, 'y': 2.12, 'r': 0.4, 'type': 1}]
23088,1398693774.305891,[{'idp': 106, 'x': 4.437, 'y': 1.475, 'r': 0.4, 'type': 1}, {'idp': 107, 'x': 2.122, 'y': 2.143, 'r': 0.4, 'type': 1}, {'idp': 108, 'x': 3.117, 'y': 2.067, 'r': 0.4, 'type': 1}]
23089,1398693774.3456879,[{'idp': 106, 'x': 4.45, 'y': 1.453, 'r': 0.4, 'type': 1}, {'idp': 107, 'x': 2.127, 'y': 2.12, 'r': 0.4, 'type': 1}, {'idp': 108, 'x': 3.143, 'y': 2.054, 'r': 0.4, 'type': 1}]
23090,1398693774.3856413,[{'idp': 106, 'x': 4.462, 'y': 1.436, 'r': 0.4, 'type': 1}, {'idp': 107, 'x': 2.13, 'y': 2.096, 'r': 0.4, 'type': 1}, {'idp': 108, 'x': 3.152, 'y': 2.061, 'r': 0.4, 'type': 1}]
23091,1398693774.3856716,[{'idp': 106, 'x': 4.454, 'y': 1.442, 'r': 0.4, 'type': 1}, {'idp': 107, 'x': 2.123, 'y': 2.06, 'r': 0.4, 'type': 1}, {'idp': 108, 'x': 3.142, 'y': 2.055, 'r': 0.4, 'type': 1}]
23092,1398693774.4257956,[{'idp': 106, 'x': 4.476, 'y': 1.419, 'r': 0.4, 'type': 1}, {'idp': 107, 'x': 2.1, 'y': 2.019, 'r': 0.4, 'type': 1}, {'idp': 108, 'x': 3.134, 'y': 2.05, 'r': 0.4, 'type': 1}]
23093,1398693774.4302502,[{'idp': 106, 'x': 4.489, 'y': 1.427, 'r': 0.4, 'type': 1}, {'idp': 107, 'x': 2.134, 'y': 2.033, 'r': 0.4, 'type': 1}, {'idp': 108, 'x': 3.118, 'y': 2.05, 'r': 0.4, 'type': 1}]
23094,1398693774.4696505,[{'idp': 106, 'x': 4.485, 'y': 1.412, 'r': 0.4, 'type': 1}, {'idp': 107, 'x': 2.159, 'y': 2.029, 'r': 0.4, 'type': 1}, {'idp': 108, 'x': 3.098, 'y': 2.038, 'r': 0.4, 'type': 1}]
23095,1398693774.5096693,[{'idp': 106, 'x': 4.502, 'y': 1.413, 'r': 0.4, 'type': 1}, {'idp': 107, 'x': 2.177, 'y': 2.019, 'r': 0.4, 'type': 1}, {'idp': 108, 'x': 3.089, 'y': 2.023, 'r': 0.4, 'type': 1}]
23096,1398693774.5097013,[{'idp': 106, 'x': 4.512, 'y': 1.395, 'r': 0.4, 'type': 1}, {'idp': 107, 'x': 2.192, 'y': 2.006, 'r': 0.4, 'type': 1}, {'idp': 108, 'x': 3.099, 'y': 2.0, 'r': 0.4, 'type': 1}]
23097,1398693774.549684,[{'idp': 106, 'x': 4.541, 'y': 1.389, 'r': 0.4, 'type': 1}, {'idp': 107, 'x': 2.201, 'y': 1.988, 'r': 0.4, 'type': 1}, {'idp': 108, 'x': 3.086, 'y': 1.992, 'r': 0.4, 'type': 1}]
23098,1398693774.5546203,[{'idp': 106, 'x': 4.557, 'y': 1.382, 'r': 0.4, 'type': 1}, {'idp': 107, 'x': 2.202, 'y': 1.972, 'r': 0.4, 'type': 1}, {'idp': 108, 'x': 3.078, 'y': 1.977, 'r': 0.4, 'type': 1}]
23099,1398693774.5937037,[{'idp': 106, 'x': 4.572, 'y': 1.376, 'r': 0.4, 'type': 1}, {'idp': 107, 'x': 2.209, 'y': 1.961, 'r': 0.4, 'type': 1}, {'idp': 108, 'x': 3.068, 'y': 1.961, 'r': 0.4, 'type': 1}]
23100,1398693774.6336796,[{'idp': 106, 'x': 4.603, 'y': 1.364, 'r': 0.4, 'type': 1}, {'idp': 107, 'x': 2.215, 'y': 1.946, 'r': 0.4, 'type': 1}, {'idp': 108, 'x': 3.06, 'y': 1.946, 'r': 0.4, 'type': 1}]
23101,1398693774.633714,[{'idp': 106, 'x': 4.599, 'y': 1.363, 'r': 0.4, 'type': 1}, {'idp': 107, 'x': 2.21, 'y': 1.935, 'r': 0.4, 'type': 1}, {'idp': 108, 'x': 3.046, 'y': 1.927, 'r': 0.4, 'type': 1}]
23102,1398693774.6736948,[{'idp': 106, 'x': 4.613, 'y': 1.356, 'r': 0.4, 'type': 1}, {'idp': 107, 'x': 2.216, 'y': 1.917, 'r': 0.4, 'type': 1}, {'idp': 108, 'x': 3.055, 'y': 1.905, 'r': 0.4, 'type': 1}]
23103,1398693774.6798687,[{'idp': 106, 'x': 4.62, 'y': 1.359, 'r': 0.4, 'type': 1}, {'idp': 107, 'x': 2.217, 'y': 1.914, 'r': 0.4, 'type': 1}, {'idp': 108, 'x': 3.04, 'y': 1.898, 'r': 0.4, 'type': 1}]
23104,1398693774.7177043,[{'idp': 106, 'x': 4.633, 'y': 1.34, 'r': 0.4, 'type': 1}, {'idp': 107, 'x': 2.219, 'y': 1.907, 'r': 0.4, 'type': 1}, {'idp': 108, 'x': 3.034, 'y': 1.896, 'r': 0.4, 'type': 1}]
23105,1398693774.7577012,[{'idp': 106, 'x': 4.625, 'y': 1.327, 'r': 0.4, 'type': 1}, {'idp': 107, 'x': 2.209, 'y': 1.893, 'r': 0.4, 'type': 1}, {'idp': 108, 'x': 3.023, 'y': 1.883, 'r': 0.4, 'type': 1}]
23106,1398693774.757724,[{'idp': 106, 'x': 4.632, 'y': 1.318, 'r': 0.4, 'type': 1}, {'idp': 107, 'x': 2.201, 'y': 1.877, 'r': 0.4, 'type': 1}, {'idp': 108, 'x': 3.023, 'y': 1.903, 'r': 0.4, 'type': 1}]
23107,1398693774.7977622,[{'idp': 106, 'x': 4.619, 'y': 1.326, 'r': 0.4, 'type': 1}, {'idp': 107, 'x': 2.204, 'y': 1.879, 'r': 0.4, 'type': 1}, {'idp': 108, 'x': 3.027, 'y': 1.905, 'r': 0.4, 'type': 1}]
23108,1398693774.8045852,[{'idp': 106, 'x': 4.635, 'y': 1.33, 'r': 0.4, 'type': 1}, {'idp': 107, 'x': 2.207, 'y': 1.882, 'r': 0.4, 'type': 1}, {'idp': 108, 'x': 3.018, 'y': 1.899, 'r': 0.4, 'type': 1}]
23109,1398693774.8416815,[{'idp': 106, 'x': 4.58, 'y': 1.292, 'r': 0.4, 'type': 1}, {'idp': 107, 'x': 2.2, 'y': 1.872, 'r': 0.4, 'type': 1}, {'idp': 108, 'x': 3.022, 'y': 1.892, 'r': 0.4, 'type': 1}]
23110,1398693774.8816607,[{'idp': 106, 'x': 4.591, 'y': 1.285, 'r': 0.4, 'type': 1}, {'idp': 107, 'x': 2.203, 'y': 1.866, 'r': 0.4, 'type': 1}, {'idp': 108, 'x': 3.029, 'y': 1.896, 'r': 0.4, 'type': 1}]
23111,1398693774.8816886,[{'idp': 106, 'x': 4.586, 'y': 1.283, 'r': 0.4, 'type': 1}, {'idp': 107, 'x': 2.225, 'y': 1.855, 'r': 0.4, 'type': 1}, {'idp': 108, 'x': 3.064, 'y': 1.9, 'r': 0.4, 'type': 1}, {'idp': 109, 'x': 8.205, 'y': -1.524, 'r': 0.4, 'type': 1}]
23112,1398693774.9217393,[{'idp': 106, 'x': 4.58, 'y': 1.271, 'r': 0.4, 'type': 1}, {'idp': 107, 'x': 2.213, 'y': 1.843, 'r': 0.4, 'type': 1}, {'idp': 108, 'x': 3.075, 'y': 1.888, 'r': 0.4, 'type': 1}, {'idp': 109, 'x': 8.1, 'y': -1.482, 'r': 0.4, 'type': 1}]
23113,1398693774.9292476,[{'idp': 106, 'x': 4.586, 'y': 1.272, 'r': 0.4, 'type': 1}, {'idp': 107, 'x': 2.214, 'y': 1.826, 'r': 0.4, 'type': 1}, {'idp': 108, 'x': 3.086, 'y': 1.864, 'r': 0.4, 'type': 1}, {'idp': 109, 'x': 8.094, 'y': -1.5, 'r': 0.4, 'type': 1}]
23114,1398693774.9656713,[{'idp': 106, 'x': 4.58, 'y': 1.271, 'r': 0.4, 'type': 1}, {'idp': 107, 'x': 2.216, 'y': 1.81, 'r': 0.4, 'type': 1}, {'idp': 108, 'x': 3.088, 'y': 1.837, 'r': 0.4, 'type': 1}, {'idp': 109, 'x': 8.079, 'y': -1.497, 'r': 0.4, 'type': 1}]
23115,1398693775.0056348,[{'idp': 106, 'x': 4.594, 'y': 1.274, 'r': 0.4, 'type': 1}, {'idp': 107, 'x': 2.222, 'y': 1.803, 'r': 0.4, 'type': 1}, {'idp': 108, 'x': 3.086, 'y': 1.829, 'r': 0.4, 'type': 1}, {'idp': 109, 'x': 8.061, 'y': -1.494, 'r': 0.4, 'type': 1}]
23116,1398693775.0056562,[{'idp': 106, 'x': 4.599, 'y': 1.276, 'r': 0.4, 'type': 1}, {'idp': 107, 'x': 2.214, 'y': 1.789, 'r': 0.4, 'type': 1}, {'idp': 108, 'x': 3.096, 'y': 1.835, 'r': 0.4, 'type': 1}, {'idp': 109, 'x': 8.065, 'y': -1.494, 'r': 0.4, 'type': 1}]
23117,1398693775.0457397,[{'idp': 106, 'x': 4.611, 'y': 1.269, 'r': 0.4, 'type': 1}, {'idp': 107, 'x': 2.219, 'y': 1.777, 'r': 0.4, 'type': 1}, {'idp': 108, 'x': 3.094, 'y': 1.86, 'r': 0.4, 'type': 1}, {'idp': 109, 'x': 8.043, 'y': -1.49, 'r': 0.4, 'type': 1}]
23118,1398693775.0528648,[{'idp': 106, 'x': 4.6, 'y': 1.254, 'r': 0.4, 'type': 1}, {'idp': 107, 'x': 2.227, 'y': 1.761, 'r': 0.4, 'type': 1}, {'idp': 108, 'x': 3.071, 'y': 1.894, 'r': 0.4, 'type': 1}, {'idp': 109, 'x': 8.045, 'y': -1.491, 'r': 0.4, 'type': 1}]
23119,1398693775.0896509,[{'idp': 106, 'x': 4.631, 'y': 1.263, 'r': 0.4, 'type': 1}, {'idp': 107, 'x': 2.218, 'y': 1.731, 'r': 0.4, 'type': 1}, {'idp': 108, 'x': 3.065, 'y': 1.907, 'r': 0.4, 'type': 1}, {'idp': 109, 'x': 8.043, 'y': -1.49, 'r': 0.4, 'type': 1}]
23120,1398693775.1296847,[{'idp': 106, 'x': 4.649, 'y': 1.257, 'r': 0.4, 'type': 1}, {'idp': 107, 'x': 2.216, 'y': 1.707, 'r': 0.4, 'type': 1}, {'idp': 108, 'x': 3.071, 'y': 1.897, 'r': 0.4, 'type': 1}, {'idp': 109, 'x': 8.032, 'y': -1.488, 'r': 0.4, 'type': 1}]
23121,1398693775.129731,[{'idp': 106, 'x': 4.676, 'y': 1.253, 'r': 0.4, 'type': 1}, {'idp': 107, 'x': 2.215, 'y': 1.669, 'r': 0.4, 'type': 1}, {'idp': 108, 'x': 3.058, 'y': 1.897, 'r': 0.4, 'type': 1}, {'idp': 109, 'x': 8.024, 'y': -1.487, 'r': 0.4, 'type': 1}]
23122,1398693775.1696637,[{'idp': 106, 'x': 4.7, 'y': 1.249, 'r': 0.4, 'type': 1}, {'idp': 107, 'x': 2.274, 'y': 1.668, 'r': 0.4, 'type': 1}, {'idp': 108, 'x': 3.087, 'y': 1.869, 'r': 0.4, 'type': 1}, {'idp': 109, 'x': 8.013, 'y': -1.485, 'r': 0.4, 'type': 1}]
23123,1398693775.177875,[{'idp': 106, 'x': 4.745, 'y': 1.261, 'r': 0.4, 'type': 1}, {'idp': 107, 'x': 2.305, 'y': 1.668, 'r': 0.4, 'type': 1}, {'idp': 108, 'x': 3.103, 'y': 1.824, 'r': 0.4, 'type': 1}, {'idp': 109, 'x': 8.008, 'y': -1.502, 'r': 0.4, 'type': 1}]
23124,1398693775.2177045,[{'idp': 106, 'x': 4.785, 'y': 1.272, 'r': 0.4, 'type': 1}, {'idp': 107, 'x': 2.318, 'y': 1.655, 'r': 0.4, 'type': 1}, {'idp': 108, 'x': 3.101, 'y': 1.786, 'r': 0.4, 'type': 1}, {'idp': 109, 'x': 7.998, 'y': -1.5, 'r': 0.4, 'type': 1}]
23125,1398693775.2577937,[{'idp': 106, 'x': 4.805, 'y': 1.255, 'r': 0.4, 'type': 1}, {'idp': 107, 'x': 2.347, 'y': 1.645, 'r': 0.4, 'type': 1}, {'idp': 108, 'x': 3.12, 'y': 1.729, 'r': 0.4, 'type': 1}, {'idp': 109, 'x': 7.979, 'y': -1.514, 'r': 0.4, 'type': 1}]
23126,1398693775.2578466,[{'idp': 106, 'x': 4.832, 'y': 1.25, 'r': 0.4, 'type': 1}, {'idp': 107, 'x': 2.361, 'y': 1.623, 'r': 0.4, 'type': 1}, {'idp': 108, 'x': 3.058, 'y': 1.68, 'r': 0.4, 'type': 1}, {'idp': 109, 'x': 7.964, 'y': -1.53, 'r': 0.4, 'type': 1}]
23127,1398693775.2976947,[{'idp': 106, 'x': 4.862, 'y': 1.247, 'r': 0.4, 'type': 1}, {'idp': 107, 'x': 2.383, 'y': 1.613, 'r': 0.4, 'type': 1}, {'idp': 108, 'x': 3.059, 'y': 1.756, 'r': 0.4, 'type': 1}, {'idp': 109, 'x': 7.973, 'y': -1.531, 'r': 0.4, 'type': 1}]
23128,1398693775.3032746,[{'idp': 106, 'x': 4.874, 'y': 1.238, 'r': 0.4, 'type': 1}, {'idp': 107, 'x': 2.382, 'y': 1.595, 'r': 0.4, 'type': 1}, {'idp': 108, 'x': 3.021, 'y': 1.778, 'r': 0.4, 'type': 1}, {'idp': 109, 'x': 7.944, 'y': -1.526, 'r': 0.4, 'type': 1}]
23129,1398693775.3417375,[{'idp': 106, 'x': 4.892, 'y': 1.242, 'r': 0.4, 'type': 1}, {'idp': 107, 'x': 2.382, 'y': 1.59, 'r': 0.4, 'type': 1}, {'idp': 108, 'x': 3.022, 'y': 1.789, 'r': 0.4, 'type': 1}, {'idp': 109, 'x': 7.937, 'y': -1.525, 'r': 0.4, 'type': 1}]
23130,1398693775.381733,[{'idp': 106, 'x': 4.907, 'y': 1.246, 'r': 0.4, 'type': 1}, {'idp': 107, 'x': 2.397, 'y': 1.58, 'r': 0.4, 'type': 1}, {'idp': 108, 'x': 3.025, 'y': 1.788, 'r': 0.4, 'type': 1}, {'idp': 109, 'x': 7.931, 'y': -1.523, 'r': 0.4, 'type': 1}]
23131,1398693775.3817637,[{'idp': 106, 'x': 4.919, 'y': 1.249, 'r': 0.4, 'type': 1}, {'idp': 107, 'x': 2.4, 'y': 1.567, 'r': 0.4, 'type': 1}, {'idp': 108, 'x': 3.528, 'y': 1.399, 'r': 0.4, 'type': 1}, {'idp': 109, 'x': 7.926, 'y': -1.522, 'r': 0.4, 'type': 1}]
23132,1398693775.4217703,[{'idp': 106, 'x': 4.937, 'y': 1.242, 'r': 0.4, 'type': 1}, {'idp': 107, 'x': 2.403, 'y': 1.573, 'r': 0.4, 'type': 1}, {'idp': 108, 'x': 3.355, 'y': 1.452, 'r': 0.4, 'type': 1}, {'idp': 109, 'x': 7.901, 'y': -1.536, 'r': 0.4, 'type': 1}]
23133,1398693775.4272058,[{'idp': 106, 'x': 4.93, 'y': 1.222, 'r': 0.4, 'type': 1}, {'idp': 107, 'x': 2.409, 'y': 1.545, 'r': 0.4, 'type': 1}, {'idp': 108, 'x': 3.366, 'y': 1.451, 'r': 0.4, 'type': 1}, {'idp': 109, 'x': 7.88, 'y': -1.532, 'r': 0.4, 'type': 1}]
23134,1398693775.4657307,[{'idp': 106, 'x': 4.951, 'y': 1.218, 'r': 0.4, 'type': 1}, {'idp': 107, 'x': 2.423, 'y': 1.551, 'r': 0.4, 'type': 1}, {'idp': 108, 'x': 3.39, 'y': 1.449, 'r': 0.4, 'type': 1}, {'idp': 109, 'x': 7.875, 'y': -1.548, 'r': 0.4, 'type': 1}]
23135,1398693775.5057082,[{'idp': 106, 'x': 4.949, 'y': 1.218, 'r': 0.4, 'type': 1}, {'idp': 107, 'x': 2.421, 'y': 1.542, 'r': 0.4, 'type': 1}, {'idp': 108, 'x': 3.418, 'y': 1.425, 'r': 0.4, 'type': 1}, {'idp': 109, 'x': 7.858, 'y': -1.545, 'r': 0.4, 'type': 1}]
23136,1398693775.505739,[{'idp': 106, 'x': 4.943, 'y': 1.23, 'r': 0.4, 'type': 1}, {'idp': 107, 'x': 2.418, 'y': 1.54, 'r': 0.4, 'type': 1}, {'idp': 108, 'x': 3.429, 'y': 1.418, 'r': 0.4, 'type': 1}, {'idp': 109, 'x': 7.85, 'y': -1.543, 'r': 0.4, 'type': 1}]
23137,1398693775.5457187,[{'idp': 106, 'x': 4.939, 'y': 1.228, 'r': 0.4, 'type': 1}, {'idp': 107, 'x': 2.409, 'y': 1.524, 'r': 0.4, 'type': 1}, {'idp': 108, 'x': 3.426, 'y': 1.42, 'r': 0.4, 'type': 1}, {'idp': 109, 'x': 7.868, 'y': -1.51, 'r': 0.4, 'type': 1}]
23138,1398693775.5513663,[{'idp': 106, 'x': 4.946, 'y': 1.23, 'r': 0.4, 'type': 1}, {'idp': 107, 'x': 2.425, 'y': 1.528, 'r': 0.4, 'type': 1}, {'idp': 108, 'x': 3.45, 'y': 1.394, 'r': 0.4, 'type': 1}, {'idp': 109, 'x': 7.816, 'y': -1.537, 'r': 0.4, 'type': 1}]
23139,1398693775.5897658,[{'idp': 106, 'x': 4.943, 'y': 1.216, 'r': 0.4, 'type': 1}, {'idp': 107, 'x': 2.415, 'y': 1.519, 'r': 0.4, 'type': 1}, {'idp': 108, 'x': 3.467, 'y': 1.384, 'r': 0.4, 'type': 1}, {'idp': 109, 'x': 7.822, 'y': -1.538, 'r': 0.4, 'type': 1}]
23140,1398693775.629688,[{'idp': 106, 'x': 4.94, 'y': 1.216, 'r': 0.4, 'type': 1}, {'idp': 107, 'x': 2.427, 'y': 1.509, 'r': 0.4, 'type': 1}, {'idp': 108, 'x': 3.49, 'y': 1.395, 'r': 0.4, 'type': 1}, {'idp': 109, 'x': 7.805, 'y': -1.535, 'r': 0.4, 'type': 1}]
23141,1398693775.629717,[{'idp': 106, 'x': 4.946, 'y': 1.217, 'r': 0.4, 'type': 1}, {'idp': 107, 'x': 2.422, 'y': 1.502, 'r': 0.4, 'type': 1}, {'idp': 108, 'x': 3.492, 'y': 1.385, 'r': 0.4, 'type': 1}, {'idp': 109, 'x': 7.8, 'y': -1.534, 'r': 0.4, 'type': 1}]
23142,1398693775.6696982,[{'idp': 106, 'x': 4.942, 'y': 1.231, 'r': 0.4, 'type': 1}, {'idp': 107, 'x': 2.429, 'y': 1.491, 'r': 0.4, 'type': 1}, {'idp': 108, 'x': 3.482, 'y': 1.363, 'r': 0.4, 'type': 1}, {'idp': 109, 'x': 7.803, 'y': -1.516, 'r': 0.4, 'type': 1}]
23143,1398693775.6818883,[{'idp': 106, 'x': 4.932, 'y': 1.227, 'r': 0.4, 'type': 1}, {'idp': 107, 'x': 2.431, 'y': 1.479, 'r': 0.4, 'type': 1}, {'idp': 108, 'x': 3.475, 'y': 1.352, 'r': 0.4, 'type': 1}, {'idp': 109, 'x': 7.801, 'y': -1.515, 'r': 0.4, 'type': 1}]
23144,1398693775.7217615,[{'idp': 106, 'x': 4.951, 'y': 1.21, 'r': 0.4, 'type': 1}, {'idp': 107, 'x': 2.458, 'y': 1.475, 'r': 0.4, 'type': 1}, {'idp': 108, 'x': 3.474, 'y': 1.343, 'r': 0.4, 'type': 1}, {'idp': 109, 'x': 7.77, 'y': -1.528, 'r': 0.4, 'type': 1}]
23145,1398693775.761744,[{'idp': 106, 'x': 4.962, 'y': 1.211, 'r': 0.4, 'type': 1}, {'idp': 107, 'x': 2.451, 'y': 1.459, 'r': 0.4, 'type': 1}, {'idp': 108, 'x': 3.433, 'y': 1.318, 'r': 0.4, 'type': 1}, {'idp': 109, 'x': 7.743, 'y': -1.522, 'r': 0.4, 'type': 1}]
23146,1398693775.7617733,[{'idp': 106, 'x': 4.978, 'y': 1.202, 'r': 0.4, 'type': 1}, {'idp': 107, 'x': 2.463, 'y': 1.452, 'r': 0.4, 'type': 1}, {'idp': 108, 'x': 3.418, 'y': 1.304, 'r': 0.4, 'type': 1}, {'idp': 109, 'x': 7.742, 'y': -1.522, 'r': 0.4, 'type': 1}]
23147,1398693775.8016744,[{'idp': 106, 'x': 4.973, 'y': 1.204, 'r': 0.4, 'type': 1}, {'idp': 107, 'x': 2.474, 'y': 1.453, 'r': 0.4, 'type': 1}, {'idp': 108, 'x': 3.407, 'y': 1.3, 'r': 0.4, 'type': 1}, {'idp': 109, 'x': 7.733, 'y': -1.52, 'r': 0.4, 'type': 1}]
23148,1398693775.8017094,[{'idp': 106, 'x': 4.99, 'y': 1.208, 'r': 0.4, 'type': 1}, {'idp': 107, 'x': 2.478, 'y': 1.44, 'r': 0.4, 'type': 1}, {'idp': 108, 'x': 3.399, 'y': 1.288, 'r': 0.4, 'type': 1}, {'idp': 109, 'x': 7.724, 'y': -1.536, 'r': 0.4, 'type': 1}]
23149,1398693775.8417125,[{'idp': 106, 'x': 4.994, 'y': 1.186, 'r': 0.4, 'type': 1}, {'idp': 107, 'x': 2.484, 'y': 1.414, 'r': 0.4, 'type': 1}, {'idp': 108, 'x': 3.414, 'y': 1.285, 'r': 0.4, 'type': 1}, {'idp': 109, 'x': 7.715, 'y': -1.534, 'r': 0.4, 'type': 1}]
23150,1398693775.8511055,[{'idp': 106, 'x': 5.0, 'y': 1.188, 'r': 0.4, 'type': 1}, {'idp': 107, 'x': 2.499, 'y': 1.409, 'r': 0.4, 'type': 1}, {'idp': 108, 'x': 3.443, 'y': 1.287, 'r': 0.4, 'type': 1}, {'idp': 109, 'x': 7.71, 'y': -1.533, 'r': 0.4, 'type': 1}]
23151,1398693775.889728,[{'idp': 106, 'x': 5.008, 'y': 1.178, 'r': 0.4, 'type': 1}, {'idp': 107, 'x': 2.497, 'y': 1.386, 'r': 0.4, 'type': 1}, {'idp': 108, 'x': 3.47, 'y': 1.288, 'r': 0.4, 'type': 1}, {'idp': 109, 'x': 7.699, 'y': -1.53, 'r': 0.4, 'type': 1}]
23152,1398693775.929725,[{'idp': 106, 'x': 5.01, 'y': 1.179, 'r': 0.4, 'type': 1}, {'idp': 107, 'x': 2.499, 'y': 1.373, 'r': 0.4, 'type': 1}, {'idp': 108, 'x': 3.511, 'y': 1.294, 'r': 0.4, 'type': 1}, {'idp': 109, 'x': 7.667, 'y': -1.542, 'r': 0.4, 'type': 1}]
23153,1398693775.9297457,[{'idp': 106, 'x': 5.043, 'y': 1.187, 'r': 0.4, 'type': 1}, {'idp': 107, 'x': 2.501, 'y': 1.359, 'r': 0.4, 'type': 1}, {'idp': 108, 'x': 3.533, 'y': 1.293, 'r': 0.4, 'type': 1}, {'idp': 109, 'x': 7.657, 'y': -1.523, 'r': 0.4, 'type': 1}]
23154,1398693775.9696376,[{'idp': 106, 'x': 5.039, 'y': 1.175, 'r': 0.4, 'type': 1}, {'idp': 107, 'x': 2.498, 'y': 1.344, 'r': 0.4, 'type': 1}, {'idp': 108, 'x': 3.529, 'y': 1.283, 'r': 0.4, 'type': 1}, {'idp': 109, 'x': 7.64, 'y': -1.537, 'r': 0.4, 'type': 1}]
23155,1398693775.9751332,[{'idp': 106, 'x': 5.05, 'y': 1.166, 'r': 0.4, 'type': 1}, {'idp': 107, 'x': 2.48, 'y': 1.319, 'r': 0.4, 'type': 1}, {'idp': 108, 'x': 3.514, 'y': 1.269, 'r': 0.4, 'type': 1}, {'idp': 109, 'x': 7.631, 'y': -1.552, 'r': 0.4, 'type': 1}]
23156,1398693776.0136917,[{'idp': 106, 'x': 5.062, 'y': 1.169, 'r': 0.4, 'type': 1}, {'idp': 107, 'x': 2.454, 'y': 1.305, 'r': 0.4, 'type': 1}, {'idp': 108, 'x': 3.466, 'y': 1.244, 'r': 0.4, 'type': 1}, {'idp': 109, 'x': 7.616, 'y': -1.549, 'r': 0.4, 'type': 1}]
23157,1398693776.0537329,[{'idp': 106, 'x': 5.07, 'y': 1.171, 'r': 0.4, 'type': 1}, {'idp': 107, 'x': 2.466, 'y': 1.304, 'r': 0.4, 'type': 1}, {'idp': 108, 'x': 3.522, 'y': 1.238, 'r': 0.4, 'type': 1}, {'idp': 109, 'x': 7.613, 'y': -1.548, 'r': 0.4, 'type': 1}]
23158,1398693776.053789,[{'idp': 106, 'x': 5.067, 'y': 1.158, 'r': 0.4, 'type': 1}, {'idp': 107, 'x': 2.506, 'y': 1.31, 'r': 0.4, 'type': 1}, {'idp': 108, 'x': 3.595, 'y': 1.256, 'r': 0.4, 'type': 1}, {'idp': 109, 'x': 7.596, 'y': -1.562, 'r': 0.4, 'type': 1}]
23159,1398693776.0937076,[{'idp': 106, 'x': 5.062, 'y': 1.158, 'r': 0.4, 'type': 1}, {'idp': 107, 'x': 2.526, 'y': 1.321, 'r': 0.4, 'type': 1}, {'idp': 108, 'x': 3.646, 'y': 1.256, 'r': 0.4, 'type': 1}, {'idp': 109, 'x': 7.586, 'y': -1.577, 'r': 0.4, 'type': 1}]
23160,1398693776.099905,[{'idp': 106, 'x': 5.079, 'y': 1.162, 'r': 0.4, 'type': 1}, {'idp': 107, 'x': 2.526, 'y': 1.312, 'r': 0.4, 'type': 1}, {'idp': 108, 'x': 3.676, 'y': 1.258, 'r': 0.4, 'type': 1}, {'idp': 109, 'x': 7.559, 'y': -1.538, 'r': 0.4, 'type': 1}]
23161,1398693776.1378236,[{'idp': 106, 'x': 5.081, 'y': 1.162, 'r': 0.4, 'type': 1}, {'idp': 107, 'x': 2.528, 'y': 1.313, 'r': 0.4, 'type': 1}, {'idp': 108, 'x': 3.695, 'y': 1.255, 'r': 0.4, 'type': 1}, {'idp': 109, 'x': 7.566, 'y': -1.539, 'r': 0.4, 'type': 1}]
23162,1398693776.1777146,[{'idp': 106, 'x': 5.085, 'y': 1.163, 'r': 0.4, 'type': 1}, {'idp': 107, 'x': 2.535, 'y': 1.309, 'r': 0.4, 'type': 1}, {'idp': 108, 'x': 3.706, 'y': 1.24, 'r': 0.4, 'type': 1}, {'idp': 109, 'x': 7.554, 'y': -1.554, 'r': 0.4, 'type': 1}]
23163,1398693776.1777313,[{'idp': 106, 'x': 5.083, 'y': 1.163, 'r': 0.4, 'type': 1}, {'idp': 107, 'x': 2.542, 'y': 1.306, 'r': 0.4, 'type': 1}, {'idp': 108, 'x': 3.728, 'y': 1.239, 'r': 0.4, 'type': 1}, {'idp': 109, 'x': 7.528, 'y': -1.566, 'r': 0.4, 'type': 1}]
23164,1398693776.217723,[{'idp': 106, 'x': 5.065, 'y': 1.159, 'r': 0.4, 'type': 1}, {'idp': 107, 'x': 2.529, 'y': 1.299, 'r': 0.4, 'type': 1}, {'idp': 108, 'x': 3.751, 'y': 1.247, 'r': 0.4, 'type': 1}, {'idp': 109, 'x': 7.535, 'y': -1.549, 'r': 0.4, 'type': 1}]
23165,1398693776.225481,[{'idp': 106, 'x': 5.068, 'y': 1.171, 'r': 0.4, 'type': 1}, {'idp': 107, 'x': 2.536, 'y': 1.302, 'r': 0.4, 'type': 1}, {'idp': 108, 'x': 3.751, 'y': 1.246, 'r': 0.4, 'type': 1}, {'idp': 109, 'x': 7.537, 'y': -1.55, 'r': 0.4, 'type': 1}]
23166,1398693776.2616851,[{'idp': 106, 'x': 5.068, 'y': 1.171, 'r': 0.4, 'type': 1}, {'idp': 107, 'x': 2.539, 'y': 1.304, 'r': 0.4, 'type': 1}, {'idp': 108, 'x': 3.794, 'y': 1.251, 'r': 0.4, 'type': 1}, {'idp': 109, 'x': 7.526, 'y': -1.547, 'r': 0.4, 'type': 1}]
23167,1398693776.301679,[{'idp': 106, 'x': 5.055, 'y': 1.168, 'r': 0.4, 'type': 1}, {'idp': 107, 'x': 2.533, 'y': 1.301, 'r': 0.4, 'type': 1}, {'idp': 108, 'x': 3.805, 'y': 1.24, 'r': 0.4, 'type': 1}, {'idp': 109, 'x': 7.509, 'y': -1.544, 'r': 0.4, 'type': 1}]
23168,1398693776.301707,[{'idp': 106, 'x': 5.048, 'y': 1.167, 'r': 0.4, 'type': 1}, {'idp': 107, 'x': 2.537, 'y': 1.296, 'r': 0.4, 'type': 1}, {'idp': 108, 'x': 3.827, 'y': 1.223, 'r': 0.4, 'type': 1}, {'idp': 109, 'x': 7.479, 'y': -1.555, 'r': 0.4, 'type': 1}]
23169,1398693776.3417373,[{'idp': 106, 'x': 5.036, 'y': 1.164, 'r': 0.4, 'type': 1}, {'idp': 107, 'x': 2.546, 'y': 1.301, 'r': 0.4, 'type': 1}, {'idp': 108, 'x': 3.852, 'y': 1.219, 'r': 0.4, 'type': 1}, {'idp': 109, 'x': 7.464, 'y': -1.569, 'r': 0.4, 'type': 1}]
23170,1398693776.348863,[{'idp': 106, 'x': 5.024, 'y': 1.161, 'r': 0.4, 'type': 1}, {'idp': 107, 'x': 2.538, 'y': 1.29, 'r': 0.4, 'type': 1}, {'idp': 108, 'x': 3.872, 'y': 1.22, 'r': 0.4, 'type': 1}, {'idp': 109, 'x': 7.452, 'y': -1.567, 'r': 0.4, 'type': 1}]
23171,1398693776.3857205,[{'idp': 106, 'x': 5.032, 'y': 1.163, 'r': 0.4, 'type': 1}, {'idp': 107, 'x': 2.538, 'y': 1.283, 'r': 0.4, 'type': 1}, {'idp': 108, 'x': 3.878, 'y': 1.214, 'r': 0.4, 'type': 1}, {'idp': 109, 'x': 7.455, 'y': -1.55, 'r': 0.4, 'type': 1}]
23172,1398693776.4257433,[{'idp': 106, 'x': 5.012, 'y': 1.17, 'r': 0.4, 'type': 1}, {'idp': 107, 'x': 2.545, 'y': 1.272, 'r': 0.4, 'type': 1}, {'idp': 108, 'x': 3.906, 'y': 1.21, 'r': 0.4, 'type': 1}, {'idp': 109, 'x': 7.438, 'y': -1.564, 'r': 0.4, 'type': 1}]
23173,1398693776.4257755,[{'idp': 106, 'x': 5.022, 'y': 1.172, 'r': 0.4, 'type': 1}, {'idp': 107, 'x': 2.543, 'y': 1.265, 'r': 0.4, 'type': 1}, {'idp': 108, 'x': 3.903, 'y': 1.211, 'r': 0.4, 'type': 1}, {'idp': 109, 'x': 7.419, 'y': -1.577, 'r': 0.4, 'type': 1}]
23174,1398693776.465723,[{'idp': 106, 'x': 5.038, 'y': 1.177, 'r': 0.4, 'type': 1}, {'idp': 107, 'x': 2.533, 'y': 1.247, 'r': 0.4, 'type': 1}, {'idp': 108, 'x': 3.901, 'y': 1.223, 'r': 0.4, 'type': 1}, {'idp': 109, 'x': 7.435, 'y': -1.58, 'r': 0.4, 'type': 1}]
23175,1398693776.4738195,[{'idp': 106, 'x': 5.024, 'y': 1.173, 'r': 0.4, 'type': 1}, {'idp': 107, 'x': 2.527, 'y': 1.238, 'r': 0.4, 'type': 1}, {'idp': 108, 'x': 3.902, 'y': 1.224, 'r': 0.4, 'type': 1}, {'idp': 109, 'x': 7.421, 'y': -1.56, 'r': 0.4, 'type': 1}]
23176,1398693776.513744,[{'idp': 106, 'x': 5.018, 'y': 1.183, 'r': 0.4, 'type': 1}, {'idp': 107, 'x': 2.505, 'y': 1.222, 'r': 0.4, 'type': 1}, {'idp': 108, 'x': 3.925, 'y': 1.225, 'r': 0.4, 'type': 1}, {'idp': 109, 'x': 7.411, 'y': -1.557, 'r': 0.4, 'type': 1}]
23177,1398693776.5537062,[{'idp': 106, 'x': 5.008, 'y': 1.18, 'r': 0.4, 'type': 1}, {'idp': 107, 'x': 2.517, 'y': 1.207, 'r': 0.4, 'type': 1}, {'idp': 108, 'x': 3.941, 'y': 1.215, 'r': 0.4, 'type': 1}, {'idp': 109, 'x': 7.375, 'y': -1.568, 'r': 0.4, 'type': 1}]
23178,1398693776.5537877,[{'idp': 106, 'x': 4.996, 'y': 1.178, 'r': 0.4, 'type': 1}, {'idp': 107, 'x': 2.536, 'y': 1.202, 'r': 0.4, 'type': 1}, {'idp': 108, 'x': 3.937, 'y': 1.22, 'r': 0.4, 'type': 1}, {'idp': 109, 'x': 7.353, 'y': -1.58, 'r': 0.4, 'type': 1}]
23179,1398693776.593664,[{'idp': 106, 'x': 5.015, 'y': 1.194, 'r': 0.4, 'type': 1}, {'idp': 107, 'x': 2.592, 'y': 1.223, 'r': 0.4, 'type': 1}, {'idp': 108, 'x': 3.959, 'y': 1.227, 'r': 0.4, 'type': 1}, {'idp': 109, 'x': 7.358, 'y': -1.564, 'r': 0.4, 'type': 1}]
23180,1398693776.5986176,[{'idp': 106, 'x': 5.0, 'y': 1.19, 'r': 0.4, 'type': 1}, {'idp': 107, 'x': 2.623, 'y': 1.232, 'r': 0.4, 'type': 1}, {'idp': 108, 'x': 3.979, 'y': 1.227, 'r': 0.4, 'type': 1}, {'idp': 109, 'x': 7.342, 'y': -1.56, 'r': 0.4, 'type': 1}]
23181,1398693776.6377163,[{'idp': 106, 'x': 4.999, 'y': 1.178, 'r': 0.4, 'type': 1}, {'idp': 107, 'x': 2.654, 'y': 1.239, 'r': 0.4, 'type': 1}, {'idp': 108, 'x': 3.989, 'y': 1.235, 'r': 0.4, 'type': 1}, {'idp': 109, 'x': 7.343, 'y': -1.561, 'r': 0.4, 'type': 1}]
23182,1398693776.6776447,[{'idp': 106, 'x': 4.995, 'y': 1.177, 'r': 0.4, 'type': 1}, {'idp': 107, 'x': 2.678, 'y': 1.237, 'r': 0.4, 'type': 1}, {'idp': 108, 'x': 4.051, 'y': 1.243, 'r': 0.4, 'type': 1}, {'idp': 109, 'x': 7.346, 'y': -1.561, 'r': 0.4, 'type': 1}]
23183,1398693776.6776807,[{'idp': 106, 'x': 4.989, 'y': 1.163, 'r': 0.4, 'type': 1}, {'idp': 107, 'x': 2.698, 'y': 1.231, 'r': 0.4, 'type': 1}, {'idp': 108, 'x': 4.059, 'y': 1.254, 'r': 0.4, 'type': 1}, {'idp': 109, 'x': 7.333, 'y': -1.558, 'r': 0.4, 'type': 1}]
23184,1398693776.7177198,[{'idp': 106, 'x': 4.994, 'y': 1.176, 'r': 0.4, 'type': 1}, {'idp': 107, 'x': 2.709, 'y': 1.221, 'r': 0.4, 'type': 1}, {'idp': 108, 'x': 4.09, 'y': 1.253, 'r': 0.4, 'type': 1}, {'idp': 109, 'x': 7.289, 'y': -1.582, 'r': 0.4, 'type': 1}]
23185,1398693776.7232487,[{'idp': 106, 'x': 5.006, 'y': 1.179, 'r': 0.4, 'type': 1}, {'idp': 107, 'x': 2.731, 'y': 1.217, 'r': 0.4, 'type': 1}, {'idp': 108, 'x': 4.114, 'y': 1.258, 'r': 0.4, 'type': 1}, {'idp': 109, 'x': 7.302, 'y': -1.552, 'r': 0.4, 'type': 1}]
23186,1398693776.7617002,[{'idp': 106, 'x': 5.02, 'y': 1.182, 'r': 0.4, 'type': 1}, {'idp': 107, 'x': 2.738, 'y': 1.211, 'r': 0.4, 'type': 1}, {'idp': 108, 'x': 4.124, 'y': 1.25, 'r': 0.4, 'type': 1}, {'idp': 109, 'x': 7.29, 'y': -1.549, 'r': 0.4, 'type': 1}]
23187,1398693776.801677,[{'idp': 106, 'x': 5.009, 'y': 1.179, 'r': 0.4, 'type': 1}, {'idp': 107, 'x': 2.755, 'y': 1.212, 'r': 0.4, 'type': 1}, {'idp': 108, 'x': 4.116, 'y': 1.238, 'r': 0.4, 'type': 1}, {'idp': 109, 'x': 7.272, 'y': -1.546, 'r': 0.4, 'type': 1}]
23188,1398693776.8017104,[{'idp': 106, 'x': 5.008, 'y': 1.167, 'r': 0.4, 'type': 1}, {'idp': 107, 'x': 2.768, 'y': 1.201, 'r': 0.4, 'type': 1}, {'idp': 108, 'x': 4.124, 'y': 1.241, 'r': 0.4, 'type': 1}, {'idp': 109, 'x': 7.248, 'y': -1.574, 'r': 0.4, 'type': 1}]
23189,1398693776.8416524,[{'idp': 106, 'x': 5.016, 'y': 1.169, 'r': 0.4, 'type': 1}, {'idp': 107, 'x': 2.778, 'y': 1.197, 'r': 0.4, 'type': 1}, {'idp': 108, 'x': 4.124, 'y': 1.231, 'r': 0.4, 'type': 1}, {'idp': 109, 'x': 7.236, 'y': -1.571, 'r': 0.4, 'type': 1}]
23190,1398693776.8480096,[{'idp': 106, 'x': 5.03, 'y': 1.184, 'r': 0.4, 'type': 1}, {'idp': 107, 'x': 2.779, 'y': 1.208, 'r': 0.4, 'type': 1}, {'idp': 108, 'x': 4.131, 'y': 1.224, 'r': 0.4, 'type': 1}, {'idp': 109, 'x': 7.232, 'y': -1.57, 'r': 0.4, 'type': 1}]
23191,1398693776.8856971,[{'idp': 106, 'x': 5.038, 'y': 1.186, 'r': 0.4, 'type': 1}, {'idp': 107, 'x': 2.785, 'y': 1.198, 'r': 0.4, 'type': 1}, {'idp': 108, 'x': 4.133, 'y': 1.214, 'r': 0.4, 'type': 1}, {'idp': 109, 'x': 7.247, 'y': -1.556, 'r': 0.4, 'type': 1}]
23192,1398693776.9256828,[{'idp': 106, 'x': 5.023, 'y': 1.183, 'r': 0.4, 'type': 1}, {'idp': 107, 'x': 2.785, 'y': 1.203, 'r': 0.4, 'type': 1}, {'idp': 108, 'x': 4.168, 'y': 1.225, 'r': 0.4, 'type': 1}, {'idp': 109, 'x': 7.235, 'y': -1.553, 'r': 0.4, 'type': 1}]
23193,1398693776.9257123,[{'idp': 106, 'x': 5.017, 'y': 1.168, 'r': 0.4, 'type': 1}, {'idp': 107, 'x': 2.792, 'y': 1.199, 'r': 0.4, 'type': 1}, {'idp': 108, 'x': 4.153, 'y': 1.21, 'r': 0.4, 'type': 1}, {'idp': 109, 'x': 7.213, 'y': -1.549, 'r': 0.4, 'type': 1}]
23194,1398693776.9657142,[{'idp': 106, 'x': 5.012, 'y': 1.167, 'r': 0.4, 'type': 1}, {'idp': 107, 'x': 2.802, 'y': 1.192, 'r': 0.4, 'type': 1}, {'idp': 108, 'x': 4.145, 'y': 1.199, 'r': 0.4, 'type': 1}, {'idp': 109, 'x': 7.198, 'y': -1.546, 'r': 0.4, 'type': 1}]
23195,1398693776.9731004,[{'idp': 106, 'x': 5.016, 'y': 1.168, 'r': 0.4, 'type': 1}, {'idp': 107, 'x': 2.802, 'y': 1.184, 'r': 0.4, 'type': 1}, {'idp': 108, 'x': 4.152, 'y': 1.201, 'r': 0.4, 'type': 1}, {'idp': 109, 'x': 7.17, 'y': -1.573, 'r': 0.4, 'type': 1}]
23196,1398693777.009698,[{'idp': 106, 'x': 5.021, 'y': 1.182, 'r': 0.4, 'type': 1}, {'idp': 107, 'x': 2.811, 'y': 1.196, 'r': 0.4, 'type': 1}, {'idp': 108, 'x': 4.157, 'y': 1.193, 'r': 0.4, 'type': 1}, {'idp': 109, 'x': 7.166, 'y': -1.572, 'r': 0.4, 'type': 1}]
23197,1398693777.0498471,[{'idp': 106, 'x': 4.985, 'y': 1.174, 'r': 0.4, 'type': 1}, {'idp': 107, 'x': 2.806, 'y': 1.182, 'r': 0.4, 'type': 1}, {'idp': 108, 'x': 4.142, 'y': 1.179, 'r': 0.4, 'type': 1}, {'idp': 109, 'x': 7.157, 'y': -1.57, 'r': 0.4, 'type': 1}]
23198,1398693777.0498822,[{'idp': 106, 'x': 4.988, 'y': 1.186, 'r': 0.4, 'type': 1}, {'idp': 107, 'x': 2.831, 'y': 1.175, 'r': 0.4, 'type': 1}, {'idp': 108, 'x': 4.137, 'y': 1.177, 'r': 0.4, 'type': 1}, {'idp': 109, 'x': 7.155, 'y': -1.569, 'r': 0.4, 'type': 1}]
23199,1398693777.0897532,[{'idp': 106, 'x': 4.959, 'y': 1.179, 'r': 0.4, 'type': 1}, {'idp': 107, 'x': 2.832, 'y': 1.171, 'r': 0.4, 'type': 1}, {'idp': 108, 'x': 4.121, 'y': 1.162, 'r': 0.4, 'type': 1}, {'idp': 109, 'x': 7.134, 'y': -1.565, 'r': 0.4, 'type': 1}]
23200,1398693777.0976222,[{'idp': 106, 'x': 4.95, 'y': 1.188, 'r': 0.4, 'type': 1}, {'idp': 107, 'x': 2.831, 'y': 1.174, 'r': 0.4, 'type': 1}, {'idp': 108, 'x': 4.141, 'y': 1.178, 'r': 0.4, 'type': 1}, {'idp': 109, 'x': 7.123, 'y': -1.563, 'r': 0.4, 'type': 1}]
23201,1398693777.133727,[{'idp': 106, 'x': 4.925, 'y': 1.193, 'r': 0.4, 'type': 1}, {'idp': 107, 'x': 2.853, 'y': 1.165, 'r': 0.4, 'type': 1}, {'idp': 108, 'x': 4.098, 'y': 1.176, 'r': 0.4, 'type': 1}, {'idp': 109, 'x': 7.119, 'y': -1.545, 'r': 0.4, 'type': 1}]
23202,1398693777.1737726,[{'idp': 106, 'x': 4.953, 'y': 1.189, 'r': 0.4, 'type': 1}, {'idp': 107, 'x': 2.86, 'y': 1.165, 'r': 0.4, 'type': 1}, {'idp': 108, 'x': 4.071, 'y': 1.168, 'r': 0.4, 'type': 1}, {'idp': 109, 'x': 7.09, 'y': -1.555, 'r': 0.4, 'type': 1}]
23203,1398693777.1738205,[{'idp': 106, 'x': 4.92, 'y': 1.181, 'r': 0.4, 'type': 1}, {'idp': 107, 'x': 2.883, 'y': 1.159, 'r': 0.4, 'type': 1}, {'idp': 108, 'x': 4.09, 'y': 1.154, 'r': 0.4, 'type': 1}]
23204,1398693777.2136867,[{'idp': 106, 'x': 4.896, 'y': 1.175, 'r': 0.4, 'type': 1}, {'idp': 107, 'x': 2.895, 'y': 1.143, 'r': 0.4, 'type': 1}, {'idp': 108, 'x': 4.068, 'y': 1.148, 'r': 0.4, 'type': 1}]
23205,1398693777.2225413,[{'idp': 106, 'x': 4.884, 'y': 1.172, 'r': 0.4, 'type': 1}, {'idp': 107, 'x': 2.915, 'y': 1.142, 'r': 0.4, 'type': 1}, {'idp': 108, 'x': 4.036, 'y': 1.129, 'r': 0.4, 'type': 1}]
23206,1398693777.2616317,[{'idp': 106, 'x': 4.878, 'y': 1.171, 'r': 0.4, 'type': 1}, {'idp': 107, 'x': 2.918, 'y': 1.136, 'r': 0.4, 'type': 1}, {'idp': 108, 'x': 4.049, 'y': 1.142, 'r': 0.4, 'type': 1}]
23207,1398693777.3016605,[{'idp': 106, 'x': 4.877, 'y': 1.182, 'r': 0.4, 'type': 1}, {'idp': 107, 'x': 2.937, 'y': 1.128, 'r': 0.4, 'type': 1}, {'idp': 108, 'x': 4.064, 'y': 1.147, 'r': 0.4, 'type': 1}]
23208,1398693777.3016918,[{'idp': 106, 'x': 4.875, 'y': 1.17, 'r': 0.4, 'type': 1}, {'idp': 107, 'x': 2.949, 'y': 1.117, 'r': 0.4, 'type': 1}, {'idp': 108, 'x': 4.07, 'y': 1.129, 'r': 0.4, 'type': 1}]
23209,1398693777.3417542,[{'idp': 106, 'x': 4.863, 'y': 1.156, 'r': 0.4, 'type': 1}, {'idp': 107, 'x': 2.953, 'y': 1.105, 'r': 0.4, 'type': 1}, {'idp': 108, 'x': 4.108, 'y': 1.13, 'r': 0.4, 'type': 1}]
23210,1398693777.3480046,[{'idp': 106, 'x': 4.843, 'y': 1.14, 'r': 0.4, 'type': 1}, {'idp': 107, 'x': 2.964, 'y': 1.102, 'r': 0.4, 'type': 1}, {'idp': 108, 'x': 4.149, 'y': 1.131, 'r': 0.4, 'type': 1}]
23211,1398693777.385674,[{'idp': 106, 'x': 4.754, 'y': 1.119, 'r': 0.4, 'type': 1}, {'idp': 107, 'x': 2.976, 'y': 1.091, 'r': 0.4, 'type': 1}, {'idp': 108, 'x': 4.157, 'y': 1.133, 'r': 0.4, 'type': 1}]
23212,1398693777.4256961,[{'idp': 106, 'x': 4.794, 'y': 1.106, 'r': 0.4, 'type': 1}, {'idp': 107, 'x': 2.981, 'y': 1.086, 'r': 0.4, 'type': 1}, {'idp': 108, 'x': 4.167, 'y': 1.127, 'r': 0.4, 'type': 1}]
23213,1398693777.4257262,[{'idp': 106, 'x': 4.822, 'y': 1.091, 'r': 0.4, 'type': 1}, {'idp': 107, 'x': 2.982, 'y': 1.072, 'r': 0.4, 'type': 1}, {'idp': 108, 'x': 4.196, 'y': 1.115, 'r': 0.4, 'type': 1}]
23214,1398693777.4656684,[{'idp': 106, 'x': 4.822, 'y': 1.091, 'r': 0.4, 'type': 1}, {'idp': 107, 'x': 2.988, 'y': 1.067, 'r': 0.4, 'type': 1}, {'idp': 108, 'x': 4.176, 'y': 1.1, 'r': 0.4, 'type': 1}]
23215,1398693777.4739792,[{'idp': 106, 'x': 4.572, 'y': 1.19, 'r': 0.2, 'type': 1}, {'idp': 107, 'x': 2.974, 'y': 1.047, 'r': 0.4, 'type': 1}, {'idp': 108, 'x': 4.159, 'y': 1.084, 'r': 0.2, 'type': 1}]
23216,1398693777.5137477,[{'idp': 106, 'x': 4.523, 'y': 1.191, 'r': 0.2, 'type': 1}, {'idp': 107, 'x': 2.954, 'y': 1.033, 'r': 0.4, 'type': 1}, {'idp': 108, 'x': 4.16, 'y': 1.084, 'r': 0.2, 'type': 1}]
23217,1398693777.5536902,[{'idp': 106, 'x': 4.556, 'y': 1.189, 'r': 0.2, 'type': 1}, {'idp': 107, 'x': 2.942, 'y': 1.028, 'r': 0.4, 'type': 1}, {'idp': 108, 'x': 4.18, 'y': 1.078, 'r': 0.2, 'type': 1}]
23218,1398693777.5537186,[{'idp': 106, 'x': 4.636, 'y': 1.21, 'r': 0.2, 'type': 1}, {'idp': 107, 'x': 2.901, 'y': 1.013, 'r': 0.4, 'type': 1}, {'idp': 108, 'x': 4.16, 'y': 1.086, 'r': 0.2, 'type': 1}]
23219,1398693777.593689,[{'idp': 106, 'x': 4.674, 'y': 1.22, 'r': 0.2, 'type': 1}, {'idp': 107, 'x': 2.896, 'y': 1.011, 'r': 0.4, 'type': 1}, {'idp': 108, 'x': 4.167, 'y': 1.084, 'r': 0.2, 'type': 1}]
23220,1398693777.5958927,[{'idp': 106, 'x': 4.676, 'y': 1.22, 'r': 0.2, 'type': 1}, {'idp': 107, 'x': 2.912, 'y': 1.01, 'r': 0.4, 'type': 1}, {'idp': 108, 'x': 4.171, 'y': 1.078, 'r': 0.2, 'type': 1}]
23221,1398693777.6336315,[{'idp': 106, 'x': 4.669, 'y': 1.197, 'r': 0.2, 'type': 1}, {'idp': 107, 'x': 2.901, 'y': 0.999, 'r': 0.4, 'type': 1}, {'idp': 108, 'x': 4.166, 'y': 1.063, 'r': 0.2, 'type': 1}]
23222,1398693777.67367,[{'idp': 106, 'x': 4.648, 'y': 1.181, 'r': 0.2, 'type': 1}, {'idp': 107, 'x': 2.923, 'y': 0.999, 'r': 0.4, 'type': 1}, {'idp': 108, 'x': 4.148, 'y': 1.076, 'r': 0.2, 'type': 1}]
23223,1398693777.6737006,[{'idp': 106, 'x': 4.655, 'y': 1.204, 'r': 0.2, 'type': 1}, {'idp': 107, 'x': 2.958, 'y': 0.989, 'r': 0.4, 'type': 1}, {'idp': 108, 'x': 4.157, 'y': 1.064, 'r': 0.2, 'type': 1}]
23224,1398693777.7138302,[{'idp': 106, 'x': 4.631, 'y': 1.198, 'r': 0.2, 'type': 1}, {'idp': 107, 'x': 2.976, 'y': 0.987, 'r': 0.4, 'type': 1}, {'idp': 108, 'x': 4.16, 'y': 1.042, 'r': 0.2, 'type': 1}]
23225,1398693777.720845,[{'idp': 106, 'x': 4.583, 'y': 1.196, 'r': 0.2, 'type': 1}, {'idp': 107, 'x': 2.985, 'y': 0.983, 'r': 0.4, 'type': 1}, {'idp': 108, 'x': 4.192, 'y': 1.031, 'r': 0.2, 'type': 1}]
23226,1398693777.7576604,[{'idp': 106, 'x': 4.593, 'y': 1.188, 'r': 0.2, 'type': 1}, {'idp': 107, 'x': 3.007, 'y': 0.976, 'r': 0.4, 'type': 1}, {'idp': 108, 'x': 4.211, 'y': 0.996, 'r': 0.2, 'type': 1}]
23227,1398693777.7976718,[{'idp': 106, 'x': 4.587, 'y': 1.186, 'r': 0.2, 'type': 1}, {'idp': 107, 'x': 3.029, 'y': 0.968, 'r': 0.4, 'type': 1}, {'idp': 108, 'x': 4.2, 'y': 0.981, 'r': 0.2, 'type': 1}]
23228,1398693777.797688,[{'idp': 106, 'x': 4.555, 'y': 1.178, 'r': 0.2, 'type': 1}, {'idp': 107, 'x': 3.053, 'y': 0.969, 'r': 0.4, 'type': 1}, {'idp': 108, 'x': 4.194, 'y': 0.979, 'r': 0.2, 'type': 1}]
23229,1398693777.8377998,[{'idp': 106, 'x': 4.573, 'y': 1.193, 'r': 0.2, 'type': 1}, {'idp': 107, 'x': 3.057, 'y': 0.97, 'r': 0.4, 'type': 1}, {'idp': 108, 'x': 4.198, 'y': 0.998, 'r': 0.2, 'type': 1}]
23230,1398693777.8457782,[{'idp': 106, 'x': 4.549, 'y': 1.198, 'r': 0.2, 'type': 1}, {'idp': 107, 'x': 3.036, 'y': 0.956, 'r': 0.4, 'type': 1}, {'idp': 108, 'x': 4.178, 'y': 0.995, 'r': 0.2, 'type': 1}]
23231,1398693777.8856947,[{'idp': 106, 'x': 4.555, 'y': 1.199, 'r': 0.2, 'type': 1}, {'idp': 107, 'x': 3.047, 'y': 0.976, 'r': 0.4, 'type': 1}, {'idp': 108, 'x': 4.162, 'y': 0.991, 'r': 0.2, 'type': 1}]
23232,1398693777.9256663,[{'idp': 106, 'x': 4.562, 'y': 1.201, 'r': 0.2, 'type': 1}, {'idp': 107, 'x': 3.052, 'y': 0.963, 'r': 0.4, 'type': 1}, {'idp': 108, 'x': 4.155, 'y': 0.989, 'r': 0.2, 'type': 1}]
23233,1398693777.9256973,[{'idp': 106, 'x': 4.54, 'y': 1.185, 'r': 0.2, 'type': 1}, {'idp': 107, 'x': 3.068, 'y': 0.954, 'r': 0.4, 'type': 1}, {'idp': 108, 'x': 4.164, 'y': 0.971, 'r': 0.2, 'type': 1}]
23234,1398693777.9656975,[{'idp': 106, 'x': 4.497, 'y': 1.163, 'r': 0.2, 'type': 1}, {'idp': 107, 'x': 3.093, 'y': 0.954, 'r': 0.4, 'type': 1}, {'idp': 108, 'x': 4.159, 'y': 0.97, 'r': 0.2, 'type': 1}]
23235,1398693777.9695609,[{'idp': 106, 'x': 4.497, 'y': 1.163, 'r': 0.2, 'type': 1}, {'idp': 107, 'x': 3.098, 'y': 0.948, 'r': 0.4, 'type': 1}, {'idp': 108, 'x': 4.161, 'y': 0.99, 'r': 0.2, 'type': 1}]
23236,1398693778.0056765,[{'idp': 107, 'x': 3.1, 'y': 0.964, 'r': 0.4, 'type': 1}, {'idp': 108, 'x': 4.139, 'y': 0.965, 'r': 0.4, 'type': 1}]
23237,1398693778.0456522,[{'idp': 107, 'x': 3.121, 'y': 0.963, 'r': 0.4, 'type': 1}, {'idp': 108, 'x': 4.129, 'y': 0.992, 'r': 0.4, 'type': 1}]
23238,1398693778.0456645,[{'idp': 107, 'x': 3.124, 'y': 0.956, 'r': 0.4, 'type': 1}, {'idp': 108, 'x': 4.109, 'y': 0.967, 'r': 0.4, 'type': 1}]
23239,1398693778.085653,[{'idp': 107, 'x': 3.134, 'y': 0.952, 'r': 0.4, 'type': 1}, {'idp': 108, 'x': 4.104, 'y': 0.957, 'r': 0.4, 'type': 1}]
23240,1398693778.0946224,[{'idp': 107, 'x': 3.149, 'y': 0.964, 'r': 0.4, 'type': 1}, {'idp': 108, 'x': 4.057, 'y': 0.945, 'r': 0.4, 'type': 1}]
23241,1398693778.1337128,[{'idp': 107, 'x': 3.155, 'y': 0.957, 'r': 0.4, 'type': 1}, {'idp': 108, 'x': 4.055, 'y': 0.936, 'r': 0.4, 'type': 1}]
23242,1398693778.1737142,[{'idp': 107, 'x': 3.154, 'y': 0.948, 'r': 0.4, 'type': 1}, {'idp': 108, 'x': 3.954, 'y': 1.018, 'r': 0.4, 'type': 1}]
23243,1398693778.1737483,[{'idp': 107, 'x': 3.17, 'y': 0.945, 'r': 0.4, 'type': 1}, {'idp': 108, 'x': 3.948, 'y': 1.037, 'r': 0.4, 'type': 1}]
23244,1398693778.21374,[{'idp': 107, 'x': 3.184, 'y': 0.943, 'r': 0.4, 'type': 1}, {'idp': 108, 'x': 3.954, 'y': 1.041, 'r': 0.4, 'type': 1}]
23245,1398693778.219504,[{'idp': 107, 'x': 3.184, 'y': 0.934, 'r': 0.4, 'type': 1}, {'idp': 108, 'x': 3.953, 'y': 1.04, 'r': 0.4, 'type': 1}]
23246,1398693778.2576358,[{'idp': 107, 'x': 3.171, 'y': 0.934, 'r': 0.4, 'type': 1}, {'idp': 108, 'x': 3.925, 'y': 1.039, 'r': 0.4, 'type': 1}]
23247,1398693778.2976909,[{'idp': 107, 'x': 3.179, 'y': 0.925, 'r': 0.4, 'type': 1}, {'idp': 108, 'x': 3.909, 'y': 1.074, 'r': 0.4, 'type': 1}]
23248,1398693778.2977223,[{'idp': 107, 'x': 3.165, 'y': 0.924, 'r': 0.4, 'type': 1}, {'idp': 108, 'x': 3.909, 'y': 1.074, 'r': 0.4, 'type': 1}]
23249,1398693778.33768,[{'idp': 107, 'x': 3.165, 'y': 0.924, 'r': 0.4, 'type': 1}, {'idp': 108, 'x': 3.877, 'y': 1.066, 'r': 0.4, 'type': 1}]
23250,1398693778.3435864,[{'idp': 107, 'x': 3.178, 'y': 0.913, 'r': 0.4, 'type': 1}, {'idp': 108, 'x': 3.87, 'y': 1.072, 'r': 0.4, 'type': 1}]
23251,1398693778.381682,[{'idp': 107, 'x': 3.161, 'y': 0.897, 'r': 0.4, 'type': 1}, {'idp': 108, 'x': 3.875, 'y': 1.102, 'r': 0.4, 'type': 1}]
23252,1398693778.4217615,[{'idp': 107, 'x': 3.167, 'y': 0.892, 'r': 0.4, 'type': 1}, {'idp': 108, 'x': 3.913, 'y': 1.103, 'r': 0.4, 'type': 1}]
23253,1398693778.421861,[{'idp': 107, 'x': 3.157, 'y': 0.881, 'r': 0.4, 'type': 1}, {'idp': 108, 'x': 3.956, 'y': 1.105, 'r': 0.4, 'type': 1}]
23254,1398693778.4617503,[{'idp': 107, 'x': 3.171, 'y': 0.878, 'r': 0.4, 'type': 1}, {'idp': 108, 'x': 3.97, 'y': 1.1, 'r': 0.4, 'type': 1}]
23255,1398693778.469226,[{'idp': 107, 'x': 3.181, 'y': 0.87, 'r': 0.4, 'type': 1}, {'idp': 108, 'x': 3.839, 'y': 1.101, 'r': 0.4, 'type': 1}]
23256,1398693778.5056484,[{'idp': 107, 'x': 3.16, 'y': 0.866, 'r': 0.4, 'type': 1}]
23257,1398693778.5457773,[{'idp': 107, 'x': 3.176, 'y': 0.858, 'r': 0.4, 'type': 1}]
23258,1398693778.545805,[{'idp': 107, 'x': 3.169, 'y': 0.849, 'r': 0.4, 'type': 1}]
23259,1398693778.5857942,[{'idp': 107, 'x': 3.163, 'y': 0.84, 'r': 0.4, 'type': 1}]
23260,1398693778.5940797,[{'idp': 107, 'x': 3.157, 'y': 0.831, 'r': 0.4, 'type': 1}]
23261,1398693778.6336904,[{'idp': 107, 'x': 3.162, 'y': 0.818, 'r': 0.4, 'type': 1}]
23262,1398693778.6736784,[{'idp': 107, 'x': 3.177, 'y': 0.8, 'r': 0.4, 'type': 1}]
23263,1398693778.6737134,[{'idp': 107, 'x': 3.189, 'y': 0.781, 'r': 0.4, 'type': 1}]
23264,1398693778.7136912,[{'idp': 107, 'x': 3.195, 'y': 0.769, 'r': 0.4, 'type': 1}]
23265,1398693778.7186308,[{'idp': 107, 'x': 3.199, 'y': 0.748, 'r': 0.4, 'type': 1}]
23266,1398693778.757644,[{'idp': 107, 'x': 3.208, 'y': 0.728, 'r': 0.4, 'type': 1}]
23267,1398693778.797685,[{'idp': 107, 'x': 3.204, 'y': 0.705, 'r': 0.4, 'type': 1}]
23268,1398693778.7977173,[{'idp': 107, 'x': 3.189, 'y': 0.687, 'r': 0.4, 'type': 1}]
23269,1398693778.8377092,[{'idp': 107, 'x': 3.187, 'y': 0.672, 'r': 0.4, 'type': 1}]
23270,1398693778.8445125,[{'idp': 107, 'x': 3.193, 'y': 0.666, 'r': 0.4, 'type': 1}]
23271,1398693778.8816633,[{'idp': 107, 'x': 3.202, 'y': 0.66, 'r': 0.4, 'type': 1}]
23272,1398693778.9216912,[{'idp': 107, 'x': 3.22, 'y': 0.656, 'r': 0.4, 'type': 1}]
23273,1398693778.921711,[{'idp': 107, 'x': 3.217, 'y': 0.641, 'r': 0.4, 'type': 1}]
23274,1398693778.9617567,[{'idp': 107, 'x': 3.196, 'y': 0.621, 'r': 0.4, 'type': 1}]
23275,1398693778.9678848,[{'idp': 107, 'x': 3.187, 'y': 0.605, 'r': 0.4, 'type': 1}]
23276,1398693779.0056372,[{'idp': 107, 'x': 3.185, 'y': 0.605, 'r': 0.4, 'type': 1}]
23277,1398693779.0457528,[{'idp': 107, 'x': 3.166, 'y': 0.593, 'r': 0.4, 'type': 1}, {'idp': 110, 'x': 3.987, 'y': 1.106, 'r': 0.4, 'type': 1}]
23278,1398693779.0457883,[{'idp': 107, 'x': 3.168, 'y': 0.594, 'r': 0.4, 'type': 1}, {'idp': 110, 'x': 3.845, 'y': 1.09, 'r': 0.4, 'type': 1}]
23279,1398693779.0856524,[{'idp': 107, 'x': 3.164, 'y': 0.586, 'r': 0.4, 'type': 1}, {'idp': 110, 'x': 3.827, 'y': 1.086, 'r': 0.4, 'type': 1}]
23280,1398693779.0920057,[{'idp': 107, 'x': 3.158, 'y': 0.585, 'r': 0.4, 'type': 1}, {'idp': 110, 'x': 3.818, 'y': 1.083, 'r': 0.4, 'type': 1}]
23281,1398693779.1296592,[{'idp': 107, 'x': 3.154, 'y': 0.585, 'r': 0.4, 'type': 1}, {'idp': 110, 'x': 3.797, 'y': 1.077, 'r': 0.4, 'type': 1}]
23282,1398693779.1697052,[{'idp': 107, 'x': 3.13, 'y': 0.565, 'r': 0.4, 'type': 1}, {'idp': 110, 'x': 3.785, 'y': 1.065, 'r': 0.4, 'type': 1}]
23283,1398693779.1697524,[{'idp': 107, 'x': 3.124, 'y': 0.544, 'r': 0.4, 'type': 1}, {'idp': 110, 'x': 3.778, 'y': 1.045, 'r': 0.4, 'type': 1}]
23284,1398693779.2097442,[{'idp': 107, 'x': 3.096, 'y': 0.532, 'r': 0.4, 'type': 1}, {'idp': 110, 'x': 3.768, 'y': 1.043, 'r': 0.4, 'type': 1}]
23285,1398693779.2188842,[{'idp': 107, 'x': 3.101, 'y': 0.519, 'r': 0.4, 'type': 1}, {'idp': 110, 'x': 3.765, 'y': 1.068, 'r': 0.4, 'type': 1}]
23286,1398693779.2576685,[{'idp': 107, 'x': 3.113, 'y': 0.521, 'r': 0.4, 'type': 1}, {'idp': 110, 'x': 3.754, 'y': 1.074, 'r': 0.4, 'type': 1}]
23287,1398693779.2977238,[{'idp': 107, 'x': 3.134, 'y': 0.524, 'r': 0.4, 'type': 1}, {'idp': 110, 'x': 3.735, 'y': 1.077, 'r': 0.4, 'type': 1}]
23288,1398693779.297754,[{'idp': 107, 'x': 3.134, 'y': 0.517, 'r': 0.4, 'type': 1}, {'idp': 110, 'x': 3.725, 'y': 1.074, 'r': 0.4, 'type': 1}]
23289,1398693779.337768,[{'idp': 107, 'x': 3.138, 'y': 0.497, 'r': 0.4, 'type': 1}, {'idp': 110, 'x': 3.711, 'y': 1.07, 'r': 0.4, 'type': 1}]
23290,1398693779.3408847,[{'idp': 107, 'x': 3.123, 'y': 0.48, 'r': 0.4, 'type': 1}, {'idp': 110, 'x': 3.698, 'y': 1.067, 'r': 0.4, 'type': 1}]
23291,1398693779.3776534,[{'idp': 107, 'x': 3.136, 'y': 0.468, 'r': 0.4, 'type': 1}, {'idp': 110, 'x': 3.692, 'y': 1.065, 'r': 0.4, 'type': 1}]
23292,1398693779.4176679,[{'idp': 107, 'x': 3.164, 'y': 0.473, 'r': 0.4, 'type': 1}, {'idp': 110, 'x': 3.668, 'y': 1.067, 'r': 0.4, 'type': 1}]
23293,1398693779.4176967,[{'idp': 107, 'x': 3.174, 'y': 0.445, 'r': 0.4, 'type': 1}, {'idp': 110, 'x': 3.649, 'y': 1.07, 'r': 0.4, 'type': 1}]
23294,1398693779.457673,[{'idp': 107, 'x': 3.186, 'y': 0.44, 'r': 0.4, 'type': 1}, {'idp': 110, 'x': 3.637, 'y': 1.067, 'r': 0.4, 'type': 1}]
23295,1398693779.4655073,[{'idp': 107, 'x': 3.209, 'y': 0.429, 'r': 0.4, 'type': 1}, {'idp': 110, 'x': 3.61, 'y': 1.058, 'r': 0.4, 'type': 1}]
23296,1398693779.5017583,[{'idp': 107, 'x': 3.225, 'y': 0.417, 'r': 0.4, 'type': 1}, {'idp': 110, 'x': 3.6, 'y': 1.055, 'r': 0.4, 'type': 1}]
23297,1398693779.5416431,[{'idp': 107, 'x': 3.247, 'y': 0.406, 'r': 0.4, 'type': 1}, {'idp': 110, 'x': 3.598, 'y': 1.055, 'r': 0.4, 'type': 1}]
23298,1398693779.5416715,[{'idp': 107, 'x': 3.255, 'y': 0.4, 'r': 0.4, 'type': 1}, {'idp': 110, 'x': 3.608, 'y': 1.075, 'r': 0.4, 'type': 1}]
23299,1398693779.5816915,[{'idp': 107, 'x': 3.28, 'y': 0.404, 'r': 0.4, 'type': 1}, {'idp': 110, 'x': 3.595, 'y': 1.071, 'r': 0.4, 'type': 1}]
23300,1398693779.590878,[{'idp': 107, 'x': 3.281, 'y': 0.382, 'r': 0.4, 'type': 1}, {'idp': 110, 'x': 3.585, 'y': 1.068, 'r': 0.4, 'type': 1}]
23301,1398693779.6296718,[{'idp': 107, 'x': 3.293, 'y': 0.375, 'r': 0.4, 'type': 1}, {'idp': 110, 'x': 3.556, 'y': 1.06, 'r': 0.4, 'type': 1}]
23302,1398693779.6697068,[{'idp': 107, 'x': 3.285, 'y': 0.389, 'r': 0.4, 'type': 1}, {'idp': 110, 'x': 3.541, 'y': 1.064, 'r': 0.4, 'type': 1}]
23303,1398693779.6697226,[{'idp': 107, 'x': 3.292, 'y': 0.368, 'r': 0.4, 'type': 1}, {'idp': 110, 'x': 3.534, 'y': 1.07, 'r': 0.4, 'type': 1}]
23304,1398693779.7097464,[{'idp': 107, 'x': 3.316, 'y': 0.378, 'r': 0.4, 'type': 1}, {'idp': 110, 'x': 3.522, 'y': 1.066, 'r': 0.4, 'type': 1}]
23305,1398693779.7151449,[{'idp': 107, 'x': 3.319, 'y': 0.379, 'r': 0.4, 'type': 1}, {'idp': 110, 'x': 3.511, 'y': 1.046, 'r': 0.4, 'type': 1}]
23306,1398693779.7536576,[{'idp': 107, 'x': 3.323, 'y': 0.372, 'r': 0.4, 'type': 1}, {'idp': 110, 'x': 3.5, 'y': 1.043, 'r': 0.4, 'type': 1}]
23307,1398693779.7937212,[{'idp': 107, 'x': 3.322, 'y': 0.356, 'r': 0.4, 'type': 1}, {'idp': 110, 'x': 3.483, 'y': 1.054, 'r': 0.4, 'type': 1}]
23308,1398693779.793757,[{'idp': 107, 'x': 3.319, 'y': 0.329, 'r': 0.4, 'type': 1}, {'idp': 110, 'x': 3.465, 'y': 1.049, 'r': 0.4, 'type': 1}]
23309,1398693779.8337202,[{'idp': 107, 'x': 3.334, 'y': 0.331, 'r': 0.4, 'type': 1}, {'idp': 110, 'x': 3.456, 'y': 1.063, 'r': 0.4, 'type': 1}]
23310,1398693779.8411384,[{'idp': 107, 'x': 3.335, 'y': 0.339, 'r': 0.4, 'type': 1}, {'idp': 110, 'x': 3.436, 'y': 1.057, 'r': 0.4, 'type': 1}]
23311,1398693779.8776774,[{'idp': 107, 'x': 3.318, 'y': 0.34, 'r': 0.4, 'type': 1}, {'idp': 110, 'x': 3.428, 'y': 1.054, 'r': 0.4, 'type': 1}]
23312,1398693779.9177136,[{'idp': 107, 'x': 3.317, 'y': 0.341, 'r': 0.4, 'type': 1}, {'idp': 110, 'x': 3.402, 'y': 1.037, 'r': 0.4, 'type': 1}]
23313,1398693779.9177463,[{'idp': 107, 'x': 3.314, 'y': 0.333, 'r': 0.4, 'type': 1}, {'idp': 110, 'x': 3.397, 'y': 1.052, 'r': 0.4, 'type': 1}]
23314,1398693779.9577239,[{'idp': 107, 'x': 3.309, 'y': 0.332, 'r': 0.4, 'type': 1}, {'idp': 110, 'x': 3.381, 'y': 1.047, 'r': 0.4, 'type': 1}]
23315,1398693779.9645016,[{'idp': 107, 'x': 3.31, 'y': 0.332, 'r': 0.4, 'type': 1}, {'idp': 110, 'x': 3.362, 'y': 1.041, 'r': 0.4, 'type': 1}]
23316,1398693780.001782,[{'idp': 107, 'x': 3.311, 'y': 0.325, 'r': 0.4, 'type': 1}, {'idp': 110, 'x': 3.362, 'y': 1.049, 'r': 0.4, 'type': 1}]
23317,1398693780.0416627,[{'idp': 107, 'x': 3.325, 'y': 0.319, 'r': 0.4, 'type': 1}, {'idp': 110, 'x': 3.343, 'y': 1.035, 'r': 0.4, 'type': 1}]
23318,1398693780.04168,[{'idp': 107, 'x': 3.319, 'y': 0.311, 'r': 0.4, 'type': 1}, {'idp': 110, 'x': 3.336, 'y': 1.042, 'r': 0.4, 'type': 1}]
23319,1398693780.0817647,[{'idp': 107, 'x': 3.324, 'y': 0.297, 'r': 0.4, 'type': 1}, {'idp': 110, 'x': 3.328, 'y': 1.047, 'r': 0.4, 'type': 1}]
23320,1398693780.0896256,[{'idp': 107, 'x': 3.338, 'y': 0.283, 'r': 0.4, 'type': 1}, {'idp': 110, 'x': 3.32, 'y': 1.036, 'r': 0.4, 'type': 1}]
23321,1398693780.1257641,[{'idp': 107, 'x': 3.34, 'y': 0.269, 'r': 0.4, 'type': 1}, {'idp': 110, 'x': 3.288, 'y': 1.026, 'r': 0.4, 'type': 1}]
23322,1398693780.1656835,[{'idp': 107, 'x': 3.351, 'y': 0.255, 'r': 0.4, 'type': 1}, {'idp': 110, 'x': 3.284, 'y': 1.033, 'r': 0.4, 'type': 1}]
23323,1398693780.165715,[{'idp': 107, 'x': 3.349, 'y': 0.248, 'r': 0.4, 'type': 1}, {'idp': 110, 'x': 3.276, 'y': 1.03, 'r': 0.4, 'type': 1}]
23324,1398693780.2057042,[{'idp': 107, 'x': 3.36, 'y': 0.234, 'r': 0.4, 'type': 1}, {'idp': 110, 'x': 3.265, 'y': 1.043, 'r': 0.4, 'type': 1}]
23325,1398693780.2145255,[{'idp': 107, 'x': 3.356, 'y': 0.227, 'r': 0.4, 'type': 1}, {'idp': 110, 'x': 3.237, 'y': 1.025, 'r': 0.4, 'type': 1}]
23326,1398693780.2536788,[{'idp': 107, 'x': 3.378, 'y': 0.207, 'r': 0.4, 'type': 1}, {'idp': 110, 'x': 3.238, 'y': 1.034, 'r': 0.4, 'type': 1}]
23327,1398693780.2937648,[{'idp': 107, 'x': 3.389, 'y': 0.193, 'r': 0.4, 'type': 1}, {'idp': 110, 'x': 3.228, 'y': 1.03, 'r': 0.4, 'type': 1}]
23328,1398693780.2938387,[{'idp': 107, 'x': 3.39, 'y': 0.193, 'r': 0.4, 'type': 1}, {'idp': 110, 'x': 3.201, 'y': 1.022, 'r': 0.4, 'type': 1}]
23329,1398693780.3337262,[{'idp': 107, 'x': 3.398, 'y': 0.186, 'r': 0.4, 'type': 1}, {'idp': 110, 'x': 3.19, 'y': 1.026, 'r': 0.4, 'type': 1}]
23330,1398693780.3418818,[{'idp': 107, 'x': 3.412, 'y': 0.18, 'r': 0.4, 'type': 1}, {'idp': 110, 'x': 3.188, 'y': 1.033, 'r': 0.4, 'type': 1}]
23331,1398693780.3816833,[{'idp': 107, 'x': 3.398, 'y': 0.165, 'r': 0.4, 'type': 1}, {'idp': 110, 'x': 3.176, 'y': 1.03, 'r': 0.4, 'type': 1}]
23332,1398693780.4217417,[{'idp': 107, 'x': 3.41, 'y': 0.165, 'r': 0.4, 'type': 1}, {'idp': 110, 'x': 3.163, 'y': 1.026, 'r': 0.4, 'type': 1}]
23333,1398693780.421778,[{'idp': 107, 'x': 3.404, 'y': 0.143, 'r': 0.4, 'type': 1}, {'idp': 110, 'x': 3.156, 'y': 1.023, 'r': 0.4, 'type': 1}]
23334,1398693780.4617417,[{'idp': 107, 'x': 3.401, 'y': 0.143, 'r': 0.4, 'type': 1}, {'idp': 110, 'x': 3.154, 'y': 1.038, 'r': 0.4, 'type': 1}]
23335,1398693780.4638522,[{'idp': 107, 'x': 3.399, 'y': 0.143, 'r': 0.4, 'type': 1}, {'idp': 110, 'x': 3.136, 'y': 1.032, 'r': 0.4, 'type': 1}]
23336,1398693780.5017176,[{'idp': 107, 'x': 3.398, 'y': 0.143, 'r': 0.4, 'type': 1}, {'idp': 110, 'x': 3.132, 'y': 1.046, 'r': 0.4, 'type': 1}]
23337,1398693780.5417094,[{'idp': 107, 'x': 3.4, 'y': 0.135, 'r': 0.4, 'type': 1}, {'idp': 110, 'x': 3.113, 'y': 1.04, 'r': 0.4, 'type': 1}]
23338,1398693780.54174,[{'idp': 107, 'x': 3.386, 'y': 0.127, 'r': 0.4, 'type': 1}, {'idp': 110, 'x': 3.101, 'y': 1.035, 'r': 0.4, 'type': 1}]
23339,1398693780.5817516,[{'idp': 107, 'x': 3.382, 'y': 0.12, 'r': 0.4, 'type': 1}, {'idp': 110, 'x': 3.089, 'y': 1.032, 'r': 0.4, 'type': 1}]
23340,1398693780.5875971,[{'idp': 107, 'x': 3.382, 'y': 0.112, 'r': 0.4, 'type': 1}, {'idp': 110, 'x': 3.08, 'y': 1.029, 'r': 0.4, 'type': 1}]
23341,1398693780.6257486,[{'idp': 107, 'x': 3.378, 'y': 0.112, 'r': 0.4, 'type': 1}, {'idp': 110, 'x': 3.061, 'y': 1.022, 'r': 0.4, 'type': 1}]
23342,1398693780.665721,[{'idp': 107, 'x': 3.361, 'y': 0.112, 'r': 0.4, 'type': 1}, {'idp': 110, 'x': 3.052, 'y': 1.034, 'r': 0.4, 'type': 1}]
23343,1398693780.6657495,[{'idp': 107, 'x': 3.369, 'y': 0.112, 'r': 0.4, 'type': 1}, {'idp': 110, 'x': 3.023, 'y': 1.016, 'r': 0.4, 'type': 1}]
23344,1398693780.705639,[{'idp': 107, 'x': 3.362, 'y': 0.111, 'r': 0.4, 'type': 1}, {'idp': 110, 'x': 3.024, 'y': 1.032, 'r': 0.4, 'type': 1}]
23345,1398693780.7126946,[{'idp': 107, 'x': 3.364, 'y': 0.104, 'r': 0.4, 'type': 1}, {'idp': 110, 'x': 3.01, 'y': 1.02, 'r': 0.4, 'type': 1}]
23346,1398693780.7497406,[{'idp': 107, 'x': 3.367, 'y': 0.097, 'r': 0.4, 'type': 1}, {'idp': 110, 'x': 3.008, 'y': 1.019, 'r': 0.4, 'type': 1}]
23347,1398693780.7897074,[{'idp': 107, 'x': 3.363, 'y': 0.097, 'r': 0.4, 'type': 1}, {'idp': 110, 'x': 2.993, 'y': 1.021, 'r': 0.4, 'type': 1}]
23348,1398693780.7897453,[{'idp': 107, 'x': 3.372, 'y': 0.104, 'r': 0.4, 'type': 1}, {'idp': 110, 'x': 2.982, 'y': 1.025, 'r': 0.4, 'type': 1}]
23349,1398693780.8296976,[{'idp': 107, 'x': 3.373, 'y': 0.105, 'r': 0.4, 'type': 1}, {'idp': 110, 'x': 2.976, 'y': 1.045, 'r': 0.4, 'type': 1}]
23350,1398693780.8371272,[{'idp': 107, 'x': 3.382, 'y': 0.113, 'r': 0.4, 'type': 1}, {'idp': 110, 'x': 2.957, 'y': 1.038, 'r': 0.4, 'type': 1}]
23351,1398693780.8737621,[{'idp': 107, 'x': 3.391, 'y': 0.106, 'r': 0.4, 'type': 1}, {'idp': 110, 'x': 2.946, 'y': 1.035, 'r': 0.4, 'type': 1}]
23352,1398693780.9137008,[{'idp': 107, 'x': 3.391, 'y': 0.105, 'r': 0.4, 'type': 1}, {'idp': 110, 'x': 2.932, 'y': 1.03, 'r': 0.4, 'type': 1}]
23353,1398693780.9137309,[{'idp': 107, 'x': 3.397, 'y': 0.106, 'r': 0.4, 'type': 1}, {'idp': 110, 'x': 2.91, 'y': 1.022, 'r': 0.4, 'type': 1}]
23354,1398693780.953679,[{'idp': 107, 'x': 3.424, 'y': 0.114, 'r': 0.4, 'type': 1}, {'idp': 110, 'x': 2.883, 'y': 1.019, 'r': 0.4, 'type': 1}]
23355,1398693780.963636,[{'idp': 107, 'x': 3.449, 'y': 0.107, 'r': 0.4, 'type': 1}, {'idp': 110, 'x': 2.886, 'y': 1.035, 'r': 0.4, 'type': 1}]
23356,1398693781.0016594,[{'idp': 107, 'x': 3.447, 'y': 0.099, 'r': 0.4, 'type': 1}, {'idp': 110, 'x': 2.865, 'y': 1.027, 'r': 0.4, 'type': 1}]
23357,1398693781.0417206,[{'idp': 107, 'x': 3.421, 'y': 0.099, 'r': 0.4, 'type': 1}, {'idp': 110, 'x': 2.859, 'y': 1.025, 'r': 0.4, 'type': 1}]
23358,1398693781.0417545,[{'idp': 107, 'x': 3.452, 'y': 0.084, 'r': 0.4, 'type': 1}, {'idp': 110, 'x': 2.843, 'y': 1.019, 'r': 0.4, 'type': 1}]
23359,1398693781.0817013,[{'idp': 107, 'x': 3.467, 'y': 0.084, 'r': 0.4, 'type': 1}, {'idp': 110, 'x': 2.835, 'y': 1.023, 'r': 0.4, 'type': 1}]
23360,1398693781.0866168,[{'idp': 107, 'x': 3.475, 'y': 0.084, 'r': 0.4, 'type': 1}, {'idp': 110, 'x': 2.822, 'y': 1.026, 'r': 0.4, 'type': 1}]
23361,1398693781.1256678,[{'idp': 107, 'x': 3.472, 'y': 0.077, 'r': 0.4, 'type': 1}, {'idp': 110, 'x': 2.803, 'y': 1.018, 'r': 0.4, 'type': 1}]
23362,1398693781.1656845,[{'idp': 107, 'x': 3.457, 'y': 0.092, 'r': 0.4, 'type': 1}, {'idp': 110, 'x': 2.806, 'y': 1.034, 'r': 0.4, 'type': 1}]
23363,1398693781.1657116,[{'idp': 107, 'x': 3.447, 'y': 0.084, 'r': 0.4, 'type': 1}, {'idp': 110, 'x': 2.795, 'y': 1.037, 'r': 0.4, 'type': 1}]
23364,1398693781.2057095,[{'idp': 107, 'x': 3.438, 'y': 0.076, 'r': 0.4, 'type': 1}, {'idp': 110, 'x': 2.765, 'y': 1.018, 'r': 0.4, 'type': 1}]
23365,1398693781.2114744,[{'idp': 107, 'x': 3.44, 'y': 0.076, 'r': 0.4, 'type': 1}, {'idp': 110, 'x': 2.762, 'y': 1.017, 'r': 0.4, 'type': 1}]
23366,1398693781.2496886,[{'idp': 107, 'x': 3.433, 'y': 0.091, 'r': 0.4, 'type': 1}, {'idp': 110, 'x': 2.735, 'y': 1.013, 'r': 0.4, 'type': 1}]
23367,1398693781.2896945,[{'idp': 107, 'x': 3.437, 'y': 0.09, 'r': 0.4, 'type': 1}, {'idp': 110, 'x': 2.651, 'y': 0.939, 'r': 0.2, 'type': 1}, {'idp': 111, 'x': 2.985, 'y': 1.357, 'r': 0.2, 'type': 1}]
23368,1398693781.2897263,[{'idp': 107, 'x': 3.417, 'y': 0.09, 'r': 0.4, 'type': 1}, {'idp': 110, 'x': 2.634, 'y': 0.965, 'r': 0.2, 'type': 1}, {'idp': 111, 'x': 2.962, 'y': 1.296, 'r': 0.2, 'type': 1}]
23369,1398693781.3337095,[{'idp': 107, 'x': 3.428, 'y': 0.083, 'r': 0.4, 'type': 1}, {'idp': 110, 'x': 2.645, 'y': 0.963, 'r': 0.2, 'type': 1}, {'idp': 111, 'x': 2.983, 'y': 1.305, 'r': 0.2, 'type': 1}]
23370,1398693781.3359964,[{'idp': 107, 'x': 3.423, 'y': 0.067, 'r': 0.4, 'type': 1}, {'idp': 110, 'x': 2.643, 'y': 0.963, 'r': 0.2, 'type': 1}, {'idp': 111, 'x': 2.986, 'y': 1.299, 'r': 0.2, 'type': 1}]
23371,1398693781.3737767,[{'idp': 107, 'x': 3.432, 'y': 0.067, 'r': 0.4, 'type': 1}, {'idp': 110, 'x': 2.628, 'y': 0.964, 'r': 0.2, 'type': 1}, {'idp': 111, 'x': 3.0, 'y': 1.313, 'r': 0.2, 'type': 1}]
23372,1398693781.4136448,[{'idp': 107, 'x': 3.416, 'y': 0.074, 'r': 0.4, 'type': 1}, {'idp': 110, 'x': 2.621, 'y': 0.968, 'r': 0.2, 'type': 1}, {'idp': 111, 'x': 2.987, 'y': 1.314, 'r': 0.2, 'type': 1}]
23373,1398693781.4136798,[{'idp': 107, 'x': 3.411, 'y': 0.082, 'r': 0.4, 'type': 1}, {'idp': 110, 'x': 2.593, 'y': 0.971, 'r': 0.2, 'type': 1}, {'idp': 111, 'x': 2.961, 'y': 1.311, 'r': 0.2, 'type': 1}]
23374,1398693781.453687,[{'idp': 107, 'x': 3.391, 'y': 0.081, 'r': 0.4, 'type': 1}, {'idp': 110, 'x': 2.573, 'y': 0.961, 'r': 0.2, 'type': 1}, {'idp': 111, 'x': 3.011, 'y': 1.341, 'r': 0.2, 'type': 1}]
23375,1398693781.4612293,[{'idp': 107, 'x': 3.38, 'y': 0.074, 'r': 0.4, 'type': 1}, {'idp': 110, 'x': 2.581, 'y': 0.972, 'r': 0.2, 'type': 1}, {'idp': 111, 'x': 2.987, 'y': 1.33, 'r': 0.2, 'type': 1}]
23376,1398693781.4977772,[{'idp': 107, 'x': 3.351, 'y': 0.073, 'r': 0.4, 'type': 1}, {'idp': 110, 'x': 2.567, 'y': 0.967, 'r': 0.2, 'type': 1}, {'idp': 111, 'x': 2.993, 'y': 1.333, 'r': 0.2, 'type': 1}]
23377,1398693781.537696,[{'idp': 107, 'x': 3.35, 'y': 0.073, 'r': 0.4, 'type': 1}, {'idp': 110, 'x': 2.552, 'y': 0.968, 'r': 0.2, 'type': 1}, {'idp': 111, 'x': 3.024, 'y': 1.354, 'r': 0.2, 'type': 1}]
23378,1398693781.5377245,[{'idp': 107, 'x': 3.34, 'y': 0.073, 'r': 0.4, 'type': 1}, {'idp': 110, 'x': 2.547, 'y': 0.966, 'r': 0.2, 'type': 1}, {'idp': 111, 'x': 3.03, 'y': 1.357, 'r': 0.2, 'type': 1}]
23379,1398693781.577669,[{'idp': 107, 'x': 3.331, 'y': 0.058, 'r': 0.4, 'type': 1}, {'idp': 110, 'x': 2.539, 'y': 0.963, 'r': 0.2, 'type': 1}, {'idp': 111, 'x': 3.023, 'y': 1.354, 'r': 0.2, 'type': 1}]
23380,1398693781.5871367,[{'idp': 107, 'x': 3.307, 'y': 0.058, 'r': 0.4, 'type': 1}, {'idp': 110, 'x': 2.526, 'y': 0.958, 'r': 0.2, 'type': 1}, {'idp': 111, 'x': 2.997, 'y': 1.35, 'r': 0.2, 'type': 1}]
23381,1398693781.6257024,[{'idp': 107, 'x': 3.298, 'y': 0.057, 'r': 0.4, 'type': 1}, {'idp': 110, 'x': 2.516, 'y': 0.967, 'r': 0.2, 'type': 1}, {'idp': 111, 'x': 2.966, 'y': 1.344, 'r': 0.2, 'type': 1}]
23382,1398693781.665735,[{'idp': 107, 'x': 3.295, 'y': 0.064, 'r': 0.4, 'type': 1}, {'idp': 110, 'x': 2.495, 'y': 0.965, 'r': 0.2, 'type': 1}, {'idp': 111, 'x': 2.961, 'y': 1.35, 'r': 0.2, 'type': 1}]
23383,1398693781.6657567,[{'idp': 107, 'x': 3.283, 'y': 0.064, 'r': 0.4, 'type': 1}, {'idp': 110, 'x': 2.484, 'y': 0.967, 'r': 0.2, 'type': 1}, {'idp': 111, 'x': 3.015, 'y': 1.39, 'r': 0.2, 'type': 1}]
23384,1398693781.7056494,[{'idp': 107, 'x': 3.269, 'y': 0.064, 'r': 0.4, 'type': 1}, {'idp': 110, 'x': 2.476, 'y': 0.963, 'r': 0.2, 'type': 1}, {'idp': 111, 'x': 2.983, 'y': 1.383, 'r': 0.2, 'type': 1}]
23385,1398693781.7110026,[{'idp': 107, 'x': 3.278, 'y': 0.057, 'r': 0.4, 'type': 1}, {'idp': 110, 'x': 2.456, 'y': 0.968, 'r': 0.2, 'type': 1}, {'idp': 111, 'x': 2.98, 'y': 1.398, 'r': 0.2, 'type': 1}]
23386,1398693781.7497125,[{'idp': 107, 'x': 3.251, 'y': 0.056, 'r': 0.4, 'type': 1}, {'idp': 110, 'x': 2.446, 'y': 0.964, 'r': 0.2, 'type': 1}, {'idp': 111, 'x': 2.95, 'y': 1.384, 'r': 0.2, 'type': 1}]
23387,1398693781.7896993,[{'idp': 107, 'x': 3.241, 'y': 0.049, 'r': 0.4, 'type': 1}, {'idp': 110, 'x': 2.422, 'y': 0.967, 'r': 0.2, 'type': 1}, {'idp': 111, 'x': 2.897, 'y': 1.367, 'r': 0.2, 'type': 1}]
23388,1398693781.7897286,[{'idp': 107, 'x': 3.245, 'y': 0.047, 'r': 0.4, 'type': 1}, {'idp': 110, 'x': 2.405, 'y': 0.967, 'r': 0.2, 'type': 1}, {'idp': 111, 'x': 2.909, 'y': 1.388, 'r': 0.2, 'type': 1}]
23389,1398693781.8296916,[{'idp': 107, 'x': 3.237, 'y': 0.054, 'r': 0.4, 'type': 1}, {'idp': 110, 'x': 2.391, 'y': 0.973, 'r': 0.2, 'type': 1}, {'idp': 111, 'x': 2.9, 'y': 1.399, 'r': 0.2, 'type': 1}]
23390,1398693781.8358488,[{'idp': 107, 'x': 3.232, 'y': 0.055, 'r': 0.4, 'type': 1}, {'idp': 110, 'x': 2.381, 'y': 0.975, 'r': 0.2, 'type': 1}, {'idp': 111, 'x': 2.883, 'y': 1.414, 'r': 0.2, 'type': 1}]
23391,1398693781.8736348,[{'idp': 107, 'x': 3.227, 'y': 0.055, 'r': 0.4, 'type': 1}, {'idp': 110, 'x': 2.357, 'y': 0.971, 'r': 0.2, 'type': 1}, {'idp': 111, 'x': 2.863, 'y': 1.412, 'r': 0.2, 'type': 1}]
23392,1398693781.9138334,[{'idp': 107, 'x': 3.211, 'y': 0.047, 'r': 0.4, 'type': 1}, {'idp': 110, 'x': 2.35, 'y': 0.974, 'r': 0.2, 'type': 1}, {'idp': 111, 'x': 2.841, 'y': 1.402, 'r': 0.2, 'type': 1}]
23393,1398693781.9138725,[{'idp': 107, 'x': 3.219, 'y': 0.044, 'r': 0.4, 'type': 1}, {'idp': 110, 'x': 2.323, 'y': 0.969, 'r': 0.2, 'type': 1}, {'idp': 111, 'x': 2.85, 'y': 1.421, 'r': 0.2, 'type': 1}]
23394,1398693781.953718,[{'idp': 107, 'x': 3.201, 'y': 0.06, 'r': 0.4, 'type': 1}, {'idp': 110, 'x': 2.312, 'y': 0.988, 'r': 0.2, 'type': 1}, {'idp': 111, 'x': 2.813, 'y': 1.426, 'r': 0.2, 'type': 1}]
23395,1398693781.9599857,[{'idp': 107, 'x': 3.185, 'y': 0.083, 'r': 0.4, 'type': 1}, {'idp': 110, 'x': 2.286, 'y': 0.995, 'r': 0.2, 'type': 1}, {'idp': 111, 'x': 2.807, 'y': 1.454, 'r': 0.2, 'type': 1}]
23396,1398693781.997665,[{'idp': 107, 'x': 3.186, 'y': 0.095, 'r': 0.4, 'type': 1}, {'idp': 110, 'x': 2.27, 'y': 1.018, 'r': 0.2, 'type': 1}, {'idp': 111, 'x': 2.773, 'y': 1.475, 'r': 0.2, 'type': 1}]
23397,1398693782.0376315,[{'idp': 107, 'x': 3.187, 'y': 0.122, 'r': 0.4, 'type': 1}, {'idp': 110, 'x': 2.257, 'y': 1.035, 'r': 0.2, 'type': 1}, {'idp': 111, 'x': 2.78, 'y': 1.518, 'r': 0.2, 'type': 1}]
23398,1398693782.0376446,[{'idp': 107, 'x': 3.181, 'y': 0.143, 'r': 0.4, 'type': 1}, {'idp': 110, 'x': 2.238, 'y': 1.051, 'r': 0.2, 'type': 1}, {'idp': 111, 'x': 2.75, 'y': 1.532, 'r': 0.2, 'type': 1}]
23399,1398693782.077663,[{'idp': 107, 'x': 3.177, 'y': 0.157, 'r': 0.4, 'type': 1}, {'idp': 110, 'x': 2.229, 'y': 1.076, 'r': 0.2, 'type': 1}, {'idp': 111, 'x': 2.741, 'y': 1.567, 'r': 0.2, 'type': 1}]
23400,1398693782.08563,[{'idp': 107, 'x': 3.169, 'y': 0.182, 'r': 0.4, 'type': 1}, {'idp': 110, 'x': 2.204, 'y': 1.082, 'r': 0.2, 'type': 1}, {'idp': 111, 'x': 2.718, 'y': 1.578, 'r': 0.2, 'type': 1}]
23401,1398693782.1217842,[{'idp': 107, 'x': 3.169, 'y': 0.197, 'r': 0.4, 'type': 1}, {'idp': 110, 'x': 2.187, 'y': 1.098, 'r': 0.2, 'type': 1}, {'idp': 111, 'x': 2.695, 'y': 1.588, 'r': 0.2, 'type': 1}]
23402,1398693782.1617653,[{'idp': 107, 'x': 3.161, 'y': 0.183, 'r': 0.4, 'type': 1}, {'idp': 110, 'x': 2.173, 'y': 1.102, 'r': 0.2, 'type': 1}, {'idp': 111, 'x': 2.697, 'y': 1.612, 'r': 0.2, 'type': 1}]
23403,1398693782.1617978,[{'idp': 107, 'x': 3.153, 'y': 0.2, 'r': 0.4, 'type': 1}, {'idp': 110, 'x': 2.152, 'y': 1.115, 'r': 0.2, 'type': 1}, {'idp': 111, 'x': 2.667, 'y': 1.627, 'r': 0.2, 'type': 1}]
23404,1398693782.201696,[{'idp': 107, 'x': 3.155, 'y': 0.219, 'r': 0.4, 'type': 1}, {'idp': 110, 'x': 2.134, 'y': 1.13, 'r': 0.2, 'type': 1}, {'idp': 111, 'x': 2.638, 'y': 1.641, 'r': 0.2, 'type': 1}]
23405,1398693782.2102337,[{'idp': 107, 'x': 3.148, 'y': 0.248, 'r': 0.4, 'type': 1}, {'idp': 110, 'x': 2.111, 'y': 1.153, 'r': 0.2, 'type': 1}, {'idp': 111, 'x': 2.611, 'y': 1.672, 'r': 0.2, 'type': 1}]
23406,1398693782.2497218,[{'idp': 107, 'x': 3.133, 'y': 0.259, 'r': 0.4, 'type': 1}, {'idp': 110, 'x': 2.095, 'y': 1.168, 'r': 0.2, 'type': 1}, {'idp': 111, 'x': 2.597, 'y': 1.703, 'r': 0.2, 'type': 1}]
23407,1398693782.2896845,[{'idp': 107, 'x': 3.133, 'y': 0.267, 'r': 0.4, 'type': 1}, {'idp': 110, 'x': 2.076, 'y': 1.175, 'r': 0.2, 'type': 1}, {'idp': 111, 'x': 2.551, 'y': 1.689, 'r': 0.2, 'type': 1}]
23408,1398693782.289719,[{'idp': 107, 'x': 3.127, 'y': 0.282, 'r': 0.4, 'type': 1}, {'idp': 110, 'x': 2.057, 'y': 1.183, 'r': 0.2, 'type': 1}, {'idp': 111, 'x': 2.542, 'y': 1.715, 'r': 0.2, 'type': 1}]
23409,1398693782.3297,[{'idp': 107, 'x': 3.109, 'y': 0.279, 'r': 0.4, 'type': 1}, {'idp': 110, 'x': 2.04, 'y': 1.19, 'r': 0.2, 'type': 1}, {'idp': 111, 'x': 2.54, 'y': 1.73, 'r': 0.2, 'type': 1}]
23410,1398693782.334927,[{'idp': 107, 'x': 3.113, 'y': 0.279, 'r': 0.4, 'type': 1}, {'idp': 110, 'x': 2.028, 'y': 1.189, 'r': 0.2, 'type': 1}, {'idp': 111, 'x': 2.523, 'y': 1.726, 'r': 0.2, 'type': 1}]
23411,1398693782.373741,[{'idp': 107, 'x': 3.113, 'y': 0.281, 'r': 0.4, 'type': 1}, {'idp': 110, 'x': 2.014, 'y': 1.193, 'r': 0.2, 'type': 1}, {'idp': 111, 'x': 2.497, 'y': 1.725, 'r': 0.2, 'type': 1}]
23412,1398693782.4136837,[{'idp': 107, 'x': 3.111, 'y': 0.274, 'r': 0.4, 'type': 1}, {'idp': 110, 'x': 1.998, 'y': 1.195, 'r': 0.2, 'type': 1}, {'idp': 111, 'x': 2.505, 'y': 1.746, 'r': 0.2, 'type': 1}]
23413,1398693782.4137137,[{'idp': 107, 'x': 3.107, 'y': 0.281, 'r': 0.4, 'type': 1}, {'idp': 110, 'x': 1.985, 'y': 1.2, 'r': 0.2, 'type': 1}, {'idp': 111, 'x': 2.497, 'y': 1.749, 'r': 0.2, 'type': 1}]
23414,1398693782.4536479,[{'idp': 107, 'x': 3.108, 'y': 0.259, 'r': 0.4, 'type': 1}, {'idp': 110, 'x': 1.978, 'y': 1.196, 'r': 0.2, 'type': 1}, {'idp': 111, 'x': 2.465, 'y': 1.734, 'r': 0.2, 'type': 1}]
23415,1398693782.4584508,[{'idp': 107, 'x': 3.099, 'y': 0.245, 'r': 0.4, 'type': 1}, {'idp': 110, 'x': 1.964, 'y': 1.199, 'r': 0.2, 'type': 1}, {'idp': 111, 'x': 2.475, 'y': 1.75, 'r': 0.2, 'type': 1}]
23416,1398693782.4978008,[{'idp': 107, 'x': 3.106, 'y': 0.239, 'r': 0.4, 'type': 1}, {'idp': 110, 'x': 1.958, 'y': 1.201, 'r': 0.2, 'type': 1}, {'idp': 111, 'x': 2.453, 'y': 1.742, 'r': 0.2, 'type': 1}]
23417,1398693782.5377057,[{'idp': 107, 'x': 3.114, 'y': 0.24, 'r': 0.4, 'type': 1}, {'idp': 110, 'x': 1.946, 'y': 1.206, 'r': 0.2, 'type': 1}, {'idp': 111, 'x': 2.46, 'y': 1.763, 'r': 0.2, 'type': 1}]
23418,1398693782.5377617,[{'idp': 107, 'x': 3.106, 'y': 0.225, 'r': 0.4, 'type': 1}, {'idp': 110, 'x': 1.945, 'y': 1.211, 'r': 0.2, 'type': 1}, {'idp': 111, 'x': 2.425, 'y': 1.746, 'r': 0.2, 'type': 1}]
23419,1398693782.5777137,[{'idp': 107, 'x': 3.106, 'y': 0.219, 'r': 0.4, 'type': 1}, {'idp': 110, 'x': 1.928, 'y': 1.206, 'r': 0.2, 'type': 1}, {'idp': 111, 'x': 2.426, 'y': 1.755, 'r': 0.2, 'type': 1}]
23420,1398693782.5837977,[{'idp': 107, 'x': 3.104, 'y': 0.212, 'r': 0.4, 'type': 1}, {'idp': 110, 'x': 1.918, 'y': 1.212, 'r': 0.2, 'type': 1}, {'idp': 111, 'x': 2.416, 'y': 1.756, 'r': 0.2, 'type': 1}]
23421,1398693782.6217606,[{'idp': 107, 'x': 3.096, 'y': 0.205, 'r': 0.4, 'type': 1}, {'idp': 110, 'x': 1.901, 'y': 1.213, 'r': 0.2, 'type': 1}, {'idp': 111, 'x': 2.404, 'y': 1.763, 'r': 0.2, 'type': 1}]
23422,1398693782.6617234,[{'idp': 107, 'x': 3.091, 'y': 0.205, 'r': 0.4, 'type': 1}, {'idp': 110, 'x': 1.893, 'y': 1.219, 'r': 0.2, 'type': 1}, {'idp': 111, 'x': 2.368, 'y': 1.752, 'r': 0.2, 'type': 1}]
23423,1398693782.6617527,[{'idp': 107, 'x': 3.088, 'y': 0.204, 'r': 0.4, 'type': 1}, {'idp': 110, 'x': 1.883, 'y': 1.224, 'r': 0.2, 'type': 1}, {'idp': 111, 'x': 2.386, 'y': 1.773, 'r': 0.2, 'type': 1}]
23424,1398693782.7017365,[{'idp': 107, 'x': 3.065, 'y': 0.189, 'r': 0.4, 'type': 1}, {'idp': 110, 'x': 1.866, 'y': 1.22, 'r': 0.2, 'type': 1}, {'idp': 111, 'x': 2.351, 'y': 1.764, 'r': 0.2, 'type': 1}]
23425,1398693782.7084892,[{'idp': 107, 'x': 3.058, 'y': 0.182, 'r': 0.4, 'type': 1}, {'idp': 110, 'x': 1.856, 'y': 1.224, 'r': 0.2, 'type': 1}, {'idp': 111, 'x': 2.355, 'y': 1.775, 'r': 0.2, 'type': 1}]
23426,1398693782.7457764,[{'idp': 107, 'x': 3.039, 'y': 0.174, 'r': 0.4, 'type': 1}, {'idp': 110, 'x': 1.847, 'y': 1.231, 'r': 0.2, 'type': 1}, {'idp': 111, 'x': 2.342, 'y': 1.781, 'r': 0.2, 'type': 1}]
23427,1398693782.7856996,[{'idp': 107, 'x': 3.036, 'y': 0.181, 'r': 0.4, 'type': 1}, {'idp': 110, 'x': 1.834, 'y': 1.233, 'r': 0.2, 'type': 1}, {'idp': 111, 'x': 2.19, 'y': 1.68, 'r': 0.2, 'type': 1}]
23428,1398693782.7857358,[{'idp': 107, 'x': 3.011, 'y': 0.172, 'r': 0.4, 'type': 1}, {'idp': 110, 'x': 1.822, 'y': 1.243, 'r': 0.2, 'type': 1}, {'idp': 111, 'x': 2.19, 'y': 1.68, 'r': 0.2, 'type': 1}]
23429,1398693782.8257976,[{'idp': 107, 'x': 2.987, 'y': 0.164, 'r': 0.4, 'type': 1}, {'idp': 110, 'x': 1.811, 'y': 1.253, 'r': 0.2, 'type': 1}, {'idp': 111, 'x': 2.19, 'y': 1.68, 'r': 0.2, 'type': 1}]
23430,1398693782.8331537,[{'idp': 107, 'x': 2.953, 'y': 0.148, 'r': 0.4, 'type': 1}, {'idp': 110, 'x': 1.802, 'y': 1.259, 'r': 0.2, 'type': 1}, {'idp': 111, 'x': 2.19, 'y': 1.68, 'r': 0.2, 'type': 1}]
23431,1398693782.8696754,[{'idp': 107, 'x': 2.932, 'y': 0.141, 'r': 0.4, 'type': 1}, {'idp': 110, 'x': 1.787, 'y': 1.248, 'r': 0.2, 'type': 1}, {'idp': 111, 'x': 2.19, 'y': 1.68, 'r': 0.2, 'type': 1}]
23432,1398693782.9097054,[{'idp': 107, 'x': 2.939, 'y': 0.141, 'r': 0.4, 'type': 1}, {'idp': 110, 'x': 1.777, 'y': 1.253, 'r': 0.2, 'type': 1}, {'idp': 111, 'x': 2.19, 'y': 1.68, 'r': 0.2, 'type': 1}]
23433,1398693782.909741,[{'idp': 107, 'x': 2.931, 'y': 0.128, 'r': 0.4, 'type': 1}, {'idp': 110, 'x': 1.767, 'y': 1.258, 'r': 0.2, 'type': 1}, {'idp': 111, 'x': 2.19, 'y': 1.68, 'r': 0.2, 'type': 1}]
23434,1398693782.949752,[{'idp': 107, 'x': 2.939, 'y': 0.115, 'r': 0.4, 'type': 1}, {'idp': 110, 'x': 1.749, 'y': 1.256, 'r': 0.2, 'type': 1}, {'idp': 111, 'x': 2.19, 'y': 1.68, 'r': 0.2, 'type': 1}]
23435,1398693782.9581037,[{'idp': 107, 'x': 2.957, 'y': 0.103, 'r': 0.4, 'type': 1}, {'idp': 110, 'x': 1.739, 'y': 1.261, 'r': 0.2, 'type': 1}, {'idp': 111, 'x': 2.19, 'y': 1.68, 'r': 0.2, 'type': 1}]
23436,1398693782.9976568,[{'idp': 107, 'x': 2.938, 'y': 0.102, 'r': 0.4, 'type': 1}, {'idp': 110, 'x': 1.725, 'y': 1.262, 'r': 0.2, 'type': 1}, {'idp': 111, 'x': 2.19, 'y': 1.68, 'r': 0.2, 'type': 1}]
23437,1398693783.0377338,[{'idp': 107, 'x': 2.925, 'y': 0.115, 'r': 0.4, 'type': 1}, {'idp': 110, 'x': 1.711, 'y': 1.269, 'r': 0.2, 'type': 1}, {'idp': 111, 'x': 2.19, 'y': 1.68, 'r': 0.2, 'type': 1}]
23438,1398693783.0377634,[{'idp': 107, 'x': 2.902, 'y': 0.127, 'r': 0.4, 'type': 1}, {'idp': 110, 'x': 1.707, 'y': 1.278, 'r': 0.2, 'type': 1}, {'idp': 111, 'x': 2.19, 'y': 1.68, 'r': 0.2, 'type': 1}]
23439,1398693783.0776494,[{'idp': 107, 'x': 2.904, 'y': 0.12, 'r': 0.4, 'type': 1}, {'idp': 110, 'x': 1.692, 'y': 1.278, 'r': 0.2, 'type': 1}, {'idp': 111, 'x': 2.19, 'y': 1.68, 'r': 0.2, 'type': 1}]
23440,1398693783.082758,[{'idp': 107, 'x': 2.903, 'y': 0.114, 'r': 0.4, 'type': 1}, {'idp': 110, 'x': 1.681, 'y': 1.281, 'r': 0.2, 'type': 1}, {'idp': 111, 'x': 2.277, 'y': 1.507, 'r': 0.2, 'type': 1}]
23441,1398693783.1217449,[{'idp': 107, 'x': 2.893, 'y': 0.114, 'r': 0.4, 'type': 1}, {'idp': 110, 'x': 1.672, 'y': 1.286, 'r': 0.2, 'type': 1}, {'idp': 111, 'x': 2.276, 'y': 1.506, 'r': 0.2, 'type': 1}]
23442,1398693783.1617265,[{'idp': 107, 'x': 2.899, 'y': 0.107, 'r': 0.4, 'type': 1}, {'idp': 110, 'x': 1.647, 'y': 1.282, 'r': 0.2, 'type': 1}, {'idp': 111, 'x': 2.285, 'y': 1.52, 'r': 0.2, 'type': 1}]
23443,1398693783.1617532,[{'idp': 107, 'x': 2.874, 'y': 0.107, 'r': 0.4, 'type': 1}, {'idp': 110, 'x': 1.631, 'y': 1.281, 'r': 0.2, 'type': 1}, {'idp': 111, 'x': 2.268, 'y': 1.515, 'r': 0.2, 'type': 1}]
23444,1398693783.2017257,[{'idp': 107, 'x': 2.897, 'y': 0.101, 'r': 0.4, 'type': 1}, {'idp': 110, 'x': 1.611, 'y': 1.282, 'r': 0.2, 'type': 1}, {'idp': 111, 'x': 2.227, 'y': 1.509, 'r': 0.2, 'type': 1}]
23445,1398693783.2088578,[{'idp': 107, 'x': 2.899, 'y': 0.095, 'r': 0.4, 'type': 1}, {'idp': 110, 'x': 1.605, 'y': 1.288, 'r': 0.2, 'type': 1}, {'idp': 111, 'x': 2.204, 'y': 1.507, 'r': 0.2, 'type': 1}]
23446,1398693783.2457702,[{'idp': 107, 'x': 2.904, 'y': 0.089, 'r': 0.4, 'type': 1}, {'idp': 110, 'x': 1.577, 'y': 1.29, 'r': 0.2, 'type': 1}, {'idp': 111, 'x': 2.206, 'y': 1.515, 'r': 0.2, 'type': 1}]
23447,1398693783.2857506,[{'idp': 107, 'x': 2.956, 'y': 0.085, 'r': 0.4, 'type': 1}, {'idp': 110, 'x': 1.571, 'y': 1.289, 'r': 0.2, 'type': 1}, {'idp': 111, 'x': 2.225, 'y': 1.535, 'r': 0.2, 'type': 1}]
23448,1398693783.2857816,[{'idp': 107, 'x': 2.983, 'y': 0.08, 'r': 0.4, 'type': 1}, {'idp': 110, 'x': 1.56, 'y': 1.298, 'r': 0.2, 'type': 1}, {'idp': 111, 'x': 2.217, 'y': 1.544, 'r': 0.2, 'type': 1}]
23449,1398693783.3256953,[{'idp': 107, 'x': 2.976, 'y': 0.073, 'r': 0.4, 'type': 1}, {'idp': 110, 'x': 1.546, 'y': 1.296, 'r': 0.2, 'type': 1}, {'idp': 111, 'x': 2.209, 'y': 1.547, 'r': 0.2, 'type': 1}]
23450,1398693783.3312511,[{'idp': 107, 'x': 2.982, 'y': 0.067, 'r': 0.4, 'type': 1}, {'idp': 110, 'x': 1.526, 'y': 1.297, 'r': 0.2, 'type': 1}, {'idp': 111, 'x': 2.204, 'y': 1.55, 'r': 0.2, 'type': 1}]
23451,1398693783.3697484,[{'idp': 107, 'x': 3.005, 'y': 0.061, 'r': 0.4, 'type': 1}, {'idp': 110, 'x': 1.512, 'y': 1.296, 'r': 0.2, 'type': 1}, {'idp': 111, 'x': 2.216, 'y': 1.559, 'r': 0.2, 'type': 1}]
23452,1398693783.40971,[{'idp': 107, 'x': 3.017, 'y': 0.048, 'r': 0.4, 'type': 1}, {'idp': 110, 'x': 1.497, 'y': 1.292, 'r': 0.2, 'type': 1}, {'idp': 111, 'x': 2.199, 'y': 1.554, 'r': 0.2, 'type': 1}]
23453,1398693783.4097393,[{'idp': 107, 'x': 3.029, 'y': 0.035, 'r': 0.4, 'type': 1}, {'idp': 110, 'x': 1.498, 'y': 1.296, 'r': 0.2, 'type': 1}, {'idp': 111, 'x': 2.194, 'y': 1.55, 'r': 0.2, 'type': 1}]
23454,1398693783.4497435,[{'idp': 107, 'x': 3.043, 'y': 0.021, 'r': 0.4, 'type': 1}, {'idp': 110, 'x': 1.479, 'y': 1.291, 'r': 0.2, 'type': 1}, {'idp': 111, 'x': 2.2, 'y': 1.562, 'r': 0.2, 'type': 1}]
23455,1398693783.4557085,[{'idp': 107, 'x': 3.062, 'y': 0.015, 'r': 0.4, 'type': 1}, {'idp': 110, 'x': 1.469, 'y': 1.301, 'r': 0.2, 'type': 1}, {'idp': 111, 'x': 2.203, 'y': 1.55, 'r': 0.2, 'type': 1}]
23456,1398693783.4936535,[{'idp': 107, 'x': 3.063, 'y': 0.001, 'r': 0.4, 'type': 1}, {'idp': 110, 'x': 1.461, 'y': 1.307, 'r': 0.2, 'type': 1}, {'idp': 111, 'x': 2.187, 'y': 1.546, 'r': 0.2, 'type': 1}]
23457,1398693783.5336587,[{'idp': 107, 'x': 3.064, 'y': 0.0, 'r': 0.4, 'type': 1}, {'idp': 110, 'x': 1.453, 'y': 1.311, 'r': 0.2, 'type': 1}, {'idp': 111, 'x': 2.193, 'y': 1.55, 'r': 0.2, 'type': 1}]
23458,1398693783.533691,[{'idp': 107, 'x': 3.067, 'y': -0.015, 'r': 0.4, 'type': 1}, {'idp': 110, 'x': 1.448, 'y': 1.303, 'r': 0.2, 'type': 1}, {'idp': 111, 'x': 2.197, 'y': 1.545, 'r': 0.2, 'type': 1}]
23459,1398693783.573802,[{'idp': 107, 'x': 3.074, 'y': -0.028, 'r': 0.4, 'type': 1}, {'idp': 110, 'x': 1.438, 'y': 1.306, 'r': 0.2, 'type': 1}, {'idp': 111, 'x': 2.185, 'y': 1.537, 'r': 0.2, 'type': 1}]
23460,1398693783.5803173,[{'idp': 107, 'x': 3.078, 'y': -0.042, 'r': 0.4, 'type': 1}, {'idp': 110, 'x': 1.431, 'y': 1.311, 'r': 0.2, 'type': 1}, {'idp': 111, 'x': 2.198, 'y': 1.532, 'r': 0.2, 'type': 1}]
23461,1398693783.6177268,[{'idp': 107, 'x': 3.079, 'y': -0.064, 'r': 0.4, 'type': 1}, {'idp': 110, 'x': 1.421, 'y': 1.311, 'r': 0.2, 'type': 1}, {'idp': 111, 'x': 2.182, 'y': 1.521, 'r': 0.2, 'type': 1}]
23462,1398693783.657719,[{'idp': 107, 'x': 3.08, 'y': -0.062, 'r': 0.4, 'type': 1}, {'idp': 110, 'x': 1.414, 'y': 1.315, 'r': 0.2, 'type': 1}, {'idp': 111, 'x': 2.192, 'y': 1.514, 'r': 0.2, 'type': 1}]
23463,1398693783.657749,[{'idp': 107, 'x': 3.083, 'y': -0.069, 'r': 0.4, 'type': 1}, {'idp': 110, 'x': 1.399, 'y': 1.31, 'r': 0.2, 'type': 1}, {'idp': 111, 'x': 2.176, 'y': 1.502, 'r': 0.2, 'type': 1}]
23464,1398693783.6976936,[{'idp': 107, 'x': 3.09, 'y': -0.086, 'r': 0.4, 'type': 1}, {'idp': 110, 'x': 1.394, 'y': 1.315, 'r': 0.2, 'type': 1}, {'idp': 111, 'x': 2.175, 'y': 1.502, 'r': 0.2, 'type': 1}]
23465,1398693783.705674,[{'idp': 107, 'x': 3.087, 'y': -0.083, 'r': 0.4, 'type': 1}, {'idp': 110, 'x': 1.377, 'y': 1.315, 'r': 0.2, 'type': 1}, {'idp': 111, 'x': 2.166, 'y': 1.503, 'r': 0.2, 'type': 1}]
23466,1398693783.7457273,[{'idp': 107, 'x': 3.085, 'y': -0.098, 'r': 0.4, 'type': 1}, {'idp': 110, 'x': 1.361, 'y': 1.32, 'r': 0.2, 'type': 1}, {'idp': 111, 'x': 2.167, 'y': 1.496, 'r': 0.2, 'type': 1}]
23467,1398693783.7856815,[{'idp': 107, 'x': 3.07, 'y': -0.101, 'r': 0.4, 'type': 1}, {'idp': 110, 'x': 1.362, 'y': 1.327, 'r': 0.2, 'type': 1}, {'idp': 111, 'x': 2.169, 'y': 1.484, 'r': 0.2, 'type': 1}]
23468,1398693783.78571,[{'idp': 107, 'x': 3.076, 'y': -0.115, 'r': 0.4, 'type': 1}, {'idp': 110, 'x': 1.341, 'y': 1.319, 'r': 0.2, 'type': 1}, {'idp': 111, 'x': 2.146, 'y': 1.461, 'r': 0.2, 'type': 1}]
23469,1398693783.8256736,[{'idp': 107, 'x': 3.071, 'y': -0.131, 'r': 0.4, 'type': 1}, {'idp': 110, 'x': 1.33, 'y': 1.316, 'r': 0.2, 'type': 1}, {'idp': 111, 'x': 2.163, 'y': 1.473, 'r': 0.2, 'type': 1}]
23470,1398693783.8307683,[{'idp': 107, 'x': 3.07, 'y': -0.128, 'r': 0.4, 'type': 1}, {'idp': 110, 'x': 1.322, 'y': 1.318, 'r': 0.2, 'type': 1}, {'idp': 111, 'x': 2.15, 'y': 1.464, 'r': 0.2, 'type': 1}]
23471,1398693783.8697367,[{'idp': 107, 'x': 3.081, 'y': -0.148, 'r': 0.4, 'type': 1}, {'idp': 110, 'x': 1.298, 'y': 1.319, 'r': 0.2, 'type': 1}, {'idp': 111, 'x': 2.14, 'y': 1.457, 'r': 0.2, 'type': 1}]
23472,1398693783.9096887,[{'idp': 107, 'x': 3.071, 'y': -0.158, 'r': 0.4, 'type': 1}, {'idp': 110, 'x': 1.299, 'y': 1.328, 'r': 0.2, 'type': 1}, {'idp': 111, 'x': 2.127, 'y': 1.441, 'r': 0.2, 'type': 1}]
23473,1398693783.909716,[{'idp': 107, 'x': 3.07, 'y': -0.168, 'r': 0.4, 'type': 1}, {'idp': 110, 'x': 1.29, 'y': 1.33, 'r': 0.2, 'type': 1}, {'idp': 111, 'x': 2.131, 'y': 1.437, 'r': 0.2, 'type': 1}]
23474,1398693783.9496832,[{'idp': 107, 'x': 3.07, 'y': -0.187, 'r': 0.4, 'type': 1}, {'idp': 110, 'x': 1.274, 'y': 1.325, 'r': 0.2, 'type': 1}, {'idp': 111, 'x': 2.131, 'y': 1.431, 'r': 0.2, 'type': 1}]
23475,1398693783.9557624,[{'idp': 107, 'x': 3.085, 'y': -0.204, 'r': 0.4, 'type': 1}, {'idp': 110, 'x': 1.262, 'y': 1.33, 'r': 0.2, 'type': 1}, {'idp': 111, 'x': 2.119, 'y': 1.429, 'r': 0.2, 'type': 1}]
23476,1398693783.993723,[{'idp': 107, 'x': 3.085, 'y': -0.224, 'r': 0.4, 'type': 1}, {'idp': 110, 'x': 1.253, 'y': 1.333, 'r': 0.2, 'type': 1}, {'idp': 111, 'x': 2.117, 'y': 1.428, 'r': 0.2, 'type': 1}]
23477,1398693784.0336661,[{'idp': 107, 'x': 3.1, 'y': -0.228, 'r': 0.4, 'type': 1}, {'idp': 110, 'x': 1.236, 'y': 1.332, 'r': 0.2, 'type': 1}, {'idp': 111, 'x': 2.11, 'y': 1.416, 'r': 0.2, 'type': 1}]
23478,1398693784.0336995,[{'idp': 107, 'x': 3.11, 'y': -0.252, 'r': 0.4, 'type': 1}, {'idp': 110, 'x': 1.234, 'y': 1.336, 'r': 0.2, 'type': 1}, {'idp': 111, 'x': 2.115, 'y': 1.42, 'r': 0.2, 'type': 1}]
23479,1398693784.0737972,[{'idp': 107, 'x': 3.107, 'y': -0.272, 'r': 0.4, 'type': 1}, {'idp': 110, 'x': 1.221, 'y': 1.333, 'r': 0.2, 'type': 1}, {'idp': 111, 'x': 2.097, 'y': 1.408, 'r': 0.2, 'type': 1}]
23480,1398693784.0806026,[{'idp': 107, 'x': 3.108, 'y': -0.292, 'r': 0.4, 'type': 1}, {'idp': 110, 'x': 1.215, 'y': 1.332, 'r': 0.2, 'type': 1}, {'idp': 111, 'x': 2.104, 'y': 1.399, 'r': 0.2, 'type': 1}]
23481,1398693784.117688,[{'idp': 107, 'x': 3.108, 'y': -0.319, 'r': 0.4, 'type': 1}, {'idp': 110, 'x': 1.205, 'y': 1.333, 'r': 0.2, 'type': 1}, {'idp': 111, 'x': 2.102, 'y': 1.384, 'r': 0.2, 'type': 1}]
23482,1398693784.1577928,[{'idp': 107, 'x': 3.095, 'y': -0.338, 'r': 0.4, 'type': 1}, {'idp': 110, 'x': 1.193, 'y': 1.332, 'r': 0.2, 'type': 1}, {'idp': 111, 'x': 2.093, 'y': 1.379, 'r': 0.2, 'type': 1}]
23483,1398693784.1578286,[{'idp': 107, 'x': 3.087, 'y': -0.357, 'r': 0.4, 'type': 1}, {'idp': 110, 'x': 1.182, 'y': 1.328, 'r': 0.2, 'type': 1}, {'idp': 111, 'x': 2.091, 'y': 1.377, 'r': 0.2, 'type': 1}]
23484,1398693784.1977038,[{'idp': 107, 'x': 3.082, 'y': -0.378, 'r': 0.4, 'type': 1}, {'idp': 110, 'x': 1.173, 'y': 1.33, 'r': 0.2, 'type': 1}, {'idp': 111, 'x': 2.101, 'y': 1.384, 'r': 0.2, 'type': 1}]
23485,1398693784.2057912,[{'idp': 107, 'x': 3.051, 'y': -0.402, 'r': 0.4, 'type': 1}, {'idp': 110, 'x': 1.162, 'y': 1.328, 'r': 0.2, 'type': 1}, {'idp': 111, 'x': 2.084, 'y': 1.366, 'r': 0.2, 'type': 1}]
23486,1398693784.2456868,[{'idp': 107, 'x': 3.023, 'y': -0.405, 'r': 0.4, 'type': 1}, {'idp': 110, 'x': 1.153, 'y': 1.33, 'r': 0.2, 'type': 1}, {'idp': 111, 'x': 2.072, 'y': 1.388, 'r': 0.2, 'type': 1}]
23487,1398693784.2856936,[{'idp': 107, 'x': 3.06, 'y': -0.425, 'r': 0.4, 'type': 1}, {'idp': 110, 'x': 1.142, 'y': 1.332, 'r': 0.2, 'type': 1}, {'idp': 111, 'x': 2.056, 'y': 1.432, 'r': 0.2, 'type': 1}]
23488,1398693784.2857254,[{'idp': 107, 'x': 3.076, 'y': -0.441, 'r': 0.4, 'type': 1}, {'idp': 110, 'x': 1.13, 'y': 1.322, 'r': 0.2, 'type': 1}, {'idp': 111, 'x': 2.04, 'y': 1.457, 'r': 0.2, 'type': 1}]
23489,1398693784.3257942,[{'idp': 107, 'x': 3.116, 'y': -0.469, 'r': 0.4, 'type': 1}, {'idp': 110, 'x': 1.121, 'y': 1.323, 'r': 0.2, 'type': 1}, {'idp': 111, 'x': 2.044, 'y': 1.453, 'r': 0.2, 'type': 1}]
23490,1398693784.3292427,[{'idp': 107, 'x': 3.121, 'y': -0.491, 'r': 0.4, 'type': 1}, {'idp': 110, 'x': 1.107, 'y': 1.335, 'r': 0.2, 'type': 1}, {'idp': 111, 'x': 2.06, 'y': 1.444, 'r': 0.2, 'type': 1}]
23491,1398693784.365721,[{'idp': 107, 'x': 3.133, 'y': -0.514, 'r': 0.4, 'type': 1}, {'idp': 110, 'x': 1.094, 'y': 1.331, 'r': 0.2, 'type': 1}, {'idp': 111, 'x': 2.058, 'y': 1.429, 'r': 0.2, 'type': 1}]
23492,1398693784.405692,[{'idp': 107, 'x': 3.161, 'y': -0.534, 'r': 0.4, 'type': 1}, {'idp': 110, 'x': 1.085, 'y': 1.332, 'r': 0.2, 'type': 1}, {'idp': 111, 'x': 2.059, 'y': 1.403, 'r': 0.2, 'type': 1}]
23493,1398693784.4456704,[{'idp': 107, 'x': 3.145, 'y': -0.548, 'r': 0.4, 'type': 1}, {'idp': 110, 'x': 1.07, 'y': 1.329, 'r': 0.2, 'type': 1}, {'idp': 111, 'x': 2.027, 'y': 1.348, 'r': 0.2, 'type': 1}]
23494,1398693784.4456887,[{'idp': 107, 'x': 3.14, 'y': -0.562, 'r': 0.4, 'type': 1}, {'idp': 110, 'x': 1.058, 'y': 1.327, 'r': 0.2, 'type': 1}, {'idp': 111, 'x': 2.049, 'y': 1.362, 'r': 0.2, 'type': 1}]
23495,1398693784.4857078,[{'idp': 107, 'x': 3.125, 'y': -0.571, 'r': 0.4, 'type': 1}, {'idp': 110, 'x': 1.047, 'y': 1.336, 'r': 0.2, 'type': 1}, {'idp': 111, 'x': 2.06, 'y': 1.362, 'r': 0.2, 'type': 1}]
23496,1398693784.4857414,[{'idp': 107, 'x': 3.121, 'y': -0.576, 'r': 0.4, 'type': 1}, {'idp': 110, 'x': 1.032, 'y': 1.334, 'r': 0.2, 'type': 1}, {'idp': 111, 'x': 2.072, 'y': 1.362, 'r': 0.2, 'type': 1}]
23497,1398693784.5256643,[{'idp': 107, 'x': 3.121, 'y': -0.594, 'r': 0.4, 'type': 1}, {'idp': 110, 'x': 1.021, 'y': 1.327, 'r': 0.2, 'type': 1}, {'idp': 111, 'x': 2.086, 'y': 1.352, 'r': 0.2, 'type': 1}]
23498,1398693784.5305767,[{'idp': 107, 'x': 3.11, 'y': -0.605, 'r': 0.4, 'type': 1}, {'idp': 110, 'x': 1.012, 'y': 1.332, 'r': 0.2, 'type': 1}, {'idp': 111, 'x': 2.05, 'y': 1.344, 'r': 0.2, 'type': 1}]
23499,1398693784.5697367,[{'idp': 107, 'x': 3.097, 'y': -0.609, 'r': 0.4, 'type': 1}, {'idp': 110, 'x': 1.002, 'y': 1.335, 'r': 0.2, 'type': 1}, {'idp': 111, 'x': 1.991, 'y': 1.337, 'r': 0.2, 'type': 1}]
23500,1398693784.6098158,[{'idp': 107, 'x': 3.106, 'y': -0.624, 'r': 0.4, 'type': 1}, {'idp': 110, 'x': 0.986, 'y': 1.334, 'r': 0.2, 'type': 1}, {'idp': 111, 'x': 1.983, 'y': 1.337, 'r': 0.2, 'type': 1}]
23501,1398693784.609843,[{'idp': 107, 'x': 3.106, 'y': -0.639, 'r': 0.4, 'type': 1}, {'idp': 110, 'x': 0.975, 'y': 1.331, 'r': 0.2, 'type': 1}, {'idp': 111, 'x': 1.97, 'y': 1.329, 'r': 0.2, 'type': 1}]
23502,1398693784.6496792,[{'idp': 107, 'x': 3.12, 'y': -0.648, 'r': 0.4, 'type': 1}, {'idp': 110, 'x': 0.963, 'y': 1.331, 'r': 0.2, 'type': 1}, {'idp': 111, 'x': 1.968, 'y': 1.327, 'r': 0.2, 'type': 1}]
23503,1398693784.6551309,[{'idp': 107, 'x': 3.121, 'y': -0.671, 'r': 0.4, 'type': 1}, {'idp': 110, 'x': 0.951, 'y': 1.327, 'r': 0.2, 'type': 1}, {'idp': 111, 'x': 1.977, 'y': 1.327, 'r': 0.2, 'type': 1}]
23504,1398693784.6936507,[{'idp': 107, 'x': 3.13, 'y': -0.692, 'r': 0.4, 'type': 1}, {'idp': 110, 'x': 0.943, 'y': 1.328, 'r': 0.2, 'type': 1}, {'idp': 111, 'x': 1.961, 'y': 1.31, 'r': 0.2, 'type': 1}]
23505,1398693784.733684,[{'idp': 107, 'x': 3.103, 'y': -0.707, 'r': 0.4, 'type': 1}, {'idp': 110, 'x': 0.931, 'y': 1.327, 'r': 0.2, 'type': 1}, {'idp': 111, 'x': 1.965, 'y': 1.307, 'r': 0.2, 'type': 1}]
23506,1398693784.7337124,[{'idp': 107, 'x': 3.096, 'y': -0.711, 'r': 0.4, 'type': 1}, {'idp': 110, 'x': 0.916, 'y': 1.326, 'r': 0.2, 'type': 1}, {'idp': 111, 'x': 1.965, 'y': 1.307, 'r': 0.2, 'type': 1}]
23507,1398693784.7736683,[{'idp': 107, 'x': 3.061, 'y': -0.717, 'r': 0.4, 'type': 1}, {'idp': 110, 'x': 0.911, 'y': 1.33, 'r': 0.2, 'type': 1}, {'idp': 111, 'x': 1.981, 'y': 1.305, 'r': 0.2, 'type': 1}]
23508,1398693784.779887,[{'idp': 107, 'x': 3.081, 'y': -0.735, 'r': 0.4, 'type': 1}, {'idp': 110, 'x': 0.891, 'y': 1.329, 'r': 0.2, 'type': 1}, {'idp': 111, 'x': 1.989, 'y': 1.291, 'r': 0.2, 'type': 1}]
23509,1398693784.8177857,[{'idp': 107, 'x': 3.036, 'y': -0.738, 'r': 0.4, 'type': 1}, {'idp': 110, 'x': 0.887, 'y': 1.334, 'r': 0.2, 'type': 1}, {'idp': 111, 'x': 2.012, 'y': 1.281, 'r': 0.2, 'type': 1}]
23510,1398693784.8577769,[{'idp': 107, 'x': 3.028, 'y': -0.742, 'r': 0.4, 'type': 1}, {'idp': 110, 'x': 0.87, 'y': 1.33, 'r': 0.2, 'type': 1}, {'idp': 111, 'x': 2.032, 'y': 1.257, 'r': 0.2, 'type': 1}]
23511,1398693784.8578076,[{'idp': 107, 'x': 3.022, 'y': -0.762, 'r': 0.4, 'type': 1}, {'idp': 110, 'x': 0.864, 'y': 1.324, 'r': 0.2, 'type': 1}, {'idp': 111, 'x': 2.067, 'y': 1.235, 'r': 0.2, 'type': 1}]
23512,1398693784.897683,[{'idp': 107, 'x': 3.022, 'y': -0.767, 'r': 0.4, 'type': 1}, {'idp': 110, 'x': 0.853, 'y': 1.332, 'r': 0.2, 'type': 1}, {'idp': 111, 'x': 2.077, 'y': 1.211, 'r': 0.2, 'type': 1}]
23513,1398693784.9048126,[{'idp': 107, 'x': 3.019, 'y': -0.788, 'r': 0.4, 'type': 1}, {'idp': 110, 'x': 0.844, 'y': 1.331, 'r': 0.2, 'type': 1}, {'idp': 111, 'x': 2.109, 'y': 1.199, 'r': 0.2, 'type': 1}]
23514,1398693784.9417076,[{'idp': 107, 'x': 3.037, 'y': -0.814, 'r': 0.4, 'type': 1}, {'idp': 110, 'x': 0.833, 'y': 1.336, 'r': 0.2, 'type': 1}, {'idp': 111, 'x': 2.142, 'y': 1.193, 'r': 0.2, 'type': 1}]
23515,1398693784.9817014,[{'idp': 107, 'x': 3.066, 'y': -0.857, 'r': 0.4, 'type': 1}, {'idp': 110, 'x': 0.816, 'y': 1.335, 'r': 0.2, 'type': 1}, {'idp': 111, 'x': 2.163, 'y': 1.174, 'r': 0.2, 'type': 1}]
23516,1398693784.9817326,[{'idp': 107, 'x': 3.082, 'y': -0.883, 'r': 0.4, 'type': 1}, {'idp': 110, 'x': 0.804, 'y': 1.332, 'r': 0.2, 'type': 1}, {'idp': 111, 'x': 2.206, 'y': 1.16, 'r': 0.2, 'type': 1}]
23517,1398693785.021661,[{'idp': 107, 'x': 3.066, 'y': -0.907, 'r': 0.4, 'type': 1}, {'idp': 110, 'x': 0.797, 'y': 1.333, 'r': 0.2, 'type': 1}, {'idp': 111, 'x': 2.234, 'y': 1.132, 'r': 0.2, 'type': 1}]
23518,1398693785.029269,[{'idp': 107, 'x': 3.077, 'y': -0.933, 'r': 0.4, 'type': 1}, {'idp': 110, 'x': 0.788, 'y': 1.331, 'r': 0.2, 'type': 1}, {'idp': 111, 'x': 2.273, 'y': 1.141, 'r': 0.2, 'type': 1}]
23519,1398693785.0657496,[{'idp': 107, 'x': 3.137, 'y': -0.973, 'r': 0.4, 'type': 1}, {'idp': 110, 'x': 0.777, 'y': 1.338, 'r': 0.2, 'type': 1}, {'idp': 111, 'x': 2.307, 'y': 1.139, 'r': 0.2, 'type': 1}]
23520,1398693785.1057084,[{'idp': 107, 'x': 3.096, 'y': -0.983, 'r': 0.4, 'type': 1}, {'idp': 110, 'x': 0.757, 'y': 1.329, 'r': 0.2, 'type': 1}, {'idp': 111, 'x': 2.324, 'y': 1.135, 'r': 0.2, 'type': 1}]
23521,1398693785.1057386,[{'idp': 107, 'x': 3.102, 'y': -1.008, 'r': 0.4, 'type': 1}, {'idp': 110, 'x': 0.754, 'y': 1.334, 'r': 0.2, 'type': 1}, {'idp': 111, 'x': 2.353, 'y': 1.129, 'r': 0.2, 'type': 1}]
23522,1398693785.1457405,[{'idp': 107, 'x': 3.083, 'y': -1.02, 'r': 0.4, 'type': 1}, {'idp': 110, 'x': 0.739, 'y': 1.327, 'r': 0.2, 'type': 1}, {'idp': 111, 'x': 2.361, 'y': 1.104, 'r': 0.2, 'type': 1}]
23523,1398693785.154622,[{'idp': 107, 'x': 3.074, 'y': -1.032, 'r': 0.4, 'type': 1}, {'idp': 110, 'x': 0.726, 'y': 1.331, 'r': 0.2, 'type': 1}, {'idp': 111, 'x': 2.37, 'y': 1.092, 'r': 0.2, 'type': 1}]
23524,1398693785.1936512,[{'idp': 107, 'x': 3.075, 'y': -1.052, 'r': 0.4, 'type': 1}, {'idp': 110, 'x': 0.714, 'y': 1.335, 'r': 0.2, 'type': 1}, {'idp': 111, 'x': 2.376, 'y': 1.097, 'r': 0.2, 'type': 1}]
23525,1398693785.2337065,[{'idp': 107, 'x': 3.081, 'y': -1.052, 'r': 0.4, 'type': 1}, {'idp': 110, 'x': 0.7, 'y': 1.342, 'r': 0.2, 'type': 1}, {'idp': 111, 'x': 2.376, 'y': 1.094, 'r': 0.2, 'type': 1}]
23526,1398693785.2337325,[{'idp': 107, 'x': 3.069, 'y': -1.061, 'r': 0.4, 'type': 1}, {'idp': 110, 'x': 0.687, 'y': 1.337, 'r': 0.2, 'type': 1}, {'idp': 111, 'x': 2.374, 'y': 1.103, 'r': 0.2, 'type': 1}]
23527,1398693785.2736592,[{'idp': 107, 'x': 3.058, 'y': -1.101, 'r': 0.4, 'type': 1}, {'idp': 110, 'x': 0.674, 'y': 1.335, 'r': 0.2, 'type': 1}, {'idp': 111, 'x': 2.378, 'y': 1.112, 'r': 0.2, 'type': 1}]
23528,1398693785.2791598,[{'idp': 107, 'x': 3.026, 'y': -1.098, 'r': 0.4, 'type': 1}, {'idp': 110, 'x': 0.662, 'y': 1.329, 'r': 0.2, 'type': 1}, {'idp': 111, 'x': 2.35, 'y': 1.126, 'r': 0.2, 'type': 1}]
23529,1398693785.3176973,[{'idp': 107, 'x': 3.012, 'y': -1.1, 'r': 0.4, 'type': 1}, {'idp': 110, 'x': 0.655, 'y': 1.338, 'r': 0.2, 'type': 1}, {'idp': 111, 'x': 2.305, 'y': 1.194, 'r': 0.2, 'type': 1}]
23530,1398693785.3577168,[{'idp': 107, 'x': 3.021, 'y': -1.125, 'r': 0.4, 'type': 1}, {'idp': 110, 'x': 0.64, 'y': 1.339, 'r': 0.2, 'type': 1}, {'idp': 111, 'x': 2.291, 'y': 1.18, 'r': 0.2, 'type': 1}]
23531,1398693785.357747,[{'idp': 107, 'x': 3.014, 'y': -1.137, 'r': 0.4, 'type': 1}, {'idp': 110, 'x': 0.625, 'y': 1.343, 'r': 0.2, 'type': 1}, {'idp': 111, 'x': 2.312, 'y': 1.191, 'r': 0.2, 'type': 1}]
23532,1398693785.3977015,[{'idp': 107, 'x': 3.007, 'y': -1.15, 'r': 0.4, 'type': 1}, {'idp': 110, 'x': 0.62, 'y': 1.34, 'r': 0.2, 'type': 1}, {'idp': 111, 'x': 2.282, 'y': 1.162, 'r': 0.2, 'type': 1}]
23533,1398693785.4040098,[{'idp': 107, 'x': 2.997, 'y': -1.154, 'r': 0.4, 'type': 1}, {'idp': 110, 'x': 0.604, 'y': 1.338, 'r': 0.2, 'type': 1}, {'idp': 111, 'x': 2.29, 'y': 1.167, 'r': 0.2, 'type': 1}]
23534,1398693785.4417367,[{'idp': 107, 'x': 2.976, 'y': -1.161, 'r': 0.4, 'type': 1}, {'idp': 110, 'x': 0.591, 'y': 1.333, 'r': 0.2, 'type': 1}, {'idp': 111, 'x': 2.287, 'y': 1.146, 'r': 0.2, 'type': 1}]
23535,1398693785.4818046,[{'idp': 107, 'x': 2.968, 'y': -1.181, 'r': 0.4, 'type': 1}, {'idp': 110, 'x': 0.587, 'y': 1.34, 'r': 0.2, 'type': 1}, {'idp': 111, 'x': 2.319, 'y': 1.15, 'r': 0.2, 'type': 1}]
23536,1398693785.4818435,[{'idp': 107, 'x': 2.999, 'y': -1.204, 'r': 0.4, 'type': 1}, {'idp': 110, 'x': 0.569, 'y': 1.332, 'r': 0.2, 'type': 1}, {'idp': 111, 'x': 2.35, 'y': 1.14, 'r': 0.2, 'type': 1}]
23537,1398693785.521734,[{'idp': 107, 'x': 3.01, 'y': -1.208, 'r': 0.4, 'type': 1}, {'idp': 110, 'x': 0.557, 'y': 1.336, 'r': 0.2, 'type': 1}, {'idp': 111, 'x': 2.375, 'y': 1.12, 'r': 0.2, 'type': 1}]
23538,1398693785.528992,[{'idp': 107, 'x': 3.029, 'y': -1.222, 'r': 0.4, 'type': 1}, {'idp': 110, 'x': 0.543, 'y': 1.34, 'r': 0.2, 'type': 1}, {'idp': 111, 'x': 2.403, 'y': 1.108, 'r': 0.2, 'type': 1}]
23539,1398693785.5656705,[{'idp': 107, 'x': 3.112, 'y': -1.217, 'r': 0.4, 'type': 1}, {'idp': 110, 'x': 0.536, 'y': 1.329, 'r': 0.2, 'type': 1}, {'idp': 111, 'x': 2.42, 'y': 1.09, 'r': 0.2, 'type': 1}]
23540,1398693785.6056533,[{'idp': 107, 'x': 3.164, 'y': -1.214, 'r': 0.4, 'type': 1}, {'idp': 110, 'x': 0.522, 'y': 1.331, 'r': 0.2, 'type': 1}, {'idp': 111, 'x': 2.427, 'y': 1.068, 'r': 0.2, 'type': 1}]
23541,1398693785.605683,[{'idp': 107, 'x': 3.178, 'y': -1.208, 'r': 0.4, 'type': 1}, {'idp': 110, 'x': 0.511, 'y': 1.343, 'r': 0.2, 'type': 1}, {'idp': 111, 'x': 2.459, 'y': 1.056, 'r': 0.2, 'type': 1}]
23542,1398693785.6457088,[{'idp': 107, 'x': 3.208, 'y': -1.182, 'r': 0.4, 'type': 1}, {'idp': 110, 'x': 0.498, 'y': 1.333, 'r': 0.2, 'type': 1}, {'idp': 111, 'x': 2.48, 'y': 1.034, 'r': 0.2, 'type': 1}]
23543,1398693785.6540525,[{'idp': 107, 'x': 3.227, 'y': -1.149, 'r': 0.4, 'type': 1}, {'idp': 110, 'x': 0.489, 'y': 1.336, 'r': 0.2, 'type': 1}, {'idp': 111, 'x': 2.52, 'y': 0.972, 'r': 0.2, 'type': 1}]
23544,1398693785.693824,[{'idp': 107, 'x': 3.233, 'y': -1.127, 'r': 0.4, 'type': 1}, {'idp': 110, 'x': 0.477, 'y': 1.334, 'r': 0.2, 'type': 1}, {'idp': 111, 'x': 2.555, 'y': 0.924, 'r': 0.2, 'type': 1}]
23545,1398693785.7337217,[{'idp': 107, 'x': 3.245, 'y': -1.117, 'r': 0.4, 'type': 1}, {'idp': 110, 'x': 0.469, 'y': 1.337, 'r': 0.2, 'type': 1}, {'idp': 111, 'x': 2.559, 'y': 0.907, 'r': 0.2, 'type': 1}]
23546,1398693785.7337546,[{'idp': 107, 'x': 3.269, 'y': -1.112, 'r': 0.4, 'type': 1}, {'idp': 110, 'x': 0.455, 'y': 1.334, 'r': 0.2, 'type': 1}, {'idp': 111, 'x': 2.566, 'y': 0.903, 'r': 0.2, 'type': 1}]
23547,1398693785.7736807,[{'idp': 107, 'x': 3.276, 'y': -1.118, 'r': 0.4, 'type': 1}, {'idp': 110, 'x': 0.443, 'y': 1.338, 'r': 0.2, 'type': 1}, {'idp': 111, 'x': 2.568, 'y': 0.892, 'r': 0.2, 'type': 1}]
23548,1398693785.7786744,[{'idp': 107, 'x': 3.273, 'y': -1.101, 'r': 0.4, 'type': 1}, {'idp': 110, 'x': 0.434, 'y': 1.338, 'r': 0.2, 'type': 1}, {'idp': 111, 'x': 2.545, 'y': 0.864, 'r': 0.2, 'type': 1}]
23549,1398693785.8177233,[{'idp': 107, 'x': 3.257, 'y': -1.095, 'r': 0.4, 'type': 1}, {'idp': 110, 'x': 0.425, 'y': 1.343, 'r': 0.2, 'type': 1}, {'idp': 111, 'x': 2.535, 'y': 0.855, 'r': 0.2, 'type': 1}]
23550,1398693785.8577118,[{'idp': 107, 'x': 3.243, 'y': -1.075, 'r': 0.4, 'type': 1}, {'idp': 110, 'x': 0.413, 'y': 1.347, 'r': 0.2, 'type': 1}, {'idp': 111, 'x': 2.533, 'y': 0.848, 'r': 0.2, 'type': 1}]
23551,1398693785.8577435,[{'idp': 110, 'x': 0.407, 'y': 1.348, 'r': 0.2, 'type': 1}, {'idp': 111, 'x': 2.549, 'y': 0.859, 'r': 0.4, 'type': 1}]
23552,1398693785.897688,[{'idp': 110, 'x': 0.402, 'y': 1.349, 'r': 0.2, 'type': 1}, {'idp': 111, 'x': 2.64, 'y': 0.849, 'r': 0.4, 'type': 1}]
23553,1398693785.9026906,[{'idp': 110, 'x': 0.395, 'y': 1.358, 'r': 0.2, 'type': 1}, {'idp': 111, 'x': 2.637, 'y': 0.841, 'r': 0.4, 'type': 1}]
23554,1398693785.9416564,[{'idp': 110, 'x': 0.391, 'y': 1.368, 'r': 0.2, 'type': 1}, {'idp': 111, 'x': 2.653, 'y': 0.84, 'r': 0.4, 'type': 1}]
23555,1398693785.9817452,[{'idp': 110, 'x': 0.379, 'y': 1.372, 'r': 0.2, 'type': 1}, {'idp': 111, 'x': 2.646, 'y': 0.831, 'r': 0.4, 'type': 1}]
23556,1398693785.9817793,[{'idp': 110, 'x': 0.37, 'y': 1.371, 'r': 0.2, 'type': 1}, {'idp': 111, 'x': 2.652, 'y': 0.833, 'r': 0.4, 'type': 1}]
23557,1398693786.021745,[{'idp': 110, 'x': 0.362, 'y': 1.376, 'r': 0.2, 'type': 1}, {'idp': 111, 'x': 2.648, 'y': 0.831, 'r': 0.4, 'type': 1}]
23558,1398693786.0275102,[{'idp': 110, 'x': 0.354, 'y': 1.379, 'r': 0.2, 'type': 1}, {'idp': 111, 'x': 2.648, 'y': 0.831, 'r': 0.4, 'type': 1}]
23559,1398693786.0656948,[{'idp': 110, 'x': 0.349, 'y': 1.389, 'r': 0.2, 'type': 1}, {'idp': 111, 'x': 2.658, 'y': 0.821, 'r': 0.4, 'type': 1}]
23560,1398693786.1057196,[{'idp': 110, 'x': 0.347, 'y': 1.39, 'r': 0.2, 'type': 1}, {'idp': 111, 'x': 2.652, 'y': 0.813, 'r': 0.4, 'type': 1}]
23561,1398693786.1057491,[{'idp': 110, 'x': 0.345, 'y': 1.387, 'r': 0.2, 'type': 1}, {'idp': 111, 'x': 2.638, 'y': 0.809, 'r': 0.4, 'type': 1}]
23562,1398693786.145679,[{'idp': 110, 'x': 0.335, 'y': 1.389, 'r': 0.2, 'type': 1}, {'idp': 111, 'x': 2.661, 'y': 0.791, 'r': 0.4, 'type': 1}]
23563,1398693786.1517913,[{'idp': 110, 'x': 0.328, 'y': 1.396, 'r': 0.2, 'type': 1}, {'idp': 111, 'x': 2.645, 'y': 0.787, 'r': 0.4, 'type': 1}]
23564,1398693786.1897225,[{'idp': 110, 'x': 0.322, 'y': 1.398, 'r': 0.2, 'type': 1}, {'idp': 111, 'x': 2.6, 'y': 0.763, 'r': 0.4, 'type': 1}]
23565,1398693786.229677,[{'idp': 110, 'x': 0.317, 'y': 1.401, 'r': 0.2, 'type': 1}, {'idp': 111, 'x': 2.624, 'y': 0.758, 'r': 0.4, 'type': 1}]
23566,1398693786.2297087,[{'idp': 110, 'x': 0.315, 'y': 1.406, 'r': 0.2, 'type': 1}, {'idp': 111, 'x': 2.66, 'y': 0.725, 'r': 0.4, 'type': 1}]
23567,1398693786.2697327,[{'idp': 110, 'x': 0.315, 'y': 1.401, 'r': 0.2, 'type': 1}, {'idp': 111, 'x': 2.681, 'y': 0.73, 'r': 0.4, 'type': 1}]
23568,1398693786.2765112,[{'idp': 110, 'x': 0.313, 'y': 1.405, 'r': 0.2, 'type': 1}, {'idp': 111, 'x': 2.727, 'y': 0.731, 'r': 0.4, 'type': 1}]
23569,1398693786.3136542,[{'idp': 110, 'x': 0.307, 'y': 1.402, 'r': 0.2, 'type': 1}, {'idp': 111, 'x': 2.77, 'y': 0.737, 'r': 0.4, 'type': 1}]
23570,1398693786.353732,[{'idp': 110, 'x': 0.313, 'y': 1.408, 'r': 0.2, 'type': 1}, {'idp': 111, 'x': 2.796, 'y': 0.73, 'r': 0.4, 'type': 1}]
23571,1398693786.353752,[{'idp': 110, 'x': 0.321, 'y': 1.404, 'r': 0.2, 'type': 1}, {'idp': 111, 'x': 2.817, 'y': 0.736, 'r': 0.4, 'type': 1}]
23572,1398693786.3937016,[{'idp': 110, 'x': 0.336, 'y': 1.401, 'r': 0.2, 'type': 1}, {'idp': 111, 'x': 2.849, 'y': 0.724, 'r': 0.4, 'type': 1}]
23573,1398693786.400584,[{'idp': 110, 'x': 0.385, 'y': 1.39, 'r': 0.2, 'type': 1}, {'idp': 111, 'x': 2.88, 'y': 0.718, 'r': 0.4, 'type': 1}]
23574,1398693786.4377115,[{'idp': 110, 'x': 0.396, 'y': 1.382, 'r': 0.2, 'type': 1}, {'idp': 111, 'x': 2.883, 'y': 0.712, 'r': 0.4, 'type': 1}]
23575,1398693786.47772,[{'idp': 110, 'x': 0.391, 'y': 1.384, 'r': 0.2, 'type': 1}, {'idp': 111, 'x': 2.904, 'y': 0.703, 'r': 0.4, 'type': 1}]
23576,1398693786.4777544,[{'idp': 110, 'x': 0.374, 'y': 1.373, 'r': 0.2, 'type': 1}, {'idp': 111, 'x': 2.89, 'y': 0.694, 'r': 0.4, 'type': 1}]
23577,1398693786.5177855,[{'idp': 110, 'x': 0.364, 'y': 1.383, 'r': 0.2, 'type': 1}, {'idp': 111, 'x': 2.931, 'y': 0.682, 'r': 0.4, 'type': 1}]
23578,1398693786.5245466,[{'idp': 110, 'x': 0.351, 'y': 1.38, 'r': 0.2, 'type': 1}, {'idp': 111, 'x': 2.928, 'y': 0.663, 'r': 0.4, 'type': 1}]
23579,1398693786.5616555,[{'idp': 110, 'x': 0.344, 'y': 1.391, 'r': 0.2, 'type': 1}, {'idp': 111, 'x': 2.936, 'y': 0.664, 'r': 0.4, 'type': 1}]
23580,1398693786.6017427,[{'idp': 110, 'x': 0.33, 'y': 1.39, 'r': 0.2, 'type': 1}, {'idp': 111, 'x': 2.943, 'y': 0.655, 'r': 0.4, 'type': 1}]
23581,1398693786.6017761,[{'idp': 110, 'x': 0.325, 'y': 1.392, 'r': 0.2, 'type': 1}, {'idp': 111, 'x': 2.953, 'y': 0.657, 'r': 0.4, 'type': 1}]
23582,1398693786.6418118,[{'idp': 110, 'x': 0.324, 'y': 1.386, 'r': 0.2, 'type': 1}, {'idp': 111, 'x': 2.962, 'y': 0.65, 'r': 0.4, 'type': 1}]
23583,1398693786.6491587,[{'idp': 110, 'x': 0.319, 'y': 1.381, 'r': 0.2, 'type': 1}, {'idp': 111, 'x': 2.962, 'y': 0.635, 'r': 0.4, 'type': 1}]
23584,1398693786.685724,[{'idp': 110, 'x': 0.32, 'y': 1.398, 'r': 0.2, 'type': 1}, {'idp': 111, 'x': 2.961, 'y': 0.61, 'r': 0.4, 'type': 1}]
23585,1398693786.725706,[{'idp': 110, 'x': 0.307, 'y': 1.386, 'r': 0.2, 'type': 1}, {'idp': 111, 'x': 2.976, 'y': 0.613, 'r': 0.4, 'type': 1}]
23586,1398693786.7257376,[{'idp': 110, 'x': 0.301, 'y': 1.387, 'r': 0.2, 'type': 1}, {'idp': 111, 'x': 2.971, 'y': 0.616, 'r': 0.4, 'type': 1}]
23587,1398693786.765742,[{'idp': 110, 'x': 0.292, 'y': 1.388, 'r': 0.2, 'type': 1}, {'idp': 111, 'x': 2.977, 'y': 0.616, 'r': 0.4, 'type': 1}]
23588,1398693786.7739651,[{'idp': 110, 'x': 0.287, 'y': 1.395, 'r': 0.2, 'type': 1}, {'idp': 111, 'x': 2.991, 'y': 0.592, 'r': 0.4, 'type': 1}]
23589,1398693786.8137112,[{'idp': 110, 'x': 0.238, 'y': 1.406, 'r': 0.2, 'type': 1}, {'idp': 111, 'x': 2.983, 'y': 0.596, 'r': 0.4, 'type': 1}]
23590,1398693786.8536813,[{'idp': 110, 'x': 0.198, 'y': 1.433, 'r': 0.2, 'type': 1}, {'idp': 111, 'x': 3.013, 'y': 0.577, 'r': 0.4, 'type': 1}]
23591,1398693786.8537097,[{'idp': 110, 'x': 0.179, 'y': 1.446, 'r': 0.2, 'type': 1}, {'idp': 111, 'x': 3.03, 'y': 0.578, 'r': 0.4, 'type': 1}]
23592,1398693786.8936715,[{'idp': 110, 'x': 0.175, 'y': 1.449, 'r': 0.2, 'type': 1}, {'idp': 111, 'x': 3.049, 'y': 0.568, 'r': 0.4, 'type': 1}]
23593,1398693786.8984797,[{'idp': 110, 'x': 0.172, 'y': 1.452, 'r': 0.2, 'type': 1}, {'idp': 111, 'x': 3.065, 'y': 0.557, 'r': 0.4, 'type': 1}]
23594,1398693786.9377038,[{'idp': 110, 'x': 0.173, 'y': 1.457, 'r': 0.2, 'type': 1}, {'idp': 111, 'x': 3.075, 'y': 0.546, 'r': 0.4, 'type': 1}]
23595,1398693786.977678,[{'idp': 110, 'x': 0.176, 'y': 1.447, 'r': 0.2, 'type': 1}, {'idp': 111, 'x': 3.084, 'y': 0.532, 'r': 0.4, 'type': 1}]
23596,1398693786.9777105,[{'idp': 110, 'x': 0.174, 'y': 1.435, 'r': 0.2, 'type': 1}, {'idp': 111, 'x': 3.097, 'y': 0.518, 'r': 0.4, 'type': 1}]
23597,1398693787.0177324,[{'idp': 110, 'x': 0.18, 'y': 1.433, 'r': 0.2, 'type': 1}, {'idp': 111, 'x': 3.101, 'y': 0.505, 'r': 0.4, 'type': 1}]
23598,1398693787.022991,[{'idp': 110, 'x': 0.189, 'y': 1.421, 'r': 0.2, 'type': 1}, {'idp': 111, 'x': 3.123, 'y': 0.495, 'r': 0.4, 'type': 1}]
23599,1398693787.0617073,[{'idp': 110, 'x': 0.201, 'y': 1.41, 'r': 0.2, 'type': 1}, {'idp': 111, 'x': 3.132, 'y': 0.469, 'r': 0.4, 'type': 1}]
23600,1398693787.1016662,[{'idp': 110, 'x': 0.201, 'y': 1.384, 'r': 0.2, 'type': 1}, {'idp': 111, 'x': 3.16, 'y': 0.452, 'r': 0.4, 'type': 1}]
23601,1398693787.101696,[{'idp': 110, 'x': 0.204, 'y': 1.384, 'r': 0.2, 'type': 1}, {'idp': 111, 'x': 3.168, 'y': 0.426, 'r': 0.4, 'type': 1}]
23602,1398693787.141746,[{'idp': 110, 'x': 0.215, 'y': 1.411, 'r': 0.2, 'type': 1}, {'idp': 111, 'x': 3.184, 'y': 0.407, 'r': 0.4, 'type': 1}]
23603,1398693787.147441,[{'idp': 110, 'x': 0.234, 'y': 1.421, 'r': 0.2, 'type': 1}, {'idp': 111, 'x': 3.168, 'y': 0.391, 'r': 0.4, 'type': 1}]
23604,1398693787.1857636,[{'idp': 110, 'x': 0.24, 'y': 1.434, 'r': 0.2, 'type': 1}, {'idp': 111, 'x': 3.143, 'y': 0.38, 'r': 0.4, 'type': 1}]
23605,1398693787.2256477,[{'idp': 110, 'x': 0.25, 'y': 1.445, 'r': 0.2, 'type': 1}, {'idp': 111, 'x': 3.111, 'y': 0.368, 'r': 0.4, 'type': 1}]
23606,1398693787.2256746,[{'idp': 110, 'x': 0.249, 'y': 1.434, 'r': 0.2, 'type': 1}, {'idp': 111, 'x': 3.101, 'y': 0.353, 'r': 0.4, 'type': 1}]
23607,1398693787.2657208,[{'idp': 110, 'x': 0.261, 'y': 1.44, 'r': 0.2, 'type': 1}, {'idp': 111, 'x': 3.085, 'y': 0.345, 'r': 0.4, 'type': 1}]
23608,1398693787.2716615,[{'idp': 110, 'x': 0.268, 'y': 1.433, 'r': 0.2, 'type': 1}, {'idp': 111, 'x': 3.095, 'y': 0.319, 'r': 0.4, 'type': 1}]
23609,1398693787.3097193,[{'idp': 110, 'x': 0.277, 'y': 1.43, 'r': 0.2, 'type': 1}, {'idp': 111, 'x': 3.093, 'y': 0.305, 'r': 0.4, 'type': 1}]
23610,1398693787.3497179,[{'idp': 110, 'x': 0.273, 'y': 1.424, 'r': 0.2, 'type': 1}, {'idp': 111, 'x': 3.111, 'y': 0.292, 'r': 0.4, 'type': 1}]
23611,1398693787.3497503,[{'idp': 110, 'x': 0.266, 'y': 1.429, 'r': 0.2, 'type': 1}, {'idp': 111, 'x': 3.109, 'y': 0.272, 'r': 0.4, 'type': 1}]
23612,1398693787.389831,[{'idp': 110, 'x': 0.254, 'y': 1.414, 'r': 0.2, 'type': 1}, {'idp': 111, 'x': 3.143, 'y': 0.254, 'r': 0.4, 'type': 1}]
23613,1398693787.3961494,[{'idp': 110, 'x': 0.236, 'y': 1.412, 'r': 0.2, 'type': 1}, {'idp': 111, 'x': 3.132, 'y': 0.24, 'r': 0.4, 'type': 1}]
23614,1398693787.4337053,[{'idp': 110, 'x': 0.202, 'y': 1.384, 'r': 0.2, 'type': 1}, {'idp': 111, 'x': 3.189, 'y': 0.237, 'r': 0.4, 'type': 1}]
23615,1398693787.4736836,[{'idp': 110, 'x': 0.166, 'y': 1.374, 'r': 0.2, 'type': 1}, {'idp': 111, 'x': 3.199, 'y': 0.239, 'r': 0.4, 'type': 1}]
23616,1398693787.473715,[{'idp': 110, 'x': 0.166, 'y': 1.373, 'r': 0.2, 'type': 1}, {'idp': 111, 'x': 3.229, 'y': 0.234, 'r': 0.4, 'type': 1}]
23617,1398693787.513798,[{'idp': 110, 'x': 0.163, 'y': 1.379, 'r': 0.2, 'type': 1}, {'idp': 111, 'x': 3.3, 'y': 0.232, 'r': 0.4, 'type': 1}]
23618,1398693787.5208647,[{'idp': 110, 'x': 0.169, 'y': 1.376, 'r': 0.2, 'type': 1}, {'idp': 111, 'x': 3.343, 'y': 0.228, 'r': 0.4, 'type': 1}]
23619,1398693787.5576882,[{'idp': 110, 'x': 0.175, 'y': 1.375, 'r': 0.2, 'type': 1}, {'idp': 111, 'x': 3.348, 'y': 0.213, 'r': 0.4, 'type': 1}]
23620,1398693787.5976398,[{'idp': 110, 'x': 0.185, 'y': 1.379, 'r': 0.2, 'type': 1}, {'idp': 111, 'x': 3.386, 'y': 0.208, 'r': 0.4, 'type': 1}]
23621,1398693787.5976734,[{'idp': 110, 'x': 0.19, 'y': 1.373, 'r': 0.2, 'type': 1}, {'idp': 111, 'x': 3.382, 'y': 0.193, 'r': 0.4, 'type': 1}]
23622,1398693787.6377225,[{'idp': 110, 'x': 0.204, 'y': 1.366, 'r': 0.2, 'type': 1}, {'idp': 111, 'x': 3.408, 'y': 0.194, 'r': 0.4, 'type': 1}]
23623,1398693787.6452308,[{'idp': 110, 'x': 0.215, 'y': 1.379, 'r': 0.2, 'type': 1}, {'idp': 111, 'x': 3.435, 'y': 0.188, 'r': 0.4, 'type': 1}]
23624,1398693787.6817224,[{'idp': 110, 'x': 0.269, 'y': 1.403, 'r': 0.2, 'type': 1}, {'idp': 111, 'x': 3.458, 'y': 0.189, 'r': 0.4, 'type': 1}]
23625,1398693787.7216914,[{'idp': 110, 'x': 0.291, 'y': 1.415, 'r': 0.2, 'type': 1}, {'idp': 111, 'x': 3.479, 'y': 0.167, 'r': 0.4, 'type': 1}]
23626,1398693787.7217195,[{'idp': 110, 'x': 0.297, 'y': 1.413, 'r': 0.2, 'type': 1}, {'idp': 111, 'x': 3.493, 'y': 0.152, 'r': 0.4, 'type': 1}]
23627,1398693787.7617147,[{'idp': 110, 'x': 0.299, 'y': 1.414, 'r': 0.2, 'type': 1}, {'idp': 111, 'x': 3.492, 'y': 0.144, 'r': 0.4, 'type': 1}]
23628,1398693787.769703,[{'idp': 110, 'x': 0.307, 'y': 1.407, 'r': 0.2, 'type': 1}, {'idp': 111, 'x': 3.532, 'y': 0.137, 'r': 0.4, 'type': 1}]
23629,1398693787.8096993,[{'idp': 110, 'x': 0.311, 'y': 1.383, 'r': 0.2, 'type': 1}, {'idp': 111, 'x': 3.532, 'y': 0.138, 'r': 0.4, 'type': 1}]
23630,1398693787.8496723,[{'idp': 110, 'x': 0.316, 'y': 1.368, 'r': 0.2, 'type': 1}, {'idp': 111, 'x': 3.534, 'y': 0.13, 'r': 0.4, 'type': 1}]
23631,1398693787.8497047,[{'idp': 110, 'x': 0.333, 'y': 1.378, 'r': 0.2, 'type': 1}, {'idp': 111, 'x': 3.546, 'y': 0.12, 'r': 0.4, 'type': 1}]
23632,1398693787.8898935,[{'idp': 110, 'x': 0.342, 'y': 1.39, 'r': 0.2, 'type': 1}, {'idp': 111, 'x': 3.544, 'y': 0.112, 'r': 0.4, 'type': 1}]
23633,1398693787.9058635,[{'idp': 110, 'x': 0.348, 'y': 1.406, 'r': 0.2, 'type': 1}, {'idp': 111, 'x': 3.548, 'y': 0.114, 'r': 0.4, 'type': 1}]
23634,1398693787.9456894,[{'idp': 110, 'x': 0.354, 'y': 1.415, 'r': 0.2, 'type': 1}, {'idp': 111, 'x': 3.572, 'y': 0.105, 'r': 0.4, 'type': 1}]
23635,1398693787.94572,[{'idp': 110, 'x': 0.358, 'y': 1.422, 'r': 0.2, 'type': 1}, {'idp': 111, 'x': 3.566, 'y': 0.107, 'r': 0.4, 'type': 1}]
23636,1398693787.9857204,[{'idp': 110, 'x': 0.365, 'y': 1.419, 'r': 0.2, 'type': 1}, {'idp': 111, 'x': 3.572, 'y': 0.096, 'r': 0.4, 'type': 1}]
23637,1398693787.9946113,[{'idp': 110, 'x': 0.367, 'y': 1.425, 'r': 0.2, 'type': 1}, {'idp': 111, 'x': 3.57, 'y': 0.101, 'r': 0.4, 'type': 1}]
23638,1398693788.0337088,[{'idp': 110, 'x': 0.37, 'y': 1.427, 'r': 0.2, 'type': 1}, {'idp': 111, 'x': 3.594, 'y': 0.081, 'r': 0.4, 'type': 1}]
23639,1398693788.0736449,[{'idp': 110, 'x': 0.377, 'y': 1.427, 'r': 0.2, 'type': 1}, {'idp': 111, 'x': 3.593, 'y': 0.08, 'r': 0.4, 'type': 1}]
23640,1398693788.0736613,[{'idp': 110, 'x': 0.375, 'y': 1.433, 'r': 0.2, 'type': 1}, {'idp': 111, 'x': 3.59, 'y': 0.091, 'r': 0.4, 'type': 1}]
23641,1398693788.1136205,[{'idp': 110, 'x': 0.375, 'y': 1.429, 'r': 0.2, 'type': 1}, {'idp': 111, 'x': 3.604, 'y': 0.08, 'r': 0.4, 'type': 1}]
23642,1398693788.1189215,[{'idp': 110, 'x': 0.377, 'y': 1.431, 'r': 0.2, 'type': 1}, {'idp': 111, 'x': 3.618, 'y': 0.073, 'r': 0.4, 'type': 1}]
23643,1398693788.157674,[{'idp': 110, 'x': 0.379, 'y': 1.425, 'r': 0.2, 'type': 1}, {'idp': 111, 'x': 3.639, 'y': 0.058, 'r': 0.4, 'type': 1}]
23644,1398693788.1976361,[{'idp': 110, 'x': 0.387, 'y': 1.43, 'r': 0.2, 'type': 1}, {'idp': 111, 'x': 3.607, 'y': 0.06, 'r': 0.4, 'type': 1}]
23645,1398693788.1976485,[{'idp': 110, 'x': 0.398, 'y': 1.434, 'r': 0.2, 'type': 1}, {'idp': 111, 'x': 3.649, 'y': 0.062, 'r': 0.4, 'type': 1}]
23646,1398693788.2377172,[{'idp': 110, 'x': 0.407, 'y': 1.426, 'r': 0.2, 'type': 1}, {'idp': 111, 'x': 3.676, 'y': 0.06, 'r': 0.4, 'type': 1}]
23647,1398693788.2444415,[{'idp': 110, 'x': 0.422, 'y': 1.43, 'r': 0.2, 'type': 1}, {'idp': 111, 'x': 3.68, 'y': 0.055, 'r': 0.4, 'type': 1}]
23648,1398693788.2817137,[{'idp': 110, 'x': 0.437, 'y': 1.421, 'r': 0.2, 'type': 1}, {'idp': 111, 'x': 3.709, 'y': 0.054, 'r': 0.4, 'type': 1}]
23649,1398693788.3216817,[{'idp': 110, 'x': 0.448, 'y': 1.419, 'r': 0.2, 'type': 1}, {'idp': 111, 'x': 3.724, 'y': 0.038, 'r': 0.4, 'type': 1}]
23650,1398693788.3217125,[{'idp': 110, 'x': 0.478, 'y': 1.398, 'r': 0.2, 'type': 1}, {'idp': 111, 'x': 3.738, 'y': 0.014, 'r': 0.4, 'type': 1}]
23651,1398693788.3617454,[{'idp': 110, 'x': 0.473, 'y': 1.412, 'r': 0.2, 'type': 1}, {'idp': 111, 'x': 3.742, 'y': 0.015, 'r': 0.4, 'type': 1}]
23652,1398693788.3687577,[{'idp': 110, 'x': 0.466, 'y': 1.411, 'r': 0.2, 'type': 1}, {'idp': 111, 'x': 3.748, 'y': 0.006, 'r': 0.4, 'type': 1}]
23653,1398693788.4056475,[{'idp': 110, 'x': 0.46, 'y': 1.414, 'r': 0.2, 'type': 1}, {'idp': 111, 'x': 3.754, 'y': 0.008, 'r': 0.4, 'type': 1}]
23654,1398693788.445663,[{'idp': 110, 'x': 0.458, 'y': 1.408, 'r': 0.2, 'type': 1}, {'idp': 111, 'x': 3.761, 'y': 0.0, 'r': 0.4, 'type': 1}]
23655,1398693788.4456925,[{'idp': 110, 'x': 0.449, 'y': 1.403, 'r': 0.2, 'type': 1}, {'idp': 111, 'x': 3.766, 'y': 0.0, 'r': 0.4, 'type': 1}]
23656,1398693788.4857152,[{'idp': 110, 'x': 0.443, 'y': 1.403, 'r': 0.2, 'type': 1}, {'idp': 111, 'x': 3.783, 'y': -0.007, 'r': 0.4, 'type': 1}]
23657,1398693788.493155,[{'idp': 110, 'x': 0.434, 'y': 1.406, 'r': 0.2, 'type': 1}, {'idp': 111, 'x': 3.79, 'y': -0.007, 'r': 0.4, 'type': 1}]
23658,1398693788.529643,[{'idp': 110, 'x': 0.426, 'y': 1.403, 'r': 0.2, 'type': 1}, {'idp': 111, 'x': 3.825, 'y': -0.024, 'r': 0.4, 'type': 1}]
23659,1398693788.5697112,[{'idp': 110, 'x': 0.422, 'y': 1.403, 'r': 0.2, 'type': 1}, {'idp': 111, 'x': 3.811, 'y': -0.031, 'r': 0.4, 'type': 1}]
23660,1398693788.569736,[{'idp': 110, 'x': 0.396, 'y': 1.42, 'r': 0.2, 'type': 1}, {'idp': 111, 'x': 3.82, 'y': -0.04, 'r': 0.4, 'type': 1}]
23661,1398693788.6097245,[{'idp': 110, 'x': 0.356, 'y': 1.449, 'r': 0.2, 'type': 1}, {'idp': 111, 'x': 3.816, 'y': -0.056, 'r': 0.4, 'type': 1}]
23662,1398693788.6186664,[{'idp': 110, 'x': 0.32, 'y': 1.456, 'r': 0.2, 'type': 1}, {'idp': 111, 'x': 3.819, 'y': -0.056, 'r': 0.4, 'type': 1}]
23663,1398693788.6577067,[{'idp': 110, 'x': 0.313, 'y': 1.47, 'r': 0.2, 'type': 1}, {'idp': 111, 'x': 3.811, 'y': -0.065, 'r': 0.4, 'type': 1}]
23664,1398693788.6976674,[{'idp': 110, 'x': 0.309, 'y': 1.465, 'r': 0.2, 'type': 1}, {'idp': 111, 'x': 3.834, 'y': -0.056, 'r': 0.4, 'type': 1}]
23665,1398693788.6976962,[{'idp': 111, 'x': 3.826, 'y': -0.065, 'r': 0.4, 'type': 1}]
23666,1398693788.7377203,[{'idp': 111, 'x': 3.829, 'y': -0.073, 'r': 0.4, 'type': 1}]
23667,1398693788.7426019,[{'idp': 111, 'x': 3.835, 'y': -0.082, 'r': 0.4, 'type': 1}]
23668,1398693788.7816782,[{'idp': 111, 'x': 3.828, 'y': -0.09, 'r': 0.4, 'type': 1}]
23669,1398693788.8216488,[{'idp': 111, 'x': 3.84, 'y': -0.082, 'r': 0.4, 'type': 1}]
23670,1398693788.8216813,[{'idp': 111, 'x': 3.858, 'y': -0.09, 'r': 0.4, 'type': 1}]
23671,1398693788.861662,[{'idp': 111, 'x': 3.879, 'y': -0.091, 'r': 0.4, 'type': 1}]
23672,1398693788.8670092,[{'idp': 111, 'x': 3.889, 'y': -0.091, 'r': 0.4, 'type': 1}]
23673,1398693788.9056895,[{'idp': 111, 'x': 3.909, 'y': -0.1, 'r': 0.4, 'type': 1}]
23674,1398693788.9456415,[{'idp': 111, 'x': 3.893, 'y': -0.117, 'r': 0.4, 'type': 1}]
23675,1398693788.9456751,[{'idp': 111, 'x': 3.911, 'y': -0.118, 'r': 0.4, 'type': 1}]
23676,1398693788.9857197,[{'idp': 111, 'x': 3.93, 'y': -0.11, 'r': 0.4, 'type': 1}]
23677,1398693788.9921322,[{'idp': 111, 'x': 3.947, 'y': -0.111, 'r': 0.4, 'type': 1}]
23678,1398693789.0297835,[{'idp': 111, 'x': 3.959, 'y': -0.12, 'r': 0.4, 'type': 1}]
23679,1398693789.069672,[{'idp': 111, 'x': 3.974, 'y': -0.13, 'r': 0.4, 'type': 1}]
23680,1398693789.0697038,[{'idp': 111, 'x': 3.982, 'y': -0.148, 'r': 0.4, 'type': 1}]
23681,1398693789.1096752,[{'idp': 111, 'x': 4.007, 'y': -0.14, 'r': 0.4, 'type': 1}]
23682,1398693789.1173809,[{'idp': 111, 'x': 4.021, 'y': -0.15, 'r': 0.4, 'type': 1}]
23683,1398693789.1536708,[{'idp': 111, 'x': 4.036, 'y': -0.16, 'r': 0.4, 'type': 1}]
23684,1398693789.1936395,[{'idp': 111, 'x': 4.035, 'y': -0.168, 'r': 0.4, 'type': 1}]
23685,1398693789.1936526,[{'idp': 111, 'x': 4.073, 'y': -0.189, 'r': 0.4, 'type': 1}]
23686,1398693789.2338645,[{'idp': 111, 'x': 4.084, 'y': -0.199, 'r': 0.4, 'type': 1}]
23687,1398693789.24139,[{'idp': 111, 'x': 4.072, 'y': -0.196, 'r': 0.4, 'type': 1}]
23688,1398693789.2777848,[{'idp': 111, 'x': 4.087, 'y': -0.208, 'r': 0.4, 'type': 1}]
23689,1398693789.317674,[{'idp': 111, 'x': 4.103, 'y': -0.21, 'r': 0.4, 'type': 1}]
23690,1398693789.317706,[{'idp': 111, 'x': 4.103, 'y': -0.219, 'r': 0.4, 'type': 1}]
23691,1398693789.3577738,[{'idp': 111, 'x': 4.089, 'y': -0.227, 'r': 0.4, 'type': 1}]
23692,1398693789.3663843,[{'idp': 111, 'x': 4.1, 'y': -0.227, 'r': 0.4, 'type': 1}]
23693,1398693789.4057095,[{'idp': 111, 'x': 4.111, 'y': -0.226, 'r': 0.4, 'type': 1}]
23694,1398693789.4456584,[{'idp': 111, 'x': 4.123, 'y': -0.238, 'r': 0.4, 'type': 1}]
23695,1398693789.4456885,[{'idp': 111, 'x': 4.12, 'y': -0.247, 'r': 0.4, 'type': 1}]
23696,1398693789.485789,[{'idp': 111, 'x': 4.125, 'y': -0.244, 'r': 0.4, 'type': 1}]
23697,1398693789.4910097,[{'idp': 111, 'x': 4.124, 'y': -0.253, 'r': 0.4, 'type': 1}]
23698,1398693789.5296898,[{'idp': 111, 'x': 4.145, 'y': -0.266, 'r': 0.4, 'type': 1}]
23699,1398693789.5696745,[{'idp': 111, 'x': 4.16, 'y': -0.276, 'r': 0.4, 'type': 1}]
23700,1398693789.5697072,[{'idp': 111, 'x': 4.176, 'y': -0.284, 'r': 0.4, 'type': 1}]
23701,1398693789.6096888,[{'idp': 111, 'x': 4.183, 'y': -0.296, 'r': 0.4, 'type': 1}]
23702,1398693789.615564,[{'idp': 111, 'x': 4.184, 'y': -0.304, 'r': 0.4, 'type': 1}]
23703,1398693789.6536927,[{'idp': 111, 'x': 4.21, 'y': -0.314, 'r': 0.4, 'type': 1}]
23704,1398693789.6938264,[{'idp': 111, 'x': 4.224, 'y': -0.334, 'r': 0.4, 'type': 1}]
23705,1398693789.693862,[{'idp': 111, 'x': 4.24, 'y': -0.353, 'r': 0.4, 'type': 1}]
23706,1398693789.7336674,[{'idp': 111, 'x': 4.256, 'y': -0.363, 'r': 0.4, 'type': 1}]
23707,1398693789.7401378,[{'idp': 111, 'x': 4.279, 'y': -0.365, 'r': 0.4, 'type': 1}]
23708,1398693789.77767,[{'idp': 111, 'x': 4.293, 'y': -0.366, 'r': 0.4, 'type': 1}]
23709,1398693789.8176668,[{'idp': 111, 'x': 4.293, 'y': -0.375, 'r': 0.4, 'type': 1}]
23710,1398693789.8176982,[{'idp': 111, 'x': 4.295, 'y': -0.394, 'r': 0.4, 'type': 1}]
23711,1398693789.857695,[{'idp': 111, 'x': 4.319, 'y': -0.415, 'r': 0.4, 'type': 1}]
23712,1398693789.865137,[{'idp': 111, 'x': 4.3, 'y': -0.423, 'r': 0.4, 'type': 1}]
23713,1398693789.9017131,[{'idp': 111, 'x': 4.3, 'y': -0.422, 'r': 0.4, 'type': 1}]
23714,1398693789.941681,[{'idp': 111, 'x': 4.248, 'y': -0.427, 'r': 0.4, 'type': 1}]
23715,1398693789.9417086,[{'idp': 111, 'x': 4.206, 'y': -0.433, 'r': 0.4, 'type': 1}]
23716,1398693789.9816663,[{'idp': 111, 'x': 4.195, 'y': -0.432, 'r': 0.4, 'type': 1}]
23717,1398693789.9892762,[{'idp': 111, 'x': 4.217, 'y': -0.434, 'r': 0.4, 'type': 1}]
23718,1398693790.0257292,[{'idp': 111, 'x': 4.196, 'y': -0.45, 'r': 0.4, 'type': 1}]
23719,1398693790.0657084,[{'idp': 111, 'x': 4.191, 'y': -0.468, 'r': 0.4, 'type': 1}]
23720,1398693790.0657444,[{'idp': 111, 'x': 4.191, 'y': -0.468, 'r': 0.4, 'type': 1}]
23721,1398693790.105612,[{'idp': 111, 'x': 4.187, 'y': -0.468, 'r': 0.4, 'type': 1}]
23722,1398693790.1145473,[{'idp': 111, 'x': 4.194, 'y': -0.478, 'r': 0.4, 'type': 1}]
23723,1398693790.1536314,[{'idp': 111, 'x': 4.212, 'y': -0.489, 'r': 0.4, 'type': 1}]
23724,1398693790.19365,[{'idp': 111, 'x': 4.207, 'y': -0.489, 'r': 0.4, 'type': 1}]
23725,1398693790.1937237,[{'idp': 111, 'x': 4.281, 'y': -0.506, 'r': 0.4, 'type': 1}]
23726,1398693790.23365,[{'idp': 111, 'x': 4.35, 'y': -0.523, 'r': 0.4, 'type': 1}]
23727,1398693790.2393825,[{'idp': 111, 'x': 4.403, 'y': -0.539, 'r': 0.4, 'type': 1}]
23728,1398693790.2777243,[{'idp': 111, 'x': 4.429, 'y': -0.562, 'r': 0.4, 'type': 1}]
23729,1398693790.3217044,[{'idp': 111, 'x': 4.441, 'y': -0.574, 'r': 0.4, 'type': 1}]
23730,1398693790.3217347,[{'idp': 111, 'x': 4.451, 'y': -0.585, 'r': 0.4, 'type': 1}]
23731,1398693790.3617103,[{'idp': 111, 'x': 4.47, 'y': -0.598, 'r': 0.4, 'type': 1}]
23732,1398693790.3641186,[{'idp': 111, 'x': 4.469, 'y': -0.617, 'r': 0.4, 'type': 1}]
23733,1398693790.4016564,[{'idp': 111, 'x': 4.494, 'y': -0.631, 'r': 0.4, 'type': 1}]
23734,1398693790.441707,[{'idp': 111, 'x': 4.505, 'y': -0.633, 'r': 0.4, 'type': 1}]
23735,1398693790.4417405,[{'idp': 111, 'x': 4.511, 'y': -0.644, 'r': 0.4, 'type': 1}]
23736,1398693790.4817216,[{'idp': 111, 'x': 4.514, 'y': -0.675, 'r': 0.4, 'type': 1}]
23737,1398693790.4886403,[{'idp': 111, 'x': 4.51, 'y': -0.687, 'r': 0.4, 'type': 1}]
23738,1398693790.5256615,[{'idp': 111, 'x': 4.545, 'y': -0.697, 'r': 0.4, 'type': 1}]
23739,1398693790.565706,[{'idp': 111, 'x': 4.531, 'y': -0.706, 'r': 0.4, 'type': 1}]
23740,1398693790.5657403,[{'idp': 111, 'x': 4.552, 'y': -0.747, 'r': 0.4, 'type': 1}]
23741,1398693790.6057513,[{'idp': 111, 'x': 4.532, 'y': -0.746, 'r': 0.4, 'type': 1}]
23742,1398693790.6135592,[{'idp': 111, 'x': 4.531, 'y': -0.782, 'r': 0.4, 'type': 1}]
23743,1398693790.6497097,[{'idp': 111, 'x': 4.524, 'y': -0.801, 'r': 0.4, 'type': 1}]
23744,1398693790.6896837,[{'idp': 111, 'x': 4.542, 'y': -0.825, 'r': 0.4, 'type': 1}]
23745,1398693790.6897154,[{'idp': 111, 'x': 4.541, 'y': -0.835, 'r': 0.4, 'type': 1}]
23746,1398693790.7297485,[{'idp': 111, 'x': 4.537, 'y': -0.835, 'r': 0.4, 'type': 1}]
23747,1398693790.739508,[{'idp': 111, 'x': 4.544, 'y': -0.827, 'r': 0.4, 'type': 1}]
23748,1398693790.7776701,[{'idp': 111, 'x': 4.521, 'y': -0.836, 'r': 0.4, 'type': 1}]
23749,1398693790.8176699,[{'idp': 111, 'x': 4.517, 'y': -0.855, 'r': 0.4, 'type': 1}]
23750,1398693790.817721,[{'idp': 111, 'x': 4.546, 'y': -0.888, 'r': 0.4, 'type': 1}]
23751,1398693790.8576913,[{'idp': 111, 'x': 4.522, 'y': -0.887, 'r': 0.4, 'type': 1}]
23752,1398693790.8618839,[{'idp': 111, 'x': 4.54, 'y': -0.907, 'r': 0.4, 'type': 1}]
23753,1398693790.9016416,[{'idp': 111, 'x': 4.539, 'y': -0.91, 'r': 0.4, 'type': 1}]
23754,1398693790.9416695,[{'idp': 111, 'x': 4.541, 'y': -0.921, 'r': 0.4, 'type': 1}]
23755,1398693790.941699,[{'idp': 111, 'x': 4.559, 'y': -0.942, 'r': 0.4, 'type': 1}]
23756,1398693790.9816787,[{'idp': 111, 'x': 4.545, 'y': -0.962, 'r': 0.4, 'type': 1}]
23757,1398693790.9864998,[{'idp': 111, 'x': 4.542, 'y': -0.985, 'r': 0.4, 'type': 1}]
23758,1398693791.0257373,[{'idp': 111, 'x': 4.556, 'y': -1.008, 'r': 0.4, 'type': 1}]
23759,1398693791.0656676,[{'idp': 111, 'x': 4.555, 'y': -1.021, 'r': 0.4, 'type': 1}]
23760,1398693791.0657012,[{'idp': 111, 'x': 4.573, 'y': -1.056, 'r': 0.4, 'type': 1}]
23761,1398693791.1057122,[{'idp': 111, 'x': 4.564, 'y': -1.085, 'r': 0.4, 'type': 1}]
23762,1398693791.111005,[{'idp': 111, 'x': 4.579, 'y': -1.12, 'r': 0.4, 'type': 1}]
23763,1398693791.1496825,[{'idp': 111, 'x': 4.575, 'y': -1.14, 'r': 0.4, 'type': 1}]
23764,1398693791.1896827,[{'idp': 111, 'x': 4.559, 'y': -1.168, 'r': 0.4, 'type': 1}]
23765,1398693791.1897094,[{'idp': 111, 'x': 4.485, 'y': -1.17, 'r': 0.4, 'type': 1}]
23766,1398693791.2296882,[{'idp': 111, 'x': 4.497, 'y': -1.195, 'r': 0.4, 'type': 1}]
23767,1398693791.2378042,[{'idp': 111, 'x': 4.52, 'y': -1.212, 'r': 0.4, 'type': 1}]
23768,1398693791.277705,[{'idp': 111, 'x': 4.542, 'y': -1.24, 'r': 0.4, 'type': 1}]
23769,1398693791.3177063,[{'idp': 111, 'x': 4.559, 'y': -1.266, 'r': 0.4, 'type': 1}]
23770,1398693791.317739,[{'idp': 111, 'x': 4.565, 'y': -1.29, 'r': 0.4, 'type': 1}]
23771,1398693791.3577042,[{'idp': 111, 'x': 4.563, 'y': -1.3, 'r': 0.4, 'type': 1}]
23772,1398693791.3608875,[{'idp': 111, 'x': 4.537, 'y': -1.292, 'r': 0.4, 'type': 1}]
23773,1398693791.3976479,[{'idp': 111, 'x': 4.54, 'y': -1.314, 'r': 0.4, 'type': 1}, {'idp': 112, 'x': 8.664, 'y': 1.9, 'r': 0.4, 'type': 1}]
23774,1398693791.437669,[{'idp': 111, 'x': 4.479, 'y': -1.297, 'r': 0.4, 'type': 1}, {'idp': 112, 'x': 8.686, 'y': 1.906, 'r': 0.4, 'type': 1}]
23775,1398693791.4377036,[{'idp': 111, 'x': 4.488, 'y': -1.299, 'r': 0.4, 'type': 1}, {'idp': 112, 'x': 8.697, 'y': 1.909, 'r': 0.4, 'type': 1}]
23776,1398693791.4777772,[{'idp': 111, 'x': 4.422, 'y': -1.279, 'r': 0.4, 'type': 1}, {'idp': 112, 'x': 8.666, 'y': 1.942, 'r': 0.4, 'type': 1}]
23777,1398693791.485747,[{'idp': 111, 'x': 4.461, 'y': -1.312, 'r': 0.4, 'type': 1}, {'idp': 112, 'x': 8.673, 'y': 1.924, 'r': 0.4, 'type': 1}]
23778,1398693791.525735,[{'idp': 111, 'x': 4.405, 'y': -1.316, 'r': 0.4, 'type': 1}, {'idp': 112, 'x': 8.649, 'y': 1.918, 'r': 0.4, 'type': 1}]
23779,1398693791.565688,[{'idp': 111, 'x': 4.414, 'y': -1.329, 'r': 0.4, 'type': 1}, {'idp': 112, 'x': 8.647, 'y': 1.938, 'r': 0.4, 'type': 1}]
23780,1398693791.5657423,[{'idp': 111, 'x': 4.41, 'y': -1.348, 'r': 0.4, 'type': 1}, {'idp': 112, 'x': 8.654, 'y': 1.939, 'r': 0.4, 'type': 1}]
23781,1398693791.605751,[{'idp': 111, 'x': 4.407, 'y': -1.358, 'r': 0.4, 'type': 1}, {'idp': 112, 'x': 8.611, 'y': 1.89, 'r': 0.4, 'type': 1}]
23782,1398693791.610373,[{'idp': 111, 'x': 4.415, 'y': -1.35, 'r': 0.4, 'type': 1}, {'idp': 112, 'x': 8.632, 'y': 1.915, 'r': 0.4, 'type': 1}]
23783,1398693791.6496947,[{'idp': 111, 'x': 4.419, 'y': -1.372, 'r': 0.4, 'type': 1}, {'idp': 112, 'x': 8.611, 'y': 1.851, 'r': 0.4, 'type': 1}]
23784,1398693791.6897411,[{'idp': 111, 'x': 4.427, 'y': -1.385, 'r': 0.4, 'type': 1}, {'idp': 112, 'x': 8.545, 'y': 1.876, 'r': 0.4, 'type': 1}]
23785,1398693791.689771,[{'idp': 111, 'x': 4.429, 'y': -1.407, 'r': 0.4, 'type': 1}, {'idp': 112, 'x': 8.574, 'y': 1.921, 'r': 0.4, 'type': 1}]
23786,1398693791.7297938,[{'idp': 111, 'x': 4.429, 'y': -1.407, 'r': 0.4, 'type': 1}, {'idp': 112, 'x': 8.548, 'y': 1.916, 'r': 0.4, 'type': 1}]
23787,1398693791.7352428,[{'idp': 111, 'x': 4.429, 'y': -1.407, 'r': 0.4, 'type': 1}, {'idp': 112, 'x': 8.556, 'y': 1.917, 'r': 0.4, 'type': 1}]
23788,1398693791.7736962,[{'idp': 111, 'x': 4.429, 'y': -1.407, 'r': 0.4, 'type': 1}, {'idp': 112, 'x': 8.527, 'y': 1.891, 'r': 0.4, 'type': 1}]
23789,1398693791.8137393,[{'idp': 111, 'x': 4.429, 'y': -1.407, 'r': 0.4, 'type': 1}, {'idp': 112, 'x': 8.523, 'y': 1.91, 'r': 0.4, 'type': 1}]
23790,1398693791.8137684,[{'idp': 111, 'x': 4.429, 'y': -1.407, 'r': 0.4, 'type': 1}, {'idp': 112, 'x': 8.501, 'y': 1.905, 'r': 0.4, 'type': 1}]
23791,1398693791.8537228,[{'idp': 111, 'x': 4.429, 'y': -1.407, 'r': 0.4, 'type': 1}, {'idp': 112, 'x': 8.492, 'y': 1.922, 'r': 0.4, 'type': 1}]
23792,1398693791.860008,[{'idp': 111, 'x': 4.429, 'y': -1.407, 'r': 0.4, 'type': 1}, {'idp': 112, 'x': 8.475, 'y': 1.88, 'r': 0.4, 'type': 1}]
23793,1398693791.8976932,[{'idp': 111, 'x': 4.429, 'y': -1.407, 'r': 0.4, 'type': 1}, {'idp': 112, 'x': 8.447, 'y': 1.893, 'r': 0.4, 'type': 1}]
23794,1398693791.9377484,[{'idp': 111, 'x': 4.429, 'y': -1.407, 'r': 0.4, 'type': 1}, {'idp': 112, 'x': 8.447, 'y': 1.971, 'r': 0.4, 'type': 1}]
23795,1398693791.937791,[{'idp': 111, 'x': 4.429, 'y': -1.407, 'r': 0.4, 'type': 1}, {'idp': 112, 'x': 8.389, 'y': 1.919, 'r': 0.4, 'type': 1}]
23796,1398693791.977688,[{'idp': 111, 'x': 4.429, 'y': -1.407, 'r': 0.4, 'type': 1}, {'idp': 112, 'x': 8.403, 'y': 1.942, 'r': 0.4, 'type': 1}]
23797,1398693791.9845364,[{'idp': 111, 'x': 4.429, 'y': -1.407, 'r': 0.4, 'type': 1}, {'idp': 112, 'x': 8.375, 'y': 1.916, 'r': 0.4, 'type': 1}]
23798,1398693792.021699,[{'idp': 111, 'x': 4.429, 'y': -1.407, 'r': 0.4, 'type': 1}, {'idp': 112, 'x': 8.38, 'y': 1.975, 'r': 0.4, 'type': 1}]
23799,1398693792.061721,[{'idp': 111, 'x': 4.429, 'y': -1.407, 'r': 0.4, 'type': 1}, {'idp': 112, 'x': 8.36, 'y': 1.931, 'r': 0.4, 'type': 1}]
23800,1398693792.061755,[{'idp': 111, 'x': 4.429, 'y': -1.407, 'r': 0.4, 'type': 1}, {'idp': 112, 'x': 8.369, 'y': 1.915, 'r': 0.4, 'type': 1}]
23801,1398693792.1017148,[{'idp': 111, 'x': 4.429, 'y': -1.407, 'r': 0.4, 'type': 1}, {'idp': 112, 'x': 8.322, 'y': 1.885, 'r': 0.4, 'type': 1}]
23802,1398693792.109393,[{'idp': 111, 'x': 4.429, 'y': -1.407, 'r': 0.4, 'type': 1}, {'idp': 112, 'x': 8.338, 'y': 1.927, 'r': 0.4, 'type': 1}]
23803,1398693792.1456459,[{'idp': 111, 'x': 4.429, 'y': -1.407, 'r': 0.4, 'type': 1}, {'idp': 112, 'x': 8.337, 'y': 1.945, 'r': 0.4, 'type': 1}]
23804,1398693792.185689,[{'idp': 112, 'x': 8.324, 'y': 1.942, 'r': 0.4, 'type': 1}]
23805,1398693792.1857202,[{'idp': 112, 'x': 8.312, 'y': 1.901, 'r': 0.4, 'type': 1}]
23806,1398693792.225699,[{'idp': 112, 'x': 8.321, 'y': 1.865, 'r': 0.4, 'type': 1}]
23807,1398693792.2341423,[{'idp': 112, 'x': 8.283, 'y': 1.875, 'r': 0.4, 'type': 1}]
23808,1398693792.2737107,[{'idp': 112, 'x': 8.294, 'y': 1.897, 'r': 0.4, 'type': 1}]
23809,1398693792.3137186,[{'idp': 112, 'x': 8.278, 'y': 1.893, 'r': 0.4, 'type': 1}]
23810,1398693792.3137515,[{'idp': 112, 'x': 8.26, 'y': 1.908, 'r': 0.4, 'type': 1}]
23811,1398693792.3537135,[{'idp': 112, 'x': 8.259, 'y': 1.927, 'r': 0.4, 'type': 1}]
23812,1398693792.358503,[{'idp': 112, 'x': 8.244, 'y': 1.923, 'r': 0.4, 'type': 1}]
23813,1398693792.3976512,[{'idp': 112, 'x': 8.246, 'y': 1.923, 'r': 0.4, 'type': 1}]
23814,1398693792.4377346,[{'idp': 112, 'x': 8.217, 'y': 1.917, 'r': 0.4, 'type': 1}]
23815,1398693792.4377666,[{'idp': 112, 'x': 8.204, 'y': 1.895, 'r': 0.4, 'type': 1}]
23816,1398693792.4777253,[{'idp': 112, 'x': 8.207, 'y': 1.858, 'r': 0.4, 'type': 1}]
23817,1398693792.4836226,[{'idp': 112, 'x': 8.211, 'y': 1.878, 'r': 0.4, 'type': 1}]
23818,1398693792.5217407,[{'idp': 112, 'x': 8.201, 'y': 1.876, 'r': 0.4, 'type': 1}]
23819,1398693792.561704,[{'idp': 112, 'x': 8.175, 'y': 1.889, 'r': 0.4, 'type': 1}]
23820,1398693792.5617545,[{'idp': 112, 'x': 8.164, 'y': 1.886, 'r': 0.4, 'type': 1}]
23821,1398693792.6017258,[{'idp': 112, 'x': 8.147, 'y': 1.863, 'r': 0.4, 'type': 1}]
23822,1398693792.6085174,[{'idp': 112, 'x': 8.14, 'y': 1.862, 'r': 0.4, 'type': 1}]
23823,1398693792.6456978,[{'idp': 112, 'x': 8.13, 'y': 1.84, 'r': 0.4, 'type': 1}]
23824,1398693792.6856842,[{'idp': 112, 'x': 8.121, 'y': 1.838, 'r': 0.4, 'type': 1}]
23825,1398693792.6857128,[{'idp': 112, 'x': 8.111, 'y': 1.818, 'r': 0.4, 'type': 1}]
23826,1398693792.7257214,[{'idp': 112, 'x': 8.103, 'y': 1.834, 'r': 0.4, 'type': 1}]
23827,1398693792.7322526,[{'idp': 112, 'x': 8.101, 'y': 1.853, 'r': 0.4, 'type': 1}]
23828,1398693792.7696667,[{'idp': 112, 'x': 8.088, 'y': 1.868, 'r': 0.4, 'type': 1}]
23829,1398693792.8099542,[{'idp': 112, 'x': 8.034, 'y': 1.8, 'r': 0.4, 'type': 1}]
23830,1398693792.8099875,[{'idp': 112, 'x': 7.996, 'y': 1.754, 'r': 0.4, 'type': 1}]
23831,1398693792.8497145,[{'idp': 112, 'x': 8.009, 'y': 1.721, 'r': 0.4, 'type': 1}, {'idp': 113, 'x': 1.649, 'y': 0.647, 'r': 0.4, 'type': 1}]
23832,1398693792.8564527,[{'idp': 112, 'x': 8.009, 'y': 1.721, 'r': 0.4, 'type': 1}, {'idp': 113, 'x': 1.681, 'y': 0.611, 'r': 0.4, 'type': 1}]
23833,1398693792.893702,[{'idp': 112, 'x': 8.009, 'y': 1.721, 'r': 0.4, 'type': 1}, {'idp': 113, 'x': 1.704, 'y': 0.608, 'r': 0.4, 'type': 1}]
23834,1398693792.9337199,[{'idp': 112, 'x': 8.009, 'y': 1.721, 'r': 0.4, 'type': 1}, {'idp': 113, 'x': 1.704, 'y': 0.601, 'r': 0.4, 'type': 1}]
23835,1398693792.9337518,[{'idp': 112, 'x': 8.009, 'y': 1.721, 'r': 0.4, 'type': 1}, {'idp': 113, 'x': 1.698, 'y': 0.592, 'r': 0.4, 'type': 1}]
23836,1398693792.9736996,[{'idp': 112, 'x': 8.009, 'y': 1.721, 'r': 0.4, 'type': 1}, {'idp': 113, 'x': 1.709, 'y': 0.588, 'r': 0.4, 'type': 1}]
23837,1398693792.9818776,[{'idp': 112, 'x': 8.041, 'y': 1.986, 'r': 0.4, 'type': 1}, {'idp': 113, 'x': 1.733, 'y': 0.567, 'r': 0.4, 'type': 1}]
23838,1398693793.021726,[{'idp': 112, 'x': 8.037, 'y': 1.948, 'r': 0.4, 'type': 1}, {'idp': 113, 'x': 1.751, 'y': 0.544, 'r': 0.4, 'type': 1}]
23839,1398693793.0617735,[{'idp': 112, 'x': 7.996, 'y': 1.938, 'r': 0.4, 'type': 1}, {'idp': 113, 'x': 1.754, 'y': 0.551, 'r': 0.4, 'type': 1}]
23840,1398693793.0618043,[{'idp': 112, 'x': 7.988, 'y': 1.9, 'r': 0.4, 'type': 1}, {'idp': 113, 'x': 1.769, 'y': 0.529, 'r': 0.4, 'type': 1}]
23841,1398693793.101757,[{'idp': 112, 'x': 7.968, 'y': 1.895, 'r': 0.4, 'type': 1}, {'idp': 113, 'x': 1.786, 'y': 0.515, 'r': 0.4, 'type': 1}]
23842,1398693793.1063523,[{'idp': 112, 'x': 7.935, 'y': 1.887, 'r': 0.4, 'type': 1}, {'idp': 113, 'x': 1.794, 'y': 0.501, 'r': 0.4, 'type': 1}]
23843,1398693793.1457043,[{'idp': 112, 'x': 7.911, 'y': 1.882, 'r': 0.4, 'type': 1}, {'idp': 113, 'x': 1.815, 'y': 0.479, 'r': 0.4, 'type': 1}]
23844,1398693793.1856992,[{'idp': 112, 'x': 7.903, 'y': 1.88, 'r': 0.4, 'type': 1}, {'idp': 113, 'x': 1.834, 'y': 0.464, 'r': 0.4, 'type': 1}]
23845,1398693793.1857307,[{'idp': 112, 'x': 7.881, 'y': 1.856, 'r': 0.4, 'type': 1}, {'idp': 113, 'x': 1.853, 'y': 0.441, 'r': 0.4, 'type': 1}]
23846,1398693793.2260222,[{'idp': 112, 'x': 7.804, 'y': 1.73, 'r': 0.4, 'type': 1}, {'idp': 113, 'x': 1.875, 'y': 0.416, 'r': 0.4, 'type': 1}]
23847,1398693793.2302592,[{'idp': 112, 'x': 7.804, 'y': 1.73, 'r': 0.4, 'type': 1}, {'idp': 113, 'x': 1.898, 'y': 0.391, 'r': 0.4, 'type': 1}]
23848,1398693793.2697444,[{'idp': 112, 'x': 7.804, 'y': 1.73, 'r': 0.4, 'type': 1}, {'idp': 113, 'x': 1.912, 'y': 0.378, 'r': 0.4, 'type': 1}]
23849,1398693793.309665,[{'idp': 112, 'x': 7.887, 'y': 1.931, 'r': 0.4, 'type': 1}, {'idp': 113, 'x': 1.898, 'y': 0.349, 'r': 0.4, 'type': 1}]
23850,1398693793.3096926,[{'idp': 112, 'x': 7.84, 'y': 1.883, 'r': 0.4, 'type': 1}, {'idp': 113, 'x': 1.862, 'y': 0.332, 'r': 0.4, 'type': 1}]
23851,1398693793.3496878,[{'idp': 112, 'x': 7.814, 'y': 1.877, 'r': 0.4, 'type': 1}, {'idp': 113, 'x': 1.903, 'y': 0.313, 'r': 0.4, 'type': 1}]
23852,1398693793.3551278,[{'idp': 112, 'x': 7.807, 'y': 1.857, 'r': 0.4, 'type': 1}, {'idp': 113, 'x': 1.919, 'y': 0.297, 'r': 0.4, 'type': 1}]
23853,1398693793.3936248,[{'idp': 112, 'x': 7.815, 'y': 1.859, 'r': 0.4, 'type': 1}, {'idp': 113, 'x': 1.947, 'y': 0.278, 'r': 0.4, 'type': 1}]
23854,1398693793.4337053,[{'idp': 112, 'x': 7.772, 'y': 1.831, 'r': 0.4, 'type': 1}, {'idp': 113, 'x': 1.976, 'y': 0.264, 'r': 0.4, 'type': 1}]
23855,1398693793.433737,[{'idp': 112, 'x': 7.789, 'y': 1.871, 'r': 0.4, 'type': 1}, {'idp': 113, 'x': 1.995, 'y': 0.253, 'r': 0.4, 'type': 1}]
23856,1398693793.473916,[{'idp': 112, 'x': 7.77, 'y': 1.866, 'r': 0.4, 'type': 1}, {'idp': 113, 'x': 1.982, 'y': 0.242, 'r': 0.4, 'type': 1}]
23857,1398693793.4801707,[{'idp': 112, 'x': 7.756, 'y': 1.863, 'r': 0.4, 'type': 1}, {'idp': 113, 'x': 1.992, 'y': 0.225, 'r': 0.4, 'type': 1}]
23858,1398693793.5176456,[{'idp': 112, 'x': 7.76, 'y': 1.864, 'r': 0.4, 'type': 1}, {'idp': 113, 'x': 1.998, 'y': 0.208, 'r': 0.4, 'type': 1}]
23859,1398693793.5576546,[{'idp': 112, 'x': 7.735, 'y': 1.858, 'r': 0.4, 'type': 1}, {'idp': 113, 'x': 2.009, 'y': 0.188, 'r': 0.4, 'type': 1}]
23860,1398693793.5576854,[{'idp': 112, 'x': 7.72, 'y': 1.854, 'r': 0.4, 'type': 1}, {'idp': 113, 'x': 2.006, 'y': 0.176, 'r': 0.4, 'type': 1}]
23861,1398693793.597661,[{'idp': 112, 'x': 7.725, 'y': 1.873, 'r': 0.4, 'type': 1}, {'idp': 113, 'x': 2.024, 'y': 0.158, 'r': 0.4, 'type': 1}]
23862,1398693793.605794,[{'idp': 112, 'x': 7.707, 'y': 1.851, 'r': 0.4, 'type': 1}, {'idp': 113, 'x': 2.029, 'y': 0.134, 'r': 0.4, 'type': 1}]
23863,1398693793.6456897,[{'idp': 112, 'x': 7.707, 'y': 1.851, 'r': 0.4, 'type': 1}, {'idp': 113, 'x': 2.063, 'y': 0.106, 'r': 0.4, 'type': 1}]
23864,1398693793.6857164,[{'idp': 112, 'x': 7.696, 'y': 1.831, 'r': 0.4, 'type': 1}, {'idp': 113, 'x': 2.037, 'y': 0.083, 'r': 0.4, 'type': 1}]
23865,1398693793.6857352,[{'idp': 112, 'x': 7.669, 'y': 1.807, 'r': 0.4, 'type': 1}, {'idp': 113, 'x': 2.038, 'y': 0.062, 'r': 0.4, 'type': 1}]
23866,1398693793.7257068,[{'idp': 112, 'x': 7.656, 'y': 1.804, 'r': 0.4, 'type': 1}, {'idp': 113, 'x': 2.021, 'y': 0.05, 'r': 0.4, 'type': 1}]
23867,1398693793.729857,[{'idp': 112, 'x': 7.651, 'y': 1.838, 'r': 0.4, 'type': 1}, {'idp': 113, 'x': 2.017, 'y': 0.034, 'r': 0.4, 'type': 1}]
23868,1398693793.7696793,[{'idp': 112, 'x': 7.645, 'y': 1.854, 'r': 0.4, 'type': 1}, {'idp': 113, 'x': 2.036, 'y': 0.013, 'r': 0.4, 'type': 1}]
23869,1398693793.8097467,[{'idp': 112, 'x': 7.623, 'y': 1.831, 'r': 0.4, 'type': 1}, {'idp': 113, 'x': 2.052, 'y': -0.014, 'r': 0.4, 'type': 1}]
23870,1398693793.8097773,[{'idp': 112, 'x': 7.618, 'y': 1.812, 'r': 0.4, 'type': 1}, {'idp': 113, 'x': 2.087, 'y': -0.046, 'r': 0.4, 'type': 1}]
23871,1398693793.849718,[{'idp': 112, 'x': 7.58, 'y': 1.803, 'r': 0.4, 'type': 1}, {'idp': 113, 'x': 2.15, 'y': -0.069, 'r': 0.4, 'type': 1}]
23872,1398693793.853852,[{'idp': 112, 'x': 7.585, 'y': 1.822, 'r': 0.4, 'type': 1}, {'idp': 113, 'x': 2.2, 'y': -0.09, 'r': 0.4, 'type': 1}]
23873,1398693793.893698,[{'idp': 112, 'x': 7.566, 'y': 1.817, 'r': 0.4, 'type': 1}, {'idp': 113, 'x': 2.22, 'y': -0.111, 'r': 0.4, 'type': 1}]
23874,1398693793.9337015,[{'idp': 112, 'x': 7.545, 'y': 1.813, 'r': 0.4, 'type': 1}, {'idp': 113, 'x': 2.227, 'y': -0.143, 'r': 0.4, 'type': 1}]
23875,1398693793.9337356,[{'idp': 112, 'x': 7.556, 'y': 1.85, 'r': 0.4, 'type': 1}, {'idp': 113, 'x': 2.246, 'y': -0.165, 'r': 0.4, 'type': 1}]
23876,1398693793.9736905,[{'idp': 112, 'x': 7.496, 'y': 1.818, 'r': 0.4, 'type': 1}, {'idp': 113, 'x': 2.253, 'y': -0.185, 'r': 0.4, 'type': 1}]
23877,1398693793.978893,[{'idp': 112, 'x': 7.519, 'y': 1.823, 'r': 0.4, 'type': 1}, {'idp': 113, 'x': 2.271, 'y': -0.209, 'r': 0.4, 'type': 1}]
23878,1398693794.017693,[{'idp': 112, 'x': 7.509, 'y': 1.821, 'r': 0.4, 'type': 1}, {'idp': 113, 'x': 2.267, 'y': -0.23, 'r': 0.4, 'type': 1}]
23879,1398693794.057739,[{'idp': 112, 'x': 7.496, 'y': 1.835, 'r': 0.4, 'type': 1}, {'idp': 113, 'x': 2.269, 'y': -0.251, 'r': 0.4, 'type': 1}]
23880,1398693794.0577686,[{'idp': 112, 'x': 7.495, 'y': 1.835, 'r': 0.4, 'type': 1}, {'idp': 113, 'x': 2.283, 'y': -0.264, 'r': 0.4, 'type': 1}]
23881,1398693794.097599,[{'idp': 112, 'x': 7.487, 'y': 1.833, 'r': 0.4, 'type': 1}, {'idp': 113, 'x': 2.281, 'y': -0.28, 'r': 0.4, 'type': 1}]
23882,1398693794.1038852,[{'idp': 112, 'x': 7.475, 'y': 1.83, 'r': 0.4, 'type': 1}, {'idp': 113, 'x': 2.288, 'y': -0.307, 'r': 0.4, 'type': 1}]
23883,1398693794.1417005,[{'idp': 112, 'x': 7.461, 'y': 1.844, 'r': 0.4, 'type': 1}, {'idp': 113, 'x': 2.285, 'y': -0.312, 'r': 0.4, 'type': 1}]
23884,1398693794.1817193,[{'idp': 112, 'x': 7.443, 'y': 1.857, 'r': 0.4, 'type': 1}, {'idp': 113, 'x': 2.304, 'y': -0.331, 'r': 0.4, 'type': 1}]
23885,1398693794.1817472,[{'idp': 112, 'x': 7.446, 'y': 1.857, 'r': 0.4, 'type': 1}, {'idp': 113, 'x': 2.292, 'y': -0.339, 'r': 0.4, 'type': 1}]
23886,1398693794.221749,[{'idp': 112, 'x': 7.448, 'y': 1.858, 'r': 0.4, 'type': 1}, {'idp': 113, 'x': 2.309, 'y': -0.378, 'r': 0.4, 'type': 1}]
23887,1398693794.2279997,[{'idp': 112, 'x': 7.447, 'y': 1.875, 'r': 0.4, 'type': 1}, {'idp': 113, 'x': 2.311, 'y': -0.398, 'r': 0.4, 'type': 1}]
23888,1398693794.2656682,[{'idp': 112, 'x': 7.412, 'y': 1.849, 'r': 0.4, 'type': 1}, {'idp': 113, 'x': 2.318, 'y': -0.419, 'r': 0.4, 'type': 1}]
23889,1398693794.305644,[{'idp': 112, 'x': 7.397, 'y': 1.845, 'r': 0.4, 'type': 1}, {'idp': 113, 'x': 2.322, 'y': -0.447, 'r': 0.4, 'type': 1}]
23890,1398693794.3056724,[{'idp': 112, 'x': 7.366, 'y': 1.838, 'r': 0.4, 'type': 1}, {'idp': 113, 'x': 2.339, 'y': -0.468, 'r': 0.4, 'type': 1}]
23891,1398693794.3456912,[{'idp': 112, 'x': 7.357, 'y': 1.835, 'r': 0.4, 'type': 1}, {'idp': 113, 'x': 2.349, 'y': -0.502, 'r': 0.4, 'type': 1}]
23892,1398693794.3523703,[{'idp': 112, 'x': 7.356, 'y': 1.835, 'r': 0.4, 'type': 1}, {'idp': 113, 'x': 2.354, 'y': -0.524, 'r': 0.4, 'type': 1}]
23893,1398693794.3897226,[{'idp': 112, 'x': 7.326, 'y': 1.844, 'r': 0.4, 'type': 1}, {'idp': 113, 'x': 2.359, 'y': -0.547, 'r': 0.4, 'type': 1}]
23894,1398693794.4297833,[{'idp': 112, 'x': 7.33, 'y': 1.829, 'r': 0.4, 'type': 1}, {'idp': 113, 'x': 2.374, 'y': -0.58, 'r': 0.4, 'type': 1}]
23895,1398693794.4298143,[{'idp': 112, 'x': 7.34, 'y': 1.831, 'r': 0.4, 'type': 1}, {'idp': 113, 'x': 2.366, 'y': -0.605, 'r': 0.4, 'type': 1}]
23896,1398693794.469703,[{'idp': 112, 'x': 7.318, 'y': 1.825, 'r': 0.4, 'type': 1}, {'idp': 113, 'x': 2.37, 'y': -0.641, 'r': 0.4, 'type': 1}]
23897,1398693794.4773955,[{'idp': 112, 'x': 7.292, 'y': 1.836, 'r': 0.4, 'type': 1}, {'idp': 113, 'x': 2.386, 'y': -0.673, 'r': 0.4, 'type': 1}]
23898,1398693794.5136578,[{'idp': 112, 'x': 7.287, 'y': 1.852, 'r': 0.4, 'type': 1}, {'idp': 113, 'x': 2.394, 'y': -0.697, 'r': 0.4, 'type': 1}]
23899,1398693794.553724,[{'idp': 112, 'x': 7.281, 'y': 1.867, 'r': 0.4, 'type': 1}, {'idp': 113, 'x': 2.405, 'y': -0.728, 'r': 0.4, 'type': 1}]
23900,1398693794.5537548,[{'idp': 112, 'x': 7.269, 'y': 1.847, 'r': 0.4, 'type': 1}, {'idp': 113, 'x': 2.38, 'y': -0.744, 'r': 0.4, 'type': 1}]
23901,1398693794.5937326,[{'idp': 112, 'x': 7.262, 'y': 1.812, 'r': 0.4, 'type': 1}, {'idp': 113, 'x': 2.311, 'y': -0.751, 'r': 0.4, 'type': 1}]
23902,1398693794.6022732,[{'idp': 112, 'x': 7.237, 'y': 1.789, 'r': 0.4, 'type': 1}, {'idp': 113, 'x': 2.328, 'y': -0.78, 'r': 0.4, 'type': 1}]
23903,1398693794.6417015,[{'idp': 112, 'x': 7.238, 'y': 1.839, 'r': 0.4, 'type': 1}, {'idp': 113, 'x': 2.378, 'y': -0.827, 'r': 0.4, 'type': 1}]
23904,1398693794.6817083,[{'idp': 112, 'x': 7.23, 'y': 1.837, 'r': 0.4, 'type': 1}, {'idp': 113, 'x': 2.382, 'y': -0.853, 'r': 0.4, 'type': 1}]
23905,1398693794.6817377,[{'idp': 112, 'x': 7.219, 'y': 1.851, 'r': 0.4, 'type': 1}, {'idp': 113, 'x': 2.407, 'y': -0.88, 'r': 0.4, 'type': 1}]
23906,1398693794.7217512,[{'idp': 112, 'x': 7.187, 'y': 1.793, 'r': 0.4, 'type': 1}, {'idp': 113, 'x': 2.407, 'y': -0.899, 'r': 0.4, 'type': 1}]
23907,1398693794.727159,[{'idp': 112, 'x': 7.17, 'y': 1.839, 'r': 0.4, 'type': 1}, {'idp': 113, 'x': 2.416, 'y': -0.927, 'r': 0.4, 'type': 1}]
23908,1398693794.765671,[{'idp': 112, 'x': 7.157, 'y': 1.819, 'r': 0.4, 'type': 1}, {'idp': 113, 'x': 2.396, 'y': -0.944, 'r': 0.4, 'type': 1}]
23909,1398693794.8057203,[{'idp': 112, 'x': 7.167, 'y': 1.821, 'r': 0.4, 'type': 1}, {'idp': 113, 'x': 2.387, 'y': -0.963, 'r': 0.4, 'type': 1}]
23910,1398693794.8057384,[{'idp': 112, 'x': 7.149, 'y': 1.8, 'r': 0.4, 'type': 1}, {'idp': 113, 'x': 2.401, 'y': -0.999, 'r': 0.4, 'type': 1}]
23911,1398693794.8457103,[{'idp': 112, 'x': 7.139, 'y': 1.814, 'r': 0.4, 'type': 1}, {'idp': 113, 'x': 2.392, 'y': -1.013, 'r': 0.4, 'type': 1}]
23912,1398693794.85083,[{'idp': 112, 'x': 7.112, 'y': 1.824, 'r': 0.4, 'type': 1}, {'idp': 113, 'x': 2.399, 'y': -1.041, 'r': 0.4, 'type': 1}]
23913,1398693794.8896465,[{'idp': 112, 'x': 7.106, 'y': 1.855, 'r': 0.4, 'type': 1}, {'idp': 113, 'x': 2.399, 'y': -1.067, 'r': 0.4, 'type': 1}]
23914,1398693794.9297013,[{'idp': 112, 'x': 7.082, 'y': 1.816, 'r': 0.4, 'type': 1}, {'idp': 113, 'x': 2.403, 'y': -1.095, 'r': 0.4, 'type': 1}]
23915,1398693794.929737,[{'idp': 112, 'x': 7.067, 'y': 1.829, 'r': 0.4, 'type': 1}, {'idp': 113, 'x': 2.4, 'y': -1.125, 'r': 0.4, 'type': 1}]
23916,1398693794.9697175,[{'idp': 112, 'x': 7.071, 'y': 1.797, 'r': 0.4, 'type': 1}, {'idp': 113, 'x': 2.388, 'y': -1.144, 'r': 0.4, 'type': 1}]
23917,1398693794.9758983,[{'idp': 112, 'x': 7.088, 'y': 1.834, 'r': 0.4, 'type': 1}, {'idp': 113, 'x': 2.362, 'y': -1.15, 'r': 0.4, 'type': 1}]
23918,1398693795.0136902,[{'idp': 112, 'x': 7.05, 'y': 1.792, 'r': 0.4, 'type': 1}, {'idp': 113, 'x': 2.341, 'y': -1.164, 'r': 0.4, 'type': 1}]
23919,1398693795.0536919,[{'idp': 112, 'x': 7.041, 'y': 1.789, 'r': 0.4, 'type': 1}, {'idp': 113, 'x': 2.337, 'y': -1.18, 'r': 0.4, 'type': 1}]
23920,1398693795.0537262,[{'idp': 112, 'x': 7.045, 'y': 1.79, 'r': 0.4, 'type': 1}, {'idp': 113, 'x': 2.328, 'y': -1.163, 'r': 0.4, 'type': 1}]
23921,1398693795.0936973,[{'idp': 112, 'x': 7.019, 'y': 1.784, 'r': 0.4, 'type': 1}, {'idp': 113, 'x': 2.334, 'y': -1.216, 'r': 0.4, 'type': 1}]
23922,1398693795.1006427,[{'idp': 112, 'x': 7.018, 'y': 1.833, 'r': 0.4, 'type': 1}, {'idp': 113, 'x': 2.368, 'y': -1.3, 'r': 0.4, 'type': 1}]
23923,1398693795.1376436,[{'idp': 112, 'x': 6.999, 'y': 1.828, 'r': 0.4, 'type': 1}, {'idp': 113, 'x': 2.435, 'y': -1.37, 'r': 0.4, 'type': 1}]
23924,1398693795.1776938,[{'idp': 112, 'x': 6.992, 'y': 1.826, 'r': 0.4, 'type': 1}, {'idp': 113, 'x': 2.446, 'y': -1.411, 'r': 0.4, 'type': 1}]
23925,1398693795.1777241,[{'idp': 112, 'x': 6.972, 'y': 1.821, 'r': 0.4, 'type': 1}, {'idp': 113, 'x': 2.456, 'y': -1.446, 'r': 0.4, 'type': 1}]
23926,1398693795.2176838,[{'idp': 112, 'x': 6.97, 'y': 1.82, 'r': 0.4, 'type': 1}, {'idp': 113, 'x': 2.451, 'y': -1.476, 'r': 0.4, 'type': 1}]
23927,1398693795.225999,[{'idp': 112, 'x': 6.955, 'y': 1.832, 'r': 0.4, 'type': 1}, {'idp': 113, 'x': 2.464, 'y': -1.508, 'r': 0.4, 'type': 1}]
23928,1398693795.2657776,[{'idp': 112, 'x': 6.948, 'y': 1.847, 'r': 0.4, 'type': 1}, {'idp': 113, 'x': 2.453, 'y': -1.501, 'r': 0.4, 'type': 1}]
23929,1398693795.3057787,[{'idp': 112, 'x': 6.922, 'y': 1.856, 'r': 0.4, 'type': 1}, {'idp': 113, 'x': 2.447, 'y': -1.487, 'r': 0.4, 'type': 1}]
23930,1398693795.305808,[{'idp': 112, 'x': 6.91, 'y': 1.837, 'r': 0.4, 'type': 1}, {'idp': 113, 'x': 2.445, 'y': -1.504, 'r': 0.4, 'type': 1}]
23931,1398693795.34574,[{'idp': 112, 'x': 6.906, 'y': 1.835, 'r': 0.4, 'type': 1}, {'idp': 113, 'x': 2.441, 'y': -1.477, 'r': 0.4, 'type': 1}]
23932,1398693795.3501089,[{'idp': 112, 'x': 6.908, 'y': 1.836, 'r': 0.4, 'type': 1}, {'idp': 113, 'x': 2.452, 'y': -1.402, 'r': 0.4, 'type': 1}]
23933,1398693795.389695,[{'idp': 112, 'x': 6.889, 'y': 1.831, 'r': 0.4, 'type': 1}, {'idp': 113, 'x': 2.451, 'y': -1.415, 'r': 0.4, 'type': 1}]
23934,1398693795.429721,[{'idp': 112, 'x': 6.889, 'y': 1.847, 'r': 0.4, 'type': 1}, {'idp': 113, 'x': 2.437, 'y': -1.421, 'r': 0.4, 'type': 1}]
23935,1398693795.4297547,[{'idp': 112, 'x': 6.852, 'y': 1.837, 'r': 0.4, 'type': 1}, {'idp': 113, 'x': 2.439, 'y': -1.437, 'r': 0.4, 'type': 1}]
23936,1398693795.4697251,[{'idp': 112, 'x': 6.855, 'y': 1.838, 'r': 0.4, 'type': 1}, {'idp': 113, 'x': 2.438, 'y': -1.465, 'r': 0.4, 'type': 1}]
23937,1398693795.4755623,[{'idp': 112, 'x': 6.856, 'y': 1.806, 'r': 0.4, 'type': 1}, {'idp': 113, 'x': 2.416, 'y': -1.481, 'r': 0.4, 'type': 1}]
23938,1398693795.513766,[{'idp': 112, 'x': 6.844, 'y': 1.835, 'r': 0.4, 'type': 1}, {'idp': 113, 'x': 2.414, 'y': -1.509, 'r': 0.4, 'type': 1}]
23939,1398693795.5536487,[{'idp': 112, 'x': 6.82, 'y': 1.812, 'r': 0.4, 'type': 1}, {'idp': 113, 'x': 2.417, 'y': -1.525, 'r': 0.4, 'type': 1}]
23940,1398693795.5536795,[{'idp': 112, 'x': 6.804, 'y': 1.824, 'r': 0.4, 'type': 1}, {'idp': 113, 'x': 2.414, 'y': -1.553, 'r': 0.4, 'type': 1}]
23941,1398693795.5937042,[{'idp': 112, 'x': 6.789, 'y': 1.836, 'r': 0.4, 'type': 1}, {'idp': 113, 'x': 2.427, 'y': -1.599, 'r': 0.4, 'type': 1}]
23942,1398693795.5995574,[{'idp': 112, 'x': 6.802, 'y': 1.839, 'r': 0.4, 'type': 1}, {'idp': 113, 'x': 2.425, 'y': -1.644, 'r': 0.4, 'type': 1}]
23943,1398693795.6376793,[{'idp': 112, 'x': 6.774, 'y': 1.832, 'r': 0.4, 'type': 1}, {'idp': 113, 'x': 2.425, 'y': -1.674, 'r': 0.4, 'type': 1}]
23944,1398693795.6778612,[{'idp': 112, 'x': 6.76, 'y': 1.781, 'r': 0.4, 'type': 1}, {'idp': 113, 'x': 2.432, 'y': -1.711, 'r': 0.4, 'type': 1}]
23945,1398693795.7176957,[{'idp': 112, 'x': 6.744, 'y': 1.808, 'r': 0.4, 'type': 1}, {'idp': 113, 'x': 2.421, 'y': -1.736, 'r': 0.4, 'type': 1}]
23946,1398693795.7177312,[{'idp': 112, 'x': 6.73, 'y': 1.82, 'r': 0.4, 'type': 1}, {'idp': 113, 'x': 2.405, 'y': -1.741, 'r': 0.4, 'type': 1}]
23947,1398693795.7577026,[{'idp': 112, 'x': 6.714, 'y': 1.8, 'r': 0.4, 'type': 1}, {'idp': 113, 'x': 2.403, 'y': -1.796, 'r': 0.4, 'type': 1}]
23948,1398693795.757735,[{'idp': 112, 'x': 6.709, 'y': 1.783, 'r': 0.4, 'type': 1}, {'idp': 113, 'x': 2.435, 'y': -1.895, 'r': 0.4, 'type': 1}]
23949,1398693795.7976637,[{'idp': 112, 'x': 6.707, 'y': 1.782, 'r': 0.4, 'type': 1}, {'idp': 113, 'x': 2.446, 'y': -1.955, 'r': 0.4, 'type': 1}]
23950,1398693795.7995555,[{'idp': 112, 'x': 6.687, 'y': 1.84, 'r': 0.4, 'type': 1}, {'idp': 113, 'x': 2.465, 'y': -2.014, 'r': 0.4, 'type': 1}]
23951,1398693795.8376343,[{'idp': 112, 'x': 6.673, 'y': 1.836, 'r': 0.4, 'type': 1}, {'idp': 113, 'x': 2.484, 'y': -2.066, 'r': 0.4, 'type': 1}]
23952,1398693795.8777282,[{'idp': 112, 'x': 6.673, 'y': 1.852, 'r': 0.4, 'type': 1}, {'idp': 113, 'x': 2.503, 'y': -2.128, 'r': 0.4, 'type': 1}]
23953,1398693795.8777542,[{'idp': 112, 'x': 6.637, 'y': 1.826, 'r': 0.4, 'type': 1}, {'idp': 113, 'x': 2.503, 'y': -2.128, 'r': 0.4, 'type': 1}]
23954,1398693795.917711,[{'idp': 112, 'x': 6.634, 'y': 1.825, 'r': 0.4, 'type': 1}, {'idp': 113, 'x': 2.503, 'y': -2.128, 'r': 0.4, 'type': 1}]
23955,1398693795.9240131,[{'idp': 112, 'x': 6.638, 'y': 1.858, 'r': 0.4, 'type': 1}, {'idp': 113, 'x': 2.503, 'y': -2.128, 'r': 0.4, 'type': 1}]
23956,1398693795.961678,[{'idp': 112, 'x': 6.622, 'y': 1.853, 'r': 0.4, 'type': 1}, {'idp': 113, 'x': 2.503, 'y': -2.128, 'r': 0.4, 'type': 1}]
23957,1398693796.0016673,[{'idp': 112, 'x': 6.607, 'y': 1.834, 'r': 0.4, 'type': 1}, {'idp': 113, 'x': 2.503, 'y': -2.128, 'r': 0.4, 'type': 1}]
23958,1398693796.0016956,[{'idp': 112, 'x': 6.585, 'y': 1.797, 'r': 0.4, 'type': 1}, {'idp': 113, 'x': 2.503, 'y': -2.128, 'r': 0.4, 'type': 1}]
23959,1398693796.0417378,[{'idp': 112, 'x': 6.585, 'y': 1.843, 'r': 0.4, 'type': 1}, {'idp': 113, 'x': 2.503, 'y': -2.128, 'r': 0.4, 'type': 1}]
23960,1398693796.0486505,[{'idp': 112, 'x': 6.568, 'y': 1.838, 'r': 0.4, 'type': 1}, {'idp': 113, 'x': 2.503, 'y': -2.128, 'r': 0.4, 'type': 1}]
23961,1398693796.0857675,[{'idp': 112, 'x': 6.553, 'y': 1.834, 'r': 0.4, 'type': 1}, {'idp': 113, 'x': 2.503, 'y': -2.128, 'r': 0.4, 'type': 1}]
23962,1398693796.1256998,[{'idp': 112, 'x': 6.542, 'y': 1.846, 'r': 0.4, 'type': 1}]
23963,1398693796.165606,[{'idp': 112, 'x': 6.536, 'y': 1.86, 'r': 0.4, 'type': 1}]
23964,1398693796.165626,[{'idp': 112, 'x': 6.509, 'y': 1.852, 'r': 0.4, 'type': 1}]
23965,1398693796.2057292,[{'idp': 112, 'x': 6.511, 'y': 1.853, 'r': 0.4, 'type': 1}]
23966,1398693796.2057598,[{'idp': 112, 'x': 6.471, 'y': 1.842, 'r': 0.4, 'type': 1}]
23967,1398693796.2457016,[{'idp': 112, 'x': 6.487, 'y': 1.846, 'r': 0.4, 'type': 1}]
23968,1398693796.2485821,[{'idp': 112, 'x': 6.466, 'y': 1.855, 'r': 0.4, 'type': 1}]
23969,1398693796.2856865,[{'idp': 112, 'x': 6.467, 'y': 1.856, 'r': 0.4, 'type': 1}]
23970,1398693796.3256545,[{'idp': 112, 'x': 6.446, 'y': 1.865, 'r': 0.4, 'type': 1}]
23971,1398693796.3256865,[{'idp': 112, 'x': 6.446, 'y': 1.834, 'r': 0.4, 'type': 1}]
23972,1398693796.3657274,[{'idp': 112, 'x': 6.425, 'y': 1.844, 'r': 0.4, 'type': 1}]
23973,1398693796.373,[{'idp': 112, 'x': 6.43, 'y': 1.845, 'r': 0.4, 'type': 1}]
23974,1398693796.409742,[{'idp': 112, 'x': 6.421, 'y': 1.858, 'r': 0.4, 'type': 1}]
23975,1398693796.4496858,[{'idp': 112, 'x': 6.386, 'y': 1.847, 'r': 0.4, 'type': 1}]
23976,1398693796.4497166,[{'idp': 112, 'x': 6.393, 'y': 1.88, 'r': 0.4, 'type': 1}]
23977,1398693796.48965,[{'idp': 112, 'x': 6.387, 'y': 1.863, 'r': 0.4, 'type': 1}]
23978,1398693796.4983346,[{'idp': 112, 'x': 6.361, 'y': 1.855, 'r': 0.4, 'type': 1}]
23979,1398693796.5376768,[{'idp': 112, 'x': 6.353, 'y': 1.853, 'r': 0.4, 'type': 1}]
23980,1398693796.5777004,[{'idp': 112, 'x': 6.333, 'y': 1.847, 'r': 0.4, 'type': 1}]
23981,1398693796.5777233,[{'idp': 112, 'x': 6.332, 'y': 1.847, 'r': 0.4, 'type': 1}]
23982,1398693796.617699,[{'idp': 112, 'x': 6.321, 'y': 1.844, 'r': 0.4, 'type': 1}]
23983,1398693796.6230125,[{'idp': 112, 'x': 6.302, 'y': 1.838, 'r': 0.4, 'type': 1}]
23984,1398693796.6616812,[{'idp': 112, 'x': 6.283, 'y': 1.818, 'r': 0.4, 'type': 1}]
23985,1398693796.7016523,[{'idp': 112, 'x': 6.276, 'y': 1.83, 'r': 0.4, 'type': 1}]
23986,1398693796.7016854,[{'idp': 112, 'x': 6.27, 'y': 1.829, 'r': 0.4, 'type': 1}]
23987,1398693796.7417223,[{'idp': 112, 'x': 6.25, 'y': 1.838, 'r': 0.4, 'type': 1}]
23988,1398693796.7471447,[{'idp': 112, 'x': 6.239, 'y': 1.82, 'r': 0.4, 'type': 1}]
23989,1398693796.785677,[{'idp': 112, 'x': 6.223, 'y': 1.815, 'r': 0.4, 'type': 1}]
23990,1398693796.825697,[{'idp': 112, 'x': 6.214, 'y': 1.856, 'r': 0.4, 'type': 1}]
23991,1398693796.825728,[{'idp': 112, 'x': 6.184, 'y': 1.833, 'r': 0.4, 'type': 1}]
23992,1398693796.8657463,[{'idp': 112, 'x': 6.176, 'y': 1.846, 'r': 0.4, 'type': 1}]
23993,1398693796.8710299,[{'idp': 112, 'x': 6.163, 'y': 1.856, 'r': 0.4, 'type': 1}]
23994,1398693796.9096537,[{'idp': 112, 'x': 6.155, 'y': 1.84, 'r': 0.4, 'type': 1}]
23995,1398693796.9496918,[{'idp': 112, 'x': 6.155, 'y': 1.824, 'r': 0.4, 'type': 1}]
23996,1398693796.9497266,[{'idp': 112, 'x': 6.143, 'y': 1.821, 'r': 0.4, 'type': 1}]
23997,1398693796.9897354,[{'idp': 112, 'x': 6.143, 'y': 1.835, 'r': 0.4, 'type': 1}]
23998,1398693796.996022,[{'idp': 112, 'x': 6.111, 'y': 1.84, 'r': 0.4, 'type': 1}]
23999,1398693797.0338135,[{'idp': 112, 'x': 6.122, 'y': 1.858, 'r': 0.4, 'type': 1}]
24000,1398693797.0736961,[{'idp': 112, 'x': 6.08, 'y': 1.846, 'r': 0.4, 'type': 1}]
24001,1398693797.0737312,[{'idp': 112, 'x': 6.088, 'y': 1.848, 'r': 0.4, 'type': 1}]
24002,1398693797.113671,[{'idp': 112, 'x': 6.063, 'y': 1.797, 'r': 0.4, 'type': 1}]
24003,1398693797.1203763,[{'idp': 112, 'x': 6.081, 'y': 1.846, 'r': 0.4, 'type': 1}]
24004,1398693797.1576579,[{'idp': 112, 'x': 6.048, 'y': 1.807, 'r': 0.4, 'type': 1}]
24005,1398693797.1976526,[{'idp': 112, 'x': 6.053, 'y': 1.837, 'r': 0.4, 'type': 1}]
24006,1398693797.1976821,[{'idp': 112, 'x': 6.02, 'y': 1.842, 'r': 0.4, 'type': 1}]
24007,1398693797.2377234,[{'idp': 112, 'x': 6.009, 'y': 1.838, 'r': 0.4, 'type': 1}]
24008,1398693797.2454388,[{'idp': 112, 'x': 6.011, 'y': 1.81, 'r': 0.4, 'type': 1}]
24009,1398693797.2816727,[{'idp': 112, 'x': 6.005, 'y': 1.823, 'r': 0.4, 'type': 1}]
24010,1398693797.3238966,[{'idp': 112, 'x': 5.983, 'y': 1.831, 'r': 0.4, 'type': 1}]
24011,1398693797.3239243,[{'idp': 112, 'x': 5.984, 'y': 1.859, 'r': 0.4, 'type': 1}]
24012,1398693797.3616862,[{'idp': 112, 'x': 5.964, 'y': 1.853, 'r': 0.4, 'type': 1}]
24013,1398693797.3706415,[{'idp': 112, 'x': 5.95, 'y': 1.863, 'r': 0.4, 'type': 1}]
24014,1398693797.40966,[{'idp': 112, 'x': 5.95, 'y': 1.863, 'r': 0.4, 'type': 1}]
24015,1398693797.449738,[{'idp': 112, 'x': 5.925, 'y': 1.855, 'r': 0.4, 'type': 1}]
24016,1398693797.449767,[{'idp': 112, 'x': 5.915, 'y': 1.866, 'r': 0.4, 'type': 1}]
24017,1398693797.4898057,[{'idp': 112, 'x': 5.925, 'y': 1.869, 'r': 0.4, 'type': 1}]
24018,1398693797.4940407,[{'idp': 112, 'x': 5.884, 'y': 1.857, 'r': 0.4, 'type': 1}]
24019,1398693797.5338118,[{'idp': 112, 'x': 5.885, 'y': 1.857, 'r': 0.4, 'type': 1}]
24020,1398693797.573661,[{'idp': 112, 'x': 5.861, 'y': 1.849, 'r': 0.4, 'type': 1}]
24021,1398693797.573691,[{'idp': 112, 'x': 5.851, 'y': 1.86, 'r': 0.4, 'type': 1}]
24022,1398693797.6137128,[{'idp': 112, 'x': 5.844, 'y': 1.872, 'r': 0.4, 'type': 1}]
24023,1398693797.6190138,[{'idp': 112, 'x': 5.829, 'y': 1.867, 'r': 0.4, 'type': 1}]
24024,1398693797.6576812,[{'idp': 112, 'x': 5.817, 'y': 1.863, 'r': 0.4, 'type': 1}]
24025,1398693797.6978166,[{'idp': 112, 'x': 5.809, 'y': 1.847, 'r': 0.4, 'type': 1}]
24026,1398693797.6978555,[{'idp': 112, 'x': 5.786, 'y': 1.825, 'r': 0.4, 'type': 1}]
24027,1398693797.7378159,[{'idp': 112, 'x': 5.799, 'y': 1.843, 'r': 0.4, 'type': 1}]
24028,1398693797.7438939,[{'idp': 112, 'x': 5.764, 'y': 1.833, 'r': 0.4, 'type': 1}]
24029,1398693797.7816937,[{'idp': 112, 'x': 5.763, 'y': 1.86, 'r': 0.4, 'type': 1}]
24030,1398693797.8216918,[{'idp': 112, 'x': 5.743, 'y': 1.84, 'r': 0.4, 'type': 1}]
24031,1398693797.821723,[{'idp': 112, 'x': 5.743, 'y': 1.84, 'r': 0.4, 'type': 1}]
24032,1398693797.861681,[{'idp': 112, 'x': 5.738, 'y': 1.838, 'r': 0.4, 'type': 1}]
24033,1398693797.8683603,[{'idp': 112, 'x': 5.712, 'y': 1.829, 'r': 0.4, 'type': 1}]
24034,1398693797.90575,[{'idp': 112, 'x': 5.706, 'y': 1.828, 'r': 0.4, 'type': 1}]
24035,1398693797.945705,[{'idp': 112, 'x': 5.681, 'y': 1.82, 'r': 0.4, 'type': 1}]
24036,1398693797.9457362,[{'idp': 112, 'x': 5.683, 'y': 1.834, 'r': 0.4, 'type': 1}]
24037,1398693797.9856863,[{'idp': 112, 'x': 5.666, 'y': 1.828, 'r': 0.4, 'type': 1}]
24038,1398693797.9923425,[{'idp': 112, 'x': 5.655, 'y': 1.825, 'r': 0.4, 'type': 1}]
24039,1398693798.0298042,[{'idp': 112, 'x': 5.644, 'y': 1.822, 'r': 0.4, 'type': 1}]
24040,1398693798.069648,[{'idp': 112, 'x': 5.63, 'y': 1.804, 'r': 0.4, 'type': 1}]
24041,1398693798.0696766,[{'idp': 112, 'x': 5.63, 'y': 1.831, 'r': 0.4, 'type': 1}]
24042,1398693798.1096084,[{'idp': 112, 'x': 5.605, 'y': 1.836, 'r': 0.4, 'type': 1}]
24043,1398693798.117154,[{'idp': 112, 'x': 5.601, 'y': 1.849, 'r': 0.4, 'type': 1}]
24044,1398693798.1536958,[{'idp': 112, 'x': 5.59, 'y': 1.845, 'r': 0.4, 'type': 1}]
24045,1398693798.1936436,[{'idp': 112, 'x': 5.582, 'y': 1.842, 'r': 0.4, 'type': 1}]
24046,1398693798.1936762,[{'idp': 112, 'x': 5.57, 'y': 1.852, 'r': 0.4, 'type': 1}]
24047,1398693798.2336893,[{'idp': 112, 'x': 5.551, 'y': 1.832, 'r': 0.4, 'type': 1}]
24048,1398693798.242038,[{'idp': 112, 'x': 5.544, 'y': 1.83, 'r': 0.4, 'type': 1}]
24049,1398693798.2816944,[{'idp': 112, 'x': 5.52, 'y': 1.821, 'r': 0.4, 'type': 1}]
24050,1398693798.3216867,[{'idp': 112, 'x': 5.514, 'y': 1.833, 'r': 0.4, 'type': 1}]
24051,1398693798.321717,[{'idp': 112, 'x': 5.506, 'y': 1.844, 'r': 0.4, 'type': 1}]
24052,1398693798.361768,[{'idp': 112, 'x': 5.502, 'y': 1.816, 'r': 0.4, 'type': 1}]
24053,1398693798.3671057,[{'idp': 112, 'x': 5.488, 'y': 1.824, 'r': 0.4, 'type': 1}]
24054,1398693798.4058304,[{'idp': 112, 'x': 5.485, 'y': 1.837, 'r': 0.4, 'type': 1}]
24055,1398693798.4456873,[{'idp': 112, 'x': 5.47, 'y': 1.845, 'r': 0.4, 'type': 1}]
24056,1398693798.4457185,[{'idp': 112, 'x': 5.461, 'y': 1.802, 'r': 0.4, 'type': 1}]
24057,1398693798.4857123,[{'idp': 112, 'x': 5.44, 'y': 1.795, 'r': 0.4, 'type': 1}]
24058,1398693798.4910135,[{'idp': 112, 'x': 5.424, 'y': 1.817, 'r': 0.4, 'type': 1}]
24059,1398693798.5298162,[{'idp': 112, 'x': 5.437, 'y': 1.834, 'r': 0.4, 'type': 1}]
24060,1398693798.5696697,[{'idp': 112, 'x': 5.401, 'y': 1.809, 'r': 0.4, 'type': 1}]
24061,1398693798.5696802,[{'idp': 112, 'x': 5.396, 'y': 1.847, 'r': 0.4, 'type': 1}]
24062,1398693798.609682,[{'idp': 112, 'x': 5.375, 'y': 1.8, 'r': 0.4, 'type': 1}]
24063,1398693798.6156504,[{'idp': 112, 'x': 5.37, 'y': 1.824, 'r': 0.4, 'type': 1}]
24064,1398693798.653733,[{'idp': 112, 'x': 5.356, 'y': 1.82, 'r': 0.4, 'type': 1}]
24065,1398693798.6936822,[{'idp': 112, 'x': 5.338, 'y': 1.813, 'r': 0.4, 'type': 1}]
24066,1398693798.6937122,[{'idp': 112, 'x': 5.343, 'y': 1.802, 'r': 0.4, 'type': 1}]
24067,1398693798.7336721,[{'idp': 112, 'x': 5.33, 'y': 1.824, 'r': 0.4, 'type': 1}]
24068,1398693798.739886,[{'idp': 112, 'x': 5.324, 'y': 1.834, 'r': 0.4, 'type': 1}]
24069,1398693798.7777288,[{'idp': 112, 'x': 5.288, 'y': 1.797, 'r': 0.4, 'type': 1}]
24070,1398693798.8177447,[{'idp': 112, 'x': 5.295, 'y': 1.838, 'r': 0.4, 'type': 1}]
24071,1398693798.8177817,[{'idp': 112, 'x': 5.29, 'y': 1.823, 'r': 0.4, 'type': 1}]
24072,1398693798.8577378,[{'idp': 112, 'x': 5.279, 'y': 1.832, 'r': 0.4, 'type': 1}]
24073,1398693798.8648927,[{'idp': 112, 'x': 5.264, 'y': 1.84, 'r': 0.4, 'type': 1}]
24074,1398693798.9017136,[{'idp': 112, 'x': 5.262, 'y': 1.852, 'r': 0.4, 'type': 1}]
24075,1398693798.9417217,[{'idp': 112, 'x': 5.231, 'y': 1.841, 'r': 0.4, 'type': 1}]
24076,1398693798.9417527,[{'idp': 112, 'x': 5.224, 'y': 1.838, 'r': 0.4, 'type': 1}]
24077,1398693798.9817154,[{'idp': 112, 'x': 5.207, 'y': 1.858, 'r': 0.4, 'type': 1}]
24078,1398693798.9895997,[{'idp': 112, 'x': 5.2, 'y': 1.83, 'r': 0.4, 'type': 1}]
24079,1398693799.025666,[{'idp': 112, 'x': 5.209, 'y': 1.833, 'r': 0.4, 'type': 1}]
24080,1398693799.0656414,[{'idp': 112, 'x': 5.195, 'y': 1.828, 'r': 0.4, 'type': 1}]
24081,1398693799.0656695,[{'idp': 112, 'x': 5.177, 'y': 1.848, 'r': 0.4, 'type': 1}]
24082,1398693799.1056945,[{'idp': 112, 'x': 5.14, 'y': 1.834, 'r': 0.4, 'type': 1}]
24083,1398693799.1139627,[{'idp': 112, 'x': 5.138, 'y': 1.846, 'r': 0.4, 'type': 1}]
24084,1398693799.1537144,[{'idp': 112, 'x': 5.121, 'y': 1.84, 'r': 0.4, 'type': 1}]
24085,1398693799.1937077,[{'idp': 112, 'x': 5.11, 'y': 1.836, 'r': 0.4, 'type': 1}]
24086,1398693799.1937363,[{'idp': 112, 'x': 5.096, 'y': 1.831, 'r': 0.4, 'type': 1}]
24087,1398693799.23371,[{'idp': 112, 'x': 5.101, 'y': 1.833, 'r': 0.4, 'type': 1}]
24088,1398693799.2385998,[{'idp': 112, 'x': 5.078, 'y': 1.825, 'r': 0.4, 'type': 1}]
24089,1398693799.277772,[{'idp': 112, 'x': 5.068, 'y': 1.821, 'r': 0.4, 'type': 1}]
24090,1398693799.3176985,[{'idp': 112, 'x': 5.062, 'y': 1.831, 'r': 0.4, 'type': 1}]
24091,1398693799.3177192,[{'idp': 112, 'x': 5.048, 'y': 1.826, 'r': 0.4, 'type': 1}]
24092,1398693799.3577256,[{'idp': 112, 'x': 5.034, 'y': 1.821, 'r': 0.4, 'type': 1}]
24093,1398693799.3633955,[{'idp': 112, 'x': 5.018, 'y': 1.84, 'r': 0.4, 'type': 1}]
24094,1398693799.4017117,[{'idp': 112, 'x': 5.008, 'y': 1.812, 'r': 0.4, 'type': 1}]
24095,1398693799.4416933,[{'idp': 112, 'x': 5.008, 'y': 1.824, 'r': 0.4, 'type': 1}]
24096,1398693799.4417262,[{'idp': 112, 'x': 4.995, 'y': 1.819, 'r': 0.4, 'type': 1}]
24097,1398693799.4818263,[{'idp': 112, 'x': 4.972, 'y': 1.823, 'r': 0.4, 'type': 1}]
24098,1398693799.4880087,[{'idp': 112, 'x': 4.957, 'y': 1.818, 'r': 0.4, 'type': 1}]
24099,1398693799.5256827,[{'idp': 112, 'x': 4.946, 'y': 1.826, 'r': 0.4, 'type': 1}]
24100,1398693799.5656688,[{'idp': 112, 'x': 4.922, 'y': 1.841, 'r': 0.4, 'type': 1}]
24101,1398693799.5656981,[{'idp': 112, 'x': 4.93, 'y': 1.894, 'r': 0.4, 'type': 1}]
24102,1398693799.6057203,[{'idp': 112, 'x': 4.905, 'y': 1.872, 'r': 0.4, 'type': 1}]
24103,1398693799.6127768,[{'idp': 112, 'x': 4.908, 'y': 1.861, 'r': 0.4, 'type': 1}]
24104,1398693799.6497273,[{'idp': 112, 'x': 4.91, 'y': 1.837, 'r': 0.4, 'type': 1}]
24105,1398693799.689817,[{'idp': 112, 'x': 4.869, 'y': 1.822, 'r': 0.4, 'type': 1}]
24106,1398693799.6898267,[{'idp': 112, 'x': 4.858, 'y': 1.854, 'r': 0.4, 'type': 1}]
24107,1398693799.7297404,[{'idp': 112, 'x': 4.836, 'y': 1.858, 'r': 0.4, 'type': 1}]
24108,1398693799.7375062,[{'idp': 112, 'x': 4.829, 'y': 1.867, 'r': 0.4, 'type': 1}]
24109,1398693799.7736745,[{'idp': 112, 'x': 4.813, 'y': 1.849, 'r': 0.4, 'type': 1}]
24110,1398693799.8136935,[{'idp': 112, 'x': 4.814, 'y': 1.873, 'r': 0.4, 'type': 1}]
24111,1398693799.8137162,[{'idp': 112, 'x': 4.794, 'y': 1.854, 'r': 0.4, 'type': 1}]
24112,1398693799.8537476,[{'idp': 112, 'x': 4.787, 'y': 1.863, 'r': 0.4, 'type': 1}]
24113,1398693799.862747,[{'idp': 112, 'x': 4.778, 'y': 1.872, 'r': 0.4, 'type': 1}]
24114,1398693799.9016607,[{'idp': 112, 'x': 4.762, 'y': 1.877, 'r': 0.4, 'type': 1}]
24115,1398693799.9416964,[{'idp': 112, 'x': 4.751, 'y': 1.861, 'r': 0.4, 'type': 1}]
24116,1398693799.9417262,[{'idp': 112, 'x': 4.741, 'y': 1.881, 'r': 0.4, 'type': 1}]
24117,1398693799.9816885,[{'idp': 112, 'x': 4.732, 'y': 1.865, 'r': 0.4, 'type': 1}]
24118,1398693799.9867368,[{'idp': 112, 'x': 4.727, 'y': 1.875, 'r': 0.4, 'type': 1}]
24119,1398693800.0256493,[{'idp': 112, 'x': 4.699, 'y': 1.876, 'r': 0.4, 'type': 1}]
24120,1398693800.0656765,[{'idp': 112, 'x': 4.695, 'y': 1.887, 'r': 0.4, 'type': 1}]
24121,1398693800.0657055,[{'idp': 112, 'x': 4.678, 'y': 1.891, 'r': 0.4, 'type': 1}]
24122,1398693800.1057146,[{'idp': 112, 'x': 4.661, 'y': 1.885, 'r': 0.4, 'type': 1}]
24123,1398693800.1115117,[{'idp': 112, 'x': 4.659, 'y': 1.872, 'r': 0.4, 'type': 1}]
24124,1398693800.1496415,[{'idp': 112, 'x': 4.643, 'y': 1.877, 'r': 0.4, 'type': 1}]
24125,1398693800.189705,[{'idp': 112, 'x': 4.628, 'y': 1.883, 'r': 0.4, 'type': 1}]
24126,1398693800.1897368,[{'idp': 112, 'x': 4.612, 'y': 1.9, 'r': 0.4, 'type': 1}]
24127,1398693800.2297428,[{'idp': 112, 'x': 4.6, 'y': 1.93, 'r': 0.4, 'type': 1}]
24128,1398693800.2363393,[{'idp': 112, 'x': 4.588, 'y': 1.913, 'r': 0.4, 'type': 1}]
24129,1398693800.2737298,[{'idp': 112, 'x': 4.58, 'y': 1.91, 'r': 0.4, 'type': 1}]
24130,1398693800.313663,[{'idp': 112, 'x': 4.576, 'y': 1.897, 'r': 0.4, 'type': 1}]
24131,1398693800.3136897,[{'idp': 112, 'x': 4.569, 'y': 1.882, 'r': 0.4, 'type': 1}]
24132,1398693800.3538349,[{'idp': 112, 'x': 4.566, 'y': 1.893, 'r': 0.4, 'type': 1}]
24133,1398693800.3607435,[{'idp': 112, 'x': 4.544, 'y': 1.907, 'r': 0.4, 'type': 1}]
24134,1398693800.3976984,[{'idp': 112, 'x': 4.521, 'y': 1.909, 'r': 0.4, 'type': 1}]
24135,1398693800.4377594,[{'idp': 112, 'x': 4.52, 'y': 1.909, 'r': 0.4, 'type': 1}]
24136,1398693800.4378762,[{'idp': 112, 'x': 4.508, 'y': 1.88, 'r': 0.4, 'type': 1}]
24137,1398693800.477674,[{'idp': 112, 'x': 4.499, 'y': 1.888, 'r': 0.4, 'type': 1}]
24138,1398693800.4858744,[{'idp': 112, 'x': 4.479, 'y': 1.88, 'r': 0.4, 'type': 1}]
24139,1398693800.5257347,[{'idp': 112, 'x': 4.469, 'y': 1.887, 'r': 0.4, 'type': 1}]
24140,1398693800.5656714,[{'idp': 112, 'x': 4.476, 'y': 1.913, 'r': 0.4, 'type': 1}]
24141,1398693800.5656986,[{'idp': 112, 'x': 4.44, 'y': 1.898, 'r': 0.4, 'type': 1}]
24142,1398693800.6057436,[{'idp': 112, 'x': 4.425, 'y': 1.902, 'r': 0.4, 'type': 1}]
24143,1398693800.6113603,[{'idp': 112, 'x': 4.418, 'y': 1.911, 'r': 0.4, 'type': 1}]
24144,1398693800.649823,[{'idp': 112, 'x': 4.414, 'y': 1.898, 'r': 0.4, 'type': 1}]
24145,1398693800.6897218,[{'idp': 112, 'x': 4.395, 'y': 1.878, 'r': 0.4, 'type': 1}]
24146,1398693800.6897736,[{'idp': 112, 'x': 4.399, 'y': 1.88, 'r': 0.4, 'type': 1}]
24147,1398693800.7297354,[{'idp': 112, 'x': 4.381, 'y': 1.906, 'r': 0.4, 'type': 1}]
24148,1398693800.735998,[{'idp': 112, 'x': 4.367, 'y': 1.912, 'r': 0.4, 'type': 1}]
24149,1398693800.773693,[{'idp': 112, 'x': 4.372, 'y': 1.902, 'r': 0.4, 'type': 1}]
24150,1398693800.813805,[{'idp': 112, 'x': 4.35, 'y': 1.893, 'r': 0.4, 'type': 1}]
24151,1398693800.8139668,[{'idp': 112, 'x': 4.331, 'y': 1.885, 'r': 0.4, 'type': 1}]
24152,1398693800.8537836,[{'idp': 112, 'x': 4.318, 'y': 1.901, 'r': 0.4, 'type': 1}]
24153,1398693800.8606076,[{'idp': 112, 'x': 4.31, 'y': 1.909, 'r': 0.4, 'type': 1}]
24154,1398693800.8976572,[{'idp': 112, 'x': 4.302, 'y': 1.894, 'r': 0.4, 'type': 1}]
24155,1398693800.9377258,[{'idp': 112, 'x': 4.291, 'y': 1.889, 'r': 0.4, 'type': 1}]
24156,1398693800.9378424,[{'idp': 112, 'x': 4.28, 'y': 1.896, 'r': 0.4, 'type': 1}]
24157,1398693800.9777029,[{'idp': 112, 'x': 4.263, 'y': 1.899, 'r': 0.4, 'type': 1}]
24158,1398693800.985483,[{'idp': 112, 'x': 4.248, 'y': 1.904, 'r': 0.4, 'type': 1}]
24159,1398693801.021733,[{'idp': 112, 'x': 4.236, 'y': 1.909, 'r': 0.4, 'type': 1}]
24160,1398693801.061752,[{'idp': 112, 'x': 4.221, 'y': 1.914, 'r': 0.4, 'type': 1}]
24161,1398693801.0618296,[{'idp': 112, 'x': 4.214, 'y': 1.911, 'r': 0.4, 'type': 1}]
24162,1398693801.1017342,[{'idp': 112, 'x': 4.195, 'y': 1.88, 'r': 0.4, 'type': 1}]
24163,1398693801.1103992,[{'idp': 112, 'x': 4.198, 'y': 1.871, 'r': 0.4, 'type': 1}]
24164,1398693801.1497955,[{'idp': 112, 'x': 4.192, 'y': 1.89, 'r': 0.4, 'type': 1}]
24165,1398693801.1897418,[{'idp': 112, 'x': 4.157, 'y': 1.896, 'r': 0.4, 'type': 1}]
24166,1398693801.1899183,[{'idp': 112, 'x': 4.14, 'y': 1.899, 'r': 0.4, 'type': 1}]
24167,1398693801.2297668,[{'idp': 112, 'x': 4.13, 'y': 1.895, 'r': 0.4, 'type': 1}]
24168,1398693801.2352085,[{'idp': 112, 'x': 4.128, 'y': 1.894, 'r': 0.4, 'type': 1}]
24169,1398693801.2737424,[{'idp': 112, 'x': 4.125, 'y': 1.914, 'r': 0.4, 'type': 1}]
24170,1398693801.3137367,[{'idp': 112, 'x': 4.115, 'y': 1.909, 'r': 0.4, 'type': 1}]
24171,1398693801.3137608,[{'idp': 112, 'x': 4.096, 'y': 1.901, 'r': 0.4, 'type': 1}]
24172,1398693801.3537738,[{'idp': 112, 'x': 4.086, 'y': 1.907, 'r': 0.4, 'type': 1}]
24173,1398693801.3600984,[{'idp': 112, 'x': 4.081, 'y': 1.915, 'r': 0.4, 'type': 1}]
24174,1398693801.3976984,[{'idp': 112, 'x': 4.067, 'y': 1.931, 'r': 0.4, 'type': 1}]
24175,1398693801.4377742,[{'idp': 112, 'x': 4.051, 'y': 1.923, 'r': 0.4, 'type': 1}]
24176,1398693801.4380097,[{'idp': 112, 'x': 4.029, 'y': 1.913, 'r': 0.4, 'type': 1}]
24177,1398693801.4778495,[{'idp': 112, 'x': 4.03, 'y': 1.913, 'r': 0.4, 'type': 1}]
24178,1398693801.4845746,[{'idp': 112, 'x': 4.008, 'y': 1.903, 'r': 0.4, 'type': 1}]
24179,1398693801.5217884,[{'idp': 112, 'x': 4.001, 'y': 1.899, 'r': 0.4, 'type': 1}]
24180,1398693801.5616856,[{'idp': 112, 'x': 3.994, 'y': 1.896, 'r': 0.4, 'type': 1}]
24181,1398693801.561803,[{'idp': 112, 'x': 3.983, 'y': 1.89, 'r': 0.4, 'type': 1}]
24182,1398693801.6016843,[{'idp': 112, 'x': 3.987, 'y': 1.882, 'r': 0.4, 'type': 1}]
24183,1398693801.60955,[{'idp': 112, 'x': 3.961, 'y': 1.902, 'r': 0.4, 'type': 1}]
24184,1398693801.6457515,[{'idp': 112, 'x': 3.945, 'y': 1.915, 'r': 0.4, 'type': 1}]
24185,1398693801.685666,[{'idp': 112, 'x': 3.925, 'y': 1.926, 'r': 0.4, 'type': 1}]
24186,1398693801.6856985,[{'idp': 112, 'x': 3.909, 'y': 1.94, 'r': 0.4, 'type': 1}]
24187,1398693801.7257557,[{'idp': 112, 'x': 3.903, 'y': 1.937, 'r': 0.4, 'type': 1}]
24188,1398693801.7340152,[{'idp': 112, 'x': 3.902, 'y': 1.937, 'r': 0.4, 'type': 1}]
24189,1398693801.773751,[{'idp': 112, 'x': 3.878, 'y': 1.925, 'r': 0.4, 'type': 1}]
24190,1398693801.8137202,[{'idp': 112, 'x': 3.87, 'y': 1.92, 'r': 0.4, 'type': 1}]
24191,1398693801.813809,[{'idp': 112, 'x': 3.866, 'y': 1.919, 'r': 0.4, 'type': 1}]
24192,1398693801.8537798,[{'idp': 112, 'x': 3.845, 'y': 1.908, 'r': 0.4, 'type': 1}]
24193,1398693801.858618,[{'idp': 112, 'x': 3.813, 'y': 1.944, 'r': 0.4, 'type': 1}]
24194,1398693801.8977513,[{'idp': 112, 'x': 3.814, 'y': 1.977, 'r': 0.4, 'type': 1}]
24195,1398693801.937777,[{'idp': 112, 'x': 3.8, 'y': 1.98, 'r': 0.4, 'type': 1}]
24196,1398693801.9378235,[{'idp': 112, 'x': 3.782, 'y': 1.97, 'r': 0.4, 'type': 1}]
24197,1398693801.9777508,[{'idp': 112, 'x': 3.772, 'y': 1.965, 'r': 0.4, 'type': 1}]
24198,1398693801.983651,[{'idp': 112, 'x': 3.766, 'y': 1.962, 'r': 0.4, 'type': 1}]
24199,1398693802.0217712,[{'idp': 112, 'x': 3.75, 'y': 1.954, 'r': 0.4, 'type': 1}]
24200,1398693802.0616746,[{'idp': 112, 'x': 3.741, 'y': 1.959, 'r': 0.4, 'type': 1}]
24201,1398693802.0617135,[{'idp': 112, 'x': 3.725, 'y': 1.972, 'r': 0.4, 'type': 1}]
24202,1398693802.1017418,[{'idp': 112, 'x': 3.706, 'y': 1.962, 'r': 0.4, 'type': 1}]
24203,1398693802.1080089,[{'idp': 112, 'x': 3.693, 'y': 1.955, 'r': 0.4, 'type': 1}]
24204,1398693802.1457613,[{'idp': 112, 'x': 3.686, 'y': 1.951, 'r': 0.4, 'type': 1}]
24205,1398693802.1857169,[{'idp': 112, 'x': 3.697, 'y': 1.956, 'r': 0.4, 'type': 1}]
24206,1398693802.1857424,[{'idp': 112, 'x': 3.674, 'y': 1.944, 'r': 0.4, 'type': 1}]
24207,1398693802.2257633,[{'idp': 112, 'x': 3.659, 'y': 1.937, 'r': 0.4, 'type': 1}]
24208,1398693802.2322805,[{'idp': 112, 'x': 3.64, 'y': 1.968, 'r': 0.4, 'type': 1}]
24209,1398693802.269697,[{'idp': 112, 'x': 3.622, 'y': 1.978, 'r': 0.4, 'type': 1}]
24210,1398693802.309658,[{'idp': 112, 'x': 3.612, 'y': 1.983, 'r': 0.4, 'type': 1}]
24211,1398693802.3096893,[{'idp': 112, 'x': 3.613, 'y': 1.973, 'r': 0.4, 'type': 1}]
24212,1398693802.3497446,[{'idp': 112, 'x': 3.601, 'y': 1.967, 'r': 0.4, 'type': 1}]
24213,1398693802.3583472,[{'idp': 112, 'x': 3.594, 'y': 1.973, 'r': 0.4, 'type': 1}]
24214,1398693802.3977075,[{'idp': 112, 'x': 3.574, 'y': 1.962, 'r': 0.4, 'type': 1}]
24215,1398693802.4377506,[{'idp': 112, 'x': 3.555, 'y': 1.972, 'r': 0.4, 'type': 1}]
24216,1398693802.437787,[{'idp': 112, 'x': 3.533, 'y': 1.98, 'r': 0.4, 'type': 1}]
24217,1398693802.4776962,[{'idp': 112, 'x': 3.536, 'y': 1.992, 'r': 0.4, 'type': 1}]
24218,1398693802.4811075,[{'idp': 112, 'x': 3.514, 'y': 1.99, 'r': 0.4, 'type': 1}]
24219,1398693802.517706,[{'idp': 112, 'x': 3.521, 'y': 1.983, 'r': 0.4, 'type': 1}]
24220,1398693802.5576959,[{'idp': 112, 'x': 3.505, 'y': 1.985, 'r': 0.4, 'type': 1}]
24221,1398693802.5577292,[{'idp': 112, 'x': 3.494, 'y': 1.998, 'r': 0.4, 'type': 1}]
24222,1398693802.5977504,[{'idp': 112, 'x': 3.476, 'y': 1.998, 'r': 0.4, 'type': 1}]
24223,1398693802.6055672,[{'idp': 112, 'x': 3.454, 'y': 1.996, 'r': 0.4, 'type': 1}]
24224,1398693802.6417139,[{'idp': 112, 'x': 3.455, 'y': 1.996, 'r': 0.4, 'type': 1}]
24225,1398693802.6816452,[{'idp': 112, 'x': 3.434, 'y': 1.994, 'r': 0.4, 'type': 1}]
24226,1398693802.6816773,[{'idp': 112, 'x': 3.418, 'y': 1.985, 'r': 0.4, 'type': 1}]
24227,1398693802.7216988,[{'idp': 112, 'x': 3.405, 'y': 1.997, 'r': 0.4, 'type': 1}]
24228,1398693802.7306545,[{'idp': 112, 'x': 3.405, 'y': 2.007, 'r': 0.4, 'type': 1}]
24229,1398693802.7697313,[{'idp': 112, 'x': 3.385, 'y': 1.995, 'r': 0.4, 'type': 1}]
24230,1398693802.809876,[{'idp': 112, 'x': 3.368, 'y': 1.996, 'r': 0.4, 'type': 1}]
24231,1398693802.8098876,[{'idp': 112, 'x': 3.371, 'y': 1.998, 'r': 0.4, 'type': 1}]
24232,1398693802.8497965,[{'idp': 112, 'x': 3.359, 'y': 2.011, 'r': 0.4, 'type': 1}]
24233,1398693802.8545094,[{'idp': 112, 'x': 3.339, 'y': 1.998, 'r': 0.4, 'type': 1}]
24234,1398693802.8937044,[{'idp': 112, 'x': 3.334, 'y': 1.985, 'r': 0.4, 'type': 1}]
24235,1398693802.9337006,[{'idp': 112, 'x': 3.336, 'y': 1.967, 'r': 0.4, 'type': 1}]
24236,1398693802.9337318,[{'idp': 112, 'x': 3.335, 'y': 1.966, 'r': 0.4, 'type': 1}]
24237,1398693802.9736984,[{'idp': 112, 'x': 3.332, 'y': 1.964, 'r': 0.4, 'type': 1}]
24238,1398693802.9795399,[{'idp': 112, 'x': 3.306, 'y': 1.949, 'r': 0.4, 'type': 1}]
24239,1398693803.0177636,[{'idp': 112, 'x': 3.302, 'y': 1.966, 'r': 0.4, 'type': 1}]
24240,1398693803.057686,[{'idp': 112, 'x': 3.282, 'y': 1.984, 'r': 0.4, 'type': 1}]
24241,1398693803.0577135,[{'idp': 112, 'x': 3.249, 'y': 1.983, 'r': 0.4, 'type': 1}]
24242,1398693803.0976658,[{'idp': 112, 'x': 3.236, 'y': 2.004, 'r': 0.4, 'type': 1}]
24243,1398693803.1035435,[{'idp': 112, 'x': 3.224, 'y': 2.017, 'r': 0.4, 'type': 1}]
24244,1398693803.141769,[{'idp': 112, 'x': 3.202, 'y': 2.002, 'r': 0.4, 'type': 1}]
24245,1398693803.181723,[{'idp': 112, 'x': 3.215, 'y': 2.011, 'r': 0.4, 'type': 1}]
24246,1398693803.1817524,[{'idp': 112, 'x': 3.195, 'y': 1.988, 'r': 0.4, 'type': 1}]
24247,1398693803.2217088,[{'idp': 112, 'x': 3.181, 'y': 1.989, 'r': 0.4, 'type': 1}]
24248,1398693803.2283053,[{'idp': 112, 'x': 3.167, 'y': 1.99, 'r': 0.4, 'type': 1}]
24249,1398693803.2656558,[{'idp': 112, 'x': 3.136, 'y': 1.999, 'r': 0.4, 'type': 1}]
24250,1398693803.3057039,[{'idp': 112, 'x': 3.136, 'y': 2.009, 'r': 0.4, 'type': 1}]
24251,1398693803.3057327,[{'idp': 112, 'x': 3.126, 'y': 2.012, 'r': 0.4, 'type': 1}]
24252,1398693803.3457923,[{'idp': 112, 'x': 3.113, 'y': 2.004, 'r': 0.4, 'type': 1}]
24253,1398693803.3528738,[{'idp': 112, 'x': 3.098, 'y': 2.004, 'r': 0.4, 'type': 1}]
24254,1398693803.3896594,[{'idp': 112, 'x': 3.073, 'y': 1.997, 'r': 0.4, 'type': 1}]
24255,1398693803.4296603,[{'idp': 112, 'x': 3.074, 'y': 2.017, 'r': 0.4, 'type': 1}]
24256,1398693803.4296908,[{'idp': 112, 'x': 3.06, 'y': 2.018, 'r': 0.4, 'type': 1}]
24257,1398693803.4697313,[{'idp': 112, 'x': 3.04, 'y': 2.014, 'r': 0.4, 'type': 1}]
24258,1398693803.4777746,[{'idp': 112, 'x': 3.025, 'y': 2.004, 'r': 0.4, 'type': 1}]
24259,1398693803.5177727,[{'idp': 112, 'x': 3.02, 'y': 2.001, 'r': 0.4, 'type': 1}]
24260,1398693803.5576901,[{'idp': 112, 'x': 3.032, 'y': 1.98, 'r': 0.4, 'type': 1}]
24261,1398693803.5577705,[{'idp': 112, 'x': 3.038, 'y': 1.956, 'r': 0.4, 'type': 1}]
24262,1398693803.5977223,[{'idp': 112, 'x': 3.029, 'y': 1.959, 'r': 0.4, 'type': 1}]
24263,1398693803.6021018,[{'idp': 112, 'x': 3.008, 'y': 1.974, 'r': 0.4, 'type': 1}]
24264,1398693803.6417677,[{'idp': 112, 'x': 2.983, 'y': 1.995, 'r': 0.4, 'type': 1}]
24265,1398693803.6817489,[{'idp': 112, 'x': 2.96, 'y': 1.989, 'r': 0.4, 'type': 1}]
24266,1398693803.6818686,[{'idp': 112, 'x': 2.958, 'y': 1.997, 'r': 0.4, 'type': 1}]
24267,1398693803.721888,[{'idp': 112, 'x': 2.96, 'y': 1.98, 'r': 0.4, 'type': 1}]
24268,1398693803.7270257,[{'idp': 112, 'x': 2.944, 'y': 1.969, 'r': 0.4, 'type': 1}]
24269,1398693803.7656472,[{'idp': 112, 'x': 2.939, 'y': 1.956, 'r': 0.4, 'type': 1}]
24270,1398693803.8056483,[{'idp': 112, 'x': 2.923, 'y': 1.955, 'r': 0.4, 'type': 1}]
24271,1398693803.8056743,[{'idp': 112, 'x': 2.913, 'y': 1.966, 'r': 0.4, 'type': 1}]
24272,1398693803.8456748,[{'idp': 112, 'x': 2.888, 'y': 1.978, 'r': 0.4, 'type': 1}]
24273,1398693803.851557,[{'idp': 112, 'x': 2.882, 'y': 1.983, 'r': 0.4, 'type': 1}]
24274,1398693803.889673,[{'idp': 112, 'x': 2.867, 'y': 1.963, 'r': 0.4, 'type': 1}]
24275,1398693803.9297504,[{'idp': 112, 'x': 2.862, 'y': 1.978, 'r': 0.4, 'type': 1}]
24276,1398693803.9297857,[{'idp': 112, 'x': 2.839, 'y': 1.971, 'r': 0.4, 'type': 1}]
24277,1398693803.9697068,[{'idp': 112, 'x': 2.837, 'y': 1.979, 'r': 0.4, 'type': 1}]
24278,1398693803.9760234,[{'idp': 112, 'x': 2.822, 'y': 1.987, 'r': 0.4, 'type': 1}]
24279,1398693804.0136962,[{'idp': 112, 'x': 2.81, 'y': 1.978, 'r': 0.4, 'type': 1}]
24280,1398693804.0536594,[{'idp': 112, 'x': 2.79, 'y': 1.964, 'r': 0.4, 'type': 1}]
24281,1398693804.0536938,[{'idp': 112, 'x': 2.794, 'y': 1.985, 'r': 0.4, 'type': 1}]
24282,1398693804.093688,[{'idp': 112, 'x': 2.777, 'y': 1.974, 'r': 0.4, 'type': 1}]
24283,1398693804.100729,[{'idp': 112, 'x': 2.756, 'y': 1.977, 'r': 0.4, 'type': 1}]
24284,1398693804.1377213,[{'idp': 112, 'x': 2.751, 'y': 1.982, 'r': 0.4, 'type': 1}]
24285,1398693804.1776948,[{'idp': 112, 'x': 2.734, 'y': 1.979, 'r': 0.4, 'type': 1}]
24286,1398693804.17773,[{'idp': 112, 'x': 2.723, 'y': 1.971, 'r': 0.4, 'type': 1}]
24287,1398693804.2177937,[{'idp': 112, 'x': 2.716, 'y': 1.984, 'r': 0.4, 'type': 1}]
24288,1398693804.225433,[{'idp': 112, 'x': 2.706, 'y': 1.977, 'r': 0.4, 'type': 1}]
24289,1398693804.2617457,[{'idp': 112, 'x': 2.689, 'y': 1.983, 'r': 0.4, 'type': 1}]
24290,1398693804.3016713,[{'idp': 112, 'x': 2.678, 'y': 1.966, 'r': 0.4, 'type': 1}]
24291,1398693804.301703,[{'idp': 112, 'x': 2.666, 'y': 1.984, 'r': 0.4, 'type': 1}]
24292,1398693804.3418593,[{'idp': 112, 'x': 2.665, 'y': 1.983, 'r': 0.4, 'type': 1}]
24293,1398693804.3501015,[{'idp': 112, 'x': 2.665, 'y': 1.992, 'r': 0.4, 'type': 1}]
24294,1398693804.3896794,[{'idp': 112, 'x': 2.644, 'y': 1.985, 'r': 0.4, 'type': 1}]
24295,1398693804.4297154,[{'idp': 112, 'x': 2.627, 'y': 1.991, 'r': 0.4, 'type': 1}]
24296,1398693804.4297485,[{'idp': 112, 'x': 2.603, 'y': 1.99, 'r': 0.4, 'type': 1}]
24297,1398693804.4697154,[{'idp': 112, 'x': 2.607, 'y': 1.993, 'r': 0.4, 'type': 1}]
24298,1398693804.4749274,[{'idp': 112, 'x': 2.587, 'y': 1.988, 'r': 0.4, 'type': 1}]
24299,1398693804.513775,[{'idp': 112, 'x': 2.569, 'y': 1.981, 'r': 0.4, 'type': 1}]
24300,1398693804.5536628,[{'idp': 112, 'x': 2.554, 'y': 1.988, 'r': 0.4, 'type': 1}]
24301,1398693804.5536935,[{'idp': 112, 'x': 2.545, 'y': 1.99, 'r': 0.4, 'type': 1}]
24302,1398693804.5937653,[{'idp': 112, 'x': 2.535, 'y': 1.992, 'r': 0.4, 'type': 1}]
24303,1398693804.599538,[{'idp': 112, 'x': 2.523, 'y': 1.973, 'r': 0.4, 'type': 1}]
24304,1398693804.6377501,[{'idp': 112, 'x': 2.517, 'y': 1.977, 'r': 0.4, 'type': 1}]
24305,1398693804.677654,[{'idp': 112, 'x': 2.504, 'y': 1.985, 'r': 0.4, 'type': 1}]
24306,1398693804.677692,[{'idp': 112, 'x': 2.486, 'y': 1.989, 'r': 0.4, 'type': 1}]
24307,1398693804.7178094,[{'idp': 112, 'x': 2.475, 'y': 1.988, 'r': 0.4, 'type': 1}]
24308,1398693804.7245297,[{'idp': 112, 'x': 2.465, 'y': 1.99, 'r': 0.4, 'type': 1}]
24309,1398693804.7617126,[{'idp': 112, 'x': 2.459, 'y': 1.985, 'r': 0.4, 'type': 1}]
24310,1398693804.8016229,[{'idp': 112, 'x': 2.458, 'y': 1.975, 'r': 0.4, 'type': 1}]
24311,1398693804.8016381,[{'idp': 112, 'x': 2.431, 'y': 1.98, 'r': 0.4, 'type': 1}]
24312,1398693804.8417654,[{'idp': 112, 'x': 2.423, 'y': 1.981, 'r': 0.4, 'type': 1}]
24313,1398693804.8488882,[{'idp': 112, 'x': 2.409, 'y': 1.979, 'r': 0.4, 'type': 1}]
24314,1398693804.8856812,[{'idp': 112, 'x': 2.395, 'y': 1.985, 'r': 0.4, 'type': 1}]
24315,1398693804.9257169,[{'idp': 112, 'x': 2.373, 'y': 1.984, 'r': 0.4, 'type': 1}]
24316,1398693804.9257438,[{'idp': 112, 'x': 2.37, 'y': 1.999, 'r': 0.4, 'type': 1}]
24317,1398693804.9656615,[{'idp': 112, 'x': 2.359, 'y': 1.989, 'r': 0.4, 'type': 1}]
24318,1398693804.9736228,[{'idp': 112, 'x': 2.348, 'y': 1.981, 'r': 0.4, 'type': 1}]
24319,1398693805.009714,[{'idp': 112, 'x': 2.342, 'y': 1.984, 'r': 0.4, 'type': 1}]
24320,1398693805.0496597,[{'idp': 112, 'x': 2.32, 'y': 1.974, 'r': 0.4, 'type': 1}]
24321,1398693805.049695,[{'idp': 112, 'x': 2.311, 'y': 1.984, 'r': 0.4, 'type': 1}]
24322,1398693805.08973,[{'idp': 112, 'x': 2.294, 'y': 1.987, 'r': 0.4, 'type': 1}]
24323,1398693805.0982745,[{'idp': 112, 'x': 2.295, 'y': 1.997, 'r': 0.4, 'type': 1}]
24324,1398693805.1377401,[{'idp': 112, 'x': 2.277, 'y': 1.981, 'r': 0.4, 'type': 1}]
24325,1398693805.177704,[{'idp': 112, 'x': 2.264, 'y': 1.97, 'r': 0.4, 'type': 1}]
24326,1398693805.177744,[{'idp': 112, 'x': 2.263, 'y': 1.978, 'r': 0.4, 'type': 1}]
24327,1398693805.2177148,[{'idp': 112, 'x': 2.253, 'y': 1.969, 'r': 0.4, 'type': 1}]
24328,1398693805.2228017,[{'idp': 112, 'x': 2.22, 'y': 1.966, 'r': 0.4, 'type': 1}]
24329,1398693805.2617178,[{'idp': 112, 'x': 2.207, 'y': 1.98, 'r': 0.4, 'type': 1}]
24330,1398693805.3016727,[{'idp': 112, 'x': 2.206, 'y': 1.997, 'r': 0.4, 'type': 1}]
24331,1398693805.3017063,[{'idp': 112, 'x': 2.191, 'y': 1.983, 'r': 0.4, 'type': 1}]
24332,1398693805.3416774,[{'idp': 112, 'x': 2.178, 'y': 1.971, 'r': 0.4, 'type': 1}]
24333,1398693805.3476605,[{'idp': 112, 'x': 2.171, 'y': 1.982, 'r': 0.4, 'type': 1}]
24334,1398693805.385645,[{'idp': 112, 'x': 2.161, 'y': 1.982, 'r': 0.4, 'type': 1}]
24335,1398693805.425683,[{'idp': 112, 'x': 2.138, 'y': 1.969, 'r': 0.4, 'type': 1}]
24336,1398693805.4257169,[{'idp': 112, 'x': 2.135, 'y': 1.975, 'r': 0.4, 'type': 1}]
24337,1398693805.4656684,[{'idp': 112, 'x': 2.127, 'y': 1.986, 'r': 0.4, 'type': 1}]
24338,1398693805.4721115,[{'idp': 112, 'x': 2.103, 'y': 1.988, 'r': 0.4, 'type': 1}]
24339,1398693805.5097446,[{'idp': 112, 'x': 2.095, 'y': 1.989, 'r': 0.4, 'type': 1}]
24340,1398693805.5497067,[{'idp': 112, 'x': 2.087, 'y': 1.991, 'r': 0.4, 'type': 1}]
24341,1398693805.5497298,[{'idp': 112, 'x': 2.067, 'y': 1.989, 'r': 0.4, 'type': 1}]
24342,1398693805.5897312,[{'idp': 112, 'x': 2.058, 'y': 1.981, 'r': 0.4, 'type': 1}]
24343,1398693805.5970151,[{'idp': 112, 'x': 2.048, 'y': 1.988, 'r': 0.4, 'type': 1}]
24344,1398693805.633677,[{'idp': 112, 'x': 2.04, 'y': 1.98, 'r': 0.4, 'type': 1}]
24345,1398693805.673706,[{'idp': 112, 'x': 2.023, 'y': 1.963, 'r': 0.4, 'type': 1}]
24346,1398693805.6737351,[{'idp': 112, 'x': 2.019, 'y': 1.976, 'r': 0.4, 'type': 1}]
24347,1398693805.7138033,[{'idp': 112, 'x': 2.002, 'y': 1.977, 'r': 0.4, 'type': 1}]
24348,1398693805.7219503,[{'idp': 112, 'x': 1.99, 'y': 1.983, 'r': 0.4, 'type': 1}]
24349,1398693805.7617233,[{'idp': 112, 'x': 1.976, 'y': 1.986, 'r': 0.4, 'type': 1}]
24350,1398693805.8017538,[{'idp': 112, 'x': 1.963, 'y': 1.99, 'r': 0.4, 'type': 1}]
24351,1398693805.8017845,[{'idp': 112, 'x': 1.95, 'y': 1.978, 'r': 0.4, 'type': 1}]
24352,1398693805.8416843,[{'idp': 112, 'x': 1.936, 'y': 1.98, 'r': 0.4, 'type': 1}]
24353,1398693805.8462439,[{'idp': 112, 'x': 1.927, 'y': 1.988, 'r': 0.4, 'type': 1}]
24354,1398693805.8856542,[{'idp': 112, 'x': 1.92, 'y': 1.981, 'r': 0.4, 'type': 1}]
24355,1398693805.9257584,[{'idp': 112, 'x': 1.907, 'y': 1.967, 'r': 0.4, 'type': 1}]
24356,1398693805.9257858,[{'idp': 112, 'x': 1.898, 'y': 1.975, 'r': 0.4, 'type': 1}]
24357,1398693805.965717,[{'idp': 112, 'x': 1.885, 'y': 1.98, 'r': 0.4, 'type': 1}]
24358,1398693805.970945,[{'idp': 112, 'x': 1.887, 'y': 1.99, 'r': 0.4, 'type': 1}]
24359,1398693806.0096912,[{'idp': 112, 'x': 1.86, 'y': 1.969, 'r': 0.4, 'type': 1}]
24360,1398693806.0496998,[{'idp': 112, 'x': 1.856, 'y': 1.983, 'r': 0.4, 'type': 1}]
24361,1398693806.049729,[{'idp': 112, 'x': 1.851, 'y': 1.987, 'r': 0.4, 'type': 1}]
24362,1398693806.0896387,[{'idp': 112, 'x': 1.826, 'y': 1.977, 'r': 0.4, 'type': 1}]
24363,1398693806.0955274,[{'idp': 112, 'x': 1.805, 'y': 1.962, 'r': 0.4, 'type': 1}]
24364,1398693806.1337264,[{'idp': 112, 'x': 1.795, 'y': 1.968, 'r': 0.4, 'type': 1}]
24365,1398693806.173727,[{'idp': 112, 'x': 1.777, 'y': 1.966, 'r': 0.4, 'type': 1}]
24366,1398693806.1737576,[{'idp': 112, 'x': 1.762, 'y': 1.957, 'r': 0.4, 'type': 1}]
24367,1398693806.2137177,[{'idp': 112, 'x': 1.757, 'y': 1.962, 'r': 0.4, 'type': 1}]
24368,1398693806.2204385,[{'idp': 112, 'x': 1.744, 'y': 1.955, 'r': 0.4, 'type': 1}]
24369,1398693806.257685,[{'idp': 112, 'x': 1.745, 'y': 1.983, 'r': 0.4, 'type': 1}]
24370,1398693806.2977033,[{'idp': 112, 'x': 1.731, 'y': 1.984, 'r': 0.4, 'type': 1}]
24371,1398693806.2977364,[{'idp': 112, 'x': 1.711, 'y': 1.979, 'r': 0.4, 'type': 1}]
24372,1398693806.3376834,[{'idp': 112, 'x': 1.702, 'y': 1.985, 'r': 0.4, 'type': 1}]
24373,1398693806.3450246,[{'idp': 112, 'x': 1.684, 'y': 1.965, 'r': 0.4, 'type': 1}]
24374,1398693806.3817239,[{'idp': 112, 'x': 1.677, 'y': 1.957, 'r': 0.4, 'type': 1}]
24375,1398693806.4217005,[{'idp': 112, 'x': 1.679, 'y': 1.959, 'r': 0.4, 'type': 1}]
24376,1398693806.4217317,[{'idp': 112, 'x': 1.659, 'y': 1.962, 'r': 0.4, 'type': 1}]
24377,1398693806.4617052,[{'idp': 112, 'x': 1.65, 'y': 1.976, 'r': 0.4, 'type': 1}]
24378,1398693806.4697058,[{'idp': 112, 'x': 1.628, 'y': 1.967, 'r': 0.4, 'type': 1}]
24379,1398693806.509676,[{'idp': 112, 'x': 1.612, 'y': 1.956, 'r': 0.4, 'type': 1}]
24380,1398693806.5497499,[{'idp': 112, 'x': 1.601, 'y': 1.952, 'r': 0.4, 'type': 1}]
24381,1398693806.5497816,[{'idp': 112, 'x': 1.582, 'y': 1.937, 'r': 0.4, 'type': 1}]
24382,1398693806.5897217,[{'idp': 112, 'x': 1.581, 'y': 1.953, 'r': 0.4, 'type': 1}]
24383,1398693806.5950727,[{'idp': 112, 'x': 1.574, 'y': 1.953, 'r': 0.4, 'type': 1}]
24384,1398693806.6336694,[{'idp': 112, 'x': 1.563, 'y': 1.956, 'r': 0.4, 'type': 1}]
24385,1398693806.6737013,[{'idp': 112, 'x': 1.554, 'y': 1.954, 'r': 0.4, 'type': 1}]
24386,1398693806.673734,[{'idp': 112, 'x': 1.531, 'y': 1.951, 'r': 0.4, 'type': 1}]
24387,1398693806.713731,[{'idp': 112, 'x': 1.515, 'y': 1.957, 'r': 0.4, 'type': 1}]
24388,1398693806.7194579,[{'idp': 112, 'x': 1.507, 'y': 1.955, 'r': 0.4, 'type': 1}]
24389,1398693806.7577455,[{'idp': 112, 'x': 1.503, 'y': 1.968, 'r': 0.4, 'type': 1}]
24390,1398693806.7977512,[{'idp': 112, 'x': 1.486, 'y': 1.937, 'r': 0.4, 'type': 1}]
24391,1398693806.7977734,[{'idp': 112, 'x': 1.478, 'y': 1.944, 'r': 0.4, 'type': 1}]
24392,1398693806.8377619,[{'idp': 112, 'x': 1.47, 'y': 1.942, 'r': 0.4, 'type': 1}]
24393,1398693806.8447175,[{'idp': 112, 'x': 1.453, 'y': 1.938, 'r': 0.4, 'type': 1}]
24394,1398693806.8816833,[{'idp': 112, 'x': 1.446, 'y': 1.954, 'r': 0.4, 'type': 1}]
24395,1398693806.9216902,[{'idp': 112, 'x': 1.417, 'y': 1.951, 'r': 0.4, 'type': 1}]
24396,1398693806.921722,[{'idp': 112, 'x': 1.412, 'y': 1.963, 'r': 0.4, 'type': 1}]
24397,1398693806.9617367,[{'idp': 112, 'x': 1.399, 'y': 1.944, 'r': 0.4, 'type': 1}]
24398,1398693806.9683714,[{'idp': 112, 'x': 1.39, 'y': 1.932, 'r': 0.4, 'type': 1}]
24399,1398693807.005702,[{'idp': 112, 'x': 1.392, 'y': 1.944, 'r': 0.4, 'type': 1}]
24400,1398693807.0457053,[{'idp': 112, 'x': 1.379, 'y': 1.941, 'r': 0.4, 'type': 1}]
24401,1398693807.0457366,[{'idp': 112, 'x': 1.36, 'y': 1.951, 'r': 0.4, 'type': 1}]
24402,1398693807.0856743,[{'idp': 112, 'x': 1.336, 'y': 1.936, 'r': 0.4, 'type': 1}]
24403,1398693807.0932598,[{'idp': 112, 'x': 1.331, 'y': 1.937, 'r': 0.4, 'type': 1}]
24404,1398693807.129688,[{'idp': 112, 'x': 1.333, 'y': 1.949, 'r': 0.4, 'type': 1}]
24405,1398693807.1696615,[{'idp': 112, 'x': 1.313, 'y': 1.938, 'r': 0.4, 'type': 1}]
24406,1398693807.1696916,[{'idp': 112, 'x': 1.307, 'y': 1.938, 'r': 0.4, 'type': 1}]
24407,1398693807.2097125,[{'idp': 112, 'x': 1.299, 'y': 1.936, 'r': 0.4, 'type': 1}]
24408,1398693807.2188213,[{'idp': 112, 'x': 1.289, 'y': 1.939, 'r': 0.4, 'type': 1}]
24409,1398693807.2577825,[{'idp': 112, 'x': 1.273, 'y': 1.943, 'r': 0.4, 'type': 1}]
24410,1398693807.3016574,[{'idp': 112, 'x': 1.256, 'y': 1.944, 'r': 0.4, 'type': 1}]
24411,1398693807.301689,[{'idp': 112, 'x': 1.241, 'y': 1.939, 'r': 0.4, 'type': 1}]
24412,1398693807.3417618,[{'idp': 112, 'x': 1.24, 'y': 1.946, 'r': 0.4, 'type': 1}]
24413,1398693807.34248,[{'idp': 112, 'x': 1.224, 'y': 1.932, 'r': 0.4, 'type': 1}]
24414,1398693807.3817103,[{'idp': 112, 'x': 1.223, 'y': 1.938, 'r': 0.4, 'type': 1}]
24415,1398693807.421715,[{'idp': 112, 'x': 1.213, 'y': 1.931, 'r': 0.4, 'type': 1}]
24416,1398693807.421746,[{'idp': 112, 'x': 1.192, 'y': 1.936, 'r': 0.4, 'type': 1}]
24417,1398693807.4617758,[{'idp': 112, 'x': 1.181, 'y': 1.936, 'r': 0.4, 'type': 1}]
24418,1398693807.4672318,[{'idp': 112, 'x': 1.17, 'y': 1.948, 'r': 0.4, 'type': 1}]
24419,1398693807.5057113,[{'idp': 112, 'x': 1.148, 'y': 1.938, 'r': 0.4, 'type': 1}]
24420,1398693807.5457194,[{'idp': 112, 'x': 1.14, 'y': 1.946, 'r': 0.4, 'type': 1}]
24421,1398693807.5457504,[{'idp': 112, 'x': 1.137, 'y': 1.951, 'r': 0.4, 'type': 1}]
24422,1398693807.585723,[{'idp': 112, 'x': 1.121, 'y': 1.931, 'r': 0.4, 'type': 1}]
24423,1398693807.5917633,[{'idp': 112, 'x': 1.119, 'y': 1.948, 'r': 0.4, 'type': 1}]
24424,1398693807.629683,[{'idp': 112, 'x': 1.1, 'y': 1.945, 'r': 0.4, 'type': 1}]
24425,1398693807.669684,[{'idp': 112, 'x': 1.091, 'y': 1.948, 'r': 0.4, 'type': 1}]
24426,1398693807.669757,[{'idp': 112, 'x': 1.072, 'y': 1.934, 'r': 0.4, 'type': 1}]
24427,1398693807.7097197,[{'idp': 112, 'x': 1.06, 'y': 1.942, 'r': 0.4, 'type': 1}]
24428,1398693807.7165463,[{'idp': 112, 'x': 1.048, 'y': 1.93, 'r': 0.4, 'type': 1}]
24429,1398693807.7537029,[{'idp': 112, 'x': 1.056, 'y': 1.954, 'r': 0.4, 'type': 1}]
24430,1398693807.7937012,[{'idp': 112, 'x': 1.036, 'y': 1.949, 'r': 0.4, 'type': 1}]
24431,1398693807.79373,[{'idp': 112, 'x': 1.02, 'y': 1.949, 'r': 0.4, 'type': 1}]
24432,1398693807.8337216,[{'idp': 112, 'x': 1.001, 'y': 1.953, 'r': 0.4, 'type': 1}]
24433,1398693807.841675,[{'idp': 112, 'x': 0.991, 'y': 1.955, 'r': 0.4, 'type': 1}]
24434,1398693807.8817096,[{'idp': 112, 'x': 0.991, 'y': 1.965, 'r': 0.4, 'type': 1}]
24435,1398693807.9218068,[{'idp': 112, 'x': 0.974, 'y': 1.952, 'r': 0.4, 'type': 1}]
24436,1398693807.9218404,[{'idp': 112, 'x': 0.97, 'y': 1.954, 'r': 0.4, 'type': 1}]
24437,1398693807.9616952,[{'idp': 112, 'x': 0.953, 'y': 1.953, 'r': 0.4, 'type': 1}]
24438,1398693807.9658098,[{'idp': 112, 'x': 0.951, 'y': 1.969, 'r': 0.4, 'type': 1}]
24439,1398693808.0057356,[{'idp': 112, 'x': 0.934, 'y': 1.956, 'r': 0.4, 'type': 1}]
24440,1398693808.045717,[{'idp': 112, 'x': 0.928, 'y': 1.965, 'r': 0.4, 'type': 1}]
24441,1398693808.045746,[{'idp': 112, 'x': 0.921, 'y': 1.972, 'r': 0.4, 'type': 1}]
24442,1398693808.085695,[{'idp': 112, 'x': 0.904, 'y': 1.958, 'r': 0.4, 'type': 1}]
24443,1398693808.0903943,[{'idp': 112, 'x': 0.9, 'y': 1.961, 'r': 0.4, 'type': 1}]
24444,1398693808.1296797,[{'idp': 112, 'x': 0.883, 'y': 1.969, 'r': 0.4, 'type': 1}]
24445,1398693808.1697059,[{'idp': 112, 'x': 0.873, 'y': 1.969, 'r': 0.4, 'type': 1}]
24446,1398693808.1697385,[{'idp': 112, 'x': 0.868, 'y': 1.98, 'r': 0.4, 'type': 1}]
24447,1398693808.2096498,[{'idp': 112, 'x': 0.853, 'y': 1.969, 'r': 0.4, 'type': 1}]
24448,1398693808.2153473,[{'idp': 112, 'x': 0.839, 'y': 1.962, 'r': 0.4, 'type': 1}]
24449,1398693808.2536545,[{'idp': 112, 'x': 0.828, 'y': 1.971, 'r': 0.4, 'type': 1}]
24450,1398693808.2937381,[{'idp': 112, 'x': 0.812, 'y': 1.98, 'r': 0.4, 'type': 1}]
24451,1398693808.293771,[{'idp': 112, 'x': 0.802, 'y': 1.982, 'r': 0.4, 'type': 1}]
24452,1398693808.3337498,[{'idp': 112, 'x': 0.789, 'y': 1.973, 'r': 0.4, 'type': 1}]
24453,1398693808.3394654,[{'idp': 112, 'x': 0.775, 'y': 1.963, 'r': 0.4, 'type': 1}]
24454,1398693808.3777287,[{'idp': 112, 'x': 0.778, 'y': 1.982, 'r': 0.4, 'type': 1}]
24455,1398693808.4177172,[{'idp': 112, 'x': 0.756, 'y': 1.979, 'r': 0.4, 'type': 1}]
24456,1398693808.4177501,[{'idp': 112, 'x': 0.753, 'y': 1.995, 'r': 0.4, 'type': 1}]
24457,1398693808.457749,[{'idp': 112, 'x': 0.729, 'y': 1.984, 'r': 0.4, 'type': 1}]
24458,1398693808.464396,[{'idp': 112, 'x': 0.724, 'y': 1.985, 'r': 0.4, 'type': 1}]
24459,1398693808.501675,[{'idp': 112, 'x': 0.716, 'y': 1.978, 'r': 0.4, 'type': 1}]
24460,1398693808.5416949,[{'idp': 112, 'x': 0.705, 'y': 1.972, 'r': 0.4, 'type': 1}]
24461,1398693808.5417237,[{'idp': 112, 'x': 0.686, 'y': 1.973, 'r': 0.4, 'type': 1}]
24462,1398693808.5817814,[{'idp': 112, 'x': 0.68, 'y': 1.983, 'r': 0.4, 'type': 1}]
24463,1398693808.589019,[{'idp': 112, 'x': 0.665, 'y': 1.981, 'r': 0.4, 'type': 1}]
24464,1398693808.625647,[{'idp': 112, 'x': 0.666, 'y': 1.984, 'r': 0.4, 'type': 1}]
24465,1398693808.665671,[{'idp': 112, 'x': 0.655, 'y': 1.981, 'r': 0.4, 'type': 1}]
24466,1398693808.665701,[{'idp': 112, 'x': 0.638, 'y': 1.973, 'r': 0.4, 'type': 1}]
24467,1398693808.705696,[{'idp': 112, 'x': 0.625, 'y': 1.976, 'r': 0.4, 'type': 1}]
24468,1398693808.7145135,[{'idp': 112, 'x': 0.608, 'y': 1.968, 'r': 0.4, 'type': 1}]
24469,1398693808.7536485,[{'idp': 112, 'x': 0.615, 'y': 1.989, 'r': 0.4, 'type': 1}]
24470,1398693808.7937207,[{'idp': 112, 'x': 0.596, 'y': 1.974, 'r': 0.4, 'type': 1}]
24471,1398693808.79374,[{'idp': 112, 'x': 0.581, 'y': 1.973, 'r': 0.4, 'type': 1}]
24472,1398693808.8337648,[{'idp': 112, 'x': 0.577, 'y': 1.989, 'r': 0.4, 'type': 1}]
24473,1398693808.8381846,[{'idp': 112, 'x': 0.562, 'y': 1.985, 'r': 0.4, 'type': 1}]
24474,1398693808.8776584,[{'idp': 112, 'x': 0.549, 'y': 1.988, 'r': 0.4, 'type': 1}]
24475,1398693808.9176986,[{'idp': 112, 'x': 0.542, 'y': 1.996, 'r': 0.4, 'type': 1}]
24476,1398693808.9177284,[{'idp': 112, 'x': 0.528, 'y': 1.978, 'r': 0.4, 'type': 1}]
24477,1398693808.957747,[{'idp': 112, 'x': 0.523, 'y': 1.995, 'r': 0.4, 'type': 1}]
24478,1398693808.9630294,[{'idp': 112, 'x': 0.511, 'y': 1.984, 'r': 0.4, 'type': 1}]
24479,1398693809.0016859,[{'idp': 112, 'x': 0.498, 'y': 1.989, 'r': 0.4, 'type': 1}]
24480,1398693809.0417259,[{'idp': 112, 'x': 0.498, 'y': 2.003, 'r': 0.4, 'type': 1}]
24481,1398693809.0417576,[{'idp': 112, 'x': 0.477, 'y': 1.996, 'r': 0.4, 'type': 1}]
24482,1398693809.0817084,[{'idp': 112, 'x': 0.466, 'y': 1.987, 'r': 0.4, 'type': 1}]
24483,1398693809.0876951,[{'idp': 112, 'x': 0.453, 'y': 1.989, 'r': 0.4, 'type': 1}]
24484,1398693809.1256843,[{'idp': 112, 'x': 0.443, 'y': 1.989, 'r': 0.4, 'type': 1}]
24485,1398693809.16571,[{'idp': 112, 'x': 0.425, 'y': 1.988, 'r': 0.4, 'type': 1}]
24486,1398693809.1657414,[{'idp': 112, 'x': 0.414, 'y': 2.0, 'r': 0.4, 'type': 1}]
24487,1398693809.2057786,[{'idp': 112, 'x': 0.4, 'y': 1.996, 'r': 0.4, 'type': 1}]
24488,1398693809.212652,[{'idp': 112, 'x': 0.39, 'y': 1.996, 'r': 0.4, 'type': 1}]
24489,1398693809.249684,[{'idp': 112, 'x': 0.381, 'y': 1.991, 'r': 0.4, 'type': 1}]
24490,1398693809.2896626,[{'idp': 112, 'x': 0.362, 'y': 1.989, 'r': 0.4, 'type': 1}]
24491,1398693809.2896929,[{'idp': 112, 'x': 0.35, 'y': 1.996, 'r': 0.4, 'type': 1}]
24492,1398693809.3297448,[{'idp': 112, 'x': 0.332, 'y': 1.996, 'r': 0.4, 'type': 1}]
24493,1398693809.3371127,[{'idp': 112, 'x': 0.319, 'y': 1.996, 'r': 0.4, 'type': 1}]
24494,1398693809.373652,[{'idp': 112, 'x': 0.309, 'y': 1.987, 'r': 0.4, 'type': 1}]
24495,1398693809.4136372,[{'idp': 112, 'x': 0.302, 'y': 1.999, 'r': 0.4, 'type': 1}]
24496,1398693809.4136658,[{'idp': 112, 'x': 0.284, 'y': 1.998, 'r': 0.4, 'type': 1}]
24497,1398693809.453719,[{'idp': 112, 'x': 0.274, 'y': 1.993, 'r': 0.4, 'type': 1}]
24498,1398693809.4616196,[{'idp': 112, 'x': 0.255, 'y': 1.985, 'r': 0.4, 'type': 1}]
24499,1398693809.4976726,[{'idp': 112, 'x': 0.247, 'y': 1.989, 'r': 0.4, 'type': 1}]
24500,1398693809.5376418,[{'idp': 112, 'x': 0.238, 'y': 1.99, 'r': 0.4, 'type': 1}]
24501,1398693809.537673,[{'idp': 112, 'x': 0.23, 'y': 1.992, 'r': 0.4, 'type': 1}]
24502,1398693809.577775,[{'idp': 112, 'x': 0.216, 'y': 1.984, 'r': 0.4, 'type': 1}]
24503,1398693809.5864491,[{'idp': 112, 'x': 0.198, 'y': 1.987, 'r': 0.4, 'type': 1}]
24504,1398693809.625673,[{'idp': 112, 'x': 0.189, 'y': 1.979, 'r': 0.4, 'type': 1}]
24505,1398693809.665656,[{'idp': 112, 'x': 0.176, 'y': 1.977, 'r': 0.4, 'type': 1}]
24506,1398693809.6656852,[{'idp': 112, 'x': 0.159, 'y': 1.98, 'r': 0.4, 'type': 1}]
24507,1398693809.7058158,[{'idp': 112, 'x': 0.135, 'y': 1.968, 'r': 0.4, 'type': 1}]
24508,1398693809.7112405,[{'idp': 112, 'x': 0.117, 'y': 1.956, 'r': 0.4, 'type': 1}]
24509,1398693809.7496848,[{'idp': 112, 'x': 0.105, 'y': 1.962, 'r': 0.4, 'type': 1}]
24510,1398693809.7896998,[{'idp': 112, 'x': 0.091, 'y': 1.949, 'r': 0.4, 'type': 1}]
24511,1398693809.78973,[{'idp': 112, 'x': 0.082, 'y': 1.94, 'r': 0.4, 'type': 1}]
24512,1398693809.8297102,[{'idp': 112, 'x': 0.069, 'y': 1.941, 'r': 0.4, 'type': 1}]
24513,1398693809.8358886,[{'idp': 112, 'x': 0.05, 'y': 1.891, 'r': 0.4, 'type': 1}]
24514,1398693809.8736672,[{'idp': 112, 'x': 0.041, 'y': 1.892, 'r': 0.4, 'type': 1}]
24515,1398693809.9136925,[{'idp': 112, 'x': 0.033, 'y': 1.897, 'r': 0.4, 'type': 1}]
24516,1398693809.9137192,[{'idp': 112, 'x': 0.029, 'y': 1.899, 'r': 0.4, 'type': 1}]
24517,1398693809.9536977,[{'idp': 112, 'x': 0.025, 'y': 1.898, 'r': 0.4, 'type': 1}]
24518,1398693809.9603925,[{'idp': 112, 'x': 0.025, 'y': 1.891, 'r': 0.4, 'type': 1}]
24519,1398693809.9976819,[{'idp': 112, 'x': 0.021, 'y': 1.901, 'r': 0.4, 'type': 1}]
24520,1398693810.0376906,[{'idp': 112, 'x': 0.012, 'y': 1.866, 'r': 0.4, 'type': 1}]
24521,1398693810.0377212,[{'idp': 112, 'x': 0.012, 'y': 1.866, 'r': 0.4, 'type': 1}]
24522,1398693810.0777264,[{'idp': 112, 'x': 0.012, 'y': 1.866, 'r': 0.4, 'type': 1}]
24523,1398693810.0855236,[{'idp': 112, 'x': 0.012, 'y': 1.866, 'r': 0.4, 'type': 1}]
24524,1398693810.121655,[{'idp': 112, 'x': 0.012, 'y': 1.866, 'r': 0.4, 'type': 1}]
24525,1398693810.1618662,[{'idp': 112, 'x': 0.012, 'y': 1.866, 'r': 0.4, 'type': 1}]
24526,1398693810.1619003,[]
