id,timestamp,circles
60000,1398777768.5636444,[{'idp':  58 ,  'x':  4.79 ,  'y':  -3.11 ,  'r':  0.4 ,  'type':  1}]
60001,1398777768.6036034,[{'idp':  58 ,  'x':  4.75 ,  'y':  -3.13 ,  'r':  0.4 ,  'type':  1}]
60002,1398777768.6077323,[{'idp':  58 ,  'x':  4.75 ,  'y':  -3.13 ,  'r':  0.4 ,  'type':  1}]
60003,1398777768.6475987,[{'idp':  58 ,  'x':  4.76 ,  'y':  -3.12 ,  'r':  0.4 ,  'type':  1}]
60004,1398777768.6876385,[{'idp':  58 ,  'x':  4.76 ,  'y':  -3.09 ,  'r':  0.4 ,  'type':  1}]
60005,1398777768.6876867,[{'idp':  58 ,  'x':  4.77 ,  'y':  -3.05 ,  'r':  0.4 ,  'type':  1}]
60006,1398777768.7275684,[{'idp':  58 ,  'x':  4.76 ,  'y':  -3.05 ,  'r':  0.4 ,  'type':  1}]
60007,1398777768.7350428,[{'idp':  58 ,  'x':  4.74 ,  'y':  -3.06 ,  'r':  0.4 ,  'type':  1}]
60008,1398777768.7716036,[{'idp':  58 ,  'x':  4.72 ,  'y':  -3.1 ,  'r':  0.4 ,  'type':  1}]
60009,1398777768.8115919,[{'idp':  58 ,  'x':  4.68 ,  'y':  -3.11 ,  'r':  0.4 ,  'type':  1}]
60010,1398777768.8116198,[{'idp':  58 ,  'x':  4.68 ,  'y':  -3.13 ,  'r':  0.4 ,  'type':  1}]
60011,1398777768.8516576,[{'idp':  58 ,  'x':  4.68 ,  'y':  -3.1 ,  'r':  0.4 ,  'type':  1}]
60012,1398777768.8597174,[{'idp':  58 ,  'x':  4.67 ,  'y':  -3.08 ,  'r':  0.4 ,  'type':  1}]
60013,1398777768.8996305,[{'idp':  58 ,  'x':  4.66 ,  'y':  -3.07 ,  'r':  0.4 ,  'type':  1}]
60014,1398777768.9396188,[{'idp':  58 ,  'x':  4.65 ,  'y':  -3.08 ,  'r':  0.4 ,  'type':  1}]
60015,1398777768.9396553,[{'idp':  58 ,  'x':  4.64 ,  'y':  -3.07 ,  'r':  0.4 ,  'type':  1}]
60016,1398777768.9796436,[{'idp':  58 ,  'x':  4.64 ,  'y':  -3.07 ,  'r':  0.4 ,  'type':  1}]
60017,1398777768.9859655,[{'idp':  58 ,  'x':  4.64 ,  'y':  -3.07 ,  'r':  0.4 ,  'type':  1}]
60018,1398777769.0236006,[{'idp':  58 ,  'x':  4.62 ,  'y':  -3.08 ,  'r':  0.4 ,  'type':  1}]
60019,1398777769.063642,[{'idp':  58 ,  'x':  4.59 ,  'y':  -3.1 ,  'r':  0.4 ,  'type':  1}]
60020,1398777769.0636654,[{'idp':  58 ,  'x':  4.59 ,  'y':  -3.09 ,  'r':  0.4 ,  'type':  1}]
60021,1398777769.1036444,[{'idp':  58 ,  'x':  4.59 ,  'y':  -3.06 ,  'r':  0.4 ,  'type':  1}]
60022,1398777769.1103225,[{'idp':  58 ,  'x':  4.59 ,  'y':  -3.04 ,  'r':  0.4 ,  'type':  1}]
60023,1398777769.1476183,[{'idp':  58 ,  'x':  4.56 ,  'y':  -3.05 ,  'r':  0.4 ,  'type':  1}]
60024,1398777769.1875563,[{'idp':  58 ,  'x':  4.56 ,  'y':  -3.07 ,  'r':  0.4 ,  'type':  1}]
60025,1398777769.1875877,[{'idp':  58 ,  'x':  4.53 ,  'y':  -3.09 ,  'r':  0.4 ,  'type':  1}]
60026,1398777769.227641,[{'idp':  58 ,  'x':  4.53 ,  'y':  -3.08 ,  'r':  0.4 ,  'type':  1}]
60027,1398777769.2358208,[{'idp':  58 ,  'x':  4.5 ,  'y':  -3.09 ,  'r':  0.4 ,  'type':  1}]
60028,1398777769.275647,[{'idp':  58 ,  'x':  4.49 ,  'y':  -3.08 ,  'r':  0.4 ,  'type':  1}]
60029,1398777769.315741,[{'idp':  58 ,  'x':  4.5 ,  'y':  -3.06 ,  'r':  0.4 ,  'type':  1}]
60030,1398777769.3157754,[{'idp':  58 ,  'x':  4.5 ,  'y':  -3.05 ,  'r':  0.4 ,  'type':  1}]
60031,1398777769.3556108,[{'idp':  58 ,  'x':  4.49 ,  'y':  -3.03 ,  'r':  0.4 ,  'type':  1}]
60032,1398777769.3612032,[{'idp':  58 ,  'x':  4.47 ,  'y':  -3.04 ,  'r':  0.4 ,  'type':  1}]
60033,1398777769.3995824,[{'idp':  58 ,  'x':  4.46 ,  'y':  -3.08 ,  'r':  0.4 ,  'type':  1}]
60034,1398777769.4396486,[{'idp':  58 ,  'x':  4.43 ,  'y':  -3.07 ,  'r':  0.4 ,  'type':  1}]
60035,1398777769.4396834,[{'idp':  58 ,  'x':  4.43 ,  'y':  -3.07 ,  'r':  0.4 ,  'type':  1}]
60036,1398777769.4796448,[{'idp':  58 ,  'x':  4.43 ,  'y':  -3.06 ,  'r':  0.4 ,  'type':  1}]
60037,1398777769.4864511,[{'idp':  58 ,  'x':  4.43 ,  'y':  -3.04 ,  'r':  0.4 ,  'type':  1}]
60038,1398777769.5235543,[{'idp':  58 ,  'x':  4.44 ,  'y':  -3.03 ,  'r':  0.4 ,  'type':  1}]
60039,1398777769.5636015,[{'idp':  58 ,  'x':  4.41 ,  'y':  -3.03 ,  'r':  0.4 ,  'type':  1}]
60040,1398777769.5636342,[{'idp':  58 ,  'x':  4.41 ,  'y':  -3.04 ,  'r':  0.4 ,  'type':  1}]
60041,1398777769.6036448,[{'idp':  58 ,  'x':  4.39 ,  'y':  -3.06 ,  'r':  0.4 ,  'type':  1}]
60042,1398777769.611327,[{'idp':  58 ,  'x':  4.37 ,  'y':  -3.06 ,  'r':  0.4 ,  'type':  1}]
60043,1398777769.6476164,[{'idp':  58 ,  'x':  4.36 ,  'y':  -3.07 ,  'r':  0.4 ,  'type':  1}]
60044,1398777769.6875975,[{'idp':  58 ,  'x':  4.34 ,  'y':  -3.05 ,  'r':  0.4 ,  'type':  1}]
60045,1398777769.7276149,[{'idp':  58 ,  'x':  4.35 ,  'y':  -3.03 ,  'r':  0.4 ,  'type':  1}]
60046,1398777769.727638,[{'idp':  58 ,  'x':  4.34 ,  'y':  -3.02 ,  'r':  0.4 ,  'type':  1}]
60047,1398777769.7676094,[{'idp':  58 ,  'x':  4.32 ,  'y':  -3.04 ,  'r':  0.4 ,  'type':  1}]
60048,1398777769.7676933,[{'idp':  58 ,  'x':  4.3 ,  'y':  -3.05 ,  'r':  0.4 ,  'type':  1}]
60049,1398777769.8076386,[{'idp':  58 ,  'x':  4.28 ,  'y':  -3.07 ,  'r':  0.4 ,  'type':  1}]
60050,1398777769.8121538,[{'idp':  58 ,  'x':  4.3 ,  'y':  -3.06 ,  'r':  0.4 ,  'type':  1}]
60051,1398777769.8515897,[{'idp':  58 ,  'x':  4.28 ,  'y':  -3.05 ,  'r':  0.4 ,  'type':  1}]
60052,1398777769.8915677,[{'idp':  58 ,  'x':  4.27 ,  'y':  -3.05 ,  'r':  0.4 ,  'type':  1}]
60053,1398777769.8915977,[{'idp':  58 ,  'x':  4.27 ,  'y':  -3.04 ,  'r':  0.4 ,  'type':  1}]
60054,1398777769.931604,[{'idp':  58 ,  'x':  4.24 ,  'y':  -3.04 ,  'r':  0.4 ,  'type':  1}]
60055,1398777769.939773,[{'idp':  58 ,  'x':  4.24 ,  'y':  -3.04 ,  'r':  0.4 ,  'type':  1}]
60056,1398777769.9796767,[{'idp':  58 ,  'x':  4.21 ,  'y':  -3.05 ,  'r':  0.4 ,  'type':  1}]
60057,1398777770.0196004,[{'idp':  58 ,  'x':  4.21 ,  'y':  -3.06 ,  'r':  0.4 ,  'type':  1}]
60058,1398777770.019637,[{'idp':  58 ,  'x':  4.19 ,  'y':  -3.05 ,  'r':  0.4 ,  'type':  1}]
60059,1398777770.0596175,[{'idp':  58 ,  'x':  4.19 ,  'y':  -3.05 ,  'r':  0.4 ,  'type':  1}]
60060,1398777770.0644658,[{'idp':  58 ,  'x':  4.19 ,  'y':  -3.03 ,  'r':  0.4 ,  'type':  1}]
60061,1398777770.1035738,[{'idp':  58 ,  'x':  4.17 ,  'y':  -3.04 ,  'r':  0.4 ,  'type':  1}]
60062,1398777770.1435878,[{'idp':  58 ,  'x':  4.15 ,  'y':  -3.06 ,  'r':  0.4 ,  'type':  1}]
60063,1398777770.1436164,[{'idp':  58 ,  'x':  4.15 ,  'y':  -3.07 ,  'r':  0.4 ,  'type':  1}]
60064,1398777770.183748,[{'idp':  58 ,  'x':  4.12 ,  'y':  -3.06 ,  'r':  0.4 ,  'type':  1}]
60065,1398777770.188838,[{'idp':  58 ,  'x':  4.11 ,  'y':  -3.05 ,  'r':  0.4 ,  'type':  1}]
60066,1398777770.2275887,[{'idp':  58 ,  'x':  4.11 ,  'y':  -3.05 ,  'r':  0.4 ,  'type':  1}]
60067,1398777770.2675822,[{'idp':  58 ,  'x':  4.09 ,  'y':  -3.05 ,  'r':  0.4 ,  'type':  1}]
60068,1398777770.2676082,[{'idp':  58 ,  'x':  4.11 ,  'y':  -3.04 ,  'r':  0.4 ,  'type':  1}]
60069,1398777770.3075662,[{'idp':  58 ,  'x':  4.12 ,  'y':  -3.02 ,  'r':  0.4 ,  'type':  1}]
60070,1398777770.3159738,[{'idp':  58 ,  'x':  4.11 ,  'y':  -3.01 ,  'r':  0.4 ,  'type':  1}]
60071,1398777770.3556273,[{'idp':  58 ,  'x':  4.1 ,  'y':  -3.03 ,  'r':  0.4 ,  'type':  1}]
60072,1398777770.3956263,[{'idp':  58 ,  'x':  4.05 ,  'y':  -3.08 ,  'r':  0.4 ,  'type':  1}]
60073,1398777770.39565,[{'idp':  58 ,  'x':  4.0 ,  'y':  -3.12 ,  'r':  0.4 ,  'type':  1}]
60074,1398777770.4356744,[{'idp':  58 ,  'x':  3.97 ,  'y':  -3.14 ,  'r':  0.4 ,  'type':  1}]
60075,1398777770.4415648,[{'idp':  58 ,  'x':  3.98 ,  'y':  -3.12 ,  'r':  0.4 ,  'type':  1}]
60076,1398777770.4795914,[{'idp':  58 ,  'x':  4.0 ,  'y':  -3.08 ,  'r':  0.4 ,  'type':  1}]
60077,1398777770.5196052,[{'idp':  58 ,  'x':  4.02 ,  'y':  -3.03 ,  'r':  0.4 ,  'type':  1}]
60078,1398777770.5196354,[{'idp':  58 ,  'x':  4.04 ,  'y':  -3.0 ,  'r':  0.4 ,  'type':  1}]
60079,1398777770.5596826,[{'idp':  58 ,  'x':  4.04 ,  'y':  -3.0 ,  'r':  0.4 ,  'type':  1}]
60080,1398777770.5670884,[{'idp':  58 ,  'x':  4.01 ,  'y':  -3.02 ,  'r':  0.4 ,  'type':  1}]
60081,1398777770.6035678,[{'idp':  58 ,  'x':  4.0 ,  'y':  -3.03 ,  'r':  0.4 ,  'type':  1}]
60082,1398777770.6436203,[{'idp':  58 ,  'x':  4.0 ,  'y':  -3.03 ,  'r':  0.4 ,  'type':  1}]
60083,1398777770.6436517,[{'idp':  58 ,  'x':  3.97 ,  'y':  -3.03 ,  'r':  0.4 ,  'type':  1}]
60084,1398777770.6836786,[{'idp':  58 ,  'x':  3.95 ,  'y':  -3.04 ,  'r':  0.4 ,  'type':  1}]
60085,1398777770.6920717,[{'idp':  58 ,  'x':  3.93 ,  'y':  -3.07 ,  'r':  0.4 ,  'type':  1}]
60086,1398777770.731626,[{'idp':  58 ,  'x':  3.93 ,  'y':  -3.06 ,  'r':  0.4 ,  'type':  1}]
60087,1398777770.771571,[{'idp':  58 ,  'x':  3.92 ,  'y':  -3.05 ,  'r':  0.4 ,  'type':  1}]
60088,1398777770.7716005,[{'idp':  58 ,  'x':  3.91 ,  'y':  -3.04 ,  'r':  0.4 ,  'type':  1}]
60089,1398777770.811609,[{'idp':  58 ,  'x':  3.93 ,  'y':  -3.04 ,  'r':  0.4 ,  'type':  1}]
60090,1398777770.816717,[{'idp':  58 ,  'x':  3.91 ,  'y':  -3.04 ,  'r':  0.4 ,  'type':  1}]
60091,1398777770.8557506,[{'idp':  58 ,  'x':  3.89 ,  'y':  -3.05 ,  'r':  0.4 ,  'type':  1}]
60092,1398777770.8956487,[{'idp':  58 ,  'x':  3.87 ,  'y':  -3.07 ,  'r':  0.4 ,  'type':  1}]
60093,1398777770.8956864,[{'idp':  58 ,  'x':  3.86 ,  'y':  -3.08 ,  'r':  0.4 ,  'type':  1}]
60094,1398777770.9356399,[{'idp':  58 ,  'x':  3.85 ,  'y':  -3.09 ,  'r':  0.4 ,  'type':  1}]
60095,1398777770.940653,[{'idp':  58 ,  'x':  3.84 ,  'y':  -3.09 ,  'r':  0.4 ,  'type':  1}]
60096,1398777770.9796524,[{'idp':  58 ,  'x':  3.84 ,  'y':  -3.09 ,  'r':  0.4 ,  'type':  1}]
60097,1398777771.0196133,[{'idp':  58 ,  'x':  3.82 ,  'y':  -3.09 ,  'r':  0.4 ,  'type':  1}]
60098,1398777771.019646,[{'idp':  58 ,  'x':  3.83 ,  'y':  -3.09 ,  'r':  0.4 ,  'type':  1}]
60099,1398777771.0597422,[{'idp':  58 ,  'x':  3.82 ,  'y':  -3.08 ,  'r':  0.4 ,  'type':  1}]
60100,1398777771.0687413,[{'idp':  58 ,  'x':  3.81 ,  'y':  -3.07 ,  'r':  0.4 ,  'type':  1}]
60101,1398777771.1076622,[{'idp':  58 ,  'x':  3.81 ,  'y':  -3.08 ,  'r':  0.4 ,  'type':  1}]
60102,1398777771.14762,[{'idp':  58 ,  'x':  3.79 ,  'y':  -3.09 ,  'r':  0.4 ,  'type':  1}]
60103,1398777771.147652,[{'idp':  58 ,  'x':  3.77 ,  'y':  -3.1 ,  'r':  0.4 ,  'type':  1}]
60104,1398777771.1876185,[{'idp':  58 ,  'x':  3.76 ,  'y':  -3.09 ,  'r':  0.4 ,  'type':  1}]
60105,1398777771.1920989,[{'idp':  58 ,  'x':  3.77 ,  'y':  -3.08 ,  'r':  0.4 ,  'type':  1}]
60106,1398777771.2316349,[{'idp':  58 ,  'x':  3.76 ,  'y':  -3.08 ,  'r':  0.4 ,  'type':  1}]
60107,1398777771.2715948,[{'idp':  58 ,  'x':  3.75 ,  'y':  -3.1 ,  'r':  0.4 ,  'type':  1}]
60108,1398777771.271628,[{'idp':  58 ,  'x':  3.73 ,  'y':  -3.11 ,  'r':  0.4 ,  'type':  1}]
60109,1398777771.3115876,[{'idp':  58 ,  'x':  3.71 ,  'y':  -3.11 ,  'r':  0.4 ,  'type':  1}]
60110,1398777771.3165138,[{'idp':  58 ,  'x':  3.71 ,  'y':  -3.11 ,  'r':  0.4 ,  'type':  1}]
60111,1398777771.3556745,[{'idp':  58 ,  'x':  3.7 ,  'y':  -3.13 ,  'r':  0.4 ,  'type':  1}]
60112,1398777771.3955808,[{'idp':  58 ,  'x':  3.71 ,  'y':  -3.13 ,  'r':  0.4 ,  'type':  1}]
60113,1398777771.3956141,[{'idp':  58 ,  'x':  3.71 ,  'y':  -3.13 ,  'r':  0.4 ,  'type':  1}]
60114,1398777771.435625,[{'idp':  58 ,  'x':  3.71 ,  'y':  -3.14 ,  'r':  0.4 ,  'type':  1}]
60115,1398777771.4428368,[{'idp':  58 ,  'x':  3.69 ,  'y':  -3.16 ,  'r':  0.4 ,  'type':  1}]
60116,1398777771.4796624,[{'idp':  58 ,  'x':  3.67 ,  'y':  -3.2 ,  'r':  0.4 ,  'type':  1}]
60117,1398777771.519598,[{'idp':  58 ,  'x':  3.64 ,  'y':  -3.23 ,  'r':  0.4 ,  'type':  1}]
60118,1398777771.5196316,[{'idp':  58 ,  'x':  3.62 ,  'y':  -3.24 ,  'r':  0.4 ,  'type':  1}]
60119,1398777771.5596132,[{'idp':  58 ,  'x':  3.62 ,  'y':  -3.23 ,  'r':  0.4 ,  'type':  1}]
60120,1398777771.5680482,[{'idp':  58 ,  'x':  3.63 ,  'y':  -3.21 ,  'r':  0.4 ,  'type':  1}]
60121,1398777771.6075819,[{'idp':  58 ,  'x':  3.63 ,  'y':  -3.21 ,  'r':  0.4 ,  'type':  1}]
60122,1398777771.6476488,[{'idp':  58 ,  'x':  3.62 ,  'y':  -3.21 ,  'r':  0.4 ,  'type':  1}]
60123,1398777771.647689,[{'idp':  58 ,  'x':  3.6 ,  'y':  -3.23 ,  'r':  0.4 ,  'type':  1}]
60124,1398777771.6876323,[{'idp':  58 ,  'x':  3.58 ,  'y':  -3.24 ,  'r':  0.4 ,  'type':  1}]
60125,1398777771.693214,[{'idp':  58 ,  'x':  3.57 ,  'y':  -3.25 ,  'r':  0.4 ,  'type':  1}]
60126,1398777771.731561,[{'idp':  58 ,  'x':  3.54 ,  'y':  -3.27 ,  'r':  0.4 ,  'type':  1}]
60127,1398777771.7716506,[{'idp':  58 ,  'x':  3.53 ,  'y':  -3.27 ,  'r':  0.4 ,  'type':  1}]
60128,1398777771.7717464,[{'idp':  58 ,  'x':  3.52 ,  'y':  -3.27 ,  'r':  0.4 ,  'type':  1}]
60129,1398777771.811639,[{'idp':  58 ,  'x':  3.5 ,  'y':  -3.29 ,  'r':  0.4 ,  'type':  1}]
60130,1398777771.8181458,[{'idp':  58 ,  'x':  3.49 ,  'y':  -3.3 ,  'r':  0.4 ,  'type':  1}]
60131,1398777771.8555758,[{'idp':  58 ,  'x':  3.47 ,  'y':  -3.32 ,  'r':  0.4 ,  'type':  1}]
60132,1398777771.89553,[{'idp':  58 ,  'x':  3.46 ,  'y':  -3.33 ,  'r':  0.4 ,  'type':  1}]
60133,1398777771.8955624,[{'idp':  58 ,  'x':  3.44 ,  'y':  -3.35 ,  'r':  0.4 ,  'type':  1}]
60134,1398777771.93563,[{'idp':  58 ,  'x':  3.45 ,  'y':  -3.34 ,  'r':  0.4 ,  'type':  1}]
60135,1398777771.9477994,[{'idp':  58 ,  'x':  3.45 ,  'y':  -3.33 ,  'r':  0.4 ,  'type':  1}]
60136,1398777771.9875987,[{'idp':  58 ,  'x':  3.44 ,  'y':  -3.33 ,  'r':  0.4 ,  'type':  1}]
60137,1398777772.0276198,[{'idp':  58 ,  'x':  3.44 ,  'y':  -3.32 ,  'r':  0.4 ,  'type':  1}]
60138,1398777772.0276537,[{'idp':  58 ,  'x':  3.43 ,  'y':  -3.32 ,  'r':  0.4 ,  'type':  1}]
60139,1398777772.067586,[{'idp':  58 ,  'x':  3.41 ,  'y':  -3.34 ,  'r':  0.4 ,  'type':  1}]
60140,1398777772.0693364,[{'idp':  58 ,  'x':  3.39 ,  'y':  -3.36 ,  'r':  0.4 ,  'type':  1}]
60141,1398777772.1076202,[{'idp':  58 ,  'x':  3.37 ,  'y':  -3.36 ,  'r':  0.4 ,  'type':  1}]
60142,1398777772.1476514,[{'idp':  58 ,  'x':  3.34 ,  'y':  -3.38 ,  'r':  0.4 ,  'type':  1}]
60143,1398777772.1476731,[{'idp':  58 ,  'x':  3.32 ,  'y':  -3.39 ,  'r':  0.4 ,  'type':  1}]
60144,1398777772.1876917,[{'idp':  58 ,  'x':  3.33 ,  'y':  -3.37 ,  'r':  0.4 ,  'type':  1}]
60145,1398777772.195087,[{'idp':  58 ,  'x':  3.32 ,  'y':  -3.38 ,  'r':  0.4 ,  'type':  1}]
60146,1398777772.2315428,[{'idp':  58 ,  'x':  3.32 ,  'y':  -3.38 ,  'r':  0.4 ,  'type':  1}]
60147,1398777772.2716842,[{'idp':  58 ,  'x':  3.29 ,  'y':  -3.41 ,  'r':  0.4 ,  'type':  1}]
60148,1398777772.2717273,[{'idp':  58 ,  'x':  3.28 ,  'y':  -3.43 ,  'r':  0.4 ,  'type':  1}]
60149,1398777772.3115869,[{'idp':  58 ,  'x':  3.26 ,  'y':  -3.44 ,  'r':  0.4 ,  'type':  1}]
60150,1398777772.3199522,[{'idp':  58 ,  'x':  3.25 ,  'y':  -3.47 ,  'r':  0.4 ,  'type':  1}]
60151,1398777772.3595784,[{'idp':  58 ,  'x':  3.23 ,  'y':  -3.49 ,  'r':  0.4 ,  'type':  1}]
60152,1398777772.3995717,[{'idp':  58 ,  'x':  3.22 ,  'y':  -3.52 ,  'r':  0.4 ,  'type':  1}]
60153,1398777772.399599,[{'idp':  58 ,  'x':  3.22 ,  'y':  -3.53 ,  'r':  0.4 ,  'type':  1}]
60154,1398777772.439575,[{'idp':  58 ,  'x':  3.21 ,  'y':  -3.53 ,  'r':  0.4 ,  'type':  1}]
60155,1398777772.4453466,[{'idp':  58 ,  'x':  3.2 ,  'y':  -3.53 ,  'r':  0.4 ,  'type':  1}]
60156,1398777772.4836857,[{'idp':  58 ,  'x':  3.17 ,  'y':  -3.55 ,  'r':  0.4 ,  'type':  1}]
60157,1398777772.523643,[{'idp':  58 ,  'x':  3.15 ,  'y':  -3.57 ,  'r':  0.4 ,  'type':  1}]
60158,1398777772.5237339,[{'idp':  58 ,  'x':  3.13 ,  'y':  -3.59 ,  'r':  0.4 ,  'type':  1}]
60159,1398777772.563625,[{'idp':  58 ,  'x':  3.1 ,  'y':  -3.61 ,  'r':  0.4 ,  'type':  1}]
60160,1398777772.57183,[{'idp':  58 ,  'x':  3.09 ,  'y':  -3.61 ,  'r':  0.4 ,  'type':  1}]
60161,1398777772.61155,[{'idp':  58 ,  'x':  3.07 ,  'y':  -3.61 ,  'r':  0.4 ,  'type':  1}]
60162,1398777772.6516633,[{'idp':  58 ,  'x':  3.08 ,  'y':  -3.6 ,  'r':  0.4 ,  'type':  1}]
60163,1398777772.6516938,[{'idp':  58 ,  'x':  3.06 ,  'y':  -3.6 ,  'r':  0.4 ,  'type':  1}]
60164,1398777772.6916137,[{'idp':  58 ,  'x':  3.04 ,  'y':  -3.62 ,  'r':  0.4 ,  'type':  1}]
60165,1398777772.6960988,[{'idp':  58 ,  'x':  3.0 ,  'y':  -3.64 ,  'r':  0.4 ,  'type':  1}]
60166,1398777772.7355688,[{'idp':  58 ,  'x':  2.95 ,  'y':  -3.66 ,  'r':  0.4 ,  'type':  1}]
60167,1398777772.7755773,[{'idp':  58 ,  'x':  2.91 ,  'y':  -3.66 ,  'r':  0.4 ,  'type':  1}]
60168,1398777772.7756102,[{'idp':  58 ,  'x':  2.92 ,  'y':  -3.63 ,  'r':  0.4 ,  'type':  1}]
60169,1398777772.815628,[{'idp':  58 ,  'x':  2.9 ,  'y':  -3.6 ,  'r':  0.4 ,  'type':  1}]
60170,1398777772.8220108,[{'idp':  58 ,  'x':  2.9 ,  'y':  -3.59 ,  'r':  0.4 ,  'type':  1}]
60171,1398777772.859573,[{'idp':  58 ,  'x':  2.88 ,  'y':  -3.62 ,  'r':  0.4 ,  'type':  1}]
60172,1398777772.8995988,[{'idp':  58 ,  'x':  2.85 ,  'y':  -3.63 ,  'r':  0.4 ,  'type':  1}]
60173,1398777772.899631,[{'idp':  58 ,  'x':  2.84 ,  'y':  -3.65 ,  'r':  0.4 ,  'type':  1}]
60174,1398777772.939611,[{'idp':  58 ,  'x':  2.83 ,  'y':  -3.67 ,  'r':  0.4 ,  'type':  1}]
60175,1398777772.9472344,[{'idp':  58 ,  'x':  2.82 ,  'y':  -3.71 ,  'r':  0.4 ,  'type':  1}]
60176,1398777772.9835718,[{'idp':  58 ,  'x':  2.82 ,  'y':  -3.71 ,  'r':  0.4 ,  'type':  1}]
60177,1398777773.0235972,[{'idp':  58 ,  'x':  2.8 ,  'y':  -3.73 ,  'r':  0.4 ,  'type':  1}]
60178,1398777773.0236251,[{'idp':  58 ,  'x':  2.77 ,  'y':  -3.73 ,  'r':  0.4 ,  'type':  1}]
60179,1398777773.0635703,[{'idp':  58 ,  'x':  2.75 ,  'y':  -3.73 ,  'r':  0.4 ,  'type':  1}]
60180,1398777773.072562,[{'idp':  58 ,  'x':  2.74 ,  'y':  -3.74 ,  'r':  0.4 ,  'type':  1}]
60181,1398777773.1116056,[{'idp':  58 ,  'x':  2.74 ,  'y':  -3.75 ,  'r':  0.4 ,  'type':  1}]
60182,1398777773.1515946,[{'idp':  58 ,  'x':  2.74 ,  'y':  -3.75 ,  'r':  0.4 ,  'type':  1}]
60183,1398777773.1516254,[{'idp':  58 ,  'x':  2.72 ,  'y':  -3.77 ,  'r':  0.4 ,  'type':  1}]
60184,1398777773.1916134,[{'idp':  58 ,  'x':  2.69 ,  'y':  -3.77 ,  'r':  0.4 ,  'type':  1}]
60185,1398777773.1979485,[{'idp':  58 ,  'x':  2.65 ,  'y':  -3.79 ,  'r':  0.4 ,  'type':  1}]
60186,1398777773.2355933,[{'idp':  58 ,  'x':  2.64 ,  'y':  -3.85 ,  'r':  0.4 ,  'type':  1}]
60187,1398777773.275596,[{'idp':  58 ,  'x':  2.66 ,  'y':  -3.88 ,  'r':  0.4 ,  'type':  1}]
60188,1398777773.2756133,[{'idp':  58 ,  'x':  2.66 ,  'y':  -3.92 ,  'r':  0.4 ,  'type':  1}]
60189,1398777773.315578,[{'idp':  58 ,  'x':  2.64 ,  'y':  -3.95 ,  'r':  0.4 ,  'type':  1}]
60190,1398777773.3236096,[{'idp':  58 ,  'x':  2.62 ,  'y':  -3.98 ,  'r':  0.4 ,  'type':  1}]
60191,1398777773.3636293,[{'idp':  58 ,  'x':  2.6 ,  'y':  -4.0 ,  'r':  0.4 ,  'type':  1}]
60192,1398777773.403581,[{'idp':  58 ,  'x':  2.59 ,  'y':  -4.01 ,  'r':  0.4 ,  'type':  1}]
60193,1398777773.40361,[{'idp':  58 ,  'x':  2.61 ,  'y':  -4.0 ,  'r':  0.4 ,  'type':  1}]
60194,1398777773.4439971,[{'idp':  58 ,  'x':  2.63 ,  'y':  -4.0 ,  'r':  0.4 ,  'type':  1}]
60195,1398777773.4495966,[{'idp':  58 ,  'x':  2.63 ,  'y':  -4.0 ,  'r':  0.4 ,  'type':  1}]
60196,1398777773.4876046,[{'idp':  58 ,  'x':  2.6 ,  'y':  -4.02 ,  'r':  0.4 ,  'type':  1}]
60197,1398777773.5276246,[{'idp':  58 ,  'x':  2.58 ,  'y':  -4.04 ,  'r':  0.4 ,  'type':  1}]
60198,1398777773.527658,[{'idp':  58 ,  'x':  2.56 ,  'y':  -4.06 ,  'r':  0.4 ,  'type':  1}]
60199,1398777773.5676296,[{'idp':  58 ,  'x':  2.56 ,  'y':  -4.06 ,  'r':  0.4 ,  'type':  1}]
60200,1398777773.5743358,[{'idp':  58 ,  'x':  2.56 ,  'y':  -4.06 ,  'r':  0.4 ,  'type':  1}]
60201,1398777773.6115866,[{'idp':  58 ,  'x':  2.52 ,  'y':  -4.08 ,  'r':  0.4 ,  'type':  1}]
60202,1398777773.6516175,[{'idp':  58 ,  'x':  2.52 ,  'y':  -4.08 ,  'r':  0.4 ,  'type':  1}]
60203,1398777773.6516495,[{'idp':  58 ,  'x':  2.52 ,  'y':  -4.08 ,  'r':  0.4 ,  'type':  1}]
60204,1398777773.6916113,[{'idp':  58 ,  'x':  2.52 ,  'y':  -4.07 ,  'r':  0.4 ,  'type':  1}]
60205,1398777773.6995745,[{'idp':  58 ,  'x':  2.54 ,  'y':  -4.06 ,  'r':  0.4 ,  'type':  1}]
60206,1398777773.7396579,[{'idp':  58 ,  'x':  2.54 ,  'y':  -4.06 ,  'r':  0.4 ,  'type':  1}]
60207,1398777773.7795923,[{'idp':  58 ,  'x':  2.52 ,  'y':  -4.06 ,  'r':  0.4 ,  'type':  1}]
60208,1398777773.7796223,[{'idp':  58 ,  'x':  2.49 ,  'y':  -4.08 ,  'r':  0.4 ,  'type':  1}]
60209,1398777773.8196445,[{'idp':  58 ,  'x':  2.49 ,  'y':  -4.08 ,  'r':  0.4 ,  'type':  1}]
60210,1398777773.8251708,[{'idp':  58 ,  'x':  2.52 ,  'y':  -4.06 ,  'r':  0.4 ,  'type':  1}]
60211,1398777773.8635767,[{'idp':  58 ,  'x':  2.55 ,  'y':  -4.03 ,  'r':  0.4 ,  'type':  1}]
60212,1398777773.9035513,[{'idp':  58 ,  'x':  2.6 ,  'y':  -3.99 ,  'r':  0.4 ,  'type':  1}]
60213,1398777773.9035873,[{'idp':  58 ,  'x':  2.61 ,  'y':  -3.98 ,  'r':  0.4 ,  'type':  1}]
60214,1398777773.943654,[{'idp':  58 ,  'x':  2.59 ,  'y':  -3.98 ,  'r':  0.4 ,  'type':  1}]
60215,1398777773.9518523,[{'idp':  58 ,  'x':  2.58 ,  'y':  -3.98 ,  'r':  0.4 ,  'type':  1}]
60216,1398777773.9915512,[{'idp':  58 ,  'x':  2.59 ,  'y':  -3.97 ,  'r':  0.4 ,  'type':  1}]
60217,1398777774.0316627,[{'idp':  58 ,  'x':  2.61 ,  'y':  -3.97 ,  'r':  0.4 ,  'type':  1}]
60218,1398777774.0316927,[{'idp':  58 ,  'x':  2.61 ,  'y':  -3.98 ,  'r':  0.4 ,  'type':  1}]
60219,1398777774.0716681,[{'idp':  58 ,  'x':  2.6 ,  'y':  -3.98 ,  'r':  0.4 ,  'type':  1}]
60220,1398777774.0760028,[{'idp':  58 ,  'x':  2.6 ,  'y':  -3.99 ,  'r':  0.4 ,  'type':  1}]
60221,1398777774.1155975,[{'idp':  58 ,  'x':  2.59 ,  'y':  -3.99 ,  'r':  0.4 ,  'type':  1}]
60222,1398777774.1555934,[{'idp':  58 ,  'x':  2.59 ,  'y':  -3.99 ,  'r':  0.4 ,  'type':  1}]
60223,1398777774.1556268,[{'idp':  58 ,  'x':  2.59 ,  'y':  -3.99 ,  'r':  0.4 ,  'type':  1}]
60224,1398777774.1956463,[{'idp':  58 ,  'x':  2.6 ,  'y':  -3.97 ,  'r':  0.4 ,  'type':  1}]
60225,1398777774.2019181,[{'idp':  58 ,  'x':  2.61 ,  'y':  -3.96 ,  'r':  0.4 ,  'type':  1}]
60226,1398777774.2395923,[{'idp':  58 ,  'x':  2.61 ,  'y':  -3.95 ,  'r':  0.4 ,  'type':  1}]
60227,1398777774.2795827,[{'idp':  58 ,  'x':  2.63 ,  'y':  -3.94 ,  'r':  0.4 ,  'type':  1}]
60228,1398777774.279612,[{'idp':  58 ,  'x':  2.6 ,  'y':  -3.96 ,  'r':  0.4 ,  'type':  1}]
60229,1398777774.3196037,[{'idp':  58 ,  'x':  2.56 ,  'y':  -3.98 ,  'r':  0.4 ,  'type':  1}]
60230,1398777774.329103,[{'idp':  58 ,  'x':  2.53 ,  'y':  -3.99 ,  'r':  0.4 ,  'type':  1}]
60231,1398777774.3676286,[{'idp':  58 ,  'x':  2.5 ,  'y':  -4.0 ,  'r':  0.4 ,  'type':  1}]
60232,1398777774.407576,[{'idp':  58 ,  'x':  2.49 ,  'y':  -4.0 ,  'r':  0.4 ,  'type':  1}]
60233,1398777774.407607,[{'idp':  58 ,  'x':  2.49 ,  'y':  -3.97 ,  'r':  0.4 ,  'type':  1}]
60234,1398777774.4476297,[{'idp':  58 ,  'x':  2.51 ,  'y':  -3.95 ,  'r':  0.4 ,  'type':  1}]
60235,1398777774.4548147,[{'idp':  58 ,  'x':  2.5 ,  'y':  -3.93 ,  'r':  0.4 ,  'type':  1}]
60236,1398777774.4915965,[{'idp':  58 ,  'x':  2.52 ,  'y':  -3.93 ,  'r':  0.4 ,  'type':  1}]
60237,1398777774.5315468,[{'idp':  58 ,  'x':  2.5 ,  'y':  -3.94 ,  'r':  0.4 ,  'type':  1}]
60238,1398777774.5315769,[{'idp':  58 ,  'x':  2.47 ,  'y':  -3.95 ,  'r':  0.4 ,  'type':  1}]
60239,1398777774.5715709,[{'idp':  58 ,  'x':  2.47 ,  'y':  -3.96 ,  'r':  0.4 ,  'type':  1}]
60240,1398777774.5798295,[{'idp':  58 ,  'x':  2.47 ,  'y':  -3.97 ,  'r':  0.4 ,  'type':  1}]
60241,1398777774.6196425,[{'idp':  58 ,  'x':  2.46 ,  'y':  -3.96 ,  'r':  0.4 ,  'type':  1}]
60242,1398777774.6596618,[{'idp':  58 ,  'x':  2.46 ,  'y':  -3.96 ,  'r':  0.4 ,  'type':  1}]
60243,1398777774.659693,[{'idp':  58 ,  'x':  2.46 ,  'y':  -3.94 ,  'r':  0.4 ,  'type':  1}]
60244,1398777774.6997094,[{'idp':  58 ,  'x':  2.5 ,  'y':  -3.92 ,  'r':  0.4 ,  'type':  1}]
60245,1398777774.7034528,[{'idp':  58 ,  'x':  2.5 ,  'y':  -3.91 ,  'r':  0.4 ,  'type':  1}]
60246,1398777774.7396283,[{'idp':  58 ,  'x':  2.53 ,  'y':  -3.9 ,  'r':  0.4 ,  'type':  1}]
60247,1398777774.7796013,[{'idp':  58 ,  'x':  2.57 ,  'y':  -3.88 ,  'r':  0.4 ,  'type':  1}]
60248,1398777774.7796302,[{'idp':  58 ,  'x':  2.62 ,  'y':  -3.86 ,  'r':  0.4 ,  'type':  1}]
60249,1398777774.819609,[{'idp':  58 ,  'x':  2.64 ,  'y':  -3.87 ,  'r':  0.4 ,  'type':  1}]
60250,1398777774.8285363,[{'idp':  58 ,  'x':  2.61 ,  'y':  -3.89 ,  'r':  0.4 ,  'type':  1}]
60251,1398777774.8676972,[{'idp':  58 ,  'x':  2.61 ,  'y':  -3.9 ,  'r':  0.4 ,  'type':  1}]
60252,1398777774.9075873,[{'idp':  58 ,  'x':  2.62 ,  'y':  -3.89 ,  'r':  0.4 ,  'type':  1}]
60253,1398777774.9076173,[{'idp':  58 ,  'x':  2.63 ,  'y':  -3.88 ,  'r':  0.4 ,  'type':  1}]
60254,1398777774.9476085,[{'idp':  58 ,  'x':  2.68 ,  'y':  -3.86 ,  'r':  0.4 ,  'type':  1}]
60255,1398777774.9539847,[{'idp':  58 ,  'x':  2.72 ,  'y':  -3.84 ,  'r':  0.4 ,  'type':  1}]
60256,1398777774.9915724,[{'idp':  58 ,  'x':  2.73 ,  'y':  -3.85 ,  'r':  0.4 ,  'type':  1}]
60257,1398777775.0315847,[{'idp':  58 ,  'x':  2.73 ,  'y':  -3.86 ,  'r':  0.4 ,  'type':  1}]
60258,1398777775.0316167,[{'idp':  58 ,  'x':  2.71 ,  'y':  -3.87 ,  'r':  0.4 ,  'type':  1}]
60259,1398777775.0716577,[{'idp':  58 ,  'x':  2.72 ,  'y':  -3.88 ,  'r':  0.4 ,  'type':  1}]
60260,1398777775.079369,[{'idp':  58 ,  'x':  2.73 ,  'y':  -3.87 ,  'r':  0.4 ,  'type':  1}]
60261,1398777775.1155798,[{'idp':  58 ,  'x':  2.78 ,  'y':  -3.85 ,  'r':  0.4 ,  'type':  1}]
60262,1398777775.1555555,[{'idp':  58 ,  'x':  2.82 ,  'y':  -3.83 ,  'r':  0.4 ,  'type':  1}]
60263,1398777775.1555817,[{'idp':  58 ,  'x':  2.87 ,  'y':  -3.81 ,  'r':  0.4 ,  'type':  1}]
60264,1398777775.1956208,[{'idp':  58 ,  'x':  2.89 ,  'y':  -3.82 ,  'r':  0.4 ,  'type':  1}]
60265,1398777775.204844,[{'idp':  58 ,  'x':  2.88 ,  'y':  -3.84 ,  'r':  0.4 ,  'type':  1}]
60266,1398777775.2435844,[{'idp':  58 ,  'x':  2.86 ,  'y':  -3.85 ,  'r':  0.4 ,  'type':  1}]
60267,1398777775.2836568,[{'idp':  58 ,  'x':  2.87 ,  'y':  -3.86 ,  'r':  0.4 ,  'type':  1}]
60268,1398777775.28368,[{'idp':  58 ,  'x':  2.87 ,  'y':  -3.86 ,  'r':  0.4 ,  'type':  1}]
60269,1398777775.323618,[{'idp':  58 ,  'x':  2.88 ,  'y':  -3.86 ,  'r':  0.4 ,  'type':  1}]
60270,1398777775.330709,[{'idp':  58 ,  'x':  2.88 ,  'y':  -3.86 ,  'r':  0.4 ,  'type':  1}]
60271,1398777775.367638,[{'idp':  58 ,  'x':  2.88 ,  'y':  -3.87 ,  'r':  0.4 ,  'type':  1}]
60272,1398777775.4075341,[{'idp':  58 ,  'x':  2.88 ,  'y':  -3.87 ,  'r':  0.4 ,  'type':  1}]
60273,1398777775.407563,[{'idp':  58 ,  'x':  2.87 ,  'y':  -3.88 ,  'r':  0.4 ,  'type':  1}]
60274,1398777775.4476032,[{'idp':  58 ,  'x':  2.86 ,  'y':  -3.88 ,  'r':  0.4 ,  'type':  1}]
60275,1398777775.4568481,[{'idp':  58 ,  'x':  2.86 ,  'y':  -3.9 ,  'r':  0.4 ,  'type':  1}]
60276,1398777775.495656,[{'idp':  58 ,  'x':  2.85 ,  'y':  -3.92 ,  'r':  0.4 ,  'type':  1}]
60277,1398777775.5356596,[{'idp':  58 ,  'x':  2.84 ,  'y':  -3.93 ,  'r':  0.4 ,  'type':  1}]
60278,1398777775.535688,[{'idp':  58 ,  'x':  2.81 ,  'y':  -3.95 ,  'r':  0.4 ,  'type':  1}]
60279,1398777775.575709,[{'idp':  58 ,  'x':  2.8 ,  'y':  -3.98 ,  'r':  0.4 ,  'type':  1}]
60280,1398777775.580961,[{'idp':  58 ,  'x':  2.81 ,  'y':  -3.98 ,  'r':  0.4 ,  'type':  1}]
60281,1398777775.6195943,[{'idp':  58 ,  'x':  2.81 ,  'y':  -3.97 ,  'r':  0.4 ,  'type':  1}]
60282,1398777775.6596165,[{'idp':  58 ,  'x':  2.79 ,  'y':  -4.01 ,  'r':  0.4 ,  'type':  1}]
60283,1398777775.6596465,[{'idp':  58 ,  'x':  2.76 ,  'y':  -4.04 ,  'r':  0.4 ,  'type':  1}]
60284,1398777775.6995735,[{'idp':  58 ,  'x':  2.74 ,  'y':  -4.04 ,  'r':  0.4 ,  'type':  1}]
60285,1398777775.706715,[{'idp':  58 ,  'x':  2.73 ,  'y':  -4.06 ,  'r':  0.4 ,  'type':  1}]
60286,1398777775.7436562,[{'idp':  58 ,  'x':  2.73 ,  'y':  -4.07 ,  'r':  0.4 ,  'type':  1}]
60287,1398777775.7836506,[{'idp':  58 ,  'x':  2.75 ,  'y':  -4.06 ,  'r':  0.4 ,  'type':  1}]
60288,1398777775.7836785,[{'idp':  58 ,  'x':  2.75 ,  'y':  -4.08 ,  'r':  0.4 ,  'type':  1}]
60289,1398777775.8236117,[{'idp':  58 ,  'x':  2.74 ,  'y':  -4.11 ,  'r':  0.4 ,  'type':  1}]
60290,1398777775.8322964,[{'idp':  58 ,  'x':  2.72 ,  'y':  -4.15 ,  'r':  0.4 ,  'type':  1}]
60291,1398777775.8716574,[{'idp':  58 ,  'x':  2.69 ,  'y':  -4.18 ,  'r':  0.4 ,  'type':  1}]
60292,1398777775.9116957,[{'idp':  58 ,  'x':  2.64 ,  'y':  -4.23 ,  'r':  0.4 ,  'type':  1}]
60293,1398777775.9117289,[{'idp':  58 ,  'x':  2.6 ,  'y':  -4.26 ,  'r':  0.4 ,  'type':  1}]
60294,1398777775.9516313,[{'idp':  58 ,  'x':  2.56 ,  'y':  -4.29 ,  'r':  0.4 ,  'type':  1}]
60295,1398777775.9584868,[{'idp':  58 ,  'x':  2.55 ,  'y':  -4.31 ,  'r':  0.4 ,  'type':  1}]
60296,1398777775.9955988,[{'idp':  58 ,  'x':  2.53 ,  'y':  -4.34 ,  'r':  0.4 ,  'type':  1}]
60297,1398777776.035597,[{'idp':  58 ,  'x':  2.5 ,  'y':  -4.37 ,  'r':  0.4 ,  'type':  1}]
60298,1398777776.0356262,[{'idp':  58 ,  'x':  2.47 ,  'y':  -4.41 ,  'r':  0.4 ,  'type':  1}]
60299,1398777776.0756543,[{'idp':  58 ,  'x':  2.41 ,  'y':  -4.44 ,  'r':  0.4 ,  'type':  1}]
60300,1398777776.083739,[{'idp':  58 ,  'x':  2.37 ,  'y':  -4.48 ,  'r':  0.4 ,  'type':  1}]
60301,1398777776.1236212,[{'idp':  58 ,  'x':  2.33 ,  'y':  -4.49 ,  'r':  0.4 ,  'type':  1}]
60302,1398777776.1635861,[{'idp':  58 ,  'x':  2.29 ,  'y':  -4.52 ,  'r':  0.4 ,  'type':  1}]
60303,1398777776.1636238,[{'idp':  58 ,  'x':  2.25 ,  'y':  -4.54 ,  'r':  0.4 ,  'type':  1}]
60304,1398777776.2036238,[{'idp':  58 ,  'x':  2.23 ,  'y':  -4.56 ,  'r':  0.4 ,  'type':  1}]
60305,1398777776.2081726,[{'idp':  58 ,  'x':  2.17 ,  'y':  -4.59 ,  'r':  0.4 ,  'type':  1}]
60306,1398777776.2475634,[{'idp':  58 ,  'x':  2.11 ,  'y':  -4.62 ,  'r':  0.4 ,  'type':  1}]
60307,1398777776.2876525,[{'idp':  58 ,  'x':  2.06 ,  'y':  -4.65 ,  'r':  0.4 ,  'type':  1}]
60308,1398777776.2876832,[{'idp':  58 ,  'x':  2.04 ,  'y':  -4.66 ,  'r':  0.4 ,  'type':  1}]
60309,1398777776.3276203,[{'idp':  58 ,  'x':  2.02 ,  'y':  -4.68 ,  'r':  0.4 ,  'type':  1}]
60310,1398777776.3338442,[{'idp':  58 ,  'x':  2.02 ,  'y':  -4.69 ,  'r':  0.4 ,  'type':  1}]
60311,1398777776.3715699,[{'idp':  58 ,  'x':  1.98 ,  'y':  -4.71 ,  'r':  0.4 ,  'type':  1}]
60312,1398777776.4115343,[{'idp':  58 ,  'x':  1.95 ,  'y':  -4.73 ,  'r':  0.4 ,  'type':  1}]
60313,1398777776.4115639,[{'idp':  58 ,  'x':  1.91 ,  'y':  -4.75 ,  'r':  0.4 ,  'type':  1}]
60314,1398777776.4516635,[{'idp':  58 ,  'x':  1.89 ,  'y':  -4.78 ,  'r':  0.4 ,  'type':  1}]
60315,1398777776.4590838,[{'idp':  58 ,  'x':  1.88 ,  'y':  -4.79 ,  'r':  0.4 ,  'type':  1}]
60316,1398777776.4955542,[{'idp':  58 ,  'x':  1.89 ,  'y':  -4.8 ,  'r':  0.4 ,  'type':  1}]
60317,1398777776.535585,[{'idp':  58 ,  'x':  1.87 ,  'y':  -4.82 ,  'r':  0.4 ,  'type':  1}]
60318,1398777776.5356133,[{'idp':  58 ,  'x':  1.86 ,  'y':  -4.83 ,  'r':  0.4 ,  'type':  1}]
60319,1398777776.5756571,[{'idp':  58 ,  'x':  1.84 ,  'y':  -4.84 ,  'r':  0.4 ,  'type':  1}]
60320,1398777776.5852852,[{'idp':  58 ,  'x':  1.82 ,  'y':  -4.85 ,  'r':  0.4 ,  'type':  1}]
60321,1398777776.623726,[{'idp':  58 ,  'x':  1.81 ,  'y':  -4.87 ,  'r':  0.4 ,  'type':  1}]
60322,1398777776.6637013,[{'idp':  58 ,  'x':  1.81 ,  'y':  -4.87 ,  'r':  0.4 ,  'type':  1}]
60323,1398777776.66378,[{'idp':  58 ,  'x':  1.82 ,  'y':  -4.87 ,  'r':  0.4 ,  'type':  1}]
60324,1398777776.703596,[{'idp':  58 ,  'x':  1.81 ,  'y':  -4.9 ,  'r':  0.4 ,  'type':  1}]
60325,1398777776.7096612,[{'idp':  58 ,  'x':  1.79 ,  'y':  -4.91 ,  'r':  0.4 ,  'type':  1}]
60326,1398777776.747635,[{'idp':  58 ,  'x':  1.76 ,  'y':  -4.93 ,  'r':  0.4 ,  'type':  1}]
60327,1398777776.787615,[{'idp':  58 ,  'x':  1.74 ,  'y':  -4.95 ,  'r':  0.4 ,  'type':  1}]
60328,1398777776.7876403,[{'idp':  58 ,  'x':  1.74 ,  'y':  -4.95 ,  'r':  0.4 ,  'type':  1}]
60329,1398777776.8276153,[{'idp':  58 ,  'x':  1.74 ,  'y':  -4.95 ,  'r':  0.4 ,  'type':  1}]
60330,1398777776.835849,[{'idp':  58 ,  'x':  1.72 ,  'y':  -4.96 ,  'r':  0.4 ,  'type':  1}]
60331,1398777776.8756604,[{'idp':  58 ,  'x':  1.71 ,  'y':  -4.95 ,  'r':  0.4 ,  'type':  1}]
60332,1398777776.9156094,[{'idp':  58 ,  'x':  1.71 ,  'y':  -4.95 ,  'r':  0.4 ,  'type':  1}]
60333,1398777776.915642,[{'idp':  58 ,  'x':  1.71 ,  'y':  -4.95 ,  'r':  0.4 ,  'type':  1}]
60334,1398777776.955684,[{'idp':  58 ,  'x':  1.71 ,  'y':  -4.95 ,  'r':  0.4 ,  'type':  1}]
60335,1398777776.9607363,[{'idp':  58 ,  'x':  1.69 ,  'y':  -4.96 ,  'r':  0.4 ,  'type':  1}]
60336,1398777776.999606,[{'idp':  58 ,  'x':  1.66 ,  'y':  -4.96 ,  'r':  0.4 ,  'type':  1}]
60337,1398777777.039667,[{'idp':  58 ,  'x':  1.64 ,  'y':  -4.96 ,  'r':  0.4 ,  'type':  1}]
60338,1398777777.0397334,[{'idp':  58 ,  'x':  1.61 ,  'y':  -4.96 ,  'r':  0.4 ,  'type':  1}]
60339,1398777777.0796423,[{'idp':  58 ,  'x':  1.63 ,  'y':  -4.94 ,  'r':  0.4 ,  'type':  1}]
60340,1398777777.0863898,[{'idp':  58 ,  'x':  1.65 ,  'y':  -4.93 ,  'r':  0.4 ,  'type':  1}]
60341,1398777777.1235938,[{'idp':  58 ,  'x':  1.65 ,  'y':  -4.93 ,  'r':  0.4 ,  'type':  1}]
60342,1398777777.1636446,[{'idp':  58 ,  'x':  1.61 ,  'y':  -4.94 ,  'r':  0.4 ,  'type':  1}]
60343,1398777777.1636574,[{'idp':  58 ,  'x':  1.59 ,  'y':  -4.95 ,  'r':  0.4 ,  'type':  1}]
60344,1398777777.2036183,[{'idp':  58 ,  'x':  1.56 ,  'y':  -4.95 ,  'r':  0.4 ,  'type':  1}]
60345,1398777777.2110984,[{'idp':  58 ,  'x':  1.56 ,  'y':  -4.95 ,  'r':  0.4 ,  'type':  1}]
60346,1398777777.2476764,[{'idp':  58 ,  'x':  1.57 ,  'y':  -4.94 ,  'r':  0.4 ,  'type':  1}]
60347,1398777777.287625,[{'idp':  58 ,  'x':  1.58 ,  'y':  -4.95 ,  'r':  0.4 ,  'type':  1}]
60348,1398777777.2876606,[{'idp':  58 ,  'x':  1.56 ,  'y':  -4.95 ,  'r':  0.4 ,  'type':  1}]
60349,1398777777.3276439,[{'idp':  58 ,  'x':  1.53 ,  'y':  -4.96 ,  'r':  0.4 ,  'type':  1}]
60350,1398777777.337096,[{'idp':  58 ,  'x':  1.48 ,  'y':  -4.96 ,  'r':  0.4 ,  'type':  1}]
60351,1398777777.37559,[{'idp':  58 ,  'x':  1.46 ,  'y':  -4.97 ,  'r':  0.4 ,  'type':  1}]
60352,1398777777.415582,[{'idp':  58 ,  'x':  1.46 ,  'y':  -4.96 ,  'r':  0.4 ,  'type':  1}]
60353,1398777777.415617,[{'idp':  58 ,  'x':  1.46 ,  'y':  -4.95 ,  'r':  0.4 ,  'type':  1}]
60354,1398777777.4556735,[{'idp':  58 ,  'x':  1.45 ,  'y':  -4.95 ,  'r':  0.4 ,  'type':  1}]
60355,1398777777.4633577,[{'idp':  58 ,  'x':  1.43 ,  'y':  -4.95 ,  'r':  0.4 ,  'type':  1}]
60356,1398777777.4997158,[{'idp':  58 ,  'x':  1.42 ,  'y':  -4.96 ,  'r':  0.4 ,  'type':  1}]
60357,1398777777.5396457,[{'idp':  58 ,  'x':  1.4 ,  'y':  -4.96 ,  'r':  0.4 ,  'type':  1}]
60358,1398777777.5396848,[{'idp':  58 ,  'x':  1.39 ,  'y':  -4.96 ,  'r':  0.4 ,  'type':  1}]
60359,1398777777.57966,[{'idp':  58 ,  'x':  1.39 ,  'y':  -4.96 ,  'r':  0.4 ,  'type':  1}]
60360,1398777777.5883424,[{'idp':  58 ,  'x':  1.38 ,  'y':  -4.96 ,  'r':  0.4 ,  'type':  1}]
60361,1398777777.62758,[{'idp':  58 ,  'x':  1.36 ,  'y':  -4.95 ,  'r':  0.4 ,  'type':  1}]
60362,1398777777.6676242,[{'idp':  58 ,  'x':  1.35 ,  'y':  -4.96 ,  'r':  0.4 ,  'type':  1}]
60363,1398777777.667655,[{'idp':  58 ,  'x':  1.33 ,  'y':  -4.96 ,  'r':  0.4 ,  'type':  1}]
60364,1398777777.7076168,[{'idp':  58 ,  'x':  1.33 ,  'y':  -4.96 ,  'r':  0.4 ,  'type':  1}]
60365,1398777777.7133672,[{'idp':  58 ,  'x':  1.29 ,  'y':  -4.96 ,  'r':  0.4 ,  'type':  1}]
60366,1398777777.7516305,[{'idp':  58 ,  'x':  1.26 ,  'y':  -4.96 ,  'r':  0.4 ,  'type':  1}]
60367,1398777777.7915733,[{'idp':  58 ,  'x':  1.26 ,  'y':  -4.96 ,  'r':  0.4 ,  'type':  1}]
60368,1398777777.791605,[{'idp':  58 ,  'x':  1.26 ,  'y':  -4.96 ,  'r':  0.4 ,  'type':  1}]
60369,1398777777.8315463,[{'idp':  58 ,  'x':  1.27 ,  'y':  -4.95 ,  'r':  0.4 ,  'type':  1}]
60370,1398777777.838616,[{'idp':  58 ,  'x':  1.27 ,  'y':  -4.95 ,  'r':  0.4 ,  'type':  1}]
60371,1398777777.8756034,[{'idp':  58 ,  'x':  1.26 ,  'y':  -4.96 ,  'r':  0.4 ,  'type':  1}]
60372,1398777777.9155405,[{'idp':  58 ,  'x':  1.24 ,  'y':  -4.97 ,  'r':  0.4 ,  'type':  1}]
60373,1398777777.9155705,[{'idp':  58 ,  'x':  1.22 ,  'y':  -4.97 ,  'r':  0.4 ,  'type':  1}]
60374,1398777777.9556165,[{'idp':  58 ,  'x':  1.17 ,  'y':  -4.98 ,  'r':  0.4 ,  'type':  1}]
60375,1398777777.9654949,[{'idp':  58 ,  'x':  1.15 ,  'y':  -4.99 ,  'r':  0.4 ,  'type':  1}]
60376,1398777778.0035915,[{'idp':  58 ,  'x':  1.17 ,  'y':  -4.97 ,  'r':  0.4 ,  'type':  1}]
60377,1398777778.04362,[{'idp':  58 ,  'x':  1.19 ,  'y':  -4.96 ,  'r':  0.4 ,  'type':  1}]
60378,1398777778.043649,[{'idp':  58 ,  'x':  1.21 ,  'y':  -4.96 ,  'r':  0.4 ,  'type':  1}]
60379,1398777778.0836408,[{'idp':  58 ,  'x':  1.19 ,  'y':  -4.95 ,  'r':  0.4 ,  'type':  1}]
60380,1398777778.0918167,[{'idp':  58 ,  'x':  1.15 ,  'y':  -4.95 ,  'r':  0.4 ,  'type':  1}]
60381,1398777778.1315536,[{'idp':  58 ,  'x':  1.12 ,  'y':  -4.96 ,  'r':  0.4 ,  'type':  1}]
60382,1398777778.1716235,[{'idp':  58 ,  'x':  1.12 ,  'y':  -4.95 ,  'r':  0.4 ,  'type':  1}]
60383,1398777778.1716566,[{'idp':  58 ,  'x':  1.12 ,  'y':  -4.96 ,  'r':  0.4 ,  'type':  1}]
60384,1398777778.21162,[{'idp':  58 ,  'x':  1.12 ,  'y':  -4.95 ,  'r':  0.4 ,  'type':  1}]
60385,1398777778.2174683,[{'idp':  58 ,  'x':  1.1 ,  'y':  -4.95 ,  'r':  0.4 ,  'type':  1}]
60386,1398777778.2556689,[{'idp':  58 ,  'x':  1.1 ,  'y':  -4.95 ,  'r':  0.4 ,  'type':  1}]
60387,1398777778.2956426,[{'idp':  58 ,  'x':  1.05 ,  'y':  -4.95 ,  'r':  0.4 ,  'type':  1}]
60388,1398777778.2956734,[{'idp':  58 ,  'x':  1.03 ,  'y':  -4.96 ,  'r':  0.4 ,  'type':  1}]
60389,1398777778.3355875,[{'idp':  58 ,  'x':  1.03 ,  'y':  -4.96 ,  'r':  0.4 ,  'type':  1}]
60390,1398777778.3438396,[{'idp':  58 ,  'x':  1.03 ,  'y':  -4.95 ,  'r':  0.4 ,  'type':  1}]
60391,1398777778.3836017,[{'idp':  58 ,  'x':  1.03 ,  'y':  -4.95 ,  'r':  0.4 ,  'type':  1}]
60392,1398777778.4236155,[{'idp':  58 ,  'x':  1.03 ,  'y':  -4.95 ,  'r':  0.4 ,  'type':  1}]
60393,1398777778.4236457,[{'idp':  58 ,  'x':  1.03 ,  'y':  -4.95 ,  'r':  0.4 ,  'type':  1}]
60394,1398777778.4636257,[{'idp':  58 ,  'x':  1.01 ,  'y':  -4.96 ,  'r':  0.4 ,  'type':  1}]
60395,1398777778.4676824,[{'idp':  58 ,  'x':  1.01 ,  'y':  -4.95 ,  'r':  0.4 ,  'type':  1}]
60396,1398777778.5075955,[{'idp':  58 ,  'x':  1.0 ,  'y':  -4.95 ,  'r':  0.4 ,  'type':  1}]
60397,1398777778.5476327,[{'idp':  58 ,  'x':  0.98 ,  'y':  -4.95 ,  'r':  0.4 ,  'type':  1}]
60398,1398777778.5476635,[{'idp':  58 ,  'x':  0.99 ,  'y':  -4.95 ,  'r':  0.4 ,  'type':  1}]
60399,1398777778.5876162,[{'idp':  58 ,  'x':  0.96 ,  'y':  -4.95 ,  'r':  0.4 ,  'type':  1}]
60400,1398777778.5918603,[{'idp':  58 ,  'x':  0.94 ,  'y':  -4.95 ,  'r':  0.4 ,  'type':  1}]
60401,1398777778.631628,[{'idp':  58 ,  'x':  0.92 ,  'y':  -4.95 ,  'r':  0.4 ,  'type':  1}]
60402,1398777778.6716251,[{'idp':  58 ,  'x':  0.92 ,  'y':  -4.94 ,  'r':  0.4 ,  'type':  1}]
60403,1398777778.6716597,[{'idp':  58 ,  'x':  0.92 ,  'y':  -4.94 ,  'r':  0.4 ,  'type':  1}]
60404,1398777778.7116232,[{'idp':  58 ,  'x':  0.9 ,  'y':  -4.94 ,  'r':  0.4 ,  'type':  1}]
60405,1398777778.716466,[{'idp':  58 ,  'x':  0.9 ,  'y':  -4.94 ,  'r':  0.4 ,  'type':  1}]
60406,1398777778.7556105,[{'idp':  58 ,  'x':  0.87 ,  'y':  -4.95 ,  'r':  0.4 ,  'type':  1}]
60407,1398777778.7955897,[{'idp':  58 ,  'x':  0.87 ,  'y':  -4.94 ,  'r':  0.4 ,  'type':  1}]
60408,1398777778.7956202,[{'idp':  58 ,  'x':  0.89 ,  'y':  -4.94 ,  'r':  0.4 ,  'type':  1}]
60409,1398777778.8355758,[{'idp':  58 ,  'x':  0.87 ,  'y':  -4.94 ,  'r':  0.4 ,  'type':  1}]
60410,1398777778.8413253,[{'idp':  58 ,  'x':  0.85 ,  'y':  -4.94 ,  'r':  0.4 ,  'type':  1}]
60411,1398777778.8795965,[{'idp':  58 ,  'x':  0.83 ,  'y':  -4.94 ,  'r':  0.4 ,  'type':  1}]
60412,1398777778.9195812,[{'idp':  58 ,  'x':  0.83 ,  'y':  -4.94 ,  'r':  0.4 ,  'type':  1}]
60413,1398777778.9196103,[{'idp':  58 ,  'x':  0.83 ,  'y':  -4.94 ,  'r':  0.4 ,  'type':  1}]
60414,1398777778.9597032,[{'idp':  58 ,  'x':  0.83 ,  'y':  -4.94 ,  'r':  0.4 ,  'type':  1}]
60415,1398777778.9666867,[{'idp':  58 ,  'x':  0.83 ,  'y':  -4.93 ,  'r':  0.4 ,  'type':  1}]
60416,1398777779.0035877,[{'idp':  58 ,  'x':  0.79 ,  'y':  -4.94 ,  'r':  0.4 ,  'type':  1}]
60417,1398777779.0436037,[{'idp':  58 ,  'x':  0.76 ,  'y':  -4.94 ,  'r':  0.4 ,  'type':  1}]
60418,1398777779.0436332,[{'idp':  58 ,  'x':  0.74 ,  'y':  -4.95 ,  'r':  0.4 ,  'type':  1}]
60419,1398777779.0836835,[{'idp':  58 ,  'x':  0.74 ,  'y':  -4.95 ,  'r':  0.4 ,  'type':  1}]
60420,1398777779.092235,[{'idp':  58 ,  'x':  0.75 ,  'y':  -4.94 ,  'r':  0.4 ,  'type':  1}]
60421,1398777779.1316216,[{'idp':  58 ,  'x':  0.76 ,  'y':  -4.93 ,  'r':  0.4 ,  'type':  1}]
60422,1398777779.1716425,[{'idp':  58 ,  'x':  0.74 ,  'y':  -4.94 ,  'r':  0.4 ,  'type':  1}]
60423,1398777779.171674,[{'idp':  58 ,  'x':  0.72 ,  'y':  -4.94 ,  'r':  0.4 ,  'type':  1}]
60424,1398777779.2115786,[{'idp':  58 ,  'x':  0.7 ,  'y':  -4.95 ,  'r':  0.4 ,  'type':  1}]
60425,1398777779.2178526,[{'idp':  58 ,  'x':  0.67 ,  'y':  -4.94 ,  'r':  0.4 ,  'type':  1}]
60426,1398777779.2556202,[{'idp':  58 ,  'x':  0.64 ,  'y':  -4.95 ,  'r':  0.4 ,  'type':  1}]
60427,1398777779.2956467,[{'idp':  58 ,  'x':  0.63 ,  'y':  -4.95 ,  'r':  0.4 ,  'type':  1}]
60428,1398777779.2956805,[{'idp':  58 ,  'x':  0.63 ,  'y':  -4.94 ,  'r':  0.4 ,  'type':  1}]
60429,1398777779.3356552,[{'idp':  58 ,  'x':  0.63 ,  'y':  -4.94 ,  'r':  0.4 ,  'type':  1}]
60430,1398777779.3431003,[{'idp':  58 ,  'x':  0.64 ,  'y':  -4.94 ,  'r':  0.4 ,  'type':  1}]
60431,1398777779.3795729,[{'idp':  58 ,  'x':  0.65 ,  'y':  -4.94 ,  'r':  0.4 ,  'type':  1}]
60432,1398777779.4195485,[{'idp':  58 ,  'x':  0.65 ,  'y':  -4.93 ,  'r':  0.4 ,  'type':  1}]
60433,1398777779.4195783,[{'idp':  58 ,  'x':  0.63 ,  'y':  -4.93 ,  'r':  0.4 ,  'type':  1}]
60434,1398777779.4595873,[{'idp':  58 ,  'x':  0.59 ,  'y':  -4.95 ,  'r':  0.4 ,  'type':  1}]
60435,1398777779.4699376,[{'idp':  58 ,  'x':  0.54 ,  'y':  -4.94 ,  'r':  0.4 ,  'type':  1}]
60436,1398777779.507549,[{'idp':  58 ,  'x':  0.54 ,  'y':  -4.95 ,  'r':  0.4 ,  'type':  1}]
60437,1398777779.5475838,[{'idp':  58 ,  'x':  0.55 ,  'y':  -4.94 ,  'r':  0.4 ,  'type':  1}]
60438,1398777779.5476153,[{'idp':  58 ,  'x':  0.56 ,  'y':  -4.94 ,  'r':  0.4 ,  'type':  1}]
60439,1398777779.5876133,[{'idp':  58 ,  'x':  0.55 ,  'y':  -4.94 ,  'r':  0.4 ,  'type':  1}]
60440,1398777779.5942454,[{'idp':  58 ,  'x':  0.54 ,  'y':  -4.94 ,  'r':  0.4 ,  'type':  1}]
60441,1398777779.6316278,[{'idp':  58 ,  'x':  0.52 ,  'y':  -4.94 ,  'r':  0.4 ,  'type':  1}]
60442,1398777779.671576,[{'idp':  58 ,  'x':  0.49 ,  'y':  -4.95 ,  'r':  0.4 ,  'type':  1}]
60443,1398777779.671612,[{'idp':  58 ,  'x':  0.48 ,  'y':  -4.95 ,  'r':  0.4 ,  'type':  1}]
60444,1398777779.7116163,[{'idp':  58 ,  'x':  0.49 ,  'y':  -4.94 ,  'r':  0.4 ,  'type':  1}]
60445,1398777779.7193666,[{'idp':  58 ,  'x':  0.48 ,  'y':  -4.94 ,  'r':  0.4 ,  'type':  1}]
60446,1398777779.7556512,[{'idp':  58 ,  'x':  0.48 ,  'y':  -4.93 ,  'r':  0.4 ,  'type':  1}]
60447,1398777779.7955692,[{'idp':  58 ,  'x':  0.5 ,  'y':  -4.93 ,  'r':  0.4 ,  'type':  1}]
60448,1398777779.795605,[{'idp':  58 ,  'x':  0.49 ,  'y':  -4.93 ,  'r':  0.4 ,  'type':  1}]
60449,1398777779.8355665,[{'idp':  58 ,  'x':  0.46 ,  'y':  -4.94 ,  'r':  0.4 ,  'type':  1}]
60450,1398777779.844819,[{'idp':  58 ,  'x':  0.42 ,  'y':  -4.94 ,  'r':  0.4 ,  'type':  1}]
60451,1398777779.8835874,[{'idp':  58 ,  'x':  0.41 ,  'y':  -4.94 ,  'r':  0.4 ,  'type':  1}]
60452,1398777779.9235647,[{'idp':  58 ,  'x':  0.41 ,  'y':  -4.94 ,  'r':  0.4 ,  'type':  1}]
60453,1398777779.9235976,[{'idp':  58 ,  'x':  0.42 ,  'y':  -4.94 ,  'r':  0.4 ,  'type':  1}]
60454,1398777779.963578,[{'idp':  58 ,  'x':  0.42 ,  'y':  -4.94 ,  'r':  0.4 ,  'type':  1}]
60455,1398777779.970103,[{'idp':  58 ,  'x':  0.41 ,  'y':  -4.94 ,  'r':  0.4 ,  'type':  1}]
60456,1398777780.0075727,[{'idp':  58 ,  'x':  0.39 ,  'y':  -4.94 ,  'r':  0.4 ,  'type':  1}]
60457,1398777780.04759,[{'idp':  58 ,  'x':  0.38 ,  'y':  -4.95 ,  'r':  0.4 ,  'type':  1}]
60458,1398777780.047621,[{'idp':  58 ,  'x':  0.34 ,  'y':  -4.94 ,  'r':  0.4 ,  'type':  1}]
60459,1398777780.0876122,[{'idp':  58 ,  'x':  0.33 ,  'y':  -4.94 ,  'r':  0.4 ,  'type':  1}]
60460,1398777780.096194,[{'idp':  58 ,  'x':  0.31 ,  'y':  -4.95 ,  'r':  0.4 ,  'type':  1}]
60461,1398777780.1355848,[{'idp':  58 ,  'x':  0.32 ,  'y':  -4.94 ,  'r':  0.4 ,  'type':  1}]
60462,1398777780.1756325,[{'idp':  58 ,  'x':  0.32 ,  'y':  -4.94 ,  'r':  0.4 ,  'type':  1}]
60463,1398777780.1757996,[{'idp':  58 ,  'x':  0.3 ,  'y':  -4.94 ,  'r':  0.4 ,  'type':  1}]
60464,1398777780.2156463,[{'idp':  58 ,  'x':  0.27 ,  'y':  -4.94 ,  'r':  0.4 ,  'type':  1}]
60465,1398777780.221102,[{'idp':  58 ,  'x':  0.26 ,  'y':  -4.94 ,  'r':  0.4 ,  'type':  1}]
60466,1398777780.259571,[{'idp':  58 ,  'x':  0.26 ,  'y':  -4.94 ,  'r':  0.4 ,  'type':  1}]
60467,1398777780.299614,[{'idp':  58 ,  'x':  0.26 ,  'y':  -4.94 ,  'r':  0.4 ,  'type':  1}]
60468,1398777780.2996435,[{'idp':  58 ,  'x':  0.24 ,  'y':  -4.94 ,  'r':  0.4 ,  'type':  1}]
60469,1398777780.3396077,[{'idp':  58 ,  'x':  0.23 ,  'y':  -4.94 ,  'r':  0.4 ,  'type':  1}]
60470,1398777780.3472235,[{'idp':  58 ,  'x':  0.21 ,  'y':  -4.94 ,  'r':  0.4 ,  'type':  1}]
60471,1398777780.3835897,[{'idp':  58 ,  'x':  0.2 ,  'y':  -4.95 ,  'r':  0.4 ,  'type':  1}]
60472,1398777780.4236078,[{'idp':  58 ,  'x':  0.17 ,  'y':  -4.94 ,  'r':  0.4 ,  'type':  1}]
60473,1398777780.4236407,[{'idp':  58 ,  'x':  0.18 ,  'y':  -4.94 ,  'r':  0.4 ,  'type':  1}]
60474,1398777780.4636073,[{'idp':  58 ,  'x':  0.18 ,  'y':  -4.95 ,  'r':  0.4 ,  'type':  1}]
60475,1398777780.4723594,[{'idp':  58 ,  'x':  0.19 ,  'y':  -4.94 ,  'r':  0.4 ,  'type':  1}]
60476,1398777780.5116029,[{'idp':  58 ,  'x':  0.2 ,  'y':  -4.95 ,  'r':  0.4 ,  'type':  1}]
60477,1398777780.5515966,[{'idp':  58 ,  'x':  0.19 ,  'y':  -4.94 ,  'r':  0.4 ,  'type':  1}]
60478,1398777780.551625,[{'idp':  58 ,  'x':  0.18 ,  'y':  -4.94 ,  'r':  0.4 ,  'type':  1}]
60479,1398777780.5916274,[{'idp':  58 ,  'x':  0.17 ,  'y':  -4.94 ,  'r':  0.4 ,  'type':  1}]
60480,1398777780.5981052,[{'idp':  58 ,  'x':  0.19 ,  'y':  -4.94 ,  'r':  0.4 ,  'type':  1}]
60481,1398777780.6356165,[{'idp':  58 ,  'x':  0.16 ,  'y':  -4.94 ,  'r':  0.4 ,  'type':  1}]
60482,1398777780.6756294,[{'idp':  58 ,  'x':  0.16 ,  'y':  -4.95 ,  'r':  0.4 ,  'type':  1}]
60483,1398777780.6756504,[{'idp':  58 ,  'x':  0.14 ,  'y':  -4.95 ,  'r':  0.4 ,  'type':  1}]
60484,1398777780.7156446,[{'idp':  58 ,  'x':  0.14 ,  'y':  -4.95 ,  'r':  0.4 ,  'type':  1}]
60485,1398777780.7231858,[{'idp':  58 ,  'x':  0.13 ,  'y':  -4.95 ,  'r':  0.4 ,  'type':  1}]
60486,1398777780.759595,[{'idp':  58 ,  'x':  0.13 ,  'y':  -4.95 ,  'r':  0.4 ,  'type':  1}]
60487,1398777780.7995648,[{'idp':  58 ,  'x':  0.12 ,  'y':  -4.94 ,  'r':  0.4 ,  'type':  1}]
60488,1398777780.7996194,[{'idp':  58 ,  'x':  0.14 ,  'y':  -4.94 ,  'r':  0.4 ,  'type':  1}]
60489,1398777780.8395755,[{'idp':  58 ,  'x':  0.14 ,  'y':  -4.94 ,  'r':  0.4 ,  'type':  1}]
60490,1398777780.847933,[{'idp':  58 ,  'x':  0.12 ,  'y':  -4.95 ,  'r':  0.4 ,  'type':  1}]
60491,1398777780.8876286,[{'idp':  58 ,  'x':  0.14 ,  'y':  -4.94 ,  'r':  0.4 ,  'type':  1}]
60492,1398777780.9275985,[{'idp':  58 ,  'x':  0.13 ,  'y':  -4.95 ,  'r':  0.4 ,  'type':  1}]
60493,1398777780.9276316,[{'idp':  58 ,  'x':  0.11 ,  'y':  -4.94 ,  'r':  0.4 ,  'type':  1}]
60494,1398777780.9677196,[{'idp':  58 ,  'x':  0.11 ,  'y':  -4.93 ,  'r':  0.4 ,  'type':  1}]
60495,1398777780.9742415,[{'idp':  58 ,  'x':  0.09 ,  'y':  -4.94 ,  'r':  0.4 ,  'type':  1}]
60496,1398777781.0115716,[{'idp':  58 ,  'x':  0.08 ,  'y':  -4.93 ,  'r':  0.4 ,  'type':  1}]
60497,1398777781.0515807,[{'idp':  58 ,  'x':  0.08 ,  'y':  -4.93 ,  'r':  0.4 ,  'type':  1}]
60498,1398777781.0516002,[{'idp':  58 ,  'x':  0.08 ,  'y':  -4.93 ,  'r':  0.4 ,  'type':  1}]
60499,1398777781.091668,[{'idp':  58 ,  'x':  0.08 ,  'y':  -4.93 ,  'r':  0.4 ,  'type':  1}]
60500,1398777781.0992396,[{'idp':  58 ,  'x':  0.05 ,  'y':  -4.93 ,  'r':  0.4 ,  'type':  1}]
60501,1398777781.135661,[{'idp':  58 ,  'x':  0.04 ,  'y':  -4.94 ,  'r':  0.4 ,  'type':  1}]
60502,1398777781.175572,[{'idp':  58 ,  'x':  0.03 ,  'y':  -4.94 ,  'r':  0.4 ,  'type':  1}]
60503,1398777781.1755986,[{'idp':  58 ,  'x':  0.04 ,  'y':  -4.94 ,  'r':  0.4 ,  'type':  1}]
60504,1398777781.215629,[{'idp':  58 ,  'x':  0.04 ,  'y':  -4.93 ,  'r':  0.4 ,  'type':  1}]
60505,1398777781.224603,[{'idp':  58 ,  'x':  0.03 ,  'y':  -4.94 ,  'r':  0.4 ,  'type':  1}]
60506,1398777781.2635849,[{'idp':  58 ,  'x':  0.03 ,  'y':  -4.95 ,  'r':  0.4 ,  'type':  1}]
60507,1398777781.3036385,[{'idp':  58 ,  'x':  0.01 ,  'y':  -4.94 ,  'r':  0.4 ,  'type':  1}]
60508,1398777781.3036747,[{'idp':  58 ,  'x':  -0.0 ,  'y':  -4.98 ,  'r':  0.4 ,  'type':  1}]
60509,1398777781.343626,[{'idp':  58 ,  'x':  -0.0 ,  'y':  -4.98 ,  'r':  0.4 ,  'type':  1}]
60510,1398777781.3502269,[{'idp':  58 ,  'x':  -0.0 ,  'y':  -4.98 ,  'r':  0.4 ,  'type':  1}]
60511,1398777781.3876233,[{'idp':  58 ,  'x':  -0.0 ,  'y':  -4.98 ,  'r':  0.4 ,  'type':  1}]
60512,1398777781.4276035,[{'idp':  58 ,  'x':  -0.0 ,  'y':  -4.98 ,  'r':  0.4 ,  'type':  1}]
60513,1398777781.4276333,[{'idp':  58 ,  'x':  -0.0 ,  'y':  -4.98 ,  'r':  0.4 ,  'type':  1}]
60514,1398777781.4676828,[{'idp':  58 ,  'x':  -0.0 ,  'y':  -4.98 ,  'r':  0.4 ,  'type':  1}]
60515,1398777781.4759784,[]
60516,1398777781.5155382,[]
60517,1398777781.555627,[]
60518,1398777781.5556583,[]
60519,1398777781.5956254,[]
60520,1398777781.6013691,[]
60521,1398777781.6396348,[]
60522,1398777781.6796424,[]
60523,1398777781.6796603,[]
60524,1398777781.719551,[]
60525,1398777781.7258358,[]
60526,1398777781.7636573,[]
60527,1398777781.803604,[]
60528,1398777781.8036354,[]
60529,1398777781.843658,[]
60530,1398777781.852243,[]
60531,1398777781.891653,[]
60532,1398777781.9316547,[]
60533,1398777781.9318857,[]
60534,1398777781.971649,[]
60535,1398777781.978759,[]
60536,1398777782.0156026,[]
60537,1398777782.0556247,[]
60538,1398777782.0556588,[]
60539,1398777782.0956185,[]
60540,1398777782.1052308,[]
60541,1398777782.143621,[]
60542,1398777782.1837463,[]
60543,1398777782.1837943,[]
60544,1398777782.2236793,[]
60545,1398777782.2313428,[]
60546,1398777782.267562,[]
60547,1398777782.307628,[]
60548,1398777782.3076606,[]
60549,1398777782.3476458,[]
60550,1398777782.3564835,[]
60551,1398777782.39564,[]
60552,1398777782.4356644,[]
60553,1398777782.4357514,[]
60554,1398777782.4756382,[]
60555,1398777782.480974,[]
60556,1398777782.5195296,[]
60557,1398777782.5595813,[]
60558,1398777782.559616,[]
60559,1398777782.599637,[]
60560,1398777782.6117709,[]
60561,1398777782.6515872,[]
60562,1398777782.691736,[]
60563,1398777782.6920657,[]
60564,1398777782.7315888,[]
60565,1398777782.731609,[]
60566,1398777782.77162,[]
60567,1398777782.779302,[]
60568,1398777782.8156016,[]
60569,1398777782.8565483,[]
60570,1398777782.8956687,[]
60571,1398777782.895685,[]
60572,1398777782.9356022,[]
60573,1398777782.935631,[]
60574,1398777782.9755576,[]
60575,1398777782.9800556,[]
60576,1398777783.0196655,[]
60577,1398777783.0595932,[]
60578,1398777783.0596461,[]
60579,1398777783.0996542,[]
60580,1398777783.1062267,[]
60581,1398777783.143725,[]
60582,1398777783.183631,[]
60583,1398777783.1836557,[]
60584,1398777783.2236388,[]
60585,1398777783.2312355,[]
60586,1398777783.267607,[]
60587,1398777783.3076656,[]
60588,1398777783.3077028,[]
60589,1398777783.347662,[]
60590,1398777783.356717,[]
60591,1398777783.3956017,[]
60592,1398777783.4356372,[]
60593,1398777783.4356527,[]
60594,1398777783.4756806,[]
60595,1398777783.4822223,[]
60596,1398777783.5196264,[]
60597,1398777783.5596015,[]
60598,1398777783.5596325,[]
60599,1398777783.5996242,[]
60600,1398777783.6075091,[]
60601,1398777783.643631,[]
60602,1398777783.683567,[]
60603,1398777783.6835978,[]
60604,1398777783.7235968,[]
60605,1398777783.733248,[]
60606,1398777783.7715755,[]
60607,1398777783.8116016,[]
60608,1398777783.8116658,[]
60609,1398777783.851695,[]
60610,1398777783.858235,[]
60611,1398777783.8955731,[]
60612,1398777783.9355748,[]
60613,1398777783.9355955,[]
60614,1398777783.9756556,[]
60615,1398777783.9842336,[]
60616,1398777784.0236006,[]
60617,1398777784.0635736,[]
60618,1398777784.063609,[]
60619,1398777784.1036124,[]
60620,1398777784.1089652,[]
60621,1398777784.1475928,[]
60622,1398777784.1876476,[]
60623,1398777784.1876812,[]
60624,1398777784.227587,[]
60625,1398777784.2342768,[]
60626,1398777784.2716074,[]
60627,1398777784.3116412,[]
60628,1398777784.3116608,[]
60629,1398777784.3516452,[]
60630,1398777784.3603332,[]
60631,1398777784.3996966,[]
60632,1398777784.4395995,[]
60633,1398777784.4396276,[]
60634,1398777784.479551,[]
60635,1398777784.4851935,[]
60636,1398777784.5235949,[]
60637,1398777784.563576,[]
60638,1398777784.563598,[]
60639,1398777784.6036365,[]
60640,1398777784.6117632,[]
60641,1398777784.651622,[]
60642,1398777784.6916442,[]
60643,1398777784.6916752,[]
60644,1398777784.7316422,[]
60645,1398777784.7359743,[]
60646,1398777784.775606,[]
60647,1398777784.8155909,[]
60648,1398777784.8156204,[]
60649,1398777784.8555717,[]
60650,1398777784.8622646,[]
60651,1398777784.8995488,[]
60652,1398777784.9396203,[]
60653,1398777784.93965,[]
60654,1398777784.9796107,[]
60655,1398777784.9874134,[]
60656,1398777785.0236404,[]
60657,1398777785.0636406,[]
60658,1398777785.063668,[]
60659,1398777785.1036446,[]
60660,1398777785.1122448,[]
60661,1398777785.1516087,[]
60662,1398777785.1916091,[]
60663,1398777785.1916428,[]
60664,1398777785.2316272,[]
60665,1398777785.239365,[]
60666,1398777785.275591,[]
60667,1398777785.3156643,[]
60668,1398777785.31569,[]
60669,1398777785.3555968,[]
60670,1398777785.3651402,[]
60671,1398777785.4036407,[]
60672,1398777785.4436116,[]
60673,1398777785.4436436,[]
60674,1398777785.4836466,[]
60675,1398777785.4884107,[]
60676,1398777785.5275948,[]
60677,1398777785.5675838,[]
60678,1398777785.5676143,[]
60679,1398777785.6076498,[]
60680,1398777785.6136622,[]
60681,1398777785.651601,[]
60682,1398777785.6915739,[]
60683,1398777785.691607,[]
60684,1398777785.731626,[]
60685,1398777785.7389443,[]
60686,1398777785.7755814,[{'idp':  64 ,  'x':  0.31 ,  'y':  -1.52 ,  'r':  0.4 ,  'type':  1}]
60687,1398777785.8156078,[{'idp':  64 ,  'x':  0.5 ,  'y':  -1.39 ,  'r':  0.4 ,  'type':  1}]
60688,1398777785.8156366,[{'idp':  64 ,  'x':  0.51 ,  'y':  -1.39 ,  'r':  0.4 ,  'type':  1}]
60689,1398777785.855616,[{'idp':  64 ,  'x':  0.52 ,  'y':  -1.38 ,  'r':  0.4 ,  'type':  1}]
60690,1398777785.8665469,[{'idp':  64 ,  'x':  0.53 ,  'y':  -1.38 ,  'r':  0.4 ,  'type':  1}]
60691,1398777785.9036708,[{'idp':  64 ,  'x':  0.54 ,  'y':  -1.38 ,  'r':  0.4 ,  'type':  1}]
60692,1398777785.9436193,[{'idp':  64 ,  'x':  0.55 ,  'y':  -1.37 ,  'r':  0.4 ,  'type':  1}]
60693,1398777785.9436579,[{'idp':  64 ,  'x':  0.55 ,  'y':  -1.38 ,  'r':  0.4 ,  'type':  1}]
60694,1398777785.9836867,[{'idp':  64 ,  'x':  0.55 ,  'y':  -1.38 ,  'r':  0.4 ,  'type':  1}]
60695,1398777785.992284,[{'idp':  64 ,  'x':  0.56 ,  'y':  -1.38 ,  'r':  0.4 ,  'type':  1}]
60696,1398777786.0315905,[{'idp':  64 ,  'x':  0.58 ,  'y':  -1.37 ,  'r':  0.4 ,  'type':  1}]
60697,1398777786.0715706,[{'idp':  64 ,  'x':  0.6 ,  'y':  -1.36 ,  'r':  0.4 ,  'type':  1}]
60698,1398777786.0716019,[{'idp':  64 ,  'x':  0.6 ,  'y':  -1.36 ,  'r':  0.4 ,  'type':  1}]
60699,1398777786.1116092,[{'idp':  64 ,  'x':  0.62 ,  'y':  -1.35 ,  'r':  0.4 ,  'type':  1}]
60700,1398777786.1191084,[{'idp':  64 ,  'x':  0.63 ,  'y':  -1.35 ,  'r':  0.4 ,  'type':  1}]
60701,1398777786.1555717,[{'idp':  64 ,  'x':  0.64 ,  'y':  -1.34 ,  'r':  0.4 ,  'type':  1}]
60702,1398777786.1956594,[{'idp':  64 ,  'x':  0.64 ,  'y':  -1.34 ,  'r':  0.4 ,  'type':  1}]
60703,1398777786.1956947,[{'idp':  64 ,  'x':  0.65 ,  'y':  -1.32 ,  'r':  0.4 ,  'type':  1}]
60704,1398777786.2355769,[{'idp':  64 ,  'x':  0.66 ,  'y':  -1.3 ,  'r':  0.4 ,  'type':  1}]
60705,1398777786.243935,[{'idp':  64 ,  'x':  0.66 ,  'y':  -1.27 ,  'r':  0.4 ,  'type':  1}]
60706,1398777786.2836003,[{'idp':  64 ,  'x':  0.67 ,  'y':  -1.26 ,  'r':  0.4 ,  'type':  1}]
60707,1398777786.3236375,[{'idp':  64 ,  'x':  0.68 ,  'y':  -1.28 ,  'r':  0.4 ,  'type':  1}]
60708,1398777786.3236678,[{'idp':  64 ,  'x':  0.7 ,  'y':  -1.29 ,  'r':  0.4 ,  'type':  1}]
60709,1398777786.3636017,[{'idp':  64 ,  'x':  0.72 ,  'y':  -1.3 ,  'r':  0.4 ,  'type':  1}]
60710,1398777786.3689716,[{'idp':  64 ,  'x':  0.72 ,  'y':  -1.3 ,  'r':  0.4 ,  'type':  1}]
60711,1398777786.407793,[{'idp':  64 ,  'x':  0.73 ,  'y':  -1.3 ,  'r':  0.4 ,  'type':  1}]
60712,1398777786.4475884,[{'idp':  64 ,  'x':  0.74 ,  'y':  -1.29 ,  'r':  0.4 ,  'type':  1}]
60713,1398777786.4476223,[{'idp':  64 ,  'x':  0.75 ,  'y':  -1.29 ,  'r':  0.4 ,  'type':  1}]
60714,1398777786.4875448,[{'idp':  64 ,  'x':  0.76 ,  'y':  -1.28 ,  'r':  0.4 ,  'type':  1}]
60715,1398777786.49407,[{'idp':  64 ,  'x':  0.77 ,  'y':  -1.28 ,  'r':  0.4 ,  'type':  1}]
60716,1398777786.5315971,[{'idp':  64 ,  'x':  0.77 ,  'y':  -1.28 ,  'r':  0.4 ,  'type':  1}]
60717,1398777786.571597,[{'idp':  64 ,  'x':  0.78 ,  'y':  -1.27 ,  'r':  0.4 ,  'type':  1}]
60718,1398777786.5716307,[{'idp':  64 ,  'x':  0.78 ,  'y':  -1.26 ,  'r':  0.4 ,  'type':  1}]
60719,1398777786.6116512,[{'idp':  64 ,  'x':  0.79 ,  'y':  -1.26 ,  'r':  0.4 ,  'type':  1}]
60720,1398777786.6168194,[{'idp':  64 ,  'x':  0.8 ,  'y':  -1.25 ,  'r':  0.4 ,  'type':  1}]
60721,1398777786.655676,[{'idp':  64 ,  'x':  0.8 ,  'y':  -1.24 ,  'r':  0.4 ,  'type':  1}]
60722,1398777786.699638,[{'idp':  64 ,  'x':  0.8 ,  'y':  -1.23 ,  'r':  0.4 ,  'type':  1}]
60723,1398777786.6996765,[{'idp':  64 ,  'x':  0.81 ,  'y':  -1.23 ,  'r':  0.4 ,  'type':  1}]
60724,1398777786.7396219,[{'idp':  64 ,  'x':  0.82 ,  'y':  -1.22 ,  'r':  0.4 ,  'type':  1}]
60725,1398777786.7432206,[{'idp':  64 ,  'x':  0.83 ,  'y':  -1.21 ,  'r':  0.4 ,  'type':  1}]
60726,1398777786.7795951,[{'idp':  64 ,  'x':  0.85 ,  'y':  -1.2 ,  'r':  0.4 ,  'type':  1}]
60727,1398777786.819579,[{'idp':  64 ,  'x':  0.86 ,  'y':  -1.19 ,  'r':  0.4 ,  'type':  1}]
60728,1398777786.8196058,[{'idp':  64 ,  'x':  0.86 ,  'y':  -1.18 ,  'r':  0.4 ,  'type':  1}]
60729,1398777786.8597796,[{'idp':  64 ,  'x':  0.87 ,  'y':  -1.17 ,  'r':  0.4 ,  'type':  1}]
60730,1398777786.8684967,[{'idp':  64 ,  'x':  0.87 ,  'y':  -1.14 ,  'r':  0.4 ,  'type':  1}]
60731,1398777786.90769,[{'idp':  64 ,  'x':  0.87 ,  'y':  -1.11 ,  'r':  0.4 ,  'type':  1}]
60732,1398777786.9476075,[{'idp':  64 ,  'x':  0.91 ,  'y':  -1.12 ,  'r':  0.4 ,  'type':  1}]
60733,1398777786.947636,[{'idp':  64 ,  'x':  0.94 ,  'y':  -1.14 ,  'r':  0.4 ,  'type':  1}]
60734,1398777786.9875648,[{'idp':  64 ,  'x':  0.97 ,  'y':  -1.15 ,  'r':  0.4 ,  'type':  1}]
60735,1398777786.993753,[{'idp':  64 ,  'x':  1.0 ,  'y':  -1.15 ,  'r':  0.4 ,  'type':  1}]
60736,1398777787.0315633,[{'idp':  64 ,  'x':  1.02 ,  'y':  -1.14 ,  'r':  0.4 ,  'type':  1}]
60737,1398777787.0716949,[{'idp':  64 ,  'x':  1.04 ,  'y':  -1.14 ,  'r':  0.4 ,  'type':  1}]
60738,1398777787.0717354,[{'idp':  64 ,  'x':  1.05 ,  'y':  -1.13 ,  'r':  0.4 ,  'type':  1}]
60739,1398777787.1115506,[{'idp':  64 ,  'x':  1.06 ,  'y':  -1.14 ,  'r':  0.4 ,  'type':  1}]
60740,1398777787.118996,[{'idp':  64 ,  'x':  1.07 ,  'y':  -1.14 ,  'r':  0.4 ,  'type':  1}]
60741,1398777787.155546,[{'idp':  64 ,  'x':  1.09 ,  'y':  -1.12 ,  'r':  0.4 ,  'type':  1}]
60742,1398777787.1955664,[{'idp':  64 ,  'x':  1.11 ,  'y':  -1.11 ,  'r':  0.4 ,  'type':  1}]
60743,1398777787.235623,[{'idp':  64 ,  'x':  1.13 ,  'y':  -1.1 ,  'r':  0.4 ,  'type':  1}]
60744,1398777787.2356594,[{'idp':  64 ,  'x':  1.14 ,  'y':  -1.08 ,  'r':  0.4 ,  'type':  1}]
60745,1398777787.2756348,[{'idp':  64 ,  'x':  1.15 ,  'y':  -1.07 ,  'r':  0.4 ,  'type':  1}]
60746,1398777787.2756586,[{'idp':  64 ,  'x':  1.17 ,  'y':  -1.06 ,  'r':  0.4 ,  'type':  1}]
60747,1398777787.3156416,[{'idp':  64 ,  'x':  1.18 ,  'y':  -1.05 ,  'r':  0.4 ,  'type':  1}]
60748,1398777787.3194346,[{'idp':  64 ,  'x':  1.19 ,  'y':  -1.04 ,  'r':  0.4 ,  'type':  1}]
60749,1398777787.3556733,[{'idp':  64 ,  'x':  1.21 ,  'y':  -1.03 ,  'r':  0.4 ,  'type':  1}]
60750,1398777787.3956301,[{'idp':  64 ,  'x':  1.23 ,  'y':  -1.01 ,  'r':  0.4 ,  'type':  1}]
60751,1398777787.3956656,[{'idp':  64 ,  'x':  1.26 ,  'y':  -0.99 ,  'r':  0.4 ,  'type':  1}]
60752,1398777787.435606,[{'idp':  64 ,  'x':  1.27 ,  'y':  -0.97 ,  'r':  0.4 ,  'type':  1}]
60753,1398777787.4458544,[{'idp':  64 ,  'x':  1.29 ,  'y':  -0.96 ,  'r':  0.4 ,  'type':  1}]
60754,1398777787.483617,[{'idp':  64 ,  'x':  1.29 ,  'y':  -0.96 ,  'r':  0.4 ,  'type':  1}]
60755,1398777787.5235507,[{'idp':  64 ,  'x':  1.31 ,  'y':  -0.93 ,  'r':  0.4 ,  'type':  1}]
60756,1398777787.5235713,[{'idp':  64 ,  'x':  1.31 ,  'y':  -0.91 ,  'r':  0.4 ,  'type':  1}]
60757,1398777787.5636408,[{'idp':  64 ,  'x':  1.32 ,  'y':  -0.88 ,  'r':  0.4 ,  'type':  1}]
60758,1398777787.5706377,[{'idp':  64 ,  'x':  1.32 ,  'y':  -0.84 ,  'r':  0.4 ,  'type':  1}]
60759,1398777787.6076472,[{'idp':  64 ,  'x':  1.36 ,  'y':  -0.83 ,  'r':  0.4 ,  'type':  1}]
60760,1398777787.6475575,[{'idp':  64 ,  'x':  1.38 ,  'y':  -0.83 ,  'r':  0.4 ,  'type':  1}]
60761,1398777787.6475885,[{'idp':  64 ,  'x':  1.4 ,  'y':  -0.82 ,  'r':  0.4 ,  'type':  1}]
60762,1398777787.6876013,[{'idp':  64 ,  'x':  1.41 ,  'y':  -0.82 ,  'r':  0.4 ,  'type':  1}]
60763,1398777787.6964347,[{'idp':  64 ,  'x':  1.45 ,  'y':  -0.81 ,  'r':  0.4 ,  'type':  1}]
60764,1398777787.7356093,[{'idp':  64 ,  'x':  1.46 ,  'y':  -0.8 ,  'r':  0.4 ,  'type':  1}]
60765,1398777787.7757215,[{'idp':  64 ,  'x':  1.46 ,  'y':  -0.79 ,  'r':  0.4 ,  'type':  1}]
60766,1398777787.7757444,[{'idp':  64 ,  'x':  1.48 ,  'y':  -0.78 ,  'r':  0.4 ,  'type':  1}]
60767,1398777787.815607,[{'idp':  64 ,  'x':  1.48 ,  'y':  -0.78 ,  'r':  0.4 ,  'type':  1}]
60768,1398777787.8212416,[{'idp':  64 ,  'x':  1.49 ,  'y':  -0.77 ,  'r':  0.4 ,  'type':  1}]
60769,1398777787.859894,[{'idp':  64 ,  'x':  1.49 ,  'y':  -0.77 ,  'r':  0.4 ,  'type':  1}]
60770,1398777787.8995705,[{'idp':  64 ,  'x':  1.5 ,  'y':  -0.75 ,  'r':  0.4 ,  'type':  1}]
60771,1398777787.8996017,[{'idp':  64 ,  'x':  1.5 ,  'y':  -0.73 ,  'r':  0.4 ,  'type':  1}]
60772,1398777787.9436073,[{'idp':  64 ,  'x':  1.51 ,  'y':  -0.72 ,  'r':  0.4 ,  'type':  1}]
60773,1398777787.9462616,[{'idp':  64 ,  'x':  1.51 ,  'y':  -0.7 ,  'r':  0.4 ,  'type':  1} ,  {'idp':  65 ,  'x':  0.31 ,  'y':  -1.4 ,  'r':  0.4 ,  'type':  1} ,  {'idp':  66 ,  'x':  0.61 ,  'y':  -3.99 ,  'r':  0.4 ,  'type':  1}]
60774,1398777787.9836202,[{'idp':  64 ,  'x':  1.52 ,  'y':  -0.68 ,  'r':  0.4 ,  'type':  1} ,  {'idp':  65 ,  'x':  0.36 ,  'y':  -1.22 ,  'r':  0.4 ,  'type':  1} ,  {'idp':  66 ,  'x':  0.62 ,  'y':  -3.89 ,  'r':  0.4 ,  'type':  1}]
60775,1398777788.0236719,[{'idp':  64 ,  'x':  1.53 ,  'y':  -0.67 ,  'r':  0.4 ,  'type':  1} ,  {'idp':  65 ,  'x':  0.37 ,  'y':  -1.22 ,  'r':  0.4 ,  'type':  1} ,  {'idp':  66 ,  'x':  0.67 ,  'y':  -3.89 ,  'r':  0.4 ,  'type':  1}]
60776,1398777788.023703,[{'idp':  64 ,  'x':  1.52 ,  'y':  -0.66 ,  'r':  0.4 ,  'type':  1} ,  {'idp':  65 ,  'x':  0.39 ,  'y':  -1.22 ,  'r':  0.4 ,  'type':  1} ,  {'idp':  66 ,  'x':  0.76 ,  'y':  -3.92 ,  'r':  0.4 ,  'type':  1}]
60777,1398777788.063652,[{'idp':  64 ,  'x':  1.52 ,  'y':  -0.65 ,  'r':  0.4 ,  'type':  1} ,  {'idp':  65 ,  'x':  0.4 ,  'y':  -1.23 ,  'r':  0.4 ,  'type':  1} ,  {'idp':  66 ,  'x':  0.75 ,  'y':  -3.9 ,  'r':  0.4 ,  'type':  1}]
60778,1398777788.072206,[{'idp':  64 ,  'x':  1.51 ,  'y':  -0.64 ,  'r':  0.4 ,  'type':  1} ,  {'idp':  65 ,  'x':  0.42 ,  'y':  -1.23 ,  'r':  0.4 ,  'type':  1} ,  {'idp':  66 ,  'x':  0.54 ,  'y':  -3.84 ,  'r':  0.4 ,  'type':  1}]
60779,1398777788.1115708,[{'idp':  64 ,  'x':  1.52 ,  'y':  -0.62 ,  'r':  0.4 ,  'type':  1} ,  {'idp':  65 ,  'x':  0.43 ,  'y':  -1.23 ,  'r':  0.4 ,  'type':  1} ,  {'idp':  66 ,  'x':  0.59 ,  'y':  -3.85 ,  'r':  0.4 ,  'type':  1}]
60780,1398777788.1516385,[{'idp':  64 ,  'x':  1.52 ,  'y':  -0.6 ,  'r':  0.4 ,  'type':  1} ,  {'idp':  65 ,  'x':  0.45 ,  'y':  -1.22 ,  'r':  0.4 ,  'type':  1} ,  {'idp':  66 ,  'x':  0.64 ,  'y':  -3.85 ,  'r':  0.4 ,  'type':  1}]
60781,1398777788.151668,[{'idp':  64 ,  'x':  1.52 ,  'y':  -0.58 ,  'r':  0.4 ,  'type':  1} ,  {'idp':  65 ,  'x':  0.48 ,  'y':  -1.21 ,  'r':  0.4 ,  'type':  1} ,  {'idp':  66 ,  'x':  0.72 ,  'y':  -3.84 ,  'r':  0.4 ,  'type':  1}]
60782,1398777788.1916528,[{'idp':  64 ,  'x':  1.49 ,  'y':  -0.55 ,  'r':  0.4 ,  'type':  1} ,  {'idp':  65 ,  'x':  0.51 ,  'y':  -1.21 ,  'r':  0.4 ,  'type':  1} ,  {'idp':  66 ,  'x':  0.83 ,  'y':  -3.82 ,  'r':  0.4 ,  'type':  1}]
60783,1398777788.1981509,[{'idp':  64 ,  'x':  1.5 ,  'y':  -0.53 ,  'r':  0.4 ,  'type':  1} ,  {'idp':  65 ,  'x':  0.54 ,  'y':  -1.21 ,  'r':  0.4 ,  'type':  1} ,  {'idp':  66 ,  'x':  0.94 ,  'y':  -3.82 ,  'r':  0.4 ,  'type':  1}]
60784,1398777788.2355618,[{'idp':  64 ,  'x':  1.56 ,  'y':  -0.53 ,  'r':  0.4 ,  'type':  1} ,  {'idp':  65 ,  'x':  0.56 ,  'y':  -1.21 ,  'r':  0.4 ,  'type':  1} ,  {'idp':  66 ,  'x':  1.01 ,  'y':  -3.81 ,  'r':  0.4 ,  'type':  1}]
60785,1398777788.2756472,[{'idp':  64 ,  'x':  1.59 ,  'y':  -0.53 ,  'r':  0.4 ,  'type':  1} ,  {'idp':  65 ,  'x':  0.59 ,  'y':  -1.2 ,  'r':  0.4 ,  'type':  1} ,  {'idp':  66 ,  'x':  1.06 ,  'y':  -3.86 ,  'r':  0.4 ,  'type':  1}]
60786,1398777788.2756786,[{'idp':  64 ,  'x':  1.61 ,  'y':  -0.51 ,  'r':  0.4 ,  'type':  1} ,  {'idp':  65 ,  'x':  0.61 ,  'y':  -1.18 ,  'r':  0.4 ,  'type':  1} ,  {'idp':  66 ,  'x':  1.11 ,  'y':  -3.86 ,  'r':  0.4 ,  'type':  1}]
60787,1398777788.3156602,[{'idp':  64 ,  'x':  1.64 ,  'y':  -0.48 ,  'r':  0.4 ,  'type':  1} ,  {'idp':  65 ,  'x':  0.63 ,  'y':  -1.17 ,  'r':  0.4 ,  'type':  1} ,  {'idp':  66 ,  'x':  1.17 ,  'y':  -3.86 ,  'r':  0.4 ,  'type':  1}]
60788,1398777788.3233857,[{'idp':  64 ,  'x':  1.66 ,  'y':  -0.46 ,  'r':  0.4 ,  'type':  1} ,  {'idp':  65 ,  'x':  0.66 ,  'y':  -1.14 ,  'r':  0.4 ,  'type':  1} ,  {'idp':  66 ,  'x':  1.21 ,  'y':  -3.84 ,  'r':  0.4 ,  'type':  1}]
60789,1398777788.3596299,[{'idp':  64 ,  'x':  1.68 ,  'y':  -0.44 ,  'r':  0.4 ,  'type':  1} ,  {'idp':  65 ,  'x':  0.67 ,  'y':  -1.11 ,  'r':  0.4 ,  'type':  1} ,  {'idp':  66 ,  'x':  1.28 ,  'y':  -3.82 ,  'r':  0.4 ,  'type':  1}]
60790,1398777788.3996246,[{'idp':  64 ,  'x':  1.68 ,  'y':  -0.42 ,  'r':  0.4 ,  'type':  1} ,  {'idp':  65 ,  'x':  0.7 ,  'y':  -1.09 ,  'r':  0.4 ,  'type':  1} ,  {'idp':  66 ,  'x':  1.31 ,  'y':  -3.83 ,  'r':  0.4 ,  'type':  1}]
60791,1398777788.3996477,[{'idp':  64 ,  'x':  1.7 ,  'y':  -0.41 ,  'r':  0.4 ,  'type':  1} ,  {'idp':  65 ,  'x':  0.73 ,  'y':  -1.1 ,  'r':  0.4 ,  'type':  1} ,  {'idp':  66 ,  'x':  1.34 ,  'y':  -3.82 ,  'r':  0.4 ,  'type':  1}]
60792,1398777788.4396088,[{'idp':  64 ,  'x':  1.7 ,  'y':  -0.4 ,  'r':  0.4 ,  'type':  1} ,  {'idp':  65 ,  'x':  0.75 ,  'y':  -1.11 ,  'r':  0.4 ,  'type':  1} ,  {'idp':  66 ,  'x':  1.35 ,  'y':  -3.83 ,  'r':  0.4 ,  'type':  1}]
60793,1398777788.4483025,[{'idp':  64 ,  'x':  1.71 ,  'y':  -0.39 ,  'r':  0.4 ,  'type':  1} ,  {'idp':  65 ,  'x':  0.78 ,  'y':  -1.12 ,  'r':  0.4 ,  'type':  1} ,  {'idp':  66 ,  'x':  1.36 ,  'y':  -3.84 ,  'r':  0.4 ,  'type':  1}]
60794,1398777788.4875896,[{'idp':  64 ,  'x':  1.72 ,  'y':  -0.39 ,  'r':  0.4 ,  'type':  1} ,  {'idp':  65 ,  'x':  0.8 ,  'y':  -1.11 ,  'r':  0.4 ,  'type':  1} ,  {'idp':  66 ,  'x':  1.38 ,  'y':  -3.84 ,  'r':  0.4 ,  'type':  1}]
60795,1398777788.5276089,[{'idp':  64 ,  'x':  1.72 ,  'y':  -0.37 ,  'r':  0.4 ,  'type':  1} ,  {'idp':  65 ,  'x':  0.82 ,  'y':  -1.1 ,  'r':  0.4 ,  'type':  1} ,  {'idp':  66 ,  'x':  1.42 ,  'y':  -3.83 ,  'r':  0.4 ,  'type':  1}]
60796,1398777788.5276375,[{'idp':  64 ,  'x':  1.73 ,  'y':  -0.35 ,  'r':  0.4 ,  'type':  1} ,  {'idp':  65 ,  'x':  0.84 ,  'y':  -1.1 ,  'r':  0.4 ,  'type':  1} ,  {'idp':  66 ,  'x':  1.44 ,  'y':  -3.83 ,  'r':  0.4 ,  'type':  1}]
60797,1398777788.567744,[{'idp':  64 ,  'x':  1.73 ,  'y':  -0.33 ,  'r':  0.4 ,  'type':  1} ,  {'idp':  65 ,  'x':  0.85 ,  'y':  -1.09 ,  'r':  0.4 ,  'type':  1} ,  {'idp':  66 ,  'x':  1.46 ,  'y':  -3.83 ,  'r':  0.4 ,  'type':  1}]
60798,1398777788.5744064,[{'idp':  64 ,  'x':  1.74 ,  'y':  -0.33 ,  'r':  0.4 ,  'type':  1} ,  {'idp':  65 ,  'x':  0.87 ,  'y':  -1.09 ,  'r':  0.4 ,  'type':  1} ,  {'idp':  66 ,  'x':  1.5 ,  'y':  -3.83 ,  'r':  0.4 ,  'type':  1}]
60799,1398777788.6115932,[{'idp':  64 ,  'x':  1.75 ,  'y':  -0.32 ,  'r':  0.4 ,  'type':  1} ,  {'idp':  65 ,  'x':  0.87 ,  'y':  -1.09 ,  'r':  0.4 ,  'type':  1} ,  {'idp':  66 ,  'x':  1.51 ,  'y':  -3.85 ,  'r':  0.4 ,  'type':  1}]
60800,1398777788.6516707,[{'idp':  64 ,  'x':  1.75 ,  'y':  -0.31 ,  'r':  0.4 ,  'type':  1} ,  {'idp':  65 ,  'x':  0.89 ,  'y':  -1.08 ,  'r':  0.4 ,  'type':  1} ,  {'idp':  66 ,  'x':  1.53 ,  'y':  -3.85 ,  'r':  0.4 ,  'type':  1}]
60801,1398777788.6517022,[{'idp':  64 ,  'x':  1.75 ,  'y':  -0.3 ,  'r':  0.4 ,  'type':  1} ,  {'idp':  65 ,  'x':  0.9 ,  'y':  -1.08 ,  'r':  0.4 ,  'type':  1} ,  {'idp':  66 ,  'x':  1.57 ,  'y':  -3.83 ,  'r':  0.4 ,  'type':  1}]
60802,1398777788.6917014,[{'idp':  64 ,  'x':  1.75 ,  'y':  -0.29 ,  'r':  0.4 ,  'type':  1} ,  {'idp':  65 ,  'x':  0.91 ,  'y':  -1.07 ,  'r':  0.4 ,  'type':  1} ,  {'idp':  66 ,  'x':  1.59 ,  'y':  -3.85 ,  'r':  0.4 ,  'type':  1}]
60803,1398777788.6986806,[{'idp':  64 ,  'x':  1.75 ,  'y':  -0.27 ,  'r':  0.4 ,  'type':  1} ,  {'idp':  65 ,  'x':  0.92 ,  'y':  -1.06 ,  'r':  0.4 ,  'type':  1} ,  {'idp':  66 ,  'x':  1.63 ,  'y':  -3.85 ,  'r':  0.4 ,  'type':  1}]
60804,1398777788.735644,[{'idp':  64 ,  'x':  1.75 ,  'y':  -0.26 ,  'r':  0.4 ,  'type':  1} ,  {'idp':  65 ,  'x':  0.95 ,  'y':  -1.06 ,  'r':  0.4 ,  'type':  1} ,  {'idp':  66 ,  'x':  1.66 ,  'y':  -3.84 ,  'r':  0.4 ,  'type':  1}]
60805,1398777788.775679,[{'idp':  64 ,  'x':  1.74 ,  'y':  -0.23 ,  'r':  0.4 ,  'type':  1} ,  {'idp':  65 ,  'x':  0.99 ,  'y':  -1.05 ,  'r':  0.4 ,  'type':  1} ,  {'idp':  66 ,  'x':  1.69 ,  'y':  -3.83 ,  'r':  0.4 ,  'type':  1}]
60806,1398777788.8155804,[{'idp':  64 ,  'x':  1.75 ,  'y':  -0.21 ,  'r':  0.4 ,  'type':  1} ,  {'idp':  65 ,  'x':  1.01 ,  'y':  -1.04 ,  'r':  0.4 ,  'type':  1} ,  {'idp':  66 ,  'x':  1.71 ,  'y':  -3.8 ,  'r':  0.4 ,  'type':  1}]
60807,1398777788.8156078,[{'idp':  64 ,  'x':  1.78 ,  'y':  -0.19 ,  'r':  0.4 ,  'type':  1} ,  {'idp':  65 ,  'x':  1.02 ,  'y':  -1.02 ,  'r':  0.4 ,  'type':  1} ,  {'idp':  66 ,  'x':  1.74 ,  'y':  -3.77 ,  'r':  0.4 ,  'type':  1}]
60808,1398777788.8556762,[{'idp':  64 ,  'x':  1.8 ,  'y':  -0.17 ,  'r':  0.4 ,  'type':  1} ,  {'idp':  65 ,  'x':  1.03 ,  'y':  -0.99 ,  'r':  0.4 ,  'type':  1} ,  {'idp':  66 ,  'x':  1.75 ,  'y':  -3.71 ,  'r':  0.4 ,  'type':  1}]
60809,1398777788.8557007,[{'idp':  64 ,  'x':  1.82 ,  'y':  -0.16 ,  'r':  0.4 ,  'type':  1} ,  {'idp':  65 ,  'x':  1.04 ,  'y':  -0.96 ,  'r':  0.4 ,  'type':  1} ,  {'idp':  66 ,  'x':  1.79 ,  'y':  -3.76 ,  'r':  0.4 ,  'type':  1}]
60810,1398777788.8957639,[{'idp':  64 ,  'x':  1.83 ,  'y':  -0.15 ,  'r':  0.4 ,  'type':  1} ,  {'idp':  65 ,  'x':  1.08 ,  'y':  -0.95 ,  'r':  0.4 ,  'type':  1} ,  {'idp':  66 ,  'x':  1.84 ,  'y':  -3.78 ,  'r':  0.4 ,  'type':  1}]
60811,1398777788.899781,[{'idp':  64 ,  'x':  1.84 ,  'y':  -0.13 ,  'r':  0.4 ,  'type':  1} ,  {'idp':  65 ,  'x':  1.14 ,  'y':  -0.97 ,  'r':  0.4 ,  'type':  1} ,  {'idp':  66 ,  'x':  1.88 ,  'y':  -3.8 ,  'r':  0.4 ,  'type':  1}]
60812,1398777788.9395344,[{'idp':  64 ,  'x':  1.84 ,  'y':  -0.12 ,  'r':  0.4 ,  'type':  1} ,  {'idp':  65 ,  'x':  1.19 ,  'y':  -0.99 ,  'r':  0.4 ,  'type':  1} ,  {'idp':  66 ,  'x':  1.91 ,  'y':  -3.78 ,  'r':  0.4 ,  'type':  1}]
60813,1398777788.9796367,[{'idp':  64 ,  'x':  1.85 ,  'y':  -0.11 ,  'r':  0.4 ,  'type':  1} ,  {'idp':  65 ,  'x':  1.22 ,  'y':  -0.99 ,  'r':  0.4 ,  'type':  1} ,  {'idp':  66 ,  'x':  1.93 ,  'y':  -3.78 ,  'r':  0.4 ,  'type':  1}]
60814,1398777788.9796746,[{'idp':  64 ,  'x':  1.84 ,  'y':  -0.1 ,  'r':  0.4 ,  'type':  1} ,  {'idp':  65 ,  'x':  1.26 ,  'y':  -1.0 ,  'r':  0.4 ,  'type':  1} ,  {'idp':  66 ,  'x':  1.98 ,  'y':  -3.78 ,  'r':  0.4 ,  'type':  1}]
60815,1398777789.019638,[{'idp':  64 ,  'x':  1.85 ,  'y':  -0.08 ,  'r':  0.4 ,  'type':  1} ,  {'idp':  65 ,  'x':  1.28 ,  'y':  -0.99 ,  'r':  0.4 ,  'type':  1} ,  {'idp':  66 ,  'x':  2.0 ,  'y':  -3.76 ,  'r':  0.4 ,  'type':  1}]
60816,1398777789.0257602,[{'idp':  64 ,  'x':  1.84 ,  'y':  -0.08 ,  'r':  0.4 ,  'type':  1} ,  {'idp':  65 ,  'x':  1.31 ,  'y':  -0.98 ,  'r':  0.4 ,  'type':  1} ,  {'idp':  66 ,  'x':  2.01 ,  'y':  -3.77 ,  'r':  0.4 ,  'type':  1}]
60817,1398777789.0637038,[{'idp':  64 ,  'x':  1.85 ,  'y':  -0.08 ,  'r':  0.4 ,  'type':  1} ,  {'idp':  65 ,  'x':  1.33 ,  'y':  -0.98 ,  'r':  0.4 ,  'type':  1} ,  {'idp':  66 ,  'x':  2.03 ,  'y':  -3.76 ,  'r':  0.4 ,  'type':  1}]
60818,1398777789.103632,[{'idp':  64 ,  'x':  1.85 ,  'y':  -0.09 ,  'r':  0.4 ,  'type':  1} ,  {'idp':  65 ,  'x':  1.35 ,  'y':  -0.98 ,  'r':  0.4 ,  'type':  1} ,  {'idp':  66 ,  'x':  2.04 ,  'y':  -3.75 ,  'r':  0.4 ,  'type':  1}]
60819,1398777789.1036758,[{'idp':  64 ,  'x':  1.86 ,  'y':  -0.08 ,  'r':  0.4 ,  'type':  1} ,  {'idp':  65 ,  'x':  1.36 ,  'y':  -0.97 ,  'r':  0.4 ,  'type':  1} ,  {'idp':  66 ,  'x':  2.06 ,  'y':  -3.74 ,  'r':  0.4 ,  'type':  1}]
60820,1398777789.1436946,[{'idp':  64 ,  'x':  1.86 ,  'y':  -0.08 ,  'r':  0.4 ,  'type':  1} ,  {'idp':  65 ,  'x':  1.38 ,  'y':  -0.96 ,  'r':  0.4 ,  'type':  1} ,  {'idp':  66 ,  'x':  2.06 ,  'y':  -3.72 ,  'r':  0.4 ,  'type':  1}]
60821,1398777789.1523137,[{'idp':  64 ,  'x':  1.87 ,  'y':  -0.08 ,  'r':  0.4 ,  'type':  1} ,  {'idp':  65 ,  'x':  1.39 ,  'y':  -0.96 ,  'r':  0.4 ,  'type':  1} ,  {'idp':  66 ,  'x':  2.1 ,  'y':  -3.73 ,  'r':  0.4 ,  'type':  1}]
60822,1398777789.1916034,[{'idp':  64 ,  'x':  1.88 ,  'y':  -0.07 ,  'r':  0.4 ,  'type':  1} ,  {'idp':  65 ,  'x':  1.4 ,  'y':  -0.95 ,  'r':  0.4 ,  'type':  1} ,  {'idp':  66 ,  'x':  2.11 ,  'y':  -3.71 ,  'r':  0.4 ,  'type':  1}]
60823,1398777789.2315538,[{'idp':  64 ,  'x':  1.88 ,  'y':  -0.07 ,  'r':  0.4 ,  'type':  1} ,  {'idp':  65 ,  'x':  1.41 ,  'y':  -0.96 ,  'r':  0.4 ,  'type':  1} ,  {'idp':  66 ,  'x':  2.15 ,  'y':  -3.72 ,  'r':  0.4 ,  'type':  1}]
60824,1398777789.2316084,[{'idp':  64 ,  'x':  1.88 ,  'y':  -0.06 ,  'r':  0.4 ,  'type':  1} ,  {'idp':  65 ,  'x':  1.42 ,  'y':  -0.96 ,  'r':  0.4 ,  'type':  1} ,  {'idp':  66 ,  'x':  2.16 ,  'y':  -3.7 ,  'r':  0.4 ,  'type':  1}]
60825,1398777789.2716122,[{'idp':  64 ,  'x':  1.89 ,  'y':  -0.06 ,  'r':  0.4 ,  'type':  1} ,  {'idp':  65 ,  'x':  1.44 ,  'y':  -0.95 ,  'r':  0.4 ,  'type':  1} ,  {'idp':  66 ,  'x':  2.18 ,  'y':  -3.69 ,  'r':  0.4 ,  'type':  1}]
60826,1398777789.2758083,[{'idp':  64 ,  'x':  1.9 ,  'y':  -0.06 ,  'r':  0.4 ,  'type':  1} ,  {'idp':  65 ,  'x':  1.44 ,  'y':  -0.95 ,  'r':  0.4 ,  'type':  1} ,  {'idp':  66 ,  'x':  2.19 ,  'y':  -3.69 ,  'r':  0.4 ,  'type':  1} ,  {'idp':  67 ,  'x':  0.35 ,  'y':  -2.53 ,  'r':  0.4 ,  'type':  1}]
60827,1398777789.3157008,[{'idp':  64 ,  'x':  1.91 ,  'y':  -0.06 ,  'r':  0.4 ,  'type':  1} ,  {'idp':  65 ,  'x':  1.46 ,  'y':  -0.95 ,  'r':  0.4 ,  'type':  1} ,  {'idp':  66 ,  'x':  2.19 ,  'y':  -3.68 ,  'r':  0.4 ,  'type':  1} ,  {'idp':  67 ,  'x':  0.38 ,  'y':  -2.52 ,  'r':  0.4 ,  'type':  1}]
60828,1398777789.3555949,[{'idp':  64 ,  'x':  1.93 ,  'y':  -0.05 ,  'r':  0.4 ,  'type':  1} ,  {'idp':  65 ,  'x':  1.48 ,  'y':  -0.94 ,  'r':  0.4 ,  'type':  1} ,  {'idp':  66 ,  'x':  2.21 ,  'y':  -3.66 ,  'r':  0.4 ,  'type':  1} ,  {'idp':  67 ,  'x':  0.4 ,  'y':  -2.51 ,  'r':  0.4 ,  'type':  1}]
60829,1398777789.3556278,[{'idp':  64 ,  'x':  1.94 ,  'y':  -0.05 ,  'r':  0.4 ,  'type':  1} ,  {'idp':  65 ,  'x':  1.5 ,  'y':  -0.93 ,  'r':  0.4 ,  'type':  1} ,  {'idp':  66 ,  'x':  2.28 ,  'y':  -3.67 ,  'r':  0.4 ,  'type':  1} ,  {'idp':  67 ,  'x':  0.42 ,  'y':  -2.51 ,  'r':  0.4 ,  'type':  1}]
60830,1398777789.395633,[{'idp':  64 ,  'x':  1.96 ,  'y':  -0.03 ,  'r':  0.4 ,  'type':  1} ,  {'idp':  65 ,  'x':  1.54 ,  'y':  -0.92 ,  'r':  0.4 ,  'type':  1} ,  {'idp':  66 ,  'x':  2.34 ,  'y':  -3.69 ,  'r':  0.4 ,  'type':  1} ,  {'idp':  67 ,  'x':  0.46 ,  'y':  -2.5 ,  'r':  0.4 ,  'type':  1}]
60831,1398777789.4015493,[{'idp':  64 ,  'x':  1.97 ,  'y':  -0.03 ,  'r':  0.4 ,  'type':  1} ,  {'idp':  65 ,  'x':  1.57 ,  'y':  -0.91 ,  'r':  0.4 ,  'type':  1} ,  {'idp':  66 ,  'x':  2.38 ,  'y':  -3.7 ,  'r':  0.4 ,  'type':  1} ,  {'idp':  67 ,  'x':  0.5 ,  'y':  -2.48 ,  'r':  0.4 ,  'type':  1}]
60832,1398777789.4395614,[{'idp':  64 ,  'x':  1.99 ,  'y':  -0.03 ,  'r':  0.4 ,  'type':  1} ,  {'idp':  65 ,  'x':  1.59 ,  'y':  -0.91 ,  'r':  0.4 ,  'type':  1} ,  {'idp':  66 ,  'x':  2.4 ,  'y':  -3.7 ,  'r':  0.4 ,  'type':  1} ,  {'idp':  67 ,  'x':  0.52 ,  'y':  -2.47 ,  'r':  0.4 ,  'type':  1}]
60833,1398777789.4795904,[{'idp':  64 ,  'x':  2.01 ,  'y':  -0.03 ,  'r':  0.4 ,  'type':  1} ,  {'idp':  65 ,  'x':  1.62 ,  'y':  -0.91 ,  'r':  0.4 ,  'type':  1} ,  {'idp':  66 ,  'x':  2.42 ,  'y':  -3.71 ,  'r':  0.4 ,  'type':  1} ,  {'idp':  67 ,  'x':  0.53 ,  'y':  -2.44 ,  'r':  0.4 ,  'type':  1}]
60834,1398777789.479621,[{'idp':  64 ,  'x':  2.03 ,  'y':  -0.02 ,  'r':  0.4 ,  'type':  1} ,  {'idp':  65 ,  'x':  1.64 ,  'y':  -0.9 ,  'r':  0.4 ,  'type':  1} ,  {'idp':  66 ,  'x':  2.45 ,  'y':  -3.7 ,  'r':  0.4 ,  'type':  1} ,  {'idp':  67 ,  'x':  0.57 ,  'y':  -2.43 ,  'r':  0.4 ,  'type':  1}]
60835,1398777789.5196462,[{'idp':  64 ,  'x':  2.04 ,  'y':  -0.01 ,  'r':  0.4 ,  'type':  1} ,  {'idp':  65 ,  'x':  1.67 ,  'y':  -0.88 ,  'r':  0.4 ,  'type':  1} ,  {'idp':  66 ,  'x':  2.49 ,  'y':  -3.7 ,  'r':  0.4 ,  'type':  1} ,  {'idp':  67 ,  'x':  0.61 ,  'y':  -2.42 ,  'r':  0.4 ,  'type':  1}]
60836,1398777789.5273008,[{'idp':  64 ,  'x':  2.05 ,  'y':  0.01 ,  'r':  0.4 ,  'type':  1} ,  {'idp':  65 ,  'x':  1.68 ,  'y':  -0.87 ,  'r':  0.4 ,  'type':  1} ,  {'idp':  66 ,  'x':  2.51 ,  'y':  -3.68 ,  'r':  0.4 ,  'type':  1} ,  {'idp':  67 ,  'x':  0.66 ,  'y':  -2.43 ,  'r':  0.4 ,  'type':  1}]
60837,1398777789.5637088,[{'idp':  64 ,  'x':  2.06 ,  'y':  0.01 ,  'r':  0.4 ,  'type':  1} ,  {'idp':  65 ,  'x':  1.7 ,  'y':  -0.87 ,  'r':  0.4 ,  'type':  1} ,  {'idp':  66 ,  'x':  2.53 ,  'y':  -3.69 ,  'r':  0.4 ,  'type':  1} ,  {'idp':  67 ,  'x':  0.68 ,  'y':  -2.45 ,  'r':  0.4 ,  'type':  1}]
60838,1398777789.6036365,[{'idp':  64 ,  'x':  2.07 ,  'y':  0.01 ,  'r':  0.4 ,  'type':  1} ,  {'idp':  65 ,  'x':  1.71 ,  'y':  -0.86 ,  'r':  0.4 ,  'type':  1} ,  {'idp':  66 ,  'x':  2.55 ,  'y':  -3.69 ,  'r':  0.4 ,  'type':  1} ,  {'idp':  67 ,  'x':  0.71 ,  'y':  -2.47 ,  'r':  0.4 ,  'type':  1}]
60839,1398777789.6036701,[{'idp':  64 ,  'x':  2.06 ,  'y':  0.02 ,  'r':  0.4 ,  'type':  1} ,  {'idp':  65 ,  'x':  1.71 ,  'y':  -0.85 ,  'r':  0.4 ,  'type':  1} ,  {'idp':  66 ,  'x':  2.58 ,  'y':  -3.69 ,  'r':  0.4 ,  'type':  1} ,  {'idp':  67 ,  'x':  0.74 ,  'y':  -2.47 ,  'r':  0.4 ,  'type':  1}]
60840,1398777789.6435885,[{'idp':  64 ,  'x':  2.07 ,  'y':  0.02 ,  'r':  0.4 ,  'type':  1} ,  {'idp':  65 ,  'x':  1.71 ,  'y':  -0.84 ,  'r':  0.4 ,  'type':  1} ,  {'idp':  66 ,  'x':  2.59 ,  'y':  -3.69 ,  'r':  0.4 ,  'type':  1} ,  {'idp':  67 ,  'x':  0.76 ,  'y':  -2.46 ,  'r':  0.4 ,  'type':  1}]
60841,1398777789.652526,[{'idp':  64 ,  'x':  2.07 ,  'y':  0.03 ,  'r':  0.4 ,  'type':  1} ,  {'idp':  65 ,  'x':  1.7 ,  'y':  -0.82 ,  'r':  0.4 ,  'type':  1} ,  {'idp':  66 ,  'x':  2.6 ,  'y':  -3.69 ,  'r':  0.4 ,  'type':  1} ,  {'idp':  67 ,  'x':  0.79 ,  'y':  -2.46 ,  'r':  0.4 ,  'type':  1}]
60842,1398777789.691669,[{'idp':  64 ,  'x':  2.08 ,  'y':  0.03 ,  'r':  0.4 ,  'type':  1} ,  {'idp':  65 ,  'x':  1.67 ,  'y':  -0.79 ,  'r':  0.4 ,  'type':  1} ,  {'idp':  66 ,  'x':  2.63 ,  'y':  -3.69 ,  'r':  0.4 ,  'type':  1} ,  {'idp':  67 ,  'x':  0.81 ,  'y':  -2.45 ,  'r':  0.4 ,  'type':  1}]
60843,1398777789.731741,[{'idp':  64 ,  'x':  2.09 ,  'y':  0.03 ,  'r':  0.4 ,  'type':  1} ,  {'idp':  65 ,  'x':  1.65 ,  'y':  -0.78 ,  'r':  0.4 ,  'type':  1} ,  {'idp':  66 ,  'x':  2.65 ,  'y':  -3.7 ,  'r':  0.4 ,  'type':  1} ,  {'idp':  67 ,  'x':  0.84 ,  'y':  -2.45 ,  'r':  0.4 ,  'type':  1}]
60844,1398777789.7317631,[{'idp':  64 ,  'x':  2.07 ,  'y':  0.04 ,  'r':  0.4 ,  'type':  1} ,  {'idp':  65 ,  'x':  1.66 ,  'y':  -0.78 ,  'r':  0.4 ,  'type':  1} ,  {'idp':  66 ,  'x':  2.67 ,  'y':  -3.69 ,  'r':  0.4 ,  'type':  1} ,  {'idp':  67 ,  'x':  0.86 ,  'y':  -2.45 ,  'r':  0.4 ,  'type':  1}]
60845,1398777789.771652,[{'idp':  64 ,  'x':  2.08 ,  'y':  0.06 ,  'r':  0.4 ,  'type':  1} ,  {'idp':  65 ,  'x':  1.67 ,  'y':  -0.78 ,  'r':  0.4 ,  'type':  1} ,  {'idp':  66 ,  'x':  2.69 ,  'y':  -3.69 ,  'r':  0.4 ,  'type':  1} ,  {'idp':  67 ,  'x':  0.87 ,  'y':  -2.44 ,  'r':  0.4 ,  'type':  1}]
60846,1398777789.7782307,[{'idp':  64 ,  'x':  2.07 ,  'y':  0.06 ,  'r':  0.4 ,  'type':  1} ,  {'idp':  65 ,  'x':  1.67 ,  'y':  -0.78 ,  'r':  0.4 ,  'type':  1} ,  {'idp':  66 ,  'x':  2.71 ,  'y':  -3.7 ,  'r':  0.4 ,  'type':  1} ,  {'idp':  67 ,  'x':  0.9 ,  'y':  -2.43 ,  'r':  0.4 ,  'type':  1}]
60847,1398777789.8155618,[{'idp':  64 ,  'x':  2.07 ,  'y':  0.06 ,  'r':  0.4 ,  'type':  1} ,  {'idp':  65 ,  'x':  1.7 ,  'y':  -0.79 ,  'r':  0.4 ,  'type':  1} ,  {'idp':  66 ,  'x':  2.74 ,  'y':  -3.69 ,  'r':  0.4 ,  'type':  1} ,  {'idp':  67 ,  'x':  0.91 ,  'y':  -2.43 ,  'r':  0.4 ,  'type':  1}]
60848,1398777789.855625,[{'idp':  64 ,  'x':  2.09 ,  'y':  0.06 ,  'r':  0.4 ,  'type':  1} ,  {'idp':  65 ,  'x':  1.74 ,  'y':  -0.79 ,  'r':  0.4 ,  'type':  1} ,  {'idp':  66 ,  'x':  2.76 ,  'y':  -3.7 ,  'r':  0.4 ,  'type':  1} ,  {'idp':  67 ,  'x':  0.92 ,  'y':  -2.44 ,  'r':  0.4 ,  'type':  1}]
60849,1398777789.8557038,[{'idp':  64 ,  'x':  2.09 ,  'y':  0.07 ,  'r':  0.4 ,  'type':  1} ,  {'idp':  65 ,  'x':  1.74 ,  'y':  -0.8 ,  'r':  0.4 ,  'type':  1} ,  {'idp':  66 ,  'x':  2.79 ,  'y':  -3.69 ,  'r':  0.4 ,  'type':  1} ,  {'idp':  67 ,  'x':  0.93 ,  'y':  -2.44 ,  'r':  0.4 ,  'type':  1}]
60850,1398777789.8963323,[{'idp':  64 ,  'x':  2.12 ,  'y':  0.08 ,  'r':  0.4 ,  'type':  1} ,  {'idp':  65 ,  'x':  1.75 ,  'y':  -0.79 ,  'r':  0.4 ,  'type':  1} ,  {'idp':  66 ,  'x':  2.81 ,  'y':  -3.68 ,  'r':  0.4 ,  'type':  1} ,  {'idp':  67 ,  'x':  0.96 ,  'y':  -2.43 ,  'r':  0.4 ,  'type':  1}]
60851,1398777789.904835,[{'idp':  64 ,  'x':  2.13 ,  'y':  0.09 ,  'r':  0.4 ,  'type':  1} ,  {'idp':  65 ,  'x':  1.76 ,  'y':  -0.78 ,  'r':  0.4 ,  'type':  1} ,  {'idp':  66 ,  'x':  2.85 ,  'y':  -3.67 ,  'r':  0.4 ,  'type':  1} ,  {'idp':  67 ,  'x':  0.98 ,  'y':  -2.43 ,  'r':  0.4 ,  'type':  1}]
60852,1398777789.943634,[{'idp':  64 ,  'x':  2.16 ,  'y':  0.1 ,  'r':  0.4 ,  'type':  1} ,  {'idp':  65 ,  'x':  1.8 ,  'y':  -0.78 ,  'r':  0.4 ,  'type':  1} ,  {'idp':  66 ,  'x':  2.88 ,  'y':  -3.65 ,  'r':  0.4 ,  'type':  1} ,  {'idp':  67 ,  'x':  1.0 ,  'y':  -2.42 ,  'r':  0.4 ,  'type':  1}]
60853,1398777789.9835975,[{'idp':  64 ,  'x':  2.17 ,  'y':  0.11 ,  'r':  0.4 ,  'type':  1} ,  {'idp':  65 ,  'x':  1.79 ,  'y':  -0.76 ,  'r':  0.4 ,  'type':  1} ,  {'idp':  66 ,  'x':  2.9 ,  'y':  -3.64 ,  'r':  0.4 ,  'type':  1} ,  {'idp':  67 ,  'x':  1.03 ,  'y':  -2.42 ,  'r':  0.4 ,  'type':  1}]
60854,1398777789.9836302,[{'idp':  64 ,  'x':  2.18 ,  'y':  0.12 ,  'r':  0.4 ,  'type':  1} ,  {'idp':  65 ,  'x':  1.83 ,  'y':  -0.75 ,  'r':  0.4 ,  'type':  1} ,  {'idp':  66 ,  'x':  2.92 ,  'y':  -3.62 ,  'r':  0.4 ,  'type':  1} ,  {'idp':  67 ,  'x':  1.07 ,  'y':  -2.42 ,  'r':  0.4 ,  'type':  1}]
60855,1398777790.023583,[{'idp':  64 ,  'x':  2.2 ,  'y':  0.12 ,  'r':  0.4 ,  'type':  1} ,  {'idp':  65 ,  'x':  1.91 ,  'y':  -0.76 ,  'r':  0.4 ,  'type':  1} ,  {'idp':  66 ,  'x':  2.9 ,  'y':  -3.56 ,  'r':  0.4 ,  'type':  1} ,  {'idp':  67 ,  'x':  1.09 ,  'y':  -2.41 ,  'r':  0.4 ,  'type':  1}]
60856,1398777790.0309546,[{'idp':  64 ,  'x':  2.21 ,  'y':  0.12 ,  'r':  0.4 ,  'type':  1} ,  {'idp':  65 ,  'x':  1.99 ,  'y':  -0.8 ,  'r':  0.4 ,  'type':  1} ,  {'idp':  66 ,  'x':  2.96 ,  'y':  -3.6 ,  'r':  0.4 ,  'type':  1} ,  {'idp':  67 ,  'x':  1.12 ,  'y':  -2.41 ,  'r':  0.4 ,  'type':  1}]
60857,1398777790.067623,[{'idp':  64 ,  'x':  2.22 ,  'y':  0.13 ,  'r':  0.4 ,  'type':  1} ,  {'idp':  65 ,  'x':  2.04 ,  'y':  -0.82 ,  'r':  0.4 ,  'type':  1} ,  {'idp':  66 ,  'x':  2.97 ,  'y':  -3.62 ,  'r':  0.4 ,  'type':  1} ,  {'idp':  67 ,  'x':  1.13 ,  'y':  -2.4 ,  'r':  0.4 ,  'type':  1}]
60858,1398777790.107572,[{'idp':  64 ,  'x':  2.24 ,  'y':  0.13 ,  'r':  0.4 ,  'type':  1} ,  {'idp':  65 ,  'x':  2.08 ,  'y':  -0.82 ,  'r':  0.4 ,  'type':  1} ,  {'idp':  66 ,  'x':  3.02 ,  'y':  -3.63 ,  'r':  0.4 ,  'type':  1} ,  {'idp':  67 ,  'x':  1.15 ,  'y':  -2.39 ,  'r':  0.4 ,  'type':  1}]
60859,1398777790.1076066,[{'idp':  64 ,  'x':  2.26 ,  'y':  0.15 ,  'r':  0.4 ,  'type':  1} ,  {'idp':  65 ,  'x':  2.11 ,  'y':  -0.82 ,  'r':  0.4 ,  'type':  1} ,  {'idp':  66 ,  'x':  3.04 ,  'y':  -3.62 ,  'r':  0.4 ,  'type':  1} ,  {'idp':  67 ,  'x':  1.17 ,  'y':  -2.38 ,  'r':  0.4 ,  'type':  1}]
60860,1398777790.1475875,[{'idp':  64 ,  'x':  2.26 ,  'y':  0.16 ,  'r':  0.4 ,  'type':  1} ,  {'idp':  65 ,  'x':  2.14 ,  'y':  -0.83 ,  'r':  0.4 ,  'type':  1} ,  {'idp':  66 ,  'x':  3.06 ,  'y':  -3.62 ,  'r':  0.4 ,  'type':  1} ,  {'idp':  67 ,  'x':  1.19 ,  'y':  -2.35 ,  'r':  0.4 ,  'type':  1}]
60861,1398777790.1582904,[{'idp':  64 ,  'x':  2.28 ,  'y':  0.16 ,  'r':  0.4 ,  'type':  1} ,  {'idp':  65 ,  'x':  2.15 ,  'y':  -0.83 ,  'r':  0.4 ,  'type':  1} ,  {'idp':  66 ,  'x':  3.09 ,  'y':  -3.61 ,  'r':  0.4 ,  'type':  1} ,  {'idp':  67 ,  'x':  1.2 ,  'y':  -2.32 ,  'r':  0.4 ,  'type':  1}]
60862,1398777790.195562,[{'idp':  64 ,  'x':  2.3 ,  'y':  0.17 ,  'r':  0.4 ,  'type':  1} ,  {'idp':  65 ,  'x':  2.18 ,  'y':  -0.83 ,  'r':  0.4 ,  'type':  1} ,  {'idp':  66 ,  'x':  3.1 ,  'y':  -3.61 ,  'r':  0.4 ,  'type':  1} ,  {'idp':  67 ,  'x':  1.22 ,  'y':  -2.33 ,  'r':  0.4 ,  'type':  1}]
60863,1398777790.2356105,[{'idp':  64 ,  'x':  2.31 ,  'y':  0.17 ,  'r':  0.4 ,  'type':  1} ,  {'idp':  65 ,  'x':  2.19 ,  'y':  -0.83 ,  'r':  0.4 ,  'type':  1} ,  {'idp':  66 ,  'x':  3.12 ,  'y':  -3.6 ,  'r':  0.4 ,  'type':  1} ,  {'idp':  67 ,  'x':  1.24 ,  'y':  -2.34 ,  'r':  0.4 ,  'type':  1}]
60864,1398777790.2356453,[{'idp':  64 ,  'x':  2.33 ,  'y':  0.18 ,  'r':  0.4 ,  'type':  1} ,  {'idp':  65 ,  'x':  2.21 ,  'y':  -0.83 ,  'r':  0.4 ,  'type':  1} ,  {'idp':  66 ,  'x':  3.14 ,  'y':  -3.58 ,  'r':  0.4 ,  'type':  1} ,  {'idp':  67 ,  'x':  1.28 ,  'y':  -2.35 ,  'r':  0.4 ,  'type':  1}]
60865,1398777790.2756226,[{'idp':  64 ,  'x':  2.34 ,  'y':  0.2 ,  'r':  0.4 ,  'type':  1} ,  {'idp':  65 ,  'x':  2.23 ,  'y':  -0.83 ,  'r':  0.4 ,  'type':  1} ,  {'idp':  66 ,  'x':  3.15 ,  'y':  -3.56 ,  'r':  0.4 ,  'type':  1} ,  {'idp':  67 ,  'x':  1.31 ,  'y':  -2.35 ,  'r':  0.4 ,  'type':  1}]
60866,1398777790.2822642,[{'idp':  64 ,  'x':  2.34 ,  'y':  0.2 ,  'r':  0.4 ,  'type':  1} ,  {'idp':  65 ,  'x':  2.24 ,  'y':  -0.83 ,  'r':  0.4 ,  'type':  1} ,  {'idp':  66 ,  'x':  3.18 ,  'y':  -3.55 ,  'r':  0.4 ,  'type':  1} ,  {'idp':  67 ,  'x':  1.33 ,  'y':  -2.34 ,  'r':  0.4 ,  'type':  1}]
60867,1398777790.3196223,[{'idp':  64 ,  'x':  2.36 ,  'y':  0.2 ,  'r':  0.4 ,  'type':  1} ,  {'idp':  65 ,  'x':  2.25 ,  'y':  -0.83 ,  'r':  0.4 ,  'type':  1} ,  {'idp':  66 ,  'x':  3.2 ,  'y':  -3.55 ,  'r':  0.4 ,  'type':  1} ,  {'idp':  67 ,  'x':  1.34 ,  'y':  -2.34 ,  'r':  0.4 ,  'type':  1}]
60868,1398777790.35963,[{'idp':  64 ,  'x':  2.37 ,  'y':  0.19 ,  'r':  0.4 ,  'type':  1} ,  {'idp':  65 ,  'x':  2.26 ,  'y':  -0.84 ,  'r':  0.4 ,  'type':  1} ,  {'idp':  66 ,  'x':  3.19 ,  'y':  -3.55 ,  'r':  0.4 ,  'type':  1} ,  {'idp':  67 ,  'x':  1.34 ,  'y':  -2.34 ,  'r':  0.4 ,  'type':  1}]
60869,1398777790.3596587,[{'idp':  64 ,  'x':  2.38 ,  'y':  0.2 ,  'r':  0.4 ,  'type':  1} ,  {'idp':  65 ,  'x':  2.27 ,  'y':  -0.84 ,  'r':  0.4 ,  'type':  1} ,  {'idp':  66 ,  'x':  3.22 ,  'y':  -3.55 ,  'r':  0.4 ,  'type':  1} ,  {'idp':  67 ,  'x':  1.35 ,  'y':  -2.33 ,  'r':  0.4 ,  'type':  1}]
60870,1398777790.3996289,[{'idp':  64 ,  'x':  2.38 ,  'y':  0.21 ,  'r':  0.4 ,  'type':  1} ,  {'idp':  65 ,  'x':  2.29 ,  'y':  -0.83 ,  'r':  0.4 ,  'type':  1} ,  {'idp':  66 ,  'x':  3.25 ,  'y':  -3.51 ,  'r':  0.4 ,  'type':  1} ,  {'idp':  67 ,  'x':  1.37 ,  'y':  -2.33 ,  'r':  0.4 ,  'type':  1}]
60871,1398777790.407129,[{'idp':  64 ,  'x':  2.39 ,  'y':  0.22 ,  'r':  0.4 ,  'type':  1} ,  {'idp':  65 ,  'x':  2.3 ,  'y':  -0.83 ,  'r':  0.4 ,  'type':  1} ,  {'idp':  66 ,  'x':  3.27 ,  'y':  -3.48 ,  'r':  0.4 ,  'type':  1} ,  {'idp':  67 ,  'x':  1.37 ,  'y':  -2.31 ,  'r':  0.4 ,  'type':  1}]
60872,1398777790.4435914,[{'idp':  64 ,  'x':  2.4 ,  'y':  0.21 ,  'r':  0.4 ,  'type':  1} ,  {'idp':  65 ,  'x':  2.31 ,  'y':  -0.84 ,  'r':  0.4 ,  'type':  1} ,  {'idp':  66 ,  'x':  3.25 ,  'y':  -3.47 ,  'r':  0.4 ,  'type':  1} ,  {'idp':  67 ,  'x':  1.38 ,  'y':  -2.32 ,  'r':  0.4 ,  'type':  1}]
60873,1398777790.48366,[{'idp':  64 ,  'x':  2.42 ,  'y':  0.21 ,  'r':  0.4 ,  'type':  1} ,  {'idp':  65 ,  'x':  2.31 ,  'y':  -0.84 ,  'r':  0.4 ,  'type':  1} ,  {'idp':  66 ,  'x':  3.25 ,  'y':  -3.48 ,  'r':  0.4 ,  'type':  1} ,  {'idp':  67 ,  'x':  1.37 ,  'y':  -2.31 ,  'r':  0.4 ,  'type':  1}]
60874,1398777790.4836812,[{'idp':  64 ,  'x':  2.42 ,  'y':  0.22 ,  'r':  0.4 ,  'type':  1} ,  {'idp':  65 ,  'x':  2.32 ,  'y':  -0.84 ,  'r':  0.4 ,  'type':  1} ,  {'idp':  66 ,  'x':  3.25 ,  'y':  -3.47 ,  'r':  0.4 ,  'type':  1} ,  {'idp':  67 ,  'x':  1.38 ,  'y':  -2.31 ,  'r':  0.4 ,  'type':  1}]
60875,1398777790.5236373,[{'idp':  64 ,  'x':  2.43 ,  'y':  0.24 ,  'r':  0.4 ,  'type':  1} ,  {'idp':  65 ,  'x':  2.34 ,  'y':  -0.82 ,  'r':  0.4 ,  'type':  1} ,  {'idp':  66 ,  'x':  3.3 ,  'y':  -3.43 ,  'r':  0.4 ,  'type':  1} ,  {'idp':  67 ,  'x':  1.4 ,  'y':  -2.29 ,  'r':  0.4 ,  'type':  1}]
60876,1398777790.5355327,[{'idp':  64 ,  'x':  2.42 ,  'y':  0.26 ,  'r':  0.4 ,  'type':  1} ,  {'idp':  65 ,  'x':  2.35 ,  'y':  -0.8 ,  'r':  0.4 ,  'type':  1} ,  {'idp':  66 ,  'x':  3.34 ,  'y':  -3.39 ,  'r':  0.4 ,  'type':  1} ,  {'idp':  67 ,  'x':  1.44 ,  'y':  -2.28 ,  'r':  0.4 ,  'type':  1}]
60877,1398777790.571644,[{'idp':  64 ,  'x':  2.43 ,  'y':  0.26 ,  'r':  0.4 ,  'type':  1} ,  {'idp':  65 ,  'x':  2.36 ,  'y':  -0.79 ,  'r':  0.4 ,  'type':  1} ,  {'idp':  66 ,  'x':  3.41 ,  'y':  -3.44 ,  'r':  0.4 ,  'type':  1} ,  {'idp':  67 ,  'x':  1.45 ,  'y':  -2.27 ,  'r':  0.4 ,  'type':  1}]
60878,1398777790.611634,[{'idp':  64 ,  'x':  2.44 ,  'y':  0.25 ,  'r':  0.4 ,  'type':  1} ,  {'idp':  65 ,  'x':  2.39 ,  'y':  -0.8 ,  'r':  0.4 ,  'type':  1} ,  {'idp':  66 ,  'x':  3.43 ,  'y':  -3.45 ,  'r':  0.4 ,  'type':  1} ,  {'idp':  67 ,  'x':  1.46 ,  'y':  -2.25 ,  'r':  0.4 ,  'type':  1}]
60879,1398777790.611656,[{'idp':  64 ,  'x':  2.44 ,  'y':  0.25 ,  'r':  0.4 ,  'type':  1} ,  {'idp':  65 ,  'x':  2.4 ,  'y':  -0.81 ,  'r':  0.4 ,  'type':  1} ,  {'idp':  66 ,  'x':  3.45 ,  'y':  -3.46 ,  'r':  0.4 ,  'type':  1} ,  {'idp':  67 ,  'x':  1.46 ,  'y':  -2.23 ,  'r':  0.4 ,  'type':  1}]
60880,1398777790.6516051,[{'idp':  64 ,  'x':  2.45 ,  'y':  0.26 ,  'r':  0.4 ,  'type':  1} ,  {'idp':  65 ,  'x':  2.43 ,  'y':  -0.8 ,  'r':  0.4 ,  'type':  1} ,  {'idp':  66 ,  'x':  3.47 ,  'y':  -3.45 ,  'r':  0.4 ,  'type':  1} ,  {'idp':  67 ,  'x':  1.48 ,  'y':  -2.21 ,  'r':  0.4 ,  'type':  1}]
60881,1398777790.6559505,[{'idp':  64 ,  'x':  2.46 ,  'y':  0.26 ,  'r':  0.4 ,  'type':  1} ,  {'idp':  65 ,  'x':  2.45 ,  'y':  -0.8 ,  'r':  0.4 ,  'type':  1} ,  {'idp':  66 ,  'x':  3.49 ,  'y':  -3.44 ,  'r':  0.4 ,  'type':  1} ,  {'idp':  67 ,  'x':  1.51 ,  'y':  -2.2 ,  'r':  0.4 ,  'type':  1}]
60882,1398777790.6956537,[{'idp':  64 ,  'x':  2.47 ,  'y':  0.27 ,  'r':  0.4 ,  'type':  1} ,  {'idp':  65 ,  'x':  2.46 ,  'y':  -0.8 ,  'r':  0.4 ,  'type':  1} ,  {'idp':  66 ,  'x':  3.51 ,  'y':  -3.43 ,  'r':  0.4 ,  'type':  1} ,  {'idp':  67 ,  'x':  1.55 ,  'y':  -2.21 ,  'r':  0.4 ,  'type':  1}]
60883,1398777790.7355928,[{'idp':  64 ,  'x':  2.48 ,  'y':  0.28 ,  'r':  0.4 ,  'type':  1} ,  {'idp':  65 ,  'x':  2.48 ,  'y':  -0.79 ,  'r':  0.4 ,  'type':  1} ,  {'idp':  66 ,  'x':  3.54 ,  'y':  -3.4 ,  'r':  0.4 ,  'type':  1} ,  {'idp':  67 ,  'x':  1.59 ,  'y':  -2.24 ,  'r':  0.4 ,  'type':  1}]
60884,1398777790.7356217,[{'idp':  64 ,  'x':  2.48 ,  'y':  0.28 ,  'r':  0.4 ,  'type':  1} ,  {'idp':  65 ,  'x':  2.5 ,  'y':  -0.78 ,  'r':  0.4 ,  'type':  1} ,  {'idp':  66 ,  'x':  3.57 ,  'y':  -3.39 ,  'r':  0.4 ,  'type':  1} ,  {'idp':  67 ,  'x':  1.63 ,  'y':  -2.24 ,  'r':  0.4 ,  'type':  1}]
60885,1398777790.775663,[{'idp':  64 ,  'x':  2.49 ,  'y':  0.28 ,  'r':  0.4 ,  'type':  1} ,  {'idp':  65 ,  'x':  2.53 ,  'y':  -0.78 ,  'r':  0.4 ,  'type':  1} ,  {'idp':  66 ,  'x':  3.58 ,  'y':  -3.38 ,  'r':  0.4 ,  'type':  1} ,  {'idp':  67 ,  'x':  1.66 ,  'y':  -2.25 ,  'r':  0.4 ,  'type':  1}]
60886,1398777790.7809951,[{'idp':  64 ,  'x':  2.51 ,  'y':  0.28 ,  'r':  0.4 ,  'type':  1} ,  {'idp':  65 ,  'x':  2.54 ,  'y':  -0.8 ,  'r':  0.4 ,  'type':  1} ,  {'idp':  66 ,  'x':  3.59 ,  'y':  -3.39 ,  'r':  0.4 ,  'type':  1} ,  {'idp':  67 ,  'x':  1.68 ,  'y':  -2.25 ,  'r':  0.4 ,  'type':  1}]
60887,1398777790.8196366,[{'idp':  64 ,  'x':  2.52 ,  'y':  0.27 ,  'r':  0.4 ,  'type':  1} ,  {'idp':  65 ,  'x':  2.55 ,  'y':  -0.81 ,  'r':  0.4 ,  'type':  1} ,  {'idp':  66 ,  'x':  3.58 ,  'y':  -3.42 ,  'r':  0.4 ,  'type':  1} ,  {'idp':  67 ,  'x':  1.68 ,  'y':  -2.26 ,  'r':  0.4 ,  'type':  1}]
60888,1398777790.8597362,[{'idp':  64 ,  'x':  2.54 ,  'y':  0.26 ,  'r':  0.4 ,  'type':  1} ,  {'idp':  65 ,  'x':  2.55 ,  'y':  -0.8 ,  'r':  0.4 ,  'type':  1} ,  {'idp':  66 ,  'x':  3.57 ,  'y':  -3.43 ,  'r':  0.4 ,  'type':  1} ,  {'idp':  67 ,  'x':  1.69 ,  'y':  -2.27 ,  'r':  0.4 ,  'type':  1}]
60889,1398777790.8597684,[{'idp':  64 ,  'x':  2.56 ,  'y':  0.27 ,  'r':  0.4 ,  'type':  1} ,  {'idp':  65 ,  'x':  2.55 ,  'y':  -0.79 ,  'r':  0.4 ,  'type':  1} ,  {'idp':  66 ,  'x':  3.59 ,  'y':  -3.44 ,  'r':  0.4 ,  'type':  1} ,  {'idp':  67 ,  'x':  1.71 ,  'y':  -2.26 ,  'r':  0.4 ,  'type':  1}]
60890,1398777790.8996716,[{'idp':  64 ,  'x':  2.57 ,  'y':  0.29 ,  'r':  0.4 ,  'type':  1} ,  {'idp':  65 ,  'x':  2.55 ,  'y':  -0.78 ,  'r':  0.4 ,  'type':  1} ,  {'idp':  66 ,  'x':  3.62 ,  'y':  -3.42 ,  'r':  0.4 ,  'type':  1} ,  {'idp':  67 ,  'x':  1.73 ,  'y':  -2.26 ,  'r':  0.4 ,  'type':  1}]
60891,1398777790.90634,[{'idp':  64 ,  'x':  2.58 ,  'y':  0.31 ,  'r':  0.4 ,  'type':  1} ,  {'idp':  65 ,  'x':  2.55 ,  'y':  -0.75 ,  'r':  0.4 ,  'type':  1} ,  {'idp':  66 ,  'x':  3.62 ,  'y':  -3.42 ,  'r':  0.4 ,  'type':  1} ,  {'idp':  67 ,  'x':  1.77 ,  'y':  -2.24 ,  'r':  0.4 ,  'type':  1}]
60892,1398777790.943638,[{'idp':  64 ,  'x':  2.59 ,  'y':  0.32 ,  'r':  0.4 ,  'type':  1} ,  {'idp':  65 ,  'x':  2.55 ,  'y':  -0.73 ,  'r':  0.4 ,  'type':  1} ,  {'idp':  66 ,  'x':  3.68 ,  'y':  -3.37 ,  'r':  0.4 ,  'type':  1} ,  {'idp':  67 ,  'x':  1.78 ,  'y':  -2.24 ,  'r':  0.4 ,  'type':  1}]
60893,1398777790.9836402,[{'idp':  64 ,  'x':  2.59 ,  'y':  0.33 ,  'r':  0.4 ,  'type':  1} ,  {'idp':  65 ,  'x':  2.54 ,  'y':  -0.71 ,  'r':  0.4 ,  'type':  1} ,  {'idp':  66 ,  'x':  3.73 ,  'y':  -3.34 ,  'r':  0.4 ,  'type':  1} ,  {'idp':  67 ,  'x':  1.81 ,  'y':  -2.23 ,  'r':  0.4 ,  'type':  1}]
60894,1398777790.9836771,[{'idp':  64 ,  'x':  2.61 ,  'y':  0.32 ,  'r':  0.4 ,  'type':  1} ,  {'idp':  65 ,  'x':  2.54 ,  'y':  -0.71 ,  'r':  0.4 ,  'type':  1} ,  {'idp':  66 ,  'x':  3.78 ,  'y':  -3.34 ,  'r':  0.4 ,  'type':  1} ,  {'idp':  67 ,  'x':  1.83 ,  'y':  -2.23 ,  'r':  0.4 ,  'type':  1}]
60895,1398777791.0236263,[{'idp':  64 ,  'x':  2.62 ,  'y':  0.31 ,  'r':  0.4 ,  'type':  1} ,  {'idp':  65 ,  'x':  2.54 ,  'y':  -0.72 ,  'r':  0.4 ,  'type':  1} ,  {'idp':  66 ,  'x':  3.79 ,  'y':  -3.32 ,  'r':  0.4 ,  'type':  1} ,  {'idp':  67 ,  'x':  1.82 ,  'y':  -2.25 ,  'r':  0.4 ,  'type':  1}]
60896,1398777791.031551,[{'idp':  64 ,  'x':  2.62 ,  'y':  0.31 ,  'r':  0.4 ,  'type':  1} ,  {'idp':  65 ,  'x':  2.53 ,  'y':  -0.71 ,  'r':  0.4 ,  'type':  1} ,  {'idp':  66 ,  'x':  3.82 ,  'y':  -3.35 ,  'r':  0.4 ,  'type':  1} ,  {'idp':  67 ,  'x':  1.83 ,  'y':  -2.25 ,  'r':  0.4 ,  'type':  1}]
60897,1398777791.0716531,[{'idp':  64 ,  'x':  2.62 ,  'y':  0.31 ,  'r':  0.4 ,  'type':  1} ,  {'idp':  65 ,  'x':  2.54 ,  'y':  -0.72 ,  'r':  0.4 ,  'type':  1} ,  {'idp':  66 ,  'x':  3.83 ,  'y':  -3.33 ,  'r':  0.4 ,  'type':  1} ,  {'idp':  67 ,  'x':  1.84 ,  'y':  -2.26 ,  'r':  0.4 ,  'type':  1}]
60898,1398777791.1115913,[{'idp':  64 ,  'x':  2.63 ,  'y':  0.31 ,  'r':  0.4 ,  'type':  1} ,  {'idp':  65 ,  'x':  2.59 ,  'y':  -0.72 ,  'r':  0.4 ,  'type':  1} ,  {'idp':  66 ,  'x':  3.87 ,  'y':  -3.34 ,  'r':  0.4 ,  'type':  1} ,  {'idp':  67 ,  'x':  1.87 ,  'y':  -2.26 ,  'r':  0.4 ,  'type':  1}]
60899,1398777791.1116276,[{'idp':  64 ,  'x':  2.64 ,  'y':  0.32 ,  'r':  0.4 ,  'type':  1} ,  {'idp':  65 ,  'x':  2.63 ,  'y':  -0.72 ,  'r':  0.4 ,  'type':  1} ,  {'idp':  66 ,  'x':  3.86 ,  'y':  -3.32 ,  'r':  0.4 ,  'type':  1} ,  {'idp':  67 ,  'x':  1.89 ,  'y':  -2.26 ,  'r':  0.4 ,  'type':  1}]
60900,1398777791.1515462,[{'idp':  64 ,  'x':  2.65 ,  'y':  0.32 ,  'r':  0.4 ,  'type':  1} ,  {'idp':  65 ,  'x':  2.64 ,  'y':  -0.72 ,  'r':  0.4 ,  'type':  1} ,  {'idp':  66 ,  'x':  3.86 ,  'y':  -3.3 ,  'r':  0.4 ,  'type':  1} ,  {'idp':  67 ,  'x':  1.92 ,  'y':  -2.26 ,  'r':  0.4 ,  'type':  1}]
60901,1398777791.1572344,[{'idp':  64 ,  'x':  2.65 ,  'y':  0.33 ,  'r':  0.4 ,  'type':  1} ,  {'idp':  65 ,  'x':  2.65 ,  'y':  -0.72 ,  'r':  0.4 ,  'type':  1} ,  {'idp':  66 ,  'x':  3.86 ,  'y':  -3.27 ,  'r':  0.4 ,  'type':  1} ,  {'idp':  67 ,  'x':  1.94 ,  'y':  -2.26 ,  'r':  0.4 ,  'type':  1}]
60902,1398777791.1955988,[{'idp':  64 ,  'x':  2.67 ,  'y':  0.34 ,  'r':  0.4 ,  'type':  1} ,  {'idp':  65 ,  'x':  2.66 ,  'y':  -0.7 ,  'r':  0.4 ,  'type':  1} ,  {'idp':  66 ,  'x':  3.87 ,  'y':  -3.26 ,  'r':  0.4 ,  'type':  1} ,  {'idp':  67 ,  'x':  1.97 ,  'y':  -2.25 ,  'r':  0.4 ,  'type':  1}]
60903,1398777791.2356017,[{'idp':  64 ,  'x':  2.67 ,  'y':  0.34 ,  'r':  0.4 ,  'type':  1} ,  {'idp':  65 ,  'x':  2.74 ,  'y':  -0.7 ,  'r':  0.4 ,  'type':  1} ,  {'idp':  66 ,  'x':  3.89 ,  'y':  -3.25 ,  'r':  0.4 ,  'type':  1} ,  {'idp':  67 ,  'x':  2.0 ,  'y':  -2.25 ,  'r':  0.4 ,  'type':  1}]
60904,1398777791.2356312,[{'idp':  64 ,  'x':  2.68 ,  'y':  0.34 ,  'r':  0.4 ,  'type':  1} ,  {'idp':  65 ,  'x':  2.84 ,  'y':  -0.72 ,  'r':  0.4 ,  'type':  1} ,  {'idp':  66 ,  'x':  3.96 ,  'y':  -3.29 ,  'r':  0.4 ,  'type':  1} ,  {'idp':  67 ,  'x':  2.02 ,  'y':  -2.25 ,  'r':  0.4 ,  'type':  1}]
60905,1398777791.2755759,[{'idp':  64 ,  'x':  2.69 ,  'y':  0.33 ,  'r':  0.4 ,  'type':  1} ,  {'idp':  65 ,  'x':  2.9 ,  'y':  -0.73 ,  'r':  0.4 ,  'type':  1} ,  {'idp':  66 ,  'x':  3.99 ,  'y':  -3.31 ,  'r':  0.4 ,  'type':  1} ,  {'idp':  67 ,  'x':  2.03 ,  'y':  -2.25 ,  'r':  0.4 ,  'type':  1}]
60906,1398777791.2823398,[{'idp':  64 ,  'x':  2.71 ,  'y':  0.32 ,  'r':  0.4 ,  'type':  1} ,  {'idp':  65 ,  'x':  2.93 ,  'y':  -0.74 ,  'r':  0.4 ,  'type':  1} ,  {'idp':  66 ,  'x':  4.0 ,  'y':  -3.34 ,  'r':  0.4 ,  'type':  1} ,  {'idp':  67 ,  'x':  2.05 ,  'y':  -2.25 ,  'r':  0.4 ,  'type':  1}]
60907,1398777791.319679,[{'idp':  64 ,  'x':  2.72 ,  'y':  0.31 ,  'r':  0.4 ,  'type':  1} ,  {'idp':  65 ,  'x':  2.95 ,  'y':  -0.75 ,  'r':  0.4 ,  'type':  1} ,  {'idp':  66 ,  'x':  3.99 ,  'y':  -3.33 ,  'r':  0.4 ,  'type':  1} ,  {'idp':  67 ,  'x':  2.05 ,  'y':  -2.25 ,  'r':  0.4 ,  'type':  1}]
60908,1398777791.359628,[{'idp':  64 ,  'x':  2.73 ,  'y':  0.31 ,  'r':  0.4 ,  'type':  1} ,  {'idp':  65 ,  'x':  2.96 ,  'y':  -0.76 ,  'r':  0.4 ,  'type':  1} ,  {'idp':  66 ,  'x':  4.0 ,  'y':  -3.33 ,  'r':  0.4 ,  'type':  1} ,  {'idp':  67 ,  'x':  2.05 ,  'y':  -2.24 ,  'r':  0.4 ,  'type':  1}]
60909,1398777791.3596582,[{'idp':  64 ,  'x':  2.75 ,  'y':  0.3 ,  'r':  0.4 ,  'type':  1} ,  {'idp':  65 ,  'x':  2.98 ,  'y':  -0.77 ,  'r':  0.4 ,  'type':  1} ,  {'idp':  66 ,  'x':  4.01 ,  'y':  -3.35 ,  'r':  0.4 ,  'type':  1} ,  {'idp':  67 ,  'x':  2.05 ,  'y':  -2.23 ,  'r':  0.4 ,  'type':  1}]
60910,1398777791.3996167,[{'idp':  64 ,  'x':  2.76 ,  'y':  0.29 ,  'r':  0.4 ,  'type':  1} ,  {'idp':  65 ,  'x':  2.99 ,  'y':  -0.79 ,  'r':  0.4 ,  'type':  1} ,  {'idp':  66 ,  'x':  4.0 ,  'y':  -3.35 ,  'r':  0.4 ,  'type':  1} ,  {'idp':  67 ,  'x':  2.07 ,  'y':  -2.26 ,  'r':  0.4 ,  'type':  1}]
60911,1398777791.408473,[{'idp':  64 ,  'x':  2.78 ,  'y':  0.27 ,  'r':  0.4 ,  'type':  1} ,  {'idp':  65 ,  'x':  2.99 ,  'y':  -0.82 ,  'r':  0.4 ,  'type':  1} ,  {'idp':  66 ,  'x':  3.98 ,  'y':  -3.38 ,  'r':  0.4 ,  'type':  1} ,  {'idp':  67 ,  'x':  2.08 ,  'y':  -2.29 ,  'r':  0.4 ,  'type':  1}]
60912,1398777791.4476388,[{'idp':  64 ,  'x':  2.79 ,  'y':  0.25 ,  'r':  0.4 ,  'type':  1} ,  {'idp':  65 ,  'x':  3.01 ,  'y':  -0.84 ,  'r':  0.4 ,  'type':  1} ,  {'idp':  66 ,  'x':  3.97 ,  'y':  -3.4 ,  'r':  0.4 ,  'type':  1} ,  {'idp':  67 ,  'x':  2.1 ,  'y':  -2.32 ,  'r':  0.4 ,  'type':  1}]
60913,1398777791.4876106,[{'idp':  64 ,  'x':  2.81 ,  'y':  0.24 ,  'r':  0.4 ,  'type':  1} ,  {'idp':  65 ,  'x':  3.01 ,  'y':  -0.86 ,  'r':  0.4 ,  'type':  1} ,  {'idp':  66 ,  'x':  3.94 ,  'y':  -3.41 ,  'r':  0.4 ,  'type':  1} ,  {'idp':  67 ,  'x':  2.1 ,  'y':  -2.34 ,  'r':  0.4 ,  'type':  1}]
60914,1398777791.4876297,[{'idp':  64 ,  'x':  2.83 ,  'y':  0.23 ,  'r':  0.4 ,  'type':  1} ,  {'idp':  65 ,  'x':  3.03 ,  'y':  -0.87 ,  'r':  0.4 ,  'type':  1} ,  {'idp':  66 ,  'x':  3.96 ,  'y':  -3.42 ,  'r':  0.4 ,  'type':  1} ,  {'idp':  67 ,  'x':  2.1 ,  'y':  -2.36 ,  'r':  0.4 ,  'type':  1}]
60915,1398777791.5280457,[{'idp':  64 ,  'x':  2.85 ,  'y':  0.22 ,  'r':  0.4 ,  'type':  1} ,  {'idp':  65 ,  'x':  3.04 ,  'y':  -0.89 ,  'r':  0.4 ,  'type':  1} ,  {'idp':  66 ,  'x':  3.96 ,  'y':  -3.43 ,  'r':  0.4 ,  'type':  1} ,  {'idp':  67 ,  'x':  2.1 ,  'y':  -2.38 ,  'r':  0.4 ,  'type':  1}]
60916,1398777791.5332842,[{'idp':  64 ,  'x':  2.86 ,  'y':  0.2 ,  'r':  0.4 ,  'type':  1} ,  {'idp':  65 ,  'x':  3.03 ,  'y':  -0.92 ,  'r':  0.4 ,  'type':  1} ,  {'idp':  66 ,  'x':  3.91 ,  'y':  -3.42 ,  'r':  0.4 ,  'type':  1} ,  {'idp':  67 ,  'x':  2.1 ,  'y':  -2.4 ,  'r':  0.4 ,  'type':  1}]
60917,1398777791.5715933,[{'idp':  64 ,  'x':  2.88 ,  'y':  0.16 ,  'r':  0.4 ,  'type':  1} ,  {'idp':  65 ,  'x':  3.04 ,  'y':  -0.95 ,  'r':  0.4 ,  'type':  1} ,  {'idp':  66 ,  'x':  3.85 ,  'y':  -3.42 ,  'r':  0.4 ,  'type':  1} ,  {'idp':  67 ,  'x':  2.08 ,  'y':  -2.42 ,  'r':  0.4 ,  'type':  1}]
60918,1398777791.6116254,[{'idp':  64 ,  'x':  2.89 ,  'y':  0.13 ,  'r':  0.4 ,  'type':  1} ,  {'idp':  65 ,  'x':  3.03 ,  'y':  -0.99 ,  'r':  0.4 ,  'type':  1} ,  {'idp':  66 ,  'x':  3.83 ,  'y':  -3.47 ,  'r':  0.4 ,  'type':  1} ,  {'idp':  67 ,  'x':  2.07 ,  'y':  -2.45 ,  'r':  0.4 ,  'type':  1}]
60919,1398777791.6116922,[{'idp':  64 ,  'x':  2.91 ,  'y':  0.11 ,  'r':  0.4 ,  'type':  1} ,  {'idp':  65 ,  'x':  3.03 ,  'y':  -1.02 ,  'r':  0.4 ,  'type':  1} ,  {'idp':  66 ,  'x':  3.83 ,  'y':  -3.5 ,  'r':  0.4 ,  'type':  1} ,  {'idp':  67 ,  'x':  2.04 ,  'y':  -2.46 ,  'r':  0.4 ,  'type':  1}]
60920,1398777791.6516385,[{'idp':  64 ,  'x':  2.91 ,  'y':  0.1 ,  'r':  0.4 ,  'type':  1} ,  {'idp':  65 ,  'x':  3.05 ,  'y':  -1.03 ,  'r':  0.4 ,  'type':  1} ,  {'idp':  66 ,  'x':  3.87 ,  'y':  -3.52 ,  'r':  0.4 ,  'type':  1} ,  {'idp':  67 ,  'x':  2.06 ,  'y':  -2.48 ,  'r':  0.4 ,  'type':  1}]
60921,1398777791.6596656,[{'idp':  64 ,  'x':  2.91 ,  'y':  0.09 ,  'r':  0.4 ,  'type':  1} ,  {'idp':  65 ,  'x':  3.06 ,  'y':  -1.05 ,  'r':  0.4 ,  'type':  1} ,  {'idp':  66 ,  'x':  3.94 ,  'y':  -3.57 ,  'r':  0.4 ,  'type':  1} ,  {'idp':  67 ,  'x':  2.04 ,  'y':  -2.48 ,  'r':  0.4 ,  'type':  1}]
60922,1398777791.6996093,[{'idp':  64 ,  'x':  2.91 ,  'y':  0.06 ,  'r':  0.4 ,  'type':  1} ,  {'idp':  65 ,  'x':  3.05 ,  'y':  -1.07 ,  'r':  0.4 ,  'type':  1} ,  {'idp':  66 ,  'x':  3.97 ,  'y':  -3.62 ,  'r':  0.4 ,  'type':  1} ,  {'idp':  67 ,  'x':  2.03 ,  'y':  -2.48 ,  'r':  0.4 ,  'type':  1}]
60923,1398777791.739583,[{'idp':  64 ,  'x':  2.91 ,  'y':  0.05 ,  'r':  0.4 ,  'type':  1} ,  {'idp':  65 ,  'x':  3.06 ,  'y':  -1.09 ,  'r':  0.4 ,  'type':  1} ,  {'idp':  66 ,  'x':  3.97 ,  'y':  -3.65 ,  'r':  0.4 ,  'type':  1} ,  {'idp':  67 ,  'x':  2.01 ,  'y':  -2.47 ,  'r':  0.4 ,  'type':  1}]
60924,1398777791.7396035,[{'idp':  64 ,  'x':  2.93 ,  'y':  0.01 ,  'r':  0.4 ,  'type':  1} ,  {'idp':  65 ,  'x':  3.07 ,  'y':  -1.12 ,  'r':  0.4 ,  'type':  1} ,  {'idp':  66 ,  'x':  3.95 ,  'y':  -3.69 ,  'r':  0.4 ,  'type':  1} ,  {'idp':  67 ,  'x':  1.99 ,  'y':  -2.47 ,  'r':  0.4 ,  'type':  1}]
60925,1398777791.7796502,[{'idp':  64 ,  'x':  2.95 ,  'y':  -0.0 ,  'r':  0.4 ,  'type':  1} ,  {'idp':  65 ,  'x':  3.09 ,  'y':  -1.15 ,  'r':  0.4 ,  'type':  1} ,  {'idp':  66 ,  'x':  3.94 ,  'y':  -3.72 ,  'r':  0.4 ,  'type':  1} ,  {'idp':  67 ,  'x':  2.03 ,  'y':  -2.49 ,  'r':  0.4 ,  'type':  1}]
60926,1398777791.7857523,[{'idp':  64 ,  'x':  2.97 ,  'y':  -0.02 ,  'r':  0.4 ,  'type':  1} ,  {'idp':  65 ,  'x':  3.1 ,  'y':  -1.17 ,  'r':  0.4 ,  'type':  1} ,  {'idp':  66 ,  'x':  3.94 ,  'y':  -3.76 ,  'r':  0.4 ,  'type':  1} ,  {'idp':  67 ,  'x':  2.07 ,  'y':  -2.54 ,  'r':  0.4 ,  'type':  1}]
60927,1398777791.8235362,[{'idp':  64 ,  'x':  2.98 ,  'y':  -0.06 ,  'r':  0.4 ,  'type':  1} ,  {'idp':  65 ,  'x':  3.12 ,  'y':  -1.19 ,  'r':  0.4 ,  'type':  1} ,  {'idp':  66 ,  'x':  3.94 ,  'y':  -3.78 ,  'r':  0.4 ,  'type':  1} ,  {'idp':  67 ,  'x':  2.1 ,  'y':  -2.59 ,  'r':  0.4 ,  'type':  1}]
60928,1398777791.8636453,[{'idp':  64 ,  'x':  2.99 ,  'y':  -0.08 ,  'r':  0.4 ,  'type':  1} ,  {'idp':  65 ,  'x':  3.13 ,  'y':  -1.22 ,  'r':  0.4 ,  'type':  1} ,  {'idp':  66 ,  'x':  3.92 ,  'y':  -3.83 ,  'r':  0.4 ,  'type':  1} ,  {'idp':  67 ,  'x':  2.1 ,  'y':  -2.61 ,  'r':  0.4 ,  'type':  1}]
60929,1398777791.863678,[{'idp':  64 ,  'x':  3.0 ,  'y':  -0.1 ,  'r':  0.4 ,  'type':  1} ,  {'idp':  65 ,  'x':  3.14 ,  'y':  -1.24 ,  'r':  0.4 ,  'type':  1} ,  {'idp':  66 ,  'x':  3.91 ,  'y':  -3.84 ,  'r':  0.4 ,  'type':  1} ,  {'idp':  67 ,  'x':  2.1 ,  'y':  -2.62 ,  'r':  0.4 ,  'type':  1}]
60930,1398777791.903587,[{'idp':  64 ,  'x':  3.01 ,  'y':  -0.08 ,  'r':  0.4 ,  'type':  1} ,  {'idp':  65 ,  'x':  3.15 ,  'y':  -1.25 ,  'r':  0.4 ,  'type':  1} ,  {'idp':  66 ,  'x':  3.92 ,  'y':  -3.84 ,  'r':  0.4 ,  'type':  1} ,  {'idp':  67 ,  'x':  2.11 ,  'y':  -2.64 ,  'r':  0.4 ,  'type':  1}]
60931,1398777791.909994,[{'idp':  64 ,  'x':  3.0 ,  'y':  -0.09 ,  'r':  0.4 ,  'type':  1} ,  {'idp':  65 ,  'x':  3.14 ,  'y':  -1.24 ,  'r':  0.4 ,  'type':  1} ,  {'idp':  66 ,  'x':  3.94 ,  'y':  -3.83 ,  'r':  0.4 ,  'type':  1} ,  {'idp':  67 ,  'x':  2.12 ,  'y':  -2.64 ,  'r':  0.4 ,  'type':  1}]
60932,1398777791.9475625,[{'idp':  64 ,  'x':  3.02 ,  'y':  -0.09 ,  'r':  0.4 ,  'type':  1} ,  {'idp':  65 ,  'x':  3.14 ,  'y':  -1.24 ,  'r':  0.4 ,  'type':  1} ,  {'idp':  66 ,  'x':  3.95 ,  'y':  -3.84 ,  'r':  0.4 ,  'type':  1} ,  {'idp':  67 ,  'x':  2.14 ,  'y':  -2.65 ,  'r':  0.4 ,  'type':  1}]
60933,1398777791.991739,[{'idp':  64 ,  'x':  3.02 ,  'y':  -0.1 ,  'r':  0.4 ,  'type':  1} ,  {'idp':  65 ,  'x':  3.15 ,  'y':  -1.26 ,  'r':  0.4 ,  'type':  1} ,  {'idp':  66 ,  'x':  3.96 ,  'y':  -3.86 ,  'r':  0.4 ,  'type':  1} ,  {'idp':  67 ,  'x':  2.15 ,  'y':  -2.66 ,  'r':  0.4 ,  'type':  1}]
60934,1398777791.9918003,[{'idp':  64 ,  'x':  3.03 ,  'y':  -0.14 ,  'r':  0.4 ,  'type':  1} ,  {'idp':  65 ,  'x':  3.16 ,  'y':  -1.29 ,  'r':  0.4 ,  'type':  1} ,  {'idp':  66 ,  'x':  3.96 ,  'y':  -3.89 ,  'r':  0.4 ,  'type':  1} ,  {'idp':  67 ,  'x':  2.15 ,  'y':  -2.69 ,  'r':  0.4 ,  'type':  1}]
60935,1398777792.0316262,[{'idp':  64 ,  'x':  3.03 ,  'y':  -0.18 ,  'r':  0.4 ,  'type':  1} ,  {'idp':  65 ,  'x':  3.18 ,  'y':  -1.34 ,  'r':  0.4 ,  'type':  1} ,  {'idp':  66 ,  'x':  3.91 ,  'y':  -3.97 ,  'r':  0.4 ,  'type':  1} ,  {'idp':  67 ,  'x':  2.15 ,  'y':  -2.71 ,  'r':  0.4 ,  'type':  1}]
60936,1398777792.0347335,[{'idp':  64 ,  'x':  3.04 ,  'y':  -0.22 ,  'r':  0.4 ,  'type':  1} ,  {'idp':  65 ,  'x':  3.19 ,  'y':  -1.38 ,  'r':  0.4 ,  'type':  1} ,  {'idp':  66 ,  'x':  3.9 ,  'y':  -4.03 ,  'r':  0.4 ,  'type':  1} ,  {'idp':  67 ,  'x':  2.14 ,  'y':  -2.75 ,  'r':  0.4 ,  'type':  1}]
60937,1398777792.071628,[{'idp':  64 ,  'x':  3.06 ,  'y':  -0.24 ,  'r':  0.4 ,  'type':  1} ,  {'idp':  65 ,  'x':  3.19 ,  'y':  -1.4 ,  'r':  0.4 ,  'type':  1} ,  {'idp':  66 ,  'x':  3.91 ,  'y':  -4.04 ,  'r':  0.4 ,  'type':  1} ,  {'idp':  67 ,  'x':  2.14 ,  'y':  -2.77 ,  'r':  0.4 ,  'type':  1}]
60938,1398777792.1116772,[{'idp':  64 ,  'x':  3.06 ,  'y':  -0.24 ,  'r':  0.4 ,  'type':  1} ,  {'idp':  65 ,  'x':  3.19 ,  'y':  -1.39 ,  'r':  0.4 ,  'type':  1} ,  {'idp':  66 ,  'x':  3.92 ,  'y':  -4.04 ,  'r':  0.4 ,  'type':  1} ,  {'idp':  67 ,  'x':  2.14 ,  'y':  -2.77 ,  'r':  0.4 ,  'type':  1}]
60939,1398777792.1116996,[{'idp':  64 ,  'x':  3.08 ,  'y':  -0.24 ,  'r':  0.4 ,  'type':  1} ,  {'idp':  65 ,  'x':  3.2 ,  'y':  -1.39 ,  'r':  0.4 ,  'type':  1} ,  {'idp':  66 ,  'x':  3.95 ,  'y':  -4.03 ,  'r':  0.4 ,  'type':  1} ,  {'idp':  67 ,  'x':  2.14 ,  'y':  -2.77 ,  'r':  0.4 ,  'type':  1}]
60940,1398777792.1516414,[{'idp':  64 ,  'x':  3.1 ,  'y':  -0.23 ,  'r':  0.4 ,  'type':  1} ,  {'idp':  65 ,  'x':  3.19 ,  'y':  -1.38 ,  'r':  0.4 ,  'type':  1} ,  {'idp':  66 ,  'x':  3.96 ,  'y':  -4.03 ,  'r':  0.4 ,  'type':  1} ,  {'idp':  67 ,  'x':  2.16 ,  'y':  -2.77 ,  'r':  0.4 ,  'type':  1}]
60941,1398777792.1679006,[{'idp':  64 ,  'x':  3.11 ,  'y':  -0.24 ,  'r':  0.4 ,  'type':  1} ,  {'idp':  65 ,  'x':  3.2 ,  'y':  -1.38 ,  'r':  0.4 ,  'type':  1} ,  {'idp':  66 ,  'x':  3.97 ,  'y':  -4.04 ,  'r':  0.4 ,  'type':  1} ,  {'idp':  67 ,  'x':  2.18 ,  'y':  -2.77 ,  'r':  0.4 ,  'type':  1}]
60942,1398777792.2076046,[{'idp':  64 ,  'x':  3.11 ,  'y':  -0.25 ,  'r':  0.4 ,  'type':  1} ,  {'idp':  65 ,  'x':  3.19 ,  'y':  -1.39 ,  'r':  0.4 ,  'type':  1} ,  {'idp':  66 ,  'x':  3.99 ,  'y':  -4.07 ,  'r':  0.4 ,  'type':  1} ,  {'idp':  67 ,  'x':  2.2 ,  'y':  -2.77 ,  'r':  0.4 ,  'type':  1}]
60943,1398777792.2475543,[{'idp':  64 ,  'x':  3.11 ,  'y':  -0.27 ,  'r':  0.4 ,  'type':  1} ,  {'idp':  65 ,  'x':  3.19 ,  'y':  -1.39 ,  'r':  0.4 ,  'type':  1} ,  {'idp':  66 ,  'x':  4.04 ,  'y':  -4.08 ,  'r':  0.4 ,  'type':  1} ,  {'idp':  67 ,  'x':  2.2 ,  'y':  -2.78 ,  'r':  0.4 ,  'type':  1}]
60944,1398777792.2475853,[{'idp':  64 ,  'x':  3.12 ,  'y':  -0.27 ,  'r':  0.4 ,  'type':  1} ,  {'idp':  65 ,  'x':  3.19 ,  'y':  -1.41 ,  'r':  0.4 ,  'type':  1} ,  {'idp':  66 ,  'x':  4.06 ,  'y':  -4.1 ,  'r':  0.4 ,  'type':  1} ,  {'idp':  67 ,  'x':  2.21 ,  'y':  -2.79 ,  'r':  0.4 ,  'type':  1}]
60945,1398777792.287591,[{'idp':  64 ,  'x':  3.12 ,  'y':  -0.28 ,  'r':  0.4 ,  'type':  1} ,  {'idp':  65 ,  'x':  3.2 ,  'y':  -1.41 ,  'r':  0.4 ,  'type':  1} ,  {'idp':  66 ,  'x':  4.06 ,  'y':  -4.1 ,  'r':  0.4 ,  'type':  1} ,  {'idp':  67 ,  'x':  2.22 ,  'y':  -2.8 ,  'r':  0.4 ,  'type':  1}]
60946,1398777792.2876263,[{'idp':  64 ,  'x':  3.13 ,  'y':  -0.28 ,  'r':  0.4 ,  'type':  1} ,  {'idp':  65 ,  'x':  3.21 ,  'y':  -1.42 ,  'r':  0.4 ,  'type':  1} ,  {'idp':  66 ,  'x':  4.05 ,  'y':  -4.11 ,  'r':  0.4 ,  'type':  1} ,  {'idp':  67 ,  'x':  2.24 ,  'y':  -2.81 ,  'r':  0.4 ,  'type':  1}]
60947,1398777792.327532,[{'idp':  64 ,  'x':  3.14 ,  'y':  -0.28 ,  'r':  0.4 ,  'type':  1} ,  {'idp':  65 ,  'x':  3.23 ,  'y':  -1.42 ,  'r':  0.4 ,  'type':  1} ,  {'idp':  66 ,  'x':  4.06 ,  'y':  -4.1 ,  'r':  0.4 ,  'type':  1} ,  {'idp':  67 ,  'x':  2.25 ,  'y':  -2.81 ,  'r':  0.4 ,  'type':  1}]
60948,1398777792.3368657,[{'idp':  64 ,  'x':  3.15 ,  'y':  -0.26 ,  'r':  0.4 ,  'type':  1} ,  {'idp':  65 ,  'x':  3.24 ,  'y':  -1.39 ,  'r':  0.4 ,  'type':  1} ,  {'idp':  66 ,  'x':  4.09 ,  'y':  -4.07 ,  'r':  0.4 ,  'type':  1} ,  {'idp':  67 ,  'x':  2.28 ,  'y':  -2.81 ,  'r':  0.4 ,  'type':  1}]
60949,1398777792.375642,[{'idp':  64 ,  'x':  3.17 ,  'y':  -0.27 ,  'r':  0.4 ,  'type':  1} ,  {'idp':  65 ,  'x':  3.27 ,  'y':  -1.41 ,  'r':  0.4 ,  'type':  1} ,  {'idp':  66 ,  'x':  4.09 ,  'y':  -4.04 ,  'r':  0.4 ,  'type':  1} ,  {'idp':  67 ,  'x':  2.32 ,  'y':  -2.81 ,  'r':  0.4 ,  'type':  1}]
60950,1398777792.4156425,[{'idp':  64 ,  'x':  3.17 ,  'y':  -0.28 ,  'r':  0.4 ,  'type':  1} ,  {'idp':  65 ,  'x':  3.29 ,  'y':  -1.43 ,  'r':  0.4 ,  'type':  1} ,  {'idp':  66 ,  'x':  4.07 ,  'y':  -4.04 ,  'r':  0.4 ,  'type':  1} ,  {'idp':  67 ,  'x':  2.34 ,  'y':  -2.83 ,  'r':  0.4 ,  'type':  1}]
60951,1398777792.415679,[{'idp':  64 ,  'x':  3.18 ,  'y':  -0.32 ,  'r':  0.4 ,  'type':  1} ,  {'idp':  65 ,  'x':  3.34 ,  'y':  -1.48 ,  'r':  0.4 ,  'type':  1} ,  {'idp':  66 ,  'x':  4.02 ,  'y':  -4.04 ,  'r':  0.4 ,  'type':  1} ,  {'idp':  67 ,  'x':  2.34 ,  'y':  -2.84 ,  'r':  0.4 ,  'type':  1}]
60952,1398777792.455677,[{'idp':  64 ,  'x':  3.18 ,  'y':  -0.34 ,  'r':  0.4 ,  'type':  1} ,  {'idp':  65 ,  'x':  3.35 ,  'y':  -1.52 ,  'r':  0.4 ,  'type':  1} ,  {'idp':  66 ,  'x':  4.0 ,  'y':  -4.1 ,  'r':  0.4 ,  'type':  1} ,  {'idp':  67 ,  'x':  2.32 ,  'y':  -2.87 ,  'r':  0.4 ,  'type':  1}]
60953,1398777792.4616208,[{'idp':  64 ,  'x':  3.19 ,  'y':  -0.38 ,  'r':  0.4 ,  'type':  1} ,  {'idp':  65 ,  'x':  3.38 ,  'y':  -1.58 ,  'r':  0.4 ,  'type':  1} ,  {'idp':  66 ,  'x':  4.02 ,  'y':  -4.18 ,  'r':  0.4 ,  'type':  1} ,  {'idp':  67 ,  'x':  2.3 ,  'y':  -2.88 ,  'r':  0.4 ,  'type':  1}]
60954,1398777792.4996076,[{'idp':  64 ,  'x':  3.2 ,  'y':  -0.4 ,  'r':  0.4 ,  'type':  1} ,  {'idp':  65 ,  'x':  3.4 ,  'y':  -1.59 ,  'r':  0.4 ,  'type':  1} ,  {'idp':  66 ,  'x':  3.99 ,  'y':  -4.2 ,  'r':  0.4 ,  'type':  1} ,  {'idp':  67 ,  'x':  2.29 ,  'y':  -2.89 ,  'r':  0.4 ,  'type':  1}]
60955,1398777792.5396063,[{'idp':  64 ,  'x':  3.2 ,  'y':  -0.39 ,  'r':  0.4 ,  'type':  1} ,  {'idp':  65 ,  'x':  3.42 ,  'y':  -1.61 ,  'r':  0.4 ,  'type':  1} ,  {'idp':  66 ,  'x':  4.04 ,  'y':  -4.22 ,  'r':  0.4 ,  'type':  1} ,  {'idp':  67 ,  'x':  2.3 ,  'y':  -2.88 ,  'r':  0.4 ,  'type':  1}]
60956,1398777792.5396361,[{'idp':  64 ,  'x':  3.2 ,  'y':  -0.4 ,  'r':  0.4 ,  'type':  1} ,  {'idp':  65 ,  'x':  3.45 ,  'y':  -1.62 ,  'r':  0.4 ,  'type':  1} ,  {'idp':  66 ,  'x':  4.06 ,  'y':  -4.22 ,  'r':  0.4 ,  'type':  1} ,  {'idp':  67 ,  'x':  2.29 ,  'y':  -2.85 ,  'r':  0.4 ,  'type':  1}]
60957,1398777792.5795798,[{'idp':  64 ,  'x':  3.2 ,  'y':  -0.39 ,  'r':  0.4 ,  'type':  1} ,  {'idp':  65 ,  'x':  3.47 ,  'y':  -1.62 ,  'r':  0.4 ,  'type':  1} ,  {'idp':  66 ,  'x':  4.07 ,  'y':  -4.21 ,  'r':  0.4 ,  'type':  1} ,  {'idp':  67 ,  'x':  2.33 ,  'y':  -2.87 ,  'r':  0.4 ,  'type':  1}]
60958,1398777792.5875576,[{'idp':  64 ,  'x':  3.22 ,  'y':  -0.4 ,  'r':  0.4 ,  'type':  1} ,  {'idp':  65 ,  'x':  3.5 ,  'y':  -1.63 ,  'r':  0.4 ,  'type':  1} ,  {'idp':  66 ,  'x':  4.07 ,  'y':  -4.19 ,  'r':  0.4 ,  'type':  1} ,  {'idp':  67 ,  'x':  2.35 ,  'y':  -2.88 ,  'r':  0.4 ,  'type':  1}]
60959,1398777792.6275535,[{'idp':  64 ,  'x':  3.22 ,  'y':  -0.41 ,  'r':  0.4 ,  'type':  1} ,  {'idp':  65 ,  'x':  3.51 ,  'y':  -1.65 ,  'r':  0.4 ,  'type':  1} ,  {'idp':  66 ,  'x':  4.07 ,  'y':  -4.17 ,  'r':  0.4 ,  'type':  1} ,  {'idp':  67 ,  'x':  2.37 ,  'y':  -2.9 ,  'r':  0.4 ,  'type':  1}]
60960,1398777792.6676743,[{'idp':  64 ,  'x':  3.23 ,  'y':  -0.44 ,  'r':  0.4 ,  'type':  1} ,  {'idp':  65 ,  'x':  3.51 ,  'y':  -1.68 ,  'r':  0.4 ,  'type':  1} ,  {'idp':  66 ,  'x':  4.14 ,  'y':  -4.25 ,  'r':  0.4 ,  'type':  1} ,  {'idp':  67 ,  'x':  2.38 ,  'y':  -2.92 ,  'r':  0.4 ,  'type':  1}]
60961,1398777792.6677294,[{'idp':  64 ,  'x':  3.23 ,  'y':  -0.46 ,  'r':  0.4 ,  'type':  1} ,  {'idp':  65 ,  'x':  3.52 ,  'y':  -1.71 ,  'r':  0.4 ,  'type':  1} ,  {'idp':  66 ,  'x':  4.18 ,  'y':  -4.33 ,  'r':  0.4 ,  'type':  1} ,  {'idp':  67 ,  'x':  2.39 ,  'y':  -2.95 ,  'r':  0.4 ,  'type':  1}]
60962,1398777792.7076733,[{'idp':  64 ,  'x':  3.24 ,  'y':  -0.49 ,  'r':  0.4 ,  'type':  1} ,  {'idp':  65 ,  'x':  3.5 ,  'y':  -1.74 ,  'r':  0.4 ,  'type':  1} ,  {'idp':  66 ,  'x':  4.18 ,  'y':  -4.39 ,  'r':  0.4 ,  'type':  1} ,  {'idp':  67 ,  'x':  2.37 ,  'y':  -2.96 ,  'r':  0.4 ,  'type':  1}]
60963,1398777792.7123632,[{'idp':  64 ,  'x':  3.24 ,  'y':  -0.53 ,  'r':  0.4 ,  'type':  1} ,  {'idp':  65 ,  'x':  3.48 ,  'y':  -1.79 ,  'r':  0.4 ,  'type':  1} ,  {'idp':  66 ,  'x':  4.18 ,  'y':  -4.44 ,  'r':  0.4 ,  'type':  1} ,  {'idp':  67 ,  'x':  2.34 ,  'y':  -2.99 ,  'r':  0.4 ,  'type':  1}]
60964,1398777792.751581,[{'idp':  64 ,  'x':  3.25 ,  'y':  -0.58 ,  'r':  0.4 ,  'type':  1} ,  {'idp':  65 ,  'x':  3.46 ,  'y':  -1.84 ,  'r':  0.4 ,  'type':  1} ,  {'idp':  66 ,  'x':  4.12 ,  'y':  -4.48 ,  'r':  0.4 ,  'type':  1} ,  {'idp':  67 ,  'x':  2.32 ,  'y':  -3.03 ,  'r':  0.4 ,  'type':  1}]
60965,1398777792.7916281,[{'idp':  64 ,  'x':  3.26 ,  'y':  -0.61 ,  'r':  0.4 ,  'type':  1} ,  {'idp':  65 ,  'x':  3.46 ,  'y':  -1.88 ,  'r':  0.4 ,  'type':  1} ,  {'idp':  66 ,  'x':  4.06 ,  'y':  -4.53 ,  'r':  0.4 ,  'type':  1} ,  {'idp':  67 ,  'x':  2.29 ,  'y':  -3.06 ,  'r':  0.4 ,  'type':  1}]
60966,1398777792.791662,[{'idp':  64 ,  'x':  3.27 ,  'y':  -0.61 ,  'r':  0.4 ,  'type':  1} ,  {'idp':  65 ,  'x':  3.46 ,  'y':  -1.88 ,  'r':  0.4 ,  'type':  1} ,  {'idp':  66 ,  'x':  4.08 ,  'y':  -4.55 ,  'r':  0.4 ,  'type':  1} ,  {'idp':  67 ,  'x':  2.31 ,  'y':  -3.06 ,  'r':  0.4 ,  'type':  1}]
60967,1398777792.8316364,[{'idp':  64 ,  'x':  3.28 ,  'y':  -0.62 ,  'r':  0.4 ,  'type':  1} ,  {'idp':  65 ,  'x':  3.45 ,  'y':  -1.9 ,  'r':  0.4 ,  'type':  1} ,  {'idp':  66 ,  'x':  4.09 ,  'y':  -4.58 ,  'r':  0.4 ,  'type':  1} ,  {'idp':  67 ,  'x':  2.32 ,  'y':  -3.07 ,  'r':  0.4 ,  'type':  1}]
60968,1398777792.8372226,[{'idp':  64 ,  'x':  3.29 ,  'y':  -0.67 ,  'r':  0.4 ,  'type':  1} ,  {'idp':  65 ,  'x':  3.44 ,  'y':  -1.93 ,  'r':  0.4 ,  'type':  1} ,  {'idp':  66 ,  'x':  4.07 ,  'y':  -4.63 ,  'r':  0.4 ,  'type':  1} ,  {'idp':  67 ,  'x':  2.3 ,  'y':  -3.09 ,  'r':  0.4 ,  'type':  1}]
60969,1398777792.875601,[{'idp':  64 ,  'x':  3.29 ,  'y':  -0.68 ,  'r':  0.4 ,  'type':  1} ,  {'idp':  65 ,  'x':  3.46 ,  'y':  -1.96 ,  'r':  0.4 ,  'type':  1} ,  {'idp':  66 ,  'x':  4.08 ,  'y':  -4.65 ,  'r':  0.4 ,  'type':  1} ,  {'idp':  67 ,  'x':  2.29 ,  'y':  -3.09 ,  'r':  0.4 ,  'type':  1}]
60970,1398777792.9156587,[{'idp':  64 ,  'x':  3.29 ,  'y':  -0.7 ,  'r':  0.4 ,  'type':  1} ,  {'idp':  65 ,  'x':  3.46 ,  'y':  -1.99 ,  'r':  0.4 ,  'type':  1} ,  {'idp':  66 ,  'x':  4.07 ,  'y':  -4.68 ,  'r':  0.4 ,  'type':  1} ,  {'idp':  67 ,  'x':  2.28 ,  'y':  -3.09 ,  'r':  0.4 ,  'type':  1}]
60971,1398777792.9156926,[{'idp':  64 ,  'x':  3.3 ,  'y':  -0.72 ,  'r':  0.4 ,  'type':  1} ,  {'idp':  65 ,  'x':  3.46 ,  'y':  -2.02 ,  'r':  0.4 ,  'type':  1} ,  {'idp':  66 ,  'x':  4.08 ,  'y':  -4.7 ,  'r':  0.4 ,  'type':  1} ,  {'idp':  67 ,  'x':  2.28 ,  'y':  -3.08 ,  'r':  0.4 ,  'type':  1}]
60972,1398777792.9557064,[{'idp':  64 ,  'x':  3.3 ,  'y':  -0.74 ,  'r':  0.4 ,  'type':  1} ,  {'idp':  65 ,  'x':  3.48 ,  'y':  -2.03 ,  'r':  0.4 ,  'type':  1} ,  {'idp':  66 ,  'x':  4.04 ,  'y':  -4.76 ,  'r':  0.4 ,  'type':  1} ,  {'idp':  67 ,  'x':  2.33 ,  'y':  -3.13 ,  'r':  0.4 ,  'type':  1}]
60973,1398777792.9630907,[{'idp':  64 ,  'x':  3.31 ,  'y':  -0.76 ,  'r':  0.4 ,  'type':  1} ,  {'idp':  65 ,  'x':  3.49 ,  'y':  -2.04 ,  'r':  0.4 ,  'type':  1} ,  {'idp':  66 ,  'x':  4.05 ,  'y':  -4.76 ,  'r':  0.4 ,  'type':  1} ,  {'idp':  67 ,  'x':  2.36 ,  'y':  -3.17 ,  'r':  0.4 ,  'type':  1}]
60974,1398777792.9995992,[{'idp':  64 ,  'x':  3.33 ,  'y':  -0.78 ,  'r':  0.4 ,  'type':  1} ,  {'idp':  65 ,  'x':  3.51 ,  'y':  -2.08 ,  'r':  0.4 ,  'type':  1} ,  {'idp':  66 ,  'x':  4.05 ,  'y':  -4.77 ,  'r':  0.4 ,  'type':  1} ,  {'idp':  67 ,  'x':  2.35 ,  'y':  -3.18 ,  'r':  0.4 ,  'type':  1}]
60975,1398777793.039622,[{'idp':  64 ,  'x':  3.34 ,  'y':  -0.82 ,  'r':  0.4 ,  'type':  1} ,  {'idp':  65 ,  'x':  3.48 ,  'y':  -2.11 ,  'r':  0.4 ,  'type':  1} ,  {'idp':  66 ,  'x':  4.02 ,  'y':  -4.81 ,  'r':  0.4 ,  'type':  1} ,  {'idp':  67 ,  'x':  2.32 ,  'y':  -3.2 ,  'r':  0.4 ,  'type':  1}]
60976,1398777793.0396547,[{'idp':  64 ,  'x':  3.35 ,  'y':  -0.84 ,  'r':  0.4 ,  'type':  1} ,  {'idp':  65 ,  'x':  3.48 ,  'y':  -2.13 ,  'r':  0.4 ,  'type':  1} ,  {'idp':  66 ,  'x':  4.03 ,  'y':  -4.85 ,  'r':  0.4 ,  'type':  1} ,  {'idp':  67 ,  'x':  2.32 ,  'y':  -3.22 ,  'r':  0.4 ,  'type':  1}]
60977,1398777793.079615,[{'idp':  64 ,  'x':  3.35 ,  'y':  -0.86 ,  'r':  0.4 ,  'type':  1} ,  {'idp':  65 ,  'x':  3.49 ,  'y':  -2.15 ,  'r':  0.4 ,  'type':  1} ,  {'idp':  66 ,  'x':  4.08 ,  'y':  -4.86 ,  'r':  0.4 ,  'type':  1} ,  {'idp':  67 ,  'x':  2.33 ,  'y':  -3.24 ,  'r':  0.4 ,  'type':  1}]
60978,1398777793.0888193,[{'idp':  64 ,  'x':  3.37 ,  'y':  -0.86 ,  'r':  0.4 ,  'type':  1} ,  {'idp':  65 ,  'x':  3.5 ,  'y':  -2.16 ,  'r':  0.4 ,  'type':  1} ,  {'idp':  66 ,  'x':  4.18 ,  'y':  -4.87 ,  'r':  0.4 ,  'type':  1} ,  {'idp':  67 ,  'x':  2.34 ,  'y':  -3.25 ,  'r':  0.4 ,  'type':  1}]
60979,1398777793.127633,[{'idp':  64 ,  'x':  3.36 ,  'y':  -0.87 ,  'r':  0.4 ,  'type':  1} ,  {'idp':  65 ,  'x':  3.51 ,  'y':  -2.16 ,  'r':  0.4 ,  'type':  1} ,  {'idp':  66 ,  'x':  4.21 ,  'y':  -4.89 ,  'r':  0.4 ,  'type':  1} ,  {'idp':  67 ,  'x':  2.37 ,  'y':  -3.26 ,  'r':  0.4 ,  'type':  1}]
60980,1398777793.1675882,[{'idp':  64 ,  'x':  3.38 ,  'y':  -0.86 ,  'r':  0.4 ,  'type':  1} ,  {'idp':  65 ,  'x':  3.52 ,  'y':  -2.16 ,  'r':  0.4 ,  'type':  1} ,  {'idp':  66 ,  'x':  4.23 ,  'y':  -4.89 ,  'r':  0.4 ,  'type':  1} ,  {'idp':  67 ,  'x':  2.4 ,  'y':  -3.25 ,  'r':  0.4 ,  'type':  1}]
60981,1398777793.1676207,[{'idp':  64 ,  'x':  3.39 ,  'y':  -0.87 ,  'r':  0.4 ,  'type':  1} ,  {'idp':  65 ,  'x':  3.53 ,  'y':  -2.16 ,  'r':  0.4 ,  'type':  1} ,  {'idp':  66 ,  'x':  4.23 ,  'y':  -4.89 ,  'r':  0.4 ,  'type':  1} ,  {'idp':  67 ,  'x':  2.41 ,  'y':  -3.27 ,  'r':  0.4 ,  'type':  1}]
60982,1398777793.207616,[{'idp':  64 ,  'x':  3.39 ,  'y':  -0.88 ,  'r':  0.4 ,  'type':  1} ,  {'idp':  65 ,  'x':  3.53 ,  'y':  -2.18 ,  'r':  0.4 ,  'type':  1} ,  {'idp':  66 ,  'x':  4.25 ,  'y':  -4.92 ,  'r':  0.4 ,  'type':  1} ,  {'idp':  67 ,  'x':  2.43 ,  'y':  -3.26 ,  'r':  0.4 ,  'type':  1}]
60983,1398777793.2142453,[{'idp':  64 ,  'x':  3.39 ,  'y':  -0.89 ,  'r':  0.4 ,  'type':  1} ,  {'idp':  65 ,  'x':  3.54 ,  'y':  -2.19 ,  'r':  0.4 ,  'type':  1} ,  {'idp':  66 ,  'x':  4.26 ,  'y':  -4.93 ,  'r':  0.4 ,  'type':  1} ,  {'idp':  67 ,  'x':  2.44 ,  'y':  -3.28 ,  'r':  0.4 ,  'type':  1}]
60984,1398777793.2515914,[{'idp':  64 ,  'x':  3.39 ,  'y':  -0.88 ,  'r':  0.4 ,  'type':  1} ,  {'idp':  65 ,  'x':  3.56 ,  'y':  -2.19 ,  'r':  0.4 ,  'type':  1} ,  {'idp':  66 ,  'x':  4.21 ,  'y':  -4.92 ,  'r':  0.4 ,  'type':  1} ,  {'idp':  67 ,  'x':  2.48 ,  'y':  -3.27 ,  'r':  0.4 ,  'type':  1}]
60985,1398777793.2916682,[{'idp':  64 ,  'x':  3.39 ,  'y':  -0.88 ,  'r':  0.4 ,  'type':  1} ,  {'idp':  65 ,  'x':  3.58 ,  'y':  -2.18 ,  'r':  0.4 ,  'type':  1} ,  {'idp':  66 ,  'x':  4.11 ,  'y':  -4.96 ,  'r':  0.4 ,  'type':  1} ,  {'idp':  67 ,  'x':  2.49 ,  'y':  -3.26 ,  'r':  0.4 ,  'type':  1}]
60986,1398777793.2916908,[{'idp':  64 ,  'x':  3.42 ,  'y':  -0.88 ,  'r':  0.4 ,  'type':  1} ,  {'idp':  65 ,  'x':  3.59 ,  'y':  -2.17 ,  'r':  0.4 ,  'type':  1} ,  {'idp':  66 ,  'x':  4.13 ,  'y':  -4.95 ,  'r':  0.4 ,  'type':  1} ,  {'idp':  67 ,  'x':  2.49 ,  'y':  -3.27 ,  'r':  0.4 ,  'type':  1}]
60987,1398777793.3316164,[{'idp':  64 ,  'x':  3.42 ,  'y':  -0.9 ,  'r':  0.4 ,  'type':  1} ,  {'idp':  65 ,  'x':  3.59 ,  'y':  -2.18 ,  'r':  0.4 ,  'type':  1} ,  {'idp':  66 ,  'x':  4.17 ,  'y':  -4.97 ,  'r':  0.4 ,  'type':  1} ,  {'idp':  67 ,  'x':  2.51 ,  'y':  -3.28 ,  'r':  0.4 ,  'type':  1}]
60988,1398777793.3386133,[{'idp':  64 ,  'x':  3.43 ,  'y':  -0.92 ,  'r':  0.4 ,  'type':  1} ,  {'idp':  65 ,  'x':  3.58 ,  'y':  -2.18 ,  'r':  0.4 ,  'type':  1} ,  {'idp':  66 ,  'x':  4.28 ,  'y':  -4.92 ,  'r':  0.4 ,  'type':  1} ,  {'idp':  67 ,  'x':  2.52 ,  'y':  -3.3 ,  'r':  0.4 ,  'type':  1}]
60989,1398777793.3755896,[{'idp':  64 ,  'x':  3.44 ,  'y':  -0.93 ,  'r':  0.4 ,  'type':  1} ,  {'idp':  65 ,  'x':  3.57 ,  'y':  -2.19 ,  'r':  0.4 ,  'type':  1} ,  {'idp':  66 ,  'x':  4.27 ,  'y':  -4.94 ,  'r':  0.4 ,  'type':  1} ,  {'idp':  67 ,  'x':  2.52 ,  'y':  -3.31 ,  'r':  0.4 ,  'type':  1}]
60990,1398777793.4156177,[{'idp':  64 ,  'x':  3.45 ,  'y':  -0.93 ,  'r':  0.4 ,  'type':  1} ,  {'idp':  65 ,  'x':  3.58 ,  'y':  -2.19 ,  'r':  0.4 ,  'type':  1} ,  {'idp':  66 ,  'x':  4.28 ,  'y':  -4.92 ,  'r':  0.4 ,  'type':  1} ,  {'idp':  67 ,  'x':  2.54 ,  'y':  -3.31 ,  'r':  0.4 ,  'type':  1}]
60991,1398777793.4156516,[{'idp':  64 ,  'x':  3.46 ,  'y':  -0.93 ,  'r':  0.4 ,  'type':  1} ,  {'idp':  65 ,  'x':  3.58 ,  'y':  -2.19 ,  'r':  0.4 ,  'type':  1} ,  {'idp':  66 ,  'x':  4.27 ,  'y':  -4.92 ,  'r':  0.4 ,  'type':  1} ,  {'idp':  67 ,  'x':  2.57 ,  'y':  -3.31 ,  'r':  0.4 ,  'type':  1}]
60992,1398777793.455647,[{'idp':  64 ,  'x':  3.48 ,  'y':  -0.94 ,  'r':  0.4 ,  'type':  1} ,  {'idp':  65 ,  'x':  3.59 ,  'y':  -2.23 ,  'r':  0.4 ,  'type':  1} ,  {'idp':  66 ,  'x':  4.27 ,  'y':  -4.92 ,  'r':  0.4 ,  'type':  1} ,  {'idp':  67 ,  'x':  2.58 ,  'y':  -3.32 ,  'r':  0.4 ,  'type':  1}]
60993,1398777793.4643629,[{'idp':  64 ,  'x':  3.49 ,  'y':  -0.98 ,  'r':  0.4 ,  'type':  1} ,  {'idp':  65 ,  'x':  3.58 ,  'y':  -2.22 ,  'r':  0.4 ,  'type':  1} ,  {'idp':  66 ,  'x':  4.27 ,  'y':  -4.92 ,  'r':  0.4 ,  'type':  1} ,  {'idp':  67 ,  'x':  2.59 ,  'y':  -3.32 ,  'r':  0.4 ,  'type':  1}]
60994,1398777793.5038154,[{'idp':  64 ,  'x':  3.49 ,  'y':  -0.99 ,  'r':  0.4 ,  'type':  1} ,  {'idp':  65 ,  'x':  3.56 ,  'y':  -2.21 ,  'r':  0.4 ,  'type':  1} ,  {'idp':  66 ,  'x':  4.27 ,  'y':  -4.92 ,  'r':  0.4 ,  'type':  1} ,  {'idp':  67 ,  'x':  2.6 ,  'y':  -3.34 ,  'r':  0.4 ,  'type':  1}]
60995,1398777793.5436249,[{'idp':  64 ,  'x':  3.49 ,  'y':  -1.0 ,  'r':  0.4 ,  'type':  1} ,  {'idp':  65 ,  'x':  3.54 ,  'y':  -2.2 ,  'r':  0.4 ,  'type':  1} ,  {'idp':  66 ,  'x':  4.27 ,  'y':  -4.92 ,  'r':  0.4 ,  'type':  1} ,  {'idp':  67 ,  'x':  2.64 ,  'y':  -3.35 ,  'r':  0.4 ,  'type':  1}]
60996,1398777793.543721,[{'idp':  64 ,  'x':  3.5 ,  'y':  -1.01 ,  'r':  0.4 ,  'type':  1} ,  {'idp':  65 ,  'x':  3.51 ,  'y':  -2.19 ,  'r':  0.4 ,  'type':  1} ,  {'idp':  66 ,  'x':  4.27 ,  'y':  -4.92 ,  'r':  0.4 ,  'type':  1} ,  {'idp':  67 ,  'x':  2.67 ,  'y':  -3.36 ,  'r':  0.4 ,  'type':  1}]
60997,1398777793.5836465,[{'idp':  64 ,  'x':  3.48 ,  'y':  -1.0 ,  'r':  0.4 ,  'type':  1} ,  {'idp':  65 ,  'x':  3.54 ,  'y':  -2.2 ,  'r':  0.4 ,  'type':  1} ,  {'idp':  66 ,  'x':  4.5 ,  'y':  -5.18 ,  'r':  0.4 ,  'type':  1} ,  {'idp':  67 ,  'x':  2.69 ,  'y':  -3.37 ,  'r':  0.4 ,  'type':  1}]
60998,1398777793.590627,[{'idp':  64 ,  'x':  3.49 ,  'y':  -1.0 ,  'r':  0.4 ,  'type':  1} ,  {'idp':  65 ,  'x':  3.58 ,  'y':  -2.21 ,  'r':  0.4 ,  'type':  1} ,  {'idp':  66 ,  'x':  4.48 ,  'y':  -5.13 ,  'r':  0.4 ,  'type':  1} ,  {'idp':  67 ,  'x':  2.71 ,  'y':  -3.36 ,  'r':  0.4 ,  'type':  1}]
60999,1398777793.6276026,[{'idp':  64 ,  'x':  3.5 ,  'y':  -1.01 ,  'r':  0.4 ,  'type':  1} ,  {'idp':  65 ,  'x':  3.59 ,  'y':  -2.22 ,  'r':  0.4 ,  'type':  1} ,  {'idp':  66 ,  'x':  4.51 ,  'y':  -5.14 ,  'r':  0.4 ,  'type':  1} ,  {'idp':  67 ,  'x':  2.72 ,  'y':  -3.36 ,  'r':  0.4 ,  'type':  1}]
61000,1398777793.6675808,[{'idp':  64 ,  'x':  3.52 ,  'y':  -1.01 ,  'r':  0.4 ,  'type':  1} ,  {'idp':  65 ,  'x':  3.59 ,  'y':  -2.22 ,  'r':  0.4 ,  'type':  1} ,  {'idp':  66 ,  'x':  4.56 ,  'y':  -5.1 ,  'r':  0.4 ,  'type':  1} ,  {'idp':  67 ,  'x':  2.74 ,  'y':  -3.34 ,  'r':  0.4 ,  'type':  1}]
61001,1398777793.6676788,[{'idp':  64 ,  'x':  3.53 ,  'y':  -1.01 ,  'r':  0.4 ,  'type':  1} ,  {'idp':  65 ,  'x':  3.59 ,  'y':  -2.21 ,  'r':  0.4 ,  'type':  1} ,  {'idp':  66 ,  'x':  4.55 ,  'y':  -5.1 ,  'r':  0.4 ,  'type':  1} ,  {'idp':  67 ,  'x':  2.75 ,  'y':  -3.34 ,  'r':  0.4 ,  'type':  1}]
61002,1398777793.7076442,[{'idp':  64 ,  'x':  3.55 ,  'y':  -1.04 ,  'r':  0.4 ,  'type':  1} ,  {'idp':  65 ,  'x':  3.56 ,  'y':  -2.22 ,  'r':  0.4 ,  'type':  1} ,  {'idp':  66 ,  'x':  4.54 ,  'y':  -5.11 ,  'r':  0.4 ,  'type':  1} ,  {'idp':  67 ,  'x':  2.76 ,  'y':  -3.35 ,  'r':  0.4 ,  'type':  1}]
61003,1398777793.7153394,[{'idp':  64 ,  'x':  3.54 ,  'y':  -1.04 ,  'r':  0.4 ,  'type':  1} ,  {'idp':  65 ,  'x':  3.58 ,  'y':  -2.23 ,  'r':  0.4 ,  'type':  1} ,  {'idp':  66 ,  'x':  4.5 ,  'y':  -5.09 ,  'r':  0.4 ,  'type':  1} ,  {'idp':  67 ,  'x':  2.76 ,  'y':  -3.33 ,  'r':  0.4 ,  'type':  1}]
61004,1398777793.7516634,[{'idp':  64 ,  'x':  3.55 ,  'y':  -1.04 ,  'r':  0.4 ,  'type':  1} ,  {'idp':  65 ,  'x':  3.62 ,  'y':  -2.24 ,  'r':  0.4 ,  'type':  1} ,  {'idp':  66 ,  'x':  4.47 ,  'y':  -5.03 ,  'r':  0.4 ,  'type':  1} ,  {'idp':  67 ,  'x':  2.76 ,  'y':  -3.31 ,  'r':  0.4 ,  'type':  1}]
61005,1398777793.791607,[{'idp':  64 ,  'x':  3.55 ,  'y':  -1.04 ,  'r':  0.4 ,  'type':  1} ,  {'idp':  65 ,  'x':  3.65 ,  'y':  -2.27 ,  'r':  0.4 ,  'type':  1} ,  {'idp':  66 ,  'x':  4.47 ,  'y':  -5.01 ,  'r':  0.4 ,  'type':  1} ,  {'idp':  67 ,  'x':  2.79 ,  'y':  -3.33 ,  'r':  0.4 ,  'type':  1}]
61006,1398777793.8316224,[{'idp':  64 ,  'x':  3.56 ,  'y':  -1.05 ,  'r':  0.4 ,  'type':  1} ,  {'idp':  65 ,  'x':  3.66 ,  'y':  -2.27 ,  'r':  0.4 ,  'type':  1} ,  {'idp':  66 ,  'x':  4.47 ,  'y':  -4.99 ,  'r':  0.4 ,  'type':  1} ,  {'idp':  67 ,  'x':  2.81 ,  'y':  -3.34 ,  'r':  0.4 ,  'type':  1}]
61007,1398777793.8316543,[{'idp':  64 ,  'x':  3.56 ,  'y':  -1.06 ,  'r':  0.4 ,  'type':  1} ,  {'idp':  65 ,  'x':  3.69 ,  'y':  -2.29 ,  'r':  0.4 ,  'type':  1} ,  {'idp':  66 ,  'x':  4.46 ,  'y':  -4.98 ,  'r':  0.4 ,  'type':  1} ,  {'idp':  67 ,  'x':  2.82 ,  'y':  -3.36 ,  'r':  0.4 ,  'type':  1}]
61008,1398777793.8716547,[{'idp':  64 ,  'x':  3.57 ,  'y':  -1.08 ,  'r':  0.4 ,  'type':  1} ,  {'idp':  65 ,  'x':  3.69 ,  'y':  -2.31 ,  'r':  0.4 ,  'type':  1} ,  {'idp':  66 ,  'x':  4.46 ,  'y':  -4.97 ,  'r':  0.4 ,  'type':  1} ,  {'idp':  67 ,  'x':  2.82 ,  'y':  -3.37 ,  'r':  0.4 ,  'type':  1}]
61009,1398777793.8716843,[{'idp':  64 ,  'x':  3.58 ,  'y':  -1.07 ,  'r':  0.4 ,  'type':  1} ,  {'idp':  65 ,  'x':  3.7 ,  'y':  -2.31 ,  'r':  0.4 ,  'type':  1} ,  {'idp':  66 ,  'x':  4.48 ,  'y':  -4.97 ,  'r':  0.4 ,  'type':  1} ,  {'idp':  67 ,  'x':  2.82 ,  'y':  -3.38 ,  'r':  0.4 ,  'type':  1}]
61010,1398777793.9116266,[{'idp':  64 ,  'x':  3.58 ,  'y':  -1.09 ,  'r':  0.4 ,  'type':  1} ,  {'idp':  65 ,  'x':  3.71 ,  'y':  -2.32 ,  'r':  0.4 ,  'type':  1} ,  {'idp':  66 ,  'x':  4.5 ,  'y':  -4.98 ,  'r':  0.4 ,  'type':  1} ,  {'idp':  67 ,  'x':  2.82 ,  'y':  -3.38 ,  'r':  0.4 ,  'type':  1}]
61011,1398777793.9182405,[{'idp':  64 ,  'x':  3.59 ,  'y':  -1.09 ,  'r':  0.4 ,  'type':  1} ,  {'idp':  65 ,  'x':  3.72 ,  'y':  -2.32 ,  'r':  0.4 ,  'type':  1} ,  {'idp':  66 ,  'x':  4.51 ,  'y':  -4.97 ,  'r':  0.4 ,  'type':  1} ,  {'idp':  67 ,  'x':  2.82 ,  'y':  -3.37 ,  'r':  0.4 ,  'type':  1}]
61012,1398777793.9556346,[{'idp':  64 ,  'x':  3.6 ,  'y':  -1.08 ,  'r':  0.4 ,  'type':  1} ,  {'idp':  65 ,  'x':  3.72 ,  'y':  -2.32 ,  'r':  0.4 ,  'type':  1} ,  {'idp':  66 ,  'x':  4.54 ,  'y':  -4.95 ,  'r':  0.4 ,  'type':  1} ,  {'idp':  67 ,  'x':  2.84 ,  'y':  -3.37 ,  'r':  0.4 ,  'type':  1}]
61013,1398777793.9956453,[{'idp':  64 ,  'x':  3.63 ,  'y':  -1.05 ,  'r':  0.4 ,  'type':  1} ,  {'idp':  65 ,  'x':  3.72 ,  'y':  -2.31 ,  'r':  0.4 ,  'type':  1} ,  {'idp':  66 ,  'x':  4.56 ,  'y':  -4.93 ,  'r':  0.4 ,  'type':  1} ,  {'idp':  67 ,  'x':  2.87 ,  'y':  -3.36 ,  'r':  0.4 ,  'type':  1}]
61014,1398777793.9956777,[{'idp':  64 ,  'x':  3.63 ,  'y':  -1.07 ,  'r':  0.4 ,  'type':  1} ,  {'idp':  65 ,  'x':  3.71 ,  'y':  -2.32 ,  'r':  0.4 ,  'type':  1} ,  {'idp':  66 ,  'x':  4.56 ,  'y':  -4.94 ,  'r':  0.4 ,  'type':  1} ,  {'idp':  67 ,  'x':  2.87 ,  'y':  -3.35 ,  'r':  0.4 ,  'type':  1}]
61015,1398777794.0356696,[{'idp':  64 ,  'x':  3.63 ,  'y':  -1.09 ,  'r':  0.4 ,  'type':  1} ,  {'idp':  65 ,  'x':  3.71 ,  'y':  -2.34 ,  'r':  0.4 ,  'type':  1} ,  {'idp':  66 ,  'x':  4.59 ,  'y':  -4.97 ,  'r':  0.4 ,  'type':  1} ,  {'idp':  67 ,  'x':  2.87 ,  'y':  -3.37 ,  'r':  0.4 ,  'type':  1}]
61016,1398777794.0446212,[{'idp':  64 ,  'x':  3.62 ,  'y':  -1.11 ,  'r':  0.4 ,  'type':  1} ,  {'idp':  65 ,  'x':  3.72 ,  'y':  -2.34 ,  'r':  0.4 ,  'type':  1} ,  {'idp':  66 ,  'x':  4.65 ,  'y':  -5.01 ,  'r':  0.4 ,  'type':  1} ,  {'idp':  67 ,  'x':  2.86 ,  'y':  -3.37 ,  'r':  0.4 ,  'type':  1}]
61017,1398777794.0836477,[{'idp':  64 ,  'x':  3.61 ,  'y':  -1.1 ,  'r':  0.4 ,  'type':  1} ,  {'idp':  65 ,  'x':  3.73 ,  'y':  -2.34 ,  'r':  0.4 ,  'type':  1} ,  {'idp':  66 ,  'x':  4.73 ,  'y':  -5.02 ,  'r':  0.4 ,  'type':  1} ,  {'idp':  67 ,  'x':  2.88 ,  'y':  -3.35 ,  'r':  0.4 ,  'type':  1}]
61018,1398777794.1235855,[{'idp':  64 ,  'x':  3.59 ,  'y':  -1.07 ,  'r':  0.4 ,  'type':  1} ,  {'idp':  65 ,  'x':  3.73 ,  'y':  -2.34 ,  'r':  0.4 ,  'type':  1} ,  {'idp':  66 ,  'x':  4.78 ,  'y':  -4.99 ,  'r':  0.4 ,  'type':  1} ,  {'idp':  67 ,  'x':  2.95 ,  'y':  -3.38 ,  'r':  0.4 ,  'type':  1}]
61019,1398777794.1236618,[{'idp':  64 ,  'x':  3.6 ,  'y':  -1.08 ,  'r':  0.4 ,  'type':  1} ,  {'idp':  65 ,  'x':  3.74 ,  'y':  -2.32 ,  'r':  0.4 ,  'type':  1} ,  {'idp':  66 ,  'x':  4.82 ,  'y':  -4.95 ,  'r':  0.4 ,  'type':  1} ,  {'idp':  67 ,  'x':  3.02 ,  'y':  -3.4 ,  'r':  0.4 ,  'type':  1}]
61020,1398777794.1636004,[{'idp':  64 ,  'x':  3.61 ,  'y':  -1.07 ,  'r':  0.4 ,  'type':  1} ,  {'idp':  65 ,  'x':  3.74 ,  'y':  -2.3 ,  'r':  0.4 ,  'type':  1} ,  {'idp':  66 ,  'x':  4.86 ,  'y':  -4.94 ,  'r':  0.4 ,  'type':  1} ,  {'idp':  67 ,  'x':  3.05 ,  'y':  -3.41 ,  'r':  0.4 ,  'type':  1}]
61021,1398777794.169676,[{'idp':  64 ,  'x':  3.62 ,  'y':  -1.08 ,  'r':  0.4 ,  'type':  1} ,  {'idp':  65 ,  'x':  3.73 ,  'y':  -2.32 ,  'r':  0.4 ,  'type':  1} ,  {'idp':  66 ,  'x':  4.88 ,  'y':  -4.94 ,  'r':  0.4 ,  'type':  1} ,  {'idp':  67 ,  'x':  3.07 ,  'y':  -3.43 ,  'r':  0.4 ,  'type':  1}]
61022,1398777794.2076046,[{'idp':  64 ,  'x':  3.65 ,  'y':  -1.09 ,  'r':  0.4 ,  'type':  1} ,  {'idp':  65 ,  'x':  3.73 ,  'y':  -2.32 ,  'r':  0.4 ,  'type':  1} ,  {'idp':  66 ,  'x':  4.9 ,  'y':  -4.95 ,  'r':  0.4 ,  'type':  1} ,  {'idp':  67 ,  'x':  3.08 ,  'y':  -3.44 ,  'r':  0.4 ,  'type':  1}]
61023,1398777794.247603,[{'idp':  64 ,  'x':  3.68 ,  'y':  -1.07 ,  'r':  0.4 ,  'type':  1} ,  {'idp':  65 ,  'x':  3.74 ,  'y':  -2.3 ,  'r':  0.4 ,  'type':  1} ,  {'idp':  66 ,  'x':  4.93 ,  'y':  -4.93 ,  'r':  0.4 ,  'type':  1} ,  {'idp':  67 ,  'x':  3.09 ,  'y':  -3.42 ,  'r':  0.4 ,  'type':  1}]
61024,1398777794.2476313,[{'idp':  64 ,  'x':  3.69 ,  'y':  -1.05 ,  'r':  0.4 ,  'type':  1} ,  {'idp':  65 ,  'x':  3.75 ,  'y':  -2.28 ,  'r':  0.4 ,  'type':  1} ,  {'idp':  66 ,  'x':  4.98 ,  'y':  -4.88 ,  'r':  0.4 ,  'type':  1} ,  {'idp':  67 ,  'x':  3.11 ,  'y':  -3.4 ,  'r':  0.4 ,  'type':  1}]
61025,1398777794.2876303,[{'idp':  64 ,  'x':  3.73 ,  'y':  -1.02 ,  'r':  0.4 ,  'type':  1} ,  {'idp':  65 ,  'x':  3.77 ,  'y':  -2.23 ,  'r':  0.4 ,  'type':  1} ,  {'idp':  66 ,  'x':  5.04 ,  'y':  -4.84 ,  'r':  0.4 ,  'type':  1} ,  {'idp':  67 ,  'x':  3.15 ,  'y':  -3.37 ,  'r':  0.4 ,  'type':  1}]
61026,1398777794.293935,[{'idp':  64 ,  'x':  3.74 ,  'y':  -0.98 ,  'r':  0.4 ,  'type':  1} ,  {'idp':  65 ,  'x':  3.8 ,  'y':  -2.18 ,  'r':  0.4 ,  'type':  1} ,  {'idp':  66 ,  'x':  5.04 ,  'y':  -4.81 ,  'r':  0.4 ,  'type':  1} ,  {'idp':  67 ,  'x':  3.21 ,  'y':  -3.34 ,  'r':  0.4 ,  'type':  1}]
61027,1398777794.3315647,[{'idp':  64 ,  'x':  3.77 ,  'y':  -0.94 ,  'r':  0.4 ,  'type':  1} ,  {'idp':  65 ,  'x':  3.83 ,  'y':  -2.13 ,  'r':  0.4 ,  'type':  1} ,  {'idp':  66 ,  'x':  5.04 ,  'y':  -4.79 ,  'r':  0.4 ,  'type':  1} ,  {'idp':  67 ,  'x':  3.26 ,  'y':  -3.3 ,  'r':  0.4 ,  'type':  1}]
61028,1398777794.3716173,[{'idp':  64 ,  'x':  3.77 ,  'y':  -0.94 ,  'r':  0.4 ,  'type':  1} ,  {'idp':  65 ,  'x':  3.83 ,  'y':  -2.12 ,  'r':  0.4 ,  'type':  1} ,  {'idp':  66 ,  'x':  5.07 ,  'y':  -4.76 ,  'r':  0.4 ,  'type':  1} ,  {'idp':  67 ,  'x':  3.29 ,  'y':  -3.29 ,  'r':  0.4 ,  'type':  1}]
61029,1398777794.3716443,[{'idp':  64 ,  'x':  3.78 ,  'y':  -0.95 ,  'r':  0.4 ,  'type':  1} ,  {'idp':  65 ,  'x':  3.81 ,  'y':  -2.13 ,  'r':  0.4 ,  'type':  1} ,  {'idp':  66 ,  'x':  5.04 ,  'y':  -4.8 ,  'r':  0.4 ,  'type':  1} ,  {'idp':  67 ,  'x':  3.3 ,  'y':  -3.31 ,  'r':  0.4 ,  'type':  1}]
61030,1398777794.4116316,[{'idp':  64 ,  'x':  3.78 ,  'y':  -0.95 ,  'r':  0.4 ,  'type':  1} ,  {'idp':  65 ,  'x':  3.83 ,  'y':  -2.11 ,  'r':  0.4 ,  'type':  1} ,  {'idp':  66 ,  'x':  5.07 ,  'y':  -4.78 ,  'r':  0.4 ,  'type':  1} ,  {'idp':  67 ,  'x':  3.32 ,  'y':  -3.31 ,  'r':  0.4 ,  'type':  1}]
61031,1398777794.418056,[{'idp':  64 ,  'x':  3.79 ,  'y':  -0.93 ,  'r':  0.4 ,  'type':  1} ,  {'idp':  65 ,  'x':  3.84 ,  'y':  -2.09 ,  'r':  0.4 ,  'type':  1} ,  {'idp':  66 ,  'x':  5.07 ,  'y':  -4.79 ,  'r':  0.4 ,  'type':  1} ,  {'idp':  67 ,  'x':  3.35 ,  'y':  -3.29 ,  'r':  0.4 ,  'type':  1}]
61032,1398777794.4556053,[{'idp':  64 ,  'x':  3.79 ,  'y':  -0.92 ,  'r':  0.4 ,  'type':  1} ,  {'idp':  65 ,  'x':  3.86 ,  'y':  -2.05 ,  'r':  0.4 ,  'type':  1} ,  {'idp':  66 ,  'x':  5.07 ,  'y':  -4.79 ,  'r':  0.4 ,  'type':  1} ,  {'idp':  67 ,  'x':  3.37 ,  'y':  -3.27 ,  'r':  0.4 ,  'type':  1}]
61033,1398777794.4955883,[{'idp':  64 ,  'x':  3.8 ,  'y':  -0.92 ,  'r':  0.4 ,  'type':  1} ,  {'idp':  65 ,  'x':  3.87 ,  'y':  -2.05 ,  'r':  0.4 ,  'type':  1} ,  {'idp':  66 ,  'x':  5.12 ,  'y':  -4.8 ,  'r':  0.4 ,  'type':  1} ,  {'idp':  67 ,  'x':  3.37 ,  'y':  -3.28 ,  'r':  0.4 ,  'type':  1}]
61034,1398777794.4956212,[{'idp':  64 ,  'x':  3.79 ,  'y':  -0.94 ,  'r':  0.4 ,  'type':  1} ,  {'idp':  65 ,  'x':  3.88 ,  'y':  -2.04 ,  'r':  0.4 ,  'type':  1} ,  {'idp':  66 ,  'x':  5.17 ,  'y':  -4.75 ,  'r':  0.4 ,  'type':  1} ,  {'idp':  67 ,  'x':  3.38 ,  'y':  -3.28 ,  'r':  0.4 ,  'type':  1}]
61035,1398777794.5355728,[{'idp':  64 ,  'x':  3.8 ,  'y':  -0.95 ,  'r':  0.4 ,  'type':  1} ,  {'idp':  65 ,  'x':  3.89 ,  'y':  -2.01 ,  'r':  0.4 ,  'type':  1} ,  {'idp':  66 ,  'x':  5.16 ,  'y':  -4.8 ,  'r':  0.4 ,  'type':  1} ,  {'idp':  67 ,  'x':  3.35 ,  'y':  -3.31 ,  'r':  0.4 ,  'type':  1}]
61036,1398777794.5433953,[{'idp':  64 ,  'x':  3.78 ,  'y':  -0.95 ,  'r':  0.4 ,  'type':  1} ,  {'idp':  65 ,  'x':  3.89 ,  'y':  -2.0 ,  'r':  0.4 ,  'type':  1} ,  {'idp':  66 ,  'x':  5.21 ,  'y':  -4.79 ,  'r':  0.4 ,  'type':  1} ,  {'idp':  67 ,  'x':  3.38 ,  'y':  -3.32 ,  'r':  0.4 ,  'type':  1}]
61037,1398777794.5795517,[{'idp':  64 ,  'x':  3.78 ,  'y':  -0.95 ,  'r':  0.4 ,  'type':  1} ,  {'idp':  65 ,  'x':  3.89 ,  'y':  -2.01 ,  'r':  0.4 ,  'type':  1} ,  {'idp':  66 ,  'x':  5.24 ,  'y':  -4.74 ,  'r':  0.4 ,  'type':  1} ,  {'idp':  67 ,  'x':  3.39 ,  'y':  -3.33 ,  'r':  0.4 ,  'type':  1}]
61038,1398777794.6196353,[{'idp':  64 ,  'x':  3.81 ,  'y':  -0.95 ,  'r':  0.4 ,  'type':  1} ,  {'idp':  65 ,  'x':  3.91 ,  'y':  -1.98 ,  'r':  0.4 ,  'type':  1} ,  {'idp':  66 ,  'x':  5.24 ,  'y':  -4.75 ,  'r':  0.4 ,  'type':  1} ,  {'idp':  67 ,  'x':  3.42 ,  'y':  -3.32 ,  'r':  0.4 ,  'type':  1}]
61039,1398777794.6196563,[{'idp':  64 ,  'x':  3.83 ,  'y':  -0.93 ,  'r':  0.4 ,  'type':  1} ,  {'idp':  65 ,  'x':  3.91 ,  'y':  -1.99 ,  'r':  0.4 ,  'type':  1} ,  {'idp':  66 ,  'x':  5.26 ,  'y':  -4.71 ,  'r':  0.4 ,  'type':  1} ,  {'idp':  67 ,  'x':  3.43 ,  'y':  -3.31 ,  'r':  0.4 ,  'type':  1}]
61040,1398777794.6595893,[{'idp':  64 ,  'x':  3.85 ,  'y':  -0.92 ,  'r':  0.4 ,  'type':  1} ,  {'idp':  65 ,  'x':  3.9 ,  'y':  -1.98 ,  'r':  0.4 ,  'type':  1} ,  {'idp':  66 ,  'x':  5.31 ,  'y':  -4.57 ,  'r':  0.4 ,  'type':  1} ,  {'idp':  67 ,  'x':  3.44 ,  'y':  -3.29 ,  'r':  0.4 ,  'type':  1}]
61041,1398777794.6683419,[{'idp':  64 ,  'x':  3.87 ,  'y':  -0.91 ,  'r':  0.4 ,  'type':  1} ,  {'idp':  65 ,  'x':  3.9 ,  'y':  -1.96 ,  'r':  0.4 ,  'type':  1} ,  {'idp':  66 ,  'x':  5.31 ,  'y':  -4.57 ,  'r':  0.4 ,  'type':  1} ,  {'idp':  67 ,  'x':  3.47 ,  'y':  -3.28 ,  'r':  0.4 ,  'type':  1}]
61042,1398777794.7076335,[{'idp':  64 ,  'x':  3.87 ,  'y':  -0.89 ,  'r':  0.4 ,  'type':  1} ,  {'idp':  65 ,  'x':  3.9 ,  'y':  -1.92 ,  'r':  0.4 ,  'type':  1} ,  {'idp':  66 ,  'x':  5.31 ,  'y':  -4.57 ,  'r':  0.4 ,  'type':  1} ,  {'idp':  67 ,  'x':  3.5 ,  'y':  -3.27 ,  'r':  0.4 ,  'type':  1}]
61043,1398777794.7476103,[{'idp':  64 ,  'x':  3.88 ,  'y':  -0.88 ,  'r':  0.4 ,  'type':  1} ,  {'idp':  65 ,  'x':  3.91 ,  'y':  -1.89 ,  'r':  0.4 ,  'type':  1} ,  {'idp':  66 ,  'x':  5.31 ,  'y':  -4.57 ,  'r':  0.4 ,  'type':  1} ,  {'idp':  67 ,  'x':  3.56 ,  'y':  -3.26 ,  'r':  0.4 ,  'type':  1}]
61044,1398777794.7476425,[{'idp':  64 ,  'x':  3.87 ,  'y':  -0.89 ,  'r':  0.4 ,  'type':  1} ,  {'idp':  65 ,  'x':  3.91 ,  'y':  -1.87 ,  'r':  0.4 ,  'type':  1} ,  {'idp':  66 ,  'x':  5.31 ,  'y':  -4.57 ,  'r':  0.4 ,  'type':  1} ,  {'idp':  67 ,  'x':  3.57 ,  'y':  -3.27 ,  'r':  0.4 ,  'type':  1}]
61045,1398777794.787597,[{'idp':  64 ,  'x':  3.88 ,  'y':  -0.91 ,  'r':  0.4 ,  'type':  1} ,  {'idp':  65 ,  'x':  3.92 ,  'y':  -1.88 ,  'r':  0.4 ,  'type':  1} ,  {'idp':  66 ,  'x':  5.5 ,  'y':  -4.63 ,  'r':  0.4 ,  'type':  1} ,  {'idp':  67 ,  'x':  3.58 ,  'y':  -3.29 ,  'r':  0.4 ,  'type':  1}]
61046,1398777794.7934117,[{'idp':  64 ,  'x':  3.88 ,  'y':  -0.92 ,  'r':  0.4 ,  'type':  1} ,  {'idp':  65 ,  'x':  3.9 ,  'y':  -1.89 ,  'r':  0.4 ,  'type':  1} ,  {'idp':  66 ,  'x':  5.59 ,  'y':  -4.73 ,  'r':  0.4 ,  'type':  1} ,  {'idp':  67 ,  'x':  3.58 ,  'y':  -3.29 ,  'r':  0.4 ,  'type':  1}]
61047,1398777794.8315818,[{'idp':  64 ,  'x':  3.9 ,  'y':  -0.9 ,  'r':  0.4 ,  'type':  1} ,  {'idp':  65 ,  'x':  3.89 ,  'y':  -1.88 ,  'r':  0.4 ,  'type':  1} ,  {'idp':  66 ,  'x':  5.62 ,  'y':  -4.73 ,  'r':  0.4 ,  'type':  1} ,  {'idp':  67 ,  'x':  3.59 ,  'y':  -3.28 ,  'r':  0.4 ,  'type':  1}]
61048,1398777794.8715956,[{'idp':  64 ,  'x':  3.91 ,  'y':  -0.88 ,  'r':  0.4 ,  'type':  1} ,  {'idp':  65 ,  'x':  3.9 ,  'y':  -1.85 ,  'r':  0.4 ,  'type':  1} ,  {'idp':  66 ,  'x':  5.68 ,  'y':  -4.7 ,  'r':  0.4 ,  'type':  1} ,  {'idp':  67 ,  'x':  3.62 ,  'y':  -3.23 ,  'r':  0.4 ,  'type':  1}]
61049,1398777794.8716238,[{'idp':  64 ,  'x':  3.92 ,  'y':  -0.84 ,  'r':  0.4 ,  'type':  1} ,  {'idp':  65 ,  'x':  3.91 ,  'y':  -1.81 ,  'r':  0.4 ,  'type':  1} ,  {'idp':  66 ,  'x':  5.7 ,  'y':  -4.64 ,  'r':  0.4 ,  'type':  1} ,  {'idp':  67 ,  'x':  3.66 ,  'y':  -3.2 ,  'r':  0.4 ,  'type':  1}]
61050,1398777794.9116597,[{'idp':  64 ,  'x':  3.92 ,  'y':  -0.82 ,  'r':  0.4 ,  'type':  1} ,  {'idp':  65 ,  'x':  3.93 ,  'y':  -1.78 ,  'r':  0.4 ,  'type':  1} ,  {'idp':  66 ,  'x':  5.67 ,  'y':  -4.55 ,  'r':  0.4 ,  'type':  1} ,  {'idp':  67 ,  'x':  3.7 ,  'y':  -3.18 ,  'r':  0.4 ,  'type':  1}]
61051,1398777794.9208782,[{'idp':  64 ,  'x':  3.91 ,  'y':  -0.82 ,  'r':  0.4 ,  'type':  1} ,  {'idp':  65 ,  'x':  3.94 ,  'y':  -1.77 ,  'r':  0.4 ,  'type':  1} ,  {'idp':  66 ,  'x':  5.61 ,  'y':  -4.5 ,  'r':  0.4 ,  'type':  1} ,  {'idp':  67 ,  'x':  3.71 ,  'y':  -3.17 ,  'r':  0.4 ,  'type':  1}]
61052,1398777794.9596028,[{'idp':  64 ,  'x':  3.91 ,  'y':  -0.84 ,  'r':  0.4 ,  'type':  1} ,  {'idp':  65 ,  'x':  3.92 ,  'y':  -1.78 ,  'r':  0.4 ,  'type':  1} ,  {'idp':  66 ,  'x':  5.58 ,  'y':  -4.5 ,  'r':  0.4 ,  'type':  1} ,  {'idp':  67 ,  'x':  3.66 ,  'y':  -3.14 ,  'r':  0.4 ,  'type':  1}]
61053,1398777794.999639,[{'idp':  64 ,  'x':  3.91 ,  'y':  -0.85 ,  'r':  0.4 ,  'type':  1} ,  {'idp':  65 ,  'x':  3.9 ,  'y':  -1.8 ,  'r':  0.4 ,  'type':  1} ,  {'idp':  66 ,  'x':  5.5 ,  'y':  -4.47 ,  'r':  0.4 ,  'type':  1} ,  {'idp':  67 ,  'x':  3.66 ,  'y':  -3.17 ,  'r':  0.4 ,  'type':  1}]
61054,1398777794.999673,[{'idp':  64 ,  'x':  3.92 ,  'y':  -0.85 ,  'r':  0.4 ,  'type':  1} ,  {'idp':  65 ,  'x':  3.93 ,  'y':  -1.79 ,  'r':  0.4 ,  'type':  1} ,  {'idp':  66 ,  'x':  5.52 ,  'y':  -4.45 ,  'r':  0.4 ,  'type':  1} ,  {'idp':  67 ,  'x':  3.7 ,  'y':  -3.18 ,  'r':  0.4 ,  'type':  1}]
61055,1398777795.0396008,[{'idp':  64 ,  'x':  3.92 ,  'y':  -0.82 ,  'r':  0.4 ,  'type':  1} ,  {'idp':  65 ,  'x':  3.93 ,  'y':  -1.77 ,  'r':  0.4 ,  'type':  1} ,  {'idp':  66 ,  'x':  5.58 ,  'y':  -4.42 ,  'r':  0.4 ,  'type':  1} ,  {'idp':  67 ,  'x':  3.73 ,  'y':  -3.17 ,  'r':  0.4 ,  'type':  1}]
61056,1398777795.0453775,[{'idp':  64 ,  'x':  3.94 ,  'y':  -0.79 ,  'r':  0.4 ,  'type':  1} ,  {'idp':  65 ,  'x':  3.95 ,  'y':  -1.74 ,  'r':  0.4 ,  'type':  1} ,  {'idp':  66 ,  'x':  5.63 ,  'y':  -4.38 ,  'r':  0.4 ,  'type':  1} ,  {'idp':  67 ,  'x':  3.77 ,  'y':  -3.15 ,  'r':  0.4 ,  'type':  1}]
61057,1398777795.0837028,[{'idp':  64 ,  'x':  3.95 ,  'y':  -0.75 ,  'r':  0.4 ,  'type':  1} ,  {'idp':  65 ,  'x':  3.95 ,  'y':  -1.71 ,  'r':  0.4 ,  'type':  1} ,  {'idp':  66 ,  'x':  5.69 ,  'y':  -4.32 ,  'r':  0.4 ,  'type':  1} ,  {'idp':  67 ,  'x':  3.82 ,  'y':  -3.12 ,  'r':  0.4 ,  'type':  1}]
61058,1398777795.1235929,[{'idp':  64 ,  'x':  3.96 ,  'y':  -0.72 ,  'r':  0.4 ,  'type':  1} ,  {'idp':  65 ,  'x':  3.98 ,  'y':  -1.68 ,  'r':  0.4 ,  'type':  1} ,  {'idp':  66 ,  'x':  5.76 ,  'y':  -4.28 ,  'r':  0.4 ,  'type':  1} ,  {'idp':  67 ,  'x':  3.84 ,  'y':  -3.08 ,  'r':  0.4 ,  'type':  1}]
61059,1398777795.1236248,[{'idp':  64 ,  'x':  3.97 ,  'y':  -0.69 ,  'r':  0.4 ,  'type':  1} ,  {'idp':  65 ,  'x':  3.98 ,  'y':  -1.67 ,  'r':  0.4 ,  'type':  1} ,  {'idp':  66 ,  'x':  5.81 ,  'y':  -4.26 ,  'r':  0.4 ,  'type':  1} ,  {'idp':  67 ,  'x':  3.88 ,  'y':  -3.06 ,  'r':  0.4 ,  'type':  1}]
61060,1398777795.1635725,[{'idp':  64 ,  'x':  3.97 ,  'y':  -0.68 ,  'r':  0.4 ,  'type':  1} ,  {'idp':  65 ,  'x':  3.99 ,  'y':  -1.66 ,  'r':  0.4 ,  'type':  1} ,  {'idp':  66 ,  'x':  5.84 ,  'y':  -4.24 ,  'r':  0.4 ,  'type':  1} ,  {'idp':  67 ,  'x':  3.91 ,  'y':  -3.04 ,  'r':  0.4 ,  'type':  1}]
61061,1398777795.1701145,[{'idp':  64 ,  'x':  3.98 ,  'y':  -0.66 ,  'r':  0.4 ,  'type':  1} ,  {'idp':  65 ,  'x':  4.0 ,  'y':  -1.65 ,  'r':  0.4 ,  'type':  1} ,  {'idp':  66 ,  'x':  5.89 ,  'y':  -4.22 ,  'r':  0.4 ,  'type':  1} ,  {'idp':  67 ,  'x':  3.93 ,  'y':  -3.02 ,  'r':  0.4 ,  'type':  1}]
61062,1398777795.2076435,[{'idp':  64 ,  'x':  3.98 ,  'y':  -0.63 ,  'r':  0.4 ,  'type':  1} ,  {'idp':  65 ,  'x':  4.01 ,  'y':  -1.64 ,  'r':  0.4 ,  'type':  1} ,  {'idp':  66 ,  'x':  6.0 ,  'y':  -4.22 ,  'r':  0.4 ,  'type':  1} ,  {'idp':  67 ,  'x':  3.94 ,  'y':  -2.99 ,  'r':  0.4 ,  'type':  1}]
61063,1398777795.247572,[{'idp':  64 ,  'x':  3.99 ,  'y':  -0.6 ,  'r':  0.4 ,  'type':  1} ,  {'idp':  65 ,  'x':  4.03 ,  'y':  -1.61 ,  'r':  0.4 ,  'type':  1} ,  {'idp':  66 ,  'x':  6.09 ,  'y':  -4.17 ,  'r':  0.4 ,  'type':  1} ,  {'idp':  67 ,  'x':  3.98 ,  'y':  -2.96 ,  'r':  0.4 ,  'type':  1}]
61064,1398777795.2476003,[{'idp':  64 ,  'x':  4.0 ,  'y':  -0.56 ,  'r':  0.4 ,  'type':  1} ,  {'idp':  65 ,  'x':  4.05 ,  'y':  -1.57 ,  'r':  0.4 ,  'type':  1} ,  {'idp':  66 ,  'x':  6.16 ,  'y':  -4.1 ,  'r':  0.4 ,  'type':  1} ,  {'idp':  67 ,  'x':  3.98 ,  'y':  -2.89 ,  'r':  0.4 ,  'type':  1}]
61065,1398777795.287657,[{'idp':  64 ,  'x':  4.0 ,  'y':  -0.54 ,  'r':  0.4 ,  'type':  1} ,  {'idp':  65 ,  'x':  4.06 ,  'y':  -1.56 ,  'r':  0.4 ,  'type':  1} ,  {'idp':  66 ,  'x':  6.24 ,  'y':  -4.05 ,  'r':  0.4 ,  'type':  1} ,  {'idp':  67 ,  'x':  4.03 ,  'y':  -2.86 ,  'r':  0.4 ,  'type':  1}]
61066,1398777795.295301,[{'idp':  64 ,  'x':  4.01 ,  'y':  -0.52 ,  'r':  0.4 ,  'type':  1} ,  {'idp':  65 ,  'x':  4.08 ,  'y':  -1.54 ,  'r':  0.4 ,  'type':  1} ,  {'idp':  66 ,  'x':  6.32 ,  'y':  -3.99 ,  'r':  0.4 ,  'type':  1} ,  {'idp':  67 ,  'x':  4.12 ,  'y':  -2.87 ,  'r':  0.4 ,  'type':  1}]
61067,1398777795.3315835,[{'idp':  64 ,  'x':  4.03 ,  'y':  -0.49 ,  'r':  0.4 ,  'type':  1} ,  {'idp':  65 ,  'x':  4.08 ,  'y':  -1.53 ,  'r':  0.4 ,  'type':  1} ,  {'idp':  66 ,  'x':  6.37 ,  'y':  -3.94 ,  'r':  0.4 ,  'type':  1} ,  {'idp':  67 ,  'x':  4.17 ,  'y':  -2.85 ,  'r':  0.4 ,  'type':  1}]
61068,1398777795.3715835,[{'idp':  64 ,  'x':  4.04 ,  'y':  -0.46 ,  'r':  0.4 ,  'type':  1} ,  {'idp':  65 ,  'x':  4.11 ,  'y':  -1.5 ,  'r':  0.4 ,  'type':  1} ,  {'idp':  66 ,  'x':  6.43 ,  'y':  -3.9 ,  'r':  0.4 ,  'type':  1} ,  {'idp':  67 ,  'x':  4.23 ,  'y':  -2.84 ,  'r':  0.4 ,  'type':  1}]
61069,1398777795.3716128,[{'idp':  64 ,  'x':  4.05 ,  'y':  -0.44 ,  'r':  0.4 ,  'type':  1} ,  {'idp':  65 ,  'x':  4.12 ,  'y':  -1.48 ,  'r':  0.4 ,  'type':  1} ,  {'idp':  66 ,  'x':  6.46 ,  'y':  -3.88 ,  'r':  0.4 ,  'type':  1} ,  {'idp':  67 ,  'x':  4.27 ,  'y':  -2.83 ,  'r':  0.4 ,  'type':  1}]
61070,1398777795.4116204,[{'idp':  64 ,  'x':  4.05 ,  'y':  -0.43 ,  'r':  0.4 ,  'type':  1} ,  {'idp':  65 ,  'x':  4.13 ,  'y':  -1.46 ,  'r':  0.4 ,  'type':  1} ,  {'idp':  66 ,  'x':  6.5 ,  'y':  -3.85 ,  'r':  0.4 ,  'type':  1} ,  {'idp':  67 ,  'x':  4.31 ,  'y':  -2.8 ,  'r':  0.4 ,  'type':  1}]
61071,1398777795.420731,[{'idp':  64 ,  'x':  4.04 ,  'y':  -0.4 ,  'r':  0.4 ,  'type':  1} ,  {'idp':  65 ,  'x':  4.14 ,  'y':  -1.44 ,  'r':  0.4 ,  'type':  1} ,  {'idp':  66 ,  'x':  6.55 ,  'y':  -3.8 ,  'r':  0.4 ,  'type':  1} ,  {'idp':  67 ,  'x':  4.33 ,  'y':  -2.77 ,  'r':  0.4 ,  'type':  1}]
61072,1398777795.4596634,[{'idp':  64 ,  'x':  4.05 ,  'y':  -0.37 ,  'r':  0.4 ,  'type':  1} ,  {'idp':  65 ,  'x':  4.14 ,  'y':  -1.44 ,  'r':  0.4 ,  'type':  1} ,  {'idp':  66 ,  'x':  6.6 ,  'y':  -3.77 ,  'r':  0.4 ,  'type':  1} ,  {'idp':  67 ,  'x':  4.37 ,  'y':  -2.76 ,  'r':  0.4 ,  'type':  1}]
61073,1398777795.4996345,[{'idp':  64 ,  'x':  4.08 ,  'y':  -0.33 ,  'r':  0.4 ,  'type':  1} ,  {'idp':  65 ,  'x':  4.16 ,  'y':  -1.42 ,  'r':  0.4 ,  'type':  1} ,  {'idp':  66 ,  'x':  6.65 ,  'y':  -3.71 ,  'r':  0.4 ,  'type':  1} ,  {'idp':  67 ,  'x':  4.39 ,  'y':  -2.72 ,  'r':  0.4 ,  'type':  1}]
61074,1398777795.4996576,[{'idp':  64 ,  'x':  4.08 ,  'y':  -0.31 ,  'r':  0.4 ,  'type':  1} ,  {'idp':  65 ,  'x':  4.19 ,  'y':  -1.4 ,  'r':  0.4 ,  'type':  1} ,  {'idp':  66 ,  'x':  6.69 ,  'y':  -3.67 ,  'r':  0.4 ,  'type':  1} ,  {'idp':  67 ,  'x':  4.39 ,  'y':  -2.69 ,  'r':  0.4 ,  'type':  1}]
61075,1398777795.5396278,[{'idp':  64 ,  'x':  4.09 ,  'y':  -0.26 ,  'r':  0.4 ,  'type':  1} ,  {'idp':  65 ,  'x':  4.21 ,  'y':  -1.37 ,  'r':  0.4 ,  'type':  1} ,  {'idp':  66 ,  'x':  6.66 ,  'y':  -3.62 ,  'r':  0.4 ,  'type':  1} ,  {'idp':  67 ,  'x':  4.45 ,  'y':  -2.63 ,  'r':  0.4 ,  'type':  1}]
61076,1398777795.5459933,[{'idp':  64 ,  'x':  4.1 ,  'y':  -0.22 ,  'r':  0.4 ,  'type':  1} ,  {'idp':  65 ,  'x':  4.22 ,  'y':  -1.33 ,  'r':  0.4 ,  'type':  1} ,  {'idp':  66 ,  'x':  6.65 ,  'y':  -3.57 ,  'r':  0.4 ,  'type':  1} ,  {'idp':  67 ,  'x':  4.49 ,  'y':  -2.59 ,  'r':  0.4 ,  'type':  1}]
61077,1398777795.5836625,[{'idp':  64 ,  'x':  4.1 ,  'y':  -0.2 ,  'r':  0.4 ,  'type':  1} ,  {'idp':  65 ,  'x':  4.22 ,  'y':  -1.31 ,  'r':  0.4 ,  'type':  1} ,  {'idp':  66 ,  'x':  6.65 ,  'y':  -3.53 ,  'r':  0.4 ,  'type':  1} ,  {'idp':  67 ,  'x':  4.53 ,  'y':  -2.55 ,  'r':  0.4 ,  'type':  1}]
61078,1398777795.6235952,[{'idp':  64 ,  'x':  4.11 ,  'y':  -0.2 ,  'r':  0.4 ,  'type':  1} ,  {'idp':  65 ,  'x':  4.23 ,  'y':  -1.32 ,  'r':  0.4 ,  'type':  1} ,  {'idp':  66 ,  'x':  6.67 ,  'y':  -3.55 ,  'r':  0.4 ,  'type':  1} ,  {'idp':  67 ,  'x':  4.55 ,  'y':  -2.55 ,  'r':  0.4 ,  'type':  1}]
61079,1398777795.623628,[{'idp':  64 ,  'x':  4.11 ,  'y':  -0.2 ,  'r':  0.4 ,  'type':  1} ,  {'idp':  65 ,  'x':  4.22 ,  'y':  -1.32 ,  'r':  0.4 ,  'type':  1} ,  {'idp':  66 ,  'x':  6.65 ,  'y':  -3.6 ,  'r':  0.4 ,  'type':  1} ,  {'idp':  67 ,  'x':  4.57 ,  'y':  -2.54 ,  'r':  0.4 ,  'type':  1}]
61080,1398777795.6636603,[{'idp':  64 ,  'x':  4.11 ,  'y':  -0.17 ,  'r':  0.4 ,  'type':  1} ,  {'idp':  65 ,  'x':  4.23 ,  'y':  -1.3 ,  'r':  0.4 ,  'type':  1} ,  {'idp':  66 ,  'x':  6.67 ,  'y':  -3.57 ,  'r':  0.4 ,  'type':  1} ,  {'idp':  67 ,  'x':  4.58 ,  'y':  -2.52 ,  'r':  0.4 ,  'type':  1}]
61081,1398777795.671516,[{'idp':  64 ,  'x':  4.12 ,  'y':  -0.13 ,  'r':  0.4 ,  'type':  1} ,  {'idp':  65 ,  'x':  4.23 ,  'y':  -1.27 ,  'r':  0.4 ,  'type':  1} ,  {'idp':  66 ,  'x':  6.73 ,  'y':  -3.54 ,  'r':  0.4 ,  'type':  1} ,  {'idp':  67 ,  'x':  4.59 ,  'y':  -2.49 ,  'r':  0.4 ,  'type':  1}]
61082,1398777795.7076252,[{'idp':  64 ,  'x':  4.12 ,  'y':  -0.07 ,  'r':  0.4 ,  'type':  1} ,  {'idp':  65 ,  'x':  4.24 ,  'y':  -1.21 ,  'r':  0.4 ,  'type':  1} ,  {'idp':  66 ,  'x':  6.79 ,  'y':  -3.47 ,  'r':  0.4 ,  'type':  1} ,  {'idp':  67 ,  'x':  4.64 ,  'y':  -2.43 ,  'r':  0.4 ,  'type':  1}]
61083,1398777795.747542,[{'idp':  64 ,  'x':  4.13 ,  'y':  -0.03 ,  'r':  0.4 ,  'type':  1} ,  {'idp':  65 ,  'x':  4.26 ,  'y':  -1.16 ,  'r':  0.4 ,  'type':  1} ,  {'idp':  66 ,  'x':  6.83 ,  'y':  -3.44 ,  'r':  0.4 ,  'type':  1} ,  {'idp':  67 ,  'x':  4.69 ,  'y':  -2.38 ,  'r':  0.4 ,  'type':  1}]
61084,1398777795.7475734,[{'idp':  64 ,  'x':  4.13 ,  'y':  0.01 ,  'r':  0.4 ,  'type':  1} ,  {'idp':  65 ,  'x':  4.26 ,  'y':  -1.14 ,  'r':  0.4 ,  'type':  1} ,  {'idp':  66 ,  'x':  6.87 ,  'y':  -3.39 ,  'r':  0.4 ,  'type':  1} ,  {'idp':  67 ,  'x':  4.72 ,  'y':  -2.32 ,  'r':  0.4 ,  'type':  1}]
61085,1398777795.7876127,[{'idp':  64 ,  'x':  4.14 ,  'y':  0.03 ,  'r':  0.4 ,  'type':  1} ,  {'idp':  65 ,  'x':  4.27 ,  'y':  -1.14 ,  'r':  0.4 ,  'type':  1} ,  {'idp':  66 ,  'x':  6.95 ,  'y':  -3.35 ,  'r':  0.4 ,  'type':  1} ,  {'idp':  67 ,  'x':  4.75 ,  'y':  -2.3 ,  'r':  0.4 ,  'type':  1}]
61086,1398777795.7975197,[{'idp':  64 ,  'x':  4.15 ,  'y':  0.05 ,  'r':  0.4 ,  'type':  1} ,  {'idp':  65 ,  'x':  4.27 ,  'y':  -1.13 ,  'r':  0.4 ,  'type':  1} ,  {'idp':  66 ,  'x':  7.03 ,  'y':  -3.31 ,  'r':  0.4 ,  'type':  1} ,  {'idp':  67 ,  'x':  4.75 ,  'y':  -2.28 ,  'r':  0.4 ,  'type':  1}]
61087,1398777795.8355927,[{'idp':  64 ,  'x':  4.15 ,  'y':  0.07 ,  'r':  0.4 ,  'type':  1} ,  {'idp':  65 ,  'x':  4.27 ,  'y':  -1.12 ,  'r':  0.4 ,  'type':  1} ,  {'idp':  66 ,  'x':  7.07 ,  'y':  -3.32 ,  'r':  0.4 ,  'type':  1} ,  {'idp':  67 ,  'x':  4.8 ,  'y':  -2.26 ,  'r':  0.4 ,  'type':  1}]
61088,1398777795.8756037,[{'idp':  64 ,  'x':  4.16 ,  'y':  0.08 ,  'r':  0.4 ,  'type':  1} ,  {'idp':  65 ,  'x':  4.27 ,  'y':  -1.1 ,  'r':  0.4 ,  'type':  1} ,  {'idp':  66 ,  'x':  7.12 ,  'y':  -3.28 ,  'r':  0.4 ,  'type':  1} ,  {'idp':  67 ,  'x':  4.83 ,  'y':  -2.23 ,  'r':  0.4 ,  'type':  1}]
61089,1398777795.875635,[{'idp':  64 ,  'x':  4.17 ,  'y':  0.13 ,  'r':  0.4 ,  'type':  1} ,  {'idp':  65 ,  'x':  4.29 ,  'y':  -1.06 ,  'r':  0.4 ,  'type':  1} ,  {'idp':  66 ,  'x':  7.19 ,  'y':  -3.22 ,  'r':  0.4 ,  'type':  1} ,  {'idp':  67 ,  'x':  4.89 ,  'y':  -2.19 ,  'r':  0.4 ,  'type':  1}]
61090,1398777795.9156015,[{'idp':  64 ,  'x':  4.18 ,  'y':  0.14 ,  'r':  0.4 ,  'type':  1} ,  {'idp':  65 ,  'x':  4.29 ,  'y':  -1.06 ,  'r':  0.4 ,  'type':  1} ,  {'idp':  66 ,  'x':  7.19 ,  'y':  -3.22 ,  'r':  0.4 ,  'type':  1} ,  {'idp':  67 ,  'x':  4.92 ,  'y':  -2.18 ,  'r':  0.4 ,  'type':  1}]
61091,1398777795.922523,[{'idp':  64 ,  'x':  4.18 ,  'y':  0.12 ,  'r':  0.4 ,  'type':  1} ,  {'idp':  65 ,  'x':  4.29 ,  'y':  -1.08 ,  'r':  0.4 ,  'type':  1} ,  {'idp':  66 ,  'x':  7.19 ,  'y':  -3.22 ,  'r':  0.4 ,  'type':  1} ,  {'idp':  67 ,  'x':  4.92 ,  'y':  -2.19 ,  'r':  0.4 ,  'type':  1}]
61092,1398777795.959636,[{'idp':  64 ,  'x':  4.2 ,  'y':  0.11 ,  'r':  0.4 ,  'type':  1} ,  {'idp':  65 ,  'x':  4.29 ,  'y':  -1.09 ,  'r':  0.4 ,  'type':  1} ,  {'idp':  66 ,  'x':  7.19 ,  'y':  -3.22 ,  'r':  0.4 ,  'type':  1} ,  {'idp':  67 ,  'x':  4.93 ,  'y':  -2.21 ,  'r':  0.4 ,  'type':  1}]
61093,1398777795.9995916,[{'idp':  64 ,  'x':  4.21 ,  'y':  0.12 ,  'r':  0.4 ,  'type':  1} ,  {'idp':  65 ,  'x':  4.3 ,  'y':  -1.09 ,  'r':  0.4 ,  'type':  1} ,  {'idp':  66 ,  'x':  7.19 ,  'y':  -3.22 ,  'r':  0.4 ,  'type':  1} ,  {'idp':  67 ,  'x':  4.92 ,  'y':  -2.19 ,  'r':  0.4 ,  'type':  1}]
61094,1398777795.9996226,[{'idp':  64 ,  'x':  4.22 ,  'y':  0.16 ,  'r':  0.4 ,  'type':  1} ,  {'idp':  65 ,  'x':  4.3 ,  'y':  -1.09 ,  'r':  0.4 ,  'type':  1} ,  {'idp':  66 ,  'x':  7.19 ,  'y':  -3.22 ,  'r':  0.4 ,  'type':  1} ,  {'idp':  67 ,  'x':  4.93 ,  'y':  -2.16 ,  'r':  0.4 ,  'type':  1}]
61095,1398777796.039601,[{'idp':  64 ,  'x':  4.22 ,  'y':  0.16 ,  'r':  0.4 ,  'type':  1} ,  {'idp':  65 ,  'x':  4.3 ,  'y':  -1.08 ,  'r':  0.4 ,  'type':  1} ,  {'idp':  66 ,  'x':  7.19 ,  'y':  -3.22 ,  'r':  0.4 ,  'type':  1} ,  {'idp':  67 ,  'x':  4.94 ,  'y':  -2.15 ,  'r':  0.4 ,  'type':  1}]
61096,1398777796.0486126,[{'idp':  64 ,  'x':  4.23 ,  'y':  0.16 ,  'r':  0.4 ,  'type':  1} ,  {'idp':  65 ,  'x':  4.3 ,  'y':  -1.07 ,  'r':  0.4 ,  'type':  1} ,  {'idp':  66 ,  'x':  7.42 ,  'y':  -2.96 ,  'r':  0.4 ,  'type':  1} ,  {'idp':  67 ,  'x':  4.94 ,  'y':  -2.14 ,  'r':  0.4 ,  'type':  1}]
61097,1398777796.0875874,[{'idp':  64 ,  'x':  4.22 ,  'y':  0.18 ,  'r':  0.4 ,  'type':  1} ,  {'idp':  65 ,  'x':  4.31 ,  'y':  -1.08 ,  'r':  0.4 ,  'type':  1} ,  {'idp':  66 ,  'x':  7.4 ,  'y':  -2.93 ,  'r':  0.4 ,  'type':  1} ,  {'idp':  67 ,  'x':  4.96 ,  'y':  -2.13 ,  'r':  0.4 ,  'type':  1}]
61098,1398777796.1276119,[{'idp':  64 ,  'x':  4.23 ,  'y':  0.19 ,  'r':  0.4 ,  'type':  1} ,  {'idp':  65 ,  'x':  4.32 ,  'y':  -1.07 ,  'r':  0.4 ,  'type':  1} ,  {'idp':  66 ,  'x':  7.41 ,  'y':  -2.9 ,  'r':  0.4 ,  'type':  1} ,  {'idp':  67 ,  'x':  4.98 ,  'y':  -2.1 ,  'r':  0.4 ,  'type':  1}]
61099,1398777796.127643,[{'idp':  64 ,  'x':  4.24 ,  'y':  0.19 ,  'r':  0.4 ,  'type':  1} ,  {'idp':  65 ,  'x':  4.32 ,  'y':  -1.06 ,  'r':  0.4 ,  'type':  1} ,  {'idp':  66 ,  'x':  7.37 ,  'y':  -2.89 ,  'r':  0.4 ,  'type':  1} ,  {'idp':  67 ,  'x':  4.98 ,  'y':  -2.09 ,  'r':  0.4 ,  'type':  1}]
61100,1398777796.1676013,[{'idp':  64 ,  'x':  4.22 ,  'y':  0.2 ,  'r':  0.4 ,  'type':  1} ,  {'idp':  65 ,  'x':  4.33 ,  'y':  -1.07 ,  'r':  0.4 ,  'type':  1} ,  {'idp':  66 ,  'x':  7.25 ,  'y':  -2.84 ,  'r':  0.4 ,  'type':  1} ,  {'idp':  67 ,  'x':  4.98 ,  'y':  -2.09 ,  'r':  0.4 ,  'type':  1}]
61101,1398777796.1734536,[{'idp':  64 ,  'x':  4.22 ,  'y':  0.18 ,  'r':  0.4 ,  'type':  1} ,  {'idp':  65 ,  'x':  4.33 ,  'y':  -1.09 ,  'r':  0.4 ,  'type':  1} ,  {'idp':  66 ,  'x':  7.15 ,  'y':  -2.84 ,  'r':  0.4 ,  'type':  1} ,  {'idp':  67 ,  'x':  4.94 ,  'y':  -2.08 ,  'r':  0.4 ,  'type':  1}]
61102,1398777796.2116096,[{'idp':  64 ,  'x':  4.22 ,  'y':  0.18 ,  'r':  0.4 ,  'type':  1} ,  {'idp':  65 ,  'x':  4.35 ,  'y':  -1.1 ,  'r':  0.4 ,  'type':  1} ,  {'idp':  66 ,  'x':  7.22 ,  'y':  -2.88 ,  'r':  0.4 ,  'type':  1} ,  {'idp':  67 ,  'x':  4.88 ,  'y':  -2.07 ,  'r':  0.4 ,  'type':  1}]
61103,1398777796.2515986,[{'idp':  64 ,  'x':  4.22 ,  'y':  0.19 ,  'r':  0.4 ,  'type':  1} ,  {'idp':  65 ,  'x':  4.35 ,  'y':  -1.09 ,  'r':  0.4 ,  'type':  1} ,  {'idp':  66 ,  'x':  7.22 ,  'y':  -2.84 ,  'r':  0.4 ,  'type':  1} ,  {'idp':  67 ,  'x':  4.96 ,  'y':  -2.07 ,  'r':  0.4 ,  'type':  1}]
61104,1398777796.2516294,[{'idp':  64 ,  'x':  4.2 ,  'y':  0.23 ,  'r':  0.4 ,  'type':  1} ,  {'idp':  65 ,  'x':  4.36 ,  'y':  -1.07 ,  'r':  0.4 ,  'type':  1} ,  {'idp':  66 ,  'x':  7.19 ,  'y':  -2.78 ,  'r':  0.4 ,  'type':  1} ,  {'idp':  67 ,  'x':  4.97 ,  'y':  -2.04 ,  'r':  0.4 ,  'type':  1}]
61105,1398777796.2916048,[{'idp':  64 ,  'x':  4.19 ,  'y':  0.25 ,  'r':  0.4 ,  'type':  1} ,  {'idp':  65 ,  'x':  4.38 ,  'y':  -1.03 ,  'r':  0.4 ,  'type':  1} ,  {'idp':  66 ,  'x':  7.26 ,  'y':  -2.73 ,  'r':  0.4 ,  'type':  1} ,  {'idp':  67 ,  'x':  4.97 ,  'y':  -2.02 ,  'r':  0.4 ,  'type':  1}]
61106,1398777796.3002434,[{'idp':  64 ,  'x':  4.19 ,  'y':  0.24 ,  'r':  0.4 ,  'type':  1} ,  {'idp':  65 ,  'x':  4.38 ,  'y':  -1.03 ,  'r':  0.4 ,  'type':  1} ,  {'idp':  66 ,  'x':  7.3 ,  'y':  -2.71 ,  'r':  0.4 ,  'type':  1} ,  {'idp':  67 ,  'x':  5.01 ,  'y':  -2.01 ,  'r':  0.4 ,  'type':  1}]
61107,1398777796.339582,[{'idp':  64 ,  'x':  4.16 ,  'y':  0.22 ,  'r':  0.4 ,  'type':  1} ,  {'idp':  65 ,  'x':  4.39 ,  'y':  -1.04 ,  'r':  0.4 ,  'type':  1} ,  {'idp':  66 ,  'x':  7.32 ,  'y':  -2.76 ,  'r':  0.4 ,  'type':  1} ,  {'idp':  67 ,  'x':  4.98 ,  'y':  -2.03 ,  'r':  0.4 ,  'type':  1}]
61108,1398777796.3795981,[{'idp':  64 ,  'x':  4.13 ,  'y':  0.2 ,  'r':  0.4 ,  'type':  1} ,  {'idp':  65 ,  'x':  4.4 ,  'y':  -1.05 ,  'r':  0.4 ,  'type':  1} ,  {'idp':  66 ,  'x':  7.35 ,  'y':  -2.77 ,  'r':  0.4 ,  'type':  1} ,  {'idp':  67 ,  'x':  5.01 ,  'y':  -2.04 ,  'r':  0.4 ,  'type':  1}]
61109,1398777796.3796346,[{'idp':  64 ,  'x':  4.08 ,  'y':  0.19 ,  'r':  0.4 ,  'type':  1} ,  {'idp':  65 ,  'x':  4.4 ,  'y':  -1.07 ,  'r':  0.4 ,  'type':  1} ,  {'idp':  66 ,  'x':  7.4 ,  'y':  -2.79 ,  'r':  0.4 ,  'type':  1} ,  {'idp':  67 ,  'x':  5.01 ,  'y':  -2.05 ,  'r':  0.4 ,  'type':  1}]
61110,1398777796.4196758,[{'idp':  64 ,  'x':  4.06 ,  'y':  0.18 ,  'r':  0.4 ,  'type':  1} ,  {'idp':  65 ,  'x':  4.39 ,  'y':  -1.06 ,  'r':  0.4 ,  'type':  1} ,  {'idp':  66 ,  'x':  7.47 ,  'y':  -2.79 ,  'r':  0.4 ,  'type':  1} ,  {'idp':  67 ,  'x':  4.99 ,  'y':  -2.03 ,  'r':  0.4 ,  'type':  1}]
61111,1398777796.4240355,[{'idp':  64 ,  'x':  4.09 ,  'y':  0.19 ,  'r':  0.4 ,  'type':  1} ,  {'idp':  65 ,  'x':  4.41 ,  'y':  -1.02 ,  'r':  0.4 ,  'type':  1} ,  {'idp':  66 ,  'x':  7.52 ,  'y':  -2.76 ,  'r':  0.4 ,  'type':  1} ,  {'idp':  67 ,  'x':  5.0 ,  'y':  -1.99 ,  'r':  0.4 ,  'type':  1}]
61112,1398777796.463607,[{'idp':  64 ,  'x':  4.16 ,  'y':  0.19 ,  'r':  0.4 ,  'type':  1} ,  {'idp':  65 ,  'x':  4.4 ,  'y':  -0.98 ,  'r':  0.4 ,  'type':  1} ,  {'idp':  66 ,  'x':  7.58 ,  'y':  -2.74 ,  'r':  0.4 ,  'type':  1} ,  {'idp':  67 ,  'x':  4.99 ,  'y':  -1.96 ,  'r':  0.4 ,  'type':  1}]
61113,1398777796.5035691,[{'idp':  64 ,  'x':  4.18 ,  'y':  0.17 ,  'r':  0.4 ,  'type':  1} ,  {'idp':  65 ,  'x':  4.41 ,  'y':  -0.95 ,  'r':  0.4 ,  'type':  1} ,  {'idp':  66 ,  'x':  7.64 ,  'y':  -2.72 ,  'r':  0.4 ,  'type':  1} ,  {'idp':  67 ,  'x':  5.08 ,  'y':  -1.99 ,  'r':  0.4 ,  'type':  1}]
61114,1398777796.5035987,[{'idp':  64 ,  'x':  4.2 ,  'y':  0.14 ,  'r':  0.4 ,  'type':  1} ,  {'idp':  65 ,  'x':  4.4 ,  'y':  -0.94 ,  'r':  0.4 ,  'type':  1} ,  {'idp':  66 ,  'x':  7.67 ,  'y':  -2.75 ,  'r':  0.4 ,  'type':  1} ,  {'idp':  67 ,  'x':  5.17 ,  'y':  -2.04 ,  'r':  0.4 ,  'type':  1}]
61115,1398777796.5436115,[{'idp':  64 ,  'x':  4.23 ,  'y':  0.1 ,  'r':  0.4 ,  'type':  1} ,  {'idp':  65 ,  'x':  4.4 ,  'y':  -0.93 ,  'r':  0.4 ,  'type':  1} ,  {'idp':  66 ,  'x':  7.68 ,  'y':  -2.78 ,  'r':  0.4 ,  'type':  1} ,  {'idp':  67 ,  'x':  5.21 ,  'y':  -2.08 ,  'r':  0.4 ,  'type':  1}]
61116,1398777796.5502474,[{'idp':  64 ,  'x':  4.25 ,  'y':  0.06 ,  'r':  0.4 ,  'type':  1} ,  {'idp':  65 ,  'x':  4.34 ,  'y':  -0.94 ,  'r':  0.4 ,  'type':  1} ,  {'idp':  66 ,  'x':  7.67 ,  'y':  -2.83 ,  'r':  0.4 ,  'type':  1} ,  {'idp':  67 ,  'x':  5.22 ,  'y':  -2.11 ,  'r':  0.4 ,  'type':  1}]
61117,1398777796.5876079,[{'idp':  64 ,  'x':  4.27 ,  'y':  0.03 ,  'r':  0.4 ,  'type':  1} ,  {'idp':  65 ,  'x':  4.4 ,  'y':  -0.98 ,  'r':  0.4 ,  'type':  1} ,  {'idp':  66 ,  'x':  7.69 ,  'y':  -2.89 ,  'r':  0.4 ,  'type':  1} ,  {'idp':  67 ,  'x':  5.22 ,  'y':  -2.15 ,  'r':  0.4 ,  'type':  1}]
61118,1398777796.6276112,[{'idp':  64 ,  'x':  4.29 ,  'y':  0.0 ,  'r':  0.4 ,  'type':  1} ,  {'idp':  65 ,  'x':  4.44 ,  'y':  -0.99 ,  'r':  0.4 ,  'type':  1} ,  {'idp':  66 ,  'x':  7.69 ,  'y':  -2.92 ,  'r':  0.4 ,  'type':  1} ,  {'idp':  67 ,  'x':  5.24 ,  'y':  -2.17 ,  'r':  0.4 ,  'type':  1}]
61119,1398777796.6276262,[{'idp':  64 ,  'x':  4.3 ,  'y':  0.02 ,  'r':  0.4 ,  'type':  1} ,  {'idp':  65 ,  'x':  4.47 ,  'y':  -0.95 ,  'r':  0.4 ,  'type':  1} ,  {'idp':  66 ,  'x':  7.69 ,  'y':  -2.92 ,  'r':  0.4 ,  'type':  1} ,  {'idp':  67 ,  'x':  5.27 ,  'y':  -2.14 ,  'r':  0.4 ,  'type':  1}]
61120,1398777796.6676366,[{'idp':  64 ,  'x':  4.31 ,  'y':  0.03 ,  'r':  0.4 ,  'type':  1} ,  {'idp':  65 ,  'x':  4.51 ,  'y':  -0.94 ,  'r':  0.4 ,  'type':  1} ,  {'idp':  66 ,  'x':  7.69 ,  'y':  -2.92 ,  'r':  0.4 ,  'type':  1} ,  {'idp':  67 ,  'x':  5.3 ,  'y':  -2.13 ,  'r':  0.4 ,  'type':  1}]
61121,1398777796.6756074,[{'idp':  64 ,  'x':  4.33 ,  'y':  0.03 ,  'r':  0.4 ,  'type':  1} ,  {'idp':  65 ,  'x':  4.53 ,  'y':  -0.93 ,  'r':  0.4 ,  'type':  1} ,  {'idp':  66 ,  'x':  7.69 ,  'y':  -2.92 ,  'r':  0.4 ,  'type':  1} ,  {'idp':  67 ,  'x':  5.33 ,  'y':  -2.11 ,  'r':  0.4 ,  'type':  1}]
61122,1398777796.7156045,[{'idp':  64 ,  'x':  4.33 ,  'y':  0.03 ,  'r':  0.4 ,  'type':  1} ,  {'idp':  65 ,  'x':  4.55 ,  'y':  -0.93 ,  'r':  0.4 ,  'type':  1} ,  {'idp':  66 ,  'x':  7.69 ,  'y':  -2.92 ,  'r':  0.4 ,  'type':  1} ,  {'idp':  67 ,  'x':  5.34 ,  'y':  -2.1 ,  'r':  0.4 ,  'type':  1}]
61123,1398777796.7555718,[{'idp':  64 ,  'x':  4.34 ,  'y':  0.02 ,  'r':  0.4 ,  'type':  1} ,  {'idp':  65 ,  'x':  4.55 ,  'y':  -0.96 ,  'r':  0.4 ,  'type':  1} ,  {'idp':  66 ,  'x':  7.65 ,  'y':  -3.03 ,  'r':  0.4 ,  'type':  1} ,  {'idp':  67 ,  'x':  5.33 ,  'y':  -2.13 ,  'r':  0.4 ,  'type':  1}]
61124,1398777796.7556014,[{'idp':  64 ,  'x':  4.34 ,  'y':  -0.01 ,  'r':  0.4 ,  'type':  1} ,  {'idp':  65 ,  'x':  4.55 ,  'y':  -0.97 ,  'r':  0.4 ,  'type':  1} ,  {'idp':  66 ,  'x':  7.65 ,  'y':  -3.03 ,  'r':  0.4 ,  'type':  1} ,  {'idp':  67 ,  'x':  5.34 ,  'y':  -2.13 ,  'r':  0.4 ,  'type':  1}]
61125,1398777796.795585,[{'idp':  64 ,  'x':  4.35 ,  'y':  -0.04 ,  'r':  0.4 ,  'type':  1} ,  {'idp':  65 ,  'x':  4.55 ,  'y':  -1.01 ,  'r':  0.4 ,  'type':  1} ,  {'idp':  66 ,  'x':  7.65 ,  'y':  -3.03 ,  'r':  0.4 ,  'type':  1} ,  {'idp':  67 ,  'x':  5.33 ,  'y':  -2.17 ,  'r':  0.4 ,  'type':  1}]
61126,1398777796.8009098,[{'idp':  64 ,  'x':  4.36 ,  'y':  -0.08 ,  'r':  0.4 ,  'type':  1} ,  {'idp':  65 ,  'x':  4.56 ,  'y':  -1.04 ,  'r':  0.4 ,  'type':  1} ,  {'idp':  66 ,  'x':  7.75 ,  'y':  -3.21 ,  'r':  0.4 ,  'type':  1} ,  {'idp':  67 ,  'x':  5.34 ,  'y':  -2.21 ,  'r':  0.4 ,  'type':  1}]
61127,1398777796.839503,[{'idp':  64 ,  'x':  4.38 ,  'y':  -0.1 ,  'r':  0.4 ,  'type':  1} ,  {'idp':  65 ,  'x':  4.56 ,  'y':  -1.05 ,  'r':  0.4 ,  'type':  1} ,  {'idp':  66 ,  'x':  7.71 ,  'y':  -3.21 ,  'r':  0.4 ,  'type':  1} ,  {'idp':  67 ,  'x':  5.35 ,  'y':  -2.23 ,  'r':  0.4 ,  'type':  1}]
61128,1398777796.8796244,[{'idp':  64 ,  'x':  4.39 ,  'y':  -0.09 ,  'r':  0.4 ,  'type':  1} ,  {'idp':  65 ,  'x':  4.57 ,  'y':  -1.04 ,  'r':  0.4 ,  'type':  1} ,  {'idp':  66 ,  'x':  7.7 ,  'y':  -3.17 ,  'r':  0.4 ,  'type':  1} ,  {'idp':  67 ,  'x':  5.36 ,  'y':  -2.2 ,  'r':  0.4 ,  'type':  1}]
61129,1398777796.8796601,[{'idp':  64 ,  'x':  4.41 ,  'y':  -0.07 ,  'r':  0.4 ,  'type':  1} ,  {'idp':  65 ,  'x':  4.58 ,  'y':  -1.01 ,  'r':  0.4 ,  'type':  1} ,  {'idp':  66 ,  'x':  7.72 ,  'y':  -3.12 ,  'r':  0.4 ,  'type':  1} ,  {'idp':  67 ,  'x':  5.36 ,  'y':  -2.18 ,  'r':  0.4 ,  'type':  1}]
61130,1398777796.9196823,[{'idp':  64 ,  'x':  4.42 ,  'y':  -0.07 ,  'r':  0.4 ,  'type':  1} ,  {'idp':  65 ,  'x':  4.59 ,  'y':  -0.99 ,  'r':  0.4 ,  'type':  1} ,  {'idp':  66 ,  'x':  7.72 ,  'y':  -3.1 ,  'r':  0.4 ,  'type':  1} ,  {'idp':  67 ,  'x':  5.39 ,  'y':  -2.15 ,  'r':  0.4 ,  'type':  1}]
61131,1398777796.9266233,[{'idp':  64 ,  'x':  4.46 ,  'y':  -0.09 ,  'r':  0.4 ,  'type':  1} ,  {'idp':  65 ,  'x':  4.57 ,  'y':  -1.01 ,  'r':  0.4 ,  'type':  1} ,  {'idp':  66 ,  'x':  7.72 ,  'y':  -3.1 ,  'r':  0.4 ,  'type':  1} ,  {'idp':  67 ,  'x':  5.39 ,  'y':  -2.16 ,  'r':  0.4 ,  'type':  1}]
61132,1398777796.9636402,[{'idp':  64 ,  'x':  4.48 ,  'y':  -0.13 ,  'r':  0.4 ,  'type':  1} ,  {'idp':  65 ,  'x':  4.59 ,  'y':  -1.03 ,  'r':  0.4 ,  'type':  1} ,  {'idp':  66 ,  'x':  7.7 ,  'y':  -3.17 ,  'r':  0.4 ,  'type':  1} ,  {'idp':  67 ,  'x':  5.39 ,  'y':  -2.2 ,  'r':  0.4 ,  'type':  1}]
61133,1398777797.0036123,[{'idp':  64 ,  'x':  4.5 ,  'y':  -0.16 ,  'r':  0.4 ,  'type':  1} ,  {'idp':  65 ,  'x':  4.58 ,  'y':  -1.06 ,  'r':  0.4 ,  'type':  1} ,  {'idp':  66 ,  'x':  7.7 ,  'y':  -3.17 ,  'r':  0.4 ,  'type':  1} ,  {'idp':  67 ,  'x':  5.39 ,  'y':  -2.23 ,  'r':  0.4 ,  'type':  1}]
61134,1398777797.0036426,[{'idp':  64 ,  'x':  4.49 ,  'y':  -0.16 ,  'r':  0.4 ,  'type':  1} ,  {'idp':  65 ,  'x':  4.6 ,  'y':  -1.06 ,  'r':  0.4 ,  'type':  1} ,  {'idp':  66 ,  'x':  7.65 ,  'y':  -3.19 ,  'r':  0.4 ,  'type':  1} ,  {'idp':  67 ,  'x':  5.41 ,  'y':  -2.24 ,  'r':  0.4 ,  'type':  1}]
61135,1398777797.0436456,[{'idp':  64 ,  'x':  4.49 ,  'y':  -0.15 ,  'r':  0.4 ,  'type':  1} ,  {'idp':  65 ,  'x':  4.61 ,  'y':  -1.04 ,  'r':  0.4 ,  'type':  1} ,  {'idp':  66 ,  'x':  7.69 ,  'y':  -3.27 ,  'r':  0.4 ,  'type':  1} ,  {'idp':  67 ,  'x':  5.42 ,  'y':  -2.21 ,  'r':  0.4 ,  'type':  1}]
61136,1398777797.0558882,[{'idp':  64 ,  'x':  4.49 ,  'y':  -0.12 ,  'r':  0.4 ,  'type':  1} ,  {'idp':  65 ,  'x':  4.61 ,  'y':  -1.01 ,  'r':  0.4 ,  'type':  1} ,  {'idp':  66 ,  'x':  7.65 ,  'y':  -3.07 ,  'r':  0.4 ,  'type':  1} ,  {'idp':  67 ,  'x':  5.42 ,  'y':  -2.18 ,  'r':  0.4 ,  'type':  1}]
61137,1398777797.0956388,[{'idp':  64 ,  'x':  4.5 ,  'y':  -0.11 ,  'r':  0.4 ,  'type':  1} ,  {'idp':  65 ,  'x':  4.63 ,  'y':  -0.97 ,  'r':  0.4 ,  'type':  1} ,  {'idp':  66 ,  'x':  7.65 ,  'y':  -3.02 ,  'r':  0.4 ,  'type':  1} ,  {'idp':  67 ,  'x':  5.46 ,  'y':  -2.13 ,  'r':  0.4 ,  'type':  1}]
61138,1398777797.135564,[{'idp':  64 ,  'x':  4.49 ,  'y':  -0.11 ,  'r':  0.4 ,  'type':  1} ,  {'idp':  65 ,  'x':  4.63 ,  'y':  -0.95 ,  'r':  0.4 ,  'type':  1} ,  {'idp':  66 ,  'x':  7.68 ,  'y':  -2.95 ,  'r':  0.4 ,  'type':  1} ,  {'idp':  67 ,  'x':  5.47 ,  'y':  -2.11 ,  'r':  0.4 ,  'type':  1}]
61139,1398777797.135592,[{'idp':  64 ,  'x':  4.49 ,  'y':  -0.11 ,  'r':  0.4 ,  'type':  1} ,  {'idp':  65 ,  'x':  4.64 ,  'y':  -0.95 ,  'r':  0.4 ,  'type':  1} ,  {'idp':  66 ,  'x':  7.68 ,  'y':  -2.95 ,  'r':  0.4 ,  'type':  1} ,  {'idp':  67 ,  'x':  5.49 ,  'y':  -2.11 ,  'r':  0.4 ,  'type':  1}]
61140,1398777797.1756532,[{'idp':  64 ,  'x':  4.49 ,  'y':  -0.14 ,  'r':  0.4 ,  'type':  1} ,  {'idp':  65 ,  'x':  4.63 ,  'y':  -0.96 ,  'r':  0.4 ,  'type':  1} ,  {'idp':  66 ,  'x':  7.67 ,  'y':  -2.96 ,  'r':  0.4 ,  'type':  1} ,  {'idp':  67 ,  'x':  5.47 ,  'y':  -2.13 ,  'r':  0.4 ,  'type':  1}]
61141,1398777797.1767159,[{'idp':  64 ,  'x':  4.5 ,  'y':  -0.17 ,  'r':  0.4 ,  'type':  1} ,  {'idp':  65 ,  'x':  4.63 ,  'y':  -0.99 ,  'r':  0.4 ,  'type':  1} ,  {'idp':  66 ,  'x':  7.64 ,  'y':  -3.05 ,  'r':  0.4 ,  'type':  1} ,  {'idp':  67 ,  'x':  5.47 ,  'y':  -2.16 ,  'r':  0.4 ,  'type':  1}]
61142,1398777797.2157304,[{'idp':  64 ,  'x':  4.52 ,  'y':  -0.2 ,  'r':  0.4 ,  'type':  1} ,  {'idp':  65 ,  'x':  4.63 ,  'y':  -0.99 ,  'r':  0.4 ,  'type':  1} ,  {'idp':  66 ,  'x':  7.63 ,  'y':  -3.06 ,  'r':  0.4 ,  'type':  1} ,  {'idp':  67 ,  'x':  5.45 ,  'y':  -2.17 ,  'r':  0.4 ,  'type':  1}]
61143,1398777797.255586,[{'idp':  64 ,  'x':  4.53 ,  'y':  -0.18 ,  'r':  0.4 ,  'type':  1} ,  {'idp':  65 ,  'x':  4.61 ,  'y':  -0.98 ,  'r':  0.4 ,  'type':  1} ,  {'idp':  66 ,  'x':  7.64 ,  'y':  -3.03 ,  'r':  0.4 ,  'type':  1} ,  {'idp':  67 ,  'x':  5.43 ,  'y':  -2.14 ,  'r':  0.4 ,  'type':  1}]
61144,1398777797.2556221,[{'idp':  64 ,  'x':  4.55 ,  'y':  -0.14 ,  'r':  0.4 ,  'type':  1} ,  {'idp':  65 ,  'x':  4.63 ,  'y':  -0.92 ,  'r':  0.4 ,  'type':  1} ,  {'idp':  66 ,  'x':  7.64 ,  'y':  -3.03 ,  'r':  0.4 ,  'type':  1} ,  {'idp':  67 ,  'x':  5.48 ,  'y':  -2.12 ,  'r':  0.4 ,  'type':  1}]
61145,1398777797.295626,[{'idp':  64 ,  'x':  4.56 ,  'y':  -0.12 ,  'r':  0.4 ,  'type':  1} ,  {'idp':  65 ,  'x':  4.65 ,  'y':  -0.89 ,  'r':  0.4 ,  'type':  1} ,  {'idp':  66 ,  'x':  7.64 ,  'y':  -3.03 ,  'r':  0.4 ,  'type':  1} ,  {'idp':  67 ,  'x':  5.5 ,  'y':  -2.07 ,  'r':  0.4 ,  'type':  1}]
61146,1398777797.3022342,[{'idp':  64 ,  'x':  4.6 ,  'y':  -0.08 ,  'r':  0.4 ,  'type':  1} ,  {'idp':  65 ,  'x':  4.69 ,  'y':  -0.88 ,  'r':  0.4 ,  'type':  1} ,  {'idp':  66 ,  'x':  7.64 ,  'y':  -3.03 ,  'r':  0.4 ,  'type':  1} ,  {'idp':  67 ,  'x':  5.55 ,  'y':  -2.06 ,  'r':  0.4 ,  'type':  1}]
61147,1398777797.3395758,[{'idp':  64 ,  'x':  4.6 ,  'y':  -0.09 ,  'r':  0.4 ,  'type':  1} ,  {'idp':  65 ,  'x':  4.71 ,  'y':  -0.86 ,  'r':  0.4 ,  'type':  1} ,  {'idp':  66 ,  'x':  7.69 ,  'y':  -2.99 ,  'r':  0.4 ,  'type':  1} ,  {'idp':  67 ,  'x':  5.58 ,  'y':  -2.03 ,  'r':  0.4 ,  'type':  1}]
61148,1398777797.379556,[{'idp':  64 ,  'x':  4.62 ,  'y':  -0.09 ,  'r':  0.4 ,  'type':  1} ,  {'idp':  65 ,  'x':  4.74 ,  'y':  -0.87 ,  'r':  0.4 ,  'type':  1} ,  {'idp':  66 ,  'x':  7.73 ,  'y':  -3.0 ,  'r':  0.4 ,  'type':  1} ,  {'idp':  67 ,  'x':  5.6 ,  'y':  -2.04 ,  'r':  0.4 ,  'type':  1}]
61149,1398777797.3795862,[{'idp':  64 ,  'x':  4.63 ,  'y':  -0.11 ,  'r':  0.4 ,  'type':  1} ,  {'idp':  65 ,  'x':  4.75 ,  'y':  -0.89 ,  'r':  0.4 ,  'type':  1} ,  {'idp':  66 ,  'x':  7.76 ,  'y':  -3.04 ,  'r':  0.4 ,  'type':  1} ,  {'idp':  67 ,  'x':  5.6 ,  'y':  -2.05 ,  'r':  0.4 ,  'type':  1}]
61150,1398777797.4196048,[{'idp':  64 ,  'x':  4.64 ,  'y':  -0.14 ,  'r':  0.4 ,  'type':  1} ,  {'idp':  65 ,  'x':  4.76 ,  'y':  -0.94 ,  'r':  0.4 ,  'type':  1} ,  {'idp':  66 ,  'x':  7.75 ,  'y':  -3.09 ,  'r':  0.4 ,  'type':  1} ,  {'idp':  67 ,  'x':  5.57 ,  'y':  -2.08 ,  'r':  0.4 ,  'type':  1}]
61151,1398777797.4272368,[{'idp':  64 ,  'x':  4.65 ,  'y':  -0.17 ,  'r':  0.4 ,  'type':  1} ,  {'idp':  65 ,  'x':  4.77 ,  'y':  -0.96 ,  'r':  0.4 ,  'type':  1} ,  {'idp':  66 ,  'x':  7.69 ,  'y':  -3.11 ,  'r':  0.4 ,  'type':  1} ,  {'idp':  67 ,  'x':  5.5 ,  'y':  -2.07 ,  'r':  0.4 ,  'type':  1}]
61152,1398777797.4636347,[{'idp':  64 ,  'x':  4.65 ,  'y':  -0.17 ,  'r':  0.4 ,  'type':  1} ,  {'idp':  65 ,  'x':  4.79 ,  'y':  -0.97 ,  'r':  0.4 ,  'type':  1} ,  {'idp':  66 ,  'x':  7.76 ,  'y':  -3.13 ,  'r':  0.4 ,  'type':  1} ,  {'idp':  67 ,  'x':  5.51 ,  'y':  -2.07 ,  'r':  0.4 ,  'type':  1}]
61153,1398777797.5035696,[{'idp':  64 ,  'x':  4.66 ,  'y':  -0.15 ,  'r':  0.4 ,  'type':  1} ,  {'idp':  65 ,  'x':  4.81 ,  'y':  -0.95 ,  'r':  0.4 ,  'type':  1} ,  {'idp':  66 ,  'x':  7.82 ,  'y':  -3.12 ,  'r':  0.4 ,  'type':  1} ,  {'idp':  67 ,  'x':  5.55 ,  'y':  -2.06 ,  'r':  0.4 ,  'type':  1}]
61154,1398777797.5035965,[{'idp':  64 ,  'x':  4.66 ,  'y':  -0.13 ,  'r':  0.4 ,  'type':  1} ,  {'idp':  65 ,  'x':  4.82 ,  'y':  -0.93 ,  'r':  0.4 ,  'type':  1} ,  {'idp':  66 ,  'x':  7.96 ,  'y':  -3.25 ,  'r':  0.4 ,  'type':  1} ,  {'idp':  67 ,  'x':  5.6 ,  'y':  -2.04 ,  'r':  0.4 ,  'type':  1}]
61155,1398777797.5436256,[{'idp':  64 ,  'x':  4.71 ,  'y':  -0.09 ,  'r':  0.4 ,  'type':  1} ,  {'idp':  65 ,  'x':  4.83 ,  'y':  -0.91 ,  'r':  0.4 ,  'type':  1} ,  {'idp':  66 ,  'x':  7.94 ,  'y':  -3.28 ,  'r':  0.4 ,  'type':  1} ,  {'idp':  67 ,  'x':  5.64 ,  'y':  -2.01 ,  'r':  0.4 ,  'type':  1}]
61156,1398777797.553007,[{'idp':  64 ,  'x':  4.71 ,  'y':  -0.08 ,  'r':  0.4 ,  'type':  1} ,  {'idp':  65 ,  'x':  4.85 ,  'y':  -0.9 ,  'r':  0.4 ,  'type':  1} ,  {'idp':  66 ,  'x':  7.94 ,  'y':  -3.31 ,  'r':  0.4 ,  'type':  1} ,  {'idp':  67 ,  'x':  5.67 ,  'y':  -1.99 ,  'r':  0.4 ,  'type':  1}]
61157,1398777797.591598,[{'idp':  64 ,  'x':  4.7 ,  'y':  -0.07 ,  'r':  0.4 ,  'type':  1} ,  {'idp':  65 ,  'x':  4.86 ,  'y':  -0.88 ,  'r':  0.4 ,  'type':  1} ,  {'idp':  66 ,  'x':  7.94 ,  'y':  -3.29 ,  'r':  0.4 ,  'type':  1} ,  {'idp':  67 ,  'x':  5.69 ,  'y':  -1.97 ,  'r':  0.4 ,  'type':  1}]
61158,1398777797.6315587,[{'idp':  64 ,  'x':  4.73 ,  'y':  -0.05 ,  'r':  0.4 ,  'type':  1} ,  {'idp':  65 ,  'x':  4.87 ,  'y':  -0.86 ,  'r':  0.4 ,  'type':  1} ,  {'idp':  66 ,  'x':  7.96 ,  'y':  -3.3 ,  'r':  0.4 ,  'type':  1} ,  {'idp':  67 ,  'x':  5.66 ,  'y':  -1.95 ,  'r':  0.4 ,  'type':  1}]
61159,1398777797.6315866,[{'idp':  64 ,  'x':  4.74 ,  'y':  -0.03 ,  'r':  0.4 ,  'type':  1} ,  {'idp':  65 ,  'x':  4.88 ,  'y':  -0.84 ,  'r':  0.4 ,  'type':  1} ,  {'idp':  66 ,  'x':  7.98 ,  'y':  -3.29 ,  'r':  0.4 ,  'type':  1} ,  {'idp':  67 ,  'x':  5.66 ,  'y':  -1.92 ,  'r':  0.4 ,  'type':  1}]
61160,1398777797.6716788,[{'idp':  64 ,  'x':  4.75 ,  'y':  -0.01 ,  'r':  0.4 ,  'type':  1} ,  {'idp':  65 ,  'x':  4.91 ,  'y':  -0.84 ,  'r':  0.4 ,  'type':  1} ,  {'idp':  66 ,  'x':  7.98 ,  'y':  -3.28 ,  'r':  0.4 ,  'type':  1} ,  {'idp':  67 ,  'x':  5.65 ,  'y':  -1.89 ,  'r':  0.4 ,  'type':  1}]
61161,1398777797.679023,[{'idp':  64 ,  'x':  4.8 ,  'y':  0.01 ,  'r':  0.4 ,  'type':  1} ,  {'idp':  65 ,  'x':  4.95 ,  'y':  -0.84 ,  'r':  0.4 ,  'type':  1} ,  {'idp':  66 ,  'x':  7.97 ,  'y':  -3.27 ,  'r':  0.4 ,  'type':  1} ,  {'idp':  67 ,  'x':  5.67 ,  'y':  -1.87 ,  'r':  0.4 ,  'type':  1}]
61162,1398777797.7156148,[{'idp':  64 ,  'x':  4.81 ,  'y':  0.01 ,  'r':  0.4 ,  'type':  1} ,  {'idp':  65 ,  'x':  4.97 ,  'y':  -0.83 ,  'r':  0.4 ,  'type':  1} ,  {'idp':  66 ,  'x':  7.97 ,  'y':  -3.27 ,  'r':  0.4 ,  'type':  1} ,  {'idp':  67 ,  'x':  5.68 ,  'y':  -1.87 ,  'r':  0.4 ,  'type':  1}]
61163,1398777797.7556095,[{'idp':  64 ,  'x':  4.85 ,  'y':  0.03 ,  'r':  0.4 ,  'type':  1} ,  {'idp':  65 ,  'x':  5.01 ,  'y':  -0.84 ,  'r':  0.4 ,  'type':  1} ,  {'idp':  66 ,  'x':  7.92 ,  'y':  -3.26 ,  'r':  0.4 ,  'type':  1} ,  {'idp':  67 ,  'x':  5.77 ,  'y':  -1.89 ,  'r':  0.4 ,  'type':  1}]
61164,1398777797.7556424,[{'idp':  64 ,  'x':  4.87 ,  'y':  0.05 ,  'r':  0.4 ,  'type':  1} ,  {'idp':  65 ,  'x':  5.03 ,  'y':  -0.82 ,  'r':  0.4 ,  'type':  1} ,  {'idp':  66 ,  'x':  7.9 ,  'y':  -3.25 ,  'r':  0.4 ,  'type':  1} ,  {'idp':  67 ,  'x':  5.83 ,  'y':  -1.88 ,  'r':  0.4 ,  'type':  1}]
61165,1398777797.7955995,[{'idp':  64 ,  'x':  4.89 ,  'y':  0.1 ,  'r':  0.4 ,  'type':  1} ,  {'idp':  65 ,  'x':  5.06 ,  'y':  -0.78 ,  'r':  0.4 ,  'type':  1} ,  {'idp':  66 ,  'x':  7.9 ,  'y':  -3.21 ,  'r':  0.4 ,  'type':  1} ,  {'idp':  67 ,  'x':  5.9 ,  'y':  -1.86 ,  'r':  0.4 ,  'type':  1}]
61166,1398777797.8051283,[{'idp':  64 ,  'x':  4.91 ,  'y':  0.15 ,  'r':  0.4 ,  'type':  1} ,  {'idp':  65 ,  'x':  5.09 ,  'y':  -0.74 ,  'r':  0.4 ,  'type':  1} ,  {'idp':  66 ,  'x':  7.86 ,  'y':  -3.17 ,  'r':  0.4 ,  'type':  1} ,  {'idp':  67 ,  'x':  5.93 ,  'y':  -1.79 ,  'r':  0.4 ,  'type':  1}]
61167,1398777797.8436048,[{'idp':  64 ,  'x':  4.92 ,  'y':  0.21 ,  'r':  0.4 ,  'type':  1} ,  {'idp':  65 ,  'x':  5.12 ,  'y':  -0.7 ,  'r':  0.4 ,  'type':  1} ,  {'idp':  66 ,  'x':  7.73 ,  'y':  -3.18 ,  'r':  0.4 ,  'type':  1} ,  {'idp':  67 ,  'x':  5.98 ,  'y':  -1.73 ,  'r':  0.4 ,  'type':  1}]
61168,1398777797.883537,[{'idp':  64 ,  'x':  4.93 ,  'y':  0.27 ,  'r':  0.4 ,  'type':  1} ,  {'idp':  65 ,  'x':  5.14 ,  'y':  -0.65 ,  'r':  0.4 ,  'type':  1} ,  {'idp':  66 ,  'x':  7.66 ,  'y':  -3.21 ,  'r':  0.4 ,  'type':  1} ,  {'idp':  67 ,  'x':  6.0 ,  'y':  -1.66 ,  'r':  0.4 ,  'type':  1}]
61169,1398777797.8835704,[{'idp':  64 ,  'x':  4.95 ,  'y':  0.28 ,  'r':  0.4 ,  'type':  1} ,  {'idp':  65 ,  'x':  5.15 ,  'y':  -0.64 ,  'r':  0.4 ,  'type':  1} ,  {'idp':  66 ,  'x':  7.64 ,  'y':  -3.22 ,  'r':  0.4 ,  'type':  1} ,  {'idp':  67 ,  'x':  6.02 ,  'y':  -1.66 ,  'r':  0.4 ,  'type':  1}]
61170,1398777797.9236324,[{'idp':  64 ,  'x':  4.94 ,  'y':  0.29 ,  'r':  0.4 ,  'type':  1} ,  {'idp':  65 ,  'x':  5.18 ,  'y':  -0.65 ,  'r':  0.4 ,  'type':  1} ,  {'idp':  66 ,  'x':  7.64 ,  'y':  -3.22 ,  'r':  0.4 ,  'type':  1} ,  {'idp':  67 ,  'x':  6.04 ,  'y':  -1.66 ,  'r':  0.4 ,  'type':  1}]
61171,1398777797.9316056,[{'idp':  64 ,  'x':  4.96 ,  'y':  0.31 ,  'r':  0.4 ,  'type':  1} ,  {'idp':  65 ,  'x':  5.21 ,  'y':  -0.65 ,  'r':  0.4 ,  'type':  1} ,  {'idp':  66 ,  'x':  7.63 ,  'y':  -3.22 ,  'r':  0.4 ,  'type':  1} ,  {'idp':  67 ,  'x':  6.07 ,  'y':  -1.64 ,  'r':  0.4 ,  'type':  1}]
61172,1398777797.9717464,[{'idp':  64 ,  'x':  4.91 ,  'y':  0.34 ,  'r':  0.4 ,  'type':  1} ,  {'idp':  65 ,  'x':  5.24 ,  'y':  -0.63 ,  'r':  0.4 ,  'type':  1} ,  {'idp':  66 ,  'x':  7.65 ,  'y':  -3.21 ,  'r':  0.4 ,  'type':  1} ,  {'idp':  67 ,  'x':  6.1 ,  'y':  -1.62 ,  'r':  0.4 ,  'type':  1}]
61173,1398777798.0116577,[{'idp':  64 ,  'x':  4.86 ,  'y':  0.37 ,  'r':  0.4 ,  'type':  1} ,  {'idp':  65 ,  'x':  5.27 ,  'y':  -0.61 ,  'r':  0.4 ,  'type':  1} ,  {'idp':  66 ,  'x':  7.65 ,  'y':  -3.19 ,  'r':  0.4 ,  'type':  1} ,  {'idp':  67 ,  'x':  6.14 ,  'y':  -1.59 ,  'r':  0.4 ,  'type':  1}]
61174,1398777798.01173,[{'idp':  64 ,  'x':  4.84 ,  'y':  0.4 ,  'r':  0.4 ,  'type':  1} ,  {'idp':  65 ,  'x':  5.28 ,  'y':  -0.6 ,  'r':  0.4 ,  'type':  1} ,  {'idp':  67 ,  'x':  6.18 ,  'y':  -1.55 ,  'r':  0.4 ,  'type':  1} ,  {'idp':  68 ,  'x':  0.48 ,  'y':  -4.03 ,  'r':  0.4 ,  'type':  1}]
61175,1398777798.0517385,[{'idp':  64 ,  'x':  4.85 ,  'y':  0.45 ,  'r':  0.4 ,  'type':  1} ,  {'idp':  65 ,  'x':  5.32 ,  'y':  -0.56 ,  'r':  0.4 ,  'type':  1} ,  {'idp':  67 ,  'x':  6.21 ,  'y':  -1.52 ,  'r':  0.4 ,  'type':  1} ,  {'idp':  68 ,  'x':  0.32 ,  'y':  -4.05 ,  'r':  0.4 ,  'type':  1}]
61176,1398777798.057373,[{'idp':  64 ,  'x':  4.85 ,  'y':  0.48 ,  'r':  0.4 ,  'type':  1} ,  {'idp':  65 ,  'x':  5.33 ,  'y':  -0.53 ,  'r':  0.4 ,  'type':  1} ,  {'idp':  67 ,  'x':  6.24 ,  'y':  -1.48 ,  'r':  0.4 ,  'type':  1} ,  {'idp':  68 ,  'x':  0.36 ,  'y':  -4.05 ,  'r':  0.4 ,  'type':  1}]
61177,1398777798.0956738,[{'idp':  64 ,  'x':  4.87 ,  'y':  0.51 ,  'r':  0.4 ,  'type':  1} ,  {'idp':  65 ,  'x':  5.35 ,  'y':  -0.51 ,  'r':  0.4 ,  'type':  1} ,  {'idp':  67 ,  'x':  6.27 ,  'y':  -1.46 ,  'r':  0.4 ,  'type':  1} ,  {'idp':  68 ,  'x':  0.4 ,  'y':  -4.04 ,  'r':  0.4 ,  'type':  1}]
61178,1398777798.1356413,[{'idp':  64 ,  'x':  4.88 ,  'y':  0.52 ,  'r':  0.4 ,  'type':  1} ,  {'idp':  65 ,  'x':  5.36 ,  'y':  -0.5 ,  'r':  0.4 ,  'type':  1} ,  {'idp':  67 ,  'x':  6.3 ,  'y':  -1.44 ,  'r':  0.4 ,  'type':  1} ,  {'idp':  68 ,  'x':  0.42 ,  'y':  -4.03 ,  'r':  0.4 ,  'type':  1}]
61179,1398777798.135713,[{'idp':  64 ,  'x':  4.89 ,  'y':  0.56 ,  'r':  0.4 ,  'type':  1} ,  {'idp':  65 ,  'x':  5.37 ,  'y':  -0.5 ,  'r':  0.4 ,  'type':  1} ,  {'idp':  67 ,  'x':  6.32 ,  'y':  -1.44 ,  'r':  0.4 ,  'type':  1} ,  {'idp':  68 ,  'x':  0.44 ,  'y':  -4.03 ,  'r':  0.4 ,  'type':  1}]
61180,1398777798.1756794,[{'idp':  64 ,  'x':  4.9 ,  'y':  0.59 ,  'r':  0.4 ,  'type':  1} ,  {'idp':  65 ,  'x':  5.38 ,  'y':  -0.49 ,  'r':  0.4 ,  'type':  1} ,  {'idp':  67 ,  'x':  6.32 ,  'y':  -1.41 ,  'r':  0.4 ,  'type':  1} ,  {'idp':  68 ,  'x':  0.47 ,  'y':  -4.02 ,  'r':  0.4 ,  'type':  1}]
61181,1398777798.1826606,[{'idp':  64 ,  'x':  4.95 ,  'y':  0.62 ,  'r':  0.4 ,  'type':  1} ,  {'idp':  65 ,  'x':  5.4 ,  'y':  -0.48 ,  'r':  0.4 ,  'type':  1} ,  {'idp':  67 ,  'x':  6.34 ,  'y':  -1.39 ,  'r':  0.4 ,  'type':  1} ,  {'idp':  68 ,  'x':  0.51 ,  'y':  -4.01 ,  'r':  0.4 ,  'type':  1}]
61182,1398777798.21965,[{'idp':  64 ,  'x':  5.07 ,  'y':  0.64 ,  'r':  0.4 ,  'type':  1} ,  {'idp':  65 ,  'x':  5.41 ,  'y':  -0.47 ,  'r':  0.4 ,  'type':  1} ,  {'idp':  67 ,  'x':  6.36 ,  'y':  -1.36 ,  'r':  0.4 ,  'type':  1} ,  {'idp':  68 ,  'x':  0.53 ,  'y':  -3.99 ,  'r':  0.4 ,  'type':  1}]
61183,1398777798.2595422,[{'idp':  64 ,  'x':  5.1 ,  'y':  0.69 ,  'r':  0.4 ,  'type':  1} ,  {'idp':  65 ,  'x':  5.44 ,  'y':  -0.45 ,  'r':  0.4 ,  'type':  1} ,  {'idp':  67 ,  'x':  6.38 ,  'y':  -1.34 ,  'r':  0.4 ,  'type':  1} ,  {'idp':  68 ,  'x':  0.57 ,  'y':  -3.98 ,  'r':  0.4 ,  'type':  1}]
61184,1398777798.2595742,[{'idp':  64 ,  'x':  5.13 ,  'y':  0.75 ,  'r':  0.4 ,  'type':  1} ,  {'idp':  65 ,  'x':  5.5 ,  'y':  -0.42 ,  'r':  0.4 ,  'type':  1} ,  {'idp':  67 ,  'x':  6.4 ,  'y':  -1.3 ,  'r':  0.4 ,  'type':  1} ,  {'idp':  68 ,  'x':  0.61 ,  'y':  -3.97 ,  'r':  0.4 ,  'type':  1}]
61185,1398777798.2995763,[{'idp':  64 ,  'x':  5.17 ,  'y':  0.79 ,  'r':  0.4 ,  'type':  1} ,  {'idp':  65 ,  'x':  5.56 ,  'y':  -0.37 ,  'r':  0.4 ,  'type':  1} ,  {'idp':  67 ,  'x':  6.44 ,  'y':  -1.25 ,  'r':  0.4 ,  'type':  1} ,  {'idp':  68 ,  'x':  0.65 ,  'y':  -3.95 ,  'r':  0.4 ,  'type':  1}]
61186,1398777798.3064861,[{'idp':  64 ,  'x':  5.19 ,  'y':  0.84 ,  'r':  0.4 ,  'type':  1} ,  {'idp':  65 ,  'x':  5.58 ,  'y':  -0.35 ,  'r':  0.4 ,  'type':  1} ,  {'idp':  67 ,  'x':  6.47 ,  'y':  -1.23 ,  'r':  0.4 ,  'type':  1} ,  {'idp':  68 ,  'x':  0.69 ,  'y':  -3.9 ,  'r':  0.4 ,  'type':  1}]
61187,1398777798.3435996,[{'idp':  64 ,  'x':  5.22 ,  'y':  0.88 ,  'r':  0.4 ,  'type':  1} ,  {'idp':  65 ,  'x':  5.59 ,  'y':  -0.32 ,  'r':  0.4 ,  'type':  1} ,  {'idp':  67 ,  'x':  6.51 ,  'y':  -1.16 ,  'r':  0.4 ,  'type':  1} ,  {'idp':  68 ,  'x':  0.74 ,  'y':  -3.91 ,  'r':  0.4 ,  'type':  1}]
61188,1398777798.3836427,[{'idp':  64 ,  'x':  5.21 ,  'y':  0.95 ,  'r':  0.4 ,  'type':  1} ,  {'idp':  65 ,  'x':  5.59 ,  'y':  -0.27 ,  'r':  0.4 ,  'type':  1} ,  {'idp':  67 ,  'x':  6.51 ,  'y':  -1.1 ,  'r':  0.4 ,  'type':  1} ,  {'idp':  68 ,  'x':  0.79 ,  'y':  -3.91 ,  'r':  0.4 ,  'type':  1}]
61189,1398777798.3837202,[{'idp':  64 ,  'x':  5.22 ,  'y':  1.02 ,  'r':  0.4 ,  'type':  1} ,  {'idp':  65 ,  'x':  5.6 ,  'y':  -0.19 ,  'r':  0.4 ,  'type':  1} ,  {'idp':  67 ,  'x':  6.52 ,  'y':  -1.03 ,  'r':  0.4 ,  'type':  1} ,  {'idp':  68 ,  'x':  0.84 ,  'y':  -3.92 ,  'r':  0.4 ,  'type':  1}]
61190,1398777798.4236157,[{'idp':  64 ,  'x':  5.23 ,  'y':  1.08 ,  'r':  0.4 ,  'type':  1} ,  {'idp':  65 ,  'x':  5.61 ,  'y':  -0.13 ,  'r':  0.4 ,  'type':  1} ,  {'idp':  67 ,  'x':  6.56 ,  'y':  -0.95 ,  'r':  0.4 ,  'type':  1} ,  {'idp':  68 ,  'x':  0.89 ,  'y':  -3.9 ,  'r':  0.4 ,  'type':  1}]
61191,1398777798.4306304,[{'idp':  64 ,  'x':  5.24 ,  'y':  1.15 ,  'r':  0.4 ,  'type':  1} ,  {'idp':  65 ,  'x':  5.63 ,  'y':  -0.07 ,  'r':  0.4 ,  'type':  1} ,  {'idp':  67 ,  'x':  6.58 ,  'y':  -0.89 ,  'r':  0.4 ,  'type':  1} ,  {'idp':  68 ,  'x':  0.94 ,  'y':  -3.89 ,  'r':  0.4 ,  'type':  1}]
61192,1398777798.4676216,[{'idp':  64 ,  'x':  5.25 ,  'y':  1.24 ,  'r':  0.4 ,  'type':  1} ,  {'idp':  65 ,  'x':  5.65 ,  'y':  -0.02 ,  'r':  0.4 ,  'type':  1} ,  {'idp':  67 ,  'x':  6.61 ,  'y':  -0.84 ,  'r':  0.4 ,  'type':  1} ,  {'idp':  68 ,  'x':  0.98 ,  'y':  -3.87 ,  'r':  0.4 ,  'type':  1}]
61193,1398777798.5076165,[{'idp':  64 ,  'x':  5.27 ,  'y':  1.24 ,  'r':  0.4 ,  'type':  1} ,  {'idp':  65 ,  'x':  5.67 ,  'y':  -0.01 ,  'r':  0.4 ,  'type':  1} ,  {'idp':  67 ,  'x':  6.63 ,  'y':  -0.81 ,  'r':  0.4 ,  'type':  1} ,  {'idp':  68 ,  'x':  1.0 ,  'y':  -3.86 ,  'r':  0.4 ,  'type':  1}]
61194,1398777798.5077226,[{'idp':  64 ,  'x':  5.29 ,  'y':  1.25 ,  'r':  0.4 ,  'type':  1} ,  {'idp':  65 ,  'x':  5.69 ,  'y':  -0.01 ,  'r':  0.4 ,  'type':  1} ,  {'idp':  67 ,  'x':  6.66 ,  'y':  -0.82 ,  'r':  0.4 ,  'type':  1} ,  {'idp':  68 ,  'x':  1.01 ,  'y':  -3.85 ,  'r':  0.4 ,  'type':  1}]
61195,1398777798.5476394,[{'idp':  64 ,  'x':  5.29 ,  'y':  1.25 ,  'r':  0.4 ,  'type':  1} ,  {'idp':  65 ,  'x':  5.72 ,  'y':  -0.0 ,  'r':  0.4 ,  'type':  1} ,  {'idp':  67 ,  'x':  6.68 ,  'y':  -0.82 ,  'r':  0.4 ,  'type':  1} ,  {'idp':  68 ,  'x':  1.02 ,  'y':  -3.84 ,  'r':  0.4 ,  'type':  1}]
61196,1398777798.556002,[{'idp':  64 ,  'x':  5.33 ,  'y':  1.32 ,  'r':  0.4 ,  'type':  1} ,  {'idp':  65 ,  'x':  5.73 ,  'y':  0.04 ,  'r':  0.4 ,  'type':  1} ,  {'idp':  67 ,  'x':  6.71 ,  'y':  -0.8 ,  'r':  0.4 ,  'type':  1} ,  {'idp':  68 ,  'x':  1.03 ,  'y':  -3.84 ,  'r':  0.4 ,  'type':  1}]
61197,1398777798.5956144,[{'idp':  64 ,  'x':  5.32 ,  'y':  1.34 ,  'r':  0.4 ,  'type':  1} ,  {'idp':  65 ,  'x':  5.76 ,  'y':  0.09 ,  'r':  0.4 ,  'type':  1} ,  {'idp':  67 ,  'x':  6.74 ,  'y':  -0.74 ,  'r':  0.4 ,  'type':  1} ,  {'idp':  68 ,  'x':  1.07 ,  'y':  -3.8 ,  'r':  0.4 ,  'type':  1}]
61198,1398777798.6355908,[{'idp':  64 ,  'x':  5.31 ,  'y':  1.41 ,  'r':  0.4 ,  'type':  1} ,  {'idp':  65 ,  'x':  5.77 ,  'y':  0.16 ,  'r':  0.4 ,  'type':  1} ,  {'idp':  67 ,  'x':  6.76 ,  'y':  -0.65 ,  'r':  0.4 ,  'type':  1} ,  {'idp':  68 ,  'x':  1.11 ,  'y':  -3.77 ,  'r':  0.4 ,  'type':  1}]
61199,1398777798.6356175,[{'idp':  64 ,  'x':  5.3 ,  'y':  1.51 ,  'r':  0.4 ,  'type':  1} ,  {'idp':  65 ,  'x':  5.75 ,  'y':  0.26 ,  'r':  0.4 ,  'type':  1} ,  {'idp':  67 ,  'x':  6.77 ,  'y':  -0.53 ,  'r':  0.4 ,  'type':  1} ,  {'idp':  68 ,  'x':  1.16 ,  'y':  -3.76 ,  'r':  0.4 ,  'type':  1}]
61200,1398777798.675551,[{'idp':  64 ,  'x':  5.27 ,  'y':  1.59 ,  'r':  0.4 ,  'type':  1} ,  {'idp':  65 ,  'x':  5.74 ,  'y':  0.36 ,  'r':  0.4 ,  'type':  1} ,  {'idp':  67 ,  'x':  6.77 ,  'y':  -0.42 ,  'r':  0.4 ,  'type':  1} ,  {'idp':  68 ,  'x':  1.24 ,  'y':  -3.71 ,  'r':  0.4 ,  'type':  1}]
61201,1398777798.681748,[{'idp':  64 ,  'x':  5.27 ,  'y':  1.68 ,  'r':  0.4 ,  'type':  1} ,  {'idp':  65 ,  'x':  5.73 ,  'y':  0.45 ,  'r':  0.4 ,  'type':  1} ,  {'idp':  67 ,  'x':  6.78 ,  'y':  -0.31 ,  'r':  0.4 ,  'type':  1} ,  {'idp':  68 ,  'x':  1.29 ,  'y':  -3.68 ,  'r':  0.4 ,  'type':  1}]
61202,1398777798.7195792,[{'idp':  64 ,  'x':  5.26 ,  'y':  1.71 ,  'r':  0.4 ,  'type':  1} ,  {'idp':  65 ,  'x':  5.74 ,  'y':  0.49 ,  'r':  0.4 ,  'type':  1} ,  {'idp':  67 ,  'x':  6.81 ,  'y':  -0.28 ,  'r':  0.4 ,  'type':  1} ,  {'idp':  68 ,  'x':  1.33 ,  'y':  -3.66 ,  'r':  0.4 ,  'type':  1}]
61203,1398777798.7595673,[{'idp':  64 ,  'x':  5.25 ,  'y':  1.75 ,  'r':  0.4 ,  'type':  1} ,  {'idp':  65 ,  'x':  5.72 ,  'y':  0.52 ,  'r':  0.4 ,  'type':  1} ,  {'idp':  67 ,  'x':  6.85 ,  'y':  -0.26 ,  'r':  0.4 ,  'type':  1} ,  {'idp':  68 ,  'x':  1.35 ,  'y':  -3.64 ,  'r':  0.4 ,  'type':  1}]
61204,1398777798.759598,[{'idp':  64 ,  'x':  5.27 ,  'y':  1.82 ,  'r':  0.4 ,  'type':  1} ,  {'idp':  65 ,  'x':  5.72 ,  'y':  0.59 ,  'r':  0.4 ,  'type':  1} ,  {'idp':  67 ,  'x':  6.82 ,  'y':  -0.18 ,  'r':  0.4 ,  'type':  1} ,  {'idp':  68 ,  'x':  1.4 ,  'y':  -3.61 ,  'r':  0.4 ,  'type':  1}]
61205,1398777798.7996051,[{'idp':  64 ,  'x':  5.25 ,  'y':  1.86 ,  'r':  0.4 ,  'type':  1} ,  {'idp':  65 ,  'x':  5.74 ,  'y':  0.64 ,  'r':  0.4 ,  'type':  1} ,  {'idp':  67 ,  'x':  6.82 ,  'y':  -0.12 ,  'r':  0.4 ,  'type':  1} ,  {'idp':  68 ,  'x':  1.46 ,  'y':  -3.55 ,  'r':  0.4 ,  'type':  1}]
61206,1398777798.8069808,[{'idp':  64 ,  'x':  5.26 ,  'y':  1.85 ,  'r':  0.4 ,  'type':  1} ,  {'idp':  65 ,  'x':  5.75 ,  'y':  0.64 ,  'r':  0.4 ,  'type':  1} ,  {'idp':  67 ,  'x':  6.83 ,  'y':  -0.14 ,  'r':  0.4 ,  'type':  1} ,  {'idp':  68 ,  'x':  1.48 ,  'y':  -3.52 ,  'r':  0.4 ,  'type':  1}]
61207,1398777798.8436992,[{'idp':  64 ,  'x':  5.3 ,  'y':  1.84 ,  'r':  0.4 ,  'type':  1} ,  {'idp':  65 ,  'x':  5.75 ,  'y':  0.61 ,  'r':  0.4 ,  'type':  1} ,  {'idp':  67 ,  'x':  6.83 ,  'y':  -0.17 ,  'r':  0.4 ,  'type':  1} ,  {'idp':  68 ,  'x':  1.46 ,  'y':  -3.51 ,  'r':  0.4 ,  'type':  1}]
61208,1398777798.8836067,[{'idp':  64 ,  'x':  5.32 ,  'y':  1.85 ,  'r':  0.4 ,  'type':  1} ,  {'idp':  65 ,  'x':  5.78 ,  'y':  0.62 ,  'r':  0.4 ,  'type':  1} ,  {'idp':  67 ,  'x':  6.82 ,  'y':  -0.18 ,  'r':  0.4 ,  'type':  1} ,  {'idp':  68 ,  'x':  1.45 ,  'y':  -3.5 ,  'r':  0.4 ,  'type':  1}]
61209,1398777798.883641,[{'idp':  64 ,  'x':  5.31 ,  'y':  1.9 ,  'r':  0.4 ,  'type':  1} ,  {'idp':  65 ,  'x':  5.8 ,  'y':  0.67 ,  'r':  0.4 ,  'type':  1} ,  {'idp':  67 ,  'x':  6.85 ,  'y':  -0.12 ,  'r':  0.4 ,  'type':  1} ,  {'idp':  68 ,  'x':  1.46 ,  'y':  -3.45 ,  'r':  0.4 ,  'type':  1}]
61210,1398777798.9235954,[{'idp':  64 ,  'x':  5.31 ,  'y':  2.01 ,  'r':  0.4 ,  'type':  1} ,  {'idp':  65 ,  'x':  5.81 ,  'y':  0.75 ,  'r':  0.4 ,  'type':  1} ,  {'idp':  67 ,  'x':  6.82 ,  'y':  -0.03 ,  'r':  0.4 ,  'type':  1} ,  {'idp':  68 ,  'x':  1.51 ,  'y':  -3.41 ,  'r':  0.4 ,  'type':  1}]
61211,1398777798.9322114,[{'idp':  64 ,  'x':  5.3 ,  'y':  2.09 ,  'r':  0.4 ,  'type':  1} ,  {'idp':  65 ,  'x':  5.82 ,  'y':  0.83 ,  'r':  0.4 ,  'type':  1} ,  {'idp':  67 ,  'x':  6.85 ,  'y':  0.04 ,  'r':  0.4 ,  'type':  1} ,  {'idp':  68 ,  'x':  1.57 ,  'y':  -3.39 ,  'r':  0.4 ,  'type':  1}]
61212,1398777798.971623,[{'idp':  64 ,  'x':  5.29 ,  'y':  2.14 ,  'r':  0.4 ,  'type':  1} ,  {'idp':  65 ,  'x':  5.83 ,  'y':  0.9 ,  'r':  0.4 ,  'type':  1} ,  {'idp':  67 ,  'x':  6.86 ,  'y':  0.12 ,  'r':  0.4 ,  'type':  1} ,  {'idp':  68 ,  'x':  1.62 ,  'y':  -3.37 ,  'r':  0.4 ,  'type':  1}]
61213,1398777799.0115895,[{'idp':  64 ,  'x':  5.28 ,  'y':  2.19 ,  'r':  0.4 ,  'type':  1} ,  {'idp':  65 ,  'x':  5.83 ,  'y':  0.95 ,  'r':  0.4 ,  'type':  1} ,  {'idp':  67 ,  'x':  6.88 ,  'y':  0.16 ,  'r':  0.4 ,  'type':  1} ,  {'idp':  68 ,  'x':  1.67 ,  'y':  -3.34 ,  'r':  0.4 ,  'type':  1}]
61214,1398777799.0116208,[{'idp':  64 ,  'x':  5.29 ,  'y':  2.22 ,  'r':  0.4 ,  'type':  1} ,  {'idp':  65 ,  'x':  5.83 ,  'y':  0.97 ,  'r':  0.4 ,  'type':  1} ,  {'idp':  67 ,  'x':  6.91 ,  'y':  0.18 ,  'r':  0.4 ,  'type':  1} ,  {'idp':  68 ,  'x':  1.69 ,  'y':  -3.32 ,  'r':  0.4 ,  'type':  1}]
61215,1398777799.0516822,[{'idp':  64 ,  'x':  5.31 ,  'y':  2.2 ,  'r':  0.4 ,  'type':  1} ,  {'idp':  65 ,  'x':  5.84 ,  'y':  0.98 ,  'r':  0.4 ,  'type':  1} ,  {'idp':  67 ,  'x':  6.84 ,  'y':  0.18 ,  'r':  0.4 ,  'type':  1} ,  {'idp':  68 ,  'x':  1.69 ,  'y':  -3.3 ,  'r':  0.4 ,  'type':  1}]
61216,1398777799.0575705,[{'idp':  64 ,  'x':  5.33 ,  'y':  2.2 ,  'r':  0.4 ,  'type':  1} ,  {'idp':  65 ,  'x':  5.83 ,  'y':  0.97 ,  'r':  0.4 ,  'type':  1} ,  {'idp':  67 ,  'x':  6.85 ,  'y':  0.21 ,  'r':  0.4 ,  'type':  1} ,  {'idp':  68 ,  'x':  1.7 ,  'y':  -3.3 ,  'r':  0.4 ,  'type':  1}]
61217,1398777799.0956352,[{'idp':  64 ,  'x':  5.35 ,  'y':  2.22 ,  'r':  0.4 ,  'type':  1} ,  {'idp':  65 ,  'x':  5.85 ,  'y':  1.01 ,  'r':  0.4 ,  'type':  1} ,  {'idp':  67 ,  'x':  6.88 ,  'y':  0.21 ,  'r':  0.4 ,  'type':  1} ,  {'idp':  68 ,  'x':  1.7 ,  'y':  -3.29 ,  'r':  0.4 ,  'type':  1}]
61218,1398777799.1356564,[{'idp':  64 ,  'x':  5.37 ,  'y':  2.26 ,  'r':  0.4 ,  'type':  1} ,  {'idp':  65 ,  'x':  5.87 ,  'y':  1.05 ,  'r':  0.4 ,  'type':  1} ,  {'idp':  67 ,  'x':  6.92 ,  'y':  0.26 ,  'r':  0.4 ,  'type':  1} ,  {'idp':  68 ,  'x':  1.71 ,  'y':  -3.27 ,  'r':  0.4 ,  'type':  1}]
61219,1398777799.1356804,[{'idp':  64 ,  'x':  5.33 ,  'y':  2.34 ,  'r':  0.4 ,  'type':  1} ,  {'idp':  65 ,  'x':  5.89 ,  'y':  1.13 ,  'r':  0.4 ,  'type':  1} ,  {'idp':  67 ,  'x':  6.95 ,  'y':  0.32 ,  'r':  0.4 ,  'type':  1} ,  {'idp':  68 ,  'x':  1.74 ,  'y':  -3.24 ,  'r':  0.4 ,  'type':  1}]
61220,1398777799.1755888,[{'idp':  64 ,  'x':  5.34 ,  'y':  2.43 ,  'r':  0.4 ,  'type':  1} ,  {'idp':  65 ,  'x':  5.89 ,  'y':  1.23 ,  'r':  0.4 ,  'type':  1} ,  {'idp':  67 ,  'x':  6.95 ,  'y':  0.42 ,  'r':  0.4 ,  'type':  1} ,  {'idp':  68 ,  'x':  1.79 ,  'y':  -3.2 ,  'r':  0.4 ,  'type':  1}]
61221,1398777799.1829612,[{'idp':  64 ,  'x':  5.35 ,  'y':  2.49 ,  'r':  0.4 ,  'type':  1} ,  {'idp':  65 ,  'x':  5.91 ,  'y':  1.31 ,  'r':  0.4 ,  'type':  1} ,  {'idp':  67 ,  'x':  6.99 ,  'y':  0.49 ,  'r':  0.4 ,  'type':  1} ,  {'idp':  68 ,  'x':  1.84 ,  'y':  -3.18 ,  'r':  0.4 ,  'type':  1}]
61222,1398777799.2195969,[{'idp':  64 ,  'x':  5.39 ,  'y':  2.52 ,  'r':  0.4 ,  'type':  1} ,  {'idp':  65 ,  'x':  5.92 ,  'y':  1.34 ,  'r':  0.4 ,  'type':  1} ,  {'idp':  67 ,  'x':  7.02 ,  'y':  0.52 ,  'r':  0.4 ,  'type':  1} ,  {'idp':  68 ,  'x':  1.84 ,  'y':  -3.17 ,  'r':  0.4 ,  'type':  1}]
61223,1398777799.2595444,[{'idp':  64 ,  'x':  5.41 ,  'y':  2.53 ,  'r':  0.4 ,  'type':  1} ,  {'idp':  65 ,  'x':  5.91 ,  'y':  1.33 ,  'r':  0.4 ,  'type':  1} ,  {'idp':  67 ,  'x':  7.05 ,  'y':  0.49 ,  'r':  0.4 ,  'type':  1} ,  {'idp':  68 ,  'x':  1.85 ,  'y':  -3.16 ,  'r':  0.4 ,  'type':  1}]
61224,1398777799.2595754,[{'idp':  64 ,  'x':  5.45 ,  'y':  2.57 ,  'r':  0.4 ,  'type':  1} ,  {'idp':  65 ,  'x':  5.96 ,  'y':  1.4 ,  'r':  0.4 ,  'type':  1} ,  {'idp':  67 ,  'x':  7.08 ,  'y':  0.51 ,  'r':  0.4 ,  'type':  1} ,  {'idp':  68 ,  'x':  1.86 ,  'y':  -3.16 ,  'r':  0.4 ,  'type':  1}]
61225,1398777799.2996325,[{'idp':  64 ,  'x':  5.39 ,  'y':  2.61 ,  'r':  0.4 ,  'type':  1} ,  {'idp':  65 ,  'x':  5.92 ,  'y':  1.41 ,  'r':  0.4 ,  'type':  1} ,  {'idp':  67 ,  'x':  7.09 ,  'y':  0.54 ,  'r':  0.4 ,  'type':  1} ,  {'idp':  68 ,  'x':  1.86 ,  'y':  -3.12 ,  'r':  0.4 ,  'type':  1}]
61226,1398777799.3083193,[{'idp':  64 ,  'x':  5.35 ,  'y':  2.65 ,  'r':  0.4 ,  'type':  1} ,  {'idp':  65 ,  'x':  5.9 ,  'y':  1.43 ,  'r':  0.4 ,  'type':  1} ,  {'idp':  67 ,  'x':  7.09 ,  'y':  0.56 ,  'r':  0.4 ,  'type':  1} ,  {'idp':  68 ,  'x':  1.89 ,  'y':  -3.11 ,  'r':  0.4 ,  'type':  1}]
61227,1398777799.347639,[{'idp':  64 ,  'x':  5.34 ,  'y':  2.66 ,  'r':  0.4 ,  'type':  1} ,  {'idp':  65 ,  'x':  5.93 ,  'y':  1.45 ,  'r':  0.4 ,  'type':  1} ,  {'idp':  67 ,  'x':  7.06 ,  'y':  0.56 ,  'r':  0.4 ,  'type':  1} ,  {'idp':  68 ,  'x':  1.89 ,  'y':  -3.08 ,  'r':  0.4 ,  'type':  1}]
61228,1398777799.3876164,[{'idp':  64 ,  'x':  5.36 ,  'y':  2.67 ,  'r':  0.4 ,  'type':  1} ,  {'idp':  65 ,  'x':  5.92 ,  'y':  1.44 ,  'r':  0.4 ,  'type':  1} ,  {'idp':  67 ,  'x':  7.08 ,  'y':  0.54 ,  'r':  0.4 ,  'type':  1} ,  {'idp':  68 ,  'x':  1.89 ,  'y':  -3.07 ,  'r':  0.4 ,  'type':  1}]
61229,1398777799.3876479,[{'idp':  64 ,  'x':  5.36 ,  'y':  2.68 ,  'r':  0.4 ,  'type':  1} ,  {'idp':  65 ,  'x':  5.93 ,  'y':  1.47 ,  'r':  0.4 ,  'type':  1} ,  {'idp':  67 ,  'x':  7.06 ,  'y':  0.54 ,  'r':  0.4 ,  'type':  1} ,  {'idp':  68 ,  'x':  1.91 ,  'y':  -3.06 ,  'r':  0.4 ,  'type':  1}]
61230,1398777799.427613,[{'idp':  64 ,  'x':  5.39 ,  'y':  2.74 ,  'r':  0.4 ,  'type':  1} ,  {'idp':  65 ,  'x':  5.93 ,  'y':  1.52 ,  'r':  0.4 ,  'type':  1} ,  {'idp':  67 ,  'x':  7.08 ,  'y':  0.59 ,  'r':  0.4 ,  'type':  1} ,  {'idp':  68 ,  'x':  1.94 ,  'y':  -3.03 ,  'r':  0.4 ,  'type':  1}]
61231,1398777799.4338522,[{'idp':  64 ,  'x':  5.38 ,  'y':  2.81 ,  'r':  0.4 ,  'type':  1} ,  {'idp':  65 ,  'x':  5.94 ,  'y':  1.59 ,  'r':  0.4 ,  'type':  1} ,  {'idp':  67 ,  'x':  7.12 ,  'y':  0.66 ,  'r':  0.4 ,  'type':  1} ,  {'idp':  68 ,  'x':  1.97 ,  'y':  -2.99 ,  'r':  0.4 ,  'type':  1}]
61232,1398777799.4715543,[{'idp':  64 ,  'x':  5.38 ,  'y':  2.87 ,  'r':  0.4 ,  'type':  1} ,  {'idp':  65 ,  'x':  5.94 ,  'y':  1.65 ,  'r':  0.4 ,  'type':  1} ,  {'idp':  67 ,  'x':  7.15 ,  'y':  0.72 ,  'r':  0.4 ,  'type':  1} ,  {'idp':  68 ,  'x':  2.02 ,  'y':  -2.95 ,  'r':  0.4 ,  'type':  1}]
61233,1398777799.5116022,[{'idp':  64 ,  'x':  5.4 ,  'y':  2.91 ,  'r':  0.4 ,  'type':  1} ,  {'idp':  65 ,  'x':  5.96 ,  'y':  1.71 ,  'r':  0.4 ,  'type':  1} ,  {'idp':  67 ,  'x':  7.18 ,  'y':  0.76 ,  'r':  0.4 ,  'type':  1} ,  {'idp':  68 ,  'x':  2.05 ,  'y':  -2.91 ,  'r':  0.4 ,  'type':  1}]
61234,1398777799.5116258,[{'idp':  64 ,  'x':  5.37 ,  'y':  2.95 ,  'r':  0.4 ,  'type':  1} ,  {'idp':  65 ,  'x':  5.97 ,  'y':  1.74 ,  'r':  0.4 ,  'type':  1} ,  {'idp':  67 ,  'x':  7.17 ,  'y':  0.75 ,  'r':  0.4 ,  'type':  1} ,  {'idp':  68 ,  'x':  2.06 ,  'y':  -2.86 ,  'r':  0.4 ,  'type':  1}]
61235,1398777799.5515943,[{'idp':  64 ,  'x':  5.4 ,  'y':  2.97 ,  'r':  0.4 ,  'type':  1} ,  {'idp':  65 ,  'x':  5.97 ,  'y':  1.77 ,  'r':  0.4 ,  'type':  1} ,  {'idp':  67 ,  'x':  7.22 ,  'y':  0.78 ,  'r':  0.4 ,  'type':  1} ,  {'idp':  68 ,  'x':  2.08 ,  'y':  -2.82 ,  'r':  0.4 ,  'type':  1}]
61236,1398777799.5601254,[{'idp':  64 ,  'x':  5.4 ,  'y':  3.0 ,  'r':  0.4 ,  'type':  1} ,  {'idp':  65 ,  'x':  5.97 ,  'y':  1.8 ,  'r':  0.4 ,  'type':  1} ,  {'idp':  67 ,  'x':  7.25 ,  'y':  0.81 ,  'r':  0.4 ,  'type':  1} ,  {'idp':  68 ,  'x':  2.11 ,  'y':  -2.78 ,  'r':  0.4 ,  'type':  1}]
61237,1398777799.5996003,[{'idp':  64 ,  'x':  5.41 ,  'y':  3.03 ,  'r':  0.4 ,  'type':  1} ,  {'idp':  65 ,  'x':  5.96 ,  'y':  1.81 ,  'r':  0.4 ,  'type':  1} ,  {'idp':  67 ,  'x':  7.25 ,  'y':  0.81 ,  'r':  0.4 ,  'type':  1} ,  {'idp':  68 ,  'x':  2.14 ,  'y':  -2.76 ,  'r':  0.4 ,  'type':  1}]
61238,1398777799.6395872,[{'idp':  64 ,  'x':  5.4 ,  'y':  3.06 ,  'r':  0.4 ,  'type':  1} ,  {'idp':  65 ,  'x':  5.95 ,  'y':  1.83 ,  'r':  0.4 ,  'type':  1} ,  {'idp':  67 ,  'x':  7.26 ,  'y':  0.86 ,  'r':  0.4 ,  'type':  1} ,  {'idp':  68 ,  'x':  2.17 ,  'y':  -2.76 ,  'r':  0.4 ,  'type':  1}]
61239,1398777799.6396844,[{'idp':  64 ,  'x':  5.39 ,  'y':  3.09 ,  'r':  0.4 ,  'type':  1} ,  {'idp':  65 ,  'x':  5.93 ,  'y':  1.88 ,  'r':  0.4 ,  'type':  1} ,  {'idp':  67 ,  'x':  7.22 ,  'y':  0.92 ,  'r':  0.4 ,  'type':  1} ,  {'idp':  68 ,  'x':  2.18 ,  'y':  -2.74 ,  'r':  0.4 ,  'type':  1}]
61240,1398777799.6795905,[{'idp':  64 ,  'x':  5.37 ,  'y':  3.15 ,  'r':  0.4 ,  'type':  1} ,  {'idp':  65 ,  'x':  5.92 ,  'y':  1.92 ,  'r':  0.4 ,  'type':  1} ,  {'idp':  67 ,  'x':  7.04 ,  'y':  0.97 ,  'r':  0.4 ,  'type':  1} ,  {'idp':  68 ,  'x':  2.21 ,  'y':  -2.72 ,  'r':  0.4 ,  'type':  1}]
61241,1398777799.685262,[{'idp':  64 ,  'x':  5.39 ,  'y':  3.21 ,  'r':  0.4 ,  'type':  1} ,  {'idp':  65 ,  'x':  5.94 ,  'y':  1.97 ,  'r':  0.4 ,  'type':  1} ,  {'idp':  67 ,  'x':  7.08 ,  'y':  1.01 ,  'r':  0.4 ,  'type':  1} ,  {'idp':  68 ,  'x':  2.26 ,  'y':  -2.71 ,  'r':  0.4 ,  'type':  1}]
61242,1398777799.723665,[{'idp':  64 ,  'x':  5.38 ,  'y':  3.28 ,  'r':  0.4 ,  'type':  1} ,  {'idp':  65 ,  'x':  5.93 ,  'y':  2.04 ,  'r':  0.4 ,  'type':  1} ,  {'idp':  67 ,  'x':  7.21 ,  'y':  1.08 ,  'r':  0.4 ,  'type':  1} ,  {'idp':  68 ,  'x':  2.27 ,  'y':  -2.68 ,  'r':  0.4 ,  'type':  1}]
61243,1398777799.7636034,[{'idp':  64 ,  'x':  5.36 ,  'y':  3.35 ,  'r':  0.4 ,  'type':  1} ,  {'idp':  65 ,  'x':  5.93 ,  'y':  2.13 ,  'r':  0.4 ,  'type':  1} ,  {'idp':  67 ,  'x':  7.33 ,  'y':  1.16 ,  'r':  0.4 ,  'type':  1} ,  {'idp':  68 ,  'x':  2.3 ,  'y':  -2.59 ,  'r':  0.4 ,  'type':  1}]
61244,1398777799.7636352,[{'idp':  64 ,  'x':  5.35 ,  'y':  3.42 ,  'r':  0.4 ,  'type':  1} ,  {'idp':  65 ,  'x':  5.93 ,  'y':  2.2 ,  'r':  0.4 ,  'type':  1} ,  {'idp':  67 ,  'x':  7.37 ,  'y':  1.23 ,  'r':  0.4 ,  'type':  1} ,  {'idp':  68 ,  'x':  2.33 ,  'y':  -2.55 ,  'r':  0.4 ,  'type':  1}]
61245,1398777799.8036592,[{'idp':  64 ,  'x':  5.34 ,  'y':  3.47 ,  'r':  0.4 ,  'type':  1} ,  {'idp':  65 ,  'x':  5.95 ,  'y':  2.25 ,  'r':  0.4 ,  'type':  1} ,  {'idp':  67 ,  'x':  7.36 ,  'y':  1.26 ,  'r':  0.4 ,  'type':  1} ,  {'idp':  68 ,  'x':  2.36 ,  'y':  -2.51 ,  'r':  0.4 ,  'type':  1}]
61246,1398777799.81011,[{'idp':  64 ,  'x':  5.36 ,  'y':  3.48 ,  'r':  0.4 ,  'type':  1} ,  {'idp':  65 ,  'x':  5.96 ,  'y':  2.27 ,  'r':  0.4 ,  'type':  1} ,  {'idp':  67 ,  'x':  7.41 ,  'y':  1.26 ,  'r':  0.4 ,  'type':  1} ,  {'idp':  68 ,  'x':  2.37 ,  'y':  -2.5 ,  'r':  0.4 ,  'type':  1}]
61247,1398777799.8476598,[{'idp':  64 ,  'x':  5.39 ,  'y':  3.47 ,  'r':  0.4 ,  'type':  1} ,  {'idp':  65 ,  'x':  5.97 ,  'y':  2.26 ,  'r':  0.4 ,  'type':  1} ,  {'idp':  67 ,  'x':  7.42 ,  'y':  1.22 ,  'r':  0.4 ,  'type':  1} ,  {'idp':  68 ,  'x':  2.37 ,  'y':  -2.49 ,  'r':  0.4 ,  'type':  1}]
61248,1398777799.8876042,[{'idp':  64 ,  'x':  5.4 ,  'y':  3.48 ,  'r':  0.4 ,  'type':  1} ,  {'idp':  65 ,  'x':  6.01 ,  'y':  2.25 ,  'r':  0.4 ,  'type':  1} ,  {'idp':  67 ,  'x':  7.44 ,  'y':  1.19 ,  'r':  0.4 ,  'type':  1} ,  {'idp':  68 ,  'x':  2.36 ,  'y':  -2.48 ,  'r':  0.4 ,  'type':  1}]
61249,1398777799.8876362,[{'idp':  64 ,  'x':  5.4 ,  'y':  3.51 ,  'r':  0.4 ,  'type':  1} ,  {'idp':  65 ,  'x':  5.99 ,  'y':  2.27 ,  'r':  0.4 ,  'type':  1} ,  {'idp':  67 ,  'x':  7.45 ,  'y':  1.21 ,  'r':  0.4 ,  'type':  1} ,  {'idp':  68 ,  'x':  2.38 ,  'y':  -2.46 ,  'r':  0.4 ,  'type':  1}]
61250,1398777799.9276342,[{'idp':  64 ,  'x':  5.39 ,  'y':  3.54 ,  'r':  0.4 ,  'type':  1} ,  {'idp':  65 ,  'x':  5.97 ,  'y':  2.32 ,  'r':  0.4 ,  'type':  1} ,  {'idp':  67 ,  'x':  7.45 ,  'y':  1.26 ,  'r':  0.4 ,  'type':  1} ,  {'idp':  68 ,  'x':  2.39 ,  'y':  -2.46 ,  'r':  0.4 ,  'type':  1}]
61251,1398777799.9360292,[{'idp':  64 ,  'x':  5.35 ,  'y':  3.52 ,  'r':  0.4 ,  'type':  1} ,  {'idp':  65 ,  'x':  5.95 ,  'y':  2.37 ,  'r':  0.4 ,  'type':  1} ,  {'idp':  67 ,  'x':  7.47 ,  'y':  1.29 ,  'r':  0.4 ,  'type':  1} ,  {'idp':  68 ,  'x':  2.41 ,  'y':  -2.4 ,  'r':  0.4 ,  'type':  1}]
61252,1398777799.975645,[{'idp':  64 ,  'x':  5.31 ,  'y':  3.59 ,  'r':  0.4 ,  'type':  1} ,  {'idp':  65 ,  'x':  5.93 ,  'y':  2.42 ,  'r':  0.4 ,  'type':  1} ,  {'idp':  67 ,  'x':  7.46 ,  'y':  1.36 ,  'r':  0.4 ,  'type':  1} ,  {'idp':  68 ,  'x':  2.43 ,  'y':  -2.38 ,  'r':  0.4 ,  'type':  1}]
61253,1398777800.0155778,[{'idp':  64 ,  'x':  5.34 ,  'y':  3.7 ,  'r':  0.4 ,  'type':  1} ,  {'idp':  65 ,  'x':  5.92 ,  'y':  2.47 ,  'r':  0.4 ,  'type':  1} ,  {'idp':  67 ,  'x':  7.45 ,  'y':  1.43 ,  'r':  0.4 ,  'type':  1} ,  {'idp':  68 ,  'x':  2.45 ,  'y':  -2.33 ,  'r':  0.4 ,  'type':  1}]
61254,1398777800.0156183,[{'idp':  64 ,  'x':  5.25 ,  'y':  3.59 ,  'r':  0.4 ,  'type':  1} ,  {'idp':  65 ,  'x':  5.89 ,  'y':  2.48 ,  'r':  0.4 ,  'type':  1} ,  {'idp':  67 ,  'x':  7.45 ,  'y':  1.44 ,  'r':  0.4 ,  'type':  1} ,  {'idp':  68 ,  'x':  2.45 ,  'y':  -2.32 ,  'r':  0.4 ,  'type':  1}]
61255,1398777800.0556133,[{'idp':  64 ,  'x':  5.29 ,  'y':  3.65 ,  'r':  0.4 ,  'type':  1} ,  {'idp':  65 ,  'x':  5.9 ,  'y':  2.5 ,  'r':  0.4 ,  'type':  1} ,  {'idp':  67 ,  'x':  7.51 ,  'y':  1.43 ,  'r':  0.4 ,  'type':  1} ,  {'idp':  68 ,  'x':  2.45 ,  'y':  -2.31 ,  'r':  0.4 ,  'type':  1}]
61256,1398777800.0608082,[{'idp':  64 ,  'x':  5.31 ,  'y':  3.73 ,  'r':  0.4 ,  'type':  1} ,  {'idp':  65 ,  'x':  5.88 ,  'y':  2.55 ,  'r':  0.4 ,  'type':  1} ,  {'idp':  67 ,  'x':  7.49 ,  'y':  1.5 ,  'r':  0.4 ,  'type':  1} ,  {'idp':  68 ,  'x':  2.47 ,  'y':  -2.27 ,  'r':  0.4 ,  'type':  1}]
61257,1398777800.099611,[{'idp':  64 ,  'x':  5.3 ,  'y':  3.78 ,  'r':  0.4 ,  'type':  1} ,  {'idp':  65 ,  'x':  5.89 ,  'y':  2.6 ,  'r':  0.4 ,  'type':  1} ,  {'idp':  67 ,  'x':  7.47 ,  'y':  1.55 ,  'r':  0.4 ,  'type':  1} ,  {'idp':  68 ,  'x':  2.49 ,  'y':  -2.23 ,  'r':  0.4 ,  'type':  1}]
61258,1398777800.1396537,[{'idp':  64 ,  'x':  5.3 ,  'y':  3.82 ,  'r':  0.4 ,  'type':  1} ,  {'idp':  65 ,  'x':  5.87 ,  'y':  2.64 ,  'r':  0.4 ,  'type':  1} ,  {'idp':  67 ,  'x':  7.46 ,  'y':  1.58 ,  'r':  0.4 ,  'type':  1} ,  {'idp':  68 ,  'x':  2.51 ,  'y':  -2.2 ,  'r':  0.4 ,  'type':  1}]
61259,1398777800.139687,[{'idp':  64 ,  'x':  5.31 ,  'y':  3.86 ,  'r':  0.4 ,  'type':  1} ,  {'idp':  65 ,  'x':  5.88 ,  'y':  2.68 ,  'r':  0.4 ,  'type':  1} ,  {'idp':  67 ,  'x':  7.48 ,  'y':  1.59 ,  'r':  0.4 ,  'type':  1} ,  {'idp':  68 ,  'x':  2.52 ,  'y':  -2.17 ,  'r':  0.4 ,  'type':  1}]
61260,1398777800.1795835,[{'idp':  64 ,  'x':  5.23 ,  'y':  3.8 ,  'r':  0.4 ,  'type':  1} ,  {'idp':  65 ,  'x':  5.91 ,  'y':  2.71 ,  'r':  0.4 ,  'type':  1} ,  {'idp':  67 ,  'x':  7.45 ,  'y':  1.64 ,  'r':  0.4 ,  'type':  1} ,  {'idp':  68 ,  'x':  2.53 ,  'y':  -2.14 ,  'r':  0.4 ,  'type':  1}]
61261,1398777800.1869318,[{'idp':  64 ,  'x':  5.26 ,  'y':  3.84 ,  'r':  0.4 ,  'type':  1} ,  {'idp':  65 ,  'x':  5.93 ,  'y':  2.72 ,  'r':  0.4 ,  'type':  1} ,  {'idp':  67 ,  'x':  7.5 ,  'y':  1.62 ,  'r':  0.4 ,  'type':  1} ,  {'idp':  68 ,  'x':  2.54 ,  'y':  -2.08 ,  'r':  0.4 ,  'type':  1}]
61262,1398777800.223589,[{'idp':  64 ,  'x':  5.35 ,  'y':  3.91 ,  'r':  0.4 ,  'type':  1} ,  {'idp':  65 ,  'x':  5.96 ,  'y':  2.73 ,  'r':  0.4 ,  'type':  1} ,  {'idp':  67 ,  'x':  7.51 ,  'y':  1.61 ,  'r':  0.4 ,  'type':  1} ,  {'idp':  68 ,  'x':  2.54 ,  'y':  -2.05 ,  'r':  0.4 ,  'type':  1}]
61263,1398777800.2636425,[{'idp':  64 ,  'x':  5.4 ,  'y':  3.92 ,  'r':  0.4 ,  'type':  1} ,  {'idp':  65 ,  'x':  5.98 ,  'y':  2.76 ,  'r':  0.4 ,  'type':  1} ,  {'idp':  67 ,  'x':  7.5 ,  'y':  1.61 ,  'r':  0.4 ,  'type':  1} ,  {'idp':  68 ,  'x':  2.57 ,  'y':  -2.01 ,  'r':  0.4 ,  'type':  1}]
61264,1398777800.2636716,[{'idp':  64 ,  'x':  5.41 ,  'y':  3.97 ,  'r':  0.4 ,  'type':  1} ,  {'idp':  65 ,  'x':  6.01 ,  'y':  2.8 ,  'r':  0.4 ,  'type':  1} ,  {'idp':  67 ,  'x':  7.53 ,  'y':  1.6 ,  'r':  0.4 ,  'type':  1} ,  {'idp':  68 ,  'x':  2.61 ,  'y':  -1.98 ,  'r':  0.4 ,  'type':  1}]
61265,1398777800.303602,[{'idp':  64 ,  'x':  5.41 ,  'y':  4.02 ,  'r':  0.4 ,  'type':  1} ,  {'idp':  65 ,  'x':  6.01 ,  'y':  2.87 ,  'r':  0.4 ,  'type':  1} ,  {'idp':  67 ,  'x':  7.55 ,  'y':  1.66 ,  'r':  0.4 ,  'type':  1} ,  {'idp':  68 ,  'x':  2.64 ,  'y':  -1.95 ,  'r':  0.4 ,  'type':  1}]
61266,1398777800.312207,[{'idp':  64 ,  'x':  5.35 ,  'y':  4.12 ,  'r':  0.4 ,  'type':  1} ,  {'idp':  65 ,  'x':  6.01 ,  'y':  2.94 ,  'r':  0.4 ,  'type':  1} ,  {'idp':  67 ,  'x':  7.55 ,  'y':  1.74 ,  'r':  0.4 ,  'type':  1} ,  {'idp':  68 ,  'x':  2.68 ,  'y':  -1.9 ,  'r':  0.4 ,  'type':  1}]
61267,1398777800.3516357,[{'idp':  64 ,  'x':  5.32 ,  'y':  4.18 ,  'r':  0.4 ,  'type':  1} ,  {'idp':  65 ,  'x':  6.0 ,  'y':  2.99 ,  'r':  0.4 ,  'type':  1} ,  {'idp':  67 ,  'x':  7.54 ,  'y':  1.79 ,  'r':  0.4 ,  'type':  1} ,  {'idp':  68 ,  'x':  2.7 ,  'y':  -1.85 ,  'r':  0.4 ,  'type':  1}]
61268,1398777800.3915763,[{'idp':  64 ,  'x':  5.34 ,  'y':  4.19 ,  'r':  0.4 ,  'type':  1} ,  {'idp':  65 ,  'x':  5.98 ,  'y':  3.01 ,  'r':  0.4 ,  'type':  1} ,  {'idp':  67 ,  'x':  7.53 ,  'y':  1.82 ,  'r':  0.4 ,  'type':  1} ,  {'idp':  68 ,  'x':  2.7 ,  'y':  -1.83 ,  'r':  0.4 ,  'type':  1}]
61269,1398777800.391612,[{'idp':  64 ,  'x':  5.31 ,  'y':  4.24 ,  'r':  0.4 ,  'type':  1} ,  {'idp':  65 ,  'x':  5.98 ,  'y':  3.06 ,  'r':  0.4 ,  'type':  1} ,  {'idp':  67 ,  'x':  7.53 ,  'y':  1.86 ,  'r':  0.4 ,  'type':  1} ,  {'idp':  68 ,  'x':  2.7 ,  'y':  -1.81 ,  'r':  0.4 ,  'type':  1}]
61270,1398777800.431612,[{'idp':  64 ,  'x':  5.3 ,  'y':  4.29 ,  'r':  0.4 ,  'type':  1} ,  {'idp':  65 ,  'x':  5.97 ,  'y':  3.09 ,  'r':  0.4 ,  'type':  1} ,  {'idp':  67 ,  'x':  7.53 ,  'y':  1.88 ,  'r':  0.4 ,  'type':  1} ,  {'idp':  68 ,  'x':  2.72 ,  'y':  -1.78 ,  'r':  0.4 ,  'type':  1}]
61271,1398777800.4365659,[{'idp':  64 ,  'x':  5.3 ,  'y':  4.31 ,  'r':  0.4 ,  'type':  1} ,  {'idp':  65 ,  'x':  5.98 ,  'y':  3.13 ,  'r':  0.4 ,  'type':  1} ,  {'idp':  67 ,  'x':  7.5 ,  'y':  1.79 ,  'r':  0.4 ,  'type':  1} ,  {'idp':  68 ,  'x':  2.74 ,  'y':  -1.74 ,  'r':  0.4 ,  'type':  1}]
61272,1398777800.4755762,[{'idp':  64 ,  'x':  5.28 ,  'y':  4.33 ,  'r':  0.4 ,  'type':  1} ,  {'idp':  65 ,  'x':  5.98 ,  'y':  3.15 ,  'r':  0.4 ,  'type':  1} ,  {'idp':  67 ,  'x':  7.46 ,  'y':  1.74 ,  'r':  0.4 ,  'type':  1} ,  {'idp':  68 ,  'x':  2.75 ,  'y':  -1.74 ,  'r':  0.4 ,  'type':  1}]
61273,1398777800.515629,[{'idp':  64 ,  'x':  5.28 ,  'y':  4.37 ,  'r':  0.4 ,  'type':  1} ,  {'idp':  65 ,  'x':  5.97 ,  'y':  3.18 ,  'r':  0.4 ,  'type':  1} ,  {'idp':  67 ,  'x':  7.43 ,  'y':  1.7 ,  'r':  0.4 ,  'type':  1} ,  {'idp':  68 ,  'x':  2.74 ,  'y':  -1.71 ,  'r':  0.4 ,  'type':  1}]
61274,1398777800.5156577,[{'idp':  64 ,  'x':  5.26 ,  'y':  4.39 ,  'r':  0.4 ,  'type':  1} ,  {'idp':  65 ,  'x':  5.98 ,  'y':  3.21 ,  'r':  0.4 ,  'type':  1} ,  {'idp':  67 ,  'x':  7.42 ,  'y':  1.7 ,  'r':  0.4 ,  'type':  1} ,  {'idp':  68 ,  'x':  2.74 ,  'y':  -1.69 ,  'r':  0.4 ,  'type':  1}]
61275,1398777800.5556164,[{'idp':  64 ,  'x':  5.23 ,  'y':  4.43 ,  'r':  0.4 ,  'type':  1} ,  {'idp':  65 ,  'x':  5.98 ,  'y':  3.26 ,  'r':  0.4 ,  'type':  1} ,  {'idp':  67 ,  'x':  7.37 ,  'y':  1.68 ,  'r':  0.4 ,  'type':  1} ,  {'idp':  68 ,  'x':  2.74 ,  'y':  -1.67 ,  'r':  0.4 ,  'type':  1}]
61276,1398777800.56365,[{'idp':  64 ,  'x':  5.23 ,  'y':  4.48 ,  'r':  0.4 ,  'type':  1} ,  {'idp':  65 ,  'x':  5.95 ,  'y':  3.28 ,  'r':  0.4 ,  'type':  1} ,  {'idp':  67 ,  'x':  7.32 ,  'y':  1.64 ,  'r':  0.4 ,  'type':  1} ,  {'idp':  68 ,  'x':  2.75 ,  'y':  -1.64 ,  'r':  0.4 ,  'type':  1}]
61277,1398777800.6035912,[{'idp':  64 ,  'x':  5.18 ,  'y':  4.56 ,  'r':  0.4 ,  'type':  1} ,  {'idp':  65 ,  'x':  5.92 ,  'y':  3.37 ,  'r':  0.4 ,  'type':  1} ,  {'idp':  67 ,  'x':  7.24 ,  'y':  1.49 ,  'r':  0.4 ,  'type':  1} ,  {'idp':  68 ,  'x':  2.77 ,  'y':  -1.59 ,  'r':  0.4 ,  'type':  1}]
61278,1398777800.643573,[{'idp':  64 ,  'x':  5.12 ,  'y':  4.62 ,  'r':  0.4 ,  'type':  1} ,  {'idp':  65 ,  'x':  5.87 ,  'y':  3.44 ,  'r':  0.4 ,  'type':  1} ,  {'idp':  67 ,  'x':  7.26 ,  'y':  1.49 ,  'r':  0.4 ,  'type':  1} ,  {'idp':  68 ,  'x':  2.8 ,  'y':  -1.54 ,  'r':  0.4 ,  'type':  1}]
61279,1398777800.643626,[{'idp':  64 ,  'x':  5.14 ,  'y':  4.66 ,  'r':  0.4 ,  'type':  1} ,  {'idp':  65 ,  'x':  5.86 ,  'y':  3.47 ,  'r':  0.4 ,  'type':  1} ,  {'idp':  67 ,  'x':  7.3 ,  'y':  1.52 ,  'r':  0.4 ,  'type':  1} ,  {'idp':  68 ,  'x':  2.8 ,  'y':  -1.51 ,  'r':  0.4 ,  'type':  1}]
61280,1398777800.6836743,[{'idp':  64 ,  'x':  5.12 ,  'y':  4.68 ,  'r':  0.4 ,  'type':  1} ,  {'idp':  65 ,  'x':  5.86 ,  'y':  3.47 ,  'r':  0.4 ,  'type':  1} ,  {'idp':  67 ,  'x':  7.31 ,  'y':  1.5 ,  'r':  0.4 ,  'type':  1} ,  {'idp':  68 ,  'x':  2.82 ,  'y':  -1.49 ,  'r':  0.4 ,  'type':  1}]
61281,1398777800.6887374,[{'idp':  64 ,  'x':  5.12 ,  'y':  4.69 ,  'r':  0.4 ,  'type':  1} ,  {'idp':  65 ,  'x':  5.89 ,  'y':  3.47 ,  'r':  0.4 ,  'type':  1} ,  {'idp':  67 ,  'x':  7.27 ,  'y':  1.5 ,  'r':  0.4 ,  'type':  1} ,  {'idp':  68 ,  'x':  2.83 ,  'y':  -1.48 ,  'r':  0.4 ,  'type':  1}]
61282,1398777800.727593,[{'idp':  64 ,  'x':  5.15 ,  'y':  4.69 ,  'r':  0.4 ,  'type':  1} ,  {'idp':  65 ,  'x':  5.91 ,  'y':  3.48 ,  'r':  0.4 ,  'type':  1} ,  {'idp':  67 ,  'x':  7.79 ,  'y':  2.32 ,  'r':  0.4 ,  'type':  1} ,  {'idp':  68 ,  'x':  2.83 ,  'y':  -1.46 ,  'r':  0.4 ,  'type':  1}]
61283,1398777800.7676308,[{'idp':  64 ,  'x':  5.19 ,  'y':  4.71 ,  'r':  0.4 ,  'type':  1} ,  {'idp':  65 ,  'x':  5.94 ,  'y':  3.52 ,  'r':  0.4 ,  'type':  1} ,  {'idp':  67 ,  'x':  7.69 ,  'y':  2.22 ,  'r':  0.4 ,  'type':  1} ,  {'idp':  68 ,  'x':  2.83 ,  'y':  -1.44 ,  'r':  0.4 ,  'type':  1}]
61284,1398777800.7676606,[{'idp':  64 ,  'x':  5.15 ,  'y':  4.78 ,  'r':  0.4 ,  'type':  1} ,  {'idp':  65 ,  'x':  5.94 ,  'y':  3.55 ,  'r':  0.4 ,  'type':  1} ,  {'idp':  67 ,  'x':  7.66 ,  'y':  2.27 ,  'r':  0.4 ,  'type':  1} ,  {'idp':  68 ,  'x':  2.83 ,  'y':  -1.41 ,  'r':  0.4 ,  'type':  1}]
61285,1398777800.8076448,[{'idp':  64 ,  'x':  5.11 ,  'y':  4.8 ,  'r':  0.4 ,  'type':  1} ,  {'idp':  65 ,  'x':  5.94 ,  'y':  3.59 ,  'r':  0.4 ,  'type':  1} ,  {'idp':  67 ,  'x':  7.6 ,  'y':  2.34 ,  'r':  0.4 ,  'type':  1} ,  {'idp':  68 ,  'x':  2.85 ,  'y':  -1.38 ,  'r':  0.4 ,  'type':  1}]
61286,1398777800.813383,[{'idp':  64 ,  'x':  5.18 ,  'y':  4.85 ,  'r':  0.4 ,  'type':  1} ,  {'idp':  65 ,  'x':  5.95 ,  'y':  3.64 ,  'r':  0.4 ,  'type':  1} ,  {'idp':  67 ,  'x':  7.62 ,  'y':  2.36 ,  'r':  0.4 ,  'type':  1} ,  {'idp':  68 ,  'x':  2.86 ,  'y':  -1.34 ,  'r':  0.4 ,  'type':  1}]
61287,1398777800.8516536,[{'idp':  64 ,  'x':  5.06 ,  'y':  4.89 ,  'r':  0.4 ,  'type':  1} ,  {'idp':  65 ,  'x':  5.93 ,  'y':  3.69 ,  'r':  0.4 ,  'type':  1} ,  {'idp':  67 ,  'x':  7.56 ,  'y':  2.42 ,  'r':  0.4 ,  'type':  1} ,  {'idp':  68 ,  'x':  2.87 ,  'y':  -1.29 ,  'r':  0.4 ,  'type':  1}]
61288,1398777800.8916237,[{'idp':  64 ,  'x':  5.07 ,  'y':  4.91 ,  'r':  0.4 ,  'type':  1} ,  {'idp':  65 ,  'x':  5.89 ,  'y':  3.74 ,  'r':  0.4 ,  'type':  1} ,  {'idp':  67 ,  'x':  7.61 ,  'y':  2.45 ,  'r':  0.4 ,  'type':  1} ,  {'idp':  68 ,  'x':  2.89 ,  'y':  -1.25 ,  'r':  0.4 ,  'type':  1}]
61289,1398777800.8916552,[{'idp':  64 ,  'x':  5.03 ,  'y':  4.94 ,  'r':  0.4 ,  'type':  1} ,  {'idp':  65 ,  'x':  5.85 ,  'y':  3.75 ,  'r':  0.4 ,  'type':  1} ,  {'idp':  67 ,  'x':  7.55 ,  'y':  2.52 ,  'r':  0.4 ,  'type':  1} ,  {'idp':  68 ,  'x':  2.89 ,  'y':  -1.21 ,  'r':  0.4 ,  'type':  1}]
61290,1398777800.931594,[{'idp':  64 ,  'x':  4.99 ,  'y':  4.98 ,  'r':  0.4 ,  'type':  1} ,  {'idp':  65 ,  'x':  5.87 ,  'y':  3.77 ,  'r':  0.4 ,  'type':  1} ,  {'idp':  67 ,  'x':  7.5 ,  'y':  2.55 ,  'r':  0.4 ,  'type':  1} ,  {'idp':  68 ,  'x':  2.87 ,  'y':  -1.16 ,  'r':  0.4 ,  'type':  1}]
61291,1398777800.9386184,[{'idp':  64 ,  'x':  4.99 ,  'y':  5.03 ,  'r':  0.4 ,  'type':  1} ,  {'idp':  65 ,  'x':  5.87 ,  'y':  3.81 ,  'r':  0.4 ,  'type':  1} ,  {'idp':  67 ,  'x':  7.52 ,  'y':  2.57 ,  'r':  0.4 ,  'type':  1} ,  {'idp':  68 ,  'x':  2.91 ,  'y':  -1.14 ,  'r':  0.4 ,  'type':  1}]
61292,1398777800.9755847,[{'idp':  64 ,  'x':  5.05 ,  'y':  5.09 ,  'r':  0.4 ,  'type':  1} ,  {'idp':  65 ,  'x':  5.89 ,  'y':  3.86 ,  'r':  0.4 ,  'type':  1} ,  {'idp':  67 ,  'x':  7.53 ,  'y':  2.59 ,  'r':  0.4 ,  'type':  1} ,  {'idp':  68 ,  'x':  2.94 ,  'y':  -1.11 ,  'r':  0.4 ,  'type':  1}]
61293,1398777801.0155838,[{'idp':  64 ,  'x':  5.07 ,  'y':  5.14 ,  'r':  0.4 ,  'type':  1} ,  {'idp':  65 ,  'x':  5.92 ,  'y':  3.9 ,  'r':  0.4 ,  'type':  1} ,  {'idp':  67 ,  'x':  7.52 ,  'y':  2.62 ,  'r':  0.4 ,  'type':  1} ,  {'idp':  68 ,  'x':  2.96 ,  'y':  -1.06 ,  'r':  0.4 ,  'type':  1}]
61294,1398777801.015614,[{'idp':  64 ,  'x':  5.06 ,  'y':  5.2 ,  'r':  0.4 ,  'type':  1} ,  {'idp':  65 ,  'x':  5.92 ,  'y':  3.95 ,  'r':  0.4 ,  'type':  1} ,  {'idp':  67 ,  'x':  7.51 ,  'y':  2.66 ,  'r':  0.4 ,  'type':  1} ,  {'idp':  68 ,  'x':  2.97 ,  'y':  -1.03 ,  'r':  0.4 ,  'type':  1}]
61295,1398777801.0556576,[{'idp':  64 ,  'x':  5.05 ,  'y':  5.23 ,  'r':  0.4 ,  'type':  1} ,  {'idp':  65 ,  'x':  5.93 ,  'y':  3.98 ,  'r':  0.4 ,  'type':  1} ,  {'idp':  67 ,  'x':  7.48 ,  'y':  2.69 ,  'r':  0.4 ,  'type':  1} ,  {'idp':  68 ,  'x':  2.97 ,  'y':  -0.97 ,  'r':  0.4 ,  'type':  1}]
61296,1398777801.0640717,[{'idp':  64 ,  'x':  5.04 ,  'y':  5.29 ,  'r':  0.4 ,  'type':  1} ,  {'idp':  65 ,  'x':  5.92 ,  'y':  4.01 ,  'r':  0.4 ,  'type':  1} ,  {'idp':  67 ,  'x':  7.48 ,  'y':  2.69 ,  'r':  0.4 ,  'type':  1} ,  {'idp':  68 ,  'x':  2.98 ,  'y':  -0.95 ,  'r':  0.4 ,  'type':  1}]
61297,1398777801.1036787,[{'idp':  64 ,  'x':  5.06 ,  'y':  5.29 ,  'r':  0.4 ,  'type':  1} ,  {'idp':  65 ,  'x':  5.92 ,  'y':  4.03 ,  'r':  0.4 ,  'type':  1} ,  {'idp':  67 ,  'x':  7.48 ,  'y':  2.69 ,  'r':  0.4 ,  'type':  1} ,  {'idp':  68 ,  'x':  2.99 ,  'y':  -0.92 ,  'r':  0.4 ,  'type':  1}]
61298,1398777801.143576,[{'idp':  64 ,  'x':  5.06 ,  'y':  5.31 ,  'r':  0.4 ,  'type':  1} ,  {'idp':  65 ,  'x':  5.95 ,  'y':  4.05 ,  'r':  0.4 ,  'type':  1} ,  {'idp':  67 ,  'x':  7.55 ,  'y':  2.71 ,  'r':  0.4 ,  'type':  1} ,  {'idp':  68 ,  'x':  2.99 ,  'y':  -0.89 ,  'r':  0.4 ,  'type':  1}]
61299,1398777801.1436121,[{'idp':  64 ,  'x':  5.04 ,  'y':  5.31 ,  'r':  0.4 ,  'type':  1} ,  {'idp':  65 ,  'x':  5.94 ,  'y':  4.08 ,  'r':  0.4 ,  'type':  1} ,  {'idp':  67 ,  'x':  7.59 ,  'y':  2.76 ,  'r':  0.4 ,  'type':  1} ,  {'idp':  68 ,  'x':  2.99 ,  'y':  -0.87 ,  'r':  0.4 ,  'type':  1}]
61300,1398777801.1836329,[{'idp':  64 ,  'x':  5.01 ,  'y':  5.33 ,  'r':  0.4 ,  'type':  1} ,  {'idp':  65 ,  'x':  5.93 ,  'y':  4.11 ,  'r':  0.4 ,  'type':  1} ,  {'idp':  67 ,  'x':  7.61 ,  'y':  2.83 ,  'r':  0.4 ,  'type':  1} ,  {'idp':  68 ,  'x':  2.99 ,  'y':  -0.83 ,  'r':  0.4 ,  'type':  1}]
61301,1398777801.1891394,[{'idp':  64 ,  'x':  4.94 ,  'y':  5.32 ,  'r':  0.4 ,  'type':  1} ,  {'idp':  65 ,  'x':  5.9 ,  'y':  4.15 ,  'r':  0.4 ,  'type':  1} ,  {'idp':  67 ,  'x':  7.59 ,  'y':  2.88 ,  'r':  0.4 ,  'type':  1} ,  {'idp':  68 ,  'x':  3.0 ,  'y':  -0.81 ,  'r':  0.4 ,  'type':  1}]
61302,1398777801.2276342,[{'idp':  64 ,  'x':  4.89 ,  'y':  5.32 ,  'r':  0.4 ,  'type':  1} ,  {'idp':  65 ,  'x':  5.91 ,  'y':  4.19 ,  'r':  0.4 ,  'type':  1} ,  {'idp':  67 ,  'x':  7.56 ,  'y':  2.92 ,  'r':  0.4 ,  'type':  1} ,  {'idp':  68 ,  'x':  3.0 ,  'y':  -0.78 ,  'r':  0.4 ,  'type':  1}]
61303,1398777801.2675722,[{'idp':  64 ,  'x':  4.89 ,  'y':  5.33 ,  'r':  0.4 ,  'type':  1} ,  {'idp':  65 ,  'x':  5.86 ,  'y':  4.22 ,  'r':  0.4 ,  'type':  1} ,  {'idp':  67 ,  'x':  7.54 ,  'y':  2.95 ,  'r':  0.4 ,  'type':  1} ,  {'idp':  68 ,  'x':  3.01 ,  'y':  -0.76 ,  'r':  0.4 ,  'type':  1}]
61304,1398777801.2676156,[{'idp':  64 ,  'x':  4.86 ,  'y':  5.35 ,  'r':  0.4 ,  'type':  1} ,  {'idp':  65 ,  'x':  5.88 ,  'y':  4.25 ,  'r':  0.4 ,  'type':  1} ,  {'idp':  67 ,  'x':  7.54 ,  'y':  2.99 ,  'r':  0.4 ,  'type':  1} ,  {'idp':  68 ,  'x':  3.02 ,  'y':  -0.72 ,  'r':  0.4 ,  'type':  1}]
61305,1398777801.3076873,[{'idp':  64 ,  'x':  4.83 ,  'y':  5.39 ,  'r':  0.4 ,  'type':  1} ,  {'idp':  65 ,  'x':  5.89 ,  'y':  4.27 ,  'r':  0.4 ,  'type':  1} ,  {'idp':  67 ,  'x':  7.52 ,  'y':  3.0 ,  'r':  0.4 ,  'type':  1} ,  {'idp':  68 ,  'x':  3.03 ,  'y':  -0.69 ,  'r':  0.4 ,  'type':  1}]
61306,1398777801.3151796,[{'idp':  64 ,  'x':  4.83 ,  'y':  5.41 ,  'r':  0.4 ,  'type':  1} ,  {'idp':  65 ,  'x':  5.88 ,  'y':  4.31 ,  'r':  0.4 ,  'type':  1} ,  {'idp':  67 ,  'x':  7.51 ,  'y':  3.03 ,  'r':  0.4 ,  'type':  1} ,  {'idp':  68 ,  'x':  3.02 ,  'y':  -0.67 ,  'r':  0.4 ,  'type':  1}]
61307,1398777801.351625,[{'idp':  64 ,  'x':  4.8 ,  'y':  5.43 ,  'r':  0.4 ,  'type':  1} ,  {'idp':  65 ,  'x':  5.87 ,  'y':  4.34 ,  'r':  0.4 ,  'type':  1} ,  {'idp':  67 ,  'x':  7.5 ,  'y':  3.07 ,  'r':  0.4 ,  'type':  1} ,  {'idp':  68 ,  'x':  3.03 ,  'y':  -0.63 ,  'r':  0.4 ,  'type':  1}]
61308,1398777801.3915477,[{'idp':  64 ,  'x':  4.8 ,  'y':  5.47 ,  'r':  0.4 ,  'type':  1} ,  {'idp':  65 ,  'x':  5.89 ,  'y':  4.37 ,  'r':  0.4 ,  'type':  1} ,  {'idp':  67 ,  'x':  7.49 ,  'y':  3.1 ,  'r':  0.4 ,  'type':  1} ,  {'idp':  68 ,  'x':  3.03 ,  'y':  -0.6 ,  'r':  0.4 ,  'type':  1}]
61309,1398777801.3915796,[{'idp':  64 ,  'x':  4.77 ,  'y':  5.49 ,  'r':  0.4 ,  'type':  1} ,  {'idp':  65 ,  'x':  5.87 ,  'y':  4.4 ,  'r':  0.4 ,  'type':  1} ,  {'idp':  67 ,  'x':  7.43 ,  'y':  3.12 ,  'r':  0.4 ,  'type':  1} ,  {'idp':  68 ,  'x':  3.04 ,  'y':  -0.57 ,  'r':  0.4 ,  'type':  1}]
61310,1398777801.4316165,[{'idp':  64 ,  'x':  4.78 ,  'y':  5.5 ,  'r':  0.4 ,  'type':  1} ,  {'idp':  65 ,  'x':  5.89 ,  'y':  4.42 ,  'r':  0.4 ,  'type':  1} ,  {'idp':  67 ,  'x':  7.46 ,  'y':  3.15 ,  'r':  0.4 ,  'type':  1} ,  {'idp':  68 ,  'x':  3.05 ,  'y':  -0.55 ,  'r':  0.4 ,  'type':  1}]
61311,1398777801.440134,[{'idp':  64 ,  'x':  4.75 ,  'y':  5.52 ,  'r':  0.4 ,  'type':  1} ,  {'idp':  65 ,  'x':  5.89 ,  'y':  4.45 ,  'r':  0.4 ,  'type':  1} ,  {'idp':  67 ,  'x':  7.46 ,  'y':  3.17 ,  'r':  0.4 ,  'type':  1} ,  {'idp':  68 ,  'x':  3.06 ,  'y':  -0.52 ,  'r':  0.4 ,  'type':  1}]
61312,1398777801.479657,[{'idp':  64 ,  'x':  4.72 ,  'y':  5.57 ,  'r':  0.4 ,  'type':  1} ,  {'idp':  65 ,  'x':  5.88 ,  'y':  4.49 ,  'r':  0.4 ,  'type':  1} ,  {'idp':  67 ,  'x':  7.44 ,  'y':  3.21 ,  'r':  0.4 ,  'type':  1} ,  {'idp':  68 ,  'x':  3.07 ,  'y':  -0.47 ,  'r':  0.4 ,  'type':  1}]
61313,1398777801.519635,[{'idp':  64 ,  'x':  4.74 ,  'y':  5.64 ,  'r':  0.4 ,  'type':  1} ,  {'idp':  65 ,  'x':  5.86 ,  'y':  4.52 ,  'r':  0.4 ,  'type':  1} ,  {'idp':  67 ,  'x':  7.45 ,  'y':  3.24 ,  'r':  0.4 ,  'type':  1} ,  {'idp':  68 ,  'x':  3.07 ,  'y':  -0.42 ,  'r':  0.4 ,  'type':  1}]
61314,1398777801.5196655,[{'idp':  64 ,  'x':  4.78 ,  'y':  5.75 ,  'r':  0.4 ,  'type':  1} ,  {'idp':  65 ,  'x':  5.87 ,  'y':  4.54 ,  'r':  0.4 ,  'type':  1} ,  {'idp':  67 ,  'x':  7.36 ,  'y':  3.22 ,  'r':  0.4 ,  'type':  1} ,  {'idp':  68 ,  'x':  3.07 ,  'y':  -0.39 ,  'r':  0.4 ,  'type':  1}]
61315,1398777801.5596144,[{'idp':  64 ,  'x':  4.75 ,  'y':  5.74 ,  'r':  0.4 ,  'type':  1} ,  {'idp':  65 ,  'x':  5.86 ,  'y':  4.58 ,  'r':  0.4 ,  'type':  1} ,  {'idp':  67 ,  'x':  7.4 ,  'y':  3.24 ,  'r':  0.4 ,  'type':  1} ,  {'idp':  68 ,  'x':  3.07 ,  'y':  -0.34 ,  'r':  0.4 ,  'type':  1}]
61316,1398777801.5662704,[{'idp':  64 ,  'x':  4.75 ,  'y':  5.79 ,  'r':  0.4 ,  'type':  1} ,  {'idp':  65 ,  'x':  5.87 ,  'y':  4.59 ,  'r':  0.4 ,  'type':  1} ,  {'idp':  67 ,  'x':  7.3 ,  'y':  3.21 ,  'r':  0.4 ,  'type':  1} ,  {'idp':  68 ,  'x':  3.07 ,  'y':  -0.3 ,  'r':  0.4 ,  'type':  1}]
61317,1398777801.6036396,[{'idp':  64 ,  'x':  4.79 ,  'y':  5.86 ,  'r':  0.4 ,  'type':  1} ,  {'idp':  65 ,  'x':  5.86 ,  'y':  4.62 ,  'r':  0.4 ,  'type':  1} ,  {'idp':  67 ,  'x':  7.3 ,  'y':  3.21 ,  'r':  0.4 ,  'type':  1} ,  {'idp':  68 ,  'x':  3.06 ,  'y':  -0.26 ,  'r':  0.4 ,  'type':  1}]
61318,1398777801.6435592,[{'idp':  64 ,  'x':  4.8 ,  'y':  5.93 ,  'r':  0.4 ,  'type':  1} ,  {'idp':  65 ,  'x':  5.84 ,  'y':  4.62 ,  'r':  0.4 ,  'type':  1} ,  {'idp':  67 ,  'x':  7.3 ,  'y':  3.21 ,  'r':  0.4 ,  'type':  1} ,  {'idp':  68 ,  'x':  3.06 ,  'y':  -0.22 ,  'r':  0.4 ,  'type':  1}]
61319,1398777801.6435928,[{'idp':  64 ,  'x':  4.8 ,  'y':  5.95 ,  'r':  0.4 ,  'type':  1} ,  {'idp':  65 ,  'x':  5.8 ,  'y':  4.61 ,  'r':  0.4 ,  'type':  1} ,  {'idp':  67 ,  'x':  7.3 ,  'y':  3.21 ,  'r':  0.4 ,  'type':  1} ,  {'idp':  68 ,  'x':  3.1 ,  'y':  -0.18 ,  'r':  0.4 ,  'type':  1}]
61320,1398777801.6835773,[{'idp':  64 ,  'x':  4.79 ,  'y':  5.99 ,  'r':  0.4 ,  'type':  1} ,  {'idp':  65 ,  'x':  5.79 ,  'y':  4.65 ,  'r':  0.4 ,  'type':  1} ,  {'idp':  67 ,  'x':  7.3 ,  'y':  3.21 ,  'r':  0.4 ,  'type':  1} ,  {'idp':  68 ,  'x':  3.12 ,  'y':  -0.15 ,  'r':  0.4 ,  'type':  1}]
61321,1398777801.691134,[{'idp':  64 ,  'x':  4.77 ,  'y':  6.05 ,  'r':  0.4 ,  'type':  1} ,  {'idp':  65 ,  'x':  5.79 ,  'y':  4.71 ,  'r':  0.4 ,  'type':  1} ,  {'idp':  67 ,  'x':  7.3 ,  'y':  3.21 ,  'r':  0.4 ,  'type':  1} ,  {'idp':  68 ,  'x':  3.13 ,  'y':  -0.11 ,  'r':  0.4 ,  'type':  1}]
61322,1398777801.727606,[{'idp':  64 ,  'x':  4.75 ,  'y':  6.05 ,  'r':  0.4 ,  'type':  1} ,  {'idp':  65 ,  'x':  5.8 ,  'y':  4.76 ,  'r':  0.4 ,  'type':  1} ,  {'idp':  67 ,  'x':  7.3 ,  'y':  3.21 ,  'r':  0.4 ,  'type':  1} ,  {'idp':  68 ,  'x':  3.14 ,  'y':  -0.09 ,  'r':  0.4 ,  'type':  1}]
61323,1398777801.767572,[{'idp':  64 ,  'x':  4.76 ,  'y':  6.09 ,  'r':  0.4 ,  'type':  1} ,  {'idp':  65 ,  'x':  5.81 ,  'y':  4.81 ,  'r':  0.4 ,  'type':  1} ,  {'idp':  67 ,  'x':  7.3 ,  'y':  3.21 ,  'r':  0.4 ,  'type':  1} ,  {'idp':  68 ,  'x':  3.14 ,  'y':  -0.05 ,  'r':  0.4 ,  'type':  1}]
61324,1398777801.7676058,[{'idp':  64 ,  'x':  4.72 ,  'y':  6.15 ,  'r':  0.4 ,  'type':  1} ,  {'idp':  65 ,  'x':  5.8 ,  'y':  4.86 ,  'r':  0.4 ,  'type':  1} ,  {'idp':  67 ,  'x':  7.3 ,  'y':  3.21 ,  'r':  0.4 ,  'type':  1} ,  {'idp':  68 ,  'x':  3.16 ,  'y':  -0.01 ,  'r':  0.4 ,  'type':  1}]
61325,1398777801.807603,[{'idp':  64 ,  'x':  4.69 ,  'y':  6.2 ,  'r':  0.4 ,  'type':  1} ,  {'idp':  65 ,  'x':  5.78 ,  'y':  4.92 ,  'r':  0.4 ,  'type':  1} ,  {'idp':  67 ,  'x':  7.3 ,  'y':  3.21 ,  'r':  0.4 ,  'type':  1} ,  {'idp':  68 ,  'x':  3.15 ,  'y':  0.02 ,  'r':  0.4 ,  'type':  1}]
61326,1398777801.817204,[{'idp':  64 ,  'x':  4.64 ,  'y':  6.25 ,  'r':  0.4 ,  'type':  1} ,  {'idp':  65 ,  'x':  5.76 ,  'y':  4.96 ,  'r':  0.4 ,  'type':  1} ,  {'idp':  68 ,  'x':  3.16 ,  'y':  0.07 ,  'r':  0.4 ,  'type':  1}]
61327,1398777801.8556025,[{'idp':  64 ,  'x':  4.62 ,  'y':  6.3 ,  'r':  0.4 ,  'type':  1} ,  {'idp':  65 ,  'x':  5.73 ,  'y':  5.0 ,  'r':  0.4 ,  'type':  1} ,  {'idp':  68 ,  'x':  3.16 ,  'y':  0.1 ,  'r':  0.4 ,  'type':  1}]
61328,1398777801.8955848,[{'idp':  64 ,  'x':  4.65 ,  'y':  6.32 ,  'r':  0.4 ,  'type':  1} ,  {'idp':  65 ,  'x':  5.73 ,  'y':  5.0 ,  'r':  0.4 ,  'type':  1} ,  {'idp':  68 ,  'x':  3.16 ,  'y':  0.12 ,  'r':  0.4 ,  'type':  1}]
61329,1398777801.8956146,[{'idp':  64 ,  'x':  4.66 ,  'y':  6.3 ,  'r':  0.4 ,  'type':  1} ,  {'idp':  65 ,  'x':  5.78 ,  'y':  5.0 ,  'r':  0.4 ,  'type':  1} ,  {'idp':  68 ,  'x':  3.17 ,  'y':  0.13 ,  'r':  0.4 ,  'type':  1}]
61330,1398777801.9356008,[{'idp':  64 ,  'x':  4.68 ,  'y':  6.33 ,  'r':  0.4 ,  'type':  1} ,  {'idp':  65 ,  'x':  5.79 ,  'y':  5.01 ,  'r':  0.4 ,  'type':  1} ,  {'idp':  68 ,  'x':  3.18 ,  'y':  0.14 ,  'r':  0.4 ,  'type':  1}]
61331,1398777801.94398,[{'idp':  64 ,  'x':  4.66 ,  'y':  6.37 ,  'r':  0.4 ,  'type':  1} ,  {'idp':  65 ,  'x':  5.78 ,  'y':  5.04 ,  'r':  0.4 ,  'type':  1} ,  {'idp':  68 ,  'x':  3.18 ,  'y':  0.17 ,  'r':  0.4 ,  'type':  1}]
61332,1398777801.983589,[{'idp':  64 ,  'x':  4.67 ,  'y':  6.39 ,  'r':  0.4 ,  'type':  1} ,  {'idp':  65 ,  'x':  5.76 ,  'y':  5.07 ,  'r':  0.4 ,  'type':  1} ,  {'idp':  68 ,  'x':  3.18 ,  'y':  0.2 ,  'r':  0.4 ,  'type':  1}]
61333,1398777802.02359,[{'idp':  64 ,  'x':  4.63 ,  'y':  6.44 ,  'r':  0.4 ,  'type':  1} ,  {'idp':  65 ,  'x':  5.75 ,  'y':  5.09 ,  'r':  0.4 ,  'type':  1} ,  {'idp':  68 ,  'x':  3.2 ,  'y':  0.24 ,  'r':  0.4 ,  'type':  1}]
61334,1398777802.0236197,[{'idp':  64 ,  'x':  4.66 ,  'y':  6.43 ,  'r':  0.4 ,  'type':  1} ,  {'idp':  65 ,  'x':  5.76 ,  'y':  5.1 ,  'r':  0.4 ,  'type':  1} ,  {'idp':  68 ,  'x':  3.21 ,  'y':  0.27 ,  'r':  0.4 ,  'type':  1}]
61335,1398777802.0636604,[{'idp':  64 ,  'x':  4.64 ,  'y':  6.47 ,  'r':  0.4 ,  'type':  1} ,  {'idp':  65 ,  'x':  5.75 ,  'y':  5.11 ,  'r':  0.4 ,  'type':  1} ,  {'idp':  68 ,  'x':  3.21 ,  'y':  0.31 ,  'r':  0.4 ,  'type':  1}]
61336,1398777802.0690203,[{'idp':  64 ,  'x':  4.61 ,  'y':  6.49 ,  'r':  0.4 ,  'type':  1} ,  {'idp':  65 ,  'x':  5.72 ,  'y':  5.13 ,  'r':  0.4 ,  'type':  1} ,  {'idp':  68 ,  'x':  3.21 ,  'y':  0.34 ,  'r':  0.4 ,  'type':  1}]
61337,1398777802.107643,[{'idp':  64 ,  'x':  4.6 ,  'y':  6.54 ,  'r':  0.4 ,  'type':  1} ,  {'idp':  65 ,  'x':  5.66 ,  'y':  5.14 ,  'r':  0.4 ,  'type':  1} ,  {'idp':  68 ,  'x':  3.22 ,  'y':  0.38 ,  'r':  0.4 ,  'type':  1}]
61338,1398777802.147644,[{'idp':  64 ,  'x':  4.58 ,  'y':  6.57 ,  'r':  0.4 ,  'type':  1} ,  {'idp':  65 ,  'x':  5.65 ,  'y':  5.16 ,  'r':  0.4 ,  'type':  1} ,  {'idp':  68 ,  'x':  3.21 ,  'y':  0.42 ,  'r':  0.4 ,  'type':  1}]
61339,1398777802.1476758,[{'idp':  64 ,  'x':  4.57 ,  'y':  6.61 ,  'r':  0.4 ,  'type':  1} ,  {'idp':  65 ,  'x':  5.66 ,  'y':  5.24 ,  'r':  0.4 ,  'type':  1} ,  {'idp':  68 ,  'x':  3.21 ,  'y':  0.46 ,  'r':  0.4 ,  'type':  1}]
61340,1398777802.1877143,[{'idp':  64 ,  'x':  4.56 ,  'y':  6.63 ,  'r':  0.4 ,  'type':  1} ,  {'idp':  65 ,  'x':  5.7 ,  'y':  5.27 ,  'r':  0.4 ,  'type':  1} ,  {'idp':  68 ,  'x':  3.2 ,  'y':  0.49 ,  'r':  0.4 ,  'type':  1}]
61341,1398777802.1942809,[{'idp':  64 ,  'x':  4.53 ,  'y':  6.65 ,  'r':  0.4 ,  'type':  1} ,  {'idp':  65 ,  'x':  5.73 ,  'y':  5.32 ,  'r':  0.4 ,  'type':  1} ,  {'idp':  68 ,  'x':  3.21 ,  'y':  0.54 ,  'r':  0.4 ,  'type':  1}]
61342,1398777802.2316132,[{'idp':  64 ,  'x':  4.51 ,  'y':  6.67 ,  'r':  0.4 ,  'type':  1} ,  {'idp':  65 ,  'x':  5.74 ,  'y':  5.36 ,  'r':  0.4 ,  'type':  1} ,  {'idp':  68 ,  'x':  3.25 ,  'y':  0.59 ,  'r':  0.4 ,  'type':  1}]
61343,1398777802.271595,[{'idp':  64 ,  'x':  4.49 ,  'y':  6.69 ,  'r':  0.4 ,  'type':  1} ,  {'idp':  65 ,  'x':  5.74 ,  'y':  5.38 ,  'r':  0.4 ,  'type':  1} ,  {'idp':  68 ,  'x':  3.28 ,  'y':  0.64 ,  'r':  0.4 ,  'type':  1}]
61344,1398777802.2716253,[{'idp':  64 ,  'x':  4.45 ,  'y':  6.71 ,  'r':  0.4 ,  'type':  1} ,  {'idp':  65 ,  'x':  5.74 ,  'y':  5.41 ,  'r':  0.4 ,  'type':  1} ,  {'idp':  68 ,  'x':  3.3 ,  'y':  0.69 ,  'r':  0.4 ,  'type':  1}]
61345,1398777802.3115735,[{'idp':  64 ,  'x':  4.46 ,  'y':  6.76 ,  'r':  0.4 ,  'type':  1} ,  {'idp':  65 ,  'x':  5.74 ,  'y':  5.45 ,  'r':  0.4 ,  'type':  1} ,  {'idp':  68 ,  'x':  3.3 ,  'y':  0.72 ,  'r':  0.4 ,  'type':  1}]
61346,1398777802.3183424,[{'idp':  64 ,  'x':  4.41 ,  'y':  6.76 ,  'r':  0.4 ,  'type':  1} ,  {'idp':  65 ,  'x':  5.75 ,  'y':  5.46 ,  'r':  0.4 ,  'type':  1} ,  {'idp':  68 ,  'x':  3.31 ,  'y':  0.77 ,  'r':  0.4 ,  'type':  1}]
61347,1398777802.3555913,[{'idp':  64 ,  'x':  4.42 ,  'y':  6.81 ,  'r':  0.4 ,  'type':  1} ,  {'idp':  65 ,  'x':  5.75 ,  'y':  5.48 ,  'r':  0.4 ,  'type':  1} ,  {'idp':  68 ,  'x':  3.32 ,  'y':  0.82 ,  'r':  0.4 ,  'type':  1}]
61348,1398777802.3956413,[{'idp':  64 ,  'x':  4.4 ,  'y':  6.88 ,  'r':  0.4 ,  'type':  1} ,  {'idp':  65 ,  'x':  5.77 ,  'y':  5.52 ,  'r':  0.4 ,  'type':  1} ,  {'idp':  68 ,  'x':  3.32 ,  'y':  0.84 ,  'r':  0.4 ,  'type':  1}]
61349,1398777802.3956652,[{'idp':  64 ,  'x':  4.44 ,  'y':  6.91 ,  'r':  0.4 ,  'type':  1} ,  {'idp':  65 ,  'x':  5.77 ,  'y':  5.54 ,  'r':  0.4 ,  'type':  1} ,  {'idp':  68 ,  'x':  3.32 ,  'y':  0.89 ,  'r':  0.4 ,  'type':  1}]
61350,1398777802.43563,[{'idp':  64 ,  'x':  4.4 ,  'y':  6.97 ,  'r':  0.4 ,  'type':  1} ,  {'idp':  65 ,  'x':  5.79 ,  'y':  5.57 ,  'r':  0.4 ,  'type':  1} ,  {'idp':  68 ,  'x':  3.31 ,  'y':  0.92 ,  'r':  0.4 ,  'type':  1}]
61351,1398777802.4430013,[{'idp':  64 ,  'x':  4.43 ,  'y':  6.98 ,  'r':  0.4 ,  'type':  1} ,  {'idp':  65 ,  'x':  5.76 ,  'y':  5.6 ,  'r':  0.4 ,  'type':  1} ,  {'idp':  68 ,  'x':  3.32 ,  'y':  0.96 ,  'r':  0.4 ,  'type':  1}]
61352,1398777802.4795709,[{'idp':  64 ,  'x':  4.41 ,  'y':  7.02 ,  'r':  0.4 ,  'type':  1} ,  {'idp':  65 ,  'x':  5.74 ,  'y':  5.64 ,  'r':  0.4 ,  'type':  1} ,  {'idp':  68 ,  'x':  3.31 ,  'y':  0.99 ,  'r':  0.4 ,  'type':  1} ,  {'idp':  69 ,  'x':  2.11 ,  'y':  -1.48 ,  'r':  0.4 ,  'type':  1} ,  {'idp':  70 ,  'x':  3.61 ,  'y':  -1.48 ,  'r':  0.4 ,  'type':  1}]
61353,1398777802.5196283,[{'idp':  64 ,  'x':  4.38 ,  'y':  7.01 ,  'r':  0.4 ,  'type':  1} ,  {'idp':  65 ,  'x':  5.72 ,  'y':  5.67 ,  'r':  0.4 ,  'type':  1} ,  {'idp':  68 ,  'x':  3.31 ,  'y':  1.03 ,  'r':  0.4 ,  'type':  1} ,  {'idp':  69 ,  'x':  2.23 ,  'y':  -1.33 ,  'r':  0.4 ,  'type':  1} ,  {'idp':  70 ,  'x':  3.51 ,  'y':  -1.56 ,  'r':  0.4 ,  'type':  1}]
61354,1398777802.5196562,[{'idp':  64 ,  'x':  4.37 ,  'y':  7.06 ,  'r':  0.4 ,  'type':  1} ,  {'idp':  65 ,  'x':  5.71 ,  'y':  5.7 ,  'r':  0.4 ,  'type':  1} ,  {'idp':  68 ,  'x':  3.31 ,  'y':  1.07 ,  'r':  0.4 ,  'type':  1} ,  {'idp':  69 ,  'x':  2.24 ,  'y':  -1.31 ,  'r':  0.4 ,  'type':  1} ,  {'idp':  70 ,  'x':  3.51 ,  'y':  -1.55 ,  'r':  0.4 ,  'type':  1}]
61355,1398777802.559601,[{'idp':  64 ,  'x':  4.33 ,  'y':  7.03 ,  'r':  0.4 ,  'type':  1} ,  {'idp':  65 ,  'x':  5.71 ,  'y':  5.74 ,  'r':  0.4 ,  'type':  1} ,  {'idp':  68 ,  'x':  3.31 ,  'y':  1.1 ,  'r':  0.4 ,  'type':  1} ,  {'idp':  69 ,  'x':  2.25 ,  'y':  -1.28 ,  'r':  0.4 ,  'type':  1} ,  {'idp':  70 ,  'x':  3.52 ,  'y':  -1.52 ,  'r':  0.4 ,  'type':  1}]
61356,1398777802.5687816,[{'idp':  64 ,  'x':  4.29 ,  'y':  7.03 ,  'r':  0.4 ,  'type':  1} ,  {'idp':  65 ,  'x':  5.68 ,  'y':  5.76 ,  'r':  0.4 ,  'type':  1} ,  {'idp':  68 ,  'x':  3.31 ,  'y':  1.13 ,  'r':  0.4 ,  'type':  1} ,  {'idp':  69 ,  'x':  2.27 ,  'y':  -1.25 ,  'r':  0.4 ,  'type':  1} ,  {'idp':  70 ,  'x':  3.53 ,  'y':  -1.51 ,  'r':  0.4 ,  'type':  1}]
61357,1398777802.6076422,[{'idp':  64 ,  'x':  4.26 ,  'y':  7.06 ,  'r':  0.4 ,  'type':  1} ,  {'idp':  65 ,  'x':  5.7 ,  'y':  5.78 ,  'r':  0.4 ,  'type':  1} ,  {'idp':  68 ,  'x':  3.31 ,  'y':  1.14 ,  'r':  0.4 ,  'type':  1} ,  {'idp':  69 ,  'x':  2.28 ,  'y':  -1.21 ,  'r':  0.4 ,  'type':  1} ,  {'idp':  70 ,  'x':  3.53 ,  'y':  -1.48 ,  'r':  0.4 ,  'type':  1}]
61358,1398777802.64755,[{'idp':  64 ,  'x':  4.28 ,  'y':  7.12 ,  'r':  0.4 ,  'type':  1} ,  {'idp':  65 ,  'x':  5.69 ,  'y':  5.82 ,  'r':  0.4 ,  'type':  1} ,  {'idp':  68 ,  'x':  3.32 ,  'y':  1.17 ,  'r':  0.4 ,  'type':  1} ,  {'idp':  69 ,  'x':  2.31 ,  'y':  -1.14 ,  'r':  0.4 ,  'type':  1} ,  {'idp':  70 ,  'x':  3.56 ,  'y':  -1.42 ,  'r':  0.4 ,  'type':  1}]
61359,1398777802.6476133,[{'idp':  64 ,  'x':  4.27 ,  'y':  7.18 ,  'r':  0.4 ,  'type':  1} ,  {'idp':  65 ,  'x':  5.7 ,  'y':  5.84 ,  'r':  0.4 ,  'type':  1} ,  {'idp':  68 ,  'x':  3.31 ,  'y':  1.21 ,  'r':  0.4 ,  'type':  1} ,  {'idp':  69 ,  'x':  2.35 ,  'y':  -1.1 ,  'r':  0.4 ,  'type':  1} ,  {'idp':  70 ,  'x':  3.59 ,  'y':  -1.38 ,  'r':  0.4 ,  'type':  1}]
61360,1398777802.6875873,[{'idp':  64 ,  'x':  4.19 ,  'y':  7.15 ,  'r':  0.4 ,  'type':  1} ,  {'idp':  65 ,  'x':  5.66 ,  'y':  5.89 ,  'r':  0.4 ,  'type':  1} ,  {'idp':  68 ,  'x':  3.31 ,  'y':  1.26 ,  'r':  0.4 ,  'type':  1} ,  {'idp':  69 ,  'x':  2.38 ,  'y':  -1.06 ,  'r':  0.4 ,  'type':  1} ,  {'idp':  70 ,  'x':  3.6 ,  'y':  -1.31 ,  'r':  0.4 ,  'type':  1}]
61361,1398777802.6941285,[{'idp':  64 ,  'x':  4.21 ,  'y':  7.29 ,  'r':  0.4 ,  'type':  1} ,  {'idp':  65 ,  'x':  5.6 ,  'y':  5.95 ,  'r':  0.4 ,  'type':  1} ,  {'idp':  68 ,  'x':  3.3 ,  'y':  1.32 ,  'r':  0.4 ,  'type':  1} ,  {'idp':  69 ,  'x':  2.41 ,  'y':  -1.01 ,  'r':  0.4 ,  'type':  1} ,  {'idp':  70 ,  'x':  3.6 ,  'y':  -1.31 ,  'r':  0.4 ,  'type':  1}]
61362,1398777802.731593,[{'idp':  64 ,  'x':  4.14 ,  'y':  7.32 ,  'r':  0.4 ,  'type':  1} ,  {'idp':  65 ,  'x':  5.55 ,  'y':  6.0 ,  'r':  0.4 ,  'type':  1} ,  {'idp':  68 ,  'x':  3.3 ,  'y':  1.37 ,  'r':  0.4 ,  'type':  1} ,  {'idp':  69 ,  'x':  2.44 ,  'y':  -0.96 ,  'r':  0.4 ,  'type':  1} ,  {'idp':  70 ,  'x':  3.48 ,  'y':  -1.41 ,  'r':  0.4 ,  'type':  1}]
61363,1398777802.7715807,[{'idp':  64 ,  'x':  4.08 ,  'y':  7.37 ,  'r':  0.4 ,  'type':  1} ,  {'idp':  65 ,  'x':  5.5 ,  'y':  6.06 ,  'r':  0.4 ,  'type':  1} ,  {'idp':  68 ,  'x':  3.29 ,  'y':  1.41 ,  'r':  0.4 ,  'type':  1} ,  {'idp':  69 ,  'x':  2.46 ,  'y':  -0.92 ,  'r':  0.4 ,  'type':  1} ,  {'idp':  70 ,  'x':  3.53 ,  'y':  -1.34 ,  'r':  0.4 ,  'type':  1}]
61364,1398777802.7716103,[{'idp':  64 ,  'x':  4.06 ,  'y':  7.44 ,  'r':  0.4 ,  'type':  1} ,  {'idp':  65 ,  'x':  5.47 ,  'y':  6.11 ,  'r':  0.4 ,  'type':  1} ,  {'idp':  68 ,  'x':  3.28 ,  'y':  1.47 ,  'r':  0.4 ,  'type':  1} ,  {'idp':  69 ,  'x':  2.48 ,  'y':  -0.87 ,  'r':  0.4 ,  'type':  1} ,  {'idp':  70 ,  'x':  3.59 ,  'y':  -1.28 ,  'r':  0.4 ,  'type':  1}]
61365,1398777802.811745,[{'idp':  64 ,  'x':  3.99 ,  'y':  7.46 ,  'r':  0.4 ,  'type':  1} ,  {'idp':  65 ,  'x':  5.45 ,  'y':  6.16 ,  'r':  0.4 ,  'type':  1} ,  {'idp':  68 ,  'x':  3.27 ,  'y':  1.52 ,  'r':  0.4 ,  'type':  1} ,  {'idp':  69 ,  'x':  2.5 ,  'y':  -0.83 ,  'r':  0.4 ,  'type':  1} ,  {'idp':  70 ,  'x':  3.61 ,  'y':  -1.22 ,  'r':  0.4 ,  'type':  1}]
61366,1398777802.81951,[{'idp':  64 ,  'x':  3.95 ,  'y':  7.51 ,  'r':  0.4 ,  'type':  1} ,  {'idp':  65 ,  'x':  5.44 ,  'y':  6.2 ,  'r':  0.4 ,  'type':  1} ,  {'idp':  68 ,  'x':  3.25 ,  'y':  1.57 ,  'r':  0.4 ,  'type':  1} ,  {'idp':  69 ,  'x':  2.51 ,  'y':  -0.78 ,  'r':  0.4 ,  'type':  1} ,  {'idp':  70 ,  'x':  3.61 ,  'y':  -1.17 ,  'r':  0.4 ,  'type':  1}]
61367,1398777802.8556457,[{'idp':  64 ,  'x':  3.87 ,  'y':  7.52 ,  'r':  0.4 ,  'type':  1} ,  {'idp':  65 ,  'x':  5.44 ,  'y':  6.26 ,  'r':  0.4 ,  'type':  1} ,  {'idp':  68 ,  'x':  3.24 ,  'y':  1.62 ,  'r':  0.4 ,  'type':  1} ,  {'idp':  69 ,  'x':  2.52 ,  'y':  -0.75 ,  'r':  0.4 ,  'type':  1} ,  {'idp':  70 ,  'x':  3.63 ,  'y':  -1.14 ,  'r':  0.4 ,  'type':  1}]
61368,1398777802.8955874,[{'idp':  64 ,  'x':  3.78 ,  'y':  7.47 ,  'r':  0.4 ,  'type':  1} ,  {'idp':  65 ,  'x':  5.42 ,  'y':  6.29 ,  'r':  0.4 ,  'type':  1} ,  {'idp':  68 ,  'x':  3.22 ,  'y':  1.68 ,  'r':  0.4 ,  'type':  1} ,  {'idp':  69 ,  'x':  2.54 ,  'y':  -0.7 ,  'r':  0.4 ,  'type':  1} ,  {'idp':  70 ,  'x':  3.63 ,  'y':  -1.11 ,  'r':  0.4 ,  'type':  1}]
61369,1398777802.8956215,[{'idp':  64 ,  'x':  3.74 ,  'y':  7.49 ,  'r':  0.4 ,  'type':  1} ,  {'idp':  65 ,  'x':  5.43 ,  'y':  6.33 ,  'r':  0.4 ,  'type':  1} ,  {'idp':  68 ,  'x':  3.21 ,  'y':  1.72 ,  'r':  0.4 ,  'type':  1} ,  {'idp':  69 ,  'x':  2.54 ,  'y':  -0.67 ,  'r':  0.4 ,  'type':  1} ,  {'idp':  70 ,  'x':  3.66 ,  'y':  -1.08 ,  'r':  0.4 ,  'type':  1}]
61370,1398777802.9356613,[{'idp':  64 ,  'x':  3.71 ,  'y':  7.51 ,  'r':  0.4 ,  'type':  1} ,  {'idp':  65 ,  'x':  5.39 ,  'y':  6.34 ,  'r':  0.4 ,  'type':  1} ,  {'idp':  68 ,  'x':  3.19 ,  'y':  1.76 ,  'r':  0.4 ,  'type':  1} ,  {'idp':  69 ,  'x':  2.54 ,  'y':  -0.65 ,  'r':  0.4 ,  'type':  1} ,  {'idp':  70 ,  'x':  3.66 ,  'y':  -1.05 ,  'r':  0.4 ,  'type':  1}]
61371,1398777802.945101,[{'idp':  64 ,  'x':  3.63 ,  'y':  7.52 ,  'r':  0.4 ,  'type':  1} ,  {'idp':  65 ,  'x':  5.33 ,  'y':  6.33 ,  'r':  0.4 ,  'type':  1} ,  {'idp':  68 ,  'x':  3.14 ,  'y':  1.78 ,  'r':  0.4 ,  'type':  1} ,  {'idp':  69 ,  'x':  2.56 ,  'y':  -0.59 ,  'r':  0.4 ,  'type':  1} ,  {'idp':  70 ,  'x':  3.66 ,  'y':  -1.12 ,  'r':  0.4 ,  'type':  1}]
61372,1398777802.9836571,[{'idp':  64 ,  'x':  3.6 ,  'y':  7.55 ,  'r':  0.4 ,  'type':  1} ,  {'idp':  65 ,  'x':  5.38 ,  'y':  6.41 ,  'r':  0.4 ,  'type':  1} ,  {'idp':  68 ,  'x':  3.16 ,  'y':  1.82 ,  'r':  0.4 ,  'type':  1} ,  {'idp':  69 ,  'x':  2.56 ,  'y':  -0.56 ,  'r':  0.4 ,  'type':  1} ,  {'idp':  70 ,  'x':  3.65 ,  'y':  -1.15 ,  'r':  0.4 ,  'type':  1}]
61373,1398777803.023597,[{'idp':  64 ,  'x':  3.59 ,  'y':  7.62 ,  'r':  0.4 ,  'type':  1} ,  {'idp':  65 ,  'x':  5.38 ,  'y':  6.47 ,  'r':  0.4 ,  'type':  1} ,  {'idp':  68 ,  'x':  3.17 ,  'y':  1.88 ,  'r':  0.4 ,  'type':  1} ,  {'idp':  69 ,  'x':  2.55 ,  'y':  -0.53 ,  'r':  0.4 ,  'type':  1} ,  {'idp':  70 ,  'x':  3.64 ,  'y':  -1.28 ,  'r':  0.4 ,  'type':  1}]
61374,1398777803.0236278,[{'idp':  64 ,  'x':  3.58 ,  'y':  7.68 ,  'r':  0.4 ,  'type':  1} ,  {'idp':  65 ,  'x':  5.39 ,  'y':  6.54 ,  'r':  0.4 ,  'type':  1} ,  {'idp':  68 ,  'x':  3.18 ,  'y':  1.96 ,  'r':  0.4 ,  'type':  1} ,  {'idp':  69 ,  'x':  2.55 ,  'y':  -0.49 ,  'r':  0.4 ,  'type':  1} ,  {'idp':  70 ,  'x':  3.62 ,  'y':  -1.2 ,  'r':  0.4 ,  'type':  1}]
61375,1398777803.0636785,[{'idp':  64 ,  'x':  3.58 ,  'y':  7.76 ,  'r':  0.4 ,  'type':  1} ,  {'idp':  65 ,  'x':  5.34 ,  'y':  6.59 ,  'r':  0.4 ,  'type':  1} ,  {'idp':  68 ,  'x':  3.17 ,  'y':  2.0 ,  'r':  0.4 ,  'type':  1} ,  {'idp':  69 ,  'x':  2.56 ,  'y':  -0.44 ,  'r':  0.4 ,  'type':  1} ,  {'idp':  70 ,  'x':  3.62 ,  'y':  -1.14 ,  'r':  0.4 ,  'type':  1}]
61376,1398777803.073426,[{'idp':  64 ,  'x':  3.52 ,  'y':  7.87 ,  'r':  0.4 ,  'type':  1} ,  {'idp':  65 ,  'x':  5.27 ,  'y':  6.65 ,  'r':  0.4 ,  'type':  1} ,  {'idp':  68 ,  'x':  3.15 ,  'y':  2.07 ,  'r':  0.4 ,  'type':  1} ,  {'idp':  69 ,  'x':  2.57 ,  'y':  -0.39 ,  'r':  0.4 ,  'type':  1} ,  {'idp':  70 ,  'x':  3.66 ,  'y':  -1.09 ,  'r':  0.4 ,  'type':  1}]
61377,1398777803.1115692,[{'idp':  64 ,  'x':  3.48 ,  'y':  7.92 ,  'r':  0.4 ,  'type':  1} ,  {'idp':  65 ,  'x':  5.27 ,  'y':  6.74 ,  'r':  0.4 ,  'type':  1} ,  {'idp':  68 ,  'x':  3.14 ,  'y':  2.11 ,  'r':  0.4 ,  'type':  1} ,  {'idp':  69 ,  'x':  2.58 ,  'y':  -0.34 ,  'r':  0.4 ,  'type':  1} ,  {'idp':  70 ,  'x':  3.65 ,  'y':  -1.04 ,  'r':  0.4 ,  'type':  1}]
61378,1398777803.151676,[{'idp':  64 ,  'x':  3.46 ,  'y':  7.96 ,  'r':  0.4 ,  'type':  1} ,  {'idp':  65 ,  'x':  5.23 ,  'y':  6.75 ,  'r':  0.4 ,  'type':  1} ,  {'idp':  68 ,  'x':  3.12 ,  'y':  2.15 ,  'r':  0.4 ,  'type':  1} ,  {'idp':  69 ,  'x':  2.57 ,  'y':  -0.33 ,  'r':  0.4 ,  'type':  1} ,  {'idp':  70 ,  'x':  3.63 ,  'y':  -1.02 ,  'r':  0.4 ,  'type':  1}]
61379,1398777803.1517057,[{'idp':  64 ,  'x':  3.45 ,  'y':  7.99 ,  'r':  0.4 ,  'type':  1} ,  {'idp':  65 ,  'x':  5.21 ,  'y':  6.78 ,  'r':  0.4 ,  'type':  1} ,  {'idp':  68 ,  'x':  3.1 ,  'y':  2.18 ,  'r':  0.4 ,  'type':  1} ,  {'idp':  69 ,  'x':  2.58 ,  'y':  -0.31 ,  'r':  0.4 ,  'type':  1} ,  {'idp':  70 ,  'x':  3.63 ,  'y':  -0.97 ,  'r':  0.4 ,  'type':  1}]
61380,1398777803.1916156,[{'idp':  64 ,  'x':  3.36 ,  'y':  8.02 ,  'r':  0.4 ,  'type':  1} ,  {'idp':  65 ,  'x':  5.16 ,  'y':  6.84 ,  'r':  0.4 ,  'type':  1} ,  {'idp':  68 ,  'x':  3.08 ,  'y':  2.22 ,  'r':  0.4 ,  'type':  1} ,  {'idp':  69 ,  'x':  2.58 ,  'y':  -0.27 ,  'r':  0.4 ,  'type':  1} ,  {'idp':  70 ,  'x':  3.63 ,  'y':  -0.91 ,  'r':  0.4 ,  'type':  1}]
61381,1398777803.196882,[{'idp':  64 ,  'x':  3.32 ,  'y':  8.05 ,  'r':  0.4 ,  'type':  1} ,  {'idp':  65 ,  'x':  5.1 ,  'y':  6.89 ,  'r':  0.4 ,  'type':  1} ,  {'idp':  68 ,  'x':  3.06 ,  'y':  2.25 ,  'r':  0.4 ,  'type':  1} ,  {'idp':  69 ,  'x':  2.58 ,  'y':  -0.22 ,  'r':  0.4 ,  'type':  1} ,  {'idp':  70 ,  'x':  3.66 ,  'y':  -0.86 ,  'r':  0.4 ,  'type':  1}]
61382,1398777803.2356205,[{'idp':  64 ,  'x':  3.27 ,  'y':  8.09 ,  'r':  0.4 ,  'type':  1} ,  {'idp':  65 ,  'x':  5.05 ,  'y':  6.92 ,  'r':  0.4 ,  'type':  1} ,  {'idp':  68 ,  'x':  3.03 ,  'y':  2.29 ,  'r':  0.4 ,  'type':  1} ,  {'idp':  69 ,  'x':  2.58 ,  'y':  -0.17 ,  'r':  0.4 ,  'type':  1} ,  {'idp':  70 ,  'x':  3.67 ,  'y':  -0.84 ,  'r':  0.4 ,  'type':  1}]
61383,1398777803.275772,[{'idp':  64 ,  'x':  3.23 ,  'y':  8.13 ,  'r':  0.4 ,  'type':  1} ,  {'idp':  65 ,  'x':  5.04 ,  'y':  6.94 ,  'r':  0.4 ,  'type':  1} ,  {'idp':  68 ,  'x':  3.02 ,  'y':  2.33 ,  'r':  0.4 ,  'type':  1} ,  {'idp':  69 ,  'x':  2.55 ,  'y':  -0.13 ,  'r':  0.4 ,  'type':  1} ,  {'idp':  70 ,  'x':  3.68 ,  'y':  -0.82 ,  'r':  0.4 ,  'type':  1}]
61384,1398777803.27581,[{'idp':  64 ,  'x':  3.31 ,  'y':  8.13 ,  'r':  0.4 ,  'type':  1} ,  {'idp':  65 ,  'x':  5.03 ,  'y':  6.95 ,  'r':  0.4 ,  'type':  1} ,  {'idp':  68 ,  'x':  3.02 ,  'y':  2.36 ,  'r':  0.4 ,  'type':  1} ,  {'idp':  69 ,  'x':  2.53 ,  'y':  -0.08 ,  'r':  0.4 ,  'type':  1} ,  {'idp':  70 ,  'x':  3.68 ,  'y':  -0.81 ,  'r':  0.4 ,  'type':  1}]
61385,1398777803.3156374,[{'idp':  64 ,  'x':  3.19 ,  'y':  8.17 ,  'r':  0.4 ,  'type':  1} ,  {'idp':  65 ,  'x':  4.98 ,  'y':  6.95 ,  'r':  0.4 ,  'type':  1} ,  {'idp':  68 ,  'x':  3.0 ,  'y':  2.39 ,  'r':  0.4 ,  'type':  1} ,  {'idp':  69 ,  'x':  2.54 ,  'y':  -0.01 ,  'r':  0.4 ,  'type':  1} ,  {'idp':  70 ,  'x':  3.68 ,  'y':  -0.8 ,  'r':  0.4 ,  'type':  1}]
61386,1398777803.321128,[{'idp':  64 ,  'x':  3.21 ,  'y':  8.19 ,  'r':  0.4 ,  'type':  1} ,  {'idp':  65 ,  'x':  4.98 ,  'y':  6.99 ,  'r':  0.4 ,  'type':  1} ,  {'idp':  68 ,  'x':  2.97 ,  'y':  2.43 ,  'r':  0.4 ,  'type':  1} ,  {'idp':  69 ,  'x':  2.57 ,  'y':  0.03 ,  'r':  0.4 ,  'type':  1} ,  {'idp':  70 ,  'x':  3.68 ,  'y':  -0.77 ,  'r':  0.4 ,  'type':  1}]
61387,1398777803.359631,[{'idp':  64 ,  'x':  3.17 ,  'y':  8.21 ,  'r':  0.4 ,  'type':  1} ,  {'idp':  65 ,  'x':  4.9 ,  'y':  7.0 ,  'r':  0.4 ,  'type':  1} ,  {'idp':  68 ,  'x':  2.94 ,  'y':  2.47 ,  'r':  0.4 ,  'type':  1} ,  {'idp':  69 ,  'x':  2.58 ,  'y':  0.09 ,  'r':  0.4 ,  'type':  1} ,  {'idp':  70 ,  'x':  3.69 ,  'y':  -0.73 ,  'r':  0.4 ,  'type':  1}]
61388,1398777803.3996286,[{'idp':  64 ,  'x':  3.1 ,  'y':  8.27 ,  'r':  0.4 ,  'type':  1} ,  {'idp':  65 ,  'x':  4.82 ,  'y':  7.08 ,  'r':  0.4 ,  'type':  1} ,  {'idp':  68 ,  'x':  2.9 ,  'y':  2.51 ,  'r':  0.4 ,  'type':  1} ,  {'idp':  69 ,  'x':  2.58 ,  'y':  0.14 ,  'r':  0.4 ,  'type':  1} ,  {'idp':  70 ,  'x':  3.68 ,  'y':  -0.69 ,  'r':  0.4 ,  'type':  1}]
61389,1398777803.39966,[{'idp':  64 ,  'x':  2.99 ,  'y':  8.3 ,  'r':  0.4 ,  'type':  1} ,  {'idp':  65 ,  'x':  4.76 ,  'y':  7.16 ,  'r':  0.4 ,  'type':  1} ,  {'idp':  68 ,  'x':  2.87 ,  'y':  2.57 ,  'r':  0.4 ,  'type':  1} ,  {'idp':  69 ,  'x':  2.59 ,  'y':  0.2 ,  'r':  0.4 ,  'type':  1} ,  {'idp':  70 ,  'x':  3.67 ,  'y':  -0.64 ,  'r':  0.4 ,  'type':  1}]
61390,1398777803.4396067,[{'idp':  64 ,  'x':  2.9 ,  'y':  8.35 ,  'r':  0.4 ,  'type':  1} ,  {'idp':  65 ,  'x':  4.68 ,  'y':  7.21 ,  'r':  0.4 ,  'type':  1} ,  {'idp':  68 ,  'x':  2.84 ,  'y':  2.62 ,  'r':  0.4 ,  'type':  1} ,  {'idp':  69 ,  'x':  2.58 ,  'y':  0.26 ,  'r':  0.4 ,  'type':  1} ,  {'idp':  70 ,  'x':  3.66 ,  'y':  -0.59 ,  'r':  0.4 ,  'type':  1}]
61391,1398777803.4466574,[{'idp':  64 ,  'x':  2.79 ,  'y':  8.38 ,  'r':  0.4 ,  'type':  1} ,  {'idp':  65 ,  'x':  4.67 ,  'y':  7.26 ,  'r':  0.4 ,  'type':  1} ,  {'idp':  68 ,  'x':  2.81 ,  'y':  2.67 ,  'r':  0.4 ,  'type':  1} ,  {'idp':  69 ,  'x':  2.57 ,  'y':  0.3 ,  'r':  0.4 ,  'type':  1} ,  {'idp':  70 ,  'x':  3.66 ,  'y':  -0.56 ,  'r':  0.4 ,  'type':  1}]
61392,1398777803.4836807,[{'idp':  64 ,  'x':  2.72 ,  'y':  8.43 ,  'r':  0.4 ,  'type':  1} ,  {'idp':  65 ,  'x':  4.68 ,  'y':  7.35 ,  'r':  0.4 ,  'type':  1} ,  {'idp':  68 ,  'x':  2.8 ,  'y':  2.73 ,  'r':  0.4 ,  'type':  1} ,  {'idp':  69 ,  'x':  2.56 ,  'y':  0.34 ,  'r':  0.4 ,  'type':  1} ,  {'idp':  70 ,  'x':  3.66 ,  'y':  -0.54 ,  'r':  0.4 ,  'type':  1}]
61393,1398777803.5237055,[{'idp':  64 ,  'x':  2.68 ,  'y':  8.43 ,  'r':  0.4 ,  'type':  1} ,  {'idp':  65 ,  'x':  4.65 ,  'y':  7.41 ,  'r':  0.4 ,  'type':  1} ,  {'idp':  68 ,  'x':  2.8 ,  'y':  2.8 ,  'r':  0.4 ,  'type':  1} ,  {'idp':  69 ,  'x':  2.54 ,  'y':  0.39 ,  'r':  0.4 ,  'type':  1} ,  {'idp':  70 ,  'x':  3.65 ,  'y':  -0.51 ,  'r':  0.4 ,  'type':  1}]
61394,1398777803.5237448,[{'idp':  64 ,  'x':  2.57 ,  'y':  8.46 ,  'r':  0.4 ,  'type':  1} ,  {'idp':  65 ,  'x':  4.64 ,  'y':  7.46 ,  'r':  0.4 ,  'type':  1} ,  {'idp':  68 ,  'x':  2.77 ,  'y':  2.87 ,  'r':  0.4 ,  'type':  1} ,  {'idp':  69 ,  'x':  2.53 ,  'y':  0.43 ,  'r':  0.4 ,  'type':  1} ,  {'idp':  70 ,  'x':  3.65 ,  'y':  -0.48 ,  'r':  0.4 ,  'type':  1}]
61395,1398777803.5635693,[{'idp':  64 ,  'x':  2.51 ,  'y':  8.51 ,  'r':  0.4 ,  'type':  1} ,  {'idp':  65 ,  'x':  4.57 ,  'y':  7.51 ,  'r':  0.4 ,  'type':  1} ,  {'idp':  68 ,  'x':  2.73 ,  'y':  2.94 ,  'r':  0.4 ,  'type':  1} ,  {'idp':  69 ,  'x':  2.51 ,  'y':  0.48 ,  'r':  0.4 ,  'type':  1} ,  {'idp':  70 ,  'x':  3.65 ,  'y':  -0.44 ,  'r':  0.4 ,  'type':  1}]
61396,1398777803.5726306,[{'idp':  64 ,  'x':  2.42 ,  'y':  8.52 ,  'r':  0.4 ,  'type':  1} ,  {'idp':  65 ,  'x':  4.56 ,  'y':  7.6 ,  'r':  0.4 ,  'type':  1} ,  {'idp':  68 ,  'x':  2.69 ,  'y':  3.0 ,  'r':  0.4 ,  'type':  1} ,  {'idp':  69 ,  'x':  2.5 ,  'y':  0.53 ,  'r':  0.4 ,  'type':  1} ,  {'idp':  70 ,  'x':  3.67 ,  'y':  -0.39 ,  'r':  0.4 ,  'type':  1}]
61397,1398777803.6116276,[{'idp':  64 ,  'x':  2.27 ,  'y':  8.53 ,  'r':  0.4 ,  'type':  1} ,  {'idp':  65 ,  'x':  4.48 ,  'y':  7.65 ,  'r':  0.4 ,  'type':  1} ,  {'idp':  68 ,  'x':  2.66 ,  'y':  3.05 ,  'r':  0.4 ,  'type':  1} ,  {'idp':  69 ,  'x':  2.49 ,  'y':  0.57 ,  'r':  0.4 ,  'type':  1} ,  {'idp':  70 ,  'x':  3.69 ,  'y':  -0.38 ,  'r':  0.4 ,  'type':  1}]
61398,1398777803.6516569,[{'idp':  64 ,  'x':  2.29 ,  'y':  8.55 ,  'r':  0.4 ,  'type':  1} ,  {'idp':  65 ,  'x':  4.49 ,  'y':  7.71 ,  'r':  0.4 ,  'type':  1} ,  {'idp':  68 ,  'x':  2.64 ,  'y':  3.08 ,  'r':  0.4 ,  'type':  1} ,  {'idp':  69 ,  'x':  2.48 ,  'y':  0.59 ,  'r':  0.4 ,  'type':  1} ,  {'idp':  70 ,  'x':  3.69 ,  'y':  -0.37 ,  'r':  0.4 ,  'type':  1}]
61399,1398777803.6516879,[{'idp':  64 ,  'x':  2.29 ,  'y':  8.56 ,  'r':  0.4 ,  'type':  1} ,  {'idp':  65 ,  'x':  4.49 ,  'y':  7.65 ,  'r':  0.4 ,  'type':  1} ,  {'idp':  68 ,  'x':  2.62 ,  'y':  3.11 ,  'r':  0.4 ,  'type':  1} ,  {'idp':  69 ,  'x':  2.48 ,  'y':  0.61 ,  'r':  0.4 ,  'type':  1} ,  {'idp':  70 ,  'x':  3.69 ,  'y':  -0.36 ,  'r':  0.4 ,  'type':  1}]
61400,1398777803.6916249,[{'idp':  64 ,  'x':  2.24 ,  'y':  8.57 ,  'r':  0.4 ,  'type':  1} ,  {'idp':  65 ,  'x':  4.41 ,  'y':  7.66 ,  'r':  0.4 ,  'type':  1} ,  {'idp':  68 ,  'x':  2.61 ,  'y':  3.14 ,  'r':  0.4 ,  'type':  1} ,  {'idp':  69 ,  'x':  2.46 ,  'y':  0.65 ,  'r':  0.4 ,  'type':  1} ,  {'idp':  70 ,  'x':  3.68 ,  'y':  -0.35 ,  'r':  0.4 ,  'type':  1}]
61401,1398777803.6980138,[{'idp':  64 ,  'x':  2.19 ,  'y':  8.58 ,  'r':  0.4 ,  'type':  1} ,  {'idp':  65 ,  'x':  4.42 ,  'y':  7.77 ,  'r':  0.4 ,  'type':  1} ,  {'idp':  68 ,  'x':  2.57 ,  'y':  3.17 ,  'r':  0.4 ,  'type':  1} ,  {'idp':  69 ,  'x':  2.45 ,  'y':  0.7 ,  'r':  0.4 ,  'type':  1} ,  {'idp':  70 ,  'x':  3.67 ,  'y':  -0.32 ,  'r':  0.4 ,  'type':  1}]
61402,1398777803.7356339,[{'idp':  64 ,  'x':  2.11 ,  'y':  8.62 ,  'r':  0.4 ,  'type':  1} ,  {'idp':  65 ,  'x':  4.35 ,  'y':  7.76 ,  'r':  0.4 ,  'type':  1} ,  {'idp':  68 ,  'x':  2.54 ,  'y':  3.21 ,  'r':  0.4 ,  'type':  1} ,  {'idp':  69 ,  'x':  2.43 ,  'y':  0.76 ,  'r':  0.4 ,  'type':  1} ,  {'idp':  70 ,  'x':  3.66 ,  'y':  -0.29 ,  'r':  0.4 ,  'type':  1}]
61403,1398777803.7773,[{'idp':  64 ,  'x':  2.06 ,  'y':  8.69 ,  'r':  0.4 ,  'type':  1} ,  {'idp':  65 ,  'x':  4.33 ,  'y':  7.85 ,  'r':  0.4 ,  'type':  1} ,  {'idp':  68 ,  'x':  2.49 ,  'y':  3.24 ,  'r':  0.4 ,  'type':  1} ,  {'idp':  69 ,  'x':  2.41 ,  'y':  0.8 ,  'r':  0.4 ,  'type':  1} ,  {'idp':  70 ,  'x':  3.63 ,  'y':  -0.23 ,  'r':  0.4 ,  'type':  1}]
61404,1398777803.7773316,[{'idp':  64 ,  'x':  1.99 ,  'y':  8.71 ,  'r':  0.4 ,  'type':  1} ,  {'idp':  65 ,  'x':  4.29 ,  'y':  7.92 ,  'r':  0.4 ,  'type':  1} ,  {'idp':  68 ,  'x':  2.45 ,  'y':  3.27 ,  'r':  0.4 ,  'type':  1} ,  {'idp':  69 ,  'x':  2.39 ,  'y':  0.83 ,  'r':  0.4 ,  'type':  1} ,  {'idp':  70 ,  'x':  3.61 ,  'y':  -0.2 ,  'r':  0.4 ,  'type':  1}]
61405,1398777803.8156278,[{'idp':  64 ,  'x':  1.95 ,  'y':  8.72 ,  'r':  0.4 ,  'type':  1} ,  {'idp':  65 ,  'x':  4.29 ,  'y':  8.0 ,  'r':  0.4 ,  'type':  1} ,  {'idp':  68 ,  'x':  2.42 ,  'y':  3.31 ,  'r':  0.4 ,  'type':  1} ,  {'idp':  69 ,  'x':  2.37 ,  'y':  0.87 ,  'r':  0.4 ,  'type':  1} ,  {'idp':  70 ,  'x':  3.61 ,  'y':  -0.17 ,  'r':  0.4 ,  'type':  1}]
61406,1398777803.8235042,[{'idp':  64 ,  'x':  1.9 ,  'y':  8.77 ,  'r':  0.4 ,  'type':  1} ,  {'idp':  65 ,  'x':  4.43 ,  'y':  8.04 ,  'r':  0.4 ,  'type':  1} ,  {'idp':  68 ,  'x':  2.4 ,  'y':  3.33 ,  'r':  0.4 ,  'type':  1} ,  {'idp':  69 ,  'x':  2.35 ,  'y':  0.9 ,  'r':  0.4 ,  'type':  1} ,  {'idp':  70 ,  'x':  3.6 ,  'y':  -0.15 ,  'r':  0.4 ,  'type':  1}]
61407,1398777803.8596425,[{'idp':  64 ,  'x':  1.91 ,  'y':  8.78 ,  'r':  0.4 ,  'type':  1} ,  {'idp':  65 ,  'x':  4.39 ,  'y':  8.0 ,  'r':  0.4 ,  'type':  1} ,  {'idp':  68 ,  'x':  2.38 ,  'y':  3.34 ,  'r':  0.4 ,  'type':  1} ,  {'idp':  69 ,  'x':  2.32 ,  'y':  0.94 ,  'r':  0.4 ,  'type':  1} ,  {'idp':  70 ,  'x':  3.61 ,  'y':  -0.15 ,  'r':  0.4 ,  'type':  1}]
61408,1398777803.8996863,[{'idp':  64 ,  'x':  1.89 ,  'y':  8.8 ,  'r':  0.4 ,  'type':  1} ,  {'idp':  65 ,  'x':  4.38 ,  'y':  7.99 ,  'r':  0.4 ,  'type':  1} ,  {'idp':  68 ,  'x':  2.37 ,  'y':  3.36 ,  'r':  0.4 ,  'type':  1} ,  {'idp':  69 ,  'x':  2.28 ,  'y':  0.97 ,  'r':  0.4 ,  'type':  1} ,  {'idp':  70 ,  'x':  3.62 ,  'y':  -0.14 ,  'r':  0.4 ,  'type':  1}]
61409,1398777803.8997154,[{'idp':  64 ,  'x':  1.87 ,  'y':  8.78 ,  'r':  0.4 ,  'type':  1} ,  {'idp':  65 ,  'x':  4.35 ,  'y':  8.02 ,  'r':  0.4 ,  'type':  1} ,  {'idp':  68 ,  'x':  2.36 ,  'y':  3.39 ,  'r':  0.4 ,  'type':  1} ,  {'idp':  69 ,  'x':  2.25 ,  'y':  1.03 ,  'r':  0.4 ,  'type':  1} ,  {'idp':  70 ,  'x':  3.62 ,  'y':  -0.13 ,  'r':  0.4 ,  'type':  1} ,  {'idp':  71 ,  'x':  1.15 ,  'y':  -4.82 ,  'r':  0.2 ,  'type':  1} ,  {'idp':  72 ,  'x':  2.03 ,  'y':  -5.2 ,  'r':  0.4 ,  'type':  1}]
61410,1398777803.9395797,[{'idp':  64 ,  'x':  1.82 ,  'y':  8.75 ,  'r':  0.4 ,  'type':  1} ,  {'idp':  65 ,  'x':  4.35 ,  'y':  8.09 ,  'r':  0.4 ,  'type':  1} ,  {'idp':  68 ,  'x':  2.31 ,  'y':  3.41 ,  'r':  0.4 ,  'type':  1} ,  {'idp':  69 ,  'x':  2.25 ,  'y':  1.08 ,  'r':  0.4 ,  'type':  1} ,  {'idp':  70 ,  'x':  3.62 ,  'y':  -0.11 ,  'r':  0.4 ,  'type':  1} ,  {'idp':  71 ,  'x':  1.13 ,  'y':  -4.74 ,  'r':  0.2 ,  'type':  1} ,  {'idp':  72 ,  'x':  1.97 ,  'y':  -5.2 ,  'r':  0.4 ,  'type':  1}]
61411,1398777803.947865,[{'idp':  64 ,  'x':  1.78 ,  'y':  8.76 ,  'r':  0.4 ,  'type':  1} ,  {'idp':  65 ,  'x':  4.25 ,  'y':  8.08 ,  'r':  0.4 ,  'type':  1} ,  {'idp':  68 ,  'x':  2.3 ,  'y':  3.45 ,  'r':  0.4 ,  'type':  1} ,  {'idp':  69 ,  'x':  2.23 ,  'y':  1.14 ,  'r':  0.4 ,  'type':  1} ,  {'idp':  70 ,  'x':  3.62 ,  'y':  -0.09 ,  'r':  0.4 ,  'type':  1} ,  {'idp':  71 ,  'x':  1.15 ,  'y':  -4.69 ,  'r':  0.2 ,  'type':  1} ,  {'idp':  72 ,  'x':  1.98 ,  'y':  -5.16 ,  'r':  0.4 ,  'type':  1}]
61412,1398777803.98757,[{'idp':  64 ,  'x':  1.74 ,  'y':  8.85 ,  'r':  0.4 ,  'type':  1} ,  {'idp':  65 ,  'x':  4.2 ,  'y':  8.07 ,  'r':  0.4 ,  'type':  1} ,  {'idp':  68 ,  'x':  2.26 ,  'y':  3.48 ,  'r':  0.4 ,  'type':  1} ,  {'idp':  69 ,  'x':  2.22 ,  'y':  1.18 ,  'r':  0.4 ,  'type':  1} ,  {'idp':  70 ,  'x':  3.62 ,  'y':  -0.06 ,  'r':  0.4 ,  'type':  1} ,  {'idp':  71 ,  'x':  1.18 ,  'y':  -4.64 ,  'r':  0.2 ,  'type':  1} ,  {'idp':  72 ,  'x':  2.02 ,  'y':  -5.12 ,  'r':  0.4 ,  'type':  1}]
61413,1398777804.0276763,[{'idp':  64 ,  'x':  1.71 ,  'y':  8.89 ,  'r':  0.4 ,  'type':  1} ,  {'idp':  65 ,  'x':  4.09 ,  'y':  8.14 ,  'r':  0.4 ,  'type':  1} ,  {'idp':  68 ,  'x':  2.23 ,  'y':  3.5 ,  'r':  0.4 ,  'type':  1} ,  {'idp':  69 ,  'x':  2.21 ,  'y':  1.21 ,  'r':  0.4 ,  'type':  1} ,  {'idp':  70 ,  'x':  3.6 ,  'y':  -0.05 ,  'r':  0.4 ,  'type':  1} ,  {'idp':  71 ,  'x':  1.21 ,  'y':  -4.59 ,  'r':  0.2 ,  'type':  1} ,  {'idp':  72 ,  'x':  2.04 ,  'y':  -5.08 ,  'r':  0.4 ,  'type':  1}]
61414,1398777804.027711,[{'idp':  64 ,  'x':  1.7 ,  'y':  8.96 ,  'r':  0.4 ,  'type':  1} ,  {'idp':  65 ,  'x':  4.01 ,  'y':  8.17 ,  'r':  0.4 ,  'type':  1} ,  {'idp':  68 ,  'x':  2.22 ,  'y':  3.54 ,  'r':  0.4 ,  'type':  1} ,  {'idp':  69 ,  'x':  2.19 ,  'y':  1.25 ,  'r':  0.4 ,  'type':  1} ,  {'idp':  70 ,  'x':  3.59 ,  'y':  -0.04 ,  'r':  0.4 ,  'type':  1} ,  {'idp':  71 ,  'x':  1.23 ,  'y':  -4.56 ,  'r':  0.2 ,  'type':  1} ,  {'idp':  72 ,  'x':  2.04 ,  'y':  -5.05 ,  'r':  0.4 ,  'type':  1}]
61415,1398777804.0676205,[{'idp':  64 ,  'x':  1.69 ,  'y':  9.01 ,  'r':  0.4 ,  'type':  1} ,  {'idp':  65 ,  'x':  3.91 ,  'y':  8.19 ,  'r':  0.4 ,  'type':  1} ,  {'idp':  68 ,  'x':  2.19 ,  'y':  3.56 ,  'r':  0.4 ,  'type':  1} ,  {'idp':  69 ,  'x':  2.18 ,  'y':  1.28 ,  'r':  0.4 ,  'type':  1} ,  {'idp':  70 ,  'x':  3.56 ,  'y':  -0.02 ,  'r':  0.4 ,  'type':  1} ,  {'idp':  71 ,  'x':  1.27 ,  'y':  -4.53 ,  'r':  0.2 ,  'type':  1} ,  {'idp':  72 ,  'x':  2.06 ,  'y':  -5.02 ,  'r':  0.4 ,  'type':  1}]
61416,1398777804.0739872,[{'idp':  64 ,  'x':  1.65 ,  'y':  9.01 ,  'r':  0.4 ,  'type':  1} ,  {'idp':  65 ,  'x':  3.9 ,  'y':  8.18 ,  'r':  0.4 ,  'type':  1} ,  {'idp':  68 ,  'x':  2.18 ,  'y':  3.59 ,  'r':  0.4 ,  'type':  1} ,  {'idp':  69 ,  'x':  2.16 ,  'y':  1.3 ,  'r':  0.4 ,  'type':  1} ,  {'idp':  70 ,  'x':  3.53 ,  'y':  -0.01 ,  'r':  0.4 ,  'type':  1} ,  {'idp':  71 ,  'x':  1.28 ,  'y':  -4.51 ,  'r':  0.2 ,  'type':  1} ,  {'idp':  72 ,  'x':  2.06 ,  'y':  -5.0 ,  'r':  0.4 ,  'type':  1}]
61417,1398777804.1115618,[{'idp':  64 ,  'x':  1.66 ,  'y':  9.08 ,  'r':  0.4 ,  'type':  1} ,  {'idp':  65 ,  'x':  3.93 ,  'y':  8.21 ,  'r':  0.4 ,  'type':  1} ,  {'idp':  68 ,  'x':  2.14 ,  'y':  3.62 ,  'r':  0.4 ,  'type':  1} ,  {'idp':  69 ,  'x':  2.14 ,  'y':  1.32 ,  'r':  0.4 ,  'type':  1} ,  {'idp':  70 ,  'x':  3.52 ,  'y':  0.01 ,  'r':  0.4 ,  'type':  1} ,  {'idp':  71 ,  'x':  1.3 ,  'y':  -4.48 ,  'r':  0.2 ,  'type':  1} ,  {'idp':  72 ,  'x':  2.08 ,  'y':  -4.96 ,  'r':  0.4 ,  'type':  1}]
61418,1398777804.1516564,[{'idp':  64 ,  'x':  1.62 ,  'y':  9.08 ,  'r':  0.4 ,  'type':  1} ,  {'idp':  65 ,  'x':  3.95 ,  'y':  8.32 ,  'r':  0.4 ,  'type':  1} ,  {'idp':  68 ,  'x':  2.13 ,  'y':  3.65 ,  'r':  0.4 ,  'type':  1} ,  {'idp':  69 ,  'x':  2.12 ,  'y':  1.34 ,  'r':  0.4 ,  'type':  1} ,  {'idp':  70 ,  'x':  3.51 ,  'y':  0.02 ,  'r':  0.4 ,  'type':  1} ,  {'idp':  71 ,  'x':  1.31 ,  'y':  -4.45 ,  'r':  0.2 ,  'type':  1} ,  {'idp':  72 ,  'x':  2.08 ,  'y':  -4.93 ,  'r':  0.4 ,  'type':  1}]
61419,1398777804.1516843,[{'idp':  64 ,  'x':  1.49 ,  'y':  9.0 ,  'r':  0.4 ,  'type':  1} ,  {'idp':  65 ,  'x':  3.92 ,  'y':  8.36 ,  'r':  0.4 ,  'type':  1} ,  {'idp':  68 ,  'x':  2.09 ,  'y':  3.68 ,  'r':  0.4 ,  'type':  1} ,  {'idp':  69 ,  'x':  2.1 ,  'y':  1.34 ,  'r':  0.4 ,  'type':  1} ,  {'idp':  70 ,  'x':  3.52 ,  'y':  0.03 ,  'r':  0.4 ,  'type':  1} ,  {'idp':  71 ,  'x':  1.33 ,  'y':  -4.42 ,  'r':  0.2 ,  'type':  1} ,  {'idp':  72 ,  'x':  2.09 ,  'y':  -4.9 ,  'r':  0.4 ,  'type':  1}]
61420,1398777804.191725,[{'idp':  64 ,  'x':  1.41 ,  'y':  9.01 ,  'r':  0.4 ,  'type':  1} ,  {'idp':  65 ,  'x':  3.83 ,  'y':  8.31 ,  'r':  0.4 ,  'type':  1} ,  {'idp':  68 ,  'x':  2.05 ,  'y':  3.71 ,  'r':  0.4 ,  'type':  1} ,  {'idp':  69 ,  'x':  2.08 ,  'y':  1.37 ,  'r':  0.4 ,  'type':  1} ,  {'idp':  70 ,  'x':  3.5 ,  'y':  0.06 ,  'r':  0.4 ,  'type':  1} ,  {'idp':  71 ,  'x':  1.36 ,  'y':  -4.37 ,  'r':  0.2 ,  'type':  1} ,  {'idp':  72 ,  'x':  2.13 ,  'y':  -4.86 ,  'r':  0.4 ,  'type':  1}]
61421,1398777804.1996567,[{'idp':  64 ,  'x':  1.33 ,  'y':  9.05 ,  'r':  0.4 ,  'type':  1} ,  {'idp':  65 ,  'x':  3.74 ,  'y':  8.3 ,  'r':  0.4 ,  'type':  1} ,  {'idp':  68 ,  'x':  2.0 ,  'y':  3.74 ,  'r':  0.4 ,  'type':  1} ,  {'idp':  69 ,  'x':  2.06 ,  'y':  1.39 ,  'r':  0.4 ,  'type':  1} ,  {'idp':  70 ,  'x':  3.49 ,  'y':  0.1 ,  'r':  0.4 ,  'type':  1} ,  {'idp':  71 ,  'x':  1.38 ,  'y':  -4.31 ,  'r':  0.2 ,  'type':  1} ,  {'idp':  72 ,  'x':  2.15 ,  'y':  -4.81 ,  'r':  0.4 ,  'type':  1}]
61422,1398777804.2396069,[{'idp':  64 ,  'x':  1.26 ,  'y':  9.07 ,  'r':  0.4 ,  'type':  1} ,  {'idp':  65 ,  'x':  3.68 ,  'y':  8.32 ,  'r':  0.4 ,  'type':  1} ,  {'idp':  68 ,  'x':  1.94 ,  'y':  3.75 ,  'r':  0.4 ,  'type':  1} ,  {'idp':  69 ,  'x':  2.04 ,  'y':  1.41 ,  'r':  0.4 ,  'type':  1} ,  {'idp':  70 ,  'x':  3.48 ,  'y':  0.13 ,  'r':  0.4 ,  'type':  1} ,  {'idp':  71 ,  'x':  1.4 ,  'y':  -4.23 ,  'r':  0.2 ,  'type':  1} ,  {'idp':  72 ,  'x':  2.19 ,  'y':  -4.77 ,  'r':  0.4 ,  'type':  1}]
61423,1398777804.279602,[{'idp':  64 ,  'x':  1.18 ,  'y':  9.07 ,  'r':  0.4 ,  'type':  1} ,  {'idp':  65 ,  'x':  3.7 ,  'y':  8.41 ,  'r':  0.4 ,  'type':  1} ,  {'idp':  68 ,  'x':  1.91 ,  'y':  3.77 ,  'r':  0.4 ,  'type':  1} ,  {'idp':  69 ,  'x':  2.0 ,  'y':  1.44 ,  'r':  0.4 ,  'type':  1} ,  {'idp':  70 ,  'x':  3.47 ,  'y':  0.16 ,  'r':  0.4 ,  'type':  1} ,  {'idp':  71 ,  'x':  1.42 ,  'y':  -4.19 ,  'r':  0.2 ,  'type':  1} ,  {'idp':  72 ,  'x':  2.22 ,  'y':  -4.73 ,  'r':  0.4 ,  'type':  1}]
61424,1398777804.279651,[{'idp':  64 ,  'x':  1.14 ,  'y':  9.09 ,  'r':  0.4 ,  'type':  1} ,  {'idp':  65 ,  'x':  3.67 ,  'y':  8.4 ,  'r':  0.4 ,  'type':  1} ,  {'idp':  68 ,  'x':  1.87 ,  'y':  3.77 ,  'r':  0.4 ,  'type':  1} ,  {'idp':  69 ,  'x':  1.98 ,  'y':  1.48 ,  'r':  0.4 ,  'type':  1} ,  {'idp':  70 ,  'x':  3.47 ,  'y':  0.19 ,  'r':  0.4 ,  'type':  1} ,  {'idp':  71 ,  'x':  1.45 ,  'y':  -4.16 ,  'r':  0.2 ,  'type':  1} ,  {'idp':  72 ,  'x':  2.25 ,  'y':  -4.7 ,  'r':  0.4 ,  'type':  1}]
61425,1398777804.3195543,[{'idp':  64 ,  'x':  1.14 ,  'y':  9.13 ,  'r':  0.4 ,  'type':  1} ,  {'idp':  65 ,  'x':  3.74 ,  'y':  8.44 ,  'r':  0.4 ,  'type':  1} ,  {'idp':  68 ,  'x':  1.85 ,  'y':  3.76 ,  'r':  0.4 ,  'type':  1} ,  {'idp':  69 ,  'x':  1.97 ,  'y':  1.51 ,  'r':  0.4 ,  'type':  1} ,  {'idp':  70 ,  'x':  3.46 ,  'y':  0.2 ,  'r':  0.4 ,  'type':  1} ,  {'idp':  71 ,  'x':  1.47 ,  'y':  -4.12 ,  'r':  0.2 ,  'type':  1} ,  {'idp':  72 ,  'x':  2.26 ,  'y':  -4.69 ,  'r':  0.4 ,  'type':  1}]
61426,1398777804.3242579,[{'idp':  64 ,  'x':  1.07 ,  'y':  9.02 ,  'r':  0.4 ,  'type':  1} ,  {'idp':  65 ,  'x':  3.72 ,  'y':  8.46 ,  'r':  0.4 ,  'type':  1} ,  {'idp':  68 ,  'x':  1.83 ,  'y':  3.75 ,  'r':  0.4 ,  'type':  1} ,  {'idp':  69 ,  'x':  1.96 ,  'y':  1.54 ,  'r':  0.4 ,  'type':  1} ,  {'idp':  70 ,  'x':  3.46 ,  'y':  0.2 ,  'r':  0.4 ,  'type':  1} ,  {'idp':  71 ,  'x':  1.48 ,  'y':  -4.09 ,  'r':  0.2 ,  'type':  1} ,  {'idp':  72 ,  'x':  2.27 ,  'y':  -4.65 ,  'r':  0.4 ,  'type':  1}]
61427,1398777804.3636281,[{'idp':  64 ,  'x':  1.07 ,  'y':  9.04 ,  'r':  0.4 ,  'type':  1} ,  {'idp':  65 ,  'x':  3.71 ,  'y':  8.48 ,  'r':  0.4 ,  'type':  1} ,  {'idp':  68 ,  'x':  1.82 ,  'y':  3.75 ,  'r':  0.4 ,  'type':  1} ,  {'idp':  69 ,  'x':  1.95 ,  'y':  1.58 ,  'r':  0.4 ,  'type':  1} ,  {'idp':  70 ,  'x':  3.45 ,  'y':  0.2 ,  'r':  0.4 ,  'type':  1} ,  {'idp':  71 ,  'x':  1.48 ,  'y':  -4.07 ,  'r':  0.2 ,  'type':  1} ,  {'idp':  72 ,  'x':  2.28 ,  'y':  -4.65 ,  'r':  0.4 ,  'type':  1}]
61428,1398777804.4037025,[{'idp':  64 ,  'x':  1.03 ,  'y':  8.99 ,  'r':  0.4 ,  'type':  1} ,  {'idp':  65 ,  'x':  3.64 ,  'y':  8.45 ,  'r':  0.4 ,  'type':  1} ,  {'idp':  68 ,  'x':  1.81 ,  'y':  3.76 ,  'r':  0.4 ,  'type':  1} ,  {'idp':  69 ,  'x':  1.94 ,  'y':  1.6 ,  'r':  0.4 ,  'type':  1} ,  {'idp':  70 ,  'x':  3.45 ,  'y':  0.2 ,  'r':  0.4 ,  'type':  1} ,  {'idp':  71 ,  'x':  1.49 ,  'y':  -4.04 ,  'r':  0.2 ,  'type':  1} ,  {'idp':  72 ,  'x':  2.26 ,  'y':  -4.63 ,  'r':  0.4 ,  'type':  1}]
61429,1398777804.4037652,[{'idp':  64 ,  'x':  1.01 ,  'y':  9.0 ,  'r':  0.4 ,  'type':  1} ,  {'idp':  65 ,  'x':  3.53 ,  'y':  8.47 ,  'r':  0.4 ,  'type':  1} ,  {'idp':  68 ,  'x':  1.79 ,  'y':  3.77 ,  'r':  0.4 ,  'type':  1} ,  {'idp':  69 ,  'x':  1.92 ,  'y':  1.61 ,  'r':  0.4 ,  'type':  1} ,  {'idp':  70 ,  'x':  3.44 ,  'y':  0.22 ,  'r':  0.4 ,  'type':  1} ,  {'idp':  71 ,  'x':  1.5 ,  'y':  -4.01 ,  'r':  0.2 ,  'type':  1} ,  {'idp':  72 ,  'x':  2.25 ,  'y':  -4.59 ,  'r':  0.4 ,  'type':  1}]
61430,1398777804.4437027,[{'idp':  64 ,  'x':  0.95 ,  'y':  9.05 ,  'r':  0.4 ,  'type':  1} ,  {'idp':  65 ,  'x':  3.48 ,  'y':  8.5 ,  'r':  0.4 ,  'type':  1} ,  {'idp':  68 ,  'x':  1.76 ,  'y':  3.79 ,  'r':  0.4 ,  'type':  1} ,  {'idp':  69 ,  'x':  1.89 ,  'y':  1.63 ,  'r':  0.4 ,  'type':  1} ,  {'idp':  70 ,  'x':  3.43 ,  'y':  0.24 ,  'r':  0.4 ,  'type':  1} ,  {'idp':  71 ,  'x':  1.52 ,  'y':  -3.97 ,  'r':  0.2 ,  'type':  1} ,  {'idp':  72 ,  'x':  2.3 ,  'y':  -4.58 ,  'r':  0.4 ,  'type':  1}]
61431,1398777804.4499378,[{'idp':  64 ,  'x':  0.87 ,  'y':  9.05 ,  'r':  0.4 ,  'type':  1} ,  {'idp':  65 ,  'x':  3.39 ,  'y':  8.49 ,  'r':  0.4 ,  'type':  1} ,  {'idp':  68 ,  'x':  1.73 ,  'y':  3.81 ,  'r':  0.4 ,  'type':  1} ,  {'idp':  69 ,  'x':  1.86 ,  'y':  1.65 ,  'r':  0.4 ,  'type':  1} ,  {'idp':  70 ,  'x':  3.42 ,  'y':  0.27 ,  'r':  0.4 ,  'type':  1} ,  {'idp':  71 ,  'x':  1.55 ,  'y':  -3.93 ,  'r':  0.2 ,  'type':  1} ,  {'idp':  72 ,  'x':  2.33 ,  'y':  -4.54 ,  'r':  0.4 ,  'type':  1}]
61432,1398777804.4876904,[{'idp':  64 ,  'x':  0.79 ,  'y':  8.99 ,  'r':  0.4 ,  'type':  1} ,  {'idp':  65 ,  'x':  3.32 ,  'y':  8.47 ,  'r':  0.4 ,  'type':  1} ,  {'idp':  68 ,  'x':  1.7 ,  'y':  3.84 ,  'r':  0.4 ,  'type':  1} ,  {'idp':  69 ,  'x':  1.82 ,  'y':  1.69 ,  'r':  0.4 ,  'type':  1} ,  {'idp':  70 ,  'x':  3.4 ,  'y':  0.3 ,  'r':  0.4 ,  'type':  1} ,  {'idp':  71 ,  'x':  1.56 ,  'y':  -3.89 ,  'r':  0.2 ,  'type':  1} ,  {'idp':  72 ,  'x':  2.37 ,  'y':  -4.5 ,  'r':  0.4 ,  'type':  1}]
61433,1398777804.5276146,[{'idp':  64 ,  'x':  0.77 ,  'y':  9.03 ,  'r':  0.4 ,  'type':  1} ,  {'idp':  65 ,  'x':  3.24 ,  'y':  8.45 ,  'r':  0.4 ,  'type':  1} ,  {'idp':  68 ,  'x':  1.67 ,  'y':  3.85 ,  'r':  0.4 ,  'type':  1} ,  {'idp':  69 ,  'x':  1.79 ,  'y':  1.72 ,  'r':  0.4 ,  'type':  1} ,  {'idp':  70 ,  'x':  3.36 ,  'y':  0.32 ,  'r':  0.4 ,  'type':  1} ,  {'idp':  71 ,  'x':  1.58 ,  'y':  -3.86 ,  'r':  0.2 ,  'type':  1} ,  {'idp':  72 ,  'x':  2.37 ,  'y':  -4.46 ,  'r':  0.4 ,  'type':  1}]
61434,1398777804.5277486,[{'idp':  64 ,  'x':  0.75 ,  'y':  9.05 ,  'r':  0.4 ,  'type':  1} ,  {'idp':  65 ,  'x':  3.21 ,  'y':  8.47 ,  'r':  0.4 ,  'type':  1} ,  {'idp':  68 ,  'x':  1.63 ,  'y':  3.86 ,  'r':  0.4 ,  'type':  1} ,  {'idp':  69 ,  'x':  1.75 ,  'y':  1.73 ,  'r':  0.4 ,  'type':  1} ,  {'idp':  70 ,  'x':  3.33 ,  'y':  0.33 ,  'r':  0.4 ,  'type':  1} ,  {'idp':  71 ,  'x':  1.59 ,  'y':  -3.84 ,  'r':  0.2 ,  'type':  1} ,  {'idp':  72 ,  'x':  2.41 ,  'y':  -4.44 ,  'r':  0.4 ,  'type':  1}]
61435,1398777804.5676312,[{'idp':  64 ,  'x':  0.67 ,  'y':  9.08 ,  'r':  0.4 ,  'type':  1} ,  {'idp':  65 ,  'x':  3.15 ,  'y':  8.55 ,  'r':  0.4 ,  'type':  1} ,  {'idp':  68 ,  'x':  1.6 ,  'y':  3.88 ,  'r':  0.4 ,  'type':  1} ,  {'idp':  69 ,  'x':  1.7 ,  'y':  1.81 ,  'r':  0.4 ,  'type':  1} ,  {'idp':  70 ,  'x':  3.31 ,  'y':  0.34 ,  'r':  0.4 ,  'type':  1} ,  {'idp':  71 ,  'x':  1.61 ,  'y':  -3.83 ,  'r':  0.2 ,  'type':  1} ,  {'idp':  72 ,  'x':  2.4 ,  'y':  -4.38 ,  'r':  0.4 ,  'type':  1}]
61436,1398777804.5751166,[{'idp':  64 ,  'x':  0.66 ,  'y':  9.11 ,  'r':  0.4 ,  'type':  1} ,  {'idp':  65 ,  'x':  3.11 ,  'y':  8.56 ,  'r':  0.4 ,  'type':  1} ,  {'idp':  68 ,  'x':  1.58 ,  'y':  3.9 ,  'r':  0.4 ,  'type':  1} ,  {'idp':  69 ,  'x':  1.67 ,  'y':  1.89 ,  'r':  0.4 ,  'type':  1} ,  {'idp':  70 ,  'x':  3.3 ,  'y':  0.38 ,  'r':  0.4 ,  'type':  1} ,  {'idp':  71 ,  'x':  1.64 ,  'y':  -3.81 ,  'r':  0.2 ,  'type':  1} ,  {'idp':  72 ,  'x':  2.44 ,  'y':  -4.31 ,  'r':  0.4 ,  'type':  1}]
61437,1398777804.6115904,[{'idp':  64 ,  'x':  0.64 ,  'y':  9.16 ,  'r':  0.4 ,  'type':  1} ,  {'idp':  65 ,  'x':  3.07 ,  'y':  8.55 ,  'r':  0.4 ,  'type':  1} ,  {'idp':  68 ,  'x':  1.55 ,  'y':  3.91 ,  'r':  0.4 ,  'type':  1} ,  {'idp':  69 ,  'x':  1.65 ,  'y':  1.95 ,  'r':  0.4 ,  'type':  1} ,  {'idp':  70 ,  'x':  3.29 ,  'y':  0.38 ,  'r':  0.4 ,  'type':  1} ,  {'idp':  71 ,  'x':  1.69 ,  'y':  -3.81 ,  'r':  0.2 ,  'type':  1} ,  {'idp':  72 ,  'x':  2.49 ,  'y':  -4.34 ,  'r':  0.4 ,  'type':  1}]
61438,1398777804.6516392,[{'idp':  64 ,  'x':  0.62 ,  'y':  9.22 ,  'r':  0.4 ,  'type':  1} ,  {'idp':  65 ,  'x':  3.03 ,  'y':  8.43 ,  'r':  0.4 ,  'type':  1} ,  {'idp':  68 ,  'x':  1.53 ,  'y':  3.91 ,  'r':  0.4 ,  'type':  1} ,  {'idp':  69 ,  'x':  1.65 ,  'y':  1.99 ,  'r':  0.4 ,  'type':  1} ,  {'idp':  70 ,  'x':  3.29 ,  'y':  0.4 ,  'r':  0.4 ,  'type':  1} ,  {'idp':  71 ,  'x':  1.72 ,  'y':  -3.81 ,  'r':  0.2 ,  'type':  1} ,  {'idp':  72 ,  'x':  2.48 ,  'y':  -4.28 ,  'r':  0.4 ,  'type':  1}]
61439,1398777804.6517,[{'idp':  64 ,  'x':  0.53 ,  'y':  9.3 ,  'r':  0.4 ,  'type':  1} ,  {'idp':  65 ,  'x':  2.95 ,  'y':  8.46 ,  'r':  0.4 ,  'type':  1} ,  {'idp':  68 ,  'x':  1.49 ,  'y':  3.92 ,  'r':  0.4 ,  'type':  1} ,  {'idp':  69 ,  'x':  1.62 ,  'y':  2.05 ,  'r':  0.4 ,  'type':  1} ,  {'idp':  70 ,  'x':  3.28 ,  'y':  0.42 ,  'r':  0.4 ,  'type':  1} ,  {'idp':  71 ,  'x':  1.74 ,  'y':  -3.77 ,  'r':  0.2 ,  'type':  1} ,  {'idp':  72 ,  'x':  2.51 ,  'y':  -4.25 ,  'r':  0.4 ,  'type':  1}]
61440,1398777804.6916575,[{'idp':  64 ,  'x':  0.51 ,  'y':  9.3 ,  'r':  0.4 ,  'type':  1} ,  {'idp':  65 ,  'x':  2.91 ,  'y':  8.45 ,  'r':  0.4 ,  'type':  1} ,  {'idp':  68 ,  'x':  1.46 ,  'y':  3.94 ,  'r':  0.4 ,  'type':  1} ,  {'idp':  69 ,  'x':  1.6 ,  'y':  2.09 ,  'r':  0.4 ,  'type':  1} ,  {'idp':  70 ,  'x':  3.28 ,  'y':  0.45 ,  'r':  0.4 ,  'type':  1} ,  {'idp':  71 ,  'x':  1.77 ,  'y':  -3.74 ,  'r':  0.2 ,  'type':  1} ,  {'idp':  72 ,  'x':  2.54 ,  'y':  -4.21 ,  'r':  0.4 ,  'type':  1}]
61441,1398777804.7019017,[{'idp':  64 ,  'x':  0.47 ,  'y':  9.33 ,  'r':  0.4 ,  'type':  1} ,  {'idp':  65 ,  'x':  2.89 ,  'y':  8.51 ,  'r':  0.4 ,  'type':  1} ,  {'idp':  68 ,  'x':  1.46 ,  'y':  3.97 ,  'r':  0.4 ,  'type':  1} ,  {'idp':  69 ,  'x':  1.58 ,  'y':  2.13 ,  'r':  0.4 ,  'type':  1} ,  {'idp':  70 ,  'x':  3.3 ,  'y':  0.47 ,  'r':  0.4 ,  'type':  1} ,  {'idp':  71 ,  'x':  1.79 ,  'y':  -3.71 ,  'r':  0.2 ,  'type':  1} ,  {'idp':  72 ,  'x':  2.55 ,  'y':  -4.18 ,  'r':  0.4 ,  'type':  1}]
61442,1398777804.7395985,[{'idp':  64 ,  'x':  0.47 ,  'y':  9.36 ,  'r':  0.4 ,  'type':  1} ,  {'idp':  65 ,  'x':  2.76 ,  'y':  8.32 ,  'r':  0.4 ,  'type':  1} ,  {'idp':  68 ,  'x':  1.44 ,  'y':  3.99 ,  'r':  0.4 ,  'type':  1} ,  {'idp':  69 ,  'x':  1.55 ,  'y':  2.16 ,  'r':  0.4 ,  'type':  1} ,  {'idp':  70 ,  'x':  3.31 ,  'y':  0.49 ,  'r':  0.4 ,  'type':  1} ,  {'idp':  71 ,  'x':  1.8 ,  'y':  -3.68 ,  'r':  0.2 ,  'type':  1} ,  {'idp':  72 ,  'x':  2.57 ,  'y':  -4.14 ,  'r':  0.4 ,  'type':  1}]
61443,1398777804.7795856,[{'idp':  64 ,  'x':  0.41 ,  'y':  9.34 ,  'r':  0.4 ,  'type':  1} ,  {'idp':  65 ,  'x':  2.53 ,  'y':  8.28 ,  'r':  0.4 ,  'type':  1} ,  {'idp':  68 ,  'x':  1.42 ,  'y':  3.99 ,  'r':  0.4 ,  'type':  1} ,  {'idp':  69 ,  'x':  1.54 ,  'y':  2.19 ,  'r':  0.4 ,  'type':  1} ,  {'idp':  70 ,  'x':  3.31 ,  'y':  0.5 ,  'r':  0.4 ,  'type':  1} ,  {'idp':  71 ,  'x':  1.79 ,  'y':  -3.66 ,  'r':  0.2 ,  'type':  1} ,  {'idp':  72 ,  'x':  2.59 ,  'y':  -4.08 ,  'r':  0.4 ,  'type':  1}]
61444,1398777804.7796173,[{'idp':  64 ,  'x':  0.36 ,  'y':  9.23 ,  'r':  0.4 ,  'type':  1} ,  {'idp':  65 ,  'x':  2.46 ,  'y':  8.2 ,  'r':  0.4 ,  'type':  1} ,  {'idp':  68 ,  'x':  1.41 ,  'y':  3.99 ,  'r':  0.4 ,  'type':  1} ,  {'idp':  69 ,  'x':  1.52 ,  'y':  2.23 ,  'r':  0.4 ,  'type':  1} ,  {'idp':  70 ,  'x':  3.3 ,  'y':  0.5 ,  'r':  0.4 ,  'type':  1} ,  {'idp':  71 ,  'x':  1.79 ,  'y':  -3.64 ,  'r':  0.2 ,  'type':  1} ,  {'idp':  72 ,  'x':  2.6 ,  'y':  -4.06 ,  'r':  0.4 ,  'type':  1}]
61445,1398777804.819573,[{'idp':  64 ,  'x':  0.42 ,  'y':  9.22 ,  'r':  0.4 ,  'type':  1} ,  {'idp':  65 ,  'x':  2.39 ,  'y':  8.13 ,  'r':  0.4 ,  'type':  1} ,  {'idp':  68 ,  'x':  1.39 ,  'y':  4.0 ,  'r':  0.4 ,  'type':  1} ,  {'idp':  69 ,  'x':  1.49 ,  'y':  2.25 ,  'r':  0.4 ,  'type':  1} ,  {'idp':  70 ,  'x':  3.29 ,  'y':  0.51 ,  'r':  0.4 ,  'type':  1} ,  {'idp':  71 ,  'x':  1.77 ,  'y':  -3.64 ,  'r':  0.2 ,  'type':  1} ,  {'idp':  72 ,  'x':  2.59 ,  'y':  -3.99 ,  'r':  0.4 ,  'type':  1}]
61446,1398777804.8258636,[{'idp':  64 ,  'x':  0.42 ,  'y':  9.22 ,  'r':  0.4 ,  'type':  1} ,  {'idp':  65 ,  'x':  2.27 ,  'y':  8.05 ,  'r':  0.4 ,  'type':  1} ,  {'idp':  68 ,  'x':  1.38 ,  'y':  4.03 ,  'r':  0.4 ,  'type':  1} ,  {'idp':  69 ,  'x':  1.47 ,  'y':  2.28 ,  'r':  0.4 ,  'type':  1} ,  {'idp':  70 ,  'x':  3.29 ,  'y':  0.54 ,  'r':  0.4 ,  'type':  1} ,  {'idp':  71 ,  'x':  1.77 ,  'y':  -3.63 ,  'r':  0.2 ,  'type':  1} ,  {'idp':  72 ,  'x':  2.62 ,  'y':  -3.98 ,  'r':  0.4 ,  'type':  1}]
61447,1398777804.8636959,[{'idp':  64 ,  'x':  0.42 ,  'y':  9.22 ,  'r':  0.4 ,  'type':  1} ,  {'idp':  65 ,  'x':  2.15 ,  'y':  7.82 ,  'r':  0.4 ,  'type':  1} ,  {'idp':  68 ,  'x':  1.35 ,  'y':  4.05 ,  'r':  0.4 ,  'type':  1} ,  {'idp':  69 ,  'x':  1.46 ,  'y':  2.29 ,  'r':  0.4 ,  'type':  1} ,  {'idp':  70 ,  'x':  3.25 ,  'y':  0.55 ,  'r':  0.4 ,  'type':  1} ,  {'idp':  71 ,  'x':  1.76 ,  'y':  -3.62 ,  'r':  0.2 ,  'type':  1} ,  {'idp':  72 ,  'x':  2.66 ,  'y':  -3.94 ,  'r':  0.4 ,  'type':  1}]
61448,1398777804.9036832,[{'idp':  64 ,  'x':  0.42 ,  'y':  9.22 ,  'r':  0.4 ,  'type':  1} ,  {'idp':  65 ,  'x':  2.16 ,  'y':  7.47 ,  'r':  0.4 ,  'type':  1} ,  {'idp':  68 ,  'x':  1.34 ,  'y':  4.09 ,  'r':  0.4 ,  'type':  1} ,  {'idp':  69 ,  'x':  1.44 ,  'y':  2.32 ,  'r':  0.4 ,  'type':  1} ,  {'idp':  70 ,  'x':  3.21 ,  'y':  0.57 ,  'r':  0.4 ,  'type':  1} ,  {'idp':  71 ,  'x':  1.78 ,  'y':  -3.6 ,  'r':  0.2 ,  'type':  1} ,  {'idp':  72 ,  'x':  2.67 ,  'y':  -3.9 ,  'r':  0.4 ,  'type':  1}]
61449,1398777804.9037278,[{'idp':  64 ,  'x':  0.42 ,  'y':  9.22 ,  'r':  0.4 ,  'type':  1} ,  {'idp':  65 ,  'x':  2.08 ,  'y':  7.13 ,  'r':  0.4 ,  'type':  1} ,  {'idp':  68 ,  'x':  1.31 ,  'y':  4.11 ,  'r':  0.4 ,  'type':  1} ,  {'idp':  69 ,  'x':  1.42 ,  'y':  2.33 ,  'r':  0.4 ,  'type':  1} ,  {'idp':  70 ,  'x':  3.19 ,  'y':  0.58 ,  'r':  0.4 ,  'type':  1} ,  {'idp':  71 ,  'x':  1.79 ,  'y':  -3.59 ,  'r':  0.2 ,  'type':  1} ,  {'idp':  72 ,  'x':  2.7 ,  'y':  -3.85 ,  'r':  0.4 ,  'type':  1}]
61450,1398777804.9436278,[{'idp':  64 ,  'x':  0.42 ,  'y':  9.22 ,  'r':  0.4 ,  'type':  1} ,  {'idp':  65 ,  'x':  2.08 ,  'y':  7.13 ,  'r':  0.4 ,  'type':  1} ,  {'idp':  68 ,  'x':  1.29 ,  'y':  4.14 ,  'r':  0.4 ,  'type':  1} ,  {'idp':  69 ,  'x':  1.41 ,  'y':  2.33 ,  'r':  0.4 ,  'type':  1} ,  {'idp':  70 ,  'x':  3.18 ,  'y':  0.6 ,  'r':  0.4 ,  'type':  1} ,  {'idp':  71 ,  'x':  1.8 ,  'y':  -3.56 ,  'r':  0.2 ,  'type':  1} ,  {'idp':  72 ,  'x':  2.71 ,  'y':  -3.81 ,  'r':  0.4 ,  'type':  1}]
61451,1398777804.9515083,[{'idp':  64 ,  'x':  0.42 ,  'y':  9.22 ,  'r':  0.4 ,  'type':  1} ,  {'idp':  65 ,  'x':  2.08 ,  'y':  7.13 ,  'r':  0.4 ,  'type':  1} ,  {'idp':  68 ,  'x':  1.25 ,  'y':  4.16 ,  'r':  0.4 ,  'type':  1} ,  {'idp':  69 ,  'x':  1.39 ,  'y':  2.34 ,  'r':  0.4 ,  'type':  1} ,  {'idp':  70 ,  'x':  3.17 ,  'y':  0.62 ,  'r':  0.4 ,  'type':  1} ,  {'idp':  71 ,  'x':  1.81 ,  'y':  -3.52 ,  'r':  0.2 ,  'type':  1} ,  {'idp':  72 ,  'x':  2.74 ,  'y':  -3.75 ,  'r':  0.4 ,  'type':  1}]
61452,1398777804.987667,[{'idp':  64 ,  'x':  0.42 ,  'y':  9.22 ,  'r':  0.4 ,  'type':  1} ,  {'idp':  65 ,  'x':  2.08 ,  'y':  7.13 ,  'r':  0.4 ,  'type':  1} ,  {'idp':  68 ,  'x':  1.2 ,  'y':  4.18 ,  'r':  0.4 ,  'type':  1} ,  {'idp':  69 ,  'x':  1.36 ,  'y':  2.36 ,  'r':  0.4 ,  'type':  1} ,  {'idp':  70 ,  'x':  3.15 ,  'y':  0.66 ,  'r':  0.4 ,  'type':  1} ,  {'idp':  71 ,  'x':  1.85 ,  'y':  -3.48 ,  'r':  0.2 ,  'type':  1} ,  {'idp':  72 ,  'x':  2.72 ,  'y':  -3.7 ,  'r':  0.4 ,  'type':  1}]
61453,1398777805.0276663,[{'idp':  64 ,  'x':  0.42 ,  'y':  9.22 ,  'r':  0.4 ,  'type':  1} ,  {'idp':  65 ,  'x':  2.08 ,  'y':  7.13 ,  'r':  0.4 ,  'type':  1} ,  {'idp':  68 ,  'x':  1.15 ,  'y':  4.2 ,  'r':  0.4 ,  'type':  1} ,  {'idp':  69 ,  'x':  1.33 ,  'y':  2.38 ,  'r':  0.4 ,  'type':  1} ,  {'idp':  70 ,  'x':  3.14 ,  'y':  0.7 ,  'r':  0.4 ,  'type':  1} ,  {'idp':  71 ,  'x':  1.89 ,  'y':  -3.44 ,  'r':  0.2 ,  'type':  1} ,  {'idp':  72 ,  'x':  2.76 ,  'y':  -3.64 ,  'r':  0.4 ,  'type':  1}]
61454,1398777805.0277658,[{'idp':  64 ,  'x':  0.42 ,  'y':  9.22 ,  'r':  0.4 ,  'type':  1} ,  {'idp':  65 ,  'x':  1.96 ,  'y':  6.78 ,  'r':  0.4 ,  'type':  1} ,  {'idp':  68 ,  'x':  1.11 ,  'y':  4.21 ,  'r':  0.4 ,  'type':  1} ,  {'idp':  69 ,  'x':  1.29 ,  'y':  2.43 ,  'r':  0.4 ,  'type':  1} ,  {'idp':  70 ,  'x':  3.13 ,  'y':  0.73 ,  'r':  0.4 ,  'type':  1} ,  {'idp':  71 ,  'x':  1.93 ,  'y':  -3.39 ,  'r':  0.2 ,  'type':  1} ,  {'idp':  72 ,  'x':  2.82 ,  'y':  -3.59 ,  'r':  0.4 ,  'type':  1}]
61455,1398777805.0677211,[{'idp':  64 ,  'x':  0.42 ,  'y':  9.22 ,  'r':  0.4 ,  'type':  1} ,  {'idp':  65 ,  'x':  2.06 ,  'y':  6.65 ,  'r':  0.4 ,  'type':  1} ,  {'idp':  68 ,  'x':  1.07 ,  'y':  4.21 ,  'r':  0.4 ,  'type':  1} ,  {'idp':  69 ,  'x':  1.24 ,  'y':  2.49 ,  'r':  0.4 ,  'type':  1} ,  {'idp':  70 ,  'x':  3.13 ,  'y':  0.75 ,  'r':  0.4 ,  'type':  1} ,  {'idp':  71 ,  'x':  1.96 ,  'y':  -3.34 ,  'r':  0.2 ,  'type':  1} ,  {'idp':  72 ,  'x':  2.83 ,  'y':  -3.54 ,  'r':  0.4 ,  'type':  1}]
61456,1398777805.076983,[{'idp':  64 ,  'x':  0.42 ,  'y':  9.22 ,  'r':  0.4 ,  'type':  1} ,  {'idp':  65 ,  'x':  2.15 ,  'y':  6.62 ,  'r':  0.4 ,  'type':  1} ,  {'idp':  68 ,  'x':  1.06 ,  'y':  4.21 ,  'r':  0.4 ,  'type':  1} ,  {'idp':  69 ,  'x':  1.23 ,  'y':  2.52 ,  'r':  0.4 ,  'type':  1} ,  {'idp':  70 ,  'x':  3.15 ,  'y':  0.76 ,  'r':  0.4 ,  'type':  1} ,  {'idp':  71 ,  'x':  1.97 ,  'y':  -3.3 ,  'r':  0.2 ,  'type':  1} ,  {'idp':  72 ,  'x':  2.86 ,  'y':  -3.53 ,  'r':  0.4 ,  'type':  1}]
61457,1398777805.1155522,[{'idp':  64 ,  'x':  0.42 ,  'y':  9.22 ,  'r':  0.4 ,  'type':  1} ,  {'idp':  65 ,  'x':  2.19 ,  'y':  6.63 ,  'r':  0.4 ,  'type':  1} ,  {'idp':  68 ,  'x':  1.06 ,  'y':  4.2 ,  'r':  0.4 ,  'type':  1} ,  {'idp':  69 ,  'x':  1.21 ,  'y':  2.55 ,  'r':  0.4 ,  'type':  1} ,  {'idp':  70 ,  'x':  3.17 ,  'y':  0.77 ,  'r':  0.4 ,  'type':  1} ,  {'idp':  71 ,  'x':  1.98 ,  'y':  -3.26 ,  'r':  0.2 ,  'type':  1} ,  {'idp':  72 ,  'x':  2.85 ,  'y':  -3.51 ,  'r':  0.4 ,  'type':  1}]
61458,1398777805.15555,[{'idp':  64 ,  'x':  0.42 ,  'y':  9.22 ,  'r':  0.4 ,  'type':  1} ,  {'idp':  65 ,  'x':  2.19 ,  'y':  6.63 ,  'r':  0.4 ,  'type':  1} ,  {'idp':  68 ,  'x':  1.05 ,  'y':  4.22 ,  'r':  0.4 ,  'type':  1} ,  {'idp':  69 ,  'x':  1.19 ,  'y':  2.58 ,  'r':  0.4 ,  'type':  1} ,  {'idp':  70 ,  'x':  3.17 ,  'y':  0.78 ,  'r':  0.4 ,  'type':  1} ,  {'idp':  71 ,  'x':  1.96 ,  'y':  -3.21 ,  'r':  0.2 ,  'type':  1} ,  {'idp':  72 ,  'x':  2.85 ,  'y':  -3.49 ,  'r':  0.4 ,  'type':  1}]
61459,1398777805.1555793,[{'idp':  64 ,  'x':  0.42 ,  'y':  9.22 ,  'r':  0.4 ,  'type':  1} ,  {'idp':  65 ,  'x':  2.14 ,  'y':  6.64 ,  'r':  0.4 ,  'type':  1} ,  {'idp':  68 ,  'x':  1.03 ,  'y':  4.22 ,  'r':  0.4 ,  'type':  1} ,  {'idp':  69 ,  'x':  1.16 ,  'y':  2.61 ,  'r':  0.4 ,  'type':  1} ,  {'idp':  70 ,  'x':  3.17 ,  'y':  0.79 ,  'r':  0.4 ,  'type':  1} ,  {'idp':  71 ,  'x':  1.97 ,  'y':  -3.13 ,  'r':  0.2 ,  'type':  1} ,  {'idp':  72 ,  'x':  2.85 ,  'y':  -3.46 ,  'r':  0.4 ,  'type':  1}]
61460,1398777805.195704,[{'idp':  64 ,  'x':  0.42 ,  'y':  9.22 ,  'r':  0.4 ,  'type':  1} ,  {'idp':  65 ,  'x':  2.11 ,  'y':  6.64 ,  'r':  0.4 ,  'type':  1} ,  {'idp':  68 ,  'x':  1.01 ,  'y':  4.23 ,  'r':  0.4 ,  'type':  1} ,  {'idp':  69 ,  'x':  1.13 ,  'y':  2.65 ,  'r':  0.4 ,  'type':  1} ,  {'idp':  70 ,  'x':  3.16 ,  'y':  0.81 ,  'r':  0.4 ,  'type':  1} ,  {'idp':  71 ,  'x':  1.99 ,  'y':  -3.07 ,  'r':  0.2 ,  'type':  1} ,  {'idp':  72 ,  'x':  2.88 ,  'y':  -3.44 ,  'r':  0.4 ,  'type':  1}]
61461,1398777805.2032704,[{'idp':  64 ,  'x':  0.42 ,  'y':  9.22 ,  'r':  0.4 ,  'type':  1} ,  {'idp':  65 ,  'x':  2.06 ,  'y':  6.63 ,  'r':  0.4 ,  'type':  1} ,  {'idp':  68 ,  'x':  0.99 ,  'y':  4.23 ,  'r':  0.4 ,  'type':  1} ,  {'idp':  69 ,  'x':  1.08 ,  'y':  2.67 ,  'r':  0.4 ,  'type':  1} ,  {'idp':  70 ,  'x':  3.15 ,  'y':  0.82 ,  'r':  0.4 ,  'type':  1} ,  {'idp':  71 ,  'x':  2.0 ,  'y':  -3.01 ,  'r':  0.2 ,  'type':  1} ,  {'idp':  72 ,  'x':  2.89 ,  'y':  -3.41 ,  'r':  0.4 ,  'type':  1}]
61462,1398777805.2395499,[{'idp':  64 ,  'x':  0.42 ,  'y':  9.22 ,  'r':  0.4 ,  'type':  1} ,  {'idp':  65 ,  'x':  2.02 ,  'y':  6.62 ,  'r':  0.4 ,  'type':  1} ,  {'idp':  68 ,  'x':  0.98 ,  'y':  4.25 ,  'r':  0.4 ,  'type':  1} ,  {'idp':  69 ,  'x':  1.04 ,  'y':  2.67 ,  'r':  0.4 ,  'type':  1} ,  {'idp':  70 ,  'x':  3.14 ,  'y':  0.82 ,  'r':  0.4 ,  'type':  1} ,  {'idp':  71 ,  'x':  2.04 ,  'y':  -2.95 ,  'r':  0.2 ,  'type':  1} ,  {'idp':  72 ,  'x':  2.88 ,  'y':  -3.39 ,  'r':  0.4 ,  'type':  1}]
61463,1398777805.2795558,[{'idp':  64 ,  'x':  0.42 ,  'y':  9.22 ,  'r':  0.4 ,  'type':  1} ,  {'idp':  65 ,  'x':  1.97 ,  'y':  6.64 ,  'r':  0.4 ,  'type':  1} ,  {'idp':  68 ,  'x':  0.96 ,  'y':  4.24 ,  'r':  0.4 ,  'type':  1} ,  {'idp':  69 ,  'x':  1.03 ,  'y':  2.72 ,  'r':  0.4 ,  'type':  1} ,  {'idp':  70 ,  'x':  3.12 ,  'y':  0.82 ,  'r':  0.4 ,  'type':  1} ,  {'idp':  71 ,  'x':  2.06 ,  'y':  -2.9 ,  'r':  0.2 ,  'type':  1} ,  {'idp':  72 ,  'x':  2.89 ,  'y':  -3.37 ,  'r':  0.4 ,  'type':  1}]
61464,1398777805.2795746,[{'idp':  64 ,  'x':  0.42 ,  'y':  9.22 ,  'r':  0.4 ,  'type':  1} ,  {'idp':  65 ,  'x':  1.86 ,  'y':  6.67 ,  'r':  0.4 ,  'type':  1} ,  {'idp':  68 ,  'x':  0.94 ,  'y':  4.26 ,  'r':  0.4 ,  'type':  1} ,  {'idp':  69 ,  'x':  1.01 ,  'y':  2.78 ,  'r':  0.4 ,  'type':  1} ,  {'idp':  70 ,  'x':  3.09 ,  'y':  0.83 ,  'r':  0.4 ,  'type':  1} ,  {'idp':  71 ,  'x':  2.07 ,  'y':  -2.87 ,  'r':  0.2 ,  'type':  1} ,  {'idp':  72 ,  'x':  2.87 ,  'y':  -3.31 ,  'r':  0.4 ,  'type':  1}]
61465,1398777805.3197212,[{'idp':  64 ,  'x':  0.42 ,  'y':  9.22 ,  'r':  0.4 ,  'type':  1} ,  {'idp':  65 ,  'x':  1.75 ,  'y':  6.73 ,  'r':  0.4 ,  'type':  1} ,  {'idp':  68 ,  'x':  0.91 ,  'y':  4.27 ,  'r':  0.4 ,  'type':  1} ,  {'idp':  69 ,  'x':  0.98 ,  'y':  2.83 ,  'r':  0.4 ,  'type':  1} ,  {'idp':  70 ,  'x':  3.08 ,  'y':  0.85 ,  'r':  0.4 ,  'type':  1} ,  {'idp':  71 ,  'x':  2.09 ,  'y':  -2.82 ,  'r':  0.2 ,  'type':  1} ,  {'idp':  72 ,  'x':  2.87 ,  'y':  -3.27 ,  'r':  0.4 ,  'type':  1}]
61466,1398777805.3282456,[{'idp':  64 ,  'x':  0.42 ,  'y':  9.22 ,  'r':  0.4 ,  'type':  1} ,  {'idp':  65 ,  'x':  1.69 ,  'y':  6.83 ,  'r':  0.4 ,  'type':  1} ,  {'idp':  68 ,  'x':  0.87 ,  'y':  4.27 ,  'r':  0.4 ,  'type':  1} ,  {'idp':  69 ,  'x':  0.95 ,  'y':  2.88 ,  'r':  0.4 ,  'type':  1} ,  {'idp':  70 ,  'x':  3.06 ,  'y':  0.87 ,  'r':  0.4 ,  'type':  1} ,  {'idp':  71 ,  'x':  2.1 ,  'y':  -2.78 ,  'r':  0.2 ,  'type':  1} ,  {'idp':  72 ,  'x':  2.88 ,  'y':  -3.24 ,  'r':  0.4 ,  'type':  1}]
61467,1398777805.3676014,[{'idp':  64 ,  'x':  0.42 ,  'y':  9.22 ,  'r':  0.4 ,  'type':  1} ,  {'idp':  65 ,  'x':  1.65 ,  'y':  6.91 ,  'r':  0.4 ,  'type':  1} ,  {'idp':  68 ,  'x':  0.82 ,  'y':  4.28 ,  'r':  0.4 ,  'type':  1} ,  {'idp':  69 ,  'x':  0.91 ,  'y':  2.9 ,  'r':  0.4 ,  'type':  1} ,  {'idp':  70 ,  'x':  3.06 ,  'y':  0.9 ,  'r':  0.4 ,  'type':  1} ,  {'idp':  71 ,  'x':  2.11 ,  'y':  -2.72 ,  'r':  0.2 ,  'type':  1} ,  {'idp':  72 ,  'x':  2.88 ,  'y':  -3.18 ,  'r':  0.4 ,  'type':  1}]
61468,1398777805.4075794,[{'idp':  64 ,  'x':  0.42 ,  'y':  9.22 ,  'r':  0.4 ,  'type':  1} ,  {'idp':  65 ,  'x':  1.69 ,  'y':  6.9 ,  'r':  0.4 ,  'type':  1} ,  {'idp':  68 ,  'x':  0.79 ,  'y':  4.3 ,  'r':  0.4 ,  'type':  1} ,  {'idp':  69 ,  'x':  0.88 ,  'y':  2.92 ,  'r':  0.4 ,  'type':  1} ,  {'idp':  70 ,  'x':  3.05 ,  'y':  0.93 ,  'r':  0.4 ,  'type':  1} ,  {'idp':  71 ,  'x':  2.1 ,  'y':  -2.64 ,  'r':  0.2 ,  'type':  1} ,  {'idp':  72 ,  'x':  2.92 ,  'y':  -3.14 ,  'r':  0.4 ,  'type':  1}]
61469,1398777805.4076092,[{'idp':  64 ,  'x':  0.42 ,  'y':  9.22 ,  'r':  0.4 ,  'type':  1} ,  {'idp':  65 ,  'x':  1.69 ,  'y':  6.85 ,  'r':  0.4 ,  'type':  1} ,  {'idp':  68 ,  'x':  0.74 ,  'y':  4.31 ,  'r':  0.4 ,  'type':  1} ,  {'idp':  69 ,  'x':  0.85 ,  'y':  2.92 ,  'r':  0.4 ,  'type':  1} ,  {'idp':  70 ,  'x':  3.06 ,  'y':  0.95 ,  'r':  0.4 ,  'type':  1} ,  {'idp':  71 ,  'x':  2.11 ,  'y':  -2.57 ,  'r':  0.2 ,  'type':  1} ,  {'idp':  72 ,  'x':  2.89 ,  'y':  -3.07 ,  'r':  0.4 ,  'type':  1}]
61470,1398777805.4476519,[{'idp':  64 ,  'x':  0.42 ,  'y':  9.22 ,  'r':  0.4 ,  'type':  1} ,  {'idp':  65 ,  'x':  1.72 ,  'y':  6.79 ,  'r':  0.4 ,  'type':  1} ,  {'idp':  68 ,  'x':  0.72 ,  'y':  4.32 ,  'r':  0.4 ,  'type':  1} ,  {'idp':  69 ,  'x':  0.83 ,  'y':  2.92 ,  'r':  0.4 ,  'type':  1} ,  {'idp':  70 ,  'x':  3.08 ,  'y':  0.98 ,  'r':  0.4 ,  'type':  1} ,  {'idp':  71 ,  'x':  2.13 ,  'y':  -2.53 ,  'r':  0.2 ,  'type':  1} ,  {'idp':  72 ,  'x':  2.92 ,  'y':  -3.04 ,  'r':  0.4 ,  'type':  1}]
61471,1398777805.4537768,[{'idp':  64 ,  'x':  0.42 ,  'y':  9.22 ,  'r':  0.4 ,  'type':  1} ,  {'idp':  65 ,  'x':  1.76 ,  'y':  6.7 ,  'r':  0.4 ,  'type':  1} ,  {'idp':  68 ,  'x':  0.72 ,  'y':  4.33 ,  'r':  0.4 ,  'type':  1} ,  {'idp':  69 ,  'x':  0.83 ,  'y':  2.92 ,  'r':  0.4 ,  'type':  1} ,  {'idp':  70 ,  'x':  3.07 ,  'y':  0.98 ,  'r':  0.4 ,  'type':  1} ,  {'idp':  71 ,  'x':  2.14 ,  'y':  -2.49 ,  'r':  0.2 ,  'type':  1} ,  {'idp':  72 ,  'x':  2.95 ,  'y':  -3.03 ,  'r':  0.4 ,  'type':  1}]
61472,1398777805.4915614,[{'idp':  64 ,  'x':  0.42 ,  'y':  9.22 ,  'r':  0.4 ,  'type':  1} ,  {'idp':  65 ,  'x':  1.73 ,  'y':  6.71 ,  'r':  0.4 ,  'type':  1} ,  {'idp':  68 ,  'x':  0.71 ,  'y':  4.34 ,  'r':  0.4 ,  'type':  1} ,  {'idp':  69 ,  'x':  0.83 ,  'y':  2.91 ,  'r':  0.4 ,  'type':  1} ,  {'idp':  70 ,  'x':  3.07 ,  'y':  0.98 ,  'r':  0.4 ,  'type':  1} ,  {'idp':  71 ,  'x':  2.14 ,  'y':  -2.47 ,  'r':  0.2 ,  'type':  1} ,  {'idp':  72 ,  'x':  2.92 ,  'y':  -3.01 ,  'r':  0.4 ,  'type':  1}]
61473,1398777805.531578,[{'idp':  64 ,  'x':  0.42 ,  'y':  9.22 ,  'r':  0.4 ,  'type':  1} ,  {'idp':  65 ,  'x':  1.68 ,  'y':  6.69 ,  'r':  0.4 ,  'type':  1} ,  {'idp':  68 ,  'x':  0.67 ,  'y':  4.34 ,  'r':  0.4 ,  'type':  1} ,  {'idp':  69 ,  'x':  0.82 ,  'y':  2.89 ,  'r':  0.4 ,  'type':  1} ,  {'idp':  70 ,  'x':  3.08 ,  'y':  0.99 ,  'r':  0.4 ,  'type':  1} ,  {'idp':  71 ,  'x':  2.16 ,  'y':  -2.44 ,  'r':  0.2 ,  'type':  1} ,  {'idp':  72 ,  'x':  2.91 ,  'y':  -2.99 ,  'r':  0.4 ,  'type':  1}]
61474,1398777805.5316093,[{'idp':  64 ,  'x':  0.42 ,  'y':  9.22 ,  'r':  0.4 ,  'type':  1} ,  {'idp':  65 ,  'x':  1.64 ,  'y':  6.7 ,  'r':  0.4 ,  'type':  1} ,  {'idp':  68 ,  'x':  0.65 ,  'y':  4.35 ,  'r':  0.4 ,  'type':  1} ,  {'idp':  69 ,  'x':  0.82 ,  'y':  2.82 ,  'r':  0.4 ,  'type':  1} ,  {'idp':  70 ,  'x':  3.07 ,  'y':  1.0 ,  'r':  0.4 ,  'type':  1} ,  {'idp':  71 ,  'x':  2.17 ,  'y':  -2.4 ,  'r':  0.2 ,  'type':  1} ,  {'idp':  72 ,  'x':  2.94 ,  'y':  -2.97 ,  'r':  0.4 ,  'type':  1}]
61475,1398777805.5716043,[{'idp':  64 ,  'x':  0.42 ,  'y':  9.22 ,  'r':  0.4 ,  'type':  1} ,  {'idp':  65 ,  'x':  1.58 ,  'y':  6.71 ,  'r':  0.4 ,  'type':  1} ,  {'idp':  68 ,  'x':  0.64 ,  'y':  4.37 ,  'r':  0.4 ,  'type':  1} ,  {'idp':  69 ,  'x':  0.8 ,  'y':  2.84 ,  'r':  0.4 ,  'type':  1} ,  {'idp':  70 ,  'x':  3.07 ,  'y':  1.02 ,  'r':  0.4 ,  'type':  1} ,  {'idp':  71 ,  'x':  2.17 ,  'y':  -2.35 ,  'r':  0.2 ,  'type':  1} ,  {'idp':  72 ,  'x':  2.96 ,  'y':  -2.92 ,  'r':  0.4 ,  'type':  1}]
61476,1398777805.5779793,[{'idp':  64 ,  'x':  0.42 ,  'y':  9.22 ,  'r':  0.4 ,  'type':  1} ,  {'idp':  65 ,  'x':  1.5 ,  'y':  6.7 ,  'r':  0.4 ,  'type':  1} ,  {'idp':  68 ,  'x':  0.59 ,  'y':  4.38 ,  'r':  0.4 ,  'type':  1} ,  {'idp':  69 ,  'x':  0.77 ,  'y':  2.87 ,  'r':  0.4 ,  'type':  1} ,  {'idp':  70 ,  'x':  3.05 ,  'y':  1.04 ,  'r':  0.4 ,  'type':  1} ,  {'idp':  71 ,  'x':  2.19 ,  'y':  -2.32 ,  'r':  0.2 ,  'type':  1} ,  {'idp':  72 ,  'x':  2.97 ,  'y':  -2.87 ,  'r':  0.4 ,  'type':  1}]
61477,1398777805.6155875,[{'idp':  64 ,  'x':  0.42 ,  'y':  9.22 ,  'r':  0.4 ,  'type':  1} ,  {'idp':  65 ,  'x':  1.5 ,  'y':  6.7 ,  'r':  0.4 ,  'type':  1} ,  {'idp':  68 ,  'x':  0.56 ,  'y':  4.39 ,  'r':  0.4 ,  'type':  1} ,  {'idp':  69 ,  'x':  0.75 ,  'y':  2.88 ,  'r':  0.4 ,  'type':  1} ,  {'idp':  70 ,  'x':  3.05 ,  'y':  1.05 ,  'r':  0.4 ,  'type':  1} ,  {'idp':  71 ,  'x':  2.21 ,  'y':  -2.28 ,  'r':  0.2 ,  'type':  1} ,  {'idp':  72 ,  'x':  3.01 ,  'y':  -2.83 ,  'r':  0.4 ,  'type':  1}]
61478,1398777805.655586,[{'idp':  64 ,  'x':  0.42 ,  'y':  9.22 ,  'r':  0.4 ,  'type':  1} ,  {'idp':  65 ,  'x':  1.5 ,  'y':  6.7 ,  'r':  0.4 ,  'type':  1} ,  {'idp':  68 ,  'x':  0.53 ,  'y':  4.4 ,  'r':  0.4 ,  'type':  1} ,  {'idp':  69 ,  'x':  0.72 ,  'y':  2.92 ,  'r':  0.4 ,  'type':  1} ,  {'idp':  70 ,  'x':  3.03 ,  'y':  1.07 ,  'r':  0.4 ,  'type':  1} ,  {'idp':  71 ,  'x':  2.22 ,  'y':  -2.23 ,  'r':  0.2 ,  'type':  1} ,  {'idp':  72 ,  'x':  3.02 ,  'y':  -2.78 ,  'r':  0.4 ,  'type':  1}]
61479,1398777805.6556146,[{'idp':  64 ,  'x':  0.42 ,  'y':  9.22 ,  'r':  0.4 ,  'type':  1} ,  {'idp':  65 ,  'x':  1.5 ,  'y':  6.7 ,  'r':  0.4 ,  'type':  1} ,  {'idp':  68 ,  'x':  0.51 ,  'y':  4.41 ,  'r':  0.4 ,  'type':  1} ,  {'idp':  69 ,  'x':  0.68 ,  'y':  2.97 ,  'r':  0.4 ,  'type':  1} ,  {'idp':  70 ,  'x':  3.03 ,  'y':  1.09 ,  'r':  0.4 ,  'type':  1} ,  {'idp':  71 ,  'x':  2.23 ,  'y':  -2.2 ,  'r':  0.2 ,  'type':  1} ,  {'idp':  72 ,  'x':  3.06 ,  'y':  -2.75 ,  'r':  0.4 ,  'type':  1}]
61480,1398777805.6956685,[{'idp':  64 ,  'x':  0.42 ,  'y':  9.22 ,  'r':  0.4 ,  'type':  1} ,  {'idp':  65 ,  'x':  1.8 ,  'y':  6.88 ,  'r':  0.4 ,  'type':  1} ,  {'idp':  68 ,  'x':  0.44 ,  'y':  4.43 ,  'r':  0.4 ,  'type':  1} ,  {'idp':  69 ,  'x':  0.64 ,  'y':  3.04 ,  'r':  0.4 ,  'type':  1} ,  {'idp':  70 ,  'x':  3.02 ,  'y':  1.12 ,  'r':  0.4 ,  'type':  1} ,  {'idp':  71 ,  'x':  2.25 ,  'y':  -2.16 ,  'r':  0.2 ,  'type':  1} ,  {'idp':  72 ,  'x':  3.07 ,  'y':  -2.72 ,  'r':  0.4 ,  'type':  1}]
61481,1398777805.7060614,[{'idp':  64 ,  'x':  0.42 ,  'y':  9.22 ,  'r':  0.4 ,  'type':  1} ,  {'idp':  65 ,  'x':  1.89 ,  'y':  6.87 ,  'r':  0.4 ,  'type':  1} ,  {'idp':  68 ,  'x':  0.41 ,  'y':  4.45 ,  'r':  0.4 ,  'type':  1} ,  {'idp':  69 ,  'x':  0.58 ,  'y':  3.13 ,  'r':  0.4 ,  'type':  1} ,  {'idp':  70 ,  'x':  3.01 ,  'y':  1.15 ,  'r':  0.4 ,  'type':  1} ,  {'idp':  71 ,  'x':  2.25 ,  'y':  -2.11 ,  'r':  0.2 ,  'type':  1} ,  {'idp':  72 ,  'x':  3.09 ,  'y':  -2.66 ,  'r':  0.4 ,  'type':  1}]
61482,1398777805.743597,[{'idp':  64 ,  'x':  0.42 ,  'y':  9.22 ,  'r':  0.4 ,  'type':  1} ,  {'idp':  65 ,  'x':  1.89 ,  'y':  6.83 ,  'r':  0.4 ,  'type':  1} ,  {'idp':  68 ,  'x':  0.36 ,  'y':  4.46 ,  'r':  0.4 ,  'type':  1} ,  {'idp':  69 ,  'x':  0.53 ,  'y':  3.18 ,  'r':  0.4 ,  'type':  1} ,  {'idp':  70 ,  'x':  3.0 ,  'y':  1.17 ,  'r':  0.4 ,  'type':  1} ,  {'idp':  71 ,  'x':  2.25 ,  'y':  -2.05 ,  'r':  0.2 ,  'type':  1} ,  {'idp':  72 ,  'x':  3.12 ,  'y':  -2.61 ,  'r':  0.4 ,  'type':  1}]
61483,1398777805.7835891,[{'idp':  65 ,  'x':  1.88 ,  'y':  6.77 ,  'r':  0.4 ,  'type':  1} ,  {'idp':  68 ,  'x':  0.3 ,  'y':  4.47 ,  'r':  0.4 ,  'type':  1} ,  {'idp':  69 ,  'x':  0.49 ,  'y':  3.2 ,  'r':  0.4 ,  'type':  1} ,  {'idp':  71 ,  'x':  2.26 ,  'y':  -2.02 ,  'r':  0.2 ,  'type':  1} ,  {'idp':  72 ,  'x':  3.12 ,  'y':  -2.61 ,  'r':  0.4 ,  'type':  1}]
61484,1398777805.783612,[{'idp':  65 ,  'x':  1.85 ,  'y':  6.73 ,  'r':  0.4 ,  'type':  1} ,  {'idp':  68 ,  'x':  0.27 ,  'y':  4.49 ,  'r':  0.4 ,  'type':  1} ,  {'idp':  69 ,  'x':  0.46 ,  'y':  3.2 ,  'r':  0.4 ,  'type':  1} ,  {'idp':  71 ,  'x':  2.28 ,  'y':  -1.99 ,  'r':  0.2 ,  'type':  1} ,  {'idp':  72 ,  'x':  3.12 ,  'y':  -2.61 ,  'r':  0.4 ,  'type':  1}]
61485,1398777805.8236792,[{'idp':  65 ,  'x':  1.84 ,  'y':  6.7 ,  'r':  0.4 ,  'type':  1} ,  {'idp':  68 ,  'x':  0.17 ,  'y':  4.53 ,  'r':  0.4 ,  'type':  1} ,  {'idp':  69 ,  'x':  0.41 ,  'y':  3.24 ,  'r':  0.4 ,  'type':  1} ,  {'idp':  71 ,  'x':  2.3 ,  'y':  -1.97 ,  'r':  0.2 ,  'type':  1} ,  {'idp':  72 ,  'x':  3.12 ,  'y':  -2.61 ,  'r':  0.4 ,  'type':  1}]
61486,1398777805.8321004,[{'idp':  65 ,  'x':  1.84 ,  'y':  6.72 ,  'r':  0.4 ,  'type':  1} ,  {'idp':  68 ,  'x':  0.1 ,  'y':  4.56 ,  'r':  0.4 ,  'type':  1} ,  {'idp':  69 ,  'x':  0.39 ,  'y':  3.33 ,  'r':  0.4 ,  'type':  1} ,  {'idp':  71 ,  'x':  2.33 ,  'y':  -1.95 ,  'r':  0.2 ,  'type':  1} ,  {'idp':  72 ,  'x':  3.12 ,  'y':  -2.61 ,  'r':  0.4 ,  'type':  1}]
61487,1398777805.8716078,[{'idp':  65 ,  'x':  1.85 ,  'y':  6.73 ,  'r':  0.4 ,  'type':  1} ,  {'idp':  68 ,  'x':  0.08 ,  'y':  4.59 ,  'r':  0.4 ,  'type':  1} ,  {'idp':  69 ,  'x':  0.36 ,  'y':  3.38 ,  'r':  0.4 ,  'type':  1} ,  {'idp':  71 ,  'x':  2.35 ,  'y':  -1.93 ,  'r':  0.2 ,  'type':  1} ,  {'idp':  72 ,  'x':  3.12 ,  'y':  -2.61 ,  'r':  0.4 ,  'type':  1}]
61488,1398777805.911582,[{'idp':  65 ,  'x':  1.86 ,  'y':  6.75 ,  'r':  0.4 ,  'type':  1} ,  {'idp':  68 ,  'x':  0.07 ,  'y':  4.59 ,  'r':  0.4 ,  'type':  1} ,  {'idp':  69 ,  'x':  0.34 ,  'y':  3.43 ,  'r':  0.4 ,  'type':  1} ,  {'idp':  71 ,  'x':  2.36 ,  'y':  -1.9 ,  'r':  0.2 ,  'type':  1} ,  {'idp':  72 ,  'x':  3.12 ,  'y':  -2.61 ,  'r':  0.4 ,  'type':  1}]
61489,1398777805.9116805,[{'idp':  65 ,  'x':  1.86 ,  'y':  6.77 ,  'r':  0.4 ,  'type':  1} ,  {'idp':  68 ,  'x':  0.19 ,  'y':  4.53 ,  'r':  0.4 ,  'type':  1} ,  {'idp':  69 ,  'x':  0.3 ,  'y':  3.47 ,  'r':  0.4 ,  'type':  1} ,  {'idp':  71 ,  'x':  2.38 ,  'y':  -1.88 ,  'r':  0.2 ,  'type':  1} ,  {'idp':  72 ,  'x':  3.12 ,  'y':  -2.61 ,  'r':  0.4 ,  'type':  1}]
61490,1398777805.9515905,[{'idp':  65 ,  'x':  1.86 ,  'y':  6.75 ,  'r':  0.4 ,  'type':  1} ,  {'idp':  68 ,  'x':  0.25 ,  'y':  4.5 ,  'r':  0.4 ,  'type':  1} ,  {'idp':  69 ,  'x':  0.27 ,  'y':  3.51 ,  'r':  0.4 ,  'type':  1} ,  {'idp':  71 ,  'x':  2.38 ,  'y':  -1.84 ,  'r':  0.2 ,  'type':  1} ,  {'idp':  72 ,  'x':  3.01 ,  'y':  -2.31 ,  'r':  0.4 ,  'type':  1}]
61491,1398777805.9580624,[{'idp':  65 ,  'x':  1.86 ,  'y':  6.75 ,  'r':  0.4 ,  'type':  1} ,  {'idp':  68 ,  'x':  0.31 ,  'y':  4.46 ,  'r':  0.4 ,  'type':  1} ,  {'idp':  69 ,  'x':  0.24 ,  'y':  3.55 ,  'r':  0.4 ,  'type':  1} ,  {'idp':  71 ,  'x':  2.37 ,  'y':  -1.81 ,  'r':  0.2 ,  'type':  1} ,  {'idp':  72 ,  'x':  3.14 ,  'y':  -2.37 ,  'r':  0.4 ,  'type':  1}]
61492,1398777805.9956713,[{'idp':  65 ,  'x':  1.86 ,  'y':  6.76 ,  'r':  0.4 ,  'type':  1} ,  {'idp':  68 ,  'x':  0.34 ,  'y':  4.43 ,  'r':  0.4 ,  'type':  1} ,  {'idp':  69 ,  'x':  0.23 ,  'y':  3.56 ,  'r':  0.4 ,  'type':  1} ,  {'idp':  71 ,  'x':  2.37 ,  'y':  -1.79 ,  'r':  0.2 ,  'type':  1} ,  {'idp':  72 ,  'x':  3.19 ,  'y':  -2.35 ,  'r':  0.4 ,  'type':  1}]
61493,1398777806.0355766,[{'idp':  65 ,  'x':  1.85 ,  'y':  6.74 ,  'r':  0.4 ,  'type':  1} ,  {'idp':  68 ,  'x':  0.31 ,  'y':  4.46 ,  'r':  0.4 ,  'type':  1} ,  {'idp':  69 ,  'x':  0.24 ,  'y':  3.55 ,  'r':  0.4 ,  'type':  1} ,  {'idp':  71 ,  'x':  2.37 ,  'y':  -1.77 ,  'r':  0.2 ,  'type':  1} ,  {'idp':  72 ,  'x':  3.19 ,  'y':  -2.32 ,  'r':  0.4 ,  'type':  1}]
61494,1398777806.035609,[{'idp':  65 ,  'x':  1.84 ,  'y':  6.7 ,  'r':  0.4 ,  'type':  1} ,  {'idp':  68 ,  'x':  0.29 ,  'y':  4.46 ,  'r':  0.4 ,  'type':  1} ,  {'idp':  69 ,  'x':  0.24 ,  'y':  3.54 ,  'r':  0.4 ,  'type':  1} ,  {'idp':  71 ,  'x':  2.36 ,  'y':  -1.76 ,  'r':  0.2 ,  'type':  1} ,  {'idp':  72 ,  'x':  3.18 ,  'y':  -2.26 ,  'r':  0.4 ,  'type':  1}]
61495,1398777806.0756767,[{'idp':  65 ,  'x':  1.83 ,  'y':  6.64 ,  'r':  0.4 ,  'type':  1} ,  {'idp':  68 ,  'x':  0.27 ,  'y':  4.39 ,  'r':  0.4 ,  'type':  1} ,  {'idp':  69 ,  'x':  0.29 ,  'y':  3.49 ,  'r':  0.4 ,  'type':  1} ,  {'idp':  71 ,  'x':  2.36 ,  'y':  -1.76 ,  'r':  0.2 ,  'type':  1} ,  {'idp':  72 ,  'x':  3.18 ,  'y':  -2.22 ,  'r':  0.4 ,  'type':  1}]
61496,1398777806.0828948,[{'idp':  65 ,  'x':  1.82 ,  'y':  6.56 ,  'r':  0.4 ,  'type':  1} ,  {'idp':  68 ,  'x':  0.23 ,  'y':  4.43 ,  'r':  0.4 ,  'type':  1} ,  {'idp':  69 ,  'x':  0.29 ,  'y':  3.47 ,  'r':  0.4 ,  'type':  1} ,  {'idp':  71 ,  'x':  2.34 ,  'y':  -1.77 ,  'r':  0.2 ,  'type':  1} ,  {'idp':  72 ,  'x':  3.2 ,  'y':  -2.19 ,  'r':  0.4 ,  'type':  1}]
61497,1398777806.1196003,[{'idp':  65 ,  'x':  1.8 ,  'y':  6.48 ,  'r':  0.4 ,  'type':  1} ,  {'idp':  68 ,  'x':  0.19 ,  'y':  4.44 ,  'r':  0.4 ,  'type':  1} ,  {'idp':  69 ,  'x':  0.26 ,  'y':  3.47 ,  'r':  0.4 ,  'type':  1} ,  {'idp':  71 ,  'x':  2.34 ,  'y':  -1.74 ,  'r':  0.2 ,  'type':  1} ,  {'idp':  72 ,  'x':  3.26 ,  'y':  -2.16 ,  'r':  0.4 ,  'type':  1}]
61498,1398777806.1595745,[{'idp':  65 ,  'x':  1.78 ,  'y':  6.41 ,  'r':  0.4 ,  'type':  1} ,  {'idp':  68 ,  'x':  0.15 ,  'y':  4.41 ,  'r':  0.4 ,  'type':  1} ,  {'idp':  69 ,  'x':  0.23 ,  'y':  3.48 ,  'r':  0.4 ,  'type':  1} ,  {'idp':  71 ,  'x':  2.34 ,  'y':  -1.7 ,  'r':  0.2 ,  'type':  1} ,  {'idp':  72 ,  'x':  3.26 ,  'y':  -2.08 ,  'r':  0.4 ,  'type':  1}]
61499,1398777806.159601,[{'idp':  65 ,  'x':  1.77 ,  'y':  6.39 ,  'r':  0.4 ,  'type':  1} ,  {'idp':  68 ,  'x':  0.11 ,  'y':  4.38 ,  'r':  0.4 ,  'type':  1} ,  {'idp':  69 ,  'x':  0.2 ,  'y':  3.49 ,  'r':  0.4 ,  'type':  1} ,  {'idp':  71 ,  'x':  2.36 ,  'y':  -1.66 ,  'r':  0.2 ,  'type':  1} ,  {'idp':  72 ,  'x':  3.27 ,  'y':  -1.99 ,  'r':  0.4 ,  'type':  1}]
61500,1398777806.199586,[{'idp':  65 ,  'x':  1.77 ,  'y':  6.38 ,  'r':  0.4 ,  'type':  1} ,  {'idp':  68 ,  'x':  0.08 ,  'y':  4.36 ,  'r':  0.4 ,  'type':  1} ,  {'idp':  69 ,  'x':  0.18 ,  'y':  3.49 ,  'r':  0.4 ,  'type':  1} ,  {'idp':  71 ,  'x':  2.37 ,  'y':  -1.62 ,  'r':  0.2 ,  'type':  1} ,  {'idp':  72 ,  'x':  3.29 ,  'y':  -1.93 ,  'r':  0.4 ,  'type':  1}]
61501,1398777806.2071612,[{'idp':  65 ,  'x':  1.75 ,  'y':  6.38 ,  'r':  0.4 ,  'type':  1} ,  {'idp':  68 ,  'x':  0.04 ,  'y':  4.36 ,  'r':  0.4 ,  'type':  1} ,  {'idp':  69 ,  'x':  0.14 ,  'y':  3.52 ,  'r':  0.4 ,  'type':  1} ,  {'idp':  71 ,  'x':  2.38 ,  'y':  -1.57 ,  'r':  0.2 ,  'type':  1} ,  {'idp':  72 ,  'x':  3.3 ,  'y':  -1.87 ,  'r':  0.4 ,  'type':  1}]
61502,1398777806.2435431,[{'idp':  65 ,  'x':  1.73 ,  'y':  6.38 ,  'r':  0.4 ,  'type':  1} ,  {'idp':  68 ,  'x':  0.04 ,  'y':  4.36 ,  'r':  0.4 ,  'type':  1} ,  {'idp':  69 ,  'x':  0.1 ,  'y':  3.52 ,  'r':  0.4 ,  'type':  1} ,  {'idp':  71 ,  'x':  2.39 ,  'y':  -1.53 ,  'r':  0.2 ,  'type':  1} ,  {'idp':  72 ,  'x':  3.32 ,  'y':  -1.81 ,  'r':  0.4 ,  'type':  1}]
61503,1398777806.283561,[{'idp':  65 ,  'x':  1.67 ,  'y':  6.35 ,  'r':  0.4 ,  'type':  1} ,  {'idp':  68 ,  'x':  0.04 ,  'y':  4.36 ,  'r':  0.4 ,  'type':  1} ,  {'idp':  69 ,  'x':  0.07 ,  'y':  3.53 ,  'r':  0.4 ,  'type':  1} ,  {'idp':  71 ,  'x':  2.38 ,  'y':  -1.47 ,  'r':  0.2 ,  'type':  1} ,  {'idp':  72 ,  'x':  3.33 ,  'y':  -1.76 ,  'r':  0.4 ,  'type':  1}]
61504,1398777806.2835953,[{'idp':  65 ,  'x':  1.64 ,  'y':  6.38 ,  'r':  0.4 ,  'type':  1} ,  {'idp':  68 ,  'x':  0.04 ,  'y':  4.36 ,  'r':  0.4 ,  'type':  1} ,  {'idp':  69 ,  'x':  0.05 ,  'y':  3.59 ,  'r':  0.4 ,  'type':  1} ,  {'idp':  71 ,  'x':  2.37 ,  'y':  -1.4 ,  'r':  0.2 ,  'type':  1} ,  {'idp':  72 ,  'x':  3.32 ,  'y':  -1.72 ,  'r':  0.4 ,  'type':  1}]
61505,1398777806.323616,[{'idp':  65 ,  'x':  1.6 ,  'y':  6.4 ,  'r':  0.4 ,  'type':  1} ,  {'idp':  68 ,  'x':  0.04 ,  'y':  4.36 ,  'r':  0.4 ,  'type':  1} ,  {'idp':  69 ,  'x':  0.03 ,  'y':  3.67 ,  'r':  0.4 ,  'type':  1} ,  {'idp':  71 ,  'x':  2.37 ,  'y':  -1.35 ,  'r':  0.2 ,  'type':  1} ,  {'idp':  72 ,  'x':  3.3 ,  'y':  -1.7 ,  'r':  0.4 ,  'type':  1}]
61506,1398777806.3309627,[{'idp':  65 ,  'x':  1.56 ,  'y':  6.43 ,  'r':  0.4 ,  'type':  1} ,  {'idp':  68 ,  'x':  0.04 ,  'y':  4.36 ,  'r':  0.4 ,  'type':  1} ,  {'idp':  69 ,  'x':  0.03 ,  'y':  3.67 ,  'r':  0.4 ,  'type':  1} ,  {'idp':  71 ,  'x':  2.36 ,  'y':  -1.28 ,  'r':  0.2 ,  'type':  1} ,  {'idp':  72 ,  'x':  3.29 ,  'y':  -1.66 ,  'r':  0.4 ,  'type':  1}]
61507,1398777806.3675692,[{'idp':  65 ,  'x':  1.5 ,  'y':  6.45 ,  'r':  0.4 ,  'type':  1} ,  {'idp':  68 ,  'x':  0.04 ,  'y':  4.36 ,  'r':  0.4 ,  'type':  1} ,  {'idp':  69 ,  'x':  0.03 ,  'y':  3.67 ,  'r':  0.4 ,  'type':  1} ,  {'idp':  71 ,  'x':  2.34 ,  'y':  -1.21 ,  'r':  0.2 ,  'type':  1} ,  {'idp':  72 ,  'x':  3.29 ,  'y':  -1.65 ,  'r':  0.4 ,  'type':  1}]
61508,1398777806.4076478,[{'idp':  71 ,  'x':  2.35 ,  'y':  -1.15 ,  'r':  0.2 ,  'type':  1} ,  {'idp':  72 ,  'x':  3.31 ,  'y':  -1.67 ,  'r':  0.4 ,  'type':  1}]
61509,1398777806.40767,[{'idp':  71 ,  'x':  2.34 ,  'y':  -1.09 ,  'r':  0.2 ,  'type':  1} ,  {'idp':  72 ,  'x':  3.31 ,  'y':  -1.63 ,  'r':  0.4 ,  'type':  1}]
61510,1398777806.447624,[{'idp':  71 ,  'x':  2.34 ,  'y':  -1.04 ,  'r':  0.2 ,  'type':  1} ,  {'idp':  72 ,  'x':  3.27 ,  'y':  -1.65 ,  'r':  0.4 ,  'type':  1}]
61511,1398777806.4565043,[{'idp':  71 ,  'x':  2.33 ,  'y':  -0.98 ,  'r':  0.2 ,  'type':  1} ,  {'idp':  72 ,  'x':  3.3 ,  'y':  -1.61 ,  'r':  0.4 ,  'type':  1}]
61512,1398777806.4956598,[{'idp':  71 ,  'x':  2.34 ,  'y':  -0.91 ,  'r':  0.2 ,  'type':  1} ,  {'idp':  72 ,  'x':  3.3 ,  'y':  -1.53 ,  'r':  0.4 ,  'type':  1}]
61513,1398777806.5356019,[{'idp':  71 ,  'x':  2.35 ,  'y':  -0.84 ,  'r':  0.2 ,  'type':  1} ,  {'idp':  72 ,  'x':  3.3 ,  'y':  -1.44 ,  'r':  0.4 ,  'type':  1}]
61514,1398777806.535629,[{'idp':  71 ,  'x':  2.32 ,  'y':  -0.79 ,  'r':  0.2 ,  'type':  1} ,  {'idp':  72 ,  'x':  3.31 ,  'y':  -1.39 ,  'r':  0.4 ,  'type':  1}]
61515,1398777806.5755715,[{'idp':  71 ,  'x':  2.29 ,  'y':  -0.72 ,  'r':  0.2 ,  'type':  1} ,  {'idp':  72 ,  'x':  3.31 ,  'y':  -1.31 ,  'r':  0.4 ,  'type':  1}]
61516,1398777806.5816133,[{'idp':  71 ,  'x':  2.27 ,  'y':  -0.66 ,  'r':  0.2 ,  'type':  1} ,  {'idp':  72 ,  'x':  3.32 ,  'y':  -1.23 ,  'r':  0.4 ,  'type':  1}]
61517,1398777806.6196294,[{'idp':  71 ,  'x':  2.26 ,  'y':  -0.61 ,  'r':  0.2 ,  'type':  1} ,  {'idp':  72 ,  'x':  3.33 ,  'y':  -1.18 ,  'r':  0.4 ,  'type':  1}]
61518,1398777806.6595619,[{'idp':  71 ,  'x':  2.25 ,  'y':  -0.56 ,  'r':  0.2 ,  'type':  1} ,  {'idp':  72 ,  'x':  3.32 ,  'y':  -1.13 ,  'r':  0.4 ,  'type':  1}]
61519,1398777806.6595938,[{'idp':  71 ,  'x':  2.24 ,  'y':  -0.51 ,  'r':  0.2 ,  'type':  1} ,  {'idp':  72 ,  'x':  3.31 ,  'y':  -1.07 ,  'r':  0.4 ,  'type':  1}]
61520,1398777806.6997218,[{'idp':  71 ,  'x':  2.22 ,  'y':  -0.47 ,  'r':  0.2 ,  'type':  1} ,  {'idp':  72 ,  'x':  3.29 ,  'y':  -1.03 ,  'r':  0.4 ,  'type':  1}]
61521,1398777806.706626,[{'idp':  71 ,  'x':  2.22 ,  'y':  -0.42 ,  'r':  0.2 ,  'type':  1} ,  {'idp':  72 ,  'x':  3.27 ,  'y':  -0.98 ,  'r':  0.4 ,  'type':  1}]
61522,1398777806.7435887,[{'idp':  71 ,  'x':  2.19 ,  'y':  -0.37 ,  'r':  0.2 ,  'type':  1} ,  {'idp':  72 ,  'x':  3.28 ,  'y':  -0.94 ,  'r':  0.4 ,  'type':  1}]
61523,1398777806.7835963,[{'idp':  71 ,  'x':  2.18 ,  'y':  -0.33 ,  'r':  0.2 ,  'type':  1} ,  {'idp':  72 ,  'x':  3.3 ,  'y':  -0.92 ,  'r':  0.4 ,  'type':  1}]
61524,1398777806.7836297,[{'idp':  71 ,  'x':  2.17 ,  'y':  -0.3 ,  'r':  0.2 ,  'type':  1} ,  {'idp':  72 ,  'x':  3.31 ,  'y':  -0.88 ,  'r':  0.4 ,  'type':  1}]
61525,1398777806.8235831,[{'idp':  71 ,  'x':  2.15 ,  'y':  -0.26 ,  'r':  0.2 ,  'type':  1} ,  {'idp':  72 ,  'x':  3.32 ,  'y':  -0.84 ,  'r':  0.4 ,  'type':  1}]
61526,1398777806.8319836,[{'idp':  71 ,  'x':  2.13 ,  'y':  -0.22 ,  'r':  0.2 ,  'type':  1} ,  {'idp':  72 ,  'x':  3.32 ,  'y':  -0.81 ,  'r':  0.4 ,  'type':  1}]
61527,1398777806.8716142,[{'idp':  71 ,  'x':  2.11 ,  'y':  -0.18 ,  'r':  0.2 ,  'type':  1} ,  {'idp':  72 ,  'x':  3.31 ,  'y':  -0.76 ,  'r':  0.4 ,  'type':  1}]
61528,1398777806.9115546,[{'idp':  71 ,  'x':  2.09 ,  'y':  -0.15 ,  'r':  0.2 ,  'type':  1} ,  {'idp':  72 ,  'x':  3.31 ,  'y':  -0.71 ,  'r':  0.4 ,  'type':  1}]
61529,1398777806.911584,[{'idp':  71 ,  'x':  2.07 ,  'y':  -0.11 ,  'r':  0.2 ,  'type':  1} ,  {'idp':  72 ,  'x':  3.32 ,  'y':  -0.67 ,  'r':  0.4 ,  'type':  1}]
61530,1398777806.951599,[{'idp':  71 ,  'x':  2.07 ,  'y':  -0.1 ,  'r':  0.2 ,  'type':  1} ,  {'idp':  72 ,  'x':  3.31 ,  'y':  -0.62 ,  'r':  0.4 ,  'type':  1}]
61531,1398777806.9582627,[{'idp':  71 ,  'x':  2.06 ,  'y':  -0.07 ,  'r':  0.2 ,  'type':  1} ,  {'idp':  72 ,  'x':  3.3 ,  'y':  -0.57 ,  'r':  0.4 ,  'type':  1}]
61532,1398777806.9956565,[{'idp':  71 ,  'x':  2.05 ,  'y':  -0.06 ,  'r':  0.2 ,  'type':  1} ,  {'idp':  72 ,  'x':  3.3 ,  'y':  -0.53 ,  'r':  0.4 ,  'type':  1}]
61533,1398777807.0355742,[{'idp':  71 ,  'x':  2.05 ,  'y':  -0.05 ,  'r':  0.2 ,  'type':  1} ,  {'idp':  72 ,  'x':  3.29 ,  'y':  -0.49 ,  'r':  0.4 ,  'type':  1}]
61534,1398777807.0356033,[{'idp':  71 ,  'x':  2.05 ,  'y':  -0.03 ,  'r':  0.2 ,  'type':  1} ,  {'idp':  72 ,  'x':  3.27 ,  'y':  -0.44 ,  'r':  0.4 ,  'type':  1}]
61535,1398777807.0756662,[{'idp':  71 ,  'x':  2.05 ,  'y':  0.0 ,  'r':  0.2 ,  'type':  1} ,  {'idp':  72 ,  'x':  3.24 ,  'y':  -0.39 ,  'r':  0.4 ,  'type':  1}]
61536,1398777807.083811,[{'idp':  71 ,  'x':  2.06 ,  'y':  0.04 ,  'r':  0.2 ,  'type':  1} ,  {'idp':  72 ,  'x':  3.21 ,  'y':  -0.35 ,  'r':  0.4 ,  'type':  1}]
61537,1398777807.123551,[{'idp':  71 ,  'x':  2.05 ,  'y':  0.08 ,  'r':  0.2 ,  'type':  1} ,  {'idp':  72 ,  'x':  3.19 ,  'y':  -0.3 ,  'r':  0.4 ,  'type':  1}]
61538,1398777807.1636245,[{'idp':  71 ,  'x':  2.04 ,  'y':  0.11 ,  'r':  0.2 ,  'type':  1} ,  {'idp':  72 ,  'x':  3.21 ,  'y':  -0.25 ,  'r':  0.4 ,  'type':  1}]
61539,1398777807.1636524,[{'idp':  71 ,  'x':  2.01 ,  'y':  0.14 ,  'r':  0.2 ,  'type':  1} ,  {'idp':  72 ,  'x':  3.2 ,  'y':  -0.2 ,  'r':  0.4 ,  'type':  1}]
61540,1398777807.2035816,[{'idp':  71 ,  'x':  2.0 ,  'y':  0.15 ,  'r':  0.2 ,  'type':  1} ,  {'idp':  72 ,  'x':  3.18 ,  'y':  -0.18 ,  'r':  0.4 ,  'type':  1}]
61541,1398777807.2102616,[{'idp':  71 ,  'x':  1.99 ,  'y':  0.13 ,  'r':  0.2 ,  'type':  1} ,  {'idp':  72 ,  'x':  3.17 ,  'y':  -0.14 ,  'r':  0.4 ,  'type':  1}]
61542,1398777807.247576,[{'idp':  71 ,  'x':  1.97 ,  'y':  0.13 ,  'r':  0.2 ,  'type':  1} ,  {'idp':  72 ,  'x':  3.17 ,  'y':  -0.1 ,  'r':  0.4 ,  'type':  1}]
61543,1398777807.2875612,[{'idp':  71 ,  'x':  1.96 ,  'y':  0.16 ,  'r':  0.2 ,  'type':  1} ,  {'idp':  72 ,  'x':  3.15 ,  'y':  -0.04 ,  'r':  0.4 ,  'type':  1}]
61544,1398777807.2875764,[{'idp':  71 ,  'x':  1.94 ,  'y':  0.19 ,  'r':  0.2 ,  'type':  1} ,  {'idp':  72 ,  'x':  3.12 ,  'y':  -0.01 ,  'r':  0.4 ,  'type':  1}]
61545,1398777807.327609,[{'idp':  71 ,  'x':  1.92 ,  'y':  0.21 ,  'r':  0.2 ,  'type':  1} ,  {'idp':  72 ,  'x':  3.09 ,  'y':  0.03 ,  'r':  0.4 ,  'type':  1}]
61546,1398777807.3342578,[{'idp':  71 ,  'x':  1.9 ,  'y':  0.24 ,  'r':  0.2 ,  'type':  1} ,  {'idp':  72 ,  'x':  3.07 ,  'y':  0.06 ,  'r':  0.4 ,  'type':  1}]
61547,1398777807.3715682,[{'idp':  71 ,  'x':  1.88 ,  'y':  0.26 ,  'r':  0.2 ,  'type':  1} ,  {'idp':  72 ,  'x':  3.07 ,  'y':  0.08 ,  'r':  0.4 ,  'type':  1}]
61548,1398777807.4115975,[{'idp':  71 ,  'x':  1.86 ,  'y':  0.29 ,  'r':  0.2 ,  'type':  1} ,  {'idp':  72 ,  'x':  3.06 ,  'y':  0.12 ,  'r':  0.4 ,  'type':  1}]
61549,1398777807.4116247,[{'idp':  71 ,  'x':  1.83 ,  'y':  0.32 ,  'r':  0.2 ,  'type':  1} ,  {'idp':  72 ,  'x':  3.03 ,  'y':  0.16 ,  'r':  0.4 ,  'type':  1}]
61550,1398777807.451607,[{'idp':  71 ,  'x':  1.79 ,  'y':  0.37 ,  'r':  0.2 ,  'type':  1} ,  {'idp':  72 ,  'x':  3.01 ,  'y':  0.22 ,  'r':  0.4 ,  'type':  1}]
61551,1398777807.4597018,[{'idp':  71 ,  'x':  1.74 ,  'y':  0.41 ,  'r':  0.2 ,  'type':  1} ,  {'idp':  72 ,  'x':  2.98 ,  'y':  0.28 ,  'r':  0.4 ,  'type':  1}]
61552,1398777807.4995878,[{'idp':  71 ,  'x':  1.68 ,  'y':  0.45 ,  'r':  0.2 ,  'type':  1} ,  {'idp':  72 ,  'x':  2.97 ,  'y':  0.32 ,  'r':  0.4 ,  'type':  1}]
61553,1398777807.5395706,[{'idp':  71 ,  'x':  1.64 ,  'y':  0.5 ,  'r':  0.2 ,  'type':  1} ,  {'idp':  72 ,  'x':  2.93 ,  'y':  0.36 ,  'r':  0.4 ,  'type':  1}]
61554,1398777807.539602,[{'idp':  71 ,  'x':  1.61 ,  'y':  0.52 ,  'r':  0.2 ,  'type':  1} ,  {'idp':  72 ,  'x':  2.92 ,  'y':  0.38 ,  'r':  0.4 ,  'type':  1}]
61555,1398777807.5795774,[{'idp':  71 ,  'x':  1.58 ,  'y':  0.55 ,  'r':  0.2 ,  'type':  1} ,  {'idp':  72 ,  'x':  2.9 ,  'y':  0.4 ,  'r':  0.4 ,  'type':  1}]
61556,1398777807.5857432,[{'idp':  71 ,  'x':  1.54 ,  'y':  0.58 ,  'r':  0.2 ,  'type':  1} ,  {'idp':  72 ,  'x':  2.86 ,  'y':  0.42 ,  'r':  0.4 ,  'type':  1}]
61557,1398777807.6236124,[{'idp':  71 ,  'x':  1.5 ,  'y':  0.62 ,  'r':  0.2 ,  'type':  1} ,  {'idp':  72 ,  'x':  2.84 ,  'y':  0.46 ,  'r':  0.4 ,  'type':  1}]
61558,1398777807.6635134,[{'idp':  71 ,  'x':  1.44 ,  'y':  0.67 ,  'r':  0.2 ,  'type':  1} ,  {'idp':  72 ,  'x':  2.81 ,  'y':  0.51 ,  'r':  0.4 ,  'type':  1}]
61559,1398777807.6635401,[{'idp':  71 ,  'x':  1.38 ,  'y':  0.72 ,  'r':  0.2 ,  'type':  1} ,  {'idp':  72 ,  'x':  2.77 ,  'y':  0.55 ,  'r':  0.4 ,  'type':  1}]
61560,1398777807.703625,[{'idp':  71 ,  'x':  1.31 ,  'y':  0.76 ,  'r':  0.2 ,  'type':  1} ,  {'idp':  72 ,  'x':  2.74 ,  'y':  0.59 ,  'r':  0.4 ,  'type':  1}]
61561,1398777807.7102623,[{'idp':  71 ,  'x':  1.24 ,  'y':  0.79 ,  'r':  0.2 ,  'type':  1} ,  {'idp':  72 ,  'x':  2.7 ,  'y':  0.63 ,  'r':  0.4 ,  'type':  1}]
61562,1398777807.7475653,[{'idp':  71 ,  'x':  1.18 ,  'y':  0.83 ,  'r':  0.2 ,  'type':  1} ,  {'idp':  72 ,  'x':  2.67 ,  'y':  0.67 ,  'r':  0.4 ,  'type':  1}]
61563,1398777807.7876337,[{'idp':  71 ,  'x':  1.14 ,  'y':  0.87 ,  'r':  0.2 ,  'type':  1} ,  {'idp':  72 ,  'x':  2.64 ,  'y':  0.7 ,  'r':  0.4 ,  'type':  1}]
61564,1398777807.7876637,[{'idp':  71 ,  'x':  1.05 ,  'y':  0.89 ,  'r':  0.2 ,  'type':  1} ,  {'idp':  72 ,  'x':  2.6 ,  'y':  0.73 ,  'r':  0.4 ,  'type':  1}]
61565,1398777807.827607,[{'idp':  71 ,  'x':  0.99 ,  'y':  0.91 ,  'r':  0.2 ,  'type':  1} ,  {'idp':  72 ,  'x':  2.58 ,  'y':  0.75 ,  'r':  0.4 ,  'type':  1}]
61566,1398777807.8356085,[{'idp':  71 ,  'x':  0.95 ,  'y':  0.94 ,  'r':  0.2 ,  'type':  1} ,  {'idp':  72 ,  'x':  2.55 ,  'y':  0.78 ,  'r':  0.4 ,  'type':  1}]
61567,1398777807.8756068,[{'idp':  71 ,  'x':  0.9 ,  'y':  0.97 ,  'r':  0.2 ,  'type':  1} ,  {'idp':  72 ,  'x':  2.51 ,  'y':  0.81 ,  'r':  0.4 ,  'type':  1}]
61568,1398777807.9155688,[{'idp':  71 ,  'x':  0.86 ,  'y':  0.99 ,  'r':  0.2 ,  'type':  1} ,  {'idp':  72 ,  'x':  2.46 ,  'y':  0.85 ,  'r':  0.4 ,  'type':  1}]
61569,1398777807.9155967,[{'idp':  71 ,  'x':  0.82 ,  'y':  1.02 ,  'r':  0.2 ,  'type':  1} ,  {'idp':  72 ,  'x':  2.4 ,  'y':  0.89 ,  'r':  0.4 ,  'type':  1}]
61570,1398777807.9556167,[{'idp':  71 ,  'x':  0.77 ,  'y':  1.04 ,  'r':  0.2 ,  'type':  1} ,  {'idp':  72 ,  'x':  2.32 ,  'y':  0.91 ,  'r':  0.4 ,  'type':  1}]
61571,1398777807.9617279,[{'idp':  71 ,  'x':  0.73 ,  'y':  1.06 ,  'r':  0.2 ,  'type':  1} ,  {'idp':  72 ,  'x':  2.29 ,  'y':  0.95 ,  'r':  0.4 ,  'type':  1}]
61572,1398777807.9996045,[{'idp':  71 ,  'x':  0.69 ,  'y':  1.08 ,  'r':  0.2 ,  'type':  1} ,  {'idp':  72 ,  'x':  2.28 ,  'y':  0.98 ,  'r':  0.4 ,  'type':  1}]
61573,1398777808.039644,[{'idp':  71 ,  'x':  0.65 ,  'y':  1.09 ,  'r':  0.2 ,  'type':  1} ,  {'idp':  72 ,  'x':  2.26 ,  'y':  1.01 ,  'r':  0.4 ,  'type':  1}]
61574,1398777808.0396755,[{'idp':  71 ,  'x':  0.6 ,  'y':  1.11 ,  'r':  0.2 ,  'type':  1} ,  {'idp':  72 ,  'x':  2.22 ,  'y':  1.06 ,  'r':  0.4 ,  'type':  1}]
61575,1398777808.0796132,[{'idp':  71 ,  'x':  0.56 ,  'y':  1.12 ,  'r':  0.2 ,  'type':  1} ,  {'idp':  72 ,  'x':  2.19 ,  'y':  1.1 ,  'r':  0.4 ,  'type':  1}]
61576,1398777808.0880115,[{'idp':  71 ,  'x':  0.53 ,  'y':  1.13 ,  'r':  0.2 ,  'type':  1} ,  {'idp':  72 ,  'x':  2.16 ,  'y':  1.13 ,  'r':  0.4 ,  'type':  1}]
61577,1398777808.1276367,[{'idp':  71 ,  'x':  0.51 ,  'y':  1.14 ,  'r':  0.2 ,  'type':  1} ,  {'idp':  72 ,  'x':  2.12 ,  'y':  1.16 ,  'r':  0.4 ,  'type':  1}]
61578,1398777808.1676705,[{'idp':  71 ,  'x':  0.49 ,  'y':  1.14 ,  'r':  0.2 ,  'type':  1} ,  {'idp':  72 ,  'x':  2.09 ,  'y':  1.19 ,  'r':  0.4 ,  'type':  1}]
61579,1398777808.1676996,[{'idp':  71 ,  'x':  0.46 ,  'y':  1.15 ,  'r':  0.2 ,  'type':  1} ,  {'idp':  72 ,  'x':  2.06 ,  'y':  1.21 ,  'r':  0.4 ,  'type':  1}]
61580,1398777808.2076209,[{'idp':  71 ,  'x':  0.44 ,  'y':  1.15 ,  'r':  0.2 ,  'type':  1} ,  {'idp':  72 ,  'x':  2.03 ,  'y':  1.23 ,  'r':  0.4 ,  'type':  1}]
61581,1398777808.213018,[{'idp':  71 ,  'x':  0.43 ,  'y':  1.16 ,  'r':  0.2 ,  'type':  1} ,  {'idp':  72 ,  'x':  2.01 ,  'y':  1.25 ,  'r':  0.4 ,  'type':  1}]
61582,1398777808.2516372,[{'idp':  71 ,  'x':  0.42 ,  'y':  1.17 ,  'r':  0.2 ,  'type':  1} ,  {'idp':  72 ,  'x':  1.98 ,  'y':  1.27 ,  'r':  0.4 ,  'type':  1}]
61583,1398777808.2916243,[{'idp':  71 ,  'x':  0.37 ,  'y':  1.16 ,  'r':  0.2 ,  'type':  1} ,  {'idp':  72 ,  'x':  1.94 ,  'y':  1.29 ,  'r':  0.4 ,  'type':  1}]
61584,1398777808.2916555,[{'idp':  71 ,  'x':  0.35 ,  'y':  1.17 ,  'r':  0.2 ,  'type':  1} ,  {'idp':  72 ,  'x':  1.89 ,  'y':  1.33 ,  'r':  0.4 ,  'type':  1}]
61585,1398777808.3315685,[{'idp':  71 ,  'x':  0.32 ,  'y':  1.17 ,  'r':  0.2 ,  'type':  1} ,  {'idp':  72 ,  'x':  1.83 ,  'y':  1.35 ,  'r':  0.4 ,  'type':  1}]
61586,1398777808.336934,[{'idp':  71 ,  'x':  0.29 ,  'y':  1.17 ,  'r':  0.2 ,  'type':  1} ,  {'idp':  72 ,  'x':  1.78 ,  'y':  1.37 ,  'r':  0.4 ,  'type':  1}]
61587,1398777808.3755934,[{'idp':  71 ,  'x':  0.26 ,  'y':  1.18 ,  'r':  0.2 ,  'type':  1} ,  {'idp':  72 ,  'x':  1.72 ,  'y':  1.4 ,  'r':  0.4 ,  'type':  1}]
61588,1398777808.4156575,[{'idp':  71 ,  'x':  0.23 ,  'y':  1.19 ,  'r':  0.2 ,  'type':  1} ,  {'idp':  72 ,  'x':  1.67 ,  'y':  1.43 ,  'r':  0.4 ,  'type':  1}]
61589,1398777808.4156928,[{'idp':  71 ,  'x':  0.2 ,  'y':  1.19 ,  'r':  0.2 ,  'type':  1} ,  {'idp':  72 ,  'x':  1.63 ,  'y':  1.44 ,  'r':  0.4 ,  'type':  1}]
61590,1398777808.4556186,[{'idp':  71 ,  'x':  0.18 ,  'y':  1.2 ,  'r':  0.2 ,  'type':  1} ,  {'idp':  72 ,  'x':  1.59 ,  'y':  1.45 ,  'r':  0.4 ,  'type':  1}]
61591,1398777808.4628935,[{'idp':  71 ,  'x':  0.16 ,  'y':  1.2 ,  'r':  0.2 ,  'type':  1} ,  {'idp':  72 ,  'x':  1.54 ,  'y':  1.47 ,  'r':  0.4 ,  'type':  1}]
61592,1398777808.4996018,[{'idp':  71 ,  'x':  0.13 ,  'y':  1.21 ,  'r':  0.2 ,  'type':  1} ,  {'idp':  72 ,  'x':  1.5 ,  'y':  1.5 ,  'r':  0.4 ,  'type':  1}]
61593,1398777808.539562,[{'idp':  71 ,  'x':  0.1 ,  'y':  1.21 ,  'r':  0.2 ,  'type':  1} ,  {'idp':  72 ,  'x':  1.46 ,  'y':  1.52 ,  'r':  0.4 ,  'type':  1}]
61594,1398777808.539591,[{'idp':  71 ,  'x':  0.08 ,  'y':  1.21 ,  'r':  0.2 ,  'type':  1} ,  {'idp':  72 ,  'x':  1.42 ,  'y':  1.55 ,  'r':  0.4 ,  'type':  1}]
61595,1398777808.5796106,[{'idp':  71 ,  'x':  0.06 ,  'y':  1.22 ,  'r':  0.2 ,  'type':  1} ,  {'idp':  72 ,  'x':  1.37 ,  'y':  1.56 ,  'r':  0.4 ,  'type':  1}]
61596,1398777808.5887604,[{'idp':  71 ,  'x':  0.05 ,  'y':  1.23 ,  'r':  0.2 ,  'type':  1} ,  {'idp':  72 ,  'x':  1.34 ,  'y':  1.58 ,  'r':  0.4 ,  'type':  1}]
61597,1398777808.6276135,[{'idp':  71 ,  'x':  0.03 ,  'y':  1.25 ,  'r':  0.2 ,  'type':  1} ,  {'idp':  72 ,  'x':  1.31 ,  'y':  1.58 ,  'r':  0.4 ,  'type':  1}]
61598,1398777808.6676047,[{'idp':  72 ,  'x':  1.27 ,  'y':  1.59 ,  'r':  0.4 ,  'type':  1}]
61599,1398777808.6676373,[{'idp':  72 ,  'x':  1.23 ,  'y':  1.6 ,  'r':  0.4 ,  'type':  1}]
61600,1398777808.7076468,[{'idp':  72 ,  'x':  1.19 ,  'y':  1.6 ,  'r':  0.4 ,  'type':  1}]
61601,1398777808.7131524,[{'idp':  72 ,  'x':  1.15 ,  'y':  1.62 ,  'r':  0.4 ,  'type':  1}]
61602,1398777808.75161,[{'idp':  72 ,  'x':  1.12 ,  'y':  1.62 ,  'r':  0.4 ,  'type':  1}]
61603,1398777808.7916164,[{'idp':  72 ,  'x':  1.1 ,  'y':  1.62 ,  'r':  0.4 ,  'type':  1}]
61604,1398777808.7916477,[{'idp':  72 ,  'x':  1.08 ,  'y':  1.62 ,  'r':  0.4 ,  'type':  1}]
61605,1398777808.831635,[{'idp':  72 ,  'x':  1.04 ,  'y':  1.63 ,  'r':  0.4 ,  'type':  1}]
61606,1398777808.838648,[{'idp':  72 ,  'x':  1.01 ,  'y':  1.63 ,  'r':  0.4 ,  'type':  1}]
61607,1398777808.8755884,[{'idp':  72 ,  'x':  0.98 ,  'y':  1.63 ,  'r':  0.4 ,  'type':  1}]
61608,1398777808.9156234,[{'idp':  72 ,  'x':  0.95 ,  'y':  1.63 ,  'r':  0.4 ,  'type':  1}]
61609,1398777808.9156563,[{'idp':  72 ,  'x':  0.92 ,  'y':  1.63 ,  'r':  0.4 ,  'type':  1}]
61610,1398777808.95566,[{'idp':  72 ,  'x':  0.88 ,  'y':  1.64 ,  'r':  0.4 ,  'type':  1}]
61611,1398777808.9650195,[{'idp':  72 ,  'x':  0.84 ,  'y':  1.66 ,  'r':  0.4 ,  'type':  1}]
61612,1398777809.0035777,[{'idp':  72 ,  'x':  0.8 ,  'y':  1.67 ,  'r':  0.4 ,  'type':  1}]
61613,1398777809.0435205,[{'idp':  72 ,  'x':  0.76 ,  'y':  1.67 ,  'r':  0.4 ,  'type':  1}]
61614,1398777809.043546,[{'idp':  72 ,  'x':  0.73 ,  'y':  1.67 ,  'r':  0.4 ,  'type':  1}]
61615,1398777809.0836332,[{'idp':  72 ,  'x':  0.71 ,  'y':  1.68 ,  'r':  0.4 ,  'type':  1}]
61616,1398777809.0902238,[{'idp':  72 ,  'x':  0.67 ,  'y':  1.69 ,  'r':  0.4 ,  'type':  1}]
61617,1398777809.1275911,[{'idp':  72 ,  'x':  0.62 ,  'y':  1.7 ,  'r':  0.4 ,  'type':  1}]
61618,1398777809.1675484,[{'idp':  72 ,  'x':  0.57 ,  'y':  1.69 ,  'r':  0.4 ,  'type':  1}]
61619,1398777809.1675773,[{'idp':  72 ,  'x':  0.53 ,  'y':  1.68 ,  'r':  0.4 ,  'type':  1}]
61620,1398777809.2076476,[{'idp':  72 ,  'x':  0.5 ,  'y':  1.71 ,  'r':  0.4 ,  'type':  1}]
61621,1398777809.2156682,[{'idp':  72 ,  'x':  0.47 ,  'y':  1.73 ,  'r':  0.4 ,  'type':  1}]
61622,1398777809.2555726,[{'idp':  72 ,  'x':  0.43 ,  'y':  1.76 ,  'r':  0.4 ,  'type':  1}]
61623,1398777809.2956085,[{'idp':  72 ,  'x':  0.4 ,  'y':  1.78 ,  'r':  0.4 ,  'type':  1}]
61624,1398777809.2956417,[{'idp':  72 ,  'x':  0.36 ,  'y':  1.77 ,  'r':  0.4 ,  'type':  1}]
61625,1398777809.3356547,[{'idp':  72 ,  'x':  0.34 ,  'y':  1.78 ,  'r':  0.4 ,  'type':  1}]
61626,1398777809.340642,[{'idp':  72 ,  'x':  0.31 ,  'y':  1.79 ,  'r':  0.4 ,  'type':  1}]
61627,1398777809.3796332,[{'idp':  72 ,  'x':  0.29 ,  'y':  1.79 ,  'r':  0.4 ,  'type':  1}]
61628,1398777809.4196682,[{'idp':  72 ,  'x':  0.25 ,  'y':  1.8 ,  'r':  0.4 ,  'type':  1}]
61629,1398777809.4196985,[{'idp':  72 ,  'x':  0.25 ,  'y':  1.81 ,  'r':  0.4 ,  'type':  1}]
61630,1398777809.4596262,[{'idp':  72 ,  'x':  0.23 ,  'y':  1.83 ,  'r':  0.4 ,  'type':  1}]
61631,1398777809.466897,[{'idp':  72 ,  'x':  0.23 ,  'y':  1.84 ,  'r':  0.4 ,  'type':  1}]
61632,1398777809.5036423,[{'idp':  72 ,  'x':  0.22 ,  'y':  1.85 ,  'r':  0.4 ,  'type':  1}]
61633,1398777809.5437007,[{'idp':  72 ,  'x':  0.21 ,  'y':  1.86 ,  'r':  0.4 ,  'type':  1}]
61634,1398777809.543718,[{'idp':  72 ,  'x':  0.18 ,  'y':  1.86 ,  'r':  0.4 ,  'type':  1}]
61635,1398777809.5835927,[{'idp':  72 ,  'x':  0.14 ,  'y':  1.87 ,  'r':  0.4 ,  'type':  1}]
61636,1398777809.5910814,[{'idp':  72 ,  'x':  0.1 ,  'y':  1.88 ,  'r':  0.4 ,  'type':  1}]
61637,1398777809.627669,[{'idp':  72 ,  'x':  0.07 ,  'y':  1.9 ,  'r':  0.4 ,  'type':  1}]
61638,1398777809.667578,[{'idp':  72 ,  'x':  0.04 ,  'y':  1.91 ,  'r':  0.4 ,  'type':  1}]
61639,1398777809.6676126,[{'idp':  72 ,  'x':  0.02 ,  'y':  1.96 ,  'r':  0.4 ,  'type':  1}]
61640,1398777809.7076247,[{'idp':  72 ,  'x':  0.02 ,  'y':  1.96 ,  'r':  0.4 ,  'type':  1}]
61641,1398777809.7175355,[{'idp':  72 ,  'x':  0.02 ,  'y':  1.96 ,  'r':  0.4 ,  'type':  1}]
61642,1398777809.7556145,[{'idp':  72 ,  'x':  0.02 ,  'y':  1.96 ,  'r':  0.4 ,  'type':  1}]
61643,1398777809.7956111,[{'idp':  72 ,  'x':  0.02 ,  'y':  1.96 ,  'r':  0.4 ,  'type':  1}]
61644,1398777809.795641,[{'idp':  72 ,  'x':  0.02 ,  'y':  1.96 ,  'r':  0.4 ,  'type':  1}]
61645,1398777809.8355865,[{'idp':  72 ,  'x':  0.02 ,  'y':  1.96 ,  'r':  0.4 ,  'type':  1}]
61646,1398777809.8442974,[{'idp':  72 ,  'x':  0.02 ,  'y':  1.96 ,  'r':  0.4 ,  'type':  1}]
61647,1398777809.8835583,[{'idp':  73 ,  'x':  5.2 ,  'y':  -1.11 ,  'r':  0.2 ,  'type':  1} ,  {'idp':  74 ,  'x':  4.74 ,  'y':  -1.9 ,  'r':  0.2 ,  'type':  1}]
61648,1398777809.9236815,[{'idp':  73 ,  'x':  5.19 ,  'y':  -1.03 ,  'r':  0.2 ,  'type':  1} ,  {'idp':  74 ,  'x':  4.67 ,  'y':  -1.77 ,  'r':  0.2 ,  'type':  1}]
61649,1398777809.923712,[{'idp':  73 ,  'x':  5.01 ,  'y':  -0.97 ,  'r':  0.2 ,  'type':  1} ,  {'idp':  74 ,  'x':  4.64 ,  'y':  -1.75 ,  'r':  0.2 ,  'type':  1}]
61650,1398777809.9636912,[{'idp':  73 ,  'x':  4.9 ,  'y':  -1.0 ,  'r':  0.2 ,  'type':  1} ,  {'idp':  74 ,  'x':  4.62 ,  'y':  -1.71 ,  'r':  0.2 ,  'type':  1}]
61651,1398777809.9718237,[{'idp':  73 ,  'x':  4.86 ,  'y':  -0.99 ,  'r':  0.2 ,  'type':  1} ,  {'idp':  74 ,  'x':  4.59 ,  'y':  -1.7 ,  'r':  0.2 ,  'type':  1}]
61652,1398777810.0116348,[{'idp':  73 ,  'x':  4.81 ,  'y':  -0.97 ,  'r':  0.2 ,  'type':  1} ,  {'idp':  74 ,  'x':  4.56 ,  'y':  -1.69 ,  'r':  0.2 ,  'type':  1}]
61653,1398777810.05158,[{'idp':  73 ,  'x':  4.8 ,  'y':  -0.95 ,  'r':  0.2 ,  'type':  1} ,  {'idp':  74 ,  'x':  4.51 ,  'y':  -1.7 ,  'r':  0.2 ,  'type':  1}]
61654,1398777810.0516062,[{'idp':  73 ,  'x':  4.76 ,  'y':  -0.94 ,  'r':  0.2 ,  'type':  1} ,  {'idp':  74 ,  'x':  4.48 ,  'y':  -1.69 ,  'r':  0.2 ,  'type':  1}]
61655,1398777810.0916238,[{'idp':  73 ,  'x':  4.74 ,  'y':  -0.93 ,  'r':  0.2 ,  'type':  1} ,  {'idp':  74 ,  'x':  4.44 ,  'y':  -1.69 ,  'r':  0.2 ,  'type':  1}]
61656,1398777810.096008,[{'idp':  73 ,  'x':  4.7 ,  'y':  -0.93 ,  'r':  0.2 ,  'type':  1} ,  {'idp':  74 ,  'x':  4.41 ,  'y':  -1.69 ,  'r':  0.2 ,  'type':  1}]
61657,1398777810.1356304,[{'idp':  73 ,  'x':  4.68 ,  'y':  -0.91 ,  'r':  0.2 ,  'type':  1} ,  {'idp':  74 ,  'x':  4.38 ,  'y':  -1.68 ,  'r':  0.2 ,  'type':  1}]
61658,1398777810.1756358,[{'idp':  73 ,  'x':  4.65 ,  'y':  -0.88 ,  'r':  0.2 ,  'type':  1} ,  {'idp':  74 ,  'x':  4.36 ,  'y':  -1.66 ,  'r':  0.2 ,  'type':  1}]
61659,1398777810.1756544,[{'idp':  73 ,  'x':  4.62 ,  'y':  -0.87 ,  'r':  0.2 ,  'type':  1} ,  {'idp':  74 ,  'x':  4.38 ,  'y':  -1.66 ,  'r':  0.2 ,  'type':  1}]
61660,1398777810.2156243,[{'idp':  73 ,  'x':  4.62 ,  'y':  -0.87 ,  'r':  0.2 ,  'type':  1} ,  {'idp':  74 ,  'x':  4.4 ,  'y':  -1.63 ,  'r':  0.2 ,  'type':  1}]
61661,1398777810.221016,[{'idp':  73 ,  'x':  4.65 ,  'y':  -0.85 ,  'r':  0.2 ,  'type':  1} ,  {'idp':  74 ,  'x':  4.39 ,  'y':  -1.61 ,  'r':  0.2 ,  'type':  1}]
61662,1398777810.2596438,[{'idp':  73 ,  'x':  4.64 ,  'y':  -0.84 ,  'r':  0.2 ,  'type':  1} ,  {'idp':  74 ,  'x':  4.36 ,  'y':  -1.61 ,  'r':  0.2 ,  'type':  1}]
61663,1398777810.2996085,[{'idp':  73 ,  'x':  4.63 ,  'y':  -0.84 ,  'r':  0.2 ,  'type':  1} ,  {'idp':  74 ,  'x':  4.33 ,  'y':  -1.61 ,  'r':  0.2 ,  'type':  1}]
61664,1398777810.2996373,[{'idp':  73 ,  'x':  4.62 ,  'y':  -0.82 ,  'r':  0.2 ,  'type':  1} ,  {'idp':  74 ,  'x':  4.3 ,  'y':  -1.6 ,  'r':  0.2 ,  'type':  1}]
61665,1398777810.3396325,[{'idp':  73 ,  'x':  4.6 ,  'y':  -0.81 ,  'r':  0.2 ,  'type':  1} ,  {'idp':  74 ,  'x':  4.26 ,  'y':  -1.57 ,  'r':  0.2 ,  'type':  1}]
61666,1398777810.3445556,[{'idp':  73 ,  'x':  4.57 ,  'y':  -0.77 ,  'r':  0.2 ,  'type':  1} ,  {'idp':  74 ,  'x':  4.22 ,  'y':  -1.55 ,  'r':  0.2 ,  'type':  1}]
61667,1398777810.3836355,[{'idp':  73 ,  'x':  4.53 ,  'y':  -0.75 ,  'r':  0.2 ,  'type':  1} ,  {'idp':  74 ,  'x':  4.17 ,  'y':  -1.53 ,  'r':  0.2 ,  'type':  1}]
61668,1398777810.4236898,[{'idp':  73 ,  'x':  4.49 ,  'y':  -0.74 ,  'r':  0.2 ,  'type':  1} ,  {'idp':  74 ,  'x':  4.1 ,  'y':  -1.51 ,  'r':  0.2 ,  'type':  1}]
61669,1398777810.4237204,[{'idp':  73 ,  'x':  4.45 ,  'y':  -0.75 ,  'r':  0.2 ,  'type':  1} ,  {'idp':  74 ,  'x':  4.04 ,  'y':  -1.5 ,  'r':  0.2 ,  'type':  1}]
61670,1398777810.463557,[{'idp':  73 ,  'x':  4.44 ,  'y':  -0.77 ,  'r':  0.2 ,  'type':  1} ,  {'idp':  74 ,  'x':  3.96 ,  'y':  -1.47 ,  'r':  0.2 ,  'type':  1}]
61671,1398777810.4706275,[{'idp':  73 ,  'x':  4.45 ,  'y':  -0.82 ,  'r':  0.2 ,  'type':  1} ,  {'idp':  74 ,  'x':  3.91 ,  'y':  -1.46 ,  'r':  0.2 ,  'type':  1}]
61672,1398777810.5076075,[{'idp':  73 ,  'x':  4.46 ,  'y':  -0.84 ,  'r':  0.2 ,  'type':  1} ,  {'idp':  74 ,  'x':  3.87 ,  'y':  -1.45 ,  'r':  0.2 ,  'type':  1}]
61673,1398777810.547622,[{'idp':  73 ,  'x':  4.45 ,  'y':  -0.83 ,  'r':  0.2 ,  'type':  1} ,  {'idp':  74 ,  'x':  3.84 ,  'y':  -1.46 ,  'r':  0.2 ,  'type':  1}]
61674,1398777810.5476515,[{'idp':  73 ,  'x':  4.44 ,  'y':  -0.81 ,  'r':  0.2 ,  'type':  1} ,  {'idp':  74 ,  'x':  3.81 ,  'y':  -1.44 ,  'r':  0.2 ,  'type':  1}]
61675,1398777810.5876307,[{'idp':  73 ,  'x':  4.42 ,  'y':  -0.8 ,  'r':  0.2 ,  'type':  1} ,  {'idp':  74 ,  'x':  3.77 ,  'y':  -1.45 ,  'r':  0.2 ,  'type':  1}]
61676,1398777810.5946052,[{'idp':  73 ,  'x':  4.39 ,  'y':  -0.79 ,  'r':  0.2 ,  'type':  1} ,  {'idp':  74 ,  'x':  3.74 ,  'y':  -1.44 ,  'r':  0.2 ,  'type':  1}]
61677,1398777810.6316755,[{'idp':  73 ,  'x':  4.37 ,  'y':  -0.79 ,  'r':  0.2 ,  'type':  1} ,  {'idp':  74 ,  'x':  3.71 ,  'y':  -1.45 ,  'r':  0.2 ,  'type':  1}]
61678,1398777810.6715603,[{'idp':  73 ,  'x':  4.35 ,  'y':  -0.78 ,  'r':  0.2 ,  'type':  1} ,  {'idp':  74 ,  'x':  3.67 ,  'y':  -1.44 ,  'r':  0.2 ,  'type':  1}]
61679,1398777810.6715887,[{'idp':  73 ,  'x':  4.31 ,  'y':  -0.75 ,  'r':  0.2 ,  'type':  1} ,  {'idp':  74 ,  'x':  3.65 ,  'y':  -1.43 ,  'r':  0.2 ,  'type':  1}]
61680,1398777810.7116487,[{'idp':  73 ,  'x':  4.28 ,  'y':  -0.74 ,  'r':  0.2 ,  'type':  1} ,  {'idp':  74 ,  'x':  3.63 ,  'y':  -1.43 ,  'r':  0.2 ,  'type':  1}]
61681,1398777810.7197907,[{'idp':  73 ,  'x':  4.23 ,  'y':  -0.73 ,  'r':  0.2 ,  'type':  1} ,  {'idp':  74 ,  'x':  3.63 ,  'y':  -1.46 ,  'r':  0.2 ,  'type':  1}]
61682,1398777810.759715,[{'idp':  73 ,  'x':  4.18 ,  'y':  -0.72 ,  'r':  0.2 ,  'type':  1} ,  {'idp':  74 ,  'x':  3.6 ,  'y':  -1.48 ,  'r':  0.2 ,  'type':  1}]
61683,1398777810.7995832,[{'idp':  73 ,  'x':  4.13 ,  'y':  -0.69 ,  'r':  0.2 ,  'type':  1} ,  {'idp':  74 ,  'x':  3.59 ,  'y':  -1.49 ,  'r':  0.2 ,  'type':  1}]
61684,1398777810.799613,[{'idp':  73 ,  'x':  4.07 ,  'y':  -0.66 ,  'r':  0.2 ,  'type':  1} ,  {'idp':  74 ,  'x':  3.56 ,  'y':  -1.49 ,  'r':  0.2 ,  'type':  1}]
61685,1398777810.8396494,[{'idp':  73 ,  'x':  4.02 ,  'y':  -0.64 ,  'r':  0.2 ,  'type':  1} ,  {'idp':  74 ,  'x':  3.53 ,  'y':  -1.48 ,  'r':  0.2 ,  'type':  1}]
61686,1398777810.8450115,[{'idp':  73 ,  'x':  3.97 ,  'y':  -0.61 ,  'r':  0.2 ,  'type':  1} ,  {'idp':  74 ,  'x':  3.5 ,  'y':  -1.48 ,  'r':  0.2 ,  'type':  1}]
61687,1398777810.8836966,[{'idp':  73 ,  'x':  3.9 ,  'y':  -0.57 ,  'r':  0.2 ,  'type':  1} ,  {'idp':  74 ,  'x':  3.46 ,  'y':  -1.48 ,  'r':  0.2 ,  'type':  1}]
61688,1398777810.923644,[{'idp':  73 ,  'x':  3.84 ,  'y':  -0.53 ,  'r':  0.2 ,  'type':  1} ,  {'idp':  74 ,  'x':  3.41 ,  'y':  -1.48 ,  'r':  0.2 ,  'type':  1}]
61689,1398777810.9236777,[{'idp':  73 ,  'x':  3.78 ,  'y':  -0.48 ,  'r':  0.2 ,  'type':  1} ,  {'idp':  74 ,  'x':  3.38 ,  'y':  -1.48 ,  'r':  0.2 ,  'type':  1}]
61690,1398777810.9635901,[{'idp':  73 ,  'x':  3.75 ,  'y':  -0.44 ,  'r':  0.2 ,  'type':  1} ,  {'idp':  74 ,  'x':  3.35 ,  'y':  -1.46 ,  'r':  0.2 ,  'type':  1}]
61691,1398777810.97166,[{'idp':  73 ,  'x':  3.72 ,  'y':  -0.41 ,  'r':  0.2 ,  'type':  1} ,  {'idp':  74 ,  'x':  3.35 ,  'y':  -1.44 ,  'r':  0.2 ,  'type':  1}]
61692,1398777811.011571,[{'idp':  73 ,  'x':  3.68 ,  'y':  -0.39 ,  'r':  0.2 ,  'type':  1} ,  {'idp':  74 ,  'x':  3.38 ,  'y':  -1.41 ,  'r':  0.2 ,  'type':  1}]
61693,1398777811.0516045,[{'idp':  73 ,  'x':  3.63 ,  'y':  -0.4 ,  'r':  0.2 ,  'type':  1} ,  {'idp':  74 ,  'x':  3.39 ,  'y':  -1.4 ,  'r':  0.2 ,  'type':  1}]
61694,1398777811.0516317,[{'idp':  73 ,  'x':  3.59 ,  'y':  -0.38 ,  'r':  0.2 ,  'type':  1} ,  {'idp':  74 ,  'x':  3.37 ,  'y':  -1.41 ,  'r':  0.2 ,  'type':  1}]
61695,1398777811.0916796,[{'idp':  73 ,  'x':  3.54 ,  'y':  -0.37 ,  'r':  0.2 ,  'type':  1} ,  {'idp':  74 ,  'x':  3.34 ,  'y':  -1.42 ,  'r':  0.2 ,  'type':  1}]
61696,1398777811.0959651,[{'idp':  73 ,  'x':  3.5 ,  'y':  -0.37 ,  'r':  0.2 ,  'type':  1} ,  {'idp':  74 ,  'x':  3.3 ,  'y':  -1.42 ,  'r':  0.2 ,  'type':  1}]
61697,1398777811.135639,[{'idp':  73 ,  'x':  3.45 ,  'y':  -0.37 ,  'r':  0.2 ,  'type':  1} ,  {'idp':  74 ,  'x':  3.27 ,  'y':  -1.42 ,  'r':  0.2 ,  'type':  1}]
61698,1398777811.1756604,[{'idp':  73 ,  'x':  3.34 ,  'y':  -0.37 ,  'r':  0.2 ,  'type':  1} ,  {'idp':  74 ,  'x':  3.24 ,  'y':  -1.41 ,  'r':  0.2 ,  'type':  1}]
61699,1398777811.175753,[{'idp':  73 ,  'x':  3.29 ,  'y':  -0.34 ,  'r':  0.2 ,  'type':  1} ,  {'idp':  74 ,  'x':  3.21 ,  'y':  -1.4 ,  'r':  0.2 ,  'type':  1}]
61700,1398777811.215677,[{'idp':  73 ,  'x':  3.26 ,  'y':  -0.31 ,  'r':  0.2 ,  'type':  1} ,  {'idp':  74 ,  'x':  3.17 ,  'y':  -1.39 ,  'r':  0.2 ,  'type':  1}]
61701,1398777811.2215717,[{'idp':  73 ,  'x':  3.24 ,  'y':  -0.29 ,  'r':  0.2 ,  'type':  1} ,  {'idp':  74 ,  'x':  3.1 ,  'y':  -1.37 ,  'r':  0.2 ,  'type':  1}]
61702,1398777811.259651,[{'idp':  73 ,  'x':  3.19 ,  'y':  -0.27 ,  'r':  0.2 ,  'type':  1} ,  {'idp':  74 ,  'x':  3.04 ,  'y':  -1.37 ,  'r':  0.2 ,  'type':  1}]
61703,1398777811.2996542,[{'idp':  73 ,  'x':  3.17 ,  'y':  -0.26 ,  'r':  0.2 ,  'type':  1} ,  {'idp':  74 ,  'x':  2.96 ,  'y':  -1.36 ,  'r':  0.2 ,  'type':  1}]
61704,1398777811.2996888,[{'idp':  73 ,  'x':  3.11 ,  'y':  -0.26 ,  'r':  0.2 ,  'type':  1} ,  {'idp':  74 ,  'x':  2.88 ,  'y':  -1.39 ,  'r':  0.2 ,  'type':  1}]
61705,1398777811.3396122,[{'idp':  73 ,  'x':  3.07 ,  'y':  -0.24 ,  'r':  0.2 ,  'type':  1} ,  {'idp':  74 ,  'x':  2.81 ,  'y':  -1.39 ,  'r':  0.2 ,  'type':  1}]
61706,1398777811.3469927,[{'idp':  73 ,  'x':  3.03 ,  'y':  -0.22 ,  'r':  0.2 ,  'type':  1} ,  {'idp':  74 ,  'x':  2.76 ,  'y':  -1.41 ,  'r':  0.2 ,  'type':  1}]
61707,1398777811.3836362,[{'idp':  73 ,  'x':  3.01 ,  'y':  -0.2 ,  'r':  0.2 ,  'type':  1} ,  {'idp':  74 ,  'x':  2.73 ,  'y':  -1.42 ,  'r':  0.2 ,  'type':  1}]
61708,1398777811.4236014,[{'idp':  73 ,  'x':  2.98 ,  'y':  -0.2 ,  'r':  0.2 ,  'type':  1} ,  {'idp':  74 ,  'x':  2.7 ,  'y':  -1.41 ,  'r':  0.2 ,  'type':  1}]
61709,1398777811.4236324,[{'idp':  73 ,  'x':  2.96 ,  'y':  -0.17 ,  'r':  0.2 ,  'type':  1} ,  {'idp':  74 ,  'x':  2.66 ,  'y':  -1.41 ,  'r':  0.2 ,  'type':  1}]
61710,1398777811.4635658,[{'idp':  73 ,  'x':  2.96 ,  'y':  -0.17 ,  'r':  0.2 ,  'type':  1} ,  {'idp':  74 ,  'x':  2.6 ,  'y':  -1.41 ,  'r':  0.2 ,  'type':  1}]
61711,1398777811.473263,[{'idp':  73 ,  'x':  2.98 ,  'y':  -0.14 ,  'r':  0.2 ,  'type':  1} ,  {'idp':  74 ,  'x':  2.54 ,  'y':  -1.41 ,  'r':  0.2 ,  'type':  1}]
61712,1398777811.5115376,[{'idp':  73 ,  'x':  2.96 ,  'y':  -0.13 ,  'r':  0.2 ,  'type':  1} ,  {'idp':  74 ,  'x':  2.44 ,  'y':  -1.39 ,  'r':  0.2 ,  'type':  1}]
61713,1398777811.5516186,[{'idp':  73 ,  'x':  2.93 ,  'y':  -0.12 ,  'r':  0.2 ,  'type':  1} ,  {'idp':  74 ,  'x':  2.39 ,  'y':  -1.4 ,  'r':  0.2 ,  'type':  1}]
61714,1398777811.551661,[{'idp':  73 ,  'x':  2.9 ,  'y':  -0.11 ,  'r':  0.2 ,  'type':  1} ,  {'idp':  74 ,  'x':  2.36 ,  'y':  -1.41 ,  'r':  0.2 ,  'type':  1}]
61715,1398777811.5916414,[{'idp':  73 ,  'x':  2.88 ,  'y':  -0.1 ,  'r':  0.2 ,  'type':  1} ,  {'idp':  74 ,  'x':  2.32 ,  'y':  -1.4 ,  'r':  0.2 ,  'type':  1}]
61716,1398777811.5977702,[{'idp':  73 ,  'x':  2.86 ,  'y':  -0.08 ,  'r':  0.2 ,  'type':  1} ,  {'idp':  74 ,  'x':  2.28 ,  'y':  -1.39 ,  'r':  0.2 ,  'type':  1}]
61717,1398777811.6355693,[{'idp':  73 ,  'x':  2.83 ,  'y':  -0.06 ,  'r':  0.2 ,  'type':  1} ,  {'idp':  74 ,  'x':  2.25 ,  'y':  -1.39 ,  'r':  0.2 ,  'type':  1}]
61718,1398777811.6756232,[{'idp':  73 ,  'x':  2.79 ,  'y':  -0.05 ,  'r':  0.2 ,  'type':  1} ,  {'idp':  74 ,  'x':  2.22 ,  'y':  -1.4 ,  'r':  0.2 ,  'type':  1}]
61719,1398777811.6756606,[{'idp':  73 ,  'x':  2.78 ,  'y':  -0.08 ,  'r':  0.2 ,  'type':  1} ,  {'idp':  74 ,  'x':  2.2 ,  'y':  -1.39 ,  'r':  0.2 ,  'type':  1}]
61720,1398777811.7156303,[{'idp':  73 ,  'x':  2.79 ,  'y':  -0.07 ,  'r':  0.2 ,  'type':  1} ,  {'idp':  74 ,  'x':  2.17 ,  'y':  -1.38 ,  'r':  0.2 ,  'type':  1}]
61721,1398777811.722729,[{'idp':  73 ,  'x':  2.78 ,  'y':  -0.08 ,  'r':  0.2 ,  'type':  1} ,  {'idp':  74 ,  'x':  2.13 ,  'y':  -1.38 ,  'r':  0.2 ,  'type':  1}]
61722,1398777811.7596948,[{'idp':  73 ,  'x':  2.77 ,  'y':  -0.07 ,  'r':  0.2 ,  'type':  1} ,  {'idp':  74 ,  'x':  2.11 ,  'y':  -1.37 ,  'r':  0.2 ,  'type':  1}]
61723,1398777811.7995765,[{'idp':  73 ,  'x':  2.76 ,  'y':  -0.07 ,  'r':  0.2 ,  'type':  1} ,  {'idp':  74 ,  'x':  2.08 ,  'y':  -1.37 ,  'r':  0.2 ,  'type':  1}]
61724,1398777811.7995923,[{'idp':  73 ,  'x':  2.75 ,  'y':  -0.06 ,  'r':  0.2 ,  'type':  1} ,  {'idp':  74 ,  'x':  2.06 ,  'y':  -1.35 ,  'r':  0.2 ,  'type':  1}]
61725,1398777811.8396258,[{'idp':  73 ,  'x':  2.72 ,  'y':  -0.02 ,  'r':  0.2 ,  'type':  1} ,  {'idp':  74 ,  'x':  2.06 ,  'y':  -1.34 ,  'r':  0.2 ,  'type':  1}]
61726,1398777811.8484883,[{'idp':  73 ,  'x':  2.7 ,  'y':  0.01 ,  'r':  0.2 ,  'type':  1} ,  {'idp':  74 ,  'x':  2.05 ,  'y':  -1.33 ,  'r':  0.2 ,  'type':  1}]
61727,1398777811.8875322,[{'idp':  73 ,  'x':  2.67 ,  'y':  0.05 ,  'r':  0.2 ,  'type':  1} ,  {'idp':  74 ,  'x':  2.05 ,  'y':  -1.33 ,  'r':  0.2 ,  'type':  1}]
61728,1398777811.9275503,[{'idp':  73 ,  'x':  2.65 ,  'y':  0.06 ,  'r':  0.2 ,  'type':  1} ,  {'idp':  74 ,  'x':  2.03 ,  'y':  -1.33 ,  'r':  0.2 ,  'type':  1}]
61729,1398777811.9275825,[{'idp':  73 ,  'x':  2.62 ,  'y':  0.07 ,  'r':  0.2 ,  'type':  1} ,  {'idp':  74 ,  'x':  2.01 ,  'y':  -1.34 ,  'r':  0.2 ,  'type':  1}]
61730,1398777811.9676957,[{'idp':  73 ,  'x':  2.58 ,  'y':  0.08 ,  'r':  0.2 ,  'type':  1} ,  {'idp':  74 ,  'x':  1.98 ,  'y':  -1.34 ,  'r':  0.2 ,  'type':  1}]
61731,1398777811.9753366,[{'idp':  73 ,  'x':  2.52 ,  'y':  0.09 ,  'r':  0.2 ,  'type':  1} ,  {'idp':  74 ,  'x':  1.95 ,  'y':  -1.35 ,  'r':  0.2 ,  'type':  1}]
61732,1398777812.0116014,[{'idp':  73 ,  'x':  2.45 ,  'y':  0.11 ,  'r':  0.2 ,  'type':  1} ,  {'idp':  74 ,  'x':  1.91 ,  'y':  -1.35 ,  'r':  0.2 ,  'type':  1}]
61733,1398777812.0516102,[{'idp':  73 ,  'x':  2.39 ,  'y':  0.13 ,  'r':  0.2 ,  'type':  1} ,  {'idp':  74 ,  'x':  1.88 ,  'y':  -1.35 ,  'r':  0.2 ,  'type':  1}]
61734,1398777812.0516427,[{'idp':  73 ,  'x':  2.33 ,  'y':  0.15 ,  'r':  0.2 ,  'type':  1} ,  {'idp':  74 ,  'x':  1.85 ,  'y':  -1.33 ,  'r':  0.2 ,  'type':  1}]
61735,1398777812.0916274,[{'idp':  73 ,  'x':  2.28 ,  'y':  0.16 ,  'r':  0.2 ,  'type':  1} ,  {'idp':  74 ,  'x':  1.85 ,  'y':  -1.3 ,  'r':  0.2 ,  'type':  1}]
61736,1398777812.099038,[{'idp':  73 ,  'x':  2.22 ,  'y':  0.18 ,  'r':  0.2 ,  'type':  1} ,  {'idp':  74 ,  'x':  1.88 ,  'y':  -1.26 ,  'r':  0.2 ,  'type':  1}]
61737,1398777812.1355624,[{'idp':  73 ,  'x':  2.15 ,  'y':  0.22 ,  'r':  0.2 ,  'type':  1} ,  {'idp':  74 ,  'x':  1.91 ,  'y':  -1.23 ,  'r':  0.2 ,  'type':  1}]
61738,1398777812.1761408,[{'idp':  73 ,  'x':  2.08 ,  'y':  0.26 ,  'r':  0.2 ,  'type':  1} ,  {'idp':  74 ,  'x':  1.89 ,  'y':  -1.21 ,  'r':  0.2 ,  'type':  1}]
61739,1398777812.1762524,[{'idp':  73 ,  'x':  2.0 ,  'y':  0.3 ,  'r':  0.2 ,  'type':  1} ,  {'idp':  74 ,  'x':  1.87 ,  'y':  -1.21 ,  'r':  0.2 ,  'type':  1}]
61740,1398777812.2156281,[{'idp':  73 ,  'x':  1.95 ,  'y':  0.35 ,  'r':  0.2 ,  'type':  1} ,  {'idp':  74 ,  'x':  1.85 ,  'y':  -1.2 ,  'r':  0.2 ,  'type':  1}]
61741,1398777812.2242868,[{'idp':  73 ,  'x':  1.9 ,  'y':  0.37 ,  'r':  0.2 ,  'type':  1} ,  {'idp':  74 ,  'x':  1.83 ,  'y':  -1.19 ,  'r':  0.2 ,  'type':  1}]
61742,1398777812.263625,[{'idp':  73 ,  'x':  1.86 ,  'y':  0.39 ,  'r':  0.2 ,  'type':  1} ,  {'idp':  74 ,  'x':  1.81 ,  'y':  -1.17 ,  'r':  0.2 ,  'type':  1} ,  {'idp':  75 ,  'x':  2.99 ,  'y':  2.9 ,  'r':  0.4 ,  'type':  1}]
61743,1398777812.3035696,[{'idp':  73 ,  'x':  1.8 ,  'y':  0.42 ,  'r':  0.2 ,  'type':  1} ,  {'idp':  74 ,  'x':  1.79 ,  'y':  -1.15 ,  'r':  0.2 ,  'type':  1} ,  {'idp':  75 ,  'x':  2.79 ,  'y':  2.82 ,  'r':  0.4 ,  'type':  1}]
61744,1398777812.3036003,[{'idp':  73 ,  'x':  1.73 ,  'y':  0.43 ,  'r':  0.2 ,  'type':  1} ,  {'idp':  74 ,  'x':  1.76 ,  'y':  -1.13 ,  'r':  0.2 ,  'type':  1} ,  {'idp':  75 ,  'x':  2.76 ,  'y':  2.85 ,  'r':  0.4 ,  'type':  1}]
61745,1398777812.3435364,[{'idp':  73 ,  'x':  1.64 ,  'y':  0.42 ,  'r':  0.2 ,  'type':  1} ,  {'idp':  74 ,  'x':  1.7 ,  'y':  -1.13 ,  'r':  0.2 ,  'type':  1} ,  {'idp':  75 ,  'x':  2.73 ,  'y':  2.87 ,  'r':  0.4 ,  'type':  1}]
61746,1398777812.349771,[{'idp':  73 ,  'x':  1.54 ,  'y':  0.42 ,  'r':  0.2 ,  'type':  1} ,  {'idp':  74 ,  'x':  1.64 ,  'y':  -1.12 ,  'r':  0.2 ,  'type':  1} ,  {'idp':  75 ,  'x':  2.69 ,  'y':  2.9 ,  'r':  0.4 ,  'type':  1}]
61747,1398777812.3875563,[{'idp':  73 ,  'x':  1.48 ,  'y':  0.43 ,  'r':  0.2 ,  'type':  1} ,  {'idp':  74 ,  'x':  1.58 ,  'y':  -1.12 ,  'r':  0.2 ,  'type':  1} ,  {'idp':  75 ,  'x':  2.65 ,  'y':  2.91 ,  'r':  0.4 ,  'type':  1}]
61748,1398777812.4276645,[{'idp':  73 ,  'x':  1.42 ,  'y':  0.44 ,  'r':  0.2 ,  'type':  1} ,  {'idp':  74 ,  'x':  1.52 ,  'y':  -1.13 ,  'r':  0.2 ,  'type':  1} ,  {'idp':  75 ,  'x':  2.65 ,  'y':  2.92 ,  'r':  0.4 ,  'type':  1}]
61749,1398777812.4276917,[{'idp':  73 ,  'x':  1.37 ,  'y':  0.44 ,  'r':  0.2 ,  'type':  1} ,  {'idp':  74 ,  'x':  1.47 ,  'y':  -1.14 ,  'r':  0.2 ,  'type':  1} ,  {'idp':  75 ,  'x':  2.63 ,  'y':  2.91 ,  'r':  0.4 ,  'type':  1}]
61750,1398777812.4676816,[{'idp':  73 ,  'x':  1.33 ,  'y':  0.46 ,  'r':  0.2 ,  'type':  1} ,  {'idp':  74 ,  'x':  1.41 ,  'y':  -1.16 ,  'r':  0.2 ,  'type':  1} ,  {'idp':  75 ,  'x':  2.59 ,  'y':  2.96 ,  'r':  0.4 ,  'type':  1}]
61751,1398777812.4759815,[{'idp':  73 ,  'x':  1.3 ,  'y':  0.48 ,  'r':  0.2 ,  'type':  1} ,  {'idp':  74 ,  'x':  1.35 ,  'y':  -1.19 ,  'r':  0.2 ,  'type':  1} ,  {'idp':  75 ,  'x':  2.54 ,  'y':  2.98 ,  'r':  0.4 ,  'type':  1}]
61752,1398777812.5156004,[{'idp':  73 ,  'x':  1.27 ,  'y':  0.5 ,  'r':  0.2 ,  'type':  1} ,  {'idp':  74 ,  'x':  1.3 ,  'y':  -1.2 ,  'r':  0.2 ,  'type':  1} ,  {'idp':  75 ,  'x':  2.52 ,  'y':  3.02 ,  'r':  0.4 ,  'type':  1}]
61753,1398777812.5555978,[{'idp':  73 ,  'x':  1.23 ,  'y':  0.51 ,  'r':  0.2 ,  'type':  1} ,  {'idp':  74 ,  'x':  1.26 ,  'y':  -1.2 ,  'r':  0.2 ,  'type':  1} ,  {'idp':  75 ,  'x':  2.49 ,  'y':  3.04 ,  'r':  0.4 ,  'type':  1}]
61754,1398777812.5556269,[{'idp':  73 ,  'x':  1.2 ,  'y':  0.52 ,  'r':  0.2 ,  'type':  1} ,  {'idp':  74 ,  'x':  1.21 ,  'y':  -1.18 ,  'r':  0.2 ,  'type':  1} ,  {'idp':  75 ,  'x':  2.46 ,  'y':  3.03 ,  'r':  0.4 ,  'type':  1}]
61755,1398777812.5956552,[{'idp':  73 ,  'x':  1.17 ,  'y':  0.53 ,  'r':  0.2 ,  'type':  1} ,  {'idp':  74 ,  'x':  1.13 ,  'y':  -1.14 ,  'r':  0.2 ,  'type':  1} ,  {'idp':  75 ,  'x':  2.44 ,  'y':  3.05 ,  'r':  0.4 ,  'type':  1}]
61756,1398777812.6030555,[{'idp':  73 ,  'x':  1.14 ,  'y':  0.52 ,  'r':  0.2 ,  'type':  1} ,  {'idp':  74 ,  'x':  1.11 ,  'y':  -1.16 ,  'r':  0.2 ,  'type':  1} ,  {'idp':  75 ,  'x':  2.41 ,  'y':  3.06 ,  'r':  0.4 ,  'type':  1}]
61757,1398777812.6395376,[{'idp':  73 ,  'x':  1.12 ,  'y':  0.53 ,  'r':  0.2 ,  'type':  1} ,  {'idp':  74 ,  'x':  1.09 ,  'y':  -1.17 ,  'r':  0.2 ,  'type':  1} ,  {'idp':  75 ,  'x':  2.39 ,  'y':  3.09 ,  'r':  0.4 ,  'type':  1}]
61758,1398777812.6796439,[{'idp':  73 ,  'x':  1.09 ,  'y':  0.53 ,  'r':  0.2 ,  'type':  1} ,  {'idp':  74 ,  'x':  1.08 ,  'y':  -1.18 ,  'r':  0.2 ,  'type':  1} ,  {'idp':  75 ,  'x':  2.38 ,  'y':  3.1 ,  'r':  0.4 ,  'type':  1}]
61759,1398777812.6796727,[{'idp':  73 ,  'x':  1.08 ,  'y':  0.53 ,  'r':  0.2 ,  'type':  1} ,  {'idp':  74 ,  'x':  1.05 ,  'y':  -1.18 ,  'r':  0.2 ,  'type':  1} ,  {'idp':  75 ,  'x':  2.37 ,  'y':  3.11 ,  'r':  0.4 ,  'type':  1}]
61760,1398777812.7196085,[{'idp':  73 ,  'x':  1.07 ,  'y':  0.53 ,  'r':  0.2 ,  'type':  1} ,  {'idp':  74 ,  'x':  1.04 ,  'y':  -1.19 ,  'r':  0.2 ,  'type':  1} ,  {'idp':  75 ,  'x':  2.36 ,  'y':  3.12 ,  'r':  0.4 ,  'type':  1}]
61761,1398777812.726269,[{'idp':  73 ,  'x':  1.06 ,  'y':  0.54 ,  'r':  0.2 ,  'type':  1} ,  {'idp':  74 ,  'x':  1.08 ,  'y':  -1.2 ,  'r':  0.2 ,  'type':  1} ,  {'idp':  75 ,  'x':  2.34 ,  'y':  3.13 ,  'r':  0.4 ,  'type':  1}]
61762,1398777812.7635748,[{'idp':  73 ,  'x':  1.06 ,  'y':  0.57 ,  'r':  0.2 ,  'type':  1} ,  {'idp':  74 ,  'x':  1.16 ,  'y':  -1.24 ,  'r':  0.2 ,  'type':  1} ,  {'idp':  75 ,  'x':  2.31 ,  'y':  3.12 ,  'r':  0.4 ,  'type':  1}]
61763,1398777812.8035989,[{'idp':  73 ,  'x':  1.05 ,  'y':  0.61 ,  'r':  0.2 ,  'type':  1} ,  {'idp':  74 ,  'x':  1.15 ,  'y':  -1.24 ,  'r':  0.2 ,  'type':  1} ,  {'idp':  75 ,  'x':  2.29 ,  'y':  3.17 ,  'r':  0.4 ,  'type':  1}]
61764,1398777812.803625,[{'idp':  73 ,  'x':  1.01 ,  'y':  0.63 ,  'r':  0.2 ,  'type':  1} ,  {'idp':  74 ,  'x':  1.13 ,  'y':  -1.22 ,  'r':  0.2 ,  'type':  1} ,  {'idp':  75 ,  'x':  2.24 ,  'y':  3.2 ,  'r':  0.4 ,  'type':  1}]
61765,1398777812.843659,[{'idp':  73 ,  'x':  0.98 ,  'y':  0.65 ,  'r':  0.2 ,  'type':  1} ,  {'idp':  74 ,  'x':  1.11 ,  'y':  -1.22 ,  'r':  0.2 ,  'type':  1} ,  {'idp':  75 ,  'x':  2.22 ,  'y':  3.21 ,  'r':  0.4 ,  'type':  1}]
61766,1398777812.8512425,[{'idp':  73 ,  'x':  0.92 ,  'y':  0.65 ,  'r':  0.2 ,  'type':  1} ,  {'idp':  74 ,  'x':  1.07 ,  'y':  -1.21 ,  'r':  0.2 ,  'type':  1} ,  {'idp':  75 ,  'x':  2.2 ,  'y':  3.22 ,  'r':  0.4 ,  'type':  1}]
61767,1398777812.8875813,[{'idp':  73 ,  'x':  0.88 ,  'y':  0.64 ,  'r':  0.2 ,  'type':  1} ,  {'idp':  74 ,  'x':  1.03 ,  'y':  -1.21 ,  'r':  0.2 ,  'type':  1} ,  {'idp':  75 ,  'x':  2.17 ,  'y':  3.24 ,  'r':  0.4 ,  'type':  1}]
61768,1398777812.9275901,[{'idp':  73 ,  'x':  0.85 ,  'y':  0.63 ,  'r':  0.2 ,  'type':  1} ,  {'idp':  74 ,  'x':  0.97 ,  'y':  -1.2 ,  'r':  0.2 ,  'type':  1} ,  {'idp':  75 ,  'x':  2.13 ,  'y':  3.28 ,  'r':  0.4 ,  'type':  1}]
61769,1398777812.9276218,[{'idp':  73 ,  'x':  0.87 ,  'y':  0.62 ,  'r':  0.2 ,  'type':  1} ,  {'idp':  74 ,  'x':  0.92 ,  'y':  -1.17 ,  'r':  0.2 ,  'type':  1} ,  {'idp':  75 ,  'x':  2.07 ,  'y':  3.32 ,  'r':  0.4 ,  'type':  1}]
61770,1398777812.9704823,[{'idp':  73 ,  'x':  0.87 ,  'y':  0.61 ,  'r':  0.2 ,  'type':  1} ,  {'idp':  74 ,  'x':  0.88 ,  'y':  -1.15 ,  'r':  0.2 ,  'type':  1} ,  {'idp':  75 ,  'x':  2.02 ,  'y':  3.4 ,  'r':  0.4 ,  'type':  1}]
61771,1398777812.9767826,[{'idp':  73 ,  'x':  0.85 ,  'y':  0.61 ,  'r':  0.2 ,  'type':  1} ,  {'idp':  74 ,  'x':  0.83 ,  'y':  -1.15 ,  'r':  0.2 ,  'type':  1} ,  {'idp':  75 ,  'x':  2.02 ,  'y':  3.4 ,  'r':  0.4 ,  'type':  1}]
61772,1398777813.0155852,[{'idp':  73 ,  'x':  0.84 ,  'y':  0.61 ,  'r':  0.2 ,  'type':  1} ,  {'idp':  74 ,  'x':  0.8 ,  'y':  -1.15 ,  'r':  0.2 ,  'type':  1} ,  {'idp':  75 ,  'x':  2.02 ,  'y':  3.4 ,  'r':  0.4 ,  'type':  1}]
61773,1398777813.0555565,[{'idp':  73 ,  'x':  0.81 ,  'y':  0.62 ,  'r':  0.2 ,  'type':  1} ,  {'idp':  74 ,  'x':  0.65 ,  'y':  -1.1 ,  'r':  0.2 ,  'type':  1} ,  {'idp':  75 ,  'x':  2.09 ,  'y':  3.25 ,  'r':  0.4 ,  'type':  1}]
61774,1398777813.0956924,[{'idp':  73 ,  'x':  0.78 ,  'y':  0.62 ,  'r':  0.2 ,  'type':  1} ,  {'idp':  74 ,  'x':  0.61 ,  'y':  -1.09 ,  'r':  0.2 ,  'type':  1} ,  {'idp':  75 ,  'x':  1.97 ,  'y':  3.25 ,  'r':  0.4 ,  'type':  1}]
61775,1398777813.0957236,[{'idp':  73 ,  'x':  0.75 ,  'y':  0.63 ,  'r':  0.2 ,  'type':  1} ,  {'idp':  74 ,  'x':  0.58 ,  'y':  -1.1 ,  'r':  0.2 ,  'type':  1} ,  {'idp':  75 ,  'x':  1.96 ,  'y':  3.34 ,  'r':  0.4 ,  'type':  1}]
61776,1398777813.1355877,[{'idp':  73 ,  'x':  0.72 ,  'y':  0.63 ,  'r':  0.2 ,  'type':  1} ,  {'idp':  74 ,  'x':  0.55 ,  'y':  -1.1 ,  'r':  0.2 ,  'type':  1} ,  {'idp':  75 ,  'x':  1.91 ,  'y':  3.35 ,  'r':  0.4 ,  'type':  1}]
61777,1398777813.1356199,[{'idp':  73 ,  'x':  0.68 ,  'y':  0.65 ,  'r':  0.2 ,  'type':  1} ,  {'idp':  74 ,  'x':  0.52 ,  'y':  -1.08 ,  'r':  0.2 ,  'type':  1} ,  {'idp':  75 ,  'x':  1.86 ,  'y':  3.38 ,  'r':  0.4 ,  'type':  1}]
61778,1398777813.1755464,[{'idp':  73 ,  'x':  0.64 ,  'y':  0.65 ,  'r':  0.2 ,  'type':  1} ,  {'idp':  74 ,  'x':  0.51 ,  'y':  -1.07 ,  'r':  0.2 ,  'type':  1} ,  {'idp':  75 ,  'x':  1.84 ,  'y':  3.42 ,  'r':  0.4 ,  'type':  1}]
61779,1398777813.177491,[{'idp':  73 ,  'x':  0.6 ,  'y':  0.65 ,  'r':  0.2 ,  'type':  1} ,  {'idp':  74 ,  'x':  0.52 ,  'y':  -1.05 ,  'r':  0.2 ,  'type':  1} ,  {'idp':  75 ,  'x':  1.82 ,  'y':  3.42 ,  'r':  0.4 ,  'type':  1}]
61780,1398777813.2156157,[{'idp':  73 ,  'x':  0.55 ,  'y':  0.64 ,  'r':  0.2 ,  'type':  1} ,  {'idp':  74 ,  'x':  0.57 ,  'y':  -1.01 ,  'r':  0.2 ,  'type':  1} ,  {'idp':  75 ,  'x':  1.82 ,  'y':  3.42 ,  'r':  0.4 ,  'type':  1}]
61781,1398777813.255565,[{'idp':  73 ,  'x':  0.48 ,  'y':  0.62 ,  'r':  0.2 ,  'type':  1} ,  {'idp':  74 ,  'x':  0.54 ,  'y':  -1.01 ,  'r':  0.2 ,  'type':  1} ,  {'idp':  75 ,  'x':  1.81 ,  'y':  3.41 ,  'r':  0.4 ,  'type':  1}]
61782,1398777813.255627,[{'idp':  73 ,  'x':  0.41 ,  'y':  0.62 ,  'r':  0.2 ,  'type':  1} ,  {'idp':  74 ,  'x':  0.52 ,  'y':  -1.02 ,  'r':  0.2 ,  'type':  1} ,  {'idp':  75 ,  'x':  1.73 ,  'y':  3.38 ,  'r':  0.4 ,  'type':  1}]
61783,1398777813.2956183,[{'idp':  73 ,  'x':  0.35 ,  'y':  0.61 ,  'r':  0.2 ,  'type':  1} ,  {'idp':  74 ,  'x':  0.49 ,  'y':  -1.01 ,  'r':  0.2 ,  'type':  1} ,  {'idp':  75 ,  'x':  1.73 ,  'y':  3.38 ,  'r':  0.4 ,  'type':  1}]
61784,1398777813.302749,[{'idp':  73 ,  'x':  0.3 ,  'y':  0.61 ,  'r':  0.2 ,  'type':  1} ,  {'idp':  74 ,  'x':  0.47 ,  'y':  -1.01 ,  'r':  0.2 ,  'type':  1} ,  {'idp':  75 ,  'x':  1.73 ,  'y':  3.38 ,  'r':  0.4 ,  'type':  1}]
61785,1398777813.33955,[{'idp':  73 ,  'x':  0.25 ,  'y':  0.61 ,  'r':  0.2 ,  'type':  1} ,  {'idp':  74 ,  'x':  0.44 ,  'y':  -1.01 ,  'r':  0.2 ,  'type':  1} ,  {'idp':  75 ,  'x':  1.73 ,  'y':  3.38 ,  'r':  0.4 ,  'type':  1}]
61786,1398777813.3796241,[{'idp':  73 ,  'x':  0.19 ,  'y':  0.62 ,  'r':  0.2 ,  'type':  1} ,  {'idp':  74 ,  'x':  0.4 ,  'y':  -1.01 ,  'r':  0.2 ,  'type':  1} ,  {'idp':  75 ,  'x':  1.76 ,  'y':  3.42 ,  'r':  0.4 ,  'type':  1}]
61787,1398777813.3797112,[{'idp':  73 ,  'x':  0.13 ,  'y':  0.61 ,  'r':  0.2 ,  'type':  1} ,  {'idp':  74 ,  'x':  0.37 ,  'y':  -1.0 ,  'r':  0.2 ,  'type':  1} ,  {'idp':  75 ,  'x':  1.75 ,  'y':  3.44 ,  'r':  0.4 ,  'type':  1}]
61788,1398777813.4196239,[{'idp':  73 ,  'x':  0.07 ,  'y':  0.61 ,  'r':  0.2 ,  'type':  1} ,  {'idp':  74 ,  'x':  0.32 ,  'y':  -1.0 ,  'r':  0.2 ,  'type':  1} ,  {'idp':  75 ,  'x':  1.75 ,  'y':  3.44 ,  'r':  0.4 ,  'type':  1}]
61789,1398777813.4281168,[{'idp':  73 ,  'x':  0.02 ,  'y':  0.62 ,  'r':  0.2 ,  'type':  1} ,  {'idp':  74 ,  'x':  0.26 ,  'y':  -0.99 ,  'r':  0.2 ,  'type':  1} ,  {'idp':  75 ,  'x':  1.75 ,  'y':  3.44 ,  'r':  0.4 ,  'type':  1}]
61790,1398777813.4676588,[{'idp':  73 ,  'x':  0.02 ,  'y':  0.62 ,  'r':  0.2 ,  'type':  1} ,  {'idp':  74 ,  'x':  0.19 ,  'y':  -0.99 ,  'r':  0.2 ,  'type':  1} ,  {'idp':  75 ,  'x':  1.76 ,  'y':  3.44 ,  'r':  0.4 ,  'type':  1}]
61791,1398777813.5075626,[{'idp':  73 ,  'x':  0.02 ,  'y':  0.62 ,  'r':  0.2 ,  'type':  1} ,  {'idp':  74 ,  'x':  0.13 ,  'y':  -0.99 ,  'r':  0.2 ,  'type':  1} ,  {'idp':  75 ,  'x':  1.72 ,  'y':  3.43 ,  'r':  0.4 ,  'type':  1}]
61792,1398777813.507588,[{'idp':  73 ,  'x':  0.02 ,  'y':  0.62 ,  'r':  0.2 ,  'type':  1} ,  {'idp':  74 ,  'x':  0.09 ,  'y':  -0.98 ,  'r':  0.2 ,  'type':  1} ,  {'idp':  75 ,  'x':  1.73 ,  'y':  3.47 ,  'r':  0.4 ,  'type':  1}]
61793,1398777813.547605,[{'idp':  73 ,  'x':  0.02 ,  'y':  0.62 ,  'r':  0.2 ,  'type':  1} ,  {'idp':  74 ,  'x':  0.05 ,  'y':  -0.99 ,  'r':  0.2 ,  'type':  1} ,  {'idp':  75 ,  'x':  1.75 ,  'y':  3.48 ,  'r':  0.4 ,  'type':  1}]
61794,1398777813.55422,[{'idp':  73 ,  'x':  0.02 ,  'y':  0.62 ,  'r':  0.2 ,  'type':  1} ,  {'idp':  74 ,  'x':  0.02 ,  'y':  -1.01 ,  'r':  0.2 ,  'type':  1} ,  {'idp':  75 ,  'x':  1.76 ,  'y':  3.49 ,  'r':  0.4 ,  'type':  1}]
61795,1398777813.591577,[{'idp':  75 ,  'x':  1.77 ,  'y':  3.48 ,  'r':  0.4 ,  'type':  1}]
61796,1398777813.6315806,[{'idp':  75 ,  'x':  1.77 ,  'y':  3.5 ,  'r':  0.4 ,  'type':  1}]
61797,1398777813.6316342,[{'idp':  75 ,  'x':  1.75 ,  'y':  3.53 ,  'r':  0.4 ,  'type':  1}]
61798,1398777813.6716309,[{'idp':  75 ,  'x':  1.74 ,  'y':  3.56 ,  'r':  0.4 ,  'type':  1}]
61799,1398777813.679752,[{'idp':  75 ,  'x':  1.74 ,  'y':  3.59 ,  'r':  0.4 ,  'type':  1}]
61800,1398777813.7196398,[{'idp':  75 ,  'x':  1.77 ,  'y':  3.58 ,  'r':  0.4 ,  'type':  1}]
61801,1398777813.7596064,[{'idp':  75 ,  'x':  1.8 ,  'y':  3.58 ,  'r':  0.4 ,  'type':  1}]
61802,1398777813.7596333,[{'idp':  75 ,  'x':  1.81 ,  'y':  3.58 ,  'r':  0.4 ,  'type':  1}]
61803,1398777813.7997038,[{'idp':  75 ,  'x':  1.82 ,  'y':  3.58 ,  'r':  0.4 ,  'type':  1}]
61804,1398777813.8067818,[{'idp':  75 ,  'x':  1.82 ,  'y':  3.59 ,  'r':  0.4 ,  'type':  1}]
61805,1398777813.8435519,[{'idp':  75 ,  'x':  1.79 ,  'y':  3.6 ,  'r':  0.4 ,  'type':  1}]
61806,1398777813.8835704,[{'idp':  75 ,  'x':  1.78 ,  'y':  3.62 ,  'r':  0.4 ,  'type':  1}]
61807,1398777813.8836002,[{'idp':  75 ,  'x':  1.79 ,  'y':  3.61 ,  'r':  0.4 ,  'type':  1}]
61808,1398777813.9236307,[{'idp':  75 ,  'x':  1.82 ,  'y':  3.61 ,  'r':  0.4 ,  'type':  1}]
61809,1398777813.9332204,[{'idp':  75 ,  'x':  1.83 ,  'y':  3.59 ,  'r':  0.4 ,  'type':  1}]
61810,1398777813.9716775,[{'idp':  75 ,  'x':  1.81 ,  'y':  3.6 ,  'r':  0.4 ,  'type':  1}]
61811,1398777814.015622,[{'idp':  75 ,  'x':  1.8 ,  'y':  3.61 ,  'r':  0.4 ,  'type':  1} ,  {'idp':  77 ,  'x':  1.57 ,  'y':  4.41 ,  'r':  0.4 ,  'type':  1}]
61812,1398777814.0156538,[{'idp':  75 ,  'x':  1.79 ,  'y':  3.62 ,  'r':  0.4 ,  'type':  1} ,  {'idp':  77 ,  'x':  1.55 ,  'y':  4.32 ,  'r':  0.4 ,  'type':  1}]
61813,1398777814.0555634,[{'idp':  75 ,  'x':  1.79 ,  'y':  3.63 ,  'r':  0.4 ,  'type':  1} ,  {'idp':  77 ,  'x':  1.57 ,  'y':  4.32 ,  'r':  0.4 ,  'type':  1}]
61814,1398777814.0586476,[{'idp':  75 ,  'x':  1.78 ,  'y':  3.62 ,  'r':  0.4 ,  'type':  1} ,  {'idp':  77 ,  'x':  1.59 ,  'y':  4.32 ,  'r':  0.4 ,  'type':  1}]
61815,1398777814.0956085,[{'idp':  75 ,  'x':  1.8 ,  'y':  3.62 ,  'r':  0.4 ,  'type':  1} ,  {'idp':  77 ,  'x':  1.59 ,  'y':  4.31 ,  'r':  0.4 ,  'type':  1}]
61816,1398777814.1355834,[{'idp':  75 ,  'x':  1.79 ,  'y':  3.62 ,  'r':  0.4 ,  'type':  1} ,  {'idp':  77 ,  'x':  1.59 ,  'y':  4.31 ,  'r':  0.4 ,  'type':  1}]
61817,1398777814.135615,[{'idp':  75 ,  'x':  1.78 ,  'y':  3.62 ,  'r':  0.4 ,  'type':  1} ,  {'idp':  77 ,  'x':  1.62 ,  'y':  4.33 ,  'r':  0.4 ,  'type':  1}]
61818,1398777814.1756396,[{'idp':  75 ,  'x':  1.81 ,  'y':  3.62 ,  'r':  0.4 ,  'type':  1} ,  {'idp':  77 ,  'x':  1.66 ,  'y':  4.32 ,  'r':  0.4 ,  'type':  1}]
61819,1398777814.1835318,[{'idp':  75 ,  'x':  1.82 ,  'y':  3.61 ,  'r':  0.4 ,  'type':  1} ,  {'idp':  77 ,  'x':  1.71 ,  'y':  4.32 ,  'r':  0.4 ,  'type':  1}]
61820,1398777814.2196445,[{'idp':  75 ,  'x':  1.85 ,  'y':  3.62 ,  'r':  0.4 ,  'type':  1} ,  {'idp':  77 ,  'x':  1.75 ,  'y':  4.27 ,  'r':  0.4 ,  'type':  1}]
61821,1398777814.2595868,[{'idp':  75 ,  'x':  1.85 ,  'y':  3.63 ,  'r':  0.4 ,  'type':  1} ,  {'idp':  77 ,  'x':  1.77 ,  'y':  4.26 ,  'r':  0.4 ,  'type':  1}]
61822,1398777814.2596183,[{'idp':  75 ,  'x':  1.85 ,  'y':  3.65 ,  'r':  0.4 ,  'type':  1} ,  {'idp':  77 ,  'x':  1.74 ,  'y':  4.2 ,  'r':  0.4 ,  'type':  1}]
61823,1398777814.2996516,[{'idp':  75 ,  'x':  1.86 ,  'y':  3.63 ,  'r':  0.4 ,  'type':  1} ,  {'idp':  77 ,  'x':  1.75 ,  'y':  4.2 ,  'r':  0.4 ,  'type':  1}]
61824,1398777814.3072314,[{'idp':  75 ,  'x':  1.87 ,  'y':  3.63 ,  'r':  0.4 ,  'type':  1} ,  {'idp':  77 ,  'x':  1.77 ,  'y':  4.23 ,  'r':  0.4 ,  'type':  1}]
61825,1398777814.343594,[{'idp':  75 ,  'x':  1.9 ,  'y':  3.63 ,  'r':  0.4 ,  'type':  1} ,  {'idp':  77 ,  'x':  1.83 ,  'y':  4.27 ,  'r':  0.4 ,  'type':  1}]
61826,1398777814.3835695,[{'idp':  75 ,  'x':  1.93 ,  'y':  3.61 ,  'r':  0.4 ,  'type':  1} ,  {'idp':  77 ,  'x':  1.87 ,  'y':  4.28 ,  'r':  0.4 ,  'type':  1}]
61827,1398777814.3835962,[{'idp':  75 ,  'x':  1.97 ,  'y':  3.59 ,  'r':  0.4 ,  'type':  1} ,  {'idp':  77 ,  'x':  1.93 ,  'y':  4.32 ,  'r':  0.4 ,  'type':  1}]
61828,1398777814.4236217,[{'idp':  75 ,  'x':  2.01 ,  'y':  3.57 ,  'r':  0.4 ,  'type':  1} ,  {'idp':  77 ,  'x':  2.0 ,  'y':  4.32 ,  'r':  0.4 ,  'type':  1}]
61829,1398777814.4315908,[{'idp':  75 ,  'x':  2.04 ,  'y':  3.53 ,  'r':  0.4 ,  'type':  1} ,  {'idp':  77 ,  'x':  2.02 ,  'y':  4.3 ,  'r':  0.4 ,  'type':  1}]
61830,1398777814.471669,[{'idp':  75 ,  'x':  2.07 ,  'y':  3.5 ,  'r':  0.4 ,  'type':  1} ,  {'idp':  77 ,  'x':  2.04 ,  'y':  4.28 ,  'r':  0.4 ,  'type':  1}]
61831,1398777814.5116422,[{'idp':  75 ,  'x':  2.08 ,  'y':  3.47 ,  'r':  0.4 ,  'type':  1} ,  {'idp':  77 ,  'x':  2.05 ,  'y':  4.27 ,  'r':  0.4 ,  'type':  1}]
61832,1398777814.5116742,[{'idp':  75 ,  'x':  2.08 ,  'y':  3.44 ,  'r':  0.4 ,  'type':  1} ,  {'idp':  77 ,  'x':  2.07 ,  'y':  4.26 ,  'r':  0.4 ,  'type':  1}]
61833,1398777814.5515802,[{'idp':  75 ,  'x':  2.1 ,  'y':  3.41 ,  'r':  0.4 ,  'type':  1} ,  {'idp':  77 ,  'x':  2.09 ,  'y':  4.25 ,  'r':  0.4 ,  'type':  1}]
61834,1398777814.5565898,[{'idp':  75 ,  'x':  2.16 ,  'y':  3.41 ,  'r':  0.4 ,  'type':  1} ,  {'idp':  77 ,  'x':  2.14 ,  'y':  4.23 ,  'r':  0.4 ,  'type':  1}]
61835,1398777814.5956151,[{'idp':  75 ,  'x':  2.21 ,  'y':  3.39 ,  'r':  0.4 ,  'type':  1} ,  {'idp':  77 ,  'x':  2.21 ,  'y':  4.21 ,  'r':  0.4 ,  'type':  1}]
61836,1398777814.6356175,[{'idp':  75 ,  'x':  2.25 ,  'y':  3.4 ,  'r':  0.4 ,  'type':  1} ,  {'idp':  77 ,  'x':  2.23 ,  'y':  4.22 ,  'r':  0.4 ,  'type':  1}]
61837,1398777814.635653,[{'idp':  75 ,  'x':  2.25 ,  'y':  3.42 ,  'r':  0.4 ,  'type':  1} ,  {'idp':  77 ,  'x':  2.22 ,  'y':  4.2 ,  'r':  0.4 ,  'type':  1}]
61838,1398777814.6755779,[{'idp':  75 ,  'x':  2.3 ,  'y':  3.4 ,  'r':  0.4 ,  'type':  1} ,  {'idp':  77 ,  'x':  2.26 ,  'y':  4.18 ,  'r':  0.4 ,  'type':  1}]
61839,1398777814.6827402,[{'idp':  75 ,  'x':  2.33 ,  'y':  3.36 ,  'r':  0.4 ,  'type':  1} ,  {'idp':  77 ,  'x':  2.31 ,  'y':  4.14 ,  'r':  0.4 ,  'type':  1}]
61840,1398777814.7196133,[{'idp':  75 ,  'x':  2.36 ,  'y':  3.33 ,  'r':  0.4 ,  'type':  1} ,  {'idp':  77 ,  'x':  2.36 ,  'y':  4.1 ,  'r':  0.4 ,  'type':  1}]
61841,1398777814.7596145,[{'idp':  75 ,  'x':  2.38 ,  'y':  3.32 ,  'r':  0.4 ,  'type':  1} ,  {'idp':  77 ,  'x':  2.38 ,  'y':  4.08 ,  'r':  0.4 ,  'type':  1}]
61842,1398777814.7596452,[{'idp':  75 ,  'x':  2.4 ,  'y':  3.31 ,  'r':  0.4 ,  'type':  1} ,  {'idp':  77 ,  'x':  2.38 ,  'y':  4.06 ,  'r':  0.4 ,  'type':  1}]
61843,1398777814.7996106,[{'idp':  75 ,  'x':  2.41 ,  'y':  3.31 ,  'r':  0.4 ,  'type':  1} ,  {'idp':  77 ,  'x':  2.43 ,  'y':  4.05 ,  'r':  0.4 ,  'type':  1}]
61844,1398777814.8078995,[{'idp':  75 ,  'x':  2.43 ,  'y':  3.29 ,  'r':  0.4 ,  'type':  1} ,  {'idp':  77 ,  'x':  2.51 ,  'y':  4.06 ,  'r':  0.4 ,  'type':  1}]
61845,1398777814.8476214,[{'idp':  75 ,  'x':  2.46 ,  'y':  3.27 ,  'r':  0.4 ,  'type':  1} ,  {'idp':  77 ,  'x':  2.58 ,  'y':  4.06 ,  'r':  0.4 ,  'type':  1}]
61846,1398777814.8875823,[{'idp':  75 ,  'x':  2.48 ,  'y':  3.25 ,  'r':  0.4 ,  'type':  1} ,  {'idp':  77 ,  'x':  2.62 ,  'y':  4.07 ,  'r':  0.4 ,  'type':  1}]
61847,1398777814.8876107,[{'idp':  75 ,  'x':  2.53 ,  'y':  3.24 ,  'r':  0.4 ,  'type':  1} ,  {'idp':  77 ,  'x':  2.66 ,  'y':  4.06 ,  'r':  0.4 ,  'type':  1}]
61848,1398777814.9275777,[{'idp':  75 ,  'x':  2.54 ,  'y':  3.23 ,  'r':  0.4 ,  'type':  1} ,  {'idp':  77 ,  'x':  2.69 ,  'y':  4.07 ,  'r':  0.4 ,  'type':  1}]
61849,1398777814.9332857,[{'idp':  75 ,  'x':  2.54 ,  'y':  3.21 ,  'r':  0.4 ,  'type':  1} ,  {'idp':  77 ,  'x':  2.69 ,  'y':  4.05 ,  'r':  0.4 ,  'type':  1}]
61850,1398777814.9716141,[{'idp':  75 ,  'x':  2.55 ,  'y':  3.18 ,  'r':  0.4 ,  'type':  1} ,  {'idp':  77 ,  'x':  2.68 ,  'y':  4.04 ,  'r':  0.4 ,  'type':  1}]
61851,1398777815.0115447,[{'idp':  75 ,  'x':  2.52 ,  'y':  3.16 ,  'r':  0.4 ,  'type':  1} ,  {'idp':  77 ,  'x':  2.67 ,  'y':  4.08 ,  'r':  0.4 ,  'type':  1}]
61852,1398777815.0115788,[{'idp':  75 ,  'x':  2.5 ,  'y':  3.14 ,  'r':  0.4 ,  'type':  1} ,  {'idp':  77 ,  'x':  2.67 ,  'y':  4.07 ,  'r':  0.4 ,  'type':  1}]
61853,1398777815.051562,[{'idp':  75 ,  'x':  2.54 ,  'y':  3.1 ,  'r':  0.4 ,  'type':  1} ,  {'idp':  77 ,  'x':  2.72 ,  'y':  4.04 ,  'r':  0.4 ,  'type':  1}]
61854,1398777815.05825,[{'idp':  75 ,  'x':  2.6 ,  'y':  3.03 ,  'r':  0.4 ,  'type':  1} ,  {'idp':  77 ,  'x':  2.8 ,  'y':  3.97 ,  'r':  0.4 ,  'type':  1}]
61855,1398777815.0956311,[{'idp':  75 ,  'x':  2.62 ,  'y':  2.99 ,  'r':  0.4 ,  'type':  1} ,  {'idp':  77 ,  'x':  2.84 ,  'y':  3.94 ,  'r':  0.4 ,  'type':  1}]
61856,1398777815.1356063,[{'idp':  75 ,  'x':  2.65 ,  'y':  2.97 ,  'r':  0.4 ,  'type':  1} ,  {'idp':  77 ,  'x':  2.85 ,  'y':  3.92 ,  'r':  0.4 ,  'type':  1}]
61857,1398777815.1356382,[{'idp':  75 ,  'x':  2.67 ,  'y':  2.94 ,  'r':  0.4 ,  'type':  1} ,  {'idp':  77 ,  'x':  2.91 ,  'y':  3.88 ,  'r':  0.4 ,  'type':  1}]
61858,1398777815.1755729,[{'idp':  75 ,  'x':  2.71 ,  'y':  2.93 ,  'r':  0.4 ,  'type':  1} ,  {'idp':  77 ,  'x':  2.98 ,  'y':  3.85 ,  'r':  0.4 ,  'type':  1}]
61859,1398777815.1836176,[{'idp':  75 ,  'x':  2.77 ,  'y':  2.9 ,  'r':  0.4 ,  'type':  1} ,  {'idp':  77 ,  'x':  3.05 ,  'y':  3.8 ,  'r':  0.4 ,  'type':  1}]
61860,1398777815.2236402,[{'idp':  75 ,  'x':  2.86 ,  'y':  2.94 ,  'r':  0.4 ,  'type':  1} ,  {'idp':  77 ,  'x':  3.07 ,  'y':  3.79 ,  'r':  0.4 ,  'type':  1}]
61861,1398777815.2635946,[{'idp':  75 ,  'x':  2.93 ,  'y':  2.9 ,  'r':  0.4 ,  'type':  1} ,  {'idp':  77 ,  'x':  3.11 ,  'y':  3.74 ,  'r':  0.4 ,  'type':  1}]
61862,1398777815.2636225,[{'idp':  75 ,  'x':  3.0 ,  'y':  2.88 ,  'r':  0.4 ,  'type':  1} ,  {'idp':  77 ,  'x':  3.17 ,  'y':  3.7 ,  'r':  0.4 ,  'type':  1}]
61863,1398777815.3038423,[{'idp':  75 ,  'x':  3.03 ,  'y':  2.84 ,  'r':  0.4 ,  'type':  1} ,  {'idp':  77 ,  'x':  3.21 ,  'y':  3.67 ,  'r':  0.4 ,  'type':  1}]
61864,1398777815.309685,[{'idp':  75 ,  'x':  3.06 ,  'y':  2.84 ,  'r':  0.4 ,  'type':  1} ,  {'idp':  77 ,  'x':  3.23 ,  'y':  3.66 ,  'r':  0.4 ,  'type':  1}]
61865,1398777815.3476098,[{'idp':  75 ,  'x':  3.07 ,  'y':  2.83 ,  'r':  0.4 ,  'type':  1} ,  {'idp':  77 ,  'x':  3.22 ,  'y':  3.67 ,  'r':  0.4 ,  'type':  1}]
61866,1398777815.3875618,[{'idp':  75 ,  'x':  3.08 ,  'y':  2.81 ,  'r':  0.4 ,  'type':  1} ,  {'idp':  77 ,  'x':  3.23 ,  'y':  3.66 ,  'r':  0.4 ,  'type':  1}]
61867,1398777815.3875961,[{'idp':  75 ,  'x':  3.1 ,  'y':  2.81 ,  'r':  0.4 ,  'type':  1} ,  {'idp':  77 ,  'x':  3.25 ,  'y':  3.64 ,  'r':  0.4 ,  'type':  1}]
61868,1398777815.427544,[{'idp':  75 ,  'x':  3.11 ,  'y':  2.81 ,  'r':  0.4 ,  'type':  1} ,  {'idp':  77 ,  'x':  3.29 ,  'y':  3.63 ,  'r':  0.4 ,  'type':  1}]
61869,1398777815.4351685,[{'idp':  75 ,  'x':  3.11 ,  'y':  2.8 ,  'r':  0.4 ,  'type':  1} ,  {'idp':  77 ,  'x':  3.31 ,  'y':  3.58 ,  'r':  0.4 ,  'type':  1}]
61870,1398777815.4716356,[{'idp':  75 ,  'x':  3.09 ,  'y':  2.79 ,  'r':  0.4 ,  'type':  1} ,  {'idp':  77 ,  'x':  3.31 ,  'y':  3.55 ,  'r':  0.4 ,  'type':  1}]
61871,1398777815.5115588,[{'idp':  75 ,  'x':  3.09 ,  'y':  2.81 ,  'r':  0.4 ,  'type':  1} ,  {'idp':  77 ,  'x':  3.31 ,  'y':  3.54 ,  'r':  0.4 ,  'type':  1}]
61872,1398777815.5115788,[{'idp':  75 ,  'x':  3.11 ,  'y':  2.79 ,  'r':  0.4 ,  'type':  1} ,  {'idp':  77 ,  'x':  3.3 ,  'y':  3.51 ,  'r':  0.4 ,  'type':  1}]
61873,1398777815.5516157,[{'idp':  75 ,  'x':  3.11 ,  'y':  2.8 ,  'r':  0.4 ,  'type':  1} ,  {'idp':  77 ,  'x':  3.29 ,  'y':  3.5 ,  'r':  0.4 ,  'type':  1}]
61874,1398777815.5600162,[{'idp':  75 ,  'x':  3.12 ,  'y':  2.78 ,  'r':  0.4 ,  'type':  1} ,  {'idp':  77 ,  'x':  3.32 ,  'y':  3.53 ,  'r':  0.4 ,  'type':  1}]
61875,1398777815.599612,[{'idp':  75 ,  'x':  3.13 ,  'y':  2.79 ,  'r':  0.4 ,  'type':  1} ,  {'idp':  77 ,  'x':  3.35 ,  'y':  3.57 ,  'r':  0.4 ,  'type':  1}]
61876,1398777815.6395783,[{'idp':  75 ,  'x':  3.13 ,  'y':  2.79 ,  'r':  0.4 ,  'type':  1} ,  {'idp':  77 ,  'x':  3.37 ,  'y':  3.58 ,  'r':  0.4 ,  'type':  1}]
61877,1398777815.639608,[{'idp':  75 ,  'x':  3.15 ,  'y':  2.76 ,  'r':  0.4 ,  'type':  1} ,  {'idp':  77 ,  'x':  3.39 ,  'y':  3.55 ,  'r':  0.4 ,  'type':  1}]
61878,1398777815.6796026,[{'idp':  75 ,  'x':  3.17 ,  'y':  2.78 ,  'r':  0.4 ,  'type':  1} ,  {'idp':  77 ,  'x':  3.4 ,  'y':  3.58 ,  'r':  0.4 ,  'type':  1}]
61879,1398777815.6855676,[{'idp':  75 ,  'x':  3.18 ,  'y':  2.79 ,  'r':  0.4 ,  'type':  1} ,  {'idp':  77 ,  'x':  3.41 ,  'y':  3.58 ,  'r':  0.4 ,  'type':  1}]
61880,1398777815.7235732,[{'idp':  75 ,  'x':  3.18 ,  'y':  2.79 ,  'r':  0.4 ,  'type':  1} ,  {'idp':  77 ,  'x':  3.42 ,  'y':  3.6 ,  'r':  0.4 ,  'type':  1}]
61881,1398777815.7636507,[{'idp':  75 ,  'x':  3.18 ,  'y':  2.8 ,  'r':  0.4 ,  'type':  1} ,  {'idp':  77 ,  'x':  3.42 ,  'y':  3.6 ,  'r':  0.4 ,  'type':  1}]
61882,1398777815.763684,[{'idp':  75 ,  'x':  3.18 ,  'y':  2.79 ,  'r':  0.4 ,  'type':  1} ,  {'idp':  77 ,  'x':  3.43 ,  'y':  3.58 ,  'r':  0.4 ,  'type':  1}]
61883,1398777815.8036203,[{'idp':  75 ,  'x':  3.19 ,  'y':  2.77 ,  'r':  0.4 ,  'type':  1} ,  {'idp':  77 ,  'x':  3.45 ,  'y':  3.58 ,  'r':  0.4 ,  'type':  1}]
61884,1398777815.8107488,[{'idp':  75 ,  'x':  3.2 ,  'y':  2.77 ,  'r':  0.4 ,  'type':  1} ,  {'idp':  77 ,  'x':  3.47 ,  'y':  3.57 ,  'r':  0.4 ,  'type':  1}]
61885,1398777815.8475544,[{'idp':  75 ,  'x':  3.2 ,  'y':  2.76 ,  'r':  0.4 ,  'type':  1} ,  {'idp':  77 ,  'x':  3.45 ,  'y':  3.57 ,  'r':  0.4 ,  'type':  1}]
61886,1398777815.887591,[{'idp':  75 ,  'x':  3.2 ,  'y':  2.75 ,  'r':  0.4 ,  'type':  1} ,  {'idp':  77 ,  'x':  3.45 ,  'y':  3.56 ,  'r':  0.4 ,  'type':  1}]
61887,1398777815.887622,[{'idp':  75 ,  'x':  3.2 ,  'y':  2.74 ,  'r':  0.4 ,  'type':  1} ,  {'idp':  77 ,  'x':  3.46 ,  'y':  3.55 ,  'r':  0.4 ,  'type':  1}]
61888,1398777815.9276116,[{'idp':  75 ,  'x':  3.2 ,  'y':  2.72 ,  'r':  0.4 ,  'type':  1} ,  {'idp':  77 ,  'x':  3.43 ,  'y':  3.51 ,  'r':  0.4 ,  'type':  1}]
61889,1398777815.9360526,[{'idp':  75 ,  'x':  3.19 ,  'y':  2.7 ,  'r':  0.4 ,  'type':  1} ,  {'idp':  77 ,  'x':  3.41 ,  'y':  3.5 ,  'r':  0.4 ,  'type':  1}]
61890,1398777815.97565,[{'idp':  75 ,  'x':  3.18 ,  'y':  2.69 ,  'r':  0.4 ,  'type':  1} ,  {'idp':  77 ,  'x':  3.43 ,  'y':  3.49 ,  'r':  0.4 ,  'type':  1}]
61891,1398777816.0155754,[{'idp':  75 ,  'x':  3.17 ,  'y':  2.66 ,  'r':  0.4 ,  'type':  1} ,  {'idp':  77 ,  'x':  3.48 ,  'y':  3.48 ,  'r':  0.4 ,  'type':  1}]
61892,1398777816.015604,[{'idp':  75 ,  'x':  3.2 ,  'y':  2.65 ,  'r':  0.4 ,  'type':  1} ,  {'idp':  77 ,  'x':  3.52 ,  'y':  3.49 ,  'r':  0.4 ,  'type':  1}]
61893,1398777816.0556257,[{'idp':  75 ,  'x':  3.23 ,  'y':  2.65 ,  'r':  0.4 ,  'type':  1} ,  {'idp':  77 ,  'x':  3.56 ,  'y':  3.5 ,  'r':  0.4 ,  'type':  1}]
61894,1398777816.061758,[{'idp':  75 ,  'x':  3.25 ,  'y':  2.66 ,  'r':  0.4 ,  'type':  1} ,  {'idp':  77 ,  'x':  3.58 ,  'y':  3.52 ,  'r':  0.4 ,  'type':  1}]
61895,1398777816.099642,[{'idp':  75 ,  'x':  3.24 ,  'y':  2.67 ,  'r':  0.4 ,  'type':  1} ,  {'idp':  77 ,  'x':  3.59 ,  'y':  3.54 ,  'r':  0.4 ,  'type':  1}]
61896,1398777816.1395884,[{'idp':  75 ,  'x':  3.27 ,  'y':  2.66 ,  'r':  0.4 ,  'type':  1} ,  {'idp':  77 ,  'x':  3.6 ,  'y':  3.52 ,  'r':  0.4 ,  'type':  1}]
61897,1398777816.139619,[{'idp':  75 ,  'x':  3.28 ,  'y':  2.65 ,  'r':  0.4 ,  'type':  1} ,  {'idp':  77 ,  'x':  3.63 ,  'y':  3.49 ,  'r':  0.4 ,  'type':  1}]
61898,1398777816.1796424,[{'idp':  75 ,  'x':  3.29 ,  'y':  2.64 ,  'r':  0.4 ,  'type':  1} ,  {'idp':  77 ,  'x':  3.63 ,  'y':  3.48 ,  'r':  0.4 ,  'type':  1}]
61899,1398777816.1869206,[{'idp':  75 ,  'x':  3.31 ,  'y':  2.64 ,  'r':  0.4 ,  'type':  1} ,  {'idp':  77 ,  'x':  3.62 ,  'y':  3.47 ,  'r':  0.4 ,  'type':  1}]
61900,1398777816.2236116,[{'idp':  75 ,  'x':  3.31 ,  'y':  2.64 ,  'r':  0.4 ,  'type':  1} ,  {'idp':  77 ,  'x':  3.63 ,  'y':  3.48 ,  'r':  0.4 ,  'type':  1}]
61901,1398777816.2635775,[{'idp':  75 ,  'x':  3.31 ,  'y':  2.64 ,  'r':  0.4 ,  'type':  1} ,  {'idp':  77 ,  'x':  3.62 ,  'y':  3.5 ,  'r':  0.4 ,  'type':  1}]
61902,1398777816.2636108,[{'idp':  75 ,  'x':  3.31 ,  'y':  2.64 ,  'r':  0.4 ,  'type':  1} ,  {'idp':  77 ,  'x':  3.59 ,  'y':  3.52 ,  'r':  0.4 ,  'type':  1}]
61903,1398777816.303651,[{'idp':  75 ,  'x':  3.28 ,  'y':  2.65 ,  'r':  0.4 ,  'type':  1} ,  {'idp':  77 ,  'x':  3.56 ,  'y':  3.55 ,  'r':  0.4 ,  'type':  1}]
61904,1398777816.3122597,[{'idp':  75 ,  'x':  3.27 ,  'y':  2.65 ,  'r':  0.4 ,  'type':  1} ,  {'idp':  77 ,  'x':  3.53 ,  'y':  3.59 ,  'r':  0.4 ,  'type':  1}]
61905,1398777816.3515878,[{'idp':  75 ,  'x':  3.27 ,  'y':  2.66 ,  'r':  0.4 ,  'type':  1} ,  {'idp':  77 ,  'x':  3.56 ,  'y':  3.54 ,  'r':  0.4 ,  'type':  1}]
61906,1398777816.391595,[{'idp':  75 ,  'x':  3.27 ,  'y':  2.62 ,  'r':  0.4 ,  'type':  1} ,  {'idp':  77 ,  'x':  3.58 ,  'y':  3.52 ,  'r':  0.4 ,  'type':  1}]
61907,1398777816.391616,[{'idp':  75 ,  'x':  3.26 ,  'y':  2.57 ,  'r':  0.4 ,  'type':  1} ,  {'idp':  77 ,  'x':  3.62 ,  'y':  3.44 ,  'r':  0.4 ,  'type':  1}]
61908,1398777816.4316216,[{'idp':  75 ,  'x':  3.28 ,  'y':  2.54 ,  'r':  0.4 ,  'type':  1} ,  {'idp':  77 ,  'x':  3.7 ,  'y':  3.43 ,  'r':  0.4 ,  'type':  1}]
61909,1398777816.43791,[{'idp':  75 ,  'x':  3.28 ,  'y':  2.53 ,  'r':  0.4 ,  'type':  1} ,  {'idp':  77 ,  'x':  3.7 ,  'y':  3.44 ,  'r':  0.4 ,  'type':  1}]
61910,1398777816.4756277,[{'idp':  75 ,  'x':  3.24 ,  'y':  2.54 ,  'r':  0.4 ,  'type':  1} ,  {'idp':  77 ,  'x':  3.69 ,  'y':  3.47 ,  'r':  0.4 ,  'type':  1}]
61911,1398777816.5156286,[{'idp':  75 ,  'x':  3.19 ,  'y':  2.56 ,  'r':  0.4 ,  'type':  1} ,  {'idp':  77 ,  'x':  3.66 ,  'y':  3.49 ,  'r':  0.4 ,  'type':  1}]
61912,1398777816.5156631,[{'idp':  75 ,  'x':  3.1 ,  'y':  2.56 ,  'r':  0.4 ,  'type':  1} ,  {'idp':  77 ,  'x':  3.63 ,  'y':  3.52 ,  'r':  0.4 ,  'type':  1}]
61913,1398777816.5557034,[{'idp':  75 ,  'x':  3.07 ,  'y':  2.52 ,  'r':  0.4 ,  'type':  1} ,  {'idp':  77 ,  'x':  3.61 ,  'y':  3.53 ,  'r':  0.4 ,  'type':  1}]
61914,1398777816.5634131,[{'idp':  75 ,  'x':  3.04 ,  'y':  2.44 ,  'r':  0.4 ,  'type':  1} ,  {'idp':  77 ,  'x':  3.63 ,  'y':  3.5 ,  'r':  0.4 ,  'type':  1}]
61915,1398777816.5995746,[{'idp':  75 ,  'x':  2.94 ,  'y':  2.27 ,  'r':  0.4 ,  'type':  1} ,  {'idp':  77 ,  'x':  3.65 ,  'y':  3.49 ,  'r':  0.4 ,  'type':  1}]
61916,1398777816.6396275,[{'idp':  75 ,  'x':  2.86 ,  'y':  2.09 ,  'r':  0.4 ,  'type':  1} ,  {'idp':  77 ,  'x':  3.65 ,  'y':  3.49 ,  'r':  0.4 ,  'type':  1}]
61917,1398777816.639656,[{'idp':  75 ,  'x':  2.81 ,  'y':  2.02 ,  'r':  0.4 ,  'type':  1} ,  {'idp':  77 ,  'x':  3.62 ,  'y':  3.48 ,  'r':  0.4 ,  'type':  1}]
61918,1398777816.679619,[{'idp':  75 ,  'x':  2.75 ,  'y':  1.95 ,  'r':  0.4 ,  'type':  1} ,  {'idp':  77 ,  'x':  3.6 ,  'y':  3.5 ,  'r':  0.4 ,  'type':  1}]
61919,1398777816.690637,[{'idp':  75 ,  'x':  2.71 ,  'y':  1.86 ,  'r':  0.4 ,  'type':  1} ,  {'idp':  77 ,  'x':  3.58 ,  'y':  3.55 ,  'r':  0.4 ,  'type':  1}]
61920,1398777816.7275908,[{'idp':  75 ,  'x':  2.7 ,  'y':  1.82 ,  'r':  0.4 ,  'type':  1} ,  {'idp':  77 ,  'x':  3.55 ,  'y':  3.59 ,  'r':  0.4 ,  'type':  1}]
61921,1398777816.7675948,[{'idp':  75 ,  'x':  2.69 ,  'y':  1.8 ,  'r':  0.4 ,  'type':  1} ,  {'idp':  77 ,  'x':  3.57 ,  'y':  3.61 ,  'r':  0.4 ,  'type':  1}]
61922,1398777816.7676256,[{'idp':  75 ,  'x':  2.68 ,  'y':  1.79 ,  'r':  0.4 ,  'type':  1} ,  {'idp':  77 ,  'x':  3.57 ,  'y':  3.62 ,  'r':  0.4 ,  'type':  1}]
61923,1398777816.8076873,[{'idp':  75 ,  'x':  2.64 ,  'y':  1.81 ,  'r':  0.4 ,  'type':  1} ,  {'idp':  77 ,  'x':  3.55 ,  'y':  3.64 ,  'r':  0.4 ,  'type':  1}]
61924,1398777816.8152647,[{'idp':  75 ,  'x':  2.61 ,  'y':  1.83 ,  'r':  0.4 ,  'type':  1} ,  {'idp':  77 ,  'x':  3.49 ,  'y':  3.63 ,  'r':  0.4 ,  'type':  1}]
61925,1398777816.8515735,[{'idp':  75 ,  'x':  2.6 ,  'y':  1.85 ,  'r':  0.4 ,  'type':  1} ,  {'idp':  77 ,  'x':  3.48 ,  'y':  3.64 ,  'r':  0.4 ,  'type':  1}]
61926,1398777816.8916097,[{'idp':  75 ,  'x':  2.59 ,  'y':  1.84 ,  'r':  0.4 ,  'type':  1} ,  {'idp':  77 ,  'x':  3.5 ,  'y':  3.63 ,  'r':  0.4 ,  'type':  1}]
61927,1398777816.8916428,[{'idp':  75 ,  'x':  2.59 ,  'y':  1.83 ,  'r':  0.4 ,  'type':  1} ,  {'idp':  77 ,  'x':  3.5 ,  'y':  3.61 ,  'r':  0.4 ,  'type':  1}]
61928,1398777816.9316268,[{'idp':  75 ,  'x':  2.57 ,  'y':  1.83 ,  'r':  0.4 ,  'type':  1} ,  {'idp':  77 ,  'x':  3.49 ,  'y':  3.62 ,  'r':  0.4 ,  'type':  1}]
61929,1398777816.9397907,[{'idp':  75 ,  'x':  2.55 ,  'y':  1.84 ,  'r':  0.4 ,  'type':  1} ,  {'idp':  77 ,  'x':  3.44 ,  'y':  3.65 ,  'r':  0.4 ,  'type':  1}]
61930,1398777816.9796178,[{'idp':  75 ,  'x':  2.53 ,  'y':  1.86 ,  'r':  0.4 ,  'type':  1} ,  {'idp':  77 ,  'x':  3.41 ,  'y':  3.68 ,  'r':  0.4 ,  'type':  1}]
61931,1398777817.0195696,[{'idp':  75 ,  'x':  2.48 ,  'y':  1.85 ,  'r':  0.4 ,  'type':  1} ,  {'idp':  77 ,  'x':  3.37 ,  'y':  3.7 ,  'r':  0.4 ,  'type':  1}]
61932,1398777817.0196013,[{'idp':  75 ,  'x':  2.46 ,  'y':  1.85 ,  'r':  0.4 ,  'type':  1} ,  {'idp':  77 ,  'x':  3.34 ,  'y':  3.69 ,  'r':  0.4 ,  'type':  1}]
61933,1398777817.059595,[{'idp':  75 ,  'x':  2.47 ,  'y':  1.87 ,  'r':  0.4 ,  'type':  1} ,  {'idp':  77 ,  'x':  3.37 ,  'y':  3.68 ,  'r':  0.4 ,  'type':  1}]
61934,1398777817.0646176,[{'idp':  75 ,  'x':  2.45 ,  'y':  1.89 ,  'r':  0.4 ,  'type':  1} ,  {'idp':  77 ,  'x':  3.34 ,  'y':  3.63 ,  'r':  0.4 ,  'type':  1}]
61935,1398777817.103648,[{'idp':  75 ,  'x':  2.44 ,  'y':  1.9 ,  'r':  0.4 ,  'type':  1} ,  {'idp':  77 ,  'x':  3.37 ,  'y':  3.6 ,  'r':  0.4 ,  'type':  1}]
61936,1398777817.1435752,[{'idp':  75 ,  'x':  2.43 ,  'y':  1.91 ,  'r':  0.4 ,  'type':  1} ,  {'idp':  77 ,  'x':  3.39 ,  'y':  3.62 ,  'r':  0.4 ,  'type':  1}]
61937,1398777817.143605,[{'idp':  75 ,  'x':  2.4 ,  'y':  1.92 ,  'r':  0.4 ,  'type':  1} ,  {'idp':  77 ,  'x':  3.39 ,  'y':  3.65 ,  'r':  0.4 ,  'type':  1}]
61938,1398777817.183638,[{'idp':  75 ,  'x':  2.38 ,  'y':  1.92 ,  'r':  0.4 ,  'type':  1} ,  {'idp':  77 ,  'x':  3.38 ,  'y':  3.68 ,  'r':  0.4 ,  'type':  1}]
61939,1398777817.1922832,[{'idp':  75 ,  'x':  2.37 ,  'y':  1.93 ,  'r':  0.4 ,  'type':  1} ,  {'idp':  77 ,  'x':  3.38 ,  'y':  3.68 ,  'r':  0.4 ,  'type':  1}]
61940,1398777817.2316175,[{'idp':  75 ,  'x':  2.37 ,  'y':  1.93 ,  'r':  0.4 ,  'type':  1} ,  {'idp':  77 ,  'x':  3.38 ,  'y':  3.68 ,  'r':  0.4 ,  'type':  1}]
61941,1398777817.2715838,[{'idp':  75 ,  'x':  2.36 ,  'y':  1.93 ,  'r':  0.4 ,  'type':  1} ,  {'idp':  77 ,  'x':  3.38 ,  'y':  3.68 ,  'r':  0.4 ,  'type':  1}]
61942,1398777817.2716153,[{'idp':  75 ,  'x':  2.37 ,  'y':  1.93 ,  'r':  0.4 ,  'type':  1} ,  {'idp':  77 ,  'x':  3.38 ,  'y':  3.68 ,  'r':  0.4 ,  'type':  1}]
61943,1398777817.3117046,[{'idp':  75 ,  'x':  2.35 ,  'y':  1.97 ,  'r':  0.4 ,  'type':  1} ,  {'idp':  77 ,  'x':  3.54 ,  'y':  3.76 ,  'r':  0.4 ,  'type':  1}]
61944,1398777817.3159873,[{'idp':  75 ,  'x':  2.34 ,  'y':  1.96 ,  'r':  0.4 ,  'type':  1} ,  {'idp':  77 ,  'x':  3.54 ,  'y':  3.76 ,  'r':  0.4 ,  'type':  1}]
61945,1398777817.3555992,[{'idp':  75 ,  'x':  2.3 ,  'y':  1.95 ,  'r':  0.4 ,  'type':  1} ,  {'idp':  77 ,  'x':  3.54 ,  'y':  3.76 ,  'r':  0.4 ,  'type':  1}]
61946,1398777817.3955731,[{'idp':  75 ,  'x':  2.27 ,  'y':  1.96 ,  'r':  0.4 ,  'type':  1} ,  {'idp':  77 ,  'x':  3.54 ,  'y':  3.76 ,  'r':  0.4 ,  'type':  1}]
61947,1398777817.3956034,[{'idp':  75 ,  'x':  2.26 ,  'y':  1.96 ,  'r':  0.4 ,  'type':  1} ,  {'idp':  77 ,  'x':  3.54 ,  'y':  3.76 ,  'r':  0.4 ,  'type':  1}]
61948,1398777817.4356587,[{'idp':  75 ,  'x':  2.25 ,  'y':  1.96 ,  'r':  0.4 ,  'type':  1} ,  {'idp':  77 ,  'x':  3.54 ,  'y':  3.76 ,  'r':  0.4 ,  'type':  1}]
61949,1398777817.4407706,[{'idp':  75 ,  'x':  2.24 ,  'y':  1.97 ,  'r':  0.4 ,  'type':  1} ,  {'idp':  77 ,  'x':  3.54 ,  'y':  3.76 ,  'r':  0.4 ,  'type':  1}]
61950,1398777817.4795876,[{'idp':  75 ,  'x':  2.23 ,  'y':  1.97 ,  'r':  0.4 ,  'type':  1} ,  {'idp':  77 ,  'x':  3.54 ,  'y':  3.76 ,  'r':  0.4 ,  'type':  1}]
61951,1398777817.5196157,[{'idp':  75 ,  'x':  2.22 ,  'y':  1.96 ,  'r':  0.4 ,  'type':  1} ,  {'idp':  77 ,  'x':  3.54 ,  'y':  3.76 ,  'r':  0.4 ,  'type':  1}]
61952,1398777817.519652,[{'idp':  75 ,  'x':  2.22 ,  'y':  1.95 ,  'r':  0.4 ,  'type':  1} ,  {'idp':  77 ,  'x':  3.54 ,  'y':  3.76 ,  'r':  0.4 ,  'type':  1}]
61953,1398777817.5596046,[{'idp':  75 ,  'x':  2.2 ,  'y':  1.95 ,  'r':  0.4 ,  'type':  1} ,  {'idp':  77 ,  'x':  3.54 ,  'y':  3.76 ,  'r':  0.4 ,  'type':  1}]
61954,1398777817.5681655,[{'idp':  75 ,  'x':  2.18 ,  'y':  1.96 ,  'r':  0.4 ,  'type':  1} ,  {'idp':  77 ,  'x':  3.54 ,  'y':  3.76 ,  'r':  0.4 ,  'type':  1}]
61955,1398777817.6076097,[{'idp':  75 ,  'x':  2.17 ,  'y':  1.96 ,  'r':  0.4 ,  'type':  1} ,  {'idp':  77 ,  'x':  3.54 ,  'y':  3.76 ,  'r':  0.4 ,  'type':  1}]
61956,1398777817.6475635,[{'idp':  75 ,  'x':  2.16 ,  'y':  1.96 ,  'r':  0.4 ,  'type':  1} ,  {'idp':  77 ,  'x':  3.54 ,  'y':  3.76 ,  'r':  0.4 ,  'type':  1}]
61957,1398777817.647596,[]
61958,1398777817.6876838,[]
61959,1398777817.6919942,[]
61960,1398777817.7316506,[]
61961,1398777817.771604,[]
61962,1398777817.7716386,[]
61963,1398777817.8116214,[]
61964,1398777817.819458,[]
61965,1398777817.8555937,[]
61966,1398777817.8960207,[]
61967,1398777817.8960497,[]
61968,1398777817.9356167,[]
61969,1398777817.9478807,[]
61970,1398777817.9877124,[]
61971,1398777818.027626,[]
61972,1398777818.0276663,[]
61973,1398777818.0675719,[]
61974,1398777818.0718317,[]
61975,1398777818.111626,[]
61976,1398777818.151597,[]
61977,1398777818.1516259,[]
61978,1398777818.19164,[]
61979,1398777818.1961715,[]
61980,1398777818.2355733,[]
61981,1398777818.2756028,[]
61982,1398777818.2756336,[]
61983,1398777818.3155775,[]
61984,1398777818.3207865,[]
61985,1398777818.3596103,[]
61986,1398777818.3996336,[]
61987,1398777818.3996575,[]
61988,1398777818.4396594,[]
61989,1398777818.444106,[]
61990,1398777818.4836311,[]
61991,1398777818.5236,[]
61992,1398777818.5236309,[]
61993,1398777818.5636232,[]
61994,1398777818.569477,[]
61995,1398777818.6076374,[]
61996,1398777818.6475866,[]
61997,1398777818.6476245,[]
61998,1398777818.6876426,[]
61999,1398777818.6955435,[]
62000,1398777818.7315662,[]
62001,1398777818.7715952,[{'idp':  78 ,  'x':  3.61 ,  'y':  2.78 ,  'r':  0.2 ,  'type':  1} ,  {'idp':  79 ,  'x':  3.9 ,  'y':  3.53 ,  'r':  0.2 ,  'type':  1}]
62002,1398777818.7716253,[{'idp':  78 ,  'x':  3.58 ,  'y':  2.78 ,  'r':  0.2 ,  'type':  1} ,  {'idp':  79 ,  'x':  3.95 ,  'y':  3.56 ,  'r':  0.2 ,  'type':  1}]
62003,1398777818.8115835,[{'idp':  78 ,  'x':  3.59 ,  'y':  2.77 ,  'r':  0.2 ,  'type':  1} ,  {'idp':  79 ,  'x':  3.93 ,  'y':  3.59 ,  'r':  0.2 ,  'type':  1}]
62004,1398777818.8205173,[{'idp':  78 ,  'x':  3.58 ,  'y':  2.75 ,  'r':  0.2 ,  'type':  1} ,  {'idp':  79 ,  'x':  3.94 ,  'y':  3.59 ,  'r':  0.2 ,  'type':  1}]
62005,1398777818.8596423,[{'idp':  78 ,  'x':  3.55 ,  'y':  2.71 ,  'r':  0.2 ,  'type':  1} ,  {'idp':  79 ,  'x':  3.98 ,  'y':  3.57 ,  'r':  0.2 ,  'type':  1}]
62006,1398777818.8995955,[{'idp':  78 ,  'x':  3.53 ,  'y':  2.72 ,  'r':  0.2 ,  'type':  1} ,  {'idp':  79 ,  'x':  3.98 ,  'y':  3.56 ,  'r':  0.2 ,  'type':  1}]
62007,1398777818.8996232,[{'idp':  78 ,  'x':  3.51 ,  'y':  2.72 ,  'r':  0.2 ,  'type':  1} ,  {'idp':  79 ,  'x':  3.99 ,  'y':  3.55 ,  'r':  0.2 ,  'type':  1}]
62008,1398777818.9395826,[{'idp':  78 ,  'x':  3.5 ,  'y':  2.71 ,  'r':  0.2 ,  'type':  1} ,  {'idp':  79 ,  'x':  4.0 ,  'y':  3.54 ,  'r':  0.2 ,  'type':  1}]
62009,1398777818.945916,[{'idp':  78 ,  'x':  3.48 ,  'y':  2.71 ,  'r':  0.2 ,  'type':  1} ,  {'idp':  79 ,  'x':  4.01 ,  'y':  3.53 ,  'r':  0.2 ,  'type':  1}]
62010,1398777818.9836516,[{'idp':  78 ,  'x':  3.47 ,  'y':  2.71 ,  'r':  0.2 ,  'type':  1} ,  {'idp':  79 ,  'x':  4.01 ,  'y':  3.52 ,  'r':  0.2 ,  'type':  1}]
62011,1398777819.023653,[{'idp':  78 ,  'x':  3.47 ,  'y':  2.71 ,  'r':  0.2 ,  'type':  1} ,  {'idp':  79 ,  'x':  4.01 ,  'y':  3.51 ,  'r':  0.2 ,  'type':  1}]
62012,1398777819.0236855,[{'idp':  78 ,  'x':  3.47 ,  'y':  2.71 ,  'r':  0.2 ,  'type':  1} ,  {'idp':  79 ,  'x':  4.02 ,  'y':  3.46 ,  'r':  0.2 ,  'type':  1}]
62013,1398777819.063616,[{'idp':  78 ,  'x':  3.5 ,  'y':  2.69 ,  'r':  0.2 ,  'type':  1} ,  {'idp':  79 ,  'x':  4.02 ,  'y':  3.45 ,  'r':  0.2 ,  'type':  1}]
62014,1398777819.0708761,[{'idp':  78 ,  'x':  3.5 ,  'y':  2.68 ,  'r':  0.2 ,  'type':  1} ,  {'idp':  79 ,  'x':  4.03 ,  'y':  3.4 ,  'r':  0.2 ,  'type':  1}]
62015,1398777819.1075685,[{'idp':  78 ,  'x':  3.52 ,  'y':  2.67 ,  'r':  0.2 ,  'type':  1} ,  {'idp':  79 ,  'x':  4.02 ,  'y':  3.4 ,  'r':  0.2 ,  'type':  1}]
62016,1398777819.1475608,[{'idp':  78 ,  'x':  3.52 ,  'y':  2.69 ,  'r':  0.2 ,  'type':  1} ,  {'idp':  79 ,  'x':  4.0 ,  'y':  3.43 ,  'r':  0.2 ,  'type':  1}]
62017,1398777819.147591,[{'idp':  78 ,  'x':  3.49 ,  'y':  2.71 ,  'r':  0.2 ,  'type':  1} ,  {'idp':  79 ,  'x':  3.97 ,  'y':  3.45 ,  'r':  0.2 ,  'type':  1}]
62018,1398777819.187678,[{'idp':  78 ,  'x':  3.5 ,  'y':  2.72 ,  'r':  0.2 ,  'type':  1} ,  {'idp':  79 ,  'x':  3.94 ,  'y':  3.46 ,  'r':  0.2 ,  'type':  1}]
62019,1398777819.1967826,[{'idp':  78 ,  'x':  3.49 ,  'y':  2.7 ,  'r':  0.2 ,  'type':  1} ,  {'idp':  79 ,  'x':  3.96 ,  'y':  3.45 ,  'r':  0.2 ,  'type':  1}]
62020,1398777819.2355623,[{'idp':  78 ,  'x':  3.51 ,  'y':  2.69 ,  'r':  0.2 ,  'type':  1} ,  {'idp':  79 ,  'x':  3.95 ,  'y':  3.43 ,  'r':  0.2 ,  'type':  1}]
62021,1398777819.275662,[{'idp':  78 ,  'x':  3.49 ,  'y':  2.7 ,  'r':  0.2 ,  'type':  1} ,  {'idp':  79 ,  'x':  3.93 ,  'y':  3.46 ,  'r':  0.2 ,  'type':  1}]
62022,1398777819.2756824,[{'idp':  78 ,  'x':  3.49 ,  'y':  2.71 ,  'r':  0.2 ,  'type':  1} ,  {'idp':  79 ,  'x':  3.89 ,  'y':  3.47 ,  'r':  0.2 ,  'type':  1}]
62023,1398777819.3156588,[{'idp':  78 ,  'x':  3.53 ,  'y':  2.72 ,  'r':  0.2 ,  'type':  1} ,  {'idp':  79 ,  'x':  3.89 ,  'y':  3.47 ,  'r':  0.2 ,  'type':  1}]
62024,1398777819.3225396,[{'idp':  78 ,  'x':  3.58 ,  'y':  2.7 ,  'r':  0.2 ,  'type':  1} ,  {'idp':  79 ,  'x':  3.9 ,  'y':  3.45 ,  'r':  0.2 ,  'type':  1}]
62025,1398777819.359612,[{'idp':  78 ,  'x':  3.6 ,  'y':  2.65 ,  'r':  0.2 ,  'type':  1} ,  {'idp':  79 ,  'x':  3.93 ,  'y':  3.42 ,  'r':  0.2 ,  'type':  1}]
62026,1398777819.399635,[{'idp':  78 ,  'x':  3.64 ,  'y':  2.65 ,  'r':  0.2 ,  'type':  1} ,  {'idp':  79 ,  'x':  3.97 ,  'y':  3.39 ,  'r':  0.2 ,  'type':  1}]
62027,1398777819.3996618,[{'idp':  78 ,  'x':  3.67 ,  'y':  2.64 ,  'r':  0.2 ,  'type':  1} ,  {'idp':  79 ,  'x':  3.98 ,  'y':  3.39 ,  'r':  0.2 ,  'type':  1}]
62028,1398777819.4396262,[{'idp':  78 ,  'x':  3.66 ,  'y':  2.64 ,  'r':  0.2 ,  'type':  1} ,  {'idp':  79 ,  'x':  3.96 ,  'y':  3.38 ,  'r':  0.2 ,  'type':  1}]
62029,1398777819.447531,[{'idp':  78 ,  'x':  3.66 ,  'y':  2.63 ,  'r':  0.2 ,  'type':  1} ,  {'idp':  79 ,  'x':  3.96 ,  'y':  3.38 ,  'r':  0.2 ,  'type':  1}]
62030,1398777819.4876976,[{'idp':  78 ,  'x':  3.71 ,  'y':  2.63 ,  'r':  0.2 ,  'type':  1} ,  {'idp':  79 ,  'x':  3.99 ,  'y':  3.35 ,  'r':  0.2 ,  'type':  1}]
62031,1398777819.5276723,[{'idp':  78 ,  'x':  3.77 ,  'y':  2.65 ,  'r':  0.2 ,  'type':  1} ,  {'idp':  79 ,  'x':  4.04 ,  'y':  3.3 ,  'r':  0.2 ,  'type':  1}]
62032,1398777819.5277512,[{'idp':  78 ,  'x':  3.8 ,  'y':  2.64 ,  'r':  0.2 ,  'type':  1} ,  {'idp':  79 ,  'x':  4.11 ,  'y':  3.23 ,  'r':  0.2 ,  'type':  1}]
62033,1398777819.567667,[{'idp':  78 ,  'x':  3.82 ,  'y':  2.63 ,  'r':  0.2 ,  'type':  1} ,  {'idp':  79 ,  'x':  4.14 ,  'y':  3.21 ,  'r':  0.2 ,  'type':  1}]
62034,1398777819.5736318,[{'idp':  78 ,  'x':  3.83 ,  'y':  2.63 ,  'r':  0.2 ,  'type':  1} ,  {'idp':  79 ,  'x':  4.13 ,  'y':  3.24 ,  'r':  0.2 ,  'type':  1}]
62035,1398777819.611558,[{'idp':  78 ,  'x':  3.82 ,  'y':  2.63 ,  'r':  0.2 ,  'type':  1} ,  {'idp':  79 ,  'x':  4.14 ,  'y':  3.23 ,  'r':  0.2 ,  'type':  1}]
62036,1398777819.651612,[{'idp':  78 ,  'x':  3.83 ,  'y':  2.63 ,  'r':  0.2 ,  'type':  1} ,  {'idp':  79 ,  'x':  4.18 ,  'y':  3.22 ,  'r':  0.2 ,  'type':  1}]
62037,1398777819.6516378,[{'idp':  78 ,  'x':  3.84 ,  'y':  2.62 ,  'r':  0.2 ,  'type':  1} ,  {'idp':  79 ,  'x':  4.24 ,  'y':  3.2 ,  'r':  0.2 ,  'type':  1}]
62038,1398777819.6916423,[{'idp':  78 ,  'x':  3.85 ,  'y':  2.62 ,  'r':  0.2 ,  'type':  1} ,  {'idp':  79 ,  'x':  4.32 ,  'y':  3.27 ,  'r':  0.2 ,  'type':  1}]
62039,1398777819.697897,[{'idp':  78 ,  'x':  3.86 ,  'y':  2.61 ,  'r':  0.2 ,  'type':  1} ,  {'idp':  79 ,  'x':  4.32 ,  'y':  3.31 ,  'r':  0.2 ,  'type':  1}]
62040,1398777819.7356522,[{'idp':  78 ,  'x':  3.84 ,  'y':  2.62 ,  'r':  0.2 ,  'type':  1} ,  {'idp':  79 ,  'x':  4.31 ,  'y':  3.34 ,  'r':  0.2 ,  'type':  1}]
62041,1398777819.7755773,[{'idp':  78 ,  'x':  3.82 ,  'y':  2.62 ,  'r':  0.2 ,  'type':  1} ,  {'idp':  79 ,  'x':  4.3 ,  'y':  3.33 ,  'r':  0.2 ,  'type':  1}]
62042,1398777819.7755945,[{'idp':  78 ,  'x':  3.78 ,  'y':  2.63 ,  'r':  0.2 ,  'type':  1} ,  {'idp':  79 ,  'x':  4.31 ,  'y':  3.31 ,  'r':  0.2 ,  'type':  1}]
62043,1398777819.8156283,[{'idp':  78 ,  'x':  3.73 ,  'y':  2.66 ,  'r':  0.2 ,  'type':  1} ,  {'idp':  79 ,  'x':  4.29 ,  'y':  3.32 ,  'r':  0.2 ,  'type':  1}]
62044,1398777819.8240356,[{'idp':  78 ,  'x':  3.72 ,  'y':  2.67 ,  'r':  0.2 ,  'type':  1} ,  {'idp':  79 ,  'x':  4.28 ,  'y':  3.31 ,  'r':  0.2 ,  'type':  1}]
62045,1398777819.8636007,[{'idp':  78 ,  'x':  3.73 ,  'y':  2.67 ,  'r':  0.2 ,  'type':  1} ,  {'idp':  79 ,  'x':  4.28 ,  'y':  3.31 ,  'r':  0.2 ,  'type':  1}]
62046,1398777819.9036148,[{'idp':  78 ,  'x':  3.72 ,  'y':  2.67 ,  'r':  0.2 ,  'type':  1} ,  {'idp':  79 ,  'x':  4.27 ,  'y':  3.31 ,  'r':  0.2 ,  'type':  1}]
62047,1398777819.9036853,[{'idp':  78 ,  'x':  3.74 ,  'y':  2.65 ,  'r':  0.2 ,  'type':  1} ,  {'idp':  79 ,  'x':  4.28 ,  'y':  3.3 ,  'r':  0.2 ,  'type':  1}]
62048,1398777819.9476595,[{'idp':  78 ,  'x':  3.74 ,  'y':  2.63 ,  'r':  0.2 ,  'type':  1} ,  {'idp':  79 ,  'x':  4.29 ,  'y':  3.28 ,  'r':  0.2 ,  'type':  1}]
62049,1398777819.9487262,[{'idp':  78 ,  'x':  3.76 ,  'y':  2.62 ,  'r':  0.2 ,  'type':  1} ,  {'idp':  79 ,  'x':  4.3 ,  'y':  3.26 ,  'r':  0.2 ,  'type':  1}]
62050,1398777819.9875846,[{'idp':  78 ,  'x':  3.77 ,  'y':  2.63 ,  'r':  0.2 ,  'type':  1} ,  {'idp':  79 ,  'x':  4.3 ,  'y':  3.26 ,  'r':  0.2 ,  'type':  1}]
62051,1398777820.027583,[{'idp':  78 ,  'x':  3.77 ,  'y':  2.65 ,  'r':  0.2 ,  'type':  1} ,  {'idp':  79 ,  'x':  4.28 ,  'y':  3.29 ,  'r':  0.2 ,  'type':  1}]
62052,1398777820.0276139,[{'idp':  78 ,  'x':  3.77 ,  'y':  2.68 ,  'r':  0.2 ,  'type':  1} ,  {'idp':  79 ,  'x':  4.27 ,  'y':  3.3 ,  'r':  0.2 ,  'type':  1}]
62053,1398777820.0676248,[{'idp':  78 ,  'x':  3.76 ,  'y':  2.69 ,  'r':  0.2 ,  'type':  1} ,  {'idp':  79 ,  'x':  4.24 ,  'y':  3.32 ,  'r':  0.2 ,  'type':  1}]
62054,1398777820.0749004,[{'idp':  78 ,  'x':  3.76 ,  'y':  2.69 ,  'r':  0.2 ,  'type':  1} ,  {'idp':  79 ,  'x':  4.25 ,  'y':  3.3 ,  'r':  0.2 ,  'type':  1}]
62055,1398777820.111546,[{'idp':  78 ,  'x':  3.75 ,  'y':  2.67 ,  'r':  0.2 ,  'type':  1} ,  {'idp':  79 ,  'x':  4.25 ,  'y':  3.29 ,  'r':  0.2 ,  'type':  1}]
62056,1398777820.1516204,[{'idp':  78 ,  'x':  3.76 ,  'y':  2.68 ,  'r':  0.2 ,  'type':  1} ,  {'idp':  79 ,  'x':  4.26 ,  'y':  3.28 ,  'r':  0.2 ,  'type':  1}]
62057,1398777820.1516798,[{'idp':  78 ,  'x':  3.8 ,  'y':  2.69 ,  'r':  0.2 ,  'type':  1} ,  {'idp':  79 ,  'x':  4.27 ,  'y':  3.3 ,  'r':  0.2 ,  'type':  1}]
62058,1398777820.191621,[{'idp':  78 ,  'x':  3.81 ,  'y':  2.67 ,  'r':  0.2 ,  'type':  1} ,  {'idp':  79 ,  'x':  4.27 ,  'y':  3.33 ,  'r':  0.2 ,  'type':  1}]
62059,1398777820.2001085,[{'idp':  78 ,  'x':  3.81 ,  'y':  2.66 ,  'r':  0.2 ,  'type':  1} ,  {'idp':  79 ,  'x':  4.27 ,  'y':  3.36 ,  'r':  0.2 ,  'type':  1}]
62060,1398777820.239571,[{'idp':  78 ,  'x':  3.81 ,  'y':  2.66 ,  'r':  0.2 ,  'type':  1} ,  {'idp':  79 ,  'x':  4.26 ,  'y':  3.36 ,  'r':  0.2 ,  'type':  1}]
62061,1398777820.2796073,[{'idp':  78 ,  'x':  3.8 ,  'y':  2.66 ,  'r':  0.2 ,  'type':  1} ,  {'idp':  79 ,  'x':  4.26 ,  'y':  3.38 ,  'r':  0.2 ,  'type':  1}]
62062,1398777820.2796469,[{'idp':  78 ,  'x':  3.8 ,  'y':  2.66 ,  'r':  0.2 ,  'type':  1} ,  {'idp':  79 ,  'x':  4.28 ,  'y':  3.37 ,  'r':  0.2 ,  'type':  1}]
62063,1398777820.3195825,[{'idp':  78 ,  'x':  3.81 ,  'y':  2.64 ,  'r':  0.2 ,  'type':  1} ,  {'idp':  79 ,  'x':  4.29 ,  'y':  3.38 ,  'r':  0.2 ,  'type':  1}]
62064,1398777820.3256621,[{'idp':  78 ,  'x':  3.8 ,  'y':  2.64 ,  'r':  0.2 ,  'type':  1} ,  {'idp':  79 ,  'x':  4.29 ,  'y':  3.35 ,  'r':  0.2 ,  'type':  1}]
62065,1398777820.3636026,[{'idp':  78 ,  'x':  3.79 ,  'y':  2.64 ,  'r':  0.2 ,  'type':  1} ,  {'idp':  79 ,  'x':  4.29 ,  'y':  3.35 ,  'r':  0.2 ,  'type':  1}]
62066,1398777820.4035456,[{'idp':  78 ,  'x':  3.77 ,  'y':  2.63 ,  'r':  0.2 ,  'type':  1} ,  {'idp':  79 ,  'x':  4.28 ,  'y':  3.33 ,  'r':  0.2 ,  'type':  1}]
62067,1398777820.4035597,[{'idp':  78 ,  'x':  3.77 ,  'y':  2.6 ,  'r':  0.2 ,  'type':  1} ,  {'idp':  79 ,  'x':  4.24 ,  'y':  3.24 ,  'r':  0.2 ,  'type':  1}]
62068,1398777820.4435966,[{'idp':  78 ,  'x':  3.75 ,  'y':  2.59 ,  'r':  0.2 ,  'type':  1} ,  {'idp':  79 ,  'x':  4.22 ,  'y':  3.24 ,  'r':  0.2 ,  'type':  1}]
62069,1398777820.4504793,[{'idp':  78 ,  'x':  3.71 ,  'y':  2.6 ,  'r':  0.2 ,  'type':  1} ,  {'idp':  79 ,  'x':  4.23 ,  'y':  3.26 ,  'r':  0.2 ,  'type':  1}]
62070,1398777820.4876063,[{'idp':  78 ,  'x':  3.69 ,  'y':  2.62 ,  'r':  0.2 ,  'type':  1} ,  {'idp':  79 ,  'x':  4.17 ,  'y':  3.29 ,  'r':  0.2 ,  'type':  1}]
62071,1398777820.5275853,[{'idp':  78 ,  'x':  3.67 ,  'y':  2.64 ,  'r':  0.2 ,  'type':  1} ,  {'idp':  79 ,  'x':  4.16 ,  'y':  3.31 ,  'r':  0.2 ,  'type':  1}]
62072,1398777820.527617,[{'idp':  78 ,  'x':  3.65 ,  'y':  2.65 ,  'r':  0.2 ,  'type':  1} ,  {'idp':  79 ,  'x':  4.14 ,  'y':  3.33 ,  'r':  0.2 ,  'type':  1}]
62073,1398777820.5676522,[{'idp':  78 ,  'x':  3.64 ,  'y':  2.67 ,  'r':  0.2 ,  'type':  1} ,  {'idp':  79 ,  'x':  4.11 ,  'y':  3.33 ,  'r':  0.2 ,  'type':  1}]
62074,1398777820.575877,[{'idp':  78 ,  'x':  3.61 ,  'y':  2.67 ,  'r':  0.2 ,  'type':  1} ,  {'idp':  79 ,  'x':  4.12 ,  'y':  3.35 ,  'r':  0.2 ,  'type':  1}]
62075,1398777820.615603,[{'idp':  78 ,  'x':  3.59 ,  'y':  2.68 ,  'r':  0.2 ,  'type':  1} ,  {'idp':  79 ,  'x':  4.1 ,  'y':  3.35 ,  'r':  0.2 ,  'type':  1}]
62076,1398777820.6556203,[{'idp':  78 ,  'x':  3.6 ,  'y':  2.68 ,  'r':  0.2 ,  'type':  1} ,  {'idp':  79 ,  'x':  4.09 ,  'y':  3.35 ,  'r':  0.2 ,  'type':  1}]
62077,1398777820.6556492,[{'idp':  78 ,  'x':  3.59 ,  'y':  2.66 ,  'r':  0.2 ,  'type':  1} ,  {'idp':  79 ,  'x':  4.13 ,  'y':  3.31 ,  'r':  0.2 ,  'type':  1}]
62078,1398777820.6955924,[{'idp':  78 ,  'x':  3.6 ,  'y':  2.68 ,  'r':  0.2 ,  'type':  1} ,  {'idp':  79 ,  'x':  4.08 ,  'y':  3.33 ,  'r':  0.2 ,  'type':  1}]
62079,1398777820.701291,[{'idp':  78 ,  'x':  3.56 ,  'y':  2.68 ,  'r':  0.2 ,  'type':  1} ,  {'idp':  79 ,  'x':  4.07 ,  'y':  3.34 ,  'r':  0.2 ,  'type':  1}]
62080,1398777820.7395875,[{'idp':  78 ,  'x':  3.55 ,  'y':  2.71 ,  'r':  0.2 ,  'type':  1} ,  {'idp':  79 ,  'x':  4.08 ,  'y':  3.39 ,  'r':  0.2 ,  'type':  1}]
62081,1398777820.7795742,[{'idp':  78 ,  'x':  3.54 ,  'y':  2.7 ,  'r':  0.2 ,  'type':  1} ,  {'idp':  79 ,  'x':  4.05 ,  'y':  3.38 ,  'r':  0.2 ,  'type':  1}]
62082,1398777820.7796066,[{'idp':  78 ,  'x':  3.53 ,  'y':  2.7 ,  'r':  0.2 ,  'type':  1} ,  {'idp':  79 ,  'x':  4.06 ,  'y':  3.36 ,  'r':  0.2 ,  'type':  1}]
62083,1398777820.8195863,[{'idp':  78 ,  'x':  3.54 ,  'y':  2.68 ,  'r':  0.2 ,  'type':  1} ,  {'idp':  79 ,  'x':  4.07 ,  'y':  3.33 ,  'r':  0.2 ,  'type':  1}]
62084,1398777820.8266513,[{'idp':  78 ,  'x':  3.53 ,  'y':  2.66 ,  'r':  0.2 ,  'type':  1} ,  {'idp':  79 ,  'x':  4.08 ,  'y':  3.32 ,  'r':  0.2 ,  'type':  1}]
62085,1398777820.8635514,[{'idp':  78 ,  'x':  3.53 ,  'y':  2.66 ,  'r':  0.2 ,  'type':  1} ,  {'idp':  79 ,  'x':  4.08 ,  'y':  3.32 ,  'r':  0.2 ,  'type':  1}]
62086,1398777820.9036145,[{'idp':  78 ,  'x':  3.52 ,  'y':  2.69 ,  'r':  0.2 ,  'type':  1} ,  {'idp':  79 ,  'x':  4.07 ,  'y':  3.34 ,  'r':  0.2 ,  'type':  1}]
62087,1398777820.9036438,[{'idp':  78 ,  'x':  3.5 ,  'y':  2.72 ,  'r':  0.2 ,  'type':  1} ,  {'idp':  79 ,  'x':  4.05 ,  'y':  3.38 ,  'r':  0.2 ,  'type':  1}]
62088,1398777820.9435625,[{'idp':  78 ,  'x':  3.46 ,  'y':  2.73 ,  'r':  0.2 ,  'type':  1} ,  {'idp':  79 ,  'x':  4.03 ,  'y':  3.41 ,  'r':  0.2 ,  'type':  1}]
62089,1398777820.9525414,[{'idp':  78 ,  'x':  3.47 ,  'y':  2.74 ,  'r':  0.2 ,  'type':  1} ,  {'idp':  79 ,  'x':  4.02 ,  'y':  3.4 ,  'r':  0.2 ,  'type':  1}]
62090,1398777820.9916117,[{'idp':  78 ,  'x':  3.47 ,  'y':  2.75 ,  'r':  0.2 ,  'type':  1} ,  {'idp':  79 ,  'x':  4.03 ,  'y':  3.4 ,  'r':  0.2 ,  'type':  1}]
62091,1398777821.0315714,[{'idp':  78 ,  'x':  3.45 ,  'y':  2.72 ,  'r':  0.2 ,  'type':  1} ,  {'idp':  79 ,  'x':  4.07 ,  'y':  3.4 ,  'r':  0.2 ,  'type':  1}]
62092,1398777821.0316055,[{'idp':  78 ,  'x':  3.47 ,  'y':  2.7 ,  'r':  0.2 ,  'type':  1} ,  {'idp':  79 ,  'x':  4.07 ,  'y':  3.34 ,  'r':  0.2 ,  'type':  1}]
62093,1398777821.0717266,[{'idp':  78 ,  'x':  3.48 ,  'y':  2.69 ,  'r':  0.2 ,  'type':  1} ,  {'idp':  79 ,  'x':  4.05 ,  'y':  3.28 ,  'r':  0.2 ,  'type':  1}]
62094,1398777821.0785694,[{'idp':  78 ,  'x':  3.48 ,  'y':  2.69 ,  'r':  0.2 ,  'type':  1} ,  {'idp':  79 ,  'x':  3.95 ,  'y':  3.2 ,  'r':  0.2 ,  'type':  1}]
62095,1398777821.115559,[{'idp':  78 ,  'x':  3.48 ,  'y':  2.67 ,  'r':  0.2 ,  'type':  1} ,  {'idp':  79 ,  'x':  3.95 ,  'y':  3.2 ,  'r':  0.2 ,  'type':  1}]
62096,1398777821.155628,[{'idp':  78 ,  'x':  3.47 ,  'y':  2.68 ,  'r':  0.2 ,  'type':  1} ,  {'idp':  79 ,  'x':  3.95 ,  'y':  3.2 ,  'r':  0.2 ,  'type':  1}]
62097,1398777821.1556582,[{'idp':  78 ,  'x':  3.5 ,  'y':  2.68 ,  'r':  0.2 ,  'type':  1} ,  {'idp':  79 ,  'x':  3.95 ,  'y':  3.2 ,  'r':  0.2 ,  'type':  1}]
62098,1398777821.1956067,[{'idp':  78 ,  'x':  3.46 ,  'y':  2.69 ,  'r':  0.2 ,  'type':  1} ,  {'idp':  79 ,  'x':  3.95 ,  'y':  3.2 ,  'r':  0.2 ,  'type':  1}]
62099,1398777821.2027895,[{'idp':  78 ,  'x':  3.43 ,  'y':  2.71 ,  'r':  0.2 ,  'type':  1} ,  {'idp':  79 ,  'x':  4.0 ,  'y':  3.38 ,  'r':  0.2 ,  'type':  1}]
62100,1398777821.2395465,[{'idp':  78 ,  'x':  3.42 ,  'y':  2.7 ,  'r':  0.2 ,  'type':  1} ,  {'idp':  79 ,  'x':  4.14 ,  'y':  3.5 ,  'r':  0.2 ,  'type':  1}]
62101,1398777821.279566,[{'idp':  78 ,  'x':  3.45 ,  'y':  2.7 ,  'r':  0.2 ,  'type':  1} ,  {'idp':  79 ,  'x':  4.14 ,  'y':  3.52 ,  'r':  0.2 ,  'type':  1}]
62102,1398777821.2795923,[{'idp':  78 ,  'x':  3.48 ,  'y':  2.69 ,  'r':  0.2 ,  'type':  1} ,  {'idp':  79 ,  'x':  4.15 ,  'y':  3.5 ,  'r':  0.2 ,  'type':  1}]
62103,1398777821.3195846,[{'idp':  78 ,  'x':  3.49 ,  'y':  2.7 ,  'r':  0.2 ,  'type':  1} ,  {'idp':  79 ,  'x':  4.14 ,  'y':  3.47 ,  'r':  0.2 ,  'type':  1}]
62104,1398777821.328703,[{'idp':  78 ,  'x':  3.49 ,  'y':  2.72 ,  'r':  0.2 ,  'type':  1} ,  {'idp':  79 ,  'x':  4.13 ,  'y':  3.51 ,  'r':  0.2 ,  'type':  1}]
62105,1398777821.367645,[{'idp':  78 ,  'x':  3.47 ,  'y':  2.7 ,  'r':  0.2 ,  'type':  1} ,  {'idp':  79 ,  'x':  4.11 ,  'y':  3.5 ,  'r':  0.2 ,  'type':  1}]
62106,1398777821.407558,[{'idp':  78 ,  'x':  3.55 ,  'y':  2.76 ,  'r':  0.2 ,  'type':  1} ,  {'idp':  79 ,  'x':  4.1 ,  'y':  3.5 ,  'r':  0.2 ,  'type':  1}]
62107,1398777821.4075875,[{'idp':  78 ,  'x':  3.61 ,  'y':  2.85 ,  'r':  0.2 ,  'type':  1} ,  {'idp':  79 ,  'x':  4.07 ,  'y':  3.52 ,  'r':  0.2 ,  'type':  1}]
62108,1398777821.4475977,[{'idp':  78 ,  'x':  3.62 ,  'y':  2.9 ,  'r':  0.2 ,  'type':  1} ,  {'idp':  79 ,  'x':  4.06 ,  'y':  3.54 ,  'r':  0.2 ,  'type':  1}]
62109,1398777821.455181,[{'idp':  78 ,  'x':  3.57 ,  'y':  2.89 ,  'r':  0.2 ,  'type':  1} ,  {'idp':  79 ,  'x':  4.04 ,  'y':  3.57 ,  'r':  0.2 ,  'type':  1}]
62110,1398777821.491576,[{'idp':  78 ,  'x':  3.54 ,  'y':  2.92 ,  'r':  0.2 ,  'type':  1} ,  {'idp':  79 ,  'x':  4.0 ,  'y':  3.6 ,  'r':  0.2 ,  'type':  1}]
62111,1398777821.5316012,[{'idp':  78 ,  'x':  3.51 ,  'y':  2.95 ,  'r':  0.2 ,  'type':  1} ,  {'idp':  79 ,  'x':  3.97 ,  'y':  3.62 ,  'r':  0.2 ,  'type':  1}]
62112,1398777821.5316312,[{'idp':  78 ,  'x':  3.46 ,  'y':  2.95 ,  'r':  0.2 ,  'type':  1} ,  {'idp':  79 ,  'x':  3.94 ,  'y':  3.64 ,  'r':  0.2 ,  'type':  1}]
62113,1398777821.5716593,[]
62114,1398777821.5799155,[]
62115,1398777821.6195953,[]
62116,1398777821.6596048,[]
62117,1398777821.6596332,[]
62118,1398777821.699589,[]
62119,1398777821.7054243,[]
62120,1398777821.7437923,[]
62121,1398777821.7836707,[]
62122,1398777821.7837014,[]
62123,1398777821.8236532,[]
62124,1398777821.831837,[]
62125,1398777821.8716002,[]
62126,1398777821.911621,[]
62127,1398777821.911644,[]
62128,1398777821.951631,[]
62129,1398777821.958547,[]
62130,1398777821.99559,[]
62131,1398777822.035605,[]
62132,1398777822.0356374,[]
62133,1398777822.0756545,[]
62134,1398777822.0844665,[]
62135,1398777822.1236427,[]
62136,1398777822.163575,[]
62137,1398777822.2035964,[]
62138,1398777822.203626,[]
62139,1398777822.2436132,[]
62140,1398777822.2436464,[]
62141,1398777822.2836268,[]
62142,1398777822.283732,[]
62143,1398777822.3236408,[]
62144,1398777822.3635862,[]
62145,1398777822.3636134,[]
62146,1398777822.4036746,[]
62147,1398777822.406537,[]
62148,1398777822.4435635,[]
62149,1398777822.4835937,[]
62150,1398777822.483622,[]
62151,1398777822.5236535,[]
62152,1398777822.5325599,[]
62153,1398777822.571684,[]
62154,1398777822.6115816,[]
62155,1398777822.6116102,[]
62156,1398777822.6515946,[]
62157,1398777822.6578982,[]
62158,1398777822.6955843,[]
62159,1398777822.7355423,[]
62160,1398777822.7355719,[]
62161,1398777822.7756891,[]
62162,1398777822.7830017,[]
62163,1398777822.819644,[]
62164,1398777822.859645,[]
62165,1398777822.859679,[]
62166,1398777822.8996565,[]
62167,1398777822.9083884,[]
62168,1398777822.947542,[]
62169,1398777822.9875515,[]
62170,1398777822.9875786,[]
62171,1398777823.0276852,[]
62172,1398777823.033565,[]
62173,1398777823.071602,[]
62174,1398777823.1115973,[]
62175,1398777823.111617,[]
62176,1398777823.1515763,[]
62177,1398777823.1599236,[]
62178,1398777823.1995623,[]
62179,1398777823.239538,[]
62180,1398777823.2395651,[]
62181,1398777823.2795916,[]
62182,1398777823.2856925,[]
62183,1398777823.323658,[]
62184,1398777823.3636048,[]
62185,1398777823.3636324,[]
62186,1398777823.403595,[]
62187,1398777823.410178,[]
62188,1398777823.4476225,[]
62189,1398777823.4876485,[]
62190,1398777823.4876814,[]
62191,1398777823.5277236,[]
62192,1398777823.5360606,[]
62193,1398777823.5755699,[]
62194,1398777823.615638,[{'idp':  80 ,  'x':  3.86 ,  'y':  2.03 ,  'r':  0.4 ,  'type':  1} ,  {'idp':  81 ,  'x':  4.7 ,  'y':  2.9 ,  'r':  0.4 ,  'type':  1} ,  {'idp':  82 ,  'x':  4.7 ,  'y':  -5.41 ,  'r':  0.4 ,  'type':  1}]
62195,1398777823.6156707,[{'idp':  80 ,  'x':  3.78 ,  'y':  1.99 ,  'r':  0.4 ,  'type':  1} ,  {'idp':  81 ,  'x':  4.66 ,  'y':  2.92 ,  'r':  0.4 ,  'type':  1} ,  {'idp':  82 ,  'x':  4.63 ,  'y':  -5.43 ,  'r':  0.4 ,  'type':  1}]
62196,1398777823.6555877,[{'idp':  80 ,  'x':  3.79 ,  'y':  1.95 ,  'r':  0.4 ,  'type':  1} ,  {'idp':  81 ,  'x':  4.65 ,  'y':  2.88 ,  'r':  0.4 ,  'type':  1} ,  {'idp':  82 ,  'x':  4.6 ,  'y':  -5.45 ,  'r':  0.4 ,  'type':  1}]
62197,1398777823.6611128,[{'idp':  80 ,  'x':  3.81 ,  'y':  1.9 ,  'r':  0.4 ,  'type':  1} ,  {'idp':  81 ,  'x':  4.66 ,  'y':  2.84 ,  'r':  0.4 ,  'type':  1} ,  {'idp':  82 ,  'x':  4.56 ,  'y':  -5.49 ,  'r':  0.4 ,  'type':  1}]
62198,1398777823.699588,[{'idp':  80 ,  'x':  3.81 ,  'y':  1.86 ,  'r':  0.4 ,  'type':  1} ,  {'idp':  81 ,  'x':  4.64 ,  'y':  2.81 ,  'r':  0.4 ,  'type':  1} ,  {'idp':  82 ,  'x':  4.58 ,  'y':  -5.53 ,  'r':  0.4 ,  'type':  1}]
62199,1398777823.7396314,[{'idp':  80 ,  'x':  3.81 ,  'y':  1.86 ,  'r':  0.4 ,  'type':  1} ,  {'idp':  81 ,  'x':  4.66 ,  'y':  2.82 ,  'r':  0.4 ,  'type':  1} ,  {'idp':  82 ,  'x':  4.57 ,  'y':  -5.52 ,  'r':  0.4 ,  'type':  1}]
62200,1398777823.7396684,[{'idp':  80 ,  'x':  3.79 ,  'y':  1.84 ,  'r':  0.4 ,  'type':  1} ,  {'idp':  81 ,  'x':  4.63 ,  'y':  2.84 ,  'r':  0.4 ,  'type':  1} ,  {'idp':  82 ,  'x':  4.55 ,  'y':  -5.51 ,  'r':  0.4 ,  'type':  1}]
62201,1398777823.7796931,[{'idp':  80 ,  'x':  3.76 ,  'y':  1.8 ,  'r':  0.4 ,  'type':  1} ,  {'idp':  81 ,  'x':  4.6 ,  'y':  2.82 ,  'r':  0.4 ,  'type':  1} ,  {'idp':  82 ,  'x':  4.52 ,  'y':  -5.51 ,  'r':  0.4 ,  'type':  1}]
62202,1398777823.7865355,[{'idp':  80 ,  'x':  3.76 ,  'y':  1.75 ,  'r':  0.4 ,  'type':  1} ,  {'idp':  81 ,  'x':  4.61 ,  'y':  2.78 ,  'r':  0.4 ,  'type':  1} ,  {'idp':  82 ,  'x':  4.57 ,  'y':  -5.52 ,  'r':  0.4 ,  'type':  1}]
62203,1398777823.8235598,[{'idp':  80 ,  'x':  3.81 ,  'y':  1.74 ,  'r':  0.4 ,  'type':  1} ,  {'idp':  81 ,  'x':  4.61 ,  'y':  2.74 ,  'r':  0.4 ,  'type':  1} ,  {'idp':  82 ,  'x':  4.51 ,  'y':  -5.51 ,  'r':  0.4 ,  'type':  1}]
62204,1398777823.8635457,[{'idp':  80 ,  'x':  3.81 ,  'y':  1.73 ,  'r':  0.4 ,  'type':  1} ,  {'idp':  81 ,  'x':  4.61 ,  'y':  2.73 ,  'r':  0.4 ,  'type':  1} ,  {'idp':  82 ,  'x':  4.47 ,  'y':  -5.5 ,  'r':  0.4 ,  'type':  1}]
62205,1398777823.8635755,[{'idp':  80 ,  'x':  3.83 ,  'y':  1.73 ,  'r':  0.4 ,  'type':  1} ,  {'idp':  81 ,  'x':  4.57 ,  'y':  2.72 ,  'r':  0.4 ,  'type':  1} ,  {'idp':  82 ,  'x':  4.51 ,  'y':  -5.5 ,  'r':  0.4 ,  'type':  1}]
62206,1398777823.9036174,[{'idp':  80 ,  'x':  3.82 ,  'y':  1.74 ,  'r':  0.4 ,  'type':  1} ,  {'idp':  81 ,  'x':  4.58 ,  'y':  2.74 ,  'r':  0.4 ,  'type':  1} ,  {'idp':  82 ,  'x':  4.5 ,  'y':  -5.48 ,  'r':  0.4 ,  'type':  1}]
62207,1398777823.9112773,[{'idp':  80 ,  'x':  3.83 ,  'y':  1.74 ,  'r':  0.4 ,  'type':  1} ,  {'idp':  81 ,  'x':  4.61 ,  'y':  2.74 ,  'r':  0.4 ,  'type':  1} ,  {'idp':  82 ,  'x':  4.48 ,  'y':  -5.46 ,  'r':  0.4 ,  'type':  1}]
62208,1398777823.9476283,[{'idp':  80 ,  'x':  3.84 ,  'y':  1.71 ,  'r':  0.4 ,  'type':  1} ,  {'idp':  81 ,  'x':  4.69 ,  'y':  2.75 ,  'r':  0.4 ,  'type':  1} ,  {'idp':  82 ,  'x':  4.49 ,  'y':  -5.47 ,  'r':  0.4 ,  'type':  1}]
62209,1398777823.9875524,[{'idp':  80 ,  'x':  3.84 ,  'y':  1.69 ,  'r':  0.4 ,  'type':  1} ,  {'idp':  81 ,  'x':  4.74 ,  'y':  2.72 ,  'r':  0.4 ,  'type':  1} ,  {'idp':  82 ,  'x':  4.46 ,  'y':  -5.48 ,  'r':  0.4 ,  'type':  1}]
62210,1398777823.9875793,[{'idp':  80 ,  'x':  3.86 ,  'y':  1.66 ,  'r':  0.4 ,  'type':  1} ,  {'idp':  81 ,  'x':  4.76 ,  'y':  2.72 ,  'r':  0.4 ,  'type':  1} ,  {'idp':  82 ,  'x':  4.37 ,  'y':  -5.44 ,  'r':  0.4 ,  'type':  1}]
62211,1398777824.0275612,[{'idp':  80 ,  'x':  3.86 ,  'y':  1.67 ,  'r':  0.4 ,  'type':  1} ,  {'idp':  81 ,  'x':  4.78 ,  'y':  2.74 ,  'r':  0.4 ,  'type':  1} ,  {'idp':  82 ,  'x':  4.4 ,  'y':  -5.41 ,  'r':  0.4 ,  'type':  1}]
62212,1398777824.0368323,[{'idp':  80 ,  'x':  3.85 ,  'y':  1.68 ,  'r':  0.4 ,  'type':  1} ,  {'idp':  81 ,  'x':  4.79 ,  'y':  2.73 ,  'r':  0.4 ,  'type':  1} ,  {'idp':  82 ,  'x':  4.38 ,  'y':  -5.38 ,  'r':  0.4 ,  'type':  1}]
62213,1398777824.0756035,[{'idp':  80 ,  'x':  3.86 ,  'y':  1.67 ,  'r':  0.4 ,  'type':  1} ,  {'idp':  81 ,  'x':  4.82 ,  'y':  2.73 ,  'r':  0.4 ,  'type':  1} ,  {'idp':  82 ,  'x':  4.38 ,  'y':  -5.36 ,  'r':  0.4 ,  'type':  1}]
62214,1398777824.1155603,[{'idp':  80 ,  'x':  3.85 ,  'y':  1.64 ,  'r':  0.4 ,  'type':  1} ,  {'idp':  81 ,  'x':  4.83 ,  'y':  2.69 ,  'r':  0.4 ,  'type':  1} ,  {'idp':  82 ,  'x':  4.34 ,  'y':  -5.36 ,  'r':  0.4 ,  'type':  1}]
62215,1398777824.115595,[{'idp':  80 ,  'x':  3.87 ,  'y':  1.61 ,  'r':  0.4 ,  'type':  1} ,  {'idp':  81 ,  'x':  4.85 ,  'y':  2.66 ,  'r':  0.4 ,  'type':  1} ,  {'idp':  82 ,  'x':  4.33 ,  'y':  -5.4 ,  'r':  0.4 ,  'type':  1}]
62216,1398777824.1556125,[{'idp':  80 ,  'x':  3.9 ,  'y':  1.6 ,  'r':  0.4 ,  'type':  1} ,  {'idp':  81 ,  'x':  4.86 ,  'y':  2.66 ,  'r':  0.4 ,  'type':  1} ,  {'idp':  82 ,  'x':  4.31 ,  'y':  -5.4 ,  'r':  0.4 ,  'type':  1}]
62217,1398777824.162254,[{'idp':  80 ,  'x':  3.91 ,  'y':  1.59 ,  'r':  0.4 ,  'type':  1} ,  {'idp':  81 ,  'x':  4.86 ,  'y':  2.67 ,  'r':  0.4 ,  'type':  1} ,  {'idp':  82 ,  'x':  4.33 ,  'y':  -5.42 ,  'r':  0.4 ,  'type':  1}]
62218,1398777824.1996152,[{'idp':  80 ,  'x':  3.87 ,  'y':  1.59 ,  'r':  0.4 ,  'type':  1} ,  {'idp':  81 ,  'x':  4.86 ,  'y':  2.68 ,  'r':  0.4 ,  'type':  1} ,  {'idp':  82 ,  'x':  4.35 ,  'y':  -5.39 ,  'r':  0.4 ,  'type':  1}]
62219,1398777824.2395895,[{'idp':  80 ,  'x':  3.85 ,  'y':  1.59 ,  'r':  0.4 ,  'type':  1} ,  {'idp':  81 ,  'x':  4.85 ,  'y':  2.7 ,  'r':  0.4 ,  'type':  1} ,  {'idp':  82 ,  'x':  4.4 ,  'y':  -5.46 ,  'r':  0.4 ,  'type':  1}]
62220,1398777824.2396233,[{'idp':  80 ,  'x':  3.85 ,  'y':  1.56 ,  'r':  0.4 ,  'type':  1} ,  {'idp':  81 ,  'x':  4.87 ,  'y':  2.68 ,  'r':  0.4 ,  'type':  1} ,  {'idp':  82 ,  'x':  4.36 ,  'y':  -5.41 ,  'r':  0.4 ,  'type':  1}]
62221,1398777824.2796886,[{'idp':  80 ,  'x':  3.84 ,  'y':  1.52 ,  'r':  0.4 ,  'type':  1} ,  {'idp':  81 ,  'x':  4.9 ,  'y':  2.64 ,  'r':  0.4 ,  'type':  1} ,  {'idp':  82 ,  'x':  4.34 ,  'y':  -5.48 ,  'r':  0.4 ,  'type':  1}]
62222,1398777824.2879868,[{'idp':  80 ,  'x':  3.85 ,  'y':  1.47 ,  'r':  0.4 ,  'type':  1} ,  {'idp':  81 ,  'x':  4.91 ,  'y':  2.61 ,  'r':  0.4 ,  'type':  1} ,  {'idp':  82 ,  'x':  4.27 ,  'y':  -5.47 ,  'r':  0.4 ,  'type':  1}]
62223,1398777824.3275678,[{'idp':  80 ,  'x':  3.85 ,  'y':  1.46 ,  'r':  0.4 ,  'type':  1} ,  {'idp':  81 ,  'x':  4.91 ,  'y':  2.61 ,  'r':  0.4 ,  'type':  1} ,  {'idp':  82 ,  'x':  4.28 ,  'y':  -5.51 ,  'r':  0.4 ,  'type':  1}]
62224,1398777824.367627,[{'idp':  80 ,  'x':  3.86 ,  'y':  1.43 ,  'r':  0.4 ,  'type':  1} ,  {'idp':  81 ,  'x':  4.92 ,  'y':  2.63 ,  'r':  0.4 ,  'type':  1} ,  {'idp':  82 ,  'x':  4.34 ,  'y':  -5.56 ,  'r':  0.4 ,  'type':  1}]
62225,1398777824.3676596,[{'idp':  80 ,  'x':  3.89 ,  'y':  1.41 ,  'r':  0.4 ,  'type':  1} ,  {'idp':  81 ,  'x':  4.93 ,  'y':  2.63 ,  'r':  0.4 ,  'type':  1} ,  {'idp':  82 ,  'x':  4.38 ,  'y':  -5.6 ,  'r':  0.4 ,  'type':  1}]
62226,1398777824.4076557,[{'idp':  80 ,  'x':  3.92 ,  'y':  1.44 ,  'r':  0.4 ,  'type':  1} ,  {'idp':  81 ,  'x':  4.9 ,  'y':  2.64 ,  'r':  0.4 ,  'type':  1} ,  {'idp':  82 ,  'x':  4.35 ,  'y':  -5.56 ,  'r':  0.4 ,  'type':  1}]
62227,1398777824.413896,[{'idp':  80 ,  'x':  3.95 ,  'y':  1.45 ,  'r':  0.4 ,  'type':  1} ,  {'idp':  81 ,  'x':  4.92 ,  'y':  2.64 ,  'r':  0.4 ,  'type':  1} ,  {'idp':  82 ,  'x':  4.35 ,  'y':  -5.6 ,  'r':  0.4 ,  'type':  1}]
62228,1398777824.4515557,[{'idp':  80 ,  'x':  3.98 ,  'y':  1.44 ,  'r':  0.4 ,  'type':  1} ,  {'idp':  81 ,  'x':  4.91 ,  'y':  2.65 ,  'r':  0.4 ,  'type':  1} ,  {'idp':  82 ,  'x':  4.3 ,  'y':  -5.51 ,  'r':  0.4 ,  'type':  1}]
62229,1398777824.4916067,[{'idp':  80 ,  'x':  3.99 ,  'y':  1.41 ,  'r':  0.4 ,  'type':  1} ,  {'idp':  81 ,  'x':  4.92 ,  'y':  2.63 ,  'r':  0.4 ,  'type':  1} ,  {'idp':  82 ,  'x':  4.33 ,  'y':  -5.57 ,  'r':  0.4 ,  'type':  1}]
62230,1398777824.4916368,[{'idp':  80 ,  'x':  4.04 ,  'y':  1.4 ,  'r':  0.4 ,  'type':  1} ,  {'idp':  81 ,  'x':  4.92 ,  'y':  2.62 ,  'r':  0.4 ,  'type':  1} ,  {'idp':  82 ,  'x':  4.26 ,  'y':  -5.46 ,  'r':  0.4 ,  'type':  1}]
62231,1398777824.5316813,[{'idp':  80 ,  'x':  4.05 ,  'y':  1.38 ,  'r':  0.4 ,  'type':  1} ,  {'idp':  81 ,  'x':  4.92 ,  'y':  2.62 ,  'r':  0.4 ,  'type':  1} ,  {'idp':  82 ,  'x':  4.25 ,  'y':  -5.42 ,  'r':  0.4 ,  'type':  1}]
62232,1398777824.5383344,[{'idp':  80 ,  'x':  4.06 ,  'y':  1.38 ,  'r':  0.4 ,  'type':  1} ,  {'idp':  81 ,  'x':  4.94 ,  'y':  2.61 ,  'r':  0.4 ,  'type':  1} ,  {'idp':  82 ,  'x':  4.24 ,  'y':  -5.4 ,  'r':  0.4 ,  'type':  1}]
62233,1398777824.5756025,[{'idp':  80 ,  'x':  4.06 ,  'y':  1.37 ,  'r':  0.4 ,  'type':  1} ,  {'idp':  81 ,  'x':  4.98 ,  'y':  2.58 ,  'r':  0.4 ,  'type':  1} ,  {'idp':  82 ,  'x':  4.2 ,  'y':  -5.38 ,  'r':  0.4 ,  'type':  1}]
62234,1398777824.6156309,[{'idp':  80 ,  'x':  4.07 ,  'y':  1.34 ,  'r':  0.4 ,  'type':  1} ,  {'idp':  81 ,  'x':  5.01 ,  'y':  2.54 ,  'r':  0.4 ,  'type':  1} ,  {'idp':  82 ,  'x':  4.16 ,  'y':  -5.35 ,  'r':  0.4 ,  'type':  1}]
62235,1398777824.6156576,[{'idp':  80 ,  'x':  4.09 ,  'y':  1.34 ,  'r':  0.4 ,  'type':  1} ,  {'idp':  81 ,  'x':  5.01 ,  'y':  2.49 ,  'r':  0.4 ,  'type':  1} ,  {'idp':  82 ,  'x':  4.14 ,  'y':  -5.32 ,  'r':  0.4 ,  'type':  1}]
62236,1398777824.6556053,[{'idp':  80 ,  'x':  4.07 ,  'y':  1.33 ,  'r':  0.4 ,  'type':  1} ,  {'idp':  81 ,  'x':  4.97 ,  'y':  2.43 ,  'r':  0.4 ,  'type':  1} ,  {'idp':  82 ,  'x':  4.15 ,  'y':  -5.31 ,  'r':  0.4 ,  'type':  1}]
62237,1398777824.664048,[{'idp':  80 ,  'x':  4.07 ,  'y':  1.34 ,  'r':  0.4 ,  'type':  1} ,  {'idp':  81 ,  'x':  4.95 ,  'y':  2.36 ,  'r':  0.4 ,  'type':  1} ,  {'idp':  82 ,  'x':  4.15 ,  'y':  -5.29 ,  'r':  0.4 ,  'type':  1}]
62238,1398777824.7036738,[{'idp':  80 ,  'x':  4.07 ,  'y':  1.33 ,  'r':  0.4 ,  'type':  1} ,  {'idp':  81 ,  'x':  4.95 ,  'y':  2.33 ,  'r':  0.4 ,  'type':  1}]
62239,1398777824.7436197,[{'idp':  80 ,  'x':  4.09 ,  'y':  1.31 ,  'r':  0.4 ,  'type':  1} ,  {'idp':  81 ,  'x':  4.97 ,  'y':  2.32 ,  'r':  0.4 ,  'type':  1}]
62240,1398777824.743653,[{'idp':  80 ,  'x':  4.1 ,  'y':  1.27 ,  'r':  0.4 ,  'type':  1} ,  {'idp':  81 ,  'x':  5.01 ,  'y':  2.31 ,  'r':  0.4 ,  'type':  1}]
62241,1398777824.783617,[{'idp':  80 ,  'x':  4.13 ,  'y':  1.27 ,  'r':  0.4 ,  'type':  1} ,  {'idp':  81 ,  'x':  5.03 ,  'y':  2.34 ,  'r':  0.4 ,  'type':  1}]
62242,1398777824.789057,[{'idp':  80 ,  'x':  4.14 ,  'y':  1.27 ,  'r':  0.4 ,  'type':  1} ,  {'idp':  81 ,  'x':  5.05 ,  'y':  2.38 ,  'r':  0.4 ,  'type':  1}]
62243,1398777824.8275976,[{'idp':  80 ,  'x':  4.14 ,  'y':  1.22 ,  'r':  0.4 ,  'type':  1} ,  {'idp':  81 ,  'x':  5.1 ,  'y':  2.41 ,  'r':  0.4 ,  'type':  1}]
62244,1398777824.867584,[{'idp':  80 ,  'x':  4.17 ,  'y':  1.2 ,  'r':  0.4 ,  'type':  1} ,  {'idp':  81 ,  'x':  5.14 ,  'y':  2.42 ,  'r':  0.4 ,  'type':  1}]
62245,1398777824.867615,[{'idp':  80 ,  'x':  4.18 ,  'y':  1.16 ,  'r':  0.4 ,  'type':  1} ,  {'idp':  81 ,  'x':  5.11 ,  'y':  2.37 ,  'r':  0.4 ,  'type':  1}]
62246,1398777824.907628,[{'idp':  80 ,  'x':  4.18 ,  'y':  1.17 ,  'r':  0.4 ,  'type':  1} ,  {'idp':  81 ,  'x':  5.07 ,  'y':  2.37 ,  'r':  0.4 ,  'type':  1}]
62247,1398777824.9151661,[{'idp':  80 ,  'x':  4.17 ,  'y':  1.18 ,  'r':  0.4 ,  'type':  1} ,  {'idp':  81 ,  'x':  5.04 ,  'y':  2.39 ,  'r':  0.4 ,  'type':  1}]
62248,1398777824.9515421,[{'idp':  80 ,  'x':  4.17 ,  'y':  1.19 ,  'r':  0.4 ,  'type':  1} ,  {'idp':  81 ,  'x':  5.01 ,  'y':  2.4 ,  'r':  0.4 ,  'type':  1}]
62249,1398777824.9915931,[{'idp':  80 ,  'x':  4.19 ,  'y':  1.17 ,  'r':  0.4 ,  'type':  1} ,  {'idp':  81 ,  'x':  4.99 ,  'y':  2.38 ,  'r':  0.4 ,  'type':  1}]
62250,1398777824.9916267,[{'idp':  80 ,  'x':  4.23 ,  'y':  1.16 ,  'r':  0.4 ,  'type':  1} ,  {'idp':  81 ,  'x':  4.95 ,  'y':  2.33 ,  'r':  0.4 ,  'type':  1}]
62251,1398777825.031603,[{'idp':  80 ,  'x':  4.22 ,  'y':  1.11 ,  'r':  0.4 ,  'type':  1} ,  {'idp':  81 ,  'x':  4.91 ,  'y':  2.23 ,  'r':  0.4 ,  'type':  1}]
62252,1398777825.0398002,[{'idp':  80 ,  'x':  4.23 ,  'y':  1.07 ,  'r':  0.4 ,  'type':  1} ,  {'idp':  81 ,  'x':  4.88 ,  'y':  2.14 ,  'r':  0.4 ,  'type':  1}]
62253,1398777825.0796452,[{'idp':  80 ,  'x':  4.23 ,  'y':  1.05 ,  'r':  0.4 ,  'type':  1} ,  {'idp':  81 ,  'x':  4.79 ,  'y':  2.05 ,  'r':  0.4 ,  'type':  1}]
62254,1398777825.1197085,[{'idp':  80 ,  'x':  4.23 ,  'y':  1.05 ,  'r':  0.4 ,  'type':  1} ,  {'idp':  81 ,  'x':  4.7 ,  'y':  1.96 ,  'r':  0.4 ,  'type':  1}]
62255,1398777825.1197338,[{'idp':  80 ,  'x':  4.27 ,  'y':  1.08 ,  'r':  0.4 ,  'type':  1} ,  {'idp':  81 ,  'x':  4.59 ,  'y':  1.88 ,  'r':  0.4 ,  'type':  1}]
62256,1398777825.1595926,[{'idp':  80 ,  'x':  4.35 ,  'y':  1.15 ,  'r':  0.4 ,  'type':  1} ,  {'idp':  81 ,  'x':  4.57 ,  'y':  1.83 ,  'r':  0.4 ,  'type':  1}]
62257,1398777825.165267,[{'idp':  80 ,  'x':  4.4 ,  'y':  1.19 ,  'r':  0.4 ,  'type':  1} ,  {'idp':  81 ,  'x':  4.56 ,  'y':  1.79 ,  'r':  0.4 ,  'type':  1}]
62258,1398777825.2036443,[{'idp':  80 ,  'x':  4.44 ,  'y':  1.21 ,  'r':  0.4 ,  'type':  1} ,  {'idp':  81 ,  'x':  4.59 ,  'y':  1.77 ,  'r':  0.4 ,  'type':  1}]
62259,1398777825.2436032,[{'idp':  80 ,  'x':  4.5 ,  'y':  1.24 ,  'r':  0.4 ,  'type':  1} ,  {'idp':  81 ,  'x':  4.6 ,  'y':  1.72 ,  'r':  0.4 ,  'type':  1}]
62260,1398777825.2436342,[{'idp':  83 ,  'x':  4.24 ,  'y':  0.86 ,  'r':  0.4 ,  'type':  1}]
62261,1398777825.2835712,[{'idp':  83 ,  'x':  4.2 ,  'y':  0.93 ,  'r':  0.4 ,  'type':  1}]
62262,1398777825.2905912,[{'idp':  83 ,  'x':  4.23 ,  'y':  0.94 ,  'r':  0.4 ,  'type':  1}]
62263,1398777825.3276894,[{'idp':  83 ,  'x':  4.23 ,  'y':  0.97 ,  'r':  0.4 ,  'type':  1}]
62264,1398777825.3676066,[{'idp':  83 ,  'x':  4.24 ,  'y':  0.98 ,  'r':  0.4 ,  'type':  1}]
62265,1398777825.367633,[{'idp':  83 ,  'x':  4.27 ,  'y':  0.93 ,  'r':  0.4 ,  'type':  1}]
62266,1398777825.407656,[{'idp':  83 ,  'x':  4.28 ,  'y':  0.89 ,  'r':  0.4 ,  'type':  1}]
62267,1398777825.4180627,[{'idp':  83 ,  'x':  4.26 ,  'y':  0.87 ,  'r':  0.4 ,  'type':  1}]
62268,1398777825.4556046,[{'idp':  83 ,  'x':  4.26 ,  'y':  0.86 ,  'r':  0.4 ,  'type':  1}]
62269,1398777825.495595,[{'idp':  83 ,  'x':  4.23 ,  'y':  0.86 ,  'r':  0.4 ,  'type':  1}]
62270,1398777825.4956167,[{'idp':  83 ,  'x':  4.24 ,  'y':  0.84 ,  'r':  0.4 ,  'type':  1}]
62271,1398777825.5356934,[{'idp':  83 ,  'x':  4.27 ,  'y':  0.84 ,  'r':  0.4 ,  'type':  1}]
62272,1398777825.5421605,[{'idp':  83 ,  'x':  4.3 ,  'y':  0.85 ,  'r':  0.4 ,  'type':  1}]
62273,1398777825.5796247,[{'idp':  83 ,  'x':  4.32 ,  'y':  0.85 ,  'r':  0.4 ,  'type':  1}]
62274,1398777825.6196535,[{'idp':  83 ,  'x':  4.36 ,  'y':  0.85 ,  'r':  0.4 ,  'type':  1}]
62275,1398777825.619682,[{'idp':  83 ,  'x':  4.42 ,  'y':  0.82 ,  'r':  0.4 ,  'type':  1}]
62276,1398777825.6596227,[{'idp':  83 ,  'x':  4.45 ,  'y':  0.79 ,  'r':  0.4 ,  'type':  1}]
62277,1398777825.6669247,[{'idp':  83 ,  'x':  4.5 ,  'y':  0.76 ,  'r':  0.4 ,  'type':  1}]
62278,1398777825.7059927,[{'idp':  83 ,  'x':  4.52 ,  'y':  0.77 ,  'r':  0.4 ,  'type':  1}]
62279,1398777825.7435877,[{'idp':  83 ,  'x':  4.54 ,  'y':  0.77 ,  'r':  0.4 ,  'type':  1}]
62280,1398777825.7436035,[{'idp':  83 ,  'x':  4.54 ,  'y':  0.77 ,  'r':  0.4 ,  'type':  1}]
62281,1398777825.7836423,[{'idp':  83 ,  'x':  4.55 ,  'y':  0.76 ,  'r':  0.4 ,  'type':  1}]
62282,1398777825.7934265,[{'idp':  83 ,  'x':  4.56 ,  'y':  0.74 ,  'r':  0.4 ,  'type':  1}]
62283,1398777825.8315833,[{'idp':  83 ,  'x':  4.58 ,  'y':  0.72 ,  'r':  0.4 ,  'type':  1}]
62284,1398777825.8715644,[{'idp':  83 ,  'x':  4.58 ,  'y':  0.71 ,  'r':  0.4 ,  'type':  1}]
62285,1398777825.871595,[{'idp':  83 ,  'x':  4.59 ,  'y':  0.7 ,  'r':  0.4 ,  'type':  1}]
62286,1398777825.9116063,[{'idp':  83 ,  'x':  4.58 ,  'y':  0.73 ,  'r':  0.4 ,  'type':  1}]
62287,1398777825.9202013,[{'idp':  83 ,  'x':  4.59 ,  'y':  0.71 ,  'r':  0.4 ,  'type':  1}]
62288,1398777825.9595535,[{'idp':  83 ,  'x':  4.6 ,  'y':  0.7 ,  'r':  0.4 ,  'type':  1}]
62289,1398777825.999642,[{'idp':  83 ,  'x':  4.61 ,  'y':  0.65 ,  'r':  0.4 ,  'type':  1}]
62290,1398777825.9996746,[{'idp':  83 ,  'x':  4.61 ,  'y':  0.67 ,  'r':  0.4 ,  'type':  1}]
62291,1398777826.0436485,[{'idp':  83 ,  'x':  4.63 ,  'y':  0.68 ,  'r':  0.4 ,  'type':  1}]
62292,1398777826.0464737,[{'idp':  83 ,  'x':  4.62 ,  'y':  0.68 ,  'r':  0.4 ,  'type':  1}]
62293,1398777826.0835817,[{'idp':  83 ,  'x':  4.64 ,  'y':  0.66 ,  'r':  0.4 ,  'type':  1}]
62294,1398777826.1235886,[{'idp':  83 ,  'x':  4.65 ,  'y':  0.62 ,  'r':  0.4 ,  'type':  1}]
62295,1398777826.123615,[{'idp':  83 ,  'x':  4.64 ,  'y':  0.62 ,  'r':  0.4 ,  'type':  1}]
62296,1398777826.1635962,[{'idp':  83 ,  'x':  4.66 ,  'y':  0.64 ,  'r':  0.4 ,  'type':  1}]
62297,1398777826.1716855,[{'idp':  83 ,  'x':  4.66 ,  'y':  0.64 ,  'r':  0.4 ,  'type':  1}]
62298,1398777826.2115989,[{'idp':  83 ,  'x':  4.68 ,  'y':  0.61 ,  'r':  0.4 ,  'type':  1}]
62299,1398777826.2516289,[{'idp':  83 ,  'x':  4.69 ,  'y':  0.6 ,  'r':  0.4 ,  'type':  1}]
62300,1398777826.251659,[{'idp':  83 ,  'x':  4.71 ,  'y':  0.58 ,  'r':  0.4 ,  'type':  1}]
62301,1398777826.2916622,[{'idp':  83 ,  'x':  4.73 ,  'y':  0.55 ,  'r':  0.4 ,  'type':  1}]
62302,1398777826.2965488,[{'idp':  83 ,  'x':  4.76 ,  'y':  0.52 ,  'r':  0.4 ,  'type':  1}]
62303,1398777826.3356168,[{'idp':  83 ,  'x':  4.78 ,  'y':  0.5 ,  'r':  0.4 ,  'type':  1}]
62304,1398777826.3755949,[{'idp':  83 ,  'x':  4.79 ,  'y':  0.49 ,  'r':  0.4 ,  'type':  1}]
62305,1398777826.3756273,[{'idp':  83 ,  'x':  4.8 ,  'y':  0.48 ,  'r':  0.4 ,  'type':  1}]
62306,1398777826.415598,[{'idp':  83 ,  'x':  4.8 ,  'y':  0.49 ,  'r':  0.4 ,  'type':  1}]
62307,1398777826.4198313,[{'idp':  83 ,  'x':  4.79 ,  'y':  0.47 ,  'r':  0.4 ,  'type':  1}]
62308,1398777826.459672,[{'idp':  83 ,  'x':  4.76 ,  'y':  0.45 ,  'r':  0.4 ,  'type':  1}]
62309,1398777826.499572,[{'idp':  83 ,  'x':  4.72 ,  'y':  0.42 ,  'r':  0.4 ,  'type':  1}]
62310,1398777826.499604,[{'idp':  83 ,  'x':  4.7 ,  'y':  0.42 ,  'r':  0.4 ,  'type':  1}]
62311,1398777826.5396647,[{'idp':  83 ,  'x':  4.71 ,  'y':  0.4 ,  'r':  0.4 ,  'type':  1}]
62312,1398777826.5444412,[{'idp':  83 ,  'x':  4.72 ,  'y':  0.37 ,  'r':  0.4 ,  'type':  1}]
62313,1398777826.5836241,[{'idp':  83 ,  'x':  4.71 ,  'y':  0.36 ,  'r':  0.4 ,  'type':  1}]
62314,1398777826.6236205,[{'idp':  83 ,  'x':  4.72 ,  'y':  0.38 ,  'r':  0.4 ,  'type':  1}]
62315,1398777826.6236434,[{'idp':  83 ,  'x':  4.73 ,  'y':  0.39 ,  'r':  0.4 ,  'type':  1}]
62316,1398777826.6636615,[{'idp':  83 ,  'x':  4.72 ,  'y':  0.39 ,  'r':  0.4 ,  'type':  1}]
62317,1398777826.66984,[{'idp':  83 ,  'x':  4.74 ,  'y':  0.36 ,  'r':  0.4 ,  'type':  1}]
62318,1398777826.707584,[{'idp':  83 ,  'x':  4.75 ,  'y':  0.34 ,  'r':  0.4 ,  'type':  1}]
62319,1398777826.7475636,[{'idp':  83 ,  'x':  4.83 ,  'y':  0.34 ,  'r':  0.4 ,  'type':  1} ,  {'idp':  84 ,  'x':  5.87 ,  'y':  1.52 ,  'r':  0.4 ,  'type':  1}]
62320,1398777826.7475963,[{'idp':  83 ,  'x':  4.9 ,  'y':  0.33 ,  'r':  0.4 ,  'type':  1} ,  {'idp':  84 ,  'x':  5.76 ,  'y':  1.27 ,  'r':  0.4 ,  'type':  1}]
62321,1398777826.78758,[{'idp':  83 ,  'x':  4.96 ,  'y':  0.32 ,  'r':  0.4 ,  'type':  1} ,  {'idp':  84 ,  'x':  5.76 ,  'y':  1.21 ,  'r':  0.4 ,  'type':  1}]
62322,1398777826.7953331,[{'idp':  83 ,  'x':  4.99 ,  'y':  0.29 ,  'r':  0.4 ,  'type':  1} ,  {'idp':  84 ,  'x':  5.77 ,  'y':  1.19 ,  'r':  0.4 ,  'type':  1}]
62323,1398777826.8316355,[{'idp':  83 ,  'x':  4.98 ,  'y':  0.27 ,  'r':  0.4 ,  'type':  1} ,  {'idp':  84 ,  'x':  5.8 ,  'y':  1.19 ,  'r':  0.4 ,  'type':  1}]
62324,1398777826.8715696,[{'idp':  83 ,  'x':  4.98 ,  'y':  0.31 ,  'r':  0.4 ,  'type':  1} ,  {'idp':  84 ,  'x':  5.76 ,  'y':  1.21 ,  'r':  0.4 ,  'type':  1}]
62325,1398777826.8715932,[{'idp':  83 ,  'x':  5.01 ,  'y':  0.32 ,  'r':  0.4 ,  'type':  1} ,  {'idp':  84 ,  'x':  5.73 ,  'y':  1.21 ,  'r':  0.4 ,  'type':  1}]
62326,1398777826.9116356,[{'idp':  83 ,  'x':  5.03 ,  'y':  0.3 ,  'r':  0.4 ,  'type':  1} ,  {'idp':  84 ,  'x':  5.76 ,  'y':  1.17 ,  'r':  0.4 ,  'type':  1}]
62327,1398777826.9208856,[{'idp':  83 ,  'x':  5.06 ,  'y':  0.27 ,  'r':  0.4 ,  'type':  1} ,  {'idp':  84 ,  'x':  5.78 ,  'y':  1.14 ,  'r':  0.4 ,  'type':  1}]
62328,1398777826.9596484,[{'idp':  83 ,  'x':  5.07 ,  'y':  0.22 ,  'r':  0.4 ,  'type':  1} ,  {'idp':  84 ,  'x':  5.81 ,  'y':  1.1 ,  'r':  0.4 ,  'type':  1}]
62329,1398777826.9996014,[{'idp':  83 ,  'x':  5.1 ,  'y':  0.2 ,  'r':  0.4 ,  'type':  1} ,  {'idp':  84 ,  'x':  5.82 ,  'y':  1.09 ,  'r':  0.4 ,  'type':  1}]
62330,1398777826.999633,[{'idp':  83 ,  'x':  5.11 ,  'y':  0.2 ,  'r':  0.4 ,  'type':  1} ,  {'idp':  84 ,  'x':  5.83 ,  'y':  1.08 ,  'r':  0.4 ,  'type':  1}]
62331,1398777827.0395622,[{'idp':  83 ,  'x':  5.13 ,  'y':  0.21 ,  'r':  0.4 ,  'type':  1} ,  {'idp':  84 ,  'x':  5.84 ,  'y':  1.09 ,  'r':  0.4 ,  'type':  1}]
62332,1398777827.046247,[{'idp':  83 ,  'x':  5.14 ,  'y':  0.22 ,  'r':  0.4 ,  'type':  1} ,  {'idp':  84 ,  'x':  5.84 ,  'y':  1.11 ,  'r':  0.4 ,  'type':  1}]
62333,1398777827.08363,[{'idp':  83 ,  'x':  5.14 ,  'y':  0.2 ,  'r':  0.4 ,  'type':  1} ,  {'idp':  84 ,  'x':  5.86 ,  'y':  1.08 ,  'r':  0.4 ,  'type':  1}]
62334,1398777827.1235838,[{'idp':  83 ,  'x':  5.15 ,  'y':  0.18 ,  'r':  0.4 ,  'type':  1} ,  {'idp':  84 ,  'x':  5.85 ,  'y':  1.05 ,  'r':  0.4 ,  'type':  1}]
62335,1398777827.1236086,[{'idp':  83 ,  'x':  5.15 ,  'y':  0.17 ,  'r':  0.4 ,  'type':  1} ,  {'idp':  84 ,  'x':  5.85 ,  'y':  1.02 ,  'r':  0.4 ,  'type':  1}]
62336,1398777827.1635976,[{'idp':  83 ,  'x':  5.16 ,  'y':  0.14 ,  'r':  0.4 ,  'type':  1} ,  {'idp':  84 ,  'x':  5.83 ,  'y':  0.97 ,  'r':  0.4 ,  'type':  1}]
62337,1398777827.1717856,[{'idp':  83 ,  'x':  5.17 ,  'y':  0.15 ,  'r':  0.4 ,  'type':  1} ,  {'idp':  84 ,  'x':  5.83 ,  'y':  0.96 ,  'r':  0.4 ,  'type':  1}]
62338,1398777827.21164,[{'idp':  83 ,  'x':  5.17 ,  'y':  0.17 ,  'r':  0.4 ,  'type':  1} ,  {'idp':  84 ,  'x':  5.84 ,  'y':  0.95 ,  'r':  0.4 ,  'type':  1}]
62339,1398777827.2516072,[{'idp':  83 ,  'x':  5.19 ,  'y':  0.17 ,  'r':  0.4 ,  'type':  1} ,  {'idp':  84 ,  'x':  5.86 ,  'y':  0.94 ,  'r':  0.4 ,  'type':  1}]
62340,1398777827.2516377,[{'idp':  83 ,  'x':  5.18 ,  'y':  0.16 ,  'r':  0.4 ,  'type':  1} ,  {'idp':  84 ,  'x':  5.85 ,  'y':  0.9 ,  'r':  0.4 ,  'type':  1}]
62341,1398777827.2916114,[{'idp':  83 ,  'x':  5.19 ,  'y':  0.16 ,  'r':  0.4 ,  'type':  1} ,  {'idp':  84 ,  'x':  5.9 ,  'y':  0.88 ,  'r':  0.4 ,  'type':  1}]
62342,1398777827.297443,[{'idp':  83 ,  'x':  5.2 ,  'y':  0.16 ,  'r':  0.4 ,  'type':  1} ,  {'idp':  84 ,  'x':  5.94 ,  'y':  0.89 ,  'r':  0.4 ,  'type':  1}]
62343,1398777827.3356116,[{'idp':  83 ,  'x':  5.22 ,  'y':  0.16 ,  'r':  0.4 ,  'type':  1} ,  {'idp':  84 ,  'x':  5.93 ,  'y':  0.87 ,  'r':  0.4 ,  'type':  1}]
62344,1398777827.375609,[{'idp':  83 ,  'x':  5.22 ,  'y':  0.14 ,  'r':  0.4 ,  'type':  1} ,  {'idp':  84 ,  'x':  5.96 ,  'y':  0.87 ,  'r':  0.4 ,  'type':  1}]
62345,1398777827.3756387,[{'idp':  83 ,  'x':  5.23 ,  'y':  0.1 ,  'r':  0.4 ,  'type':  1} ,  {'idp':  84 ,  'x':  5.98 ,  'y':  0.84 ,  'r':  0.4 ,  'type':  1}]
62346,1398777827.415587,[{'idp':  83 ,  'x':  5.23 ,  'y':  0.09 ,  'r':  0.4 ,  'type':  1} ,  {'idp':  84 ,  'x':  6.01 ,  'y':  0.81 ,  'r':  0.4 ,  'type':  1}]
62347,1398777827.4227796,[{'idp':  83 ,  'x':  5.26 ,  'y':  0.08 ,  'r':  0.4 ,  'type':  1} ,  {'idp':  84 ,  'x':  6.04 ,  'y':  0.78 ,  'r':  0.4 ,  'type':  1}]
62348,1398777827.4596674,[{'idp':  83 ,  'x':  5.28 ,  'y':  0.09 ,  'r':  0.4 ,  'type':  1} ,  {'idp':  84 ,  'x':  6.02 ,  'y':  0.78 ,  'r':  0.4 ,  'type':  1}]
62349,1398777827.4995816,[{'idp':  83 ,  'x':  5.27 ,  'y':  0.1 ,  'r':  0.4 ,  'type':  1} ,  {'idp':  84 ,  'x':  6.05 ,  'y':  0.8 ,  'r':  0.4 ,  'type':  1}]
62350,1398777827.4996114,[{'idp':  83 ,  'x':  5.27 ,  'y':  0.09 ,  'r':  0.4 ,  'type':  1} ,  {'idp':  84 ,  'x':  6.05 ,  'y':  0.8 ,  'r':  0.4 ,  'type':  1}]
62351,1398777827.539718,[{'idp':  83 ,  'x':  5.29 ,  'y':  0.06 ,  'r':  0.4 ,  'type':  1} ,  {'idp':  84 ,  'x':  6.04 ,  'y':  0.73 ,  'r':  0.4 ,  'type':  1}]
62352,1398777827.5480065,[{'idp':  83 ,  'x':  5.3 ,  'y':  0.02 ,  'r':  0.4 ,  'type':  1} ,  {'idp':  84 ,  'x':  6.06 ,  'y':  0.7 ,  'r':  0.4 ,  'type':  1}]
62353,1398777827.587612,[{'idp':  83 ,  'x':  5.33 ,  'y':  -0.01 ,  'r':  0.4 ,  'type':  1} ,  {'idp':  84 ,  'x':  6.07 ,  'y':  0.67 ,  'r':  0.4 ,  'type':  1}]
62354,1398777827.6276848,[{'idp':  83 ,  'x':  5.35 ,  'y':  -0.02 ,  'r':  0.4 ,  'type':  1} ,  {'idp':  84 ,  'x':  6.08 ,  'y':  0.66 ,  'r':  0.4 ,  'type':  1}]
62355,1398777827.627742,[{'idp':  83 ,  'x':  5.37 ,  'y':  -0.06 ,  'r':  0.4 ,  'type':  1} ,  {'idp':  84 ,  'x':  6.11 ,  'y':  0.65 ,  'r':  0.4 ,  'type':  1}]
62356,1398777827.6676438,[{'idp':  83 ,  'x':  5.38 ,  'y':  -0.08 ,  'r':  0.4 ,  'type':  1} ,  {'idp':  84 ,  'x':  6.11 ,  'y':  0.61 ,  'r':  0.4 ,  'type':  1}]
62357,1398777827.673165,[{'idp':  83 ,  'x':  5.37 ,  'y':  -0.1 ,  'r':  0.4 ,  'type':  1} ,  {'idp':  84 ,  'x':  6.13 ,  'y':  0.57 ,  'r':  0.4 ,  'type':  1}]
62358,1398777827.711536,[{'idp':  83 ,  'x':  5.36 ,  'y':  -0.12 ,  'r':  0.4 ,  'type':  1} ,  {'idp':  84 ,  'x':  6.15 ,  'y':  0.57 ,  'r':  0.4 ,  'type':  1}]
62359,1398777827.75164,[{'idp':  83 ,  'x':  5.35 ,  'y':  -0.1 ,  'r':  0.4 ,  'type':  1} ,  {'idp':  84 ,  'x':  6.15 ,  'y':  0.57 ,  'r':  0.4 ,  'type':  1}]
62360,1398777827.7516668,[{'idp':  83 ,  'x':  5.31 ,  'y':  -0.12 ,  'r':  0.4 ,  'type':  1} ,  {'idp':  84 ,  'x':  6.18 ,  'y':  0.56 ,  'r':  0.4 ,  'type':  1}]
62361,1398777827.7915845,[{'idp':  83 ,  'x':  5.31 ,  'y':  -0.13 ,  'r':  0.4 ,  'type':  1} ,  {'idp':  84 ,  'x':  6.17 ,  'y':  0.53 ,  'r':  0.4 ,  'type':  1}]
62362,1398777827.798973,[{'idp':  83 ,  'x':  5.33 ,  'y':  -0.14 ,  'r':  0.4 ,  'type':  1} ,  {'idp':  84 ,  'x':  6.19 ,  'y':  0.49 ,  'r':  0.4 ,  'type':  1}]
62363,1398777827.8355932,[{'idp':  83 ,  'x':  5.3 ,  'y':  -0.15 ,  'r':  0.4 ,  'type':  1} ,  {'idp':  84 ,  'x':  6.2 ,  'y':  0.47 ,  'r':  0.4 ,  'type':  1}]
62364,1398777827.8755693,[{'idp':  83 ,  'x':  5.29 ,  'y':  -0.13 ,  'r':  0.4 ,  'type':  1} ,  {'idp':  84 ,  'x':  6.22 ,  'y':  0.49 ,  'r':  0.4 ,  'type':  1}]
62365,1398777827.8756406,[{'idp':  83 ,  'x':  5.27 ,  'y':  -0.12 ,  'r':  0.4 ,  'type':  1} ,  {'idp':  84 ,  'x':  6.21 ,  'y':  0.49 ,  'r':  0.4 ,  'type':  1}]
62366,1398777827.915673,[{'idp':  83 ,  'x':  5.28 ,  'y':  -0.12 ,  'r':  0.4 ,  'type':  1} ,  {'idp':  84 ,  'x':  6.21 ,  'y':  0.48 ,  'r':  0.4 ,  'type':  1}]
62367,1398777827.9243941,[{'idp':  83 ,  'x':  5.27 ,  'y':  -0.14 ,  'r':  0.4 ,  'type':  1} ,  {'idp':  84 ,  'x':  6.2 ,  'y':  0.45 ,  'r':  0.4 ,  'type':  1}]
62368,1398777827.9636092,[{'idp':  83 ,  'x':  5.3 ,  'y':  -0.16 ,  'r':  0.4 ,  'type':  1} ,  {'idp':  84 ,  'x':  6.18 ,  'y':  0.41 ,  'r':  0.4 ,  'type':  1}]
62369,1398777828.003595,[{'idp':  83 ,  'x':  5.28 ,  'y':  -0.17 ,  'r':  0.4 ,  'type':  1} ,  {'idp':  84 ,  'x':  6.16 ,  'y':  0.39 ,  'r':  0.4 ,  'type':  1}]
62370,1398777828.003615,[{'idp':  83 ,  'x':  5.32 ,  'y':  -0.21 ,  'r':  0.4 ,  'type':  1} ,  {'idp':  84 ,  'x':  6.18 ,  'y':  0.36 ,  'r':  0.4 ,  'type':  1}]
62371,1398777828.0435736,[{'idp':  83 ,  'x':  5.42 ,  'y':  -0.22 ,  'r':  0.4 ,  'type':  1} ,  {'idp':  84 ,  'x':  6.19 ,  'y':  0.36 ,  'r':  0.4 ,  'type':  1}]
62372,1398777828.0495002,[{'idp':  83 ,  'x':  5.49 ,  'y':  -0.23 ,  'r':  0.4 ,  'type':  1} ,  {'idp':  84 ,  'x':  6.2 ,  'y':  0.36 ,  'r':  0.4 ,  'type':  1}]
62373,1398777828.0875714,[{'idp':  83 ,  'x':  5.54 ,  'y':  -0.25 ,  'r':  0.4 ,  'type':  1} ,  {'idp':  84 ,  'x':  6.21 ,  'y':  0.34 ,  'r':  0.4 ,  'type':  1}]
62374,1398777828.127622,[{'idp':  83 ,  'x':  5.57 ,  'y':  -0.28 ,  'r':  0.4 ,  'type':  1} ,  {'idp':  84 ,  'x':  6.2 ,  'y':  0.31 ,  'r':  0.4 ,  'type':  1}]
62375,1398777828.1276538,[{'idp':  83 ,  'x':  5.57 ,  'y':  -0.31 ,  'r':  0.4 ,  'type':  1} ,  {'idp':  84 ,  'x':  6.22 ,  'y':  0.27 ,  'r':  0.4 ,  'type':  1}]
62376,1398777828.1675644,[{'idp':  83 ,  'x':  5.58 ,  'y':  -0.32 ,  'r':  0.4 ,  'type':  1} ,  {'idp':  84 ,  'x':  6.23 ,  'y':  0.27 ,  'r':  0.4 ,  'type':  1}]
62377,1398777828.1746874,[{'idp':  83 ,  'x':  5.58 ,  'y':  -0.28 ,  'r':  0.4 ,  'type':  1} ,  {'idp':  84 ,  'x':  6.27 ,  'y':  0.29 ,  'r':  0.4 ,  'type':  1}]
62378,1398777828.2115717,[{'idp':  83 ,  'x':  5.59 ,  'y':  -0.27 ,  'r':  0.4 ,  'type':  1} ,  {'idp':  84 ,  'x':  6.26 ,  'y':  0.3 ,  'r':  0.4 ,  'type':  1}]
62379,1398777828.2516065,[{'idp':  83 ,  'x':  5.6 ,  'y':  -0.29 ,  'r':  0.4 ,  'type':  1} ,  {'idp':  84 ,  'x':  6.26 ,  'y':  0.27 ,  'r':  0.4 ,  'type':  1}]
62380,1398777828.2516475,[{'idp':  83 ,  'x':  5.61 ,  'y':  -0.33 ,  'r':  0.4 ,  'type':  1} ,  {'idp':  84 ,  'x':  6.28 ,  'y':  0.22 ,  'r':  0.4 ,  'type':  1}]
62381,1398777828.2915435,[{'idp':  83 ,  'x':  5.63 ,  'y':  -0.34 ,  'r':  0.4 ,  'type':  1} ,  {'idp':  84 ,  'x':  6.26 ,  'y':  0.19 ,  'r':  0.4 ,  'type':  1}]
62382,1398777828.3000178,[{'idp':  83 ,  'x':  5.64 ,  'y':  -0.35 ,  'r':  0.4 ,  'type':  1} ,  {'idp':  84 ,  'x':  6.24 ,  'y':  0.2 ,  'r':  0.4 ,  'type':  1}]
62383,1398777828.3395996,[{'idp':  83 ,  'x':  5.66 ,  'y':  -0.36 ,  'r':  0.4 ,  'type':  1} ,  {'idp':  84 ,  'x':  6.23 ,  'y':  0.2 ,  'r':  0.4 ,  'type':  1}]
62384,1398777828.379644,[{'idp':  83 ,  'x':  5.67 ,  'y':  -0.37 ,  'r':  0.4 ,  'type':  1} ,  {'idp':  84 ,  'x':  6.26 ,  'y':  0.18 ,  'r':  0.4 ,  'type':  1}]
62385,1398777828.379678,[{'idp':  83 ,  'x':  5.68 ,  'y':  -0.41 ,  'r':  0.4 ,  'type':  1} ,  {'idp':  84 ,  'x':  6.21 ,  'y':  0.15 ,  'r':  0.4 ,  'type':  1}]
62386,1398777828.419559,[{'idp':  83 ,  'x':  5.69 ,  'y':  -0.43 ,  'r':  0.4 ,  'type':  1} ,  {'idp':  84 ,  'x':  6.23 ,  'y':  0.11 ,  'r':  0.4 ,  'type':  1}]
62387,1398777828.4261415,[{'idp':  83 ,  'x':  5.69 ,  'y':  -0.41 ,  'r':  0.4 ,  'type':  1} ,  {'idp':  84 ,  'x':  6.27 ,  'y':  0.11 ,  'r':  0.4 ,  'type':  1}]
62388,1398777828.4636345,[{'idp':  83 ,  'x':  5.7 ,  'y':  -0.41 ,  'r':  0.4 ,  'type':  1} ,  {'idp':  84 ,  'x':  6.32 ,  'y':  0.14 ,  'r':  0.4 ,  'type':  1}]
62389,1398777828.5035713,[{'idp':  83 ,  'x':  5.71 ,  'y':  -0.4 ,  'r':  0.4 ,  'type':  1} ,  {'idp':  84 ,  'x':  6.36 ,  'y':  0.14 ,  'r':  0.4 ,  'type':  1}]
62390,1398777828.5036056,[{'idp':  83 ,  'x':  5.69 ,  'y':  -0.41 ,  'r':  0.4 ,  'type':  1} ,  {'idp':  84 ,  'x':  6.39 ,  'y':  0.1 ,  'r':  0.4 ,  'type':  1}]
62391,1398777828.5436144,[{'idp':  83 ,  'x':  5.69 ,  'y':  -0.42 ,  'r':  0.4 ,  'type':  1} ,  {'idp':  84 ,  'x':  6.41 ,  'y':  0.04 ,  'r':  0.4 ,  'type':  1}]
62392,1398777828.5511503,[{'idp':  83 ,  'x':  5.69 ,  'y':  -0.46 ,  'r':  0.4 ,  'type':  1} ,  {'idp':  84 ,  'x':  6.41 ,  'y':  0.02 ,  'r':  0.4 ,  'type':  1}]
62393,1398777828.587589,[{'idp':  83 ,  'x':  5.73 ,  'y':  -0.49 ,  'r':  0.4 ,  'type':  1} ,  {'idp':  84 ,  'x':  6.38 ,  'y':  0.01 ,  'r':  0.4 ,  'type':  1}]
62394,1398777828.6276212,[{'idp':  83 ,  'x':  5.74 ,  'y':  -0.47 ,  'r':  0.4 ,  'type':  1} ,  {'idp':  84 ,  'x':  6.37 ,  'y':  0.04 ,  'r':  0.4 ,  'type':  1}]
62395,1398777828.6276565,[{'idp':  83 ,  'x':  5.74 ,  'y':  -0.46 ,  'r':  0.4 ,  'type':  1} ,  {'idp':  84 ,  'x':  6.39 ,  'y':  0.08 ,  'r':  0.4 ,  'type':  1}]
62396,1398777828.667492,[{'idp':  83 ,  'x':  5.75 ,  'y':  -0.5 ,  'r':  0.4 ,  'type':  1} ,  {'idp':  84 ,  'x':  6.39 ,  'y':  0.03 ,  'r':  0.4 ,  'type':  1}]
62397,1398777828.6770463,[{'idp':  83 ,  'x':  5.77 ,  'y':  -0.52 ,  'r':  0.4 ,  'type':  1} ,  {'idp':  84 ,  'x':  6.44 ,  'y':  -0.01 ,  'r':  0.4 ,  'type':  1}]
62398,1398777828.7156007,[{'idp':  83 ,  'x':  5.79 ,  'y':  -0.56 ,  'r':  0.4 ,  'type':  1} ,  {'idp':  84 ,  'x':  6.45 ,  'y':  -0.06 ,  'r':  0.4 ,  'type':  1}]
62399,1398777828.755616,[{'idp':  83 ,  'x':  5.81 ,  'y':  -0.54 ,  'r':  0.4 ,  'type':  1} ,  {'idp':  84 ,  'x':  6.47 ,  'y':  -0.06 ,  'r':  0.4 ,  'type':  1}]
62400,1398777828.7556522,[{'idp':  83 ,  'x':  5.82 ,  'y':  -0.55 ,  'r':  0.4 ,  'type':  1} ,  {'idp':  84 ,  'x':  6.48 ,  'y':  -0.06 ,  'r':  0.4 ,  'type':  1}]
62401,1398777828.7957108,[{'idp':  83 ,  'x':  5.82 ,  'y':  -0.53 ,  'r':  0.4 ,  'type':  1} ,  {'idp':  84 ,  'x':  6.48 ,  'y':  -0.06 ,  'r':  0.4 ,  'type':  1}]
62402,1398777828.8016667,[{'idp':  83 ,  'x':  5.82 ,  'y':  -0.52 ,  'r':  0.4 ,  'type':  1} ,  {'idp':  84 ,  'x':  6.51 ,  'y':  -0.05 ,  'r':  0.4 ,  'type':  1}]
62403,1398777828.839603,[{'idp':  83 ,  'x':  5.84 ,  'y':  -0.52 ,  'r':  0.4 ,  'type':  1} ,  {'idp':  84 ,  'x':  6.54 ,  'y':  -0.07 ,  'r':  0.4 ,  'type':  1}]
62404,1398777828.8796124,[{'idp':  83 ,  'x':  5.86 ,  'y':  -0.51 ,  'r':  0.4 ,  'type':  1} ,  {'idp':  84 ,  'x':  6.56 ,  'y':  -0.1 ,  'r':  0.4 ,  'type':  1}]
62405,1398777828.8796484,[{'idp':  83 ,  'x':  5.86 ,  'y':  -0.5 ,  'r':  0.4 ,  'type':  1} ,  {'idp':  84 ,  'x':  6.57 ,  'y':  -0.06 ,  'r':  0.4 ,  'type':  1}]
62406,1398777828.9196038,[{'idp':  83 ,  'x':  5.87 ,  'y':  -0.46 ,  'r':  0.4 ,  'type':  1} ,  {'idp':  84 ,  'x':  6.57 ,  'y':  -0.01 ,  'r':  0.4 ,  'type':  1}]
62407,1398777828.927649,[{'idp':  83 ,  'x':  5.87 ,  'y':  -0.45 ,  'r':  0.4 ,  'type':  1} ,  {'idp':  84 ,  'x':  6.56 ,  'y':  -0.01 ,  'r':  0.4 ,  'type':  1}]
62408,1398777828.9675593,[{'idp':  83 ,  'x':  5.87 ,  'y':  -0.45 ,  'r':  0.4 ,  'type':  1} ,  {'idp':  84 ,  'x':  6.55 ,  'y':  -0.0 ,  'r':  0.4 ,  'type':  1}]
62409,1398777829.0075965,[{'idp':  83 ,  'x':  5.86 ,  'y':  -0.45 ,  'r':  0.4 ,  'type':  1} ,  {'idp':  84 ,  'x':  6.56 ,  'y':  0.0 ,  'r':  0.4 ,  'type':  1}]
62410,1398777829.0076294,[{'idp':  83 ,  'x':  5.85 ,  'y':  -0.45 ,  'r':  0.4 ,  'type':  1} ,  {'idp':  84 ,  'x':  6.58 ,  'y':  -0.03 ,  'r':  0.4 ,  'type':  1}]
62411,1398777829.047612,[{'idp':  83 ,  'x':  5.81 ,  'y':  -0.47 ,  'r':  0.4 ,  'type':  1} ,  {'idp':  84 ,  'x':  6.58 ,  'y':  -0.06 ,  'r':  0.4 ,  'type':  1}]
62412,1398777829.052754,[{'idp':  83 ,  'x':  5.77 ,  'y':  -0.49 ,  'r':  0.4 ,  'type':  1} ,  {'idp':  84 ,  'x':  6.54 ,  'y':  -0.1 ,  'r':  0.4 ,  'type':  1}]
62413,1398777829.0916104,[{'idp':  83 ,  'x':  5.77 ,  'y':  -0.52 ,  'r':  0.4 ,  'type':  1} ,  {'idp':  84 ,  'x':  6.58 ,  'y':  -0.12 ,  'r':  0.4 ,  'type':  1}]
62414,1398777829.1315851,[{'idp':  83 ,  'x':  5.78 ,  'y':  -0.54 ,  'r':  0.4 ,  'type':  1} ,  {'idp':  84 ,  'x':  6.59 ,  'y':  -0.14 ,  'r':  0.4 ,  'type':  1}]
62415,1398777829.131618,[{'idp':  83 ,  'x':  5.81 ,  'y':  -0.56 ,  'r':  0.4 ,  'type':  1} ,  {'idp':  84 ,  'x':  6.62 ,  'y':  -0.19 ,  'r':  0.4 ,  'type':  1}]
62416,1398777829.1715622,[{'idp':  83 ,  'x':  5.81 ,  'y':  -0.57 ,  'r':  0.4 ,  'type':  1} ,  {'idp':  84 ,  'x':  6.62 ,  'y':  -0.2 ,  'r':  0.4 ,  'type':  1}]
62417,1398777829.1777973,[{'idp':  83 ,  'x':  5.82 ,  'y':  -0.57 ,  'r':  0.4 ,  'type':  1} ,  {'idp':  84 ,  'x':  6.63 ,  'y':  -0.2 ,  'r':  0.4 ,  'type':  1}]
62418,1398777829.215536,[{'idp':  83 ,  'x':  5.83 ,  'y':  -0.59 ,  'r':  0.4 ,  'type':  1} ,  {'idp':  84 ,  'x':  6.63 ,  'y':  -0.2 ,  'r':  0.4 ,  'type':  1}]
62419,1398777829.2556214,[{'idp':  83 ,  'x':  5.83 ,  'y':  -0.59 ,  'r':  0.4 ,  'type':  1} ,  {'idp':  84 ,  'x':  6.63 ,  'y':  -0.2 ,  'r':  0.4 ,  'type':  1}]
62420,1398777829.255653,[{'idp':  83 ,  'x':  5.81 ,  'y':  -0.57 ,  'r':  0.4 ,  'type':  1} ,  {'idp':  84 ,  'x':  6.64 ,  'y':  -0.2 ,  'r':  0.4 ,  'type':  1}]
62421,1398777829.2957187,[{'idp':  83 ,  'x':  5.81 ,  'y':  -0.57 ,  'r':  0.4 ,  'type':  1} ,  {'idp':  84 ,  'x':  6.64 ,  'y':  -0.2 ,  'r':  0.4 ,  'type':  1}]
62422,1398777829.3038385,[{'idp':  83 ,  'x':  5.82 ,  'y':  -0.6 ,  'r':  0.4 ,  'type':  1} ,  {'idp':  84 ,  'x':  6.65 ,  'y':  -0.22 ,  'r':  0.4 ,  'type':  1}]
62423,1398777829.3436167,[{'idp':  83 ,  'x':  5.83 ,  'y':  -0.61 ,  'r':  0.4 ,  'type':  1} ,  {'idp':  84 ,  'x':  6.67 ,  'y':  -0.25 ,  'r':  0.4 ,  'type':  1}]
62424,1398777829.3835642,[{'idp':  83 ,  'x':  5.83 ,  'y':  -0.61 ,  'r':  0.4 ,  'type':  1} ,  {'idp':  84 ,  'x':  6.64 ,  'y':  -0.25 ,  'r':  0.4 ,  'type':  1}]
62425,1398777829.3835945,[{'idp':  83 ,  'x':  5.87 ,  'y':  -0.64 ,  'r':  0.4 ,  'type':  1} ,  {'idp':  84 ,  'x':  6.65 ,  'y':  -0.28 ,  'r':  0.4 ,  'type':  1}]
62426,1398777829.4236104,[{'idp':  83 ,  'x':  5.94 ,  'y':  -0.64 ,  'r':  0.4 ,  'type':  1} ,  {'idp':  84 ,  'x':  6.59 ,  'y':  -0.26 ,  'r':  0.4 ,  'type':  1}]
62427,1398777829.4285748,[{'idp':  83 ,  'x':  6.01 ,  'y':  -0.64 ,  'r':  0.4 ,  'type':  1} ,  {'idp':  84 ,  'x':  6.62 ,  'y':  -0.29 ,  'r':  0.4 ,  'type':  1}]
62428,1398777829.4675326,[{'idp':  83 ,  'x':  6.04 ,  'y':  -0.65 ,  'r':  0.4 ,  'type':  1} ,  {'idp':  84 ,  'x':  6.68 ,  'y':  -0.31 ,  'r':  0.4 ,  'type':  1}]
62429,1398777829.5076385,[{'idp':  83 ,  'x':  6.06 ,  'y':  -0.68 ,  'r':  0.4 ,  'type':  1} ,  {'idp':  84 ,  'x':  6.71 ,  'y':  -0.34 ,  'r':  0.4 ,  'type':  1}]
62430,1398777829.507677,[{'idp':  83 ,  'x':  6.06 ,  'y':  -0.72 ,  'r':  0.4 ,  'type':  1} ,  {'idp':  84 ,  'x':  6.73 ,  'y':  -0.37 ,  'r':  0.4 ,  'type':  1}]
62431,1398777829.5476263,[{'idp':  83 ,  'x':  6.08 ,  'y':  -0.72 ,  'r':  0.4 ,  'type':  1} ,  {'idp':  84 ,  'x':  6.75 ,  'y':  -0.38 ,  'r':  0.4 ,  'type':  1}]
62432,1398777829.5540087,[{'idp':  83 ,  'x':  6.11 ,  'y':  -0.74 ,  'r':  0.4 ,  'type':  1} ,  {'idp':  84 ,  'x':  6.77 ,  'y':  -0.41 ,  'r':  0.4 ,  'type':  1}]
62433,1398777829.5916293,[{'idp':  83 ,  'x':  6.12 ,  'y':  -0.75 ,  'r':  0.4 ,  'type':  1} ,  {'idp':  84 ,  'x':  6.79 ,  'y':  -0.41 ,  'r':  0.4 ,  'type':  1}]
62434,1398777829.6315563,[{'idp':  83 ,  'x':  6.14 ,  'y':  -0.75 ,  'r':  0.4 ,  'type':  1} ,  {'idp':  84 ,  'x':  6.79 ,  'y':  -0.4 ,  'r':  0.4 ,  'type':  1}]
62435,1398777829.6315866,[{'idp':  83 ,  'x':  6.18 ,  'y':  -0.77 ,  'r':  0.4 ,  'type':  1} ,  {'idp':  84 ,  'x':  6.78 ,  'y':  -0.41 ,  'r':  0.4 ,  'type':  1}]
62436,1398777829.6715589,[{'idp':  83 ,  'x':  6.17 ,  'y':  -0.8 ,  'r':  0.4 ,  'type':  1} ,  {'idp':  84 ,  'x':  6.79 ,  'y':  -0.42 ,  'r':  0.4 ,  'type':  1}]
62437,1398777829.6794612,[{'idp':  83 ,  'x':  6.18 ,  'y':  -0.82 ,  'r':  0.4 ,  'type':  1} ,  {'idp':  84 ,  'x':  6.78 ,  'y':  -0.41 ,  'r':  0.4 ,  'type':  1}]
62438,1398777829.7155995,[{'idp':  83 ,  'x':  6.2 ,  'y':  -0.8 ,  'r':  0.4 ,  'type':  1} ,  {'idp':  84 ,  'x':  6.79 ,  'y':  -0.38 ,  'r':  0.4 ,  'type':  1}]
62439,1398777829.7555707,[{'idp':  83 ,  'x':  6.22 ,  'y':  -0.79 ,  'r':  0.4 ,  'type':  1} ,  {'idp':  84 ,  'x':  6.77 ,  'y':  -0.36 ,  'r':  0.4 ,  'type':  1}]
62440,1398777829.7956948,[{'idp':  83 ,  'x':  6.21 ,  'y':  -0.79 ,  'r':  0.4 ,  'type':  1} ,  {'idp':  84 ,  'x':  6.78 ,  'y':  -0.31 ,  'r':  0.4 ,  'type':  1}]
62441,1398777829.7957225,[{'idp':  83 ,  'x':  6.2 ,  'y':  -0.82 ,  'r':  0.4 ,  'type':  1} ,  {'idp':  84 ,  'x':  6.78 ,  'y':  -0.33 ,  'r':  0.4 ,  'type':  1}]
62442,1398777829.835557,[{'idp':  83 ,  'x':  6.19 ,  'y':  -0.79 ,  'r':  0.4 ,  'type':  1} ,  {'idp':  84 ,  'x':  6.77 ,  'y':  -0.3 ,  'r':  0.4 ,  'type':  1}]
62443,1398777829.83559,[{'idp':  83 ,  'x':  6.2 ,  'y':  -0.78 ,  'r':  0.4 ,  'type':  1} ,  {'idp':  84 ,  'x':  6.78 ,  'y':  -0.3 ,  'r':  0.4 ,  'type':  1}]
62444,1398777829.8756504,[{'idp':  83 ,  'x':  6.2 ,  'y':  -0.73 ,  'r':  0.4 ,  'type':  1} ,  {'idp':  84 ,  'x':  6.8 ,  'y':  -0.28 ,  'r':  0.4 ,  'type':  1}]
62445,1398777829.8819244,[{'idp':  83 ,  'x':  6.21 ,  'y':  -0.71 ,  'r':  0.4 ,  'type':  1} ,  {'idp':  84 ,  'x':  6.83 ,  'y':  -0.28 ,  'r':  0.4 ,  'type':  1}]
62446,1398777829.919592,[{'idp':  83 ,  'x':  6.22 ,  'y':  -0.7 ,  'r':  0.4 ,  'type':  1} ,  {'idp':  84 ,  'x':  6.86 ,  'y':  -0.28 ,  'r':  0.4 ,  'type':  1}]
62447,1398777829.960024,[{'idp':  83 ,  'x':  6.23 ,  'y':  -0.67 ,  'r':  0.4 ,  'type':  1} ,  {'idp':  84 ,  'x':  6.88 ,  'y':  -0.3 ,  'r':  0.4 ,  'type':  1}]
62448,1398777829.9600554,[{'idp':  83 ,  'x':  6.23 ,  'y':  -0.65 ,  'r':  0.4 ,  'type':  1} ,  {'idp':  84 ,  'x':  6.86 ,  'y':  -0.28 ,  'r':  0.4 ,  'type':  1}]
62449,1398777829.9996142,[{'idp':  83 ,  'x':  6.23 ,  'y':  -0.64 ,  'r':  0.4 ,  'type':  1} ,  {'idp':  84 ,  'x':  6.88 ,  'y':  -0.29 ,  'r':  0.4 ,  'type':  1}]
62450,1398777830.0082445,[{'idp':  83 ,  'x':  6.25 ,  'y':  -0.61 ,  'r':  0.4 ,  'type':  1} ,  {'idp':  84 ,  'x':  6.91 ,  'y':  -0.26 ,  'r':  0.4 ,  'type':  1}]
62451,1398777830.0476,[{'idp':  83 ,  'x':  6.29 ,  'y':  -0.6 ,  'r':  0.4 ,  'type':  1} ,  {'idp':  84 ,  'x':  6.96 ,  'y':  -0.29 ,  'r':  0.4 ,  'type':  1}]
62452,1398777830.0876088,[{'idp':  83 ,  'x':  6.33 ,  'y':  -0.65 ,  'r':  0.4 ,  'type':  1} ,  {'idp':  84 ,  'x':  6.94 ,  'y':  -0.35 ,  'r':  0.4 ,  'type':  1}]
62453,1398777830.087641,[{'idp':  83 ,  'x':  6.36 ,  'y':  -0.7 ,  'r':  0.4 ,  'type':  1} ,  {'idp':  84 ,  'x':  6.93 ,  'y':  -0.42 ,  'r':  0.4 ,  'type':  1}]
62454,1398777830.127654,[{'idp':  83 ,  'x':  6.36 ,  'y':  -0.75 ,  'r':  0.4 ,  'type':  1} ,  {'idp':  84 ,  'x':  6.9 ,  'y':  -0.48 ,  'r':  0.4 ,  'type':  1}]
62455,1398777830.1339703,[{'idp':  83 ,  'x':  6.34 ,  'y':  -0.76 ,  'r':  0.4 ,  'type':  1} ,  {'idp':  84 ,  'x':  6.85 ,  'y':  -0.51 ,  'r':  0.4 ,  'type':  1}]
62456,1398777830.1715574,[{'idp':  83 ,  'x':  6.33 ,  'y':  -0.75 ,  'r':  0.4 ,  'type':  1} ,  {'idp':  84 ,  'x':  6.8 ,  'y':  -0.5 ,  'r':  0.4 ,  'type':  1}]
62457,1398777830.211661,[{'idp':  83 ,  'x':  6.34 ,  'y':  -0.74 ,  'r':  0.4 ,  'type':  1} ,  {'idp':  84 ,  'x':  6.85 ,  'y':  -0.48 ,  'r':  0.4 ,  'type':  1}]
62458,1398777830.2116892,[{'idp':  83 ,  'x':  6.34 ,  'y':  -0.72 ,  'r':  0.4 ,  'type':  1} ,  {'idp':  84 ,  'x':  6.88 ,  'y':  -0.47 ,  'r':  0.4 ,  'type':  1}]
62459,1398777830.251597,[{'idp':  83 ,  'x':  6.35 ,  'y':  -0.71 ,  'r':  0.4 ,  'type':  1} ,  {'idp':  84 ,  'x':  6.94 ,  'y':  -0.46 ,  'r':  0.4 ,  'type':  1}]
62460,1398777830.2588613,[{'idp':  83 ,  'x':  6.34 ,  'y':  -0.71 ,  'r':  0.4 ,  'type':  1} ,  {'idp':  84 ,  'x':  6.96 ,  'y':  -0.46 ,  'r':  0.4 ,  'type':  1}]
62461,1398777830.295665,[{'idp':  83 ,  'x':  6.38 ,  'y':  -0.71 ,  'r':  0.4 ,  'type':  1} ,  {'idp':  84 ,  'x':  6.95 ,  'y':  -0.47 ,  'r':  0.4 ,  'type':  1}]
62462,1398777830.335613,[{'idp':  83 ,  'x':  6.32 ,  'y':  -0.75 ,  'r':  0.4 ,  'type':  1} ,  {'idp':  84 ,  'x':  7.0 ,  'y':  -0.51 ,  'r':  0.4 ,  'type':  1}]
62463,1398777830.3356419,[{'idp':  83 ,  'x':  6.27 ,  'y':  -0.76 ,  'r':  0.4 ,  'type':  1} ,  {'idp':  84 ,  'x':  6.96 ,  'y':  -0.49 ,  'r':  0.4 ,  'type':  1}]
62464,1398777830.375652,[{'idp':  83 ,  'x':  6.29 ,  'y':  -0.77 ,  'r':  0.4 ,  'type':  1} ,  {'idp':  84 ,  'x':  6.98 ,  'y':  -0.54 ,  'r':  0.4 ,  'type':  1}]
62465,1398777830.38291,[{'idp':  83 ,  'x':  6.29 ,  'y':  -0.8 ,  'r':  0.4 ,  'type':  1} ,  {'idp':  84 ,  'x':  6.97 ,  'y':  -0.57 ,  'r':  0.4 ,  'type':  1}]
62466,1398777830.419641,[{'idp':  83 ,  'x':  6.33 ,  'y':  -0.82 ,  'r':  0.4 ,  'type':  1} ,  {'idp':  84 ,  'x':  6.97 ,  'y':  -0.58 ,  'r':  0.4 ,  'type':  1}]
62467,1398777830.4595733,[{'idp':  83 ,  'x':  6.35 ,  'y':  -0.84 ,  'r':  0.4 ,  'type':  1} ,  {'idp':  84 ,  'x':  6.96 ,  'y':  -0.58 ,  'r':  0.4 ,  'type':  1}]
62468,1398777830.4595892,[{'idp':  83 ,  'x':  6.38 ,  'y':  -0.86 ,  'r':  0.4 ,  'type':  1} ,  {'idp':  84 ,  'x':  6.96 ,  'y':  -0.59 ,  'r':  0.4 ,  'type':  1}]
62469,1398777830.4996452,[{'idp':  83 ,  'x':  6.39 ,  'y':  -0.84 ,  'r':  0.4 ,  'type':  1} ,  {'idp':  84 ,  'x':  6.94 ,  'y':  -0.58 ,  'r':  0.4 ,  'type':  1}]
62470,1398777830.5077581,[{'idp':  83 ,  'x':  6.41 ,  'y':  -0.85 ,  'r':  0.4 ,  'type':  1} ,  {'idp':  84 ,  'x':  6.95 ,  'y':  -0.58 ,  'r':  0.4 ,  'type':  1}]
62471,1398777830.5476308,[{'idp':  83 ,  'x':  6.4 ,  'y':  -0.85 ,  'r':  0.4 ,  'type':  1} ,  {'idp':  84 ,  'x':  6.92 ,  'y':  -0.58 ,  'r':  0.4 ,  'type':  1}]
62472,1398777830.5876296,[{'idp':  83 ,  'x':  6.39 ,  'y':  -0.87 ,  'r':  0.4 ,  'type':  1} ,  {'idp':  84 ,  'x':  6.93 ,  'y':  -0.61 ,  'r':  0.4 ,  'type':  1}]
62473,1398777830.5876603,[{'idp':  83 ,  'x':  6.38 ,  'y':  -0.89 ,  'r':  0.4 ,  'type':  1} ,  {'idp':  84 ,  'x':  6.95 ,  'y':  -0.64 ,  'r':  0.4 ,  'type':  1}]
62474,1398777830.6276057,[{'idp':  83 ,  'x':  6.41 ,  'y':  -0.89 ,  'r':  0.4 ,  'type':  1} ,  {'idp':  84 ,  'x':  7.0 ,  'y':  -0.64 ,  'r':  0.4 ,  'type':  1}]
62475,1398777830.63239,[{'idp':  83 ,  'x':  6.39 ,  'y':  -0.86 ,  'r':  0.4 ,  'type':  1} ,  {'idp':  84 ,  'x':  7.06 ,  'y':  -0.62 ,  'r':  0.4 ,  'type':  1}]
62476,1398777830.6716123,[{'idp':  83 ,  'x':  6.36 ,  'y':  -0.83 ,  'r':  0.4 ,  'type':  1} ,  {'idp':  84 ,  'x':  7.07 ,  'y':  -0.59 ,  'r':  0.4 ,  'type':  1}]
62477,1398777830.7115936,[{'idp':  83 ,  'x':  6.37 ,  'y':  -0.81 ,  'r':  0.4 ,  'type':  1} ,  {'idp':  84 ,  'x':  7.1 ,  'y':  -0.56 ,  'r':  0.4 ,  'type':  1}]
62478,1398777830.7116225,[{'idp':  83 ,  'x':  6.38 ,  'y':  -0.84 ,  'r':  0.4 ,  'type':  1} ,  {'idp':  84 ,  'x':  7.09 ,  'y':  -0.6 ,  'r':  0.4 ,  'type':  1}]
62479,1398777830.7515793,[{'idp':  83 ,  'x':  6.37 ,  'y':  -0.88 ,  'r':  0.4 ,  'type':  1} ,  {'idp':  84 ,  'x':  7.11 ,  'y':  -0.64 ,  'r':  0.4 ,  'type':  1}]
62480,1398777830.7583945,[{'idp':  83 ,  'x':  6.33 ,  'y':  -0.91 ,  'r':  0.4 ,  'type':  1} ,  {'idp':  84 ,  'x':  7.1 ,  'y':  -0.64 ,  'r':  0.4 ,  'type':  1}]
62481,1398777830.7956364,[{'idp':  83 ,  'x':  6.33 ,  'y':  -0.95 ,  'r':  0.4 ,  'type':  1} ,  {'idp':  84 ,  'x':  7.12 ,  'y':  -0.71 ,  'r':  0.4 ,  'type':  1}]
62482,1398777830.8356192,[{'idp':  83 ,  'x':  6.47 ,  'y':  -1.0 ,  'r':  0.4 ,  'type':  1} ,  {'idp':  84 ,  'x':  7.12 ,  'y':  -0.71 ,  'r':  0.4 ,  'type':  1}]
62483,1398777830.8356404,[{'idp':  83 ,  'x':  6.52 ,  'y':  -1.0 ,  'r':  0.4 ,  'type':  1} ,  {'idp':  84 ,  'x':  7.13 ,  'y':  -0.68 ,  'r':  0.4 ,  'type':  1}]
62484,1398777830.8756974,[{'idp':  83 ,  'x':  6.55 ,  'y':  -1.02 ,  'r':  0.4 ,  'type':  1} ,  {'idp':  84 ,  'x':  7.11 ,  'y':  -0.71 ,  'r':  0.4 ,  'type':  1}]
62485,1398777830.8833764,[{'idp':  83 ,  'x':  6.57 ,  'y':  -1.05 ,  'r':  0.4 ,  'type':  1} ,  {'idp':  84 ,  'x':  7.11 ,  'y':  -0.74 ,  'r':  0.4 ,  'type':  1}]
62486,1398777830.9195728,[{'idp':  83 ,  'x':  6.56 ,  'y':  -1.08 ,  'r':  0.4 ,  'type':  1} ,  {'idp':  84 ,  'x':  7.13 ,  'y':  -0.73 ,  'r':  0.4 ,  'type':  1}]
62487,1398777830.9596052,[{'idp':  83 ,  'x':  6.59 ,  'y':  -1.1 ,  'r':  0.4 ,  'type':  1} ,  {'idp':  84 ,  'x':  7.12 ,  'y':  -0.73 ,  'r':  0.4 ,  'type':  1}]
62488,1398777830.9596364,[{'idp':  83 ,  'x':  6.6 ,  'y':  -1.09 ,  'r':  0.4 ,  'type':  1} ,  {'idp':  84 ,  'x':  7.16 ,  'y':  -0.71 ,  'r':  0.4 ,  'type':  1}]
62489,1398777830.9996192,[{'idp':  83 ,  'x':  6.64 ,  'y':  -1.08 ,  'r':  0.4 ,  'type':  1} ,  {'idp':  84 ,  'x':  7.11 ,  'y':  -0.71 ,  'r':  0.4 ,  'type':  1}]
62490,1398777831.0096645,[{'idp':  83 ,  'x':  6.64 ,  'y':  -1.1 ,  'r':  0.4 ,  'type':  1} ,  {'idp':  84 ,  'x':  7.12 ,  'y':  -0.73 ,  'r':  0.4 ,  'type':  1}]
62491,1398777831.0476055,[{'idp':  83 ,  'x':  6.66 ,  'y':  -1.12 ,  'r':  0.4 ,  'type':  1} ,  {'idp':  84 ,  'x':  7.14 ,  'y':  -0.75 ,  'r':  0.4 ,  'type':  1}]
62492,1398777831.0876555,[{'idp':  83 ,  'x':  6.65 ,  'y':  -1.11 ,  'r':  0.4 ,  'type':  1} ,  {'idp':  84 ,  'x':  7.2 ,  'y':  -0.79 ,  'r':  0.4 ,  'type':  1}]
62493,1398777831.087689,[{'idp':  83 ,  'x':  6.64 ,  'y':  -1.15 ,  'r':  0.4 ,  'type':  1} ,  {'idp':  84 ,  'x':  7.23 ,  'y':  -0.82 ,  'r':  0.4 ,  'type':  1}]
62494,1398777831.1275759,[{'idp':  83 ,  'x':  6.65 ,  'y':  -1.14 ,  'r':  0.4 ,  'type':  1} ,  {'idp':  84 ,  'x':  7.27 ,  'y':  -0.84 ,  'r':  0.4 ,  'type':  1}]
62495,1398777831.1344538,[{'idp':  83 ,  'x':  6.66 ,  'y':  -1.18 ,  'r':  0.4 ,  'type':  1} ,  {'idp':  84 ,  'x':  7.28 ,  'y':  -0.89 ,  'r':  0.4 ,  'type':  1}]
62496,1398777831.1715925,[{'idp':  83 ,  'x':  6.67 ,  'y':  -1.17 ,  'r':  0.4 ,  'type':  1} ,  {'idp':  84 ,  'x':  7.27 ,  'y':  -0.94 ,  'r':  0.4 ,  'type':  1}]
62497,1398777831.2116122,[{'idp':  83 ,  'x':  6.67 ,  'y':  -1.21 ,  'r':  0.4 ,  'type':  1} ,  {'idp':  84 ,  'x':  7.27 ,  'y':  -0.96 ,  'r':  0.4 ,  'type':  1}]
62498,1398777831.2116463,[{'idp':  83 ,  'x':  6.67 ,  'y':  -1.18 ,  'r':  0.4 ,  'type':  1} ,  {'idp':  84 ,  'x':  7.32 ,  'y':  -0.95 ,  'r':  0.4 ,  'type':  1}]
62499,1398777831.2515664,[{'idp':  83 ,  'x':  6.68 ,  'y':  -1.18 ,  'r':  0.4 ,  'type':  1} ,  {'idp':  84 ,  'x':  7.18 ,  'y':  -0.95 ,  'r':  0.4 ,  'type':  1}]
62500,1398777831.2604167,[{'idp':  83 ,  'x':  6.7 ,  'y':  -1.18 ,  'r':  0.4 ,  'type':  1} ,  {'idp':  84 ,  'x':  7.11 ,  'y':  -0.95 ,  'r':  0.4 ,  'type':  1}]
62501,1398777831.299643,[{'idp':  83 ,  'x':  6.72 ,  'y':  -1.21 ,  'r':  0.4 ,  'type':  1} ,  {'idp':  84 ,  'x':  7.1 ,  'y':  -1.0 ,  'r':  0.4 ,  'type':  1}]
62502,1398777831.339584,[{'idp':  83 ,  'x':  6.73 ,  'y':  -1.28 ,  'r':  0.4 ,  'type':  1} ,  {'idp':  84 ,  'x':  7.1 ,  'y':  -1.04 ,  'r':  0.4 ,  'type':  1}]
62503,1398777831.3396142,[{'idp':  83 ,  'x':  6.76 ,  'y':  -1.3 ,  'r':  0.4 ,  'type':  1} ,  {'idp':  84 ,  'x':  7.09 ,  'y':  -1.07 ,  'r':  0.4 ,  'type':  1}]
62504,1398777831.3795772,[{'idp':  83 ,  'x':  6.76 ,  'y':  -1.31 ,  'r':  0.4 ,  'type':  1} ,  {'idp':  84 ,  'x':  6.96 ,  'y':  -1.15 ,  'r':  0.4 ,  'type':  1}]
62505,1398777831.3847973,[{'idp':  83 ,  'x':  6.78 ,  'y':  -1.32 ,  'r':  0.4 ,  'type':  1} ,  {'idp':  84 ,  'x':  6.92 ,  'y':  -1.22 ,  'r':  0.4 ,  'type':  1}]
62506,1398777831.4235928,[{'idp':  83 ,  'x':  6.79 ,  'y':  -1.32 ,  'r':  0.4 ,  'type':  1} ,  {'idp':  84 ,  'x':  6.9 ,  'y':  -1.26 ,  'r':  0.4 ,  'type':  1}]
62507,1398777831.463582,[{'idp':  83 ,  'x':  6.79 ,  'y':  -1.33 ,  'r':  0.4 ,  'type':  1} ,  {'idp':  84 ,  'x':  6.9 ,  'y':  -1.28 ,  'r':  0.4 ,  'type':  1}]
62508,1398777831.4636095,[{'idp':  83 ,  'x':  6.8 ,  'y':  -1.35 ,  'r':  0.4 ,  'type':  1} ,  {'idp':  84 ,  'x':  6.94 ,  'y':  -1.28 ,  'r':  0.4 ,  'type':  1}]
62509,1398777831.5036144,[{'idp':  83 ,  'x':  6.79 ,  'y':  -1.38 ,  'r':  0.4 ,  'type':  1} ,  {'idp':  84 ,  'x':  6.95 ,  'y':  -1.3 ,  'r':  0.4 ,  'type':  1}]
62510,1398777831.5108101,[{'idp':  83 ,  'x':  6.76 ,  'y':  -1.41 ,  'r':  0.4 ,  'type':  1} ,  {'idp':  84 ,  'x':  6.97 ,  'y':  -1.32 ,  'r':  0.4 ,  'type':  1}]
62511,1398777831.5476356,[{'idp':  83 ,  'x':  6.77 ,  'y':  -1.42 ,  'r':  0.2 ,  'type':  1} ,  {'idp':  84 ,  'x':  7.37 ,  'y':  -1.19 ,  'r':  0.2 ,  'type':  1}]
62512,1398777831.5876064,[{'idp':  83 ,  'x':  6.73 ,  'y':  -1.45 ,  'r':  0.2 ,  'type':  1} ,  {'idp':  84 ,  'x':  7.27 ,  'y':  -1.22 ,  'r':  0.2 ,  'type':  1}]
62513,1398777831.5876343,[{'idp':  83 ,  'x':  6.73 ,  'y':  -1.43 ,  'r':  0.2 ,  'type':  1} ,  {'idp':  84 ,  'x':  7.28 ,  'y':  -1.27 ,  'r':  0.2 ,  'type':  1}]
62514,1398777831.6275973,[{'idp':  83 ,  'x':  6.73 ,  'y':  -1.43 ,  'r':  0.2 ,  'type':  1} ,  {'idp':  84 ,  'x':  7.32 ,  'y':  -1.31 ,  'r':  0.2 ,  'type':  1}]
62515,1398777831.635483,[{'idp':  83 ,  'x':  6.69 ,  'y':  -1.47 ,  'r':  0.2 ,  'type':  1} ,  {'idp':  84 ,  'x':  7.39 ,  'y':  -1.32 ,  'r':  0.2 ,  'type':  1}]
62516,1398777831.6715403,[{'idp':  83 ,  'x':  6.68 ,  'y':  -1.45 ,  'r':  0.2 ,  'type':  1} ,  {'idp':  84 ,  'x':  7.39 ,  'y':  -1.32 ,  'r':  0.2 ,  'type':  1}]
62517,1398777831.7115493,[{'idp':  83 ,  'x':  6.67 ,  'y':  -1.42 ,  'r':  0.2 ,  'type':  1} ,  {'idp':  84 ,  'x':  7.41 ,  'y':  -1.29 ,  'r':  0.2 ,  'type':  1}]
62518,1398777831.711581,[{'idp':  83 ,  'x':  6.66 ,  'y':  -1.43 ,  'r':  0.2 ,  'type':  1} ,  {'idp':  84 ,  'x':  7.43 ,  'y':  -1.29 ,  'r':  0.2 ,  'type':  1}]
62519,1398777831.751631,[{'idp':  83 ,  'x':  6.68 ,  'y':  -1.45 ,  'r':  0.2 ,  'type':  1} ,  {'idp':  84 ,  'x':  7.47 ,  'y':  -1.33 ,  'r':  0.2 ,  'type':  1}]
62520,1398777831.7609704,[{'idp':  83 ,  'x':  6.67 ,  'y':  -1.46 ,  'r':  0.2 ,  'type':  1} ,  {'idp':  84 ,  'x':  7.45 ,  'y':  -1.33 ,  'r':  0.2 ,  'type':  1}]
62521,1398777831.7995548,[{'idp':  83 ,  'x':  6.68 ,  'y':  -1.47 ,  'r':  0.2 ,  'type':  1} ,  {'idp':  84 ,  'x':  7.46 ,  'y':  -1.33 ,  'r':  0.2 ,  'type':  1}]
62522,1398777831.8395672,[{'idp':  83 ,  'x':  6.68 ,  'y':  -1.47 ,  'r':  0.2 ,  'type':  1} ,  {'idp':  84 ,  'x':  7.45 ,  'y':  -1.33 ,  'r':  0.2 ,  'type':  1}]
62523,1398777831.839599,[{'idp':  83 ,  'x':  6.66 ,  'y':  -1.43 ,  'r':  0.2 ,  'type':  1} ,  {'idp':  84 ,  'x':  7.44 ,  'y':  -1.33 ,  'r':  0.2 ,  'type':  1}]
62524,1398777831.8795447,[{'idp':  83 ,  'x':  6.65 ,  'y':  -1.41 ,  'r':  0.2 ,  'type':  1} ,  {'idp':  84 ,  'x':  7.47 ,  'y':  -1.3 ,  'r':  0.2 ,  'type':  1}]
62525,1398777831.887671,[{'idp':  83 ,  'x':  6.63 ,  'y':  -1.39 ,  'r':  0.2 ,  'type':  1} ,  {'idp':  84 ,  'x':  7.46 ,  'y':  -1.3 ,  'r':  0.2 ,  'type':  1}]
62526,1398777831.9275823,[{'idp':  83 ,  'x':  6.65 ,  'y':  -1.43 ,  'r':  0.2 ,  'type':  1} ,  {'idp':  84 ,  'x':  7.45 ,  'y':  -1.3 ,  'r':  0.2 ,  'type':  1}]
62527,1398777831.967718,[{'idp':  83 ,  'x':  6.66 ,  'y':  -1.48 ,  'r':  0.2 ,  'type':  1} ,  {'idp':  84 ,  'x':  7.43 ,  'y':  -1.33 ,  'r':  0.2 ,  'type':  1}]
62528,1398777831.967752,[{'idp':  83 ,  'x':  6.68 ,  'y':  -1.57 ,  'r':  0.2 ,  'type':  1} ,  {'idp':  84 ,  'x':  7.41 ,  'y':  -1.36 ,  'r':  0.2 ,  'type':  1}]
62529,1398777832.007604,[{'idp':  83 ,  'x':  6.68 ,  'y':  -1.54 ,  'r':  0.2 ,  'type':  1} ,  {'idp':  84 ,  'x':  7.42 ,  'y':  -1.36 ,  'r':  0.2 ,  'type':  1}]
62530,1398777832.011723,[{'idp':  83 ,  'x':  6.67 ,  'y':  -1.51 ,  'r':  0.2 ,  'type':  1} ,  {'idp':  84 ,  'x':  7.41 ,  'y':  -1.32 ,  'r':  0.2 ,  'type':  1}]
62531,1398777832.0516438,[{'idp':  83 ,  'x':  6.68 ,  'y':  -1.47 ,  'r':  0.2 ,  'type':  1} ,  {'idp':  84 ,  'x':  7.42 ,  'y':  -1.29 ,  'r':  0.2 ,  'type':  1}]
62532,1398777832.0916324,[{'idp':  83 ,  'x':  6.7 ,  'y':  -1.49 ,  'r':  0.2 ,  'type':  1} ,  {'idp':  84 ,  'x':  7.43 ,  'y':  -1.31 ,  'r':  0.2 ,  'type':  1}]
62533,1398777832.0916655,[{'idp':  83 ,  'x':  6.72 ,  'y':  -1.54 ,  'r':  0.2 ,  'type':  1} ,  {'idp':  84 ,  'x':  7.44 ,  'y':  -1.33 ,  'r':  0.2 ,  'type':  1}]
62534,1398777832.131612,[{'idp':  83 ,  'x':  6.79 ,  'y':  -1.61 ,  'r':  0.2 ,  'type':  1} ,  {'idp':  84 ,  'x':  7.48 ,  'y':  -1.4 ,  'r':  0.2 ,  'type':  1}]
62535,1398777832.1370656,[{'idp':  83 ,  'x':  6.85 ,  'y':  -1.71 ,  'r':  0.2 ,  'type':  1} ,  {'idp':  84 ,  'x':  7.45 ,  'y':  -1.45 ,  'r':  0.2 ,  'type':  1}]
62536,1398777832.1755502,[{'idp':  83 ,  'x':  6.91 ,  'y':  -1.74 ,  'r':  0.2 ,  'type':  1} ,  {'idp':  84 ,  'x':  7.49 ,  'y':  -1.49 ,  'r':  0.2 ,  'type':  1}]
62537,1398777832.2155786,[{'idp':  83 ,  'x':  6.93 ,  'y':  -1.74 ,  'r':  0.2 ,  'type':  1} ,  {'idp':  84 ,  'x':  7.51 ,  'y':  -1.51 ,  'r':  0.2 ,  'type':  1}]
62538,1398777832.2156024,[{'idp':  83 ,  'x':  6.94 ,  'y':  -1.75 ,  'r':  0.2 ,  'type':  1} ,  {'idp':  84 ,  'x':  7.51 ,  'y':  -1.49 ,  'r':  0.2 ,  'type':  1}]
62539,1398777832.2555718,[{'idp':  83 ,  'x':  6.96 ,  'y':  -1.74 ,  'r':  0.2 ,  'type':  1} ,  {'idp':  84 ,  'x':  7.54 ,  'y':  -1.5 ,  'r':  0.2 ,  'type':  1}]
62540,1398777832.263805,[{'idp':  83 ,  'x':  6.98 ,  'y':  -1.72 ,  'r':  0.2 ,  'type':  1} ,  {'idp':  84 ,  'x':  7.56 ,  'y':  -1.5 ,  'r':  0.2 ,  'type':  1}]
62541,1398777832.3035998,[{'idp':  83 ,  'x':  6.97 ,  'y':  -1.71 ,  'r':  0.2 ,  'type':  1} ,  {'idp':  84 ,  'x':  7.58 ,  'y':  -1.56 ,  'r':  0.2 ,  'type':  1}]
62542,1398777832.3435767,[{'idp':  83 ,  'x':  6.94 ,  'y':  -1.65 ,  'r':  0.2 ,  'type':  1} ,  {'idp':  84 ,  'x':  7.63 ,  'y':  -1.6 ,  'r':  0.2 ,  'type':  1}]
62543,1398777832.3436055,[{'idp':  83 ,  'x':  6.93 ,  'y':  -1.65 ,  'r':  0.2 ,  'type':  1} ,  {'idp':  84 ,  'x':  7.65 ,  'y':  -1.63 ,  'r':  0.2 ,  'type':  1}]
62544,1398777832.3836296,[{'idp':  83 ,  'x':  6.93 ,  'y':  -1.66 ,  'r':  0.2 ,  'type':  1} ,  {'idp':  84 ,  'x':  7.7 ,  'y':  -1.67 ,  'r':  0.2 ,  'type':  1}]
62545,1398777832.3878825,[{'idp':  83 ,  'x':  6.94 ,  'y':  -1.68 ,  'r':  0.2 ,  'type':  1} ,  {'idp':  84 ,  'x':  7.75 ,  'y':  -1.72 ,  'r':  0.2 ,  'type':  1}]
62546,1398777832.4276423,[{'idp':  83 ,  'x':  6.92 ,  'y':  -1.71 ,  'r':  0.2 ,  'type':  1} ,  {'idp':  84 ,  'x':  7.69 ,  'y':  -1.71 ,  'r':  0.2 ,  'type':  1}]
62547,1398777832.4676147,[{'idp':  83 ,  'x':  6.92 ,  'y':  -1.73 ,  'r':  0.2 ,  'type':  1} ,  {'idp':  84 ,  'x':  7.69 ,  'y':  -1.71 ,  'r':  0.2 ,  'type':  1}]
62548,1398777832.4676468,[{'idp':  83 ,  'x':  6.93 ,  'y':  -1.71 ,  'r':  0.2 ,  'type':  1} ,  {'idp':  84 ,  'x':  7.69 ,  'y':  -1.71 ,  'r':  0.2 ,  'type':  1}]
62549,1398777832.5076323,[{'idp':  83 ,  'x':  6.95 ,  'y':  -1.68 ,  'r':  0.2 ,  'type':  1} ,  {'idp':  84 ,  'x':  7.69 ,  'y':  -1.71 ,  'r':  0.2 ,  'type':  1}]
62550,1398777832.514295,[{'idp':  83 ,  'x':  6.95 ,  'y':  -1.68 ,  'r':  0.2 ,  'type':  1} ,  {'idp':  84 ,  'x':  7.69 ,  'y':  -1.71 ,  'r':  0.2 ,  'type':  1}]
62551,1398777832.5515842,[{'idp':  83 ,  'x':  6.95 ,  'y':  -1.72 ,  'r':  0.2 ,  'type':  1} ,  {'idp':  84 ,  'x':  7.69 ,  'y':  -1.71 ,  'r':  0.2 ,  'type':  1}]
62552,1398777832.5915914,[{'idp':  83 ,  'x':  6.97 ,  'y':  -1.77 ,  'r':  0.2 ,  'type':  1} ,  {'idp':  84 ,  'x':  7.5 ,  'y':  -1.7 ,  'r':  0.2 ,  'type':  1}]
62553,1398777832.5916224,[{'idp':  83 ,  'x':  6.98 ,  'y':  -1.8 ,  'r':  0.2 ,  'type':  1} ,  {'idp':  84 ,  'x':  7.45 ,  'y':  -1.74 ,  'r':  0.2 ,  'type':  1}]
62554,1398777832.6316385,[{'idp':  83 ,  'x':  7.0 ,  'y':  -1.81 ,  'r':  0.2 ,  'type':  1} ,  {'idp':  84 ,  'x':  7.42 ,  'y':  -1.75 ,  'r':  0.2 ,  'type':  1}]
62555,1398777832.6393406,[{'idp':  83 ,  'x':  6.99 ,  'y':  -1.82 ,  'r':  0.2 ,  'type':  1} ,  {'idp':  84 ,  'x':  7.45 ,  'y':  -1.75 ,  'r':  0.2 ,  'type':  1}]
62556,1398777832.6755977,[{'idp':  83 ,  'x':  7.04 ,  'y':  -1.82 ,  'r':  0.2 ,  'type':  1} ,  {'idp':  84 ,  'x':  7.48 ,  'y':  -1.76 ,  'r':  0.2 ,  'type':  1}]
62557,1398777832.715564,[{'idp':  83 ,  'x':  7.06 ,  'y':  -1.88 ,  'r':  0.2 ,  'type':  1} ,  {'idp':  84 ,  'x':  7.59 ,  'y':  -1.82 ,  'r':  0.2 ,  'type':  1}]
62558,1398777832.7155902,[{'idp':  83 ,  'x':  7.1 ,  'y':  -1.93 ,  'r':  0.2 ,  'type':  1} ,  {'idp':  84 ,  'x':  7.57 ,  'y':  -1.87 ,  'r':  0.2 ,  'type':  1}]
62559,1398777832.755646,[{'idp':  83 ,  'x':  7.07 ,  'y':  -1.99 ,  'r':  0.2 ,  'type':  1} ,  {'idp':  84 ,  'x':  7.58 ,  'y':  -1.92 ,  'r':  0.2 ,  'type':  1}]
62560,1398777832.7646644,[{'idp':  83 ,  'x':  7.09 ,  'y':  -2.05 ,  'r':  0.2 ,  'type':  1} ,  {'idp':  84 ,  'x':  7.61 ,  'y':  -1.95 ,  'r':  0.2 ,  'type':  1}]
62561,1398777832.8035746,[{'idp':  83 ,  'x':  7.08 ,  'y':  -2.08 ,  'r':  0.2 ,  'type':  1} ,  {'idp':  84 ,  'x':  7.69 ,  'y':  -1.95 ,  'r':  0.2 ,  'type':  1}]
62562,1398777832.843631,[{'idp':  83 ,  'x':  7.06 ,  'y':  -2.11 ,  'r':  0.2 ,  'type':  1} ,  {'idp':  84 ,  'x':  7.68 ,  'y':  -1.95 ,  'r':  0.2 ,  'type':  1}]
62563,1398777832.8436503,[{'idp':  83 ,  'x':  7.05 ,  'y':  -2.1 ,  'r':  0.2 ,  'type':  1} ,  {'idp':  84 ,  'x':  7.7 ,  'y':  -1.92 ,  'r':  0.2 ,  'type':  1}]
62564,1398777832.8836474,[{'idp':  83 ,  'x':  7.04 ,  'y':  -2.12 ,  'r':  0.2 ,  'type':  1} ,  {'idp':  84 ,  'x':  7.73 ,  'y':  -1.95 ,  'r':  0.2 ,  'type':  1}]
62565,1398777832.8906298,[{'idp':  83 ,  'x':  7.01 ,  'y':  -2.14 ,  'r':  0.2 ,  'type':  1} ,  {'idp':  84 ,  'x':  7.73 ,  'y':  -1.98 ,  'r':  0.2 ,  'type':  1}]
62566,1398777832.927573,[{'idp':  83 ,  'x':  7.0 ,  'y':  -2.14 ,  'r':  0.2 ,  'type':  1} ,  {'idp':  84 ,  'x':  7.73 ,  'y':  -2.0 ,  'r':  0.2 ,  'type':  1}]
62567,1398777832.9676027,[{'idp':  83 ,  'x':  6.99 ,  'y':  -2.12 ,  'r':  0.2 ,  'type':  1} ,  {'idp':  84 ,  'x':  7.72 ,  'y':  -1.99 ,  'r':  0.2 ,  'type':  1}]
62568,1398777832.9676397,[{'idp':  83 ,  'x':  6.97 ,  'y':  -2.11 ,  'r':  0.2 ,  'type':  1} ,  {'idp':  84 ,  'x':  7.74 ,  'y':  -2.0 ,  'r':  0.2 ,  'type':  1}]
62569,1398777833.0076704,[{'idp':  83 ,  'x':  6.96 ,  'y':  -2.13 ,  'r':  0.2 ,  'type':  1} ,  {'idp':  84 ,  'x':  7.73 ,  'y':  -1.99 ,  'r':  0.2 ,  'type':  1}]
62570,1398777833.0152876,[{'idp':  83 ,  'x':  6.99 ,  'y':  -2.15 ,  'r':  0.2 ,  'type':  1} ,  {'idp':  84 ,  'x':  7.67 ,  'y':  -1.9 ,  'r':  0.2 ,  'type':  1}]
62571,1398777833.051587,[{'idp':  83 ,  'x':  6.97 ,  'y':  -2.16 ,  'r':  0.2 ,  'type':  1} ,  {'idp':  84 ,  'x':  7.67 ,  'y':  -1.93 ,  'r':  0.2 ,  'type':  1}]
62572,1398777833.091588,[{'idp':  83 ,  'x':  6.94 ,  'y':  -2.19 ,  'r':  0.2 ,  'type':  1} ,  {'idp':  84 ,  'x':  7.64 ,  'y':  -1.96 ,  'r':  0.2 ,  'type':  1}]
62573,1398777833.0916178,[{'idp':  83 ,  'x':  6.94 ,  'y':  -2.19 ,  'r':  0.2 ,  'type':  1} ,  {'idp':  84 ,  'x':  7.64 ,  'y':  -1.94 ,  'r':  0.2 ,  'type':  1}]
62574,1398777833.131664,[{'idp':  83 ,  'x':  6.91 ,  'y':  -2.16 ,  'r':  0.2 ,  'type':  1} ,  {'idp':  84 ,  'x':  7.66 ,  'y':  -1.93 ,  'r':  0.2 ,  'type':  1}]
62575,1398777833.1403944,[{'idp':  83 ,  'x':  6.95 ,  'y':  -2.16 ,  'r':  0.2 ,  'type':  1} ,  {'idp':  84 ,  'x':  7.66 ,  'y':  -1.91 ,  'r':  0.2 ,  'type':  1}]
62576,1398777833.1796305,[{'idp':  83 ,  'x':  6.96 ,  'y':  -2.2 ,  'r':  0.2 ,  'type':  1} ,  {'idp':  84 ,  'x':  7.68 ,  'y':  -1.95 ,  'r':  0.2 ,  'type':  1}]
62577,1398777833.2195573,[{'idp':  83 ,  'x':  6.97 ,  'y':  -2.25 ,  'r':  0.2 ,  'type':  1} ,  {'idp':  84 ,  'x':  7.69 ,  'y':  -1.99 ,  'r':  0.2 ,  'type':  1}]
62578,1398777833.219588,[{'idp':  83 ,  'x':  6.96 ,  'y':  -2.28 ,  'r':  0.2 ,  'type':  1} ,  {'idp':  84 ,  'x':  7.7 ,  'y':  -2.03 ,  'r':  0.2 ,  'type':  1}]
62579,1398777833.2596204,[{'idp':  83 ,  'x':  6.96 ,  'y':  -2.28 ,  'r':  0.2 ,  'type':  1} ,  {'idp':  84 ,  'x':  7.7 ,  'y':  -2.03 ,  'r':  0.2 ,  'type':  1}]
62580,1398777833.265789,[{'idp':  83 ,  'x':  7.0 ,  'y':  -2.24 ,  'r':  0.2 ,  'type':  1} ,  {'idp':  84 ,  'x':  7.7 ,  'y':  -1.97 ,  'r':  0.2 ,  'type':  1}]
62581,1398777833.3036354,[{'idp':  83 ,  'x':  7.01 ,  'y':  -2.26 ,  'r':  0.2 ,  'type':  1} ,  {'idp':  84 ,  'x':  7.7 ,  'y':  -1.97 ,  'r':  0.2 ,  'type':  1}]
62582,1398777833.3435745,[{'idp':  83 ,  'x':  7.03 ,  'y':  -2.28 ,  'r':  0.2 ,  'type':  1} ,  {'idp':  84 ,  'x':  7.75 ,  'y':  -2.04 ,  'r':  0.2 ,  'type':  1}]
62583,1398777833.343608,[{'idp':  83 ,  'x':  7.05 ,  'y':  -2.36 ,  'r':  0.2 ,  'type':  1} ,  {'idp':  84 ,  'x':  7.81 ,  'y':  -2.13 ,  'r':  0.2 ,  'type':  1}]
62584,1398777833.3836882,[{'idp':  83 ,  'x':  7.06 ,  'y':  -2.4 ,  'r':  0.2 ,  'type':  1} ,  {'idp':  84 ,  'x':  7.88 ,  'y':  -2.22 ,  'r':  0.2 ,  'type':  1}]
62585,1398777833.3914053,[{'idp':  83 ,  'x':  7.09 ,  'y':  -2.46 ,  'r':  0.2 ,  'type':  1} ,  {'idp':  84 ,  'x':  7.85 ,  'y':  -2.33 ,  'r':  0.2 ,  'type':  1}]
62586,1398777833.427565,[{'idp':  83 ,  'x':  7.14 ,  'y':  -2.48 ,  'r':  0.2 ,  'type':  1} ,  {'idp':  84 ,  'x':  7.82 ,  'y':  -2.34 ,  'r':  0.2 ,  'type':  1}]
62587,1398777833.467547,[{'idp':  83 ,  'x':  7.18 ,  'y':  -2.49 ,  'r':  0.2 ,  'type':  1} ,  {'idp':  84 ,  'x':  7.82 ,  'y':  -2.35 ,  'r':  0.2 ,  'type':  1}]
62588,1398777833.4675796,[{'idp':  83 ,  'x':  7.18 ,  'y':  -2.49 ,  'r':  0.2 ,  'type':  1} ,  {'idp':  84 ,  'x':  7.75 ,  'y':  -2.37 ,  'r':  0.2 ,  'type':  1}]
62589,1398777833.5076342,[{'idp':  83 ,  'x':  7.19 ,  'y':  -2.49 ,  'r':  0.2 ,  'type':  1} ,  {'idp':  84 ,  'x':  7.74 ,  'y':  -2.37 ,  'r':  0.2 ,  'type':  1}]
62590,1398777833.5165894,[{'idp':  83 ,  'x':  7.22 ,  'y':  -2.5 ,  'r':  0.2 ,  'type':  1} ,  {'idp':  84 ,  'x':  7.71 ,  'y':  -2.36 ,  'r':  0.2 ,  'type':  1}]
62591,1398777833.555631,[{'idp':  83 ,  'x':  7.23 ,  'y':  -2.51 ,  'r':  0.2 ,  'type':  1} ,  {'idp':  84 ,  'x':  7.67 ,  'y':  -2.36 ,  'r':  0.2 ,  'type':  1}]
62592,1398777833.5955317,[{'idp':  83 ,  'x':  7.24 ,  'y':  -2.53 ,  'r':  0.2 ,  'type':  1} ,  {'idp':  84 ,  'x':  7.67 ,  'y':  -2.4 ,  'r':  0.2 ,  'type':  1}]
62593,1398777833.595563,[{'idp':  83 ,  'x':  7.23 ,  'y':  -2.54 ,  'r':  0.2 ,  'type':  1} ,  {'idp':  84 ,  'x':  7.66 ,  'y':  -2.43 ,  'r':  0.2 ,  'type':  1}]
62594,1398777833.6356034,[{'idp':  83 ,  'x':  7.23 ,  'y':  -2.56 ,  'r':  0.2 ,  'type':  1} ,  {'idp':  84 ,  'x':  7.64 ,  'y':  -2.43 ,  'r':  0.2 ,  'type':  1}]
62595,1398777833.6418812,[{'idp':  83 ,  'x':  7.25 ,  'y':  -2.55 ,  'r':  0.2 ,  'type':  1} ,  {'idp':  84 ,  'x':  7.65 ,  'y':  -2.41 ,  'r':  0.2 ,  'type':  1}]
62596,1398777833.679628,[{'idp':  83 ,  'x':  7.26 ,  'y':  -2.52 ,  'r':  0.2 ,  'type':  1} ,  {'idp':  84 ,  'x':  7.6 ,  'y':  -2.4 ,  'r':  0.2 ,  'type':  1}]
62597,1398777833.719593,[{'idp':  83 ,  'x':  7.22 ,  'y':  -2.46 ,  'r':  0.2 ,  'type':  1} ,  {'idp':  84 ,  'x':  7.65 ,  'y':  -2.37 ,  'r':  0.2 ,  'type':  1}]
62598,1398777833.7196121,[{'idp':  83 ,  'x':  7.21 ,  'y':  -2.39 ,  'r':  0.2 ,  'type':  1} ,  {'idp':  84 ,  'x':  7.65 ,  'y':  -2.37 ,  'r':  0.2 ,  'type':  1}]
62599,1398777833.7595851,[{'idp':  83 ,  'x':  7.21 ,  'y':  -2.39 ,  'r':  0.2 ,  'type':  1} ,  {'idp':  84 ,  'x':  7.61 ,  'y':  -2.38 ,  'r':  0.2 ,  'type':  1}]
62600,1398777833.7679229,[{'idp':  83 ,  'x':  7.22 ,  'y':  -2.42 ,  'r':  0.2 ,  'type':  1} ,  {'idp':  84 ,  'x':  7.57 ,  'y':  -2.4 ,  'r':  0.2 ,  'type':  1}]
62601,1398777833.8076806,[{'idp':  83 ,  'x':  7.2 ,  'y':  -2.44 ,  'r':  0.2 ,  'type':  1} ,  {'idp':  84 ,  'x':  7.56 ,  'y':  -2.44 ,  'r':  0.2 ,  'type':  1}]
62602,1398777833.8476233,[{'idp':  83 ,  'x':  7.22 ,  'y':  -2.47 ,  'r':  0.2 ,  'type':  1} ,  {'idp':  84 ,  'x':  7.49 ,  'y':  -2.45 ,  'r':  0.2 ,  'type':  1}]
62603,1398777833.8476427,[{'idp':  83 ,  'x':  7.18 ,  'y':  -2.47 ,  'r':  0.2 ,  'type':  1} ,  {'idp':  84 ,  'x':  7.45 ,  'y':  -2.46 ,  'r':  0.2 ,  'type':  1}]
62604,1398777833.8876894,[{'idp':  83 ,  'x':  7.19 ,  'y':  -2.48 ,  'r':  0.2 ,  'type':  1} ,  {'idp':  84 ,  'x':  7.48 ,  'y':  -2.47 ,  'r':  0.2 ,  'type':  1}]
62605,1398777833.894811,[{'idp':  83 ,  'x':  7.2 ,  'y':  -2.48 ,  'r':  0.2 ,  'type':  1} ,  {'idp':  84 ,  'x':  7.48 ,  'y':  -2.47 ,  'r':  0.2 ,  'type':  1}]
62606,1398777833.9315858,[{'idp':  83 ,  'x':  7.2 ,  'y':  -2.48 ,  'r':  0.2 ,  'type':  1} ,  {'idp':  84 ,  'x':  7.57 ,  'y':  -2.49 ,  'r':  0.2 ,  'type':  1}]
62607,1398777833.971655,[{'idp':  83 ,  'x':  7.21 ,  'y':  -2.52 ,  'r':  0.2 ,  'type':  1} ,  {'idp':  84 ,  'x':  7.55 ,  'y':  -2.51 ,  'r':  0.2 ,  'type':  1}]
62608,1398777833.97172,[{'idp':  83 ,  'x':  7.26 ,  'y':  -2.55 ,  'r':  0.2 ,  'type':  1} ,  {'idp':  84 ,  'x':  7.62 ,  'y':  -2.55 ,  'r':  0.2 ,  'type':  1}]
62609,1398777834.011576,[{'idp':  83 ,  'x':  7.29 ,  'y':  -2.58 ,  'r':  0.2 ,  'type':  1} ,  {'idp':  84 ,  'x':  7.61 ,  'y':  -2.58 ,  'r':  0.2 ,  'type':  1}]
62610,1398777834.0204246,[{'idp':  83 ,  'x':  7.32 ,  'y':  -2.65 ,  'r':  0.2 ,  'type':  1} ,  {'idp':  84 ,  'x':  7.6 ,  'y':  -2.62 ,  'r':  0.2 ,  'type':  1}]
62611,1398777834.0596368,[{'idp':  83 ,  'x':  7.36 ,  'y':  -2.71 ,  'r':  0.2 ,  'type':  1} ,  {'idp':  84 ,  'x':  7.65 ,  'y':  -2.67 ,  'r':  0.2 ,  'type':  1}]
62612,1398777834.0996192,[{'idp':  83 ,  'x':  7.38 ,  'y':  -2.76 ,  'r':  0.2 ,  'type':  1} ,  {'idp':  84 ,  'x':  7.65 ,  'y':  -2.67 ,  'r':  0.2 ,  'type':  1}]
62613,1398777834.0996404,[{'idp':  83 ,  'x':  7.38 ,  'y':  -2.76 ,  'r':  0.2 ,  'type':  1} ,  {'idp':  84 ,  'x':  7.65 ,  'y':  -2.67 ,  'r':  0.2 ,  'type':  1}]
62614,1398777834.1396115,[{'idp':  83 ,  'x':  7.36 ,  'y':  -2.75 ,  'r':  0.2 ,  'type':  1} ,  {'idp':  84 ,  'x':  7.65 ,  'y':  -2.67 ,  'r':  0.2 ,  'type':  1}]
62615,1398777834.1466517,[{'idp':  83 ,  'x':  7.37 ,  'y':  -2.77 ,  'r':  0.2 ,  'type':  1} ,  {'idp':  84 ,  'x':  7.65 ,  'y':  -2.67 ,  'r':  0.2 ,  'type':  1}]
62616,1398777834.1836548,[{'idp':  83 ,  'x':  7.36 ,  'y':  -2.83 ,  'r':  0.2 ,  'type':  1} ,  {'idp':  84 ,  'x':  7.46 ,  'y':  -2.71 ,  'r':  0.2 ,  'type':  1}]
62617,1398777834.223641,[{'idp':  83 ,  'x':  7.35 ,  'y':  -2.88 ,  'r':  0.2 ,  'type':  1} ,  {'idp':  84 ,  'x':  7.45 ,  'y':  -2.84 ,  'r':  0.2 ,  'type':  1}]
62618,1398777834.223675,[{'idp':  83 ,  'x':  7.33 ,  'y':  -2.92 ,  'r':  0.2 ,  'type':  1} ,  {'idp':  84 ,  'x':  7.38 ,  'y':  -2.87 ,  'r':  0.2 ,  'type':  1}]
62619,1398777834.2636042,[{'idp':  83 ,  'x':  7.31 ,  'y':  -2.93 ,  'r':  0.2 ,  'type':  1} ,  {'idp':  84 ,  'x':  7.33 ,  'y':  -2.91 ,  'r':  0.2 ,  'type':  1}]
62620,1398777834.2717993,[{'idp':  83 ,  'x':  7.29 ,  'y':  -2.93 ,  'r':  0.2 ,  'type':  1} ,  {'idp':  84 ,  'x':  7.29 ,  'y':  -2.93 ,  'r':  0.2 ,  'type':  1}]
62621,1398777834.3115873,[{'idp':  83 ,  'x':  7.28 ,  'y':  -2.91 ,  'r':  0.2 ,  'type':  1} ,  {'idp':  84 ,  'x':  7.28 ,  'y':  -2.91 ,  'r':  0.2 ,  'type':  1}]
62622,1398777834.3515964,[{'idp':  83 ,  'x':  7.28 ,  'y':  -2.91 ,  'r':  0.2 ,  'type':  1} ,  {'idp':  84 ,  'x':  7.28 ,  'y':  -2.91 ,  'r':  0.2 ,  'type':  1}]
62623,1398777834.3516247,[{'idp':  83 ,  'x':  7.28 ,  'y':  -2.94 ,  'r':  0.2 ,  'type':  1} ,  {'idp':  84 ,  'x':  7.28 ,  'y':  -2.94 ,  'r':  0.2 ,  'type':  1}]
62624,1398777834.3915787,[{'idp':  83 ,  'x':  7.28 ,  'y':  -2.96 ,  'r':  0.2 ,  'type':  1} ,  {'idp':  84 ,  'x':  7.28 ,  'y':  -2.96 ,  'r':  0.2 ,  'type':  1}]
62625,1398777834.3961918,[{'idp':  83 ,  'x':  7.25 ,  'y':  -2.97 ,  'r':  0.2 ,  'type':  1} ,  {'idp':  84 ,  'x':  7.25 ,  'y':  -2.97 ,  'r':  0.2 ,  'type':  1}]
62626,1398777834.435568,[{'idp':  83 ,  'x':  7.26 ,  'y':  -2.97 ,  'r':  0.2 ,  'type':  1} ,  {'idp':  84 ,  'x':  7.26 ,  'y':  -2.97 ,  'r':  0.2 ,  'type':  1}]
62627,1398777834.4756129,[{'idp':  83 ,  'x':  7.26 ,  'y':  -2.97 ,  'r':  0.2 ,  'type':  1} ,  {'idp':  84 ,  'x':  7.26 ,  'y':  -2.97 ,  'r':  0.2 ,  'type':  1}]
62628,1398777834.4756408,[{'idp':  83 ,  'x':  7.26 ,  'y':  -2.97 ,  'r':  0.2 ,  'type':  1} ,  {'idp':  84 ,  'x':  7.26 ,  'y':  -2.97 ,  'r':  0.2 ,  'type':  1}]
62629,1398777834.5156,[{'idp':  83 ,  'x':  7.26 ,  'y':  -2.95 ,  'r':  0.2 ,  'type':  1} ,  {'idp':  84 ,  'x':  7.26 ,  'y':  -2.95 ,  'r':  0.2 ,  'type':  1}]
62630,1398777834.5198019,[{'idp':  83 ,  'x':  7.25 ,  'y':  -2.95 ,  'r':  0.2 ,  'type':  1} ,  {'idp':  84 ,  'x':  7.25 ,  'y':  -2.95 ,  'r':  0.2 ,  'type':  1}]
62631,1398777834.5595868,[{'idp':  83 ,  'x':  7.24 ,  'y':  -2.98 ,  'r':  0.2 ,  'type':  1} ,  {'idp':  84 ,  'x':  7.24 ,  'y':  -2.98 ,  'r':  0.2 ,  'type':  1}]
62632,1398777834.599601,[{'idp':  83 ,  'x':  7.24 ,  'y':  -3.02 ,  'r':  0.2 ,  'type':  1} ,  {'idp':  84 ,  'x':  7.24 ,  'y':  -3.02 ,  'r':  0.2 ,  'type':  1}]
62633,1398777834.5996325,[{'idp':  83 ,  'x':  7.27 ,  'y':  -3.07 ,  'r':  0.2 ,  'type':  1} ,  {'idp':  84 ,  'x':  7.27 ,  'y':  -3.07 ,  'r':  0.2 ,  'type':  1}]
62634,1398777834.639589,[{'idp':  83 ,  'x':  7.31 ,  'y':  -3.06 ,  'r':  0.2 ,  'type':  1} ,  {'idp':  84 ,  'x':  7.31 ,  'y':  -3.06 ,  'r':  0.2 ,  'type':  1}]
62635,1398777834.6449986,[{'idp':  83 ,  'x':  7.33 ,  'y':  -3.09 ,  'r':  0.2 ,  'type':  1} ,  {'idp':  84 ,  'x':  7.33 ,  'y':  -3.09 ,  'r':  0.2 ,  'type':  1}]
62636,1398777834.6836367,[{'idp':  83 ,  'x':  7.33 ,  'y':  -3.13 ,  'r':  0.2 ,  'type':  1} ,  {'idp':  84 ,  'x':  7.33 ,  'y':  -3.13 ,  'r':  0.2 ,  'type':  1}]
62637,1398777834.7235775,[{'idp':  83 ,  'x':  7.37 ,  'y':  -3.15 ,  'r':  0.2 ,  'type':  1} ,  {'idp':  84 ,  'x':  7.37 ,  'y':  -3.15 ,  'r':  0.2 ,  'type':  1}]
62638,1398777834.7236068,[{'idp':  83 ,  'x':  7.39 ,  'y':  -3.12 ,  'r':  0.2 ,  'type':  1} ,  {'idp':  84 ,  'x':  7.39 ,  'y':  -3.12 ,  'r':  0.2 ,  'type':  1}]
62639,1398777834.7636433,[{'idp':  83 ,  'x':  7.42 ,  'y':  -3.09 ,  'r':  0.2 ,  'type':  1} ,  {'idp':  84 ,  'x':  7.42 ,  'y':  -3.09 ,  'r':  0.2 ,  'type':  1}]
62640,1398777834.770554,[{'idp':  83 ,  'x':  7.43 ,  'y':  -3.12 ,  'r':  0.2 ,  'type':  1} ,  {'idp':  84 ,  'x':  7.43 ,  'y':  -3.12 ,  'r':  0.2 ,  'type':  1}]
62641,1398777834.8076124,[{'idp':  83 ,  'x':  7.45 ,  'y':  -3.18 ,  'r':  0.2 ,  'type':  1} ,  {'idp':  84 ,  'x':  7.45 ,  'y':  -3.18 ,  'r':  0.2 ,  'type':  1}]
62642,1398777834.8477004,[{'idp':  83 ,  'x':  7.48 ,  'y':  -3.18 ,  'r':  0.2 ,  'type':  1} ,  {'idp':  84 ,  'x':  7.48 ,  'y':  -3.18 ,  'r':  0.2 ,  'type':  1}]
62643,1398777834.8477516,[]
62644,1398777834.8875878,[]
62645,1398777834.896059,[]
62646,1398777834.935554,[]
62647,1398777834.9755383,[]
62648,1398777834.9755635,[]
62649,1398777835.0155935,[]
62650,1398777835.0212643,[]
62651,1398777835.05955,[]
62652,1398777835.0996218,[]
62653,1398777835.0996542,[]
62654,1398777835.1395805,[]
62655,1398777835.1464653,[]
62656,1398777835.183627,[]
62657,1398777835.223597,[]
62658,1398777835.2236302,[]
62659,1398777835.2635927,[]
62660,1398777835.2720068,[]
62661,1398777835.3115938,[]
62662,1398777835.35165,[]
62663,1398777835.3516812,[]
62664,1398777835.3916206,[]
62665,1398777835.397393,[{'idp':  87 ,  'x':  6.99 ,  'y':  -5.2 ,  'r':  0.6 ,  'type':  1}]
62666,1398777835.4355757,[{'idp':  87 ,  'x':  6.97 ,  'y':  -5.12 ,  'r':  0.6 ,  'type':  1}]
62667,1398777835.4755604,[{'idp':  87 ,  'x':  6.91 ,  'y':  -5.06 ,  'r':  0.6 ,  'type':  1}]
62668,1398777835.4755926,[{'idp':  87 ,  'x':  6.88 ,  'y':  -5.05 ,  'r':  0.6 ,  'type':  1}]
62669,1398777835.5155423,[{'idp':  87 ,  'x':  6.87 ,  'y':  -5.01 ,  'r':  0.6 ,  'type':  1}]
62670,1398777835.5230038,[{'idp':  87 ,  'x':  6.83 ,  'y':  -4.99 ,  'r':  0.6 ,  'type':  1}]
62671,1398777835.559602,[{'idp':  87 ,  'x':  6.81 ,  'y':  -4.98 ,  'r':  0.6 ,  'type':  1}]
62672,1398777835.5996158,[{'idp':  87 ,  'x':  6.79 ,  'y':  -4.94 ,  'r':  0.6 ,  'type':  1}]
62673,1398777835.5996473,[{'idp':  87 ,  'x':  6.78 ,  'y':  -4.91 ,  'r':  0.6 ,  'type':  1}]
62674,1398777835.6396103,[{'idp':  87 ,  'x':  6.75 ,  'y':  -4.9 ,  'r':  0.6 ,  'type':  1}]
62675,1398777835.648554,[{'idp':  87 ,  'x':  6.74 ,  'y':  -4.87 ,  'r':  0.6 ,  'type':  1}]
62676,1398777835.6875572,[{'idp':  87 ,  'x':  6.68 ,  'y':  -4.87 ,  'r':  0.6 ,  'type':  1}]
62677,1398777835.7275834,[{'idp':  87 ,  'x':  6.67 ,  'y':  -4.84 ,  'r':  0.6 ,  'type':  1}]
62678,1398777835.7276142,[{'idp':  87 ,  'x':  6.63 ,  'y':  -4.84 ,  'r':  0.6 ,  'type':  1}]
62679,1398777835.7676017,[{'idp':  87 ,  'x':  6.59 ,  'y':  -4.83 ,  'r':  0.6 ,  'type':  1}]
62680,1398777835.773846,[{'idp':  87 ,  'x':  6.55 ,  'y':  -4.82 ,  'r':  0.6 ,  'type':  1}]
62681,1398777835.8115482,[{'idp':  87 ,  'x':  6.53 ,  'y':  -4.79 ,  'r':  0.6 ,  'type':  1}]
62682,1398777835.8515527,[{'idp':  87 ,  'x':  6.52 ,  'y':  -4.73 ,  'r':  0.6 ,  'type':  1}]
62683,1398777835.8515828,[{'idp':  87 ,  'x':  6.52 ,  'y':  -4.68 ,  'r':  0.6 ,  'type':  1}]
62684,1398777835.891621,[{'idp':  87 ,  'x':  6.5 ,  'y':  -4.65 ,  'r':  0.6 ,  'type':  1}]
62685,1398777835.899291,[{'idp':  87 ,  'x':  6.47 ,  'y':  -4.63 ,  'r':  0.6 ,  'type':  1}]
62686,1398777835.9355445,[{'idp':  87 ,  'x':  6.43 ,  'y':  -4.59 ,  'r':  0.6 ,  'type':  1}]
62687,1398777835.9756122,[{'idp':  87 ,  'x':  6.58 ,  'y':  -4.2 ,  'r':  0.4 ,  'type':  1} ,  {'idp':  88 ,  'x':  6.12 ,  'y':  -4.86 ,  'r':  0.4 ,  'type':  1}]
62688,1398777835.9756436,[{'idp':  87 ,  'x':  6.55 ,  'y':  -4.29 ,  'r':  0.4 ,  'type':  1} ,  {'idp':  88 ,  'x':  6.15 ,  'y':  -4.78 ,  'r':  0.4 ,  'type':  1}]
62689,1398777836.0155728,[{'idp':  87 ,  'x':  6.51 ,  'y':  -4.27 ,  'r':  0.4 ,  'type':  1} ,  {'idp':  88 ,  'x':  6.09 ,  'y':  -4.78 ,  'r':  0.4 ,  'type':  1}]
62690,1398777836.024123,[{'idp':  87 ,  'x':  6.47 ,  'y':  -4.24 ,  'r':  0.4 ,  'type':  1} ,  {'idp':  88 ,  'x':  6.04 ,  'y':  -4.8 ,  'r':  0.4 ,  'type':  1}]
62691,1398777836.0635934,[{'idp':  87 ,  'x':  6.43 ,  'y':  -4.24 ,  'r':  0.4 ,  'type':  1} ,  {'idp':  88 ,  'x':  6.0 ,  'y':  -4.79 ,  'r':  0.4 ,  'type':  1}]
62692,1398777836.1076775,[{'idp':  87 ,  'x':  6.4 ,  'y':  -4.22 ,  'r':  0.4 ,  'type':  1} ,  {'idp':  88 ,  'x':  5.99 ,  'y':  -4.77 ,  'r':  0.4 ,  'type':  1}]
62693,1398777836.1077049,[{'idp':  87 ,  'x':  6.43 ,  'y':  -4.16 ,  'r':  0.4 ,  'type':  1} ,  {'idp':  88 ,  'x':  5.98 ,  'y':  -4.74 ,  'r':  0.4 ,  'type':  1}]
62694,1398777836.147593,[{'idp':  87 ,  'x':  6.42 ,  'y':  -4.11 ,  'r':  0.4 ,  'type':  1} ,  {'idp':  88 ,  'x':  5.98 ,  'y':  -4.68 ,  'r':  0.4 ,  'type':  1}]
62695,1398777836.150345,[{'idp':  87 ,  'x':  6.39 ,  'y':  -4.07 ,  'r':  0.4 ,  'type':  1} ,  {'idp':  88 ,  'x':  5.97 ,  'y':  -4.68 ,  'r':  0.4 ,  'type':  1}]
62696,1398777836.187686,[{'idp':  87 ,  'x':  6.34 ,  'y':  -4.05 ,  'r':  0.4 ,  'type':  1} ,  {'idp':  88 ,  'x':  5.92 ,  'y':  -4.69 ,  'r':  0.4 ,  'type':  1}]
62697,1398777836.227626,[{'idp':  87 ,  'x':  6.3 ,  'y':  -4.05 ,  'r':  0.4 ,  'type':  1} ,  {'idp':  88 ,  'x':  5.89 ,  'y':  -4.69 ,  'r':  0.4 ,  'type':  1}]
62698,1398777836.2276564,[{'idp':  87 ,  'x':  6.26 ,  'y':  -4.03 ,  'r':  0.4 ,  'type':  1} ,  {'idp':  88 ,  'x':  5.86 ,  'y':  -4.7 ,  'r':  0.4 ,  'type':  1}]
62699,1398777836.2676163,[{'idp':  87 ,  'x':  6.22 ,  'y':  -4.02 ,  'r':  0.4 ,  'type':  1} ,  {'idp':  88 ,  'x':  5.83 ,  'y':  -4.64 ,  'r':  0.4 ,  'type':  1}]
62700,1398777836.2754147,[{'idp':  87 ,  'x':  6.18 ,  'y':  -3.98 ,  'r':  0.4 ,  'type':  1} ,  {'idp':  88 ,  'x':  5.78 ,  'y':  -4.57 ,  'r':  0.4 ,  'type':  1}]
62701,1398777836.3115501,[{'idp':  87 ,  'x':  6.15 ,  'y':  -3.92 ,  'r':  0.4 ,  'type':  1} ,  {'idp':  88 ,  'x':  5.78 ,  'y':  -4.53 ,  'r':  0.4 ,  'type':  1}]
62702,1398777836.3515768,[{'idp':  87 ,  'x':  6.11 ,  'y':  -3.87 ,  'r':  0.4 ,  'type':  1} ,  {'idp':  88 ,  'x':  5.77 ,  'y':  -4.51 ,  'r':  0.4 ,  'type':  1}]
62703,1398777836.351608,[{'idp':  87 ,  'x':  6.08 ,  'y':  -3.85 ,  'r':  0.4 ,  'type':  1} ,  {'idp':  88 ,  'x':  5.74 ,  'y':  -4.53 ,  'r':  0.4 ,  'type':  1}]
62704,1398777836.3916345,[{'idp':  87 ,  'x':  6.01 ,  'y':  -3.84 ,  'r':  0.4 ,  'type':  1} ,  {'idp':  88 ,  'x':  5.69 ,  'y':  -4.49 ,  'r':  0.4 ,  'type':  1}]
62705,1398777836.401058,[{'idp':  87 ,  'x':  5.95 ,  'y':  -3.79 ,  'r':  0.4 ,  'type':  1} ,  {'idp':  88 ,  'x':  5.67 ,  'y':  -4.45 ,  'r':  0.4 ,  'type':  1}]
62706,1398777836.4396307,[{'idp':  87 ,  'x':  5.93 ,  'y':  -3.78 ,  'r':  0.4 ,  'type':  1} ,  {'idp':  88 ,  'x':  5.62 ,  'y':  -4.39 ,  'r':  0.4 ,  'type':  1}]
62707,1398777836.4795454,[{'idp':  87 ,  'x':  5.93 ,  'y':  -3.78 ,  'r':  0.4 ,  'type':  1} ,  {'idp':  88 ,  'x':  5.6 ,  'y':  -4.37 ,  'r':  0.4 ,  'type':  1}]
62708,1398777836.4795856,[{'idp':  87 ,  'x':  5.93 ,  'y':  -3.74 ,  'r':  0.4 ,  'type':  1} ,  {'idp':  88 ,  'x':  5.59 ,  'y':  -4.31 ,  'r':  0.4 ,  'type':  1}]
62709,1398777836.5195928,[{'idp':  87 ,  'x':  5.86 ,  'y':  -3.73 ,  'r':  0.4 ,  'type':  1} ,  {'idp':  88 ,  'x':  5.58 ,  'y':  -4.26 ,  'r':  0.4 ,  'type':  1}]
62710,1398777836.526431,[{'idp':  87 ,  'x':  5.81 ,  'y':  -3.67 ,  'r':  0.4 ,  'type':  1} ,  {'idp':  88 ,  'x':  5.55 ,  'y':  -4.24 ,  'r':  0.4 ,  'type':  1}]
62711,1398777836.5635884,[{'idp':  87 ,  'x':  5.78 ,  'y':  -3.65 ,  'r':  0.4 ,  'type':  1} ,  {'idp':  88 ,  'x':  5.52 ,  'y':  -4.22 ,  'r':  0.4 ,  'type':  1}]
62712,1398777836.603599,[{'idp':  87 ,  'x':  5.73 ,  'y':  -3.66 ,  'r':  0.4 ,  'type':  1} ,  {'idp':  88 ,  'x':  5.51 ,  'y':  -4.19 ,  'r':  0.4 ,  'type':  1}]
62713,1398777836.6036277,[{'idp':  87 ,  'x':  5.72 ,  'y':  -3.7 ,  'r':  0.4 ,  'type':  1} ,  {'idp':  88 ,  'x':  5.49 ,  'y':  -4.19 ,  'r':  0.4 ,  'type':  1}]
62714,1398777836.643619,[{'idp':  87 ,  'x':  5.72 ,  'y':  -3.7 ,  'r':  0.4 ,  'type':  1} ,  {'idp':  88 ,  'x':  5.47 ,  'y':  -4.16 ,  'r':  0.4 ,  'type':  1}]
62715,1398777836.6515632,[{'idp':  87 ,  'x':  5.71 ,  'y':  -3.7 ,  'r':  0.4 ,  'type':  1} ,  {'idp':  88 ,  'x':  5.44 ,  'y':  -4.12 ,  'r':  0.4 ,  'type':  1}]
62716,1398777836.6915696,[{'idp':  87 ,  'x':  5.68 ,  'y':  -3.68 ,  'r':  0.4 ,  'type':  1} ,  {'idp':  88 ,  'x':  5.42 ,  'y':  -4.1 ,  'r':  0.4 ,  'type':  1}]
62717,1398777836.7315552,[{'idp':  87 ,  'x':  5.66 ,  'y':  -3.66 ,  'r':  0.4 ,  'type':  1} ,  {'idp':  88 ,  'x':  5.39 ,  'y':  -4.1 ,  'r':  0.4 ,  'type':  1}]
62718,1398777836.7315803,[{'idp':  87 ,  'x':  5.65 ,  'y':  -3.63 ,  'r':  0.4 ,  'type':  1} ,  {'idp':  88 ,  'x':  5.37 ,  'y':  -4.07 ,  'r':  0.4 ,  'type':  1}]
62719,1398777836.7716432,[{'idp':  87 ,  'x':  5.66 ,  'y':  -3.6 ,  'r':  0.4 ,  'type':  1} ,  {'idp':  88 ,  'x':  5.34 ,  'y':  -4.03 ,  'r':  0.4 ,  'type':  1}]
62720,1398777836.7770014,[{'idp':  87 ,  'x':  5.66 ,  'y':  -3.58 ,  'r':  0.4 ,  'type':  1} ,  {'idp':  88 ,  'x':  5.32 ,  'y':  -4.01 ,  'r':  0.4 ,  'type':  1}]
62721,1398777836.8155553,[{'idp':  87 ,  'x':  5.69 ,  'y':  -3.55 ,  'r':  0.4 ,  'type':  1} ,  {'idp':  88 ,  'x':  5.28 ,  'y':  -4.02 ,  'r':  0.4 ,  'type':  1}]
62722,1398777836.855625,[{'idp':  87 ,  'x':  5.68 ,  'y':  -3.5 ,  'r':  0.4 ,  'type':  1} ,  {'idp':  88 ,  'x':  5.24 ,  'y':  -3.97 ,  'r':  0.4 ,  'type':  1}]
62723,1398777836.8556554,[{'idp':  87 ,  'x':  5.65 ,  'y':  -3.46 ,  'r':  0.4 ,  'type':  1} ,  {'idp':  88 ,  'x':  5.22 ,  'y':  -3.92 ,  'r':  0.4 ,  'type':  1}]
62724,1398777836.8955815,[{'idp':  87 ,  'x':  5.63 ,  'y':  -3.44 ,  'r':  0.4 ,  'type':  1} ,  {'idp':  88 ,  'x':  5.18 ,  'y':  -3.87 ,  'r':  0.4 ,  'type':  1}]
62725,1398777836.9026835,[{'idp':  87 ,  'x':  5.6 ,  'y':  -3.42 ,  'r':  0.4 ,  'type':  1} ,  {'idp':  88 ,  'x':  5.15 ,  'y':  -3.81 ,  'r':  0.4 ,  'type':  1}]
62726,1398777836.9395258,[{'idp':  87 ,  'x':  5.56 ,  'y':  -3.39 ,  'r':  0.4 ,  'type':  1} ,  {'idp':  88 ,  'x':  5.14 ,  'y':  -3.77 ,  'r':  0.4 ,  'type':  1}]
62727,1398777836.9795637,[{'idp':  87 ,  'x':  5.55 ,  'y':  -3.37 ,  'r':  0.4 ,  'type':  1} ,  {'idp':  88 ,  'x':  5.11 ,  'y':  -3.75 ,  'r':  0.4 ,  'type':  1}]
62728,1398777836.979593,[{'idp':  87 ,  'x':  5.52 ,  'y':  -3.36 ,  'r':  0.4 ,  'type':  1} ,  {'idp':  88 ,  'x':  5.1 ,  'y':  -3.72 ,  'r':  0.4 ,  'type':  1}]
62729,1398777837.0195665,[{'idp':  87 ,  'x':  5.48 ,  'y':  -3.37 ,  'r':  0.4 ,  'type':  1} ,  {'idp':  88 ,  'x':  5.07 ,  'y':  -3.72 ,  'r':  0.4 ,  'type':  1}]
62730,1398777837.0274909,[{'idp':  87 ,  'x':  5.46 ,  'y':  -3.37 ,  'r':  0.4 ,  'type':  1} ,  {'idp':  88 ,  'x':  5.08 ,  'y':  -3.69 ,  'r':  0.4 ,  'type':  1}]
62731,1398777837.063584,[{'idp':  87 ,  'x':  5.42 ,  'y':  -3.37 ,  'r':  0.4 ,  'type':  1} ,  {'idp':  88 ,  'x':  5.08 ,  'y':  -3.65 ,  'r':  0.4 ,  'type':  1}]
62732,1398777837.103619,[{'idp':  87 ,  'x':  5.4 ,  'y':  -3.33 ,  'r':  0.4 ,  'type':  1} ,  {'idp':  88 ,  'x':  5.09 ,  'y':  -3.59 ,  'r':  0.4 ,  'type':  1}]
62733,1398777837.1036496,[{'idp':  87 ,  'x':  5.37 ,  'y':  -3.3 ,  'r':  0.4 ,  'type':  1} ,  {'idp':  88 ,  'x':  5.07 ,  'y':  -3.53 ,  'r':  0.4 ,  'type':  1}]
62734,1398777837.143597,[{'idp':  87 ,  'x':  5.37 ,  'y':  -3.28 ,  'r':  0.4 ,  'type':  1} ,  {'idp':  88 ,  'x':  5.05 ,  'y':  -3.49 ,  'r':  0.4 ,  'type':  1}]
62735,1398777837.1529937,[{'idp':  87 ,  'x':  5.37 ,  'y':  -3.22 ,  'r':  0.4 ,  'type':  1} ,  {'idp':  88 ,  'x':  5.07 ,  'y':  -3.45 ,  'r':  0.4 ,  'type':  1}]
62736,1398777837.1916108,[{'idp':  87 ,  'x':  5.34 ,  'y':  -3.2 ,  'r':  0.4 ,  'type':  1} ,  {'idp':  88 ,  'x':  5.07 ,  'y':  -3.44 ,  'r':  0.4 ,  'type':  1}]
62737,1398777837.2316358,[{'idp':  87 ,  'x':  5.34 ,  'y':  -3.15 ,  'r':  0.4 ,  'type':  1} ,  {'idp':  88 ,  'x':  5.03 ,  'y':  -3.42 ,  'r':  0.4 ,  'type':  1}]
62738,1398777837.2316658,[{'idp':  87 ,  'x':  5.31 ,  'y':  -3.13 ,  'r':  0.4 ,  'type':  1} ,  {'idp':  88 ,  'x':  4.99 ,  'y':  -3.39 ,  'r':  0.4 ,  'type':  1}]
62739,1398777837.2716072,[{'idp':  87 ,  'x':  5.29 ,  'y':  -3.07 ,  'r':  0.4 ,  'type':  1} ,  {'idp':  88 ,  'x':  4.91 ,  'y':  -3.39 ,  'r':  0.4 ,  'type':  1}]
62740,1398777837.279744,[{'idp':  87 ,  'x':  5.26 ,  'y':  -3.04 ,  'r':  0.4 ,  'type':  1} ,  {'idp':  88 ,  'x':  4.85 ,  'y':  -3.4 ,  'r':  0.4 ,  'type':  1}]
62741,1398777837.3196661,[{'idp':  87 ,  'x':  5.23 ,  'y':  -3.01 ,  'r':  0.4 ,  'type':  1} ,  {'idp':  88 ,  'x':  4.76 ,  'y':  -3.43 ,  'r':  0.4 ,  'type':  1}]
62742,1398777837.359588,[{'idp':  87 ,  'x':  5.21 ,  'y':  -2.96 ,  'r':  0.4 ,  'type':  1} ,  {'idp':  88 ,  'x':  4.66 ,  'y':  -3.43 ,  'r':  0.4 ,  'type':  1}]
62743,1398777837.359639,[{'idp':  87 ,  'x':  5.2 ,  'y':  -2.91 ,  'r':  0.4 ,  'type':  1} ,  {'idp':  88 ,  'x':  4.63 ,  'y':  -3.4 ,  'r':  0.4 ,  'type':  1}]
62744,1398777837.3997016,[{'idp':  87 ,  'x':  5.17 ,  'y':  -2.9 ,  'r':  0.4 ,  'type':  1} ,  {'idp':  88 ,  'x':  4.63 ,  'y':  -3.42 ,  'r':  0.4 ,  'type':  1}]
62745,1398777837.4038014,[{'idp':  87 ,  'x':  5.14 ,  'y':  -2.89 ,  'r':  0.4 ,  'type':  1} ,  {'idp':  88 ,  'x':  4.59 ,  'y':  -3.43 ,  'r':  0.4 ,  'type':  1}]
62746,1398777837.4436283,[{'idp':  87 ,  'x':  5.13 ,  'y':  -2.87 ,  'r':  0.4 ,  'type':  1} ,  {'idp':  88 ,  'x':  4.55 ,  'y':  -3.39 ,  'r':  0.4 ,  'type':  1}]
62747,1398777837.4835355,[{'idp':  87 ,  'x':  5.12 ,  'y':  -2.84 ,  'r':  0.4 ,  'type':  1} ,  {'idp':  88 ,  'x':  4.55 ,  'y':  -3.34 ,  'r':  0.4 ,  'type':  1}]
62748,1398777837.483565,[{'idp':  87 ,  'x':  5.12 ,  'y':  -2.79 ,  'r':  0.4 ,  'type':  1} ,  {'idp':  88 ,  'x':  4.54 ,  'y':  -3.29 ,  'r':  0.4 ,  'type':  1}]
62749,1398777837.5237522,[{'idp':  87 ,  'x':  5.1 ,  'y':  -2.77 ,  'r':  0.4 ,  'type':  1} ,  {'idp':  88 ,  'x':  4.51 ,  'y':  -3.23 ,  'r':  0.4 ,  'type':  1}]
62750,1398777837.5292866,[{'idp':  87 ,  'x':  5.06 ,  'y':  -2.76 ,  'r':  0.4 ,  'type':  1} ,  {'idp':  88 ,  'x':  4.48 ,  'y':  -3.17 ,  'r':  0.4 ,  'type':  1}]
62751,1398777837.5676494,[{'idp':  87 ,  'x':  5.01 ,  'y':  -2.73 ,  'r':  0.4 ,  'type':  1} ,  {'idp':  88 ,  'x':  4.45 ,  'y':  -3.16 ,  'r':  0.4 ,  'type':  1}]
62752,1398777837.6075537,[{'idp':  87 ,  'x':  4.96 ,  'y':  -2.69 ,  'r':  0.4 ,  'type':  1} ,  {'idp':  88 ,  'x':  4.43 ,  'y':  -3.17 ,  'r':  0.4 ,  'type':  1}]
62753,1398777837.6075811,[{'idp':  87 ,  'x':  4.94 ,  'y':  -2.67 ,  'r':  0.4 ,  'type':  1} ,  {'idp':  88 ,  'x':  4.4 ,  'y':  -3.11 ,  'r':  0.4 ,  'type':  1}]
62754,1398777837.6476526,[{'idp':  87 ,  'x':  4.92 ,  'y':  -2.67 ,  'r':  0.4 ,  'type':  1} ,  {'idp':  88 ,  'x':  4.38 ,  'y':  -3.11 ,  'r':  0.4 ,  'type':  1}]
62755,1398777837.654577,[{'idp':  87 ,  'x':  4.88 ,  'y':  -2.65 ,  'r':  0.4 ,  'type':  1} ,  {'idp':  88 ,  'x':  4.36 ,  'y':  -3.08 ,  'r':  0.4 ,  'type':  1}]
62756,1398777837.6915824,[{'idp':  87 ,  'x':  4.88 ,  'y':  -2.64 ,  'r':  0.4 ,  'type':  1} ,  {'idp':  88 ,  'x':  4.35 ,  'y':  -3.06 ,  'r':  0.4 ,  'type':  1}]
62757,1398777837.7316217,[{'idp':  87 ,  'x':  4.89 ,  'y':  -2.63 ,  'r':  0.4 ,  'type':  1} ,  {'idp':  88 ,  'x':  4.33 ,  'y':  -3.03 ,  'r':  0.4 ,  'type':  1}]
62758,1398777837.7316613,[{'idp':  87 ,  'x':  4.85 ,  'y':  -2.6 ,  'r':  0.4 ,  'type':  1} ,  {'idp':  88 ,  'x':  4.32 ,  'y':  -3.0 ,  'r':  0.4 ,  'type':  1}]
62759,1398777837.77164,[{'idp':  87 ,  'x':  4.83 ,  'y':  -2.57 ,  'r':  0.4 ,  'type':  1} ,  {'idp':  88 ,  'x':  4.31 ,  'y':  -3.0 ,  'r':  0.4 ,  'type':  1}]
62760,1398777837.779742,[{'idp':  87 ,  'x':  4.82 ,  'y':  -2.59 ,  'r':  0.4 ,  'type':  1} ,  {'idp':  88 ,  'x':  4.28 ,  'y':  -3.0 ,  'r':  0.4 ,  'type':  1}]
62761,1398777837.8196075,[{'idp':  87 ,  'x':  4.79 ,  'y':  -2.57 ,  'r':  0.4 ,  'type':  1} ,  {'idp':  88 ,  'x':  4.24 ,  'y':  -2.98 ,  'r':  0.4 ,  'type':  1}]
62762,1398777837.8595984,[{'idp':  87 ,  'x':  4.76 ,  'y':  -2.56 ,  'r':  0.4 ,  'type':  1} ,  {'idp':  88 ,  'x':  4.22 ,  'y':  -2.97 ,  'r':  0.4 ,  'type':  1}]
62763,1398777837.8596268,[{'idp':  87 ,  'x':  4.76 ,  'y':  -2.55 ,  'r':  0.4 ,  'type':  1} ,  {'idp':  88 ,  'x':  4.21 ,  'y':  -2.96 ,  'r':  0.4 ,  'type':  1}]
62764,1398777837.899651,[{'idp':  87 ,  'x':  4.74 ,  'y':  -2.51 ,  'r':  0.4 ,  'type':  1} ,  {'idp':  88 ,  'x':  4.19 ,  'y':  -2.94 ,  'r':  0.4 ,  'type':  1}]
62765,1398777837.9057336,[{'idp':  87 ,  'x':  4.7 ,  'y':  -2.45 ,  'r':  0.4 ,  'type':  1} ,  {'idp':  88 ,  'x':  4.19 ,  'y':  -2.91 ,  'r':  0.4 ,  'type':  1}]
62766,1398777837.9435909,[{'idp':  87 ,  'x':  4.65 ,  'y':  -2.38 ,  'r':  0.4 ,  'type':  1} ,  {'idp':  88 ,  'x':  4.16 ,  'y':  -2.89 ,  'r':  0.4 ,  'type':  1}]
62767,1398777837.9835768,[{'idp':  87 ,  'x':  4.62 ,  'y':  -2.37 ,  'r':  0.4 ,  'type':  1} ,  {'idp':  88 ,  'x':  4.14 ,  'y':  -2.88 ,  'r':  0.4 ,  'type':  1}]
62768,1398777838.0235603,[{'idp':  87 ,  'x':  4.59 ,  'y':  -2.37 ,  'r':  0.4 ,  'type':  1} ,  {'idp':  88 ,  'x':  4.11 ,  'y':  -2.87 ,  'r':  0.4 ,  'type':  1}]
62769,1398777838.0235786,[{'idp':  87 ,  'x':  4.58 ,  'y':  -2.37 ,  'r':  0.4 ,  'type':  1} ,  {'idp':  88 ,  'x':  4.08 ,  'y':  -2.85 ,  'r':  0.4 ,  'type':  1}]
62770,1398777838.0636337,[{'idp':  87 ,  'x':  4.57 ,  'y':  -2.35 ,  'r':  0.4 ,  'type':  1} ,  {'idp':  88 ,  'x':  4.05 ,  'y':  -2.81 ,  'r':  0.4 ,  'type':  1}]
62771,1398777838.0636642,[{'idp':  87 ,  'x':  4.58 ,  'y':  -2.32 ,  'r':  0.4 ,  'type':  1} ,  {'idp':  88 ,  'x':  4.04 ,  'y':  -2.78 ,  'r':  0.4 ,  'type':  1}]
62772,1398777838.1036658,[{'idp':  87 ,  'x':  4.57 ,  'y':  -2.28 ,  'r':  0.4 ,  'type':  1} ,  {'idp':  88 ,  'x':  4.03 ,  'y':  -2.72 ,  'r':  0.4 ,  'type':  1}]
62773,1398777838.1087139,[{'idp':  87 ,  'x':  4.56 ,  'y':  -2.26 ,  'r':  0.4 ,  'type':  1} ,  {'idp':  88 ,  'x':  4.01 ,  'y':  -2.68 ,  'r':  0.4 ,  'type':  1}]
62774,1398777838.1476781,[{'idp':  87 ,  'x':  4.55 ,  'y':  -2.27 ,  'r':  0.4 ,  'type':  1} ,  {'idp':  88 ,  'x':  3.98 ,  'y':  -2.67 ,  'r':  0.4 ,  'type':  1}]
62775,1398777838.187604,[{'idp':  87 ,  'x':  4.54 ,  'y':  -2.27 ,  'r':  0.4 ,  'type':  1} ,  {'idp':  88 ,  'x':  3.95 ,  'y':  -2.68 ,  'r':  0.4 ,  'type':  1}]
62776,1398777838.1876242,[{'idp':  87 ,  'x':  4.52 ,  'y':  -2.25 ,  'r':  0.4 ,  'type':  1} ,  {'idp':  88 ,  'x':  3.93 ,  'y':  -2.65 ,  'r':  0.4 ,  'type':  1}]
62777,1398777838.227573,[{'idp':  87 ,  'x':  4.5 ,  'y':  -2.22 ,  'r':  0.4 ,  'type':  1} ,  {'idp':  88 ,  'x':  3.92 ,  'y':  -2.62 ,  'r':  0.4 ,  'type':  1}]
62778,1398777838.2346418,[{'idp':  87 ,  'x':  4.48 ,  'y':  -2.17 ,  'r':  0.4 ,  'type':  1} ,  {'idp':  88 ,  'x':  3.91 ,  'y':  -2.56 ,  'r':  0.4 ,  'type':  1}]
62779,1398777838.2716672,[{'idp':  87 ,  'x':  4.46 ,  'y':  -2.15 ,  'r':  0.4 ,  'type':  1} ,  {'idp':  88 ,  'x':  3.82 ,  'y':  -2.58 ,  'r':  0.4 ,  'type':  1}]
62780,1398777838.3116026,[{'idp':  87 ,  'x':  4.43 ,  'y':  -2.15 ,  'r':  0.4 ,  'type':  1} ,  {'idp':  88 ,  'x':  3.79 ,  'y':  -2.58 ,  'r':  0.4 ,  'type':  1}]
62781,1398777838.311633,[{'idp':  87 ,  'x':  4.4 ,  'y':  -2.15 ,  'r':  0.4 ,  'type':  1} ,  {'idp':  88 ,  'x':  3.77 ,  'y':  -2.57 ,  'r':  0.4 ,  'type':  1}]
62782,1398777838.351621,[{'idp':  87 ,  'x':  4.38 ,  'y':  -2.11 ,  'r':  0.4 ,  'type':  1} ,  {'idp':  88 ,  'x':  3.75 ,  'y':  -2.54 ,  'r':  0.4 ,  'type':  1}]
62783,1398777838.3600245,[{'idp':  87 ,  'x':  4.37 ,  'y':  -2.07 ,  'r':  0.4 ,  'type':  1} ,  {'idp':  88 ,  'x':  3.74 ,  'y':  -2.51 ,  'r':  0.4 ,  'type':  1}]
62784,1398777838.3996549,[{'idp':  87 ,  'x':  4.34 ,  'y':  -2.07 ,  'r':  0.4 ,  'type':  1} ,  {'idp':  88 ,  'x':  3.72 ,  'y':  -2.51 ,  'r':  0.4 ,  'type':  1}]
62785,1398777838.4396055,[{'idp':  87 ,  'x':  4.32 ,  'y':  -2.07 ,  'r':  0.4 ,  'type':  1} ,  {'idp':  88 ,  'x':  3.7 ,  'y':  -2.52 ,  'r':  0.4 ,  'type':  1}]
62786,1398777838.439636,[{'idp':  87 ,  'x':  4.29 ,  'y':  -2.07 ,  'r':  0.4 ,  'type':  1} ,  {'idp':  88 ,  'x':  3.66 ,  'y':  -2.51 ,  'r':  0.4 ,  'type':  1}]
62787,1398777838.4795673,[{'idp':  87 ,  'x':  4.27 ,  'y':  -2.06 ,  'r':  0.4 ,  'type':  1} ,  {'idp':  88 ,  'x':  3.64 ,  'y':  -2.47 ,  'r':  0.4 ,  'type':  1}]
62788,1398777838.484794,[{'idp':  87 ,  'x':  4.25 ,  'y':  -2.05 ,  'r':  0.4 ,  'type':  1} ,  {'idp':  88 ,  'x':  3.62 ,  'y':  -2.47 ,  'r':  0.4 ,  'type':  1}]
62789,1398777838.5235462,[{'idp':  87 ,  'x':  4.23 ,  'y':  -2.02 ,  'r':  0.4 ,  'type':  1} ,  {'idp':  88 ,  'x':  3.59 ,  'y':  -2.44 ,  'r':  0.4 ,  'type':  1}]
62790,1398777838.563606,[{'idp':  87 ,  'x':  4.22 ,  'y':  -2.0 ,  'r':  0.4 ,  'type':  1} ,  {'idp':  88 ,  'x':  3.58 ,  'y':  -2.42 ,  'r':  0.4 ,  'type':  1}]
62791,1398777838.5636384,[{'idp':  87 ,  'x':  4.19 ,  'y':  -1.99 ,  'r':  0.4 ,  'type':  1} ,  {'idp':  88 ,  'x':  3.56 ,  'y':  -2.4 ,  'r':  0.4 ,  'type':  1}]
62792,1398777838.6036725,[{'idp':  87 ,  'x':  4.17 ,  'y':  -1.95 ,  'r':  0.4 ,  'type':  1} ,  {'idp':  88 ,  'x':  3.55 ,  'y':  -2.4 ,  'r':  0.4 ,  'type':  1}]
62793,1398777838.6089926,[{'idp':  87 ,  'x':  4.15 ,  'y':  -1.9 ,  'r':  0.4 ,  'type':  1} ,  {'idp':  88 ,  'x':  3.52 ,  'y':  -2.39 ,  'r':  0.4 ,  'type':  1}]
62794,1398777838.6476245,[{'idp':  87 ,  'x':  4.12 ,  'y':  -1.89 ,  'r':  0.4 ,  'type':  1} ,  {'idp':  88 ,  'x':  3.51 ,  'y':  -2.38 ,  'r':  0.4 ,  'type':  1}]
62795,1398777838.6875906,[{'idp':  87 ,  'x':  4.09 ,  'y':  -1.86 ,  'r':  0.4 ,  'type':  1} ,  {'idp':  88 ,  'x':  3.48 ,  'y':  -2.38 ,  'r':  0.4 ,  'type':  1}]
62796,1398777838.687619,[{'idp':  87 ,  'x':  4.06 ,  'y':  -1.84 ,  'r':  0.4 ,  'type':  1} ,  {'idp':  88 ,  'x':  3.46 ,  'y':  -2.35 ,  'r':  0.4 ,  'type':  1}]
62797,1398777838.7275891,[{'idp':  87 ,  'x':  4.04 ,  'y':  -1.8 ,  'r':  0.4 ,  'type':  1} ,  {'idp':  88 ,  'x':  3.44 ,  'y':  -2.32 ,  'r':  0.4 ,  'type':  1}]
62798,1398777838.7331781,[{'idp':  87 ,  'x':  4.02 ,  'y':  -1.77 ,  'r':  0.4 ,  'type':  1} ,  {'idp':  88 ,  'x':  3.43 ,  'y':  -2.28 ,  'r':  0.4 ,  'type':  1}]
62799,1398777838.7716143,[{'idp':  87 ,  'x':  4.0 ,  'y':  -1.74 ,  'r':  0.4 ,  'type':  1} ,  {'idp':  88 ,  'x':  3.4 ,  'y':  -2.25 ,  'r':  0.4 ,  'type':  1}]
62800,1398777838.811619,[{'idp':  87 ,  'x':  3.97 ,  'y':  -1.74 ,  'r':  0.4 ,  'type':  1} ,  {'idp':  88 ,  'x':  3.37 ,  'y':  -2.23 ,  'r':  0.4 ,  'type':  1}]
62801,1398777838.8116524,[{'idp':  87 ,  'x':  3.95 ,  'y':  -1.72 ,  'r':  0.4 ,  'type':  1} ,  {'idp':  88 ,  'x':  3.34 ,  'y':  -2.2 ,  'r':  0.4 ,  'type':  1}]
62802,1398777838.8515844,[{'idp':  87 ,  'x':  3.93 ,  'y':  -1.68 ,  'r':  0.4 ,  'type':  1} ,  {'idp':  88 ,  'x':  3.32 ,  'y':  -2.16 ,  'r':  0.4 ,  'type':  1}]
62803,1398777838.8581586,[{'idp':  87 ,  'x':  3.92 ,  'y':  -1.64 ,  'r':  0.4 ,  'type':  1} ,  {'idp':  88 ,  'x':  3.3 ,  'y':  -2.11 ,  'r':  0.4 ,  'type':  1}]
62804,1398777838.8955805,[{'idp':  87 ,  'x':  3.9 ,  'y':  -1.61 ,  'r':  0.4 ,  'type':  1} ,  {'idp':  88 ,  'x':  3.28 ,  'y':  -2.09 ,  'r':  0.4 ,  'type':  1}]
62805,1398777838.9355657,[{'idp':  87 ,  'x':  3.88 ,  'y':  -1.61 ,  'r':  0.4 ,  'type':  1} ,  {'idp':  88 ,  'x':  3.25 ,  'y':  -2.08 ,  'r':  0.4 ,  'type':  1}]
62806,1398777838.935593,[{'idp':  87 ,  'x':  3.85 ,  'y':  -1.61 ,  'r':  0.4 ,  'type':  1} ,  {'idp':  88 ,  'x':  3.23 ,  'y':  -2.08 ,  'r':  0.4 ,  'type':  1}]
62807,1398777838.9756122,[{'idp':  87 ,  'x':  3.83 ,  'y':  -1.59 ,  'r':  0.4 ,  'type':  1} ,  {'idp':  88 ,  'x':  3.23 ,  'y':  -2.05 ,  'r':  0.4 ,  'type':  1}]
62808,1398777838.9841905,[{'idp':  87 ,  'x':  3.81 ,  'y':  -1.57 ,  'r':  0.4 ,  'type':  1} ,  {'idp':  88 ,  'x':  3.21 ,  'y':  -2.02 ,  'r':  0.4 ,  'type':  1}]
62809,1398777839.0235374,[{'idp':  87 ,  'x':  3.78 ,  'y':  -1.56 ,  'r':  0.4 ,  'type':  1} ,  {'idp':  88 ,  'x':  3.19 ,  'y':  -2.01 ,  'r':  0.4 ,  'type':  1}]
62810,1398777839.063667,[{'idp':  87 ,  'x':  3.74 ,  'y':  -1.56 ,  'r':  0.4 ,  'type':  1} ,  {'idp':  88 ,  'x':  3.24 ,  'y':  -2.0 ,  'r':  0.4 ,  'type':  1}]
62811,1398777839.0637016,[{'idp':  87 ,  'x':  3.69 ,  'y':  -1.54 ,  'r':  0.2 ,  'type':  1} ,  {'idp':  88 ,  'x':  3.23 ,  'y':  -1.99 ,  'r':  0.2 ,  'type':  1} ,  {'idp':  89 ,  'x':  4.74 ,  'y':  -6.12 ,  'r':  0.2 ,  'type':  1} ,  {'idp':  90 ,  'x':  5.57 ,  'y':  -6.58 ,  'r':  0.2 ,  'type':  1}]
62812,1398777839.1035645,[{'idp':  87 ,  'x':  3.64 ,  'y':  -1.52 ,  'r':  0.2 ,  'type':  1} ,  {'idp':  88 ,  'x':  3.21 ,  'y':  -1.98 ,  'r':  0.2 ,  'type':  1} ,  {'idp':  89 ,  'x':  4.69 ,  'y':  -6.05 ,  'r':  0.2 ,  'type':  1} ,  {'idp':  90 ,  'x':  5.52 ,  'y':  -6.52 ,  'r':  0.2 ,  'type':  1}]
62813,1398777839.1089017,[{'idp':  87 ,  'x':  3.6 ,  'y':  -1.51 ,  'r':  0.2 ,  'type':  1} ,  {'idp':  88 ,  'x':  3.19 ,  'y':  -1.97 ,  'r':  0.2 ,  'type':  1} ,  {'idp':  89 ,  'x':  4.68 ,  'y':  -6.02 ,  'r':  0.2 ,  'type':  1} ,  {'idp':  90 ,  'x':  5.49 ,  'y':  -6.52 ,  'r':  0.2 ,  'type':  1}]
62814,1398777839.1476357,[{'idp':  87 ,  'x':  3.57 ,  'y':  -1.5 ,  'r':  0.2 ,  'type':  1} ,  {'idp':  88 ,  'x':  3.16 ,  'y':  -1.97 ,  'r':  0.2 ,  'type':  1} ,  {'idp':  89 ,  'x':  4.64 ,  'y':  -6.02 ,  'r':  0.2 ,  'type':  1} ,  {'idp':  90 ,  'x':  5.45 ,  'y':  -6.53 ,  'r':  0.2 ,  'type':  1}]
62815,1398777839.1875575,[{'idp':  87 ,  'x':  3.55 ,  'y':  -1.48 ,  'r':  0.2 ,  'type':  1} ,  {'idp':  88 ,  'x':  3.14 ,  'y':  -1.97 ,  'r':  0.2 ,  'type':  1} ,  {'idp':  89 ,  'x':  4.6 ,  'y':  -6.02 ,  'r':  0.2 ,  'type':  1} ,  {'idp':  90 ,  'x':  5.43 ,  'y':  -6.52 ,  'r':  0.2 ,  'type':  1}]
62816,1398777839.18759,[{'idp':  87 ,  'x':  3.51 ,  'y':  -1.44 ,  'r':  0.2 ,  'type':  1} ,  {'idp':  88 ,  'x':  3.13 ,  'y':  -1.97 ,  'r':  0.2 ,  'type':  1} ,  {'idp':  89 ,  'x':  4.59 ,  'y':  -6.01 ,  'r':  0.2 ,  'type':  1} ,  {'idp':  90 ,  'x':  5.41 ,  'y':  -6.5 ,  'r':  0.2 ,  'type':  1}]
62817,1398777839.2275782,[{'idp':  87 ,  'x':  3.48 ,  'y':  -1.41 ,  'r':  0.2 ,  'type':  1} ,  {'idp':  88 ,  'x':  3.11 ,  'y':  -1.97 ,  'r':  0.2 ,  'type':  1} ,  {'idp':  89 ,  'x':  4.58 ,  'y':  -6.0 ,  'r':  0.2 ,  'type':  1} ,  {'idp':  90 ,  'x':  5.41 ,  'y':  -6.47 ,  'r':  0.2 ,  'type':  1}]
62818,1398777839.2343035,[{'idp':  87 ,  'x':  3.47 ,  'y':  -1.4 ,  'r':  0.2 ,  'type':  1} ,  {'idp':  88 ,  'x':  3.09 ,  'y':  -1.95 ,  'r':  0.2 ,  'type':  1} ,  {'idp':  89 ,  'x':  4.56 ,  'y':  -6.0 ,  'r':  0.2 ,  'type':  1} ,  {'idp':  90 ,  'x':  5.4 ,  'y':  -6.47 ,  'r':  0.2 ,  'type':  1}]
62819,1398777839.2716525,[{'idp':  87 ,  'x':  3.45 ,  'y':  -1.4 ,  'r':  0.2 ,  'type':  1} ,  {'idp':  88 ,  'x':  3.07 ,  'y':  -1.93 ,  'r':  0.2 ,  'type':  1} ,  {'idp':  89 ,  'x':  4.54 ,  'y':  -6.0 ,  'r':  0.2 ,  'type':  1} ,  {'idp':  90 ,  'x':  5.36 ,  'y':  -6.47 ,  'r':  0.2 ,  'type':  1}]
62820,1398777839.3115985,[{'idp':  87 ,  'x':  3.42 ,  'y':  -1.4 ,  'r':  0.2 ,  'type':  1} ,  {'idp':  88 ,  'x':  3.05 ,  'y':  -1.92 ,  'r':  0.2 ,  'type':  1} ,  {'idp':  89 ,  'x':  4.5 ,  'y':  -5.99 ,  'r':  0.2 ,  'type':  1} ,  {'idp':  90 ,  'x':  5.31 ,  'y':  -6.5 ,  'r':  0.2 ,  'type':  1}]
62821,1398777839.3116302,[{'idp':  87 ,  'x':  3.39 ,  'y':  -1.38 ,  'r':  0.2 ,  'type':  1} ,  {'idp':  88 ,  'x':  3.04 ,  'y':  -1.89 ,  'r':  0.2 ,  'type':  1} ,  {'idp':  89 ,  'x':  4.47 ,  'y':  -5.99 ,  'r':  0.2 ,  'type':  1} ,  {'idp':  90 ,  'x':  5.3 ,  'y':  -6.49 ,  'r':  0.2 ,  'type':  1}]
62822,1398777839.35155,[{'idp':  87 ,  'x':  3.36 ,  'y':  -1.35 ,  'r':  0.2 ,  'type':  1} ,  {'idp':  88 ,  'x':  3.03 ,  'y':  -1.85 ,  'r':  0.2 ,  'type':  1} ,  {'idp':  89 ,  'x':  4.47 ,  'y':  -5.98 ,  'r':  0.2 ,  'type':  1} ,  {'idp':  90 ,  'x':  5.31 ,  'y':  -6.47 ,  'r':  0.2 ,  'type':  1}]
62823,1398777839.3600538,[{'idp':  87 ,  'x':  3.35 ,  'y':  -1.34 ,  'r':  0.2 ,  'type':  1} ,  {'idp':  88 ,  'x':  3.01 ,  'y':  -1.81 ,  'r':  0.2 ,  'type':  1} ,  {'idp':  89 ,  'x':  4.47 ,  'y':  -5.99 ,  'r':  0.2 ,  'type':  1} ,  {'idp':  90 ,  'x':  5.31 ,  'y':  -6.41 ,  'r':  0.2 ,  'type':  1}]
62824,1398777839.3996186,[{'idp':  87 ,  'x':  3.34 ,  'y':  -1.37 ,  'r':  0.2 ,  'type':  1} ,  {'idp':  88 ,  'x':  3.0 ,  'y':  -1.78 ,  'r':  0.2 ,  'type':  1} ,  {'idp':  89 ,  'x':  4.43 ,  'y':  -5.96 ,  'r':  0.2 ,  'type':  1} ,  {'idp':  90 ,  'x':  5.28 ,  'y':  -6.4 ,  'r':  0.2 ,  'type':  1}]
62825,1398777839.4395995,[{'idp':  87 ,  'x':  3.31 ,  'y':  -1.37 ,  'r':  0.2 ,  'type':  1} ,  {'idp':  88 ,  'x':  2.98 ,  'y':  -1.75 ,  'r':  0.2 ,  'type':  1} ,  {'idp':  89 ,  'x':  4.39 ,  'y':  -5.93 ,  'r':  0.2 ,  'type':  1} ,  {'idp':  90 ,  'x':  5.2 ,  'y':  -6.4 ,  'r':  0.2 ,  'type':  1}]
62826,1398777839.4396315,[{'idp':  87 ,  'x':  3.29 ,  'y':  -1.38 ,  'r':  0.2 ,  'type':  1} ,  {'idp':  88 ,  'x':  2.97 ,  'y':  -1.73 ,  'r':  0.2 ,  'type':  1} ,  {'idp':  89 ,  'x':  4.34 ,  'y':  -5.92 ,  'r':  0.2 ,  'type':  1} ,  {'idp':  90 ,  'x':  5.2 ,  'y':  -6.39 ,  'r':  0.2 ,  'type':  1}]
62827,1398777839.4795997,[{'idp':  87 ,  'x':  3.27 ,  'y':  -1.37 ,  'r':  0.2 ,  'type':  1} ,  {'idp':  88 ,  'x':  2.95 ,  'y':  -1.71 ,  'r':  0.2 ,  'type':  1} ,  {'idp':  89 ,  'x':  4.33 ,  'y':  -5.91 ,  'r':  0.2 ,  'type':  1} ,  {'idp':  90 ,  'x':  5.16 ,  'y':  -6.34 ,  'r':  0.2 ,  'type':  1}]
62828,1398777839.4851813,[{'idp':  87 ,  'x':  3.28 ,  'y':  -1.37 ,  'r':  0.2 ,  'type':  1} ,  {'idp':  88 ,  'x':  2.93 ,  'y':  -1.69 ,  'r':  0.2 ,  'type':  1} ,  {'idp':  89 ,  'x':  4.32 ,  'y':  -5.89 ,  'r':  0.2 ,  'type':  1} ,  {'idp':  90 ,  'x':  5.09 ,  'y':  -6.31 ,  'r':  0.2 ,  'type':  1}]
62829,1398777839.5236208,[{'idp':  87 ,  'x':  3.3 ,  'y':  -1.36 ,  'r':  0.2 ,  'type':  1} ,  {'idp':  88 ,  'x':  2.91 ,  'y':  -1.67 ,  'r':  0.2 ,  'type':  1} ,  {'idp':  89 ,  'x':  4.3 ,  'y':  -5.86 ,  'r':  0.2 ,  'type':  1} ,  {'idp':  90 ,  'x':  5.01 ,  'y':  -6.27 ,  'r':  0.2 ,  'type':  1}]
62830,1398777839.5636203,[{'idp':  87 ,  'x':  3.31 ,  'y':  -1.33 ,  'r':  0.2 ,  'type':  1} ,  {'idp':  88 ,  'x':  2.87 ,  'y':  -1.65 ,  'r':  0.2 ,  'type':  1} ,  {'idp':  89 ,  'x':  4.29 ,  'y':  -5.8 ,  'r':  0.2 ,  'type':  1} ,  {'idp':  90 ,  'x':  5.03 ,  'y':  -6.21 ,  'r':  0.2 ,  'type':  1}]
62831,1398777839.563653,[{'idp':  87 ,  'x':  3.32 ,  'y':  -1.31 ,  'r':  0.2 ,  'type':  1} ,  {'idp':  88 ,  'x':  2.84 ,  'y':  -1.62 ,  'r':  0.2 ,  'type':  1} ,  {'idp':  89 ,  'x':  4.28 ,  'y':  -5.76 ,  'r':  0.2 ,  'type':  1} ,  {'idp':  90 ,  'x':  4.99 ,  'y':  -6.19 ,  'r':  0.2 ,  'type':  1}]
62832,1398777839.603607,[{'idp':  87 ,  'x':  3.31 ,  'y':  -1.29 ,  'r':  0.2 ,  'type':  1} ,  {'idp':  88 ,  'x':  2.78 ,  'y':  -1.59 ,  'r':  0.2 ,  'type':  1} ,  {'idp':  89 ,  'x':  4.28 ,  'y':  -5.73 ,  'r':  0.2 ,  'type':  1} ,  {'idp':  90 ,  'x':  4.95 ,  'y':  -6.17 ,  'r':  0.2 ,  'type':  1}]
62833,1398777839.6104956,[{'idp':  87 ,  'x':  3.27 ,  'y':  -1.27 ,  'r':  0.2 ,  'type':  1} ,  {'idp':  88 ,  'x':  2.75 ,  'y':  -1.57 ,  'r':  0.2 ,  'type':  1} ,  {'idp':  89 ,  'x':  4.24 ,  'y':  -5.71 ,  'r':  0.2 ,  'type':  1} ,  {'idp':  90 ,  'x':  4.92 ,  'y':  -6.16 ,  'r':  0.2 ,  'type':  1}]
62834,1398777839.6476653,[{'idp':  87 ,  'x':  3.24 ,  'y':  -1.25 ,  'r':  0.2 ,  'type':  1} ,  {'idp':  88 ,  'x':  2.72 ,  'y':  -1.54 ,  'r':  0.2 ,  'type':  1} ,  {'idp':  89 ,  'x':  4.2 ,  'y':  -5.68 ,  'r':  0.2 ,  'type':  1} ,  {'idp':  90 ,  'x':  4.93 ,  'y':  -6.17 ,  'r':  0.2 ,  'type':  1} ,  {'idp':  91 ,  'x':  5.53 ,  'y':  -5.66 ,  'r':  0.2 ,  'type':  1}]
62835,1398777839.6876152,[{'idp':  87 ,  'x':  3.21 ,  'y':  -1.24 ,  'r':  0.2 ,  'type':  1} ,  {'idp':  88 ,  'x':  2.7 ,  'y':  -1.53 ,  'r':  0.2 ,  'type':  1} ,  {'idp':  89 ,  'x':  4.19 ,  'y':  -5.67 ,  'r':  0.2 ,  'type':  1} ,  {'idp':  90 ,  'x':  4.95 ,  'y':  -6.14 ,  'r':  0.2 ,  'type':  1} ,  {'idp':  91 ,  'x':  5.58 ,  'y':  -5.68 ,  'r':  0.2 ,  'type':  1}]
62836,1398777839.6876457,[{'idp':  87 ,  'x':  3.18 ,  'y':  -1.22 ,  'r':  0.2 ,  'type':  1} ,  {'idp':  88 ,  'x':  2.68 ,  'y':  -1.51 ,  'r':  0.2 ,  'type':  1} ,  {'idp':  89 ,  'x':  4.19 ,  'y':  -5.63 ,  'r':  0.2 ,  'type':  1} ,  {'idp':  90 ,  'x':  4.96 ,  'y':  -6.1 ,  'r':  0.2 ,  'type':  1} ,  {'idp':  91 ,  'x':  5.56 ,  'y':  -5.63 ,  'r':  0.2 ,  'type':  1}]
62837,1398777839.7275865,[{'idp':  87 ,  'x':  3.16 ,  'y':  -1.21 ,  'r':  0.2 ,  'type':  1} ,  {'idp':  88 ,  'x':  2.66 ,  'y':  -1.5 ,  'r':  0.2 ,  'type':  1} ,  {'idp':  89 ,  'x':  4.16 ,  'y':  -5.62 ,  'r':  0.2 ,  'type':  1} ,  {'idp':  90 ,  'x':  4.96 ,  'y':  -6.09 ,  'r':  0.2 ,  'type':  1} ,  {'idp':  91 ,  'x':  5.56 ,  'y':  -5.61 ,  'r':  0.2 ,  'type':  1}]
62838,1398777839.7359762,[{'idp':  87 ,  'x':  3.13 ,  'y':  -1.19 ,  'r':  0.2 ,  'type':  1} ,  {'idp':  88 ,  'x':  2.64 ,  'y':  -1.49 ,  'r':  0.2 ,  'type':  1} ,  {'idp':  89 ,  'x':  4.14 ,  'y':  -5.6 ,  'r':  0.2 ,  'type':  1} ,  {'idp':  90 ,  'x':  4.93 ,  'y':  -6.06 ,  'r':  0.2 ,  'type':  1} ,  {'idp':  91 ,  'x':  5.52 ,  'y':  -5.59 ,  'r':  0.2 ,  'type':  1}]
62839,1398777839.7755828,[{'idp':  87 ,  'x':  3.1 ,  'y':  -1.18 ,  'r':  0.2 ,  'type':  1} ,  {'idp':  88 ,  'x':  2.62 ,  'y':  -1.49 ,  'r':  0.2 ,  'type':  1} ,  {'idp':  89 ,  'x':  4.11 ,  'y':  -5.58 ,  'r':  0.2 ,  'type':  1} ,  {'idp':  90 ,  'x':  4.9 ,  'y':  -6.03 ,  'r':  0.2 ,  'type':  1} ,  {'idp':  91 ,  'x':  5.53 ,  'y':  -5.55 ,  'r':  0.2 ,  'type':  1}]
62840,1398777839.8155777,[{'idp':  87 ,  'x':  3.08 ,  'y':  -1.17 ,  'r':  0.2 ,  'type':  1} ,  {'idp':  88 ,  'x':  2.6 ,  'y':  -1.48 ,  'r':  0.2 ,  'type':  1} ,  {'idp':  89 ,  'x':  4.09 ,  'y':  -5.56 ,  'r':  0.2 ,  'type':  1} ,  {'idp':  90 ,  'x':  4.88 ,  'y':  -6.0 ,  'r':  0.2 ,  'type':  1} ,  {'idp':  91 ,  'x':  5.48 ,  'y':  -5.55 ,  'r':  0.2 ,  'type':  1}]
62841,1398777839.81561,[{'idp':  87 ,  'x':  3.06 ,  'y':  -1.16 ,  'r':  0.2 ,  'type':  1} ,  {'idp':  88 ,  'x':  2.59 ,  'y':  -1.48 ,  'r':  0.2 ,  'type':  1} ,  {'idp':  89 ,  'x':  4.08 ,  'y':  -5.53 ,  'r':  0.2 ,  'type':  1} ,  {'idp':  90 ,  'x':  4.88 ,  'y':  -5.97 ,  'r':  0.2 ,  'type':  1} ,  {'idp':  91 ,  'x':  5.47 ,  'y':  -5.51 ,  'r':  0.2 ,  'type':  1}]
62842,1398777839.8555517,[{'idp':  87 ,  'x':  3.03 ,  'y':  -1.15 ,  'r':  0.2 ,  'type':  1} ,  {'idp':  88 ,  'x':  2.56 ,  'y':  -1.48 ,  'r':  0.2 ,  'type':  1} ,  {'idp':  89 ,  'x':  4.08 ,  'y':  -5.54 ,  'r':  0.2 ,  'type':  1} ,  {'idp':  90 ,  'x':  4.87 ,  'y':  -5.95 ,  'r':  0.2 ,  'type':  1} ,  {'idp':  91 ,  'x':  5.45 ,  'y':  -5.5 ,  'r':  0.2 ,  'type':  1}]
62843,1398777839.8623567,[{'idp':  87 ,  'x':  3.01 ,  'y':  -1.14 ,  'r':  0.2 ,  'type':  1} ,  {'idp':  88 ,  'x':  2.53 ,  'y':  -1.47 ,  'r':  0.2 ,  'type':  1} ,  {'idp':  89 ,  'x':  4.04 ,  'y':  -5.53 ,  'r':  0.2 ,  'type':  1} ,  {'idp':  90 ,  'x':  4.86 ,  'y':  -5.94 ,  'r':  0.2 ,  'type':  1} ,  {'idp':  91 ,  'x':  5.41 ,  'y':  -5.51 ,  'r':  0.2 ,  'type':  1}]
62844,1398777839.899536,[{'idp':  87 ,  'x':  2.99 ,  'y':  -1.14 ,  'r':  0.2 ,  'type':  1} ,  {'idp':  88 ,  'x':  2.53 ,  'y':  -1.46 ,  'r':  0.2 ,  'type':  1} ,  {'idp':  89 ,  'x':  4.02 ,  'y':  -5.51 ,  'r':  0.2 ,  'type':  1} ,  {'idp':  90 ,  'x':  4.83 ,  'y':  -5.89 ,  'r':  0.2 ,  'type':  1} ,  {'idp':  91 ,  'x':  5.41 ,  'y':  -5.46 ,  'r':  0.2 ,  'type':  1}]
62845,1398777839.9395738,[{'idp':  87 ,  'x':  2.98 ,  'y':  -1.13 ,  'r':  0.2 ,  'type':  1} ,  {'idp':  88 ,  'x':  2.52 ,  'y':  -1.43 ,  'r':  0.2 ,  'type':  1} ,  {'idp':  89 ,  'x':  4.03 ,  'y':  -5.47 ,  'r':  0.2 ,  'type':  1} ,  {'idp':  90 ,  'x':  4.82 ,  'y':  -5.9 ,  'r':  0.2 ,  'type':  1} ,  {'idp':  91 ,  'x':  5.41 ,  'y':  -5.41 ,  'r':  0.2 ,  'type':  1}]
62846,1398777839.9396033,[{'idp':  87 ,  'x':  2.98 ,  'y':  -1.14 ,  'r':  0.2 ,  'type':  1} ,  {'idp':  88 ,  'x':  2.51 ,  'y':  -1.43 ,  'r':  0.2 ,  'type':  1} ,  {'idp':  89 ,  'x':  4.01 ,  'y':  -5.44 ,  'r':  0.2 ,  'type':  1} ,  {'idp':  90 ,  'x':  4.82 ,  'y':  -5.9 ,  'r':  0.2 ,  'type':  1} ,  {'idp':  91 ,  'x':  5.38 ,  'y':  -5.43 ,  'r':  0.2 ,  'type':  1}]
62847,1398777839.9795907,[{'idp':  87 ,  'x':  2.95 ,  'y':  -1.14 ,  'r':  0.2 ,  'type':  1} ,  {'idp':  88 ,  'x':  2.49 ,  'y':  -1.43 ,  'r':  0.2 ,  'type':  1} ,  {'idp':  89 ,  'x':  3.98 ,  'y':  -5.45 ,  'r':  0.2 ,  'type':  1} ,  {'idp':  90 ,  'x':  4.78 ,  'y':  -5.88 ,  'r':  0.2 ,  'type':  1} ,  {'idp':  91 ,  'x':  5.35 ,  'y':  -5.37 ,  'r':  0.2 ,  'type':  1}]
62848,1398777839.9875374,[{'idp':  87 ,  'x':  2.92 ,  'y':  -1.15 ,  'r':  0.2 ,  'type':  1} ,  {'idp':  88 ,  'x':  2.48 ,  'y':  -1.43 ,  'r':  0.2 ,  'type':  1} ,  {'idp':  89 ,  'x':  3.94 ,  'y':  -5.45 ,  'r':  0.2 ,  'type':  1} ,  {'idp':  90 ,  'x':  4.74 ,  'y':  -5.88 ,  'r':  0.2 ,  'type':  1} ,  {'idp':  91 ,  'x':  5.32 ,  'y':  -5.32 ,  'r':  0.2 ,  'type':  1}]
62849,1398777840.0275755,[{'idp':  87 ,  'x':  2.91 ,  'y':  -1.15 ,  'r':  0.2 ,  'type':  1} ,  {'idp':  88 ,  'x':  2.48 ,  'y':  -1.41 ,  'r':  0.2 ,  'type':  1} ,  {'idp':  89 ,  'x':  3.93 ,  'y':  -5.43 ,  'r':  0.2 ,  'type':  1} ,  {'idp':  90 ,  'x':  4.71 ,  'y':  -5.88 ,  'r':  0.2 ,  'type':  1} ,  {'idp':  91 ,  'x':  5.3 ,  'y':  -5.28 ,  'r':  0.2 ,  'type':  1}]
62850,1398777840.067688,[{'idp':  87 ,  'x':  2.91 ,  'y':  -1.16 ,  'r':  0.2 ,  'type':  1} ,  {'idp':  88 ,  'x':  2.46 ,  'y':  -1.4 ,  'r':  0.2 ,  'type':  1} ,  {'idp':  89 ,  'x':  3.93 ,  'y':  -5.41 ,  'r':  0.2 ,  'type':  1} ,  {'idp':  90 ,  'x':  4.69 ,  'y':  -5.87 ,  'r':  0.2 ,  'type':  1} ,  {'idp':  91 ,  'x':  5.35 ,  'y':  -5.25 ,  'r':  0.2 ,  'type':  1}]
62851,1398777840.0677185,[{'idp':  87 ,  'x':  2.88 ,  'y':  -1.15 ,  'r':  0.2 ,  'type':  1} ,  {'idp':  88 ,  'x':  2.45 ,  'y':  -1.39 ,  'r':  0.2 ,  'type':  1} ,  {'idp':  89 ,  'x':  3.92 ,  'y':  -5.39 ,  'r':  0.2 ,  'type':  1} ,  {'idp':  90 ,  'x':  4.69 ,  'y':  -5.87 ,  'r':  0.2 ,  'type':  1} ,  {'idp':  91 ,  'x':  5.34 ,  'y':  -5.25 ,  'r':  0.2 ,  'type':  1}]
62852,1398777840.1077275,[{'idp':  87 ,  'x':  2.85 ,  'y':  -1.15 ,  'r':  0.2 ,  'type':  1} ,  {'idp':  88 ,  'x':  2.44 ,  'y':  -1.4 ,  'r':  0.2 ,  'type':  1} ,  {'idp':  89 ,  'x':  3.91 ,  'y':  -5.4 ,  'r':  0.2 ,  'type':  1} ,  {'idp':  90 ,  'x':  4.63 ,  'y':  -5.87 ,  'r':  0.2 ,  'type':  1} ,  {'idp':  91 ,  'x':  5.28 ,  'y':  -5.28 ,  'r':  0.2 ,  'type':  1}]
62853,1398777840.113437,[{'idp':  87 ,  'x':  2.81 ,  'y':  -1.15 ,  'r':  0.2 ,  'type':  1} ,  {'idp':  88 ,  'x':  2.42 ,  'y':  -1.4 ,  'r':  0.2 ,  'type':  1} ,  {'idp':  89 ,  'x':  3.87 ,  'y':  -5.4 ,  'r':  0.2 ,  'type':  1} ,  {'idp':  90 ,  'x':  4.61 ,  'y':  -5.87 ,  'r':  0.2 ,  'type':  1} ,  {'idp':  91 ,  'x':  5.22 ,  'y':  -5.29 ,  'r':  0.2 ,  'type':  1}]
62854,1398777840.1515796,[{'idp':  87 ,  'x':  2.76 ,  'y':  -1.11 ,  'r':  0.2 ,  'type':  1} ,  {'idp':  88 ,  'x':  2.4 ,  'y':  -1.4 ,  'r':  0.2 ,  'type':  1} ,  {'idp':  89 ,  'x':  3.86 ,  'y':  -5.38 ,  'r':  0.2 ,  'type':  1} ,  {'idp':  90 ,  'x':  4.58 ,  'y':  -5.89 ,  'r':  0.2 ,  'type':  1} ,  {'idp':  91 ,  'x':  5.21 ,  'y':  -5.26 ,  'r':  0.2 ,  'type':  1}]
62855,1398777840.1916695,[{'idp':  87 ,  'x':  2.72 ,  'y':  -1.06 ,  'r':  0.2 ,  'type':  1} ,  {'idp':  88 ,  'x':  2.37 ,  'y':  -1.37 ,  'r':  0.2 ,  'type':  1} ,  {'idp':  89 ,  'x':  3.85 ,  'y':  -5.32 ,  'r':  0.2 ,  'type':  1} ,  {'idp':  90 ,  'x':  4.59 ,  'y':  -5.82 ,  'r':  0.2 ,  'type':  1} ,  {'idp':  91 ,  'x':  5.25 ,  'y':  -5.22 ,  'r':  0.2 ,  'type':  1}]
62856,1398777840.191704,[{'idp':  87 ,  'x':  2.69 ,  'y':  -0.99 ,  'r':  0.2 ,  'type':  1} ,  {'idp':  88 ,  'x':  2.36 ,  'y':  -1.34 ,  'r':  0.2 ,  'type':  1} ,  {'idp':  89 ,  'x':  3.85 ,  'y':  -5.26 ,  'r':  0.2 ,  'type':  1} ,  {'idp':  90 ,  'x':  4.62 ,  'y':  -5.78 ,  'r':  0.2 ,  'type':  1} ,  {'idp':  91 ,  'x':  5.24 ,  'y':  -5.2 ,  'r':  0.2 ,  'type':  1}]
62857,1398777840.23159,[{'idp':  87 ,  'x':  2.68 ,  'y':  -0.94 ,  'r':  0.2 ,  'type':  1} ,  {'idp':  88 ,  'x':  2.35 ,  'y':  -1.32 ,  'r':  0.2 ,  'type':  1} ,  {'idp':  89 ,  'x':  3.87 ,  'y':  -5.23 ,  'r':  0.2 ,  'type':  1} ,  {'idp':  90 ,  'x':  4.62 ,  'y':  -5.7 ,  'r':  0.2 ,  'type':  1} ,  {'idp':  91 ,  'x':  5.25 ,  'y':  -5.18 ,  'r':  0.2 ,  'type':  1}]
62858,1398777840.2386804,[{'idp':  87 ,  'x':  2.66 ,  'y':  -0.91 ,  'r':  0.2 ,  'type':  1} ,  {'idp':  88 ,  'x':  2.33 ,  'y':  -1.31 ,  'r':  0.2 ,  'type':  1} ,  {'idp':  89 ,  'x':  3.86 ,  'y':  -5.22 ,  'r':  0.2 ,  'type':  1} ,  {'idp':  90 ,  'x':  4.59 ,  'y':  -5.65 ,  'r':  0.2 ,  'type':  1} ,  {'idp':  91 ,  'x':  5.25 ,  'y':  -5.19 ,  'r':  0.2 ,  'type':  1}]
62859,1398777840.2755842,[{'idp':  87 ,  'x':  2.64 ,  'y':  -0.89 ,  'r':  0.2 ,  'type':  1} ,  {'idp':  88 ,  'x':  2.31 ,  'y':  -1.3 ,  'r':  0.2 ,  'type':  1} ,  {'idp':  89 ,  'x':  3.8 ,  'y':  -5.23 ,  'r':  0.2 ,  'type':  1} ,  {'idp':  90 ,  'x':  4.57 ,  'y':  -5.61 ,  'r':  0.2 ,  'type':  1} ,  {'idp':  91 ,  'x':  5.23 ,  'y':  -5.17 ,  'r':  0.2 ,  'type':  1}]
62860,1398777840.3155944,[{'idp':  87 ,  'x':  2.62 ,  'y':  -0.86 ,  'r':  0.2 ,  'type':  1} ,  {'idp':  88 ,  'x':  2.3 ,  'y':  -1.29 ,  'r':  0.2 ,  'type':  1} ,  {'idp':  89 ,  'x':  3.8 ,  'y':  -5.23 ,  'r':  0.2 ,  'type':  1} ,  {'idp':  90 ,  'x':  4.54 ,  'y':  -5.59 ,  'r':  0.2 ,  'type':  1} ,  {'idp':  91 ,  'x':  5.23 ,  'y':  -5.14 ,  'r':  0.2 ,  'type':  1}]
62861,1398777840.3156304,[{'idp':  87 ,  'x':  2.6 ,  'y':  -0.84 ,  'r':  0.2 ,  'type':  1} ,  {'idp':  88 ,  'x':  2.28 ,  'y':  -1.27 ,  'r':  0.2 ,  'type':  1} ,  {'idp':  89 ,  'x':  3.83 ,  'y':  -5.22 ,  'r':  0.2 ,  'type':  1} ,  {'idp':  90 ,  'x':  4.54 ,  'y':  -5.53 ,  'r':  0.2 ,  'type':  1} ,  {'idp':  91 ,  'x':  5.21 ,  'y':  -5.12 ,  'r':  0.2 ,  'type':  1}]
62862,1398777840.3556035,[{'idp':  87 ,  'x':  2.58 ,  'y':  -0.81 ,  'r':  0.2 ,  'type':  1} ,  {'idp':  88 ,  'x':  2.27 ,  'y':  -1.25 ,  'r':  0.2 ,  'type':  1} ,  {'idp':  89 ,  'x':  3.86 ,  'y':  -5.21 ,  'r':  0.2 ,  'type':  1} ,  {'idp':  90 ,  'x':  4.55 ,  'y':  -5.49 ,  'r':  0.2 ,  'type':  1} ,  {'idp':  91 ,  'x':  5.2 ,  'y':  -5.09 ,  'r':  0.2 ,  'type':  1}]
62863,1398777840.3633437,[{'idp':  87 ,  'x':  2.55 ,  'y':  -0.78 ,  'r':  0.2 ,  'type':  1} ,  {'idp':  88 ,  'x':  2.26 ,  'y':  -1.24 ,  'r':  0.2 ,  'type':  1} ,  {'idp':  89 ,  'x':  3.87 ,  'y':  -5.2 ,  'r':  0.2 ,  'type':  1} ,  {'idp':  90 ,  'x':  4.55 ,  'y':  -5.42 ,  'r':  0.2 ,  'type':  1} ,  {'idp':  91 ,  'x':  5.18 ,  'y':  -5.07 ,  'r':  0.2 ,  'type':  1}]
62864,1398777840.3996058,[{'idp':  87 ,  'x':  2.53 ,  'y':  -0.78 ,  'r':  0.2 ,  'type':  1} ,  {'idp':  88 ,  'x':  2.25 ,  'y':  -1.24 ,  'r':  0.2 ,  'type':  1} ,  {'idp':  89 ,  'x':  3.86 ,  'y':  -5.19 ,  'r':  0.2 ,  'type':  1} ,  {'idp':  90 ,  'x':  4.53 ,  'y':  -5.39 ,  'r':  0.2 ,  'type':  1} ,  {'idp':  91 ,  'x':  5.16 ,  'y':  -5.05 ,  'r':  0.2 ,  'type':  1}]
62865,1398777840.43957,[{'idp':  87 ,  'x':  2.49 ,  'y':  -0.77 ,  'r':  0.2 ,  'type':  1} ,  {'idp':  88 ,  'x':  2.24 ,  'y':  -1.24 ,  'r':  0.2 ,  'type':  1} ,  {'idp':  89 ,  'x':  3.83 ,  'y':  -5.2 ,  'r':  0.2 ,  'type':  1} ,  {'idp':  90 ,  'x':  4.53 ,  'y':  -5.38 ,  'r':  0.2 ,  'type':  1} ,  {'idp':  91 ,  'x':  5.15 ,  'y':  -5.04 ,  'r':  0.2 ,  'type':  1}]
62866,1398777840.4396026,[{'idp':  87 ,  'x':  2.45 ,  'y':  -0.77 ,  'r':  0.2 ,  'type':  1} ,  {'idp':  88 ,  'x':  2.23 ,  'y':  -1.24 ,  'r':  0.2 ,  'type':  1} ,  {'idp':  89 ,  'x':  3.79 ,  'y':  -5.19 ,  'r':  0.2 ,  'type':  1} ,  {'idp':  90 ,  'x':  4.53 ,  'y':  -5.35 ,  'r':  0.2 ,  'type':  1} ,  {'idp':  91 ,  'x':  5.13 ,  'y':  -5.02 ,  'r':  0.2 ,  'type':  1}]
62867,1398777840.479653,[{'idp':  87 ,  'x':  2.4 ,  'y':  -0.76 ,  'r':  0.2 ,  'type':  1} ,  {'idp':  88 ,  'x':  2.21 ,  'y':  -1.23 ,  'r':  0.2 ,  'type':  1} ,  {'idp':  89 ,  'x':  3.78 ,  'y':  -5.18 ,  'r':  0.2 ,  'type':  1} ,  {'idp':  90 ,  'x':  4.51 ,  'y':  -5.35 ,  'r':  0.2 ,  'type':  1} ,  {'idp':  91 ,  'x':  5.13 ,  'y':  -5.0 ,  'r':  0.2 ,  'type':  1}]
62868,1398777840.4894147,[{'idp':  87 ,  'x':  2.36 ,  'y':  -0.75 ,  'r':  0.2 ,  'type':  1} ,  {'idp':  88 ,  'x':  2.19 ,  'y':  -1.22 ,  'r':  0.2 ,  'type':  1} ,  {'idp':  89 ,  'x':  3.79 ,  'y':  -5.16 ,  'r':  0.2 ,  'type':  1} ,  {'idp':  90 ,  'x':  4.53 ,  'y':  -5.35 ,  'r':  0.2 ,  'type':  1} ,  {'idp':  91 ,  'x':  5.13 ,  'y':  -4.98 ,  'r':  0.2 ,  'type':  1}]
62869,1398777840.5275786,[{'idp':  87 ,  'x':  2.29 ,  'y':  -0.73 ,  'r':  0.2 ,  'type':  1} ,  {'idp':  88 ,  'x':  2.18 ,  'y':  -1.22 ,  'r':  0.2 ,  'type':  1} ,  {'idp':  89 ,  'x':  3.78 ,  'y':  -5.15 ,  'r':  0.2 ,  'type':  1} ,  {'idp':  90 ,  'x':  4.52 ,  'y':  -5.34 ,  'r':  0.2 ,  'type':  1} ,  {'idp':  91 ,  'x':  5.11 ,  'y':  -4.95 ,  'r':  0.2 ,  'type':  1}]
62870,1398777840.5675886,[{'idp':  87 ,  'x':  2.25 ,  'y':  -0.71 ,  'r':  0.2 ,  'type':  1} ,  {'idp':  88 ,  'x':  2.17 ,  'y':  -1.2 ,  'r':  0.2 ,  'type':  1} ,  {'idp':  89 ,  'x':  3.76 ,  'y':  -5.13 ,  'r':  0.2 ,  'type':  1} ,  {'idp':  90 ,  'x':  4.5 ,  'y':  -5.32 ,  'r':  0.2 ,  'type':  1} ,  {'idp':  91 ,  'x':  5.11 ,  'y':  -4.93 ,  'r':  0.2 ,  'type':  1}]
62871,1398777840.5676222,[{'idp':  87 ,  'x':  2.24 ,  'y':  -0.69 ,  'r':  0.2 ,  'type':  1} ,  {'idp':  88 ,  'x':  2.16 ,  'y':  -1.19 ,  'r':  0.2 ,  'type':  1} ,  {'idp':  89 ,  'x':  3.77 ,  'y':  -5.1 ,  'r':  0.2 ,  'type':  1} ,  {'idp':  90 ,  'x':  4.52 ,  'y':  -5.29 ,  'r':  0.2 ,  'type':  1} ,  {'idp':  91 ,  'x':  5.11 ,  'y':  -4.92 ,  'r':  0.2 ,  'type':  1}]
62872,1398777840.607639,[{'idp':  87 ,  'x':  2.22 ,  'y':  -0.68 ,  'r':  0.2 ,  'type':  1} ,  {'idp':  88 ,  'x':  2.14 ,  'y':  -1.18 ,  'r':  0.2 ,  'type':  1} ,  {'idp':  89 ,  'x':  3.76 ,  'y':  -5.1 ,  'r':  0.2 ,  'type':  1} ,  {'idp':  90 ,  'x':  4.51 ,  'y':  -5.28 ,  'r':  0.2 ,  'type':  1} ,  {'idp':  91 ,  'x':  5.11 ,  'y':  -4.92 ,  'r':  0.2 ,  'type':  1}]
62873,1398777840.6136386,[{'idp':  87 ,  'x':  2.2 ,  'y':  -0.68 ,  'r':  0.2 ,  'type':  1} ,  {'idp':  88 ,  'x':  2.12 ,  'y':  -1.17 ,  'r':  0.2 ,  'type':  1} ,  {'idp':  89 ,  'x':  3.73 ,  'y':  -5.09 ,  'r':  0.2 ,  'type':  1} ,  {'idp':  90 ,  'x':  4.48 ,  'y':  -5.27 ,  'r':  0.2 ,  'type':  1} ,  {'idp':  91 ,  'x':  5.07 ,  'y':  -4.89 ,  'r':  0.2 ,  'type':  1}]
62874,1398777840.6516128,[{'idp':  87 ,  'x':  2.18 ,  'y':  -0.68 ,  'r':  0.2 ,  'type':  1} ,  {'idp':  88 ,  'x':  2.1 ,  'y':  -1.17 ,  'r':  0.2 ,  'type':  1} ,  {'idp':  89 ,  'x':  3.71 ,  'y':  -5.08 ,  'r':  0.2 ,  'type':  1} ,  {'idp':  90 ,  'x':  4.47 ,  'y':  -5.27 ,  'r':  0.2 ,  'type':  1} ,  {'idp':  91 ,  'x':  5.04 ,  'y':  -4.87 ,  'r':  0.2 ,  'type':  1}]
62875,1398777840.6915953,[{'idp':  87 ,  'x':  2.16 ,  'y':  -0.67 ,  'r':  0.2 ,  'type':  1} ,  {'idp':  88 ,  'x':  2.09 ,  'y':  -1.17 ,  'r':  0.2 ,  'type':  1} ,  {'idp':  89 ,  'x':  3.69 ,  'y':  -5.08 ,  'r':  0.2 ,  'type':  1} ,  {'idp':  90 ,  'x':  4.47 ,  'y':  -5.26 ,  'r':  0.2 ,  'type':  1} ,  {'idp':  91 ,  'x':  5.05 ,  'y':  -4.85 ,  'r':  0.2 ,  'type':  1}]
62876,1398777840.691629,[{'idp':  87 ,  'x':  2.14 ,  'y':  -0.66 ,  'r':  0.2 ,  'type':  1} ,  {'idp':  88 ,  'x':  2.07 ,  'y':  -1.16 ,  'r':  0.2 ,  'type':  1} ,  {'idp':  89 ,  'x':  3.67 ,  'y':  -5.07 ,  'r':  0.2 ,  'type':  1} ,  {'idp':  90 ,  'x':  4.45 ,  'y':  -5.23 ,  'r':  0.2 ,  'type':  1} ,  {'idp':  91 ,  'x':  5.02 ,  'y':  -4.83 ,  'r':  0.2 ,  'type':  1}]
62877,1398777840.731623,[{'idp':  87 ,  'x':  2.12 ,  'y':  -0.66 ,  'r':  0.2 ,  'type':  1} ,  {'idp':  88 ,  'x':  2.06 ,  'y':  -1.16 ,  'r':  0.2 ,  'type':  1} ,  {'idp':  89 ,  'x':  3.66 ,  'y':  -5.06 ,  'r':  0.2 ,  'type':  1} ,  {'idp':  90 ,  'x':  4.43 ,  'y':  -5.23 ,  'r':  0.2 ,  'type':  1} ,  {'idp':  91 ,  'x':  5.02 ,  'y':  -4.8 ,  'r':  0.2 ,  'type':  1}]
62878,1398777840.7389426,[{'idp':  87 ,  'x':  2.08 ,  'y':  -0.65 ,  'r':  0.2 ,  'type':  1} ,  {'idp':  88 ,  'x':  2.05 ,  'y':  -1.15 ,  'r':  0.2 ,  'type':  1} ,  {'idp':  89 ,  'x':  3.65 ,  'y':  -5.05 ,  'r':  0.2 ,  'type':  1} ,  {'idp':  90 ,  'x':  4.41 ,  'y':  -5.21 ,  'r':  0.2 ,  'type':  1} ,  {'idp':  91 ,  'x':  5.01 ,  'y':  -4.79 ,  'r':  0.2 ,  'type':  1}]
62879,1398777840.775625,[{'idp':  87 ,  'x':  2.05 ,  'y':  -0.63 ,  'r':  0.2 ,  'type':  1} ,  {'idp':  88 ,  'x':  2.04 ,  'y':  -1.14 ,  'r':  0.2 ,  'type':  1} ,  {'idp':  89 ,  'x':  3.64 ,  'y':  -5.04 ,  'r':  0.2 ,  'type':  1} ,  {'idp':  90 ,  'x':  4.39 ,  'y':  -5.19 ,  'r':  0.2 ,  'type':  1} ,  {'idp':  91 ,  'x':  5.01 ,  'y':  -4.77 ,  'r':  0.2 ,  'type':  1} ,  {'idp':  92 ,  'x':  3.86 ,  'y':  -6.66 ,  'r':  0.2 ,  'type':  1}]
62880,1398777840.8155982,[{'idp':  87 ,  'x':  2.02 ,  'y':  -0.63 ,  'r':  0.2 ,  'type':  1} ,  {'idp':  88 ,  'x':  2.02 ,  'y':  -1.12 ,  'r':  0.2 ,  'type':  1} ,  {'idp':  89 ,  'x':  3.63 ,  'y':  -5.03 ,  'r':  0.2 ,  'type':  1} ,  {'idp':  90 ,  'x':  4.36 ,  'y':  -5.15 ,  'r':  0.2 ,  'type':  1} ,  {'idp':  91 ,  'x':  5.0 ,  'y':  -4.77 ,  'r':  0.2 ,  'type':  1} ,  {'idp':  92 ,  'x':  3.84 ,  'y':  -6.62 ,  'r':  0.2 ,  'type':  1}]
62881,1398777840.8156278,[{'idp':  87 ,  'x':  2.01 ,  'y':  -0.63 ,  'r':  0.2 ,  'type':  1} ,  {'idp':  88 ,  'x':  2.01 ,  'y':  -1.1 ,  'r':  0.2 ,  'type':  1} ,  {'idp':  89 ,  'x':  3.63 ,  'y':  -5.02 ,  'r':  0.2 ,  'type':  1} ,  {'idp':  90 ,  'x':  4.33 ,  'y':  -5.11 ,  'r':  0.2 ,  'type':  1} ,  {'idp':  91 ,  'x':  4.97 ,  'y':  -4.77 ,  'r':  0.2 ,  'type':  1} ,  {'idp':  92 ,  'x':  3.83 ,  'y':  -6.63 ,  'r':  0.2 ,  'type':  1}]
62882,1398777840.85555,[{'idp':  87 ,  'x':  1.99 ,  'y':  -0.62 ,  'r':  0.2 ,  'type':  1} ,  {'idp':  88 ,  'x':  1.99 ,  'y':  -1.09 ,  'r':  0.2 ,  'type':  1} ,  {'idp':  89 ,  'x':  3.6 ,  'y':  -5.0 ,  'r':  0.2 ,  'type':  1} ,  {'idp':  90 ,  'x':  4.33 ,  'y':  -5.09 ,  'r':  0.2 ,  'type':  1} ,  {'idp':  91 ,  'x':  4.96 ,  'y':  -4.73 ,  'r':  0.2 ,  'type':  1} ,  {'idp':  92 ,  'x':  3.84 ,  'y':  -6.64 ,  'r':  0.2 ,  'type':  1}]
62883,1398777840.8646321,[{'idp':  87 ,  'x':  1.97 ,  'y':  -0.63 ,  'r':  0.2 ,  'type':  1} ,  {'idp':  88 ,  'x':  1.97 ,  'y':  -1.08 ,  'r':  0.2 ,  'type':  1} ,  {'idp':  89 ,  'x':  3.56 ,  'y':  -5.0 ,  'r':  0.2 ,  'type':  1} ,  {'idp':  90 ,  'x':  4.3 ,  'y':  -5.06 ,  'r':  0.2 ,  'type':  1} ,  {'idp':  91 ,  'x':  4.94 ,  'y':  -4.71 ,  'r':  0.2 ,  'type':  1} ,  {'idp':  92 ,  'x':  3.86 ,  'y':  -6.64 ,  'r':  0.2 ,  'type':  1}]
62884,1398777840.9035974,[{'idp':  87 ,  'x':  1.97 ,  'y':  -0.63 ,  'r':  0.2 ,  'type':  1} ,  {'idp':  88 ,  'x':  1.95 ,  'y':  -1.07 ,  'r':  0.2 ,  'type':  1} ,  {'idp':  89 ,  'x':  3.53 ,  'y':  -5.0 ,  'r':  0.2 ,  'type':  1} ,  {'idp':  90 ,  'x':  4.26 ,  'y':  -5.03 ,  'r':  0.2 ,  'type':  1} ,  {'idp':  91 ,  'x':  4.93 ,  'y':  -4.68 ,  'r':  0.2 ,  'type':  1} ,  {'idp':  92 ,  'x':  3.84 ,  'y':  -6.64 ,  'r':  0.2 ,  'type':  1}]
62885,1398777840.9435852,[{'idp':  87 ,  'x':  1.97 ,  'y':  -0.63 ,  'r':  0.2 ,  'type':  1} ,  {'idp':  88 ,  'x':  1.93 ,  'y':  -1.05 ,  'r':  0.2 ,  'type':  1} ,  {'idp':  89 ,  'x':  3.51 ,  'y':  -4.99 ,  'r':  0.2 ,  'type':  1} ,  {'idp':  90 ,  'x':  4.21 ,  'y':  -5.0 ,  'r':  0.2 ,  'type':  1} ,  {'idp':  91 ,  'x':  4.92 ,  'y':  -4.65 ,  'r':  0.2 ,  'type':  1} ,  {'idp':  92 ,  'x':  3.86 ,  'y':  -6.65 ,  'r':  0.2 ,  'type':  1}]
62886,1398777840.9436138,[{'idp':  87 ,  'x':  2.01 ,  'y':  -0.6 ,  'r':  0.2 ,  'type':  1} ,  {'idp':  88 ,  'x':  1.93 ,  'y':  -1.04 ,  'r':  0.2 ,  'type':  1} ,  {'idp':  89 ,  'x':  3.5 ,  'y':  -5.0 ,  'r':  0.2 ,  'type':  1} ,  {'idp':  90 ,  'x':  4.19 ,  'y':  -4.97 ,  'r':  0.2 ,  'type':  1} ,  {'idp':  91 ,  'x':  4.92 ,  'y':  -4.62 ,  'r':  0.2 ,  'type':  1} ,  {'idp':  92 ,  'x':  3.85 ,  'y':  -6.63 ,  'r':  0.2 ,  'type':  1}]
62887,1398777840.983592,[{'idp':  87 ,  'x':  2.01 ,  'y':  -0.58 ,  'r':  0.2 ,  'type':  1} ,  {'idp':  88 ,  'x':  1.92 ,  'y':  -1.03 ,  'r':  0.2 ,  'type':  1} ,  {'idp':  89 ,  'x':  3.5 ,  'y':  -5.0 ,  'r':  0.2 ,  'type':  1} ,  {'idp':  90 ,  'x':  4.15 ,  'y':  -4.94 ,  'r':  0.2 ,  'type':  1} ,  {'idp':  91 ,  'x':  4.91 ,  'y':  -4.6 ,  'r':  0.2 ,  'type':  1} ,  {'idp':  92 ,  'x':  3.9 ,  'y':  -6.62 ,  'r':  0.2 ,  'type':  1}]
62888,1398777840.9908042,[{'idp':  87 ,  'x':  2.0 ,  'y':  -0.56 ,  'r':  0.2 ,  'type':  1} ,  {'idp':  88 ,  'x':  1.9 ,  'y':  -1.02 ,  'r':  0.2 ,  'type':  1} ,  {'idp':  89 ,  'x':  3.5 ,  'y':  -4.99 ,  'r':  0.2 ,  'type':  1} ,  {'idp':  90 ,  'x':  4.15 ,  'y':  -4.92 ,  'r':  0.2 ,  'type':  1} ,  {'idp':  91 ,  'x':  4.91 ,  'y':  -4.58 ,  'r':  0.2 ,  'type':  1} ,  {'idp':  92 ,  'x':  3.87 ,  'y':  -6.61 ,  'r':  0.2 ,  'type':  1}]
62889,1398777841.0276074,[{'idp':  87 ,  'x':  1.98 ,  'y':  -0.55 ,  'r':  0.2 ,  'type':  1} ,  {'idp':  88 ,  'x':  1.89 ,  'y':  -1.01 ,  'r':  0.2 ,  'type':  1} ,  {'idp':  89 ,  'x':  3.49 ,  'y':  -5.0 ,  'r':  0.2 ,  'type':  1} ,  {'idp':  90 ,  'x':  4.13 ,  'y':  -4.9 ,  'r':  0.2 ,  'type':  1} ,  {'idp':  91 ,  'x':  4.9 ,  'y':  -4.53 ,  'r':  0.2 ,  'type':  1} ,  {'idp':  92 ,  'x':  3.85 ,  'y':  -6.6 ,  'r':  0.2 ,  'type':  1}]
62890,1398777841.067661,[{'idp':  87 ,  'x':  1.96 ,  'y':  -0.55 ,  'r':  0.2 ,  'type':  1} ,  {'idp':  88 ,  'x':  1.87 ,  'y':  -1.01 ,  'r':  0.2 ,  'type':  1} ,  {'idp':  89 ,  'x':  3.46 ,  'y':  -4.99 ,  'r':  0.2 ,  'type':  1} ,  {'idp':  90 ,  'x':  4.11 ,  'y':  -4.89 ,  'r':  0.2 ,  'type':  1} ,  {'idp':  91 ,  'x':  4.87 ,  'y':  -4.52 ,  'r':  0.2 ,  'type':  1} ,  {'idp':  92 ,  'x':  3.82 ,  'y':  -6.61 ,  'r':  0.2 ,  'type':  1}]
62891,1398777841.0676944,[{'idp':  87 ,  'x':  1.93 ,  'y':  -0.55 ,  'r':  0.2 ,  'type':  1} ,  {'idp':  88 ,  'x':  1.85 ,  'y':  -1.01 ,  'r':  0.2 ,  'type':  1} ,  {'idp':  89 ,  'x':  3.42 ,  'y':  -5.0 ,  'r':  0.2 ,  'type':  1} ,  {'idp':  90 ,  'x':  4.08 ,  'y':  -4.88 ,  'r':  0.2 ,  'type':  1} ,  {'idp':  91 ,  'x':  4.83 ,  'y':  -4.52 ,  'r':  0.2 ,  'type':  1} ,  {'idp':  92 ,  'x':  3.8 ,  'y':  -6.64 ,  'r':  0.2 ,  'type':  1}]
62892,1398777841.1076636,[{'idp':  87 ,  'x':  1.9 ,  'y':  -0.55 ,  'r':  0.2 ,  'type':  1} ,  {'idp':  88 ,  'x':  1.83 ,  'y':  -1.01 ,  'r':  0.2 ,  'type':  1} ,  {'idp':  89 ,  'x':  3.38 ,  'y':  -4.98 ,  'r':  0.2 ,  'type':  1} ,  {'idp':  90 ,  'x':  4.06 ,  'y':  -4.88 ,  'r':  0.2 ,  'type':  1} ,  {'idp':  91 ,  'x':  4.8 ,  'y':  -4.52 ,  'r':  0.2 ,  'type':  1} ,  {'idp':  92 ,  'x':  3.79 ,  'y':  -6.66 ,  'r':  0.2 ,  'type':  1}]
62893,1398777841.1163068,[{'idp':  87 ,  'x':  1.88 ,  'y':  -0.54 ,  'r':  0.2 ,  'type':  1} ,  {'idp':  88 ,  'x':  1.81 ,  'y':  -1.01 ,  'r':  0.2 ,  'type':  1} ,  {'idp':  89 ,  'x':  3.35 ,  'y':  -4.97 ,  'r':  0.2 ,  'type':  1} ,  {'idp':  90 ,  'x':  4.02 ,  'y':  -4.87 ,  'r':  0.2 ,  'type':  1} ,  {'idp':  91 ,  'x':  4.79 ,  'y':  -4.49 ,  'r':  0.2 ,  'type':  1} ,  {'idp':  92 ,  'x':  3.76 ,  'y':  -6.65 ,  'r':  0.2 ,  'type':  1}]
62894,1398777841.1555834,[{'idp':  87 ,  'x':  1.86 ,  'y':  -0.54 ,  'r':  0.2 ,  'type':  1} ,  {'idp':  88 ,  'x':  1.78 ,  'y':  -1.0 ,  'r':  0.2 ,  'type':  1} ,  {'idp':  89 ,  'x':  3.36 ,  'y':  -4.95 ,  'r':  0.2 ,  'type':  1} ,  {'idp':  90 ,  'x':  4.02 ,  'y':  -4.86 ,  'r':  0.2 ,  'type':  1} ,  {'idp':  91 ,  'x':  4.81 ,  'y':  -4.46 ,  'r':  0.2 ,  'type':  1} ,  {'idp':  92 ,  'x':  3.81 ,  'y':  -6.64 ,  'r':  0.2 ,  'type':  1}]
62895,1398777841.195609,[{'idp':  87 ,  'x':  1.84 ,  'y':  -0.54 ,  'r':  0.2 ,  'type':  1} ,  {'idp':  88 ,  'x':  1.76 ,  'y':  -1.0 ,  'r':  0.2 ,  'type':  1} ,  {'idp':  89 ,  'x':  3.36 ,  'y':  -4.94 ,  'r':  0.2 ,  'type':  1} ,  {'idp':  90 ,  'x':  4.01 ,  'y':  -4.85 ,  'r':  0.2 ,  'type':  1} ,  {'idp':  91 ,  'x':  4.83 ,  'y':  -4.42 ,  'r':  0.2 ,  'type':  1} ,  {'idp':  92 ,  'x':  3.84 ,  'y':  -6.61 ,  'r':  0.2 ,  'type':  1}]
62896,1398777841.195638,[{'idp':  87 ,  'x':  1.82 ,  'y':  -0.53 ,  'r':  0.2 ,  'type':  1} ,  {'idp':  88 ,  'x':  1.74 ,  'y':  -1.0 ,  'r':  0.2 ,  'type':  1} ,  {'idp':  89 ,  'x':  3.34 ,  'y':  -4.91 ,  'r':  0.2 ,  'type':  1} ,  {'idp':  90 ,  'x':  3.99 ,  'y':  -4.84 ,  'r':  0.2 ,  'type':  1} ,  {'idp':  91 ,  'x':  4.8 ,  'y':  -4.4 ,  'r':  0.2 ,  'type':  1} ,  {'idp':  92 ,  'x':  3.82 ,  'y':  -6.61 ,  'r':  0.2 ,  'type':  1}]
62897,1398777841.2356231,[{'idp':  87 ,  'x':  1.79 ,  'y':  -0.52 ,  'r':  0.2 ,  'type':  1} ,  {'idp':  88 ,  'x':  1.72 ,  'y':  -1.01 ,  'r':  0.2 ,  'type':  1} ,  {'idp':  89 ,  'x':  3.32 ,  'y':  -4.86 ,  'r':  0.2 ,  'type':  1} ,  {'idp':  90 ,  'x':  3.96 ,  'y':  -4.83 ,  'r':  0.2 ,  'type':  1} ,  {'idp':  91 ,  'x':  4.76 ,  'y':  -4.38 ,  'r':  0.2 ,  'type':  1} ,  {'idp':  92 ,  'x':  3.79 ,  'y':  -6.62 ,  'r':  0.2 ,  'type':  1}]
62898,1398777841.2409434,[{'idp':  87 ,  'x':  1.76 ,  'y':  -0.53 ,  'r':  0.2 ,  'type':  1} ,  {'idp':  88 ,  'x':  1.7 ,  'y':  -1.03 ,  'r':  0.2 ,  'type':  1} ,  {'idp':  89 ,  'x':  3.28 ,  'y':  -4.86 ,  'r':  0.2 ,  'type':  1} ,  {'idp':  90 ,  'x':  3.93 ,  'y':  -4.81 ,  'r':  0.2 ,  'type':  1} ,  {'idp':  91 ,  'x':  4.72 ,  'y':  -4.36 ,  'r':  0.2 ,  'type':  1} ,  {'idp':  92 ,  'x':  3.74 ,  'y':  -6.64 ,  'r':  0.2 ,  'type':  1}]
62899,1398777841.2795908,[{'idp':  87 ,  'x':  1.72 ,  'y':  -0.52 ,  'r':  0.2 ,  'type':  1} ,  {'idp':  88 ,  'x':  1.68 ,  'y':  -1.04 ,  'r':  0.2 ,  'type':  1} ,  {'idp':  89 ,  'x':  3.25 ,  'y':  -4.86 ,  'r':  0.2 ,  'type':  1} ,  {'idp':  90 ,  'x':  3.91 ,  'y':  -4.77 ,  'r':  0.2 ,  'type':  1} ,  {'idp':  91 ,  'x':  4.69 ,  'y':  -4.37 ,  'r':  0.2 ,  'type':  1} ,  {'idp':  92 ,  'x':  3.71 ,  'y':  -6.66 ,  'r':  0.2 ,  'type':  1}]
62900,1398777841.319543,[{'idp':  87 ,  'x':  1.7 ,  'y':  -0.51 ,  'r':  0.2 ,  'type':  1} ,  {'idp':  88 ,  'x':  1.66 ,  'y':  -1.03 ,  'r':  0.2 ,  'type':  1} ,  {'idp':  89 ,  'x':  3.24 ,  'y':  -4.83 ,  'r':  0.2 ,  'type':  1} ,  {'idp':  90 ,  'x':  3.91 ,  'y':  -4.77 ,  'r':  0.2 ,  'type':  1} ,  {'idp':  91 ,  'x':  4.68 ,  'y':  -4.33 ,  'r':  0.2 ,  'type':  1} ,  {'idp':  92 ,  'x':  3.72 ,  'y':  -6.65 ,  'r':  0.2 ,  'type':  1}]
62901,1398777841.319574,[{'idp':  87 ,  'x':  1.67 ,  'y':  -0.49 ,  'r':  0.2 ,  'type':  1} ,  {'idp':  88 ,  'x':  1.64 ,  'y':  -1.03 ,  'r':  0.2 ,  'type':  1} ,  {'idp':  89 ,  'x':  3.26 ,  'y':  -4.81 ,  'r':  0.2 ,  'type':  1} ,  {'idp':  90 ,  'x':  3.91 ,  'y':  -4.8 ,  'r':  0.2 ,  'type':  1} ,  {'idp':  91 ,  'x':  4.64 ,  'y':  -4.27 ,  'r':  0.2 ,  'type':  1} ,  {'idp':  92 ,  'x':  3.75 ,  'y':  -6.63 ,  'r':  0.2 ,  'type':  1}]
62902,1398777841.3595793,[{'idp':  87 ,  'x':  1.64 ,  'y':  -0.47 ,  'r':  0.2 ,  'type':  1} ,  {'idp':  88 ,  'x':  1.63 ,  'y':  -1.03 ,  'r':  0.2 ,  'type':  1} ,  {'idp':  89 ,  'x':  3.24 ,  'y':  -4.79 ,  'r':  0.2 ,  'type':  1} ,  {'idp':  90 ,  'x':  3.9 ,  'y':  -4.86 ,  'r':  0.2 ,  'type':  1} ,  {'idp':  91 ,  'x':  4.62 ,  'y':  -4.22 ,  'r':  0.2 ,  'type':  1} ,  {'idp':  92 ,  'x':  3.75 ,  'y':  -6.62 ,  'r':  0.2 ,  'type':  1}]
62903,1398777841.3669374,[{'idp':  87 ,  'x':  1.61 ,  'y':  -0.44 ,  'r':  0.2 ,  'type':  1} ,  {'idp':  88 ,  'x':  1.61 ,  'y':  -1.03 ,  'r':  0.2 ,  'type':  1} ,  {'idp':  89 ,  'x':  3.2 ,  'y':  -4.79 ,  'r':  0.2 ,  'type':  1} ,  {'idp':  90 ,  'x':  3.87 ,  'y':  -4.91 ,  'r':  0.2 ,  'type':  1} ,  {'idp':  91 ,  'x':  4.58 ,  'y':  -4.22 ,  'r':  0.2 ,  'type':  1} ,  {'idp':  92 ,  'x':  3.72 ,  'y':  -6.64 ,  'r':  0.2 ,  'type':  1}]
62904,1398777841.4036024,[{'idp':  87 ,  'x':  1.58 ,  'y':  -0.43 ,  'r':  0.2 ,  'type':  1} ,  {'idp':  88 ,  'x':  1.58 ,  'y':  -1.03 ,  'r':  0.2 ,  'type':  1} ,  {'idp':  89 ,  'x':  3.17 ,  'y':  -4.79 ,  'r':  0.2 ,  'type':  1} ,  {'idp':  90 ,  'x':  3.81 ,  'y':  -4.92 ,  'r':  0.2 ,  'type':  1} ,  {'idp':  91 ,  'x':  4.54 ,  'y':  -4.22 ,  'r':  0.2 ,  'type':  1} ,  {'idp':  92 ,  'x':  3.67 ,  'y':  -6.65 ,  'r':  0.2 ,  'type':  1}]
62905,1398777841.4435716,[{'idp':  87 ,  'x':  1.55 ,  'y':  -0.43 ,  'r':  0.2 ,  'type':  1} ,  {'idp':  88 ,  'x':  1.57 ,  'y':  -1.04 ,  'r':  0.2 ,  'type':  1} ,  {'idp':  89 ,  'x':  3.14 ,  'y':  -4.78 ,  'r':  0.2 ,  'type':  1} ,  {'idp':  90 ,  'x':  3.77 ,  'y':  -4.89 ,  'r':  0.2 ,  'type':  1} ,  {'idp':  91 ,  'x':  4.51 ,  'y':  -4.23 ,  'r':  0.2 ,  'type':  1} ,  {'idp':  92 ,  'x':  3.62 ,  'y':  -6.67 ,  'r':  0.2 ,  'type':  1}]
62906,1398777841.4436588,[{'idp':  87 ,  'x':  1.53 ,  'y':  -0.43 ,  'r':  0.2 ,  'type':  1} ,  {'idp':  88 ,  'x':  1.55 ,  'y':  -1.04 ,  'r':  0.2 ,  'type':  1} ,  {'idp':  89 ,  'x':  3.1 ,  'y':  -4.78 ,  'r':  0.2 ,  'type':  1} ,  {'idp':  90 ,  'x':  3.73 ,  'y':  -4.81 ,  'r':  0.2 ,  'type':  1} ,  {'idp':  91 ,  'x':  4.52 ,  'y':  -4.23 ,  'r':  0.2 ,  'type':  1} ,  {'idp':  92 ,  'x':  3.61 ,  'y':  -6.68 ,  'r':  0.2 ,  'type':  1}]
62907,1398777841.4836502,[{'idp':  87 ,  'x':  1.51 ,  'y':  -0.43 ,  'r':  0.2 ,  'type':  1} ,  {'idp':  88 ,  'x':  1.54 ,  'y':  -1.04 ,  'r':  0.2 ,  'type':  1} ,  {'idp':  89 ,  'x':  3.08 ,  'y':  -4.77 ,  'r':  0.2 ,  'type':  1} ,  {'idp':  90 ,  'x':  3.71 ,  'y':  -4.77 ,  'r':  0.2 ,  'type':  1} ,  {'idp':  91 ,  'x':  4.51 ,  'y':  -4.22 ,  'r':  0.2 ,  'type':  1} ,  {'idp':  92 ,  'x':  3.61 ,  'y':  -6.68 ,  'r':  0.2 ,  'type':  1}]
62908,1398777841.491576,[{'idp':  87 ,  'x':  1.48 ,  'y':  -0.42 ,  'r':  0.2 ,  'type':  1} ,  {'idp':  88 ,  'x':  1.53 ,  'y':  -1.04 ,  'r':  0.2 ,  'type':  1} ,  {'idp':  89 ,  'x':  3.05 ,  'y':  -4.77 ,  'r':  0.2 ,  'type':  1} ,  {'idp':  90 ,  'x':  3.67 ,  'y':  -4.78 ,  'r':  0.2 ,  'type':  1} ,  {'idp':  91 ,  'x':  4.48 ,  'y':  -4.23 ,  'r':  0.2 ,  'type':  1} ,  {'idp':  92 ,  'x':  3.58 ,  'y':  -6.69 ,  'r':  0.2 ,  'type':  1}]
62909,1398777841.531666,[{'idp':  87 ,  'x':  1.46 ,  'y':  -0.42 ,  'r':  0.2 ,  'type':  1} ,  {'idp':  88 ,  'x':  1.51 ,  'y':  -1.05 ,  'r':  0.2 ,  'type':  1} ,  {'idp':  89 ,  'x':  3.02 ,  'y':  -4.77 ,  'r':  0.2 ,  'type':  1} ,  {'idp':  90 ,  'x':  3.64 ,  'y':  -4.83 ,  'r':  0.2 ,  'type':  1} ,  {'idp':  91 ,  'x':  4.43 ,  'y':  -4.22 ,  'r':  0.2 ,  'type':  1} ,  {'idp':  92 ,  'x':  3.53 ,  'y':  -6.71 ,  'r':  0.2 ,  'type':  1}]
62910,1398777841.5715768,[{'idp':  87 ,  'x':  1.44 ,  'y':  -0.44 ,  'r':  0.2 ,  'type':  1} ,  {'idp':  88 ,  'x':  1.5 ,  'y':  -1.05 ,  'r':  0.2 ,  'type':  1} ,  {'idp':  89 ,  'x':  3.0 ,  'y':  -4.77 ,  'r':  0.2 ,  'type':  1} ,  {'idp':  90 ,  'x':  3.6 ,  'y':  -4.82 ,  'r':  0.2 ,  'type':  1} ,  {'idp':  91 ,  'x':  4.4 ,  'y':  -4.21 ,  'r':  0.2 ,  'type':  1} ,  {'idp':  92 ,  'x':  3.52 ,  'y':  -6.72 ,  'r':  0.2 ,  'type':  1}]
62911,1398777841.5716057,[{'idp':  87 ,  'x':  1.43 ,  'y':  -0.45 ,  'r':  0.2 ,  'type':  1} ,  {'idp':  88 ,  'x':  1.49 ,  'y':  -1.05 ,  'r':  0.2 ,  'type':  1} ,  {'idp':  89 ,  'x':  2.95 ,  'y':  -4.77 ,  'r':  0.2 ,  'type':  1} ,  {'idp':  90 ,  'x':  3.57 ,  'y':  -4.8 ,  'r':  0.2 ,  'type':  1} ,  {'idp':  91 ,  'x':  4.4 ,  'y':  -4.23 ,  'r':  0.2 ,  'type':  1} ,  {'idp':  92 ,  'x':  3.49 ,  'y':  -6.73 ,  'r':  0.2 ,  'type':  1}]
62912,1398777841.611625,[{'idp':  87 ,  'x':  1.41 ,  'y':  -0.45 ,  'r':  0.2 ,  'type':  1} ,  {'idp':  88 ,  'x':  1.48 ,  'y':  -1.05 ,  'r':  0.2 ,  'type':  1} ,  {'idp':  89 ,  'x':  2.93 ,  'y':  -4.77 ,  'r':  0.2 ,  'type':  1} ,  {'idp':  90 ,  'x':  3.55 ,  'y':  -4.81 ,  'r':  0.2 ,  'type':  1} ,  {'idp':  91 ,  'x':  4.37 ,  'y':  -4.24 ,  'r':  0.2 ,  'type':  1} ,  {'idp':  92 ,  'x':  3.45 ,  'y':  -6.74 ,  'r':  0.2 ,  'type':  1}]
62913,1398777841.616751,[{'idp':  87 ,  'x':  1.38 ,  'y':  -0.46 ,  'r':  0.2 ,  'type':  1} ,  {'idp':  88 ,  'x':  1.46 ,  'y':  -1.06 ,  'r':  0.2 ,  'type':  1} ,  {'idp':  89 ,  'x':  2.9 ,  'y':  -4.78 ,  'r':  0.2 ,  'type':  1} ,  {'idp':  90 ,  'x':  3.51 ,  'y':  -4.78 ,  'r':  0.2 ,  'type':  1} ,  {'idp':  91 ,  'x':  4.34 ,  'y':  -4.25 ,  'r':  0.2 ,  'type':  1} ,  {'idp':  92 ,  'x':  3.42 ,  'y':  -6.75 ,  'r':  0.2 ,  'type':  1}]
62914,1398777841.6556084,[{'idp':  87 ,  'x':  1.37 ,  'y':  -0.46 ,  'r':  0.2 ,  'type':  1} ,  {'idp':  88 ,  'x':  1.44 ,  'y':  -1.06 ,  'r':  0.2 ,  'type':  1} ,  {'idp':  89 ,  'x':  2.87 ,  'y':  -4.78 ,  'r':  0.2 ,  'type':  1} ,  {'idp':  90 ,  'x':  3.49 ,  'y':  -4.74 ,  'r':  0.2 ,  'type':  1} ,  {'idp':  91 ,  'x':  4.34 ,  'y':  -4.25 ,  'r':  0.2 ,  'type':  1} ,  {'idp':  92 ,  'x':  3.39 ,  'y':  -6.76 ,  'r':  0.2 ,  'type':  1}]
62915,1398777841.6955464,[{'idp':  87 ,  'x':  1.34 ,  'y':  -0.46 ,  'r':  0.2 ,  'type':  1} ,  {'idp':  88 ,  'x':  1.43 ,  'y':  -1.06 ,  'r':  0.2 ,  'type':  1} ,  {'idp':  89 ,  'x':  2.85 ,  'y':  -4.77 ,  'r':  0.2 ,  'type':  1} ,  {'idp':  90 ,  'x':  3.47 ,  'y':  -4.7 ,  'r':  0.2 ,  'type':  1} ,  {'idp':  91 ,  'x':  4.29 ,  'y':  -4.23 ,  'r':  0.2 ,  'type':  1} ,  {'idp':  92 ,  'x':  3.39 ,  'y':  -6.76 ,  'r':  0.2 ,  'type':  1}]
62916,1398777841.6955738,[{'idp':  87 ,  'x':  1.32 ,  'y':  -0.46 ,  'r':  0.2 ,  'type':  1} ,  {'idp':  88 ,  'x':  1.41 ,  'y':  -1.06 ,  'r':  0.2 ,  'type':  1} ,  {'idp':  89 ,  'x':  2.82 ,  'y':  -4.77 ,  'r':  0.2 ,  'type':  1} ,  {'idp':  90 ,  'x':  3.46 ,  'y':  -4.64 ,  'r':  0.2 ,  'type':  1} ,  {'idp':  91 ,  'x':  4.31 ,  'y':  -4.26 ,  'r':  0.2 ,  'type':  1} ,  {'idp':  92 ,  'x':  3.36 ,  'y':  -6.77 ,  'r':  0.2 ,  'type':  1}]
62917,1398777841.7356691,[{'idp':  87 ,  'x':  1.29 ,  'y':  -0.47 ,  'r':  0.2 ,  'type':  1} ,  {'idp':  88 ,  'x':  1.39 ,  'y':  -1.06 ,  'r':  0.2 ,  'type':  1} ,  {'idp':  89 ,  'x':  2.81 ,  'y':  -4.78 ,  'r':  0.2 ,  'type':  1} ,  {'idp':  90 ,  'x':  3.42 ,  'y':  -4.62 ,  'r':  0.2 ,  'type':  1} ,  {'idp':  91 ,  'x':  4.24 ,  'y':  -4.26 ,  'r':  0.2 ,  'type':  1} ,  {'idp':  92 ,  'x':  3.31 ,  'y':  -6.79 ,  'r':  0.2 ,  'type':  1}]
62918,1398777841.7423964,[{'idp':  87 ,  'x':  1.26 ,  'y':  -0.46 ,  'r':  0.2 ,  'type':  1} ,  {'idp':  88 ,  'x':  1.35 ,  'y':  -1.06 ,  'r':  0.2 ,  'type':  1} ,  {'idp':  89 ,  'x':  2.8 ,  'y':  -4.8 ,  'r':  0.2 ,  'type':  1} ,  {'idp':  90 ,  'x':  3.39 ,  'y':  -4.62 ,  'r':  0.2 ,  'type':  1} ,  {'idp':  91 ,  'x':  4.17 ,  'y':  -4.28 ,  'r':  0.2 ,  'type':  1} ,  {'idp':  92 ,  'x':  3.29 ,  'y':  -6.82 ,  'r':  0.2 ,  'type':  1}]
62919,1398777841.7795393,[{'idp':  87 ,  'x':  1.24 ,  'y':  -0.47 ,  'r':  0.2 ,  'type':  1} ,  {'idp':  88 ,  'x':  1.31 ,  'y':  -1.07 ,  'r':  0.2 ,  'type':  1} ,  {'idp':  89 ,  'x':  2.8 ,  'y':  -4.82 ,  'r':  0.2 ,  'type':  1} ,  {'idp':  90 ,  'x':  3.35 ,  'y':  -4.61 ,  'r':  0.2 ,  'type':  1} ,  {'idp':  91 ,  'x':  4.1 ,  'y':  -4.36 ,  'r':  0.2 ,  'type':  1} ,  {'idp':  92 ,  'x':  3.25 ,  'y':  -6.84 ,  'r':  0.2 ,  'type':  1}]
62920,1398777841.8195338,[{'idp':  87 ,  'x':  1.22 ,  'y':  -0.47 ,  'r':  0.2 ,  'type':  1} ,  {'idp':  88 ,  'x':  1.27 ,  'y':  -1.08 ,  'r':  0.2 ,  'type':  1} ,  {'idp':  89 ,  'x':  2.8 ,  'y':  -4.85 ,  'r':  0.2 ,  'type':  1} ,  {'idp':  90 ,  'x':  3.34 ,  'y':  -4.59 ,  'r':  0.2 ,  'type':  1} ,  {'idp':  91 ,  'x':  3.99 ,  'y':  -4.38 ,  'r':  0.2 ,  'type':  1} ,  {'idp':  92 ,  'x':  3.2 ,  'y':  -6.86 ,  'r':  0.2 ,  'type':  1}]
62921,1398777841.8195677,[{'idp':  87 ,  'x':  1.2 ,  'y':  -0.47 ,  'r':  0.2 ,  'type':  1} ,  {'idp':  88 ,  'x':  1.24 ,  'y':  -1.08 ,  'r':  0.2 ,  'type':  1} ,  {'idp':  89 ,  'x':  2.77 ,  'y':  -4.85 ,  'r':  0.2 ,  'type':  1} ,  {'idp':  90 ,  'x':  3.31 ,  'y':  -4.6 ,  'r':  0.2 ,  'type':  1} ,  {'idp':  91 ,  'x':  3.93 ,  'y':  -4.34 ,  'r':  0.2 ,  'type':  1} ,  {'idp':  92 ,  'x':  3.17 ,  'y':  -6.87 ,  'r':  0.2 ,  'type':  1}]
62922,1398777841.8596482,[{'idp':  87 ,  'x':  1.2 ,  'y':  -0.46 ,  'r':  0.2 ,  'type':  1} ,  {'idp':  88 ,  'x':  1.21 ,  'y':  -1.08 ,  'r':  0.2 ,  'type':  1} ,  {'idp':  89 ,  'x':  2.74 ,  'y':  -4.85 ,  'r':  0.2 ,  'type':  1} ,  {'idp':  90 ,  'x':  3.33 ,  'y':  -4.65 ,  'r':  0.2 ,  'type':  1} ,  {'idp':  91 ,  'x':  3.86 ,  'y':  -4.34 ,  'r':  0.2 ,  'type':  1} ,  {'idp':  92 ,  'x':  3.14 ,  'y':  -6.88 ,  'r':  0.2 ,  'type':  1}]
62923,1398777841.8686905,[{'idp':  87 ,  'x':  1.21 ,  'y':  -0.44 ,  'r':  0.2 ,  'type':  1} ,  {'idp':  88 ,  'x':  1.17 ,  'y':  -1.08 ,  'r':  0.2 ,  'type':  1} ,  {'idp':  89 ,  'x':  2.72 ,  'y':  -4.85 ,  'r':  0.2 ,  'type':  1} ,  {'idp':  90 ,  'x':  3.31 ,  'y':  -4.64 ,  'r':  0.2 ,  'type':  1} ,  {'idp':  91 ,  'x':  3.86 ,  'y':  -4.34 ,  'r':  0.2 ,  'type':  1} ,  {'idp':  92 ,  'x':  3.11 ,  'y':  -6.89 ,  'r':  0.2 ,  'type':  1}]
62924,1398777841.9076817,[{'idp':  87 ,  'x':  1.21 ,  'y':  -0.42 ,  'r':  0.2 ,  'type':  1} ,  {'idp':  88 ,  'x':  1.13 ,  'y':  -1.08 ,  'r':  0.2 ,  'type':  1} ,  {'idp':  89 ,  'x':  2.68 ,  'y':  -4.84 ,  'r':  0.2 ,  'type':  1} ,  {'idp':  90 ,  'x':  3.28 ,  'y':  -4.62 ,  'r':  0.2 ,  'type':  1} ,  {'idp':  91 ,  'x':  3.86 ,  'y':  -4.34 ,  'r':  0.2 ,  'type':  1} ,  {'idp':  92 ,  'x':  3.08 ,  'y':  -6.91 ,  'r':  0.2 ,  'type':  1}]
62925,1398777841.9476182,[{'idp':  87 ,  'x':  1.2 ,  'y':  -0.43 ,  'r':  0.2 ,  'type':  1} ,  {'idp':  88 ,  'x':  1.09 ,  'y':  -1.07 ,  'r':  0.2 ,  'type':  1} ,  {'idp':  89 ,  'x':  2.65 ,  'y':  -4.83 ,  'r':  0.2 ,  'type':  1} ,  {'idp':  90 ,  'x':  3.28 ,  'y':  -4.66 ,  'r':  0.2 ,  'type':  1} ,  {'idp':  91 ,  'x':  3.86 ,  'y':  -4.34 ,  'r':  0.2 ,  'type':  1} ,  {'idp':  92 ,  'x':  3.05 ,  'y':  -6.92 ,  'r':  0.2 ,  'type':  1}]
62926,1398777841.9476485,[{'idp':  87 ,  'x':  1.18 ,  'y':  -0.44 ,  'r':  0.2 ,  'type':  1} ,  {'idp':  88 ,  'x':  1.05 ,  'y':  -1.07 ,  'r':  0.2 ,  'type':  1} ,  {'idp':  89 ,  'x':  2.62 ,  'y':  -4.83 ,  'r':  0.2 ,  'type':  1} ,  {'idp':  90 ,  'x':  3.24 ,  'y':  -4.65 ,  'r':  0.2 ,  'type':  1} ,  {'idp':  91 ,  'x':  3.86 ,  'y':  -4.34 ,  'r':  0.2 ,  'type':  1} ,  {'idp':  92 ,  'x':  3.0 ,  'y':  -6.93 ,  'r':  0.2 ,  'type':  1}]
62927,1398777841.98765,[{'idp':  87 ,  'x':  1.17 ,  'y':  -0.44 ,  'r':  0.2 ,  'type':  1} ,  {'idp':  88 ,  'x':  0.99 ,  'y':  -1.04 ,  'r':  0.2 ,  'type':  1} ,  {'idp':  89 ,  'x':  2.58 ,  'y':  -4.82 ,  'r':  0.2 ,  'type':  1} ,  {'idp':  90 ,  'x':  3.22 ,  'y':  -4.65 ,  'r':  0.2 ,  'type':  1} ,  {'idp':  91 ,  'x':  3.86 ,  'y':  -4.34 ,  'r':  0.2 ,  'type':  1} ,  {'idp':  92 ,  'x':  2.95 ,  'y':  -6.95 ,  'r':  0.2 ,  'type':  1}]
62928,1398777841.9938679,[{'idp':  87 ,  'x':  1.15 ,  'y':  -0.45 ,  'r':  0.2 ,  'type':  1} ,  {'idp':  88 ,  'x':  0.94 ,  'y':  -1.04 ,  'r':  0.2 ,  'type':  1} ,  {'idp':  89 ,  'x':  2.53 ,  'y':  -4.81 ,  'r':  0.2 ,  'type':  1} ,  {'idp':  90 ,  'x':  3.19 ,  'y':  -4.66 ,  'r':  0.2 ,  'type':  1} ,  {'idp':  91 ,  'x':  3.86 ,  'y':  -4.34 ,  'r':  0.2 ,  'type':  1} ,  {'idp':  92 ,  'x':  2.92 ,  'y':  -6.97 ,  'r':  0.2 ,  'type':  1}]
62929,1398777842.0315783,[{'idp':  87 ,  'x':  1.14 ,  'y':  -0.46 ,  'r':  0.2 ,  'type':  1} ,  {'idp':  88 ,  'x':  0.9 ,  'y':  -1.05 ,  'r':  0.2 ,  'type':  1} ,  {'idp':  89 ,  'x':  2.51 ,  'y':  -4.82 ,  'r':  0.2 ,  'type':  1} ,  {'idp':  90 ,  'x':  3.15 ,  'y':  -4.65 ,  'r':  0.2 ,  'type':  1} ,  {'idp':  91 ,  'x':  3.86 ,  'y':  -4.34 ,  'r':  0.2 ,  'type':  1} ,  {'idp':  92 ,  'x':  2.89 ,  'y':  -6.98 ,  'r':  0.2 ,  'type':  1}]
62930,1398777842.0716562,[{'idp':  87 ,  'x':  1.12 ,  'y':  -0.47 ,  'r':  0.2 ,  'type':  1} ,  {'idp':  88 ,  'x':  0.85 ,  'y':  -1.05 ,  'r':  0.2 ,  'type':  1} ,  {'idp':  89 ,  'x':  2.47 ,  'y':  -4.82 ,  'r':  0.2 ,  'type':  1} ,  {'idp':  90 ,  'x':  3.11 ,  'y':  -4.63 ,  'r':  0.2 ,  'type':  1} ,  {'idp':  91 ,  'x':  3.86 ,  'y':  -4.34 ,  'r':  0.2 ,  'type':  1} ,  {'idp':  92 ,  'x':  2.84 ,  'y':  -6.99 ,  'r':  0.2 ,  'type':  1}]
62931,1398777842.071691,[{'idp':  87 ,  'x':  1.11 ,  'y':  -0.47 ,  'r':  0.2 ,  'type':  1} ,  {'idp':  88 ,  'x':  0.81 ,  'y':  -1.05 ,  'r':  0.2 ,  'type':  1} ,  {'idp':  89 ,  'x':  2.43 ,  'y':  -4.8 ,  'r':  0.2 ,  'type':  1} ,  {'idp':  90 ,  'x':  3.11 ,  'y':  -4.63 ,  'r':  0.2 ,  'type':  1} ,  {'idp':  91 ,  'x':  3.86 ,  'y':  -4.34 ,  'r':  0.2 ,  'type':  1} ,  {'idp':  92 ,  'x':  2.79 ,  'y':  -7.0 ,  'r':  0.2 ,  'type':  1}]
62932,1398777842.1116064,[{'idp':  87 ,  'x':  1.09 ,  'y':  -0.48 ,  'r':  0.2 ,  'type':  1} ,  {'idp':  88 ,  'x':  0.78 ,  'y':  -1.05 ,  'r':  0.2 ,  'type':  1} ,  {'idp':  89 ,  'x':  2.4 ,  'y':  -4.79 ,  'r':  0.2 ,  'type':  1} ,  {'idp':  90 ,  'x':  3.11 ,  'y':  -4.63 ,  'r':  0.2 ,  'type':  1} ,  {'idp':  91 ,  'x':  3.86 ,  'y':  -4.34 ,  'r':  0.2 ,  'type':  1} ,  {'idp':  92 ,  'x':  2.76 ,  'y':  -7.01 ,  'r':  0.2 ,  'type':  1}]
62933,1398777842.1204305,[{'idp':  87 ,  'x':  1.07 ,  'y':  -0.49 ,  'r':  0.2 ,  'type':  1} ,  {'idp':  88 ,  'x':  0.75 ,  'y':  -1.05 ,  'r':  0.2 ,  'type':  1} ,  {'idp':  89 ,  'x':  2.35 ,  'y':  -4.78 ,  'r':  0.2 ,  'type':  1} ,  {'idp':  90 ,  'x':  3.11 ,  'y':  -4.63 ,  'r':  0.2 ,  'type':  1} ,  {'idp':  91 ,  'x':  3.86 ,  'y':  -4.34 ,  'r':  0.2 ,  'type':  1} ,  {'idp':  92 ,  'x':  2.73 ,  'y':  -7.03 ,  'r':  0.2 ,  'type':  1}]
62934,1398777842.159575,[{'idp':  87 ,  'x':  1.05 ,  'y':  -0.5 ,  'r':  0.2 ,  'type':  1} ,  {'idp':  88 ,  'x':  0.73 ,  'y':  -1.06 ,  'r':  0.2 ,  'type':  1} ,  {'idp':  89 ,  'x':  2.31 ,  'y':  -4.79 ,  'r':  0.2 ,  'type':  1} ,  {'idp':  90 ,  'x':  3.11 ,  'y':  -4.63 ,  'r':  0.2 ,  'type':  1} ,  {'idp':  91 ,  'x':  3.86 ,  'y':  -4.34 ,  'r':  0.2 ,  'type':  1} ,  {'idp':  92 ,  'x':  2.69 ,  'y':  -7.04 ,  'r':  0.2 ,  'type':  1}]
62935,1398777842.1995778,[{'idp':  87 ,  'x':  1.03 ,  'y':  -0.51 ,  'r':  0.2 ,  'type':  1} ,  {'idp':  88 ,  'x':  0.7 ,  'y':  -1.06 ,  'r':  0.2 ,  'type':  1} ,  {'idp':  89 ,  'x':  2.26 ,  'y':  -4.77 ,  'r':  0.2 ,  'type':  1} ,  {'idp':  90 ,  'x':  3.11 ,  'y':  -4.63 ,  'r':  0.2 ,  'type':  1} ,  {'idp':  91 ,  'x':  3.86 ,  'y':  -4.34 ,  'r':  0.2 ,  'type':  1} ,  {'idp':  92 ,  'x':  2.64 ,  'y':  -7.06 ,  'r':  0.2 ,  'type':  1}]
62936,1398777842.1996126,[{'idp':  87 ,  'x':  1.01 ,  'y':  -0.51 ,  'r':  0.2 ,  'type':  1} ,  {'idp':  88 ,  'x':  0.67 ,  'y':  -1.05 ,  'r':  0.2 ,  'type':  1} ,  {'idp':  89 ,  'x':  2.23 ,  'y':  -4.76 ,  'r':  0.2 ,  'type':  1} ,  {'idp':  90 ,  'x':  3.11 ,  'y':  -4.63 ,  'r':  0.2 ,  'type':  1} ,  {'idp':  91 ,  'x':  3.86 ,  'y':  -4.34 ,  'r':  0.2 ,  'type':  1} ,  {'idp':  92 ,  'x':  2.61 ,  'y':  -7.08 ,  'r':  0.2 ,  'type':  1}]
62937,1398777842.2396107,[{'idp':  87 ,  'x':  0.99 ,  'y':  -0.52 ,  'r':  0.2 ,  'type':  1} ,  {'idp':  88 ,  'x':  0.64 ,  'y':  -1.05 ,  'r':  0.2 ,  'type':  1} ,  {'idp':  89 ,  'x':  2.18 ,  'y':  -4.75 ,  'r':  0.2 ,  'type':  1} ,  {'idp':  90 ,  'x':  3.11 ,  'y':  -4.63 ,  'r':  0.2 ,  'type':  1} ,  {'idp':  91 ,  'x':  3.86 ,  'y':  -4.34 ,  'r':  0.2 ,  'type':  1} ,  {'idp':  92 ,  'x':  2.58 ,  'y':  -7.08 ,  'r':  0.2 ,  'type':  1}]
62938,1398777842.2466536,[{'idp':  87 ,  'x':  0.97 ,  'y':  -0.52 ,  'r':  0.2 ,  'type':  1} ,  {'idp':  88 ,  'x':  0.62 ,  'y':  -1.05 ,  'r':  0.2 ,  'type':  1} ,  {'idp':  89 ,  'x':  2.16 ,  'y':  -4.74 ,  'r':  0.2 ,  'type':  1} ,  {'idp':  90 ,  'x':  3.11 ,  'y':  -4.63 ,  'r':  0.2 ,  'type':  1} ,  {'idp':  91 ,  'x':  3.86 ,  'y':  -4.34 ,  'r':  0.2 ,  'type':  1} ,  {'idp':  92 ,  'x':  2.55 ,  'y':  -7.09 ,  'r':  0.2 ,  'type':  1}]
62939,1398777842.2836924,[{'idp':  87 ,  'x':  0.94 ,  'y':  -0.52 ,  'r':  0.2 ,  'type':  1} ,  {'idp':  88 ,  'x':  0.59 ,  'y':  -1.06 ,  'r':  0.2 ,  'type':  1} ,  {'idp':  89 ,  'x':  2.11 ,  'y':  -4.71 ,  'r':  0.2 ,  'type':  1} ,  {'idp':  90 ,  'x':  3.11 ,  'y':  -4.63 ,  'r':  0.2 ,  'type':  1} ,  {'idp':  91 ,  'x':  3.86 ,  'y':  -4.34 ,  'r':  0.2 ,  'type':  1} ,  {'idp':  92 ,  'x':  2.53 ,  'y':  -7.09 ,  'r':  0.2 ,  'type':  1}]
62940,1398777842.3235943,[{'idp':  87 ,  'x':  0.91 ,  'y':  -0.52 ,  'r':  0.2 ,  'type':  1} ,  {'idp':  88 ,  'x':  0.57 ,  'y':  -1.06 ,  'r':  0.2 ,  'type':  1} ,  {'idp':  89 ,  'x':  2.05 ,  'y':  -4.72 ,  'r':  0.2 ,  'type':  1} ,  {'idp':  90 ,  'x':  3.11 ,  'y':  -4.63 ,  'r':  0.2 ,  'type':  1} ,  {'idp':  91 ,  'x':  3.86 ,  'y':  -4.34 ,  'r':  0.2 ,  'type':  1} ,  {'idp':  92 ,  'x':  2.5 ,  'y':  -7.1 ,  'r':  0.2 ,  'type':  1}]
62941,1398777842.3236253,[{'idp':  87 ,  'x':  0.87 ,  'y':  -0.52 ,  'r':  0.2 ,  'type':  1} ,  {'idp':  88 ,  'x':  0.55 ,  'y':  -1.06 ,  'r':  0.2 ,  'type':  1} ,  {'idp':  89 ,  'x':  1.99 ,  'y':  -4.72 ,  'r':  0.2 ,  'type':  1} ,  {'idp':  90 ,  'x':  3.11 ,  'y':  -4.63 ,  'r':  0.2 ,  'type':  1} ,  {'idp':  91 ,  'x':  3.86 ,  'y':  -4.34 ,  'r':  0.2 ,  'type':  1} ,  {'idp':  92 ,  'x':  2.47 ,  'y':  -7.12 ,  'r':  0.2 ,  'type':  1}]
62942,1398777842.3636715,[{'idp':  87 ,  'x':  0.81 ,  'y':  -0.5 ,  'r':  0.2 ,  'type':  1} ,  {'idp':  88 ,  'x':  0.52 ,  'y':  -1.06 ,  'r':  0.2 ,  'type':  1} ,  {'idp':  89 ,  'x':  1.92 ,  'y':  -4.73 ,  'r':  0.2 ,  'type':  1} ,  {'idp':  90 ,  'x':  3.11 ,  'y':  -4.63 ,  'r':  0.2 ,  'type':  1} ,  {'idp':  91 ,  'x':  3.86 ,  'y':  -4.34 ,  'r':  0.2 ,  'type':  1} ,  {'idp':  92 ,  'x':  2.44 ,  'y':  -7.12 ,  'r':  0.2 ,  'type':  1}]
62943,1398777842.3725362,[{'idp':  87 ,  'x':  0.77 ,  'y':  -0.5 ,  'r':  0.2 ,  'type':  1} ,  {'idp':  88 ,  'x':  0.49 ,  'y':  -1.06 ,  'r':  0.2 ,  'type':  1} ,  {'idp':  89 ,  'x':  1.89 ,  'y':  -4.73 ,  'r':  0.2 ,  'type':  1} ,  {'idp':  90 ,  'x':  3.11 ,  'y':  -4.63 ,  'r':  0.2 ,  'type':  1} ,  {'idp':  91 ,  'x':  3.86 ,  'y':  -4.34 ,  'r':  0.2 ,  'type':  1} ,  {'idp':  92 ,  'x':  2.41 ,  'y':  -7.13 ,  'r':  0.2 ,  'type':  1}]
62944,1398777842.4115841,[{'idp':  87 ,  'x':  0.7 ,  'y':  -0.48 ,  'r':  0.2 ,  'type':  1} ,  {'idp':  88 ,  'x':  0.47 ,  'y':  -1.06 ,  'r':  0.2 ,  'type':  1} ,  {'idp':  89 ,  'x':  1.84 ,  'y':  -4.74 ,  'r':  0.2 ,  'type':  1} ,  {'idp':  90 ,  'x':  3.11 ,  'y':  -4.63 ,  'r':  0.2 ,  'type':  1} ,  {'idp':  91 ,  'x':  3.61 ,  'y':  -4.11 ,  'r':  0.2 ,  'type':  1} ,  {'idp':  92 ,  'x':  2.37 ,  'y':  -7.14 ,  'r':  0.2 ,  'type':  1}]
62945,1398777842.4515798,[{'idp':  87 ,  'x':  0.65 ,  'y':  -0.49 ,  'r':  0.2 ,  'type':  1} ,  {'idp':  88 ,  'x':  0.46 ,  'y':  -1.07 ,  'r':  0.2 ,  'type':  1} ,  {'idp':  89 ,  'x':  1.79 ,  'y':  -4.74 ,  'r':  0.2 ,  'type':  1} ,  {'idp':  90 ,  'x':  3.11 ,  'y':  -4.63 ,  'r':  0.2 ,  'type':  1} ,  {'idp':  91 ,  'x':  3.58 ,  'y':  -4.16 ,  'r':  0.2 ,  'type':  1} ,  {'idp':  92 ,  'x':  2.34 ,  'y':  -7.15 ,  'r':  0.2 ,  'type':  1}]
62946,1398777842.4516096,[{'idp':  87 ,  'x':  0.6 ,  'y':  -0.49 ,  'r':  0.2 ,  'type':  1} ,  {'idp':  88 ,  'x':  0.44 ,  'y':  -1.06 ,  'r':  0.2 ,  'type':  1} ,  {'idp':  89 ,  'x':  1.76 ,  'y':  -4.73 ,  'r':  0.2 ,  'type':  1} ,  {'idp':  90 ,  'x':  3.11 ,  'y':  -4.63 ,  'r':  0.2 ,  'type':  1} ,  {'idp':  91 ,  'x':  3.54 ,  'y':  -4.19 ,  'r':  0.2 ,  'type':  1} ,  {'idp':  92 ,  'x':  2.31 ,  'y':  -7.16 ,  'r':  0.2 ,  'type':  1}]
62947,1398777842.4915698,[{'idp':  87 ,  'x':  0.55 ,  'y':  -0.5 ,  'r':  0.2 ,  'type':  1} ,  {'idp':  88 ,  'x':  0.43 ,  'y':  -1.05 ,  'r':  0.2 ,  'type':  1} ,  {'idp':  89 ,  'x':  1.73 ,  'y':  -4.74 ,  'r':  0.2 ,  'type':  1} ,  {'idp':  90 ,  'x':  3.11 ,  'y':  -4.63 ,  'r':  0.2 ,  'type':  1} ,  {'idp':  91 ,  'x':  3.5 ,  'y':  -4.2 ,  'r':  0.2 ,  'type':  1} ,  {'idp':  92 ,  'x':  2.28 ,  'y':  -7.17 ,  'r':  0.2 ,  'type':  1}]
62948,1398777842.497674,[{'idp':  87 ,  'x':  0.5 ,  'y':  -0.53 ,  'r':  0.2 ,  'type':  1} ,  {'idp':  88 ,  'x':  0.42 ,  'y':  -1.08 ,  'r':  0.2 ,  'type':  1} ,  {'idp':  89 ,  'x':  1.67 ,  'y':  -4.77 ,  'r':  0.2 ,  'type':  1} ,  {'idp':  90 ,  'x':  3.11 ,  'y':  -4.63 ,  'r':  0.2 ,  'type':  1} ,  {'idp':  91 ,  'x':  3.34 ,  'y':  -4.32 ,  'r':  0.2 ,  'type':  1} ,  {'idp':  92 ,  'x':  2.25 ,  'y':  -7.19 ,  'r':  0.2 ,  'type':  1}]
62949,1398777842.535592,[{'idp':  87 ,  'x':  0.44 ,  'y':  -0.55 ,  'r':  0.2 ,  'type':  1} ,  {'idp':  88 ,  'x':  0.4 ,  'y':  -1.11 ,  'r':  0.2 ,  'type':  1} ,  {'idp':  89 ,  'x':  1.67 ,  'y':  -4.77 ,  'r':  0.2 ,  'type':  1} ,  {'idp':  90 ,  'x':  3.11 ,  'y':  -4.63 ,  'r':  0.2 ,  'type':  1} ,  {'idp':  91 ,  'x':  3.34 ,  'y':  -4.32 ,  'r':  0.2 ,  'type':  1} ,  {'idp':  92 ,  'x':  2.14 ,  'y':  -7.18 ,  'r':  0.2 ,  'type':  1}]
62950,1398777842.575601,[{'idp':  87 ,  'x':  0.39 ,  'y':  -0.55 ,  'r':  0.2 ,  'type':  1} ,  {'idp':  88 ,  'x':  0.38 ,  'y':  -1.12 ,  'r':  0.2 ,  'type':  1} ,  {'idp':  89 ,  'x':  1.67 ,  'y':  -4.77 ,  'r':  0.2 ,  'type':  1} ,  {'idp':  90 ,  'x':  3.11 ,  'y':  -4.63 ,  'r':  0.2 ,  'type':  1} ,  {'idp':  91 ,  'x':  3.34 ,  'y':  -4.32 ,  'r':  0.2 ,  'type':  1} ,  {'idp':  92 ,  'x':  1.97 ,  'y':  -7.18 ,  'r':  0.2 ,  'type':  1}]
62951,1398777842.5756297,[{'idp':  87 ,  'x':  0.33 ,  'y':  -0.51 ,  'r':  0.2 ,  'type':  1} ,  {'idp':  88 ,  'x':  0.35 ,  'y':  -1.14 ,  'r':  0.2 ,  'type':  1} ,  {'idp':  89 ,  'x':  1.67 ,  'y':  -4.77 ,  'r':  0.2 ,  'type':  1} ,  {'idp':  90 ,  'x':  3.11 ,  'y':  -4.63 ,  'r':  0.2 ,  'type':  1} ,  {'idp':  91 ,  'x':  3.34 ,  'y':  -4.32 ,  'r':  0.2 ,  'type':  1} ,  {'idp':  92 ,  'x':  1.97 ,  'y':  -7.18 ,  'r':  0.2 ,  'type':  1}]
62952,1398777842.6155822,[{'idp':  87 ,  'x':  0.28 ,  'y':  -0.5 ,  'r':  0.2 ,  'type':  1} ,  {'idp':  88 ,  'x':  0.32 ,  'y':  -1.16 ,  'r':  0.2 ,  'type':  1} ,  {'idp':  89 ,  'x':  1.67 ,  'y':  -4.77 ,  'r':  0.2 ,  'type':  1} ,  {'idp':  90 ,  'x':  3.11 ,  'y':  -4.63 ,  'r':  0.2 ,  'type':  1} ,  {'idp':  91 ,  'x':  3.35 ,  'y':  -4.19 ,  'r':  0.2 ,  'type':  1} ,  {'idp':  92 ,  'x':  1.97 ,  'y':  -7.18 ,  'r':  0.2 ,  'type':  1}]
62953,1398777842.6213784,[{'idp':  87 ,  'x':  0.22 ,  'y':  -0.5 ,  'r':  0.2 ,  'type':  1} ,  {'idp':  88 ,  'x':  0.26 ,  'y':  -1.18 ,  'r':  0.2 ,  'type':  1} ,  {'idp':  89 ,  'x':  1.67 ,  'y':  -4.77 ,  'r':  0.2 ,  'type':  1} ,  {'idp':  90 ,  'x':  3.11 ,  'y':  -4.63 ,  'r':  0.2 ,  'type':  1} ,  {'idp':  91 ,  'x':  3.33 ,  'y':  -4.17 ,  'r':  0.2 ,  'type':  1} ,  {'idp':  92 ,  'x':  1.97 ,  'y':  -7.18 ,  'r':  0.2 ,  'type':  1}]
62954,1398777842.6596286,[{'idp':  87 ,  'x':  0.17 ,  'y':  -0.5 ,  'r':  0.2 ,  'type':  1} ,  {'idp':  88 ,  'x':  0.18 ,  'y':  -1.18 ,  'r':  0.2 ,  'type':  1} ,  {'idp':  89 ,  'x':  1.67 ,  'y':  -4.77 ,  'r':  0.2 ,  'type':  1} ,  {'idp':  90 ,  'x':  3.11 ,  'y':  -4.63 ,  'r':  0.2 ,  'type':  1} ,  {'idp':  91 ,  'x':  3.31 ,  'y':  -4.16 ,  'r':  0.2 ,  'type':  1} ,  {'idp':  92 ,  'x':  1.97 ,  'y':  -7.18 ,  'r':  0.2 ,  'type':  1}]
62955,1398777842.6995761,[{'idp':  87 ,  'x':  0.13 ,  'y':  -0.5 ,  'r':  0.2 ,  'type':  1} ,  {'idp':  88 ,  'x':  0.1 ,  'y':  -1.17 ,  'r':  0.2 ,  'type':  1} ,  {'idp':  89 ,  'x':  1.67 ,  'y':  -4.77 ,  'r':  0.2 ,  'type':  1} ,  {'idp':  90 ,  'x':  3.11 ,  'y':  -4.63 ,  'r':  0.2 ,  'type':  1} ,  {'idp':  91 ,  'x':  3.28 ,  'y':  -4.14 ,  'r':  0.2 ,  'type':  1} ,  {'idp':  92 ,  'x':  1.97 ,  'y':  -7.18 ,  'r':  0.2 ,  'type':  1}]
62956,1398777842.6996074,[{'idp':  87 ,  'x':  0.08 ,  'y':  -0.49 ,  'r':  0.2 ,  'type':  1} ,  {'idp':  88 ,  'x':  0.1 ,  'y':  -1.17 ,  'r':  0.2 ,  'type':  1} ,  {'idp':  89 ,  'x':  1.67 ,  'y':  -4.77 ,  'r':  0.2 ,  'type':  1} ,  {'idp':  90 ,  'x':  3.11 ,  'y':  -4.63 ,  'r':  0.2 ,  'type':  1} ,  {'idp':  91 ,  'x':  3.23 ,  'y':  -4.11 ,  'r':  0.2 ,  'type':  1} ,  {'idp':  92 ,  'x':  1.97 ,  'y':  -7.18 ,  'r':  0.2 ,  'type':  1}]
62957,1398777842.739619,[{'idp':  91 ,  'x':  3.19 ,  'y':  -4.08 ,  'r':  0.2 ,  'type':  1}]
62958,1398777842.7451994,[{'idp':  91 ,  'x':  3.15 ,  'y':  -4.05 ,  'r':  0.2 ,  'type':  1}]
62959,1398777842.7836003,[{'idp':  91 ,  'x':  3.12 ,  'y':  -4.03 ,  'r':  0.2 ,  'type':  1}]
62960,1398777842.8235624,[{'idp':  91 ,  'x':  3.11 ,  'y':  -4.02 ,  'r':  0.2 ,  'type':  1}]
62961,1398777842.8235862,[{'idp':  91 ,  'x':  3.08 ,  'y':  -4.02 ,  'r':  0.2 ,  'type':  1}]
62962,1398777842.8636842,[{'idp':  91 ,  'x':  3.06 ,  'y':  -4.03 ,  'r':  0.2 ,  'type':  1}]
62963,1398777842.8709495,[{'idp':  91 ,  'x':  3.04 ,  'y':  -4.04 ,  'r':  0.2 ,  'type':  1}]
62964,1398777842.9076688,[{'idp':  91 ,  'x':  3.03 ,  'y':  -4.05 ,  'r':  0.2 ,  'type':  1}]
62965,1398777842.9476202,[{'idp':  91 ,  'x':  3.01 ,  'y':  -4.06 ,  'r':  0.2 ,  'type':  1}]
62966,1398777842.9476504,[{'idp':  91 ,  'x':  2.98 ,  'y':  -4.06 ,  'r':  0.2 ,  'type':  1}]
62967,1398777842.9875872,[{'idp':  91 ,  'x':  2.95 ,  'y':  -4.05 ,  'r':  0.2 ,  'type':  1}]
62968,1398777842.9960496,[{'idp':  91 ,  'x':  2.92 ,  'y':  -4.06 ,  'r':  0.2 ,  'type':  1}]
62969,1398777843.0356054,[{'idp':  91 ,  'x':  2.91 ,  'y':  -4.08 ,  'r':  0.2 ,  'type':  1}]
62970,1398777843.0755994,[{'idp':  91 ,  'x':  2.9 ,  'y':  -4.1 ,  'r':  0.2 ,  'type':  1}]
62971,1398777843.07562,[{'idp':  91 ,  'x':  2.92 ,  'y':  -4.13 ,  'r':  0.2 ,  'type':  1}]
62972,1398777843.1156638,[{'idp':  91 ,  'x':  2.91 ,  'y':  -4.14 ,  'r':  0.2 ,  'type':  1}]
62973,1398777843.1216044,[{'idp':  91 ,  'x':  2.87 ,  'y':  -4.14 ,  'r':  0.2 ,  'type':  1}]
62974,1398777843.159655,[{'idp':  91 ,  'x':  2.85 ,  'y':  -4.14 ,  'r':  0.2 ,  'type':  1}]
62975,1398777843.1996462,[{'idp':  91 ,  'x':  2.83 ,  'y':  -4.14 ,  'r':  0.2 ,  'type':  1}]
62976,1398777843.199679,[{'idp':  91 ,  'x':  2.81 ,  'y':  -4.14 ,  'r':  0.2 ,  'type':  1}]
62977,1398777843.2395792,[{'idp':  91 ,  'x':  2.79 ,  'y':  -4.14 ,  'r':  0.2 ,  'type':  1} ,  {'idp':  93 ,  'x':  1.06 ,  'y':  -4.7 ,  'r':  0.2 ,  'type':  1} ,  {'idp':  94 ,  'x':  1.65 ,  'y':  -4.2 ,  'r':  0.2 ,  'type':  1}]
62978,1398777843.2469418,[{'idp':  91 ,  'x':  2.76 ,  'y':  -4.14 ,  'r':  0.2 ,  'type':  1} ,  {'idp':  93 ,  'x':  1.02 ,  'y':  -4.57 ,  'r':  0.2 ,  'type':  1} ,  {'idp':  94 ,  'x':  1.68 ,  'y':  -4.17 ,  'r':  0.2 ,  'type':  1}]
62979,1398777843.2839189,[{'idp':  91 ,  'x':  2.73 ,  'y':  -4.13 ,  'r':  0.2 ,  'type':  1} ,  {'idp':  93 ,  'x':  1.0 ,  'y':  -4.55 ,  'r':  0.2 ,  'type':  1} ,  {'idp':  94 ,  'x':  1.66 ,  'y':  -4.16 ,  'r':  0.2 ,  'type':  1}]
62980,1398777843.3235543,[{'idp':  91 ,  'x':  2.7 ,  'y':  -4.14 ,  'r':  0.2 ,  'type':  1} ,  {'idp':  93 ,  'x':  0.96 ,  'y':  -4.54 ,  'r':  0.2 ,  'type':  1} ,  {'idp':  94 ,  'x':  1.67 ,  'y':  -4.16 ,  'r':  0.2 ,  'type':  1}]
62981,1398777843.3235872,[{'idp':  91 ,  'x':  2.66 ,  'y':  -4.14 ,  'r':  0.2 ,  'type':  1} ,  {'idp':  93 ,  'x':  0.93 ,  'y':  -4.55 ,  'r':  0.2 ,  'type':  1} ,  {'idp':  94 ,  'x':  1.69 ,  'y':  -4.22 ,  'r':  0.2 ,  'type':  1}]
62982,1398777843.3636875,[{'idp':  91 ,  'x':  2.64 ,  'y':  -4.15 ,  'r':  0.2 ,  'type':  1} ,  {'idp':  93 ,  'x':  0.89 ,  'y':  -4.54 ,  'r':  0.2 ,  'type':  1} ,  {'idp':  94 ,  'x':  1.69 ,  'y':  -4.23 ,  'r':  0.2 ,  'type':  1}]
62983,1398777843.3720386,[{'idp':  91 ,  'x':  2.62 ,  'y':  -4.13 ,  'r':  0.2 ,  'type':  1} ,  {'idp':  93 ,  'x':  0.86 ,  'y':  -4.53 ,  'r':  0.2 ,  'type':  1} ,  {'idp':  94 ,  'x':  1.64 ,  'y':  -4.25 ,  'r':  0.2 ,  'type':  1}]
62984,1398777843.4115713,[{'idp':  91 ,  'x':  2.6 ,  'y':  -4.12 ,  'r':  0.2 ,  'type':  1} ,  {'idp':  93 ,  'x':  0.85 ,  'y':  -4.52 ,  'r':  0.2 ,  'type':  1} ,  {'idp':  94 ,  'x':  1.62 ,  'y':  -4.25 ,  'r':  0.2 ,  'type':  1}]
62985,1398777843.451598,[{'idp':  91 ,  'x':  2.58 ,  'y':  -4.11 ,  'r':  0.2 ,  'type':  1} ,  {'idp':  93 ,  'x':  0.81 ,  'y':  -4.53 ,  'r':  0.2 ,  'type':  1} ,  {'idp':  94 ,  'x':  1.6 ,  'y':  -4.25 ,  'r':  0.2 ,  'type':  1}]
62986,1398777843.4516244,[{'idp':  91 ,  'x':  2.56 ,  'y':  -4.09 ,  'r':  0.2 ,  'type':  1} ,  {'idp':  93 ,  'x':  0.8 ,  'y':  -4.53 ,  'r':  0.2 ,  'type':  1} ,  {'idp':  94 ,  'x':  1.57 ,  'y':  -4.24 ,  'r':  0.2 ,  'type':  1}]
62987,1398777843.491631,[{'idp':  91 ,  'x':  2.55 ,  'y':  -4.07 ,  'r':  0.2 ,  'type':  1} ,  {'idp':  93 ,  'x':  0.77 ,  'y':  -4.55 ,  'r':  0.2 ,  'type':  1} ,  {'idp':  94 ,  'x':  1.52 ,  'y':  -4.25 ,  'r':  0.2 ,  'type':  1}]
62988,1398777843.4997315,[{'idp':  91 ,  'x':  2.54 ,  'y':  -4.03 ,  'r':  0.2 ,  'type':  1} ,  {'idp':  93 ,  'x':  0.74 ,  'y':  -4.56 ,  'r':  0.2 ,  'type':  1} ,  {'idp':  94 ,  'x':  1.5 ,  'y':  -4.23 ,  'r':  0.2 ,  'type':  1}]
62989,1398777843.5396233,[{'idp':  91 ,  'x':  2.53 ,  'y':  -3.96 ,  'r':  0.2 ,  'type':  1} ,  {'idp':  93 ,  'x':  0.7 ,  'y':  -4.56 ,  'r':  0.2 ,  'type':  1} ,  {'idp':  94 ,  'x':  1.45 ,  'y':  -4.25 ,  'r':  0.2 ,  'type':  1} ,  {'idp':  95 ,  'x':  1.69 ,  'y':  -5.78 ,  'r':  0.2 ,  'type':  1} ,  {'idp':  96 ,  'x':  2.44 ,  'y':  -6.2 ,  'r':  0.2 ,  'type':  1}]
62990,1398777843.5796332,[{'idp':  91 ,  'x':  2.49 ,  'y':  -3.99 ,  'r':  0.2 ,  'type':  1} ,  {'idp':  93 ,  'x':  0.67 ,  'y':  -4.58 ,  'r':  0.2 ,  'type':  1} ,  {'idp':  94 ,  'x':  1.41 ,  'y':  -4.24 ,  'r':  0.2 ,  'type':  1} ,  {'idp':  95 ,  'x':  1.61 ,  'y':  -5.8 ,  'r':  0.2 ,  'type':  1} ,  {'idp':  96 ,  'x':  2.38 ,  'y':  -6.25 ,  'r':  0.2 ,  'type':  1}]
62991,1398777843.5796833,[{'idp':  91 ,  'x':  2.46 ,  'y':  -3.99 ,  'r':  0.2 ,  'type':  1} ,  {'idp':  93 ,  'x':  0.63 ,  'y':  -4.57 ,  'r':  0.2 ,  'type':  1} ,  {'idp':  94 ,  'x':  1.37 ,  'y':  -4.22 ,  'r':  0.2 ,  'type':  1} ,  {'idp':  95 ,  'x':  1.61 ,  'y':  -5.8 ,  'r':  0.2 ,  'type':  1} ,  {'idp':  96 ,  'x':  2.32 ,  'y':  -6.26 ,  'r':  0.2 ,  'type':  1}]
62992,1398777843.6195674,[{'idp':  91 ,  'x':  2.42 ,  'y':  -3.99 ,  'r':  0.2 ,  'type':  1} ,  {'idp':  93 ,  'x':  0.58 ,  'y':  -4.57 ,  'r':  0.2 ,  'type':  1} ,  {'idp':  94 ,  'x':  1.33 ,  'y':  -4.22 ,  'r':  0.2 ,  'type':  1} ,  {'idp':  95 ,  'x':  1.61 ,  'y':  -5.8 ,  'r':  0.2 ,  'type':  1} ,  {'idp':  96 ,  'x':  2.26 ,  'y':  -6.26 ,  'r':  0.2 ,  'type':  1}]
62993,1398777843.6233923,[{'idp':  91 ,  'x':  2.39 ,  'y':  -4.0 ,  'r':  0.2 ,  'type':  1} ,  {'idp':  93 ,  'x':  0.54 ,  'y':  -4.56 ,  'r':  0.2 ,  'type':  1} ,  {'idp':  94 ,  'x':  1.28 ,  'y':  -4.21 ,  'r':  0.2 ,  'type':  1} ,  {'idp':  95 ,  'x':  1.61 ,  'y':  -5.8 ,  'r':  0.2 ,  'type':  1} ,  {'idp':  96 ,  'x':  2.2 ,  'y':  -6.26 ,  'r':  0.2 ,  'type':  1}]
62994,1398777843.6596868,[{'idp':  91 ,  'x':  2.36 ,  'y':  -4.01 ,  'r':  0.2 ,  'type':  1} ,  {'idp':  93 ,  'x':  0.5 ,  'y':  -4.54 ,  'r':  0.2 ,  'type':  1} ,  {'idp':  94 ,  'x':  1.25 ,  'y':  -4.19 ,  'r':  0.2 ,  'type':  1} ,  {'idp':  95 ,  'x':  1.61 ,  'y':  -5.8 ,  'r':  0.2 ,  'type':  1} ,  {'idp':  96 ,  'x':  2.13 ,  'y':  -6.27 ,  'r':  0.2 ,  'type':  1}]
62995,1398777843.6996133,[{'idp':  91 ,  'x':  2.33 ,  'y':  -4.02 ,  'r':  0.2 ,  'type':  1} ,  {'idp':  93 ,  'x':  0.46 ,  'y':  -4.53 ,  'r':  0.2 ,  'type':  1} ,  {'idp':  94 ,  'x':  1.21 ,  'y':  -4.17 ,  'r':  0.2 ,  'type':  1} ,  {'idp':  95 ,  'x':  1.61 ,  'y':  -5.8 ,  'r':  0.2 ,  'type':  1} ,  {'idp':  96 ,  'x':  2.08 ,  'y':  -6.26 ,  'r':  0.2 ,  'type':  1}]
62996,1398777843.6996434,[{'idp':  91 ,  'x':  2.3 ,  'y':  -4.03 ,  'r':  0.2 ,  'type':  1} ,  {'idp':  93 ,  'x':  0.42 ,  'y':  -4.53 ,  'r':  0.2 ,  'type':  1} ,  {'idp':  94 ,  'x':  1.19 ,  'y':  -4.14 ,  'r':  0.2 ,  'type':  1} ,  {'idp':  95 ,  'x':  1.5 ,  'y':  -5.64 ,  'r':  0.2 ,  'type':  1} ,  {'idp':  96 ,  'x':  2.04 ,  'y':  -6.27 ,  'r':  0.2 ,  'type':  1}]
62997,1398777843.739642,[{'idp':  91 ,  'x':  2.26 ,  'y':  -4.02 ,  'r':  0.2 ,  'type':  1} ,  {'idp':  93 ,  'x':  0.37 ,  'y':  -4.51 ,  'r':  0.2 ,  'type':  1} ,  {'idp':  94 ,  'x':  1.16 ,  'y':  -4.12 ,  'r':  0.2 ,  'type':  1} ,  {'idp':  95 ,  'x':  1.43 ,  'y':  -5.62 ,  'r':  0.2 ,  'type':  1} ,  {'idp':  96 ,  'x':  2.01 ,  'y':  -6.28 ,  'r':  0.2 ,  'type':  1}]
62998,1398777843.748807,[{'idp':  91 ,  'x':  2.23 ,  'y':  -4.04 ,  'r':  0.2 ,  'type':  1} ,  {'idp':  93 ,  'x':  0.33 ,  'y':  -4.49 ,  'r':  0.2 ,  'type':  1} ,  {'idp':  94 ,  'x':  1.12 ,  'y':  -4.11 ,  'r':  0.2 ,  'type':  1} ,  {'idp':  95 ,  'x':  1.39 ,  'y':  -5.58 ,  'r':  0.2 ,  'type':  1} ,  {'idp':  96 ,  'x':  1.95 ,  'y':  -6.29 ,  'r':  0.2 ,  'type':  1}]
62999,1398777843.7875311,[{'idp':  91 ,  'x':  2.2 ,  'y':  -4.06 ,  'r':  0.2 ,  'type':  1} ,  {'idp':  93 ,  'x':  0.27 ,  'y':  -4.47 ,  'r':  0.2 ,  'type':  1} ,  {'idp':  94 ,  'x':  1.07 ,  'y':  -4.08 ,  'r':  0.2 ,  'type':  1} ,  {'idp':  95 ,  'x':  1.33 ,  'y':  -5.6 ,  'r':  0.2 ,  'type':  1} ,  {'idp':  96 ,  'x':  1.93 ,  'y':  -6.3 ,  'r':  0.2 ,  'type':  1}]
63000,1398777843.8275728,[{'idp':  91 ,  'x':  2.18 ,  'y':  -4.05 ,  'r':  0.2 ,  'type':  1} ,  {'idp':  93 ,  'x':  0.22 ,  'y':  -4.44 ,  'r':  0.2 ,  'type':  1} ,  {'idp':  94 ,  'x':  1.04 ,  'y':  -4.04 ,  'r':  0.2 ,  'type':  1} ,  {'idp':  95 ,  'x':  1.3 ,  'y':  -5.62 ,  'r':  0.2 ,  'type':  1} ,  {'idp':  96 ,  'x':  1.91 ,  'y':  -6.3 ,  'r':  0.2 ,  'type':  1}]
63001,1398777843.8276694,[{'idp':  91 ,  'x':  2.15 ,  'y':  -4.08 ,  'r':  0.2 ,  'type':  1} ,  {'idp':  93 ,  'x':  0.17 ,  'y':  -4.42 ,  'r':  0.2 ,  'type':  1} ,  {'idp':  94 ,  'x':  1.01 ,  'y':  -4.01 ,  'r':  0.2 ,  'type':  1} ,  {'idp':  95 ,  'x':  1.23 ,  'y':  -5.56 ,  'r':  0.2 ,  'type':  1} ,  {'idp':  96 ,  'x':  1.88 ,  'y':  -6.3 ,  'r':  0.2 ,  'type':  1}]
63002,1398777843.86759,[{'idp':  91 ,  'x':  2.11 ,  'y':  -4.09 ,  'r':  0.2 ,  'type':  1} ,  {'idp':  93 ,  'x':  0.13 ,  'y':  -4.41 ,  'r':  0.2 ,  'type':  1} ,  {'idp':  94 ,  'x':  0.97 ,  'y':  -3.98 ,  'r':  0.2 ,  'type':  1} ,  {'idp':  95 ,  'x':  1.18 ,  'y':  -5.53 ,  'r':  0.2 ,  'type':  1} ,  {'idp':  96 ,  'x':  1.85 ,  'y':  -6.3 ,  'r':  0.2 ,  'type':  1}]
63003,1398777843.8748434,[{'idp':  91 ,  'x':  2.09 ,  'y':  -4.1 ,  'r':  0.2 ,  'type':  1} ,  {'idp':  93 ,  'x':  0.11 ,  'y':  -4.39 ,  'r':  0.2 ,  'type':  1} ,  {'idp':  94 ,  'x':  0.94 ,  'y':  -3.95 ,  'r':  0.2 ,  'type':  1} ,  {'idp':  95 ,  'x':  1.15 ,  'y':  -5.53 ,  'r':  0.2 ,  'type':  1} ,  {'idp':  96 ,  'x':  1.81 ,  'y':  -6.3 ,  'r':  0.2 ,  'type':  1}]
63004,1398777843.9116073,[{'idp':  91 ,  'x':  2.05 ,  'y':  -4.11 ,  'r':  0.2 ,  'type':  1} ,  {'idp':  93 ,  'x':  0.09 ,  'y':  -4.37 ,  'r':  0.2 ,  'type':  1} ,  {'idp':  94 ,  'x':  0.91 ,  'y':  -3.92 ,  'r':  0.2 ,  'type':  1} ,  {'idp':  95 ,  'x':  1.07 ,  'y':  -5.49 ,  'r':  0.2 ,  'type':  1} ,  {'idp':  96 ,  'x':  1.78 ,  'y':  -6.3 ,  'r':  0.2 ,  'type':  1}]
63005,1398777843.951622,[{'idp':  91 ,  'x':  2.01 ,  'y':  -4.13 ,  'r':  0.2 ,  'type':  1} ,  {'idp':  93 ,  'x':  0.07 ,  'y':  -4.34 ,  'r':  0.2 ,  'type':  1} ,  {'idp':  94 ,  'x':  0.87 ,  'y':  -3.89 ,  'r':  0.2 ,  'type':  1} ,  {'idp':  95 ,  'x':  1.03 ,  'y':  -5.5 ,  'r':  0.2 ,  'type':  1} ,  {'idp':  96 ,  'x':  1.74 ,  'y':  -6.29 ,  'r':  0.2 ,  'type':  1}]
63006,1398777843.9517026,[{'idp':  91 ,  'x':  1.96 ,  'y':  -4.14 ,  'r':  0.2 ,  'type':  1} ,  {'idp':  93 ,  'x':  0.05 ,  'y':  -4.29 ,  'r':  0.2 ,  'type':  1} ,  {'idp':  94 ,  'x':  0.83 ,  'y':  -3.86 ,  'r':  0.2 ,  'type':  1} ,  {'idp':  95 ,  'x':  1.0 ,  'y':  -5.54 ,  'r':  0.2 ,  'type':  1} ,  {'idp':  96 ,  'x':  1.68 ,  'y':  -6.27 ,  'r':  0.2 ,  'type':  1}]
63007,1398777843.9916432,[{'idp':  91 ,  'x':  1.91 ,  'y':  -4.16 ,  'r':  0.2 ,  'type':  1} ,  {'idp':  93 ,  'x':  0.03 ,  'y':  -4.28 ,  'r':  0.2 ,  'type':  1} ,  {'idp':  94 ,  'x':  0.79 ,  'y':  -3.83 ,  'r':  0.2 ,  'type':  1} ,  {'idp':  95 ,  'x':  0.95 ,  'y':  -5.51 ,  'r':  0.2 ,  'type':  1} ,  {'idp':  96 ,  'x':  1.64 ,  'y':  -6.27 ,  'r':  0.2 ,  'type':  1}]
63008,1398777844.0001998,[{'idp':  91 ,  'x':  1.85 ,  'y':  -4.17 ,  'r':  0.2 ,  'type':  1} ,  {'idp':  93 ,  'x':  0.01 ,  'y':  -4.25 ,  'r':  0.2 ,  'type':  1} ,  {'idp':  94 ,  'x':  0.75 ,  'y':  -3.81 ,  'r':  0.2 ,  'type':  1} ,  {'idp':  95 ,  'x':  0.9 ,  'y':  -5.5 ,  'r':  0.2 ,  'type':  1} ,  {'idp':  96 ,  'x':  1.61 ,  'y':  -6.27 ,  'r':  0.2 ,  'type':  1}]
63009,1398777844.039594,[{'idp':  91 ,  'x':  1.8 ,  'y':  -4.18 ,  'r':  0.2 ,  'type':  1} ,  {'idp':  93 ,  'x':  0.01 ,  'y':  -4.25 ,  'r':  0.2 ,  'type':  1} ,  {'idp':  94 ,  'x':  0.73 ,  'y':  -3.78 ,  'r':  0.2 ,  'type':  1} ,  {'idp':  95 ,  'x':  0.87 ,  'y':  -5.49 ,  'r':  0.2 ,  'type':  1} ,  {'idp':  96 ,  'x':  1.58 ,  'y':  -6.26 ,  'r':  0.2 ,  'type':  1}]
63010,1398777844.079669,[{'idp':  91 ,  'x':  1.78 ,  'y':  -4.17 ,  'r':  0.2 ,  'type':  1} ,  {'idp':  93 ,  'x':  0.01 ,  'y':  -4.25 ,  'r':  0.2 ,  'type':  1} ,  {'idp':  94 ,  'x':  0.69 ,  'y':  -3.77 ,  'r':  0.2 ,  'type':  1} ,  {'idp':  95 ,  'x':  0.82 ,  'y':  -5.49 ,  'r':  0.2 ,  'type':  1} ,  {'idp':  96 ,  'x':  1.56 ,  'y':  -6.23 ,  'r':  0.2 ,  'type':  1}]
63011,1398777844.0797467,[{'idp':  91 ,  'x':  1.74 ,  'y':  -4.15 ,  'r':  0.2 ,  'type':  1} ,  {'idp':  93 ,  'x':  0.01 ,  'y':  -4.25 ,  'r':  0.2 ,  'type':  1} ,  {'idp':  94 ,  'x':  0.65 ,  'y':  -3.75 ,  'r':  0.2 ,  'type':  1} ,  {'idp':  95 ,  'x':  0.77 ,  'y':  -5.49 ,  'r':  0.2 ,  'type':  1} ,  {'idp':  96 ,  'x':  1.52 ,  'y':  -6.21 ,  'r':  0.2 ,  'type':  1}]
63012,1398777844.11965,[{'idp':  91 ,  'x':  1.7 ,  'y':  -4.16 ,  'r':  0.2 ,  'type':  1} ,  {'idp':  93 ,  'x':  0.01 ,  'y':  -4.25 ,  'r':  0.2 ,  'type':  1} ,  {'idp':  94 ,  'x':  0.61 ,  'y':  -3.72 ,  'r':  0.2 ,  'type':  1} ,  {'idp':  95 ,  'x':  0.72 ,  'y':  -5.48 ,  'r':  0.2 ,  'type':  1} ,  {'idp':  96 ,  'x':  1.48 ,  'y':  -6.18 ,  'r':  0.2 ,  'type':  1}]
63013,1398777844.1253083,[{'idp':  91 ,  'x':  1.67 ,  'y':  -4.15 ,  'r':  0.2 ,  'type':  1} ,  {'idp':  93 ,  'x':  0.01 ,  'y':  -4.25 ,  'r':  0.2 ,  'type':  1} ,  {'idp':  94 ,  'x':  0.57 ,  'y':  -3.7 ,  'r':  0.2 ,  'type':  1} ,  {'idp':  95 ,  'x':  0.66 ,  'y':  -5.46 ,  'r':  0.2 ,  'type':  1} ,  {'idp':  96 ,  'x':  1.44 ,  'y':  -6.18 ,  'r':  0.2 ,  'type':  1}]
63014,1398777844.1635323,[{'idp':  91 ,  'x':  1.62 ,  'y':  -4.12 ,  'r':  0.2 ,  'type':  1} ,  {'idp':  94 ,  'x':  0.54 ,  'y':  -3.68 ,  'r':  0.2 ,  'type':  1} ,  {'idp':  95 ,  'x':  0.62 ,  'y':  -5.47 ,  'r':  0.2 ,  'type':  1} ,  {'idp':  96 ,  'x':  1.39 ,  'y':  -6.16 ,  'r':  0.2 ,  'type':  1}]
63015,1398777844.2035599,[{'idp':  91 ,  'x':  1.61 ,  'y':  -4.12 ,  'r':  0.2 ,  'type':  1} ,  {'idp':  94 ,  'x':  0.51 ,  'y':  -3.66 ,  'r':  0.2 ,  'type':  1} ,  {'idp':  95 ,  'x':  0.58 ,  'y':  -5.45 ,  'r':  0.2 ,  'type':  1} ,  {'idp':  96 ,  'x':  1.35 ,  'y':  -6.16 ,  'r':  0.2 ,  'type':  1}]
63016,1398777844.2035897,[{'idp':  91 ,  'x':  1.57 ,  'y':  -4.09 ,  'r':  0.2 ,  'type':  1} ,  {'idp':  94 ,  'x':  0.47 ,  'y':  -3.65 ,  'r':  0.2 ,  'type':  1} ,  {'idp':  95 ,  'x':  0.54 ,  'y':  -5.46 ,  'r':  0.2 ,  'type':  1} ,  {'idp':  96 ,  'x':  1.31 ,  'y':  -6.15 ,  'r':  0.2 ,  'type':  1}]
63017,1398777844.2436037,[{'idp':  91 ,  'x':  1.53 ,  'y':  -4.07 ,  'r':  0.2 ,  'type':  1} ,  {'idp':  94 ,  'x':  0.44 ,  'y':  -3.65 ,  'r':  0.2 ,  'type':  1} ,  {'idp':  95 ,  'x':  0.49 ,  'y':  -5.46 ,  'r':  0.2 ,  'type':  1} ,  {'idp':  96 ,  'x':  1.28 ,  'y':  -6.16 ,  'r':  0.2 ,  'type':  1}]
63018,1398777844.2509398,[{'idp':  91 ,  'x':  1.5 ,  'y':  -4.06 ,  'r':  0.2 ,  'type':  1} ,  {'idp':  94 ,  'x':  0.41 ,  'y':  -3.64 ,  'r':  0.2 ,  'type':  1} ,  {'idp':  95 ,  'x':  0.44 ,  'y':  -5.46 ,  'r':  0.2 ,  'type':  1} ,  {'idp':  96 ,  'x':  1.22 ,  'y':  -6.14 ,  'r':  0.2 ,  'type':  1}]
63019,1398777844.2875485,[{'idp':  91 ,  'x':  1.46 ,  'y':  -4.03 ,  'r':  0.2 ,  'type':  1} ,  {'idp':  94 ,  'x':  0.38 ,  'y':  -3.62 ,  'r':  0.2 ,  'type':  1} ,  {'idp':  95 ,  'x':  0.41 ,  'y':  -5.45 ,  'r':  0.2 ,  'type':  1} ,  {'idp':  96 ,  'x':  1.18 ,  'y':  -6.15 ,  'r':  0.2 ,  'type':  1}]
63020,1398777844.327631,[{'idp':  91 ,  'x':  1.41 ,  'y':  -4.01 ,  'r':  0.2 ,  'type':  1} ,  {'idp':  94 ,  'x':  0.35 ,  'y':  -3.6 ,  'r':  0.2 ,  'type':  1} ,  {'idp':  95 ,  'x':  0.35 ,  'y':  -5.45 ,  'r':  0.2 ,  'type':  1} ,  {'idp':  96 ,  'x':  1.13 ,  'y':  -6.16 ,  'r':  0.2 ,  'type':  1}]
63021,1398777844.3276536,[{'idp':  91 ,  'x':  1.37 ,  'y':  -4.01 ,  'r':  0.2 ,  'type':  1} ,  {'idp':  94 ,  'x':  0.3 ,  'y':  -3.6 ,  'r':  0.2 ,  'type':  1} ,  {'idp':  95 ,  'x':  0.29 ,  'y':  -5.45 ,  'r':  0.2 ,  'type':  1} ,  {'idp':  96 ,  'x':  1.06 ,  'y':  -6.15 ,  'r':  0.2 ,  'type':  1}]
63022,1398777844.367657,[{'idp':  91 ,  'x':  1.34 ,  'y':  -4.03 ,  'r':  0.2 ,  'type':  1} ,  {'idp':  94 ,  'x':  0.27 ,  'y':  -3.59 ,  'r':  0.2 ,  'type':  1} ,  {'idp':  95 ,  'x':  0.23 ,  'y':  -5.45 ,  'r':  0.2 ,  'type':  1} ,  {'idp':  96 ,  'x':  1.0 ,  'y':  -6.17 ,  'r':  0.2 ,  'type':  1}]
63023,1398777844.3756037,[{'idp':  91 ,  'x':  1.32 ,  'y':  -4.02 ,  'r':  0.2 ,  'type':  1} ,  {'idp':  94 ,  'x':  0.26 ,  'y':  -3.58 ,  'r':  0.2 ,  'type':  1} ,  {'idp':  95 ,  'x':  0.21 ,  'y':  -5.46 ,  'r':  0.2 ,  'type':  1} ,  {'idp':  96 ,  'x':  0.96 ,  'y':  -6.16 ,  'r':  0.2 ,  'type':  1}]
63024,1398777844.4155798,[{'idp':  91 ,  'x':  1.33 ,  'y':  -4.01 ,  'r':  0.2 ,  'type':  1} ,  {'idp':  94 ,  'x':  0.26 ,  'y':  -3.57 ,  'r':  0.2 ,  'type':  1} ,  {'idp':  95 ,  'x':  0.21 ,  'y':  -5.45 ,  'r':  0.2 ,  'type':  1} ,  {'idp':  96 ,  'x':  0.97 ,  'y':  -6.15 ,  'r':  0.2 ,  'type':  1}]
63025,1398777844.4556785,[{'idp':  91 ,  'x':  1.33 ,  'y':  -4.0 ,  'r':  0.2 ,  'type':  1} ,  {'idp':  94 ,  'x':  0.26 ,  'y':  -3.57 ,  'r':  0.2 ,  'type':  1} ,  {'idp':  95 ,  'x':  0.21 ,  'y':  -5.44 ,  'r':  0.2 ,  'type':  1} ,  {'idp':  96 ,  'x':  0.97 ,  'y':  -6.12 ,  'r':  0.2 ,  'type':  1}]
63026,1398777844.4557137,[{'idp':  91 ,  'x':  1.31 ,  'y':  -3.97 ,  'r':  0.2 ,  'type':  1} ,  {'idp':  94 ,  'x':  0.24 ,  'y':  -3.57 ,  'r':  0.2 ,  'type':  1} ,  {'idp':  95 ,  'x':  0.19 ,  'y':  -5.44 ,  'r':  0.2 ,  'type':  1} ,  {'idp':  96 ,  'x':  0.96 ,  'y':  -6.11 ,  'r':  0.2 ,  'type':  1}]
63027,1398777844.4956164,[{'idp':  91 ,  'x':  1.28 ,  'y':  -3.97 ,  'r':  0.2 ,  'type':  1} ,  {'idp':  94 ,  'x':  0.2 ,  'y':  -3.58 ,  'r':  0.2 ,  'type':  1} ,  {'idp':  95 ,  'x':  0.15 ,  'y':  -5.44 ,  'r':  0.2 ,  'type':  1} ,  {'idp':  96 ,  'x':  0.94 ,  'y':  -6.12 ,  'r':  0.2 ,  'type':  1}]
63028,1398777844.5013177,[{'idp':  91 ,  'x':  1.26 ,  'y':  -3.95 ,  'r':  0.2 ,  'type':  1} ,  {'idp':  94 ,  'x':  0.18 ,  'y':  -3.56 ,  'r':  0.2 ,  'type':  1} ,  {'idp':  95 ,  'x':  0.12 ,  'y':  -5.45 ,  'r':  0.2 ,  'type':  1} ,  {'idp':  96 ,  'x':  0.91 ,  'y':  -6.12 ,  'r':  0.2 ,  'type':  1}]
63029,1398777844.539536,[{'idp':  91 ,  'x':  1.24 ,  'y':  -3.97 ,  'r':  0.2 ,  'type':  1} ,  {'idp':  94 ,  'x':  0.16 ,  'y':  -3.56 ,  'r':  0.2 ,  'type':  1} ,  {'idp':  95 ,  'x':  0.1 ,  'y':  -5.44 ,  'r':  0.2 ,  'type':  1} ,  {'idp':  96 ,  'x':  0.9 ,  'y':  -6.09 ,  'r':  0.2 ,  'type':  1}]
63030,1398777844.5796008,[{'idp':  91 ,  'x':  1.21 ,  'y':  -3.95 ,  'r':  0.2 ,  'type':  1} ,  {'idp':  94 ,  'x':  0.14 ,  'y':  -3.57 ,  'r':  0.2 ,  'type':  1} ,  {'idp':  95 ,  'x':  0.06 ,  'y':  -5.43 ,  'r':  0.2 ,  'type':  1} ,  {'idp':  96 ,  'x':  0.88 ,  'y':  -6.1 ,  'r':  0.2 ,  'type':  1}]
63031,1398777844.5796316,[{'idp':  91 ,  'x':  1.21 ,  'y':  -3.98 ,  'r':  0.2 ,  'type':  1} ,  {'idp':  94 ,  'x':  0.12 ,  'y':  -3.56 ,  'r':  0.2 ,  'type':  1} ,  {'idp':  95 ,  'x':  0.05 ,  'y':  -5.43 ,  'r':  0.2 ,  'type':  1} ,  {'idp':  96 ,  'x':  0.87 ,  'y':  -6.11 ,  'r':  0.2 ,  'type':  1}]
63032,1398777844.6196303,[{'idp':  91 ,  'x':  1.2 ,  'y':  -3.98 ,  'r':  0.2 ,  'type':  1} ,  {'idp':  94 ,  'x':  0.1 ,  'y':  -3.56 ,  'r':  0.2 ,  'type':  1} ,  {'idp':  95 ,  'x':  0.04 ,  'y':  -5.43 ,  'r':  0.2 ,  'type':  1} ,  {'idp':  96 ,  'x':  0.84 ,  'y':  -6.1 ,  'r':  0.2 ,  'type':  1}]
63033,1398777844.6266413,[{'idp':  91 ,  'x':  1.18 ,  'y':  -3.97 ,  'r':  0.2 ,  'type':  1} ,  {'idp':  94 ,  'x':  0.09 ,  'y':  -3.56 ,  'r':  0.2 ,  'type':  1} ,  {'idp':  95 ,  'x':  0.02 ,  'y':  -5.43 ,  'r':  0.2 ,  'type':  1} ,  {'idp':  96 ,  'x':  0.81 ,  'y':  -6.08 ,  'r':  0.2 ,  'type':  1}]
63034,1398777844.6635976,[{'idp':  91 ,  'x':  1.17 ,  'y':  -3.96 ,  'r':  0.2 ,  'type':  1} ,  {'idp':  94 ,  'x':  0.05 ,  'y':  -3.57 ,  'r':  0.2 ,  'type':  1} ,  {'idp':  95 ,  'x':  -0.0 ,  'y':  -5.38 ,  'r':  0.2 ,  'type':  1} ,  {'idp':  96 ,  'x':  0.79 ,  'y':  -6.08 ,  'r':  0.2 ,  'type':  1}]
63035,1398777844.7035463,[{'idp':  91 ,  'x':  1.16 ,  'y':  -3.94 ,  'r':  0.2 ,  'type':  1} ,  {'idp':  94 ,  'x':  0.04 ,  'y':  -3.57 ,  'r':  0.2 ,  'type':  1} ,  {'idp':  95 ,  'x':  -0.0 ,  'y':  -5.38 ,  'r':  0.2 ,  'type':  1} ,  {'idp':  96 ,  'x':  0.77 ,  'y':  -6.05 ,  'r':  0.2 ,  'type':  1}]
63036,1398777844.7035704,[{'idp':  91 ,  'x':  1.15 ,  'y':  -3.9 ,  'r':  0.2 ,  'type':  1} ,  {'idp':  94 ,  'x':  0.04 ,  'y':  -3.57 ,  'r':  0.2 ,  'type':  1} ,  {'idp':  95 ,  'x':  -0.0 ,  'y':  -5.38 ,  'r':  0.2 ,  'type':  1} ,  {'idp':  96 ,  'x':  0.77 ,  'y':  -6.02 ,  'r':  0.2 ,  'type':  1}]
63037,1398777844.7435484,[{'idp':  91 ,  'x':  1.15 ,  'y':  -3.9 ,  'r':  0.2 ,  'type':  1} ,  {'idp':  94 ,  'x':  0.03 ,  'y':  -3.57 ,  'r':  0.2 ,  'type':  1} ,  {'idp':  95 ,  'x':  -0.0 ,  'y':  -5.38 ,  'r':  0.2 ,  'type':  1} ,  {'idp':  96 ,  'x':  0.77 ,  'y':  -6.02 ,  'r':  0.2 ,  'type':  1}]
63038,1398777844.7529352,[{'idp':  91 ,  'x':  1.11 ,  'y':  -3.89 ,  'r':  0.2 ,  'type':  1} ,  {'idp':  94 ,  'x':  0.02 ,  'y':  -3.56 ,  'r':  0.2 ,  'type':  1} ,  {'idp':  95 ,  'x':  -0.0 ,  'y':  -5.38 ,  'r':  0.2 ,  'type':  1} ,  {'idp':  96 ,  'x':  0.74 ,  'y':  -6.01 ,  'r':  0.2 ,  'type':  1}]
63039,1398777844.7916615,[{'idp':  91 ,  'x':  1.08 ,  'y':  -3.88 ,  'r':  0.2 ,  'type':  1} ,  {'idp':  94 ,  'x':  0.01 ,  'y':  -3.56 ,  'r':  0.2 ,  'type':  1} ,  {'idp':  95 ,  'x':  -0.0 ,  'y':  -5.38 ,  'r':  0.2 ,  'type':  1} ,  {'idp':  96 ,  'x':  0.71 ,  'y':  -5.98 ,  'r':  0.2 ,  'type':  1}]
63040,1398777844.8316054,[{'idp':  91 ,  'x':  1.07 ,  'y':  -3.88 ,  'r':  0.2 ,  'type':  1} ,  {'idp':  94 ,  'x':  -0.0 ,  'y':  -3.56 ,  'r':  0.2 ,  'type':  1} ,  {'idp':  95 ,  'x':  -0.0 ,  'y':  -5.38 ,  'r':  0.2 ,  'type':  1} ,  {'idp':  96 ,  'x':  0.68 ,  'y':  -5.92 ,  'r':  0.2 ,  'type':  1}]
63041,1398777844.8316426,[{'idp':  91 ,  'x':  1.08 ,  'y':  -3.86 ,  'r':  0.2 ,  'type':  1} ,  {'idp':  96 ,  'x':  0.69 ,  'y':  -5.9 ,  'r':  0.2 ,  'type':  1}]
63042,1398777844.8716261,[{'idp':  91 ,  'x':  1.08 ,  'y':  -3.83 ,  'r':  0.2 ,  'type':  1} ,  {'idp':  96 ,  'x':  0.71 ,  'y':  -5.9 ,  'r':  0.2 ,  'type':  1}]
63043,1398777844.878695,[{'idp':  91 ,  'x':  1.07 ,  'y':  -3.81 ,  'r':  0.2 ,  'type':  1} ,  {'idp':  96 ,  'x':  0.71 ,  'y':  -5.88 ,  'r':  0.2 ,  'type':  1}]
63044,1398777844.9155939,[{'idp':  91 ,  'x':  1.06 ,  'y':  -3.8 ,  'r':  0.2 ,  'type':  1} ,  {'idp':  96 ,  'x':  0.68 ,  'y':  -5.82 ,  'r':  0.2 ,  'type':  1}]
63045,1398777844.9555938,[{'idp':  91 ,  'x':  1.04 ,  'y':  -3.78 ,  'r':  0.2 ,  'type':  1} ,  {'idp':  96 ,  'x':  0.65 ,  'y':  -5.79 ,  'r':  0.2 ,  'type':  1}]
63046,1398777844.9556246,[{'idp':  91 ,  'x':  1.02 ,  'y':  -3.77 ,  'r':  0.2 ,  'type':  1} ,  {'idp':  96 ,  'x':  0.62 ,  'y':  -5.74 ,  'r':  0.2 ,  'type':  1}]
63047,1398777844.9955466,[{'idp':  91 ,  'x':  1.02 ,  'y':  -3.76 ,  'r':  0.2 ,  'type':  1} ,  {'idp':  96 ,  'x':  0.57 ,  'y':  -5.7 ,  'r':  0.2 ,  'type':  1}]
63048,1398777845.0026896,[{'idp':  91 ,  'x':  1.02 ,  'y':  -3.74 ,  'r':  0.2 ,  'type':  1} ,  {'idp':  96 ,  'x':  0.57 ,  'y':  -5.67 ,  'r':  0.2 ,  'type':  1}]
63049,1398777845.039532,[{'idp':  91 ,  'x':  1.02 ,  'y':  -3.72 ,  'r':  0.2 ,  'type':  1} ,  {'idp':  96 ,  'x':  0.57 ,  'y':  -5.64 ,  'r':  0.2 ,  'type':  1}]
63050,1398777845.0796487,[{'idp':  91 ,  'x':  1.01 ,  'y':  -3.72 ,  'r':  0.2 ,  'type':  1} ,  {'idp':  96 ,  'x':  0.58 ,  'y':  -5.6 ,  'r':  0.2 ,  'type':  1}]
63051,1398777845.0796847,[{'idp':  91 ,  'x':  1.01 ,  'y':  -3.7 ,  'r':  0.2 ,  'type':  1} ,  {'idp':  96 ,  'x':  0.57 ,  'y':  -5.59 ,  'r':  0.2 ,  'type':  1}]
63052,1398777845.1195617,[{'idp':  91 ,  'x':  1.0 ,  'y':  -3.68 ,  'r':  0.2 ,  'type':  1} ,  {'idp':  96 ,  'x':  0.56 ,  'y':  -5.56 ,  'r':  0.2 ,  'type':  1}]
63053,1398777845.1275504,[{'idp':  91 ,  'x':  0.98 ,  'y':  -3.67 ,  'r':  0.2 ,  'type':  1} ,  {'idp':  96 ,  'x':  0.53 ,  'y':  -5.54 ,  'r':  0.2 ,  'type':  1}]
63054,1398777845.167589,[{'idp':  91 ,  'x':  0.97 ,  'y':  -3.65 ,  'r':  0.2 ,  'type':  1} ,  {'idp':  96 ,  'x':  0.52 ,  'y':  -5.52 ,  'r':  0.2 ,  'type':  1}]
63055,1398777845.2076285,[{'idp':  91 ,  'x':  0.97 ,  'y':  -3.63 ,  'r':  0.2 ,  'type':  1} ,  {'idp':  96 ,  'x':  0.52 ,  'y':  -5.5 ,  'r':  0.2 ,  'type':  1}]
63056,1398777845.2076793,[{'idp':  91 ,  'x':  0.97 ,  'y':  -3.62 ,  'r':  0.2 ,  'type':  1} ,  {'idp':  96 ,  'x':  0.51 ,  'y':  -5.48 ,  'r':  0.2 ,  'type':  1}]
63057,1398777845.2476294,[{'idp':  91 ,  'x':  0.96 ,  'y':  -3.61 ,  'r':  0.2 ,  'type':  1} ,  {'idp':  96 ,  'x':  0.51 ,  'y':  -5.46 ,  'r':  0.2 ,  'type':  1}]
63058,1398777845.2539651,[{'idp':  91 ,  'x':  0.94 ,  'y':  -3.6 ,  'r':  0.2 ,  'type':  1} ,  {'idp':  96 ,  'x':  0.5 ,  'y':  -5.44 ,  'r':  0.2 ,  'type':  1}]
63059,1398777845.2916224,[{'idp':  91 ,  'x':  0.93 ,  'y':  -3.58 ,  'r':  0.2 ,  'type':  1} ,  {'idp':  96 ,  'x':  0.48 ,  'y':  -5.41 ,  'r':  0.2 ,  'type':  1}]
63060,1398777845.3315756,[{'idp':  91 ,  'x':  0.92 ,  'y':  -3.57 ,  'r':  0.2 ,  'type':  1} ,  {'idp':  96 ,  'x':  0.47 ,  'y':  -5.4 ,  'r':  0.2 ,  'type':  1}]
63061,1398777845.3316057,[{'idp':  91 ,  'x':  0.91 ,  'y':  -3.55 ,  'r':  0.2 ,  'type':  1} ,  {'idp':  96 ,  'x':  0.47 ,  'y':  -5.38 ,  'r':  0.2 ,  'type':  1}]
63062,1398777845.3716173,[{'idp':  91 ,  'x':  0.89 ,  'y':  -3.53 ,  'r':  0.2 ,  'type':  1} ,  {'idp':  96 ,  'x':  0.47 ,  'y':  -5.34 ,  'r':  0.2 ,  'type':  1}]
63063,1398777845.3794587,[{'idp':  91 ,  'x':  0.88 ,  'y':  -3.52 ,  'r':  0.2 ,  'type':  1} ,  {'idp':  96 ,  'x':  0.45 ,  'y':  -5.31 ,  'r':  0.2 ,  'type':  1}]
63064,1398777845.4156365,[{'idp':  91 ,  'x':  0.87 ,  'y':  -3.49 ,  'r':  0.2 ,  'type':  1} ,  {'idp':  96 ,  'x':  0.45 ,  'y':  -5.32 ,  'r':  0.2 ,  'type':  1}]
63065,1398777845.4556074,[{'idp':  91 ,  'x':  0.86 ,  'y':  -3.47 ,  'r':  0.2 ,  'type':  1} ,  {'idp':  96 ,  'x':  0.45 ,  'y':  -5.3 ,  'r':  0.2 ,  'type':  1}]
63066,1398777845.4556386,[{'idp':  91 ,  'x':  0.86 ,  'y':  -3.45 ,  'r':  0.2 ,  'type':  1} ,  {'idp':  96 ,  'x':  0.44 ,  'y':  -5.29 ,  'r':  0.2 ,  'type':  1}]
63067,1398777845.4955885,[{'idp':  91 ,  'x':  0.85 ,  'y':  -3.43 ,  'r':  0.2 ,  'type':  1} ,  {'idp':  96 ,  'x':  0.44 ,  'y':  -5.28 ,  'r':  0.2 ,  'type':  1}]
63068,1398777845.5042057,[{'idp':  91 ,  'x':  0.84 ,  'y':  -3.41 ,  'r':  0.2 ,  'type':  1} ,  {'idp':  96 ,  'x':  0.43 ,  'y':  -5.26 ,  'r':  0.2 ,  'type':  1}]
63069,1398777845.5436394,[{'idp':  91 ,  'x':  0.82 ,  'y':  -3.39 ,  'r':  0.2 ,  'type':  1} ,  {'idp':  96 ,  'x':  0.4 ,  'y':  -5.24 ,  'r':  0.2 ,  'type':  1}]
63070,1398777845.5835555,[{'idp':  91 ,  'x':  0.81 ,  'y':  -3.38 ,  'r':  0.2 ,  'type':  1} ,  {'idp':  96 ,  'x':  0.39 ,  'y':  -5.23 ,  'r':  0.2 ,  'type':  1}]
63071,1398777845.5835903,[{'idp':  91 ,  'x':  0.8 ,  'y':  -3.37 ,  'r':  0.2 ,  'type':  1} ,  {'idp':  96 ,  'x':  0.38 ,  'y':  -5.21 ,  'r':  0.2 ,  'type':  1}]
63072,1398777845.6236053,[{'idp':  91 ,  'x':  0.8 ,  'y':  -3.36 ,  'r':  0.2 ,  'type':  1} ,  {'idp':  96 ,  'x':  0.36 ,  'y':  -5.18 ,  'r':  0.2 ,  'type':  1}]
63073,1398777845.6295536,[{'idp':  91 ,  'x':  0.8 ,  'y':  -3.35 ,  'r':  0.2 ,  'type':  1} ,  {'idp':  96 ,  'x':  0.36 ,  'y':  -5.16 ,  'r':  0.2 ,  'type':  1}]
63074,1398777845.667627,[{'idp':  91 ,  'x':  0.8 ,  'y':  -3.33 ,  'r':  0.2 ,  'type':  1} ,  {'idp':  96 ,  'x':  0.36 ,  'y':  -5.14 ,  'r':  0.2 ,  'type':  1}]
63075,1398777845.7075486,[{'idp':  91 ,  'x':  0.8 ,  'y':  -3.3 ,  'r':  0.2 ,  'type':  1} ,  {'idp':  96 ,  'x':  0.36 ,  'y':  -5.12 ,  'r':  0.2 ,  'type':  1}]
63076,1398777845.7075818,[{'idp':  91 ,  'x':  0.78 ,  'y':  -3.29 ,  'r':  0.2 ,  'type':  1} ,  {'idp':  96 ,  'x':  0.36 ,  'y':  -5.1 ,  'r':  0.2 ,  'type':  1}]
63077,1398777845.7477186,[{'idp':  91 ,  'x':  0.75 ,  'y':  -3.29 ,  'r':  0.2 ,  'type':  1} ,  {'idp':  96 ,  'x':  0.35 ,  'y':  -5.11 ,  'r':  0.2 ,  'type':  1}]
63078,1398777845.7549162,[{'idp':  91 ,  'x':  0.72 ,  'y':  -3.28 ,  'r':  0.2 ,  'type':  1} ,  {'idp':  96 ,  'x':  0.34 ,  'y':  -5.11 ,  'r':  0.2 ,  'type':  1}]
63079,1398777845.7915668,[{'idp':  91 ,  'x':  0.72 ,  'y':  -3.27 ,  'r':  0.2 ,  'type':  1} ,  {'idp':  96 ,  'x':  0.34 ,  'y':  -5.1 ,  'r':  0.2 ,  'type':  1}]
63080,1398777845.8315723,[{'idp':  91 ,  'x':  0.71 ,  'y':  -3.25 ,  'r':  0.2 ,  'type':  1} ,  {'idp':  96 ,  'x':  0.35 ,  'y':  -5.09 ,  'r':  0.2 ,  'type':  1}]
63081,1398777845.8315926,[{'idp':  91 ,  'x':  0.7 ,  'y':  -3.24 ,  'r':  0.2 ,  'type':  1} ,  {'idp':  96 ,  'x':  0.35 ,  'y':  -5.09 ,  'r':  0.2 ,  'type':  1}]
63082,1398777845.8716571,[{'idp':  91 ,  'x':  0.7 ,  'y':  -3.23 ,  'r':  0.2 ,  'type':  1} ,  {'idp':  96 ,  'x':  0.34 ,  'y':  -5.09 ,  'r':  0.2 ,  'type':  1}]
63083,1398777845.8801863,[{'idp':  91 ,  'x':  0.68 ,  'y':  -3.21 ,  'r':  0.2 ,  'type':  1} ,  {'idp':  96 ,  'x':  0.34 ,  'y':  -5.08 ,  'r':  0.2 ,  'type':  1}]
63084,1398777845.9196777,[{'idp':  91 ,  'x':  0.66 ,  'y':  -3.2 ,  'r':  0.2 ,  'type':  1} ,  {'idp':  96 ,  'x':  0.32 ,  'y':  -5.06 ,  'r':  0.2 ,  'type':  1}]
63085,1398777845.95967,[{'idp':  91 ,  'x':  0.64 ,  'y':  -3.19 ,  'r':  0.2 ,  'type':  1} ,  {'idp':  96 ,  'x':  0.3 ,  'y':  -5.04 ,  'r':  0.2 ,  'type':  1}]
63086,1398777845.9597008,[{'idp':  91 ,  'x':  0.62 ,  'y':  -3.19 ,  'r':  0.2 ,  'type':  1} ,  {'idp':  96 ,  'x':  0.28 ,  'y':  -5.03 ,  'r':  0.2 ,  'type':  1}]
63087,1398777845.9996128,[{'idp':  91 ,  'x':  0.62 ,  'y':  -3.18 ,  'r':  0.2 ,  'type':  1} ,  {'idp':  96 ,  'x':  0.27 ,  'y':  -5.01 ,  'r':  0.2 ,  'type':  1}]
63088,1398777846.005804,[{'idp':  91 ,  'x':  0.61 ,  'y':  -3.16 ,  'r':  0.2 ,  'type':  1} ,  {'idp':  96 ,  'x':  0.27 ,  'y':  -4.98 ,  'r':  0.2 ,  'type':  1}]
63089,1398777846.0436244,[{'idp':  91 ,  'x':  0.61 ,  'y':  -3.15 ,  'r':  0.2 ,  'type':  1} ,  {'idp':  96 ,  'x':  0.26 ,  'y':  -4.96 ,  'r':  0.2 ,  'type':  1}]
63090,1398777846.0836227,[{'idp':  91 ,  'x':  0.59 ,  'y':  -3.15 ,  'r':  0.2 ,  'type':  1} ,  {'idp':  96 ,  'x':  0.24 ,  'y':  -4.93 ,  'r':  0.2 ,  'type':  1}]
63091,1398777846.083653,[{'idp':  91 ,  'x':  0.57 ,  'y':  -3.12 ,  'r':  0.2 ,  'type':  1} ,  {'idp':  96 ,  'x':  0.23 ,  'y':  -4.92 ,  'r':  0.2 ,  'type':  1}]
63092,1398777846.1236222,[{'idp':  91 ,  'x':  0.56 ,  'y':  -3.11 ,  'r':  0.2 ,  'type':  1} ,  {'idp':  96 ,  'x':  0.2 ,  'y':  -4.89 ,  'r':  0.2 ,  'type':  1}]
63093,1398777846.131822,[{'idp':  91 ,  'x':  0.56 ,  'y':  -3.08 ,  'r':  0.2 ,  'type':  1} ,  {'idp':  96 ,  'x':  0.19 ,  'y':  -4.87 ,  'r':  0.2 ,  'type':  1}]
63094,1398777846.171666,[{'idp':  91 ,  'x':  0.55 ,  'y':  -3.07 ,  'r':  0.2 ,  'type':  1} ,  {'idp':  96 ,  'x':  0.17 ,  'y':  -4.85 ,  'r':  0.2 ,  'type':  1}]
63095,1398777846.2116423,[{'idp':  91 ,  'x':  0.53 ,  'y':  -3.07 ,  'r':  0.2 ,  'type':  1} ,  {'idp':  96 ,  'x':  0.15 ,  'y':  -4.84 ,  'r':  0.2 ,  'type':  1}]
63096,1398777846.2116733,[{'idp':  91 ,  'x':  0.51 ,  'y':  -3.06 ,  'r':  0.2 ,  'type':  1} ,  {'idp':  96 ,  'x':  0.13 ,  'y':  -4.82 ,  'r':  0.2 ,  'type':  1}]
63097,1398777846.2516458,[{'idp':  91 ,  'x':  0.5 ,  'y':  -3.05 ,  'r':  0.2 ,  'type':  1} ,  {'idp':  96 ,  'x':  0.13 ,  'y':  -4.8 ,  'r':  0.2 ,  'type':  1}]
63098,1398777846.2582767,[{'idp':  91 ,  'x':  0.5 ,  'y':  -3.03 ,  'r':  0.2 ,  'type':  1} ,  {'idp':  96 ,  'x':  0.14 ,  'y':  -4.78 ,  'r':  0.2 ,  'type':  1}]
63099,1398777846.295638,[{'idp':  91 ,  'x':  0.49 ,  'y':  -3.02 ,  'r':  0.2 ,  'type':  1} ,  {'idp':  96 ,  'x':  0.14 ,  'y':  -4.76 ,  'r':  0.2 ,  'type':  1}]
63100,1398777846.3355868,[{'idp':  91 ,  'x':  0.47 ,  'y':  -3.01 ,  'r':  0.2 ,  'type':  1} ,  {'idp':  96 ,  'x':  0.12 ,  'y':  -4.73 ,  'r':  0.2 ,  'type':  1}]
63101,1398777846.3356194,[{'idp':  91 ,  'x':  0.45 ,  'y':  -3.01 ,  'r':  0.2 ,  'type':  1} ,  {'idp':  96 ,  'x':  0.11 ,  'y':  -4.71 ,  'r':  0.2 ,  'type':  1}]
63102,1398777846.3756528,[{'idp':  91 ,  'x':  0.43 ,  'y':  -3.0 ,  'r':  0.2 ,  'type':  1} ,  {'idp':  96 ,  'x':  0.11 ,  'y':  -4.69 ,  'r':  0.2 ,  'type':  1}]
63103,1398777846.3844004,[{'idp':  91 ,  'x':  0.42 ,  'y':  -2.99 ,  'r':  0.2 ,  'type':  1} ,  {'idp':  96 ,  'x':  0.11 ,  'y':  -4.66 ,  'r':  0.2 ,  'type':  1}]
63104,1398777846.4236093,[{'idp':  91 ,  'x':  0.42 ,  'y':  -2.98 ,  'r':  0.2 ,  'type':  1} ,  {'idp':  96 ,  'x':  0.11 ,  'y':  -4.63 ,  'r':  0.2 ,  'type':  1}]
63105,1398777846.4636018,[{'idp':  91 ,  'x':  0.41 ,  'y':  -2.97 ,  'r':  0.2 ,  'type':  1} ,  {'idp':  96 ,  'x':  0.11 ,  'y':  -4.61 ,  'r':  0.2 ,  'type':  1}]
63106,1398777846.4636335,[{'idp':  91 ,  'x':  0.4 ,  'y':  -2.96 ,  'r':  0.2 ,  'type':  1} ,  {'idp':  96 ,  'x':  0.11 ,  'y':  -4.58 ,  'r':  0.2 ,  'type':  1}]
63107,1398777846.5036893,[{'idp':  91 ,  'x':  0.39 ,  'y':  -2.95 ,  'r':  0.2 ,  'type':  1} ,  {'idp':  96 ,  'x':  0.1 ,  'y':  -4.55 ,  'r':  0.2 ,  'type':  1}]
63108,1398777846.5099363,[{'idp':  91 ,  'x':  0.37 ,  'y':  -2.94 ,  'r':  0.2 ,  'type':  1} ,  {'idp':  96 ,  'x':  0.09 ,  'y':  -4.53 ,  'r':  0.2 ,  'type':  1}]
63109,1398777846.547586,[{'idp':  91 ,  'x':  0.36 ,  'y':  -2.93 ,  'r':  0.2 ,  'type':  1} ,  {'idp':  96 ,  'x':  0.08 ,  'y':  -4.51 ,  'r':  0.2 ,  'type':  1}]
63110,1398777846.587563,[{'idp':  91 ,  'x':  0.35 ,  'y':  -2.93 ,  'r':  0.2 ,  'type':  1} ,  {'idp':  96 ,  'x':  0.08 ,  'y':  -4.48 ,  'r':  0.2 ,  'type':  1}]
63111,1398777846.5875947,[{'idp':  91 ,  'x':  0.35 ,  'y':  -2.92 ,  'r':  0.2 ,  'type':  1} ,  {'idp':  96 ,  'x':  0.08 ,  'y':  -4.45 ,  'r':  0.2 ,  'type':  1}]
63112,1398777846.6278567,[{'idp':  91 ,  'x':  0.35 ,  'y':  -2.91 ,  'r':  0.2 ,  'type':  1} ,  {'idp':  96 ,  'x':  0.08 ,  'y':  -4.44 ,  'r':  0.2 ,  'type':  1}]
63113,1398777846.6344514,[{'idp':  91 ,  'x':  0.35 ,  'y':  -2.9 ,  'r':  0.2 ,  'type':  1} ,  {'idp':  96 ,  'x':  0.08 ,  'y':  -4.44 ,  'r':  0.2 ,  'type':  1}]
63114,1398777846.6715813,[{'idp':  91 ,  'x':  0.34 ,  'y':  -2.88 ,  'r':  0.2 ,  'type':  1} ,  {'idp':  96 ,  'x':  0.08 ,  'y':  -4.43 ,  'r':  0.2 ,  'type':  1}]
63115,1398777846.7116725,[{'idp':  91 ,  'x':  0.33 ,  'y':  -2.88 ,  'r':  0.2 ,  'type':  1} ,  {'idp':  96 ,  'x':  0.07 ,  'y':  -4.42 ,  'r':  0.2 ,  'type':  1}]
63116,1398777846.711707,[{'idp':  91 ,  'x':  0.32 ,  'y':  -2.86 ,  'r':  0.2 ,  'type':  1} ,  {'idp':  96 ,  'x':  0.06 ,  'y':  -4.41 ,  'r':  0.2 ,  'type':  1}]
63117,1398777846.751628,[{'idp':  91 ,  'x':  0.31 ,  'y':  -2.87 ,  'r':  0.2 ,  'type':  1} ,  {'idp':  96 ,  'x':  0.05 ,  'y':  -4.4 ,  'r':  0.2 ,  'type':  1}]
63118,1398777846.75947,[{'idp':  91 ,  'x':  0.3 ,  'y':  -2.86 ,  'r':  0.2 ,  'type':  1} ,  {'idp':  96 ,  'x':  0.05 ,  'y':  -4.4 ,  'r':  0.2 ,  'type':  1}]
63119,1398777846.7956324,[{'idp':  91 ,  'x':  0.28 ,  'y':  -2.86 ,  'r':  0.2 ,  'type':  1} ,  {'idp':  96 ,  'x':  0.05 ,  'y':  -4.38 ,  'r':  0.2 ,  'type':  1}]
63120,1398777846.8356047,[{'idp':  91 ,  'x':  0.27 ,  'y':  -2.85 ,  'r':  0.2 ,  'type':  1} ,  {'idp':  96 ,  'x':  0.04 ,  'y':  -4.36 ,  'r':  0.2 ,  'type':  1}]
63121,1398777846.8356333,[{'idp':  91 ,  'x':  0.27 ,  'y':  -2.85 ,  'r':  0.2 ,  'type':  1} ,  {'idp':  96 ,  'x':  0.04 ,  'y':  -4.36 ,  'r':  0.2 ,  'type':  1}]
63122,1398777846.875623,[{'idp':  91 ,  'x':  0.26 ,  'y':  -2.85 ,  'r':  0.2 ,  'type':  1} ,  {'idp':  96 ,  'x':  0.04 ,  'y':  -4.34 ,  'r':  0.2 ,  'type':  1}]
63123,1398777846.883489,[{'idp':  91 ,  'x':  0.25 ,  'y':  -2.85 ,  'r':  0.2 ,  'type':  1} ,  {'idp':  96 ,  'x':  0.04 ,  'y':  -4.34 ,  'r':  0.2 ,  'type':  1}]
63124,1398777846.9196029,[{'idp':  91 ,  'x':  0.23 ,  'y':  -2.83 ,  'r':  0.2 ,  'type':  1} ,  {'idp':  96 ,  'x':  0.03 ,  'y':  -4.35 ,  'r':  0.2 ,  'type':  1}]
63125,1398777846.9595883,[{'idp':  91 ,  'x':  0.22 ,  'y':  -2.83 ,  'r':  0.2 ,  'type':  1} ,  {'idp':  96 ,  'x':  0.02 ,  'y':  -4.34 ,  'r':  0.2 ,  'type':  1}]
63126,1398777846.9596221,[{'idp':  91 ,  'x':  0.2 ,  'y':  -2.83 ,  'r':  0.2 ,  'type':  1} ,  {'idp':  96 ,  'x':  0.01 ,  'y':  -4.34 ,  'r':  0.2 ,  'type':  1}]
63127,1398777846.9996245,[{'idp':  91 ,  'x':  0.19 ,  'y':  -2.82 ,  'r':  0.2 ,  'type':  1} ,  {'idp':  96 ,  'x':  0.01 ,  'y':  -4.35 ,  'r':  0.2 ,  'type':  1}]
63128,1398777847.008681,[{'idp':  91 ,  'x':  0.18 ,  'y':  -2.81 ,  'r':  0.2 ,  'type':  1} ,  {'idp':  96 ,  'x':  0.02 ,  'y':  -4.37 ,  'r':  0.2 ,  'type':  1}]
63129,1398777847.051648,[{'idp':  91 ,  'x':  0.17 ,  'y':  -2.8 ,  'r':  0.2 ,  'type':  1} ,  {'idp':  96 ,  'x':  0.01 ,  'y':  -4.32 ,  'r':  0.2 ,  'type':  1}]
63130,1398777847.0915887,[{'idp':  91 ,  'x':  0.16 ,  'y':  -2.78 ,  'r':  0.2 ,  'type':  1} ,  {'idp':  96 ,  'x':  -0.0 ,  'y':  -4.31 ,  'r':  0.2 ,  'type':  1}]
63131,1398777847.0916185,[{'idp':  91 ,  'x':  0.15 ,  'y':  -2.78 ,  'r':  0.2 ,  'type':  1} ,  {'idp':  96 ,  'x':  -0.0 ,  'y':  -4.31 ,  'r':  0.2 ,  'type':  1}]
63132,1398777847.1315737,[{'idp':  91 ,  'x':  0.15 ,  'y':  -2.77 ,  'r':  0.2 ,  'type':  1} ,  {'idp':  96 ,  'x':  -0.0 ,  'y':  -4.31 ,  'r':  0.2 ,  'type':  1}]
63133,1398777847.133946,[{'idp':  91 ,  'x':  0.14 ,  'y':  -2.76 ,  'r':  0.2 ,  'type':  1} ,  {'idp':  96 ,  'x':  -0.0 ,  'y':  -4.31 ,  'r':  0.2 ,  'type':  1}]
63134,1398777847.171599,[{'idp':  91 ,  'x':  0.14 ,  'y':  -2.75 ,  'r':  0.2 ,  'type':  1} ,  {'idp':  96 ,  'x':  -0.0 ,  'y':  -4.31 ,  'r':  0.2 ,  'type':  1}]
63135,1398777847.2116363,[{'idp':  91 ,  'x':  0.13 ,  'y':  -2.73 ,  'r':  0.2 ,  'type':  1} ,  {'idp':  96 ,  'x':  -0.0 ,  'y':  -4.31 ,  'r':  0.2 ,  'type':  1}]
63136,1398777847.2116656,[{'idp':  91 ,  'x':  0.13 ,  'y':  -2.73 ,  'r':  0.2 ,  'type':  1} ,  {'idp':  96 ,  'x':  -0.0 ,  'y':  -4.31 ,  'r':  0.2 ,  'type':  1}]
63137,1398777847.251605,[{'idp':  91 ,  'x':  0.12 ,  'y':  -2.72 ,  'r':  0.2 ,  'type':  1} ,  {'idp':  96 ,  'x':  -0.0 ,  'y':  -4.31 ,  'r':  0.2 ,  'type':  1}]
63138,1398777847.259242,[{'idp':  91 ,  'x':  0.12 ,  'y':  -2.71 ,  'r':  0.2 ,  'type':  1} ,  {'idp':  96 ,  'x':  -0.0 ,  'y':  -4.31 ,  'r':  0.2 ,  'type':  1}]
63139,1398777847.2956398,[{'idp':  91 ,  'x':  0.12 ,  'y':  -2.7 ,  'r':  0.2 ,  'type':  1} ,  {'idp':  96 ,  'x':  -0.0 ,  'y':  -4.31 ,  'r':  0.2 ,  'type':  1}]
63140,1398777847.3355718,[{'idp':  91 ,  'x':  0.12 ,  'y':  -2.69 ,  'r':  0.2 ,  'type':  1} ,  {'idp':  96 ,  'x':  -0.0 ,  'y':  -4.31 ,  'r':  0.2 ,  'type':  1}]
63141,1398777847.335602,[{'idp':  91 ,  'x':  0.11 ,  'y':  -2.67 ,  'r':  0.2 ,  'type':  1} ,  {'idp':  96 ,  'x':  -0.0 ,  'y':  -4.31 ,  'r':  0.2 ,  'type':  1}]
63142,1398777847.3756125,[{'idp':  91 ,  'x':  0.11 ,  'y':  -2.68 ,  'r':  0.2 ,  'type':  1} ,  {'idp':  96 ,  'x':  -0.0 ,  'y':  -4.31 ,  'r':  0.2 ,  'type':  1}]
63143,1398777847.3848357,[{'idp':  91 ,  'x':  0.09 ,  'y':  -2.67 ,  'r':  0.2 ,  'type':  1} ,  {'idp':  96 ,  'x':  -0.0 ,  'y':  -4.31 ,  'r':  0.2 ,  'type':  1}]
63144,1398777847.4237144,[{'idp':  91 ,  'x':  0.08 ,  'y':  -2.67 ,  'r':  0.2 ,  'type':  1} ,  {'idp':  96 ,  'x':  -0.0 ,  'y':  -4.31 ,  'r':  0.2 ,  'type':  1}]
63145,1398777847.4635882,[{'idp':  91 ,  'x':  0.09 ,  'y':  -2.66 ,  'r':  0.2 ,  'type':  1} ,  {'idp':  96 ,  'x':  -0.0 ,  'y':  -4.31 ,  'r':  0.2 ,  'type':  1}]
63146,1398777847.4636176,[{'idp':  91 ,  'x':  0.09 ,  'y':  -2.66 ,  'r':  0.2 ,  'type':  1} ,  {'idp':  96 ,  'x':  -0.0 ,  'y':  -4.31 ,  'r':  0.2 ,  'type':  1}]
63147,1398777847.5036175,[{'idp':  91 ,  'x':  0.09 ,  'y':  -2.65 ,  'r':  0.2 ,  'type':  1} ,  {'idp':  96 ,  'x':  -0.0 ,  'y':  -4.31 ,  'r':  0.2 ,  'type':  1}]
63148,1398777847.50978,[]
63149,1398777847.5476778,[]
63150,1398777847.5876043,[]
63151,1398777847.5876353,[]
63152,1398777847.6276126,[]
63153,1398777847.6360803,[]
63154,1398777847.675557,[]
63155,1398777847.715602,[]
63156,1398777847.7156837,[]
63157,1398777847.7557309,[]
63158,1398777847.7610543,[]
63159,1398777847.7996435,[]
63160,1398777847.83959,[]
63161,1398777847.8396122,[]
63162,1398777847.8796337,[]
63163,1398777847.8863113,[]
63164,1398777847.923634,[{'idp':  97 ,  'x':  6.58 ,  'y':  -0.02 ,  'r':  0.4 ,  'type':  1} ,  {'idp':  98 ,  'x':  4.99 ,  'y':  1.11 ,  'r':  0.4 ,  'type':  1}]
63165,1398777847.9637313,[{'idp':  97 ,  'x':  6.57 ,  'y':  -0.12 ,  'r':  0.4 ,  'type':  1} ,  {'idp':  98 ,  'x':  5.12 ,  'y':  1.09 ,  'r':  0.4 ,  'type':  1}]
63166,1398777847.9637725,[{'idp':  97 ,  'x':  6.53 ,  'y':  -0.17 ,  'r':  0.4 ,  'type':  1} ,  {'idp':  98 ,  'x':  5.1 ,  'y':  1.05 ,  'r':  0.4 ,  'type':  1}]
63167,1398777848.0036201,[{'idp':  97 ,  'x':  6.5 ,  'y':  -0.2 ,  'r':  0.4 ,  'type':  1} ,  {'idp':  98 ,  'x':  5.08 ,  'y':  1.07 ,  'r':  0.4 ,  'type':  1}]
63168,1398777848.0124402,[{'idp':  97 ,  'x':  6.45 ,  'y':  -0.17 ,  'r':  0.4 ,  'type':  1} ,  {'idp':  98 ,  'x':  5.08 ,  'y':  1.1 ,  'r':  0.4 ,  'type':  1}]
63169,1398777848.051636,[{'idp':  97 ,  'x':  6.42 ,  'y':  -0.1 ,  'r':  0.4 ,  'type':  1} ,  {'idp':  98 ,  'x':  5.05 ,  'y':  1.17 ,  'r':  0.4 ,  'type':  1}]
63170,1398777848.0915685,[{'idp':  97 ,  'x':  6.38 ,  'y':  -0.04 ,  'r':  0.4 ,  'type':  1} ,  {'idp':  98 ,  'x':  5.03 ,  'y':  1.24 ,  'r':  0.4 ,  'type':  1}]
63171,1398777848.091606,[{'idp':  97 ,  'x':  6.35 ,  'y':  -0.03 ,  'r':  0.4 ,  'type':  1} ,  {'idp':  98 ,  'x':  5.0 ,  'y':  1.25 ,  'r':  0.4 ,  'type':  1}]
63172,1398777848.1316137,[{'idp':  97 ,  'x':  6.31 ,  'y':  -0.04 ,  'r':  0.4 ,  'type':  1} ,  {'idp':  98 ,  'x':  4.99 ,  'y':  1.24 ,  'r':  0.4 ,  'type':  1}]
63173,1398777848.1375473,[{'idp':  97 ,  'x':  6.27 ,  'y':  -0.07 ,  'r':  0.4 ,  'type':  1} ,  {'idp':  98 ,  'x':  4.96 ,  'y':  1.24 ,  'r':  0.4 ,  'type':  1}]
63174,1398777848.1756082,[{'idp':  97 ,  'x':  6.23 ,  'y':  -0.06 ,  'r':  0.4 ,  'type':  1} ,  {'idp':  98 ,  'x':  4.92 ,  'y':  1.25 ,  'r':  0.4 ,  'type':  1}]
63175,1398777848.2156537,[{'idp':  97 ,  'x':  6.18 ,  'y':  -0.05 ,  'r':  0.4 ,  'type':  1} ,  {'idp':  98 ,  'x':  4.87 ,  'y':  1.24 ,  'r':  0.4 ,  'type':  1}]
63176,1398777848.2157176,[{'idp':  97 ,  'x':  6.14 ,  'y':  -0.05 ,  'r':  0.4 ,  'type':  1} ,  {'idp':  98 ,  'x':  4.85 ,  'y':  1.26 ,  'r':  0.4 ,  'type':  1}]
63177,1398777848.255746,[{'idp':  97 ,  'x':  6.1 ,  'y':  -0.05 ,  'r':  0.4 ,  'type':  1} ,  {'idp':  98 ,  'x':  4.82 ,  'y':  1.27 ,  'r':  0.4 ,  'type':  1}]
63178,1398777848.2628036,[{'idp':  97 ,  'x':  6.07 ,  'y':  -0.05 ,  'r':  0.4 ,  'type':  1} ,  {'idp':  98 ,  'x':  4.79 ,  'y':  1.27 ,  'r':  0.4 ,  'type':  1}]
63179,1398777848.2996092,[{'idp':  97 ,  'x':  6.04 ,  'y':  -0.07 ,  'r':  0.4 ,  'type':  1} ,  {'idp':  98 ,  'x':  4.78 ,  'y':  1.29 ,  'r':  0.4 ,  'type':  1}]
63180,1398777848.3395982,[{'idp':  97 ,  'x':  6.01 ,  'y':  -0.07 ,  'r':  0.4 ,  'type':  1} ,  {'idp':  98 ,  'x':  4.75 ,  'y':  1.28 ,  'r':  0.4 ,  'type':  1}]
63181,1398777848.339665,[{'idp':  97 ,  'x':  5.99 ,  'y':  -0.06 ,  'r':  0.4 ,  'type':  1} ,  {'idp':  98 ,  'x':  4.72 ,  'y':  1.28 ,  'r':  0.4 ,  'type':  1}]
63182,1398777848.3796196,[{'idp':  97 ,  'x':  5.95 ,  'y':  -0.04 ,  'r':  0.4 ,  'type':  1} ,  {'idp':  98 ,  'x':  4.69 ,  'y':  1.31 ,  'r':  0.4 ,  'type':  1}]
63183,1398777848.3903592,[{'idp':  97 ,  'x':  5.93 ,  'y':  0.0 ,  'r':  0.4 ,  'type':  1} ,  {'idp':  98 ,  'x':  4.66 ,  'y':  1.33 ,  'r':  0.4 ,  'type':  1}]
63184,1398777848.4275463,[{'idp':  97 ,  'x':  5.9 ,  'y':  0.03 ,  'r':  0.4 ,  'type':  1} ,  {'idp':  98 ,  'x':  4.64 ,  'y':  1.34 ,  'r':  0.4 ,  'type':  1}]
63185,1398777848.4676468,[{'idp':  97 ,  'x':  5.86 ,  'y':  0.01 ,  'r':  0.4 ,  'type':  1} ,  {'idp':  98 ,  'x':  4.61 ,  'y':  1.33 ,  'r':  0.4 ,  'type':  1}]
63186,1398777848.4677348,[{'idp':  97 ,  'x':  5.83 ,  'y':  0.03 ,  'r':  0.4 ,  'type':  1} ,  {'idp':  98 ,  'x':  4.58 ,  'y':  1.34 ,  'r':  0.4 ,  'type':  1}]
63187,1398777848.5075874,[{'idp':  97 ,  'x':  5.8 ,  'y':  0.04 ,  'r':  0.4 ,  'type':  1} ,  {'idp':  98 ,  'x':  4.56 ,  'y':  1.35 ,  'r':  0.4 ,  'type':  1}]
63188,1398777848.5147152,[{'idp':  97 ,  'x':  5.77 ,  'y':  0.06 ,  'r':  0.4 ,  'type':  1} ,  {'idp':  98 ,  'x':  4.53 ,  'y':  1.36 ,  'r':  0.4 ,  'type':  1}]
63189,1398777848.5516083,[{'idp':  97 ,  'x':  5.73 ,  'y':  0.08 ,  'r':  0.4 ,  'type':  1} ,  {'idp':  98 ,  'x':  4.5 ,  'y':  1.38 ,  'r':  0.4 ,  'type':  1}]
63190,1398777848.5915449,[{'idp':  97 ,  'x':  5.72 ,  'y':  0.08 ,  'r':  0.4 ,  'type':  1} ,  {'idp':  98 ,  'x':  4.48 ,  'y':  1.37 ,  'r':  0.4 ,  'type':  1}]
63191,1398777848.5915742,[{'idp':  97 ,  'x':  5.69 ,  'y':  0.08 ,  'r':  0.4 ,  'type':  1} ,  {'idp':  98 ,  'x':  4.45 ,  'y':  1.37 ,  'r':  0.4 ,  'type':  1}]
63192,1398777848.6316257,[{'idp':  97 ,  'x':  5.67 ,  'y':  0.1 ,  'r':  0.4 ,  'type':  1} ,  {'idp':  98 ,  'x':  4.4 ,  'y':  1.4 ,  'r':  0.4 ,  'type':  1}]
63193,1398777848.6387324,[{'idp':  97 ,  'x':  5.65 ,  'y':  0.1 ,  'r':  0.4 ,  'type':  1} ,  {'idp':  98 ,  'x':  4.36 ,  'y':  1.42 ,  'r':  0.4 ,  'type':  1}]
63194,1398777848.675581,[{'idp':  97 ,  'x':  5.61 ,  'y':  0.09 ,  'r':  0.4 ,  'type':  1} ,  {'idp':  98 ,  'x':  4.35 ,  'y':  1.41 ,  'r':  0.4 ,  'type':  1}]
63195,1398777848.7156312,[{'idp':  97 ,  'x':  5.57 ,  'y':  0.09 ,  'r':  0.4 ,  'type':  1} ,  {'idp':  98 ,  'x':  4.33 ,  'y':  1.4 ,  'r':  0.4 ,  'type':  1}]
63196,1398777848.7156658,[{'idp':  97 ,  'x':  5.51 ,  'y':  0.08 ,  'r':  0.4 ,  'type':  1} ,  {'idp':  98 ,  'x':  4.32 ,  'y':  1.39 ,  'r':  0.4 ,  'type':  1}]
63197,1398777848.7556329,[{'idp':  97 ,  'x':  5.44 ,  'y':  0.11 ,  'r':  0.4 ,  'type':  1} ,  {'idp':  98 ,  'x':  4.3 ,  'y':  1.42 ,  'r':  0.4 ,  'type':  1}]
63198,1398777848.7646842,[{'idp':  97 ,  'x':  5.39 ,  'y':  0.12 ,  'r':  0.4 ,  'type':  1} ,  {'idp':  98 ,  'x':  4.27 ,  'y':  1.44 ,  'r':  0.4 ,  'type':  1}]
63199,1398777848.803574,[{'idp':  97 ,  'x':  5.37 ,  'y':  0.14 ,  'r':  0.4 ,  'type':  1} ,  {'idp':  98 ,  'x':  4.22 ,  'y':  1.44 ,  'r':  0.4 ,  'type':  1}]
63200,1398777848.8436859,[{'idp':  97 ,  'x':  5.37 ,  'y':  0.15 ,  'r':  0.4 ,  'type':  1} ,  {'idp':  98 ,  'x':  4.18 ,  'y':  1.47 ,  'r':  0.4 ,  'type':  1}]
63201,1398777848.8437045,[{'idp':  97 ,  'x':  5.32 ,  'y':  0.15 ,  'r':  0.4 ,  'type':  1} ,  {'idp':  98 ,  'x':  4.14 ,  'y':  1.48 ,  'r':  0.4 ,  'type':  1}]
63202,1398777848.883643,[{'idp':  97 ,  'x':  5.32 ,  'y':  0.16 ,  'r':  0.4 ,  'type':  1} ,  {'idp':  98 ,  'x':  4.13 ,  'y':  1.49 ,  'r':  0.4 ,  'type':  1}]
63203,1398777848.889943,[{'idp':  97 ,  'x':  5.3 ,  'y':  0.16 ,  'r':  0.4 ,  'type':  1} ,  {'idp':  98 ,  'x':  4.1 ,  'y':  1.5 ,  'r':  0.4 ,  'type':  1}]
63204,1398777848.9275882,[{'idp':  97 ,  'x':  5.27 ,  'y':  0.16 ,  'r':  0.4 ,  'type':  1} ,  {'idp':  98 ,  'x':  4.07 ,  'y':  1.51 ,  'r':  0.4 ,  'type':  1}]
63205,1398777848.967566,[{'idp':  97 ,  'x':  5.24 ,  'y':  0.17 ,  'r':  0.4 ,  'type':  1} ,  {'idp':  98 ,  'x':  4.03 ,  'y':  1.53 ,  'r':  0.4 ,  'type':  1}]
63206,1398777848.967595,[{'idp':  97 ,  'x':  5.18 ,  'y':  0.21 ,  'r':  0.4 ,  'type':  1} ,  {'idp':  98 ,  'x':  4.01 ,  'y':  1.57 ,  'r':  0.4 ,  'type':  1}]
63207,1398777849.0076013,[{'idp':  97 ,  'x':  5.17 ,  'y':  0.24 ,  'r':  0.4 ,  'type':  1} ,  {'idp':  98 ,  'x':  4.0 ,  'y':  1.59 ,  'r':  0.4 ,  'type':  1}]
63208,1398777849.0157194,[{'idp':  97 ,  'x':  5.13 ,  'y':  0.24 ,  'r':  0.4 ,  'type':  1} ,  {'idp':  98 ,  'x':  4.0 ,  'y':  1.57 ,  'r':  0.4 ,  'type':  1}]
63209,1398777849.0555558,[{'idp':  97 ,  'x':  5.15 ,  'y':  0.24 ,  'r':  0.4 ,  'type':  1} ,  {'idp':  98 ,  'x':  3.98 ,  'y':  1.57 ,  'r':  0.4 ,  'type':  1}]
63210,1398777849.0956647,[{'idp':  97 ,  'x':  5.14 ,  'y':  0.25 ,  'r':  0.4 ,  'type':  1} ,  {'idp':  98 ,  'x':  3.97 ,  'y':  1.59 ,  'r':  0.4 ,  'type':  1}]
63211,1398777849.095699,[{'idp':  97 ,  'x':  5.12 ,  'y':  0.27 ,  'r':  0.4 ,  'type':  1} ,  {'idp':  98 ,  'x':  3.94 ,  'y':  1.59 ,  'r':  0.4 ,  'type':  1}]
63212,1398777849.1356928,[{'idp':  97 ,  'x':  5.11 ,  'y':  0.29 ,  'r':  0.4 ,  'type':  1} ,  {'idp':  98 ,  'x':  3.92 ,  'y':  1.62 ,  'r':  0.4 ,  'type':  1}]
63213,1398777849.1406982,[{'idp':  97 ,  'x':  5.09 ,  'y':  0.3 ,  'r':  0.4 ,  'type':  1} ,  {'idp':  98 ,  'x':  3.89 ,  'y':  1.65 ,  'r':  0.4 ,  'type':  1}]
63214,1398777849.1796055,[{'idp':  97 ,  'x':  5.08 ,  'y':  0.31 ,  'r':  0.4 ,  'type':  1} ,  {'idp':  98 ,  'x':  3.87 ,  'y':  1.65 ,  'r':  0.4 ,  'type':  1}]
63215,1398777849.2195704,[{'idp':  97 ,  'x':  5.06 ,  'y':  0.31 ,  'r':  0.4 ,  'type':  1} ,  {'idp':  98 ,  'x':  3.88 ,  'y':  1.64 ,  'r':  0.4 ,  'type':  1}]
63216,1398777849.2196035,[{'idp':  97 ,  'x':  5.04 ,  'y':  0.32 ,  'r':  0.4 ,  'type':  1} ,  {'idp':  98 ,  'x':  3.86 ,  'y':  1.66 ,  'r':  0.4 ,  'type':  1}]
63217,1398777849.2595975,[{'idp':  97 ,  'x':  5.0 ,  'y':  0.32 ,  'r':  0.4 ,  'type':  1} ,  {'idp':  98 ,  'x':  3.82 ,  'y':  1.65 ,  'r':  0.4 ,  'type':  1}]
63218,1398777849.2668009,[{'idp':  97 ,  'x':  4.96 ,  'y':  0.33 ,  'r':  0.4 ,  'type':  1} ,  {'idp':  98 ,  'x':  3.79 ,  'y':  1.65 ,  'r':  0.4 ,  'type':  1}]
63219,1398777849.303584,[{'idp':  97 ,  'x':  4.92 ,  'y':  0.36 ,  'r':  0.4 ,  'type':  1} ,  {'idp':  98 ,  'x':  3.79 ,  'y':  1.68 ,  'r':  0.4 ,  'type':  1}]
63220,1398777849.3436146,[{'idp':  97 ,  'x':  4.89 ,  'y':  0.36 ,  'r':  0.4 ,  'type':  1} ,  {'idp':  98 ,  'x':  3.73 ,  'y':  1.71 ,  'r':  0.4 ,  'type':  1}]
63221,1398777849.3436453,[{'idp':  97 ,  'x':  4.85 ,  'y':  0.38 ,  'r':  0.4 ,  'type':  1} ,  {'idp':  98 ,  'x':  3.67 ,  'y':  1.73 ,  'r':  0.4 ,  'type':  1}]
63222,1398777849.3836048,[{'idp':  97 ,  'x':  4.83 ,  'y':  0.4 ,  'r':  0.4 ,  'type':  1} ,  {'idp':  98 ,  'x':  3.63 ,  'y':  1.73 ,  'r':  0.4 ,  'type':  1}]
63223,1398777849.3913116,[{'idp':  97 ,  'x':  4.8 ,  'y':  0.41 ,  'r':  0.4 ,  'type':  1} ,  {'idp':  98 ,  'x':  3.6 ,  'y':  1.73 ,  'r':  0.4 ,  'type':  1}]
63224,1398777849.4276047,[{'idp':  97 ,  'x':  4.77 ,  'y':  0.4 ,  'r':  0.4 ,  'type':  1} ,  {'idp':  98 ,  'x':  3.56 ,  'y':  1.72 ,  'r':  0.4 ,  'type':  1}]
63225,1398777849.4676008,[{'idp':  97 ,  'x':  4.75 ,  'y':  0.39 ,  'r':  0.4 ,  'type':  1} ,  {'idp':  98 ,  'x':  3.54 ,  'y':  1.74 ,  'r':  0.4 ,  'type':  1}]
63226,1398777849.4676297,[{'idp':  97 ,  'x':  4.72 ,  'y':  0.41 ,  'r':  0.4 ,  'type':  1} ,  {'idp':  98 ,  'x':  3.46 ,  'y':  1.74 ,  'r':  0.4 ,  'type':  1}]
63227,1398777849.5076036,[{'idp':  97 ,  'x':  4.69 ,  'y':  0.44 ,  'r':  0.4 ,  'type':  1} ,  {'idp':  98 ,  'x':  3.39 ,  'y':  1.75 ,  'r':  0.4 ,  'type':  1}]
63228,1398777849.5169733,[{'idp':  97 ,  'x':  4.66 ,  'y':  0.44 ,  'r':  0.4 ,  'type':  1} ,  {'idp':  98 ,  'x':  3.39 ,  'y':  1.78 ,  'r':  0.4 ,  'type':  1}]
63229,1398777849.5555902,[{'idp':  97 ,  'x':  4.64 ,  'y':  0.46 ,  'r':  0.4 ,  'type':  1} ,  {'idp':  98 ,  'x':  3.39 ,  'y':  1.82 ,  'r':  0.4 ,  'type':  1}]
63230,1398777849.5956135,[{'idp':  97 ,  'x':  4.62 ,  'y':  0.48 ,  'r':  0.4 ,  'type':  1} ,  {'idp':  98 ,  'x':  3.37 ,  'y':  1.84 ,  'r':  0.4 ,  'type':  1}]
63231,1398777849.5956411,[{'idp':  97 ,  'x':  4.6 ,  'y':  0.48 ,  'r':  0.4 ,  'type':  1} ,  {'idp':  98 ,  'x':  3.36 ,  'y':  1.86 ,  'r':  0.4 ,  'type':  1}]
63232,1398777849.6355948,[{'idp':  97 ,  'x':  4.57 ,  'y':  0.49 ,  'r':  0.4 ,  'type':  1} ,  {'idp':  98 ,  'x':  3.35 ,  'y':  1.9 ,  'r':  0.4 ,  'type':  1}]
63233,1398777849.6425588,[{'idp':  97 ,  'x':  4.55 ,  'y':  0.49 ,  'r':  0.4 ,  'type':  1} ,  {'idp':  98 ,  'x':  3.31 ,  'y':  1.93 ,  'r':  0.4 ,  'type':  1}]
63234,1398777849.679573,[{'idp':  97 ,  'x':  4.51 ,  'y':  0.52 ,  'r':  0.4 ,  'type':  1} ,  {'idp':  98 ,  'x':  3.26 ,  'y':  1.95 ,  'r':  0.4 ,  'type':  1}]
63235,1398777849.7196019,[{'idp':  97 ,  'x':  4.5 ,  'y':  0.52 ,  'r':  0.4 ,  'type':  1} ,  {'idp':  98 ,  'x':  3.22 ,  'y':  1.92 ,  'r':  0.4 ,  'type':  1}]
63236,1398777849.719635,[{'idp':  97 ,  'x':  4.47 ,  'y':  0.53 ,  'r':  0.4 ,  'type':  1} ,  {'idp':  98 ,  'x':  3.2 ,  'y':  1.95 ,  'r':  0.4 ,  'type':  1}]
63237,1398777849.7595997,[{'idp':  97 ,  'x':  4.44 ,  'y':  0.54 ,  'r':  0.4 ,  'type':  1} ,  {'idp':  98 ,  'x':  3.17 ,  'y':  1.98 ,  'r':  0.4 ,  'type':  1}]
63238,1398777849.767478,[{'idp':  97 ,  'x':  4.41 ,  'y':  0.55 ,  'r':  0.4 ,  'type':  1} ,  {'idp':  98 ,  'x':  3.13 ,  'y':  1.98 ,  'r':  0.4 ,  'type':  1}]
63239,1398777849.8036072,[{'idp':  97 ,  'x':  4.38 ,  'y':  0.55 ,  'r':  0.4 ,  'type':  1} ,  {'idp':  98 ,  'x':  3.11 ,  'y':  1.97 ,  'r':  0.4 ,  'type':  1}]
63240,1398777849.8435953,[{'idp':  97 ,  'x':  4.35 ,  'y':  0.54 ,  'r':  0.4 ,  'type':  1} ,  {'idp':  98 ,  'x':  3.12 ,  'y':  1.97 ,  'r':  0.4 ,  'type':  1}]
63241,1398777849.8436239,[{'idp':  97 ,  'x':  4.32 ,  'y':  0.55 ,  'r':  0.4 ,  'type':  1} ,  {'idp':  98 ,  'x':  3.11 ,  'y':  1.97 ,  'r':  0.4 ,  'type':  1}]
63242,1398777849.883657,[{'idp':  97 ,  'x':  4.29 ,  'y':  0.57 ,  'r':  0.4 ,  'type':  1} ,  {'idp':  98 ,  'x':  3.09 ,  'y':  1.99 ,  'r':  0.4 ,  'type':  1}]
63243,1398777849.892851,[{'idp':  97 ,  'x':  4.27 ,  'y':  0.62 ,  'r':  0.4 ,  'type':  1} ,  {'idp':  98 ,  'x':  3.07 ,  'y':  2.03 ,  'r':  0.4 ,  'type':  1}]
63244,1398777849.931641,[{'idp':  97 ,  'x':  4.22 ,  'y':  0.65 ,  'r':  0.4 ,  'type':  1} ,  {'idp':  98 ,  'x':  3.02 ,  'y':  2.04 ,  'r':  0.4 ,  'type':  1}]
63245,1398777849.9716694,[{'idp':  97 ,  'x':  4.19 ,  'y':  0.66 ,  'r':  0.4 ,  'type':  1} ,  {'idp':  98 ,  'x':  3.02 ,  'y':  2.05 ,  'r':  0.4 ,  'type':  1}]
63246,1398777849.9717045,[{'idp':  97 ,  'x':  4.17 ,  'y':  0.65 ,  'r':  0.4 ,  'type':  1} ,  {'idp':  98 ,  'x':  3.0 ,  'y':  2.05 ,  'r':  0.4 ,  'type':  1}]
63247,1398777850.0116448,[{'idp':  97 ,  'x':  4.14 ,  'y':  0.66 ,  'r':  0.4 ,  'type':  1} ,  {'idp':  98 ,  'x':  2.99 ,  'y':  2.06 ,  'r':  0.4 ,  'type':  1}]
63248,1398777850.0180113,[{'idp':  97 ,  'x':  4.11 ,  'y':  0.66 ,  'r':  0.4 ,  'type':  1} ,  {'idp':  98 ,  'x':  2.96 ,  'y':  2.02 ,  'r':  0.4 ,  'type':  1}]
63249,1398777850.0555897,[{'idp':  97 ,  'x':  4.07 ,  'y':  0.66 ,  'r':  0.4 ,  'type':  1} ,  {'idp':  98 ,  'x':  2.93 ,  'y':  2.01 ,  'r':  0.4 ,  'type':  1}]
63250,1398777850.0955737,[{'idp':  97 ,  'x':  4.03 ,  'y':  0.67 ,  'r':  0.4 ,  'type':  1} ,  {'idp':  98 ,  'x':  2.91 ,  'y':  2.02 ,  'r':  0.4 ,  'type':  1}]
63251,1398777850.0956068,[{'idp':  97 ,  'x':  3.99 ,  'y':  0.7 ,  'r':  0.4 ,  'type':  1} ,  {'idp':  98 ,  'x':  2.88 ,  'y':  2.06 ,  'r':  0.4 ,  'type':  1}]
63252,1398777850.1356075,[{'idp':  97 ,  'x':  3.92 ,  'y':  0.71 ,  'r':  0.4 ,  'type':  1} ,  {'idp':  98 ,  'x':  2.84 ,  'y':  2.06 ,  'r':  0.4 ,  'type':  1}]
63253,1398777850.1434855,[{'idp':  97 ,  'x':  3.9 ,  'y':  0.72 ,  'r':  0.4 ,  'type':  1} ,  {'idp':  98 ,  'x':  2.82 ,  'y':  2.08 ,  'r':  0.4 ,  'type':  1}]
63254,1398777850.1795924,[{'idp':  97 ,  'x':  3.87 ,  'y':  0.71 ,  'r':  0.4 ,  'type':  1} ,  {'idp':  98 ,  'x':  2.81 ,  'y':  2.07 ,  'r':  0.4 ,  'type':  1}]
63255,1398777850.219552,[{'idp':  97 ,  'x':  3.88 ,  'y':  0.69 ,  'r':  0.4 ,  'type':  1} ,  {'idp':  98 ,  'x':  2.81 ,  'y':  2.06 ,  'r':  0.4 ,  'type':  1}]
63256,1398777850.2595541,[{'idp':  97 ,  'x':  3.88 ,  'y':  0.66 ,  'r':  0.4 ,  'type':  1} ,  {'idp':  98 ,  'x':  2.79 ,  'y':  2.04 ,  'r':  0.4 ,  'type':  1}]
63257,1398777850.2595842,[{'idp':  97 ,  'x':  3.88 ,  'y':  0.63 ,  'r':  0.4 ,  'type':  1} ,  {'idp':  98 ,  'x':  2.79 ,  'y':  2.03 ,  'r':  0.4 ,  'type':  1}]
63258,1398777850.299564,[{'idp':  97 ,  'x':  3.84 ,  'y':  0.63 ,  'r':  0.4 ,  'type':  1} ,  {'idp':  98 ,  'x':  2.69 ,  'y':  1.98 ,  'r':  0.4 ,  'type':  1}]
63259,1398777850.2995923,[{'idp':  97 ,  'x':  3.82 ,  'y':  0.64 ,  'r':  0.4 ,  'type':  1} ,  {'idp':  98 ,  'x':  2.71 ,  'y':  2.05 ,  'r':  0.4 ,  'type':  1}]
63260,1398777850.3396404,[{'idp':  97 ,  'x':  3.79 ,  'y':  0.64 ,  'r':  0.4 ,  'type':  1} ,  {'idp':  98 ,  'x':  2.68 ,  'y':  2.05 ,  'r':  0.4 ,  'type':  1}]
63261,1398777850.3457303,[{'idp':  97 ,  'x':  3.79 ,  'y':  0.62 ,  'r':  0.4 ,  'type':  1} ,  {'idp':  98 ,  'x':  2.7 ,  'y':  2.07 ,  'r':  0.4 ,  'type':  1}]
63262,1398777850.383594,[{'idp':  97 ,  'x':  3.8 ,  'y':  0.59 ,  'r':  0.4 ,  'type':  1} ,  {'idp':  98 ,  'x':  2.69 ,  'y':  2.05 ,  'r':  0.4 ,  'type':  1}]
63263,1398777850.4235892,[{'idp':  97 ,  'x':  3.75 ,  'y':  0.57 ,  'r':  0.4 ,  'type':  1} ,  {'idp':  98 ,  'x':  2.71 ,  'y':  2.06 ,  'r':  0.4 ,  'type':  1}]
63264,1398777850.423623,[{'idp':  97 ,  'x':  3.73 ,  'y':  0.55 ,  'r':  0.4 ,  'type':  1} ,  {'idp':  98 ,  'x':  2.69 ,  'y':  2.05 ,  'r':  0.4 ,  'type':  1}]
63265,1398777850.4636545,[{'idp':  97 ,  'x':  3.69 ,  'y':  0.56 ,  'r':  0.4 ,  'type':  1} ,  {'idp':  98 ,  'x':  2.68 ,  'y':  2.07 ,  'r':  0.4 ,  'type':  1}]
63266,1398777850.4725144,[{'idp':  97 ,  'x':  3.68 ,  'y':  0.54 ,  'r':  0.4 ,  'type':  1} ,  {'idp':  98 ,  'x':  2.66 ,  'y':  2.06 ,  'r':  0.4 ,  'type':  1}]
63267,1398777850.5116003,[{'idp':  97 ,  'x':  3.68 ,  'y':  0.52 ,  'r':  0.4 ,  'type':  1} ,  {'idp':  98 ,  'x':  2.65 ,  'y':  2.04 ,  'r':  0.4 ,  'type':  1}]
63268,1398777850.5516217,[{'idp':  97 ,  'x':  3.64 ,  'y':  0.51 ,  'r':  0.4 ,  'type':  1} ,  {'idp':  98 ,  'x':  2.63 ,  'y':  2.03 ,  'r':  0.4 ,  'type':  1}]
63269,1398777850.551653,[{'idp':  97 ,  'x':  3.6 ,  'y':  0.49 ,  'r':  0.4 ,  'type':  1} ,  {'idp':  98 ,  'x':  2.63 ,  'y':  2.0 ,  'r':  0.4 ,  'type':  1}]
63270,1398777850.5916803,[{'idp':  97 ,  'x':  3.59 ,  'y':  0.46 ,  'r':  0.4 ,  'type':  1} ,  {'idp':  98 ,  'x':  2.64 ,  'y':  2.01 ,  'r':  0.4 ,  'type':  1}]
63271,1398777850.5982487,[{'idp':  97 ,  'x':  3.55 ,  'y':  0.46 ,  'r':  0.4 ,  'type':  1} ,  {'idp':  98 ,  'x':  2.62 ,  'y':  1.98 ,  'r':  0.4 ,  'type':  1}]
63272,1398777850.6355808,[{'idp':  97 ,  'x':  3.53 ,  'y':  0.44 ,  'r':  0.4 ,  'type':  1} ,  {'idp':  98 ,  'x':  2.61 ,  'y':  1.96 ,  'r':  0.4 ,  'type':  1}]
63273,1398777850.6755292,[{'idp':  97 ,  'x':  3.5 ,  'y':  0.42 ,  'r':  0.4 ,  'type':  1} ,  {'idp':  98 ,  'x':  2.6 ,  'y':  1.97 ,  'r':  0.4 ,  'type':  1}]
63274,1398777850.6755624,[{'idp':  97 ,  'x':  3.49 ,  'y':  0.39 ,  'r':  0.4 ,  'type':  1} ,  {'idp':  98 ,  'x':  2.6 ,  'y':  1.94 ,  'r':  0.4 ,  'type':  1}]
63275,1398777850.715647,[{'idp':  97 ,  'x':  3.48 ,  'y':  0.36 ,  'r':  0.4 ,  'type':  1} ,  {'idp':  98 ,  'x':  2.59 ,  'y':  1.92 ,  'r':  0.4 ,  'type':  1}]
63276,1398777850.7229433,[{'idp':  97 ,  'x':  3.44 ,  'y':  0.35 ,  'r':  0.4 ,  'type':  1} ,  {'idp':  98 ,  'x':  2.61 ,  'y':  1.91 ,  'r':  0.4 ,  'type':  1}]
63277,1398777850.7595317,[{'idp':  97 ,  'x':  3.39 ,  'y':  0.35 ,  'r':  0.4 ,  'type':  1} ,  {'idp':  98 ,  'x':  2.62 ,  'y':  1.9 ,  'r':  0.4 ,  'type':  1}]
63278,1398777850.7995899,[{'idp':  97 ,  'x':  3.4 ,  'y':  0.35 ,  'r':  0.4 ,  'type':  1} ,  {'idp':  98 ,  'x':  2.61 ,  'y':  1.9 ,  'r':  0.4 ,  'type':  1}]
63279,1398777850.7996178,[{'idp':  97 ,  'x':  3.39 ,  'y':  0.36 ,  'r':  0.4 ,  'type':  1} ,  {'idp':  98 ,  'x':  2.6 ,  'y':  1.91 ,  'r':  0.4 ,  'type':  1}]
63280,1398777850.8395865,[{'idp':  97 ,  'x':  3.37 ,  'y':  0.34 ,  'r':  0.4 ,  'type':  1} ,  {'idp':  98 ,  'x':  2.58 ,  'y':  1.88 ,  'r':  0.4 ,  'type':  1}]
63281,1398777850.8466375,[{'idp':  97 ,  'x':  3.36 ,  'y':  0.33 ,  'r':  0.4 ,  'type':  1} ,  {'idp':  98 ,  'x':  2.58 ,  'y':  1.87 ,  'r':  0.4 ,  'type':  1}]
63282,1398777850.8836098,[{'idp':  97 ,  'x':  3.33 ,  'y':  0.33 ,  'r':  0.4 ,  'type':  1} ,  {'idp':  98 ,  'x':  2.56 ,  'y':  1.85 ,  'r':  0.4 ,  'type':  1}]
63283,1398777850.9236088,[{'idp':  97 ,  'x':  3.31 ,  'y':  0.31 ,  'r':  0.4 ,  'type':  1} ,  {'idp':  98 ,  'x':  2.58 ,  'y':  1.84 ,  'r':  0.4 ,  'type':  1}]
63284,1398777850.9236376,[{'idp':  97 ,  'x':  3.29 ,  'y':  0.3 ,  'r':  0.4 ,  'type':  1} ,  {'idp':  98 ,  'x':  2.58 ,  'y':  1.85 ,  'r':  0.4 ,  'type':  1}]
63285,1398777850.963607,[{'idp':  97 ,  'x':  3.25 ,  'y':  0.3 ,  'r':  0.4 ,  'type':  1} ,  {'idp':  98 ,  'x':  2.54 ,  'y':  1.82 ,  'r':  0.4 ,  'type':  1}]
63286,1398777850.9714613,[{'idp':  97 ,  'x':  3.22 ,  'y':  0.29 ,  'r':  0.4 ,  'type':  1} ,  {'idp':  98 ,  'x':  2.51 ,  'y':  1.81 ,  'r':  0.4 ,  'type':  1}]
63287,1398777851.0075877,[{'idp':  97 ,  'x':  3.19 ,  'y':  0.28 ,  'r':  0.4 ,  'type':  1} ,  {'idp':  98 ,  'x':  2.48 ,  'y':  1.8 ,  'r':  0.4 ,  'type':  1}]
63288,1398777851.0475864,[{'idp':  97 ,  'x':  3.16 ,  'y':  0.26 ,  'r':  0.4 ,  'type':  1} ,  {'idp':  98 ,  'x':  2.46 ,  'y':  1.8 ,  'r':  0.4 ,  'type':  1}]
63289,1398777851.0476174,[{'idp':  97 ,  'x':  3.14 ,  'y':  0.25 ,  'r':  0.4 ,  'type':  1} ,  {'idp':  98 ,  'x':  2.42 ,  'y':  1.77 ,  'r':  0.4 ,  'type':  1}]
63290,1398777851.0876944,[{'idp':  97 ,  'x':  3.11 ,  'y':  0.25 ,  'r':  0.4 ,  'type':  1} ,  {'idp':  98 ,  'x':  2.46 ,  'y':  1.79 ,  'r':  0.4 ,  'type':  1}]
63291,1398777851.0964563,[{'idp':  97 ,  'x':  3.09 ,  'y':  0.23 ,  'r':  0.4 ,  'type':  1} ,  {'idp':  98 ,  'x':  2.45 ,  'y':  1.79 ,  'r':  0.4 ,  'type':  1}]
63292,1398777851.1355643,[{'idp':  97 ,  'x':  3.07 ,  'y':  0.19 ,  'r':  0.4 ,  'type':  1} ,  {'idp':  98 ,  'x':  2.44 ,  'y':  1.78 ,  'r':  0.4 ,  'type':  1}]
63293,1398777851.1755784,[{'idp':  97 ,  'x':  3.05 ,  'y':  0.19 ,  'r':  0.4 ,  'type':  1} ,  {'idp':  98 ,  'x':  2.43 ,  'y':  1.78 ,  'r':  0.4 ,  'type':  1}]
63294,1398777851.175609,[{'idp':  97 ,  'x':  3.03 ,  'y':  0.17 ,  'r':  0.4 ,  'type':  1} ,  {'idp':  98 ,  'x':  2.42 ,  'y':  1.79 ,  'r':  0.4 ,  'type':  1}]
63295,1398777851.2156613,[{'idp':  97 ,  'x':  3.01 ,  'y':  0.18 ,  'r':  0.4 ,  'type':  1} ,  {'idp':  98 ,  'x':  2.41 ,  'y':  1.8 ,  'r':  0.4 ,  'type':  1}]
63296,1398777851.2223256,[{'idp':  97 ,  'x':  2.99 ,  'y':  0.17 ,  'r':  0.4 ,  'type':  1} ,  {'idp':  98 ,  'x':  2.4 ,  'y':  1.78 ,  'r':  0.4 ,  'type':  1}]
63297,1398777851.259558,[{'idp':  97 ,  'x':  2.97 ,  'y':  0.16 ,  'r':  0.4 ,  'type':  1} ,  {'idp':  98 ,  'x':  2.39 ,  'y':  1.78 ,  'r':  0.4 ,  'type':  1}]
63298,1398777851.299677,[{'idp':  97 ,  'x':  2.94 ,  'y':  0.15 ,  'r':  0.4 ,  'type':  1} ,  {'idp':  98 ,  'x':  2.38 ,  'y':  1.76 ,  'r':  0.4 ,  'type':  1}]
63299,1398777851.2997072,[{'idp':  97 ,  'x':  2.92 ,  'y':  0.14 ,  'r':  0.4 ,  'type':  1} ,  {'idp':  98 ,  'x':  2.38 ,  'y':  1.75 ,  'r':  0.4 ,  'type':  1}]
63300,1398777851.3395994,[{'idp':  97 ,  'x':  2.9 ,  'y':  0.13 ,  'r':  0.4 ,  'type':  1} ,  {'idp':  98 ,  'x':  2.37 ,  'y':  1.74 ,  'r':  0.4 ,  'type':  1}]
63301,1398777851.3477077,[{'idp':  97 ,  'x':  2.89 ,  'y':  0.13 ,  'r':  0.4 ,  'type':  1} ,  {'idp':  98 ,  'x':  2.37 ,  'y':  1.72 ,  'r':  0.4 ,  'type':  1}]
63302,1398777851.3876708,[{'idp':  97 ,  'x':  2.86 ,  'y':  0.11 ,  'r':  0.4 ,  'type':  1} ,  {'idp':  98 ,  'x':  2.36 ,  'y':  1.72 ,  'r':  0.4 ,  'type':  1}]
63303,1398777851.4275835,[{'idp':  97 ,  'x':  2.84 ,  'y':  0.1 ,  'r':  0.4 ,  'type':  1} ,  {'idp':  98 ,  'x':  2.37 ,  'y':  1.71 ,  'r':  0.4 ,  'type':  1}]
63304,1398777851.4276116,[{'idp':  97 ,  'x':  2.82 ,  'y':  0.09 ,  'r':  0.4 ,  'type':  1} ,  {'idp':  98 ,  'x':  2.36 ,  'y':  1.7 ,  'r':  0.4 ,  'type':  1}]
63305,1398777851.4676015,[{'idp':  97 ,  'x':  2.79 ,  'y':  0.08 ,  'r':  0.4 ,  'type':  1} ,  {'idp':  98 ,  'x':  2.35 ,  'y':  1.69 ,  'r':  0.4 ,  'type':  1}]
63306,1398777851.4730694,[{'idp':  97 ,  'x':  2.75 ,  'y':  0.07 ,  'r':  0.4 ,  'type':  1} ,  {'idp':  98 ,  'x':  2.35 ,  'y':  1.68 ,  'r':  0.4 ,  'type':  1}]
63307,1398777851.5116267,[{'idp':  97 ,  'x':  2.72 ,  'y':  0.07 ,  'r':  0.4 ,  'type':  1} ,  {'idp':  98 ,  'x':  2.35 ,  'y':  1.67 ,  'r':  0.4 ,  'type':  1}]
63308,1398777851.5515947,[{'idp':  97 ,  'x':  2.69 ,  'y':  0.07 ,  'r':  0.4 ,  'type':  1} ,  {'idp':  98 ,  'x':  2.33 ,  'y':  1.67 ,  'r':  0.4 ,  'type':  1}]
63309,1398777851.5516229,[{'idp':  97 ,  'x':  2.67 ,  'y':  0.08 ,  'r':  0.4 ,  'type':  1} ,  {'idp':  98 ,  'x':  2.33 ,  'y':  1.67 ,  'r':  0.4 ,  'type':  1}]
63310,1398777851.5916007,[{'idp':  97 ,  'x':  2.66 ,  'y':  0.08 ,  'r':  0.4 ,  'type':  1} ,  {'idp':  98 ,  'x':  2.32 ,  'y':  1.66 ,  'r':  0.4 ,  'type':  1}]
63311,1398777851.5978072,[{'idp':  97 ,  'x':  2.63 ,  'y':  0.05 ,  'r':  0.4 ,  'type':  1} ,  {'idp':  98 ,  'x':  2.31 ,  'y':  1.64 ,  'r':  0.4 ,  'type':  1}]
63312,1398777851.6356091,[{'idp':  97 ,  'x':  2.6 ,  'y':  0.04 ,  'r':  0.4 ,  'type':  1} ,  {'idp':  98 ,  'x':  2.3 ,  'y':  1.62 ,  'r':  0.4 ,  'type':  1}]
63313,1398777851.6755931,[{'idp':  97 ,  'x':  2.57 ,  'y':  0.03 ,  'r':  0.4 ,  'type':  1} ,  {'idp':  98 ,  'x':  2.28 ,  'y':  1.59 ,  'r':  0.4 ,  'type':  1}]
63314,1398777851.6756225,[{'idp':  97 ,  'x':  2.53 ,  'y':  0.03 ,  'r':  0.4 ,  'type':  1} ,  {'idp':  98 ,  'x':  2.25 ,  'y':  1.58 ,  'r':  0.4 ,  'type':  1}]
63315,1398777851.7156038,[{'idp':  97 ,  'x':  2.52 ,  'y':  0.04 ,  'r':  0.4 ,  'type':  1} ,  {'idp':  98 ,  'x':  2.23 ,  'y':  1.59 ,  'r':  0.4 ,  'type':  1}]
63316,1398777851.7232797,[{'idp':  97 ,  'x':  2.48 ,  'y':  0.04 ,  'r':  0.4 ,  'type':  1} ,  {'idp':  98 ,  'x':  2.22 ,  'y':  1.59 ,  'r':  0.4 ,  'type':  1}]
63317,1398777851.7596211,[{'idp':  97 ,  'x':  2.44 ,  'y':  0.03 ,  'r':  0.4 ,  'type':  1} ,  {'idp':  98 ,  'x':  2.21 ,  'y':  1.6 ,  'r':  0.4 ,  'type':  1}]
63318,1398777851.7996116,[{'idp':  97 ,  'x':  2.39 ,  'y':  0.03 ,  'r':  0.4 ,  'type':  1} ,  {'idp':  98 ,  'x':  2.24 ,  'y':  1.61 ,  'r':  0.4 ,  'type':  1}]
63319,1398777851.7996428,[{'idp':  97 ,  'x':  2.35 ,  'y':  0.0 ,  'r':  0.4 ,  'type':  1} ,  {'idp':  98 ,  'x':  2.25 ,  'y':  1.61 ,  'r':  0.4 ,  'type':  1}]
63320,1398777851.8396118,[{'idp':  97 ,  'x':  2.38 ,  'y':  -0.02 ,  'r':  0.4 ,  'type':  1} ,  {'idp':  98 ,  'x':  2.26 ,  'y':  1.6 ,  'r':  0.4 ,  'type':  1}]
63321,1398777851.8496323,[{'idp':  97 ,  'x':  2.37 ,  'y':  -0.03 ,  'r':  0.4 ,  'type':  1} ,  {'idp':  98 ,  'x':  2.27 ,  'y':  1.6 ,  'r':  0.4 ,  'type':  1}]
63322,1398777851.8876317,[{'idp':  97 ,  'x':  2.37 ,  'y':  -0.05 ,  'r':  0.4 ,  'type':  1} ,  {'idp':  98 ,  'x':  2.28 ,  'y':  1.58 ,  'r':  0.4 ,  'type':  1}]
63323,1398777851.9275851,[{'idp':  97 ,  'x':  2.37 ,  'y':  -0.08 ,  'r':  0.4 ,  'type':  1} ,  {'idp':  98 ,  'x':  2.29 ,  'y':  1.55 ,  'r':  0.4 ,  'type':  1}]
63324,1398777851.9276154,[{'idp':  97 ,  'x':  2.36 ,  'y':  -0.11 ,  'r':  0.4 ,  'type':  1} ,  {'idp':  98 ,  'x':  2.3 ,  'y':  1.51 ,  'r':  0.4 ,  'type':  1}]
63325,1398777851.9676926,[{'idp':  97 ,  'x':  2.34 ,  'y':  -0.15 ,  'r':  0.4 ,  'type':  1} ,  {'idp':  98 ,  'x':  2.32 ,  'y':  1.47 ,  'r':  0.4 ,  'type':  1}]
63326,1398777851.975468,[{'idp':  97 ,  'x':  2.33 ,  'y':  -0.17 ,  'r':  0.4 ,  'type':  1} ,  {'idp':  98 ,  'x':  2.31 ,  'y':  1.45 ,  'r':  0.4 ,  'type':  1}]
63327,1398777852.011928,[{'idp':  97 ,  'x':  2.32 ,  'y':  -0.16 ,  'r':  0.4 ,  'type':  1} ,  {'idp':  98 ,  'x':  2.3 ,  'y':  1.46 ,  'r':  0.4 ,  'type':  1}]
63328,1398777852.0516021,[{'idp':  97 ,  'x':  2.29 ,  'y':  -0.12 ,  'r':  0.4 ,  'type':  1} ,  {'idp':  98 ,  'x':  2.27 ,  'y':  1.48 ,  'r':  0.4 ,  'type':  1}]
63329,1398777852.0516331,[{'idp':  97 ,  'x':  2.28 ,  'y':  -0.1 ,  'r':  0.4 ,  'type':  1} ,  {'idp':  98 ,  'x':  2.24 ,  'y':  1.51 ,  'r':  0.4 ,  'type':  1}]
63330,1398777852.0916781,[{'idp':  97 ,  'x':  2.26 ,  'y':  -0.1 ,  'r':  0.4 ,  'type':  1} ,  {'idp':  98 ,  'x':  2.25 ,  'y':  1.5 ,  'r':  0.4 ,  'type':  1}]
63331,1398777852.0993216,[{'idp':  97 ,  'x':  2.24 ,  'y':  -0.11 ,  'r':  0.4 ,  'type':  1} ,  {'idp':  98 ,  'x':  2.25 ,  'y':  1.48 ,  'r':  0.4 ,  'type':  1}]
63332,1398777852.1355724,[{'idp':  97 ,  'x':  2.23 ,  'y':  -0.12 ,  'r':  0.4 ,  'type':  1} ,  {'idp':  98 ,  'x':  2.25 ,  'y':  1.47 ,  'r':  0.4 ,  'type':  1}]
63333,1398777852.175604,[{'idp':  97 ,  'x':  2.21 ,  'y':  -0.12 ,  'r':  0.4 ,  'type':  1} ,  {'idp':  98 ,  'x':  2.24 ,  'y':  1.46 ,  'r':  0.4 ,  'type':  1}]
63334,1398777852.1756237,[{'idp':  97 ,  'x':  2.18 ,  'y':  -0.11 ,  'r':  0.4 ,  'type':  1} ,  {'idp':  98 ,  'x':  2.23 ,  'y':  1.46 ,  'r':  0.4 ,  'type':  1}]
63335,1398777852.2156374,[{'idp':  97 ,  'x':  2.16 ,  'y':  -0.1 ,  'r':  0.4 ,  'type':  1} ,  {'idp':  98 ,  'x':  2.22 ,  'y':  1.47 ,  'r':  0.4 ,  'type':  1}]
63336,1398777852.2265325,[{'idp':  97 ,  'x':  2.13 ,  'y':  -0.09 ,  'r':  0.4 ,  'type':  1} ,  {'idp':  98 ,  'x':  2.22 ,  'y':  1.46 ,  'r':  0.4 ,  'type':  1}]
63337,1398777852.2635982,[{'idp':  97 ,  'x':  2.11 ,  'y':  -0.08 ,  'r':  0.4 ,  'type':  1} ,  {'idp':  98 ,  'x':  2.2 ,  'y':  1.47 ,  'r':  0.4 ,  'type':  1}]
63338,1398777852.3035946,[{'idp':  97 ,  'x':  2.09 ,  'y':  -0.06 ,  'r':  0.4 ,  'type':  1} ,  {'idp':  98 ,  'x':  2.19 ,  'y':  1.46 ,  'r':  0.4 ,  'type':  1}]
63339,1398777852.303627,[{'idp':  97 ,  'x':  2.08 ,  'y':  -0.06 ,  'r':  0.4 ,  'type':  1} ,  {'idp':  98 ,  'x':  2.18 ,  'y':  1.45 ,  'r':  0.4 ,  'type':  1}]
63340,1398777852.3436253,[{'idp':  97 ,  'x':  2.06 ,  'y':  -0.07 ,  'r':  0.4 ,  'type':  1} ,  {'idp':  98 ,  'x':  2.17 ,  'y':  1.43 ,  'r':  0.4 ,  'type':  1}]
63341,1398777852.3503146,[{'idp':  97 ,  'x':  2.04 ,  'y':  -0.08 ,  'r':  0.4 ,  'type':  1} ,  {'idp':  98 ,  'x':  2.16 ,  'y':  1.42 ,  'r':  0.4 ,  'type':  1}]
63342,1398777852.3876076,[{'idp':  97 ,  'x':  2.03 ,  'y':  -0.08 ,  'r':  0.4 ,  'type':  1} ,  {'idp':  98 ,  'x':  2.15 ,  'y':  1.42 ,  'r':  0.4 ,  'type':  1}]
63343,1398777852.4276967,[{'idp':  97 ,  'x':  2.01 ,  'y':  -0.08 ,  'r':  0.4 ,  'type':  1} ,  {'idp':  98 ,  'x':  2.13 ,  'y':  1.41 ,  'r':  0.4 ,  'type':  1}]
63344,1398777852.427728,[{'idp':  97 ,  'x':  1.99 ,  'y':  -0.07 ,  'r':  0.4 ,  'type':  1} ,  {'idp':  98 ,  'x':  2.12 ,  'y':  1.41 ,  'r':  0.4 ,  'type':  1}]
63345,1398777852.4676518,[{'idp':  97 ,  'x':  1.96 ,  'y':  -0.06 ,  'r':  0.4 ,  'type':  1} ,  {'idp':  98 ,  'x':  2.1 ,  'y':  1.41 ,  'r':  0.4 ,  'type':  1}]
63346,1398777852.4767027,[{'idp':  97 ,  'x':  1.94 ,  'y':  -0.04 ,  'r':  0.4 ,  'type':  1} ,  {'idp':  98 ,  'x':  2.09 ,  'y':  1.43 ,  'r':  0.4 ,  'type':  1}]
63347,1398777852.5155818,[{'idp':  97 ,  'x':  1.92 ,  'y':  -0.04 ,  'r':  0.4 ,  'type':  1} ,  {'idp':  98 ,  'x':  2.09 ,  'y':  1.42 ,  'r':  0.4 ,  'type':  1}]
63348,1398777852.5556314,[{'idp':  97 ,  'x':  1.88 ,  'y':  -0.02 ,  'r':  0.4 ,  'type':  1} ,  {'idp':  98 ,  'x':  2.07 ,  'y':  1.42 ,  'r':  0.4 ,  'type':  1}]
63349,1398777852.5556624,[{'idp':  97 ,  'x':  1.86 ,  'y':  -0.02 ,  'r':  0.4 ,  'type':  1} ,  {'idp':  98 ,  'x':  2.05 ,  'y':  1.44 ,  'r':  0.4 ,  'type':  1}]
63350,1398777852.5956044,[{'idp':  97 ,  'x':  1.84 ,  'y':  0.0 ,  'r':  0.4 ,  'type':  1} ,  {'idp':  98 ,  'x':  2.03 ,  'y':  1.45 ,  'r':  0.4 ,  'type':  1}]
63351,1398777852.6077151,[{'idp':  97 ,  'x':  1.82 ,  'y':  0.02 ,  'r':  0.4 ,  'type':  1} ,  {'idp':  98 ,  'x':  2.03 ,  'y':  1.45 ,  'r':  0.4 ,  'type':  1}]
63352,1398777852.6476476,[{'idp':  97 ,  'x':  1.79 ,  'y':  0.02 ,  'r':  0.4 ,  'type':  1} ,  {'idp':  98 ,  'x':  2.02 ,  'y':  1.45 ,  'r':  0.4 ,  'type':  1}]
63353,1398777852.6875517,[{'idp':  97 ,  'x':  1.79 ,  'y':  0.02 ,  'r':  0.4 ,  'type':  1} ,  {'idp':  98 ,  'x':  2.01 ,  'y':  1.45 ,  'r':  0.4 ,  'type':  1}]
63354,1398777852.6875834,[{'idp':  97 ,  'x':  1.79 ,  'y':  0.03 ,  'r':  0.4 ,  'type':  1} ,  {'idp':  98 ,  'x':  2.0 ,  'y':  1.46 ,  'r':  0.4 ,  'type':  1}]
63355,1398777852.7276497,[{'idp':  97 ,  'x':  1.79 ,  'y':  0.05 ,  'r':  0.4 ,  'type':  1} ,  {'idp':  98 ,  'x':  1.98 ,  'y':  1.47 ,  'r':  0.4 ,  'type':  1}]
63356,1398777852.7276807,[{'idp':  97 ,  'x':  1.78 ,  'y':  0.06 ,  'r':  0.4 ,  'type':  1} ,  {'idp':  98 ,  'x':  1.97 ,  'y':  1.48 ,  'r':  0.4 ,  'type':  1}]
63357,1398777852.7676082,[{'idp':  97 ,  'x':  1.76 ,  'y':  0.09 ,  'r':  0.4 ,  'type':  1} ,  {'idp':  98 ,  'x':  1.96 ,  'y':  1.5 ,  'r':  0.4 ,  'type':  1}]
63358,1398777852.7766123,[{'idp':  97 ,  'x':  1.75 ,  'y':  0.11 ,  'r':  0.4 ,  'type':  1} ,  {'idp':  98 ,  'x':  1.93 ,  'y':  1.52 ,  'r':  0.4 ,  'type':  1}]
63359,1398777852.8155425,[{'idp':  97 ,  'x':  1.74 ,  'y':  0.13 ,  'r':  0.4 ,  'type':  1} ,  {'idp':  98 ,  'x':  1.91 ,  'y':  1.53 ,  'r':  0.4 ,  'type':  1}]
63360,1398777852.8556774,[{'idp':  97 ,  'x':  1.72 ,  'y':  0.14 ,  'r':  0.4 ,  'type':  1} ,  {'idp':  98 ,  'x':  1.89 ,  'y':  1.53 ,  'r':  0.4 ,  'type':  1}]
63361,1398777852.8557208,[{'idp':  97 ,  'x':  1.71 ,  'y':  0.15 ,  'r':  0.4 ,  'type':  1} ,  {'idp':  98 ,  'x':  1.87 ,  'y':  1.53 ,  'r':  0.4 ,  'type':  1}]
63362,1398777852.8956585,[{'idp':  97 ,  'x':  1.69 ,  'y':  0.16 ,  'r':  0.4 ,  'type':  1} ,  {'idp':  98 ,  'x':  1.84 ,  'y':  1.53 ,  'r':  0.4 ,  'type':  1}]
63363,1398777852.902547,[{'idp':  97 ,  'x':  1.68 ,  'y':  0.17 ,  'r':  0.4 ,  'type':  1} ,  {'idp':  98 ,  'x':  1.82 ,  'y':  1.54 ,  'r':  0.4 ,  'type':  1}]
63364,1398777852.9395642,[{'idp':  97 ,  'x':  1.66 ,  'y':  0.19 ,  'r':  0.4 ,  'type':  1} ,  {'idp':  98 ,  'x':  1.78 ,  'y':  1.54 ,  'r':  0.4 ,  'type':  1}]
63365,1398777852.9796104,[{'idp':  97 ,  'x':  1.64 ,  'y':  0.21 ,  'r':  0.4 ,  'type':  1} ,  {'idp':  98 ,  'x':  1.74 ,  'y':  1.53 ,  'r':  0.4 ,  'type':  1}]
63366,1398777852.979643,[{'idp':  97 ,  'x':  1.62 ,  'y':  0.22 ,  'r':  0.4 ,  'type':  1} ,  {'idp':  98 ,  'x':  1.71 ,  'y':  1.53 ,  'r':  0.4 ,  'type':  1}]
63367,1398777853.0196526,[{'idp':  97 ,  'x':  1.61 ,  'y':  0.24 ,  'r':  0.4 ,  'type':  1} ,  {'idp':  98 ,  'x':  1.7 ,  'y':  1.54 ,  'r':  0.4 ,  'type':  1}]
63368,1398777853.0277112,[{'idp':  97 ,  'x':  1.59 ,  'y':  0.25 ,  'r':  0.4 ,  'type':  1} ,  {'idp':  98 ,  'x':  1.71 ,  'y':  1.57 ,  'r':  0.4 ,  'type':  1}]
63369,1398777853.0676332,[{'idp':  97 ,  'x':  1.58 ,  'y':  0.26 ,  'r':  0.4 ,  'type':  1} ,  {'idp':  98 ,  'x':  1.71 ,  'y':  1.6 ,  'r':  0.4 ,  'type':  1}]
63370,1398777853.1076546,[{'idp':  97 ,  'x':  1.56 ,  'y':  0.27 ,  'r':  0.4 ,  'type':  1} ,  {'idp':  98 ,  'x':  1.69 ,  'y':  1.61 ,  'r':  0.4 ,  'type':  1}]
63371,1398777853.1076849,[{'idp':  97 ,  'x':  1.55 ,  'y':  0.28 ,  'r':  0.4 ,  'type':  1} ,  {'idp':  98 ,  'x':  1.67 ,  'y':  1.62 ,  'r':  0.4 ,  'type':  1}]
63372,1398777853.1476085,[{'idp':  97 ,  'x':  1.53 ,  'y':  0.3 ,  'r':  0.4 ,  'type':  1} ,  {'idp':  98 ,  'x':  1.66 ,  'y':  1.64 ,  'r':  0.4 ,  'type':  1}]
63373,1398777853.154568,[{'idp':  97 ,  'x':  1.51 ,  'y':  0.32 ,  'r':  0.4 ,  'type':  1} ,  {'idp':  98 ,  'x':  1.64 ,  'y':  1.66 ,  'r':  0.4 ,  'type':  1}]
63374,1398777853.1916018,[{'idp':  97 ,  'x':  1.49 ,  'y':  0.34 ,  'r':  0.4 ,  'type':  1} ,  {'idp':  98 ,  'x':  1.63 ,  'y':  1.66 ,  'r':  0.4 ,  'type':  1}]
63375,1398777853.2316186,[{'idp':  97 ,  'x':  1.47 ,  'y':  0.35 ,  'r':  0.4 ,  'type':  1} ,  {'idp':  98 ,  'x':  1.6 ,  'y':  1.67 ,  'r':  0.4 ,  'type':  1}]
63376,1398777853.2316508,[{'idp':  97 ,  'x':  1.44 ,  'y':  0.38 ,  'r':  0.4 ,  'type':  1} ,  {'idp':  98 ,  'x':  1.58 ,  'y':  1.69 ,  'r':  0.4 ,  'type':  1}]
63377,1398777853.2716346,[{'idp':  97 ,  'x':  1.42 ,  'y':  0.39 ,  'r':  0.4 ,  'type':  1} ,  {'idp':  98 ,  'x':  1.55 ,  'y':  1.7 ,  'r':  0.4 ,  'type':  1}]
63378,1398777853.2777815,[{'idp':  97 ,  'x':  1.39 ,  'y':  0.4 ,  'r':  0.4 ,  'type':  1} ,  {'idp':  98 ,  'x':  1.54 ,  'y':  1.71 ,  'r':  0.4 ,  'type':  1}]
63379,1398777853.3155677,[{'idp':  97 ,  'x':  1.36 ,  'y':  0.4 ,  'r':  0.4 ,  'type':  1} ,  {'idp':  98 ,  'x':  1.53 ,  'y':  1.71 ,  'r':  0.4 ,  'type':  1}]
63380,1398777853.3555708,[{'idp':  97 ,  'x':  1.33 ,  'y':  0.41 ,  'r':  0.4 ,  'type':  1} ,  {'idp':  98 ,  'x':  1.51 ,  'y':  1.72 ,  'r':  0.4 ,  'type':  1}]
63381,1398777853.355605,[{'idp':  97 ,  'x':  1.3 ,  'y':  0.44 ,  'r':  0.4 ,  'type':  1} ,  {'idp':  98 ,  'x':  1.49 ,  'y':  1.74 ,  'r':  0.4 ,  'type':  1}]
63382,1398777853.395609,[{'idp':  97 ,  'x':  1.27 ,  'y':  0.46 ,  'r':  0.4 ,  'type':  1} ,  {'idp':  98 ,  'x':  1.45 ,  'y':  1.75 ,  'r':  0.4 ,  'type':  1}]
63383,1398777853.4035714,[{'idp':  97 ,  'x':  1.24 ,  'y':  0.48 ,  'r':  0.4 ,  'type':  1} ,  {'idp':  98 ,  'x':  1.43 ,  'y':  1.78 ,  'r':  0.4 ,  'type':  1}]
63384,1398777853.4435875,[{'idp':  97 ,  'x':  1.21 ,  'y':  0.5 ,  'r':  0.4 ,  'type':  1} ,  {'idp':  98 ,  'x':  1.41 ,  'y':  1.79 ,  'r':  0.4 ,  'type':  1}]
63385,1398777853.4836302,[{'idp':  97 ,  'x':  1.16 ,  'y':  0.51 ,  'r':  0.4 ,  'type':  1} ,  {'idp':  98 ,  'x':  1.38 ,  'y':  1.8 ,  'r':  0.4 ,  'type':  1}]
63386,1398777853.4836624,[{'idp':  97 ,  'x':  1.14 ,  'y':  0.55 ,  'r':  0.4 ,  'type':  1} ,  {'idp':  98 ,  'x':  1.35 ,  'y':  1.81 ,  'r':  0.4 ,  'type':  1}]
63387,1398777853.5237799,[{'idp':  97 ,  'x':  1.15 ,  'y':  0.59 ,  'r':  0.4 ,  'type':  1} ,  {'idp':  98 ,  'x':  1.32 ,  'y':  1.83 ,  'r':  0.4 ,  'type':  1}]
63388,1398777853.5298526,[{'idp':  97 ,  'x':  1.14 ,  'y':  0.63 ,  'r':  0.4 ,  'type':  1} ,  {'idp':  98 ,  'x':  1.27 ,  'y':  1.85 ,  'r':  0.4 ,  'type':  1}]
63389,1398777853.5675828,[{'idp':  97 ,  'x':  1.13 ,  'y':  0.67 ,  'r':  0.4 ,  'type':  1} ,  {'idp':  98 ,  'x':  1.26 ,  'y':  1.89 ,  'r':  0.4 ,  'type':  1}]
63390,1398777853.607654,[{'idp':  97 ,  'x':  1.11 ,  'y':  0.7 ,  'r':  0.4 ,  'type':  1} ,  {'idp':  98 ,  'x':  1.24 ,  'y':  1.93 ,  'r':  0.4 ,  'type':  1}]
63391,1398777853.6076896,[{'idp':  97 ,  'x':  1.1 ,  'y':  0.74 ,  'r':  0.4 ,  'type':  1} ,  {'idp':  98 ,  'x':  1.22 ,  'y':  1.96 ,  'r':  0.4 ,  'type':  1}]
63392,1398777853.647622,[{'idp':  97 ,  'x':  1.08 ,  'y':  0.77 ,  'r':  0.4 ,  'type':  1} ,  {'idp':  98 ,  'x':  1.19 ,  'y':  2.0 ,  'r':  0.4 ,  'type':  1}]
63393,1398777853.6541936,[{'idp':  97 ,  'x':  1.06 ,  'y':  0.79 ,  'r':  0.4 ,  'type':  1} ,  {'idp':  98 ,  'x':  1.15 ,  'y':  2.01 ,  'r':  0.4 ,  'type':  1}]
63394,1398777853.6916733,[{'idp':  97 ,  'x':  1.03 ,  'y':  0.81 ,  'r':  0.4 ,  'type':  1} ,  {'idp':  98 ,  'x':  1.14 ,  'y':  2.04 ,  'r':  0.4 ,  'type':  1}]
63395,1398777853.7316532,[{'idp':  97 ,  'x':  1.02 ,  'y':  0.83 ,  'r':  0.4 ,  'type':  1} ,  {'idp':  98 ,  'x':  1.12 ,  'y':  2.07 ,  'r':  0.4 ,  'type':  1}]
63396,1398777853.731682,[{'idp':  97 ,  'x':  0.99 ,  'y':  0.85 ,  'r':  0.4 ,  'type':  1} ,  {'idp':  98 ,  'x':  1.09 ,  'y':  2.06 ,  'r':  0.4 ,  'type':  1}]
63397,1398777853.7716408,[{'idp':  97 ,  'x':  0.98 ,  'y':  0.87 ,  'r':  0.4 ,  'type':  1} ,  {'idp':  98 ,  'x':  1.06 ,  'y':  2.07 ,  'r':  0.4 ,  'type':  1}]
63398,1398777853.7794163,[{'idp':  97 ,  'x':  0.95 ,  'y':  0.89 ,  'r':  0.4 ,  'type':  1} ,  {'idp':  98 ,  'x':  1.03 ,  'y':  2.09 ,  'r':  0.4 ,  'type':  1}]
63399,1398777853.8156266,[{'idp':  97 ,  'x':  0.93 ,  'y':  0.91 ,  'r':  0.4 ,  'type':  1} ,  {'idp':  98 ,  'x':  0.99 ,  'y':  2.11 ,  'r':  0.4 ,  'type':  1}]
63400,1398777853.8556132,[{'idp':  97 ,  'x':  0.9 ,  'y':  0.94 ,  'r':  0.4 ,  'type':  1} ,  {'idp':  98 ,  'x':  0.96 ,  'y':  2.12 ,  'r':  0.4 ,  'type':  1}]
63401,1398777853.8556442,[{'idp':  97 ,  'x':  0.88 ,  'y':  0.95 ,  'r':  0.4 ,  'type':  1} ,  {'idp':  98 ,  'x':  0.92 ,  'y':  2.13 ,  'r':  0.4 ,  'type':  1}]
63402,1398777853.8956137,[{'idp':  97 ,  'x':  0.85 ,  'y':  0.97 ,  'r':  0.4 ,  'type':  1} ,  {'idp':  98 ,  'x':  0.88 ,  'y':  2.14 ,  'r':  0.4 ,  'type':  1}]
63403,1398777853.9067285,[{'idp':  97 ,  'x':  0.83 ,  'y':  0.99 ,  'r':  0.4 ,  'type':  1} ,  {'idp':  98 ,  'x':  0.85 ,  'y':  2.15 ,  'r':  0.4 ,  'type':  1}]
63404,1398777853.9436247,[{'idp':  97 ,  'x':  0.81 ,  'y':  1.0 ,  'r':  0.4 ,  'type':  1} ,  {'idp':  98 ,  'x':  0.82 ,  'y':  2.16 ,  'r':  0.4 ,  'type':  1}]
63405,1398777853.9836442,[{'idp':  97 ,  'x':  0.81 ,  'y':  0.99 ,  'r':  0.4 ,  'type':  1} ,  {'idp':  98 ,  'x':  0.8 ,  'y':  2.17 ,  'r':  0.4 ,  'type':  1}]
63406,1398777853.9836776,[{'idp':  97 ,  'x':  0.8 ,  'y':  0.99 ,  'r':  0.4 ,  'type':  1} ,  {'idp':  98 ,  'x':  0.76 ,  'y':  2.16 ,  'r':  0.4 ,  'type':  1}]
63407,1398777854.0236084,[{'idp':  97 ,  'x':  0.77 ,  'y':  1.01 ,  'r':  0.4 ,  'type':  1} ,  {'idp':  98 ,  'x':  0.73 ,  'y':  2.17 ,  'r':  0.4 ,  'type':  1} ,  {'idp':  99 ,  'x':  0.77 ,  'y':  -1.77 ,  'r':  0.4 ,  'type':  1}]
63408,1398777854.0306964,[{'idp':  97 ,  'x':  0.75 ,  'y':  1.02 ,  'r':  0.4 ,  'type':  1} ,  {'idp':  98 ,  'x':  0.7 ,  'y':  2.18 ,  'r':  0.4 ,  'type':  1} ,  {'idp':  99 ,  'x':  0.85 ,  'y':  -1.87 ,  'r':  0.4 ,  'type':  1}]
63409,1398777854.0676415,[{'idp':  97 ,  'x':  0.73 ,  'y':  1.03 ,  'r':  0.4 ,  'type':  1} ,  {'idp':  98 ,  'x':  0.69 ,  'y':  2.2 ,  'r':  0.4 ,  'type':  1} ,  {'idp':  99 ,  'x':  0.88 ,  'y':  -1.85 ,  'r':  0.4 ,  'type':  1}]
63410,1398777854.1075933,[{'idp':  97 ,  'x':  0.7 ,  'y':  1.04 ,  'r':  0.4 ,  'type':  1} ,  {'idp':  98 ,  'x':  0.67 ,  'y':  2.2 ,  'r':  0.4 ,  'type':  1} ,  {'idp':  99 ,  'x':  0.88 ,  'y':  -1.8 ,  'r':  0.4 ,  'type':  1}]
63411,1398777854.1076274,[{'idp':  97 ,  'x':  0.69 ,  'y':  1.05 ,  'r':  0.4 ,  'type':  1} ,  {'idp':  98 ,  'x':  0.64 ,  'y':  2.2 ,  'r':  0.4 ,  'type':  1} ,  {'idp':  99 ,  'x':  0.91 ,  'y':  -1.83 ,  'r':  0.4 ,  'type':  1}]
63412,1398777854.1475942,[{'idp':  97 ,  'x':  0.66 ,  'y':  1.07 ,  'r':  0.4 ,  'type':  1} ,  {'idp':  98 ,  'x':  0.6 ,  'y':  2.19 ,  'r':  0.4 ,  'type':  1} ,  {'idp':  99 ,  'x':  0.93 ,  'y':  -1.82 ,  'r':  0.4 ,  'type':  1}]
63413,1398777854.1563134,[{'idp':  97 ,  'x':  0.64 ,  'y':  1.08 ,  'r':  0.4 ,  'type':  1} ,  {'idp':  98 ,  'x':  0.58 ,  'y':  2.2 ,  'r':  0.4 ,  'type':  1} ,  {'idp':  99 ,  'x':  0.97 ,  'y':  -1.85 ,  'r':  0.4 ,  'type':  1}]
63414,1398777854.1956606,[{'idp':  97 ,  'x':  0.61 ,  'y':  1.1 ,  'r':  0.4 ,  'type':  1} ,  {'idp':  98 ,  'x':  0.54 ,  'y':  2.2 ,  'r':  0.4 ,  'type':  1} ,  {'idp':  99 ,  'x':  1.02 ,  'y':  -1.86 ,  'r':  0.4 ,  'type':  1}]
63415,1398777854.2356517,[{'idp':  97 ,  'x':  0.58 ,  'y':  1.11 ,  'r':  0.4 ,  'type':  1} ,  {'idp':  98 ,  'x':  0.49 ,  'y':  2.2 ,  'r':  0.4 ,  'type':  1} ,  {'idp':  99 ,  'x':  1.04 ,  'y':  -1.84 ,  'r':  0.4 ,  'type':  1}]
63416,1398777854.2356668,[{'idp':  97 ,  'x':  0.55 ,  'y':  1.13 ,  'r':  0.4 ,  'type':  1} ,  {'idp':  98 ,  'x':  0.43 ,  'y':  2.19 ,  'r':  0.4 ,  'type':  1} ,  {'idp':  99 ,  'x':  1.06 ,  'y':  -1.83 ,  'r':  0.4 ,  'type':  1}]
63417,1398777854.2756932,[{'idp':  97 ,  'x':  0.52 ,  'y':  1.15 ,  'r':  0.4 ,  'type':  1} ,  {'idp':  98 ,  'x':  0.4 ,  'y':  2.18 ,  'r':  0.4 ,  'type':  1} ,  {'idp':  99 ,  'x':  1.09 ,  'y':  -1.82 ,  'r':  0.4 ,  'type':  1}]
63418,1398777854.2813966,[{'idp':  97 ,  'x':  0.51 ,  'y':  1.16 ,  'r':  0.4 ,  'type':  1} ,  {'idp':  98 ,  'x':  0.36 ,  'y':  2.19 ,  'r':  0.4 ,  'type':  1} ,  {'idp':  99 ,  'x':  1.09 ,  'y':  -1.81 ,  'r':  0.4 ,  'type':  1}]
63419,1398777854.3196754,[{'idp':  97 ,  'x':  0.48 ,  'y':  1.18 ,  'r':  0.4 ,  'type':  1} ,  {'idp':  98 ,  'x':  0.32 ,  'y':  2.21 ,  'r':  0.4 ,  'type':  1} ,  {'idp':  99 ,  'x':  1.11 ,  'y':  -1.8 ,  'r':  0.4 ,  'type':  1}]
63420,1398777854.3595788,[{'idp':  97 ,  'x':  0.45 ,  'y':  1.19 ,  'r':  0.4 ,  'type':  1} ,  {'idp':  98 ,  'x':  0.28 ,  'y':  2.19 ,  'r':  0.4 ,  'type':  1} ,  {'idp':  99 ,  'x':  1.12 ,  'y':  -1.79 ,  'r':  0.4 ,  'type':  1}]
63421,1398777854.3596058,[{'idp':  97 ,  'x':  0.42 ,  'y':  1.21 ,  'r':  0.4 ,  'type':  1} ,  {'idp':  98 ,  'x':  0.24 ,  'y':  2.21 ,  'r':  0.4 ,  'type':  1} ,  {'idp':  99 ,  'x':  1.14 ,  'y':  -1.76 ,  'r':  0.4 ,  'type':  1}]
63422,1398777854.3995607,[{'idp':  97 ,  'x':  0.38 ,  'y':  1.23 ,  'r':  0.4 ,  'type':  1} ,  {'idp':  98 ,  'x':  0.2 ,  'y':  2.18 ,  'r':  0.4 ,  'type':  1} ,  {'idp':  99 ,  'x':  1.16 ,  'y':  -1.76 ,  'r':  0.4 ,  'type':  1}]
63423,1398777854.407883,[{'idp':  97 ,  'x':  0.35 ,  'y':  1.24 ,  'r':  0.4 ,  'type':  1} ,  {'idp':  98 ,  'x':  0.18 ,  'y':  2.18 ,  'r':  0.4 ,  'type':  1} ,  {'idp':  99 ,  'x':  1.19 ,  'y':  -1.75 ,  'r':  0.4 ,  'type':  1}]
63424,1398777854.4476035,[{'idp':  97 ,  'x':  0.32 ,  'y':  1.26 ,  'r':  0.4 ,  'type':  1} ,  {'idp':  98 ,  'x':  0.16 ,  'y':  2.23 ,  'r':  0.4 ,  'type':  1} ,  {'idp':  99 ,  'x':  1.21 ,  'y':  -1.73 ,  'r':  0.4 ,  'type':  1}]
63425,1398777854.4876251,[{'idp':  97 ,  'x':  0.29 ,  'y':  1.27 ,  'r':  0.4 ,  'type':  1} ,  {'idp':  98 ,  'x':  0.12 ,  'y':  2.17 ,  'r':  0.4 ,  'type':  1} ,  {'idp':  99 ,  'x':  1.25 ,  'y':  -1.71 ,  'r':  0.4 ,  'type':  1}]
63426,1398777854.487749,[{'idp':  97 ,  'x':  0.26 ,  'y':  1.29 ,  'r':  0.4 ,  'type':  1} ,  {'idp':  98 ,  'x':  0.1 ,  'y':  2.15 ,  'r':  0.4 ,  'type':  1} ,  {'idp':  99 ,  'x':  1.26 ,  'y':  -1.69 ,  'r':  0.4 ,  'type':  1}]
63427,1398777854.527586,[{'idp':  97 ,  'x':  0.23 ,  'y':  1.3 ,  'r':  0.4 ,  'type':  1} ,  {'idp':  98 ,  'x':  0.07 ,  'y':  2.14 ,  'r':  0.4 ,  'type':  1} ,  {'idp':  99 ,  'x':  1.29 ,  'y':  -1.68 ,  'r':  0.4 ,  'type':  1}]
63428,1398777854.5345576,[{'idp':  97 ,  'x':  0.21 ,  'y':  1.3 ,  'r':  0.4 ,  'type':  1} ,  {'idp':  98 ,  'x':  0.06 ,  'y':  2.12 ,  'r':  0.4 ,  'type':  1} ,  {'idp':  99 ,  'x':  1.31 ,  'y':  -1.66 ,  'r':  0.4 ,  'type':  1}]
63429,1398777854.5716271,[{'idp':  97 ,  'x':  0.17 ,  'y':  1.31 ,  'r':  0.4 ,  'type':  1} ,  {'idp':  98 ,  'x':  0.04 ,  'y':  2.07 ,  'r':  0.4 ,  'type':  1} ,  {'idp':  99 ,  'x':  1.32 ,  'y':  -1.63 ,  'r':  0.4 ,  'type':  1}]
63430,1398777854.6115658,[{'idp':  97 ,  'x':  0.14 ,  'y':  1.32 ,  'r':  0.4 ,  'type':  1} ,  {'idp':  98 ,  'x':  0.01 ,  'y':  2.01 ,  'r':  0.4 ,  'type':  1} ,  {'idp':  99 ,  'x':  1.33 ,  'y':  -1.6 ,  'r':  0.4 ,  'type':  1}]
63431,1398777854.6115983,[{'idp':  97 ,  'x':  0.11 ,  'y':  1.32 ,  'r':  0.4 ,  'type':  1} ,  {'idp':  98 ,  'x':  0.01 ,  'y':  2.01 ,  'r':  0.4 ,  'type':  1} ,  {'idp':  99 ,  'x':  1.34 ,  'y':  -1.55 ,  'r':  0.4 ,  'type':  1}]
63432,1398777854.6516585,[{'idp':  97 ,  'x':  0.09 ,  'y':  1.32 ,  'r':  0.4 ,  'type':  1} ,  {'idp':  98 ,  'x':  0.01 ,  'y':  2.01 ,  'r':  0.4 ,  'type':  1} ,  {'idp':  99 ,  'x':  1.37 ,  'y':  -1.53 ,  'r':  0.4 ,  'type':  1}]
63433,1398777854.6612556,[{'idp':  97 ,  'x':  0.07 ,  'y':  1.32 ,  'r':  0.4 ,  'type':  1} ,  {'idp':  98 ,  'x':  0.01 ,  'y':  2.01 ,  'r':  0.4 ,  'type':  1} ,  {'idp':  99 ,  'x':  1.43 ,  'y':  -1.51 ,  'r':  0.4 ,  'type':  1}]
63434,1398777854.6996078,[{'idp':  97 ,  'x':  0.05 ,  'y':  1.3 ,  'r':  0.4 ,  'type':  1} ,  {'idp':  98 ,  'x':  0.01 ,  'y':  2.01 ,  'r':  0.4 ,  'type':  1} ,  {'idp':  99 ,  'x':  1.47 ,  'y':  -1.51 ,  'r':  0.4 ,  'type':  1}]
63435,1398777854.7396078,[{'idp':  97 ,  'x':  0.03 ,  'y':  1.29 ,  'r':  0.4 ,  'type':  1} ,  {'idp':  98 ,  'x':  0.01 ,  'y':  2.01 ,  'r':  0.4 ,  'type':  1} ,  {'idp':  99 ,  'x':  1.51 ,  'y':  -1.53 ,  'r':  0.4 ,  'type':  1}]
63436,1398777854.7396774,[{'idp':  97 ,  'x':  0.02 ,  'y':  1.3 ,  'r':  0.4 ,  'type':  1} ,  {'idp':  98 ,  'x':  0.01 ,  'y':  2.01 ,  'r':  0.4 ,  'type':  1} ,  {'idp':  99 ,  'x':  1.55 ,  'y':  -1.53 ,  'r':  0.4 ,  'type':  1}]
63437,1398777854.7796319,[{'idp':  97 ,  'x':  0.01 ,  'y':  1.33 ,  'r':  0.4 ,  'type':  1} ,  {'idp':  98 ,  'x':  0.01 ,  'y':  2.01 ,  'r':  0.4 ,  'type':  1} ,  {'idp':  99 ,  'x':  1.57 ,  'y':  -1.49 ,  'r':  0.4 ,  'type':  1}]
63438,1398777854.7856793,[{'idp':  97 ,  'x':  0.01 ,  'y':  1.33 ,  'r':  0.4 ,  'type':  1} ,  {'idp':  98 ,  'x':  0.01 ,  'y':  2.01 ,  'r':  0.4 ,  'type':  1} ,  {'idp':  99 ,  'x':  1.59 ,  'y':  -1.49 ,  'r':  0.4 ,  'type':  1}]
63439,1398777854.8236136,[{'idp':  99 ,  'x':  1.62 ,  'y':  -1.48 ,  'r':  0.4 ,  'type':  1}]
63440,1398777854.863639,[{'idp':  99 ,  'x':  1.65 ,  'y':  -1.44 ,  'r':  0.4 ,  'type':  1}]
63441,1398777854.863663,[{'idp':  99 ,  'x':  1.66 ,  'y':  -1.42 ,  'r':  0.4 ,  'type':  1}]
63442,1398777854.9037328,[{'idp':  99 ,  'x':  1.68 ,  'y':  -1.41 ,  'r':  0.4 ,  'type':  1}]
63443,1398777854.9104214,[{'idp':  99 ,  'x':  1.69 ,  'y':  -1.4 ,  'r':  0.4 ,  'type':  1}]
63444,1398777854.9475706,[{'idp':  99 ,  'x':  1.72 ,  'y':  -1.38 ,  'r':  0.4 ,  'type':  1}]
63445,1398777854.9876196,[{'idp':  99 ,  'x':  1.75 ,  'y':  -1.35 ,  'r':  0.4 ,  'type':  1}]
63446,1398777854.9876413,[{'idp':  99 ,  'x':  1.76 ,  'y':  -1.35 ,  'r':  0.4 ,  'type':  1}]
63447,1398777855.0276408,[{'idp':  99 ,  'x':  1.75 ,  'y':  -1.36 ,  'r':  0.4 ,  'type':  1}]
63448,1398777855.0353513,[{'idp':  99 ,  'x':  1.76 ,  'y':  -1.36 ,  'r':  0.4 ,  'type':  1}]
63449,1398777855.0718143,[{'idp':  99 ,  'x':  1.77 ,  'y':  -1.34 ,  'r':  0.4 ,  'type':  1}]
63450,1398777855.1116312,[{'idp':  99 ,  'x':  1.79 ,  'y':  -1.33 ,  'r':  0.4 ,  'type':  1}]
63451,1398777855.1117127,[{'idp':  99 ,  'x':  1.79 ,  'y':  -1.32 ,  'r':  0.4 ,  'type':  1}]
63452,1398777855.151675,[{'idp':  99 ,  'x':  1.79 ,  'y':  -1.32 ,  'r':  0.4 ,  'type':  1}]
63453,1398777855.1594503,[{'idp':  99 ,  'x':  1.8 ,  'y':  -1.31 ,  'r':  0.4 ,  'type':  1}]
63454,1398777855.1956465,[{'idp':  99 ,  'x':  1.81 ,  'y':  -1.3 ,  'r':  0.4 ,  'type':  1}]
63455,1398777855.2356122,[{'idp':  99 ,  'x':  1.83 ,  'y':  -1.28 ,  'r':  0.4 ,  'type':  1}]
63456,1398777855.2356367,[{'idp':  99 ,  'x':  1.84 ,  'y':  -1.27 ,  'r':  0.4 ,  'type':  1}]
63457,1398777855.2756603,[{'idp':  99 ,  'x':  1.84 ,  'y':  -1.27 ,  'r':  0.4 ,  'type':  1}]
63458,1398777855.2842536,[{'idp':  99 ,  'x':  1.86 ,  'y':  -1.25 ,  'r':  0.4 ,  'type':  1}]
63459,1398777855.3235502,[{'idp':  99 ,  'x':  1.88 ,  'y':  -1.25 ,  'r':  0.4 ,  'type':  1}]
63460,1398777855.3635478,[{'idp':  99 ,  'x':  1.9 ,  'y':  -1.22 ,  'r':  0.4 ,  'type':  1}]
63461,1398777855.3635798,[{'idp':  99 ,  'x':  1.92 ,  'y':  -1.2 ,  'r':  0.4 ,  'type':  1}]
63462,1398777855.4036179,[{'idp':  99 ,  'x':  1.94 ,  'y':  -1.2 ,  'r':  0.4 ,  'type':  1}]
63463,1398777855.410306,[{'idp':  99 ,  'x':  1.96 ,  'y':  -1.17 ,  'r':  0.4 ,  'type':  1}]
63464,1398777855.447604,[{'idp':  99 ,  'x':  1.95 ,  'y':  -1.13 ,  'r':  0.4 ,  'type':  1}]
63465,1398777855.4875867,[{'idp':  99 ,  'x':  1.95 ,  'y':  -1.11 ,  'r':  0.4 ,  'type':  1}]
63466,1398777855.4876163,[{'idp':  99 ,  'x':  1.92 ,  'y':  -1.07 ,  'r':  0.4 ,  'type':  1}]
63467,1398777855.5275948,[{'idp':  99 ,  'x':  1.94 ,  'y':  -1.06 ,  'r':  0.4 ,  'type':  1}]
63468,1398777855.5354462,[{'idp':  99 ,  'x':  1.97 ,  'y':  -1.06 ,  'r':  0.4 ,  'type':  1}]
63469,1398777855.5716412,[{'idp':  99 ,  'x':  2.01 ,  'y':  -1.04 ,  'r':  0.4 ,  'type':  1}]
63470,1398777855.6115346,[{'idp':  99 ,  'x':  2.04 ,  'y':  -1.02 ,  'r':  0.4 ,  'type':  1}]
63471,1398777855.61156,[{'idp':  99 ,  'x':  2.06 ,  'y':  -0.99 ,  'r':  0.4 ,  'type':  1}]
63472,1398777855.651546,[{'idp':  99 ,  'x':  2.09 ,  'y':  -0.97 ,  'r':  0.4 ,  'type':  1}]
63473,1398777855.660548,[{'idp':  99 ,  'x':  2.1 ,  'y':  -0.96 ,  'r':  0.4 ,  'type':  1}]
63474,1398777855.6996078,[{'idp':  99 ,  'x':  2.13 ,  'y':  -0.95 ,  'r':  0.4 ,  'type':  1}]
63475,1398777855.739661,[{'idp':  99 ,  'x':  2.14 ,  'y':  -0.94 ,  'r':  0.4 ,  'type':  1}]
63476,1398777855.7396855,[{'idp':  99 ,  'x':  2.14 ,  'y':  -0.92 ,  'r':  0.4 ,  'type':  1}]
63477,1398777855.7796085,[{'idp':  99 ,  'x':  2.16 ,  'y':  -0.9 ,  'r':  0.4 ,  'type':  1}]
63478,1398777855.7863324,[{'idp':  99 ,  'x':  2.17 ,  'y':  -0.88 ,  'r':  0.4 ,  'type':  1}]
63479,1398777855.823609,[{'idp':  99 ,  'x':  2.18 ,  'y':  -0.86 ,  'r':  0.4 ,  'type':  1}]
63480,1398777855.863531,[{'idp':  99 ,  'x':  2.22 ,  'y':  -0.83 ,  'r':  0.4 ,  'type':  1}]
63481,1398777855.86356,[{'idp':  99 ,  'x':  2.22 ,  'y':  -0.8 ,  'r':  0.4 ,  'type':  1}]
63482,1398777855.9036164,[{'idp':  99 ,  'x':  2.2 ,  'y':  -0.79 ,  'r':  0.4 ,  'type':  1}]
63483,1398777855.911803,[{'idp':  99 ,  'x':  2.2 ,  'y':  -0.75 ,  'r':  0.4 ,  'type':  1}]
63484,1398777855.951574,[{'idp':  99 ,  'x':  2.21 ,  'y':  -0.71 ,  'r':  0.4 ,  'type':  1}]
63485,1398777855.9915998,[{'idp':  99 ,  'x':  2.26 ,  'y':  -0.67 ,  'r':  0.4 ,  'type':  1}]
63486,1398777855.9916325,[{'idp':  99 ,  'x':  2.34 ,  'y':  -0.65 ,  'r':  0.4 ,  'type':  1}]
63487,1398777856.0315962,[{'idp':  99 ,  'x':  2.38 ,  'y':  -0.64 ,  'r':  0.4 ,  'type':  1}]
63488,1398777856.0368242,[{'idp':  99 ,  'x':  2.41 ,  'y':  -0.62 ,  'r':  0.4 ,  'type':  1}]
63489,1398777856.0756102,[{'idp':  99 ,  'x':  2.44 ,  'y':  -0.6 ,  'r':  0.4 ,  'type':  1}]
63490,1398777856.1155798,[{'idp':  99 ,  'x':  2.46 ,  'y':  -0.59 ,  'r':  0.4 ,  'type':  1}]
63491,1398777856.1156075,[{'idp':  99 ,  'x':  2.47 ,  'y':  -0.58 ,  'r':  0.4 ,  'type':  1}]
63492,1398777856.15555,[{'idp':  99 ,  'x':  2.48 ,  'y':  -0.58 ,  'r':  0.4 ,  'type':  1}]
63493,1398777856.1618304,[{'idp':  99 ,  'x':  2.5 ,  'y':  -0.58 ,  'r':  0.4 ,  'type':  1}]
63494,1398777856.199652,[{'idp':  99 ,  'x':  2.51 ,  'y':  -0.57 ,  'r':  0.4 ,  'type':  1}]
63495,1398777856.2395742,[{'idp':  99 ,  'x':  2.52 ,  'y':  -0.57 ,  'r':  0.4 ,  'type':  1}]
63496,1398777856.2396019,[{'idp':  99 ,  'x':  2.53 ,  'y':  -0.56 ,  'r':  0.4 ,  'type':  1}]
63497,1398777856.2796195,[{'idp':  99 ,  'x':  2.54 ,  'y':  -0.55 ,  'r':  0.4 ,  'type':  1}]
63498,1398777856.2877145,[{'idp':  99 ,  'x':  2.55 ,  'y':  -0.53 ,  'r':  0.4 ,  'type':  1}]
63499,1398777856.3276012,[{'idp':  99 ,  'x':  2.56 ,  'y':  -0.52 ,  'r':  0.4 ,  'type':  1}]
63500,1398777856.367549,[{'idp':  99 ,  'x':  2.57 ,  'y':  -0.52 ,  'r':  0.4 ,  'type':  1}]
63501,1398777856.36758,[{'idp':  99 ,  'x':  2.59 ,  'y':  -0.5 ,  'r':  0.4 ,  'type':  1}]
63502,1398777856.4075494,[{'idp':  99 ,  'x':  2.6 ,  'y':  -0.5 ,  'r':  0.4 ,  'type':  1}]
63503,1398777856.419803,[{'idp':  99 ,  'x':  2.62 ,  'y':  -0.49 ,  'r':  0.4 ,  'type':  1}]
63504,1398777856.4596038,[{'idp':  99 ,  'x':  2.63 ,  'y':  -0.48 ,  'r':  0.4 ,  'type':  1}]
63505,1398777856.4995968,[{'idp':  99 ,  'x':  2.65 ,  'y':  -0.47 ,  'r':  0.4 ,  'type':  1}]
63506,1398777856.499629,[{'idp':  99 ,  'x':  2.66 ,  'y':  -0.45 ,  'r':  0.4 ,  'type':  1}]
63507,1398777856.5395765,[{'idp':  99 ,  'x':  2.69 ,  'y':  -0.43 ,  'r':  0.4 ,  'type':  1}]
63508,1398777856.5396073,[{'idp':  99 ,  'x':  2.72 ,  'y':  -0.41 ,  'r':  0.4 ,  'type':  1}]
63509,1398777856.5796082,[{'idp':  99 ,  'x':  2.74 ,  'y':  -0.39 ,  'r':  0.4 ,  'type':  1}]
63510,1398777856.5887012,[{'idp':  99 ,  'x':  2.77 ,  'y':  -0.38 ,  'r':  0.4 ,  'type':  1}]
63511,1398777856.6276765,[{'idp':  99 ,  'x':  2.76 ,  'y':  -0.37 ,  'r':  0.4 ,  'type':  1}]
63512,1398777856.6675897,[{'idp':  99 ,  'x':  2.76 ,  'y':  -0.36 ,  'r':  0.4 ,  'type':  1}]
63513,1398777856.6676185,[{'idp':  99 ,  'x':  2.77 ,  'y':  -0.35 ,  'r':  0.4 ,  'type':  1}]
63514,1398777856.7075834,[{'idp':  99 ,  'x':  2.78 ,  'y':  -0.34 ,  'r':  0.4 ,  'type':  1}]
63515,1398777856.7143657,[{'idp':  99 ,  'x':  2.79 ,  'y':  -0.33 ,  'r':  0.4 ,  'type':  1}]
63516,1398777856.7516017,[{'idp':  99 ,  'x':  2.8 ,  'y':  -0.32 ,  'r':  0.4 ,  'type':  1}]
63517,1398777856.7915719,[{'idp':  99 ,  'x':  2.8 ,  'y':  -0.3 ,  'r':  0.4 ,  'type':  1}]
63518,1398777856.7916021,[{'idp':  99 ,  'x':  2.8 ,  'y':  -0.29 ,  'r':  0.4 ,  'type':  1}]
63519,1398777856.8316348,[{'idp':  99 ,  'x':  2.79 ,  'y':  -0.29 ,  'r':  0.4 ,  'type':  1}]
63520,1398777856.8393395,[{'idp':  99 ,  'x':  2.78 ,  'y':  -0.28 ,  'r':  0.4 ,  'type':  1}]
63521,1398777856.8756094,[{'idp':  99 ,  'x':  2.75 ,  'y':  -0.25 ,  'r':  0.4 ,  'type':  1}]
63522,1398777856.915564,[{'idp':  99 ,  'x':  2.72 ,  'y':  -0.23 ,  'r':  0.4 ,  'type':  1}]
63523,1398777856.9155784,[{'idp':  99 ,  'x':  2.71 ,  'y':  -0.21 ,  'r':  0.4 ,  'type':  1}]
63524,1398777856.9556057,[{'idp':  99 ,  'x':  2.72 ,  'y':  -0.2 ,  'r':  0.4 ,  'type':  1}]
63525,1398777856.964544,[{'idp':  99 ,  'x':  2.76 ,  'y':  -0.19 ,  'r':  0.4 ,  'type':  1}]
63526,1398777857.0035732,[{'idp':  99 ,  'x':  2.78 ,  'y':  -0.18 ,  'r':  0.4 ,  'type':  1}]
63527,1398777857.043589,[{'idp':  99 ,  'x':  2.79 ,  'y':  -0.17 ,  'r':  0.4 ,  'type':  1}]
63528,1398777857.0436215,[{'idp':  99 ,  'x':  2.81 ,  'y':  -0.16 ,  'r':  0.4 ,  'type':  1}]
63529,1398777857.0836856,[{'idp':  99 ,  'x':  2.81 ,  'y':  -0.14 ,  'r':  0.4 ,  'type':  1}]
63530,1398777857.0898035,[{'idp':  99 ,  'x':  2.84 ,  'y':  -0.11 ,  'r':  0.4 ,  'type':  1}]
63531,1398777857.1275425,[{'idp':  99 ,  'x':  2.84 ,  'y':  -0.1 ,  'r':  0.4 ,  'type':  1}]
63532,1398777857.1676273,[{'idp':  99 ,  'x':  2.85 ,  'y':  -0.08 ,  'r':  0.4 ,  'type':  1}]
63533,1398777857.1676579,[{'idp':  99 ,  'x':  2.86 ,  'y':  -0.05 ,  'r':  0.4 ,  'type':  1}]
63534,1398777857.2076416,[{'idp':  99 ,  'x':  2.83 ,  'y':  -0.03 ,  'r':  0.4 ,  'type':  1}]
63535,1398777857.2158074,[{'idp':  99 ,  'x':  2.78 ,  'y':  -0.01 ,  'r':  0.4 ,  'type':  1}]
63536,1398777857.2555883,[{'idp':  99 ,  'x':  2.81 ,  'y':  0.04 ,  'r':  0.4 ,  'type':  1}]
63537,1398777857.295689,[{'idp':  99 ,  'x':  2.88 ,  'y':  0.06 ,  'r':  0.4 ,  'type':  1}]
63538,1398777857.2957273,[{'idp':  99 ,  'x':  2.93 ,  'y':  0.09 ,  'r':  0.4 ,  'type':  1}]
63539,1398777857.3356411,[{'idp':  99 ,  'x':  2.96 ,  'y':  0.12 ,  'r':  0.4 ,  'type':  1}]
63540,1398777857.3418393,[{'idp':  99 ,  'x':  2.98 ,  'y':  0.15 ,  'r':  0.4 ,  'type':  1}]
63541,1398777857.3795934,[{'idp':  99 ,  'x':  3.0 ,  'y':  0.21 ,  'r':  0.4 ,  'type':  1}]
63542,1398777857.4196072,[{'idp':  99 ,  'x':  3.02 ,  'y':  0.26 ,  'r':  0.4 ,  'type':  1}]
63543,1398777857.4196343,[{'idp':  99 ,  'x':  3.03 ,  'y':  0.31 ,  'r':  0.4 ,  'type':  1}]
63544,1398777857.4596167,[{'idp':  99 ,  'x':  3.04 ,  'y':  0.33 ,  'r':  0.4 ,  'type':  1}]
63545,1398777857.4667146,[{'idp':  99 ,  'x':  3.04 ,  'y':  0.35 ,  'r':  0.4 ,  'type':  1}]
63546,1398777857.503567,[{'idp':  99 ,  'x':  3.04 ,  'y':  0.37 ,  'r':  0.4 ,  'type':  1}]
63547,1398777857.543591,[{'idp':  99 ,  'x':  3.03 ,  'y':  0.39 ,  'r':  0.4 ,  'type':  1}]
63548,1398777857.5436192,[{'idp':  99 ,  'x':  3.03 ,  'y':  0.44 ,  'r':  0.4 ,  'type':  1}]
63549,1398777857.5836186,[{'idp':  99 ,  'x':  3.03 ,  'y':  0.49 ,  'r':  0.4 ,  'type':  1}]
63550,1398777857.591588,[{'idp':  99 ,  'x':  3.02 ,  'y':  0.55 ,  'r':  0.4 ,  'type':  1}]
63551,1398777857.6315997,[{'idp':  99 ,  'x':  3.02 ,  'y':  0.59 ,  'r':  0.4 ,  'type':  1}]
63552,1398777857.6716259,[{'idp':  99 ,  'x':  3.02 ,  'y':  0.6 ,  'r':  0.4 ,  'type':  1}]
63553,1398777857.6716552,[{'idp':  99 ,  'x':  3.02 ,  'y':  0.62 ,  'r':  0.4 ,  'type':  1}]
63554,1398777857.7115896,[{'idp':  99 ,  'x':  3.02 ,  'y':  0.66 ,  'r':  0.4 ,  'type':  1}]
63555,1398777857.7165432,[{'idp':  99 ,  'x':  3.02 ,  'y':  0.67 ,  'r':  0.4 ,  'type':  1}]
63556,1398777857.7556255,[{'idp':  99 ,  'x':  3.03 ,  'y':  0.68 ,  'r':  0.4 ,  'type':  1}]
63557,1398777857.7955372,[{'idp':  99 ,  'x':  3.02 ,  'y':  0.68 ,  'r':  0.4 ,  'type':  1}]
63558,1398777857.7955709,[{'idp':  99 ,  'x':  3.02 ,  'y':  0.72 ,  'r':  0.4 ,  'type':  1}]
63559,1398777857.8355775,[{'idp':  99 ,  'x':  3.03 ,  'y':  0.74 ,  'r':  0.4 ,  'type':  1}]
63560,1398777857.8422809,[{'idp':  99 ,  'x':  3.01 ,  'y':  0.75 ,  'r':  0.4 ,  'type':  1}]
63561,1398777857.879592,[{'idp':  99 ,  'x':  3.01 ,  'y':  0.77 ,  'r':  0.4 ,  'type':  1}]
63562,1398777857.9196305,[{'idp':  99 ,  'x':  3.01 ,  'y':  0.79 ,  'r':  0.4 ,  'type':  1}]
63563,1398777857.9196692,[{'idp':  99 ,  'x':  3.0 ,  'y':  0.79 ,  'r':  0.4 ,  'type':  1}]
63564,1398777857.9596376,[{'idp':  99 ,  'x':  3.01 ,  'y':  0.81 ,  'r':  0.4 ,  'type':  1}]
63565,1398777857.9676805,[{'idp':  99 ,  'x':  3.0 ,  'y':  0.83 ,  'r':  0.4 ,  'type':  1}]
63566,1398777858.0075984,[{'idp':  99 ,  'x':  3.0 ,  'y':  0.85 ,  'r':  0.4 ,  'type':  1}]
63567,1398777858.0516496,[{'idp':  99 ,  'x':  3.0 ,  'y':  0.87 ,  'r':  0.4 ,  'type':  1}]
63568,1398777858.0516808,[{'idp':  99 ,  'x':  3.0 ,  'y':  0.89 ,  'r':  0.4 ,  'type':  1}]
63569,1398777858.0916567,[{'idp':  99 ,  'x':  3.0 ,  'y':  0.9 ,  'r':  0.4 ,  'type':  1}]
63570,1398777858.092833,[{'idp':  99 ,  'x':  3.01 ,  'y':  0.92 ,  'r':  0.4 ,  'type':  1}]
63571,1398777858.1315808,[{'idp':  99 ,  'x':  3.02 ,  'y':  0.96 ,  'r':  0.4 ,  'type':  1}]
63572,1398777858.1715472,[{'idp':  99 ,  'x':  3.02 ,  'y':  0.99 ,  'r':  0.4 ,  'type':  1}]
63573,1398777858.1715755,[{'idp':  99 ,  'x':  3.01 ,  'y':  1.01 ,  'r':  0.4 ,  'type':  1}]
63574,1398777858.211642,[{'idp':  99 ,  'x':  2.99 ,  'y':  1.04 ,  'r':  0.4 ,  'type':  1}]
63575,1398777858.2188466,[{'idp':  99 ,  'x':  2.98 ,  'y':  1.06 ,  'r':  0.4 ,  'type':  1}]
63576,1398777858.2555947,[{'idp':  99 ,  'x':  2.95 ,  'y':  1.07 ,  'r':  0.4 ,  'type':  1}]
63577,1398777858.295596,[{'idp':  99 ,  'x':  2.91 ,  'y':  1.07 ,  'r':  0.4 ,  'type':  1}]
63578,1398777858.295623,[{'idp':  99 ,  'x':  2.88 ,  'y':  1.08 ,  'r':  0.4 ,  'type':  1}]
63579,1398777858.3356054,[{'idp':  99 ,  'x':  2.92 ,  'y':  1.11 ,  'r':  0.4 ,  'type':  1}]
63580,1398777858.344344,[{'idp':  99 ,  'x':  2.94 ,  'y':  1.14 ,  'r':  0.4 ,  'type':  1}]
63581,1398777858.3836079,[{'idp':  99 ,  'x':  2.95 ,  'y':  1.17 ,  'r':  0.4 ,  'type':  1}]
63582,1398777858.4236543,[{'idp':  99 ,  'x':  2.96 ,  'y':  1.18 ,  'r':  0.4 ,  'type':  1}]
63583,1398777858.4236853,[{'idp':  99 ,  'x':  2.96 ,  'y':  1.2 ,  'r':  0.4 ,  'type':  1}]
63584,1398777858.4636154,[{'idp':  99 ,  'x':  2.96 ,  'y':  1.21 ,  'r':  0.4 ,  'type':  1}]
63585,1398777858.4703488,[{'idp':  99 ,  'x':  2.96 ,  'y':  1.22 ,  'r':  0.4 ,  'type':  1}]
63586,1398777858.507575,[{'idp':  99 ,  'x':  2.95 ,  'y':  1.23 ,  'r':  0.4 ,  'type':  1}]
63587,1398777858.547578,[{'idp':  99 ,  'x':  2.95 ,  'y':  1.24 ,  'r':  0.4 ,  'type':  1}]
63588,1398777858.547603,[{'idp':  99 ,  'x':  2.95 ,  'y':  1.26 ,  'r':  0.4 ,  'type':  1}]
63589,1398777858.5877104,[{'idp':  99 ,  'x':  2.95 ,  'y':  1.27 ,  'r':  0.4 ,  'type':  1}]
63590,1398777858.596573,[{'idp':  99 ,  'x':  2.93 ,  'y':  1.28 ,  'r':  0.4 ,  'type':  1}]
63591,1398777858.635695,[{'idp':  99 ,  'x':  2.91 ,  'y':  1.29 ,  'r':  0.4 ,  'type':  1}]
63592,1398777858.6756155,[{'idp':  99 ,  'x':  2.89 ,  'y':  1.3 ,  'r':  0.4 ,  'type':  1}]
63593,1398777858.675647,[{'idp':  99 ,  'x':  2.89 ,  'y':  1.31 ,  'r':  0.4 ,  'type':  1}]
63594,1398777858.7157512,[{'idp':  99 ,  'x':  2.88 ,  'y':  1.32 ,  'r':  0.4 ,  'type':  1}]
63595,1398777858.7224624,[{'idp':  99 ,  'x':  2.88 ,  'y':  1.35 ,  'r':  0.4 ,  'type':  1}]
63596,1398777858.7596369,[{'idp':  99 ,  'x':  2.88 ,  'y':  1.36 ,  'r':  0.4 ,  'type':  1}]
63597,1398777858.7996016,[{'idp':  99 ,  'x':  2.84 ,  'y':  1.35 ,  'r':  0.4 ,  'type':  1}]
63598,1398777858.799633,[{'idp':  99 ,  'x':  2.82 ,  'y':  1.38 ,  'r':  0.4 ,  'type':  1}]
63599,1398777858.839542,[{'idp':  99 ,  'x':  2.89 ,  'y':  1.45 ,  'r':  0.4 ,  'type':  1}]
63600,1398777858.84827,[{'idp':  99 ,  'x':  2.93 ,  'y':  1.5 ,  'r':  0.4 ,  'type':  1}]
63601,1398777858.8876586,[{'idp':  99 ,  'x':  2.93 ,  'y':  1.53 ,  'r':  0.4 ,  'type':  1}]
63602,1398777858.9276083,[{'idp':  99 ,  'x':  2.93 ,  'y':  1.57 ,  'r':  0.4 ,  'type':  1}]
63603,1398777858.9276383,[{'idp':  99 ,  'x':  2.93 ,  'y':  1.59 ,  'r':  0.4 ,  'type':  1}]
63604,1398777858.9676352,[{'idp':  99 ,  'x':  2.94 ,  'y':  1.58 ,  'r':  0.4 ,  'type':  1}]
63605,1398777858.9731772,[{'idp':  99 ,  'x':  2.94 ,  'y':  1.59 ,  'r':  0.4 ,  'type':  1}]
63606,1398777859.0116396,[{'idp':  99 ,  'x':  2.97 ,  'y':  1.57 ,  'r':  0.4 ,  'type':  1}]
63607,1398777859.0515685,[{'idp':  99 ,  'x':  2.96 ,  'y':  1.56 ,  'r':  0.4 ,  'type':  1}]
63608,1398777859.0516033,[{'idp':  99 ,  'x':  2.99 ,  'y':  1.54 ,  'r':  0.4 ,  'type':  1}]
63609,1398777859.0916178,[{'idp':  99 ,  'x':  2.96 ,  'y':  1.54 ,  'r':  0.4 ,  'type':  1}]
63610,1398777859.097552,[{'idp':  99 ,  'x':  2.96 ,  'y':  1.55 ,  'r':  0.4 ,  'type':  1}]
63611,1398777859.1355865,[{'idp':  99 ,  'x':  2.95 ,  'y':  1.56 ,  'r':  0.4 ,  'type':  1}]
63612,1398777859.1755939,[{'idp':  99 ,  'x':  2.94 ,  'y':  1.57 ,  'r':  0.4 ,  'type':  1}]
63613,1398777859.175625,[{'idp':  99 ,  'x':  2.93 ,  'y':  1.58 ,  'r':  0.4 ,  'type':  1}]
63614,1398777859.215687,[{'idp':  99 ,  'x':  2.91 ,  'y':  1.6 ,  'r':  0.4 ,  'type':  1}]
63615,1398777859.2228377,[{'idp':  99 ,  'x':  2.89 ,  'y':  1.62 ,  'r':  0.4 ,  'type':  1}]
63616,1398777859.2595437,[{'idp':  99 ,  'x':  2.88 ,  'y':  1.64 ,  'r':  0.4 ,  'type':  1}]
63617,1398777859.2996144,[{'idp':  99 ,  'x':  2.88 ,  'y':  1.65 ,  'r':  0.4 ,  'type':  1}]
63618,1398777859.2996466,[{'idp':  99 ,  'x':  2.87 ,  'y':  1.67 ,  'r':  0.4 ,  'type':  1}]
63619,1398777859.3396041,[{'idp':  99 ,  'x':  2.88 ,  'y':  1.69 ,  'r':  0.4 ,  'type':  1}]
63620,1398777859.3477654,[{'idp':  99 ,  'x':  2.88 ,  'y':  1.71 ,  'r':  0.4 ,  'type':  1}]
63621,1398777859.3876383,[{'idp':  99 ,  'x':  2.89 ,  'y':  1.73 ,  'r':  0.4 ,  'type':  1}]
63622,1398777859.42766,[{'idp':  99 ,  'x':  2.89 ,  'y':  1.76 ,  'r':  0.4 ,  'type':  1}]
63623,1398777859.427691,[{'idp':  99 ,  'x':  2.89 ,  'y':  1.8 ,  'r':  0.4 ,  'type':  1}]
63624,1398777859.467646,[{'idp':  99 ,  'x':  2.89 ,  'y':  1.85 ,  'r':  0.4 ,  'type':  1}]
63625,1398777859.472827,[{'idp':  99 ,  'x':  2.88 ,  'y':  1.89 ,  'r':  0.4 ,  'type':  1}]
63626,1398777859.511601,[{'idp':  99 ,  'x':  2.87 ,  'y':  1.93 ,  'r':  0.4 ,  'type':  1}]
63627,1398777859.5515509,[{'idp':  99 ,  'x':  2.87 ,  'y':  1.95 ,  'r':  0.4 ,  'type':  1}]
63628,1398777859.551586,[{'idp':  99 ,  'x':  2.87 ,  'y':  1.98 ,  'r':  0.4 ,  'type':  1}]
63629,1398777859.5916154,[{'idp':  99 ,  'x':  2.87 ,  'y':  2.0 ,  'r':  0.4 ,  'type':  1}]
63630,1398777859.5976336,[{'idp':  99 ,  'x':  2.88 ,  'y':  2.03 ,  'r':  0.4 ,  'type':  1}]
63631,1398777859.6356316,[{'idp':  99 ,  'x':  2.86 ,  'y':  2.06 ,  'r':  0.4 ,  'type':  1}]
63632,1398777859.6755986,[{'idp':  99 ,  'x':  2.84 ,  'y':  2.08 ,  'r':  0.4 ,  'type':  1}]
63633,1398777859.675631,[{'idp':  99 ,  'x':  2.85 ,  'y':  2.12 ,  'r':  0.4 ,  'type':  1}]
63634,1398777859.7156081,[{'idp':  99 ,  'x':  2.87 ,  'y':  2.15 ,  'r':  0.4 ,  'type':  1}]
63635,1398777859.7238538,[{'idp':  99 ,  'x':  2.84 ,  'y':  2.16 ,  'r':  0.4 ,  'type':  1}]
63636,1398777859.7635725,[{'idp':  99 ,  'x':  2.85 ,  'y':  2.18 ,  'r':  0.4 ,  'type':  1}]
63637,1398777859.8036358,[{'idp':  99 ,  'x':  2.83 ,  'y':  2.16 ,  'r':  0.4 ,  'type':  1}]
63638,1398777859.8036587,[{'idp':  99 ,  'x':  2.88 ,  'y':  2.22 ,  'r':  0.4 ,  'type':  1}]
63639,1398777859.8436418,[{'idp':  99 ,  'x':  2.91 ,  'y':  2.24 ,  'r':  0.4 ,  'type':  1}]
63640,1398777859.8490763,[{'idp':  99 ,  'x':  2.91 ,  'y':  2.24 ,  'r':  0.4 ,  'type':  1}]
63641,1398777859.8876178,[{'idp':  99 ,  'x':  2.91 ,  'y':  2.24 ,  'r':  0.4 ,  'type':  1}]
63642,1398777859.927591,[{'idp':  99 ,  'x':  2.91 ,  'y':  2.24 ,  'r':  0.4 ,  'type':  1}]
63643,1398777859.9276257,[{'idp':  99 ,  'x':  2.91 ,  'y':  2.24 ,  'r':  0.4 ,  'type':  1}]
63644,1398777859.96764,[{'idp':  99 ,  'x':  2.91 ,  'y':  2.24 ,  'r':  0.4 ,  'type':  1}]
63645,1398777859.9739852,[{'idp':  99 ,  'x':  2.91 ,  'y':  2.24 ,  'r':  0.4 ,  'type':  1}]
63646,1398777860.0116987,[{'idp':  99 ,  'x':  2.91 ,  'y':  2.24 ,  'r':  0.4 ,  'type':  1}]
63647,1398777860.05564,[{'idp':  99 ,  'x':  2.91 ,  'y':  2.24 ,  'r':  0.4 ,  'type':  1}]
63648,1398777860.0557182,[{'idp':  99 ,  'x':  2.86 ,  'y':  2.35 ,  'r':  0.4 ,  'type':  1}]
63649,1398777860.0957377,[{'idp':  99 ,  'x':  2.82 ,  'y':  2.37 ,  'r':  0.4 ,  'type':  1}]
63650,1398777860.0997205,[{'idp':  99 ,  'x':  2.79 ,  'y':  2.35 ,  'r':  0.4 ,  'type':  1}]
63651,1398777860.139585,[{'idp':  99 ,  'x':  2.8 ,  'y':  2.37 ,  'r':  0.4 ,  'type':  1}]
63652,1398777860.1796143,[{'idp':  99 ,  'x':  2.78 ,  'y':  2.38 ,  'r':  0.4 ,  'type':  1}]
63653,1398777860.17963,[{'idp':  99 ,  'x':  2.78 ,  'y':  2.39 ,  'r':  0.4 ,  'type':  1}]
63654,1398777860.2196362,[{'idp':  99 ,  'x':  2.76 ,  'y':  2.38 ,  'r':  0.4 ,  'type':  1}]
63655,1398777860.2252986,[{'idp':  99 ,  'x':  2.73 ,  'y':  2.39 ,  'r':  0.4 ,  'type':  1}]
63656,1398777860.2635639,[{'idp':  99 ,  'x':  2.69 ,  'y':  2.38 ,  'r':  0.4 ,  'type':  1}]
63657,1398777860.3036149,[{'idp':  99 ,  'x':  2.69 ,  'y':  2.4 ,  'r':  0.4 ,  'type':  1}]
63658,1398777860.3036857,[{'idp':  99 ,  'x':  2.68 ,  'y':  2.41 ,  'r':  0.4 ,  'type':  1}]
63659,1398777860.343582,[{'idp':  99 ,  'x':  2.67 ,  'y':  2.41 ,  'r':  0.4 ,  'type':  1}]
63660,1398777860.3505983,[{'idp':  99 ,  'x':  2.65 ,  'y':  2.42 ,  'r':  0.4 ,  'type':  1}]
63661,1398777860.3875692,[{'idp':  99 ,  'x':  2.63 ,  'y':  2.42 ,  'r':  0.4 ,  'type':  1}]
63662,1398777860.4276001,[{'idp':  99 ,  'x':  2.62 ,  'y':  2.43 ,  'r':  0.4 ,  'type':  1}]
63663,1398777860.4276714,[{'idp':  99 ,  'x':  2.59 ,  'y':  2.43 ,  'r':  0.4 ,  'type':  1}]
63664,1398777860.4676702,[{'idp':  99 ,  'x':  2.6 ,  'y':  2.46 ,  'r':  0.4 ,  'type':  1}]
63665,1398777860.4762762,[{'idp':  99 ,  'x':  2.57 ,  'y':  2.46 ,  'r':  0.4 ,  'type':  1}]
63666,1398777860.5156112,[{'idp':  99 ,  'x':  2.57 ,  'y':  2.46 ,  'r':  0.4 ,  'type':  1}]
63667,1398777860.5556123,[{'idp':  99 ,  'x':  2.54 ,  'y':  2.48 ,  'r':  0.4 ,  'type':  1}]
63668,1398777860.5556464,[{'idp':  99 ,  'x':  2.52 ,  'y':  2.49 ,  'r':  0.4 ,  'type':  1}]
63669,1398777860.5956278,[{'idp':  99 ,  'x':  2.49 ,  'y':  2.51 ,  'r':  0.4 ,  'type':  1}]
63670,1398777860.6013298,[{'idp':  99 ,  'x':  2.48 ,  'y':  2.51 ,  'r':  0.4 ,  'type':  1}]
63671,1398777860.6397338,[{'idp':  99 ,  'x':  2.5 ,  'y':  2.53 ,  'r':  0.4 ,  'type':  1}]
63672,1398777860.679648,[{'idp':  99 ,  'x':  2.46 ,  'y':  2.53 ,  'r':  0.4 ,  'type':  1}]
63673,1398777860.679733,[{'idp':  99 ,  'x':  2.46 ,  'y':  2.54 ,  'r':  0.4 ,  'type':  1}]
63674,1398777860.719638,[{'idp':  99 ,  'x':  2.43 ,  'y':  2.57 ,  'r':  0.4 ,  'type':  1}]
63675,1398777860.7262645,[{'idp':  99 ,  'x':  2.39 ,  'y':  2.57 ,  'r':  0.4 ,  'type':  1}]
63676,1398777860.7635748,[{'idp':  99 ,  'x':  2.36 ,  'y':  2.62 ,  'r':  0.4 ,  'type':  1}]
63677,1398777860.8036702,[{'idp':  99 ,  'x':  2.32 ,  'y':  2.63 ,  'r':  0.4 ,  'type':  1}]
63678,1398777860.8037598,[{'idp':  99 ,  'x':  2.3 ,  'y':  2.7 ,  'r':  0.4 ,  'type':  1}]
63679,1398777860.8436544,[{'idp':  99 ,  'x':  2.25 ,  'y':  2.71 ,  'r':  0.4 ,  'type':  1}]
63680,1398777860.851415,[{'idp':  99 ,  'x':  2.24 ,  'y':  2.75 ,  'r':  0.4 ,  'type':  1}]
63681,1398777860.8876028,[{'idp':  99 ,  'x':  2.19 ,  'y':  2.75 ,  'r':  0.4 ,  'type':  1}]
63682,1398777860.9275723,[{'idp':  99 ,  'x':  2.17 ,  'y':  2.78 ,  'r':  0.4 ,  'type':  1}]
63683,1398777860.9275978,[{'idp':  99 ,  'x':  2.16 ,  'y':  2.79 ,  'r':  0.4 ,  'type':  1}]
63684,1398777860.9676592,[{'idp':  99 ,  'x':  2.14 ,  'y':  2.8 ,  'r':  0.4 ,  'type':  1}]
63685,1398777860.976895,[{'idp':  99 ,  'x':  2.11 ,  'y':  2.81 ,  'r':  0.4 ,  'type':  1}]
63686,1398777861.0156138,[{'idp':  99 ,  'x':  2.1 ,  'y':  2.83 ,  'r':  0.4 ,  'type':  1}]
63687,1398777861.055573,[{'idp':  99 ,  'x':  2.07 ,  'y':  2.83 ,  'r':  0.4 ,  'type':  1}]
63688,1398777861.0556033,[{'idp':  99 ,  'x':  2.07 ,  'y':  2.82 ,  'r':  0.4 ,  'type':  1}]
63689,1398777861.0955997,[{'idp':  99 ,  'x':  2.06 ,  'y':  2.81 ,  'r':  0.4 ,  'type':  1}]
63690,1398777861.10223,[{'idp':  99 ,  'x':  2.05 ,  'y':  2.82 ,  'r':  0.4 ,  'type':  1}]
63691,1398777861.1395473,[{'idp':  99 ,  'x':  2.02 ,  'y':  2.83 ,  'r':  0.4 ,  'type':  1}]
63692,1398777861.179538,[{'idp':  99 ,  'x':  2.0 ,  'y':  2.83 ,  'r':  0.4 ,  'type':  1}]
63693,1398777861.179567,[{'idp':  99 ,  'x':  1.98 ,  'y':  2.83 ,  'r':  0.4 ,  'type':  1}]
63694,1398777861.2196314,[{'idp':  99 ,  'x':  1.98 ,  'y':  2.83 ,  'r':  0.4 ,  'type':  1}]
63695,1398777861.2275858,[{'idp':  99 ,  'x':  1.98 ,  'y':  2.83 ,  'r':  0.4 ,  'type':  1}]
63696,1398777861.2675605,[{'idp':  99 ,  'x':  1.97 ,  'y':  2.84 ,  'r':  0.4 ,  'type':  1}]
63697,1398777861.3076134,[{'idp':  99 ,  'x':  1.95 ,  'y':  2.83 ,  'r':  0.4 ,  'type':  1}]
63698,1398777861.3076344,[{'idp':  99 ,  'x':  1.95 ,  'y':  2.84 ,  'r':  0.4 ,  'type':  1}]
63699,1398777861.3476593,[{'idp':  99 ,  'x':  1.93 ,  'y':  2.84 ,  'r':  0.4 ,  'type':  1}]
63700,1398777861.3533356,[{'idp':  99 ,  'x':  1.93 ,  'y':  2.85 ,  'r':  0.4 ,  'type':  1}]
63701,1398777861.391545,[{'idp':  99 ,  'x':  1.92 ,  'y':  2.82 ,  'r':  0.4 ,  'type':  1}]
63702,1398777861.4315746,[{'idp':  99 ,  'x':  1.91 ,  'y':  2.82 ,  'r':  0.4 ,  'type':  1}]
63703,1398777861.4316027,[{'idp':  99 ,  'x':  1.89 ,  'y':  2.82 ,  'r':  0.4 ,  'type':  1}]
63704,1398777861.4715548,[{'idp':  99 ,  'x':  1.88 ,  'y':  2.83 ,  'r':  0.4 ,  'type':  1}]
63705,1398777861.4780884,[{'idp':  99 ,  'x':  1.85 ,  'y':  2.85 ,  'r':  0.4 ,  'type':  1}]
63706,1398777861.5156388,[{'idp':  99 ,  'x':  1.85 ,  'y':  2.85 ,  'r':  0.4 ,  'type':  1}]
63707,1398777861.5555403,[{'idp':  99 ,  'x':  1.85 ,  'y':  2.85 ,  'r':  0.4 ,  'type':  1}]
63708,1398777861.5555716,[{'idp':  99 ,  'x':  1.83 ,  'y':  2.84 ,  'r':  0.4 ,  'type':  1}]
63709,1398777861.595688,[{'idp':  99 ,  'x':  1.82 ,  'y':  2.85 ,  'r':  0.4 ,  'type':  1}]
63710,1398777861.6040037,[{'idp':  99 ,  'x':  1.8 ,  'y':  2.84 ,  'r':  0.4 ,  'type':  1}]
63711,1398777861.6435962,[{'idp':  99 ,  'x':  1.76 ,  'y':  2.86 ,  'r':  0.4 ,  'type':  1}]
63712,1398777861.6836185,[{'idp':  99 ,  'x':  1.73 ,  'y':  2.87 ,  'r':  0.4 ,  'type':  1}]
63713,1398777861.6836462,[{'idp':  99 ,  'x':  1.72 ,  'y':  2.87 ,  'r':  0.4 ,  'type':  1}]
63714,1398777861.723626,[{'idp':  99 ,  'x':  1.71 ,  'y':  2.87 ,  'r':  0.4 ,  'type':  1}]
63715,1398777861.728731,[{'idp':  99 ,  'x':  1.69 ,  'y':  2.88 ,  'r':  0.4 ,  'type':  1}]
63716,1398777861.7675843,[{'idp':  99 ,  'x':  1.66 ,  'y':  2.88 ,  'r':  0.4 ,  'type':  1}]
63717,1398777861.8075829,[{'idp':  99 ,  'x':  1.63 ,  'y':  2.89 ,  'r':  0.4 ,  'type':  1}]
63718,1398777861.8076127,[{'idp':  99 ,  'x':  1.6 ,  'y':  2.9 ,  'r':  0.4 ,  'type':  1}]
63719,1398777861.8476214,[{'idp':  99 ,  'x':  1.55 ,  'y':  2.92 ,  'r':  0.4 ,  'type':  1}]
63720,1398777861.8545387,[{'idp':  99 ,  'x':  1.5 ,  'y':  2.94 ,  'r':  0.4 ,  'type':  1}]
63721,1398777861.8915906,[{'idp':  99 ,  'x':  1.44 ,  'y':  2.98 ,  'r':  0.4 ,  'type':  1}]
63722,1398777861.9315252,[{'idp':  99 ,  'x':  1.39 ,  'y':  2.99 ,  'r':  0.4 ,  'type':  1}]
63723,1398777861.9315584,[{'idp':  99 ,  'x':  1.33 ,  'y':  3.01 ,  'r':  0.4 ,  'type':  1}]
63724,1398777861.971606,[{'idp':  99 ,  'x':  1.33 ,  'y':  3.01 ,  'r':  0.4 ,  'type':  1}]
63725,1398777861.9806964,[{'idp':  99 ,  'x':  1.31 ,  'y':  3.02 ,  'r':  0.4 ,  'type':  1}]
63726,1398777862.0197148,[{'idp':  99 ,  'x':  1.31 ,  'y':  3.01 ,  'r':  0.4 ,  'type':  1}]
63727,1398777862.0596018,[{'idp':  99 ,  'x':  1.3 ,  'y':  3.02 ,  'r':  0.4 ,  'type':  1}]
63728,1398777862.0596323,[{'idp':  99 ,  'x':  1.27 ,  'y':  3.01 ,  'r':  0.4 ,  'type':  1}]
63729,1398777862.0997548,[{'idp':  99 ,  'x':  1.25 ,  'y':  3.04 ,  'r':  0.4 ,  'type':  1}]
63730,1398777862.1062226,[{'idp':  99 ,  'x':  1.26 ,  'y':  3.03 ,  'r':  0.4 ,  'type':  1}]
63731,1398777862.1435733,[{'idp':  99 ,  'x':  1.23 ,  'y':  3.03 ,  'r':  0.4 ,  'type':  1}]
63732,1398777862.1836054,[{'idp':  99 ,  'x':  1.22 ,  'y':  3.03 ,  'r':  0.4 ,  'type':  1}]
63733,1398777862.1842167,[{'idp':  99 ,  'x':  1.21 ,  'y':  3.03 ,  'r':  0.4 ,  'type':  1}]
63734,1398777862.2236085,[{'idp':  99 ,  'x':  1.19 ,  'y':  3.03 ,  'r':  0.4 ,  'type':  1}]
63735,1398777862.2307193,[{'idp':  99 ,  'x':  1.17 ,  'y':  3.05 ,  'r':  0.4 ,  'type':  1}]
63736,1398777862.2675893,[{'idp':  99 ,  'x':  1.16 ,  'y':  3.04 ,  'r':  0.4 ,  'type':  1}]
63737,1398777862.3075943,[{'idp':  99 ,  'x':  1.14 ,  'y':  3.04 ,  'r':  0.4 ,  'type':  1}]
63738,1398777862.3076248,[{'idp':  99 ,  'x':  1.12 ,  'y':  3.05 ,  'r':  0.4 ,  'type':  1}]
63739,1398777862.3476257,[{'idp':  99 ,  'x':  1.11 ,  'y':  3.04 ,  'r':  0.4 ,  'type':  1}]
63740,1398777862.3561664,[{'idp':  99 ,  'x':  1.1 ,  'y':  3.04 ,  'r':  0.4 ,  'type':  1}]
63741,1398777862.3956432,[{'idp':  99 ,  'x':  1.1 ,  'y':  3.04 ,  'r':  0.4 ,  'type':  1}]
63742,1398777862.4356127,[{'idp':  99 ,  'x':  1.09 ,  'y':  3.04 ,  'r':  0.4 ,  'type':  1}]
63743,1398777862.435644,[{'idp':  99 ,  'x':  1.09 ,  'y':  3.02 ,  'r':  0.4 ,  'type':  1}]
63744,1398777862.475653,[{'idp':  99 ,  'x':  1.07 ,  'y':  3.04 ,  'r':  0.4 ,  'type':  1}]
63745,1398777862.4818397,[{'idp':  99 ,  'x':  1.06 ,  'y':  3.05 ,  'r':  0.4 ,  'type':  1}]
63746,1398777862.519704,[{'idp':  99 ,  'x':  1.04 ,  'y':  3.05 ,  'r':  0.4 ,  'type':  1}]
63747,1398777862.5596585,[{'idp':  99 ,  'x':  1.01 ,  'y':  3.05 ,  'r':  0.4 ,  'type':  1}]
63748,1398777862.559688,[{'idp':  99 ,  'x':  1.0 ,  'y':  3.05 ,  'r':  0.4 ,  'type':  1}]
63749,1398777862.5996537,[{'idp':  99 ,  'x':  0.99 ,  'y':  3.04 ,  'r':  0.4 ,  'type':  1}]
63750,1398777862.607737,[{'idp':  99 ,  'x':  1.0 ,  'y':  3.03 ,  'r':  0.4 ,  'type':  1}]
63751,1398777862.647649,[{'idp':  99 ,  'x':  0.99 ,  'y':  3.03 ,  'r':  0.4 ,  'type':  1}]
63752,1398777862.687631,[{'idp':  99 ,  'x':  0.98 ,  'y':  3.03 ,  'r':  0.4 ,  'type':  1}]
63753,1398777862.6876633,[{'idp':  99 ,  'x':  0.96 ,  'y':  3.04 ,  'r':  0.4 ,  'type':  1}]
63754,1398777862.7276068,[{'idp':  99 ,  'x':  0.94 ,  'y':  3.03 ,  'r':  0.4 ,  'type':  1}]
63755,1398777862.734216,[{'idp':  99 ,  'x':  0.91 ,  'y':  3.06 ,  'r':  0.4 ,  'type':  1}]
63756,1398777862.7716467,[{'idp':  99 ,  'x':  0.89 ,  'y':  3.04 ,  'r':  0.4 ,  'type':  1}]
63757,1398777862.8115933,[{'idp':  99 ,  'x':  0.87 ,  'y':  3.05 ,  'r':  0.4 ,  'type':  1}]
63758,1398777862.811635,[{'idp':  99 ,  'x':  0.87 ,  'y':  3.05 ,  'r':  0.4 ,  'type':  1}]
63759,1398777862.8516648,[{'idp':  99 ,  'x':  0.87 ,  'y':  3.04 ,  'r':  0.4 ,  'type':  1}]
63760,1398777862.8601289,[{'idp':  99 ,  'x':  0.86 ,  'y':  3.05 ,  'r':  0.4 ,  'type':  1}]
63761,1398777862.8996289,[{'idp':  99 ,  'x':  0.85 ,  'y':  3.03 ,  'r':  0.4 ,  'type':  1}]
63762,1398777862.9396768,[{'idp':  99 ,  'x':  0.83 ,  'y':  3.04 ,  'r':  0.4 ,  'type':  1}]
63763,1398777862.9397082,[{'idp':  99 ,  'x':  0.81 ,  'y':  3.04 ,  'r':  0.4 ,  'type':  1}]
63764,1398777862.9796507,[{'idp':  99 ,  'x':  0.77 ,  'y':  3.05 ,  'r':  0.4 ,  'type':  1}]
63765,1398777862.9854825,[{'idp':  99 ,  'x':  0.75 ,  'y':  3.06 ,  'r':  0.4 ,  'type':  1}]
63766,1398777863.0235996,[{'idp':  99 ,  'x':  0.74 ,  'y':  3.06 ,  'r':  0.4 ,  'type':  1}]
63767,1398777863.0635626,[{'idp':  99 ,  'x':  0.73 ,  'y':  3.06 ,  'r':  0.4 ,  'type':  1}]
63768,1398777863.0635881,[{'idp':  99 ,  'x':  0.73 ,  'y':  3.04 ,  'r':  0.4 ,  'type':  1}]
63769,1398777863.103657,[{'idp':  99 ,  'x':  0.72 ,  'y':  3.05 ,  'r':  0.4 ,  'type':  1}]
63770,1398777863.10988,[{'idp':  99 ,  'x':  0.7 ,  'y':  3.05 ,  'r':  0.4 ,  'type':  1}]
63771,1398777863.1475716,[{'idp':  99 ,  'x':  0.68 ,  'y':  3.06 ,  'r':  0.4 ,  'type':  1}]
63772,1398777863.1876247,[{'idp':  99 ,  'x':  0.66 ,  'y':  3.07 ,  'r':  0.4 ,  'type':  1}]
63773,1398777863.18766,[{'idp':  99 ,  'x':  0.65 ,  'y':  3.07 ,  'r':  0.4 ,  'type':  1}]
63774,1398777863.2276578,[{'idp':  99 ,  'x':  0.64 ,  'y':  3.05 ,  'r':  0.4 ,  'type':  1}]
63775,1398777863.2340975,[{'idp':  99 ,  'x':  0.62 ,  'y':  3.07 ,  'r':  0.4 ,  'type':  1}]
63776,1398777863.2715993,[{'idp':  99 ,  'x':  0.63 ,  'y':  3.05 ,  'r':  0.4 ,  'type':  1}]
63777,1398777863.3115072,[{'idp':  99 ,  'x':  0.61 ,  'y':  3.05 ,  'r':  0.4 ,  'type':  1}]
63778,1398777863.3115206,[{'idp':  99 ,  'x':  0.59 ,  'y':  3.05 ,  'r':  0.4 ,  'type':  1}]
63779,1398777863.3516557,[{'idp':  99 ,  'x':  0.58 ,  'y':  3.06 ,  'r':  0.4 ,  'type':  1}]
63780,1398777863.359314,[{'idp':  99 ,  'x':  0.55 ,  'y':  3.06 ,  'r':  0.4 ,  'type':  1}]
63781,1398777863.3955932,[{'idp':  99 ,  'x':  0.57 ,  'y':  3.05 ,  'r':  0.4 ,  'type':  1}]
63782,1398777863.435717,[{'idp':  99 ,  'x':  0.55 ,  'y':  3.06 ,  'r':  0.4 ,  'type':  1}]
63783,1398777863.4357533,[{'idp':  99 ,  'x':  0.55 ,  'y':  3.06 ,  'r':  0.4 ,  'type':  1}]
63784,1398777863.475615,[{'idp':  99 ,  'x':  0.54 ,  'y':  3.05 ,  'r':  0.4 ,  'type':  1}]
63785,1398777863.484519,[{'idp':  99 ,  'x':  0.51 ,  'y':  3.06 ,  'r':  0.4 ,  'type':  1}]
63786,1398777863.5235763,[{'idp':  99 ,  'x':  0.48 ,  'y':  3.07 ,  'r':  0.4 ,  'type':  1}]
63787,1398777863.5639024,[{'idp':  99 ,  'x':  0.45 ,  'y':  3.08 ,  'r':  0.4 ,  'type':  1}]
63788,1398777863.6036348,[{'idp':  99 ,  'x':  0.43 ,  'y':  3.07 ,  'r':  0.4 ,  'type':  1}]
63789,1398777863.6036775,[{'idp':  99 ,  'x':  0.41 ,  'y':  3.07 ,  'r':  0.4 ,  'type':  1}]
63790,1398777863.6436708,[{'idp':  99 ,  'x':  0.4 ,  'y':  3.05 ,  'r':  0.4 ,  'type':  1}]
63791,1398777863.6437018,[{'idp':  99 ,  'x':  0.38 ,  'y':  3.08 ,  'r':  0.4 ,  'type':  1}]
63792,1398777863.6835892,[{'idp':  99 ,  'x':  0.35 ,  'y':  3.06 ,  'r':  0.4 ,  'type':  1}]
63793,1398777863.6844635,[{'idp':  99 ,  'x':  0.33 ,  'y':  3.07 ,  'r':  0.4 ,  'type':  1}]
63794,1398777863.723583,[{'idp':  99 ,  'x':  0.31 ,  'y':  3.07 ,  'r':  0.4 ,  'type':  1}]
63795,1398777863.7635906,[{'idp':  99 ,  'x':  0.29 ,  'y':  3.06 ,  'r':  0.4 ,  'type':  1}]
63796,1398777863.7636244,[{'idp':  99 ,  'x':  0.27 ,  'y':  3.06 ,  'r':  0.4 ,  'type':  1}]
63797,1398777863.8036017,[{'idp':  99 ,  'x':  0.24 ,  'y':  3.07 ,  'r':  0.4 ,  'type':  1}]
63798,1398777863.810615,[{'idp':  99 ,  'x':  0.21 ,  'y':  3.07 ,  'r':  0.4 ,  'type':  1}]
63799,1398777863.847603,[{'idp':  99 ,  'x':  0.19 ,  'y':  3.07 ,  'r':  0.4 ,  'type':  1}]
63800,1398777863.8876104,[{'idp':  99 ,  'x':  0.18 ,  'y':  3.05 ,  'r':  0.4 ,  'type':  1}]
63801,1398777863.8876576,[{'idp':  99 ,  'x':  0.18 ,  'y':  3.05 ,  'r':  0.4 ,  'type':  1}]
63802,1398777863.9276,[{'idp':  99 ,  'x':  0.17 ,  'y':  3.04 ,  'r':  0.4 ,  'type':  1}]
63803,1398777863.9363236,[{'idp':  99 ,  'x':  0.16 ,  'y':  3.03 ,  'r':  0.4 ,  'type':  1}]
63804,1398777863.975639,[{'idp':  99 ,  'x':  0.15 ,  'y':  3.03 ,  'r':  0.4 ,  'type':  1}]
63805,1398777864.0156283,[{'idp':  99 ,  'x':  0.14 ,  'y':  3.01 ,  'r':  0.4 ,  'type':  1}]
63806,1398777864.0156605,[{'idp':  99 ,  'x':  0.14 ,  'y':  2.96 ,  'r':  0.4 ,  'type':  1}]
63807,1398777864.0556884,[{'idp':  99 ,  'x':  0.13 ,  'y':  2.99 ,  'r':  0.4 ,  'type':  1}]
63808,1398777864.061719,[{'idp':  99 ,  'x':  0.13 ,  'y':  3.03 ,  'r':  0.4 ,  'type':  1}]
63809,1398777864.099607,[{'idp':  99 ,  'x':  0.14 ,  'y':  3.06 ,  'r':  0.4 ,  'type':  1}]
63810,1398777864.1395562,[{'idp':  99 ,  'x':  0.16 ,  'y':  3.07 ,  'r':  0.4 ,  'type':  1}]
63811,1398777864.1395879,[{'idp':  99 ,  'x':  0.17 ,  'y':  3.05 ,  'r':  0.4 ,  'type':  1}]
63812,1398777864.179604,[{'idp':  99 ,  'x':  0.16 ,  'y':  3.05 ,  'r':  0.4 ,  'type':  1}]
63813,1398777864.187223,[{'idp':  99 ,  'x':  0.18 ,  'y':  3.05 ,  'r':  0.4 ,  'type':  1}]
63814,1398777864.2236576,[{'idp':  99 ,  'x':  0.18 ,  'y':  3.05 ,  'r':  0.4 ,  'type':  1}]
63815,1398777864.263606,[{'idp':  99 ,  'x':  0.19 ,  'y':  3.07 ,  'r':  0.4 ,  'type':  1}]
63816,1398777864.2636378,[{'idp':  99 ,  'x':  0.21 ,  'y':  3.07 ,  'r':  0.4 ,  'type':  1}]
63817,1398777864.3036506,[{'idp':  99 ,  'x':  0.21 ,  'y':  3.07 ,  'r':  0.4 ,  'type':  1}]
63818,1398777864.312193,[{'idp':  99 ,  'x':  0.22 ,  'y':  3.07 ,  'r':  0.4 ,  'type':  1}]
63819,1398777864.3515913,[{'idp':  99 ,  'x':  0.24 ,  'y':  3.09 ,  'r':  0.4 ,  'type':  1}]
63820,1398777864.3916643,[{'idp':  99 ,  'x':  0.24 ,  'y':  3.08 ,  'r':  0.4 ,  'type':  1}]
63821,1398777864.3916874,[{'idp':  99 ,  'x':  0.24 ,  'y':  3.08 ,  'r':  0.4 ,  'type':  1}]
63822,1398777864.4316685,[{'idp':  99 ,  'x':  0.24 ,  'y':  3.09 ,  'r':  0.4 ,  'type':  1}]
63823,1398777864.4376268,[{'idp':  99 ,  'x':  0.23 ,  'y':  3.1 ,  'r':  0.4 ,  'type':  1}]
63824,1398777864.4755588,[{'idp':  99 ,  'x':  0.23 ,  'y':  3.1 ,  'r':  0.4 ,  'type':  1}]
63825,1398777864.5155597,[{'idp':  99 ,  'x':  0.23 ,  'y':  3.1 ,  'r':  0.4 ,  'type':  1}]
63826,1398777864.5155885,[{'idp':  99 ,  'x':  0.22 ,  'y':  3.09 ,  'r':  0.4 ,  'type':  1}]
63827,1398777864.555553,[{'idp':  99 ,  'x':  0.21 ,  'y':  3.09 ,  'r':  0.4 ,  'type':  1}]
63828,1398777864.5637615,[{'idp':  99 ,  'x':  0.2 ,  'y':  3.1 ,  'r':  0.4 ,  'type':  1}]
63829,1398777864.6036434,[{'idp':  99 ,  'x':  0.21 ,  'y':  3.09 ,  'r':  0.4 ,  'type':  1}]
63830,1398777864.643732,[{'idp':  99 ,  'x':  0.17 ,  'y':  3.07 ,  'r':  0.4 ,  'type':  1}]
63831,1398777864.6437576,[{'idp':  99 ,  'x':  0.17 ,  'y':  3.07 ,  'r':  0.4 ,  'type':  1}]
63832,1398777864.683678,[{'idp':  99 ,  'x':  0.16 ,  'y':  3.06 ,  'r':  0.4 ,  'type':  1}]
63833,1398777864.6884713,[{'idp':  99 ,  'x':  0.15 ,  'y':  3.06 ,  'r':  0.4 ,  'type':  1}]
63834,1398777864.7275953,[{'idp':  99 ,  'x':  0.14 ,  'y':  3.05 ,  'r':  0.4 ,  'type':  1}]
63835,1398777864.767604,[{'idp':  99 ,  'x':  0.15 ,  'y':  3.04 ,  'r':  0.4 ,  'type':  1}]
63836,1398777864.7676265,[{'idp':  99 ,  'x':  0.15 ,  'y':  3.02 ,  'r':  0.4 ,  'type':  1}]
63837,1398777864.8076649,[{'idp':  99 ,  'x':  0.17 ,  'y':  2.99 ,  'r':  0.4 ,  'type':  1}]
63838,1398777864.8135285,[{'idp':  99 ,  'x':  0.2 ,  'y':  2.95 ,  'r':  0.4 ,  'type':  1}]
63839,1398777864.8516252,[{'idp':  99 ,  'x':  0.21 ,  'y':  3.0 ,  'r':  0.4 ,  'type':  1}]
63840,1398777864.8919837,[{'idp':  99 ,  'x':  0.22 ,  'y':  3.03 ,  'r':  0.4 ,  'type':  1}]
63841,1398777864.8920062,[{'idp':  99 ,  'x':  0.22 ,  'y':  3.05 ,  'r':  0.4 ,  'type':  1}]
63842,1398777864.9316761,[{'idp':  99 ,  'x':  0.25 ,  'y':  3.05 ,  'r':  0.4 ,  'type':  1}]
63843,1398777864.9390914,[{'idp':  99 ,  'x':  0.26 ,  'y':  3.03 ,  'r':  0.4 ,  'type':  1}]
63844,1398777864.9755702,[{'idp':  99 ,  'x':  0.28 ,  'y':  3.02 ,  'r':  0.4 ,  'type':  1}]
63845,1398777865.0156012,[{'idp':  99 ,  'x':  0.28 ,  'y':  3.02 ,  'r':  0.4 ,  'type':  1}]
63846,1398777865.015754,[{'idp':  99 ,  'x':  0.28 ,  'y':  3.02 ,  'r':  0.4 ,  'type':  1}]
63847,1398777865.0555632,[{'idp':  99 ,  'x':  0.27 ,  'y':  3.02 ,  'r':  0.4 ,  'type':  1}]
63848,1398777865.0643601,[{'idp':  99 ,  'x':  0.28 ,  'y':  3.01 ,  'r':  0.4 ,  'type':  1}]
63849,1398777865.1036482,[{'idp':  99 ,  'x':  0.29 ,  'y':  3.02 ,  'r':  0.4 ,  'type':  1}]
63850,1398777865.1436272,[{'idp':  99 ,  'x':  0.3 ,  'y':  3.0 ,  'r':  0.4 ,  'type':  1}]
63851,1398777865.1436572,[{'idp':  99 ,  'x':  0.28 ,  'y':  3.01 ,  'r':  0.4 ,  'type':  1}]
63852,1398777865.183646,[{'idp':  99 ,  'x':  0.29 ,  'y':  2.99 ,  'r':  0.4 ,  'type':  1}]
63853,1398777865.1898193,[{'idp':  99 ,  'x':  0.28 ,  'y':  3.0 ,  'r':  0.4 ,  'type':  1}]
63854,1398777865.2279267,[{'idp':  99 ,  'x':  0.27 ,  'y':  2.99 ,  'r':  0.4 ,  'type':  1}]
63855,1398777865.2675412,[{'idp':  99 ,  'x':  0.26 ,  'y':  3.0 ,  'r':  0.4 ,  'type':  1}]
63856,1398777865.2675734,[{'idp':  99 ,  'x':  0.26 ,  'y':  3.0 ,  'r':  0.4 ,  'type':  1}]
63857,1398777865.3075788,[{'idp':  99 ,  'x':  0.26 ,  'y':  3.0 ,  'r':  0.4 ,  'type':  1}]
63858,1398777865.3150132,[{'idp':  99 ,  'x':  0.25 ,  'y':  3.0 ,  'r':  0.4 ,  'type':  1}]
63859,1398777865.3515344,[{'idp':  99 ,  'x':  0.26 ,  'y':  3.0 ,  'r':  0.4 ,  'type':  1}]
63860,1398777865.3915799,[{'idp':  99 ,  'x':  0.26 ,  'y':  2.98 ,  'r':  0.4 ,  'type':  1}]
63861,1398777865.3916178,[{'idp':  99 ,  'x':  0.26 ,  'y':  2.97 ,  'r':  0.4 ,  'type':  1}]
63862,1398777865.4316514,[{'idp':  99 ,  'x':  0.25 ,  'y':  2.98 ,  'r':  0.4 ,  'type':  1}]
63863,1398777865.4413056,[{'idp':  99 ,  'x':  0.24 ,  'y':  2.97 ,  'r':  0.4 ,  'type':  1}]
63864,1398777865.4796164,[{'idp':  99 ,  'x':  0.25 ,  'y':  2.94 ,  'r':  0.4 ,  'type':  1}]
63865,1398777865.5197165,[{'idp':  99 ,  'x':  0.26 ,  'y':  2.91 ,  'r':  0.4 ,  'type':  1}]
63866,1398777865.5197437,[{'idp':  99 ,  'x':  0.26 ,  'y':  2.9 ,  'r':  0.4 ,  'type':  1}]
63867,1398777865.5596464,[{'idp':  99 ,  'x':  0.26 ,  'y':  2.87 ,  'r':  0.4 ,  'type':  1}]
63868,1398777865.5658329,[{'idp':  99 ,  'x':  0.27 ,  'y':  2.83 ,  'r':  0.4 ,  'type':  1}]
63869,1398777865.603703,[{'idp':  99 ,  'x':  0.26 ,  'y':  2.82 ,  'r':  0.4 ,  'type':  1}]
63870,1398777865.6436255,[{'idp':  99 ,  'x':  0.23 ,  'y':  2.81 ,  'r':  0.4 ,  'type':  1}]
63871,1398777865.6436613,[{'idp':  99 ,  'x':  0.21 ,  'y':  2.83 ,  'r':  0.4 ,  'type':  1}]
63872,1398777865.6836064,[{'idp':  99 ,  'x':  0.2 ,  'y':  2.91 ,  'r':  0.4 ,  'type':  1}]
63873,1398777865.691613,[{'idp':  99 ,  'x':  0.2 ,  'y':  2.91 ,  'r':  0.4 ,  'type':  1}]
63874,1398777865.7316775,[{'idp':  99 ,  'x':  0.2 ,  'y':  2.95 ,  'r':  0.4 ,  'type':  1}]
63875,1398777865.7716205,[{'idp':  99 ,  'x':  0.18 ,  'y':  2.95 ,  'r':  0.4 ,  'type':  1}]
63876,1398777865.7716682,[{'idp':  99 ,  'x':  0.16 ,  'y':  2.96 ,  'r':  0.4 ,  'type':  1}]
63877,1398777865.8116374,[{'idp':  99 ,  'x':  0.17 ,  'y':  2.99 ,  'r':  0.4 ,  'type':  1}]
63878,1398777865.8169565,[{'idp':  99 ,  'x':  0.15 ,  'y':  2.98 ,  'r':  0.4 ,  'type':  1}]
63879,1398777865.8555932,[{'idp':  99 ,  'x':  0.14 ,  'y':  2.97 ,  'r':  0.4 ,  'type':  1}]
63880,1398777865.8955767,[{'idp':  99 ,  'x':  0.11 ,  'y':  2.96 ,  'r':  0.4 ,  'type':  1}]
63881,1398777865.8956141,[{'idp':  99 ,  'x':  0.1 ,  'y':  2.94 ,  'r':  0.4 ,  'type':  1}]
63882,1398777865.935542,[{'idp':  99 ,  'x':  0.09 ,  'y':  2.94 ,  'r':  0.4 ,  'type':  1}]
63883,1398777865.9418893,[{'idp':  99 ,  'x':  0.07 ,  'y':  2.92 ,  'r':  0.4 ,  'type':  1}]
63884,1398777865.9795792,[{'idp':  100 ,  'x':  7.16 ,  'y':  0.86 ,  'r':  0.2 ,  'type':  1} ,  {'idp':  101 ,  'x':  7.62 ,  'y':  0.23 ,  'r':  0.2 ,  'type':  1}]
63885,1398777866.0196202,[{'idp':  100 ,  'x':  7.17 ,  'y':  0.82 ,  'r':  0.2 ,  'type':  1} ,  {'idp':  101 ,  'x':  7.65 ,  'y':  0.28 ,  'r':  0.2 ,  'type':  1}]
63886,1398777866.0196548,[{'idp':  100 ,  'x':  7.18 ,  'y':  0.79 ,  'r':  0.2 ,  'type':  1} ,  {'idp':  101 ,  'x':  7.63 ,  'y':  0.28 ,  'r':  0.2 ,  'type':  1}]
63887,1398777866.0595915,[{'idp':  100 ,  'x':  7.17 ,  'y':  0.78 ,  'r':  0.2 ,  'type':  1} ,  {'idp':  101 ,  'x':  7.59 ,  'y':  0.28 ,  'r':  0.2 ,  'type':  1}]
63888,1398777866.0673585,[{'idp':  100 ,  'x':  7.15 ,  'y':  0.78 ,  'r':  0.2 ,  'type':  1} ,  {'idp':  101 ,  'x':  7.59 ,  'y':  0.28 ,  'r':  0.2 ,  'type':  1}]
63889,1398777866.103616,[{'idp':  100 ,  'x':  7.12 ,  'y':  0.81 ,  'r':  0.2 ,  'type':  1} ,  {'idp':  101 ,  'x':  7.56 ,  'y':  0.31 ,  'r':  0.2 ,  'type':  1}]
63890,1398777866.1435838,[{'idp':  100 ,  'x':  7.09 ,  'y':  0.82 ,  'r':  0.2 ,  'type':  1} ,  {'idp':  101 ,  'x':  7.53 ,  'y':  0.33 ,  'r':  0.2 ,  'type':  1}]
63891,1398777866.143613,[{'idp':  100 ,  'x':  7.07 ,  'y':  0.81 ,  'r':  0.2 ,  'type':  1} ,  {'idp':  101 ,  'x':  7.5 ,  'y':  0.33 ,  'r':  0.2 ,  'type':  1}]
63892,1398777866.1836298,[{'idp':  100 ,  'x':  7.04 ,  'y':  0.77 ,  'r':  0.2 ,  'type':  1} ,  {'idp':  101 ,  'x':  7.44 ,  'y':  0.29 ,  'r':  0.2 ,  'type':  1}]
63893,1398777866.192853,[{'idp':  100 ,  'x':  7.03 ,  'y':  0.74 ,  'r':  0.2 ,  'type':  1} ,  {'idp':  101 ,  'x':  7.42 ,  'y':  0.27 ,  'r':  0.2 ,  'type':  1}]
63894,1398777866.231623,[{'idp':  100 ,  'x':  7.01 ,  'y':  0.77 ,  'r':  0.2 ,  'type':  1} ,  {'idp':  101 ,  'x':  7.41 ,  'y':  0.27 ,  'r':  0.2 ,  'type':  1}]
63895,1398777866.2715778,[{'idp':  100 ,  'x':  6.99 ,  'y':  0.8 ,  'r':  0.2 ,  'type':  1} ,  {'idp':  101 ,  'x':  7.41 ,  'y':  0.29 ,  'r':  0.2 ,  'type':  1}]
63896,1398777866.2716076,[{'idp':  100 ,  'x':  6.95 ,  'y':  0.81 ,  'r':  0.2 ,  'type':  1} ,  {'idp':  101 ,  'x':  7.38 ,  'y':  0.32 ,  'r':  0.2 ,  'type':  1}]
63897,1398777866.31168,[{'idp':  100 ,  'x':  6.93 ,  'y':  0.8 ,  'r':  0.2 ,  'type':  1} ,  {'idp':  101 ,  'x':  7.33 ,  'y':  0.32 ,  'r':  0.2 ,  'type':  1}]
63898,1398777866.3182368,[{'idp':  100 ,  'x':  6.87 ,  'y':  0.8 ,  'r':  0.2 ,  'type':  1} ,  {'idp':  101 ,  'x':  7.28 ,  'y':  0.3 ,  'r':  0.2 ,  'type':  1}]
63899,1398777866.355581,[{'idp':  100 ,  'x':  6.82 ,  'y':  0.79 ,  'r':  0.2 ,  'type':  1} ,  {'idp':  101 ,  'x':  7.21 ,  'y':  0.3 ,  'r':  0.2 ,  'type':  1}]
63900,1398777866.3956687,[{'idp':  100 ,  'x':  6.75 ,  'y':  0.78 ,  'r':  0.2 ,  'type':  1} ,  {'idp':  101 ,  'x':  7.16 ,  'y':  0.3 ,  'r':  0.2 ,  'type':  1}]
63901,1398777866.3956926,[{'idp':  100 ,  'x':  6.71 ,  'y':  0.82 ,  'r':  0.2 ,  'type':  1} ,  {'idp':  101 ,  'x':  7.16 ,  'y':  0.3 ,  'r':  0.2 ,  'type':  1}]
63902,1398777866.4356306,[{'idp':  100 ,  'x':  6.68 ,  'y':  0.81 ,  'r':  0.2 ,  'type':  1} ,  {'idp':  101 ,  'x':  7.14 ,  'y':  0.3 ,  'r':  0.2 ,  'type':  1}]
63903,1398777866.443609,[{'idp':  100 ,  'x':  6.64 ,  'y':  0.83 ,  'r':  0.2 ,  'type':  1} ,  {'idp':  101 ,  'x':  7.08 ,  'y':  0.31 ,  'r':  0.2 ,  'type':  1}]
63904,1398777866.4836755,[{'idp':  100 ,  'x':  6.57 ,  'y':  0.85 ,  'r':  0.2 ,  'type':  1} ,  {'idp':  101 ,  'x':  7.03 ,  'y':  0.32 ,  'r':  0.2 ,  'type':  1}]
63905,1398777866.5235698,[{'idp':  100 ,  'x':  6.48 ,  'y':  0.88 ,  'r':  0.2 ,  'type':  1} ,  {'idp':  101 ,  'x':  6.93 ,  'y':  0.33 ,  'r':  0.2 ,  'type':  1}]
63906,1398777866.5236013,[{'idp':  100 ,  'x':  6.42 ,  'y':  0.92 ,  'r':  0.2 ,  'type':  1} ,  {'idp':  101 ,  'x':  6.86 ,  'y':  0.37 ,  'r':  0.2 ,  'type':  1}]
63907,1398777866.5639255,[{'idp':  100 ,  'x':  6.38 ,  'y':  0.95 ,  'r':  0.2 ,  'type':  1} ,  {'idp':  101 ,  'x':  6.81 ,  'y':  0.4 ,  'r':  0.2 ,  'type':  1}]
63908,1398777866.568924,[{'idp':  100 ,  'x':  6.32 ,  'y':  0.94 ,  'r':  0.2 ,  'type':  1} ,  {'idp':  101 ,  'x':  6.77 ,  'y':  0.4 ,  'r':  0.2 ,  'type':  1}]
63909,1398777866.6075563,[{'idp':  100 ,  'x':  6.26 ,  'y':  0.96 ,  'r':  0.2 ,  'type':  1} ,  {'idp':  101 ,  'x':  6.73 ,  'y':  0.4 ,  'r':  0.2 ,  'type':  1}]
63910,1398777866.647634,[{'idp':  100 ,  'x':  6.2 ,  'y':  0.97 ,  'r':  0.2 ,  'type':  1} ,  {'idp':  101 ,  'x':  6.69 ,  'y':  0.41 ,  'r':  0.2 ,  'type':  1}]
63911,1398777866.647666,[{'idp':  100 ,  'x':  6.09 ,  'y':  0.96 ,  'r':  0.2 ,  'type':  1} ,  {'idp':  101 ,  'x':  6.68 ,  'y':  0.45 ,  'r':  0.2 ,  'type':  1}]
63912,1398777866.6877248,[{'idp':  100 ,  'x':  5.99 ,  'y':  0.98 ,  'r':  0.2 ,  'type':  1} ,  {'idp':  101 ,  'x':  6.71 ,  'y':  0.5 ,  'r':  0.2 ,  'type':  1}]
63913,1398777866.6947317,[{'idp':  100 ,  'x':  5.94 ,  'y':  1.02 ,  'r':  0.2 ,  'type':  1} ,  {'idp':  101 ,  'x':  6.7 ,  'y':  0.51 ,  'r':  0.2 ,  'type':  1}]
63914,1398777866.7316518,[{'idp':  100 ,  'x':  5.88 ,  'y':  1.04 ,  'r':  0.2 ,  'type':  1} ,  {'idp':  101 ,  'x':  6.7 ,  'y':  0.53 ,  'r':  0.2 ,  'type':  1}]
63915,1398777866.7716355,[{'idp':  100 ,  'x':  5.83 ,  'y':  1.04 ,  'r':  0.2 ,  'type':  1} ,  {'idp':  101 ,  'x':  6.69 ,  'y':  0.53 ,  'r':  0.2 ,  'type':  1}]
63916,1398777866.7716575,[{'idp':  100 ,  'x':  5.79 ,  'y':  1.06 ,  'r':  0.2 ,  'type':  1} ,  {'idp':  101 ,  'x':  6.67 ,  'y':  0.53 ,  'r':  0.2 ,  'type':  1}]
63917,1398777866.8115916,[{'idp':  100 ,  'x':  5.77 ,  'y':  1.07 ,  'r':  0.2 ,  'type':  1} ,  {'idp':  101 ,  'x':  6.66 ,  'y':  0.52 ,  'r':  0.2 ,  'type':  1}]
63918,1398777866.8220255,[{'idp':  100 ,  'x':  5.72 ,  'y':  1.09 ,  'r':  0.2 ,  'type':  1} ,  {'idp':  101 ,  'x':  6.63 ,  'y':  0.51 ,  'r':  0.2 ,  'type':  1}]
63919,1398777866.8596206,[{'idp':  100 ,  'x':  5.69 ,  'y':  1.09 ,  'r':  0.2 ,  'type':  1} ,  {'idp':  101 ,  'x':  6.59 ,  'y':  0.52 ,  'r':  0.2 ,  'type':  1}]
63920,1398777866.8996067,[{'idp':  100 ,  'x':  5.66 ,  'y':  1.1 ,  'r':  0.2 ,  'type':  1} ,  {'idp':  101 ,  'x':  6.57 ,  'y':  0.53 ,  'r':  0.2 ,  'type':  1}]
63921,1398777866.8996425,[{'idp':  100 ,  'x':  5.63 ,  'y':  1.12 ,  'r':  0.2 ,  'type':  1} ,  {'idp':  101 ,  'x':  6.52 ,  'y':  0.53 ,  'r':  0.2 ,  'type':  1}]
63922,1398777866.9396636,[{'idp':  100 ,  'x':  5.62 ,  'y':  1.12 ,  'r':  0.2 ,  'type':  1} ,  {'idp':  101 ,  'x':  6.46 ,  'y':  0.54 ,  'r':  0.2 ,  'type':  1}]
63923,1398777866.9474697,[{'idp':  100 ,  'x':  5.59 ,  'y':  1.12 ,  'r':  0.2 ,  'type':  1} ,  {'idp':  101 ,  'x':  6.44 ,  'y':  0.55 ,  'r':  0.2 ,  'type':  1}]
63924,1398777866.9835844,[{'idp':  100 ,  'x':  5.58 ,  'y':  1.12 ,  'r':  0.2 ,  'type':  1} ,  {'idp':  101 ,  'x':  6.37 ,  'y':  0.53 ,  'r':  0.2 ,  'type':  1}]
63925,1398777867.0236225,[{'idp':  100 ,  'x':  5.57 ,  'y':  1.12 ,  'r':  0.2 ,  'type':  1} ,  {'idp':  101 ,  'x':  6.33 ,  'y':  0.53 ,  'r':  0.2 ,  'type':  1}]
63926,1398777867.0236542,[{'idp':  100 ,  'x':  5.54 ,  'y':  1.13 ,  'r':  0.2 ,  'type':  1} ,  {'idp':  101 ,  'x':  6.3 ,  'y':  0.51 ,  'r':  0.2 ,  'type':  1}]
63927,1398777867.0636086,[{'idp':  100 ,  'x':  5.53 ,  'y':  1.12 ,  'r':  0.2 ,  'type':  1} ,  {'idp':  101 ,  'x':  6.25 ,  'y':  0.51 ,  'r':  0.2 ,  'type':  1}]
63928,1398777867.0732813,[{'idp':  100 ,  'x':  5.52 ,  'y':  1.13 ,  'r':  0.2 ,  'type':  1} ,  {'idp':  101 ,  'x':  6.2 ,  'y':  0.53 ,  'r':  0.2 ,  'type':  1}]
63929,1398777867.1116314,[{'idp':  100 ,  'x':  5.5 ,  'y':  1.13 ,  'r':  0.2 ,  'type':  1} ,  {'idp':  101 ,  'x':  6.13 ,  'y':  0.54 ,  'r':  0.2 ,  'type':  1}]
63930,1398777867.1516554,[{'idp':  100 ,  'x':  5.51 ,  'y':  1.16 ,  'r':  0.2 ,  'type':  1} ,  {'idp':  101 ,  'x':  6.03 ,  'y':  0.51 ,  'r':  0.2 ,  'type':  1}]
63931,1398777867.1516852,[{'idp':  100 ,  'x':  5.51 ,  'y':  1.18 ,  'r':  0.2 ,  'type':  1} ,  {'idp':  101 ,  'x':  5.95 ,  'y':  0.48 ,  'r':  0.2 ,  'type':  1}]
63932,1398777867.191696,[{'idp':  100 ,  'x':  5.47 ,  'y':  1.19 ,  'r':  0.2 ,  'type':  1} ,  {'idp':  101 ,  'x':  5.9 ,  'y':  0.44 ,  'r':  0.2 ,  'type':  1}]
63933,1398777867.1980834,[{'idp':  100 ,  'x':  5.43 ,  'y':  1.22 ,  'r':  0.2 ,  'type':  1} ,  {'idp':  101 ,  'x':  5.85 ,  'y':  0.43 ,  'r':  0.2 ,  'type':  1}]
63934,1398777867.235603,[{'idp':  100 ,  'x':  5.4 ,  'y':  1.22 ,  'r':  0.2 ,  'type':  1} ,  {'idp':  101 ,  'x':  5.81 ,  'y':  0.43 ,  'r':  0.2 ,  'type':  1}]
63935,1398777867.2756054,[{'idp':  100 ,  'x':  5.37 ,  'y':  1.2 ,  'r':  0.2 ,  'type':  1} ,  {'idp':  101 ,  'x':  5.79 ,  'y':  0.4 ,  'r':  0.2 ,  'type':  1}]
63936,1398777867.2756276,[{'idp':  100 ,  'x':  5.37 ,  'y':  1.19 ,  'r':  0.2 ,  'type':  1} ,  {'idp':  101 ,  'x':  5.79 ,  'y':  0.39 ,  'r':  0.2 ,  'type':  1}]
63937,1398777867.3155334,[{'idp':  100 ,  'x':  5.36 ,  'y':  1.15 ,  'r':  0.2 ,  'type':  1} ,  {'idp':  101 ,  'x':  5.78 ,  'y':  0.39 ,  'r':  0.2 ,  'type':  1}]
63938,1398777867.3227031,[{'idp':  100 ,  'x':  5.34 ,  'y':  1.17 ,  'r':  0.2 ,  'type':  1} ,  {'idp':  101 ,  'x':  5.77 ,  'y':  0.39 ,  'r':  0.2 ,  'type':  1}]
63939,1398777867.3595796,[{'idp':  100 ,  'x':  5.32 ,  'y':  1.17 ,  'r':  0.2 ,  'type':  1} ,  {'idp':  101 ,  'x':  5.76 ,  'y':  0.4 ,  'r':  0.2 ,  'type':  1}]
63940,1398777867.3995888,[{'idp':  100 ,  'x':  5.29 ,  'y':  1.16 ,  'r':  0.2 ,  'type':  1} ,  {'idp':  101 ,  'x':  5.74 ,  'y':  0.39 ,  'r':  0.2 ,  'type':  1}]
63941,1398777867.3996198,[{'idp':  100 ,  'x':  5.26 ,  'y':  1.17 ,  'r':  0.2 ,  'type':  1} ,  {'idp':  101 ,  'x':  5.7 ,  'y':  0.37 ,  'r':  0.2 ,  'type':  1}]
63942,1398777867.4396257,[{'idp':  100 ,  'x':  5.22 ,  'y':  1.17 ,  'r':  0.2 ,  'type':  1} ,  {'idp':  101 ,  'x':  5.68 ,  'y':  0.36 ,  'r':  0.2 ,  'type':  1}]
63943,1398777867.4482143,[{'idp':  100 ,  'x':  5.19 ,  'y':  1.19 ,  'r':  0.2 ,  'type':  1} ,  {'idp':  101 ,  'x':  5.64 ,  'y':  0.37 ,  'r':  0.2 ,  'type':  1}]
63944,1398777867.4876866,[{'idp':  100 ,  'x':  5.14 ,  'y':  1.21 ,  'r':  0.2 ,  'type':  1} ,  {'idp':  101 ,  'x':  5.61 ,  'y':  0.38 ,  'r':  0.2 ,  'type':  1}]
63945,1398777867.527654,[{'idp':  100 ,  'x':  5.1 ,  'y':  1.22 ,  'r':  0.2 ,  'type':  1} ,  {'idp':  101 ,  'x':  5.58 ,  'y':  0.4 ,  'r':  0.2 ,  'type':  1}]
63946,1398777867.5276911,[{'idp':  100 ,  'x':  5.06 ,  'y':  1.24 ,  'r':  0.2 ,  'type':  1} ,  {'idp':  101 ,  'x':  5.54 ,  'y':  0.41 ,  'r':  0.2 ,  'type':  1}]
63947,1398777867.5676868,[{'idp':  100 ,  'x':  5.0 ,  'y':  1.26 ,  'r':  0.2 ,  'type':  1} ,  {'idp':  101 ,  'x':  5.48 ,  'y':  0.42 ,  'r':  0.2 ,  'type':  1}]
63948,1398777867.572336,[{'idp':  100 ,  'x':  4.93 ,  'y':  1.26 ,  'r':  0.2 ,  'type':  1} ,  {'idp':  101 ,  'x':  5.42 ,  'y':  0.39 ,  'r':  0.2 ,  'type':  1}]
63949,1398777867.6116168,[{'idp':  100 ,  'x':  4.9 ,  'y':  1.27 ,  'r':  0.2 ,  'type':  1} ,  {'idp':  101 ,  'x':  5.32 ,  'y':  0.38 ,  'r':  0.2 ,  'type':  1}]
63950,1398777867.6516027,[{'idp':  100 ,  'x':  4.86 ,  'y':  1.28 ,  'r':  0.2 ,  'type':  1} ,  {'idp':  101 ,  'x':  5.25 ,  'y':  0.41 ,  'r':  0.2 ,  'type':  1}]
63951,1398777867.6516368,[{'idp':  100 ,  'x':  4.79 ,  'y':  1.31 ,  'r':  0.2 ,  'type':  1} ,  {'idp':  101 ,  'x':  5.17 ,  'y':  0.43 ,  'r':  0.2 ,  'type':  1}]
63952,1398777867.6916203,[{'idp':  100 ,  'x':  4.75 ,  'y':  1.36 ,  'r':  0.2 ,  'type':  1} ,  {'idp':  101 ,  'x':  5.12 ,  'y':  0.46 ,  'r':  0.2 ,  'type':  1}]
63953,1398777867.6981065,[{'idp':  100 ,  'x':  4.73 ,  'y':  1.41 ,  'r':  0.2 ,  'type':  1} ,  {'idp':  101 ,  'x':  5.08 ,  'y':  0.48 ,  'r':  0.2 ,  'type':  1}]
63954,1398777867.7358065,[{'idp':  100 ,  'x':  4.69 ,  'y':  1.42 ,  'r':  0.2 ,  'type':  1} ,  {'idp':  101 ,  'x':  5.04 ,  'y':  0.5 ,  'r':  0.2 ,  'type':  1}]
63955,1398777867.7755897,[{'idp':  100 ,  'x':  4.66 ,  'y':  1.44 ,  'r':  0.2 ,  'type':  1} ,  {'idp':  101 ,  'x':  5.0 ,  'y':  0.5 ,  'r':  0.2 ,  'type':  1}]
63956,1398777867.7756176,[{'idp':  100 ,  'x':  4.61 ,  'y':  1.43 ,  'r':  0.2 ,  'type':  1} ,  {'idp':  101 ,  'x':  4.95 ,  'y':  0.52 ,  'r':  0.2 ,  'type':  1}]
63957,1398777867.8156068,[{'idp':  100 ,  'x':  4.54 ,  'y':  1.45 ,  'r':  0.2 ,  'type':  1} ,  {'idp':  101 ,  'x':  4.9 ,  'y':  0.55 ,  'r':  0.2 ,  'type':  1}]
63958,1398777867.8234699,[{'idp':  100 ,  'x':  4.46 ,  'y':  1.43 ,  'r':  0.2 ,  'type':  1} ,  {'idp':  101 ,  'x':  4.86 ,  'y':  0.55 ,  'r':  0.2 ,  'type':  1}]
63959,1398777867.859612,[{'idp':  100 ,  'x':  4.37 ,  'y':  1.4 ,  'r':  0.2 ,  'type':  1} ,  {'idp':  101 ,  'x':  4.81 ,  'y':  0.55 ,  'r':  0.2 ,  'type':  1}]
63960,1398777867.89955,[{'idp':  100 ,  'x':  4.31 ,  'y':  1.38 ,  'r':  0.2 ,  'type':  1} ,  {'idp':  101 ,  'x':  4.77 ,  'y':  0.53 ,  'r':  0.2 ,  'type':  1}]
63961,1398777867.899575,[{'idp':  100 ,  'x':  4.26 ,  'y':  1.38 ,  'r':  0.2 ,  'type':  1} ,  {'idp':  101 ,  'x':  4.73 ,  'y':  0.56 ,  'r':  0.2 ,  'type':  1}]
63962,1398777867.9396489,[{'idp':  100 ,  'x':  4.2 ,  'y':  1.39 ,  'r':  0.2 ,  'type':  1} ,  {'idp':  101 ,  'x':  4.7 ,  'y':  0.58 ,  'r':  0.2 ,  'type':  1}]
63963,1398777867.948448,[{'idp':  100 ,  'x':  4.15 ,  'y':  1.39 ,  'r':  0.2 ,  'type':  1} ,  {'idp':  101 ,  'x':  4.73 ,  'y':  0.63 ,  'r':  0.2 ,  'type':  1}]
63964,1398777867.9876137,[{'idp':  100 ,  'x':  4.11 ,  'y':  1.4 ,  'r':  0.2 ,  'type':  1} ,  {'idp':  101 ,  'x':  4.73 ,  'y':  0.64 ,  'r':  0.2 ,  'type':  1}]
63965,1398777868.0276165,[{'idp':  100 ,  'x':  4.09 ,  'y':  1.41 ,  'r':  0.2 ,  'type':  1} ,  {'idp':  101 ,  'x':  4.72 ,  'y':  0.66 ,  'r':  0.2 ,  'type':  1}]
63966,1398777868.0276508,[{'idp':  100 ,  'x':  4.05 ,  'y':  1.42 ,  'r':  0.2 ,  'type':  1} ,  {'idp':  101 ,  'x':  4.71 ,  'y':  0.68 ,  'r':  0.2 ,  'type':  1}]
63967,1398777868.0676277,[{'idp':  100 ,  'x':  4.03 ,  'y':  1.43 ,  'r':  0.2 ,  'type':  1} ,  {'idp':  101 ,  'x':  4.69 ,  'y':  0.69 ,  'r':  0.2 ,  'type':  1}]
63968,1398777868.0743494,[{'idp':  100 ,  'x':  3.98 ,  'y':  1.42 ,  'r':  0.2 ,  'type':  1} ,  {'idp':  101 ,  'x':  4.66 ,  'y':  0.69 ,  'r':  0.2 ,  'type':  1}]
63969,1398777868.1155717,[{'idp':  100 ,  'x':  3.95 ,  'y':  1.42 ,  'r':  0.2 ,  'type':  1} ,  {'idp':  101 ,  'x':  4.64 ,  'y':  0.68 ,  'r':  0.2 ,  'type':  1}]
63970,1398777868.1555972,[{'idp':  100 ,  'x':  3.91 ,  'y':  1.39 ,  'r':  0.2 ,  'type':  1} ,  {'idp':  101 ,  'x':  4.58 ,  'y':  0.67 ,  'r':  0.2 ,  'type':  1}]
63971,1398777868.1556318,[{'idp':  100 ,  'x':  3.9 ,  'y':  1.38 ,  'r':  0.2 ,  'type':  1} ,  {'idp':  101 ,  'x':  4.56 ,  'y':  0.67 ,  'r':  0.2 ,  'type':  1}]
63972,1398777868.1957462,[{'idp':  100 ,  'x':  3.87 ,  'y':  1.37 ,  'r':  0.2 ,  'type':  1} ,  {'idp':  101 ,  'x':  4.56 ,  'y':  0.67 ,  'r':  0.2 ,  'type':  1}]
63973,1398777868.1992846,[{'idp':  100 ,  'x':  3.85 ,  'y':  1.38 ,  'r':  0.2 ,  'type':  1} ,  {'idp':  101 ,  'x':  4.52 ,  'y':  0.69 ,  'r':  0.2 ,  'type':  1}]
63974,1398777868.2356036,[{'idp':  100 ,  'x':  3.84 ,  'y':  1.4 ,  'r':  0.2 ,  'type':  1} ,  {'idp':  101 ,  'x':  4.45 ,  'y':  0.7 ,  'r':  0.2 ,  'type':  1}]
63975,1398777868.2755804,[{'idp':  100 ,  'x':  3.82 ,  'y':  1.4 ,  'r':  0.2 ,  'type':  1} ,  {'idp':  101 ,  'x':  4.4 ,  'y':  0.69 ,  'r':  0.2 ,  'type':  1}]
63976,1398777868.2756112,[{'idp':  100 ,  'x':  3.81 ,  'y':  1.41 ,  'r':  0.2 ,  'type':  1} ,  {'idp':  101 ,  'x':  4.35 ,  'y':  0.69 ,  'r':  0.2 ,  'type':  1}]
63977,1398777868.3155854,[{'idp':  100 ,  'x':  3.79 ,  'y':  1.41 ,  'r':  0.2 ,  'type':  1} ,  {'idp':  101 ,  'x':  4.29 ,  'y':  0.68 ,  'r':  0.2 ,  'type':  1}]
63978,1398777868.325364,[{'idp':  100 ,  'x':  3.8 ,  'y':  1.43 ,  'r':  0.2 ,  'type':  1} ,  {'idp':  101 ,  'x':  4.23 ,  'y':  0.67 ,  'r':  0.2 ,  'type':  1}]
63979,1398777868.3636193,[{'idp':  100 ,  'x':  3.79 ,  'y':  1.44 ,  'r':  0.2 ,  'type':  1} ,  {'idp':  101 ,  'x':  4.19 ,  'y':  0.65 ,  'r':  0.2 ,  'type':  1}]
63980,1398777868.4036748,[{'idp':  100 ,  'x':  3.76 ,  'y':  1.46 ,  'r':  0.2 ,  'type':  1} ,  {'idp':  101 ,  'x':  4.14 ,  'y':  0.64 ,  'r':  0.2 ,  'type':  1}]
63981,1398777868.4037297,[{'idp':  100 ,  'x':  3.73 ,  'y':  1.47 ,  'r':  0.2 ,  'type':  1} ,  {'idp':  101 ,  'x':  4.1 ,  'y':  0.62 ,  'r':  0.2 ,  'type':  1}]
63982,1398777868.443608,[{'idp':  100 ,  'x':  3.68 ,  'y':  1.47 ,  'r':  0.2 ,  'type':  1} ,  {'idp':  101 ,  'x':  4.07 ,  'y':  0.62 ,  'r':  0.2 ,  'type':  1}]
63983,1398777868.449975,[{'idp':  100 ,  'x':  3.64 ,  'y':  1.47 ,  'r':  0.2 ,  'type':  1} ,  {'idp':  101 ,  'x':  4.04 ,  'y':  0.62 ,  'r':  0.2 ,  'type':  1}]
63984,1398777868.4876335,[{'idp':  100 ,  'x':  3.61 ,  'y':  1.44 ,  'r':  0.2 ,  'type':  1} ,  {'idp':  101 ,  'x':  3.99 ,  'y':  0.61 ,  'r':  0.2 ,  'type':  1}]
63985,1398777868.527629,[{'idp':  100 ,  'x':  3.63 ,  'y':  1.43 ,  'r':  0.2 ,  'type':  1} ,  {'idp':  101 ,  'x':  3.95 ,  'y':  0.61 ,  'r':  0.2 ,  'type':  1}]
63986,1398777868.527662,[{'idp':  100 ,  'x':  3.64 ,  'y':  1.4 ,  'r':  0.2 ,  'type':  1} ,  {'idp':  101 ,  'x':  3.91 ,  'y':  0.6 ,  'r':  0.2 ,  'type':  1}]
63987,1398777868.5676458,[{'idp':  100 ,  'x':  3.61 ,  'y':  1.41 ,  'r':  0.2 ,  'type':  1} ,  {'idp':  101 ,  'x':  3.89 ,  'y':  0.6 ,  'r':  0.2 ,  'type':  1}]
63988,1398777868.5759354,[{'idp':  100 ,  'x':  3.59 ,  'y':  1.41 ,  'r':  0.2 ,  'type':  1} ,  {'idp':  101 ,  'x':  3.88 ,  'y':  0.58 ,  'r':  0.2 ,  'type':  1}]
63989,1398777868.6155941,[{'idp':  100 ,  'x':  3.57 ,  'y':  1.4 ,  'r':  0.2 ,  'type':  1} ,  {'idp':  101 ,  'x':  3.88 ,  'y':  0.56 ,  'r':  0.2 ,  'type':  1}]
63990,1398777868.6556356,[{'idp':  100 ,  'x':  3.54 ,  'y':  1.4 ,  'r':  0.2 ,  'type':  1} ,  {'idp':  101 ,  'x':  3.88 ,  'y':  0.54 ,  'r':  0.2 ,  'type':  1}]
63991,1398777868.6556685,[{'idp':  100 ,  'x':  3.51 ,  'y':  1.41 ,  'r':  0.2 ,  'type':  1} ,  {'idp':  101 ,  'x':  3.88 ,  'y':  0.54 ,  'r':  0.2 ,  'type':  1}]
63992,1398777868.6956592,[{'idp':  100 ,  'x':  3.46 ,  'y':  1.41 ,  'r':  0.2 ,  'type':  1} ,  {'idp':  101 ,  'x':  3.86 ,  'y':  0.54 ,  'r':  0.2 ,  'type':  1}]
63993,1398777868.7006705,[{'idp':  100 ,  'x':  3.44 ,  'y':  1.42 ,  'r':  0.2 ,  'type':  1} ,  {'idp':  101 ,  'x':  3.83 ,  'y':  0.55 ,  'r':  0.2 ,  'type':  1}]
63994,1398777868.7396252,[{'idp':  100 ,  'x':  3.38 ,  'y':  1.4 ,  'r':  0.2 ,  'type':  1} ,  {'idp':  101 ,  'x':  3.81 ,  'y':  0.55 ,  'r':  0.2 ,  'type':  1}]
63995,1398777868.7796233,[{'idp':  100 ,  'x':  3.34 ,  'y':  1.4 ,  'r':  0.2 ,  'type':  1} ,  {'idp':  101 ,  'x':  3.78 ,  'y':  0.55 ,  'r':  0.2 ,  'type':  1}]
63996,1398777868.7796528,[{'idp':  100 ,  'x':  3.29 ,  'y':  1.4 ,  'r':  0.2 ,  'type':  1} ,  {'idp':  101 ,  'x':  3.74 ,  'y':  0.55 ,  'r':  0.2 ,  'type':  1}]
63997,1398777868.8196192,[{'idp':  100 ,  'x':  3.22 ,  'y':  1.39 ,  'r':  0.2 ,  'type':  1} ,  {'idp':  101 ,  'x':  3.73 ,  'y':  0.54 ,  'r':  0.2 ,  'type':  1}]
63998,1398777868.8261302,[{'idp':  100 ,  'x':  3.16 ,  'y':  1.39 ,  'r':  0.2 ,  'type':  1} ,  {'idp':  101 ,  'x':  3.7 ,  'y':  0.55 ,  'r':  0.2 ,  'type':  1}]
63999,1398777868.8636649,[{'idp':  100 ,  'x':  3.11 ,  'y':  1.39 ,  'r':  0.2 ,  'type':  1} ,  {'idp':  101 ,  'x':  3.68 ,  'y':  0.56 ,  'r':  0.2 ,  'type':  1}]
64000,1398777868.9035993,[{'idp':  100 ,  'x':  3.05 ,  'y':  1.4 ,  'r':  0.2 ,  'type':  1} ,  {'idp':  101 ,  'x':  3.65 ,  'y':  0.57 ,  'r':  0.2 ,  'type':  1}]
64001,1398777868.9036324,[{'idp':  100 ,  'x':  3.01 ,  'y':  1.42 ,  'r':  0.2 ,  'type':  1} ,  {'idp':  101 ,  'x':  3.6 ,  'y':  0.56 ,  'r':  0.2 ,  'type':  1}]
64002,1398777868.9435933,[{'idp':  100 ,  'x':  2.94 ,  'y':  1.42 ,  'r':  0.2 ,  'type':  1} ,  {'idp':  101 ,  'x':  3.54 ,  'y':  0.55 ,  'r':  0.2 ,  'type':  1}]
64003,1398777868.952733,[{'idp':  100 ,  'x':  2.87 ,  'y':  1.45 ,  'r':  0.2 ,  'type':  1} ,  {'idp':  101 ,  'x':  3.47 ,  'y':  0.56 ,  'r':  0.2 ,  'type':  1}]
64004,1398777868.9916055,[{'idp':  100 ,  'x':  2.82 ,  'y':  1.45 ,  'r':  0.2 ,  'type':  1} ,  {'idp':  101 ,  'x':  3.4 ,  'y':  0.56 ,  'r':  0.2 ,  'type':  1}]
64005,1398777869.035704,[{'idp':  100 ,  'x':  2.76 ,  'y':  1.45 ,  'r':  0.2 ,  'type':  1} ,  {'idp':  101 ,  'x':  3.33 ,  'y':  0.57 ,  'r':  0.2 ,  'type':  1}]
64006,1398777869.035831,[{'idp':  100 ,  'x':  2.72 ,  'y':  1.43 ,  'r':  0.2 ,  'type':  1} ,  {'idp':  101 ,  'x':  3.29 ,  'y':  0.58 ,  'r':  0.2 ,  'type':  1}]
64007,1398777869.0757012,[{'idp':  100 ,  'x':  2.67 ,  'y':  1.42 ,  'r':  0.2 ,  'type':  1} ,  {'idp':  101 ,  'x':  3.24 ,  'y':  0.59 ,  'r':  0.2 ,  'type':  1}]
64008,1398777869.0774093,[{'idp':  100 ,  'x':  2.62 ,  'y':  1.4 ,  'r':  0.2 ,  'type':  1} ,  {'idp':  101 ,  'x':  3.2 ,  'y':  0.61 ,  'r':  0.2 ,  'type':  1}]
64009,1398777869.1156077,[{'idp':  100 ,  'x':  2.51 ,  'y':  1.37 ,  'r':  0.2 ,  'type':  1} ,  {'idp':  101 ,  'x':  3.15 ,  'y':  0.65 ,  'r':  0.2 ,  'type':  1}]
64010,1398777869.1556134,[{'idp':  100 ,  'x':  2.43 ,  'y':  1.35 ,  'r':  0.2 ,  'type':  1} ,  {'idp':  101 ,  'x':  3.1 ,  'y':  0.67 ,  'r':  0.2 ,  'type':  1}]
64011,1398777869.1556463,[{'idp':  100 ,  'x':  2.38 ,  'y':  1.34 ,  'r':  0.2 ,  'type':  1} ,  {'idp':  101 ,  'x':  3.05 ,  'y':  0.69 ,  'r':  0.2 ,  'type':  1}]
64012,1398777869.1956553,[{'idp':  100 ,  'x':  2.34 ,  'y':  1.34 ,  'r':  0.2 ,  'type':  1} ,  {'idp':  101 ,  'x':  3.01 ,  'y':  0.7 ,  'r':  0.2 ,  'type':  1}]
64013,1398777869.2029727,[{'idp':  100 ,  'x':  2.28 ,  'y':  1.34 ,  'r':  0.2 ,  'type':  1} ,  {'idp':  101 ,  'x':  2.97 ,  'y':  0.7 ,  'r':  0.2 ,  'type':  1}]
64014,1398777869.2395773,[{'idp':  100 ,  'x':  2.24 ,  'y':  1.33 ,  'r':  0.2 ,  'type':  1} ,  {'idp':  101 ,  'x':  2.92 ,  'y':  0.7 ,  'r':  0.2 ,  'type':  1}]
64015,1398777869.2796042,[{'idp':  100 ,  'x':  2.21 ,  'y':  1.33 ,  'r':  0.2 ,  'type':  1} ,  {'idp':  101 ,  'x':  2.87 ,  'y':  0.69 ,  'r':  0.2 ,  'type':  1}]
64016,1398777869.2796438,[{'idp':  100 ,  'x':  2.18 ,  'y':  1.34 ,  'r':  0.2 ,  'type':  1} ,  {'idp':  101 ,  'x':  2.81 ,  'y':  0.69 ,  'r':  0.2 ,  'type':  1}]
64017,1398777869.3196568,[{'idp':  100 ,  'x':  2.14 ,  'y':  1.34 ,  'r':  0.2 ,  'type':  1} ,  {'idp':  101 ,  'x':  2.72 ,  'y':  0.67 ,  'r':  0.2 ,  'type':  1}]
64018,1398777869.3280988,[{'idp':  100 ,  'x':  2.11 ,  'y':  1.34 ,  'r':  0.2 ,  'type':  1} ,  {'idp':  101 ,  'x':  2.67 ,  'y':  0.67 ,  'r':  0.2 ,  'type':  1}]
64019,1398777869.3676453,[{'idp':  100 ,  'x':  2.08 ,  'y':  1.33 ,  'r':  0.2 ,  'type':  1} ,  {'idp':  101 ,  'x':  2.62 ,  'y':  0.68 ,  'r':  0.2 ,  'type':  1}]
64020,1398777869.4076178,[{'idp':  100 ,  'x':  2.04 ,  'y':  1.31 ,  'r':  0.2 ,  'type':  1} ,  {'idp':  101 ,  'x':  2.58 ,  'y':  0.69 ,  'r':  0.2 ,  'type':  1}]
64021,1398777869.4076467,[{'idp':  100 ,  'x':  2.02 ,  'y':  1.3 ,  'r':  0.2 ,  'type':  1} ,  {'idp':  101 ,  'x':  2.55 ,  'y':  0.69 ,  'r':  0.2 ,  'type':  1}]
64022,1398777869.447614,[{'idp':  100 ,  'x':  1.99 ,  'y':  1.3 ,  'r':  0.2 ,  'type':  1} ,  {'idp':  101 ,  'x':  2.53 ,  'y':  0.69 ,  'r':  0.2 ,  'type':  1}]
64023,1398777869.4533277,[{'idp':  100 ,  'x':  1.98 ,  'y':  1.3 ,  'r':  0.2 ,  'type':  1} ,  {'idp':  101 ,  'x':  2.48 ,  'y':  0.71 ,  'r':  0.2 ,  'type':  1}]
64024,1398777869.4915714,[{'idp':  100 ,  'x':  1.98 ,  'y':  1.32 ,  'r':  0.2 ,  'type':  1} ,  {'idp':  101 ,  'x':  2.46 ,  'y':  0.71 ,  'r':  0.2 ,  'type':  1}]
64025,1398777869.5316238,[{'idp':  100 ,  'x':  1.96 ,  'y':  1.33 ,  'r':  0.2 ,  'type':  1} ,  {'idp':  101 ,  'x':  2.44 ,  'y':  0.72 ,  'r':  0.2 ,  'type':  1}]
64026,1398777869.5317063,[{'idp':  100 ,  'x':  1.95 ,  'y':  1.35 ,  'r':  0.2 ,  'type':  1} ,  {'idp':  101 ,  'x':  2.41 ,  'y':  0.72 ,  'r':  0.2 ,  'type':  1}]
64027,1398777869.5716057,[{'idp':  100 ,  'x':  1.93 ,  'y':  1.35 ,  'r':  0.2 ,  'type':  1} ,  {'idp':  101 ,  'x':  2.39 ,  'y':  0.73 ,  'r':  0.2 ,  'type':  1}]
64028,1398777869.5785751,[{'idp':  100 ,  'x':  1.9 ,  'y':  1.36 ,  'r':  0.2 ,  'type':  1} ,  {'idp':  101 ,  'x':  2.37 ,  'y':  0.72 ,  'r':  0.2 ,  'type':  1}]
64029,1398777869.6156356,[{'idp':  100 ,  'x':  1.87 ,  'y':  1.37 ,  'r':  0.2 ,  'type':  1} ,  {'idp':  101 ,  'x':  2.34 ,  'y':  0.72 ,  'r':  0.2 ,  'type':  1}]
64030,1398777869.6556349,[{'idp':  100 ,  'x':  1.84 ,  'y':  1.38 ,  'r':  0.2 ,  'type':  1} ,  {'idp':  101 ,  'x':  2.33 ,  'y':  0.72 ,  'r':  0.2 ,  'type':  1}]
64031,1398777869.6557019,[{'idp':  100 ,  'x':  1.78 ,  'y':  1.37 ,  'r':  0.2 ,  'type':  1} ,  {'idp':  101 ,  'x':  2.32 ,  'y':  0.74 ,  'r':  0.2 ,  'type':  1}]
64032,1398777869.6956134,[{'idp':  100 ,  'x':  1.75 ,  'y':  1.36 ,  'r':  0.2 ,  'type':  1} ,  {'idp':  101 ,  'x':  2.32 ,  'y':  0.77 ,  'r':  0.2 ,  'type':  1}]
64033,1398777869.704049,[{'idp':  100 ,  'x':  1.73 ,  'y':  1.34 ,  'r':  0.2 ,  'type':  1} ,  {'idp':  101 ,  'x':  2.3 ,  'y':  0.79 ,  'r':  0.2 ,  'type':  1}]
64034,1398777869.7436075,[{'idp':  100 ,  'x':  1.76 ,  'y':  1.32 ,  'r':  0.2 ,  'type':  1} ,  {'idp':  101 ,  'x':  2.27 ,  'y':  0.8 ,  'r':  0.2 ,  'type':  1}]
64035,1398777869.7836013,[{'idp':  100 ,  'x':  1.78 ,  'y':  1.31 ,  'r':  0.2 ,  'type':  1} ,  {'idp':  101 ,  'x':  2.24 ,  'y':  0.81 ,  'r':  0.2 ,  'type':  1}]
64036,1398777869.7836587,[{'idp':  100 ,  'x':  1.77 ,  'y':  1.31 ,  'r':  0.2 ,  'type':  1} ,  {'idp':  101 ,  'x':  2.21 ,  'y':  0.83 ,  'r':  0.2 ,  'type':  1}]
64037,1398777869.8237607,[{'idp':  100 ,  'x':  1.75 ,  'y':  1.3 ,  'r':  0.2 ,  'type':  1} ,  {'idp':  101 ,  'x':  2.18 ,  'y':  0.85 ,  'r':  0.2 ,  'type':  1}]
64038,1398777869.829331,[{'idp':  100 ,  'x':  1.73 ,  'y':  1.3 ,  'r':  0.2 ,  'type':  1} ,  {'idp':  101 ,  'x':  2.13 ,  'y':  0.85 ,  'r':  0.2 ,  'type':  1}]
64039,1398777869.867672,[{'idp':  100 ,  'x':  1.7 ,  'y':  1.29 ,  'r':  0.2 ,  'type':  1} ,  {'idp':  101 ,  'x':  2.09 ,  'y':  0.85 ,  'r':  0.2 ,  'type':  1}]
64040,1398777869.9076228,[{'idp':  100 ,  'x':  1.68 ,  'y':  1.29 ,  'r':  0.2 ,  'type':  1} ,  {'idp':  101 ,  'x':  2.06 ,  'y':  0.84 ,  'r':  0.2 ,  'type':  1}]
64041,1398777869.9076865,[{'idp':  100 ,  'x':  1.65 ,  'y':  1.29 ,  'r':  0.2 ,  'type':  1} ,  {'idp':  101 ,  'x':  2.03 ,  'y':  0.83 ,  'r':  0.2 ,  'type':  1}]
64042,1398777869.947628,[{'idp':  100 ,  'x':  1.61 ,  'y':  1.28 ,  'r':  0.2 ,  'type':  1} ,  {'idp':  101 ,  'x':  2.03 ,  'y':  0.81 ,  'r':  0.2 ,  'type':  1}]
64043,1398777869.9543128,[{'idp':  100 ,  'x':  1.58 ,  'y':  1.29 ,  'r':  0.2 ,  'type':  1} ,  {'idp':  101 ,  'x':  2.04 ,  'y':  0.77 ,  'r':  0.2 ,  'type':  1}]
64044,1398777869.991653,[{'idp':  100 ,  'x':  1.51 ,  'y':  1.27 ,  'r':  0.2 ,  'type':  1} ,  {'idp':  101 ,  'x':  2.03 ,  'y':  0.76 ,  'r':  0.2 ,  'type':  1}]
64045,1398777870.0316215,[{'idp':  100 ,  'x':  1.46 ,  'y':  1.27 ,  'r':  0.2 ,  'type':  1} ,  {'idp':  101 ,  'x':  2.0 ,  'y':  0.77 ,  'r':  0.2 ,  'type':  1}]
64046,1398777870.0316396,[{'idp':  100 ,  'x':  1.39 ,  'y':  1.25 ,  'r':  0.2 ,  'type':  1} ,  {'idp':  101 ,  'x':  1.98 ,  'y':  0.78 ,  'r':  0.2 ,  'type':  1}]
64047,1398777870.0716386,[{'idp':  100 ,  'x':  1.33 ,  'y':  1.24 ,  'r':  0.2 ,  'type':  1} ,  {'idp':  101 ,  'x':  1.96 ,  'y':  0.77 ,  'r':  0.2 ,  'type':  1}]
64048,1398777870.080339,[{'idp':  100 ,  'x':  1.27 ,  'y':  1.23 ,  'r':  0.2 ,  'type':  1} ,  {'idp':  101 ,  'x':  1.94 ,  'y':  0.77 ,  'r':  0.2 ,  'type':  1}]
64049,1398777870.1195548,[{'idp':  100 ,  'x':  1.21 ,  'y':  1.23 ,  'r':  0.2 ,  'type':  1} ,  {'idp':  101 ,  'x':  1.92 ,  'y':  0.78 ,  'r':  0.2 ,  'type':  1}]
64050,1398777870.1596713,[{'idp':  100 ,  'x':  1.15 ,  'y':  1.24 ,  'r':  0.2 ,  'type':  1} ,  {'idp':  101 ,  'x':  1.89 ,  'y':  0.8 ,  'r':  0.2 ,  'type':  1}]
64051,1398777870.1596997,[{'idp':  100 ,  'x':  1.08 ,  'y':  1.26 ,  'r':  0.2 ,  'type':  1} ,  {'idp':  101 ,  'x':  1.86 ,  'y':  0.81 ,  'r':  0.2 ,  'type':  1}]
64052,1398777870.1996756,[{'idp':  100 ,  'x':  1.02 ,  'y':  1.27 ,  'r':  0.2 ,  'type':  1} ,  {'idp':  101 ,  'x':  1.83 ,  'y':  0.81 ,  'r':  0.2 ,  'type':  1}]
64053,1398777870.2059903,[{'idp':  100 ,  'x':  0.97 ,  'y':  1.27 ,  'r':  0.2 ,  'type':  1} ,  {'idp':  101 ,  'x':  1.79 ,  'y':  0.81 ,  'r':  0.2 ,  'type':  1}]
64054,1398777870.2435746,[{'idp':  100 ,  'x':  0.92 ,  'y':  1.25 ,  'r':  0.2 ,  'type':  1} ,  {'idp':  101 ,  'x':  1.75 ,  'y':  0.81 ,  'r':  0.2 ,  'type':  1}]
64055,1398777870.2835886,[{'idp':  100 ,  'x':  0.86 ,  'y':  1.21 ,  'r':  0.2 ,  'type':  1} ,  {'idp':  101 ,  'x':  1.7 ,  'y':  0.82 ,  'r':  0.2 ,  'type':  1}]
64056,1398777870.283619,[{'idp':  100 ,  'x':  0.78 ,  'y':  1.17 ,  'r':  0.2 ,  'type':  1} ,  {'idp':  101 ,  'x':  1.64 ,  'y':  0.82 ,  'r':  0.2 ,  'type':  1}]
64057,1398777870.3236098,[{'idp':  100 ,  'x':  0.74 ,  'y':  1.18 ,  'r':  0.2 ,  'type':  1} ,  {'idp':  101 ,  'x':  1.58 ,  'y':  0.83 ,  'r':  0.2 ,  'type':  1}]
64058,1398777870.3313642,[{'idp':  100 ,  'x':  0.69 ,  'y':  1.19 ,  'r':  0.2 ,  'type':  1} ,  {'idp':  101 ,  'x':  1.52 ,  'y':  0.84 ,  'r':  0.2 ,  'type':  1}]
64059,1398777870.3676376,[{'idp':  100 ,  'x':  0.6 ,  'y':  1.14 ,  'r':  0.2 ,  'type':  1} ,  {'idp':  101 ,  'x':  1.48 ,  'y':  0.85 ,  'r':  0.2 ,  'type':  1}]
64060,1398777870.4076884,[{'idp':  100 ,  'x':  0.54 ,  'y':  1.14 ,  'r':  0.2 ,  'type':  1} ,  {'idp':  101 ,  'x':  1.45 ,  'y':  0.86 ,  'r':  0.2 ,  'type':  1}]
64061,1398777870.4077158,[{'idp':  100 ,  'x':  0.49 ,  'y':  1.13 ,  'r':  0.2 ,  'type':  1} ,  {'idp':  101 ,  'x':  1.41 ,  'y':  0.87 ,  'r':  0.2 ,  'type':  1}]
64062,1398777870.447666,[{'idp':  100 ,  'x':  0.46 ,  'y':  1.13 ,  'r':  0.2 ,  'type':  1} ,  {'idp':  101 ,  'x':  1.36 ,  'y':  0.91 ,  'r':  0.2 ,  'type':  1}]
64063,1398777870.456117,[{'idp':  100 ,  'x':  0.42 ,  'y':  1.13 ,  'r':  0.2 ,  'type':  1} ,  {'idp':  101 ,  'x':  1.29 ,  'y':  0.94 ,  'r':  0.2 ,  'type':  1}]
64064,1398777870.4956794,[{'idp':  100 ,  'x':  0.39 ,  'y':  1.12 ,  'r':  0.2 ,  'type':  1} ,  {'idp':  101 ,  'x':  1.23 ,  'y':  0.96 ,  'r':  0.2 ,  'type':  1}]
64065,1398777870.535563,[{'idp':  100 ,  'x':  0.36 ,  'y':  1.12 ,  'r':  0.2 ,  'type':  1} ,  {'idp':  101 ,  'x':  1.18 ,  'y':  0.95 ,  'r':  0.2 ,  'type':  1}]
64066,1398777870.5355928,[{'idp':  100 ,  'x':  0.33 ,  'y':  1.12 ,  'r':  0.2 ,  'type':  1} ,  {'idp':  101 ,  'x':  1.11 ,  'y':  0.92 ,  'r':  0.2 ,  'type':  1}]
64067,1398777870.575634,[{'idp':  100 ,  'x':  0.3 ,  'y':  1.11 ,  'r':  0.2 ,  'type':  1} ,  {'idp':  101 ,  'x':  1.05 ,  'y':  0.92 ,  'r':  0.2 ,  'type':  1}]
64068,1398777870.582868,[{'idp':  100 ,  'x':  0.26 ,  'y':  1.1 ,  'r':  0.2 ,  'type':  1} ,  {'idp':  101 ,  'x':  0.99 ,  'y':  0.92 ,  'r':  0.2 ,  'type':  1}]
64069,1398777870.619761,[{'idp':  100 ,  'x':  0.23 ,  'y':  1.09 ,  'r':  0.2 ,  'type':  1} ,  {'idp':  101 ,  'x':  0.94 ,  'y':  0.93 ,  'r':  0.2 ,  'type':  1}]
64070,1398777870.6596115,[{'idp':  100 ,  'x':  0.21 ,  'y':  1.09 ,  'r':  0.2 ,  'type':  1} ,  {'idp':  101 ,  'x':  0.89 ,  'y':  0.93 ,  'r':  0.2 ,  'type':  1}]
64071,1398777870.6596422,[{'idp':  100 ,  'x':  0.19 ,  'y':  1.09 ,  'r':  0.2 ,  'type':  1} ,  {'idp':  101 ,  'x':  0.85 ,  'y':  0.93 ,  'r':  0.2 ,  'type':  1}]
64072,1398777870.699603,[{'idp':  100 ,  'x':  0.18 ,  'y':  1.08 ,  'r':  0.2 ,  'type':  1} ,  {'idp':  101 ,  'x':  0.81 ,  'y':  0.93 ,  'r':  0.2 ,  'type':  1}]
64073,1398777870.7070947,[{'idp':  100 ,  'x':  0.16 ,  'y':  1.08 ,  'r':  0.2 ,  'type':  1} ,  {'idp':  101 ,  'x':  0.77 ,  'y':  0.93 ,  'r':  0.2 ,  'type':  1}]
64074,1398777870.7435944,[{'idp':  100 ,  'x':  0.14 ,  'y':  1.09 ,  'r':  0.2 ,  'type':  1} ,  {'idp':  101 ,  'x':  0.73 ,  'y':  0.94 ,  'r':  0.2 ,  'type':  1}]
64075,1398777870.7836132,[{'idp':  100 ,  'x':  0.13 ,  'y':  1.1 ,  'r':  0.2 ,  'type':  1} ,  {'idp':  101 ,  'x':  0.7 ,  'y':  0.95 ,  'r':  0.2 ,  'type':  1}]
64076,1398777870.7836435,[{'idp':  100 ,  'x':  0.13 ,  'y':  1.11 ,  'r':  0.2 ,  'type':  1} ,  {'idp':  101 ,  'x':  0.67 ,  'y':  0.95 ,  'r':  0.2 ,  'type':  1}]
64077,1398777870.823628,[{'idp':  100 ,  'x':  0.12 ,  'y':  1.13 ,  'r':  0.2 ,  'type':  1} ,  {'idp':  101 ,  'x':  0.64 ,  'y':  0.94 ,  'r':  0.2 ,  'type':  1}]
64078,1398777870.8324907,[{'idp':  100 ,  'x':  0.11 ,  'y':  1.12 ,  'r':  0.2 ,  'type':  1} ,  {'idp':  101 ,  'x':  0.62 ,  'y':  0.94 ,  'r':  0.2 ,  'type':  1}]
64079,1398777870.8716867,[{'idp':  100 ,  'x':  0.07 ,  'y':  1.07 ,  'r':  0.2 ,  'type':  1} ,  {'idp':  101 ,  'x':  0.6 ,  'y':  0.93 ,  'r':  0.2 ,  'type':  1}]
64080,1398777870.9115832,[{'idp':  100 ,  'x':  0.07 ,  'y':  1.07 ,  'r':  0.2 ,  'type':  1} ,  {'idp':  101 ,  'x':  0.58 ,  'y':  0.92 ,  'r':  0.2 ,  'type':  1}]
64081,1398777870.9116178,[{'idp':  100 ,  'x':  0.06 ,  'y':  1.07 ,  'r':  0.2 ,  'type':  1} ,  {'idp':  101 ,  'x':  0.56 ,  'y':  0.91 ,  'r':  0.2 ,  'type':  1}]
64082,1398777870.9515743,[{'idp':  100 ,  'x':  0.05 ,  'y':  1.07 ,  'r':  0.2 ,  'type':  1} ,  {'idp':  101 ,  'x':  0.54 ,  'y':  0.91 ,  'r':  0.2 ,  'type':  1}]
64083,1398777870.9597144,[{'idp':  100 ,  'x':  0.04 ,  'y':  1.07 ,  'r':  0.2 ,  'type':  1} ,  {'idp':  101 ,  'x':  0.53 ,  'y':  0.91 ,  'r':  0.2 ,  'type':  1}]
64084,1398777870.9996939,[{'idp':  100 ,  'x':  0.04 ,  'y':  1.07 ,  'r':  0.2 ,  'type':  1} ,  {'idp':  101 ,  'x':  0.52 ,  'y':  0.91 ,  'r':  0.2 ,  'type':  1}]
64085,1398777871.0396242,[{'idp':  100 ,  'x':  0.03 ,  'y':  1.08 ,  'r':  0.2 ,  'type':  1} ,  {'idp':  101 ,  'x':  0.5 ,  'y':  0.91 ,  'r':  0.2 ,  'type':  1}]
64086,1398777871.0396564,[{'idp':  100 ,  'x':  0.02 ,  'y':  1.1 ,  'r':  0.2 ,  'type':  1} ,  {'idp':  101 ,  'x':  0.49 ,  'y':  0.91 ,  'r':  0.2 ,  'type':  1}]
64087,1398777871.0795956,[{'idp':  100 ,  'x':  0.01 ,  'y':  1.1 ,  'r':  0.2 ,  'type':  1} ,  {'idp':  101 ,  'x':  0.47 ,  'y':  0.91 ,  'r':  0.2 ,  'type':  1}]
64088,1398777871.0853636,[{'idp':  100 ,  'x':  0.01 ,  'y':  1.28 ,  'r':  0.2 ,  'type':  1} ,  {'idp':  101 ,  'x':  0.45 ,  'y':  0.93 ,  'r':  0.2 ,  'type':  1}]
64089,1398777871.123663,[{'idp':  100 ,  'x':  0.01 ,  'y':  1.28 ,  'r':  0.2 ,  'type':  1} ,  {'idp':  101 ,  'x':  0.43 ,  'y':  0.96 ,  'r':  0.2 ,  'type':  1}]
64090,1398777871.1635768,[{'idp':  100 ,  'x':  0.01 ,  'y':  1.28 ,  'r':  0.2 ,  'type':  1} ,  {'idp':  101 ,  'x':  0.4 ,  'y':  0.97 ,  'r':  0.2 ,  'type':  1}]
64091,1398777871.1636102,[{'idp':  100 ,  'x':  0.01 ,  'y':  1.28 ,  'r':  0.2 ,  'type':  1} ,  {'idp':  101 ,  'x':  0.36 ,  'y':  0.98 ,  'r':  0.2 ,  'type':  1}]
64092,1398777871.203593,[{'idp':  100 ,  'x':  0.01 ,  'y':  1.28 ,  'r':  0.2 ,  'type':  1} ,  {'idp':  101 ,  'x':  0.33 ,  'y':  0.99 ,  'r':  0.2 ,  'type':  1}]
64093,1398777871.2113576,[{'idp':  100 ,  'x':  0.16 ,  'y':  1.18 ,  'r':  0.2 ,  'type':  1} ,  {'idp':  101 ,  'x':  0.29 ,  'y':  0.98 ,  'r':  0.2 ,  'type':  1}]
64094,1398777871.2475958,[{'idp':  100 ,  'x':  0.16 ,  'y':  1.05 ,  'r':  0.2 ,  'type':  1} ,  {'idp':  101 ,  'x':  0.26 ,  'y':  0.97 ,  'r':  0.2 ,  'type':  1}]
64095,1398777871.2875354,[{'idp':  100 ,  'x':  0.14 ,  'y':  1.02 ,  'r':  0.2 ,  'type':  1} ,  {'idp':  101 ,  'x':  0.24 ,  'y':  0.96 ,  'r':  0.2 ,  'type':  1}]
64096,1398777871.2875655,[{'idp':  100 ,  'x':  0.13 ,  'y':  0.99 ,  'r':  0.2 ,  'type':  1} ,  {'idp':  101 ,  'x':  0.23 ,  'y':  0.94 ,  'r':  0.2 ,  'type':  1}]
64097,1398777871.3277628,[{'idp':  100 ,  'x':  0.16 ,  'y':  0.95 ,  'r':  0.2 ,  'type':  1} ,  {'idp':  101 ,  'x':  0.24 ,  'y':  0.93 ,  'r':  0.2 ,  'type':  1}]
64098,1398777871.336716,[{'idp':  100 ,  'x':  0.24 ,  'y':  0.92 ,  'r':  0.2 ,  'type':  1} ,  {'idp':  101 ,  'x':  0.28 ,  'y':  0.91 ,  'r':  0.2 ,  'type':  1}]
64099,1398777871.3756354,[{'idp':  100 ,  'x':  0.25 ,  'y':  0.91 ,  'r':  0.2 ,  'type':  1} ,  {'idp':  101 ,  'x':  0.25 ,  'y':  0.91 ,  'r':  0.2 ,  'type':  1}]
64100,1398777871.4156396,[{'idp':  100 ,  'x':  0.23 ,  'y':  0.91 ,  'r':  0.2 ,  'type':  1} ,  {'idp':  101 ,  'x':  0.23 ,  'y':  0.91 ,  'r':  0.2 ,  'type':  1}]
64101,1398777871.415669,[{'idp':  100 ,  'x':  0.21 ,  'y':  0.91 ,  'r':  0.2 ,  'type':  1} ,  {'idp':  101 ,  'x':  0.21 ,  'y':  0.91 ,  'r':  0.2 ,  'type':  1}]
64102,1398777871.455658,[{'idp':  100 ,  'x':  0.19 ,  'y':  0.91 ,  'r':  0.2 ,  'type':  1} ,  {'idp':  101 ,  'x':  0.19 ,  'y':  0.91 ,  'r':  0.2 ,  'type':  1}]
64103,1398777871.4610918,[{'idp':  100 ,  'x':  0.17 ,  'y':  0.9 ,  'r':  0.2 ,  'type':  1} ,  {'idp':  101 ,  'x':  0.17 ,  'y':  0.9 ,  'r':  0.2 ,  'type':  1}]
64104,1398777871.499629,[{'idp':  100 ,  'x':  0.15 ,  'y':  0.9 ,  'r':  0.2 ,  'type':  1} ,  {'idp':  101 ,  'x':  0.15 ,  'y':  0.9 ,  'r':  0.2 ,  'type':  1}]
64105,1398777871.5395956,[{'idp':  100 ,  'x':  0.12 ,  'y':  0.9 ,  'r':  0.2 ,  'type':  1} ,  {'idp':  101 ,  'x':  0.12 ,  'y':  0.9 ,  'r':  0.2 ,  'type':  1}]
64106,1398777871.5396273,[{'idp':  100 ,  'x':  0.09 ,  'y':  0.9 ,  'r':  0.2 ,  'type':  1} ,  {'idp':  101 ,  'x':  0.09 ,  'y':  0.9 ,  'r':  0.2 ,  'type':  1}]
64107,1398777871.5796013,[]
64108,1398777871.585581,[]
64109,1398777871.6236658,[]
64110,1398777871.6636186,[]
64111,1398777871.6636505,[]
64112,1398777871.7037127,[]
64113,1398777871.710697,[]
64114,1398777871.7477772,[]
64115,1398777871.7876136,[]
64116,1398777871.7876413,[]
64117,1398777871.8276305,[]
64118,1398777871.835963,[]
64119,1398777871.875633,[]
64120,1398777871.9155903,[]
64121,1398777871.9156208,[]
64122,1398777871.9556415,[]
64123,1398777871.9607518,[]
64124,1398777871.9996362,[]
64125,1398777872.0395713,[]
64126,1398777872.0396008,[]
64127,1398777872.0795972,[]
64128,1398777872.086469,[]
64129,1398777872.123586,[]
64130,1398777872.1636426,[]
64131,1398777872.1636705,[]
64132,1398777872.2035809,[]
64133,1398777872.2115977,[]
64134,1398777872.2516742,[]
64135,1398777872.291603,[]
64136,1398777872.2916334,[]
64137,1398777872.331608,[]
64138,1398777872.3367157,[]
64139,1398777872.3756723,[]
64140,1398777872.4196362,[]
64141,1398777872.4196692,[]
64142,1398777872.455591,[]
64143,1398777872.4624715,[]
64144,1398777872.499661,[]
64145,1398777872.539652,[]
64146,1398777872.5396807,[]
64147,1398777872.579652,[]
64148,1398777872.5884666,[]
64149,1398777872.627649,[]
64150,1398777872.667576,[]
64151,1398777872.6676097,[]
64152,1398777872.7075858,[]
64153,1398777872.712924,[]
64154,1398777872.7515824,[]
64155,1398777872.7916276,[]
64156,1398777872.791658,[]
64157,1398777872.8316183,[]
64158,1398777872.8381972,[]
64159,1398777872.875636,[]
64160,1398777872.9155784,[]
64161,1398777872.9156125,[]
64162,1398777872.9556096,[]
64163,1398777872.9642177,[]
64164,1398777873.003558,[]
64165,1398777873.0436115,[]
64166,1398777873.0436437,[]
64167,1398777873.0836277,[]
64168,1398777873.090229,[]
64169,1398777873.127566,[]
64170,1398777873.1675901,[]
64171,1398777873.1676257,[]
64172,1398777873.2076263,[]
64173,1398777873.214725,[]
64174,1398777873.2515714,[]
64175,1398777873.2916644,[]
64176,1398777873.2916963,[]
64177,1398777873.3315816,[]
64178,1398777873.3406038,[]
64179,1398777873.3796375,[]
64180,1398777873.4196792,[]
64181,1398777873.4197066,[]
64182,1398777873.45962,[]
64183,1398777873.4651935,[]
64184,1398777873.5035927,[]
64185,1398777873.5436206,[]
64186,1398777873.5436525,[]
64187,1398777873.583577,[]
64188,1398777873.5906847,[]
64189,1398777873.6275609,[]
64190,1398777873.6676092,[]
64191,1398777873.6676385,[]
64192,1398777873.7076323,[]
64193,1398777873.7159927,[]
64194,1398777873.755625,[]
64195,1398777873.7956865,[]
64196,1398777873.7957177,[]
64197,1398777873.8356159,[]
64198,1398777873.8419545,[]
64199,1398777873.879582,[]
64200,1398777873.9196029,[]
64201,1398777873.919636,[]
64202,1398777873.9596972,[]
64203,1398777873.967213,[]
64204,1398777874.0036252,[]
64205,1398777874.0436075,[]
64206,1398777874.0436351,[]
64207,1398777874.083657,[]
64208,1398777874.093204,[]
64209,1398777874.1315975,[]
64210,1398777874.171581,[]
64211,1398777874.1715996,[]
64212,1398777874.211701,[]
64213,1398777874.2182329,[]
64214,1398777874.2555826,[]
64215,1398777874.2956078,[]
64216,1398777874.295657,[]
64217,1398777874.3356156,[]
64218,1398777874.343376,[]
64219,1398777874.379585,[]
64220,1398777874.4195855,[]
64221,1398777874.4196115,[]
64222,1398777874.4596941,[]
64223,1398777874.4688604,[]
64224,1398777874.5076797,[]
64225,1398777874.5476193,[]
64226,1398777874.5476477,[]
64227,1398777874.587687,[]
64228,1398777874.5935984,[]
64229,1398777874.6317375,[]
64230,1398777874.671587,[]
64231,1398777874.6716166,[]
64232,1398777874.7115996,[]
64233,1398777874.720365,[]
64234,1398777874.7596347,[]
64235,1398777874.7995937,[]
64236,1398777874.7996223,[]
64237,1398777874.8396425,[]
64238,1398777874.8448,[]
64239,1398777874.8836877,[]
64240,1398777874.9236143,[]
64241,1398777874.9236455,[]
64242,1398777874.9635901,[]
64243,1398777874.9700131,[]
64244,1398777875.0075886,[]
64245,1398777875.0476263,[]
64246,1398777875.0476594,[]
64247,1398777875.0876307,[]
64248,1398777875.096635,[]
64249,1398777875.135609,[]
64250,1398777875.1755834,[]
64251,1398777875.1756139,[]
64252,1398777875.2156093,[]
64253,1398777875.2232535,[]
64254,1398777875.259588,[]
64255,1398777875.299576,[]
64256,1398777875.2996073,[]
64257,1398777875.339625,[]
64258,1398777875.348489,[]
64259,1398777875.3876472,[]
64260,1398777875.4276466,[]
64261,1398777875.4276762,[]
64262,1398777875.4676204,[]
64263,1398777875.472976,[]
64264,1398777875.5116231,[]
64265,1398777875.5516205,[]
64266,1398777875.55165,[]
64267,1398777875.5915878,[]
64268,1398777875.5973654,[]
64269,1398777875.6356146,[]
64270,1398777875.6755927,[]
64271,1398777875.6756215,[]
64272,1398777875.7156565,[]
64273,1398777875.7238247,[]
64274,1398777875.7635434,[]
64275,1398777875.8036664,[]
64276,1398777875.8036966,[]
64277,1398777875.8435926,[]
64278,1398777875.847725,[]
64279,1398777875.8876047,[]
64280,1398777875.9276087,[]
64281,1398777875.9276388,[]
64282,1398777875.967602,[]
64283,1398777875.972878,[]
64284,1398777876.0115771,[]
64285,1398777876.0516248,[]
64286,1398777876.051657,[]
64287,1398777876.0916262,[]
64288,1398777876.0979662,[]
64289,1398777876.1396036,[]
64290,1398777876.1796622,[]
64291,1398777876.1796818,[]
64292,1398777876.2196171,[]
64293,1398777876.2246082,[]
64294,1398777876.2635858,[]
64295,1398777876.303572,[]
64296,1398777876.303616,[]
64297,1398777876.3435683,[]
64298,1398777876.34911,[]
64299,1398777876.387623,[]
64300,1398777876.4276593,[]
64301,1398777876.4277706,[]
64302,1398777876.4675758,[]
64303,1398777876.4756708,[]
64304,1398777876.5156133,[]
64305,1398777876.555619,[]
64306,1398777876.5556495,[]
64307,1398777876.5956168,[]
64308,1398777876.6004784,[]
64309,1398777876.6396701,[]
64310,1398777876.6796205,[]
64311,1398777876.6796577,[]
64312,1398777876.7196107,[]
64313,1398777876.725848,[]
64314,1398777876.76359,[]
64315,1398777876.8035848,[]
64316,1398777876.803611,[]
64317,1398777876.8436484,[]
64318,1398777876.8504872,[]
64319,1398777876.8875942,[]
64320,1398777876.9275842,[]
64321,1398777876.9276166,[]
64322,1398777876.9675934,[]
64323,1398777876.9765532,[]
64324,1398777877.0155513,[]
64325,1398777877.0556152,[]
64326,1398777877.0556462,[]
64327,1398777877.0957036,[]
64328,1398777877.1023571,[]
64329,1398777877.1395898,[]
64330,1398777877.1795845,[]
64331,1398777877.1796138,[]
64332,1398777877.2196186,[]
64333,1398777877.2273571,[]
64334,1398777877.2635894,[]
64335,1398777877.3037188,[]
64336,1398777877.3037767,[]
64337,1398777877.3435774,[]
64338,1398777877.351854,[]
64339,1398777877.3915625,[]
64340,1398777877.4316523,[]
64341,1398777877.431685,[]
64342,1398777877.4715984,[]
64343,1398777877.4783762,[]
64344,1398777877.515603,[]
64345,1398777877.5556707,[]
64346,1398777877.5556986,[]
64347,1398777877.5956938,[]
64348,1398777877.603527,[]
64349,1398777877.6395588,[]
64350,1398777877.679624,[]
64351,1398777877.6796558,[]
64352,1398777877.7196207,[]
64353,1398777877.7282968,[]
64354,1398777877.7676048,[]
64355,1398777877.807625,[]
64356,1398777877.807659,[]
64357,1398777877.84765,[]
64358,1398777877.85415,[]
64359,1398777877.8916125,[]
64360,1398777877.9316607,[]
64361,1398777877.9316907,[]
64362,1398777877.9715934,[]
64363,1398777877.9806383,[]
64364,1398777878.0196505,[]
64365,1398777878.059585,[]
64366,1398777878.0596068,[]
64367,1398777878.0996413,[]
64368,1398777878.1053398,[]
64369,1398777878.143637,[]
64370,1398777878.183602,[]
64371,1398777878.1837356,[]
64372,1398777878.2237196,[]
64373,1398777878.2303863,[]
64374,1398777878.267596,[]
64375,1398777878.3076334,[]
64376,1398777878.307663,[]
64377,1398777878.3476157,[]
64378,1398777878.3547385,[]
64379,1398777878.3916664,[]
64380,1398777878.4316134,[]
64381,1398777878.4316278,[]
64382,1398777878.4716232,[]
64383,1398777878.4822373,[]
64384,1398777878.5196567,[]
64385,1398777878.5596185,[]
64386,1398777878.559645,[]
64387,1398777878.6036375,[]
64388,1398777878.6053412,[]
64389,1398777878.643607,[]
64390,1398777878.683565,[]
64391,1398777878.6835902,[]
64392,1398777878.7236884,[]
64393,1398777878.7320619,[]
64394,1398777878.7716293,[]
64395,1398777878.8115807,[]
64396,1398777878.8116128,[]
64397,1398777878.8515565,[]
64398,1398777878.8565927,[]
64399,1398777878.8955882,[]
64400,1398777878.9356086,[]
64401,1398777878.9356365,[]
64402,1398777878.9756467,[]
64403,1398777878.9832447,[]
64404,1398777879.0195625,[]
64405,1398777879.059564,[]
64406,1398777879.0595922,[]
64407,1398777879.099655,[]
64408,1398777879.1077054,[]
64409,1398777879.1476035,[]
64410,1398777879.1876297,[]
64411,1398777879.1876628,[]
64412,1398777879.2276535,[]
64413,1398777879.2343059,[]
64414,1398777879.2715461,[]
64415,1398777879.3116117,[]
64416,1398777879.3116457,[]
64417,1398777879.3516219,[]
64418,1398777879.3606834,[]
64419,1398777879.3996933,[]
64420,1398777879.4396122,[]
64421,1398777879.439638,[]
64422,1398777879.479606,[]
64423,1398777879.4864604,[]
64424,1398777879.5236952,[]
64425,1398777879.5636022,[]
64426,1398777879.5636299,[]
64427,1398777879.6036377,[]
64428,1398777879.6109815,[]
64429,1398777879.647585,[]
64430,1398777879.6875923,[]
64431,1398777879.6876214,[]
64432,1398777879.7276933,[]
64433,1398777879.7368531,[]
64434,1398777879.775653,[]
64435,1398777879.8156352,[]
64436,1398777879.8156626,[]
64437,1398777879.8555853,[]
64438,1398777879.8610976,[]
64439,1398777879.8996308,[]
64440,1398777879.9395928,[]
64441,1398777879.9396236,[]
64442,1398777879.979645,[]
64443,1398777879.985107,[]
64444,1398777880.0236797,[]
64445,1398777880.0636268,[]
64446,1398777880.0636547,[]
64447,1398777880.1035845,[]
64448,1398777880.1102242,[]
64449,1398777880.147602,[]
64450,1398777880.1876307,[]
64451,1398777880.1876717,[]
64452,1398777880.2276683,[]
64453,1398777880.2356215,[]
64454,1398777880.2755954,[]
64455,1398777880.315645,[]
64456,1398777880.315675,[]
64457,1398777880.3555815,[]
64458,1398777880.3612075,[]
64459,1398777880.3996449,[]
64460,1398777880.4395673,[]
64461,1398777880.4396024,[]
64462,1398777880.4795952,[]
64463,1398777880.4869685,[]
64464,1398777880.5237253,[]
64465,1398777880.5635617,[]
64466,1398777880.5635946,[]
64467,1398777880.6036396,[]
64468,1398777880.6114547,[]
64469,1398777880.647611,[]
64470,1398777880.6876373,[]
64471,1398777880.7275982,[]
64472,1398777880.7276306,[]
64473,1398777880.7676592,[]
64474,1398777880.7676938,[]
64475,1398777880.8076024,[]
64476,1398777880.8133593,[]
64477,1398777880.8516538,[]
64478,1398777880.8916032,[]
64479,1398777880.8916373,[]
64480,1398777880.9315658,[]
64481,1398777880.938016,[]
64482,1398777880.97561,[]
64483,1398777881.015625,[]
64484,1398777881.0156548,[]
64485,1398777881.0556538,[]
64486,1398777881.0629656,[]
64487,1398777881.0996373,[]
64488,1398777881.1396058,[]
64489,1398777881.1396391,[]
64490,1398777881.1796799,[]
64491,1398777881.1885977,[]
64492,1398777881.2276027,[]
64493,1398777881.26758,[]
64494,1398777881.2676098,[]
64495,1398777881.307692,[]
64496,1398777881.3145068,[]
64497,1398777881.3515716,[]
64498,1398777881.3915944,[]
64499,1398777881.3916273,[]
64500,1398777881.4315834,[]
64501,1398777881.4399316,[]
64502,1398777881.4795923,[]
64503,1398777881.519677,[]
64504,1398777881.519715,[]
64505,1398777881.5596159,[]
64506,1398777881.5649922,[]
64507,1398777881.6035805,[]
64508,1398777881.6435978,[]
64509,1398777881.6436293,[]
64510,1398777881.683652,[]
64511,1398777881.6909907,[]
64512,1398777881.7276785,[]
64513,1398777881.7675798,[]
64514,1398777881.7676113,[]
64515,1398777881.8076513,[]
64516,1398777881.815589,[]
64517,1398777881.8556483,[]
64518,1398777881.8956332,[]
64519,1398777881.895698,[]
64520,1398777881.9355812,[]
64521,1398777881.9405725,[]
64522,1398777881.9796011,[]
64523,1398777882.0196838,[]
64524,1398777882.0197186,[]
64525,1398777882.0596263,[]
64526,1398777882.0664806,[]
64527,1398777882.1036336,[]
64528,1398777882.1436183,[]
64529,1398777882.1436377,[]
64530,1398777882.183736,[]
64531,1398777882.1916852,[]
64532,1398777882.2315805,[]
64533,1398777882.271618,[]
64534,1398777882.2716393,[]
64535,1398777882.3116693,[]
64536,1398777882.3171146,[]
64537,1398777882.3556056,[]
64538,1398777882.3955712,[]
64539,1398777882.3956041,[]
64540,1398777882.4355028,[]
64541,1398777882.4428642,[]
64542,1398777882.4796236,[]
64543,1398777882.519597,[]
64544,1398777882.5196269,[]
64545,1398777882.5595942,[]
64546,1398777882.5679889,[]
64547,1398777882.6075678,[]
64548,1398777882.6475759,[]
64549,1398777882.6476114,[]
64550,1398777882.6876724,[]
64551,1398777882.6937168,[]
64552,1398777882.731575,[]
64553,1398777882.7715936,[]
64554,1398777882.771627,[]
64555,1398777882.811648,[]
64556,1398777882.8188653,[]
64557,1398777882.8555799,[]
64558,1398777882.8956134,[]
64559,1398777882.8956468,[]
64560,1398777882.9355733,[]
64561,1398777882.9439976,[]
64562,1398777882.9836655,[]
64563,1398777883.0235367,[]
64564,1398777883.0236018,[]
64565,1398777883.067644,[]
64566,1398777883.0688996,[]
64567,1398777883.1075523,[]
64568,1398777883.1475468,[]
64569,1398777883.1475735,[]
64570,1398777883.187675,[]
64571,1398777883.194803,[]
64572,1398777883.231605,[]
64573,1398777883.2715871,[]
64574,1398777883.2716181,[]
64575,1398777883.311608,[]
64576,1398777883.322241,[]
64577,1398777883.3595467,[]
64578,1398777883.399589,[]
64579,1398777883.3996177,[]
64580,1398777883.4396489,[]
64581,1398777883.4479125,[]
64582,1398777883.4876008,[]
64583,1398777883.5276098,[]
64584,1398777883.5276413,[]
64585,1398777883.567657,[]
64586,1398777883.5734837,[]
64587,1398777883.6116216,[]
64588,1398777883.6516201,[]
64589,1398777883.65165,[]
64590,1398777883.6917233,[]
64591,1398777883.698344,[]
64592,1398777883.7356591,[]
64593,1398777883.7755969,[]
64594,1398777883.7756314,[]
64595,1398777883.8156064,[]
64596,1398777883.8228445,[]
64597,1398777883.8595915,[]
64598,1398777883.8996058,[]
64599,1398777883.8996403,[]
64600,1398777883.9396348,[]
64601,1398777883.9475155,[]
64602,1398777883.983626,[]
64603,1398777884.0235965,[]
64604,1398777884.0236306,[]
64605,1398777884.06366,[]
64606,1398777884.0723555,[]
64607,1398777884.1116483,[]
64608,1398777884.1515818,[]
64609,1398777884.1516054,[]
64610,1398777884.1917017,[]
64611,1398777884.1973915,[]
64612,1398777884.2356045,[]
64613,1398777884.2756546,[]
64614,1398777884.2756834,[]
64615,1398777884.3156319,[]
64616,1398777884.323232,[]
64617,1398777884.359652,[]
64618,1398777884.3995993,[]
64619,1398777884.3996224,[]
64620,1398777884.4396546,[]
64621,1398777884.448505,[]
64622,1398777884.487599,[]
64623,1398777884.5276985,[]
64624,1398777884.5277522,[]
64625,1398777884.5676777,[]
64626,1398777884.573852,[]
64627,1398777884.611605,[]
64628,1398777884.6516006,[]
64629,1398777884.65163,[]
64630,1398777884.6915834,[]
64631,1398777884.699739,[]
64632,1398777884.7396479,[]
64633,1398777884.7796855,[]
64634,1398777884.7797172,[]
64635,1398777884.8196242,[]
64636,1398777884.8245902,[]
64637,1398777884.8636572,[]
64638,1398777884.9036367,[]
64639,1398777884.9036667,[]
64640,1398777884.943623,[]
64641,1398777884.9501078,[]
64642,1398777884.9877555,[]
64643,1398777885.027625,[]
64644,1398777885.02766,[]
64645,1398777885.067636,[]
64646,1398777885.0758026,[]
64647,1398777885.115616,[]
64648,1398777885.1555917,[]
64649,1398777885.1556242,[]
64650,1398777885.1956587,[]
64651,1398777885.2018726,[]
64652,1398777885.2395558,[]
64653,1398777885.279575,[]
64654,1398777885.2796063,[]
64655,1398777885.3196793,[]
64656,1398777885.3258643,[]
64657,1398777885.3635457,[]
64658,1398777885.4036472,[]
64659,1398777885.4036772,[]
64660,1398777885.443583,[]
64661,1398777885.4519913,[]
64662,1398777885.4916174,[]
64663,1398777885.5316467,[]
64664,1398777885.5316763,[]
64665,1398777885.571641,[]
64666,1398777885.5767467,[]
64667,1398777885.6155643,[]
64668,1398777885.6556077,[]
64669,1398777885.6556416,[]
64670,1398777885.6956396,[]
64671,1398777885.7030041,[]
64672,1398777885.7395234,[]
64673,1398777885.7795923,[]
64674,1398777885.7796252,[]
64675,1398777885.8196237,[]
64676,1398777885.8280978,[]
64677,1398777885.8676794,[]
64678,1398777885.9075694,[]
64679,1398777885.9075992,[]
64680,1398777885.947615,[]
64681,1398777885.9533498,[]
64682,1398777885.9916048,[]
64683,1398777886.0316436,[]
64684,1398777886.0316756,[]
64685,1398777886.071582,[]
64686,1398777886.0784845,[]
64687,1398777886.1156147,[]
64688,1398777886.1555758,[]
64689,1398777886.155609,[]
64690,1398777886.1957595,[]
64691,1398777886.2040422,[]
64692,1398777886.243602,[]
64693,1398777886.2836127,[]
64694,1398777886.2836442,[]
64695,1398777886.3236132,[]
64696,1398777886.3286123,[]
64697,1398777886.3675883,[]
64698,1398777886.407646,[]
64699,1398777886.407683,[]
64700,1398777886.4476411,[]
64701,1398777886.4544725,[]
64702,1398777886.4916275,[]
64703,1398777886.5316243,[]
64704,1398777886.531653,[]
64705,1398777886.5716066,[]
64706,1398777886.5803494,[]
64707,1398777886.6196365,[]
64708,1398777886.6596029,[]
64709,1398777886.659635,[]
64710,1398777886.699726,[]
64711,1398777886.7052405,[]
64712,1398777886.7435937,[]
64713,1398777886.783649,[]
64714,1398777886.7836807,[]
64715,1398777886.8236084,[]
64716,1398777886.8304484,[]
64717,1398777886.8675985,[]
64718,1398777886.9075973,[]
64719,1398777886.9076285,[]
64720,1398777886.9476578,[]
64721,1398777886.9559991,[]
64722,1398777886.9956455,[]
64723,1398777887.0356085,[]
64724,1398777887.035644,[]
64725,1398777887.075572,[]
64726,1398777887.0811477,[]
64727,1398777887.1195836,[]
64728,1398777887.1595926,[]
64729,1398777887.159619,[]
64730,1398777887.1996388,[]
64731,1398777887.2065284,[]
64732,1398777887.2436023,[]
64733,1398777887.2837143,[]
64734,1398777887.2837346,[]
64735,1398777887.323648,[]
64736,1398777887.332515,[]
64737,1398777887.3716176,[]
64738,1398777887.4115639,[]
64739,1398777887.411599,[]
64740,1398777887.4516487,[]
64741,1398777887.4588933,[]
64742,1398777887.4956431,[]
64743,1398777887.5356808,[]
64744,1398777887.5357137,[]
64745,1398777887.5755847,[]
64746,1398777887.5849905,[]
64747,1398777887.6236424,[]
64748,1398777887.6636033,[]
64749,1398777887.663635,[]
64750,1398777887.7036817,[]
64751,1398777887.710685,[]
64752,1398777887.7475877,[]
64753,1398777887.7875676,[]
64754,1398777887.7875946,[]
64755,1398777887.8276486,[]
64756,1398777887.8356323,[]
64757,1398777887.875601,[]
64758,1398777887.915577,[]
64759,1398777887.915609,[]
64760,1398777887.9556856,[]
64761,1398777887.9594965,[]
64762,1398777887.9956236,[]
64763,1398777888.0356088,[]
64764,1398777888.0356414,[]
64765,1398777888.075596,[]
64766,1398777888.0853512,[]
64767,1398777888.1236026,[]
64768,1398777888.167652,[]
64769,1398777888.1676753,[]
64770,1398777888.2076714,[]
64771,1398777888.210142,[]
64772,1398777888.2476387,[]
64773,1398777888.2876065,[]
64774,1398777888.2876358,[]
64775,1398777888.3276312,[]
64776,1398777888.335354,[]
64777,1398777888.3716168,[]
64778,1398777888.4115973,[]
64779,1398777888.411631,[]
64780,1398777888.451664,[]
64781,1398777888.4603896,[]
64782,1398777888.4995987,[]
64783,1398777888.5395832,[]
64784,1398777888.539648,[]
64785,1398777888.579589,[]
64786,1398777888.5868776,[]
64787,1398777888.623628,[]
64788,1398777888.66354,[]
64789,1398777888.663569,[]
64790,1398777888.7035751,[]
64791,1398777888.7113748,[]
64792,1398777888.7476108,[]
64793,1398777888.7876115,[]
64794,1398777888.7876425,[]
64795,1398777888.8276772,[]
64796,1398777888.836177,[]
64797,1398777888.8756177,[]
64798,1398777888.9156032,[]
64799,1398777888.9156346,[]
64800,1398777888.9556224,[]
64801,1398777888.962114,[]
64802,1398777888.9995909,[]
64803,1398777889.039609,[]
64804,1398777889.039638,[]
64805,1398777889.0796468,[]
64806,1398777889.0879,[]
64807,1398777889.1275735,[]
64808,1398777889.1676092,[]
64809,1398777889.1676402,[]
64810,1398777889.2076209,[]
64811,1398777889.212489,[]
64812,1398777889.251551,[]
64813,1398777889.2916462,[]
64814,1398777889.2916698,[]
64815,1398777889.3316002,[]
64816,1398777889.338494,[]
64817,1398777889.3755774,[]
64818,1398777889.415632,[]
64819,1398777889.4156628,[]
64820,1398777889.4555762,[]
64821,1398777889.464124,[]
64822,1398777889.5036206,[]
64823,1398777889.543608,[]
64824,1398777889.5436392,[]
64825,1398777889.583631,[]
64826,1398777889.5893614,[]
64827,1398777889.6275642,[]
64828,1398777889.6675825,[]
64829,1398777889.6676452,[]
64830,1398777889.7076144,[]
64831,1398777889.714207,[]
64832,1398777889.7515733,[]
64833,1398777889.7915943,[]
64834,1398777889.7916245,[]
64835,1398777889.8316917,[]
64836,1398777889.8396513,[]
64837,1398777889.8796644,[]
64838,1398777889.9196446,[]
64839,1398777889.919737,[]
64840,1398777889.959584,[]
64841,1398777889.965443,[]
64842,1398777890.0036328,[]
64843,1398777890.043847,[]
64844,1398777890.0438628,[]
64845,1398777890.0836992,[]
64846,1398777890.091544,[]
64847,1398777890.131628,[]
64848,1398777890.1715765,[]
64849,1398777890.1716132,[]
64850,1398777890.2116828,[]
64851,1398777890.215376,[]
64852,1398777890.2516537,[]
64853,1398777890.2916675,[]
64854,1398777890.3316422,[]
64855,1398777890.3316753,[]
64856,1398777890.3716116,[]
64857,1398777890.3716433,[]
64858,1398777890.4115982,[]
64859,1398777890.4163678,[]
64860,1398777890.4556725,[]
64861,1398777890.4956608,[]
64862,1398777890.495688,[]
64863,1398777890.5356915,[]
64864,1398777890.5419903,[]
64865,1398777890.5796082,[]
64866,1398777890.6196299,[]
64867,1398777890.6196687,[]
64868,1398777890.6596253,[]
64869,1398777890.667495,[]
64870,1398777890.703525,[]
64871,1398777890.7435672,[]
64872,1398777890.7435966,[]
64873,1398777890.783664,[]
64874,1398777890.7930038,[]
64875,1398777890.8316112,[]
64876,1398777890.8716455,[]
64877,1398777890.871679,[]
64878,1398777890.9116206,[]
64879,1398777890.9178643,[]
64880,1398777890.955597,[]
64881,1398777890.9955854,[]
64882,1398777890.9956217,[]
64883,1398777891.035601,[]
64884,1398777891.043386,[]
64885,1398777891.079647,[]
64886,1398777891.1195977,[]
64887,1398777891.1196306,[]
64888,1398777891.1596076,[]
64889,1398777891.1684008,[]
64890,1398777891.207574,[]
64891,1398777891.2475536,[]
64892,1398777891.2475889,[]
64893,1398777891.287661,[]
64894,1398777891.2977788,[]
64895,1398777891.3356266,[]
64896,1398777891.3755398,[]
64897,1398777891.3756053,[]
64898,1398777891.4156132,[]
64899,1398777891.42,[]
64900,1398777891.4596019,[]
64901,1398777891.4995816,[]
64902,1398777891.4996114,[]
64903,1398777891.5397046,[]
64904,1398777891.5454078,[]
64905,1398777891.583636,[]
64906,1398777891.6235766,[]
64907,1398777891.623608,[]
64908,1398777891.6636484,[]
64909,1398777891.6722572,[]
64910,1398777891.711632,[]
64911,1398777891.7516024,[]
64912,1398777891.7517345,[]
64913,1398777891.7917516,[]
64914,1398777891.7982557,[]
64915,1398777891.8355775,[]
64916,1398777891.8755727,[]
64917,1398777891.8756266,[]
64918,1398777891.915633,[]
64919,1398777891.9231029,[]
64920,1398777891.9597208,[]
64921,1398777891.9996321,[]
64922,1398777891.9996674,[]
64923,1398777892.0396361,[]
64924,1398777892.0481327,[]
64925,1398777892.0876734,[]
64926,1398777892.127594,[]
64927,1398777892.1276224,[]
64928,1398777892.1678329,[]
64929,1398777892.1720436,[]
64930,1398777892.2115486,[]
64931,1398777892.2515686,[]
64932,1398777892.2515996,[]
64933,1398777892.2915907,[]
64934,1398777892.29774,[]
64935,1398777892.335556,[]
64936,1398777892.3755221,[]
64937,1398777892.3755436,[]
64938,1398777892.4156113,[]
64939,1398777892.4222007,[]
64940,1398777892.45965,[]
64941,1398777892.499592,[]
64942,1398777892.499622,[]
64943,1398777892.5395775,[]
64944,1398777892.547865,[]
64945,1398777892.5876117,[]
64946,1398777892.6276944,[]
64947,1398777892.6277277,[]
64948,1398777892.6676083,[]
64949,1398777892.6729882,[]
64950,1398777892.711585,[]
64951,1398777892.751562,[]
64952,1398777892.7515934,[]
64953,1398777892.791641,[]
64954,1398777892.7981143,[]
64955,1398777892.8355987,[]
64956,1398777892.8755865,[]
64957,1398777892.8756137,[]
64958,1398777892.915649,[]
64959,1398777892.924109,[]
64960,1398777892.9636009,[]
64961,1398777893.0036163,[]
64962,1398777893.0036447,[]
64963,1398777893.0435865,[]
64964,1398777893.048846,[]
64965,1398777893.0876763,[]
64966,1398777893.1275918,[]
64967,1398777893.127623,[]
64968,1398777893.1675732,[]
64969,1398777893.1743855,[]
64970,1398777893.2115917,[]
64971,1398777893.251578,[]
64972,1398777893.251643,[]
64973,1398777893.2915685,[]
64974,1398777893.2998314,[]
64975,1398777893.3396058,[]
64976,1398777893.3795993,[]
64977,1398777893.3796294,[]
64978,1398777893.4196796,[]
64979,1398777893.42663,[]
64980,1398777893.4635465,[]
64981,1398777893.5035787,[]
64982,1398777893.5435894,[]
64983,1398777893.5436196,[]
64984,1398777893.5836062,[]
64985,1398777893.5836391,[]
64986,1398777893.6236675,[]
64987,1398777893.626342,[]
64988,1398777893.6635718,[]
64989,1398777893.703673,[]
64990,1398777893.7038043,[]
64991,1398777893.743711,[]
64992,1398777893.7510817,[]
64993,1398777893.787588,[]
64994,1398777893.827649,[]
64995,1398777893.8276994,[]
64996,1398777893.8676713,[]
64997,1398777893.8769956,[]
64998,1398777893.915604,[]
64999,1398777893.95562,[]
65000,1398777893.955817,[]
65001,1398777893.9956772,[]
65002,1398777894.0031316,[]
65003,1398777894.0395606,[]
65004,1398777894.0796387,[]
65005,1398777894.0796614,[]
65006,1398777894.119591,[]
65007,1398777894.128117,[]
65008,1398777894.167611,[]
65009,1398777894.2076173,[]
65010,1398777894.2076497,[]
65011,1398777894.2475924,[]
65012,1398777894.2527535,[]
65013,1398777894.2915914,[]
65014,1398777894.331603,[]
65015,1398777894.331633,[]
65016,1398777894.3716464,[]
65017,1398777894.378104,[]
65018,1398777894.415634,[]
65019,1398777894.4556,[]
65020,1398777894.4556317,[]
65021,1398777894.4956398,[]
65022,1398777894.5038745,[]
65023,1398777894.5436301,[]
65024,1398777894.5835514,[]
65025,1398777894.583577,[]
65026,1398777894.6236892,[]
65027,1398777894.628636,[]
65028,1398777894.6675928,[]
65029,1398777894.7076697,[]
65030,1398777894.7077045,[]
65031,1398777894.7476175,[]
65032,1398777894.7538598,[]
65033,1398777894.791569,[]
65034,1398777894.8315744,[]
65035,1398777894.8316092,[]
65036,1398777894.8716562,[]
65037,1398777894.8795133,[]
65038,1398777894.9155736,[]
65039,1398777894.9555724,[]
65040,1398777894.9556005,[]
65041,1398777894.995661,[]
65042,1398777895.0056088,[]
65043,1398777895.043573,[]
65044,1398777895.083564,[]
65045,1398777895.0836,[]
65046,1398777895.123679,[]
65047,1398777895.1308806,[]
65048,1398777895.1675975,[]
65049,1398777895.2075605,[]
65050,1398777895.2075942,[]
65051,1398777895.2476113,[]
65052,1398777895.2564209,[]
65053,1398777895.2957585,[]
65054,1398777895.3355951,[]
65055,1398777895.335631,[]
65056,1398777895.375602,[]
65057,1398777895.3817406,[]
65058,1398777895.4195814,[]
65059,1398777895.4596553,[]
65060,1398777895.4596868,[]
65061,1398777895.4996762,[]
65062,1398777895.5067804,[]
65063,1398777895.5435712,[]
65064,1398777895.5835738,[]
65065,1398777895.5836043,[]
65066,1398777895.6236424,[]
65067,1398777895.6332715,[]
65068,1398777895.671581,[]
65069,1398777895.7115746,[]
65070,1398777895.7116067,[]
65071,1398777895.7515643,[]
65072,1398777895.7588997,[]
65073,1398777895.7956045,[]
65074,1398777895.8356137,[]
65075,1398777895.8356452,[]
65076,1398777895.875637,[]
65077,1398777895.885375,[]
65078,1398777895.9236197,[]
65079,1398777895.9636993,[]
65080,1398777895.9637406,[]
65081,1398777896.0037649,[]
65082,1398777896.009995,[]
65083,1398777896.0476263,[]
65084,1398777896.0875938,[]
65085,1398777896.0876245,[]
65086,1398777896.1275964,[]
65087,1398777896.1351037,[]
65088,1398777896.1716483,[]
65089,1398777896.2116024,[]
65090,1398777896.2116487,[]
65091,1398777896.2516181,[]
65092,1398777896.2591558,[]
65093,1398777896.295629,[]
65094,1398777896.3356423,[]
65095,1398777896.3356738,[]
65096,1398777896.3755553,[]
65097,1398777896.3847368,[]
65098,1398777896.4235778,[]
65099,1398777896.4635644,[]
65100,1398777896.4635966,[]
65101,1398777896.5035543,[]
65102,1398777896.509492,[]
65103,1398777896.5475414,[]
65104,1398777896.5876095,[]
65105,1398777896.5876384,[]
65106,1398777896.6276946,[]
65107,1398777896.635068,[]
65108,1398777896.6715877,[]
65109,1398777896.7115893,[]
65110,1398777896.7116206,[]
65111,1398777896.7517073,[]
65112,1398777896.760248,[]
65113,1398777896.7996392,[]
65114,1398777896.8396454,[]
65115,1398777896.8396702,[]
65116,1398777896.879617,[]
65117,1398777896.8854415,[]
65118,1398777896.9236155,[]
65119,1398777896.963592,[]
65120,1398777896.963622,[]
65121,1398777897.0036771,[]
65122,1398777897.0113704,[]
65123,1398777897.0475783,[]
65124,1398777897.0876024,[]
65125,1398777897.0876336,[]
65126,1398777897.127587,[]
65127,1398777897.1368723,[]
65128,1398777897.1756194,[]
65129,1398777897.2155874,[]
65130,1398777897.215617,[]
65131,1398777897.2555473,[]
65132,1398777897.262136,[]
65133,1398777897.299646,[]
65134,1398777897.339617,[]
65135,1398777897.3396513,[]
65136,1398777897.3795722,[]
65137,1398777897.387144,[]
65138,1398777897.4235773,[]
65139,1398777897.4635415,[]
65140,1398777897.4635649,[]
65141,1398777897.503632,[]
65142,1398777897.5127432,[]
65143,1398777897.5515668,[]
65144,1398777897.5916193,[]
65145,1398777897.5916529,[]
65146,1398777897.6316466,[]
65147,1398777897.638506,[]
65148,1398777897.6755533,[]
65149,1398777897.715572,[]
65150,1398777897.7155952,[]
65151,1398777897.7556524,[]
65152,1398777897.764019,[]
65153,1398777897.8036017,[]
65154,1398777897.8435984,[]
65155,1398777897.8436298,[]
65156,1398777897.8835905,[]
65157,1398777897.8889656,[]
65158,1398777897.9275959,[]
65159,1398777897.9676661,[]
65160,1398777897.967699,[]
65161,1398777898.00771,[]
65162,1398777898.013377,[]
65163,1398777898.0515912,[]
65164,1398777898.0916488,[]
65165,1398777898.0916815,[]
65166,1398777898.1316044,[]
65167,1398777898.140018,[]
65168,1398777898.1795478,[]
65169,1398777898.2218108,[]
65170,1398777898.2218652,[]
65171,1398777898.2596161,[]
65172,1398777898.2646163,[]
65173,1398777898.3036387,[]
65174,1398777898.3435757,[]
65175,1398777898.3436065,[]
65176,1398777898.3836014,[]
65177,1398777898.3902435,[]
65178,1398777898.4275956,[]
65179,1398777898.4675546,[]
65180,1398777898.467584,[]
65181,1398777898.5077186,[]
65182,1398777898.5160146,[]
65183,1398777898.5556026,[]
65184,1398777898.5956147,[]
65185,1398777898.5956454,[]
65186,1398777898.635628,[]
65187,1398777898.6410518,[]
65188,1398777898.6795957,[]
65189,1398777898.7196195,[]
65190,1398777898.7196515,[]
65191,1398777898.7596538,[]
65192,1398777898.7657704,[]
65193,1398777898.80357,[]
65194,1398777898.8435767,[]
65195,1398777898.843609,[]
65196,1398777898.8836515,[]
65197,1398777898.8921351,[]
65198,1398777898.931598,[]
65199,1398777898.9715598,[]
65200,1398777898.9715865,[]
65201,1398777899.011643,[]
65202,1398777899.0175166,[]
65203,1398777899.0555618,[]
65204,1398777899.0955715,[]
65205,1398777899.0956247,[]
65206,1398777899.1356568,[]
65207,1398777899.142747,[]
65208,1398777899.183639,[]
65209,1398777899.2235727,[]
65210,1398777899.2236047,[]
65211,1398777899.263573,[]
65212,1398777899.2673748,[]
65213,1398777899.3036654,[]
65214,1398777899.3435762,[]
65215,1398777899.3436136,[]
65216,1398777899.3836586,[]
65217,1398777899.3931456,[]
65218,1398777899.4316213,[]
65219,1398777899.4715457,[]
65220,1398777899.4715836,[]
65221,1398777899.5116446,[]
65222,1398777899.5189915,[]
65223,1398777899.555581,[]
65224,1398777899.5956376,[]
65225,1398777899.595667,[]
65226,1398777899.6355882,[]
65227,1398777899.644628,[]
65228,1398777899.6835978,[]
65229,1398777899.7236128,[]
65230,1398777899.723637,[]
65231,1398777899.7636955,[]
65232,1398777899.769357,[]
65233,1398777899.8076413,[]
65234,1398777899.8475378,[]
65235,1398777899.8475661,[]
65236,1398777899.8876114,[]
65237,1398777899.8956504,[]
65238,1398777899.9356046,[]
65239,1398777899.9756222,[]
65240,1398777899.9756534,[]
65241,1398777900.0156474,[]
65242,1398777900.022395,[]
65243,1398777900.059535,[]
65244,1398777900.0995936,[]
65245,1398777900.0996284,[]
65246,1398777900.1396575,[]
65247,1398777900.1471314,[]
65248,1398777900.183628,[]
65249,1398777900.2235856,[]
65250,1398777900.223621,[]
65251,1398777900.2635887,[]
65252,1398777900.27195,[]
65253,1398777900.3115761,[]
65254,1398777900.3515508,[]
65255,1398777900.3515825,[]
65256,1398777900.391722,[]
65257,1398777900.3964722,[]
65258,1398777900.4356248,[]
65259,1398777900.4756043,[]
65260,1398777900.4756374,[]
65261,1398777900.5155783,[]
65262,1398777900.5211358,[]
65263,1398777900.5596797,[]
65264,1398777900.5996048,[]
65265,1398777900.5997849,[]
65266,1398777900.639762,[]
65267,1398777900.6466565,[]
65268,1398777900.6835651,[]
65269,1398777900.7236001,[]
65270,1398777900.7236314,[]
65271,1398777900.76365,[]
65272,1398777900.7716997,[]
65273,1398777900.8116221,[]
65274,1398777900.8516529,[]
65275,1398777900.8517354,[]
65276,1398777900.8915758,[]
65277,1398777900.8971407,[]
65278,1398777900.9357016,[]
65279,1398777900.9755936,[]
65280,1398777900.9756253,[]
65281,1398777901.0156124,[]
65282,1398777901.0222387,[]
65283,1398777901.0595832,[]
65284,1398777901.0996108,[]
65285,1398777901.0996423,[]
65286,1398777901.1396449,[]
65287,1398777901.1479151,[]
65288,1398777901.1876757,[]
65289,1398777901.2276473,[]
65290,1398777901.2276838,[]
65291,1398777901.267584,[]
65292,1398777901.2728608,[]
65293,1398777901.3117487,[]
65294,1398777901.351638,[]
65295,1398777901.3516755,[]
65296,1398777901.3916738,[]
65297,1398777901.3989415,[]
65298,1398777901.4357574,[]
65299,1398777901.475811,[]
65300,1398777901.475851,[]
65301,1398777901.5156195,[]
65302,1398777901.5246615,[]
65303,1398777901.56354,[]
65304,1398777901.603692,[]
65305,1398777901.6037085,[]
65306,1398777901.6436884,[]
65307,1398777901.6493354,[]
65308,1398777901.6875582,[]
65309,1398777901.727648,[]
65310,1398777901.7276664,[]
65311,1398777901.7676072,[]
65312,1398777901.7744133,[]
65313,1398777901.811561,[]
65314,1398777901.8516092,[]
65315,1398777901.8516345,[]
65316,1398777901.8916252,[]
65317,1398777901.901148,[]
65318,1398777901.9395638,[]
65319,1398777901.979649,[]
65320,1398777901.9796813,[]
65321,1398777902.0195844,[]
65322,1398777902.025746,[]
65323,1398777902.063626,[]
65324,1398777902.103647,[]
65325,1398777902.103669,[]
65326,1398777902.1436307,[]
65327,1398777902.150829,[]
65328,1398777902.1875916,[]
65329,1398777902.2276466,[]
65330,1398777902.2278273,[]
65331,1398777902.2677474,[]
65332,1398777902.276416,[]
65333,1398777902.3160005,[]
65334,1398777902.3555875,[]
65335,1398777902.3556206,[]
65336,1398777902.3956177,[]
65337,1398777902.4016848,[]
65338,1398777902.4395878,[]
65339,1398777902.4795399,[]
65340,1398777902.4795938,[]
65341,1398777902.519618,[]
65342,1398777902.527538,[]
65343,1398777902.5635695,[]
65344,1398777902.6036077,[]
65345,1398777902.6036348,[]
65346,1398777902.6436179,[]
65347,1398777902.6526768,[]
65348,1398777902.6915605,[]
65349,1398777902.7316296,[]
65350,1398777902.7316606,[]
65351,1398777902.7716517,[]
65352,1398777902.7778883,[]
65353,1398777902.8155782,[]
65354,1398777902.8555725,[]
65355,1398777902.8556035,[]
65356,1398777902.895611,[]
65357,1398777902.9038117,[]
65358,1398777902.9436393,[]
65359,1398777902.9836338,[]
65360,1398777902.9836676,[]
65361,1398777903.0235987,[]
65362,1398777903.0286434,[]
65363,1398777903.0676024,[]
65364,1398777903.1075535,[]
65365,1398777903.1075888,[]
65366,1398777903.1476004,[]
65367,1398777903.153895,[]
65368,1398777903.1915882,[]
65369,1398777903.2315626,[]
65370,1398777903.231594,[]
65371,1398777903.2715724,[]
65372,1398777903.2788513,[]
65373,1398777903.3156068,[]
65374,1398777903.355654,[]
65375,1398777903.3556852,[]
65376,1398777903.3956635,[]
65377,1398777903.4048147,[]
65378,1398777903.4435787,[]
65379,1398777903.4835706,[]
65380,1398777903.4835975,[]
65381,1398777903.5236995,[]
65382,1398777903.5307972,[]
65383,1398777903.5675378,[]
65384,1398777903.6075828,[]
65385,1398777903.6076198,[]
65386,1398777903.6475728,[]
65387,1398777903.6558094,[]
65388,1398777903.6956475,[]
65389,1398777903.7356648,[]
65390,1398777903.7356935,[]
65391,1398777903.775632,[]
65392,1398777903.7807717,[]
65393,1398777903.8196418,[]
65394,1398777903.8595786,[]
65395,1398777903.8596053,[]
65396,1398777903.8996959,[]
65397,1398777903.9078686,[]
65398,1398777903.9476013,[]
65399,1398777903.9876041,[]
65400,1398777903.9876366,[]
65401,1398777904.0277777,[]
65402,1398777904.0330188,[]
65403,1398777904.0715535,[]
65404,1398777904.1116076,[]
65405,1398777904.1116366,[]
65406,1398777904.1516294,[]
65407,1398777904.159459,[]
65408,1398777904.1956463,[]
65409,1398777904.235736,[]
65410,1398777904.2357697,[]
65411,1398777904.2756314,[]
65412,1398777904.2846398,[]
65413,1398777904.323645,[]
65414,1398777904.3636174,[]
65415,1398777904.3636453,[]
65416,1398777904.4036624,[]
65417,1398777904.4094012,[]
65418,1398777904.447631,[]
65419,1398777904.4875536,[]
65420,1398777904.4875758,[]
65421,1398777904.5276544,[]
65422,1398777904.534406,[]
65423,1398777904.5716503,[]
65424,1398777904.6116047,[]
65425,1398777904.611641,[]
65426,1398777904.6516373,[]
65427,1398777904.6595929,[]
65428,1398777904.6996126,[]
65429,1398777904.7395759,[]
65430,1398777904.739602,[]
65431,1398777904.7795682,[]
65432,1398777904.7837455,[]
65433,1398777904.8235812,[]
65434,1398777904.863653,[]
65435,1398777904.9036381,[]
65436,1398777904.9036705,[]
65437,1398777904.9435966,[]
65438,1398777904.943627,[]
65439,1398777904.9836414,[]
65440,1398777904.9847689,[]
65441,1398777905.0236194,[]
65442,1398777905.0636072,[]
65443,1398777905.0636284,[]
65444,1398777905.1035793,[]
65445,1398777905.109624,[]
65446,1398777905.1476681,[]
65447,1398777905.1876106,[]
65448,1398777905.1876426,[]
65449,1398777905.2275763,[]
65450,1398777905.2352765,[]
65451,1398777905.2715974,[]
65452,1398777905.311597,[]
65453,1398777905.311631,[]
65454,1398777905.351588,[]
65455,1398777905.3605232,[]
65456,1398777905.399664,[]
65457,1398777905.4396403,[]
65458,1398777905.4396687,[]
65459,1398777905.4795814,[]
65460,1398777905.4868913,[]
65461,1398777905.5236082,[]
65462,1398777905.5654266,[]
65463,1398777905.5654526,[]
65464,1398777905.6036422,[]
65465,1398777905.6119895,[]
65466,1398777905.6515667,[]
65467,1398777905.6916187,[]
65468,1398777905.691646,[]
65469,1398777905.731793,[]
65470,1398777905.7366967,[]
65471,1398777905.775524,[]
65472,1398777905.8155744,[]
65473,1398777905.8156033,[]
65474,1398777905.8556378,[]
65475,1398777905.8622735,[]
65476,1398777905.8995829,[]
65477,1398777905.939596,[]
65478,1398777905.939629,[]
65479,1398777905.9795632,[]
65480,1398777905.988272,[]
65481,1398777906.027541,[]
65482,1398777906.0676355,[]
65483,1398777906.0676603,[]
65484,1398777906.109379,[]
65485,1398777906.1128893,[]
65486,1398777906.1515777,[]
65487,1398777906.1916177,[]
65488,1398777906.1916516,[]
65489,1398777906.23158,[]
65490,1398777906.2382705,[]
65491,1398777906.2755497,[]
65492,1398777906.315634,[]
65493,1398777906.3156657,[]
65494,1398777906.355638,[]
65495,1398777906.3638906,[]
65496,1398777906.4035997,[]
65497,1398777906.443532,[]
65498,1398777906.4435496,[]
65499,1398777906.4836195,[]
65500,1398777906.489775,[]
65501,1398777906.5275812,[]
65502,1398777906.5676236,[]
65503,1398777906.5676541,[]
65504,1398777906.6076267,[]
65505,1398777906.6144047,[]
65506,1398777906.651605,[]
65507,1398777906.6915858,[]
65508,1398777906.6916156,[]
65509,1398777906.73162,[]
65510,1398777906.739392,[]
65511,1398777906.775645,[]
65512,1398777906.8155482,[]
65513,1398777906.815582,[]
65514,1398777906.8556845,[]
65515,1398777906.865157,[]
65516,1398777906.903665,[]
65517,1398777906.94358,[]
65518,1398777906.9436097,[]
65519,1398777906.9835973,[]
65520,1398777906.9907725,[]
65521,1398777907.027599,[]
65522,1398777907.0676742,[]
65523,1398777907.1075919,[]
65524,1398777907.1076188,[]
65525,1398777907.147571,[]
65526,1398777907.147601,[]
65527,1398777907.1876223,[]
65528,1398777907.191417,[]
65529,1398777907.2276895,[]
65530,1398777907.2675729,[]
65531,1398777907.2675977,[]
65532,1398777907.3076267,[]
65533,1398777907.3173087,[]
65534,1398777907.3555586,[]
65535,1398777907.3955991,[]
65536,1398777907.3956282,[]
65537,1398777907.43564,[]
65538,1398777907.4419005,[]
65539,1398777907.479601,[]
65540,1398777907.5196478,[]
65541,1398777907.5196857,[]
65542,1398777907.5595784,[]
65543,1398777907.5673914,[]
65544,1398777907.6036863,[]
65545,1398777907.6435354,[]
65546,1398777907.643561,[]
65547,1398777907.6836402,[]
65548,1398777907.6931849,[]
65549,1398777907.731636,[]
65550,1398777907.7716017,[]
65551,1398777907.7716343,[]
65552,1398777907.811605,[]
65553,1398777907.8181636,[]
65554,1398777907.8556411,[]
65555,1398777907.895565,[]
65556,1398777907.8955948,[]
65557,1398777907.9356022,[]
65558,1398777907.9435673,[]
65559,1398777907.9836164,[]
65560,1398777908.0236397,[]
65561,1398777908.02367,[]
65562,1398777908.063608,[]
65563,1398777908.070056,[]
65564,1398777908.1116753,[]
65565,1398777908.1515868,[]
65566,1398777908.1516175,[]
65567,1398777908.191707,[]
65568,1398777908.195932,[]
65569,1398777908.235589,[]
65570,1398777908.275609,[]
65571,1398777908.2756388,[]
65572,1398777908.315699,[]
65573,1398777908.3225017,[]
65574,1398777908.3596427,[]
65575,1398777908.3997042,[]
65576,1398777908.399728,[]
65577,1398777908.439633,[]
65578,1398777908.4467185,[]
65579,1398777908.4835663,[]
65580,1398777908.5235782,[]
65581,1398777908.5236084,[]
65582,1398777908.5636187,[]
65583,1398777908.5715067,[]
65584,1398777908.607652,[]
65585,1398777908.6476264,[]
65586,1398777908.6476634,[]
65587,1398777908.6876466,[]
65588,1398777908.6963656,[]
65589,1398777908.7356684,[]
65590,1398777908.7755644,[]
65591,1398777908.7755947,[]
65592,1398777908.8155704,[]
65593,1398777908.8211637,[]
65594,1398777908.8596756,[]
65595,1398777908.8996015,[]
65596,1398777908.8996334,[]
65597,1398777908.939646,[]
65598,1398777908.945737,[]
65599,1398777908.9836397,[]
65600,1398777909.0236213,[]
65601,1398777909.0236475,[]
65602,1398777909.0636835,[]
65603,1398777909.0723612,[]
65604,1398777909.111599,[]
65605,1398777909.151602,[]
65606,1398777909.1516354,[]
65607,1398777909.1916063,[]
65608,1398777909.196786,[]
65609,1398777909.235711,[]
65610,1398777909.2755928,[]
65611,1398777909.3156056,[]
65612,1398777909.3156376,[]
65613,1398777909.355621,[]
65614,1398777909.3556516,[]
65615,1398777909.3955805,[]
65616,1398777909.3975043,[]
65617,1398777909.4356325,[]
65618,1398777909.4756522,[]
65619,1398777909.4756851,[]
65620,1398777909.5156333,[]
65621,1398777909.5223978,[]
65622,1398777909.5596108,[]
65623,1398777909.5996335,[]
65624,1398777909.5996668,[]
65625,1398777909.6395757,[]
65626,1398777909.6479623,[]
65627,1398777909.6875575,[]
65628,1398777909.727648,[]
65629,1398777909.727668,[]
65630,1398777909.7675471,[]
65631,1398777909.773815,[]
65632,1398777909.8115628,[]
65633,1398777909.8516052,[]
65634,1398777909.851636,[]
65635,1398777909.8915775,[]
65636,1398777909.8986444,[]
65637,1398777909.935574,[]
65638,1398777909.975615,[]
65639,1398777909.9756424,[]
65640,1398777910.0155928,[]
65641,1398777910.0244722,[]
65642,1398777910.0635722,[]
65643,1398777910.1036386,[]
65644,1398777910.1036685,[]
65645,1398777910.1436772,[]
65646,1398777910.1495178,[]
65647,1398777910.1877058,[]
65648,1398777910.227593,[]
65649,1398777910.2276242,[]
65650,1398777910.267741,[]
65651,1398777910.2753503,[]
65652,1398777910.3115377,[]
65653,1398777910.3516173,[]
65654,1398777910.3516488,[]
65655,1398777910.391628,[]
65656,1398777910.4005196,[]
65657,1398777910.4397392,[]
65658,1398777910.47956,[]
65659,1398777910.479593,[]
65660,1398777910.519602,[]
65661,1398777910.5261261,[]
65662,1398777910.5635567,[]
65663,1398777910.6035957,[]
65664,1398777910.603631,[]
65665,1398777910.6436763,[]
65666,1398777910.651167,[]
65667,1398777910.6875648,[]
65668,1398777910.7275984,[]
65669,1398777910.7276287,[]
65670,1398777910.767617,[]
65671,1398777910.7767713,[]
65672,1398777910.815602,[]
65673,1398777910.8556678,[]
65674,1398777910.8557215,[]
65675,1398777910.8956747,[]
65676,1398777910.9027069,[]
65677,1398777910.9396193,[]
65678,1398777910.979586,[]
65679,1398777910.9796305,[]
65680,1398777911.0195873,[]
65681,1398777911.0271218,[]
65682,1398777911.0637956,[]
65683,1398777911.103676,[]
65684,1398777911.1037045,[]
65685,1398777911.1436248,[]
65686,1398777911.1530235,[]
65687,1398777911.1916718,[]
65688,1398777911.2317057,[]
65689,1398777911.2317326,[]
65690,1398777911.2715993,[]
65691,1398777911.2775059,[]
65692,1398777911.3156629,[]
65693,1398777911.3556392,[]
65694,1398777911.355661,[]
65695,1398777911.3956928,[]
65696,1398777911.403373,[]
65697,1398777911.4396617,[]
65698,1398777911.47968,[]
65699,1398777911.4797041,[]
65700,1398777911.51973,[]
65701,1398777911.5294404,[]
65702,1398777911.5675743,[]
65703,1398777911.6076348,[]
65704,1398777911.6076589,[]
65705,1398777911.6476252,[]
65706,1398777911.6551564,[]
65707,1398777911.6916006,[]
65708,1398777911.7316642,[]
65709,1398777911.7316885,[]
65710,1398777911.771606,[]
65711,1398777911.7798092,[]
65712,1398777911.81964,[]
65713,1398777911.859588,[]
65714,1398777911.8596146,[]
65715,1398777911.89962,[]
65716,1398777911.9049058,[]
65717,1398777911.9435794,[]
65718,1398777911.9836009,[]
65719,1398777911.983627,[]
65720,1398777912.023558,[]
65721,1398777912.0308068,[]
65722,1398777912.0675595,[]
65723,1398777912.1075425,[]
65724,1398777912.1075742,[]
65725,1398777912.147671,[]
65726,1398777912.1569421,[]
65727,1398777912.1956265,[]
65728,1398777912.2356036,[]
65729,1398777912.2356305,[]
65730,1398777912.275562,[]
65731,1398777912.2819116,[]
65732,1398777912.3195937,[]
65733,1398777912.3596013,[]
65734,1398777912.359632,[]
65735,1398777912.3998222,[]
65736,1398777912.4088547,[]
65737,1398777912.4475994,[]
65738,1398777912.4876037,[]
65739,1398777912.4876318,[]
65740,1398777912.5277863,[]
65741,1398777912.5342674,[]
65742,1398777912.5716977,[]
65743,1398777912.6115353,[]
65744,1398777912.6115568,[]
65745,1398777912.6515927,[]
65746,1398777912.6590593,[]
65747,1398777912.6955783,[]
65748,1398777912.735608,[]
65749,1398777912.7356393,[]
65750,1398777912.775624,[]
65751,1398777912.78316,[]
65752,1398777912.8195775,[]
65753,1398777912.8596115,[]
65754,1398777912.8596423,[]
65755,1398777912.8996797,[]
65756,1398777912.9088078,[]
65757,1398777912.947596,[]
65758,1398777912.9876451,[]
65759,1398777912.9877007,[]
65760,1398777913.0276394,[]
65761,1398777913.033653,[]
65762,1398777913.0715568,[]
65763,1398777913.111647,[]
65764,1398777913.111678,[]
65765,1398777913.151585,[]
65766,1398777913.1585238,[]
65767,1398777913.1956534,[]
65768,1398777913.2355762,[]
65769,1398777913.2356172,[]
65770,1398777913.2755966,[]
65771,1398777913.2834682,[]
65772,1398777913.3196914,[]
65773,1398777913.3595986,[]
65774,1398777913.3596258,[]
65775,1398777913.3996894,[]
65776,1398777913.4092178,[]
65777,1398777913.4475822,[]
65778,1398777913.487576,[]
65779,1398777913.4876068,[]
65780,1398777913.527586,[]
65781,1398777913.5345485,[]
65782,1398777913.5717168,[]
65783,1398777913.611592,[]
65784,1398777913.6116247,[]
65785,1398777913.6515827,[]
65786,1398777913.6597967,[]
65787,1398777913.699553,[]
65788,1398777913.7397306,[]
65789,1398777913.739765,[]
65790,1398777913.7795618,[]
65791,1398777913.785929,[]
65792,1398777913.823687,[]
65793,1398777913.8635798,[]
65794,1398777913.8636103,[]
65795,1398777913.9036112,[]
65796,1398777913.910695,[]
65797,1398777913.9476283,[]
65798,1398777913.9876344,[]
65799,1398777913.9876568,[]
65800,1398777914.0275903,[]
65801,1398777914.036961,[]
65802,1398777914.0755613,[]
65803,1398777914.1156528,[]
65804,1398777914.115684,[]
65805,1398777914.1557057,[]
65806,1398777914.1611297,[]
65807,1398777914.1995363,[]
65808,1398777914.2396035,[]
65809,1398777914.2396374,[]
65810,1398777914.2795835,[]
65811,1398777914.2866502,[]
65812,1398777914.323557,[]
65813,1398777914.3636155,[]
65814,1398777914.3636444,[]
65815,1398777914.4036136,[]
65816,1398777914.4128401,[]
65817,1398777914.4515743,[]
65818,1398777914.4915621,[]
65819,1398777914.491591,[]
65820,1398777914.5316393,[]
65821,1398777914.5371099,[]
65822,1398777914.5756114,[]
65823,1398777914.6156225,[]
65824,1398777914.6156607,[]
65825,1398777914.6556656,[]
65826,1398777914.662531,[]
65827,1398777914.6995602,[]
65828,1398777914.7396107,[]
65829,1398777914.7396443,[]
65830,1398777914.779614,[]
65831,1398777914.7879076,[]
65832,1398777914.8275964,[]
65833,1398777914.8676155,[]
65834,1398777914.8676465,[]
65835,1398777914.9076087,[]
65836,1398777914.9139698,[]
65837,1398777914.9515998,[]
65838,1398777914.991611,[]
65839,1398777914.9916406,[]
65840,1398777915.0316267,[]
65841,1398777915.040404,[]
65842,1398777915.079557,[]
65843,1398777915.1197495,[]
65844,1398777915.119799,[]
65845,1398777915.1596298,[]
65846,1398777915.1646218,[]
65847,1398777915.2035906,[]
65848,1398777915.2435825,[]
65849,1398777915.2436101,[]
65850,1398777915.283676,[]
65851,1398777915.289539,[]
65852,1398777915.3276021,[]
65853,1398777915.367581,[]
65854,1398777915.3676088,[]
65855,1398777915.4076905,[]
65856,1398777915.4157796,[]
65857,1398777915.4556096,[]
65858,1398777915.495566,[]
65859,1398777915.495592,[]
65860,1398777915.5356996,[]
65861,1398777915.540274,[]
65862,1398777915.5796025,[]
65863,1398777915.6196058,[]
65864,1398777915.6196423,[]
65865,1398777915.6596222,[]
65866,1398777915.666076,[]
65867,1398777915.7035558,[]
65868,1398777915.7436547,[]
65869,1398777915.7437003,[]
65870,1398777915.7836215,[]
65871,1398777915.7914584,[]
65872,1398777915.8276308,[]
65873,1398777915.8675416,[]
65874,1398777915.867572,[]
65875,1398777915.9076438,[]
65876,1398777915.9174838,[]
65877,1398777915.9556072,[]
65878,1398777915.9956028,[]
65879,1398777915.9956326,[]
65880,1398777916.0355759,[]
65881,1398777916.0429258,[]
65882,1398777916.0795982,[]
65883,1398777916.1236045,[]
65884,1398777916.1236355,[]
65885,1398777916.163625,[]
65886,1398777916.167418,[]
65887,1398777916.2036154,[]
65888,1398777916.243645,[]
65889,1398777916.2436771,[]
65890,1398777916.283653,[]
65891,1398777916.2927945,[]
65892,1398777916.3316362,[]
65893,1398777916.3715863,[]
65894,1398777916.3716164,[]
65895,1398777916.411669,[]
65896,1398777916.4195778,[]
65897,1398777916.4596345,[]
65898,1398777916.4995763,[]
65899,1398777916.4996037,[]
65900,1398777916.5436242,[]
65901,1398777916.5456812,[]
65902,1398777916.5835867,[]
65903,1398777916.6237276,[]
65904,1398777916.6237552,[]
65905,1398777916.663659,[]
65906,1398777916.6715295,[]
65907,1398777916.7075906,[]
65908,1398777916.747596,[]
65909,1398777916.747627,[]
65910,1398777916.7876034,[]
65911,1398777916.7960248,[]
65912,1398777916.8356597,[]
65913,1398777916.8757377,[]
65914,1398777916.875765,[]
65915,1398777916.9156032,[]
65916,1398777916.9208398,[]
65917,1398777916.9595861,[]
65918,1398777916.9996557,[]
65919,1398777916.9996862,[]
65920,1398777917.0395727,[]
65921,1398777917.045764,[]
65922,1398777917.0836642,[]
65923,1398777917.1236277,[]
65924,1398777917.1236567,[]
65925,1398777917.1635914,[]
65926,1398777917.1708705,[]
65927,1398777917.2076278,[]
65928,1398777917.2475548,[]
65929,1398777917.2475917,[]
65930,1398777917.28769,[]
65931,1398777917.2966144,[]
65932,1398777917.335687,[]
65933,1398777917.3757265,[]
65934,1398777917.3757539,[]
65935,1398777917.4155982,[]
65936,1398777917.4208758,[]
65937,1398777917.4596212,[]
65938,1398777917.4996257,[]
65939,1398777917.4996626,[]
65940,1398777917.5396914,[]
65941,1398777917.5464191,[]
65942,1398777917.5836115,[]
65943,1398777917.6236145,[]
65944,1398777917.6236417,[]
65945,1398777917.6635807,[]
65946,1398777917.6721625,[]
65947,1398777917.711598,[]
65948,1398777917.7516642,[]
65949,1398777917.751736,[]
65950,1398777917.7915883,[]
65951,1398777917.797021,[]
65952,1398777917.8356361,[]
65953,1398777917.8755946,[]
65954,1398777917.8756237,[]
65955,1398777917.9156063,[]
65956,1398777917.9224055,[]
65957,1398777917.9597697,[]
65958,1398777917.9995992,[]
65959,1398777917.9996307,[]
65960,1398777918.0396333,[]
65961,1398777918.0482807,[]
65962,1398777918.0875442,[]
65963,1398777918.1317406,[]
65964,1398777918.1318097,[]
65965,1398777918.1716633,[]
65966,1398777918.1731923,[]
65967,1398777918.21166,[]
65968,1398777918.2516563,[]
65969,1398777918.251757,[]
65970,1398777918.291732,[]
65971,1398777918.2991672,[]
65972,1398777918.335566,[]
65973,1398777918.3755891,[]
65974,1398777918.3756135,[]
65975,1398777918.4157333,[]
65976,1398777918.4246488,[]
65977,1398777918.4635546,[]
65978,1398777918.5036075,[]
65979,1398777918.5036364,[]
65980,1398777918.5435984,[]
65981,1398777918.5489986,[]
65982,1398777918.5876157,[]
65983,1398777918.6276777,[]
65984,1398777918.6277404,[]
65985,1398777918.667611,[]
65986,1398777918.6749098,[]
65987,1398777918.7115695,[]
65988,1398777918.751621,[]
65989,1398777918.7516365,[]
65990,1398777918.791627,[]
65991,1398777918.8002656,[]
65992,1398777918.8395908,[]
65993,1398777918.8795528,[]
65994,1398777918.8795786,[]
65995,1398777918.9195833,[]
65996,1398777918.9266672,[]
65997,1398777918.9635653,[]
65998,1398777919.0035973,[]
65999,1398777919.003625,[]
66000,1398777919.043618,[]
66001,1398777919.0507395,[]
66002,1398777919.087557,[]
66003,1398777919.1275687,[]
66004,1398777919.1276011,[]
66005,1398777919.1675785,[]
66006,1398777919.1758027,[]
66007,1398777919.219536,[]
66008,1398777919.2555676,[]
66009,1398777919.2556014,[]
66010,1398777919.2957766,[]
66011,1398777919.3017645,[]
66012,1398777919.3395908,[]
66013,1398777919.3796601,[]
66014,1398777919.3796818,[]
66015,1398777919.4196026,[]
66016,1398777919.4272726,[]
66017,1398777919.4636087,[]
66018,1398777919.5036,[]
66019,1398777919.503633,[]
66020,1398777919.5436273,[]
66021,1398777919.5522711,[]
66022,1398777919.5915632,[]
66023,1398777919.631607,[]
66024,1398777919.631648,[]
66025,1398777919.6716206,[]
66026,1398777919.6773317,[]
66027,1398777919.7155683,[]
66028,1398777919.755553,[]
66029,1398777919.7555895,[]
66030,1398777919.7956028,[]
66031,1398777919.8031611,[]
66032,1398777919.8396661,[]
66033,1398777919.8795586,[]
66034,1398777919.8795862,[]
66035,1398777919.9196901,[]
66036,1398777919.9294174,[]
66037,1398777919.967651,[]
66038,1398777920.0075634,[]
66039,1398777920.0075943,[]
66040,1398777920.0475857,[]
66041,1398777920.053929,[]
66042,1398777920.0915704,[]
66043,1398777920.1315682,[]
66044,1398777920.131596,[]
66045,1398777920.1716278,[]
66046,1398777920.1787908,[]
66047,1398777920.219606,[]
66048,1398777920.2596092,[]
66049,1398777920.259641,[]
66050,1398777920.2996142,[]
66051,1398777920.3046741,[]
66052,1398777920.3436446,[]
66053,1398777920.3835413,[]
66054,1398777920.3835661,[]
66055,1398777920.4237273,[]
66056,1398777920.4306269,[]
66057,1398777920.4676054,[]
66058,1398777920.5075681,[]
66059,1398777920.507599,[]
66060,1398777920.5475802,[]
66061,1398777920.556335,[]
66062,1398777920.5956962,[]
66063,1398777920.6356573,[]
66064,1398777920.635693,[]
66065,1398777920.6756284,[]
66066,1398777920.6830459,[]
66067,1398777920.7196345,[]
66068,1398777920.7596073,[]
66069,1398777920.7596347,[]
66070,1398777920.7996368,[]
66071,1398777920.8086302,[]
66072,1398777920.8484077,[]
66073,1398777920.8875995,[]
66074,1398777920.8876262,[]
66075,1398777920.9276013,[]
66076,1398777920.9329157,[]
66077,1398777920.9716036,[]
66078,1398777921.011582,[]
66079,1398777921.0116415,[]
66080,1398777921.0516157,[]
66081,1398777921.0577462,[]
66082,1398777921.0956593,[]
66083,1398777921.1356282,[]
66084,1398777921.1356578,[]
66085,1398777921.1756158,[]
66086,1398777921.182617,[]
66087,1398777921.2196372,[]
66088,1398777921.2595708,[]
66089,1398777921.2595992,[]
66090,1398777921.2996905,[]
66091,1398777921.3081691,[]
66092,1398777921.3476684,[]
66093,1398777921.3875847,[]
66094,1398777921.3876154,[]
66095,1398777921.4276211,[]
66096,1398777921.4326653,[]
66097,1398777921.471597,[]
66098,1398777921.5116117,[]
66099,1398777921.5116293,[]
66100,1398777921.5516005,[]
66101,1398777921.5589004,[]
66102,1398777921.5955558,[]
66103,1398777921.635669,[]
66104,1398777921.6357,[]
66105,1398777921.6755536,[]
66106,1398777921.6834538,[]
66107,1398777921.719599,[]
66108,1398777921.759658,[]
66109,1398777921.7596867,[]
66110,1398777921.7995484,[]
66111,1398777921.8096673,[]
66112,1398777921.8476233,[]
66113,1398777921.8875613,[]
66114,1398777921.887592,[]
66115,1398777921.927596,[]
66116,1398777921.9353294,[]
66117,1398777921.9716277,[]
66118,1398777922.0116162,[]
66119,1398777922.0116446,[]
66120,1398777922.0516222,[]
66121,1398777922.0591524,[]
66122,1398777922.0956228,[]
66123,1398777922.1356685,[]
66124,1398777922.1357005,[]
66125,1398777922.1756566,[]
66126,1398777922.184558,[]
66127,1398777922.2236652,[]
66128,1398777922.2635891,[]
66129,1398777922.2636242,[]
66130,1398777922.3036628,[]
66131,1398777922.3105416,[]
66132,1398777922.3475592,[]
66133,1398777922.387606,[]
66134,1398777922.3876243,[]
66135,1398777922.4276094,[]
66136,1398777922.4363809,[]
66137,1398777922.4755766,[]
66138,1398777922.5156024,[]
66139,1398777922.5156357,[]
66140,1398777922.555645,[]
66141,1398777922.5616884,[]
66142,1398777922.5995684,[]
66143,1398777922.6396556,[]
66144,1398777922.6396863,[]
66145,1398777922.6795766,[]
66146,1398777922.6865144,[]
66147,1398777922.7236288,[]
66148,1398777922.7635972,[]
66149,1398777922.7636266,[]
66150,1398777922.8035996,[]
66151,1398777922.8122404,[]
66152,1398777922.851665,[]
66153,1398777922.8916087,[]
66154,1398777922.8916426,[]
66155,1398777922.9316154,[]
66156,1398777922.937954,[]
66157,1398777922.9756389,[]
66158,1398777923.0155976,[]
66159,1398777923.0156317,[]
66160,1398777923.0556304,[]
66161,1398777923.0621014,[]
66162,1398777923.0995781,[]
66163,1398777923.1396046,[]
66164,1398777923.139639,[]
66165,1398777923.1796062,[]
66166,1398777923.187898,[]
66167,1398777923.2276413,[]
66168,1398777923.2676384,[]
66169,1398777923.267666,[]
66170,1398777923.3076928,[]
66171,1398777923.3130515,[]
66172,1398777923.35164,[]
66173,1398777923.391573,[]
66174,1398777923.3916013,[]
66175,1398777923.4316509,[]
66176,1398777923.439668,[]
66177,1398777923.4795947,[]
66178,1398777923.5196886,[]
66179,1398777923.5197296,[]
66180,1398777923.5596151,[]
66181,1398777923.5639122,[]
66182,1398777923.6036224,[]
66183,1398777923.6435537,[]
66184,1398777923.6435869,[]
66185,1398777923.6836052,[]
66186,1398777923.6889951,[]
66187,1398777923.7276587,[]
66188,1398777923.7675848,[]
66189,1398777923.7676141,[]
66190,1398777923.8076437,[]
66191,1398777923.8145308,[]
66192,1398777923.851569,[]
66193,1398777923.8915715,[]
66194,1398777923.8915997,[]
66195,1398777923.931587,[]
66196,1398777923.9479046,[]
66197,1398777923.9875898,[]
66198,1398777924.0278006,[]
66199,1398777924.027826,[]
66200,1398777924.0675972,[]
66201,1398777924.0676723,[]
66202,1398777924.1076229,[]
66203,1398777924.1153147,[]
66204,1398777924.1516376,[]
66205,1398777924.1915815,[]
66206,1398777924.1916125,[]
66207,1398777924.2316678,[]
66208,1398777924.241168,[]
66209,1398777924.2796226,[]
66210,1398777924.3196013,[]
66211,1398777924.3196316,[]
66212,1398777924.3596582,[]
66213,1398777924.3661706,[]
66214,1398777924.4036572,[]
66215,1398777924.4435391,[]
66216,1398777924.4435697,[]
66217,1398777924.483601,[]
66218,1398777924.4919422,[]
66219,1398777924.5315914,[]
66220,1398777924.5716126,[]
66221,1398777924.5716434,[]
66222,1398777924.611634,[]
66223,1398777924.6168213,[]
66224,1398777924.655577,[]
66225,1398777924.6955729,[]
66226,1398777924.6956072,[]
66227,1398777924.7356482,[]
66228,1398777924.7438304,[]
66229,1398777924.7835877,[]
66230,1398777924.8235946,[]
66231,1398777924.8236244,[]
66232,1398777924.863664,[]
66233,1398777924.8697886,[]
66234,1398777924.9076202,[]
66235,1398777924.9475517,[]
66236,1398777924.947583,[]
66237,1398777924.9876127,[]
66238,1398777924.9955661,[]
66239,1398777925.0355897,[]
66240,1398777925.075681,[]
66241,1398777925.0757792,[]
66242,1398777925.1156304,[]
66243,1398777925.1203866,[]
66244,1398777925.1596303,[]
66245,1398777925.2010245,[]
66246,1398777925.2010615,[]
66247,1398777925.239597,[]
66248,1398777925.245296,[]
66249,1398777925.2836268,[]
66250,1398777925.3235922,[]
66251,1398777925.3236244,[]
66252,1398777925.3635702,[]
66253,1398777925.3700259,[]
66254,1398777925.4076216,[]
66255,1398777925.447567,[]
66256,1398777925.4475951,[]
66257,1398777925.4875805,[]
66258,1398777925.4957695,[]
66259,1398777925.5357306,[]
66260,1398777925.5755472,[]
66261,1398777925.57558,[]
66262,1398777925.6155863,[]
66263,1398777925.6197913,[]
66264,1398777925.6595483,[]
66265,1398777925.6996448,[]
66266,1398777925.6996744,[]
66267,1398777925.7398107,[]
66268,1398777925.745713,[]
66269,1398777925.7835877,[]
66270,1398777925.8236103,[]
66271,1398777925.8236423,[]
66272,1398777925.8635547,[]
66273,1398777925.8714218,[]
66274,1398777925.9076374,[]
66275,1398777925.9476323,[]
66276,1398777925.9476748,[]
66277,1398777925.987616,[]
66278,1398777925.9959798,[]
66279,1398777926.0355992,[]
66280,1398777926.075608,[]
66281,1398777926.0756385,[]
66282,1398777926.1156275,[]
66283,1398777926.120978,[]
66284,1398777926.1595716,[]
66285,1398777926.199597,[]
66286,1398777926.1996198,[]
66287,1398777926.23964,[]
66288,1398777926.246694,[]
66289,1398777926.283577,[]
66290,1398777926.323601,[]
66291,1398777926.3236318,[]
66292,1398777926.363581,[]
66293,1398777926.3718178,[]
66294,1398777926.4115944,[]
66295,1398777926.4516075,[]
66296,1398777926.451642,[]
66297,1398777926.4916217,[]
66298,1398777926.497539,[]
66299,1398777926.5356145,[]
66300,1398777926.5755825,[]
66301,1398777926.575613,[]
66302,1398777926.6156058,[]
66303,1398777926.622699,[]
66304,1398777926.6595893,[]
66305,1398777926.6996174,[]
66306,1398777926.6996472,[]
66307,1398777926.739618,[]
66308,1398777926.7482154,[]
66309,1398777926.787618,[]
66310,1398777926.8275821,[]
66311,1398777926.8676624,[]
66312,1398777926.8676987,[]
66313,1398777926.9076428,[]
66314,1398777926.9076726,[]
66315,1398777926.9475765,[]
66316,1398777926.9482553,[]
66317,1398777926.9877264,[]
66318,1398777927.0275817,[]
66319,1398777927.0276093,[]
66320,1398777927.0676024,[]
66321,1398777927.0744236,[]
66322,1398777927.1116376,[]
66323,1398777927.1516194,[]
66324,1398777927.1516519,[]
66325,1398777927.1916478,[]
66326,1398777927.2002556,[]
66327,1398777927.2396224,[]
66328,1398777927.279612,[]
66329,1398777927.279649,[]
66330,1398777927.3196542,[]
66331,1398777927.3255384,[]
66332,1398777927.3635957,[]
66333,1398777927.4036577,[]
66334,1398777927.4036875,[]
66335,1398777927.443614,[]
66336,1398777927.450093,[]
66337,1398777927.4875941,[]
66338,1398777927.527746,[]
66339,1398777927.5277972,[]
66340,1398777927.5675788,[]
66341,1398777927.5752914,[]
66342,1398777927.6116416,[]
66343,1398777927.6516032,[]
66344,1398777927.6516333,[]
66345,1398777927.6916068,[]
66346,1398777927.702087,[]
66347,1398777927.739616,[]
66348,1398777927.7796006,[]
66349,1398777927.7796338,[]
66350,1398777927.8196535,[]
66351,1398777927.8272855,[]
66352,1398777927.863551,[]
66353,1398777927.9035747,[]
66354,1398777927.903604,[]
66355,1398777927.9435852,[]
66356,1398777927.9517956,[]
66357,1398777927.9916496,[]
66358,1398777928.0315428,[]
66359,1398777928.0315742,[]
66360,1398777928.0716524,[]
66361,1398777928.0770311,[]
66362,1398777928.1156054,[]
66363,1398777928.1555743,[]
66364,1398777928.1556091,[]
66365,1398777928.195626,[]
66366,1398777928.2027574,[]
66367,1398777928.239619,[]
66368,1398777928.2795398,[]
66369,1398777928.2795753,[]
66370,1398777928.3196502,[]
66371,1398777928.32817,[]
66372,1398777928.3676157,[]
66373,1398777928.4076693,[]
66374,1398777928.4076962,[]
66375,1398777928.4476097,[]
66376,1398777928.453947,[]
66377,1398777928.491606,[]
66378,1398777928.531604,[]
66379,1398777928.531638,[]
66380,1398777928.5716107,[]
66381,1398777928.57879,[]
66382,1398777928.6155999,[]
66383,1398777928.6556194,[]
66384,1398777928.655649,[]
66385,1398777928.6957083,[]
66386,1398777928.7044382,[]
66387,1398777928.7435486,[]
66388,1398777928.7835782,[]
66389,1398777928.7836094,[]
66390,1398777928.8236463,[]
66391,1398777928.8292894,[]
66392,1398777928.8676379,[]
66393,1398777928.9075744,[]
66394,1398777928.9076066,[]
66395,1398777928.9476888,[]
66396,1398777928.9560554,[]
66397,1398777928.995636,[]
66398,1398777929.0356138,[]
66399,1398777929.0356436,[]
66400,1398777929.0756445,[]
66401,1398777929.0820298,[]
66402,1398777929.1196399,[]
66403,1398777929.1595824,[]
66404,1398777929.159614,[]
66405,1398777929.1996186,[]
66406,1398777929.2075152,[]
66407,1398777929.2437356,[]
66408,1398777929.283583,[]
66409,1398777929.2836072,[]
66410,1398777929.323697,[]
66411,1398777929.3325682,[]
66412,1398777929.3716025,[]
66413,1398777929.4116151,[]
66414,1398777929.4116457,[]
66415,1398777929.451559,[]
66416,1398777929.4569066,[]
66417,1398777929.4955673,[]
66418,1398777929.5394511,[]
66419,1398777929.5394783,[]
66420,1398777929.575591,[]
66421,1398777929.5824108,[]
66422,1398777929.619574,[]
66423,1398777929.6596048,[]
66424,1398777929.6596274,[]
66425,1398777929.6996636,[]
66426,1398777929.7074533,[]
66427,1398777929.7436442,[]
66428,1398777929.7835948,[]
66429,1398777929.783626,[]
66430,1398777929.8236852,[]
66431,1398777929.8320425,[]
66432,1398777929.8716214,[]
66433,1398777929.9115999,[]
66434,1398777929.911626,[]
66435,1398777929.9516003,[]
66436,1398777929.9577224,[]
66437,1398777929.9957287,[]
66438,1398777930.0356066,[]
66439,1398777930.035637,[]
66440,1398777930.0755892,[]
66441,1398777930.08268,[]
66442,1398777930.11965,[]
66443,1398777930.1596208,[]
66444,1398777930.159654,[]
66445,1398777930.1995807,[]
66446,1398777930.2088685,[]
66447,1398777930.2476752,[]
66448,1398777930.2876174,[]
66449,1398777930.2876518,[]
66450,1398777930.327603,[]
66451,1398777930.333515,[]
66452,1398777930.3716342,[]
66453,1398777930.4117212,[]
66454,1398777930.4117424,[]
66455,1398777930.4516022,[]
66456,1398777930.4588163,[]
66457,1398777930.4956543,[]
66458,1398777930.5355918,[]
66459,1398777930.535625,[]
66460,1398777930.575574,[]
66461,1398777930.5847416,[]
66462,1398777930.6236732,[]
66463,1398777930.663636,[]
66464,1398777930.663661,[]
66465,1398777930.7036488,[]
66466,1398777930.7096386,[]
66467,1398777930.7475505,[]
66468,1398777930.7875848,[]
66469,1398777930.7876897,[]
66470,1398777930.8276176,[]
66471,1398777930.8346443,[]
66472,1398777930.871595,[]
66473,1398777930.911598,[]
66474,1398777930.9116695,[]
66475,1398777930.9516313,[]
66476,1398777930.9605386,[]
66477,1398777930.9995785,[]
66478,1398777931.039623,[]
66479,1398777931.0396798,[]
66480,1398777931.0796857,[]
66481,1398777931.0858223,[]
66482,1398777931.1236033,[]
66483,1398777931.1636286,[]
66484,1398777931.1637447,[]
66485,1398777931.2036903,[]
66486,1398777931.21057,[]
66487,1398777931.247633,[]
66488,1398777931.2876425,[]
66489,1398777931.2877042,[]
66490,1398777931.3276315,[]
66491,1398777931.3363204,[]
66492,1398777931.3756368,[]
66493,1398777931.4155595,[]
66494,1398777931.4155867,[]
66495,1398777931.455585,[]
66496,1398777931.4618013,[]
66497,1398777931.4995375,[]
66498,1398777931.5395918,[]
66499,1398777931.5396216,[]
66500,1398777931.5796375,[]
66501,1398777931.587056,[]
66502,1398777931.6235323,[]
66503,1398777931.663577,[]
66504,1398777931.6636097,[]
66505,1398777931.7036176,[]
66506,1398777931.713391,[]
66507,1398777931.7516024,[]
66508,1398777931.7915876,[]
66509,1398777931.791619,[]
66510,1398777931.831636,[]
66511,1398777931.8384225,[]
66512,1398777931.8755991,[]
66513,1398777931.9156144,[]
66514,1398777931.9156437,[]
66515,1398777931.955623,[]
66516,1398777931.9636548,[]
66517,1398777932.0036297,[]
66518,1398777932.0435674,[]
66519,1398777932.0435941,[]
66520,1398777932.0836203,[]
66521,1398777932.089172,[]
66522,1398777932.1275468,[]
66523,1398777932.167559,[]
66524,1398777932.1675873,[]
66525,1398777932.2076197,[]
66526,1398777932.2138622,[]
66527,1398777932.251663,[]
66528,1398777932.2915745,[]
66529,1398777932.291596,[]
66530,1398777932.3316352,[]
66531,1398777932.3399282,[]
66532,1398777932.3795688,[]
66533,1398777932.4195936,[]
66534,1398777932.4196298,[]
66535,1398777932.4595838,[]
66536,1398777932.4649458,[]
66537,1398777932.5036132,[]
66538,1398777932.5435793,[]
66539,1398777932.5436049,[]
66540,1398777932.5835974,[]
66541,1398777932.58994,[]
66542,1398777932.6276853,[]
66543,1398777932.6675766,[]
66544,1398777932.6676052,[]
66545,1398777932.707631,[]
66546,1398777932.7164087,[]
66547,1398777932.7555575,[]
66548,1398777932.7956066,[]
66549,1398777932.7956345,[]
66550,1398777932.8356533,[]
66551,1398777932.8423216,[]
66552,1398777932.8796144,[]
66553,1398777932.919565,[]
66554,1398777932.9195967,[]
66555,1398777932.959639,[]
66556,1398777932.9663446,[]
66557,1398777933.0035806,[]
66558,1398777933.0436034,[]
66559,1398777933.043637,[]
66560,1398777933.0836241,[]
66561,1398777933.0926902,[]
66562,1398777933.1316495,[]
66563,1398777933.1715357,[]
66564,1398777933.1715653,[]
66565,1398777933.211603,[]
66566,1398777933.21938,[]
66567,1398777933.2556362,[]
66568,1398777933.2956154,[]
66569,1398777933.2957,[]
66570,1398777933.3356829,[]
66571,1398777933.344879,[]
66572,1398777933.3835988,[]
66573,1398777933.423576,[]
66574,1398777933.4236073,[]
66575,1398777933.4635737,[]
66576,1398777933.4696581,[]
66577,1398777933.5076466,[]
66578,1398777933.5475721,[]
66579,1398777933.5475926,[]
66580,1398777933.5876067,[]
66581,1398777933.5944018,[]
66582,1398777933.6316142,[]
66583,1398777933.6715727,[]
66584,1398777933.671601,[]
66585,1398777933.7115786,[]
66586,1398777933.7189052,[]
66587,1398777933.755561,[]
66588,1398777933.795574,[]
66589,1398777933.795606,[]
66590,1398777933.835655,[]
66591,1398777933.8438685,[]
66592,1398777933.8835983,[]
66593,1398777933.9236176,[]
66594,1398777933.9236462,[]
66595,1398777933.9636831,[]
66596,1398777933.9691722,[]
66597,1398777934.0076053,[]
66598,1398777934.0476508,[]
66599,1398777934.0476816,[]
66600,1398777934.0876112,[]
66601,1398777934.093966,[]
66602,1398777934.1316078,[]
66603,1398777934.1716592,[]
66604,1398777934.1716785,[]
66605,1398777934.2115748,[]
66606,1398777934.219841,[]
66607,1398777934.2595851,[]
66608,1398777934.2995687,[]
66609,1398777934.2996001,[]
66610,1398777934.3396041,[]
66611,1398777934.3447642,[]
66612,1398777934.3835988,[]
66613,1398777934.4235935,[]
66614,1398777934.4236245,[]
66615,1398777934.4636364,[]
66616,1398777934.4701371,[]
66617,1398777934.5076787,[]
66618,1398777934.5476148,[]
66619,1398777934.5476468,[]
66620,1398777934.5875912,[]
66621,1398777934.5961125,[]
66622,1398777934.6355958,[]
66623,1398777934.6756105,[]
66624,1398777934.6756434,[]
66625,1398777934.715606,[]
66626,1398777934.7211163,[]
66627,1398777934.759563,[]
66628,1398777934.7995865,[]
66629,1398777934.7996178,[]
66630,1398777934.8396432,[]
66631,1398777934.8467152,[]
66632,1398777934.8835623,[]
66633,1398777934.923635,[]
66634,1398777934.9236646,[]
66635,1398777934.9636352,[]
66636,1398777934.9715755,[]
66637,1398777935.011599,[]
66638,1398777935.0515778,[]
66639,1398777935.0516145,[]
66640,1398777935.0917199,[]
66641,1398777935.0982003,[]
66642,1398777935.135585,[]
66643,1398777935.1755524,[]
66644,1398777935.1755874,[]
66645,1398777935.2155795,[]
66646,1398777935.222999,[]
66647,1398777935.2595615,[]
66648,1398777935.2996461,[]
66649,1398777935.2996893,[]
66650,1398777935.339601,[]
66651,1398777935.348904,[]
66652,1398777935.387575,[]
66653,1398777935.4276133,[]
66654,1398777935.4276419,[]
66655,1398777935.4676569,[]
66656,1398777935.4736922,[]
66657,1398777935.5115743,[]
66658,1398777935.5515811,[]
66659,1398777935.5516036,[]
66660,1398777935.5916064,[]
66661,1398777935.5999284,[]
66662,1398777935.6395826,[]
66663,1398777935.6795993,[]
66664,1398777935.6796315,[]
66665,1398777935.71958,[]
66666,1398777935.724787,[]
66667,1398777935.7636325,[]
66668,1398777935.8036807,[]
66669,1398777935.8037145,[]
66670,1398777935.8436203,[]
66671,1398777935.849912,[]
66672,1398777935.887551,[]
66673,1398777935.9276419,[]
66674,1398777935.9276695,[]
66675,1398777935.9675808,[]
66676,1398777935.9758964,[]
66677,1398777936.0156775,[]
66678,1398777936.055563,[]
66679,1398777936.0555913,[]
66680,1398777936.095653,[]
66681,1398777936.1000907,[]
66682,1398777936.1396384,[]
66683,1398777936.1795983,[]
66684,1398777936.179626,[]
66685,1398777936.219562,[]
66686,1398777936.22534,[]
66687,1398777936.2635791,[]
66688,1398777936.3035653,[]
66689,1398777936.3035963,[]
66690,1398777936.3435745,[]
66691,1398777936.3511837,[]
66692,1398777936.3875964,[]
66693,1398777936.4276824,[]
66694,1398777936.4277148,[]
66695,1398777936.4675899,[]
66696,1398777936.476932,[]
66697,1398777936.515602,[]
66698,1398777936.555594,[]
66699,1398777936.555629,[]
66700,1398777936.5956473,[]
66701,1398777936.601991,[]
66702,1398777936.6396663,[]
66703,1398777936.6795738,[]
66704,1398777936.679607,[]
66705,1398777936.7196093,[]
66706,1398777936.7275672,[]
66707,1398777936.7636697,[]
66708,1398777936.8035338,[]
66709,1398777936.8035972,[]
66710,1398777936.843633,[]
66711,1398777936.853173,[]
66712,1398777936.8916469,[]
66713,1398777936.9315765,[]
66714,1398777936.9316118,[]
66715,1398777936.9716566,[]
66716,1398777936.9778166,[]
66717,1398777937.0155947,[]
66718,1398777937.0555868,[]
66719,1398777937.055636,[]
66720,1398777937.0956635,[]
66721,1398777937.1025758,[]
66722,1398777937.1396122,[]
66723,1398777937.1795566,[]
66724,1398777937.1795888,[]
66725,1398777937.2195907,[]
66726,1398777937.229396,[]
66727,1398777937.2676103,[]
66728,1398777937.3075657,[]
66729,1398777937.3075995,[]
66730,1398777937.3476214,[]
66731,1398777937.3556664,[]
66732,1398777937.3956394,[]
66733,1398777937.435646,[]
66734,1398777937.435668,[]
66735,1398777937.475604,[]
66736,1398777937.4818687,[]
66737,1398777937.519691,[]
66738,1398777937.5596087,[]
66739,1398777937.5597155,[]
66740,1398777937.5996466,[]
66741,1398777937.6065435,[]
66742,1398777937.643681,[]
66743,1398777937.6835887,[]
66744,1398777937.6836078,[]
66745,1398777937.7236195,[]
66746,1398777937.7318192,[]
66747,1398777937.7716055,[]
66748,1398777937.8115869,[]
66749,1398777937.8116157,[]
66750,1398777937.8516014,[]
66751,1398777937.856197,[]
66752,1398777937.8956153,[]
66753,1398777937.9355962,[]
66754,1398777937.9356308,[]
66755,1398777937.9756048,[]
66756,1398777937.9805703,[]
66757,1398777938.0196648,[]
66758,1398777938.059567,[]
66759,1398777938.059597,[]
66760,1398777938.0995405,[]
66761,1398777938.1056752,[]
66762,1398777938.143642,[]
66763,1398777938.183641,[]
66764,1398777938.1836746,[]
66765,1398777938.223615,[]
66766,1398777938.2344031,[]
66767,1398777938.2715824,[]
66768,1398777938.311592,[]
66769,1398777938.3116226,[]
66770,1398777938.3516107,[]
66771,1398777938.356496,[]
66772,1398777938.3955483,[]
66773,1398777938.4355795,[]
66774,1398777938.43561,[]
66775,1398777938.4755895,[]
66776,1398777938.481783,[]
66777,1398777938.519634,[]
66778,1398777938.559601,[]
66779,1398777938.5596328,[]
66780,1398777938.5996118,[]
66781,1398777938.606624,[]
66782,1398777938.6436112,[]
66783,1398777938.6836016,[]
66784,1398777938.6836317,[]
66785,1398777938.723596,[]
66786,1398777938.7322004,[]
66787,1398777938.771564,[]
66788,1398777938.8116305,[]
66789,1398777938.8116624,[]
66790,1398777938.8516247,[]
66791,1398777938.8574498,[]
66792,1398777938.895575,[]
66793,1398777938.9356642,[]
66794,1398777938.9356961,[]
66795,1398777938.975662,[]
66796,1398777938.9825637,[]
66797,1398777939.019617,[]
66798,1398777939.0595992,[]
66799,1398777939.059622,[]
66800,1398777939.099543,[]
66801,1398777939.1081817,[]
66802,1398777939.147612,[]
66803,1398777939.1876273,[]
66804,1398777939.1876583,[]
66805,1398777939.227605,[]
66806,1398777939.2333062,[]
66807,1398777939.2716308,[]
66808,1398777939.3115594,[]
66809,1398777939.3115873,[]
66810,1398777939.3515697,[]
66811,1398777939.3588195,[]
66812,1398777939.3955772,[]
66813,1398777939.4355729,[]
66814,1398777939.4355974,[]
66815,1398777939.4756033,[]
66816,1398777939.484047,[]
66817,1398777939.5236285,[]
66818,1398777939.5635974,[]
66819,1398777939.5636399,[]
66820,1398777939.6036391,[]
66821,1398777939.6098201,[]
66822,1398777939.6476493,[]
66823,1398777939.687559,[]
66824,1398777939.6875794,[]
66825,1398777939.7276483,[]
66826,1398777939.7348256,[]
66827,1398777939.77162,[]
66828,1398777939.811599,[]
66829,1398777939.8116336,[]
66830,1398777939.851623,[]
66831,1398777939.8604388,[]
66832,1398777939.8995242,[]
66833,1398777939.9395819,[]
66834,1398777939.9796317,[]
66835,1398777939.9796903,[]
66836,1398777940.0195642,[]
66837,1398777940.019581,[]
66838,1398777940.0595434,[]
66839,1398777940.0605183,[]
66840,1398777940.0996027,[]
66841,1398777940.1395874,[]
66842,1398777940.1396282,[]
66843,1398777940.1795666,[]
66844,1398777940.1858163,[]
66845,1398777940.2235723,[]
66846,1398777940.2636447,[]
66847,1398777940.263683,[]
66848,1398777940.303805,[]
66849,1398777940.3115177,[]
66850,1398777940.347601,[]
66851,1398777940.3875012,[]
66852,1398777940.38752,[]
66853,1398777940.4276607,[]
66854,1398777940.4368556,[]
66855,1398777940.4756002,[]
66856,1398777940.5156074,[]
66857,1398777940.5156343,[]
66858,1398777940.555599,[]
66859,1398777940.5620842,[]
66860,1398777940.5995867,[]
66861,1398777940.6396103,[]
66862,1398777940.6396403,[]
66863,1398777940.6795826,[]
66864,1398777940.6873922,[]
66865,1398777940.7235837,[]
66866,1398777940.763579,[]
66867,1398777940.7636108,[]
66868,1398777940.8035955,[]
66869,1398777940.8125095,[]
66870,1398777940.8517532,[]
66871,1398777940.891577,[]
66872,1398777940.8916075,[]
66873,1398777940.9316337,[]
66874,1398777940.937873,[]
66875,1398777940.9756167,[]
66876,1398777941.0155675,[]
66877,1398777941.0156004,[]
66878,1398777941.0556183,[]
66879,1398777941.0637014,[]
66880,1398777941.1035752,[]
66881,1398777941.143599,[]
66882,1398777941.1436236,[]
66883,1398777941.1836412,[]
66884,1398777941.1886098,[]
66885,1398777941.227599,[]
66886,1398777941.267612,[]
66887,1398777941.2676475,[]
66888,1398777941.3076248,[]
66889,1398777941.3139455,[]
66890,1398777941.351604,[]
66891,1398777941.391548,[]
66892,1398777941.3915632,[]
66893,1398777941.4316468,[]
66894,1398777941.4404905,[]
66895,1398777941.4796503,[]
66896,1398777941.519649,[]
66897,1398777941.519683,[]
66898,1398777941.5595963,[]
66899,1398777941.5665703,[]
66900,1398777941.6035798,[]
66901,1398777941.6435993,[]
66902,1398777941.643622,[]
66903,1398777941.6836083,[]
66904,1398777941.6929646,[]
66905,1398777941.7315748,[]
66906,1398777941.7715962,[]
66907,1398777941.7716317,[]
66908,1398777941.811671,[]
66909,1398777941.8178978,[]
66910,1398777941.855599,[]
66911,1398777941.895575,[]
66912,1398777941.8956153,[]
66913,1398777941.9356236,[]
66914,1398777941.94201,[]
66915,1398777941.9795654,[]
66916,1398777942.0195997,[]
66917,1398777942.019631,[]
66918,1398777942.0596056,[]
66919,1398777942.067034,[]
66920,1398777942.1035864,[]
66921,1398777942.1435893,[]
66922,1398777942.1436183,[]
66923,1398777942.183551,[]
66924,1398777942.191498,[]
66925,1398777942.2275825,[]
66926,1398777942.2675908,[]
66927,1398777942.2676184,[]
66928,1398777942.3076558,[]
66929,1398777942.316852,[]
66930,1398777942.355541,[]
66931,1398777942.3955066,[]
66932,1398777942.3955197,[]
66933,1398777942.4356444,[]
66934,1398777942.4421723,[]
66935,1398777942.479613,[]
66936,1398777942.5196235,[]
66937,1398777942.5196545,[]
66938,1398777942.5596013,[]
66939,1398777942.567488,[]
66940,1398777942.6035879,[]
66941,1398777942.643624,[]
66942,1398777942.643653,[]
66943,1398777942.683582,[]
66944,1398777942.692832,[]
66945,1398777942.7315722,[]
66946,1398777942.7716134,[]
66947,1398777942.7716427,[]
66948,1398777942.8115835,[]
66949,1398777942.818458,[]
66950,1398777942.8555827,[]
66951,1398777942.8956199,[]
66952,1398777942.8956554,[]
66953,1398777942.9356034,[]
66954,1398777942.9437501,[]
66955,1398777942.9836287,[]
66956,1398777943.0236495,[]
66957,1398777943.0236788,[]
66958,1398777943.0636454,[]
66959,1398777943.069051,[]
66960,1398777943.1077316,[]
66961,1398777943.1476095,[]
66962,1398777943.1476326,[]
66963,1398777943.1876595,[]
66964,1398777943.1943796,[]
66965,1398777943.2316298,[]
66966,1398777943.2715867,[]
66967,1398777943.2718146,[]
66968,1398777943.3116174,[]
66969,1398777943.319749,[]
66970,1398777943.3596036,[]
66971,1398777943.3996873,[]
66972,1398777943.3997169,[]
66973,1398777943.4396403,[]
66974,1398777943.4451506,[]
66975,1398777943.4835672,[]
66976,1398777943.5237415,[]
66977,1398777943.5237746,[]
66978,1398777943.5636175,[]
66979,1398777943.5706985,[]
66980,1398777943.6075823,[]
66981,1398777943.6475952,[]
66982,1398777943.647636,[]
66983,1398777943.6876552,[]
66984,1398777943.6958277,[]
66985,1398777943.7355745,[]
66986,1398777943.7755728,[]
66987,1398777943.7756047,[]
66988,1398777943.815664,[]
66989,1398777943.8214233,[]
66990,1398777943.859599,[]
66991,1398777943.8995316,[]
66992,1398777943.899564,[]
66993,1398777943.9395921,[]
66994,1398777943.9466438,[]
66995,1398777943.98371,[]
66996,1398777944.0236614,[]
66997,1398777944.023693,[]
66998,1398777944.0636413,[]
66999,1398777944.0719912,[]
67000,1398777944.1116288,[]
67001,1398777944.151916,[]
67002,1398777944.1519463,[]
67003,1398777944.1917303,[]
67004,1398777944.197462,[]
67005,1398777944.235617,[]
67006,1398777944.2756405,[]
67007,1398777944.2756643,[]
67008,1398777944.3156614,[]
67009,1398777944.322944,[]
67010,1398777944.3596444,[]
67011,1398777944.399679,[]
67012,1398777944.3997085,[]
67013,1398777944.4396396,[]
67014,1398777944.4488106,[]
67015,1398777944.4876008,[]
67016,1398777944.527639,[]
67017,1398777944.5277169,[]
67018,1398777944.5676103,[]
67019,1398777944.5738533,[]
67020,1398777944.611578,[]
67021,1398777944.6516688,[]
67022,1398777944.6517162,[]
67023,1398777944.6916487,[]
67024,1398777944.7003515,[]
67025,1398777944.7395961,[]
67026,1398777944.7795513,[]
67027,1398777944.7795825,[]
67028,1398777944.819669,[]
67029,1398777944.8244526,[]
67030,1398777944.8636043,[]
67031,1398777944.9035695,[]
67032,1398777944.903601,[]
67033,1398777944.9436173,[]
67034,1398777944.9497788,[]
67035,1398777944.987619,[]
67036,1398777945.0275514,[]
67037,1398777945.027587,[]
67038,1398777945.0676713,[]
67039,1398777945.076512,[]
67040,1398777945.1156802,[]
67041,1398777945.155596,[]
67042,1398777945.155628,[]
67043,1398777945.1956015,[]
67044,1398777945.201714,[]
67045,1398777945.2396157,[]
67046,1398777945.2795434,[]
67047,1398777945.2795744,[]
67048,1398777945.3197262,[]
67049,1398777945.3273292,[]
67050,1398777945.3635697,[]
67051,1398777945.4035866,[]
67052,1398777945.40362,[]
67053,1398777945.4436486,[]
67054,1398777945.4528327,[]
67055,1398777945.4915779,[]
67056,1398777945.5316248,[]
67057,1398777945.5316572,[]
67058,1398777945.5716028,[]
67059,1398777945.5789075,[]
67060,1398777945.6156325,[]
67061,1398777945.6556308,[]
67062,1398777945.6556633,[]
67063,1398777945.6956177,[]
67064,1398777945.7045846,[]
67065,1398777945.7437496,[]
67066,1398777945.7835705,[]
67067,1398777945.7836006,[]
67068,1398777945.8236208,[]
67069,1398777945.830439,[]
67070,1398777945.8676345,[]
67071,1398777945.907578,[]
67072,1398777945.9076092,[]
67073,1398777945.947628,[]
67074,1398777945.9554226,[]
67075,1398777945.9915953,[]
67076,1398777946.03161,[]
67077,1398777946.031639,[]
67078,1398777946.0716546,[]
67079,1398777946.0804849,[]
67080,1398777946.1197045,[]
67081,1398777946.1596632,[]
67082,1398777946.159698,[]
67083,1398777946.199691,[]
67084,1398777946.2048059,[]
67085,1398777946.2436614,[]
67086,1398777946.2835715,[]
67087,1398777946.2836041,[]
67088,1398777946.3235624,[]
67089,1398777946.3296049,[]
67090,1398777946.3675983,[]
67091,1398777946.407615,[]
67092,1398777946.4076452,[]
67093,1398777946.4476142,[]
67094,1398777946.4550738,[]
67095,1398777946.4916337,[]
67096,1398777946.531603,[]
67097,1398777946.5316327,[]
67098,1398777946.5716438,[]
67099,1398777946.579913,[]
67100,1398777946.6196616,[]
67101,1398777946.6595886,[]
67102,1398777946.6596174,[]
67103,1398777946.699613,[]
67104,1398777946.7065685,[]
67105,1398777946.7435708,[]
67106,1398777946.7836492,[]
67107,1398777946.7837064,[]
67108,1398777946.8236222,[]
67109,1398777946.8309026,[]
67110,1398777946.8676188,[]
67111,1398777946.907644,[]
67112,1398777946.9076748,[]
67113,1398777946.947636,[]
67114,1398777946.955865,[]
67115,1398777946.9955654,[]
67116,1398777947.035637,[]
67117,1398777947.0356667,[]
67118,1398777947.0756533,[]
67119,1398777947.081466,[]
67120,1398777947.1196828,[]
67121,1398777947.15963,[]
67122,1398777947.1596634,[]
67123,1398777947.1996531,[]
67124,1398777947.208049,[]
67125,1398777947.2516327,[]
67126,1398777947.2916007,[]
67127,1398777947.291705,[]
67128,1398777947.3316023,[]
67129,1398777947.3325846,[]
67130,1398777947.371572,[]
67131,1398777947.4116108,[]
67132,1398777947.411641,[]
67133,1398777947.4516447,[]
67134,1398777947.45797,[]
67135,1398777947.4956172,[]
67136,1398777947.53569,[]
67137,1398777947.535724,[]
67138,1398777947.5756226,[]
67139,1398777947.5835903,[]
67140,1398777947.6235752,[]
67141,1398777947.6635442,[]
67142,1398777947.6635742,[]
67143,1398777947.70364,[]
67144,1398777947.7097063,[]
67145,1398777947.7476926,[]
67146,1398777947.7876294,[]
67147,1398777947.7876616,[]
67148,1398777947.8276663,[]
67149,1398777947.8339338,[]
67150,1398777947.8715992,[]
67151,1398777947.9115872,[]
67152,1398777947.911619,[]
67153,1398777947.951634,[]
67154,1398777947.9586515,[]
67155,1398777947.9955423,[]
67156,1398777948.035558,[]
67157,1398777948.035592,[]
67158,1398777948.0756018,[]
67159,1398777948.0840838,[]
67160,1398777948.1235917,[]
67161,1398777948.163803,[]
67162,1398777948.2036188,[]
67163,1398777948.2036538,[]
67164,1398777948.2436118,[]
67165,1398777948.243648,[]
67166,1398777948.2835598,[]
67167,1398777948.284942,[]
67168,1398777948.3235888,[]
67169,1398777948.363604,[]
67170,1398777948.3636324,[]
67171,1398777948.4036834,[]
67172,1398777948.4111109,[]
67173,1398777948.4475846,[]
67174,1398777948.4876072,[]
67175,1398777948.4876425,[]
67176,1398777948.527655,[]
67177,1398777948.5359159,[]
67178,1398777948.5756013,[]
67179,1398777948.6155744,[]
67180,1398777948.6156044,[]
67181,1398777948.6556602,[]
67182,1398777948.6610692,[]
67183,1398777948.6995742,[]
67184,1398777948.7396371,[]
67185,1398777948.7396698,[]
67186,1398777948.7795792,[]
67187,1398777948.786453,[]
67188,1398777948.8236015,[]
67189,1398777948.863702,[]
67190,1398777948.863735,[]
67191,1398777948.9036222,[]
67192,1398777948.9111998,[]
67193,1398777948.9476097,[]
67194,1398777948.9876084,[]
67195,1398777948.9876387,[]
67196,1398777949.0276394,[]
67197,1398777949.0366933,[]
67198,1398777949.0757074,[]
67199,1398777949.1155636,[]
67200,1398777949.1155949,[]
67201,1398777949.1555853,[]
67202,1398777949.162839,[]
67203,1398777949.1995845,[]
67204,1398777949.2395937,[]
67205,1398777949.2396238,[]
67206,1398777949.2796595,[]
67207,1398777949.287185,[]
67208,1398777949.3236482,[]
67209,1398777949.363557,[]
67210,1398777949.3635886,[]
67211,1398777949.4036431,[]
67212,1398777949.4125772,[]
67213,1398777949.451623,[]
67214,1398777949.4917364,[]
67215,1398777949.4917684,[]
67216,1398777949.5316906,[]
67217,1398777949.5384824,[]
67218,1398777949.5755908,[]
67219,1398777949.6155112,[]
67220,1398777949.6155667,[]
67221,1398777949.6555908,[]
67222,1398777949.6639082,[]
67223,1398777949.7036006,[]
67224,1398777949.7436008,[]
67225,1398777949.7437372,[]
67226,1398777949.7836766,[]
67227,1398777949.7893438,[]
67228,1398777949.8276398,[]
67229,1398777949.867573,[]
67230,1398777949.8675997,[]
67231,1398777949.9076676,[]
67232,1398777949.9161625,[]
67233,1398777949.9556754,[]
67234,1398777949.9956918,[]
67235,1398777949.995739,[]
67236,1398777950.0357244,[]
67237,1398777950.0419683,[]
67238,1398777950.0796204,[]
67239,1398777950.1196294,[]
67240,1398777950.1196682,[]
67241,1398777950.1597097,[]
67242,1398777950.1670551,[]
67243,1398777950.2036312,[]
67244,1398777950.2436016,[]
67245,1398777950.2436194,[]
67246,1398777950.2836354,[]
67247,1398777950.2921567,[]
67248,1398777950.3316314,[]
67249,1398777950.3716376,[]
67250,1398777950.3716698,[]
67251,1398777950.411617,[]
67252,1398777950.4168472,[]
67253,1398777950.4556112,[]
67254,1398777950.4956458,[]
67255,1398777950.4956808,[]
67256,1398777950.5356166,[]
67257,1398777950.54197,[]
67258,1398777950.579584,[]
67259,1398777950.6196425,[]
67260,1398777950.619665,[]
67261,1398777950.6597033,[]
67262,1398777950.666698,[]
67263,1398777950.7036123,[]
67264,1398777950.7436047,[]
67265,1398777950.743627,[]
67266,1398777950.783631,[]
67267,1398777950.791831,[]
67268,1398777950.8315642,[]
67269,1398777950.8716314,[]
67270,1398777950.871662,[]
67271,1398777950.9116073,[]
67272,1398777950.9167275,[]
67273,1398777950.955583,[]
67274,1398777950.9955935,[]
67275,1398777950.9956212,[]
67276,1398777951.035544,[]
67277,1398777951.0417814,[]
67278,1398777951.0796258,[]
67279,1398777951.1195853,[]
67280,1398777951.1196144,[]
67281,1398777951.1596503,[]
67282,1398777951.1673129,[]
67283,1398777951.2036102,[]
67284,1398777951.2435806,[]
67285,1398777951.2436078,[]
67286,1398777951.2835906,[]
67287,1398777951.2926462,[]
67288,1398777951.3316844,[]
67289,1398777951.3715513,[]
67290,1398777951.3715794,[]
67291,1398777951.4115818,[]
67292,1398777951.4178083,[]
67293,1398777951.4556634,[]
67294,1398777951.4955926,[]
67295,1398777951.4956238,[]
67296,1398777951.5356936,[]
67297,1398777951.5432036,[]
67298,1398777951.5795531,[]
67299,1398777951.6195881,[]
67300,1398777951.6196165,[]
67301,1398777951.6596234,[]
67302,1398777951.668539,[]
67303,1398777951.707592,[]
67304,1398777951.747607,[]
67305,1398777951.747695,[]
67306,1398777951.7876427,[]
67307,1398777951.7939155,[]
67308,1398777951.8315403,[]
67309,1398777951.871603,[]
67310,1398777951.8716326,[]
67311,1398777951.9116037,[]
67312,1398777951.9193282,[]
67313,1398777951.95562,[]
67314,1398777951.9956143,[]
67315,1398777951.9956465,[]
67316,1398777952.0355494,[]
67317,1398777952.044739,[]
67318,1398777952.083623,[]
67319,1398777952.123616,[]
67320,1398777952.1236458,[]
67321,1398777952.1636007,[]
67322,1398777952.170211,[]
67323,1398777952.2075973,[]
67324,1398777952.2475152,[]
67325,1398777952.2475348,[]
67326,1398777952.2876253,[]
67327,1398777952.295839,[]
67328,1398777952.3355947,[]
67329,1398777952.375606,[]
67330,1398777952.3756368,[]
67331,1398777952.4156628,[]
67332,1398777952.4209704,[]
67333,1398777952.4596746,[]
67334,1398777952.499606,[]
67335,1398777952.4996374,[]
67336,1398777952.5396936,[]
67337,1398777952.5468385,[]
67338,1398777952.5836036,[]
67339,1398777952.623583,[]
67340,1398777952.6236024,[]
67341,1398777952.6636102,[]
67342,1398777952.6716821,[]
67343,1398777952.711641,[]
67344,1398777952.7516859,[]
67345,1398777952.7517166,[]
67346,1398777952.7916276,[]
67347,1398777952.7974334,[]
67348,1398777952.8356094,[]
67349,1398777952.87562,[]
67350,1398777952.87565,[]
67351,1398777952.91561,[]
67352,1398777952.9224262,[]
67353,1398777952.9595618,[]
67354,1398777952.9995792,[]
67355,1398777952.9996102,[]
67356,1398777953.0396254,[]
67357,1398777953.0477767,[]
67358,1398777953.0876105,[]
67359,1398777953.1276047,[]
67360,1398777953.1276565,[]
67361,1398777953.1675892,[]
67362,1398777953.1728714,[]
67363,1398777953.2116377,[]
67364,1398777953.2516398,[]
67365,1398777953.251677,[]
67366,1398777953.291628,[]
67367,1398777953.298438,[]
67368,1398777953.33559,[]
67369,1398777953.3756144,[]
67370,1398777953.3756423,[]
67371,1398777953.4156458,[]
67372,1398777953.423805,[]
67373,1398777953.4636827,[]
67374,1398777953.5036314,[]
67375,1398777953.5036533,[]
67376,1398777953.543688,[]
67377,1398777953.549242,[]
67378,1398777953.5875776,[]
67379,1398777953.6276228,[]
67380,1398777953.6276546,[]
67381,1398777953.6676025,[]
67382,1398777953.6746635,[]
67383,1398777953.71165,[]
67384,1398777953.7515953,[]
67385,1398777953.7516286,[]
67386,1398777953.7916098,[]
67387,1398777953.8010726,[]
67388,1398777953.83968,[]
67389,1398777953.8796017,[]
67390,1398777953.8796296,[]
67391,1398777953.9196177,[]
67392,1398777953.9255052,[]
67393,1398777953.963636,[]
67394,1398777954.003559,[]
67395,1398777954.0035899,[]
67396,1398777954.0436049,[]
67397,1398777954.0519636,[]
67398,1398777954.0915942,[]
67399,1398777954.1316023,[]
67400,1398777954.1316307,[]
67401,1398777954.171639,[]
67402,1398777954.1775336,[]
67403,1398777954.215628,[]
67404,1398777954.2555752,[]
67405,1398777954.2556024,[]
67406,1398777954.2956672,[]
67407,1398777954.3032327,[]
67408,1398777954.3396058,[]
67409,1398777954.3795836,[]
67410,1398777954.419677,[]
67411,1398777954.4197073,[]
67412,1398777954.4595962,[]
67413,1398777954.459632,[]
67414,1398777954.4995701,[]
67415,1398777954.50299,[]
67416,1398777954.539595,[]
67417,1398777954.579596,[]
67418,1398777954.5796323,[]
67419,1398777954.6196578,[]
67420,1398777954.6277804,[]
67421,1398777954.6676137,[]
67422,1398777954.7076037,[]
67423,1398777954.70764,[]
67424,1398777954.7477129,[]
67425,1398777954.7539558,[]
67426,1398777954.7916298,[]
67427,1398777954.8316212,[]
67428,1398777954.831657,[]
67429,1398777954.8716166,[]
67430,1398777954.8784456,[]
67431,1398777954.9156675,[]
67432,1398777954.9555843,[]
67433,1398777954.955607,[]
67434,1398777954.995616,[]
67435,1398777955.0044458,[]
67436,1398777955.0435722,[]
67437,1398777955.0836728,[]
67438,1398777955.0837038,[]
67439,1398777955.1236064,[]
67440,1398777955.1286814,[]
67441,1398777955.1675785,[]
67442,1398777955.2076309,[]
67443,1398777955.2076597,[]
67444,1398777955.247622,[]
67445,1398777955.2537932,[]
67446,1398777955.291625,[]
67447,1398777955.3316567,[]
67448,1398777955.3316875,[]
67449,1398777955.3715894,[]
67450,1398777955.379475,[]
67451,1398777955.4156446,[]
67452,1398777955.4555428,[]
67453,1398777955.4555702,[]
67454,1398777955.4956074,[]
67455,1398777955.5045583,[]
67456,1398777955.543659,[]
67457,1398777955.5836143,[]
67458,1398777955.5836468,[]
67459,1398777955.623605,[]
67460,1398777955.6301944,[]
67461,1398777955.6675687,[]
67462,1398777955.7076254,[]
67463,1398777955.7076612,[]
67464,1398777955.7476676,[]
67465,1398777955.7555602,[]
67466,1398777955.7956333,[]
67467,1398777955.8355498,[]
67468,1398777955.8355827,[]
67469,1398777955.8756151,[]
67470,1398777955.880934,[]
67471,1398777955.9195783,[]
67472,1398777955.9596148,[]
67473,1398777955.959632,[]
67474,1398777955.9996674,[]
67475,1398777956.0060728,[]
67476,1398777956.043547,[]
67477,1398777956.0835907,[]
67478,1398777956.0836225,[]
67479,1398777956.123586,[]
67480,1398777956.1315646,[]
67481,1398777956.1716156,[]
67482,1398777956.2116468,[]
67483,1398777956.2116768,[]
67484,1398777956.2516074,[]
67485,1398777956.256653,[]
67486,1398777956.2955916,[]
67487,1398777956.3356767,[]
67488,1398777956.3357089,[]
67489,1398777956.375601,[]
67490,1398777956.3877556,[]
67491,1398777956.4276156,[]
67492,1398777956.4676173,[]
67493,1398777956.467648,[]
67494,1398777956.5075624,[]
67495,1398777956.5077817,[]
67496,1398777956.547634,[]
67497,1398777956.5876727,[]
67498,1398777956.5876973,[]
67499,1398777956.6276724,[]
67500,1398777956.633049,[]
67501,1398777956.6716754,[]
67502,1398777956.7116401,[]
67503,1398777956.711737,[]
67504,1398777956.7516143,[]
67505,1398777956.7587106,[]
67506,1398777956.7956798,[]
67507,1398777956.8356419,[]
67508,1398777956.8356984,[]
67509,1398777956.8756616,[]
67510,1398777956.8836873,[]
67511,1398777956.9235992,[]
67512,1398777956.9636464,[]
67513,1398777956.9636796,[]
67514,1398777957.0036216,[]
67515,1398777957.0099568,[]
67516,1398777957.047702,[]
67517,1398777957.0877137,[]
67518,1398777957.0877993,[]
67519,1398777957.1276422,[]
67520,1398777957.1354616,[]
67521,1398777957.1715605,[]
67522,1398777957.2115495,[]
67523,1398777957.2115762,[]
67524,1398777957.2516437,[]
67525,1398777957.2597463,[]
67526,1398777957.2995636,[]
67527,1398777957.3396485,[]
67528,1398777957.339683,[]
67529,1398777957.3796887,[]
67530,1398777957.3851771,[]
67531,1398777957.4236073,[]
67532,1398777957.4635425,[]
67533,1398777957.4635808,[]
67534,1398777957.5036108,[]
67535,1398777957.5108097,[]
67536,1398777957.5476992,[]
67537,1398777957.5876005,[]
67538,1398777957.5876305,[]
67539,1398777957.6276202,[]
67540,1398777957.6368327,[]
67541,1398777957.6756485,[]
67542,1398777957.7155643,[]
67543,1398777957.7155826,[]
67544,1398777957.7556508,[]
67545,1398777957.7617211,[]
67546,1398777957.799616,[]
67547,1398777957.83957,[]
67548,1398777957.8396015,[]
67549,1398777957.8796234,[]
67550,1398777957.8870065,[]
67551,1398777957.9235988,[]
67552,1398777957.9635837,[]
67553,1398777957.963617,[]
67554,1398777958.0036337,[]
67555,1398777958.0118194,[]
67556,1398777958.0516884,[]
67557,1398777958.0915499,[]
67558,1398777958.0915816,[]
67559,1398777958.131583,[]
67560,1398777958.138204,[]
67561,1398777958.1756554,[]
67562,1398777958.2155976,[]
67563,1398777958.2156281,[]
67564,1398777958.2556238,[]
67565,1398777958.2639112,[]
67566,1398777958.3036275,[]
67567,1398777958.343574,[]
67568,1398777958.3436022,[]
67569,1398777958.383568,[]
67570,1398777958.3896873,[]
67571,1398777958.4277174,[]
67572,1398777958.4675863,[]
67573,1398777958.4676163,[]
67574,1398777958.5075765,[]
67575,1398777958.5156124,[]
67576,1398777958.5555978,[]
67577,1398777958.5955973,[]
67578,1398777958.5956335,[]
67579,1398777958.6356173,[]
67580,1398777958.640727,[]
67581,1398777958.6796036,[]
67582,1398777958.719582,[]
67583,1398777958.719612,[]
67584,1398777958.7596445,[]
67585,1398777958.7654498,[]
67586,1398777958.8035676,[]
67587,1398777958.8436165,[]
67588,1398777958.8436456,[]
67589,1398777958.883587,[]
67590,1398777958.8904943,[]
67591,1398777958.9275277,[]
67592,1398777958.9676018,[]
67593,1398777958.9676523,[]
67594,1398777959.0075727,[]
67595,1398777959.014955,[]
67596,1398777959.0515862,[]
67597,1398777959.0916378,[]
67598,1398777959.0916731,[]
67599,1398777959.1316414,[]
67600,1398777959.1398227,[]
67601,1398777959.1796305,[]
67602,1398777959.2196405,[]
67603,1398777959.2196712,[]
67604,1398777959.2596207,[]
67605,1398777959.271763,[]
67606,1398777959.3115597,[]
67607,1398777959.3516867,[]
67608,1398777959.3517118,[]
67609,1398777959.3915708,[]
67610,1398777959.3916006,[]
67611,1398777959.4316485,[]
67612,1398777959.4409425,[]
67613,1398777959.4796083,[]
67614,1398777959.5196385,[]
67615,1398777959.519674,[]
67616,1398777959.5596254,[]
67617,1398777959.5662034,[]
67618,1398777959.603566,[]
67619,1398777959.6435318,[]
67620,1398777959.643564,[]
67621,1398777959.6835976,[]
67622,1398777959.6914759,[]
67623,1398777959.7276413,[]
67624,1398777959.767581,[]
67625,1398777959.7676096,[]
67626,1398777959.807578,[]
67627,1398777959.8169599,[]
67628,1398777959.8556614,[]
67629,1398777959.895623,[]
67630,1398777959.895658,[]
67631,1398777959.9355712,[]
67632,1398777959.9422812,[]
67633,1398777959.9796453,[]
67634,1398777960.0196152,[]
67635,1398777960.0196493,[]
67636,1398777960.059593,[]
67637,1398777960.067843,[]
67638,1398777960.1075644,[]
67639,1398777960.1475692,[]
67640,1398777960.1476023,[]
67641,1398777960.1876314,[]
67642,1398777960.1939902,[]
67643,1398777960.2315817,[]
67644,1398777960.271657,[]
67645,1398777960.27171,[]
67646,1398777960.3116202,[]
67647,1398777960.3185909,[]
67648,1398777960.3556237,[]
67649,1398777960.3956192,[]
67650,1398777960.3956442,[]
67651,1398777960.4356174,[]
67652,1398777960.4441202,[]
67653,1398777960.4835875,[]
67654,1398777960.5236437,[]
67655,1398777960.5236712,[]
67656,1398777960.563607,[]
67657,1398777960.569363,[]
67658,1398777960.6075468,[]
67659,1398777960.6477106,[]
67660,1398777960.6477375,[]
67661,1398777960.6875844,[]
67662,1398777960.6948218,[]
67663,1398777960.7315998,[]
67664,1398777960.7715986,[]
67665,1398777960.7716284,[]
67666,1398777960.811651,[]
67667,1398777960.831728,[]
67668,1398777960.8716831,[]
67669,1398777960.8717122,[]
67670,1398777960.9116225,[]
67671,1398777960.920002,[]
67672,1398777960.9595702,[]
67673,1398777960.9996073,[]
67674,1398777960.9996383,[]
67675,1398777961.039673,[]
67676,1398777961.0453577,[]
67677,1398777961.0835805,[]
67678,1398777961.1236346,[]
67679,1398777961.123663,[]
67680,1398777961.1636488,[]
67681,1398777961.171285,[]
67682,1398777961.2076416,[]
67683,1398777961.2476504,[]
67684,1398777961.247681,[]
67685,1398777961.2875857,[]
67686,1398777961.295895,[]
67687,1398777961.335583,[]
67688,1398777961.3755803,[]
67689,1398777961.3756127,[]
67690,1398777961.415619,[]
67691,1398777961.4217367,[]
67692,1398777961.4596012,[]
67693,1398777961.499686,[]
67694,1398777961.5396552,[]
67695,1398777961.5396876,[]
67696,1398777961.5796018,[]
67697,1398777961.5796316,[]
67698,1398777961.6195927,[]
67699,1398777961.6223161,[]
67700,1398777961.6596384,[]
67701,1398777961.6996255,[]
67702,1398777961.699671,[]
67703,1398777961.739669,[]
67704,1398777961.74745,[]
67705,1398777961.7836633,[]
67706,1398777961.8236172,[]
67707,1398777961.8236454,[]
67708,1398777961.8636658,[]
67709,1398777961.8735545,[]
67710,1398777961.9116182,[]
67711,1398777961.951589,[]
67712,1398777961.9516456,[]
67713,1398777961.9916787,[]
67714,1398777961.9986012,[]
67715,1398777962.0355692,[]
67716,1398777962.0755672,[]
67717,1398777962.0755963,[]
67718,1398777962.1157062,[]
67719,1398777962.123912,[]
67720,1398777962.163558,[]
67721,1398777962.2036285,[]
67722,1398777962.2036648,[]
67723,1398777962.2435992,[]
67724,1398777962.2490423,[]
67725,1398777962.2875943,[]
67726,1398777962.3275275,[]
67727,1398777962.3275578,[]
67728,1398777962.367625,[]
67729,1398777962.3749735,[]
67730,1398777962.4115865,[]
67731,1398777962.4515486,[]
67732,1398777962.4515753,[]
67733,1398777962.4916332,[]
67734,1398777962.5008423,[]
67735,1398777962.5395868,[]
67736,1398777962.5796115,[]
67737,1398777962.5796468,[]
67738,1398777962.6196394,[]
67739,1398777962.6270869,[]
67740,1398777962.6635737,[]
67741,1398777962.703537,[]
67742,1398777962.703565,[]
67743,1398777962.743613,[]
67744,1398777962.752051,[]
67745,1398777962.7916024,[]
67746,1398777962.8315566,[]
67747,1398777962.8315852,[]
67748,1398777962.8717046,[]
67749,1398777962.8771048,[]
67750,1398777962.9156094,[]
67751,1398777962.9555986,[]
67752,1398777962.9556298,[]
67753,1398777962.9955804,[]
67754,1398777963.0013793,[]
67755,1398777963.0395577,[]
67756,1398777963.0796466,[]
67757,1398777963.0798025,[]
67758,1398777963.119675,[]
67759,1398777963.126599,[]
67760,1398777963.163683,[]
67761,1398777963.203549,[]
67762,1398777963.2035742,[]
67763,1398777963.2436056,[]
67764,1398777963.2518632,[]
67765,1398777963.291565,[]
67766,1398777963.3316057,[]
67767,1398777963.331636,[]
67768,1398777963.3716037,[]
67769,1398777963.3772733,[]
67770,1398777963.4156125,[]
67771,1398777963.4555902,[]
67772,1398777963.4556205,[]
67773,1398777963.4956062,[]
67774,1398777963.5024838,[]
67775,1398777963.5396461,[]
67776,1398777963.5795739,[]
67777,1398777963.5796056,[]
67778,1398777963.6196551,[]
67779,1398777963.6286166,[]
67780,1398777963.6676269,[]
67781,1398777963.707578,[]
67782,1398777963.7076097,[]
67783,1398777963.7475913,[]
67784,1398777963.7534912,[]
67785,1398777963.7915478,[]
67786,1398777963.8315759,[]
67787,1398777963.8316088,[]
67788,1398777963.8716128,[]
67789,1398777963.8785195,[]
67790,1398777963.9156108,[]
67791,1398777963.9556289,[]
67792,1398777963.9556782,[]
67793,1398777963.9956503,[]
67794,1398777964.003834,[]
67795,1398777964.0435643,[]
67796,1398777964.083597,[]
67797,1398777964.0836227,[]
67798,1398777964.1236117,[]
67799,1398777964.1297188,[]
67800,1398777964.1676342,[]
67801,1398777964.2076576,[]
67802,1398777964.2076898,[]
67803,1398777964.2475886,[]
67804,1398777964.2547,[]
67805,1398777964.2916172,[]
67806,1398777964.3315954,[]
67807,1398777964.3316243,[]
67808,1398777964.3716025,[]
67809,1398777964.3798046,[]
67810,1398777964.419577,[]
67811,1398777964.4596453,[]
67812,1398777964.4596772,[]
67813,1398777964.499605,[]
67814,1398777964.5053911,[]
67815,1398777964.5435665,[]
67816,1398777964.5835962,[]
67817,1398777964.5836253,[]
67818,1398777964.623661,[]
67819,1398777964.6305068,[]
67820,1398777964.667645,[]
67821,1398777964.707598,[]
67822,1398777964.7076569,[]
67823,1398777964.7475977,[]
67824,1398777964.7560396,[]
67825,1398777964.7955964,[]
67826,1398777964.8356285,[]
67827,1398777964.8357015,[]
67828,1398777964.875651,[]
67829,1398777964.8818107,[]
67830,1398777964.9195683,[]
67831,1398777964.9596074,[]
67832,1398777964.959643,[]
67833,1398777964.9996061,[]
67834,1398777965.0067084,[]
67835,1398777965.0435612,[]
67836,1398777965.083635,[]
67837,1398777965.0836914,[]
67838,1398777965.1236198,[]
67839,1398777965.1323166,[]
67840,1398777965.1716428,[]
67841,1398777965.2116404,[]
67842,1398777965.2116733,[]
67843,1398777965.251599,[]
67844,1398777965.2576008,[]
67845,1398777965.2955806,[]
67846,1398777965.3355956,[]
67847,1398777965.335655,[]
67848,1398777965.3756166,[]
67849,1398777965.3828528,[]
67850,1398777965.4196491,[]
67851,1398777965.4595664,[]
67852,1398777965.459587,[]
67853,1398777965.4995992,[]
67854,1398777965.5082197,[]
67855,1398777965.547608,[]
67856,1398777965.5876591,[]
67857,1398777965.5876918,[]
67858,1398777965.6276488,[]
67859,1398777965.633848,[]
67860,1398777965.6716125,[]
67861,1398777965.7115812,[]
67862,1398777965.7116108,[]
67863,1398777965.7516174,[]
67864,1398777965.7591085,[]
67865,1398777965.7956014,[]
67866,1398777965.8355725,[]
67867,1398777965.8356042,[]
67868,1398777965.875583,[]
67869,1398777965.8842232,[]
67870,1398777965.9236162,[]
67871,1398777965.963638,[]
67872,1398777965.9636712,[]
67873,1398777966.0036094,[]
67874,1398777966.0103252,[]
67875,1398777966.0476174,[]
67876,1398777966.0875466,[]
67877,1398777966.0875766,[]
67878,1398777966.1276062,[]
67879,1398777966.134834,[]
67880,1398777966.1716614,[]
67881,1398777966.2115772,[]
67882,1398777966.211613,[]
67883,1398777966.2516148,[]
67884,1398777966.261236,[]
67885,1398777966.2996182,[]
67886,1398777966.3395967,[]
67887,1398777966.339626,[]
67888,1398777966.3795922,[]
67889,1398777966.3856926,[]
67890,1398777966.4236717,[]
67891,1398777966.4636345,[]
67892,1398777966.4636643,[]
67893,1398777966.5036092,[]
67894,1398777966.5116618,[]
67895,1398777966.5516288,[]
67896,1398777966.5916383,[]
67897,1398777966.5916557,[]
67898,1398777966.6318214,[]
67899,1398777966.6381402,[]
67900,1398777966.6756482,[]
67901,1398777966.7156267,[]
67902,1398777966.7156572,[]
67903,1398777966.7556872,[]
67904,1398777966.7640855,[]
67905,1398777966.8035975,[]
67906,1398777966.8437243,[]
67907,1398777966.8437629,[]
67908,1398777966.883617,[]
67909,1398777966.8893452,[]
67910,1398777966.927623,[]
67911,1398777966.9676592,[]
67912,1398777966.967681,[]
67913,1398777967.0076308,[]
67914,1398777967.0142286,[]
67915,1398777967.0516212,[]
67916,1398777967.0916278,[]
67917,1398777967.0917487,[]
67918,1398777967.131669,[]
67919,1398777967.139325,[]
67920,1398777967.175652,[]
67921,1398777967.2156527,[]
67922,1398777967.2156746,[]
67923,1398777967.2556982,[]
67924,1398777967.2644331,[]
67925,1398777967.3036103,[]
67926,1398777967.343636,[]
67927,1398777967.3436687,[]
67928,1398777967.3835933,[]
67929,1398777967.3890502,[]
67930,1398777967.4276013,[]
67931,1398777967.4675753,[]
67932,1398777967.4676025,[]
67933,1398777967.5076468,[]
67934,1398777967.5137417,[]
67935,1398777967.551622,[]
67936,1398777967.5916166,[]
67937,1398777967.591645,[]
67938,1398777967.6316574,[]
67939,1398777967.6391413,[]
67940,1398777967.675598,[]
67941,1398777967.7156522,[]
67942,1398777967.7156675,[]
67943,1398777967.755697,[]
67944,1398777967.7645853,[]
67945,1398777967.8035738,[]
67946,1398777967.8435955,[]
67947,1398777967.8436236,[]
67948,1398777967.883593,[]
67949,1398777967.8897598,[]
67950,1398777967.9275827,[]
67951,1398777967.9674873,[]
67952,1398777967.9675028,[]
67953,1398777968.0075538,[]
67954,1398777968.016355,[]
67955,1398777968.0555544,[]
67956,1398777968.0955663,[]
67957,1398777968.0955946,[]
67958,1398777968.135619,[]
67959,1398777968.1405618,[]
67960,1398777968.1796448,[]
67961,1398777968.2195904,[]
67962,1398777968.2196226,[]
67963,1398777968.2595742,[]
67964,1398777968.2658617,[]
67965,1398777968.3035927,[]
67966,1398777968.3436432,[]
67967,1398777968.3436804,[]
67968,1398777968.3836715,[]
67969,1398777968.3911908,[]
67970,1398777968.4276009,[]
67971,1398777968.467621,[]
67972,1398777968.4676507,[]
67973,1398777968.5076182,[]
67974,1398777968.5170953,[]
67975,1398777968.5555923,[]
67976,1398777968.5955596,[]
67977,1398777968.595592,[]
67978,1398777968.635631,[]
67979,1398777968.6419184,[]
67980,1398777968.679547,[]
67981,1398777968.7196546,[]
67982,1398777968.7196848,[]
67983,1398777968.7596107,[]
67984,1398777968.7677095,[]
67985,1398777968.80758,[]
67986,1398777968.8475993,[]
67987,1398777968.8476198,[]
67988,1398777968.887614,[]
67989,1398777968.8936102,[]
67990,1398777968.9315867,[]
67991,1398777968.971632,[]
67992,1398777968.9716647,[]
67993,1398777969.0116448,[]
67994,1398777969.0186117,[]
67995,1398777969.055578,[]
67996,1398777969.0955915,[]
67997,1398777969.095626,[]
67998,1398777969.135623,[]
67999,1398777969.1433408,[]
68000,1398777969.179618,[]
68001,1398777969.2195847,[]
68002,1398777969.2196186,[]
68003,1398777969.2596478,[]
68004,1398777969.2687218,[]
68005,1398777969.3075995,[]
68006,1398777969.3476918,[]
68007,1398777969.3477232,[]
68008,1398777969.3875854,[]
68009,1398777969.3942156,[]
68010,1398777969.4316,[]
68011,1398777969.471617,[]
68012,1398777969.471647,[]
68013,1398777969.5115988,[]
68014,1398777969.519514,[]
68015,1398777969.5555887,[]
68016,1398777969.5955873,[]
68017,1398777969.5956216,[]
68018,1398777969.6356592,[]
68019,1398777969.6452293,[]
68020,1398777969.6835744,[]
68021,1398777969.723673,[]
68022,1398777969.7236907,[]
68023,1398777969.763763,[]
68024,1398777969.7704988,[]
68025,1398777969.8075979,[]
68026,1398777969.8476558,[]
68027,1398777969.8476896,[]
68028,1398777969.887652,[]
68029,1398777969.8957095,[]
68030,1398777969.9356077,[]
68031,1398777969.975634,[]
68032,1398777969.9756715,[]
68033,1398777970.0156178,[]
68034,1398777970.0222776,[]
68035,1398777970.0595615,[]
68036,1398777970.0995822,[]
68037,1398777970.0996146,[]
68038,1398777970.1396587,[]
68039,1398777970.1467397,[]
68040,1398777970.18373,[]
68041,1398777970.2236617,[]
68042,1398777970.2236953,[]
68043,1398777970.2636123,[]
68044,1398777970.2722242,[]
68045,1398777970.3116298,[]
68046,1398777970.3515556,[]
68047,1398777970.3515704,[]
68048,1398777970.3916504,[]
68049,1398777970.3974419,[]
68050,1398777970.4356244,[]
68051,1398777970.475565,[]
68052,1398777970.4755979,[]
68053,1398777970.5156832,[]
68054,1398777970.5228107,[]
68055,1398777970.5596445,[]
68056,1398777970.599565,[]
68057,1398777970.599601,[]
68058,1398777970.6397374,[]
68059,1398777970.6485095,[]
68060,1398777970.6876414,[]
68061,1398777970.727598,[]
68062,1398777970.7276292,[]
68063,1398777970.7676103,[]
68064,1398777970.774034,[]
68065,1398777970.811621,[]
68066,1398777970.8516212,[]
68067,1398777970.851658,[]
68068,1398777970.8916113,[]
68069,1398777970.900106,[]
68070,1398777970.9396203,[]
68071,1398777970.9795883,[]
68072,1398777970.979622,[]
68073,1398777971.0196488,[]
68074,1398777971.025692,[]
68075,1398777971.0637076,[]
68076,1398777971.1036026,[]
68077,1398777971.1036377,[]
68078,1398777971.1436067,[]
68079,1398777971.1509862,[]
68080,1398777971.1876335,[]
68081,1398777971.2276306,[]
68082,1398777971.2276583,[]
68083,1398777971.2675912,[]
68084,1398777971.2761686,[]
68085,1398777971.3155777,[]
68086,1398777971.355531,[]
68087,1398777971.355549,[]
68088,1398777971.395653,[]
68089,1398777971.400857,[]
68090,1398777971.439623,[]
68091,1398777971.4796467,[]
68092,1398777971.479677,[]
68093,1398777971.5196779,[]
68094,1398777971.5251634,[]
68095,1398777971.563656,[]
68096,1398777971.6035614,[]
68097,1398777971.603589,[]
68098,1398777971.6437461,[]
68099,1398777971.6514003,[]
68100,1398777971.6875768,[]
68101,1398777971.727639,[]
68102,1398777971.7276597,[]
68103,1398777971.7676322,[]
68104,1398777971.7766073,[]
68105,1398777971.8156207,[]
68106,1398777971.8555856,[]
68107,1398777971.8556135,[]
68108,1398777971.8955638,[]
68109,1398777971.9014533,[]
68110,1398777971.9397035,[]
68111,1398777971.9796202,[]
68112,1398777971.9796538,[]
68113,1398777972.0196226,[]
68114,1398777972.0267313,[]
68115,1398777972.063637,[]
68116,1398777972.1036053,[]
68117,1398777972.1036415,[]
68118,1398777972.143607,[]
68119,1398777972.1527157,[]
68120,1398777972.1916852,[]
68121,1398777972.231585,[]
68122,1398777972.2316117,[]
68123,1398777972.2715888,[]
68124,1398777972.277956,[]
68125,1398777972.3156073,[]
68126,1398777972.3556073,[]
68127,1398777972.3557258,[]
68128,1398777972.3956208,[]
68129,1398777972.4027545,[]
68130,1398777972.4396038,[]
68131,1398777972.479556,[]
68132,1398777972.4795842,[]
68133,1398777972.5196164,[]
68134,1398777972.5290985,[]
68135,1398777972.5676262,[]
68136,1398777972.6075873,[]
68137,1398777972.6076155,[]
68138,1398777972.6475737,[]
68139,1398777972.6538703,[]
68140,1398777972.6916003,[]
68141,1398777972.7315984,[]
68142,1398777972.73163,[]
68143,1398777972.7716558,[]
68144,1398777972.7794952,[]
68145,1398777972.815606,[]
68146,1398777972.855591,[]
68147,1398777972.8556194,[]
68148,1398777972.8956156,[]
68149,1398777972.9056144,[]
68150,1398777972.9435878,[]
68151,1398777972.9837217,[]
68152,1398777972.9837494,[]
68153,1398777973.0236554,[]
68154,1398777973.029977,[]
68155,1398777973.0676672,[]
68156,1398777973.1075835,[]
68157,1398777973.107612,[]
68158,1398777973.1476352,[]
68159,1398777973.1555772,[]
68160,1398777973.1956098,[]
68161,1398777973.237601,[]
68162,1398777973.2376852,[]
68163,1398777973.2756464,[]
68164,1398777973.2804945,[]
68165,1398777973.3195963,[]
68166,1398777973.3596427,[]
68167,1398777973.3596692,[]
68168,1398777973.3996084,[]
68169,1398777973.406235,[]
68170,1398777973.4435234,[]
68171,1398777973.4836063,[]
68172,1398777973.4836364,[]
68173,1398777973.5237434,[]
68174,1398777973.531371,[]
68175,1398777973.5675948,[]
68176,1398777973.607584,[]
68177,1398777973.6076138,[]
68178,1398777973.6475906,[]
68179,1398777973.6572347,[]
68180,1398777973.6956186,[]
68181,1398777973.7357159,[]
68182,1398777973.735747,[]
68183,1398777973.7756643,[]
68184,1398777973.7815452,[]
68185,1398777973.8195896,[]
68186,1398777973.8596237,[]
68187,1398777973.859698,[]
68188,1398777973.8996413,[]
68189,1398777973.9074457,[]
68190,1398777973.9436507,[]
68191,1398777973.9837313,[]
68192,1398777973.9837713,[]
68193,1398777974.0236492,[]
68194,1398777974.0332403,[]
68195,1398777974.071641,[]
68196,1398777974.1115975,[]
68197,1398777974.1116548,[]
68198,1398777974.1516912,[]
68199,1398777974.157803,[]
68200,1398777974.1956415,[]
68201,1398777974.2356937,[]
68202,1398777974.235719,[]
68203,1398777974.2756305,[]
68204,1398777974.284597,[]
68205,1398777974.323571,[]
68206,1398777974.3635962,[]
68207,1398777974.363649,[]
68208,1398777974.4036198,[]
68209,1398777974.4084485,[]
68210,1398777974.4475737,[]
68211,1398777974.487605,[]
68212,1398777974.4876432,[]
68213,1398777974.527688,[]
68214,1398777974.5346622,[]
68215,1398777974.5716243,[]
68216,1398777974.611596,[]
68217,1398777974.6116166,[]
68218,1398777974.651594,[]
68219,1398777974.6597161,[]
68220,1398777974.6996024,[]
68221,1398777974.7395322,[]
68222,1398777974.7395585,[]
68223,1398777974.7796524,[]
68224,1398777974.7850287,[]
68225,1398777974.823584,[]
68226,1398777974.8636317,[]
68227,1398777974.8636672,[]
68228,1398777974.9036317,[]
68229,1398777974.9100606,[]
68230,1398777974.9476304,[]
68231,1398777974.9875686,[]
68232,1398777974.9876,[]
68233,1398777975.0276363,[]
68234,1398777975.0374873,[]
68235,1398777975.0756347,[]
68236,1398777975.1156194,[]
68237,1398777975.1156511,[]
68238,1398777975.1556902,[]
68239,1398777975.1632612,[]
68240,1398777975.1996078,[]
68241,1398777975.2395525,[]
68242,1398777975.239584,[]
68243,1398777975.279622,[]
68244,1398777975.289626,[]
68245,1398777975.3275988,[]
68246,1398777975.367582,[]
68247,1398777975.3676164,[]
68248,1398777975.4076045,[]
68249,1398777975.4135337,[]
68250,1398777975.4516072,[]
68251,1398777975.4915802,[]
68252,1398777975.4916089,[]
68253,1398777975.531632,[]
68254,1398777975.5383642,[]
68255,1398777975.5755765,[]
68256,1398777975.6156156,[]
68257,1398777975.61565,[]
68258,1398777975.6556199,[]
68259,1398777975.6635854,[]
68260,1398777975.7036068,[]
68261,1398777975.743631,[]
68262,1398777975.743663,[]
68263,1398777975.7836199,[]
68264,1398777975.7883637,[]
68265,1398777975.8275778,[]
68266,1398777975.8676538,[]
68267,1398777975.8676805,[]
68268,1398777975.9076264,[]
68269,1398777975.9133363,[]
68270,1398777975.9516308,[]
68271,1398777975.9916072,[]
68272,1398777975.9916356,[]
68273,1398777976.0316675,[]
68274,1398777976.0434766,[]
68275,1398777976.0796323,[]
68276,1398777976.1196983,[]
68277,1398777976.1197305,[]
68278,1398777976.159657,[]
68279,1398777976.1638112,[]
68280,1398777976.2035491,[]
68281,1398777976.2436051,[]
68282,1398777976.243638,[]
68283,1398777976.2835946,[]
68284,1398777976.289212,[]
68285,1398777976.3276825,[]
68286,1398777976.3676214,[]
68287,1398777976.367652,[]
68288,1398777976.4076443,[]
68289,1398777976.414574,[]
68290,1398777976.451594,[]
68291,1398777976.491599,[]
68292,1398777976.4916394,[]
68293,1398777976.5316284,[]
68294,1398777976.5407255,[]
68295,1398777976.5795894,[]
68296,1398777976.6196666,[]
68297,1398777976.6196887,[]
68298,1398777976.6596224,[]
68299,1398777976.665838,[]
68300,1398777976.7036033,[]
68301,1398777976.7436006,[]
68302,1398777976.7436304,[]
68303,1398777976.7836196,[]
68304,1398777976.791505,[]
68305,1398777976.8276398,[]
68306,1398777976.8676555,[]
68307,1398777976.8676844,[]
68308,1398777976.9076154,[]
68309,1398777976.9168637,[]
68310,1398777976.9556413,[]
68311,1398777976.9956117,[]
68312,1398777976.9956436,[]
68313,1398777977.0356343,[]
68314,1398777977.0416048,[]
68315,1398777977.0796413,[]
68316,1398777977.119605,[]
68317,1398777977.119639,[]
68318,1398777977.159643,[]
68319,1398777977.1679482,[]
68320,1398777977.207665,[]
68321,1398777977.2476373,[]
68322,1398777977.247669,[]
68323,1398777977.2876074,[]
68324,1398777977.2936997,[]
68325,1398777977.3315828,[]
68326,1398777977.3716273,[]
68327,1398777977.37166,[]
68328,1398777977.4116588,[]
68329,1398777977.4184444,[]
68330,1398777977.4555945,[]
68331,1398777977.495648,[]
68332,1398777977.5356007,[]
68333,1398777977.5356405,[]
68334,1398777977.5756137,[]
68335,1398777977.5756454,[]
68336,1398777977.6155562,[]
68337,1398777977.6187248,[]
68338,1398777977.6555774,[]
68339,1398777977.695611,[]
68340,1398777977.6956615,[]
68341,1398777977.7356834,[]
68342,1398777977.7437062,[]
68343,1398777977.7837107,[]
68344,1398777977.8236606,[]
68345,1398777977.823697,[]
68346,1398777977.8637023,[]
68347,1398777977.869232,[]
68348,1398777977.9076157,[]
68349,1398777977.947634,[]
68350,1398777977.9476492,[]
68351,1398777977.9875863,[]
68352,1398777977.9939473,[]
68353,1398777978.0315716,[]
68354,1398777978.0715995,[]
68355,1398777978.0716267,[]
68356,1398777978.111605,[]
68357,1398777978.1213558,[]
68358,1398777978.159613,[]
68359,1398777978.1995978,[]
68360,1398777978.1996222,[]
68361,1398777978.2396038,[]
68362,1398777978.2454965,[]
68363,1398777978.283561,[]
68364,1398777978.3235986,[]
68365,1398777978.3236165,[]
68366,1398777978.3636382,[]
68367,1398777978.3704515,[]
68368,1398777978.4077284,[]
68369,1398777978.4475594,[]
68370,1398777978.4475834,[]
68371,1398777978.4875886,[]
68372,1398777978.495557,[]
68373,1398777978.5356464,[]
68374,1398777978.575538,[]
68375,1398777978.5755498,[]
68376,1398777978.615629,[]
68377,1398777978.6212606,[]
68378,1398777978.6595447,[]
68379,1398777978.6996639,[]
68380,1398777978.6996913,[]
68381,1398777978.7396767,[]
68382,1398777978.746578,[]
68383,1398777978.7836227,[]
68384,1398777978.82354,[]
68385,1398777978.8235576,[]
68386,1398777978.8635905,[]
68387,1398777978.8722923,[]
68388,1398777978.9116435,[]
68389,1398777978.9516277,[]
68390,1398777978.9516573,[]
68391,1398777978.9916692,[]
68392,1398777978.997381,[]
68393,1398777979.0356166,[]
68394,1398777979.0756512,[]
68395,1398777979.075676,[]
68396,1398777979.1156726,[]
68397,1398777979.1225011,[]
68398,1398777979.159643,[]
68399,1398777979.1996453,[]
68400,1398777979.199684,[]
68401,1398777979.2396562,[]
68402,1398777979.2493832,[]
68403,1398777979.2875845,[]
68404,1398777979.3276007,[]
68405,1398777979.3276312,[]
68406,1398777979.3676457,[]
68407,1398777979.3764515,[]
68408,1398777979.4156272,[]
68409,1398777979.455624,[]
68410,1398777979.4556582,[]
68411,1398777979.495622,[]
68412,1398777979.5017743,[]
68413,1398777979.539711,[]
68414,1398777979.5796158,[]
68415,1398777979.5796492,[]
68416,1398777979.6196072,[]
68417,1398777979.6256049,[]
68418,1398777979.663608,[]
68419,1398777979.7035766,[]
68420,1398777979.7036078,[]
68421,1398777979.7437966,[]
68422,1398777979.7513862,[]
68423,1398777979.7876122,[]
68424,1398777979.827645,[]
68425,1398777979.827671,[]
68426,1398777979.8676908,[]
68427,1398777979.876005,[]
68428,1398777979.9155767,[]
68429,1398777979.9556265,[]
68430,1398777979.9556432,[]
68431,1398777979.9956632,[]
68432,1398777980.0012476,[]
68433,1398777980.039683,[]
68434,1398777980.079647,[]
68435,1398777980.0796797,[]
68436,1398777980.119534,[]
68437,1398777980.1254933,[]
68438,1398777980.1636047,[]
68439,1398777980.2035573,[]
68440,1398777980.203576,[]
68441,1398777980.2436025,[]
68442,1398777980.2505207,[]
68443,1398777980.2876554,[]
68444,1398777980.3275852,[]
68445,1398777980.3276153,[]
68446,1398777980.3676536,[]
68447,1398777980.37561,[]
68448,1398777980.4155853,[]
68449,1398777980.4556072,[]
68450,1398777980.4556394,[]
68451,1398777980.4956112,[]
68452,1398777980.501856,[]
68453,1398777980.5396197,[]
68454,1398777980.579635,[]
68455,1398777980.579671,[]
68456,1398777980.6196318,[]
68457,1398777980.6266825,[]
68458,1398777980.6636224,[]
68459,1398777980.7036085,[]
68460,1398777980.703647,[]
68461,1398777980.7436526,[]
68462,1398777980.7526124,[]
68463,1398777980.7915897,[]
68464,1398777980.8316329,[]
68465,1398777980.8316507,[]
68466,1398777980.8716161,[]
68467,1398777980.8773346,[]
68468,1398777980.9156756,[]
68469,1398777980.9555352,[]
68470,1398777980.9555612,[]
68471,1398777980.9956203,[]
68472,1398777981.0024958,[]
68473,1398777981.0395982,[]
68474,1398777981.0796132,[]
68475,1398777981.0796452,[]
68476,1398777981.1195893,[]
68477,1398777981.1286695,[]
68478,1398777981.1675644,[]
68479,1398777981.2076986,[]
68480,1398777981.2077363,[]
68481,1398777981.2476723,[]
68482,1398777981.2534945,[]
68483,1398777981.2916174,[]
68484,1398777981.3316696,[]
68485,1398777981.331703,[]
68486,1398777981.371594,[]
68487,1398777981.37845,[]
68488,1398777981.415606,[]
68489,1398777981.4556894,[]
68490,1398777981.455723,[]
68491,1398777981.4956334,[]
68492,1398777981.5036645,[]
68493,1398777981.5437222,[]
68494,1398777981.5836337,[]
68495,1398777981.5836685,[]
68496,1398777981.6236455,[]
68497,1398777981.6305962,[]
68498,1398777981.6675537,[]
68499,1398777981.7075565,[]
68500,1398777981.7075891,[]
68501,1398777981.7476375,[]
68502,1398777981.754736,[]
68503,1398777981.791586,[]
68504,1398777981.8315985,[]
68505,1398777981.8316302,[]
68506,1398777981.8716238,[]
68507,1398777981.8807604,[]
68508,1398777981.9196405,[]
68509,1398777981.9596002,[]
68510,1398777981.959663,[]
68511,1398777981.9997172,[]
68512,1398777982.0058744,[]
68513,1398777982.0437026,[]
68514,1398777982.08368,[]
68515,1398777982.083702,[]
68516,1398777982.1236897,[]
68517,1398777982.132126,[]
68518,1398777982.1716535,[]
68519,1398777982.211615,[]
68520,1398777982.2116792,[]
68521,1398777982.2516494,[]
68522,1398777982.2569828,[]
68523,1398777982.295585,[]
68524,1398777982.3355827,[]
68525,1398777982.335613,[]
68526,1398777982.3756013,[]
68527,1398777982.3817046,[]
68528,1398777982.419616,[]
68529,1398777982.4595969,[]
68530,1398777982.4596236,[]
68531,1398777982.4995701,[]
68532,1398777982.5073395,[]
68533,1398777982.5436566,[]
68534,1398777982.5836384,[]
68535,1398777982.583715,[]
68536,1398777982.6236393,[]
68537,1398777982.6339169,[]
68538,1398777982.6716268,[]
68539,1398777982.7115645,[]
68540,1398777982.7115963,[]
68541,1398777982.7515783,[]
68542,1398777982.758483,[]
68543,1398777982.7956278,[]
68544,1398777982.835657,[]
68545,1398777982.8356779,[]
68546,1398777982.8756325,[]
68547,1398777982.8842874,[]
68548,1398777982.9236388,[]
68549,1398777982.963604,[]
68550,1398777982.9636307,[]
68551,1398777983.0035834,[]
68552,1398777983.0088637,[]
68553,1398777983.047625,[]
68554,1398777983.0875614,[]
68555,1398777983.0875924,[]
68556,1398777983.127591,[]
68557,1398777983.1345143,[]
68558,1398777983.1716304,[]
68559,1398777983.2115893,[]
68560,1398777983.211623,[]
68561,1398777983.251689,[]
68562,1398777983.259648,[]
68563,1398777983.29962,[]
68564,1398777983.3396435,[]
68565,1398777983.3396769,[]
68566,1398777983.3796089,[]
68567,1398777983.386595,[]
68568,1398777983.4236693,[]
68569,1398777983.4636114,[]
68570,1398777983.463641,[]
68571,1398777983.5035791,[]
68572,1398777983.5121214,[]
68573,1398777983.5516376,[]
68574,1398777983.5915992,[]
68575,1398777983.5916333,[]
68576,1398777983.631691,[]
68577,1398777983.6379585,[]
68578,1398777983.675591,[]
68579,1398777983.7155712,[]
68580,1398777983.715605,[]
68581,1398777983.7556531,[]
68582,1398777983.7630742,[]
68583,1398777983.7995837,[]
68584,1398777983.8396235,[]
68585,1398777983.8396554,[]
68586,1398777983.8795831,[]
68587,1398777983.8876188,[]
68588,1398777983.9275694,[]
68589,1398777983.9676669,[]
68590,1398777983.9676993,[]
68591,1398777984.0076232,[]
68592,1398777984.0122359,[]
68593,1398777984.0516412,[]
68594,1398777984.0915847,[]
68595,1398777984.091616,[]
68596,1398777984.131631,[]
68597,1398777984.1377387,[]
68598,1398777984.1756797,[]
68599,1398777984.2155776,[]
68600,1398777984.2156138,[]
68601,1398777984.2555504,[]
68602,1398777984.2624795,[]
68603,1398777984.2995586,[]
68604,1398777984.3395834,[]
68605,1398777984.339613,[]
68606,1398777984.379571,[]
68607,1398777984.38712,[]
68608,1398777984.4236467,[]
68609,1398777984.4635491,[]
68610,1398777984.4635737,[]
68611,1398777984.503693,[]
68612,1398777984.513062,[]
68613,1398777984.5516732,[]
68614,1398777984.5915973,[]
68615,1398777984.5916278,[]
68616,1398777984.6316562,[]
68617,1398777984.6390169,[]
68618,1398777984.675608,[]
68619,1398777984.7156236,[]
68620,1398777984.7156508,[]
68621,1398777984.755574,[]
68622,1398777984.7635467,[]
68623,1398777984.8035572,[]
68624,1398777984.8435938,[]
68625,1398777984.8436763,[]
68626,1398777984.8836083,[]
68627,1398777984.8898668,[]
68628,1398777984.9276037,[]
68629,1398777984.9676425,[]
68630,1398777984.9676726,[]
68631,1398777985.0076165,[]
68632,1398777985.015188,[]
68633,1398777985.0516448,[]
68634,1398777985.0915735,[]
68635,1398777985.0916061,[]
68636,1398777985.1315508,[]
68637,1398777985.1397943,[]
68638,1398777985.179625,[]
68639,1398777985.2196083,[]
68640,1398777985.2196414,[]
68641,1398777985.2596195,[]
68642,1398777985.2657142,[]
68643,1398777985.3036156,[]
68644,1398777985.3475637,[]
68645,1398777985.3876173,[]
68646,1398777985.3876495,[]
68647,1398777985.4276059,[]
68648,1398777985.4276383,[]
68649,1398777985.467572,[]
68650,1398777985.4676034,[]
68651,1398777985.50765,[]
68652,1398777985.5154843,[]
68653,1398777985.5515857,[]
68654,1398777985.5915792,[]
68655,1398777985.5916088,[]
68656,1398777985.6315804,[]
68657,1398777985.6423717,[]
68658,1398777985.6795797,[]
68659,1398777985.7196112,[]
68660,1398777985.7196393,[]
68661,1398777985.759649,[]
68662,1398777985.767124,[]
68663,1398777985.8035848,[]
68664,1398777985.8436506,[]
68665,1398777985.843681,[]
68666,1398777985.8836482,[]
68667,1398777985.891512,[]
68668,1398777985.9275618,[]
68669,1398777985.9675996,[]
68670,1398777985.9676287,[]
68671,1398777986.0075483,[]
68672,1398777986.0176215,[]
68673,1398777986.0555816,[]
68674,1398777986.095617,[]
68675,1398777986.0956485,[]
68676,1398777986.1356335,[]
68677,1398777986.143005,[]
68678,1398777986.1796212,[]
68679,1398777986.2195776,[]
68680,1398777986.219608,[]
68681,1398777986.2596335,[]
68682,1398777986.2688508,[]
68683,1398777986.3087187,[]
68684,1398777986.3476026,[]
68685,1398777986.3476377,[]
68686,1398777986.3876224,[]
68687,1398777986.392747,[]
68688,1398777986.4316318,[]
68689,1398777986.4716434,[]
68690,1398777986.4716735,[]
68691,1398777986.511599,[]
68692,1398777986.5197554,[]
68693,1398777986.5595958,[]
68694,1398777986.5996094,[]
68695,1398777986.5996366,[]
68696,1398777986.6397855,[]
68697,1398777986.6451426,[]
68698,1398777986.683615,[]
68699,1398777986.72361,[]
68700,1398777986.7236435,[]
68701,1398777986.7636495,[]
68702,1398777986.7697272,[]
68703,1398777986.8075938,[]
68704,1398777986.8476691,[]
68705,1398777986.8476894,[]
68706,1398777986.8876154,[]
68707,1398777986.8947508,[]
68708,1398777986.9315782,[]
68709,1398777986.9715724,[]
68710,1398777986.9716105,[]
68711,1398777987.011689,[]
68712,1398777987.0215113,[]
68713,1398777987.059617,[]
68714,1398777987.0995805,[]
68715,1398777987.0996122,[]
68716,1398777987.1396604,[]
68717,1398777987.1463914,[]
68718,1398777987.183622,[]
68719,1398777987.2236092,[]
68720,1398777987.2236416,[]
68721,1398777987.2635972,[]
68722,1398777987.271244,[]
68723,1398777987.3076448,[]
68724,1398777987.3476326,[]
68725,1398777987.347667,[]
68726,1398777987.3876214,[]
68727,1398777987.395878,[]
68728,1398777987.4355807,[]
68729,1398777987.4756205,[]
68730,1398777987.4756603,[]
68731,1398777987.515589,[]
68732,1398777987.5213654,[]
68733,1398777987.5596633,[]
68734,1398777987.5995939,[]
68735,1398777987.599623,[]
68736,1398777987.6396966,[]
68737,1398777987.648948,[]
68738,1398777987.6875567,[]
68739,1398777987.727626,[]
68740,1398777987.7276576,[]
68741,1398777987.7676263,[]
68742,1398777987.7752569,[]
68743,1398777987.8116345,[]
68744,1398777987.8515565,[]
68745,1398777987.8515844,[]
68746,1398777987.8915715,[]
68747,1398777987.9005792,[]
68748,1398777987.9396274,[]
68749,1398777987.9796975,[]
68750,1398777987.9797468,[]
68751,1398777988.0196722,[]
68752,1398777988.0250027,[]
68753,1398777988.063603,[]
68754,1398777988.1036065,[]
68755,1398777988.103638,[]
68756,1398777988.143625,[]
68757,1398777988.1502094,[]
68758,1398777988.1876903,[]
68759,1398777988.2275639,[]
68760,1398777988.227597,[]
68761,1398777988.2676063,[]
68762,1398777988.274366,[]
68763,1398777988.3115926,[]
68764,1398777988.3516212,[]
68765,1398777988.3516548,[]
68766,1398777988.3916528,[]
68767,1398777988.3999,[]
68768,1398777988.4396746,[]
68769,1398777988.4796014,[]
68770,1398777988.479635,[]
68771,1398777988.5196366,[]
68772,1398777988.524879,[]
68773,1398777988.5636685,[]
68774,1398777988.6036007,[]
68775,1398777988.603635,[]
68776,1398777988.6436703,[]
68777,1398777988.6506422,[]
68778,1398777988.6877544,[]
68779,1398777988.7276745,[]
68780,1398777988.727705,[]
68781,1398777988.7676013,[]
68782,1398777988.7761388,[]
68783,1398777988.8156674,[]
68784,1398777988.8556616,[]
68785,1398777988.8556933,[]
68786,1398777988.8956208,[]
68787,1398777988.9011269,[]
68788,1398777988.9396446,[]
68789,1398777988.9796035,[]
68790,1398777988.9796355,[]
68791,1398777989.0196047,[]
68792,1398777989.0262547,[]
68793,1398777989.0636423,[]
68794,1398777989.1035647,[]
68795,1398777989.1035979,[]
68796,1398777989.143646,[]
68797,1398777989.151565,[]
68798,1398777989.1915777,[]
68799,1398777989.231675,[]
68800,1398777989.23171,[]
68801,1398777989.2717125,[]
68802,1398777989.2769325,[]
68803,1398777989.3155777,[]
68804,1398777989.3556678,[]
68805,1398777989.3556912,[]
68806,1398777989.3956876,[]
68807,1398777989.4022684,[]
68808,1398777989.4395614,[]
68809,1398777989.4796987,[]
68810,1398777989.4797273,[]
68811,1398777989.519777,[]
68812,1398777989.5283096,[]
68813,1398777989.567579,[]
68814,1398777989.6076005,[]
68815,1398777989.607631,[]
68816,1398777989.6477263,[]
68817,1398777989.653476,[]
68818,1398777989.691602,[]
68819,1398777989.7315645,[]
68820,1398777989.7315922,[]
68821,1398777989.7715664,[]
68822,1398777989.7782555,[]
68823,1398777989.815597,[]
68824,1398777989.8556128,[]
68825,1398777989.855685,[]
68826,1398777989.8956146,[]
68827,1398777989.9041302,[]
68828,1398777989.9435747,[]
68829,1398777989.9836037,[]
68830,1398777989.9836354,[]
68831,1398777990.02365,[]
68832,1398777990.030137,[]
68833,1398777990.0675535,[]
68834,1398777990.1075733,[]
68835,1398777990.107607,[]
68836,1398777990.1475906,[]
68837,1398777990.1563034,[]
68838,1398777990.1955664,[]
68839,1398777990.2356038,[]
68840,1398777990.2356389,[]
68841,1398777990.275637,[]
68842,1398777990.2798948,[]
68843,1398777990.319659,[]
68844,1398777990.3595793,[]
68845,1398777990.359608,[]
68846,1398777990.3995795,[]
68847,1398777990.4052641,[]
68848,1398777990.4435992,[]
68849,1398777990.483602,[]
68850,1398777990.4836335,[]
68851,1398777990.523645,[]
68852,1398777990.5310478,[]
68853,1398777990.5675464,[]
68854,1398777990.6075673,[]
68855,1398777990.6075838,[]
68856,1398777990.6475673,[]
68857,1398777990.6562555,[]
68858,1398777990.695701,[]
68859,1398777990.7355351,[]
68860,1398777990.7355626,[]
68861,1398777990.7756228,[]
68862,1398777990.7817616,[]
68863,1398777990.819598,[]
68864,1398777990.8596318,[]
68865,1398777990.8596683,[]
68866,1398777990.899602,[]
68867,1398777990.9064965,[]
68868,1398777990.9435906,[]
68869,1398777990.9836323,[]
68870,1398777990.9836624,[]
68871,1398777991.0235913,[]
68872,1398777991.0328798,[]
68873,1398777991.071547,[]
68874,1398777991.1116195,[]
68875,1398777991.111648,[]
68876,1398777991.1516182,[]
68877,1398777991.1579983,[]
68878,1398777991.195596,[]
68879,1398777991.235627,[]
68880,1398777991.235661,[]
68881,1398777991.2756002,[]
68882,1398777991.28257,[]
68883,1398777991.3195693,[]
68884,1398777991.3595655,[]
68885,1398777991.3595963,[]
68886,1398777991.3996022,[]
68887,1398777991.408139,[]
68888,1398777991.4475977,[]
68889,1398777991.487615,[]
68890,1398777991.4876494,[]
68891,1398777991.527696,[]
68892,1398777991.5339098,[]
68893,1398777991.5715926,[]
68894,1398777991.6115723,[]
68895,1398777991.6116033,[]
68896,1398777991.651654,[]
68897,1398777991.6592178,[]
68898,1398777991.6956003,[]
68899,1398777991.735635,[]
68900,1398777991.7755792,[]
68901,1398777991.7756097,[]
68902,1398777991.8155699,[]
68903,1398777991.8156,[]
68904,1398777991.8556244,[]
68905,1398777991.8602395,[]
68906,1398777991.8995848,[]
68907,1398777991.9395628,[]
68908,1398777991.9395874,[]
68909,1398777991.9795763,[]
68910,1398777991.9871361,[]
68911,1398777992.0236764,[]
68912,1398777992.0635378,[]
68913,1398777992.063565,[]
68914,1398777992.103551,[]
68915,1398777992.112021,[]
68916,1398777992.1515784,[]
68917,1398777992.191593,[]
68918,1398777992.191624,[]
68919,1398777992.2318542,[]
68920,1398777992.2367556,[]
68921,1398777992.275568,[]
68922,1398777992.3156004,[]
68923,1398777992.3156283,[]
68924,1398777992.355647,[]
68925,1398777992.3612678,[]
68926,1398777992.3996773,[]
68927,1398777992.439607,[]
68928,1398777992.4396355,[]
68929,1398777992.4796371,[]
68930,1398777992.486625,[]
68931,1398777992.5236902,[]
68932,1398777992.5635438,[]
68933,1398777992.563562,[]
68934,1398777992.6036725,[]
68935,1398777992.6108189,[]
68936,1398777992.6477027,[]
68937,1398777992.6876044,[]
68938,1398777992.687632,[]
68939,1398777992.7276814,[]
68940,1398777992.7373834,[]
68941,1398777992.7756343,[]
68942,1398777992.8156044,[]
68943,1398777992.8156335,[]
68944,1398777992.8556986,[]
68945,1398777992.862027,[]
68946,1398777992.8996677,[]
68947,1398777992.9395478,[]
68948,1398777992.939622,[]
68949,1398777992.9795818,[]
68950,1398777992.987174,[]
68951,1398777993.023631,[]
68952,1398777993.0635917,[]
68953,1398777993.0637774,[]
68954,1398777993.1035748,[]
68955,1398777993.1124797,[]
68956,1398777993.151641,[]
68957,1398777993.1915832,[]
68958,1398777993.1916137,[]
68959,1398777993.2315886,[]
68960,1398777993.2381492,[]
68961,1398777993.2755811,[]
68962,1398777993.3156629,[]
68963,1398777993.31569,[]
68964,1398777993.3555977,[]
68965,1398777993.3632522,[]
68966,1398777993.3995802,[]
68967,1398777993.4396002,[]
68968,1398777993.4396307,[]
68969,1398777993.4795635,[]
68970,1398777993.4896183,[]
68971,1398777993.5276396,[]
68972,1398777993.5676413,[]
68973,1398777993.567673,[]
68974,1398777993.6076128,[]
68975,1398777993.6148624,[]
68976,1398777993.6515627,[]
68977,1398777993.69154,[]
68978,1398777993.6915677,[]
68979,1398777993.7316163,[]
68980,1398777993.7394617,[]
68981,1398777993.7755659,[]
68982,1398777993.8156166,[]
68983,1398777993.815649,[]
68984,1398777993.8556042,[]
68985,1398777993.864846,[]
68986,1398777993.9036083,[]
68987,1398777993.9435928,[]
68988,1398777993.9436095,[]
68989,1398777993.9835722,[]
68990,1398777993.9903715,[]
68991,1398777994.0275996,[]
68992,1398777994.067613,[]
68993,1398777994.0676415,[]
68994,1398777994.1076128,[]
68995,1398777994.1159892,[]
68996,1398777994.1555712,[]
68997,1398777994.195594,[]
68998,1398777994.1956246,[]
68999,1398777994.235606,[]
69000,1398777994.2402887,[]
69001,1398777994.2796004,[]
69002,1398777994.3195827,[]
69003,1398777994.3196127,[]
69004,1398777994.3614855,[]
69005,1398777994.36637,[]
69006,1398777994.403591,[]
69007,1398777994.4435968,[]
69008,1398777994.4436302,[]
69009,1398777994.483702,[]
69010,1398777994.4911826,[]
69011,1398777994.5276265,[]
69012,1398777994.567613,[]
69013,1398777994.5676444,[]
69014,1398777994.6076076,[]
69015,1398777994.6164396,[]
69016,1398777994.6555703,[]
69017,1398777994.695608,[]
69018,1398777994.6956418,[]
69019,1398777994.735691,[]
69020,1398777994.7426324,[]
69021,1398777994.779641,[]
69022,1398777994.81961,[]
69023,1398777994.8196406,[]
69024,1398777994.8596218,[]
69025,1398777994.868319,[]
69026,1398777994.907611,[]
69027,1398777994.947616,[]
69028,1398777994.9476519,[]
69029,1398777994.9876444,[]
69030,1398777994.993241,[]
69031,1398777995.031678,[]
69032,1398777995.0716388,[]
69033,1398777995.071675,[]
69034,1398777995.111696,[]
69035,1398777995.1181233,[]
69036,1398777995.1555433,[]
69037,1398777995.1956563,[]
69038,1398777995.1956837,[]
69039,1398777995.2356443,[]
69040,1398777995.243273,[]
69041,1398777995.2795784,[]
69042,1398777995.3195662,[]
69043,1398777995.3195922,[]
69044,1398777995.3596315,[]
69045,1398777995.3690124,[]
69046,1398777995.4076135,[]
69047,1398777995.447579,[]
69048,1398777995.4476085,[]
69049,1398777995.4876475,[]
69050,1398777995.4941108,[]
69051,1398777995.531657,[]
69052,1398777995.571629,[]
69053,1398777995.5716565,[]
69054,1398777995.611625,[]
69055,1398777995.6193378,[]
69056,1398777995.6555417,[]
69057,1398777995.6955621,[]
69058,1398777995.6955965,[]
69059,1398777995.7356744,[]
69060,1398777995.7527142,[]
69061,1398777995.7916367,[]
69062,1398777995.8315942,[]
69063,1398777995.8316133,[]
69064,1398777995.8715901,[]
69065,1398777995.8716114,[]
69066,1398777995.9116313,[]
69067,1398777995.9210265,[]
69068,1398777995.959669,[]
69069,1398777995.9996536,[]
69070,1398777995.9996796,[]
69071,1398777996.0396235,[]
69072,1398777996.0476458,[]
69073,1398777996.0875425,[]
69074,1398777996.1276045,[]
69075,1398777996.127635,[]
69076,1398777996.1676269,[]
69077,1398777996.173669,[]
69078,1398777996.2116303,[]
69079,1398777996.2516115,[]
69080,1398777996.2516413,[]
69081,1398777996.2915645,[]
69082,1398777996.2993603,[]
69083,1398777996.3355947,[]
69084,1398777996.3755193,[]
69085,1398777996.3755424,[]
69086,1398777996.4157627,[]
69087,1398777996.423652,[]
69088,1398777996.4636517,[]
69089,1398777996.5036073,[]
69090,1398777996.503638,[]
69091,1398777996.5435803,[]
69092,1398777996.5483742,[]
69093,1398777996.5876732,[]
69094,1398777996.6276648,[]
69095,1398777996.6277003,[]
69096,1398777996.6676197,[]
69097,1398777996.6733563,[]
69098,1398777996.7115932,[]
69099,1398777996.7515693,[]
69100,1398777996.751598,[]
69101,1398777996.7916477,[]
69102,1398777996.7980754,[]
69103,1398777996.8356557,[]
69104,1398777996.8755774,[]
69105,1398777996.8756094,[]
69106,1398777996.915565,[]
69107,1398777996.9235852,[]
69108,1398777996.963584,[]
69109,1398777997.0036025,[]
69110,1398777997.0036356,[]
69111,1398777997.043592,[]
69112,1398777997.048208,[]
69113,1398777997.0876794,[]
69114,1398777997.1276047,[]
69115,1398777997.1276352,[]
69116,1398777997.1675704,[]
69117,1398777997.1735578,[]
69118,1398777997.2115858,[]
69119,1398777997.2516134,[]
69120,1398777997.2516475,[]
69121,1398777997.2925222,[]
69122,1398777997.2989712,[]
69123,1398777997.3356738,[]
69124,1398777997.3755674,[]
69125,1398777997.3756297,[]
69126,1398777997.415542,[]
69127,1398777997.424638,[]
69128,1398777997.46359,[]
69129,1398777997.503615,[]
69130,1398777997.5036392,[]
69131,1398777997.5435963,[]
69132,1398777997.5503724,[]
69133,1398777997.587551,[]
69134,1398777997.6276119,[]
69135,1398777997.6276443,[]
69136,1398777997.6676059,[]
69137,1398777997.6759732,[]
69138,1398777997.7155886,[]
69139,1398777997.755642,[]
69140,1398777997.7556758,[]
69141,1398777997.7955852,[]
69142,1398777997.8007967,[]
69143,1398777997.8395364,[]
69144,1398777997.8796349,[]
69145,1398777997.8796644,[]
69146,1398777997.9196804,[]
69147,1398777997.9265134,[]
69148,1398777997.963646,[]
69149,1398777998.0036366,[]
69150,1398777998.0036702,[]
69151,1398777998.0436137,[]
69152,1398777998.0522907,[]
69153,1398777998.0915375,[]
69154,1398777998.1315908,[]
69155,1398777998.1316228,[]
69156,1398777998.1717489,[]
69157,1398777998.176858,[]
69158,1398777998.215563,[]
69159,1398777998.2557027,[]
69160,1398777998.2557354,[]
69161,1398777998.295576,[]
69162,1398777998.3022625,[]
69163,1398777998.33958,[]
69164,1398777998.379592,[]
69165,1398777998.3796253,[]
69166,1398777998.4196947,[]
69167,1398777998.428256,[]
69168,1398777998.4676323,[]
69169,1398777998.5075848,[]
69170,1398777998.5076127,[]
69171,1398777998.547679,[]
69172,1398777998.5530136,[]
69173,1398777998.5916336,[]
69174,1398777998.631712,[]
69175,1398777998.6317477,[]
69176,1398777998.6716511,[]
69177,1398777998.6786356,[]
69178,1398777998.715547,[]
69179,1398777998.7556186,[]
69180,1398777998.7556512,[]
69181,1398777998.795654,[]
69182,1398777998.803731,[]
69183,1398777998.8436427,[]
69184,1398777998.88361,[]
69185,1398777998.883642,[]
69186,1398777998.9236643,[]
69187,1398777998.929479,[]
69188,1398777998.967596,[]
69189,1398777999.007573,[]
69190,1398777999.007603,[]
69191,1398777999.0476363,[]
69192,1398777999.0538683,[]
69193,1398777999.091621,[]
69194,1398777999.131566,[]
69195,1398777999.1316082,[]
69196,1398777999.17166,[]
69197,1398777999.1793544,[]
69198,1398777999.2155647,[]
69199,1398777999.2556872,[]
69200,1398777999.2557204,[]
69201,1398777999.2957249,[]
69202,1398777999.304885,[]
69203,1398777999.3440354,[]
69204,1398777999.3835437,[]
69205,1398777999.3835664,[]
69206,1398777999.4236317,[]
69207,1398777999.430064,[]
69208,1398777999.46768,[]
69209,1398777999.5076292,[]
69210,1398777999.5076563,[]
69211,1398777999.5476491,[]
69212,1398777999.5563939,[]
69213,1398777999.595627,[]
69214,1398777999.6356442,[]
69215,1398777999.6356728,[]
69216,1398777999.6756604,[]
69217,1398777999.6801474,[]
69218,1398777999.719566,[]
69219,1398777999.7595491,[]
69220,1398777999.7595696,[]
69221,1398777999.799614,[]
69222,1398777999.8055153,[]
69223,1398777999.8436785,[]
69224,1398777999.883555,[]
69225,1398777999.8835855,[]
69226,1398777999.9236927,[]
69227,1398777999.9323988,[]
69228,1398777999.9716494,[]
69229,1398778000.0115628,[]
69230,1398778000.0115883,[]
69231,1398778000.0517135,[]
69232,1398778000.0574496,[]
69233,1398778000.0956292,[]
69234,1398778000.135653,[]
69235,1398778000.1356816,[]
69236,1398778000.1757069,[]
69237,1398778000.1830177,[]
69238,1398778000.2196796,[]
69239,1398778000.2595854,[]
69240,1398778000.2995965,[]
69241,1398778000.2996266,[]
69242,1398778000.3397238,[]
69243,1398778000.3397608,[]
69244,1398778000.3795738,[]
69245,1398778000.3854465,[]
69246,1398778000.423659,[]
69247,1398778000.4636178,[]
69248,1398778000.4636488,[]
69249,1398778000.503654,[]
69250,1398778000.5108123,[]
69251,1398778000.5476382,[]
69252,1398778000.5875707,[]
69253,1398778000.5876017,[]
69254,1398778000.627719,[]
69255,1398778000.6351652,[]
69256,1398778000.671575,[]
69257,1398778000.7115905,[]
69258,1398778000.7116241,[]
69259,1398778000.7516866,[]
69260,1398778000.7595015,[]
69261,1398778000.795552,[]
69262,1398778000.8355894,[]
69263,1398778000.835611,[]
69264,1398778000.8757706,[]
69265,1398778000.884507,[]
69266,1398778000.9236743,[]
69267,1398778000.9636033,[]
69268,1398778000.9636343,[]
69269,1398778001.0035815,[]
69270,1398778001.0089028,[]
69271,1398778001.0476377,[]
69272,1398778001.0876195,[]
69273,1398778001.0876565,[]
69274,1398778001.1275635,[]
69275,1398778001.1343813,[]
69276,1398778001.1716433,[]
69277,1398778001.211586,[]
69278,1398778001.211616,[]
69279,1398778001.2517073,[]
69280,1398778001.2600503,[]
69281,1398778001.2997315,[]
69282,1398778001.339632,[]
69283,1398778001.3396645,[]
69284,1398778001.3796816,[]
69285,1398778001.3850133,[]
69286,1398778001.4235709,[]
69287,1398778001.4636025,[]
69288,1398778001.4636319,[]
69289,1398778001.5036306,[]
69290,1398778001.5102015,[]
69291,1398778001.5476658,[]
69292,1398778001.5875483,[]
69293,1398778001.5875785,[]
69294,1398778001.627584,[]
69295,1398778001.636633,[]
69296,1398778001.675558,[]
69297,1398778001.715631,[]
69298,1398778001.7156653,[]
69299,1398778001.7556474,[]
69300,1398778001.7615373,[]
69301,1398778001.7996876,[]
69302,1398778001.8396294,[]
69303,1398778001.8396468,[]
69304,1398778001.8796353,[]
69305,1398778001.8868892,[]
69306,1398778001.923592,[]
69307,1398778001.9636807,[]
69308,1398778001.963715,[]
69309,1398778002.0036244,[]
69310,1398778002.012141,[]
69311,1398778002.0515487,[]
69312,1398778002.09168,[]
69313,1398778002.0917728,[]
69314,1398778002.1316903,[]
69315,1398778002.13727,[]
69316,1398778002.175598,[]
69317,1398778002.215571,[]
69318,1398778002.2156024,[]
69319,1398778002.2556076,[]
69320,1398778002.262515,[]
69321,1398778002.2996016,[]
69322,1398778002.3395984,[]
69323,1398778002.3396995,[]
69324,1398778002.3796282,[]
69325,1398778002.3876424,[]
69326,1398778002.4276087,[]
69327,1398778002.467582,[]
69328,1398778002.4676092,[]
69329,1398778002.5076265,[]
69330,1398778002.5134993,[]
69331,1398778002.5515685,[]
69332,1398778002.591618,[]
69333,1398778002.5916448,[]
69334,1398778002.6316617,[]
69335,1398778002.639184,[]
69336,1398778002.675643,[]
69337,1398778002.7155907,[]
69338,1398778002.7156212,[]
69339,1398778002.7556524,[]
69340,1398778002.7648923,[]
69341,1398778002.8035462,[]
69342,1398778002.8436472,[]
69343,1398778002.8436959,[]
69344,1398778002.8836133,[]
69345,1398778002.889281,[]
69346,1398778002.9276009,[]
69347,1398778002.9676242,[]
69348,1398778002.9676526,[]
69349,1398778003.0076423,[]
69350,1398778003.0151591,[]
69351,1398778003.0516021,[]
69352,1398778003.0915775,[]
69353,1398778003.0916102,[]
69354,1398778003.1316555,[]
69355,1398778003.1407766,[]
69356,1398778003.179621,[]
69357,1398778003.2195716,[]
69358,1398778003.21961,[]
69359,1398778003.2596347,[]
69360,1398778003.2658827,[]
69361,1398778003.3036933,[]
69362,1398778003.3436532,[]
69363,1398778003.343688,[]
69364,1398778003.383597,[]
69365,1398778003.3910315,[]
69366,1398778003.4276214,[]
69367,1398778003.467584,[]
69368,1398778003.4676344,[]
69369,1398778003.5076754,[]
69370,1398778003.5160732,[]
69371,1398778003.5556533,[]
69372,1398778003.5955665,[]
69373,1398778003.5955973,[]
69374,1398778003.6356332,[]
69375,1398778003.642028,[]
69376,1398778003.6795938,[]
69377,1398778003.7196114,[]
69378,1398778003.7596045,[]
69379,1398778003.7596393,[]
69380,1398778003.799573,[]
69381,1398778003.7996054,[]
69382,1398778003.8395426,[]
69383,1398778003.842529,[]
69384,1398778003.879591,[]
69385,1398778003.9195526,[]
69386,1398778003.919583,[]
69387,1398778003.959723,[]
69388,1398778003.9686167,[]
69389,1398778004.007606,[]
69390,1398778004.0476058,[]
69391,1398778004.0476387,[]
69392,1398778004.0875344,[]
69393,1398778004.0927956,[]
69394,1398778004.1315994,[]
69395,1398778004.1715903,[]
69396,1398778004.1716282,[]
69397,1398778004.2115638,[]
69398,1398778004.2183282,[]
69399,1398778004.2556517,[]
69400,1398778004.2955687,[]
69401,1398778004.2955983,[]
69402,1398778004.3355625,[]
69403,1398778004.3451664,[]
69404,1398778004.3836737,[]
69405,1398778004.423602,[]
69406,1398778004.423632,[]
69407,1398778004.4635894,[]
69408,1398778004.4716656,[]
69409,1398778004.511553,[]
69410,1398778004.551591,[]
69411,1398778004.5516202,[]
69412,1398778004.5915601,[]
69413,1398778004.6037295,[]
69414,1398778004.6436372,[]
69415,1398778004.683567,[]
69416,1398778004.6835995,[]
69417,1398778004.7236006,[]
69418,1398778004.7236335,[]
69419,1398778004.7636561,[]
69420,1398778004.772143,[]
69421,1398778004.8115504,[]
69422,1398778004.8516831,[]
69423,1398778004.8517184,[]
69424,1398778004.891582,[]
69425,1398778004.896406,[]
69426,1398778004.9356327,[]
69427,1398778004.9755716,[]
69428,1398778004.9756103,[]
69429,1398778005.0155928,[]
69430,1398778005.0207574,[]
69431,1398778005.0596268,[]
69432,1398778005.0996187,[]
69433,1398778005.0996487,[]
69434,1398778005.1395957,[]
69435,1398778005.146146,[]
69436,1398778005.1835852,[]
69437,1398778005.2236097,[]
69438,1398778005.223638,[]
69439,1398778005.2636704,[]
69440,1398778005.2711418,[]
69441,1398778005.3075786,[]
69442,1398778005.3476145,[]
69443,1398778005.3476493,[]
69444,1398778005.3876817,[]
69445,1398778005.3965335,[]
69446,1398778005.435588,[]
69447,1398778005.4755998,[]
69448,1398778005.4756289,[]
69449,1398778005.5156453,[]
69450,1398778005.523241,[]
69451,1398778005.5596833,[]
69452,1398778005.5996232,[]
69453,1398778005.599657,[]
69454,1398778005.6395597,[]
69455,1398778005.6481566,[]
69456,1398778005.687568,[]
69457,1398778005.7276192,[]
69458,1398778005.727636,[]
69459,1398778005.7676594,[]
69460,1398778005.7730317,[]
69461,1398778005.8116004,[]
69462,1398778005.8516414,[]
69463,1398778005.8516712,[]
69464,1398778005.8916128,[]
69465,1398778005.8987517,[]
69466,1398778005.9356983,[]
69467,1398778005.9756973,[]
69468,1398778005.975731,[]
69469,1398778006.0155861,[]
69470,1398778006.0230649,[]
69471,1398778006.0596147,[]
69472,1398778006.099586,[]
69473,1398778006.099622,[]
69474,1398778006.139621,[]
69475,1398778006.1490207,[]
69476,1398778006.1875837,[]
69477,1398778006.2276146,[]
69478,1398778006.2276993,[]
69479,1398778006.2676783,[]
69480,1398778006.274757,[]
69481,1398778006.3115795,[]
69482,1398778006.3516529,[]
69483,1398778006.3517148,[]
69484,1398778006.3917177,[]
69485,1398778006.402015,[]
69486,1398778006.4395375,[]
69487,1398778006.4796264,[]
69488,1398778006.4796567,[]
69489,1398778006.5195735,[]
69490,1398778006.5252752,[]
69491,1398778006.5635521,[]
69492,1398778006.6035945,[]
69493,1398778006.603608,[]
69494,1398778006.6436467,[]
69495,1398778006.6517727,[]
69496,1398778006.6915545,[]
69497,1398778006.7316172,[]
69498,1398778006.7316496,[]
69499,1398778006.7716033,[]
69500,1398778006.776273,[]
69501,1398778006.8155823,[]
69502,1398778006.8556385,[]
69503,1398778006.8556743,[]
69504,1398778006.895638,[]
69505,1398778006.901474,[]
69506,1398778006.939628,[]
69507,1398778006.9796245,[]
69508,1398778006.979655,[]
69509,1398778007.0196035,[]
69510,1398778007.0273955,[]
69511,1398778007.0635738,[]
69512,1398778007.103575,[]
69513,1398778007.103603,[]
69514,1398778007.1436543,[]
69515,1398778007.152906,[]
69516,1398778007.1916358,[]
69517,1398778007.2315788,[]
69518,1398778007.2316062,[]
69519,1398778007.2716265,[]
69520,1398778007.2770877,[]
69521,1398778007.315622,[]
69522,1398778007.3555899,[]
69523,1398778007.355618,[]
69524,1398778007.3956158,[]
69525,1398778007.4034078,[]
69526,1398778007.4395754,[]
69527,1398778007.4796474,[]
69528,1398778007.4796782,[]
69529,1398778007.5196385,[]
69530,1398778007.5279226,[]
69531,1398778007.5676386,[]
69532,1398778007.6075532,[]
69533,1398778007.6075833,[]
69534,1398778007.6476386,[]
69535,1398778007.6546457,[]
69536,1398778007.6916063,[]
69537,1398778007.7316716,[]
69538,1398778007.731731,[]
69539,1398778007.7716227,[]
69540,1398778007.7786663,[]
69541,1398778007.815595,[]
69542,1398778007.855585,[]
69543,1398778007.8556204,[]
69544,1398778007.8955598,[]
69545,1398778007.9040945,[]
69546,1398778007.9436016,[]
69547,1398778007.983708,[]
69548,1398778007.9837422,[]
69549,1398778008.0236516,[]
69550,1398778008.0292609,[]
69551,1398778008.0676405,[]
69552,1398778008.1076427,[]
69553,1398778008.1076765,[]
69554,1398778008.147655,[]
69555,1398778008.155903,[]
69556,1398778008.195563,[]
69557,1398778008.2356462,[]
69558,1398778008.2356682,[]
69559,1398778008.275632,[]
69560,1398778008.2799613,[]
69561,1398778008.3196073,[]
69562,1398778008.36363,[]
69563,1398778008.3636613,[]
69564,1398778008.4037402,[]
69565,1398778008.4061258,[]
69566,1398778008.4436257,[]
69567,1398778008.4835277,[]
69568,1398778008.48356,[]
69569,1398778008.5236053,[]
69570,1398778008.53252,[]
69571,1398778008.571639,[]
69572,1398778008.6116142,[]
69573,1398778008.611648,[]
69574,1398778008.6516888,[]
69575,1398778008.6585362,[]
69576,1398778008.6955528,[]
69577,1398778008.7356026,[]
69578,1398778008.7356322,[]
69579,1398778008.7756176,[]
69580,1398778008.7840672,[]
69581,1398778008.823594,[]
69582,1398778008.8636785,[]
69583,1398778008.8637118,[]
69584,1398778008.9036162,[]
69585,1398778008.9091585,[]
69586,1398778008.9476783,[]
69587,1398778008.9875824,[]
69588,1398778008.9876125,[]
69589,1398778009.0276644,[]
69590,1398778009.0344057,[]
69591,1398778009.0716882,[]
69592,1398778009.1116004,[]
69593,1398778009.1116304,[]
69594,1398778009.1516836,[]
69595,1398778009.1585276,[]
69596,1398778009.19558,[]
69597,1398778009.2356198,[]
69598,1398778009.2356489,[]
69599,1398778009.275647,[]
69600,1398778009.2824838,[]
69601,1398778009.3195922,[]
69602,1398778009.3596137,[]
69603,1398778009.359644,[]
69604,1398778009.3996165,[]
69605,1398778009.4081817,[]
69606,1398778009.4476104,[]
69607,1398778009.4875448,[]
69608,1398778009.4875703,[]
69609,1398778009.527646,[]
69610,1398778009.5339801,[]
69611,1398778009.57167,[]
69612,1398778009.6115925,[]
69613,1398778009.6116352,[]
69614,1398778009.651617,[]
69615,1398778009.659389,[]
69616,1398778009.695659,[]
69617,1398778009.7356675,[]
69618,1398778009.7357016,[]
69619,1398778009.7755783,[]
69620,1398778009.7855253,[]
69621,1398778009.823597,[]
69622,1398778009.8636167,[]
69623,1398778009.8636482,[]
69624,1398778009.9035864,[]
69625,1398778009.9095252,[]
69626,1398778009.9476473,[]
69627,1398778009.9875603,[]
69628,1398778009.9875963,[]
69629,1398778010.0276601,[]
69630,1398778010.035511,[]
69631,1398778010.0716684,[]
69632,1398778010.111574,[]
69633,1398778010.1116006,[]
69634,1398778010.151536,[]
69635,1398778010.1603584,[]
69636,1398778010.1995447,[]
69637,1398778010.2396066,[]
69638,1398778010.2396336,[]
69639,1398778010.279621,[]
69640,1398778010.2860072,[]
69641,1398778010.3235497,[]
69642,1398778010.3636382,[]
69643,1398778010.4036672,[]
69644,1398778010.4036975,[]
69645,1398778010.4435868,[]
69646,1398778010.4436142,[]
69647,1398778010.483661,[]
69648,1398778010.486817,[]
69649,1398778010.523569,[]
69650,1398778010.5635998,[]
69651,1398778010.5636306,[]
69652,1398778010.603739,[]
69653,1398778010.611766,[]
69654,1398778010.6516747,[]
69655,1398778010.6915958,[]
69656,1398778010.6916134,[]
69657,1398778010.73165,[]
69658,1398778010.7380672,[]
69659,1398778010.7756052,[]
69660,1398778010.8156145,[]
69661,1398778010.8156462,[]
69662,1398778010.855662,[]
69663,1398778010.8622994,[]
69664,1398778010.8995688,[]
69665,1398778010.9396064,[]
69666,1398778010.9396362,[]
69667,1398778010.979661,[]
69668,1398778010.9883327,[]
69669,1398778011.0275843,[]
69670,1398778011.0676985,[]
69671,1398778011.0677202,[]
69672,1398778011.1077116,[]
69673,1398778011.1129014,[]
69674,1398778011.151602,[]
69675,1398778011.1915646,[]
69676,1398778011.1915898,[]
69677,1398778011.2316287,[]
69678,1398778011.23809,[]
69679,1398778011.275588,[]
69680,1398778011.3156908,[]
69681,1398778011.315723,[]
69682,1398778011.3557181,[]
69683,1398778011.3635213,[]
69684,1398778011.3995774,[]
69685,1398778011.4396029,[]
69686,1398778011.4396398,[]
69687,1398778011.4795842,[]
69688,1398778011.489275,[]
69689,1398778011.5276115,[]
69690,1398778011.5676014,[]
69691,1398778011.5676358,[]
69692,1398778011.6076567,[]
69693,1398778011.6150463,[]
69694,1398778011.6516118,[]
69695,1398778011.6915345,[]
69696,1398778011.6915686,[]
69697,1398778011.7316349,[]
69698,1398778011.739716,[]
69699,1398778011.779606,[]
69700,1398778011.8196273,[]
69701,1398778011.8196638,[]
69702,1398778011.8596463,[]
69703,1398778011.8649359,[]
69704,1398778011.9036067,[]
69705,1398778011.9436297,[]
69706,1398778011.9836874,[]
69707,1398778011.9837205,[]
69708,1398778012.0235393,[]
69709,1398778012.0235555,[]
69710,1398778012.0636003,[]
69711,1398778012.0662377,[]
69712,1398778012.1036215,[]
69713,1398778012.143563,[]
69714,1398778012.1435828,[]
69715,1398778012.1836069,[]
69716,1398778012.190981,[]
69717,1398778012.2275934,[]
69718,1398778012.2676497,[]
69719,1398778012.2676885,[]
69720,1398778012.3076525,[]
69721,1398778012.3165784,[]
69722,1398778012.35568,[]
69723,1398778012.395589,[]
69724,1398778012.3956132,[]
69725,1398778012.4356623,[]
69726,1398778012.443027,[]
69727,1398778012.479594,[]
69728,1398778012.519559,[]
69729,1398778012.5195847,[]
69730,1398778012.559662,[]
69731,1398778012.567331,[]
69732,1398778012.6036322,[]
69733,1398778012.6435847,[]
69734,1398778012.683567,[]
69735,1398778012.6835983,[]
69736,1398778012.7236266,[]
69737,1398778012.7236588,[]
69738,1398778012.7636552,[]
69739,1398778012.7695565,[]
69740,1398778012.8075943,[]
69741,1398778012.8476348,[]
69742,1398778012.8476577,[]
69743,1398778012.8876472,[]
69744,1398778012.8956215,[]
69745,1398778012.9355752,[]
69746,1398778012.9755483,[]
69747,1398778012.9755704,[]
69748,1398778013.0156405,[]
69749,1398778013.0209148,[]
69750,1398778013.0597165,[]
69751,1398778013.0996037,[]
69752,1398778013.099634,[]
69753,1398778013.1396089,[]
69754,1398778013.145839,[]
69755,1398778013.1835756,[]
69756,1398778013.2235394,[]
69757,1398778013.2235625,[]
69758,1398778013.2636123,[]
69759,1398778013.2699745,[]
69760,1398778013.307633,[]
69761,1398778013.3475885,[]
69762,1398778013.3476617,[]
69763,1398778013.387767,[]
69764,1398778013.3947947,[]
69765,1398778013.4315631,[]
69766,1398778013.471495,[]
69767,1398778013.4715047,[]
69768,1398778013.5115328,[]
69769,1398778013.5196245,[]
69770,1398778013.559539,[]
69771,1398778013.5995984,[]
69772,1398778013.5996192,[]
69773,1398778013.6395578,[]
69774,1398778013.6455262,[]
69775,1398778013.6835456,[]
69776,1398778013.723648,[]
69777,1398778013.723666,[]
69778,1398778013.763561,[]
69779,1398778013.770629,[]
69780,1398778013.807608,[]
69781,1398778013.8476644,[]
69782,1398778013.8476899,[]
69783,1398778013.8875694,[]
69784,1398778013.8954027,[]
69785,1398778013.9355836,[]
69786,1398778013.97552,[]
69787,1398778013.9755385,[]
69788,1398778014.0155666,[]
69789,1398778014.0210295,[]
69790,1398778014.059592,[]
69791,1398778014.0995479,[]
69792,1398778014.099573,[]
69793,1398778014.1395757,[]
69794,1398778014.1467156,[]
69795,1398778014.1836462,[]
69796,1398778014.2235289,[]
69797,1398778014.2235456,[]
69798,1398778014.2635267,[]
69799,1398778014.2717807,[]
69800,1398778014.3114984,[]
69801,1398778014.3516011,[]
69802,1398778014.3516252,[]
69803,1398778014.3916554,[]
69804,1398778014.3986547,[]
69805,1398778014.4355555,[]
69806,1398778014.4755626,[]
69807,1398778014.4755967,[]
69808,1398778014.515614,[]
69809,1398778014.5237813,[]
69810,1398778014.5636163,[]
69811,1398778014.6036031,[]
69812,1398778014.6036315,[]
69813,1398778014.6436741,[]
69814,1398778014.6489096,[]
69815,1398778014.6875958,[]
69816,1398778014.7276134,[]
69817,1398778014.7276437,[]
69818,1398778014.7675724,[]
69819,1398778014.7737582,[]
69820,1398778014.8115864,[]
69821,1398778014.8516145,[]
69822,1398778014.851649,[]
69823,1398778014.8915925,[]
69824,1398778014.898393,[]
69825,1398778014.9355423,[]
69826,1398778014.975536,[]
69827,1398778014.975573,[]
69828,1398778015.0156062,[]
69829,1398778015.0239346,[]
69830,1398778015.063613,[]
69831,1398778015.1036007,[]
69832,1398778015.103632,[]
69833,1398778015.143587,[]
69834,1398778015.1497762,[]
69835,1398778015.1875997,[]
69836,1398778015.2275672,[]
69837,1398778015.2275991,[]
69838,1398778015.2676015,[]
69839,1398778015.2757883,[]
69840,1398778015.3156202,[]
69841,1398778015.3556194,[]
69842,1398778015.3556564,[]
69843,1398778015.3956196,[]
69844,1398778015.4000542,[]
69845,1398778015.439583,[]
69846,1398778015.4796093,[]
69847,1398778015.4796376,[]
69848,1398778015.5196674,[]
69849,1398778015.5259445,[]
69850,1398778015.5635734,[]
69851,1398778015.6036015,[]
69852,1398778015.60363,[]
69853,1398778015.6436853,[]
69854,1398778015.651746,[]
69855,1398778015.6916373,[]
69856,1398778015.7316267,[]
69857,1398778015.7317257,[]
69858,1398778015.7716746,[]
69859,1398778015.7768815,[]
69860,1398778015.815553,[]
69861,1398778015.8556075,[]
69862,1398778015.8556516,[]
69863,1398778015.8956168,[]
69864,1398778015.902397,[]
69865,1398778015.9396012,[]
69866,1398778015.9796374,[]
69867,1398778015.979669,[]
69868,1398778016.0195844,[]
69869,1398778016.0283818,[]
69870,1398778016.067607,[]
69871,1398778016.1075592,[]
69872,1398778016.1075861,[]
69873,1398778016.1476555,[]
69874,1398778016.1527946,[]
69875,1398778016.1917143,[]
69876,1398778016.2315452,[]
69877,1398778016.231577,[]
69878,1398778016.2715774,[]
69879,1398778016.277861,[]
69880,1398778016.3156688,[]
69881,1398778016.355561,[]
69882,1398778016.3555944,[]
69883,1398778016.3956444,[]
69884,1398778016.4034996,[]
69885,1398778016.4395926,[]
69886,1398778016.479563,[]
69887,1398778016.4795928,[]
69888,1398778016.5196354,[]
69889,1398778016.5285609,[]
69890,1398778016.5675683,[]
69891,1398778016.6076016,[]
69892,1398778016.6476543,[]
69893,1398778016.6476884,[]
69894,1398778016.6875987,[]
69895,1398778016.6876297,[]
69896,1398778016.7275665,[]
69897,1398778016.7288322,[]
69898,1398778016.767593,[]
69899,1398778016.8075447,[]
69900,1398778016.807571,[]
69901,1398778016.847751,[]
69902,1398778016.8559363,[]
69903,1398778016.895611,[]
69904,1398778016.9356248,[]
69905,1398778016.9356527,[]
69906,1398778016.9756746,[]
69907,1398778016.9821875,[]
69908,1398778017.0195792,[]
69909,1398778017.0596063,[]
69910,1398778017.059633,[]
69911,1398778017.0997617,[]
69912,1398778017.1076157,[]
69913,1398778017.147682,[]
69914,1398778017.1876688,[]
69915,1398778017.187783,[]
69916,1398778017.2275865,[]
69917,1398778017.2327816,[]
69918,1398778017.2715611,[]
69919,1398778017.3116035,[]
69920,1398778017.3116336,[]
69921,1398778017.351614,[]
69922,1398778017.3571317,[]
69923,1398778017.395562,[]
69924,1398778017.4355958,[]
69925,1398778017.435626,[]
69926,1398778017.47562,[]
69927,1398778017.481672,[]
69928,1398778017.5195508,[]
69929,1398778017.5595412,[]
69930,1398778017.5595598,[]
69931,1398778017.5995274,[]
69932,1398778017.6065981,[]
69933,1398778017.643616,[]
69934,1398778017.6836543,[]
69935,1398778017.683692,[]
69936,1398778017.7275965,[]
69937,1398778017.7315404,[]
69938,1398778017.767564,[]
69939,1398778017.8075025,[]
69940,1398778017.8075187,[]
69941,1398778017.8475695,[]
69942,1398778017.8573744,[]
69943,1398778017.8955345,[]
69944,1398778017.9355931,[]
69945,1398778017.9356117,[]
69946,1398778017.975677,[]
69947,1398778017.982388,[]
69948,1398778018.0195386,[]
69949,1398778018.059528,[]
69950,1398778018.059548,[]
69951,1398778018.099544,[]
69952,1398778018.107539,[]
69953,1398778018.1481638,[]
69954,1398778018.1875963,[]
69955,1398778018.1876316,[]
69956,1398778018.2275786,[]
69957,1398778018.2337856,[]
69958,1398778018.2716093,[]
69959,1398778018.3115675,[]
69960,1398778018.3115935,[]
69961,1398778018.3515937,[]
69962,1398778018.3583522,[]
69963,1398778018.3956165,[]
69964,1398778018.4355552,[]
69965,1398778018.435588,[]
69966,1398778018.4755895,[]
69967,1398778018.4841366,[]
69968,1398778018.5235646,[]
69969,1398778018.563611,[]
69970,1398778018.5636396,[]
69971,1398778018.6035972,[]
69972,1398778018.6089666,[]
69973,1398778018.6475532,[]
69974,1398778018.6876054,[]
69975,1398778018.6876333,[]
69976,1398778018.7276418,[]
69977,1398778018.7351704,[]
69978,1398778018.771608,[]
69979,1398778018.8115716,[]
69980,1398778018.8116078,[]
69981,1398778018.8515623,[]
69982,1398778018.8605356,[]
69983,1398778018.8995602,[]
69984,1398778018.9396114,[]
69985,1398778018.9396405,[]
69986,1398778018.979586,[]
69987,1398778018.9854906,[]
69988,1398778019.0235517,[]
69989,1398778019.0637112,[]
69990,1398778019.063738,[]
69991,1398778019.103557,[]
69992,1398778019.1112614,[]
69993,1398778019.1475866,[]
69994,1398778019.1875856,[]
69995,1398778019.187617,[]
69996,1398778019.2276127,[]
69997,1398778019.2374115,[]
69998,1398778019.2755888,[]
69999,1398778019.3156273,[]
70000,1398778019.3157248,[]
70001,1398778019.3556848,[]
70002,1398778019.362297,[]
70003,1398778019.399535,[]
70004,1398778019.439582,[]
70005,1398778019.4396105,[]
70006,1398778019.479641,[]
70007,1398778019.48718,[]
70008,1398778019.5236065,[]
70009,1398778019.5636094,[]
70010,1398778019.5636404,[]
70011,1398778019.6036584,[]
70012,1398778019.6126943,[]
70013,1398778019.6516144,[]
70014,1398778019.6916018,[]
70015,1398778019.69163,[]
70016,1398778019.7316556,[]
70017,1398778019.738743,[]
70018,1398778019.7756557,[]
70019,1398778019.8156013,[]
70020,1398778019.8156345,[]
70021,1398778019.855617,[]
70022,1398778019.863302,[]
70023,1398778019.8996139,[]
70024,1398776270.7776115,[]
70025,1398776270.8029335,[]
70026,1398776270.8288727,[]
70027,1398776270.853967,[]
70028,1398776270.8775458,[]
70029,1398776270.9026413,[]
70030,1398776270.9282699,[]
70031,1398776270.9526498,[]
70032,1398776270.9778225,[]
70033,1398776271.0024018,[]
70034,1398776271.039564,[]
70035,1398776271.079662,[]
70036,1398776271.0796807,[]
70037,1398776271.1196454,[]
70038,1398776271.127785,[]
70039,1398776271.1675417,[]
70040,1398776271.2076812,[]
70041,1398776271.20771,[]
70042,1398776271.2476192,[]
70043,1398776271.25127,[]
70044,1398776271.287646,[]
70045,1398776271.3276637,[]
70046,1398776271.3277016,[]
70047,1398776271.3676262,[]
70048,1398776271.3755372,[]
70049,1398776271.411653,[]
70050,1398776271.4516654,[]
70051,1398776271.4516983,[]
70052,1398776271.4915907,[]
70053,1398776271.5002913,[]
70054,1398776271.5396469,[]
70055,1398776271.5795188,[]
70056,1398776271.5795455,[]
70057,1398776271.6196024,[]
70058,1398776271.62427,[]
70059,1398776271.6636496,[]
70060,1398776271.703613,[]
70061,1398776271.7036467,[]
