wall_time,elapsed_s,clients,scans_total,scans_in_window,scan_rate_hz,drspaam_fps,inference_ms_mean,inference_ms_p95,inference_ms_max,predict_ms_mean,predict_ms_p95,predict_ms_max,grpc_service_ms_mean,grpc_service_ms_p95,grpc_service_ms_max,grpc_wire_ms_mean,grpc_wire_ms_p95,gpu_util_percent,drspaam_gpu_duty_percent,gpu_mem_util_percent,gpu_mem_used_mb,gpu_mem_total_mb,gpu_proc_mem_mb,torch_alloc_mb,torch_reserved_mb,torch_peak_mb,gpu_power_w,gpu_temp_c,gpu_sm_clock_mhz,cpu_percent_system,cpu_percent_process,proc_threads,ram_used_mb,ram_total_mb,ram_percent,proc_rss_mb,swap_used_mb,swap_total_mb,swap_percent
2026-08-30T21:37:15.333,1.013,2,0,0,0.0,,,,,,,,,,,,,0.0,,0.0,476.9,4096.0,132.0,26.5,56.0,38.8,13.3,74.0,1575.0,6.1,34.5,86,9791.9,15708.2,62.3,919.2,624.9,4352.0,14.4
2026-08-30T21:37:16.332,2.013,2,0,0,0.0,,,,,,,,,,,,,14.0,,8.0,608.9,4096.0,264.0,140.9,178.0,819.0,16.27,74.0,1575.0,11.0,104.1,86,9961.3,15708.2,63.4,1092.3,624.9,4352.0,14.4
2026-08-30T21:37:17.332,3.013,2,1,1,1.0,0.69,1442.123,1442.123,1442.123,1424.755,1424.755,1424.755,,,,,,18.0,144.2,12.0,524.9,4096.0,180.0,32.7,84.0,819.0,15.23,74.0,1575.0,12.4,134.9,93,10100.6,15708.2,64.3,1236.6,624.9,4352.0,14.4
2026-08-30T21:37:18.332,4.013,2,30,29,29.0,15.98,62.562,75.165,1080.742,54.1,66.503,1069.239,,,,,,60.0,181.43,54.0,552.9,4096.0,208.0,31.6,104.0,828.7,23.31,76.0,1717.0,12.3,104.0,93,10105.9,15708.2,64.3,1243.9,624.9,4352.0,14.4
2026-08-30T21:37:19.333,5.014,2,73,43,42.96,44.39,22.525,23.753,24.384,14.651,14.737,14.78,,,,,,61.0,96.76,55.0,552.9,4096.0,208.0,31.6,104.0,828.7,31.24,77.0,1717.0,16.0,105.9,93,10106.7,15708.2,64.3,1244.0,624.9,4352.0,14.4
2026-08-30T21:37:20.332,6.013,2,112,39,39.04,43.79,22.835,24.337,25.041,14.709,14.841,14.939,,,,,,54.0,89.15,49.0,552.9,4096.0,208.0,30.7,104.0,828.7,30.85,77.0,1717.0,18.5,96.1,93,10123.7,15708.2,64.4,1244.2,624.9,4352.0,14.4
2026-08-30T21:37:21.332,7.013,2,132,20,20.0,44.87,22.284,22.866,23.728,14.681,14.753,14.932,,,,,,20.0,44.56,17.0,552.9,4096.0,208.0,30.7,104.0,828.7,22.99,76.0,1717.0,11.0,51.0,93,10146.4,15708.2,64.6,1244.2,624.9,4352.0,14.4
2026-08-30T21:37:22.332,8.013,2,151,19,19.0,44.69,22.377,22.923,23.012,14.852,15.322,15.345,,,,,,30.0,42.52,25.0,552.9,4096.0,208.0,30.7,104.0,828.7,22.15,76.0,1575.0,7.5,52.0,93,10137.2,15708.2,64.5,1244.3,624.9,4352.0,14.4
2026-08-30T21:37:23.332,9.013,2,171,20,20.0,43.8,22.83,23.893,24.185,15.247,15.38,15.566,,,,,,31.0,45.66,27.0,552.9,4096.0,208.0,31.6,104.0,828.7,19.82,76.0,1575.0,7.0,52.0,93,10109.3,15708.2,64.4,1244.3,624.9,4352.0,14.4
2026-08-30T21:37:24.334,10.014,2,191,20,19.97,43.83,22.818,23.45,23.77,15.264,15.408,15.446,,,,,,29.0,45.57,24.0,552.9,4096.0,208.0,56.4,104.0,828.7,19.85,76.0,1575.0,7.5,51.9,93,10119.0,15708.2,64.4,1244.3,624.9,4352.0,14.4
2026-08-30T21:37:25.332,11.013,2,210,19,19.03,42.84,23.344,25.338,26.466,15.387,15.626,17.588,,,,,,30.0,44.42,25.0,552.9,4096.0,208.0,31.6,104.0,828.7,19.92,75.0,1575.0,12.9,51.1,93,10106.5,15708.2,64.3,1244.3,624.9,4352.0,14.4
2026-08-30T21:37:26.332,12.013,2,230,20,20.0,43.75,22.857,24.06,25.428,15.236,15.35,15.368,,,,,,30.0,45.71,25.0,552.9,4096.0,208.0,31.6,104.0,828.7,19.97,76.0,1575.0,7.1,52.0,93,10104.9,15708.2,64.3,1244.3,624.9,4352.0,14.4
2026-08-30T21:37:27.332,13.013,2,250,20,20.0,43.27,23.113,24.961,25.538,15.287,15.41,15.421,,,,,,30.0,46.22,25.0,552.9,4096.0,208.0,30.7,104.0,828.7,19.98,76.0,1575.0,7.3,52.0,93,10105.9,15708.2,64.3,1244.4,624.9,4352.0,14.4
2026-08-30T21:37:28.332,14.013,2,270,20,20.0,42.41,23.577,24.856,26.091,15.291,15.38,15.526,,,,,,30.0,47.16,25.0,552.9,4096.0,208.0,30.7,104.0,828.7,19.98,76.0,1575.0,8.6,53.9,93,10094.4,15708.2,64.3,1244.4,624.9,4352.0,14.4
2026-08-30T21:37:29.333,15.014,2,290,20,19.98,43.09,23.206,24.326,25.868,15.275,15.461,15.531,,,,,,30.0,46.37,25.0,552.9,4096.0,208.0,30.7,104.0,828.7,19.98,76.0,1575.0,8.8,52.0,93,10091.1,15708.2,64.2,1244.4,624.9,4352.0,14.4
2026-08-30T21:37:30.332,16.013,2,310,20,20.02,43.27,23.113,24.09,24.782,15.301,15.464,15.495,,,,,,14.0,46.28,12.0,552.9,4096.0,208.0,30.7,104.0,828.7,19.64,76.0,1575.0,8.3,53.1,93,10082.0,15708.2,64.2,1244.5,624.9,4352.0,14.4
2026-08-30T21:37:31.332,17.013,2,330,20,20.0,43.41,23.038,23.788,23.89,15.283,15.5,15.547,,,,,,30.0,46.07,25.0,552.9,4096.0,208.0,30.7,104.0,828.7,19.98,76.0,1575.0,8.0,52.0,93,10082.1,15708.2,64.2,1244.5,624.9,4352.0,14.4
2026-08-30T21:37:32.332,18.013,2,350,20,20.0,43.36,23.063,24.015,24.036,15.311,15.435,15.455,,,,,,30.0,46.13,26.0,552.9,4096.0,208.0,30.7,104.0,828.7,19.95,76.0,1575.0,7.3,53.0,93,10083.0,15708.2,64.2,1244.5,624.9,4352.0,14.4
2026-08-30T21:37:33.332,19.013,2,370,20,20.0,43.23,23.133,24.521,25.048,15.3,15.472,15.505,,,,,,16.0,46.27,13.0,552.9,4096.0,208.0,30.7,104.0,828.7,19.52,76.0,1575.0,8.5,53.0,93,10048.9,15708.2,64.0,1244.5,624.9,4352.0,14.4
2026-08-30T21:37:34.333,20.014,2,390,20,19.98,43.47,23.007,23.912,24.748,15.333,15.561,15.604,,,,,,30.0,45.97,25.0,552.9,4096.0,208.0,30.7,104.0,828.7,19.94,76.0,1575.0,8.5,53.9,93,10043.6,15708.2,63.9,1244.6,624.9,4352.0,14.4
2026-08-30T21:37:35.332,21.013,2,409,19,19.02,43.27,23.109,24.896,25.172,15.312,15.461,15.587,,,,,,29.0,43.95,25.0,552.9,4096.0,208.0,31.6,104.0,828.7,19.95,76.0,1575.0,8.9,53.1,93,10033.8,15708.2,63.9,1244.6,624.9,4352.0,14.4
2026-08-30T21:37:36.332,22.013,2,429,20,20.0,43.45,23.013,24.205,24.848,15.265,15.361,15.383,,,,,,29.0,46.03,25.0,552.9,4096.0,208.0,31.6,104.0,828.7,19.8,76.0,1575.0,9.2,52.0,93,10040.2,15708.2,63.9,1244.6,624.9,4352.0,14.4
2026-08-30T21:37:37.332,23.013,2,449,20,20.0,43.64,22.914,24.112,25.01,15.295,15.512,15.575,,,,,,30.0,45.83,25.0,552.9,4096.0,208.0,30.7,104.0,828.7,19.97,76.0,1575.0,8.5,54.0,93,10035.4,15708.2,63.9,1244.6,624.9,4352.0,14.4
2026-08-30T21:37:38.332,24.013,2,468,19,19.0,43.34,23.076,24.628,27.339,15.271,15.414,15.552,,,,,,30.0,43.84,25.0,552.9,4096.0,208.0,31.6,104.0,828.7,20.01,76.0,1575.0,8.3,52.0,93,10024.9,15708.2,63.8,1244.6,624.9,4352.0,14.4
2026-08-30T21:37:39.333,25.014,2,488,20,19.98,43.26,23.118,24.613,25.386,15.245,15.353,15.382,,,,,,30.0,46.19,25.0,552.9,4096.0,208.0,31.6,104.0,828.7,20.0,76.0,1575.0,8.9,52.9,93,10027.6,15708.2,63.8,1244.6,624.9,4352.0,14.4
2026-08-30T21:37:40.332,26.013,2,508,20,20.02,43.78,22.84,23.757,24.645,15.295,15.463,15.464,,,,,,30.0,45.73,25.0,552.9,4096.0,208.0,30.7,104.0,828.7,20.01,76.0,1575.0,8.1,51.0,93,10034.0,15708.2,63.9,1244.6,624.9,4352.0,14.4
2026-08-30T21:37:41.332,27.013,2,528,20,20.0,43.41,23.036,24.345,25.641,15.275,15.4,15.437,,,,,,30.0,46.07,25.0,552.9,4096.0,208.0,30.7,104.0,828.7,20.02,76.0,1575.0,8.4,53.0,93,10032.3,15708.2,63.9,1244.6,624.9,4352.0,14.4
2026-08-30T21:37:42.332,28.013,2,548,20,20.0,43.02,23.244,24.716,25.002,15.296,15.501,15.569,,,,,,15.0,46.49,13.0,552.9,4096.0,208.0,30.7,104.0,828.7,19.73,76.0,1575.0,8.1,53.0,93,10032.5,15708.2,63.9,1244.6,624.9,4352.0,14.4
2026-08-30T21:37:43.332,29.013,2,568,20,20.0,42.72,23.409,25.551,25.938,15.249,15.337,15.346,,,,,,30.0,46.82,25.0,552.9,4096.0,208.0,30.7,104.0,828.7,20.03,76.0,1575.0,8.7,55.0,93,10029.4,15708.2,63.8,1244.7,624.9,4352.0,14.4
2026-08-30T21:37:44.334,30.015,2,588,20,19.96,42.89,23.313,24.736,25.386,15.26,15.446,15.449,,,,,,29.0,46.53,25.0,552.9,4096.0,208.0,30.7,104.0,828.7,19.98,76.0,1575.0,7.8,54.8,93,10011.8,15708.2,63.7,1244.7,624.9,4352.0,14.4
2026-08-30T21:37:45.332,31.013,2,608,20,20.04,43.49,22.993,23.761,23.967,15.255,15.357,15.396,,,,,,11.0,46.08,9.0,552.9,4096.0,208.0,30.7,104.0,828.7,19.53,76.0,1575.0,7.9,54.1,93,10017.3,15708.2,63.8,1244.7,624.9,4352.0,14.4
2026-08-30T21:37:46.332,32.013,2,628,20,20.0,43.53,22.97,24.303,24.527,15.251,15.409,15.449,,,,,,30.0,45.94,25.0,552.9,4096.0,208.0,30.7,104.0,828.7,19.92,76.0,1575.0,7.7,53.0,93,10017.6,15708.2,63.8,1244.7,624.9,4352.0,14.4
2026-08-30T21:37:47.333,33.013,2,647,19,19.0,41.88,23.878,25.625,26.083,15.279,15.421,15.471,,,,,,28.0,45.36,24.0,552.9,4096.0,208.0,30.7,104.0,828.7,19.96,76.0,1575.0,9.0,55.9,93,10018.5,15708.2,63.8,1244.7,624.9,4352.0,14.4
2026-08-30T21:37:48.332,34.013,2,667,20,20.0,42.46,23.553,25.358,25.384,15.252,15.358,15.398,,,,,,27.0,47.11,23.0,552.9,4096.0,208.0,31.6,104.0,828.7,19.85,76.0,1575.0,9.1,56.1,93,10011.4,15708.2,63.7,1244.7,624.9,4352.0,14.4
2026-08-30T21:37:49.334,35.014,2,687,20,19.97,42.93,23.294,24.742,25.636,15.248,15.316,15.351,,,,,,30.0,46.52,25.0,552.9,4096.0,208.0,64.6,104.0,828.7,19.96,76.0,1575.0,9.3,53.9,93,10007.2,15708.2,63.7,1244.7,624.9,4352.0,14.4
2026-08-30T21:37:50.334,36.013,2,707,20,20.02,42.77,23.38,24.513,25.128,15.263,15.382,15.469,,,,,,30.0,46.82,25.0,552.9,4096.0,208.0,30.7,104.0,828.7,20.05,76.0,1575.0,8.4,53.0,93,10012.0,15708.2,63.7,1244.7,624.9,4352.0,14.4
2026-08-30T21:37:51.332,37.013,2,726,19,19.0,41.36,24.181,25.958,26.91,15.278,15.363,15.373,,,,,,30.0,45.95,25.0,552.9,4096.0,208.0,31.6,104.0,828.7,20.05,76.0,1575.0,8.9,55.1,93,10020.2,15708.2,63.8,1244.7,624.9,4352.0,14.4
2026-08-30T21:37:52.332,38.013,2,746,20,20.0,41.02,24.378,25.936,26.489,15.255,15.367,15.373,,,,,,30.0,48.76,25.0,552.9,4096.0,208.0,30.8,104.0,828.7,20.06,76.0,1575.0,7.6,57.0,93,10018.5,15708.2,63.8,1244.7,624.9,4352.0,14.4
2026-08-30T21:37:53.332,39.013,2,766,20,20.0,40.29,24.822,26.961,26.961,15.283,15.369,15.372,,,,,,30.0,49.64,25.0,552.9,4096.0,208.0,30.7,104.0,828.7,20.06,76.0,1575.0,8.2,55.0,93,10012.2,15708.2,63.7,1244.7,624.9,4352.0,14.4
2026-08-30T21:37:54.333,40.014,2,786,20,19.98,40.98,24.402,26.119,26.303,15.238,15.349,15.376,,,,,,15.0,48.76,13.0,552.9,4096.0,208.0,30.7,104.0,828.7,19.76,76.0,1575.0,7.7,56.9,93,10012.1,15708.2,63.7,1244.7,624.9,4352.0,14.4
2026-08-30T21:37:55.332,41.013,2,806,20,20.02,40.68,24.583,26.244,26.261,15.308,15.399,15.724,,,,,,30.0,49.21,25.0,552.9,4096.0,208.0,30.7,104.0,828.7,20.06,76.0,1575.0,8.9,58.0,93,10022.2,15708.2,63.8,1244.7,624.9,4352.0,14.4
2026-08-30T21:37:56.332,42.013,2,826,20,20.0,42.08,23.764,25.634,25.959,15.291,15.398,15.442,,,,,,29.0,47.53,25.0,552.9,4096.0,208.0,30.7,104.0,828.7,19.98,77.0,1575.0,9.2,56.0,93,10019.9,15708.2,63.8,1244.7,624.9,4352.0,14.4
2026-08-30T21:37:57.332,43.013,2,846,20,20.0,42.42,23.572,24.838,25.261,15.297,15.49,15.494,,,,,,9.0,47.15,7.0,552.9,4096.0,208.0,30.7,104.0,828.7,19.55,76.0,1575.0,9.1,55.0,93,10018.3,15708.2,63.8,1244.7,624.9,4352.0,14.4
2026-08-30T21:37:58.332,44.013,2,866,20,20.0,42.11,23.745,25.428,25.616,15.3,15.537,15.606,,,,,,30.0,47.49,25.0,552.9,4096.0,208.0,30.7,104.0,828.7,19.98,77.0,1575.0,9.4,55.0,93,10008.3,15708.2,63.7,1244.8,624.9,4352.0,14.4
2026-08-30T21:37:59.335,45.015,2,886,20,19.95,40.48,24.701,26.238,26.403,15.317,15.462,15.519,,,,,,27.0,49.28,23.0,552.9,4096.0,208.0,30.7,104.0,828.7,19.96,76.0,1575.0,9.6,57.9,93,10005.3,15708.2,63.7,1244.8,624.9,4352.0,14.4
2026-08-30T21:38:00.332,46.013,2,905,19,19.05,42.8,23.365,24.799,24.86,15.294,15.406,15.634,,,,,,25.0,44.5,20.0,552.9,4096.0,208.0,31.6,104.0,828.7,19.84,76.0,1575.0,9.0,54.1,93,10014.6,15708.2,63.8,1244.8,624.9,4352.0,14.4
2026-08-30T21:38:01.332,47.013,2,925,20,20.0,42.9,23.312,24.533,26.914,15.257,15.348,15.399,,,,,,30.0,46.62,25.0,552.9,4096.0,208.0,31.6,104.0,828.7,20.01,76.0,1575.0,8.8,54.0,93,10014.9,15708.2,63.8,1244.8,624.9,4352.0,14.4
2026-08-30T21:38:02.332,48.013,2,945,20,20.0,43.4,23.042,23.965,24.461,15.261,15.403,15.41,,,,,,30.0,46.09,25.0,552.9,4096.0,208.0,30.8,104.0,828.7,20.09,76.0,1575.0,8.6,52.0,93,10010.3,15708.2,63.7,1244.8,624.9,4352.0,14.4
2026-08-30T21:38:03.332,49.013,2,964,19,19.0,43.55,22.961,24.001,25.485,15.282,15.483,15.533,,,,,,30.0,43.63,25.0,552.9,4096.0,208.0,31.6,104.0,828.7,20.1,76.0,1575.0,8.5,51.0,93,10003.0,15708.2,63.7,1244.8,624.9,4352.0,14.4
2026-08-30T21:38:04.333,50.014,2,984,20,19.98,43.72,22.874,24.218,24.827,15.323,15.434,16.628,,,,,,30.0,45.69,25.0,552.9,4096.0,208.0,31.6,104.0,828.7,20.09,76.0,1575.0,8.9,51.9,93,10011.9,15708.2,63.7,1244.8,624.9,4352.0,14.4
2026-08-30T21:38:05.332,51.013,2,1004,20,20.02,43.38,23.052,23.774,23.833,15.252,15.366,15.403,,,,,,30.0,46.16,25.0,552.9,4096.0,208.0,30.7,104.0,828.7,20.1,76.0,1575.0,7.7,51.0,93,10020.7,15708.2,63.8,1244.8,624.9,4352.0,14.4
2026-08-30T21:38:06.332,52.013,2,1024,20,20.0,43.63,22.919,23.77,25.517,15.257,15.358,15.375,,,,,,15.0,45.84,13.0,552.9,4096.0,208.0,30.7,104.0,828.7,19.81,77.0,1575.0,7.4,52.0,93,10026.2,15708.2,63.8,1244.8,624.9,4352.0,14.4
2026-08-30T21:38:07.332,53.013,2,1044,20,20.0,43.41,23.034,23.657,23.674,15.246,15.377,15.383,,,,,,30.0,46.07,25.0,552.9,4096.0,208.0,30.7,104.0,828.7,20.43,76.0,1575.0,7.4,53.0,93,10023.0,15708.2,63.8,1244.8,624.9,4352.0,14.4
2026-08-30T21:38:08.332,54.013,2,1064,20,20.0,43.51,22.981,23.476,24.0,15.278,15.409,15.413,,,,,,30.0,45.96,26.0,552.9,4096.0,208.0,30.7,104.0,828.7,20.06,77.0,1575.0,8.8,52.0,93,10015.6,15708.2,63.8,1244.8,624.9,4352.0,14.4
2026-08-30T21:38:09.333,55.014,2,1084,20,19.98,43.35,23.068,23.488,23.726,15.289,15.425,15.57,,,,,,10.0,46.09,8.0,552.9,4096.0,208.0,30.7,104.0,828.7,19.6,76.0,1575.0,8.5,52.0,93,10015.2,15708.2,63.8,1244.8,624.9,4352.0,14.4
2026-08-30T21:38:10.332,56.013,2,1104,20,20.02,43.14,23.178,24.23,24.327,15.277,15.349,15.408,,,,,,30.0,46.41,25.0,552.9,4096.0,208.0,30.7,104.0,828.7,20.04,77.0,1575.0,8.6,52.1,93,10016.8,15708.2,63.8,1244.8,624.9,4352.0,14.4
2026-08-30T21:38:11.332,57.013,2,1124,20,20.0,43.04,23.232,23.992,24.235,15.273,15.414,15.484,,,,,,29.0,46.47,25.0,552.9,4096.0,208.0,30.7,104.0,828.7,20.02,77.0,1575.0,8.5,55.0,93,10015.9,15708.2,63.8,1244.8,624.9,4352.0,14.4
2026-08-30T21:38:12.332,58.013,2,1143,19,19.0,42.84,23.345,24.451,24.751,15.268,15.384,15.432,,,,,,26.0,44.35,22.0,552.9,4096.0,208.0,31.6,104.0,828.7,19.89,76.0,1575.0,8.4,54.0,93,10023.7,15708.2,63.8,1244.8,624.9,4352.0,14.4
2026-08-30T21:38:13.332,59.013,2,1163,20,20.0,40.21,24.867,28.548,28.693,15.293,15.543,15.545,,,,,,30.0,49.73,25.0,552.9,4096.0,208.0,31.6,104.0,828.7,20.07,77.0,1575.0,14.3,57.0,93,10005.5,15708.2,63.7,1244.8,624.9,4352.0,14.4
2026-08-30T21:38:14.334,60.014,2,1183,20,19.97,41.9,23.865,25.716,25.802,15.263,15.361,15.428,,,,,,30.0,47.66,25.0,552.9,4096.0,208.0,37.7,104.0,828.7,20.12,76.0,1575.0,9.1,55.9,93,10006.5,15708.2,63.7,1244.8,624.9,4352.0,14.4
2026-08-30T21:38:15.334,61.015,2,1203,20,20.0,42.85,23.335,24.553,24.592,15.284,15.435,15.779,,,,,,30.0,46.66,25.0,552.9,4096.0,208.0,30.7,104.0,828.7,20.13,76.0,1575.0,8.6,54.0,93,10011.1,15708.2,63.7,1244.8,624.9,4352.0,14.4
2026-08-30T21:38:16.332,62.013,2,1222,19,19.03,42.52,23.518,24.992,27.396,15.253,15.317,15.319,,,,,,30.0,44.76,25.0,552.9,4096.0,208.0,31.6,104.0,828.7,20.12,76.0,1575.0,8.5,53.1,93,10015.5,15708.2,63.8,1244.8,624.9,4352.0,14.4
2026-08-30T21:38:17.332,63.013,2,1242,20,20.0,41.22,24.26,25.61,25.725,15.222,15.324,15.361,,,,,,30.0,48.52,25.0,552.9,4096.0,208.0,30.7,104.0,828.7,20.12,76.0,1575.0,7.3,56.0,93,10013.7,15708.2,63.7,1244.8,624.9,4352.0,14.4
2026-08-30T21:38:18.332,64.013,2,1262,20,20.0,41.53,24.077,25.457,25.578,15.261,15.358,15.4,,,,,,13.0,48.15,12.0,552.9,4096.0,208.0,30.7,104.0,828.7,19.78,77.0,1575.0,8.3,55.0,93,10002.1,15708.2,63.7,1244.8,624.9,4352.0,14.4
2026-08-30T21:38:19.333,65.014,2,1282,20,19.98,41.08,24.344,26.015,26.186,15.304,15.431,15.552,,,,,,31.0,48.63,26.0,552.9,4096.0,208.0,30.7,104.0,828.7,20.52,77.0,1575.0,10.2,55.9,93,9995.5,15708.2,63.6,1244.9,624.9,4352.0,14.4
2026-08-30T21:38:20.332,66.013,2,1302,20,20.02,39.61,25.246,29.461,29.891,15.36,15.588,15.608,,,,,,28.0,50.55,24.0,552.9,4096.0,208.0,30.7,104.0,828.7,19.99,77.0,1575.0,11.9,60.1,93,9996.2,15708.2,63.6,1244.9,624.8,4352.0,14.4
2026-08-30T21:38:21.332,67.013,2,1322,20,20.0,41.28,24.224,25.429,26.179,15.277,15.352,15.368,,,,,,15.0,48.45,13.0,552.9,4096.0,208.0,30.7,104.0,828.7,19.71,76.0,1575.0,8.4,56.0,93,9994.8,15708.2,63.6,1244.9,624.8,4352.0,14.4
2026-08-30T21:38:22.332,68.013,2,1342,20,20.0,41.77,23.94,25.447,25.632,15.245,15.332,15.347,,,,,,30.0,47.88,25.0,552.9,4096.0,208.0,30.7,104.0,828.7,20.15,77.0,1575.0,8.0,56.0,93,9996.4,15708.2,63.6,1244.9,624.8,4352.0,14.4
2026-08-30T21:38:23.332,69.013,2,1362,20,20.0,40.94,24.424,25.511,25.563,15.267,15.41,15.425,,,,,,28.0,48.85,24.0,552.9,4096.0,208.0,30.7,104.0,828.7,20.05,77.0,1575.0,8.4,57.0,93,9990.1,15708.2,63.6,1244.9,624.8,4352.0,14.4
2026-08-30T21:38:24.335,70.014,2,1382,19,18.97,41.89,23.874,24.94,25.441,15.279,15.391,15.417,,,,,,26.0,45.3,22.0,552.9,4096.0,208.0,30.7,104.0,828.7,19.92,76.0,1575.0,8.8,54.8,93,9984.8,15708.2,63.6,1244.9,624.8,4352.0,14.4
2026-08-30T21:38:25.332,71.013,2,1401,20,20.03,42.23,23.678,25.015,25.147,15.245,15.332,15.412,,,,,,30.0,47.42,25.0,552.9,4096.0,208.0,31.6,104.0,828.7,20.09,77.0,1575.0,8.0,53.2,93,9996.6,15708.2,63.6,1244.9,624.8,4352.0,14.4
2026-08-30T21:38:26.332,72.013,2,1421,20,20.0,41.88,23.878,24.514,24.878,15.295,15.468,15.859,,,,,,30.0,47.76,25.0,552.9,4096.0,208.0,30.7,104.0,828.7,20.14,77.0,1575.0,8.1,52.0,93,10003.0,15708.2,63.7,1244.9,624.8,4352.0,14.4
2026-08-30T21:38:27.332,73.013,2,1440,19,19.0,41.12,24.319,25.641,25.899,15.251,15.38,15.47,,,,,,30.0,46.2,25.0,552.9,4096.0,208.0,31.6,104.0,828.7,20.16,77.0,1575.0,7.4,55.0,93,10001.8,15708.2,63.7,1244.9,624.8,4352.0,14.4
2026-08-30T21:38:28.332,74.013,2,1460,20,20.0,41.63,24.023,25.976,26.843,15.257,15.398,15.414,,,,,,30.0,48.05,25.0,552.9,4096.0,208.0,31.6,104.0,828.7,20.15,76.0,1575.0,8.1,56.0,93,9991.5,15708.2,63.6,1244.9,624.8,4352.0,14.4
2026-08-30T21:38:29.334,75.015,2,1480,20,19.96,40.64,24.604,26.722,27.089,15.304,15.465,15.498,,,,,,30.0,49.11,25.0,552.9,4096.0,208.0,39.0,104.0,828.7,20.18,77.0,1575.0,11.8,56.9,93,9998.8,15708.2,63.7,1244.9,624.8,4352.0,14.4
2026-08-30T21:38:30.332,76.013,2,1500,20,20.04,40.79,24.516,26.837,27.406,15.283,15.392,15.849,,,,,,15.0,49.12,13.0,552.9,4096.0,208.0,30.7,104.0,828.7,19.84,77.0,1575.0,8.9,55.1,93,10002.1,15708.2,63.7,1244.9,624.8,4352.0,14.4
2026-08-30T21:38:31.332,77.013,2,1520,20,20.0,42.91,23.305,24.831,24.942,15.258,15.373,15.525,,,,,,30.0,46.61,25.0,552.9,4096.0,208.0,30.7,104.0,828.7,20.52,77.0,1575.0,9.2,55.0,93,10003.2,15708.2,63.7,1244.9,624.8,4352.0,14.4
2026-08-30T21:38:32.332,78.013,2,1540,20,20.0,42.55,23.505,25.377,25.997,15.295,15.464,15.479,,,,,,30.0,47.01,26.0,552.9,4096.0,208.0,30.7,104.0,828.7,20.11,77.0,1575.0,9.1,54.0,93,9999.2,15708.2,63.7,1244.9,624.8,4352.0,14.4
2026-08-30T21:38:33.332,79.013,2,1560,20,20.0,42.19,23.703,25.379,25.786,15.281,15.423,15.577,,,,,,14.0,47.41,12.0,552.9,4096.0,208.0,30.7,104.0,828.7,19.61,76.0,1575.0,9.3,56.0,93,9993.2,15708.2,63.6,1244.9,624.8,4352.0,14.4
2026-08-30T21:38:34.333,80.014,2,1580,20,19.97,41.25,24.243,25.631,25.999,15.275,15.377,15.405,,,,,,30.0,48.42,25.0,552.9,4096.0,208.0,30.7,104.0,828.7,20.17,77.0,1575.0,9.5,55.9,93,10002.7,15708.2,63.7,1244.9,624.8,4352.0,14.4
2026-08-30T21:38:35.332,81.013,2,1600,20,20.03,42.2,23.696,25.213,26.544,15.259,15.377,15.4,,,,,,26.0,47.45,22.0,552.9,4096.0,208.0,30.7,104.0,828.7,20.0,77.0,1575.0,9.5,57.1,93,10000.8,15708.2,63.7,1244.9,624.8,4352.0,14.4
2026-08-30T21:38:36.332,82.013,2,1620,20,20.0,42.69,23.427,24.941,24.985,15.276,15.39,15.436,,,,,,27.0,46.86,23.0,552.9,4096.0,208.0,30.7,104.0,828.7,20.05,77.0,1575.0,10.7,55.0,93,10014.5,15708.2,63.8,1244.9,624.8,4352.0,14.4
2026-08-30T21:38:37.332,83.013,2,1639,19,19.0,43.48,23.0,24.811,24.85,15.295,15.54,15.634,,,,,,30.0,43.7,25.0,552.9,4096.0,208.0,31.6,104.0,828.7,20.15,77.0,1575.0,8.9,54.0,93,10009.8,15708.2,63.7,1244.9,624.8,4352.0,14.4
2026-08-30T21:38:38.332,84.013,2,1659,20,20.0,42.72,23.409,25.228,25.351,15.311,15.524,16.4,,,,,,30.0,46.82,25.0,552.9,4096.0,208.0,31.6,104.0,828.7,20.17,77.0,1575.0,9.0,53.0,93,10001.4,15708.2,63.7,1244.9,624.8,4352.0,14.4
2026-08-30T21:38:39.334,85.014,2,1679,20,19.97,43.36,23.062,24.48,24.972,15.266,15.371,15.512,,,,,,30.0,46.06,25.0,552.9,4096.0,208.0,37.0,104.0,828.7,20.18,77.0,1575.0,9.4,54.9,93,10001.6,15708.2,63.7,1244.9,624.8,4352.0,14.4
2026-08-30T21:38:40.333,86.013,2,1698,19,19.02,42.88,23.319,24.668,25.734,15.331,15.608,16.174,,,,,,30.0,44.36,25.0,552.9,4096.0,208.0,31.6,104.0,828.7,20.19,77.0,1575.0,8.3,53.0,93,10009.3,15708.2,63.7,1244.9,624.8,4352.0,14.4
2026-08-30T21:38:41.332,87.013,2,1718,20,20.0,43.32,23.084,24.67,25.569,15.262,15.36,15.399,,,,,,30.0,46.16,25.0,552.9,4096.0,208.0,31.6,104.0,828.7,20.19,77.0,1575.0,8.5,52.0,93,10006.2,15708.2,63.7,1244.9,624.8,4352.0,14.4
2026-08-30T21:38:42.332,88.013,2,1738,20,20.0,44.08,22.684,23.286,23.668,15.281,15.395,15.476,,,,,,15.0,45.37,13.0,552.9,4096.0,208.0,30.7,104.0,828.7,19.88,77.0,1575.0,7.4,51.0,93,10004.8,15708.2,63.7,1244.9,624.8,4352.0,14.4
2026-08-30T21:38:43.332,89.013,2,1758,20,20.0,43.27,23.11,23.721,25.876,15.271,15.413,15.497,,,,,,30.0,46.22,25.0,552.9,4096.0,208.0,30.7,104.0,828.7,20.2,77.0,1575.0,9.0,51.0,93,10008.0,15708.2,63.7,1244.9,624.8,4352.0,14.4
2026-08-30T21:38:44.333,90.014,2,1778,20,19.97,43.17,23.167,24.29,25.441,15.358,15.558,15.615,,,,,,27.0,46.27,23.0,552.9,4096.0,208.0,30.7,104.0,828.7,20.02,77.0,1575.0,14.3,52.9,93,10058.3,15708.2,64.0,1244.9,624.8,4352.0,14.4
2026-08-30T21:38:45.332,91.013,2,1798,20,20.03,42.37,23.6,24.598,24.908,15.296,15.402,15.43,,,,,,15.0,47.26,13.0,552.9,4096.0,208.0,30.7,104.0,828.7,19.76,77.0,1575.0,11.6,54.1,93,10074.8,15708.2,64.1,1244.9,624.8,4352.0,14.4
2026-08-30T21:38:46.332,92.013,2,1817,19,19.0,43.32,23.086,23.573,23.736,15.311,15.426,15.477,,,,,,30.0,43.87,25.0,552.9,4096.0,208.0,31.6,104.0,828.7,20.21,77.0,1575.0,8.1,52.0,93,10067.3,15708.2,64.1,1244.9,624.8,4352.0,14.4
2026-08-30T21:38:47.332,93.013,2,1838,21,21.0,43.68,22.891,23.481,25.036,15.253,15.365,15.375,,,,,,29.0,48.07,25.0,552.9,4096.0,208.0,30.7,104.0,828.7,20.08,77.0,1575.0,8.5,52.0,93,10075.6,15708.2,64.1,1244.9,624.8,4352.0,14.4
2026-08-30T21:38:48.332,94.013,2,1858,20,20.0,42.98,23.266,25.815,26.033,15.32,15.499,15.504,,,,,,28.0,46.53,23.0,552.9,4096.0,208.0,30.7,104.0,828.7,20.02,77.0,1575.0,12.1,53.0,93,10101.6,15708.2,64.3,1244.9,624.8,4352.0,14.4
2026-08-30T21:38:49.334,95.014,2,1877,19,18.98,43.52,22.977,23.66,25.217,15.315,15.442,15.636,,,,,,30.0,43.61,25.0,552.9,4096.0,208.0,31.6,104.0,828.7,20.18,77.0,1575.0,10.4,53.9,93,10126.1,15708.2,64.5,1244.9,624.8,4352.0,14.4
2026-08-30T21:38:50.332,96.013,2,1897,20,20.02,43.17,23.166,24.305,24.907,15.279,15.396,15.463,,,,,,30.0,46.39,25.0,552.9,4096.0,208.0,31.6,104.0,828.7,20.22,77.0,1575.0,12.6,51.1,93,10135.1,15708.2,64.5,1244.9,624.8,4352.0,14.4
2026-08-30T21:38:51.332,97.013,2,1917,20,20.0,43.75,22.859,23.528,23.937,15.272,15.437,15.472,,,,,,30.0,45.72,25.0,552.9,4096.0,208.0,30.7,104.0,828.7,20.21,77.0,1575.0,7.4,52.0,93,10113.7,15708.2,64.4,1244.9,624.8,4352.0,14.4
2026-08-30T21:38:52.333,98.013,2,1936,19,19.0,43.16,23.171,24.073,25.179,15.243,15.399,15.416,,,,,,30.0,44.02,25.0,552.9,4096.0,208.0,31.6,104.0,828.7,20.2,77.0,1575.0,6.6,53.0,93,10107.8,15708.2,64.3,1245.0,624.8,4352.0,14.4
2026-08-30T21:38:53.332,99.013,2,1956,20,20.0,43.1,23.2,24.181,25.627,15.257,15.368,15.4,,,,,,30.0,46.4,25.0,552.9,4096.0,208.0,41.8,104.0,828.7,20.21,77.0,1575.0,8.3,52.0,93,10106.0,15708.2,64.3,1245.0,624.8,4352.0,14.4
2026-08-30T21:38:54.334,100.014,2,1976,20,19.97,43.29,23.098,23.997,24.057,15.291,15.435,15.587,,,,,,13.0,46.13,11.0,552.9,4096.0,208.0,30.7,104.0,828.7,19.81,77.0,1575.0,8.3,49.9,93,10109.1,15708.2,64.4,1245.0,624.8,4352.0,14.4
2026-08-30T21:38:55.332,101.013,2,1996,20,20.03,42.85,23.339,25.186,27.614,15.261,15.34,15.346,,,,,,30.0,46.74,25.0,552.9,4096.0,208.0,30.7,104.0,828.7,20.21,77.0,1575.0,7.2,53.1,93,10109.4,15708.2,64.4,1245.0,624.8,4352.0,14.4
2026-08-30T21:38:56.332,102.013,2,2016,20,20.0,43.0,23.258,23.677,24.202,15.285,15.387,15.432,,,,,,27.0,46.52,23.0,552.9,4096.0,208.0,30.7,104.0,828.7,20.01,77.0,1575.0,8.0,53.0,93,10079.9,15708.2,64.2,1245.0,624.8,4352.0,14.4
2026-08-30T21:38:57.332,103.013,2,2036,20,20.0,43.15,23.173,24.273,25.263,15.298,15.428,15.459,,,,,,15.0,46.35,13.0,552.9,4096.0,208.0,30.7,104.0,828.7,19.81,77.0,1575.0,8.3,53.0,93,10075.1,15708.2,64.1,1245.0,624.8,4352.0,14.4
2026-08-30T21:38:58.332,104.013,2,2056,20,20.0,43.66,22.902,23.224,23.561,15.261,15.391,15.484,,,,,,32.0,45.8,27.0,552.9,4096.0,208.0,30.7,104.0,828.7,20.22,77.0,1575.0,7.3,52.0,93,10076.4,15708.2,64.1,1245.0,624.8,4352.0,14.4
2026-08-30T21:38:59.333,105.014,2,2076,20,19.98,43.42,23.033,25.454,25.593,15.305,15.442,15.489,,,,,,31.0,46.01,26.0,552.9,4096.0,208.0,30.7,104.0,828.7,20.1,77.0,1575.0,18.5,52.9,93,10088.3,15708.2,64.2,1245.0,624.8,4352.0,14.4
2026-08-30T21:39:00.332,106.013,2,2096,20,20.02,44.09,22.682,23.176,23.451,15.243,15.364,15.382,,,,,,28.0,45.41,23.0,552.9,4096.0,208.0,30.7,104.0,828.7,20.07,77.0,1575.0,7.4,52.1,93,10083.1,15708.2,64.2,1245.0,624.8,4352.0,14.4
2026-08-30T21:39:01.333,107.014,2,2116,20,19.99,43.89,22.784,23.27,23.423,15.241,15.375,15.445,,,,,,30.0,45.54,25.0,552.9,4096.0,208.0,30.7,104.0,828.7,20.2,77.0,1575.0,7.3,52.0,93,10044.8,15708.2,63.9,1245.0,624.8,4352.0,14.4
2026-08-30T21:39:02.332,108.013,2,2135,19,19.01,43.67,22.899,23.689,24.654,15.253,15.374,15.443,,,,,,30.0,43.54,25.0,552.9,4096.0,208.0,31.6,104.0,828.7,20.22,77.0,1575.0,7.1,52.0,93,10037.9,15708.2,63.9,1245.0,624.8,4352.0,14.4
2026-08-30T21:39:03.332,109.013,2,2155,20,20.0,44.09,22.681,23.198,23.261,15.223,15.356,15.36,,,,,,30.0,45.36,25.0,552.9,4096.0,208.0,51.0,104.0,828.7,20.22,77.0,1575.0,7.2,52.0,93,10029.6,15708.2,63.8,1245.0,624.8,4352.0,14.4
2026-08-30T21:39:04.333,110.014,2,2174,19,18.98,43.07,23.216,24.064,24.427,15.272,15.374,15.417,,,,,,30.0,44.06,25.0,552.9,4096.0,208.0,31.6,104.0,828.7,20.22,77.0,1575.0,7.8,52.0,93,10045.8,15708.2,64.0,1245.0,624.8,4352.0,14.4
2026-08-30T21:39:05.332,111.013,2,2194,20,20.02,42.96,23.279,24.282,25.699,15.282,15.501,15.524,,,,,,30.0,46.61,25.0,552.9,4096.0,208.0,31.6,104.0,828.7,20.22,77.0,1575.0,7.0,52.1,93,10050.2,15708.2,64.0,1245.0,624.8,4352.0,14.4
2026-08-30T21:39:06.332,112.013,2,2214,20,20.0,43.42,23.029,23.338,23.717,15.263,15.427,15.467,,,,,,13.0,46.06,11.0,552.9,4096.0,208.0,39.8,104.0,828.7,19.86,77.0,1575.0,6.6,52.0,93,10039.2,15708.2,63.9,1245.0,624.8,4352.0,14.4
2026-08-30T21:39:07.332,113.013,2,2234,20,20.0,43.78,22.841,23.514,24.035,15.263,15.351,15.357,,,,,,30.0,45.68,25.0,552.9,4096.0,208.0,30.7,104.0,828.7,20.6,77.0,1575.0,6.9,51.0,93,10041.8,15708.2,63.9,1245.0,624.8,4352.0,14.4
2026-08-30T21:39:08.332,114.013,2,2254,20,20.0,43.07,23.218,24.223,25.077,15.26,15.35,15.394,,,,,,28.0,46.43,24.0,552.9,4096.0,208.0,30.7,104.0,828.7,20.01,77.0,1575.0,6.9,52.0,93,10039.9,15708.2,63.9,1245.0,624.8,4352.0,14.4
2026-08-30T21:39:09.333,115.014,2,2274,20,19.98,43.01,23.25,24.405,25.107,15.281,15.443,15.534,,,,,,15.0,46.45,13.0,552.9,4096.0,208.0,30.7,104.0,828.7,19.79,77.0,1575.0,8.5,53.0,93,10044.8,15708.2,63.9,1245.0,624.8,4352.0,14.4
2026-08-30T21:39:10.332,116.013,2,2294,20,20.02,42.67,23.436,24.469,24.824,15.312,15.468,15.666,,,,,,35.0,46.92,29.0,552.9,4096.0,208.0,30.7,104.0,828.7,20.22,77.0,1575.0,7.9,53.1,93,10034.9,15708.2,63.9,1245.0,624.8,4352.0,14.4
2026-08-30T21:39:11.332,117.013,2,2314,20,20.0,43.03,23.238,23.89,24.179,15.286,15.412,15.486,,,,,,34.0,46.47,28.0,552.9,4096.0,208.0,30.7,104.0,828.7,20.09,77.0,1575.0,8.5,53.0,93,10023.0,15708.2,63.8,1245.0,624.8,4352.0,14.4
2026-08-30T21:39:12.332,118.013,2,2334,20,20.0,44.05,22.702,23.689,24.084,15.296,15.402,15.414,,,,,,28.0,45.41,24.0,552.9,4096.0,208.0,30.7,104.0,828.7,20.12,77.0,1575.0,14.3,51.0,93,10161.7,15708.2,64.7,1245.0,624.8,4352.0,14.4
2026-08-30T21:39:13.332,119.013,2,2354,20,20.0,44.31,22.568,23.606,23.8,15.243,15.359,15.396,,,,,,30.0,45.14,25.0,552.9,4096.0,208.0,30.7,104.0,828.7,20.21,77.0,1575.0,12.5,52.0,93,10164.2,15708.2,64.7,1245.0,624.8,4352.0,14.4
2026-08-30T21:39:14.334,120.014,2,2373,19,18.97,43.95,22.753,23.398,23.434,15.254,15.349,15.376,,,,,,30.0,43.16,25.0,552.9,4096.0,208.0,31.6,104.0,828.7,20.21,77.0,1575.0,7.2,50.9,93,10148.6,15708.2,64.6,1245.0,624.8,4352.0,14.4
2026-08-30T21:39:15.332,121.013,2,2393,20,20.03,42.85,23.336,23.695,27.597,15.316,15.42,15.747,,,,,,30.0,46.74,25.0,552.9,4096.0,208.0,31.6,104.0,828.7,20.23,77.0,1575.0,7.9,53.1,93,10133.0,15708.2,64.5,1245.0,624.8,4352.0,14.4
2026-08-30T21:39:16.333,122.013,2,2413,20,20.0,43.68,22.896,23.354,23.377,15.25,15.353,15.355,,,,,,30.0,45.79,25.0,552.9,4096.0,208.0,44.1,104.0,828.7,20.22,77.0,1575.0,7.0,52.0,93,10122.4,15708.2,64.4,1245.0,624.8,4352.0,14.4
2026-08-30T21:39:17.333,123.013,2,2432,19,19.0,43.54,22.969,23.809,25.578,15.357,15.595,17.269,,,,,,30.0,43.64,25.0,552.9,4096.0,208.0,30.7,104.0,828.7,20.23,77.0,1575.0,6.4,51.0,93,10112.1,15708.2,64.4,1245.0,624.8,4352.0,14.4
2026-08-30T21:39:18.332,124.013,2,2452,20,20.0,43.52,22.977,23.786,23.815,15.25,15.344,15.394,,,,,,30.0,45.95,25.0,552.9,4096.0,208.0,31.6,104.0,828.7,20.22,77.0,1575.0,7.3,52.0,93,10106.1,15708.2,64.3,1245.0,624.8,4352.0,14.4
2026-08-30T21:39:19.333,125.014,2,2472,20,19.97,43.75,22.859,23.388,23.457,15.236,15.349,15.35,,,,,,30.0,45.66,25.0,552.9,4096.0,208.0,30.7,104.0,828.7,20.22,77.0,1575.0,6.6,50.9,93,10097.0,15708.2,64.3,1245.0,624.8,4352.0,14.4
2026-08-30T21:39:20.332,126.013,2,2492,20,20.02,42.49,23.537,24.513,27.839,15.3,15.423,15.432,,,,,,30.0,47.13,25.0,552.9,4096.0,208.0,30.7,104.0,828.7,20.05,77.0,1575.0,8.4,53.1,93,10085.6,15708.2,64.2,1245.0,624.8,4352.0,14.4
2026-08-30T21:39:21.332,127.013,2,2512,20,20.0,43.51,22.982,23.702,23.902,15.268,15.344,15.356,,,,,,15.0,45.97,13.0,552.9,4096.0,208.0,30.7,104.0,828.7,19.81,77.0,1575.0,8.0,52.0,93,10035.6,15708.2,63.9,1245.0,624.8,4352.0,14.4
2026-08-30T21:39:22.332,128.013,2,2532,20,20.0,42.57,23.492,24.245,24.892,15.317,15.583,15.597,,,,,,31.0,46.98,26.0,552.9,4096.0,208.0,30.7,104.0,828.7,20.22,77.0,1575.0,8.6,54.0,93,10041.0,15708.2,63.9,1245.0,624.8,4352.0,14.4
2026-08-30T21:39:23.332,129.013,2,2552,20,20.0,43.44,23.018,23.747,23.834,15.266,15.381,15.522,,,,,,26.0,46.04,22.0,552.9,4096.0,208.0,30.7,104.0,828.7,19.96,77.0,1575.0,8.6,53.0,93,10033.5,15708.2,63.9,1245.0,624.8,4352.0,14.4
2026-08-30T21:39:24.334,130.014,2,2572,20,19.97,43.91,22.774,23.597,24.324,15.267,15.538,15.538,,,,,,30.0,45.48,25.0,552.9,4096.0,208.0,30.7,104.0,828.7,20.12,77.0,1575.0,9.1,51.9,93,10028.4,15708.2,63.8,1245.0,624.8,4352.0,14.4
2026-08-30T21:39:25.332,131.013,2,2592,20,20.03,43.35,23.066,24.602,25.107,15.286,15.485,15.486,,,,,,30.0,46.2,25.0,552.9,4096.0,208.0,30.7,104.0,828.7,20.26,77.0,1575.0,13.3,52.1,93,10016.2,15708.2,63.8,1245.0,624.8,4352.0,14.4
2026-08-30T21:39:26.333,132.013,2,2611,19,19.0,43.97,22.744,23.397,23.43,15.247,15.343,15.419,,,,,,30.0,43.22,25.0,552.9,4096.0,208.0,58.4,104.0,828.7,20.24,77.0,1575.0,7.3,51.0,93,10009.0,15708.2,63.7,1245.0,624.8,4352.0,14.4
2026-08-30T21:39:27.332,133.013,2,2631,20,20.0,43.76,22.854,23.791,24.656,15.285,15.456,15.595,,,,,,30.0,45.71,25.0,552.9,4096.0,208.0,31.6,104.0,828.7,20.24,77.0,1575.0,9.8,52.0,93,10017.9,15708.2,63.8,1245.0,624.8,4352.0,14.4
2026-08-30T21:39:28.333,134.013,2,2651,20,20.0,43.8,22.83,23.552,23.672,15.272,15.385,15.397,,,,,,30.0,45.66,25.0,552.9,4096.0,208.0,37.4,104.0,828.7,20.24,77.0,1575.0,9.0,52.0,93,10024.8,15708.2,63.8,1245.0,624.8,4352.0,14.4
2026-08-30T21:39:29.334,135.014,2,2670,19,18.97,43.94,22.756,23.062,23.361,15.233,15.375,15.397,,,,,,30.0,43.17,25.0,552.9,4096.0,208.0,30.7,104.0,828.7,20.24,77.0,1575.0,7.7,52.0,93,10019.9,15708.2,63.8,1245.0,624.8,4352.0,14.4
2026-08-30T21:39:30.332,136.013,2,2690,20,20.03,42.66,23.442,24.979,25.198,15.29,15.427,15.499,,,,,,30.0,46.95,25.0,552.9,4096.0,208.0,31.6,104.0,828.7,20.24,77.0,1575.0,8.5,52.1,93,10013.2,15708.2,63.7,1245.0,624.8,4352.0,14.4
2026-08-30T21:39:31.332,137.013,2,2710,20,20.0,43.69,22.888,23.848,23.874,15.281,15.392,15.394,,,,,,29.0,45.77,25.0,552.9,4096.0,208.0,38.0,104.0,828.7,20.2,77.0,1575.0,8.0,51.0,93,10012.2,15708.2,63.7,1245.0,624.8,4352.0,14.4
2026-08-30T21:39:32.332,138.013,2,2730,20,20.0,42.72,23.408,25.011,26.066,15.368,15.596,16.938,,,,,,29.0,46.82,25.0,552.9,4096.0,208.0,30.7,104.0,828.7,20.06,77.0,1575.0,8.0,53.0,93,10014.0,15708.2,63.7,1245.0,624.8,4352.0,14.4
2026-08-30T21:39:33.332,139.013,2,2750,20,20.0,43.79,22.834,23.472,23.514,15.253,15.356,15.407,,,,,,15.0,45.67,13.0,552.9,4096.0,208.0,30.7,104.0,828.7,19.87,77.0,1575.0,7.4,52.0,93,10011.6,15708.2,63.7,1245.0,624.8,4352.0,14.4
2026-08-30T21:39:34.333,140.014,2,2770,20,19.98,43.89,22.782,23.419,23.419,15.254,15.352,15.383,,,,,,32.0,45.51,27.0,552.9,4096.0,208.0,30.7,104.0,828.7,20.22,77.0,1575.0,7.4,51.9,93,10007.6,15708.2,63.7,1245.0,624.8,4352.0,14.4
2026-08-30T21:39:35.332,141.013,2,2790,20,20.02,43.77,22.845,23.717,23.804,15.263,15.392,15.396,,,,,,33.0,45.74,29.0,552.9,4096.0,208.0,30.7,104.0,828.7,20.02,77.0,1575.0,8.9,52.1,93,10002.6,15708.2,63.7,1245.0,624.8,4352.0,14.4
2026-08-30T21:39:36.332,142.013,2,2810,20,20.0,42.58,23.483,25.003,25.281,15.341,15.555,15.635,,,,,,30.0,46.96,25.0,552.9,4096.0,208.0,30.7,104.0,828.7,20.26,77.0,1575.0,14.0,53.0,93,10002.6,15708.2,63.7,1245.0,624.8,4352.0,14.4
2026-08-30T21:39:37.332,143.013,2,2830,20,20.0,42.4,23.585,25.483,25.553,15.351,15.46,15.662,,,,,,30.0,47.17,25.0,552.9,4096.0,208.0,30.7,104.0,828.7,20.27,77.0,1575.0,13.1,54.0,93,10017.4,15708.2,63.8,1245.0,624.8,4352.0,14.4
2026-08-30T21:39:38.333,144.013,2,2850,20,20.0,43.08,23.214,24.089,24.321,15.278,15.415,15.424,,,,,,30.0,46.42,25.0,552.9,4096.0,208.0,30.7,104.0,828.7,20.28,77.0,1575.0,11.0,53.0,93,10012.3,15708.2,63.7,1245.0,624.8,4352.0,14.4
2026-08-30T21:39:39.333,145.014,2,2869,19,18.99,43.18,23.161,24.472,24.67,15.388,15.67,15.864,,,,,,30.0,43.97,25.0,552.9,4096.0,208.0,31.6,104.0,828.7,20.28,77.0,1575.0,13.9,51.0,93,10037.5,15708.2,63.9,1245.0,624.8,4352.0,14.4
2026-08-30T21:39:40.333,146.013,2,2889,20,20.02,43.96,22.747,23.878,24.62,15.326,15.551,15.58,,,,,,30.0,45.54,25.0,552.9,4096.0,208.0,44.1,104.0,828.7,20.26,77.0,1575.0,9.8,51.0,93,10040.5,15708.2,63.9,1245.0,624.8,4352.0,14.4
2026-08-30T21:39:41.334,147.013,2,2909,19,19.0,43.33,23.078,24.229,25.82,15.334,15.601,16.717,,,,,,30.0,43.85,25.0,552.9,4096.0,208.0,30.7,104.0,828.7,20.27,77.0,1575.0,8.9,51.9,93,10048.5,15708.2,64.0,1245.0,624.8,4352.0,14.4
2026-08-30T21:39:42.332,148.013,2,2928,20,20.0,43.69,22.886,23.376,24.329,15.269,15.427,15.502,,,,,,30.0,45.77,25.0,552.9,4096.0,208.0,31.6,104.0,828.7,20.27,78.0,1575.0,9.8,51.1,93,10077.7,15708.2,64.2,1245.0,624.8,4352.0,14.4
2026-08-30T21:39:43.332,149.013,2,2948,20,20.0,43.74,22.861,23.41,25.331,15.266,15.416,15.417,,,,,,31.0,45.72,27.0,552.9,4096.0,208.0,46.1,104.0,828.7,20.2,77.0,1575.0,7.2,51.0,93,10066.6,15708.2,64.1,1245.0,624.8,4352.0,14.4
2026-08-30T21:39:44.333,150.014,2,2968,20,19.98,43.64,22.913,24.104,24.791,15.275,15.42,15.552,,,,,,34.0,45.78,30.0,552.9,4096.0,208.0,30.7,104.0,828.7,20.06,78.0,1575.0,8.0,51.9,93,10067.8,15708.2,64.1,1245.0,624.8,4352.0,14.4
2026-08-30T21:39:45.332,151.013,2,2979,11,11.01,43.06,23.221,25.172,25.253,15.339,15.545,15.636,,,,,,0.0,25.57,0.0,552.9,4096.0,208.0,31.6,104.0,828.7,17.3,76.0,1575.0,7.5,31.1,93,10090.3,15708.2,64.2,1245.0,624.8,4352.0,14.4
2026-08-30T21:39:46.332,152.013,2,3008,29,29.0,44.66,22.39,23.636,24.013,14.69,15.041,15.286,,,,,,27.0,64.93,24.0,552.9,4096.0,208.0,30.7,104.0,828.7,24.91,78.0,1717.0,9.5,71.0,93,10089.9,15708.2,64.2,1245.0,624.8,4352.0,14.4
2026-08-30T21:39:47.332,153.013,2,3028,20,20.0,44.56,22.441,24.226,24.83,14.665,14.747,14.806,,,,,,29.0,44.88,26.0,552.9,4096.0,208.0,30.7,104.0,828.7,22.83,78.0,1717.0,7.7,52.0,93,10087.5,15708.2,64.2,1245.0,624.8,4352.0,14.4
2026-08-30T21:39:48.332,154.013,2,3048,20,20.0,43.81,22.825,23.574,23.62,15.147,15.333,15.34,,,,,,30.0,45.65,25.0,552.9,4096.0,208.0,30.7,104.0,828.7,21.59,77.0,1575.0,8.8,52.0,93,10072.1,15708.2,64.1,1245.0,624.8,4352.0,14.4
2026-08-30T21:39:49.333,155.014,2,3068,20,19.98,43.76,22.85,23.789,24.06,15.288,15.42,15.533,,,,,,30.0,45.65,25.0,552.9,4096.0,208.0,30.7,104.0,828.7,20.29,77.0,1575.0,8.4,51.9,93,10068.5,15708.2,64.1,1245.0,624.8,4352.0,14.4
2026-08-30T21:39:50.332,156.013,2,3088,20,20.02,43.15,23.173,23.921,24.016,15.263,15.4,15.432,,,,,,30.0,46.4,25.0,552.9,4096.0,208.0,30.7,104.0,828.7,20.28,77.0,1575.0,8.3,53.1,93,10046.8,15708.2,64.0,1245.0,624.8,4352.0,14.4
2026-08-30T21:39:51.332,157.013,2,3107,19,19.0,42.97,23.271,24.791,24.873,15.284,15.389,15.415,,,,,,30.0,44.21,25.0,552.9,4096.0,208.0,31.6,104.0,828.7,20.27,77.0,1575.0,8.6,53.0,93,10053.8,15708.2,64.0,1245.0,624.8,4352.0,14.4
2026-08-30T21:39:52.332,158.013,2,3127,20,20.0,43.66,22.906,23.551,25.565,15.27,15.413,15.422,,,,,,30.0,45.81,25.0,552.9,4096.0,208.0,31.6,104.0,828.7,20.27,77.0,1575.0,8.0,52.0,93,10051.7,15708.2,64.0,1245.0,624.8,4352.0,14.4
2026-08-30T21:39:53.332,159.013,2,3147,20,20.0,43.58,22.946,23.68,23.74,15.264,15.363,15.392,,,,,,30.0,45.89,25.0,552.9,4096.0,208.0,30.7,104.0,828.7,20.28,77.0,1575.0,9.6,52.0,93,10053.8,15708.2,64.0,1245.0,624.8,4352.0,14.4
2026-08-30T21:39:54.334,160.014,2,3166,19,18.98,43.2,23.147,24.151,27.219,15.265,15.374,15.435,,,,,,30.0,43.93,25.0,552.9,4096.0,208.0,31.6,104.0,828.7,20.28,78.0,1575.0,7.9,52.9,93,10047.4,15708.2,64.0,1245.0,624.8,4352.0,14.4
2026-08-30T21:39:55.332,161.013,2,3186,20,20.02,43.45,23.013,23.6,26.329,15.276,15.363,15.695,,,,,,29.0,46.08,25.0,552.9,4096.0,208.0,31.6,104.0,828.7,20.24,77.0,1575.0,8.5,50.1,93,10048.9,15708.2,64.0,1245.0,624.8,4352.0,14.4
2026-08-30T21:39:56.332,162.013,2,3206,20,20.0,43.52,22.98,23.838,23.939,15.276,15.485,15.536,,,,,,30.0,45.96,25.0,552.9,4096.0,208.0,30.7,104.0,828.7,20.05,78.0,1575.0,7.3,52.0,93,10047.5,15708.2,64.0,1245.0,624.8,4352.0,14.4
2026-08-30T21:39:57.332,163.013,2,3226,20,20.0,43.39,23.047,23.845,25.025,15.237,15.333,15.391,,,,,,15.0,46.09,13.0,552.9,4096.0,208.0,30.7,104.0,828.7,19.91,77.0,1575.0,7.9,51.0,93,10046.4,15708.2,64.0,1245.0,624.8,4352.0,14.4
2026-08-30T21:39:58.332,164.013,2,3246,20,20.0,42.58,23.487,24.555,25.187,15.256,15.346,15.388,,,,,,28.0,46.97,24.0,552.9,4096.0,208.0,30.7,104.0,828.7,20.15,78.0,1575.0,8.6,55.0,93,10003.8,15708.2,63.7,1245.0,624.8,4352.0,14.4
2026-08-30T21:39:59.333,165.014,2,3266,20,19.98,42.69,23.424,25.102,25.635,15.252,15.345,15.387,,,,,,28.0,46.8,23.0,552.9,4096.0,208.0,30.7,104.0,828.7,20.11,77.0,1575.0,8.4,55.0,93,9997.4,15708.2,63.6,1245.0,624.8,4352.0,14.4
2026-08-30T21:40:00.333,166.013,2,3286,20,20.02,42.48,23.542,25.107,25.471,15.268,15.433,15.449,,,,,,30.0,47.13,25.0,552.9,4096.0,208.0,30.7,104.0,828.7,20.2,77.0,1575.0,8.8,56.0,93,10002.3,15708.2,63.7,1245.0,624.8,4352.0,14.4
2026-08-30T21:40:01.332,167.013,2,3306,20,20.0,41.86,23.889,26.633,27.053,15.302,15.445,15.535,,,,,,30.0,47.78,25.0,552.9,4096.0,208.0,30.7,104.0,828.7,20.28,78.0,1575.0,10.1,56.0,93,10005.5,15708.2,63.7,1245.0,624.8,4352.0,14.4
2026-08-30T21:40:02.332,168.013,2,3326,20,20.0,43.19,23.154,24.027,24.165,15.265,15.355,15.39,,,,,,30.0,46.31,25.0,552.9,4096.0,208.0,30.7,104.0,828.7,20.28,77.0,1575.0,8.3,53.1,93,10003.2,15708.2,63.7,1245.0,624.8,4352.0,14.4
2026-08-30T21:40:03.332,169.013,2,3346,20,20.0,43.39,23.045,25.698,25.78,15.26,15.352,15.419,,,,,,30.0,46.09,25.0,552.9,4096.0,208.0,30.7,104.0,828.7,20.28,77.0,1575.0,8.3,54.0,93,9967.7,15708.2,63.5,1224.5,624.8,4352.0,14.4
2026-08-30T21:40:04.334,170.015,2,3365,19,18.96,44.17,22.638,23.076,23.53,15.271,15.493,15.503,,,,,,30.0,42.93,25.0,552.9,4096.0,208.0,31.6,104.0,828.7,20.27,77.0,1575.0,6.8,51.9,93,9966.2,15708.2,63.4,1224.5,624.8,4352.0,14.4
2026-08-30T21:40:05.332,171.013,2,3385,20,20.04,43.67,22.897,24.102,25.344,15.266,15.339,15.345,,,,,,30.0,45.88,25.0,552.9,4096.0,208.0,44.9,104.0,828.7,20.29,77.0,1575.0,8.7,51.1,93,9983.1,15708.2,63.6,1224.5,624.8,4352.0,14.4
2026-08-30T21:40:06.332,172.013,2,3405,20,20.0,44.08,22.688,23.23,23.486,15.247,15.32,15.34,,,,,,30.0,45.38,25.0,552.9,4096.0,208.0,30.7,104.0,828.7,20.29,78.0,1575.0,8.0,51.0,93,9980.7,15708.2,63.5,1224.5,624.8,4352.0,14.4
2026-08-30T21:40:07.332,173.013,2,3424,19,19.0,43.2,23.148,24.667,26.55,15.263,15.408,15.425,,,,,,29.0,43.98,25.0,552.9,4096.0,208.0,31.6,104.0,828.7,20.27,77.0,1575.0,8.4,52.0,93,9971.2,15708.2,63.5,1224.5,624.8,4352.0,14.4
2026-08-30T21:40:08.332,174.013,2,3444,20,20.0,43.49,22.992,23.905,23.954,15.277,15.424,15.573,,,,,,29.0,45.98,25.0,552.9,4096.0,208.0,31.6,104.0,828.7,20.09,78.0,1575.0,8.3,53.0,93,9968.7,15708.2,63.5,1224.5,624.8,4352.0,14.4
2026-08-30T21:40:09.335,175.015,2,3464,20,19.95,43.4,23.041,24.228,24.311,15.259,15.414,15.452,,,,,,15.0,45.98,13.0,552.9,4096.0,208.0,30.7,104.0,828.7,19.86,77.0,1575.0,7.9,52.8,93,9972.4,15708.2,63.5,1224.5,624.8,4352.0,14.4
2026-08-30T21:40:10.332,176.013,2,3484,20,20.05,42.36,23.608,24.828,29.265,15.29,15.453,15.501,,,,,,31.0,47.32,26.0,552.9,4096.0,208.0,30.7,104.0,828.7,20.25,78.0,1575.0,8.1,52.2,93,9980.0,15708.2,63.5,1224.5,624.8,4352.0,14.4
2026-08-30T21:40:11.332,177.013,2,3504,20,20.0,42.98,23.268,24.938,25.093,15.268,15.394,15.406,,,,,,29.0,46.53,25.0,552.9,4096.0,208.0,30.7,104.0,828.7,20.08,78.0,1575.0,8.5,53.0,93,9976.6,15708.2,63.5,1224.5,624.8,4352.0,14.4
2026-08-30T21:40:12.332,178.013,2,3524,20,20.0,42.68,23.432,24.637,24.771,15.298,15.414,15.676,,,,,,30.0,46.87,25.0,552.9,4096.0,208.0,30.7,104.0,828.7,20.2,77.0,1575.0,8.0,54.0,93,9975.4,15708.2,63.5,1224.5,624.8,4352.0,14.4
2026-08-30T21:40:13.332,179.013,2,3544,20,20.0,43.83,22.815,23.502,23.767,15.324,15.629,15.669,,,,,,30.0,45.63,25.0,552.9,4096.0,208.0,30.7,104.0,828.7,20.28,77.0,1575.0,8.9,52.0,93,9956.5,15708.2,63.4,1224.5,624.8,4352.0,14.4
2026-08-30T21:40:14.333,180.014,2,3564,20,19.98,43.81,22.828,23.367,23.506,15.28,15.414,15.633,,,,,,30.0,45.6,25.0,552.9,4096.0,208.0,30.7,104.0,828.7,20.28,77.0,1575.0,8.1,51.9,93,9956.0,15708.2,63.4,1224.6,624.8,4352.0,14.4
2026-08-30T21:40:15.332,181.013,2,3584,20,20.02,43.19,23.156,24.316,24.452,15.307,15.544,15.663,,,,,,30.0,46.36,25.0,552.9,4096.0,208.0,30.7,104.0,828.7,20.28,77.0,1575.0,8.2,54.1,93,9965.6,15708.2,63.4,1224.6,624.8,4352.0,14.4
2026-08-30T21:40:16.333,182.013,2,3604,20,19.99,43.26,23.117,23.842,25.222,15.278,15.47,15.488,,,,,,30.0,46.22,25.0,552.9,4096.0,208.0,30.7,104.0,828.7,20.27,78.0,1575.0,7.3,52.0,93,9965.8,15708.2,63.4,1224.8,624.8,4352.0,14.4
2026-08-30T21:40:17.332,183.013,2,3623,19,19.01,43.76,22.855,23.575,23.616,15.27,15.471,15.576,,,,,,30.0,43.44,25.0,552.9,4096.0,208.0,31.6,104.0,828.7,20.28,77.0,1575.0,8.2,52.0,93,9968.9,15708.2,63.5,1224.9,624.8,4352.0,14.4
2026-08-30T21:40:18.332,184.013,2,3643,20,20.0,42.72,23.411,25.25,25.933,15.275,15.413,15.419,,,,,,30.0,46.82,25.0,552.9,4096.0,208.0,30.7,104.0,828.7,20.28,78.0,1575.0,8.8,54.0,93,9960.1,15708.2,63.4,1224.9,624.8,4352.0,14.4
2026-08-30T21:40:19.335,185.014,2,3663,19,18.97,42.59,23.479,25.065,25.999,15.279,15.407,15.412,,,,,,30.0,44.55,25.0,552.9,4096.0,208.0,30.7,104.0,828.7,20.3,78.0,1575.0,9.0,54.7,93,9960.3,15708.2,63.4,1224.9,624.8,4352.0,14.4
2026-08-30T21:40:20.332,186.013,2,3682,20,20.03,42.15,23.725,25.705,26.622,15.259,15.347,15.445,,,,,,27.0,47.52,23.0,552.9,4096.0,208.0,31.6,104.0,828.7,20.07,78.0,1575.0,8.6,54.3,93,9967.8,15708.2,63.5,1224.9,624.8,4352.0,14.4
2026-08-30T21:40:21.333,187.013,2,3702,20,20.0,42.89,23.318,24.35,24.999,15.295,15.475,15.725,,,,,,15.0,46.64,13.0,552.9,4096.0,208.0,44.1,104.0,828.7,19.88,77.0,1575.0,9.0,52.0,93,9972.8,15708.2,63.5,1225.0,624.8,4352.0,14.4
2026-08-30T21:40:22.332,188.013,2,3722,20,20.0,43.0,23.256,24.324,24.545,15.363,15.506,16.791,,,,,,30.0,46.51,25.0,552.9,4096.0,208.0,30.7,104.0,828.7,20.26,78.0,1575.0,8.1,51.0,93,9986.1,15708.2,63.6,1225.0,624.8,4352.0,14.4
2026-08-30T21:40:23.332,189.013,2,3742,20,20.0,42.53,23.514,24.203,24.475,15.284,15.439,15.532,,,,,,30.0,47.03,25.0,552.9,4096.0,208.0,30.7,104.0,828.7,20.11,78.0,1575.0,9.3,53.0,93,9978.1,15708.2,63.5,1225.1,624.8,4352.0,14.4
2026-08-30T21:40:24.333,190.014,2,3762,20,19.97,43.27,23.109,23.823,24.042,15.315,15.518,15.687,,,,,,30.0,46.16,25.0,552.9,4096.0,208.0,30.7,104.0,828.7,20.18,77.0,1575.0,8.4,52.9,93,9978.7,15708.2,63.5,1225.1,624.8,4352.0,14.4
2026-08-30T21:40:25.332,191.013,2,3782,20,20.03,42.38,23.598,24.785,24.869,15.28,15.396,15.407,,,,,,30.0,47.26,25.0,552.9,4096.0,208.0,30.7,104.0,828.7,20.29,77.0,1575.0,8.1,55.1,93,9984.3,15708.2,63.6,1225.1,624.8,4352.0,14.4
2026-08-30T21:40:26.332,192.013,2,3802,20,20.0,42.49,23.536,24.527,24.648,15.287,15.343,15.393,,,,,,30.0,47.07,25.0,552.9,4096.0,208.0,30.7,104.0,828.7,20.29,77.0,1575.0,8.0,55.0,93,9985.4,15708.2,63.6,1225.1,624.8,4352.0,14.4
2026-08-30T21:40:27.332,193.013,2,3822,20,20.0,43.15,23.173,24.179,24.206,15.246,15.415,15.434,,,,,,30.0,46.35,25.0,552.9,4096.0,208.0,30.7,104.0,828.7,20.29,77.0,1575.0,7.3,54.0,93,9982.8,15708.2,63.6,1225.1,624.8,4352.0,14.4
2026-08-30T21:40:28.332,194.013,2,3842,20,20.0,43.31,23.089,24.625,24.926,15.273,15.387,15.579,,,,,,30.0,46.18,25.0,552.9,4096.0,208.0,30.7,104.0,828.7,20.3,78.0,1575.0,9.4,55.0,93,9984.0,15708.2,63.6,1225.1,624.8,4352.0,14.4
2026-08-30T21:40:29.333,195.014,2,3861,19,18.98,42.86,23.334,24.512,24.876,15.275,15.366,15.451,,,,,,30.0,44.28,26.0,552.9,4096.0,208.0,31.6,104.0,828.7,20.3,77.0,1575.0,8.5,53.9,93,9982.3,15708.2,63.5,1225.1,624.8,4352.0,14.4
2026-08-30T21:40:30.333,196.013,2,3881,20,20.02,42.56,23.495,25.163,25.491,15.304,15.453,15.71,,,,,,30.0,47.04,26.0,552.9,4096.0,208.0,31.6,104.0,828.7,20.3,77.0,1575.0,9.1,54.0,93,9984.0,15708.2,63.6,1225.1,624.8,4352.0,14.4
2026-08-30T21:40:31.334,197.013,2,3901,19,19.0,43.48,22.999,23.996,24.403,15.255,15.381,15.631,,,,,,30.0,43.69,26.0,552.9,4096.0,208.0,30.7,104.0,828.7,20.3,78.0,1575.0,7.4,51.9,93,9983.4,15708.2,63.6,1225.1,624.8,4352.0,14.4
2026-08-30T21:40:32.332,198.013,2,3920,20,20.01,43.83,22.814,23.885,24.835,15.229,15.318,15.362,,,,,,29.0,45.64,25.0,552.9,4096.0,208.0,31.6,104.0,828.7,20.1,78.0,1575.0,7.5,52.1,93,9976.9,15708.2,63.5,1225.1,624.8,4352.0,14.4
2026-08-30T21:40:33.333,199.013,2,3940,20,20.0,43.63,22.918,23.916,24.272,15.269,15.396,15.536,,,,,,30.0,45.83,25.0,552.9,4096.0,208.0,50.3,104.0,828.7,20.2,78.0,1575.0,7.0,51.0,93,9973.1,15708.2,63.5,1225.1,624.8,4352.0,14.4
2026-08-30T21:40:34.333,200.014,2,3960,20,19.98,43.52,22.978,24.116,24.602,15.306,15.401,16.954,,,,,,29.0,45.91,25.0,552.9,4096.0,208.0,30.7,104.0,828.7,20.2,78.0,1575.0,7.0,51.9,93,9963.6,15708.2,63.4,1225.1,624.8,4352.0,14.4
2026-08-30T21:40:35.332,201.013,2,3980,20,20.02,42.66,23.438,24.508,26.586,15.289,15.479,15.57,,,,,,29.0,46.93,25.0,552.9,4096.0,208.0,30.7,104.0,828.7,20.11,78.0,1575.0,6.7,53.1,93,9969.7,15708.2,63.5,1225.1,624.8,4352.0,14.4
2026-08-30T21:40:36.332,202.013,2,4000,20,20.0,43.23,23.133,23.849,23.932,15.255,15.349,15.353,,,,,,30.0,46.27,26.0,552.9,4096.0,208.0,30.7,104.0,828.7,20.25,77.0,1575.0,8.9,53.0,93,9990.3,15708.2,63.6,1225.1,624.8,4352.0,14.4
2026-08-30T21:40:37.332,203.013,2,4020,20,20.0,43.45,23.013,23.829,23.867,15.252,15.366,15.411,,,,,,30.0,46.03,26.0,552.9,4096.0,208.0,30.7,104.0,828.7,20.28,77.0,1575.0,8.0,53.0,93,9985.9,15708.2,63.6,1225.1,624.8,4352.0,14.4
2026-08-30T21:40:38.332,204.013,2,4040,20,20.0,43.38,23.052,24.316,24.322,15.276,15.37,15.389,,,,,,30.0,46.11,26.0,552.9,4096.0,208.0,30.7,104.0,828.7,20.29,78.0,1575.0,9.2,54.0,93,9983.8,15708.2,63.6,1225.1,624.8,4352.0,14.4
2026-08-30T21:40:39.333,205.014,2,4060,20,19.98,42.66,23.442,24.985,25.43,15.267,15.355,15.432,,,,,,30.0,46.83,26.0,552.9,4096.0,208.0,30.7,104.0,828.7,20.29,77.0,1575.0,8.4,53.9,93,9983.0,15708.2,63.6,1225.1,624.8,4352.0,14.4
2026-08-30T21:40:40.332,206.013,2,4080,20,20.03,42.62,23.461,24.732,25.753,15.305,15.583,15.852,,,,,,30.0,46.98,26.0,552.9,4096.0,208.0,30.7,104.0,828.7,20.3,77.0,1575.0,9.2,54.1,93,9993.7,15708.2,63.6,1225.1,624.8,4352.0,14.4
2026-08-30T21:40:41.332,207.013,2,4099,19,19.0,42.2,23.695,25.549,26.275,15.304,15.452,15.529,,,,,,30.0,45.02,26.0,552.9,4096.0,208.0,31.6,104.0,828.7,20.31,78.0,1575.0,9.0,56.0,93,9990.4,15708.2,63.6,1225.1,624.8,4352.0,14.4
2026-08-30T21:40:42.332,208.013,2,4119,20,20.0,42.69,23.425,25.095,25.471,15.279,15.431,15.432,,,,,,30.0,46.85,26.0,552.9,4096.0,208.0,31.6,104.0,828.7,20.31,78.0,1575.0,8.9,54.0,93,9989.1,15708.2,63.6,1225.1,624.8,4352.0,14.4
2026-08-30T21:40:43.334,209.014,2,4139,20,19.97,41.21,24.265,25.87,26.118,15.26,15.354,15.441,,,,,,29.0,48.47,25.0,552.9,4096.0,208.0,30.7,104.0,828.7,20.18,78.0,1575.0,8.3,55.9,93,9973.9,15708.2,63.5,1225.1,624.8,4352.0,14.4
2026-08-30T21:40:44.333,210.014,2,4158,19,19.0,40.47,24.711,27.396,28.575,15.251,15.335,15.346,,,,,,29.0,46.96,25.0,552.9,4096.0,208.0,31.6,104.0,828.7,20.15,78.0,1575.0,8.4,56.0,93,9972.1,15708.2,63.5,1225.1,624.8,4352.0,14.4
2026-08-30T21:40:45.332,211.013,2,4178,20,20.02,41.07,24.347,25.458,25.85,15.228,15.329,15.331,,,,,,30.0,48.75,26.0,552.9,4096.0,208.0,39.8,104.0,828.7,20.31,78.0,1575.0,7.5,56.1,93,9976.4,15708.2,63.5,1225.1,624.8,4352.0,14.4
2026-08-30T21:40:46.332,212.013,2,4198,20,20.0,41.09,24.337,25.84,26.073,15.235,15.289,15.299,,,,,,29.0,48.68,25.0,552.9,4096.0,208.0,30.7,104.0,828.7,20.16,78.0,1575.0,8.3,56.0,93,9981.2,15708.2,63.5,1225.1,624.8,4352.0,14.4
2026-08-30T21:40:47.332,213.013,2,4218,20,20.0,40.42,24.74,26.6,26.733,15.261,15.328,15.341,,,,,,29.0,49.48,24.0,552.9,4096.0,208.0,30.7,104.0,828.7,20.16,77.0,1575.0,8.5,56.0,93,9980.2,15708.2,63.5,1225.1,624.8,4352.0,14.4
2026-08-30T21:40:48.332,214.013,2,4238,20,20.0,42.62,23.465,25.154,25.218,15.275,15.39,15.399,,,,,,30.0,46.93,26.0,552.9,4096.0,208.0,30.7,104.0,828.7,20.27,77.0,1575.0,9.7,55.0,93,9965.8,15708.2,63.4,1225.1,624.8,4352.0,14.4
2026-08-30T21:40:49.333,215.014,2,4258,20,19.98,42.57,23.489,24.994,25.02,15.25,15.323,15.337,,,,,,30.0,46.92,26.0,552.9,4096.0,208.0,30.7,104.0,828.7,20.32,77.0,1575.0,8.6,54.9,93,9965.3,15708.2,63.4,1225.1,624.8,4352.0,14.4
2026-08-30T21:40:50.332,216.013,2,4278,20,20.02,42.52,23.52,24.625,24.713,15.304,15.454,15.455,,,,,,30.0,47.1,25.0,552.9,4096.0,208.0,30.7,104.0,828.7,20.32,77.0,1575.0,9.4,55.1,93,9971.1,15708.2,63.5,1225.1,624.8,4352.0,14.4
2026-08-30T21:40:51.332,217.013,2,4298,20,20.0,42.59,23.481,24.835,24.843,15.291,15.41,15.443,,,,,,30.0,46.97,25.0,552.9,4096.0,208.0,30.7,104.0,828.7,20.31,77.0,1575.0,9.0,55.0,93,9971.4,15708.2,63.5,1225.2,624.8,4352.0,14.4
2026-08-30T21:40:52.332,218.013,2,4318,20,20.0,42.71,23.412,24.689,25.012,15.29,15.527,15.543,,,,,,30.0,46.82,26.0,552.9,4096.0,208.0,30.7,104.0,828.7,20.31,78.0,1575.0,9.1,54.0,93,9969.0,15708.2,63.5,1225.2,624.8,4352.0,14.4
2026-08-30T21:40:53.334,219.014,2,4338,19,18.99,44.26,22.594,24.115,24.378,15.264,15.379,15.379,,,,,,30.0,42.9,25.0,552.9,4096.0,208.0,30.7,104.0,828.7,20.31,78.0,1575.0,9.1,53.9,93,9964.8,15708.2,63.4,1225.2,624.8,4352.0,14.4
2026-08-30T21:40:54.333,220.014,2,4357,20,19.99,43.65,22.909,24.337,24.421,15.259,15.353,15.515,,,,,,30.0,45.8,26.0,552.9,4096.0,208.0,31.6,104.0,828.7,20.31,78.0,1575.0,8.9,53.1,93,9969.2,15708.2,63.5,1225.2,624.8,4352.0,14.4
2026-08-30T21:40:55.332,221.013,2,4377,20,20.02,43.92,22.768,23.505,24.12,15.253,15.338,15.368,,,,,,33.0,45.58,28.0,552.9,4096.0,208.0,56.4,104.0,828.7,20.23,78.0,1575.0,8.3,53.0,93,9977.5,15708.2,63.5,1225.2,624.8,4352.0,14.4
2026-08-30T21:40:56.332,222.013,2,4396,19,19.0,43.72,22.874,23.725,23.965,15.276,15.446,15.631,,,,,,28.0,43.46,24.0,552.9,4096.0,208.0,31.6,104.0,828.7,20.13,78.0,1575.0,8.5,51.0,93,9978.9,15708.2,63.5,1225.2,624.8,4352.0,14.4
2026-08-30T21:40:57.333,223.013,2,4416,20,20.0,43.61,22.928,23.787,25.681,15.27,15.368,15.428,,,,,,28.0,45.85,24.0,552.9,4096.0,208.0,43.9,104.0,828.7,20.24,78.0,1575.0,7.5,51.0,93,9978.1,15708.2,63.5,1225.2,624.8,4352.0,14.4
2026-08-30T21:40:58.332,224.013,2,4436,20,20.0,43.04,23.235,24.165,24.26,15.313,15.495,15.566,,,,,,26.0,46.47,22.0,552.9,4096.0,208.0,30.7,104.0,828.7,20.13,78.0,1575.0,8.5,51.0,93,9975.2,15708.2,63.5,1225.2,624.8,4352.0,14.4
2026-08-30T21:40:59.333,225.014,2,4456,20,19.98,42.31,23.637,25.249,25.841,15.274,15.376,15.404,,,,,,28.0,47.22,23.0,552.9,4096.0,208.0,30.7,104.0,828.7,20.2,78.0,1575.0,7.9,52.9,93,9977.3,15708.2,63.5,1225.2,624.8,4352.0,14.4
2026-08-30T21:41:00.332,226.013,2,4476,20,20.02,42.9,23.31,24.515,24.67,15.258,15.336,15.376,,,,,,30.0,46.68,26.0,552.9,4096.0,208.0,30.7,104.0,828.7,20.3,77.0,1575.0,7.7,54.1,93,9981.9,15708.2,63.5,1225.2,624.8,4352.0,14.4
2026-08-30T21:41:01.332,227.013,2,4496,20,20.0,43.45,23.014,24.244,24.44,15.273,15.373,15.396,,,,,,30.0,46.03,26.0,552.9,4096.0,208.0,30.7,104.0,828.7,20.33,77.0,1575.0,8.3,53.0,93,9983.1,15708.2,63.6,1225.2,624.8,4352.0,14.4
2026-08-30T21:41:02.332,228.013,2,4516,20,20.0,43.54,22.968,23.409,23.435,15.323,15.413,16.256,,,,,,30.0,45.93,25.0,552.9,4096.0,208.0,30.7,104.0,828.7,20.33,78.0,1575.0,8.0,52.0,93,9981.0,15708.2,63.5,1225.2,624.8,4352.0,14.4
2026-08-30T21:41:03.332,229.013,2,4536,20,20.0,43.61,22.929,23.398,23.603,15.284,15.379,15.382,,,,,,30.0,45.85,26.0,552.9,4096.0,208.0,30.7,104.0,828.7,20.32,77.0,1575.0,8.9,52.0,93,9971.6,15708.2,63.5,1225.2,624.8,4352.0,14.4
2026-08-30T21:41:04.333,230.014,2,4556,20,19.98,43.61,22.931,23.455,24.06,15.276,15.405,15.429,,,,,,30.0,45.82,26.0,552.9,4096.0,208.0,30.7,104.0,828.7,20.33,78.0,1575.0,8.3,54.0,93,9971.4,15708.2,63.5,1225.2,624.8,4352.0,14.4
2026-08-30T21:41:05.334,231.013,2,4576,19,19.02,43.53,22.972,23.956,24.442,15.272,15.358,15.394,,,,,,30.0,43.69,26.0,552.9,4096.0,208.0,30.7,104.0,828.7,20.31,78.0,1575.0,8.8,52.0,93,9976.3,15708.2,63.5,1225.2,624.8,4352.0,14.4
2026-08-30T21:41:06.332,232.013,2,4595,20,20.0,43.81,22.824,23.653,24.343,15.281,15.384,15.584,,,,,,30.0,45.65,26.0,552.9,4096.0,208.0,31.6,104.0,828.7,20.31,78.0,1575.0,8.0,53.1,93,9975.0,15708.2,63.5,1225.2,624.8,4352.0,14.4
2026-08-30T21:41:07.333,233.013,2,4615,20,20.0,43.85,22.803,23.512,23.58,15.262,15.406,15.495,,,,,,30.0,45.6,25.0,552.9,4096.0,208.0,31.8,104.0,828.7,20.29,78.0,1575.0,7.3,52.0,93,9977.1,15708.2,63.5,1225.2,624.8,4352.0,14.4
2026-08-30T21:41:08.332,234.013,2,4634,19,19.0,43.75,22.857,23.702,24.133,15.254,15.349,15.437,,,,,,31.0,43.43,27.0,552.9,4096.0,208.0,31.6,104.0,828.7,20.08,78.0,1575.0,7.6,50.0,93,9962.9,15708.2,63.4,1225.2,624.8,4352.0,14.4
2026-08-30T21:41:09.333,235.014,2,4654,20,19.98,43.42,23.03,24.071,24.975,15.33,15.463,16.98,,,,,,30.0,46.01,25.0,552.9,4096.0,208.0,31.6,104.0,828.7,20.32,78.0,1575.0,7.9,51.9,93,9965.5,15708.2,63.4,1225.2,624.8,4352.0,14.4
2026-08-30T21:41:10.332,236.013,2,4674,20,20.02,42.73,23.402,24.791,26.024,15.347,15.67,16.036,,,,,,30.0,46.86,25.0,552.9,4096.0,208.0,56.4,104.0,828.7,20.15,78.0,1575.0,7.8,53.0,93,9983.7,15708.2,63.6,1225.2,624.8,4352.0,14.4
2026-08-30T21:41:11.332,237.013,2,4694,20,20.0,42.68,23.429,25.192,25.781,15.273,15.435,15.472,,,,,,29.0,46.86,25.0,552.9,4096.0,208.0,30.7,104.0,828.7,20.19,78.0,1575.0,7.7,52.0,93,9988.2,15708.2,63.6,1225.2,624.8,4352.0,14.4
2026-08-30T21:41:12.332,238.013,2,4714,20,20.0,42.3,23.643,25.284,25.875,15.28,15.378,15.418,,,,,,30.0,47.28,25.0,552.9,4096.0,208.0,30.7,104.0,828.7,20.32,77.0,1575.0,7.1,55.0,93,9987.4,15708.2,63.6,1225.2,624.8,4352.0,14.4
2026-08-30T21:41:13.332,239.013,2,4734,20,20.0,43.11,23.196,24.309,24.504,15.248,15.324,15.324,,,,,,30.0,46.39,26.0,552.9,4096.0,208.0,30.7,104.0,828.7,20.33,77.0,1575.0,8.5,53.0,93,9973.3,15708.2,63.5,1225.2,624.8,4352.0,14.4
2026-08-30T21:41:14.333,240.014,2,4754,20,19.98,43.96,22.747,23.587,23.7,15.259,15.357,15.419,,,,,,30.0,45.44,26.0,552.9,4096.0,208.0,30.7,104.0,828.7,20.33,78.0,1575.0,8.1,51.9,93,9972.7,15708.2,63.5,1225.2,624.8,4352.0,14.4
2026-08-30T21:41:15.332,241.013,2,4774,20,20.02,43.7,22.886,23.398,23.54,15.264,15.357,15.364,,,,,,26.0,45.81,23.0,552.9,4096.0,208.0,30.7,104.0,828.7,20.22,78.0,1575.0,8.8,52.0,93,9980.6,15708.2,63.5,1225.2,624.8,4352.0,14.4
2026-08-30T21:41:16.332,242.013,2,4794,20,20.0,43.44,23.019,23.356,23.405,15.264,15.36,15.529,,,,,,30.0,46.04,26.0,552.9,4096.0,208.0,30.7,104.0,828.7,20.33,77.0,1575.0,7.5,52.0,93,9977.3,15708.2,63.5,1225.2,624.8,4352.0,14.4
2026-08-30T21:41:17.332,243.013,2,4814,20,20.0,43.33,23.081,23.959,24.392,15.269,15.435,15.557,,,,,,30.0,46.17,25.0,552.9,4096.0,208.0,30.7,104.0,828.7,20.32,78.0,1575.0,7.4,52.0,93,9978.2,15708.2,63.5,1225.2,624.8,4352.0,14.4
2026-08-30T21:41:18.332,244.013,2,4833,19,19.0,43.27,23.11,24.12,24.307,15.241,15.331,15.422,,,,,,30.0,43.9,25.0,552.9,4096.0,208.0,31.6,104.0,828.7,20.32,78.0,1575.0,8.1,53.0,93,9971.8,15708.2,63.5,1225.2,624.8,4352.0,14.4
2026-08-30T21:41:19.333,245.014,2,4853,20,19.98,43.15,23.176,24.145,24.276,15.245,15.344,15.353,,,,,,29.0,46.3,25.0,552.9,4096.0,208.0,31.6,104.0,828.7,20.19,78.0,1575.0,8.6,52.9,93,9966.3,15708.2,63.4,1225.2,624.8,4352.0,14.4
2026-08-30T21:41:20.332,246.013,2,4873,20,20.02,43.71,22.876,23.574,23.788,15.255,15.37,15.507,,,,,,28.0,45.81,23.0,552.9,4096.0,208.0,30.8,104.0,828.7,20.16,78.0,1575.0,8.2,52.1,93,9974.0,15708.2,63.5,1225.2,624.8,4352.0,14.4
2026-08-30T21:41:21.332,247.013,2,4892,19,19.0,44.12,22.667,23.647,26.429,15.236,15.357,15.371,,,,,,29.0,43.07,25.0,552.9,4096.0,208.0,31.6,104.0,828.7,20.25,78.0,1575.0,8.1,49.0,93,9968.5,15708.2,63.5,1225.2,624.8,4352.0,14.4
2026-08-30T21:41:22.332,248.013,2,4912,20,20.0,43.78,22.844,23.864,24.385,15.278,15.418,15.79,,,,,,29.0,45.69,25.0,552.9,4096.0,208.0,45.9,104.0,828.7,20.16,78.0,1575.0,7.1,53.0,93,9978.4,15708.2,63.5,1225.2,624.8,4352.0,14.4
2026-08-30T21:41:23.334,249.014,2,4932,20,19.99,43.75,22.855,23.733,24.429,15.281,15.397,15.554,,,,,,30.0,45.68,25.0,552.9,4096.0,208.0,30.7,104.0,828.7,20.2,78.0,1575.0,8.2,50.9,93,9969.8,15708.2,63.5,1225.2,624.8,4352.0,14.4
2026-08-30T21:41:24.334,250.014,2,4952,20,19.98,42.14,23.728,25.139,26.982,15.272,15.354,15.448,,,,,,30.0,47.42,26.0,552.9,4096.0,208.0,30.7,104.0,828.7,20.31,78.0,1575.0,7.6,54.0,93,9973.0,15708.2,63.5,1225.2,624.8,4352.0,14.4
2026-08-30T21:41:25.332,251.013,2,4972,20,20.03,42.75,23.39,24.231,24.554,15.291,15.423,15.457,,,,,,30.0,46.84,26.0,552.9,4096.0,208.0,30.7,104.0,828.7,20.33,78.0,1575.0,8.0,53.1,93,9986.5,15708.2,63.6,1225.2,624.8,4352.0,14.4
2026-08-30T21:41:26.332,252.013,2,4992,20,20.0,43.68,22.896,23.698,25.511,15.286,15.395,15.661,,,,,,30.0,45.79,25.0,552.9,4096.0,208.0,30.7,104.0,828.7,20.32,77.0,1575.0,7.6,53.0,93,9983.8,15708.2,63.6,1225.2,624.8,4352.0,14.4
2026-08-30T21:41:27.332,253.013,2,5012,20,20.0,43.95,22.752,23.251,23.35,15.259,15.368,15.445,,,,,,22.0,45.51,20.0,552.9,4096.0,208.0,30.7,104.0,828.7,20.14,78.0,1575.0,9.9,52.0,93,9982.5,15708.2,63.5,1225.2,624.8,4352.0,14.4
2026-08-30T21:41:28.332,254.013,2,5032,20,20.0,43.47,23.007,23.97,24.152,15.283,15.407,15.452,,,,,,30.0,46.01,26.0,552.9,4096.0,208.0,30.7,104.0,828.7,20.34,78.0,1575.0,8.8,52.0,93,9975.6,15708.2,63.5,1225.2,624.8,4352.0,14.4
2026-08-30T21:41:29.333,255.014,2,5052,20,19.98,43.85,22.804,23.639,24.245,15.274,15.376,15.396,,,,,,30.0,45.56,26.0,552.9,4096.0,208.0,30.7,104.0,828.7,20.32,78.0,1575.0,7.7,52.0,93,9985.3,15708.2,63.6,1225.2,624.8,4352.0,14.4
2026-08-30T21:41:30.332,256.013,2,5071,19,19.02,43.86,22.799,23.428,23.439,15.267,15.393,15.626,,,,,,27.0,43.36,24.0,552.9,4096.0,208.0,31.6,104.0,828.7,20.24,78.0,1575.0,7.6,52.0,93,9979.8,15708.2,63.5,1225.2,624.8,4352.0,14.4
2026-08-30T21:41:31.332,257.013,2,5091,20,20.0,43.44,23.019,24.215,25.605,15.252,15.324,15.357,,,,,,29.0,46.04,25.0,552.9,4096.0,208.0,31.6,104.0,828.7,20.17,78.0,1575.0,7.8,51.0,93,9984.4,15708.2,63.6,1225.2,624.8,4352.0,14.4
2026-08-30T21:41:32.332,258.013,2,5111,20,20.0,43.53,22.973,23.967,24.467,15.259,15.362,15.56,,,,,,30.0,45.95,26.0,552.9,4096.0,208.0,30.7,104.0,828.7,20.22,78.0,1575.0,7.8,52.0,93,9984.0,15708.2,63.6,1225.2,624.8,4352.0,14.4
2026-08-30T21:41:33.332,259.013,2,5130,19,19.0,43.27,23.111,24.179,28.118,15.266,15.414,15.522,,,,,,29.0,43.91,25.0,552.9,4096.0,208.0,31.6,104.0,828.7,20.29,78.0,1575.0,8.9,51.0,93,9986.4,15708.2,63.6,1225.2,624.8,4352.0,14.4
2026-08-30T21:41:34.334,260.015,2,5150,20,19.97,43.25,23.119,24.427,25.232,15.268,15.396,15.423,,,,,,23.0,46.17,19.0,552.9,4096.0,208.0,41.8,104.0,828.7,20.05,78.0,1575.0,8.2,51.9,93,9980.2,15708.2,63.5,1225.2,624.8,4352.0,14.4
2026-08-30T21:41:35.333,261.013,2,5170,20,20.03,43.06,23.224,24.393,24.419,15.294,15.464,15.515,,,,,,30.0,46.52,26.0,552.9,4096.0,208.0,30.7,104.0,828.7,20.23,78.0,1575.0,8.2,53.1,93,9982.2,15708.2,63.5,1225.2,624.8,4352.0,14.4
2026-08-30T21:41:36.332,262.013,2,5190,20,20.0,43.33,23.08,24.108,25.844,15.284,15.446,15.458,,,,,,30.0,46.16,25.0,552.9,4096.0,208.0,30.7,104.0,828.7,20.33,77.0,1575.0,9.8,51.0,93,10010.7,15708.2,63.7,1225.2,624.8,4352.0,14.4
2026-08-30T21:41:37.332,263.013,2,5210,20,20.0,43.1,23.204,24.224,25.432,15.263,15.404,15.455,,,,,,30.0,46.41,26.0,552.9,4096.0,208.0,30.7,104.0,828.7,20.34,78.0,1575.0,7.1,53.0,93,10009.5,15708.2,63.7,1225.2,624.8,4352.0,14.4
2026-08-30T21:41:38.332,264.013,2,5230,20,20.0,42.99,23.263,24.905,25.029,15.276,15.372,15.428,,,,,,30.0,46.53,26.0,552.9,4096.0,208.0,30.7,104.0,828.7,20.32,78.0,1575.0,9.0,53.0,93,10006.2,15708.2,63.7,1225.3,624.8,4352.0,14.4
2026-08-30T21:41:39.333,265.014,2,5250,20,19.98,42.98,23.267,24.438,24.636,15.29,15.439,15.561,,,,,,22.0,46.48,20.0,552.9,4096.0,208.0,30.7,104.0,828.7,20.14,78.0,1575.0,8.4,53.9,93,10006.1,15708.2,63.7,1225.4,624.8,4352.0,14.4
2026-08-30T21:41:40.332,266.013,2,5270,20,20.02,42.27,23.659,26.499,26.678,15.291,15.422,15.439,,,,,,30.0,47.38,26.0,552.9,4096.0,208.0,30.7,104.0,828.7,20.34,78.0,1575.0,13.9,57.1,93,9993.3,15708.2,63.6,1225.4,624.8,4352.0,14.4
2026-08-30T21:41:41.332,267.013,2,5290,20,20.0,43.67,22.9,24.531,24.804,15.261,15.404,15.428,,,,,,30.0,45.8,26.0,552.9,4096.0,208.0,30.7,104.0,828.7,20.34,78.0,1575.0,7.9,54.0,93,9990.8,15708.2,63.6,1225.4,624.8,4352.0,14.4
2026-08-30T21:41:42.335,268.014,2,5310,20,19.99,42.17,23.714,25.581,26.248,15.196,15.481,15.671,,,,,,23.0,47.39,21.0,552.9,4096.0,208.0,30.7,104.0,828.7,20.39,78.0,1717.0,8.9,55.9,93,9989.2,15708.2,63.6,1225.5,624.8,4352.0,14.4
2026-08-30T21:41:43.332,269.013,2,5329,19,19.02,44.65,22.397,23.883,24.01,14.71,14.841,15.699,,,,,,25.0,42.59,23.0,552.9,4096.0,208.0,31.6,104.0,828.7,23.0,78.0,1717.0,7.9,52.1,93,9977.7,15708.2,63.5,1225.5,624.8,4352.0,14.4
2026-08-30T21:41:44.334,270.015,2,5349,20,19.96,43.48,23.0,24.824,25.071,14.89,15.301,15.314,,,,,,30.0,45.91,26.0,552.9,4096.0,208.0,61.6,104.0,828.7,22.24,78.0,1575.0,8.2,53.9,93,9978.5,15708.2,63.5,1225.5,624.8,4352.0,14.4
2026-08-30T21:41:45.332,271.013,2,5368,19,19.04,42.12,23.744,25.875,28.783,15.409,15.666,17.82,,,,,,28.0,45.2,24.0,552.9,4096.0,208.0,31.5,104.0,828.7,20.25,78.0,1575.0,7.5,53.1,93,9983.7,15708.2,63.6,1225.6,624.8,4352.0,14.4
2026-08-30T21:41:46.332,272.013,2,5388,20,20.0,42.42,23.575,25.691,26.41,15.271,15.406,15.444,,,,,,27.0,47.15,22.0,552.9,4096.0,208.0,31.6,104.0,828.7,20.18,78.0,1575.0,8.1,54.0,93,9985.7,15708.2,63.6,1225.6,624.8,4352.0,14.4
2026-08-30T21:41:47.332,273.013,2,5408,20,20.0,41.06,24.353,26.249,26.51,15.303,15.53,15.544,,,,,,30.0,48.7,26.0,552.9,4096.0,208.0,30.8,104.0,828.7,20.26,78.0,1575.0,8.6,56.0,93,9984.8,15708.2,63.6,1225.7,624.8,4352.0,14.4
2026-08-30T21:41:48.332,274.013,2,5428,20,20.0,40.25,24.846,26.585,27.081,15.322,15.473,16.019,,,,,,30.0,49.69,26.0,552.9,4096.0,208.0,30.7,104.0,828.7,20.34,78.0,1575.0,9.3,58.0,93,9980.9,15708.2,63.5,1225.7,624.8,4352.0,14.4
2026-08-30T21:41:49.333,275.014,2,5448,20,19.98,41.33,24.198,25.603,25.84,15.255,15.347,15.384,,,,,,30.0,48.34,26.0,552.9,4096.0,208.0,30.7,104.0,828.7,20.36,78.0,1575.0,7.5,54.9,93,9981.7,15708.2,63.5,1225.7,624.8,4352.0,14.4
2026-08-30T21:41:50.332,276.013,2,5468,20,20.02,41.33,24.196,25.096,25.248,15.263,15.383,15.391,,,,,,30.0,48.45,26.0,552.9,4096.0,208.0,30.7,104.0,828.7,20.35,78.0,1575.0,7.8,56.1,93,9982.8,15708.2,63.6,1225.7,624.8,4352.0,14.4
2026-08-30T21:41:51.332,277.013,2,5488,20,20.0,41.78,23.937,24.509,24.582,15.268,15.448,15.453,,,,,,30.0,47.87,26.0,552.9,4096.0,208.0,30.7,104.0,828.7,20.35,78.0,1575.0,6.7,55.0,93,9982.0,15708.2,63.5,1225.7,624.8,4352.0,14.4
2026-08-30T21:41:52.332,278.013,2,5508,20,20.0,41.95,23.839,24.623,25.294,15.264,15.379,15.396,,,,,,30.0,47.68,26.0,552.9,4096.0,208.0,30.7,104.0,828.7,20.35,78.0,1575.0,7.3,53.0,93,9976.9,15708.2,63.5,1225.7,624.8,4352.0,14.4
2026-08-30T21:41:53.332,279.013,2,5528,20,20.0,42.14,23.73,24.303,24.344,15.263,15.377,15.47,,,,,,30.0,47.46,26.0,552.9,4096.0,208.0,30.7,104.0,828.7,20.35,78.0,1575.0,7.1,55.0,93,9970.3,15708.2,63.5,1225.7,624.8,4352.0,14.4
2026-08-30T21:41:54.335,280.014,2,5548,19,18.97,41.96,23.831,24.665,24.84,15.262,15.34,15.411,,,,,,24.0,45.22,20.0,552.9,4096.0,208.0,30.7,104.0,828.7,20.06,78.0,1575.0,7.4,54.8,93,9972.0,15708.2,63.5,1225.7,624.8,4352.0,14.4
2026-08-30T21:41:55.332,281.013,2,5567,20,20.03,41.97,23.825,24.662,25.715,15.252,15.37,15.374,,,,,,30.0,47.71,26.0,552.9,4096.0,208.0,31.6,104.0,828.7,20.35,78.0,1575.0,6.8,53.2,93,9980.1,15708.2,63.5,1225.7,624.8,4352.0,14.4
2026-08-30T21:41:56.332,282.013,2,5587,20,20.0,42.05,23.784,24.272,24.372,15.254,15.4,15.401,,,,,,30.0,47.57,26.0,552.9,4096.0,208.0,50.3,104.0,828.7,20.34,78.0,1575.0,7.3,53.0,93,9959.3,15708.2,63.4,1225.7,624.8,4352.0,14.4
2026-08-30T21:41:57.333,283.013,2,5606,19,19.0,41.52,24.084,24.975,28.212,15.385,15.656,17.667,,,,,,28.0,45.76,24.0,552.9,4096.0,208.0,30.7,104.0,828.7,20.15,78.0,1575.0,6.9,54.0,93,9964.8,15708.2,63.4,1225.7,624.8,4352.0,14.4
2026-08-30T21:41:58.332,284.013,2,5626,20,20.0,41.76,23.946,25.584,25.627,15.253,15.348,15.421,,,,,,30.0,47.89,26.0,552.9,4096.0,208.0,31.6,104.0,828.7,20.2,78.0,1575.0,7.6,54.0,93,9970.0,15708.2,63.5,1225.7,624.8,4352.0,14.4
2026-08-30T21:41:59.334,285.014,2,5646,20,19.97,41.8,23.926,24.477,24.594,15.274,15.423,15.647,,,,,,30.0,47.79,26.0,552.9,4096.0,208.0,38.0,104.0,828.7,20.33,78.0,1575.0,7.0,53.9,93,9970.0,15708.2,63.5,1225.7,624.8,4352.0,14.4
2026-08-30T21:42:00.332,286.013,2,5666,20,20.03,41.96,23.831,24.559,26.396,15.32,15.455,16.631,,,,,,30.0,47.72,26.0,552.9,4096.0,208.0,30.7,104.0,828.7,20.33,78.0,1575.0,11.9,52.1,93,9976.1,15708.2,63.5,1225.7,624.8,4352.0,14.4
2026-08-30T21:42:01.332,287.013,2,5686,20,20.0,41.12,24.319,26.102,26.386,15.288,15.387,15.438,,,,,,30.0,48.64,26.0,552.9,4096.0,208.0,30.7,104.0,828.7,20.34,78.0,1575.0,9.5,54.0,93,9974.6,15708.2,63.5,1225.7,624.8,4352.0,14.4
2026-08-30T21:42:02.333,288.013,2,5706,20,20.0,40.91,24.443,26.612,27.587,15.305,15.409,15.55,,,,,,30.0,48.88,26.0,552.9,4096.0,208.0,30.7,104.0,828.7,20.34,78.0,1575.0,12.3,56.0,93,10019.6,15708.2,63.8,1225.7,624.8,4352.0,14.4
2026-08-30T21:42:03.332,289.013,2,5726,20,20.0,41.53,24.08,25.492,25.519,15.297,15.437,15.5,,,,,,15.0,48.16,13.0,552.9,4096.0,208.0,30.7,104.0,828.7,20.07,78.0,1575.0,15.1,55.0,93,10034.9,15708.2,63.9,1225.7,624.8,4352.0,14.4
2026-08-30T21:42:04.333,290.014,2,5746,20,19.98,41.8,23.924,25.072,25.153,15.263,15.372,15.448,,,,,,30.0,47.79,26.0,552.9,4096.0,208.0,30.7,104.0,828.7,20.35,78.0,1575.0,8.9,53.9,93,10020.9,15708.2,63.8,1225.7,624.8,4352.0,14.4
2026-08-30T21:42:05.332,291.013,2,5766,20,20.03,41.77,23.943,24.406,24.935,15.266,15.39,15.437,,,,,,30.0,47.95,26.0,552.9,4096.0,208.0,30.7,104.0,828.7,20.35,78.0,1575.0,9.1,54.1,93,10010.4,15708.2,63.7,1225.7,624.8,4352.0,14.4
2026-08-30T21:42:06.333,292.013,2,5786,19,19.0,41.45,24.126,24.677,26.629,15.26,15.373,15.397,,,,,,18.0,45.83,14.0,552.9,4096.0,208.0,30.7,104.0,828.7,20.07,78.0,1575.0,7.9,54.9,93,10004.3,15708.2,63.7,1225.7,624.8,4352.0,14.4
2026-08-30T21:42:07.332,293.013,2,5805,20,20.0,41.66,24.003,25.619,26.43,15.291,15.451,15.549,,,,,,30.0,48.01,26.0,552.9,4096.0,208.0,31.6,104.0,828.7,20.35,78.0,1575.0,7.9,54.1,93,10005.6,15708.2,63.7,1225.7,624.8,4352.0,14.4
2026-08-30T21:42:08.332,294.013,2,5825,20,20.0,41.61,24.032,25.675,25.723,15.274,15.36,15.453,,,,,,30.0,48.06,26.0,552.9,4096.0,208.0,64.6,104.0,828.7,20.34,78.0,1575.0,8.7,54.0,93,10011.4,15708.2,63.7,1225.7,624.8,4352.0,14.4
2026-08-30T21:42:09.334,295.015,2,5845,20,19.97,42.14,23.732,24.327,24.525,15.28,15.409,15.437,,,,,,32.0,47.39,27.0,552.9,4096.0,208.0,30.7,104.0,828.7,20.21,78.0,1575.0,10.7,53.9,93,10031.0,15708.2,63.9,1225.7,624.8,4352.0,14.4
2026-08-30T21:42:10.332,296.013,2,5864,19,19.03,41.8,23.921,24.876,26.935,15.256,15.364,15.389,,,,,,30.0,45.53,26.0,552.9,4096.0,208.0,31.6,104.0,828.7,20.25,78.0,1575.0,7.3,53.1,93,10023.4,15708.2,63.8,1225.7,624.8,4352.0,14.4
2026-08-30T21:42:11.332,297.013,2,5884,20,20.0,41.4,24.154,24.946,25.119,15.267,15.419,15.475,,,,,,30.0,48.31,26.0,552.9,4096.0,208.0,56.4,104.0,828.7,20.34,78.0,1575.0,7.9,54.0,93,10018.8,15708.2,63.8,1225.7,624.8,4352.0,14.4
2026-08-30T21:42:12.333,298.014,2,5904,20,19.99,40.96,24.413,25.263,26.447,15.321,15.562,15.873,,,,,,30.0,48.79,26.0,552.9,4096.0,208.0,30.7,104.0,828.7,20.34,78.0,1575.0,8.9,55.0,93,10034.3,15708.2,63.9,1225.7,624.8,4352.0,14.4
2026-08-30T21:42:13.332,299.013,2,5924,20,20.01,41.05,24.36,26.668,27.501,15.292,15.389,15.487,,,,,,30.0,48.75,26.0,552.9,4096.0,208.0,30.7,104.0,828.7,20.35,78.0,1575.0,9.6,54.0,93,10049.9,15708.2,64.0,1225.7,624.8,4352.0,14.4
2026-08-30T21:42:14.333,300.014,2,5944,20,19.97,41.2,24.27,25.165,25.665,15.262,15.315,15.356,,,,,,30.0,48.48,26.0,552.9,4096.0,208.0,30.7,104.0,828.7,20.35,78.0,1575.0,7.7,55.9,93,10046.1,15708.2,64.0,1225.7,624.8,4352.0,14.4
2026-08-30T21:42:15.332,301.013,2,5964,20,20.03,41.88,23.88,24.668,24.99,15.258,15.378,15.414,,,,,,14.0,47.82,12.0,552.9,4096.0,208.0,30.7,104.0,828.7,20.02,78.0,1575.0,8.0,54.1,93,10040.5,15708.2,63.9,1225.7,624.8,4352.0,14.4
2026-08-30T21:42:16.332,302.013,2,5984,20,20.0,41.85,23.893,24.693,24.867,15.262,15.441,15.464,,,,,,30.0,47.78,26.0,552.9,4096.0,208.0,30.7,104.0,828.7,20.35,78.0,1575.0,7.5,54.0,93,10039.9,15708.2,63.9,1225.7,624.8,4352.0,14.4
2026-08-30T21:42:17.332,303.013,2,6004,20,20.0,41.6,24.037,24.388,25.245,15.252,15.366,15.413,,,,,,30.0,48.07,26.0,552.9,4096.0,208.0,30.7,104.0,828.7,20.35,78.0,1575.0,7.9,55.0,93,10029.4,15708.2,63.8,1225.7,624.8,4352.0,14.4
2026-08-30T21:42:18.332,304.013,2,6024,20,20.0,41.41,24.15,24.685,25.31,15.284,15.4,15.45,,,,,,19.0,48.3,16.0,552.9,4096.0,208.0,30.7,104.0,828.7,20.02,78.0,1575.0,9.0,55.0,93,10025.6,15708.2,63.8,1225.7,624.8,4352.0,14.4
2026-08-30T21:42:19.333,305.014,2,6043,19,18.98,41.34,24.19,25.09,25.094,15.277,15.415,15.449,,,,,,30.0,45.91,25.0,552.9,4096.0,208.0,31.6,104.0,828.7,20.39,78.0,1575.0,7.8,54.9,93,10028.7,15708.2,63.8,1225.7,624.8,4352.0,14.4
2026-08-30T21:42:20.332,306.013,2,6063,20,20.02,41.47,24.113,24.792,25.718,15.245,15.351,15.38,,,,,,26.0,48.28,23.0,552.9,4096.0,208.0,31.6,104.0,828.7,20.22,78.0,1575.0,7.1,54.0,93,10023.7,15708.2,63.8,1225.7,624.8,4352.0,14.4
2026-08-30T21:42:21.332,307.013,2,6083,20,20.0,42.07,23.772,24.255,24.727,15.253,15.338,15.372,,,,,,32.0,47.55,28.0,552.9,4096.0,208.0,30.7,104.0,828.7,20.32,78.0,1575.0,7.8,52.0,93,10031.6,15708.2,63.9,1225.7,624.8,4352.0,14.4
2026-08-30T21:42:22.332,308.013,2,6102,19,19.0,41.42,24.145,24.973,26.25,15.255,15.379,15.413,,,,,,30.0,45.87,26.0,552.9,4096.0,208.0,31.6,104.0,828.7,20.27,78.0,1575.0,7.6,54.0,93,10039.5,15708.2,63.9,1225.7,624.8,4352.0,14.4
2026-08-30T21:42:23.332,309.013,2,6122,20,20.0,41.71,23.977,24.554,25.485,15.26,15.354,15.496,,,,,,30.0,47.95,26.0,552.9,4096.0,208.0,31.6,104.0,828.7,20.35,78.0,1575.0,9.1,54.0,93,10045.1,15708.2,63.9,1225.7,624.8,4352.0,14.4
2026-08-30T21:42:24.334,310.014,2,6142,20,19.97,41.84,23.898,24.672,24.922,15.261,15.385,15.395,,,,,,30.0,47.73,26.0,552.9,4096.0,208.0,50.3,104.0,828.7,20.36,78.0,1575.0,7.5,53.9,93,10045.1,15708.2,63.9,1225.7,624.8,4352.0,14.4
2026-08-30T21:42:25.332,311.013,2,6162,20,20.03,40.59,24.636,26.164,29.184,15.422,15.525,17.801,,,,,,30.0,49.34,26.0,552.9,4096.0,208.0,30.7,104.0,828.7,20.36,78.0,1575.0,8.2,54.1,93,10007.0,15708.2,63.7,1225.7,624.8,4352.0,14.4
2026-08-30T21:42:26.332,312.013,2,6182,20,20.0,41.09,24.336,25.116,26.233,15.305,15.519,15.551,,,,,,30.0,48.67,26.0,552.9,4096.0,208.0,30.7,104.0,828.7,20.36,78.0,1575.0,7.7,55.0,93,10005.5,15708.2,63.7,1225.7,624.8,4352.0,14.4
2026-08-30T21:42:27.332,313.013,2,6202,20,20.0,40.78,24.524,25.385,26.665,15.321,15.531,15.584,,,,,,15.0,49.05,13.0,552.9,4096.0,208.0,30.7,104.0,828.7,20.06,78.0,1575.0,8.2,55.0,93,9991.0,15708.2,63.6,1225.7,624.8,4352.0,14.4
2026-08-30T21:42:28.332,314.013,2,6222,20,20.0,41.14,24.31,24.948,25.122,15.287,15.408,15.415,,,,,,30.0,48.62,26.0,552.9,4096.0,208.0,30.7,104.0,828.7,20.36,78.0,1575.0,8.4,56.0,93,9995.9,15708.2,63.6,1225.7,624.8,4352.0,14.4
2026-08-30T21:42:29.333,315.014,2,6242,20,19.98,42.2,23.695,24.225,25.211,15.257,15.358,15.382,,,,,,30.0,47.34,26.0,552.9,4096.0,208.0,30.7,104.0,828.7,20.36,78.0,1575.0,7.3,53.9,93,9992.1,15708.2,63.6,1225.7,624.8,4352.0,14.4
2026-08-30T21:42:30.332,316.013,2,6262,20,20.02,42.4,23.582,24.129,24.376,15.243,15.382,15.4,,,,,,15.0,47.22,13.0,552.9,4096.0,208.0,30.7,104.0,828.7,19.93,78.0,1575.0,6.8,54.1,93,9983.9,15708.2,63.6,1225.7,624.8,4352.0,14.4
2026-08-30T21:42:31.332,317.013,2,6282,20,20.0,42.17,23.713,24.298,24.35,15.254,15.344,15.388,,,,,,28.0,47.43,24.0,552.9,4096.0,208.0,30.7,104.0,828.7,20.22,78.0,1575.0,7.1,55.0,93,9987.7,15708.2,63.6,1225.7,624.8,4352.0,14.4
2026-08-30T21:42:32.332,318.013,2,6301,19,19.0,42.18,23.705,24.242,24.339,15.245,15.378,15.383,,,,,,28.0,45.04,24.0,552.9,4096.0,208.0,31.6,104.0,828.7,20.3,78.0,1575.0,6.8,52.0,93,9985.8,15708.2,63.6,1225.7,624.8,4352.0,14.4
2026-08-30T21:42:33.332,319.013,2,6321,20,20.0,42.07,23.77,24.37,25.756,15.265,15.391,15.513,,,,,,25.0,47.54,21.0,552.9,4096.0,208.0,44.1,104.0,828.7,20.09,78.0,1575.0,9.7,54.0,93,10014.8,15708.2,63.8,1225.7,624.8,4352.0,14.4
2026-08-30T21:42:34.335,320.016,2,6341,20,19.94,41.61,24.034,24.726,26.775,15.333,15.476,16.639,,,,,,30.0,47.92,26.0,552.9,4096.0,208.0,30.7,104.0,828.7,20.28,78.0,1575.0,7.4,53.8,93,10011.8,15708.2,63.7,1225.7,624.8,4352.0,14.4
2026-08-30T21:42:35.332,321.013,2,6360,19,19.06,41.18,24.285,25.416,25.917,15.293,15.415,15.42,,,,,,30.0,46.28,26.0,552.9,4096.0,208.0,31.6,104.0,828.7,20.35,78.0,1575.0,13.4,54.2,93,10001.0,15708.2,63.7,1225.7,624.8,4352.0,14.4
2026-08-30T21:42:36.333,322.013,2,6380,20,20.0,41.93,23.85,24.503,24.632,15.26,15.386,15.408,,,,,,30.0,47.7,26.0,552.9,4096.0,208.0,49.3,104.0,828.7,20.36,78.0,1575.0,7.9,54.0,93,10003.3,15708.2,63.7,1225.7,624.8,4352.0,14.4
2026-08-30T21:42:37.332,323.013,2,6400,20,20.0,41.75,23.951,25.188,25.774,15.355,15.53,17.033,,,,,,30.0,47.9,26.0,552.9,4096.0,208.0,30.7,104.0,828.7,20.35,78.0,1575.0,8.0,53.0,93,10001.6,15708.2,63.7,1225.7,624.8,4352.0,14.4
2026-08-30T21:42:38.332,324.013,2,6420,20,20.0,41.63,24.019,25.175,25.97,15.263,15.394,15.439,,,,,,30.0,48.04,26.0,552.9,4096.0,208.0,30.7,104.0,828.7,20.35,78.0,1575.0,7.7,55.0,93,10002.4,15708.2,63.7,1225.7,624.8,4352.0,14.4
2026-08-30T21:42:39.333,325.014,2,6440,20,19.98,41.43,24.139,24.885,25.079,15.27,15.442,15.467,,,,,,15.0,48.22,13.0,552.9,4096.0,208.0,30.7,104.0,828.7,20.07,78.0,1575.0,8.0,53.9,93,9993.8,15708.2,63.6,1225.7,624.8,4352.0,14.4
2026-08-30T21:42:40.332,326.013,2,6460,20,20.02,41.9,23.866,24.19,24.279,15.244,15.36,15.429,,,,,,30.0,47.79,26.0,552.9,4096.0,208.0,30.7,104.0,828.7,20.36,78.0,1575.0,7.7,54.1,93,9991.5,15708.2,63.6,1225.7,624.8,4352.0,14.4
2026-08-30T21:42:41.332,327.013,2,6480,20,20.0,41.63,24.023,24.484,24.649,15.255,15.362,15.367,,,,,,30.0,48.05,26.0,552.9,4096.0,208.0,30.7,104.0,828.7,20.36,78.0,1575.0,7.9,55.0,93,10001.3,15708.2,63.7,1225.7,624.8,4352.0,14.4
2026-08-30T21:42:42.332,328.013,2,6500,20,20.0,41.98,23.823,24.26,24.401,15.28,15.388,15.512,,,,,,15.0,47.64,13.0,552.9,4096.0,208.0,30.7,104.0,828.7,19.97,78.0,1575.0,7.2,54.0,93,10000.3,15708.2,63.7,1225.7,624.8,4352.0,14.4
2026-08-30T21:42:43.332,329.013,2,6520,20,20.0,42.16,23.718,24.599,24.66,15.26,15.383,15.404,,,,,,28.0,47.44,24.0,552.9,4096.0,208.0,30.7,104.0,828.7,20.19,78.0,1575.0,8.5,54.0,93,10009.5,15708.2,63.7,1225.7,624.8,4352.0,14.4
2026-08-30T21:42:44.334,330.015,2,6539,19,18.96,42.25,23.668,24.467,24.478,15.259,15.372,15.408,,,,,,31.0,44.88,26.0,552.9,4096.0,208.0,31.6,104.0,828.7,20.28,78.0,1575.0,7.4,53.9,93,10010.2,15708.2,63.7,1225.7,624.8,4352.0,14.4
2026-08-30T21:42:45.332,331.013,2,6559,20,20.04,41.64,24.013,25.659,28.177,15.258,15.383,15.459,,,,,,28.0,48.12,24.0,552.9,4096.0,208.0,38.0,104.0,828.7,20.23,78.0,1575.0,7.9,53.1,93,10007.9,15708.2,63.7,1225.7,624.8,4352.0,14.4
2026-08-30T21:42:46.332,332.013,2,6578,19,19.0,41.18,24.286,25.462,29.718,15.365,15.628,16.878,,,,,,30.0,46.14,26.0,552.9,4096.0,208.0,30.7,104.0,828.7,20.29,78.0,1575.0,7.6,54.0,93,10003.3,15708.2,63.7,1225.7,624.8,4352.0,14.4
2026-08-30T21:42:47.332,333.013,2,6598,20,20.0,41.32,24.202,25.156,25.189,15.285,15.364,15.381,,,,,,30.0,48.41,26.0,552.9,4096.0,208.0,31.6,104.0,828.7,20.36,78.0,1575.0,9.3,54.0,93,10008.4,15708.2,63.7,1225.7,624.8,4352.0,14.4
2026-08-30T21:42:48.332,334.013,2,6618,20,20.0,42.17,23.714,24.477,24.608,15.296,15.451,15.671,,,,,,30.0,47.43,25.0,552.9,4096.0,208.0,50.3,104.0,828.7,20.37,78.0,1575.0,8.5,54.0,93,10010.9,15708.2,63.7,1225.7,624.8,4352.0,14.4
2026-08-30T21:42:49.335,335.016,2,6638,20,19.94,41.6,24.039,24.859,25.244,15.314,15.704,15.773,,,,,,30.0,47.94,26.0,552.9,4096.0,208.0,30.7,104.0,828.7,20.36,78.0,1575.0,7.3,52.9,93,10004.5,15708.2,63.7,1225.7,624.8,4352.0,14.4
2026-08-30T21:42:50.332,336.013,2,6658,20,20.06,40.76,24.532,26.753,27.094,15.273,15.387,15.439,,,,,,30.0,49.2,26.0,552.9,4096.0,208.0,30.7,104.0,828.7,20.37,78.0,1575.0,7.9,55.2,93,9999.7,15708.2,63.7,1224.7,624.8,4352.0,14.4
2026-08-30T21:42:51.332,337.013,2,6678,20,20.0,41.72,23.967,25.004,25.096,15.248,15.325,15.371,,,,,,15.0,47.94,13.0,552.9,4096.0,208.0,30.7,104.0,828.7,20.07,78.0,1575.0,7.6,54.0,93,9998.0,15708.2,63.6,1224.7,624.8,4352.0,14.4
2026-08-30T21:42:52.332,338.013,2,6698,20,20.0,41.75,23.953,25.354,25.787,15.254,15.382,15.395,,,,,,30.0,47.9,26.0,552.9,4096.0,208.0,30.7,104.0,828.7,20.37,78.0,1575.0,8.6,54.0,93,10003.4,15708.2,63.7,1224.7,624.8,4352.0,14.4
2026-08-30T21:42:53.332,339.013,2,6718,20,20.0,41.84,23.902,24.436,24.814,15.269,15.375,15.381,,,,,,28.0,47.81,25.0,552.9,4096.0,208.0,30.7,104.0,828.7,20.32,78.0,1575.0,7.8,55.0,93,10008.2,15708.2,63.7,1224.8,624.8,4352.0,14.4
2026-08-30T21:42:54.333,340.014,2,6738,20,19.98,41.57,24.053,24.734,26.16,15.266,15.401,15.482,,,,,,16.0,48.05,14.0,552.9,4096.0,208.0,30.7,104.0,828.7,19.88,78.0,1575.0,7.6,54.9,93,10008.6,15708.2,63.7,1224.8,624.8,4352.0,14.4
2026-08-30T21:42:55.332,341.013,2,6758,20,20.03,42.12,23.742,24.226,24.363,15.253,15.33,15.374,,,,,,30.0,47.55,26.0,552.9,4096.0,208.0,30.7,104.0,828.7,20.3,78.0,1575.0,7.8,54.1,93,10003.8,15708.2,63.7,1224.8,624.8,4352.0,14.4
2026-08-30T21:42:56.332,342.013,2,6777,19,19.0,42.12,23.744,24.198,24.649,15.28,15.525,15.588,,,,,,28.0,45.11,24.0,552.9,4096.0,208.0,31.6,104.0,828.7,20.21,78.0,1575.0,7.7,53.0,93,9993.7,15708.2,63.6,1224.8,624.8,4352.0,14.4
2026-08-30T21:42:57.332,343.013,2,6797,20,20.0,41.31,24.205,25.91,26.537,15.298,15.588,15.817,,,,,,30.0,48.4,25.0,552.9,4096.0,208.0,46.1,104.0,828.7,20.21,78.0,1575.0,10.4,54.0,93,10001.1,15708.2,63.7,1224.8,624.8,4352.0,14.4
2026-08-30T21:42:58.333,344.014,2,6817,20,19.99,42.04,23.785,24.294,24.344,15.267,15.433,15.515,,,,,,30.0,47.54,26.0,552.9,4096.0,208.0,30.7,104.0,828.7,20.38,78.0,1575.0,7.8,53.0,93,10004.8,15708.2,63.7,1224.8,624.8,4352.0,14.4
2026-08-30T21:42:59.333,345.014,2,6836,19,18.99,41.18,24.286,25.378,27.916,15.294,15.451,15.578,,,,,,30.0,46.13,26.0,552.9,4096.0,208.0,31.6,104.0,828.7,20.37,78.0,1575.0,7.5,54.0,93,10005.8,15708.2,63.7,1224.8,624.8,4352.0,14.4
2026-08-30T21:43:00.333,346.013,2,6856,20,20.02,41.96,23.833,24.803,24.88,15.297,15.397,16.01,,,,,,30.0,47.71,26.0,552.9,4096.0,208.0,39.0,104.0,828.7,20.37,78.0,1575.0,7.8,54.0,93,10005.4,15708.2,63.7,1224.8,624.8,4352.0,14.4
2026-08-30T21:43:01.332,347.013,2,6876,20,20.0,41.07,24.35,25.971,26.189,15.273,15.38,15.424,,,,,,30.0,48.7,26.0,552.9,4096.0,208.0,30.7,104.0,828.7,20.36,78.0,1575.0,6.9,53.0,93,9997.6,15708.2,63.6,1224.8,624.8,4352.0,14.4
2026-08-30T21:43:02.332,348.013,2,6896,20,20.0,40.33,24.798,26.823,26.982,15.312,15.44,15.452,,,,,,30.0,49.6,26.0,552.9,4096.0,208.0,30.7,104.0,828.7,20.39,78.0,1575.0,18.2,56.0,93,10011.6,15708.2,63.7,1224.8,624.8,4352.0,14.4
2026-08-30T21:43:03.332,349.013,2,6916,20,20.0,41.79,23.929,24.762,24.781,15.264,15.376,15.402,,,,,,14.0,47.86,12.0,552.9,4096.0,208.0,30.7,104.0,828.7,20.05,78.0,1575.0,8.0,54.0,93,10011.8,15708.2,63.7,1224.8,624.8,4352.0,14.4
2026-08-30T21:43:04.333,350.014,2,6936,20,19.97,41.75,23.949,24.984,25.247,15.266,15.381,15.473,,,,,,31.0,47.84,26.0,552.9,4096.0,208.0,30.7,104.0,828.7,20.74,78.0,1575.0,8.0,54.9,93,10011.0,15708.2,63.7,1224.8,624.8,4352.0,14.4
2026-08-30T21:43:05.332,351.013,2,6956,20,20.03,41.52,24.087,24.792,24.814,15.277,15.405,15.421,,,,,,30.0,48.24,25.0,552.9,4096.0,208.0,30.7,104.0,828.7,20.3,78.0,1575.0,7.5,54.1,93,10007.5,15708.2,63.7,1224.8,624.8,4352.0,14.4
2026-08-30T21:43:06.332,352.013,2,6976,20,20.0,41.89,23.872,24.349,24.401,15.268,15.383,15.401,,,,,,11.0,47.74,9.0,552.9,4096.0,208.0,30.7,104.0,828.7,19.93,78.0,1575.0,7.6,53.0,93,10001.6,15708.2,63.7,1224.8,624.8,4352.0,14.4
2026-08-30T21:43:07.332,353.013,2,6996,20,20.0,41.62,24.027,24.783,25.406,15.278,15.454,15.478,,,,,,28.0,48.06,25.0,552.9,4096.0,208.0,30.7,104.0,828.7,20.29,78.0,1575.0,8.2,55.0,93,10010.3,15708.2,63.7,1224.8,624.8,4352.0,14.4
2026-08-30T21:43:08.332,354.013,2,7015,19,19.0,41.86,23.89,24.467,24.834,15.275,15.358,15.376,,,,,,27.0,45.39,23.0,552.9,4096.0,208.0,31.6,104.0,828.7,20.19,78.0,1575.0,8.4,54.0,93,10011.9,15708.2,63.7,1224.8,624.8,4352.0,14.4
2026-08-30T21:43:09.334,355.014,2,7035,20,19.97,41.02,24.381,24.837,24.886,15.312,15.451,15.461,,,,,,30.0,48.7,25.0,552.9,4096.0,208.0,37.2,104.0,828.7,20.3,78.0,1575.0,12.3,53.9,93,10023.9,15708.2,63.8,1224.8,624.8,4352.0,14.4
2026-08-30T21:43:10.332,356.013,2,7055,20,20.03,41.32,24.203,25.52,26.498,15.339,15.602,16.069,,,,,,30.0,48.47,26.0,552.9,4096.0,208.0,30.7,104.0,828.7,20.38,78.0,1575.0,8.9,54.1,93,10025.4,15708.2,63.8,1224.8,624.8,4352.0,14.4
2026-08-30T21:43:11.332,357.013,2,7074,19,19.0,40.37,24.771,25.931,26.686,15.328,15.46,15.472,,,,,,30.0,47.07,26.0,552.9,4096.0,208.0,31.6,104.0,828.7,20.39,78.0,1575.0,12.9,54.0,93,10021.5,15708.2,63.8,1224.8,624.8,4352.0,14.4
2026-08-30T21:43:12.333,358.013,2,7094,20,20.0,40.8,24.508,26.139,27.244,15.343,15.629,15.995,,,,,,30.0,49.01,26.0,552.9,4096.0,208.0,38.7,104.0,828.7,20.39,78.0,1575.0,10.8,54.0,93,10022.5,15708.2,63.8,1224.8,624.8,4352.0,14.4
2026-08-30T21:43:13.332,359.013,2,7114,20,20.0,40.84,24.487,25.483,27.546,15.329,15.567,15.577,,,,,,30.0,48.98,26.0,552.9,4096.0,208.0,30.7,104.0,828.7,20.4,78.0,1575.0,12.4,55.0,93,10019.8,15708.2,63.8,1224.8,624.8,4352.0,14.4
2026-08-30T21:43:14.333,360.014,2,7134,20,19.98,41.04,24.368,25.784,26.007,15.326,15.462,15.494,,,,,,30.0,48.68,26.0,552.9,4096.0,208.0,30.7,104.0,828.7,20.4,78.0,1575.0,13.2,53.9,93,10007.4,15708.2,63.7,1224.8,624.8,4352.0,14.4
2026-08-30T21:43:15.332,361.013,2,7154,20,20.02,41.11,24.323,25.638,25.915,15.308,15.426,15.442,,,,,,10.0,48.7,9.0,552.9,4096.0,208.0,30.7,104.0,828.7,19.98,78.0,1575.0,9.7,56.1,93,10002.7,15708.2,63.7,1224.8,624.8,4352.0,14.4
2026-08-30T21:43:16.332,362.013,2,7174,20,20.0,41.36,24.176,24.752,24.944,15.334,15.399,15.409,,,,,,35.0,48.36,29.0,552.9,4096.0,208.0,30.7,104.0,828.7,20.39,78.0,1575.0,9.3,55.0,93,9996.2,15708.2,63.6,1224.8,624.8,4352.0,14.4
2026-08-30T21:43:17.332,363.013,2,7194,20,20.0,40.64,24.609,25.746,26.111,15.328,15.404,15.476,,,,,,29.0,49.22,25.0,552.9,4096.0,208.0,30.7,104.0,828.7,20.34,78.0,1575.0,9.9,57.0,93,10001.9,15708.2,63.7,1224.8,624.8,4352.0,14.4
2026-08-30T21:43:18.332,364.013,2,7214,20,20.0,40.79,24.515,25.056,25.166,15.347,15.508,15.692,,,,,,14.0,49.03,12.0,552.9,4096.0,208.0,30.7,104.0,828.7,19.98,78.0,1575.0,10.0,55.0,93,10009.1,15708.2,63.7,1224.8,624.8,4352.0,14.4
2026-08-30T21:43:19.333,365.014,2,7234,20,19.98,40.96,24.413,25.727,25.75,15.333,15.464,15.516,,,,,,30.0,48.77,25.0,552.9,4096.0,208.0,30.7,104.0,828.7,20.38,78.0,1575.0,9.9,55.9,93,10004.0,15708.2,63.7,1224.8,624.8,4352.0,14.4
2026-08-30T21:43:20.332,366.013,2,7253,19,19.02,41.67,23.996,24.719,25.032,15.315,15.384,15.387,,,,,,29.0,45.64,25.0,552.9,4096.0,208.0,31.6,104.0,828.7,20.17,78.0,1575.0,8.8,54.0,93,10003.0,15708.2,63.7,1224.8,624.8,4352.0,14.4
2026-08-30T21:43:21.332,367.013,2,7273,20,20.0,40.87,24.47,25.277,26.819,15.304,15.379,15.505,,,,,,30.0,48.94,26.0,552.9,4096.0,208.0,31.8,104.0,828.7,20.32,78.0,1575.0,9.1,55.0,93,10012.4,15708.2,63.7,1224.8,624.8,4352.0,14.4
2026-08-30T21:43:22.332,368.013,2,7293,20,20.0,40.82,24.497,26.66,27.074,15.34,15.621,15.712,,,,,,30.0,49.0,26.0,552.9,4096.0,208.0,30.7,104.0,828.7,20.41,78.0,1575.0,11.3,55.0,93,10014.6,15708.2,63.8,1224.8,624.8,4352.0,14.4
2026-08-30T21:43:23.332,369.013,2,7312,19,19.0,40.32,24.803,26.797,26.866,15.337,15.592,15.651,,,,,,30.0,47.12,26.0,552.9,4096.0,208.0,31.6,104.0,828.7,20.41,78.0,1575.0,9.7,55.0,93,10025.2,15708.2,63.8,1224.8,624.8,4352.0,14.4
2026-08-30T21:43:24.334,370.015,2,7332,20,19.97,40.38,24.767,25.961,26.973,15.34,15.439,15.452,,,,,,30.0,49.45,26.0,552.9,4096.0,208.0,31.6,104.0,828.7,20.42,78.0,1575.0,13.9,53.9,93,10037.9,15708.2,63.9,1224.8,624.8,4352.0,14.4
2026-08-30T21:43:25.332,371.013,2,7352,20,20.03,40.97,24.409,26.051,27.308,15.37,15.55,15.983,,,,,,30.0,48.9,26.0,552.9,4096.0,208.0,30.7,104.0,828.7,20.42,78.0,1575.0,12.7,56.1,93,10050.3,15708.2,64.0,1224.8,624.8,4352.0,14.4
2026-08-30T21:43:26.332,372.013,2,7372,20,20.0,39.99,25.005,26.99,27.89,15.377,15.574,15.661,,,,,,30.0,50.0,26.0,552.9,4096.0,208.0,30.7,104.0,828.7,20.42,78.0,1575.0,19.3,55.0,93,10053.9,15708.2,64.0,1224.8,624.8,4352.0,14.4
2026-08-30T21:43:27.332,373.013,2,7392,20,20.0,40.04,24.977,26.023,26.796,15.364,15.566,15.611,,,,,,11.0,49.96,10.0,552.9,4096.0,208.0,30.7,104.0,828.7,20.01,78.0,1575.0,17.0,57.0,93,10063.6,15708.2,64.1,1224.8,624.8,4352.0,14.4
2026-08-30T21:43:28.332,374.013,2,7412,20,20.0,40.91,24.442,25.221,26.463,15.33,15.529,15.6,,,,,,31.0,48.88,27.0,552.9,4096.0,208.0,30.7,104.0,828.7,20.39,78.0,1575.0,9.4,55.0,93,10063.4,15708.2,64.1,1224.8,624.8,4352.0,14.4
2026-08-30T21:43:29.333,375.014,2,7432,20,19.98,41.35,24.186,25.231,25.674,15.306,15.429,15.509,,,,,,30.0,48.31,26.0,552.9,4096.0,208.0,30.7,104.0,828.7,20.31,78.0,1575.0,9.7,54.9,93,10058.9,15708.2,64.0,1224.8,624.8,4352.0,14.4
2026-08-30T21:43:30.332,376.013,2,7452,20,20.03,41.54,24.073,24.734,25.234,15.296,15.4,15.434,,,,,,15.0,48.21,12.0,552.9,4096.0,208.0,30.7,104.0,828.7,20.04,78.0,1575.0,8.0,55.1,93,10056.1,15708.2,64.0,1224.8,624.8,4352.0,14.4
2026-08-30T21:43:31.332,377.013,2,7472,20,20.0,41.98,23.823,24.755,24.788,15.268,15.374,15.396,,,,,,28.0,47.65,24.0,552.9,4096.0,208.0,30.7,104.0,828.7,20.37,78.0,1575.0,8.1,54.0,93,10055.8,15708.2,64.0,1224.8,624.8,4352.0,14.4
2026-08-30T21:43:32.332,378.013,2,7492,20,20.0,41.63,24.024,24.642,24.808,15.273,15.409,15.431,,,,,,28.0,48.05,24.0,552.9,4096.0,208.0,30.7,104.0,828.7,20.3,78.0,1575.0,7.5,55.0,93,10054.2,15708.2,64.0,1224.8,624.8,4352.0,14.4
2026-08-30T21:43:33.332,379.013,2,7511,19,19.0,41.74,23.959,24.734,24.901,15.276,15.485,15.57,,,,,,30.0,45.52,26.0,552.9,4096.0,208.0,31.6,104.0,828.7,20.26,78.0,1575.0,8.3,54.0,93,10017.6,15708.2,63.8,1224.8,624.8,4352.0,14.4
2026-08-30T21:43:34.334,380.015,2,7531,20,19.97,41.57,24.057,24.71,25.298,15.319,15.414,15.635,,,,,,30.0,48.03,26.0,552.9,4096.0,208.0,46.1,104.0,828.7,20.41,78.0,1575.0,8.9,53.9,93,10018.8,15708.2,63.8,1224.8,624.8,4352.0,14.4
2026-08-30T21:43:35.334,381.013,2,7551,19,19.03,40.79,24.513,25.231,25.456,15.374,15.573,16.453,,,,,,30.0,46.64,26.0,552.9,4096.0,208.0,30.7,104.0,828.7,20.43,78.0,1575.0,11.8,54.0,93,10019.0,15708.2,63.8,1224.8,624.8,4352.0,14.4
2026-08-30T21:43:36.332,382.013,2,7570,20,20.01,41.26,24.237,25.909,27.84,15.273,15.391,15.642,,,,,,30.0,48.5,25.0,552.9,4096.0,208.0,31.6,104.0,828.7,20.41,78.0,1575.0,8.9,55.1,93,10031.2,15708.2,63.9,1224.8,624.8,4352.0,14.4
2026-08-30T21:43:37.332,383.013,2,7590,20,20.0,41.53,24.081,24.684,25.042,15.291,15.418,15.437,,,,,,30.0,48.16,26.0,552.9,4096.0,208.0,37.4,104.0,828.7,20.42,78.0,1575.0,8.1,54.0,93,10030.2,15708.2,63.9,1224.8,624.8,4352.0,14.4
2026-08-30T21:43:38.332,384.013,2,7610,20,20.0,41.6,24.039,24.53,24.54,15.257,15.36,15.367,,,,,,30.0,48.08,26.0,552.9,4096.0,208.0,30.7,104.0,828.7,20.42,78.0,1575.0,8.1,52.9,93,10038.8,15708.2,63.9,1224.8,624.8,4352.0,14.4
2026-08-30T21:43:39.333,385.014,2,7630,20,19.98,41.11,24.326,25.568,26.533,15.277,15.353,15.359,,,,,,7.0,48.59,7.0,552.9,4096.0,208.0,30.7,104.0,828.7,19.92,78.0,1575.0,11.0,55.0,93,10048.3,15708.2,64.0,1224.8,624.8,4352.0,14.4
2026-08-30T21:43:40.332,386.013,2,7650,20,20.03,40.83,24.492,25.424,25.863,15.282,15.379,15.439,,,,,,32.0,49.05,27.0,552.9,4096.0,208.0,30.7,104.0,828.7,20.35,78.0,1575.0,8.4,57.1,93,10050.2,15708.2,64.0,1224.8,624.8,4352.0,14.4
2026-08-30T21:43:41.332,387.013,2,7670,20,20.0,41.4,24.154,25.06,25.215,15.282,15.408,15.514,,,,,,33.0,48.31,29.0,552.9,4096.0,208.0,30.7,104.0,828.7,20.31,78.0,1575.0,9.4,53.0,93,10054.5,15708.2,64.0,1224.8,624.8,4352.0,14.4
2026-08-30T21:43:42.332,388.013,2,7690,20,20.0,41.43,24.139,25.819,26.722,15.309,15.481,15.624,,,,,,15.0,48.28,13.0,552.9,4096.0,208.0,30.7,104.0,828.7,20.14,78.0,1575.0,10.9,55.0,93,10064.1,15708.2,64.1,1224.8,624.8,4352.0,14.4
2026-08-30T21:43:43.332,389.013,2,7710,20,20.0,41.5,24.094,24.711,24.763,15.323,15.522,15.58,,,,,,28.0,48.19,24.0,552.9,4096.0,208.0,30.7,104.0,828.7,20.37,78.0,1575.0,12.0,55.0,93,10075.3,15708.2,64.1,1224.8,624.8,4352.0,14.4
2026-08-30T21:43:44.335,390.014,2,7730,19,18.97,41.11,24.325,25.115,25.143,15.316,15.409,15.43,,,,,,27.0,46.16,23.0,552.9,4096.0,208.0,30.7,104.0,828.7,20.22,78.0,1575.0,9.6,55.8,93,10072.0,15708.2,64.1,1224.8,624.8,4352.0,14.4
2026-08-30T21:43:45.332,391.013,2,7749,20,20.03,41.49,24.104,25.036,25.158,15.309,15.42,15.544,,,,,,30.0,48.27,26.0,552.9,4096.0,208.0,31.6,104.0,828.7,20.35,78.0,1575.0,16.9,53.2,93,10075.3,15708.2,64.1,1224.8,624.8,4352.0,14.4
2026-08-30T21:43:46.332,392.013,2,7769,20,20.0,41.48,24.109,24.927,26.242,15.309,15.543,15.608,,,,,,30.0,48.22,26.0,552.9,4096.0,208.0,39.8,104.0,828.7,20.43,78.0,1575.0,9.3,54.0,93,10072.9,15708.2,64.1,1224.8,624.8,4352.0,14.4
2026-08-30T21:43:47.333,393.014,2,7789,20,19.99,40.88,24.459,25.399,25.662,15.362,15.5,16.19,,,,,,30.0,48.89,26.0,552.9,4096.0,208.0,30.7,104.0,828.7,20.44,78.0,1575.0,11.5,55.0,93,10069.1,15708.2,64.1,1224.8,624.8,4352.0,14.4
2026-08-30T21:43:48.332,394.013,2,7808,19,19.01,41.7,23.981,25.296,26.604,15.292,15.401,15.449,,,,,,30.0,45.59,26.0,552.9,4096.0,208.0,31.6,104.0,828.7,20.43,78.0,1575.0,9.1,54.0,93,10063.9,15708.2,64.1,1224.8,624.8,4352.0,14.4
2026-08-30T21:43:49.334,395.014,2,7828,20,19.97,41.33,24.194,25.293,25.602,15.314,15.367,15.468,,,,,,30.0,48.32,26.0,552.9,4096.0,208.0,68.7,104.0,828.7,20.44,78.0,1575.0,11.5,53.9,93,10062.8,15708.2,64.1,1224.8,624.8,4352.0,14.4
2026-08-30T21:43:50.333,396.013,2,7848,20,20.02,40.93,24.432,25.397,25.641,15.341,15.483,16.067,,,,,,30.0,48.91,25.0,552.9,4096.0,208.0,30.7,104.0,828.7,20.45,78.0,1575.0,11.6,54.0,93,10056.1,15708.2,64.0,1224.8,624.8,4352.0,14.4
2026-08-30T21:43:51.332,397.013,2,7868,20,20.01,40.69,24.577,25.659,27.508,15.292,15.389,15.39,,,,,,2.0,49.18,2.0,552.9,4096.0,208.0,30.7,104.0,828.7,19.84,78.0,1575.0,9.1,55.1,93,10060.2,15708.2,64.0,1224.8,624.8,4352.0,14.4
2026-08-30T21:43:52.332,398.013,2,7888,20,20.0,41.05,24.36,25.771,25.831,15.333,15.463,15.551,,,,,,34.0,48.71,30.0,552.9,4096.0,208.0,30.7,104.0,828.7,20.23,78.0,1575.0,8.7,55.0,93,10053.6,15708.2,64.0,1224.8,624.8,4352.0,14.4
2026-08-30T21:43:53.332,399.013,2,7908,20,20.0,40.99,24.396,25.411,25.437,15.329,15.494,15.535,,,,,,29.0,48.8,25.0,552.9,4096.0,208.0,30.7,104.0,828.7,20.46,79.0,1575.0,9.0,56.0,93,10054.5,15708.2,64.0,1224.8,624.8,4352.0,14.4
2026-08-30T21:43:54.333,400.014,2,7928,20,19.98,41.21,24.264,24.94,25.744,15.317,15.544,15.612,,,,,,15.0,48.47,13.0,552.9,4096.0,208.0,30.7,104.0,828.7,20.16,78.0,1575.0,9.4,54.9,93,10043.2,15708.2,63.9,1224.8,624.8,4352.0,14.4
2026-08-30T21:43:55.332,401.013,2,7948,20,20.02,41.63,24.019,24.329,25.497,15.279,15.391,15.396,,,,,,27.0,48.09,23.0,552.9,4096.0,208.0,30.7,104.0,828.7,20.29,78.0,1575.0,9.8,54.1,93,10040.5,15708.2,63.9,1224.8,624.8,4352.0,14.4
2026-08-30T21:43:56.333,402.013,2,7968,20,20.0,41.86,23.888,24.272,24.567,15.26,15.385,15.471,,,,,,27.0,47.78,23.0,552.9,4096.0,208.0,30.7,104.0,828.7,20.24,78.0,1575.0,8.6,55.0,93,10040.8,15708.2,63.9,1224.8,624.8,4352.0,14.4
2026-08-30T21:43:57.332,403.013,2,7987,19,19.0,40.48,24.706,26.842,36.013,15.279,15.395,15.403,,,,,,30.0,46.95,26.0,552.9,4096.0,208.0,31.6,104.0,828.7,20.42,78.0,1575.0,21.8,54.1,93,10052.7,15708.2,64.0,1224.8,624.8,4352.0,14.4
2026-08-30T21:43:58.332,404.013,2,8007,20,20.0,42.4,23.585,24.287,24.404,15.282,15.353,15.57,,,,,,30.0,47.17,26.0,552.9,4096.0,208.0,41.8,104.0,828.7,20.46,78.0,1575.0,15.0,51.0,93,10093.5,15708.2,64.3,1224.8,624.8,4352.0,14.4
2026-08-30T21:43:59.334,405.015,2,8026,19,18.97,42.21,23.694,24.839,24.947,15.275,15.456,15.526,,,,,,30.0,44.94,26.0,552.9,4096.0,208.0,30.7,104.0,828.7,20.47,78.0,1575.0,15.8,52.9,93,10121.1,15708.2,64.4,1224.8,624.8,4352.0,14.4
2026-08-30T21:44:00.332,406.013,2,8046,20,20.03,39.77,25.143,31.19,33.176,15.453,16.138,17.626,,,,,,30.0,50.37,26.0,552.9,4096.0,208.0,31.6,104.0,828.7,20.48,78.0,1575.0,26.0,53.1,93,10091.9,15708.2,64.2,1224.8,624.8,4352.0,14.4
2026-08-30T21:44:01.333,407.013,2,8066,20,20.0,41.25,24.245,25.628,25.735,15.339,15.529,15.585,,,,,,30.0,48.49,26.0,552.9,4096.0,208.0,39.8,104.0,828.7,20.49,79.0,1575.0,14.7,53.9,93,10331.1,15708.2,65.8,1224.4,627.9,4352.0,14.4
2026-08-30T21:44:02.332,408.013,2,8086,20,20.0,38.82,25.762,27.788,28.171,15.451,15.668,16.303,,,,,,30.0,51.52,25.0,552.9,4096.0,208.0,30.7,104.0,828.7,20.47,78.0,1575.0,14.9,57.0,93,10386.7,15708.2,66.1,1224.4,627.9,4352.0,14.4
2026-08-30T21:44:03.332,409.013,2,8106,20,20.0,38.96,25.669,27.954,28.497,15.398,15.589,15.608,,,,,,4.0,51.34,3.0,552.9,4096.0,208.0,30.7,104.0,828.7,19.9,78.0,1575.0,14.8,57.0,93,10415.5,15708.2,66.3,1224.4,627.9,4352.0,14.4
2026-08-30T21:44:04.334,410.015,2,8126,20,19.96,39.98,25.013,26.853,26.864,15.622,17.163,17.302,,,,,,33.0,49.93,26.0,662.1,4096.0,208.0,30.7,104.0,828.7,20.99,79.0,1575.0,35.2,56.9,93,10555.5,15708.2,67.2,1224.4,627.9,4352.0,14.4
2026-08-30T21:44:05.333,411.013,2,8146,20,20.04,38.99,25.647,32.763,33.103,17.042,23.342,23.609,,,,,,47.0,51.38,42.0,738.1,4096.0,208.0,30.7,104.0,828.7,21.8,80.0,1657.0,13.9,57.1,93,10720.8,15708.2,68.2,1224.4,627.9,4352.0,14.4
2026-08-30T21:44:06.333,412.013,2,8166,20,20.0,40.84,24.486,27.579,34.597,15.534,18.335,22.171,,,,,,26.0,48.97,24.0,706.1,4096.0,208.0,30.7,104.0,828.7,27.5,79.0,1710.0,16.4,56.0,93,10937.7,15708.2,69.6,1224.4,627.9,4352.0,14.4
2026-08-30T21:44:07.333,413.013,2,8185,19,19.0,30.26,33.047,41.732,42.162,23.292,30.84,31.162,,,,,,68.0,62.79,59.0,778.1,4096.0,208.0,31.6,104.0,828.7,32.22,81.0,1710.0,15.0,71.0,93,10963.2,15708.2,69.8,1224.4,627.9,4352.0,14.4
2026-08-30T21:44:08.332,414.013,2,8205,20,20.0,31.39,31.857,39.977,40.089,21.97,29.631,30.409,,,,,,81.0,63.72,64.0,778.1,4096.0,208.0,31.6,104.0,828.7,33.2,80.0,1372.0,15.8,71.1,93,10988.5,15708.2,70.0,1224.4,627.9,4352.0,14.4
2026-08-30T21:44:09.334,415.015,2,8225,20,19.97,27.77,36.015,44.077,44.895,25.592,32.931,33.494,,,,,,80.0,71.91,67.0,778.1,4096.0,208.0,30.7,104.0,828.7,29.74,80.0,1545.0,16.4,75.8,93,10981.3,15708.2,69.9,1224.4,627.9,4352.0,14.4
2026-08-30T21:44:10.332,416.013,2,8244,19,19.03,29.72,33.643,43.146,44.993,23.112,32.247,33.899,,,,,,80.0,64.03,67.0,778.1,4096.0,208.0,31.6,104.0,828.7,32.2,81.0,1560.0,16.9,73.1,93,11010.6,15708.2,70.1,1224.4,627.9,4352.0,14.4
2026-08-30T21:44:11.332,417.013,2,8264,20,20.0,29.69,33.679,44.531,44.815,23.408,33.556,33.751,,,,,,77.0,67.36,64.0,778.1,4096.0,208.0,31.6,104.0,828.7,32.18,81.0,1582.0,15.1,73.0,93,11010.5,15708.2,70.1,1224.4,627.9,4352.0,14.4
2026-08-30T21:44:12.332,418.013,2,8284,20,20.0,29.93,33.409,43.408,45.136,23.148,32.563,34.314,,,,,,77.0,66.82,64.0,778.1,4096.0,208.0,31.6,104.0,828.7,32.12,81.0,1620.0,15.5,73.0,93,11010.3,15708.2,70.1,1224.4,627.9,4352.0,14.4
2026-08-30T21:44:13.333,419.013,2,8304,20,20.0,29.59,33.798,39.784,45.306,23.414,28.356,34.517,,,,,,82.0,67.59,66.0,778.1,4096.0,208.0,30.8,104.0,828.7,30.46,81.0,1620.0,18.3,71.9,93,11011.1,15708.2,70.1,1224.4,627.9,4352.0,14.4
2026-08-30T21:44:14.335,420.016,2,8324,20,19.95,28.01,35.702,46.329,48.299,24.353,33.257,34.257,,,,,,81.0,71.22,66.0,778.1,4096.0,208.0,30.7,104.0,828.7,29.43,81.0,1552.0,30.0,76.8,93,11022.4,15708.2,70.2,1224.4,627.9,4352.0,14.4
2026-08-30T21:44:15.332,421.013,2,8344,20,20.05,27.59,36.241,44.965,46.971,24.896,33.665,33.778,,,,,,61.0,72.67,49.0,778.1,4096.0,208.0,30.7,104.0,828.7,29.19,81.0,1530.0,29.2,77.2,93,11018.8,15708.2,70.1,1224.4,627.9,4352.0,14.4
2026-08-30T21:44:16.332,422.013,2,8364,20,20.0,28.46,35.139,45.599,46.746,24.311,34.359,34.36,,,,,,79.0,70.28,65.0,778.1,4096.0,208.0,30.7,104.0,828.7,29.46,81.0,1462.0,24.0,76.0,93,11015.5,15708.2,70.1,1224.4,627.9,4352.0,14.4
2026-08-30T21:44:17.332,423.013,2,8384,20,20.0,26.2,38.168,49.416,51.186,28.065,37.627,39.4,,,,,,86.0,76.34,62.0,778.1,4096.0,208.0,30.7,104.0,828.7,25.17,80.0,1237.0,18.5,82.0,93,11017.3,15708.2,70.1,1224.4,627.9,4352.0,14.4
2026-08-30T21:44:18.332,424.013,2,8403,19,19.0,25.97,38.512,48.606,50.336,27.975,37.0,39.033,,,,,,81.0,73.17,59.0,778.1,4096.0,208.0,31.6,104.0,828.7,24.05,80.0,1410.0,16.9,83.0,93,11000.7,15708.2,70.0,1224.4,627.9,4352.0,14.4
2026-08-30T21:44:19.333,425.014,2,8423,20,19.97,29.58,33.806,40.883,42.544,23.592,30.406,32.435,,,,,,81.0,67.53,64.0,778.1,4096.0,208.0,31.6,104.0,828.7,28.25,81.0,1417.0,16.9,74.9,93,11001.3,15708.2,70.0,1224.4,627.9,4352.0,14.4
2026-08-30T21:44:20.333,426.013,2,8443,20,20.02,26.22,38.135,50.198,50.349,28.161,39.142,39.281,,,,,,90.0,76.36,66.0,778.1,4096.0,208.0,31.6,104.0,828.7,24.86,80.0,1237.0,17.4,82.0,93,11008.8,15708.2,70.1,1224.4,627.9,4352.0,14.4
2026-08-30T21:44:21.332,427.013,2,8463,20,20.0,26.35,37.948,47.847,49.807,28.176,38.151,39.021,,,,,,83.0,75.9,63.0,778.1,4096.0,208.0,31.6,104.0,828.7,24.12,80.0,1237.0,16.0,81.0,93,11006.7,15708.2,70.1,1224.4,627.9,4352.0,14.4
2026-08-30T21:44:22.332,428.013,2,8483,20,20.0,25.78,38.79,50.506,50.755,28.641,39.292,39.312,,,,,,79.0,77.58,57.0,778.1,4096.0,208.0,30.7,104.0,828.7,23.92,80.0,1237.0,17.5,83.0,93,11013.9,15708.2,70.1,1224.4,627.9,4352.0,14.4
2026-08-30T21:44:23.332,429.013,2,8502,19,19.0,25.82,38.728,50.427,51.654,28.619,38.859,39.019,,,,,,83.0,73.58,58.0,778.1,4096.0,208.0,31.6,104.0,828.7,24.03,80.0,1237.0,16.7,83.0,93,11008.5,15708.2,70.1,1224.4,627.9,4352.0,14.4
2026-08-30T21:44:24.333,430.014,2,8522,20,19.97,27.6,36.235,47.352,50.299,25.951,36.164,39.259,,,,,,71.0,72.37,56.0,778.1,4096.0,208.0,31.6,104.0,828.7,26.3,81.0,1522.0,18.2,77.9,93,11011.1,15708.2,70.1,1224.4,627.9,4352.0,14.4
2026-08-30T21:44:25.332,431.013,2,8542,20,20.03,29.86,33.484,43.411,43.464,23.412,32.538,32.66,,,,,,87.0,67.06,69.0,778.1,4096.0,208.0,50.3,104.0,828.7,28.47,81.0,1552.0,17.7,73.1,93,11011.5,15708.2,70.1,1224.4,627.9,4352.0,14.4
2026-08-30T21:44:26.332,432.013,2,8562,20,20.0,28.26,35.385,44.787,45.114,25.346,33.918,34.257,,,,,,80.0,70.77,65.0,778.1,4096.0,208.0,30.7,104.0,828.7,28.48,81.0,1237.0,16.8,75.9,93,11013.2,15708.2,70.1,1224.4,627.9,4352.0,14.4
2026-08-30T21:44:27.332,433.013,2,8581,19,19.0,26.35,37.944,46.477,50.526,27.691,36.719,37.534,,,,,,68.0,72.09,49.0,778.1,4096.0,208.0,31.6,104.0,828.7,23.91,80.0,1237.0,23.6,82.1,93,11027.5,15708.2,70.2,1224.4,627.9,4352.0,14.4
2026-08-30T21:44:28.332,434.013,2,8602,21,21.0,25.6,39.064,50.49,50.638,28.768,39.132,39.157,,,,,,73.0,82.03,55.0,778.1,4096.0,208.0,30.7,104.0,828.7,23.43,80.0,1237.0,17.8,85.0,93,11028.1,15708.2,70.2,1224.4,627.9,4352.0,14.4
2026-08-30T21:44:29.333,435.014,2,8622,20,19.98,25.98,38.49,51.019,51.268,28.093,39.232,39.47,,,,,,85.0,76.9,65.0,778.1,4096.0,208.0,30.7,104.0,828.7,23.68,80.0,1417.0,23.1,83.9,93,11028.9,15708.2,70.2,1224.4,627.9,4352.0,14.4
2026-08-30T21:44:30.332,436.013,2,8641,19,19.02,27.6,36.23,45.34,46.047,25.867,34.211,34.275,,,,,,79.0,68.91,60.0,778.1,4096.0,208.0,31.6,104.0,828.7,26.88,81.0,1402.0,19.6,79.1,93,11026.3,15708.2,70.2,1224.4,627.9,4352.0,14.4
2026-08-30T21:44:31.332,437.013,2,8661,20,20.0,27.54,36.311,44.702,45.167,26.169,34.472,34.587,,,,,,84.0,72.62,65.0,778.1,4096.0,208.0,31.6,104.0,828.7,27.11,81.0,1417.0,17.5,77.0,93,10923.4,15708.2,69.5,1224.4,628.2,4352.0,14.4
2026-08-30T21:44:32.332,438.013,2,8680,19,19.0,27.51,36.35,45.086,45.102,26.073,34.703,34.833,,,,,,83.0,69.06,64.0,778.1,4096.0,208.0,31.6,104.0,828.7,27.07,81.0,1372.0,19.1,77.0,93,10941.4,15708.2,69.7,1224.4,628.2,4352.0,14.4
2026-08-30T21:44:33.332,439.013,2,8700,20,20.0,27.55,36.294,45.657,45.872,26.198,33.897,34.728,,,,,,82.0,72.59,63.0,778.1,4096.0,208.0,31.6,104.0,828.7,27.09,81.0,1387.0,18.3,81.0,93,10952.8,15708.2,69.7,1224.4,628.2,4352.0,14.4
2026-08-30T21:44:34.333,440.014,2,8721,21,20.98,27.76,36.017,45.644,45.959,25.71,34.595,34.908,,,,,,76.0,75.56,59.0,778.1,4096.0,208.0,30.7,104.0,828.7,26.96,81.0,1350.0,16.8,77.9,93,10954.2,15708.2,69.7,1224.4,628.2,4352.0,14.4
2026-08-30T21:44:35.332,441.013,2,8740,19,19.02,27.08,36.926,45.91,47.727,26.348,34.975,35.854,,,,,,85.0,70.23,66.0,778.1,4096.0,208.0,31.6,104.0,828.7,26.98,81.0,1477.0,22.5,79.1,93,10965.9,15708.2,69.8,1224.4,628.2,4352.0,14.4
2026-08-30T21:44:36.332,442.013,2,8760,20,20.0,27.43,36.458,46.073,46.694,25.983,34.64,35.363,,,,,,85.0,72.92,66.0,778.1,4096.0,208.0,31.6,104.0,828.7,26.74,81.0,1380.0,22.4,78.0,93,11015.5,15708.2,70.1,1224.4,628.2,4352.0,14.4
2026-08-30T21:44:37.332,443.013,2,8780,20,20.0,27.7,36.104,45.334,45.8,25.833,34.337,34.674,,,,,,88.0,72.2,69.0,778.1,4096.0,208.0,41.8,104.0,828.7,27.03,81.0,1387.0,17.3,78.0,93,11024.9,15708.2,70.2,1224.4,628.2,4352.0,14.4
2026-08-30T21:44:38.332,444.013,2,8800,20,20.0,27.95,35.772,45.371,45.661,25.591,34.643,35.627,,,,,,75.0,71.55,57.0,778.1,4096.0,208.0,30.7,104.0,828.7,27.16,81.0,1402.0,15.2,77.0,93,11014.4,15708.2,70.1,1224.4,628.2,4352.0,14.4
2026-08-30T21:44:39.333,445.014,2,8820,20,19.98,28.29,35.349,46.953,47.289,25.199,34.906,35.585,,,,,,73.0,70.62,56.0,778.1,4096.0,208.0,30.7,104.0,828.7,26.86,81.0,1417.0,15.4,75.9,93,11006.6,15708.2,70.1,1224.4,628.2,4352.0,14.4
2026-08-30T21:44:40.332,446.013,2,8840,20,20.02,27.75,36.03,45.808,46.16,26.033,34.94,35.165,,,,,,84.0,72.13,64.0,778.1,4096.0,208.0,30.7,104.0,828.7,27.08,81.0,1537.0,16.4,80.1,93,11001.1,15708.2,70.0,1224.4,628.2,4352.0,14.4
2026-08-30T21:44:41.332,447.013,2,8860,20,20.0,28.9,34.599,44.78,46.057,24.677,33.875,34.895,,,,,,75.0,69.2,59.0,778.1,4096.0,208.0,30.7,104.0,828.7,26.8,81.0,1402.0,16.0,75.0,93,11014.5,15708.2,70.1,1224.4,628.2,4352.0,14.4
2026-08-30T21:44:42.332,448.013,2,8879,19,19.0,27.81,35.961,45.08,46.841,25.81,34.822,35.299,,,,,,82.0,68.32,63.0,778.1,4096.0,208.0,31.6,104.0,828.7,26.86,81.0,1440.0,21.6,78.0,93,11004.2,15708.2,70.1,1224.4,628.2,4352.0,14.4
2026-08-30T21:44:43.332,449.013,2,8899,20,20.0,27.08,36.934,47.895,48.666,26.353,35.625,37.562,,,,,,88.0,73.88,66.0,778.1,4096.0,208.0,31.6,104.0,828.7,25.85,80.0,1237.0,22.2,79.0,93,11030.4,15708.2,70.2,1224.4,628.2,4352.0,14.4
2026-08-30T21:44:44.334,450.014,2,8919,20,19.97,27.17,36.808,45.61,48.31,27.081,36.105,37.465,,,,,,78.0,73.51,58.0,778.1,4096.0,208.0,31.6,104.0,828.7,23.78,80.0,1237.0,19.9,79.9,93,11038.4,15708.2,70.3,1224.4,628.2,4352.0,14.4
2026-08-30T21:44:45.332,451.013,2,8939,20,20.03,25.67,38.956,48.543,50.8,28.983,38.708,38.709,,,,,,90.0,78.02,65.0,778.1,4096.0,208.0,31.6,104.0,828.7,23.81,80.0,1260.0,20.3,85.1,93,11048.1,15708.2,70.3,1224.4,628.2,4352.0,14.4
2026-08-30T21:44:46.332,452.013,2,8959,20,20.0,26.19,38.177,47.996,50.194,28.607,39.029,39.164,,,,,,76.0,76.36,54.0,778.1,4096.0,208.0,30.7,104.0,828.7,23.92,80.0,1237.0,15.8,81.0,93,11041.4,15708.2,70.3,1224.4,628.2,4352.0,14.4
2026-08-30T21:44:47.333,453.014,2,8979,20,19.98,26.59,37.607,49.057,52.576,27.694,38.674,38.945,,,,,,86.0,75.12,61.0,778.1,4096.0,208.0,30.7,104.0,828.7,23.96,80.0,1237.0,16.6,80.9,93,11036.2,15708.2,70.3,1224.4,628.2,4352.0,14.4
2026-08-30T21:44:48.332,454.013,2,8998,19,19.02,25.84,38.696,48.641,52.166,28.735,37.551,38.047,,,,,,72.0,73.61,53.0,778.1,4096.0,208.0,31.6,104.0,828.7,24.0,80.0,1237.0,14.7,83.1,93,11038.6,15708.2,70.3,1224.4,628.2,4352.0,14.4
2026-08-30T21:44:49.334,455.015,2,9018,20,19.96,25.69,38.924,50.241,50.338,28.793,39.111,39.175,,,,,,70.0,77.69,48.0,778.1,4096.0,208.0,31.6,104.0,828.7,23.86,80.0,1237.0,14.9,81.8,93,11023.2,15708.2,70.2,1224.4,628.2,4352.0,14.4
2026-08-30T21:44:50.332,456.013,2,9038,20,20.04,25.61,39.047,50.229,50.268,28.71,38.416,38.635,,,,,,81.0,78.26,57.0,778.1,4096.0,208.0,38.0,104.0,828.7,23.89,80.0,1275.0,14.3,85.2,93,11018.1,15708.2,70.1,1224.4,628.2,4352.0,14.4
2026-08-30T21:44:51.332,457.013,2,9058,20,20.0,25.44,39.309,50.146,50.843,28.987,38.745,39.127,,,,,,65.0,78.61,46.0,778.1,4096.0,208.0,30.7,104.0,828.7,23.69,80.0,1410.0,14.7,83.0,93,11019.5,15708.2,70.2,1224.4,628.2,4352.0,14.4
2026-08-30T21:44:52.332,458.013,2,9078,20,20.0,28.76,34.766,43.875,45.379,24.94,33.607,34.793,,,,,,82.0,69.53,65.0,778.1,4096.0,208.0,30.7,104.0,828.7,27.64,81.0,1620.0,13.9,76.0,93,11018.9,15708.2,70.1,1224.4,628.2,4352.0,14.4
2026-08-30T21:44:53.332,459.013,2,9098,20,20.0,26.62,37.56,48.192,50.968,27.108,37.299,38.789,,,,,,74.0,75.12,56.0,778.1,4096.0,208.0,30.7,104.0,828.7,25.62,80.0,1237.0,21.1,83.0,93,11076.2,15708.2,70.5,1224.4,628.2,4352.0,14.4
2026-08-30T21:44:54.333,460.014,2,9117,19,18.98,25.72,38.882,50.06,50.213,28.406,38.752,38.857,,,,,,77.0,73.79,57.0,778.1,4096.0,208.0,31.6,104.0,828.7,24.47,80.0,1237.0,20.5,81.9,93,11068.2,15708.2,70.5,1224.4,628.2,4352.0,14.4
2026-08-30T21:44:55.332,461.013,2,9137,20,20.02,26.65,37.528,48.291,48.636,27.3,37.121,37.77,,,,,,89.0,75.15,66.0,778.1,4096.0,208.0,31.6,104.0,828.7,24.49,80.0,1305.0,14.9,83.1,93,11072.1,15708.2,70.5,1224.4,628.2,4352.0,14.4
2026-08-30T21:44:56.332,462.013,2,9157,20,20.0,26.2,38.161,48.839,49.11,27.785,36.95,37.602,,,,,,87.0,76.32,65.0,778.1,4096.0,208.0,31.6,104.0,828.7,24.39,80.0,1237.0,14.4,82.0,93,11060.1,15708.2,70.4,1224.4,628.2,4352.0,14.4
2026-08-30T21:44:57.332,463.013,2,9177,20,20.0,25.9,38.612,49.309,50.555,28.784,39.057,39.141,,,,,,76.0,77.22,59.0,778.1,4096.0,208.0,30.7,104.0,828.7,24.45,80.0,1357.0,14.5,81.0,93,11053.1,15708.2,70.4,1224.4,628.2,4352.0,14.4
2026-08-30T21:44:58.332,464.013,2,9197,20,20.0,27.32,36.605,45.023,49.481,26.73,34.597,39.0,,,,,,90.0,73.21,66.0,778.1,4096.0,208.0,58.4,104.0,828.7,24.55,80.0,1237.0,14.4,81.0,93,11053.6,15708.2,70.4,1224.4,628.2,4352.0,14.4
2026-08-30T21:44:59.334,465.015,2,9217,20,19.96,25.95,38.533,48.297,50.073,28.531,37.283,39.02,,,,,,93.0,76.92,67.0,778.1,4096.0,208.0,30.7,104.0,828.7,24.46,80.0,1237.0,14.5,82.8,93,11054.5,15708.2,70.4,1224.4,628.2,4352.0,14.4
2026-08-30T21:45:00.332,466.013,2,9236,19,19.04,25.76,38.825,48.799,51.904,28.471,37.881,39.186,,,,,,96.0,73.91,71.0,778.1,4096.0,208.0,31.6,104.0,828.7,24.45,80.0,1237.0,14.2,81.2,93,11046.7,15708.2,70.3,1224.4,628.2,4352.0,14.4
2026-08-30T21:45:01.333,467.013,2,9256,20,20.0,26.16,38.232,48.581,50.53,28.143,38.925,39.195,,,,,,72.0,76.47,50.0,778.1,4096.0,208.0,31.6,104.0,828.7,24.49,80.0,1245.0,14.7,83.0,93,11049.2,15708.2,70.3,1224.4,628.2,4352.0,14.4
2026-08-30T21:45:02.332,468.013,2,9276,20,20.0,26.69,37.463,47.564,49.65,27.579,38.268,38.97,,,,,,89.0,74.93,66.0,778.1,4096.0,208.0,30.7,104.0,828.7,24.4,80.0,1237.0,15.4,80.0,93,11046.5,15708.2,70.3,1224.4,628.2,4352.0,14.4
2026-08-30T21:45:03.335,469.013,2,9296,19,19.0,26.46,37.794,47.753,48.951,27.781,38.172,38.551,,,,,,89.0,71.8,68.0,778.1,4096.0,208.0,30.7,104.0,828.7,24.55,80.0,1237.0,15.0,83.7,93,11044.7,15708.2,70.3,1224.4,628.2,4352.0,14.4
2026-08-30T21:45:04.333,470.014,2,9316,21,20.98,25.8,38.758,50.523,50.584,28.445,39.021,39.284,,,,,,82.0,81.31,61.0,778.1,4096.0,208.0,30.7,104.0,828.7,24.62,80.0,1440.0,14.5,83.3,93,11047.4,15708.2,70.3,1224.4,628.2,4352.0,14.4
2026-08-30T21:45:05.332,471.013,2,9336,20,20.02,26.55,37.664,48.848,50.232,27.555,38.111,38.959,,,,,,66.0,75.42,48.0,778.1,4096.0,208.0,30.7,104.0,828.7,24.04,80.0,1237.0,14.1,81.1,93,11044.1,15708.2,70.3,1224.4,628.2,4352.0,14.4
2026-08-30T21:45:06.332,472.013,2,9356,20,20.0,29.27,34.161,44.362,48.289,24.729,35.363,36.718,,,,,,80.0,68.32,65.0,778.1,4096.0,208.0,30.7,104.0,828.7,27.29,81.0,1462.0,14.2,76.0,93,11034.6,15708.2,70.2,1224.4,628.2,4352.0,14.4
2026-08-30T21:45:07.332,473.013,2,9375,19,19.0,27.99,35.731,43.887,44.741,26.234,34.602,35.116,,,,,,70.0,67.88,52.0,778.1,4096.0,208.0,31.6,104.0,828.7,26.07,80.0,1282.0,13.6,76.0,93,11027.1,15708.2,70.2,1224.4,628.2,4352.0,14.4
2026-08-30T21:45:08.332,474.013,2,9395,20,20.0,28.06,35.637,45.99,46.915,25.763,34.936,35.999,,,,,,78.0,71.27,56.0,778.1,4096.0,208.0,31.6,104.0,828.7,25.19,80.0,1282.0,14.7,76.0,93,11027.1,15708.2,70.2,1224.4,628.2,4352.0,14.4
2026-08-30T21:45:09.334,475.014,2,9415,20,19.97,27.02,37.008,47.639,49.999,26.819,35.912,38.828,,,,,,76.0,73.91,61.0,778.1,4096.0,208.0,30.7,104.0,828.7,25.48,80.0,1387.0,14.0,79.9,93,11019.1,15708.2,70.1,1224.4,628.2,4352.0,14.4
2026-08-30T21:45:10.332,476.013,2,9435,20,20.03,27.66,36.156,45.259,47.212,26.024,35.5,35.707,,,,,,88.0,72.42,66.0,778.1,4096.0,208.0,30.8,104.0,828.7,25.6,80.0,1260.0,14.1,79.1,93,11012.2,15708.2,70.1,1224.4,628.2,4352.0,14.4
2026-08-30T21:45:11.332,477.013,2,9455,20,20.0,27.28,36.663,48.04,48.716,26.522,36.801,36.963,,,,,,85.0,73.34,64.0,778.1,4096.0,208.0,30.7,104.0,828.7,25.5,80.0,1305.0,14.2,79.0,93,11009.5,15708.2,70.1,1224.4,628.2,4352.0,14.4
2026-08-30T21:45:12.332,478.013,2,9474,19,19.0,26.88,37.202,45.47,48.46,27.271,34.424,37.604,,,,,,74.0,70.68,54.0,778.1,4096.0,208.0,31.6,104.0,828.7,25.45,80.0,1327.0,14.3,78.0,93,11006.8,15708.2,70.1,1224.4,628.2,4352.0,14.4
2026-08-30T21:45:13.332,479.013,2,9494,20,20.0,27.53,36.32,47.097,47.244,26.781,37.894,38.265,,,,,,86.0,72.64,66.0,778.1,4096.0,208.0,31.6,104.0,828.7,25.6,80.0,1312.0,14.2,78.0,93,11005.4,15708.2,70.1,1224.4,628.2,4352.0,14.4
2026-08-30T21:45:14.334,480.015,2,9514,20,19.97,27.72,36.072,45.174,45.876,26.41,34.147,34.887,,,,,,85.0,72.03,63.0,778.1,4096.0,208.0,50.3,104.0,828.7,25.42,80.0,1387.0,14.3,78.8,93,11001.5,15708.2,70.0,1224.4,628.2,4352.0,14.4
2026-08-30T21:45:15.332,481.013,2,9533,19,19.03,26.92,37.15,47.493,49.037,27.037,38.053,38.284,,,,,,80.0,70.69,63.0,778.1,4096.0,208.0,30.7,104.0,828.7,25.5,80.0,1387.0,14.0,80.1,93,10998.1,15708.2,70.0,1224.4,628.2,4352.0,14.4
2026-08-30T21:45:16.332,482.013,2,9554,21,21.0,26.54,37.681,47.8,48.115,27.31,36.773,37.283,,,,,,72.0,79.14,55.0,778.1,4096.0,208.0,30.7,104.0,828.7,25.43,80.0,1305.0,14.7,81.0,93,11001.4,15708.2,70.0,1224.4,628.2,4352.0,14.4
2026-08-30T21:45:17.332,483.013,2,9574,20,20.0,27.33,36.595,46.744,47.948,26.684,35.788,37.65,,,,,,73.0,73.18,55.0,778.1,4096.0,208.0,30.7,104.0,828.7,25.25,80.0,1282.0,13.9,79.0,93,11000.1,15708.2,70.0,1224.4,628.2,4352.0,14.4
2026-08-30T21:45:18.332,484.013,2,9594,20,20.0,28.23,35.426,46.452,46.969,25.809,35.693,37.243,,,,,,81.0,70.86,61.0,778.1,4096.0,208.0,30.7,104.0,828.7,25.33,80.0,1275.0,14.6,77.0,93,11003.9,15708.2,70.1,1224.4,628.2,4352.0,14.4
2026-08-30T21:45:19.333,485.014,2,9613,19,18.98,26.97,37.074,47.456,47.781,27.348,36.16,37.421,,,,,,81.0,70.36,59.0,778.1,4096.0,208.0,31.6,104.0,828.7,25.47,80.0,1477.0,14.1,80.9,93,11001.7,15708.2,70.0,1224.4,628.2,4352.0,14.4
2026-08-30T21:45:20.333,486.013,2,9633,20,20.02,26.33,37.981,46.353,47.58,27.491,35.14,36.892,,,,,,78.0,76.02,61.0,778.1,4096.0,208.0,31.6,104.0,828.7,25.64,80.0,1260.0,16.0,80.0,93,10993.7,15708.2,70.0,1224.4,628.2,4352.0,14.4
2026-08-30T21:45:21.332,487.013,2,9653,20,20.0,27.83,35.934,44.59,48.324,26.002,35.134,36.969,,,,,,88.0,71.89,66.0,778.1,4096.0,208.0,31.6,104.0,828.7,25.51,80.0,1267.0,17.8,79.1,93,11006.6,15708.2,70.1,1224.4,628.2,4352.0,14.4
2026-08-30T21:45:22.332,488.013,2,9673,20,20.0,26.85,37.248,48.586,49.659,27.271,37.332,38.855,,,,,,88.0,74.51,66.0,778.1,4096.0,208.0,56.4,104.0,828.7,25.69,81.0,1275.0,14.7,80.0,93,11017.9,15708.2,70.1,1224.4,628.2,4352.0,14.4
2026-08-30T21:45:23.332,489.013,2,9693,20,20.0,27.61,36.225,44.723,46.012,26.398,34.247,35.163,,,,,,88.0,72.44,67.0,778.1,4096.0,208.0,30.7,104.0,828.7,25.47,80.0,1282.0,14.9,78.0,93,11009.7,15708.2,70.1,1224.4,628.2,4352.0,14.4
2026-08-30T21:45:24.333,490.014,2,9712,19,18.98,26.55,37.671,49.792,50.0,27.559,37.532,38.5,,,,,,87.0,71.5,67.0,778.1,4096.0,208.0,31.6,104.0,828.7,25.53,80.0,1267.0,15.3,79.9,93,11001.3,15708.2,70.0,1224.4,628.2,4352.0,14.4
2026-08-30T21:45:25.332,491.013,2,9732,20,20.02,27.39,36.516,46.159,47.552,26.573,34.779,37.371,,,,,,75.0,73.11,60.0,778.1,4096.0,208.0,31.6,104.0,828.7,25.51,80.0,1327.0,14.7,78.1,93,10995.7,15708.2,70.0,1224.4,628.2,4352.0,14.4
2026-08-30T21:45:26.332,492.013,2,9752,20,20.0,27.37,36.543,47.204,47.866,26.712,36.079,37.332,,,,,,70.0,73.09,56.0,778.1,4096.0,208.0,30.7,104.0,828.7,25.47,80.0,1372.0,15.2,80.0,93,10997.3,15708.2,70.0,1224.4,628.2,4352.0,14.4
2026-08-30T21:45:27.332,493.013,2,9772,20,20.0,27.52,36.337,47.575,48.255,26.337,37.175,38.245,,,,,,87.0,72.67,66.0,778.1,4096.0,208.0,30.7,104.0,828.7,25.46,80.0,1372.0,14.2,78.0,93,10996.1,15708.2,70.0,1224.4,628.2,4352.0,14.4
2026-08-30T21:45:28.332,494.013,2,9792,20,20.0,27.34,36.572,45.482,46.959,26.795,35.271,37.448,,,,,,83.0,73.15,61.0,778.1,4096.0,208.0,30.7,104.0,828.7,25.58,80.0,1432.0,14.8,79.0,93,10995.6,15708.2,70.0,1224.4,628.2,4352.0,14.4
2026-08-30T21:45:29.334,495.015,2,9811,19,18.96,26.88,37.201,48.249,48.699,27.405,38.021,38.1,,,,,,72.0,70.55,53.0,778.1,4096.0,208.0,30.7,104.0,828.7,25.44,80.0,1447.0,14.2,79.8,93,10994.7,15708.2,70.0,1224.4,628.2,4352.0,14.4
2026-08-30T21:45:30.332,496.013,2,9831,20,20.04,27.19,36.783,44.946,48.747,26.822,34.614,38.485,,,,,,74.0,73.7,56.0,778.1,4096.0,208.0,31.6,104.0,828.7,25.35,80.0,1357.0,14.3,81.2,93,10992.8,15708.2,70.0,1224.4,628.2,4352.0,14.4
2026-08-30T21:45:31.332,497.013,2,9851,20,20.0,26.61,37.584,46.838,47.7,27.541,35.861,36.92,,,,,,87.0,75.17,66.0,778.1,4096.0,208.0,31.6,104.0,828.7,25.48,80.0,1282.0,13.8,81.0,93,10990.4,15708.2,70.0,1224.4,628.2,4352.0,14.4
2026-08-30T21:45:32.332,498.013,2,9871,20,20.0,27.67,36.141,46.505,47.087,26.218,37.381,37.466,,,,,,88.0,72.29,66.0,778.1,4096.0,208.0,31.6,104.0,828.7,25.55,80.0,1320.0,15.5,77.0,93,10983.8,15708.2,69.9,1224.4,628.2,4352.0,14.4
2026-08-30T21:45:33.332,499.013,2,9891,20,20.0,26.75,37.38,48.927,49.648,27.242,37.444,38.207,,,,,,79.0,74.76,58.0,778.1,4096.0,208.0,30.7,104.0,828.7,25.67,80.0,1290.0,15.1,78.0,93,10979.8,15708.2,69.9,1224.4,628.2,4352.0,14.4
2026-08-30T21:45:34.334,500.015,2,9911,20,19.97,27.54,36.314,47.485,48.45,26.477,36.851,37.961,,,,,,86.0,72.51,65.0,778.1,4096.0,208.0,30.7,104.0,828.7,25.63,80.0,1267.0,14.7,79.9,93,10983.8,15708.2,69.9,1224.4,628.2,4352.0,14.4
2026-08-30T21:45:35.333,501.013,2,9931,20,20.03,27.07,36.946,48.512,51.481,26.877,37.25,37.78,,,,,,86.0,74.0,66.0,778.1,4096.0,208.0,30.7,104.0,828.7,25.45,81.0,1282.0,14.0,80.0,93,10968.7,15708.2,69.8,1224.4,628.2,4352.0,14.4
2026-08-30T21:45:36.332,502.013,2,9950,19,19.0,27.03,36.993,47.882,53.131,26.841,37.973,38.747,,,,,,80.0,70.29,62.0,778.1,4096.0,208.0,31.6,104.0,828.7,25.36,80.0,1305.0,18.0,78.1,93,10986.1,15708.2,69.9,1224.4,628.2,4352.0,14.4
2026-08-30T21:45:37.333,503.013,2,9970,20,20.0,27.19,36.776,48.035,48.409,26.814,37.529,38.054,,,,,,80.0,73.55,59.0,778.1,4096.0,208.0,31.8,104.0,828.7,25.57,80.0,1305.0,14.5,79.0,93,10982.2,15708.2,69.9,1224.4,628.2,4352.0,14.4
2026-08-30T21:45:38.333,504.013,2,9990,20,20.0,27.22,36.735,46.917,48.772,26.451,36.216,38.295,,,,,,79.0,73.47,59.0,778.1,4096.0,208.0,30.7,104.0,828.7,25.52,80.0,1372.0,15.1,78.9,93,10983.6,15708.2,69.9,1224.3,628.2,4352.0,14.4
2026-08-30T21:45:39.333,505.014,2,10010,20,19.97,26.68,37.476,46.006,47.802,27.241,35.07,37.71,,,,,,78.0,74.86,61.0,778.1,4096.0,208.0,30.7,104.0,828.7,25.45,80.0,1260.0,15.0,81.0,93,10992.0,15708.2,70.0,1224.4,628.2,4352.0,14.4
2026-08-30T21:45:40.332,506.013,2,10030,20,20.03,27.17,36.811,45.454,49.522,26.979,35.797,38.594,,,,,,70.0,73.73,52.0,778.1,4096.0,208.0,30.7,104.0,828.7,25.44,80.0,1492.0,14.9,81.1,93,10991.4,15708.2,70.0,1224.4,628.2,4352.0,14.4
2026-08-30T21:45:41.333,507.013,2,10049,19,19.0,26.9,37.17,46.302,47.516,27.369,36.3,36.757,,,,,,74.0,70.61,54.0,778.1,4096.0,208.0,30.7,104.0,828.7,25.33,80.0,1447.0,14.3,78.9,93,10997.5,15708.2,70.0,1224.4,628.2,4352.0,14.4
2026-08-30T21:45:42.332,508.013,2,10069,20,20.0,27.03,37.002,46.719,48.026,26.791,35.727,37.324,,,,,,73.0,74.0,55.0,778.1,4096.0,208.0,31.6,104.0,828.7,25.33,80.0,1372.0,15.0,81.1,93,10998.3,15708.2,70.0,1224.4,628.2,4352.0,14.4
2026-08-30T21:45:43.332,509.013,2,10089,20,20.0,26.81,37.293,45.714,48.342,27.241,34.768,38.377,,,,,,86.0,74.59,65.0,778.1,4096.0,208.0,31.6,104.0,828.7,25.54,80.0,1297.0,15.2,80.0,93,11000.7,15708.2,70.0,1224.2,628.2,4352.0,14.4
2026-08-30T21:45:44.333,510.014,2,10109,20,19.98,28.19,35.476,45.816,46.095,26.018,36.31,37.819,,,,,,84.0,70.87,61.0,778.1,4096.0,208.0,31.6,104.0,828.7,25.61,80.0,1282.0,14.1,77.9,93,10997.4,15708.2,70.0,1224.2,628.2,4352.0,14.4
2026-08-30T21:45:45.332,511.013,2,10129,20,20.02,27.04,36.985,46.695,48.217,26.849,37.079,37.525,,,,,,84.0,74.05,63.0,778.1,4096.0,208.0,31.6,104.0,828.7,25.42,81.0,1297.0,14.4,80.0,93,11006.8,15708.2,70.1,1224.2,628.2,4352.0,14.4
2026-08-30T21:45:46.333,512.014,2,10149,20,19.98,26.86,37.229,45.659,46.152,27.455,34.918,35.778,,,,,,72.0,74.4,52.0,778.1,4096.0,208.0,30.7,104.0,828.7,25.42,80.0,1410.0,13.8,78.9,93,11004.8,15708.2,70.1,1224.2,628.2,4352.0,14.4
2026-08-30T21:45:47.332,513.013,2,10169,20,20.02,27.45,36.432,45.025,48.323,26.415,35.579,37.502,,,,,,85.0,72.93,65.0,778.1,4096.0,208.0,30.7,104.0,828.7,25.39,80.0,1282.0,17.2,79.1,93,11034.8,15708.2,70.2,1224.2,628.2,4352.0,14.4
2026-08-30T21:45:48.332,514.013,2,10188,19,19.0,26.73,37.406,45.235,46.227,27.421,35.136,35.37,,,,,,75.0,71.07,54.0,778.1,4096.0,208.0,31.6,104.0,828.7,25.45,80.0,1327.0,14.8,79.0,93,11026.3,15708.2,70.2,1224.2,628.2,4352.0,14.4
2026-08-30T21:45:49.334,515.015,2,10208,20,19.96,26.73,37.414,47.044,50.36,27.1,36.975,37.007,,,,,,78.0,74.69,60.0,778.1,4096.0,208.0,31.6,104.0,828.7,25.38,80.0,1327.0,17.5,80.8,93,11041.1,15708.2,70.3,1224.2,628.2,4352.0,14.4
2026-08-30T21:45:50.332,516.013,2,10228,20,20.04,26.71,37.438,46.267,47.866,27.287,35.44,37.142,,,,,,78.0,75.01,60.0,778.1,4096.0,208.0,30.8,104.0,828.7,25.56,80.0,1305.0,14.3,81.2,93,11029.6,15708.2,70.2,1224.2,628.2,4352.0,14.4
2026-08-30T21:45:51.333,517.013,2,10247,19,19.0,25.95,38.538,48.947,52.227,27.49,37.235,37.726,,,,,,82.0,73.21,61.0,778.1,4096.0,208.0,30.7,104.0,828.7,25.34,80.0,1282.0,18.2,80.9,93,11054.7,15708.2,70.4,1224.2,628.2,4352.0,14.4
2026-08-30T21:45:52.332,518.013,2,10268,21,21.0,26.14,38.254,49.143,49.43,27.575,37.676,37.846,,,,,,85.0,80.34,64.0,778.1,4096.0,208.0,30.7,104.0,828.7,25.51,80.0,1282.0,16.6,83.1,93,11046.3,15708.2,70.3,1224.2,628.2,4352.0,14.4
2026-08-30T21:45:53.332,519.013,2,10288,20,20.0,26.87,37.213,46.062,48.68,27.107,35.33,37.994,,,,,,80.0,74.43,60.0,778.1,4096.0,208.0,30.7,104.0,828.7,25.4,81.0,1477.0,15.8,81.0,93,11037.3,15708.2,70.3,1224.2,628.2,4352.0,14.4
2026-08-30T21:45:54.334,520.015,2,10307,19,18.96,26.92,37.145,46.184,46.503,27.015,35.487,36.629,,,,,,77.0,70.44,60.0,778.1,4096.0,208.0,30.7,104.0,828.7,25.52,80.0,1260.0,15.2,78.9,93,11037.8,15708.2,70.3,1224.2,628.2,4352.0,14.4
2026-08-30T21:45:55.332,521.013,2,10327,20,20.04,27.47,36.408,48.6,49.734,26.239,37.551,38.489,,,,,,78.0,72.94,57.0,778.1,4096.0,208.0,31.6,104.0,828.7,25.43,81.0,1342.0,16.0,80.1,93,11046.2,15708.2,70.3,1224.2,628.2,4352.0,14.4
2026-08-30T21:45:56.333,522.013,2,10347,20,20.0,26.16,38.23,46.892,47.811,27.96,37.158,37.437,,,,,,73.0,76.45,58.0,778.1,4096.0,208.0,31.6,104.0,828.7,25.56,80.0,1305.0,15.6,80.9,93,11047.9,15708.2,70.3,1224.2,628.2,4352.0,14.4
2026-08-30T21:45:57.333,523.013,2,10367,20,20.0,27.52,36.332,45.649,45.879,25.83,34.538,34.895,,,,,,85.0,72.66,64.0,778.1,4096.0,208.0,31.6,104.0,828.7,25.51,80.0,1260.0,16.0,79.0,93,11039.5,15708.2,70.3,1224.3,628.2,4352.0,14.4
2026-08-30T21:45:58.333,524.014,2,10387,20,19.99,26.3,38.029,48.593,49.258,27.531,37.414,37.427,,,,,,77.0,76.02,56.0,778.1,4096.0,208.0,30.7,104.0,828.7,25.43,81.0,1260.0,16.2,81.0,93,11036.2,15708.2,70.3,1224.3,628.2,4352.0,14.4
2026-08-30T21:45:59.334,525.015,2,10406,19,18.98,26.92,37.144,47.254,48.588,27.094,37.895,37.98,,,,,,86.0,70.49,65.0,778.1,4096.0,208.0,30.7,104.0,828.7,25.64,80.0,1282.0,15.3,79.9,93,11037.0,15708.2,70.3,1224.3,628.2,4352.0,14.4
2026-08-30T21:46:00.332,526.013,2,10426,20,20.04,26.86,37.225,47.691,49.04,27.029,37.597,37.927,,,,,,74.0,74.58,59.0,778.1,4096.0,208.0,31.6,104.0,828.7,25.42,80.0,1305.0,15.5,80.2,93,11041.5,15708.2,70.3,1224.3,628.2,4352.0,14.4
2026-08-30T21:46:01.332,527.013,2,10446,20,20.0,26.91,37.165,46.489,46.642,27.139,35.138,35.617,,,,,,83.0,74.33,62.0,778.1,4096.0,208.0,31.6,104.0,828.7,25.51,81.0,1305.0,18.5,80.0,93,11066.3,15708.2,70.4,1224.3,628.2,4352.0,14.4
2026-08-30T21:46:02.332,528.013,2,10466,20,20.0,26.5,37.733,48.233,48.691,27.043,35.74,36.015,,,,,,78.0,75.46,58.0,778.1,4096.0,208.0,30.7,104.0,828.7,25.4,80.0,1417.0,17.5,80.0,93,11064.7,15708.2,70.4,1224.3,628.2,4352.0,14.4
2026-08-30T21:46:03.332,529.013,2,10486,20,20.0,26.61,37.579,46.308,49.189,27.192,36.785,37.675,,,,,,80.0,75.16,62.0,778.1,4096.0,208.0,30.7,104.0,828.7,25.53,80.0,1282.0,19.1,81.0,93,11099.3,15708.2,70.7,1224.3,628.2,4352.0,14.4
2026-08-30T21:46:04.333,530.014,2,10506,20,19.98,26.72,37.427,47.681,48.51,27.062,35.575,38.105,,,,,,87.0,74.77,66.0,778.1,4096.0,208.0,30.7,104.0,828.7,25.57,80.0,1260.0,17.8,79.9,93,11095.6,15708.2,70.6,1224.3,628.2,4352.0,14.4
2026-08-30T21:46:05.332,531.013,2,10526,20,20.02,27.0,37.036,46.587,47.162,27.248,37.266,37.652,,,,,,79.0,74.16,58.0,778.1,4096.0,208.0,30.7,104.0,828.7,25.58,81.0,1537.0,21.2,81.1,93,11100.1,15708.2,70.7,1224.3,628.2,4352.0,14.4
2026-08-30T21:46:06.332,532.013,2,10545,19,19.0,26.37,37.919,48.478,48.624,27.419,37.695,37.712,,,,,,79.0,72.05,61.0,778.1,4096.0,208.0,31.6,104.0,828.7,25.52,80.0,1260.0,15.2,81.0,93,11091.7,15708.2,70.6,1224.3,628.2,4352.0,14.4
2026-08-30T21:46:07.332,533.013,2,10565,20,20.0,26.4,37.872,46.69,47.375,27.785,35.689,36.028,,,,,,73.0,75.75,58.0,778.1,4096.0,208.0,31.6,104.0,828.7,25.43,80.0,1305.0,18.9,81.0,93,11075.0,15708.2,70.5,1224.3,628.2,4352.0,14.4
2026-08-30T21:46:08.332,534.013,2,10585,20,20.0,27.41,36.482,44.526,48.342,26.767,34.679,38.503,,,,,,84.0,72.96,62.0,778.1,4096.0,208.0,31.6,104.0,828.7,25.55,81.0,1327.0,15.7,80.0,93,11063.0,15708.2,70.4,1224.3,628.2,4352.0,14.4
2026-08-30T21:46:09.334,535.014,2,10605,20,19.97,26.95,37.1,47.41,48.031,27.09,35.963,36.814,,,,,,82.0,74.09,62.0,778.1,4096.0,208.0,31.8,104.0,828.7,25.6,81.0,1260.0,15.6,78.9,93,11063.4,15708.2,70.4,1224.3,628.2,4352.0,14.4
2026-08-30T21:46:10.333,536.014,2,10625,20,20.01,26.78,37.342,48.103,49.657,27.153,37.645,38.09,,,,,,87.0,74.71,65.0,778.1,4096.0,208.0,30.7,104.0,828.7,25.66,81.0,1282.0,23.0,80.0,93,11061.1,15708.2,70.4,1224.3,628.2,4352.0,14.4
2026-08-30T21:46:11.332,537.013,2,10644,19,19.02,26.79,37.331,47.605,49.602,27.196,38.363,38.454,,,,,,75.0,71.01,54.0,778.1,4096.0,208.0,31.6,104.0,828.7,25.66,81.0,1342.0,17.7,80.1,93,11055.0,15708.2,70.4,1224.3,628.2,4352.0,14.4
2026-08-30T21:46:12.332,538.013,2,10664,20,20.0,26.95,37.1,46.56,46.817,27.058,35.793,35.882,,,,,,80.0,74.2,58.0,778.1,4096.0,208.0,31.6,104.0,828.7,25.57,81.0,1372.0,17.8,80.0,93,11053.4,15708.2,70.4,1224.3,628.2,4352.0,14.4
2026-08-30T21:46:13.332,539.013,2,10684,20,20.0,26.13,38.277,46.946,49.104,28.024,35.701,38.393,,,,,,74.0,76.56,58.0,778.1,4096.0,208.0,31.6,104.0,828.7,25.47,81.0,1282.0,18.5,83.0,93,11051.4,15708.2,70.4,1224.3,628.2,4352.0,14.4
2026-08-30T21:46:14.334,540.015,2,10704,20,19.96,26.92,37.153,46.17,47.27,27.361,35.585,37.747,,,,,,72.0,74.16,55.0,778.1,4096.0,208.0,50.3,104.0,828.7,25.36,80.0,1327.0,17.3,79.8,93,11051.8,15708.2,70.4,1224.3,628.2,4352.0,14.4
2026-08-30T21:46:15.332,541.013,2,10723,19,19.03,26.93,37.139,46.922,49.939,27.119,35.936,37.859,,,,,,72.0,70.69,56.0,778.1,4096.0,208.0,31.6,104.0,828.7,25.43,81.0,1282.0,15.4,79.1,93,11047.1,15708.2,70.3,1224.3,628.2,4352.0,14.4
2026-08-30T21:46:16.332,542.013,2,10744,21,21.0,26.37,37.915,46.468,46.584,27.682,35.388,36.558,,,,,,80.0,79.62,60.0,778.1,4096.0,208.0,30.7,104.0,828.7,25.49,80.0,1462.0,17.8,82.0,93,10997.7,15708.2,70.0,1224.3,628.2,4352.0,14.4
2026-08-30T21:46:17.332,543.013,2,10764,20,20.0,26.94,37.124,46.388,47.962,26.951,37.132,37.435,,,,,,77.0,74.25,57.0,778.1,4096.0,208.0,30.7,104.0,828.7,25.49,81.0,1290.0,19.8,81.0,93,11033.8,15708.2,70.2,1224.3,628.2,4352.0,14.4
2026-08-30T21:46:18.332,544.013,2,10783,19,19.0,26.98,37.065,46.959,48.539,27.267,36.81,37.595,,,,,,69.0,70.42,53.0,778.1,4096.0,208.0,31.6,104.0,828.7,25.51,81.0,1275.0,16.0,81.0,93,11023.0,15708.2,70.2,1224.3,628.2,4352.0,14.4
2026-08-30T21:46:19.333,545.014,2,10803,20,19.98,27.07,36.935,47.158,47.247,26.784,37.079,37.211,,,,,,88.0,73.78,66.0,778.1,4096.0,208.0,31.6,104.0,828.7,25.55,80.0,1522.0,20.5,79.9,93,11032.0,15708.2,70.2,1224.3,628.2,4352.0,14.4
2026-08-30T21:46:20.333,546.013,2,10823,20,20.02,27.24,36.717,45.648,46.243,26.303,34.23,35.533,,,,,,87.0,73.52,65.0,778.1,4096.0,208.0,31.6,104.0,828.7,25.56,81.0,1395.0,18.6,80.0,93,11034.9,15708.2,70.2,1224.3,628.2,4352.0,14.4
2026-08-30T21:46:21.332,547.013,2,10843,20,20.0,27.73,36.057,46.228,47.117,26.186,37.505,37.698,,,,,,85.0,72.13,66.0,778.1,4096.0,208.0,31.6,104.0,828.7,25.35,81.0,1275.0,18.4,78.1,93,11022.9,15708.2,70.2,1224.3,628.2,4352.0,14.4
2026-08-30T21:46:22.332,548.013,2,10862,19,19.0,26.49,37.748,48.982,49.107,27.254,37.596,38.145,,,,,,83.0,71.72,65.0,778.1,4096.0,208.0,30.7,104.0,828.7,25.46,81.0,1275.0,21.6,80.9,93,11027.9,15708.2,70.2,1224.3,628.2,4352.0,14.4
2026-08-30T21:46:23.332,549.013,2,10882,20,20.0,26.97,37.082,45.626,46.838,26.79,35.523,35.841,,,,,,79.0,74.17,58.0,778.1,4096.0,208.0,31.6,104.0,828.7,25.29,81.0,1305.0,20.8,80.1,93,11070.3,15708.2,70.5,1224.3,628.2,4352.0,14.4
2026-08-30T21:46:24.333,550.014,2,10902,20,19.98,27.42,36.471,45.482,49.655,26.377,34.645,38.148,,,,,,70.0,72.86,56.0,778.1,4096.0,208.0,31.6,104.0,828.7,25.29,81.0,1275.0,17.9,78.9,93,11137.3,15708.2,70.9,1224.3,628.2,4352.0,14.4
2026-08-30T21:46:25.332,551.013,2,10922,20,20.02,27.59,36.241,47.708,49.505,26.185,36.291,38.595,,,,,,79.0,72.56,59.0,778.1,4096.0,208.0,31.6,104.0,828.7,25.21,81.0,1305.0,16.1,78.1,93,11117.2,15708.2,70.8,1224.3,628.2,4352.0,14.4
2026-08-30T21:46:26.332,552.013,2,10942,20,20.0,27.46,36.422,45.537,46.155,26.599,34.621,34.74,,,,,,82.0,72.85,63.0,778.1,4096.0,208.0,30.7,104.0,828.7,25.45,81.0,1282.0,15.4,78.0,93,11111.8,15708.2,70.7,1224.3,628.2,4352.0,14.4
2026-08-30T21:46:27.332,553.013,2,10962,20,20.0,27.37,36.54,45.154,47.201,26.263,34.166,34.608,,,,,,68.0,73.07,51.0,778.1,4096.0,208.0,30.7,104.0,828.7,25.31,81.0,1305.0,16.4,79.0,93,11107.4,15708.2,70.7,1224.3,628.2,4352.0,14.4
2026-08-30T21:46:28.332,554.013,2,10982,20,20.0,27.22,36.737,47.467,48.578,26.831,35.984,37.255,,,,,,73.0,73.48,56.0,778.1,4096.0,208.0,30.7,104.0,828.7,25.25,81.0,1282.0,16.3,80.0,93,11107.5,15708.2,70.7,1224.3,628.2,4352.0,14.4
2026-08-30T21:46:29.333,555.014,2,11002,20,19.98,27.4,36.497,45.61,49.882,26.533,35.504,38.748,,,,,,87.0,72.91,66.0,778.1,4096.0,208.0,30.7,104.0,828.7,25.36,81.0,1470.0,14.9,79.9,93,11103.2,15708.2,70.7,1224.3,628.2,4352.0,14.4
2026-08-30T21:46:30.333,556.014,2,11022,20,20.01,27.96,35.767,45.16,45.382,26.243,34.275,35.402,,,,,,68.0,71.57,54.0,778.1,4096.0,208.0,30.7,104.0,828.7,25.51,81.0,1290.0,15.0,79.1,93,11101.1,15708.2,70.7,1224.3,628.2,4352.0,14.4
2026-08-30T21:46:31.332,557.013,2,11041,19,19.01,27.82,35.946,47.404,48.426,25.941,36.242,37.552,,,,,,85.0,68.34,63.0,778.1,4096.0,208.0,31.6,104.0,828.7,25.4,81.0,1425.0,14.7,78.0,93,11101.4,15708.2,70.7,1224.3,628.2,4352.0,14.4
2026-08-30T21:46:32.332,558.013,2,11061,20,20.0,27.54,36.316,46.519,49.098,26.478,35.819,38.515,,,,,,87.0,72.63,65.0,778.1,4096.0,208.0,31.6,104.0,828.7,25.46,81.0,1402.0,15.3,77.0,93,11090.9,15708.2,70.6,1224.3,628.2,4352.0,14.4
2026-08-30T21:46:33.332,559.013,2,11081,20,20.0,26.1,38.316,49.038,49.403,28.167,38.332,38.643,,,,,,75.0,76.63,56.0,778.1,4096.0,208.0,30.7,104.0,828.7,25.5,81.0,1275.0,15.4,81.0,93,11095.1,15708.2,70.6,1224.3,628.2,4352.0,14.4
2026-08-30T21:46:34.334,560.014,2,11101,20,19.97,26.79,37.333,47.825,49.724,27.088,37.632,38.837,,,,,,85.0,74.56,63.0,778.1,4096.0,208.0,50.3,104.0,828.7,25.71,81.0,1275.0,18.6,81.9,93,11128.1,15708.2,70.8,1224.3,628.2,4352.0,14.4
2026-08-30T21:46:35.332,561.013,2,11120,19,19.03,25.96,38.518,48.469,49.759,28.452,38.2,39.372,,,,,,81.0,73.29,60.0,778.1,4096.0,208.0,31.6,104.0,828.7,25.57,81.0,1282.0,14.9,82.1,93,11125.5,15708.2,70.8,1224.3,628.2,4352.0,14.4
2026-08-30T21:46:36.332,562.013,2,11140,20,20.0,26.71,37.439,47.835,48.716,27.307,37.148,37.623,,,,,,88.0,74.87,65.0,778.1,4096.0,208.0,31.6,104.0,828.7,25.48,81.0,1275.0,16.6,79.9,93,11133.0,15708.2,70.9,1224.3,628.2,4352.0,14.4
2026-08-30T21:46:37.332,563.013,2,11160,20,20.0,26.88,37.205,47.867,48.347,27.238,38.339,38.359,,,,,,87.0,74.42,65.0,778.1,4096.0,208.0,31.6,104.0,828.7,25.71,81.0,1260.0,16.0,80.1,93,11152.5,15708.2,71.0,1224.3,628.2,4352.0,14.4
2026-08-30T21:46:38.333,564.013,2,11180,20,20.0,26.33,37.985,46.123,48.394,27.819,35.357,36.633,,,,,,74.0,75.96,57.0,778.1,4096.0,208.0,56.4,104.0,828.7,25.53,81.0,1305.0,15.6,81.9,93,11152.9,15708.2,71.0,1224.3,628.2,4352.0,14.4
2026-08-30T21:46:39.333,565.014,2,11200,20,19.98,27.1,36.906,46.783,49.789,26.933,36.805,38.291,,,,,,88.0,73.74,66.0,778.1,4096.0,208.0,30.7,104.0,828.7,25.64,81.0,1395.0,15.0,79.8,93,11154.9,15708.2,71.0,1224.3,628.2,4352.0,14.4
2026-08-30T21:46:40.332,566.013,2,11220,20,20.02,26.61,37.585,48.9,48.98,27.211,38.055,38.784,,,,,,79.0,75.26,59.0,778.1,4096.0,208.0,30.7,104.0,828.7,25.52,81.0,1282.0,15.6,81.2,93,11151.7,15708.2,71.0,1224.3,628.2,4352.0,14.4
2026-08-30T21:46:41.332,567.013,2,11240,20,20.0,26.93,37.134,46.507,48.832,26.978,37.098,37.778,,,,,,80.0,74.27,62.0,778.1,4096.0,208.0,30.7,104.0,828.7,25.56,81.0,1365.0,15.5,81.0,93,11145.6,15708.2,71.0,1224.3,628.2,4352.0,14.4
2026-08-30T21:46:42.332,568.013,2,11259,19,19.0,26.74,37.402,46.831,47.155,26.974,36.2,37.687,,,,,,66.0,71.06,52.0,778.1,4096.0,208.0,31.6,104.0,828.7,25.33,81.0,1357.0,15.4,80.0,93,11140.0,15708.2,70.9,1224.3,628.2,4352.0,14.4
2026-08-30T21:46:43.332,569.013,2,11279,20,20.0,26.85,37.245,46.01,47.654,27.283,36.299,38.113,,,,,,76.0,74.5,60.0,778.1,4096.0,208.0,31.6,104.0,828.7,25.54,81.0,1312.0,15.4,81.0,93,11139.0,15708.2,70.9,1224.3,628.2,4352.0,14.4
2026-08-30T21:46:44.333,570.014,2,11299,20,19.98,27.27,36.674,47.047,50.057,26.948,37.806,37.869,,,,,,85.0,73.26,65.0,778.1,4096.0,208.0,31.6,104.0,828.7,25.53,81.0,1305.0,15.5,79.9,93,11138.1,15708.2,70.9,1224.3,628.2,4352.0,14.4
2026-08-30T21:46:45.332,571.013,2,11319,20,20.02,26.27,38.069,45.852,46.737,27.569,35.085,36.208,,,,,,86.0,76.22,65.0,778.1,4096.0,208.0,56.4,104.0,828.7,25.57,81.0,1312.0,15.1,82.1,93,11144.1,15708.2,70.9,1224.3,628.2,4352.0,14.4
2026-08-30T21:46:46.334,572.015,2,11339,20,19.96,25.69,38.924,46.452,46.657,27.701,34.456,35.743,,,,,,89.0,77.7,67.0,778.1,4096.0,208.0,30.7,104.0,828.7,26.15,81.0,1275.0,15.7,82.8,93,11146.8,15708.2,71.0,1224.3,628.2,4352.0,14.4
2026-08-30T21:46:47.332,573.013,2,11358,19,19.04,25.2,39.679,46.95,47.418,27.948,34.348,36.413,,,,,,89.0,75.54,66.0,778.1,4096.0,208.0,31.6,104.0,828.7,26.12,81.0,1275.0,15.3,85.2,93,11146.2,15708.2,71.0,1224.3,628.2,4352.0,14.4
2026-08-30T21:46:48.332,574.013,2,11378,20,20.0,25.19,39.695,49.1,49.922,28.175,36.422,36.461,,,,,,92.0,79.39,68.0,778.1,4096.0,208.0,31.6,104.0,828.7,26.16,81.0,1275.0,16.3,84.0,93,11145.6,15708.2,71.0,1224.3,628.2,4352.0,14.4
2026-08-30T21:46:49.333,575.014,2,11398,20,19.98,25.47,39.259,45.565,45.592,27.858,34.379,34.406,,,,,,90.0,78.43,66.0,778.1,4096.0,208.0,31.6,104.0,828.7,26.1,81.0,1275.0,15.4,83.9,93,11145.7,15708.2,71.0,1224.3,628.2,4352.0,14.4
2026-08-30T21:46:50.332,576.013,2,11418,20,20.02,25.8,38.76,47.443,47.506,27.59,36.288,36.364,,,,,,86.0,77.61,62.0,778.1,4096.0,208.0,37.2,104.0,828.7,26.06,81.0,1395.0,15.7,83.1,93,11119.0,15708.2,70.8,1224.3,628.2,4352.0,14.4
2026-08-30T21:46:51.333,577.013,2,11438,20,19.99,26.99,37.049,45.346,46.884,26.356,34.193,34.354,,,,,,89.0,74.07,66.0,778.1,4096.0,208.0,30.7,104.0,828.7,26.12,81.0,1320.0,15.7,79.0,93,11111.3,15708.2,70.7,1224.3,628.2,4352.0,14.4
2026-08-30T21:46:52.332,578.013,2,11458,20,20.01,27.54,36.311,44.995,46.129,25.524,31.675,31.773,,,,,,89.0,72.65,66.0,778.1,4096.0,208.0,30.7,104.0,828.7,25.99,81.0,1365.0,15.0,78.0,93,11109.3,15708.2,70.7,1224.3,628.2,4352.0,14.4
2026-08-30T21:46:53.332,579.013,2,11478,20,20.0,27.23,36.728,45.035,45.471,25.996,33.979,34.042,,,,,,89.0,73.46,66.0,778.1,4096.0,208.0,30.7,104.0,828.7,26.13,81.0,1267.0,15.8,80.0,93,11106.9,15708.2,70.7,1224.3,628.2,4352.0,14.4
2026-08-30T21:46:54.333,580.014,2,11497,19,18.98,26.8,37.319,48.133,49.975,26.642,34.444,38.224,,,,,,81.0,70.82,62.0,778.1,4096.0,208.0,31.6,104.0,828.7,26.01,81.0,1282.0,15.2,80.9,93,11106.3,15708.2,70.7,1224.3,628.2,4352.0,14.4
2026-08-30T21:46:55.332,581.013,2,11517,20,20.02,25.41,39.351,45.329,49.542,28.728,34.626,38.457,,,,,,90.0,78.79,66.0,778.1,4096.0,208.0,31.6,104.0,828.7,26.02,81.0,1282.0,25.0,85.1,93,11103.3,15708.2,70.7,1224.3,628.2,4352.0,14.4
2026-08-30T21:46:56.332,582.013,2,11537,20,20.0,26.88,37.209,46.979,47.672,26.001,34.111,34.339,,,,,,86.0,74.41,64.0,778.1,4096.0,208.0,31.6,104.0,828.7,26.0,81.0,1260.0,15.1,81.0,93,11102.4,15708.2,70.7,1224.3,628.2,4352.0,14.4
2026-08-30T21:46:57.332,583.013,2,11557,20,20.0,27.46,36.421,45.054,45.554,26.009,34.08,34.814,,,,,,81.0,72.85,60.0,778.1,4096.0,208.0,31.6,104.0,828.7,26.01,81.0,1372.0,15.3,79.0,93,11098.2,15708.2,70.7,1224.3,628.2,4352.0,14.4
2026-08-30T21:46:58.332,584.013,2,11577,20,20.0,26.11,38.306,48.232,49.041,28.325,38.302,39.125,,,,,,88.0,76.61,66.0,778.1,4096.0,208.0,30.7,104.0,828.7,25.92,81.0,1297.0,15.4,81.0,93,11100.5,15708.2,70.7,1224.3,628.2,4352.0,14.4
2026-08-30T21:46:59.333,585.014,2,11596,19,18.98,26.34,37.968,50.11,50.366,27.765,37.725,38.944,,,,,,84.0,72.06,61.0,778.1,4096.0,208.0,31.6,104.0,828.7,25.07,81.0,1237.0,15.6,82.9,93,11099.9,15708.2,70.7,1224.3,628.2,4352.0,14.4
2026-08-30T21:47:00.332,586.013,2,11616,20,20.02,25.64,39.0,49.338,51.437,28.719,37.951,39.316,,,,,,86.0,78.08,62.0,778.1,4096.0,208.0,31.6,104.0,828.7,23.92,81.0,1237.0,15.2,83.1,93,11099.5,15708.2,70.7,1224.3,628.2,4352.0,14.4
2026-08-30T21:47:01.332,587.013,2,11636,20,20.0,26.21,38.156,49.449,49.503,27.958,37.594,38.296,,,,,,90.0,76.31,65.0,778.1,4096.0,208.0,31.6,104.0,828.7,23.94,81.0,1237.0,15.2,82.0,93,11100.2,15708.2,70.7,1224.3,628.2,4352.0,14.4
2026-08-30T21:47:02.332,588.013,2,11656,20,20.0,25.23,39.633,50.355,50.81,29.328,38.311,38.971,,,,,,87.0,79.27,63.0,778.1,4096.0,208.0,31.8,104.0,828.7,23.91,81.0,1237.0,15.2,85.0,93,11099.8,15708.2,70.7,1224.3,628.2,4352.0,14.4
2026-08-30T21:47:03.332,589.013,2,11676,20,20.0,25.19,39.702,49.909,51.238,29.508,39.282,39.299,,,,,,85.0,79.4,62.0,778.1,4096.0,208.0,30.7,104.0,828.7,23.86,81.0,1237.0,16.0,84.0,93,11093.3,15708.2,70.6,1224.3,628.2,4352.0,14.4
2026-08-30T21:47:04.333,590.014,2,11696,20,19.98,24.93,40.106,50.983,51.516,29.908,38.433,39.777,,,,,,92.0,80.12,66.0,778.1,4096.0,208.0,30.7,104.0,828.7,23.85,80.0,1237.0,15.6,85.9,93,11095.8,15708.2,70.6,1224.3,628.2,4352.0,14.4
2026-08-30T21:47:05.332,591.013,2,11716,20,20.02,25.62,39.026,49.527,50.228,28.716,38.157,38.281,,,,,,91.0,78.14,65.0,778.1,4096.0,208.0,30.7,104.0,828.7,24.11,81.0,1237.0,15.5,86.1,93,11095.7,15708.2,70.6,1224.3,628.2,4352.0,14.4
2026-08-30T21:47:06.332,592.013,2,11735,19,19.0,26.12,38.291,46.073,48.664,27.714,35.278,38.198,,,,,,82.0,72.75,61.0,778.1,4096.0,208.0,31.6,104.0,828.7,24.68,81.0,1237.0,15.2,80.0,93,11091.7,15708.2,70.6,1224.3,628.2,4352.0,14.4
2026-08-30T21:47:07.333,593.014,2,11756,21,20.99,24.71,40.473,49.583,50.774,29.907,39.014,39.377,,,,,,88.0,84.94,64.0,778.1,4096.0,208.0,30.7,104.0,828.7,24.37,81.0,1237.0,15.9,89.9,93,11089.1,15708.2,70.6,1224.3,628.2,4352.0,14.4
2026-08-30T21:47:08.332,594.013,2,11775,19,19.01,25.42,39.34,46.808,47.017,28.289,35.129,35.216,,,,,,89.0,74.79,64.0,778.1,4096.0,208.0,31.6,104.0,828.7,24.7,81.0,1237.0,15.5,83.0,93,11092.3,15708.2,70.6,1224.3,628.2,4352.0,14.4
2026-08-30T21:47:09.333,595.014,2,11795,20,19.98,27.04,36.985,43.352,47.949,27.095,33.487,37.486,,,,,,76.0,73.89,55.0,778.1,4096.0,208.0,31.6,104.0,828.7,24.45,81.0,1237.0,15.2,79.9,93,11092.6,15708.2,70.6,1224.3,628.2,4352.0,14.4
2026-08-30T21:47:10.332,596.013,2,11815,20,20.02,24.98,40.036,50.92,50.965,29.282,39.193,39.5,,,,,,91.0,80.17,65.0,778.1,4096.0,208.0,31.6,104.0,828.7,23.91,81.0,1237.0,18.4,86.1,93,11033.7,15708.2,70.2,1224.3,628.2,4352.0,14.4
2026-08-30T21:47:11.332,597.013,2,11834,19,19.0,25.29,39.543,48.762,50.757,29.566,38.993,39.573,,,,,,86.0,75.14,61.0,778.1,4096.0,208.0,31.6,104.0,828.7,24.16,80.0,1237.0,16.1,85.0,93,11035.7,15708.2,70.3,1224.3,628.2,4352.0,14.4
2026-08-30T21:47:12.332,598.013,2,11854,20,20.0,25.33,39.476,49.688,50.614,29.463,38.992,39.266,,,,,,90.0,78.95,65.0,778.1,4096.0,208.0,31.6,104.0,828.7,24.02,81.0,1237.0,15.7,84.0,93,11018.9,15708.2,70.1,1224.3,628.2,4352.0,14.4
2026-08-30T21:47:13.332,599.013,2,11874,20,20.0,24.45,40.896,50.141,51.946,30.74,39.323,39.597,,,,,,83.0,81.79,61.0,778.1,4096.0,208.0,31.6,104.0,828.7,23.86,80.0,1237.0,15.3,86.0,93,11010.0,15708.2,70.1,1224.3,628.2,4352.0,14.4
2026-08-30T21:47:14.333,600.014,2,11894,20,19.98,26.15,38.241,49.175,51.934,27.753,37.96,39.393,,,,,,90.0,76.4,65.0,778.1,4096.0,208.0,31.6,104.0,828.7,23.97,80.0,1237.0,14.3,81.9,93,11008.7,15708.2,70.1,1224.3,628.2,4352.0,14.4
2026-08-30T21:47:15.332,601.013,2,11914,20,20.02,25.6,39.056,49.448,50.301,28.897,37.584,39.04,,,,,,88.0,78.2,64.0,778.1,4096.0,208.0,30.7,104.0,828.7,24.02,80.0,1237.0,14.7,84.1,93,11010.9,15708.2,70.1,1224.3,628.2,4352.0,14.4
2026-08-30T21:47:16.332,602.013,2,11934,20,20.0,25.25,39.603,50.066,50.357,29.424,38.786,39.593,,,,,,87.0,79.21,63.0,778.1,4096.0,208.0,30.7,104.0,828.7,23.67,80.0,1237.0,14.5,85.0,93,11010.1,15708.2,70.1,1224.3,628.2,4352.0,14.4
2026-08-30T21:47:17.332,603.013,2,11954,20,20.0,25.8,38.757,49.666,50.302,28.72,38.196,38.74,,,,,,92.0,77.51,66.0,778.1,4096.0,208.0,30.7,104.0,828.7,24.05,80.0,1237.0,14.9,83.0,93,11013.3,15708.2,70.1,1224.3,628.2,4352.0,14.4
2026-08-30T21:47:18.332,604.013,2,11973,19,19.0,24.64,40.579,49.085,49.821,30.017,38.496,39.045,,,,,,88.0,77.09,64.0,778.1,4096.0,208.0,31.6,104.0,828.7,24.3,80.0,1237.0,14.7,86.0,93,11012.9,15708.2,70.1,1224.3,628.2,4352.0,14.4
2026-08-30T21:47:19.333,605.014,2,11994,21,20.98,24.99,40.017,50.063,50.407,29.467,37.643,38.772,,,,,,93.0,83.95,66.0,778.1,4096.0,208.0,30.7,104.0,828.7,24.48,80.0,1237.0,15.3,87.9,93,11014.1,15708.2,70.1,1224.3,628.2,4352.0,14.4
2026-08-30T21:47:20.332,606.013,2,12013,19,19.02,25.32,39.49,50.439,50.663,28.692,37.745,39.483,,,,,,91.0,75.12,66.0,778.1,4096.0,208.0,31.6,104.0,828.7,24.64,80.0,1237.0,14.3,83.1,93,11003.3,15708.2,70.0,1224.3,628.2,4352.0,14.4
2026-08-30T21:47:21.333,607.013,2,12033,20,20.0,25.56,39.119,46.781,50.333,28.658,35.241,39.331,,,,,,87.0,78.24,63.0,778.1,4096.0,208.0,50.3,104.0,828.7,24.62,80.0,1237.0,14.9,84.0,93,11013.0,15708.2,70.1,1224.3,628.2,4352.0,14.4
2026-08-30T21:47:22.333,608.013,2,12053,20,20.0,25.82,38.732,48.404,50.259,27.878,37.297,37.564,,,,,,89.0,77.46,65.0,778.1,4096.0,208.0,39.8,104.0,828.7,24.57,80.0,1237.0,14.6,83.0,93,11007.4,15708.2,70.1,1224.3,628.2,4352.0,14.4
2026-08-30T21:47:23.333,609.013,2,12072,19,19.0,25.86,38.673,45.795,47.922,28.152,35.078,37.247,,,,,,90.0,73.47,65.0,778.1,4096.0,208.0,30.7,104.0,828.7,24.62,80.0,1237.0,15.1,84.0,93,11009.8,15708.2,70.1,1224.3,628.2,4352.0,14.4
2026-08-30T21:47:24.333,610.014,2,12092,20,19.98,25.68,38.937,45.537,45.929,27.763,34.93,34.97,,,,,,96.0,77.79,69.0,778.1,4096.0,208.0,31.6,104.0,828.7,24.69,80.0,1237.0,14.6,82.9,93,11010.8,15708.2,70.1,1224.3,628.2,4352.0,14.4
2026-08-30T21:47:25.332,611.013,2,12112,20,20.03,25.39,39.382,49.864,51.381,28.366,37.73,39.711,,,,,,91.0,78.86,65.0,778.1,4096.0,208.0,31.6,104.0,828.7,24.64,80.0,1237.0,15.0,84.1,93,11019.3,15708.2,70.1,1224.3,628.2,4352.0,14.4
2026-08-30T21:47:26.332,612.013,2,12132,20,20.0,24.88,40.192,49.677,51.23,28.775,37.403,37.571,,,,,,93.0,80.38,66.0,778.1,4096.0,208.0,31.6,104.0,828.7,24.69,80.0,1237.0,14.5,86.0,93,11013.4,15708.2,70.1,1224.3,628.2,4352.0,14.4
2026-08-30T21:47:27.333,613.013,2,12152,20,19.99,25.44,39.309,49.779,49.958,28.79,37.988,38.685,,,,,,88.0,78.6,62.0,778.1,4096.0,208.0,38.7,104.0,828.7,24.43,80.0,1237.0,14.3,85.0,93,11014.1,15708.2,70.1,1224.3,628.2,4352.0,14.4
2026-08-30T21:47:28.332,614.013,2,12172,20,20.01,26.95,37.111,40.893,48.42,27.013,30.306,37.363,,,,,,91.0,74.25,65.0,778.1,4096.0,208.0,30.7,104.0,828.7,24.41,80.0,1237.0,14.7,80.0,93,11016.2,15708.2,70.1,1224.3,628.2,4352.0,14.4
2026-08-30T21:47:29.333,615.014,2,12192,20,19.98,24.93,40.115,48.965,50.575,30.002,38.943,39.386,,,,,,93.0,80.14,66.0,778.1,4096.0,208.0,30.7,104.0,828.7,24.31,80.0,1237.0,14.5,84.9,93,11013.9,15708.2,70.1,1224.3,628.2,4352.0,14.4
2026-08-30T21:47:30.332,616.013,2,12211,19,19.02,25.4,39.364,48.443,48.81,28.647,37.331,37.468,,,,,,86.0,74.88,63.0,778.1,4096.0,208.0,31.6,104.0,828.7,24.6,80.0,1237.0,14.6,85.1,93,11020.2,15708.2,70.2,1224.3,628.2,4352.0,14.4
2026-08-30T21:47:31.332,617.013,2,12232,21,21.0,26.27,38.073,48.593,48.717,27.92,37.174,37.363,,,,,,92.0,79.96,67.0,778.1,4096.0,208.0,30.7,104.0,828.7,24.61,80.0,1237.0,14.3,83.0,93,11018.3,15708.2,70.1,1224.3,628.2,4352.0,14.4
2026-08-30T21:47:32.332,618.013,2,12251,19,19.0,25.5,39.215,47.838,48.629,28.746,37.187,37.488,,,,,,92.0,74.5,67.0,778.1,4096.0,208.0,31.6,104.0,828.7,24.66,80.0,1237.0,14.6,84.0,93,11010.9,15708.2,70.1,1224.3,628.2,4352.0,14.4
2026-08-30T21:47:33.332,619.013,2,12271,20,20.0,25.37,39.412,49.048,49.848,28.918,37.32,38.427,,,,,,88.0,78.82,64.0,778.1,4096.0,208.0,37.4,104.0,828.7,24.56,80.0,1237.0,14.7,84.0,93,11011.1,15708.2,70.1,1224.3,628.2,4352.0,14.4
2026-08-30T21:47:34.334,620.015,2,12291,20,19.97,25.38,39.407,48.411,49.949,29.331,38.358,38.585,,,,,,91.0,78.68,66.0,778.1,4096.0,208.0,46.1,104.0,828.7,24.27,80.0,1237.0,15.1,84.9,93,11013.4,15708.2,70.1,1224.3,628.2,4352.0,14.4
2026-08-30T21:47:35.332,621.013,2,12311,20,20.03,26.85,37.245,43.014,43.337,27.096,32.334,32.387,,,,,,91.0,74.61,65.0,778.1,4096.0,208.0,30.7,104.0,828.7,24.54,80.0,1237.0,14.9,80.1,93,11013.9,15708.2,70.1,1224.3,628.2,4352.0,14.4
2026-08-30T21:47:36.332,622.013,2,12331,20,20.0,26.04,38.398,48.746,50.162,28.028,37.387,39.465,,,,,,97.0,76.79,67.0,778.1,4096.0,208.0,30.7,104.0,828.7,24.58,80.0,1237.0,15.6,84.0,93,11027.0,15708.2,70.2,1224.3,628.2,4352.0,14.4
2026-08-30T21:47:37.332,623.013,2,12350,19,19.0,26.39,37.889,45.401,45.544,27.303,34.778,34.796,,,,,,91.0,71.99,65.0,778.1,4096.0,208.0,31.6,104.0,828.7,24.63,80.0,1237.0,19.6,80.0,93,11019.9,15708.2,70.2,1224.3,628.2,4352.0,14.4
2026-08-30T21:47:38.332,624.013,2,12370,20,20.0,25.64,39.009,45.899,47.913,28.248,35.094,37.365,,,,,,91.0,78.01,65.0,778.1,4096.0,208.0,31.6,104.0,828.7,24.58,80.0,1237.0,14.9,83.0,93,11017.2,15708.2,70.1,1224.3,628.2,4352.0,14.4
2026-08-30T21:47:39.333,625.014,2,12390,20,19.98,26.35,37.945,45.489,45.579,27.453,34.709,34.815,,,,,,91.0,75.81,66.0,778.1,4096.0,208.0,31.6,104.0,828.7,24.65,80.0,1237.0,14.5,81.9,93,11015.9,15708.2,70.1,1224.3,628.2,4352.0,14.4
2026-08-30T21:47:40.332,626.013,2,12410,20,20.02,25.03,39.945,47.846,50.128,28.882,37.168,39.407,,,,,,94.0,79.98,67.0,778.1,4096.0,208.0,38.0,104.0,828.7,24.65,80.0,1237.0,15.1,85.0,93,11014.4,15708.2,70.1,1224.3,628.2,4352.0,14.4
2026-08-30T21:47:41.332,627.013,2,12430,20,20.0,26.37,37.926,45.771,46.45,26.91,34.816,34.855,,,,,,88.0,75.85,63.0,778.1,4096.0,208.0,30.7,104.0,828.7,24.54,80.0,1237.0,14.1,81.0,93,11011.8,15708.2,70.1,1224.3,628.2,4352.0,14.4
2026-08-30T21:47:42.332,628.013,2,12449,19,19.0,25.76,38.821,47.365,48.235,27.655,35.088,38.195,,,,,,84.0,73.76,62.0,778.1,4096.0,208.0,31.6,104.0,828.7,24.48,80.0,1237.0,14.5,84.0,93,11013.9,15708.2,70.1,1224.3,628.2,4352.0,14.4
2026-08-30T21:47:43.332,629.013,2,12469,20,20.0,24.54,40.743,49.266,50.529,30.632,38.664,39.349,,,,,,93.0,81.5,67.0,778.1,4096.0,208.0,31.6,104.0,828.7,24.32,80.0,1237.0,14.9,87.0,93,11015.2,15708.2,70.1,1224.3,628.2,4352.0,14.4
2026-08-30T21:47:44.333,630.014,2,12490,21,20.97,26.13,38.276,46.163,46.348,27.892,34.96,35.081,,,,,,92.0,80.28,66.0,778.1,4096.0,208.0,30.7,104.0,828.7,24.64,80.0,1237.0,15.0,84.9,93,11014.6,15708.2,70.1,1224.3,628.2,4352.0,14.4
2026-08-30T21:47:45.333,631.013,2,12509,19,19.02,25.46,39.28,49.727,49.926,28.887,37.56,38.623,,,,,,87.0,74.72,63.0,778.1,4096.0,208.0,56.4,104.0,828.7,24.56,80.0,1237.0,14.6,82.1,93,11008.2,15708.2,70.1,1224.3,628.2,4352.0,14.4
2026-08-30T21:47:46.332,632.013,2,12529,20,20.0,24.92,40.127,48.801,49.202,29.501,37.846,39.032,,,,,,92.0,80.25,66.0,778.1,4096.0,208.0,31.6,104.0,828.7,24.37,80.0,1237.0,15.0,86.0,93,11011.9,15708.2,70.1,1224.3,628.2,4352.0,14.4
2026-08-30T21:47:47.333,633.013,2,12549,20,20.0,25.73,38.867,46.397,51.446,28.271,35.398,38.19,,,,,,92.0,77.73,66.0,778.1,4096.0,208.0,43.1,104.0,828.7,24.57,80.0,1237.0,14.3,84.9,93,11012.2,15708.2,70.1,1224.3,628.2,4352.0,14.4
2026-08-30T21:47:48.332,634.013,2,12568,19,19.0,25.67,38.955,45.799,46.056,27.882,34.826,34.879,,,,,,92.0,74.02,66.0,778.1,4096.0,208.0,31.6,104.0,828.7,24.64,80.0,1237.0,15.6,84.1,93,11016.8,15708.2,70.1,1224.3,628.2,4352.0,14.4
2026-08-30T21:47:49.333,635.014,2,12588,20,19.98,26.07,38.354,45.61,46.084,27.829,34.759,34.772,,,,,,92.0,76.62,66.0,778.1,4096.0,208.0,31.6,104.0,828.7,24.63,80.0,1237.0,14.4,81.9,93,11014.8,15708.2,70.1,1224.3,628.2,4352.0,14.4
2026-08-30T21:47:50.332,636.013,2,12608,20,20.02,26.33,37.976,45.405,48.087,27.685,34.937,37.347,,,,,,92.0,76.05,66.0,778.1,4096.0,208.0,31.6,104.0,828.7,24.68,80.0,1237.0,14.6,81.1,93,11017.3,15708.2,70.1,1224.3,628.2,4352.0,14.4
2026-08-30T21:47:51.332,637.013,2,12628,20,20.0,25.5,39.214,48.056,51.993,28.513,38.225,39.896,,,,,,91.0,78.42,65.0,778.1,4096.0,208.0,31.6,104.0,828.7,24.55,80.0,1237.0,18.7,84.0,93,11015.0,15708.2,70.1,1224.3,628.2,4352.0,14.4
2026-08-30T21:47:52.332,638.013,2,12648,20,20.0,24.76,40.388,50.64,50.701,29.475,38.845,39.07,,,,,,92.0,80.77,66.0,778.1,4096.0,208.0,37.2,104.0,828.7,24.44,80.0,1237.0,19.3,86.0,93,11027.3,15708.2,70.2,1224.3,628.2,4352.0,14.4
2026-08-30T21:47:53.334,639.013,2,12668,20,20.0,26.01,38.446,45.879,46.652,27.424,34.879,34.966,,,,,,90.0,76.89,65.0,778.1,4096.0,208.0,30.7,104.0,828.7,24.56,80.0,1237.0,25.6,82.9,93,11027.8,15708.2,70.2,1224.3,628.2,4352.0,14.4
2026-08-30T21:47:54.333,640.014,2,12687,19,18.98,24.8,40.315,50.51,51.784,29.285,38.43,38.779,,,,,,77.0,76.5,59.0,778.1,4096.0,208.0,31.6,104.0,828.7,25.17,81.0,1297.0,20.1,87.0,93,11046.7,15708.2,70.3,1224.3,628.2,4352.0,14.4
2026-08-30T21:47:55.332,641.013,2,12708,21,21.03,25.79,38.774,47.7,47.948,27.368,35.308,36.281,,,,,,92.0,81.52,69.0,778.1,4096.0,208.0,30.7,104.0,828.7,26.47,81.0,1372.0,18.7,83.1,93,11041.8,15708.2,70.3,1224.3,628.2,4352.0,14.4
2026-08-30T21:47:56.332,642.013,2,12728,20,20.0,26.09,38.334,46.32,46.972,27.127,34.734,36.084,,,,,,86.0,76.68,64.0,778.1,4096.0,208.0,30.7,104.0,828.7,26.48,81.0,1395.0,20.6,83.0,93,11043.5,15708.2,70.3,1224.3,628.2,4352.0,14.4
2026-08-30T21:47:57.332,643.013,2,12747,19,19.0,25.89,38.619,46.268,46.302,27.515,35.324,35.377,,,,,,82.0,73.37,64.0,778.1,4096.0,208.0,31.6,104.0,828.7,26.4,81.0,1357.0,18.4,83.0,93,11062.9,15708.2,70.4,1224.3,628.2,4352.0,14.4
2026-08-30T21:47:58.332,644.013,2,12767,20,20.0,26.18,38.201,46.079,46.693,27.603,34.884,36.071,,,,,,88.0,76.41,67.0,778.1,4096.0,208.0,31.6,104.0,828.7,26.66,81.0,1282.0,17.9,82.0,93,11067.4,15708.2,70.5,1224.3,628.2,4352.0,14.4
2026-08-30T21:47:59.335,645.015,2,12787,20,19.96,25.7,38.91,45.998,56.983,27.915,35.061,37.508,,,,,,87.0,77.67,65.0,778.1,4096.0,208.0,31.6,104.0,828.7,26.64,81.0,1282.0,18.1,82.8,93,11065.7,15708.2,70.4,1224.3,628.2,4352.0,14.4
2026-08-30T21:48:00.332,646.013,2,12807,20,20.04,25.86,38.662,46.309,47.121,27.875,35.484,35.495,,,,,,87.0,77.47,65.0,778.1,4096.0,208.0,30.7,104.0,828.7,26.47,81.0,1297.0,17.6,83.2,93,11064.3,15708.2,70.4,1224.3,628.2,4352.0,14.4
2026-08-30T21:48:01.332,647.013,2,12826,19,19.0,26.1,38.319,46.517,47.849,27.369,35.684,36.16,,,,,,87.0,72.8,65.0,778.1,4096.0,208.0,31.6,104.0,828.7,26.52,81.0,1335.0,18.3,83.0,93,11058.1,15708.2,70.4,1224.3,628.2,4352.0,14.4
2026-08-30T21:48:02.332,648.013,2,12846,20,20.0,26.12,38.291,46.608,47.623,27.556,35.995,36.01,,,,,,89.0,76.59,67.0,778.1,4096.0,208.0,31.6,104.0,828.7,26.67,81.0,1297.0,16.8,82.0,93,11048.1,15708.2,70.3,1224.3,628.2,4352.0,14.4
2026-08-30T21:48:03.332,649.013,2,12866,20,20.0,26.04,38.397,46.803,46.934,27.543,35.866,36.161,,,,,,92.0,76.79,68.0,778.1,4096.0,208.0,31.6,104.0,828.7,26.5,81.0,1282.0,18.2,83.1,93,11058.3,15708.2,70.4,1224.3,628.2,4352.0,14.4
2026-08-30T21:48:04.334,650.015,2,12886,20,19.97,25.5,39.217,47.483,48.288,27.777,35.659,36.266,,,,,,89.0,78.32,67.0,778.1,4096.0,208.0,51.8,104.0,828.7,26.73,81.0,1305.0,18.0,83.9,93,11060.2,15708.2,70.4,1224.3,628.2,4352.0,14.4
2026-08-30T21:48:05.332,651.013,2,12906,20,20.03,25.82,38.729,47.391,48.242,27.248,36.149,36.268,,,,,,92.0,77.58,68.0,778.1,4096.0,208.0,30.7,104.0,828.7,26.66,81.0,1305.0,19.6,82.1,93,11056.6,15708.2,70.4,1224.3,628.2,4352.0,14.4
2026-08-30T21:48:06.332,652.013,2,12926,20,20.0,26.92,37.142,46.669,47.229,25.791,33.719,33.788,,,,,,84.0,74.27,64.0,778.1,4096.0,208.0,30.7,104.0,828.7,26.51,81.0,1350.0,18.1,80.0,93,11055.4,15708.2,70.4,1224.3,628.2,4352.0,14.4
2026-08-30T21:48:07.332,653.013,2,12946,20,20.0,27.36,36.55,45.086,46.821,25.828,33.906,34.079,,,,,,87.0,73.11,66.0,778.1,4096.0,208.0,30.7,104.0,828.7,26.58,81.0,1357.0,17.4,79.0,93,11046.6,15708.2,70.3,1224.3,628.2,4352.0,14.4
2026-08-30T21:48:08.332,654.013,2,12966,20,20.0,27.05,36.966,46.528,46.891,27.036,37.197,37.65,,,,,,88.0,73.92,68.0,778.1,4096.0,208.0,30.7,104.0,828.7,26.29,81.0,1305.0,15.6,80.0,93,11046.8,15708.2,70.3,1224.3,628.2,4352.0,14.4
2026-08-30T21:48:09.333,655.014,2,12985,19,18.98,26.66,37.504,45.762,46.158,27.592,35.413,35.443,,,,,,72.0,71.18,54.0,778.1,4096.0,208.0,31.6,104.0,828.7,26.34,81.0,1290.0,14.7,80.9,93,11051.5,15708.2,70.4,1224.3,628.2,4352.0,14.4
2026-08-30T21:48:10.332,656.013,2,13005,20,20.02,27.07,36.941,44.478,48.471,27.213,34.188,38.507,,,,,,77.0,73.97,56.0,778.1,4096.0,208.0,31.6,104.0,828.7,26.15,81.0,1440.0,14.6,79.1,93,11021.6,15708.2,70.2,1224.3,628.2,4352.0,14.4
2026-08-30T21:48:11.332,657.013,2,13025,20,20.0,27.43,36.462,44.43,44.597,26.195,33.732,33.748,,,,,,87.0,72.92,65.0,778.1,4096.0,208.0,31.6,104.0,828.7,26.33,81.0,1275.0,14.8,79.0,93,11015.2,15708.2,70.1,1224.3,628.2,4352.0,14.4
2026-08-30T21:48:12.332,658.013,2,13045,20,20.0,27.01,37.029,45.258,45.311,26.576,34.659,34.822,,,,,,88.0,74.07,63.0,778.1,4096.0,208.0,30.7,104.0,828.7,25.92,81.0,1237.0,14.0,80.0,93,11014.5,15708.2,70.1,1224.3,628.2,4352.0,14.4
2026-08-30T21:48:13.333,659.013,2,13064,19,19.0,25.5,39.217,49.971,49.975,28.531,38.463,38.839,,,,,,90.0,74.51,65.0,778.1,4096.0,208.0,30.7,104.0,828.7,24.32,80.0,1237.0,16.8,84.0,93,11019.5,15708.2,70.2,1224.3,628.2,4352.0,14.4
2026-08-30T21:48:14.336,660.016,2,13085,21,20.93,26.27,38.067,49.077,49.958,28.112,38.813,38.849,,,,,,90.0,79.66,64.0,778.1,4096.0,208.0,30.7,104.0,828.7,24.38,80.0,1237.0,14.4,82.7,93,11019.7,15708.2,70.2,1224.3,628.2,4352.0,14.4
2026-08-30T21:48:15.332,661.013,2,13104,19,19.07,25.07,39.882,50.062,51.43,29.609,39.162,39.422,,,,,,84.0,76.04,62.0,778.1,4096.0,208.0,31.6,104.0,828.7,23.92,80.0,1237.0,14.9,84.3,93,11019.9,15708.2,70.2,1224.3,628.2,4352.0,14.4
2026-08-30T21:48:16.332,662.013,2,13124,20,20.0,24.92,40.125,49.965,50.065,30.256,38.782,38.831,,,,,,81.0,80.26,60.0,778.1,4096.0,208.0,31.6,104.0,828.7,23.71,80.0,1237.0,14.4,86.0,93,11020.2,15708.2,70.2,1224.3,628.2,4352.0,14.4
2026-08-30T21:48:17.332,663.013,2,13144,20,20.0,25.35,39.454,49.284,49.601,29.475,38.054,38.329,,,,,,88.0,78.91,64.0,778.1,4096.0,208.0,38.0,104.0,828.7,23.7,80.0,1237.0,18.8,85.0,93,11033.5,15708.2,70.2,1224.3,628.2,4352.0,14.4
2026-08-30T21:48:18.332,664.013,2,13164,20,20.0,25.27,39.57,50.965,51.295,28.969,38.993,39.423,,,,,,70.0,79.14,50.0,778.1,4096.0,208.0,30.7,104.0,828.7,23.32,80.0,1237.0,19.7,85.0,93,11033.1,15708.2,70.2,1224.3,628.2,4352.0,14.4
2026-08-30T21:48:19.333,665.014,2,13184,20,19.98,26.62,37.569,49.293,50.636,27.568,38.524,39.367,,,,,,87.0,75.07,63.0,778.1,4096.0,208.0,30.7,104.0,828.7,23.08,80.0,1237.0,15.3,81.9,93,11043.0,15708.2,70.3,1224.3,628.2,4352.0,14.4
2026-08-30T21:48:20.332,666.013,2,13204,20,20.02,25.96,38.523,48.926,50.085,28.414,37.887,38.958,,,,,,92.0,77.12,66.0,778.1,4096.0,208.0,30.7,104.0,828.7,23.89,80.0,1237.0,18.5,83.1,93,11036.9,15708.2,70.3,1224.3,628.2,4352.0,14.4
2026-08-30T21:48:21.332,667.013,2,13223,19,19.0,24.55,40.726,50.447,50.638,30.277,39.152,39.197,,,,,,71.0,77.38,51.0,778.1,4096.0,208.0,31.6,104.0,828.7,23.69,80.0,1237.0,27.6,86.0,93,11038.9,15708.2,70.3,1224.3,628.2,4352.0,14.4
2026-08-30T21:48:22.332,668.013,2,13243,20,20.0,25.67,38.96,49.859,50.656,28.746,38.248,39.423,,,,,,77.0,77.92,58.0,778.1,4096.0,208.0,31.6,104.0,828.7,24.01,80.0,1237.0,17.3,85.0,93,11035.7,15708.2,70.3,1224.3,628.2,4352.0,14.4
2026-08-30T21:48:23.333,669.013,2,13263,20,20.0,24.92,40.131,49.338,49.951,30.258,38.686,39.095,,,,,,91.0,80.26,64.0,778.1,4096.0,208.0,31.6,104.0,828.7,23.62,80.0,1237.0,16.6,85.0,93,11034.6,15708.2,70.2,1224.3,628.2,4352.0,14.4
2026-08-30T21:48:24.334,670.015,2,13283,20,19.96,26.26,38.085,48.797,50.005,28.31,38.788,39.2,,,,,,78.0,76.03,58.0,778.1,4096.0,208.0,43.5,104.0,828.7,23.8,80.0,1237.0,16.8,82.9,93,11030.3,15708.2,70.2,1224.3,628.2,4352.0,14.4
2026-08-30T21:48:25.333,671.013,2,13302,19,19.04,25.41,39.352,48.873,50.332,29.05,38.786,39.304,,,,,,90.0,74.91,65.0,778.1,4096.0,208.0,30.7,104.0,828.7,23.63,80.0,1237.0,18.6,83.9,93,11036.3,15708.2,70.3,1224.1,628.2,4352.0,14.4
2026-08-30T21:48:26.332,672.013,2,13322,20,20.0,25.97,38.509,49.313,52.145,28.639,38.398,38.508,,,,,,91.0,77.02,66.0,778.1,4096.0,208.0,31.6,104.0,828.7,23.98,80.0,1237.0,17.6,82.2,93,11034.9,15708.2,70.2,1224.2,628.2,4352.0,14.4
2026-08-30T21:48:27.332,673.013,2,13342,20,20.0,26.06,38.375,45.576,45.613,27.683,34.87,34.885,,,,,,92.0,76.75,66.0,778.1,4096.0,208.0,31.6,104.0,828.7,24.78,80.0,1237.0,14.7,83.0,93,11022.7,15708.2,70.2,1224.3,628.2,4352.0,14.4
2026-08-30T21:48:28.333,674.013,2,13362,20,20.0,25.34,39.457,47.459,47.845,28.51,37.045,37.291,,,,,,94.0,78.9,68.0,778.1,4096.0,208.0,31.6,104.0,828.7,24.63,80.0,1237.0,16.4,84.9,93,11033.5,15708.2,70.2,1224.3,628.2,4352.0,14.4
2026-08-30T21:48:29.334,675.015,2,13382,20,19.97,26.5,37.731,46.039,50.208,27.68,35.085,39.025,,,,,,88.0,75.34,64.0,778.1,4096.0,208.0,44.1,104.0,828.7,24.65,80.0,1237.0,14.7,80.9,93,11029.7,15708.2,70.2,1224.3,628.2,4352.0,14.4
2026-08-30T21:48:30.332,676.013,2,13402,20,20.04,25.43,39.323,48.762,50.692,29.333,39.249,39.345,,,,,,82.0,78.79,57.0,778.1,4096.0,208.0,30.7,104.0,828.7,23.95,80.0,1237.0,14.5,84.2,93,11026.5,15708.2,70.2,1224.3,628.2,4352.0,14.4
2026-08-30T21:48:31.332,677.013,2,13422,20,20.0,26.38,37.909,48.742,49.544,27.847,38.216,38.364,,,,,,91.0,75.82,67.0,778.1,4096.0,208.0,30.7,104.0,828.7,24.15,80.0,1237.0,14.6,82.0,93,11024.4,15708.2,70.2,1224.3,628.2,4352.0,14.4
2026-08-30T21:48:32.334,678.015,2,13442,20,19.97,25.29,39.548,49.801,49.95,29.468,38.639,38.718,,,,,,94.0,78.97,69.0,778.1,4096.0,208.0,30.7,104.0,828.7,23.95,80.0,1237.0,14.5,85.9,93,11025.4,15708.2,70.2,1224.3,628.2,4352.0,14.4
2026-08-30T21:48:33.332,679.013,2,13461,19,19.03,25.14,39.779,49.391,51.407,29.227,38.061,38.172,,,,,,81.0,75.7,59.0,778.1,4096.0,208.0,31.6,104.0,828.7,23.67,80.0,1237.0,20.8,84.1,93,11014.9,15708.2,70.1,1224.3,628.2,4352.0,14.4
2026-08-30T21:48:34.333,680.014,2,13481,20,19.97,26.44,37.821,48.612,48.829,28.171,37.823,37.886,,,,,,71.0,75.55,58.0,778.1,4096.0,208.0,31.6,104.0,828.7,24.33,81.0,1267.0,14.5,81.9,93,11011.0,15708.2,70.1,1224.3,628.2,4352.0,14.4
2026-08-30T21:48:35.332,681.013,2,13501,20,20.03,27.82,35.944,45.792,46.735,25.888,35.593,35.791,,,,,,87.0,71.98,65.0,778.1,4096.0,208.0,31.6,104.0,828.7,25.98,81.0,1395.0,14.3,79.1,93,11016.4,15708.2,70.1,1224.3,628.2,4352.0,14.4
2026-08-30T21:48:36.332,682.013,2,13521,20,20.0,27.73,36.06,46.831,48.427,26.146,35.828,37.329,,,,,,83.0,72.12,62.0,778.1,4096.0,208.0,31.6,104.0,828.7,26.07,81.0,1305.0,15.0,78.0,93,11023.9,15708.2,70.2,1224.3,628.2,4352.0,14.4
2026-08-30T21:48:37.332,683.013,2,13540,19,19.0,26.0,38.455,47.524,48.341,28.366,37.801,38.203,,,,,,87.0,73.06,66.0,778.1,4096.0,208.0,31.6,104.0,828.7,26.29,81.0,1282.0,14.4,81.0,93,11019.7,15708.2,70.2,1224.3,628.2,4352.0,14.4
2026-08-30T21:48:38.332,684.013,2,13560,20,20.0,27.38,36.526,46.21,47.671,26.45,36.135,36.638,,,,,,82.0,73.05,60.0,778.1,4096.0,208.0,31.6,104.0,828.7,26.3,81.0,1342.0,15.9,79.0,93,11026.0,15708.2,70.2,1224.3,628.2,4352.0,14.4
2026-08-30T21:48:39.333,685.014,2,13580,20,19.98,27.99,35.725,44.323,44.954,25.502,33.66,33.729,,,,,,88.0,71.37,66.0,778.1,4096.0,208.0,31.6,104.0,828.7,26.41,81.0,1297.0,14.2,76.9,93,11024.2,15708.2,70.2,1224.3,628.2,4352.0,14.4
2026-08-30T21:48:40.332,686.013,2,13600,20,20.02,27.24,36.705,46.782,47.082,26.88,35.66,36.757,,,,,,87.0,73.49,65.0,778.1,4096.0,208.0,31.6,104.0,828.7,26.38,81.0,1282.0,14.6,79.1,93,11018.1,15708.2,70.1,1224.3,628.2,4352.0,14.4
2026-08-30T21:48:41.333,687.013,2,13620,20,19.99,27.09,36.909,45.729,48.64,26.597,34.163,38.33,,,,,,85.0,73.79,64.0,778.1,4096.0,208.0,30.7,104.0,828.7,26.38,81.0,1305.0,14.2,79.0,93,11022.2,15708.2,70.2,1224.3,628.2,4352.0,14.4
2026-08-30T21:48:42.332,688.013,2,13640,20,20.01,26.98,37.06,46.711,48.992,26.667,35.459,37.899,,,,,,77.0,74.14,56.0,778.1,4096.0,208.0,30.7,104.0,828.7,26.31,81.0,1305.0,14.3,80.0,93,11016.6,15708.2,70.1,1224.3,628.2,4352.0,14.4
2026-08-30T21:48:43.332,689.013,2,13660,20,20.0,26.83,37.268,46.174,46.786,27.229,35.022,37.482,,,,,,74.0,74.54,56.0,778.1,4096.0,208.0,30.7,104.0,828.7,26.07,81.0,1327.0,14.9,81.0,93,11019.2,15708.2,70.1,1224.3,628.2,4352.0,14.4
2026-08-30T21:48:44.333,690.014,2,13680,20,19.98,27.26,36.687,46.997,48.078,26.874,35.592,38.324,,,,,,89.0,73.29,68.0,778.1,4096.0,208.0,30.7,104.0,828.7,26.09,81.0,1327.0,14.6,79.9,93,11017.3,15708.2,70.1,1224.3,628.2,4352.0,14.4
2026-08-30T21:48:45.332,691.013,2,13699,19,19.02,26.97,37.076,44.811,44.997,26.703,34.174,34.442,,,,,,75.0,70.52,56.0,778.1,4096.0,208.0,31.6,104.0,828.7,26.04,81.0,1305.0,14.0,81.1,93,11014.4,15708.2,70.1,1224.3,628.2,4352.0,14.4
2026-08-30T21:48:46.332,692.013,2,13719,20,20.0,26.34,37.967,47.77,48.779,27.84,35.721,37.796,,,,,,88.0,75.94,67.0,778.1,4096.0,208.0,31.6,104.0,828.7,26.34,81.0,1342.0,16.3,81.0,93,11024.3,15708.2,70.2,1224.3,628.2,4352.0,14.4
2026-08-30T21:48:47.332,693.013,2,13739,20,20.0,27.26,36.688,45.079,45.091,25.998,33.965,34.052,,,,,,86.0,73.37,64.0,778.1,4096.0,208.0,31.6,104.0,828.7,26.53,81.0,1282.0,13.9,79.0,93,11024.5,15708.2,70.2,1224.3,628.2,4352.0,14.4
2026-08-30T21:48:48.332,694.013,2,13759,20,20.0,27.4,36.502,45.082,46.867,26.326,33.778,35.785,,,,,,88.0,73.01,67.0,778.1,4096.0,208.0,30.7,104.0,828.7,26.53,81.0,1297.0,14.9,78.0,93,11019.0,15708.2,70.1,1224.3,628.2,4352.0,14.4
2026-08-30T21:48:49.333,695.014,2,13778,19,18.98,27.29,36.638,44.777,45.526,26.066,33.982,35.217,,,,,,87.0,69.54,66.0,778.1,4096.0,208.0,31.6,104.0,828.7,26.71,81.0,1282.0,14.1,79.9,93,11020.1,15708.2,70.2,1224.3,628.2,4352.0,14.4
2026-08-30T21:48:50.332,696.013,2,13798,20,20.02,26.8,37.319,45.047,46.659,26.394,33.667,33.768,,,,,,89.0,74.72,67.0,778.1,4096.0,208.0,31.6,104.0,828.7,26.65,81.0,1312.0,14.8,79.1,93,11018.4,15708.2,70.1,1224.3,628.2,4352.0,14.4
2026-08-30T21:48:51.332,697.013,2,13818,20,20.0,26.7,37.458,45.88,46.701,26.243,33.834,33.971,,,,,,87.0,74.91,66.0,778.1,4096.0,208.0,31.6,104.0,828.7,26.62,81.0,1305.0,15.2,81.0,93,11021.7,15708.2,70.2,1224.3,628.2,4352.0,14.4
2026-08-30T21:48:52.332,698.013,2,13838,20,20.0,26.84,37.251,44.793,46.171,26.649,33.71,35.426,,,,,,83.0,74.51,63.0,778.1,4096.0,208.0,31.6,104.0,828.7,26.56,81.0,1297.0,14.4,80.0,93,11020.5,15708.2,70.2,1224.3,628.2,4352.0,14.4
2026-08-30T21:48:53.332,699.013,2,13858,20,20.0,27.54,36.307,44.643,44.816,25.944,33.886,33.914,,,,,,88.0,72.62,66.0,778.1,4096.0,208.0,30.7,104.0,828.7,26.6,81.0,1312.0,14.2,78.0,93,11021.1,15708.2,70.2,1224.3,628.2,4352.0,14.4
2026-08-30T21:48:54.333,700.014,2,13878,20,19.97,27.17,36.8,47.342,48.379,26.263,34.584,36.296,,,,,,90.0,73.51,67.0,778.1,4096.0,208.0,30.7,104.0,828.7,26.42,81.0,1327.0,14.6,79.9,93,11020.4,15708.2,70.2,1224.3,628.2,4352.0,14.4
2026-08-30T21:48:55.332,701.013,2,13898,20,20.02,26.83,37.268,44.951,45.3,26.532,33.937,34.03,,,,,,88.0,74.63,66.0,778.1,4096.0,208.0,30.7,104.0,828.7,26.63,81.0,1417.0,14.0,80.1,93,11019.6,15708.2,70.2,1224.3,628.2,4352.0,14.4
2026-08-30T21:48:56.332,702.013,2,13918,20,20.0,27.21,36.75,47.024,47.369,26.896,36.992,37.335,,,,,,77.0,73.5,60.0,778.1,4096.0,208.0,30.7,104.0,828.7,26.32,81.0,1425.0,15.7,80.0,93,11019.1,15708.2,70.1,1224.3,628.2,4352.0,14.4
2026-08-30T21:48:57.332,703.013,2,13937,19,19.0,26.89,37.194,47.532,47.614,26.91,35.577,35.86,,,,,,72.0,70.67,54.0,778.1,4096.0,208.0,31.6,104.0,828.7,26.09,81.0,1305.0,19.0,80.0,93,11023.6,15708.2,70.2,1224.3,628.2,4352.0,14.4
2026-08-30T21:48:58.332,704.013,2,13957,20,20.0,25.83,38.717,46.344,48.94,27.565,34.068,38.124,,,,,,91.0,77.44,65.0,778.1,4096.0,208.0,31.6,104.0,828.7,26.08,81.0,1237.0,20.8,83.0,93,11015.4,15708.2,70.1,1224.3,628.2,4352.0,14.4
2026-08-30T21:48:59.333,705.014,2,13977,20,19.98,26.23,38.13,49.015,50.219,28.084,37.6,39.289,,,,,,92.0,76.18,66.0,778.1,4096.0,208.0,31.6,104.0,828.7,24.36,81.0,1237.0,18.4,82.9,93,11007.9,15708.2,70.1,1224.3,628.2,4352.0,14.4
2026-08-30T21:49:00.332,706.013,2,13997,20,20.02,24.71,40.469,49.486,50.023,30.448,38.646,39.591,,,,,,84.0,81.03,62.0,778.1,4096.0,208.0,30.7,104.0,828.7,23.88,80.0,1237.0,18.5,85.1,93,11011.8,15708.2,70.1,1224.3,628.2,4352.0,14.4
2026-08-30T21:49:01.332,707.013,2,14017,20,20.0,24.78,40.357,49.213,50.078,29.776,37.939,39.497,,,,,,90.0,80.71,65.0,778.1,4096.0,208.0,56.4,104.0,828.7,23.79,80.0,1237.0,17.3,87.0,93,11016.3,15708.2,70.1,1224.3,628.2,4352.0,14.4
2026-08-30T21:49:02.333,708.014,2,14037,20,19.99,25.45,39.293,49.578,49.97,29.139,38.486,38.623,,,,,,84.0,78.55,60.0,778.1,4096.0,208.0,30.7,104.0,828.7,23.86,80.0,1237.0,19.6,83.9,93,11015.3,15708.2,70.1,1224.3,628.2,4352.0,14.4
2026-08-30T21:49:03.332,709.013,2,14056,19,19.01,24.55,40.733,50.349,55.861,30.315,38.793,39.646,,,,,,79.0,77.43,59.0,778.1,4096.0,208.0,31.6,104.0,828.7,23.76,80.0,1237.0,20.3,86.1,93,11018.8,15708.2,70.1,1224.3,628.2,4352.0,14.4
2026-08-30T21:49:04.333,710.014,2,14076,20,19.98,26.07,38.36,49.555,49.606,28.458,38.476,39.06,,,,,,92.0,76.63,67.0,778.1,4096.0,208.0,31.6,104.0,828.7,24.12,81.0,1237.0,16.6,82.9,93,11016.0,15708.2,70.1,1224.3,628.2,4352.0,14.4
2026-08-30T21:49:05.332,711.013,2,14096,20,20.02,26.29,38.044,49.123,50.196,28.014,38.539,38.682,,,,,,91.0,76.18,65.0,778.1,4096.0,208.0,37.4,104.0,828.7,24.36,81.0,1237.0,18.5,82.1,93,11020.2,15708.2,70.2,1224.3,628.2,4352.0,14.4
2026-08-30T21:49:06.332,712.013,2,14116,20,20.0,26.6,37.6,47.921,50.284,27.446,38.133,39.027,,,,,,81.0,75.19,59.0,778.1,4096.0,208.0,30.7,104.0,828.7,24.51,80.0,1237.0,15.8,81.0,93,11016.9,15708.2,70.1,1224.3,628.2,4352.0,14.4
2026-08-30T21:49:07.332,713.013,2,14136,20,20.0,25.53,39.17,49.028,50.571,29.155,38.495,38.556,,,,,,94.0,78.34,68.0,778.1,4096.0,208.0,30.7,104.0,828.7,24.05,80.0,1237.0,14.3,84.0,93,11015.9,15708.2,70.1,1224.3,628.2,4352.0,14.4
2026-08-30T21:49:08.332,714.013,2,14155,19,19.0,25.07,39.887,49.76,50.203,29.78,38.843,38.859,,,,,,85.0,75.78,60.0,778.1,4096.0,208.0,31.6,104.0,828.7,24.11,80.0,1237.0,16.7,86.0,93,11026.9,15708.2,70.2,1224.3,628.2,4352.0,14.4
2026-08-30T21:49:09.333,715.014,2,14175,20,19.98,25.79,38.77,50.256,50.503,28.817,38.822,38.846,,,,,,91.0,77.47,69.0,778.1,4096.0,208.0,31.6,104.0,828.7,24.13,80.0,1237.0,14.4,82.9,93,11028.1,15708.2,70.2,1224.3,628.2,4352.0,14.4
2026-08-30T21:49:10.332,716.013,2,14195,20,20.02,25.16,39.749,49.648,49.748,30.002,39.058,39.126,,,,,,80.0,79.58,59.0,778.1,4096.0,208.0,31.6,104.0,828.7,24.09,80.0,1237.0,14.7,86.1,93,11029.0,15708.2,70.2,1224.3,628.2,4352.0,14.4
2026-08-30T21:49:11.332,717.013,2,14215,20,20.0,26.41,37.866,46.719,48.345,28.254,37.305,38.568,,,,,,89.0,75.73,64.0,778.1,4096.0,208.0,31.6,104.0,828.7,24.02,80.0,1237.0,14.5,83.0,93,11026.9,15708.2,70.2,1224.3,628.2,4352.0,14.4
2026-08-30T21:49:12.332,718.013,2,14235,20,20.0,25.67,38.952,49.089,49.629,29.259,38.205,38.728,,,,,,85.0,77.91,63.0,778.1,4096.0,208.0,31.6,104.0,828.7,23.82,80.0,1237.0,14.3,83.0,93,11025.8,15708.2,70.2,1224.3,628.2,4352.0,14.4
2026-08-30T21:49:13.332,719.013,2,14255,20,20.0,26.46,37.788,48.677,48.707,28.1,38.502,38.652,,,,,,88.0,75.58,64.0,778.1,4096.0,208.0,31.6,104.0,828.7,23.96,80.0,1237.0,14.8,82.0,93,11033.0,15708.2,70.2,1224.3,628.2,4352.0,14.4
2026-08-30T21:49:14.334,720.015,2,14275,20,19.96,26.07,38.365,49.731,49.894,28.206,38.842,38.991,,,,,,90.0,76.59,65.0,778.1,4096.0,208.0,30.7,104.0,828.7,24.26,80.0,1237.0,21.1,81.8,93,11019.4,15708.2,70.2,1224.3,628.2,4352.0,14.4
2026-08-30T21:49:15.334,721.013,2,14295,19,19.03,25.7,38.908,48.537,50.32,28.639,38.434,38.719,,,,,,88.0,74.06,62.0,778.1,4096.0,208.0,30.7,104.0,828.7,24.25,80.0,1237.0,14.9,84.0,93,11009.7,15708.2,70.1,1224.3,628.2,4352.0,14.4
2026-08-30T21:49:16.332,722.013,2,14314,20,20.0,24.94,40.091,50.521,51.698,29.501,38.649,40.175,,,,,,93.0,80.18,67.0,778.1,4096.0,208.0,31.6,104.0,828.7,24.03,80.0,1237.0,14.5,85.2,93,11007.9,15708.2,70.1,1224.3,628.2,4352.0,14.4
2026-08-30T21:49:17.332,723.013,2,14334,20,20.0,24.44,40.918,50.994,52.25,30.537,39.24,39.25,,,,,,82.0,81.84,61.0,778.1,4096.0,208.0,31.6,104.0,828.7,23.53,80.0,1237.0,15.0,87.0,93,11006.6,15708.2,70.1,1224.3,628.2,4352.0,14.4
2026-08-30T21:49:18.332,724.013,2,14354,20,20.0,25.48,39.251,49.557,49.848,29.244,38.476,38.54,,,,,,88.0,78.5,63.0,778.1,4096.0,208.0,30.7,104.0,828.7,23.89,80.0,1237.0,14.8,83.0,93,11006.6,15708.2,70.1,1224.3,628.2,4352.0,14.4
2026-08-30T21:49:19.333,725.014,2,14374,20,19.98,25.79,38.779,49.631,49.752,28.431,38.354,38.511,,,,,,91.0,77.47,66.0,778.1,4096.0,208.0,30.7,104.0,828.7,24.32,80.0,1237.0,15.9,83.8,93,11004.2,15708.2,70.1,1224.3,628.2,4352.0,14.4
2026-08-30T21:49:20.332,726.013,2,14394,20,20.02,27.1,36.894,42.664,42.743,26.834,33.099,33.948,,,,,,89.0,73.87,64.0,778.1,4096.0,208.0,30.7,104.0,828.7,24.6,80.0,1237.0,14.1,80.2,93,11003.0,15708.2,70.0,1224.3,628.2,4352.0,14.4
2026-08-30T21:49:21.332,727.013,2,14413,19,19.0,25.62,39.037,48.037,49.548,29.053,37.885,38.16,,,,,,89.0,74.17,64.0,778.1,4096.0,208.0,31.6,104.0,828.7,24.05,80.0,1237.0,14.9,81.0,93,10997.1,15708.2,70.0,1224.3,628.2,4352.0,14.4
2026-08-30T21:49:22.332,728.013,2,14434,21,21.0,26.72,37.419,48.172,48.409,27.598,37.577,37.745,,,,,,91.0,78.58,65.0,778.1,4096.0,208.0,30.7,104.0,828.7,24.52,80.0,1237.0,14.4,84.0,93,10999.1,15708.2,70.0,1224.3,628.2,4352.0,14.4
2026-08-30T21:49:23.332,729.013,2,14453,19,19.0,26.1,38.315,47.758,49.03,28.587,37.778,38.823,,,,,,88.0,72.8,64.0,778.1,4096.0,208.0,31.6,104.0,828.7,24.28,80.0,1237.0,15.4,82.0,93,11008.3,15708.2,70.1,1224.3,628.2,4352.0,14.4
2026-08-30T21:49:24.334,730.015,2,14473,20,19.97,25.71,38.894,49.022,49.51,28.939,38.453,38.721,,,,,,79.0,77.66,60.0,778.1,4096.0,208.0,56.4,104.0,828.7,24.05,80.0,1237.0,15.8,81.8,93,11024.3,15708.2,70.2,1224.3,628.2,4352.0,14.4
2026-08-30T21:49:25.332,731.013,2,14493,20,20.04,25.78,38.792,49.436,50.062,28.703,38.996,39.02,,,,,,90.0,77.72,65.0,778.1,4096.0,208.0,31.6,104.0,828.7,23.96,80.0,1237.0,15.2,84.2,93,11025.8,15708.2,70.2,1224.3,628.2,4352.0,14.4
2026-08-30T21:49:26.332,732.013,2,14512,19,19.0,24.89,40.181,50.187,50.574,30.364,39.48,39.53,,,,,,87.0,76.34,63.0,778.1,4096.0,208.0,31.6,104.0,828.7,23.98,80.0,1237.0,14.1,85.0,93,11020.2,15708.2,70.2,1224.3,628.2,4352.0,14.4
2026-08-30T21:49:27.332,733.013,2,14532,20,20.0,25.86,38.675,49.412,50.179,28.554,39.453,39.465,,,,,,91.0,77.35,65.0,778.1,4096.0,208.0,30.7,104.0,828.7,24.15,80.0,1237.0,14.8,84.0,93,11012.8,15708.2,70.1,1224.3,628.2,4352.0,14.4
2026-08-30T21:49:28.332,734.013,2,14552,20,20.0,24.96,40.058,49.359,49.382,29.88,38.657,38.906,,,,,,91.0,80.12,66.0,778.1,4096.0,208.0,31.6,104.0,828.7,24.04,80.0,1237.0,14.7,86.0,93,11011.6,15708.2,70.1,1224.3,628.2,4352.0,14.4
2026-08-30T21:49:29.333,735.014,2,14572,20,19.98,26.5,37.731,46.983,50.133,27.866,38.969,38.973,,,,,,90.0,75.37,65.0,778.1,4096.0,208.0,31.6,104.0,828.7,24.23,80.0,1237.0,14.8,80.9,93,11010.1,15708.2,70.1,1224.3,628.2,4352.0,14.4
2026-08-30T21:49:30.332,736.013,2,14592,20,20.02,26.41,37.865,45.546,50.513,28.017,36.492,39.172,,,,,,89.0,75.82,64.0,778.1,4096.0,208.0,46.1,104.0,828.7,24.3,80.0,1237.0,14.1,82.1,93,11009.0,15708.2,70.1,1224.3,628.2,4352.0,14.4
2026-08-30T21:49:31.333,737.013,2,14612,20,19.99,25.17,39.728,50.001,50.728,29.705,39.258,39.383,,,,,,86.0,79.42,60.0,778.1,4096.0,208.0,30.7,104.0,828.7,23.87,80.0,1237.0,14.8,85.0,93,11006.6,15708.2,70.1,1224.3,628.2,4352.0,14.4
2026-08-30T21:49:32.332,738.013,2,14632,20,20.01,26.07,38.36,48.304,50.037,28.163,38.748,38.758,,,,,,90.0,76.74,65.0,778.1,4096.0,208.0,30.7,104.0,828.7,24.17,80.0,1237.0,14.1,82.1,93,11005.5,15708.2,70.1,1224.3,628.2,4352.0,14.4
2026-08-30T21:49:33.332,739.013,2,14651,19,19.0,26.71,37.441,46.824,50.443,27.293,37.264,39.111,,,,,,86.0,71.14,64.0,778.1,4096.0,208.0,31.6,104.0,828.7,24.53,80.0,1237.0,14.8,80.0,93,11019.3,15708.2,70.1,1224.3,628.2,4352.0,14.4
2026-08-30T21:49:34.333,740.014,2,14672,21,20.98,25.68,38.948,49.774,50.27,28.989,38.689,38.868,,,,,,90.0,81.7,65.0,778.1,4096.0,208.0,30.7,104.0,828.7,24.37,80.0,1260.0,14.4,85.9,93,11023.2,15708.2,70.2,1224.3,628.2,4352.0,14.4
2026-08-30T21:49:35.332,741.013,2,14691,19,19.02,26.3,38.022,48.455,50.197,27.923,37.748,38.989,,,,,,91.0,72.33,66.0,778.1,4096.0,208.0,30.7,104.0,828.7,24.57,80.0,1237.0,14.5,82.1,93,11021.1,15708.2,70.2,1224.3,628.3,4352.0,14.4
2026-08-30T21:49:36.332,742.013,2,14711,20,20.0,26.81,37.298,45.028,47.865,27.107,34.515,38.927,,,,,,88.0,74.59,66.0,778.1,4096.0,208.0,31.6,104.0,828.7,24.85,80.0,1237.0,14.9,80.0,93,11017.6,15708.2,70.1,1224.3,628.3,4352.0,14.4
2026-08-30T21:49:37.333,743.013,2,14731,20,20.0,25.55,39.146,45.899,50.208,28.47,34.866,39.122,,,,,,89.0,78.3,65.0,778.1,4096.0,208.0,50.3,104.0,828.7,24.73,80.0,1237.0,14.6,83.0,93,11016.5,15708.2,70.1,1224.3,628.3,4352.0,14.4
2026-08-30T21:49:38.333,744.013,2,14751,20,20.0,26.69,37.47,45.626,48.15,26.777,34.804,36.96,,,,,,88.0,74.94,63.0,778.1,4096.0,208.0,56.4,104.0,828.7,24.73,80.0,1275.0,15.6,82.0,93,11018.2,15708.2,70.1,1224.3,628.3,4352.0,14.4
2026-08-30T21:49:39.333,745.014,2,14771,20,19.98,26.11,38.302,47.886,48.872,28.738,38.807,39.239,,,,,,93.0,76.51,67.0,778.1,4096.0,208.0,30.7,104.0,828.7,24.59,80.0,1237.0,16.2,82.9,93,11022.2,15708.2,70.2,1224.3,628.3,4352.0,14.4
2026-08-30T21:49:40.332,746.013,2,14790,19,19.02,26.11,38.297,50.16,50.217,28.241,38.743,38.869,,,,,,89.0,72.85,65.0,778.1,4096.0,208.0,31.6,104.0,828.7,24.74,80.0,1237.0,14.0,80.1,93,11014.0,15708.2,70.1,1224.3,628.3,4352.0,14.4
2026-08-30T21:49:41.332,747.013,2,14810,20,20.0,26.29,38.035,46.24,50.33,28.044,37.492,38.914,,,,,,90.0,76.07,65.0,778.1,4096.0,208.0,31.6,104.0,828.7,24.6,80.0,1237.0,14.4,82.0,93,11011.7,15708.2,70.1,1224.3,628.3,4352.0,14.4
2026-08-30T21:49:42.333,748.013,2,14830,20,20.0,26.33,37.976,45.673,50.357,27.785,34.815,38.722,,,,,,92.0,75.95,67.0,778.1,4096.0,208.0,41.8,104.0,828.7,24.68,80.0,1237.0,14.2,81.0,93,11010.5,15708.2,70.1,1224.3,628.3,4352.0,14.4
2026-08-30T21:49:43.333,749.013,2,14850,20,20.0,26.38,37.902,48.754,50.285,28.117,37.054,39.017,,,,,,91.0,75.8,66.0,778.1,4096.0,208.0,30.7,104.0,828.7,24.64,80.0,1237.0,14.8,81.9,93,11012.0,15708.2,70.1,1224.3,628.3,4352.0,14.4
2026-08-30T21:49:44.333,750.014,2,14870,20,19.98,26.33,37.979,48.909,49.0,27.823,37.236,37.915,,,,,,93.0,75.88,67.0,778.1,4096.0,208.0,30.7,104.0,828.7,24.64,80.0,1237.0,15.9,81.1,93,11017.8,15708.2,70.1,1224.3,628.3,4352.0,14.4
2026-08-30T21:49:45.332,751.013,2,14889,19,19.02,25.78,38.787,50.111,50.247,28.808,37.896,38.763,,,,,,87.0,73.78,63.0,778.1,4096.0,208.0,31.6,104.0,828.7,24.48,80.0,1327.0,14.6,84.1,93,11018.1,15708.2,70.1,1224.3,628.3,4352.0,14.4
2026-08-30T21:49:46.332,752.013,2,14910,21,21.0,25.48,39.251,48.463,50.037,29.364,38.948,39.233,,,,,,86.0,82.43,61.0,778.1,4096.0,208.0,30.7,104.0,828.7,24.6,80.0,1252.0,14.3,86.0,93,11015.2,15708.2,70.1,1224.3,628.3,4352.0,14.4
2026-08-30T21:49:47.332,753.013,2,14929,19,19.0,24.83,40.268,48.693,50.198,30.314,37.939,39.015,,,,,,75.0,76.5,52.0,778.1,4096.0,208.0,31.6,104.0,828.7,24.37,80.0,1342.0,14.5,83.9,93,11018.4,15708.2,70.1,1224.3,628.3,4352.0,14.4
2026-08-30T21:49:48.332,754.013,2,14949,20,20.0,26.85,37.238,42.731,48.485,27.398,32.423,38.061,,,,,,79.0,74.48,60.0,778.1,4096.0,208.0,31.6,104.0,828.7,24.69,80.0,1237.0,14.8,82.0,93,11015.7,15708.2,70.1,1224.3,628.3,4352.0,14.4
2026-08-30T21:49:49.334,755.015,2,14969,20,19.97,25.61,39.042,47.594,47.933,28.605,37.059,38.613,,,,,,89.0,77.95,65.0,778.1,4096.0,208.0,31.6,104.0,828.7,24.65,80.0,1260.0,15.5,83.9,93,11018.2,15708.2,70.1,1224.3,628.3,4352.0,14.4
2026-08-30T21:49:50.333,756.013,2,14989,20,20.03,25.93,38.565,49.687,49.876,28.862,38.409,38.88,,,,,,85.0,77.26,60.0,778.1,4096.0,208.0,31.8,104.0,828.7,24.26,80.0,1297.0,14.5,83.1,93,11019.8,15708.2,70.2,1224.3,628.3,4352.0,14.4
2026-08-30T21:49:51.332,757.013,2,15009,20,20.0,26.04,38.399,49.39,49.717,28.711,38.177,38.984,,,,,,87.0,76.8,60.0,778.1,4096.0,208.0,46.1,104.0,828.7,24.18,80.0,1237.0,14.3,84.1,93,11016.7,15708.2,70.1,1224.3,628.3,4352.0,14.4
2026-08-30T21:49:52.332,758.013,2,15028,19,19.0,25.19,39.7,49.567,49.748,29.004,38.369,38.814,,,,,,89.0,75.43,65.0,778.1,4096.0,208.0,31.6,104.0,828.7,24.51,80.0,1237.0,14.8,83.0,93,11024.4,15708.2,70.2,1224.3,628.3,4352.0,14.4
2026-08-30T21:49:53.332,759.013,2,15048,20,20.0,26.91,37.155,43.002,43.337,26.716,32.049,32.323,,,,,,91.0,74.31,66.0,778.1,4096.0,208.0,31.6,104.0,828.7,24.79,80.0,1237.0,14.4,80.0,93,11023.8,15708.2,70.2,1224.3,628.3,4352.0,14.4
2026-08-30T21:49:54.333,760.014,2,15068,20,19.97,26.43,37.841,45.64,45.777,26.568,32.584,32.63,,,,,,91.0,75.59,66.0,778.1,4096.0,208.0,62.4,104.0,828.7,24.82,80.0,1237.0,15.1,80.9,93,11018.3,15708.2,70.1,1224.3,628.3,4352.0,14.4
2026-08-30T21:49:55.332,761.013,2,15088,20,20.03,26.99,37.046,44.349,47.459,26.597,32.436,34.524,,,,,,87.0,74.19,64.0,778.1,4096.0,208.0,30.7,104.0,828.7,24.8,80.0,1237.0,18.0,80.1,93,11022.2,15708.2,70.2,1224.3,628.3,4352.0,14.4
2026-08-30T21:49:56.332,762.013,2,15108,20,20.0,26.54,37.686,46.171,47.607,27.28,36.841,37.975,,,,,,86.0,75.37,63.0,778.1,4096.0,208.0,30.7,104.0,828.7,24.85,80.0,1237.0,14.6,80.0,93,11019.7,15708.2,70.2,1224.3,628.3,4352.0,14.4
2026-08-30T21:49:57.332,763.013,2,15127,19,19.0,25.84,38.7,48.788,49.777,28.45,37.813,38.46,,,,,,90.0,73.53,66.0,778.1,4096.0,208.0,31.6,104.0,828.7,24.5,80.0,1252.0,14.2,84.0,93,11017.4,15708.2,70.1,1224.3,628.3,4352.0,14.4
2026-08-30T21:49:58.332,764.013,2,15148,21,21.0,25.81,38.746,47.357,50.192,28.26,38.063,38.953,,,,,,93.0,81.37,68.0,778.1,4096.0,208.0,30.7,104.0,828.7,24.69,80.0,1237.0,15.4,84.0,93,11020.4,15708.2,70.2,1224.3,628.3,4352.0,14.4
2026-08-30T21:49:59.333,765.014,2,15167,19,18.98,25.24,39.625,49.081,49.468,29.125,38.28,38.761,,,,,,91.0,75.2,65.0,778.1,4096.0,208.0,31.6,104.0,828.7,24.67,80.0,1237.0,14.6,83.9,93,11020.4,15708.2,70.2,1224.3,628.3,4352.0,14.4
2026-08-30T21:50:00.332,766.013,2,15187,20,20.02,26.68,37.481,44.0,45.955,26.924,34.597,35.277,,,,,,80.0,75.04,60.0,778.1,4096.0,208.0,31.6,104.0,828.7,24.8,80.0,1237.0,15.9,82.1,93,11028.6,15708.2,70.2,1224.3,628.3,4352.0,14.4
2026-08-30T21:50:01.333,767.013,2,15207,20,20.0,25.15,39.757,47.853,49.21,29.181,38.368,38.473,,,,,,91.0,79.52,66.0,778.1,4096.0,208.0,50.3,104.0,828.7,24.64,80.0,1237.0,14.2,83.9,93,11028.7,15708.2,70.2,1224.3,628.3,4352.0,14.4
2026-08-30T21:50:02.332,768.013,2,15227,20,20.0,26.99,37.053,45.2,45.797,26.569,34.615,34.818,,,,,,88.0,74.1,63.0,778.1,4096.0,208.0,38.7,104.0,828.7,24.72,80.0,1237.0,14.6,80.0,93,11017.5,15708.2,70.1,1224.3,628.3,4352.0,14.4
2026-08-30T21:50:03.332,769.013,2,15246,19,19.0,26.95,37.112,41.074,47.55,27.146,31.97,38.516,,,,,,93.0,70.51,67.0,778.1,4096.0,208.0,31.6,104.0,828.7,24.82,80.0,1237.0,14.5,78.0,93,11019.0,15708.2,70.1,1224.3,628.3,4352.0,14.4
2026-08-30T21:50:04.333,770.014,2,15266,20,19.98,25.59,39.075,48.318,49.814,28.504,37.914,38.574,,,,,,91.0,78.06,65.0,778.1,4096.0,208.0,31.6,104.0,828.7,24.67,80.0,1237.0,15.0,85.9,93,11020.8,15708.2,70.2,1224.3,628.3,4352.0,14.4
2026-08-30T21:50:05.332,771.013,2,15286,20,20.02,26.75,37.388,45.266,45.41,26.674,34.506,34.593,,,,,,91.0,74.87,66.0,778.1,4096.0,208.0,31.6,104.0,828.7,24.87,80.0,1237.0,15.4,79.1,93,11026.8,15708.2,70.2,1224.3,628.3,4352.0,14.4
2026-08-30T21:50:06.332,772.013,2,15306,20,20.0,27.06,36.958,43.136,45.362,26.492,32.28,34.612,,,,,,93.0,73.92,68.0,778.1,4096.0,208.0,31.6,104.0,828.7,24.87,80.0,1237.0,14.6,81.0,93,11022.0,15708.2,70.2,1224.3,628.3,4352.0,14.4
2026-08-30T21:50:07.332,773.013,2,15326,20,20.0,24.99,40.019,49.892,50.31,29.753,38.119,38.582,,,,,,86.0,80.04,61.0,778.1,4096.0,208.0,30.7,104.0,828.7,24.36,80.0,1237.0,14.3,85.0,93,11018.3,15708.2,70.1,1224.3,628.3,4352.0,14.4
2026-08-30T21:50:08.332,774.013,2,15346,20,20.0,27.12,36.879,43.688,47.715,26.574,32.182,34.48,,,,,,88.0,73.75,64.0,778.1,4096.0,208.0,30.7,104.0,828.7,24.68,80.0,1237.0,14.8,80.0,93,11018.6,15708.2,70.1,1224.3,628.3,4352.0,14.4
2026-08-30T21:50:09.333,775.014,2,15366,20,19.98,27.13,36.861,44.789,48.018,26.837,32.385,38.629,,,,,,88.0,73.63,63.0,778.1,4096.0,208.0,30.7,104.0,828.7,24.58,80.0,1297.0,14.4,78.9,93,11017.6,15708.2,70.1,1224.3,628.3,4352.0,14.4
2026-08-30T21:50:10.332,776.013,2,15386,20,20.02,26.55,37.669,44.125,50.232,27.583,34.854,38.423,,,,,,93.0,75.43,67.0,778.1,4096.0,208.0,30.7,104.0,828.7,24.73,80.0,1237.0,16.4,82.1,93,11027.2,15708.2,70.2,1224.3,628.3,4352.0,14.4
2026-08-30T21:50:11.332,777.013,2,15405,19,19.0,25.3,39.533,48.722,48.889,29.655,38.88,39.015,,,,,,81.0,75.11,59.0,778.1,4096.0,208.0,31.6,104.0,828.7,24.47,80.0,1380.0,14.4,84.0,93,11026.7,15708.2,70.2,1224.3,628.3,4352.0,14.4
2026-08-30T21:50:12.332,778.013,2,15425,20,20.0,26.17,38.219,46.725,50.374,27.919,34.732,39.003,,,,,,80.0,76.43,62.0,778.1,4096.0,208.0,31.6,104.0,828.7,24.68,80.0,1237.0,14.5,82.0,93,11023.0,15708.2,70.2,1224.3,628.3,4352.0,14.4
2026-08-30T21:50:13.332,779.013,2,15445,20,20.0,26.3,38.029,47.479,49.612,28.127,37.367,39.455,,,,,,85.0,76.06,61.0,778.1,4096.0,208.0,31.6,104.0,828.7,24.5,80.0,1237.0,14.5,83.0,93,11020.7,15708.2,70.2,1224.3,628.3,4352.0,14.4
2026-08-30T21:50:14.334,780.015,2,15465,20,19.96,25.78,38.786,48.727,50.305,28.948,38.703,38.866,,,,,,90.0,77.44,65.0,778.1,4096.0,208.0,37.2,104.0,828.7,24.6,80.0,1237.0,14.8,82.8,93,11023.9,15708.2,70.2,1224.3,628.3,4352.0,14.4
2026-08-30T21:50:15.332,781.013,2,15485,20,20.04,26.36,37.938,50.311,50.803,27.889,38.806,38.82,,,,,,92.0,76.02,66.0,778.1,4096.0,208.0,50.3,104.0,828.7,24.62,80.0,1327.0,15.4,82.2,93,11022.3,15708.2,70.2,1224.3,628.3,4352.0,14.4
2026-08-30T21:50:16.332,782.013,2,15504,19,19.0,24.56,40.709,49.845,50.103,30.703,39.084,39.085,,,,,,91.0,77.34,65.0,778.1,4096.0,208.0,31.6,104.0,828.7,24.42,80.0,1237.0,15.1,86.0,93,11019.4,15708.2,70.2,1224.3,628.3,4352.0,14.4
2026-08-30T21:50:17.332,783.013,2,15524,20,20.0,27.37,36.534,43.628,43.913,26.467,32.202,32.218,,,,,,90.0,73.07,65.0,778.1,4096.0,208.0,31.6,104.0,828.7,24.83,80.0,1237.0,13.9,79.0,93,11016.9,15708.2,70.1,1224.3,628.3,4352.0,14.4
2026-08-30T21:50:18.332,784.013,2,15544,20,20.0,26.86,37.231,47.796,49.772,27.48,38.715,38.949,,,,,,81.0,74.46,58.0,778.1,4096.0,208.0,31.6,104.0,828.7,24.79,80.0,1237.0,14.9,79.0,93,11022.5,15708.2,70.2,1224.3,628.3,4352.0,14.4
2026-08-30T21:50:19.334,785.015,2,15564,20,19.97,26.31,38.007,45.523,46.014,27.648,34.756,37.648,,,,,,90.0,75.89,65.0,778.1,4096.0,208.0,56.4,104.0,828.7,24.61,80.0,1237.0,14.2,82.8,93,11022.8,15708.2,70.2,1224.3,628.3,4352.0,14.4
2026-08-30T21:50:20.332,786.013,2,15584,20,20.03,26.26,38.074,48.974,50.526,27.803,37.315,38.783,,,,,,85.0,76.27,63.0,778.1,4096.0,208.0,30.7,104.0,828.7,24.77,80.0,1252.0,21.0,80.1,93,11020.8,15708.2,70.2,1224.3,628.3,4352.0,14.4
2026-08-30T21:50:21.332,787.013,2,15603,19,19.0,25.5,39.218,50.443,50.528,28.97,38.834,39.271,,,,,,90.0,74.5,66.0,778.1,4096.0,208.0,31.6,104.0,828.7,24.34,80.0,1237.0,14.5,85.1,93,11016.2,15708.2,70.1,1224.3,628.3,4352.0,14.4
2026-08-30T21:50:22.332,788.013,2,15623,20,20.0,25.84,38.704,49.349,50.598,28.892,39.034,39.182,,,,,,83.0,77.42,62.0,778.1,4096.0,208.0,31.6,104.0,828.7,24.61,80.0,1237.0,14.9,84.0,93,11025.6,15708.2,70.2,1224.3,628.3,4352.0,14.4
2026-08-30T21:50:23.332,789.013,2,15643,20,20.0,26.11,38.293,47.174,48.145,27.118,35.256,37.183,,,,,,84.0,76.59,67.0,778.1,4096.0,208.0,31.6,104.0,828.7,26.24,81.0,1530.0,25.3,81.0,93,11021.8,15708.2,70.2,1224.3,628.3,4352.0,14.4
2026-08-30T21:50:24.336,790.015,2,15664,20,19.96,26.46,37.788,45.648,45.876,26.873,34.206,35.101,,,,,,84.0,75.43,67.0,778.1,4096.0,208.0,30.7,104.0,828.7,28.9,81.0,1522.0,22.5,82.7,93,11021.4,15708.2,70.2,1224.3,628.3,4352.0,14.4
2026-08-30T21:50:25.332,791.013,2,15683,20,20.04,26.07,38.361,45.159,46.107,27.323,33.92,35.118,,,,,,82.0,76.87,65.0,778.1,4096.0,208.0,31.6,104.0,828.7,28.69,81.0,1500.0,18.7,82.3,93,11022.8,15708.2,70.2,1224.3,628.3,4352.0,14.4
2026-08-30T21:50:26.332,792.013,2,15703,20,20.0,26.81,37.301,45.152,46.017,26.256,33.89,35.223,,,,,,90.0,74.61,67.0,778.1,4096.0,208.0,30.7,104.0,828.7,26.81,81.0,1252.0,21.1,81.0,93,11028.2,15708.2,70.2,1224.3,628.3,4352.0,14.4
2026-08-30T21:50:27.333,793.013,2,15723,20,19.99,27.99,35.724,42.263,42.74,25.388,31.414,31.618,,,,,,90.0,71.43,67.0,778.1,4096.0,208.0,30.7,104.0,828.7,26.27,81.0,1297.0,19.4,77.0,93,11027.7,15708.2,70.2,1224.3,628.3,4352.0,14.4
2026-08-30T21:50:28.333,794.013,2,15742,19,19.0,27.89,35.852,44.909,45.159,25.406,33.964,33.967,,,,,,87.0,68.12,65.0,778.1,4096.0,208.0,31.6,104.0,828.7,26.25,81.0,1275.0,18.7,78.0,93,11038.2,15708.2,70.3,1224.3,628.3,4352.0,14.4
2026-08-30T21:50:29.333,795.014,2,15762,20,19.98,27.93,35.805,44.415,44.742,25.647,33.787,34.001,,,,,,87.0,71.54,64.0,778.1,4096.0,208.0,31.6,104.0,828.7,26.17,81.0,1282.0,15.1,77.0,93,11034.1,15708.2,70.2,1224.3,628.3,4352.0,14.4
2026-08-30T21:50:30.332,796.013,2,15782,20,20.02,26.59,37.612,47.419,48.518,27.585,37.192,37.727,,,,,,79.0,75.32,57.0,778.1,4096.0,208.0,31.6,104.0,828.7,26.05,81.0,1402.0,14.5,81.1,93,11029.1,15708.2,70.2,1224.3,628.3,4352.0,14.4
2026-08-30T21:50:31.332,797.013,2,15802,20,20.0,27.04,36.977,44.98,45.628,25.918,33.799,33.813,,,,,,87.0,73.96,65.0,778.1,4096.0,208.0,39.8,104.0,828.7,26.12,81.0,1282.0,14.8,79.0,93,11027.3,15708.2,70.2,1224.3,628.3,4352.0,14.4
2026-08-30T21:50:32.333,798.013,2,15822,20,20.0,27.13,36.864,45.058,48.805,25.966,34.238,35.942,,,,,,89.0,73.72,66.0,778.1,4096.0,208.0,30.7,104.0,828.7,26.2,81.0,1290.0,14.6,77.8,93,11027.7,15708.2,70.2,1224.3,628.3,4352.0,14.4
2026-08-30T21:50:33.332,799.013,2,15842,20,20.0,26.7,37.455,49.273,49.346,26.669,36.004,36.034,,,,,,92.0,74.92,68.0,778.1,4096.0,208.0,30.7,104.0,828.7,26.18,81.0,1282.0,24.4,81.2,93,11021.4,15708.2,70.2,1224.3,628.3,4352.0,14.4
2026-08-30T21:50:34.333,800.014,2,15862,20,19.98,25.96,38.523,46.819,47.167,28.161,35.685,36.948,,,,,,85.0,76.96,62.0,778.1,4096.0,208.0,30.7,104.0,828.7,26.05,81.0,1402.0,14.9,82.9,93,11022.6,15708.2,70.2,1224.3,628.3,4352.0,14.4
2026-08-30T21:50:35.334,801.013,2,15882,19,19.01,26.15,38.247,45.819,47.038,27.584,34.524,36.163,,,,,,91.0,72.72,68.0,778.1,4096.0,208.0,30.7,104.0,828.7,26.31,81.0,1372.0,15.6,82.9,93,11032.8,15708.2,70.2,1224.3,628.3,4352.0,14.4
2026-08-30T21:50:36.332,802.013,2,15901,20,20.01,25.73,38.872,46.171,47.718,27.525,34.158,34.86,,,,,,90.0,77.77,67.0,778.1,4096.0,208.0,31.6,104.0,828.7,26.31,81.0,1417.0,15.9,83.2,93,11035.0,15708.2,70.2,1224.3,628.3,4352.0,14.4
2026-08-30T21:50:37.332,803.013,2,15917,16,16.0,25.63,39.012,45.441,45.656,28.549,35.413,35.486,,,,,,83.0,62.42,64.0,778.1,4096.0,208.0,30.7,104.0,828.7,25.74,81.0,1410.0,14.0,66.0,93,11033.3,15708.2,70.2,1224.3,628.3,4352.0,14.4
2026-08-30T21:50:38.332,804.013,1,15927,10,10.0,23.91,41.819,45.364,45.676,32.34,35.08,35.635,,,,,,70.0,41.82,54.0,778.1,4096.0,208.0,30.7,104.0,828.7,25.2,81.0,1447.0,12.6,46.0,92,11035.7,15708.2,70.3,1224.5,628.3,4352.0,14.4
2026-08-30T21:50:39.333,805.014,1,15937,10,9.99,25.79,38.776,43.022,43.057,30.478,33.313,33.316,,,,,,70.0,38.74,54.0,778.1,4096.0,208.0,30.7,104.0,828.7,25.0,81.0,1492.0,15.6,43.0,92,11051.5,15708.2,70.4,1224.5,628.3,4352.0,14.4
2026-08-30T21:50:40.332,806.013,1,15946,9,9.01,24.41,40.964,44.731,45.454,30.665,34.55,35.418,,,,,,69.0,36.91,53.0,778.1,4096.0,208.0,31.6,104.0,828.7,24.85,81.0,1500.0,12.1,45.0,92,11050.5,15708.2,70.3,1224.5,628.3,4352.0,14.4
2026-08-30T21:50:41.332,807.013,1,15956,10,10.0,26.07,38.362,44.364,44.913,28.746,34.228,34.796,,,,,,84.0,38.36,61.0,778.1,4096.0,208.0,31.6,104.0,828.7,25.08,81.0,1417.0,11.8,41.0,92,11047.5,15708.2,70.3,1224.5,628.3,4352.0,14.4
2026-08-30T21:50:42.332,808.013,0,15957,1,1.0,22.67,44.114,44.114,44.114,35.441,35.441,35.441,,,,,,59.0,4.41,46.0,778.1,4096.0,208.0,30.7,104.0,828.7,24.65,81.0,1350.0,10.8,3.0,91,11077.1,15708.2,70.5,1224.5,628.3,4352.0,14.4
2026-08-30T21:50:43.332,809.013,0,15957,0,0.0,,,,,,,,,,,,,71.0,,53.0,778.1,4096.0,208.0,30.7,104.0,828.7,24.6,81.0,1425.0,9.2,1.0,91,11067.1,15708.2,70.5,1224.5,628.3,4352.0,14.4
2026-08-30T21:50:44.333,810.014,0,15957,0,0.0,,,,,,,,,,,,,68.0,,55.0,778.1,4096.0,208.0,30.7,104.0,828.7,24.65,81.0,1470.0,9.2,2.0,91,11052.7,15708.2,70.4,1224.5,628.3,4352.0,14.4
2026-08-30T21:50:45.332,811.013,0,15957,0,0.0,,,,,,,,,,,,,73.0,,57.0,778.1,4096.0,208.0,30.7,104.0,828.7,24.77,81.0,1432.0,9.0,0.0,91,11049.7,15708.2,70.3,1224.5,628.3,4352.0,14.4
2026-08-30T21:50:46.332,812.013,0,15957,0,0.0,,,,,,,,,,,,,71.0,,53.0,778.1,4096.0,208.0,30.7,104.0,828.7,24.71,80.0,1425.0,8.2,1.0,91,11048.0,15708.2,70.3,1224.5,628.3,4352.0,14.4
2026-08-30T21:50:47.332,813.013,0,15957,0,0.0,,,,,,,,,,,,,65.0,,48.0,778.1,4096.0,208.0,30.7,104.0,828.7,24.65,81.0,1350.0,9.0,0.0,91,11061.6,15708.2,70.4,1224.5,628.3,4352.0,14.4
2026-08-30T21:50:48.332,814.013,0,15957,0,0.0,,,,,,,,,,,,,64.0,,51.0,778.1,4096.0,208.0,30.7,104.0,828.7,24.51,81.0,1387.0,9.3,1.0,91,11065.3,15708.2,70.4,1224.5,628.3,4352.0,14.4
2026-08-30T21:50:49.333,815.014,0,15957,0,0.0,,,,,,,,,,,,,69.0,,55.0,778.1,4096.0,208.0,30.7,104.0,828.7,24.47,81.0,1462.0,9.6,1.0,91,11062.9,15708.2,70.4,1224.5,628.3,4352.0,14.4
2026-08-30T21:50:50.332,816.013,0,15957,0,0.0,,,,,,,,,,,,,71.0,,53.0,778.1,4096.0,208.0,30.7,104.0,828.7,24.55,80.0,1455.0,8.3,1.0,91,11057.2,15708.2,70.4,1224.5,628.3,4352.0,14.4
2026-08-30T21:50:51.332,817.013,0,15957,0,0.0,,,,,,,,,,,,,60.0,,49.0,778.1,4096.0,208.0,30.7,104.0,828.7,24.23,80.0,1305.0,8.9,0.0,91,11059.5,15708.2,70.4,1224.5,628.3,4352.0,14.4
2026-08-30T21:50:52.332,818.013,0,15957,0,0.0,,,,,,,,,,,,,58.0,,46.0,778.1,4096.0,208.0,30.7,104.0,828.7,23.86,80.0,1297.0,9.0,1.0,91,11050.8,15708.2,70.4,1224.5,628.3,4352.0,14.4
2026-08-30T21:50:53.332,819.013,0,15957,0,0.0,,,,,,,,,,,,,55.0,,44.0,778.1,4096.0,208.0,30.7,104.0,828.7,23.79,80.0,1282.0,10.2,0.0,91,11065.2,15708.2,70.4,1224.5,628.3,4352.0,14.4
2026-08-30T21:50:54.333,820.014,0,15957,0,0.0,,,,,,,,,,,,,66.0,,51.0,778.1,4096.0,208.0,30.7,104.0,828.7,24.01,80.0,1455.0,9.2,2.0,91,11066.0,15708.2,70.4,1224.5,628.3,4352.0,14.4
2026-08-30T21:50:55.332,821.013,0,15957,0,0.0,,,,,,,,,,,,,53.0,,43.0,778.1,4096.0,208.0,30.7,104.0,828.7,23.98,80.0,1305.0,10.2,0.0,91,11028.4,15708.2,70.2,1224.5,628.3,4352.0,14.4
2026-08-30T21:50:56.332,822.013,0,15957,0,0.0,,,,,,,,,,,,,67.0,,53.0,778.1,4096.0,208.0,30.7,104.0,828.7,23.95,80.0,1470.0,9.8,0.0,91,11025.9,15708.2,70.2,1224.5,628.3,4352.0,14.4
2026-08-30T21:50:57.332,823.013,0,15957,0,0.0,,,,,,,,,,,,,57.0,,44.0,778.1,4096.0,208.0,30.7,104.0,828.7,24.32,80.0,1485.0,9.0,1.0,91,11033.6,15708.2,70.2,1224.5,628.3,4352.0,14.4
2026-08-30T21:50:58.332,824.013,0,15957,0,0.0,,,,,,,,,,,,,55.0,,43.0,778.1,4096.0,208.0,30.7,104.0,828.7,24.56,80.0,1417.0,9.7,1.0,91,11028.0,15708.2,70.2,1224.5,628.3,4352.0,14.4
2026-08-30T21:50:59.333,825.014,0,15957,0,0.0,,,,,,,,,,,,,56.0,,45.0,778.1,4096.0,208.0,30.7,104.0,828.7,24.03,80.0,1282.0,9.0,0.0,91,11026.2,15708.2,70.2,1224.5,628.3,4352.0,14.4
2026-08-30T21:51:00.332,826.013,0,15957,0,0.0,,,,,,,,,,,,,57.0,,46.0,778.1,4096.0,208.0,30.7,104.0,828.7,23.79,80.0,1305.0,9.5,2.0,91,11024.9,15708.2,70.2,1224.5,628.3,4352.0,14.4
2026-08-30T21:51:01.332,827.013,0,15957,0,0.0,,,,,,,,,,,,,60.0,,47.0,778.1,4096.0,208.0,30.7,104.0,828.7,23.81,80.0,1305.0,8.6,0.0,91,11024.3,15708.2,70.2,1224.5,628.3,4352.0,14.4
2026-08-30T21:51:02.332,828.013,0,15957,0,0.0,,,,,,,,,,,,,64.0,,51.0,778.1,4096.0,208.0,30.7,104.0,828.7,24.01,80.0,1387.0,8.8,0.0,91,11022.7,15708.2,70.2,1224.5,628.3,4352.0,14.4
2026-08-30T21:51:03.332,829.013,0,15957,0,0.0,,,,,,,,,,,,,55.0,,44.0,778.1,4096.0,208.0,30.7,104.0,828.7,24.38,80.0,1477.0,8.7,1.0,91,11024.6,15708.2,70.2,1224.5,628.3,4352.0,14.4
2026-08-30T21:51:04.333,830.014,0,15957,0,0.0,,,,,,,,,,,,,53.0,,41.0,778.1,4096.0,208.0,30.7,104.0,828.7,23.97,80.0,1395.0,10.1,1.0,91,11019.6,15708.2,70.2,1224.5,628.3,4352.0,14.4
2026-08-30T21:51:05.332,831.013,0,15957,0,0.0,,,,,,,,,,,,,64.0,,48.0,778.1,4096.0,208.0,30.7,104.0,828.7,24.02,80.0,1305.0,11.6,1.0,91,11040.2,15708.2,70.3,1224.5,628.3,4352.0,14.4
2026-08-30T21:51:06.332,832.013,0,15957,0,0.0,,,,,,,,,,,,,60.0,,48.0,778.1,4096.0,208.0,30.7,104.0,828.7,23.96,80.0,1470.0,9.6,0.0,91,11032.1,15708.2,70.2,1224.5,628.3,4352.0,14.4
2026-08-30T21:51:07.332,833.013,0,15957,0,0.0,,,,,,,,,,,,,56.0,,45.0,778.1,4096.0,208.0,30.7,104.0,828.7,23.77,80.0,1485.0,13.7,1.0,91,11003.4,15708.2,70.0,1224.5,628.3,4352.0,14.4
2026-08-30T21:51:08.332,834.013,0,15957,0,0.0,,,,,,,,,,,,,66.0,,50.0,778.1,4096.0,208.0,30.7,104.0,828.7,24.08,80.0,1305.0,16.8,0.0,91,11034.7,15708.2,70.2,1224.5,628.3,4352.0,14.4
2026-08-30T21:51:09.333,835.014,0,15957,0,0.0,,,,,,,,,,,,,65.0,,48.0,778.1,4096.0,208.0,30.7,104.0,828.7,23.96,80.0,1350.0,8.6,1.0,91,11018.2,15708.2,70.1,1224.5,628.3,4352.0,14.4
2026-08-30T21:51:10.332,836.013,0,15957,0,0.0,,,,,,,,,,,,,71.0,,57.0,778.1,4096.0,208.0,30.7,104.0,828.7,24.59,80.0,1312.0,10.6,0.0,91,11012.4,15708.2,70.1,1224.5,628.3,4352.0,14.4
2026-08-30T21:51:11.332,837.013,0,15957,0,0.0,,,,,,,,,,,,,64.0,,47.0,778.1,4096.0,208.0,30.7,104.0,828.7,24.17,80.0,1410.0,20.5,1.0,91,11023.4,15708.2,70.2,1224.5,628.3,4352.0,14.4
2026-08-30T21:51:12.332,838.013,0,15957,0,0.0,,,,,,,,,,,,,63.0,,47.0,778.1,4096.0,208.0,30.7,104.0,828.7,24.39,80.0,1447.0,9.9,1.0,91,11020.0,15708.2,70.2,1224.5,628.3,4352.0,14.4
2026-08-30T21:51:13.332,839.013,0,15957,0,0.0,,,,,,,,,,,,,61.0,,46.0,778.1,4096.0,208.0,30.7,104.0,828.7,24.35,80.0,1462.0,9.5,1.0,91,11015.7,15708.2,70.1,1224.5,628.3,4352.0,14.4
2026-08-30T21:51:14.333,840.014,0,15957,0,0.0,,,,,,,,,,,,,55.0,,44.0,778.1,4096.0,208.0,30.7,104.0,828.7,24.42,80.0,1440.0,10.9,1.0,91,10882.6,15708.2,69.3,1224.5,628.3,4352.0,14.4
2026-08-30T21:51:15.332,841.013,0,15957,0,0.0,,,,,,,,,,,,,58.0,,46.0,778.1,4096.0,208.0,30.7,104.0,828.7,24.28,80.0,1447.0,8.3,0.0,91,10871.8,15708.2,69.2,1224.4,628.3,4352.0,14.4
2026-08-30T21:51:16.332,842.013,0,15957,0,0.0,,,,,,,,,,,,,60.0,,47.0,778.1,4096.0,208.0,30.7,104.0,828.7,24.32,80.0,1447.0,9.3,2.0,91,10850.4,15708.2,69.1,1224.4,628.3,4352.0,14.4
2026-08-30T21:51:17.332,843.013,0,15957,0,0.0,,,,,,,,,,,,,55.0,,44.0,778.1,4096.0,208.0,30.7,104.0,828.7,24.12,80.0,1425.0,9.9,0.0,91,10841.3,15708.2,69.0,1224.3,628.3,4352.0,14.4
2026-08-30T21:51:18.332,844.013,0,15957,0,0.0,,,,,,,,,,,,,69.0,,52.0,778.1,4096.0,208.0,30.7,104.0,828.7,24.19,80.0,1297.0,8.4,1.0,91,10843.2,15708.2,69.0,1224.3,628.3,4352.0,14.4
